"","scenario","property_id","poi_id","poi_name"
"1","Breaks",217249,37,"Hamilton Bay (Rocky Creek) Ramp"
"2","Breaks",256268,26,"Nikau Cove Doc Camp"
"3","Breaks",256269,26,"Nikau Cove Doc Camp"
"4","Breaks",261542,12,"Oyster Bay"
"5","Breaks",264196,17,"Kaiuma Bay"
"6","Breaks",3594817,41,"Okiwi Bay"
"7","Breaks",3595186,34,"Cissy Bay"
"8","Breaks",3595407,39,"Elaine Bay Boat Ramp"
"9","Breaks",3595421,41,"Okiwi Bay"
"10","Breaks",3595473,41,"Okiwi Bay"
"11","Breaks",3595536,36,"Kapowai Bay (D'urville Island)"
"12","Breaks",3595658,41,"Okiwi Bay"
"13","Breaks",3595660,36,"Kapowai Bay (D'urville Island)"
"14","Breaks",3595695,34,"Cissy Bay"
"15","Breaks",3595768,36,"Kapowai Bay (D'urville Island)"
"16","Breaks",3595769,34,"Cissy Bay"
"17","Breaks",3595862,36,"Kapowai Bay (D'urville Island)"
"18","Breaks",3596206,36,"Kapowai Bay (D'urville Island)"
"19","Breaks",3596421,41,"Okiwi Bay"
"20","Breaks",3596422,41,"Okiwi Bay"
"21","Breaks",3596543,38,"Bulwer Bay"
"22","Breaks",3596599,17,"Kaiuma Bay"
"23","Breaks",3596619,38,"Bulwer Bay"
"24","Breaks",3596824,38,"Bulwer Bay"
"25","Breaks",3596855,39,"Elaine Bay Boat Ramp"
"26","Breaks",3596890,37,"Hamilton Bay (Rocky Creek) Ramp"
"27","Breaks",3597042,35,"Elmslie Bay (French Pass)"
"28","Breaks",3597297,41,"Okiwi Bay"
"29","Breaks",3597302,37,"Hamilton Bay (Rocky Creek) Ramp"
"30","Breaks",3597546,41,"Okiwi Bay"
"31","Breaks",3597577,34,"Cissy Bay"
"32","Breaks",3598060,41,"Okiwi Bay"
"33","Breaks",3598122,41,"Okiwi Bay"
"34","Breaks",3598146,34,"Cissy Bay"
"35","Breaks",3598294,14,"Elaine Bay"
"36","Breaks",3598295,37,"Hamilton Bay (Rocky Creek) Ramp"
"37","Breaks",3598335,17,"Kaiuma Bay"
"38","Breaks",3598338,34,"Cissy Bay"
"39","Breaks",3598457,38,"Bulwer Bay"
"40","Breaks",3598949,35,"Elmslie Bay (French Pass)"
"41","Breaks",3599005,38,"Bulwer Bay"
"42","Breaks",3599194,41,"Okiwi Bay"
"43","Breaks",3599333,38,"Bulwer Bay"
"44","Breaks",3599337,34,"Cissy Bay"
"45","Breaks",3599338,37,"Hamilton Bay (Rocky Creek) Ramp"
"46","Breaks",3599341,39,"Elaine Bay Boat Ramp"
"47","Breaks",3599345,39,"Elaine Bay Boat Ramp"
"48","Breaks",3599385,41,"Okiwi Bay"
"49","Breaks",3599571,38,"Bulwer Bay"
"50","Breaks",3599594,41,"Okiwi Bay"
"51","Breaks",3599747,38,"Bulwer Bay"
"52","Breaks",3599884,34,"Cissy Bay"
"53","Breaks",3599891,35,"Elmslie Bay (French Pass)"
"54","Breaks",3600079,39,"Elaine Bay Boat Ramp"
"55","Breaks",3600099,39,"Elaine Bay Boat Ramp"
"56","Breaks",3600104,39,"Elaine Bay Boat Ramp"
"57","Breaks",3600229,37,"Hamilton Bay (Rocky Creek) Ramp"
"58","Breaks",3600412,35,"Elmslie Bay (French Pass)"
"59","Breaks",3600562,37,"Hamilton Bay (Rocky Creek) Ramp"
"60","Breaks",3600574,38,"Bulwer Bay"
"61","Breaks",3600645,39,"Elaine Bay Boat Ramp"
"62","Breaks",3600699,39,"Elaine Bay Boat Ramp"
"63","Breaks",3600721,41,"Okiwi Bay"
"64","Breaks",3600758,36,"Kapowai Bay (D'urville Island)"
"65","Breaks",3600773,41,"Okiwi Bay"
"66","Breaks",3600918,41,"Okiwi Bay"
"67","Breaks",3601041,37,"Hamilton Bay (Rocky Creek) Ramp"
"68","Breaks",3601059,39,"Elaine Bay Boat Ramp"
"69","Breaks",3601288,34,"Cissy Bay"
"70","Breaks",3601693,41,"Okiwi Bay"
"71","Breaks",3601734,36,"Kapowai Bay (D'urville Island)"
"72","Breaks",3601795,41,"Okiwi Bay"
"73","Breaks",3601855,37,"Hamilton Bay (Rocky Creek) Ramp"
"74","Breaks",3601867,38,"Bulwer Bay"
"75","Breaks",3602104,39,"Elaine Bay Boat Ramp"
"76","Breaks",3602336,41,"Okiwi Bay"
"77","Breaks",3602433,37,"Hamilton Bay (Rocky Creek) Ramp"
"78","Breaks",3602858,36,"Kapowai Bay (D'urville Island)"
"79","Breaks",3603026,17,"Kaiuma Bay"
"80","Breaks",3603059,41,"Okiwi Bay"
"81","Breaks",3603110,37,"Hamilton Bay (Rocky Creek) Ramp"
"82","Breaks",3603504,35,"Elmslie Bay (French Pass)"
"83","Breaks",3603582,41,"Okiwi Bay"
"84","Breaks",3603632,41,"Okiwi Bay"
"85","Breaks",3603758,37,"Hamilton Bay (Rocky Creek) Ramp"
"86","Breaks",3603977,41,"Okiwi Bay"
"87","Breaks",3604156,41,"Okiwi Bay"
"88","Breaks",3604246,41,"Okiwi Bay"
"89","Breaks",3604401,41,"Okiwi Bay"
"90","Breaks",3604441,41,"Okiwi Bay"
"91","Breaks",3604477,34,"Cissy Bay"
"92","Breaks",3604481,34,"Cissy Bay"
"93","Breaks",3604618,34,"Cissy Bay"
"94","Breaks",3604689,36,"Kapowai Bay (D'urville Island)"
"95","Breaks",3604710,41,"Okiwi Bay"
"96","Breaks",3604894,38,"Bulwer Bay"
"97","Breaks",3605053,37,"Hamilton Bay (Rocky Creek) Ramp"
"98","Breaks",3605096,41,"Okiwi Bay"
"99","Breaks",3605134,39,"Elaine Bay Boat Ramp"
"100","Breaks",3605210,17,"Kaiuma Bay"
"101","Breaks",3605282,37,"Hamilton Bay (Rocky Creek) Ramp"
"102","Breaks",3605347,41,"Okiwi Bay"
"103","Breaks",3605378,39,"Elaine Bay Boat Ramp"
"104","Breaks",3605475,41,"Okiwi Bay"
"105","Breaks",3605670,38,"Bulwer Bay"
"106","Breaks",3605963,41,"Okiwi Bay"
"107","Breaks",3605969,41,"Okiwi Bay"
"108","Breaks",3606059,37,"Hamilton Bay (Rocky Creek) Ramp"
"109","Breaks",3606161,36,"Kapowai Bay (D'urville Island)"
"110","Breaks",3606231,34,"Cissy Bay"
"111","Breaks",3606425,36,"Kapowai Bay (D'urville Island)"
"112","Breaks",3606469,41,"Okiwi Bay"
"113","Breaks",3606484,39,"Elaine Bay Boat Ramp"
"114","Breaks",3606571,35,"Elmslie Bay (French Pass)"
"115","Breaks",3606662,35,"Elmslie Bay (French Pass)"
"116","Breaks",3606755,37,"Hamilton Bay (Rocky Creek) Ramp"
"117","Breaks",3607225,35,"Elmslie Bay (French Pass)"
"118","Breaks",3607413,41,"Okiwi Bay"
"119","Breaks",3607425,41,"Okiwi Bay"
"120","Breaks",3607438,41,"Okiwi Bay"
"121","Breaks",3607575,36,"Kapowai Bay (D'urville Island)"
"122","Breaks",3607796,39,"Elaine Bay Boat Ramp"
"123","Breaks",3607879,41,"Okiwi Bay"
"124","Breaks",3608093,41,"Okiwi Bay"
"125","Breaks",3608220,35,"Elmslie Bay (French Pass)"
"126","Breaks",3608307,37,"Hamilton Bay (Rocky Creek) Ramp"
"127","Breaks",3608499,14,"Elaine Bay"
"128","Breaks",3608652,37,"Hamilton Bay (Rocky Creek) Ramp"
"129","Breaks",3608733,41,"Okiwi Bay"
"130","Breaks",3608891,34,"Cissy Bay"
"131","Breaks",3608967,17,"Kaiuma Bay"
"132","Breaks",3608981,39,"Elaine Bay Boat Ramp"
"133","Breaks",3609006,37,"Hamilton Bay (Rocky Creek) Ramp"
"134","Breaks",3609237,38,"Bulwer Bay"
"135","Breaks",3609245,34,"Cissy Bay"
"136","Breaks",3609247,34,"Cissy Bay"
"137","Breaks",3609313,39,"Elaine Bay Boat Ramp"
"138","Breaks",3609781,34,"Cissy Bay"
"139","Breaks",3609830,36,"Kapowai Bay (D'urville Island)"
"140","Breaks",3609842,41,"Okiwi Bay"
"141","Breaks",3609860,41,"Okiwi Bay"
"142","Breaks",3609916,39,"Elaine Bay Boat Ramp"
"143","Breaks",3609995,36,"Kapowai Bay (D'urville Island)"
"144","Breaks",3610012,36,"Kapowai Bay (D'urville Island)"
"145","Breaks",3610015,34,"Cissy Bay"
"146","Breaks",3610040,39,"Elaine Bay Boat Ramp"
"147","Breaks",3610046,41,"Okiwi Bay"
"148","Breaks",3610048,35,"Elmslie Bay (French Pass)"
"149","Breaks",3610138,38,"Bulwer Bay"
"150","Breaks",3610220,38,"Bulwer Bay"
"151","Breaks",3610251,37,"Hamilton Bay (Rocky Creek) Ramp"
"152","Breaks",3610493,41,"Okiwi Bay"
"153","Breaks",3610534,37,"Hamilton Bay (Rocky Creek) Ramp"
"154","Breaks",3610569,41,"Okiwi Bay"
"155","Breaks",3610570,41,"Okiwi Bay"
"156","Breaks",3610571,41,"Okiwi Bay"
"157","Breaks",3610609,41,"Okiwi Bay"
"158","Breaks",3610721,41,"Okiwi Bay"
"159","Breaks",3610923,37,"Hamilton Bay (Rocky Creek) Ramp"
"160","Breaks",3611981,35,"Elmslie Bay (French Pass)"
"161","Breaks",3612027,41,"Okiwi Bay"
"162","Breaks",3612080,41,"Okiwi Bay"
"163","Breaks",3612204,39,"Elaine Bay Boat Ramp"
"164","Breaks",3612242,41,"Okiwi Bay"
"165","Breaks",3612372,39,"Elaine Bay Boat Ramp"
"166","Breaks",3612578,36,"Kapowai Bay (D'urville Island)"
"167","Breaks",3612627,38,"Bulwer Bay"
"168","Breaks",3612748,39,"Elaine Bay Boat Ramp"
"169","Breaks",3613035,41,"Okiwi Bay"
"170","Breaks",3613064,41,"Okiwi Bay"
"171","Breaks",3613070,41,"Okiwi Bay"
"172","Breaks",3613071,41,"Okiwi Bay"
"173","Breaks",3613072,41,"Okiwi Bay"
"174","Breaks",3613218,39,"Elaine Bay Boat Ramp"
"175","Breaks",3613219,38,"Bulwer Bay"
"176","Breaks",3613597,39,"Elaine Bay Boat Ramp"
"177","Breaks",3613744,38,"Bulwer Bay"
"178","Breaks",3614235,41,"Okiwi Bay"
"179","Breaks",3614236,41,"Okiwi Bay"
"180","Breaks",3614295,38,"Bulwer Bay"
"181","Breaks",3614421,36,"Kapowai Bay (D'urville Island)"
"182","Breaks",3614590,39,"Elaine Bay Boat Ramp"
"183","Breaks",3614596,37,"Hamilton Bay (Rocky Creek) Ramp"
"184","Breaks",3615014,14,"Elaine Bay"
"185","Breaks",3615383,34,"Cissy Bay"
"186","Breaks",3615564,41,"Okiwi Bay"
"187","Breaks",3615719,36,"Kapowai Bay (D'urville Island)"
"188","Breaks",3615720,34,"Cissy Bay"
"189","Breaks",3615721,34,"Cissy Bay"
"190","Breaks",3615808,34,"Cissy Bay"
"191","Breaks",3615835,41,"Okiwi Bay"
"192","Breaks",3615855,41,"Okiwi Bay"
"193","Breaks",3616073,37,"Hamilton Bay (Rocky Creek) Ramp"
"194","Breaks",3616141,41,"Okiwi Bay"
"195","Breaks",3616143,41,"Okiwi Bay"
"196","Breaks",3616326,41,"Okiwi Bay"
"197","Breaks",3616334,41,"Okiwi Bay"
"198","Breaks",3616498,34,"Cissy Bay"
"199","Breaks",3616503,35,"Elmslie Bay (French Pass)"
"200","Breaks",3616539,41,"Okiwi Bay"
"201","Breaks",3616605,36,"Kapowai Bay (D'urville Island)"
"202","Breaks",3616751,39,"Elaine Bay Boat Ramp"
"203","Breaks",3616788,35,"Elmslie Bay (French Pass)"
"204","Breaks",3616874,39,"Elaine Bay Boat Ramp"
"205","Breaks",3617032,41,"Okiwi Bay"
"206","Breaks",3617034,41,"Okiwi Bay"
"207","Breaks",3617148,38,"Bulwer Bay"
"208","Breaks",3617184,36,"Kapowai Bay (D'urville Island)"
"209","Breaks",3617434,39,"Elaine Bay Boat Ramp"
"210","Breaks",3617663,17,"Kaiuma Bay"
"211","Breaks",3617762,41,"Okiwi Bay"
"212","Breaks",3618068,34,"Cissy Bay"
"213","Breaks",3618082,41,"Okiwi Bay"
"214","Breaks",3618146,34,"Cissy Bay"
"215","Breaks",3618427,34,"Cissy Bay"
"216","Breaks",3618510,36,"Kapowai Bay (D'urville Island)"
"217","Breaks",3618834,41,"Okiwi Bay"
"218","Breaks",3618957,34,"Cissy Bay"
"219","Breaks",3619002,35,"Elmslie Bay (French Pass)"
"220","Breaks",3619009,41,"Okiwi Bay"
"221","Breaks",3619239,38,"Bulwer Bay"
"222","Breaks",3619547,39,"Elaine Bay Boat Ramp"
"223","Breaks",3619892,37,"Hamilton Bay (Rocky Creek) Ramp"
"224","Breaks",3619958,34,"Cissy Bay"
"225","Breaks",3620333,41,"Okiwi Bay"
"226","Breaks",3620346,34,"Cissy Bay"
"227","Breaks",3620640,41,"Okiwi Bay"
"228","Breaks",3620689,41,"Okiwi Bay"
"229","Breaks",3620722,41,"Okiwi Bay"
"230","Breaks",3620905,41,"Okiwi Bay"
"231","Breaks",3620934,41,"Okiwi Bay"
"232","Breaks",3621047,41,"Okiwi Bay"
"233","Breaks",3621200,41,"Okiwi Bay"
"234","Breaks",3621273,38,"Bulwer Bay"
"235","Breaks",3621274,38,"Bulwer Bay"
"236","Breaks",3621291,37,"Hamilton Bay (Rocky Creek) Ramp"
"237","Breaks",3621419,38,"Bulwer Bay"
"238","Breaks",3621637,37,"Hamilton Bay (Rocky Creek) Ramp"
"239","Breaks",3621638,38,"Bulwer Bay"
"240","Breaks",3621642,38,"Bulwer Bay"
"241","Breaks",3621721,34,"Cissy Bay"
"242","Breaks",3621837,41,"Okiwi Bay"
"243","Breaks",3621857,39,"Elaine Bay Boat Ramp"
"244","Breaks",3622010,36,"Kapowai Bay (D'urville Island)"
"245","Breaks",3622185,41,"Okiwi Bay"
"246","Breaks",3622326,41,"Okiwi Bay"
"247","Breaks",3622346,41,"Okiwi Bay"
"248","Breaks",3622360,34,"Cissy Bay"
"249","Breaks",3622719,17,"Kaiuma Bay"
"250","Breaks",3622760,41,"Okiwi Bay"
"251","Breaks",3622840,41,"Okiwi Bay"
"252","Breaks",3622847,34,"Cissy Bay"
"253","Breaks",3622852,35,"Elmslie Bay (French Pass)"
"254","Breaks",3622892,41,"Okiwi Bay"
"255","Breaks",3622954,34,"Cissy Bay"
"256","Breaks",3623126,41,"Okiwi Bay"
"257","Breaks",3623146,36,"Kapowai Bay (D'urville Island)"
"258","Breaks",3623178,34,"Cissy Bay"
"259","Breaks",3623197,41,"Okiwi Bay"
"260","Breaks",3623203,39,"Elaine Bay Boat Ramp"
"261","Breaks",3623212,39,"Elaine Bay Boat Ramp"
"262","Breaks",3623266,41,"Okiwi Bay"
"263","Breaks",3623271,35,"Elmslie Bay (French Pass)"
"264","Breaks",3623365,35,"Elmslie Bay (French Pass)"
"265","Breaks",3623594,35,"Elmslie Bay (French Pass)"
"266","Breaks",3623600,35,"Elmslie Bay (French Pass)"
"267","Breaks",3623840,39,"Elaine Bay Boat Ramp"
"268","Breaks",3624116,35,"Elmslie Bay (French Pass)"
"269","Breaks",3624125,41,"Okiwi Bay"
"270","Breaks",3624266,37,"Hamilton Bay (Rocky Creek) Ramp"
"271","Breaks",3624273,41,"Okiwi Bay"
"272","Breaks",3624397,39,"Elaine Bay Boat Ramp"
"273","Breaks",3624400,39,"Elaine Bay Boat Ramp"
"274","Breaks",3624686,41,"Okiwi Bay"
"275","Breaks",3624715,37,"Hamilton Bay (Rocky Creek) Ramp"
"276","Breaks",3624944,34,"Cissy Bay"
"277","Breaks",3624987,34,"Cissy Bay"
"278","Breaks",3625413,38,"Bulwer Bay"
"279","Breaks",3625473,38,"Bulwer Bay"
"280","Breaks",3625480,14,"Elaine Bay"
"281","Breaks",3625560,41,"Okiwi Bay"
"282","Breaks",3625587,39,"Elaine Bay Boat Ramp"
"283","Breaks",3625715,14,"Elaine Bay"
"284","Breaks",3625770,37,"Hamilton Bay (Rocky Creek) Ramp"
"285","Breaks",3625772,39,"Elaine Bay Boat Ramp"
"286","Breaks",3625907,14,"Elaine Bay"
"287","Breaks",3626076,38,"Bulwer Bay"
"288","Breaks",3626188,35,"Elmslie Bay (French Pass)"
"289","Breaks",3626448,36,"Kapowai Bay (D'urville Island)"
"290","Breaks",3626449,36,"Kapowai Bay (D'urville Island)"
"291","Breaks",3626551,39,"Elaine Bay Boat Ramp"
"292","Breaks",3626641,41,"Okiwi Bay"
"293","Breaks",3626666,38,"Bulwer Bay"
"294","Breaks",3626669,38,"Bulwer Bay"
"295","Breaks",3626770,41,"Okiwi Bay"
"296","Breaks",3626794,41,"Okiwi Bay"
"297","Breaks",3626846,37,"Hamilton Bay (Rocky Creek) Ramp"
"298","Breaks",3626909,34,"Cissy Bay"
"299","Breaks",3626920,38,"Bulwer Bay"
"300","Breaks",3627074,41,"Okiwi Bay"
"301","Breaks",3627111,41,"Okiwi Bay"
"302","Breaks",3627151,37,"Hamilton Bay (Rocky Creek) Ramp"
"303","Breaks",3627180,41,"Okiwi Bay"
"304","Breaks",3627182,41,"Okiwi Bay"
"305","Breaks",3627354,38,"Bulwer Bay"
"306","Breaks",3627471,34,"Cissy Bay"
"307","Breaks",3627585,38,"Bulwer Bay"
"308","Breaks",3627596,41,"Okiwi Bay"
"309","Breaks",3628054,34,"Cissy Bay"
"310","Breaks",3628284,38,"Bulwer Bay"
"311","Breaks",3628376,41,"Okiwi Bay"
"312","Breaks",3628732,36,"Kapowai Bay (D'urville Island)"
"313","Breaks",3628740,34,"Cissy Bay"
"314","Breaks",3629257,38,"Bulwer Bay"
"315","Breaks",3629304,41,"Okiwi Bay"
"316","Breaks",3629957,39,"Elaine Bay Boat Ramp"
"317","Breaks",3630168,41,"Okiwi Bay"
"318","Breaks",3630389,38,"Bulwer Bay"
"319","Breaks",3630394,17,"Kaiuma Bay"
"320","Breaks",3630561,41,"Okiwi Bay"
"321","Breaks",3630564,35,"Elmslie Bay (French Pass)"
"322","Breaks",3630700,35,"Elmslie Bay (French Pass)"
"323","Breaks",3630806,38,"Bulwer Bay"
"324","Breaks",3630959,41,"Okiwi Bay"
"325","Breaks",3631391,14,"Elaine Bay"
"326","Breaks",3631602,41,"Okiwi Bay"
"327","Breaks",3632354,41,"Okiwi Bay"
"328","Breaks",3632426,41,"Okiwi Bay"
"329","Breaks",3632456,34,"Cissy Bay"
"330","Breaks",3632469,39,"Elaine Bay Boat Ramp"
"331","Breaks",3632475,39,"Elaine Bay Boat Ramp"
"332","Breaks",3632477,34,"Cissy Bay"
"333","Breaks",3632478,39,"Elaine Bay Boat Ramp"
"334","Breaks",3632544,41,"Okiwi Bay"
"335","Breaks",3632685,39,"Elaine Bay Boat Ramp"
"336","Breaks",3632802,38,"Bulwer Bay"
"337","Breaks",3632974,41,"Okiwi Bay"
"338","Breaks",3633009,41,"Okiwi Bay"
"339","Breaks",3633024,38,"Bulwer Bay"
"340","Breaks",3633169,41,"Okiwi Bay"
"341","Breaks",3633234,34,"Cissy Bay"
"342","Breaks",3633251,35,"Elmslie Bay (French Pass)"
"343","Breaks",3633259,37,"Hamilton Bay (Rocky Creek) Ramp"
"344","Breaks",3633299,37,"Hamilton Bay (Rocky Creek) Ramp"
"345","Breaks",3633383,36,"Kapowai Bay (D'urville Island)"
"346","Breaks",3633498,39,"Elaine Bay Boat Ramp"
"347","Breaks",3633513,36,"Kapowai Bay (D'urville Island)"
"348","Breaks",3633520,39,"Elaine Bay Boat Ramp"
"349","Breaks",3633531,38,"Bulwer Bay"
"350","Breaks",3633578,41,"Okiwi Bay"
"351","Breaks",3633615,37,"Hamilton Bay (Rocky Creek) Ramp"
"352","Breaks",3633851,41,"Okiwi Bay"
"353","Breaks",3633864,41,"Okiwi Bay"
"354","Breaks",3634373,37,"Hamilton Bay (Rocky Creek) Ramp"
"355","Breaks",3634392,38,"Bulwer Bay"
"356","Breaks",3634479,38,"Bulwer Bay"
"357","Breaks",3634502,39,"Elaine Bay Boat Ramp"
"358","Breaks",3634556,41,"Okiwi Bay"
"359","Breaks",3634610,41,"Okiwi Bay"
"360","Breaks",3634623,37,"Hamilton Bay (Rocky Creek) Ramp"
"361","Breaks",3634958,39,"Elaine Bay Boat Ramp"
"362","Breaks",3635102,41,"Okiwi Bay"
"363","Breaks",3635134,34,"Cissy Bay"
"364","Breaks",3635197,34,"Cissy Bay"
"365","Breaks",3635354,41,"Okiwi Bay"
"366","Breaks",3635425,37,"Hamilton Bay (Rocky Creek) Ramp"
"367","Breaks",3635612,36,"Kapowai Bay (D'urville Island)"
"368","Breaks",3636037,39,"Elaine Bay Boat Ramp"
"369","Breaks",3636269,41,"Okiwi Bay"
"370","Breaks",3636323,41,"Okiwi Bay"
"371","Breaks",3636478,41,"Okiwi Bay"
"372","Breaks",3636600,37,"Hamilton Bay (Rocky Creek) Ramp"
"373","Breaks",3636745,34,"Cissy Bay"
"374","Breaks",3636843,34,"Cissy Bay"
"375","Breaks",3637156,37,"Hamilton Bay (Rocky Creek) Ramp"
"376","Breaks",3637210,34,"Cissy Bay"
"377","Breaks",3637365,41,"Okiwi Bay"
"378","Breaks",3637366,41,"Okiwi Bay"
"379","Breaks",3637439,41,"Okiwi Bay"
"380","Breaks",3637482,41,"Okiwi Bay"
"381","Breaks",3637726,41,"Okiwi Bay"
"382","Breaks",3637731,41,"Okiwi Bay"
"383","Breaks",3637962,41,"Okiwi Bay"
"384","Breaks",3637971,37,"Hamilton Bay (Rocky Creek) Ramp"
"385","Breaks",3638071,38,"Bulwer Bay"
"386","Breaks",3638118,35,"Elmslie Bay (French Pass)"
"387","Breaks",3638586,37,"Hamilton Bay (Rocky Creek) Ramp"
"388","Breaks",3638724,41,"Okiwi Bay"
"389","Breaks",3639050,41,"Okiwi Bay"
"390","Breaks",3639325,41,"Okiwi Bay"
"391","Breaks",3639327,41,"Okiwi Bay"
"392","Breaks",3639352,41,"Okiwi Bay"
"393","Breaks",3639424,35,"Elmslie Bay (French Pass)"
"394","Breaks",3639565,34,"Cissy Bay"
"395","Breaks",3639629,41,"Okiwi Bay"
"396","Breaks",3639696,38,"Bulwer Bay"
"397","Breaks",3639725,36,"Kapowai Bay (D'urville Island)"
"398","Breaks",3639742,34,"Cissy Bay"
"399","Breaks",3639811,34,"Cissy Bay"
"400","Breaks",3639861,35,"Elmslie Bay (French Pass)"
"401","Breaks",3639986,38,"Bulwer Bay"
"402","Breaks",3640004,39,"Elaine Bay Boat Ramp"
"403","Breaks",3640197,37,"Hamilton Bay (Rocky Creek) Ramp"
"404","Breaks",3640251,39,"Elaine Bay Boat Ramp"
"405","Breaks",3640355,41,"Okiwi Bay"
"406","Breaks",3640487,39,"Elaine Bay Boat Ramp"
"407","Breaks",3640491,39,"Elaine Bay Boat Ramp"
"408","Breaks",3640540,41,"Okiwi Bay"
"409","Breaks",3640761,35,"Elmslie Bay (French Pass)"
"410","Breaks",3640803,41,"Okiwi Bay"
"411","Breaks",3640916,37,"Hamilton Bay (Rocky Creek) Ramp"
"412","Breaks",3640982,36,"Kapowai Bay (D'urville Island)"
"413","Breaks",3641068,39,"Elaine Bay Boat Ramp"
"414","Breaks",3642090,38,"Bulwer Bay"
"415","Breaks",3642286,36,"Kapowai Bay (D'urville Island)"
"416","Breaks",3642378,37,"Hamilton Bay (Rocky Creek) Ramp"
"417","Breaks",3642504,38,"Bulwer Bay"
"418","Breaks",3642508,38,"Bulwer Bay"
"419","Breaks",3642688,38,"Bulwer Bay"
"420","Breaks",3642985,38,"Bulwer Bay"
"421","Breaks",3643077,34,"Cissy Bay"
"422","Breaks",3643150,39,"Elaine Bay Boat Ramp"
"423","Breaks",3643219,39,"Elaine Bay Boat Ramp"
"424","Breaks",3643250,39,"Elaine Bay Boat Ramp"
"425","Breaks",3643266,39,"Elaine Bay Boat Ramp"
"426","Breaks",3643297,38,"Bulwer Bay"
"427","Breaks",3643301,37,"Hamilton Bay (Rocky Creek) Ramp"
"428","Breaks",3643326,41,"Okiwi Bay"
"429","Breaks",3643358,37,"Hamilton Bay (Rocky Creek) Ramp"
"430","Breaks",3643361,39,"Elaine Bay Boat Ramp"
"431","Breaks",3643362,41,"Okiwi Bay"
"432","Breaks",3643365,35,"Elmslie Bay (French Pass)"
"433","Breaks",3643366,39,"Elaine Bay Boat Ramp"
"434","Breaks",3643369,38,"Bulwer Bay"
"435","Breaks",3643378,41,"Okiwi Bay"
"436","Breaks",3643398,37,"Hamilton Bay (Rocky Creek) Ramp"
"437","Breaks",3643472,41,"Okiwi Bay"
"438","Breaks",3643582,34,"Cissy Bay"
"439","Breaks",3643583,34,"Cissy Bay"
"440","Breaks",3643637,41,"Okiwi Bay"
"441","Breaks",3643779,41,"Okiwi Bay"
"442","Breaks",3643854,39,"Elaine Bay Boat Ramp"
"443","Breaks",3643887,41,"Okiwi Bay"
"444","Breaks",3643888,41,"Okiwi Bay"
"445","Breaks",3644049,41,"Okiwi Bay"
"446","Breaks",3644126,35,"Elmslie Bay (French Pass)"
"447","Breaks",3644177,36,"Kapowai Bay (D'urville Island)"
"448","Breaks",3645143,38,"Bulwer Bay"
"449","Breaks",3645325,38,"Bulwer Bay"
"450","Breaks",3645546,35,"Elmslie Bay (French Pass)"
"451","Breaks",3645632,37,"Hamilton Bay (Rocky Creek) Ramp"
"452","Breaks",3645748,36,"Kapowai Bay (D'urville Island)"
"453","Breaks",3646052,34,"Cissy Bay"
"454","Breaks",3646315,36,"Kapowai Bay (D'urville Island)"
"455","Breaks",3646725,14,"Elaine Bay"
"456","Breaks",3646954,38,"Bulwer Bay"
"457","Breaks",3647026,17,"Kaiuma Bay"
"458","Breaks",3647047,41,"Okiwi Bay"
"459","Breaks",3647053,34,"Cissy Bay"
"460","Breaks",3647064,17,"Kaiuma Bay"
"461","Breaks",3647451,41,"Okiwi Bay"
"462","Breaks",3647466,38,"Bulwer Bay"
"463","Breaks",3647744,34,"Cissy Bay"
"464","Breaks",3647780,34,"Cissy Bay"
"465","Breaks",3647942,17,"Kaiuma Bay"
"466","Breaks",3648048,38,"Bulwer Bay"
"467","Breaks",3648163,38,"Bulwer Bay"
"468","Breaks",3648269,41,"Okiwi Bay"
"469","Breaks",3648357,36,"Kapowai Bay (D'urville Island)"
"470","Breaks",3648358,38,"Bulwer Bay"
"471","Breaks",3648361,37,"Hamilton Bay (Rocky Creek) Ramp"
"472","Breaks",3648477,34,"Cissy Bay"
"473","Breaks",3648601,41,"Okiwi Bay"
"474","Breaks",3648844,34,"Cissy Bay"
"475","Breaks",3649015,39,"Elaine Bay Boat Ramp"
"476","Breaks",3649095,39,"Elaine Bay Boat Ramp"
"477","Breaks",3649101,34,"Cissy Bay"
"478","Breaks",3649102,34,"Cissy Bay"
"479","Breaks",3649106,14,"Elaine Bay"
"480","Breaks",3649110,39,"Elaine Bay Boat Ramp"
"481","Breaks",3649112,36,"Kapowai Bay (D'urville Island)"
"482","Breaks",3649115,34,"Cissy Bay"
"483","Breaks",3649119,41,"Okiwi Bay"
"484","Breaks",3649126,41,"Okiwi Bay"
"485","Breaks",3649237,34,"Cissy Bay"
"486","Breaks",3649319,34,"Cissy Bay"
"487","Breaks",3649414,41,"Okiwi Bay"
"488","Breaks",3649463,17,"Kaiuma Bay"
"489","Breaks",3649751,37,"Hamilton Bay (Rocky Creek) Ramp"
"490","Breaks",3650013,36,"Kapowai Bay (D'urville Island)"
"491","Breaks",3650055,39,"Elaine Bay Boat Ramp"
"492","Breaks",3650112,14,"Elaine Bay"
"493","Breaks",3650174,38,"Bulwer Bay"
"494","Breaks",3650191,34,"Cissy Bay"
"495","Breaks",3650214,14,"Elaine Bay"
"496","Breaks",3650260,41,"Okiwi Bay"
"497","Breaks",3650323,35,"Elmslie Bay (French Pass)"
"498","Breaks",3650343,36,"Kapowai Bay (D'urville Island)"
"499","Breaks",3650437,36,"Kapowai Bay (D'urville Island)"
"500","Breaks",3650550,41,"Okiwi Bay"
"501","Breaks",3650562,41,"Okiwi Bay"
"502","Breaks",3650684,41,"Okiwi Bay"
"503","Breaks",3650700,35,"Elmslie Bay (French Pass)"
"504","Breaks",3650842,41,"Okiwi Bay"
"505","Breaks",3651272,41,"Okiwi Bay"
"506","Breaks",3651390,36,"Kapowai Bay (D'urville Island)"
"507","Breaks",3651440,37,"Hamilton Bay (Rocky Creek) Ramp"
"508","Breaks",3651658,36,"Kapowai Bay (D'urville Island)"
"509","Breaks",3651680,17,"Kaiuma Bay"
"510","Breaks",3651681,17,"Kaiuma Bay"
"511","Breaks",3651950,41,"Okiwi Bay"
"512","Breaks",3652025,41,"Okiwi Bay"
"513","Breaks",3652026,41,"Okiwi Bay"
"514","Breaks",3652216,41,"Okiwi Bay"
"515","Breaks",3652359,17,"Kaiuma Bay"
"516","Breaks",3652361,41,"Okiwi Bay"
"517","Breaks",3652366,41,"Okiwi Bay"
"518","Breaks",3652443,41,"Okiwi Bay"
"519","Breaks",3652855,38,"Bulwer Bay"
"520","Breaks",3653463,41,"Okiwi Bay"
"521","Breaks",3653482,35,"Elmslie Bay (French Pass)"
"522","Breaks",3653722,41,"Okiwi Bay"
"523","Breaks",3654113,41,"Okiwi Bay"
"524","Breaks",3654265,41,"Okiwi Bay"
"525","Breaks",3654276,41,"Okiwi Bay"
"526","Breaks",3654290,41,"Okiwi Bay"
"527","Breaks",3654299,39,"Elaine Bay Boat Ramp"
"528","Breaks",3654583,41,"Okiwi Bay"
"529","Breaks",3654782,41,"Okiwi Bay"
"530","Breaks",3654784,41,"Okiwi Bay"
"531","Breaks",3654889,41,"Okiwi Bay"
"532","Breaks",3654922,38,"Bulwer Bay"
"533","Breaks",3654940,38,"Bulwer Bay"
"534","Breaks",3654955,37,"Hamilton Bay (Rocky Creek) Ramp"
"535","Breaks",3654975,41,"Okiwi Bay"
"536","Breaks",3655112,38,"Bulwer Bay"
"537","Breaks",3655317,39,"Elaine Bay Boat Ramp"
"538","Breaks",3655318,34,"Cissy Bay"
"539","Breaks",3655322,39,"Elaine Bay Boat Ramp"
"540","Breaks",3655442,39,"Elaine Bay Boat Ramp"
"541","Breaks",3655481,41,"Okiwi Bay"
"542","Breaks",3655897,37,"Hamilton Bay (Rocky Creek) Ramp"
"543","Breaks",3656157,37,"Hamilton Bay (Rocky Creek) Ramp"
"544","Breaks",3656308,41,"Okiwi Bay"
"545","Breaks",3656334,36,"Kapowai Bay (D'urville Island)"
"546","Breaks",3656392,39,"Elaine Bay Boat Ramp"
"547","Breaks",3656407,39,"Elaine Bay Boat Ramp"
"548","Breaks",3656446,35,"Elmslie Bay (French Pass)"
"549","Breaks",3656447,37,"Hamilton Bay (Rocky Creek) Ramp"
"550","Breaks",3656678,41,"Okiwi Bay"
"551","Breaks",3656680,37,"Hamilton Bay (Rocky Creek) Ramp"
"552","Breaks",3656728,38,"Bulwer Bay"
"553","Breaks",3657149,39,"Elaine Bay Boat Ramp"
"554","Breaks",3657234,38,"Bulwer Bay"
"555","Breaks",3657316,39,"Elaine Bay Boat Ramp"
"556","Breaks",3657370,41,"Okiwi Bay"
"557","Breaks",3657708,41,"Okiwi Bay"
"558","Breaks",3657775,41,"Okiwi Bay"
"559","Breaks",3657902,39,"Elaine Bay Boat Ramp"
"560","Breaks",3657905,39,"Elaine Bay Boat Ramp"
"561","Breaks",3658425,41,"Okiwi Bay"
"562","Breaks",3658438,37,"Hamilton Bay (Rocky Creek) Ramp"
"563","Breaks",3658439,34,"Cissy Bay"
"564","Breaks",3658508,17,"Kaiuma Bay"
"565","Breaks",3658625,39,"Elaine Bay Boat Ramp"
"566","Breaks",3658628,35,"Elmslie Bay (French Pass)"
"567","Breaks",3658908,38,"Bulwer Bay"
"568","Breaks",3659098,37,"Hamilton Bay (Rocky Creek) Ramp"
"569","Breaks",3659123,37,"Hamilton Bay (Rocky Creek) Ramp"
"570","Breaks",3659537,41,"Okiwi Bay"
"571","Breaks",3659824,41,"Okiwi Bay"
"572","Breaks",3659857,39,"Elaine Bay Boat Ramp"
"573","Breaks",3659953,36,"Kapowai Bay (D'urville Island)"
"574","Breaks",3660060,39,"Elaine Bay Boat Ramp"
"575","Breaks",3660137,17,"Kaiuma Bay"
"576","Breaks",3660328,37,"Hamilton Bay (Rocky Creek) Ramp"
"577","Breaks",3660428,41,"Okiwi Bay"
"578","Breaks",3660567,41,"Okiwi Bay"
"579","Breaks",3660607,36,"Kapowai Bay (D'urville Island)"
"580","Breaks",3660646,41,"Okiwi Bay"
"581","Breaks",3660943,36,"Kapowai Bay (D'urville Island)"
"582","Breaks",3660946,34,"Cissy Bay"
"583","Breaks",3660996,41,"Okiwi Bay"
"584","Breaks",3661056,41,"Okiwi Bay"
"585","Breaks",3705224,30,"St. Omer Barge Ramp"
"586","Breaks",3705225,12,"Oyster Bay"
"587","Breaks",3705227,13,"Hakana Bay"
"588","Breaks",3705230,17,"Kaiuma Bay"
"589","Breaks",3705239,12,"Oyster Bay"
"590","Breaks",3705240,7,"Grove Point/Arm Jetty"
"591","Breaks",3705241,12,"Oyster Bay"
"592","Breaks",3705247,12,"Oyster Bay"
"593","Breaks",3705248,21,"Willow Bay"
"594","Breaks",3705252,11,"Punga Cove"
"595","Breaks",3705257,12,"Oyster Bay"
"596","Breaks",3705259,29,"Waitaria Bay"
"597","Breaks",3705266,17,"Kaiuma Bay"
"598","Breaks",3705270,21,"Willow Bay"
"599","Breaks",3705271,12,"Oyster Bay"
"600","Breaks",3705272,12,"Oyster Bay"
"601","Breaks",3705280,11,"Punga Cove"
"602","Breaks",3705284,18,"Moetapu Bay Jetty"
"603","Breaks",3705287,21,"Willow Bay"
"604","Breaks",3705288,12,"Oyster Bay"
"605","Breaks",3705294,12,"Oyster Bay"
"606","Breaks",3705295,17,"Kaiuma Bay"
"607","Breaks",3705298,18,"Moetapu Bay Jetty"
"608","Breaks",3705317,7,"Grove Point/Arm Jetty"
"609","Breaks",3705320,12,"Oyster Bay"
"610","Breaks",3705328,17,"Kaiuma Bay"
"611","Breaks",3705330,13,"Hakana Bay"
"612","Breaks",3705331,17,"Kaiuma Bay"
"613","Breaks",3705334,17,"Kaiuma Bay"
"614","Breaks",3705346,12,"Oyster Bay"
"615","Breaks",3705351,12,"Oyster Bay"
"616","Breaks",3705366,17,"Kaiuma Bay"
"617","Breaks",3705368,17,"Kaiuma Bay"
"618","Breaks",3705372,17,"Kaiuma Bay"
"619","Breaks",3705391,20,"Ohingaroa Bay"
"620","Breaks",3705402,12,"Oyster Bay"
"621","Breaks",3705406,17,"Kaiuma Bay"
"622","Breaks",3705409,7,"Grove Point/Arm Jetty"
"623","Breaks",3705423,13,"Hakana Bay"
"624","Breaks",3705444,17,"Kaiuma Bay"
"625","Breaks",3705445,12,"Oyster Bay"
"626","Breaks",3705470,7,"Grove Point/Arm Jetty"
"627","Breaks",3705496,12,"Oyster Bay"
"628","Breaks",3705498,32,"Duncan Bay"
"629","Breaks",3705501,17,"Kaiuma Bay"
"630","Breaks",3705516,7,"Grove Point/Arm Jetty"
"631","Breaks",3705518,12,"Oyster Bay"
"632","Breaks",3705519,12,"Oyster Bay"
"633","Breaks",3705559,11,"Punga Cove"
"634","Breaks",3705577,17,"Kaiuma Bay"
"635","Breaks",3705599,17,"Kaiuma Bay"
"636","Breaks",3705605,12,"Oyster Bay"
"637","Breaks",3705621,14,"Elaine Bay"
"638","Breaks",3705629,12,"Oyster Bay"
"639","Breaks",3705640,13,"Hakana Bay"
"640","Breaks",3705642,17,"Kaiuma Bay"
"641","Breaks",3705655,17,"Kaiuma Bay"
"642","Breaks",3705660,12,"Oyster Bay"
"643","Breaks",3705725,17,"Kaiuma Bay"
"644","Breaks",3705728,12,"Oyster Bay"
"645","Breaks",3705734,17,"Kaiuma Bay"
"646","Breaks",3705752,17,"Kaiuma Bay"
"647","Breaks",3705756,12,"Oyster Bay"
"648","Breaks",3705770,17,"Kaiuma Bay"
"649","Breaks",3705777,9,"Ngakuta Bay"
"650","Breaks",3705780,12,"Oyster Bay"
"651","Breaks",3705781,9,"Ngakuta Bay"
"652","Breaks",3705789,12,"Oyster Bay"
"653","Breaks",3705799,13,"Hakana Bay"
"654","Breaks",3705812,12,"Oyster Bay"
"655","Breaks",3705815,17,"Kaiuma Bay"
"656","Breaks",3705844,12,"Oyster Bay"
"657","Breaks",3705853,7,"Grove Point/Arm Jetty"
"658","Breaks",3705856,17,"Kaiuma Bay"
"659","Breaks",3705859,12,"Oyster Bay"
"660","Breaks",3705878,17,"Kaiuma Bay"
"661","Breaks",3705882,32,"Duncan Bay"
"662","Breaks",3705885,12,"Oyster Bay"
"663","Breaks",3705906,12,"Oyster Bay"
"664","Breaks",3705932,12,"Oyster Bay"
"665","Breaks",3705935,12,"Oyster Bay"
"666","Breaks",3705947,12,"Oyster Bay"
"667","Breaks",3705959,12,"Oyster Bay"
"668","Breaks",3706001,11,"Punga Cove"
"669","Breaks",3706009,12,"Oyster Bay"
"670","Breaks",3706017,11,"Punga Cove"
"671","Breaks",3706024,12,"Oyster Bay"
"672","Breaks",3706028,12,"Oyster Bay"
"673","Breaks",3706029,12,"Oyster Bay"
"674","Breaks",3706033,8,"Momorangi Bay"
"675","Breaks",3706035,17,"Kaiuma Bay"
"676","Breaks",3706040,27,"Sandy Bay"
"677","Breaks",3706043,12,"Oyster Bay"
"678","Breaks",3706045,12,"Oyster Bay"
"679","Breaks",3706048,12,"Oyster Bay"
"680","Breaks",3706051,12,"Oyster Bay"
"681","Breaks",3706054,12,"Oyster Bay"
"682","Breaks",3706058,12,"Oyster Bay"
"683","Breaks",3706063,12,"Oyster Bay"
"684","Breaks",3706066,37,"Hamilton Bay (Rocky Creek) Ramp"
"685","Breaks",3706070,12,"Oyster Bay"
"686","Breaks",3706083,17,"Kaiuma Bay"
"687","Breaks",3706096,13,"Hakana Bay"
"688","Breaks",3706099,12,"Oyster Bay"
"689","Breaks",3706100,12,"Oyster Bay"
"690","Breaks",3706102,12,"Oyster Bay"
"691","Breaks",3706104,12,"Oyster Bay"
"692","Breaks",3706105,12,"Oyster Bay"
"693","Breaks",3706107,12,"Oyster Bay"
"694","Breaks",3706108,12,"Oyster Bay"
"695","Breaks",3706109,12,"Oyster Bay"
"696","Breaks",3706110,12,"Oyster Bay"
"697","Breaks",3706111,12,"Oyster Bay"
"698","Breaks",3706112,12,"Oyster Bay"
"699","Breaks",3706113,12,"Oyster Bay"
"700","Breaks",3706114,9,"Ngakuta Bay"
"701","Breaks",3706117,12,"Oyster Bay"
"702","Breaks",3706119,12,"Oyster Bay"
"703","Breaks",3706123,12,"Oyster Bay"
"704","Breaks",3706124,12,"Oyster Bay"
"705","Breaks",3706128,12,"Oyster Bay"
"706","Breaks",3706129,12,"Oyster Bay"
"707","Breaks",3706132,12,"Oyster Bay"
"708","Breaks",3706133,11,"Punga Cove"
"709","Breaks",3706134,12,"Oyster Bay"
"710","Breaks",3706136,12,"Oyster Bay"
"711","Breaks",3706137,12,"Oyster Bay"
"712","Breaks",3706138,12,"Oyster Bay"
"713","Breaks",3706140,12,"Oyster Bay"
"714","Breaks",3706141,12,"Oyster Bay"
"715","Breaks",3706148,12,"Oyster Bay"
"716","Breaks",3706151,12,"Oyster Bay"
"717","Breaks",3706152,12,"Oyster Bay"
"718","Breaks",3706158,12,"Oyster Bay"
"719","Breaks",3706185,12,"Oyster Bay"
"720","Breaks",3706186,18,"Moetapu Bay Jetty"
"721","Breaks",3706199,18,"Moetapu Bay Jetty"
"722","Breaks",3706200,12,"Oyster Bay"
"723","Breaks",3706203,12,"Oyster Bay"
"724","Breaks",3706213,12,"Oyster Bay"
"725","Breaks",3706214,12,"Oyster Bay"
"726","Breaks",3706215,12,"Oyster Bay"
"727","Breaks",3706229,12,"Oyster Bay"
"728","Breaks",3706231,12,"Oyster Bay"
"729","Breaks",3706232,12,"Oyster Bay"
"730","Breaks",3706233,12,"Oyster Bay"
"731","Breaks",3706234,12,"Oyster Bay"
"732","Breaks",3706236,12,"Oyster Bay"
"733","Breaks",3706238,12,"Oyster Bay"
"734","Breaks",3706240,12,"Oyster Bay"
"735","Breaks",3706243,30,"St. Omer Barge Ramp"
"736","Breaks",3706245,12,"Oyster Bay"
"737","Breaks",3706247,12,"Oyster Bay"
"738","Breaks",3706250,12,"Oyster Bay"
"739","Breaks",3706251,17,"Kaiuma Bay"
"740","Breaks",3706256,12,"Oyster Bay"
"741","Breaks",3706258,12,"Oyster Bay"
"742","Breaks",3706259,17,"Kaiuma Bay"
"743","Breaks",3706267,12,"Oyster Bay"
"744","Breaks",3706271,18,"Moetapu Bay Jetty"
"745","Breaks",3706272,33,"Penzance Bay"
"746","Breaks",3706276,12,"Oyster Bay"
"747","Breaks",3706278,12,"Oyster Bay"
"748","Breaks",3706281,12,"Oyster Bay"
"749","Breaks",3706283,12,"Oyster Bay"
"750","Breaks",3706287,33,"Penzance Bay"
"751","Breaks",3706289,12,"Oyster Bay"
"752","Breaks",3706291,12,"Oyster Bay"
"753","Breaks",3706292,33,"Penzance Bay"
"754","Breaks",3706296,12,"Oyster Bay"
"755","Breaks",3706299,33,"Penzance Bay"
"756","Breaks",3706304,12,"Oyster Bay"
"757","Breaks",3706306,12,"Oyster Bay"
"758","Breaks",3706312,12,"Oyster Bay"
"759","Breaks",3706320,12,"Oyster Bay"
"760","Breaks",3706321,12,"Oyster Bay"
"761","Breaks",3706333,17,"Kaiuma Bay"
"762","Breaks",3706338,7,"Grove Point/Arm Jetty"
"763","Breaks",3706341,12,"Oyster Bay"
"764","Breaks",3706346,21,"Willow Bay"
"765","Breaks",3706347,21,"Willow Bay"
"766","Breaks",3706349,7,"Grove Point/Arm Jetty"
"767","Breaks",3706351,7,"Grove Point/Arm Jetty"
"768","Breaks",3706352,27,"Sandy Bay"
"769","Breaks",3706354,12,"Oyster Bay"
"770","Breaks",3706360,19,"Double Bay Boat Ramp"
"771","Breaks",3706363,23,"Te Mahia"
"772","Breaks",3706373,12,"Oyster Bay"
"773","Breaks",3706375,17,"Kaiuma Bay"
"774","Breaks",3706376,12,"Oyster Bay"
"775","Breaks",3706382,12,"Oyster Bay"
"776","Breaks",3706383,11,"Punga Cove"
"777","Breaks",3706391,12,"Oyster Bay"
"778","Breaks",3706397,29,"Waitaria Bay"
"779","Breaks",3706417,13,"Hakana Bay"
"780","Breaks",3706420,12,"Oyster Bay"
"781","Breaks",3706424,12,"Oyster Bay"
"782","Breaks",3706428,24,"Tara Bay"
"783","Breaks",3706433,32,"Duncan Bay"
"784","Breaks",3706437,18,"Moetapu Bay Jetty"
"785","Breaks",3706447,30,"St. Omer Barge Ramp"
"786","Breaks",3706448,21,"Willow Bay"
"787","Breaks",3706468,12,"Oyster Bay"
"788","Breaks",3706470,17,"Kaiuma Bay"
"789","Breaks",3706471,17,"Kaiuma Bay"
"790","Breaks",3706475,17,"Kaiuma Bay"
"791","Breaks",3706481,7,"Grove Point/Arm Jetty"
"792","Breaks",3706482,12,"Oyster Bay"
"793","Breaks",3706494,17,"Kaiuma Bay"
"794","Breaks",3706495,15,"Portage Bay"
"795","Breaks",3706496,21,"Willow Bay"
"796","Breaks",3706497,12,"Oyster Bay"
"797","Breaks",3706503,17,"Kaiuma Bay"
"798","Breaks",3706504,11,"Punga Cove"
"799","Breaks",3706514,7,"Grove Point/Arm Jetty"
"800","Breaks",3706516,12,"Oyster Bay"
"801","Breaks",3706520,9,"Ngakuta Bay"
"802","Breaks",3706530,30,"St. Omer Barge Ramp"
"803","Breaks",3706531,30,"St. Omer Barge Ramp"
"804","Breaks",3706533,17,"Kaiuma Bay"
"805","Breaks",3706537,12,"Oyster Bay"
"806","Breaks",3706542,12,"Oyster Bay"
"807","Breaks",3706553,30,"St. Omer Barge Ramp"
"808","Breaks",3706556,30,"St. Omer Barge Ramp"
"809","Breaks",3706558,17,"Kaiuma Bay"
"810","Breaks",3706562,30,"St. Omer Barge Ramp"
"811","Breaks",3706565,31,"Double Bay"
"812","Breaks",3706566,24,"Tara Bay"
"813","Breaks",3706571,31,"Double Bay"
"814","Breaks",3706573,12,"Oyster Bay"
"815","Breaks",3706578,30,"St. Omer Barge Ramp"
"816","Breaks",3706583,12,"Oyster Bay"
"817","Breaks",3706593,12,"Oyster Bay"
"818","Breaks",3706598,40,"Titirangi Bay"
"819","Breaks",3706602,12,"Oyster Bay"
"820","Breaks",3706603,12,"Oyster Bay"
"821","Breaks",3706605,11,"Punga Cove"
"822","Breaks",3706608,7,"Grove Point/Arm Jetty"
"823","Breaks",3706613,28,"Fish Bay Ramp"
"824","Breaks",3706618,11,"Punga Cove"
"825","Breaks",3706623,30,"St. Omer Barge Ramp"
"826","Breaks",3706625,12,"Oyster Bay"
"827","Breaks",3706629,33,"Penzance Bay"
"828","Breaks",3706630,32,"Duncan Bay"
"829","Breaks",3706642,17,"Kaiuma Bay"
"830","Breaks",3706646,17,"Kaiuma Bay"
"831","Breaks",3706651,12,"Oyster Bay"
"832","Breaks",3706662,30,"St. Omer Barge Ramp"
"833","Breaks",3706675,17,"Kaiuma Bay"
"834","Breaks",3706686,12,"Oyster Bay"
"835","Breaks",3706719,7,"Grove Point/Arm Jetty"
"836","Breaks",3706720,7,"Grove Point/Arm Jetty"
"837","Breaks",3706723,11,"Punga Cove"
"838","Breaks",3706724,30,"St. Omer Barge Ramp"
"839","Breaks",3706726,27,"Sandy Bay"
"840","Breaks",3706737,17,"Kaiuma Bay"
"841","Breaks",3706741,11,"Punga Cove"
"842","Breaks",3706749,11,"Punga Cove"
"843","Breaks",3706751,27,"Sandy Bay"
"844","Breaks",3706753,17,"Kaiuma Bay"
"845","Breaks",3706756,27,"Sandy Bay"
"846","Breaks",3706758,27,"Sandy Bay"
"847","Breaks",3706761,27,"Sandy Bay"
"848","Breaks",3706762,27,"Sandy Bay"
"849","Breaks",3706767,12,"Oyster Bay"
"850","Breaks",3706770,27,"Sandy Bay"
"851","Breaks",3706771,27,"Sandy Bay"
"852","Breaks",3706784,30,"St. Omer Barge Ramp"
"853","Breaks",3706789,21,"Willow Bay"
"854","Breaks",3706790,12,"Oyster Bay"
"855","Breaks",3706828,11,"Punga Cove"
"856","Breaks",3706832,17,"Kaiuma Bay"
"857","Breaks",3706854,12,"Oyster Bay"
"858","Breaks",3706858,20,"Ohingaroa Bay"
"859","Breaks",3706862,12,"Oyster Bay"
"860","Breaks",3706879,11,"Punga Cove"
"861","Breaks",3706881,6,"Anakiwa"
"862","Breaks",3706883,12,"Oyster Bay"
"863","Breaks",3706887,12,"Oyster Bay"
"864","Breaks",3706888,27,"Sandy Bay"
"865","Breaks",3706891,33,"Penzance Bay"
"866","Breaks",3706894,17,"Kaiuma Bay"
"867","Breaks",3706895,11,"Punga Cove"
"868","Breaks",3706896,11,"Punga Cove"
"869","Breaks",3706897,12,"Oyster Bay"
"870","Breaks",3706898,12,"Oyster Bay"
"871","Breaks",3706900,12,"Oyster Bay"
"872","Breaks",3706901,12,"Oyster Bay"
"873","Breaks",3706902,12,"Oyster Bay"
"874","Breaks",3706904,12,"Oyster Bay"
"875","Breaks",3706906,12,"Oyster Bay"
"876","Breaks",3706909,12,"Oyster Bay"
"877","Breaks",3706911,12,"Oyster Bay"
"878","Breaks",3706913,12,"Oyster Bay"
"879","Breaks",3706914,12,"Oyster Bay"
"880","Breaks",3706918,12,"Oyster Bay"
"881","Breaks",3706919,12,"Oyster Bay"
"882","Breaks",3706920,17,"Kaiuma Bay"
"883","Breaks",3706924,17,"Kaiuma Bay"
"884","Breaks",3706925,12,"Oyster Bay"
"885","Breaks",3706926,12,"Oyster Bay"
"886","Breaks",3706931,12,"Oyster Bay"
"887","Breaks",3706932,6,"Anakiwa"
"888","Breaks",3706935,12,"Oyster Bay"
"889","Breaks",3706937,12,"Oyster Bay"
"890","Breaks",3706938,12,"Oyster Bay"
"891","Breaks",3706939,16,"Torea Bay"
"892","Breaks",3706948,17,"Kaiuma Bay"
"893","Breaks",3706955,11,"Punga Cove"
"894","Breaks",3706961,12,"Oyster Bay"
"895","Breaks",3706962,11,"Punga Cove"
"896","Breaks",3706964,17,"Kaiuma Bay"
"897","Breaks",3706965,12,"Oyster Bay"
"898","Breaks",3706969,12,"Oyster Bay"
"899","Breaks",3706988,33,"Penzance Bay"
"900","Breaks",3706989,12,"Oyster Bay"
"901","Breaks",3706991,17,"Kaiuma Bay"
"902","Breaks",3706993,11,"Punga Cove"
"903","Breaks",3706999,32,"Duncan Bay"
"904","Breaks",3707005,12,"Oyster Bay"
"905","Breaks",3707006,12,"Oyster Bay"
"906","Breaks",3707007,12,"Oyster Bay"
"907","Breaks",3707008,17,"Kaiuma Bay"
"908","Breaks",3707010,12,"Oyster Bay"
"909","Breaks",3707013,25,"Cowshed Bay"
"910","Breaks",3707020,12,"Oyster Bay"
"911","Breaks",3707024,12,"Oyster Bay"
"912","Breaks",3707027,11,"Punga Cove"
"913","Breaks",3707033,12,"Oyster Bay"
"914","Breaks",3707035,12,"Oyster Bay"
"915","Breaks",3707047,12,"Oyster Bay"
"916","Breaks",3707049,17,"Kaiuma Bay"
"917","Breaks",3707054,17,"Kaiuma Bay"
"918","Breaks",3707055,7,"Grove Point/Arm Jetty"
"919","Breaks",3707071,25,"Cowshed Bay"
"920","Breaks",3707072,17,"Kaiuma Bay"
"921","Breaks",3707081,12,"Oyster Bay"
"922","Breaks",3707089,11,"Punga Cove"
"923","Breaks",3707097,17,"Kaiuma Bay"
"924","Breaks",3707104,12,"Oyster Bay"
"925","Breaks",3707115,17,"Kaiuma Bay"
"926","Breaks",3707120,17,"Kaiuma Bay"
"927","Breaks",3707135,9,"Ngakuta Bay"
"928","Breaks",3707147,17,"Kaiuma Bay"
"929","Breaks",3707159,12,"Oyster Bay"
"930","Breaks",3707171,12,"Oyster Bay"
"931","Breaks",3707174,12,"Oyster Bay"
"932","Breaks",3707184,17,"Kaiuma Bay"
"933","Breaks",3707189,23,"Te Mahia"
"934","Breaks",3707190,12,"Oyster Bay"
"935","Breaks",3707201,17,"Kaiuma Bay"
"936","Breaks",3707207,17,"Kaiuma Bay"
"937","Breaks",3707209,29,"Waitaria Bay"
"938","Breaks",3707213,12,"Oyster Bay"
"939","Breaks",3707216,14,"Elaine Bay"
"940","Breaks",3707218,23,"Te Mahia"
"941","Breaks",3707219,12,"Oyster Bay"
"942","Breaks",3707222,12,"Oyster Bay"
"943","Breaks",3707226,23,"Te Mahia"
"944","Breaks",3707239,12,"Oyster Bay"
"945","Breaks",3707252,12,"Oyster Bay"
"946","Breaks",3707258,12,"Oyster Bay"
"947","Breaks",3707265,12,"Oyster Bay"
"948","Breaks",3707267,10,"Waterfall Bay"
"949","Breaks",3707268,12,"Oyster Bay"
"950","Breaks",3707279,12,"Oyster Bay"
"951","Breaks",3707287,12,"Oyster Bay"
"952","Breaks",3707288,7,"Grove Point/Arm Jetty"
"953","Breaks",3707293,12,"Oyster Bay"
"954","Breaks",3707308,11,"Punga Cove"
"955","Breaks",3707310,26,"Nikau Cove Doc Camp"
"956","Breaks",3707314,12,"Oyster Bay"
"957","Breaks",3707328,17,"Kaiuma Bay"
"958","Breaks",3707329,17,"Kaiuma Bay"
"959","Breaks",3707336,13,"Hakana Bay"
"960","Breaks",3707350,18,"Moetapu Bay Jetty"
"961","Breaks",3707355,12,"Oyster Bay"
"962","Breaks",3707368,12,"Oyster Bay"
"963","Breaks",3707398,11,"Punga Cove"
"964","Breaks",3707427,27,"Sandy Bay"
"965","Breaks",3707438,17,"Kaiuma Bay"
"966","Breaks",3707442,12,"Oyster Bay"
"967","Breaks",3707450,12,"Oyster Bay"
"968","Breaks",3707456,12,"Oyster Bay"
"969","Breaks",3707465,17,"Kaiuma Bay"
"970","Breaks",3707485,7,"Grove Point/Arm Jetty"
"971","Breaks",3707506,12,"Oyster Bay"
"972","Breaks",3707514,17,"Kaiuma Bay"
"973","Breaks",3707519,17,"Kaiuma Bay"
"974","Breaks",3707522,17,"Kaiuma Bay"
"975","Breaks",3707527,12,"Oyster Bay"
"976","Breaks",3707531,12,"Oyster Bay"
"977","Breaks",3707542,17,"Kaiuma Bay"
"978","Breaks",3707556,29,"Waitaria Bay"
"979","Breaks",3707562,12,"Oyster Bay"
"980","Breaks",3707596,12,"Oyster Bay"
"981","Breaks",3707601,9,"Ngakuta Bay"
"982","Breaks",3707604,12,"Oyster Bay"
"983","Breaks",3707618,12,"Oyster Bay"
"984","Breaks",3707624,11,"Punga Cove"
"985","Breaks",3707628,26,"Nikau Cove Doc Camp"
"986","Breaks",3707632,12,"Oyster Bay"
"987","Breaks",3707637,12,"Oyster Bay"
"988","Breaks",3707638,12,"Oyster Bay"
"989","Breaks",3707644,12,"Oyster Bay"
"990","Breaks",3707653,12,"Oyster Bay"
"991","Breaks",3707659,12,"Oyster Bay"
"992","Breaks",3707660,12,"Oyster Bay"
"993","Breaks",3707665,12,"Oyster Bay"
"994","Breaks",3707666,12,"Oyster Bay"
"995","Breaks",3707667,12,"Oyster Bay"
"996","Breaks",3707674,12,"Oyster Bay"
"997","Breaks",3707677,12,"Oyster Bay"
"998","Breaks",3707678,12,"Oyster Bay"
"999","Breaks",3707679,12,"Oyster Bay"
"1000","Breaks",3707681,12,"Oyster Bay"
"1001","Breaks",3707683,12,"Oyster Bay"
"1002","Breaks",3707685,12,"Oyster Bay"
"1003","Breaks",3707686,12,"Oyster Bay"
"1004","Breaks",3707690,12,"Oyster Bay"
"1005","Breaks",3707694,12,"Oyster Bay"
"1006","Breaks",3707695,12,"Oyster Bay"
"1007","Breaks",3707697,12,"Oyster Bay"
"1008","Breaks",3707698,17,"Kaiuma Bay"
"1009","Breaks",3707699,12,"Oyster Bay"
"1010","Breaks",3707700,12,"Oyster Bay"
"1011","Breaks",3707702,12,"Oyster Bay"
"1012","Breaks",3707704,12,"Oyster Bay"
"1013","Breaks",3707710,12,"Oyster Bay"
"1014","Breaks",3707711,17,"Kaiuma Bay"
"1015","Breaks",3707725,12,"Oyster Bay"
"1016","Breaks",3707728,23,"Te Mahia"
"1017","Breaks",3707734,12,"Oyster Bay"
"1018","Breaks",3707739,12,"Oyster Bay"
"1019","Breaks",3707744,12,"Oyster Bay"
"1020","Breaks",3707748,12,"Oyster Bay"
"1021","Breaks",3707757,12,"Oyster Bay"
"1022","Breaks",3707758,7,"Grove Point/Arm Jetty"
"1023","Breaks",3707761,12,"Oyster Bay"
"1024","Breaks",3707763,30,"St. Omer Barge Ramp"
"1025","Breaks",3707765,12,"Oyster Bay"
"1026","Breaks",3707769,12,"Oyster Bay"
"1027","Breaks",3707779,25,"Cowshed Bay"
"1028","Breaks",3707781,17,"Kaiuma Bay"
"1029","Breaks",3707784,37,"Hamilton Bay (Rocky Creek) Ramp"
"1030","Breaks",3707793,12,"Oyster Bay"
"1031","Breaks",3707794,12,"Oyster Bay"
"1032","Breaks",3707798,17,"Kaiuma Bay"
"1033","Breaks",3707802,17,"Kaiuma Bay"
"1034","Breaks",3707803,12,"Oyster Bay"
"1035","Breaks",3707807,12,"Oyster Bay"
"1036","Breaks",3707809,12,"Oyster Bay"
"1037","Breaks",3707810,17,"Kaiuma Bay"
"1038","Breaks",3707827,12,"Oyster Bay"
"1039","Breaks",3707828,12,"Oyster Bay"
"1040","Breaks",3707829,32,"Duncan Bay"
"1041","Breaks",3707835,26,"Nikau Cove Doc Camp"
"1042","Breaks",3707836,17,"Kaiuma Bay"
"1043","Breaks",3707838,12,"Oyster Bay"
"1044","Breaks",3707850,33,"Penzance Bay"
"1045","Breaks",3707857,19,"Double Bay Boat Ramp"
"1046","Breaks",3707861,17,"Kaiuma Bay"
"1047","Breaks",3707873,17,"Kaiuma Bay"
"1048","Breaks",3707876,17,"Kaiuma Bay"
"1049","Breaks",3707877,17,"Kaiuma Bay"
"1050","Breaks",3707886,12,"Oyster Bay"
"1051","Breaks",3707895,17,"Kaiuma Bay"
"1052","Breaks",3707905,37,"Hamilton Bay (Rocky Creek) Ramp"
"1053","Breaks",3707906,12,"Oyster Bay"
"1054","Breaks",3707918,12,"Oyster Bay"
"1055","Breaks",3707935,17,"Kaiuma Bay"
"1056","Breaks",3707943,32,"Duncan Bay"
"1057","Breaks",3707945,32,"Duncan Bay"
"1058","Breaks",3707949,17,"Kaiuma Bay"
"1059","Breaks",3707962,12,"Oyster Bay"
"1060","Breaks",3707964,37,"Hamilton Bay (Rocky Creek) Ramp"
"1061","Breaks",3707965,17,"Kaiuma Bay"
"1062","Breaks",3707967,7,"Grove Point/Arm Jetty"
"1063","Breaks",3707968,8,"Momorangi Bay"
"1064","Breaks",3707969,12,"Oyster Bay"
"1065","Breaks",3707975,7,"Grove Point/Arm Jetty"
"1066","Breaks",3707976,7,"Grove Point/Arm Jetty"
"1067","Breaks",3707983,17,"Kaiuma Bay"
"1068","Breaks",3707985,33,"Penzance Bay"
"1069","Breaks",3707986,12,"Oyster Bay"
"1070","Breaks",3708001,12,"Oyster Bay"
"1071","Breaks",3708002,12,"Oyster Bay"
"1072","Breaks",3708006,12,"Oyster Bay"
"1073","Breaks",3708007,18,"Moetapu Bay Jetty"
"1074","Breaks",3708019,12,"Oyster Bay"
"1075","Breaks",3708023,12,"Oyster Bay"
"1076","Breaks",3708024,12,"Oyster Bay"
"1077","Breaks",3708025,12,"Oyster Bay"
"1078","Breaks",3708026,12,"Oyster Bay"
"1079","Breaks",3708067,12,"Oyster Bay"
"1080","Breaks",3708084,17,"Kaiuma Bay"
"1081","Breaks",3708085,13,"Hakana Bay"
"1082","Breaks",3708093,12,"Oyster Bay"
"1083","Breaks",3708104,7,"Grove Point/Arm Jetty"
"1084","Breaks",3708116,7,"Grove Point/Arm Jetty"
"1085","Breaks",3708129,12,"Oyster Bay"
"1086","Breaks",3708144,7,"Grove Point/Arm Jetty"
"1087","Breaks",3708148,11,"Punga Cove"
"1088","Breaks",3708149,27,"Sandy Bay"
"1089","Breaks",3708156,12,"Oyster Bay"
"1090","Breaks",3708157,12,"Oyster Bay"
"1091","Breaks",3708164,12,"Oyster Bay"
"1092","Breaks",3708165,12,"Oyster Bay"
"1093","Breaks",3708167,9,"Ngakuta Bay"
"1094","Breaks",3708168,17,"Kaiuma Bay"
"1095","Breaks",3708169,12,"Oyster Bay"
"1096","Breaks",3708172,12,"Oyster Bay"
"1097","Breaks",3708173,12,"Oyster Bay"
"1098","Breaks",3708174,9,"Ngakuta Bay"
"1099","Breaks",3708177,12,"Oyster Bay"
"1100","Breaks",3708180,17,"Kaiuma Bay"
"1101","Breaks",3708182,12,"Oyster Bay"
"1102","Breaks",3708187,12,"Oyster Bay"
"1103","Breaks",3708189,12,"Oyster Bay"
"1104","Breaks",3708190,8,"Momorangi Bay"
"1105","Breaks",3708192,12,"Oyster Bay"
"1106","Breaks",3708199,12,"Oyster Bay"
"1107","Breaks",3708202,12,"Oyster Bay"
"1108","Breaks",3708220,12,"Oyster Bay"
"1109","Breaks",3708224,12,"Oyster Bay"
"1110","Breaks",3708231,29,"Waitaria Bay"
"1111","Breaks",3708234,17,"Kaiuma Bay"
"1112","Breaks",3708244,12,"Oyster Bay"
"1113","Breaks",3708246,27,"Sandy Bay"
"1114","Breaks",3708278,12,"Oyster Bay"
"1115","Breaks",3708295,12,"Oyster Bay"
"1116","Breaks",3708296,7,"Grove Point/Arm Jetty"
"1117","Breaks",3708297,12,"Oyster Bay"
"1118","Breaks",3708298,12,"Oyster Bay"
"1119","Breaks",3708304,12,"Oyster Bay"
"1120","Breaks",3708308,12,"Oyster Bay"
"1121","Breaks",3708316,12,"Oyster Bay"
"1122","Breaks",3708321,17,"Kaiuma Bay"
"1123","Breaks",3708331,13,"Hakana Bay"
"1124","Breaks",3708332,13,"Hakana Bay"
"1125","Breaks",3708340,18,"Moetapu Bay Jetty"
"1126","Breaks",3708341,12,"Oyster Bay"
"1127","Breaks",3708393,27,"Sandy Bay"
"1128","Breaks",3708405,12,"Oyster Bay"
"1129","Breaks",3708453,12,"Oyster Bay"
"1130","Breaks",3708460,27,"Sandy Bay"
"1131","Breaks",3708472,12,"Oyster Bay"
"1132","Breaks",3708492,17,"Kaiuma Bay"
"1133","Breaks",3708528,32,"Duncan Bay"
"1134","Breaks",3708541,17,"Kaiuma Bay"
"1135","Breaks",3708542,12,"Oyster Bay"
"1136","Breaks",3708549,17,"Kaiuma Bay"
"1137","Breaks",3708555,17,"Kaiuma Bay"
"1138","Breaks",3708565,17,"Kaiuma Bay"
"1139","Breaks",3708566,17,"Kaiuma Bay"
"1140","Breaks",3708569,17,"Kaiuma Bay"
"1141","Breaks",3708570,17,"Kaiuma Bay"
"1142","Breaks",3708573,17,"Kaiuma Bay"
"1143","Breaks",3708597,18,"Moetapu Bay Jetty"
"1144","Breaks",3708602,17,"Kaiuma Bay"
"1145","Breaks",3708605,9,"Ngakuta Bay"
"1146","Breaks",3708608,33,"Penzance Bay"
"1147","Breaks",3708611,30,"St. Omer Barge Ramp"
"1148","Breaks",3708619,15,"Portage Bay"
"1149","Breaks",3708620,12,"Oyster Bay"
"1150","Breaks",3708630,32,"Duncan Bay"
"1151","Breaks",3708632,29,"Waitaria Bay"
"1152","Breaks",3708633,11,"Punga Cove"
"1153","Breaks",3708634,11,"Punga Cove"
"1154","Breaks",3708635,11,"Punga Cove"
"1155","Breaks",3708636,33,"Penzance Bay"
"1156","Breaks",3708641,13,"Hakana Bay"
"1157","Breaks",3708643,12,"Oyster Bay"
"1158","Breaks",3708647,27,"Sandy Bay"
"1159","Breaks",3708653,12,"Oyster Bay"
"1160","Breaks",3708671,12,"Oyster Bay"
"1161","Breaks",3708675,17,"Kaiuma Bay"
"1162","Breaks",3708680,29,"Waitaria Bay"
"1163","Breaks",3708692,12,"Oyster Bay"
"1164","Breaks",3708697,32,"Duncan Bay"
"1165","Breaks",3708698,12,"Oyster Bay"
"1166","Breaks",3708704,27,"Sandy Bay"
"1167","Breaks",3708713,17,"Kaiuma Bay"
"1168","Breaks",3708715,17,"Kaiuma Bay"
"1169","Breaks",3708719,17,"Kaiuma Bay"
"1170","Breaks",3708732,12,"Oyster Bay"
"1171","Breaks",3708738,12,"Oyster Bay"
"1172","Breaks",3708749,17,"Kaiuma Bay"
"1173","Breaks",3708758,17,"Kaiuma Bay"
"1174","Breaks",3708761,21,"Willow Bay"
"1175","Breaks",3708762,7,"Grove Point/Arm Jetty"
"1176","Breaks",3708767,17,"Kaiuma Bay"
"1177","Breaks",3708771,30,"St. Omer Barge Ramp"
"1178","Breaks",3708780,17,"Kaiuma Bay"
"1179","Breaks",3708782,13,"Hakana Bay"
"1180","Breaks",3708797,21,"Willow Bay"
"1181","Breaks",3708799,27,"Sandy Bay"
"1182","Breaks",3708801,33,"Penzance Bay"
"1183","Breaks",3708814,11,"Punga Cove"
"1184","Breaks",3708816,12,"Oyster Bay"
"1185","Breaks",3708817,32,"Duncan Bay"
"1186","Breaks",3708818,12,"Oyster Bay"
"1187","Breaks",3708823,32,"Duncan Bay"
"1188","Breaks",3708827,32,"Duncan Bay"
"1189","Breaks",3708848,12,"Oyster Bay"
"1190","Breaks",3708850,6,"Anakiwa"
"1191","Breaks",3708854,12,"Oyster Bay"
"1192","Breaks",3708858,31,"Double Bay"
"1193","Breaks",3708891,12,"Oyster Bay"
"1194","Breaks",3708912,33,"Penzance Bay"
"1195","Breaks",3708921,27,"Sandy Bay"
"1196","Breaks",3708941,27,"Sandy Bay"
"1197","Breaks",3708948,12,"Oyster Bay"
"1198","Breaks",3708949,12,"Oyster Bay"
"1199","Breaks",3708955,12,"Oyster Bay"
"1200","Breaks",3708960,33,"Penzance Bay"
"1201","Breaks",3708961,7,"Grove Point/Arm Jetty"
"1202","Breaks",3708966,33,"Penzance Bay"
"1203","Breaks",3708968,32,"Duncan Bay"
"1204","Breaks",3708973,12,"Oyster Bay"
"1205","Breaks",3709010,17,"Kaiuma Bay"
"1206","Breaks",3709011,17,"Kaiuma Bay"
"1207","Breaks",3709013,11,"Punga Cove"
"1208","Breaks",3709014,12,"Oyster Bay"
"1209","Breaks",3709020,12,"Oyster Bay"
"1210","Breaks",3709024,12,"Oyster Bay"
"1211","Breaks",3709028,12,"Oyster Bay"
"1212","Breaks",3709029,8,"Momorangi Bay"
"1213","Breaks",3709038,12,"Oyster Bay"
"1214","Breaks",3709039,12,"Oyster Bay"
"1215","Breaks",3709047,12,"Oyster Bay"
"1216","Breaks",3709052,29,"Waitaria Bay"
"1217","Breaks",3709054,19,"Double Bay Boat Ramp"
"1218","Breaks",3709061,12,"Oyster Bay"
"1219","Breaks",3709063,12,"Oyster Bay"
"1220","Breaks",3709066,12,"Oyster Bay"
"1221","Breaks",3709068,21,"Willow Bay"
"1222","Breaks",3709069,12,"Oyster Bay"
"1223","Breaks",3709070,12,"Oyster Bay"
"1224","Breaks",3709071,12,"Oyster Bay"
"1225","Breaks",3709075,12,"Oyster Bay"
"1226","Breaks",3709083,12,"Oyster Bay"
"1227","Breaks",3709084,12,"Oyster Bay"
"1228","Breaks",3709087,12,"Oyster Bay"
"1229","Breaks",3709089,12,"Oyster Bay"
"1230","Breaks",3709093,12,"Oyster Bay"
"1231","Breaks",3709096,9,"Ngakuta Bay"
"1232","Breaks",3709097,12,"Oyster Bay"
"1233","Breaks",3709098,12,"Oyster Bay"
"1234","Breaks",3709099,17,"Kaiuma Bay"
"1235","Breaks",3709101,33,"Penzance Bay"
"1236","Breaks",3709104,12,"Oyster Bay"
"1237","Breaks",3709105,9,"Ngakuta Bay"
"1238","Breaks",3709106,29,"Waitaria Bay"
"1239","Breaks",3709110,21,"Willow Bay"
"1240","Breaks",3709117,33,"Penzance Bay"
"1241","Breaks",3709131,17,"Kaiuma Bay"
"1242","Breaks",3709138,12,"Oyster Bay"
"1243","Breaks",3709139,12,"Oyster Bay"
"1244","Breaks",3709141,12,"Oyster Bay"
"1245","Breaks",3709144,11,"Punga Cove"
"1246","Breaks",3709149,11,"Punga Cove"
"1247","Breaks",3709157,24,"Tara Bay"
"1248","Breaks",3709158,12,"Oyster Bay"
"1249","Breaks",3709160,23,"Te Mahia"
"1250","Breaks",3709161,23,"Te Mahia"
"1251","Breaks",3709162,11,"Punga Cove"
"1252","Breaks",3709166,10,"Waterfall Bay"
"1253","Breaks",3709169,24,"Tara Bay"
"1254","Breaks",3709171,27,"Sandy Bay"
"1255","Breaks",3709180,12,"Oyster Bay"
"1256","Breaks",3709181,12,"Oyster Bay"
"1257","Breaks",3709183,12,"Oyster Bay"
"1258","Breaks",3709208,32,"Duncan Bay"
"1259","Breaks",3709223,9,"Ngakuta Bay"
"1260","Breaks",3709229,9,"Ngakuta Bay"
"1261","Breaks",3709233,12,"Oyster Bay"
"1262","Breaks",3709244,25,"Cowshed Bay"
"1263","Breaks",3709261,12,"Oyster Bay"
"1264","Breaks",3709270,17,"Kaiuma Bay"
"1265","Breaks",3709272,7,"Grove Point/Arm Jetty"
"1266","Breaks",3709288,17,"Kaiuma Bay"
"1267","Breaks",3709292,12,"Oyster Bay"
"1268","Breaks",3709297,12,"Oyster Bay"
"1269","Breaks",3709308,11,"Punga Cove"
"1270","Breaks",3709309,32,"Duncan Bay"
"1271","Breaks",3709310,12,"Oyster Bay"
"1272","Breaks",3709321,12,"Oyster Bay"
"1273","Breaks",3709331,33,"Penzance Bay"
"1274","Breaks",3709332,19,"Double Bay Boat Ramp"
"1275","Breaks",3709335,30,"St. Omer Barge Ramp"
"1276","Breaks",3709370,21,"Willow Bay"
"1277","Breaks",3709375,17,"Kaiuma Bay"
"1278","Breaks",3709377,12,"Oyster Bay"
"1279","Breaks",3709387,29,"Waitaria Bay"
"1280","Breaks",3709388,27,"Sandy Bay"
"1281","Breaks",3709395,21,"Willow Bay"
"1282","Breaks",3709396,12,"Oyster Bay"
"1283","Breaks",3709399,15,"Portage Bay"
"1284","Breaks",3709403,21,"Willow Bay"
"1285","Breaks",3709409,25,"Cowshed Bay"
"1286","Breaks",3709410,24,"Tara Bay"
"1287","Breaks",3709411,24,"Tara Bay"
"1288","Breaks",3709412,25,"Cowshed Bay"
"1289","Breaks",3709428,32,"Duncan Bay"
"1290","Breaks",3709432,32,"Duncan Bay"
"1291","Breaks",3709433,12,"Oyster Bay"
"1292","Breaks",3709434,7,"Grove Point/Arm Jetty"
"1293","Breaks",3709435,7,"Grove Point/Arm Jetty"
"1294","Breaks",3709436,17,"Kaiuma Bay"
"1295","Breaks",3709442,7,"Grove Point/Arm Jetty"
"1296","Breaks",3709444,7,"Grove Point/Arm Jetty"
"1297","Breaks",3709445,7,"Grove Point/Arm Jetty"
"1298","Breaks",3709446,7,"Grove Point/Arm Jetty"
"1299","Breaks",3709447,7,"Grove Point/Arm Jetty"
"1300","Breaks",3709450,7,"Grove Point/Arm Jetty"
"1301","Breaks",3709455,9,"Ngakuta Bay"
"1302","Breaks",3709460,12,"Oyster Bay"
"1303","Breaks",3709463,32,"Duncan Bay"
"1304","Breaks",3709473,32,"Duncan Bay"
"1305","Breaks",3709485,12,"Oyster Bay"
"1306","Breaks",3709491,25,"Cowshed Bay"
"1307","Breaks",3709494,12,"Oyster Bay"
"1308","Breaks",3709502,32,"Duncan Bay"
"1309","Breaks",3709505,13,"Hakana Bay"
"1310","Breaks",3709506,11,"Punga Cove"
"1311","Breaks",3709511,11,"Punga Cove"
"1312","Breaks",3709512,10,"Waterfall Bay"
"1313","Breaks",3709513,30,"St. Omer Barge Ramp"
"1314","Breaks",3709517,17,"Kaiuma Bay"
"1315","Breaks",3709518,40,"Titirangi Bay"
"1316","Breaks",3709519,31,"Double Bay"
"1317","Breaks",3709523,12,"Oyster Bay"
"1318","Breaks",3709525,24,"Tara Bay"
"1319","Breaks",3709527,11,"Punga Cove"
"1320","Breaks",3709528,11,"Punga Cove"
"1321","Breaks",3709532,11,"Punga Cove"
"1322","Breaks",3709535,21,"Willow Bay"
"1323","Breaks",3709537,22,"Broughton Bay Road"
"1324","Breaks",3709538,26,"Nikau Cove Doc Camp"
"1325","Breaks",3709539,27,"Sandy Bay"
"1326","Breaks",3709540,13,"Hakana Bay"
"1327","Breaks",3709543,12,"Oyster Bay"
"1328","Breaks",3709544,27,"Sandy Bay"
"1329","Breaks",3709546,27,"Sandy Bay"
"1330","Breaks",3709548,21,"Willow Bay"
"1331","Breaks",3709551,10,"Waterfall Bay"
"1332","Breaks",3709553,11,"Punga Cove"
"1333","Breaks",3709554,11,"Punga Cove"
"1334","Breaks",3709555,25,"Cowshed Bay"
"1335","Breaks",3709560,24,"Tara Bay"
"1336","Breaks",3709561,24,"Tara Bay"
"1337","Breaks",3709562,12,"Oyster Bay"
"1338","Breaks",3709563,23,"Te Mahia"
"1339","Breaks",3709564,24,"Tara Bay"
"1340","Breaks",3709565,30,"St. Omer Barge Ramp"
"1341","Breaks",3709567,10,"Waterfall Bay"
"1342","Breaks",3709569,25,"Cowshed Bay"
"1343","Breaks",3709571,24,"Tara Bay"
"1344","Breaks",3709573,26,"Nikau Cove Doc Camp"
"1345","Breaks",3709575,12,"Oyster Bay"
"1346","Breaks",3709576,26,"Nikau Cove Doc Camp"
"1347","Breaks",3709578,24,"Tara Bay"
"1348","Breaks",3709579,21,"Willow Bay"
"1349","Breaks",3709582,7,"Grove Point/Arm Jetty"
"1350","Breaks",3709583,8,"Momorangi Bay"
"1351","Breaks",3709584,24,"Tara Bay"
"1352","Breaks",3709590,24,"Tara Bay"
"1353","Breaks",3709593,30,"St. Omer Barge Ramp"
"1354","Breaks",3709594,11,"Punga Cove"
"1355","Breaks",3709595,17,"Kaiuma Bay"
"1356","Breaks",3709598,17,"Kaiuma Bay"
"1357","Breaks",3709603,23,"Te Mahia"
"1358","Breaks",3709608,17,"Kaiuma Bay"
"1359","Breaks",3709610,11,"Punga Cove"
"1360","Breaks",3709614,17,"Kaiuma Bay"
"1361","Breaks",3709619,17,"Kaiuma Bay"
"1362","Breaks",3709623,24,"Tara Bay"
"1363","Breaks",3709624,25,"Cowshed Bay"
"1364","Breaks",3709625,21,"Willow Bay"
"1365","Breaks",3709626,25,"Cowshed Bay"
"1366","Breaks",3709629,24,"Tara Bay"
"1367","Breaks",3709632,7,"Grove Point/Arm Jetty"
"1368","Breaks",3709635,40,"Titirangi Bay"
"1369","Breaks",3709637,40,"Titirangi Bay"
"1370","Breaks",3709641,19,"Double Bay Boat Ramp"
"1371","Breaks",3709643,29,"Waitaria Bay"
"1372","Breaks",3709647,30,"St. Omer Barge Ramp"
"1373","Breaks",3709650,7,"Grove Point/Arm Jetty"
"1374","Breaks",3709652,12,"Oyster Bay"
"1375","Breaks",3709653,7,"Grove Point/Arm Jetty"
"1376","Breaks",3709654,12,"Oyster Bay"
"1377","Breaks",3709656,24,"Tara Bay"
"1378","Breaks",3709657,12,"Oyster Bay"
"1379","Breaks",3709663,8,"Momorangi Bay"
"1380","Breaks",3709666,12,"Oyster Bay"
"1381","Breaks",3709669,19,"Double Bay Boat Ramp"
"1382","Breaks",3709670,19,"Double Bay Boat Ramp"
"1383","Breaks",3709674,8,"Momorangi Bay"
"1384","Breaks",3709675,7,"Grove Point/Arm Jetty"
"1385","Breaks",3709676,7,"Grove Point/Arm Jetty"
"1386","Breaks",3709678,7,"Grove Point/Arm Jetty"
"1387","Breaks",3709679,18,"Moetapu Bay Jetty"
"1388","Breaks",3709681,19,"Double Bay Boat Ramp"
"1389","Breaks",3709682,7,"Grove Point/Arm Jetty"
"1390","Breaks",3709693,40,"Titirangi Bay"
"1391","Breaks",3709699,11,"Punga Cove"
"1392","Breaks",3709701,24,"Tara Bay"
"1393","Breaks",3709702,25,"Cowshed Bay"
"1394","Breaks",3709706,17,"Kaiuma Bay"
"1395","Breaks",3709707,23,"Te Mahia"
"1396","Breaks",3709708,10,"Waterfall Bay"
"1397","Breaks",3709710,19,"Double Bay Boat Ramp"
"1398","Breaks",3709714,13,"Hakana Bay"
"1399","Breaks",3709716,12,"Oyster Bay"
"1400","Breaks",3709718,40,"Titirangi Bay"
"1401","Breaks",3709719,12,"Oyster Bay"
"1402","Breaks",3709720,37,"Hamilton Bay (Rocky Creek) Ramp"
"1403","Breaks",3709721,30,"St. Omer Barge Ramp"
"1404","Breaks",3709722,32,"Duncan Bay"
"1405","Breaks",3709723,32,"Duncan Bay"
"1406","Breaks",3709724,32,"Duncan Bay"
"1407","Breaks",3709726,16,"Torea Bay"
"1408","Breaks",3709727,31,"Double Bay"
"1409","Breaks",3709732,24,"Tara Bay"
"1410","Breaks",3709733,25,"Cowshed Bay"
"1411","Breaks",3709737,16,"Torea Bay"
"1412","Breaks",3709738,24,"Tara Bay"
"1413","Breaks",3709740,17,"Kaiuma Bay"
"1414","Breaks",3709741,19,"Double Bay Boat Ramp"
"1415","Breaks",3709744,17,"Kaiuma Bay"
"1416","Breaks",3709748,17,"Kaiuma Bay"
"1417","Breaks",3709749,17,"Kaiuma Bay"
"1418","Breaks",3709750,17,"Kaiuma Bay"
"1419","Breaks",3709751,17,"Kaiuma Bay"
"1420","Breaks",3709755,17,"Kaiuma Bay"
"1421","Breaks",3709759,17,"Kaiuma Bay"
"1422","Breaks",3709760,15,"Portage Bay"
"1423","Breaks",3709761,17,"Kaiuma Bay"
"1424","Breaks",3709762,25,"Cowshed Bay"
"1425","Breaks",3709764,17,"Kaiuma Bay"
"1426","Breaks",3709765,17,"Kaiuma Bay"
"1427","Breaks",3709767,17,"Kaiuma Bay"
"1428","Breaks",3709770,17,"Kaiuma Bay"
"1429","Breaks",3709771,17,"Kaiuma Bay"
"1430","Breaks",3709773,11,"Punga Cove"
"1431","Breaks",3709774,17,"Kaiuma Bay"
"1432","Breaks",3709775,17,"Kaiuma Bay"
"1433","Breaks",3709776,17,"Kaiuma Bay"
"1434","Breaks",3709779,17,"Kaiuma Bay"
"1435","Breaks",3709780,17,"Kaiuma Bay"
"1436","Breaks",3709781,17,"Kaiuma Bay"
"1437","Breaks",3709783,12,"Oyster Bay"
"1438","Breaks",3709784,17,"Kaiuma Bay"
"1439","Breaks",3709788,17,"Kaiuma Bay"
"1440","Breaks",3709790,17,"Kaiuma Bay"
"1441","Breaks",3709793,32,"Duncan Bay"
"1442","Breaks",3709796,7,"Grove Point/Arm Jetty"
"1443","Breaks",3709797,31,"Double Bay"
"1444","Breaks",3709801,17,"Kaiuma Bay"
"1445","Breaks",3709806,10,"Waterfall Bay"
"1446","Breaks",3709807,6,"Anakiwa"
"1447","Breaks",3709808,10,"Waterfall Bay"
"1448","Breaks",3709809,16,"Torea Bay"
"1449","Breaks",3709811,21,"Willow Bay"
"1450","Breaks",3709812,24,"Tara Bay"
"1451","Breaks",3709813,24,"Tara Bay"
"1452","Breaks",3709814,30,"St. Omer Barge Ramp"
"1453","Breaks",3709817,10,"Waterfall Bay"
"1454","Breaks",3709818,10,"Waterfall Bay"
"1455","Breaks",3709820,11,"Punga Cove"
"1456","Breaks",3709821,17,"Kaiuma Bay"
"1457","Breaks",3709822,30,"St. Omer Barge Ramp"
"1458","Breaks",3709823,11,"Punga Cove"
"1459","Breaks",3709826,10,"Waterfall Bay"
"1460","Breaks",3709828,27,"Sandy Bay"
"1461","Breaks",3709830,17,"Kaiuma Bay"
"1462","Breaks",3709831,24,"Tara Bay"
"1463","Breaks",3709833,29,"Waitaria Bay"
"1464","Breaks",3709834,6,"Anakiwa"
"1465","Breaks",3709835,6,"Anakiwa"
"1466","Breaks",3709836,10,"Waterfall Bay"
"1467","Breaks",3709838,6,"Anakiwa"
"1468","Breaks",3709840,6,"Anakiwa"
"1469","Breaks",3709842,18,"Moetapu Bay Jetty"
"1470","Breaks",3709844,21,"Willow Bay"
"1471","Breaks",3709849,17,"Kaiuma Bay"
"1472","Breaks",3709860,30,"St. Omer Barge Ramp"
"1473","Breaks",3709863,30,"St. Omer Barge Ramp"
"1474","Breaks",3709865,13,"Hakana Bay"
"1475","Breaks",3709870,12,"Oyster Bay"
"1476","Breaks",3709878,12,"Oyster Bay"
"1477","Breaks",3709879,31,"Double Bay"
"1478","Breaks",3709880,30,"St. Omer Barge Ramp"
"1479","Breaks",3709882,11,"Punga Cove"
"1480","Breaks",3709883,13,"Hakana Bay"
"1481","Breaks",3709884,30,"St. Omer Barge Ramp"
"1482","Breaks",3709888,11,"Punga Cove"
"1483","Breaks",3709889,11,"Punga Cove"
"1484","Breaks",3709892,27,"Sandy Bay"
"1485","Breaks",3709897,6,"Anakiwa"
"1486","Breaks",3709899,6,"Anakiwa"
"1487","Breaks",3709900,6,"Anakiwa"
"1488","Breaks",3709905,12,"Oyster Bay"
"1489","Breaks",3709906,11,"Punga Cove"
"1490","Breaks",3709908,12,"Oyster Bay"
"1491","Breaks",3709910,13,"Hakana Bay"
"1492","Breaks",3709913,27,"Sandy Bay"
"1493","Breaks",3709915,11,"Punga Cove"
"1494","Breaks",3709918,13,"Hakana Bay"
"1495","Breaks",3709921,11,"Punga Cove"
"1496","Breaks",3709923,6,"Anakiwa"
"1497","Breaks",3709926,16,"Torea Bay"
"1498","Breaks",3709927,26,"Nikau Cove Doc Camp"
"1499","Breaks",3709928,11,"Punga Cove"
"1500","Breaks",3709929,20,"Ohingaroa Bay"
"1501","Breaks",3709931,21,"Willow Bay"
"1502","Breaks",3709932,27,"Sandy Bay"
"1503","Breaks",3709935,27,"Sandy Bay"
"1504","Breaks",3709937,11,"Punga Cove"
"1505","Breaks",3709938,27,"Sandy Bay"
"1506","Breaks",3709940,27,"Sandy Bay"
"1507","Breaks",3709943,12,"Oyster Bay"
"1508","Breaks",3709944,27,"Sandy Bay"
"1509","Breaks",3709945,16,"Torea Bay"
"1510","Breaks",3709946,27,"Sandy Bay"
"1511","Breaks",3709947,27,"Sandy Bay"
"1512","Breaks",3709950,29,"Waitaria Bay"
"1513","Breaks",3709952,11,"Punga Cove"
"1514","Breaks",3709955,13,"Hakana Bay"
"1515","Breaks",3709957,11,"Punga Cove"
"1516","Breaks",3709958,12,"Oyster Bay"
"1517","Breaks",3709959,15,"Portage Bay"
"1518","Breaks",3709961,11,"Punga Cove"
"1519","Breaks",3709962,12,"Oyster Bay"
"1520","Breaks",3709963,11,"Punga Cove"
"1521","Breaks",3709964,26,"Nikau Cove Doc Camp"
"1522","Breaks",3709969,25,"Cowshed Bay"
"1523","Breaks",3709970,27,"Sandy Bay"
"1524","Breaks",3709971,27,"Sandy Bay"
"1525","Breaks",3709972,27,"Sandy Bay"
"1526","Breaks",3709973,27,"Sandy Bay"
"1527","Breaks",3709975,27,"Sandy Bay"
"1528","Breaks",3709977,13,"Hakana Bay"
"1529","Breaks",3709983,11,"Punga Cove"
"1530","Breaks",3709985,11,"Punga Cove"
"1531","Breaks",3709988,17,"Kaiuma Bay"
"1532","Breaks",3709989,11,"Punga Cove"
"1533","Breaks",3709993,12,"Oyster Bay"
"1534","Breaks",3709994,12,"Oyster Bay"
"1535","Breaks",3709996,11,"Punga Cove"
"1536","Breaks",3710001,27,"Sandy Bay"
"1537","Breaks",3710003,30,"St. Omer Barge Ramp"
"1538","Breaks",3710004,29,"Waitaria Bay"
"1539","Breaks",3710005,23,"Te Mahia"
"1540","Breaks",3710006,21,"Willow Bay"
"1541","Breaks",3710009,11,"Punga Cove"
"1542","Breaks",3710014,29,"Waitaria Bay"
"1543","Breaks",3710015,27,"Sandy Bay"
"1544","Breaks",3710019,27,"Sandy Bay"
"1545","Breaks",3710020,27,"Sandy Bay"
"1546","Breaks",3710022,27,"Sandy Bay"
"1547","Breaks",3710026,25,"Cowshed Bay"
"1548","Breaks",3710027,11,"Punga Cove"
"1549","Breaks",3710028,15,"Portage Bay"
"1550","Breaks",3710034,24,"Tara Bay"
"1551","Breaks",3710035,30,"St. Omer Barge Ramp"
"1552","Breaks",3710041,32,"Duncan Bay"
"1553","Breaks",3710043,30,"St. Omer Barge Ramp"
"1554","Breaks",3710045,30,"St. Omer Barge Ramp"
"1555","Breaks",3710047,10,"Waterfall Bay"
"1556","Breaks",3710048,27,"Sandy Bay"
"1557","Breaks",3710052,21,"Willow Bay"
"1558","Breaks",3710053,12,"Oyster Bay"
"1559","Breaks",3710062,27,"Sandy Bay"
"1560","Breaks",3710067,12,"Oyster Bay"
"1561","Breaks",3710071,17,"Kaiuma Bay"
"1562","Breaks",3710079,12,"Oyster Bay"
"1563","Breaks",3710083,12,"Oyster Bay"
"1564","Breaks",3710084,13,"Hakana Bay"
"1565","Breaks",3710085,27,"Sandy Bay"
"1566","Breaks",3710086,30,"St. Omer Barge Ramp"
"1567","Breaks",3710087,12,"Oyster Bay"
"1568","Breaks",3710091,18,"Moetapu Bay Jetty"
"1569","Breaks",3710092,27,"Sandy Bay"
"1570","Breaks",3710093,11,"Punga Cove"
"1571","Breaks",3710094,11,"Punga Cove"
"1572","Breaks",3710096,27,"Sandy Bay"
"1573","Breaks",3710097,30,"St. Omer Barge Ramp"
"1574","Breaks",3710098,29,"Waitaria Bay"
"1575","Breaks",3710100,11,"Punga Cove"
"1576","Breaks",3710104,27,"Sandy Bay"
"1577","Breaks",3710105,11,"Punga Cove"
"1578","Breaks",3710107,13,"Hakana Bay"
"1579","Breaks",3710110,16,"Torea Bay"
"1580","Breaks",3710111,16,"Torea Bay"
"1581","Breaks",3710112,16,"Torea Bay"
"1582","Breaks",3710113,16,"Torea Bay"
"1583","Breaks",3710116,16,"Torea Bay"
"1584","Breaks",3710117,6,"Anakiwa"
"1585","Breaks",3710119,11,"Punga Cove"
"1586","Breaks",3710120,27,"Sandy Bay"
"1587","Breaks",3710121,27,"Sandy Bay"
"1588","Breaks",3710122,15,"Portage Bay"
"1589","Breaks",3710124,27,"Sandy Bay"
"1590","Breaks",3710125,17,"Kaiuma Bay"
"1591","Breaks",3710127,27,"Sandy Bay"
"1592","Breaks",3710128,30,"St. Omer Barge Ramp"
"1593","Breaks",3710129,18,"Moetapu Bay Jetty"
"1594","Breaks",3710131,29,"Waitaria Bay"
"1595","Breaks",3710132,30,"St. Omer Barge Ramp"
"1596","Breaks",3710133,17,"Kaiuma Bay"
"1597","Breaks",3710136,11,"Punga Cove"
"1598","Breaks",3710137,11,"Punga Cove"
"1599","Breaks",3710142,30,"St. Omer Barge Ramp"
"1600","Breaks",3710145,17,"Kaiuma Bay"
"1601","Breaks",3710148,14,"Elaine Bay"
"1602","Breaks",3710150,11,"Punga Cove"
"1603","Breaks",3710151,27,"Sandy Bay"
"1604","Breaks",3710152,27,"Sandy Bay"
"1605","Breaks",3710155,11,"Punga Cove"
"1606","Breaks",3710157,18,"Moetapu Bay Jetty"
"1607","Breaks",3710160,24,"Tara Bay"
"1608","Breaks",3710162,12,"Oyster Bay"
"1609","Breaks",3710165,12,"Oyster Bay"
"1610","Breaks",3710167,30,"St. Omer Barge Ramp"
"1611","Breaks",3710169,6,"Anakiwa"
"1612","Breaks",3710170,21,"Willow Bay"
"1613","Breaks",3710174,13,"Hakana Bay"
"1614","Breaks",3710176,30,"St. Omer Barge Ramp"
"1615","Breaks",3710180,12,"Oyster Bay"
"1616","Breaks",3710181,26,"Nikau Cove Doc Camp"
"1617","Breaks",3710187,9,"Ngakuta Bay"
"1618","Breaks",3710219,12,"Oyster Bay"
"1619","Breaks",3710220,23,"Te Mahia"
"1620","Breaks",3710225,24,"Tara Bay"
"1621","Breaks",3710231,25,"Cowshed Bay"
"1622","Breaks",3710232,13,"Hakana Bay"
"1623","Breaks",3710233,18,"Moetapu Bay Jetty"
"1624","Breaks",3710234,12,"Oyster Bay"
"1625","Breaks",3710236,18,"Moetapu Bay Jetty"
"1626","Breaks",3710237,12,"Oyster Bay"
"1627","Breaks",3710244,33,"Penzance Bay"
"1628","Breaks",3710247,12,"Oyster Bay"
"1629","Breaks",3710248,12,"Oyster Bay"
"1630","Breaks",3710249,13,"Hakana Bay"
"1631","Breaks",3710251,27,"Sandy Bay"
"1632","Breaks",3710252,27,"Sandy Bay"
"1633","Breaks",3710253,27,"Sandy Bay"
"1634","Breaks",3710254,12,"Oyster Bay"
"1635","Breaks",3710259,12,"Oyster Bay"
"1636","Breaks",3710261,24,"Tara Bay"
"1637","Breaks",3710262,13,"Hakana Bay"
"1638","Breaks",3710263,12,"Oyster Bay"
"1639","Breaks",3710266,11,"Punga Cove"
"1640","Breaks",3710267,12,"Oyster Bay"
"1641","Breaks",3710271,25,"Cowshed Bay"
"1642","Breaks",3710272,12,"Oyster Bay"
"1643","Breaks",3710273,25,"Cowshed Bay"
"1644","Breaks",3710278,12,"Oyster Bay"
"1645","Breaks",3710280,32,"Duncan Bay"
"1646","Breaks",3710284,33,"Penzance Bay"
"1647","Breaks",3710287,33,"Penzance Bay"
"1648","Breaks",3710289,12,"Oyster Bay"
"1649","Breaks",3710291,11,"Punga Cove"
"1650","Breaks",3710295,11,"Punga Cove"
"1651","Breaks",3710304,23,"Te Mahia"
"1652","Breaks",3710305,13,"Hakana Bay"
"1653","Breaks",3710307,11,"Punga Cove"
"1654","Breaks",3710308,40,"Titirangi Bay"
"1655","Breaks",3710315,12,"Oyster Bay"
"1656","Breaks",3710316,12,"Oyster Bay"
"1657","Breaks",3710317,13,"Hakana Bay"
"1658","Breaks",3710318,12,"Oyster Bay"
"1659","Breaks",3710320,12,"Oyster Bay"
"1660","Breaks",3710345,11,"Punga Cove"
"1661","Breaks",3710346,11,"Punga Cove"
"1662","Breaks",3710353,17,"Kaiuma Bay"
"1663","Breaks",3710354,25,"Cowshed Bay"
"1664","Breaks",3710356,17,"Kaiuma Bay"
"1665","Breaks",3710357,17,"Kaiuma Bay"
"1666","Breaks",3710360,17,"Kaiuma Bay"
"1667","Breaks",3710365,17,"Kaiuma Bay"
"1668","Breaks",3710366,17,"Kaiuma Bay"
"1669","Breaks",3710369,17,"Kaiuma Bay"
"1670","Breaks",3710370,17,"Kaiuma Bay"
"1671","Breaks",3710371,12,"Oyster Bay"
"1672","Breaks",3710374,17,"Kaiuma Bay"
"1673","Breaks",3710378,17,"Kaiuma Bay"
"1674","Breaks",3710382,17,"Kaiuma Bay"
"1675","Breaks",3710383,17,"Kaiuma Bay"
"1676","Breaks",3710384,17,"Kaiuma Bay"
"1677","Breaks",3710385,17,"Kaiuma Bay"
"1678","Breaks",3710386,17,"Kaiuma Bay"
"1679","Breaks",3710387,17,"Kaiuma Bay"
"1680","Breaks",3710425,12,"Oyster Bay"
"1681","Breaks",3710437,13,"Hakana Bay"
"1682","Breaks",3710441,13,"Hakana Bay"
"1683","Breaks",3710442,11,"Punga Cove"
"1684","Breaks",3710445,12,"Oyster Bay"
"1685","Breaks",3710456,12,"Oyster Bay"
"1686","Breaks",3710495,11,"Punga Cove"
"1687","Breaks",3710501,12,"Oyster Bay"
"1688","Breaks",3710503,33,"Penzance Bay"
"1689","Breaks",3710516,12,"Oyster Bay"
"1690","Breaks",3710521,12,"Oyster Bay"
"1691","Breaks",3710523,12,"Oyster Bay"
"1692","Breaks",3710526,17,"Kaiuma Bay"
"1693","Breaks",3710527,17,"Kaiuma Bay"
"1694","Breaks",3710531,17,"Kaiuma Bay"
"1695","Breaks",3710537,17,"Kaiuma Bay"
"1696","Breaks",3710542,12,"Oyster Bay"
"1697","Breaks",3710571,27,"Sandy Bay"
"1698","Breaks",3710579,17,"Kaiuma Bay"
"1699","Breaks",3710580,17,"Kaiuma Bay"
"1700","Breaks",3710592,17,"Kaiuma Bay"
"1701","Breaks",3710593,11,"Punga Cove"
"1702","Breaks",3710643,15,"Portage Bay"
"1703","Breaks",3710645,11,"Punga Cove"
"1704","Breaks",3710646,11,"Punga Cove"
"1705","Breaks",3710663,12,"Oyster Bay"
"1706","Breaks",3710667,12,"Oyster Bay"
"1707","Breaks",3710668,12,"Oyster Bay"
"1708","Breaks",3710682,12,"Oyster Bay"
"1709","Breaks",3710684,17,"Kaiuma Bay"
"1710","Breaks",3710688,12,"Oyster Bay"
"1711","Breaks",3710691,18,"Moetapu Bay Jetty"
"1712","Breaks",3710692,12,"Oyster Bay"
"1713","Breaks",3710694,33,"Penzance Bay"
"1714","Breaks",3710717,12,"Oyster Bay"
"1715","Breaks",3710721,15,"Portage Bay"
"1716","Breaks",3710723,12,"Oyster Bay"
"1717","Breaks",3710729,13,"Hakana Bay"
"1718","Breaks",3710734,11,"Punga Cove"
"1719","Breaks",3710735,11,"Punga Cove"
"1720","Breaks",3710738,11,"Punga Cove"
"1721","Breaks",3710747,40,"Titirangi Bay"
"1722","Breaks",3710751,21,"Willow Bay"
"1723","Breaks",3710759,13,"Hakana Bay"
"1724","Breaks",3710760,12,"Oyster Bay"
"1725","Breaks",3710761,12,"Oyster Bay"
"1726","Breaks",3710763,7,"Grove Point/Arm Jetty"
"1727","Breaks",3710765,24,"Tara Bay"
"1728","Breaks",3710766,7,"Grove Point/Arm Jetty"
"1729","Breaks",3710767,7,"Grove Point/Arm Jetty"
"1730","Breaks",3710768,7,"Grove Point/Arm Jetty"
"1731","Breaks",3710769,7,"Grove Point/Arm Jetty"
"1732","Breaks",3710770,7,"Grove Point/Arm Jetty"
"1733","Breaks",3710771,7,"Grove Point/Arm Jetty"
"1734","Breaks",3710772,7,"Grove Point/Arm Jetty"
"1735","Breaks",3710773,12,"Oyster Bay"
"1736","Breaks",3710775,7,"Grove Point/Arm Jetty"
"1737","Breaks",3710779,7,"Grove Point/Arm Jetty"
"1738","Breaks",3710782,7,"Grove Point/Arm Jetty"
"1739","Breaks",3710785,7,"Grove Point/Arm Jetty"
"1740","Breaks",3710786,7,"Grove Point/Arm Jetty"
"1741","Breaks",3710788,7,"Grove Point/Arm Jetty"
"1742","Breaks",3710793,12,"Oyster Bay"
"1743","Breaks",3710826,12,"Oyster Bay"
"1744","Breaks",3710838,12,"Oyster Bay"
"1745","Breaks",3710866,17,"Kaiuma Bay"
"1746","Breaks",3710872,11,"Punga Cove"
"1747","Breaks",3710890,11,"Punga Cove"
"1748","Breaks",3710891,12,"Oyster Bay"
"1749","Breaks",3710895,17,"Kaiuma Bay"
"1750","Breaks",3710931,12,"Oyster Bay"
"1751","Breaks",3710937,32,"Duncan Bay"
"1752","Breaks",3710939,13,"Hakana Bay"
"1753","Breaks",3710941,12,"Oyster Bay"
"1754","Breaks",3710945,12,"Oyster Bay"
"1755","Breaks",3710951,15,"Portage Bay"
"1756","Breaks",3710952,12,"Oyster Bay"
"1757","Breaks",3710965,18,"Moetapu Bay Jetty"
"1758","Breaks",3710983,11,"Punga Cove"
"1759","Breaks",3710996,17,"Kaiuma Bay"
"1760","Breaks",3711040,12,"Oyster Bay"
"1761","Breaks",3711073,9,"Ngakuta Bay"
"1762","Breaks",3711089,12,"Oyster Bay"
"1763","Breaks",3711115,9,"Ngakuta Bay"
"1764","Breaks",3711116,9,"Ngakuta Bay"
"1765","Breaks",3711126,12,"Oyster Bay"
"1766","Breaks",3711137,12,"Oyster Bay"
"1767","Breaks",3711141,12,"Oyster Bay"
"1768","Breaks",3711145,17,"Kaiuma Bay"
"1769","Breaks",3711146,11,"Punga Cove"
"1770","Breaks",3711150,12,"Oyster Bay"
"1771","Breaks",3711162,17,"Kaiuma Bay"
"1772","Breaks",3711170,11,"Punga Cove"
"1773","Breaks",3711171,13,"Hakana Bay"
"1774","Breaks",3711172,24,"Tara Bay"
"1775","Breaks",3711173,24,"Tara Bay"
"1776","Breaks",3711177,12,"Oyster Bay"
"1777","Breaks",3711188,12,"Oyster Bay"
"1778","Breaks",3711211,9,"Ngakuta Bay"
"1779","Breaks",3711273,17,"Kaiuma Bay"
"1780","Breaks",3711280,12,"Oyster Bay"
"1781","Breaks",3711301,12,"Oyster Bay"
"1782","Breaks",3711347,11,"Punga Cove"
"1783","Breaks",3711363,17,"Kaiuma Bay"
"1784","Breaks",3711366,33,"Penzance Bay"
"1785","Breaks",3711388,12,"Oyster Bay"
"1786","Breaks",3711390,12,"Oyster Bay"
"1787","Breaks",3711392,12,"Oyster Bay"
"1788","Breaks",3711393,17,"Kaiuma Bay"
"1789","Breaks",3711397,12,"Oyster Bay"
"1790","Breaks",3711400,12,"Oyster Bay"
"1791","Breaks",3711404,12,"Oyster Bay"
"1792","Breaks",3711405,17,"Kaiuma Bay"
"1793","Breaks",3711409,17,"Kaiuma Bay"
"1794","Breaks",3711415,12,"Oyster Bay"
"1795","Breaks",3711424,10,"Waterfall Bay"
"1796","Breaks",3711429,17,"Kaiuma Bay"
"1797","Breaks",3711448,12,"Oyster Bay"
"1798","Breaks",3711452,12,"Oyster Bay"
"1799","Breaks",3711454,17,"Kaiuma Bay"
"1800","Breaks",3711455,12,"Oyster Bay"
"1801","Breaks",3711458,12,"Oyster Bay"
"1802","Breaks",3711459,12,"Oyster Bay"
"1803","Breaks",3711463,17,"Kaiuma Bay"
"1804","Breaks",3711464,12,"Oyster Bay"
"1805","Breaks",3711465,12,"Oyster Bay"
"1806","Breaks",3711467,12,"Oyster Bay"
"1807","Breaks",3711469,17,"Kaiuma Bay"
"1808","Breaks",3711477,12,"Oyster Bay"
"1809","Breaks",3711482,12,"Oyster Bay"
"1810","Breaks",3711486,12,"Oyster Bay"
"1811","Breaks",3711499,27,"Sandy Bay"
"1812","Breaks",3711508,17,"Kaiuma Bay"
"1813","Breaks",3711519,17,"Kaiuma Bay"
"1814","Breaks",3711524,20,"Ohingaroa Bay"
"1815","Breaks",3711525,11,"Punga Cove"
"1816","Breaks",3711526,12,"Oyster Bay"
"1817","Breaks",3711527,12,"Oyster Bay"
"1818","Breaks",3711529,12,"Oyster Bay"
"1819","Breaks",3711531,11,"Punga Cove"
"1820","Breaks",3711532,21,"Willow Bay"
"1821","Breaks",3711533,11,"Punga Cove"
"1822","Breaks",3711536,13,"Hakana Bay"
"1823","Breaks",3711537,11,"Punga Cove"
"1824","Breaks",3711538,11,"Punga Cove"
"1825","Breaks",3711540,26,"Nikau Cove Doc Camp"
"1826","Breaks",3711541,12,"Oyster Bay"
"1827","Breaks",3711543,17,"Kaiuma Bay"
"1828","Breaks",3711549,17,"Kaiuma Bay"
"1829","Breaks",3711550,12,"Oyster Bay"
"1830","Breaks",3711552,12,"Oyster Bay"
"1831","Breaks",3711554,32,"Duncan Bay"
"1832","Breaks",3711563,20,"Ohingaroa Bay"
"1833","Breaks",3711564,27,"Sandy Bay"
"1834","Breaks",3711565,21,"Willow Bay"
"1835","Breaks",3711576,17,"Kaiuma Bay"
"1836","Breaks",3711577,17,"Kaiuma Bay"
"1837","Breaks",3711581,32,"Duncan Bay"
"1838","Breaks",3711599,27,"Sandy Bay"
"1839","Breaks",3711606,12,"Oyster Bay"
"1840","Breaks",3711608,12,"Oyster Bay"
"1841","Breaks",3711613,7,"Grove Point/Arm Jetty"
"1842","Breaks",3711622,7,"Grove Point/Arm Jetty"
"1843","Breaks",3711630,12,"Oyster Bay"
"1844","Breaks",3711631,12,"Oyster Bay"
"1845","Breaks",3711638,17,"Kaiuma Bay"
"1846","Breaks",3711644,31,"Double Bay"
"1847","Breaks",3711658,12,"Oyster Bay"
"1848","Breaks",3711676,12,"Oyster Bay"
"1849","Breaks",3711679,12,"Oyster Bay"
"1850","Breaks",3711683,7,"Grove Point/Arm Jetty"
"1851","Breaks",3711697,7,"Grove Point/Arm Jetty"
"1852","Breaks",3711723,12,"Oyster Bay"
"1853","Breaks",3711725,17,"Kaiuma Bay"
"1854","Breaks",3711727,12,"Oyster Bay"
"1855","Breaks",3711755,12,"Oyster Bay"
"1856","Breaks",3711762,12,"Oyster Bay"
"1857","Breaks",3711785,12,"Oyster Bay"
"1858","Breaks",3711789,27,"Sandy Bay"
"1859","Breaks",3711790,12,"Oyster Bay"
"1860","Breaks",3711814,13,"Hakana Bay"
"1861","Breaks",3711826,12,"Oyster Bay"
"1862","Breaks",3711831,12,"Oyster Bay"
"1863","Breaks",3711834,12,"Oyster Bay"
"1864","Breaks",3711839,18,"Moetapu Bay Jetty"
"1865","Breaks",3711845,17,"Kaiuma Bay"
"1866","Breaks",3711857,13,"Hakana Bay"
"1867","Breaks",3711858,17,"Kaiuma Bay"
"1868","Breaks",3711861,12,"Oyster Bay"
"1869","Breaks",3711869,17,"Kaiuma Bay"
"1870","Breaks",3711870,17,"Kaiuma Bay"
"1871","Breaks",3711912,12,"Oyster Bay"
"1872","Breaks",3711939,12,"Oyster Bay"
"1873","Breaks",3711942,17,"Kaiuma Bay"
"1874","Breaks",3711959,12,"Oyster Bay"
"1875","Breaks",3711969,26,"Nikau Cove Doc Camp"
"1876","Breaks",3712001,12,"Oyster Bay"
"1877","Breaks",3712014,31,"Double Bay"
"1878","Breaks",3712015,30,"St. Omer Barge Ramp"
"1879","Breaks",3712062,17,"Kaiuma Bay"
"1880","Breaks",3712065,12,"Oyster Bay"
"1881","Breaks",3712067,12,"Oyster Bay"
"1882","Breaks",3712068,12,"Oyster Bay"
"1883","Breaks",3712069,12,"Oyster Bay"
"1884","Breaks",3712071,12,"Oyster Bay"
"1885","Breaks",3712076,22,"Broughton Bay Road"
"1886","Breaks",3712081,17,"Kaiuma Bay"
"1887","Breaks",3712082,12,"Oyster Bay"
"1888","Breaks",3712083,12,"Oyster Bay"
"1889","Breaks",3712084,12,"Oyster Bay"
"1890","Breaks",3712096,12,"Oyster Bay"
"1891","Breaks",3712098,12,"Oyster Bay"
"1892","Breaks",3712102,12,"Oyster Bay"
"1893","Breaks",3712107,12,"Oyster Bay"
"1894","Breaks",3712108,21,"Willow Bay"
"1895","Breaks",3712115,12,"Oyster Bay"
"1896","Breaks",3712125,17,"Kaiuma Bay"
"1897","Breaks",3712127,17,"Kaiuma Bay"
"1898","Breaks",3712130,17,"Kaiuma Bay"
"1899","Breaks",3712138,12,"Oyster Bay"
"1900","Breaks",3712142,17,"Kaiuma Bay"
"1901","Breaks",3712145,24,"Tara Bay"
"1902","Breaks",3712146,12,"Oyster Bay"
"1903","Breaks",3712157,12,"Oyster Bay"
"1904","Breaks",3712160,17,"Kaiuma Bay"
"1905","Breaks",3712165,30,"St. Omer Barge Ramp"
"1906","Breaks",3712167,12,"Oyster Bay"
"1907","Breaks",3712171,12,"Oyster Bay"
"1908","Breaks",3712173,12,"Oyster Bay"
"1909","Breaks",3712186,9,"Ngakuta Bay"
"1910","Breaks",3712189,12,"Oyster Bay"
"1911","Breaks",3712191,12,"Oyster Bay"
"1912","Breaks",3712195,12,"Oyster Bay"
"1913","Breaks",3712199,12,"Oyster Bay"
"1914","Breaks",3712200,12,"Oyster Bay"
"1915","Breaks",3712201,12,"Oyster Bay"
"1916","Breaks",3712202,12,"Oyster Bay"
"1917","Breaks",3712210,12,"Oyster Bay"
"1918","Breaks",3712213,12,"Oyster Bay"
"1919","Breaks",3712214,12,"Oyster Bay"
"1920","Breaks",3712216,12,"Oyster Bay"
"1921","Breaks",3712218,12,"Oyster Bay"
"1922","Breaks",3712219,12,"Oyster Bay"
"1923","Breaks",3712220,12,"Oyster Bay"
"1924","Breaks",3712221,12,"Oyster Bay"
"1925","Breaks",3712222,12,"Oyster Bay"
"1926","Breaks",3712223,29,"Waitaria Bay"
"1927","Breaks",3712224,11,"Punga Cove"
"1928","Breaks",3712232,17,"Kaiuma Bay"
"1929","Breaks",3712245,13,"Hakana Bay"
"1930","Breaks",3712247,12,"Oyster Bay"
"1931","Breaks",3712256,12,"Oyster Bay"
"1932","Breaks",3712258,13,"Hakana Bay"
"1933","Breaks",3712268,12,"Oyster Bay"
"1934","Breaks",3712269,33,"Penzance Bay"
"1935","Breaks",3712278,9,"Ngakuta Bay"
"1936","Breaks",3712279,12,"Oyster Bay"
"1937","Breaks",3712280,12,"Oyster Bay"
"1938","Breaks",3712292,21,"Willow Bay"
"1939","Breaks",3712303,20,"Ohingaroa Bay"
"1940","Breaks",3712309,12,"Oyster Bay"
"1941","Breaks",3712311,12,"Oyster Bay"
"1942","Breaks",3712315,12,"Oyster Bay"
"1943","Breaks",3712320,12,"Oyster Bay"
"1944","Breaks",3712325,12,"Oyster Bay"
"1945","Breaks",3712332,12,"Oyster Bay"
"1946","Breaks",3712335,12,"Oyster Bay"
"1947","Breaks",3712338,12,"Oyster Bay"
"1948","Breaks",3712339,12,"Oyster Bay"
"1949","Breaks",3712340,12,"Oyster Bay"
"1950","Breaks",3712342,12,"Oyster Bay"
"1951","Breaks",3712344,7,"Grove Point/Arm Jetty"
"1952","Breaks",3712348,17,"Kaiuma Bay"
"1953","Breaks",3712350,17,"Kaiuma Bay"
"1954","Breaks",3712351,17,"Kaiuma Bay"
"1955","Breaks",3712362,12,"Oyster Bay"
"1956","Breaks",3712364,12,"Oyster Bay"
"1957","Breaks",3712374,12,"Oyster Bay"
"1958","Breaks",3712379,12,"Oyster Bay"
"1959","Breaks",3712382,12,"Oyster Bay"
"1960","Breaks",3712383,12,"Oyster Bay"
"1961","Breaks",3712384,12,"Oyster Bay"
"1962","Breaks",3712395,6,"Anakiwa"
"1963","Breaks",3712401,17,"Kaiuma Bay"
"1964","Breaks",3712403,17,"Kaiuma Bay"
"1965","Breaks",3712409,12,"Oyster Bay"
"1966","Breaks",3712410,12,"Oyster Bay"
"1967","Breaks",3712412,12,"Oyster Bay"
"1968","Breaks",3712415,12,"Oyster Bay"
"1969","Breaks",3712431,17,"Kaiuma Bay"
"1970","Breaks",3712440,17,"Kaiuma Bay"
"1971","Breaks",3712445,40,"Titirangi Bay"
"1972","Breaks",3712449,17,"Kaiuma Bay"
"1973","Breaks",3712450,17,"Kaiuma Bay"
"1974","Breaks",3712452,12,"Oyster Bay"
"1975","Breaks",3712457,19,"Double Bay Boat Ramp"
"1976","Breaks",3712462,29,"Waitaria Bay"
"1977","Breaks",3712466,11,"Punga Cove"
"1978","Breaks",3712467,13,"Hakana Bay"
"1979","Breaks",3712471,30,"St. Omer Barge Ramp"
"1980","Breaks",3712473,12,"Oyster Bay"
"1981","Breaks",3712474,13,"Hakana Bay"
"1982","Breaks",3712479,32,"Duncan Bay"
"1983","Breaks",3712480,12,"Oyster Bay"
"1984","Breaks",3712481,12,"Oyster Bay"
"1985","Breaks",3712483,13,"Hakana Bay"
"1986","Breaks",3712485,9,"Ngakuta Bay"
"1987","Breaks",3712486,9,"Ngakuta Bay"
"1988","Breaks",3712489,12,"Oyster Bay"
"1989","Breaks",3712491,12,"Oyster Bay"
"1990","Breaks",3712497,11,"Punga Cove"
"1991","Breaks",3712498,32,"Duncan Bay"
"1992","Breaks",3712499,12,"Oyster Bay"
"1993","Breaks",3712500,20,"Ohingaroa Bay"
"1994","Breaks",3712503,12,"Oyster Bay"
"1995","Breaks",3712512,12,"Oyster Bay"
"1996","Breaks",3712515,12,"Oyster Bay"
"1997","Breaks",3712524,32,"Duncan Bay"
"1998","Breaks",3712526,27,"Sandy Bay"
"1999","Breaks",3712528,19,"Double Bay Boat Ramp"
"2000","Breaks",3712529,21,"Willow Bay"
"2001","Breaks",3712530,21,"Willow Bay"
"2002","Breaks",3712534,12,"Oyster Bay"
"2003","Breaks",3712535,17,"Kaiuma Bay"
"2004","Breaks",3712537,27,"Sandy Bay"
"2005","Breaks",3712541,12,"Oyster Bay"
"2006","Breaks",3712543,31,"Double Bay"
"2007","Breaks",3712544,19,"Double Bay Boat Ramp"
"2008","Breaks",3712545,30,"St. Omer Barge Ramp"
"2009","Breaks",3712551,7,"Grove Point/Arm Jetty"
"2010","Breaks",3712557,13,"Hakana Bay"
"2011","Breaks",3712559,30,"St. Omer Barge Ramp"
"2012","Breaks",3712562,17,"Kaiuma Bay"
"2013","Breaks",3712568,13,"Hakana Bay"
"2014","Breaks",3712573,11,"Punga Cove"
"2015","Breaks",3712575,13,"Hakana Bay"
"2016","Breaks",3712582,6,"Anakiwa"
"2017","Breaks",3712584,11,"Punga Cove"
"2018","Breaks",3712585,25,"Cowshed Bay"
"2019","Breaks",3712588,9,"Ngakuta Bay"
"2020","Breaks",3712589,9,"Ngakuta Bay"
"2021","Breaks",3712590,19,"Double Bay Boat Ramp"
"2022","Breaks",3712591,11,"Punga Cove"
"2023","Breaks",3712592,11,"Punga Cove"
"2024","Breaks",3712596,30,"St. Omer Barge Ramp"
"2025","Breaks",3712597,13,"Hakana Bay"
"2026","Breaks",3712599,12,"Oyster Bay"
"2027","Breaks",3712600,12,"Oyster Bay"
"2028","Breaks",3712601,21,"Willow Bay"
"2029","Breaks",3712603,20,"Ohingaroa Bay"
"2030","Breaks",3712604,27,"Sandy Bay"
"2031","Breaks",3712607,27,"Sandy Bay"
"2032","Breaks",3712611,11,"Punga Cove"
"2033","Breaks",3712612,12,"Oyster Bay"
"2034","Breaks",3712613,13,"Hakana Bay"
"2035","Breaks",3712614,13,"Hakana Bay"
"2036","Breaks",3712615,33,"Penzance Bay"
"2037","Breaks",3712617,19,"Double Bay Boat Ramp"
"2038","Breaks",3712619,12,"Oyster Bay"
"2039","Breaks",3712622,30,"St. Omer Barge Ramp"
"2040","Breaks",3712633,12,"Oyster Bay"
"2041","Breaks",3712653,17,"Kaiuma Bay"
"2042","Breaks",3712667,40,"Titirangi Bay"
"2043","Breaks",3712669,11,"Punga Cove"
"2044","Breaks",3712671,11,"Punga Cove"
"2045","Breaks",3712672,11,"Punga Cove"
"2046","Breaks",3712678,7,"Grove Point/Arm Jetty"
"2047","Breaks",3712679,7,"Grove Point/Arm Jetty"
"2048","Breaks",3712680,7,"Grove Point/Arm Jetty"
"2049","Breaks",3712681,7,"Grove Point/Arm Jetty"
"2050","Breaks",3712682,11,"Punga Cove"
"2051","Breaks",3712683,27,"Sandy Bay"
"2052","Breaks",3712684,24,"Tara Bay"
"2053","Breaks",3712685,22,"Broughton Bay Road"
"2054","Breaks",3712689,12,"Oyster Bay"
"2055","Breaks",3712699,12,"Oyster Bay"
"2056","Breaks",3712708,12,"Oyster Bay"
"2057","Breaks",3712712,9,"Ngakuta Bay"
"2058","Breaks",3712713,9,"Ngakuta Bay"
"2059","Breaks",3712732,12,"Oyster Bay"
"2060","Breaks",3712740,12,"Oyster Bay"
"2061","Breaks",3712745,17,"Kaiuma Bay"
"2062","Breaks",3712758,17,"Kaiuma Bay"
"2063","Breaks",3712762,12,"Oyster Bay"
"2064","Breaks",3712765,17,"Kaiuma Bay"
"2065","Breaks",3712774,12,"Oyster Bay"
"2066","Breaks",3712784,17,"Kaiuma Bay"
"2067","Breaks",3712785,12,"Oyster Bay"
"2068","Breaks",3712789,12,"Oyster Bay"
"2069","Breaks",3712790,12,"Oyster Bay"
"2070","Breaks",3712791,17,"Kaiuma Bay"
"2071","Breaks",3712799,12,"Oyster Bay"
"2072","Breaks",3712801,9,"Ngakuta Bay"
"2073","Breaks",3712808,13,"Hakana Bay"
"2074","Breaks",3712810,37,"Hamilton Bay (Rocky Creek) Ramp"
"2075","Breaks",3712818,12,"Oyster Bay"
"2076","Breaks",3712824,17,"Kaiuma Bay"
"2077","Breaks",3712825,30,"St. Omer Barge Ramp"
"2078","Breaks",3712828,25,"Cowshed Bay"
"2079","Breaks",3712836,12,"Oyster Bay"
"2080","Breaks",3712877,17,"Kaiuma Bay"
"2081","Breaks",3712878,13,"Hakana Bay"
"2082","Breaks",3712880,30,"St. Omer Barge Ramp"
"2083","Breaks",3712881,12,"Oyster Bay"
"2084","Breaks",3712888,12,"Oyster Bay"
"2085","Breaks",3712897,13,"Hakana Bay"
"2086","Breaks",3712907,30,"St. Omer Barge Ramp"
"2087","Breaks",3712909,12,"Oyster Bay"
"2088","Breaks",3712912,13,"Hakana Bay"
"2089","Breaks",3712941,9,"Ngakuta Bay"
"2090","Breaks",3712951,20,"Ohingaroa Bay"
"2091","Breaks",3712956,29,"Waitaria Bay"
"2092","Breaks",3712959,12,"Oyster Bay"
"2093","Breaks",3712965,24,"Tara Bay"
"2094","Breaks",3712967,27,"Sandy Bay"
"2095","Breaks",3712978,12,"Oyster Bay"
"2096","Breaks",3712983,12,"Oyster Bay"
"2097","Breaks",3712988,12,"Oyster Bay"
"2098","Breaks",3713012,12,"Oyster Bay"
"2099","Breaks",3713015,17,"Kaiuma Bay"
"2100","Breaks",3713027,17,"Kaiuma Bay"
"2101","Breaks",3713028,17,"Kaiuma Bay"
"2102","Breaks",3713036,17,"Kaiuma Bay"
"2103","Breaks",3713042,13,"Hakana Bay"
"2104","Breaks",3713056,12,"Oyster Bay"
"2105","Breaks",3713062,12,"Oyster Bay"
"2106","Breaks",3713064,7,"Grove Point/Arm Jetty"
"2107","Breaks",3713065,7,"Grove Point/Arm Jetty"
"2108","Breaks",3713069,7,"Grove Point/Arm Jetty"
"2109","Breaks",3713070,7,"Grove Point/Arm Jetty"
"2110","Breaks",3713076,30,"St. Omer Barge Ramp"
"2111","Breaks",3713079,12,"Oyster Bay"
"2112","Breaks",3713087,11,"Punga Cove"
"2113","Breaks",3713089,12,"Oyster Bay"
"2114","Breaks",3713091,12,"Oyster Bay"
"2115","Breaks",3713093,12,"Oyster Bay"
"2116","Breaks",3713094,7,"Grove Point/Arm Jetty"
"2117","Breaks",3713101,12,"Oyster Bay"
"2118","Breaks",3713102,30,"St. Omer Barge Ramp"
"2119","Breaks",3713104,17,"Kaiuma Bay"
"2120","Breaks",3713106,17,"Kaiuma Bay"
"2121","Breaks",3713115,12,"Oyster Bay"
"2122","Breaks",3713123,17,"Kaiuma Bay"
"2123","Breaks",3713124,17,"Kaiuma Bay"
"2124","Breaks",3713153,12,"Oyster Bay"
"2125","Breaks",3713155,12,"Oyster Bay"
"2126","Breaks",3713160,12,"Oyster Bay"
"2127","Breaks",3713162,12,"Oyster Bay"
"2128","Breaks",3713183,17,"Kaiuma Bay"
"2129","Breaks",3713188,17,"Kaiuma Bay"
"2130","Breaks",3713193,27,"Sandy Bay"
"2131","Breaks",3713205,12,"Oyster Bay"
"2132","Breaks",3713214,11,"Punga Cove"
"2133","Breaks",3713217,13,"Hakana Bay"
"2134","Breaks",3713222,17,"Kaiuma Bay"
"2135","Breaks",3713234,32,"Duncan Bay"
"2136","Breaks",3713235,37,"Hamilton Bay (Rocky Creek) Ramp"
"2137","Breaks",3713248,12,"Oyster Bay"
"2138","Breaks",3713249,12,"Oyster Bay"
"2139","Breaks",3713251,17,"Kaiuma Bay"
"2140","Breaks",3713262,17,"Kaiuma Bay"
"2141","Breaks",3713276,17,"Kaiuma Bay"
"2142","Breaks",3713280,24,"Tara Bay"
"2143","Breaks",3713281,13,"Hakana Bay"
"2144","Breaks",3713282,9,"Ngakuta Bay"
"2145","Breaks",3713283,13,"Hakana Bay"
"2146","Breaks",3713284,17,"Kaiuma Bay"
"2147","Breaks",3713286,29,"Waitaria Bay"
"2148","Breaks",3713290,12,"Oyster Bay"
"2149","Breaks",3713291,12,"Oyster Bay"
"2150","Breaks",3713307,12,"Oyster Bay"
"2151","Breaks",3713324,11,"Punga Cove"
"2152","Breaks",3713326,12,"Oyster Bay"
"2153","Breaks",3713338,17,"Kaiuma Bay"
"2154","Breaks",3713342,17,"Kaiuma Bay"
"2155","Breaks",3713354,12,"Oyster Bay"
"2156","Breaks",3713361,17,"Kaiuma Bay"
"2157","Breaks",3713367,12,"Oyster Bay"
"2158","Breaks",3713368,12,"Oyster Bay"
"2159","Breaks",3713369,17,"Kaiuma Bay"
"2160","Breaks",3713384,7,"Grove Point/Arm Jetty"
"2161","Breaks",3713391,12,"Oyster Bay"
"2162","Breaks",3713394,17,"Kaiuma Bay"
"2163","Breaks",3713406,12,"Oyster Bay"
"2164","Breaks",3713407,12,"Oyster Bay"
"2165","Breaks",3713408,12,"Oyster Bay"
"2166","Breaks",3713409,12,"Oyster Bay"
"2167","Breaks",3713411,17,"Kaiuma Bay"
"2168","Breaks",3713418,19,"Double Bay Boat Ramp"
"2169","Breaks",3713425,12,"Oyster Bay"
"2170","Breaks",3713428,12,"Oyster Bay"
"2171","Breaks",3713429,12,"Oyster Bay"
"2172","Breaks",3713443,10,"Waterfall Bay"
"2173","Breaks",3713445,30,"St. Omer Barge Ramp"
"2174","Breaks",3713462,12,"Oyster Bay"
"2175","Breaks",3713464,12,"Oyster Bay"
"2176","Breaks",3713465,12,"Oyster Bay"
"2177","Breaks",3713466,12,"Oyster Bay"
"2178","Breaks",3713467,12,"Oyster Bay"
"2179","Breaks",3713468,12,"Oyster Bay"
"2180","Breaks",3713469,12,"Oyster Bay"
"2181","Breaks",3713470,12,"Oyster Bay"
"2182","Breaks",3713471,12,"Oyster Bay"
"2183","Breaks",3713473,12,"Oyster Bay"
"2184","Breaks",3713500,19,"Double Bay Boat Ramp"
"2185","Breaks",3713504,12,"Oyster Bay"
"2186","Breaks",3713505,19,"Double Bay Boat Ramp"
"2187","Breaks",3713506,7,"Grove Point/Arm Jetty"
"2188","Breaks",3713517,11,"Punga Cove"
"2189","Breaks",3713525,17,"Kaiuma Bay"
"2190","Breaks",3713534,12,"Oyster Bay"
"2191","Breaks",3713535,12,"Oyster Bay"
"2192","Breaks",3713541,12,"Oyster Bay"
"2193","Breaks",3713542,12,"Oyster Bay"
"2194","Breaks",3713543,12,"Oyster Bay"
"2195","Breaks",3713546,17,"Kaiuma Bay"
"2196","Breaks",3713547,17,"Kaiuma Bay"
"2197","Breaks",3713575,17,"Kaiuma Bay"
"2198","Breaks",3713580,9,"Ngakuta Bay"
"2199","Breaks",3713584,9,"Ngakuta Bay"
"2200","Breaks",3713590,12,"Oyster Bay"
"2201","Breaks",3713611,13,"Hakana Bay"
"2202","Breaks",3713620,30,"St. Omer Barge Ramp"
"2203","Breaks",3713621,30,"St. Omer Barge Ramp"
"2204","Breaks",3713622,30,"St. Omer Barge Ramp"
"2205","Breaks",3713625,13,"Hakana Bay"
"2206","Breaks",3713633,12,"Oyster Bay"
"2207","Breaks",3713635,12,"Oyster Bay"
"2208","Breaks",3713638,12,"Oyster Bay"
"2209","Breaks",3713656,12,"Oyster Bay"
"2210","Breaks",3713671,17,"Kaiuma Bay"
"2211","Breaks",3713702,12,"Oyster Bay"
"2212","Breaks",3713705,12,"Oyster Bay"
"2213","Breaks",3713708,12,"Oyster Bay"
"2214","Breaks",3713730,17,"Kaiuma Bay"
"2215","Breaks",3713731,12,"Oyster Bay"
"2216","Breaks",3713732,12,"Oyster Bay"
"2217","Breaks",3713753,13,"Hakana Bay"
"2218","Breaks",3713758,12,"Oyster Bay"
"2219","Breaks",3713761,17,"Kaiuma Bay"
"2220","Breaks",3713763,12,"Oyster Bay"
"2221","Breaks",3713766,12,"Oyster Bay"
"2222","Breaks",3713776,12,"Oyster Bay"
"2223","Breaks",3713779,12,"Oyster Bay"
"2224","Breaks",3713780,12,"Oyster Bay"
"2225","Breaks",3713783,18,"Moetapu Bay Jetty"
"2226","Breaks",3713790,29,"Waitaria Bay"
"2227","Breaks",3713793,30,"St. Omer Barge Ramp"
"2228","Breaks",3713794,15,"Portage Bay"
"2229","Breaks",3713802,33,"Penzance Bay"
"2230","Breaks",3713848,12,"Oyster Bay"
"2231","Breaks",3713851,12,"Oyster Bay"
"2232","Breaks",3713859,29,"Waitaria Bay"
"2233","Breaks",3713862,18,"Moetapu Bay Jetty"
"2234","Breaks",3713864,12,"Oyster Bay"
"2235","Breaks",3713875,12,"Oyster Bay"
"2236","Breaks",3713880,20,"Ohingaroa Bay"
"2237","Breaks",3713916,12,"Oyster Bay"
"2238","Breaks",3713917,7,"Grove Point/Arm Jetty"
"2239","Breaks",3713929,9,"Ngakuta Bay"
"2240","Breaks",3713932,12,"Oyster Bay"
"2241","Breaks",3713934,12,"Oyster Bay"
"2242","Breaks",3713974,12,"Oyster Bay"
"2243","Breaks",3713979,12,"Oyster Bay"
"2244","Breaks",3713999,12,"Oyster Bay"
"2245","Breaks",3714000,11,"Punga Cove"
"2246","Breaks",3714003,17,"Kaiuma Bay"
"2247","Breaks",3714005,11,"Punga Cove"
"2248","Breaks",3714015,17,"Kaiuma Bay"
"2249","Breaks",3714026,12,"Oyster Bay"
"2250","Breaks",3714031,11,"Punga Cove"
"2251","Breaks",3714033,12,"Oyster Bay"
"2252","Breaks",3714070,17,"Kaiuma Bay"
"2253","Breaks",3714082,8,"Momorangi Bay"
"2254","Breaks",3714091,32,"Duncan Bay"
"2255","Breaks",3714100,12,"Oyster Bay"
"2256","Breaks",3714114,17,"Kaiuma Bay"
"2257","Breaks",3714121,17,"Kaiuma Bay"
"2258","Breaks",3714122,12,"Oyster Bay"
"2259","Breaks",3714134,13,"Hakana Bay"
"2260","Breaks",3714137,19,"Double Bay Boat Ramp"
"2261","Breaks",3714144,12,"Oyster Bay"
"2262","Breaks",3714147,12,"Oyster Bay"
"2263","Breaks",3714153,17,"Kaiuma Bay"
"2264","Breaks",3714158,12,"Oyster Bay"
"2265","Breaks",3714160,12,"Oyster Bay"
"2266","Breaks",3714163,17,"Kaiuma Bay"
"2267","Breaks",3714169,12,"Oyster Bay"
"2268","Breaks",3714177,12,"Oyster Bay"
"2269","Breaks",3714180,12,"Oyster Bay"
"2270","Breaks",3714186,17,"Kaiuma Bay"
"2271","Breaks",3714188,17,"Kaiuma Bay"
"2272","Breaks",3714203,12,"Oyster Bay"
"2273","Breaks",3714204,32,"Duncan Bay"
"2274","Breaks",3714205,12,"Oyster Bay"
"2275","Breaks",3714209,18,"Moetapu Bay Jetty"
"2276","Breaks",3714210,12,"Oyster Bay"
"2277","Breaks",3714216,12,"Oyster Bay"
"2278","Breaks",3714218,32,"Duncan Bay"
"2279","Breaks",3714226,17,"Kaiuma Bay"
"2280","Breaks",3714229,7,"Grove Point/Arm Jetty"
"2281","Breaks",3714231,12,"Oyster Bay"
"2282","Breaks",3714233,17,"Kaiuma Bay"
"2283","Breaks",3714238,19,"Double Bay Boat Ramp"
"2284","Breaks",3714243,32,"Duncan Bay"
"2285","Breaks",3714247,17,"Kaiuma Bay"
"2286","Breaks",3714248,12,"Oyster Bay"
"2287","Breaks",3714266,9,"Ngakuta Bay"
"2288","Breaks",3714267,17,"Kaiuma Bay"
"2289","Breaks",3714280,17,"Kaiuma Bay"
"2290","Breaks",3714285,12,"Oyster Bay"
"2291","Breaks",3714302,12,"Oyster Bay"
"2292","Breaks",3714304,11,"Punga Cove"
"2293","Breaks",3714311,12,"Oyster Bay"
"2294","Breaks",3714321,23,"Te Mahia"
"2295","Breaks",3714325,12,"Oyster Bay"
"2296","Breaks",3714337,7,"Grove Point/Arm Jetty"
"2297","Breaks",3714395,12,"Oyster Bay"
"2298","Breaks",3714419,12,"Oyster Bay"
"2299","Breaks",3714460,12,"Oyster Bay"
"2300","Breaks",3714475,7,"Grove Point/Arm Jetty"
"2301","Breaks",3714482,12,"Oyster Bay"
"2302","Breaks",3714489,12,"Oyster Bay"
"2303","Breaks",3714503,13,"Hakana Bay"
"2304","Breaks",3714521,11,"Punga Cove"
"2305","Breaks",3714558,12,"Oyster Bay"
"2306","Breaks",3714562,12,"Oyster Bay"
"2307","Breaks",3714564,13,"Hakana Bay"
"2308","Breaks",3714572,12,"Oyster Bay"
"2309","Breaks",3714576,12,"Oyster Bay"
"2310","Breaks",3714578,12,"Oyster Bay"
"2311","Breaks",3714585,12,"Oyster Bay"
"2312","Breaks",3714592,12,"Oyster Bay"
"2313","Breaks",3714594,12,"Oyster Bay"
"2314","Breaks",3714598,12,"Oyster Bay"
"2315","Breaks",3714599,12,"Oyster Bay"
"2316","Breaks",3714600,12,"Oyster Bay"
"2317","Breaks",3714606,17,"Kaiuma Bay"
"2318","Breaks",3714607,12,"Oyster Bay"
"2319","Breaks",3714608,12,"Oyster Bay"
"2320","Breaks",3714610,12,"Oyster Bay"
"2321","Breaks",3714611,17,"Kaiuma Bay"
"2322","Breaks",3714613,12,"Oyster Bay"
"2323","Breaks",3714615,12,"Oyster Bay"
"2324","Breaks",3714618,30,"St. Omer Barge Ramp"
"2325","Breaks",3714621,12,"Oyster Bay"
"2326","Breaks",3714629,11,"Punga Cove"
"2327","Breaks",3714634,17,"Kaiuma Bay"
"2328","Breaks",3714635,12,"Oyster Bay"
"2329","Breaks",3714637,12,"Oyster Bay"
"2330","Breaks",3714638,12,"Oyster Bay"
"2331","Breaks",3714639,12,"Oyster Bay"
"2332","Breaks",3714642,11,"Punga Cove"
"2333","Breaks",3714644,12,"Oyster Bay"
"2334","Breaks",3714647,13,"Hakana Bay"
"2335","Breaks",3714652,12,"Oyster Bay"
"2336","Breaks",3714653,12,"Oyster Bay"
"2337","Breaks",3714659,11,"Punga Cove"
"2338","Breaks",3714666,12,"Oyster Bay"
"2339","Breaks",3714669,12,"Oyster Bay"
"2340","Breaks",3714671,12,"Oyster Bay"
"2341","Breaks",3714672,12,"Oyster Bay"
"2342","Breaks",3714673,17,"Kaiuma Bay"
"2343","Breaks",3714675,12,"Oyster Bay"
"2344","Breaks",3714676,12,"Oyster Bay"
"2345","Breaks",3714678,12,"Oyster Bay"
"2346","Breaks",3714681,12,"Oyster Bay"
"2347","Breaks",3714684,12,"Oyster Bay"
"2348","Breaks",3714685,12,"Oyster Bay"
"2349","Breaks",3714688,12,"Oyster Bay"
"2350","Breaks",3714691,12,"Oyster Bay"
"2351","Breaks",3714693,12,"Oyster Bay"
"2352","Breaks",3714694,12,"Oyster Bay"
"2353","Breaks",3714697,12,"Oyster Bay"
"2354","Breaks",3714698,17,"Kaiuma Bay"
"2355","Breaks",3714699,12,"Oyster Bay"
"2356","Breaks",3714701,12,"Oyster Bay"
"2357","Breaks",3714703,12,"Oyster Bay"
"2358","Breaks",3714705,12,"Oyster Bay"
"2359","Breaks",3714706,12,"Oyster Bay"
"2360","Breaks",3714709,7,"Grove Point/Arm Jetty"
"2361","Breaks",3714717,12,"Oyster Bay"
"2362","Breaks",3714718,12,"Oyster Bay"
"2363","Breaks",3714719,12,"Oyster Bay"
"2364","Breaks",3714720,12,"Oyster Bay"
"2365","Breaks",3714722,12,"Oyster Bay"
"2366","Breaks",3714724,7,"Grove Point/Arm Jetty"
"2367","Breaks",3714726,12,"Oyster Bay"
"2368","Breaks",3714729,12,"Oyster Bay"
"2369","Breaks",3714732,12,"Oyster Bay"
"2370","Breaks",3714739,7,"Grove Point/Arm Jetty"
"2371","Breaks",3714744,12,"Oyster Bay"
"2372","Breaks",3714753,11,"Punga Cove"
"2373","Breaks",3714766,12,"Oyster Bay"
"2374","Breaks",3714771,21,"Willow Bay"
"2375","Breaks",3714773,12,"Oyster Bay"
"2376","Breaks",3714776,19,"Double Bay Boat Ramp"
"2377","Breaks",3714781,7,"Grove Point/Arm Jetty"
"2378","Breaks",3714792,12,"Oyster Bay"
"2379","Breaks",3714796,12,"Oyster Bay"
"2380","Breaks",3714801,12,"Oyster Bay"
"2381","Breaks",3714802,12,"Oyster Bay"
"2382","Breaks",3714805,12,"Oyster Bay"
"2383","Breaks",3714806,9,"Ngakuta Bay"
"2384","Breaks",3714809,12,"Oyster Bay"
"2385","Breaks",3714810,7,"Grove Point/Arm Jetty"
"2386","Breaks",3714811,12,"Oyster Bay"
"2387","Breaks",3714812,12,"Oyster Bay"
"2388","Breaks",3714815,30,"St. Omer Barge Ramp"
"2389","Breaks",3714816,30,"St. Omer Barge Ramp"
"2390","Breaks",3714818,30,"St. Omer Barge Ramp"
"2391","Breaks",3714822,12,"Oyster Bay"
"2392","Breaks",3714823,12,"Oyster Bay"
"2393","Breaks",3714826,12,"Oyster Bay"
"2394","Breaks",3714827,12,"Oyster Bay"
"2395","Breaks",3714828,12,"Oyster Bay"
"2396","Breaks",3714831,7,"Grove Point/Arm Jetty"
"2397","Breaks",3714832,12,"Oyster Bay"
"2398","Breaks",3714835,7,"Grove Point/Arm Jetty"
"2399","Breaks",3714836,12,"Oyster Bay"
"2400","Breaks",3714842,9,"Ngakuta Bay"
"2401","Breaks",3714844,17,"Kaiuma Bay"
"2402","Breaks",3714846,12,"Oyster Bay"
"2403","Breaks",3714850,12,"Oyster Bay"
"2404","Breaks",3714851,12,"Oyster Bay"
"2405","Breaks",3714856,33,"Penzance Bay"
"2406","Breaks",3714857,12,"Oyster Bay"
"2407","Breaks",3714858,12,"Oyster Bay"
"2408","Breaks",3714859,12,"Oyster Bay"
"2409","Breaks",3714863,12,"Oyster Bay"
"2410","Breaks",3714865,12,"Oyster Bay"
"2411","Breaks",3714868,12,"Oyster Bay"
"2412","Breaks",3714872,12,"Oyster Bay"
"2413","Breaks",3714882,15,"Portage Bay"
"2414","Breaks",3714883,12,"Oyster Bay"
"2415","Breaks",3714884,12,"Oyster Bay"
"2416","Breaks",3714887,12,"Oyster Bay"
"2417","Breaks",3714888,27,"Sandy Bay"
"2418","Breaks",3714889,12,"Oyster Bay"
"2419","Breaks",3714890,12,"Oyster Bay"
"2420","Breaks",3714891,12,"Oyster Bay"
"2421","Breaks",3714896,12,"Oyster Bay"
"2422","Breaks",3714897,12,"Oyster Bay"
"2423","Breaks",3714898,12,"Oyster Bay"
"2424","Breaks",3714899,12,"Oyster Bay"
"2425","Breaks",3714901,12,"Oyster Bay"
"2426","Breaks",3714902,12,"Oyster Bay"
"2427","Breaks",3714905,12,"Oyster Bay"
"2428","Breaks",3714906,12,"Oyster Bay"
"2429","Breaks",3714907,12,"Oyster Bay"
"2430","Breaks",3714909,27,"Sandy Bay"
"2431","Breaks",3714912,12,"Oyster Bay"
"2432","Breaks",3714913,12,"Oyster Bay"
"2433","Breaks",3714915,9,"Ngakuta Bay"
"2434","Breaks",3714919,12,"Oyster Bay"
"2435","Breaks",3714920,30,"St. Omer Barge Ramp"
"2436","Breaks",3714921,12,"Oyster Bay"
"2437","Breaks",3714928,12,"Oyster Bay"
"2438","Breaks",3714938,32,"Duncan Bay"
"2439","Breaks",3714942,12,"Oyster Bay"
"2440","Breaks",3714944,12,"Oyster Bay"
"2441","Breaks",3714945,24,"Tara Bay"
"2442","Breaks",3714949,25,"Cowshed Bay"
"2443","Breaks",3714951,27,"Sandy Bay"
"2444","Breaks",3714952,30,"St. Omer Barge Ramp"
"2445","Breaks",3714954,7,"Grove Point/Arm Jetty"
"2446","Breaks",3714958,30,"St. Omer Barge Ramp"
"2447","Breaks",3714965,12,"Oyster Bay"
"2448","Breaks",3714968,17,"Kaiuma Bay"
"2449","Breaks",3714969,30,"St. Omer Barge Ramp"
"2450","Breaks",3714970,13,"Hakana Bay"
"2451","Breaks",3714971,13,"Hakana Bay"
"2452","Breaks",3714972,17,"Kaiuma Bay"
"2453","Breaks",3714973,12,"Oyster Bay"
"2454","Breaks",3714990,7,"Grove Point/Arm Jetty"
"2455","Breaks",3714994,12,"Oyster Bay"
"2456","Breaks",3714998,12,"Oyster Bay"
"2457","Breaks",3714999,12,"Oyster Bay"
"2458","Breaks",3715004,12,"Oyster Bay"
"2459","Breaks",3715017,17,"Kaiuma Bay"
"2460","Breaks",3715022,30,"St. Omer Barge Ramp"
"2461","Breaks",3715025,17,"Kaiuma Bay"
"2462","Breaks",3715032,12,"Oyster Bay"
"2463","Breaks",3715036,12,"Oyster Bay"
"2464","Breaks",3715037,12,"Oyster Bay"
"2465","Breaks",3715042,30,"St. Omer Barge Ramp"
"2466","Breaks",3715043,27,"Sandy Bay"
"2467","Breaks",3715052,17,"Kaiuma Bay"
"2468","Breaks",3715055,17,"Kaiuma Bay"
"2469","Breaks",3715069,17,"Kaiuma Bay"
"2470","Breaks",3715077,17,"Kaiuma Bay"
"2471","Breaks",3715087,12,"Oyster Bay"
"2472","Breaks",3715088,27,"Sandy Bay"
"2473","Breaks",3715091,17,"Kaiuma Bay"
"2474","Breaks",3715097,26,"Nikau Cove Doc Camp"
"2475","Breaks",3715098,15,"Portage Bay"
"2476","Breaks",3715106,12,"Oyster Bay"
"2477","Breaks",3715118,12,"Oyster Bay"
"2478","Breaks",3715123,7,"Grove Point/Arm Jetty"
"2479","Breaks",3715124,12,"Oyster Bay"
"2480","Breaks",3715129,30,"St. Omer Barge Ramp"
"2481","Breaks",3715130,30,"St. Omer Barge Ramp"
"2482","Breaks",3715146,27,"Sandy Bay"
"2483","Breaks",3715148,17,"Kaiuma Bay"
"2484","Breaks",3715152,17,"Kaiuma Bay"
"2485","Breaks",3715153,30,"St. Omer Barge Ramp"
"2486","Breaks",3715157,12,"Oyster Bay"
"2487","Breaks",3715159,31,"Double Bay"
"2488","Breaks",3715163,27,"Sandy Bay"
"2489","Breaks",3715170,30,"St. Omer Barge Ramp"
"2490","Breaks",3715183,27,"Sandy Bay"
"2491","Breaks",3715185,11,"Punga Cove"
"2492","Breaks",3715193,12,"Oyster Bay"
"2493","Breaks",3715197,7,"Grove Point/Arm Jetty"
"2494","Breaks",3715199,17,"Kaiuma Bay"
"2495","Breaks",3715203,30,"St. Omer Barge Ramp"
"2496","Breaks",3715207,12,"Oyster Bay"
"2497","Breaks",3715210,27,"Sandy Bay"
"2498","Breaks",3715217,12,"Oyster Bay"
"2499","Breaks",3715222,17,"Kaiuma Bay"
"2500","Breaks",3715223,7,"Grove Point/Arm Jetty"
"2501","Breaks",3715232,17,"Kaiuma Bay"
"2502","Breaks",3715244,12,"Oyster Bay"
"2503","Breaks",3715245,12,"Oyster Bay"
"2504","Breaks",3715249,17,"Kaiuma Bay"
"2505","Breaks",3715251,12,"Oyster Bay"
"2506","Breaks",3715254,12,"Oyster Bay"
"2507","Breaks",3715263,12,"Oyster Bay"
"2508","Breaks",3715272,31,"Double Bay"
"2509","Breaks",3715299,17,"Kaiuma Bay"
"2510","Breaks",3715304,12,"Oyster Bay"
"2511","Breaks",3715305,13,"Hakana Bay"
"2512","Breaks",3715310,12,"Oyster Bay"
"2513","Breaks",3715324,12,"Oyster Bay"
"2514","Breaks",3715328,12,"Oyster Bay"
"2515","Breaks",3715329,11,"Punga Cove"
"2516","Breaks",3715331,30,"St. Omer Barge Ramp"
"2517","Breaks",3715332,15,"Portage Bay"
"2518","Breaks",3715334,24,"Tara Bay"
"2519","Breaks",3715336,26,"Nikau Cove Doc Camp"
"2520","Breaks",3715340,27,"Sandy Bay"
"2521","Breaks",3715343,29,"Waitaria Bay"
"2522","Breaks",3715344,12,"Oyster Bay"
"2523","Breaks",3715353,30,"St. Omer Barge Ramp"
"2524","Breaks",3715354,26,"Nikau Cove Doc Camp"
"2525","Breaks",3715360,20,"Ohingaroa Bay"
"2526","Breaks",3715364,17,"Kaiuma Bay"
"2527","Breaks",3715365,22,"Broughton Bay Road"
"2528","Breaks",3715368,17,"Kaiuma Bay"
"2529","Breaks",3715380,27,"Sandy Bay"
"2530","Breaks",3715385,12,"Oyster Bay"
"2531","Breaks",3715405,12,"Oyster Bay"
"2532","Breaks",3715427,12,"Oyster Bay"
"2533","Breaks",3715435,29,"Waitaria Bay"
"2534","Breaks",3715438,12,"Oyster Bay"
"2535","Breaks",3715445,12,"Oyster Bay"
"2536","Breaks",3715455,19,"Double Bay Boat Ramp"
"2537","Breaks",3715457,40,"Titirangi Bay"
"2538","Breaks",3715458,12,"Oyster Bay"
"2539","Breaks",3715460,12,"Oyster Bay"
"2540","Breaks",3715463,12,"Oyster Bay"
"2541","Breaks",3715468,27,"Sandy Bay"
"2542","Breaks",3715473,11,"Punga Cove"
"2543","Breaks",3715474,13,"Hakana Bay"
"2544","Breaks",3715475,6,"Anakiwa"
"2545","Breaks",3715478,11,"Punga Cove"
"2546","Breaks",3715481,9,"Ngakuta Bay"
"2547","Breaks",3715485,12,"Oyster Bay"
"2548","Breaks",3715487,30,"St. Omer Barge Ramp"
"2549","Breaks",3715491,12,"Oyster Bay"
"2550","Breaks",3715494,12,"Oyster Bay"
"2551","Breaks",3715495,12,"Oyster Bay"
"2552","Breaks",3715496,12,"Oyster Bay"
"2553","Breaks",3715500,40,"Titirangi Bay"
"2554","Breaks",3715501,12,"Oyster Bay"
"2555","Breaks",3715502,27,"Sandy Bay"
"2556","Breaks",3715506,12,"Oyster Bay"
"2557","Breaks",3715509,12,"Oyster Bay"
"2558","Breaks",3715510,12,"Oyster Bay"
"2559","Breaks",3715511,12,"Oyster Bay"
"2560","Breaks",3715513,12,"Oyster Bay"
"2561","Breaks",3715515,12,"Oyster Bay"
"2562","Breaks",3715517,17,"Kaiuma Bay"
"2563","Breaks",3715522,12,"Oyster Bay"
"2564","Breaks",3715524,12,"Oyster Bay"
"2565","Breaks",3715525,17,"Kaiuma Bay"
"2566","Breaks",3715533,19,"Double Bay Boat Ramp"
"2567","Breaks",3715538,12,"Oyster Bay"
"2568","Breaks",3715543,13,"Hakana Bay"
"2569","Breaks",3715547,11,"Punga Cove"
"2570","Breaks",3715549,28,"Fish Bay Ramp"
"2571","Breaks",3715551,11,"Punga Cove"
"2572","Breaks",3715553,30,"St. Omer Barge Ramp"
"2573","Breaks",3715554,25,"Cowshed Bay"
"2574","Breaks",3715557,15,"Portage Bay"
"2575","Breaks",3715563,17,"Kaiuma Bay"
"2576","Breaks",3715565,11,"Punga Cove"
"2577","Breaks",3715570,17,"Kaiuma Bay"
"2578","Breaks",3715571,12,"Oyster Bay"
"2579","Breaks",3715577,12,"Oyster Bay"
"2580","Breaks",3715578,12,"Oyster Bay"
"2581","Breaks",3715579,17,"Kaiuma Bay"
"2582","Breaks",3715581,7,"Grove Point/Arm Jetty"
"2583","Breaks",3715585,26,"Nikau Cove Doc Camp"
"2584","Breaks",3715588,12,"Oyster Bay"
"2585","Breaks",3715599,17,"Kaiuma Bay"
"2586","Breaks",3715603,33,"Penzance Bay"
"2587","Breaks",3715606,12,"Oyster Bay"
"2588","Breaks",3715609,17,"Kaiuma Bay"
"2589","Breaks",3715616,17,"Kaiuma Bay"
"2590","Breaks",3715618,17,"Kaiuma Bay"
"2591","Breaks",3715621,12,"Oyster Bay"
"2592","Breaks",3715624,17,"Kaiuma Bay"
"2593","Breaks",3715625,19,"Double Bay Boat Ramp"
"2594","Breaks",3715629,12,"Oyster Bay"
"2595","Breaks",3715632,12,"Oyster Bay"
"2596","Breaks",3715640,12,"Oyster Bay"
"2597","Breaks",3715642,17,"Kaiuma Bay"
"2598","Breaks",3715647,12,"Oyster Bay"
"2599","Breaks",3715649,11,"Punga Cove"
"2600","Breaks",3715652,7,"Grove Point/Arm Jetty"
"2601","Breaks",3715661,12,"Oyster Bay"
"2602","Breaks",3715662,7,"Grove Point/Arm Jetty"
"2603","Breaks",3715663,17,"Kaiuma Bay"
"2604","Breaks",3715665,12,"Oyster Bay"
"2605","Breaks",3715672,17,"Kaiuma Bay"
"2606","Breaks",3715680,12,"Oyster Bay"
"2607","Breaks",3715681,17,"Kaiuma Bay"
"2608","Breaks",3715685,11,"Punga Cove"
"2609","Breaks",3715691,12,"Oyster Bay"
"2610","Breaks",3715692,12,"Oyster Bay"
"2611","Breaks",3715699,12,"Oyster Bay"
"2612","Breaks",3715700,12,"Oyster Bay"
"2613","Breaks",3715701,12,"Oyster Bay"
"2614","Breaks",3715702,13,"Hakana Bay"
"2615","Breaks",3715729,12,"Oyster Bay"
"2616","Breaks",3715732,11,"Punga Cove"
"2617","Breaks",3715741,10,"Waterfall Bay"
"2618","Breaks",3715745,10,"Waterfall Bay"
"2619","Breaks",3715746,12,"Oyster Bay"
"2620","Breaks",3715754,12,"Oyster Bay"
"2621","Breaks",3715758,17,"Kaiuma Bay"
"2622","Breaks",3715761,12,"Oyster Bay"
"2623","Breaks",3715767,12,"Oyster Bay"
"2624","Breaks",3715771,17,"Kaiuma Bay"
"2625","Breaks",3715773,12,"Oyster Bay"
"2626","Breaks",3715786,17,"Kaiuma Bay"
"2627","Breaks",3715788,17,"Kaiuma Bay"
"2628","Breaks",3715790,33,"Penzance Bay"
"2629","Breaks",3715796,17,"Kaiuma Bay"
"2630","Breaks",3715803,12,"Oyster Bay"
"2631","Breaks",3715808,12,"Oyster Bay"
"2632","Breaks",3715811,12,"Oyster Bay"
"2633","Breaks",3715818,17,"Kaiuma Bay"
"2634","Breaks",3715823,17,"Kaiuma Bay"
"2635","Breaks",3715830,17,"Kaiuma Bay"
"2636","Breaks",3715834,17,"Kaiuma Bay"
"2637","Breaks",3715846,12,"Oyster Bay"
"2638","Breaks",3715847,12,"Oyster Bay"
"2639","Breaks",3715848,17,"Kaiuma Bay"
"2640","Breaks",3715857,12,"Oyster Bay"
"2641","Breaks",3715860,7,"Grove Point/Arm Jetty"
"2642","Breaks",3715870,12,"Oyster Bay"
"2643","Breaks",3715872,9,"Ngakuta Bay"
"2644","Breaks",3715887,12,"Oyster Bay"
"2645","Breaks",3715890,12,"Oyster Bay"
"2646","Breaks",3715893,12,"Oyster Bay"
"2647","Breaks",3715913,12,"Oyster Bay"
"2648","Breaks",3715916,40,"Titirangi Bay"
"2649","Breaks",3715922,12,"Oyster Bay"
"2650","Breaks",3715947,17,"Kaiuma Bay"
"2651","Breaks",3715957,17,"Kaiuma Bay"
"2652","Breaks",3715963,17,"Kaiuma Bay"
"2653","Breaks",3715965,12,"Oyster Bay"
"2654","Breaks",3715967,17,"Kaiuma Bay"
"2655","Breaks",3715969,12,"Oyster Bay"
"2656","Breaks",3716002,12,"Oyster Bay"
"2657","Breaks",3716009,12,"Oyster Bay"
"2658","Breaks",3716011,12,"Oyster Bay"
"2659","Breaks",3716019,12,"Oyster Bay"
"2660","Breaks",3716036,27,"Sandy Bay"
"2661","Breaks",3716038,12,"Oyster Bay"
"2662","Breaks",3716039,12,"Oyster Bay"
"2663","Breaks",3716047,12,"Oyster Bay"
"2664","Breaks",3716060,12,"Oyster Bay"
"2665","Breaks",3716061,12,"Oyster Bay"
"2666","Breaks",3716062,12,"Oyster Bay"
"2667","Breaks",3716072,17,"Kaiuma Bay"
"2668","Breaks",3716076,12,"Oyster Bay"
"2669","Breaks",3716077,27,"Sandy Bay"
"2670","Breaks",3716078,12,"Oyster Bay"
"2671","Breaks",3716079,12,"Oyster Bay"
"2672","Breaks",3716084,17,"Kaiuma Bay"
"2673","Breaks",3716085,11,"Punga Cove"
"2674","Breaks",3716094,12,"Oyster Bay"
"2675","Breaks",3716099,33,"Penzance Bay"
"2676","Breaks",3716116,12,"Oyster Bay"
"2677","Breaks",3716121,12,"Oyster Bay"
"2678","Breaks",3716131,12,"Oyster Bay"
"2679","Breaks",3716133,12,"Oyster Bay"
"2680","Breaks",3716136,27,"Sandy Bay"
"2681","Breaks",3716145,17,"Kaiuma Bay"
"2682","Breaks",3716156,17,"Kaiuma Bay"
"2683","Breaks",3716157,17,"Kaiuma Bay"
"2684","Breaks",3716160,17,"Kaiuma Bay"
"2685","Breaks",3716166,26,"Nikau Cove Doc Camp"
"2686","Breaks",3716178,12,"Oyster Bay"
"2687","Breaks",3716181,12,"Oyster Bay"
"2688","Breaks",3716183,12,"Oyster Bay"
"2689","Breaks",3716187,12,"Oyster Bay"
"2690","Breaks",3716227,12,"Oyster Bay"
"2691","Breaks",3716228,12,"Oyster Bay"
"2692","Breaks",3716232,11,"Punga Cove"
"2693","Breaks",3716236,12,"Oyster Bay"
"2694","Breaks",3716285,12,"Oyster Bay"
"2695","Breaks",3716293,12,"Oyster Bay"
"2696","Breaks",3716299,12,"Oyster Bay"
"2697","Breaks",3716300,12,"Oyster Bay"
"2698","Breaks",3716301,12,"Oyster Bay"
"2699","Breaks",3716304,12,"Oyster Bay"
"2700","Breaks",3716307,12,"Oyster Bay"
"2701","Breaks",3716309,12,"Oyster Bay"
"2702","Breaks",3716310,12,"Oyster Bay"
"2703","Breaks",3716313,12,"Oyster Bay"
"2704","Breaks",3716314,12,"Oyster Bay"
"2705","Breaks",3716320,12,"Oyster Bay"
"2706","Breaks",3716322,28,"Fish Bay Ramp"
"2707","Breaks",3716323,12,"Oyster Bay"
"2708","Breaks",3716326,12,"Oyster Bay"
"2709","Breaks",3716327,12,"Oyster Bay"
"2710","Breaks",3716328,12,"Oyster Bay"
"2711","Breaks",3716329,12,"Oyster Bay"
"2712","Breaks",3716330,12,"Oyster Bay"
"2713","Breaks",3716344,12,"Oyster Bay"
"2714","Breaks",3716345,23,"Te Mahia"
"2715","Breaks",3716347,12,"Oyster Bay"
"2716","Breaks",3716350,12,"Oyster Bay"
"2717","Breaks",3716359,12,"Oyster Bay"
"2718","Breaks",3716362,12,"Oyster Bay"
"2719","Breaks",3716370,12,"Oyster Bay"
"2720","Breaks",3716371,12,"Oyster Bay"
"2721","Breaks",3716373,30,"St. Omer Barge Ramp"
"2722","Breaks",3716378,12,"Oyster Bay"
"2723","Breaks",3716380,12,"Oyster Bay"
"2724","Breaks",3716397,12,"Oyster Bay"
"2725","Breaks",3716398,9,"Ngakuta Bay"
"2726","Breaks",3716411,17,"Kaiuma Bay"
"2727","Breaks",3716412,12,"Oyster Bay"
"2728","Breaks",3716416,17,"Kaiuma Bay"
"2729","Breaks",3716428,12,"Oyster Bay"
"2730","Breaks",3716429,12,"Oyster Bay"
"2731","Breaks",3716436,12,"Oyster Bay"
"2732","Breaks",3716441,29,"Waitaria Bay"
"2733","Breaks",3716442,17,"Kaiuma Bay"
"2734","Breaks",3716452,17,"Kaiuma Bay"
"2735","Breaks",3716454,12,"Oyster Bay"
"2736","Breaks",3716455,12,"Oyster Bay"
"2737","Breaks",3716457,12,"Oyster Bay"
"2738","Breaks",3716460,12,"Oyster Bay"
"2739","Breaks",3716462,9,"Ngakuta Bay"
"2740","Breaks",3716467,12,"Oyster Bay"
"2741","Breaks",3716468,12,"Oyster Bay"
"2742","Breaks",3716470,12,"Oyster Bay"
"2743","Breaks",3716473,12,"Oyster Bay"
"2744","Breaks",3716484,19,"Double Bay Boat Ramp"
"2745","Breaks",3716492,12,"Oyster Bay"
"2746","Breaks",3716507,12,"Oyster Bay"
"2747","Breaks",3716508,17,"Kaiuma Bay"
"2748","Breaks",3716513,33,"Penzance Bay"
"2749","Breaks",3716514,17,"Kaiuma Bay"
"2750","Breaks",3716522,12,"Oyster Bay"
"2751","Breaks",3716523,21,"Willow Bay"
"2752","Breaks",3716533,24,"Tara Bay"
"2753","Breaks",3716537,17,"Kaiuma Bay"
"2754","Breaks",3716556,21,"Willow Bay"
"2755","Breaks",3716581,7,"Grove Point/Arm Jetty"
"2756","Breaks",3716582,7,"Grove Point/Arm Jetty"
"2757","Breaks",3716584,17,"Kaiuma Bay"
"2758","Breaks",3716586,7,"Grove Point/Arm Jetty"
"2759","Breaks",3716590,12,"Oyster Bay"
"2760","Breaks",3716591,7,"Grove Point/Arm Jetty"
"2761","Breaks",3716596,7,"Grove Point/Arm Jetty"
"2762","Breaks",3716597,7,"Grove Point/Arm Jetty"
"2763","Breaks",3716598,7,"Grove Point/Arm Jetty"
"2764","Breaks",3716599,7,"Grove Point/Arm Jetty"
"2765","Breaks",3716602,12,"Oyster Bay"
"2766","Breaks",3716604,17,"Kaiuma Bay"
"2767","Breaks",3716626,27,"Sandy Bay"
"2768","Breaks",3716628,12,"Oyster Bay"
"2769","Breaks",3716629,12,"Oyster Bay"
"2770","Breaks",3716637,12,"Oyster Bay"
"2771","Breaks",3716640,12,"Oyster Bay"
"2772","Breaks",3716641,12,"Oyster Bay"
"2773","Breaks",3716642,12,"Oyster Bay"
"2774","Breaks",3716645,12,"Oyster Bay"
"2775","Breaks",3716647,12,"Oyster Bay"
"2776","Breaks",3716648,12,"Oyster Bay"
"2777","Breaks",3716715,12,"Oyster Bay"
"2778","Breaks",3716729,12,"Oyster Bay"
"2779","Breaks",3716754,12,"Oyster Bay"
"2780","Breaks",3716756,12,"Oyster Bay"
"2781","Breaks",3716757,12,"Oyster Bay"
"2782","Breaks",3716758,12,"Oyster Bay"
"2783","Breaks",3716759,12,"Oyster Bay"
"2784","Breaks",3716761,12,"Oyster Bay"
"2785","Breaks",3716767,12,"Oyster Bay"
"2786","Breaks",3716769,9,"Ngakuta Bay"
"2787","Breaks",3716770,12,"Oyster Bay"
"2788","Breaks",3716778,12,"Oyster Bay"
"2789","Breaks",3716779,12,"Oyster Bay"
"2790","Breaks",3716780,9,"Ngakuta Bay"
"2791","Breaks",3716783,17,"Kaiuma Bay"
"2792","Breaks",3716788,12,"Oyster Bay"
"2793","Breaks",3716792,12,"Oyster Bay"
"2794","Breaks",3716793,12,"Oyster Bay"
"2795","Breaks",3716798,12,"Oyster Bay"
"2796","Breaks",3716816,29,"Waitaria Bay"
"2797","Breaks",3716819,12,"Oyster Bay"
"2798","Breaks",3716834,12,"Oyster Bay"
"2799","Breaks",3716837,12,"Oyster Bay"
"2800","Breaks",3716846,12,"Oyster Bay"
"2801","Breaks",3716847,30,"St. Omer Barge Ramp"
"2802","Breaks",3716854,17,"Kaiuma Bay"
"2803","Breaks",3716862,27,"Sandy Bay"
"2804","Breaks",3716871,29,"Waitaria Bay"
"2805","Breaks",3716874,17,"Kaiuma Bay"
"2806","Breaks",3716879,27,"Sandy Bay"
"2807","Breaks",3716882,12,"Oyster Bay"
"2808","Breaks",3716889,12,"Oyster Bay"
"2809","Breaks",3716891,40,"Titirangi Bay"
"2810","Breaks",3716893,12,"Oyster Bay"
"2811","Breaks",3716894,12,"Oyster Bay"
"2812","Breaks",3716907,29,"Waitaria Bay"
"2813","Breaks",3716909,12,"Oyster Bay"
"2814","Breaks",3716989,40,"Titirangi Bay"
"2815","Breaks",3716991,23,"Te Mahia"
"2816","Breaks",3716992,11,"Punga Cove"
"2817","Breaks",3717001,12,"Oyster Bay"
"2818","Breaks",3717056,12,"Oyster Bay"
"2819","Breaks",3717088,12,"Oyster Bay"
"2820","Breaks",3717093,11,"Punga Cove"
"2821","Breaks",3717094,32,"Duncan Bay"
"2822","Breaks",3717119,8,"Momorangi Bay"
"2823","Breaks",3717121,6,"Anakiwa"
"2824","Breaks",3717123,13,"Hakana Bay"
"2825","Breaks",3717133,17,"Kaiuma Bay"
"2826","Breaks",3717137,12,"Oyster Bay"
"2827","Breaks",3717148,17,"Kaiuma Bay"
"2828","Breaks",3717152,17,"Kaiuma Bay"
"2829","Breaks",3717153,17,"Kaiuma Bay"
"2830","Breaks",3717157,21,"Willow Bay"
"2831","Breaks",3717158,27,"Sandy Bay"
"2832","Breaks",3717170,19,"Double Bay Boat Ramp"
"2833","Breaks",3717171,9,"Ngakuta Bay"
"2834","Breaks",3717173,12,"Oyster Bay"
"2835","Breaks",3717181,27,"Sandy Bay"
"2836","Breaks",3717184,12,"Oyster Bay"
"2837","Breaks",3717185,12,"Oyster Bay"
"2838","Breaks",3717189,8,"Momorangi Bay"
"2839","Breaks",3717203,12,"Oyster Bay"
"2840","Breaks",3717209,12,"Oyster Bay"
"2841","Breaks",3717213,17,"Kaiuma Bay"
"2842","Breaks",3717214,17,"Kaiuma Bay"
"2843","Breaks",3717222,12,"Oyster Bay"
"2844","Breaks",3717253,32,"Duncan Bay"
"2845","Breaks",3717257,17,"Kaiuma Bay"
"2846","Breaks",3717262,17,"Kaiuma Bay"
"2847","Breaks",3717263,29,"Waitaria Bay"
"2848","Breaks",3717293,17,"Kaiuma Bay"
"2849","Breaks",3717294,7,"Grove Point/Arm Jetty"
"2850","Breaks",3717323,9,"Ngakuta Bay"
"2851","Breaks",3717329,17,"Kaiuma Bay"
"2852","Breaks",3717332,40,"Titirangi Bay"
"2853","Breaks",3717364,7,"Grove Point/Arm Jetty"
"2854","Breaks",3717391,7,"Grove Point/Arm Jetty"
"2855","Breaks",3717395,20,"Ohingaroa Bay"
"2856","Breaks",3717396,17,"Kaiuma Bay"
"2857","Breaks",3717417,17,"Kaiuma Bay"
"2858","Breaks",3717430,33,"Penzance Bay"
"2859","Breaks",3717431,27,"Sandy Bay"
"2860","Breaks",3717440,12,"Oyster Bay"
"2861","Breaks",3717445,12,"Oyster Bay"
"2862","Breaks",3717457,13,"Hakana Bay"
"2863","Breaks",3717464,12,"Oyster Bay"
"2864","Breaks",3717472,12,"Oyster Bay"
"2865","Breaks",3717485,29,"Waitaria Bay"
"2866","Breaks",3717499,27,"Sandy Bay"
"2867","Breaks",3717518,12,"Oyster Bay"
"2868","Breaks",3717529,12,"Oyster Bay"
"2869","Breaks",3717532,7,"Grove Point/Arm Jetty"
"2870","Breaks",3717537,9,"Ngakuta Bay"
"2871","Breaks",3717543,12,"Oyster Bay"
"2872","Breaks",3717544,12,"Oyster Bay"
"2873","Breaks",3717546,12,"Oyster Bay"
"2874","Breaks",3717564,17,"Kaiuma Bay"
"2875","Breaks",3717571,30,"St. Omer Barge Ramp"
"2876","Breaks",3717572,12,"Oyster Bay"
"2877","Breaks",3717587,33,"Penzance Bay"
"2878","Breaks",3717598,12,"Oyster Bay"
"2879","Breaks",3717600,32,"Duncan Bay"
"2880","Breaks",3717609,12,"Oyster Bay"
"2881","Breaks",3717612,12,"Oyster Bay"
"2882","Breaks",3717614,12,"Oyster Bay"
"2883","Breaks",3717615,12,"Oyster Bay"
"2884","Breaks",3717618,17,"Kaiuma Bay"
"2885","Breaks",3717619,12,"Oyster Bay"
"2886","Breaks",3717620,12,"Oyster Bay"
"2887","Breaks",3717621,12,"Oyster Bay"
"2888","Breaks",3717622,12,"Oyster Bay"
"2889","Breaks",3717623,17,"Kaiuma Bay"
"2890","Breaks",3717628,12,"Oyster Bay"
"2891","Breaks",3717632,18,"Moetapu Bay Jetty"
"2892","Breaks",3717639,12,"Oyster Bay"
"2893","Breaks",3717640,12,"Oyster Bay"
"2894","Breaks",3717643,12,"Oyster Bay"
"2895","Breaks",3717645,9,"Ngakuta Bay"
"2896","Breaks",3717649,29,"Waitaria Bay"
"2897","Breaks",3717650,7,"Grove Point/Arm Jetty"
"2898","Breaks",3717651,29,"Waitaria Bay"
"2899","Breaks",3717657,12,"Oyster Bay"
"2900","Breaks",3717661,12,"Oyster Bay"
"2901","Breaks",3717663,26,"Nikau Cove Doc Camp"
"2902","Breaks",3717666,12,"Oyster Bay"
"2903","Breaks",3717669,7,"Grove Point/Arm Jetty"
"2904","Breaks",3717670,11,"Punga Cove"
"2905","Breaks",3717677,17,"Kaiuma Bay"
"2906","Breaks",3717681,12,"Oyster Bay"
"2907","Breaks",3717682,12,"Oyster Bay"
"2908","Breaks",3717683,12,"Oyster Bay"
"2909","Breaks",3717685,12,"Oyster Bay"
"2910","Breaks",3717687,23,"Te Mahia"
"2911","Breaks",3717693,9,"Ngakuta Bay"
"2912","Breaks",3717695,11,"Punga Cove"
"2913","Breaks",3717701,27,"Sandy Bay"
"2914","Breaks",3717704,25,"Cowshed Bay"
"2915","Breaks",3717706,12,"Oyster Bay"
"2916","Breaks",3717708,10,"Waterfall Bay"
"2917","Breaks",3717720,15,"Portage Bay"
"2918","Breaks",3717742,12,"Oyster Bay"
"2919","Breaks",3717748,12,"Oyster Bay"
"2920","Breaks",3717773,9,"Ngakuta Bay"
"2921","Breaks",3717791,22,"Broughton Bay Road"
"2922","Breaks",3717792,24,"Tara Bay"
"2923","Breaks",3717806,17,"Kaiuma Bay"
"2924","Breaks",3717809,12,"Oyster Bay"
"2925","Breaks",3717815,17,"Kaiuma Bay"
"2926","Breaks",3717818,13,"Hakana Bay"
"2927","Breaks",3717819,17,"Kaiuma Bay"
"2928","Breaks",3717820,17,"Kaiuma Bay"
"2929","Breaks",3717823,17,"Kaiuma Bay"
"2930","Breaks",3717832,17,"Kaiuma Bay"
"2931","Breaks",3717837,17,"Kaiuma Bay"
"2932","Breaks",3717838,17,"Kaiuma Bay"
"2933","Breaks",3717843,12,"Oyster Bay"
"2934","Breaks",3717845,12,"Oyster Bay"
"2935","Breaks",3717859,12,"Oyster Bay"
"2936","Breaks",3717869,7,"Grove Point/Arm Jetty"
"2937","Breaks",3717872,11,"Punga Cove"
"2938","Breaks",3717874,30,"St. Omer Barge Ramp"
"2939","Breaks",3717883,12,"Oyster Bay"
"2940","Breaks",3717932,15,"Portage Bay"
"2941","Breaks",3717940,11,"Punga Cove"
"2942","Breaks",3717943,12,"Oyster Bay"
"2943","Breaks",3717946,12,"Oyster Bay"
"2944","Breaks",3717947,12,"Oyster Bay"
"2945","Breaks",3717948,12,"Oyster Bay"
"2946","Breaks",3717949,18,"Moetapu Bay Jetty"
"2947","Breaks",3717950,13,"Hakana Bay"
"2948","Breaks",3717951,13,"Hakana Bay"
"2949","Breaks",3717953,24,"Tara Bay"
"2950","Breaks",3717960,24,"Tara Bay"
"2951","Breaks",3717964,22,"Broughton Bay Road"
"2952","Breaks",3717979,29,"Waitaria Bay"
"2953","Breaks",3717988,24,"Tara Bay"
"2954","Breaks",3717992,7,"Grove Point/Arm Jetty"
"2955","Breaks",3717993,7,"Grove Point/Arm Jetty"
"2956","Breaks",3717996,7,"Grove Point/Arm Jetty"
"2957","Breaks",3718000,7,"Grove Point/Arm Jetty"
"2958","Breaks",3718007,18,"Moetapu Bay Jetty"
"2959","Breaks",3718016,13,"Hakana Bay"
"2960","Breaks",3718021,12,"Oyster Bay"
"2961","Breaks",3718034,12,"Oyster Bay"
"2962","Breaks",3718043,32,"Duncan Bay"
"2963","Breaks",3718045,18,"Moetapu Bay Jetty"
"2964","Breaks",3718049,17,"Kaiuma Bay"
"2965","Breaks",3718051,30,"St. Omer Barge Ramp"
"2966","Breaks",3718052,32,"Duncan Bay"
"2967","Breaks",3718054,23,"Te Mahia"
"2968","Breaks",3718067,33,"Penzance Bay"
"2969","Breaks",3718070,29,"Waitaria Bay"
"2970","Breaks",3718071,32,"Duncan Bay"
"2971","Breaks",3718072,29,"Waitaria Bay"
"2972","Breaks",3718073,27,"Sandy Bay"
"2973","Breaks",3718074,32,"Duncan Bay"
"2974","Breaks",3718075,40,"Titirangi Bay"
"2975","Breaks",3718076,32,"Duncan Bay"
"2976","Breaks",3718077,17,"Kaiuma Bay"
"2977","Breaks",3718079,17,"Kaiuma Bay"
"2978","Breaks",3718080,26,"Nikau Cove Doc Camp"
"2979","Breaks",3718081,31,"Double Bay"
"2980","Breaks",3718082,23,"Te Mahia"
"2981","Breaks",3718088,11,"Punga Cove"
"2982","Breaks",3718089,24,"Tara Bay"
"2983","Breaks",3718090,11,"Punga Cove"
"2984","Breaks",3718092,17,"Kaiuma Bay"
"2985","Breaks",3718094,24,"Tara Bay"
"2986","Breaks",3718099,11,"Punga Cove"
"2987","Breaks",3718103,19,"Double Bay Boat Ramp"
"2988","Breaks",3718105,26,"Nikau Cove Doc Camp"
"2989","Breaks",3718107,27,"Sandy Bay"
"2990","Breaks",3718110,11,"Punga Cove"
"2991","Breaks",3718113,10,"Waterfall Bay"
"2992","Breaks",3718115,10,"Waterfall Bay"
"2993","Breaks",3718116,12,"Oyster Bay"
"2994","Breaks",3718120,24,"Tara Bay"
"2995","Breaks",3718121,22,"Broughton Bay Road"
"2996","Breaks",3718122,21,"Willow Bay"
"2997","Breaks",3718123,12,"Oyster Bay"
"2998","Breaks",3718124,24,"Tara Bay"
"2999","Breaks",3718125,22,"Broughton Bay Road"
"3000","Breaks",3718126,24,"Tara Bay"
"3001","Breaks",3718127,25,"Cowshed Bay"
"3002","Breaks",3718132,25,"Cowshed Bay"
"3003","Breaks",3718133,25,"Cowshed Bay"
"3004","Breaks",3718136,27,"Sandy Bay"
"3005","Breaks",3718137,27,"Sandy Bay"
"3006","Breaks",3718141,12,"Oyster Bay"
"3007","Breaks",3718144,23,"Te Mahia"
"3008","Breaks",3718145,22,"Broughton Bay Road"
"3009","Breaks",3718147,27,"Sandy Bay"
"3010","Breaks",3718155,16,"Torea Bay"
"3011","Breaks",3718157,11,"Punga Cove"
"3012","Breaks",3718159,16,"Torea Bay"
"3013","Breaks",3718160,18,"Moetapu Bay Jetty"
"3014","Breaks",3718164,12,"Oyster Bay"
"3015","Breaks",3718172,12,"Oyster Bay"
"3016","Breaks",3718173,12,"Oyster Bay"
"3017","Breaks",3718175,17,"Kaiuma Bay"
"3018","Breaks",3718177,32,"Duncan Bay"
"3019","Breaks",3718178,32,"Duncan Bay"
"3020","Breaks",3718179,17,"Kaiuma Bay"
"3021","Breaks",3718187,31,"Double Bay"
"3022","Breaks",3718188,32,"Duncan Bay"
"3023","Breaks",3718203,25,"Cowshed Bay"
"3024","Breaks",3718205,24,"Tara Bay"
"3025","Breaks",3718206,17,"Kaiuma Bay"
"3026","Breaks",3718208,12,"Oyster Bay"
"3027","Breaks",3718209,19,"Double Bay Boat Ramp"
"3028","Breaks",3718210,8,"Momorangi Bay"
"3029","Breaks",3718211,25,"Cowshed Bay"
"3030","Breaks",3718212,19,"Double Bay Boat Ramp"
"3031","Breaks",3718213,7,"Grove Point/Arm Jetty"
"3032","Breaks",3718220,12,"Oyster Bay"
"3033","Breaks",3718221,19,"Double Bay Boat Ramp"
"3034","Breaks",3718224,13,"Hakana Bay"
"3035","Breaks",3718226,29,"Waitaria Bay"
"3036","Breaks",3718233,25,"Cowshed Bay"
"3037","Breaks",3718234,25,"Cowshed Bay"
"3038","Breaks",3718235,31,"Double Bay"
"3039","Breaks",3718238,7,"Grove Point/Arm Jetty"
"3040","Breaks",3718249,7,"Grove Point/Arm Jetty"
"3041","Breaks",3718251,22,"Broughton Bay Road"
"3042","Breaks",3718255,7,"Grove Point/Arm Jetty"
"3043","Breaks",3718261,19,"Double Bay Boat Ramp"
"3044","Breaks",3718262,19,"Double Bay Boat Ramp"
"3045","Breaks",3718264,7,"Grove Point/Arm Jetty"
"3046","Breaks",3718269,7,"Grove Point/Arm Jetty"
"3047","Breaks",3718280,40,"Titirangi Bay"
"3048","Breaks",3718281,12,"Oyster Bay"
"3049","Breaks",3718286,12,"Oyster Bay"
"3050","Breaks",3718289,40,"Titirangi Bay"
"3051","Breaks",3718290,25,"Cowshed Bay"
"3052","Breaks",3718291,25,"Cowshed Bay"
"3053","Breaks",3718292,11,"Punga Cove"
"3054","Breaks",3718293,40,"Titirangi Bay"
"3055","Breaks",3718294,10,"Waterfall Bay"
"3056","Breaks",3718295,11,"Punga Cove"
"3057","Breaks",3718296,17,"Kaiuma Bay"
"3058","Breaks",3718298,26,"Nikau Cove Doc Camp"
"3059","Breaks",3718299,26,"Nikau Cove Doc Camp"
"3060","Breaks",3718300,12,"Oyster Bay"
"3061","Breaks",3718305,12,"Oyster Bay"
"3062","Breaks",3718309,32,"Duncan Bay"
"3063","Breaks",3718310,32,"Duncan Bay"
"3064","Breaks",3718311,17,"Kaiuma Bay"
"3065","Breaks",3718315,16,"Torea Bay"
"3066","Breaks",3718317,30,"St. Omer Barge Ramp"
"3067","Breaks",3718319,16,"Torea Bay"
"3068","Breaks",3718320,16,"Torea Bay"
"3069","Breaks",3718321,33,"Penzance Bay"
"3070","Breaks",3718324,17,"Kaiuma Bay"
"3071","Breaks",3718325,17,"Kaiuma Bay"
"3072","Breaks",3718326,17,"Kaiuma Bay"
"3073","Breaks",3718327,17,"Kaiuma Bay"
"3074","Breaks",3718329,17,"Kaiuma Bay"
"3075","Breaks",3718331,17,"Kaiuma Bay"
"3076","Breaks",3718334,17,"Kaiuma Bay"
"3077","Breaks",3718337,17,"Kaiuma Bay"
"3078","Breaks",3718338,17,"Kaiuma Bay"
"3079","Breaks",3718340,17,"Kaiuma Bay"
"3080","Breaks",3718341,17,"Kaiuma Bay"
"3081","Breaks",3718342,17,"Kaiuma Bay"
"3082","Breaks",3718343,17,"Kaiuma Bay"
"3083","Breaks",3718346,17,"Kaiuma Bay"
"3084","Breaks",3718350,17,"Kaiuma Bay"
"3085","Breaks",3718351,17,"Kaiuma Bay"
"3086","Breaks",3718356,17,"Kaiuma Bay"
"3087","Breaks",3718357,17,"Kaiuma Bay"
"3088","Breaks",3718359,17,"Kaiuma Bay"
"3089","Breaks",3718360,17,"Kaiuma Bay"
"3090","Breaks",3718363,7,"Grove Point/Arm Jetty"
"3091","Breaks",3718364,31,"Double Bay"
"3092","Breaks",3718366,31,"Double Bay"
"3093","Breaks",3718369,16,"Torea Bay"
"3094","Breaks",3718370,25,"Cowshed Bay"
"3095","Breaks",3718372,25,"Cowshed Bay"
"3096","Breaks",3718373,22,"Broughton Bay Road"
"3097","Breaks",3718376,24,"Tara Bay"
"3098","Breaks",3718377,24,"Tara Bay"
"3099","Breaks",3718379,19,"Double Bay Boat Ramp"
"3100","Breaks",3718380,25,"Cowshed Bay"
"3101","Breaks",3718381,25,"Cowshed Bay"
"3102","Breaks",3718382,10,"Waterfall Bay"
"3103","Breaks",3718384,6,"Anakiwa"
"3104","Breaks",3718385,16,"Torea Bay"
"3105","Breaks",3718386,24,"Tara Bay"
"3106","Breaks",3718387,10,"Waterfall Bay"
"3107","Breaks",3718388,25,"Cowshed Bay"
"3108","Breaks",3718389,24,"Tara Bay"
"3109","Breaks",3718391,29,"Waitaria Bay"
"3110","Breaks",3718392,29,"Waitaria Bay"
"3111","Breaks",3718393,29,"Waitaria Bay"
"3112","Breaks",3718395,11,"Punga Cove"
"3113","Breaks",3718399,11,"Punga Cove"
"3114","Breaks",3718404,10,"Waterfall Bay"
"3115","Breaks",3718405,11,"Punga Cove"
"3116","Breaks",3718406,10,"Waterfall Bay"
"3117","Breaks",3718408,6,"Anakiwa"
"3118","Breaks",3718409,24,"Tara Bay"
"3119","Breaks",3718410,6,"Anakiwa"
"3120","Breaks",3718416,6,"Anakiwa"
"3121","Breaks",3718417,6,"Anakiwa"
"3122","Breaks",3718418,27,"Sandy Bay"
"3123","Breaks",3718421,12,"Oyster Bay"
"3124","Breaks",3718428,12,"Oyster Bay"
"3125","Breaks",3718429,11,"Punga Cove"
"3126","Breaks",3718430,12,"Oyster Bay"
"3127","Breaks",3718432,20,"Ohingaroa Bay"
"3128","Breaks",3718433,19,"Double Bay Boat Ramp"
"3129","Breaks",3718435,30,"St. Omer Barge Ramp"
"3130","Breaks",3718436,13,"Hakana Bay"
"3131","Breaks",3718451,30,"St. Omer Barge Ramp"
"3132","Breaks",3718455,30,"St. Omer Barge Ramp"
"3133","Breaks",3718457,12,"Oyster Bay"
"3134","Breaks",3718460,12,"Oyster Bay"
"3135","Breaks",3718461,11,"Punga Cove"
"3136","Breaks",3718463,11,"Punga Cove"
"3137","Breaks",3718464,11,"Punga Cove"
"3138","Breaks",3718465,25,"Cowshed Bay"
"3139","Breaks",3718466,30,"St. Omer Barge Ramp"
"3140","Breaks",3718469,22,"Broughton Bay Road"
"3141","Breaks",3718472,28,"Fish Bay Ramp"
"3142","Breaks",3718473,6,"Anakiwa"
"3143","Breaks",3718474,11,"Punga Cove"
"3144","Breaks",3718477,27,"Sandy Bay"
"3145","Breaks",3718478,19,"Double Bay Boat Ramp"
"3146","Breaks",3718480,27,"Sandy Bay"
"3147","Breaks",3718483,13,"Hakana Bay"
"3148","Breaks",3718484,13,"Hakana Bay"
"3149","Breaks",3718486,27,"Sandy Bay"
"3150","Breaks",3718487,27,"Sandy Bay"
"3151","Breaks",3718490,11,"Punga Cove"
"3152","Breaks",3718494,13,"Hakana Bay"
"3153","Breaks",3718497,16,"Torea Bay"
"3154","Breaks",3718498,6,"Anakiwa"
"3155","Breaks",3718500,20,"Ohingaroa Bay"
"3156","Breaks",3718501,20,"Ohingaroa Bay"
"3157","Breaks",3718503,18,"Moetapu Bay Jetty"
"3158","Breaks",3718504,12,"Oyster Bay"
"3159","Breaks",3718509,27,"Sandy Bay"
"3160","Breaks",3718515,26,"Nikau Cove Doc Camp"
"3161","Breaks",3718516,26,"Nikau Cove Doc Camp"
"3162","Breaks",3718519,12,"Oyster Bay"
"3163","Breaks",3718521,25,"Cowshed Bay"
"3164","Breaks",3718523,25,"Cowshed Bay"
"3165","Breaks",3718525,11,"Punga Cove"
"3166","Breaks",3718526,16,"Torea Bay"
"3167","Breaks",3718539,11,"Punga Cove"
"3168","Breaks",3718542,11,"Punga Cove"
"3169","Breaks",3718543,11,"Punga Cove"
"3170","Breaks",3718547,11,"Punga Cove"
"3171","Breaks",3718550,16,"Torea Bay"
"3172","Breaks",3718553,17,"Kaiuma Bay"
"3173","Breaks",3718558,11,"Punga Cove"
"3174","Breaks",3718563,22,"Broughton Bay Road"
"3175","Breaks",3718569,29,"Waitaria Bay"
"3176","Breaks",3718571,27,"Sandy Bay"
"3177","Breaks",3718575,30,"St. Omer Barge Ramp"
"3178","Breaks",3718577,27,"Sandy Bay"
"3179","Breaks",3718578,27,"Sandy Bay"
"3180","Breaks",3718581,27,"Sandy Bay"
"3181","Breaks",3718583,21,"Willow Bay"
"3182","Breaks",3718586,10,"Waterfall Bay"
"3183","Breaks",3718587,6,"Anakiwa"
"3184","Breaks",3718596,27,"Sandy Bay"
"3185","Breaks",3718597,30,"St. Omer Barge Ramp"
"3186","Breaks",3718599,10,"Waterfall Bay"
"3187","Breaks",3718604,27,"Sandy Bay"
"3188","Breaks",3718606,12,"Oyster Bay"
"3189","Breaks",3718621,17,"Kaiuma Bay"
"3190","Breaks",3718630,27,"Sandy Bay"
"3191","Breaks",3718634,29,"Waitaria Bay"
"3192","Breaks",3718635,12,"Oyster Bay"
"3193","Breaks",3718637,11,"Punga Cove"
"3194","Breaks",3718639,27,"Sandy Bay"
"3195","Breaks",3718641,26,"Nikau Cove Doc Camp"
"3196","Breaks",3718642,11,"Punga Cove"
"3197","Breaks",3718645,6,"Anakiwa"
"3198","Breaks",3718646,16,"Torea Bay"
"3199","Breaks",3718649,11,"Punga Cove"
"3200","Breaks",3718653,16,"Torea Bay"
"3201","Breaks",3718654,16,"Torea Bay"
"3202","Breaks",3718656,16,"Torea Bay"
"3203","Breaks",3718657,15,"Portage Bay"
"3204","Breaks",3718658,11,"Punga Cove"
"3205","Breaks",3718659,37,"Hamilton Bay (Rocky Creek) Ramp"
"3206","Breaks",3718660,25,"Cowshed Bay"
"3207","Breaks",3718662,16,"Torea Bay"
"3208","Breaks",3718669,27,"Sandy Bay"
"3209","Breaks",3718670,30,"St. Omer Barge Ramp"
"3210","Breaks",3718671,30,"St. Omer Barge Ramp"
"3211","Breaks",3718674,12,"Oyster Bay"
"3212","Breaks",3718677,27,"Sandy Bay"
"3213","Breaks",3718680,12,"Oyster Bay"
"3214","Breaks",3718681,11,"Punga Cove"
"3215","Breaks",3718689,7,"Grove Point/Arm Jetty"
"3216","Breaks",3718692,18,"Moetapu Bay Jetty"
"3217","Breaks",3718694,12,"Oyster Bay"
"3218","Breaks",3718699,12,"Oyster Bay"
"3219","Breaks",3718706,18,"Moetapu Bay Jetty"
"3220","Breaks",3718707,25,"Cowshed Bay"
"3221","Breaks",3718710,11,"Punga Cove"
"3222","Breaks",3718711,22,"Broughton Bay Road"
"3223","Breaks",3718712,22,"Broughton Bay Road"
"3224","Breaks",3718713,26,"Nikau Cove Doc Camp"
"3225","Breaks",3718714,13,"Hakana Bay"
"3226","Breaks",3718715,18,"Moetapu Bay Jetty"
"3227","Breaks",3718716,12,"Oyster Bay"
"3228","Breaks",3718756,12,"Oyster Bay"
"3229","Breaks",3718759,33,"Penzance Bay"
"3230","Breaks",3718760,32,"Duncan Bay"
"3231","Breaks",3718763,24,"Tara Bay"
"3232","Breaks",3718774,11,"Punga Cove"
"3233","Breaks",3718775,29,"Waitaria Bay"
"3234","Breaks",3718776,13,"Hakana Bay"
"3235","Breaks",3718778,13,"Hakana Bay"
"3236","Breaks",3718779,18,"Moetapu Bay Jetty"
"3237","Breaks",3718781,21,"Willow Bay"
"3238","Breaks",3718785,32,"Duncan Bay"
"3239","Breaks",3718788,19,"Double Bay Boat Ramp"
"3240","Breaks",3718789,17,"Kaiuma Bay"
"3241","Breaks",3718792,27,"Sandy Bay"
"3242","Breaks",3718793,12,"Oyster Bay"
"3243","Breaks",3718794,11,"Punga Cove"
"3244","Breaks",3718795,11,"Punga Cove"
"3245","Breaks",3718796,13,"Hakana Bay"
"3246","Breaks",3718799,27,"Sandy Bay"
"3247","Breaks",3718800,27,"Sandy Bay"
"3248","Breaks",3718801,13,"Hakana Bay"
"3249","Breaks",3718803,12,"Oyster Bay"
"3250","Breaks",3718804,13,"Hakana Bay"
"3251","Breaks",3718805,12,"Oyster Bay"
"3252","Breaks",3718806,12,"Oyster Bay"
"3253","Breaks",3718810,13,"Hakana Bay"
"3254","Breaks",3718811,33,"Penzance Bay"
"3255","Breaks",3718814,18,"Moetapu Bay Jetty"
"3256","Breaks",3718823,30,"St. Omer Barge Ramp"
"3257","Breaks",3718828,33,"Penzance Bay"
"3258","Breaks",3718829,32,"Duncan Bay"
"3259","Breaks",3718837,19,"Double Bay Boat Ramp"
"3260","Breaks",3718851,11,"Punga Cove"
"3261","Breaks",3718853,12,"Oyster Bay"
"3262","Breaks",3718858,11,"Punga Cove"
"3263","Breaks",3718864,12,"Oyster Bay"
"3264","Breaks",3718869,12,"Oyster Bay"
"3265","Breaks",3718872,19,"Double Bay Boat Ramp"
"3266","Breaks",3718875,12,"Oyster Bay"
"3267","Breaks",3718876,12,"Oyster Bay"
"3268","Breaks",3718884,12,"Oyster Bay"
"3269","Breaks",3718898,11,"Punga Cove"
"3270","Breaks",3718904,17,"Kaiuma Bay"
"3271","Breaks",3718905,17,"Kaiuma Bay"
"3272","Breaks",3718906,17,"Kaiuma Bay"
"3273","Breaks",3718907,17,"Kaiuma Bay"
"3274","Breaks",3718909,17,"Kaiuma Bay"
"3275","Breaks",3718912,17,"Kaiuma Bay"
"3276","Breaks",3718914,17,"Kaiuma Bay"
"3277","Breaks",3718915,12,"Oyster Bay"
"3278","Breaks",3718916,17,"Kaiuma Bay"
"3279","Breaks",3718917,17,"Kaiuma Bay"
"3280","Breaks",3718919,17,"Kaiuma Bay"
"3281","Breaks",3718920,17,"Kaiuma Bay"
"3282","Breaks",3718924,17,"Kaiuma Bay"
"3283","Breaks",3718925,17,"Kaiuma Bay"
"3284","Breaks",3718928,17,"Kaiuma Bay"
"3285","Breaks",3718929,17,"Kaiuma Bay"
"3286","Breaks",3718931,17,"Kaiuma Bay"
"3287","Breaks",3718933,17,"Kaiuma Bay"
"3288","Breaks",3718938,17,"Kaiuma Bay"
"3289","Breaks",3718956,11,"Punga Cove"
"3290","Breaks",3718977,11,"Punga Cove"
"3291","Breaks",3718979,13,"Hakana Bay"
"3292","Breaks",3719003,12,"Oyster Bay"
"3293","Breaks",3719023,12,"Oyster Bay"
"3294","Breaks",3719040,12,"Oyster Bay"
"3295","Breaks",3719046,12,"Oyster Bay"
"3296","Breaks",3719063,12,"Oyster Bay"
"3297","Breaks",3719064,17,"Kaiuma Bay"
"3298","Breaks",3719065,17,"Kaiuma Bay"
"3299","Breaks",3719066,17,"Kaiuma Bay"
"3300","Breaks",3719067,17,"Kaiuma Bay"
"3301","Breaks",3719072,17,"Kaiuma Bay"
"3302","Breaks",3719073,17,"Kaiuma Bay"
"3303","Breaks",3719076,17,"Kaiuma Bay"
"3304","Breaks",3719077,12,"Oyster Bay"
"3305","Breaks",3719122,7,"Grove Point/Arm Jetty"
"3306","Breaks",3719131,17,"Kaiuma Bay"
"3307","Breaks",3719133,17,"Kaiuma Bay"
"3308","Breaks",3719134,17,"Kaiuma Bay"
"3309","Breaks",3719144,12,"Oyster Bay"
"3310","Breaks",3719175,13,"Hakana Bay"
"3311","Breaks",3719192,12,"Oyster Bay"
"3312","Breaks",3719207,12,"Oyster Bay"
"3313","Breaks",3719219,12,"Oyster Bay"
"3314","Breaks",3719220,12,"Oyster Bay"
"3315","Breaks",3719232,12,"Oyster Bay"
"3316","Breaks",3719236,13,"Hakana Bay"
"3317","Breaks",3719244,24,"Tara Bay"
"3318","Breaks",3719245,12,"Oyster Bay"
"3319","Breaks",3719249,17,"Kaiuma Bay"
"3320","Breaks",3719259,12,"Oyster Bay"
"3321","Breaks",3719284,12,"Oyster Bay"
"3322","Breaks",3719288,29,"Waitaria Bay"
"3323","Breaks",3719289,12,"Oyster Bay"
"3324","Breaks",3719290,27,"Sandy Bay"
"3325","Breaks",3719293,30,"St. Omer Barge Ramp"
"3326","Breaks",3719297,29,"Waitaria Bay"
"3327","Breaks",3719298,11,"Punga Cove"
"3328","Breaks",3719304,40,"Titirangi Bay"
"3329","Breaks",3719307,13,"Hakana Bay"
"3330","Breaks",3719315,13,"Hakana Bay"
"3331","Breaks",3719316,13,"Hakana Bay"
"3332","Breaks",3719317,11,"Punga Cove"
"3333","Breaks",3719318,25,"Cowshed Bay"
"3334","Breaks",3719319,7,"Grove Point/Arm Jetty"
"3335","Breaks",3719320,7,"Grove Point/Arm Jetty"
"3336","Breaks",3719321,7,"Grove Point/Arm Jetty"
"3337","Breaks",3719322,7,"Grove Point/Arm Jetty"
"3338","Breaks",3719324,7,"Grove Point/Arm Jetty"
"3339","Breaks",3719325,7,"Grove Point/Arm Jetty"
"3340","Breaks",3719326,7,"Grove Point/Arm Jetty"
"3341","Breaks",3719327,7,"Grove Point/Arm Jetty"
"3342","Breaks",3719329,12,"Oyster Bay"
"3343","Breaks",3719330,12,"Oyster Bay"
"3344","Breaks",3719333,12,"Oyster Bay"
"3345","Breaks",3719334,7,"Grove Point/Arm Jetty"
"3346","Breaks",3719336,19,"Double Bay Boat Ramp"
"3347","Breaks",3719340,7,"Grove Point/Arm Jetty"
"3348","Breaks",3719341,12,"Oyster Bay"
"3349","Breaks",3719343,7,"Grove Point/Arm Jetty"
"3350","Breaks",3719344,7,"Grove Point/Arm Jetty"
"3351","Breaks",3719345,7,"Grove Point/Arm Jetty"
"3352","Breaks",3719346,7,"Grove Point/Arm Jetty"
"3353","Breaks",3719347,12,"Oyster Bay"
"3354","Breaks",3719348,12,"Oyster Bay"
"3355","Breaks",3719349,12,"Oyster Bay"
"3356","Breaks",3719351,12,"Oyster Bay"
"3357","Breaks",3719353,12,"Oyster Bay"
"3358","Breaks",3719365,12,"Oyster Bay"
"3359","Breaks",3719366,12,"Oyster Bay"
"3360","Breaks",3719374,12,"Oyster Bay"
"3361","Breaks",3719378,33,"Penzance Bay"
"3362","Breaks",3719387,32,"Duncan Bay"
"3363","Breaks",3719392,27,"Sandy Bay"
"3364","Breaks",3719416,11,"Punga Cove"
"3365","Breaks",3719424,17,"Kaiuma Bay"
"3366","Breaks",3719452,12,"Oyster Bay"
"3367","Breaks",3719481,12,"Oyster Bay"
"3368","Breaks",3719484,12,"Oyster Bay"
"3369","Breaks",3719488,33,"Penzance Bay"
"3370","Breaks",3719494,13,"Hakana Bay"
"3371","Breaks",3719510,13,"Hakana Bay"
"3372","Breaks",3719511,12,"Oyster Bay"
"3373","Breaks",3719565,12,"Oyster Bay"
"3374","Breaks",3719629,12,"Oyster Bay"
"3375","Breaks",3719632,12,"Oyster Bay"
"3376","Breaks",3719641,12,"Oyster Bay"
"3377","Breaks",3719651,17,"Kaiuma Bay"
"3378","Breaks",3719652,9,"Ngakuta Bay"
"3379","Breaks",3719653,13,"Hakana Bay"
"3380","Breaks",3719672,12,"Oyster Bay"
"3381","Breaks",3719684,32,"Duncan Bay"
"3382","Breaks",3719686,17,"Kaiuma Bay"
"3383","Breaks",3719692,11,"Punga Cove"
"3384","Breaks",3719697,13,"Hakana Bay"
"3385","Breaks",3719699,13,"Hakana Bay"
"3386","Breaks",3719702,13,"Hakana Bay"
"3387","Breaks",3719714,12,"Oyster Bay"
"3388","Breaks",3719767,12,"Oyster Bay"
"3389","Breaks",3719803,17,"Kaiuma Bay"
"3390","Breaks",3719804,12,"Oyster Bay"
"3391","Breaks",3719806,30,"St. Omer Barge Ramp"
"3392","Breaks",3719849,12,"Oyster Bay"
"3393","Breaks",3719890,12,"Oyster Bay"
"3394","Breaks",3719893,12,"Oyster Bay"
"3395","Breaks",3719894,12,"Oyster Bay"
"3396","Breaks",3719895,12,"Oyster Bay"
"3397","Breaks",3719898,12,"Oyster Bay"
"3398","Breaks",3719918,12,"Oyster Bay"
"3399","Breaks",3719919,17,"Kaiuma Bay"
"3400","Breaks",3719922,12,"Oyster Bay"
"3401","Breaks",3719927,19,"Double Bay Boat Ramp"
"3402","Breaks",3719929,17,"Kaiuma Bay"
"3403","Breaks",3719931,12,"Oyster Bay"
"3404","Breaks",3719932,12,"Oyster Bay"
"3405","Breaks",3719935,17,"Kaiuma Bay"
"3406","Breaks",3719949,19,"Double Bay Boat Ramp"
"3407","Breaks",3719975,12,"Oyster Bay"
"3408","Breaks",3719981,12,"Oyster Bay"
"3409","Breaks",3719982,12,"Oyster Bay"
"3410","Breaks",3719984,17,"Kaiuma Bay"
"3411","Breaks",3719987,17,"Kaiuma Bay"
"3412","Breaks",3719988,12,"Oyster Bay"
"3413","Breaks",3719993,21,"Willow Bay"
"3414","Breaks",3719995,12,"Oyster Bay"
"3415","Breaks",3719997,12,"Oyster Bay"
"3416","Breaks",3720000,17,"Kaiuma Bay"
"3417","Breaks",3720004,12,"Oyster Bay"
"3418","Breaks",3720007,17,"Kaiuma Bay"
"3419","Breaks",3720013,12,"Oyster Bay"
"3420","Breaks",3720022,19,"Double Bay Boat Ramp"
"3421","Breaks",3720024,17,"Kaiuma Bay"
"3422","Breaks",3720042,12,"Oyster Bay"
"3423","Breaks",3720043,17,"Kaiuma Bay"
"3424","Breaks",3720048,20,"Ohingaroa Bay"
"3425","Breaks",3720051,37,"Hamilton Bay (Rocky Creek) Ramp"
"3426","Breaks",3720053,21,"Willow Bay"
"3427","Breaks",3720054,11,"Punga Cove"
"3428","Breaks",3720056,12,"Oyster Bay"
"3429","Breaks",3720057,12,"Oyster Bay"
"3430","Breaks",3720058,17,"Kaiuma Bay"
"3431","Breaks",3720059,17,"Kaiuma Bay"
"3432","Breaks",3720064,17,"Kaiuma Bay"
"3433","Breaks",3720066,11,"Punga Cove"
"3434","Breaks",3720077,14,"Elaine Bay"
"3435","Breaks",3720080,21,"Willow Bay"
"3436","Breaks",3720082,27,"Sandy Bay"
"3437","Breaks",3720089,17,"Kaiuma Bay"
"3438","Breaks",3720092,17,"Kaiuma Bay"
"3439","Breaks",3720102,7,"Grove Point/Arm Jetty"
"3440","Breaks",3720117,7,"Grove Point/Arm Jetty"
"3441","Breaks",3720121,27,"Sandy Bay"
"3442","Breaks",3720138,12,"Oyster Bay"
"3443","Breaks",3720150,31,"Double Bay"
"3444","Breaks",3720155,11,"Punga Cove"
"3445","Breaks",3720156,12,"Oyster Bay"
"3446","Breaks",3720165,12,"Oyster Bay"
"3447","Breaks",3720168,32,"Duncan Bay"
"3448","Breaks",3720173,12,"Oyster Bay"
"3449","Breaks",3720174,13,"Hakana Bay"
"3450","Breaks",3720182,7,"Grove Point/Arm Jetty"
"3451","Breaks",3720185,7,"Grove Point/Arm Jetty"
"3452","Breaks",3720187,7,"Grove Point/Arm Jetty"
"3453","Breaks",3720188,12,"Oyster Bay"
"3454","Breaks",3720189,7,"Grove Point/Arm Jetty"
"3455","Breaks",3720190,7,"Grove Point/Arm Jetty"
"3456","Breaks",3720199,12,"Oyster Bay"
"3457","Breaks",3720203,17,"Kaiuma Bay"
"3458","Breaks",3720205,17,"Kaiuma Bay"
"3459","Breaks",3720213,12,"Oyster Bay"
"3460","Breaks",3720222,12,"Oyster Bay"
"3461","Breaks",3720253,28,"Fish Bay Ramp"
"3462","Breaks",3720263,12,"Oyster Bay"
"3463","Breaks",3720269,12,"Oyster Bay"
"3464","Breaks",3720297,12,"Oyster Bay"
"3465","Breaks",3720301,12,"Oyster Bay"
"3466","Breaks",3720304,33,"Penzance Bay"
"3467","Breaks",3720315,27,"Sandy Bay"
"3468","Breaks",3720316,27,"Sandy Bay"
"3469","Breaks",3720326,12,"Oyster Bay"
"3470","Breaks",3720327,12,"Oyster Bay"
"3471","Breaks",3720341,17,"Kaiuma Bay"
"3472","Breaks",3720343,17,"Kaiuma Bay"
"3473","Breaks",3720344,17,"Kaiuma Bay"
"3474","Breaks",3720360,7,"Grove Point/Arm Jetty"
"3475","Breaks",3720362,12,"Oyster Bay"
"3476","Breaks",3720386,17,"Kaiuma Bay"
"3477","Breaks",3720400,13,"Hakana Bay"
"3478","Breaks",3720402,12,"Oyster Bay"
"3479","Breaks",3720443,11,"Punga Cove"
"3480","Breaks",3720445,12,"Oyster Bay"
"3481","Breaks",3720446,30,"St. Omer Barge Ramp"
"3482","Breaks",3720451,13,"Hakana Bay"
"3483","Breaks",3720486,13,"Hakana Bay"
"3484","Breaks",3720487,12,"Oyster Bay"
"3485","Breaks",3720521,12,"Oyster Bay"
"3486","Breaks",3720522,12,"Oyster Bay"
"3487","Breaks",3720528,12,"Oyster Bay"
"3488","Breaks",3720538,12,"Oyster Bay"
"3489","Breaks",3720557,12,"Oyster Bay"
"3490","Breaks",3720558,12,"Oyster Bay"
"3491","Breaks",3720571,27,"Sandy Bay"
"3492","Breaks",3720574,12,"Oyster Bay"
"3493","Breaks",3720579,17,"Kaiuma Bay"
"3494","Breaks",3720583,17,"Kaiuma Bay"
"3495","Breaks",3720584,12,"Oyster Bay"
"3496","Breaks",3720594,12,"Oyster Bay"
"3497","Breaks",3720601,17,"Kaiuma Bay"
"3498","Breaks",3720613,12,"Oyster Bay"
"3499","Breaks",3720616,12,"Oyster Bay"
"3500","Breaks",3720627,12,"Oyster Bay"
"3501","Breaks",3720629,30,"St. Omer Barge Ramp"
"3502","Breaks",3720632,13,"Hakana Bay"
"3503","Breaks",3720635,12,"Oyster Bay"
"3504","Breaks",3720637,12,"Oyster Bay"
"3505","Breaks",3720642,12,"Oyster Bay"
"3506","Breaks",3720645,19,"Double Bay Boat Ramp"
"3507","Breaks",3720646,12,"Oyster Bay"
"3508","Breaks",3720647,12,"Oyster Bay"
"3509","Breaks",3720648,11,"Punga Cove"
"3510","Breaks",3720649,12,"Oyster Bay"
"3511","Breaks",3720659,12,"Oyster Bay"
"3512","Breaks",3720664,12,"Oyster Bay"
"3513","Breaks",3720666,12,"Oyster Bay"
"3514","Breaks",3720672,12,"Oyster Bay"
"3515","Breaks",3720674,7,"Grove Point/Arm Jetty"
"3516","Breaks",3720677,17,"Kaiuma Bay"
"3517","Breaks",3720681,12,"Oyster Bay"
"3518","Breaks",3720682,12,"Oyster Bay"
"3519","Breaks",3720696,12,"Oyster Bay"
"3520","Breaks",3720698,25,"Cowshed Bay"
"3521","Breaks",3720702,12,"Oyster Bay"
"3522","Breaks",3720704,11,"Punga Cove"
"3523","Breaks",3720706,27,"Sandy Bay"
"3524","Breaks",3720710,11,"Punga Cove"
"3525","Breaks",3720711,31,"Double Bay"
"3526","Breaks",3720717,20,"Ohingaroa Bay"
"3527","Breaks",3720718,17,"Kaiuma Bay"
"3528","Breaks",3720732,20,"Ohingaroa Bay"
"3529","Breaks",3720745,12,"Oyster Bay"
"3530","Breaks",3720749,17,"Kaiuma Bay"
"3531","Breaks",3720757,26,"Nikau Cove Doc Camp"
"3532","Breaks",3720762,12,"Oyster Bay"
"3533","Breaks",3720783,12,"Oyster Bay"
"3534","Breaks",3720784,12,"Oyster Bay"
"3535","Breaks",3720785,12,"Oyster Bay"
"3536","Breaks",3720787,17,"Kaiuma Bay"
"3537","Breaks",3720789,12,"Oyster Bay"
"3538","Breaks",3720791,12,"Oyster Bay"
"3539","Breaks",3720796,12,"Oyster Bay"
"3540","Breaks",3720797,12,"Oyster Bay"
"3541","Breaks",3720798,12,"Oyster Bay"
"3542","Breaks",3720799,12,"Oyster Bay"
"3543","Breaks",3720803,12,"Oyster Bay"
"3544","Breaks",3720819,12,"Oyster Bay"
"3545","Breaks",3720825,12,"Oyster Bay"
"3546","Breaks",3720826,12,"Oyster Bay"
"3547","Breaks",3720827,13,"Hakana Bay"
"3548","Breaks",3720828,9,"Ngakuta Bay"
"3549","Breaks",3720839,13,"Hakana Bay"
"3550","Breaks",3720840,12,"Oyster Bay"
"3551","Breaks",3720841,12,"Oyster Bay"
"3552","Breaks",3720858,17,"Kaiuma Bay"
"3553","Breaks",3720860,32,"Duncan Bay"
"3554","Breaks",3720862,17,"Kaiuma Bay"
"3555","Breaks",3720864,17,"Kaiuma Bay"
"3556","Breaks",3720886,17,"Kaiuma Bay"
"3557","Breaks",3720893,7,"Grove Point/Arm Jetty"
"3558","Breaks",3720901,17,"Kaiuma Bay"
"3559","Breaks",3720902,17,"Kaiuma Bay"
"3560","Breaks",3720905,12,"Oyster Bay"
"3561","Breaks",3720911,20,"Ohingaroa Bay"
"3562","Breaks",3720918,12,"Oyster Bay"
"3563","Breaks",3720920,17,"Kaiuma Bay"
"3564","Breaks",3720932,33,"Penzance Bay"
"3565","Breaks",3720937,33,"Penzance Bay"
"3566","Breaks",3720938,8,"Momorangi Bay"
"3567","Breaks",3720945,32,"Duncan Bay"
"3568","Breaks",3720947,12,"Oyster Bay"
"3569","Breaks",3720951,12,"Oyster Bay"
"3570","Breaks",3720953,12,"Oyster Bay"
"3571","Breaks",3720963,12,"Oyster Bay"
"3572","Breaks",3720965,12,"Oyster Bay"
"3573","Breaks",3720966,12,"Oyster Bay"
"3574","Breaks",3720967,32,"Duncan Bay"
"3575","Breaks",3720973,11,"Punga Cove"
"3576","Breaks",3720981,12,"Oyster Bay"
"3577","Breaks",3720983,12,"Oyster Bay"
"3578","Breaks",3720989,12,"Oyster Bay"
"3579","Breaks",3720992,12,"Oyster Bay"
"3580","Breaks",3720997,12,"Oyster Bay"
"3581","Breaks",3720999,11,"Punga Cove"
"3582","Breaks",3721000,12,"Oyster Bay"
"3583","Breaks",3721005,38,"Bulwer Bay"
"3584","Breaks",3721007,11,"Punga Cove"
"3585","Breaks",3721008,11,"Punga Cove"
"3586","Breaks",3721010,21,"Willow Bay"
"3587","Breaks",3721011,21,"Willow Bay"
"3588","Breaks",3721012,20,"Ohingaroa Bay"
"3589","Breaks",3721013,27,"Sandy Bay"
"3590","Breaks",3721014,21,"Willow Bay"
"3591","Breaks",3721016,21,"Willow Bay"
"3592","Breaks",3721017,11,"Punga Cove"
"3593","Breaks",3721018,12,"Oyster Bay"
"3594","Breaks",3721020,13,"Hakana Bay"
"3595","Breaks",3721025,19,"Double Bay Boat Ramp"
"3596","Breaks",3721026,7,"Grove Point/Arm Jetty"
"3597","Breaks",3721028,19,"Double Bay Boat Ramp"
"3598","Breaks",3721033,7,"Grove Point/Arm Jetty"
"3599","Breaks",3721034,19,"Double Bay Boat Ramp"
"3600","Breaks",3721036,18,"Moetapu Bay Jetty"
"3601","Breaks",3721037,7,"Grove Point/Arm Jetty"
"3602","Breaks",3721041,14,"Elaine Bay"
"3603","Breaks",3721043,17,"Kaiuma Bay"
"3604","Breaks",3721052,13,"Hakana Bay"
"3605","Breaks",3721055,15,"Portage Bay"
"3606","Breaks",3721059,12,"Oyster Bay"
"3607","Breaks",3721060,11,"Punga Cove"
"3608","Breaks",3721061,30,"St. Omer Barge Ramp"
"3609","Breaks",3721062,11,"Punga Cove"
"3610","Breaks",3721064,11,"Punga Cove"
"3611","Breaks",3721067,18,"Moetapu Bay Jetty"
"3612","Breaks",3721069,33,"Penzance Bay"
"3613","Breaks",3721073,12,"Oyster Bay"
"3614","Breaks",3721076,12,"Oyster Bay"
"3615","Breaks",3721079,11,"Punga Cove"
"3616","Breaks",3721080,11,"Punga Cove"
"3617","Breaks",3721081,30,"St. Omer Barge Ramp"
"3618","Breaks",3721082,12,"Oyster Bay"
"3619","Breaks",3721084,30,"St. Omer Barge Ramp"
"3620","Breaks",3721085,12,"Oyster Bay"
"3621","Breaks",3721088,12,"Oyster Bay"
"3622","Breaks",3721089,10,"Waterfall Bay"
"3623","Breaks",3721093,32,"Duncan Bay"
"3624","Breaks",3721095,13,"Hakana Bay"
"3625","Breaks",3721096,15,"Portage Bay"
"3626","Breaks",3721098,33,"Penzance Bay"
"3627","Breaks",3721100,11,"Punga Cove"
"3628","Breaks",3721101,21,"Willow Bay"
"3629","Breaks",3721102,27,"Sandy Bay"
"3630","Breaks",3721106,11,"Punga Cove"
"3631","Breaks",3721109,12,"Oyster Bay"
"3632","Breaks",3721117,12,"Oyster Bay"
"3633","Breaks",3721129,12,"Oyster Bay"
"3634","Breaks",3721137,19,"Double Bay Boat Ramp"
"3635","Breaks",3721144,11,"Punga Cove"
"3636","Breaks",3721145,21,"Willow Bay"
"3637","Breaks",3721148,10,"Waterfall Bay"
"3638","Breaks",3721149,30,"St. Omer Barge Ramp"
"3639","Breaks",3721150,25,"Cowshed Bay"
"3640","Breaks",3721152,12,"Oyster Bay"
"3641","Breaks",3721153,7,"Grove Point/Arm Jetty"
"3642","Breaks",3721156,12,"Oyster Bay"
"3643","Breaks",3721158,7,"Grove Point/Arm Jetty"
"3644","Breaks",3721159,19,"Double Bay Boat Ramp"
"3645","Breaks",3721160,21,"Willow Bay"
"3646","Breaks",3721164,19,"Double Bay Boat Ramp"
"3647","Breaks",3721175,12,"Oyster Bay"
"3648","Breaks",3721179,12,"Oyster Bay"
"3649","Breaks",3721191,12,"Oyster Bay"
"3650","Breaks",3721193,12,"Oyster Bay"
"3651","Breaks",3721216,12,"Oyster Bay"
"3652","Breaks",3721226,17,"Kaiuma Bay"
"3653","Breaks",3721228,12,"Oyster Bay"
"3654","Breaks",3721231,12,"Oyster Bay"
"3655","Breaks",3721240,17,"Kaiuma Bay"
"3656","Breaks",3721247,12,"Oyster Bay"
"3657","Breaks",3721252,13,"Hakana Bay"
"3658","Breaks",3721267,12,"Oyster Bay"
"3659","Breaks",3721276,12,"Oyster Bay"
"3660","Breaks",3721304,17,"Kaiuma Bay"
"3661","Breaks",3721314,32,"Duncan Bay"
"3662","Breaks",3721322,19,"Double Bay Boat Ramp"
"3663","Breaks",3721323,11,"Punga Cove"
"3664","Breaks",3721324,13,"Hakana Bay"
"3665","Breaks",3721325,13,"Hakana Bay"
"3666","Breaks",3721326,11,"Punga Cove"
"3667","Breaks",3721346,12,"Oyster Bay"
"3668","Breaks",3721352,12,"Oyster Bay"
"3669","Breaks",3721353,12,"Oyster Bay"
"3670","Breaks",3721360,12,"Oyster Bay"
"3671","Breaks",3721362,12,"Oyster Bay"
"3672","Breaks",3721382,17,"Kaiuma Bay"
"3673","Breaks",3721393,20,"Ohingaroa Bay"
"3674","Breaks",3721397,13,"Hakana Bay"
"3675","Breaks",3721402,21,"Willow Bay"
"3676","Breaks",3721411,12,"Oyster Bay"
"3677","Breaks",3721423,12,"Oyster Bay"
"3678","Breaks",3721429,12,"Oyster Bay"
"3679","Breaks",3721430,12,"Oyster Bay"
"3680","Breaks",3721458,17,"Kaiuma Bay"
"3681","Breaks",3721463,13,"Hakana Bay"
"3682","Breaks",3721464,21,"Willow Bay"
"3683","Breaks",3721465,13,"Hakana Bay"
"3684","Breaks",3721473,17,"Kaiuma Bay"
"3685","Breaks",3721478,11,"Punga Cove"
"3686","Breaks",3721483,12,"Oyster Bay"
"3687","Breaks",3721484,12,"Oyster Bay"
"3688","Breaks",3721485,12,"Oyster Bay"
"3689","Breaks",3721486,12,"Oyster Bay"
"3690","Breaks",3721487,12,"Oyster Bay"
"3691","Breaks",3721491,12,"Oyster Bay"
"3692","Breaks",3721496,7,"Grove Point/Arm Jetty"
"3693","Breaks",3721506,17,"Kaiuma Bay"
"3694","Breaks",3721510,30,"St. Omer Barge Ramp"
"3695","Breaks",3721511,30,"St. Omer Barge Ramp"
"3696","Breaks",3721512,32,"Duncan Bay"
"3697","Breaks",3721519,24,"Tara Bay"
"3698","Breaks",3721524,12,"Oyster Bay"
"3699","Breaks",3721525,12,"Oyster Bay"
"3700","Breaks",3721526,7,"Grove Point/Arm Jetty"
"3701","Breaks",3721534,32,"Duncan Bay"
"3702","Breaks",3721544,12,"Oyster Bay"
"3703","Breaks",3721546,17,"Kaiuma Bay"
"3704","Breaks",3721549,13,"Hakana Bay"
"3705","Breaks",3721550,12,"Oyster Bay"
"3706","Breaks",3721552,12,"Oyster Bay"
"3707","Breaks",3721556,12,"Oyster Bay"
"3708","Breaks",3721571,22,"Broughton Bay Road"
"3709","Breaks",3721577,33,"Penzance Bay"
"3710","Breaks",3721578,33,"Penzance Bay"
"3711","Breaks",3721579,11,"Punga Cove"
"3712","Breaks",3721591,12,"Oyster Bay"
"3713","Breaks",3721592,12,"Oyster Bay"
"3714","Breaks",3721594,17,"Kaiuma Bay"
"3715","Breaks",3721607,11,"Punga Cove"
"3716","Breaks",3721609,17,"Kaiuma Bay"
"3717","Breaks",3721619,12,"Oyster Bay"
"3718","Breaks",3721634,25,"Cowshed Bay"
"3719","Breaks",3721636,22,"Broughton Bay Road"
"3720","Breaks",3721659,32,"Duncan Bay"
"3721","Breaks",3721660,12,"Oyster Bay"
"3722","Breaks",3721670,12,"Oyster Bay"
"3723","Breaks",3721672,12,"Oyster Bay"
"3724","Breaks",3721690,11,"Punga Cove"
"3725","Breaks",3721700,13,"Hakana Bay"
"3726","Breaks",3721701,13,"Hakana Bay"
"3727","Breaks",3721702,9,"Ngakuta Bay"
"3728","Breaks",3721704,13,"Hakana Bay"
"3729","Breaks",3721705,27,"Sandy Bay"
"3730","Breaks",3721707,12,"Oyster Bay"
"3731","Breaks",3721708,12,"Oyster Bay"
"3732","Breaks",3721726,17,"Kaiuma Bay"
"3733","Breaks",3721730,17,"Kaiuma Bay"
"3734","Breaks",3721731,11,"Punga Cove"
"3735","Breaks",3721735,12,"Oyster Bay"
"3736","Breaks",3721744,12,"Oyster Bay"
"3737","Breaks",3721746,30,"St. Omer Barge Ramp"
"3738","Breaks",3721749,17,"Kaiuma Bay"
"3739","Breaks",3721750,17,"Kaiuma Bay"
"3740","Breaks",3721755,17,"Kaiuma Bay"
"3741","Breaks",3721770,12,"Oyster Bay"
"3742","Breaks",3721776,17,"Kaiuma Bay"
"3743","Breaks",3721777,17,"Kaiuma Bay"
"3744","Breaks",3721780,12,"Oyster Bay"
"3745","Breaks",3721782,12,"Oyster Bay"
"3746","Breaks",3721784,17,"Kaiuma Bay"
"3747","Breaks",3721803,30,"St. Omer Barge Ramp"
"3748","Breaks",3721808,12,"Oyster Bay"
"3749","Breaks",3721809,12,"Oyster Bay"
"3750","Breaks",3721830,12,"Oyster Bay"
"3751","Breaks",3721831,12,"Oyster Bay"
"3752","Breaks",3721838,12,"Oyster Bay"
"3753","Breaks",3721839,12,"Oyster Bay"
"3754","Breaks",3721840,12,"Oyster Bay"
"3755","Breaks",3721842,12,"Oyster Bay"
"3756","Breaks",3721860,27,"Sandy Bay"
"3757","Breaks",3721861,12,"Oyster Bay"
"3758","Breaks",3721864,12,"Oyster Bay"
"3759","Breaks",3721865,12,"Oyster Bay"
"3760","Breaks",3721869,12,"Oyster Bay"
"3761","Breaks",3721870,12,"Oyster Bay"
"3762","Breaks",3721877,12,"Oyster Bay"
"3763","Breaks",3721884,12,"Oyster Bay"
"3764","Breaks",3721886,12,"Oyster Bay"
"3765","Breaks",3721889,12,"Oyster Bay"
"3766","Breaks",3721893,12,"Oyster Bay"
"3767","Breaks",3721896,12,"Oyster Bay"
"3768","Breaks",3721900,17,"Kaiuma Bay"
"3769","Breaks",3721932,33,"Penzance Bay"
"3770","Breaks",3721935,12,"Oyster Bay"
"3771","Breaks",3721942,12,"Oyster Bay"
"3772","Breaks",3721943,12,"Oyster Bay"
"3773","Breaks",3721944,21,"Willow Bay"
"3774","Breaks",3721945,21,"Willow Bay"
"3775","Breaks",3721946,26,"Nikau Cove Doc Camp"
"3776","Breaks",3721947,12,"Oyster Bay"
"3777","Breaks",3721950,17,"Kaiuma Bay"
"3778","Breaks",3721951,12,"Oyster Bay"
"3779","Breaks",3721964,19,"Double Bay Boat Ramp"
"3780","Breaks",3721965,19,"Double Bay Boat Ramp"
"3781","Breaks",3721970,17,"Kaiuma Bay"
"3782","Breaks",3721975,12,"Oyster Bay"
"3783","Breaks",3721982,17,"Kaiuma Bay"
"3784","Breaks",3721983,9,"Ngakuta Bay"
"3785","Breaks",3721984,9,"Ngakuta Bay"
"3786","Breaks",3722022,7,"Grove Point/Arm Jetty"
"3787","Breaks",3722033,30,"St. Omer Barge Ramp"
"3788","Breaks",3722034,12,"Oyster Bay"
"3789","Breaks",3722044,12,"Oyster Bay"
"3790","Breaks",3722047,7,"Grove Point/Arm Jetty"
"3791","Breaks",3722053,7,"Grove Point/Arm Jetty"
"3792","Breaks",3722055,12,"Oyster Bay"
"3793","Breaks",3722065,12,"Oyster Bay"
"3794","Breaks",3722077,12,"Oyster Bay"
"3795","Breaks",3722081,12,"Oyster Bay"
"3796","Breaks",3722107,12,"Oyster Bay"
"3797","Breaks",3722111,12,"Oyster Bay"
"3798","Breaks",3722123,12,"Oyster Bay"
"3799","Breaks",3722146,19,"Double Bay Boat Ramp"
"3800","Breaks",3722147,12,"Oyster Bay"
"3801","Breaks",3722156,12,"Oyster Bay"
"3802","Breaks",3722160,17,"Kaiuma Bay"
"3803","Breaks",3722173,21,"Willow Bay"
"3804","Breaks",3722185,17,"Kaiuma Bay"
"3805","Breaks",3722186,26,"Nikau Cove Doc Camp"
"3806","Breaks",3722195,12,"Oyster Bay"
"3807","Breaks",3722199,17,"Kaiuma Bay"
"3808","Breaks",3722201,12,"Oyster Bay"
"3809","Breaks",3722202,12,"Oyster Bay"
"3810","Breaks",3722203,17,"Kaiuma Bay"
"3811","Breaks",3722232,12,"Oyster Bay"
"3812","Breaks",3722235,27,"Sandy Bay"
"3813","Breaks",3722238,7,"Grove Point/Arm Jetty"
"3814","Breaks",3722250,18,"Moetapu Bay Jetty"
"3815","Breaks",3722265,12,"Oyster Bay"
"3816","Breaks",3722267,13,"Hakana Bay"
"3817","Breaks",3722270,17,"Kaiuma Bay"
"3818","Breaks",3722274,21,"Willow Bay"
"3819","Breaks",3722276,12,"Oyster Bay"
"3820","Breaks",3722290,12,"Oyster Bay"
"3821","Breaks",3722305,15,"Portage Bay"
"3822","Breaks",3722310,12,"Oyster Bay"
"3823","Breaks",3722316,12,"Oyster Bay"
"3824","Breaks",3722337,12,"Oyster Bay"
"3825","Breaks",3722361,12,"Oyster Bay"
"3826","Breaks",3722375,7,"Grove Point/Arm Jetty"
"3827","Breaks",3722386,9,"Ngakuta Bay"
"3828","Breaks",3722392,12,"Oyster Bay"
"3829","Breaks",3722396,12,"Oyster Bay"
"3830","Breaks",3722413,12,"Oyster Bay"
"3831","Breaks",3722414,13,"Hakana Bay"
"3832","Breaks",3722418,11,"Punga Cove"
"3833","Breaks",3722426,12,"Oyster Bay"
"3834","Breaks",3722447,12,"Oyster Bay"
"3835","Breaks",3722454,17,"Kaiuma Bay"
"3836","Breaks",3722456,17,"Kaiuma Bay"
"3837","Breaks",3722459,25,"Cowshed Bay"
"3838","Breaks",3722482,17,"Kaiuma Bay"
"3839","Breaks",3722483,18,"Moetapu Bay Jetty"
"3840","Breaks",3722487,12,"Oyster Bay"
"3841","Breaks",3722494,17,"Kaiuma Bay"
"3842","Breaks",3722499,17,"Kaiuma Bay"
"3843","Breaks",3722500,12,"Oyster Bay"
"3844","Breaks",3722501,12,"Oyster Bay"
"3845","Breaks",3722503,12,"Oyster Bay"
"3846","Breaks",3722505,7,"Grove Point/Arm Jetty"
"3847","Breaks",3722509,17,"Kaiuma Bay"
"3848","Breaks",3722516,7,"Grove Point/Arm Jetty"
"3849","Breaks",3722518,12,"Oyster Bay"
"3850","Breaks",3722531,32,"Duncan Bay"
"3851","Breaks",3722532,12,"Oyster Bay"
"3852","Breaks",3722534,12,"Oyster Bay"
"3853","Breaks",3722541,33,"Penzance Bay"
"3854","Breaks",3722542,13,"Hakana Bay"
"3855","Breaks",3722556,12,"Oyster Bay"
"3856","Breaks",3722576,12,"Oyster Bay"
"3857","Breaks",3722601,27,"Sandy Bay"
"3858","Breaks",3722612,12,"Oyster Bay"
"3859","Breaks",3722613,17,"Kaiuma Bay"
"3860","Breaks",3722632,12,"Oyster Bay"
"3861","Breaks",3722636,32,"Duncan Bay"
"3862","Breaks",3722641,17,"Kaiuma Bay"
"3863","Breaks",3722645,12,"Oyster Bay"
"3864","Breaks",3722647,9,"Ngakuta Bay"
"3865","Breaks",3722651,7,"Grove Point/Arm Jetty"
"3866","Breaks",3722656,17,"Kaiuma Bay"
"3867","Breaks",3722657,32,"Duncan Bay"
"3868","Breaks",3722666,21,"Willow Bay"
"3869","Breaks",3722682,12,"Oyster Bay"
"3870","Breaks",3722685,12,"Oyster Bay"
"3871","Breaks",3722698,12,"Oyster Bay"
"3872","Breaks",3722706,12,"Oyster Bay"
"3873","Breaks",3722720,7,"Grove Point/Arm Jetty"
"3874","Breaks",3722724,12,"Oyster Bay"
"3875","Breaks",3722735,12,"Oyster Bay"
"3876","Breaks",3722742,24,"Tara Bay"
"3877","Breaks",3722745,9,"Ngakuta Bay"
"3878","Breaks",3722755,12,"Oyster Bay"
"3879","Breaks",3722768,12,"Oyster Bay"
"3880","Breaks",3722772,17,"Kaiuma Bay"
"3881","Breaks",3722814,17,"Kaiuma Bay"
"3882","Breaks",3722870,12,"Oyster Bay"
"3883","Breaks",3722872,12,"Oyster Bay"
"3884","Breaks",3722891,11,"Punga Cove"
"3885","Breaks",3722893,17,"Kaiuma Bay"
"3886","Breaks",3722905,12,"Oyster Bay"
"3887","Breaks",3722908,21,"Willow Bay"
"3888","Breaks",3722916,8,"Momorangi Bay"
"3889","Breaks",3722925,32,"Duncan Bay"
"3890","Breaks",3722931,33,"Penzance Bay"
"3891","Breaks",3722932,12,"Oyster Bay"
"3892","Breaks",3722941,17,"Kaiuma Bay"
"3893","Breaks",3722942,12,"Oyster Bay"
"3894","Breaks",3722949,12,"Oyster Bay"
"3895","Breaks",3722953,12,"Oyster Bay"
"3896","Breaks",3722961,12,"Oyster Bay"
"3897","Breaks",3722962,12,"Oyster Bay"
"3898","Breaks",3722963,17,"Kaiuma Bay"
"3899","Breaks",3722966,12,"Oyster Bay"
"3900","Breaks",3722969,12,"Oyster Bay"
"3901","Breaks",3722971,12,"Oyster Bay"
"3902","Breaks",3722974,12,"Oyster Bay"
"3903","Breaks",3722976,12,"Oyster Bay"
"3904","Breaks",3722979,12,"Oyster Bay"
"3905","Breaks",3722981,24,"Tara Bay"
"3906","Breaks",3722984,12,"Oyster Bay"
"3907","Breaks",3722989,19,"Double Bay Boat Ramp"
"3908","Breaks",3722990,12,"Oyster Bay"
"3909","Breaks",3722991,12,"Oyster Bay"
"3910","Breaks",3722997,12,"Oyster Bay"
"3911","Breaks",3722998,12,"Oyster Bay"
"3912","Breaks",3723000,12,"Oyster Bay"
"3913","Breaks",3723004,7,"Grove Point/Arm Jetty"
"3914","Breaks",3723005,12,"Oyster Bay"
"3915","Breaks",3723011,9,"Ngakuta Bay"
"3916","Breaks",3723018,13,"Hakana Bay"
"3917","Breaks",3723020,12,"Oyster Bay"
"3918","Breaks",3723021,12,"Oyster Bay"
"3919","Breaks",3723022,12,"Oyster Bay"
"3920","Breaks",3723024,12,"Oyster Bay"
"3921","Breaks",3723034,12,"Oyster Bay"
"3922","Breaks",3723035,12,"Oyster Bay"
"3923","Breaks",3723040,12,"Oyster Bay"
"3924","Breaks",3723044,12,"Oyster Bay"
"3925","Breaks",3723046,12,"Oyster Bay"
"3926","Breaks",3723047,12,"Oyster Bay"
"3927","Breaks",3723048,12,"Oyster Bay"
"3928","Breaks",3723049,12,"Oyster Bay"
"3929","Breaks",3723050,11,"Punga Cove"
"3930","Breaks",3723051,12,"Oyster Bay"
"3931","Breaks",3723052,12,"Oyster Bay"
"3932","Breaks",3723053,12,"Oyster Bay"
"3933","Breaks",3723055,12,"Oyster Bay"
"3934","Breaks",3723059,12,"Oyster Bay"
"3935","Breaks",3723060,11,"Punga Cove"
"3936","Breaks",3723062,12,"Oyster Bay"
"3937","Breaks",3723063,12,"Oyster Bay"
"3938","Breaks",3723065,12,"Oyster Bay"
"3939","Breaks",3723068,12,"Oyster Bay"
"3940","Breaks",3723070,12,"Oyster Bay"
"3941","Breaks",3723071,12,"Oyster Bay"
"3942","Breaks",3723076,17,"Kaiuma Bay"
"3943","Breaks",3723077,12,"Oyster Bay"
"3944","Breaks",3723078,12,"Oyster Bay"
"3945","Breaks",3723079,8,"Momorangi Bay"
"3946","Breaks",3723084,12,"Oyster Bay"
"3947","Breaks",3723085,12,"Oyster Bay"
"3948","Breaks",3723086,12,"Oyster Bay"
"3949","Breaks",3723089,12,"Oyster Bay"
"3950","Breaks",3723090,12,"Oyster Bay"
"3951","Breaks",3723095,12,"Oyster Bay"
"3952","Breaks",3723098,12,"Oyster Bay"
"3953","Breaks",3723099,12,"Oyster Bay"
"3954","Breaks",3723102,12,"Oyster Bay"
"3955","Breaks",3723104,12,"Oyster Bay"
"3956","Breaks",3723105,12,"Oyster Bay"
"3957","Breaks",3723106,12,"Oyster Bay"
"3958","Breaks",3723109,17,"Kaiuma Bay"
"3959","Breaks",3723110,13,"Hakana Bay"
"3960","Breaks",3723119,25,"Cowshed Bay"
"3961","Breaks",3723121,12,"Oyster Bay"
"3962","Breaks",3723123,12,"Oyster Bay"
"3963","Breaks",3723131,12,"Oyster Bay"
"3964","Breaks",3723133,7,"Grove Point/Arm Jetty"
"3965","Breaks",3723134,12,"Oyster Bay"
"3966","Breaks",3723161,19,"Double Bay Boat Ramp"
"3967","Breaks",3723165,17,"Kaiuma Bay"
"3968","Breaks",3723172,25,"Cowshed Bay"
"3969","Breaks",3723173,12,"Oyster Bay"
"3970","Breaks",3723176,17,"Kaiuma Bay"
"3971","Breaks",3723182,12,"Oyster Bay"
"3972","Breaks",3723184,12,"Oyster Bay"
"3973","Breaks",3723188,12,"Oyster Bay"
"3974","Breaks",3723191,12,"Oyster Bay"
"3975","Breaks",3723193,12,"Oyster Bay"
"3976","Breaks",3723195,17,"Kaiuma Bay"
"3977","Breaks",3723197,12,"Oyster Bay"
"3978","Breaks",3723199,12,"Oyster Bay"
"3979","Breaks",3723200,17,"Kaiuma Bay"
"3980","Breaks",3723204,12,"Oyster Bay"
"3981","Breaks",3723206,12,"Oyster Bay"
"3982","Breaks",3723210,12,"Oyster Bay"
"3983","Breaks",3723211,12,"Oyster Bay"
"3984","Breaks",3723218,12,"Oyster Bay"
"3985","Breaks",3723219,15,"Portage Bay"
"3986","Breaks",3723220,12,"Oyster Bay"
"3987","Breaks",3723222,12,"Oyster Bay"
"3988","Breaks",3723224,12,"Oyster Bay"
"3989","Breaks",3723225,12,"Oyster Bay"
"3990","Breaks",3723231,12,"Oyster Bay"
"3991","Breaks",3723233,12,"Oyster Bay"
"3992","Breaks",3723234,12,"Oyster Bay"
"3993","Breaks",3723235,12,"Oyster Bay"
"3994","Breaks",3723240,33,"Penzance Bay"
"3995","Breaks",3723243,12,"Oyster Bay"
"3996","Breaks",3723244,12,"Oyster Bay"
"3997","Breaks",3723246,12,"Oyster Bay"
"3998","Breaks",3723248,12,"Oyster Bay"
"3999","Breaks",3723250,7,"Grove Point/Arm Jetty"
"4000","Breaks",3723254,12,"Oyster Bay"
"4001","Breaks",3723257,12,"Oyster Bay"
"4002","Breaks",3723260,12,"Oyster Bay"
"4003","Breaks",3723261,8,"Momorangi Bay"
"4004","Breaks",3723264,12,"Oyster Bay"
"4005","Breaks",3723265,12,"Oyster Bay"
"4006","Breaks",3723266,12,"Oyster Bay"
"4007","Breaks",3723269,12,"Oyster Bay"
"4008","Breaks",3723273,12,"Oyster Bay"
"4009","Breaks",3723274,12,"Oyster Bay"
"4010","Breaks",3723277,12,"Oyster Bay"
"4011","Breaks",3723278,12,"Oyster Bay"
"4012","Breaks",3723281,12,"Oyster Bay"
"4013","Breaks",3723282,12,"Oyster Bay"
"4014","Breaks",3723284,12,"Oyster Bay"
"4015","Breaks",3723285,12,"Oyster Bay"
"4016","Breaks",3723287,12,"Oyster Bay"
"4017","Breaks",3723290,12,"Oyster Bay"
"4018","Breaks",3723291,11,"Punga Cove"
"4019","Breaks",3723294,12,"Oyster Bay"
"4020","Breaks",3723298,12,"Oyster Bay"
"4021","Breaks",3723300,12,"Oyster Bay"
"4022","Breaks",3723309,24,"Tara Bay"
"4023","Breaks",3723316,30,"St. Omer Barge Ramp"
"4024","Breaks",3723325,30,"St. Omer Barge Ramp"
"4025","Breaks",3723336,17,"Kaiuma Bay"
"4026","Breaks",3723340,21,"Willow Bay"
"4027","Breaks",3723341,27,"Sandy Bay"
"4028","Breaks",3723345,25,"Cowshed Bay"
"4029","Breaks",3723347,13,"Hakana Bay"
"4030","Breaks",3723349,12,"Oyster Bay"
"4031","Breaks",3723350,7,"Grove Point/Arm Jetty"
"4032","Breaks",3723352,12,"Oyster Bay"
"4033","Breaks",3723356,21,"Willow Bay"
"4034","Breaks",3723357,12,"Oyster Bay"
"4035","Breaks",3723378,17,"Kaiuma Bay"
"4036","Breaks",3723386,13,"Hakana Bay"
"4037","Breaks",3723389,7,"Grove Point/Arm Jetty"
"4038","Breaks",3723390,12,"Oyster Bay"
"4039","Breaks",3723403,12,"Oyster Bay"
"4040","Breaks",3723407,12,"Oyster Bay"
"4041","Breaks",3723410,12,"Oyster Bay"
"4042","Breaks",3723416,12,"Oyster Bay"
"4043","Breaks",3723418,19,"Double Bay Boat Ramp"
"4044","Breaks",3723420,12,"Oyster Bay"
"4045","Breaks",3723428,12,"Oyster Bay"
"4046","Breaks",3723436,17,"Kaiuma Bay"
"4047","Breaks",3723446,17,"Kaiuma Bay"
"4048","Breaks",3723459,12,"Oyster Bay"
"4049","Breaks",3723462,17,"Kaiuma Bay"
"4050","Breaks",3723463,17,"Kaiuma Bay"
"4051","Breaks",3723464,12,"Oyster Bay"
"4052","Breaks",3723465,12,"Oyster Bay"
"4053","Breaks",3723466,12,"Oyster Bay"
"4054","Breaks",3723473,12,"Oyster Bay"
"4055","Breaks",3723474,13,"Hakana Bay"
"4056","Breaks",3723476,17,"Kaiuma Bay"
"4057","Breaks",3723478,17,"Kaiuma Bay"
"4058","Breaks",3723479,12,"Oyster Bay"
"4059","Breaks",3723488,21,"Willow Bay"
"4060","Breaks",3723489,15,"Portage Bay"
"4061","Breaks",3723506,12,"Oyster Bay"
"4062","Breaks",3723513,27,"Sandy Bay"
"4063","Breaks",3723526,12,"Oyster Bay"
"4064","Breaks",3723531,12,"Oyster Bay"
"4065","Breaks",3723536,12,"Oyster Bay"
"4066","Breaks",3723546,30,"St. Omer Barge Ramp"
"4067","Breaks",3723549,12,"Oyster Bay"
"4068","Breaks",3723553,11,"Punga Cove"
"4069","Breaks",3723555,31,"Double Bay"
"4070","Breaks",3723570,31,"Double Bay"
"4071","Breaks",3723571,30,"St. Omer Barge Ramp"
"4072","Breaks",3723572,13,"Hakana Bay"
"4073","Breaks",3723573,8,"Momorangi Bay"
"4074","Breaks",3723577,11,"Punga Cove"
"4075","Breaks",3723578,30,"St. Omer Barge Ramp"
"4076","Breaks",3723586,24,"Tara Bay"
"4077","Breaks",3723590,12,"Oyster Bay"
"4078","Breaks",3723596,11,"Punga Cove"
"4079","Breaks",3723608,26,"Nikau Cove Doc Camp"
"4080","Breaks",3723615,12,"Oyster Bay"
"4081","Breaks",3723623,15,"Portage Bay"
"4082","Breaks",3723624,24,"Tara Bay"
"4083","Breaks",3723629,6,"Anakiwa"
"4084","Breaks",3723630,12,"Oyster Bay"
"4085","Breaks",3723631,30,"St. Omer Barge Ramp"
"4086","Breaks",3723632,30,"St. Omer Barge Ramp"
"4087","Breaks",3723635,24,"Tara Bay"
"4088","Breaks",3723638,19,"Double Bay Boat Ramp"
"4089","Breaks",3723639,12,"Oyster Bay"
"4090","Breaks",3723641,26,"Nikau Cove Doc Camp"
"4091","Breaks",3723647,30,"St. Omer Barge Ramp"
"4092","Breaks",3723650,12,"Oyster Bay"
"4093","Breaks",3723655,30,"St. Omer Barge Ramp"
"4094","Breaks",3723659,12,"Oyster Bay"
"4095","Breaks",3723663,31,"Double Bay"
"4096","Breaks",3723665,12,"Oyster Bay"
"4097","Breaks",3723675,29,"Waitaria Bay"
"4098","Breaks",3723681,12,"Oyster Bay"
"4099","Breaks",3723692,17,"Kaiuma Bay"
"4100","Breaks",3723693,12,"Oyster Bay"
"4101","Breaks",3723701,12,"Oyster Bay"
"4102","Breaks",3723703,7,"Grove Point/Arm Jetty"
"4103","Breaks",3723714,12,"Oyster Bay"
"4104","Breaks",3723729,33,"Penzance Bay"
"4105","Breaks",3723760,7,"Grove Point/Arm Jetty"
"4106","Breaks",3723768,11,"Punga Cove"
"4107","Breaks",3723771,12,"Oyster Bay"
"4108","Breaks",3723772,12,"Oyster Bay"
"4109","Breaks",3723773,27,"Sandy Bay"
"4110","Breaks",3723774,12,"Oyster Bay"
"4111","Breaks",3723777,17,"Kaiuma Bay"
"4112","Breaks",3723782,6,"Anakiwa"
"4113","Breaks",3723788,27,"Sandy Bay"
"4114","Breaks",3723790,22,"Broughton Bay Road"
"4115","Breaks",3723793,30,"St. Omer Barge Ramp"
"4116","Breaks",3723796,24,"Tara Bay"
"4117","Breaks",3723799,12,"Oyster Bay"
"4118","Breaks",3723806,17,"Kaiuma Bay"
"4119","Breaks",3723814,12,"Oyster Bay"
"4120","Breaks",3723818,17,"Kaiuma Bay"
"4121","Breaks",3723837,7,"Grove Point/Arm Jetty"
"4122","Breaks",3723846,32,"Duncan Bay"
"4123","Breaks",3723859,12,"Oyster Bay"
"4124","Breaks",3723871,17,"Kaiuma Bay"
"4125","Breaks",3723886,17,"Kaiuma Bay"
"4126","Breaks",3723888,9,"Ngakuta Bay"
"4127","Breaks",3723889,16,"Torea Bay"
"4128","Breaks",3723898,7,"Grove Point/Arm Jetty"
"4129","Breaks",3723905,11,"Punga Cove"
"4130","Breaks",3723906,12,"Oyster Bay"
"4131","Breaks",3723907,6,"Anakiwa"
"4132","Breaks",3723911,12,"Oyster Bay"
"4133","Breaks",3723920,12,"Oyster Bay"
"4134","Breaks",3723921,17,"Kaiuma Bay"
"4135","Breaks",3723930,12,"Oyster Bay"
"4136","Breaks",3723931,12,"Oyster Bay"
"4137","Breaks",3723932,12,"Oyster Bay"
"4138","Breaks",3723934,12,"Oyster Bay"
"4139","Breaks",3723938,12,"Oyster Bay"
"4140","Breaks",3723940,12,"Oyster Bay"
"4141","Breaks",3723941,12,"Oyster Bay"
"4142","Breaks",3723945,12,"Oyster Bay"
"4143","Breaks",3723947,11,"Punga Cove"
"4144","Breaks",3723948,12,"Oyster Bay"
"4145","Breaks",3723951,12,"Oyster Bay"
"4146","Breaks",3723952,17,"Kaiuma Bay"
"4147","Breaks",3723954,12,"Oyster Bay"
"4148","Breaks",3723955,12,"Oyster Bay"
"4149","Breaks",3723961,17,"Kaiuma Bay"
"4150","Breaks",3723962,12,"Oyster Bay"
"4151","Breaks",3723965,12,"Oyster Bay"
"4152","Breaks",3723969,12,"Oyster Bay"
"4153","Breaks",3723972,15,"Portage Bay"
"4154","Breaks",3723974,12,"Oyster Bay"
"4155","Breaks",3723976,12,"Oyster Bay"
"4156","Breaks",3723979,12,"Oyster Bay"
"4157","Breaks",3723982,17,"Kaiuma Bay"
"4158","Breaks",3723989,12,"Oyster Bay"
"4159","Breaks",3723990,12,"Oyster Bay"
"4160","Breaks",3723992,30,"St. Omer Barge Ramp"
"4161","Breaks",3723993,11,"Punga Cove"
"4162","Breaks",3723995,17,"Kaiuma Bay"
"4163","Breaks",3724002,27,"Sandy Bay"
"4164","Breaks",3724003,11,"Punga Cove"
"4165","Breaks",3724005,17,"Kaiuma Bay"
"4166","Breaks",3724007,12,"Oyster Bay"
"4167","Breaks",3724008,12,"Oyster Bay"
"4168","Breaks",3724015,12,"Oyster Bay"
"4169","Breaks",3724022,17,"Kaiuma Bay"
"4170","Breaks",3724033,33,"Penzance Bay"
"4171","Breaks",3724035,40,"Titirangi Bay"
"4172","Breaks",3724036,7,"Grove Point/Arm Jetty"
"4173","Breaks",3724042,30,"St. Omer Barge Ramp"
"4174","Breaks",3724045,12,"Oyster Bay"
"4175","Breaks",3724048,40,"Titirangi Bay"
"4176","Breaks",3724051,11,"Punga Cove"
"4177","Breaks",3724058,11,"Punga Cove"
"4178","Breaks",3724059,6,"Anakiwa"
"4179","Breaks",3724060,12,"Oyster Bay"
"4180","Breaks",3724063,12,"Oyster Bay"
"4181","Breaks",3724066,12,"Oyster Bay"
"4182","Breaks",3724069,17,"Kaiuma Bay"
"4183","Breaks",3724077,17,"Kaiuma Bay"
"4184","Breaks",3724085,12,"Oyster Bay"
"4185","Breaks",3724090,12,"Oyster Bay"
"4186","Breaks",3724091,12,"Oyster Bay"
"4187","Breaks",3724098,12,"Oyster Bay"
"4188","Breaks",3724104,27,"Sandy Bay"
"4189","Breaks",3724105,40,"Titirangi Bay"
"4190","Breaks",3724122,12,"Oyster Bay"
"4191","Breaks",3724126,17,"Kaiuma Bay"
"4192","Breaks",3724151,27,"Sandy Bay"
"4193","Breaks",3724153,17,"Kaiuma Bay"
"4194","Breaks",3724165,12,"Oyster Bay"
"4195","Breaks",3724173,10,"Waterfall Bay"
"4196","Breaks",3724181,6,"Anakiwa"
"4197","Breaks",3724184,17,"Kaiuma Bay"
"4198","Breaks",3724188,17,"Kaiuma Bay"
"4199","Breaks",3724197,17,"Kaiuma Bay"
"4200","Breaks",3724218,12,"Oyster Bay"
"4201","Breaks",3724230,7,"Grove Point/Arm Jetty"
"4202","Breaks",3724231,23,"Te Mahia"
"4203","Breaks",3724232,33,"Penzance Bay"
"4204","Breaks",3724241,23,"Te Mahia"
"4205","Breaks",3724243,18,"Moetapu Bay Jetty"
"4206","Breaks",3724245,17,"Kaiuma Bay"
"4207","Breaks",3724265,17,"Kaiuma Bay"
"4208","Breaks",3724274,23,"Te Mahia"
"4209","Breaks",3724279,12,"Oyster Bay"
"4210","Breaks",3724295,12,"Oyster Bay"
"4211","Breaks",3724308,12,"Oyster Bay"
"4212","Breaks",3724313,12,"Oyster Bay"
"4213","Breaks",3724323,17,"Kaiuma Bay"
"4214","Breaks",3724325,12,"Oyster Bay"
"4215","Breaks",3724335,17,"Kaiuma Bay"
"4216","Breaks",3724337,12,"Oyster Bay"
"4217","Breaks",3724362,7,"Grove Point/Arm Jetty"
"4218","Breaks",3724371,9,"Ngakuta Bay"
"4219","Breaks",3724376,12,"Oyster Bay"
"4220","Breaks",3724380,12,"Oyster Bay"
"4221","Breaks",3724381,12,"Oyster Bay"
"4222","Breaks",3724382,17,"Kaiuma Bay"
"4223","Breaks",3724383,17,"Kaiuma Bay"
"4224","Breaks",3724389,17,"Kaiuma Bay"
"4225","Breaks",3724396,27,"Sandy Bay"
"4226","Breaks",3724403,17,"Kaiuma Bay"
"4227","Breaks",3724410,12,"Oyster Bay"
"4228","Breaks",3724438,7,"Grove Point/Arm Jetty"
"4229","Breaks",3724447,12,"Oyster Bay"
"4230","Breaks",3724454,17,"Kaiuma Bay"
"4231","Breaks",3724469,29,"Waitaria Bay"
"4232","Breaks",3724480,27,"Sandy Bay"
"4233","Breaks",3724486,12,"Oyster Bay"
"4234","Breaks",3724498,17,"Kaiuma Bay"
"4235","Breaks",3724500,17,"Kaiuma Bay"
"4236","Breaks",3724505,13,"Hakana Bay"
"4237","Breaks",3724510,12,"Oyster Bay"
"4238","Breaks",3724520,17,"Kaiuma Bay"
"4239","Breaks",3724521,17,"Kaiuma Bay"
"4240","Breaks",3724524,17,"Kaiuma Bay"
"4241","Breaks",3724525,12,"Oyster Bay"
"4242","Breaks",3724529,13,"Hakana Bay"
"4243","Breaks",3724530,17,"Kaiuma Bay"
"4244","Breaks",3724537,12,"Oyster Bay"
"4245","Breaks",3724544,12,"Oyster Bay"
"4246","Breaks",3724554,17,"Kaiuma Bay"
"4247","Breaks",3724557,12,"Oyster Bay"
"4248","Breaks",3724558,17,"Kaiuma Bay"
"4249","Breaks",3724565,31,"Double Bay"
"4250","Breaks",3724571,12,"Oyster Bay"
"4251","Breaks",3724581,12,"Oyster Bay"
"4252","Breaks",3724594,12,"Oyster Bay"
"4253","Breaks",3724607,31,"Double Bay"
"4254","Breaks",3724608,31,"Double Bay"
"4255","Breaks",3724650,14,"Elaine Bay"
"4256","Breaks",3724653,12,"Oyster Bay"
"4257","Breaks",3724658,12,"Oyster Bay"
"4258","Breaks",3724678,17,"Kaiuma Bay"
"4259","Breaks",3724687,12,"Oyster Bay"
"4260","Breaks",3724700,9,"Ngakuta Bay"
"4261","Breaks",3724725,12,"Oyster Bay"
"4262","Breaks",3724731,9,"Ngakuta Bay"
"4263","Breaks",3724732,17,"Kaiuma Bay"
"4264","Breaks",3724742,12,"Oyster Bay"
"4265","Breaks",3724759,12,"Oyster Bay"
"4266","Breaks",3724762,12,"Oyster Bay"
"4267","Breaks",3724765,12,"Oyster Bay"
"4268","Breaks",3724772,12,"Oyster Bay"
"4269","Breaks",3724773,12,"Oyster Bay"
"4270","Breaks",3724782,12,"Oyster Bay"
"4271","Breaks",3724787,12,"Oyster Bay"
"4272","Breaks",3724790,12,"Oyster Bay"
"4273","Breaks",3724791,12,"Oyster Bay"
"4274","Breaks",3724792,12,"Oyster Bay"
"4275","Breaks",3724798,12,"Oyster Bay"
"4276","Breaks",3724799,12,"Oyster Bay"
"4277","Breaks",3724800,12,"Oyster Bay"
"4278","Breaks",3724802,12,"Oyster Bay"
"4279","Breaks",3724803,12,"Oyster Bay"
"4280","Breaks",3724805,12,"Oyster Bay"
"4281","Breaks",3724807,12,"Oyster Bay"
"4282","Breaks",3724808,12,"Oyster Bay"
"4283","Breaks",3724809,12,"Oyster Bay"
"4284","Breaks",3724810,12,"Oyster Bay"
"4285","Breaks",3724811,12,"Oyster Bay"
"4286","Breaks",3724813,12,"Oyster Bay"
"4287","Breaks",3724814,12,"Oyster Bay"
"4288","Breaks",3724815,12,"Oyster Bay"
"4289","Breaks",3724816,12,"Oyster Bay"
"4290","Breaks",3724842,13,"Hakana Bay"
"4291","Breaks",3724848,17,"Kaiuma Bay"
"4292","Breaks",3724862,9,"Ngakuta Bay"
"4293","Breaks",3724866,12,"Oyster Bay"
"4294","Breaks",3724870,12,"Oyster Bay"
"4295","Breaks",3724871,29,"Waitaria Bay"
"4296","Breaks",3724877,14,"Elaine Bay"
"4297","Breaks",3724884,7,"Grove Point/Arm Jetty"
"4298","Breaks",3724891,17,"Kaiuma Bay"
"4299","Breaks",3724895,17,"Kaiuma Bay"
"4300","Breaks",3724906,17,"Kaiuma Bay"
"4301","Breaks",3724915,12,"Oyster Bay"
"4302","Breaks",3724917,12,"Oyster Bay"
"4303","Breaks",3724924,12,"Oyster Bay"
"4304","Breaks",3724925,12,"Oyster Bay"
"4305","Breaks",3724926,12,"Oyster Bay"
"4306","Breaks",3724949,17,"Kaiuma Bay"
"4307","Breaks",3724953,17,"Kaiuma Bay"
"4308","Breaks",3724954,17,"Kaiuma Bay"
"4309","Breaks",3724964,13,"Hakana Bay"
"4310","Breaks",3724969,17,"Kaiuma Bay"
"4311","Breaks",3724970,33,"Penzance Bay"
"4312","Breaks",3725003,12,"Oyster Bay"
"4313","Breaks",3725015,12,"Oyster Bay"
"4314","Breaks",3725019,12,"Oyster Bay"
"4315","Breaks",3725026,21,"Willow Bay"
"4316","Breaks",3725056,17,"Kaiuma Bay"
"4317","Breaks",3725059,7,"Grove Point/Arm Jetty"
"4318","Breaks",3725069,7,"Grove Point/Arm Jetty"
"4319","Breaks",3725073,7,"Grove Point/Arm Jetty"
"4320","Breaks",3725074,17,"Kaiuma Bay"
"4321","Breaks",3725110,12,"Oyster Bay"
"4322","Breaks",3725111,12,"Oyster Bay"
"4323","Breaks",3725112,12,"Oyster Bay"
"4324","Breaks",3725113,12,"Oyster Bay"
"4325","Breaks",3725118,12,"Oyster Bay"
"4326","Breaks",3725119,12,"Oyster Bay"
"4327","Breaks",3725120,12,"Oyster Bay"
"4328","Breaks",3725125,18,"Moetapu Bay Jetty"
"4329","Breaks",3725126,12,"Oyster Bay"
"4330","Breaks",3725130,12,"Oyster Bay"
"4331","Breaks",3725132,12,"Oyster Bay"
"4332","Breaks",3725134,12,"Oyster Bay"
"4333","Breaks",3725135,12,"Oyster Bay"
"4334","Breaks",3725136,12,"Oyster Bay"
"4335","Breaks",3725137,17,"Kaiuma Bay"
"4336","Breaks",3725138,12,"Oyster Bay"
"4337","Breaks",3725139,8,"Momorangi Bay"
"4338","Breaks",3725143,11,"Punga Cove"
"4339","Breaks",3725148,30,"St. Omer Barge Ramp"
"4340","Breaks",3725159,12,"Oyster Bay"
"4341","Breaks",3725161,12,"Oyster Bay"
"4342","Breaks",3725168,12,"Oyster Bay"
"4343","Breaks",3725169,12,"Oyster Bay"
"4344","Breaks",3725196,13,"Hakana Bay"
"4345","Breaks",3725212,12,"Oyster Bay"
"4346","Breaks",3725224,12,"Oyster Bay"
"4347","Breaks",3725238,12,"Oyster Bay"
"4348","Breaks",3725248,23,"Te Mahia"
"4349","Breaks",3725254,11,"Punga Cove"
"4350","Breaks",3725258,12,"Oyster Bay"
"4351","Breaks",3725265,12,"Oyster Bay"
"4352","Breaks",3725266,12,"Oyster Bay"
"4353","Breaks",3725273,17,"Kaiuma Bay"
"4354","Breaks",3725274,12,"Oyster Bay"
"4355","Breaks",3725275,12,"Oyster Bay"
"4356","Breaks",3725276,12,"Oyster Bay"
"4357","Breaks",3725277,12,"Oyster Bay"
"4358","Breaks",3725286,12,"Oyster Bay"
"4359","Breaks",3725289,12,"Oyster Bay"
"4360","Breaks",3725291,12,"Oyster Bay"
"4361","Breaks",3725296,12,"Oyster Bay"
"4362","Breaks",3725297,33,"Penzance Bay"
"4363","Breaks",3725311,12,"Oyster Bay"
"4364","Breaks",3725320,13,"Hakana Bay"
"4365","Breaks",3725321,12,"Oyster Bay"
"4366","Breaks",3725346,12,"Oyster Bay"
"4367","Breaks",3725353,17,"Kaiuma Bay"
"4368","Breaks",3725379,12,"Oyster Bay"
"4369","Breaks",3725380,11,"Punga Cove"
"4370","Breaks",3725383,12,"Oyster Bay"
"4371","Breaks",3725384,12,"Oyster Bay"
"4372","Breaks",3725387,12,"Oyster Bay"
"4373","Breaks",3725391,12,"Oyster Bay"
"4374","Breaks",3725392,12,"Oyster Bay"
"4375","Breaks",3725396,17,"Kaiuma Bay"
"4376","Breaks",3725415,13,"Hakana Bay"
"4377","Breaks",3725435,12,"Oyster Bay"
"4378","Breaks",3725455,33,"Penzance Bay"
"4379","Breaks",3725458,7,"Grove Point/Arm Jetty"
"4380","Breaks",3725464,11,"Punga Cove"
"4381","Breaks",3725483,12,"Oyster Bay"
"4382","Breaks",3725485,19,"Double Bay Boat Ramp"
"4383","Breaks",3725488,12,"Oyster Bay"
"4384","Breaks",3725530,12,"Oyster Bay"
"4385","Breaks",3725534,40,"Titirangi Bay"
"4386","Breaks",3725542,12,"Oyster Bay"
"4387","Breaks",3725548,17,"Kaiuma Bay"
"4388","Breaks",3725553,30,"St. Omer Barge Ramp"
"4389","Breaks",3725584,40,"Titirangi Bay"
"4390","Breaks",3725586,6,"Anakiwa"
"4391","Breaks",3725600,13,"Hakana Bay"
"4392","Breaks",3725602,12,"Oyster Bay"
"4393","Breaks",3725605,17,"Kaiuma Bay"
"4394","Breaks",3725610,17,"Kaiuma Bay"
"4395","Breaks",3725616,17,"Kaiuma Bay"
"4396","Breaks",3725619,17,"Kaiuma Bay"
"4397","Breaks",3725620,17,"Kaiuma Bay"
"4398","Breaks",3725623,17,"Kaiuma Bay"
"4399","Breaks",3725624,17,"Kaiuma Bay"
"4400","Breaks",3725625,17,"Kaiuma Bay"
"4401","Breaks",3725626,17,"Kaiuma Bay"
"4402","Breaks",3725629,7,"Grove Point/Arm Jetty"
"4403","Breaks",3725630,17,"Kaiuma Bay"
"4404","Breaks",3725632,17,"Kaiuma Bay"
"4405","Breaks",3725633,17,"Kaiuma Bay"
"4406","Breaks",3725635,17,"Kaiuma Bay"
"4407","Breaks",3725636,17,"Kaiuma Bay"
"4408","Breaks",3725637,17,"Kaiuma Bay"
"4409","Breaks",3725672,11,"Punga Cove"
"4410","Breaks",3725674,17,"Kaiuma Bay"
"4411","Breaks",3725676,33,"Penzance Bay"
"4412","Breaks",3725678,12,"Oyster Bay"
"4413","Breaks",3725679,26,"Nikau Cove Doc Camp"
"4414","Breaks",3725680,12,"Oyster Bay"
"4415","Breaks",3725687,12,"Oyster Bay"
"4416","Breaks",3725696,17,"Kaiuma Bay"
"4417","Breaks",3725697,17,"Kaiuma Bay"
"4418","Breaks",3725702,12,"Oyster Bay"
"4419","Breaks",3725703,17,"Kaiuma Bay"
"4420","Breaks",3725704,17,"Kaiuma Bay"
"4421","Breaks",3725710,12,"Oyster Bay"
"4422","Breaks",3725732,12,"Oyster Bay"
"4423","Breaks",3725733,12,"Oyster Bay"
"4424","Breaks",3725742,12,"Oyster Bay"
"4425","Breaks",3725744,12,"Oyster Bay"
"4426","Breaks",3725757,17,"Kaiuma Bay"
"4427","Breaks",3725758,17,"Kaiuma Bay"
"4428","Breaks",3725761,17,"Kaiuma Bay"
"4429","Breaks",3725763,29,"Waitaria Bay"
"4430","Breaks",3725774,13,"Hakana Bay"
"4431","Breaks",3725822,7,"Grove Point/Arm Jetty"
"4432","Breaks",3725832,17,"Kaiuma Bay"
"4433","Breaks",3725834,40,"Titirangi Bay"
"4434","Breaks",3725836,17,"Kaiuma Bay"
"4435","Breaks",3725850,7,"Grove Point/Arm Jetty"
"4436","Breaks",3725852,12,"Oyster Bay"
"4437","Breaks",3725859,12,"Oyster Bay"
"4438","Breaks",3725864,7,"Grove Point/Arm Jetty"
"4439","Breaks",3725871,17,"Kaiuma Bay"
"4440","Breaks",3725896,12,"Oyster Bay"
"4441","Breaks",3725904,12,"Oyster Bay"
"4442","Breaks",3725906,12,"Oyster Bay"
"4443","Breaks",3725909,12,"Oyster Bay"
"4444","Breaks",3725916,12,"Oyster Bay"
"4445","Breaks",3725931,12,"Oyster Bay"
"4446","Breaks",3725961,17,"Kaiuma Bay"
"4447","Breaks",3725968,17,"Kaiuma Bay"
"4448","Breaks",3725969,17,"Kaiuma Bay"
"4449","Breaks",3725977,12,"Oyster Bay"
"4450","Breaks",3725994,12,"Oyster Bay"
"4451","Breaks",3726000,12,"Oyster Bay"
"4452","Breaks",3726003,17,"Kaiuma Bay"
"4453","Breaks",3726020,21,"Willow Bay"
"4454","Breaks",3726022,12,"Oyster Bay"
"4455","Breaks",3726025,12,"Oyster Bay"
"4456","Breaks",3726028,9,"Ngakuta Bay"
"4457","Breaks",3726033,12,"Oyster Bay"
"4458","Breaks",3726038,12,"Oyster Bay"
"4459","Breaks",3726059,9,"Ngakuta Bay"
"4460","Breaks",3726066,27,"Sandy Bay"
"4461","Breaks",3726081,26,"Nikau Cove Doc Camp"
"4462","Breaks",3726083,13,"Hakana Bay"
"4463","Breaks",3726108,32,"Duncan Bay"
"4464","Breaks",3726110,12,"Oyster Bay"
"4465","Breaks",3726111,32,"Duncan Bay"
"4466","Breaks",3726112,12,"Oyster Bay"
"4467","Breaks",3726113,33,"Penzance Bay"
"4468","Breaks",3726115,32,"Duncan Bay"
"4469","Breaks",3726116,12,"Oyster Bay"
"4470","Breaks",3726120,12,"Oyster Bay"
"4471","Breaks",3726121,9,"Ngakuta Bay"
"4472","Breaks",3726124,12,"Oyster Bay"
"4473","Breaks",3726125,12,"Oyster Bay"
"4474","Breaks",3726126,12,"Oyster Bay"
"4475","Breaks",3726127,12,"Oyster Bay"
"4476","Breaks",3726133,12,"Oyster Bay"
"4477","Breaks",3726134,17,"Kaiuma Bay"
"4478","Breaks",3726147,19,"Double Bay Boat Ramp"
"4479","Breaks",3726148,9,"Ngakuta Bay"
"4480","Breaks",3726149,9,"Ngakuta Bay"
"4481","Breaks",3726152,40,"Titirangi Bay"
"4482","Breaks",3726153,9,"Ngakuta Bay"
"4483","Breaks",3726155,21,"Willow Bay"
"4484","Breaks",3726158,12,"Oyster Bay"
"4485","Breaks",3726174,11,"Punga Cove"
"4486","Breaks",3726187,19,"Double Bay Boat Ramp"
"4487","Breaks",3726191,12,"Oyster Bay"
"4488","Breaks",3726199,11,"Punga Cove"
"4489","Breaks",3726200,11,"Punga Cove"
"4490","Breaks",3726213,24,"Tara Bay"
"4491","Breaks",3726218,12,"Oyster Bay"
"4492","Breaks",3726219,12,"Oyster Bay"
"4493","Breaks",3726222,10,"Waterfall Bay"
"4494","Breaks",3726230,13,"Hakana Bay"
"4495","Breaks",3726231,12,"Oyster Bay"
"4496","Breaks",3726238,12,"Oyster Bay"
"4497","Breaks",3726268,9,"Ngakuta Bay"
"4498","Breaks",3726271,12,"Oyster Bay"
"4499","Breaks",3726283,7,"Grove Point/Arm Jetty"
"4500","Breaks",3726294,32,"Duncan Bay"
"4501","Breaks",3726297,24,"Tara Bay"
"4502","Breaks",3726309,12,"Oyster Bay"
"4503","Breaks",3726310,40,"Titirangi Bay"
"4504","Breaks",3726323,17,"Kaiuma Bay"
"4505","Breaks",3726337,17,"Kaiuma Bay"
"4506","Breaks",3726341,17,"Kaiuma Bay"
"4507","Breaks",3726387,24,"Tara Bay"
"4508","Breaks",3726391,30,"St. Omer Barge Ramp"
"4509","Breaks",3726396,13,"Hakana Bay"
"4510","Breaks",3726397,33,"Penzance Bay"
"4511","Breaks",3726424,14,"Elaine Bay"
"4512","Breaks",3726436,17,"Kaiuma Bay"
"4513","Breaks",3726437,30,"St. Omer Barge Ramp"
"4514","Breaks",3726457,13,"Hakana Bay"
"4515","Breaks",3726459,30,"St. Omer Barge Ramp"
"4516","Breaks",3726462,24,"Tara Bay"
"4517","Breaks",3726463,12,"Oyster Bay"
"4518","Breaks",3726464,32,"Duncan Bay"
"4519","Breaks",3726469,19,"Double Bay Boat Ramp"
"4520","Breaks",3726492,7,"Grove Point/Arm Jetty"
"4521","Breaks",3726493,7,"Grove Point/Arm Jetty"
"4522","Breaks",3726501,12,"Oyster Bay"
"4523","Breaks",3726502,12,"Oyster Bay"
"4524","Breaks",3726503,7,"Grove Point/Arm Jetty"
"4525","Breaks",3726504,7,"Grove Point/Arm Jetty"
"4526","Breaks",3726536,25,"Cowshed Bay"
"4527","Breaks",3726540,9,"Ngakuta Bay"
"4528","Breaks",3726541,15,"Portage Bay"
"4529","Breaks",3726544,32,"Duncan Bay"
"4530","Breaks",3726545,25,"Cowshed Bay"
"4531","Breaks",3726552,33,"Penzance Bay"
"4532","Breaks",3726554,32,"Duncan Bay"
"4533","Breaks",3726559,32,"Duncan Bay"
"4534","Breaks",3726563,17,"Kaiuma Bay"
"4535","Breaks",3726566,33,"Penzance Bay"
"4536","Breaks",3726568,40,"Titirangi Bay"
"4537","Breaks",3726574,11,"Punga Cove"
"4538","Breaks",3726575,10,"Waterfall Bay"
"4539","Breaks",3726577,10,"Waterfall Bay"
"4540","Breaks",3726579,10,"Waterfall Bay"
"4541","Breaks",3726580,33,"Penzance Bay"
"4542","Breaks",3726582,11,"Punga Cove"
"4543","Breaks",3726584,32,"Duncan Bay"
"4544","Breaks",3726585,26,"Nikau Cove Doc Camp"
"4545","Breaks",3726586,27,"Sandy Bay"
"4546","Breaks",3726587,30,"St. Omer Barge Ramp"
"4547","Breaks",3726588,33,"Penzance Bay"
"4548","Breaks",3726591,40,"Titirangi Bay"
"4549","Breaks",3726593,25,"Cowshed Bay"
"4550","Breaks",3726596,24,"Tara Bay"
"4551","Breaks",3726598,24,"Tara Bay"
"4552","Breaks",3726601,11,"Punga Cove"
"4553","Breaks",3726607,26,"Nikau Cove Doc Camp"
"4554","Breaks",3726609,11,"Punga Cove"
"4555","Breaks",3726610,11,"Punga Cove"
"4556","Breaks",3726612,27,"Sandy Bay"
"4557","Breaks",3726617,13,"Hakana Bay"
"4558","Breaks",3726618,13,"Hakana Bay"
"4559","Breaks",3726619,12,"Oyster Bay"
"4560","Breaks",3726620,13,"Hakana Bay"
"4561","Breaks",3726622,12,"Oyster Bay"
"4562","Breaks",3726623,26,"Nikau Cove Doc Camp"
"4563","Breaks",3726626,24,"Tara Bay"
"4564","Breaks",3726629,29,"Waitaria Bay"
"4565","Breaks",3726632,10,"Waterfall Bay"
"4566","Breaks",3726633,24,"Tara Bay"
"4567","Breaks",3726635,23,"Te Mahia"
"4568","Breaks",3726640,24,"Tara Bay"
"4569","Breaks",3726642,11,"Punga Cove"
"4570","Breaks",3726644,24,"Tara Bay"
"4571","Breaks",3726645,25,"Cowshed Bay"
"4572","Breaks",3726646,24,"Tara Bay"
"4573","Breaks",3726647,25,"Cowshed Bay"
"4574","Breaks",3726648,24,"Tara Bay"
"4575","Breaks",3726650,24,"Tara Bay"
"4576","Breaks",3726651,25,"Cowshed Bay"
"4577","Breaks",3726652,16,"Torea Bay"
"4578","Breaks",3726653,12,"Oyster Bay"
"4579","Breaks",3726654,10,"Waterfall Bay"
"4580","Breaks",3726655,26,"Nikau Cove Doc Camp"
"4581","Breaks",3726656,26,"Nikau Cove Doc Camp"
"4582","Breaks",3726660,15,"Portage Bay"
"4583","Breaks",3726662,11,"Punga Cove"
"4584","Breaks",3726664,23,"Te Mahia"
"4585","Breaks",3726668,23,"Te Mahia"
"4586","Breaks",3726671,25,"Cowshed Bay"
"4587","Breaks",3726673,29,"Waitaria Bay"
"4588","Breaks",3726674,16,"Torea Bay"
"4589","Breaks",3726675,12,"Oyster Bay"
"4590","Breaks",3726676,16,"Torea Bay"
"4591","Breaks",3726678,11,"Punga Cove"
"4592","Breaks",3726684,12,"Oyster Bay"
"4593","Breaks",3726686,17,"Kaiuma Bay"
"4594","Breaks",3726688,11,"Punga Cove"
"4595","Breaks",3726691,17,"Kaiuma Bay"
"4596","Breaks",3726696,17,"Kaiuma Bay"
"4597","Breaks",3726703,30,"St. Omer Barge Ramp"
"4598","Breaks",3726705,33,"Penzance Bay"
"4599","Breaks",3726706,12,"Oyster Bay"
"4600","Breaks",3726707,16,"Torea Bay"
"4601","Breaks",3726709,32,"Duncan Bay"
"4602","Breaks",3726711,30,"St. Omer Barge Ramp"
"4603","Breaks",3726712,30,"St. Omer Barge Ramp"
"4604","Breaks",3726721,17,"Kaiuma Bay"
"4605","Breaks",3726722,33,"Penzance Bay"
"4606","Breaks",3726723,24,"Tara Bay"
"4607","Breaks",3726724,23,"Te Mahia"
"4608","Breaks",3726725,25,"Cowshed Bay"
"4609","Breaks",3726726,25,"Cowshed Bay"
"4610","Breaks",3726728,24,"Tara Bay"
"4611","Breaks",3726729,12,"Oyster Bay"
"4612","Breaks",3726730,18,"Moetapu Bay Jetty"
"4613","Breaks",3726732,25,"Cowshed Bay"
"4614","Breaks",3726735,12,"Oyster Bay"
"4615","Breaks",3726739,8,"Momorangi Bay"
"4616","Breaks",3726744,21,"Willow Bay"
"4617","Breaks",3726746,12,"Oyster Bay"
"4618","Breaks",3726747,30,"St. Omer Barge Ramp"
"4619","Breaks",3726751,30,"St. Omer Barge Ramp"
"4620","Breaks",3726757,25,"Cowshed Bay"
"4621","Breaks",3726759,7,"Grove Point/Arm Jetty"
"4622","Breaks",3726760,7,"Grove Point/Arm Jetty"
"4623","Breaks",3726765,30,"St. Omer Barge Ramp"
"4624","Breaks",3726769,29,"Waitaria Bay"
"4625","Breaks",3726777,27,"Sandy Bay"
"4626","Breaks",3726789,19,"Double Bay Boat Ramp"
"4627","Breaks",3726792,7,"Grove Point/Arm Jetty"
"4628","Breaks",3726797,8,"Momorangi Bay"
"4629","Breaks",3726799,7,"Grove Point/Arm Jetty"
"4630","Breaks",3726802,7,"Grove Point/Arm Jetty"
"4631","Breaks",3726803,7,"Grove Point/Arm Jetty"
"4632","Breaks",3726806,12,"Oyster Bay"
"4633","Breaks",3726807,7,"Grove Point/Arm Jetty"
"4634","Breaks",3726809,12,"Oyster Bay"
"4635","Breaks",3726814,11,"Punga Cove"
"4636","Breaks",3726816,33,"Penzance Bay"
"4637","Breaks",3726818,17,"Kaiuma Bay"
"4638","Breaks",3726823,13,"Hakana Bay"
"4639","Breaks",3726825,11,"Punga Cove"
"4640","Breaks",3726829,40,"Titirangi Bay"
"4641","Breaks",3726831,10,"Waterfall Bay"
"4642","Breaks",3726834,17,"Kaiuma Bay"
"4643","Breaks",3726835,17,"Kaiuma Bay"
"4644","Breaks",3726836,16,"Torea Bay"
"4645","Breaks",3726841,10,"Waterfall Bay"
"4646","Breaks",3726844,12,"Oyster Bay"
"4647","Breaks",3726845,32,"Duncan Bay"
"4648","Breaks",3726846,32,"Duncan Bay"
"4649","Breaks",3726847,24,"Tara Bay"
"4650","Breaks",3726848,31,"Double Bay"
"4651","Breaks",3726850,12,"Oyster Bay"
"4652","Breaks",3726854,16,"Torea Bay"
"4653","Breaks",3726856,30,"St. Omer Barge Ramp"
"4654","Breaks",3726859,14,"Elaine Bay"
"4655","Breaks",3726861,17,"Kaiuma Bay"
"4656","Breaks",3726865,25,"Cowshed Bay"
"4657","Breaks",3726867,17,"Kaiuma Bay"
"4658","Breaks",3726868,17,"Kaiuma Bay"
"4659","Breaks",3726869,17,"Kaiuma Bay"
"4660","Breaks",3726870,17,"Kaiuma Bay"
"4661","Breaks",3726875,17,"Kaiuma Bay"
"4662","Breaks",3726878,17,"Kaiuma Bay"
"4663","Breaks",3726879,17,"Kaiuma Bay"
"4664","Breaks",3726881,17,"Kaiuma Bay"
"4665","Breaks",3726883,17,"Kaiuma Bay"
"4666","Breaks",3726884,17,"Kaiuma Bay"
"4667","Breaks",3726885,17,"Kaiuma Bay"
"4668","Breaks",3726888,17,"Kaiuma Bay"
"4669","Breaks",3726889,9,"Ngakuta Bay"
"4670","Breaks",3726891,17,"Kaiuma Bay"
"4671","Breaks",3726893,17,"Kaiuma Bay"
"4672","Breaks",3726895,17,"Kaiuma Bay"
"4673","Breaks",3726896,17,"Kaiuma Bay"
"4674","Breaks",3726897,12,"Oyster Bay"
"4675","Breaks",3726898,17,"Kaiuma Bay"
"4676","Breaks",3726899,17,"Kaiuma Bay"
"4677","Breaks",3726903,17,"Kaiuma Bay"
"4678","Breaks",3726905,17,"Kaiuma Bay"
"4679","Breaks",3726906,17,"Kaiuma Bay"
"4680","Breaks",3726907,17,"Kaiuma Bay"
"4681","Breaks",3726914,17,"Kaiuma Bay"
"4682","Breaks",3726915,17,"Kaiuma Bay"
"4683","Breaks",3726917,17,"Kaiuma Bay"
"4684","Breaks",3726918,17,"Kaiuma Bay"
"4685","Breaks",3726920,7,"Grove Point/Arm Jetty"
"4686","Breaks",3726921,31,"Double Bay"
"4687","Breaks",3726922,31,"Double Bay"
"4688","Breaks",3726926,17,"Kaiuma Bay"
"4689","Breaks",3726928,18,"Moetapu Bay Jetty"
"4690","Breaks",3726935,25,"Cowshed Bay"
"4691","Breaks",3726936,25,"Cowshed Bay"
"4692","Breaks",3726939,23,"Te Mahia"
"4693","Breaks",3726940,27,"Sandy Bay"
"4694","Breaks",3726941,21,"Willow Bay"
"4695","Breaks",3726942,24,"Tara Bay"
"4696","Breaks",3726943,10,"Waterfall Bay"
"4697","Breaks",3726944,24,"Tara Bay"
"4698","Breaks",3726950,24,"Tara Bay"
"4699","Breaks",3726953,30,"St. Omer Barge Ramp"
"4700","Breaks",3726954,31,"Double Bay"
"4701","Breaks",3726956,11,"Punga Cove"
"4702","Breaks",3726957,21,"Willow Bay"
"4703","Breaks",3726959,21,"Willow Bay"
"4704","Breaks",3726961,17,"Kaiuma Bay"
"4705","Breaks",3726962,25,"Cowshed Bay"
"4706","Breaks",3726963,25,"Cowshed Bay"
"4707","Breaks",3726964,23,"Te Mahia"
"4708","Breaks",3726966,12,"Oyster Bay"
"4709","Breaks",3726967,11,"Punga Cove"
"4710","Breaks",3726968,10,"Waterfall Bay"
"4711","Breaks",3726969,10,"Waterfall Bay"
"4712","Breaks",3726970,10,"Waterfall Bay"
"4713","Breaks",3726971,25,"Cowshed Bay"
"4714","Breaks",3726972,10,"Waterfall Bay"
"4715","Breaks",3726973,11,"Punga Cove"
"4716","Breaks",3726974,6,"Anakiwa"
"4717","Breaks",3726975,21,"Willow Bay"
"4718","Breaks",3726976,25,"Cowshed Bay"
"4719","Breaks",3726977,23,"Te Mahia"
"4720","Breaks",3726980,16,"Torea Bay"
"4721","Breaks",3726981,6,"Anakiwa"
"4722","Breaks",3726984,27,"Sandy Bay"
"4723","Breaks",3726986,27,"Sandy Bay"
"4724","Breaks",3726987,11,"Punga Cove"
"4725","Breaks",3726988,27,"Sandy Bay"
"4726","Breaks",3726991,12,"Oyster Bay"
"4727","Breaks",3726992,9,"Ngakuta Bay"
"4728","Breaks",3726993,12,"Oyster Bay"
"4729","Breaks",3726994,12,"Oyster Bay"
"4730","Breaks",3726995,12,"Oyster Bay"
"4731","Breaks",3726996,30,"St. Omer Barge Ramp"
"4732","Breaks",3726999,30,"St. Omer Barge Ramp"
"4733","Breaks",3727007,30,"St. Omer Barge Ramp"
"4734","Breaks",3727009,12,"Oyster Bay"
"4735","Breaks",3727016,30,"St. Omer Barge Ramp"
"4736","Breaks",3727017,30,"St. Omer Barge Ramp"
"4737","Breaks",3727018,30,"St. Omer Barge Ramp"
"4738","Breaks",3727019,17,"Kaiuma Bay"
"4739","Breaks",3727021,30,"St. Omer Barge Ramp"
"4740","Breaks",3727023,29,"Waitaria Bay"
"4741","Breaks",3727024,11,"Punga Cove"
"4742","Breaks",3727025,25,"Cowshed Bay"
"4743","Breaks",3727026,25,"Cowshed Bay"
"4744","Breaks",3727027,11,"Punga Cove"
"4745","Breaks",3727028,27,"Sandy Bay"
"4746","Breaks",3727032,11,"Punga Cove"
"4747","Breaks",3727034,11,"Punga Cove"
"4748","Breaks",3727039,11,"Punga Cove"
"4749","Breaks",3727042,11,"Punga Cove"
"4750","Breaks",3727046,17,"Kaiuma Bay"
"4751","Breaks",3727049,13,"Hakana Bay"
"4752","Breaks",3727052,12,"Oyster Bay"
"4753","Breaks",3727053,27,"Sandy Bay"
"4754","Breaks",3727059,15,"Portage Bay"
"4755","Breaks",3727063,29,"Waitaria Bay"
"4756","Breaks",3727064,16,"Torea Bay"
"4757","Breaks",3727070,11,"Punga Cove"
"4758","Breaks",3727072,20,"Ohingaroa Bay"
"4759","Breaks",3727076,12,"Oyster Bay"
"4760","Breaks",3727078,30,"St. Omer Barge Ramp"
"4761","Breaks",3727079,27,"Sandy Bay"
"4762","Breaks",3727080,13,"Hakana Bay"
"4763","Breaks",3727085,16,"Torea Bay"
"4764","Breaks",3727086,29,"Waitaria Bay"
"4765","Breaks",3727087,26,"Nikau Cove Doc Camp"
"4766","Breaks",3727090,13,"Hakana Bay"
"4767","Breaks",3727092,13,"Hakana Bay"
"4768","Breaks",3727093,13,"Hakana Bay"
"4769","Breaks",3727094,25,"Cowshed Bay"
"4770","Breaks",3727096,25,"Cowshed Bay"
"4771","Breaks",3727097,13,"Hakana Bay"
"4772","Breaks",3727098,11,"Punga Cove"
"4773","Breaks",3727099,27,"Sandy Bay"
"4774","Breaks",3727102,11,"Punga Cove"
"4775","Breaks",3727103,13,"Hakana Bay"
"4776","Breaks",3727104,13,"Hakana Bay"
"4777","Breaks",3727106,27,"Sandy Bay"
"4778","Breaks",3727107,13,"Hakana Bay"
"4779","Breaks",3727108,27,"Sandy Bay"
"4780","Breaks",3727112,13,"Hakana Bay"
"4781","Breaks",3727113,13,"Hakana Bay"
"4782","Breaks",3727119,27,"Sandy Bay"
"4783","Breaks",3727121,11,"Punga Cove"
"4784","Breaks",3727122,11,"Punga Cove"
"4785","Breaks",3727123,11,"Punga Cove"
"4786","Breaks",3727128,26,"Nikau Cove Doc Camp"
"4787","Breaks",3727129,11,"Punga Cove"
"4788","Breaks",3727133,13,"Hakana Bay"
"4789","Breaks",3727141,27,"Sandy Bay"
"4790","Breaks",3727146,22,"Broughton Bay Road"
"4791","Breaks",3727147,27,"Sandy Bay"
"4792","Breaks",3727149,29,"Waitaria Bay"
"4793","Breaks",3727151,29,"Waitaria Bay"
"4794","Breaks",3727152,33,"Penzance Bay"
"4795","Breaks",3727153,26,"Nikau Cove Doc Camp"
"4796","Breaks",3727157,29,"Waitaria Bay"
"4797","Breaks",3727158,27,"Sandy Bay"
"4798","Breaks",3727159,27,"Sandy Bay"
"4799","Breaks",3727161,13,"Hakana Bay"
"4800","Breaks",3727166,11,"Punga Cove"
"4801","Breaks",3727168,27,"Sandy Bay"
"4802","Breaks",3727170,21,"Willow Bay"
"4803","Breaks",3727174,29,"Waitaria Bay"
"4804","Breaks",3727177,12,"Oyster Bay"
"4805","Breaks",3727178,29,"Waitaria Bay"
"4806","Breaks",3727180,12,"Oyster Bay"
"4807","Breaks",3727181,30,"St. Omer Barge Ramp"
"4808","Breaks",3727182,10,"Waterfall Bay"
"4809","Breaks",3727184,27,"Sandy Bay"
"4810","Breaks",3727186,30,"St. Omer Barge Ramp"
"4811","Breaks",3727187,6,"Anakiwa"
"4812","Breaks",3727189,18,"Moetapu Bay Jetty"
"4813","Breaks",3727190,12,"Oyster Bay"
"4814","Breaks",3727196,7,"Grove Point/Arm Jetty"
"4815","Breaks",3727200,15,"Portage Bay"
"4816","Breaks",3727210,13,"Hakana Bay"
"4817","Breaks",3727220,19,"Double Bay Boat Ramp"
"4818","Breaks",3727222,17,"Kaiuma Bay"
"4819","Breaks",3727223,27,"Sandy Bay"
"4820","Breaks",3727224,27,"Sandy Bay"
"4821","Breaks",3727225,27,"Sandy Bay"
"4822","Breaks",3727228,11,"Punga Cove"
"4823","Breaks",3727229,11,"Punga Cove"
"4824","Breaks",3727230,27,"Sandy Bay"
"4825","Breaks",3727231,27,"Sandy Bay"
"4826","Breaks",3727237,13,"Hakana Bay"
"4827","Breaks",3727241,13,"Hakana Bay"
"4828","Breaks",3727243,27,"Sandy Bay"
"4829","Breaks",3727244,11,"Punga Cove"
"4830","Breaks",3727245,16,"Torea Bay"
"4831","Breaks",3727247,16,"Torea Bay"
"4832","Breaks",3727248,27,"Sandy Bay"
"4833","Breaks",3727250,16,"Torea Bay"
"4834","Breaks",3727252,15,"Portage Bay"
"4835","Breaks",3727253,27,"Sandy Bay"
"4836","Breaks",3727255,27,"Sandy Bay"
"4837","Breaks",3727257,26,"Nikau Cove Doc Camp"
"4838","Breaks",3727258,23,"Te Mahia"
"4839","Breaks",3727259,12,"Oyster Bay"
"4840","Breaks",3727260,18,"Moetapu Bay Jetty"
"4841","Breaks",3727261,13,"Hakana Bay"
"4842","Breaks",3727266,12,"Oyster Bay"
"4843","Breaks",3727271,33,"Penzance Bay"
"4844","Breaks",3727275,30,"St. Omer Barge Ramp"
"4845","Breaks",3727280,12,"Oyster Bay"
"4846","Breaks",3727281,19,"Double Bay Boat Ramp"
"4847","Breaks",3727282,11,"Punga Cove"
"4848","Breaks",3727283,11,"Punga Cove"
"4849","Breaks",3727285,11,"Punga Cove"
"4850","Breaks",3727288,19,"Double Bay Boat Ramp"
"4851","Breaks",3727289,13,"Hakana Bay"
"4852","Breaks",3727290,12,"Oyster Bay"
"4853","Breaks",3727292,29,"Waitaria Bay"
"4854","Breaks",3727294,29,"Waitaria Bay"
"4855","Breaks",3727296,12,"Oyster Bay"
"4856","Breaks",3727297,12,"Oyster Bay"
"4857","Breaks",3727304,18,"Moetapu Bay Jetty"
"4858","Breaks",3727305,15,"Portage Bay"
"4859","Breaks",3727309,26,"Nikau Cove Doc Camp"
"4860","Breaks",3727310,26,"Nikau Cove Doc Camp"
"4861","Breaks",3727311,26,"Nikau Cove Doc Camp"
"4862","Breaks",3727312,18,"Moetapu Bay Jetty"
"4863","Breaks",3727313,13,"Hakana Bay"
"4864","Breaks",3727314,12,"Oyster Bay"
"4865","Breaks",3727315,12,"Oyster Bay"
"4866","Breaks",3727321,12,"Oyster Bay"
"4867","Breaks",3727356,32,"Duncan Bay"
"4868","Breaks",3727357,32,"Duncan Bay"
"4869","Breaks",3727362,11,"Punga Cove"
"4870","Breaks",3727363,17,"Kaiuma Bay"
"4871","Breaks",3727364,24,"Tara Bay"
"4872","Breaks",3727366,19,"Double Bay Boat Ramp"
"4873","Breaks",3727374,13,"Hakana Bay"
"4874","Breaks",3727376,13,"Hakana Bay"
"4875","Breaks",3727377,13,"Hakana Bay"
"4876","Breaks",3727378,18,"Moetapu Bay Jetty"
"4877","Breaks",3727381,12,"Oyster Bay"
"4878","Breaks",3727382,19,"Double Bay Boat Ramp"
"4879","Breaks",3727393,21,"Willow Bay"
"4880","Breaks",3727397,27,"Sandy Bay"
"4881","Breaks",3727398,27,"Sandy Bay"
"4882","Breaks",3727402,13,"Hakana Bay"
"4883","Breaks",3727404,11,"Punga Cove"
"4884","Breaks",3727407,27,"Sandy Bay"
"4885","Breaks",3727409,11,"Punga Cove"
"4886","Breaks",3727411,6,"Anakiwa"
"4887","Breaks",3727412,12,"Oyster Bay"
"4888","Breaks",3727413,24,"Tara Bay"
"4889","Breaks",3727414,12,"Oyster Bay"
"4890","Breaks",3727416,17,"Kaiuma Bay"
"4891","Breaks",3727417,11,"Punga Cove"
"4892","Breaks",3727418,11,"Punga Cove"
"4893","Breaks",3727420,25,"Cowshed Bay"
"4894","Breaks",3727421,29,"Waitaria Bay"
"4895","Breaks",3727422,30,"St. Omer Barge Ramp"
"4896","Breaks",3727423,11,"Punga Cove"
"4897","Breaks",3727429,14,"Elaine Bay"
"4898","Breaks",3727435,30,"St. Omer Barge Ramp"
"4899","Breaks",3727448,27,"Sandy Bay"
"4900","Breaks",3727453,12,"Oyster Bay"
"4901","Breaks",3727454,12,"Oyster Bay"
"4902","Breaks",3727457,26,"Nikau Cove Doc Camp"
"4903","Breaks",3727459,40,"Titirangi Bay"
"4904","Breaks",3727460,30,"St. Omer Barge Ramp"
"4905","Breaks",3727464,12,"Oyster Bay"
"4906","Breaks",3727465,12,"Oyster Bay"
"4907","Breaks",3727468,12,"Oyster Bay"
"4908","Breaks",3727476,12,"Oyster Bay"
"4909","Breaks",3727482,12,"Oyster Bay"
"4910","Breaks",3727488,13,"Hakana Bay"
"4911","Breaks",3727503,17,"Kaiuma Bay"
"4912","Breaks",3727508,17,"Kaiuma Bay"
"4913","Breaks",3727512,17,"Kaiuma Bay"
"4914","Breaks",3727513,19,"Double Bay Boat Ramp"
"4915","Breaks",3727515,17,"Kaiuma Bay"
"4916","Breaks",3727517,17,"Kaiuma Bay"
"4917","Breaks",3727519,17,"Kaiuma Bay"
"4918","Breaks",3727520,17,"Kaiuma Bay"
"4919","Breaks",3727522,17,"Kaiuma Bay"
"4920","Breaks",3727524,17,"Kaiuma Bay"
"4921","Breaks",3727525,17,"Kaiuma Bay"
"4922","Breaks",3727527,17,"Kaiuma Bay"
"4923","Breaks",3727533,17,"Kaiuma Bay"
"4924","Breaks",3727535,17,"Kaiuma Bay"
"4925","Breaks",3727548,12,"Oyster Bay"
"4926","Breaks",3727577,11,"Punga Cove"
"4927","Breaks",3727578,30,"St. Omer Barge Ramp"
"4928","Breaks",3727579,12,"Oyster Bay"
"4929","Breaks",3727591,11,"Punga Cove"
"4930","Breaks",3727599,17,"Kaiuma Bay"
"4931","Breaks",3727621,17,"Kaiuma Bay"
"4932","Breaks",3727643,12,"Oyster Bay"
"4933","Breaks",3727648,12,"Oyster Bay"
"4934","Breaks",3727654,17,"Kaiuma Bay"
"4935","Breaks",3727657,12,"Oyster Bay"
"4936","Breaks",3727662,18,"Moetapu Bay Jetty"
"4937","Breaks",3727673,12,"Oyster Bay"
"4938","Breaks",3727674,17,"Kaiuma Bay"
"4939","Breaks",3727676,17,"Kaiuma Bay"
"4940","Breaks",3727677,17,"Kaiuma Bay"
"4941","Breaks",3727678,17,"Kaiuma Bay"
"4942","Breaks",3727680,17,"Kaiuma Bay"
"4943","Breaks",3727683,17,"Kaiuma Bay"
"4944","Breaks",3727691,12,"Oyster Bay"
"4945","Breaks",3727705,12,"Oyster Bay"
"4946","Breaks",3727715,17,"Kaiuma Bay"
"4947","Breaks",3727723,12,"Oyster Bay"
"4948","Breaks",3727724,13,"Hakana Bay"
"4949","Breaks",3727748,17,"Kaiuma Bay"
"4950","Breaks",3727751,12,"Oyster Bay"
"4951","Breaks",3727790,11,"Punga Cove"
"4952","Breaks",3727807,17,"Kaiuma Bay"
"4953","Breaks",3727842,17,"Kaiuma Bay"
"4954","Breaks",3727846,11,"Punga Cove"
"4955","Breaks",3727851,13,"Hakana Bay"
"4956","Breaks",3727852,13,"Hakana Bay"
"4957","Breaks",3727853,12,"Oyster Bay"
"4958","Breaks",3727858,12,"Oyster Bay"
"4959","Breaks",3727891,11,"Punga Cove"
"4960","Breaks",3727896,11,"Punga Cove"
"4961","Breaks",3727901,40,"Titirangi Bay"
"4962","Breaks",3727902,40,"Titirangi Bay"
"4963","Breaks",3727904,40,"Titirangi Bay"
"4964","Breaks",3727905,40,"Titirangi Bay"
"4965","Breaks",3727907,12,"Oyster Bay"
"4966","Breaks",3727908,40,"Titirangi Bay"
"4967","Breaks",3727914,12,"Oyster Bay"
"4968","Breaks",3727915,12,"Oyster Bay"
"4969","Breaks",3727916,6,"Anakiwa"
"4970","Breaks",3727920,7,"Grove Point/Arm Jetty"
"4971","Breaks",3727922,7,"Grove Point/Arm Jetty"
"4972","Breaks",3727923,7,"Grove Point/Arm Jetty"
"4973","Breaks",3727924,7,"Grove Point/Arm Jetty"
"4974","Breaks",3727925,7,"Grove Point/Arm Jetty"
"4975","Breaks",3727928,7,"Grove Point/Arm Jetty"
"4976","Breaks",3727929,7,"Grove Point/Arm Jetty"
"4977","Breaks",3727930,7,"Grove Point/Arm Jetty"
"4978","Breaks",3727932,12,"Oyster Bay"
"4979","Breaks",3727933,7,"Grove Point/Arm Jetty"
"4980","Breaks",3727934,7,"Grove Point/Arm Jetty"
"4981","Breaks",3727935,12,"Oyster Bay"
"4982","Breaks",3727938,7,"Grove Point/Arm Jetty"
"4983","Breaks",3727945,11,"Punga Cove"
"4984","Breaks",3727949,12,"Oyster Bay"
"4985","Breaks",3727950,12,"Oyster Bay"
"4986","Breaks",3727957,12,"Oyster Bay"
"4987","Breaks",3727996,32,"Duncan Bay"
"4988","Breaks",3728001,11,"Punga Cove"
"4989","Breaks",3728002,12,"Oyster Bay"
"4990","Breaks",3728016,14,"Elaine Bay"
"4991","Breaks",3728028,11,"Punga Cove"
"4992","Breaks",3728051,12,"Oyster Bay"
"4993","Breaks",3728059,12,"Oyster Bay"
"4994","Breaks",3728065,27,"Sandy Bay"
"4995","Breaks",3728067,24,"Tara Bay"
"4996","Breaks",3728115,11,"Punga Cove"
"4997","Breaks",3728117,12,"Oyster Bay"
"4998","Breaks",3728118,12,"Oyster Bay"
"4999","Breaks",3728119,12,"Oyster Bay"
"5000","Breaks",3728120,12,"Oyster Bay"
"5001","Breaks",3728121,12,"Oyster Bay"
"5002","Breaks",3728122,12,"Oyster Bay"
"5003","Breaks",3728140,19,"Double Bay Boat Ramp"
"5004","Breaks",3728147,13,"Hakana Bay"
"5005","Breaks",3728148,25,"Cowshed Bay"
"5006","Breaks",3728175,11,"Punga Cove"
"5007","Breaks",3728178,12,"Oyster Bay"
"5008","Breaks",3728183,12,"Oyster Bay"
"5009","Breaks",3728196,17,"Kaiuma Bay"
"5010","Breaks",3728197,17,"Kaiuma Bay"
"5011","Breaks",3728204,12,"Oyster Bay"
"5012","Breaks",3728205,12,"Oyster Bay"
"5013","Breaks",3728221,32,"Duncan Bay"
"5014","Breaks",3728284,12,"Oyster Bay"
"5015","Breaks",3728293,19,"Double Bay Boat Ramp"
"5016","Breaks",3728301,12,"Oyster Bay"
"5017","Breaks",3728302,12,"Oyster Bay"
"5018","Breaks",3728303,7,"Grove Point/Arm Jetty"
"5019","Breaks",3728306,12,"Oyster Bay"
"5020","Breaks",3728307,17,"Kaiuma Bay"
"5021","Breaks",3728327,27,"Sandy Bay"
"5022","Breaks",3728329,12,"Oyster Bay"
"5023","Breaks",3728330,12,"Oyster Bay"
"5024","Breaks",3728345,12,"Oyster Bay"
"5025","Breaks",3728361,33,"Penzance Bay"
"5026","Breaks",3728370,10,"Waterfall Bay"
"5027","Breaks",3728373,23,"Te Mahia"
"5028","Breaks",3728374,20,"Ohingaroa Bay"
"5029","Breaks",3728376,13,"Hakana Bay"
"5030","Breaks",3728390,27,"Sandy Bay"
"5031","Breaks",3728406,12,"Oyster Bay"
"5032","Breaks",3728420,9,"Ngakuta Bay"
"5033","Breaks",3728422,6,"Anakiwa"
"5034","Breaks",3728484,12,"Oyster Bay"
"5035","Breaks",3728527,11,"Punga Cove"
"5036","Breaks",3728542,12,"Oyster Bay"
"5037","Breaks",3728547,12,"Oyster Bay"
"5038","Breaks",3728552,12,"Oyster Bay"
"5039","Breaks",3728553,12,"Oyster Bay"
"5040","Breaks",3728556,12,"Oyster Bay"
"5041","Breaks",3728573,8,"Momorangi Bay"
"5042","Breaks",3728581,12,"Oyster Bay"
"5043","Breaks",3728582,12,"Oyster Bay"
"5044","Breaks",3728583,12,"Oyster Bay"
"5045","Breaks",3728584,8,"Momorangi Bay"
"5046","Breaks",3728588,38,"Bulwer Bay"
"5047","Breaks",3728590,12,"Oyster Bay"
"5048","Breaks",3728593,38,"Bulwer Bay"
"5049","Breaks",3728594,17,"Kaiuma Bay"
"5050","Breaks",3728596,12,"Oyster Bay"
"5051","Breaks",3728599,12,"Oyster Bay"
"5052","Breaks",3728600,12,"Oyster Bay"
"5053","Breaks",3728636,12,"Oyster Bay"
"5054","Breaks",3728640,17,"Kaiuma Bay"
"5055","Breaks",3728643,12,"Oyster Bay"
"5056","Breaks",3728644,12,"Oyster Bay"
"5057","Breaks",3728647,12,"Oyster Bay"
"5058","Breaks",3728649,12,"Oyster Bay"
"5059","Breaks",3728652,17,"Kaiuma Bay"
"5060","Breaks",3728653,17,"Kaiuma Bay"
"5061","Breaks",3728659,12,"Oyster Bay"
"5062","Breaks",3728661,17,"Kaiuma Bay"
"5063","Breaks",3728669,12,"Oyster Bay"
"5064","Breaks",3728671,19,"Double Bay Boat Ramp"
"5065","Breaks",3728679,17,"Kaiuma Bay"
"5066","Breaks",3728691,17,"Kaiuma Bay"
"5067","Breaks",3728694,12,"Oyster Bay"
"5068","Breaks",3728703,12,"Oyster Bay"
"5069","Breaks",3728705,20,"Ohingaroa Bay"
"5070","Breaks",3728706,20,"Ohingaroa Bay"
"5071","Breaks",3728707,37,"Hamilton Bay (Rocky Creek) Ramp"
"5072","Breaks",3728709,11,"Punga Cove"
"5073","Breaks",3728710,11,"Punga Cove"
"5074","Breaks",3728711,11,"Punga Cove"
"5075","Breaks",3728712,11,"Punga Cove"
"5076","Breaks",3728713,37,"Hamilton Bay (Rocky Creek) Ramp"
"5077","Breaks",3728717,12,"Oyster Bay"
"5078","Breaks",3728719,17,"Kaiuma Bay"
"5079","Breaks",3728722,32,"Duncan Bay"
"5080","Breaks",3728726,17,"Kaiuma Bay"
"5081","Breaks",3728727,17,"Kaiuma Bay"
"5082","Breaks",3728730,32,"Duncan Bay"
"5083","Breaks",3728738,21,"Willow Bay"
"5084","Breaks",3728742,12,"Oyster Bay"
"5085","Breaks",3728758,32,"Duncan Bay"
"5086","Breaks",3728763,33,"Penzance Bay"
"5087","Breaks",3728767,7,"Grove Point/Arm Jetty"
"5088","Breaks",3728771,13,"Hakana Bay"
"5089","Breaks",3728802,7,"Grove Point/Arm Jetty"
"5090","Breaks",3728803,7,"Grove Point/Arm Jetty"
"5091","Breaks",3728816,17,"Kaiuma Bay"
"5092","Breaks",3728839,17,"Kaiuma Bay"
"5093","Breaks",3728845,30,"St. Omer Barge Ramp"
"5094","Breaks",3728848,7,"Grove Point/Arm Jetty"
"5095","Breaks",3728849,7,"Grove Point/Arm Jetty"
"5096","Breaks",3728850,7,"Grove Point/Arm Jetty"
"5097","Breaks",3728851,7,"Grove Point/Arm Jetty"
"5098","Breaks",3728852,7,"Grove Point/Arm Jetty"
"5099","Breaks",3728871,33,"Penzance Bay"
"5100","Breaks",3728874,17,"Kaiuma Bay"
"5101","Breaks",3728876,17,"Kaiuma Bay"
"5102","Breaks",3728879,12,"Oyster Bay"
"5103","Breaks",3728880,17,"Kaiuma Bay"
"5104","Breaks",3728885,12,"Oyster Bay"
"5105","Breaks",3728886,7,"Grove Point/Arm Jetty"
"5106","Breaks",3728890,12,"Oyster Bay"
"5107","Breaks",3728891,17,"Kaiuma Bay"
"5108","Breaks",3728920,12,"Oyster Bay"
"5109","Breaks",3728921,12,"Oyster Bay"
"5110","Breaks",3728939,12,"Oyster Bay"
"5111","Breaks",3728940,12,"Oyster Bay"
"5112","Breaks",3728943,12,"Oyster Bay"
"5113","Breaks",3728951,19,"Double Bay Boat Ramp"
"5114","Breaks",3728964,12,"Oyster Bay"
"5115","Breaks",3728965,12,"Oyster Bay"
"5116","Breaks",3728968,7,"Grove Point/Arm Jetty"
"5117","Breaks",3728983,12,"Oyster Bay"
"5118","Breaks",3728985,12,"Oyster Bay"
"5119","Breaks",3728988,12,"Oyster Bay"
"5120","Breaks",3728991,12,"Oyster Bay"
"5121","Breaks",3728996,12,"Oyster Bay"
"5122","Breaks",3728999,17,"Kaiuma Bay"
"5123","Breaks",3729001,17,"Kaiuma Bay"
"5124","Breaks",3729003,27,"Sandy Bay"
"5125","Breaks",3729004,27,"Sandy Bay"
"5126","Breaks",3729006,13,"Hakana Bay"
"5127","Breaks",3729009,12,"Oyster Bay"
"5128","Breaks",3729017,17,"Kaiuma Bay"
"5129","Breaks",3729018,17,"Kaiuma Bay"
"5130","Breaks",3729022,17,"Kaiuma Bay"
"5131","Breaks",3729023,17,"Kaiuma Bay"
"5132","Breaks",3729026,33,"Penzance Bay"
"5133","Breaks",3729034,29,"Waitaria Bay"
"5134","Breaks",3729040,32,"Duncan Bay"
"5135","Breaks",3729041,30,"St. Omer Barge Ramp"
"5136","Breaks",3729066,13,"Hakana Bay"
"5137","Breaks",3729069,12,"Oyster Bay"
"5138","Breaks",3729076,18,"Moetapu Bay Jetty"
"5139","Breaks",3729080,33,"Penzance Bay"
"5140","Breaks",3729088,17,"Kaiuma Bay"
"5141","Breaks",3729109,13,"Hakana Bay"
"5142","Breaks",3729114,17,"Kaiuma Bay"
"5143","Breaks",3729115,17,"Kaiuma Bay"
"5144","Breaks",3729116,17,"Kaiuma Bay"
"5145","Breaks",3729117,17,"Kaiuma Bay"
"5146","Breaks",3729119,17,"Kaiuma Bay"
"5147","Breaks",3729129,12,"Oyster Bay"
"5148","Breaks",3729141,17,"Kaiuma Bay"
"5149","Breaks",3729154,30,"St. Omer Barge Ramp"
"5150","Breaks",3729156,27,"Sandy Bay"
"5151","Breaks",3729164,12,"Oyster Bay"
"5152","Breaks",3729175,17,"Kaiuma Bay"
"5153","Breaks",3729178,30,"St. Omer Barge Ramp"
"5154","Breaks",3729215,12,"Oyster Bay"
"5155","Breaks",3729220,17,"Kaiuma Bay"
"5156","Breaks",3729222,12,"Oyster Bay"
"5157","Breaks",3729223,12,"Oyster Bay"
"5158","Breaks",3729234,12,"Oyster Bay"
"5159","Breaks",3729235,13,"Hakana Bay"
"5160","Breaks",3729236,13,"Hakana Bay"
"5161","Breaks",3729240,25,"Cowshed Bay"
"5162","Breaks",3729241,21,"Willow Bay"
"5163","Breaks",3729243,12,"Oyster Bay"
"5164","Breaks",3729252,12,"Oyster Bay"
"5165","Breaks",3729264,12,"Oyster Bay"
"5166","Breaks",3729268,12,"Oyster Bay"
"5167","Breaks",3729275,17,"Kaiuma Bay"
"5168","Breaks",3729276,12,"Oyster Bay"
"5169","Breaks",3729279,12,"Oyster Bay"
"5170","Breaks",3729291,9,"Ngakuta Bay"
"5171","Breaks",3729293,17,"Kaiuma Bay"
"5172","Breaks",3729297,12,"Oyster Bay"
"5173","Breaks",3729298,11,"Punga Cove"
"5174","Breaks",3729303,12,"Oyster Bay"
"5175","Breaks",3729322,7,"Grove Point/Arm Jetty"
"5176","Breaks",3729324,12,"Oyster Bay"
"5177","Breaks",3729326,12,"Oyster Bay"
"5178","Breaks",3729327,12,"Oyster Bay"
"5179","Breaks",3729329,8,"Momorangi Bay"
"5180","Breaks",3729336,12,"Oyster Bay"
"5181","Breaks",3729337,12,"Oyster Bay"
"5182","Breaks",3729338,12,"Oyster Bay"
"5183","Breaks",3729347,12,"Oyster Bay"
"5184","Breaks",3729348,12,"Oyster Bay"
"5185","Breaks",3729351,12,"Oyster Bay"
"5186","Breaks",3729355,12,"Oyster Bay"
"5187","Breaks",3729358,12,"Oyster Bay"
"5188","Breaks",3729360,6,"Anakiwa"
"5189","Breaks",3729363,12,"Oyster Bay"
"5190","Breaks",3729367,12,"Oyster Bay"
"5191","Breaks",3729372,12,"Oyster Bay"
"5192","Breaks",3729375,17,"Kaiuma Bay"
"5193","Breaks",3729378,12,"Oyster Bay"
"5194","Breaks",3729379,12,"Oyster Bay"
"5195","Breaks",3729384,17,"Kaiuma Bay"
"5196","Breaks",3729386,23,"Te Mahia"
"5197","Breaks",3729394,7,"Grove Point/Arm Jetty"
"5198","Breaks",3729396,29,"Waitaria Bay"
"5199","Breaks",3729409,17,"Kaiuma Bay"
"5200","Breaks",3729411,38,"Bulwer Bay"
"5201","Breaks",3729412,17,"Kaiuma Bay"
"5202","Breaks",3729414,17,"Kaiuma Bay"
"5203","Breaks",3729416,17,"Kaiuma Bay"
"5204","Breaks",3729419,12,"Oyster Bay"
"5205","Breaks",3729421,10,"Waterfall Bay"
"5206","Breaks",3729422,6,"Anakiwa"
"5207","Breaks",3729430,13,"Hakana Bay"
"5208","Breaks",3729433,12,"Oyster Bay"
"5209","Breaks",3729454,12,"Oyster Bay"
"5210","Breaks",3729467,12,"Oyster Bay"
"5211","Breaks",3729471,12,"Oyster Bay"
"5212","Breaks",3729476,12,"Oyster Bay"
"5213","Breaks",3729477,12,"Oyster Bay"
"5214","Breaks",3729479,12,"Oyster Bay"
"5215","Breaks",3729480,12,"Oyster Bay"
"5216","Breaks",3729482,12,"Oyster Bay"
"5217","Breaks",3729483,12,"Oyster Bay"
"5218","Breaks",3729491,17,"Kaiuma Bay"
"5219","Breaks",3729514,12,"Oyster Bay"
"5220","Breaks",3729530,20,"Ohingaroa Bay"
"5221","Breaks",3729536,12,"Oyster Bay"
"5222","Breaks",3729538,12,"Oyster Bay"
"5223","Breaks",3729539,17,"Kaiuma Bay"
"5224","Breaks",3729540,17,"Kaiuma Bay"
"5225","Breaks",3729541,17,"Kaiuma Bay"
"5226","Breaks",3729543,12,"Oyster Bay"
"5227","Breaks",3729546,17,"Kaiuma Bay"
"5228","Breaks",3729548,12,"Oyster Bay"
"5229","Breaks",3729550,17,"Kaiuma Bay"
"5230","Breaks",3729551,12,"Oyster Bay"
"5231","Breaks",3729562,12,"Oyster Bay"
"5232","Breaks",3729564,17,"Kaiuma Bay"
"5233","Breaks",3729581,12,"Oyster Bay"
"5234","Breaks",3729582,17,"Kaiuma Bay"
"5235","Breaks",3729589,7,"Grove Point/Arm Jetty"
"5236","Breaks",3729595,14,"Elaine Bay"
"5237","Breaks",3729607,27,"Sandy Bay"
"5238","Breaks",3729628,32,"Duncan Bay"
"5239","Breaks",3729636,12,"Oyster Bay"
"5240","Breaks",3729639,17,"Kaiuma Bay"
"5241","Breaks",3729642,12,"Oyster Bay"
"5242","Breaks",3729644,12,"Oyster Bay"
"5243","Breaks",3729653,15,"Portage Bay"
"5244","Breaks",3729657,17,"Kaiuma Bay"
"5245","Breaks",3729663,17,"Kaiuma Bay"
"5246","Breaks",3729667,11,"Punga Cove"
"5247","Breaks",3729680,12,"Oyster Bay"
"5248","Breaks",3729687,12,"Oyster Bay"
"5249","Breaks",3729691,11,"Punga Cove"
"5250","Breaks",3729692,11,"Punga Cove"
"5251","Breaks",3729698,11,"Punga Cove"
"5252","Breaks",3729700,12,"Oyster Bay"
"5253","Breaks",3729702,23,"Te Mahia"
"5254","Breaks",3729707,33,"Penzance Bay"
"5255","Breaks",3729710,12,"Oyster Bay"
"5256","Breaks",3729711,7,"Grove Point/Arm Jetty"
"5257","Breaks",3729712,19,"Double Bay Boat Ramp"
"5258","Breaks",3729714,29,"Waitaria Bay"
"5259","Breaks",3729717,19,"Double Bay Boat Ramp"
"5260","Breaks",3729722,33,"Penzance Bay"
"5261","Breaks",3729731,13,"Hakana Bay"
"5262","Breaks",3729732,21,"Willow Bay"
"5263","Breaks",3729737,22,"Broughton Bay Road"
"5264","Breaks",3729738,13,"Hakana Bay"
"5265","Breaks",3729739,13,"Hakana Bay"
"5266","Breaks",3729741,29,"Waitaria Bay"
"5267","Breaks",3729747,18,"Moetapu Bay Jetty"
"5268","Breaks",3729751,12,"Oyster Bay"
"5269","Breaks",3729752,29,"Waitaria Bay"
"5270","Breaks",3729754,17,"Kaiuma Bay"
"5271","Breaks",3729756,11,"Punga Cove"
"5272","Breaks",3729759,11,"Punga Cove"
"5273","Breaks",3729761,12,"Oyster Bay"
"5274","Breaks",3729762,12,"Oyster Bay"
"5275","Breaks",3729765,27,"Sandy Bay"
"5276","Breaks",3729766,18,"Moetapu Bay Jetty"
"5277","Breaks",3729767,12,"Oyster Bay"
"5278","Breaks",3729769,27,"Sandy Bay"
"5279","Breaks",3729770,12,"Oyster Bay"
"5280","Breaks",3729771,21,"Willow Bay"
"5281","Breaks",3729777,11,"Punga Cove"
"5282","Breaks",3729780,13,"Hakana Bay"
"5283","Breaks",3729781,13,"Hakana Bay"
"5284","Breaks",3729783,21,"Willow Bay"
"5285","Breaks",3729789,13,"Hakana Bay"
"5286","Breaks",3729791,13,"Hakana Bay"
"5287","Breaks",3729794,27,"Sandy Bay"
"5288","Breaks",3729795,25,"Cowshed Bay"
"5289","Breaks",3729804,12,"Oyster Bay"
"5290","Breaks",3729813,17,"Kaiuma Bay"
"5291","Breaks",3729829,12,"Oyster Bay"
"5292","Breaks",3729833,15,"Portage Bay"
"5293","Breaks",3729841,11,"Punga Cove"
"5294","Breaks",3729842,23,"Te Mahia"
"5295","Breaks",3729845,12,"Oyster Bay"
"5296","Breaks",3729847,7,"Grove Point/Arm Jetty"
"5297","Breaks",3729849,11,"Punga Cove"
"5298","Breaks",3729850,17,"Kaiuma Bay"
"5299","Breaks",3729853,17,"Kaiuma Bay"
"5300","Breaks",3729864,12,"Oyster Bay"
"5301","Breaks",3729883,27,"Sandy Bay"
"5302","Breaks",3729897,12,"Oyster Bay"
"5303","Breaks",3729898,12,"Oyster Bay"
"5304","Breaks",3729909,19,"Double Bay Boat Ramp"
"5305","Breaks",3729922,17,"Kaiuma Bay"
"5306","Breaks",3729927,11,"Punga Cove"
"5307","Breaks",3729930,17,"Kaiuma Bay"
"5308","Breaks",3729937,30,"St. Omer Barge Ramp"
"5309","Breaks",3729938,17,"Kaiuma Bay"
"5310","Breaks",3729944,12,"Oyster Bay"
"5311","Breaks",3729947,17,"Kaiuma Bay"
"5312","Breaks",3729951,32,"Duncan Bay"
"5313","Breaks",3729952,27,"Sandy Bay"
"5314","Breaks",3729967,17,"Kaiuma Bay"
"5315","Breaks",3729993,12,"Oyster Bay"
"5316","Breaks",3729994,17,"Kaiuma Bay"
"5317","Breaks",3729996,21,"Willow Bay"
"5318","Breaks",3729998,18,"Moetapu Bay Jetty"
"5319","Breaks",3730000,21,"Willow Bay"
"5320","Breaks",3730008,17,"Kaiuma Bay"
"5321","Breaks",3730030,12,"Oyster Bay"
"5322","Breaks",3730033,21,"Willow Bay"
"5323","Breaks",3730042,12,"Oyster Bay"
"5324","Breaks",3730046,32,"Duncan Bay"
"5325","Breaks",3730047,37,"Hamilton Bay (Rocky Creek) Ramp"
"5326","Breaks",3730059,11,"Punga Cove"
"5327","Breaks",3730062,12,"Oyster Bay"
"5328","Breaks",3730066,12,"Oyster Bay"
"5329","Breaks",3730086,24,"Tara Bay"
"5330","Breaks",3730092,12,"Oyster Bay"
"5331","Breaks",3730102,12,"Oyster Bay"
"5332","Breaks",3730104,13,"Hakana Bay"
"5333","Breaks",3730111,12,"Oyster Bay"
"5334","Breaks",3730112,12,"Oyster Bay"
"5335","Breaks",3730130,17,"Kaiuma Bay"
"5336","Breaks",3730134,12,"Oyster Bay"
"5337","Breaks",3730149,12,"Oyster Bay"
"5338","Breaks",3730150,12,"Oyster Bay"
"5339","Breaks",3730151,12,"Oyster Bay"
"5340","Breaks",3730154,12,"Oyster Bay"
"5341","Breaks",3730160,7,"Grove Point/Arm Jetty"
"5342","Breaks",3730172,17,"Kaiuma Bay"
"5343","Breaks",3730177,30,"St. Omer Barge Ramp"
"5344","Breaks",3730180,32,"Duncan Bay"
"5345","Breaks",3730183,14,"Elaine Bay"
"5346","Breaks",3730190,11,"Punga Cove"
"5347","Breaks",3730193,7,"Grove Point/Arm Jetty"
"5348","Breaks",3730199,11,"Punga Cove"
"5349","Breaks",3730200,32,"Duncan Bay"
"5350","Breaks",3730208,17,"Kaiuma Bay"
"5351","Breaks",3730209,7,"Grove Point/Arm Jetty"
"5352","Breaks",3730211,17,"Kaiuma Bay"
"5353","Breaks",3730212,17,"Kaiuma Bay"
"5354","Breaks",3730216,17,"Kaiuma Bay"
"5355","Breaks",3730245,17,"Kaiuma Bay"
"5356","Breaks",3730246,30,"St. Omer Barge Ramp"
"5357","Breaks",3730248,7,"Grove Point/Arm Jetty"
"5358","Breaks",3730253,17,"Kaiuma Bay"
"5359","Breaks",3730274,12,"Oyster Bay"
"5360","Breaks",3730276,12,"Oyster Bay"
"5361","Breaks",3730298,17,"Kaiuma Bay"
"5362","Breaks",3730299,17,"Kaiuma Bay"
"5363","Breaks",3730325,12,"Oyster Bay"
"5364","Breaks",3730326,12,"Oyster Bay"
"5365","Breaks",3730338,27,"Sandy Bay"
"5366","Breaks",3730341,13,"Hakana Bay"
"5367","Breaks",3730356,33,"Penzance Bay"
"5368","Breaks",3730365,12,"Oyster Bay"
"5369","Breaks",3730371,13,"Hakana Bay"
"5370","Breaks",3730376,12,"Oyster Bay"
"5371","Breaks",3730378,12,"Oyster Bay"
"5372","Breaks",3730380,27,"Sandy Bay"
"5373","Breaks",3730386,12,"Oyster Bay"
"5374","Breaks",3730394,12,"Oyster Bay"
"5375","Breaks",3730395,11,"Punga Cove"
"5376","Breaks",3730400,13,"Hakana Bay"
"5377","Breaks",3730401,13,"Hakana Bay"
"5378","Breaks",3730404,13,"Hakana Bay"
"5379","Breaks",3730405,11,"Punga Cove"
"5380","Breaks",3730407,32,"Duncan Bay"
"5381","Breaks",3730445,12,"Oyster Bay"
"5382","Breaks",3730446,12,"Oyster Bay"
"5383","Breaks",3730449,12,"Oyster Bay"
"5384","Breaks",3730450,12,"Oyster Bay"
"5385","Breaks",3730473,12,"Oyster Bay"
"5386","Breaks",3730477,17,"Kaiuma Bay"
"5387","Breaks",3730478,17,"Kaiuma Bay"
"5388","Breaks",3730482,17,"Kaiuma Bay"
"5389","Breaks",3730487,12,"Oyster Bay"
"5390","Breaks",3730497,17,"Kaiuma Bay"
"5391","Breaks",3730509,31,"Double Bay"
"5392","Breaks",3730522,12,"Oyster Bay"
"5393","Breaks",3730524,12,"Oyster Bay"
"5394","Breaks",3730528,12,"Oyster Bay"
"5395","Breaks",3730538,12,"Oyster Bay"
"5396","Breaks",3730569,12,"Oyster Bay"
"5397","Breaks",3730574,11,"Punga Cove"
"5398","Breaks",3730583,12,"Oyster Bay"
"5399","Breaks",3730585,12,"Oyster Bay"
"5400","Breaks",3730588,12,"Oyster Bay"
"5401","Breaks",3730589,12,"Oyster Bay"
"5402","Breaks",3730594,17,"Kaiuma Bay"
"5403","Breaks",3730600,12,"Oyster Bay"
"5404","Breaks",3730607,12,"Oyster Bay"
"5405","Breaks",3730612,22,"Broughton Bay Road"
"5406","Breaks",3730626,12,"Oyster Bay"
"5407","Breaks",3730648,12,"Oyster Bay"
"5408","Breaks",3730649,12,"Oyster Bay"
"5409","Breaks",3730654,12,"Oyster Bay"
"5410","Breaks",3730655,12,"Oyster Bay"
"5411","Breaks",3730662,12,"Oyster Bay"
"5412","Breaks",3730663,12,"Oyster Bay"
"5413","Breaks",3730665,12,"Oyster Bay"
"5414","Breaks",3730673,17,"Kaiuma Bay"
"5415","Breaks",3730678,31,"Double Bay"
"5416","Breaks",3730686,19,"Double Bay Boat Ramp"
"5417","Breaks",3730689,17,"Kaiuma Bay"
"5418","Breaks",3730690,12,"Oyster Bay"
"5419","Breaks",3730693,26,"Nikau Cove Doc Camp"
"5420","Breaks",3730694,12,"Oyster Bay"
"5421","Breaks",3730695,17,"Kaiuma Bay"
"5422","Breaks",3730711,17,"Kaiuma Bay"
"5423","Breaks",3730713,9,"Ngakuta Bay"
"5424","Breaks",3730716,7,"Grove Point/Arm Jetty"
"5425","Breaks",3730743,17,"Kaiuma Bay"
"5426","Breaks",3730744,12,"Oyster Bay"
"5427","Breaks",3730752,17,"Kaiuma Bay"
"5428","Breaks",3730758,12,"Oyster Bay"
"5429","Breaks",3730759,30,"St. Omer Barge Ramp"
"5430","Breaks",3730760,30,"St. Omer Barge Ramp"
"5431","Breaks",3730770,12,"Oyster Bay"
"5432","Breaks",3730771,19,"Double Bay Boat Ramp"
"5433","Breaks",3730773,12,"Oyster Bay"
"5434","Breaks",3730774,7,"Grove Point/Arm Jetty"
"5435","Breaks",3730780,7,"Grove Point/Arm Jetty"
"5436","Breaks",3730781,7,"Grove Point/Arm Jetty"
"5437","Breaks",3730782,7,"Grove Point/Arm Jetty"
"5438","Breaks",3730785,7,"Grove Point/Arm Jetty"
"5439","Breaks",3730786,12,"Oyster Bay"
"5440","Breaks",3730792,7,"Grove Point/Arm Jetty"
"5441","Breaks",3730802,12,"Oyster Bay"
"5442","Breaks",3730806,12,"Oyster Bay"
"5443","Breaks",3730829,17,"Kaiuma Bay"
"5444","Breaks",3730830,17,"Kaiuma Bay"
"5445","Breaks",3730851,12,"Oyster Bay"
"5446","Breaks",3730855,12,"Oyster Bay"
"5447","Breaks",3730867,12,"Oyster Bay"
"5448","Breaks",3730876,12,"Oyster Bay"
"5449","Breaks",3730897,12,"Oyster Bay"
"5450","Breaks",3730903,12,"Oyster Bay"
"5451","Breaks",3730904,13,"Hakana Bay"
"5452","Breaks",3730932,18,"Moetapu Bay Jetty"
"5453","Breaks",3730936,12,"Oyster Bay"
"5454","Breaks",3730942,17,"Kaiuma Bay"
"5455","Breaks",3730959,26,"Nikau Cove Doc Camp"
"5456","Breaks",3730962,7,"Grove Point/Arm Jetty"
"5457","Breaks",3730969,32,"Duncan Bay"
"5458","Breaks",3730972,17,"Kaiuma Bay"
"5459","Breaks",3730981,17,"Kaiuma Bay"
"5460","Breaks",3730989,17,"Kaiuma Bay"
"5461","Breaks",3730997,17,"Kaiuma Bay"
"5462","Breaks",3731012,12,"Oyster Bay"
"5463","Breaks",3731030,17,"Kaiuma Bay"
"5464","Breaks",3731036,12,"Oyster Bay"
"5465","Breaks",3731054,12,"Oyster Bay"
"5466","Breaks",3731058,27,"Sandy Bay"
"5467","Breaks",3731064,12,"Oyster Bay"
"5468","Breaks",3731066,12,"Oyster Bay"
"5469","Breaks",3731082,12,"Oyster Bay"
"5470","Breaks",3731098,12,"Oyster Bay"
"5471","Breaks",3731104,12,"Oyster Bay"
"5472","Breaks",3731105,19,"Double Bay Boat Ramp"
"5473","Breaks",3731107,12,"Oyster Bay"
"5474","Breaks",3731124,7,"Grove Point/Arm Jetty"
"5475","Breaks",3731128,17,"Kaiuma Bay"
"5476","Breaks",3731129,12,"Oyster Bay"
"5477","Breaks",3731140,12,"Oyster Bay"
"5478","Breaks",3731148,12,"Oyster Bay"
"5479","Breaks",3731170,12,"Oyster Bay"
"5480","Breaks",3731189,19,"Double Bay Boat Ramp"
"5481","Breaks",3731208,33,"Penzance Bay"
"5482","Breaks",3731221,17,"Kaiuma Bay"
"5483","Breaks",3731223,12,"Oyster Bay"
"5484","Breaks",3731234,12,"Oyster Bay"
"5485","Breaks",3731242,12,"Oyster Bay"
"5486","Breaks",3731244,17,"Kaiuma Bay"
"5487","Breaks",3731249,12,"Oyster Bay"
"5488","Breaks",3731252,7,"Grove Point/Arm Jetty"
"5489","Breaks",3731263,32,"Duncan Bay"
"5490","Breaks",3731278,13,"Hakana Bay"
"5491","Breaks",3731280,7,"Grove Point/Arm Jetty"
"5492","Breaks",3731301,12,"Oyster Bay"
"5493","Breaks",3731318,12,"Oyster Bay"
"5494","Breaks",3731322,12,"Oyster Bay"
"5495","Breaks",3731323,17,"Kaiuma Bay"
"5496","Breaks",3731332,17,"Kaiuma Bay"
"5497","Breaks",3731335,17,"Kaiuma Bay"
"5498","Breaks",3731360,17,"Kaiuma Bay"
"5499","Breaks",3731382,9,"Ngakuta Bay"
"5500","Breaks",3731407,12,"Oyster Bay"
"5501","Breaks",3731409,12,"Oyster Bay"
"5502","Breaks",3731410,17,"Kaiuma Bay"
"5503","Breaks",3731411,12,"Oyster Bay"
"5504","Breaks",3731412,12,"Oyster Bay"
"5505","Breaks",3731418,12,"Oyster Bay"
"5506","Breaks",3731434,12,"Oyster Bay"
"5507","Breaks",3731439,12,"Oyster Bay"
"5508","Breaks",3731461,32,"Duncan Bay"
"5509","Breaks",3731471,12,"Oyster Bay"
"5510","Breaks",3731473,12,"Oyster Bay"
"5511","Breaks",3731484,12,"Oyster Bay"
"5512","Breaks",3731486,12,"Oyster Bay"
"5513","Breaks",3731487,7,"Grove Point/Arm Jetty"
"5514","Breaks",3731504,12,"Oyster Bay"
"5515","Breaks",3731516,12,"Oyster Bay"
"5516","Breaks",3731517,12,"Oyster Bay"
"5517","Breaks",3731527,9,"Ngakuta Bay"
"5518","Breaks",3731538,12,"Oyster Bay"
"5519","Breaks",3731542,11,"Punga Cove"
"5520","Breaks",3731543,11,"Punga Cove"
"5521","Breaks",3731546,12,"Oyster Bay"
"5522","Breaks",3731547,12,"Oyster Bay"
"5523","Breaks",3731565,11,"Punga Cove"
"5524","Breaks",3731566,17,"Kaiuma Bay"
"5525","Breaks",3731587,12,"Oyster Bay"
"5526","Breaks",3731590,32,"Duncan Bay"
"5527","Breaks",3731594,15,"Portage Bay"
"5528","Breaks",3731598,23,"Te Mahia"
"5529","Breaks",3731604,19,"Double Bay Boat Ramp"
"5530","Breaks",3731624,12,"Oyster Bay"
"5531","Breaks",3731627,12,"Oyster Bay"
"5532","Breaks",3731635,12,"Oyster Bay"
"5533","Breaks",3731669,13,"Hakana Bay"
"5534","Breaks",3731678,17,"Kaiuma Bay"
"5535","Breaks",3731701,12,"Oyster Bay"
"5536","Breaks",3731704,12,"Oyster Bay"
"5537","Breaks",3731705,12,"Oyster Bay"
"5538","Breaks",3731709,12,"Oyster Bay"
"5539","Breaks",3731710,13,"Hakana Bay"
"5540","Breaks",3731712,12,"Oyster Bay"
"5541","Breaks",3731714,17,"Kaiuma Bay"
"5542","Breaks",3731717,12,"Oyster Bay"
"5543","Breaks",3731721,12,"Oyster Bay"
"5544","Breaks",3731722,12,"Oyster Bay"
"5545","Breaks",3731726,12,"Oyster Bay"
"5546","Breaks",3731732,12,"Oyster Bay"
"5547","Breaks",3731733,12,"Oyster Bay"
"5548","Breaks",3731734,12,"Oyster Bay"
"5549","Breaks",3731739,12,"Oyster Bay"
"5550","Breaks",3731742,12,"Oyster Bay"
"5551","Breaks",3731743,17,"Kaiuma Bay"
"5552","Breaks",3731746,12,"Oyster Bay"
"5553","Breaks",3731749,12,"Oyster Bay"
"5554","Breaks",3731750,12,"Oyster Bay"
"5555","Breaks",3731752,12,"Oyster Bay"
"5556","Breaks",3731759,12,"Oyster Bay"
"5557","Breaks",3731760,12,"Oyster Bay"
"5558","Breaks",3731765,12,"Oyster Bay"
"5559","Breaks",3731773,12,"Oyster Bay"
"5560","Breaks",3731774,12,"Oyster Bay"
"5561","Breaks",3731776,12,"Oyster Bay"
"5562","Breaks",3731778,12,"Oyster Bay"
"5563","Breaks",3731780,12,"Oyster Bay"
"5564","Breaks",3731782,12,"Oyster Bay"
"5565","Breaks",3731783,12,"Oyster Bay"
"5566","Breaks",3731784,12,"Oyster Bay"
"5567","Breaks",3731786,12,"Oyster Bay"
"5568","Breaks",3731787,12,"Oyster Bay"
"5569","Breaks",3731788,12,"Oyster Bay"
"5570","Breaks",3731790,12,"Oyster Bay"
"5571","Breaks",3731793,12,"Oyster Bay"
"5572","Breaks",3731798,12,"Oyster Bay"
"5573","Breaks",3731803,12,"Oyster Bay"
"5574","Breaks",3731804,12,"Oyster Bay"
"5575","Breaks",3731805,12,"Oyster Bay"
"5576","Breaks",3731806,12,"Oyster Bay"
"5577","Breaks",3731810,12,"Oyster Bay"
"5578","Breaks",3731811,12,"Oyster Bay"
"5579","Breaks",3731812,12,"Oyster Bay"
"5580","Breaks",3731813,12,"Oyster Bay"
"5581","Breaks",3731816,12,"Oyster Bay"
"5582","Breaks",3731820,12,"Oyster Bay"
"5583","Breaks",3731822,12,"Oyster Bay"
"5584","Breaks",3731823,12,"Oyster Bay"
"5585","Breaks",3731825,12,"Oyster Bay"
"5586","Breaks",3731826,12,"Oyster Bay"
"5587","Breaks",3731830,12,"Oyster Bay"
"5588","Breaks",3731840,12,"Oyster Bay"
"5589","Breaks",3731841,12,"Oyster Bay"
"5590","Breaks",3731842,9,"Ngakuta Bay"
"5591","Breaks",3731844,12,"Oyster Bay"
"5592","Breaks",3731846,29,"Waitaria Bay"
"5593","Breaks",3731848,12,"Oyster Bay"
"5594","Breaks",3731853,12,"Oyster Bay"
"5595","Breaks",3731855,12,"Oyster Bay"
"5596","Breaks",3731868,18,"Moetapu Bay Jetty"
"5597","Breaks",3731872,12,"Oyster Bay"
"5598","Breaks",3731873,12,"Oyster Bay"
"5599","Breaks",3731878,18,"Moetapu Bay Jetty"
"5600","Breaks",3731880,12,"Oyster Bay"
"5601","Breaks",3731885,30,"St. Omer Barge Ramp"
"5602","Breaks",3731889,30,"St. Omer Barge Ramp"
"5603","Breaks",3731890,30,"St. Omer Barge Ramp"
"5604","Breaks",3731891,12,"Oyster Bay"
"5605","Breaks",3731892,19,"Double Bay Boat Ramp"
"5606","Breaks",3731893,8,"Momorangi Bay"
"5607","Breaks",3731898,9,"Ngakuta Bay"
"5608","Breaks",3731908,12,"Oyster Bay"
"5609","Breaks",3731913,12,"Oyster Bay"
"5610","Breaks",3731917,12,"Oyster Bay"
"5611","Breaks",3731919,12,"Oyster Bay"
"5612","Breaks",3731921,9,"Ngakuta Bay"
"5613","Breaks",3731922,7,"Grove Point/Arm Jetty"
"5614","Breaks",3731924,12,"Oyster Bay"
"5615","Breaks",3731925,17,"Kaiuma Bay"
"5616","Breaks",3731926,12,"Oyster Bay"
"5617","Breaks",3731927,12,"Oyster Bay"
"5618","Breaks",3731931,12,"Oyster Bay"
"5619","Breaks",3731935,12,"Oyster Bay"
"5620","Breaks",3731939,12,"Oyster Bay"
"5621","Breaks",3731940,12,"Oyster Bay"
"5622","Breaks",3731942,30,"St. Omer Barge Ramp"
"5623","Breaks",3731943,12,"Oyster Bay"
"5624","Breaks",3731947,12,"Oyster Bay"
"5625","Breaks",3731949,17,"Kaiuma Bay"
"5626","Breaks",3731951,12,"Oyster Bay"
"5627","Breaks",3731953,33,"Penzance Bay"
"5628","Breaks",3731957,12,"Oyster Bay"
"5629","Breaks",3731959,18,"Moetapu Bay Jetty"
"5630","Breaks",3731960,12,"Oyster Bay"
"5631","Breaks",3731961,12,"Oyster Bay"
"5632","Breaks",3731963,9,"Ngakuta Bay"
"5633","Breaks",3731964,12,"Oyster Bay"
"5634","Breaks",3731965,21,"Willow Bay"
"5635","Breaks",3731966,12,"Oyster Bay"
"5636","Breaks",3731967,12,"Oyster Bay"
"5637","Breaks",3731969,17,"Kaiuma Bay"
"5638","Breaks",3731970,12,"Oyster Bay"
"5639","Breaks",3731975,12,"Oyster Bay"
"5640","Breaks",3731976,12,"Oyster Bay"
"5641","Breaks",3731978,12,"Oyster Bay"
"5642","Breaks",3731979,12,"Oyster Bay"
"5643","Breaks",3731980,12,"Oyster Bay"
"5644","Breaks",3731983,12,"Oyster Bay"
"5645","Breaks",3731987,12,"Oyster Bay"
"5646","Breaks",3731988,12,"Oyster Bay"
"5647","Breaks",3731992,12,"Oyster Bay"
"5648","Breaks",3731995,12,"Oyster Bay"
"5649","Breaks",3731998,12,"Oyster Bay"
"5650","Breaks",3731999,12,"Oyster Bay"
"5651","Breaks",3732000,12,"Oyster Bay"
"5652","Breaks",3732001,12,"Oyster Bay"
"5653","Breaks",3732002,12,"Oyster Bay"
"5654","Breaks",3732003,12,"Oyster Bay"
"5655","Breaks",3732007,33,"Penzance Bay"
"5656","Breaks",3732009,12,"Oyster Bay"
"5657","Breaks",3732012,11,"Punga Cove"
"5658","Breaks",3732014,9,"Ngakuta Bay"
"5659","Breaks",3732015,12,"Oyster Bay"
"5660","Breaks",3732018,33,"Penzance Bay"
"5661","Breaks",3732021,12,"Oyster Bay"
"5662","Breaks",3732023,12,"Oyster Bay"
"5663","Breaks",3732025,31,"Double Bay"
"5664","Breaks",3732026,12,"Oyster Bay"
"5665","Breaks",3732027,9,"Ngakuta Bay"
"5666","Breaks",3732028,12,"Oyster Bay"
"5667","Breaks",3732030,12,"Oyster Bay"
"5668","Breaks",3732033,12,"Oyster Bay"
"5669","Breaks",3732035,12,"Oyster Bay"
"5670","Breaks",3732037,12,"Oyster Bay"
"5671","Breaks",3732043,12,"Oyster Bay"
"5672","Breaks",3732045,12,"Oyster Bay"
"5673","Breaks",3732047,17,"Kaiuma Bay"
"5674","Breaks",3732052,17,"Kaiuma Bay"
"5675","Breaks",3732055,12,"Oyster Bay"
"5676","Breaks",3732057,12,"Oyster Bay"
"5677","Breaks",3732068,12,"Oyster Bay"
"5678","Breaks",3732074,12,"Oyster Bay"
"5679","Breaks",3732075,12,"Oyster Bay"
"5680","Breaks",3732078,32,"Duncan Bay"
"5681","Breaks",3732087,10,"Waterfall Bay"
"5682","Breaks",3732088,17,"Kaiuma Bay"
"5683","Breaks",3732089,7,"Grove Point/Arm Jetty"
"5684","Breaks",3732095,30,"St. Omer Barge Ramp"
"5685","Breaks",3732099,12,"Oyster Bay"
"5686","Breaks",3732105,12,"Oyster Bay"
"5687","Breaks",3732115,12,"Oyster Bay"
"5688","Breaks",3732125,7,"Grove Point/Arm Jetty"
"5689","Breaks",3732126,17,"Kaiuma Bay"
"5690","Breaks",3732129,17,"Kaiuma Bay"
"5691","Breaks",3732132,12,"Oyster Bay"
"5692","Breaks",3732133,7,"Grove Point/Arm Jetty"
"5693","Breaks",3732135,17,"Kaiuma Bay"
"5694","Breaks",3732138,17,"Kaiuma Bay"
"5695","Breaks",3732139,12,"Oyster Bay"
"5696","Breaks",3732143,23,"Te Mahia"
"5697","Breaks",3732146,27,"Sandy Bay"
"5698","Breaks",3732152,31,"Double Bay"
"5699","Breaks",3732166,12,"Oyster Bay"
"5700","Breaks",3732168,17,"Kaiuma Bay"
"5701","Breaks",3732171,17,"Kaiuma Bay"
"5702","Breaks",3732172,17,"Kaiuma Bay"
"5703","Breaks",3732173,17,"Kaiuma Bay"
"5704","Breaks",3732177,26,"Nikau Cove Doc Camp"
"5705","Breaks",3732179,17,"Kaiuma Bay"
"5706","Breaks",3732181,12,"Oyster Bay"
"5707","Breaks",3732184,17,"Kaiuma Bay"
"5708","Breaks",3732186,17,"Kaiuma Bay"
"5709","Breaks",3732193,12,"Oyster Bay"
"5710","Breaks",3732199,17,"Kaiuma Bay"
"5711","Breaks",3732200,30,"St. Omer Barge Ramp"
"5712","Breaks",3732201,17,"Kaiuma Bay"
"5713","Breaks",3732202,12,"Oyster Bay"
"5714","Breaks",3732213,12,"Oyster Bay"
"5715","Breaks",3732216,21,"Willow Bay"
"5716","Breaks",3732229,12,"Oyster Bay"
"5717","Breaks",3732230,12,"Oyster Bay"
"5718","Breaks",3732232,17,"Kaiuma Bay"
"5719","Breaks",3732240,30,"St. Omer Barge Ramp"
"5720","Breaks",3732242,27,"Sandy Bay"
"5721","Breaks",3732243,17,"Kaiuma Bay"
"5722","Breaks",3732245,12,"Oyster Bay"
"5723","Breaks",3732249,31,"Double Bay"
"5724","Breaks",3732250,31,"Double Bay"
"5725","Breaks",3732259,12,"Oyster Bay"
"5726","Breaks",3732265,17,"Kaiuma Bay"
"5727","Breaks",3732266,19,"Double Bay Boat Ramp"
"5728","Breaks",3732271,30,"St. Omer Barge Ramp"
"5729","Breaks",3732276,31,"Double Bay"
"5730","Breaks",3732278,6,"Anakiwa"
"5731","Breaks",3732282,30,"St. Omer Barge Ramp"
"5732","Breaks",3732285,27,"Sandy Bay"
"5733","Breaks",3732289,30,"St. Omer Barge Ramp"
"5734","Breaks",3732292,30,"St. Omer Barge Ramp"
"5735","Breaks",3732298,12,"Oyster Bay"
"5736","Breaks",3732302,17,"Kaiuma Bay"
"5737","Breaks",3732303,29,"Waitaria Bay"
"5738","Breaks",3732304,11,"Punga Cove"
"5739","Breaks",3732312,40,"Titirangi Bay"
"5740","Breaks",3732313,12,"Oyster Bay"
"5741","Breaks",3732315,12,"Oyster Bay"
"5742","Breaks",3732322,12,"Oyster Bay"
"5743","Breaks",3732329,30,"St. Omer Barge Ramp"
"5744","Breaks",3732343,13,"Hakana Bay"
"5745","Breaks",3732348,12,"Oyster Bay"
"5746","Breaks",3732350,12,"Oyster Bay"
"5747","Breaks",3732374,12,"Oyster Bay"
"5748","Breaks",3732393,6,"Anakiwa"
"5749","Breaks",3732395,27,"Sandy Bay"
"5750","Breaks",3732405,12,"Oyster Bay"
"5751","Breaks",3732421,12,"Oyster Bay"
"5752","Breaks",3732429,13,"Hakana Bay"
"5753","Breaks",3732430,6,"Anakiwa"
"5754","Breaks",3732436,12,"Oyster Bay"
"5755","Breaks",3732439,27,"Sandy Bay"
"5756","Breaks",3732441,12,"Oyster Bay"
"5757","Breaks",3732445,31,"Double Bay"
"5758","Breaks",3732451,27,"Sandy Bay"
"5759","Breaks",3732454,27,"Sandy Bay"
"5760","Breaks",3732459,27,"Sandy Bay"
"5761","Breaks",3732461,12,"Oyster Bay"
"5762","Breaks",3732462,27,"Sandy Bay"
"5763","Breaks",3732463,26,"Nikau Cove Doc Camp"
"5764","Breaks",3732464,27,"Sandy Bay"
"5765","Breaks",3732471,27,"Sandy Bay"
"5766","Breaks",3732474,32,"Duncan Bay"
"5767","Breaks",3732476,12,"Oyster Bay"
"5768","Breaks",3732481,12,"Oyster Bay"
"5769","Breaks",3732482,17,"Kaiuma Bay"
"5770","Breaks",3732483,28,"Fish Bay Ramp"
"5771","Breaks",3732488,29,"Waitaria Bay"
"5772","Breaks",3732489,17,"Kaiuma Bay"
"5773","Breaks",3732494,24,"Tara Bay"
"5774","Breaks",3732495,12,"Oyster Bay"
"5775","Breaks",3732497,12,"Oyster Bay"
"5776","Breaks",3732498,12,"Oyster Bay"
"5777","Breaks",3732501,12,"Oyster Bay"
"5778","Breaks",3732509,12,"Oyster Bay"
"5779","Breaks",3732519,17,"Kaiuma Bay"
"5780","Breaks",3732520,12,"Oyster Bay"
"5781","Breaks",3732523,10,"Waterfall Bay"
"5782","Breaks",3732526,12,"Oyster Bay"
"5783","Breaks",3732540,9,"Ngakuta Bay"
"5784","Breaks",3732542,12,"Oyster Bay"
"5785","Breaks",3732547,14,"Elaine Bay"
"5786","Breaks",3732551,27,"Sandy Bay"
"5787","Breaks",3732560,27,"Sandy Bay"
"5788","Breaks",3732564,17,"Kaiuma Bay"
"5789","Breaks",3732575,12,"Oyster Bay"
"5790","Breaks",3732576,13,"Hakana Bay"
"5791","Breaks",3732577,18,"Moetapu Bay Jetty"
"5792","Breaks",3732579,15,"Portage Bay"
"5793","Breaks",3732591,12,"Oyster Bay"
"5794","Breaks",3732593,12,"Oyster Bay"
"5795","Breaks",3732597,6,"Anakiwa"
"5796","Breaks",3732599,11,"Punga Cove"
"5797","Breaks",3732600,12,"Oyster Bay"
"5798","Breaks",3732604,12,"Oyster Bay"
"5799","Breaks",3732606,10,"Waterfall Bay"
"5800","Breaks",3732608,12,"Oyster Bay"
"5801","Breaks",3732610,17,"Kaiuma Bay"
"5802","Breaks",3732611,12,"Oyster Bay"
"5803","Breaks",3732612,12,"Oyster Bay"
"5804","Breaks",3732614,11,"Punga Cove"
"5805","Breaks",3732621,11,"Punga Cove"
"5806","Breaks",3732623,12,"Oyster Bay"
"5807","Breaks",3732627,12,"Oyster Bay"
"5808","Breaks",3732629,12,"Oyster Bay"
"5809","Breaks",3732630,12,"Oyster Bay"
"5810","Breaks",3732636,12,"Oyster Bay"
"5811","Breaks",3732637,12,"Oyster Bay"
"5812","Breaks",3732639,12,"Oyster Bay"
"5813","Breaks",3732640,12,"Oyster Bay"
"5814","Breaks",3732647,12,"Oyster Bay"
"5815","Breaks",3732648,12,"Oyster Bay"
"5816","Breaks",3732652,12,"Oyster Bay"
"5817","Breaks",3732653,17,"Kaiuma Bay"
"5818","Breaks",3732657,12,"Oyster Bay"
"5819","Breaks",3732661,11,"Punga Cove"
"5820","Breaks",3732662,17,"Kaiuma Bay"
"5821","Breaks",3732666,17,"Kaiuma Bay"
"5822","Breaks",3732668,40,"Titirangi Bay"
"5823","Breaks",3732678,12,"Oyster Bay"
"5824","Breaks",3732679,7,"Grove Point/Arm Jetty"
"5825","Breaks",3732680,7,"Grove Point/Arm Jetty"
"5826","Breaks",3732684,27,"Sandy Bay"
"5827","Breaks",3732689,11,"Punga Cove"
"5828","Breaks",3732698,12,"Oyster Bay"
"5829","Breaks",3732699,17,"Kaiuma Bay"
"5830","Breaks",3732701,15,"Portage Bay"
"5831","Breaks",3732709,12,"Oyster Bay"
"5832","Breaks",3732710,12,"Oyster Bay"
"5833","Breaks",3732715,12,"Oyster Bay"
"5834","Breaks",3732729,30,"St. Omer Barge Ramp"
"5835","Breaks",3732735,12,"Oyster Bay"
"5836","Breaks",3732736,12,"Oyster Bay"
"5837","Breaks",3732739,12,"Oyster Bay"
"5838","Breaks",3732740,12,"Oyster Bay"
"5839","Breaks",3732743,30,"St. Omer Barge Ramp"
"5840","Breaks",3732748,12,"Oyster Bay"
"5841","Breaks",3732754,12,"Oyster Bay"
"5842","Breaks",3732755,12,"Oyster Bay"
"5843","Breaks",3732769,12,"Oyster Bay"
"5844","Breaks",3732784,11,"Punga Cove"
"5845","Breaks",3732794,12,"Oyster Bay"
"5846","Breaks",3732800,11,"Punga Cove"
"5847","Breaks",3732805,12,"Oyster Bay"
"5848","Breaks",3732806,11,"Punga Cove"
"5849","Breaks",3732811,12,"Oyster Bay"
"5850","Breaks",3732826,17,"Kaiuma Bay"
"5851","Breaks",3732833,12,"Oyster Bay"
"5852","Breaks",3732836,17,"Kaiuma Bay"
"5853","Breaks",3732839,12,"Oyster Bay"
"5854","Breaks",3732843,12,"Oyster Bay"
"5855","Breaks",3732845,11,"Punga Cove"
"5856","Breaks",3732848,12,"Oyster Bay"
"5857","Breaks",3732849,11,"Punga Cove"
"5858","Breaks",3732851,12,"Oyster Bay"
"5859","Breaks",3732852,12,"Oyster Bay"
"5860","Breaks",3732855,12,"Oyster Bay"
"5861","Breaks",3732873,12,"Oyster Bay"
"5862","Breaks",3732878,13,"Hakana Bay"
"5863","Breaks",3732879,12,"Oyster Bay"
"5864","Breaks",3732886,9,"Ngakuta Bay"
"5865","Breaks",3732887,9,"Ngakuta Bay"
"5866","Breaks",3732905,12,"Oyster Bay"
"5867","Breaks",3732919,17,"Kaiuma Bay"
"5868","Breaks",3732922,12,"Oyster Bay"
"5869","Breaks",3732926,21,"Willow Bay"
"5870","Breaks",3732939,17,"Kaiuma Bay"
"5871","Breaks",3732948,17,"Kaiuma Bay"
"5872","Breaks",3732952,17,"Kaiuma Bay"
"5873","Breaks",3732956,33,"Penzance Bay"
"5874","Breaks",3732962,12,"Oyster Bay"
"5875","Breaks",3732964,8,"Momorangi Bay"
"5876","Breaks",3732965,12,"Oyster Bay"
"5877","Breaks",3732979,23,"Te Mahia"
"5878","Breaks",3732992,12,"Oyster Bay"
"5879","Breaks",3732994,7,"Grove Point/Arm Jetty"
"5880","Breaks",3733008,11,"Punga Cove"
"5881","Breaks",3733016,12,"Oyster Bay"
"5882","Breaks",3733020,12,"Oyster Bay"
"5883","Breaks",3733021,10,"Waterfall Bay"
"5884","Breaks",3733022,12,"Oyster Bay"
"5885","Breaks",3733027,12,"Oyster Bay"
"5886","Breaks",3733047,12,"Oyster Bay"
"5887","Breaks",3733053,12,"Oyster Bay"
"5888","Breaks",3733064,7,"Grove Point/Arm Jetty"
"5889","Breaks",3733065,27,"Sandy Bay"
"5890","Breaks",3733073,7,"Grove Point/Arm Jetty"
"5891","Breaks",3733074,12,"Oyster Bay"
"5892","Breaks",3733090,17,"Kaiuma Bay"
"5893","Breaks",3733093,12,"Oyster Bay"
"5894","Breaks",3733101,12,"Oyster Bay"
"5895","Breaks",3733110,12,"Oyster Bay"
"5896","Breaks",3733119,27,"Sandy Bay"
"5897","Breaks",3733120,12,"Oyster Bay"
"5898","Breaks",3733129,12,"Oyster Bay"
"5899","Breaks",3733160,27,"Sandy Bay"
"5900","Breaks",3733172,12,"Oyster Bay"
"5901","Breaks",3733180,12,"Oyster Bay"
"5902","Breaks",3733191,27,"Sandy Bay"
"5903","Breaks",3733192,12,"Oyster Bay"
"5904","Breaks",3733193,12,"Oyster Bay"
"5905","Breaks",3733211,27,"Sandy Bay"
"5906","Breaks",3733220,11,"Punga Cove"
"5907","Breaks",3733235,8,"Momorangi Bay"
"5908","Breaks",3733244,12,"Oyster Bay"
"5909","Breaks",3733246,7,"Grove Point/Arm Jetty"
"5910","Breaks",3733249,7,"Grove Point/Arm Jetty"
"5911","Breaks",3733256,12,"Oyster Bay"
"5912","Breaks",3733262,27,"Sandy Bay"
"5913","Breaks",3733263,12,"Oyster Bay"
"5914","Breaks",3733293,12,"Oyster Bay"
"5915","Breaks",3733296,12,"Oyster Bay"
"5916","Breaks",3733299,14,"Elaine Bay"
"5917","Breaks",3733323,13,"Hakana Bay"
"5918","Breaks",3733330,12,"Oyster Bay"
"5919","Breaks",3733340,17,"Kaiuma Bay"
"5920","Breaks",3733367,17,"Kaiuma Bay"
"5921","Breaks",3733370,12,"Oyster Bay"
"5922","Breaks",3733383,17,"Kaiuma Bay"
"5923","Breaks",3733384,33,"Penzance Bay"
"5924","Breaks",3733406,12,"Oyster Bay"
"5925","Breaks",3733414,17,"Kaiuma Bay"
"5926","Breaks",3733428,17,"Kaiuma Bay"
"5927","Breaks",3733437,12,"Oyster Bay"
"5928","Breaks",3733445,12,"Oyster Bay"
"5929","Breaks",3733446,12,"Oyster Bay"
"5930","Breaks",3733454,13,"Hakana Bay"
"5931","Breaks",3733470,12,"Oyster Bay"
"5932","Breaks",3733474,12,"Oyster Bay"
"5933","Breaks",3733475,12,"Oyster Bay"
"5934","Breaks",3733476,12,"Oyster Bay"
"5935","Breaks",3733480,12,"Oyster Bay"
"5936","Breaks",3733484,12,"Oyster Bay"
"5937","Breaks",3733493,12,"Oyster Bay"
"5938","Breaks",3733497,12,"Oyster Bay"
"5939","Breaks",3733498,12,"Oyster Bay"
"5940","Breaks",3733499,12,"Oyster Bay"
"5941","Breaks",3733512,12,"Oyster Bay"
"5942","Breaks",3733513,12,"Oyster Bay"
"5943","Breaks",3733514,12,"Oyster Bay"
"5944","Breaks",3733517,12,"Oyster Bay"
"5945","Breaks",3733519,12,"Oyster Bay"
"5946","Breaks",3733520,12,"Oyster Bay"
"5947","Breaks",3733521,12,"Oyster Bay"
"5948","Breaks",3733523,12,"Oyster Bay"
"5949","Breaks",3733538,12,"Oyster Bay"
"5950","Breaks",3733556,12,"Oyster Bay"
"5951","Breaks",3733561,12,"Oyster Bay"
"5952","Breaks",3733568,12,"Oyster Bay"
"5953","Breaks",3733572,12,"Oyster Bay"
"5954","Breaks",3733573,12,"Oyster Bay"
"5955","Breaks",3733577,12,"Oyster Bay"
"5956","Breaks",3733578,7,"Grove Point/Arm Jetty"
"5957","Breaks",3733582,11,"Punga Cove"
"5958","Breaks",3733592,12,"Oyster Bay"
"5959","Breaks",3733602,12,"Oyster Bay"
"5960","Breaks",3733608,12,"Oyster Bay"
"5961","Breaks",3733630,17,"Kaiuma Bay"
"5962","Breaks",3733635,12,"Oyster Bay"
"5963","Breaks",3733645,12,"Oyster Bay"
"5964","Breaks",3733646,12,"Oyster Bay"
"5965","Breaks",3733647,12,"Oyster Bay"
"5966","Breaks",3733649,12,"Oyster Bay"
"5967","Breaks",3733650,12,"Oyster Bay"
"5968","Breaks",3733653,18,"Moetapu Bay Jetty"
"5969","Breaks",3733655,12,"Oyster Bay"
"5970","Breaks",3733658,12,"Oyster Bay"
"5971","Breaks",3733661,12,"Oyster Bay"
"5972","Breaks",3733671,12,"Oyster Bay"
"5973","Breaks",3733694,17,"Kaiuma Bay"
"5974","Breaks",3733697,17,"Kaiuma Bay"
"5975","Breaks",3733698,17,"Kaiuma Bay"
"5976","Breaks",3733713,12,"Oyster Bay"
"5977","Breaks",3733723,17,"Kaiuma Bay"
"5978","Breaks",3733725,7,"Grove Point/Arm Jetty"
"5979","Breaks",3733728,12,"Oyster Bay"
"5980","Breaks",3733731,12,"Oyster Bay"
"5981","Breaks",3733751,17,"Kaiuma Bay"
"5982","Breaks",3733752,17,"Kaiuma Bay"
"5983","Breaks",3733754,12,"Oyster Bay"
"5984","Breaks",3733767,7,"Grove Point/Arm Jetty"
"5985","Breaks",3733768,7,"Grove Point/Arm Jetty"
"5986","Breaks",3733769,7,"Grove Point/Arm Jetty"
"5987","Breaks",3733770,7,"Grove Point/Arm Jetty"
"5988","Breaks",3733772,9,"Ngakuta Bay"
"5989","Breaks",3733774,17,"Kaiuma Bay"
"5990","Breaks",3733776,17,"Kaiuma Bay"
"5991","Breaks",3733778,30,"St. Omer Barge Ramp"
"5992","Breaks",3733779,31,"Double Bay"
"5993","Breaks",3733780,7,"Grove Point/Arm Jetty"
"5994","Breaks",3733781,7,"Grove Point/Arm Jetty"
"5995","Breaks",3733782,27,"Sandy Bay"
"5996","Breaks",3733788,15,"Portage Bay"
"5997","Breaks",3733789,12,"Oyster Bay"
"5998","Breaks",3733808,27,"Sandy Bay"
"5999","Breaks",3733809,19,"Double Bay Boat Ramp"
"6000","Breaks",3733812,12,"Oyster Bay"
"6001","Breaks",3733816,12,"Oyster Bay"
"6002","Breaks",3733818,12,"Oyster Bay"
"6003","Breaks",3733819,12,"Oyster Bay"
"6004","Breaks",3733822,12,"Oyster Bay"
"6005","Breaks",3733823,12,"Oyster Bay"
"6006","Breaks",3733827,12,"Oyster Bay"
"6007","Breaks",3733828,12,"Oyster Bay"
"6008","Breaks",3733830,12,"Oyster Bay"
"6009","Breaks",3733831,17,"Kaiuma Bay"
"6010","Breaks",3733832,31,"Double Bay"
"6011","Breaks",3733834,12,"Oyster Bay"
"6012","Breaks",3733835,12,"Oyster Bay"
"6013","Breaks",3733836,12,"Oyster Bay"
"6014","Breaks",3733849,26,"Nikau Cove Doc Camp"
"6015","Breaks",3733861,17,"Kaiuma Bay"
"6016","Breaks",3733863,17,"Kaiuma Bay"
"6017","Breaks",3733870,12,"Oyster Bay"
"6018","Breaks",3733880,33,"Penzance Bay"
"6019","Breaks",3733902,19,"Double Bay Boat Ramp"
"6020","Breaks",3733905,33,"Penzance Bay"
"6021","Breaks",3733912,12,"Oyster Bay"
"6022","Breaks",3733920,30,"St. Omer Barge Ramp"
"6023","Breaks",3733921,26,"Nikau Cove Doc Camp"
"6024","Breaks",3733930,12,"Oyster Bay"
"6025","Breaks",3733937,40,"Titirangi Bay"
"6026","Breaks",3733939,12,"Oyster Bay"
"6027","Breaks",3733940,12,"Oyster Bay"
"6028","Breaks",3733946,8,"Momorangi Bay"
"6029","Breaks",3733947,12,"Oyster Bay"
"6030","Breaks",3733949,12,"Oyster Bay"
"6031","Breaks",3733950,9,"Ngakuta Bay"
"6032","Breaks",3733952,12,"Oyster Bay"
"6033","Breaks",3733954,12,"Oyster Bay"
"6034","Breaks",3733956,12,"Oyster Bay"
"6035","Breaks",3733959,9,"Ngakuta Bay"
"6036","Breaks",3733961,12,"Oyster Bay"
"6037","Breaks",3733963,13,"Hakana Bay"
"6038","Breaks",3733965,12,"Oyster Bay"
"6039","Breaks",3733968,12,"Oyster Bay"
"6040","Breaks",3733970,12,"Oyster Bay"
"6041","Breaks",3733977,12,"Oyster Bay"
"6042","Breaks",3733981,12,"Oyster Bay"
"6043","Breaks",3733994,17,"Kaiuma Bay"
"6044","Breaks",3734014,27,"Sandy Bay"
"6045","Breaks",3734016,17,"Kaiuma Bay"
"6046","Breaks",3734020,12,"Oyster Bay"
"6047","Breaks",3734028,17,"Kaiuma Bay"
"6048","Breaks",3734038,12,"Oyster Bay"
"6049","Breaks",3734044,29,"Waitaria Bay"
"6050","Breaks",3734059,12,"Oyster Bay"
"6051","Breaks",3734065,12,"Oyster Bay"
"6052","Breaks",3734068,12,"Oyster Bay"
"6053","Breaks",3734070,12,"Oyster Bay"
"6054","Breaks",3734073,12,"Oyster Bay"
"6055","Breaks",3734109,12,"Oyster Bay"
"6056","Breaks",3734148,12,"Oyster Bay"
"6057","Breaks",3734155,13,"Hakana Bay"
"6058","Breaks",3734163,11,"Punga Cove"
"6059","Breaks",3734167,27,"Sandy Bay"
"6060","Breaks",3734190,12,"Oyster Bay"
"6061","Breaks",3734192,18,"Moetapu Bay Jetty"
"6062","Breaks",3734222,11,"Punga Cove"
"6063","Breaks",3734226,18,"Moetapu Bay Jetty"
"6064","Breaks",3734235,17,"Kaiuma Bay"
"6065","Breaks",3734236,17,"Kaiuma Bay"
"6066","Breaks",3734237,17,"Kaiuma Bay"
"6067","Breaks",3734258,21,"Willow Bay"
"6068","Breaks",3734269,11,"Punga Cove"
"6069","Breaks",3734270,6,"Anakiwa"
"6070","Breaks",3734284,8,"Momorangi Bay"
"6071","Breaks",3734285,11,"Punga Cove"
"6072","Breaks",3734294,8,"Momorangi Bay"
"6073","Breaks",3734301,17,"Kaiuma Bay"
"6074","Breaks",3734302,17,"Kaiuma Bay"
"6075","Breaks",3734303,17,"Kaiuma Bay"
"6076","Breaks",3734304,17,"Kaiuma Bay"
"6077","Breaks",3734306,17,"Kaiuma Bay"
"6078","Breaks",3734307,17,"Kaiuma Bay"
"6079","Breaks",3734312,17,"Kaiuma Bay"
"6080","Breaks",3734314,17,"Kaiuma Bay"
"6081","Breaks",3734315,17,"Kaiuma Bay"
"6082","Breaks",3734316,17,"Kaiuma Bay"
"6083","Breaks",3734317,17,"Kaiuma Bay"
"6084","Breaks",3734318,17,"Kaiuma Bay"
"6085","Breaks",3734319,17,"Kaiuma Bay"
"6086","Breaks",3734324,29,"Waitaria Bay"
"6087","Breaks",3734326,17,"Kaiuma Bay"
"6088","Breaks",3734335,17,"Kaiuma Bay"
"6089","Breaks",3734341,10,"Waterfall Bay"
"6090","Breaks",3734354,12,"Oyster Bay"
"6091","Breaks",3734356,8,"Momorangi Bay"
"6092","Breaks",3734357,17,"Kaiuma Bay"
"6093","Breaks",3734365,26,"Nikau Cove Doc Camp"
"6094","Breaks",3734371,12,"Oyster Bay"
"6095","Breaks",3734373,27,"Sandy Bay"
"6096","Breaks",3734376,12,"Oyster Bay"
"6097","Breaks",3734377,12,"Oyster Bay"
"6098","Breaks",3734385,12,"Oyster Bay"
"6099","Breaks",3734389,12,"Oyster Bay"
"6100","Breaks",3734395,12,"Oyster Bay"
"6101","Breaks",3734399,17,"Kaiuma Bay"
"6102","Breaks",3734405,12,"Oyster Bay"
"6103","Breaks",3734410,12,"Oyster Bay"
"6104","Breaks",3734415,12,"Oyster Bay"
"6105","Breaks",3734432,17,"Kaiuma Bay"
"6106","Breaks",3734449,17,"Kaiuma Bay"
"6107","Breaks",3734451,17,"Kaiuma Bay"
"6108","Breaks",3734452,17,"Kaiuma Bay"
"6109","Breaks",3734464,17,"Kaiuma Bay"
"6110","Breaks",3734482,12,"Oyster Bay"
"6111","Breaks",3734483,33,"Penzance Bay"
"6112","Breaks",3734487,12,"Oyster Bay"
"6113","Breaks",3734503,17,"Kaiuma Bay"
"6114","Breaks",3734504,12,"Oyster Bay"
"6115","Breaks",3734508,27,"Sandy Bay"
"6116","Breaks",3734510,7,"Grove Point/Arm Jetty"
"6117","Breaks",3734511,7,"Grove Point/Arm Jetty"
"6118","Breaks",3734515,7,"Grove Point/Arm Jetty"
"6119","Breaks",3734522,8,"Momorangi Bay"
"6120","Breaks",3734528,17,"Kaiuma Bay"
"6121","Breaks",3734542,27,"Sandy Bay"
"6122","Breaks",3734565,12,"Oyster Bay"
"6123","Breaks",3734575,27,"Sandy Bay"
"6124","Breaks",3734591,13,"Hakana Bay"
"6125","Breaks",3734595,24,"Tara Bay"
"6126","Breaks",3734601,33,"Penzance Bay"
"6127","Breaks",3734609,33,"Penzance Bay"
"6128","Breaks",3734644,12,"Oyster Bay"
"6129","Breaks",3734658,27,"Sandy Bay"
"6130","Breaks",3734661,12,"Oyster Bay"
"6131","Breaks",3734672,33,"Penzance Bay"
"6132","Breaks",3734680,13,"Hakana Bay"
"6133","Breaks",3734682,32,"Duncan Bay"
"6134","Breaks",3734686,12,"Oyster Bay"
"6135","Breaks",3734699,12,"Oyster Bay"
"6136","Breaks",3734722,8,"Momorangi Bay"
"6137","Breaks",3734731,12,"Oyster Bay"
"6138","Breaks",3734756,12,"Oyster Bay"
"6139","Breaks",3734758,8,"Momorangi Bay"
"6140","Breaks",3734760,12,"Oyster Bay"
"6141","Breaks",3734764,7,"Grove Point/Arm Jetty"
"6142","Breaks",3734784,11,"Punga Cove"
"6143","Breaks",3734796,12,"Oyster Bay"
"6144","Breaks",3734798,12,"Oyster Bay"
"6145","Breaks",3734801,12,"Oyster Bay"
"6146","Breaks",3734803,12,"Oyster Bay"
"6147","Breaks",3734807,9,"Ngakuta Bay"
"6148","Breaks",3734808,12,"Oyster Bay"
"6149","Breaks",3734809,12,"Oyster Bay"
"6150","Breaks",3734810,12,"Oyster Bay"
"6151","Breaks",3734811,19,"Double Bay Boat Ramp"
"6152","Breaks",3734812,12,"Oyster Bay"
"6153","Breaks",3734813,12,"Oyster Bay"
"6154","Breaks",3734815,12,"Oyster Bay"
"6155","Breaks",3734816,12,"Oyster Bay"
"6156","Breaks",3734830,26,"Nikau Cove Doc Camp"
"6157","Breaks",3734832,32,"Duncan Bay"
"6158","Breaks",3734841,9,"Ngakuta Bay"
"6159","Breaks",3734842,26,"Nikau Cove Doc Camp"
"6160","Breaks",3734847,29,"Waitaria Bay"
"6161","Breaks",3734850,21,"Willow Bay"
"6162","Breaks",3734852,32,"Duncan Bay"
"6163","Breaks",3734863,12,"Oyster Bay"
"6164","Breaks",3734867,30,"St. Omer Barge Ramp"
"6165","Breaks",3734878,12,"Oyster Bay"
"6166","Breaks",3734888,9,"Ngakuta Bay"
"6167","Breaks",3734895,27,"Sandy Bay"
"6168","Breaks",3734896,20,"Ohingaroa Bay"
"6169","Breaks",3734904,10,"Waterfall Bay"
"6170","Breaks",3734911,12,"Oyster Bay"
"6171","Breaks",3734915,32,"Duncan Bay"
"6172","Breaks",3734916,21,"Willow Bay"
"6173","Breaks",3734929,32,"Duncan Bay"
"6174","Breaks",3734930,12,"Oyster Bay"
"6175","Breaks",3734939,12,"Oyster Bay"
"6176","Breaks",3734941,32,"Duncan Bay"
"6177","Breaks",3734942,32,"Duncan Bay"
"6178","Breaks",3734956,14,"Elaine Bay"
"6179","Breaks",3734958,32,"Duncan Bay"
"6180","Breaks",3734967,9,"Ngakuta Bay"
"6181","Breaks",3734970,9,"Ngakuta Bay"
"6182","Breaks",3734971,9,"Ngakuta Bay"
"6183","Breaks",3734987,17,"Kaiuma Bay"
"6184","Breaks",3734989,25,"Cowshed Bay"
"6185","Breaks",3735011,12,"Oyster Bay"
"6186","Breaks",3735039,17,"Kaiuma Bay"
"6187","Breaks",3735044,17,"Kaiuma Bay"
"6188","Breaks",3735055,17,"Kaiuma Bay"
"6189","Breaks",3735058,17,"Kaiuma Bay"
"6190","Breaks",3735059,17,"Kaiuma Bay"
"6191","Breaks",3735066,10,"Waterfall Bay"
"6192","Breaks",3735067,12,"Oyster Bay"
"6193","Breaks",3735068,12,"Oyster Bay"
"6194","Breaks",3735108,18,"Moetapu Bay Jetty"
"6195","Breaks",3735128,13,"Hakana Bay"
"6196","Breaks",3735134,12,"Oyster Bay"
"6197","Breaks",3735136,31,"Double Bay"
"6198","Breaks",3735146,24,"Tara Bay"
"6199","Breaks",3735154,19,"Double Bay Boat Ramp"
"6200","Breaks",3735185,11,"Punga Cove"
"6201","Breaks",3735186,12,"Oyster Bay"
"6202","Breaks",3735191,23,"Te Mahia"
"6203","Breaks",3735207,12,"Oyster Bay"
"6204","Breaks",3735214,7,"Grove Point/Arm Jetty"
"6205","Breaks",3735215,7,"Grove Point/Arm Jetty"
"6206","Breaks",3735216,7,"Grove Point/Arm Jetty"
"6207","Breaks",3735223,17,"Kaiuma Bay"
"6208","Breaks",3735233,12,"Oyster Bay"
"6209","Breaks",3735250,24,"Tara Bay"
"6210","Breaks",3735258,32,"Duncan Bay"
"6211","Breaks",3735259,32,"Duncan Bay"
"6212","Breaks",3735261,32,"Duncan Bay"
"6213","Breaks",3735273,7,"Grove Point/Arm Jetty"
"6214","Breaks",3735277,33,"Penzance Bay"
"6215","Breaks",3735279,30,"St. Omer Barge Ramp"
"6216","Breaks",3735281,30,"St. Omer Barge Ramp"
"6217","Breaks",3735287,11,"Punga Cove"
"6218","Breaks",3735288,23,"Te Mahia"
"6219","Breaks",3735289,11,"Punga Cove"
"6220","Breaks",3735290,27,"Sandy Bay"
"6221","Breaks",3735291,24,"Tara Bay"
"6222","Breaks",3735292,12,"Oyster Bay"
"6223","Breaks",3735293,11,"Punga Cove"
"6224","Breaks",3735297,33,"Penzance Bay"
"6225","Breaks",3735298,25,"Cowshed Bay"
"6226","Breaks",3735299,25,"Cowshed Bay"
"6227","Breaks",3735302,26,"Nikau Cove Doc Camp"
"6228","Breaks",3735303,11,"Punga Cove"
"6229","Breaks",3735304,27,"Sandy Bay"
"6230","Breaks",3735305,27,"Sandy Bay"
"6231","Breaks",3735306,15,"Portage Bay"
"6232","Breaks",3735308,27,"Sandy Bay"
"6233","Breaks",3735309,25,"Cowshed Bay"
"6234","Breaks",3735314,27,"Sandy Bay"
"6235","Breaks",3735317,16,"Torea Bay"
"6236","Breaks",3735318,24,"Tara Bay"
"6237","Breaks",3735319,11,"Punga Cove"
"6238","Breaks",3735320,12,"Oyster Bay"
"6239","Breaks",3735323,24,"Tara Bay"
"6240","Breaks",3735324,10,"Waterfall Bay"
"6241","Breaks",3735325,25,"Cowshed Bay"
"6242","Breaks",3735327,24,"Tara Bay"
"6243","Breaks",3735328,23,"Te Mahia"
"6244","Breaks",3735330,23,"Te Mahia"
"6245","Breaks",3735331,24,"Tara Bay"
"6246","Breaks",3735333,27,"Sandy Bay"
"6247","Breaks",3735334,24,"Tara Bay"
"6248","Breaks",3735335,25,"Cowshed Bay"
"6249","Breaks",3735336,13,"Hakana Bay"
"6250","Breaks",3735337,10,"Waterfall Bay"
"6251","Breaks",3735339,25,"Cowshed Bay"
"6252","Breaks",3735343,24,"Tara Bay"
"6253","Breaks",3735345,25,"Cowshed Bay"
"6254","Breaks",3735346,8,"Momorangi Bay"
"6255","Breaks",3735347,22,"Broughton Bay Road"
"6256","Breaks",3735350,11,"Punga Cove"
"6257","Breaks",3735351,24,"Tara Bay"
"6258","Breaks",3735359,24,"Tara Bay"
"6259","Breaks",3735360,16,"Torea Bay"
"6260","Breaks",3735362,27,"Sandy Bay"
"6261","Breaks",3735365,12,"Oyster Bay"
"6262","Breaks",3735371,24,"Tara Bay"
"6263","Breaks",3735373,23,"Te Mahia"
"6264","Breaks",3735383,23,"Te Mahia"
"6265","Breaks",3735389,17,"Kaiuma Bay"
"6266","Breaks",3735390,17,"Kaiuma Bay"
"6267","Breaks",3735391,32,"Duncan Bay"
"6268","Breaks",3735392,33,"Penzance Bay"
"6269","Breaks",3735396,24,"Tara Bay"
"6270","Breaks",3735397,25,"Cowshed Bay"
"6271","Breaks",3735398,22,"Broughton Bay Road"
"6272","Breaks",3735399,25,"Cowshed Bay"
"6273","Breaks",3735400,25,"Cowshed Bay"
"6274","Breaks",3735402,27,"Sandy Bay"
"6275","Breaks",3735404,7,"Grove Point/Arm Jetty"
"6276","Breaks",3735405,7,"Grove Point/Arm Jetty"
"6277","Breaks",3735407,8,"Momorangi Bay"
"6278","Breaks",3735411,8,"Momorangi Bay"
"6279","Breaks",3735417,7,"Grove Point/Arm Jetty"
"6280","Breaks",3735419,30,"St. Omer Barge Ramp"
"6281","Breaks",3735427,9,"Ngakuta Bay"
"6282","Breaks",3735428,7,"Grove Point/Arm Jetty"
"6283","Breaks",3735429,7,"Grove Point/Arm Jetty"
"6284","Breaks",3735431,7,"Grove Point/Arm Jetty"
"6285","Breaks",3735435,19,"Double Bay Boat Ramp"
"6286","Breaks",3735446,8,"Momorangi Bay"
"6287","Breaks",3735447,23,"Te Mahia"
"6288","Breaks",3735457,7,"Grove Point/Arm Jetty"
"6289","Breaks",3735466,26,"Nikau Cove Doc Camp"
"6290","Breaks",3735468,12,"Oyster Bay"
"6291","Breaks",3735478,21,"Willow Bay"
"6292","Breaks",3735479,21,"Willow Bay"
"6293","Breaks",3735483,11,"Punga Cove"
"6294","Breaks",3735484,40,"Titirangi Bay"
"6295","Breaks",3735488,17,"Kaiuma Bay"
"6296","Breaks",3735489,40,"Titirangi Bay"
"6297","Breaks",3735492,17,"Kaiuma Bay"
"6298","Breaks",3735493,28,"Fish Bay Ramp"
"6299","Breaks",3735494,25,"Cowshed Bay"
"6300","Breaks",3735496,29,"Waitaria Bay"
"6301","Breaks",3735497,24,"Tara Bay"
"6302","Breaks",3735499,13,"Hakana Bay"
"6303","Breaks",3735502,32,"Duncan Bay"
"6304","Breaks",3735503,32,"Duncan Bay"
"6305","Breaks",3735506,31,"Double Bay"
"6306","Breaks",3735508,33,"Penzance Bay"
"6307","Breaks",3735509,14,"Elaine Bay"
"6308","Breaks",3735518,17,"Kaiuma Bay"
"6309","Breaks",3735520,17,"Kaiuma Bay"
"6310","Breaks",3735522,17,"Kaiuma Bay"
"6311","Breaks",3735523,17,"Kaiuma Bay"
"6312","Breaks",3735524,17,"Kaiuma Bay"
"6313","Breaks",3735525,17,"Kaiuma Bay"
"6314","Breaks",3735528,17,"Kaiuma Bay"
"6315","Breaks",3735530,17,"Kaiuma Bay"
"6316","Breaks",3735531,17,"Kaiuma Bay"
"6317","Breaks",3735538,17,"Kaiuma Bay"
"6318","Breaks",3735540,17,"Kaiuma Bay"
"6319","Breaks",3735541,17,"Kaiuma Bay"
"6320","Breaks",3735542,27,"Sandy Bay"
"6321","Breaks",3735543,11,"Punga Cove"
"6322","Breaks",3735548,17,"Kaiuma Bay"
"6323","Breaks",3735550,27,"Sandy Bay"
"6324","Breaks",3735551,17,"Kaiuma Bay"
"6325","Breaks",3735556,17,"Kaiuma Bay"
"6326","Breaks",3735558,17,"Kaiuma Bay"
"6327","Breaks",3735559,12,"Oyster Bay"
"6328","Breaks",3735561,25,"Cowshed Bay"
"6329","Breaks",3735563,25,"Cowshed Bay"
"6330","Breaks",3735567,10,"Waterfall Bay"
"6331","Breaks",3735568,12,"Oyster Bay"
"6332","Breaks",3735571,30,"St. Omer Barge Ramp"
"6333","Breaks",3735572,10,"Waterfall Bay"
"6334","Breaks",3735573,10,"Waterfall Bay"
"6335","Breaks",3735574,10,"Waterfall Bay"
"6336","Breaks",3735576,30,"St. Omer Barge Ramp"
"6337","Breaks",3735577,30,"St. Omer Barge Ramp"
"6338","Breaks",3735578,31,"Double Bay"
"6339","Breaks",3735580,29,"Waitaria Bay"
"6340","Breaks",3735584,7,"Grove Point/Arm Jetty"
"6341","Breaks",3735585,13,"Hakana Bay"
"6342","Breaks",3735586,22,"Broughton Bay Road"
"6343","Breaks",3735591,11,"Punga Cove"
"6344","Breaks",3735592,6,"Anakiwa"
"6345","Breaks",3735593,6,"Anakiwa"
"6346","Breaks",3735594,6,"Anakiwa"
"6347","Breaks",3735595,6,"Anakiwa"
"6348","Breaks",3735596,12,"Oyster Bay"
"6349","Breaks",3735598,24,"Tara Bay"
"6350","Breaks",3735599,6,"Anakiwa"
"6351","Breaks",3735601,21,"Willow Bay"
"6352","Breaks",3735603,21,"Willow Bay"
"6353","Breaks",3735604,27,"Sandy Bay"
"6354","Breaks",3735605,27,"Sandy Bay"
"6355","Breaks",3735610,29,"Waitaria Bay"
"6356","Breaks",3735612,11,"Punga Cove"
"6357","Breaks",3735613,12,"Oyster Bay"
"6358","Breaks",3735615,17,"Kaiuma Bay"
"6359","Breaks",3735616,18,"Moetapu Bay Jetty"
"6360","Breaks",3735619,12,"Oyster Bay"
"6361","Breaks",3735620,12,"Oyster Bay"
"6362","Breaks",3735621,12,"Oyster Bay"
"6363","Breaks",3735622,12,"Oyster Bay"
"6364","Breaks",3735623,11,"Punga Cove"
"6365","Breaks",3735627,12,"Oyster Bay"
"6366","Breaks",3735628,30,"St. Omer Barge Ramp"
"6367","Breaks",3735630,17,"Kaiuma Bay"
"6368","Breaks",3735631,9,"Ngakuta Bay"
"6369","Breaks",3735633,30,"St. Omer Barge Ramp"
"6370","Breaks",3735634,30,"St. Omer Barge Ramp"
"6371","Breaks",3735636,30,"St. Omer Barge Ramp"
"6372","Breaks",3735638,11,"Punga Cove"
"6373","Breaks",3735639,11,"Punga Cove"
"6374","Breaks",3735641,18,"Moetapu Bay Jetty"
"6375","Breaks",3735644,11,"Punga Cove"
"6376","Breaks",3735649,27,"Sandy Bay"
"6377","Breaks",3735650,27,"Sandy Bay"
"6378","Breaks",3735652,12,"Oyster Bay"
"6379","Breaks",3735661,11,"Punga Cove"
"6380","Breaks",3735662,16,"Torea Bay"
"6381","Breaks",3735664,15,"Portage Bay"
"6382","Breaks",3735665,16,"Torea Bay"
"6383","Breaks",3735667,6,"Anakiwa"
"6384","Breaks",3735668,28,"Fish Bay Ramp"
"6385","Breaks",3735672,16,"Torea Bay"
"6386","Breaks",3735673,27,"Sandy Bay"
"6387","Breaks",3735674,20,"Ohingaroa Bay"
"6388","Breaks",3735675,19,"Double Bay Boat Ramp"
"6389","Breaks",3735676,12,"Oyster Bay"
"6390","Breaks",3735678,21,"Willow Bay"
"6391","Breaks",3735680,18,"Moetapu Bay Jetty"
"6392","Breaks",3735682,27,"Sandy Bay"
"6393","Breaks",3735683,27,"Sandy Bay"
"6394","Breaks",3735684,27,"Sandy Bay"
"6395","Breaks",3735685,11,"Punga Cove"
"6396","Breaks",3735687,27,"Sandy Bay"
"6397","Breaks",3735689,13,"Hakana Bay"
"6398","Breaks",3735690,29,"Waitaria Bay"
"6399","Breaks",3735691,27,"Sandy Bay"
"6400","Breaks",3735693,27,"Sandy Bay"
"6401","Breaks",3735694,27,"Sandy Bay"
"6402","Breaks",3735698,11,"Punga Cove"
"6403","Breaks",3735701,12,"Oyster Bay"
"6404","Breaks",3735702,6,"Anakiwa"
"6405","Breaks",3735705,13,"Hakana Bay"
"6406","Breaks",3735706,25,"Cowshed Bay"
"6407","Breaks",3735710,26,"Nikau Cove Doc Camp"
"6408","Breaks",3735713,11,"Punga Cove"
"6409","Breaks",3735714,16,"Torea Bay"
"6410","Breaks",3735715,16,"Torea Bay"
"6411","Breaks",3735716,11,"Punga Cove"
"6412","Breaks",3735717,12,"Oyster Bay"
"6413","Breaks",3735718,27,"Sandy Bay"
"6414","Breaks",3735720,27,"Sandy Bay"
"6415","Breaks",3735724,27,"Sandy Bay"
"6416","Breaks",3735725,11,"Punga Cove"
"6417","Breaks",3735730,11,"Punga Cove"
"6418","Breaks",3735731,11,"Punga Cove"
"6419","Breaks",3735732,11,"Punga Cove"
"6420","Breaks",3735733,11,"Punga Cove"
"6421","Breaks",3735736,27,"Sandy Bay"
"6422","Breaks",3735737,7,"Grove Point/Arm Jetty"
"6423","Breaks",3735738,11,"Punga Cove"
"6424","Breaks",3735740,27,"Sandy Bay"
"6425","Breaks",3735741,26,"Nikau Cove Doc Camp"
"6426","Breaks",3735743,12,"Oyster Bay"
"6427","Breaks",3735744,13,"Hakana Bay"
"6428","Breaks",3735745,27,"Sandy Bay"
"6429","Breaks",3735746,27,"Sandy Bay"
"6430","Breaks",3735750,12,"Oyster Bay"
"6431","Breaks",3735752,29,"Waitaria Bay"
"6432","Breaks",3735753,32,"Duncan Bay"
"6433","Breaks",3735760,32,"Duncan Bay"
"6434","Breaks",3735764,27,"Sandy Bay"
"6435","Breaks",3735767,27,"Sandy Bay"
"6436","Breaks",3735768,21,"Willow Bay"
"6437","Breaks",3735770,25,"Cowshed Bay"
"6438","Breaks",3735771,13,"Hakana Bay"
"6439","Breaks",3735772,10,"Waterfall Bay"
"6440","Breaks",3735773,6,"Anakiwa"
"6441","Breaks",3735774,27,"Sandy Bay"
"6442","Breaks",3735775,32,"Duncan Bay"
"6443","Breaks",3735781,12,"Oyster Bay"
"6444","Breaks",3735782,30,"St. Omer Barge Ramp"
"6445","Breaks",3735783,25,"Cowshed Bay"
"6446","Breaks",3735785,10,"Waterfall Bay"
"6447","Breaks",3735786,27,"Sandy Bay"
"6448","Breaks",3735787,27,"Sandy Bay"
"6449","Breaks",3735788,27,"Sandy Bay"
"6450","Breaks",3735789,21,"Willow Bay"
"6451","Breaks",3735790,21,"Willow Bay"
"6452","Breaks",3735792,18,"Moetapu Bay Jetty"
"6453","Breaks",3735804,13,"Hakana Bay"
"6454","Breaks",3735808,17,"Kaiuma Bay"
"6455","Breaks",3735815,12,"Oyster Bay"
"6456","Breaks",3735819,27,"Sandy Bay"
"6457","Breaks",3735821,27,"Sandy Bay"
"6458","Breaks",3735823,27,"Sandy Bay"
"6459","Breaks",3735825,30,"St. Omer Barge Ramp"
"6460","Breaks",3735836,6,"Anakiwa"
"6461","Breaks",3735837,27,"Sandy Bay"
"6462","Breaks",3735838,13,"Hakana Bay"
"6463","Breaks",3735840,16,"Torea Bay"
"6464","Breaks",3735843,11,"Punga Cove"
"6465","Breaks",3735844,16,"Torea Bay"
"6466","Breaks",3735845,16,"Torea Bay"
"6467","Breaks",3735846,16,"Torea Bay"
"6468","Breaks",3735847,15,"Portage Bay"
"6469","Breaks",3735849,12,"Oyster Bay"
"6470","Breaks",3735851,27,"Sandy Bay"
"6471","Breaks",3735852,6,"Anakiwa"
"6472","Breaks",3735853,21,"Willow Bay"
"6473","Breaks",3735858,27,"Sandy Bay"
"6474","Breaks",3735859,16,"Torea Bay"
"6475","Breaks",3735863,30,"St. Omer Barge Ramp"
"6476","Breaks",3735865,11,"Punga Cove"
"6477","Breaks",3735868,12,"Oyster Bay"
"6478","Breaks",3735873,12,"Oyster Bay"
"6479","Breaks",3735875,27,"Sandy Bay"
"6480","Breaks",3735876,7,"Grove Point/Arm Jetty"
"6481","Breaks",3735877,33,"Penzance Bay"
"6482","Breaks",3735878,11,"Punga Cove"
"6483","Breaks",3735880,11,"Punga Cove"
"6484","Breaks",3735884,13,"Hakana Bay"
"6485","Breaks",3735889,12,"Oyster Bay"
"6486","Breaks",3735890,18,"Moetapu Bay Jetty"
"6487","Breaks",3735891,13,"Hakana Bay"
"6488","Breaks",3735894,12,"Oyster Bay"
"6489","Breaks",3735895,12,"Oyster Bay"
"6490","Breaks",3735899,21,"Willow Bay"
"6491","Breaks",3735904,11,"Punga Cove"
"6492","Breaks",3735905,17,"Kaiuma Bay"
"6493","Breaks",3735908,12,"Oyster Bay"
"6494","Breaks",3735909,18,"Moetapu Bay Jetty"
"6495","Breaks",3735910,12,"Oyster Bay"
"6496","Breaks",3735912,12,"Oyster Bay"
"6497","Breaks",3735914,26,"Nikau Cove Doc Camp"
"6498","Breaks",3735920,17,"Kaiuma Bay"
"6499","Breaks",3735944,24,"Tara Bay"
"6500","Breaks",3735947,12,"Oyster Bay"
"6501","Breaks",3735956,12,"Oyster Bay"
"6502","Breaks",3735957,22,"Broughton Bay Road"
"6503","Breaks",3735958,19,"Double Bay Boat Ramp"
"6504","Breaks",3735960,17,"Kaiuma Bay"
"6505","Breaks",3735963,12,"Oyster Bay"
"6506","Breaks",3735973,19,"Double Bay Boat Ramp"
"6507","Breaks",3735974,13,"Hakana Bay"
"6508","Breaks",3735977,13,"Hakana Bay"
"6509","Breaks",3735980,12,"Oyster Bay"
"6510","Breaks",3735983,32,"Duncan Bay"
"6511","Breaks",3735986,12,"Oyster Bay"
"6512","Breaks",3735990,27,"Sandy Bay"
"6513","Breaks",3735991,27,"Sandy Bay"
"6514","Breaks",3735993,12,"Oyster Bay"
"6515","Breaks",3735994,12,"Oyster Bay"
"6516","Breaks",3735995,12,"Oyster Bay"
"6517","Breaks",3736003,25,"Cowshed Bay"
"6518","Breaks",3736005,12,"Oyster Bay"
"6519","Breaks",3736009,19,"Double Bay Boat Ramp"
"6520","Breaks",3736010,7,"Grove Point/Arm Jetty"
"6521","Breaks",3736013,32,"Duncan Bay"
"6522","Breaks",3736017,32,"Duncan Bay"
"6523","Breaks",3736021,33,"Penzance Bay"
"6524","Breaks",3736030,27,"Sandy Bay"
"6525","Breaks",3736034,18,"Moetapu Bay Jetty"
"6526","Breaks",3736042,11,"Punga Cove"
"6527","Breaks",3736043,40,"Titirangi Bay"
"6528","Breaks",3736044,40,"Titirangi Bay"
"6529","Breaks",3736045,40,"Titirangi Bay"
"6530","Breaks",3736046,12,"Oyster Bay"
"6531","Breaks",3736048,13,"Hakana Bay"
"6532","Breaks",3736052,12,"Oyster Bay"
"6533","Breaks",3736053,12,"Oyster Bay"
"6534","Breaks",3736063,12,"Oyster Bay"
"6535","Breaks",3736067,12,"Oyster Bay"
"6536","Breaks",3736083,11,"Punga Cove"
"6537","Breaks",3736092,17,"Kaiuma Bay"
"6538","Breaks",3736093,17,"Kaiuma Bay"
"6539","Breaks",3736094,17,"Kaiuma Bay"
"6540","Breaks",3736095,17,"Kaiuma Bay"
"6541","Breaks",3736097,25,"Cowshed Bay"
"6542","Breaks",3736098,17,"Kaiuma Bay"
"6543","Breaks",3736099,17,"Kaiuma Bay"
"6544","Breaks",3736100,17,"Kaiuma Bay"
"6545","Breaks",3736101,17,"Kaiuma Bay"
"6546","Breaks",3736103,17,"Kaiuma Bay"
"6547","Breaks",3736104,12,"Oyster Bay"
"6548","Breaks",3736108,17,"Kaiuma Bay"
"6549","Breaks",3736110,17,"Kaiuma Bay"
"6550","Breaks",3736111,17,"Kaiuma Bay"
"6551","Breaks",3736117,17,"Kaiuma Bay"
"6552","Breaks",3736118,17,"Kaiuma Bay"
"6553","Breaks",3736120,17,"Kaiuma Bay"
"6554","Breaks",3736122,17,"Kaiuma Bay"
"6555","Breaks",3736123,17,"Kaiuma Bay"
"6556","Breaks",3736126,17,"Kaiuma Bay"
"6557","Breaks",3736127,17,"Kaiuma Bay"
"6558","Breaks",3736128,17,"Kaiuma Bay"
"6559","Breaks",3736142,12,"Oyster Bay"
"6560","Breaks",3736147,27,"Sandy Bay"
"6561","Breaks",3736174,11,"Punga Cove"
"6562","Breaks",3736192,12,"Oyster Bay"
"6563","Breaks",3736205,12,"Oyster Bay"
"6564","Breaks",3736214,17,"Kaiuma Bay"
"6565","Breaks",3736233,12,"Oyster Bay"
"6566","Breaks",3736236,12,"Oyster Bay"
"6567","Breaks",3736244,17,"Kaiuma Bay"
"6568","Breaks",3736250,12,"Oyster Bay"
"6569","Breaks",3736252,12,"Oyster Bay"
"6570","Breaks",3736253,12,"Oyster Bay"
"6571","Breaks",3736255,17,"Kaiuma Bay"
"6572","Breaks",3736256,17,"Kaiuma Bay"
"6573","Breaks",3736257,17,"Kaiuma Bay"
"6574","Breaks",3736261,17,"Kaiuma Bay"
"6575","Breaks",3736262,17,"Kaiuma Bay"
"6576","Breaks",3736267,17,"Kaiuma Bay"
"6577","Breaks",3736268,17,"Kaiuma Bay"
"6578","Breaks",3736275,11,"Punga Cove"
"6579","Breaks",3736276,11,"Punga Cove"
"6580","Breaks",3736295,9,"Ngakuta Bay"
"6581","Breaks",3736296,33,"Penzance Bay"
"6582","Breaks",3736307,37,"Hamilton Bay (Rocky Creek) Ramp"
"6583","Breaks",3736313,27,"Sandy Bay"
"6584","Breaks",3736372,13,"Hakana Bay"
"6585","Breaks",3736380,15,"Portage Bay"
"6586","Breaks",3736407,12,"Oyster Bay"
"6587","Breaks",3736408,12,"Oyster Bay"
"6588","Breaks",3736409,12,"Oyster Bay"
"6589","Breaks",3736410,12,"Oyster Bay"
"6590","Breaks",3736427,17,"Kaiuma Bay"
"6591","Breaks",3736429,13,"Hakana Bay"
"6592","Breaks",3736447,12,"Oyster Bay"
"6593","Breaks",3736453,13,"Hakana Bay"
"6594","Breaks",3736454,15,"Portage Bay"
"6595","Breaks",3736455,24,"Tara Bay"
"6596","Breaks",3736463,12,"Oyster Bay"
"6597","Breaks",3736466,11,"Punga Cove"
"6598","Breaks",3736467,29,"Waitaria Bay"
"6599","Breaks",3736468,11,"Punga Cove"
"6600","Breaks",3736474,18,"Moetapu Bay Jetty"
"6601","Breaks",3736475,7,"Grove Point/Arm Jetty"
"6602","Breaks",3736477,12,"Oyster Bay"
"6603","Breaks",3736486,40,"Titirangi Bay"
"6604","Breaks",3736489,11,"Punga Cove"
"6605","Breaks",3736490,12,"Oyster Bay"
"6606","Breaks",3736495,22,"Broughton Bay Road"
"6607","Breaks",3736499,40,"Titirangi Bay"
"6608","Breaks",3736504,11,"Punga Cove"
"6609","Breaks",3736505,11,"Punga Cove"
"6610","Breaks",3736507,11,"Punga Cove"
"6611","Breaks",3736509,19,"Double Bay Boat Ramp"
"6612","Breaks",3736511,7,"Grove Point/Arm Jetty"
"6613","Breaks",3736513,7,"Grove Point/Arm Jetty"
"6614","Breaks",3736515,7,"Grove Point/Arm Jetty"
"6615","Breaks",3736516,7,"Grove Point/Arm Jetty"
"6616","Breaks",3736518,12,"Oyster Bay"
"6617","Breaks",3736519,12,"Oyster Bay"
"6618","Breaks",3736524,7,"Grove Point/Arm Jetty"
"6619","Breaks",3736525,7,"Grove Point/Arm Jetty"
"6620","Breaks",3736526,7,"Grove Point/Arm Jetty"
"6621","Breaks",3736527,7,"Grove Point/Arm Jetty"
"6622","Breaks",3736532,12,"Oyster Bay"
"6623","Breaks",3736533,12,"Oyster Bay"
"6624","Breaks",3736534,11,"Punga Cove"
"6625","Breaks",3736550,17,"Kaiuma Bay"
"6626","Breaks",3736554,12,"Oyster Bay"
"6627","Breaks",3736579,12,"Oyster Bay"
"6628","Breaks",3736611,12,"Oyster Bay"
"6629","Breaks",3736615,12,"Oyster Bay"
"6630","Breaks",3736617,12,"Oyster Bay"
"6631","Breaks",3736620,11,"Punga Cove"
"6632","Breaks",3736635,12,"Oyster Bay"
"6633","Breaks",3736639,11,"Punga Cove"
"6634","Breaks",3736647,13,"Hakana Bay"
"6635","Breaks",3736649,17,"Kaiuma Bay"
"6636","Breaks",3736651,12,"Oyster Bay"
"6637","Breaks",3736681,11,"Punga Cove"
"6638","Breaks",3736688,12,"Oyster Bay"
"6639","Breaks",3736691,12,"Oyster Bay"
"6640","Breaks",3736694,12,"Oyster Bay"
"6641","Breaks",3736699,12,"Oyster Bay"
"6642","Breaks",3736723,12,"Oyster Bay"
"6643","Breaks",3736740,17,"Kaiuma Bay"
"6644","Breaks",3736766,12,"Oyster Bay"
"6645","Breaks",3736814,12,"Oyster Bay"
"6646","Breaks",3736815,12,"Oyster Bay"
"6647","Breaks",3736816,12,"Oyster Bay"
"6648","Breaks",3736821,12,"Oyster Bay"
"6649","Breaks",3736824,12,"Oyster Bay"
"6650","Breaks",3736826,9,"Ngakuta Bay"
"6651","Breaks",3736858,17,"Kaiuma Bay"
"6652","Breaks",3736862,18,"Moetapu Bay Jetty"
"6653","Breaks",3736885,9,"Ngakuta Bay"
"6654","Breaks",3736886,12,"Oyster Bay"
"6655","Breaks",3736898,13,"Hakana Bay"
"6656","Breaks",3736899,21,"Willow Bay"
"6657","Breaks",3736901,21,"Willow Bay"
"6658","Breaks",3736902,13,"Hakana Bay"
"6659","Breaks",3736906,12,"Oyster Bay"
"6660","Breaks",3736912,27,"Sandy Bay"
"6661","Breaks",3736913,13,"Hakana Bay"
"6662","Breaks",3736914,12,"Oyster Bay"
"6663","Breaks",3736923,12,"Oyster Bay"
"6664","Breaks",3736935,11,"Punga Cove"
"6665","Breaks",3736938,9,"Ngakuta Bay"
"6666","Breaks",3736959,12,"Oyster Bay"
"6667","Breaks",3737029,17,"Kaiuma Bay"
"6668","Breaks",3737075,12,"Oyster Bay"
"6669","Breaks",3737096,17,"Kaiuma Bay"
"6670","Breaks",3737100,12,"Oyster Bay"
"6671","Breaks",3737104,12,"Oyster Bay"
"6672","Breaks",3737105,12,"Oyster Bay"
"6673","Breaks",3737108,12,"Oyster Bay"
"6674","Breaks",3737109,12,"Oyster Bay"
"6675","Breaks",3737111,12,"Oyster Bay"
"6676","Breaks",3737112,38,"Bulwer Bay"
"6677","Breaks",3737115,12,"Oyster Bay"
"6678","Breaks",3737116,12,"Oyster Bay"
"6679","Breaks",3737118,17,"Kaiuma Bay"
"6680","Breaks",3737119,17,"Kaiuma Bay"
"6681","Breaks",3737130,17,"Kaiuma Bay"
"6682","Breaks",3737154,12,"Oyster Bay"
"6683","Breaks",3737156,17,"Kaiuma Bay"
"6684","Breaks",3737157,17,"Kaiuma Bay"
"6685","Breaks",3737162,12,"Oyster Bay"
"6686","Breaks",3737163,12,"Oyster Bay"
"6687","Breaks",3737164,17,"Kaiuma Bay"
"6688","Breaks",3737166,12,"Oyster Bay"
"6689","Breaks",3737167,12,"Oyster Bay"
"6690","Breaks",3737170,13,"Hakana Bay"
"6691","Breaks",3737172,12,"Oyster Bay"
"6692","Breaks",3737176,12,"Oyster Bay"
"6693","Breaks",3737177,17,"Kaiuma Bay"
"6694","Breaks",3737178,12,"Oyster Bay"
"6695","Breaks",3737185,17,"Kaiuma Bay"
"6696","Breaks",3737206,12,"Oyster Bay"
"6697","Breaks",3737225,17,"Kaiuma Bay"
"6698","Breaks",3737226,18,"Moetapu Bay Jetty"
"6699","Breaks",3737227,13,"Hakana Bay"
"6700","Breaks",3737230,12,"Oyster Bay"
"6701","Breaks",3737231,12,"Oyster Bay"
"6702","Breaks",3737232,12,"Oyster Bay"
"6703","Breaks",3737233,12,"Oyster Bay"
"6704","Breaks",3737234,12,"Oyster Bay"
"6705","Breaks",3737236,21,"Willow Bay"
"6706","Breaks",3737237,21,"Willow Bay"
"6707","Breaks",3737238,21,"Willow Bay"
"6708","Breaks",3737243,12,"Oyster Bay"
"6709","Breaks",3737248,14,"Elaine Bay"
"6710","Breaks",3737250,12,"Oyster Bay"
"6711","Breaks",3737253,17,"Kaiuma Bay"
"6712","Breaks",3737254,17,"Kaiuma Bay"
"6713","Breaks",3737255,17,"Kaiuma Bay"
"6714","Breaks",3737256,17,"Kaiuma Bay"
"6715","Breaks",3737265,21,"Willow Bay"
"6716","Breaks",3737268,12,"Oyster Bay"
"6717","Breaks",3737269,21,"Willow Bay"
"6718","Breaks",3737270,21,"Willow Bay"
"6719","Breaks",3737285,7,"Grove Point/Arm Jetty"
"6720","Breaks",3737288,33,"Penzance Bay"
"6721","Breaks",3737297,12,"Oyster Bay"
"6722","Breaks",3737336,12,"Oyster Bay"
"6723","Breaks",3737340,12,"Oyster Bay"
"6724","Breaks",3737343,12,"Oyster Bay"
"6725","Breaks",3737353,17,"Kaiuma Bay"
"6726","Breaks",3737360,12,"Oyster Bay"
"6727","Breaks",3737386,7,"Grove Point/Arm Jetty"
"6728","Breaks",3737389,7,"Grove Point/Arm Jetty"
"6729","Breaks",3737392,7,"Grove Point/Arm Jetty"
"6730","Breaks",3737393,17,"Kaiuma Bay"
"6731","Breaks",3737394,7,"Grove Point/Arm Jetty"
"6732","Breaks",3737395,7,"Grove Point/Arm Jetty"
"6733","Breaks",3737406,17,"Kaiuma Bay"
"6734","Breaks",3737407,17,"Kaiuma Bay"
"6735","Breaks",3737408,17,"Kaiuma Bay"
"6736","Breaks",3737415,12,"Oyster Bay"
"6737","Breaks",3737423,12,"Oyster Bay"
"6738","Breaks",3737425,12,"Oyster Bay"
"6739","Breaks",3737473,17,"Kaiuma Bay"
"6740","Breaks",3737475,12,"Oyster Bay"
"6741","Breaks",3737509,25,"Cowshed Bay"
"6742","Breaks",3737510,12,"Oyster Bay"
"6743","Breaks",3737513,27,"Sandy Bay"
"6744","Breaks",3737514,27,"Sandy Bay"
"6745","Breaks",3737516,27,"Sandy Bay"
"6746","Breaks",3737521,27,"Sandy Bay"
"6747","Breaks",3737529,12,"Oyster Bay"
"6748","Breaks",3737531,12,"Oyster Bay"
"6749","Breaks",3737532,12,"Oyster Bay"
"6750","Breaks",3737538,12,"Oyster Bay"
"6751","Breaks",3737543,17,"Kaiuma Bay"
"6752","Breaks",3737545,17,"Kaiuma Bay"
"6753","Breaks",3737550,39,"Elaine Bay Boat Ramp"
"6754","Breaks",3737572,11,"Punga Cove"
"6755","Breaks",3737625,17,"Kaiuma Bay"
"6756","Breaks",3737626,17,"Kaiuma Bay"
"6757","Breaks",3737654,12,"Oyster Bay"
"6758","Breaks",3737669,17,"Kaiuma Bay"
"6759","Breaks",3737672,12,"Oyster Bay"
"6760","Breaks",3737678,12,"Oyster Bay"
"6761","Breaks",3737685,12,"Oyster Bay"
"6762","Breaks",3737691,32,"Duncan Bay"
"6763","Breaks",3737695,31,"Double Bay"
"6764","Breaks",3737734,17,"Kaiuma Bay"
"6765","Breaks",3737735,17,"Kaiuma Bay"
"6766","Breaks",3737736,17,"Kaiuma Bay"
"6767","Breaks",3737739,17,"Kaiuma Bay"
"6768","Breaks",3737741,12,"Oyster Bay"
"6769","Breaks",3737751,10,"Waterfall Bay"
"6770","Breaks",3737753,23,"Te Mahia"
"6771","Breaks",3737758,25,"Cowshed Bay"
"6772","Breaks",3737760,12,"Oyster Bay"
"6773","Breaks",3737774,12,"Oyster Bay"
"6774","Breaks",3737788,32,"Duncan Bay"
"6775","Breaks",3737789,27,"Sandy Bay"
"6776","Breaks",3737796,29,"Waitaria Bay"
"6777","Breaks",3737797,17,"Kaiuma Bay"
"6778","Breaks",3737807,24,"Tara Bay"
"6779","Breaks",3737809,27,"Sandy Bay"
"6780","Breaks",3737813,12,"Oyster Bay"
"6781","Breaks",3737814,11,"Punga Cove"
"6782","Breaks",3737818,17,"Kaiuma Bay"
"6783","Breaks",3737823,12,"Oyster Bay"
"6784","Breaks",3737824,26,"Nikau Cove Doc Camp"
"6785","Breaks",3737831,12,"Oyster Bay"
"6786","Breaks",3737847,7,"Grove Point/Arm Jetty"
"6787","Breaks",3737848,12,"Oyster Bay"
"6788","Breaks",3737850,12,"Oyster Bay"
"6789","Breaks",3737853,12,"Oyster Bay"
"6790","Breaks",3737854,7,"Grove Point/Arm Jetty"
"6791","Breaks",3737857,12,"Oyster Bay"
"6792","Breaks",3737859,12,"Oyster Bay"
"6793","Breaks",3737860,12,"Oyster Bay"
"6794","Breaks",3737864,17,"Kaiuma Bay"
"6795","Breaks",3737867,12,"Oyster Bay"
"6796","Breaks",3737868,12,"Oyster Bay"
"6797","Breaks",3737869,12,"Oyster Bay"
"6798","Breaks",3737871,12,"Oyster Bay"
"6799","Breaks",3737873,9,"Ngakuta Bay"
"6800","Breaks",3737878,12,"Oyster Bay"
"6801","Breaks",3737880,12,"Oyster Bay"
"6802","Breaks",3737881,12,"Oyster Bay"
"6803","Breaks",3737884,12,"Oyster Bay"
"6804","Breaks",3737887,12,"Oyster Bay"
"6805","Breaks",3737890,11,"Punga Cove"
"6806","Breaks",3737895,19,"Double Bay Boat Ramp"
"6807","Breaks",3737901,12,"Oyster Bay"
"6808","Breaks",3737902,12,"Oyster Bay"
"6809","Breaks",3737904,17,"Kaiuma Bay"
"6810","Breaks",3737913,13,"Hakana Bay"
"6811","Breaks",3737917,25,"Cowshed Bay"
"6812","Breaks",3737921,11,"Punga Cove"
"6813","Breaks",3737925,12,"Oyster Bay"
"6814","Breaks",3737928,15,"Portage Bay"
"6815","Breaks",3737934,17,"Kaiuma Bay"
"6816","Breaks",3737943,17,"Kaiuma Bay"
"6817","Breaks",3737944,11,"Punga Cove"
"6818","Breaks",3737950,13,"Hakana Bay"
"6819","Breaks",3737979,12,"Oyster Bay"
"6820","Breaks",3737984,12,"Oyster Bay"
"6821","Breaks",3737986,12,"Oyster Bay"
"6822","Breaks",3737989,12,"Oyster Bay"
"6823","Breaks",3737990,12,"Oyster Bay"
"6824","Breaks",3737992,12,"Oyster Bay"
"6825","Breaks",3737994,12,"Oyster Bay"
"6826","Breaks",3737995,12,"Oyster Bay"
"6827","Breaks",3737997,12,"Oyster Bay"
"6828","Breaks",3738001,12,"Oyster Bay"
"6829","Breaks",3738008,12,"Oyster Bay"
"6830","Breaks",3738009,27,"Sandy Bay"
"6831","Breaks",3738010,17,"Kaiuma Bay"
"6832","Breaks",3738011,17,"Kaiuma Bay"
"6833","Breaks",3738022,12,"Oyster Bay"
"6834","Breaks",3738035,12,"Oyster Bay"
"6835","Breaks",3738038,12,"Oyster Bay"
"6836","Breaks",3738043,14,"Elaine Bay"
"6837","Breaks",3738044,17,"Kaiuma Bay"
"6838","Breaks",3738047,13,"Hakana Bay"
"6839","Breaks",3738049,12,"Oyster Bay"
"6840","Breaks",3738061,17,"Kaiuma Bay"
"6841","Breaks",3738064,7,"Grove Point/Arm Jetty"
"6842","Breaks",3738065,6,"Anakiwa"
"6843","Breaks",3738066,17,"Kaiuma Bay"
"6844","Breaks",3738067,12,"Oyster Bay"
"6845","Breaks",3738070,17,"Kaiuma Bay"
"6846","Breaks",3738074,17,"Kaiuma Bay"
"6847","Breaks",3738075,17,"Kaiuma Bay"
"6848","Breaks",3738086,12,"Oyster Bay"
"6849","Breaks",3738099,17,"Kaiuma Bay"
"6850","Breaks",3738102,11,"Punga Cove"
"6851","Breaks",3738109,7,"Grove Point/Arm Jetty"
"6852","Breaks",3738117,11,"Punga Cove"
"6853","Breaks",3738126,12,"Oyster Bay"
"6854","Breaks",3738132,12,"Oyster Bay"
"6855","Breaks",3738136,12,"Oyster Bay"
"6856","Breaks",3738139,32,"Duncan Bay"
"6857","Breaks",3738140,11,"Punga Cove"
"6858","Breaks",3738142,12,"Oyster Bay"
"6859","Breaks",3738145,32,"Duncan Bay"
"6860","Breaks",3738146,12,"Oyster Bay"
"6861","Breaks",3738149,17,"Kaiuma Bay"
"6862","Breaks",3738154,12,"Oyster Bay"
"6863","Breaks",3738157,12,"Oyster Bay"
"6864","Breaks",3738159,12,"Oyster Bay"
"6865","Breaks",3738160,32,"Duncan Bay"
"6866","Breaks",3738162,17,"Kaiuma Bay"
"6867","Breaks",3738169,11,"Punga Cove"
"6868","Breaks",3738174,21,"Willow Bay"
"6869","Breaks",3738178,12,"Oyster Bay"
"6870","Breaks",3738180,14,"Elaine Bay"
"6871","Breaks",3738181,32,"Duncan Bay"
"6872","Breaks",3738184,12,"Oyster Bay"
"6873","Breaks",3738187,21,"Willow Bay"
"6874","Breaks",3738190,12,"Oyster Bay"
"6875","Breaks",3738193,9,"Ngakuta Bay"
"6876","Breaks",3738194,12,"Oyster Bay"
"6877","Breaks",3738198,32,"Duncan Bay"
"6878","Breaks",3738199,32,"Duncan Bay"
"6879","Breaks",3738201,27,"Sandy Bay"
"6880","Breaks",3738204,11,"Punga Cove"
"6881","Breaks",3738205,11,"Punga Cove"
"6882","Breaks",3738206,21,"Willow Bay"
"6883","Breaks",3738207,13,"Hakana Bay"
"6884","Breaks",3738209,12,"Oyster Bay"
"6885","Breaks",3738210,12,"Oyster Bay"
"6886","Breaks",3738213,38,"Bulwer Bay"
"6887","Breaks",3738216,31,"Double Bay"
"6888","Breaks",3738223,17,"Kaiuma Bay"
"6889","Breaks",3738233,12,"Oyster Bay"
"6890","Breaks",3738234,29,"Waitaria Bay"
"6891","Breaks",3738242,17,"Kaiuma Bay"
"6892","Breaks",3738244,13,"Hakana Bay"
"6893","Breaks",3738251,13,"Hakana Bay"
"6894","Breaks",3738252,12,"Oyster Bay"
"6895","Breaks",3738254,12,"Oyster Bay"
"6896","Breaks",3738264,11,"Punga Cove"
"6897","Breaks",3738265,12,"Oyster Bay"
"6898","Breaks",3738268,13,"Hakana Bay"
"6899","Breaks",3738272,12,"Oyster Bay"
"6900","Breaks",3738273,12,"Oyster Bay"
"6901","Breaks",3738276,13,"Hakana Bay"
"6902","Breaks",3738280,27,"Sandy Bay"
"6903","Breaks",3738281,12,"Oyster Bay"
"6904","Breaks",3738289,13,"Hakana Bay"
"6905","Breaks",3738291,10,"Waterfall Bay"
"6906","Breaks",3738292,12,"Oyster Bay"
"6907","Breaks",3738293,12,"Oyster Bay"
"6908","Breaks",3738301,12,"Oyster Bay"
"6909","Breaks",3738303,29,"Waitaria Bay"
"6910","Breaks",3738307,12,"Oyster Bay"
"6911","Breaks",3738310,17,"Kaiuma Bay"
"6912","Breaks",3738311,17,"Kaiuma Bay"
"6913","Breaks",3738319,12,"Oyster Bay"
"6914","Breaks",3738327,17,"Kaiuma Bay"
"6915","Breaks",3738331,21,"Willow Bay"
"6916","Breaks",3738343,20,"Ohingaroa Bay"
"6917","Breaks",3738355,12,"Oyster Bay"
"6918","Breaks",3738360,7,"Grove Point/Arm Jetty"
"6919","Breaks",3738374,12,"Oyster Bay"
"6920","Breaks",3738387,9,"Ngakuta Bay"
"6921","Breaks",3738416,12,"Oyster Bay"
"6922","Breaks",3738431,19,"Double Bay Boat Ramp"
"6923","Breaks",3738434,17,"Kaiuma Bay"
"6924","Breaks",3738454,12,"Oyster Bay"
"6925","Breaks",3738466,12,"Oyster Bay"
"6926","Breaks",3738472,12,"Oyster Bay"
"6927","Breaks",3738476,17,"Kaiuma Bay"
"6928","Breaks",3738479,18,"Moetapu Bay Jetty"
"6929","Breaks",3738484,18,"Moetapu Bay Jetty"
"6930","Breaks",3738512,24,"Tara Bay"
"6931","Breaks",3738514,11,"Punga Cove"
"6932","Breaks",3738526,12,"Oyster Bay"
"6933","Breaks",3738534,13,"Hakana Bay"
"6934","Breaks",3738561,17,"Kaiuma Bay"
"6935","Breaks",3738562,25,"Cowshed Bay"
"6936","Breaks",3738580,12,"Oyster Bay"
"6937","Breaks",3738581,12,"Oyster Bay"
"6938","Breaks",3738582,12,"Oyster Bay"
"6939","Breaks",3738586,12,"Oyster Bay"
"6940","Breaks",3738588,12,"Oyster Bay"
"6941","Breaks",3738589,12,"Oyster Bay"
"6942","Breaks",3738597,12,"Oyster Bay"
"6943","Breaks",3738602,17,"Kaiuma Bay"
"6944","Breaks",3738605,12,"Oyster Bay"
"6945","Breaks",3738628,17,"Kaiuma Bay"
"6946","Breaks",3738631,17,"Kaiuma Bay"
"6947","Breaks",3738632,12,"Oyster Bay"
"6948","Breaks",3738634,12,"Oyster Bay"
"6949","Breaks",3738636,17,"Kaiuma Bay"
"6950","Breaks",3738645,17,"Kaiuma Bay"
"6951","Breaks",3738654,12,"Oyster Bay"
"6952","Breaks",3738659,12,"Oyster Bay"
"6953","Breaks",3738664,12,"Oyster Bay"
"6954","Breaks",3738666,12,"Oyster Bay"
"6955","Breaks",3738671,13,"Hakana Bay"
"6956","Breaks",3738674,7,"Grove Point/Arm Jetty"
"6957","Breaks",3738675,11,"Punga Cove"
"6958","Breaks",3738676,25,"Cowshed Bay"
"6959","Breaks",3738681,7,"Grove Point/Arm Jetty"
"6960","Breaks",3738682,7,"Grove Point/Arm Jetty"
"6961","Breaks",3738691,32,"Duncan Bay"
"6962","Breaks",3738692,32,"Duncan Bay"
"6963","Breaks",3738693,37,"Hamilton Bay (Rocky Creek) Ramp"
"6964","Breaks",3738694,30,"St. Omer Barge Ramp"
"6965","Breaks",3738695,13,"Hakana Bay"
"6966","Breaks",3738702,27,"Sandy Bay"
"6967","Breaks",3738704,11,"Punga Cove"
"6968","Breaks",3738707,7,"Grove Point/Arm Jetty"
"6969","Breaks",3738714,30,"St. Omer Barge Ramp"
"6970","Breaks",3738715,37,"Hamilton Bay (Rocky Creek) Ramp"
"6971","Breaks",3738727,17,"Kaiuma Bay"
"6972","Breaks",3738732,17,"Kaiuma Bay"
"6973","Breaks",3738734,17,"Kaiuma Bay"
"6974","Breaks",3738736,17,"Kaiuma Bay"
"6975","Breaks",3738743,17,"Kaiuma Bay"
"6976","Breaks",3738759,33,"Penzance Bay"
"6977","Breaks",3738765,12,"Oyster Bay"
"6978","Breaks",3738766,12,"Oyster Bay"
"6979","Breaks",3738775,12,"Oyster Bay"
"6980","Breaks",3738781,12,"Oyster Bay"
"6981","Breaks",3738782,12,"Oyster Bay"
"6982","Breaks",3738799,11,"Punga Cove"
"6983","Breaks",3738802,17,"Kaiuma Bay"
"6984","Breaks",3738806,12,"Oyster Bay"
"6985","Breaks",3738819,12,"Oyster Bay"
"6986","Breaks",3738820,12,"Oyster Bay"
"6987","Breaks",3738825,12,"Oyster Bay"
"6988","Breaks",3738826,12,"Oyster Bay"
"6989","Breaks",3738829,13,"Hakana Bay"
"6990","Breaks",3738835,12,"Oyster Bay"
"6991","Breaks",3738836,23,"Te Mahia"
"6992","Breaks",3738837,18,"Moetapu Bay Jetty"
"6993","Breaks",3738840,13,"Hakana Bay"
"6994","Breaks",3738858,17,"Kaiuma Bay"
"6995","Breaks",3738875,12,"Oyster Bay"
"6996","Breaks",3738898,12,"Oyster Bay"
"6997","Breaks",3738905,12,"Oyster Bay"
"6998","Breaks",3738906,27,"Sandy Bay"
"6999","Breaks",3738907,17,"Kaiuma Bay"
"7000","Breaks",3738908,22,"Broughton Bay Road"
"7001","Breaks",3738911,13,"Hakana Bay"
"7002","Breaks",3738922,7,"Grove Point/Arm Jetty"
"7003","Breaks",3738935,13,"Hakana Bay"
"7004","Breaks",3738936,30,"St. Omer Barge Ramp"
"7005","Breaks",3738950,17,"Kaiuma Bay"
"7006","Breaks",3738956,17,"Kaiuma Bay"
"7007","Breaks",3738964,12,"Oyster Bay"
"7008","Breaks",3738967,12,"Oyster Bay"
"7009","Breaks",3738975,12,"Oyster Bay"
"7010","Breaks",3738976,12,"Oyster Bay"
"7011","Breaks",3738979,12,"Oyster Bay"
"7012","Breaks",3738980,12,"Oyster Bay"
"7013","Breaks",3738981,12,"Oyster Bay"
"7014","Breaks",3738984,17,"Kaiuma Bay"
"7015","Breaks",3738985,17,"Kaiuma Bay"
"7016","Breaks",3738986,17,"Kaiuma Bay"
"7017","Breaks",3739000,12,"Oyster Bay"
"7018","Breaks",3739033,12,"Oyster Bay"
"7019","Breaks",3739039,12,"Oyster Bay"
"7020","Breaks",3739062,17,"Kaiuma Bay"
"7021","Breaks",3739072,27,"Sandy Bay"
"7022","Breaks",3739074,27,"Sandy Bay"
"7023","Breaks",3739086,12,"Oyster Bay"
"7024","Breaks",3739087,12,"Oyster Bay"
"7025","Breaks",3739099,12,"Oyster Bay"
"7026","Breaks",3739104,12,"Oyster Bay"
"7027","Breaks",3739106,12,"Oyster Bay"
"7028","Breaks",3739107,32,"Duncan Bay"
"7029","Breaks",3739125,12,"Oyster Bay"
"7030","Breaks",3739145,12,"Oyster Bay"
"7031","Breaks",3739149,12,"Oyster Bay"
"7032","Breaks",3739150,21,"Willow Bay"
"7033","Breaks",3739153,12,"Oyster Bay"
"7034","Breaks",3739156,31,"Double Bay"
"7035","Breaks",3739167,17,"Kaiuma Bay"
"7036","Breaks",3739169,12,"Oyster Bay"
"7037","Breaks",3739171,17,"Kaiuma Bay"
"7038","Breaks",3739176,12,"Oyster Bay"
"7039","Breaks",3739187,17,"Kaiuma Bay"
"7040","Breaks",3739198,12,"Oyster Bay"
"7041","Breaks",3739201,12,"Oyster Bay"
"7042","Breaks",3739222,12,"Oyster Bay"
"7043","Breaks",3739223,7,"Grove Point/Arm Jetty"
"7044","Breaks",3739225,17,"Kaiuma Bay"
"7045","Breaks",3739226,12,"Oyster Bay"
"7046","Breaks",3739233,30,"St. Omer Barge Ramp"
"7047","Breaks",3739237,30,"St. Omer Barge Ramp"
"7048","Breaks",3739241,13,"Hakana Bay"
"7049","Breaks",3739249,12,"Oyster Bay"
"7050","Breaks",3739251,7,"Grove Point/Arm Jetty"
"7051","Breaks",3739252,7,"Grove Point/Arm Jetty"
"7052","Breaks",3739253,7,"Grove Point/Arm Jetty"
"7053","Breaks",3739255,7,"Grove Point/Arm Jetty"
"7054","Breaks",3739264,17,"Kaiuma Bay"
"7055","Breaks",3739279,17,"Kaiuma Bay"
"7056","Breaks",3739296,12,"Oyster Bay"
"7057","Breaks",3739301,12,"Oyster Bay"
"7058","Breaks",3739565,30,"St. Omer Barge Ramp"
"7059","Breaks",6516915,41,"Okiwi Bay"
"7060","Breaks",6516916,41,"Okiwi Bay"
"7061","Breaks",6517683,36,"Kapowai Bay (D'urville Island)"
"7062","Breaks",6517684,36,"Kapowai Bay (D'urville Island)"
"7063","Breaks",6517736,41,"Okiwi Bay"
"7064","Breaks",6517737,41,"Okiwi Bay"
"7065","Breaks",6517738,41,"Okiwi Bay"
"7066","Breaks",6517739,41,"Okiwi Bay"
"7067","Breaks",6517740,41,"Okiwi Bay"
"7068","Breaks",6517741,41,"Okiwi Bay"
"7069","Breaks",6517742,41,"Okiwi Bay"
"7070","Breaks",6517743,41,"Okiwi Bay"
"7071","Breaks",6517744,41,"Okiwi Bay"
"7072","Breaks",6517745,41,"Okiwi Bay"
"7073","Breaks",6517746,41,"Okiwi Bay"
"7074","Breaks",6517747,41,"Okiwi Bay"
"7075","Breaks",6517748,41,"Okiwi Bay"
"7076","Breaks",6517749,41,"Okiwi Bay"
"7077","Breaks",6517750,41,"Okiwi Bay"
"7078","Breaks",6517751,41,"Okiwi Bay"
"7079","Breaks",6517752,41,"Okiwi Bay"
"7080","Breaks",6517753,41,"Okiwi Bay"
"7081","Breaks",6517754,41,"Okiwi Bay"
"7082","Breaks",6518363,38,"Bulwer Bay"
"7083","Breaks",6518364,38,"Bulwer Bay"
"7084","Breaks",6520441,12,"Oyster Bay"
"7085","Breaks",6520442,12,"Oyster Bay"
"7086","Breaks",6520443,12,"Oyster Bay"
"7087","Breaks",6520444,12,"Oyster Bay"
"7088","Breaks",6520445,12,"Oyster Bay"
"7089","Breaks",6520487,12,"Oyster Bay"
"7090","Breaks",6520488,12,"Oyster Bay"
"7091","Breaks",6520738,12,"Oyster Bay"
"7092","Breaks",6520807,33,"Penzance Bay"
"7093","Breaks",6520808,33,"Penzance Bay"
"7094","Breaks",6520809,33,"Penzance Bay"
"7095","Breaks",6520810,33,"Penzance Bay"
"7096","Breaks",6520811,33,"Penzance Bay"
"7097","Breaks",6520812,33,"Penzance Bay"
"7098","Breaks",6520813,33,"Penzance Bay"
"7099","Breaks",6520814,33,"Penzance Bay"
"7100","Breaks",6520815,33,"Penzance Bay"
"7101","Breaks",6520816,33,"Penzance Bay"
"7102","Breaks",6520817,33,"Penzance Bay"
"7103","Breaks",6520818,33,"Penzance Bay"
"7104","Breaks",6520819,33,"Penzance Bay"
"7105","Breaks",6520820,33,"Penzance Bay"
"7106","Breaks",6520821,33,"Penzance Bay"
"7107","Breaks",6520822,33,"Penzance Bay"
"7108","Breaks",6520945,23,"Te Mahia"
"7109","Breaks",6520946,23,"Te Mahia"
"7110","Breaks",6520947,23,"Te Mahia"
"7111","Breaks",6522555,8,"Momorangi Bay"
"7112","Breaks",6522556,8,"Momorangi Bay"
"7113","Breaks",6522557,9,"Ngakuta Bay"
"7114","Breaks",6522558,9,"Ngakuta Bay"
"7115","Breaks",6522594,20,"Ohingaroa Bay"
"7116","Breaks",6522595,20,"Ohingaroa Bay"
"7117","Breaks",6523601,17,"Kaiuma Bay"
"7118","Breaks",6523602,17,"Kaiuma Bay"
"7119","Breaks",6523603,17,"Kaiuma Bay"
"7120","Breaks",6523925,13,"Hakana Bay"
"7121","Breaks",6523926,13,"Hakana Bay"
"7122","Breaks",6523927,13,"Hakana Bay"
"7123","Breaks",6524951,41,"Okiwi Bay"
"7124","Breaks",6524993,17,"Kaiuma Bay"
"7125","Breaks",6524995,17,"Kaiuma Bay"
"7126","Breaks",6524996,17,"Kaiuma Bay"
"7127","Breaks",6524997,17,"Kaiuma Bay"
"7128","Breaks",6525152,12,"Oyster Bay"
"7129","Breaks",6525153,12,"Oyster Bay"
"7130","Breaks",6526445,6,"Anakiwa"
"7131","Breaks",6526446,6,"Anakiwa"
"7132","Breaks",6526447,6,"Anakiwa"
"7133","Breaks",6527342,27,"Sandy Bay"
"7134","Breaks",6527343,27,"Sandy Bay"
"7135","Breaks",6527406,12,"Oyster Bay"
"7136","Breaks",6527407,12,"Oyster Bay"
"7137","Breaks",6528520,13,"Hakana Bay"
"7138","Breaks",6528521,13,"Hakana Bay"
"7139","Breaks",6528522,13,"Hakana Bay"
"7140","Breaks",6528523,13,"Hakana Bay"
"7141","Breaks",6528524,13,"Hakana Bay"
"7142","Breaks",6528526,13,"Hakana Bay"
"7143","Breaks",6528527,13,"Hakana Bay"
"7144","Breaks",6528529,13,"Hakana Bay"
"7145","Breaks",6528531,13,"Hakana Bay"
"7146","Breaks",6528533,13,"Hakana Bay"
"7147","Breaks",6528534,13,"Hakana Bay"
"7148","Breaks",6528550,37,"Hamilton Bay (Rocky Creek) Ramp"
"7149","Breaks",6528551,34,"Cissy Bay"
"7150","Breaks",6528552,34,"Cissy Bay"
"7151","Breaks",6528553,34,"Cissy Bay"
"7152","Breaks",6528708,41,"Okiwi Bay"
"7153","Breaks",6528709,41,"Okiwi Bay"
"7154","Breaks",6528732,12,"Oyster Bay"
"7155","Breaks",6528733,12,"Oyster Bay"
"7156","Breaks",6528734,12,"Oyster Bay"
"7157","Breaks",6528735,12,"Oyster Bay"
"7158","Breaks",6528736,12,"Oyster Bay"
"7159","Breaks",6528737,12,"Oyster Bay"
"7160","Breaks",6528738,12,"Oyster Bay"
"7161","Breaks",6528784,12,"Oyster Bay"
"7162","Breaks",6528785,12,"Oyster Bay"
"7163","Breaks",6528867,12,"Oyster Bay"
"7164","Breaks",6528868,12,"Oyster Bay"
"7165","Breaks",6528869,12,"Oyster Bay"
"7166","Breaks",6528870,12,"Oyster Bay"
"7167","Breaks",6528871,12,"Oyster Bay"
"7168","Breaks",6528872,12,"Oyster Bay"
"7169","Breaks",6528873,12,"Oyster Bay"
"7170","Breaks",6528874,12,"Oyster Bay"
"7171","Breaks",6528875,12,"Oyster Bay"
"7172","Breaks",6528876,12,"Oyster Bay"
"7173","Breaks",6528879,12,"Oyster Bay"
"7174","Breaks",6528880,12,"Oyster Bay"
"7175","Breaks",6531615,12,"Oyster Bay"
"7176","Breaks",6531838,37,"Hamilton Bay (Rocky Creek) Ramp"
"7177","Breaks",6531839,37,"Hamilton Bay (Rocky Creek) Ramp"
"7178","Breaks",6531854,36,"Kapowai Bay (D'urville Island)"
"7179","Breaks",6531855,36,"Kapowai Bay (D'urville Island)"
"7180","Breaks",6531856,36,"Kapowai Bay (D'urville Island)"
"7181","Breaks",6531976,29,"Waitaria Bay"
"7182","Breaks",6531978,29,"Waitaria Bay"
"7183","Breaks",6532054,18,"Moetapu Bay Jetty"
"7184","Breaks",6532055,18,"Moetapu Bay Jetty"
"7185","Breaks",6532139,14,"Elaine Bay"
"7186","Breaks",6532140,14,"Elaine Bay"
"7187","Breaks",6532330,31,"Double Bay"
"7188","Breaks",6532331,31,"Double Bay"
"7189","Breaks",6532901,12,"Oyster Bay"
"7190","Breaks",6532974,31,"Double Bay"
"7191","Breaks",6532975,31,"Double Bay"
"7192","Breaks",6532976,31,"Double Bay"
"7193","Breaks",6532977,31,"Double Bay"
"7194","Breaks",6532978,31,"Double Bay"
"7195","Breaks",6532979,31,"Double Bay"
"7196","Breaks",6532980,31,"Double Bay"
"7197","Breaks",6532981,31,"Double Bay"
"7198","Breaks",6532982,31,"Double Bay"
"7199","Breaks",6532983,31,"Double Bay"
"7200","Breaks",6532984,31,"Double Bay"
"7201","Breaks",6532985,31,"Double Bay"
"7202","Breaks",6532986,31,"Double Bay"
"7203","Breaks",6532987,31,"Double Bay"
"7204","Breaks",6532988,31,"Double Bay"
"7205","Breaks",6532989,31,"Double Bay"
"7206","Breaks",6532990,31,"Double Bay"
"7207","Breaks",6532992,31,"Double Bay"
"7208","Breaks",6532993,31,"Double Bay"
"7209","Breaks",6533040,12,"Oyster Bay"
"7210","Breaks",6533041,12,"Oyster Bay"
"7211","Breaks",6533113,11,"Punga Cove"
"7212","Breaks",6533114,11,"Punga Cove"
"7213","Breaks",6533447,11,"Punga Cove"
"7214","Breaks",6533448,11,"Punga Cove"
"7215","Breaks",6533528,27,"Sandy Bay"
"7216","Breaks",6533529,27,"Sandy Bay"
"7217","Breaks",6535508,12,"Oyster Bay"
"7218","Breaks",6535509,12,"Oyster Bay"
"7219","Breaks",6535741,12,"Oyster Bay"
"7220","Breaks",6535742,12,"Oyster Bay"
"7221","Breaks",6535743,12,"Oyster Bay"
"7222","Breaks",6535744,12,"Oyster Bay"
"7223","Breaks",6535745,12,"Oyster Bay"
"7224","Breaks",6536109,29,"Waitaria Bay"
"7225","Breaks",6536110,29,"Waitaria Bay"
"7226","Breaks",6536111,29,"Waitaria Bay"
"7227","Breaks",6536112,29,"Waitaria Bay"
"7228","Breaks",6536113,29,"Waitaria Bay"
"7229","Breaks",6536114,29,"Waitaria Bay"
"7230","Breaks",6536115,29,"Waitaria Bay"
"7231","Breaks",6536116,29,"Waitaria Bay"
"7232","Breaks",6537098,12,"Oyster Bay"
"7233","Breaks",6537099,12,"Oyster Bay"
"7234","Breaks",6537695,11,"Punga Cove"
"7235","Breaks",6537696,11,"Punga Cove"
"7236","Breaks",6537917,12,"Oyster Bay"
"7237","Breaks",6537918,12,"Oyster Bay"
"7238","Breaks",6538894,7,"Grove Point/Arm Jetty"
"7239","Breaks",6539158,37,"Hamilton Bay (Rocky Creek) Ramp"
"7240","Breaks",6539159,37,"Hamilton Bay (Rocky Creek) Ramp"
"7241","Breaks",6539160,37,"Hamilton Bay (Rocky Creek) Ramp"
"7242","Breaks",6539161,37,"Hamilton Bay (Rocky Creek) Ramp"
"7243","Breaks",6541615,12,"Oyster Bay"
"7244","Breaks",6541812,12,"Oyster Bay"
"7245","Breaks",6541813,12,"Oyster Bay"
"7246","Breaks",6541814,12,"Oyster Bay"
"7247","Breaks",6541815,12,"Oyster Bay"
"7248","Breaks",6541842,37,"Hamilton Bay (Rocky Creek) Ramp"
"7249","Breaks",6542012,36,"Kapowai Bay (D'urville Island)"
"7250","Breaks",6542095,12,"Oyster Bay"
"7251","Breaks",6542096,12,"Oyster Bay"
"7252","Breaks",6542559,34,"Cissy Bay"
"7253","Breaks",6542560,34,"Cissy Bay"
"7254","Breaks",6543729,12,"Oyster Bay"
"7255","Breaks",6543730,12,"Oyster Bay"
"7256","Breaks",6545250,29,"Waitaria Bay"
"7257","Breaks",6545484,38,"Bulwer Bay"
"7258","Breaks",6545633,12,"Oyster Bay"
"7259","Breaks",6545634,12,"Oyster Bay"
"7260","Breaks",6545635,12,"Oyster Bay"
"7261","Breaks",6545637,12,"Oyster Bay"
"7262","Breaks",6545743,7,"Grove Point/Arm Jetty"
"7263","Breaks",6545744,7,"Grove Point/Arm Jetty"
"7264","Breaks",6546823,12,"Oyster Bay"
"7265","Breaks",6546824,12,"Oyster Bay"
"7266","Breaks",6547175,30,"St. Omer Barge Ramp"
"7267","Breaks",6547176,30,"St. Omer Barge Ramp"
"7268","Breaks",6547565,11,"Punga Cove"
"7269","Breaks",6547566,11,"Punga Cove"
"7270","Breaks",6547567,11,"Punga Cove"
"7271","Breaks",6547568,11,"Punga Cove"
"7272","Breaks",6547569,11,"Punga Cove"
"7273","Breaks",6547570,11,"Punga Cove"
"7274","Breaks",6547571,11,"Punga Cove"
"7275","Breaks",6547572,11,"Punga Cove"
"7276","Breaks",6547573,11,"Punga Cove"
"7277","Breaks",6547574,11,"Punga Cove"
"7278","Breaks",6549052,17,"Kaiuma Bay"
"7279","Breaks",6549053,17,"Kaiuma Bay"
"7280","Breaks",6550671,12,"Oyster Bay"
"7281","Breaks",6550913,12,"Oyster Bay"
"7282","Breaks",6550914,12,"Oyster Bay"
"7283","Breaks",6550915,12,"Oyster Bay"
"7284","Breaks",6552377,31,"Double Bay"
"7285","Breaks",6552378,31,"Double Bay"
"7286","Breaks",6552380,31,"Double Bay"
"7287","Breaks",6552381,31,"Double Bay"
"7288","Breaks",6552382,31,"Double Bay"
"7289","Breaks",6552385,31,"Double Bay"
"7290","Breaks",6552387,31,"Double Bay"
"7291","Breaks",6552389,30,"St. Omer Barge Ramp"
"7292","Breaks",6552390,30,"St. Omer Barge Ramp"
"7293","Breaks",6552393,30,"St. Omer Barge Ramp"
"7294","Breaks",6557940,27,"Sandy Bay"
"7295","Breaks",6558374,12,"Oyster Bay"
"7296","Breaks",6558738,30,"St. Omer Barge Ramp"
"7297","Breaks",6558739,30,"St. Omer Barge Ramp"
"7298","Breaks",6558740,30,"St. Omer Barge Ramp"
"7299","Breaks",6558741,30,"St. Omer Barge Ramp"
"7300","Breaks",6558742,30,"St. Omer Barge Ramp"
"7301","Breaks",6558743,30,"St. Omer Barge Ramp"
"7302","Breaks",6558744,30,"St. Omer Barge Ramp"
"7303","Breaks",6558745,30,"St. Omer Barge Ramp"
"7304","Breaks",6559599,30,"St. Omer Barge Ramp"
"7305","Breaks",6561190,23,"Te Mahia"
"7306","Breaks",6561191,23,"Te Mahia"
"7307","Breaks",6564793,7,"Grove Point/Arm Jetty"
"7308","Breaks",6564794,7,"Grove Point/Arm Jetty"
"7309","Breaks",6565429,17,"Kaiuma Bay"
"7310","Breaks",6566335,7,"Grove Point/Arm Jetty"
"7311","Breaks",6566337,7,"Grove Point/Arm Jetty"
"7312","Breaks",6568422,27,"Sandy Bay"
"7313","Breaks",6571848,12,"Oyster Bay"
"7314","Breaks",6571849,12,"Oyster Bay"
"7315","Breaks",6574304,34,"Cissy Bay"
"7316","Breaks",6574305,34,"Cissy Bay"
"7317","Breaks",6575358,7,"Grove Point/Arm Jetty"
"7318","Breaks",6575359,7,"Grove Point/Arm Jetty"
"7319","Breaks",6578021,41,"Okiwi Bay"
"7320","Breaks",6578022,41,"Okiwi Bay"
"7321","Breaks",6580080,35,"Elmslie Bay (French Pass)"
"7322","Breaks",6580081,35,"Elmslie Bay (French Pass)"
"7323","Breaks",6580573,12,"Oyster Bay"
"7324","Breaks",6581504,27,"Sandy Bay"
"7325","Breaks",6581505,27,"Sandy Bay"
"7326","Breaks",6581506,27,"Sandy Bay"
"7327","Breaks",6581507,27,"Sandy Bay"
"7328","Breaks",6581508,27,"Sandy Bay"
"7329","Breaks",6581509,26,"Nikau Cove Doc Camp"
"7330","Breaks",6581510,26,"Nikau Cove Doc Camp"
"7331","Breaks",6581511,27,"Sandy Bay"
"7332","Breaks",6582672,12,"Oyster Bay"
"7333","Breaks",6582673,12,"Oyster Bay"
"7334","Breaks",6582674,12,"Oyster Bay"
"7335","Breaks",6583798,39,"Elaine Bay Boat Ramp"
"7336","Breaks",6584246,9,"Ngakuta Bay"
"7337","Breaks",6584247,9,"Ngakuta Bay"
"7338","Breaks",6584845,12,"Oyster Bay"
"7339","Breaks",6584846,12,"Oyster Bay"
"7340","Breaks",6584848,12,"Oyster Bay"
"7341","Breaks",6588393,12,"Oyster Bay"
"7342","Breaks",6588394,12,"Oyster Bay"
"7343","Breaks",6589915,17,"Kaiuma Bay"
"7344","Breaks",6589918,17,"Kaiuma Bay"
"7345","Breaks",6589920,17,"Kaiuma Bay"
"7346","Breaks",6589921,17,"Kaiuma Bay"
"7347","Breaks",6589922,17,"Kaiuma Bay"
"7348","Breaks",6589923,17,"Kaiuma Bay"
"7349","Breaks",6589927,17,"Kaiuma Bay"
"7350","Breaks",6589928,17,"Kaiuma Bay"
"7351","Breaks",6589929,17,"Kaiuma Bay"
"7352","Breaks",6589931,17,"Kaiuma Bay"
"7353","Breaks",6589933,17,"Kaiuma Bay"
"7354","Breaks",6589934,17,"Kaiuma Bay"
"7355","Breaks",6589940,17,"Kaiuma Bay"
"7356","Breaks",6592796,17,"Kaiuma Bay"
"7357","Breaks",6592797,17,"Kaiuma Bay"
"7358","Breaks",6593257,7,"Grove Point/Arm Jetty"
"7359","Breaks",6593258,7,"Grove Point/Arm Jetty"
"7360","Breaks",6594054,25,"Cowshed Bay"
"7361","Breaks",6594055,25,"Cowshed Bay"
"7362","Breaks",6594360,28,"Fish Bay Ramp"
"7363","Breaks",6594881,33,"Penzance Bay"
"7364","Breaks",6594882,33,"Penzance Bay"
"7365","Breaks",6594923,17,"Kaiuma Bay"
"7366","Breaks",6594924,17,"Kaiuma Bay"
"7367","Breaks",6594925,17,"Kaiuma Bay"
"7368","Breaks",6604116,13,"Hakana Bay"
"7369","Breaks",6604117,13,"Hakana Bay"
"7370","Breaks",6604118,13,"Hakana Bay"
"7371","Breaks",6605506,12,"Oyster Bay"
"7372","Breaks",6605507,12,"Oyster Bay"
"7373","Breaks",6605562,17,"Kaiuma Bay"
"7374","Breaks",6605563,17,"Kaiuma Bay"
"7375","Breaks",6605564,17,"Kaiuma Bay"
"7376","Breaks",6605565,17,"Kaiuma Bay"
"7377","Breaks",6605566,17,"Kaiuma Bay"
"7378","Breaks",6605567,17,"Kaiuma Bay"
"7379","Breaks",6605673,12,"Oyster Bay"
"7380","Breaks",6609062,14,"Elaine Bay"
"7381","Breaks",6609064,39,"Elaine Bay Boat Ramp"
"7382","Breaks",6611306,12,"Oyster Bay"
"7383","Breaks",6611307,12,"Oyster Bay"
"7384","Breaks",6611308,12,"Oyster Bay"
"7385","Breaks",6611309,12,"Oyster Bay"
"7386","Breaks",6611311,12,"Oyster Bay"
"7387","Breaks",6611312,12,"Oyster Bay"
"7388","Breaks",6611313,12,"Oyster Bay"
"7389","Breaks",6611314,12,"Oyster Bay"
"7390","Breaks",6611315,12,"Oyster Bay"
"7391","Breaks",6612003,17,"Kaiuma Bay"
"7392","Breaks",6612010,17,"Kaiuma Bay"
"7393","Breaks",6614896,7,"Grove Point/Arm Jetty"
"7394","Breaks",6615448,41,"Okiwi Bay"
"7395","Breaks",6615449,41,"Okiwi Bay"
"7396","Breaks",6615450,41,"Okiwi Bay"
"7397","Breaks",6616126,12,"Oyster Bay"
"7398","Breaks",6616127,12,"Oyster Bay"
"7399","Breaks",6616128,12,"Oyster Bay"
"7400","Breaks",6616129,12,"Oyster Bay"
"7401","Breaks",6616248,7,"Grove Point/Arm Jetty"
"7402","Breaks",6616249,7,"Grove Point/Arm Jetty"
"7403","Breaks",6617546,11,"Punga Cove"
"7404","Breaks",6617937,12,"Oyster Bay"
"7405","Breaks",6617938,12,"Oyster Bay"
"7406","Breaks",6623831,12,"Oyster Bay"
"7407","Breaks",6623903,12,"Oyster Bay"
"7408","Breaks",6623904,12,"Oyster Bay"
"7409","Breaks",6624082,21,"Willow Bay"
"7410","Breaks",6624083,21,"Willow Bay"
"7411","Breaks",6625422,32,"Duncan Bay"
"7412","Breaks",6626838,17,"Kaiuma Bay"
"7413","Breaks",6626839,17,"Kaiuma Bay"
"7414","Breaks",6626840,17,"Kaiuma Bay"
"7415","Breaks",6627483,7,"Grove Point/Arm Jetty"
"7416","Breaks",6627485,7,"Grove Point/Arm Jetty"
"7417","Breaks",6627486,7,"Grove Point/Arm Jetty"
"7418","Breaks",6629933,12,"Oyster Bay"
"7419","Breaks",6629934,12,"Oyster Bay"
"7420","Breaks",6629935,12,"Oyster Bay"
"7421","Breaks",6629938,12,"Oyster Bay"
"7422","Breaks",6629939,12,"Oyster Bay"
"7423","Breaks",6629941,12,"Oyster Bay"
"7424","Breaks",6629942,12,"Oyster Bay"
"7425","Breaks",6629943,12,"Oyster Bay"
"7426","Breaks",6629946,12,"Oyster Bay"
"7427","Breaks",6629947,12,"Oyster Bay"
"7428","Breaks",6630683,33,"Penzance Bay"
"7429","Breaks",6630684,33,"Penzance Bay"
"7430","Breaks",6631168,12,"Oyster Bay"
"7431","Breaks",6631169,12,"Oyster Bay"
"7432","Breaks",6632637,12,"Oyster Bay"
"7433","Breaks",6636297,28,"Fish Bay Ramp"
"7434","Breaks",6636298,28,"Fish Bay Ramp"
"7435","Breaks",6636999,7,"Grove Point/Arm Jetty"
"7436","Breaks",6638560,35,"Elmslie Bay (French Pass)"
"7437","Breaks",6638561,35,"Elmslie Bay (French Pass)"
"7438","Breaks",6638562,35,"Elmslie Bay (French Pass)"
"7439","Breaks",6638563,35,"Elmslie Bay (French Pass)"
"7440","Breaks",6638564,35,"Elmslie Bay (French Pass)"
"7441","Breaks",6638569,35,"Elmslie Bay (French Pass)"
"7442","Breaks",6638630,12,"Oyster Bay"
"7443","Breaks",6638631,12,"Oyster Bay"
"7444","Breaks",6638633,12,"Oyster Bay"
"7445","Breaks",6638996,17,"Kaiuma Bay"
"7446","Breaks",6638997,17,"Kaiuma Bay"
"7447","Breaks",6639821,29,"Waitaria Bay"
"7448","Breaks",6639823,29,"Waitaria Bay"
"7449","Breaks",6643936,12,"Oyster Bay"
"7450","Breaks",6644710,12,"Oyster Bay"
"7451","Breaks",6644711,7,"Grove Point/Arm Jetty"
"7452","Breaks",6646670,17,"Kaiuma Bay"
"7453","Breaks",6646723,12,"Oyster Bay"
"7454","Breaks",6646724,12,"Oyster Bay"
"7455","Breaks",6648674,13,"Hakana Bay"
"7456","Breaks",6648675,13,"Hakana Bay"
"7457","Breaks",6652341,23,"Te Mahia"
"7458","Breaks",6652342,23,"Te Mahia"
"7459","Breaks",6652774,11,"Punga Cove"
"7460","Breaks",6653927,17,"Kaiuma Bay"
"7461","Breaks",6653928,17,"Kaiuma Bay"
"7462","Breaks",6653929,17,"Kaiuma Bay"
"7463","Breaks",6653930,17,"Kaiuma Bay"
"7464","Breaks",6653931,17,"Kaiuma Bay"
"7465","Breaks",6654895,17,"Kaiuma Bay"
"7466","Breaks",6654896,17,"Kaiuma Bay"
"7467","Breaks",6655503,31,"Double Bay"
"7468","Breaks",6655507,31,"Double Bay"
"7469","Breaks",6655508,31,"Double Bay"
"7470","Breaks",6655509,31,"Double Bay"
"7471","Breaks",6660131,12,"Oyster Bay"
"7472","Breaks",6661894,31,"Double Bay"
"7473","Breaks",6661895,31,"Double Bay"
"7474","Breaks",6665366,13,"Hakana Bay"
"7475","Breaks",6665367,13,"Hakana Bay"
"7476","Breaks",6665396,36,"Kapowai Bay (D'urville Island)"
"7477","Breaks",6665532,37,"Hamilton Bay (Rocky Creek) Ramp"
"7478","Breaks",6665533,37,"Hamilton Bay (Rocky Creek) Ramp"
"7479","Breaks",6665534,34,"Cissy Bay"
"7480","Breaks",6665535,34,"Cissy Bay"
"7481","Breaks",6665536,34,"Cissy Bay"
"7482","Breaks",6665537,34,"Cissy Bay"
"7483","Breaks",6665538,34,"Cissy Bay"
"7484","Breaks",6665539,34,"Cissy Bay"
"7485","Breaks",6665540,34,"Cissy Bay"
"7486","Breaks",6665541,34,"Cissy Bay"
"7487","Breaks",6665542,37,"Hamilton Bay (Rocky Creek) Ramp"
"7488","Breaks",6666144,17,"Kaiuma Bay"
"7489","Breaks",6666145,17,"Kaiuma Bay"
"7490","Breaks",6666146,17,"Kaiuma Bay"
"7491","Breaks",6669473,12,"Oyster Bay"
"7492","Breaks",6669474,12,"Oyster Bay"
"7493","Breaks",6669573,9,"Ngakuta Bay"
"7494","Breaks",6669574,9,"Ngakuta Bay"
"7495","Breaks",6669575,9,"Ngakuta Bay"
"7496","Breaks",6669576,9,"Ngakuta Bay"
"7497","Breaks",6670191,12,"Oyster Bay"
"7498","Breaks",6670192,12,"Oyster Bay"
"7499","Breaks",6670193,12,"Oyster Bay"
"7500","Breaks",6670980,13,"Hakana Bay"
"7501","Breaks",6670981,13,"Hakana Bay"
"7502","Breaks",6671297,27,"Sandy Bay"
"7503","Breaks",6671298,27,"Sandy Bay"
"7504","Breaks",6671411,30,"St. Omer Barge Ramp"
"7505","Breaks",6671412,30,"St. Omer Barge Ramp"
"7506","Breaks",6671413,30,"St. Omer Barge Ramp"
"7507","Breaks",6671414,30,"St. Omer Barge Ramp"
"7508","Breaks",6671870,17,"Kaiuma Bay"
"7509","Breaks",6671871,17,"Kaiuma Bay"
"7510","Breaks",6673684,12,"Oyster Bay"
"7511","Breaks",6673685,12,"Oyster Bay"
"7512","Breaks",6674960,7,"Grove Point/Arm Jetty"
"7513","Breaks",6674961,7,"Grove Point/Arm Jetty"
"7514","Breaks",6675553,9,"Ngakuta Bay"
"7515","Breaks",6675554,9,"Ngakuta Bay"
"7516","Breaks",6676511,17,"Kaiuma Bay"
"7517","Breaks",6679043,12,"Oyster Bay"
"7518","Breaks",6679044,12,"Oyster Bay"
"7519","Breaks",6679045,12,"Oyster Bay"
"7520","Breaks",6679046,12,"Oyster Bay"
"7521","Breaks",6679872,13,"Hakana Bay"
"7522","Breaks",6679873,13,"Hakana Bay"
"7523","Breaks",6679874,13,"Hakana Bay"
"7524","Breaks",6679875,13,"Hakana Bay"
"7525","Breaks",6682400,12,"Oyster Bay"
"7526","Breaks",6682401,12,"Oyster Bay"
"7527","Breaks",6682520,17,"Kaiuma Bay"
"7528","Breaks",6682521,17,"Kaiuma Bay"
"7529","Breaks",6682522,17,"Kaiuma Bay"
"7530","Breaks",6682523,17,"Kaiuma Bay"
"7531","Breaks",6682524,17,"Kaiuma Bay"
"7532","Breaks",6682669,12,"Oyster Bay"
"7533","Breaks",6684038,17,"Kaiuma Bay"
"7534","Breaks",6684039,17,"Kaiuma Bay"
"7535","Breaks",6684525,11,"Punga Cove"
"7536","Breaks",6684526,11,"Punga Cove"
"7537","Breaks",6684527,11,"Punga Cove"
"7538","Breaks",6684580,12,"Oyster Bay"
"7539","Breaks",6684581,12,"Oyster Bay"
"7540","Breaks",6685560,34,"Cissy Bay"
"7541","Breaks",6685561,34,"Cissy Bay"
"7542","Breaks",6685562,36,"Kapowai Bay (D'urville Island)"
"7543","Breaks",6688035,12,"Oyster Bay"
"7544","Breaks",6688037,12,"Oyster Bay"
"7545","Breaks",6688038,12,"Oyster Bay"
"7546","Breaks",6688039,12,"Oyster Bay"
"7547","Breaks",6688040,12,"Oyster Bay"
"7548","Breaks",6688041,12,"Oyster Bay"
"7549","Breaks",6688269,41,"Okiwi Bay"
"7550","Breaks",6688270,41,"Okiwi Bay"
"7551","Breaks",6688362,32,"Duncan Bay"
"7552","Breaks",6688363,32,"Duncan Bay"
"7553","Breaks",6689234,32,"Duncan Bay"
"7554","Breaks",6689235,32,"Duncan Bay"
"7555","Breaks",6689237,32,"Duncan Bay"
"7556","Breaks",6689239,32,"Duncan Bay"
"7557","Breaks",6689241,32,"Duncan Bay"
"7558","Breaks",6689408,12,"Oyster Bay"
"7559","Breaks",6689409,12,"Oyster Bay"
"7560","Breaks",6689923,7,"Grove Point/Arm Jetty"
"7561","Breaks",6689924,7,"Grove Point/Arm Jetty"
"7562","Breaks",6692047,17,"Kaiuma Bay"
"7563","Breaks",6692048,17,"Kaiuma Bay"
"7564","Breaks",6693772,11,"Punga Cove"
"7565","Breaks",6694306,7,"Grove Point/Arm Jetty"
"7566","Breaks",6694398,41,"Okiwi Bay"
"7567","Breaks",6694399,41,"Okiwi Bay"
"7568","Breaks",6694405,12,"Oyster Bay"
"7569","Breaks",6695433,19,"Double Bay Boat Ramp"
"7570","Breaks",6695434,19,"Double Bay Boat Ramp"
"7571","Breaks",6695941,12,"Oyster Bay"
"7572","Breaks",6696023,17,"Kaiuma Bay"
"7573","Breaks",6696024,17,"Kaiuma Bay"
"7574","Breaks",6696025,17,"Kaiuma Bay"
"7575","Breaks",6697901,17,"Kaiuma Bay"
"7576","Breaks",6697902,17,"Kaiuma Bay"
"7577","Breaks",6697916,29,"Waitaria Bay"
"7578","Breaks",6697917,28,"Fish Bay Ramp"
"7579","Breaks",6699197,26,"Nikau Cove Doc Camp"
"7580","Breaks",6699198,26,"Nikau Cove Doc Camp"
"7581","Breaks",6699199,26,"Nikau Cove Doc Camp"
"7582","Breaks",6699202,27,"Sandy Bay"
"7583","Breaks",6702269,11,"Punga Cove"
"7584","Breaks",6702270,11,"Punga Cove"
"7585","Breaks",6702271,11,"Punga Cove"
"7586","Breaks",6702272,11,"Punga Cove"
"7587","Breaks",6702922,17,"Kaiuma Bay"
"7588","Breaks",6703372,17,"Kaiuma Bay"
"7589","Breaks",6703373,17,"Kaiuma Bay"
"7590","Breaks",6705144,34,"Cissy Bay"
"7591","Breaks",6705145,34,"Cissy Bay"
"7592","Breaks",6707164,41,"Okiwi Bay"
"7593","Breaks",6707165,41,"Okiwi Bay"
"7594","Breaks",6707166,41,"Okiwi Bay"
"7595","Breaks",6707937,7,"Grove Point/Arm Jetty"
"7596","Breaks",6707938,7,"Grove Point/Arm Jetty"
"7597","Breaks",6708683,17,"Kaiuma Bay"
"7598","Breaks",6708684,17,"Kaiuma Bay"
"7599","Breaks",6710258,12,"Oyster Bay"
"7600","Breaks",6710963,7,"Grove Point/Arm Jetty"
"7601","Breaks",6710964,7,"Grove Point/Arm Jetty"
"7602","Breaks",6710966,7,"Grove Point/Arm Jetty"
"7603","Breaks",6711392,17,"Kaiuma Bay"
"7604","Breaks",6711393,17,"Kaiuma Bay"
"7605","Breaks",6713249,7,"Grove Point/Arm Jetty"
"7606","Breaks",6713250,7,"Grove Point/Arm Jetty"
"7607","Breaks",6713252,7,"Grove Point/Arm Jetty"
"7608","Breaks",6713253,7,"Grove Point/Arm Jetty"
"7609","Breaks",6713465,12,"Oyster Bay"
"7610","Breaks",6713466,12,"Oyster Bay"
"7611","Breaks",6713798,17,"Kaiuma Bay"
"7612","Breaks",6713800,17,"Kaiuma Bay"
"7613","Breaks",6713805,17,"Kaiuma Bay"
"7614","Breaks",6713807,17,"Kaiuma Bay"
"7615","Breaks",6717615,12,"Oyster Bay"
"7616","Breaks",6717616,12,"Oyster Bay"
"7617","Breaks",6717617,12,"Oyster Bay"
"7618","Breaks",6717618,12,"Oyster Bay"
"7619","Breaks",6717619,12,"Oyster Bay"
"7620","Breaks",6717620,12,"Oyster Bay"
"7621","Breaks",6717621,12,"Oyster Bay"
"7622","Breaks",6717622,12,"Oyster Bay"
"7623","Breaks",6717623,12,"Oyster Bay"
"7624","Breaks",6717624,12,"Oyster Bay"
"7625","Breaks",6717625,12,"Oyster Bay"
"7626","Breaks",6717626,12,"Oyster Bay"
"7627","Breaks",6717627,12,"Oyster Bay"
"7628","Breaks",6717628,12,"Oyster Bay"
"7629","Breaks",6717629,12,"Oyster Bay"
"7630","Breaks",6717630,12,"Oyster Bay"
"7631","Breaks",6717631,12,"Oyster Bay"
"7632","Breaks",6717632,12,"Oyster Bay"
"7633","Breaks",6717633,12,"Oyster Bay"
"7634","Breaks",6717634,12,"Oyster Bay"
"7635","Breaks",6717635,12,"Oyster Bay"
"7636","Breaks",6717636,12,"Oyster Bay"
"7637","Breaks",6717637,12,"Oyster Bay"
"7638","Breaks",6717638,12,"Oyster Bay"
"7639","Breaks",6717639,12,"Oyster Bay"
"7640","Breaks",6717640,12,"Oyster Bay"
"7641","Breaks",6717641,12,"Oyster Bay"
"7642","Breaks",6717645,12,"Oyster Bay"
"7643","Breaks",6717646,12,"Oyster Bay"
"7644","Breaks",6717647,12,"Oyster Bay"
"7645","Breaks",6717648,12,"Oyster Bay"
"7646","Breaks",6717649,12,"Oyster Bay"
"7647","Breaks",6717650,12,"Oyster Bay"
"7648","Breaks",6717651,12,"Oyster Bay"
"7649","Breaks",6717652,12,"Oyster Bay"
"7650","Breaks",6719820,12,"Oyster Bay"
"7651","Breaks",6720692,29,"Waitaria Bay"
"7652","Breaks",6720693,29,"Waitaria Bay"
"7653","Breaks",6720743,30,"St. Omer Barge Ramp"
"7654","Breaks",6720744,30,"St. Omer Barge Ramp"
"7655","Breaks",6720983,9,"Ngakuta Bay"
"7656","Breaks",6720984,9,"Ngakuta Bay"
"7657","Breaks",6721041,17,"Kaiuma Bay"
"7658","Breaks",6721042,17,"Kaiuma Bay"
"7659","Breaks",6721123,17,"Kaiuma Bay"
"7660","Breaks",6721124,17,"Kaiuma Bay"
"7661","Breaks",6721736,12,"Oyster Bay"
"7662","Breaks",6721737,12,"Oyster Bay"
"7663","Breaks",6724190,17,"Kaiuma Bay"
"7664","Breaks",6724191,17,"Kaiuma Bay"
"7665","Breaks",6724376,17,"Kaiuma Bay"
"7666","Breaks",6724377,17,"Kaiuma Bay"
"7667","Breaks",6724379,17,"Kaiuma Bay"
"7668","Breaks",6727601,7,"Grove Point/Arm Jetty"
"7669","Breaks",6727603,7,"Grove Point/Arm Jetty"
"7670","Breaks",6727604,7,"Grove Point/Arm Jetty"
"7671","Breaks",6727938,21,"Willow Bay"
"7672","Breaks",6727939,21,"Willow Bay"
"7673","Breaks",6727940,21,"Willow Bay"
"7674","Breaks",6727941,21,"Willow Bay"
"7675","Breaks",6727942,21,"Willow Bay"
"7676","Breaks",6727943,21,"Willow Bay"
"7677","Breaks",6727944,21,"Willow Bay"
"7678","Breaks",6727945,21,"Willow Bay"
"7679","Breaks",6729380,41,"Okiwi Bay"
"7680","Breaks",6736877,17,"Kaiuma Bay"
"7681","Breaks",6736878,17,"Kaiuma Bay"
"7682","Breaks",6736879,17,"Kaiuma Bay"
"7683","Breaks",6736880,17,"Kaiuma Bay"
"7684","Breaks",6737111,17,"Kaiuma Bay"
"7685","Breaks",6737112,17,"Kaiuma Bay"
"7686","Breaks",6738943,12,"Oyster Bay"
"7687","Breaks",6740278,17,"Kaiuma Bay"
"7688","Breaks",6740279,17,"Kaiuma Bay"
"7689","Breaks",6740598,12,"Oyster Bay"
"7690","Breaks",6740599,12,"Oyster Bay"
"7691","Breaks",6741808,18,"Moetapu Bay Jetty"
"7692","Breaks",6743243,36,"Kapowai Bay (D'urville Island)"
"7693","Breaks",6743599,12,"Oyster Bay"
"7694","Breaks",6743600,12,"Oyster Bay"
"7695","Breaks",6743601,12,"Oyster Bay"
"7696","Breaks",6743602,12,"Oyster Bay"
"7697","Breaks",6743603,12,"Oyster Bay"
"7698","Breaks",6743604,12,"Oyster Bay"
"7699","Breaks",6743605,12,"Oyster Bay"
"7700","Breaks",6743606,12,"Oyster Bay"
"7701","Breaks",6743607,12,"Oyster Bay"
"7702","Breaks",6743608,12,"Oyster Bay"
"7703","Breaks",6744273,12,"Oyster Bay"
"7704","Breaks",6744274,12,"Oyster Bay"
"7705","Breaks",6744275,12,"Oyster Bay"
"7706","Breaks",6744276,12,"Oyster Bay"
"7707","Breaks",6746371,17,"Kaiuma Bay"
"7708","Breaks",6747237,12,"Oyster Bay"
"7709","Breaks",6747238,12,"Oyster Bay"
"7710","Breaks",6749529,12,"Oyster Bay"
"7711","Breaks",6749530,12,"Oyster Bay"
"7712","Breaks",6749531,12,"Oyster Bay"
"7713","Breaks",6749532,12,"Oyster Bay"
"7714","Breaks",6752549,17,"Kaiuma Bay"
"7715","Breaks",6752550,17,"Kaiuma Bay"
"7716","Breaks",6752551,17,"Kaiuma Bay"
"7717","Breaks",6752552,17,"Kaiuma Bay"
"7718","Breaks",6752555,17,"Kaiuma Bay"
"7719","Breaks",6753649,30,"St. Omer Barge Ramp"
"7720","Breaks",6753650,30,"St. Omer Barge Ramp"
"7721","Breaks",6753687,17,"Kaiuma Bay"
"7722","Breaks",6755178,7,"Grove Point/Arm Jetty"
"7723","Breaks",6757006,37,"Hamilton Bay (Rocky Creek) Ramp"
"7724","Breaks",6757007,37,"Hamilton Bay (Rocky Creek) Ramp"
"7725","Breaks",6757448,27,"Sandy Bay"
"7726","Breaks",6758023,39,"Elaine Bay Boat Ramp"
"7727","Breaks",6758024,39,"Elaine Bay Boat Ramp"
"7728","Breaks",6758044,39,"Elaine Bay Boat Ramp"
"7729","Breaks",6759422,17,"Kaiuma Bay"
"7730","Breaks",6759423,17,"Kaiuma Bay"
"7731","Breaks",6760028,12,"Oyster Bay"
"7732","Breaks",6760396,12,"Oyster Bay"
"7733","Breaks",6760397,12,"Oyster Bay"
"7734","Breaks",6760398,12,"Oyster Bay"
"7735","Breaks",6761340,17,"Kaiuma Bay"
"7736","Breaks",6761341,17,"Kaiuma Bay"
"7737","Breaks",6765135,21,"Willow Bay"
"7738","Breaks",6765136,21,"Willow Bay"
"7739","Breaks",6765502,12,"Oyster Bay"
"7740","Breaks",6765503,12,"Oyster Bay"
"7741","Breaks",6766389,12,"Oyster Bay"
"7742","Breaks",6766390,12,"Oyster Bay"
"7743","Breaks",6766391,12,"Oyster Bay"
"7744","Breaks",6766461,39,"Elaine Bay Boat Ramp"
"7745","Breaks",6768674,37,"Hamilton Bay (Rocky Creek) Ramp"
"7746","Breaks",6768675,37,"Hamilton Bay (Rocky Creek) Ramp"
"7747","Breaks",6770284,12,"Oyster Bay"
"7748","Breaks",6770285,12,"Oyster Bay"
"7749","Breaks",6773665,12,"Oyster Bay"
"7750","Breaks",6773666,12,"Oyster Bay"
"7751","Breaks",6776463,12,"Oyster Bay"
"7752","Breaks",6776464,12,"Oyster Bay"
"7753","Breaks",6777979,7,"Grove Point/Arm Jetty"
"7754","Breaks",6777980,7,"Grove Point/Arm Jetty"
"7755","Breaks",6777981,7,"Grove Point/Arm Jetty"
"7756","Breaks",6777982,7,"Grove Point/Arm Jetty"
"7757","Breaks",6778062,12,"Oyster Bay"
"7758","Breaks",6778063,12,"Oyster Bay"
"7759","Breaks",6778064,12,"Oyster Bay"
"7760","Breaks",6778065,12,"Oyster Bay"
"7761","Breaks",6778066,12,"Oyster Bay"
"7762","Breaks",6778067,12,"Oyster Bay"
"7763","Breaks",6778068,12,"Oyster Bay"
"7764","Breaks",6778069,12,"Oyster Bay"
"7765","Breaks",6780525,12,"Oyster Bay"
"7766","Breaks",6780526,12,"Oyster Bay"
"7767","Breaks",6781586,13,"Hakana Bay"
"7768","Breaks",6781587,13,"Hakana Bay"
"7769","Breaks",6781588,13,"Hakana Bay"
"7770","Breaks",6782736,12,"Oyster Bay"
"7771","Breaks",6782822,17,"Kaiuma Bay"
"7772","Breaks",6782823,17,"Kaiuma Bay"
"7773","Breaks",6782824,17,"Kaiuma Bay"
"7774","Breaks",6782825,17,"Kaiuma Bay"
"7775","Breaks",6783569,17,"Kaiuma Bay"
"7776","Breaks",6783570,17,"Kaiuma Bay"
"7777","Breaks",6788880,11,"Punga Cove"
"7778","Breaks",6788882,27,"Sandy Bay"
"7779","Breaks",6788883,27,"Sandy Bay"
"7780","Breaks",6788884,27,"Sandy Bay"
"7781","Breaks",6788885,27,"Sandy Bay"
"7782","Breaks",6792167,12,"Oyster Bay"
"7783","Breaks",6792168,12,"Oyster Bay"
"7784","Breaks",6794861,17,"Kaiuma Bay"
"7785","Breaks",6794862,17,"Kaiuma Bay"
"7786","Breaks",6796613,29,"Waitaria Bay"
"7787","Breaks",6796614,29,"Waitaria Bay"
"7788","Breaks",6796615,29,"Waitaria Bay"
"7789","Breaks",6796616,29,"Waitaria Bay"
"7790","Breaks",6796617,28,"Fish Bay Ramp"
"7791","Breaks",6796618,28,"Fish Bay Ramp"
"7792","Breaks",6796701,17,"Kaiuma Bay"
"7793","Breaks",6796702,19,"Double Bay Boat Ramp"
"7794","Breaks",6797256,17,"Kaiuma Bay"
"7795","Breaks",6797257,17,"Kaiuma Bay"
"7796","Breaks",6797915,12,"Oyster Bay"
"7797","Breaks",6797916,12,"Oyster Bay"
"7798","Breaks",6797917,12,"Oyster Bay"
"7799","Breaks",6797918,12,"Oyster Bay"
"7800","Breaks",6797919,12,"Oyster Bay"
"7801","Breaks",6797920,12,"Oyster Bay"
"7802","Breaks",6797921,12,"Oyster Bay"
"7803","Breaks",6797922,12,"Oyster Bay"
"7804","Breaks",6797923,12,"Oyster Bay"
"7805","Breaks",6797924,12,"Oyster Bay"
"7806","Breaks",6797925,12,"Oyster Bay"
"7807","Breaks",6797926,12,"Oyster Bay"
"7808","Breaks",6797927,12,"Oyster Bay"
"7809","Breaks",6797928,12,"Oyster Bay"
"7810","Breaks",6797931,12,"Oyster Bay"
"7811","Breaks",6799110,12,"Oyster Bay"
"7812","Breaks",6799111,12,"Oyster Bay"
"7813","Breaks",6799178,36,"Kapowai Bay (D'urville Island)"
"7814","Breaks",6799180,34,"Cissy Bay"
"7815","Breaks",6802496,17,"Kaiuma Bay"
"7816","Breaks",6802497,17,"Kaiuma Bay"
"7817","Breaks",6802498,17,"Kaiuma Bay"
"7818","Breaks",6802499,17,"Kaiuma Bay"
"7819","Breaks",6802531,17,"Kaiuma Bay"
"7820","Breaks",6802532,17,"Kaiuma Bay"
"7821","Breaks",6804626,12,"Oyster Bay"
"7822","Breaks",6804627,12,"Oyster Bay"
"7823","Breaks",6805264,17,"Kaiuma Bay"
"7824","Breaks",6806198,12,"Oyster Bay"
"7825","Breaks",6806199,12,"Oyster Bay"
"7826","Breaks",6806200,12,"Oyster Bay"
"7827","Breaks",6806201,12,"Oyster Bay"
"7828","Breaks",6806202,12,"Oyster Bay"
"7829","Breaks",6806206,12,"Oyster Bay"
"7830","Breaks",6806207,12,"Oyster Bay"
"7831","Breaks",6806209,12,"Oyster Bay"
"7832","Breaks",6806937,17,"Kaiuma Bay"
"7833","Breaks",6806938,17,"Kaiuma Bay"
"7834","Breaks",6806939,17,"Kaiuma Bay"
"7835","Breaks",6807277,12,"Oyster Bay"
"7836","Breaks",6807278,12,"Oyster Bay"
"7837","Breaks",6807279,12,"Oyster Bay"
"7838","Breaks",6807298,17,"Kaiuma Bay"
"7839","Breaks",6807299,17,"Kaiuma Bay"
"7840","Breaks",6807465,12,"Oyster Bay"
"7841","Breaks",6807466,12,"Oyster Bay"
"7842","Breaks",6813127,12,"Oyster Bay"
"7843","Breaks",6813128,12,"Oyster Bay"
"7844","Breaks",6813572,17,"Kaiuma Bay"
"7845","Breaks",6815893,12,"Oyster Bay"
"7846","Breaks",6815894,12,"Oyster Bay"
"7847","Breaks",6817007,12,"Oyster Bay"
"7848","Breaks",6817008,12,"Oyster Bay"
"7849","Breaks",6821557,17,"Kaiuma Bay"
"7850","Breaks",6822500,12,"Oyster Bay"
"7851","Breaks",6822501,12,"Oyster Bay"
"7852","Breaks",6822502,12,"Oyster Bay"
"7853","Breaks",6822503,12,"Oyster Bay"
"7854","Breaks",6822504,12,"Oyster Bay"
"7855","Breaks",6822505,12,"Oyster Bay"
"7856","Breaks",6822506,12,"Oyster Bay"
"7857","Breaks",6822507,12,"Oyster Bay"
"7858","Breaks",6822508,12,"Oyster Bay"
"7859","Breaks",6822509,12,"Oyster Bay"
"7860","Breaks",6822510,12,"Oyster Bay"
"7861","Breaks",6822511,12,"Oyster Bay"
"7862","Breaks",6822512,12,"Oyster Bay"
"7863","Breaks",6822513,12,"Oyster Bay"
"7864","Breaks",6822514,12,"Oyster Bay"
"7865","Breaks",6822515,12,"Oyster Bay"
"7866","Breaks",6822516,12,"Oyster Bay"
"7867","Breaks",6822517,12,"Oyster Bay"
"7868","Breaks",6822519,12,"Oyster Bay"
"7869","Breaks",6822520,12,"Oyster Bay"
"7870","Breaks",6822521,12,"Oyster Bay"
"7871","Breaks",6822522,12,"Oyster Bay"
"7872","Breaks",6822523,12,"Oyster Bay"
"7873","Breaks",6822524,12,"Oyster Bay"
"7874","Breaks",6822525,12,"Oyster Bay"
"7875","Breaks",6822526,12,"Oyster Bay"
"7876","Breaks",6822527,12,"Oyster Bay"
"7877","Breaks",6822528,12,"Oyster Bay"
"7878","Breaks",6822529,12,"Oyster Bay"
"7879","Breaks",6822530,12,"Oyster Bay"
"7880","Breaks",6822531,12,"Oyster Bay"
"7881","Breaks",6822532,12,"Oyster Bay"
"7882","Breaks",6822533,12,"Oyster Bay"
"7883","Breaks",6822534,12,"Oyster Bay"
"7884","Breaks",6822535,12,"Oyster Bay"
"7885","Breaks",6822536,12,"Oyster Bay"
"7886","Breaks",6822537,12,"Oyster Bay"
"7887","Breaks",6822538,12,"Oyster Bay"
"7888","Breaks",6822539,12,"Oyster Bay"
"7889","Breaks",6822540,12,"Oyster Bay"
"7890","Breaks",6822541,12,"Oyster Bay"
"7891","Breaks",6822542,12,"Oyster Bay"
"7892","Breaks",6822543,12,"Oyster Bay"
"7893","Breaks",6822544,12,"Oyster Bay"
"7894","Breaks",6822545,12,"Oyster Bay"
"7895","Breaks",6822546,12,"Oyster Bay"
"7896","Breaks",6822547,12,"Oyster Bay"
"7897","Breaks",6822548,12,"Oyster Bay"
"7898","Breaks",6822549,12,"Oyster Bay"
"7899","Breaks",6822550,12,"Oyster Bay"
"7900","Breaks",6822551,12,"Oyster Bay"
"7901","Breaks",6822552,12,"Oyster Bay"
"7902","Breaks",6822553,12,"Oyster Bay"
"7903","Breaks",6822554,12,"Oyster Bay"
"7904","Breaks",6822555,12,"Oyster Bay"
"7905","Breaks",6822556,12,"Oyster Bay"
"7906","Breaks",6822557,12,"Oyster Bay"
"7907","Breaks",6822558,12,"Oyster Bay"
"7908","Breaks",6822559,12,"Oyster Bay"
"7909","Breaks",6822560,12,"Oyster Bay"
"7910","Breaks",6822562,12,"Oyster Bay"
"7911","Breaks",6822563,12,"Oyster Bay"
"7912","Breaks",6822564,12,"Oyster Bay"
"7913","Breaks",6822565,12,"Oyster Bay"
"7914","Breaks",6822566,12,"Oyster Bay"
"7915","Breaks",6822567,12,"Oyster Bay"
"7916","Breaks",6822568,12,"Oyster Bay"
"7917","Breaks",6822569,12,"Oyster Bay"
"7918","Breaks",6822570,12,"Oyster Bay"
"7919","Breaks",6822571,12,"Oyster Bay"
"7920","Breaks",6825549,12,"Oyster Bay"
"7921","Breaks",6825550,12,"Oyster Bay"
"7922","Breaks",6825551,12,"Oyster Bay"
"7923","Breaks",6825552,12,"Oyster Bay"
"7924","Breaks",6825553,12,"Oyster Bay"
"7925","Breaks",6825554,12,"Oyster Bay"
"7926","Breaks",6825555,12,"Oyster Bay"
"7927","Breaks",6825556,12,"Oyster Bay"
"7928","Breaks",6826453,17,"Kaiuma Bay"
"7929","Breaks",6828533,36,"Kapowai Bay (D'urville Island)"
"7930","Breaks",6828534,36,"Kapowai Bay (D'urville Island)"
"7931","Breaks",6838397,12,"Oyster Bay"
"7932","Breaks",6838398,12,"Oyster Bay"
"7933","Breaks",6840134,7,"Grove Point/Arm Jetty"
"7934","Breaks",6840135,7,"Grove Point/Arm Jetty"
"7935","Breaks",6841475,34,"Cissy Bay"
"7936","Breaks",6841476,34,"Cissy Bay"
"7937","Breaks",6843529,12,"Oyster Bay"
"7938","Breaks",6843530,12,"Oyster Bay"
"7939","Breaks",6845511,38,"Bulwer Bay"
"7940","Breaks",6845512,38,"Bulwer Bay"
"7941","Breaks",6855395,11,"Punga Cove"
"7942","Breaks",6855396,11,"Punga Cove"
"7943","Breaks",6855397,11,"Punga Cove"
"7944","Breaks",6855398,11,"Punga Cove"
"7945","Breaks",6857012,17,"Kaiuma Bay"
"7946","Breaks",6857013,17,"Kaiuma Bay"
"7947","Breaks",6857117,17,"Kaiuma Bay"
"7948","Breaks",6857767,17,"Kaiuma Bay"
"7949","Breaks",6857768,17,"Kaiuma Bay"
"7950","Breaks",6857769,17,"Kaiuma Bay"
"7951","Breaks",6857770,17,"Kaiuma Bay"
"7952","Breaks",6857771,17,"Kaiuma Bay"
"7953","Breaks",6857772,17,"Kaiuma Bay"
"7954","Breaks",6857773,17,"Kaiuma Bay"
"7955","Breaks",6859537,7,"Grove Point/Arm Jetty"
"7956","Breaks",6860353,17,"Kaiuma Bay"
"7957","Breaks",6860354,17,"Kaiuma Bay"
"7958","Breaks",6860357,17,"Kaiuma Bay"
"7959","Breaks",6861925,41,"Okiwi Bay"
"7960","Breaks",6861926,41,"Okiwi Bay"
"7961","Breaks",6864407,19,"Double Bay Boat Ramp"
"7962","Breaks",6864408,19,"Double Bay Boat Ramp"
"7963","Breaks",6867296,12,"Oyster Bay"
"7964","Breaks",6867297,12,"Oyster Bay"
"7965","Breaks",6867560,17,"Kaiuma Bay"
"7966","Breaks",6867564,17,"Kaiuma Bay"
"7967","Breaks",6868804,37,"Hamilton Bay (Rocky Creek) Ramp"
"7968","Breaks",6868805,37,"Hamilton Bay (Rocky Creek) Ramp"
"7969","Breaks",6868808,7,"Grove Point/Arm Jetty"
"7970","Breaks",6868810,7,"Grove Point/Arm Jetty"
"7971","Breaks",6868829,7,"Grove Point/Arm Jetty"
"7972","Breaks",6868830,7,"Grove Point/Arm Jetty"
"7973","Breaks",6868831,7,"Grove Point/Arm Jetty"
"7974","Breaks",6868832,7,"Grove Point/Arm Jetty"
"7975","Breaks",6868833,7,"Grove Point/Arm Jetty"
"7976","Breaks",6868834,7,"Grove Point/Arm Jetty"
"7977","Breaks",6868835,7,"Grove Point/Arm Jetty"
"7978","Breaks",6868858,7,"Grove Point/Arm Jetty"
"7979","Breaks",6868859,7,"Grove Point/Arm Jetty"
"7980","Breaks",6872851,17,"Kaiuma Bay"
"7981","Breaks",6872852,17,"Kaiuma Bay"
"7982","Breaks",6872853,17,"Kaiuma Bay"
"7983","Breaks",6873592,7,"Grove Point/Arm Jetty"
"7984","Breaks",6873593,7,"Grove Point/Arm Jetty"
"7985","Breaks",6874516,17,"Kaiuma Bay"
"7986","Breaks",6874517,17,"Kaiuma Bay"
"7987","Breaks",6874518,17,"Kaiuma Bay"
"7988","Breaks",6874663,27,"Sandy Bay"
"7989","Breaks",6874664,27,"Sandy Bay"
"7990","Breaks",6875205,11,"Punga Cove"
"7991","Breaks",6875206,11,"Punga Cove"
"7992","Breaks",6875387,37,"Hamilton Bay (Rocky Creek) Ramp"
"7993","Breaks",6875388,37,"Hamilton Bay (Rocky Creek) Ramp"
"7994","Breaks",6875389,37,"Hamilton Bay (Rocky Creek) Ramp"
"7995","Breaks",6875902,12,"Oyster Bay"
"7996","Breaks",6875903,12,"Oyster Bay"
"7997","Breaks",6877601,27,"Sandy Bay"
"7998","Breaks",6877602,27,"Sandy Bay"
"7999","Breaks",6877603,27,"Sandy Bay"
"8000","Breaks",6877604,27,"Sandy Bay"
"8001","Breaks",6879261,34,"Cissy Bay"
"8002","Breaks",6879262,34,"Cissy Bay"
"8003","Breaks",6879263,34,"Cissy Bay"
"8004","Breaks",6879264,37,"Hamilton Bay (Rocky Creek) Ramp"
"8005","Breaks",6879265,37,"Hamilton Bay (Rocky Creek) Ramp"
"8006","Breaks",6879266,37,"Hamilton Bay (Rocky Creek) Ramp"
"8007","Breaks",6879267,37,"Hamilton Bay (Rocky Creek) Ramp"
"8008","Breaks",6879269,37,"Hamilton Bay (Rocky Creek) Ramp"
"8009","Breaks",6885488,14,"Elaine Bay"
"8010","Breaks",6885489,14,"Elaine Bay"
"8011","Breaks",6885490,14,"Elaine Bay"
"8012","Breaks",6888698,11,"Punga Cove"
"8013","Breaks",6893691,12,"Oyster Bay"
"8014","Breaks",6893692,12,"Oyster Bay"
"8015","Breaks",6893693,12,"Oyster Bay"
"8016","Breaks",6896584,32,"Duncan Bay"
"8017","Breaks",6896585,32,"Duncan Bay"
"8018","Breaks",6896586,32,"Duncan Bay"
"8019","Breaks",6896587,32,"Duncan Bay"
"8020","Breaks",6896588,32,"Duncan Bay"
"8021","Breaks",6896589,32,"Duncan Bay"
"8022","Breaks",6896590,32,"Duncan Bay"
"8023","Breaks",6896591,32,"Duncan Bay"
"8024","Breaks",6896592,17,"Kaiuma Bay"
"8025","Breaks",6896594,17,"Kaiuma Bay"
"8026","Breaks",6898656,12,"Oyster Bay"
"8027","Breaks",6898657,12,"Oyster Bay"
"8028","Breaks",6900057,12,"Oyster Bay"
"8029","Breaks",6900058,12,"Oyster Bay"
"8030","Breaks",6900059,12,"Oyster Bay"
"8031","Breaks",6900060,12,"Oyster Bay"
"8032","Breaks",6900061,12,"Oyster Bay"
"8033","Breaks",6900063,12,"Oyster Bay"
"8034","Breaks",6900064,12,"Oyster Bay"
"8035","Breaks",6900182,12,"Oyster Bay"
"8036","Breaks",6901395,17,"Kaiuma Bay"
"8037","Breaks",6901396,17,"Kaiuma Bay"
"8038","Breaks",6902653,27,"Sandy Bay"
"8039","Breaks",6909667,12,"Oyster Bay"
"8040","Breaks",6913021,10,"Waterfall Bay"
"8041","Breaks",6913022,10,"Waterfall Bay"
"8042","Breaks",6913452,17,"Kaiuma Bay"
"8043","Breaks",6915360,12,"Oyster Bay"
"8044","Breaks",6915361,12,"Oyster Bay"
"8045","Breaks",6915362,12,"Oyster Bay"
"8046","Breaks",6915363,12,"Oyster Bay"
"8047","Breaks",6915364,12,"Oyster Bay"
"8048","Breaks",6915365,12,"Oyster Bay"
"8049","Breaks",6915366,12,"Oyster Bay"
"8050","Breaks",6915367,12,"Oyster Bay"
"8051","Breaks",6915699,12,"Oyster Bay"
"8052","Breaks",6915700,12,"Oyster Bay"
"8053","Breaks",6915701,12,"Oyster Bay"
"8054","Breaks",6916554,17,"Kaiuma Bay"
"8055","Breaks",6916555,17,"Kaiuma Bay"
"8056","Breaks",6918392,12,"Oyster Bay"
"8057","Breaks",6918393,12,"Oyster Bay"
"8058","Breaks",6918454,41,"Okiwi Bay"
"8059","Breaks",6919603,12,"Oyster Bay"
"8060","Breaks",6919668,27,"Sandy Bay"
"8061","Breaks",6920221,12,"Oyster Bay"
"8062","Breaks",6920222,12,"Oyster Bay"
"8063","Breaks",6921438,12,"Oyster Bay"
"8064","Breaks",6921439,12,"Oyster Bay"
"8065","Breaks",6921657,12,"Oyster Bay"
"8066","Breaks",6921661,12,"Oyster Bay"
"8067","Breaks",6921662,12,"Oyster Bay"
"8068","Breaks",6922080,12,"Oyster Bay"
"8069","Breaks",6922081,12,"Oyster Bay"
"8070","Breaks",6922557,17,"Kaiuma Bay"
"8071","Breaks",6922559,17,"Kaiuma Bay"
"8072","Breaks",6923681,17,"Kaiuma Bay"
"8073","Breaks",6923682,17,"Kaiuma Bay"
"8074","Breaks",6923683,17,"Kaiuma Bay"
"8075","Breaks",6923684,17,"Kaiuma Bay"
"8076","Breaks",6923685,17,"Kaiuma Bay"
"8077","Breaks",6923686,17,"Kaiuma Bay"
"8078","Breaks",6926076,13,"Hakana Bay"
"8079","Breaks",6926077,13,"Hakana Bay"
"8080","Breaks",6926078,13,"Hakana Bay"
"8081","Breaks",6926079,13,"Hakana Bay"
"8082","Breaks",6926081,13,"Hakana Bay"
"8083","Breaks",6926082,13,"Hakana Bay"
"8084","Breaks",6926083,13,"Hakana Bay"
"8085","Breaks",6926084,12,"Oyster Bay"
"8086","Breaks",6926085,12,"Oyster Bay"
"8087","Breaks",6926086,13,"Hakana Bay"
"8088","Breaks",6926598,12,"Oyster Bay"
"8089","Breaks",6930438,12,"Oyster Bay"
"8090","Breaks",6930439,12,"Oyster Bay"
"8091","Breaks",6930440,12,"Oyster Bay"
"8092","Breaks",6933766,25,"Cowshed Bay"
"8093","Breaks",6933767,25,"Cowshed Bay"
"8094","Breaks",6937594,17,"Kaiuma Bay"
"8095","Breaks",6937595,17,"Kaiuma Bay"
"8096","Breaks",6937614,17,"Kaiuma Bay"
"8097","Breaks",6937615,17,"Kaiuma Bay"
"8098","Breaks",6939174,36,"Kapowai Bay (D'urville Island)"
"8099","Breaks",6939175,36,"Kapowai Bay (D'urville Island)"
"8100","Breaks",6939176,36,"Kapowai Bay (D'urville Island)"
"8101","Breaks",6939177,36,"Kapowai Bay (D'urville Island)"
"8102","Breaks",6939179,36,"Kapowai Bay (D'urville Island)"
"8103","Breaks",6939180,36,"Kapowai Bay (D'urville Island)"
"8104","Breaks",6939181,36,"Kapowai Bay (D'urville Island)"
"8105","Breaks",6939182,36,"Kapowai Bay (D'urville Island)"
"8106","Breaks",6939183,36,"Kapowai Bay (D'urville Island)"
"8107","Breaks",6940013,17,"Kaiuma Bay"
"8108","Breaks",6940014,17,"Kaiuma Bay"
"8109","Breaks",6941765,7,"Grove Point/Arm Jetty"
"8110","Breaks",6941766,7,"Grove Point/Arm Jetty"
"8111","Breaks",6942062,34,"Cissy Bay"
"8112","Breaks",6942063,34,"Cissy Bay"
"8113","Breaks",6942064,37,"Hamilton Bay (Rocky Creek) Ramp"
"8114","Breaks",6942517,7,"Grove Point/Arm Jetty"
"8115","Breaks",6942518,7,"Grove Point/Arm Jetty"
"8116","Breaks",6944660,18,"Moetapu Bay Jetty"
"8117","Breaks",6944661,18,"Moetapu Bay Jetty"
"8118","Breaks",6945251,17,"Kaiuma Bay"
"8119","Breaks",6945252,17,"Kaiuma Bay"
"8120","Breaks",6945253,17,"Kaiuma Bay"
"8121","Breaks",6945254,17,"Kaiuma Bay"
"8122","Breaks",6945434,17,"Kaiuma Bay"
"8123","Breaks",6945435,17,"Kaiuma Bay"
"8124","Breaks",6945436,17,"Kaiuma Bay"
"8125","Breaks",6945905,30,"St. Omer Barge Ramp"
"8126","Breaks",6945906,30,"St. Omer Barge Ramp"
"8127","Breaks",6949413,29,"Waitaria Bay"
"8128","Breaks",6949414,29,"Waitaria Bay"
"8129","Breaks",6949415,29,"Waitaria Bay"
"8130","Breaks",6949416,29,"Waitaria Bay"
"8131","Breaks",6949417,29,"Waitaria Bay"
"8132","Breaks",6949418,29,"Waitaria Bay"
"8133","Breaks",6949419,29,"Waitaria Bay"
"8134","Breaks",6949420,29,"Waitaria Bay"
"8135","Breaks",6949421,29,"Waitaria Bay"
"8136","Breaks",6954377,12,"Oyster Bay"
"8137","Breaks",6954378,12,"Oyster Bay"
"8138","Breaks",6965776,17,"Kaiuma Bay"
"8139","Breaks",6965777,17,"Kaiuma Bay"
"8140","Breaks",6965882,33,"Penzance Bay"
"8141","Breaks",6965883,33,"Penzance Bay"
"8142","Breaks",6965884,33,"Penzance Bay"
"8143","Breaks",6965885,33,"Penzance Bay"
"8144","Breaks",6970420,17,"Kaiuma Bay"
"8145","Breaks",6970421,17,"Kaiuma Bay"
"8146","Breaks",6970422,17,"Kaiuma Bay"
"8147","Breaks",6970956,12,"Oyster Bay"
"8148","Breaks",6975936,27,"Sandy Bay"
"8149","Breaks",6975942,27,"Sandy Bay"
"8150","Breaks",6978932,7,"Grove Point/Arm Jetty"
"8151","Breaks",6979760,17,"Kaiuma Bay"
"8152","Breaks",6979761,17,"Kaiuma Bay"
"8153","Breaks",6980523,17,"Kaiuma Bay"
"8154","Breaks",6980524,17,"Kaiuma Bay"
"8155","Breaks",6980525,17,"Kaiuma Bay"
"8156","Breaks",6980526,17,"Kaiuma Bay"
"8157","Breaks",6980527,17,"Kaiuma Bay"
"8158","Breaks",6980528,17,"Kaiuma Bay"
"8159","Breaks",6980529,17,"Kaiuma Bay"
"8160","Breaks",6980530,17,"Kaiuma Bay"
"8161","Breaks",6980531,17,"Kaiuma Bay"
"8162","Breaks",6980532,17,"Kaiuma Bay"
"8163","Breaks",6980533,17,"Kaiuma Bay"
"8164","Breaks",6980534,17,"Kaiuma Bay"
"8165","Breaks",6980535,17,"Kaiuma Bay"
"8166","Breaks",6980536,17,"Kaiuma Bay"
"8167","Breaks",6980537,17,"Kaiuma Bay"
"8168","Breaks",6980538,17,"Kaiuma Bay"
"8169","Breaks",6980539,17,"Kaiuma Bay"
"8170","Breaks",6980540,17,"Kaiuma Bay"
"8171","Breaks",6980541,17,"Kaiuma Bay"
"8172","Breaks",6980542,17,"Kaiuma Bay"
"8173","Breaks",6980543,17,"Kaiuma Bay"
"8174","Breaks",6980544,17,"Kaiuma Bay"
"8175","Breaks",6980545,17,"Kaiuma Bay"
"8176","Breaks",6980546,17,"Kaiuma Bay"
"8177","Breaks",6980547,17,"Kaiuma Bay"
"8178","Breaks",6980548,17,"Kaiuma Bay"
"8179","Breaks",6980549,17,"Kaiuma Bay"
"8180","Breaks",6980550,17,"Kaiuma Bay"
"8181","Breaks",6980551,17,"Kaiuma Bay"
"8182","Breaks",6980552,17,"Kaiuma Bay"
"8183","Breaks",6980553,17,"Kaiuma Bay"
"8184","Breaks",6980554,17,"Kaiuma Bay"
"8185","Breaks",6980555,17,"Kaiuma Bay"
"8186","Breaks",6980556,17,"Kaiuma Bay"
"8187","Breaks",6980557,17,"Kaiuma Bay"
"8188","Breaks",6980558,17,"Kaiuma Bay"
"8189","Breaks",6980559,17,"Kaiuma Bay"
"8190","Breaks",6980560,17,"Kaiuma Bay"
"8191","Breaks",6980561,17,"Kaiuma Bay"
"8192","Breaks",6980562,17,"Kaiuma Bay"
"8193","Breaks",6980563,17,"Kaiuma Bay"
"8194","Breaks",6980564,17,"Kaiuma Bay"
"8195","Breaks",6980565,17,"Kaiuma Bay"
"8196","Breaks",6980566,17,"Kaiuma Bay"
"8197","Breaks",6980567,17,"Kaiuma Bay"
"8198","Breaks",6980568,17,"Kaiuma Bay"
"8199","Breaks",6980569,17,"Kaiuma Bay"
"8200","Breaks",6980570,17,"Kaiuma Bay"
"8201","Breaks",6980571,17,"Kaiuma Bay"
"8202","Breaks",6980572,17,"Kaiuma Bay"
"8203","Breaks",6980573,17,"Kaiuma Bay"
"8204","Breaks",6980574,17,"Kaiuma Bay"
"8205","Breaks",6980575,17,"Kaiuma Bay"
"8206","Breaks",6980576,17,"Kaiuma Bay"
"8207","Breaks",6980577,17,"Kaiuma Bay"
"8208","Breaks",6980578,17,"Kaiuma Bay"
"8209","Breaks",6980579,17,"Kaiuma Bay"
"8210","Breaks",6980580,17,"Kaiuma Bay"
"8211","Breaks",6980581,17,"Kaiuma Bay"
"8212","Breaks",6980582,17,"Kaiuma Bay"
"8213","Breaks",6980583,17,"Kaiuma Bay"
"8214","Breaks",6980584,17,"Kaiuma Bay"
"8215","Breaks",6980585,17,"Kaiuma Bay"
"8216","Breaks",6980586,17,"Kaiuma Bay"
"8217","Breaks",6980587,17,"Kaiuma Bay"
"8218","Breaks",6980588,17,"Kaiuma Bay"
"8219","Breaks",6980589,17,"Kaiuma Bay"
"8220","Breaks",6980590,17,"Kaiuma Bay"
"8221","Breaks",6980591,17,"Kaiuma Bay"
"8222","Breaks",6980594,17,"Kaiuma Bay"
"8223","Breaks",6980596,17,"Kaiuma Bay"
"8224","Breaks",6980617,17,"Kaiuma Bay"
"8225","Breaks",6980618,17,"Kaiuma Bay"
"8226","Breaks",6980620,17,"Kaiuma Bay"
"8227","Breaks",6980622,17,"Kaiuma Bay"
"8228","Breaks",6980623,17,"Kaiuma Bay"
"8229","Breaks",6980624,17,"Kaiuma Bay"
"8230","Breaks",6981844,12,"Oyster Bay"
"8231","Breaks",6981845,12,"Oyster Bay"
"8232","Breaks",6983531,30,"St. Omer Barge Ramp"
"8233","Breaks",6983532,30,"St. Omer Barge Ramp"
"8234","Breaks",6983547,27,"Sandy Bay"
"8235","Breaks",6983548,27,"Sandy Bay"
"8236","Breaks",6983549,27,"Sandy Bay"
"8237","Breaks",6985376,27,"Sandy Bay"
"8238","Breaks",6989851,12,"Oyster Bay"
"8239","Breaks",6989852,12,"Oyster Bay"
"8240","Breaks",6989867,11,"Punga Cove"
"8241","Breaks",6989868,11,"Punga Cove"
"8242","Breaks",6990114,17,"Kaiuma Bay"
"8243","Breaks",6990370,12,"Oyster Bay"
"8244","Breaks",6990371,12,"Oyster Bay"
"8245","Breaks",6992259,27,"Sandy Bay"
"8246","Breaks",6992260,27,"Sandy Bay"
"8247","Breaks",6992261,27,"Sandy Bay"
"8248","Breaks",6992262,27,"Sandy Bay"
"8249","Breaks",6992263,27,"Sandy Bay"
"8250","Breaks",6992264,27,"Sandy Bay"
"8251","Breaks",6992265,27,"Sandy Bay"
"8252","Breaks",6992266,27,"Sandy Bay"
"8253","Breaks",6992267,27,"Sandy Bay"
"8254","Breaks",6997101,7,"Grove Point/Arm Jetty"
"8255","Breaks",7000953,12,"Oyster Bay"
"8256","Breaks",7000954,12,"Oyster Bay"
"8257","Breaks",7002173,12,"Oyster Bay"
"8258","Breaks",7002174,12,"Oyster Bay"
"8259","Breaks",7002947,11,"Punga Cove"
"8260","Breaks",7002948,11,"Punga Cove"
"8261","Breaks",7004003,34,"Cissy Bay"
"8262","Breaks",7007467,12,"Oyster Bay"
"8263","Breaks",7007468,12,"Oyster Bay"
"8264","Breaks",7008714,15,"Portage Bay"
"8265","Breaks",7008717,15,"Portage Bay"
"8266","Breaks",7008718,15,"Portage Bay"
"8267","Breaks",7008719,15,"Portage Bay"
"8268","Breaks",7008720,15,"Portage Bay"
"8269","Breaks",7008721,15,"Portage Bay"
"8270","Breaks",7008722,15,"Portage Bay"
"8271","Breaks",7008723,15,"Portage Bay"
"8272","Breaks",7010576,41,"Okiwi Bay"
"8273","Breaks",7011404,32,"Duncan Bay"
"8274","Breaks",7011405,32,"Duncan Bay"
"8275","Breaks",7011406,32,"Duncan Bay"
"8276","Breaks",7011407,32,"Duncan Bay"
"8277","Breaks",7011408,32,"Duncan Bay"
"8278","Breaks",7011409,32,"Duncan Bay"
"8279","Breaks",7011410,32,"Duncan Bay"
"8280","Breaks",7011411,32,"Duncan Bay"
"8281","Breaks",7012288,12,"Oyster Bay"
"8282","Breaks",7012289,12,"Oyster Bay"
"8283","Breaks",7012820,12,"Oyster Bay"
"8284","Breaks",7012821,12,"Oyster Bay"
"8285","Breaks",7015210,10,"Waterfall Bay"
"8286","Breaks",7015211,10,"Waterfall Bay"
"8287","Breaks",7015484,12,"Oyster Bay"
"8288","Breaks",7015500,12,"Oyster Bay"
"8289","Breaks",7015503,12,"Oyster Bay"
"8290","Breaks",7015522,17,"Kaiuma Bay"
"8291","Breaks",7015527,17,"Kaiuma Bay"
"8292","Breaks",7015530,17,"Kaiuma Bay"
"8293","Breaks",7018780,11,"Punga Cove"
"8294","Breaks",7021763,32,"Duncan Bay"
"8295","Breaks",7025797,27,"Sandy Bay"
"8296","Breaks",7025798,27,"Sandy Bay"
"8297","Breaks",7028461,31,"Double Bay"
"8298","Breaks",7028462,31,"Double Bay"
"8299","Breaks",7030482,12,"Oyster Bay"
"8300","Breaks",7030483,12,"Oyster Bay"
"8301","Breaks",7031885,17,"Kaiuma Bay"
"8302","Breaks",7033528,12,"Oyster Bay"
"8303","Breaks",7033529,12,"Oyster Bay"
"8304","Breaks",7033835,12,"Oyster Bay"
"8305","Breaks",7033836,12,"Oyster Bay"
"8306","Breaks",7033837,12,"Oyster Bay"
"8307","Breaks",7033838,12,"Oyster Bay"
"8308","Breaks",7033839,12,"Oyster Bay"
"8309","Breaks",7033840,12,"Oyster Bay"
"8310","Breaks",7036117,12,"Oyster Bay"
"8311","Breaks",7036118,12,"Oyster Bay"
"8312","Breaks",7039116,30,"St. Omer Barge Ramp"
"8313","Breaks",7039397,30,"St. Omer Barge Ramp"
"8314","Breaks",7039398,30,"St. Omer Barge Ramp"
"8315","Breaks",7040317,26,"Nikau Cove Doc Camp"
"8316","Breaks",7040318,26,"Nikau Cove Doc Camp"
"8317","Breaks",7040329,26,"Nikau Cove Doc Camp"
"8318","Breaks",7041864,17,"Kaiuma Bay"
"8319","Breaks",7041865,17,"Kaiuma Bay"
"8320","Breaks",7043734,17,"Kaiuma Bay"
"8321","Breaks",7043735,17,"Kaiuma Bay"
"8322","Breaks",7045202,17,"Kaiuma Bay"
"8323","Breaks",7045203,17,"Kaiuma Bay"
"8324","Breaks",7049058,35,"Elmslie Bay (French Pass)"
"8325","Breaks",7049059,35,"Elmslie Bay (French Pass)"
"8326","Breaks",7054205,18,"Moetapu Bay Jetty"
"8327","Breaks",7054206,18,"Moetapu Bay Jetty"
"8328","Breaks",7055158,17,"Kaiuma Bay"
"8329","Breaks",7055159,17,"Kaiuma Bay"
"8330","Breaks",7055379,17,"Kaiuma Bay"
"8331","Breaks",7055380,17,"Kaiuma Bay"
"8332","Breaks",7057118,17,"Kaiuma Bay"
"8333","Breaks",7057119,17,"Kaiuma Bay"
"8334","Breaks",7059830,7,"Grove Point/Arm Jetty"
"8335","Breaks",7059831,7,"Grove Point/Arm Jetty"
"8336","Breaks",7059833,7,"Grove Point/Arm Jetty"
"8337","Breaks",7059834,7,"Grove Point/Arm Jetty"
"8338","Breaks",7059835,7,"Grove Point/Arm Jetty"
"8339","Breaks",7059836,7,"Grove Point/Arm Jetty"
"8340","Breaks",7059838,7,"Grove Point/Arm Jetty"
"8341","Breaks",7062784,17,"Kaiuma Bay"
"8342","Breaks",7062785,17,"Kaiuma Bay"
"8343","Breaks",7062951,12,"Oyster Bay"
"8344","Breaks",7067593,15,"Portage Bay"
"8345","Breaks",7067594,25,"Cowshed Bay"
"8346","Breaks",7069575,30,"St. Omer Barge Ramp"
"8347","Breaks",7069576,30,"St. Omer Barge Ramp"
"8348","Breaks",7069577,30,"St. Omer Barge Ramp"
"8349","Breaks",7069578,30,"St. Omer Barge Ramp"
"8350","Breaks",7069580,30,"St. Omer Barge Ramp"
"8351","Breaks",7069581,30,"St. Omer Barge Ramp"
"8352","Breaks",7069582,30,"St. Omer Barge Ramp"
"8353","Breaks",7069583,30,"St. Omer Barge Ramp"
"8354","Breaks",7069651,12,"Oyster Bay"
"8355","Breaks",7069652,12,"Oyster Bay"
"8356","Breaks",7070271,27,"Sandy Bay"
"8357","Breaks",7070273,27,"Sandy Bay"
"8358","Breaks",7070367,11,"Punga Cove"
"8359","Breaks",7070368,11,"Punga Cove"
"8360","Breaks",7070369,11,"Punga Cove"
"8361","Breaks",7070370,11,"Punga Cove"
"8362","Breaks",7070371,11,"Punga Cove"
"8363","Breaks",7070372,11,"Punga Cove"
"8364","Breaks",7072156,17,"Kaiuma Bay"
"8365","Breaks",7072157,17,"Kaiuma Bay"
"8366","Breaks",7072590,12,"Oyster Bay"
"8367","Breaks",7075842,12,"Oyster Bay"
"8368","Breaks",7075843,12,"Oyster Bay"
"8369","Breaks",7077660,17,"Kaiuma Bay"
"8370","Breaks",7077661,17,"Kaiuma Bay"
"8371","Breaks",7077662,17,"Kaiuma Bay"
"8372","Breaks",7077701,17,"Kaiuma Bay"
"8373","Breaks",7077702,17,"Kaiuma Bay"
"8374","Breaks",7079534,17,"Kaiuma Bay"
"8375","Breaks",7079535,17,"Kaiuma Bay"
"8376","Breaks",7079536,17,"Kaiuma Bay"
"8377","Breaks",7079537,17,"Kaiuma Bay"
"8378","Breaks",7079538,17,"Kaiuma Bay"
"8379","Breaks",7079539,17,"Kaiuma Bay"
"8380","Breaks",7079540,17,"Kaiuma Bay"
"8381","Breaks",7079541,17,"Kaiuma Bay"
"8382","Breaks",7079542,17,"Kaiuma Bay"
"8383","Breaks",7079543,17,"Kaiuma Bay"
"8384","Breaks",7079544,17,"Kaiuma Bay"
"8385","Breaks",7079545,17,"Kaiuma Bay"
"8386","Breaks",7079546,17,"Kaiuma Bay"
"8387","Breaks",7079547,17,"Kaiuma Bay"
"8388","Breaks",7079548,17,"Kaiuma Bay"
"8389","Breaks",7079549,17,"Kaiuma Bay"
"8390","Breaks",7079550,17,"Kaiuma Bay"
"8391","Breaks",7079551,17,"Kaiuma Bay"
"8392","Breaks",7079583,17,"Kaiuma Bay"
"8393","Breaks",7079584,17,"Kaiuma Bay"
"8394","Breaks",7080483,17,"Kaiuma Bay"
"8395","Breaks",7085562,17,"Kaiuma Bay"
"8396","Breaks",7085563,17,"Kaiuma Bay"
"8397","Breaks",7087685,12,"Oyster Bay"
"8398","Breaks",7087686,12,"Oyster Bay"
"8399","Breaks",7087691,27,"Sandy Bay"
"8400","Breaks",7098758,25,"Cowshed Bay"
"8401","Breaks",7098759,25,"Cowshed Bay"
"8402","Breaks",7098760,25,"Cowshed Bay"
"8403","Breaks",7098841,38,"Bulwer Bay"
"8404","Breaks",7098842,38,"Bulwer Bay"
"8405","Breaks",7098843,38,"Bulwer Bay"
"8406","Breaks",7098844,38,"Bulwer Bay"
"8407","Breaks",7098845,38,"Bulwer Bay"
"8408","Breaks",7098846,38,"Bulwer Bay"
"8409","Breaks",7098847,38,"Bulwer Bay"
"8410","Breaks",7098848,38,"Bulwer Bay"
"8411","Breaks",7102429,12,"Oyster Bay"
"8412","Breaks",7102430,12,"Oyster Bay"
"8413","Breaks",7103738,12,"Oyster Bay"
"8414","Breaks",7103739,12,"Oyster Bay"
"8415","Breaks",7107161,13,"Hakana Bay"
"8416","Breaks",7107162,13,"Hakana Bay"
"8417","Breaks",7109872,17,"Kaiuma Bay"
"8418","Breaks",7109873,18,"Moetapu Bay Jetty"
"8419","Breaks",7112157,21,"Willow Bay"
"8420","Breaks",7112158,21,"Willow Bay"
"8421","Breaks",7116827,12,"Oyster Bay"
"8422","Breaks",7116828,12,"Oyster Bay"
"8423","Breaks",7118163,7,"Grove Point/Arm Jetty"
"8424","Breaks",7118468,17,"Kaiuma Bay"
"8425","Breaks",7121295,17,"Kaiuma Bay"
"8426","Breaks",7121296,17,"Kaiuma Bay"
"8427","Breaks",7121385,12,"Oyster Bay"
"8428","Breaks",7121386,12,"Oyster Bay"
"8429","Breaks",7121531,41,"Okiwi Bay"
"8430","Breaks",7121532,41,"Okiwi Bay"
"8431","Breaks",7126017,30,"St. Omer Barge Ramp"
"8432","Breaks",7126018,30,"St. Omer Barge Ramp"
"8433","Breaks",7129496,34,"Cissy Bay"
"8434","Breaks",7129497,34,"Cissy Bay"
"8435","Breaks",7129498,34,"Cissy Bay"
"8436","Breaks",7131792,12,"Oyster Bay"
"8437","Breaks",7131793,12,"Oyster Bay"
"8438","Breaks",7131794,12,"Oyster Bay"
"8439","Breaks",7131812,12,"Oyster Bay"
"8440","Breaks",7131813,12,"Oyster Bay"
"8441","Breaks",7133084,11,"Punga Cove"
"8442","Breaks",7133085,11,"Punga Cove"
"8443","Breaks",7135187,35,"Elmslie Bay (French Pass)"
"8444","Breaks",7135188,35,"Elmslie Bay (French Pass)"
"8445","Breaks",7135189,35,"Elmslie Bay (French Pass)"
"8446","Breaks",7135194,35,"Elmslie Bay (French Pass)"
"8447","Breaks",7137604,12,"Oyster Bay"
"8448","Breaks",7137605,12,"Oyster Bay"
"8449","Breaks",7137788,7,"Grove Point/Arm Jetty"
"8450","Breaks",7140891,9,"Ngakuta Bay"
"8451","Breaks",7140892,9,"Ngakuta Bay"
"8452","Breaks",7140893,9,"Ngakuta Bay"
"8453","Breaks",7140894,9,"Ngakuta Bay"
"8454","Breaks",7140895,9,"Ngakuta Bay"
"8455","Breaks",7143695,36,"Kapowai Bay (D'urville Island)"
"8456","Breaks",7143696,36,"Kapowai Bay (D'urville Island)"
"8457","Breaks",7146238,17,"Kaiuma Bay"
"8458","Breaks",7146239,17,"Kaiuma Bay"
"8459","Breaks",7146617,17,"Kaiuma Bay"
"8460","Breaks",7148765,38,"Bulwer Bay"
"8461","Breaks",7148766,38,"Bulwer Bay"
"8462","Breaks",7148767,38,"Bulwer Bay"
"8463","Breaks",7148779,38,"Bulwer Bay"
"8464","Breaks",7151116,12,"Oyster Bay"
"8465","Breaks",7151117,12,"Oyster Bay"
"8466","Breaks",7151118,12,"Oyster Bay"
"8467","Breaks",7151119,12,"Oyster Bay"
"8468","Breaks",7151756,30,"St. Omer Barge Ramp"
"8469","Breaks",7151757,30,"St. Omer Barge Ramp"
"8470","Breaks",7153118,12,"Oyster Bay"
"8471","Breaks",7153119,12,"Oyster Bay"
"8472","Breaks",7154534,13,"Hakana Bay"
"8473","Breaks",7158120,9,"Ngakuta Bay"
"8474","Breaks",7158121,9,"Ngakuta Bay"
"8475","Breaks",7158122,9,"Ngakuta Bay"
"8476","Breaks",7159301,12,"Oyster Bay"
"8477","Breaks",7159302,12,"Oyster Bay"
"8478","Breaks",7159423,12,"Oyster Bay"
"8479","Breaks",7161410,12,"Oyster Bay"
"8480","Breaks",7162528,12,"Oyster Bay"
"8481","Breaks",7162529,12,"Oyster Bay"
"8482","Breaks",7162530,12,"Oyster Bay"
"8483","Breaks",7163108,7,"Grove Point/Arm Jetty"
"8484","Breaks",7168460,12,"Oyster Bay"
"8485","Breaks",7169909,30,"St. Omer Barge Ramp"
"8486","Breaks",7169910,30,"St. Omer Barge Ramp"
"8487","Breaks",7169911,30,"St. Omer Barge Ramp"
"8488","Breaks",7173475,17,"Kaiuma Bay"
"8489","Breaks",7173476,17,"Kaiuma Bay"
"8490","Breaks",7173477,17,"Kaiuma Bay"
"8491","Breaks",7173485,17,"Kaiuma Bay"
"8492","Breaks",7173486,17,"Kaiuma Bay"
"8493","Breaks",7173487,17,"Kaiuma Bay"
"8494","Breaks",7173488,17,"Kaiuma Bay"
"8495","Breaks",7173839,12,"Oyster Bay"
"8496","Breaks",7173840,12,"Oyster Bay"
"8497","Breaks",7175342,29,"Waitaria Bay"
"8498","Breaks",7175343,29,"Waitaria Bay"
"8499","Breaks",7175344,29,"Waitaria Bay"
"8500","Breaks",7178929,12,"Oyster Bay"
"8501","Breaks",7178930,12,"Oyster Bay"
"8502","Breaks",7179238,6,"Anakiwa"
"8503","Breaks",7179265,27,"Sandy Bay"
"8504","Breaks",7179266,27,"Sandy Bay"
"8505","Breaks",7180074,12,"Oyster Bay"
"8506","Breaks",7186132,12,"Oyster Bay"
"8507","Breaks",7186514,17,"Kaiuma Bay"
"8508","Breaks",7186515,17,"Kaiuma Bay"
"8509","Breaks",7186519,17,"Kaiuma Bay"
"8510","Breaks",7189109,17,"Kaiuma Bay"
"8511","Breaks",7189439,12,"Oyster Bay"
"8512","Breaks",7189440,12,"Oyster Bay"
"8513","Breaks",7196942,7,"Grove Point/Arm Jetty"
"8514","Breaks",7198939,22,"Broughton Bay Road"
"8515","Breaks",7198940,22,"Broughton Bay Road"
"8516","Breaks",7204635,12,"Oyster Bay"
"8517","Breaks",7204636,12,"Oyster Bay"
"8518","Breaks",7206926,12,"Oyster Bay"
"8519","Breaks",7206927,12,"Oyster Bay"
"8520","Breaks",7209619,16,"Torea Bay"
"8521","Breaks",7209620,16,"Torea Bay"
"8522","Breaks",7211833,12,"Oyster Bay"
"8523","Breaks",7211834,12,"Oyster Bay"
"8524","Breaks",7211835,12,"Oyster Bay"
"8525","Breaks",7211836,12,"Oyster Bay"
"8526","Breaks",7211837,12,"Oyster Bay"
"8527","Breaks",7212630,28,"Fish Bay Ramp"
"8528","Breaks",7212631,28,"Fish Bay Ramp"
"8529","Breaks",7212810,34,"Cissy Bay"
"8530","Breaks",7212811,34,"Cissy Bay"
"8531","Breaks",7212812,34,"Cissy Bay"
"8532","Breaks",7212813,34,"Cissy Bay"
"8533","Breaks",7212815,34,"Cissy Bay"
"8534","Breaks",7220197,41,"Okiwi Bay"
"8535","Breaks",7220198,41,"Okiwi Bay"
"8536","Breaks",7220199,41,"Okiwi Bay"
"8537","Breaks",7220200,41,"Okiwi Bay"
"8538","Breaks",7220201,41,"Okiwi Bay"
"8539","Breaks",7220202,41,"Okiwi Bay"
"8540","Breaks",7220205,41,"Okiwi Bay"
"8541","Breaks",7220851,12,"Oyster Bay"
"8542","Breaks",7220852,12,"Oyster Bay"
"8543","Breaks",7220853,12,"Oyster Bay"
"8544","Breaks",7220928,12,"Oyster Bay"
"8545","Breaks",7220929,12,"Oyster Bay"
"8546","Breaks",7232949,26,"Nikau Cove Doc Camp"
"8547","Breaks",7234607,13,"Hakana Bay"
"8548","Breaks",7234608,13,"Hakana Bay"
"8549","Breaks",7236351,21,"Willow Bay"
"8550","Breaks",7236352,20,"Ohingaroa Bay"
"8551","Breaks",7236353,20,"Ohingaroa Bay"
"8552","Breaks",7236354,20,"Ohingaroa Bay"
"8553","Breaks",7241480,27,"Sandy Bay"
"8554","Breaks",7241481,27,"Sandy Bay"
"8555","Breaks",7241715,11,"Punga Cove"
"8556","Breaks",7241716,11,"Punga Cove"
"8557","Breaks",7242763,12,"Oyster Bay"
"8558","Breaks",7243557,31,"Double Bay"
"8559","Breaks",7243558,31,"Double Bay"
"8560","Breaks",7243559,31,"Double Bay"
"8561","Breaks",7243560,31,"Double Bay"
"8562","Breaks",7243561,31,"Double Bay"
"8563","Breaks",7243562,31,"Double Bay"
"8564","Breaks",7244375,12,"Oyster Bay"
"8565","Breaks",7245504,21,"Willow Bay"
"8566","Breaks",7245506,21,"Willow Bay"
"8567","Breaks",7248196,12,"Oyster Bay"
"8568","Breaks",7248197,12,"Oyster Bay"
"8569","Breaks",7248202,38,"Bulwer Bay"
"8570","Breaks",7248203,38,"Bulwer Bay"
"8571","Breaks",7248204,38,"Bulwer Bay"
"8572","Breaks",7248205,37,"Hamilton Bay (Rocky Creek) Ramp"
"8573","Breaks",7248206,37,"Hamilton Bay (Rocky Creek) Ramp"
"8574","Breaks",7248923,18,"Moetapu Bay Jetty"
"8575","Breaks",7248927,18,"Moetapu Bay Jetty"
"8576","Breaks",7251957,30,"St. Omer Barge Ramp"
"8577","Breaks",7251958,30,"St. Omer Barge Ramp"
"8578","Breaks",7254039,11,"Punga Cove"
"8579","Breaks",7254040,11,"Punga Cove"
"8580","Breaks",7254523,11,"Punga Cove"
"8581","Breaks",7254524,11,"Punga Cove"
"8582","Breaks",7254525,11,"Punga Cove"
"8583","Breaks",7254526,11,"Punga Cove"
"8584","Breaks",7254527,11,"Punga Cove"
"8585","Breaks",7254528,11,"Punga Cove"
"8586","Breaks",7254529,11,"Punga Cove"
"8587","Breaks",7254598,37,"Hamilton Bay (Rocky Creek) Ramp"
"8588","Breaks",7254599,37,"Hamilton Bay (Rocky Creek) Ramp"
"8589","Breaks",7254600,37,"Hamilton Bay (Rocky Creek) Ramp"
"8590","Breaks",7254601,37,"Hamilton Bay (Rocky Creek) Ramp"
"8591","Breaks",7254622,37,"Hamilton Bay (Rocky Creek) Ramp"
"8592","Breaks",7255506,11,"Punga Cove"
"8593","Breaks",7255508,11,"Punga Cove"
"8594","Breaks",7255509,11,"Punga Cove"
"8595","Breaks",7259446,12,"Oyster Bay"
"8596","Breaks",7259447,12,"Oyster Bay"
"8597","Breaks",7259448,12,"Oyster Bay"
"8598","Breaks",7260796,12,"Oyster Bay"
"8599","Breaks",7260797,12,"Oyster Bay"
"8600","Breaks",7265351,12,"Oyster Bay"
"8601","Breaks",7265352,12,"Oyster Bay"
"8602","Breaks",7266569,12,"Oyster Bay"
"8603","Breaks",7267982,17,"Kaiuma Bay"
"8604","Breaks",7267983,17,"Kaiuma Bay"
"8605","Breaks",7267984,17,"Kaiuma Bay"
"8606","Breaks",7267985,17,"Kaiuma Bay"
"8607","Breaks",7267986,17,"Kaiuma Bay"
"8608","Breaks",7267987,17,"Kaiuma Bay"
"8609","Breaks",7267988,17,"Kaiuma Bay"
"8610","Breaks",7267989,17,"Kaiuma Bay"
"8611","Breaks",7268182,12,"Oyster Bay"
"8612","Breaks",7268183,12,"Oyster Bay"
"8613","Breaks",7268201,12,"Oyster Bay"
"8614","Breaks",7268202,12,"Oyster Bay"
"8615","Breaks",7268205,12,"Oyster Bay"
"8616","Breaks",7268206,12,"Oyster Bay"
"8617","Breaks",7272437,31,"Double Bay"
"8618","Breaks",7272438,31,"Double Bay"
"8619","Breaks",7272439,31,"Double Bay"
"8620","Breaks",7275212,39,"Elaine Bay Boat Ramp"
"8621","Breaks",7277132,27,"Sandy Bay"
"8622","Breaks",7277133,27,"Sandy Bay"
"8623","Breaks",7279054,27,"Sandy Bay"
"8624","Breaks",7281029,9,"Ngakuta Bay"
"8625","Breaks",7284129,18,"Moetapu Bay Jetty"
"8626","Breaks",7284130,18,"Moetapu Bay Jetty"
"8627","Breaks",7284131,18,"Moetapu Bay Jetty"
"8628","Breaks",7284132,18,"Moetapu Bay Jetty"
"8629","Breaks",7285969,7,"Grove Point/Arm Jetty"
"8630","Breaks",7286942,17,"Kaiuma Bay"
"8631","Breaks",7287629,17,"Kaiuma Bay"
"8632","Breaks",7287630,17,"Kaiuma Bay"
"8633","Breaks",7287631,17,"Kaiuma Bay"
"8634","Breaks",7287632,17,"Kaiuma Bay"
"8635","Breaks",7287633,17,"Kaiuma Bay"
"8636","Breaks",7287634,17,"Kaiuma Bay"
"8637","Breaks",7289497,17,"Kaiuma Bay"
"8638","Breaks",7291327,12,"Oyster Bay"
"8639","Breaks",7291328,12,"Oyster Bay"
"8640","Breaks",7291720,7,"Grove Point/Arm Jetty"
"8641","Breaks",7291721,7,"Grove Point/Arm Jetty"
"8642","Breaks",7291722,7,"Grove Point/Arm Jetty"
"8643","Breaks",7292111,12,"Oyster Bay"
"8644","Breaks",7292112,12,"Oyster Bay"
"8645","Breaks",7292113,12,"Oyster Bay"
"8646","Breaks",7295525,27,"Sandy Bay"
"8647","Breaks",7295526,27,"Sandy Bay"
"8648","Breaks",7297696,13,"Hakana Bay"
"8649","Breaks",7297697,13,"Hakana Bay"
"8650","Breaks",7299084,12,"Oyster Bay"
"8651","Breaks",7299085,12,"Oyster Bay"
"8652","Breaks",7310322,29,"Waitaria Bay"
"8653","Breaks",7310628,17,"Kaiuma Bay"
"8654","Breaks",7310629,17,"Kaiuma Bay"
"8655","Breaks",7311480,17,"Kaiuma Bay"
"8656","Breaks",7311481,17,"Kaiuma Bay"
"8657","Breaks",7312912,13,"Hakana Bay"
"8658","Breaks",7312913,13,"Hakana Bay"
"8659","Breaks",7313315,12,"Oyster Bay"
"8660","Breaks",7313316,12,"Oyster Bay"
"8661","Breaks",7313897,17,"Kaiuma Bay"
"8662","Breaks",7316097,13,"Hakana Bay"
"8663","Breaks",7316098,13,"Hakana Bay"
"8664","Breaks",7316099,13,"Hakana Bay"
"8665","Breaks",7316100,13,"Hakana Bay"
"8666","Breaks",7316101,13,"Hakana Bay"
"8667","Breaks",7318391,12,"Oyster Bay"
"8668","Breaks",7318393,12,"Oyster Bay"
"8669","Breaks",7318394,12,"Oyster Bay"
"8670","Breaks",7318943,12,"Oyster Bay"
"8671","Breaks",7318944,12,"Oyster Bay"
"8672","Breaks",7319317,32,"Duncan Bay"
"8673","Breaks",7319318,32,"Duncan Bay"
"8674","Breaks",7323733,35,"Elmslie Bay (French Pass)"
"8675","Breaks",7323734,35,"Elmslie Bay (French Pass)"
"8676","Breaks",7325491,7,"Grove Point/Arm Jetty"
"8677","Breaks",7325492,7,"Grove Point/Arm Jetty"
"8678","Breaks",7325493,7,"Grove Point/Arm Jetty"
"8679","Breaks",7325494,7,"Grove Point/Arm Jetty"
"8680","Breaks",7327117,12,"Oyster Bay"
"8681","Breaks",7327118,12,"Oyster Bay"
"8682","Breaks",7332010,33,"Penzance Bay"
"8683","Breaks",7332011,33,"Penzance Bay"
"8684","Breaks",7332012,33,"Penzance Bay"
"8685","Breaks",7334630,17,"Kaiuma Bay"
"8686","Breaks",7334631,17,"Kaiuma Bay"
"8687","Breaks",7334632,17,"Kaiuma Bay"
"8688","Breaks",7334633,17,"Kaiuma Bay"
"8689","Breaks",7334634,17,"Kaiuma Bay"
"8690","Breaks",7334635,17,"Kaiuma Bay"
"8691","Breaks",7334636,17,"Kaiuma Bay"
"8692","Breaks",7334637,17,"Kaiuma Bay"
"8693","Breaks",7334638,17,"Kaiuma Bay"
"8694","Breaks",7334639,17,"Kaiuma Bay"
"8695","Breaks",7334640,17,"Kaiuma Bay"
"8696","Breaks",7334641,17,"Kaiuma Bay"
"8697","Breaks",7334642,17,"Kaiuma Bay"
"8698","Breaks",7334643,17,"Kaiuma Bay"
"8699","Breaks",7334644,17,"Kaiuma Bay"
"8700","Breaks",7334645,17,"Kaiuma Bay"
"8701","Breaks",7334646,17,"Kaiuma Bay"
"8702","Breaks",7334647,17,"Kaiuma Bay"
"8703","Breaks",7334648,17,"Kaiuma Bay"
"8704","Breaks",7334649,17,"Kaiuma Bay"
"8705","Breaks",7334650,17,"Kaiuma Bay"
"8706","Breaks",7334651,17,"Kaiuma Bay"
"8707","Breaks",7334652,17,"Kaiuma Bay"
"8708","Breaks",7334653,17,"Kaiuma Bay"
"8709","Breaks",7334654,17,"Kaiuma Bay"
"8710","Breaks",7334655,17,"Kaiuma Bay"
"8711","Breaks",7334656,17,"Kaiuma Bay"
"8712","Breaks",7334657,17,"Kaiuma Bay"
"8713","Breaks",7334658,17,"Kaiuma Bay"
"8714","Breaks",7334659,17,"Kaiuma Bay"
"8715","Breaks",7334660,17,"Kaiuma Bay"
"8716","Breaks",7334661,17,"Kaiuma Bay"
"8717","Breaks",7334662,17,"Kaiuma Bay"
"8718","Breaks",7334663,17,"Kaiuma Bay"
"8719","Breaks",7334664,17,"Kaiuma Bay"
"8720","Breaks",7334665,17,"Kaiuma Bay"
"8721","Breaks",7334666,17,"Kaiuma Bay"
"8722","Breaks",7335133,29,"Waitaria Bay"
"8723","Breaks",7335135,29,"Waitaria Bay"
"8724","Breaks",7340132,21,"Willow Bay"
"8725","Breaks",7340133,21,"Willow Bay"
"8726","Breaks",7340134,21,"Willow Bay"
"8727","Breaks",7340137,21,"Willow Bay"
"8728","Breaks",7343973,17,"Kaiuma Bay"
"8729","Breaks",7347414,39,"Elaine Bay Boat Ramp"
"8730","Breaks",7347962,30,"St. Omer Barge Ramp"
"8731","Breaks",7347963,30,"St. Omer Barge Ramp"
"8732","Breaks",7347964,30,"St. Omer Barge Ramp"
"8733","Breaks",7347965,30,"St. Omer Barge Ramp"
"8734","Breaks",7352036,12,"Oyster Bay"
"8735","Breaks",7352037,12,"Oyster Bay"
"8736","Breaks",7353177,35,"Elmslie Bay (French Pass)"
"8737","Breaks",7353178,36,"Kapowai Bay (D'urville Island)"
"8738","Breaks",7353179,36,"Kapowai Bay (D'urville Island)"
"8739","Breaks",7353180,35,"Elmslie Bay (French Pass)"
"8740","Breaks",7353181,36,"Kapowai Bay (D'urville Island)"
"8741","Breaks",7353182,36,"Kapowai Bay (D'urville Island)"
"8742","Breaks",7353461,25,"Cowshed Bay"
"8743","Breaks",7353462,25,"Cowshed Bay"
"8744","Breaks",7362750,36,"Kapowai Bay (D'urville Island)"
"8745","Breaks",7362751,36,"Kapowai Bay (D'urville Island)"
"8746","Breaks",7362752,36,"Kapowai Bay (D'urville Island)"
"8747","Breaks",7362753,36,"Kapowai Bay (D'urville Island)"
"8748","Breaks",7364379,12,"Oyster Bay"
"8749","Breaks",7369819,36,"Kapowai Bay (D'urville Island)"
"8750","Breaks",7369820,36,"Kapowai Bay (D'urville Island)"
"8751","Breaks",7375021,12,"Oyster Bay"
"8752","Breaks",7375022,12,"Oyster Bay"
"8753","Breaks",7381511,17,"Kaiuma Bay"
"8754","Breaks",7381512,17,"Kaiuma Bay"
"8755","Breaks",7383415,39,"Elaine Bay Boat Ramp"
"8756","Breaks",7383416,39,"Elaine Bay Boat Ramp"
"8757","Breaks",7383417,39,"Elaine Bay Boat Ramp"
"8758","Breaks",7383418,39,"Elaine Bay Boat Ramp"
"8759","Breaks",7383419,39,"Elaine Bay Boat Ramp"
"8760","Breaks",7383420,39,"Elaine Bay Boat Ramp"
"8761","Breaks",7383421,39,"Elaine Bay Boat Ramp"
"8762","Breaks",7383422,39,"Elaine Bay Boat Ramp"
"8763","Breaks",7383693,12,"Oyster Bay"
"8764","Breaks",7385317,17,"Kaiuma Bay"
"8765","Breaks",7385318,17,"Kaiuma Bay"
"8766","Breaks",7385319,17,"Kaiuma Bay"
"8767","Breaks",7385320,17,"Kaiuma Bay"
"8768","Breaks",7385321,17,"Kaiuma Bay"
"8769","Breaks",7385322,17,"Kaiuma Bay"
"8770","Breaks",7387510,12,"Oyster Bay"
"8771","Breaks",7387511,12,"Oyster Bay"
"8772","Breaks",7388686,12,"Oyster Bay"
"8773","Breaks",7388687,12,"Oyster Bay"
"8774","Breaks",7388688,12,"Oyster Bay"
"8775","Breaks",7389405,7,"Grove Point/Arm Jetty"
"8776","Breaks",7393281,21,"Willow Bay"
"8777","Breaks",7400190,27,"Sandy Bay"
"8778","Breaks",7403985,36,"Kapowai Bay (D'urville Island)"
"8779","Breaks",7405567,41,"Okiwi Bay"
"8780","Breaks",7410414,17,"Kaiuma Bay"
"8781","Breaks",7410415,17,"Kaiuma Bay"
"8782","Breaks",7411115,27,"Sandy Bay"
"8783","Breaks",7411116,27,"Sandy Bay"
"8784","Breaks",7411268,12,"Oyster Bay"
"8785","Breaks",7411269,12,"Oyster Bay"
"8786","Breaks",7412951,7,"Grove Point/Arm Jetty"
"8787","Breaks",7412953,7,"Grove Point/Arm Jetty"
"8788","Breaks",7415172,17,"Kaiuma Bay"
"8789","Breaks",7415173,17,"Kaiuma Bay"
"8790","Breaks",7415540,35,"Elmslie Bay (French Pass)"
"8791","Breaks",7417243,17,"Kaiuma Bay"
"8792","Breaks",7417244,17,"Kaiuma Bay"
"8793","Breaks",7417766,12,"Oyster Bay"
"8794","Breaks",7418124,12,"Oyster Bay"
"8795","Breaks",7418125,12,"Oyster Bay"
"8796","Breaks",7421021,17,"Kaiuma Bay"
"8797","Breaks",7421022,17,"Kaiuma Bay"
"8798","Breaks",7421153,21,"Willow Bay"
"8799","Breaks",7421154,21,"Willow Bay"
"8800","Breaks",7421155,21,"Willow Bay"
"8801","Breaks",7421156,21,"Willow Bay"
"8802","Breaks",7421157,21,"Willow Bay"
"8803","Breaks",7423346,11,"Punga Cove"
"8804","Breaks",7423347,11,"Punga Cove"
"8805","Breaks",7424082,17,"Kaiuma Bay"
"8806","Breaks",7437713,32,"Duncan Bay"
"8807","Breaks",7437714,32,"Duncan Bay"
"8808","Breaks",7437715,32,"Duncan Bay"
"8809","Breaks",7445887,12,"Oyster Bay"
"8810","Breaks",7445888,12,"Oyster Bay"
"8811","Breaks",7449067,17,"Kaiuma Bay"
"8812","Breaks",7449068,17,"Kaiuma Bay"
"8813","Breaks",7449069,17,"Kaiuma Bay"
"8814","Breaks",7449070,17,"Kaiuma Bay"
"8815","Breaks",7449182,13,"Hakana Bay"
"8816","Breaks",7449184,13,"Hakana Bay"
"8817","Breaks",7450726,12,"Oyster Bay"
"8818","Breaks",7450727,12,"Oyster Bay"
"8819","Breaks",7450728,12,"Oyster Bay"
"8820","Breaks",7451080,12,"Oyster Bay"
"8821","Breaks",7451081,12,"Oyster Bay"
"8822","Breaks",7452634,11,"Punga Cove"
"8823","Breaks",7452635,11,"Punga Cove"
"8824","Breaks",7452636,11,"Punga Cove"
"8825","Breaks",7452637,11,"Punga Cove"
"8826","Breaks",7452638,11,"Punga Cove"
"8827","Breaks",7452639,11,"Punga Cove"
"8828","Breaks",7452640,11,"Punga Cove"
"8829","Breaks",7452641,11,"Punga Cove"
"8830","Breaks",7452642,11,"Punga Cove"
"8831","Breaks",7452643,11,"Punga Cove"
"8832","Breaks",7452644,11,"Punga Cove"
"8833","Breaks",7452645,11,"Punga Cove"
"8834","Breaks",7452646,11,"Punga Cove"
"8835","Breaks",7452647,11,"Punga Cove"
"8836","Breaks",7452901,41,"Okiwi Bay"
"8837","Breaks",7456729,12,"Oyster Bay"
"8838","Breaks",7460279,12,"Oyster Bay"
"8839","Breaks",7460280,12,"Oyster Bay"
"8840","Breaks",7460281,12,"Oyster Bay"
"8841","Breaks",7460539,11,"Punga Cove"
"8842","Breaks",7460540,11,"Punga Cove"
"8843","Breaks",7460541,11,"Punga Cove"
"8844","Breaks",7463967,17,"Kaiuma Bay"
"8845","Breaks",7463968,17,"Kaiuma Bay"
"8846","Breaks",7465444,12,"Oyster Bay"
"8847","Breaks",7465445,12,"Oyster Bay"
"8848","Breaks",7465683,17,"Kaiuma Bay"
"8849","Breaks",7469035,41,"Okiwi Bay"
"8850","Breaks",7469036,41,"Okiwi Bay"
"8851","Breaks",7472834,17,"Kaiuma Bay"
"8852","Breaks",7475397,12,"Oyster Bay"
"8853","Breaks",7475398,12,"Oyster Bay"
"8854","Breaks",7477191,17,"Kaiuma Bay"
"8855","Breaks",7477192,17,"Kaiuma Bay"
"8856","Breaks",7478827,17,"Kaiuma Bay"
"8857","Breaks",7483591,36,"Kapowai Bay (D'urville Island)"
"8858","Breaks",7483592,36,"Kapowai Bay (D'urville Island)"
"8859","Breaks",7483593,36,"Kapowai Bay (D'urville Island)"
"8860","Breaks",7483594,36,"Kapowai Bay (D'urville Island)"
"8861","Breaks",7483595,36,"Kapowai Bay (D'urville Island)"
"8862","Breaks",7491010,7,"Grove Point/Arm Jetty"
"8863","Breaks",7491011,7,"Grove Point/Arm Jetty"
"8864","Breaks",7493093,30,"St. Omer Barge Ramp"
"8865","Breaks",7493494,25,"Cowshed Bay"
"8866","Breaks",7493495,25,"Cowshed Bay"
"8867","Breaks",7493496,25,"Cowshed Bay"
"8868","Breaks",7495769,29,"Waitaria Bay"
"8869","Breaks",7496261,8,"Momorangi Bay"
"8870","Breaks",7496262,8,"Momorangi Bay"
"8871","Breaks",7502989,12,"Oyster Bay"
"8872","Breaks",7502990,12,"Oyster Bay"
"8873","Breaks",7503055,17,"Kaiuma Bay"
"8874","Breaks",7515551,12,"Oyster Bay"
"8875","Breaks",7515552,12,"Oyster Bay"
"8876","Breaks",7515557,12,"Oyster Bay"
"8877","Breaks",7515562,12,"Oyster Bay"
"8878","Breaks",7515567,12,"Oyster Bay"
"8879","Breaks",7521725,12,"Oyster Bay"
"8880","Breaks",7521726,12,"Oyster Bay"
"8881","Breaks",7522478,23,"Te Mahia"
"8882","Breaks",7522479,23,"Te Mahia"
"8883","Breaks",7524530,17,"Kaiuma Bay"
"8884","Breaks",7524531,17,"Kaiuma Bay"
"8885","Breaks",7524624,25,"Cowshed Bay"
"8886","Breaks",7524625,25,"Cowshed Bay"
"8887","Breaks",7529604,17,"Kaiuma Bay"
"8888","Breaks",7533224,12,"Oyster Bay"
"8889","Breaks",7533225,12,"Oyster Bay"
"8890","Breaks",7553550,12,"Oyster Bay"
"8891","Breaks",7553551,12,"Oyster Bay"
"8892","Breaks",7553558,12,"Oyster Bay"
"8893","Breaks",7564402,17,"Kaiuma Bay"
"8894","Breaks",7571629,17,"Kaiuma Bay"
"8895","Breaks",7571816,17,"Kaiuma Bay"
"8896","Breaks",7572691,17,"Kaiuma Bay"
"8897","Breaks",7572924,17,"Kaiuma Bay"
"8898","Breaks",7574168,12,"Oyster Bay"
"8899","Breaks",7574169,12,"Oyster Bay"
"8900","Breaks",7575594,12,"Oyster Bay"
"8901","Breaks",7575595,12,"Oyster Bay"
"8902","Breaks",7580232,12,"Oyster Bay"
"8903","Breaks",7581427,12,"Oyster Bay"
"8904","Breaks",7581429,12,"Oyster Bay"
"8905","Breaks",7587649,27,"Sandy Bay"
"8906","Breaks",7587669,17,"Kaiuma Bay"
"8907","Breaks",7588139,37,"Hamilton Bay (Rocky Creek) Ramp"
"8908","Breaks",7588830,21,"Willow Bay"
"8909","Breaks",7591556,32,"Duncan Bay"
"8910","Breaks",7599793,12,"Oyster Bay"
"8911","Breaks",7599794,12,"Oyster Bay"
"8912","Breaks",7600317,7,"Grove Point/Arm Jetty"
"8913","Breaks",7600324,7,"Grove Point/Arm Jetty"
"8914","Breaks",7610012,13,"Hakana Bay"
"8915","Breaks",7610217,13,"Hakana Bay"
"8916","Breaks",7610831,12,"Oyster Bay"
"8917","Breaks",7613196,12,"Oyster Bay"
"8918","Breaks",7613197,12,"Oyster Bay"
"8919","Breaks",7613198,12,"Oyster Bay"
"8920","Breaks",7617815,12,"Oyster Bay"
"8921","Breaks",7631461,12,"Oyster Bay"
"8922","Breaks",7631462,12,"Oyster Bay"
"8923","Breaks",7631463,13,"Hakana Bay"
"8924","Breaks",7631470,13,"Hakana Bay"
"8925","Breaks",7632258,27,"Sandy Bay"
"8926","Breaks",7632259,27,"Sandy Bay"
"8927","Breaks",7635707,17,"Kaiuma Bay"
"8928","Breaks",7635708,17,"Kaiuma Bay"
"8929","Breaks",7635709,17,"Kaiuma Bay"
"8930","Breaks",7635710,17,"Kaiuma Bay"
"8931","Breaks",7635725,17,"Kaiuma Bay"
"8932","Breaks",7635726,17,"Kaiuma Bay"
"8933","Breaks",7636697,32,"Duncan Bay"
"8934","Breaks",7636698,32,"Duncan Bay"
"8935","Breaks",7641196,25,"Cowshed Bay"
"8936","Breaks",7641197,25,"Cowshed Bay"
"8937","Breaks",7648623,12,"Oyster Bay"
"8938","Breaks",7648624,12,"Oyster Bay"
"8939","Breaks",7648625,12,"Oyster Bay"
"8940","Breaks",7650526,12,"Oyster Bay"
"8941","Breaks",7656762,24,"Tara Bay"
"8942","Breaks",7656763,24,"Tara Bay"
"8943","Breaks",7659728,17,"Kaiuma Bay"
"8944","Breaks",7659729,17,"Kaiuma Bay"
"8945","Breaks",7659730,17,"Kaiuma Bay"
"8946","Breaks",7659731,17,"Kaiuma Bay"
"8947","Breaks",7659732,17,"Kaiuma Bay"
"8948","Breaks",7659734,17,"Kaiuma Bay"
"8949","Breaks",7659735,17,"Kaiuma Bay"
"8950","Breaks",7659736,17,"Kaiuma Bay"
"8951","Breaks",7671100,12,"Oyster Bay"
"8952","Breaks",7675631,27,"Sandy Bay"
"8953","Breaks",7675632,27,"Sandy Bay"
"8954","Breaks",7682779,30,"St. Omer Barge Ramp"
"8955","Breaks",7682780,30,"St. Omer Barge Ramp"
"8956","Breaks",7685105,21,"Willow Bay"
"8957","Breaks",7685106,21,"Willow Bay"
"8958","Breaks",7685107,21,"Willow Bay"
"8959","Breaks",7685108,21,"Willow Bay"
"8960","Breaks",7685109,21,"Willow Bay"
"8961","Breaks",7690081,12,"Oyster Bay"
"8962","Breaks",7690082,12,"Oyster Bay"
"8963","Breaks",7690092,12,"Oyster Bay"
"8964","Breaks",7696095,11,"Punga Cove"
"8965","Breaks",7696098,11,"Punga Cove"
"8966","Breaks",7703850,12,"Oyster Bay"
"8967","Breaks",7703851,12,"Oyster Bay"
"8968","Breaks",7704587,12,"Oyster Bay"
"8969","Breaks",7704588,12,"Oyster Bay"
"8970","Breaks",7704589,12,"Oyster Bay"
"8971","Breaks",7706329,41,"Okiwi Bay"
"8972","Breaks",7706330,41,"Okiwi Bay"
"8973","Breaks",7706332,41,"Okiwi Bay"
"8974","Breaks",7715924,29,"Waitaria Bay"
"8975","Breaks",7715925,29,"Waitaria Bay"
"8976","Breaks",7715926,29,"Waitaria Bay"
"8977","Breaks",7715927,29,"Waitaria Bay"
"8978","Breaks",7715928,29,"Waitaria Bay"
"8979","Breaks",7715929,29,"Waitaria Bay"
"8980","Breaks",7715930,29,"Waitaria Bay"
"8981","Breaks",7715944,29,"Waitaria Bay"
"8982","Breaks",7717682,12,"Oyster Bay"
"8983","Breaks",7722406,12,"Oyster Bay"
"8984","Breaks",7722407,12,"Oyster Bay"
"8985","Breaks",7723219,11,"Punga Cove"
"8986","Breaks",7723220,11,"Punga Cove"
"8987","Breaks",7723301,11,"Punga Cove"
"8988","Breaks",7723302,11,"Punga Cove"
"8989","Breaks",7731297,12,"Oyster Bay"
"8990","Breaks",7731298,12,"Oyster Bay"
"8991","Breaks",7737440,12,"Oyster Bay"
"8992","Breaks",7737441,12,"Oyster Bay"
"8993","Breaks",7737442,12,"Oyster Bay"
"8994","Breaks",7740476,13,"Hakana Bay"
"8995","Breaks",7740477,12,"Oyster Bay"
"8996","Breaks",7740478,13,"Hakana Bay"
"8997","Breaks",7740479,13,"Hakana Bay"
"8998","Breaks",7740480,13,"Hakana Bay"
"8999","Breaks",7740481,13,"Hakana Bay"
"9000","Breaks",7740482,13,"Hakana Bay"
"9001","Breaks",7740483,13,"Hakana Bay"
"9002","Breaks",7740484,13,"Hakana Bay"
"9003","Breaks",7740485,13,"Hakana Bay"
"9004","Breaks",7740486,13,"Hakana Bay"
"9005","Breaks",7740487,13,"Hakana Bay"
"9006","Breaks",7740488,13,"Hakana Bay"
"9007","Breaks",7745914,22,"Broughton Bay Road"
"9008","Breaks",7745915,22,"Broughton Bay Road"
"9009","Breaks",7748745,18,"Moetapu Bay Jetty"
"9010","Breaks",7748746,18,"Moetapu Bay Jetty"
"9011","Breaks",7749327,12,"Oyster Bay"
"9012","Breaks",7749328,12,"Oyster Bay"
"9013","Breaks",7749329,12,"Oyster Bay"
"9014","Breaks",7749330,12,"Oyster Bay"
"9015","Breaks",7749331,12,"Oyster Bay"
"9016","Breaks",7749332,12,"Oyster Bay"
"9017","Breaks",7749333,12,"Oyster Bay"
"9018","Breaks",7749335,12,"Oyster Bay"
"9019","Breaks",7749336,12,"Oyster Bay"
"9020","Breaks",7749351,12,"Oyster Bay"
"9021","Breaks",7755120,37,"Hamilton Bay (Rocky Creek) Ramp"
"9022","Breaks",7755121,37,"Hamilton Bay (Rocky Creek) Ramp"
"9023","Breaks",7762534,12,"Oyster Bay"
"9024","Breaks",7762535,12,"Oyster Bay"
"9025","Breaks",7765269,7,"Grove Point/Arm Jetty"
"9026","Breaks",7766239,17,"Kaiuma Bay"
"9027","Breaks",7766247,17,"Kaiuma Bay"
"9028","Breaks",7770034,13,"Hakana Bay"
"9029","Breaks",7770035,13,"Hakana Bay"
"9030","Breaks",7777437,17,"Kaiuma Bay"
"9031","Breaks",7777438,17,"Kaiuma Bay"
"9032","Breaks",7779338,17,"Kaiuma Bay"
"9033","Breaks",7779339,17,"Kaiuma Bay"
"9034","Breaks",7779340,17,"Kaiuma Bay"
"9035","Breaks",7779341,17,"Kaiuma Bay"
"9036","Breaks",7779342,17,"Kaiuma Bay"
"9037","Breaks",7779343,17,"Kaiuma Bay"
"9038","Breaks",7779855,12,"Oyster Bay"
"9039","Breaks",7779856,12,"Oyster Bay"
"9040","Breaks",7787733,38,"Bulwer Bay"
"9041","Breaks",7787734,38,"Bulwer Bay"
"9042","Breaks",7788715,12,"Oyster Bay"
"9043","Breaks",7788716,12,"Oyster Bay"
"9044","Breaks",7792659,25,"Cowshed Bay"
"9045","Breaks",7792660,25,"Cowshed Bay"
"9046","Breaks",7792661,25,"Cowshed Bay"
"9047","Breaks",7794718,38,"Bulwer Bay"
"9048","Breaks",7794719,38,"Bulwer Bay"
"9049","Breaks",7795767,31,"Double Bay"
"9050","Breaks",7795768,31,"Double Bay"
"9051","Breaks",7805443,29,"Waitaria Bay"
"9052","Breaks",7805444,29,"Waitaria Bay"
"9053","Breaks",7817871,37,"Hamilton Bay (Rocky Creek) Ramp"
"9054","Breaks",7817872,37,"Hamilton Bay (Rocky Creek) Ramp"
"9055","Breaks",7817873,37,"Hamilton Bay (Rocky Creek) Ramp"
"9056","Breaks",7818381,12,"Oyster Bay"
"9057","Breaks",7818382,12,"Oyster Bay"
"9058","Breaks",7819570,12,"Oyster Bay"
"9059","Breaks",7819571,12,"Oyster Bay"
"9060","Breaks",7820340,39,"Elaine Bay Boat Ramp"
"9061","Breaks",7820341,39,"Elaine Bay Boat Ramp"
"9062","Breaks",7820787,12,"Oyster Bay"
"9063","Breaks",7820792,12,"Oyster Bay"
"9064","Breaks",7820793,12,"Oyster Bay"
"9065","Breaks",7826191,17,"Kaiuma Bay"
"9066","Breaks",7826192,17,"Kaiuma Bay"
"9067","Breaks",7833136,29,"Waitaria Bay"
"9068","Breaks",7833137,29,"Waitaria Bay"
"9069","Breaks",7833138,29,"Waitaria Bay"
"9070","Breaks",7833141,29,"Waitaria Bay"
"9071","Breaks",7833142,29,"Waitaria Bay"
"9072","Breaks",7833143,29,"Waitaria Bay"
"9073","Breaks",7844302,11,"Punga Cove"
"9074","Breaks",7845863,11,"Punga Cove"
"9075","Breaks",7855971,33,"Penzance Bay"
"9076","Breaks",7855972,33,"Penzance Bay"
"9077","Breaks",7856256,12,"Oyster Bay"
"9078","Breaks",7856257,12,"Oyster Bay"
"9079","Breaks",7859684,7,"Grove Point/Arm Jetty"
"9080","Breaks",7859685,7,"Grove Point/Arm Jetty"
"9081","Breaks",7859686,7,"Grove Point/Arm Jetty"
"9082","Breaks",7859687,7,"Grove Point/Arm Jetty"
"9083","Breaks",7859688,7,"Grove Point/Arm Jetty"
"9084","Breaks",7859689,7,"Grove Point/Arm Jetty"
"9085","Breaks",7868225,40,"Titirangi Bay"
"9086","Breaks",7868226,40,"Titirangi Bay"
"9087","Breaks",7868227,40,"Titirangi Bay"
"9088","Breaks",7868228,40,"Titirangi Bay"
"9089","Breaks",7868229,40,"Titirangi Bay"
"9090","Breaks",7870046,11,"Punga Cove"
"9091","Breaks",7870047,11,"Punga Cove"
"9092","Breaks",7870048,11,"Punga Cove"
"9093","Breaks",7870049,11,"Punga Cove"
"9094","Breaks",7870050,11,"Punga Cove"
"9095","Breaks",7871055,12,"Oyster Bay"
"9096","Breaks",7871056,12,"Oyster Bay"
"9097","Breaks",7877639,41,"Okiwi Bay"
"9098","Breaks",7877640,41,"Okiwi Bay"
"9099","Breaks",7878619,17,"Kaiuma Bay"
"9100","Breaks",7881038,28,"Fish Bay Ramp"
"9101","Breaks",7881039,28,"Fish Bay Ramp"
"9102","Breaks",7881040,28,"Fish Bay Ramp"
"9103","Breaks",7881041,28,"Fish Bay Ramp"
"9104","Breaks",7881043,28,"Fish Bay Ramp"
"9105","Breaks",7881044,28,"Fish Bay Ramp"
"9106","Breaks",7896939,12,"Oyster Bay"
"9107","Breaks",7896940,12,"Oyster Bay"
"9108","Breaks",7907065,36,"Kapowai Bay (D'urville Island)"
"9109","Breaks",7907066,36,"Kapowai Bay (D'urville Island)"
"9110","Breaks",7907067,36,"Kapowai Bay (D'urville Island)"
"9111","Breaks",7911629,16,"Torea Bay"
"9112","Breaks",7911630,16,"Torea Bay"
"9113","Breaks",7934801,21,"Willow Bay"
"9114","Breaks",7934802,21,"Willow Bay"
"9115","Breaks",7934803,21,"Willow Bay"
"9116","Breaks",7934804,21,"Willow Bay"
"9117","Breaks",7934805,21,"Willow Bay"
"9118","Breaks",7934806,21,"Willow Bay"
"9119","Breaks",7934807,21,"Willow Bay"
"9120","Breaks",7934808,21,"Willow Bay"
"9121","Breaks",7934809,21,"Willow Bay"
"9122","Breaks",7941212,17,"Kaiuma Bay"
"9123","Breaks",7941213,17,"Kaiuma Bay"
"9124","Breaks",7941214,17,"Kaiuma Bay"
"9125","Breaks",7941215,17,"Kaiuma Bay"
"9126","Breaks",7941216,17,"Kaiuma Bay"
"9127","Breaks",7941217,17,"Kaiuma Bay"
"9128","Breaks",7941218,17,"Kaiuma Bay"
"9129","Breaks",7941219,17,"Kaiuma Bay"
"9130","Breaks",7941220,17,"Kaiuma Bay"
"9131","Breaks",7941221,17,"Kaiuma Bay"
"9132","Breaks",7941222,17,"Kaiuma Bay"
"9133","Breaks",7941223,17,"Kaiuma Bay"
"9134","Breaks",7941224,17,"Kaiuma Bay"
"9135","Breaks",7941225,17,"Kaiuma Bay"
"9136","Breaks",7941226,17,"Kaiuma Bay"
"9137","Breaks",7941227,17,"Kaiuma Bay"
"9138","Breaks",7941228,17,"Kaiuma Bay"
"9139","Breaks",7941230,17,"Kaiuma Bay"
"9140","Breaks",7941231,17,"Kaiuma Bay"
"9141","Breaks",7958897,36,"Kapowai Bay (D'urville Island)"
"9142","Breaks",7958898,36,"Kapowai Bay (D'urville Island)"
"9143","Breaks",7966652,7,"Grove Point/Arm Jetty"
"9144","Breaks",7966653,7,"Grove Point/Arm Jetty"
"9145","Breaks",7967999,12,"Oyster Bay"
"9146","Breaks",7968000,12,"Oyster Bay"
"9147","Breaks",7971524,39,"Elaine Bay Boat Ramp"
"9148","Breaks",7971525,39,"Elaine Bay Boat Ramp"
"9149","Breaks",7974265,23,"Te Mahia"
"9150","Breaks",7974266,23,"Te Mahia"
"9151","Breaks",7979487,7,"Grove Point/Arm Jetty"
"9152","Breaks",7979488,7,"Grove Point/Arm Jetty"
"9153","Breaks",7979489,7,"Grove Point/Arm Jetty"
"9154","Breaks",7979491,7,"Grove Point/Arm Jetty"
"9155","Breaks",7979492,7,"Grove Point/Arm Jetty"
"9156","Breaks",7979493,7,"Grove Point/Arm Jetty"
"9157","Breaks",7979494,7,"Grove Point/Arm Jetty"
"9158","Breaks",7979495,7,"Grove Point/Arm Jetty"
"9159","Breaks",7979496,7,"Grove Point/Arm Jetty"
"9160","Breaks",7979497,7,"Grove Point/Arm Jetty"
"9161","Breaks",7981597,14,"Elaine Bay"
"9162","Breaks",7981598,14,"Elaine Bay"
"9163","Breaks",7984138,17,"Kaiuma Bay"
"9164","Breaks",7984139,17,"Kaiuma Bay"
"9165","Breaks",7986758,29,"Waitaria Bay"
"9166","Breaks",7990351,17,"Kaiuma Bay"
"9167","Breaks",7990352,17,"Kaiuma Bay"
"9168","Breaks",7991553,9,"Ngakuta Bay"
"9169","Breaks",7991554,9,"Ngakuta Bay"
"9170","Breaks",7991555,9,"Ngakuta Bay"
"9171","Breaks",7991596,9,"Ngakuta Bay"
"9172","Breaks",7998028,12,"Oyster Bay"
"9173","Breaks",7998029,12,"Oyster Bay"
"9174","Breaks",8000240,12,"Oyster Bay"
"9175","Breaks",8000241,12,"Oyster Bay"
"9176","Breaks",8000242,12,"Oyster Bay"
"9177","Breaks",8001831,30,"St. Omer Barge Ramp"
"9178","Breaks",8001832,30,"St. Omer Barge Ramp"
"9179","Breaks",8004025,17,"Kaiuma Bay"
"9180","Breaks",8004027,17,"Kaiuma Bay"
"9181","Breaks",8005893,12,"Oyster Bay"
"9182","Breaks",8005894,12,"Oyster Bay"
"9183","Breaks",8006781,23,"Te Mahia"
"9184","Breaks",8007421,17,"Kaiuma Bay"
"9185","Breaks",8007422,17,"Kaiuma Bay"
"9186","Breaks",8009659,12,"Oyster Bay"
"9187","Breaks",8009660,12,"Oyster Bay"
"9188","Breaks",8018203,17,"Kaiuma Bay"
"9189","Breaks",8018207,17,"Kaiuma Bay"
"9190","Breaks",8018208,17,"Kaiuma Bay"
"9191","Breaks",8018209,17,"Kaiuma Bay"
"9192","Breaks",8028470,35,"Elmslie Bay (French Pass)"
"9193","Breaks",8028471,35,"Elmslie Bay (French Pass)"
"9194","Breaks",8030492,37,"Hamilton Bay (Rocky Creek) Ramp"
"9195","Breaks",8035355,12,"Oyster Bay"
"9196","Breaks",8035356,12,"Oyster Bay"
"9197","Breaks",8042259,12,"Oyster Bay"
"9198","Breaks",8042260,12,"Oyster Bay"
"9199","Breaks",8044962,12,"Oyster Bay"
"9200","Breaks",8044963,12,"Oyster Bay"
"9201","Breaks",8044964,12,"Oyster Bay"
"9202","Breaks",8044965,12,"Oyster Bay"
"9203","Breaks",8044966,12,"Oyster Bay"
"9204","Breaks",8044967,12,"Oyster Bay"
"9205","Breaks",8044968,12,"Oyster Bay"
"9206","Breaks",8056707,17,"Kaiuma Bay"
"9207","Breaks",8056708,17,"Kaiuma Bay"
"9208","Breaks",8056711,17,"Kaiuma Bay"
"9209","Breaks",8059442,12,"Oyster Bay"
"9210","Breaks",8059664,17,"Kaiuma Bay"
"9211","Breaks",8077779,13,"Hakana Bay"
"9212","Breaks",8077784,13,"Hakana Bay"
"9213","Breaks",8083713,37,"Hamilton Bay (Rocky Creek) Ramp"
"9214","Breaks",8083714,37,"Hamilton Bay (Rocky Creek) Ramp"
"9215","Breaks",8085602,17,"Kaiuma Bay"
"9216","Breaks",8085603,17,"Kaiuma Bay"
"9217","Breaks",8085612,17,"Kaiuma Bay"
"9218","Breaks",8085997,12,"Oyster Bay"
"9219","Breaks",8085998,12,"Oyster Bay"
"9220","Breaks",8093957,12,"Oyster Bay"
"9221","Breaks",8093958,12,"Oyster Bay"
"9222","Breaks",8097638,7,"Grove Point/Arm Jetty"
"9223","Breaks",8103619,17,"Kaiuma Bay"
"9224","Breaks",8103620,17,"Kaiuma Bay"
"9225","Breaks",8107418,17,"Kaiuma Bay"
"9226","Breaks",8110295,31,"Double Bay"
"9227","Breaks",8110299,31,"Double Bay"
"9228","Breaks",8110300,31,"Double Bay"
"9229","Breaks",8115677,27,"Sandy Bay"
"9230","Breaks",8115678,27,"Sandy Bay"
"9231","Breaks",8134330,12,"Oyster Bay"
"9232","Breaks",8134331,12,"Oyster Bay"
"9233","Breaks",8135378,12,"Oyster Bay"
"9234","Breaks",8136004,27,"Sandy Bay"
"9235","Breaks",8145926,11,"Punga Cove"
"9236","Breaks",8145936,11,"Punga Cove"
"9237","Breaks",8155881,17,"Kaiuma Bay"
"9238","Breaks",8155882,17,"Kaiuma Bay"
"9239","Breaks",8160427,17,"Kaiuma Bay"
"9240","Breaks",8160488,17,"Kaiuma Bay"
"9241","Breaks",8160491,17,"Kaiuma Bay"
"9242","Breaks",8160493,17,"Kaiuma Bay"
"9243","Breaks",8163702,12,"Oyster Bay"
"9244","Breaks",8163703,12,"Oyster Bay"
"9245","Breaks",8174433,7,"Grove Point/Arm Jetty"
"9246","Breaks",8174434,7,"Grove Point/Arm Jetty"
"9247","Breaks",8174435,7,"Grove Point/Arm Jetty"
"9248","Breaks",8175478,21,"Willow Bay"
"9249","Breaks",8175479,21,"Willow Bay"
"9250","Breaks",8176626,12,"Oyster Bay"
"9251","Breaks",8176627,12,"Oyster Bay"
"9252","Breaks",8176628,12,"Oyster Bay"
"9253","Breaks",8176629,12,"Oyster Bay"
"9254","Breaks",8176630,12,"Oyster Bay"
"9255","Breaks",8176631,12,"Oyster Bay"
"9256","Breaks",8178190,12,"Oyster Bay"
"9257","Breaks",8178191,12,"Oyster Bay"
"9258","Breaks",8201712,12,"Oyster Bay"
"9259","Breaks",8201713,12,"Oyster Bay"
"9260","Breaks",8205844,30,"St. Omer Barge Ramp"
"9261","Breaks",8205845,30,"St. Omer Barge Ramp"
"9262","Breaks",8206448,11,"Punga Cove"
"9263","Breaks",8206449,11,"Punga Cove"
"9264","Breaks",8213185,12,"Oyster Bay"
"9265","Breaks",8213186,12,"Oyster Bay"
"9266","Breaks",8214885,12,"Oyster Bay"
"9267","Breaks",8214886,12,"Oyster Bay"
"9268","Breaks",8215528,41,"Okiwi Bay"
"9269","Breaks",8215543,41,"Okiwi Bay"
"9270","Breaks",8220008,12,"Oyster Bay"
"9271","Breaks",8220009,12,"Oyster Bay"
"9272","Breaks",8220825,29,"Waitaria Bay"
"9273","Breaks",8220826,29,"Waitaria Bay"
"9274","Breaks",8221792,12,"Oyster Bay"
"9275","Breaks",8221793,12,"Oyster Bay"
"9276","Breaks",8221898,12,"Oyster Bay"
"9277","Breaks",8221899,12,"Oyster Bay"
"9278","Breaks",8222502,7,"Grove Point/Arm Jetty"
"9279","Breaks",8222503,7,"Grove Point/Arm Jetty"
"9280","Breaks",8222504,7,"Grove Point/Arm Jetty"
"9281","Breaks",8227904,7,"Grove Point/Arm Jetty"
"9282","Breaks",8227905,7,"Grove Point/Arm Jetty"
"9283","Breaks",8238750,36,"Kapowai Bay (D'urville Island)"
"9284","Breaks",8238751,36,"Kapowai Bay (D'urville Island)"
"9285","Breaks",8241488,12,"Oyster Bay"
"9286","Breaks",8241489,12,"Oyster Bay"
"9287","Breaks",8241604,15,"Portage Bay"
"9288","Breaks",8241605,15,"Portage Bay"
"9289","Breaks",8244840,17,"Kaiuma Bay"
"9290","Breaks",8244841,17,"Kaiuma Bay"
"9291","Breaks",8244842,17,"Kaiuma Bay"
"9292","Breaks",8249877,12,"Oyster Bay"
"9293","Breaks",8249878,12,"Oyster Bay"
"9294","Breaks",8263832,17,"Kaiuma Bay"
"9295","Breaks",8263833,17,"Kaiuma Bay"
"9296","Breaks",8263834,17,"Kaiuma Bay"
"9297","Breaks",8265640,33,"Penzance Bay"
"9298","Breaks",8265643,33,"Penzance Bay"
"9299","Breaks",8265644,33,"Penzance Bay"
"9300","Breaks",8265645,33,"Penzance Bay"
"9301","Breaks",8265646,33,"Penzance Bay"
"9302","Breaks",8269239,35,"Elmslie Bay (French Pass)"
"9303","Breaks",8269240,35,"Elmslie Bay (French Pass)"
"9304","Breaks",8269241,35,"Elmslie Bay (French Pass)"
"9305","Breaks",8269242,35,"Elmslie Bay (French Pass)"
"9306","Breaks",8269740,41,"Okiwi Bay"
"9307","Breaks",8269741,41,"Okiwi Bay"
"9308","Breaks",8269745,41,"Okiwi Bay"
"9309","Breaks",8271883,11,"Punga Cove"
"9310","Breaks",8271884,11,"Punga Cove"
"9311","Breaks",8274859,7,"Grove Point/Arm Jetty"
"9312","Breaks",8274860,7,"Grove Point/Arm Jetty"
"9313","Breaks",8274861,7,"Grove Point/Arm Jetty"
"9314","Breaks",8274862,7,"Grove Point/Arm Jetty"
"9315","Breaks",8279173,6,"Anakiwa"
"9316","Breaks",8279174,6,"Anakiwa"
"9317","Breaks",8279176,6,"Anakiwa"
"9318","Breaks",8279177,6,"Anakiwa"
"9319","Breaks",8279178,6,"Anakiwa"
"9320","Breaks",8286372,12,"Oyster Bay"
"9321","Breaks",8297906,12,"Oyster Bay"
"9322","Breaks",8297907,12,"Oyster Bay"
"9323","Breaks",8298225,30,"St. Omer Barge Ramp"
"9324","Breaks",8298226,30,"St. Omer Barge Ramp"
"9325","Breaks",8310263,12,"Oyster Bay"
"9326","Breaks",8310264,12,"Oyster Bay"
"9327","Breaks",8312638,7,"Grove Point/Arm Jetty"
"9328","Breaks",8312639,7,"Grove Point/Arm Jetty"
"9329","Breaks",8312640,7,"Grove Point/Arm Jetty"
"9330","Breaks",8342047,12,"Oyster Bay"
"9331","Breaks",8342048,12,"Oyster Bay"
"9332","Breaks",8363757,41,"Okiwi Bay"
"9333","Breaks",8365611,12,"Oyster Bay"
"9334","Breaks",8365612,12,"Oyster Bay"
"9335","Breaks",8366977,12,"Oyster Bay"
"9336","Breaks",8366978,12,"Oyster Bay"
"9337","Breaks",8376903,41,"Okiwi Bay"
"9338","Breaks",8376904,41,"Okiwi Bay"
"9339","Breaks",8376906,41,"Okiwi Bay"
"9340","Breaks",8376907,41,"Okiwi Bay"
"9341","Breaks",8380444,37,"Hamilton Bay (Rocky Creek) Ramp"
"9342","Breaks",8380445,37,"Hamilton Bay (Rocky Creek) Ramp"
"9343","Breaks",8411098,32,"Duncan Bay"
"9344","Breaks",8411099,32,"Duncan Bay"
"9345","Breaks",8411100,32,"Duncan Bay"
"9346","Breaks",8411101,32,"Duncan Bay"
"9347","Breaks",8411102,33,"Penzance Bay"
"9348","Breaks",8411103,33,"Penzance Bay"
"9349","Breaks",8411110,32,"Duncan Bay"
"9350","Breaks",8411111,32,"Duncan Bay"
"9351","Breaks",8427831,12,"Oyster Bay"
"9352","Breaks",8427833,12,"Oyster Bay"
"9353","Breaks",8427834,12,"Oyster Bay"
"9354","Breaks",8434021,39,"Elaine Bay Boat Ramp"
"9355","Breaks",8434023,39,"Elaine Bay Boat Ramp"
"9356","Breaks",8437772,12,"Oyster Bay"
"9357","Breaks",8437773,12,"Oyster Bay"
"9358","Breaks",8449869,30,"St. Omer Barge Ramp"
"9359","Breaks",8449870,30,"St. Omer Barge Ramp"
"9360","Breaks",8449871,30,"St. Omer Barge Ramp"
"9361","Breaks",8449872,30,"St. Omer Barge Ramp"
"9362","Breaks",8449873,30,"St. Omer Barge Ramp"
"9363","Breaks",8449874,29,"Waitaria Bay"
"9364","Breaks",8449875,30,"St. Omer Barge Ramp"
"9365","Breaks",8449876,30,"St. Omer Barge Ramp"
"9366","Breaks",8452548,7,"Grove Point/Arm Jetty"
"9367","Breaks",8452549,19,"Double Bay Boat Ramp"
"9368","Breaks",8455540,12,"Oyster Bay"
"9369","Breaks",8455541,12,"Oyster Bay"
"9370","Breaks",8455542,12,"Oyster Bay"
"9371","Breaks",8455543,12,"Oyster Bay"
"9372","Breaks",8455544,12,"Oyster Bay"
"9373","Breaks",8455545,12,"Oyster Bay"
"9374","Breaks",8455546,12,"Oyster Bay"
"9375","Breaks",8455547,12,"Oyster Bay"
"9376","Breaks",8455548,12,"Oyster Bay"
"9377","Breaks",8455549,12,"Oyster Bay"
"9378","Breaks",8455550,12,"Oyster Bay"
"9379","Breaks",8455551,12,"Oyster Bay"
"9380","Breaks",8463903,17,"Kaiuma Bay"
"9381","Breaks",8468254,41,"Okiwi Bay"
"9382","Breaks",8480857,31,"Double Bay"
"9383","Breaks",8480858,31,"Double Bay"
"9384","Breaks",8504651,41,"Okiwi Bay"
"9385","Breaks",8505306,30,"St. Omer Barge Ramp"
"9386","Breaks",8506773,17,"Kaiuma Bay"
"9387","Breaks",8508113,17,"Kaiuma Bay"
"9388","Breaks",8514663,12,"Oyster Bay"
"9389","Breaks",8514664,12,"Oyster Bay"
"9390","Breaks",8523558,12,"Oyster Bay"
"9391","Breaks",8523564,12,"Oyster Bay"
"9392","Breaks",8523565,12,"Oyster Bay"
"9393","Breaks",8523718,29,"Waitaria Bay"
"9394","Breaks",8523720,29,"Waitaria Bay"
"9395","Breaks",8553583,17,"Kaiuma Bay"
"9396","Breaks",8553584,17,"Kaiuma Bay"
"9397","Breaks",8553585,17,"Kaiuma Bay"
"9398","Breaks",8553586,17,"Kaiuma Bay"
"9399","Breaks",8553587,17,"Kaiuma Bay"
"9400","Breaks",8553590,17,"Kaiuma Bay"
"9401","Breaks",8554704,17,"Kaiuma Bay"
"9402","Breaks",8554705,17,"Kaiuma Bay"
"9403","Breaks",8555621,17,"Kaiuma Bay"
"9404","Breaks",8568336,32,"Duncan Bay"
"9405","Breaks",8575660,17,"Kaiuma Bay"
"9406","Breaks",8577185,17,"Kaiuma Bay"
"9407","Breaks",8577186,17,"Kaiuma Bay"
"9408","Breaks",8577385,41,"Okiwi Bay"
"9409","Breaks",8580789,17,"Kaiuma Bay"
"9410","Breaks",8580790,17,"Kaiuma Bay"
"9411","Breaks",8586715,17,"Kaiuma Bay"
"9412","Breaks",8596764,12,"Oyster Bay"
"9413","Breaks",8596765,12,"Oyster Bay"
"9414","Breaks",8600714,41,"Okiwi Bay"
"9415","Breaks",8600720,41,"Okiwi Bay"
"9416","Breaks",8600721,41,"Okiwi Bay"
"9417","Breaks",8600722,41,"Okiwi Bay"
"9418","Breaks",8600724,41,"Okiwi Bay"
"9419","Breaks",8600748,41,"Okiwi Bay"
"9420","Breaks",8606128,27,"Sandy Bay"
"9421","Breaks",8606129,27,"Sandy Bay"
"9422","Breaks",8627601,12,"Oyster Bay"
"9423","Breaks",8627602,12,"Oyster Bay"
"9424","Breaks",8628707,16,"Torea Bay"
"9425","Breaks",8628708,16,"Torea Bay"
"9426","Breaks",8637246,32,"Duncan Bay"
"9427","Breaks",8637247,32,"Duncan Bay"
"9428","Breaks",8640517,7,"Grove Point/Arm Jetty"
"9429","Breaks",8640518,7,"Grove Point/Arm Jetty"
"9430","Breaks",8642735,12,"Oyster Bay"
"9431","Breaks",8642736,12,"Oyster Bay"
"9432","Breaks",8646316,7,"Grove Point/Arm Jetty"
"9433","Breaks",8646317,7,"Grove Point/Arm Jetty"
"9434","Breaks",8650724,17,"Kaiuma Bay"
"9435","Breaks",8650725,17,"Kaiuma Bay"
"9436","Breaks",8657874,7,"Grove Point/Arm Jetty"
"9437","Breaks",8657876,7,"Grove Point/Arm Jetty"
"9438","Breaks",8666557,38,"Bulwer Bay"
"9439","Breaks",8666558,38,"Bulwer Bay"
"9440","Breaks",8672110,17,"Kaiuma Bay"
"9441","Breaks",8678761,7,"Grove Point/Arm Jetty"
"9442","Breaks",8696297,17,"Kaiuma Bay"
"9443","Breaks",8696298,17,"Kaiuma Bay"
"9444","Breaks",8697814,17,"Kaiuma Bay"
"9445","Breaks",8697815,17,"Kaiuma Bay"
"9446","Breaks",8699044,9,"Ngakuta Bay"
"9447","Breaks",8702775,17,"Kaiuma Bay"
"9448","Breaks",8702776,17,"Kaiuma Bay"
"9449","Breaks",8702777,17,"Kaiuma Bay"
"9450","Breaks",8702778,17,"Kaiuma Bay"
"9451","Breaks",8702779,17,"Kaiuma Bay"
"9452","Breaks",8702788,17,"Kaiuma Bay"
"9453","Breaks",8703511,41,"Okiwi Bay"
"9454","Breaks",8703512,41,"Okiwi Bay"
"9455","Breaks",8715736,17,"Kaiuma Bay"
"9456","Breaks",8715737,17,"Kaiuma Bay"
"9457","Breaks",8721451,29,"Waitaria Bay"
"9458","Breaks",8721452,29,"Waitaria Bay"
"9459","Breaks",8727813,18,"Moetapu Bay Jetty"
"9460","Breaks",8749273,30,"St. Omer Barge Ramp"
"9461","Breaks",8755623,41,"Okiwi Bay"
"9462","Breaks",8755624,41,"Okiwi Bay"
"9463","Breaks",8755633,41,"Okiwi Bay"
"9464","Breaks",8755634,41,"Okiwi Bay"
"9465","Breaks",8755635,41,"Okiwi Bay"
"9466","Breaks",8755636,41,"Okiwi Bay"
"9467","Breaks",8755638,41,"Okiwi Bay"
"9468","Breaks",8755639,41,"Okiwi Bay"
"9469","Breaks",8758034,24,"Tara Bay"
"9470","Breaks",8758035,24,"Tara Bay"
"9471","Breaks",8765685,7,"Grove Point/Arm Jetty"
"9472","Breaks",8765686,7,"Grove Point/Arm Jetty"
"9473","Breaks",8771491,17,"Kaiuma Bay"
"9474","Breaks",8771492,17,"Kaiuma Bay"
"9475","Breaks",8784303,29,"Waitaria Bay"
"9476","Breaks",8784304,29,"Waitaria Bay"
"9477","Breaks",8789208,39,"Elaine Bay Boat Ramp"
"9478","Breaks",8793584,12,"Oyster Bay"
"9479","Breaks",8793585,12,"Oyster Bay"
"9480","Breaks",8798850,12,"Oyster Bay"
"9481","Breaks",8807106,12,"Oyster Bay"
"9482","Breaks",8807107,12,"Oyster Bay"
"9483","Breaks",8816951,6,"Anakiwa"
"9484","Breaks",8816952,6,"Anakiwa"
"9485","Breaks",8837199,27,"Sandy Bay"
"9486","Breaks",8837200,27,"Sandy Bay"
"9487","Breaks",8845649,17,"Kaiuma Bay"
"9488","Breaks",8845650,17,"Kaiuma Bay"
"9489","Breaks",8852535,12,"Oyster Bay"
"9490","Breaks",8852536,12,"Oyster Bay"
"9491","Breaks",8852853,12,"Oyster Bay"
"9492","Breaks",8852854,12,"Oyster Bay"
"9493","Breaks",8856305,41,"Okiwi Bay"
"9494","Breaks",8858707,41,"Okiwi Bay"
"9495","Breaks",8865915,17,"Kaiuma Bay"
"9496","Breaks",8865924,17,"Kaiuma Bay"
"9497","Breaks",8866123,17,"Kaiuma Bay"
"9498","Breaks",8866124,17,"Kaiuma Bay"
"9499","Breaks",8879148,27,"Sandy Bay"
"9500","Breaks",8879149,27,"Sandy Bay"
"9501","Breaks",8879150,27,"Sandy Bay"
"9502","Breaks",8887542,17,"Kaiuma Bay"
"9503","Breaks",8887543,17,"Kaiuma Bay"
"9504","Breaks",8887544,17,"Kaiuma Bay"
"9505","Breaks",8887545,17,"Kaiuma Bay"
"9506","Breaks",8889202,27,"Sandy Bay"
"9507","Breaks",8889203,27,"Sandy Bay"
"9508","Breaks",8911865,23,"Te Mahia"
"9509","Breaks",8911867,23,"Te Mahia"
"9510","Breaks",8911870,23,"Te Mahia"
"9511","Closest",217249,37,"Hamilton Bay (Rocky Creek) Ramp"
"9512","Closest",256268,26,"Nikau Cove Doc Camp"
"9513","Closest",256269,26,"Nikau Cove Doc Camp"
"9514","Closest",261542,9,"Ngakuta Bay"
"9515","Closest",264196,7,"Grove Point/Arm Jetty"
"9516","Closest",3594817,41,"Okiwi Bay"
"9517","Closest",3595186,34,"Cissy Bay"
"9518","Closest",3595407,39,"Elaine Bay Boat Ramp"
"9519","Closest",3595421,41,"Okiwi Bay"
"9520","Closest",3595473,41,"Okiwi Bay"
"9521","Closest",3595536,36,"Kapowai Bay (D'urville Island)"
"9522","Closest",3595658,41,"Okiwi Bay"
"9523","Closest",3595660,36,"Kapowai Bay (D'urville Island)"
"9524","Closest",3595695,34,"Cissy Bay"
"9525","Closest",3595768,36,"Kapowai Bay (D'urville Island)"
"9526","Closest",3595769,34,"Cissy Bay"
"9527","Closest",3595862,36,"Kapowai Bay (D'urville Island)"
"9528","Closest",3596206,36,"Kapowai Bay (D'urville Island)"
"9529","Closest",3596421,41,"Okiwi Bay"
"9530","Closest",3596422,41,"Okiwi Bay"
"9531","Closest",3596543,38,"Bulwer Bay"
"9532","Closest",3596599,7,"Grove Point/Arm Jetty"
"9533","Closest",3596619,38,"Bulwer Bay"
"9534","Closest",3596824,38,"Bulwer Bay"
"9535","Closest",3596855,39,"Elaine Bay Boat Ramp"
"9536","Closest",3596890,37,"Hamilton Bay (Rocky Creek) Ramp"
"9537","Closest",3597042,35,"Elmslie Bay (French Pass)"
"9538","Closest",3597297,41,"Okiwi Bay"
"9539","Closest",3597302,37,"Hamilton Bay (Rocky Creek) Ramp"
"9540","Closest",3597546,41,"Okiwi Bay"
"9541","Closest",3597577,34,"Cissy Bay"
"9542","Closest",3598060,41,"Okiwi Bay"
"9543","Closest",3598122,41,"Okiwi Bay"
"9544","Closest",3598146,34,"Cissy Bay"
"9545","Closest",3598294,14,"Elaine Bay"
"9546","Closest",3598295,37,"Hamilton Bay (Rocky Creek) Ramp"
"9547","Closest",3598335,7,"Grove Point/Arm Jetty"
"9548","Closest",3598338,34,"Cissy Bay"
"9549","Closest",3598457,38,"Bulwer Bay"
"9550","Closest",3598949,35,"Elmslie Bay (French Pass)"
"9551","Closest",3599005,38,"Bulwer Bay"
"9552","Closest",3599194,41,"Okiwi Bay"
"9553","Closest",3599333,38,"Bulwer Bay"
"9554","Closest",3599337,34,"Cissy Bay"
"9555","Closest",3599338,37,"Hamilton Bay (Rocky Creek) Ramp"
"9556","Closest",3599341,39,"Elaine Bay Boat Ramp"
"9557","Closest",3599345,39,"Elaine Bay Boat Ramp"
"9558","Closest",3599385,41,"Okiwi Bay"
"9559","Closest",3599571,38,"Bulwer Bay"
"9560","Closest",3599594,41,"Okiwi Bay"
"9561","Closest",3599747,38,"Bulwer Bay"
"9562","Closest",3599884,34,"Cissy Bay"
"9563","Closest",3599891,35,"Elmslie Bay (French Pass)"
"9564","Closest",3600079,39,"Elaine Bay Boat Ramp"
"9565","Closest",3600099,39,"Elaine Bay Boat Ramp"
"9566","Closest",3600104,39,"Elaine Bay Boat Ramp"
"9567","Closest",3600229,37,"Hamilton Bay (Rocky Creek) Ramp"
"9568","Closest",3600412,35,"Elmslie Bay (French Pass)"
"9569","Closest",3600562,37,"Hamilton Bay (Rocky Creek) Ramp"
"9570","Closest",3600574,38,"Bulwer Bay"
"9571","Closest",3600645,39,"Elaine Bay Boat Ramp"
"9572","Closest",3600699,39,"Elaine Bay Boat Ramp"
"9573","Closest",3600721,41,"Okiwi Bay"
"9574","Closest",3600758,36,"Kapowai Bay (D'urville Island)"
"9575","Closest",3600773,41,"Okiwi Bay"
"9576","Closest",3600918,41,"Okiwi Bay"
"9577","Closest",3601041,37,"Hamilton Bay (Rocky Creek) Ramp"
"9578","Closest",3601059,39,"Elaine Bay Boat Ramp"
"9579","Closest",3601242,41,"Okiwi Bay"
"9580","Closest",3601288,34,"Cissy Bay"
"9581","Closest",3601693,41,"Okiwi Bay"
"9582","Closest",3601734,36,"Kapowai Bay (D'urville Island)"
"9583","Closest",3601795,41,"Okiwi Bay"
"9584","Closest",3601855,37,"Hamilton Bay (Rocky Creek) Ramp"
"9585","Closest",3601867,38,"Bulwer Bay"
"9586","Closest",3602065,41,"Okiwi Bay"
"9587","Closest",3602104,39,"Elaine Bay Boat Ramp"
"9588","Closest",3602336,41,"Okiwi Bay"
"9589","Closest",3602433,37,"Hamilton Bay (Rocky Creek) Ramp"
"9590","Closest",3602858,36,"Kapowai Bay (D'urville Island)"
"9591","Closest",3603026,7,"Grove Point/Arm Jetty"
"9592","Closest",3603059,41,"Okiwi Bay"
"9593","Closest",3603110,37,"Hamilton Bay (Rocky Creek) Ramp"
"9594","Closest",3603504,35,"Elmslie Bay (French Pass)"
"9595","Closest",3603582,41,"Okiwi Bay"
"9596","Closest",3603632,41,"Okiwi Bay"
"9597","Closest",3603758,37,"Hamilton Bay (Rocky Creek) Ramp"
"9598","Closest",3603977,41,"Okiwi Bay"
"9599","Closest",3604156,41,"Okiwi Bay"
"9600","Closest",3604246,41,"Okiwi Bay"
"9601","Closest",3604401,41,"Okiwi Bay"
"9602","Closest",3604441,41,"Okiwi Bay"
"9603","Closest",3604477,34,"Cissy Bay"
"9604","Closest",3604481,34,"Cissy Bay"
"9605","Closest",3604618,34,"Cissy Bay"
"9606","Closest",3604689,36,"Kapowai Bay (D'urville Island)"
"9607","Closest",3604710,41,"Okiwi Bay"
"9608","Closest",3604894,38,"Bulwer Bay"
"9609","Closest",3605053,37,"Hamilton Bay (Rocky Creek) Ramp"
"9610","Closest",3605096,41,"Okiwi Bay"
"9611","Closest",3605134,39,"Elaine Bay Boat Ramp"
"9612","Closest",3605210,7,"Grove Point/Arm Jetty"
"9613","Closest",3605282,37,"Hamilton Bay (Rocky Creek) Ramp"
"9614","Closest",3605347,41,"Okiwi Bay"
"9615","Closest",3605378,39,"Elaine Bay Boat Ramp"
"9616","Closest",3605475,41,"Okiwi Bay"
"9617","Closest",3605670,38,"Bulwer Bay"
"9618","Closest",3605963,41,"Okiwi Bay"
"9619","Closest",3605969,41,"Okiwi Bay"
"9620","Closest",3606059,37,"Hamilton Bay (Rocky Creek) Ramp"
"9621","Closest",3606161,36,"Kapowai Bay (D'urville Island)"
"9622","Closest",3606231,34,"Cissy Bay"
"9623","Closest",3606425,36,"Kapowai Bay (D'urville Island)"
"9624","Closest",3606469,41,"Okiwi Bay"
"9625","Closest",3606484,39,"Elaine Bay Boat Ramp"
"9626","Closest",3606571,35,"Elmslie Bay (French Pass)"
"9627","Closest",3606662,35,"Elmslie Bay (French Pass)"
"9628","Closest",3606755,37,"Hamilton Bay (Rocky Creek) Ramp"
"9629","Closest",3607225,35,"Elmslie Bay (French Pass)"
"9630","Closest",3607413,41,"Okiwi Bay"
"9631","Closest",3607425,41,"Okiwi Bay"
"9632","Closest",3607438,41,"Okiwi Bay"
"9633","Closest",3607575,36,"Kapowai Bay (D'urville Island)"
"9634","Closest",3607796,39,"Elaine Bay Boat Ramp"
"9635","Closest",3607879,41,"Okiwi Bay"
"9636","Closest",3608093,41,"Okiwi Bay"
"9637","Closest",3608220,35,"Elmslie Bay (French Pass)"
"9638","Closest",3608307,37,"Hamilton Bay (Rocky Creek) Ramp"
"9639","Closest",3608499,14,"Elaine Bay"
"9640","Closest",3608652,37,"Hamilton Bay (Rocky Creek) Ramp"
"9641","Closest",3608733,41,"Okiwi Bay"
"9642","Closest",3608891,34,"Cissy Bay"
"9643","Closest",3608967,7,"Grove Point/Arm Jetty"
"9644","Closest",3608981,39,"Elaine Bay Boat Ramp"
"9645","Closest",3609006,37,"Hamilton Bay (Rocky Creek) Ramp"
"9646","Closest",3609237,38,"Bulwer Bay"
"9647","Closest",3609245,34,"Cissy Bay"
"9648","Closest",3609247,34,"Cissy Bay"
"9649","Closest",3609313,39,"Elaine Bay Boat Ramp"
"9650","Closest",3609781,34,"Cissy Bay"
"9651","Closest",3609830,36,"Kapowai Bay (D'urville Island)"
"9652","Closest",3609842,41,"Okiwi Bay"
"9653","Closest",3609860,41,"Okiwi Bay"
"9654","Closest",3609916,39,"Elaine Bay Boat Ramp"
"9655","Closest",3609995,36,"Kapowai Bay (D'urville Island)"
"9656","Closest",3610012,36,"Kapowai Bay (D'urville Island)"
"9657","Closest",3610015,34,"Cissy Bay"
"9658","Closest",3610040,39,"Elaine Bay Boat Ramp"
"9659","Closest",3610046,41,"Okiwi Bay"
"9660","Closest",3610048,35,"Elmslie Bay (French Pass)"
"9661","Closest",3610138,38,"Bulwer Bay"
"9662","Closest",3610220,38,"Bulwer Bay"
"9663","Closest",3610251,37,"Hamilton Bay (Rocky Creek) Ramp"
"9664","Closest",3610493,41,"Okiwi Bay"
"9665","Closest",3610534,37,"Hamilton Bay (Rocky Creek) Ramp"
"9666","Closest",3610569,41,"Okiwi Bay"
"9667","Closest",3610570,41,"Okiwi Bay"
"9668","Closest",3610571,41,"Okiwi Bay"
"9669","Closest",3610609,41,"Okiwi Bay"
"9670","Closest",3610721,41,"Okiwi Bay"
"9671","Closest",3610923,37,"Hamilton Bay (Rocky Creek) Ramp"
"9672","Closest",3611981,35,"Elmslie Bay (French Pass)"
"9673","Closest",3612027,41,"Okiwi Bay"
"9674","Closest",3612080,41,"Okiwi Bay"
"9675","Closest",3612204,39,"Elaine Bay Boat Ramp"
"9676","Closest",3612242,41,"Okiwi Bay"
"9677","Closest",3612372,39,"Elaine Bay Boat Ramp"
"9678","Closest",3612578,36,"Kapowai Bay (D'urville Island)"
"9679","Closest",3612627,38,"Bulwer Bay"
"9680","Closest",3612748,39,"Elaine Bay Boat Ramp"
"9681","Closest",3613035,41,"Okiwi Bay"
"9682","Closest",3613064,41,"Okiwi Bay"
"9683","Closest",3613070,41,"Okiwi Bay"
"9684","Closest",3613071,41,"Okiwi Bay"
"9685","Closest",3613072,41,"Okiwi Bay"
"9686","Closest",3613218,39,"Elaine Bay Boat Ramp"
"9687","Closest",3613219,38,"Bulwer Bay"
"9688","Closest",3613597,39,"Elaine Bay Boat Ramp"
"9689","Closest",3613744,38,"Bulwer Bay"
"9690","Closest",3614235,41,"Okiwi Bay"
"9691","Closest",3614236,41,"Okiwi Bay"
"9692","Closest",3614295,38,"Bulwer Bay"
"9693","Closest",3614421,36,"Kapowai Bay (D'urville Island)"
"9694","Closest",3614488,41,"Okiwi Bay"
"9695","Closest",3614590,39,"Elaine Bay Boat Ramp"
"9696","Closest",3614596,37,"Hamilton Bay (Rocky Creek) Ramp"
"9697","Closest",3615014,14,"Elaine Bay"
"9698","Closest",3615383,34,"Cissy Bay"
"9699","Closest",3615564,41,"Okiwi Bay"
"9700","Closest",3615719,36,"Kapowai Bay (D'urville Island)"
"9701","Closest",3615720,34,"Cissy Bay"
"9702","Closest",3615721,34,"Cissy Bay"
"9703","Closest",3615807,41,"Okiwi Bay"
"9704","Closest",3615808,34,"Cissy Bay"
"9705","Closest",3615835,41,"Okiwi Bay"
"9706","Closest",3615855,41,"Okiwi Bay"
"9707","Closest",3616073,37,"Hamilton Bay (Rocky Creek) Ramp"
"9708","Closest",3616141,41,"Okiwi Bay"
"9709","Closest",3616143,41,"Okiwi Bay"
"9710","Closest",3616326,41,"Okiwi Bay"
"9711","Closest",3616334,41,"Okiwi Bay"
"9712","Closest",3616498,34,"Cissy Bay"
"9713","Closest",3616503,35,"Elmslie Bay (French Pass)"
"9714","Closest",3616539,41,"Okiwi Bay"
"9715","Closest",3616605,36,"Kapowai Bay (D'urville Island)"
"9716","Closest",3616751,39,"Elaine Bay Boat Ramp"
"9717","Closest",3616788,35,"Elmslie Bay (French Pass)"
"9718","Closest",3616874,39,"Elaine Bay Boat Ramp"
"9719","Closest",3617032,41,"Okiwi Bay"
"9720","Closest",3617034,41,"Okiwi Bay"
"9721","Closest",3617148,38,"Bulwer Bay"
"9722","Closest",3617184,36,"Kapowai Bay (D'urville Island)"
"9723","Closest",3617434,39,"Elaine Bay Boat Ramp"
"9724","Closest",3617663,7,"Grove Point/Arm Jetty"
"9725","Closest",3617762,41,"Okiwi Bay"
"9726","Closest",3617820,41,"Okiwi Bay"
"9727","Closest",3618068,34,"Cissy Bay"
"9728","Closest",3618082,41,"Okiwi Bay"
"9729","Closest",3618146,34,"Cissy Bay"
"9730","Closest",3618427,34,"Cissy Bay"
"9731","Closest",3618510,36,"Kapowai Bay (D'urville Island)"
"9732","Closest",3618834,41,"Okiwi Bay"
"9733","Closest",3618957,34,"Cissy Bay"
"9734","Closest",3619002,35,"Elmslie Bay (French Pass)"
"9735","Closest",3619009,41,"Okiwi Bay"
"9736","Closest",3619239,38,"Bulwer Bay"
"9737","Closest",3619547,39,"Elaine Bay Boat Ramp"
"9738","Closest",3619892,37,"Hamilton Bay (Rocky Creek) Ramp"
"9739","Closest",3619958,34,"Cissy Bay"
"9740","Closest",3620333,41,"Okiwi Bay"
"9741","Closest",3620346,34,"Cissy Bay"
"9742","Closest",3620640,41,"Okiwi Bay"
"9743","Closest",3620689,41,"Okiwi Bay"
"9744","Closest",3620722,41,"Okiwi Bay"
"9745","Closest",3620905,41,"Okiwi Bay"
"9746","Closest",3620934,41,"Okiwi Bay"
"9747","Closest",3621047,41,"Okiwi Bay"
"9748","Closest",3621200,41,"Okiwi Bay"
"9749","Closest",3621273,38,"Bulwer Bay"
"9750","Closest",3621274,38,"Bulwer Bay"
"9751","Closest",3621291,37,"Hamilton Bay (Rocky Creek) Ramp"
"9752","Closest",3621419,38,"Bulwer Bay"
"9753","Closest",3621637,37,"Hamilton Bay (Rocky Creek) Ramp"
"9754","Closest",3621638,38,"Bulwer Bay"
"9755","Closest",3621642,38,"Bulwer Bay"
"9756","Closest",3621721,34,"Cissy Bay"
"9757","Closest",3621837,41,"Okiwi Bay"
"9758","Closest",3621857,39,"Elaine Bay Boat Ramp"
"9759","Closest",3622010,36,"Kapowai Bay (D'urville Island)"
"9760","Closest",3622069,39,"Elaine Bay Boat Ramp"
"9761","Closest",3622185,41,"Okiwi Bay"
"9762","Closest",3622326,41,"Okiwi Bay"
"9763","Closest",3622346,41,"Okiwi Bay"
"9764","Closest",3622360,34,"Cissy Bay"
"9765","Closest",3622719,7,"Grove Point/Arm Jetty"
"9766","Closest",3622760,41,"Okiwi Bay"
"9767","Closest",3622762,39,"Elaine Bay Boat Ramp"
"9768","Closest",3622840,41,"Okiwi Bay"
"9769","Closest",3622847,34,"Cissy Bay"
"9770","Closest",3622852,35,"Elmslie Bay (French Pass)"
"9771","Closest",3622892,41,"Okiwi Bay"
"9772","Closest",3622954,34,"Cissy Bay"
"9773","Closest",3623126,41,"Okiwi Bay"
"9774","Closest",3623146,36,"Kapowai Bay (D'urville Island)"
"9775","Closest",3623178,34,"Cissy Bay"
"9776","Closest",3623197,41,"Okiwi Bay"
"9777","Closest",3623203,39,"Elaine Bay Boat Ramp"
"9778","Closest",3623212,39,"Elaine Bay Boat Ramp"
"9779","Closest",3623266,41,"Okiwi Bay"
"9780","Closest",3623271,35,"Elmslie Bay (French Pass)"
"9781","Closest",3623365,35,"Elmslie Bay (French Pass)"
"9782","Closest",3623594,35,"Elmslie Bay (French Pass)"
"9783","Closest",3623600,35,"Elmslie Bay (French Pass)"
"9784","Closest",3623840,39,"Elaine Bay Boat Ramp"
"9785","Closest",3624116,35,"Elmslie Bay (French Pass)"
"9786","Closest",3624125,41,"Okiwi Bay"
"9787","Closest",3624266,37,"Hamilton Bay (Rocky Creek) Ramp"
"9788","Closest",3624273,41,"Okiwi Bay"
"9789","Closest",3624397,39,"Elaine Bay Boat Ramp"
"9790","Closest",3624400,39,"Elaine Bay Boat Ramp"
"9791","Closest",3624686,41,"Okiwi Bay"
"9792","Closest",3624715,37,"Hamilton Bay (Rocky Creek) Ramp"
"9793","Closest",3624944,34,"Cissy Bay"
"9794","Closest",3624987,34,"Cissy Bay"
"9795","Closest",3625183,41,"Okiwi Bay"
"9796","Closest",3625413,38,"Bulwer Bay"
"9797","Closest",3625473,38,"Bulwer Bay"
"9798","Closest",3625480,14,"Elaine Bay"
"9799","Closest",3625560,41,"Okiwi Bay"
"9800","Closest",3625587,39,"Elaine Bay Boat Ramp"
"9801","Closest",3625715,14,"Elaine Bay"
"9802","Closest",3625770,37,"Hamilton Bay (Rocky Creek) Ramp"
"9803","Closest",3625772,39,"Elaine Bay Boat Ramp"
"9804","Closest",3625907,14,"Elaine Bay"
"9805","Closest",3626076,38,"Bulwer Bay"
"9806","Closest",3626188,35,"Elmslie Bay (French Pass)"
"9807","Closest",3626448,36,"Kapowai Bay (D'urville Island)"
"9808","Closest",3626449,36,"Kapowai Bay (D'urville Island)"
"9809","Closest",3626551,39,"Elaine Bay Boat Ramp"
"9810","Closest",3626641,41,"Okiwi Bay"
"9811","Closest",3626666,38,"Bulwer Bay"
"9812","Closest",3626669,38,"Bulwer Bay"
"9813","Closest",3626770,41,"Okiwi Bay"
"9814","Closest",3626794,41,"Okiwi Bay"
"9815","Closest",3626846,37,"Hamilton Bay (Rocky Creek) Ramp"
"9816","Closest",3626861,41,"Okiwi Bay"
"9817","Closest",3626909,34,"Cissy Bay"
"9818","Closest",3626920,38,"Bulwer Bay"
"9819","Closest",3627074,41,"Okiwi Bay"
"9820","Closest",3627111,41,"Okiwi Bay"
"9821","Closest",3627151,37,"Hamilton Bay (Rocky Creek) Ramp"
"9822","Closest",3627180,41,"Okiwi Bay"
"9823","Closest",3627182,41,"Okiwi Bay"
"9824","Closest",3627354,38,"Bulwer Bay"
"9825","Closest",3627471,34,"Cissy Bay"
"9826","Closest",3627585,38,"Bulwer Bay"
"9827","Closest",3627596,41,"Okiwi Bay"
"9828","Closest",3628054,34,"Cissy Bay"
"9829","Closest",3628284,38,"Bulwer Bay"
"9830","Closest",3628376,41,"Okiwi Bay"
"9831","Closest",3628732,36,"Kapowai Bay (D'urville Island)"
"9832","Closest",3628740,34,"Cissy Bay"
"9833","Closest",3629257,38,"Bulwer Bay"
"9834","Closest",3629304,41,"Okiwi Bay"
"9835","Closest",3629957,39,"Elaine Bay Boat Ramp"
"9836","Closest",3630168,41,"Okiwi Bay"
"9837","Closest",3630389,38,"Bulwer Bay"
"9838","Closest",3630394,7,"Grove Point/Arm Jetty"
"9839","Closest",3630561,41,"Okiwi Bay"
"9840","Closest",3630564,35,"Elmslie Bay (French Pass)"
"9841","Closest",3630700,35,"Elmslie Bay (French Pass)"
"9842","Closest",3630806,38,"Bulwer Bay"
"9843","Closest",3630959,41,"Okiwi Bay"
"9844","Closest",3631391,14,"Elaine Bay"
"9845","Closest",3631602,41,"Okiwi Bay"
"9846","Closest",3632354,41,"Okiwi Bay"
"9847","Closest",3632426,41,"Okiwi Bay"
"9848","Closest",3632456,34,"Cissy Bay"
"9849","Closest",3632469,39,"Elaine Bay Boat Ramp"
"9850","Closest",3632475,39,"Elaine Bay Boat Ramp"
"9851","Closest",3632477,34,"Cissy Bay"
"9852","Closest",3632478,39,"Elaine Bay Boat Ramp"
"9853","Closest",3632544,41,"Okiwi Bay"
"9854","Closest",3632685,39,"Elaine Bay Boat Ramp"
"9855","Closest",3632802,38,"Bulwer Bay"
"9856","Closest",3632974,41,"Okiwi Bay"
"9857","Closest",3633009,41,"Okiwi Bay"
"9858","Closest",3633024,38,"Bulwer Bay"
"9859","Closest",3633169,41,"Okiwi Bay"
"9860","Closest",3633234,34,"Cissy Bay"
"9861","Closest",3633251,35,"Elmslie Bay (French Pass)"
"9862","Closest",3633259,37,"Hamilton Bay (Rocky Creek) Ramp"
"9863","Closest",3633299,37,"Hamilton Bay (Rocky Creek) Ramp"
"9864","Closest",3633383,36,"Kapowai Bay (D'urville Island)"
"9865","Closest",3633498,39,"Elaine Bay Boat Ramp"
"9866","Closest",3633513,36,"Kapowai Bay (D'urville Island)"
"9867","Closest",3633520,39,"Elaine Bay Boat Ramp"
"9868","Closest",3633531,38,"Bulwer Bay"
"9869","Closest",3633578,41,"Okiwi Bay"
"9870","Closest",3633615,37,"Hamilton Bay (Rocky Creek) Ramp"
"9871","Closest",3633851,41,"Okiwi Bay"
"9872","Closest",3633864,41,"Okiwi Bay"
"9873","Closest",3634373,37,"Hamilton Bay (Rocky Creek) Ramp"
"9874","Closest",3634392,38,"Bulwer Bay"
"9875","Closest",3634479,38,"Bulwer Bay"
"9876","Closest",3634502,39,"Elaine Bay Boat Ramp"
"9877","Closest",3634556,41,"Okiwi Bay"
"9878","Closest",3634610,41,"Okiwi Bay"
"9879","Closest",3634623,37,"Hamilton Bay (Rocky Creek) Ramp"
"9880","Closest",3634717,41,"Okiwi Bay"
"9881","Closest",3634958,39,"Elaine Bay Boat Ramp"
"9882","Closest",3635102,41,"Okiwi Bay"
"9883","Closest",3635134,34,"Cissy Bay"
"9884","Closest",3635197,34,"Cissy Bay"
"9885","Closest",3635354,41,"Okiwi Bay"
"9886","Closest",3635425,37,"Hamilton Bay (Rocky Creek) Ramp"
"9887","Closest",3635612,36,"Kapowai Bay (D'urville Island)"
"9888","Closest",3636037,39,"Elaine Bay Boat Ramp"
"9889","Closest",3636269,41,"Okiwi Bay"
"9890","Closest",3636323,41,"Okiwi Bay"
"9891","Closest",3636478,41,"Okiwi Bay"
"9892","Closest",3636600,37,"Hamilton Bay (Rocky Creek) Ramp"
"9893","Closest",3636745,34,"Cissy Bay"
"9894","Closest",3636843,34,"Cissy Bay"
"9895","Closest",3636900,39,"Elaine Bay Boat Ramp"
"9896","Closest",3637156,37,"Hamilton Bay (Rocky Creek) Ramp"
"9897","Closest",3637210,39,"Elaine Bay Boat Ramp"
"9898","Closest",3637365,41,"Okiwi Bay"
"9899","Closest",3637366,41,"Okiwi Bay"
"9900","Closest",3637439,41,"Okiwi Bay"
"9901","Closest",3637482,41,"Okiwi Bay"
"9902","Closest",3637726,41,"Okiwi Bay"
"9903","Closest",3637731,41,"Okiwi Bay"
"9904","Closest",3637962,41,"Okiwi Bay"
"9905","Closest",3637971,37,"Hamilton Bay (Rocky Creek) Ramp"
"9906","Closest",3638071,38,"Bulwer Bay"
"9907","Closest",3638118,35,"Elmslie Bay (French Pass)"
"9908","Closest",3638586,37,"Hamilton Bay (Rocky Creek) Ramp"
"9909","Closest",3638724,41,"Okiwi Bay"
"9910","Closest",3639050,41,"Okiwi Bay"
"9911","Closest",3639325,41,"Okiwi Bay"
"9912","Closest",3639327,41,"Okiwi Bay"
"9913","Closest",3639352,41,"Okiwi Bay"
"9914","Closest",3639424,35,"Elmslie Bay (French Pass)"
"9915","Closest",3639565,34,"Cissy Bay"
"9916","Closest",3639629,41,"Okiwi Bay"
"9917","Closest",3639696,38,"Bulwer Bay"
"9918","Closest",3639725,36,"Kapowai Bay (D'urville Island)"
"9919","Closest",3639742,34,"Cissy Bay"
"9920","Closest",3639811,34,"Cissy Bay"
"9921","Closest",3639861,35,"Elmslie Bay (French Pass)"
"9922","Closest",3639986,38,"Bulwer Bay"
"9923","Closest",3640004,39,"Elaine Bay Boat Ramp"
"9924","Closest",3640197,37,"Hamilton Bay (Rocky Creek) Ramp"
"9925","Closest",3640251,39,"Elaine Bay Boat Ramp"
"9926","Closest",3640355,41,"Okiwi Bay"
"9927","Closest",3640487,39,"Elaine Bay Boat Ramp"
"9928","Closest",3640491,39,"Elaine Bay Boat Ramp"
"9929","Closest",3640540,41,"Okiwi Bay"
"9930","Closest",3640761,35,"Elmslie Bay (French Pass)"
"9931","Closest",3640803,41,"Okiwi Bay"
"9932","Closest",3640916,37,"Hamilton Bay (Rocky Creek) Ramp"
"9933","Closest",3640982,36,"Kapowai Bay (D'urville Island)"
"9934","Closest",3641068,39,"Elaine Bay Boat Ramp"
"9935","Closest",3642090,38,"Bulwer Bay"
"9936","Closest",3642286,36,"Kapowai Bay (D'urville Island)"
"9937","Closest",3642378,37,"Hamilton Bay (Rocky Creek) Ramp"
"9938","Closest",3642504,38,"Bulwer Bay"
"9939","Closest",3642508,38,"Bulwer Bay"
"9940","Closest",3642688,38,"Bulwer Bay"
"9941","Closest",3642985,38,"Bulwer Bay"
"9942","Closest",3643077,34,"Cissy Bay"
"9943","Closest",3643150,39,"Elaine Bay Boat Ramp"
"9944","Closest",3643219,39,"Elaine Bay Boat Ramp"
"9945","Closest",3643250,39,"Elaine Bay Boat Ramp"
"9946","Closest",3643266,39,"Elaine Bay Boat Ramp"
"9947","Closest",3643297,38,"Bulwer Bay"
"9948","Closest",3643301,37,"Hamilton Bay (Rocky Creek) Ramp"
"9949","Closest",3643326,41,"Okiwi Bay"
"9950","Closest",3643358,37,"Hamilton Bay (Rocky Creek) Ramp"
"9951","Closest",3643361,39,"Elaine Bay Boat Ramp"
"9952","Closest",3643362,41,"Okiwi Bay"
"9953","Closest",3643365,35,"Elmslie Bay (French Pass)"
"9954","Closest",3643366,39,"Elaine Bay Boat Ramp"
"9955","Closest",3643369,38,"Bulwer Bay"
"9956","Closest",3643378,41,"Okiwi Bay"
"9957","Closest",3643398,37,"Hamilton Bay (Rocky Creek) Ramp"
"9958","Closest",3643472,41,"Okiwi Bay"
"9959","Closest",3643547,41,"Okiwi Bay"
"9960","Closest",3643582,34,"Cissy Bay"
"9961","Closest",3643583,34,"Cissy Bay"
"9962","Closest",3643637,41,"Okiwi Bay"
"9963","Closest",3643779,41,"Okiwi Bay"
"9964","Closest",3643854,39,"Elaine Bay Boat Ramp"
"9965","Closest",3643887,41,"Okiwi Bay"
"9966","Closest",3643888,41,"Okiwi Bay"
"9967","Closest",3644049,41,"Okiwi Bay"
"9968","Closest",3644126,35,"Elmslie Bay (French Pass)"
"9969","Closest",3644177,36,"Kapowai Bay (D'urville Island)"
"9970","Closest",3645143,38,"Bulwer Bay"
"9971","Closest",3645325,38,"Bulwer Bay"
"9972","Closest",3645546,35,"Elmslie Bay (French Pass)"
"9973","Closest",3645632,37,"Hamilton Bay (Rocky Creek) Ramp"
"9974","Closest",3645748,36,"Kapowai Bay (D'urville Island)"
"9975","Closest",3646052,34,"Cissy Bay"
"9976","Closest",3646315,36,"Kapowai Bay (D'urville Island)"
"9977","Closest",3646725,14,"Elaine Bay"
"9978","Closest",3646954,38,"Bulwer Bay"
"9979","Closest",3647026,7,"Grove Point/Arm Jetty"
"9980","Closest",3647047,41,"Okiwi Bay"
"9981","Closest",3647053,34,"Cissy Bay"
"9982","Closest",3647064,7,"Grove Point/Arm Jetty"
"9983","Closest",3647451,41,"Okiwi Bay"
"9984","Closest",3647466,38,"Bulwer Bay"
"9985","Closest",3647744,34,"Cissy Bay"
"9986","Closest",3647780,34,"Cissy Bay"
"9987","Closest",3647942,7,"Grove Point/Arm Jetty"
"9988","Closest",3648048,38,"Bulwer Bay"
"9989","Closest",3648163,38,"Bulwer Bay"
"9990","Closest",3648269,41,"Okiwi Bay"
"9991","Closest",3648357,36,"Kapowai Bay (D'urville Island)"
"9992","Closest",3648358,38,"Bulwer Bay"
"9993","Closest",3648361,37,"Hamilton Bay (Rocky Creek) Ramp"
"9994","Closest",3648443,41,"Okiwi Bay"
"9995","Closest",3648477,34,"Cissy Bay"
"9996","Closest",3648601,41,"Okiwi Bay"
"9997","Closest",3648844,34,"Cissy Bay"
"9998","Closest",3649015,39,"Elaine Bay Boat Ramp"
"9999","Closest",3649095,39,"Elaine Bay Boat Ramp"
"10000","Closest",3649101,34,"Cissy Bay"
"10001","Closest",3649102,34,"Cissy Bay"
"10002","Closest",3649106,14,"Elaine Bay"
"10003","Closest",3649110,39,"Elaine Bay Boat Ramp"
"10004","Closest",3649112,36,"Kapowai Bay (D'urville Island)"
"10005","Closest",3649115,34,"Cissy Bay"
"10006","Closest",3649119,41,"Okiwi Bay"
"10007","Closest",3649126,41,"Okiwi Bay"
"10008","Closest",3649237,34,"Cissy Bay"
"10009","Closest",3649319,34,"Cissy Bay"
"10010","Closest",3649414,41,"Okiwi Bay"
"10011","Closest",3649463,7,"Grove Point/Arm Jetty"
"10012","Closest",3649751,37,"Hamilton Bay (Rocky Creek) Ramp"
"10013","Closest",3649861,41,"Okiwi Bay"
"10014","Closest",3650013,36,"Kapowai Bay (D'urville Island)"
"10015","Closest",3650055,39,"Elaine Bay Boat Ramp"
"10016","Closest",3650112,14,"Elaine Bay"
"10017","Closest",3650174,38,"Bulwer Bay"
"10018","Closest",3650191,34,"Cissy Bay"
"10019","Closest",3650214,14,"Elaine Bay"
"10020","Closest",3650260,41,"Okiwi Bay"
"10021","Closest",3650323,35,"Elmslie Bay (French Pass)"
"10022","Closest",3650343,36,"Kapowai Bay (D'urville Island)"
"10023","Closest",3650437,36,"Kapowai Bay (D'urville Island)"
"10024","Closest",3650550,41,"Okiwi Bay"
"10025","Closest",3650562,41,"Okiwi Bay"
"10026","Closest",3650684,41,"Okiwi Bay"
"10027","Closest",3650700,35,"Elmslie Bay (French Pass)"
"10028","Closest",3650842,41,"Okiwi Bay"
"10029","Closest",3651272,41,"Okiwi Bay"
"10030","Closest",3651390,36,"Kapowai Bay (D'urville Island)"
"10031","Closest",3651440,37,"Hamilton Bay (Rocky Creek) Ramp"
"10032","Closest",3651658,36,"Kapowai Bay (D'urville Island)"
"10033","Closest",3651680,7,"Grove Point/Arm Jetty"
"10034","Closest",3651681,7,"Grove Point/Arm Jetty"
"10035","Closest",3651950,41,"Okiwi Bay"
"10036","Closest",3652025,41,"Okiwi Bay"
"10037","Closest",3652026,41,"Okiwi Bay"
"10038","Closest",3652216,41,"Okiwi Bay"
"10039","Closest",3652359,7,"Grove Point/Arm Jetty"
"10040","Closest",3652361,41,"Okiwi Bay"
"10041","Closest",3652366,41,"Okiwi Bay"
"10042","Closest",3652443,41,"Okiwi Bay"
"10043","Closest",3652855,38,"Bulwer Bay"
"10044","Closest",3653463,41,"Okiwi Bay"
"10045","Closest",3653482,35,"Elmslie Bay (French Pass)"
"10046","Closest",3653722,41,"Okiwi Bay"
"10047","Closest",3654113,41,"Okiwi Bay"
"10048","Closest",3654265,41,"Okiwi Bay"
"10049","Closest",3654276,41,"Okiwi Bay"
"10050","Closest",3654290,41,"Okiwi Bay"
"10051","Closest",3654299,39,"Elaine Bay Boat Ramp"
"10052","Closest",3654583,41,"Okiwi Bay"
"10053","Closest",3654782,41,"Okiwi Bay"
"10054","Closest",3654784,41,"Okiwi Bay"
"10055","Closest",3654889,41,"Okiwi Bay"
"10056","Closest",3654922,38,"Bulwer Bay"
"10057","Closest",3654940,38,"Bulwer Bay"
"10058","Closest",3654955,37,"Hamilton Bay (Rocky Creek) Ramp"
"10059","Closest",3654975,41,"Okiwi Bay"
"10060","Closest",3655112,38,"Bulwer Bay"
"10061","Closest",3655317,39,"Elaine Bay Boat Ramp"
"10062","Closest",3655318,34,"Cissy Bay"
"10063","Closest",3655322,39,"Elaine Bay Boat Ramp"
"10064","Closest",3655442,39,"Elaine Bay Boat Ramp"
"10065","Closest",3655481,41,"Okiwi Bay"
"10066","Closest",3655897,37,"Hamilton Bay (Rocky Creek) Ramp"
"10067","Closest",3656157,37,"Hamilton Bay (Rocky Creek) Ramp"
"10068","Closest",3656308,41,"Okiwi Bay"
"10069","Closest",3656334,36,"Kapowai Bay (D'urville Island)"
"10070","Closest",3656392,39,"Elaine Bay Boat Ramp"
"10071","Closest",3656407,39,"Elaine Bay Boat Ramp"
"10072","Closest",3656446,35,"Elmslie Bay (French Pass)"
"10073","Closest",3656447,37,"Hamilton Bay (Rocky Creek) Ramp"
"10074","Closest",3656678,41,"Okiwi Bay"
"10075","Closest",3656680,37,"Hamilton Bay (Rocky Creek) Ramp"
"10076","Closest",3656728,38,"Bulwer Bay"
"10077","Closest",3657149,39,"Elaine Bay Boat Ramp"
"10078","Closest",3657234,38,"Bulwer Bay"
"10079","Closest",3657316,39,"Elaine Bay Boat Ramp"
"10080","Closest",3657370,41,"Okiwi Bay"
"10081","Closest",3657708,41,"Okiwi Bay"
"10082","Closest",3657775,41,"Okiwi Bay"
"10083","Closest",3657902,39,"Elaine Bay Boat Ramp"
"10084","Closest",3657905,39,"Elaine Bay Boat Ramp"
"10085","Closest",3658425,41,"Okiwi Bay"
"10086","Closest",3658438,37,"Hamilton Bay (Rocky Creek) Ramp"
"10087","Closest",3658439,34,"Cissy Bay"
"10088","Closest",3658508,7,"Grove Point/Arm Jetty"
"10089","Closest",3658625,39,"Elaine Bay Boat Ramp"
"10090","Closest",3658628,35,"Elmslie Bay (French Pass)"
"10091","Closest",3658908,38,"Bulwer Bay"
"10092","Closest",3659098,37,"Hamilton Bay (Rocky Creek) Ramp"
"10093","Closest",3659123,37,"Hamilton Bay (Rocky Creek) Ramp"
"10094","Closest",3659537,41,"Okiwi Bay"
"10095","Closest",3659824,41,"Okiwi Bay"
"10096","Closest",3659857,39,"Elaine Bay Boat Ramp"
"10097","Closest",3659880,41,"Okiwi Bay"
"10098","Closest",3659953,36,"Kapowai Bay (D'urville Island)"
"10099","Closest",3660060,39,"Elaine Bay Boat Ramp"
"10100","Closest",3660137,7,"Grove Point/Arm Jetty"
"10101","Closest",3660328,37,"Hamilton Bay (Rocky Creek) Ramp"
"10102","Closest",3660428,41,"Okiwi Bay"
"10103","Closest",3660567,41,"Okiwi Bay"
"10104","Closest",3660607,36,"Kapowai Bay (D'urville Island)"
"10105","Closest",3660646,41,"Okiwi Bay"
"10106","Closest",3660943,36,"Kapowai Bay (D'urville Island)"
"10107","Closest",3660946,34,"Cissy Bay"
"10108","Closest",3660996,41,"Okiwi Bay"
"10109","Closest",3661056,41,"Okiwi Bay"
"10110","Closest",3705224,30,"St. Omer Barge Ramp"
"10111","Closest",3705225,9,"Ngakuta Bay"
"10112","Closest",3705227,13,"Hakana Bay"
"10113","Closest",3705230,7,"Grove Point/Arm Jetty"
"10114","Closest",3705239,9,"Ngakuta Bay"
"10115","Closest",3705240,7,"Grove Point/Arm Jetty"
"10116","Closest",3705241,9,"Ngakuta Bay"
"10117","Closest",3705247,9,"Ngakuta Bay"
"10118","Closest",3705248,21,"Willow Bay"
"10119","Closest",3705252,11,"Punga Cove"
"10120","Closest",3705257,12,"Oyster Bay"
"10121","Closest",3705259,29,"Waitaria Bay"
"10122","Closest",3705266,7,"Grove Point/Arm Jetty"
"10123","Closest",3705270,21,"Willow Bay"
"10124","Closest",3705271,9,"Ngakuta Bay"
"10125","Closest",3705272,9,"Ngakuta Bay"
"10126","Closest",3705280,11,"Punga Cove"
"10127","Closest",3705284,18,"Moetapu Bay Jetty"
"10128","Closest",3705287,21,"Willow Bay"
"10129","Closest",3705288,9,"Ngakuta Bay"
"10130","Closest",3705294,12,"Oyster Bay"
"10131","Closest",3705295,7,"Grove Point/Arm Jetty"
"10132","Closest",3705298,18,"Moetapu Bay Jetty"
"10133","Closest",3705317,7,"Grove Point/Arm Jetty"
"10134","Closest",3705320,9,"Ngakuta Bay"
"10135","Closest",3705328,7,"Grove Point/Arm Jetty"
"10136","Closest",3705330,13,"Hakana Bay"
"10137","Closest",3705331,7,"Grove Point/Arm Jetty"
"10138","Closest",3705334,7,"Grove Point/Arm Jetty"
"10139","Closest",3705346,9,"Ngakuta Bay"
"10140","Closest",3705351,9,"Ngakuta Bay"
"10141","Closest",3705366,7,"Grove Point/Arm Jetty"
"10142","Closest",3705368,7,"Grove Point/Arm Jetty"
"10143","Closest",3705372,7,"Grove Point/Arm Jetty"
"10144","Closest",3705391,20,"Ohingaroa Bay"
"10145","Closest",3705402,9,"Ngakuta Bay"
"10146","Closest",3705406,7,"Grove Point/Arm Jetty"
"10147","Closest",3705409,7,"Grove Point/Arm Jetty"
"10148","Closest",3705423,13,"Hakana Bay"
"10149","Closest",3705444,7,"Grove Point/Arm Jetty"
"10150","Closest",3705445,9,"Ngakuta Bay"
"10151","Closest",3705470,7,"Grove Point/Arm Jetty"
"10152","Closest",3705496,9,"Ngakuta Bay"
"10153","Closest",3705498,32,"Duncan Bay"
"10154","Closest",3705501,7,"Grove Point/Arm Jetty"
"10155","Closest",3705516,7,"Grove Point/Arm Jetty"
"10156","Closest",3705518,9,"Ngakuta Bay"
"10157","Closest",3705519,9,"Ngakuta Bay"
"10158","Closest",3705559,11,"Punga Cove"
"10159","Closest",3705577,7,"Grove Point/Arm Jetty"
"10160","Closest",3705599,7,"Grove Point/Arm Jetty"
"10161","Closest",3705605,9,"Ngakuta Bay"
"10162","Closest",3705621,14,"Elaine Bay"
"10163","Closest",3705629,9,"Ngakuta Bay"
"10164","Closest",3705640,13,"Hakana Bay"
"10165","Closest",3705642,7,"Grove Point/Arm Jetty"
"10166","Closest",3705655,7,"Grove Point/Arm Jetty"
"10167","Closest",3705660,9,"Ngakuta Bay"
"10168","Closest",3705725,7,"Grove Point/Arm Jetty"
"10169","Closest",3705728,9,"Ngakuta Bay"
"10170","Closest",3705734,7,"Grove Point/Arm Jetty"
"10171","Closest",3705752,7,"Grove Point/Arm Jetty"
"10172","Closest",3705756,9,"Ngakuta Bay"
"10173","Closest",3705770,17,"Kaiuma Bay"
"10174","Closest",3705777,9,"Ngakuta Bay"
"10175","Closest",3705780,9,"Ngakuta Bay"
"10176","Closest",3705781,9,"Ngakuta Bay"
"10177","Closest",3705789,12,"Oyster Bay"
"10178","Closest",3705799,13,"Hakana Bay"
"10179","Closest",3705812,9,"Ngakuta Bay"
"10180","Closest",3705815,17,"Kaiuma Bay"
"10181","Closest",3705844,9,"Ngakuta Bay"
"10182","Closest",3705853,7,"Grove Point/Arm Jetty"
"10183","Closest",3705856,7,"Grove Point/Arm Jetty"
"10184","Closest",3705859,12,"Oyster Bay"
"10185","Closest",3705878,7,"Grove Point/Arm Jetty"
"10186","Closest",3705882,32,"Duncan Bay"
"10187","Closest",3705885,9,"Ngakuta Bay"
"10188","Closest",3705906,9,"Ngakuta Bay"
"10189","Closest",3705932,9,"Ngakuta Bay"
"10190","Closest",3705935,9,"Ngakuta Bay"
"10191","Closest",3705947,9,"Ngakuta Bay"
"10192","Closest",3705959,9,"Ngakuta Bay"
"10193","Closest",3706001,11,"Punga Cove"
"10194","Closest",3706009,12,"Oyster Bay"
"10195","Closest",3706017,11,"Punga Cove"
"10196","Closest",3706024,9,"Ngakuta Bay"
"10197","Closest",3706028,12,"Oyster Bay"
"10198","Closest",3706029,12,"Oyster Bay"
"10199","Closest",3706033,8,"Momorangi Bay"
"10200","Closest",3706035,17,"Kaiuma Bay"
"10201","Closest",3706040,27,"Sandy Bay"
"10202","Closest",3706043,9,"Ngakuta Bay"
"10203","Closest",3706045,9,"Ngakuta Bay"
"10204","Closest",3706048,9,"Ngakuta Bay"
"10205","Closest",3706051,9,"Ngakuta Bay"
"10206","Closest",3706054,9,"Ngakuta Bay"
"10207","Closest",3706058,9,"Ngakuta Bay"
"10208","Closest",3706063,9,"Ngakuta Bay"
"10209","Closest",3706066,37,"Hamilton Bay (Rocky Creek) Ramp"
"10210","Closest",3706070,12,"Oyster Bay"
"10211","Closest",3706083,7,"Grove Point/Arm Jetty"
"10212","Closest",3706096,13,"Hakana Bay"
"10213","Closest",3706099,9,"Ngakuta Bay"
"10214","Closest",3706100,9,"Ngakuta Bay"
"10215","Closest",3706102,9,"Ngakuta Bay"
"10216","Closest",3706104,9,"Ngakuta Bay"
"10217","Closest",3706105,9,"Ngakuta Bay"
"10218","Closest",3706107,9,"Ngakuta Bay"
"10219","Closest",3706108,9,"Ngakuta Bay"
"10220","Closest",3706109,9,"Ngakuta Bay"
"10221","Closest",3706110,9,"Ngakuta Bay"
"10222","Closest",3706111,9,"Ngakuta Bay"
"10223","Closest",3706112,9,"Ngakuta Bay"
"10224","Closest",3706113,9,"Ngakuta Bay"
"10225","Closest",3706114,9,"Ngakuta Bay"
"10226","Closest",3706117,9,"Ngakuta Bay"
"10227","Closest",3706119,9,"Ngakuta Bay"
"10228","Closest",3706123,9,"Ngakuta Bay"
"10229","Closest",3706124,9,"Ngakuta Bay"
"10230","Closest",3706128,9,"Ngakuta Bay"
"10231","Closest",3706129,9,"Ngakuta Bay"
"10232","Closest",3706132,9,"Ngakuta Bay"
"10233","Closest",3706133,11,"Punga Cove"
"10234","Closest",3706134,9,"Ngakuta Bay"
"10235","Closest",3706136,9,"Ngakuta Bay"
"10236","Closest",3706137,9,"Ngakuta Bay"
"10237","Closest",3706138,9,"Ngakuta Bay"
"10238","Closest",3706140,9,"Ngakuta Bay"
"10239","Closest",3706141,9,"Ngakuta Bay"
"10240","Closest",3706148,9,"Ngakuta Bay"
"10241","Closest",3706151,9,"Ngakuta Bay"
"10242","Closest",3706152,9,"Ngakuta Bay"
"10243","Closest",3706158,9,"Ngakuta Bay"
"10244","Closest",3706185,9,"Ngakuta Bay"
"10245","Closest",3706186,18,"Moetapu Bay Jetty"
"10246","Closest",3706199,18,"Moetapu Bay Jetty"
"10247","Closest",3706200,9,"Ngakuta Bay"
"10248","Closest",3706203,9,"Ngakuta Bay"
"10249","Closest",3706213,9,"Ngakuta Bay"
"10250","Closest",3706214,9,"Ngakuta Bay"
"10251","Closest",3706215,9,"Ngakuta Bay"
"10252","Closest",3706229,9,"Ngakuta Bay"
"10253","Closest",3706231,9,"Ngakuta Bay"
"10254","Closest",3706232,9,"Ngakuta Bay"
"10255","Closest",3706233,9,"Ngakuta Bay"
"10256","Closest",3706234,9,"Ngakuta Bay"
"10257","Closest",3706236,9,"Ngakuta Bay"
"10258","Closest",3706238,9,"Ngakuta Bay"
"10259","Closest",3706240,9,"Ngakuta Bay"
"10260","Closest",3706243,30,"St. Omer Barge Ramp"
"10261","Closest",3706245,9,"Ngakuta Bay"
"10262","Closest",3706247,9,"Ngakuta Bay"
"10263","Closest",3706250,9,"Ngakuta Bay"
"10264","Closest",3706251,7,"Grove Point/Arm Jetty"
"10265","Closest",3706256,9,"Ngakuta Bay"
"10266","Closest",3706258,12,"Oyster Bay"
"10267","Closest",3706259,7,"Grove Point/Arm Jetty"
"10268","Closest",3706267,9,"Ngakuta Bay"
"10269","Closest",3706271,18,"Moetapu Bay Jetty"
"10270","Closest",3706272,33,"Penzance Bay"
"10271","Closest",3706276,9,"Ngakuta Bay"
"10272","Closest",3706278,9,"Ngakuta Bay"
"10273","Closest",3706281,9,"Ngakuta Bay"
"10274","Closest",3706283,9,"Ngakuta Bay"
"10275","Closest",3706287,33,"Penzance Bay"
"10276","Closest",3706289,9,"Ngakuta Bay"
"10277","Closest",3706291,9,"Ngakuta Bay"
"10278","Closest",3706292,33,"Penzance Bay"
"10279","Closest",3706296,9,"Ngakuta Bay"
"10280","Closest",3706299,33,"Penzance Bay"
"10281","Closest",3706304,9,"Ngakuta Bay"
"10282","Closest",3706306,9,"Ngakuta Bay"
"10283","Closest",3706312,9,"Ngakuta Bay"
"10284","Closest",3706320,9,"Ngakuta Bay"
"10285","Closest",3706321,9,"Ngakuta Bay"
"10286","Closest",3706333,17,"Kaiuma Bay"
"10287","Closest",3706338,7,"Grove Point/Arm Jetty"
"10288","Closest",3706341,9,"Ngakuta Bay"
"10289","Closest",3706346,21,"Willow Bay"
"10290","Closest",3706347,21,"Willow Bay"
"10291","Closest",3706349,7,"Grove Point/Arm Jetty"
"10292","Closest",3706351,7,"Grove Point/Arm Jetty"
"10293","Closest",3706352,27,"Sandy Bay"
"10294","Closest",3706354,9,"Ngakuta Bay"
"10295","Closest",3706360,8,"Momorangi Bay"
"10296","Closest",3706363,23,"Te Mahia"
"10297","Closest",3706371,32,"Duncan Bay"
"10298","Closest",3706373,9,"Ngakuta Bay"
"10299","Closest",3706375,7,"Grove Point/Arm Jetty"
"10300","Closest",3706376,9,"Ngakuta Bay"
"10301","Closest",3706382,9,"Ngakuta Bay"
"10302","Closest",3706383,11,"Punga Cove"
"10303","Closest",3706391,9,"Ngakuta Bay"
"10304","Closest",3706397,29,"Waitaria Bay"
"10305","Closest",3706417,13,"Hakana Bay"
"10306","Closest",3706420,9,"Ngakuta Bay"
"10307","Closest",3706424,12,"Oyster Bay"
"10308","Closest",3706428,24,"Tara Bay"
"10309","Closest",3706433,32,"Duncan Bay"
"10310","Closest",3706437,18,"Moetapu Bay Jetty"
"10311","Closest",3706447,30,"St. Omer Barge Ramp"
"10312","Closest",3706448,21,"Willow Bay"
"10313","Closest",3706468,9,"Ngakuta Bay"
"10314","Closest",3706470,7,"Grove Point/Arm Jetty"
"10315","Closest",3706471,7,"Grove Point/Arm Jetty"
"10316","Closest",3706475,7,"Grove Point/Arm Jetty"
"10317","Closest",3706481,7,"Grove Point/Arm Jetty"
"10318","Closest",3706482,9,"Ngakuta Bay"
"10319","Closest",3706494,7,"Grove Point/Arm Jetty"
"10320","Closest",3706495,26,"Nikau Cove Doc Camp"
"10321","Closest",3706496,21,"Willow Bay"
"10322","Closest",3706497,12,"Oyster Bay"
"10323","Closest",3706503,7,"Grove Point/Arm Jetty"
"10324","Closest",3706504,11,"Punga Cove"
"10325","Closest",3706514,7,"Grove Point/Arm Jetty"
"10326","Closest",3706516,12,"Oyster Bay"
"10327","Closest",3706520,9,"Ngakuta Bay"
"10328","Closest",3706530,30,"St. Omer Barge Ramp"
"10329","Closest",3706531,30,"St. Omer Barge Ramp"
"10330","Closest",3706533,7,"Grove Point/Arm Jetty"
"10331","Closest",3706537,9,"Ngakuta Bay"
"10332","Closest",3706542,9,"Ngakuta Bay"
"10333","Closest",3706553,30,"St. Omer Barge Ramp"
"10334","Closest",3706556,30,"St. Omer Barge Ramp"
"10335","Closest",3706558,7,"Grove Point/Arm Jetty"
"10336","Closest",3706562,30,"St. Omer Barge Ramp"
"10337","Closest",3706565,31,"Double Bay"
"10338","Closest",3706566,24,"Tara Bay"
"10339","Closest",3706571,31,"Double Bay"
"10340","Closest",3706573,12,"Oyster Bay"
"10341","Closest",3706578,30,"St. Omer Barge Ramp"
"10342","Closest",3706583,9,"Ngakuta Bay"
"10343","Closest",3706593,12,"Oyster Bay"
"10344","Closest",3706598,40,"Titirangi Bay"
"10345","Closest",3706602,9,"Ngakuta Bay"
"10346","Closest",3706603,9,"Ngakuta Bay"
"10347","Closest",3706605,11,"Punga Cove"
"10348","Closest",3706608,7,"Grove Point/Arm Jetty"
"10349","Closest",3706613,28,"Fish Bay Ramp"
"10350","Closest",3706618,11,"Punga Cove"
"10351","Closest",3706623,30,"St. Omer Barge Ramp"
"10352","Closest",3706625,9,"Ngakuta Bay"
"10353","Closest",3706629,33,"Penzance Bay"
"10354","Closest",3706630,32,"Duncan Bay"
"10355","Closest",3706642,7,"Grove Point/Arm Jetty"
"10356","Closest",3706646,7,"Grove Point/Arm Jetty"
"10357","Closest",3706651,9,"Ngakuta Bay"
"10358","Closest",3706662,30,"St. Omer Barge Ramp"
"10359","Closest",3706675,7,"Grove Point/Arm Jetty"
"10360","Closest",3706686,9,"Ngakuta Bay"
"10361","Closest",3706719,7,"Grove Point/Arm Jetty"
"10362","Closest",3706720,7,"Grove Point/Arm Jetty"
"10363","Closest",3706723,11,"Punga Cove"
"10364","Closest",3706724,30,"St. Omer Barge Ramp"
"10365","Closest",3706726,27,"Sandy Bay"
"10366","Closest",3706737,7,"Grove Point/Arm Jetty"
"10367","Closest",3706741,11,"Punga Cove"
"10368","Closest",3706749,11,"Punga Cove"
"10369","Closest",3706751,27,"Sandy Bay"
"10370","Closest",3706753,17,"Kaiuma Bay"
"10371","Closest",3706756,27,"Sandy Bay"
"10372","Closest",3706758,27,"Sandy Bay"
"10373","Closest",3706761,27,"Sandy Bay"
"10374","Closest",3706762,27,"Sandy Bay"
"10375","Closest",3706767,12,"Oyster Bay"
"10376","Closest",3706770,27,"Sandy Bay"
"10377","Closest",3706771,27,"Sandy Bay"
"10378","Closest",3706784,30,"St. Omer Barge Ramp"
"10379","Closest",3706789,21,"Willow Bay"
"10380","Closest",3706790,9,"Ngakuta Bay"
"10381","Closest",3706828,11,"Punga Cove"
"10382","Closest",3706832,7,"Grove Point/Arm Jetty"
"10383","Closest",3706854,9,"Ngakuta Bay"
"10384","Closest",3706858,20,"Ohingaroa Bay"
"10385","Closest",3706862,9,"Ngakuta Bay"
"10386","Closest",3706879,11,"Punga Cove"
"10387","Closest",3706881,6,"Anakiwa"
"10388","Closest",3706883,9,"Ngakuta Bay"
"10389","Closest",3706887,9,"Ngakuta Bay"
"10390","Closest",3706888,27,"Sandy Bay"
"10391","Closest",3706891,33,"Penzance Bay"
"10392","Closest",3706894,7,"Grove Point/Arm Jetty"
"10393","Closest",3706895,11,"Punga Cove"
"10394","Closest",3706896,11,"Punga Cove"
"10395","Closest",3706897,9,"Ngakuta Bay"
"10396","Closest",3706898,12,"Oyster Bay"
"10397","Closest",3706900,9,"Ngakuta Bay"
"10398","Closest",3706901,9,"Ngakuta Bay"
"10399","Closest",3706902,9,"Ngakuta Bay"
"10400","Closest",3706904,9,"Ngakuta Bay"
"10401","Closest",3706906,9,"Ngakuta Bay"
"10402","Closest",3706909,9,"Ngakuta Bay"
"10403","Closest",3706911,9,"Ngakuta Bay"
"10404","Closest",3706913,9,"Ngakuta Bay"
"10405","Closest",3706914,9,"Ngakuta Bay"
"10406","Closest",3706918,9,"Ngakuta Bay"
"10407","Closest",3706919,9,"Ngakuta Bay"
"10408","Closest",3706920,17,"Kaiuma Bay"
"10409","Closest",3706924,7,"Grove Point/Arm Jetty"
"10410","Closest",3706925,9,"Ngakuta Bay"
"10411","Closest",3706926,9,"Ngakuta Bay"
"10412","Closest",3706931,9,"Ngakuta Bay"
"10413","Closest",3706932,6,"Anakiwa"
"10414","Closest",3706935,12,"Oyster Bay"
"10415","Closest",3706937,12,"Oyster Bay"
"10416","Closest",3706938,12,"Oyster Bay"
"10417","Closest",3706939,16,"Torea Bay"
"10418","Closest",3706948,7,"Grove Point/Arm Jetty"
"10419","Closest",3706955,11,"Punga Cove"
"10420","Closest",3706961,9,"Ngakuta Bay"
"10421","Closest",3706962,11,"Punga Cove"
"10422","Closest",3706964,7,"Grove Point/Arm Jetty"
"10423","Closest",3706965,12,"Oyster Bay"
"10424","Closest",3706969,9,"Ngakuta Bay"
"10425","Closest",3706988,33,"Penzance Bay"
"10426","Closest",3706989,9,"Ngakuta Bay"
"10427","Closest",3706991,7,"Grove Point/Arm Jetty"
"10428","Closest",3706993,11,"Punga Cove"
"10429","Closest",3706999,32,"Duncan Bay"
"10430","Closest",3707005,12,"Oyster Bay"
"10431","Closest",3707006,9,"Ngakuta Bay"
"10432","Closest",3707007,9,"Ngakuta Bay"
"10433","Closest",3707008,17,"Kaiuma Bay"
"10434","Closest",3707010,12,"Oyster Bay"
"10435","Closest",3707013,25,"Cowshed Bay"
"10436","Closest",3707020,9,"Ngakuta Bay"
"10437","Closest",3707024,9,"Ngakuta Bay"
"10438","Closest",3707027,11,"Punga Cove"
"10439","Closest",3707033,9,"Ngakuta Bay"
"10440","Closest",3707035,9,"Ngakuta Bay"
"10441","Closest",3707047,9,"Ngakuta Bay"
"10442","Closest",3707049,7,"Grove Point/Arm Jetty"
"10443","Closest",3707054,7,"Grove Point/Arm Jetty"
"10444","Closest",3707055,7,"Grove Point/Arm Jetty"
"10445","Closest",3707066,18,"Moetapu Bay Jetty"
"10446","Closest",3707071,25,"Cowshed Bay"
"10447","Closest",3707072,7,"Grove Point/Arm Jetty"
"10448","Closest",3707081,9,"Ngakuta Bay"
"10449","Closest",3707089,11,"Punga Cove"
"10450","Closest",3707097,7,"Grove Point/Arm Jetty"
"10451","Closest",3707104,9,"Ngakuta Bay"
"10452","Closest",3707115,7,"Grove Point/Arm Jetty"
"10453","Closest",3707120,7,"Grove Point/Arm Jetty"
"10454","Closest",3707135,9,"Ngakuta Bay"
"10455","Closest",3707147,7,"Grove Point/Arm Jetty"
"10456","Closest",3707159,9,"Ngakuta Bay"
"10457","Closest",3707171,9,"Ngakuta Bay"
"10458","Closest",3707174,9,"Ngakuta Bay"
"10459","Closest",3707184,7,"Grove Point/Arm Jetty"
"10460","Closest",3707189,23,"Te Mahia"
"10461","Closest",3707190,9,"Ngakuta Bay"
"10462","Closest",3707201,7,"Grove Point/Arm Jetty"
"10463","Closest",3707207,7,"Grove Point/Arm Jetty"
"10464","Closest",3707209,29,"Waitaria Bay"
"10465","Closest",3707213,9,"Ngakuta Bay"
"10466","Closest",3707216,14,"Elaine Bay"
"10467","Closest",3707218,23,"Te Mahia"
"10468","Closest",3707219,9,"Ngakuta Bay"
"10469","Closest",3707222,9,"Ngakuta Bay"
"10470","Closest",3707226,23,"Te Mahia"
"10471","Closest",3707239,9,"Ngakuta Bay"
"10472","Closest",3707252,9,"Ngakuta Bay"
"10473","Closest",3707258,9,"Ngakuta Bay"
"10474","Closest",3707265,9,"Ngakuta Bay"
"10475","Closest",3707267,10,"Waterfall Bay"
"10476","Closest",3707268,9,"Ngakuta Bay"
"10477","Closest",3707279,9,"Ngakuta Bay"
"10478","Closest",3707287,9,"Ngakuta Bay"
"10479","Closest",3707288,7,"Grove Point/Arm Jetty"
"10480","Closest",3707293,9,"Ngakuta Bay"
"10481","Closest",3707308,11,"Punga Cove"
"10482","Closest",3707310,26,"Nikau Cove Doc Camp"
"10483","Closest",3707314,9,"Ngakuta Bay"
"10484","Closest",3707328,7,"Grove Point/Arm Jetty"
"10485","Closest",3707329,7,"Grove Point/Arm Jetty"
"10486","Closest",3707336,13,"Hakana Bay"
"10487","Closest",3707350,18,"Moetapu Bay Jetty"
"10488","Closest",3707355,9,"Ngakuta Bay"
"10489","Closest",3707368,9,"Ngakuta Bay"
"10490","Closest",3707398,11,"Punga Cove"
"10491","Closest",3707427,27,"Sandy Bay"
"10492","Closest",3707438,7,"Grove Point/Arm Jetty"
"10493","Closest",3707442,12,"Oyster Bay"
"10494","Closest",3707450,9,"Ngakuta Bay"
"10495","Closest",3707456,9,"Ngakuta Bay"
"10496","Closest",3707465,7,"Grove Point/Arm Jetty"
"10497","Closest",3707485,7,"Grove Point/Arm Jetty"
"10498","Closest",3707506,9,"Ngakuta Bay"
"10499","Closest",3707514,7,"Grove Point/Arm Jetty"
"10500","Closest",3707519,7,"Grove Point/Arm Jetty"
"10501","Closest",3707522,17,"Kaiuma Bay"
"10502","Closest",3707527,9,"Ngakuta Bay"
"10503","Closest",3707531,9,"Ngakuta Bay"
"10504","Closest",3707542,7,"Grove Point/Arm Jetty"
"10505","Closest",3707556,29,"Waitaria Bay"
"10506","Closest",3707562,9,"Ngakuta Bay"
"10507","Closest",3707596,9,"Ngakuta Bay"
"10508","Closest",3707601,9,"Ngakuta Bay"
"10509","Closest",3707604,9,"Ngakuta Bay"
"10510","Closest",3707618,9,"Ngakuta Bay"
"10511","Closest",3707624,11,"Punga Cove"
"10512","Closest",3707628,26,"Nikau Cove Doc Camp"
"10513","Closest",3707632,9,"Ngakuta Bay"
"10514","Closest",3707637,9,"Ngakuta Bay"
"10515","Closest",3707638,9,"Ngakuta Bay"
"10516","Closest",3707644,9,"Ngakuta Bay"
"10517","Closest",3707653,9,"Ngakuta Bay"
"10518","Closest",3707659,9,"Ngakuta Bay"
"10519","Closest",3707660,9,"Ngakuta Bay"
"10520","Closest",3707665,9,"Ngakuta Bay"
"10521","Closest",3707666,9,"Ngakuta Bay"
"10522","Closest",3707667,9,"Ngakuta Bay"
"10523","Closest",3707674,9,"Ngakuta Bay"
"10524","Closest",3707677,9,"Ngakuta Bay"
"10525","Closest",3707678,12,"Oyster Bay"
"10526","Closest",3707679,9,"Ngakuta Bay"
"10527","Closest",3707681,9,"Ngakuta Bay"
"10528","Closest",3707683,9,"Ngakuta Bay"
"10529","Closest",3707685,9,"Ngakuta Bay"
"10530","Closest",3707686,9,"Ngakuta Bay"
"10531","Closest",3707690,9,"Ngakuta Bay"
"10532","Closest",3707694,9,"Ngakuta Bay"
"10533","Closest",3707695,9,"Ngakuta Bay"
"10534","Closest",3707697,9,"Ngakuta Bay"
"10535","Closest",3707698,7,"Grove Point/Arm Jetty"
"10536","Closest",3707699,9,"Ngakuta Bay"
"10537","Closest",3707700,9,"Ngakuta Bay"
"10538","Closest",3707702,9,"Ngakuta Bay"
"10539","Closest",3707704,9,"Ngakuta Bay"
"10540","Closest",3707710,9,"Ngakuta Bay"
"10541","Closest",3707711,7,"Grove Point/Arm Jetty"
"10542","Closest",3707725,9,"Ngakuta Bay"
"10543","Closest",3707728,23,"Te Mahia"
"10544","Closest",3707734,12,"Oyster Bay"
"10545","Closest",3707739,9,"Ngakuta Bay"
"10546","Closest",3707744,9,"Ngakuta Bay"
"10547","Closest",3707748,9,"Ngakuta Bay"
"10548","Closest",3707757,9,"Ngakuta Bay"
"10549","Closest",3707758,7,"Grove Point/Arm Jetty"
"10550","Closest",3707761,9,"Ngakuta Bay"
"10551","Closest",3707763,30,"St. Omer Barge Ramp"
"10552","Closest",3707765,9,"Ngakuta Bay"
"10553","Closest",3707769,9,"Ngakuta Bay"
"10554","Closest",3707779,25,"Cowshed Bay"
"10555","Closest",3707781,7,"Grove Point/Arm Jetty"
"10556","Closest",3707784,37,"Hamilton Bay (Rocky Creek) Ramp"
"10557","Closest",3707793,9,"Ngakuta Bay"
"10558","Closest",3707794,9,"Ngakuta Bay"
"10559","Closest",3707798,7,"Grove Point/Arm Jetty"
"10560","Closest",3707802,7,"Grove Point/Arm Jetty"
"10561","Closest",3707803,12,"Oyster Bay"
"10562","Closest",3707807,12,"Oyster Bay"
"10563","Closest",3707809,9,"Ngakuta Bay"
"10564","Closest",3707810,7,"Grove Point/Arm Jetty"
"10565","Closest",3707827,9,"Ngakuta Bay"
"10566","Closest",3707828,9,"Ngakuta Bay"
"10567","Closest",3707829,32,"Duncan Bay"
"10568","Closest",3707835,26,"Nikau Cove Doc Camp"
"10569","Closest",3707836,7,"Grove Point/Arm Jetty"
"10570","Closest",3707838,9,"Ngakuta Bay"
"10571","Closest",3707850,33,"Penzance Bay"
"10572","Closest",3707857,19,"Double Bay Boat Ramp"
"10573","Closest",3707861,7,"Grove Point/Arm Jetty"
"10574","Closest",3707873,7,"Grove Point/Arm Jetty"
"10575","Closest",3707876,7,"Grove Point/Arm Jetty"
"10576","Closest",3707877,7,"Grove Point/Arm Jetty"
"10577","Closest",3707886,9,"Ngakuta Bay"
"10578","Closest",3707895,17,"Kaiuma Bay"
"10579","Closest",3707905,37,"Hamilton Bay (Rocky Creek) Ramp"
"10580","Closest",3707906,12,"Oyster Bay"
"10581","Closest",3707918,12,"Oyster Bay"
"10582","Closest",3707935,7,"Grove Point/Arm Jetty"
"10583","Closest",3707943,32,"Duncan Bay"
"10584","Closest",3707945,32,"Duncan Bay"
"10585","Closest",3707949,17,"Kaiuma Bay"
"10586","Closest",3707962,9,"Ngakuta Bay"
"10587","Closest",3707964,37,"Hamilton Bay (Rocky Creek) Ramp"
"10588","Closest",3707965,7,"Grove Point/Arm Jetty"
"10589","Closest",3707967,7,"Grove Point/Arm Jetty"
"10590","Closest",3707968,8,"Momorangi Bay"
"10591","Closest",3707969,9,"Ngakuta Bay"
"10592","Closest",3707975,7,"Grove Point/Arm Jetty"
"10593","Closest",3707976,7,"Grove Point/Arm Jetty"
"10594","Closest",3707978,18,"Moetapu Bay Jetty"
"10595","Closest",3707983,7,"Grove Point/Arm Jetty"
"10596","Closest",3707985,33,"Penzance Bay"
"10597","Closest",3707986,12,"Oyster Bay"
"10598","Closest",3708001,9,"Ngakuta Bay"
"10599","Closest",3708002,9,"Ngakuta Bay"
"10600","Closest",3708006,9,"Ngakuta Bay"
"10601","Closest",3708007,18,"Moetapu Bay Jetty"
"10602","Closest",3708019,9,"Ngakuta Bay"
"10603","Closest",3708023,9,"Ngakuta Bay"
"10604","Closest",3708024,9,"Ngakuta Bay"
"10605","Closest",3708025,9,"Ngakuta Bay"
"10606","Closest",3708026,9,"Ngakuta Bay"
"10607","Closest",3708067,9,"Ngakuta Bay"
"10608","Closest",3708084,7,"Grove Point/Arm Jetty"
"10609","Closest",3708085,13,"Hakana Bay"
"10610","Closest",3708093,9,"Ngakuta Bay"
"10611","Closest",3708104,7,"Grove Point/Arm Jetty"
"10612","Closest",3708116,7,"Grove Point/Arm Jetty"
"10613","Closest",3708129,12,"Oyster Bay"
"10614","Closest",3708144,7,"Grove Point/Arm Jetty"
"10615","Closest",3708148,11,"Punga Cove"
"10616","Closest",3708149,27,"Sandy Bay"
"10617","Closest",3708156,9,"Ngakuta Bay"
"10618","Closest",3708157,9,"Ngakuta Bay"
"10619","Closest",3708164,9,"Ngakuta Bay"
"10620","Closest",3708165,9,"Ngakuta Bay"
"10621","Closest",3708167,9,"Ngakuta Bay"
"10622","Closest",3708168,7,"Grove Point/Arm Jetty"
"10623","Closest",3708169,9,"Ngakuta Bay"
"10624","Closest",3708172,9,"Ngakuta Bay"
"10625","Closest",3708173,9,"Ngakuta Bay"
"10626","Closest",3708174,9,"Ngakuta Bay"
"10627","Closest",3708177,9,"Ngakuta Bay"
"10628","Closest",3708180,7,"Grove Point/Arm Jetty"
"10629","Closest",3708182,9,"Ngakuta Bay"
"10630","Closest",3708187,9,"Ngakuta Bay"
"10631","Closest",3708189,9,"Ngakuta Bay"
"10632","Closest",3708190,8,"Momorangi Bay"
"10633","Closest",3708192,9,"Ngakuta Bay"
"10634","Closest",3708199,9,"Ngakuta Bay"
"10635","Closest",3708202,9,"Ngakuta Bay"
"10636","Closest",3708220,9,"Ngakuta Bay"
"10637","Closest",3708224,9,"Ngakuta Bay"
"10638","Closest",3708231,29,"Waitaria Bay"
"10639","Closest",3708234,7,"Grove Point/Arm Jetty"
"10640","Closest",3708244,9,"Ngakuta Bay"
"10641","Closest",3708246,27,"Sandy Bay"
"10642","Closest",3708278,12,"Oyster Bay"
"10643","Closest",3708295,9,"Ngakuta Bay"
"10644","Closest",3708296,7,"Grove Point/Arm Jetty"
"10645","Closest",3708297,12,"Oyster Bay"
"10646","Closest",3708298,9,"Ngakuta Bay"
"10647","Closest",3708304,9,"Ngakuta Bay"
"10648","Closest",3708308,9,"Ngakuta Bay"
"10649","Closest",3708316,9,"Ngakuta Bay"
"10650","Closest",3708321,7,"Grove Point/Arm Jetty"
"10651","Closest",3708331,13,"Hakana Bay"
"10652","Closest",3708332,13,"Hakana Bay"
"10653","Closest",3708340,18,"Moetapu Bay Jetty"
"10654","Closest",3708341,9,"Ngakuta Bay"
"10655","Closest",3708393,27,"Sandy Bay"
"10656","Closest",3708405,12,"Oyster Bay"
"10657","Closest",3708453,12,"Oyster Bay"
"10658","Closest",3708460,27,"Sandy Bay"
"10659","Closest",3708472,9,"Ngakuta Bay"
"10660","Closest",3708492,7,"Grove Point/Arm Jetty"
"10661","Closest",3708528,32,"Duncan Bay"
"10662","Closest",3708541,7,"Grove Point/Arm Jetty"
"10663","Closest",3708542,12,"Oyster Bay"
"10664","Closest",3708549,7,"Grove Point/Arm Jetty"
"10665","Closest",3708555,7,"Grove Point/Arm Jetty"
"10666","Closest",3708565,7,"Grove Point/Arm Jetty"
"10667","Closest",3708566,7,"Grove Point/Arm Jetty"
"10668","Closest",3708569,7,"Grove Point/Arm Jetty"
"10669","Closest",3708570,7,"Grove Point/Arm Jetty"
"10670","Closest",3708573,7,"Grove Point/Arm Jetty"
"10671","Closest",3708597,18,"Moetapu Bay Jetty"
"10672","Closest",3708602,7,"Grove Point/Arm Jetty"
"10673","Closest",3708605,9,"Ngakuta Bay"
"10674","Closest",3708608,33,"Penzance Bay"
"10675","Closest",3708611,30,"St. Omer Barge Ramp"
"10676","Closest",3708619,15,"Portage Bay"
"10677","Closest",3708620,9,"Ngakuta Bay"
"10678","Closest",3708630,32,"Duncan Bay"
"10679","Closest",3708632,29,"Waitaria Bay"
"10680","Closest",3708633,11,"Punga Cove"
"10681","Closest",3708634,11,"Punga Cove"
"10682","Closest",3708635,11,"Punga Cove"
"10683","Closest",3708636,33,"Penzance Bay"
"10684","Closest",3708641,13,"Hakana Bay"
"10685","Closest",3708643,9,"Ngakuta Bay"
"10686","Closest",3708647,27,"Sandy Bay"
"10687","Closest",3708653,9,"Ngakuta Bay"
"10688","Closest",3708671,9,"Ngakuta Bay"
"10689","Closest",3708675,7,"Grove Point/Arm Jetty"
"10690","Closest",3708680,29,"Waitaria Bay"
"10691","Closest",3708692,9,"Ngakuta Bay"
"10692","Closest",3708697,32,"Duncan Bay"
"10693","Closest",3708698,9,"Ngakuta Bay"
"10694","Closest",3708704,27,"Sandy Bay"
"10695","Closest",3708713,7,"Grove Point/Arm Jetty"
"10696","Closest",3708715,7,"Grove Point/Arm Jetty"
"10697","Closest",3708719,7,"Grove Point/Arm Jetty"
"10698","Closest",3708732,9,"Ngakuta Bay"
"10699","Closest",3708738,9,"Ngakuta Bay"
"10700","Closest",3708749,7,"Grove Point/Arm Jetty"
"10701","Closest",3708758,7,"Grove Point/Arm Jetty"
"10702","Closest",3708761,21,"Willow Bay"
"10703","Closest",3708762,6,"Anakiwa"
"10704","Closest",3708767,7,"Grove Point/Arm Jetty"
"10705","Closest",3708771,30,"St. Omer Barge Ramp"
"10706","Closest",3708780,7,"Grove Point/Arm Jetty"
"10707","Closest",3708782,13,"Hakana Bay"
"10708","Closest",3708797,21,"Willow Bay"
"10709","Closest",3708799,27,"Sandy Bay"
"10710","Closest",3708801,33,"Penzance Bay"
"10711","Closest",3708814,11,"Punga Cove"
"10712","Closest",3708816,9,"Ngakuta Bay"
"10713","Closest",3708817,32,"Duncan Bay"
"10714","Closest",3708818,9,"Ngakuta Bay"
"10715","Closest",3708823,32,"Duncan Bay"
"10716","Closest",3708827,32,"Duncan Bay"
"10717","Closest",3708848,12,"Oyster Bay"
"10718","Closest",3708850,6,"Anakiwa"
"10719","Closest",3708854,12,"Oyster Bay"
"10720","Closest",3708858,31,"Double Bay"
"10721","Closest",3708891,9,"Ngakuta Bay"
"10722","Closest",3708912,33,"Penzance Bay"
"10723","Closest",3708921,27,"Sandy Bay"
"10724","Closest",3708941,27,"Sandy Bay"
"10725","Closest",3708948,9,"Ngakuta Bay"
"10726","Closest",3708949,9,"Ngakuta Bay"
"10727","Closest",3708955,9,"Ngakuta Bay"
"10728","Closest",3708960,33,"Penzance Bay"
"10729","Closest",3708961,7,"Grove Point/Arm Jetty"
"10730","Closest",3708966,33,"Penzance Bay"
"10731","Closest",3708968,32,"Duncan Bay"
"10732","Closest",3708971,41,"Okiwi Bay"
"10733","Closest",3708972,41,"Okiwi Bay"
"10734","Closest",3708973,12,"Oyster Bay"
"10735","Closest",3709010,7,"Grove Point/Arm Jetty"
"10736","Closest",3709011,7,"Grove Point/Arm Jetty"
"10737","Closest",3709013,11,"Punga Cove"
"10738","Closest",3709014,9,"Ngakuta Bay"
"10739","Closest",3709020,9,"Ngakuta Bay"
"10740","Closest",3709024,9,"Ngakuta Bay"
"10741","Closest",3709028,12,"Oyster Bay"
"10742","Closest",3709029,8,"Momorangi Bay"
"10743","Closest",3709038,12,"Oyster Bay"
"10744","Closest",3709039,12,"Oyster Bay"
"10745","Closest",3709047,9,"Ngakuta Bay"
"10746","Closest",3709052,29,"Waitaria Bay"
"10747","Closest",3709054,19,"Double Bay Boat Ramp"
"10748","Closest",3709061,9,"Ngakuta Bay"
"10749","Closest",3709063,9,"Ngakuta Bay"
"10750","Closest",3709066,9,"Ngakuta Bay"
"10751","Closest",3709068,21,"Willow Bay"
"10752","Closest",3709069,9,"Ngakuta Bay"
"10753","Closest",3709070,9,"Ngakuta Bay"
"10754","Closest",3709071,9,"Ngakuta Bay"
"10755","Closest",3709075,9,"Ngakuta Bay"
"10756","Closest",3709083,9,"Ngakuta Bay"
"10757","Closest",3709084,9,"Ngakuta Bay"
"10758","Closest",3709087,12,"Oyster Bay"
"10759","Closest",3709089,12,"Oyster Bay"
"10760","Closest",3709093,12,"Oyster Bay"
"10761","Closest",3709096,9,"Ngakuta Bay"
"10762","Closest",3709097,12,"Oyster Bay"
"10763","Closest",3709098,9,"Ngakuta Bay"
"10764","Closest",3709099,7,"Grove Point/Arm Jetty"
"10765","Closest",3709101,33,"Penzance Bay"
"10766","Closest",3709104,12,"Oyster Bay"
"10767","Closest",3709105,9,"Ngakuta Bay"
"10768","Closest",3709106,29,"Waitaria Bay"
"10769","Closest",3709110,21,"Willow Bay"
"10770","Closest",3709117,33,"Penzance Bay"
"10771","Closest",3709131,7,"Grove Point/Arm Jetty"
"10772","Closest",3709138,12,"Oyster Bay"
"10773","Closest",3709139,12,"Oyster Bay"
"10774","Closest",3709141,12,"Oyster Bay"
"10775","Closest",3709144,11,"Punga Cove"
"10776","Closest",3709149,11,"Punga Cove"
"10777","Closest",3709157,24,"Tara Bay"
"10778","Closest",3709158,9,"Ngakuta Bay"
"10779","Closest",3709160,23,"Te Mahia"
"10780","Closest",3709161,23,"Te Mahia"
"10781","Closest",3709162,11,"Punga Cove"
"10782","Closest",3709166,10,"Waterfall Bay"
"10783","Closest",3709169,24,"Tara Bay"
"10784","Closest",3709171,27,"Sandy Bay"
"10785","Closest",3709180,9,"Ngakuta Bay"
"10786","Closest",3709181,12,"Oyster Bay"
"10787","Closest",3709183,12,"Oyster Bay"
"10788","Closest",3709208,32,"Duncan Bay"
"10789","Closest",3709223,9,"Ngakuta Bay"
"10790","Closest",3709229,9,"Ngakuta Bay"
"10791","Closest",3709233,9,"Ngakuta Bay"
"10792","Closest",3709244,24,"Tara Bay"
"10793","Closest",3709261,9,"Ngakuta Bay"
"10794","Closest",3709270,7,"Grove Point/Arm Jetty"
"10795","Closest",3709272,7,"Grove Point/Arm Jetty"
"10796","Closest",3709288,7,"Grove Point/Arm Jetty"
"10797","Closest",3709292,12,"Oyster Bay"
"10798","Closest",3709297,9,"Ngakuta Bay"
"10799","Closest",3709308,11,"Punga Cove"
"10800","Closest",3709309,32,"Duncan Bay"
"10801","Closest",3709310,9,"Ngakuta Bay"
"10802","Closest",3709321,9,"Ngakuta Bay"
"10803","Closest",3709331,33,"Penzance Bay"
"10804","Closest",3709332,20,"Ohingaroa Bay"
"10805","Closest",3709335,30,"St. Omer Barge Ramp"
"10806","Closest",3709370,21,"Willow Bay"
"10807","Closest",3709375,7,"Grove Point/Arm Jetty"
"10808","Closest",3709377,12,"Oyster Bay"
"10809","Closest",3709387,29,"Waitaria Bay"
"10810","Closest",3709388,27,"Sandy Bay"
"10811","Closest",3709395,21,"Willow Bay"
"10812","Closest",3709396,9,"Ngakuta Bay"
"10813","Closest",3709399,15,"Portage Bay"
"10814","Closest",3709403,21,"Willow Bay"
"10815","Closest",3709405,32,"Duncan Bay"
"10816","Closest",3709409,24,"Tara Bay"
"10817","Closest",3709410,24,"Tara Bay"
"10818","Closest",3709411,24,"Tara Bay"
"10819","Closest",3709412,24,"Tara Bay"
"10820","Closest",3709428,32,"Duncan Bay"
"10821","Closest",3709432,32,"Duncan Bay"
"10822","Closest",3709433,9,"Ngakuta Bay"
"10823","Closest",3709434,6,"Anakiwa"
"10824","Closest",3709435,6,"Anakiwa"
"10825","Closest",3709436,7,"Grove Point/Arm Jetty"
"10826","Closest",3709442,6,"Anakiwa"
"10827","Closest",3709444,6,"Anakiwa"
"10828","Closest",3709445,6,"Anakiwa"
"10829","Closest",3709446,6,"Anakiwa"
"10830","Closest",3709447,6,"Anakiwa"
"10831","Closest",3709450,6,"Anakiwa"
"10832","Closest",3709455,9,"Ngakuta Bay"
"10833","Closest",3709460,9,"Ngakuta Bay"
"10834","Closest",3709463,32,"Duncan Bay"
"10835","Closest",3709473,32,"Duncan Bay"
"10836","Closest",3709485,9,"Ngakuta Bay"
"10837","Closest",3709491,24,"Tara Bay"
"10838","Closest",3709494,9,"Ngakuta Bay"
"10839","Closest",3709502,32,"Duncan Bay"
"10840","Closest",3709505,13,"Hakana Bay"
"10841","Closest",3709506,11,"Punga Cove"
"10842","Closest",3709511,11,"Punga Cove"
"10843","Closest",3709512,10,"Waterfall Bay"
"10844","Closest",3709513,30,"St. Omer Barge Ramp"
"10845","Closest",3709517,7,"Grove Point/Arm Jetty"
"10846","Closest",3709518,40,"Titirangi Bay"
"10847","Closest",3709519,31,"Double Bay"
"10848","Closest",3709523,9,"Ngakuta Bay"
"10849","Closest",3709525,24,"Tara Bay"
"10850","Closest",3709527,11,"Punga Cove"
"10851","Closest",3709528,11,"Punga Cove"
"10852","Closest",3709532,11,"Punga Cove"
"10853","Closest",3709535,21,"Willow Bay"
"10854","Closest",3709537,22,"Broughton Bay Road"
"10855","Closest",3709538,26,"Nikau Cove Doc Camp"
"10856","Closest",3709539,27,"Sandy Bay"
"10857","Closest",3709540,13,"Hakana Bay"
"10858","Closest",3709543,9,"Ngakuta Bay"
"10859","Closest",3709544,27,"Sandy Bay"
"10860","Closest",3709546,27,"Sandy Bay"
"10861","Closest",3709548,21,"Willow Bay"
"10862","Closest",3709551,10,"Waterfall Bay"
"10863","Closest",3709553,11,"Punga Cove"
"10864","Closest",3709554,11,"Punga Cove"
"10865","Closest",3709555,24,"Tara Bay"
"10866","Closest",3709560,24,"Tara Bay"
"10867","Closest",3709561,24,"Tara Bay"
"10868","Closest",3709562,9,"Ngakuta Bay"
"10869","Closest",3709563,23,"Te Mahia"
"10870","Closest",3709564,24,"Tara Bay"
"10871","Closest",3709565,30,"St. Omer Barge Ramp"
"10872","Closest",3709567,10,"Waterfall Bay"
"10873","Closest",3709569,24,"Tara Bay"
"10874","Closest",3709571,24,"Tara Bay"
"10875","Closest",3709573,26,"Nikau Cove Doc Camp"
"10876","Closest",3709575,9,"Ngakuta Bay"
"10877","Closest",3709576,26,"Nikau Cove Doc Camp"
"10878","Closest",3709578,24,"Tara Bay"
"10879","Closest",3709579,21,"Willow Bay"
"10880","Closest",3709582,7,"Grove Point/Arm Jetty"
"10881","Closest",3709583,8,"Momorangi Bay"
"10882","Closest",3709584,24,"Tara Bay"
"10883","Closest",3709590,24,"Tara Bay"
"10884","Closest",3709592,32,"Duncan Bay"
"10885","Closest",3709593,30,"St. Omer Barge Ramp"
"10886","Closest",3709594,11,"Punga Cove"
"10887","Closest",3709595,17,"Kaiuma Bay"
"10888","Closest",3709597,32,"Duncan Bay"
"10889","Closest",3709598,17,"Kaiuma Bay"
"10890","Closest",3709601,32,"Duncan Bay"
"10891","Closest",3709603,23,"Te Mahia"
"10892","Closest",3709608,7,"Grove Point/Arm Jetty"
"10893","Closest",3709610,11,"Punga Cove"
"10894","Closest",3709612,32,"Duncan Bay"
"10895","Closest",3709613,32,"Duncan Bay"
"10896","Closest",3709614,17,"Kaiuma Bay"
"10897","Closest",3709615,32,"Duncan Bay"
"10898","Closest",3709619,17,"Kaiuma Bay"
"10899","Closest",3709623,24,"Tara Bay"
"10900","Closest",3709624,24,"Tara Bay"
"10901","Closest",3709625,21,"Willow Bay"
"10902","Closest",3709626,24,"Tara Bay"
"10903","Closest",3709629,24,"Tara Bay"
"10904","Closest",3709632,7,"Grove Point/Arm Jetty"
"10905","Closest",3709635,40,"Titirangi Bay"
"10906","Closest",3709637,40,"Titirangi Bay"
"10907","Closest",3709638,18,"Moetapu Bay Jetty"
"10908","Closest",3709641,19,"Double Bay Boat Ramp"
"10909","Closest",3709643,29,"Waitaria Bay"
"10910","Closest",3709647,30,"St. Omer Barge Ramp"
"10911","Closest",3709650,7,"Grove Point/Arm Jetty"
"10912","Closest",3709652,9,"Ngakuta Bay"
"10913","Closest",3709653,7,"Grove Point/Arm Jetty"
"10914","Closest",3709654,12,"Oyster Bay"
"10915","Closest",3709656,24,"Tara Bay"
"10916","Closest",3709657,12,"Oyster Bay"
"10917","Closest",3709663,8,"Momorangi Bay"
"10918","Closest",3709666,9,"Ngakuta Bay"
"10919","Closest",3709669,19,"Double Bay Boat Ramp"
"10920","Closest",3709670,19,"Double Bay Boat Ramp"
"10921","Closest",3709674,8,"Momorangi Bay"
"10922","Closest",3709675,7,"Grove Point/Arm Jetty"
"10923","Closest",3709676,7,"Grove Point/Arm Jetty"
"10924","Closest",3709678,7,"Grove Point/Arm Jetty"
"10925","Closest",3709679,18,"Moetapu Bay Jetty"
"10926","Closest",3709681,19,"Double Bay Boat Ramp"
"10927","Closest",3709682,7,"Grove Point/Arm Jetty"
"10928","Closest",3709693,40,"Titirangi Bay"
"10929","Closest",3709699,11,"Punga Cove"
"10930","Closest",3709701,24,"Tara Bay"
"10931","Closest",3709702,24,"Tara Bay"
"10932","Closest",3709706,7,"Grove Point/Arm Jetty"
"10933","Closest",3709707,23,"Te Mahia"
"10934","Closest",3709708,10,"Waterfall Bay"
"10935","Closest",3709710,19,"Double Bay Boat Ramp"
"10936","Closest",3709714,13,"Hakana Bay"
"10937","Closest",3709716,12,"Oyster Bay"
"10938","Closest",3709718,40,"Titirangi Bay"
"10939","Closest",3709719,9,"Ngakuta Bay"
"10940","Closest",3709720,37,"Hamilton Bay (Rocky Creek) Ramp"
"10941","Closest",3709721,30,"St. Omer Barge Ramp"
"10942","Closest",3709722,32,"Duncan Bay"
"10943","Closest",3709723,32,"Duncan Bay"
"10944","Closest",3709724,32,"Duncan Bay"
"10945","Closest",3709726,16,"Torea Bay"
"10946","Closest",3709727,31,"Double Bay"
"10947","Closest",3709732,24,"Tara Bay"
"10948","Closest",3709733,25,"Cowshed Bay"
"10949","Closest",3709737,16,"Torea Bay"
"10950","Closest",3709738,24,"Tara Bay"
"10951","Closest",3709740,7,"Grove Point/Arm Jetty"
"10952","Closest",3709741,19,"Double Bay Boat Ramp"
"10953","Closest",3709744,7,"Grove Point/Arm Jetty"
"10954","Closest",3709745,18,"Moetapu Bay Jetty"
"10955","Closest",3709746,18,"Moetapu Bay Jetty"
"10956","Closest",3709748,7,"Grove Point/Arm Jetty"
"10957","Closest",3709749,7,"Grove Point/Arm Jetty"
"10958","Closest",3709750,7,"Grove Point/Arm Jetty"
"10959","Closest",3709751,7,"Grove Point/Arm Jetty"
"10960","Closest",3709752,18,"Moetapu Bay Jetty"
"10961","Closest",3709755,7,"Grove Point/Arm Jetty"
"10962","Closest",3709759,7,"Grove Point/Arm Jetty"
"10963","Closest",3709760,15,"Portage Bay"
"10964","Closest",3709761,7,"Grove Point/Arm Jetty"
"10965","Closest",3709762,25,"Cowshed Bay"
"10966","Closest",3709764,7,"Grove Point/Arm Jetty"
"10967","Closest",3709765,7,"Grove Point/Arm Jetty"
"10968","Closest",3709767,17,"Kaiuma Bay"
"10969","Closest",3709770,17,"Kaiuma Bay"
"10970","Closest",3709771,17,"Kaiuma Bay"
"10971","Closest",3709773,11,"Punga Cove"
"10972","Closest",3709774,7,"Grove Point/Arm Jetty"
"10973","Closest",3709775,7,"Grove Point/Arm Jetty"
"10974","Closest",3709776,7,"Grove Point/Arm Jetty"
"10975","Closest",3709779,7,"Grove Point/Arm Jetty"
"10976","Closest",3709780,7,"Grove Point/Arm Jetty"
"10977","Closest",3709781,7,"Grove Point/Arm Jetty"
"10978","Closest",3709783,12,"Oyster Bay"
"10979","Closest",3709784,7,"Grove Point/Arm Jetty"
"10980","Closest",3709785,18,"Moetapu Bay Jetty"
"10981","Closest",3709786,18,"Moetapu Bay Jetty"
"10982","Closest",3709788,7,"Grove Point/Arm Jetty"
"10983","Closest",3709790,7,"Grove Point/Arm Jetty"
"10984","Closest",3709793,32,"Duncan Bay"
"10985","Closest",3709795,18,"Moetapu Bay Jetty"
"10986","Closest",3709796,7,"Grove Point/Arm Jetty"
"10987","Closest",3709797,31,"Double Bay"
"10988","Closest",3709798,18,"Moetapu Bay Jetty"
"10989","Closest",3709801,7,"Grove Point/Arm Jetty"
"10990","Closest",3709803,18,"Moetapu Bay Jetty"
"10991","Closest",3709806,10,"Waterfall Bay"
"10992","Closest",3709807,6,"Anakiwa"
"10993","Closest",3709808,10,"Waterfall Bay"
"10994","Closest",3709809,16,"Torea Bay"
"10995","Closest",3709811,21,"Willow Bay"
"10996","Closest",3709812,24,"Tara Bay"
"10997","Closest",3709813,24,"Tara Bay"
"10998","Closest",3709814,30,"St. Omer Barge Ramp"
"10999","Closest",3709817,10,"Waterfall Bay"
"11000","Closest",3709818,10,"Waterfall Bay"
"11001","Closest",3709820,11,"Punga Cove"
"11002","Closest",3709821,17,"Kaiuma Bay"
"11003","Closest",3709822,30,"St. Omer Barge Ramp"
"11004","Closest",3709823,11,"Punga Cove"
"11005","Closest",3709826,10,"Waterfall Bay"
"11006","Closest",3709828,27,"Sandy Bay"
"11007","Closest",3709830,17,"Kaiuma Bay"
"11008","Closest",3709831,24,"Tara Bay"
"11009","Closest",3709833,29,"Waitaria Bay"
"11010","Closest",3709834,6,"Anakiwa"
"11011","Closest",3709835,6,"Anakiwa"
"11012","Closest",3709836,10,"Waterfall Bay"
"11013","Closest",3709838,6,"Anakiwa"
"11014","Closest",3709840,6,"Anakiwa"
"11015","Closest",3709842,18,"Moetapu Bay Jetty"
"11016","Closest",3709844,21,"Willow Bay"
"11017","Closest",3709849,7,"Grove Point/Arm Jetty"
"11018","Closest",3709860,30,"St. Omer Barge Ramp"
"11019","Closest",3709863,30,"St. Omer Barge Ramp"
"11020","Closest",3709865,13,"Hakana Bay"
"11021","Closest",3709870,12,"Oyster Bay"
"11022","Closest",3709878,12,"Oyster Bay"
"11023","Closest",3709879,31,"Double Bay"
"11024","Closest",3709880,30,"St. Omer Barge Ramp"
"11025","Closest",3709882,11,"Punga Cove"
"11026","Closest",3709883,13,"Hakana Bay"
"11027","Closest",3709884,30,"St. Omer Barge Ramp"
"11028","Closest",3709888,11,"Punga Cove"
"11029","Closest",3709889,11,"Punga Cove"
"11030","Closest",3709892,27,"Sandy Bay"
"11031","Closest",3709897,6,"Anakiwa"
"11032","Closest",3709898,7,"Grove Point/Arm Jetty"
"11033","Closest",3709899,6,"Anakiwa"
"11034","Closest",3709900,6,"Anakiwa"
"11035","Closest",3709905,9,"Ngakuta Bay"
"11036","Closest",3709906,11,"Punga Cove"
"11037","Closest",3709908,12,"Oyster Bay"
"11038","Closest",3709910,13,"Hakana Bay"
"11039","Closest",3709913,27,"Sandy Bay"
"11040","Closest",3709915,11,"Punga Cove"
"11041","Closest",3709918,13,"Hakana Bay"
"11042","Closest",3709921,11,"Punga Cove"
"11043","Closest",3709923,6,"Anakiwa"
"11044","Closest",3709926,16,"Torea Bay"
"11045","Closest",3709927,26,"Nikau Cove Doc Camp"
"11046","Closest",3709928,11,"Punga Cove"
"11047","Closest",3709929,20,"Ohingaroa Bay"
"11048","Closest",3709931,21,"Willow Bay"
"11049","Closest",3709932,27,"Sandy Bay"
"11050","Closest",3709935,27,"Sandy Bay"
"11051","Closest",3709937,11,"Punga Cove"
"11052","Closest",3709938,27,"Sandy Bay"
"11053","Closest",3709940,27,"Sandy Bay"
"11054","Closest",3709943,12,"Oyster Bay"
"11055","Closest",3709944,27,"Sandy Bay"
"11056","Closest",3709945,16,"Torea Bay"
"11057","Closest",3709946,27,"Sandy Bay"
"11058","Closest",3709947,27,"Sandy Bay"
"11059","Closest",3709950,29,"Waitaria Bay"
"11060","Closest",3709952,11,"Punga Cove"
"11061","Closest",3709955,13,"Hakana Bay"
"11062","Closest",3709957,11,"Punga Cove"
"11063","Closest",3709958,12,"Oyster Bay"
"11064","Closest",3709959,15,"Portage Bay"
"11065","Closest",3709961,11,"Punga Cove"
"11066","Closest",3709962,9,"Ngakuta Bay"
"11067","Closest",3709963,11,"Punga Cove"
"11068","Closest",3709964,26,"Nikau Cove Doc Camp"
"11069","Closest",3709969,25,"Cowshed Bay"
"11070","Closest",3709970,27,"Sandy Bay"
"11071","Closest",3709971,27,"Sandy Bay"
"11072","Closest",3709972,27,"Sandy Bay"
"11073","Closest",3709973,27,"Sandy Bay"
"11074","Closest",3709975,27,"Sandy Bay"
"11075","Closest",3709977,13,"Hakana Bay"
"11076","Closest",3709983,11,"Punga Cove"
"11077","Closest",3709985,11,"Punga Cove"
"11078","Closest",3709988,7,"Grove Point/Arm Jetty"
"11079","Closest",3709989,11,"Punga Cove"
"11080","Closest",3709993,9,"Ngakuta Bay"
"11081","Closest",3709994,12,"Oyster Bay"
"11082","Closest",3709996,11,"Punga Cove"
"11083","Closest",3710001,27,"Sandy Bay"
"11084","Closest",3710003,30,"St. Omer Barge Ramp"
"11085","Closest",3710004,29,"Waitaria Bay"
"11086","Closest",3710005,23,"Te Mahia"
"11087","Closest",3710006,21,"Willow Bay"
"11088","Closest",3710009,11,"Punga Cove"
"11089","Closest",3710014,29,"Waitaria Bay"
"11090","Closest",3710015,27,"Sandy Bay"
"11091","Closest",3710019,27,"Sandy Bay"
"11092","Closest",3710020,27,"Sandy Bay"
"11093","Closest",3710022,27,"Sandy Bay"
"11094","Closest",3710026,25,"Cowshed Bay"
"11095","Closest",3710027,11,"Punga Cove"
"11096","Closest",3710028,15,"Portage Bay"
"11097","Closest",3710034,24,"Tara Bay"
"11098","Closest",3710035,30,"St. Omer Barge Ramp"
"11099","Closest",3710041,32,"Duncan Bay"
"11100","Closest",3710043,30,"St. Omer Barge Ramp"
"11101","Closest",3710045,30,"St. Omer Barge Ramp"
"11102","Closest",3710047,10,"Waterfall Bay"
"11103","Closest",3710048,27,"Sandy Bay"
"11104","Closest",3710052,21,"Willow Bay"
"11105","Closest",3710053,9,"Ngakuta Bay"
"11106","Closest",3710062,27,"Sandy Bay"
"11107","Closest",3710067,12,"Oyster Bay"
"11108","Closest",3710071,7,"Grove Point/Arm Jetty"
"11109","Closest",3710079,9,"Ngakuta Bay"
"11110","Closest",3710083,12,"Oyster Bay"
"11111","Closest",3710084,13,"Hakana Bay"
"11112","Closest",3710085,27,"Sandy Bay"
"11113","Closest",3710086,30,"St. Omer Barge Ramp"
"11114","Closest",3710087,12,"Oyster Bay"
"11115","Closest",3710091,18,"Moetapu Bay Jetty"
"11116","Closest",3710092,27,"Sandy Bay"
"11117","Closest",3710093,11,"Punga Cove"
"11118","Closest",3710094,11,"Punga Cove"
"11119","Closest",3710096,27,"Sandy Bay"
"11120","Closest",3710097,30,"St. Omer Barge Ramp"
"11121","Closest",3710098,29,"Waitaria Bay"
"11122","Closest",3710100,11,"Punga Cove"
"11123","Closest",3710104,27,"Sandy Bay"
"11124","Closest",3710105,11,"Punga Cove"
"11125","Closest",3710107,13,"Hakana Bay"
"11126","Closest",3710110,16,"Torea Bay"
"11127","Closest",3710111,16,"Torea Bay"
"11128","Closest",3710112,16,"Torea Bay"
"11129","Closest",3710113,16,"Torea Bay"
"11130","Closest",3710116,16,"Torea Bay"
"11131","Closest",3710117,6,"Anakiwa"
"11132","Closest",3710119,11,"Punga Cove"
"11133","Closest",3710120,27,"Sandy Bay"
"11134","Closest",3710121,27,"Sandy Bay"
"11135","Closest",3710122,15,"Portage Bay"
"11136","Closest",3710124,27,"Sandy Bay"
"11137","Closest",3710125,7,"Grove Point/Arm Jetty"
"11138","Closest",3710127,27,"Sandy Bay"
"11139","Closest",3710128,30,"St. Omer Barge Ramp"
"11140","Closest",3710129,18,"Moetapu Bay Jetty"
"11141","Closest",3710131,29,"Waitaria Bay"
"11142","Closest",3710132,30,"St. Omer Barge Ramp"
"11143","Closest",3710133,17,"Kaiuma Bay"
"11144","Closest",3710136,11,"Punga Cove"
"11145","Closest",3710137,11,"Punga Cove"
"11146","Closest",3710142,30,"St. Omer Barge Ramp"
"11147","Closest",3710145,17,"Kaiuma Bay"
"11148","Closest",3710148,14,"Elaine Bay"
"11149","Closest",3710150,11,"Punga Cove"
"11150","Closest",3710151,27,"Sandy Bay"
"11151","Closest",3710152,27,"Sandy Bay"
"11152","Closest",3710155,11,"Punga Cove"
"11153","Closest",3710157,18,"Moetapu Bay Jetty"
"11154","Closest",3710160,24,"Tara Bay"
"11155","Closest",3710162,12,"Oyster Bay"
"11156","Closest",3710165,12,"Oyster Bay"
"11157","Closest",3710167,30,"St. Omer Barge Ramp"
"11158","Closest",3710169,6,"Anakiwa"
"11159","Closest",3710170,21,"Willow Bay"
"11160","Closest",3710174,13,"Hakana Bay"
"11161","Closest",3710176,30,"St. Omer Barge Ramp"
"11162","Closest",3710180,12,"Oyster Bay"
"11163","Closest",3710181,26,"Nikau Cove Doc Camp"
"11164","Closest",3710187,9,"Ngakuta Bay"
"11165","Closest",3710219,12,"Oyster Bay"
"11166","Closest",3710220,23,"Te Mahia"
"11167","Closest",3710225,24,"Tara Bay"
"11168","Closest",3710231,24,"Tara Bay"
"11169","Closest",3710232,13,"Hakana Bay"
"11170","Closest",3710233,18,"Moetapu Bay Jetty"
"11171","Closest",3710234,12,"Oyster Bay"
"11172","Closest",3710235,18,"Moetapu Bay Jetty"
"11173","Closest",3710236,18,"Moetapu Bay Jetty"
"11174","Closest",3710237,9,"Ngakuta Bay"
"11175","Closest",3710244,33,"Penzance Bay"
"11176","Closest",3710247,9,"Ngakuta Bay"
"11177","Closest",3710248,12,"Oyster Bay"
"11178","Closest",3710249,13,"Hakana Bay"
"11179","Closest",3710251,27,"Sandy Bay"
"11180","Closest",3710252,27,"Sandy Bay"
"11181","Closest",3710253,27,"Sandy Bay"
"11182","Closest",3710254,12,"Oyster Bay"
"11183","Closest",3710259,12,"Oyster Bay"
"11184","Closest",3710261,24,"Tara Bay"
"11185","Closest",3710262,13,"Hakana Bay"
"11186","Closest",3710263,9,"Ngakuta Bay"
"11187","Closest",3710266,11,"Punga Cove"
"11188","Closest",3710267,12,"Oyster Bay"
"11189","Closest",3710271,25,"Cowshed Bay"
"11190","Closest",3710272,9,"Ngakuta Bay"
"11191","Closest",3710273,24,"Tara Bay"
"11192","Closest",3710278,12,"Oyster Bay"
"11193","Closest",3710280,32,"Duncan Bay"
"11194","Closest",3710284,33,"Penzance Bay"
"11195","Closest",3710287,33,"Penzance Bay"
"11196","Closest",3710289,9,"Ngakuta Bay"
"11197","Closest",3710291,11,"Punga Cove"
"11198","Closest",3710295,11,"Punga Cove"
"11199","Closest",3710304,23,"Te Mahia"
"11200","Closest",3710305,13,"Hakana Bay"
"11201","Closest",3710307,11,"Punga Cove"
"11202","Closest",3710308,40,"Titirangi Bay"
"11203","Closest",3710315,9,"Ngakuta Bay"
"11204","Closest",3710316,9,"Ngakuta Bay"
"11205","Closest",3710317,13,"Hakana Bay"
"11206","Closest",3710318,12,"Oyster Bay"
"11207","Closest",3710320,12,"Oyster Bay"
"11208","Closest",3710345,11,"Punga Cove"
"11209","Closest",3710346,11,"Punga Cove"
"11210","Closest",3710353,17,"Kaiuma Bay"
"11211","Closest",3710354,25,"Cowshed Bay"
"11212","Closest",3710356,7,"Grove Point/Arm Jetty"
"11213","Closest",3710357,7,"Grove Point/Arm Jetty"
"11214","Closest",3710360,7,"Grove Point/Arm Jetty"
"11215","Closest",3710365,7,"Grove Point/Arm Jetty"
"11216","Closest",3710366,17,"Kaiuma Bay"
"11217","Closest",3710369,17,"Kaiuma Bay"
"11218","Closest",3710370,7,"Grove Point/Arm Jetty"
"11219","Closest",3710371,12,"Oyster Bay"
"11220","Closest",3710374,7,"Grove Point/Arm Jetty"
"11221","Closest",3710378,7,"Grove Point/Arm Jetty"
"11222","Closest",3710382,7,"Grove Point/Arm Jetty"
"11223","Closest",3710383,7,"Grove Point/Arm Jetty"
"11224","Closest",3710384,7,"Grove Point/Arm Jetty"
"11225","Closest",3710385,7,"Grove Point/Arm Jetty"
"11226","Closest",3710386,7,"Grove Point/Arm Jetty"
"11227","Closest",3710387,7,"Grove Point/Arm Jetty"
"11228","Closest",3710425,9,"Ngakuta Bay"
"11229","Closest",3710437,13,"Hakana Bay"
"11230","Closest",3710441,13,"Hakana Bay"
"11231","Closest",3710442,11,"Punga Cove"
"11232","Closest",3710445,12,"Oyster Bay"
"11233","Closest",3710456,9,"Ngakuta Bay"
"11234","Closest",3710495,11,"Punga Cove"
"11235","Closest",3710501,9,"Ngakuta Bay"
"11236","Closest",3710503,33,"Penzance Bay"
"11237","Closest",3710516,9,"Ngakuta Bay"
"11238","Closest",3710521,9,"Ngakuta Bay"
"11239","Closest",3710523,9,"Ngakuta Bay"
"11240","Closest",3710526,7,"Grove Point/Arm Jetty"
"11241","Closest",3710527,7,"Grove Point/Arm Jetty"
"11242","Closest",3710531,7,"Grove Point/Arm Jetty"
"11243","Closest",3710537,7,"Grove Point/Arm Jetty"
"11244","Closest",3710542,9,"Ngakuta Bay"
"11245","Closest",3710571,27,"Sandy Bay"
"11246","Closest",3710579,7,"Grove Point/Arm Jetty"
"11247","Closest",3710580,7,"Grove Point/Arm Jetty"
"11248","Closest",3710592,7,"Grove Point/Arm Jetty"
"11249","Closest",3710593,11,"Punga Cove"
"11250","Closest",3710643,15,"Portage Bay"
"11251","Closest",3710645,11,"Punga Cove"
"11252","Closest",3710646,11,"Punga Cove"
"11253","Closest",3710663,9,"Ngakuta Bay"
"11254","Closest",3710667,9,"Ngakuta Bay"
"11255","Closest",3710668,9,"Ngakuta Bay"
"11256","Closest",3710682,12,"Oyster Bay"
"11257","Closest",3710684,7,"Grove Point/Arm Jetty"
"11258","Closest",3710688,12,"Oyster Bay"
"11259","Closest",3710691,18,"Moetapu Bay Jetty"
"11260","Closest",3710692,9,"Ngakuta Bay"
"11261","Closest",3710694,33,"Penzance Bay"
"11262","Closest",3710700,41,"Okiwi Bay"
"11263","Closest",3710708,41,"Okiwi Bay"
"11264","Closest",3710717,9,"Ngakuta Bay"
"11265","Closest",3710721,15,"Portage Bay"
"11266","Closest",3710723,9,"Ngakuta Bay"
"11267","Closest",3710729,13,"Hakana Bay"
"11268","Closest",3710734,11,"Punga Cove"
"11269","Closest",3710735,11,"Punga Cove"
"11270","Closest",3710738,11,"Punga Cove"
"11271","Closest",3710747,40,"Titirangi Bay"
"11272","Closest",3710751,21,"Willow Bay"
"11273","Closest",3710753,32,"Duncan Bay"
"11274","Closest",3710759,13,"Hakana Bay"
"11275","Closest",3710760,9,"Ngakuta Bay"
"11276","Closest",3710761,12,"Oyster Bay"
"11277","Closest",3710763,6,"Anakiwa"
"11278","Closest",3710765,24,"Tara Bay"
"11279","Closest",3710766,6,"Anakiwa"
"11280","Closest",3710767,6,"Anakiwa"
"11281","Closest",3710768,6,"Anakiwa"
"11282","Closest",3710769,6,"Anakiwa"
"11283","Closest",3710770,6,"Anakiwa"
"11284","Closest",3710771,6,"Anakiwa"
"11285","Closest",3710772,6,"Anakiwa"
"11286","Closest",3710773,9,"Ngakuta Bay"
"11287","Closest",3710775,6,"Anakiwa"
"11288","Closest",3710779,6,"Anakiwa"
"11289","Closest",3710782,7,"Grove Point/Arm Jetty"
"11290","Closest",3710785,6,"Anakiwa"
"11291","Closest",3710786,6,"Anakiwa"
"11292","Closest",3710788,6,"Anakiwa"
"11293","Closest",3710793,9,"Ngakuta Bay"
"11294","Closest",3710826,9,"Ngakuta Bay"
"11295","Closest",3710838,9,"Ngakuta Bay"
"11296","Closest",3710866,7,"Grove Point/Arm Jetty"
"11297","Closest",3710872,11,"Punga Cove"
"11298","Closest",3710890,11,"Punga Cove"
"11299","Closest",3710891,9,"Ngakuta Bay"
"11300","Closest",3710895,7,"Grove Point/Arm Jetty"
"11301","Closest",3710931,12,"Oyster Bay"
"11302","Closest",3710937,32,"Duncan Bay"
"11303","Closest",3710939,13,"Hakana Bay"
"11304","Closest",3710941,12,"Oyster Bay"
"11305","Closest",3710945,9,"Ngakuta Bay"
"11306","Closest",3710951,15,"Portage Bay"
"11307","Closest",3710952,12,"Oyster Bay"
"11308","Closest",3710965,18,"Moetapu Bay Jetty"
"11309","Closest",3710983,11,"Punga Cove"
"11310","Closest",3710996,7,"Grove Point/Arm Jetty"
"11311","Closest",3711040,9,"Ngakuta Bay"
"11312","Closest",3711073,9,"Ngakuta Bay"
"11313","Closest",3711089,12,"Oyster Bay"
"11314","Closest",3711115,9,"Ngakuta Bay"
"11315","Closest",3711116,9,"Ngakuta Bay"
"11316","Closest",3711126,9,"Ngakuta Bay"
"11317","Closest",3711137,12,"Oyster Bay"
"11318","Closest",3711141,9,"Ngakuta Bay"
"11319","Closest",3711145,7,"Grove Point/Arm Jetty"
"11320","Closest",3711146,11,"Punga Cove"
"11321","Closest",3711150,9,"Ngakuta Bay"
"11322","Closest",3711162,7,"Grove Point/Arm Jetty"
"11323","Closest",3711170,11,"Punga Cove"
"11324","Closest",3711171,13,"Hakana Bay"
"11325","Closest",3711172,24,"Tara Bay"
"11326","Closest",3711173,24,"Tara Bay"
"11327","Closest",3711177,9,"Ngakuta Bay"
"11328","Closest",3711188,12,"Oyster Bay"
"11329","Closest",3711211,9,"Ngakuta Bay"
"11330","Closest",3711273,7,"Grove Point/Arm Jetty"
"11331","Closest",3711280,12,"Oyster Bay"
"11332","Closest",3711301,9,"Ngakuta Bay"
"11333","Closest",3711347,11,"Punga Cove"
"11334","Closest",3711363,7,"Grove Point/Arm Jetty"
"11335","Closest",3711366,33,"Penzance Bay"
"11336","Closest",3711388,9,"Ngakuta Bay"
"11337","Closest",3711390,9,"Ngakuta Bay"
"11338","Closest",3711392,9,"Ngakuta Bay"
"11339","Closest",3711393,7,"Grove Point/Arm Jetty"
"11340","Closest",3711397,9,"Ngakuta Bay"
"11341","Closest",3711400,9,"Ngakuta Bay"
"11342","Closest",3711404,9,"Ngakuta Bay"
"11343","Closest",3711405,7,"Grove Point/Arm Jetty"
"11344","Closest",3711409,7,"Grove Point/Arm Jetty"
"11345","Closest",3711415,9,"Ngakuta Bay"
"11346","Closest",3711424,10,"Waterfall Bay"
"11347","Closest",3711429,7,"Grove Point/Arm Jetty"
"11348","Closest",3711448,9,"Ngakuta Bay"
"11349","Closest",3711452,9,"Ngakuta Bay"
"11350","Closest",3711454,7,"Grove Point/Arm Jetty"
"11351","Closest",3711455,9,"Ngakuta Bay"
"11352","Closest",3711458,12,"Oyster Bay"
"11353","Closest",3711459,9,"Ngakuta Bay"
"11354","Closest",3711463,7,"Grove Point/Arm Jetty"
"11355","Closest",3711464,9,"Ngakuta Bay"
"11356","Closest",3711465,9,"Ngakuta Bay"
"11357","Closest",3711467,9,"Ngakuta Bay"
"11358","Closest",3711469,7,"Grove Point/Arm Jetty"
"11359","Closest",3711477,12,"Oyster Bay"
"11360","Closest",3711482,12,"Oyster Bay"
"11361","Closest",3711486,9,"Ngakuta Bay"
"11362","Closest",3711499,27,"Sandy Bay"
"11363","Closest",3711508,7,"Grove Point/Arm Jetty"
"11364","Closest",3711519,7,"Grove Point/Arm Jetty"
"11365","Closest",3711524,20,"Ohingaroa Bay"
"11366","Closest",3711525,11,"Punga Cove"
"11367","Closest",3711526,12,"Oyster Bay"
"11368","Closest",3711527,12,"Oyster Bay"
"11369","Closest",3711529,12,"Oyster Bay"
"11370","Closest",3711531,11,"Punga Cove"
"11371","Closest",3711532,21,"Willow Bay"
"11372","Closest",3711533,11,"Punga Cove"
"11373","Closest",3711536,13,"Hakana Bay"
"11374","Closest",3711537,11,"Punga Cove"
"11375","Closest",3711538,11,"Punga Cove"
"11376","Closest",3711540,26,"Nikau Cove Doc Camp"
"11377","Closest",3711541,9,"Ngakuta Bay"
"11378","Closest",3711543,7,"Grove Point/Arm Jetty"
"11379","Closest",3711549,7,"Grove Point/Arm Jetty"
"11380","Closest",3711550,9,"Ngakuta Bay"
"11381","Closest",3711552,9,"Ngakuta Bay"
"11382","Closest",3711554,32,"Duncan Bay"
"11383","Closest",3711563,20,"Ohingaroa Bay"
"11384","Closest",3711564,27,"Sandy Bay"
"11385","Closest",3711565,21,"Willow Bay"
"11386","Closest",3711576,7,"Grove Point/Arm Jetty"
"11387","Closest",3711577,7,"Grove Point/Arm Jetty"
"11388","Closest",3711581,32,"Duncan Bay"
"11389","Closest",3711599,27,"Sandy Bay"
"11390","Closest",3711606,12,"Oyster Bay"
"11391","Closest",3711608,12,"Oyster Bay"
"11392","Closest",3711613,7,"Grove Point/Arm Jetty"
"11393","Closest",3711622,7,"Grove Point/Arm Jetty"
"11394","Closest",3711630,12,"Oyster Bay"
"11395","Closest",3711631,9,"Ngakuta Bay"
"11396","Closest",3711638,7,"Grove Point/Arm Jetty"
"11397","Closest",3711644,31,"Double Bay"
"11398","Closest",3711658,9,"Ngakuta Bay"
"11399","Closest",3711676,9,"Ngakuta Bay"
"11400","Closest",3711679,9,"Ngakuta Bay"
"11401","Closest",3711683,7,"Grove Point/Arm Jetty"
"11402","Closest",3711695,18,"Moetapu Bay Jetty"
"11403","Closest",3711697,7,"Grove Point/Arm Jetty"
"11404","Closest",3711723,12,"Oyster Bay"
"11405","Closest",3711725,7,"Grove Point/Arm Jetty"
"11406","Closest",3711727,9,"Ngakuta Bay"
"11407","Closest",3711755,9,"Ngakuta Bay"
"11408","Closest",3711762,9,"Ngakuta Bay"
"11409","Closest",3711785,9,"Ngakuta Bay"
"11410","Closest",3711789,27,"Sandy Bay"
"11411","Closest",3711790,12,"Oyster Bay"
"11412","Closest",3711814,13,"Hakana Bay"
"11413","Closest",3711826,9,"Ngakuta Bay"
"11414","Closest",3711831,9,"Ngakuta Bay"
"11415","Closest",3711834,12,"Oyster Bay"
"11416","Closest",3711839,18,"Moetapu Bay Jetty"
"11417","Closest",3711845,7,"Grove Point/Arm Jetty"
"11418","Closest",3711857,13,"Hakana Bay"
"11419","Closest",3711858,7,"Grove Point/Arm Jetty"
"11420","Closest",3711861,9,"Ngakuta Bay"
"11421","Closest",3711869,17,"Kaiuma Bay"
"11422","Closest",3711870,17,"Kaiuma Bay"
"11423","Closest",3711912,9,"Ngakuta Bay"
"11424","Closest",3711939,9,"Ngakuta Bay"
"11425","Closest",3711942,7,"Grove Point/Arm Jetty"
"11426","Closest",3711959,9,"Ngakuta Bay"
"11427","Closest",3711969,26,"Nikau Cove Doc Camp"
"11428","Closest",3712001,9,"Ngakuta Bay"
"11429","Closest",3712005,32,"Duncan Bay"
"11430","Closest",3712014,31,"Double Bay"
"11431","Closest",3712015,30,"St. Omer Barge Ramp"
"11432","Closest",3712062,7,"Grove Point/Arm Jetty"
"11433","Closest",3712065,12,"Oyster Bay"
"11434","Closest",3712067,12,"Oyster Bay"
"11435","Closest",3712068,12,"Oyster Bay"
"11436","Closest",3712069,12,"Oyster Bay"
"11437","Closest",3712071,12,"Oyster Bay"
"11438","Closest",3712076,22,"Broughton Bay Road"
"11439","Closest",3712081,7,"Grove Point/Arm Jetty"
"11440","Closest",3712082,9,"Ngakuta Bay"
"11441","Closest",3712083,12,"Oyster Bay"
"11442","Closest",3712084,9,"Ngakuta Bay"
"11443","Closest",3712096,12,"Oyster Bay"
"11444","Closest",3712098,12,"Oyster Bay"
"11445","Closest",3712102,9,"Ngakuta Bay"
"11446","Closest",3712107,9,"Ngakuta Bay"
"11447","Closest",3712108,21,"Willow Bay"
"11448","Closest",3712115,9,"Ngakuta Bay"
"11449","Closest",3712125,7,"Grove Point/Arm Jetty"
"11450","Closest",3712127,7,"Grove Point/Arm Jetty"
"11451","Closest",3712130,7,"Grove Point/Arm Jetty"
"11452","Closest",3712138,9,"Ngakuta Bay"
"11453","Closest",3712142,7,"Grove Point/Arm Jetty"
"11454","Closest",3712145,24,"Tara Bay"
"11455","Closest",3712146,9,"Ngakuta Bay"
"11456","Closest",3712157,9,"Ngakuta Bay"
"11457","Closest",3712160,7,"Grove Point/Arm Jetty"
"11458","Closest",3712165,30,"St. Omer Barge Ramp"
"11459","Closest",3712167,9,"Ngakuta Bay"
"11460","Closest",3712171,9,"Ngakuta Bay"
"11461","Closest",3712173,12,"Oyster Bay"
"11462","Closest",3712186,9,"Ngakuta Bay"
"11463","Closest",3712189,9,"Ngakuta Bay"
"11464","Closest",3712191,9,"Ngakuta Bay"
"11465","Closest",3712195,9,"Ngakuta Bay"
"11466","Closest",3712199,9,"Ngakuta Bay"
"11467","Closest",3712200,9,"Ngakuta Bay"
"11468","Closest",3712201,9,"Ngakuta Bay"
"11469","Closest",3712202,9,"Ngakuta Bay"
"11470","Closest",3712210,9,"Ngakuta Bay"
"11471","Closest",3712213,9,"Ngakuta Bay"
"11472","Closest",3712214,9,"Ngakuta Bay"
"11473","Closest",3712216,9,"Ngakuta Bay"
"11474","Closest",3712218,9,"Ngakuta Bay"
"11475","Closest",3712219,9,"Ngakuta Bay"
"11476","Closest",3712220,9,"Ngakuta Bay"
"11477","Closest",3712221,9,"Ngakuta Bay"
"11478","Closest",3712222,9,"Ngakuta Bay"
"11479","Closest",3712223,29,"Waitaria Bay"
"11480","Closest",3712224,11,"Punga Cove"
"11481","Closest",3712232,7,"Grove Point/Arm Jetty"
"11482","Closest",3712245,13,"Hakana Bay"
"11483","Closest",3712247,9,"Ngakuta Bay"
"11484","Closest",3712256,9,"Ngakuta Bay"
"11485","Closest",3712258,13,"Hakana Bay"
"11486","Closest",3712268,9,"Ngakuta Bay"
"11487","Closest",3712269,33,"Penzance Bay"
"11488","Closest",3712278,9,"Ngakuta Bay"
"11489","Closest",3712279,9,"Ngakuta Bay"
"11490","Closest",3712280,9,"Ngakuta Bay"
"11491","Closest",3712292,21,"Willow Bay"
"11492","Closest",3712303,20,"Ohingaroa Bay"
"11493","Closest",3712309,9,"Ngakuta Bay"
"11494","Closest",3712311,9,"Ngakuta Bay"
"11495","Closest",3712315,9,"Ngakuta Bay"
"11496","Closest",3712320,9,"Ngakuta Bay"
"11497","Closest",3712325,9,"Ngakuta Bay"
"11498","Closest",3712332,9,"Ngakuta Bay"
"11499","Closest",3712335,9,"Ngakuta Bay"
"11500","Closest",3712338,9,"Ngakuta Bay"
"11501","Closest",3712339,9,"Ngakuta Bay"
"11502","Closest",3712340,9,"Ngakuta Bay"
"11503","Closest",3712342,9,"Ngakuta Bay"
"11504","Closest",3712344,7,"Grove Point/Arm Jetty"
"11505","Closest",3712348,7,"Grove Point/Arm Jetty"
"11506","Closest",3712350,7,"Grove Point/Arm Jetty"
"11507","Closest",3712351,7,"Grove Point/Arm Jetty"
"11508","Closest",3712362,9,"Ngakuta Bay"
"11509","Closest",3712364,9,"Ngakuta Bay"
"11510","Closest",3712374,9,"Ngakuta Bay"
"11511","Closest",3712379,9,"Ngakuta Bay"
"11512","Closest",3712382,9,"Ngakuta Bay"
"11513","Closest",3712383,12,"Oyster Bay"
"11514","Closest",3712384,9,"Ngakuta Bay"
"11515","Closest",3712395,6,"Anakiwa"
"11516","Closest",3712401,7,"Grove Point/Arm Jetty"
"11517","Closest",3712403,7,"Grove Point/Arm Jetty"
"11518","Closest",3712409,9,"Ngakuta Bay"
"11519","Closest",3712410,9,"Ngakuta Bay"
"11520","Closest",3712412,9,"Ngakuta Bay"
"11521","Closest",3712415,9,"Ngakuta Bay"
"11522","Closest",3712431,7,"Grove Point/Arm Jetty"
"11523","Closest",3712440,7,"Grove Point/Arm Jetty"
"11524","Closest",3712445,40,"Titirangi Bay"
"11525","Closest",3712449,7,"Grove Point/Arm Jetty"
"11526","Closest",3712450,7,"Grove Point/Arm Jetty"
"11527","Closest",3712452,12,"Oyster Bay"
"11528","Closest",3712457,20,"Ohingaroa Bay"
"11529","Closest",3712462,29,"Waitaria Bay"
"11530","Closest",3712466,11,"Punga Cove"
"11531","Closest",3712467,13,"Hakana Bay"
"11532","Closest",3712471,30,"St. Omer Barge Ramp"
"11533","Closest",3712473,9,"Ngakuta Bay"
"11534","Closest",3712474,13,"Hakana Bay"
"11535","Closest",3712479,32,"Duncan Bay"
"11536","Closest",3712480,9,"Ngakuta Bay"
"11537","Closest",3712481,9,"Ngakuta Bay"
"11538","Closest",3712483,13,"Hakana Bay"
"11539","Closest",3712485,9,"Ngakuta Bay"
"11540","Closest",3712486,9,"Ngakuta Bay"
"11541","Closest",3712489,9,"Ngakuta Bay"
"11542","Closest",3712491,12,"Oyster Bay"
"11543","Closest",3712497,11,"Punga Cove"
"11544","Closest",3712498,32,"Duncan Bay"
"11545","Closest",3712499,9,"Ngakuta Bay"
"11546","Closest",3712500,20,"Ohingaroa Bay"
"11547","Closest",3712503,12,"Oyster Bay"
"11548","Closest",3712512,9,"Ngakuta Bay"
"11549","Closest",3712515,9,"Ngakuta Bay"
"11550","Closest",3712524,32,"Duncan Bay"
"11551","Closest",3712526,27,"Sandy Bay"
"11552","Closest",3712528,20,"Ohingaroa Bay"
"11553","Closest",3712529,21,"Willow Bay"
"11554","Closest",3712530,21,"Willow Bay"
"11555","Closest",3712534,9,"Ngakuta Bay"
"11556","Closest",3712535,7,"Grove Point/Arm Jetty"
"11557","Closest",3712537,27,"Sandy Bay"
"11558","Closest",3712541,9,"Ngakuta Bay"
"11559","Closest",3712543,31,"Double Bay"
"11560","Closest",3712544,8,"Momorangi Bay"
"11561","Closest",3712545,30,"St. Omer Barge Ramp"
"11562","Closest",3712551,7,"Grove Point/Arm Jetty"
"11563","Closest",3712557,13,"Hakana Bay"
"11564","Closest",3712559,30,"St. Omer Barge Ramp"
"11565","Closest",3712562,7,"Grove Point/Arm Jetty"
"11566","Closest",3712568,13,"Hakana Bay"
"11567","Closest",3712573,11,"Punga Cove"
"11568","Closest",3712575,13,"Hakana Bay"
"11569","Closest",3712582,6,"Anakiwa"
"11570","Closest",3712584,11,"Punga Cove"
"11571","Closest",3712585,24,"Tara Bay"
"11572","Closest",3712588,9,"Ngakuta Bay"
"11573","Closest",3712589,9,"Ngakuta Bay"
"11574","Closest",3712590,19,"Double Bay Boat Ramp"
"11575","Closest",3712591,11,"Punga Cove"
"11576","Closest",3712592,11,"Punga Cove"
"11577","Closest",3712596,30,"St. Omer Barge Ramp"
"11578","Closest",3712597,13,"Hakana Bay"
"11579","Closest",3712599,12,"Oyster Bay"
"11580","Closest",3712600,12,"Oyster Bay"
"11581","Closest",3712601,21,"Willow Bay"
"11582","Closest",3712603,20,"Ohingaroa Bay"
"11583","Closest",3712604,27,"Sandy Bay"
"11584","Closest",3712607,27,"Sandy Bay"
"11585","Closest",3712611,11,"Punga Cove"
"11586","Closest",3712612,9,"Ngakuta Bay"
"11587","Closest",3712613,13,"Hakana Bay"
"11588","Closest",3712614,13,"Hakana Bay"
"11589","Closest",3712615,33,"Penzance Bay"
"11590","Closest",3712617,19,"Double Bay Boat Ramp"
"11591","Closest",3712619,9,"Ngakuta Bay"
"11592","Closest",3712622,30,"St. Omer Barge Ramp"
"11593","Closest",3712633,12,"Oyster Bay"
"11594","Closest",3712653,7,"Grove Point/Arm Jetty"
"11595","Closest",3712667,40,"Titirangi Bay"
"11596","Closest",3712669,11,"Punga Cove"
"11597","Closest",3712671,11,"Punga Cove"
"11598","Closest",3712672,11,"Punga Cove"
"11599","Closest",3712678,7,"Grove Point/Arm Jetty"
"11600","Closest",3712679,7,"Grove Point/Arm Jetty"
"11601","Closest",3712680,6,"Anakiwa"
"11602","Closest",3712681,6,"Anakiwa"
"11603","Closest",3712682,11,"Punga Cove"
"11604","Closest",3712683,27,"Sandy Bay"
"11605","Closest",3712684,24,"Tara Bay"
"11606","Closest",3712685,22,"Broughton Bay Road"
"11607","Closest",3712689,9,"Ngakuta Bay"
"11608","Closest",3712699,9,"Ngakuta Bay"
"11609","Closest",3712708,9,"Ngakuta Bay"
"11610","Closest",3712712,9,"Ngakuta Bay"
"11611","Closest",3712713,9,"Ngakuta Bay"
"11612","Closest",3712732,9,"Ngakuta Bay"
"11613","Closest",3712740,9,"Ngakuta Bay"
"11614","Closest",3712745,7,"Grove Point/Arm Jetty"
"11615","Closest",3712758,7,"Grove Point/Arm Jetty"
"11616","Closest",3712762,9,"Ngakuta Bay"
"11617","Closest",3712765,7,"Grove Point/Arm Jetty"
"11618","Closest",3712774,12,"Oyster Bay"
"11619","Closest",3712784,7,"Grove Point/Arm Jetty"
"11620","Closest",3712785,9,"Ngakuta Bay"
"11621","Closest",3712789,9,"Ngakuta Bay"
"11622","Closest",3712790,12,"Oyster Bay"
"11623","Closest",3712791,17,"Kaiuma Bay"
"11624","Closest",3712799,9,"Ngakuta Bay"
"11625","Closest",3712801,9,"Ngakuta Bay"
"11626","Closest",3712808,13,"Hakana Bay"
"11627","Closest",3712810,37,"Hamilton Bay (Rocky Creek) Ramp"
"11628","Closest",3712818,12,"Oyster Bay"
"11629","Closest",3712824,7,"Grove Point/Arm Jetty"
"11630","Closest",3712825,30,"St. Omer Barge Ramp"
"11631","Closest",3712828,24,"Tara Bay"
"11632","Closest",3712836,9,"Ngakuta Bay"
"11633","Closest",3712877,17,"Kaiuma Bay"
"11634","Closest",3712878,13,"Hakana Bay"
"11635","Closest",3712880,30,"St. Omer Barge Ramp"
"11636","Closest",3712881,12,"Oyster Bay"
"11637","Closest",3712888,12,"Oyster Bay"
"11638","Closest",3712897,13,"Hakana Bay"
"11639","Closest",3712907,30,"St. Omer Barge Ramp"
"11640","Closest",3712909,9,"Ngakuta Bay"
"11641","Closest",3712912,13,"Hakana Bay"
"11642","Closest",3712941,9,"Ngakuta Bay"
"11643","Closest",3712951,20,"Ohingaroa Bay"
"11644","Closest",3712956,29,"Waitaria Bay"
"11645","Closest",3712959,9,"Ngakuta Bay"
"11646","Closest",3712965,24,"Tara Bay"
"11647","Closest",3712967,27,"Sandy Bay"
"11648","Closest",3712978,9,"Ngakuta Bay"
"11649","Closest",3712983,9,"Ngakuta Bay"
"11650","Closest",3712988,9,"Ngakuta Bay"
"11651","Closest",3713012,9,"Ngakuta Bay"
"11652","Closest",3713015,7,"Grove Point/Arm Jetty"
"11653","Closest",3713027,7,"Grove Point/Arm Jetty"
"11654","Closest",3713028,7,"Grove Point/Arm Jetty"
"11655","Closest",3713036,7,"Grove Point/Arm Jetty"
"11656","Closest",3713042,13,"Hakana Bay"
"11657","Closest",3713056,9,"Ngakuta Bay"
"11658","Closest",3713062,9,"Ngakuta Bay"
"11659","Closest",3713064,7,"Grove Point/Arm Jetty"
"11660","Closest",3713065,7,"Grove Point/Arm Jetty"
"11661","Closest",3713069,7,"Grove Point/Arm Jetty"
"11662","Closest",3713070,7,"Grove Point/Arm Jetty"
"11663","Closest",3713076,30,"St. Omer Barge Ramp"
"11664","Closest",3713079,9,"Ngakuta Bay"
"11665","Closest",3713087,11,"Punga Cove"
"11666","Closest",3713089,9,"Ngakuta Bay"
"11667","Closest",3713091,9,"Ngakuta Bay"
"11668","Closest",3713093,9,"Ngakuta Bay"
"11669","Closest",3713094,7,"Grove Point/Arm Jetty"
"11670","Closest",3713101,12,"Oyster Bay"
"11671","Closest",3713102,30,"St. Omer Barge Ramp"
"11672","Closest",3713104,7,"Grove Point/Arm Jetty"
"11673","Closest",3713106,17,"Kaiuma Bay"
"11674","Closest",3713115,12,"Oyster Bay"
"11675","Closest",3713123,7,"Grove Point/Arm Jetty"
"11676","Closest",3713124,7,"Grove Point/Arm Jetty"
"11677","Closest",3713153,9,"Ngakuta Bay"
"11678","Closest",3713155,9,"Ngakuta Bay"
"11679","Closest",3713160,9,"Ngakuta Bay"
"11680","Closest",3713162,12,"Oyster Bay"
"11681","Closest",3713183,7,"Grove Point/Arm Jetty"
"11682","Closest",3713188,7,"Grove Point/Arm Jetty"
"11683","Closest",3713193,27,"Sandy Bay"
"11684","Closest",3713205,9,"Ngakuta Bay"
"11685","Closest",3713214,11,"Punga Cove"
"11686","Closest",3713217,13,"Hakana Bay"
"11687","Closest",3713222,7,"Grove Point/Arm Jetty"
"11688","Closest",3713234,32,"Duncan Bay"
"11689","Closest",3713235,37,"Hamilton Bay (Rocky Creek) Ramp"
"11690","Closest",3713248,9,"Ngakuta Bay"
"11691","Closest",3713249,9,"Ngakuta Bay"
"11692","Closest",3713251,7,"Grove Point/Arm Jetty"
"11693","Closest",3713262,7,"Grove Point/Arm Jetty"
"11694","Closest",3713276,7,"Grove Point/Arm Jetty"
"11695","Closest",3713280,24,"Tara Bay"
"11696","Closest",3713281,13,"Hakana Bay"
"11697","Closest",3713282,9,"Ngakuta Bay"
"11698","Closest",3713283,13,"Hakana Bay"
"11699","Closest",3713284,7,"Grove Point/Arm Jetty"
"11700","Closest",3713286,29,"Waitaria Bay"
"11701","Closest",3713290,12,"Oyster Bay"
"11702","Closest",3713291,12,"Oyster Bay"
"11703","Closest",3713307,9,"Ngakuta Bay"
"11704","Closest",3713324,11,"Punga Cove"
"11705","Closest",3713326,9,"Ngakuta Bay"
"11706","Closest",3713338,7,"Grove Point/Arm Jetty"
"11707","Closest",3713342,7,"Grove Point/Arm Jetty"
"11708","Closest",3713354,12,"Oyster Bay"
"11709","Closest",3713361,7,"Grove Point/Arm Jetty"
"11710","Closest",3713367,9,"Ngakuta Bay"
"11711","Closest",3713368,9,"Ngakuta Bay"
"11712","Closest",3713369,7,"Grove Point/Arm Jetty"
"11713","Closest",3713384,7,"Grove Point/Arm Jetty"
"11714","Closest",3713391,12,"Oyster Bay"
"11715","Closest",3713394,17,"Kaiuma Bay"
"11716","Closest",3713406,9,"Ngakuta Bay"
"11717","Closest",3713407,9,"Ngakuta Bay"
"11718","Closest",3713408,9,"Ngakuta Bay"
"11719","Closest",3713409,12,"Oyster Bay"
"11720","Closest",3713411,7,"Grove Point/Arm Jetty"
"11721","Closest",3713418,19,"Double Bay Boat Ramp"
"11722","Closest",3713425,12,"Oyster Bay"
"11723","Closest",3713428,12,"Oyster Bay"
"11724","Closest",3713429,12,"Oyster Bay"
"11725","Closest",3713443,10,"Waterfall Bay"
"11726","Closest",3713445,30,"St. Omer Barge Ramp"
"11727","Closest",3713462,12,"Oyster Bay"
"11728","Closest",3713464,12,"Oyster Bay"
"11729","Closest",3713465,12,"Oyster Bay"
"11730","Closest",3713466,12,"Oyster Bay"
"11731","Closest",3713467,12,"Oyster Bay"
"11732","Closest",3713468,12,"Oyster Bay"
"11733","Closest",3713469,12,"Oyster Bay"
"11734","Closest",3713470,9,"Ngakuta Bay"
"11735","Closest",3713471,9,"Ngakuta Bay"
"11736","Closest",3713473,12,"Oyster Bay"
"11737","Closest",3713500,19,"Double Bay Boat Ramp"
"11738","Closest",3713504,9,"Ngakuta Bay"
"11739","Closest",3713505,19,"Double Bay Boat Ramp"
"11740","Closest",3713506,7,"Grove Point/Arm Jetty"
"11741","Closest",3713517,11,"Punga Cove"
"11742","Closest",3713519,32,"Duncan Bay"
"11743","Closest",3713525,7,"Grove Point/Arm Jetty"
"11744","Closest",3713534,9,"Ngakuta Bay"
"11745","Closest",3713535,9,"Ngakuta Bay"
"11746","Closest",3713541,9,"Ngakuta Bay"
"11747","Closest",3713542,9,"Ngakuta Bay"
"11748","Closest",3713543,9,"Ngakuta Bay"
"11749","Closest",3713546,7,"Grove Point/Arm Jetty"
"11750","Closest",3713547,7,"Grove Point/Arm Jetty"
"11751","Closest",3713575,7,"Grove Point/Arm Jetty"
"11752","Closest",3713580,9,"Ngakuta Bay"
"11753","Closest",3713584,9,"Ngakuta Bay"
"11754","Closest",3713590,12,"Oyster Bay"
"11755","Closest",3713611,13,"Hakana Bay"
"11756","Closest",3713620,30,"St. Omer Barge Ramp"
"11757","Closest",3713621,30,"St. Omer Barge Ramp"
"11758","Closest",3713622,30,"St. Omer Barge Ramp"
"11759","Closest",3713625,13,"Hakana Bay"
"11760","Closest",3713633,12,"Oyster Bay"
"11761","Closest",3713635,12,"Oyster Bay"
"11762","Closest",3713638,12,"Oyster Bay"
"11763","Closest",3713656,9,"Ngakuta Bay"
"11764","Closest",3713671,7,"Grove Point/Arm Jetty"
"11765","Closest",3713702,9,"Ngakuta Bay"
"11766","Closest",3713705,12,"Oyster Bay"
"11767","Closest",3713708,9,"Ngakuta Bay"
"11768","Closest",3713730,7,"Grove Point/Arm Jetty"
"11769","Closest",3713731,9,"Ngakuta Bay"
"11770","Closest",3713732,9,"Ngakuta Bay"
"11771","Closest",3713752,18,"Moetapu Bay Jetty"
"11772","Closest",3713753,13,"Hakana Bay"
"11773","Closest",3713758,9,"Ngakuta Bay"
"11774","Closest",3713761,7,"Grove Point/Arm Jetty"
"11775","Closest",3713763,9,"Ngakuta Bay"
"11776","Closest",3713766,9,"Ngakuta Bay"
"11777","Closest",3713776,9,"Ngakuta Bay"
"11778","Closest",3713779,9,"Ngakuta Bay"
"11779","Closest",3713780,9,"Ngakuta Bay"
"11780","Closest",3713783,18,"Moetapu Bay Jetty"
"11781","Closest",3713790,29,"Waitaria Bay"
"11782","Closest",3713793,30,"St. Omer Barge Ramp"
"11783","Closest",3713794,15,"Portage Bay"
"11784","Closest",3713802,33,"Penzance Bay"
"11785","Closest",3713812,41,"Okiwi Bay"
"11786","Closest",3713848,9,"Ngakuta Bay"
"11787","Closest",3713851,9,"Ngakuta Bay"
"11788","Closest",3713859,29,"Waitaria Bay"
"11789","Closest",3713862,18,"Moetapu Bay Jetty"
"11790","Closest",3713864,9,"Ngakuta Bay"
"11791","Closest",3713875,9,"Ngakuta Bay"
"11792","Closest",3713880,20,"Ohingaroa Bay"
"11793","Closest",3713916,9,"Ngakuta Bay"
"11794","Closest",3713917,6,"Anakiwa"
"11795","Closest",3713929,9,"Ngakuta Bay"
"11796","Closest",3713932,9,"Ngakuta Bay"
"11797","Closest",3713934,9,"Ngakuta Bay"
"11798","Closest",3713974,9,"Ngakuta Bay"
"11799","Closest",3713979,9,"Ngakuta Bay"
"11800","Closest",3713999,9,"Ngakuta Bay"
"11801","Closest",3714000,11,"Punga Cove"
"11802","Closest",3714003,7,"Grove Point/Arm Jetty"
"11803","Closest",3714005,11,"Punga Cove"
"11804","Closest",3714015,7,"Grove Point/Arm Jetty"
"11805","Closest",3714026,9,"Ngakuta Bay"
"11806","Closest",3714031,11,"Punga Cove"
"11807","Closest",3714033,12,"Oyster Bay"
"11808","Closest",3714070,17,"Kaiuma Bay"
"11809","Closest",3714077,41,"Okiwi Bay"
"11810","Closest",3714082,8,"Momorangi Bay"
"11811","Closest",3714091,32,"Duncan Bay"
"11812","Closest",3714100,9,"Ngakuta Bay"
"11813","Closest",3714114,7,"Grove Point/Arm Jetty"
"11814","Closest",3714121,7,"Grove Point/Arm Jetty"
"11815","Closest",3714122,9,"Ngakuta Bay"
"11816","Closest",3714134,13,"Hakana Bay"
"11817","Closest",3714135,18,"Moetapu Bay Jetty"
"11818","Closest",3714137,20,"Ohingaroa Bay"
"11819","Closest",3714144,12,"Oyster Bay"
"11820","Closest",3714147,9,"Ngakuta Bay"
"11821","Closest",3714153,7,"Grove Point/Arm Jetty"
"11822","Closest",3714158,9,"Ngakuta Bay"
"11823","Closest",3714160,9,"Ngakuta Bay"
"11824","Closest",3714163,7,"Grove Point/Arm Jetty"
"11825","Closest",3714169,12,"Oyster Bay"
"11826","Closest",3714177,9,"Ngakuta Bay"
"11827","Closest",3714180,12,"Oyster Bay"
"11828","Closest",3714186,7,"Grove Point/Arm Jetty"
"11829","Closest",3714188,7,"Grove Point/Arm Jetty"
"11830","Closest",3714203,9,"Ngakuta Bay"
"11831","Closest",3714204,32,"Duncan Bay"
"11832","Closest",3714205,9,"Ngakuta Bay"
"11833","Closest",3714209,18,"Moetapu Bay Jetty"
"11834","Closest",3714210,9,"Ngakuta Bay"
"11835","Closest",3714216,9,"Ngakuta Bay"
"11836","Closest",3714218,32,"Duncan Bay"
"11837","Closest",3714226,7,"Grove Point/Arm Jetty"
"11838","Closest",3714229,7,"Grove Point/Arm Jetty"
"11839","Closest",3714231,9,"Ngakuta Bay"
"11840","Closest",3714233,17,"Kaiuma Bay"
"11841","Closest",3714238,19,"Double Bay Boat Ramp"
"11842","Closest",3714243,32,"Duncan Bay"
"11843","Closest",3714247,7,"Grove Point/Arm Jetty"
"11844","Closest",3714248,12,"Oyster Bay"
"11845","Closest",3714266,9,"Ngakuta Bay"
"11846","Closest",3714267,7,"Grove Point/Arm Jetty"
"11847","Closest",3714280,17,"Kaiuma Bay"
"11848","Closest",3714285,9,"Ngakuta Bay"
"11849","Closest",3714302,9,"Ngakuta Bay"
"11850","Closest",3714304,11,"Punga Cove"
"11851","Closest",3714311,9,"Ngakuta Bay"
"11852","Closest",3714321,23,"Te Mahia"
"11853","Closest",3714325,9,"Ngakuta Bay"
"11854","Closest",3714337,7,"Grove Point/Arm Jetty"
"11855","Closest",3714359,18,"Moetapu Bay Jetty"
"11856","Closest",3714395,9,"Ngakuta Bay"
"11857","Closest",3714419,9,"Ngakuta Bay"
"11858","Closest",3714426,18,"Moetapu Bay Jetty"
"11859","Closest",3714460,9,"Ngakuta Bay"
"11860","Closest",3714475,7,"Grove Point/Arm Jetty"
"11861","Closest",3714482,9,"Ngakuta Bay"
"11862","Closest",3714489,9,"Ngakuta Bay"
"11863","Closest",3714503,13,"Hakana Bay"
"11864","Closest",3714521,11,"Punga Cove"
"11865","Closest",3714558,12,"Oyster Bay"
"11866","Closest",3714562,12,"Oyster Bay"
"11867","Closest",3714564,13,"Hakana Bay"
"11868","Closest",3714572,9,"Ngakuta Bay"
"11869","Closest",3714576,12,"Oyster Bay"
"11870","Closest",3714578,12,"Oyster Bay"
"11871","Closest",3714585,9,"Ngakuta Bay"
"11872","Closest",3714592,9,"Ngakuta Bay"
"11873","Closest",3714594,9,"Ngakuta Bay"
"11874","Closest",3714598,9,"Ngakuta Bay"
"11875","Closest",3714599,9,"Ngakuta Bay"
"11876","Closest",3714600,9,"Ngakuta Bay"
"11877","Closest",3714606,7,"Grove Point/Arm Jetty"
"11878","Closest",3714607,9,"Ngakuta Bay"
"11879","Closest",3714608,9,"Ngakuta Bay"
"11880","Closest",3714610,9,"Ngakuta Bay"
"11881","Closest",3714611,7,"Grove Point/Arm Jetty"
"11882","Closest",3714613,12,"Oyster Bay"
"11883","Closest",3714615,9,"Ngakuta Bay"
"11884","Closest",3714618,30,"St. Omer Barge Ramp"
"11885","Closest",3714621,9,"Ngakuta Bay"
"11886","Closest",3714629,11,"Punga Cove"
"11887","Closest",3714634,7,"Grove Point/Arm Jetty"
"11888","Closest",3714635,12,"Oyster Bay"
"11889","Closest",3714637,9,"Ngakuta Bay"
"11890","Closest",3714638,9,"Ngakuta Bay"
"11891","Closest",3714639,9,"Ngakuta Bay"
"11892","Closest",3714642,11,"Punga Cove"
"11893","Closest",3714644,9,"Ngakuta Bay"
"11894","Closest",3714647,13,"Hakana Bay"
"11895","Closest",3714652,9,"Ngakuta Bay"
"11896","Closest",3714653,9,"Ngakuta Bay"
"11897","Closest",3714659,11,"Punga Cove"
"11898","Closest",3714666,9,"Ngakuta Bay"
"11899","Closest",3714669,9,"Ngakuta Bay"
"11900","Closest",3714671,9,"Ngakuta Bay"
"11901","Closest",3714672,9,"Ngakuta Bay"
"11902","Closest",3714673,7,"Grove Point/Arm Jetty"
"11903","Closest",3714675,9,"Ngakuta Bay"
"11904","Closest",3714676,9,"Ngakuta Bay"
"11905","Closest",3714678,9,"Ngakuta Bay"
"11906","Closest",3714681,9,"Ngakuta Bay"
"11907","Closest",3714684,9,"Ngakuta Bay"
"11908","Closest",3714685,12,"Oyster Bay"
"11909","Closest",3714688,9,"Ngakuta Bay"
"11910","Closest",3714691,9,"Ngakuta Bay"
"11911","Closest",3714693,9,"Ngakuta Bay"
"11912","Closest",3714694,9,"Ngakuta Bay"
"11913","Closest",3714697,9,"Ngakuta Bay"
"11914","Closest",3714698,7,"Grove Point/Arm Jetty"
"11915","Closest",3714699,9,"Ngakuta Bay"
"11916","Closest",3714701,12,"Oyster Bay"
"11917","Closest",3714703,9,"Ngakuta Bay"
"11918","Closest",3714705,9,"Ngakuta Bay"
"11919","Closest",3714706,9,"Ngakuta Bay"
"11920","Closest",3714709,7,"Grove Point/Arm Jetty"
"11921","Closest",3714717,9,"Ngakuta Bay"
"11922","Closest",3714718,9,"Ngakuta Bay"
"11923","Closest",3714719,9,"Ngakuta Bay"
"11924","Closest",3714720,12,"Oyster Bay"
"11925","Closest",3714722,9,"Ngakuta Bay"
"11926","Closest",3714724,7,"Grove Point/Arm Jetty"
"11927","Closest",3714726,9,"Ngakuta Bay"
"11928","Closest",3714729,9,"Ngakuta Bay"
"11929","Closest",3714732,9,"Ngakuta Bay"
"11930","Closest",3714739,7,"Grove Point/Arm Jetty"
"11931","Closest",3714744,9,"Ngakuta Bay"
"11932","Closest",3714753,11,"Punga Cove"
"11933","Closest",3714766,9,"Ngakuta Bay"
"11934","Closest",3714771,21,"Willow Bay"
"11935","Closest",3714773,12,"Oyster Bay"
"11936","Closest",3714776,20,"Ohingaroa Bay"
"11937","Closest",3714781,7,"Grove Point/Arm Jetty"
"11938","Closest",3714792,9,"Ngakuta Bay"
"11939","Closest",3714796,9,"Ngakuta Bay"
"11940","Closest",3714801,9,"Ngakuta Bay"
"11941","Closest",3714802,9,"Ngakuta Bay"
"11942","Closest",3714805,9,"Ngakuta Bay"
"11943","Closest",3714806,9,"Ngakuta Bay"
"11944","Closest",3714809,9,"Ngakuta Bay"
"11945","Closest",3714810,7,"Grove Point/Arm Jetty"
"11946","Closest",3714811,9,"Ngakuta Bay"
"11947","Closest",3714812,9,"Ngakuta Bay"
"11948","Closest",3714815,30,"St. Omer Barge Ramp"
"11949","Closest",3714816,30,"St. Omer Barge Ramp"
"11950","Closest",3714818,30,"St. Omer Barge Ramp"
"11951","Closest",3714822,9,"Ngakuta Bay"
"11952","Closest",3714823,9,"Ngakuta Bay"
"11953","Closest",3714826,9,"Ngakuta Bay"
"11954","Closest",3714827,12,"Oyster Bay"
"11955","Closest",3714828,9,"Ngakuta Bay"
"11956","Closest",3714831,7,"Grove Point/Arm Jetty"
"11957","Closest",3714832,9,"Ngakuta Bay"
"11958","Closest",3714835,7,"Grove Point/Arm Jetty"
"11959","Closest",3714836,9,"Ngakuta Bay"
"11960","Closest",3714842,9,"Ngakuta Bay"
"11961","Closest",3714844,7,"Grove Point/Arm Jetty"
"11962","Closest",3714846,9,"Ngakuta Bay"
"11963","Closest",3714850,9,"Ngakuta Bay"
"11964","Closest",3714851,9,"Ngakuta Bay"
"11965","Closest",3714856,33,"Penzance Bay"
"11966","Closest",3714857,9,"Ngakuta Bay"
"11967","Closest",3714858,9,"Ngakuta Bay"
"11968","Closest",3714859,9,"Ngakuta Bay"
"11969","Closest",3714863,9,"Ngakuta Bay"
"11970","Closest",3714865,9,"Ngakuta Bay"
"11971","Closest",3714868,9,"Ngakuta Bay"
"11972","Closest",3714872,9,"Ngakuta Bay"
"11973","Closest",3714882,15,"Portage Bay"
"11974","Closest",3714883,9,"Ngakuta Bay"
"11975","Closest",3714884,9,"Ngakuta Bay"
"11976","Closest",3714887,9,"Ngakuta Bay"
"11977","Closest",3714888,27,"Sandy Bay"
"11978","Closest",3714889,9,"Ngakuta Bay"
"11979","Closest",3714890,9,"Ngakuta Bay"
"11980","Closest",3714891,9,"Ngakuta Bay"
"11981","Closest",3714896,12,"Oyster Bay"
"11982","Closest",3714897,9,"Ngakuta Bay"
"11983","Closest",3714898,9,"Ngakuta Bay"
"11984","Closest",3714899,9,"Ngakuta Bay"
"11985","Closest",3714901,9,"Ngakuta Bay"
"11986","Closest",3714902,9,"Ngakuta Bay"
"11987","Closest",3714905,9,"Ngakuta Bay"
"11988","Closest",3714906,9,"Ngakuta Bay"
"11989","Closest",3714907,9,"Ngakuta Bay"
"11990","Closest",3714909,27,"Sandy Bay"
"11991","Closest",3714912,12,"Oyster Bay"
"11992","Closest",3714913,9,"Ngakuta Bay"
"11993","Closest",3714915,9,"Ngakuta Bay"
"11994","Closest",3714919,9,"Ngakuta Bay"
"11995","Closest",3714920,30,"St. Omer Barge Ramp"
"11996","Closest",3714921,9,"Ngakuta Bay"
"11997","Closest",3714928,9,"Ngakuta Bay"
"11998","Closest",3714938,32,"Duncan Bay"
"11999","Closest",3714942,9,"Ngakuta Bay"
"12000","Closest",3714944,9,"Ngakuta Bay"
"12001","Closest",3714945,24,"Tara Bay"
"12002","Closest",3714949,24,"Tara Bay"
"12003","Closest",3714951,27,"Sandy Bay"
"12004","Closest",3714952,30,"St. Omer Barge Ramp"
"12005","Closest",3714954,7,"Grove Point/Arm Jetty"
"12006","Closest",3714958,30,"St. Omer Barge Ramp"
"12007","Closest",3714965,12,"Oyster Bay"
"12008","Closest",3714968,7,"Grove Point/Arm Jetty"
"12009","Closest",3714969,30,"St. Omer Barge Ramp"
"12010","Closest",3714970,13,"Hakana Bay"
"12011","Closest",3714971,13,"Hakana Bay"
"12012","Closest",3714972,7,"Grove Point/Arm Jetty"
"12013","Closest",3714973,12,"Oyster Bay"
"12014","Closest",3714990,7,"Grove Point/Arm Jetty"
"12015","Closest",3714994,9,"Ngakuta Bay"
"12016","Closest",3714998,9,"Ngakuta Bay"
"12017","Closest",3714999,9,"Ngakuta Bay"
"12018","Closest",3715004,9,"Ngakuta Bay"
"12019","Closest",3715017,7,"Grove Point/Arm Jetty"
"12020","Closest",3715022,30,"St. Omer Barge Ramp"
"12021","Closest",3715025,7,"Grove Point/Arm Jetty"
"12022","Closest",3715032,9,"Ngakuta Bay"
"12023","Closest",3715036,9,"Ngakuta Bay"
"12024","Closest",3715037,9,"Ngakuta Bay"
"12025","Closest",3715042,30,"St. Omer Barge Ramp"
"12026","Closest",3715043,27,"Sandy Bay"
"12027","Closest",3715052,7,"Grove Point/Arm Jetty"
"12028","Closest",3715055,7,"Grove Point/Arm Jetty"
"12029","Closest",3715069,7,"Grove Point/Arm Jetty"
"12030","Closest",3715077,7,"Grove Point/Arm Jetty"
"12031","Closest",3715087,9,"Ngakuta Bay"
"12032","Closest",3715088,27,"Sandy Bay"
"12033","Closest",3715091,7,"Grove Point/Arm Jetty"
"12034","Closest",3715097,26,"Nikau Cove Doc Camp"
"12035","Closest",3715098,15,"Portage Bay"
"12036","Closest",3715106,9,"Ngakuta Bay"
"12037","Closest",3715118,9,"Ngakuta Bay"
"12038","Closest",3715123,7,"Grove Point/Arm Jetty"
"12039","Closest",3715124,12,"Oyster Bay"
"12040","Closest",3715129,30,"St. Omer Barge Ramp"
"12041","Closest",3715130,30,"St. Omer Barge Ramp"
"12042","Closest",3715146,27,"Sandy Bay"
"12043","Closest",3715148,7,"Grove Point/Arm Jetty"
"12044","Closest",3715152,7,"Grove Point/Arm Jetty"
"12045","Closest",3715153,30,"St. Omer Barge Ramp"
"12046","Closest",3715157,12,"Oyster Bay"
"12047","Closest",3715159,31,"Double Bay"
"12048","Closest",3715163,27,"Sandy Bay"
"12049","Closest",3715170,30,"St. Omer Barge Ramp"
"12050","Closest",3715183,27,"Sandy Bay"
"12051","Closest",3715185,11,"Punga Cove"
"12052","Closest",3715193,9,"Ngakuta Bay"
"12053","Closest",3715197,7,"Grove Point/Arm Jetty"
"12054","Closest",3715199,7,"Grove Point/Arm Jetty"
"12055","Closest",3715203,30,"St. Omer Barge Ramp"
"12056","Closest",3715207,9,"Ngakuta Bay"
"12057","Closest",3715210,27,"Sandy Bay"
"12058","Closest",3715217,9,"Ngakuta Bay"
"12059","Closest",3715222,7,"Grove Point/Arm Jetty"
"12060","Closest",3715223,6,"Anakiwa"
"12061","Closest",3715232,7,"Grove Point/Arm Jetty"
"12062","Closest",3715244,12,"Oyster Bay"
"12063","Closest",3715245,9,"Ngakuta Bay"
"12064","Closest",3715249,7,"Grove Point/Arm Jetty"
"12065","Closest",3715251,9,"Ngakuta Bay"
"12066","Closest",3715254,12,"Oyster Bay"
"12067","Closest",3715263,9,"Ngakuta Bay"
"12068","Closest",3715272,31,"Double Bay"
"12069","Closest",3715288,41,"Okiwi Bay"
"12070","Closest",3715299,7,"Grove Point/Arm Jetty"
"12071","Closest",3715304,12,"Oyster Bay"
"12072","Closest",3715305,13,"Hakana Bay"
"12073","Closest",3715310,9,"Ngakuta Bay"
"12074","Closest",3715324,12,"Oyster Bay"
"12075","Closest",3715328,12,"Oyster Bay"
"12076","Closest",3715329,11,"Punga Cove"
"12077","Closest",3715331,30,"St. Omer Barge Ramp"
"12078","Closest",3715332,15,"Portage Bay"
"12079","Closest",3715334,24,"Tara Bay"
"12080","Closest",3715336,26,"Nikau Cove Doc Camp"
"12081","Closest",3715340,27,"Sandy Bay"
"12082","Closest",3715343,29,"Waitaria Bay"
"12083","Closest",3715344,9,"Ngakuta Bay"
"12084","Closest",3715353,30,"St. Omer Barge Ramp"
"12085","Closest",3715354,26,"Nikau Cove Doc Camp"
"12086","Closest",3715360,20,"Ohingaroa Bay"
"12087","Closest",3715364,7,"Grove Point/Arm Jetty"
"12088","Closest",3715365,22,"Broughton Bay Road"
"12089","Closest",3715368,17,"Kaiuma Bay"
"12090","Closest",3715380,27,"Sandy Bay"
"12091","Closest",3715385,9,"Ngakuta Bay"
"12092","Closest",3715405,9,"Ngakuta Bay"
"12093","Closest",3715427,9,"Ngakuta Bay"
"12094","Closest",3715435,29,"Waitaria Bay"
"12095","Closest",3715438,12,"Oyster Bay"
"12096","Closest",3715445,9,"Ngakuta Bay"
"12097","Closest",3715455,19,"Double Bay Boat Ramp"
"12098","Closest",3715457,40,"Titirangi Bay"
"12099","Closest",3715458,9,"Ngakuta Bay"
"12100","Closest",3715460,9,"Ngakuta Bay"
"12101","Closest",3715463,9,"Ngakuta Bay"
"12102","Closest",3715468,27,"Sandy Bay"
"12103","Closest",3715473,11,"Punga Cove"
"12104","Closest",3715474,13,"Hakana Bay"
"12105","Closest",3715475,6,"Anakiwa"
"12106","Closest",3715478,11,"Punga Cove"
"12107","Closest",3715481,9,"Ngakuta Bay"
"12108","Closest",3715485,12,"Oyster Bay"
"12109","Closest",3715487,30,"St. Omer Barge Ramp"
"12110","Closest",3715491,12,"Oyster Bay"
"12111","Closest",3715494,9,"Ngakuta Bay"
"12112","Closest",3715495,12,"Oyster Bay"
"12113","Closest",3715496,12,"Oyster Bay"
"12114","Closest",3715500,40,"Titirangi Bay"
"12115","Closest",3715501,9,"Ngakuta Bay"
"12116","Closest",3715502,27,"Sandy Bay"
"12117","Closest",3715506,9,"Ngakuta Bay"
"12118","Closest",3715509,9,"Ngakuta Bay"
"12119","Closest",3715510,12,"Oyster Bay"
"12120","Closest",3715511,9,"Ngakuta Bay"
"12121","Closest",3715513,9,"Ngakuta Bay"
"12122","Closest",3715515,9,"Ngakuta Bay"
"12123","Closest",3715517,7,"Grove Point/Arm Jetty"
"12124","Closest",3715522,9,"Ngakuta Bay"
"12125","Closest",3715524,9,"Ngakuta Bay"
"12126","Closest",3715525,7,"Grove Point/Arm Jetty"
"12127","Closest",3715533,19,"Double Bay Boat Ramp"
"12128","Closest",3715538,9,"Ngakuta Bay"
"12129","Closest",3715543,13,"Hakana Bay"
"12130","Closest",3715547,11,"Punga Cove"
"12131","Closest",3715549,28,"Fish Bay Ramp"
"12132","Closest",3715551,11,"Punga Cove"
"12133","Closest",3715553,30,"St. Omer Barge Ramp"
"12134","Closest",3715554,25,"Cowshed Bay"
"12135","Closest",3715557,15,"Portage Bay"
"12136","Closest",3715563,7,"Grove Point/Arm Jetty"
"12137","Closest",3715565,11,"Punga Cove"
"12138","Closest",3715570,7,"Grove Point/Arm Jetty"
"12139","Closest",3715571,12,"Oyster Bay"
"12140","Closest",3715577,9,"Ngakuta Bay"
"12141","Closest",3715578,9,"Ngakuta Bay"
"12142","Closest",3715579,7,"Grove Point/Arm Jetty"
"12143","Closest",3715581,7,"Grove Point/Arm Jetty"
"12144","Closest",3715585,26,"Nikau Cove Doc Camp"
"12145","Closest",3715588,9,"Ngakuta Bay"
"12146","Closest",3715599,7,"Grove Point/Arm Jetty"
"12147","Closest",3715603,33,"Penzance Bay"
"12148","Closest",3715606,9,"Ngakuta Bay"
"12149","Closest",3715609,7,"Grove Point/Arm Jetty"
"12150","Closest",3715616,7,"Grove Point/Arm Jetty"
"12151","Closest",3715618,7,"Grove Point/Arm Jetty"
"12152","Closest",3715621,9,"Ngakuta Bay"
"12153","Closest",3715624,7,"Grove Point/Arm Jetty"
"12154","Closest",3715625,19,"Double Bay Boat Ramp"
"12155","Closest",3715629,9,"Ngakuta Bay"
"12156","Closest",3715632,9,"Ngakuta Bay"
"12157","Closest",3715640,12,"Oyster Bay"
"12158","Closest",3715642,7,"Grove Point/Arm Jetty"
"12159","Closest",3715647,9,"Ngakuta Bay"
"12160","Closest",3715649,11,"Punga Cove"
"12161","Closest",3715652,7,"Grove Point/Arm Jetty"
"12162","Closest",3715661,9,"Ngakuta Bay"
"12163","Closest",3715662,7,"Grove Point/Arm Jetty"
"12164","Closest",3715663,7,"Grove Point/Arm Jetty"
"12165","Closest",3715665,12,"Oyster Bay"
"12166","Closest",3715672,7,"Grove Point/Arm Jetty"
"12167","Closest",3715680,9,"Ngakuta Bay"
"12168","Closest",3715681,7,"Grove Point/Arm Jetty"
"12169","Closest",3715685,11,"Punga Cove"
"12170","Closest",3715691,9,"Ngakuta Bay"
"12171","Closest",3715692,9,"Ngakuta Bay"
"12172","Closest",3715699,12,"Oyster Bay"
"12173","Closest",3715700,9,"Ngakuta Bay"
"12174","Closest",3715701,9,"Ngakuta Bay"
"12175","Closest",3715702,13,"Hakana Bay"
"12176","Closest",3715729,9,"Ngakuta Bay"
"12177","Closest",3715732,11,"Punga Cove"
"12178","Closest",3715741,10,"Waterfall Bay"
"12179","Closest",3715745,10,"Waterfall Bay"
"12180","Closest",3715746,12,"Oyster Bay"
"12181","Closest",3715754,9,"Ngakuta Bay"
"12182","Closest",3715758,7,"Grove Point/Arm Jetty"
"12183","Closest",3715761,9,"Ngakuta Bay"
"12184","Closest",3715767,9,"Ngakuta Bay"
"12185","Closest",3715771,7,"Grove Point/Arm Jetty"
"12186","Closest",3715773,12,"Oyster Bay"
"12187","Closest",3715786,7,"Grove Point/Arm Jetty"
"12188","Closest",3715788,7,"Grove Point/Arm Jetty"
"12189","Closest",3715790,33,"Penzance Bay"
"12190","Closest",3715796,7,"Grove Point/Arm Jetty"
"12191","Closest",3715803,9,"Ngakuta Bay"
"12192","Closest",3715808,9,"Ngakuta Bay"
"12193","Closest",3715811,9,"Ngakuta Bay"
"12194","Closest",3715818,7,"Grove Point/Arm Jetty"
"12195","Closest",3715823,7,"Grove Point/Arm Jetty"
"12196","Closest",3715830,7,"Grove Point/Arm Jetty"
"12197","Closest",3715834,7,"Grove Point/Arm Jetty"
"12198","Closest",3715846,9,"Ngakuta Bay"
"12199","Closest",3715847,9,"Ngakuta Bay"
"12200","Closest",3715848,7,"Grove Point/Arm Jetty"
"12201","Closest",3715857,9,"Ngakuta Bay"
"12202","Closest",3715860,7,"Grove Point/Arm Jetty"
"12203","Closest",3715870,9,"Ngakuta Bay"
"12204","Closest",3715872,9,"Ngakuta Bay"
"12205","Closest",3715887,9,"Ngakuta Bay"
"12206","Closest",3715890,9,"Ngakuta Bay"
"12207","Closest",3715893,9,"Ngakuta Bay"
"12208","Closest",3715913,9,"Ngakuta Bay"
"12209","Closest",3715916,40,"Titirangi Bay"
"12210","Closest",3715922,9,"Ngakuta Bay"
"12211","Closest",3715947,7,"Grove Point/Arm Jetty"
"12212","Closest",3715957,7,"Grove Point/Arm Jetty"
"12213","Closest",3715963,7,"Grove Point/Arm Jetty"
"12214","Closest",3715965,9,"Ngakuta Bay"
"12215","Closest",3715967,7,"Grove Point/Arm Jetty"
"12216","Closest",3715969,9,"Ngakuta Bay"
"12217","Closest",3716002,9,"Ngakuta Bay"
"12218","Closest",3716009,9,"Ngakuta Bay"
"12219","Closest",3716011,9,"Ngakuta Bay"
"12220","Closest",3716019,9,"Ngakuta Bay"
"12221","Closest",3716036,27,"Sandy Bay"
"12222","Closest",3716038,9,"Ngakuta Bay"
"12223","Closest",3716039,9,"Ngakuta Bay"
"12224","Closest",3716047,9,"Ngakuta Bay"
"12225","Closest",3716060,9,"Ngakuta Bay"
"12226","Closest",3716061,9,"Ngakuta Bay"
"12227","Closest",3716062,9,"Ngakuta Bay"
"12228","Closest",3716072,7,"Grove Point/Arm Jetty"
"12229","Closest",3716076,9,"Ngakuta Bay"
"12230","Closest",3716077,27,"Sandy Bay"
"12231","Closest",3716078,9,"Ngakuta Bay"
"12232","Closest",3716079,9,"Ngakuta Bay"
"12233","Closest",3716084,7,"Grove Point/Arm Jetty"
"12234","Closest",3716085,11,"Punga Cove"
"12235","Closest",3716094,9,"Ngakuta Bay"
"12236","Closest",3716099,33,"Penzance Bay"
"12237","Closest",3716116,9,"Ngakuta Bay"
"12238","Closest",3716121,9,"Ngakuta Bay"
"12239","Closest",3716131,9,"Ngakuta Bay"
"12240","Closest",3716133,9,"Ngakuta Bay"
"12241","Closest",3716136,27,"Sandy Bay"
"12242","Closest",3716145,7,"Grove Point/Arm Jetty"
"12243","Closest",3716156,7,"Grove Point/Arm Jetty"
"12244","Closest",3716157,7,"Grove Point/Arm Jetty"
"12245","Closest",3716160,7,"Grove Point/Arm Jetty"
"12246","Closest",3716166,26,"Nikau Cove Doc Camp"
"12247","Closest",3716178,9,"Ngakuta Bay"
"12248","Closest",3716181,9,"Ngakuta Bay"
"12249","Closest",3716183,9,"Ngakuta Bay"
"12250","Closest",3716187,9,"Ngakuta Bay"
"12251","Closest",3716227,9,"Ngakuta Bay"
"12252","Closest",3716228,9,"Ngakuta Bay"
"12253","Closest",3716232,11,"Punga Cove"
"12254","Closest",3716236,9,"Ngakuta Bay"
"12255","Closest",3716285,9,"Ngakuta Bay"
"12256","Closest",3716293,9,"Ngakuta Bay"
"12257","Closest",3716299,9,"Ngakuta Bay"
"12258","Closest",3716300,9,"Ngakuta Bay"
"12259","Closest",3716301,9,"Ngakuta Bay"
"12260","Closest",3716304,9,"Ngakuta Bay"
"12261","Closest",3716307,9,"Ngakuta Bay"
"12262","Closest",3716309,9,"Ngakuta Bay"
"12263","Closest",3716310,9,"Ngakuta Bay"
"12264","Closest",3716313,9,"Ngakuta Bay"
"12265","Closest",3716314,9,"Ngakuta Bay"
"12266","Closest",3716320,9,"Ngakuta Bay"
"12267","Closest",3716322,28,"Fish Bay Ramp"
"12268","Closest",3716323,12,"Oyster Bay"
"12269","Closest",3716326,9,"Ngakuta Bay"
"12270","Closest",3716327,9,"Ngakuta Bay"
"12271","Closest",3716328,9,"Ngakuta Bay"
"12272","Closest",3716329,9,"Ngakuta Bay"
"12273","Closest",3716330,9,"Ngakuta Bay"
"12274","Closest",3716344,9,"Ngakuta Bay"
"12275","Closest",3716345,23,"Te Mahia"
"12276","Closest",3716347,9,"Ngakuta Bay"
"12277","Closest",3716350,9,"Ngakuta Bay"
"12278","Closest",3716359,9,"Ngakuta Bay"
"12279","Closest",3716362,9,"Ngakuta Bay"
"12280","Closest",3716370,9,"Ngakuta Bay"
"12281","Closest",3716371,9,"Ngakuta Bay"
"12282","Closest",3716373,30,"St. Omer Barge Ramp"
"12283","Closest",3716378,12,"Oyster Bay"
"12284","Closest",3716380,9,"Ngakuta Bay"
"12285","Closest",3716397,9,"Ngakuta Bay"
"12286","Closest",3716398,9,"Ngakuta Bay"
"12287","Closest",3716411,7,"Grove Point/Arm Jetty"
"12288","Closest",3716412,9,"Ngakuta Bay"
"12289","Closest",3716416,7,"Grove Point/Arm Jetty"
"12290","Closest",3716428,9,"Ngakuta Bay"
"12291","Closest",3716429,9,"Ngakuta Bay"
"12292","Closest",3716436,12,"Oyster Bay"
"12293","Closest",3716441,29,"Waitaria Bay"
"12294","Closest",3716442,7,"Grove Point/Arm Jetty"
"12295","Closest",3716452,7,"Grove Point/Arm Jetty"
"12296","Closest",3716454,9,"Ngakuta Bay"
"12297","Closest",3716455,9,"Ngakuta Bay"
"12298","Closest",3716457,9,"Ngakuta Bay"
"12299","Closest",3716460,9,"Ngakuta Bay"
"12300","Closest",3716462,9,"Ngakuta Bay"
"12301","Closest",3716467,9,"Ngakuta Bay"
"12302","Closest",3716468,9,"Ngakuta Bay"
"12303","Closest",3716470,9,"Ngakuta Bay"
"12304","Closest",3716473,9,"Ngakuta Bay"
"12305","Closest",3716484,19,"Double Bay Boat Ramp"
"12306","Closest",3716492,9,"Ngakuta Bay"
"12307","Closest",3716507,9,"Ngakuta Bay"
"12308","Closest",3716508,7,"Grove Point/Arm Jetty"
"12309","Closest",3716513,33,"Penzance Bay"
"12310","Closest",3716514,7,"Grove Point/Arm Jetty"
"12311","Closest",3716522,12,"Oyster Bay"
"12312","Closest",3716523,21,"Willow Bay"
"12313","Closest",3716533,24,"Tara Bay"
"12314","Closest",3716537,7,"Grove Point/Arm Jetty"
"12315","Closest",3716556,21,"Willow Bay"
"12316","Closest",3716581,7,"Grove Point/Arm Jetty"
"12317","Closest",3716582,7,"Grove Point/Arm Jetty"
"12318","Closest",3716584,7,"Grove Point/Arm Jetty"
"12319","Closest",3716586,7,"Grove Point/Arm Jetty"
"12320","Closest",3716589,18,"Moetapu Bay Jetty"
"12321","Closest",3716590,9,"Ngakuta Bay"
"12322","Closest",3716591,7,"Grove Point/Arm Jetty"
"12323","Closest",3716596,7,"Grove Point/Arm Jetty"
"12324","Closest",3716597,7,"Grove Point/Arm Jetty"
"12325","Closest",3716598,7,"Grove Point/Arm Jetty"
"12326","Closest",3716599,7,"Grove Point/Arm Jetty"
"12327","Closest",3716602,9,"Ngakuta Bay"
"12328","Closest",3716604,7,"Grove Point/Arm Jetty"
"12329","Closest",3716626,27,"Sandy Bay"
"12330","Closest",3716628,9,"Ngakuta Bay"
"12331","Closest",3716629,9,"Ngakuta Bay"
"12332","Closest",3716637,9,"Ngakuta Bay"
"12333","Closest",3716640,9,"Ngakuta Bay"
"12334","Closest",3716641,9,"Ngakuta Bay"
"12335","Closest",3716642,9,"Ngakuta Bay"
"12336","Closest",3716645,9,"Ngakuta Bay"
"12337","Closest",3716647,9,"Ngakuta Bay"
"12338","Closest",3716648,9,"Ngakuta Bay"
"12339","Closest",3716715,12,"Oyster Bay"
"12340","Closest",3716729,12,"Oyster Bay"
"12341","Closest",3716754,9,"Ngakuta Bay"
"12342","Closest",3716756,9,"Ngakuta Bay"
"12343","Closest",3716757,9,"Ngakuta Bay"
"12344","Closest",3716758,9,"Ngakuta Bay"
"12345","Closest",3716759,9,"Ngakuta Bay"
"12346","Closest",3716761,9,"Ngakuta Bay"
"12347","Closest",3716767,9,"Ngakuta Bay"
"12348","Closest",3716769,9,"Ngakuta Bay"
"12349","Closest",3716770,9,"Ngakuta Bay"
"12350","Closest",3716778,9,"Ngakuta Bay"
"12351","Closest",3716779,9,"Ngakuta Bay"
"12352","Closest",3716780,9,"Ngakuta Bay"
"12353","Closest",3716783,7,"Grove Point/Arm Jetty"
"12354","Closest",3716788,9,"Ngakuta Bay"
"12355","Closest",3716792,9,"Ngakuta Bay"
"12356","Closest",3716793,9,"Ngakuta Bay"
"12357","Closest",3716798,9,"Ngakuta Bay"
"12358","Closest",3716816,29,"Waitaria Bay"
"12359","Closest",3716819,9,"Ngakuta Bay"
"12360","Closest",3716834,9,"Ngakuta Bay"
"12361","Closest",3716837,9,"Ngakuta Bay"
"12362","Closest",3716846,12,"Oyster Bay"
"12363","Closest",3716847,30,"St. Omer Barge Ramp"
"12364","Closest",3716854,7,"Grove Point/Arm Jetty"
"12365","Closest",3716862,27,"Sandy Bay"
"12366","Closest",3716871,29,"Waitaria Bay"
"12367","Closest",3716874,7,"Grove Point/Arm Jetty"
"12368","Closest",3716879,27,"Sandy Bay"
"12369","Closest",3716882,9,"Ngakuta Bay"
"12370","Closest",3716889,12,"Oyster Bay"
"12371","Closest",3716891,40,"Titirangi Bay"
"12372","Closest",3716893,9,"Ngakuta Bay"
"12373","Closest",3716894,9,"Ngakuta Bay"
"12374","Closest",3716907,29,"Waitaria Bay"
"12375","Closest",3716909,12,"Oyster Bay"
"12376","Closest",3716989,40,"Titirangi Bay"
"12377","Closest",3716991,23,"Te Mahia"
"12378","Closest",3716992,11,"Punga Cove"
"12379","Closest",3717001,9,"Ngakuta Bay"
"12380","Closest",3717056,9,"Ngakuta Bay"
"12381","Closest",3717088,9,"Ngakuta Bay"
"12382","Closest",3717093,11,"Punga Cove"
"12383","Closest",3717094,32,"Duncan Bay"
"12384","Closest",3717119,8,"Momorangi Bay"
"12385","Closest",3717121,6,"Anakiwa"
"12386","Closest",3717123,13,"Hakana Bay"
"12387","Closest",3717133,7,"Grove Point/Arm Jetty"
"12388","Closest",3717137,9,"Ngakuta Bay"
"12389","Closest",3717148,7,"Grove Point/Arm Jetty"
"12390","Closest",3717152,7,"Grove Point/Arm Jetty"
"12391","Closest",3717153,7,"Grove Point/Arm Jetty"
"12392","Closest",3717157,21,"Willow Bay"
"12393","Closest",3717158,27,"Sandy Bay"
"12394","Closest",3717170,8,"Momorangi Bay"
"12395","Closest",3717171,9,"Ngakuta Bay"
"12396","Closest",3717173,9,"Ngakuta Bay"
"12397","Closest",3717181,27,"Sandy Bay"
"12398","Closest",3717184,9,"Ngakuta Bay"
"12399","Closest",3717185,9,"Ngakuta Bay"
"12400","Closest",3717189,8,"Momorangi Bay"
"12401","Closest",3717203,9,"Ngakuta Bay"
"12402","Closest",3717209,12,"Oyster Bay"
"12403","Closest",3717213,7,"Grove Point/Arm Jetty"
"12404","Closest",3717214,7,"Grove Point/Arm Jetty"
"12405","Closest",3717222,9,"Ngakuta Bay"
"12406","Closest",3717253,32,"Duncan Bay"
"12407","Closest",3717257,7,"Grove Point/Arm Jetty"
"12408","Closest",3717262,7,"Grove Point/Arm Jetty"
"12409","Closest",3717263,29,"Waitaria Bay"
"12410","Closest",3717293,7,"Grove Point/Arm Jetty"
"12411","Closest",3717294,6,"Anakiwa"
"12412","Closest",3717323,9,"Ngakuta Bay"
"12413","Closest",3717329,7,"Grove Point/Arm Jetty"
"12414","Closest",3717332,40,"Titirangi Bay"
"12415","Closest",3717364,7,"Grove Point/Arm Jetty"
"12416","Closest",3717391,7,"Grove Point/Arm Jetty"
"12417","Closest",3717395,20,"Ohingaroa Bay"
"12418","Closest",3717396,7,"Grove Point/Arm Jetty"
"12419","Closest",3717417,7,"Grove Point/Arm Jetty"
"12420","Closest",3717430,33,"Penzance Bay"
"12421","Closest",3717431,27,"Sandy Bay"
"12422","Closest",3717440,12,"Oyster Bay"
"12423","Closest",3717445,9,"Ngakuta Bay"
"12424","Closest",3717457,13,"Hakana Bay"
"12425","Closest",3717464,12,"Oyster Bay"
"12426","Closest",3717472,9,"Ngakuta Bay"
"12427","Closest",3717485,29,"Waitaria Bay"
"12428","Closest",3717499,27,"Sandy Bay"
"12429","Closest",3717518,9,"Ngakuta Bay"
"12430","Closest",3717529,9,"Ngakuta Bay"
"12431","Closest",3717532,7,"Grove Point/Arm Jetty"
"12432","Closest",3717537,9,"Ngakuta Bay"
"12433","Closest",3717543,9,"Ngakuta Bay"
"12434","Closest",3717544,9,"Ngakuta Bay"
"12435","Closest",3717546,12,"Oyster Bay"
"12436","Closest",3717564,7,"Grove Point/Arm Jetty"
"12437","Closest",3717571,30,"St. Omer Barge Ramp"
"12438","Closest",3717572,12,"Oyster Bay"
"12439","Closest",3717587,33,"Penzance Bay"
"12440","Closest",3717598,12,"Oyster Bay"
"12441","Closest",3717600,32,"Duncan Bay"
"12442","Closest",3717609,9,"Ngakuta Bay"
"12443","Closest",3717612,9,"Ngakuta Bay"
"12444","Closest",3717614,9,"Ngakuta Bay"
"12445","Closest",3717615,9,"Ngakuta Bay"
"12446","Closest",3717618,7,"Grove Point/Arm Jetty"
"12447","Closest",3717619,9,"Ngakuta Bay"
"12448","Closest",3717620,9,"Ngakuta Bay"
"12449","Closest",3717621,9,"Ngakuta Bay"
"12450","Closest",3717622,12,"Oyster Bay"
"12451","Closest",3717623,7,"Grove Point/Arm Jetty"
"12452","Closest",3717628,9,"Ngakuta Bay"
"12453","Closest",3717632,18,"Moetapu Bay Jetty"
"12454","Closest",3717639,12,"Oyster Bay"
"12455","Closest",3717640,12,"Oyster Bay"
"12456","Closest",3717643,12,"Oyster Bay"
"12457","Closest",3717645,9,"Ngakuta Bay"
"12458","Closest",3717649,29,"Waitaria Bay"
"12459","Closest",3717650,7,"Grove Point/Arm Jetty"
"12460","Closest",3717651,29,"Waitaria Bay"
"12461","Closest",3717657,9,"Ngakuta Bay"
"12462","Closest",3717661,9,"Ngakuta Bay"
"12463","Closest",3717663,26,"Nikau Cove Doc Camp"
"12464","Closest",3717666,12,"Oyster Bay"
"12465","Closest",3717669,7,"Grove Point/Arm Jetty"
"12466","Closest",3717670,11,"Punga Cove"
"12467","Closest",3717677,7,"Grove Point/Arm Jetty"
"12468","Closest",3717681,9,"Ngakuta Bay"
"12469","Closest",3717682,9,"Ngakuta Bay"
"12470","Closest",3717683,9,"Ngakuta Bay"
"12471","Closest",3717685,9,"Ngakuta Bay"
"12472","Closest",3717687,23,"Te Mahia"
"12473","Closest",3717693,9,"Ngakuta Bay"
"12474","Closest",3717695,11,"Punga Cove"
"12475","Closest",3717701,27,"Sandy Bay"
"12476","Closest",3717704,24,"Tara Bay"
"12477","Closest",3717706,9,"Ngakuta Bay"
"12478","Closest",3717708,10,"Waterfall Bay"
"12479","Closest",3717720,15,"Portage Bay"
"12480","Closest",3717742,9,"Ngakuta Bay"
"12481","Closest",3717748,12,"Oyster Bay"
"12482","Closest",3717773,9,"Ngakuta Bay"
"12483","Closest",3717791,22,"Broughton Bay Road"
"12484","Closest",3717792,24,"Tara Bay"
"12485","Closest",3717806,7,"Grove Point/Arm Jetty"
"12486","Closest",3717809,9,"Ngakuta Bay"
"12487","Closest",3717815,7,"Grove Point/Arm Jetty"
"12488","Closest",3717818,13,"Hakana Bay"
"12489","Closest",3717819,7,"Grove Point/Arm Jetty"
"12490","Closest",3717820,7,"Grove Point/Arm Jetty"
"12491","Closest",3717823,7,"Grove Point/Arm Jetty"
"12492","Closest",3717832,7,"Grove Point/Arm Jetty"
"12493","Closest",3717837,7,"Grove Point/Arm Jetty"
"12494","Closest",3717838,7,"Grove Point/Arm Jetty"
"12495","Closest",3717843,9,"Ngakuta Bay"
"12496","Closest",3717845,9,"Ngakuta Bay"
"12497","Closest",3717859,12,"Oyster Bay"
"12498","Closest",3717869,7,"Grove Point/Arm Jetty"
"12499","Closest",3717872,11,"Punga Cove"
"12500","Closest",3717874,30,"St. Omer Barge Ramp"
"12501","Closest",3717883,9,"Ngakuta Bay"
"12502","Closest",3717932,15,"Portage Bay"
"12503","Closest",3717940,11,"Punga Cove"
"12504","Closest",3717943,9,"Ngakuta Bay"
"12505","Closest",3717946,9,"Ngakuta Bay"
"12506","Closest",3717947,9,"Ngakuta Bay"
"12507","Closest",3717948,9,"Ngakuta Bay"
"12508","Closest",3717949,18,"Moetapu Bay Jetty"
"12509","Closest",3717950,13,"Hakana Bay"
"12510","Closest",3717951,13,"Hakana Bay"
"12511","Closest",3717953,24,"Tara Bay"
"12512","Closest",3717956,32,"Duncan Bay"
"12513","Closest",3717957,32,"Duncan Bay"
"12514","Closest",3717960,24,"Tara Bay"
"12515","Closest",3717964,22,"Broughton Bay Road"
"12516","Closest",3717979,29,"Waitaria Bay"
"12517","Closest",3717988,24,"Tara Bay"
"12518","Closest",3717992,6,"Anakiwa"
"12519","Closest",3717993,6,"Anakiwa"
"12520","Closest",3717996,6,"Anakiwa"
"12521","Closest",3718000,6,"Anakiwa"
"12522","Closest",3718007,18,"Moetapu Bay Jetty"
"12523","Closest",3718016,13,"Hakana Bay"
"12524","Closest",3718021,9,"Ngakuta Bay"
"12525","Closest",3718034,9,"Ngakuta Bay"
"12526","Closest",3718043,32,"Duncan Bay"
"12527","Closest",3718045,18,"Moetapu Bay Jetty"
"12528","Closest",3718049,7,"Grove Point/Arm Jetty"
"12529","Closest",3718051,30,"St. Omer Barge Ramp"
"12530","Closest",3718052,32,"Duncan Bay"
"12531","Closest",3718054,23,"Te Mahia"
"12532","Closest",3718067,33,"Penzance Bay"
"12533","Closest",3718070,29,"Waitaria Bay"
"12534","Closest",3718071,32,"Duncan Bay"
"12535","Closest",3718072,29,"Waitaria Bay"
"12536","Closest",3718073,27,"Sandy Bay"
"12537","Closest",3718074,32,"Duncan Bay"
"12538","Closest",3718075,40,"Titirangi Bay"
"12539","Closest",3718076,32,"Duncan Bay"
"12540","Closest",3718077,7,"Grove Point/Arm Jetty"
"12541","Closest",3718079,7,"Grove Point/Arm Jetty"
"12542","Closest",3718080,26,"Nikau Cove Doc Camp"
"12543","Closest",3718081,31,"Double Bay"
"12544","Closest",3718082,23,"Te Mahia"
"12545","Closest",3718088,11,"Punga Cove"
"12546","Closest",3718089,24,"Tara Bay"
"12547","Closest",3718090,11,"Punga Cove"
"12548","Closest",3718092,17,"Kaiuma Bay"
"12549","Closest",3718094,24,"Tara Bay"
"12550","Closest",3718099,11,"Punga Cove"
"12551","Closest",3718103,19,"Double Bay Boat Ramp"
"12552","Closest",3718105,26,"Nikau Cove Doc Camp"
"12553","Closest",3718107,27,"Sandy Bay"
"12554","Closest",3718110,11,"Punga Cove"
"12555","Closest",3718113,10,"Waterfall Bay"
"12556","Closest",3718115,10,"Waterfall Bay"
"12557","Closest",3718116,9,"Ngakuta Bay"
"12558","Closest",3718120,24,"Tara Bay"
"12559","Closest",3718121,22,"Broughton Bay Road"
"12560","Closest",3718122,21,"Willow Bay"
"12561","Closest",3718123,9,"Ngakuta Bay"
"12562","Closest",3718124,24,"Tara Bay"
"12563","Closest",3718125,22,"Broughton Bay Road"
"12564","Closest",3718126,24,"Tara Bay"
"12565","Closest",3718127,24,"Tara Bay"
"12566","Closest",3718132,24,"Tara Bay"
"12567","Closest",3718133,24,"Tara Bay"
"12568","Closest",3718136,27,"Sandy Bay"
"12569","Closest",3718137,27,"Sandy Bay"
"12570","Closest",3718141,9,"Ngakuta Bay"
"12571","Closest",3718144,23,"Te Mahia"
"12572","Closest",3718145,22,"Broughton Bay Road"
"12573","Closest",3718147,27,"Sandy Bay"
"12574","Closest",3718155,16,"Torea Bay"
"12575","Closest",3718157,11,"Punga Cove"
"12576","Closest",3718159,16,"Torea Bay"
"12577","Closest",3718160,18,"Moetapu Bay Jetty"
"12578","Closest",3718164,9,"Ngakuta Bay"
"12579","Closest",3718165,32,"Duncan Bay"
"12580","Closest",3718168,32,"Duncan Bay"
"12581","Closest",3718169,32,"Duncan Bay"
"12582","Closest",3718172,9,"Ngakuta Bay"
"12583","Closest",3718173,9,"Ngakuta Bay"
"12584","Closest",3718175,17,"Kaiuma Bay"
"12585","Closest",3718177,32,"Duncan Bay"
"12586","Closest",3718178,32,"Duncan Bay"
"12587","Closest",3718179,17,"Kaiuma Bay"
"12588","Closest",3718187,31,"Double Bay"
"12589","Closest",3718188,32,"Duncan Bay"
"12590","Closest",3718194,32,"Duncan Bay"
"12591","Closest",3718195,32,"Duncan Bay"
"12592","Closest",3718199,32,"Duncan Bay"
"12593","Closest",3718203,24,"Tara Bay"
"12594","Closest",3718204,32,"Duncan Bay"
"12595","Closest",3718205,24,"Tara Bay"
"12596","Closest",3718206,7,"Grove Point/Arm Jetty"
"12597","Closest",3718208,9,"Ngakuta Bay"
"12598","Closest",3718209,19,"Double Bay Boat Ramp"
"12599","Closest",3718210,8,"Momorangi Bay"
"12600","Closest",3718211,24,"Tara Bay"
"12601","Closest",3718212,19,"Double Bay Boat Ramp"
"12602","Closest",3718213,7,"Grove Point/Arm Jetty"
"12603","Closest",3718220,9,"Ngakuta Bay"
"12604","Closest",3718221,19,"Double Bay Boat Ramp"
"12605","Closest",3718224,13,"Hakana Bay"
"12606","Closest",3718226,29,"Waitaria Bay"
"12607","Closest",3718233,24,"Tara Bay"
"12608","Closest",3718234,24,"Tara Bay"
"12609","Closest",3718235,31,"Double Bay"
"12610","Closest",3718238,7,"Grove Point/Arm Jetty"
"12611","Closest",3718249,7,"Grove Point/Arm Jetty"
"12612","Closest",3718251,22,"Broughton Bay Road"
"12613","Closest",3718255,7,"Grove Point/Arm Jetty"
"12614","Closest",3718261,19,"Double Bay Boat Ramp"
"12615","Closest",3718262,19,"Double Bay Boat Ramp"
"12616","Closest",3718264,7,"Grove Point/Arm Jetty"
"12617","Closest",3718269,7,"Grove Point/Arm Jetty"
"12618","Closest",3718280,40,"Titirangi Bay"
"12619","Closest",3718281,9,"Ngakuta Bay"
"12620","Closest",3718286,9,"Ngakuta Bay"
"12621","Closest",3718289,40,"Titirangi Bay"
"12622","Closest",3718290,24,"Tara Bay"
"12623","Closest",3718291,24,"Tara Bay"
"12624","Closest",3718292,11,"Punga Cove"
"12625","Closest",3718293,40,"Titirangi Bay"
"12626","Closest",3718294,10,"Waterfall Bay"
"12627","Closest",3718295,11,"Punga Cove"
"12628","Closest",3718296,7,"Grove Point/Arm Jetty"
"12629","Closest",3718298,26,"Nikau Cove Doc Camp"
"12630","Closest",3718299,26,"Nikau Cove Doc Camp"
"12631","Closest",3718300,9,"Ngakuta Bay"
"12632","Closest",3718305,12,"Oyster Bay"
"12633","Closest",3718309,32,"Duncan Bay"
"12634","Closest",3718310,32,"Duncan Bay"
"12635","Closest",3718311,7,"Grove Point/Arm Jetty"
"12636","Closest",3718315,16,"Torea Bay"
"12637","Closest",3718317,30,"St. Omer Barge Ramp"
"12638","Closest",3718319,16,"Torea Bay"
"12639","Closest",3718320,16,"Torea Bay"
"12640","Closest",3718321,33,"Penzance Bay"
"12641","Closest",3718324,7,"Grove Point/Arm Jetty"
"12642","Closest",3718325,7,"Grove Point/Arm Jetty"
"12643","Closest",3718326,7,"Grove Point/Arm Jetty"
"12644","Closest",3718327,7,"Grove Point/Arm Jetty"
"12645","Closest",3718329,7,"Grove Point/Arm Jetty"
"12646","Closest",3718330,18,"Moetapu Bay Jetty"
"12647","Closest",3718331,7,"Grove Point/Arm Jetty"
"12648","Closest",3718334,17,"Kaiuma Bay"
"12649","Closest",3718337,7,"Grove Point/Arm Jetty"
"12650","Closest",3718338,7,"Grove Point/Arm Jetty"
"12651","Closest",3718340,7,"Grove Point/Arm Jetty"
"12652","Closest",3718341,7,"Grove Point/Arm Jetty"
"12653","Closest",3718342,7,"Grove Point/Arm Jetty"
"12654","Closest",3718343,7,"Grove Point/Arm Jetty"
"12655","Closest",3718346,7,"Grove Point/Arm Jetty"
"12656","Closest",3718350,7,"Grove Point/Arm Jetty"
"12657","Closest",3718351,7,"Grove Point/Arm Jetty"
"12658","Closest",3718356,7,"Grove Point/Arm Jetty"
"12659","Closest",3718357,7,"Grove Point/Arm Jetty"
"12660","Closest",3718359,7,"Grove Point/Arm Jetty"
"12661","Closest",3718360,7,"Grove Point/Arm Jetty"
"12662","Closest",3718363,7,"Grove Point/Arm Jetty"
"12663","Closest",3718364,31,"Double Bay"
"12664","Closest",3718365,18,"Moetapu Bay Jetty"
"12665","Closest",3718366,31,"Double Bay"
"12666","Closest",3718369,16,"Torea Bay"
"12667","Closest",3718370,25,"Cowshed Bay"
"12668","Closest",3718372,24,"Tara Bay"
"12669","Closest",3718373,22,"Broughton Bay Road"
"12670","Closest",3718376,24,"Tara Bay"
"12671","Closest",3718377,24,"Tara Bay"
"12672","Closest",3718379,20,"Ohingaroa Bay"
"12673","Closest",3718380,25,"Cowshed Bay"
"12674","Closest",3718381,24,"Tara Bay"
"12675","Closest",3718382,10,"Waterfall Bay"
"12676","Closest",3718384,6,"Anakiwa"
"12677","Closest",3718385,16,"Torea Bay"
"12678","Closest",3718386,24,"Tara Bay"
"12679","Closest",3718387,10,"Waterfall Bay"
"12680","Closest",3718388,25,"Cowshed Bay"
"12681","Closest",3718389,24,"Tara Bay"
"12682","Closest",3718391,29,"Waitaria Bay"
"12683","Closest",3718392,29,"Waitaria Bay"
"12684","Closest",3718393,29,"Waitaria Bay"
"12685","Closest",3718395,11,"Punga Cove"
"12686","Closest",3718399,11,"Punga Cove"
"12687","Closest",3718404,10,"Waterfall Bay"
"12688","Closest",3718405,11,"Punga Cove"
"12689","Closest",3718406,10,"Waterfall Bay"
"12690","Closest",3718408,6,"Anakiwa"
"12691","Closest",3718409,24,"Tara Bay"
"12692","Closest",3718410,6,"Anakiwa"
"12693","Closest",3718416,6,"Anakiwa"
"12694","Closest",3718417,6,"Anakiwa"
"12695","Closest",3718418,27,"Sandy Bay"
"12696","Closest",3718421,12,"Oyster Bay"
"12697","Closest",3718428,12,"Oyster Bay"
"12698","Closest",3718429,11,"Punga Cove"
"12699","Closest",3718430,12,"Oyster Bay"
"12700","Closest",3718432,20,"Ohingaroa Bay"
"12701","Closest",3718433,19,"Double Bay Boat Ramp"
"12702","Closest",3718435,30,"St. Omer Barge Ramp"
"12703","Closest",3718436,13,"Hakana Bay"
"12704","Closest",3718451,30,"St. Omer Barge Ramp"
"12705","Closest",3718455,30,"St. Omer Barge Ramp"
"12706","Closest",3718457,12,"Oyster Bay"
"12707","Closest",3718460,9,"Ngakuta Bay"
"12708","Closest",3718461,11,"Punga Cove"
"12709","Closest",3718463,11,"Punga Cove"
"12710","Closest",3718464,11,"Punga Cove"
"12711","Closest",3718465,24,"Tara Bay"
"12712","Closest",3718466,30,"St. Omer Barge Ramp"
"12713","Closest",3718469,22,"Broughton Bay Road"
"12714","Closest",3718472,28,"Fish Bay Ramp"
"12715","Closest",3718473,6,"Anakiwa"
"12716","Closest",3718474,11,"Punga Cove"
"12717","Closest",3718477,27,"Sandy Bay"
"12718","Closest",3718478,19,"Double Bay Boat Ramp"
"12719","Closest",3718480,27,"Sandy Bay"
"12720","Closest",3718483,13,"Hakana Bay"
"12721","Closest",3718484,13,"Hakana Bay"
"12722","Closest",3718486,27,"Sandy Bay"
"12723","Closest",3718487,27,"Sandy Bay"
"12724","Closest",3718490,11,"Punga Cove"
"12725","Closest",3718494,13,"Hakana Bay"
"12726","Closest",3718497,16,"Torea Bay"
"12727","Closest",3718498,6,"Anakiwa"
"12728","Closest",3718500,20,"Ohingaroa Bay"
"12729","Closest",3718501,20,"Ohingaroa Bay"
"12730","Closest",3718503,18,"Moetapu Bay Jetty"
"12731","Closest",3718504,12,"Oyster Bay"
"12732","Closest",3718509,27,"Sandy Bay"
"12733","Closest",3718515,26,"Nikau Cove Doc Camp"
"12734","Closest",3718516,26,"Nikau Cove Doc Camp"
"12735","Closest",3718519,12,"Oyster Bay"
"12736","Closest",3718521,25,"Cowshed Bay"
"12737","Closest",3718523,25,"Cowshed Bay"
"12738","Closest",3718525,11,"Punga Cove"
"12739","Closest",3718526,16,"Torea Bay"
"12740","Closest",3718539,11,"Punga Cove"
"12741","Closest",3718542,11,"Punga Cove"
"12742","Closest",3718543,11,"Punga Cove"
"12743","Closest",3718547,11,"Punga Cove"
"12744","Closest",3718550,16,"Torea Bay"
"12745","Closest",3718553,7,"Grove Point/Arm Jetty"
"12746","Closest",3718558,11,"Punga Cove"
"12747","Closest",3718563,22,"Broughton Bay Road"
"12748","Closest",3718569,29,"Waitaria Bay"
"12749","Closest",3718571,27,"Sandy Bay"
"12750","Closest",3718575,30,"St. Omer Barge Ramp"
"12751","Closest",3718577,27,"Sandy Bay"
"12752","Closest",3718578,27,"Sandy Bay"
"12753","Closest",3718581,27,"Sandy Bay"
"12754","Closest",3718583,21,"Willow Bay"
"12755","Closest",3718586,10,"Waterfall Bay"
"12756","Closest",3718587,6,"Anakiwa"
"12757","Closest",3718596,27,"Sandy Bay"
"12758","Closest",3718597,30,"St. Omer Barge Ramp"
"12759","Closest",3718599,10,"Waterfall Bay"
"12760","Closest",3718604,27,"Sandy Bay"
"12761","Closest",3718606,9,"Ngakuta Bay"
"12762","Closest",3718607,41,"Okiwi Bay"
"12763","Closest",3718618,32,"Duncan Bay"
"12764","Closest",3718621,7,"Grove Point/Arm Jetty"
"12765","Closest",3718630,27,"Sandy Bay"
"12766","Closest",3718634,29,"Waitaria Bay"
"12767","Closest",3718635,9,"Ngakuta Bay"
"12768","Closest",3718637,11,"Punga Cove"
"12769","Closest",3718639,27,"Sandy Bay"
"12770","Closest",3718641,26,"Nikau Cove Doc Camp"
"12771","Closest",3718642,11,"Punga Cove"
"12772","Closest",3718645,6,"Anakiwa"
"12773","Closest",3718646,16,"Torea Bay"
"12774","Closest",3718649,11,"Punga Cove"
"12775","Closest",3718653,16,"Torea Bay"
"12776","Closest",3718654,16,"Torea Bay"
"12777","Closest",3718656,16,"Torea Bay"
"12778","Closest",3718657,15,"Portage Bay"
"12779","Closest",3718658,11,"Punga Cove"
"12780","Closest",3718659,37,"Hamilton Bay (Rocky Creek) Ramp"
"12781","Closest",3718660,25,"Cowshed Bay"
"12782","Closest",3718662,16,"Torea Bay"
"12783","Closest",3718669,27,"Sandy Bay"
"12784","Closest",3718670,30,"St. Omer Barge Ramp"
"12785","Closest",3718671,30,"St. Omer Barge Ramp"
"12786","Closest",3718674,12,"Oyster Bay"
"12787","Closest",3718677,27,"Sandy Bay"
"12788","Closest",3718680,12,"Oyster Bay"
"12789","Closest",3718681,11,"Punga Cove"
"12790","Closest",3718689,6,"Anakiwa"
"12791","Closest",3718692,18,"Moetapu Bay Jetty"
"12792","Closest",3718694,12,"Oyster Bay"
"12793","Closest",3718699,12,"Oyster Bay"
"12794","Closest",3718706,18,"Moetapu Bay Jetty"
"12795","Closest",3718707,24,"Tara Bay"
"12796","Closest",3718709,18,"Moetapu Bay Jetty"
"12797","Closest",3718710,11,"Punga Cove"
"12798","Closest",3718711,22,"Broughton Bay Road"
"12799","Closest",3718712,22,"Broughton Bay Road"
"12800","Closest",3718713,26,"Nikau Cove Doc Camp"
"12801","Closest",3718714,13,"Hakana Bay"
"12802","Closest",3718715,18,"Moetapu Bay Jetty"
"12803","Closest",3718716,12,"Oyster Bay"
"12804","Closest",3718756,9,"Ngakuta Bay"
"12805","Closest",3718759,33,"Penzance Bay"
"12806","Closest",3718760,32,"Duncan Bay"
"12807","Closest",3718763,24,"Tara Bay"
"12808","Closest",3718774,11,"Punga Cove"
"12809","Closest",3718775,29,"Waitaria Bay"
"12810","Closest",3718776,13,"Hakana Bay"
"12811","Closest",3718778,13,"Hakana Bay"
"12812","Closest",3718779,18,"Moetapu Bay Jetty"
"12813","Closest",3718781,21,"Willow Bay"
"12814","Closest",3718785,32,"Duncan Bay"
"12815","Closest",3718788,19,"Double Bay Boat Ramp"
"12816","Closest",3718789,17,"Kaiuma Bay"
"12817","Closest",3718792,27,"Sandy Bay"
"12818","Closest",3718793,12,"Oyster Bay"
"12819","Closest",3718794,11,"Punga Cove"
"12820","Closest",3718795,11,"Punga Cove"
"12821","Closest",3718796,13,"Hakana Bay"
"12822","Closest",3718799,27,"Sandy Bay"
"12823","Closest",3718800,27,"Sandy Bay"
"12824","Closest",3718801,13,"Hakana Bay"
"12825","Closest",3718803,12,"Oyster Bay"
"12826","Closest",3718804,13,"Hakana Bay"
"12827","Closest",3718805,12,"Oyster Bay"
"12828","Closest",3718806,12,"Oyster Bay"
"12829","Closest",3718810,13,"Hakana Bay"
"12830","Closest",3718811,33,"Penzance Bay"
"12831","Closest",3718814,18,"Moetapu Bay Jetty"
"12832","Closest",3718823,30,"St. Omer Barge Ramp"
"12833","Closest",3718828,33,"Penzance Bay"
"12834","Closest",3718829,32,"Duncan Bay"
"12835","Closest",3718837,19,"Double Bay Boat Ramp"
"12836","Closest",3718851,11,"Punga Cove"
"12837","Closest",3718853,12,"Oyster Bay"
"12838","Closest",3718858,11,"Punga Cove"
"12839","Closest",3718864,9,"Ngakuta Bay"
"12840","Closest",3718869,12,"Oyster Bay"
"12841","Closest",3718872,20,"Ohingaroa Bay"
"12842","Closest",3718875,12,"Oyster Bay"
"12843","Closest",3718876,12,"Oyster Bay"
"12844","Closest",3718884,9,"Ngakuta Bay"
"12845","Closest",3718898,11,"Punga Cove"
"12846","Closest",3718904,7,"Grove Point/Arm Jetty"
"12847","Closest",3718905,7,"Grove Point/Arm Jetty"
"12848","Closest",3718906,7,"Grove Point/Arm Jetty"
"12849","Closest",3718907,7,"Grove Point/Arm Jetty"
"12850","Closest",3718909,7,"Grove Point/Arm Jetty"
"12851","Closest",3718912,7,"Grove Point/Arm Jetty"
"12852","Closest",3718914,7,"Grove Point/Arm Jetty"
"12853","Closest",3718915,12,"Oyster Bay"
"12854","Closest",3718916,7,"Grove Point/Arm Jetty"
"12855","Closest",3718917,7,"Grove Point/Arm Jetty"
"12856","Closest",3718919,7,"Grove Point/Arm Jetty"
"12857","Closest",3718920,7,"Grove Point/Arm Jetty"
"12858","Closest",3718924,7,"Grove Point/Arm Jetty"
"12859","Closest",3718925,17,"Kaiuma Bay"
"12860","Closest",3718928,7,"Grove Point/Arm Jetty"
"12861","Closest",3718929,17,"Kaiuma Bay"
"12862","Closest",3718931,7,"Grove Point/Arm Jetty"
"12863","Closest",3718933,7,"Grove Point/Arm Jetty"
"12864","Closest",3718938,7,"Grove Point/Arm Jetty"
"12865","Closest",3718956,11,"Punga Cove"
"12866","Closest",3718977,11,"Punga Cove"
"12867","Closest",3718979,13,"Hakana Bay"
"12868","Closest",3719003,9,"Ngakuta Bay"
"12869","Closest",3719023,12,"Oyster Bay"
"12870","Closest",3719040,9,"Ngakuta Bay"
"12871","Closest",3719046,9,"Ngakuta Bay"
"12872","Closest",3719063,12,"Oyster Bay"
"12873","Closest",3719064,7,"Grove Point/Arm Jetty"
"12874","Closest",3719065,7,"Grove Point/Arm Jetty"
"12875","Closest",3719066,7,"Grove Point/Arm Jetty"
"12876","Closest",3719067,7,"Grove Point/Arm Jetty"
"12877","Closest",3719072,7,"Grove Point/Arm Jetty"
"12878","Closest",3719073,7,"Grove Point/Arm Jetty"
"12879","Closest",3719076,7,"Grove Point/Arm Jetty"
"12880","Closest",3719077,12,"Oyster Bay"
"12881","Closest",3719122,7,"Grove Point/Arm Jetty"
"12882","Closest",3719131,7,"Grove Point/Arm Jetty"
"12883","Closest",3719133,7,"Grove Point/Arm Jetty"
"12884","Closest",3719134,7,"Grove Point/Arm Jetty"
"12885","Closest",3719144,9,"Ngakuta Bay"
"12886","Closest",3719175,13,"Hakana Bay"
"12887","Closest",3719192,9,"Ngakuta Bay"
"12888","Closest",3719207,9,"Ngakuta Bay"
"12889","Closest",3719219,9,"Ngakuta Bay"
"12890","Closest",3719220,9,"Ngakuta Bay"
"12891","Closest",3719232,9,"Ngakuta Bay"
"12892","Closest",3719236,13,"Hakana Bay"
"12893","Closest",3719244,24,"Tara Bay"
"12894","Closest",3719245,12,"Oyster Bay"
"12895","Closest",3719249,7,"Grove Point/Arm Jetty"
"12896","Closest",3719258,41,"Okiwi Bay"
"12897","Closest",3719259,9,"Ngakuta Bay"
"12898","Closest",3719284,9,"Ngakuta Bay"
"12899","Closest",3719288,29,"Waitaria Bay"
"12900","Closest",3719289,12,"Oyster Bay"
"12901","Closest",3719290,27,"Sandy Bay"
"12902","Closest",3719293,30,"St. Omer Barge Ramp"
"12903","Closest",3719297,29,"Waitaria Bay"
"12904","Closest",3719298,11,"Punga Cove"
"12905","Closest",3719304,40,"Titirangi Bay"
"12906","Closest",3719307,13,"Hakana Bay"
"12907","Closest",3719315,13,"Hakana Bay"
"12908","Closest",3719316,13,"Hakana Bay"
"12909","Closest",3719317,11,"Punga Cove"
"12910","Closest",3719318,25,"Cowshed Bay"
"12911","Closest",3719319,6,"Anakiwa"
"12912","Closest",3719320,6,"Anakiwa"
"12913","Closest",3719321,6,"Anakiwa"
"12914","Closest",3719322,6,"Anakiwa"
"12915","Closest",3719324,6,"Anakiwa"
"12916","Closest",3719325,6,"Anakiwa"
"12917","Closest",3719326,6,"Anakiwa"
"12918","Closest",3719327,6,"Anakiwa"
"12919","Closest",3719329,9,"Ngakuta Bay"
"12920","Closest",3719330,12,"Oyster Bay"
"12921","Closest",3719333,12,"Oyster Bay"
"12922","Closest",3719334,6,"Anakiwa"
"12923","Closest",3719336,19,"Double Bay Boat Ramp"
"12924","Closest",3719340,7,"Grove Point/Arm Jetty"
"12925","Closest",3719341,9,"Ngakuta Bay"
"12926","Closest",3719343,6,"Anakiwa"
"12927","Closest",3719344,6,"Anakiwa"
"12928","Closest",3719345,6,"Anakiwa"
"12929","Closest",3719346,6,"Anakiwa"
"12930","Closest",3719347,12,"Oyster Bay"
"12931","Closest",3719348,12,"Oyster Bay"
"12932","Closest",3719349,9,"Ngakuta Bay"
"12933","Closest",3719351,9,"Ngakuta Bay"
"12934","Closest",3719353,12,"Oyster Bay"
"12935","Closest",3719365,9,"Ngakuta Bay"
"12936","Closest",3719366,9,"Ngakuta Bay"
"12937","Closest",3719374,12,"Oyster Bay"
"12938","Closest",3719378,33,"Penzance Bay"
"12939","Closest",3719387,32,"Duncan Bay"
"12940","Closest",3719392,27,"Sandy Bay"
"12941","Closest",3719416,11,"Punga Cove"
"12942","Closest",3719424,7,"Grove Point/Arm Jetty"
"12943","Closest",3719452,12,"Oyster Bay"
"12944","Closest",3719481,9,"Ngakuta Bay"
"12945","Closest",3719484,9,"Ngakuta Bay"
"12946","Closest",3719488,33,"Penzance Bay"
"12947","Closest",3719494,13,"Hakana Bay"
"12948","Closest",3719510,13,"Hakana Bay"
"12949","Closest",3719511,9,"Ngakuta Bay"
"12950","Closest",3719565,9,"Ngakuta Bay"
"12951","Closest",3719629,12,"Oyster Bay"
"12952","Closest",3719632,9,"Ngakuta Bay"
"12953","Closest",3719641,9,"Ngakuta Bay"
"12954","Closest",3719651,7,"Grove Point/Arm Jetty"
"12955","Closest",3719652,9,"Ngakuta Bay"
"12956","Closest",3719653,13,"Hakana Bay"
"12957","Closest",3719669,32,"Duncan Bay"
"12958","Closest",3719672,9,"Ngakuta Bay"
"12959","Closest",3719684,32,"Duncan Bay"
"12960","Closest",3719686,7,"Grove Point/Arm Jetty"
"12961","Closest",3719692,11,"Punga Cove"
"12962","Closest",3719697,13,"Hakana Bay"
"12963","Closest",3719699,13,"Hakana Bay"
"12964","Closest",3719702,13,"Hakana Bay"
"12965","Closest",3719714,9,"Ngakuta Bay"
"12966","Closest",3719767,9,"Ngakuta Bay"
"12967","Closest",3719803,7,"Grove Point/Arm Jetty"
"12968","Closest",3719804,9,"Ngakuta Bay"
"12969","Closest",3719806,30,"St. Omer Barge Ramp"
"12970","Closest",3719849,12,"Oyster Bay"
"12971","Closest",3719890,9,"Ngakuta Bay"
"12972","Closest",3719893,9,"Ngakuta Bay"
"12973","Closest",3719894,9,"Ngakuta Bay"
"12974","Closest",3719895,9,"Ngakuta Bay"
"12975","Closest",3719898,12,"Oyster Bay"
"12976","Closest",3719918,9,"Ngakuta Bay"
"12977","Closest",3719919,7,"Grove Point/Arm Jetty"
"12978","Closest",3719922,9,"Ngakuta Bay"
"12979","Closest",3719927,19,"Double Bay Boat Ramp"
"12980","Closest",3719929,7,"Grove Point/Arm Jetty"
"12981","Closest",3719931,9,"Ngakuta Bay"
"12982","Closest",3719932,9,"Ngakuta Bay"
"12983","Closest",3719935,7,"Grove Point/Arm Jetty"
"12984","Closest",3719949,19,"Double Bay Boat Ramp"
"12985","Closest",3719975,9,"Ngakuta Bay"
"12986","Closest",3719981,9,"Ngakuta Bay"
"12987","Closest",3719982,9,"Ngakuta Bay"
"12988","Closest",3719984,7,"Grove Point/Arm Jetty"
"12989","Closest",3719987,7,"Grove Point/Arm Jetty"
"12990","Closest",3719988,9,"Ngakuta Bay"
"12991","Closest",3719993,21,"Willow Bay"
"12992","Closest",3719995,9,"Ngakuta Bay"
"12993","Closest",3719997,9,"Ngakuta Bay"
"12994","Closest",3720000,7,"Grove Point/Arm Jetty"
"12995","Closest",3720004,12,"Oyster Bay"
"12996","Closest",3720007,7,"Grove Point/Arm Jetty"
"12997","Closest",3720013,12,"Oyster Bay"
"12998","Closest",3720022,19,"Double Bay Boat Ramp"
"12999","Closest",3720024,7,"Grove Point/Arm Jetty"
"13000","Closest",3720042,12,"Oyster Bay"
"13001","Closest",3720043,7,"Grove Point/Arm Jetty"
"13002","Closest",3720048,20,"Ohingaroa Bay"
"13003","Closest",3720051,37,"Hamilton Bay (Rocky Creek) Ramp"
"13004","Closest",3720053,21,"Willow Bay"
"13005","Closest",3720054,11,"Punga Cove"
"13006","Closest",3720056,9,"Ngakuta Bay"
"13007","Closest",3720057,9,"Ngakuta Bay"
"13008","Closest",3720058,7,"Grove Point/Arm Jetty"
"13009","Closest",3720059,7,"Grove Point/Arm Jetty"
"13010","Closest",3720064,7,"Grove Point/Arm Jetty"
"13011","Closest",3720066,11,"Punga Cove"
"13012","Closest",3720077,14,"Elaine Bay"
"13013","Closest",3720080,21,"Willow Bay"
"13014","Closest",3720082,27,"Sandy Bay"
"13015","Closest",3720089,7,"Grove Point/Arm Jetty"
"13016","Closest",3720092,7,"Grove Point/Arm Jetty"
"13017","Closest",3720102,7,"Grove Point/Arm Jetty"
"13018","Closest",3720117,7,"Grove Point/Arm Jetty"
"13019","Closest",3720121,27,"Sandy Bay"
"13020","Closest",3720138,12,"Oyster Bay"
"13021","Closest",3720141,18,"Moetapu Bay Jetty"
"13022","Closest",3720150,31,"Double Bay"
"13023","Closest",3720155,11,"Punga Cove"
"13024","Closest",3720156,9,"Ngakuta Bay"
"13025","Closest",3720165,12,"Oyster Bay"
"13026","Closest",3720168,32,"Duncan Bay"
"13027","Closest",3720173,12,"Oyster Bay"
"13028","Closest",3720174,13,"Hakana Bay"
"13029","Closest",3720182,7,"Grove Point/Arm Jetty"
"13030","Closest",3720185,7,"Grove Point/Arm Jetty"
"13031","Closest",3720187,7,"Grove Point/Arm Jetty"
"13032","Closest",3720188,9,"Ngakuta Bay"
"13033","Closest",3720189,7,"Grove Point/Arm Jetty"
"13034","Closest",3720190,7,"Grove Point/Arm Jetty"
"13035","Closest",3720199,9,"Ngakuta Bay"
"13036","Closest",3720203,7,"Grove Point/Arm Jetty"
"13037","Closest",3720205,7,"Grove Point/Arm Jetty"
"13038","Closest",3720213,9,"Ngakuta Bay"
"13039","Closest",3720222,12,"Oyster Bay"
"13040","Closest",3720253,28,"Fish Bay Ramp"
"13041","Closest",3720263,9,"Ngakuta Bay"
"13042","Closest",3720269,9,"Ngakuta Bay"
"13043","Closest",3720297,9,"Ngakuta Bay"
"13044","Closest",3720301,9,"Ngakuta Bay"
"13045","Closest",3720304,33,"Penzance Bay"
"13046","Closest",3720315,27,"Sandy Bay"
"13047","Closest",3720316,27,"Sandy Bay"
"13048","Closest",3720326,12,"Oyster Bay"
"13049","Closest",3720327,9,"Ngakuta Bay"
"13050","Closest",3720341,17,"Kaiuma Bay"
"13051","Closest",3720343,17,"Kaiuma Bay"
"13052","Closest",3720344,17,"Kaiuma Bay"
"13053","Closest",3720360,7,"Grove Point/Arm Jetty"
"13054","Closest",3720362,9,"Ngakuta Bay"
"13055","Closest",3720386,7,"Grove Point/Arm Jetty"
"13056","Closest",3720400,13,"Hakana Bay"
"13057","Closest",3720402,9,"Ngakuta Bay"
"13058","Closest",3720443,11,"Punga Cove"
"13059","Closest",3720445,9,"Ngakuta Bay"
"13060","Closest",3720446,30,"St. Omer Barge Ramp"
"13061","Closest",3720451,13,"Hakana Bay"
"13062","Closest",3720486,13,"Hakana Bay"
"13063","Closest",3720487,9,"Ngakuta Bay"
"13064","Closest",3720521,12,"Oyster Bay"
"13065","Closest",3720522,12,"Oyster Bay"
"13066","Closest",3720524,18,"Moetapu Bay Jetty"
"13067","Closest",3720527,18,"Moetapu Bay Jetty"
"13068","Closest",3720528,9,"Ngakuta Bay"
"13069","Closest",3720538,9,"Ngakuta Bay"
"13070","Closest",3720557,12,"Oyster Bay"
"13071","Closest",3720558,12,"Oyster Bay"
"13072","Closest",3720571,27,"Sandy Bay"
"13073","Closest",3720574,9,"Ngakuta Bay"
"13074","Closest",3720579,17,"Kaiuma Bay"
"13075","Closest",3720583,7,"Grove Point/Arm Jetty"
"13076","Closest",3720584,9,"Ngakuta Bay"
"13077","Closest",3720594,9,"Ngakuta Bay"
"13078","Closest",3720601,7,"Grove Point/Arm Jetty"
"13079","Closest",3720613,9,"Ngakuta Bay"
"13080","Closest",3720616,9,"Ngakuta Bay"
"13081","Closest",3720627,9,"Ngakuta Bay"
"13082","Closest",3720629,30,"St. Omer Barge Ramp"
"13083","Closest",3720632,13,"Hakana Bay"
"13084","Closest",3720635,9,"Ngakuta Bay"
"13085","Closest",3720637,9,"Ngakuta Bay"
"13086","Closest",3720642,9,"Ngakuta Bay"
"13087","Closest",3720645,8,"Momorangi Bay"
"13088","Closest",3720646,9,"Ngakuta Bay"
"13089","Closest",3720647,9,"Ngakuta Bay"
"13090","Closest",3720648,11,"Punga Cove"
"13091","Closest",3720649,9,"Ngakuta Bay"
"13092","Closest",3720659,9,"Ngakuta Bay"
"13093","Closest",3720664,9,"Ngakuta Bay"
"13094","Closest",3720666,9,"Ngakuta Bay"
"13095","Closest",3720672,9,"Ngakuta Bay"
"13096","Closest",3720674,6,"Anakiwa"
"13097","Closest",3720677,7,"Grove Point/Arm Jetty"
"13098","Closest",3720681,9,"Ngakuta Bay"
"13099","Closest",3720682,9,"Ngakuta Bay"
"13100","Closest",3720696,12,"Oyster Bay"
"13101","Closest",3720698,25,"Cowshed Bay"
"13102","Closest",3720702,9,"Ngakuta Bay"
"13103","Closest",3720704,11,"Punga Cove"
"13104","Closest",3720706,27,"Sandy Bay"
"13105","Closest",3720710,11,"Punga Cove"
"13106","Closest",3720711,31,"Double Bay"
"13107","Closest",3720717,20,"Ohingaroa Bay"
"13108","Closest",3720718,7,"Grove Point/Arm Jetty"
"13109","Closest",3720732,20,"Ohingaroa Bay"
"13110","Closest",3720745,9,"Ngakuta Bay"
"13111","Closest",3720749,7,"Grove Point/Arm Jetty"
"13112","Closest",3720757,26,"Nikau Cove Doc Camp"
"13113","Closest",3720762,9,"Ngakuta Bay"
"13114","Closest",3720782,18,"Moetapu Bay Jetty"
"13115","Closest",3720783,12,"Oyster Bay"
"13116","Closest",3720784,9,"Ngakuta Bay"
"13117","Closest",3720785,9,"Ngakuta Bay"
"13118","Closest",3720787,7,"Grove Point/Arm Jetty"
"13119","Closest",3720789,9,"Ngakuta Bay"
"13120","Closest",3720791,12,"Oyster Bay"
"13121","Closest",3720796,12,"Oyster Bay"
"13122","Closest",3720797,9,"Ngakuta Bay"
"13123","Closest",3720798,9,"Ngakuta Bay"
"13124","Closest",3720799,9,"Ngakuta Bay"
"13125","Closest",3720803,9,"Ngakuta Bay"
"13126","Closest",3720818,18,"Moetapu Bay Jetty"
"13127","Closest",3720819,9,"Ngakuta Bay"
"13128","Closest",3720825,9,"Ngakuta Bay"
"13129","Closest",3720826,9,"Ngakuta Bay"
"13130","Closest",3720827,13,"Hakana Bay"
"13131","Closest",3720828,9,"Ngakuta Bay"
"13132","Closest",3720839,13,"Hakana Bay"
"13133","Closest",3720840,9,"Ngakuta Bay"
"13134","Closest",3720841,9,"Ngakuta Bay"
"13135","Closest",3720858,7,"Grove Point/Arm Jetty"
"13136","Closest",3720860,32,"Duncan Bay"
"13137","Closest",3720862,7,"Grove Point/Arm Jetty"
"13138","Closest",3720864,7,"Grove Point/Arm Jetty"
"13139","Closest",3720886,7,"Grove Point/Arm Jetty"
"13140","Closest",3720893,6,"Anakiwa"
"13141","Closest",3720901,7,"Grove Point/Arm Jetty"
"13142","Closest",3720902,7,"Grove Point/Arm Jetty"
"13143","Closest",3720905,12,"Oyster Bay"
"13144","Closest",3720911,20,"Ohingaroa Bay"
"13145","Closest",3720918,12,"Oyster Bay"
"13146","Closest",3720920,7,"Grove Point/Arm Jetty"
"13147","Closest",3720932,33,"Penzance Bay"
"13148","Closest",3720937,33,"Penzance Bay"
"13149","Closest",3720938,8,"Momorangi Bay"
"13150","Closest",3720945,32,"Duncan Bay"
"13151","Closest",3720947,9,"Ngakuta Bay"
"13152","Closest",3720951,9,"Ngakuta Bay"
"13153","Closest",3720953,9,"Ngakuta Bay"
"13154","Closest",3720963,9,"Ngakuta Bay"
"13155","Closest",3720965,9,"Ngakuta Bay"
"13156","Closest",3720966,9,"Ngakuta Bay"
"13157","Closest",3720967,32,"Duncan Bay"
"13158","Closest",3720973,11,"Punga Cove"
"13159","Closest",3720981,9,"Ngakuta Bay"
"13160","Closest",3720983,12,"Oyster Bay"
"13161","Closest",3720989,9,"Ngakuta Bay"
"13162","Closest",3720992,12,"Oyster Bay"
"13163","Closest",3720997,9,"Ngakuta Bay"
"13164","Closest",3720999,11,"Punga Cove"
"13165","Closest",3721000,9,"Ngakuta Bay"
"13166","Closest",3721005,38,"Bulwer Bay"
"13167","Closest",3721007,11,"Punga Cove"
"13168","Closest",3721008,11,"Punga Cove"
"13169","Closest",3721010,21,"Willow Bay"
"13170","Closest",3721011,21,"Willow Bay"
"13171","Closest",3721012,20,"Ohingaroa Bay"
"13172","Closest",3721013,27,"Sandy Bay"
"13173","Closest",3721014,21,"Willow Bay"
"13174","Closest",3721016,21,"Willow Bay"
"13175","Closest",3721017,11,"Punga Cove"
"13176","Closest",3721018,9,"Ngakuta Bay"
"13177","Closest",3721020,13,"Hakana Bay"
"13178","Closest",3721025,19,"Double Bay Boat Ramp"
"13179","Closest",3721026,7,"Grove Point/Arm Jetty"
"13180","Closest",3721028,8,"Momorangi Bay"
"13181","Closest",3721033,7,"Grove Point/Arm Jetty"
"13182","Closest",3721034,19,"Double Bay Boat Ramp"
"13183","Closest",3721036,18,"Moetapu Bay Jetty"
"13184","Closest",3721037,7,"Grove Point/Arm Jetty"
"13185","Closest",3721041,14,"Elaine Bay"
"13186","Closest",3721043,7,"Grove Point/Arm Jetty"
"13187","Closest",3721052,13,"Hakana Bay"
"13188","Closest",3721055,15,"Portage Bay"
"13189","Closest",3721059,12,"Oyster Bay"
"13190","Closest",3721060,11,"Punga Cove"
"13191","Closest",3721061,30,"St. Omer Barge Ramp"
"13192","Closest",3721062,11,"Punga Cove"
"13193","Closest",3721064,11,"Punga Cove"
"13194","Closest",3721067,18,"Moetapu Bay Jetty"
"13195","Closest",3721069,33,"Penzance Bay"
"13196","Closest",3721073,12,"Oyster Bay"
"13197","Closest",3721076,12,"Oyster Bay"
"13198","Closest",3721079,11,"Punga Cove"
"13199","Closest",3721080,11,"Punga Cove"
"13200","Closest",3721081,30,"St. Omer Barge Ramp"
"13201","Closest",3721082,12,"Oyster Bay"
"13202","Closest",3721084,30,"St. Omer Barge Ramp"
"13203","Closest",3721085,9,"Ngakuta Bay"
"13204","Closest",3721088,12,"Oyster Bay"
"13205","Closest",3721089,10,"Waterfall Bay"
"13206","Closest",3721093,32,"Duncan Bay"
"13207","Closest",3721094,32,"Duncan Bay"
"13208","Closest",3721095,13,"Hakana Bay"
"13209","Closest",3721096,15,"Portage Bay"
"13210","Closest",3721098,33,"Penzance Bay"
"13211","Closest",3721100,11,"Punga Cove"
"13212","Closest",3721101,21,"Willow Bay"
"13213","Closest",3721102,27,"Sandy Bay"
"13214","Closest",3721106,11,"Punga Cove"
"13215","Closest",3721109,12,"Oyster Bay"
"13216","Closest",3721117,12,"Oyster Bay"
"13217","Closest",3721129,9,"Ngakuta Bay"
"13218","Closest",3721137,19,"Double Bay Boat Ramp"
"13219","Closest",3721144,11,"Punga Cove"
"13220","Closest",3721145,21,"Willow Bay"
"13221","Closest",3721148,10,"Waterfall Bay"
"13222","Closest",3721149,30,"St. Omer Barge Ramp"
"13223","Closest",3721150,25,"Cowshed Bay"
"13224","Closest",3721152,9,"Ngakuta Bay"
"13225","Closest",3721153,6,"Anakiwa"
"13226","Closest",3721156,9,"Ngakuta Bay"
"13227","Closest",3721158,6,"Anakiwa"
"13228","Closest",3721159,20,"Ohingaroa Bay"
"13229","Closest",3721160,21,"Willow Bay"
"13230","Closest",3721164,19,"Double Bay Boat Ramp"
"13231","Closest",3721175,12,"Oyster Bay"
"13232","Closest",3721179,9,"Ngakuta Bay"
"13233","Closest",3721191,9,"Ngakuta Bay"
"13234","Closest",3721193,9,"Ngakuta Bay"
"13235","Closest",3721216,9,"Ngakuta Bay"
"13236","Closest",3721226,7,"Grove Point/Arm Jetty"
"13237","Closest",3721228,12,"Oyster Bay"
"13238","Closest",3721231,9,"Ngakuta Bay"
"13239","Closest",3721240,7,"Grove Point/Arm Jetty"
"13240","Closest",3721247,12,"Oyster Bay"
"13241","Closest",3721252,13,"Hakana Bay"
"13242","Closest",3721267,9,"Ngakuta Bay"
"13243","Closest",3721276,12,"Oyster Bay"
"13244","Closest",3721304,7,"Grove Point/Arm Jetty"
"13245","Closest",3721314,32,"Duncan Bay"
"13246","Closest",3721322,20,"Ohingaroa Bay"
"13247","Closest",3721323,11,"Punga Cove"
"13248","Closest",3721324,13,"Hakana Bay"
"13249","Closest",3721325,13,"Hakana Bay"
"13250","Closest",3721326,11,"Punga Cove"
"13251","Closest",3721346,9,"Ngakuta Bay"
"13252","Closest",3721352,12,"Oyster Bay"
"13253","Closest",3721353,12,"Oyster Bay"
"13254","Closest",3721360,12,"Oyster Bay"
"13255","Closest",3721362,9,"Ngakuta Bay"
"13256","Closest",3721382,7,"Grove Point/Arm Jetty"
"13257","Closest",3721393,20,"Ohingaroa Bay"
"13258","Closest",3721397,13,"Hakana Bay"
"13259","Closest",3721402,21,"Willow Bay"
"13260","Closest",3721411,9,"Ngakuta Bay"
"13261","Closest",3721423,9,"Ngakuta Bay"
"13262","Closest",3721429,9,"Ngakuta Bay"
"13263","Closest",3721430,9,"Ngakuta Bay"
"13264","Closest",3721458,7,"Grove Point/Arm Jetty"
"13265","Closest",3721463,13,"Hakana Bay"
"13266","Closest",3721464,21,"Willow Bay"
"13267","Closest",3721465,13,"Hakana Bay"
"13268","Closest",3721473,7,"Grove Point/Arm Jetty"
"13269","Closest",3721478,11,"Punga Cove"
"13270","Closest",3721483,9,"Ngakuta Bay"
"13271","Closest",3721484,9,"Ngakuta Bay"
"13272","Closest",3721485,9,"Ngakuta Bay"
"13273","Closest",3721486,9,"Ngakuta Bay"
"13274","Closest",3721487,9,"Ngakuta Bay"
"13275","Closest",3721491,12,"Oyster Bay"
"13276","Closest",3721496,7,"Grove Point/Arm Jetty"
"13277","Closest",3721506,7,"Grove Point/Arm Jetty"
"13278","Closest",3721510,30,"St. Omer Barge Ramp"
"13279","Closest",3721511,30,"St. Omer Barge Ramp"
"13280","Closest",3721512,32,"Duncan Bay"
"13281","Closest",3721519,24,"Tara Bay"
"13282","Closest",3721524,9,"Ngakuta Bay"
"13283","Closest",3721525,12,"Oyster Bay"
"13284","Closest",3721526,7,"Grove Point/Arm Jetty"
"13285","Closest",3721534,32,"Duncan Bay"
"13286","Closest",3721544,12,"Oyster Bay"
"13287","Closest",3721546,7,"Grove Point/Arm Jetty"
"13288","Closest",3721549,13,"Hakana Bay"
"13289","Closest",3721550,9,"Ngakuta Bay"
"13290","Closest",3721552,9,"Ngakuta Bay"
"13291","Closest",3721556,9,"Ngakuta Bay"
"13292","Closest",3721571,22,"Broughton Bay Road"
"13293","Closest",3721577,33,"Penzance Bay"
"13294","Closest",3721578,33,"Penzance Bay"
"13295","Closest",3721579,11,"Punga Cove"
"13296","Closest",3721591,12,"Oyster Bay"
"13297","Closest",3721592,12,"Oyster Bay"
"13298","Closest",3721594,7,"Grove Point/Arm Jetty"
"13299","Closest",3721607,11,"Punga Cove"
"13300","Closest",3721609,7,"Grove Point/Arm Jetty"
"13301","Closest",3721619,9,"Ngakuta Bay"
"13302","Closest",3721634,24,"Tara Bay"
"13303","Closest",3721636,22,"Broughton Bay Road"
"13304","Closest",3721659,32,"Duncan Bay"
"13305","Closest",3721660,12,"Oyster Bay"
"13306","Closest",3721670,9,"Ngakuta Bay"
"13307","Closest",3721672,9,"Ngakuta Bay"
"13308","Closest",3721690,11,"Punga Cove"
"13309","Closest",3721700,13,"Hakana Bay"
"13310","Closest",3721701,13,"Hakana Bay"
"13311","Closest",3721702,9,"Ngakuta Bay"
"13312","Closest",3721704,13,"Hakana Bay"
"13313","Closest",3721705,27,"Sandy Bay"
"13314","Closest",3721707,12,"Oyster Bay"
"13315","Closest",3721708,12,"Oyster Bay"
"13316","Closest",3721726,7,"Grove Point/Arm Jetty"
"13317","Closest",3721730,7,"Grove Point/Arm Jetty"
"13318","Closest",3721731,11,"Punga Cove"
"13319","Closest",3721735,12,"Oyster Bay"
"13320","Closest",3721744,9,"Ngakuta Bay"
"13321","Closest",3721746,30,"St. Omer Barge Ramp"
"13322","Closest",3721749,7,"Grove Point/Arm Jetty"
"13323","Closest",3721750,7,"Grove Point/Arm Jetty"
"13324","Closest",3721755,7,"Grove Point/Arm Jetty"
"13325","Closest",3721770,9,"Ngakuta Bay"
"13326","Closest",3721776,7,"Grove Point/Arm Jetty"
"13327","Closest",3721777,7,"Grove Point/Arm Jetty"
"13328","Closest",3721780,12,"Oyster Bay"
"13329","Closest",3721782,9,"Ngakuta Bay"
"13330","Closest",3721784,7,"Grove Point/Arm Jetty"
"13331","Closest",3721803,30,"St. Omer Barge Ramp"
"13332","Closest",3721808,9,"Ngakuta Bay"
"13333","Closest",3721809,9,"Ngakuta Bay"
"13334","Closest",3721830,9,"Ngakuta Bay"
"13335","Closest",3721831,9,"Ngakuta Bay"
"13336","Closest",3721838,12,"Oyster Bay"
"13337","Closest",3721839,12,"Oyster Bay"
"13338","Closest",3721840,12,"Oyster Bay"
"13339","Closest",3721842,12,"Oyster Bay"
"13340","Closest",3721860,27,"Sandy Bay"
"13341","Closest",3721861,12,"Oyster Bay"
"13342","Closest",3721864,12,"Oyster Bay"
"13343","Closest",3721865,9,"Ngakuta Bay"
"13344","Closest",3721869,9,"Ngakuta Bay"
"13345","Closest",3721870,9,"Ngakuta Bay"
"13346","Closest",3721877,12,"Oyster Bay"
"13347","Closest",3721884,12,"Oyster Bay"
"13348","Closest",3721886,12,"Oyster Bay"
"13349","Closest",3721889,12,"Oyster Bay"
"13350","Closest",3721893,9,"Ngakuta Bay"
"13351","Closest",3721896,12,"Oyster Bay"
"13352","Closest",3721900,7,"Grove Point/Arm Jetty"
"13353","Closest",3721932,33,"Penzance Bay"
"13354","Closest",3721935,9,"Ngakuta Bay"
"13355","Closest",3721942,9,"Ngakuta Bay"
"13356","Closest",3721943,9,"Ngakuta Bay"
"13357","Closest",3721944,21,"Willow Bay"
"13358","Closest",3721945,21,"Willow Bay"
"13359","Closest",3721946,26,"Nikau Cove Doc Camp"
"13360","Closest",3721947,9,"Ngakuta Bay"
"13361","Closest",3721950,7,"Grove Point/Arm Jetty"
"13362","Closest",3721951,9,"Ngakuta Bay"
"13363","Closest",3721964,19,"Double Bay Boat Ramp"
"13364","Closest",3721965,19,"Double Bay Boat Ramp"
"13365","Closest",3721970,7,"Grove Point/Arm Jetty"
"13366","Closest",3721975,9,"Ngakuta Bay"
"13367","Closest",3721982,7,"Grove Point/Arm Jetty"
"13368","Closest",3721983,9,"Ngakuta Bay"
"13369","Closest",3721984,9,"Ngakuta Bay"
"13370","Closest",3722022,7,"Grove Point/Arm Jetty"
"13371","Closest",3722033,30,"St. Omer Barge Ramp"
"13372","Closest",3722034,9,"Ngakuta Bay"
"13373","Closest",3722044,12,"Oyster Bay"
"13374","Closest",3722047,7,"Grove Point/Arm Jetty"
"13375","Closest",3722053,7,"Grove Point/Arm Jetty"
"13376","Closest",3722055,9,"Ngakuta Bay"
"13377","Closest",3722065,9,"Ngakuta Bay"
"13378","Closest",3722077,9,"Ngakuta Bay"
"13379","Closest",3722081,9,"Ngakuta Bay"
"13380","Closest",3722107,9,"Ngakuta Bay"
"13381","Closest",3722111,9,"Ngakuta Bay"
"13382","Closest",3722123,9,"Ngakuta Bay"
"13383","Closest",3722146,19,"Double Bay Boat Ramp"
"13384","Closest",3722147,9,"Ngakuta Bay"
"13385","Closest",3722156,9,"Ngakuta Bay"
"13386","Closest",3722160,7,"Grove Point/Arm Jetty"
"13387","Closest",3722173,21,"Willow Bay"
"13388","Closest",3722185,17,"Kaiuma Bay"
"13389","Closest",3722186,26,"Nikau Cove Doc Camp"
"13390","Closest",3722187,32,"Duncan Bay"
"13391","Closest",3722195,9,"Ngakuta Bay"
"13392","Closest",3722199,7,"Grove Point/Arm Jetty"
"13393","Closest",3722201,9,"Ngakuta Bay"
"13394","Closest",3722202,9,"Ngakuta Bay"
"13395","Closest",3722203,7,"Grove Point/Arm Jetty"
"13396","Closest",3722232,9,"Ngakuta Bay"
"13397","Closest",3722235,27,"Sandy Bay"
"13398","Closest",3722238,7,"Grove Point/Arm Jetty"
"13399","Closest",3722250,18,"Moetapu Bay Jetty"
"13400","Closest",3722265,12,"Oyster Bay"
"13401","Closest",3722267,13,"Hakana Bay"
"13402","Closest",3722270,17,"Kaiuma Bay"
"13403","Closest",3722274,21,"Willow Bay"
"13404","Closest",3722276,9,"Ngakuta Bay"
"13405","Closest",3722290,9,"Ngakuta Bay"
"13406","Closest",3722305,15,"Portage Bay"
"13407","Closest",3722310,9,"Ngakuta Bay"
"13408","Closest",3722316,9,"Ngakuta Bay"
"13409","Closest",3722337,12,"Oyster Bay"
"13410","Closest",3722361,9,"Ngakuta Bay"
"13411","Closest",3722375,7,"Grove Point/Arm Jetty"
"13412","Closest",3722386,9,"Ngakuta Bay"
"13413","Closest",3722392,9,"Ngakuta Bay"
"13414","Closest",3722396,9,"Ngakuta Bay"
"13415","Closest",3722413,9,"Ngakuta Bay"
"13416","Closest",3722414,13,"Hakana Bay"
"13417","Closest",3722418,11,"Punga Cove"
"13418","Closest",3722426,9,"Ngakuta Bay"
"13419","Closest",3722447,9,"Ngakuta Bay"
"13420","Closest",3722454,7,"Grove Point/Arm Jetty"
"13421","Closest",3722456,7,"Grove Point/Arm Jetty"
"13422","Closest",3722459,25,"Cowshed Bay"
"13423","Closest",3722482,7,"Grove Point/Arm Jetty"
"13424","Closest",3722483,18,"Moetapu Bay Jetty"
"13425","Closest",3722487,12,"Oyster Bay"
"13426","Closest",3722494,7,"Grove Point/Arm Jetty"
"13427","Closest",3722499,7,"Grove Point/Arm Jetty"
"13428","Closest",3722500,9,"Ngakuta Bay"
"13429","Closest",3722501,9,"Ngakuta Bay"
"13430","Closest",3722503,9,"Ngakuta Bay"
"13431","Closest",3722505,7,"Grove Point/Arm Jetty"
"13432","Closest",3722509,7,"Grove Point/Arm Jetty"
"13433","Closest",3722516,7,"Grove Point/Arm Jetty"
"13434","Closest",3722518,12,"Oyster Bay"
"13435","Closest",3722531,32,"Duncan Bay"
"13436","Closest",3722532,12,"Oyster Bay"
"13437","Closest",3722534,9,"Ngakuta Bay"
"13438","Closest",3722541,33,"Penzance Bay"
"13439","Closest",3722542,13,"Hakana Bay"
"13440","Closest",3722556,9,"Ngakuta Bay"
"13441","Closest",3722576,9,"Ngakuta Bay"
"13442","Closest",3722601,27,"Sandy Bay"
"13443","Closest",3722612,9,"Ngakuta Bay"
"13444","Closest",3722613,7,"Grove Point/Arm Jetty"
"13445","Closest",3722632,9,"Ngakuta Bay"
"13446","Closest",3722636,32,"Duncan Bay"
"13447","Closest",3722641,7,"Grove Point/Arm Jetty"
"13448","Closest",3722645,9,"Ngakuta Bay"
"13449","Closest",3722647,9,"Ngakuta Bay"
"13450","Closest",3722651,7,"Grove Point/Arm Jetty"
"13451","Closest",3722656,7,"Grove Point/Arm Jetty"
"13452","Closest",3722657,32,"Duncan Bay"
"13453","Closest",3722666,21,"Willow Bay"
"13454","Closest",3722682,9,"Ngakuta Bay"
"13455","Closest",3722685,9,"Ngakuta Bay"
"13456","Closest",3722698,9,"Ngakuta Bay"
"13457","Closest",3722706,9,"Ngakuta Bay"
"13458","Closest",3722720,7,"Grove Point/Arm Jetty"
"13459","Closest",3722724,9,"Ngakuta Bay"
"13460","Closest",3722735,9,"Ngakuta Bay"
"13461","Closest",3722742,24,"Tara Bay"
"13462","Closest",3722745,9,"Ngakuta Bay"
"13463","Closest",3722755,9,"Ngakuta Bay"
"13464","Closest",3722768,12,"Oyster Bay"
"13465","Closest",3722772,7,"Grove Point/Arm Jetty"
"13466","Closest",3722814,17,"Kaiuma Bay"
"13467","Closest",3722870,9,"Ngakuta Bay"
"13468","Closest",3722872,9,"Ngakuta Bay"
"13469","Closest",3722891,11,"Punga Cove"
"13470","Closest",3722893,7,"Grove Point/Arm Jetty"
"13471","Closest",3722905,12,"Oyster Bay"
"13472","Closest",3722908,21,"Willow Bay"
"13473","Closest",3722916,8,"Momorangi Bay"
"13474","Closest",3722925,32,"Duncan Bay"
"13475","Closest",3722931,33,"Penzance Bay"
"13476","Closest",3722932,12,"Oyster Bay"
"13477","Closest",3722941,7,"Grove Point/Arm Jetty"
"13478","Closest",3722942,12,"Oyster Bay"
"13479","Closest",3722949,9,"Ngakuta Bay"
"13480","Closest",3722953,12,"Oyster Bay"
"13481","Closest",3722961,9,"Ngakuta Bay"
"13482","Closest",3722962,9,"Ngakuta Bay"
"13483","Closest",3722963,7,"Grove Point/Arm Jetty"
"13484","Closest",3722966,9,"Ngakuta Bay"
"13485","Closest",3722969,9,"Ngakuta Bay"
"13486","Closest",3722971,12,"Oyster Bay"
"13487","Closest",3722974,12,"Oyster Bay"
"13488","Closest",3722976,9,"Ngakuta Bay"
"13489","Closest",3722979,12,"Oyster Bay"
"13490","Closest",3722981,24,"Tara Bay"
"13491","Closest",3722984,12,"Oyster Bay"
"13492","Closest",3722989,8,"Momorangi Bay"
"13493","Closest",3722990,9,"Ngakuta Bay"
"13494","Closest",3722991,9,"Ngakuta Bay"
"13495","Closest",3722997,9,"Ngakuta Bay"
"13496","Closest",3722998,9,"Ngakuta Bay"
"13497","Closest",3723000,9,"Ngakuta Bay"
"13498","Closest",3723004,6,"Anakiwa"
"13499","Closest",3723005,12,"Oyster Bay"
"13500","Closest",3723011,9,"Ngakuta Bay"
"13501","Closest",3723018,13,"Hakana Bay"
"13502","Closest",3723020,9,"Ngakuta Bay"
"13503","Closest",3723021,9,"Ngakuta Bay"
"13504","Closest",3723022,9,"Ngakuta Bay"
"13505","Closest",3723024,9,"Ngakuta Bay"
"13506","Closest",3723034,9,"Ngakuta Bay"
"13507","Closest",3723035,12,"Oyster Bay"
"13508","Closest",3723040,12,"Oyster Bay"
"13509","Closest",3723044,9,"Ngakuta Bay"
"13510","Closest",3723046,9,"Ngakuta Bay"
"13511","Closest",3723047,9,"Ngakuta Bay"
"13512","Closest",3723048,9,"Ngakuta Bay"
"13513","Closest",3723049,9,"Ngakuta Bay"
"13514","Closest",3723050,11,"Punga Cove"
"13515","Closest",3723051,12,"Oyster Bay"
"13516","Closest",3723052,9,"Ngakuta Bay"
"13517","Closest",3723053,9,"Ngakuta Bay"
"13518","Closest",3723055,9,"Ngakuta Bay"
"13519","Closest",3723059,9,"Ngakuta Bay"
"13520","Closest",3723060,11,"Punga Cove"
"13521","Closest",3723062,9,"Ngakuta Bay"
"13522","Closest",3723063,9,"Ngakuta Bay"
"13523","Closest",3723065,9,"Ngakuta Bay"
"13524","Closest",3723068,9,"Ngakuta Bay"
"13525","Closest",3723070,9,"Ngakuta Bay"
"13526","Closest",3723071,9,"Ngakuta Bay"
"13527","Closest",3723076,7,"Grove Point/Arm Jetty"
"13528","Closest",3723077,9,"Ngakuta Bay"
"13529","Closest",3723078,9,"Ngakuta Bay"
"13530","Closest",3723079,8,"Momorangi Bay"
"13531","Closest",3723084,9,"Ngakuta Bay"
"13532","Closest",3723085,9,"Ngakuta Bay"
"13533","Closest",3723086,9,"Ngakuta Bay"
"13534","Closest",3723089,9,"Ngakuta Bay"
"13535","Closest",3723090,9,"Ngakuta Bay"
"13536","Closest",3723095,9,"Ngakuta Bay"
"13537","Closest",3723098,9,"Ngakuta Bay"
"13538","Closest",3723099,9,"Ngakuta Bay"
"13539","Closest",3723102,9,"Ngakuta Bay"
"13540","Closest",3723104,9,"Ngakuta Bay"
"13541","Closest",3723105,9,"Ngakuta Bay"
"13542","Closest",3723106,9,"Ngakuta Bay"
"13543","Closest",3723109,7,"Grove Point/Arm Jetty"
"13544","Closest",3723110,13,"Hakana Bay"
"13545","Closest",3723119,25,"Cowshed Bay"
"13546","Closest",3723121,9,"Ngakuta Bay"
"13547","Closest",3723123,12,"Oyster Bay"
"13548","Closest",3723131,12,"Oyster Bay"
"13549","Closest",3723133,7,"Grove Point/Arm Jetty"
"13550","Closest",3723134,12,"Oyster Bay"
"13551","Closest",3723161,20,"Ohingaroa Bay"
"13552","Closest",3723165,7,"Grove Point/Arm Jetty"
"13553","Closest",3723172,24,"Tara Bay"
"13554","Closest",3723173,12,"Oyster Bay"
"13555","Closest",3723176,7,"Grove Point/Arm Jetty"
"13556","Closest",3723182,9,"Ngakuta Bay"
"13557","Closest",3723184,9,"Ngakuta Bay"
"13558","Closest",3723188,9,"Ngakuta Bay"
"13559","Closest",3723191,12,"Oyster Bay"
"13560","Closest",3723193,9,"Ngakuta Bay"
"13561","Closest",3723195,7,"Grove Point/Arm Jetty"
"13562","Closest",3723197,9,"Ngakuta Bay"
"13563","Closest",3723199,9,"Ngakuta Bay"
"13564","Closest",3723200,7,"Grove Point/Arm Jetty"
"13565","Closest",3723204,9,"Ngakuta Bay"
"13566","Closest",3723206,9,"Ngakuta Bay"
"13567","Closest",3723210,9,"Ngakuta Bay"
"13568","Closest",3723211,9,"Ngakuta Bay"
"13569","Closest",3723218,9,"Ngakuta Bay"
"13570","Closest",3723219,15,"Portage Bay"
"13571","Closest",3723220,9,"Ngakuta Bay"
"13572","Closest",3723222,9,"Ngakuta Bay"
"13573","Closest",3723224,9,"Ngakuta Bay"
"13574","Closest",3723225,9,"Ngakuta Bay"
"13575","Closest",3723231,9,"Ngakuta Bay"
"13576","Closest",3723233,9,"Ngakuta Bay"
"13577","Closest",3723234,9,"Ngakuta Bay"
"13578","Closest",3723235,9,"Ngakuta Bay"
"13579","Closest",3723240,33,"Penzance Bay"
"13580","Closest",3723243,9,"Ngakuta Bay"
"13581","Closest",3723244,9,"Ngakuta Bay"
"13582","Closest",3723246,9,"Ngakuta Bay"
"13583","Closest",3723248,9,"Ngakuta Bay"
"13584","Closest",3723250,7,"Grove Point/Arm Jetty"
"13585","Closest",3723254,9,"Ngakuta Bay"
"13586","Closest",3723257,9,"Ngakuta Bay"
"13587","Closest",3723260,9,"Ngakuta Bay"
"13588","Closest",3723261,8,"Momorangi Bay"
"13589","Closest",3723264,9,"Ngakuta Bay"
"13590","Closest",3723265,9,"Ngakuta Bay"
"13591","Closest",3723266,9,"Ngakuta Bay"
"13592","Closest",3723269,9,"Ngakuta Bay"
"13593","Closest",3723273,9,"Ngakuta Bay"
"13594","Closest",3723274,9,"Ngakuta Bay"
"13595","Closest",3723277,9,"Ngakuta Bay"
"13596","Closest",3723278,9,"Ngakuta Bay"
"13597","Closest",3723281,9,"Ngakuta Bay"
"13598","Closest",3723282,9,"Ngakuta Bay"
"13599","Closest",3723284,9,"Ngakuta Bay"
"13600","Closest",3723285,9,"Ngakuta Bay"
"13601","Closest",3723287,9,"Ngakuta Bay"
"13602","Closest",3723290,9,"Ngakuta Bay"
"13603","Closest",3723291,11,"Punga Cove"
"13604","Closest",3723294,9,"Ngakuta Bay"
"13605","Closest",3723298,9,"Ngakuta Bay"
"13606","Closest",3723300,9,"Ngakuta Bay"
"13607","Closest",3723309,24,"Tara Bay"
"13608","Closest",3723316,30,"St. Omer Barge Ramp"
"13609","Closest",3723325,30,"St. Omer Barge Ramp"
"13610","Closest",3723336,7,"Grove Point/Arm Jetty"
"13611","Closest",3723340,21,"Willow Bay"
"13612","Closest",3723341,27,"Sandy Bay"
"13613","Closest",3723345,25,"Cowshed Bay"
"13614","Closest",3723347,13,"Hakana Bay"
"13615","Closest",3723349,12,"Oyster Bay"
"13616","Closest",3723350,7,"Grove Point/Arm Jetty"
"13617","Closest",3723352,9,"Ngakuta Bay"
"13618","Closest",3723356,21,"Willow Bay"
"13619","Closest",3723357,9,"Ngakuta Bay"
"13620","Closest",3723378,7,"Grove Point/Arm Jetty"
"13621","Closest",3723386,13,"Hakana Bay"
"13622","Closest",3723389,7,"Grove Point/Arm Jetty"
"13623","Closest",3723390,12,"Oyster Bay"
"13624","Closest",3723403,9,"Ngakuta Bay"
"13625","Closest",3723407,9,"Ngakuta Bay"
"13626","Closest",3723410,9,"Ngakuta Bay"
"13627","Closest",3723416,12,"Oyster Bay"
"13628","Closest",3723418,19,"Double Bay Boat Ramp"
"13629","Closest",3723420,9,"Ngakuta Bay"
"13630","Closest",3723428,9,"Ngakuta Bay"
"13631","Closest",3723436,17,"Kaiuma Bay"
"13632","Closest",3723446,7,"Grove Point/Arm Jetty"
"13633","Closest",3723459,9,"Ngakuta Bay"
"13634","Closest",3723462,7,"Grove Point/Arm Jetty"
"13635","Closest",3723463,7,"Grove Point/Arm Jetty"
"13636","Closest",3723464,9,"Ngakuta Bay"
"13637","Closest",3723465,9,"Ngakuta Bay"
"13638","Closest",3723466,9,"Ngakuta Bay"
"13639","Closest",3723473,9,"Ngakuta Bay"
"13640","Closest",3723474,13,"Hakana Bay"
"13641","Closest",3723476,7,"Grove Point/Arm Jetty"
"13642","Closest",3723478,7,"Grove Point/Arm Jetty"
"13643","Closest",3723479,9,"Ngakuta Bay"
"13644","Closest",3723488,21,"Willow Bay"
"13645","Closest",3723489,15,"Portage Bay"
"13646","Closest",3723506,9,"Ngakuta Bay"
"13647","Closest",3723513,27,"Sandy Bay"
"13648","Closest",3723526,9,"Ngakuta Bay"
"13649","Closest",3723531,9,"Ngakuta Bay"
"13650","Closest",3723536,9,"Ngakuta Bay"
"13651","Closest",3723546,30,"St. Omer Barge Ramp"
"13652","Closest",3723549,9,"Ngakuta Bay"
"13653","Closest",3723553,11,"Punga Cove"
"13654","Closest",3723555,31,"Double Bay"
"13655","Closest",3723570,31,"Double Bay"
"13656","Closest",3723571,30,"St. Omer Barge Ramp"
"13657","Closest",3723572,13,"Hakana Bay"
"13658","Closest",3723573,8,"Momorangi Bay"
"13659","Closest",3723577,11,"Punga Cove"
"13660","Closest",3723578,30,"St. Omer Barge Ramp"
"13661","Closest",3723586,24,"Tara Bay"
"13662","Closest",3723590,9,"Ngakuta Bay"
"13663","Closest",3723596,11,"Punga Cove"
"13664","Closest",3723608,26,"Nikau Cove Doc Camp"
"13665","Closest",3723615,9,"Ngakuta Bay"
"13666","Closest",3723623,15,"Portage Bay"
"13667","Closest",3723624,24,"Tara Bay"
"13668","Closest",3723629,6,"Anakiwa"
"13669","Closest",3723630,9,"Ngakuta Bay"
"13670","Closest",3723631,30,"St. Omer Barge Ramp"
"13671","Closest",3723632,30,"St. Omer Barge Ramp"
"13672","Closest",3723635,24,"Tara Bay"
"13673","Closest",3723638,19,"Double Bay Boat Ramp"
"13674","Closest",3723639,9,"Ngakuta Bay"
"13675","Closest",3723641,26,"Nikau Cove Doc Camp"
"13676","Closest",3723647,30,"St. Omer Barge Ramp"
"13677","Closest",3723650,9,"Ngakuta Bay"
"13678","Closest",3723655,30,"St. Omer Barge Ramp"
"13679","Closest",3723659,9,"Ngakuta Bay"
"13680","Closest",3723663,31,"Double Bay"
"13681","Closest",3723665,9,"Ngakuta Bay"
"13682","Closest",3723675,29,"Waitaria Bay"
"13683","Closest",3723681,12,"Oyster Bay"
"13684","Closest",3723692,7,"Grove Point/Arm Jetty"
"13685","Closest",3723693,9,"Ngakuta Bay"
"13686","Closest",3723701,9,"Ngakuta Bay"
"13687","Closest",3723703,7,"Grove Point/Arm Jetty"
"13688","Closest",3723714,12,"Oyster Bay"
"13689","Closest",3723729,33,"Penzance Bay"
"13690","Closest",3723760,7,"Grove Point/Arm Jetty"
"13691","Closest",3723768,11,"Punga Cove"
"13692","Closest",3723771,12,"Oyster Bay"
"13693","Closest",3723772,9,"Ngakuta Bay"
"13694","Closest",3723773,27,"Sandy Bay"
"13695","Closest",3723774,9,"Ngakuta Bay"
"13696","Closest",3723777,7,"Grove Point/Arm Jetty"
"13697","Closest",3723782,6,"Anakiwa"
"13698","Closest",3723788,27,"Sandy Bay"
"13699","Closest",3723790,22,"Broughton Bay Road"
"13700","Closest",3723793,30,"St. Omer Barge Ramp"
"13701","Closest",3723796,24,"Tara Bay"
"13702","Closest",3723799,9,"Ngakuta Bay"
"13703","Closest",3723806,7,"Grove Point/Arm Jetty"
"13704","Closest",3723814,9,"Ngakuta Bay"
"13705","Closest",3723818,7,"Grove Point/Arm Jetty"
"13706","Closest",3723837,7,"Grove Point/Arm Jetty"
"13707","Closest",3723846,32,"Duncan Bay"
"13708","Closest",3723859,9,"Ngakuta Bay"
"13709","Closest",3723871,7,"Grove Point/Arm Jetty"
"13710","Closest",3723886,7,"Grove Point/Arm Jetty"
"13711","Closest",3723888,9,"Ngakuta Bay"
"13712","Closest",3723889,16,"Torea Bay"
"13713","Closest",3723898,7,"Grove Point/Arm Jetty"
"13714","Closest",3723905,11,"Punga Cove"
"13715","Closest",3723906,9,"Ngakuta Bay"
"13716","Closest",3723907,6,"Anakiwa"
"13717","Closest",3723911,9,"Ngakuta Bay"
"13718","Closest",3723920,9,"Ngakuta Bay"
"13719","Closest",3723921,7,"Grove Point/Arm Jetty"
"13720","Closest",3723930,9,"Ngakuta Bay"
"13721","Closest",3723931,9,"Ngakuta Bay"
"13722","Closest",3723932,9,"Ngakuta Bay"
"13723","Closest",3723934,9,"Ngakuta Bay"
"13724","Closest",3723938,9,"Ngakuta Bay"
"13725","Closest",3723940,9,"Ngakuta Bay"
"13726","Closest",3723941,9,"Ngakuta Bay"
"13727","Closest",3723945,9,"Ngakuta Bay"
"13728","Closest",3723947,11,"Punga Cove"
"13729","Closest",3723948,9,"Ngakuta Bay"
"13730","Closest",3723951,9,"Ngakuta Bay"
"13731","Closest",3723952,7,"Grove Point/Arm Jetty"
"13732","Closest",3723954,9,"Ngakuta Bay"
"13733","Closest",3723955,12,"Oyster Bay"
"13734","Closest",3723961,7,"Grove Point/Arm Jetty"
"13735","Closest",3723962,9,"Ngakuta Bay"
"13736","Closest",3723965,9,"Ngakuta Bay"
"13737","Closest",3723969,9,"Ngakuta Bay"
"13738","Closest",3723972,15,"Portage Bay"
"13739","Closest",3723974,9,"Ngakuta Bay"
"13740","Closest",3723976,9,"Ngakuta Bay"
"13741","Closest",3723979,12,"Oyster Bay"
"13742","Closest",3723982,7,"Grove Point/Arm Jetty"
"13743","Closest",3723989,9,"Ngakuta Bay"
"13744","Closest",3723990,12,"Oyster Bay"
"13745","Closest",3723992,30,"St. Omer Barge Ramp"
"13746","Closest",3723993,11,"Punga Cove"
"13747","Closest",3723995,17,"Kaiuma Bay"
"13748","Closest",3724002,27,"Sandy Bay"
"13749","Closest",3724003,11,"Punga Cove"
"13750","Closest",3724005,17,"Kaiuma Bay"
"13751","Closest",3724007,9,"Ngakuta Bay"
"13752","Closest",3724008,12,"Oyster Bay"
"13753","Closest",3724015,9,"Ngakuta Bay"
"13754","Closest",3724022,17,"Kaiuma Bay"
"13755","Closest",3724033,33,"Penzance Bay"
"13756","Closest",3724035,40,"Titirangi Bay"
"13757","Closest",3724036,7,"Grove Point/Arm Jetty"
"13758","Closest",3724042,30,"St. Omer Barge Ramp"
"13759","Closest",3724045,12,"Oyster Bay"
"13760","Closest",3724048,40,"Titirangi Bay"
"13761","Closest",3724051,11,"Punga Cove"
"13762","Closest",3724058,11,"Punga Cove"
"13763","Closest",3724059,6,"Anakiwa"
"13764","Closest",3724060,9,"Ngakuta Bay"
"13765","Closest",3724063,9,"Ngakuta Bay"
"13766","Closest",3724066,12,"Oyster Bay"
"13767","Closest",3724069,7,"Grove Point/Arm Jetty"
"13768","Closest",3724077,7,"Grove Point/Arm Jetty"
"13769","Closest",3724085,9,"Ngakuta Bay"
"13770","Closest",3724090,9,"Ngakuta Bay"
"13771","Closest",3724091,9,"Ngakuta Bay"
"13772","Closest",3724098,9,"Ngakuta Bay"
"13773","Closest",3724104,27,"Sandy Bay"
"13774","Closest",3724105,40,"Titirangi Bay"
"13775","Closest",3724122,9,"Ngakuta Bay"
"13776","Closest",3724126,7,"Grove Point/Arm Jetty"
"13777","Closest",3724151,27,"Sandy Bay"
"13778","Closest",3724153,7,"Grove Point/Arm Jetty"
"13779","Closest",3724165,9,"Ngakuta Bay"
"13780","Closest",3724173,10,"Waterfall Bay"
"13781","Closest",3724181,6,"Anakiwa"
"13782","Closest",3724184,7,"Grove Point/Arm Jetty"
"13783","Closest",3724188,7,"Grove Point/Arm Jetty"
"13784","Closest",3724197,7,"Grove Point/Arm Jetty"
"13785","Closest",3724218,9,"Ngakuta Bay"
"13786","Closest",3724230,7,"Grove Point/Arm Jetty"
"13787","Closest",3724231,23,"Te Mahia"
"13788","Closest",3724232,33,"Penzance Bay"
"13789","Closest",3724241,23,"Te Mahia"
"13790","Closest",3724243,18,"Moetapu Bay Jetty"
"13791","Closest",3724245,7,"Grove Point/Arm Jetty"
"13792","Closest",3724265,7,"Grove Point/Arm Jetty"
"13793","Closest",3724274,23,"Te Mahia"
"13794","Closest",3724279,9,"Ngakuta Bay"
"13795","Closest",3724295,9,"Ngakuta Bay"
"13796","Closest",3724308,9,"Ngakuta Bay"
"13797","Closest",3724313,9,"Ngakuta Bay"
"13798","Closest",3724323,7,"Grove Point/Arm Jetty"
"13799","Closest",3724325,9,"Ngakuta Bay"
"13800","Closest",3724335,7,"Grove Point/Arm Jetty"
"13801","Closest",3724337,9,"Ngakuta Bay"
"13802","Closest",3724362,7,"Grove Point/Arm Jetty"
"13803","Closest",3724371,9,"Ngakuta Bay"
"13804","Closest",3724376,9,"Ngakuta Bay"
"13805","Closest",3724380,9,"Ngakuta Bay"
"13806","Closest",3724381,9,"Ngakuta Bay"
"13807","Closest",3724382,7,"Grove Point/Arm Jetty"
"13808","Closest",3724383,7,"Grove Point/Arm Jetty"
"13809","Closest",3724389,7,"Grove Point/Arm Jetty"
"13810","Closest",3724396,27,"Sandy Bay"
"13811","Closest",3724403,7,"Grove Point/Arm Jetty"
"13812","Closest",3724410,9,"Ngakuta Bay"
"13813","Closest",3724438,7,"Grove Point/Arm Jetty"
"13814","Closest",3724447,12,"Oyster Bay"
"13815","Closest",3724454,7,"Grove Point/Arm Jetty"
"13816","Closest",3724469,29,"Waitaria Bay"
"13817","Closest",3724480,27,"Sandy Bay"
"13818","Closest",3724486,9,"Ngakuta Bay"
"13819","Closest",3724498,7,"Grove Point/Arm Jetty"
"13820","Closest",3724500,7,"Grove Point/Arm Jetty"
"13821","Closest",3724505,13,"Hakana Bay"
"13822","Closest",3724510,9,"Ngakuta Bay"
"13823","Closest",3724520,7,"Grove Point/Arm Jetty"
"13824","Closest",3724521,7,"Grove Point/Arm Jetty"
"13825","Closest",3724524,7,"Grove Point/Arm Jetty"
"13826","Closest",3724525,9,"Ngakuta Bay"
"13827","Closest",3724529,13,"Hakana Bay"
"13828","Closest",3724530,7,"Grove Point/Arm Jetty"
"13829","Closest",3724537,9,"Ngakuta Bay"
"13830","Closest",3724544,9,"Ngakuta Bay"
"13831","Closest",3724554,7,"Grove Point/Arm Jetty"
"13832","Closest",3724557,9,"Ngakuta Bay"
"13833","Closest",3724558,7,"Grove Point/Arm Jetty"
"13834","Closest",3724565,31,"Double Bay"
"13835","Closest",3724571,12,"Oyster Bay"
"13836","Closest",3724581,9,"Ngakuta Bay"
"13837","Closest",3724594,12,"Oyster Bay"
"13838","Closest",3724607,31,"Double Bay"
"13839","Closest",3724608,31,"Double Bay"
"13840","Closest",3724650,14,"Elaine Bay"
"13841","Closest",3724653,12,"Oyster Bay"
"13842","Closest",3724658,9,"Ngakuta Bay"
"13843","Closest",3724678,7,"Grove Point/Arm Jetty"
"13844","Closest",3724687,9,"Ngakuta Bay"
"13845","Closest",3724700,9,"Ngakuta Bay"
"13846","Closest",3724725,9,"Ngakuta Bay"
"13847","Closest",3724731,9,"Ngakuta Bay"
"13848","Closest",3724732,7,"Grove Point/Arm Jetty"
"13849","Closest",3724742,9,"Ngakuta Bay"
"13850","Closest",3724759,9,"Ngakuta Bay"
"13851","Closest",3724762,9,"Ngakuta Bay"
"13852","Closest",3724765,9,"Ngakuta Bay"
"13853","Closest",3724772,9,"Ngakuta Bay"
"13854","Closest",3724773,9,"Ngakuta Bay"
"13855","Closest",3724782,9,"Ngakuta Bay"
"13856","Closest",3724787,9,"Ngakuta Bay"
"13857","Closest",3724790,9,"Ngakuta Bay"
"13858","Closest",3724791,9,"Ngakuta Bay"
"13859","Closest",3724792,9,"Ngakuta Bay"
"13860","Closest",3724798,9,"Ngakuta Bay"
"13861","Closest",3724799,12,"Oyster Bay"
"13862","Closest",3724800,9,"Ngakuta Bay"
"13863","Closest",3724802,9,"Ngakuta Bay"
"13864","Closest",3724803,9,"Ngakuta Bay"
"13865","Closest",3724805,12,"Oyster Bay"
"13866","Closest",3724807,9,"Ngakuta Bay"
"13867","Closest",3724808,9,"Ngakuta Bay"
"13868","Closest",3724809,9,"Ngakuta Bay"
"13869","Closest",3724810,9,"Ngakuta Bay"
"13870","Closest",3724811,9,"Ngakuta Bay"
"13871","Closest",3724813,9,"Ngakuta Bay"
"13872","Closest",3724814,9,"Ngakuta Bay"
"13873","Closest",3724815,9,"Ngakuta Bay"
"13874","Closest",3724816,9,"Ngakuta Bay"
"13875","Closest",3724842,13,"Hakana Bay"
"13876","Closest",3724848,7,"Grove Point/Arm Jetty"
"13877","Closest",3724862,9,"Ngakuta Bay"
"13878","Closest",3724866,12,"Oyster Bay"
"13879","Closest",3724870,12,"Oyster Bay"
"13880","Closest",3724871,29,"Waitaria Bay"
"13881","Closest",3724877,14,"Elaine Bay"
"13882","Closest",3724884,7,"Grove Point/Arm Jetty"
"13883","Closest",3724891,7,"Grove Point/Arm Jetty"
"13884","Closest",3724895,7,"Grove Point/Arm Jetty"
"13885","Closest",3724906,7,"Grove Point/Arm Jetty"
"13886","Closest",3724915,9,"Ngakuta Bay"
"13887","Closest",3724917,9,"Ngakuta Bay"
"13888","Closest",3724924,9,"Ngakuta Bay"
"13889","Closest",3724925,9,"Ngakuta Bay"
"13890","Closest",3724926,9,"Ngakuta Bay"
"13891","Closest",3724949,7,"Grove Point/Arm Jetty"
"13892","Closest",3724953,7,"Grove Point/Arm Jetty"
"13893","Closest",3724954,7,"Grove Point/Arm Jetty"
"13894","Closest",3724964,13,"Hakana Bay"
"13895","Closest",3724969,7,"Grove Point/Arm Jetty"
"13896","Closest",3724970,33,"Penzance Bay"
"13897","Closest",3725003,12,"Oyster Bay"
"13898","Closest",3725015,12,"Oyster Bay"
"13899","Closest",3725019,9,"Ngakuta Bay"
"13900","Closest",3725026,21,"Willow Bay"
"13901","Closest",3725056,7,"Grove Point/Arm Jetty"
"13902","Closest",3725059,7,"Grove Point/Arm Jetty"
"13903","Closest",3725069,7,"Grove Point/Arm Jetty"
"13904","Closest",3725073,7,"Grove Point/Arm Jetty"
"13905","Closest",3725074,7,"Grove Point/Arm Jetty"
"13906","Closest",3725103,18,"Moetapu Bay Jetty"
"13907","Closest",3725110,9,"Ngakuta Bay"
"13908","Closest",3725111,9,"Ngakuta Bay"
"13909","Closest",3725112,9,"Ngakuta Bay"
"13910","Closest",3725113,12,"Oyster Bay"
"13911","Closest",3725118,9,"Ngakuta Bay"
"13912","Closest",3725119,9,"Ngakuta Bay"
"13913","Closest",3725120,9,"Ngakuta Bay"
"13914","Closest",3725125,18,"Moetapu Bay Jetty"
"13915","Closest",3725126,9,"Ngakuta Bay"
"13916","Closest",3725130,9,"Ngakuta Bay"
"13917","Closest",3725132,9,"Ngakuta Bay"
"13918","Closest",3725134,9,"Ngakuta Bay"
"13919","Closest",3725135,9,"Ngakuta Bay"
"13920","Closest",3725136,9,"Ngakuta Bay"
"13921","Closest",3725137,7,"Grove Point/Arm Jetty"
"13922","Closest",3725138,9,"Ngakuta Bay"
"13923","Closest",3725139,8,"Momorangi Bay"
"13924","Closest",3725143,11,"Punga Cove"
"13925","Closest",3725148,30,"St. Omer Barge Ramp"
"13926","Closest",3725159,12,"Oyster Bay"
"13927","Closest",3725161,9,"Ngakuta Bay"
"13928","Closest",3725168,9,"Ngakuta Bay"
"13929","Closest",3725169,9,"Ngakuta Bay"
"13930","Closest",3725196,13,"Hakana Bay"
"13931","Closest",3725212,9,"Ngakuta Bay"
"13932","Closest",3725224,9,"Ngakuta Bay"
"13933","Closest",3725238,12,"Oyster Bay"
"13934","Closest",3725248,23,"Te Mahia"
"13935","Closest",3725254,11,"Punga Cove"
"13936","Closest",3725258,9,"Ngakuta Bay"
"13937","Closest",3725265,9,"Ngakuta Bay"
"13938","Closest",3725266,9,"Ngakuta Bay"
"13939","Closest",3725273,7,"Grove Point/Arm Jetty"
"13940","Closest",3725274,9,"Ngakuta Bay"
"13941","Closest",3725275,9,"Ngakuta Bay"
"13942","Closest",3725276,9,"Ngakuta Bay"
"13943","Closest",3725277,9,"Ngakuta Bay"
"13944","Closest",3725286,9,"Ngakuta Bay"
"13945","Closest",3725289,9,"Ngakuta Bay"
"13946","Closest",3725291,9,"Ngakuta Bay"
"13947","Closest",3725296,12,"Oyster Bay"
"13948","Closest",3725297,33,"Penzance Bay"
"13949","Closest",3725311,9,"Ngakuta Bay"
"13950","Closest",3725320,13,"Hakana Bay"
"13951","Closest",3725321,9,"Ngakuta Bay"
"13952","Closest",3725346,12,"Oyster Bay"
"13953","Closest",3725353,7,"Grove Point/Arm Jetty"
"13954","Closest",3725379,9,"Ngakuta Bay"
"13955","Closest",3725380,11,"Punga Cove"
"13956","Closest",3725383,9,"Ngakuta Bay"
"13957","Closest",3725384,9,"Ngakuta Bay"
"13958","Closest",3725387,9,"Ngakuta Bay"
"13959","Closest",3725391,9,"Ngakuta Bay"
"13960","Closest",3725392,9,"Ngakuta Bay"
"13961","Closest",3725396,7,"Grove Point/Arm Jetty"
"13962","Closest",3725415,13,"Hakana Bay"
"13963","Closest",3725435,9,"Ngakuta Bay"
"13964","Closest",3725455,33,"Penzance Bay"
"13965","Closest",3725458,7,"Grove Point/Arm Jetty"
"13966","Closest",3725464,11,"Punga Cove"
"13967","Closest",3725483,12,"Oyster Bay"
"13968","Closest",3725485,19,"Double Bay Boat Ramp"
"13969","Closest",3725488,9,"Ngakuta Bay"
"13970","Closest",3725530,9,"Ngakuta Bay"
"13971","Closest",3725534,40,"Titirangi Bay"
"13972","Closest",3725542,9,"Ngakuta Bay"
"13973","Closest",3725548,7,"Grove Point/Arm Jetty"
"13974","Closest",3725553,30,"St. Omer Barge Ramp"
"13975","Closest",3725584,40,"Titirangi Bay"
"13976","Closest",3725586,6,"Anakiwa"
"13977","Closest",3725600,13,"Hakana Bay"
"13978","Closest",3725602,9,"Ngakuta Bay"
"13979","Closest",3725605,17,"Kaiuma Bay"
"13980","Closest",3725610,7,"Grove Point/Arm Jetty"
"13981","Closest",3725616,7,"Grove Point/Arm Jetty"
"13982","Closest",3725619,17,"Kaiuma Bay"
"13983","Closest",3725620,17,"Kaiuma Bay"
"13984","Closest",3725623,17,"Kaiuma Bay"
"13985","Closest",3725624,7,"Grove Point/Arm Jetty"
"13986","Closest",3725625,7,"Grove Point/Arm Jetty"
"13987","Closest",3725626,7,"Grove Point/Arm Jetty"
"13988","Closest",3725629,7,"Grove Point/Arm Jetty"
"13989","Closest",3725630,7,"Grove Point/Arm Jetty"
"13990","Closest",3725632,7,"Grove Point/Arm Jetty"
"13991","Closest",3725633,7,"Grove Point/Arm Jetty"
"13992","Closest",3725635,7,"Grove Point/Arm Jetty"
"13993","Closest",3725636,7,"Grove Point/Arm Jetty"
"13994","Closest",3725637,7,"Grove Point/Arm Jetty"
"13995","Closest",3725672,11,"Punga Cove"
"13996","Closest",3725674,7,"Grove Point/Arm Jetty"
"13997","Closest",3725676,33,"Penzance Bay"
"13998","Closest",3725678,12,"Oyster Bay"
"13999","Closest",3725679,26,"Nikau Cove Doc Camp"
"14000","Closest",3725680,9,"Ngakuta Bay"
"14001","Closest",3725687,12,"Oyster Bay"
"14002","Closest",3725696,7,"Grove Point/Arm Jetty"
"14003","Closest",3725697,7,"Grove Point/Arm Jetty"
"14004","Closest",3725702,9,"Ngakuta Bay"
"14005","Closest",3725703,7,"Grove Point/Arm Jetty"
"14006","Closest",3725704,7,"Grove Point/Arm Jetty"
"14007","Closest",3725710,9,"Ngakuta Bay"
"14008","Closest",3725732,12,"Oyster Bay"
"14009","Closest",3725733,9,"Ngakuta Bay"
"14010","Closest",3725742,9,"Ngakuta Bay"
"14011","Closest",3725744,9,"Ngakuta Bay"
"14012","Closest",3725757,7,"Grove Point/Arm Jetty"
"14013","Closest",3725758,7,"Grove Point/Arm Jetty"
"14014","Closest",3725761,7,"Grove Point/Arm Jetty"
"14015","Closest",3725763,29,"Waitaria Bay"
"14016","Closest",3725774,13,"Hakana Bay"
"14017","Closest",3725822,6,"Anakiwa"
"14018","Closest",3725832,7,"Grove Point/Arm Jetty"
"14019","Closest",3725834,40,"Titirangi Bay"
"14020","Closest",3725836,7,"Grove Point/Arm Jetty"
"14021","Closest",3725850,6,"Anakiwa"
"14022","Closest",3725852,9,"Ngakuta Bay"
"14023","Closest",3725859,9,"Ngakuta Bay"
"14024","Closest",3725864,7,"Grove Point/Arm Jetty"
"14025","Closest",3725871,7,"Grove Point/Arm Jetty"
"14026","Closest",3725896,9,"Ngakuta Bay"
"14027","Closest",3725904,9,"Ngakuta Bay"
"14028","Closest",3725906,9,"Ngakuta Bay"
"14029","Closest",3725909,9,"Ngakuta Bay"
"14030","Closest",3725916,9,"Ngakuta Bay"
"14031","Closest",3725931,12,"Oyster Bay"
"14032","Closest",3725961,7,"Grove Point/Arm Jetty"
"14033","Closest",3725968,7,"Grove Point/Arm Jetty"
"14034","Closest",3725969,7,"Grove Point/Arm Jetty"
"14035","Closest",3725977,12,"Oyster Bay"
"14036","Closest",3725994,12,"Oyster Bay"
"14037","Closest",3726000,9,"Ngakuta Bay"
"14038","Closest",3726002,41,"Okiwi Bay"
"14039","Closest",3726003,7,"Grove Point/Arm Jetty"
"14040","Closest",3726020,21,"Willow Bay"
"14041","Closest",3726022,9,"Ngakuta Bay"
"14042","Closest",3726025,9,"Ngakuta Bay"
"14043","Closest",3726028,9,"Ngakuta Bay"
"14044","Closest",3726033,9,"Ngakuta Bay"
"14045","Closest",3726038,9,"Ngakuta Bay"
"14046","Closest",3726059,9,"Ngakuta Bay"
"14047","Closest",3726066,27,"Sandy Bay"
"14048","Closest",3726081,26,"Nikau Cove Doc Camp"
"14049","Closest",3726083,13,"Hakana Bay"
"14050","Closest",3726108,32,"Duncan Bay"
"14051","Closest",3726110,9,"Ngakuta Bay"
"14052","Closest",3726111,32,"Duncan Bay"
"14053","Closest",3726112,9,"Ngakuta Bay"
"14054","Closest",3726113,33,"Penzance Bay"
"14055","Closest",3726115,32,"Duncan Bay"
"14056","Closest",3726116,9,"Ngakuta Bay"
"14057","Closest",3726120,9,"Ngakuta Bay"
"14058","Closest",3726121,9,"Ngakuta Bay"
"14059","Closest",3726124,9,"Ngakuta Bay"
"14060","Closest",3726125,9,"Ngakuta Bay"
"14061","Closest",3726126,9,"Ngakuta Bay"
"14062","Closest",3726127,9,"Ngakuta Bay"
"14063","Closest",3726133,9,"Ngakuta Bay"
"14064","Closest",3726134,7,"Grove Point/Arm Jetty"
"14065","Closest",3726147,19,"Double Bay Boat Ramp"
"14066","Closest",3726148,9,"Ngakuta Bay"
"14067","Closest",3726149,9,"Ngakuta Bay"
"14068","Closest",3726152,40,"Titirangi Bay"
"14069","Closest",3726153,9,"Ngakuta Bay"
"14070","Closest",3726155,21,"Willow Bay"
"14071","Closest",3726158,9,"Ngakuta Bay"
"14072","Closest",3726174,11,"Punga Cove"
"14073","Closest",3726187,19,"Double Bay Boat Ramp"
"14074","Closest",3726191,9,"Ngakuta Bay"
"14075","Closest",3726199,11,"Punga Cove"
"14076","Closest",3726200,11,"Punga Cove"
"14077","Closest",3726213,24,"Tara Bay"
"14078","Closest",3726218,9,"Ngakuta Bay"
"14079","Closest",3726219,9,"Ngakuta Bay"
"14080","Closest",3726222,10,"Waterfall Bay"
"14081","Closest",3726230,13,"Hakana Bay"
"14082","Closest",3726231,9,"Ngakuta Bay"
"14083","Closest",3726238,9,"Ngakuta Bay"
"14084","Closest",3726265,18,"Moetapu Bay Jetty"
"14085","Closest",3726268,9,"Ngakuta Bay"
"14086","Closest",3726271,9,"Ngakuta Bay"
"14087","Closest",3726283,7,"Grove Point/Arm Jetty"
"14088","Closest",3726294,32,"Duncan Bay"
"14089","Closest",3726297,24,"Tara Bay"
"14090","Closest",3726309,9,"Ngakuta Bay"
"14091","Closest",3726310,40,"Titirangi Bay"
"14092","Closest",3726323,7,"Grove Point/Arm Jetty"
"14093","Closest",3726337,7,"Grove Point/Arm Jetty"
"14094","Closest",3726341,7,"Grove Point/Arm Jetty"
"14095","Closest",3726387,24,"Tara Bay"
"14096","Closest",3726391,30,"St. Omer Barge Ramp"
"14097","Closest",3726396,13,"Hakana Bay"
"14098","Closest",3726397,33,"Penzance Bay"
"14099","Closest",3726424,14,"Elaine Bay"
"14100","Closest",3726436,7,"Grove Point/Arm Jetty"
"14101","Closest",3726437,30,"St. Omer Barge Ramp"
"14102","Closest",3726457,13,"Hakana Bay"
"14103","Closest",3726459,30,"St. Omer Barge Ramp"
"14104","Closest",3726462,24,"Tara Bay"
"14105","Closest",3726463,12,"Oyster Bay"
"14106","Closest",3726464,32,"Duncan Bay"
"14107","Closest",3726469,19,"Double Bay Boat Ramp"
"14108","Closest",3726492,6,"Anakiwa"
"14109","Closest",3726493,6,"Anakiwa"
"14110","Closest",3726501,9,"Ngakuta Bay"
"14111","Closest",3726502,9,"Ngakuta Bay"
"14112","Closest",3726503,6,"Anakiwa"
"14113","Closest",3726504,6,"Anakiwa"
"14114","Closest",3726508,32,"Duncan Bay"
"14115","Closest",3726536,24,"Tara Bay"
"14116","Closest",3726540,9,"Ngakuta Bay"
"14117","Closest",3726541,15,"Portage Bay"
"14118","Closest",3726544,32,"Duncan Bay"
"14119","Closest",3726545,24,"Tara Bay"
"14120","Closest",3726552,33,"Penzance Bay"
"14121","Closest",3726554,32,"Duncan Bay"
"14122","Closest",3726559,32,"Duncan Bay"
"14123","Closest",3726563,7,"Grove Point/Arm Jetty"
"14124","Closest",3726566,33,"Penzance Bay"
"14125","Closest",3726568,40,"Titirangi Bay"
"14126","Closest",3726574,11,"Punga Cove"
"14127","Closest",3726575,10,"Waterfall Bay"
"14128","Closest",3726577,10,"Waterfall Bay"
"14129","Closest",3726579,10,"Waterfall Bay"
"14130","Closest",3726580,33,"Penzance Bay"
"14131","Closest",3726582,11,"Punga Cove"
"14132","Closest",3726584,32,"Duncan Bay"
"14133","Closest",3726585,26,"Nikau Cove Doc Camp"
"14134","Closest",3726586,27,"Sandy Bay"
"14135","Closest",3726587,30,"St. Omer Barge Ramp"
"14136","Closest",3726588,33,"Penzance Bay"
"14137","Closest",3726591,40,"Titirangi Bay"
"14138","Closest",3726593,24,"Tara Bay"
"14139","Closest",3726596,24,"Tara Bay"
"14140","Closest",3726598,24,"Tara Bay"
"14141","Closest",3726601,11,"Punga Cove"
"14142","Closest",3726603,18,"Moetapu Bay Jetty"
"14143","Closest",3726607,26,"Nikau Cove Doc Camp"
"14144","Closest",3726609,11,"Punga Cove"
"14145","Closest",3726610,11,"Punga Cove"
"14146","Closest",3726612,27,"Sandy Bay"
"14147","Closest",3726617,13,"Hakana Bay"
"14148","Closest",3726618,13,"Hakana Bay"
"14149","Closest",3726619,9,"Ngakuta Bay"
"14150","Closest",3726620,13,"Hakana Bay"
"14151","Closest",3726622,9,"Ngakuta Bay"
"14152","Closest",3726623,26,"Nikau Cove Doc Camp"
"14153","Closest",3726626,24,"Tara Bay"
"14154","Closest",3726629,29,"Waitaria Bay"
"14155","Closest",3726632,10,"Waterfall Bay"
"14156","Closest",3726633,24,"Tara Bay"
"14157","Closest",3726635,23,"Te Mahia"
"14158","Closest",3726640,24,"Tara Bay"
"14159","Closest",3726642,11,"Punga Cove"
"14160","Closest",3726644,24,"Tara Bay"
"14161","Closest",3726645,24,"Tara Bay"
"14162","Closest",3726646,24,"Tara Bay"
"14163","Closest",3726647,24,"Tara Bay"
"14164","Closest",3726648,24,"Tara Bay"
"14165","Closest",3726650,24,"Tara Bay"
"14166","Closest",3726651,24,"Tara Bay"
"14167","Closest",3726652,16,"Torea Bay"
"14168","Closest",3726653,9,"Ngakuta Bay"
"14169","Closest",3726654,10,"Waterfall Bay"
"14170","Closest",3726655,26,"Nikau Cove Doc Camp"
"14171","Closest",3726656,26,"Nikau Cove Doc Camp"
"14172","Closest",3726660,15,"Portage Bay"
"14173","Closest",3726662,11,"Punga Cove"
"14174","Closest",3726664,23,"Te Mahia"
"14175","Closest",3726668,23,"Te Mahia"
"14176","Closest",3726671,24,"Tara Bay"
"14177","Closest",3726673,29,"Waitaria Bay"
"14178","Closest",3726674,16,"Torea Bay"
"14179","Closest",3726675,9,"Ngakuta Bay"
"14180","Closest",3726676,16,"Torea Bay"
"14181","Closest",3726678,11,"Punga Cove"
"14182","Closest",3726682,32,"Duncan Bay"
"14183","Closest",3726684,9,"Ngakuta Bay"
"14184","Closest",3726686,17,"Kaiuma Bay"
"14185","Closest",3726687,32,"Duncan Bay"
"14186","Closest",3726688,11,"Punga Cove"
"14187","Closest",3726689,32,"Duncan Bay"
"14188","Closest",3726691,17,"Kaiuma Bay"
"14189","Closest",3726695,32,"Duncan Bay"
"14190","Closest",3726696,17,"Kaiuma Bay"
"14191","Closest",3726703,30,"St. Omer Barge Ramp"
"14192","Closest",3726705,33,"Penzance Bay"
"14193","Closest",3726706,9,"Ngakuta Bay"
"14194","Closest",3726707,16,"Torea Bay"
"14195","Closest",3726709,32,"Duncan Bay"
"14196","Closest",3726711,30,"St. Omer Barge Ramp"
"14197","Closest",3726712,30,"St. Omer Barge Ramp"
"14198","Closest",3726717,32,"Duncan Bay"
"14199","Closest",3726718,32,"Duncan Bay"
"14200","Closest",3726721,17,"Kaiuma Bay"
"14201","Closest",3726722,33,"Penzance Bay"
"14202","Closest",3726723,24,"Tara Bay"
"14203","Closest",3726724,23,"Te Mahia"
"14204","Closest",3726725,24,"Tara Bay"
"14205","Closest",3726726,24,"Tara Bay"
"14206","Closest",3726728,24,"Tara Bay"
"14207","Closest",3726729,9,"Ngakuta Bay"
"14208","Closest",3726730,18,"Moetapu Bay Jetty"
"14209","Closest",3726732,24,"Tara Bay"
"14210","Closest",3726735,9,"Ngakuta Bay"
"14211","Closest",3726739,8,"Momorangi Bay"
"14212","Closest",3726744,21,"Willow Bay"
"14213","Closest",3726746,12,"Oyster Bay"
"14214","Closest",3726747,30,"St. Omer Barge Ramp"
"14215","Closest",3726751,30,"St. Omer Barge Ramp"
"14216","Closest",3726757,24,"Tara Bay"
"14217","Closest",3726759,7,"Grove Point/Arm Jetty"
"14218","Closest",3726760,7,"Grove Point/Arm Jetty"
"14219","Closest",3726765,30,"St. Omer Barge Ramp"
"14220","Closest",3726769,29,"Waitaria Bay"
"14221","Closest",3726777,27,"Sandy Bay"
"14222","Closest",3726789,19,"Double Bay Boat Ramp"
"14223","Closest",3726792,7,"Grove Point/Arm Jetty"
"14224","Closest",3726797,8,"Momorangi Bay"
"14225","Closest",3726799,7,"Grove Point/Arm Jetty"
"14226","Closest",3726802,7,"Grove Point/Arm Jetty"
"14227","Closest",3726803,7,"Grove Point/Arm Jetty"
"14228","Closest",3726806,12,"Oyster Bay"
"14229","Closest",3726807,7,"Grove Point/Arm Jetty"
"14230","Closest",3726809,9,"Ngakuta Bay"
"14231","Closest",3726814,11,"Punga Cove"
"14232","Closest",3726816,33,"Penzance Bay"
"14233","Closest",3726818,7,"Grove Point/Arm Jetty"
"14234","Closest",3726823,13,"Hakana Bay"
"14235","Closest",3726825,11,"Punga Cove"
"14236","Closest",3726829,40,"Titirangi Bay"
"14237","Closest",3726831,10,"Waterfall Bay"
"14238","Closest",3726834,17,"Kaiuma Bay"
"14239","Closest",3726835,7,"Grove Point/Arm Jetty"
"14240","Closest",3726836,16,"Torea Bay"
"14241","Closest",3726841,10,"Waterfall Bay"
"14242","Closest",3726844,9,"Ngakuta Bay"
"14243","Closest",3726845,32,"Duncan Bay"
"14244","Closest",3726846,32,"Duncan Bay"
"14245","Closest",3726847,24,"Tara Bay"
"14246","Closest",3726848,31,"Double Bay"
"14247","Closest",3726850,9,"Ngakuta Bay"
"14248","Closest",3726854,16,"Torea Bay"
"14249","Closest",3726856,30,"St. Omer Barge Ramp"
"14250","Closest",3726859,14,"Elaine Bay"
"14251","Closest",3726861,7,"Grove Point/Arm Jetty"
"14252","Closest",3726865,25,"Cowshed Bay"
"14253","Closest",3726867,7,"Grove Point/Arm Jetty"
"14254","Closest",3726868,7,"Grove Point/Arm Jetty"
"14255","Closest",3726869,7,"Grove Point/Arm Jetty"
"14256","Closest",3726870,7,"Grove Point/Arm Jetty"
"14257","Closest",3726875,7,"Grove Point/Arm Jetty"
"14258","Closest",3726878,7,"Grove Point/Arm Jetty"
"14259","Closest",3726879,7,"Grove Point/Arm Jetty"
"14260","Closest",3726881,7,"Grove Point/Arm Jetty"
"14261","Closest",3726883,7,"Grove Point/Arm Jetty"
"14262","Closest",3726884,17,"Kaiuma Bay"
"14263","Closest",3726885,7,"Grove Point/Arm Jetty"
"14264","Closest",3726888,7,"Grove Point/Arm Jetty"
"14265","Closest",3726889,9,"Ngakuta Bay"
"14266","Closest",3726891,7,"Grove Point/Arm Jetty"
"14267","Closest",3726893,7,"Grove Point/Arm Jetty"
"14268","Closest",3726895,7,"Grove Point/Arm Jetty"
"14269","Closest",3726896,7,"Grove Point/Arm Jetty"
"14270","Closest",3726897,12,"Oyster Bay"
"14271","Closest",3726898,7,"Grove Point/Arm Jetty"
"14272","Closest",3726899,7,"Grove Point/Arm Jetty"
"14273","Closest",3726903,7,"Grove Point/Arm Jetty"
"14274","Closest",3726905,7,"Grove Point/Arm Jetty"
"14275","Closest",3726906,7,"Grove Point/Arm Jetty"
"14276","Closest",3726907,7,"Grove Point/Arm Jetty"
"14277","Closest",3726911,18,"Moetapu Bay Jetty"
"14278","Closest",3726914,7,"Grove Point/Arm Jetty"
"14279","Closest",3726915,7,"Grove Point/Arm Jetty"
"14280","Closest",3726917,7,"Grove Point/Arm Jetty"
"14281","Closest",3726918,7,"Grove Point/Arm Jetty"
"14282","Closest",3726920,7,"Grove Point/Arm Jetty"
"14283","Closest",3726921,31,"Double Bay"
"14284","Closest",3726922,31,"Double Bay"
"14285","Closest",3726926,7,"Grove Point/Arm Jetty"
"14286","Closest",3726928,18,"Moetapu Bay Jetty"
"14287","Closest",3726934,7,"Grove Point/Arm Jetty"
"14288","Closest",3726935,24,"Tara Bay"
"14289","Closest",3726936,25,"Cowshed Bay"
"14290","Closest",3726939,23,"Te Mahia"
"14291","Closest",3726940,27,"Sandy Bay"
"14292","Closest",3726941,21,"Willow Bay"
"14293","Closest",3726942,24,"Tara Bay"
"14294","Closest",3726943,10,"Waterfall Bay"
"14295","Closest",3726944,24,"Tara Bay"
"14296","Closest",3726950,24,"Tara Bay"
"14297","Closest",3726953,30,"St. Omer Barge Ramp"
"14298","Closest",3726954,31,"Double Bay"
"14299","Closest",3726956,11,"Punga Cove"
"14300","Closest",3726957,21,"Willow Bay"
"14301","Closest",3726959,21,"Willow Bay"
"14302","Closest",3726961,17,"Kaiuma Bay"
"14303","Closest",3726962,24,"Tara Bay"
"14304","Closest",3726963,24,"Tara Bay"
"14305","Closest",3726964,23,"Te Mahia"
"14306","Closest",3726965,7,"Grove Point/Arm Jetty"
"14307","Closest",3726966,9,"Ngakuta Bay"
"14308","Closest",3726967,11,"Punga Cove"
"14309","Closest",3726968,10,"Waterfall Bay"
"14310","Closest",3726969,10,"Waterfall Bay"
"14311","Closest",3726970,10,"Waterfall Bay"
"14312","Closest",3726971,24,"Tara Bay"
"14313","Closest",3726972,10,"Waterfall Bay"
"14314","Closest",3726973,11,"Punga Cove"
"14315","Closest",3726974,6,"Anakiwa"
"14316","Closest",3726975,21,"Willow Bay"
"14317","Closest",3726976,25,"Cowshed Bay"
"14318","Closest",3726977,23,"Te Mahia"
"14319","Closest",3726980,16,"Torea Bay"
"14320","Closest",3726981,6,"Anakiwa"
"14321","Closest",3726984,27,"Sandy Bay"
"14322","Closest",3726986,27,"Sandy Bay"
"14323","Closest",3726987,11,"Punga Cove"
"14324","Closest",3726988,27,"Sandy Bay"
"14325","Closest",3726991,12,"Oyster Bay"
"14326","Closest",3726992,9,"Ngakuta Bay"
"14327","Closest",3726993,9,"Ngakuta Bay"
"14328","Closest",3726994,12,"Oyster Bay"
"14329","Closest",3726995,12,"Oyster Bay"
"14330","Closest",3726996,30,"St. Omer Barge Ramp"
"14331","Closest",3726999,30,"St. Omer Barge Ramp"
"14332","Closest",3727007,30,"St. Omer Barge Ramp"
"14333","Closest",3727009,12,"Oyster Bay"
"14334","Closest",3727016,30,"St. Omer Barge Ramp"
"14335","Closest",3727017,30,"St. Omer Barge Ramp"
"14336","Closest",3727018,30,"St. Omer Barge Ramp"
"14337","Closest",3727019,7,"Grove Point/Arm Jetty"
"14338","Closest",3727021,30,"St. Omer Barge Ramp"
"14339","Closest",3727023,29,"Waitaria Bay"
"14340","Closest",3727024,11,"Punga Cove"
"14341","Closest",3727025,25,"Cowshed Bay"
"14342","Closest",3727026,24,"Tara Bay"
"14343","Closest",3727027,11,"Punga Cove"
"14344","Closest",3727028,27,"Sandy Bay"
"14345","Closest",3727032,11,"Punga Cove"
"14346","Closest",3727034,11,"Punga Cove"
"14347","Closest",3727039,11,"Punga Cove"
"14348","Closest",3727042,11,"Punga Cove"
"14349","Closest",3727046,7,"Grove Point/Arm Jetty"
"14350","Closest",3727049,13,"Hakana Bay"
"14351","Closest",3727052,9,"Ngakuta Bay"
"14352","Closest",3727053,27,"Sandy Bay"
"14353","Closest",3727059,15,"Portage Bay"
"14354","Closest",3727063,29,"Waitaria Bay"
"14355","Closest",3727064,16,"Torea Bay"
"14356","Closest",3727070,11,"Punga Cove"
"14357","Closest",3727072,20,"Ohingaroa Bay"
"14358","Closest",3727076,12,"Oyster Bay"
"14359","Closest",3727078,30,"St. Omer Barge Ramp"
"14360","Closest",3727079,27,"Sandy Bay"
"14361","Closest",3727080,13,"Hakana Bay"
"14362","Closest",3727085,16,"Torea Bay"
"14363","Closest",3727086,29,"Waitaria Bay"
"14364","Closest",3727087,26,"Nikau Cove Doc Camp"
"14365","Closest",3727090,13,"Hakana Bay"
"14366","Closest",3727092,13,"Hakana Bay"
"14367","Closest",3727093,13,"Hakana Bay"
"14368","Closest",3727094,25,"Cowshed Bay"
"14369","Closest",3727096,25,"Cowshed Bay"
"14370","Closest",3727097,13,"Hakana Bay"
"14371","Closest",3727098,11,"Punga Cove"
"14372","Closest",3727099,27,"Sandy Bay"
"14373","Closest",3727102,11,"Punga Cove"
"14374","Closest",3727103,13,"Hakana Bay"
"14375","Closest",3727104,13,"Hakana Bay"
"14376","Closest",3727106,27,"Sandy Bay"
"14377","Closest",3727107,13,"Hakana Bay"
"14378","Closest",3727108,27,"Sandy Bay"
"14379","Closest",3727112,13,"Hakana Bay"
"14380","Closest",3727113,13,"Hakana Bay"
"14381","Closest",3727119,27,"Sandy Bay"
"14382","Closest",3727121,11,"Punga Cove"
"14383","Closest",3727122,11,"Punga Cove"
"14384","Closest",3727123,11,"Punga Cove"
"14385","Closest",3727128,26,"Nikau Cove Doc Camp"
"14386","Closest",3727129,11,"Punga Cove"
"14387","Closest",3727133,13,"Hakana Bay"
"14388","Closest",3727141,27,"Sandy Bay"
"14389","Closest",3727146,22,"Broughton Bay Road"
"14390","Closest",3727147,27,"Sandy Bay"
"14391","Closest",3727149,29,"Waitaria Bay"
"14392","Closest",3727151,29,"Waitaria Bay"
"14393","Closest",3727152,33,"Penzance Bay"
"14394","Closest",3727153,26,"Nikau Cove Doc Camp"
"14395","Closest",3727157,29,"Waitaria Bay"
"14396","Closest",3727158,27,"Sandy Bay"
"14397","Closest",3727159,27,"Sandy Bay"
"14398","Closest",3727161,13,"Hakana Bay"
"14399","Closest",3727166,11,"Punga Cove"
"14400","Closest",3727168,27,"Sandy Bay"
"14401","Closest",3727170,21,"Willow Bay"
"14402","Closest",3727174,29,"Waitaria Bay"
"14403","Closest",3727177,12,"Oyster Bay"
"14404","Closest",3727178,29,"Waitaria Bay"
"14405","Closest",3727180,12,"Oyster Bay"
"14406","Closest",3727181,30,"St. Omer Barge Ramp"
"14407","Closest",3727182,10,"Waterfall Bay"
"14408","Closest",3727184,27,"Sandy Bay"
"14409","Closest",3727186,30,"St. Omer Barge Ramp"
"14410","Closest",3727187,6,"Anakiwa"
"14411","Closest",3727189,18,"Moetapu Bay Jetty"
"14412","Closest",3727190,9,"Ngakuta Bay"
"14413","Closest",3727196,6,"Anakiwa"
"14414","Closest",3727200,15,"Portage Bay"
"14415","Closest",3727210,13,"Hakana Bay"
"14416","Closest",3727220,19,"Double Bay Boat Ramp"
"14417","Closest",3727222,7,"Grove Point/Arm Jetty"
"14418","Closest",3727223,27,"Sandy Bay"
"14419","Closest",3727224,27,"Sandy Bay"
"14420","Closest",3727225,27,"Sandy Bay"
"14421","Closest",3727228,11,"Punga Cove"
"14422","Closest",3727229,11,"Punga Cove"
"14423","Closest",3727230,27,"Sandy Bay"
"14424","Closest",3727231,27,"Sandy Bay"
"14425","Closest",3727237,13,"Hakana Bay"
"14426","Closest",3727241,13,"Hakana Bay"
"14427","Closest",3727243,27,"Sandy Bay"
"14428","Closest",3727244,11,"Punga Cove"
"14429","Closest",3727245,16,"Torea Bay"
"14430","Closest",3727247,16,"Torea Bay"
"14431","Closest",3727248,27,"Sandy Bay"
"14432","Closest",3727250,16,"Torea Bay"
"14433","Closest",3727252,15,"Portage Bay"
"14434","Closest",3727253,27,"Sandy Bay"
"14435","Closest",3727255,27,"Sandy Bay"
"14436","Closest",3727257,26,"Nikau Cove Doc Camp"
"14437","Closest",3727258,23,"Te Mahia"
"14438","Closest",3727259,12,"Oyster Bay"
"14439","Closest",3727260,18,"Moetapu Bay Jetty"
"14440","Closest",3727261,13,"Hakana Bay"
"14441","Closest",3727266,12,"Oyster Bay"
"14442","Closest",3727271,33,"Penzance Bay"
"14443","Closest",3727275,30,"St. Omer Barge Ramp"
"14444","Closest",3727279,32,"Duncan Bay"
"14445","Closest",3727280,12,"Oyster Bay"
"14446","Closest",3727281,19,"Double Bay Boat Ramp"
"14447","Closest",3727282,11,"Punga Cove"
"14448","Closest",3727283,11,"Punga Cove"
"14449","Closest",3727285,11,"Punga Cove"
"14450","Closest",3727288,20,"Ohingaroa Bay"
"14451","Closest",3727289,13,"Hakana Bay"
"14452","Closest",3727290,12,"Oyster Bay"
"14453","Closest",3727292,29,"Waitaria Bay"
"14454","Closest",3727294,29,"Waitaria Bay"
"14455","Closest",3727296,12,"Oyster Bay"
"14456","Closest",3727297,12,"Oyster Bay"
"14457","Closest",3727302,7,"Grove Point/Arm Jetty"
"14458","Closest",3727304,18,"Moetapu Bay Jetty"
"14459","Closest",3727305,15,"Portage Bay"
"14460","Closest",3727309,26,"Nikau Cove Doc Camp"
"14461","Closest",3727310,26,"Nikau Cove Doc Camp"
"14462","Closest",3727311,26,"Nikau Cove Doc Camp"
"14463","Closest",3727312,18,"Moetapu Bay Jetty"
"14464","Closest",3727313,13,"Hakana Bay"
"14465","Closest",3727314,12,"Oyster Bay"
"14466","Closest",3727315,12,"Oyster Bay"
"14467","Closest",3727321,9,"Ngakuta Bay"
"14468","Closest",3727356,32,"Duncan Bay"
"14469","Closest",3727357,32,"Duncan Bay"
"14470","Closest",3727362,11,"Punga Cove"
"14471","Closest",3727363,7,"Grove Point/Arm Jetty"
"14472","Closest",3727364,24,"Tara Bay"
"14473","Closest",3727366,19,"Double Bay Boat Ramp"
"14474","Closest",3727374,13,"Hakana Bay"
"14475","Closest",3727376,13,"Hakana Bay"
"14476","Closest",3727377,13,"Hakana Bay"
"14477","Closest",3727378,18,"Moetapu Bay Jetty"
"14478","Closest",3727381,9,"Ngakuta Bay"
"14479","Closest",3727382,20,"Ohingaroa Bay"
"14480","Closest",3727393,21,"Willow Bay"
"14481","Closest",3727397,27,"Sandy Bay"
"14482","Closest",3727398,27,"Sandy Bay"
"14483","Closest",3727402,13,"Hakana Bay"
"14484","Closest",3727404,11,"Punga Cove"
"14485","Closest",3727407,27,"Sandy Bay"
"14486","Closest",3727409,11,"Punga Cove"
"14487","Closest",3727411,6,"Anakiwa"
"14488","Closest",3727412,12,"Oyster Bay"
"14489","Closest",3727413,24,"Tara Bay"
"14490","Closest",3727414,9,"Ngakuta Bay"
"14491","Closest",3727416,17,"Kaiuma Bay"
"14492","Closest",3727417,11,"Punga Cove"
"14493","Closest",3727418,11,"Punga Cove"
"14494","Closest",3727420,24,"Tara Bay"
"14495","Closest",3727421,29,"Waitaria Bay"
"14496","Closest",3727422,30,"St. Omer Barge Ramp"
"14497","Closest",3727423,11,"Punga Cove"
"14498","Closest",3727425,18,"Moetapu Bay Jetty"
"14499","Closest",3727429,14,"Elaine Bay"
"14500","Closest",3727435,30,"St. Omer Barge Ramp"
"14501","Closest",3727448,27,"Sandy Bay"
"14502","Closest",3727453,12,"Oyster Bay"
"14503","Closest",3727454,9,"Ngakuta Bay"
"14504","Closest",3727457,26,"Nikau Cove Doc Camp"
"14505","Closest",3727459,40,"Titirangi Bay"
"14506","Closest",3727460,30,"St. Omer Barge Ramp"
"14507","Closest",3727464,9,"Ngakuta Bay"
"14508","Closest",3727465,9,"Ngakuta Bay"
"14509","Closest",3727468,12,"Oyster Bay"
"14510","Closest",3727476,9,"Ngakuta Bay"
"14511","Closest",3727482,9,"Ngakuta Bay"
"14512","Closest",3727488,13,"Hakana Bay"
"14513","Closest",3727503,7,"Grove Point/Arm Jetty"
"14514","Closest",3727508,7,"Grove Point/Arm Jetty"
"14515","Closest",3727512,7,"Grove Point/Arm Jetty"
"14516","Closest",3727513,19,"Double Bay Boat Ramp"
"14517","Closest",3727515,17,"Kaiuma Bay"
"14518","Closest",3727517,7,"Grove Point/Arm Jetty"
"14519","Closest",3727519,7,"Grove Point/Arm Jetty"
"14520","Closest",3727520,7,"Grove Point/Arm Jetty"
"14521","Closest",3727522,7,"Grove Point/Arm Jetty"
"14522","Closest",3727524,7,"Grove Point/Arm Jetty"
"14523","Closest",3727525,7,"Grove Point/Arm Jetty"
"14524","Closest",3727527,7,"Grove Point/Arm Jetty"
"14525","Closest",3727533,7,"Grove Point/Arm Jetty"
"14526","Closest",3727535,7,"Grove Point/Arm Jetty"
"14527","Closest",3727548,9,"Ngakuta Bay"
"14528","Closest",3727577,11,"Punga Cove"
"14529","Closest",3727578,30,"St. Omer Barge Ramp"
"14530","Closest",3727579,9,"Ngakuta Bay"
"14531","Closest",3727591,11,"Punga Cove"
"14532","Closest",3727599,7,"Grove Point/Arm Jetty"
"14533","Closest",3727621,7,"Grove Point/Arm Jetty"
"14534","Closest",3727643,9,"Ngakuta Bay"
"14535","Closest",3727648,12,"Oyster Bay"
"14536","Closest",3727654,7,"Grove Point/Arm Jetty"
"14537","Closest",3727657,9,"Ngakuta Bay"
"14538","Closest",3727662,18,"Moetapu Bay Jetty"
"14539","Closest",3727673,9,"Ngakuta Bay"
"14540","Closest",3727674,7,"Grove Point/Arm Jetty"
"14541","Closest",3727676,7,"Grove Point/Arm Jetty"
"14542","Closest",3727677,7,"Grove Point/Arm Jetty"
"14543","Closest",3727678,7,"Grove Point/Arm Jetty"
"14544","Closest",3727680,7,"Grove Point/Arm Jetty"
"14545","Closest",3727683,7,"Grove Point/Arm Jetty"
"14546","Closest",3727691,9,"Ngakuta Bay"
"14547","Closest",3727705,9,"Ngakuta Bay"
"14548","Closest",3727715,7,"Grove Point/Arm Jetty"
"14549","Closest",3727723,12,"Oyster Bay"
"14550","Closest",3727724,13,"Hakana Bay"
"14551","Closest",3727748,7,"Grove Point/Arm Jetty"
"14552","Closest",3727751,9,"Ngakuta Bay"
"14553","Closest",3727790,11,"Punga Cove"
"14554","Closest",3727807,7,"Grove Point/Arm Jetty"
"14555","Closest",3727842,7,"Grove Point/Arm Jetty"
"14556","Closest",3727846,11,"Punga Cove"
"14557","Closest",3727851,13,"Hakana Bay"
"14558","Closest",3727852,13,"Hakana Bay"
"14559","Closest",3727853,9,"Ngakuta Bay"
"14560","Closest",3727858,9,"Ngakuta Bay"
"14561","Closest",3727861,41,"Okiwi Bay"
"14562","Closest",3727891,11,"Punga Cove"
"14563","Closest",3727896,11,"Punga Cove"
"14564","Closest",3727901,40,"Titirangi Bay"
"14565","Closest",3727902,40,"Titirangi Bay"
"14566","Closest",3727904,40,"Titirangi Bay"
"14567","Closest",3727905,40,"Titirangi Bay"
"14568","Closest",3727907,9,"Ngakuta Bay"
"14569","Closest",3727908,40,"Titirangi Bay"
"14570","Closest",3727914,12,"Oyster Bay"
"14571","Closest",3727915,9,"Ngakuta Bay"
"14572","Closest",3727916,6,"Anakiwa"
"14573","Closest",3727920,6,"Anakiwa"
"14574","Closest",3727922,6,"Anakiwa"
"14575","Closest",3727923,6,"Anakiwa"
"14576","Closest",3727924,6,"Anakiwa"
"14577","Closest",3727925,6,"Anakiwa"
"14578","Closest",3727928,6,"Anakiwa"
"14579","Closest",3727929,6,"Anakiwa"
"14580","Closest",3727930,6,"Anakiwa"
"14581","Closest",3727932,9,"Ngakuta Bay"
"14582","Closest",3727933,7,"Grove Point/Arm Jetty"
"14583","Closest",3727934,7,"Grove Point/Arm Jetty"
"14584","Closest",3727935,12,"Oyster Bay"
"14585","Closest",3727938,7,"Grove Point/Arm Jetty"
"14586","Closest",3727945,11,"Punga Cove"
"14587","Closest",3727949,9,"Ngakuta Bay"
"14588","Closest",3727950,9,"Ngakuta Bay"
"14589","Closest",3727957,9,"Ngakuta Bay"
"14590","Closest",3727996,32,"Duncan Bay"
"14591","Closest",3728001,11,"Punga Cove"
"14592","Closest",3728002,9,"Ngakuta Bay"
"14593","Closest",3728016,14,"Elaine Bay"
"14594","Closest",3728028,11,"Punga Cove"
"14595","Closest",3728051,9,"Ngakuta Bay"
"14596","Closest",3728059,12,"Oyster Bay"
"14597","Closest",3728065,27,"Sandy Bay"
"14598","Closest",3728067,24,"Tara Bay"
"14599","Closest",3728115,11,"Punga Cove"
"14600","Closest",3728117,12,"Oyster Bay"
"14601","Closest",3728118,12,"Oyster Bay"
"14602","Closest",3728119,12,"Oyster Bay"
"14603","Closest",3728120,12,"Oyster Bay"
"14604","Closest",3728121,12,"Oyster Bay"
"14605","Closest",3728122,12,"Oyster Bay"
"14606","Closest",3728140,19,"Double Bay Boat Ramp"
"14607","Closest",3728147,13,"Hakana Bay"
"14608","Closest",3728148,25,"Cowshed Bay"
"14609","Closest",3728175,11,"Punga Cove"
"14610","Closest",3728178,9,"Ngakuta Bay"
"14611","Closest",3728183,9,"Ngakuta Bay"
"14612","Closest",3728196,7,"Grove Point/Arm Jetty"
"14613","Closest",3728197,7,"Grove Point/Arm Jetty"
"14614","Closest",3728204,9,"Ngakuta Bay"
"14615","Closest",3728205,9,"Ngakuta Bay"
"14616","Closest",3728221,32,"Duncan Bay"
"14617","Closest",3728223,32,"Duncan Bay"
"14618","Closest",3728284,9,"Ngakuta Bay"
"14619","Closest",3728293,19,"Double Bay Boat Ramp"
"14620","Closest",3728301,12,"Oyster Bay"
"14621","Closest",3728302,9,"Ngakuta Bay"
"14622","Closest",3728303,7,"Grove Point/Arm Jetty"
"14623","Closest",3728306,12,"Oyster Bay"
"14624","Closest",3728307,7,"Grove Point/Arm Jetty"
"14625","Closest",3728327,27,"Sandy Bay"
"14626","Closest",3728329,9,"Ngakuta Bay"
"14627","Closest",3728330,9,"Ngakuta Bay"
"14628","Closest",3728345,9,"Ngakuta Bay"
"14629","Closest",3728348,32,"Duncan Bay"
"14630","Closest",3728361,33,"Penzance Bay"
"14631","Closest",3728370,10,"Waterfall Bay"
"14632","Closest",3728373,23,"Te Mahia"
"14633","Closest",3728374,20,"Ohingaroa Bay"
"14634","Closest",3728376,13,"Hakana Bay"
"14635","Closest",3728390,27,"Sandy Bay"
"14636","Closest",3728406,9,"Ngakuta Bay"
"14637","Closest",3728420,9,"Ngakuta Bay"
"14638","Closest",3728422,6,"Anakiwa"
"14639","Closest",3728484,9,"Ngakuta Bay"
"14640","Closest",3728527,11,"Punga Cove"
"14641","Closest",3728542,9,"Ngakuta Bay"
"14642","Closest",3728547,9,"Ngakuta Bay"
"14643","Closest",3728552,9,"Ngakuta Bay"
"14644","Closest",3728553,9,"Ngakuta Bay"
"14645","Closest",3728556,12,"Oyster Bay"
"14646","Closest",3728573,8,"Momorangi Bay"
"14647","Closest",3728581,9,"Ngakuta Bay"
"14648","Closest",3728582,9,"Ngakuta Bay"
"14649","Closest",3728583,9,"Ngakuta Bay"
"14650","Closest",3728584,8,"Momorangi Bay"
"14651","Closest",3728588,38,"Bulwer Bay"
"14652","Closest",3728590,9,"Ngakuta Bay"
"14653","Closest",3728593,38,"Bulwer Bay"
"14654","Closest",3728594,7,"Grove Point/Arm Jetty"
"14655","Closest",3728596,9,"Ngakuta Bay"
"14656","Closest",3728599,9,"Ngakuta Bay"
"14657","Closest",3728600,9,"Ngakuta Bay"
"14658","Closest",3728636,9,"Ngakuta Bay"
"14659","Closest",3728640,7,"Grove Point/Arm Jetty"
"14660","Closest",3728643,9,"Ngakuta Bay"
"14661","Closest",3728644,9,"Ngakuta Bay"
"14662","Closest",3728647,12,"Oyster Bay"
"14663","Closest",3728649,9,"Ngakuta Bay"
"14664","Closest",3728652,7,"Grove Point/Arm Jetty"
"14665","Closest",3728653,7,"Grove Point/Arm Jetty"
"14666","Closest",3728659,12,"Oyster Bay"
"14667","Closest",3728661,7,"Grove Point/Arm Jetty"
"14668","Closest",3728669,12,"Oyster Bay"
"14669","Closest",3728671,19,"Double Bay Boat Ramp"
"14670","Closest",3728679,7,"Grove Point/Arm Jetty"
"14671","Closest",3728691,7,"Grove Point/Arm Jetty"
"14672","Closest",3728694,9,"Ngakuta Bay"
"14673","Closest",3728703,12,"Oyster Bay"
"14674","Closest",3728705,20,"Ohingaroa Bay"
"14675","Closest",3728706,20,"Ohingaroa Bay"
"14676","Closest",3728707,37,"Hamilton Bay (Rocky Creek) Ramp"
"14677","Closest",3728709,11,"Punga Cove"
"14678","Closest",3728710,11,"Punga Cove"
"14679","Closest",3728711,11,"Punga Cove"
"14680","Closest",3728712,11,"Punga Cove"
"14681","Closest",3728713,37,"Hamilton Bay (Rocky Creek) Ramp"
"14682","Closest",3728717,9,"Ngakuta Bay"
"14683","Closest",3728719,7,"Grove Point/Arm Jetty"
"14684","Closest",3728722,32,"Duncan Bay"
"14685","Closest",3728726,7,"Grove Point/Arm Jetty"
"14686","Closest",3728727,7,"Grove Point/Arm Jetty"
"14687","Closest",3728730,32,"Duncan Bay"
"14688","Closest",3728738,21,"Willow Bay"
"14689","Closest",3728742,12,"Oyster Bay"
"14690","Closest",3728758,32,"Duncan Bay"
"14691","Closest",3728763,33,"Penzance Bay"
"14692","Closest",3728767,7,"Grove Point/Arm Jetty"
"14693","Closest",3728771,13,"Hakana Bay"
"14694","Closest",3728802,7,"Grove Point/Arm Jetty"
"14695","Closest",3728803,7,"Grove Point/Arm Jetty"
"14696","Closest",3728816,7,"Grove Point/Arm Jetty"
"14697","Closest",3728839,7,"Grove Point/Arm Jetty"
"14698","Closest",3728845,30,"St. Omer Barge Ramp"
"14699","Closest",3728848,7,"Grove Point/Arm Jetty"
"14700","Closest",3728849,7,"Grove Point/Arm Jetty"
"14701","Closest",3728850,7,"Grove Point/Arm Jetty"
"14702","Closest",3728851,7,"Grove Point/Arm Jetty"
"14703","Closest",3728852,7,"Grove Point/Arm Jetty"
"14704","Closest",3728871,33,"Penzance Bay"
"14705","Closest",3728874,7,"Grove Point/Arm Jetty"
"14706","Closest",3728876,7,"Grove Point/Arm Jetty"
"14707","Closest",3728879,12,"Oyster Bay"
"14708","Closest",3728880,7,"Grove Point/Arm Jetty"
"14709","Closest",3728885,9,"Ngakuta Bay"
"14710","Closest",3728886,7,"Grove Point/Arm Jetty"
"14711","Closest",3728890,12,"Oyster Bay"
"14712","Closest",3728891,7,"Grove Point/Arm Jetty"
"14713","Closest",3728920,12,"Oyster Bay"
"14714","Closest",3728921,12,"Oyster Bay"
"14715","Closest",3728939,9,"Ngakuta Bay"
"14716","Closest",3728940,9,"Ngakuta Bay"
"14717","Closest",3728943,9,"Ngakuta Bay"
"14718","Closest",3728951,19,"Double Bay Boat Ramp"
"14719","Closest",3728964,9,"Ngakuta Bay"
"14720","Closest",3728965,9,"Ngakuta Bay"
"14721","Closest",3728968,7,"Grove Point/Arm Jetty"
"14722","Closest",3728983,9,"Ngakuta Bay"
"14723","Closest",3728985,9,"Ngakuta Bay"
"14724","Closest",3728988,9,"Ngakuta Bay"
"14725","Closest",3728991,12,"Oyster Bay"
"14726","Closest",3728996,12,"Oyster Bay"
"14727","Closest",3728999,7,"Grove Point/Arm Jetty"
"14728","Closest",3729001,7,"Grove Point/Arm Jetty"
"14729","Closest",3729003,27,"Sandy Bay"
"14730","Closest",3729004,27,"Sandy Bay"
"14731","Closest",3729006,13,"Hakana Bay"
"14732","Closest",3729009,12,"Oyster Bay"
"14733","Closest",3729017,17,"Kaiuma Bay"
"14734","Closest",3729018,17,"Kaiuma Bay"
"14735","Closest",3729022,17,"Kaiuma Bay"
"14736","Closest",3729023,17,"Kaiuma Bay"
"14737","Closest",3729026,33,"Penzance Bay"
"14738","Closest",3729034,29,"Waitaria Bay"
"14739","Closest",3729040,32,"Duncan Bay"
"14740","Closest",3729041,30,"St. Omer Barge Ramp"
"14741","Closest",3729066,13,"Hakana Bay"
"14742","Closest",3729069,9,"Ngakuta Bay"
"14743","Closest",3729076,18,"Moetapu Bay Jetty"
"14744","Closest",3729080,33,"Penzance Bay"
"14745","Closest",3729088,7,"Grove Point/Arm Jetty"
"14746","Closest",3729109,13,"Hakana Bay"
"14747","Closest",3729114,7,"Grove Point/Arm Jetty"
"14748","Closest",3729115,7,"Grove Point/Arm Jetty"
"14749","Closest",3729116,7,"Grove Point/Arm Jetty"
"14750","Closest",3729117,17,"Kaiuma Bay"
"14751","Closest",3729119,17,"Kaiuma Bay"
"14752","Closest",3729129,9,"Ngakuta Bay"
"14753","Closest",3729141,7,"Grove Point/Arm Jetty"
"14754","Closest",3729154,30,"St. Omer Barge Ramp"
"14755","Closest",3729156,27,"Sandy Bay"
"14756","Closest",3729164,12,"Oyster Bay"
"14757","Closest",3729175,17,"Kaiuma Bay"
"14758","Closest",3729178,30,"St. Omer Barge Ramp"
"14759","Closest",3729215,9,"Ngakuta Bay"
"14760","Closest",3729220,7,"Grove Point/Arm Jetty"
"14761","Closest",3729222,12,"Oyster Bay"
"14762","Closest",3729223,12,"Oyster Bay"
"14763","Closest",3729227,18,"Moetapu Bay Jetty"
"14764","Closest",3729228,18,"Moetapu Bay Jetty"
"14765","Closest",3729229,18,"Moetapu Bay Jetty"
"14766","Closest",3729234,12,"Oyster Bay"
"14767","Closest",3729235,13,"Hakana Bay"
"14768","Closest",3729236,13,"Hakana Bay"
"14769","Closest",3729240,25,"Cowshed Bay"
"14770","Closest",3729241,21,"Willow Bay"
"14771","Closest",3729243,9,"Ngakuta Bay"
"14772","Closest",3729252,9,"Ngakuta Bay"
"14773","Closest",3729264,12,"Oyster Bay"
"14774","Closest",3729268,9,"Ngakuta Bay"
"14775","Closest",3729275,7,"Grove Point/Arm Jetty"
"14776","Closest",3729276,9,"Ngakuta Bay"
"14777","Closest",3729279,9,"Ngakuta Bay"
"14778","Closest",3729291,7,"Grove Point/Arm Jetty"
"14779","Closest",3729293,7,"Grove Point/Arm Jetty"
"14780","Closest",3729297,9,"Ngakuta Bay"
"14781","Closest",3729298,11,"Punga Cove"
"14782","Closest",3729303,9,"Ngakuta Bay"
"14783","Closest",3729322,7,"Grove Point/Arm Jetty"
"14784","Closest",3729324,9,"Ngakuta Bay"
"14785","Closest",3729326,9,"Ngakuta Bay"
"14786","Closest",3729327,12,"Oyster Bay"
"14787","Closest",3729329,8,"Momorangi Bay"
"14788","Closest",3729336,9,"Ngakuta Bay"
"14789","Closest",3729337,9,"Ngakuta Bay"
"14790","Closest",3729338,9,"Ngakuta Bay"
"14791","Closest",3729347,9,"Ngakuta Bay"
"14792","Closest",3729348,9,"Ngakuta Bay"
"14793","Closest",3729351,9,"Ngakuta Bay"
"14794","Closest",3729355,9,"Ngakuta Bay"
"14795","Closest",3729358,9,"Ngakuta Bay"
"14796","Closest",3729360,6,"Anakiwa"
"14797","Closest",3729363,9,"Ngakuta Bay"
"14798","Closest",3729367,9,"Ngakuta Bay"
"14799","Closest",3729372,9,"Ngakuta Bay"
"14800","Closest",3729375,17,"Kaiuma Bay"
"14801","Closest",3729378,12,"Oyster Bay"
"14802","Closest",3729379,9,"Ngakuta Bay"
"14803","Closest",3729384,7,"Grove Point/Arm Jetty"
"14804","Closest",3729386,23,"Te Mahia"
"14805","Closest",3729394,6,"Anakiwa"
"14806","Closest",3729396,29,"Waitaria Bay"
"14807","Closest",3729409,7,"Grove Point/Arm Jetty"
"14808","Closest",3729411,38,"Bulwer Bay"
"14809","Closest",3729412,7,"Grove Point/Arm Jetty"
"14810","Closest",3729414,7,"Grove Point/Arm Jetty"
"14811","Closest",3729416,7,"Grove Point/Arm Jetty"
"14812","Closest",3729419,12,"Oyster Bay"
"14813","Closest",3729421,10,"Waterfall Bay"
"14814","Closest",3729422,6,"Anakiwa"
"14815","Closest",3729430,13,"Hakana Bay"
"14816","Closest",3729433,9,"Ngakuta Bay"
"14817","Closest",3729454,9,"Ngakuta Bay"
"14818","Closest",3729467,9,"Ngakuta Bay"
"14819","Closest",3729471,9,"Ngakuta Bay"
"14820","Closest",3729476,9,"Ngakuta Bay"
"14821","Closest",3729477,9,"Ngakuta Bay"
"14822","Closest",3729479,9,"Ngakuta Bay"
"14823","Closest",3729480,9,"Ngakuta Bay"
"14824","Closest",3729482,9,"Ngakuta Bay"
"14825","Closest",3729483,9,"Ngakuta Bay"
"14826","Closest",3729491,7,"Grove Point/Arm Jetty"
"14827","Closest",3729514,9,"Ngakuta Bay"
"14828","Closest",3729530,20,"Ohingaroa Bay"
"14829","Closest",3729536,9,"Ngakuta Bay"
"14830","Closest",3729538,9,"Ngakuta Bay"
"14831","Closest",3729539,7,"Grove Point/Arm Jetty"
"14832","Closest",3729540,7,"Grove Point/Arm Jetty"
"14833","Closest",3729541,7,"Grove Point/Arm Jetty"
"14834","Closest",3729543,9,"Ngakuta Bay"
"14835","Closest",3729546,17,"Kaiuma Bay"
"14836","Closest",3729548,9,"Ngakuta Bay"
"14837","Closest",3729550,7,"Grove Point/Arm Jetty"
"14838","Closest",3729551,9,"Ngakuta Bay"
"14839","Closest",3729562,9,"Ngakuta Bay"
"14840","Closest",3729564,7,"Grove Point/Arm Jetty"
"14841","Closest",3729581,9,"Ngakuta Bay"
"14842","Closest",3729582,7,"Grove Point/Arm Jetty"
"14843","Closest",3729589,7,"Grove Point/Arm Jetty"
"14844","Closest",3729595,14,"Elaine Bay"
"14845","Closest",3729607,27,"Sandy Bay"
"14846","Closest",3729628,32,"Duncan Bay"
"14847","Closest",3729636,9,"Ngakuta Bay"
"14848","Closest",3729639,7,"Grove Point/Arm Jetty"
"14849","Closest",3729642,12,"Oyster Bay"
"14850","Closest",3729644,9,"Ngakuta Bay"
"14851","Closest",3729653,15,"Portage Bay"
"14852","Closest",3729657,7,"Grove Point/Arm Jetty"
"14853","Closest",3729663,7,"Grove Point/Arm Jetty"
"14854","Closest",3729667,11,"Punga Cove"
"14855","Closest",3729680,9,"Ngakuta Bay"
"14856","Closest",3729687,9,"Ngakuta Bay"
"14857","Closest",3729691,11,"Punga Cove"
"14858","Closest",3729692,11,"Punga Cove"
"14859","Closest",3729698,11,"Punga Cove"
"14860","Closest",3729700,12,"Oyster Bay"
"14861","Closest",3729702,23,"Te Mahia"
"14862","Closest",3729707,33,"Penzance Bay"
"14863","Closest",3729710,9,"Ngakuta Bay"
"14864","Closest",3729711,7,"Grove Point/Arm Jetty"
"14865","Closest",3729712,19,"Double Bay Boat Ramp"
"14866","Closest",3729714,29,"Waitaria Bay"
"14867","Closest",3729717,19,"Double Bay Boat Ramp"
"14868","Closest",3729722,33,"Penzance Bay"
"14869","Closest",3729731,13,"Hakana Bay"
"14870","Closest",3729732,21,"Willow Bay"
"14871","Closest",3729737,22,"Broughton Bay Road"
"14872","Closest",3729738,13,"Hakana Bay"
"14873","Closest",3729739,13,"Hakana Bay"
"14874","Closest",3729741,29,"Waitaria Bay"
"14875","Closest",3729747,18,"Moetapu Bay Jetty"
"14876","Closest",3729751,12,"Oyster Bay"
"14877","Closest",3729752,29,"Waitaria Bay"
"14878","Closest",3729754,7,"Grove Point/Arm Jetty"
"14879","Closest",3729756,11,"Punga Cove"
"14880","Closest",3729759,11,"Punga Cove"
"14881","Closest",3729761,12,"Oyster Bay"
"14882","Closest",3729762,12,"Oyster Bay"
"14883","Closest",3729765,27,"Sandy Bay"
"14884","Closest",3729766,18,"Moetapu Bay Jetty"
"14885","Closest",3729767,12,"Oyster Bay"
"14886","Closest",3729769,27,"Sandy Bay"
"14887","Closest",3729770,12,"Oyster Bay"
"14888","Closest",3729771,21,"Willow Bay"
"14889","Closest",3729777,11,"Punga Cove"
"14890","Closest",3729780,13,"Hakana Bay"
"14891","Closest",3729781,13,"Hakana Bay"
"14892","Closest",3729783,21,"Willow Bay"
"14893","Closest",3729789,13,"Hakana Bay"
"14894","Closest",3729791,13,"Hakana Bay"
"14895","Closest",3729794,27,"Sandy Bay"
"14896","Closest",3729795,25,"Cowshed Bay"
"14897","Closest",3729804,12,"Oyster Bay"
"14898","Closest",3729813,7,"Grove Point/Arm Jetty"
"14899","Closest",3729829,9,"Ngakuta Bay"
"14900","Closest",3729833,15,"Portage Bay"
"14901","Closest",3729841,11,"Punga Cove"
"14902","Closest",3729842,23,"Te Mahia"
"14903","Closest",3729845,9,"Ngakuta Bay"
"14904","Closest",3729847,7,"Grove Point/Arm Jetty"
"14905","Closest",3729849,11,"Punga Cove"
"14906","Closest",3729850,17,"Kaiuma Bay"
"14907","Closest",3729853,7,"Grove Point/Arm Jetty"
"14908","Closest",3729864,12,"Oyster Bay"
"14909","Closest",3729883,27,"Sandy Bay"
"14910","Closest",3729897,9,"Ngakuta Bay"
"14911","Closest",3729898,9,"Ngakuta Bay"
"14912","Closest",3729909,19,"Double Bay Boat Ramp"
"14913","Closest",3729922,7,"Grove Point/Arm Jetty"
"14914","Closest",3729927,11,"Punga Cove"
"14915","Closest",3729930,7,"Grove Point/Arm Jetty"
"14916","Closest",3729937,30,"St. Omer Barge Ramp"
"14917","Closest",3729938,7,"Grove Point/Arm Jetty"
"14918","Closest",3729944,12,"Oyster Bay"
"14919","Closest",3729947,7,"Grove Point/Arm Jetty"
"14920","Closest",3729951,32,"Duncan Bay"
"14921","Closest",3729952,27,"Sandy Bay"
"14922","Closest",3729967,7,"Grove Point/Arm Jetty"
"14923","Closest",3729993,9,"Ngakuta Bay"
"14924","Closest",3729994,7,"Grove Point/Arm Jetty"
"14925","Closest",3729996,21,"Willow Bay"
"14926","Closest",3729998,18,"Moetapu Bay Jetty"
"14927","Closest",3730000,21,"Willow Bay"
"14928","Closest",3730008,7,"Grove Point/Arm Jetty"
"14929","Closest",3730030,9,"Ngakuta Bay"
"14930","Closest",3730033,21,"Willow Bay"
"14931","Closest",3730042,12,"Oyster Bay"
"14932","Closest",3730046,32,"Duncan Bay"
"14933","Closest",3730047,37,"Hamilton Bay (Rocky Creek) Ramp"
"14934","Closest",3730059,11,"Punga Cove"
"14935","Closest",3730062,12,"Oyster Bay"
"14936","Closest",3730066,9,"Ngakuta Bay"
"14937","Closest",3730086,24,"Tara Bay"
"14938","Closest",3730092,9,"Ngakuta Bay"
"14939","Closest",3730102,9,"Ngakuta Bay"
"14940","Closest",3730104,13,"Hakana Bay"
"14941","Closest",3730111,9,"Ngakuta Bay"
"14942","Closest",3730112,9,"Ngakuta Bay"
"14943","Closest",3730130,7,"Grove Point/Arm Jetty"
"14944","Closest",3730134,9,"Ngakuta Bay"
"14945","Closest",3730149,9,"Ngakuta Bay"
"14946","Closest",3730150,9,"Ngakuta Bay"
"14947","Closest",3730151,9,"Ngakuta Bay"
"14948","Closest",3730154,9,"Ngakuta Bay"
"14949","Closest",3730160,7,"Grove Point/Arm Jetty"
"14950","Closest",3730172,7,"Grove Point/Arm Jetty"
"14951","Closest",3730177,30,"St. Omer Barge Ramp"
"14952","Closest",3730180,32,"Duncan Bay"
"14953","Closest",3730183,14,"Elaine Bay"
"14954","Closest",3730190,11,"Punga Cove"
"14955","Closest",3730193,7,"Grove Point/Arm Jetty"
"14956","Closest",3730199,11,"Punga Cove"
"14957","Closest",3730200,32,"Duncan Bay"
"14958","Closest",3730208,7,"Grove Point/Arm Jetty"
"14959","Closest",3730209,7,"Grove Point/Arm Jetty"
"14960","Closest",3730211,7,"Grove Point/Arm Jetty"
"14961","Closest",3730212,7,"Grove Point/Arm Jetty"
"14962","Closest",3730216,7,"Grove Point/Arm Jetty"
"14963","Closest",3730245,7,"Grove Point/Arm Jetty"
"14964","Closest",3730246,30,"St. Omer Barge Ramp"
"14965","Closest",3730248,7,"Grove Point/Arm Jetty"
"14966","Closest",3730253,7,"Grove Point/Arm Jetty"
"14967","Closest",3730274,12,"Oyster Bay"
"14968","Closest",3730276,12,"Oyster Bay"
"14969","Closest",3730298,7,"Grove Point/Arm Jetty"
"14970","Closest",3730299,7,"Grove Point/Arm Jetty"
"14971","Closest",3730325,9,"Ngakuta Bay"
"14972","Closest",3730326,9,"Ngakuta Bay"
"14973","Closest",3730338,27,"Sandy Bay"
"14974","Closest",3730341,13,"Hakana Bay"
"14975","Closest",3730356,33,"Penzance Bay"
"14976","Closest",3730365,9,"Ngakuta Bay"
"14977","Closest",3730371,13,"Hakana Bay"
"14978","Closest",3730376,9,"Ngakuta Bay"
"14979","Closest",3730378,9,"Ngakuta Bay"
"14980","Closest",3730380,27,"Sandy Bay"
"14981","Closest",3730386,12,"Oyster Bay"
"14982","Closest",3730394,9,"Ngakuta Bay"
"14983","Closest",3730395,11,"Punga Cove"
"14984","Closest",3730400,13,"Hakana Bay"
"14985","Closest",3730401,13,"Hakana Bay"
"14986","Closest",3730404,13,"Hakana Bay"
"14987","Closest",3730405,11,"Punga Cove"
"14988","Closest",3730407,32,"Duncan Bay"
"14989","Closest",3730445,9,"Ngakuta Bay"
"14990","Closest",3730446,9,"Ngakuta Bay"
"14991","Closest",3730449,12,"Oyster Bay"
"14992","Closest",3730450,12,"Oyster Bay"
"14993","Closest",3730473,9,"Ngakuta Bay"
"14994","Closest",3730477,7,"Grove Point/Arm Jetty"
"14995","Closest",3730478,7,"Grove Point/Arm Jetty"
"14996","Closest",3730482,7,"Grove Point/Arm Jetty"
"14997","Closest",3730487,12,"Oyster Bay"
"14998","Closest",3730494,32,"Duncan Bay"
"14999","Closest",3730495,32,"Duncan Bay"
"15000","Closest",3730496,32,"Duncan Bay"
"15001","Closest",3730497,17,"Kaiuma Bay"
"15002","Closest",3730509,31,"Double Bay"
"15003","Closest",3730522,12,"Oyster Bay"
"15004","Closest",3730524,12,"Oyster Bay"
"15005","Closest",3730528,12,"Oyster Bay"
"15006","Closest",3730538,12,"Oyster Bay"
"15007","Closest",3730569,12,"Oyster Bay"
"15008","Closest",3730574,11,"Punga Cove"
"15009","Closest",3730583,12,"Oyster Bay"
"15010","Closest",3730585,12,"Oyster Bay"
"15011","Closest",3730588,12,"Oyster Bay"
"15012","Closest",3730589,12,"Oyster Bay"
"15013","Closest",3730594,7,"Grove Point/Arm Jetty"
"15014","Closest",3730600,9,"Ngakuta Bay"
"15015","Closest",3730607,9,"Ngakuta Bay"
"15016","Closest",3730612,22,"Broughton Bay Road"
"15017","Closest",3730626,9,"Ngakuta Bay"
"15018","Closest",3730646,32,"Duncan Bay"
"15019","Closest",3730648,9,"Ngakuta Bay"
"15020","Closest",3730649,9,"Ngakuta Bay"
"15021","Closest",3730654,9,"Ngakuta Bay"
"15022","Closest",3730655,9,"Ngakuta Bay"
"15023","Closest",3730662,9,"Ngakuta Bay"
"15024","Closest",3730663,9,"Ngakuta Bay"
"15025","Closest",3730665,9,"Ngakuta Bay"
"15026","Closest",3730673,7,"Grove Point/Arm Jetty"
"15027","Closest",3730678,31,"Double Bay"
"15028","Closest",3730686,19,"Double Bay Boat Ramp"
"15029","Closest",3730689,7,"Grove Point/Arm Jetty"
"15030","Closest",3730690,9,"Ngakuta Bay"
"15031","Closest",3730693,26,"Nikau Cove Doc Camp"
"15032","Closest",3730694,9,"Ngakuta Bay"
"15033","Closest",3730695,7,"Grove Point/Arm Jetty"
"15034","Closest",3730711,7,"Grove Point/Arm Jetty"
"15035","Closest",3730713,9,"Ngakuta Bay"
"15036","Closest",3730716,7,"Grove Point/Arm Jetty"
"15037","Closest",3730743,7,"Grove Point/Arm Jetty"
"15038","Closest",3730744,9,"Ngakuta Bay"
"15039","Closest",3730752,7,"Grove Point/Arm Jetty"
"15040","Closest",3730758,12,"Oyster Bay"
"15041","Closest",3730759,30,"St. Omer Barge Ramp"
"15042","Closest",3730760,30,"St. Omer Barge Ramp"
"15043","Closest",3730770,12,"Oyster Bay"
"15044","Closest",3730771,19,"Double Bay Boat Ramp"
"15045","Closest",3730773,12,"Oyster Bay"
"15046","Closest",3730774,7,"Grove Point/Arm Jetty"
"15047","Closest",3730780,7,"Grove Point/Arm Jetty"
"15048","Closest",3730781,7,"Grove Point/Arm Jetty"
"15049","Closest",3730782,7,"Grove Point/Arm Jetty"
"15050","Closest",3730785,7,"Grove Point/Arm Jetty"
"15051","Closest",3730786,9,"Ngakuta Bay"
"15052","Closest",3730792,6,"Anakiwa"
"15053","Closest",3730802,9,"Ngakuta Bay"
"15054","Closest",3730806,9,"Ngakuta Bay"
"15055","Closest",3730829,7,"Grove Point/Arm Jetty"
"15056","Closest",3730830,17,"Kaiuma Bay"
"15057","Closest",3730831,18,"Moetapu Bay Jetty"
"15058","Closest",3730851,9,"Ngakuta Bay"
"15059","Closest",3730855,9,"Ngakuta Bay"
"15060","Closest",3730867,9,"Ngakuta Bay"
"15061","Closest",3730876,9,"Ngakuta Bay"
"15062","Closest",3730897,9,"Ngakuta Bay"
"15063","Closest",3730903,9,"Ngakuta Bay"
"15064","Closest",3730904,13,"Hakana Bay"
"15065","Closest",3730932,18,"Moetapu Bay Jetty"
"15066","Closest",3730936,9,"Ngakuta Bay"
"15067","Closest",3730942,7,"Grove Point/Arm Jetty"
"15068","Closest",3730959,26,"Nikau Cove Doc Camp"
"15069","Closest",3730962,7,"Grove Point/Arm Jetty"
"15070","Closest",3730969,32,"Duncan Bay"
"15071","Closest",3730972,7,"Grove Point/Arm Jetty"
"15072","Closest",3730981,7,"Grove Point/Arm Jetty"
"15073","Closest",3730989,17,"Kaiuma Bay"
"15074","Closest",3730997,7,"Grove Point/Arm Jetty"
"15075","Closest",3731012,9,"Ngakuta Bay"
"15076","Closest",3731030,7,"Grove Point/Arm Jetty"
"15077","Closest",3731036,9,"Ngakuta Bay"
"15078","Closest",3731054,12,"Oyster Bay"
"15079","Closest",3731058,27,"Sandy Bay"
"15080","Closest",3731064,9,"Ngakuta Bay"
"15081","Closest",3731066,9,"Ngakuta Bay"
"15082","Closest",3731082,9,"Ngakuta Bay"
"15083","Closest",3731098,9,"Ngakuta Bay"
"15084","Closest",3731104,9,"Ngakuta Bay"
"15085","Closest",3731105,8,"Momorangi Bay"
"15086","Closest",3731107,9,"Ngakuta Bay"
"15087","Closest",3731124,7,"Grove Point/Arm Jetty"
"15088","Closest",3731128,7,"Grove Point/Arm Jetty"
"15089","Closest",3731129,9,"Ngakuta Bay"
"15090","Closest",3731140,9,"Ngakuta Bay"
"15091","Closest",3731148,9,"Ngakuta Bay"
"15092","Closest",3731170,9,"Ngakuta Bay"
"15093","Closest",3731189,19,"Double Bay Boat Ramp"
"15094","Closest",3731208,33,"Penzance Bay"
"15095","Closest",3731221,17,"Kaiuma Bay"
"15096","Closest",3731223,9,"Ngakuta Bay"
"15097","Closest",3731234,9,"Ngakuta Bay"
"15098","Closest",3731236,32,"Duncan Bay"
"15099","Closest",3731242,9,"Ngakuta Bay"
"15100","Closest",3731244,7,"Grove Point/Arm Jetty"
"15101","Closest",3731249,9,"Ngakuta Bay"
"15102","Closest",3731252,7,"Grove Point/Arm Jetty"
"15103","Closest",3731263,32,"Duncan Bay"
"15104","Closest",3731278,13,"Hakana Bay"
"15105","Closest",3731280,7,"Grove Point/Arm Jetty"
"15106","Closest",3731301,9,"Ngakuta Bay"
"15107","Closest",3731318,9,"Ngakuta Bay"
"15108","Closest",3731322,9,"Ngakuta Bay"
"15109","Closest",3731323,7,"Grove Point/Arm Jetty"
"15110","Closest",3731332,7,"Grove Point/Arm Jetty"
"15111","Closest",3731335,17,"Kaiuma Bay"
"15112","Closest",3731360,7,"Grove Point/Arm Jetty"
"15113","Closest",3731382,9,"Ngakuta Bay"
"15114","Closest",3731407,9,"Ngakuta Bay"
"15115","Closest",3731409,9,"Ngakuta Bay"
"15116","Closest",3731410,7,"Grove Point/Arm Jetty"
"15117","Closest",3731411,12,"Oyster Bay"
"15118","Closest",3731412,9,"Ngakuta Bay"
"15119","Closest",3731418,9,"Ngakuta Bay"
"15120","Closest",3731434,9,"Ngakuta Bay"
"15121","Closest",3731439,9,"Ngakuta Bay"
"15122","Closest",3731461,32,"Duncan Bay"
"15123","Closest",3731471,9,"Ngakuta Bay"
"15124","Closest",3731473,9,"Ngakuta Bay"
"15125","Closest",3731484,12,"Oyster Bay"
"15126","Closest",3731486,9,"Ngakuta Bay"
"15127","Closest",3731487,7,"Grove Point/Arm Jetty"
"15128","Closest",3731504,9,"Ngakuta Bay"
"15129","Closest",3731516,9,"Ngakuta Bay"
"15130","Closest",3731517,9,"Ngakuta Bay"
"15131","Closest",3731527,9,"Ngakuta Bay"
"15132","Closest",3731538,9,"Ngakuta Bay"
"15133","Closest",3731542,11,"Punga Cove"
"15134","Closest",3731543,11,"Punga Cove"
"15135","Closest",3731546,9,"Ngakuta Bay"
"15136","Closest",3731547,9,"Ngakuta Bay"
"15137","Closest",3731565,11,"Punga Cove"
"15138","Closest",3731566,17,"Kaiuma Bay"
"15139","Closest",3731587,9,"Ngakuta Bay"
"15140","Closest",3731590,32,"Duncan Bay"
"15141","Closest",3731594,15,"Portage Bay"
"15142","Closest",3731598,23,"Te Mahia"
"15143","Closest",3731604,19,"Double Bay Boat Ramp"
"15144","Closest",3731624,9,"Ngakuta Bay"
"15145","Closest",3731627,9,"Ngakuta Bay"
"15146","Closest",3731635,12,"Oyster Bay"
"15147","Closest",3731669,13,"Hakana Bay"
"15148","Closest",3731678,7,"Grove Point/Arm Jetty"
"15149","Closest",3731701,9,"Ngakuta Bay"
"15150","Closest",3731704,9,"Ngakuta Bay"
"15151","Closest",3731705,9,"Ngakuta Bay"
"15152","Closest",3731709,9,"Ngakuta Bay"
"15153","Closest",3731710,13,"Hakana Bay"
"15154","Closest",3731712,9,"Ngakuta Bay"
"15155","Closest",3731714,7,"Grove Point/Arm Jetty"
"15156","Closest",3731717,9,"Ngakuta Bay"
"15157","Closest",3731721,12,"Oyster Bay"
"15158","Closest",3731722,9,"Ngakuta Bay"
"15159","Closest",3731726,9,"Ngakuta Bay"
"15160","Closest",3731732,9,"Ngakuta Bay"
"15161","Closest",3731733,9,"Ngakuta Bay"
"15162","Closest",3731734,12,"Oyster Bay"
"15163","Closest",3731739,9,"Ngakuta Bay"
"15164","Closest",3731742,9,"Ngakuta Bay"
"15165","Closest",3731743,17,"Kaiuma Bay"
"15166","Closest",3731746,9,"Ngakuta Bay"
"15167","Closest",3731749,12,"Oyster Bay"
"15168","Closest",3731750,9,"Ngakuta Bay"
"15169","Closest",3731752,9,"Ngakuta Bay"
"15170","Closest",3731759,9,"Ngakuta Bay"
"15171","Closest",3731760,9,"Ngakuta Bay"
"15172","Closest",3731765,9,"Ngakuta Bay"
"15173","Closest",3731773,9,"Ngakuta Bay"
"15174","Closest",3731774,9,"Ngakuta Bay"
"15175","Closest",3731776,9,"Ngakuta Bay"
"15176","Closest",3731778,9,"Ngakuta Bay"
"15177","Closest",3731780,9,"Ngakuta Bay"
"15178","Closest",3731782,9,"Ngakuta Bay"
"15179","Closest",3731783,9,"Ngakuta Bay"
"15180","Closest",3731784,9,"Ngakuta Bay"
"15181","Closest",3731786,9,"Ngakuta Bay"
"15182","Closest",3731787,9,"Ngakuta Bay"
"15183","Closest",3731788,9,"Ngakuta Bay"
"15184","Closest",3731790,9,"Ngakuta Bay"
"15185","Closest",3731793,9,"Ngakuta Bay"
"15186","Closest",3731798,9,"Ngakuta Bay"
"15187","Closest",3731803,9,"Ngakuta Bay"
"15188","Closest",3731804,9,"Ngakuta Bay"
"15189","Closest",3731805,9,"Ngakuta Bay"
"15190","Closest",3731806,9,"Ngakuta Bay"
"15191","Closest",3731810,9,"Ngakuta Bay"
"15192","Closest",3731811,9,"Ngakuta Bay"
"15193","Closest",3731812,9,"Ngakuta Bay"
"15194","Closest",3731813,9,"Ngakuta Bay"
"15195","Closest",3731816,9,"Ngakuta Bay"
"15196","Closest",3731820,9,"Ngakuta Bay"
"15197","Closest",3731822,9,"Ngakuta Bay"
"15198","Closest",3731823,9,"Ngakuta Bay"
"15199","Closest",3731825,9,"Ngakuta Bay"
"15200","Closest",3731826,9,"Ngakuta Bay"
"15201","Closest",3731830,9,"Ngakuta Bay"
"15202","Closest",3731840,9,"Ngakuta Bay"
"15203","Closest",3731841,9,"Ngakuta Bay"
"15204","Closest",3731842,9,"Ngakuta Bay"
"15205","Closest",3731844,9,"Ngakuta Bay"
"15206","Closest",3731846,29,"Waitaria Bay"
"15207","Closest",3731848,9,"Ngakuta Bay"
"15208","Closest",3731851,18,"Moetapu Bay Jetty"
"15209","Closest",3731853,9,"Ngakuta Bay"
"15210","Closest",3731855,9,"Ngakuta Bay"
"15211","Closest",3731868,18,"Moetapu Bay Jetty"
"15212","Closest",3731872,12,"Oyster Bay"
"15213","Closest",3731873,9,"Ngakuta Bay"
"15214","Closest",3731878,18,"Moetapu Bay Jetty"
"15215","Closest",3731880,9,"Ngakuta Bay"
"15216","Closest",3731885,30,"St. Omer Barge Ramp"
"15217","Closest",3731889,30,"St. Omer Barge Ramp"
"15218","Closest",3731890,30,"St. Omer Barge Ramp"
"15219","Closest",3731891,9,"Ngakuta Bay"
"15220","Closest",3731892,19,"Double Bay Boat Ramp"
"15221","Closest",3731893,8,"Momorangi Bay"
"15222","Closest",3731898,9,"Ngakuta Bay"
"15223","Closest",3731908,9,"Ngakuta Bay"
"15224","Closest",3731913,9,"Ngakuta Bay"
"15225","Closest",3731917,9,"Ngakuta Bay"
"15226","Closest",3731919,9,"Ngakuta Bay"
"15227","Closest",3731921,9,"Ngakuta Bay"
"15228","Closest",3731922,7,"Grove Point/Arm Jetty"
"15229","Closest",3731924,9,"Ngakuta Bay"
"15230","Closest",3731925,7,"Grove Point/Arm Jetty"
"15231","Closest",3731926,9,"Ngakuta Bay"
"15232","Closest",3731927,9,"Ngakuta Bay"
"15233","Closest",3731931,9,"Ngakuta Bay"
"15234","Closest",3731935,9,"Ngakuta Bay"
"15235","Closest",3731939,9,"Ngakuta Bay"
"15236","Closest",3731940,9,"Ngakuta Bay"
"15237","Closest",3731942,30,"St. Omer Barge Ramp"
"15238","Closest",3731943,12,"Oyster Bay"
"15239","Closest",3731947,9,"Ngakuta Bay"
"15240","Closest",3731949,7,"Grove Point/Arm Jetty"
"15241","Closest",3731951,9,"Ngakuta Bay"
"15242","Closest",3731953,33,"Penzance Bay"
"15243","Closest",3731957,9,"Ngakuta Bay"
"15244","Closest",3731959,18,"Moetapu Bay Jetty"
"15245","Closest",3731960,9,"Ngakuta Bay"
"15246","Closest",3731961,9,"Ngakuta Bay"
"15247","Closest",3731963,9,"Ngakuta Bay"
"15248","Closest",3731964,9,"Ngakuta Bay"
"15249","Closest",3731965,21,"Willow Bay"
"15250","Closest",3731966,9,"Ngakuta Bay"
"15251","Closest",3731967,9,"Ngakuta Bay"
"15252","Closest",3731969,7,"Grove Point/Arm Jetty"
"15253","Closest",3731970,9,"Ngakuta Bay"
"15254","Closest",3731975,9,"Ngakuta Bay"
"15255","Closest",3731976,9,"Ngakuta Bay"
"15256","Closest",3731978,9,"Ngakuta Bay"
"15257","Closest",3731979,9,"Ngakuta Bay"
"15258","Closest",3731980,9,"Ngakuta Bay"
"15259","Closest",3731983,12,"Oyster Bay"
"15260","Closest",3731987,9,"Ngakuta Bay"
"15261","Closest",3731988,9,"Ngakuta Bay"
"15262","Closest",3731992,9,"Ngakuta Bay"
"15263","Closest",3731995,9,"Ngakuta Bay"
"15264","Closest",3731998,9,"Ngakuta Bay"
"15265","Closest",3731999,9,"Ngakuta Bay"
"15266","Closest",3732000,9,"Ngakuta Bay"
"15267","Closest",3732001,9,"Ngakuta Bay"
"15268","Closest",3732002,9,"Ngakuta Bay"
"15269","Closest",3732003,9,"Ngakuta Bay"
"15270","Closest",3732007,33,"Penzance Bay"
"15271","Closest",3732009,12,"Oyster Bay"
"15272","Closest",3732012,11,"Punga Cove"
"15273","Closest",3732014,9,"Ngakuta Bay"
"15274","Closest",3732015,9,"Ngakuta Bay"
"15275","Closest",3732018,33,"Penzance Bay"
"15276","Closest",3732021,9,"Ngakuta Bay"
"15277","Closest",3732023,9,"Ngakuta Bay"
"15278","Closest",3732025,31,"Double Bay"
"15279","Closest",3732026,9,"Ngakuta Bay"
"15280","Closest",3732027,9,"Ngakuta Bay"
"15281","Closest",3732028,9,"Ngakuta Bay"
"15282","Closest",3732030,9,"Ngakuta Bay"
"15283","Closest",3732033,9,"Ngakuta Bay"
"15284","Closest",3732035,9,"Ngakuta Bay"
"15285","Closest",3732037,9,"Ngakuta Bay"
"15286","Closest",3732043,9,"Ngakuta Bay"
"15287","Closest",3732045,9,"Ngakuta Bay"
"15288","Closest",3732047,17,"Kaiuma Bay"
"15289","Closest",3732052,7,"Grove Point/Arm Jetty"
"15290","Closest",3732055,9,"Ngakuta Bay"
"15291","Closest",3732057,9,"Ngakuta Bay"
"15292","Closest",3732068,9,"Ngakuta Bay"
"15293","Closest",3732074,9,"Ngakuta Bay"
"15294","Closest",3732075,9,"Ngakuta Bay"
"15295","Closest",3732078,32,"Duncan Bay"
"15296","Closest",3732087,10,"Waterfall Bay"
"15297","Closest",3732088,7,"Grove Point/Arm Jetty"
"15298","Closest",3732089,7,"Grove Point/Arm Jetty"
"15299","Closest",3732095,30,"St. Omer Barge Ramp"
"15300","Closest",3732099,9,"Ngakuta Bay"
"15301","Closest",3732105,9,"Ngakuta Bay"
"15302","Closest",3732115,9,"Ngakuta Bay"
"15303","Closest",3732125,7,"Grove Point/Arm Jetty"
"15304","Closest",3732126,7,"Grove Point/Arm Jetty"
"15305","Closest",3732129,17,"Kaiuma Bay"
"15306","Closest",3732132,9,"Ngakuta Bay"
"15307","Closest",3732133,7,"Grove Point/Arm Jetty"
"15308","Closest",3732135,7,"Grove Point/Arm Jetty"
"15309","Closest",3732138,7,"Grove Point/Arm Jetty"
"15310","Closest",3732139,9,"Ngakuta Bay"
"15311","Closest",3732143,23,"Te Mahia"
"15312","Closest",3732146,27,"Sandy Bay"
"15313","Closest",3732152,31,"Double Bay"
"15314","Closest",3732166,9,"Ngakuta Bay"
"15315","Closest",3732168,7,"Grove Point/Arm Jetty"
"15316","Closest",3732171,7,"Grove Point/Arm Jetty"
"15317","Closest",3732172,7,"Grove Point/Arm Jetty"
"15318","Closest",3732173,7,"Grove Point/Arm Jetty"
"15319","Closest",3732177,26,"Nikau Cove Doc Camp"
"15320","Closest",3732179,7,"Grove Point/Arm Jetty"
"15321","Closest",3732181,9,"Ngakuta Bay"
"15322","Closest",3732184,7,"Grove Point/Arm Jetty"
"15323","Closest",3732186,7,"Grove Point/Arm Jetty"
"15324","Closest",3732193,9,"Ngakuta Bay"
"15325","Closest",3732199,7,"Grove Point/Arm Jetty"
"15326","Closest",3732200,30,"St. Omer Barge Ramp"
"15327","Closest",3732201,7,"Grove Point/Arm Jetty"
"15328","Closest",3732202,9,"Ngakuta Bay"
"15329","Closest",3732213,9,"Ngakuta Bay"
"15330","Closest",3732216,21,"Willow Bay"
"15331","Closest",3732229,9,"Ngakuta Bay"
"15332","Closest",3732230,9,"Ngakuta Bay"
"15333","Closest",3732232,7,"Grove Point/Arm Jetty"
"15334","Closest",3732240,30,"St. Omer Barge Ramp"
"15335","Closest",3732242,27,"Sandy Bay"
"15336","Closest",3732243,7,"Grove Point/Arm Jetty"
"15337","Closest",3732245,12,"Oyster Bay"
"15338","Closest",3732249,31,"Double Bay"
"15339","Closest",3732250,31,"Double Bay"
"15340","Closest",3732259,9,"Ngakuta Bay"
"15341","Closest",3732265,7,"Grove Point/Arm Jetty"
"15342","Closest",3732266,19,"Double Bay Boat Ramp"
"15343","Closest",3732271,30,"St. Omer Barge Ramp"
"15344","Closest",3732276,31,"Double Bay"
"15345","Closest",3732278,6,"Anakiwa"
"15346","Closest",3732282,30,"St. Omer Barge Ramp"
"15347","Closest",3732285,27,"Sandy Bay"
"15348","Closest",3732289,30,"St. Omer Barge Ramp"
"15349","Closest",3732292,30,"St. Omer Barge Ramp"
"15350","Closest",3732298,12,"Oyster Bay"
"15351","Closest",3732302,7,"Grove Point/Arm Jetty"
"15352","Closest",3732303,29,"Waitaria Bay"
"15353","Closest",3732304,11,"Punga Cove"
"15354","Closest",3732312,40,"Titirangi Bay"
"15355","Closest",3732313,9,"Ngakuta Bay"
"15356","Closest",3732315,9,"Ngakuta Bay"
"15357","Closest",3732322,9,"Ngakuta Bay"
"15358","Closest",3732329,30,"St. Omer Barge Ramp"
"15359","Closest",3732343,13,"Hakana Bay"
"15360","Closest",3732348,9,"Ngakuta Bay"
"15361","Closest",3732350,9,"Ngakuta Bay"
"15362","Closest",3732374,9,"Ngakuta Bay"
"15363","Closest",3732393,6,"Anakiwa"
"15364","Closest",3732395,27,"Sandy Bay"
"15365","Closest",3732405,9,"Ngakuta Bay"
"15366","Closest",3732421,12,"Oyster Bay"
"15367","Closest",3732429,13,"Hakana Bay"
"15368","Closest",3732430,6,"Anakiwa"
"15369","Closest",3732436,9,"Ngakuta Bay"
"15370","Closest",3732439,27,"Sandy Bay"
"15371","Closest",3732441,9,"Ngakuta Bay"
"15372","Closest",3732445,31,"Double Bay"
"15373","Closest",3732451,27,"Sandy Bay"
"15374","Closest",3732454,27,"Sandy Bay"
"15375","Closest",3732459,27,"Sandy Bay"
"15376","Closest",3732461,12,"Oyster Bay"
"15377","Closest",3732462,27,"Sandy Bay"
"15378","Closest",3732463,26,"Nikau Cove Doc Camp"
"15379","Closest",3732464,27,"Sandy Bay"
"15380","Closest",3732471,27,"Sandy Bay"
"15381","Closest",3732474,32,"Duncan Bay"
"15382","Closest",3732476,12,"Oyster Bay"
"15383","Closest",3732481,12,"Oyster Bay"
"15384","Closest",3732482,7,"Grove Point/Arm Jetty"
"15385","Closest",3732483,28,"Fish Bay Ramp"
"15386","Closest",3732488,29,"Waitaria Bay"
"15387","Closest",3732489,17,"Kaiuma Bay"
"15388","Closest",3732494,24,"Tara Bay"
"15389","Closest",3732495,9,"Ngakuta Bay"
"15390","Closest",3732497,9,"Ngakuta Bay"
"15391","Closest",3732498,12,"Oyster Bay"
"15392","Closest",3732501,9,"Ngakuta Bay"
"15393","Closest",3732509,9,"Ngakuta Bay"
"15394","Closest",3732519,7,"Grove Point/Arm Jetty"
"15395","Closest",3732520,9,"Ngakuta Bay"
"15396","Closest",3732523,10,"Waterfall Bay"
"15397","Closest",3732526,12,"Oyster Bay"
"15398","Closest",3732540,9,"Ngakuta Bay"
"15399","Closest",3732542,9,"Ngakuta Bay"
"15400","Closest",3732547,14,"Elaine Bay"
"15401","Closest",3732551,27,"Sandy Bay"
"15402","Closest",3732560,27,"Sandy Bay"
"15403","Closest",3732564,7,"Grove Point/Arm Jetty"
"15404","Closest",3732575,9,"Ngakuta Bay"
"15405","Closest",3732576,13,"Hakana Bay"
"15406","Closest",3732577,18,"Moetapu Bay Jetty"
"15407","Closest",3732579,15,"Portage Bay"
"15408","Closest",3732591,9,"Ngakuta Bay"
"15409","Closest",3732593,9,"Ngakuta Bay"
"15410","Closest",3732597,6,"Anakiwa"
"15411","Closest",3732599,11,"Punga Cove"
"15412","Closest",3732600,12,"Oyster Bay"
"15413","Closest",3732604,9,"Ngakuta Bay"
"15414","Closest",3732606,10,"Waterfall Bay"
"15415","Closest",3732608,9,"Ngakuta Bay"
"15416","Closest",3732610,7,"Grove Point/Arm Jetty"
"15417","Closest",3732611,12,"Oyster Bay"
"15418","Closest",3732612,12,"Oyster Bay"
"15419","Closest",3732614,11,"Punga Cove"
"15420","Closest",3732621,11,"Punga Cove"
"15421","Closest",3732623,9,"Ngakuta Bay"
"15422","Closest",3732627,9,"Ngakuta Bay"
"15423","Closest",3732629,9,"Ngakuta Bay"
"15424","Closest",3732630,9,"Ngakuta Bay"
"15425","Closest",3732636,9,"Ngakuta Bay"
"15426","Closest",3732637,9,"Ngakuta Bay"
"15427","Closest",3732639,9,"Ngakuta Bay"
"15428","Closest",3732640,9,"Ngakuta Bay"
"15429","Closest",3732647,9,"Ngakuta Bay"
"15430","Closest",3732648,9,"Ngakuta Bay"
"15431","Closest",3732652,9,"Ngakuta Bay"
"15432","Closest",3732653,7,"Grove Point/Arm Jetty"
"15433","Closest",3732657,9,"Ngakuta Bay"
"15434","Closest",3732661,11,"Punga Cove"
"15435","Closest",3732662,17,"Kaiuma Bay"
"15436","Closest",3732666,7,"Grove Point/Arm Jetty"
"15437","Closest",3732668,40,"Titirangi Bay"
"15438","Closest",3732678,9,"Ngakuta Bay"
"15439","Closest",3732679,7,"Grove Point/Arm Jetty"
"15440","Closest",3732680,7,"Grove Point/Arm Jetty"
"15441","Closest",3732684,27,"Sandy Bay"
"15442","Closest",3732689,11,"Punga Cove"
"15443","Closest",3732698,9,"Ngakuta Bay"
"15444","Closest",3732699,7,"Grove Point/Arm Jetty"
"15445","Closest",3732701,15,"Portage Bay"
"15446","Closest",3732709,9,"Ngakuta Bay"
"15447","Closest",3732710,9,"Ngakuta Bay"
"15448","Closest",3732715,9,"Ngakuta Bay"
"15449","Closest",3732729,30,"St. Omer Barge Ramp"
"15450","Closest",3732735,9,"Ngakuta Bay"
"15451","Closest",3732736,9,"Ngakuta Bay"
"15452","Closest",3732739,12,"Oyster Bay"
"15453","Closest",3732740,9,"Ngakuta Bay"
"15454","Closest",3732743,30,"St. Omer Barge Ramp"
"15455","Closest",3732748,9,"Ngakuta Bay"
"15456","Closest",3732754,9,"Ngakuta Bay"
"15457","Closest",3732755,9,"Ngakuta Bay"
"15458","Closest",3732769,9,"Ngakuta Bay"
"15459","Closest",3732784,11,"Punga Cove"
"15460","Closest",3732794,9,"Ngakuta Bay"
"15461","Closest",3732800,11,"Punga Cove"
"15462","Closest",3732805,9,"Ngakuta Bay"
"15463","Closest",3732806,11,"Punga Cove"
"15464","Closest",3732811,9,"Ngakuta Bay"
"15465","Closest",3732826,7,"Grove Point/Arm Jetty"
"15466","Closest",3732833,9,"Ngakuta Bay"
"15467","Closest",3732836,7,"Grove Point/Arm Jetty"
"15468","Closest",3732839,9,"Ngakuta Bay"
"15469","Closest",3732843,12,"Oyster Bay"
"15470","Closest",3732845,11,"Punga Cove"
"15471","Closest",3732848,9,"Ngakuta Bay"
"15472","Closest",3732849,11,"Punga Cove"
"15473","Closest",3732851,9,"Ngakuta Bay"
"15474","Closest",3732852,9,"Ngakuta Bay"
"15475","Closest",3732855,12,"Oyster Bay"
"15476","Closest",3732873,9,"Ngakuta Bay"
"15477","Closest",3732878,13,"Hakana Bay"
"15478","Closest",3732879,9,"Ngakuta Bay"
"15479","Closest",3732886,9,"Ngakuta Bay"
"15480","Closest",3732887,9,"Ngakuta Bay"
"15481","Closest",3732905,9,"Ngakuta Bay"
"15482","Closest",3732919,7,"Grove Point/Arm Jetty"
"15483","Closest",3732922,9,"Ngakuta Bay"
"15484","Closest",3732926,21,"Willow Bay"
"15485","Closest",3732939,7,"Grove Point/Arm Jetty"
"15486","Closest",3732948,7,"Grove Point/Arm Jetty"
"15487","Closest",3732952,7,"Grove Point/Arm Jetty"
"15488","Closest",3732956,33,"Penzance Bay"
"15489","Closest",3732962,9,"Ngakuta Bay"
"15490","Closest",3732964,8,"Momorangi Bay"
"15491","Closest",3732965,9,"Ngakuta Bay"
"15492","Closest",3732979,23,"Te Mahia"
"15493","Closest",3732992,12,"Oyster Bay"
"15494","Closest",3732994,6,"Anakiwa"
"15495","Closest",3733008,11,"Punga Cove"
"15496","Closest",3733016,9,"Ngakuta Bay"
"15497","Closest",3733020,9,"Ngakuta Bay"
"15498","Closest",3733021,10,"Waterfall Bay"
"15499","Closest",3733022,9,"Ngakuta Bay"
"15500","Closest",3733027,9,"Ngakuta Bay"
"15501","Closest",3733047,9,"Ngakuta Bay"
"15502","Closest",3733053,9,"Ngakuta Bay"
"15503","Closest",3733064,7,"Grove Point/Arm Jetty"
"15504","Closest",3733065,27,"Sandy Bay"
"15505","Closest",3733073,7,"Grove Point/Arm Jetty"
"15506","Closest",3733074,9,"Ngakuta Bay"
"15507","Closest",3733090,7,"Grove Point/Arm Jetty"
"15508","Closest",3733093,9,"Ngakuta Bay"
"15509","Closest",3733101,9,"Ngakuta Bay"
"15510","Closest",3733110,9,"Ngakuta Bay"
"15511","Closest",3733119,27,"Sandy Bay"
"15512","Closest",3733120,9,"Ngakuta Bay"
"15513","Closest",3733129,9,"Ngakuta Bay"
"15514","Closest",3733160,27,"Sandy Bay"
"15515","Closest",3733172,9,"Ngakuta Bay"
"15516","Closest",3733180,9,"Ngakuta Bay"
"15517","Closest",3733191,27,"Sandy Bay"
"15518","Closest",3733192,9,"Ngakuta Bay"
"15519","Closest",3733193,9,"Ngakuta Bay"
"15520","Closest",3733197,32,"Duncan Bay"
"15521","Closest",3733211,27,"Sandy Bay"
"15522","Closest",3733220,11,"Punga Cove"
"15523","Closest",3733235,8,"Momorangi Bay"
"15524","Closest",3733244,9,"Ngakuta Bay"
"15525","Closest",3733246,7,"Grove Point/Arm Jetty"
"15526","Closest",3733249,7,"Grove Point/Arm Jetty"
"15527","Closest",3733256,9,"Ngakuta Bay"
"15528","Closest",3733262,27,"Sandy Bay"
"15529","Closest",3733263,9,"Ngakuta Bay"
"15530","Closest",3733293,9,"Ngakuta Bay"
"15531","Closest",3733296,9,"Ngakuta Bay"
"15532","Closest",3733299,14,"Elaine Bay"
"15533","Closest",3733323,13,"Hakana Bay"
"15534","Closest",3733330,12,"Oyster Bay"
"15535","Closest",3733340,7,"Grove Point/Arm Jetty"
"15536","Closest",3733367,7,"Grove Point/Arm Jetty"
"15537","Closest",3733370,9,"Ngakuta Bay"
"15538","Closest",3733383,7,"Grove Point/Arm Jetty"
"15539","Closest",3733384,33,"Penzance Bay"
"15540","Closest",3733406,9,"Ngakuta Bay"
"15541","Closest",3733414,7,"Grove Point/Arm Jetty"
"15542","Closest",3733428,7,"Grove Point/Arm Jetty"
"15543","Closest",3733437,9,"Ngakuta Bay"
"15544","Closest",3733445,9,"Ngakuta Bay"
"15545","Closest",3733446,12,"Oyster Bay"
"15546","Closest",3733454,13,"Hakana Bay"
"15547","Closest",3733470,9,"Ngakuta Bay"
"15548","Closest",3733474,9,"Ngakuta Bay"
"15549","Closest",3733475,9,"Ngakuta Bay"
"15550","Closest",3733476,9,"Ngakuta Bay"
"15551","Closest",3733480,9,"Ngakuta Bay"
"15552","Closest",3733484,9,"Ngakuta Bay"
"15553","Closest",3733493,9,"Ngakuta Bay"
"15554","Closest",3733497,9,"Ngakuta Bay"
"15555","Closest",3733498,9,"Ngakuta Bay"
"15556","Closest",3733499,9,"Ngakuta Bay"
"15557","Closest",3733512,9,"Ngakuta Bay"
"15558","Closest",3733513,9,"Ngakuta Bay"
"15559","Closest",3733514,9,"Ngakuta Bay"
"15560","Closest",3733517,9,"Ngakuta Bay"
"15561","Closest",3733519,9,"Ngakuta Bay"
"15562","Closest",3733520,9,"Ngakuta Bay"
"15563","Closest",3733521,9,"Ngakuta Bay"
"15564","Closest",3733523,9,"Ngakuta Bay"
"15565","Closest",3733538,9,"Ngakuta Bay"
"15566","Closest",3733556,9,"Ngakuta Bay"
"15567","Closest",3733561,9,"Ngakuta Bay"
"15568","Closest",3733568,9,"Ngakuta Bay"
"15569","Closest",3733572,9,"Ngakuta Bay"
"15570","Closest",3733573,9,"Ngakuta Bay"
"15571","Closest",3733577,9,"Ngakuta Bay"
"15572","Closest",3733578,7,"Grove Point/Arm Jetty"
"15573","Closest",3733582,11,"Punga Cove"
"15574","Closest",3733592,9,"Ngakuta Bay"
"15575","Closest",3733602,9,"Ngakuta Bay"
"15576","Closest",3733608,12,"Oyster Bay"
"15577","Closest",3733630,7,"Grove Point/Arm Jetty"
"15578","Closest",3733635,9,"Ngakuta Bay"
"15579","Closest",3733645,9,"Ngakuta Bay"
"15580","Closest",3733646,9,"Ngakuta Bay"
"15581","Closest",3733647,9,"Ngakuta Bay"
"15582","Closest",3733649,9,"Ngakuta Bay"
"15583","Closest",3733650,9,"Ngakuta Bay"
"15584","Closest",3733653,18,"Moetapu Bay Jetty"
"15585","Closest",3733655,9,"Ngakuta Bay"
"15586","Closest",3733658,9,"Ngakuta Bay"
"15587","Closest",3733661,9,"Ngakuta Bay"
"15588","Closest",3733671,12,"Oyster Bay"
"15589","Closest",3733694,7,"Grove Point/Arm Jetty"
"15590","Closest",3733697,7,"Grove Point/Arm Jetty"
"15591","Closest",3733698,7,"Grove Point/Arm Jetty"
"15592","Closest",3733713,9,"Ngakuta Bay"
"15593","Closest",3733723,7,"Grove Point/Arm Jetty"
"15594","Closest",3733725,7,"Grove Point/Arm Jetty"
"15595","Closest",3733728,12,"Oyster Bay"
"15596","Closest",3733731,12,"Oyster Bay"
"15597","Closest",3733751,7,"Grove Point/Arm Jetty"
"15598","Closest",3733752,7,"Grove Point/Arm Jetty"
"15599","Closest",3733754,12,"Oyster Bay"
"15600","Closest",3733767,7,"Grove Point/Arm Jetty"
"15601","Closest",3733768,7,"Grove Point/Arm Jetty"
"15602","Closest",3733769,7,"Grove Point/Arm Jetty"
"15603","Closest",3733770,7,"Grove Point/Arm Jetty"
"15604","Closest",3733771,18,"Moetapu Bay Jetty"
"15605","Closest",3733772,9,"Ngakuta Bay"
"15606","Closest",3733774,7,"Grove Point/Arm Jetty"
"15607","Closest",3733776,7,"Grove Point/Arm Jetty"
"15608","Closest",3733778,30,"St. Omer Barge Ramp"
"15609","Closest",3733779,31,"Double Bay"
"15610","Closest",3733780,7,"Grove Point/Arm Jetty"
"15611","Closest",3733781,7,"Grove Point/Arm Jetty"
"15612","Closest",3733782,27,"Sandy Bay"
"15613","Closest",3733787,18,"Moetapu Bay Jetty"
"15614","Closest",3733788,15,"Portage Bay"
"15615","Closest",3733789,9,"Ngakuta Bay"
"15616","Closest",3733808,27,"Sandy Bay"
"15617","Closest",3733809,19,"Double Bay Boat Ramp"
"15618","Closest",3733812,9,"Ngakuta Bay"
"15619","Closest",3733816,9,"Ngakuta Bay"
"15620","Closest",3733818,9,"Ngakuta Bay"
"15621","Closest",3733819,9,"Ngakuta Bay"
"15622","Closest",3733822,9,"Ngakuta Bay"
"15623","Closest",3733823,9,"Ngakuta Bay"
"15624","Closest",3733827,9,"Ngakuta Bay"
"15625","Closest",3733828,9,"Ngakuta Bay"
"15626","Closest",3733830,9,"Ngakuta Bay"
"15627","Closest",3733831,7,"Grove Point/Arm Jetty"
"15628","Closest",3733832,31,"Double Bay"
"15629","Closest",3733834,9,"Ngakuta Bay"
"15630","Closest",3733835,9,"Ngakuta Bay"
"15631","Closest",3733836,9,"Ngakuta Bay"
"15632","Closest",3733849,26,"Nikau Cove Doc Camp"
"15633","Closest",3733861,7,"Grove Point/Arm Jetty"
"15634","Closest",3733863,7,"Grove Point/Arm Jetty"
"15635","Closest",3733870,9,"Ngakuta Bay"
"15636","Closest",3733880,33,"Penzance Bay"
"15637","Closest",3733902,8,"Momorangi Bay"
"15638","Closest",3733905,33,"Penzance Bay"
"15639","Closest",3733912,12,"Oyster Bay"
"15640","Closest",3733920,30,"St. Omer Barge Ramp"
"15641","Closest",3733921,26,"Nikau Cove Doc Camp"
"15642","Closest",3733930,9,"Ngakuta Bay"
"15643","Closest",3733937,40,"Titirangi Bay"
"15644","Closest",3733939,9,"Ngakuta Bay"
"15645","Closest",3733940,9,"Ngakuta Bay"
"15646","Closest",3733946,8,"Momorangi Bay"
"15647","Closest",3733947,9,"Ngakuta Bay"
"15648","Closest",3733949,9,"Ngakuta Bay"
"15649","Closest",3733950,9,"Ngakuta Bay"
"15650","Closest",3733952,9,"Ngakuta Bay"
"15651","Closest",3733954,9,"Ngakuta Bay"
"15652","Closest",3733956,9,"Ngakuta Bay"
"15653","Closest",3733959,9,"Ngakuta Bay"
"15654","Closest",3733961,9,"Ngakuta Bay"
"15655","Closest",3733963,13,"Hakana Bay"
"15656","Closest",3733965,9,"Ngakuta Bay"
"15657","Closest",3733968,9,"Ngakuta Bay"
"15658","Closest",3733970,9,"Ngakuta Bay"
"15659","Closest",3733977,12,"Oyster Bay"
"15660","Closest",3733981,12,"Oyster Bay"
"15661","Closest",3733994,7,"Grove Point/Arm Jetty"
"15662","Closest",3734014,27,"Sandy Bay"
"15663","Closest",3734016,7,"Grove Point/Arm Jetty"
"15664","Closest",3734020,12,"Oyster Bay"
"15665","Closest",3734028,7,"Grove Point/Arm Jetty"
"15666","Closest",3734038,9,"Ngakuta Bay"
"15667","Closest",3734044,29,"Waitaria Bay"
"15668","Closest",3734059,9,"Ngakuta Bay"
"15669","Closest",3734065,9,"Ngakuta Bay"
"15670","Closest",3734068,9,"Ngakuta Bay"
"15671","Closest",3734070,9,"Ngakuta Bay"
"15672","Closest",3734073,9,"Ngakuta Bay"
"15673","Closest",3734109,9,"Ngakuta Bay"
"15674","Closest",3734148,9,"Ngakuta Bay"
"15675","Closest",3734155,13,"Hakana Bay"
"15676","Closest",3734163,11,"Punga Cove"
"15677","Closest",3734167,27,"Sandy Bay"
"15678","Closest",3734190,12,"Oyster Bay"
"15679","Closest",3734192,18,"Moetapu Bay Jetty"
"15680","Closest",3734222,11,"Punga Cove"
"15681","Closest",3734226,18,"Moetapu Bay Jetty"
"15682","Closest",3734235,7,"Grove Point/Arm Jetty"
"15683","Closest",3734236,7,"Grove Point/Arm Jetty"
"15684","Closest",3734237,7,"Grove Point/Arm Jetty"
"15685","Closest",3734258,21,"Willow Bay"
"15686","Closest",3734269,11,"Punga Cove"
"15687","Closest",3734270,6,"Anakiwa"
"15688","Closest",3734284,8,"Momorangi Bay"
"15689","Closest",3734285,11,"Punga Cove"
"15690","Closest",3734294,8,"Momorangi Bay"
"15691","Closest",3734301,7,"Grove Point/Arm Jetty"
"15692","Closest",3734302,7,"Grove Point/Arm Jetty"
"15693","Closest",3734303,7,"Grove Point/Arm Jetty"
"15694","Closest",3734304,17,"Kaiuma Bay"
"15695","Closest",3734306,7,"Grove Point/Arm Jetty"
"15696","Closest",3734307,7,"Grove Point/Arm Jetty"
"15697","Closest",3734312,7,"Grove Point/Arm Jetty"
"15698","Closest",3734314,7,"Grove Point/Arm Jetty"
"15699","Closest",3734315,7,"Grove Point/Arm Jetty"
"15700","Closest",3734316,7,"Grove Point/Arm Jetty"
"15701","Closest",3734317,7,"Grove Point/Arm Jetty"
"15702","Closest",3734318,7,"Grove Point/Arm Jetty"
"15703","Closest",3734319,7,"Grove Point/Arm Jetty"
"15704","Closest",3734324,29,"Waitaria Bay"
"15705","Closest",3734326,7,"Grove Point/Arm Jetty"
"15706","Closest",3734335,7,"Grove Point/Arm Jetty"
"15707","Closest",3734341,10,"Waterfall Bay"
"15708","Closest",3734354,9,"Ngakuta Bay"
"15709","Closest",3734356,8,"Momorangi Bay"
"15710","Closest",3734357,7,"Grove Point/Arm Jetty"
"15711","Closest",3734365,26,"Nikau Cove Doc Camp"
"15712","Closest",3734371,9,"Ngakuta Bay"
"15713","Closest",3734373,27,"Sandy Bay"
"15714","Closest",3734376,9,"Ngakuta Bay"
"15715","Closest",3734377,9,"Ngakuta Bay"
"15716","Closest",3734385,9,"Ngakuta Bay"
"15717","Closest",3734389,9,"Ngakuta Bay"
"15718","Closest",3734395,9,"Ngakuta Bay"
"15719","Closest",3734399,7,"Grove Point/Arm Jetty"
"15720","Closest",3734405,12,"Oyster Bay"
"15721","Closest",3734409,32,"Duncan Bay"
"15722","Closest",3734410,12,"Oyster Bay"
"15723","Closest",3734415,9,"Ngakuta Bay"
"15724","Closest",3734432,7,"Grove Point/Arm Jetty"
"15725","Closest",3734449,7,"Grove Point/Arm Jetty"
"15726","Closest",3734451,7,"Grove Point/Arm Jetty"
"15727","Closest",3734452,7,"Grove Point/Arm Jetty"
"15728","Closest",3734464,17,"Kaiuma Bay"
"15729","Closest",3734482,9,"Ngakuta Bay"
"15730","Closest",3734483,33,"Penzance Bay"
"15731","Closest",3734487,9,"Ngakuta Bay"
"15732","Closest",3734503,7,"Grove Point/Arm Jetty"
"15733","Closest",3734504,9,"Ngakuta Bay"
"15734","Closest",3734508,27,"Sandy Bay"
"15735","Closest",3734510,6,"Anakiwa"
"15736","Closest",3734511,6,"Anakiwa"
"15737","Closest",3734515,6,"Anakiwa"
"15738","Closest",3734522,8,"Momorangi Bay"
"15739","Closest",3734528,7,"Grove Point/Arm Jetty"
"15740","Closest",3734542,27,"Sandy Bay"
"15741","Closest",3734565,9,"Ngakuta Bay"
"15742","Closest",3734575,27,"Sandy Bay"
"15743","Closest",3734591,13,"Hakana Bay"
"15744","Closest",3734595,24,"Tara Bay"
"15745","Closest",3734601,33,"Penzance Bay"
"15746","Closest",3734609,33,"Penzance Bay"
"15747","Closest",3734644,12,"Oyster Bay"
"15748","Closest",3734658,27,"Sandy Bay"
"15749","Closest",3734661,9,"Ngakuta Bay"
"15750","Closest",3734672,33,"Penzance Bay"
"15751","Closest",3734680,13,"Hakana Bay"
"15752","Closest",3734682,32,"Duncan Bay"
"15753","Closest",3734686,9,"Ngakuta Bay"
"15754","Closest",3734699,9,"Ngakuta Bay"
"15755","Closest",3734722,8,"Momorangi Bay"
"15756","Closest",3734731,9,"Ngakuta Bay"
"15757","Closest",3734756,12,"Oyster Bay"
"15758","Closest",3734758,8,"Momorangi Bay"
"15759","Closest",3734760,9,"Ngakuta Bay"
"15760","Closest",3734764,6,"Anakiwa"
"15761","Closest",3734784,11,"Punga Cove"
"15762","Closest",3734796,9,"Ngakuta Bay"
"15763","Closest",3734798,9,"Ngakuta Bay"
"15764","Closest",3734801,9,"Ngakuta Bay"
"15765","Closest",3734803,9,"Ngakuta Bay"
"15766","Closest",3734807,9,"Ngakuta Bay"
"15767","Closest",3734808,9,"Ngakuta Bay"
"15768","Closest",3734809,9,"Ngakuta Bay"
"15769","Closest",3734810,9,"Ngakuta Bay"
"15770","Closest",3734811,19,"Double Bay Boat Ramp"
"15771","Closest",3734812,9,"Ngakuta Bay"
"15772","Closest",3734813,9,"Ngakuta Bay"
"15773","Closest",3734815,9,"Ngakuta Bay"
"15774","Closest",3734816,9,"Ngakuta Bay"
"15775","Closest",3734830,26,"Nikau Cove Doc Camp"
"15776","Closest",3734831,32,"Duncan Bay"
"15777","Closest",3734832,32,"Duncan Bay"
"15778","Closest",3734841,9,"Ngakuta Bay"
"15779","Closest",3734842,26,"Nikau Cove Doc Camp"
"15780","Closest",3734847,29,"Waitaria Bay"
"15781","Closest",3734850,21,"Willow Bay"
"15782","Closest",3734852,32,"Duncan Bay"
"15783","Closest",3734863,9,"Ngakuta Bay"
"15784","Closest",3734867,30,"St. Omer Barge Ramp"
"15785","Closest",3734878,9,"Ngakuta Bay"
"15786","Closest",3734888,9,"Ngakuta Bay"
"15787","Closest",3734895,27,"Sandy Bay"
"15788","Closest",3734896,20,"Ohingaroa Bay"
"15789","Closest",3734904,10,"Waterfall Bay"
"15790","Closest",3734911,9,"Ngakuta Bay"
"15791","Closest",3734915,32,"Duncan Bay"
"15792","Closest",3734916,21,"Willow Bay"
"15793","Closest",3734929,32,"Duncan Bay"
"15794","Closest",3734930,9,"Ngakuta Bay"
"15795","Closest",3734939,9,"Ngakuta Bay"
"15796","Closest",3734941,32,"Duncan Bay"
"15797","Closest",3734942,32,"Duncan Bay"
"15798","Closest",3734956,14,"Elaine Bay"
"15799","Closest",3734958,32,"Duncan Bay"
"15800","Closest",3734967,9,"Ngakuta Bay"
"15801","Closest",3734970,9,"Ngakuta Bay"
"15802","Closest",3734971,9,"Ngakuta Bay"
"15803","Closest",3734987,7,"Grove Point/Arm Jetty"
"15804","Closest",3734989,24,"Tara Bay"
"15805","Closest",3735011,9,"Ngakuta Bay"
"15806","Closest",3735039,7,"Grove Point/Arm Jetty"
"15807","Closest",3735044,7,"Grove Point/Arm Jetty"
"15808","Closest",3735055,7,"Grove Point/Arm Jetty"
"15809","Closest",3735058,7,"Grove Point/Arm Jetty"
"15810","Closest",3735059,7,"Grove Point/Arm Jetty"
"15811","Closest",3735066,10,"Waterfall Bay"
"15812","Closest",3735067,9,"Ngakuta Bay"
"15813","Closest",3735068,9,"Ngakuta Bay"
"15814","Closest",3735108,18,"Moetapu Bay Jetty"
"15815","Closest",3735128,13,"Hakana Bay"
"15816","Closest",3735134,9,"Ngakuta Bay"
"15817","Closest",3735136,31,"Double Bay"
"15818","Closest",3735146,24,"Tara Bay"
"15819","Closest",3735154,19,"Double Bay Boat Ramp"
"15820","Closest",3735185,11,"Punga Cove"
"15821","Closest",3735186,9,"Ngakuta Bay"
"15822","Closest",3735191,23,"Te Mahia"
"15823","Closest",3735207,9,"Ngakuta Bay"
"15824","Closest",3735214,6,"Anakiwa"
"15825","Closest",3735215,6,"Anakiwa"
"15826","Closest",3735216,6,"Anakiwa"
"15827","Closest",3735223,7,"Grove Point/Arm Jetty"
"15828","Closest",3735233,9,"Ngakuta Bay"
"15829","Closest",3735250,24,"Tara Bay"
"15830","Closest",3735258,32,"Duncan Bay"
"15831","Closest",3735259,32,"Duncan Bay"
"15832","Closest",3735261,32,"Duncan Bay"
"15833","Closest",3735273,7,"Grove Point/Arm Jetty"
"15834","Closest",3735277,33,"Penzance Bay"
"15835","Closest",3735279,30,"St. Omer Barge Ramp"
"15836","Closest",3735281,30,"St. Omer Barge Ramp"
"15837","Closest",3735287,11,"Punga Cove"
"15838","Closest",3735288,23,"Te Mahia"
"15839","Closest",3735289,11,"Punga Cove"
"15840","Closest",3735290,27,"Sandy Bay"
"15841","Closest",3735291,24,"Tara Bay"
"15842","Closest",3735292,9,"Ngakuta Bay"
"15843","Closest",3735293,11,"Punga Cove"
"15844","Closest",3735294,18,"Moetapu Bay Jetty"
"15845","Closest",3735297,33,"Penzance Bay"
"15846","Closest",3735298,24,"Tara Bay"
"15847","Closest",3735299,24,"Tara Bay"
"15848","Closest",3735302,26,"Nikau Cove Doc Camp"
"15849","Closest",3735303,11,"Punga Cove"
"15850","Closest",3735304,27,"Sandy Bay"
"15851","Closest",3735305,27,"Sandy Bay"
"15852","Closest",3735306,15,"Portage Bay"
"15853","Closest",3735308,27,"Sandy Bay"
"15854","Closest",3735309,25,"Cowshed Bay"
"15855","Closest",3735314,27,"Sandy Bay"
"15856","Closest",3735317,16,"Torea Bay"
"15857","Closest",3735318,24,"Tara Bay"
"15858","Closest",3735319,11,"Punga Cove"
"15859","Closest",3735320,9,"Ngakuta Bay"
"15860","Closest",3735323,24,"Tara Bay"
"15861","Closest",3735324,10,"Waterfall Bay"
"15862","Closest",3735325,24,"Tara Bay"
"15863","Closest",3735327,24,"Tara Bay"
"15864","Closest",3735328,23,"Te Mahia"
"15865","Closest",3735330,23,"Te Mahia"
"15866","Closest",3735331,24,"Tara Bay"
"15867","Closest",3735333,27,"Sandy Bay"
"15868","Closest",3735334,24,"Tara Bay"
"15869","Closest",3735335,24,"Tara Bay"
"15870","Closest",3735336,13,"Hakana Bay"
"15871","Closest",3735337,10,"Waterfall Bay"
"15872","Closest",3735339,24,"Tara Bay"
"15873","Closest",3735343,24,"Tara Bay"
"15874","Closest",3735345,24,"Tara Bay"
"15875","Closest",3735346,8,"Momorangi Bay"
"15876","Closest",3735347,22,"Broughton Bay Road"
"15877","Closest",3735350,11,"Punga Cove"
"15878","Closest",3735351,24,"Tara Bay"
"15879","Closest",3735359,24,"Tara Bay"
"15880","Closest",3735360,16,"Torea Bay"
"15881","Closest",3735362,27,"Sandy Bay"
"15882","Closest",3735365,9,"Ngakuta Bay"
"15883","Closest",3735369,32,"Duncan Bay"
"15884","Closest",3735370,32,"Duncan Bay"
"15885","Closest",3735371,24,"Tara Bay"
"15886","Closest",3735373,23,"Te Mahia"
"15887","Closest",3735374,32,"Duncan Bay"
"15888","Closest",3735383,23,"Te Mahia"
"15889","Closest",3735388,32,"Duncan Bay"
"15890","Closest",3735389,17,"Kaiuma Bay"
"15891","Closest",3735390,17,"Kaiuma Bay"
"15892","Closest",3735391,32,"Duncan Bay"
"15893","Closest",3735392,33,"Penzance Bay"
"15894","Closest",3735395,32,"Duncan Bay"
"15895","Closest",3735396,24,"Tara Bay"
"15896","Closest",3735397,24,"Tara Bay"
"15897","Closest",3735398,22,"Broughton Bay Road"
"15898","Closest",3735399,24,"Tara Bay"
"15899","Closest",3735400,24,"Tara Bay"
"15900","Closest",3735402,27,"Sandy Bay"
"15901","Closest",3735404,7,"Grove Point/Arm Jetty"
"15902","Closest",3735405,7,"Grove Point/Arm Jetty"
"15903","Closest",3735407,8,"Momorangi Bay"
"15904","Closest",3735411,8,"Momorangi Bay"
"15905","Closest",3735417,7,"Grove Point/Arm Jetty"
"15906","Closest",3735419,30,"St. Omer Barge Ramp"
"15907","Closest",3735427,7,"Grove Point/Arm Jetty"
"15908","Closest",3735428,7,"Grove Point/Arm Jetty"
"15909","Closest",3735429,7,"Grove Point/Arm Jetty"
"15910","Closest",3735431,7,"Grove Point/Arm Jetty"
"15911","Closest",3735435,20,"Ohingaroa Bay"
"15912","Closest",3735446,8,"Momorangi Bay"
"15913","Closest",3735447,23,"Te Mahia"
"15914","Closest",3735457,7,"Grove Point/Arm Jetty"
"15915","Closest",3735466,26,"Nikau Cove Doc Camp"
"15916","Closest",3735468,12,"Oyster Bay"
"15917","Closest",3735478,21,"Willow Bay"
"15918","Closest",3735479,21,"Willow Bay"
"15919","Closest",3735482,18,"Moetapu Bay Jetty"
"15920","Closest",3735483,11,"Punga Cove"
"15921","Closest",3735484,40,"Titirangi Bay"
"15922","Closest",3735488,7,"Grove Point/Arm Jetty"
"15923","Closest",3735489,40,"Titirangi Bay"
"15924","Closest",3735492,7,"Grove Point/Arm Jetty"
"15925","Closest",3735493,28,"Fish Bay Ramp"
"15926","Closest",3735494,24,"Tara Bay"
"15927","Closest",3735496,29,"Waitaria Bay"
"15928","Closest",3735497,24,"Tara Bay"
"15929","Closest",3735499,13,"Hakana Bay"
"15930","Closest",3735502,32,"Duncan Bay"
"15931","Closest",3735503,32,"Duncan Bay"
"15932","Closest",3735506,31,"Double Bay"
"15933","Closest",3735508,33,"Penzance Bay"
"15934","Closest",3735509,14,"Elaine Bay"
"15935","Closest",3735514,18,"Moetapu Bay Jetty"
"15936","Closest",3735518,7,"Grove Point/Arm Jetty"
"15937","Closest",3735520,7,"Grove Point/Arm Jetty"
"15938","Closest",3735522,7,"Grove Point/Arm Jetty"
"15939","Closest",3735523,7,"Grove Point/Arm Jetty"
"15940","Closest",3735524,7,"Grove Point/Arm Jetty"
"15941","Closest",3735525,7,"Grove Point/Arm Jetty"
"15942","Closest",3735528,7,"Grove Point/Arm Jetty"
"15943","Closest",3735530,7,"Grove Point/Arm Jetty"
"15944","Closest",3735531,7,"Grove Point/Arm Jetty"
"15945","Closest",3735538,7,"Grove Point/Arm Jetty"
"15946","Closest",3735540,7,"Grove Point/Arm Jetty"
"15947","Closest",3735541,7,"Grove Point/Arm Jetty"
"15948","Closest",3735542,27,"Sandy Bay"
"15949","Closest",3735543,11,"Punga Cove"
"15950","Closest",3735548,7,"Grove Point/Arm Jetty"
"15951","Closest",3735549,18,"Moetapu Bay Jetty"
"15952","Closest",3735550,27,"Sandy Bay"
"15953","Closest",3735551,7,"Grove Point/Arm Jetty"
"15954","Closest",3735556,7,"Grove Point/Arm Jetty"
"15955","Closest",3735558,7,"Grove Point/Arm Jetty"
"15956","Closest",3735559,9,"Ngakuta Bay"
"15957","Closest",3735561,25,"Cowshed Bay"
"15958","Closest",3735563,24,"Tara Bay"
"15959","Closest",3735567,10,"Waterfall Bay"
"15960","Closest",3735568,12,"Oyster Bay"
"15961","Closest",3735571,30,"St. Omer Barge Ramp"
"15962","Closest",3735572,10,"Waterfall Bay"
"15963","Closest",3735573,10,"Waterfall Bay"
"15964","Closest",3735574,10,"Waterfall Bay"
"15965","Closest",3735576,30,"St. Omer Barge Ramp"
"15966","Closest",3735577,30,"St. Omer Barge Ramp"
"15967","Closest",3735578,31,"Double Bay"
"15968","Closest",3735580,29,"Waitaria Bay"
"15969","Closest",3735584,7,"Grove Point/Arm Jetty"
"15970","Closest",3735585,13,"Hakana Bay"
"15971","Closest",3735586,22,"Broughton Bay Road"
"15972","Closest",3735588,7,"Grove Point/Arm Jetty"
"15973","Closest",3735591,11,"Punga Cove"
"15974","Closest",3735592,6,"Anakiwa"
"15975","Closest",3735593,6,"Anakiwa"
"15976","Closest",3735594,6,"Anakiwa"
"15977","Closest",3735595,6,"Anakiwa"
"15978","Closest",3735596,9,"Ngakuta Bay"
"15979","Closest",3735598,24,"Tara Bay"
"15980","Closest",3735599,6,"Anakiwa"
"15981","Closest",3735601,21,"Willow Bay"
"15982","Closest",3735603,21,"Willow Bay"
"15983","Closest",3735604,27,"Sandy Bay"
"15984","Closest",3735605,27,"Sandy Bay"
"15985","Closest",3735610,29,"Waitaria Bay"
"15986","Closest",3735612,11,"Punga Cove"
"15987","Closest",3735613,12,"Oyster Bay"
"15988","Closest",3735615,17,"Kaiuma Bay"
"15989","Closest",3735616,18,"Moetapu Bay Jetty"
"15990","Closest",3735619,9,"Ngakuta Bay"
"15991","Closest",3735620,9,"Ngakuta Bay"
"15992","Closest",3735621,9,"Ngakuta Bay"
"15993","Closest",3735622,12,"Oyster Bay"
"15994","Closest",3735623,11,"Punga Cove"
"15995","Closest",3735627,12,"Oyster Bay"
"15996","Closest",3735628,30,"St. Omer Barge Ramp"
"15997","Closest",3735630,7,"Grove Point/Arm Jetty"
"15998","Closest",3735631,9,"Ngakuta Bay"
"15999","Closest",3735633,30,"St. Omer Barge Ramp"
"16000","Closest",3735634,30,"St. Omer Barge Ramp"
"16001","Closest",3735636,30,"St. Omer Barge Ramp"
"16002","Closest",3735638,11,"Punga Cove"
"16003","Closest",3735639,11,"Punga Cove"
"16004","Closest",3735641,18,"Moetapu Bay Jetty"
"16005","Closest",3735644,11,"Punga Cove"
"16006","Closest",3735649,27,"Sandy Bay"
"16007","Closest",3735650,27,"Sandy Bay"
"16008","Closest",3735652,12,"Oyster Bay"
"16009","Closest",3735661,11,"Punga Cove"
"16010","Closest",3735662,16,"Torea Bay"
"16011","Closest",3735664,15,"Portage Bay"
"16012","Closest",3735665,16,"Torea Bay"
"16013","Closest",3735667,6,"Anakiwa"
"16014","Closest",3735668,28,"Fish Bay Ramp"
"16015","Closest",3735672,16,"Torea Bay"
"16016","Closest",3735673,27,"Sandy Bay"
"16017","Closest",3735674,20,"Ohingaroa Bay"
"16018","Closest",3735675,20,"Ohingaroa Bay"
"16019","Closest",3735676,12,"Oyster Bay"
"16020","Closest",3735678,21,"Willow Bay"
"16021","Closest",3735679,18,"Moetapu Bay Jetty"
"16022","Closest",3735680,18,"Moetapu Bay Jetty"
"16023","Closest",3735682,27,"Sandy Bay"
"16024","Closest",3735683,27,"Sandy Bay"
"16025","Closest",3735684,27,"Sandy Bay"
"16026","Closest",3735685,11,"Punga Cove"
"16027","Closest",3735687,27,"Sandy Bay"
"16028","Closest",3735689,13,"Hakana Bay"
"16029","Closest",3735690,29,"Waitaria Bay"
"16030","Closest",3735691,27,"Sandy Bay"
"16031","Closest",3735693,27,"Sandy Bay"
"16032","Closest",3735694,27,"Sandy Bay"
"16033","Closest",3735698,11,"Punga Cove"
"16034","Closest",3735701,12,"Oyster Bay"
"16035","Closest",3735702,6,"Anakiwa"
"16036","Closest",3735705,13,"Hakana Bay"
"16037","Closest",3735706,25,"Cowshed Bay"
"16038","Closest",3735709,7,"Grove Point/Arm Jetty"
"16039","Closest",3735710,26,"Nikau Cove Doc Camp"
"16040","Closest",3735713,11,"Punga Cove"
"16041","Closest",3735714,16,"Torea Bay"
"16042","Closest",3735715,16,"Torea Bay"
"16043","Closest",3735716,11,"Punga Cove"
"16044","Closest",3735717,12,"Oyster Bay"
"16045","Closest",3735718,27,"Sandy Bay"
"16046","Closest",3735720,27,"Sandy Bay"
"16047","Closest",3735724,27,"Sandy Bay"
"16048","Closest",3735725,11,"Punga Cove"
"16049","Closest",3735730,11,"Punga Cove"
"16050","Closest",3735731,11,"Punga Cove"
"16051","Closest",3735732,11,"Punga Cove"
"16052","Closest",3735733,11,"Punga Cove"
"16053","Closest",3735736,27,"Sandy Bay"
"16054","Closest",3735737,6,"Anakiwa"
"16055","Closest",3735738,11,"Punga Cove"
"16056","Closest",3735740,27,"Sandy Bay"
"16057","Closest",3735741,26,"Nikau Cove Doc Camp"
"16058","Closest",3735743,12,"Oyster Bay"
"16059","Closest",3735744,13,"Hakana Bay"
"16060","Closest",3735745,27,"Sandy Bay"
"16061","Closest",3735746,27,"Sandy Bay"
"16062","Closest",3735750,12,"Oyster Bay"
"16063","Closest",3735752,29,"Waitaria Bay"
"16064","Closest",3735753,32,"Duncan Bay"
"16065","Closest",3735760,32,"Duncan Bay"
"16066","Closest",3735764,27,"Sandy Bay"
"16067","Closest",3735767,27,"Sandy Bay"
"16068","Closest",3735768,21,"Willow Bay"
"16069","Closest",3735770,25,"Cowshed Bay"
"16070","Closest",3735771,13,"Hakana Bay"
"16071","Closest",3735772,10,"Waterfall Bay"
"16072","Closest",3735773,6,"Anakiwa"
"16073","Closest",3735774,27,"Sandy Bay"
"16074","Closest",3735775,32,"Duncan Bay"
"16075","Closest",3735781,12,"Oyster Bay"
"16076","Closest",3735782,30,"St. Omer Barge Ramp"
"16077","Closest",3735783,24,"Tara Bay"
"16078","Closest",3735785,10,"Waterfall Bay"
"16079","Closest",3735786,27,"Sandy Bay"
"16080","Closest",3735787,27,"Sandy Bay"
"16081","Closest",3735788,27,"Sandy Bay"
"16082","Closest",3735789,21,"Willow Bay"
"16083","Closest",3735790,21,"Willow Bay"
"16084","Closest",3735792,18,"Moetapu Bay Jetty"
"16085","Closest",3735804,13,"Hakana Bay"
"16086","Closest",3735808,7,"Grove Point/Arm Jetty"
"16087","Closest",3735815,9,"Ngakuta Bay"
"16088","Closest",3735819,27,"Sandy Bay"
"16089","Closest",3735821,27,"Sandy Bay"
"16090","Closest",3735823,27,"Sandy Bay"
"16091","Closest",3735825,30,"St. Omer Barge Ramp"
"16092","Closest",3735835,7,"Grove Point/Arm Jetty"
"16093","Closest",3735836,6,"Anakiwa"
"16094","Closest",3735837,27,"Sandy Bay"
"16095","Closest",3735838,13,"Hakana Bay"
"16096","Closest",3735840,16,"Torea Bay"
"16097","Closest",3735843,11,"Punga Cove"
"16098","Closest",3735844,16,"Torea Bay"
"16099","Closest",3735845,16,"Torea Bay"
"16100","Closest",3735846,16,"Torea Bay"
"16101","Closest",3735847,15,"Portage Bay"
"16102","Closest",3735849,9,"Ngakuta Bay"
"16103","Closest",3735851,27,"Sandy Bay"
"16104","Closest",3735852,6,"Anakiwa"
"16105","Closest",3735853,21,"Willow Bay"
"16106","Closest",3735858,27,"Sandy Bay"
"16107","Closest",3735859,16,"Torea Bay"
"16108","Closest",3735863,30,"St. Omer Barge Ramp"
"16109","Closest",3735865,11,"Punga Cove"
"16110","Closest",3735868,12,"Oyster Bay"
"16111","Closest",3735873,9,"Ngakuta Bay"
"16112","Closest",3735875,27,"Sandy Bay"
"16113","Closest",3735876,7,"Grove Point/Arm Jetty"
"16114","Closest",3735877,33,"Penzance Bay"
"16115","Closest",3735878,11,"Punga Cove"
"16116","Closest",3735880,11,"Punga Cove"
"16117","Closest",3735884,13,"Hakana Bay"
"16118","Closest",3735889,12,"Oyster Bay"
"16119","Closest",3735890,18,"Moetapu Bay Jetty"
"16120","Closest",3735891,13,"Hakana Bay"
"16121","Closest",3735893,18,"Moetapu Bay Jetty"
"16122","Closest",3735894,9,"Ngakuta Bay"
"16123","Closest",3735895,12,"Oyster Bay"
"16124","Closest",3735899,21,"Willow Bay"
"16125","Closest",3735904,11,"Punga Cove"
"16126","Closest",3735905,17,"Kaiuma Bay"
"16127","Closest",3735908,12,"Oyster Bay"
"16128","Closest",3735909,18,"Moetapu Bay Jetty"
"16129","Closest",3735910,12,"Oyster Bay"
"16130","Closest",3735912,12,"Oyster Bay"
"16131","Closest",3735914,26,"Nikau Cove Doc Camp"
"16132","Closest",3735920,7,"Grove Point/Arm Jetty"
"16133","Closest",3735944,24,"Tara Bay"
"16134","Closest",3735947,12,"Oyster Bay"
"16135","Closest",3735956,12,"Oyster Bay"
"16136","Closest",3735957,22,"Broughton Bay Road"
"16137","Closest",3735958,19,"Double Bay Boat Ramp"
"16138","Closest",3735960,7,"Grove Point/Arm Jetty"
"16139","Closest",3735963,9,"Ngakuta Bay"
"16140","Closest",3735973,19,"Double Bay Boat Ramp"
"16141","Closest",3735974,13,"Hakana Bay"
"16142","Closest",3735977,13,"Hakana Bay"
"16143","Closest",3735980,9,"Ngakuta Bay"
"16144","Closest",3735983,32,"Duncan Bay"
"16145","Closest",3735985,41,"Okiwi Bay"
"16146","Closest",3735986,12,"Oyster Bay"
"16147","Closest",3735990,27,"Sandy Bay"
"16148","Closest",3735991,27,"Sandy Bay"
"16149","Closest",3735993,12,"Oyster Bay"
"16150","Closest",3735994,12,"Oyster Bay"
"16151","Closest",3735995,12,"Oyster Bay"
"16152","Closest",3736003,24,"Tara Bay"
"16153","Closest",3736005,9,"Ngakuta Bay"
"16154","Closest",3736009,20,"Ohingaroa Bay"
"16155","Closest",3736010,7,"Grove Point/Arm Jetty"
"16156","Closest",3736013,32,"Duncan Bay"
"16157","Closest",3736017,32,"Duncan Bay"
"16158","Closest",3736021,33,"Penzance Bay"
"16159","Closest",3736030,27,"Sandy Bay"
"16160","Closest",3736034,18,"Moetapu Bay Jetty"
"16161","Closest",3736042,11,"Punga Cove"
"16162","Closest",3736043,40,"Titirangi Bay"
"16163","Closest",3736044,40,"Titirangi Bay"
"16164","Closest",3736045,40,"Titirangi Bay"
"16165","Closest",3736046,12,"Oyster Bay"
"16166","Closest",3736048,13,"Hakana Bay"
"16167","Closest",3736052,9,"Ngakuta Bay"
"16168","Closest",3736053,9,"Ngakuta Bay"
"16169","Closest",3736063,12,"Oyster Bay"
"16170","Closest",3736067,9,"Ngakuta Bay"
"16171","Closest",3736083,11,"Punga Cove"
"16172","Closest",3736092,7,"Grove Point/Arm Jetty"
"16173","Closest",3736093,7,"Grove Point/Arm Jetty"
"16174","Closest",3736094,7,"Grove Point/Arm Jetty"
"16175","Closest",3736095,7,"Grove Point/Arm Jetty"
"16176","Closest",3736097,25,"Cowshed Bay"
"16177","Closest",3736098,7,"Grove Point/Arm Jetty"
"16178","Closest",3736099,7,"Grove Point/Arm Jetty"
"16179","Closest",3736100,7,"Grove Point/Arm Jetty"
"16180","Closest",3736101,7,"Grove Point/Arm Jetty"
"16181","Closest",3736103,7,"Grove Point/Arm Jetty"
"16182","Closest",3736104,9,"Ngakuta Bay"
"16183","Closest",3736108,7,"Grove Point/Arm Jetty"
"16184","Closest",3736110,7,"Grove Point/Arm Jetty"
"16185","Closest",3736111,7,"Grove Point/Arm Jetty"
"16186","Closest",3736117,7,"Grove Point/Arm Jetty"
"16187","Closest",3736118,7,"Grove Point/Arm Jetty"
"16188","Closest",3736120,7,"Grove Point/Arm Jetty"
"16189","Closest",3736122,7,"Grove Point/Arm Jetty"
"16190","Closest",3736123,7,"Grove Point/Arm Jetty"
"16191","Closest",3736126,7,"Grove Point/Arm Jetty"
"16192","Closest",3736127,7,"Grove Point/Arm Jetty"
"16193","Closest",3736128,7,"Grove Point/Arm Jetty"
"16194","Closest",3736142,9,"Ngakuta Bay"
"16195","Closest",3736147,27,"Sandy Bay"
"16196","Closest",3736174,11,"Punga Cove"
"16197","Closest",3736192,12,"Oyster Bay"
"16198","Closest",3736205,9,"Ngakuta Bay"
"16199","Closest",3736214,7,"Grove Point/Arm Jetty"
"16200","Closest",3736233,9,"Ngakuta Bay"
"16201","Closest",3736236,9,"Ngakuta Bay"
"16202","Closest",3736244,7,"Grove Point/Arm Jetty"
"16203","Closest",3736250,9,"Ngakuta Bay"
"16204","Closest",3736252,12,"Oyster Bay"
"16205","Closest",3736253,12,"Oyster Bay"
"16206","Closest",3736255,7,"Grove Point/Arm Jetty"
"16207","Closest",3736256,7,"Grove Point/Arm Jetty"
"16208","Closest",3736257,7,"Grove Point/Arm Jetty"
"16209","Closest",3736261,7,"Grove Point/Arm Jetty"
"16210","Closest",3736262,7,"Grove Point/Arm Jetty"
"16211","Closest",3736267,7,"Grove Point/Arm Jetty"
"16212","Closest",3736268,7,"Grove Point/Arm Jetty"
"16213","Closest",3736275,11,"Punga Cove"
"16214","Closest",3736276,11,"Punga Cove"
"16215","Closest",3736295,9,"Ngakuta Bay"
"16216","Closest",3736296,33,"Penzance Bay"
"16217","Closest",3736307,37,"Hamilton Bay (Rocky Creek) Ramp"
"16218","Closest",3736313,27,"Sandy Bay"
"16219","Closest",3736372,13,"Hakana Bay"
"16220","Closest",3736380,15,"Portage Bay"
"16221","Closest",3736407,9,"Ngakuta Bay"
"16222","Closest",3736408,9,"Ngakuta Bay"
"16223","Closest",3736409,9,"Ngakuta Bay"
"16224","Closest",3736410,9,"Ngakuta Bay"
"16225","Closest",3736427,7,"Grove Point/Arm Jetty"
"16226","Closest",3736429,13,"Hakana Bay"
"16227","Closest",3736437,41,"Okiwi Bay"
"16228","Closest",3736447,9,"Ngakuta Bay"
"16229","Closest",3736453,13,"Hakana Bay"
"16230","Closest",3736454,15,"Portage Bay"
"16231","Closest",3736455,24,"Tara Bay"
"16232","Closest",3736463,12,"Oyster Bay"
"16233","Closest",3736466,11,"Punga Cove"
"16234","Closest",3736467,29,"Waitaria Bay"
"16235","Closest",3736468,11,"Punga Cove"
"16236","Closest",3736474,18,"Moetapu Bay Jetty"
"16237","Closest",3736475,7,"Grove Point/Arm Jetty"
"16238","Closest",3736477,12,"Oyster Bay"
"16239","Closest",3736486,40,"Titirangi Bay"
"16240","Closest",3736489,11,"Punga Cove"
"16241","Closest",3736490,9,"Ngakuta Bay"
"16242","Closest",3736495,22,"Broughton Bay Road"
"16243","Closest",3736499,40,"Titirangi Bay"
"16244","Closest",3736504,11,"Punga Cove"
"16245","Closest",3736505,11,"Punga Cove"
"16246","Closest",3736507,11,"Punga Cove"
"16247","Closest",3736509,8,"Momorangi Bay"
"16248","Closest",3736511,6,"Anakiwa"
"16249","Closest",3736513,6,"Anakiwa"
"16250","Closest",3736515,6,"Anakiwa"
"16251","Closest",3736516,6,"Anakiwa"
"16252","Closest",3736518,12,"Oyster Bay"
"16253","Closest",3736519,12,"Oyster Bay"
"16254","Closest",3736524,6,"Anakiwa"
"16255","Closest",3736525,6,"Anakiwa"
"16256","Closest",3736526,6,"Anakiwa"
"16257","Closest",3736527,6,"Anakiwa"
"16258","Closest",3736532,9,"Ngakuta Bay"
"16259","Closest",3736533,9,"Ngakuta Bay"
"16260","Closest",3736534,11,"Punga Cove"
"16261","Closest",3736550,7,"Grove Point/Arm Jetty"
"16262","Closest",3736554,9,"Ngakuta Bay"
"16263","Closest",3736579,9,"Ngakuta Bay"
"16264","Closest",3736611,9,"Ngakuta Bay"
"16265","Closest",3736615,9,"Ngakuta Bay"
"16266","Closest",3736617,9,"Ngakuta Bay"
"16267","Closest",3736620,11,"Punga Cove"
"16268","Closest",3736635,9,"Ngakuta Bay"
"16269","Closest",3736639,11,"Punga Cove"
"16270","Closest",3736647,13,"Hakana Bay"
"16271","Closest",3736649,7,"Grove Point/Arm Jetty"
"16272","Closest",3736651,12,"Oyster Bay"
"16273","Closest",3736681,11,"Punga Cove"
"16274","Closest",3736688,12,"Oyster Bay"
"16275","Closest",3736691,12,"Oyster Bay"
"16276","Closest",3736694,12,"Oyster Bay"
"16277","Closest",3736699,12,"Oyster Bay"
"16278","Closest",3736723,9,"Ngakuta Bay"
"16279","Closest",3736740,7,"Grove Point/Arm Jetty"
"16280","Closest",3736766,9,"Ngakuta Bay"
"16281","Closest",3736814,12,"Oyster Bay"
"16282","Closest",3736815,9,"Ngakuta Bay"
"16283","Closest",3736816,9,"Ngakuta Bay"
"16284","Closest",3736821,9,"Ngakuta Bay"
"16285","Closest",3736824,9,"Ngakuta Bay"
"16286","Closest",3736826,9,"Ngakuta Bay"
"16287","Closest",3736858,7,"Grove Point/Arm Jetty"
"16288","Closest",3736862,18,"Moetapu Bay Jetty"
"16289","Closest",3736879,32,"Duncan Bay"
"16290","Closest",3736885,9,"Ngakuta Bay"
"16291","Closest",3736886,12,"Oyster Bay"
"16292","Closest",3736898,13,"Hakana Bay"
"16293","Closest",3736899,21,"Willow Bay"
"16294","Closest",3736901,21,"Willow Bay"
"16295","Closest",3736902,13,"Hakana Bay"
"16296","Closest",3736906,9,"Ngakuta Bay"
"16297","Closest",3736912,27,"Sandy Bay"
"16298","Closest",3736913,13,"Hakana Bay"
"16299","Closest",3736914,9,"Ngakuta Bay"
"16300","Closest",3736923,9,"Ngakuta Bay"
"16301","Closest",3736935,11,"Punga Cove"
"16302","Closest",3736938,9,"Ngakuta Bay"
"16303","Closest",3736959,9,"Ngakuta Bay"
"16304","Closest",3737029,7,"Grove Point/Arm Jetty"
"16305","Closest",3737075,9,"Ngakuta Bay"
"16306","Closest",3737096,7,"Grove Point/Arm Jetty"
"16307","Closest",3737100,9,"Ngakuta Bay"
"16308","Closest",3737104,9,"Ngakuta Bay"
"16309","Closest",3737105,9,"Ngakuta Bay"
"16310","Closest",3737108,12,"Oyster Bay"
"16311","Closest",3737109,9,"Ngakuta Bay"
"16312","Closest",3737111,9,"Ngakuta Bay"
"16313","Closest",3737112,38,"Bulwer Bay"
"16314","Closest",3737115,9,"Ngakuta Bay"
"16315","Closest",3737116,9,"Ngakuta Bay"
"16316","Closest",3737118,7,"Grove Point/Arm Jetty"
"16317","Closest",3737119,7,"Grove Point/Arm Jetty"
"16318","Closest",3737130,7,"Grove Point/Arm Jetty"
"16319","Closest",3737154,9,"Ngakuta Bay"
"16320","Closest",3737156,7,"Grove Point/Arm Jetty"
"16321","Closest",3737157,7,"Grove Point/Arm Jetty"
"16322","Closest",3737162,9,"Ngakuta Bay"
"16323","Closest",3737163,9,"Ngakuta Bay"
"16324","Closest",3737164,7,"Grove Point/Arm Jetty"
"16325","Closest",3737166,9,"Ngakuta Bay"
"16326","Closest",3737167,9,"Ngakuta Bay"
"16327","Closest",3737170,13,"Hakana Bay"
"16328","Closest",3737172,9,"Ngakuta Bay"
"16329","Closest",3737176,9,"Ngakuta Bay"
"16330","Closest",3737177,7,"Grove Point/Arm Jetty"
"16331","Closest",3737178,9,"Ngakuta Bay"
"16332","Closest",3737185,7,"Grove Point/Arm Jetty"
"16333","Closest",3737206,12,"Oyster Bay"
"16334","Closest",3737225,7,"Grove Point/Arm Jetty"
"16335","Closest",3737226,18,"Moetapu Bay Jetty"
"16336","Closest",3737227,13,"Hakana Bay"
"16337","Closest",3737230,12,"Oyster Bay"
"16338","Closest",3737231,12,"Oyster Bay"
"16339","Closest",3737232,12,"Oyster Bay"
"16340","Closest",3737233,12,"Oyster Bay"
"16341","Closest",3737234,12,"Oyster Bay"
"16342","Closest",3737236,21,"Willow Bay"
"16343","Closest",3737237,21,"Willow Bay"
"16344","Closest",3737238,21,"Willow Bay"
"16345","Closest",3737243,9,"Ngakuta Bay"
"16346","Closest",3737248,14,"Elaine Bay"
"16347","Closest",3737250,9,"Ngakuta Bay"
"16348","Closest",3737253,7,"Grove Point/Arm Jetty"
"16349","Closest",3737254,7,"Grove Point/Arm Jetty"
"16350","Closest",3737255,7,"Grove Point/Arm Jetty"
"16351","Closest",3737256,7,"Grove Point/Arm Jetty"
"16352","Closest",3737265,21,"Willow Bay"
"16353","Closest",3737268,9,"Ngakuta Bay"
"16354","Closest",3737269,21,"Willow Bay"
"16355","Closest",3737270,21,"Willow Bay"
"16356","Closest",3737285,7,"Grove Point/Arm Jetty"
"16357","Closest",3737288,33,"Penzance Bay"
"16358","Closest",3737297,9,"Ngakuta Bay"
"16359","Closest",3737336,12,"Oyster Bay"
"16360","Closest",3737340,9,"Ngakuta Bay"
"16361","Closest",3737343,9,"Ngakuta Bay"
"16362","Closest",3737353,7,"Grove Point/Arm Jetty"
"16363","Closest",3737360,9,"Ngakuta Bay"
"16364","Closest",3737386,7,"Grove Point/Arm Jetty"
"16365","Closest",3737389,7,"Grove Point/Arm Jetty"
"16366","Closest",3737392,7,"Grove Point/Arm Jetty"
"16367","Closest",3737393,7,"Grove Point/Arm Jetty"
"16368","Closest",3737394,7,"Grove Point/Arm Jetty"
"16369","Closest",3737395,7,"Grove Point/Arm Jetty"
"16370","Closest",3737406,7,"Grove Point/Arm Jetty"
"16371","Closest",3737407,7,"Grove Point/Arm Jetty"
"16372","Closest",3737408,7,"Grove Point/Arm Jetty"
"16373","Closest",3737415,9,"Ngakuta Bay"
"16374","Closest",3737423,12,"Oyster Bay"
"16375","Closest",3737425,12,"Oyster Bay"
"16376","Closest",3737473,7,"Grove Point/Arm Jetty"
"16377","Closest",3737475,9,"Ngakuta Bay"
"16378","Closest",3737509,24,"Tara Bay"
"16379","Closest",3737510,12,"Oyster Bay"
"16380","Closest",3737513,27,"Sandy Bay"
"16381","Closest",3737514,27,"Sandy Bay"
"16382","Closest",3737516,27,"Sandy Bay"
"16383","Closest",3737521,27,"Sandy Bay"
"16384","Closest",3737529,9,"Ngakuta Bay"
"16385","Closest",3737531,9,"Ngakuta Bay"
"16386","Closest",3737532,9,"Ngakuta Bay"
"16387","Closest",3737538,9,"Ngakuta Bay"
"16388","Closest",3737543,17,"Kaiuma Bay"
"16389","Closest",3737545,17,"Kaiuma Bay"
"16390","Closest",3737550,39,"Elaine Bay Boat Ramp"
"16391","Closest",3737572,11,"Punga Cove"
"16392","Closest",3737625,7,"Grove Point/Arm Jetty"
"16393","Closest",3737626,17,"Kaiuma Bay"
"16394","Closest",3737654,9,"Ngakuta Bay"
"16395","Closest",3737669,7,"Grove Point/Arm Jetty"
"16396","Closest",3737672,12,"Oyster Bay"
"16397","Closest",3737678,12,"Oyster Bay"
"16398","Closest",3737685,9,"Ngakuta Bay"
"16399","Closest",3737690,32,"Duncan Bay"
"16400","Closest",3737691,32,"Duncan Bay"
"16401","Closest",3737695,31,"Double Bay"
"16402","Closest",3737734,7,"Grove Point/Arm Jetty"
"16403","Closest",3737735,7,"Grove Point/Arm Jetty"
"16404","Closest",3737736,7,"Grove Point/Arm Jetty"
"16405","Closest",3737739,7,"Grove Point/Arm Jetty"
"16406","Closest",3737741,12,"Oyster Bay"
"16407","Closest",3737744,18,"Moetapu Bay Jetty"
"16408","Closest",3737745,18,"Moetapu Bay Jetty"
"16409","Closest",3737746,18,"Moetapu Bay Jetty"
"16410","Closest",3737747,18,"Moetapu Bay Jetty"
"16411","Closest",3737751,10,"Waterfall Bay"
"16412","Closest",3737753,23,"Te Mahia"
"16413","Closest",3737758,24,"Tara Bay"
"16414","Closest",3737760,9,"Ngakuta Bay"
"16415","Closest",3737774,12,"Oyster Bay"
"16416","Closest",3737788,32,"Duncan Bay"
"16417","Closest",3737789,27,"Sandy Bay"
"16418","Closest",3737796,29,"Waitaria Bay"
"16419","Closest",3737797,7,"Grove Point/Arm Jetty"
"16420","Closest",3737807,24,"Tara Bay"
"16421","Closest",3737809,27,"Sandy Bay"
"16422","Closest",3737813,9,"Ngakuta Bay"
"16423","Closest",3737814,11,"Punga Cove"
"16424","Closest",3737818,7,"Grove Point/Arm Jetty"
"16425","Closest",3737823,12,"Oyster Bay"
"16426","Closest",3737824,26,"Nikau Cove Doc Camp"
"16427","Closest",3737831,9,"Ngakuta Bay"
"16428","Closest",3737847,7,"Grove Point/Arm Jetty"
"16429","Closest",3737848,9,"Ngakuta Bay"
"16430","Closest",3737850,9,"Ngakuta Bay"
"16431","Closest",3737853,9,"Ngakuta Bay"
"16432","Closest",3737854,7,"Grove Point/Arm Jetty"
"16433","Closest",3737857,9,"Ngakuta Bay"
"16434","Closest",3737859,9,"Ngakuta Bay"
"16435","Closest",3737860,9,"Ngakuta Bay"
"16436","Closest",3737864,7,"Grove Point/Arm Jetty"
"16437","Closest",3737867,12,"Oyster Bay"
"16438","Closest",3737868,9,"Ngakuta Bay"
"16439","Closest",3737869,9,"Ngakuta Bay"
"16440","Closest",3737871,12,"Oyster Bay"
"16441","Closest",3737873,9,"Ngakuta Bay"
"16442","Closest",3737878,9,"Ngakuta Bay"
"16443","Closest",3737880,9,"Ngakuta Bay"
"16444","Closest",3737881,9,"Ngakuta Bay"
"16445","Closest",3737884,12,"Oyster Bay"
"16446","Closest",3737887,9,"Ngakuta Bay"
"16447","Closest",3737890,11,"Punga Cove"
"16448","Closest",3737895,19,"Double Bay Boat Ramp"
"16449","Closest",3737901,9,"Ngakuta Bay"
"16450","Closest",3737902,9,"Ngakuta Bay"
"16451","Closest",3737904,17,"Kaiuma Bay"
"16452","Closest",3737913,13,"Hakana Bay"
"16453","Closest",3737917,25,"Cowshed Bay"
"16454","Closest",3737921,11,"Punga Cove"
"16455","Closest",3737925,9,"Ngakuta Bay"
"16456","Closest",3737928,15,"Portage Bay"
"16457","Closest",3737934,17,"Kaiuma Bay"
"16458","Closest",3737943,7,"Grove Point/Arm Jetty"
"16459","Closest",3737944,11,"Punga Cove"
"16460","Closest",3737950,13,"Hakana Bay"
"16461","Closest",3737979,9,"Ngakuta Bay"
"16462","Closest",3737984,9,"Ngakuta Bay"
"16463","Closest",3737986,9,"Ngakuta Bay"
"16464","Closest",3737989,9,"Ngakuta Bay"
"16465","Closest",3737990,9,"Ngakuta Bay"
"16466","Closest",3737992,9,"Ngakuta Bay"
"16467","Closest",3737994,9,"Ngakuta Bay"
"16468","Closest",3737995,9,"Ngakuta Bay"
"16469","Closest",3737997,9,"Ngakuta Bay"
"16470","Closest",3738001,9,"Ngakuta Bay"
"16471","Closest",3738008,9,"Ngakuta Bay"
"16472","Closest",3738009,27,"Sandy Bay"
"16473","Closest",3738010,7,"Grove Point/Arm Jetty"
"16474","Closest",3738011,7,"Grove Point/Arm Jetty"
"16475","Closest",3738022,9,"Ngakuta Bay"
"16476","Closest",3738035,12,"Oyster Bay"
"16477","Closest",3738038,9,"Ngakuta Bay"
"16478","Closest",3738043,14,"Elaine Bay"
"16479","Closest",3738044,7,"Grove Point/Arm Jetty"
"16480","Closest",3738047,13,"Hakana Bay"
"16481","Closest",3738049,9,"Ngakuta Bay"
"16482","Closest",3738061,7,"Grove Point/Arm Jetty"
"16483","Closest",3738064,7,"Grove Point/Arm Jetty"
"16484","Closest",3738065,6,"Anakiwa"
"16485","Closest",3738066,7,"Grove Point/Arm Jetty"
"16486","Closest",3738067,9,"Ngakuta Bay"
"16487","Closest",3738070,17,"Kaiuma Bay"
"16488","Closest",3738074,7,"Grove Point/Arm Jetty"
"16489","Closest",3738075,7,"Grove Point/Arm Jetty"
"16490","Closest",3738078,32,"Duncan Bay"
"16491","Closest",3738086,9,"Ngakuta Bay"
"16492","Closest",3738099,7,"Grove Point/Arm Jetty"
"16493","Closest",3738102,11,"Punga Cove"
"16494","Closest",3738109,7,"Grove Point/Arm Jetty"
"16495","Closest",3738117,11,"Punga Cove"
"16496","Closest",3738126,9,"Ngakuta Bay"
"16497","Closest",3738132,9,"Ngakuta Bay"
"16498","Closest",3738136,12,"Oyster Bay"
"16499","Closest",3738139,32,"Duncan Bay"
"16500","Closest",3738140,11,"Punga Cove"
"16501","Closest",3738142,12,"Oyster Bay"
"16502","Closest",3738145,32,"Duncan Bay"
"16503","Closest",3738146,9,"Ngakuta Bay"
"16504","Closest",3738149,7,"Grove Point/Arm Jetty"
"16505","Closest",3738154,12,"Oyster Bay"
"16506","Closest",3738157,9,"Ngakuta Bay"
"16507","Closest",3738159,9,"Ngakuta Bay"
"16508","Closest",3738160,32,"Duncan Bay"
"16509","Closest",3738162,7,"Grove Point/Arm Jetty"
"16510","Closest",3738169,11,"Punga Cove"
"16511","Closest",3738174,21,"Willow Bay"
"16512","Closest",3738178,9,"Ngakuta Bay"
"16513","Closest",3738180,14,"Elaine Bay"
"16514","Closest",3738181,32,"Duncan Bay"
"16515","Closest",3738184,9,"Ngakuta Bay"
"16516","Closest",3738187,21,"Willow Bay"
"16517","Closest",3738190,12,"Oyster Bay"
"16518","Closest",3738193,9,"Ngakuta Bay"
"16519","Closest",3738194,12,"Oyster Bay"
"16520","Closest",3738198,32,"Duncan Bay"
"16521","Closest",3738199,32,"Duncan Bay"
"16522","Closest",3738201,27,"Sandy Bay"
"16523","Closest",3738204,11,"Punga Cove"
"16524","Closest",3738205,11,"Punga Cove"
"16525","Closest",3738206,21,"Willow Bay"
"16526","Closest",3738207,13,"Hakana Bay"
"16527","Closest",3738209,12,"Oyster Bay"
"16528","Closest",3738210,12,"Oyster Bay"
"16529","Closest",3738213,38,"Bulwer Bay"
"16530","Closest",3738216,31,"Double Bay"
"16531","Closest",3738223,7,"Grove Point/Arm Jetty"
"16532","Closest",3738233,9,"Ngakuta Bay"
"16533","Closest",3738234,29,"Waitaria Bay"
"16534","Closest",3738242,7,"Grove Point/Arm Jetty"
"16535","Closest",3738244,13,"Hakana Bay"
"16536","Closest",3738251,13,"Hakana Bay"
"16537","Closest",3738252,12,"Oyster Bay"
"16538","Closest",3738254,12,"Oyster Bay"
"16539","Closest",3738264,11,"Punga Cove"
"16540","Closest",3738265,12,"Oyster Bay"
"16541","Closest",3738268,13,"Hakana Bay"
"16542","Closest",3738272,12,"Oyster Bay"
"16543","Closest",3738273,9,"Ngakuta Bay"
"16544","Closest",3738276,13,"Hakana Bay"
"16545","Closest",3738280,27,"Sandy Bay"
"16546","Closest",3738281,9,"Ngakuta Bay"
"16547","Closest",3738289,13,"Hakana Bay"
"16548","Closest",3738291,10,"Waterfall Bay"
"16549","Closest",3738292,12,"Oyster Bay"
"16550","Closest",3738293,9,"Ngakuta Bay"
"16551","Closest",3738301,9,"Ngakuta Bay"
"16552","Closest",3738303,29,"Waitaria Bay"
"16553","Closest",3738307,12,"Oyster Bay"
"16554","Closest",3738310,7,"Grove Point/Arm Jetty"
"16555","Closest",3738311,7,"Grove Point/Arm Jetty"
"16556","Closest",3738319,9,"Ngakuta Bay"
"16557","Closest",3738327,7,"Grove Point/Arm Jetty"
"16558","Closest",3738331,21,"Willow Bay"
"16559","Closest",3738343,20,"Ohingaroa Bay"
"16560","Closest",3738355,9,"Ngakuta Bay"
"16561","Closest",3738360,6,"Anakiwa"
"16562","Closest",3738374,9,"Ngakuta Bay"
"16563","Closest",3738387,9,"Ngakuta Bay"
"16564","Closest",3738416,9,"Ngakuta Bay"
"16565","Closest",3738431,19,"Double Bay Boat Ramp"
"16566","Closest",3738434,7,"Grove Point/Arm Jetty"
"16567","Closest",3738454,9,"Ngakuta Bay"
"16568","Closest",3738466,9,"Ngakuta Bay"
"16569","Closest",3738472,12,"Oyster Bay"
"16570","Closest",3738476,7,"Grove Point/Arm Jetty"
"16571","Closest",3738479,18,"Moetapu Bay Jetty"
"16572","Closest",3738484,18,"Moetapu Bay Jetty"
"16573","Closest",3738512,24,"Tara Bay"
"16574","Closest",3738514,11,"Punga Cove"
"16575","Closest",3738526,9,"Ngakuta Bay"
"16576","Closest",3738534,13,"Hakana Bay"
"16577","Closest",3738536,18,"Moetapu Bay Jetty"
"16578","Closest",3738561,7,"Grove Point/Arm Jetty"
"16579","Closest",3738562,25,"Cowshed Bay"
"16580","Closest",3738580,9,"Ngakuta Bay"
"16581","Closest",3738581,9,"Ngakuta Bay"
"16582","Closest",3738582,9,"Ngakuta Bay"
"16583","Closest",3738586,9,"Ngakuta Bay"
"16584","Closest",3738588,9,"Ngakuta Bay"
"16585","Closest",3738589,9,"Ngakuta Bay"
"16586","Closest",3738597,12,"Oyster Bay"
"16587","Closest",3738602,7,"Grove Point/Arm Jetty"
"16588","Closest",3738605,9,"Ngakuta Bay"
"16589","Closest",3738628,7,"Grove Point/Arm Jetty"
"16590","Closest",3738631,7,"Grove Point/Arm Jetty"
"16591","Closest",3738632,12,"Oyster Bay"
"16592","Closest",3738634,9,"Ngakuta Bay"
"16593","Closest",3738636,7,"Grove Point/Arm Jetty"
"16594","Closest",3738645,7,"Grove Point/Arm Jetty"
"16595","Closest",3738654,9,"Ngakuta Bay"
"16596","Closest",3738659,9,"Ngakuta Bay"
"16597","Closest",3738664,12,"Oyster Bay"
"16598","Closest",3738666,9,"Ngakuta Bay"
"16599","Closest",3738671,13,"Hakana Bay"
"16600","Closest",3738674,7,"Grove Point/Arm Jetty"
"16601","Closest",3738675,11,"Punga Cove"
"16602","Closest",3738676,25,"Cowshed Bay"
"16603","Closest",3738681,7,"Grove Point/Arm Jetty"
"16604","Closest",3738682,7,"Grove Point/Arm Jetty"
"16605","Closest",3738691,32,"Duncan Bay"
"16606","Closest",3738692,32,"Duncan Bay"
"16607","Closest",3738693,37,"Hamilton Bay (Rocky Creek) Ramp"
"16608","Closest",3738694,30,"St. Omer Barge Ramp"
"16609","Closest",3738695,13,"Hakana Bay"
"16610","Closest",3738702,27,"Sandy Bay"
"16611","Closest",3738704,11,"Punga Cove"
"16612","Closest",3738707,7,"Grove Point/Arm Jetty"
"16613","Closest",3738714,30,"St. Omer Barge Ramp"
"16614","Closest",3738715,37,"Hamilton Bay (Rocky Creek) Ramp"
"16615","Closest",3738727,7,"Grove Point/Arm Jetty"
"16616","Closest",3738732,7,"Grove Point/Arm Jetty"
"16617","Closest",3738734,7,"Grove Point/Arm Jetty"
"16618","Closest",3738736,7,"Grove Point/Arm Jetty"
"16619","Closest",3738743,7,"Grove Point/Arm Jetty"
"16620","Closest",3738759,33,"Penzance Bay"
"16621","Closest",3738765,9,"Ngakuta Bay"
"16622","Closest",3738766,9,"Ngakuta Bay"
"16623","Closest",3738775,9,"Ngakuta Bay"
"16624","Closest",3738781,9,"Ngakuta Bay"
"16625","Closest",3738782,9,"Ngakuta Bay"
"16626","Closest",3738799,11,"Punga Cove"
"16627","Closest",3738802,7,"Grove Point/Arm Jetty"
"16628","Closest",3738806,9,"Ngakuta Bay"
"16629","Closest",3738819,9,"Ngakuta Bay"
"16630","Closest",3738820,9,"Ngakuta Bay"
"16631","Closest",3738825,9,"Ngakuta Bay"
"16632","Closest",3738826,9,"Ngakuta Bay"
"16633","Closest",3738829,13,"Hakana Bay"
"16634","Closest",3738835,9,"Ngakuta Bay"
"16635","Closest",3738836,23,"Te Mahia"
"16636","Closest",3738837,18,"Moetapu Bay Jetty"
"16637","Closest",3738840,13,"Hakana Bay"
"16638","Closest",3738858,7,"Grove Point/Arm Jetty"
"16639","Closest",3738875,9,"Ngakuta Bay"
"16640","Closest",3738898,12,"Oyster Bay"
"16641","Closest",3738905,9,"Ngakuta Bay"
"16642","Closest",3738906,27,"Sandy Bay"
"16643","Closest",3738907,7,"Grove Point/Arm Jetty"
"16644","Closest",3738908,22,"Broughton Bay Road"
"16645","Closest",3738911,13,"Hakana Bay"
"16646","Closest",3738922,7,"Grove Point/Arm Jetty"
"16647","Closest",3738935,13,"Hakana Bay"
"16648","Closest",3738936,30,"St. Omer Barge Ramp"
"16649","Closest",3738950,7,"Grove Point/Arm Jetty"
"16650","Closest",3738956,7,"Grove Point/Arm Jetty"
"16651","Closest",3738964,12,"Oyster Bay"
"16652","Closest",3738967,12,"Oyster Bay"
"16653","Closest",3738975,9,"Ngakuta Bay"
"16654","Closest",3738976,9,"Ngakuta Bay"
"16655","Closest",3738979,9,"Ngakuta Bay"
"16656","Closest",3738980,9,"Ngakuta Bay"
"16657","Closest",3738981,9,"Ngakuta Bay"
"16658","Closest",3738984,7,"Grove Point/Arm Jetty"
"16659","Closest",3738985,7,"Grove Point/Arm Jetty"
"16660","Closest",3738986,7,"Grove Point/Arm Jetty"
"16661","Closest",3739000,12,"Oyster Bay"
"16662","Closest",3739003,32,"Duncan Bay"
"16663","Closest",3739004,32,"Duncan Bay"
"16664","Closest",3739005,32,"Duncan Bay"
"16665","Closest",3739010,32,"Duncan Bay"
"16666","Closest",3739033,12,"Oyster Bay"
"16667","Closest",3739039,12,"Oyster Bay"
"16668","Closest",3739062,7,"Grove Point/Arm Jetty"
"16669","Closest",3739072,27,"Sandy Bay"
"16670","Closest",3739074,27,"Sandy Bay"
"16671","Closest",3739086,9,"Ngakuta Bay"
"16672","Closest",3739087,12,"Oyster Bay"
"16673","Closest",3739099,9,"Ngakuta Bay"
"16674","Closest",3739104,9,"Ngakuta Bay"
"16675","Closest",3739106,9,"Ngakuta Bay"
"16676","Closest",3739107,32,"Duncan Bay"
"16677","Closest",3739125,9,"Ngakuta Bay"
"16678","Closest",3739139,32,"Duncan Bay"
"16679","Closest",3739145,9,"Ngakuta Bay"
"16680","Closest",3739149,9,"Ngakuta Bay"
"16681","Closest",3739150,21,"Willow Bay"
"16682","Closest",3739153,9,"Ngakuta Bay"
"16683","Closest",3739156,31,"Double Bay"
"16684","Closest",3739167,7,"Grove Point/Arm Jetty"
"16685","Closest",3739169,9,"Ngakuta Bay"
"16686","Closest",3739171,7,"Grove Point/Arm Jetty"
"16687","Closest",3739176,9,"Ngakuta Bay"
"16688","Closest",3739187,7,"Grove Point/Arm Jetty"
"16689","Closest",3739198,9,"Ngakuta Bay"
"16690","Closest",3739201,12,"Oyster Bay"
"16691","Closest",3739222,9,"Ngakuta Bay"
"16692","Closest",3739223,7,"Grove Point/Arm Jetty"
"16693","Closest",3739225,7,"Grove Point/Arm Jetty"
"16694","Closest",3739226,12,"Oyster Bay"
"16695","Closest",3739233,30,"St. Omer Barge Ramp"
"16696","Closest",3739237,30,"St. Omer Barge Ramp"
"16697","Closest",3739241,13,"Hakana Bay"
"16698","Closest",3739249,12,"Oyster Bay"
"16699","Closest",3739251,7,"Grove Point/Arm Jetty"
"16700","Closest",3739252,7,"Grove Point/Arm Jetty"
"16701","Closest",3739253,7,"Grove Point/Arm Jetty"
"16702","Closest",3739255,7,"Grove Point/Arm Jetty"
"16703","Closest",3739264,17,"Kaiuma Bay"
"16704","Closest",3739279,7,"Grove Point/Arm Jetty"
"16705","Closest",3739296,9,"Ngakuta Bay"
"16706","Closest",3739301,9,"Ngakuta Bay"
"16707","Closest",3739565,30,"St. Omer Barge Ramp"
"16708","Closest",6516915,41,"Okiwi Bay"
"16709","Closest",6516916,41,"Okiwi Bay"
"16710","Closest",6517683,36,"Kapowai Bay (D'urville Island)"
"16711","Closest",6517684,36,"Kapowai Bay (D'urville Island)"
"16712","Closest",6517736,41,"Okiwi Bay"
"16713","Closest",6517737,41,"Okiwi Bay"
"16714","Closest",6517738,41,"Okiwi Bay"
"16715","Closest",6517739,41,"Okiwi Bay"
"16716","Closest",6517740,41,"Okiwi Bay"
"16717","Closest",6517741,41,"Okiwi Bay"
"16718","Closest",6517742,41,"Okiwi Bay"
"16719","Closest",6517743,41,"Okiwi Bay"
"16720","Closest",6517744,41,"Okiwi Bay"
"16721","Closest",6517745,41,"Okiwi Bay"
"16722","Closest",6517746,41,"Okiwi Bay"
"16723","Closest",6517747,41,"Okiwi Bay"
"16724","Closest",6517748,41,"Okiwi Bay"
"16725","Closest",6517749,41,"Okiwi Bay"
"16726","Closest",6517750,41,"Okiwi Bay"
"16727","Closest",6517751,41,"Okiwi Bay"
"16728","Closest",6517752,41,"Okiwi Bay"
"16729","Closest",6517753,41,"Okiwi Bay"
"16730","Closest",6517754,41,"Okiwi Bay"
"16731","Closest",6518363,38,"Bulwer Bay"
"16732","Closest",6518364,38,"Bulwer Bay"
"16733","Closest",6520441,12,"Oyster Bay"
"16734","Closest",6520442,12,"Oyster Bay"
"16735","Closest",6520443,12,"Oyster Bay"
"16736","Closest",6520444,12,"Oyster Bay"
"16737","Closest",6520445,12,"Oyster Bay"
"16738","Closest",6520487,9,"Ngakuta Bay"
"16739","Closest",6520488,9,"Ngakuta Bay"
"16740","Closest",6520738,12,"Oyster Bay"
"16741","Closest",6520807,33,"Penzance Bay"
"16742","Closest",6520808,33,"Penzance Bay"
"16743","Closest",6520809,33,"Penzance Bay"
"16744","Closest",6520810,33,"Penzance Bay"
"16745","Closest",6520811,33,"Penzance Bay"
"16746","Closest",6520812,33,"Penzance Bay"
"16747","Closest",6520813,33,"Penzance Bay"
"16748","Closest",6520814,33,"Penzance Bay"
"16749","Closest",6520815,33,"Penzance Bay"
"16750","Closest",6520816,33,"Penzance Bay"
"16751","Closest",6520817,33,"Penzance Bay"
"16752","Closest",6520818,33,"Penzance Bay"
"16753","Closest",6520819,33,"Penzance Bay"
"16754","Closest",6520820,33,"Penzance Bay"
"16755","Closest",6520821,33,"Penzance Bay"
"16756","Closest",6520822,33,"Penzance Bay"
"16757","Closest",6520945,23,"Te Mahia"
"16758","Closest",6520946,23,"Te Mahia"
"16759","Closest",6520947,23,"Te Mahia"
"16760","Closest",6522555,8,"Momorangi Bay"
"16761","Closest",6522556,8,"Momorangi Bay"
"16762","Closest",6522557,9,"Ngakuta Bay"
"16763","Closest",6522558,9,"Ngakuta Bay"
"16764","Closest",6522594,20,"Ohingaroa Bay"
"16765","Closest",6522595,20,"Ohingaroa Bay"
"16766","Closest",6523366,18,"Moetapu Bay Jetty"
"16767","Closest",6523367,18,"Moetapu Bay Jetty"
"16768","Closest",6523368,18,"Moetapu Bay Jetty"
"16769","Closest",6523601,7,"Grove Point/Arm Jetty"
"16770","Closest",6523602,7,"Grove Point/Arm Jetty"
"16771","Closest",6523603,7,"Grove Point/Arm Jetty"
"16772","Closest",6523925,13,"Hakana Bay"
"16773","Closest",6523926,13,"Hakana Bay"
"16774","Closest",6523927,13,"Hakana Bay"
"16775","Closest",6524731,7,"Grove Point/Arm Jetty"
"16776","Closest",6524732,7,"Grove Point/Arm Jetty"
"16777","Closest",6524951,41,"Okiwi Bay"
"16778","Closest",6524993,7,"Grove Point/Arm Jetty"
"16779","Closest",6524995,7,"Grove Point/Arm Jetty"
"16780","Closest",6524996,7,"Grove Point/Arm Jetty"
"16781","Closest",6524997,7,"Grove Point/Arm Jetty"
"16782","Closest",6525152,12,"Oyster Bay"
"16783","Closest",6525153,12,"Oyster Bay"
"16784","Closest",6526445,6,"Anakiwa"
"16785","Closest",6526446,6,"Anakiwa"
"16786","Closest",6526447,6,"Anakiwa"
"16787","Closest",6527342,27,"Sandy Bay"
"16788","Closest",6527343,27,"Sandy Bay"
"16789","Closest",6527406,9,"Ngakuta Bay"
"16790","Closest",6527407,9,"Ngakuta Bay"
"16791","Closest",6528520,13,"Hakana Bay"
"16792","Closest",6528521,13,"Hakana Bay"
"16793","Closest",6528522,13,"Hakana Bay"
"16794","Closest",6528523,13,"Hakana Bay"
"16795","Closest",6528524,13,"Hakana Bay"
"16796","Closest",6528526,13,"Hakana Bay"
"16797","Closest",6528527,13,"Hakana Bay"
"16798","Closest",6528529,13,"Hakana Bay"
"16799","Closest",6528531,13,"Hakana Bay"
"16800","Closest",6528533,13,"Hakana Bay"
"16801","Closest",6528534,13,"Hakana Bay"
"16802","Closest",6528550,37,"Hamilton Bay (Rocky Creek) Ramp"
"16803","Closest",6528551,34,"Cissy Bay"
"16804","Closest",6528552,34,"Cissy Bay"
"16805","Closest",6528553,34,"Cissy Bay"
"16806","Closest",6528708,41,"Okiwi Bay"
"16807","Closest",6528709,41,"Okiwi Bay"
"16808","Closest",6528732,9,"Ngakuta Bay"
"16809","Closest",6528733,9,"Ngakuta Bay"
"16810","Closest",6528734,9,"Ngakuta Bay"
"16811","Closest",6528735,9,"Ngakuta Bay"
"16812","Closest",6528736,9,"Ngakuta Bay"
"16813","Closest",6528737,9,"Ngakuta Bay"
"16814","Closest",6528738,9,"Ngakuta Bay"
"16815","Closest",6528784,9,"Ngakuta Bay"
"16816","Closest",6528785,9,"Ngakuta Bay"
"16817","Closest",6528867,9,"Ngakuta Bay"
"16818","Closest",6528868,9,"Ngakuta Bay"
"16819","Closest",6528869,9,"Ngakuta Bay"
"16820","Closest",6528870,9,"Ngakuta Bay"
"16821","Closest",6528871,9,"Ngakuta Bay"
"16822","Closest",6528872,9,"Ngakuta Bay"
"16823","Closest",6528873,9,"Ngakuta Bay"
"16824","Closest",6528874,9,"Ngakuta Bay"
"16825","Closest",6528875,9,"Ngakuta Bay"
"16826","Closest",6528876,9,"Ngakuta Bay"
"16827","Closest",6528879,9,"Ngakuta Bay"
"16828","Closest",6528880,9,"Ngakuta Bay"
"16829","Closest",6531615,12,"Oyster Bay"
"16830","Closest",6531838,37,"Hamilton Bay (Rocky Creek) Ramp"
"16831","Closest",6531839,37,"Hamilton Bay (Rocky Creek) Ramp"
"16832","Closest",6531854,36,"Kapowai Bay (D'urville Island)"
"16833","Closest",6531855,36,"Kapowai Bay (D'urville Island)"
"16834","Closest",6531856,36,"Kapowai Bay (D'urville Island)"
"16835","Closest",6531976,29,"Waitaria Bay"
"16836","Closest",6531978,29,"Waitaria Bay"
"16837","Closest",6532054,18,"Moetapu Bay Jetty"
"16838","Closest",6532055,18,"Moetapu Bay Jetty"
"16839","Closest",6532139,14,"Elaine Bay"
"16840","Closest",6532140,14,"Elaine Bay"
"16841","Closest",6532330,31,"Double Bay"
"16842","Closest",6532331,31,"Double Bay"
"16843","Closest",6532901,9,"Ngakuta Bay"
"16844","Closest",6532974,31,"Double Bay"
"16845","Closest",6532975,31,"Double Bay"
"16846","Closest",6532976,31,"Double Bay"
"16847","Closest",6532977,31,"Double Bay"
"16848","Closest",6532978,31,"Double Bay"
"16849","Closest",6532979,31,"Double Bay"
"16850","Closest",6532980,31,"Double Bay"
"16851","Closest",6532981,31,"Double Bay"
"16852","Closest",6532982,31,"Double Bay"
"16853","Closest",6532983,31,"Double Bay"
"16854","Closest",6532984,31,"Double Bay"
"16855","Closest",6532985,31,"Double Bay"
"16856","Closest",6532986,31,"Double Bay"
"16857","Closest",6532987,31,"Double Bay"
"16858","Closest",6532988,31,"Double Bay"
"16859","Closest",6532989,31,"Double Bay"
"16860","Closest",6532990,31,"Double Bay"
"16861","Closest",6532992,31,"Double Bay"
"16862","Closest",6532993,31,"Double Bay"
"16863","Closest",6533040,9,"Ngakuta Bay"
"16864","Closest",6533041,9,"Ngakuta Bay"
"16865","Closest",6533113,11,"Punga Cove"
"16866","Closest",6533114,11,"Punga Cove"
"16867","Closest",6533447,11,"Punga Cove"
"16868","Closest",6533448,11,"Punga Cove"
"16869","Closest",6533528,27,"Sandy Bay"
"16870","Closest",6533529,27,"Sandy Bay"
"16871","Closest",6535508,9,"Ngakuta Bay"
"16872","Closest",6535509,9,"Ngakuta Bay"
"16873","Closest",6535741,12,"Oyster Bay"
"16874","Closest",6535742,12,"Oyster Bay"
"16875","Closest",6535743,12,"Oyster Bay"
"16876","Closest",6535744,12,"Oyster Bay"
"16877","Closest",6535745,12,"Oyster Bay"
"16878","Closest",6536109,29,"Waitaria Bay"
"16879","Closest",6536110,29,"Waitaria Bay"
"16880","Closest",6536111,29,"Waitaria Bay"
"16881","Closest",6536112,29,"Waitaria Bay"
"16882","Closest",6536113,29,"Waitaria Bay"
"16883","Closest",6536114,29,"Waitaria Bay"
"16884","Closest",6536115,29,"Waitaria Bay"
"16885","Closest",6536116,29,"Waitaria Bay"
"16886","Closest",6537098,9,"Ngakuta Bay"
"16887","Closest",6537099,9,"Ngakuta Bay"
"16888","Closest",6537249,32,"Duncan Bay"
"16889","Closest",6537695,11,"Punga Cove"
"16890","Closest",6537696,11,"Punga Cove"
"16891","Closest",6537917,9,"Ngakuta Bay"
"16892","Closest",6537918,9,"Ngakuta Bay"
"16893","Closest",6538894,6,"Anakiwa"
"16894","Closest",6539158,37,"Hamilton Bay (Rocky Creek) Ramp"
"16895","Closest",6539159,37,"Hamilton Bay (Rocky Creek) Ramp"
"16896","Closest",6539160,37,"Hamilton Bay (Rocky Creek) Ramp"
"16897","Closest",6539161,37,"Hamilton Bay (Rocky Creek) Ramp"
"16898","Closest",6540678,18,"Moetapu Bay Jetty"
"16899","Closest",6540697,18,"Moetapu Bay Jetty"
"16900","Closest",6540698,18,"Moetapu Bay Jetty"
"16901","Closest",6541615,9,"Ngakuta Bay"
"16902","Closest",6541812,12,"Oyster Bay"
"16903","Closest",6541813,12,"Oyster Bay"
"16904","Closest",6541814,12,"Oyster Bay"
"16905","Closest",6541815,12,"Oyster Bay"
"16906","Closest",6541842,37,"Hamilton Bay (Rocky Creek) Ramp"
"16907","Closest",6542012,36,"Kapowai Bay (D'urville Island)"
"16908","Closest",6542095,9,"Ngakuta Bay"
"16909","Closest",6542096,9,"Ngakuta Bay"
"16910","Closest",6542559,34,"Cissy Bay"
"16911","Closest",6542560,34,"Cissy Bay"
"16912","Closest",6543729,9,"Ngakuta Bay"
"16913","Closest",6543730,9,"Ngakuta Bay"
"16914","Closest",6545250,29,"Waitaria Bay"
"16915","Closest",6545484,38,"Bulwer Bay"
"16916","Closest",6545633,9,"Ngakuta Bay"
"16917","Closest",6545634,9,"Ngakuta Bay"
"16918","Closest",6545635,9,"Ngakuta Bay"
"16919","Closest",6545637,9,"Ngakuta Bay"
"16920","Closest",6545743,7,"Grove Point/Arm Jetty"
"16921","Closest",6545744,7,"Grove Point/Arm Jetty"
"16922","Closest",6546823,9,"Ngakuta Bay"
"16923","Closest",6546824,9,"Ngakuta Bay"
"16924","Closest",6547175,30,"St. Omer Barge Ramp"
"16925","Closest",6547176,30,"St. Omer Barge Ramp"
"16926","Closest",6547565,11,"Punga Cove"
"16927","Closest",6547566,11,"Punga Cove"
"16928","Closest",6547567,11,"Punga Cove"
"16929","Closest",6547568,11,"Punga Cove"
"16930","Closest",6547569,11,"Punga Cove"
"16931","Closest",6547570,11,"Punga Cove"
"16932","Closest",6547571,11,"Punga Cove"
"16933","Closest",6547572,11,"Punga Cove"
"16934","Closest",6547573,11,"Punga Cove"
"16935","Closest",6547574,11,"Punga Cove"
"16936","Closest",6547774,32,"Duncan Bay"
"16937","Closest",6547775,32,"Duncan Bay"
"16938","Closest",6549052,7,"Grove Point/Arm Jetty"
"16939","Closest",6549053,7,"Grove Point/Arm Jetty"
"16940","Closest",6550671,9,"Ngakuta Bay"
"16941","Closest",6550913,12,"Oyster Bay"
"16942","Closest",6550914,12,"Oyster Bay"
"16943","Closest",6550915,12,"Oyster Bay"
"16944","Closest",6552377,31,"Double Bay"
"16945","Closest",6552378,31,"Double Bay"
"16946","Closest",6552380,31,"Double Bay"
"16947","Closest",6552381,31,"Double Bay"
"16948","Closest",6552382,31,"Double Bay"
"16949","Closest",6552385,31,"Double Bay"
"16950","Closest",6552387,31,"Double Bay"
"16951","Closest",6552389,30,"St. Omer Barge Ramp"
"16952","Closest",6552390,30,"St. Omer Barge Ramp"
"16953","Closest",6552393,30,"St. Omer Barge Ramp"
"16954","Closest",6557940,27,"Sandy Bay"
"16955","Closest",6558374,9,"Ngakuta Bay"
"16956","Closest",6558738,30,"St. Omer Barge Ramp"
"16957","Closest",6558739,30,"St. Omer Barge Ramp"
"16958","Closest",6558740,30,"St. Omer Barge Ramp"
"16959","Closest",6558741,30,"St. Omer Barge Ramp"
"16960","Closest",6558742,30,"St. Omer Barge Ramp"
"16961","Closest",6558743,30,"St. Omer Barge Ramp"
"16962","Closest",6558744,30,"St. Omer Barge Ramp"
"16963","Closest",6558745,30,"St. Omer Barge Ramp"
"16964","Closest",6559599,30,"St. Omer Barge Ramp"
"16965","Closest",6561190,23,"Te Mahia"
"16966","Closest",6561191,23,"Te Mahia"
"16967","Closest",6564793,6,"Anakiwa"
"16968","Closest",6564794,6,"Anakiwa"
"16969","Closest",6565429,7,"Grove Point/Arm Jetty"
"16970","Closest",6566335,7,"Grove Point/Arm Jetty"
"16971","Closest",6566337,7,"Grove Point/Arm Jetty"
"16972","Closest",6568422,27,"Sandy Bay"
"16973","Closest",6571848,9,"Ngakuta Bay"
"16974","Closest",6571849,9,"Ngakuta Bay"
"16975","Closest",6574304,34,"Cissy Bay"
"16976","Closest",6574305,34,"Cissy Bay"
"16977","Closest",6575358,6,"Anakiwa"
"16978","Closest",6575359,6,"Anakiwa"
"16979","Closest",6578021,41,"Okiwi Bay"
"16980","Closest",6578022,41,"Okiwi Bay"
"16981","Closest",6580080,35,"Elmslie Bay (French Pass)"
"16982","Closest",6580081,35,"Elmslie Bay (French Pass)"
"16983","Closest",6580573,12,"Oyster Bay"
"16984","Closest",6581504,27,"Sandy Bay"
"16985","Closest",6581505,27,"Sandy Bay"
"16986","Closest",6581506,27,"Sandy Bay"
"16987","Closest",6581507,27,"Sandy Bay"
"16988","Closest",6581508,27,"Sandy Bay"
"16989","Closest",6581509,26,"Nikau Cove Doc Camp"
"16990","Closest",6581510,26,"Nikau Cove Doc Camp"
"16991","Closest",6581511,27,"Sandy Bay"
"16992","Closest",6582672,9,"Ngakuta Bay"
"16993","Closest",6582673,9,"Ngakuta Bay"
"16994","Closest",6582674,9,"Ngakuta Bay"
"16995","Closest",6583798,39,"Elaine Bay Boat Ramp"
"16996","Closest",6584246,9,"Ngakuta Bay"
"16997","Closest",6584247,9,"Ngakuta Bay"
"16998","Closest",6584845,9,"Ngakuta Bay"
"16999","Closest",6584846,9,"Ngakuta Bay"
"17000","Closest",6584848,9,"Ngakuta Bay"
"17001","Closest",6588393,12,"Oyster Bay"
"17002","Closest",6588394,12,"Oyster Bay"
"17003","Closest",6589915,7,"Grove Point/Arm Jetty"
"17004","Closest",6589918,7,"Grove Point/Arm Jetty"
"17005","Closest",6589920,7,"Grove Point/Arm Jetty"
"17006","Closest",6589921,7,"Grove Point/Arm Jetty"
"17007","Closest",6589922,7,"Grove Point/Arm Jetty"
"17008","Closest",6589923,7,"Grove Point/Arm Jetty"
"17009","Closest",6589927,7,"Grove Point/Arm Jetty"
"17010","Closest",6589928,7,"Grove Point/Arm Jetty"
"17011","Closest",6589929,7,"Grove Point/Arm Jetty"
"17012","Closest",6589931,7,"Grove Point/Arm Jetty"
"17013","Closest",6589933,7,"Grove Point/Arm Jetty"
"17014","Closest",6589934,7,"Grove Point/Arm Jetty"
"17015","Closest",6589940,7,"Grove Point/Arm Jetty"
"17016","Closest",6592796,7,"Grove Point/Arm Jetty"
"17017","Closest",6592797,7,"Grove Point/Arm Jetty"
"17018","Closest",6593257,7,"Grove Point/Arm Jetty"
"17019","Closest",6593258,7,"Grove Point/Arm Jetty"
"17020","Closest",6594054,24,"Tara Bay"
"17021","Closest",6594055,24,"Tara Bay"
"17022","Closest",6594360,28,"Fish Bay Ramp"
"17023","Closest",6594881,33,"Penzance Bay"
"17024","Closest",6594882,33,"Penzance Bay"
"17025","Closest",6594923,7,"Grove Point/Arm Jetty"
"17026","Closest",6594924,7,"Grove Point/Arm Jetty"
"17027","Closest",6594925,7,"Grove Point/Arm Jetty"
"17028","Closest",6604116,13,"Hakana Bay"
"17029","Closest",6604117,13,"Hakana Bay"
"17030","Closest",6604118,13,"Hakana Bay"
"17031","Closest",6605506,9,"Ngakuta Bay"
"17032","Closest",6605507,9,"Ngakuta Bay"
"17033","Closest",6605562,7,"Grove Point/Arm Jetty"
"17034","Closest",6605563,7,"Grove Point/Arm Jetty"
"17035","Closest",6605564,7,"Grove Point/Arm Jetty"
"17036","Closest",6605565,7,"Grove Point/Arm Jetty"
"17037","Closest",6605566,7,"Grove Point/Arm Jetty"
"17038","Closest",6605567,7,"Grove Point/Arm Jetty"
"17039","Closest",6605673,9,"Ngakuta Bay"
"17040","Closest",6609062,14,"Elaine Bay"
"17041","Closest",6609064,39,"Elaine Bay Boat Ramp"
"17042","Closest",6611306,9,"Ngakuta Bay"
"17043","Closest",6611307,9,"Ngakuta Bay"
"17044","Closest",6611308,9,"Ngakuta Bay"
"17045","Closest",6611309,9,"Ngakuta Bay"
"17046","Closest",6611311,9,"Ngakuta Bay"
"17047","Closest",6611312,9,"Ngakuta Bay"
"17048","Closest",6611313,9,"Ngakuta Bay"
"17049","Closest",6611314,9,"Ngakuta Bay"
"17050","Closest",6611315,9,"Ngakuta Bay"
"17051","Closest",6612003,17,"Kaiuma Bay"
"17052","Closest",6612010,17,"Kaiuma Bay"
"17053","Closest",6614896,7,"Grove Point/Arm Jetty"
"17054","Closest",6615448,41,"Okiwi Bay"
"17055","Closest",6615449,41,"Okiwi Bay"
"17056","Closest",6615450,41,"Okiwi Bay"
"17057","Closest",6616126,12,"Oyster Bay"
"17058","Closest",6616127,12,"Oyster Bay"
"17059","Closest",6616128,12,"Oyster Bay"
"17060","Closest",6616129,12,"Oyster Bay"
"17061","Closest",6616248,6,"Anakiwa"
"17062","Closest",6616249,6,"Anakiwa"
"17063","Closest",6617546,11,"Punga Cove"
"17064","Closest",6617937,9,"Ngakuta Bay"
"17065","Closest",6617938,9,"Ngakuta Bay"
"17066","Closest",6623831,9,"Ngakuta Bay"
"17067","Closest",6623903,12,"Oyster Bay"
"17068","Closest",6623904,12,"Oyster Bay"
"17069","Closest",6624082,21,"Willow Bay"
"17070","Closest",6624083,21,"Willow Bay"
"17071","Closest",6625422,32,"Duncan Bay"
"17072","Closest",6626838,7,"Grove Point/Arm Jetty"
"17073","Closest",6626839,7,"Grove Point/Arm Jetty"
"17074","Closest",6626840,7,"Grove Point/Arm Jetty"
"17075","Closest",6627483,7,"Grove Point/Arm Jetty"
"17076","Closest",6627485,7,"Grove Point/Arm Jetty"
"17077","Closest",6627486,7,"Grove Point/Arm Jetty"
"17078","Closest",6629933,9,"Ngakuta Bay"
"17079","Closest",6629934,9,"Ngakuta Bay"
"17080","Closest",6629935,9,"Ngakuta Bay"
"17081","Closest",6629938,9,"Ngakuta Bay"
"17082","Closest",6629939,9,"Ngakuta Bay"
"17083","Closest",6629941,9,"Ngakuta Bay"
"17084","Closest",6629942,9,"Ngakuta Bay"
"17085","Closest",6629943,9,"Ngakuta Bay"
"17086","Closest",6629946,9,"Ngakuta Bay"
"17087","Closest",6629947,9,"Ngakuta Bay"
"17088","Closest",6630683,33,"Penzance Bay"
"17089","Closest",6630684,33,"Penzance Bay"
"17090","Closest",6631168,9,"Ngakuta Bay"
"17091","Closest",6631169,9,"Ngakuta Bay"
"17092","Closest",6632637,9,"Ngakuta Bay"
"17093","Closest",6636297,28,"Fish Bay Ramp"
"17094","Closest",6636298,28,"Fish Bay Ramp"
"17095","Closest",6636999,6,"Anakiwa"
"17096","Closest",6638560,35,"Elmslie Bay (French Pass)"
"17097","Closest",6638561,35,"Elmslie Bay (French Pass)"
"17098","Closest",6638562,35,"Elmslie Bay (French Pass)"
"17099","Closest",6638563,35,"Elmslie Bay (French Pass)"
"17100","Closest",6638564,35,"Elmslie Bay (French Pass)"
"17101","Closest",6638569,35,"Elmslie Bay (French Pass)"
"17102","Closest",6638630,9,"Ngakuta Bay"
"17103","Closest",6638631,9,"Ngakuta Bay"
"17104","Closest",6638633,9,"Ngakuta Bay"
"17105","Closest",6638996,7,"Grove Point/Arm Jetty"
"17106","Closest",6638997,7,"Grove Point/Arm Jetty"
"17107","Closest",6639821,29,"Waitaria Bay"
"17108","Closest",6639823,29,"Waitaria Bay"
"17109","Closest",6643936,9,"Ngakuta Bay"
"17110","Closest",6644710,12,"Oyster Bay"
"17111","Closest",6644711,7,"Grove Point/Arm Jetty"
"17112","Closest",6646670,7,"Grove Point/Arm Jetty"
"17113","Closest",6646723,9,"Ngakuta Bay"
"17114","Closest",6646724,9,"Ngakuta Bay"
"17115","Closest",6648674,13,"Hakana Bay"
"17116","Closest",6648675,13,"Hakana Bay"
"17117","Closest",6652341,23,"Te Mahia"
"17118","Closest",6652342,23,"Te Mahia"
"17119","Closest",6652774,11,"Punga Cove"
"17120","Closest",6653927,7,"Grove Point/Arm Jetty"
"17121","Closest",6653928,7,"Grove Point/Arm Jetty"
"17122","Closest",6653929,7,"Grove Point/Arm Jetty"
"17123","Closest",6653930,7,"Grove Point/Arm Jetty"
"17124","Closest",6653931,7,"Grove Point/Arm Jetty"
"17125","Closest",6654895,7,"Grove Point/Arm Jetty"
"17126","Closest",6654896,7,"Grove Point/Arm Jetty"
"17127","Closest",6655503,31,"Double Bay"
"17128","Closest",6655507,31,"Double Bay"
"17129","Closest",6655508,31,"Double Bay"
"17130","Closest",6655509,31,"Double Bay"
"17131","Closest",6660131,9,"Ngakuta Bay"
"17132","Closest",6661894,31,"Double Bay"
"17133","Closest",6661895,31,"Double Bay"
"17134","Closest",6665366,13,"Hakana Bay"
"17135","Closest",6665367,13,"Hakana Bay"
"17136","Closest",6665396,36,"Kapowai Bay (D'urville Island)"
"17137","Closest",6665532,37,"Hamilton Bay (Rocky Creek) Ramp"
"17138","Closest",6665533,37,"Hamilton Bay (Rocky Creek) Ramp"
"17139","Closest",6665534,34,"Cissy Bay"
"17140","Closest",6665535,34,"Cissy Bay"
"17141","Closest",6665536,34,"Cissy Bay"
"17142","Closest",6665537,34,"Cissy Bay"
"17143","Closest",6665538,34,"Cissy Bay"
"17144","Closest",6665539,34,"Cissy Bay"
"17145","Closest",6665540,34,"Cissy Bay"
"17146","Closest",6665541,34,"Cissy Bay"
"17147","Closest",6665542,37,"Hamilton Bay (Rocky Creek) Ramp"
"17148","Closest",6666144,7,"Grove Point/Arm Jetty"
"17149","Closest",6666145,7,"Grove Point/Arm Jetty"
"17150","Closest",6666146,7,"Grove Point/Arm Jetty"
"17151","Closest",6669473,9,"Ngakuta Bay"
"17152","Closest",6669474,9,"Ngakuta Bay"
"17153","Closest",6669573,9,"Ngakuta Bay"
"17154","Closest",6669574,9,"Ngakuta Bay"
"17155","Closest",6669575,9,"Ngakuta Bay"
"17156","Closest",6669576,9,"Ngakuta Bay"
"17157","Closest",6670191,9,"Ngakuta Bay"
"17158","Closest",6670192,9,"Ngakuta Bay"
"17159","Closest",6670193,9,"Ngakuta Bay"
"17160","Closest",6670980,13,"Hakana Bay"
"17161","Closest",6670981,13,"Hakana Bay"
"17162","Closest",6671297,27,"Sandy Bay"
"17163","Closest",6671298,27,"Sandy Bay"
"17164","Closest",6671411,30,"St. Omer Barge Ramp"
"17165","Closest",6671412,30,"St. Omer Barge Ramp"
"17166","Closest",6671413,30,"St. Omer Barge Ramp"
"17167","Closest",6671414,30,"St. Omer Barge Ramp"
"17168","Closest",6671870,7,"Grove Point/Arm Jetty"
"17169","Closest",6671871,7,"Grove Point/Arm Jetty"
"17170","Closest",6673684,9,"Ngakuta Bay"
"17171","Closest",6673685,9,"Ngakuta Bay"
"17172","Closest",6674960,7,"Grove Point/Arm Jetty"
"17173","Closest",6674961,7,"Grove Point/Arm Jetty"
"17174","Closest",6675553,9,"Ngakuta Bay"
"17175","Closest",6675554,9,"Ngakuta Bay"
"17176","Closest",6676511,7,"Grove Point/Arm Jetty"
"17177","Closest",6678928,18,"Moetapu Bay Jetty"
"17178","Closest",6678929,18,"Moetapu Bay Jetty"
"17179","Closest",6678930,18,"Moetapu Bay Jetty"
"17180","Closest",6679043,9,"Ngakuta Bay"
"17181","Closest",6679044,9,"Ngakuta Bay"
"17182","Closest",6679045,9,"Ngakuta Bay"
"17183","Closest",6679046,9,"Ngakuta Bay"
"17184","Closest",6679872,13,"Hakana Bay"
"17185","Closest",6679873,13,"Hakana Bay"
"17186","Closest",6679874,13,"Hakana Bay"
"17187","Closest",6679875,13,"Hakana Bay"
"17188","Closest",6682400,9,"Ngakuta Bay"
"17189","Closest",6682401,9,"Ngakuta Bay"
"17190","Closest",6682520,7,"Grove Point/Arm Jetty"
"17191","Closest",6682521,7,"Grove Point/Arm Jetty"
"17192","Closest",6682522,7,"Grove Point/Arm Jetty"
"17193","Closest",6682523,7,"Grove Point/Arm Jetty"
"17194","Closest",6682524,7,"Grove Point/Arm Jetty"
"17195","Closest",6682669,9,"Ngakuta Bay"
"17196","Closest",6684038,7,"Grove Point/Arm Jetty"
"17197","Closest",6684039,7,"Grove Point/Arm Jetty"
"17198","Closest",6684525,11,"Punga Cove"
"17199","Closest",6684526,11,"Punga Cove"
"17200","Closest",6684527,11,"Punga Cove"
"17201","Closest",6684580,9,"Ngakuta Bay"
"17202","Closest",6684581,9,"Ngakuta Bay"
"17203","Closest",6685560,34,"Cissy Bay"
"17204","Closest",6685561,34,"Cissy Bay"
"17205","Closest",6685562,36,"Kapowai Bay (D'urville Island)"
"17206","Closest",6688035,9,"Ngakuta Bay"
"17207","Closest",6688037,9,"Ngakuta Bay"
"17208","Closest",6688038,9,"Ngakuta Bay"
"17209","Closest",6688039,9,"Ngakuta Bay"
"17210","Closest",6688040,9,"Ngakuta Bay"
"17211","Closest",6688041,9,"Ngakuta Bay"
"17212","Closest",6688269,41,"Okiwi Bay"
"17213","Closest",6688270,41,"Okiwi Bay"
"17214","Closest",6688362,32,"Duncan Bay"
"17215","Closest",6688363,32,"Duncan Bay"
"17216","Closest",6689234,32,"Duncan Bay"
"17217","Closest",6689235,32,"Duncan Bay"
"17218","Closest",6689237,32,"Duncan Bay"
"17219","Closest",6689239,32,"Duncan Bay"
"17220","Closest",6689241,32,"Duncan Bay"
"17221","Closest",6689408,9,"Ngakuta Bay"
"17222","Closest",6689409,9,"Ngakuta Bay"
"17223","Closest",6689923,6,"Anakiwa"
"17224","Closest",6689924,6,"Anakiwa"
"17225","Closest",6692047,7,"Grove Point/Arm Jetty"
"17226","Closest",6692048,7,"Grove Point/Arm Jetty"
"17227","Closest",6693772,11,"Punga Cove"
"17228","Closest",6694306,7,"Grove Point/Arm Jetty"
"17229","Closest",6694398,41,"Okiwi Bay"
"17230","Closest",6694399,41,"Okiwi Bay"
"17231","Closest",6694405,9,"Ngakuta Bay"
"17232","Closest",6695433,19,"Double Bay Boat Ramp"
"17233","Closest",6695434,19,"Double Bay Boat Ramp"
"17234","Closest",6695941,9,"Ngakuta Bay"
"17235","Closest",6696023,7,"Grove Point/Arm Jetty"
"17236","Closest",6696024,7,"Grove Point/Arm Jetty"
"17237","Closest",6696025,7,"Grove Point/Arm Jetty"
"17238","Closest",6697901,7,"Grove Point/Arm Jetty"
"17239","Closest",6697902,7,"Grove Point/Arm Jetty"
"17240","Closest",6697916,29,"Waitaria Bay"
"17241","Closest",6697917,28,"Fish Bay Ramp"
"17242","Closest",6699197,26,"Nikau Cove Doc Camp"
"17243","Closest",6699198,26,"Nikau Cove Doc Camp"
"17244","Closest",6699199,26,"Nikau Cove Doc Camp"
"17245","Closest",6699202,27,"Sandy Bay"
"17246","Closest",6702269,11,"Punga Cove"
"17247","Closest",6702270,11,"Punga Cove"
"17248","Closest",6702271,11,"Punga Cove"
"17249","Closest",6702272,11,"Punga Cove"
"17250","Closest",6702922,7,"Grove Point/Arm Jetty"
"17251","Closest",6703372,7,"Grove Point/Arm Jetty"
"17252","Closest",6703373,7,"Grove Point/Arm Jetty"
"17253","Closest",6705144,34,"Cissy Bay"
"17254","Closest",6705145,34,"Cissy Bay"
"17255","Closest",6707164,41,"Okiwi Bay"
"17256","Closest",6707165,41,"Okiwi Bay"
"17257","Closest",6707166,41,"Okiwi Bay"
"17258","Closest",6707937,7,"Grove Point/Arm Jetty"
"17259","Closest",6707938,7,"Grove Point/Arm Jetty"
"17260","Closest",6708683,7,"Grove Point/Arm Jetty"
"17261","Closest",6708684,7,"Grove Point/Arm Jetty"
"17262","Closest",6710258,9,"Ngakuta Bay"
"17263","Closest",6710425,18,"Moetapu Bay Jetty"
"17264","Closest",6710426,18,"Moetapu Bay Jetty"
"17265","Closest",6710963,6,"Anakiwa"
"17266","Closest",6710964,6,"Anakiwa"
"17267","Closest",6710966,6,"Anakiwa"
"17268","Closest",6711392,7,"Grove Point/Arm Jetty"
"17269","Closest",6711393,7,"Grove Point/Arm Jetty"
"17270","Closest",6713249,7,"Grove Point/Arm Jetty"
"17271","Closest",6713250,7,"Grove Point/Arm Jetty"
"17272","Closest",6713252,7,"Grove Point/Arm Jetty"
"17273","Closest",6713253,7,"Grove Point/Arm Jetty"
"17274","Closest",6713465,9,"Ngakuta Bay"
"17275","Closest",6713466,9,"Ngakuta Bay"
"17276","Closest",6713798,7,"Grove Point/Arm Jetty"
"17277","Closest",6713800,7,"Grove Point/Arm Jetty"
"17278","Closest",6713805,7,"Grove Point/Arm Jetty"
"17279","Closest",6713807,7,"Grove Point/Arm Jetty"
"17280","Closest",6717615,9,"Ngakuta Bay"
"17281","Closest",6717616,9,"Ngakuta Bay"
"17282","Closest",6717617,9,"Ngakuta Bay"
"17283","Closest",6717618,9,"Ngakuta Bay"
"17284","Closest",6717619,9,"Ngakuta Bay"
"17285","Closest",6717620,9,"Ngakuta Bay"
"17286","Closest",6717621,9,"Ngakuta Bay"
"17287","Closest",6717622,9,"Ngakuta Bay"
"17288","Closest",6717623,9,"Ngakuta Bay"
"17289","Closest",6717624,9,"Ngakuta Bay"
"17290","Closest",6717625,9,"Ngakuta Bay"
"17291","Closest",6717626,9,"Ngakuta Bay"
"17292","Closest",6717627,9,"Ngakuta Bay"
"17293","Closest",6717628,9,"Ngakuta Bay"
"17294","Closest",6717629,9,"Ngakuta Bay"
"17295","Closest",6717630,9,"Ngakuta Bay"
"17296","Closest",6717631,9,"Ngakuta Bay"
"17297","Closest",6717632,9,"Ngakuta Bay"
"17298","Closest",6717633,9,"Ngakuta Bay"
"17299","Closest",6717634,9,"Ngakuta Bay"
"17300","Closest",6717635,9,"Ngakuta Bay"
"17301","Closest",6717636,9,"Ngakuta Bay"
"17302","Closest",6717637,9,"Ngakuta Bay"
"17303","Closest",6717638,9,"Ngakuta Bay"
"17304","Closest",6717639,9,"Ngakuta Bay"
"17305","Closest",6717640,9,"Ngakuta Bay"
"17306","Closest",6717641,9,"Ngakuta Bay"
"17307","Closest",6717645,9,"Ngakuta Bay"
"17308","Closest",6717646,9,"Ngakuta Bay"
"17309","Closest",6717647,9,"Ngakuta Bay"
"17310","Closest",6717648,9,"Ngakuta Bay"
"17311","Closest",6717649,9,"Ngakuta Bay"
"17312","Closest",6717650,9,"Ngakuta Bay"
"17313","Closest",6717651,9,"Ngakuta Bay"
"17314","Closest",6717652,9,"Ngakuta Bay"
"17315","Closest",6719820,9,"Ngakuta Bay"
"17316","Closest",6720692,29,"Waitaria Bay"
"17317","Closest",6720693,29,"Waitaria Bay"
"17318","Closest",6720743,30,"St. Omer Barge Ramp"
"17319","Closest",6720744,30,"St. Omer Barge Ramp"
"17320","Closest",6720983,9,"Ngakuta Bay"
"17321","Closest",6720984,9,"Ngakuta Bay"
"17322","Closest",6721041,7,"Grove Point/Arm Jetty"
"17323","Closest",6721042,7,"Grove Point/Arm Jetty"
"17324","Closest",6721123,7,"Grove Point/Arm Jetty"
"17325","Closest",6721124,7,"Grove Point/Arm Jetty"
"17326","Closest",6721736,9,"Ngakuta Bay"
"17327","Closest",6721737,9,"Ngakuta Bay"
"17328","Closest",6724190,7,"Grove Point/Arm Jetty"
"17329","Closest",6724191,7,"Grove Point/Arm Jetty"
"17330","Closest",6724376,7,"Grove Point/Arm Jetty"
"17331","Closest",6724377,7,"Grove Point/Arm Jetty"
"17332","Closest",6724379,7,"Grove Point/Arm Jetty"
"17333","Closest",6727601,7,"Grove Point/Arm Jetty"
"17334","Closest",6727603,7,"Grove Point/Arm Jetty"
"17335","Closest",6727604,7,"Grove Point/Arm Jetty"
"17336","Closest",6727938,21,"Willow Bay"
"17337","Closest",6727939,21,"Willow Bay"
"17338","Closest",6727940,21,"Willow Bay"
"17339","Closest",6727941,21,"Willow Bay"
"17340","Closest",6727942,21,"Willow Bay"
"17341","Closest",6727943,21,"Willow Bay"
"17342","Closest",6727944,21,"Willow Bay"
"17343","Closest",6727945,21,"Willow Bay"
"17344","Closest",6729380,41,"Okiwi Bay"
"17345","Closest",6736877,7,"Grove Point/Arm Jetty"
"17346","Closest",6736878,7,"Grove Point/Arm Jetty"
"17347","Closest",6736879,7,"Grove Point/Arm Jetty"
"17348","Closest",6736880,7,"Grove Point/Arm Jetty"
"17349","Closest",6737111,7,"Grove Point/Arm Jetty"
"17350","Closest",6737112,7,"Grove Point/Arm Jetty"
"17351","Closest",6738943,9,"Ngakuta Bay"
"17352","Closest",6740278,7,"Grove Point/Arm Jetty"
"17353","Closest",6740279,7,"Grove Point/Arm Jetty"
"17354","Closest",6740598,9,"Ngakuta Bay"
"17355","Closest",6740599,9,"Ngakuta Bay"
"17356","Closest",6741808,18,"Moetapu Bay Jetty"
"17357","Closest",6743243,36,"Kapowai Bay (D'urville Island)"
"17358","Closest",6743599,9,"Ngakuta Bay"
"17359","Closest",6743600,9,"Ngakuta Bay"
"17360","Closest",6743601,9,"Ngakuta Bay"
"17361","Closest",6743602,9,"Ngakuta Bay"
"17362","Closest",6743603,9,"Ngakuta Bay"
"17363","Closest",6743604,9,"Ngakuta Bay"
"17364","Closest",6743605,9,"Ngakuta Bay"
"17365","Closest",6743606,9,"Ngakuta Bay"
"17366","Closest",6743607,9,"Ngakuta Bay"
"17367","Closest",6743608,9,"Ngakuta Bay"
"17368","Closest",6744273,12,"Oyster Bay"
"17369","Closest",6744274,12,"Oyster Bay"
"17370","Closest",6744275,12,"Oyster Bay"
"17371","Closest",6744276,12,"Oyster Bay"
"17372","Closest",6746371,17,"Kaiuma Bay"
"17373","Closest",6747237,9,"Ngakuta Bay"
"17374","Closest",6747238,9,"Ngakuta Bay"
"17375","Closest",6749529,9,"Ngakuta Bay"
"17376","Closest",6749530,9,"Ngakuta Bay"
"17377","Closest",6749531,9,"Ngakuta Bay"
"17378","Closest",6749532,9,"Ngakuta Bay"
"17379","Closest",6752549,7,"Grove Point/Arm Jetty"
"17380","Closest",6752550,7,"Grove Point/Arm Jetty"
"17381","Closest",6752551,7,"Grove Point/Arm Jetty"
"17382","Closest",6752552,7,"Grove Point/Arm Jetty"
"17383","Closest",6752555,7,"Grove Point/Arm Jetty"
"17384","Closest",6753649,30,"St. Omer Barge Ramp"
"17385","Closest",6753650,30,"St. Omer Barge Ramp"
"17386","Closest",6753687,7,"Grove Point/Arm Jetty"
"17387","Closest",6755178,7,"Grove Point/Arm Jetty"
"17388","Closest",6757006,37,"Hamilton Bay (Rocky Creek) Ramp"
"17389","Closest",6757007,37,"Hamilton Bay (Rocky Creek) Ramp"
"17390","Closest",6757448,27,"Sandy Bay"
"17391","Closest",6758023,39,"Elaine Bay Boat Ramp"
"17392","Closest",6758024,39,"Elaine Bay Boat Ramp"
"17393","Closest",6758044,39,"Elaine Bay Boat Ramp"
"17394","Closest",6759422,7,"Grove Point/Arm Jetty"
"17395","Closest",6759423,7,"Grove Point/Arm Jetty"
"17396","Closest",6760028,9,"Ngakuta Bay"
"17397","Closest",6760396,12,"Oyster Bay"
"17398","Closest",6760397,12,"Oyster Bay"
"17399","Closest",6760398,12,"Oyster Bay"
"17400","Closest",6761340,7,"Grove Point/Arm Jetty"
"17401","Closest",6761341,7,"Grove Point/Arm Jetty"
"17402","Closest",6765135,21,"Willow Bay"
"17403","Closest",6765136,21,"Willow Bay"
"17404","Closest",6765502,9,"Ngakuta Bay"
"17405","Closest",6765503,9,"Ngakuta Bay"
"17406","Closest",6766389,9,"Ngakuta Bay"
"17407","Closest",6766390,9,"Ngakuta Bay"
"17408","Closest",6766391,9,"Ngakuta Bay"
"17409","Closest",6766461,39,"Elaine Bay Boat Ramp"
"17410","Closest",6767333,32,"Duncan Bay"
"17411","Closest",6768674,37,"Hamilton Bay (Rocky Creek) Ramp"
"17412","Closest",6768675,37,"Hamilton Bay (Rocky Creek) Ramp"
"17413","Closest",6770284,9,"Ngakuta Bay"
"17414","Closest",6770285,9,"Ngakuta Bay"
"17415","Closest",6772750,7,"Grove Point/Arm Jetty"
"17416","Closest",6772751,7,"Grove Point/Arm Jetty"
"17417","Closest",6773665,9,"Ngakuta Bay"
"17418","Closest",6773666,9,"Ngakuta Bay"
"17419","Closest",6776463,12,"Oyster Bay"
"17420","Closest",6776464,12,"Oyster Bay"
"17421","Closest",6777979,7,"Grove Point/Arm Jetty"
"17422","Closest",6777980,7,"Grove Point/Arm Jetty"
"17423","Closest",6777981,7,"Grove Point/Arm Jetty"
"17424","Closest",6777982,7,"Grove Point/Arm Jetty"
"17425","Closest",6778062,9,"Ngakuta Bay"
"17426","Closest",6778063,9,"Ngakuta Bay"
"17427","Closest",6778064,9,"Ngakuta Bay"
"17428","Closest",6778065,9,"Ngakuta Bay"
"17429","Closest",6778066,9,"Ngakuta Bay"
"17430","Closest",6778067,9,"Ngakuta Bay"
"17431","Closest",6778068,9,"Ngakuta Bay"
"17432","Closest",6778069,9,"Ngakuta Bay"
"17433","Closest",6780525,9,"Ngakuta Bay"
"17434","Closest",6780526,9,"Ngakuta Bay"
"17435","Closest",6781586,13,"Hakana Bay"
"17436","Closest",6781587,13,"Hakana Bay"
"17437","Closest",6781588,13,"Hakana Bay"
"17438","Closest",6782736,12,"Oyster Bay"
"17439","Closest",6782822,7,"Grove Point/Arm Jetty"
"17440","Closest",6782823,7,"Grove Point/Arm Jetty"
"17441","Closest",6782824,7,"Grove Point/Arm Jetty"
"17442","Closest",6782825,7,"Grove Point/Arm Jetty"
"17443","Closest",6783569,7,"Grove Point/Arm Jetty"
"17444","Closest",6783570,7,"Grove Point/Arm Jetty"
"17445","Closest",6788880,11,"Punga Cove"
"17446","Closest",6788882,27,"Sandy Bay"
"17447","Closest",6788883,27,"Sandy Bay"
"17448","Closest",6788884,27,"Sandy Bay"
"17449","Closest",6788885,27,"Sandy Bay"
"17450","Closest",6792167,12,"Oyster Bay"
"17451","Closest",6792168,12,"Oyster Bay"
"17452","Closest",6794861,7,"Grove Point/Arm Jetty"
"17453","Closest",6794862,7,"Grove Point/Arm Jetty"
"17454","Closest",6796613,29,"Waitaria Bay"
"17455","Closest",6796614,29,"Waitaria Bay"
"17456","Closest",6796615,29,"Waitaria Bay"
"17457","Closest",6796616,29,"Waitaria Bay"
"17458","Closest",6796617,28,"Fish Bay Ramp"
"17459","Closest",6796618,28,"Fish Bay Ramp"
"17460","Closest",6796701,17,"Kaiuma Bay"
"17461","Closest",6796702,20,"Ohingaroa Bay"
"17462","Closest",6797256,7,"Grove Point/Arm Jetty"
"17463","Closest",6797257,7,"Grove Point/Arm Jetty"
"17464","Closest",6797915,9,"Ngakuta Bay"
"17465","Closest",6797916,9,"Ngakuta Bay"
"17466","Closest",6797917,9,"Ngakuta Bay"
"17467","Closest",6797918,9,"Ngakuta Bay"
"17468","Closest",6797919,9,"Ngakuta Bay"
"17469","Closest",6797920,9,"Ngakuta Bay"
"17470","Closest",6797921,9,"Ngakuta Bay"
"17471","Closest",6797922,9,"Ngakuta Bay"
"17472","Closest",6797923,9,"Ngakuta Bay"
"17473","Closest",6797924,9,"Ngakuta Bay"
"17474","Closest",6797925,9,"Ngakuta Bay"
"17475","Closest",6797926,9,"Ngakuta Bay"
"17476","Closest",6797927,9,"Ngakuta Bay"
"17477","Closest",6797928,9,"Ngakuta Bay"
"17478","Closest",6797931,9,"Ngakuta Bay"
"17479","Closest",6799110,12,"Oyster Bay"
"17480","Closest",6799111,12,"Oyster Bay"
"17481","Closest",6799178,36,"Kapowai Bay (D'urville Island)"
"17482","Closest",6799180,34,"Cissy Bay"
"17483","Closest",6802496,7,"Grove Point/Arm Jetty"
"17484","Closest",6802497,7,"Grove Point/Arm Jetty"
"17485","Closest",6802498,7,"Grove Point/Arm Jetty"
"17486","Closest",6802499,7,"Grove Point/Arm Jetty"
"17487","Closest",6802531,7,"Grove Point/Arm Jetty"
"17488","Closest",6802532,7,"Grove Point/Arm Jetty"
"17489","Closest",6804626,9,"Ngakuta Bay"
"17490","Closest",6804627,9,"Ngakuta Bay"
"17491","Closest",6805264,7,"Grove Point/Arm Jetty"
"17492","Closest",6806198,9,"Ngakuta Bay"
"17493","Closest",6806199,9,"Ngakuta Bay"
"17494","Closest",6806200,9,"Ngakuta Bay"
"17495","Closest",6806201,9,"Ngakuta Bay"
"17496","Closest",6806202,9,"Ngakuta Bay"
"17497","Closest",6806206,9,"Ngakuta Bay"
"17498","Closest",6806207,9,"Ngakuta Bay"
"17499","Closest",6806209,9,"Ngakuta Bay"
"17500","Closest",6806937,17,"Kaiuma Bay"
"17501","Closest",6806938,17,"Kaiuma Bay"
"17502","Closest",6806939,17,"Kaiuma Bay"
"17503","Closest",6807277,9,"Ngakuta Bay"
"17504","Closest",6807278,9,"Ngakuta Bay"
"17505","Closest",6807279,9,"Ngakuta Bay"
"17506","Closest",6807298,7,"Grove Point/Arm Jetty"
"17507","Closest",6807299,7,"Grove Point/Arm Jetty"
"17508","Closest",6807465,12,"Oyster Bay"
"17509","Closest",6807466,12,"Oyster Bay"
"17510","Closest",6813127,9,"Ngakuta Bay"
"17511","Closest",6813128,9,"Ngakuta Bay"
"17512","Closest",6813572,7,"Grove Point/Arm Jetty"
"17513","Closest",6815893,9,"Ngakuta Bay"
"17514","Closest",6815894,9,"Ngakuta Bay"
"17515","Closest",6817007,9,"Ngakuta Bay"
"17516","Closest",6817008,9,"Ngakuta Bay"
"17517","Closest",6821557,7,"Grove Point/Arm Jetty"
"17518","Closest",6822500,9,"Ngakuta Bay"
"17519","Closest",6822501,9,"Ngakuta Bay"
"17520","Closest",6822502,9,"Ngakuta Bay"
"17521","Closest",6822503,9,"Ngakuta Bay"
"17522","Closest",6822504,9,"Ngakuta Bay"
"17523","Closest",6822505,9,"Ngakuta Bay"
"17524","Closest",6822506,9,"Ngakuta Bay"
"17525","Closest",6822507,9,"Ngakuta Bay"
"17526","Closest",6822508,9,"Ngakuta Bay"
"17527","Closest",6822509,9,"Ngakuta Bay"
"17528","Closest",6822510,9,"Ngakuta Bay"
"17529","Closest",6822511,9,"Ngakuta Bay"
"17530","Closest",6822512,9,"Ngakuta Bay"
"17531","Closest",6822513,9,"Ngakuta Bay"
"17532","Closest",6822514,9,"Ngakuta Bay"
"17533","Closest",6822515,9,"Ngakuta Bay"
"17534","Closest",6822516,9,"Ngakuta Bay"
"17535","Closest",6822517,9,"Ngakuta Bay"
"17536","Closest",6822519,9,"Ngakuta Bay"
"17537","Closest",6822520,9,"Ngakuta Bay"
"17538","Closest",6822521,9,"Ngakuta Bay"
"17539","Closest",6822522,9,"Ngakuta Bay"
"17540","Closest",6822523,9,"Ngakuta Bay"
"17541","Closest",6822524,9,"Ngakuta Bay"
"17542","Closest",6822525,9,"Ngakuta Bay"
"17543","Closest",6822526,9,"Ngakuta Bay"
"17544","Closest",6822527,9,"Ngakuta Bay"
"17545","Closest",6822528,9,"Ngakuta Bay"
"17546","Closest",6822529,9,"Ngakuta Bay"
"17547","Closest",6822530,9,"Ngakuta Bay"
"17548","Closest",6822531,9,"Ngakuta Bay"
"17549","Closest",6822532,9,"Ngakuta Bay"
"17550","Closest",6822533,9,"Ngakuta Bay"
"17551","Closest",6822534,9,"Ngakuta Bay"
"17552","Closest",6822535,9,"Ngakuta Bay"
"17553","Closest",6822536,9,"Ngakuta Bay"
"17554","Closest",6822537,9,"Ngakuta Bay"
"17555","Closest",6822538,9,"Ngakuta Bay"
"17556","Closest",6822539,9,"Ngakuta Bay"
"17557","Closest",6822540,9,"Ngakuta Bay"
"17558","Closest",6822541,9,"Ngakuta Bay"
"17559","Closest",6822542,9,"Ngakuta Bay"
"17560","Closest",6822543,9,"Ngakuta Bay"
"17561","Closest",6822544,9,"Ngakuta Bay"
"17562","Closest",6822545,9,"Ngakuta Bay"
"17563","Closest",6822546,9,"Ngakuta Bay"
"17564","Closest",6822547,9,"Ngakuta Bay"
"17565","Closest",6822548,9,"Ngakuta Bay"
"17566","Closest",6822549,9,"Ngakuta Bay"
"17567","Closest",6822550,9,"Ngakuta Bay"
"17568","Closest",6822551,9,"Ngakuta Bay"
"17569","Closest",6822552,9,"Ngakuta Bay"
"17570","Closest",6822553,9,"Ngakuta Bay"
"17571","Closest",6822554,9,"Ngakuta Bay"
"17572","Closest",6822555,9,"Ngakuta Bay"
"17573","Closest",6822556,9,"Ngakuta Bay"
"17574","Closest",6822557,9,"Ngakuta Bay"
"17575","Closest",6822558,9,"Ngakuta Bay"
"17576","Closest",6822559,9,"Ngakuta Bay"
"17577","Closest",6822560,9,"Ngakuta Bay"
"17578","Closest",6822562,9,"Ngakuta Bay"
"17579","Closest",6822563,9,"Ngakuta Bay"
"17580","Closest",6822564,9,"Ngakuta Bay"
"17581","Closest",6822565,9,"Ngakuta Bay"
"17582","Closest",6822566,9,"Ngakuta Bay"
"17583","Closest",6822567,9,"Ngakuta Bay"
"17584","Closest",6822568,9,"Ngakuta Bay"
"17585","Closest",6822569,9,"Ngakuta Bay"
"17586","Closest",6822570,9,"Ngakuta Bay"
"17587","Closest",6822571,9,"Ngakuta Bay"
"17588","Closest",6825549,9,"Ngakuta Bay"
"17589","Closest",6825550,9,"Ngakuta Bay"
"17590","Closest",6825551,9,"Ngakuta Bay"
"17591","Closest",6825552,9,"Ngakuta Bay"
"17592","Closest",6825553,9,"Ngakuta Bay"
"17593","Closest",6825554,9,"Ngakuta Bay"
"17594","Closest",6825555,9,"Ngakuta Bay"
"17595","Closest",6825556,9,"Ngakuta Bay"
"17596","Closest",6826453,7,"Grove Point/Arm Jetty"
"17597","Closest",6828533,36,"Kapowai Bay (D'urville Island)"
"17598","Closest",6828534,36,"Kapowai Bay (D'urville Island)"
"17599","Closest",6838397,12,"Oyster Bay"
"17600","Closest",6838398,12,"Oyster Bay"
"17601","Closest",6840134,7,"Grove Point/Arm Jetty"
"17602","Closest",6840135,7,"Grove Point/Arm Jetty"
"17603","Closest",6841475,34,"Cissy Bay"
"17604","Closest",6841476,34,"Cissy Bay"
"17605","Closest",6843529,9,"Ngakuta Bay"
"17606","Closest",6843530,9,"Ngakuta Bay"
"17607","Closest",6845511,38,"Bulwer Bay"
"17608","Closest",6845512,38,"Bulwer Bay"
"17609","Closest",6855395,11,"Punga Cove"
"17610","Closest",6855396,11,"Punga Cove"
"17611","Closest",6855397,11,"Punga Cove"
"17612","Closest",6855398,11,"Punga Cove"
"17613","Closest",6857012,7,"Grove Point/Arm Jetty"
"17614","Closest",6857013,7,"Grove Point/Arm Jetty"
"17615","Closest",6857117,7,"Grove Point/Arm Jetty"
"17616","Closest",6857767,7,"Grove Point/Arm Jetty"
"17617","Closest",6857768,7,"Grove Point/Arm Jetty"
"17618","Closest",6857769,7,"Grove Point/Arm Jetty"
"17619","Closest",6857770,7,"Grove Point/Arm Jetty"
"17620","Closest",6857771,7,"Grove Point/Arm Jetty"
"17621","Closest",6857772,7,"Grove Point/Arm Jetty"
"17622","Closest",6857773,7,"Grove Point/Arm Jetty"
"17623","Closest",6859537,7,"Grove Point/Arm Jetty"
"17624","Closest",6860353,7,"Grove Point/Arm Jetty"
"17625","Closest",6860354,7,"Grove Point/Arm Jetty"
"17626","Closest",6860357,7,"Grove Point/Arm Jetty"
"17627","Closest",6861925,41,"Okiwi Bay"
"17628","Closest",6861926,41,"Okiwi Bay"
"17629","Closest",6864407,8,"Momorangi Bay"
"17630","Closest",6864408,8,"Momorangi Bay"
"17631","Closest",6867296,9,"Ngakuta Bay"
"17632","Closest",6867297,9,"Ngakuta Bay"
"17633","Closest",6867560,7,"Grove Point/Arm Jetty"
"17634","Closest",6867564,7,"Grove Point/Arm Jetty"
"17635","Closest",6868804,37,"Hamilton Bay (Rocky Creek) Ramp"
"17636","Closest",6868805,37,"Hamilton Bay (Rocky Creek) Ramp"
"17637","Closest",6868808,7,"Grove Point/Arm Jetty"
"17638","Closest",6868810,7,"Grove Point/Arm Jetty"
"17639","Closest",6868829,7,"Grove Point/Arm Jetty"
"17640","Closest",6868830,7,"Grove Point/Arm Jetty"
"17641","Closest",6868831,7,"Grove Point/Arm Jetty"
"17642","Closest",6868832,7,"Grove Point/Arm Jetty"
"17643","Closest",6868833,7,"Grove Point/Arm Jetty"
"17644","Closest",6868834,7,"Grove Point/Arm Jetty"
"17645","Closest",6868835,7,"Grove Point/Arm Jetty"
"17646","Closest",6868858,7,"Grove Point/Arm Jetty"
"17647","Closest",6868859,7,"Grove Point/Arm Jetty"
"17648","Closest",6872851,7,"Grove Point/Arm Jetty"
"17649","Closest",6872852,7,"Grove Point/Arm Jetty"
"17650","Closest",6872853,7,"Grove Point/Arm Jetty"
"17651","Closest",6873592,6,"Anakiwa"
"17652","Closest",6873593,6,"Anakiwa"
"17653","Closest",6874516,7,"Grove Point/Arm Jetty"
"17654","Closest",6874517,7,"Grove Point/Arm Jetty"
"17655","Closest",6874518,7,"Grove Point/Arm Jetty"
"17656","Closest",6874663,27,"Sandy Bay"
"17657","Closest",6874664,27,"Sandy Bay"
"17658","Closest",6875205,11,"Punga Cove"
"17659","Closest",6875206,11,"Punga Cove"
"17660","Closest",6875387,37,"Hamilton Bay (Rocky Creek) Ramp"
"17661","Closest",6875388,37,"Hamilton Bay (Rocky Creek) Ramp"
"17662","Closest",6875389,37,"Hamilton Bay (Rocky Creek) Ramp"
"17663","Closest",6875902,9,"Ngakuta Bay"
"17664","Closest",6875903,9,"Ngakuta Bay"
"17665","Closest",6877601,27,"Sandy Bay"
"17666","Closest",6877602,27,"Sandy Bay"
"17667","Closest",6877603,27,"Sandy Bay"
"17668","Closest",6877604,27,"Sandy Bay"
"17669","Closest",6879261,34,"Cissy Bay"
"17670","Closest",6879262,34,"Cissy Bay"
"17671","Closest",6879263,34,"Cissy Bay"
"17672","Closest",6879264,37,"Hamilton Bay (Rocky Creek) Ramp"
"17673","Closest",6879265,37,"Hamilton Bay (Rocky Creek) Ramp"
"17674","Closest",6879266,37,"Hamilton Bay (Rocky Creek) Ramp"
"17675","Closest",6879267,37,"Hamilton Bay (Rocky Creek) Ramp"
"17676","Closest",6879269,37,"Hamilton Bay (Rocky Creek) Ramp"
"17677","Closest",6885488,14,"Elaine Bay"
"17678","Closest",6885489,14,"Elaine Bay"
"17679","Closest",6885490,14,"Elaine Bay"
"17680","Closest",6888698,11,"Punga Cove"
"17681","Closest",6893691,9,"Ngakuta Bay"
"17682","Closest",6893692,9,"Ngakuta Bay"
"17683","Closest",6893693,9,"Ngakuta Bay"
"17684","Closest",6896584,32,"Duncan Bay"
"17685","Closest",6896585,32,"Duncan Bay"
"17686","Closest",6896586,32,"Duncan Bay"
"17687","Closest",6896587,32,"Duncan Bay"
"17688","Closest",6896588,32,"Duncan Bay"
"17689","Closest",6896589,32,"Duncan Bay"
"17690","Closest",6896590,32,"Duncan Bay"
"17691","Closest",6896591,32,"Duncan Bay"
"17692","Closest",6896592,17,"Kaiuma Bay"
"17693","Closest",6896594,7,"Grove Point/Arm Jetty"
"17694","Closest",6898656,9,"Ngakuta Bay"
"17695","Closest",6898657,9,"Ngakuta Bay"
"17696","Closest",6900057,9,"Ngakuta Bay"
"17697","Closest",6900058,9,"Ngakuta Bay"
"17698","Closest",6900059,9,"Ngakuta Bay"
"17699","Closest",6900060,9,"Ngakuta Bay"
"17700","Closest",6900061,9,"Ngakuta Bay"
"17701","Closest",6900063,9,"Ngakuta Bay"
"17702","Closest",6900064,9,"Ngakuta Bay"
"17703","Closest",6900182,9,"Ngakuta Bay"
"17704","Closest",6901395,7,"Grove Point/Arm Jetty"
"17705","Closest",6901396,7,"Grove Point/Arm Jetty"
"17706","Closest",6902653,27,"Sandy Bay"
"17707","Closest",6909667,9,"Ngakuta Bay"
"17708","Closest",6913021,10,"Waterfall Bay"
"17709","Closest",6913022,10,"Waterfall Bay"
"17710","Closest",6913452,7,"Grove Point/Arm Jetty"
"17711","Closest",6915360,9,"Ngakuta Bay"
"17712","Closest",6915361,9,"Ngakuta Bay"
"17713","Closest",6915362,9,"Ngakuta Bay"
"17714","Closest",6915363,9,"Ngakuta Bay"
"17715","Closest",6915364,9,"Ngakuta Bay"
"17716","Closest",6915365,9,"Ngakuta Bay"
"17717","Closest",6915366,9,"Ngakuta Bay"
"17718","Closest",6915367,9,"Ngakuta Bay"
"17719","Closest",6915699,12,"Oyster Bay"
"17720","Closest",6915700,12,"Oyster Bay"
"17721","Closest",6915701,12,"Oyster Bay"
"17722","Closest",6916554,7,"Grove Point/Arm Jetty"
"17723","Closest",6916555,7,"Grove Point/Arm Jetty"
"17724","Closest",6918392,12,"Oyster Bay"
"17725","Closest",6918393,12,"Oyster Bay"
"17726","Closest",6918454,41,"Okiwi Bay"
"17727","Closest",6919603,9,"Ngakuta Bay"
"17728","Closest",6919668,27,"Sandy Bay"
"17729","Closest",6920221,9,"Ngakuta Bay"
"17730","Closest",6920222,9,"Ngakuta Bay"
"17731","Closest",6921438,9,"Ngakuta Bay"
"17732","Closest",6921439,9,"Ngakuta Bay"
"17733","Closest",6921657,9,"Ngakuta Bay"
"17734","Closest",6921661,9,"Ngakuta Bay"
"17735","Closest",6921662,9,"Ngakuta Bay"
"17736","Closest",6922080,9,"Ngakuta Bay"
"17737","Closest",6922081,9,"Ngakuta Bay"
"17738","Closest",6922557,7,"Grove Point/Arm Jetty"
"17739","Closest",6922559,7,"Grove Point/Arm Jetty"
"17740","Closest",6923681,7,"Grove Point/Arm Jetty"
"17741","Closest",6923682,7,"Grove Point/Arm Jetty"
"17742","Closest",6923683,7,"Grove Point/Arm Jetty"
"17743","Closest",6923684,7,"Grove Point/Arm Jetty"
"17744","Closest",6923685,7,"Grove Point/Arm Jetty"
"17745","Closest",6923686,7,"Grove Point/Arm Jetty"
"17746","Closest",6926076,13,"Hakana Bay"
"17747","Closest",6926077,13,"Hakana Bay"
"17748","Closest",6926078,13,"Hakana Bay"
"17749","Closest",6926079,13,"Hakana Bay"
"17750","Closest",6926081,13,"Hakana Bay"
"17751","Closest",6926082,13,"Hakana Bay"
"17752","Closest",6926083,13,"Hakana Bay"
"17753","Closest",6926084,12,"Oyster Bay"
"17754","Closest",6926085,12,"Oyster Bay"
"17755","Closest",6926086,13,"Hakana Bay"
"17756","Closest",6926598,9,"Ngakuta Bay"
"17757","Closest",6930438,12,"Oyster Bay"
"17758","Closest",6930439,12,"Oyster Bay"
"17759","Closest",6930440,12,"Oyster Bay"
"17760","Closest",6933766,24,"Tara Bay"
"17761","Closest",6933767,24,"Tara Bay"
"17762","Closest",6937594,7,"Grove Point/Arm Jetty"
"17763","Closest",6937595,7,"Grove Point/Arm Jetty"
"17764","Closest",6937614,7,"Grove Point/Arm Jetty"
"17765","Closest",6937615,7,"Grove Point/Arm Jetty"
"17766","Closest",6939174,36,"Kapowai Bay (D'urville Island)"
"17767","Closest",6939175,36,"Kapowai Bay (D'urville Island)"
"17768","Closest",6939176,36,"Kapowai Bay (D'urville Island)"
"17769","Closest",6939177,36,"Kapowai Bay (D'urville Island)"
"17770","Closest",6939179,36,"Kapowai Bay (D'urville Island)"
"17771","Closest",6939180,36,"Kapowai Bay (D'urville Island)"
"17772","Closest",6939181,36,"Kapowai Bay (D'urville Island)"
"17773","Closest",6939182,36,"Kapowai Bay (D'urville Island)"
"17774","Closest",6939183,36,"Kapowai Bay (D'urville Island)"
"17775","Closest",6940013,7,"Grove Point/Arm Jetty"
"17776","Closest",6940014,7,"Grove Point/Arm Jetty"
"17777","Closest",6941765,6,"Anakiwa"
"17778","Closest",6941766,6,"Anakiwa"
"17779","Closest",6942062,34,"Cissy Bay"
"17780","Closest",6942063,34,"Cissy Bay"
"17781","Closest",6942064,37,"Hamilton Bay (Rocky Creek) Ramp"
"17782","Closest",6942517,7,"Grove Point/Arm Jetty"
"17783","Closest",6942518,7,"Grove Point/Arm Jetty"
"17784","Closest",6944660,18,"Moetapu Bay Jetty"
"17785","Closest",6944661,18,"Moetapu Bay Jetty"
"17786","Closest",6945251,7,"Grove Point/Arm Jetty"
"17787","Closest",6945252,7,"Grove Point/Arm Jetty"
"17788","Closest",6945253,7,"Grove Point/Arm Jetty"
"17789","Closest",6945254,7,"Grove Point/Arm Jetty"
"17790","Closest",6945434,7,"Grove Point/Arm Jetty"
"17791","Closest",6945435,7,"Grove Point/Arm Jetty"
"17792","Closest",6945436,7,"Grove Point/Arm Jetty"
"17793","Closest",6945905,30,"St. Omer Barge Ramp"
"17794","Closest",6945906,30,"St. Omer Barge Ramp"
"17795","Closest",6949413,29,"Waitaria Bay"
"17796","Closest",6949414,29,"Waitaria Bay"
"17797","Closest",6949415,29,"Waitaria Bay"
"17798","Closest",6949416,29,"Waitaria Bay"
"17799","Closest",6949417,29,"Waitaria Bay"
"17800","Closest",6949418,29,"Waitaria Bay"
"17801","Closest",6949419,29,"Waitaria Bay"
"17802","Closest",6949420,29,"Waitaria Bay"
"17803","Closest",6949421,29,"Waitaria Bay"
"17804","Closest",6954377,9,"Ngakuta Bay"
"17805","Closest",6954378,9,"Ngakuta Bay"
"17806","Closest",6965776,7,"Grove Point/Arm Jetty"
"17807","Closest",6965777,7,"Grove Point/Arm Jetty"
"17808","Closest",6965882,33,"Penzance Bay"
"17809","Closest",6965883,33,"Penzance Bay"
"17810","Closest",6965884,33,"Penzance Bay"
"17811","Closest",6965885,33,"Penzance Bay"
"17812","Closest",6966942,32,"Duncan Bay"
"17813","Closest",6966943,32,"Duncan Bay"
"17814","Closest",6966944,32,"Duncan Bay"
"17815","Closest",6966945,32,"Duncan Bay"
"17816","Closest",6966946,32,"Duncan Bay"
"17817","Closest",6970420,7,"Grove Point/Arm Jetty"
"17818","Closest",6970421,7,"Grove Point/Arm Jetty"
"17819","Closest",6970422,7,"Grove Point/Arm Jetty"
"17820","Closest",6970956,9,"Ngakuta Bay"
"17821","Closest",6975936,27,"Sandy Bay"
"17822","Closest",6975942,27,"Sandy Bay"
"17823","Closest",6978932,7,"Grove Point/Arm Jetty"
"17824","Closest",6979760,7,"Grove Point/Arm Jetty"
"17825","Closest",6979761,7,"Grove Point/Arm Jetty"
"17826","Closest",6980520,7,"Grove Point/Arm Jetty"
"17827","Closest",6980521,7,"Grove Point/Arm Jetty"
"17828","Closest",6980522,7,"Grove Point/Arm Jetty"
"17829","Closest",6980523,17,"Kaiuma Bay"
"17830","Closest",6980524,17,"Kaiuma Bay"
"17831","Closest",6980525,17,"Kaiuma Bay"
"17832","Closest",6980526,17,"Kaiuma Bay"
"17833","Closest",6980527,17,"Kaiuma Bay"
"17834","Closest",6980528,17,"Kaiuma Bay"
"17835","Closest",6980529,17,"Kaiuma Bay"
"17836","Closest",6980530,17,"Kaiuma Bay"
"17837","Closest",6980531,17,"Kaiuma Bay"
"17838","Closest",6980532,17,"Kaiuma Bay"
"17839","Closest",6980533,17,"Kaiuma Bay"
"17840","Closest",6980534,17,"Kaiuma Bay"
"17841","Closest",6980535,17,"Kaiuma Bay"
"17842","Closest",6980536,17,"Kaiuma Bay"
"17843","Closest",6980537,17,"Kaiuma Bay"
"17844","Closest",6980538,17,"Kaiuma Bay"
"17845","Closest",6980539,17,"Kaiuma Bay"
"17846","Closest",6980540,17,"Kaiuma Bay"
"17847","Closest",6980541,17,"Kaiuma Bay"
"17848","Closest",6980542,17,"Kaiuma Bay"
"17849","Closest",6980543,17,"Kaiuma Bay"
"17850","Closest",6980544,17,"Kaiuma Bay"
"17851","Closest",6980545,17,"Kaiuma Bay"
"17852","Closest",6980546,17,"Kaiuma Bay"
"17853","Closest",6980547,17,"Kaiuma Bay"
"17854","Closest",6980548,17,"Kaiuma Bay"
"17855","Closest",6980549,17,"Kaiuma Bay"
"17856","Closest",6980550,17,"Kaiuma Bay"
"17857","Closest",6980551,17,"Kaiuma Bay"
"17858","Closest",6980552,17,"Kaiuma Bay"
"17859","Closest",6980553,17,"Kaiuma Bay"
"17860","Closest",6980554,17,"Kaiuma Bay"
"17861","Closest",6980555,17,"Kaiuma Bay"
"17862","Closest",6980556,17,"Kaiuma Bay"
"17863","Closest",6980557,17,"Kaiuma Bay"
"17864","Closest",6980558,17,"Kaiuma Bay"
"17865","Closest",6980559,17,"Kaiuma Bay"
"17866","Closest",6980560,17,"Kaiuma Bay"
"17867","Closest",6980561,17,"Kaiuma Bay"
"17868","Closest",6980562,17,"Kaiuma Bay"
"17869","Closest",6980563,17,"Kaiuma Bay"
"17870","Closest",6980564,17,"Kaiuma Bay"
"17871","Closest",6980565,17,"Kaiuma Bay"
"17872","Closest",6980566,17,"Kaiuma Bay"
"17873","Closest",6980567,17,"Kaiuma Bay"
"17874","Closest",6980568,17,"Kaiuma Bay"
"17875","Closest",6980569,17,"Kaiuma Bay"
"17876","Closest",6980570,17,"Kaiuma Bay"
"17877","Closest",6980571,17,"Kaiuma Bay"
"17878","Closest",6980572,17,"Kaiuma Bay"
"17879","Closest",6980573,17,"Kaiuma Bay"
"17880","Closest",6980574,17,"Kaiuma Bay"
"17881","Closest",6980575,17,"Kaiuma Bay"
"17882","Closest",6980576,17,"Kaiuma Bay"
"17883","Closest",6980577,17,"Kaiuma Bay"
"17884","Closest",6980578,17,"Kaiuma Bay"
"17885","Closest",6980579,17,"Kaiuma Bay"
"17886","Closest",6980580,17,"Kaiuma Bay"
"17887","Closest",6980581,17,"Kaiuma Bay"
"17888","Closest",6980582,17,"Kaiuma Bay"
"17889","Closest",6980583,17,"Kaiuma Bay"
"17890","Closest",6980584,17,"Kaiuma Bay"
"17891","Closest",6980585,17,"Kaiuma Bay"
"17892","Closest",6980586,17,"Kaiuma Bay"
"17893","Closest",6980587,17,"Kaiuma Bay"
"17894","Closest",6980588,17,"Kaiuma Bay"
"17895","Closest",6980589,17,"Kaiuma Bay"
"17896","Closest",6980590,17,"Kaiuma Bay"
"17897","Closest",6980591,17,"Kaiuma Bay"
"17898","Closest",6980592,7,"Grove Point/Arm Jetty"
"17899","Closest",6980593,7,"Grove Point/Arm Jetty"
"17900","Closest",6980594,17,"Kaiuma Bay"
"17901","Closest",6980596,17,"Kaiuma Bay"
"17902","Closest",6980617,17,"Kaiuma Bay"
"17903","Closest",6980618,17,"Kaiuma Bay"
"17904","Closest",6980620,17,"Kaiuma Bay"
"17905","Closest",6980622,17,"Kaiuma Bay"
"17906","Closest",6980623,17,"Kaiuma Bay"
"17907","Closest",6980624,17,"Kaiuma Bay"
"17908","Closest",6981844,9,"Ngakuta Bay"
"17909","Closest",6981845,9,"Ngakuta Bay"
"17910","Closest",6983531,30,"St. Omer Barge Ramp"
"17911","Closest",6983532,30,"St. Omer Barge Ramp"
"17912","Closest",6983547,27,"Sandy Bay"
"17913","Closest",6983548,27,"Sandy Bay"
"17914","Closest",6983549,27,"Sandy Bay"
"17915","Closest",6985376,27,"Sandy Bay"
"17916","Closest",6989851,9,"Ngakuta Bay"
"17917","Closest",6989852,9,"Ngakuta Bay"
"17918","Closest",6989867,11,"Punga Cove"
"17919","Closest",6989868,11,"Punga Cove"
"17920","Closest",6990114,7,"Grove Point/Arm Jetty"
"17921","Closest",6990370,12,"Oyster Bay"
"17922","Closest",6990371,12,"Oyster Bay"
"17923","Closest",6992259,27,"Sandy Bay"
"17924","Closest",6992260,27,"Sandy Bay"
"17925","Closest",6992261,27,"Sandy Bay"
"17926","Closest",6992262,27,"Sandy Bay"
"17927","Closest",6992263,27,"Sandy Bay"
"17928","Closest",6992264,27,"Sandy Bay"
"17929","Closest",6992265,27,"Sandy Bay"
"17930","Closest",6992266,27,"Sandy Bay"
"17931","Closest",6992267,27,"Sandy Bay"
"17932","Closest",6997101,7,"Grove Point/Arm Jetty"
"17933","Closest",7000953,9,"Ngakuta Bay"
"17934","Closest",7000954,9,"Ngakuta Bay"
"17935","Closest",7002173,9,"Ngakuta Bay"
"17936","Closest",7002174,9,"Ngakuta Bay"
"17937","Closest",7002947,11,"Punga Cove"
"17938","Closest",7002948,11,"Punga Cove"
"17939","Closest",7004003,34,"Cissy Bay"
"17940","Closest",7007467,9,"Ngakuta Bay"
"17941","Closest",7007468,9,"Ngakuta Bay"
"17942","Closest",7008714,15,"Portage Bay"
"17943","Closest",7008717,15,"Portage Bay"
"17944","Closest",7008718,15,"Portage Bay"
"17945","Closest",7008719,15,"Portage Bay"
"17946","Closest",7008720,15,"Portage Bay"
"17947","Closest",7008721,15,"Portage Bay"
"17948","Closest",7008722,15,"Portage Bay"
"17949","Closest",7008723,15,"Portage Bay"
"17950","Closest",7010576,41,"Okiwi Bay"
"17951","Closest",7011404,32,"Duncan Bay"
"17952","Closest",7011405,32,"Duncan Bay"
"17953","Closest",7011406,32,"Duncan Bay"
"17954","Closest",7011407,32,"Duncan Bay"
"17955","Closest",7011408,32,"Duncan Bay"
"17956","Closest",7011409,32,"Duncan Bay"
"17957","Closest",7011410,32,"Duncan Bay"
"17958","Closest",7011411,32,"Duncan Bay"
"17959","Closest",7012288,9,"Ngakuta Bay"
"17960","Closest",7012289,9,"Ngakuta Bay"
"17961","Closest",7012820,9,"Ngakuta Bay"
"17962","Closest",7012821,9,"Ngakuta Bay"
"17963","Closest",7015210,10,"Waterfall Bay"
"17964","Closest",7015211,10,"Waterfall Bay"
"17965","Closest",7015484,9,"Ngakuta Bay"
"17966","Closest",7015500,9,"Ngakuta Bay"
"17967","Closest",7015503,9,"Ngakuta Bay"
"17968","Closest",7015522,17,"Kaiuma Bay"
"17969","Closest",7015527,17,"Kaiuma Bay"
"17970","Closest",7015530,17,"Kaiuma Bay"
"17971","Closest",7017012,32,"Duncan Bay"
"17972","Closest",7017013,32,"Duncan Bay"
"17973","Closest",7017014,32,"Duncan Bay"
"17974","Closest",7017015,32,"Duncan Bay"
"17975","Closest",7017016,32,"Duncan Bay"
"17976","Closest",7018780,11,"Punga Cove"
"17977","Closest",7021763,32,"Duncan Bay"
"17978","Closest",7025797,27,"Sandy Bay"
"17979","Closest",7025798,27,"Sandy Bay"
"17980","Closest",7028461,31,"Double Bay"
"17981","Closest",7028462,31,"Double Bay"
"17982","Closest",7030482,9,"Ngakuta Bay"
"17983","Closest",7030483,9,"Ngakuta Bay"
"17984","Closest",7031885,17,"Kaiuma Bay"
"17985","Closest",7033528,12,"Oyster Bay"
"17986","Closest",7033529,9,"Ngakuta Bay"
"17987","Closest",7033835,9,"Ngakuta Bay"
"17988","Closest",7033836,9,"Ngakuta Bay"
"17989","Closest",7033837,9,"Ngakuta Bay"
"17990","Closest",7033838,9,"Ngakuta Bay"
"17991","Closest",7033839,9,"Ngakuta Bay"
"17992","Closest",7033840,9,"Ngakuta Bay"
"17993","Closest",7036117,9,"Ngakuta Bay"
"17994","Closest",7036118,9,"Ngakuta Bay"
"17995","Closest",7039116,30,"St. Omer Barge Ramp"
"17996","Closest",7039397,30,"St. Omer Barge Ramp"
"17997","Closest",7039398,30,"St. Omer Barge Ramp"
"17998","Closest",7040317,26,"Nikau Cove Doc Camp"
"17999","Closest",7040318,26,"Nikau Cove Doc Camp"
"18000","Closest",7040329,26,"Nikau Cove Doc Camp"
"18001","Closest",7041864,7,"Grove Point/Arm Jetty"
"18002","Closest",7041865,7,"Grove Point/Arm Jetty"
"18003","Closest",7043734,7,"Grove Point/Arm Jetty"
"18004","Closest",7043735,7,"Grove Point/Arm Jetty"
"18005","Closest",7045202,7,"Grove Point/Arm Jetty"
"18006","Closest",7045203,7,"Grove Point/Arm Jetty"
"18007","Closest",7049058,35,"Elmslie Bay (French Pass)"
"18008","Closest",7049059,35,"Elmslie Bay (French Pass)"
"18009","Closest",7054205,18,"Moetapu Bay Jetty"
"18010","Closest",7054206,18,"Moetapu Bay Jetty"
"18011","Closest",7055158,17,"Kaiuma Bay"
"18012","Closest",7055159,17,"Kaiuma Bay"
"18013","Closest",7055379,7,"Grove Point/Arm Jetty"
"18014","Closest",7055380,7,"Grove Point/Arm Jetty"
"18015","Closest",7057118,7,"Grove Point/Arm Jetty"
"18016","Closest",7057119,7,"Grove Point/Arm Jetty"
"18017","Closest",7059830,7,"Grove Point/Arm Jetty"
"18018","Closest",7059831,7,"Grove Point/Arm Jetty"
"18019","Closest",7059833,7,"Grove Point/Arm Jetty"
"18020","Closest",7059834,7,"Grove Point/Arm Jetty"
"18021","Closest",7059835,7,"Grove Point/Arm Jetty"
"18022","Closest",7059836,7,"Grove Point/Arm Jetty"
"18023","Closest",7059838,7,"Grove Point/Arm Jetty"
"18024","Closest",7062784,7,"Grove Point/Arm Jetty"
"18025","Closest",7062785,7,"Grove Point/Arm Jetty"
"18026","Closest",7062951,9,"Ngakuta Bay"
"18027","Closest",7067593,15,"Portage Bay"
"18028","Closest",7067594,25,"Cowshed Bay"
"18029","Closest",7069575,30,"St. Omer Barge Ramp"
"18030","Closest",7069576,30,"St. Omer Barge Ramp"
"18031","Closest",7069577,30,"St. Omer Barge Ramp"
"18032","Closest",7069578,30,"St. Omer Barge Ramp"
"18033","Closest",7069580,30,"St. Omer Barge Ramp"
"18034","Closest",7069581,30,"St. Omer Barge Ramp"
"18035","Closest",7069582,30,"St. Omer Barge Ramp"
"18036","Closest",7069583,30,"St. Omer Barge Ramp"
"18037","Closest",7069651,9,"Ngakuta Bay"
"18038","Closest",7069652,9,"Ngakuta Bay"
"18039","Closest",7070271,27,"Sandy Bay"
"18040","Closest",7070273,27,"Sandy Bay"
"18041","Closest",7070367,11,"Punga Cove"
"18042","Closest",7070368,11,"Punga Cove"
"18043","Closest",7070369,11,"Punga Cove"
"18044","Closest",7070370,11,"Punga Cove"
"18045","Closest",7070371,11,"Punga Cove"
"18046","Closest",7070372,11,"Punga Cove"
"18047","Closest",7072156,7,"Grove Point/Arm Jetty"
"18048","Closest",7072157,7,"Grove Point/Arm Jetty"
"18049","Closest",7072590,9,"Ngakuta Bay"
"18050","Closest",7075842,9,"Ngakuta Bay"
"18051","Closest",7075843,9,"Ngakuta Bay"
"18052","Closest",7077660,7,"Grove Point/Arm Jetty"
"18053","Closest",7077661,7,"Grove Point/Arm Jetty"
"18054","Closest",7077662,7,"Grove Point/Arm Jetty"
"18055","Closest",7077701,7,"Grove Point/Arm Jetty"
"18056","Closest",7077702,17,"Kaiuma Bay"
"18057","Closest",7079534,7,"Grove Point/Arm Jetty"
"18058","Closest",7079535,7,"Grove Point/Arm Jetty"
"18059","Closest",7079536,7,"Grove Point/Arm Jetty"
"18060","Closest",7079537,7,"Grove Point/Arm Jetty"
"18061","Closest",7079538,7,"Grove Point/Arm Jetty"
"18062","Closest",7079539,7,"Grove Point/Arm Jetty"
"18063","Closest",7079540,7,"Grove Point/Arm Jetty"
"18064","Closest",7079541,7,"Grove Point/Arm Jetty"
"18065","Closest",7079542,7,"Grove Point/Arm Jetty"
"18066","Closest",7079543,7,"Grove Point/Arm Jetty"
"18067","Closest",7079544,7,"Grove Point/Arm Jetty"
"18068","Closest",7079545,7,"Grove Point/Arm Jetty"
"18069","Closest",7079546,7,"Grove Point/Arm Jetty"
"18070","Closest",7079547,7,"Grove Point/Arm Jetty"
"18071","Closest",7079548,7,"Grove Point/Arm Jetty"
"18072","Closest",7079549,7,"Grove Point/Arm Jetty"
"18073","Closest",7079550,7,"Grove Point/Arm Jetty"
"18074","Closest",7079551,7,"Grove Point/Arm Jetty"
"18075","Closest",7079583,7,"Grove Point/Arm Jetty"
"18076","Closest",7079584,7,"Grove Point/Arm Jetty"
"18077","Closest",7080483,7,"Grove Point/Arm Jetty"
"18078","Closest",7084127,32,"Duncan Bay"
"18079","Closest",7084128,32,"Duncan Bay"
"18080","Closest",7084129,32,"Duncan Bay"
"18081","Closest",7085562,7,"Grove Point/Arm Jetty"
"18082","Closest",7085563,7,"Grove Point/Arm Jetty"
"18083","Closest",7087685,9,"Ngakuta Bay"
"18084","Closest",7087686,9,"Ngakuta Bay"
"18085","Closest",7087691,27,"Sandy Bay"
"18086","Closest",7098758,24,"Tara Bay"
"18087","Closest",7098759,24,"Tara Bay"
"18088","Closest",7098760,24,"Tara Bay"
"18089","Closest",7098841,38,"Bulwer Bay"
"18090","Closest",7098842,38,"Bulwer Bay"
"18091","Closest",7098843,38,"Bulwer Bay"
"18092","Closest",7098844,38,"Bulwer Bay"
"18093","Closest",7098845,38,"Bulwer Bay"
"18094","Closest",7098846,38,"Bulwer Bay"
"18095","Closest",7098847,38,"Bulwer Bay"
"18096","Closest",7098848,38,"Bulwer Bay"
"18097","Closest",7102429,12,"Oyster Bay"
"18098","Closest",7102430,12,"Oyster Bay"
"18099","Closest",7103738,9,"Ngakuta Bay"
"18100","Closest",7103739,9,"Ngakuta Bay"
"18101","Closest",7105207,32,"Duncan Bay"
"18102","Closest",7105208,32,"Duncan Bay"
"18103","Closest",7105209,32,"Duncan Bay"
"18104","Closest",7105210,32,"Duncan Bay"
"18105","Closest",7105211,32,"Duncan Bay"
"18106","Closest",7105212,32,"Duncan Bay"
"18107","Closest",7105213,32,"Duncan Bay"
"18108","Closest",7107161,13,"Hakana Bay"
"18109","Closest",7107162,13,"Hakana Bay"
"18110","Closest",7109872,17,"Kaiuma Bay"
"18111","Closest",7109873,18,"Moetapu Bay Jetty"
"18112","Closest",7112157,21,"Willow Bay"
"18113","Closest",7112158,21,"Willow Bay"
"18114","Closest",7116827,9,"Ngakuta Bay"
"18115","Closest",7116828,9,"Ngakuta Bay"
"18116","Closest",7118163,7,"Grove Point/Arm Jetty"
"18117","Closest",7118468,7,"Grove Point/Arm Jetty"
"18118","Closest",7121295,7,"Grove Point/Arm Jetty"
"18119","Closest",7121296,7,"Grove Point/Arm Jetty"
"18120","Closest",7121385,9,"Ngakuta Bay"
"18121","Closest",7121386,9,"Ngakuta Bay"
"18122","Closest",7121531,41,"Okiwi Bay"
"18123","Closest",7121532,41,"Okiwi Bay"
"18124","Closest",7126017,30,"St. Omer Barge Ramp"
"18125","Closest",7126018,30,"St. Omer Barge Ramp"
"18126","Closest",7129496,34,"Cissy Bay"
"18127","Closest",7129497,34,"Cissy Bay"
"18128","Closest",7129498,34,"Cissy Bay"
"18129","Closest",7131792,9,"Ngakuta Bay"
"18130","Closest",7131793,9,"Ngakuta Bay"
"18131","Closest",7131794,9,"Ngakuta Bay"
"18132","Closest",7131812,9,"Ngakuta Bay"
"18133","Closest",7131813,9,"Ngakuta Bay"
"18134","Closest",7133084,11,"Punga Cove"
"18135","Closest",7133085,11,"Punga Cove"
"18136","Closest",7135187,35,"Elmslie Bay (French Pass)"
"18137","Closest",7135188,35,"Elmslie Bay (French Pass)"
"18138","Closest",7135189,35,"Elmslie Bay (French Pass)"
"18139","Closest",7135194,35,"Elmslie Bay (French Pass)"
"18140","Closest",7137604,9,"Ngakuta Bay"
"18141","Closest",7137605,9,"Ngakuta Bay"
"18142","Closest",7137788,7,"Grove Point/Arm Jetty"
"18143","Closest",7140891,9,"Ngakuta Bay"
"18144","Closest",7140892,9,"Ngakuta Bay"
"18145","Closest",7140893,9,"Ngakuta Bay"
"18146","Closest",7140894,9,"Ngakuta Bay"
"18147","Closest",7140895,9,"Ngakuta Bay"
"18148","Closest",7143695,36,"Kapowai Bay (D'urville Island)"
"18149","Closest",7143696,36,"Kapowai Bay (D'urville Island)"
"18150","Closest",7146238,7,"Grove Point/Arm Jetty"
"18151","Closest",7146239,7,"Grove Point/Arm Jetty"
"18152","Closest",7146617,7,"Grove Point/Arm Jetty"
"18153","Closest",7148765,38,"Bulwer Bay"
"18154","Closest",7148766,38,"Bulwer Bay"
"18155","Closest",7148767,38,"Bulwer Bay"
"18156","Closest",7148779,38,"Bulwer Bay"
"18157","Closest",7151116,9,"Ngakuta Bay"
"18158","Closest",7151117,9,"Ngakuta Bay"
"18159","Closest",7151118,9,"Ngakuta Bay"
"18160","Closest",7151119,9,"Ngakuta Bay"
"18161","Closest",7151756,30,"St. Omer Barge Ramp"
"18162","Closest",7151757,30,"St. Omer Barge Ramp"
"18163","Closest",7153118,9,"Ngakuta Bay"
"18164","Closest",7153119,9,"Ngakuta Bay"
"18165","Closest",7154534,13,"Hakana Bay"
"18166","Closest",7158120,9,"Ngakuta Bay"
"18167","Closest",7158121,9,"Ngakuta Bay"
"18168","Closest",7158122,9,"Ngakuta Bay"
"18169","Closest",7159301,12,"Oyster Bay"
"18170","Closest",7159302,12,"Oyster Bay"
"18171","Closest",7159423,9,"Ngakuta Bay"
"18172","Closest",7161410,12,"Oyster Bay"
"18173","Closest",7162528,9,"Ngakuta Bay"
"18174","Closest",7162529,9,"Ngakuta Bay"
"18175","Closest",7162530,9,"Ngakuta Bay"
"18176","Closest",7163108,7,"Grove Point/Arm Jetty"
"18177","Closest",7168460,9,"Ngakuta Bay"
"18178","Closest",7169909,30,"St. Omer Barge Ramp"
"18179","Closest",7169910,30,"St. Omer Barge Ramp"
"18180","Closest",7169911,30,"St. Omer Barge Ramp"
"18181","Closest",7173475,7,"Grove Point/Arm Jetty"
"18182","Closest",7173476,7,"Grove Point/Arm Jetty"
"18183","Closest",7173477,7,"Grove Point/Arm Jetty"
"18184","Closest",7173485,7,"Grove Point/Arm Jetty"
"18185","Closest",7173486,7,"Grove Point/Arm Jetty"
"18186","Closest",7173487,7,"Grove Point/Arm Jetty"
"18187","Closest",7173488,7,"Grove Point/Arm Jetty"
"18188","Closest",7173839,9,"Ngakuta Bay"
"18189","Closest",7173840,9,"Ngakuta Bay"
"18190","Closest",7175342,29,"Waitaria Bay"
"18191","Closest",7175343,29,"Waitaria Bay"
"18192","Closest",7175344,29,"Waitaria Bay"
"18193","Closest",7178929,9,"Ngakuta Bay"
"18194","Closest",7178930,9,"Ngakuta Bay"
"18195","Closest",7179238,6,"Anakiwa"
"18196","Closest",7179265,27,"Sandy Bay"
"18197","Closest",7179266,27,"Sandy Bay"
"18198","Closest",7180074,9,"Ngakuta Bay"
"18199","Closest",7186132,9,"Ngakuta Bay"
"18200","Closest",7186514,7,"Grove Point/Arm Jetty"
"18201","Closest",7186515,7,"Grove Point/Arm Jetty"
"18202","Closest",7186519,7,"Grove Point/Arm Jetty"
"18203","Closest",7189109,7,"Grove Point/Arm Jetty"
"18204","Closest",7189439,9,"Ngakuta Bay"
"18205","Closest",7189440,9,"Ngakuta Bay"
"18206","Closest",7196942,6,"Anakiwa"
"18207","Closest",7198939,22,"Broughton Bay Road"
"18208","Closest",7198940,22,"Broughton Bay Road"
"18209","Closest",7204635,9,"Ngakuta Bay"
"18210","Closest",7204636,9,"Ngakuta Bay"
"18211","Closest",7206926,9,"Ngakuta Bay"
"18212","Closest",7206927,9,"Ngakuta Bay"
"18213","Closest",7209619,16,"Torea Bay"
"18214","Closest",7209620,16,"Torea Bay"
"18215","Closest",7211833,9,"Ngakuta Bay"
"18216","Closest",7211834,9,"Ngakuta Bay"
"18217","Closest",7211835,9,"Ngakuta Bay"
"18218","Closest",7211836,9,"Ngakuta Bay"
"18219","Closest",7211837,9,"Ngakuta Bay"
"18220","Closest",7212630,28,"Fish Bay Ramp"
"18221","Closest",7212631,28,"Fish Bay Ramp"
"18222","Closest",7212810,34,"Cissy Bay"
"18223","Closest",7212811,34,"Cissy Bay"
"18224","Closest",7212812,34,"Cissy Bay"
"18225","Closest",7212813,34,"Cissy Bay"
"18226","Closest",7212815,34,"Cissy Bay"
"18227","Closest",7220197,41,"Okiwi Bay"
"18228","Closest",7220198,41,"Okiwi Bay"
"18229","Closest",7220199,41,"Okiwi Bay"
"18230","Closest",7220200,41,"Okiwi Bay"
"18231","Closest",7220201,41,"Okiwi Bay"
"18232","Closest",7220202,41,"Okiwi Bay"
"18233","Closest",7220205,41,"Okiwi Bay"
"18234","Closest",7220851,12,"Oyster Bay"
"18235","Closest",7220852,12,"Oyster Bay"
"18236","Closest",7220853,12,"Oyster Bay"
"18237","Closest",7220928,12,"Oyster Bay"
"18238","Closest",7220929,12,"Oyster Bay"
"18239","Closest",7232949,26,"Nikau Cove Doc Camp"
"18240","Closest",7234607,13,"Hakana Bay"
"18241","Closest",7234608,13,"Hakana Bay"
"18242","Closest",7236351,21,"Willow Bay"
"18243","Closest",7236352,20,"Ohingaroa Bay"
"18244","Closest",7236353,20,"Ohingaroa Bay"
"18245","Closest",7236354,20,"Ohingaroa Bay"
"18246","Closest",7241480,27,"Sandy Bay"
"18247","Closest",7241481,27,"Sandy Bay"
"18248","Closest",7241715,11,"Punga Cove"
"18249","Closest",7241716,11,"Punga Cove"
"18250","Closest",7242763,12,"Oyster Bay"
"18251","Closest",7243557,31,"Double Bay"
"18252","Closest",7243558,31,"Double Bay"
"18253","Closest",7243559,31,"Double Bay"
"18254","Closest",7243560,31,"Double Bay"
"18255","Closest",7243561,31,"Double Bay"
"18256","Closest",7243562,31,"Double Bay"
"18257","Closest",7244375,12,"Oyster Bay"
"18258","Closest",7245504,21,"Willow Bay"
"18259","Closest",7245506,21,"Willow Bay"
"18260","Closest",7248196,9,"Ngakuta Bay"
"18261","Closest",7248197,9,"Ngakuta Bay"
"18262","Closest",7248202,38,"Bulwer Bay"
"18263","Closest",7248203,38,"Bulwer Bay"
"18264","Closest",7248204,38,"Bulwer Bay"
"18265","Closest",7248205,37,"Hamilton Bay (Rocky Creek) Ramp"
"18266","Closest",7248206,37,"Hamilton Bay (Rocky Creek) Ramp"
"18267","Closest",7248923,18,"Moetapu Bay Jetty"
"18268","Closest",7248927,18,"Moetapu Bay Jetty"
"18269","Closest",7251957,30,"St. Omer Barge Ramp"
"18270","Closest",7251958,30,"St. Omer Barge Ramp"
"18271","Closest",7254039,11,"Punga Cove"
"18272","Closest",7254040,11,"Punga Cove"
"18273","Closest",7254523,11,"Punga Cove"
"18274","Closest",7254524,11,"Punga Cove"
"18275","Closest",7254525,11,"Punga Cove"
"18276","Closest",7254526,11,"Punga Cove"
"18277","Closest",7254527,11,"Punga Cove"
"18278","Closest",7254528,11,"Punga Cove"
"18279","Closest",7254529,11,"Punga Cove"
"18280","Closest",7254598,37,"Hamilton Bay (Rocky Creek) Ramp"
"18281","Closest",7254599,37,"Hamilton Bay (Rocky Creek) Ramp"
"18282","Closest",7254600,37,"Hamilton Bay (Rocky Creek) Ramp"
"18283","Closest",7254601,37,"Hamilton Bay (Rocky Creek) Ramp"
"18284","Closest",7254622,37,"Hamilton Bay (Rocky Creek) Ramp"
"18285","Closest",7255506,11,"Punga Cove"
"18286","Closest",7255508,11,"Punga Cove"
"18287","Closest",7255509,11,"Punga Cove"
"18288","Closest",7259446,9,"Ngakuta Bay"
"18289","Closest",7259447,9,"Ngakuta Bay"
"18290","Closest",7259448,9,"Ngakuta Bay"
"18291","Closest",7260796,9,"Ngakuta Bay"
"18292","Closest",7260797,9,"Ngakuta Bay"
"18293","Closest",7265351,9,"Ngakuta Bay"
"18294","Closest",7265352,9,"Ngakuta Bay"
"18295","Closest",7266569,12,"Oyster Bay"
"18296","Closest",7267982,7,"Grove Point/Arm Jetty"
"18297","Closest",7267983,7,"Grove Point/Arm Jetty"
"18298","Closest",7267984,7,"Grove Point/Arm Jetty"
"18299","Closest",7267985,7,"Grove Point/Arm Jetty"
"18300","Closest",7267986,7,"Grove Point/Arm Jetty"
"18301","Closest",7267987,7,"Grove Point/Arm Jetty"
"18302","Closest",7267988,7,"Grove Point/Arm Jetty"
"18303","Closest",7267989,7,"Grove Point/Arm Jetty"
"18304","Closest",7268182,9,"Ngakuta Bay"
"18305","Closest",7268183,9,"Ngakuta Bay"
"18306","Closest",7268201,9,"Ngakuta Bay"
"18307","Closest",7268202,9,"Ngakuta Bay"
"18308","Closest",7268205,9,"Ngakuta Bay"
"18309","Closest",7268206,9,"Ngakuta Bay"
"18310","Closest",7272437,31,"Double Bay"
"18311","Closest",7272438,31,"Double Bay"
"18312","Closest",7272439,31,"Double Bay"
"18313","Closest",7275212,39,"Elaine Bay Boat Ramp"
"18314","Closest",7277132,27,"Sandy Bay"
"18315","Closest",7277133,27,"Sandy Bay"
"18316","Closest",7279054,27,"Sandy Bay"
"18317","Closest",7281029,9,"Ngakuta Bay"
"18318","Closest",7284129,18,"Moetapu Bay Jetty"
"18319","Closest",7284130,18,"Moetapu Bay Jetty"
"18320","Closest",7284131,18,"Moetapu Bay Jetty"
"18321","Closest",7284132,18,"Moetapu Bay Jetty"
"18322","Closest",7285969,6,"Anakiwa"
"18323","Closest",7286942,7,"Grove Point/Arm Jetty"
"18324","Closest",7287629,7,"Grove Point/Arm Jetty"
"18325","Closest",7287630,7,"Grove Point/Arm Jetty"
"18326","Closest",7287631,7,"Grove Point/Arm Jetty"
"18327","Closest",7287632,7,"Grove Point/Arm Jetty"
"18328","Closest",7287633,7,"Grove Point/Arm Jetty"
"18329","Closest",7287634,7,"Grove Point/Arm Jetty"
"18330","Closest",7289497,7,"Grove Point/Arm Jetty"
"18331","Closest",7291327,9,"Ngakuta Bay"
"18332","Closest",7291328,9,"Ngakuta Bay"
"18333","Closest",7291720,7,"Grove Point/Arm Jetty"
"18334","Closest",7291721,7,"Grove Point/Arm Jetty"
"18335","Closest",7291722,7,"Grove Point/Arm Jetty"
"18336","Closest",7292111,9,"Ngakuta Bay"
"18337","Closest",7292112,9,"Ngakuta Bay"
"18338","Closest",7292113,9,"Ngakuta Bay"
"18339","Closest",7295525,27,"Sandy Bay"
"18340","Closest",7295526,27,"Sandy Bay"
"18341","Closest",7297696,13,"Hakana Bay"
"18342","Closest",7297697,13,"Hakana Bay"
"18343","Closest",7299084,9,"Ngakuta Bay"
"18344","Closest",7299085,9,"Ngakuta Bay"
"18345","Closest",7310322,29,"Waitaria Bay"
"18346","Closest",7310628,7,"Grove Point/Arm Jetty"
"18347","Closest",7310629,7,"Grove Point/Arm Jetty"
"18348","Closest",7311480,7,"Grove Point/Arm Jetty"
"18349","Closest",7311481,7,"Grove Point/Arm Jetty"
"18350","Closest",7312912,13,"Hakana Bay"
"18351","Closest",7312913,13,"Hakana Bay"
"18352","Closest",7313315,12,"Oyster Bay"
"18353","Closest",7313316,12,"Oyster Bay"
"18354","Closest",7313897,7,"Grove Point/Arm Jetty"
"18355","Closest",7316097,13,"Hakana Bay"
"18356","Closest",7316098,13,"Hakana Bay"
"18357","Closest",7316099,13,"Hakana Bay"
"18358","Closest",7316100,13,"Hakana Bay"
"18359","Closest",7316101,13,"Hakana Bay"
"18360","Closest",7318391,12,"Oyster Bay"
"18361","Closest",7318393,12,"Oyster Bay"
"18362","Closest",7318394,12,"Oyster Bay"
"18363","Closest",7318943,9,"Ngakuta Bay"
"18364","Closest",7318944,9,"Ngakuta Bay"
"18365","Closest",7319317,32,"Duncan Bay"
"18366","Closest",7319318,32,"Duncan Bay"
"18367","Closest",7323733,35,"Elmslie Bay (French Pass)"
"18368","Closest",7323734,35,"Elmslie Bay (French Pass)"
"18369","Closest",7325491,7,"Grove Point/Arm Jetty"
"18370","Closest",7325492,7,"Grove Point/Arm Jetty"
"18371","Closest",7325493,7,"Grove Point/Arm Jetty"
"18372","Closest",7325494,7,"Grove Point/Arm Jetty"
"18373","Closest",7327117,9,"Ngakuta Bay"
"18374","Closest",7327118,9,"Ngakuta Bay"
"18375","Closest",7332010,33,"Penzance Bay"
"18376","Closest",7332011,33,"Penzance Bay"
"18377","Closest",7332012,33,"Penzance Bay"
"18378","Closest",7334630,17,"Kaiuma Bay"
"18379","Closest",7334631,17,"Kaiuma Bay"
"18380","Closest",7334632,17,"Kaiuma Bay"
"18381","Closest",7334633,17,"Kaiuma Bay"
"18382","Closest",7334634,17,"Kaiuma Bay"
"18383","Closest",7334635,17,"Kaiuma Bay"
"18384","Closest",7334636,17,"Kaiuma Bay"
"18385","Closest",7334637,17,"Kaiuma Bay"
"18386","Closest",7334638,17,"Kaiuma Bay"
"18387","Closest",7334639,17,"Kaiuma Bay"
"18388","Closest",7334640,17,"Kaiuma Bay"
"18389","Closest",7334641,17,"Kaiuma Bay"
"18390","Closest",7334642,17,"Kaiuma Bay"
"18391","Closest",7334643,17,"Kaiuma Bay"
"18392","Closest",7334644,17,"Kaiuma Bay"
"18393","Closest",7334645,17,"Kaiuma Bay"
"18394","Closest",7334646,17,"Kaiuma Bay"
"18395","Closest",7334647,17,"Kaiuma Bay"
"18396","Closest",7334648,17,"Kaiuma Bay"
"18397","Closest",7334649,17,"Kaiuma Bay"
"18398","Closest",7334650,17,"Kaiuma Bay"
"18399","Closest",7334651,17,"Kaiuma Bay"
"18400","Closest",7334652,17,"Kaiuma Bay"
"18401","Closest",7334653,17,"Kaiuma Bay"
"18402","Closest",7334654,17,"Kaiuma Bay"
"18403","Closest",7334655,17,"Kaiuma Bay"
"18404","Closest",7334656,17,"Kaiuma Bay"
"18405","Closest",7334657,17,"Kaiuma Bay"
"18406","Closest",7334658,17,"Kaiuma Bay"
"18407","Closest",7334659,17,"Kaiuma Bay"
"18408","Closest",7334660,17,"Kaiuma Bay"
"18409","Closest",7334661,17,"Kaiuma Bay"
"18410","Closest",7334662,17,"Kaiuma Bay"
"18411","Closest",7334663,17,"Kaiuma Bay"
"18412","Closest",7334664,17,"Kaiuma Bay"
"18413","Closest",7334665,17,"Kaiuma Bay"
"18414","Closest",7334666,17,"Kaiuma Bay"
"18415","Closest",7335133,29,"Waitaria Bay"
"18416","Closest",7335135,29,"Waitaria Bay"
"18417","Closest",7340132,21,"Willow Bay"
"18418","Closest",7340133,21,"Willow Bay"
"18419","Closest",7340134,21,"Willow Bay"
"18420","Closest",7340137,21,"Willow Bay"
"18421","Closest",7343973,7,"Grove Point/Arm Jetty"
"18422","Closest",7347414,39,"Elaine Bay Boat Ramp"
"18423","Closest",7347962,30,"St. Omer Barge Ramp"
"18424","Closest",7347963,30,"St. Omer Barge Ramp"
"18425","Closest",7347964,30,"St. Omer Barge Ramp"
"18426","Closest",7347965,30,"St. Omer Barge Ramp"
"18427","Closest",7352036,9,"Ngakuta Bay"
"18428","Closest",7352037,9,"Ngakuta Bay"
"18429","Closest",7353177,35,"Elmslie Bay (French Pass)"
"18430","Closest",7353178,36,"Kapowai Bay (D'urville Island)"
"18431","Closest",7353179,36,"Kapowai Bay (D'urville Island)"
"18432","Closest",7353180,35,"Elmslie Bay (French Pass)"
"18433","Closest",7353181,36,"Kapowai Bay (D'urville Island)"
"18434","Closest",7353182,36,"Kapowai Bay (D'urville Island)"
"18435","Closest",7353461,25,"Cowshed Bay"
"18436","Closest",7353462,25,"Cowshed Bay"
"18437","Closest",7362750,36,"Kapowai Bay (D'urville Island)"
"18438","Closest",7362751,36,"Kapowai Bay (D'urville Island)"
"18439","Closest",7362752,36,"Kapowai Bay (D'urville Island)"
"18440","Closest",7362753,36,"Kapowai Bay (D'urville Island)"
"18441","Closest",7364379,9,"Ngakuta Bay"
"18442","Closest",7369819,36,"Kapowai Bay (D'urville Island)"
"18443","Closest",7369820,36,"Kapowai Bay (D'urville Island)"
"18444","Closest",7375021,9,"Ngakuta Bay"
"18445","Closest",7375022,9,"Ngakuta Bay"
"18446","Closest",7381511,7,"Grove Point/Arm Jetty"
"18447","Closest",7381512,7,"Grove Point/Arm Jetty"
"18448","Closest",7383415,39,"Elaine Bay Boat Ramp"
"18449","Closest",7383416,39,"Elaine Bay Boat Ramp"
"18450","Closest",7383417,39,"Elaine Bay Boat Ramp"
"18451","Closest",7383418,39,"Elaine Bay Boat Ramp"
"18452","Closest",7383419,39,"Elaine Bay Boat Ramp"
"18453","Closest",7383420,39,"Elaine Bay Boat Ramp"
"18454","Closest",7383421,39,"Elaine Bay Boat Ramp"
"18455","Closest",7383422,39,"Elaine Bay Boat Ramp"
"18456","Closest",7383693,12,"Oyster Bay"
"18457","Closest",7385317,7,"Grove Point/Arm Jetty"
"18458","Closest",7385318,7,"Grove Point/Arm Jetty"
"18459","Closest",7385319,7,"Grove Point/Arm Jetty"
"18460","Closest",7385320,7,"Grove Point/Arm Jetty"
"18461","Closest",7385321,7,"Grove Point/Arm Jetty"
"18462","Closest",7385322,7,"Grove Point/Arm Jetty"
"18463","Closest",7387510,9,"Ngakuta Bay"
"18464","Closest",7387511,9,"Ngakuta Bay"
"18465","Closest",7388686,9,"Ngakuta Bay"
"18466","Closest",7388687,9,"Ngakuta Bay"
"18467","Closest",7388688,9,"Ngakuta Bay"
"18468","Closest",7389405,7,"Grove Point/Arm Jetty"
"18469","Closest",7393281,21,"Willow Bay"
"18470","Closest",7400190,27,"Sandy Bay"
"18471","Closest",7403985,36,"Kapowai Bay (D'urville Island)"
"18472","Closest",7405567,41,"Okiwi Bay"
"18473","Closest",7410414,7,"Grove Point/Arm Jetty"
"18474","Closest",7410415,7,"Grove Point/Arm Jetty"
"18475","Closest",7411115,15,"Portage Bay"
"18476","Closest",7411116,15,"Portage Bay"
"18477","Closest",7411268,12,"Oyster Bay"
"18478","Closest",7411269,12,"Oyster Bay"
"18479","Closest",7412951,7,"Grove Point/Arm Jetty"
"18480","Closest",7412953,7,"Grove Point/Arm Jetty"
"18481","Closest",7415172,7,"Grove Point/Arm Jetty"
"18482","Closest",7415173,7,"Grove Point/Arm Jetty"
"18483","Closest",7415540,35,"Elmslie Bay (French Pass)"
"18484","Closest",7417243,7,"Grove Point/Arm Jetty"
"18485","Closest",7417244,7,"Grove Point/Arm Jetty"
"18486","Closest",7417766,9,"Ngakuta Bay"
"18487","Closest",7418124,9,"Ngakuta Bay"
"18488","Closest",7418125,9,"Ngakuta Bay"
"18489","Closest",7421021,7,"Grove Point/Arm Jetty"
"18490","Closest",7421022,7,"Grove Point/Arm Jetty"
"18491","Closest",7421153,21,"Willow Bay"
"18492","Closest",7421154,21,"Willow Bay"
"18493","Closest",7421155,21,"Willow Bay"
"18494","Closest",7421156,21,"Willow Bay"
"18495","Closest",7421157,21,"Willow Bay"
"18496","Closest",7423346,11,"Punga Cove"
"18497","Closest",7423347,11,"Punga Cove"
"18498","Closest",7424082,7,"Grove Point/Arm Jetty"
"18499","Closest",7437713,32,"Duncan Bay"
"18500","Closest",7437714,32,"Duncan Bay"
"18501","Closest",7437715,32,"Duncan Bay"
"18502","Closest",7445887,9,"Ngakuta Bay"
"18503","Closest",7445888,9,"Ngakuta Bay"
"18504","Closest",7449067,17,"Kaiuma Bay"
"18505","Closest",7449068,7,"Grove Point/Arm Jetty"
"18506","Closest",7449069,17,"Kaiuma Bay"
"18507","Closest",7449070,17,"Kaiuma Bay"
"18508","Closest",7449182,13,"Hakana Bay"
"18509","Closest",7449184,13,"Hakana Bay"
"18510","Closest",7450726,9,"Ngakuta Bay"
"18511","Closest",7450727,9,"Ngakuta Bay"
"18512","Closest",7450728,9,"Ngakuta Bay"
"18513","Closest",7451080,9,"Ngakuta Bay"
"18514","Closest",7451081,9,"Ngakuta Bay"
"18515","Closest",7452634,11,"Punga Cove"
"18516","Closest",7452635,11,"Punga Cove"
"18517","Closest",7452636,11,"Punga Cove"
"18518","Closest",7452637,11,"Punga Cove"
"18519","Closest",7452638,11,"Punga Cove"
"18520","Closest",7452639,11,"Punga Cove"
"18521","Closest",7452640,11,"Punga Cove"
"18522","Closest",7452641,11,"Punga Cove"
"18523","Closest",7452642,11,"Punga Cove"
"18524","Closest",7452643,11,"Punga Cove"
"18525","Closest",7452644,11,"Punga Cove"
"18526","Closest",7452645,11,"Punga Cove"
"18527","Closest",7452646,11,"Punga Cove"
"18528","Closest",7452647,11,"Punga Cove"
"18529","Closest",7452901,41,"Okiwi Bay"
"18530","Closest",7456729,12,"Oyster Bay"
"18531","Closest",7460279,9,"Ngakuta Bay"
"18532","Closest",7460280,9,"Ngakuta Bay"
"18533","Closest",7460281,9,"Ngakuta Bay"
"18534","Closest",7460539,11,"Punga Cove"
"18535","Closest",7460540,11,"Punga Cove"
"18536","Closest",7460541,11,"Punga Cove"
"18537","Closest",7463967,7,"Grove Point/Arm Jetty"
"18538","Closest",7463968,7,"Grove Point/Arm Jetty"
"18539","Closest",7465444,9,"Ngakuta Bay"
"18540","Closest",7465445,9,"Ngakuta Bay"
"18541","Closest",7465683,7,"Grove Point/Arm Jetty"
"18542","Closest",7469035,41,"Okiwi Bay"
"18543","Closest",7469036,41,"Okiwi Bay"
"18544","Closest",7472834,7,"Grove Point/Arm Jetty"
"18545","Closest",7475397,12,"Oyster Bay"
"18546","Closest",7475398,12,"Oyster Bay"
"18547","Closest",7477191,7,"Grove Point/Arm Jetty"
"18548","Closest",7477192,7,"Grove Point/Arm Jetty"
"18549","Closest",7478827,7,"Grove Point/Arm Jetty"
"18550","Closest",7483591,36,"Kapowai Bay (D'urville Island)"
"18551","Closest",7483592,36,"Kapowai Bay (D'urville Island)"
"18552","Closest",7483593,36,"Kapowai Bay (D'urville Island)"
"18553","Closest",7483594,36,"Kapowai Bay (D'urville Island)"
"18554","Closest",7483595,36,"Kapowai Bay (D'urville Island)"
"18555","Closest",7491010,7,"Grove Point/Arm Jetty"
"18556","Closest",7491011,7,"Grove Point/Arm Jetty"
"18557","Closest",7493093,30,"St. Omer Barge Ramp"
"18558","Closest",7493494,25,"Cowshed Bay"
"18559","Closest",7493495,25,"Cowshed Bay"
"18560","Closest",7493496,25,"Cowshed Bay"
"18561","Closest",7495769,29,"Waitaria Bay"
"18562","Closest",7496261,8,"Momorangi Bay"
"18563","Closest",7496262,8,"Momorangi Bay"
"18564","Closest",7502989,9,"Ngakuta Bay"
"18565","Closest",7502990,9,"Ngakuta Bay"
"18566","Closest",7503055,7,"Grove Point/Arm Jetty"
"18567","Closest",7515551,9,"Ngakuta Bay"
"18568","Closest",7515552,9,"Ngakuta Bay"
"18569","Closest",7515557,9,"Ngakuta Bay"
"18570","Closest",7515562,9,"Ngakuta Bay"
"18571","Closest",7515567,9,"Ngakuta Bay"
"18572","Closest",7521725,12,"Oyster Bay"
"18573","Closest",7521726,12,"Oyster Bay"
"18574","Closest",7522478,23,"Te Mahia"
"18575","Closest",7522479,23,"Te Mahia"
"18576","Closest",7524530,7,"Grove Point/Arm Jetty"
"18577","Closest",7524531,7,"Grove Point/Arm Jetty"
"18578","Closest",7524624,24,"Tara Bay"
"18579","Closest",7524625,24,"Tara Bay"
"18580","Closest",7529604,7,"Grove Point/Arm Jetty"
"18581","Closest",7533224,9,"Ngakuta Bay"
"18582","Closest",7533225,9,"Ngakuta Bay"
"18583","Closest",7553550,9,"Ngakuta Bay"
"18584","Closest",7553551,9,"Ngakuta Bay"
"18585","Closest",7553558,9,"Ngakuta Bay"
"18586","Closest",7564402,7,"Grove Point/Arm Jetty"
"18587","Closest",7571629,7,"Grove Point/Arm Jetty"
"18588","Closest",7571816,17,"Kaiuma Bay"
"18589","Closest",7572691,7,"Grove Point/Arm Jetty"
"18590","Closest",7572924,7,"Grove Point/Arm Jetty"
"18591","Closest",7574168,9,"Ngakuta Bay"
"18592","Closest",7574169,9,"Ngakuta Bay"
"18593","Closest",7575594,9,"Ngakuta Bay"
"18594","Closest",7575595,9,"Ngakuta Bay"
"18595","Closest",7580232,12,"Oyster Bay"
"18596","Closest",7581427,9,"Ngakuta Bay"
"18597","Closest",7581429,9,"Ngakuta Bay"
"18598","Closest",7587649,27,"Sandy Bay"
"18599","Closest",7587669,7,"Grove Point/Arm Jetty"
"18600","Closest",7588139,37,"Hamilton Bay (Rocky Creek) Ramp"
"18601","Closest",7588830,21,"Willow Bay"
"18602","Closest",7591556,32,"Duncan Bay"
"18603","Closest",7599793,9,"Ngakuta Bay"
"18604","Closest",7599794,9,"Ngakuta Bay"
"18605","Closest",7600317,7,"Grove Point/Arm Jetty"
"18606","Closest",7600324,7,"Grove Point/Arm Jetty"
"18607","Closest",7610012,13,"Hakana Bay"
"18608","Closest",7610217,13,"Hakana Bay"
"18609","Closest",7610831,12,"Oyster Bay"
"18610","Closest",7613196,9,"Ngakuta Bay"
"18611","Closest",7613197,9,"Ngakuta Bay"
"18612","Closest",7613198,9,"Ngakuta Bay"
"18613","Closest",7617815,9,"Ngakuta Bay"
"18614","Closest",7631461,12,"Oyster Bay"
"18615","Closest",7631462,12,"Oyster Bay"
"18616","Closest",7631463,13,"Hakana Bay"
"18617","Closest",7631470,13,"Hakana Bay"
"18618","Closest",7632258,27,"Sandy Bay"
"18619","Closest",7632259,27,"Sandy Bay"
"18620","Closest",7635707,7,"Grove Point/Arm Jetty"
"18621","Closest",7635708,7,"Grove Point/Arm Jetty"
"18622","Closest",7635709,7,"Grove Point/Arm Jetty"
"18623","Closest",7635710,7,"Grove Point/Arm Jetty"
"18624","Closest",7635725,7,"Grove Point/Arm Jetty"
"18625","Closest",7635726,7,"Grove Point/Arm Jetty"
"18626","Closest",7636697,32,"Duncan Bay"
"18627","Closest",7636698,32,"Duncan Bay"
"18628","Closest",7641196,25,"Cowshed Bay"
"18629","Closest",7641197,25,"Cowshed Bay"
"18630","Closest",7648623,12,"Oyster Bay"
"18631","Closest",7648624,12,"Oyster Bay"
"18632","Closest",7648625,12,"Oyster Bay"
"18633","Closest",7650526,12,"Oyster Bay"
"18634","Closest",7656762,24,"Tara Bay"
"18635","Closest",7656763,24,"Tara Bay"
"18636","Closest",7659728,7,"Grove Point/Arm Jetty"
"18637","Closest",7659729,17,"Kaiuma Bay"
"18638","Closest",7659730,17,"Kaiuma Bay"
"18639","Closest",7659731,17,"Kaiuma Bay"
"18640","Closest",7659732,7,"Grove Point/Arm Jetty"
"18641","Closest",7659734,17,"Kaiuma Bay"
"18642","Closest",7659735,17,"Kaiuma Bay"
"18643","Closest",7659736,7,"Grove Point/Arm Jetty"
"18644","Closest",7671100,9,"Ngakuta Bay"
"18645","Closest",7675631,27,"Sandy Bay"
"18646","Closest",7675632,27,"Sandy Bay"
"18647","Closest",7682779,30,"St. Omer Barge Ramp"
"18648","Closest",7682780,30,"St. Omer Barge Ramp"
"18649","Closest",7685105,21,"Willow Bay"
"18650","Closest",7685106,21,"Willow Bay"
"18651","Closest",7685107,21,"Willow Bay"
"18652","Closest",7685108,21,"Willow Bay"
"18653","Closest",7685109,21,"Willow Bay"
"18654","Closest",7690081,9,"Ngakuta Bay"
"18655","Closest",7690082,9,"Ngakuta Bay"
"18656","Closest",7690092,9,"Ngakuta Bay"
"18657","Closest",7696095,11,"Punga Cove"
"18658","Closest",7696098,11,"Punga Cove"
"18659","Closest",7703850,12,"Oyster Bay"
"18660","Closest",7703851,12,"Oyster Bay"
"18661","Closest",7704587,9,"Ngakuta Bay"
"18662","Closest",7704588,9,"Ngakuta Bay"
"18663","Closest",7704589,9,"Ngakuta Bay"
"18664","Closest",7706329,41,"Okiwi Bay"
"18665","Closest",7706330,41,"Okiwi Bay"
"18666","Closest",7706332,41,"Okiwi Bay"
"18667","Closest",7715924,29,"Waitaria Bay"
"18668","Closest",7715925,29,"Waitaria Bay"
"18669","Closest",7715926,29,"Waitaria Bay"
"18670","Closest",7715927,29,"Waitaria Bay"
"18671","Closest",7715928,29,"Waitaria Bay"
"18672","Closest",7715929,29,"Waitaria Bay"
"18673","Closest",7715930,29,"Waitaria Bay"
"18674","Closest",7715944,29,"Waitaria Bay"
"18675","Closest",7717682,9,"Ngakuta Bay"
"18676","Closest",7722406,9,"Ngakuta Bay"
"18677","Closest",7722407,9,"Ngakuta Bay"
"18678","Closest",7723219,11,"Punga Cove"
"18679","Closest",7723220,11,"Punga Cove"
"18680","Closest",7723301,11,"Punga Cove"
"18681","Closest",7723302,11,"Punga Cove"
"18682","Closest",7731297,9,"Ngakuta Bay"
"18683","Closest",7731298,9,"Ngakuta Bay"
"18684","Closest",7737440,9,"Ngakuta Bay"
"18685","Closest",7737441,9,"Ngakuta Bay"
"18686","Closest",7737442,9,"Ngakuta Bay"
"18687","Closest",7740476,13,"Hakana Bay"
"18688","Closest",7740477,12,"Oyster Bay"
"18689","Closest",7740478,13,"Hakana Bay"
"18690","Closest",7740479,13,"Hakana Bay"
"18691","Closest",7740480,13,"Hakana Bay"
"18692","Closest",7740481,13,"Hakana Bay"
"18693","Closest",7740482,13,"Hakana Bay"
"18694","Closest",7740483,13,"Hakana Bay"
"18695","Closest",7740484,13,"Hakana Bay"
"18696","Closest",7740485,13,"Hakana Bay"
"18697","Closest",7740486,13,"Hakana Bay"
"18698","Closest",7740487,13,"Hakana Bay"
"18699","Closest",7740488,13,"Hakana Bay"
"18700","Closest",7745914,22,"Broughton Bay Road"
"18701","Closest",7745915,22,"Broughton Bay Road"
"18702","Closest",7748745,18,"Moetapu Bay Jetty"
"18703","Closest",7748746,18,"Moetapu Bay Jetty"
"18704","Closest",7749327,12,"Oyster Bay"
"18705","Closest",7749328,12,"Oyster Bay"
"18706","Closest",7749329,12,"Oyster Bay"
"18707","Closest",7749330,12,"Oyster Bay"
"18708","Closest",7749331,12,"Oyster Bay"
"18709","Closest",7749332,12,"Oyster Bay"
"18710","Closest",7749333,12,"Oyster Bay"
"18711","Closest",7749335,12,"Oyster Bay"
"18712","Closest",7749336,12,"Oyster Bay"
"18713","Closest",7749351,12,"Oyster Bay"
"18714","Closest",7755120,37,"Hamilton Bay (Rocky Creek) Ramp"
"18715","Closest",7755121,37,"Hamilton Bay (Rocky Creek) Ramp"
"18716","Closest",7762534,9,"Ngakuta Bay"
"18717","Closest",7762535,9,"Ngakuta Bay"
"18718","Closest",7765269,7,"Grove Point/Arm Jetty"
"18719","Closest",7766239,7,"Grove Point/Arm Jetty"
"18720","Closest",7766247,7,"Grove Point/Arm Jetty"
"18721","Closest",7770034,13,"Hakana Bay"
"18722","Closest",7770035,13,"Hakana Bay"
"18723","Closest",7777437,17,"Kaiuma Bay"
"18724","Closest",7777438,17,"Kaiuma Bay"
"18725","Closest",7779338,7,"Grove Point/Arm Jetty"
"18726","Closest",7779339,7,"Grove Point/Arm Jetty"
"18727","Closest",7779340,7,"Grove Point/Arm Jetty"
"18728","Closest",7779341,7,"Grove Point/Arm Jetty"
"18729","Closest",7779342,7,"Grove Point/Arm Jetty"
"18730","Closest",7779343,7,"Grove Point/Arm Jetty"
"18731","Closest",7779855,9,"Ngakuta Bay"
"18732","Closest",7779856,9,"Ngakuta Bay"
"18733","Closest",7787733,38,"Bulwer Bay"
"18734","Closest",7787734,38,"Bulwer Bay"
"18735","Closest",7788715,9,"Ngakuta Bay"
"18736","Closest",7788716,9,"Ngakuta Bay"
"18737","Closest",7792659,24,"Tara Bay"
"18738","Closest",7792660,24,"Tara Bay"
"18739","Closest",7792661,24,"Tara Bay"
"18740","Closest",7794718,38,"Bulwer Bay"
"18741","Closest",7794719,38,"Bulwer Bay"
"18742","Closest",7795767,31,"Double Bay"
"18743","Closest",7795768,31,"Double Bay"
"18744","Closest",7805443,29,"Waitaria Bay"
"18745","Closest",7805444,29,"Waitaria Bay"
"18746","Closest",7817871,37,"Hamilton Bay (Rocky Creek) Ramp"
"18747","Closest",7817872,37,"Hamilton Bay (Rocky Creek) Ramp"
"18748","Closest",7817873,37,"Hamilton Bay (Rocky Creek) Ramp"
"18749","Closest",7818381,9,"Ngakuta Bay"
"18750","Closest",7818382,9,"Ngakuta Bay"
"18751","Closest",7819570,9,"Ngakuta Bay"
"18752","Closest",7819571,9,"Ngakuta Bay"
"18753","Closest",7820340,39,"Elaine Bay Boat Ramp"
"18754","Closest",7820341,39,"Elaine Bay Boat Ramp"
"18755","Closest",7820787,9,"Ngakuta Bay"
"18756","Closest",7820792,9,"Ngakuta Bay"
"18757","Closest",7820793,9,"Ngakuta Bay"
"18758","Closest",7826191,7,"Grove Point/Arm Jetty"
"18759","Closest",7826192,7,"Grove Point/Arm Jetty"
"18760","Closest",7833136,29,"Waitaria Bay"
"18761","Closest",7833137,29,"Waitaria Bay"
"18762","Closest",7833138,29,"Waitaria Bay"
"18763","Closest",7833141,29,"Waitaria Bay"
"18764","Closest",7833142,29,"Waitaria Bay"
"18765","Closest",7833143,29,"Waitaria Bay"
"18766","Closest",7844302,11,"Punga Cove"
"18767","Closest",7845863,11,"Punga Cove"
"18768","Closest",7855971,33,"Penzance Bay"
"18769","Closest",7855972,33,"Penzance Bay"
"18770","Closest",7856256,12,"Oyster Bay"
"18771","Closest",7856257,12,"Oyster Bay"
"18772","Closest",7859684,7,"Grove Point/Arm Jetty"
"18773","Closest",7859685,7,"Grove Point/Arm Jetty"
"18774","Closest",7859686,7,"Grove Point/Arm Jetty"
"18775","Closest",7859687,7,"Grove Point/Arm Jetty"
"18776","Closest",7859688,7,"Grove Point/Arm Jetty"
"18777","Closest",7859689,7,"Grove Point/Arm Jetty"
"18778","Closest",7868225,40,"Titirangi Bay"
"18779","Closest",7868226,40,"Titirangi Bay"
"18780","Closest",7868227,40,"Titirangi Bay"
"18781","Closest",7868228,40,"Titirangi Bay"
"18782","Closest",7868229,40,"Titirangi Bay"
"18783","Closest",7870046,11,"Punga Cove"
"18784","Closest",7870047,11,"Punga Cove"
"18785","Closest",7870048,11,"Punga Cove"
"18786","Closest",7870049,11,"Punga Cove"
"18787","Closest",7870050,11,"Punga Cove"
"18788","Closest",7871055,9,"Ngakuta Bay"
"18789","Closest",7871056,9,"Ngakuta Bay"
"18790","Closest",7877639,41,"Okiwi Bay"
"18791","Closest",7877640,41,"Okiwi Bay"
"18792","Closest",7878619,17,"Kaiuma Bay"
"18793","Closest",7881038,28,"Fish Bay Ramp"
"18794","Closest",7881039,28,"Fish Bay Ramp"
"18795","Closest",7881040,28,"Fish Bay Ramp"
"18796","Closest",7881041,28,"Fish Bay Ramp"
"18797","Closest",7881043,28,"Fish Bay Ramp"
"18798","Closest",7881044,28,"Fish Bay Ramp"
"18799","Closest",7896939,9,"Ngakuta Bay"
"18800","Closest",7896940,9,"Ngakuta Bay"
"18801","Closest",7907065,36,"Kapowai Bay (D'urville Island)"
"18802","Closest",7907066,36,"Kapowai Bay (D'urville Island)"
"18803","Closest",7907067,36,"Kapowai Bay (D'urville Island)"
"18804","Closest",7911629,16,"Torea Bay"
"18805","Closest",7911630,16,"Torea Bay"
"18806","Closest",7934801,21,"Willow Bay"
"18807","Closest",7934802,21,"Willow Bay"
"18808","Closest",7934803,21,"Willow Bay"
"18809","Closest",7934804,21,"Willow Bay"
"18810","Closest",7934805,21,"Willow Bay"
"18811","Closest",7934806,21,"Willow Bay"
"18812","Closest",7934807,21,"Willow Bay"
"18813","Closest",7934808,21,"Willow Bay"
"18814","Closest",7934809,21,"Willow Bay"
"18815","Closest",7941212,17,"Kaiuma Bay"
"18816","Closest",7941213,17,"Kaiuma Bay"
"18817","Closest",7941214,17,"Kaiuma Bay"
"18818","Closest",7941215,17,"Kaiuma Bay"
"18819","Closest",7941216,17,"Kaiuma Bay"
"18820","Closest",7941217,17,"Kaiuma Bay"
"18821","Closest",7941218,17,"Kaiuma Bay"
"18822","Closest",7941219,17,"Kaiuma Bay"
"18823","Closest",7941220,17,"Kaiuma Bay"
"18824","Closest",7941221,17,"Kaiuma Bay"
"18825","Closest",7941222,17,"Kaiuma Bay"
"18826","Closest",7941223,17,"Kaiuma Bay"
"18827","Closest",7941224,17,"Kaiuma Bay"
"18828","Closest",7941225,17,"Kaiuma Bay"
"18829","Closest",7941226,17,"Kaiuma Bay"
"18830","Closest",7941227,17,"Kaiuma Bay"
"18831","Closest",7941228,17,"Kaiuma Bay"
"18832","Closest",7941230,17,"Kaiuma Bay"
"18833","Closest",7941231,17,"Kaiuma Bay"
"18834","Closest",7958897,36,"Kapowai Bay (D'urville Island)"
"18835","Closest",7958898,36,"Kapowai Bay (D'urville Island)"
"18836","Closest",7966652,6,"Anakiwa"
"18837","Closest",7966653,6,"Anakiwa"
"18838","Closest",7967999,9,"Ngakuta Bay"
"18839","Closest",7968000,9,"Ngakuta Bay"
"18840","Closest",7971524,39,"Elaine Bay Boat Ramp"
"18841","Closest",7971525,39,"Elaine Bay Boat Ramp"
"18842","Closest",7974265,23,"Te Mahia"
"18843","Closest",7974266,23,"Te Mahia"
"18844","Closest",7979487,7,"Grove Point/Arm Jetty"
"18845","Closest",7979488,7,"Grove Point/Arm Jetty"
"18846","Closest",7979489,7,"Grove Point/Arm Jetty"
"18847","Closest",7979491,7,"Grove Point/Arm Jetty"
"18848","Closest",7979492,7,"Grove Point/Arm Jetty"
"18849","Closest",7979493,7,"Grove Point/Arm Jetty"
"18850","Closest",7979494,7,"Grove Point/Arm Jetty"
"18851","Closest",7979495,7,"Grove Point/Arm Jetty"
"18852","Closest",7979496,7,"Grove Point/Arm Jetty"
"18853","Closest",7979497,7,"Grove Point/Arm Jetty"
"18854","Closest",7981597,14,"Elaine Bay"
"18855","Closest",7981598,14,"Elaine Bay"
"18856","Closest",7984138,17,"Kaiuma Bay"
"18857","Closest",7984139,17,"Kaiuma Bay"
"18858","Closest",7986758,29,"Waitaria Bay"
"18859","Closest",7990351,17,"Kaiuma Bay"
"18860","Closest",7990352,17,"Kaiuma Bay"
"18861","Closest",7991553,9,"Ngakuta Bay"
"18862","Closest",7991554,9,"Ngakuta Bay"
"18863","Closest",7991555,9,"Ngakuta Bay"
"18864","Closest",7991596,9,"Ngakuta Bay"
"18865","Closest",7998028,9,"Ngakuta Bay"
"18866","Closest",7998029,9,"Ngakuta Bay"
"18867","Closest",8000240,9,"Ngakuta Bay"
"18868","Closest",8000241,9,"Ngakuta Bay"
"18869","Closest",8000242,9,"Ngakuta Bay"
"18870","Closest",8001831,30,"St. Omer Barge Ramp"
"18871","Closest",8001832,30,"St. Omer Barge Ramp"
"18872","Closest",8004025,7,"Grove Point/Arm Jetty"
"18873","Closest",8004027,7,"Grove Point/Arm Jetty"
"18874","Closest",8005893,9,"Ngakuta Bay"
"18875","Closest",8005894,9,"Ngakuta Bay"
"18876","Closest",8006781,23,"Te Mahia"
"18877","Closest",8007421,7,"Grove Point/Arm Jetty"
"18878","Closest",8007422,7,"Grove Point/Arm Jetty"
"18879","Closest",8009659,9,"Ngakuta Bay"
"18880","Closest",8009660,9,"Ngakuta Bay"
"18881","Closest",8018203,17,"Kaiuma Bay"
"18882","Closest",8018207,7,"Grove Point/Arm Jetty"
"18883","Closest",8018208,17,"Kaiuma Bay"
"18884","Closest",8018209,17,"Kaiuma Bay"
"18885","Closest",8028470,35,"Elmslie Bay (French Pass)"
"18886","Closest",8028471,35,"Elmslie Bay (French Pass)"
"18887","Closest",8030492,37,"Hamilton Bay (Rocky Creek) Ramp"
"18888","Closest",8035355,9,"Ngakuta Bay"
"18889","Closest",8035356,9,"Ngakuta Bay"
"18890","Closest",8042259,9,"Ngakuta Bay"
"18891","Closest",8042260,9,"Ngakuta Bay"
"18892","Closest",8044962,9,"Ngakuta Bay"
"18893","Closest",8044963,9,"Ngakuta Bay"
"18894","Closest",8044964,9,"Ngakuta Bay"
"18895","Closest",8044965,9,"Ngakuta Bay"
"18896","Closest",8044966,9,"Ngakuta Bay"
"18897","Closest",8044967,9,"Ngakuta Bay"
"18898","Closest",8044968,9,"Ngakuta Bay"
"18899","Closest",8056707,7,"Grove Point/Arm Jetty"
"18900","Closest",8056708,7,"Grove Point/Arm Jetty"
"18901","Closest",8056711,7,"Grove Point/Arm Jetty"
"18902","Closest",8059442,9,"Ngakuta Bay"
"18903","Closest",8059664,7,"Grove Point/Arm Jetty"
"18904","Closest",8077779,13,"Hakana Bay"
"18905","Closest",8077784,13,"Hakana Bay"
"18906","Closest",8083713,37,"Hamilton Bay (Rocky Creek) Ramp"
"18907","Closest",8083714,37,"Hamilton Bay (Rocky Creek) Ramp"
"18908","Closest",8085602,17,"Kaiuma Bay"
"18909","Closest",8085603,7,"Grove Point/Arm Jetty"
"18910","Closest",8085612,7,"Grove Point/Arm Jetty"
"18911","Closest",8085997,12,"Oyster Bay"
"18912","Closest",8085998,12,"Oyster Bay"
"18913","Closest",8093957,9,"Ngakuta Bay"
"18914","Closest",8093958,9,"Ngakuta Bay"
"18915","Closest",8097638,7,"Grove Point/Arm Jetty"
"18916","Closest",8103619,7,"Grove Point/Arm Jetty"
"18917","Closest",8103620,7,"Grove Point/Arm Jetty"
"18918","Closest",8107418,17,"Kaiuma Bay"
"18919","Closest",8110295,31,"Double Bay"
"18920","Closest",8110299,31,"Double Bay"
"18921","Closest",8110300,31,"Double Bay"
"18922","Closest",8115677,27,"Sandy Bay"
"18923","Closest",8115678,27,"Sandy Bay"
"18924","Closest",8134330,9,"Ngakuta Bay"
"18925","Closest",8134331,9,"Ngakuta Bay"
"18926","Closest",8135378,9,"Ngakuta Bay"
"18927","Closest",8136004,27,"Sandy Bay"
"18928","Closest",8145926,11,"Punga Cove"
"18929","Closest",8145936,11,"Punga Cove"
"18930","Closest",8155881,7,"Grove Point/Arm Jetty"
"18931","Closest",8155882,7,"Grove Point/Arm Jetty"
"18932","Closest",8160427,17,"Kaiuma Bay"
"18933","Closest",8160488,17,"Kaiuma Bay"
"18934","Closest",8160491,17,"Kaiuma Bay"
"18935","Closest",8160493,17,"Kaiuma Bay"
"18936","Closest",8163702,9,"Ngakuta Bay"
"18937","Closest",8163703,9,"Ngakuta Bay"
"18938","Closest",8174433,7,"Grove Point/Arm Jetty"
"18939","Closest",8174434,7,"Grove Point/Arm Jetty"
"18940","Closest",8174435,7,"Grove Point/Arm Jetty"
"18941","Closest",8175478,21,"Willow Bay"
"18942","Closest",8175479,21,"Willow Bay"
"18943","Closest",8176626,9,"Ngakuta Bay"
"18944","Closest",8176627,9,"Ngakuta Bay"
"18945","Closest",8176628,9,"Ngakuta Bay"
"18946","Closest",8176629,9,"Ngakuta Bay"
"18947","Closest",8176630,9,"Ngakuta Bay"
"18948","Closest",8176631,9,"Ngakuta Bay"
"18949","Closest",8178190,12,"Oyster Bay"
"18950","Closest",8178191,12,"Oyster Bay"
"18951","Closest",8201712,12,"Oyster Bay"
"18952","Closest",8201713,12,"Oyster Bay"
"18953","Closest",8205844,30,"St. Omer Barge Ramp"
"18954","Closest",8205845,30,"St. Omer Barge Ramp"
"18955","Closest",8206448,11,"Punga Cove"
"18956","Closest",8206449,11,"Punga Cove"
"18957","Closest",8213185,9,"Ngakuta Bay"
"18958","Closest",8213186,9,"Ngakuta Bay"
"18959","Closest",8214885,9,"Ngakuta Bay"
"18960","Closest",8214886,9,"Ngakuta Bay"
"18961","Closest",8215528,41,"Okiwi Bay"
"18962","Closest",8215543,41,"Okiwi Bay"
"18963","Closest",8220008,9,"Ngakuta Bay"
"18964","Closest",8220009,9,"Ngakuta Bay"
"18965","Closest",8220825,29,"Waitaria Bay"
"18966","Closest",8220826,29,"Waitaria Bay"
"18967","Closest",8221792,9,"Ngakuta Bay"
"18968","Closest",8221793,9,"Ngakuta Bay"
"18969","Closest",8221898,9,"Ngakuta Bay"
"18970","Closest",8221899,9,"Ngakuta Bay"
"18971","Closest",8222502,6,"Anakiwa"
"18972","Closest",8222503,6,"Anakiwa"
"18973","Closest",8222504,6,"Anakiwa"
"18974","Closest",8227904,7,"Grove Point/Arm Jetty"
"18975","Closest",8227905,7,"Grove Point/Arm Jetty"
"18976","Closest",8238750,36,"Kapowai Bay (D'urville Island)"
"18977","Closest",8238751,36,"Kapowai Bay (D'urville Island)"
"18978","Closest",8241488,9,"Ngakuta Bay"
"18979","Closest",8241489,9,"Ngakuta Bay"
"18980","Closest",8241604,15,"Portage Bay"
"18981","Closest",8241605,15,"Portage Bay"
"18982","Closest",8244840,7,"Grove Point/Arm Jetty"
"18983","Closest",8244841,7,"Grove Point/Arm Jetty"
"18984","Closest",8244842,7,"Grove Point/Arm Jetty"
"18985","Closest",8249877,9,"Ngakuta Bay"
"18986","Closest",8249878,9,"Ngakuta Bay"
"18987","Closest",8263832,7,"Grove Point/Arm Jetty"
"18988","Closest",8263833,7,"Grove Point/Arm Jetty"
"18989","Closest",8263834,7,"Grove Point/Arm Jetty"
"18990","Closest",8265640,33,"Penzance Bay"
"18991","Closest",8265643,33,"Penzance Bay"
"18992","Closest",8265644,33,"Penzance Bay"
"18993","Closest",8265645,33,"Penzance Bay"
"18994","Closest",8265646,33,"Penzance Bay"
"18995","Closest",8269239,35,"Elmslie Bay (French Pass)"
"18996","Closest",8269240,35,"Elmslie Bay (French Pass)"
"18997","Closest",8269241,35,"Elmslie Bay (French Pass)"
"18998","Closest",8269242,35,"Elmslie Bay (French Pass)"
"18999","Closest",8269740,41,"Okiwi Bay"
"19000","Closest",8269741,41,"Okiwi Bay"
"19001","Closest",8269745,41,"Okiwi Bay"
"19002","Closest",8271883,11,"Punga Cove"
"19003","Closest",8271884,11,"Punga Cove"
"19004","Closest",8274859,7,"Grove Point/Arm Jetty"
"19005","Closest",8274860,7,"Grove Point/Arm Jetty"
"19006","Closest",8274861,7,"Grove Point/Arm Jetty"
"19007","Closest",8274862,7,"Grove Point/Arm Jetty"
"19008","Closest",8279173,6,"Anakiwa"
"19009","Closest",8279174,6,"Anakiwa"
"19010","Closest",8279176,6,"Anakiwa"
"19011","Closest",8279177,6,"Anakiwa"
"19012","Closest",8279178,6,"Anakiwa"
"19013","Closest",8286372,9,"Ngakuta Bay"
"19014","Closest",8297906,9,"Ngakuta Bay"
"19015","Closest",8297907,9,"Ngakuta Bay"
"19016","Closest",8298225,30,"St. Omer Barge Ramp"
"19017","Closest",8298226,30,"St. Omer Barge Ramp"
"19018","Closest",8310263,9,"Ngakuta Bay"
"19019","Closest",8310264,9,"Ngakuta Bay"
"19020","Closest",8312638,7,"Grove Point/Arm Jetty"
"19021","Closest",8312639,7,"Grove Point/Arm Jetty"
"19022","Closest",8312640,7,"Grove Point/Arm Jetty"
"19023","Closest",8337037,7,"Grove Point/Arm Jetty"
"19024","Closest",8337038,7,"Grove Point/Arm Jetty"
"19025","Closest",8342047,9,"Ngakuta Bay"
"19026","Closest",8342048,9,"Ngakuta Bay"
"19027","Closest",8363757,41,"Okiwi Bay"
"19028","Closest",8365611,9,"Ngakuta Bay"
"19029","Closest",8365612,9,"Ngakuta Bay"
"19030","Closest",8366977,9,"Ngakuta Bay"
"19031","Closest",8366978,9,"Ngakuta Bay"
"19032","Closest",8376903,41,"Okiwi Bay"
"19033","Closest",8376904,41,"Okiwi Bay"
"19034","Closest",8376906,41,"Okiwi Bay"
"19035","Closest",8376907,41,"Okiwi Bay"
"19036","Closest",8380444,37,"Hamilton Bay (Rocky Creek) Ramp"
"19037","Closest",8380445,37,"Hamilton Bay (Rocky Creek) Ramp"
"19038","Closest",8411098,32,"Duncan Bay"
"19039","Closest",8411099,32,"Duncan Bay"
"19040","Closest",8411100,32,"Duncan Bay"
"19041","Closest",8411101,32,"Duncan Bay"
"19042","Closest",8411102,33,"Penzance Bay"
"19043","Closest",8411103,33,"Penzance Bay"
"19044","Closest",8411110,32,"Duncan Bay"
"19045","Closest",8411111,32,"Duncan Bay"
"19046","Closest",8427831,9,"Ngakuta Bay"
"19047","Closest",8427833,9,"Ngakuta Bay"
"19048","Closest",8427834,9,"Ngakuta Bay"
"19049","Closest",8434021,39,"Elaine Bay Boat Ramp"
"19050","Closest",8434023,39,"Elaine Bay Boat Ramp"
"19051","Closest",8437772,9,"Ngakuta Bay"
"19052","Closest",8437773,9,"Ngakuta Bay"
"19053","Closest",8449869,30,"St. Omer Barge Ramp"
"19054","Closest",8449870,30,"St. Omer Barge Ramp"
"19055","Closest",8449871,30,"St. Omer Barge Ramp"
"19056","Closest",8449872,30,"St. Omer Barge Ramp"
"19057","Closest",8449873,30,"St. Omer Barge Ramp"
"19058","Closest",8449874,29,"Waitaria Bay"
"19059","Closest",8449875,30,"St. Omer Barge Ramp"
"19060","Closest",8449876,30,"St. Omer Barge Ramp"
"19061","Closest",8452548,7,"Grove Point/Arm Jetty"
"19062","Closest",8452549,8,"Momorangi Bay"
"19063","Closest",8455540,9,"Ngakuta Bay"
"19064","Closest",8455541,9,"Ngakuta Bay"
"19065","Closest",8455542,9,"Ngakuta Bay"
"19066","Closest",8455543,9,"Ngakuta Bay"
"19067","Closest",8455544,9,"Ngakuta Bay"
"19068","Closest",8455545,9,"Ngakuta Bay"
"19069","Closest",8455546,9,"Ngakuta Bay"
"19070","Closest",8455547,9,"Ngakuta Bay"
"19071","Closest",8455548,9,"Ngakuta Bay"
"19072","Closest",8455549,9,"Ngakuta Bay"
"19073","Closest",8455550,9,"Ngakuta Bay"
"19074","Closest",8455551,9,"Ngakuta Bay"
"19075","Closest",8463903,7,"Grove Point/Arm Jetty"
"19076","Closest",8468254,41,"Okiwi Bay"
"19077","Closest",8480857,31,"Double Bay"
"19078","Closest",8480858,31,"Double Bay"
"19079","Closest",8504651,41,"Okiwi Bay"
"19080","Closest",8505306,30,"St. Omer Barge Ramp"
"19081","Closest",8506773,7,"Grove Point/Arm Jetty"
"19082","Closest",8508113,7,"Grove Point/Arm Jetty"
"19083","Closest",8514663,9,"Ngakuta Bay"
"19084","Closest",8514664,9,"Ngakuta Bay"
"19085","Closest",8523558,9,"Ngakuta Bay"
"19086","Closest",8523564,9,"Ngakuta Bay"
"19087","Closest",8523565,9,"Ngakuta Bay"
"19088","Closest",8523718,29,"Waitaria Bay"
"19089","Closest",8523720,29,"Waitaria Bay"
"19090","Closest",8553583,17,"Kaiuma Bay"
"19091","Closest",8553584,17,"Kaiuma Bay"
"19092","Closest",8553585,17,"Kaiuma Bay"
"19093","Closest",8553586,17,"Kaiuma Bay"
"19094","Closest",8553587,17,"Kaiuma Bay"
"19095","Closest",8553590,17,"Kaiuma Bay"
"19096","Closest",8554704,7,"Grove Point/Arm Jetty"
"19097","Closest",8554705,7,"Grove Point/Arm Jetty"
"19098","Closest",8555621,7,"Grove Point/Arm Jetty"
"19099","Closest",8568336,32,"Duncan Bay"
"19100","Closest",8575660,17,"Kaiuma Bay"
"19101","Closest",8577185,7,"Grove Point/Arm Jetty"
"19102","Closest",8577186,7,"Grove Point/Arm Jetty"
"19103","Closest",8577385,41,"Okiwi Bay"
"19104","Closest",8580789,7,"Grove Point/Arm Jetty"
"19105","Closest",8580790,7,"Grove Point/Arm Jetty"
"19106","Closest",8586715,7,"Grove Point/Arm Jetty"
"19107","Closest",8596764,9,"Ngakuta Bay"
"19108","Closest",8596765,9,"Ngakuta Bay"
"19109","Closest",8600714,41,"Okiwi Bay"
"19110","Closest",8600715,41,"Okiwi Bay"
"19111","Closest",8600716,41,"Okiwi Bay"
"19112","Closest",8600720,41,"Okiwi Bay"
"19113","Closest",8600721,41,"Okiwi Bay"
"19114","Closest",8600722,41,"Okiwi Bay"
"19115","Closest",8600724,41,"Okiwi Bay"
"19116","Closest",8600748,41,"Okiwi Bay"
"19117","Closest",8606128,27,"Sandy Bay"
"19118","Closest",8606129,27,"Sandy Bay"
"19119","Closest",8627601,9,"Ngakuta Bay"
"19120","Closest",8627602,9,"Ngakuta Bay"
"19121","Closest",8628707,16,"Torea Bay"
"19122","Closest",8628708,16,"Torea Bay"
"19123","Closest",8637246,32,"Duncan Bay"
"19124","Closest",8637247,32,"Duncan Bay"
"19125","Closest",8640517,7,"Grove Point/Arm Jetty"
"19126","Closest",8640518,7,"Grove Point/Arm Jetty"
"19127","Closest",8642735,9,"Ngakuta Bay"
"19128","Closest",8642736,9,"Ngakuta Bay"
"19129","Closest",8646316,7,"Grove Point/Arm Jetty"
"19130","Closest",8646317,7,"Grove Point/Arm Jetty"
"19131","Closest",8650724,7,"Grove Point/Arm Jetty"
"19132","Closest",8650725,7,"Grove Point/Arm Jetty"
"19133","Closest",8657874,7,"Grove Point/Arm Jetty"
"19134","Closest",8657876,7,"Grove Point/Arm Jetty"
"19135","Closest",8666557,38,"Bulwer Bay"
"19136","Closest",8666558,38,"Bulwer Bay"
"19137","Closest",8672110,7,"Grove Point/Arm Jetty"
"19138","Closest",8678761,7,"Grove Point/Arm Jetty"
"19139","Closest",8696297,7,"Grove Point/Arm Jetty"
"19140","Closest",8696298,7,"Grove Point/Arm Jetty"
"19141","Closest",8697814,7,"Grove Point/Arm Jetty"
"19142","Closest",8697815,7,"Grove Point/Arm Jetty"
"19143","Closest",8699044,9,"Ngakuta Bay"
"19144","Closest",8702775,7,"Grove Point/Arm Jetty"
"19145","Closest",8702776,7,"Grove Point/Arm Jetty"
"19146","Closest",8702777,7,"Grove Point/Arm Jetty"
"19147","Closest",8702778,7,"Grove Point/Arm Jetty"
"19148","Closest",8702779,7,"Grove Point/Arm Jetty"
"19149","Closest",8702788,7,"Grove Point/Arm Jetty"
"19150","Closest",8703511,41,"Okiwi Bay"
"19151","Closest",8703512,41,"Okiwi Bay"
"19152","Closest",8715736,7,"Grove Point/Arm Jetty"
"19153","Closest",8715737,7,"Grove Point/Arm Jetty"
"19154","Closest",8721451,29,"Waitaria Bay"
"19155","Closest",8721452,29,"Waitaria Bay"
"19156","Closest",8727813,18,"Moetapu Bay Jetty"
"19157","Closest",8749273,30,"St. Omer Barge Ramp"
"19158","Closest",8755623,41,"Okiwi Bay"
"19159","Closest",8755624,41,"Okiwi Bay"
"19160","Closest",8755633,41,"Okiwi Bay"
"19161","Closest",8755634,41,"Okiwi Bay"
"19162","Closest",8755635,41,"Okiwi Bay"
"19163","Closest",8755636,41,"Okiwi Bay"
"19164","Closest",8755638,41,"Okiwi Bay"
"19165","Closest",8755639,41,"Okiwi Bay"
"19166","Closest",8758034,24,"Tara Bay"
"19167","Closest",8758035,24,"Tara Bay"
"19168","Closest",8765685,7,"Grove Point/Arm Jetty"
"19169","Closest",8765686,7,"Grove Point/Arm Jetty"
"19170","Closest",8771491,7,"Grove Point/Arm Jetty"
"19171","Closest",8771492,7,"Grove Point/Arm Jetty"
"19172","Closest",8784303,29,"Waitaria Bay"
"19173","Closest",8784304,29,"Waitaria Bay"
"19174","Closest",8789208,39,"Elaine Bay Boat Ramp"
"19175","Closest",8793584,9,"Ngakuta Bay"
"19176","Closest",8793585,9,"Ngakuta Bay"
"19177","Closest",8798850,9,"Ngakuta Bay"
"19178","Closest",8807106,9,"Ngakuta Bay"
"19179","Closest",8807107,9,"Ngakuta Bay"
"19180","Closest",8816951,6,"Anakiwa"
"19181","Closest",8816952,6,"Anakiwa"
"19182","Closest",8837199,27,"Sandy Bay"
"19183","Closest",8837200,27,"Sandy Bay"
"19184","Closest",8845649,7,"Grove Point/Arm Jetty"
"19185","Closest",8845650,7,"Grove Point/Arm Jetty"
"19186","Closest",8852535,12,"Oyster Bay"
"19187","Closest",8852536,12,"Oyster Bay"
"19188","Closest",8852853,9,"Ngakuta Bay"
"19189","Closest",8852854,9,"Ngakuta Bay"
"19190","Closest",8856305,41,"Okiwi Bay"
"19191","Closest",8858707,41,"Okiwi Bay"
"19192","Closest",8865915,7,"Grove Point/Arm Jetty"
"19193","Closest",8865924,7,"Grove Point/Arm Jetty"
"19194","Closest",8866123,7,"Grove Point/Arm Jetty"
"19195","Closest",8866124,7,"Grove Point/Arm Jetty"
"19196","Closest",8879148,27,"Sandy Bay"
"19197","Closest",8879149,27,"Sandy Bay"
"19198","Closest",8879150,27,"Sandy Bay"
"19199","Closest",8887542,7,"Grove Point/Arm Jetty"
"19200","Closest",8887543,7,"Grove Point/Arm Jetty"
"19201","Closest",8887544,7,"Grove Point/Arm Jetty"
"19202","Closest",8887545,7,"Grove Point/Arm Jetty"
"19203","Closest",8889202,27,"Sandy Bay"
"19204","Closest",8889203,27,"Sandy Bay"
"19205","Closest",8911865,23,"Te Mahia"
"19206","Closest",8911867,23,"Te Mahia"
"19207","Closest",8911870,23,"Te Mahia"
