{"type":"FeatureCollection","features":[{"type":"Feature","properties":{"road_id":1157,"road_name":"WAIOMATATINI ROAD","bridge_name":"MANGAKINO 1551","start_m":817,"end_m":834,"lanes":2,"asset_id":1,"age":87,"rul":23,"culvert":false},"geometry":{"type":"Point","coordinates":[178.3063713,-37.900331]}},{"type":"Feature","properties":{"road_id":1476,"road_name":"O REGAN ROAD","bridge_name":"TAURANGA KAUTUKU","start_m":10,"end_m":48,"lanes":1,"asset_id":10,"age":51,"rul":44,"culvert":false},"geometry":{"type":"Point","coordinates":[178.2503813,-37.7356434]}},{"type":"Feature","properties":{"road_id":1043,"road_name":"MARAEHARA VALLEY ROAD","bridge_name":"MANGAMAUKU","start_m":53,"end_m":75,"lanes":1,"asset_id":50,"age":60,"rul":15,"culvert":false},"geometry":{"type":"Point","coordinates":[178.3596152,-37.7299904]}},{"type":"Feature","properties":{"road_id":1074,"road_name":"PAKIRA ROAD","bridge_name":"PAKIRA","start_m":58,"end_m":107,"lanes":1,"asset_id":58,"age":73,"rul":2,"culvert":false},"geometry":{"type":"Point","coordinates":[178.0494145,-37.6951949]}},{"type":"Feature","properties":{"road_id":1035,"road_name":"GOLFCOURSE ROAD","bridge_name":"MAKARIKA 1035","start_m":117,"end_m":136,"lanes":1,"asset_id":115,"age":48,"rul":64,"culvert":false},"geometry":{"type":"Point","coordinates":[178.2922052,-38.0371915]}},{"type":"Feature","properties":{"road_id":1090,"road_name":"EAST CAPE ROAD","bridge_name":"AWATERE","start_m":0,"end_m":92,"lanes":1,"asset_id":245,"age":63,"rul":48,"culvert":false},"geometry":{"type":"Point","coordinates":[178.3773132,-37.6330727]}},{"type":"Feature","properties":{"road_id":1255,"road_name":"KOIA ROAD","bridge_name":"MOTUMAKO","start_m":347,"end_m":358,"lanes":1,"asset_id":350,"age":68,"rul":26,"culvert":false},"geometry":{"type":"Point","coordinates":[178.4328588,-37.777788]}},{"type":"Feature","properties":{"road_id":1030,"road_name":"KOPUAROA ROAD","bridge_name":"MOKOKOKO","start_m":373,"end_m":386,"lanes":1,"asset_id":360,"age":68,"rul":35,"culvert":false},"geometry":{"type":"Point","coordinates":[178.2777443,-37.9881681]}},{"type":"Feature","properties":{"road_id":1079,"road_name":"LOTTIN POINT ROAD","bridge_name":"MANGAPURAU","start_m":485,"end_m":500,"lanes":1,"asset_id":400,"age":45,"rul":67,"culvert":false},"geometry":{"type":"Point","coordinates":[178.1450255,-37.5701433]}},{"type":"Feature","properties":{"road_id":1011,"road_name":"PAUARIKI ROAD","bridge_name":"ARAWHATA","start_m":408,"end_m":421,"lanes":1,"asset_id":407,"age":49,"rul":47,"culvert":false},"geometry":{"type":"Point","coordinates":[178.2565365,-38.1343698]}},{"type":"Feature","properties":{"road_id":995,"road_name":"PAREMATA ROAD","bridge_name":"SCOTTS","start_m":2592,"end_m":2602,"lanes":1,"asset_id":411,"age":54,"rul":57,"culvert":false},"geometry":{"type":"Point","coordinates":[178.2618326,-38.3865901]}},{"type":"Feature","properties":{"road_id":998,"road_name":"MANGATOKERAU ROAD","bridge_name":"MANGAKINO BRIDGE","start_m":686,"end_m":703,"lanes":1,"asset_id":683,"age":58,"rul":44,"culvert":false},"geometry":{"type":"Point","coordinates":[178.2515216,-38.2954607]}},{"type":"Feature","properties":{"road_id":644,"road_name":"WHARF ROAD (TOLAGA BAY)","bridge_name":"DIXONS","start_m":689,"end_m":704,"lanes":1,"asset_id":697,"age":64,"rul":47,"culvert":false},"geometry":{"type":"Point","coordinates":[178.3131336,-38.388688]}},{"type":"Feature","properties":{"road_id":1070,"road_name":"TAPUAEROA ROAD","bridge_name":"RAPARAPARIRIKI (RIP)","start_m":19872,"end_m":20070,"lanes":1,"asset_id":820,"age":71,"rul":-5,"culvert":false},"geometry":{"type":"Point","coordinates":[178.0916676,-37.8518794]}},{"type":"Feature","properties":{"road_id":1036,"road_name":"KEELAN ROAD","bridge_name":"KEELANS","start_m":1016,"end_m":1052,"lanes":1,"asset_id":1015,"age":62,"rul":49,"culvert":false},"geometry":{"type":"Point","coordinates":[178.2511899,-38.0021348]}},{"type":"Feature","properties":{"road_id":1070,"road_name":"TAPUAEROA ROAD","bridge_name":"MOEKES BRIDGE","start_m":10250,"end_m":10265,"lanes":1,"asset_id":1025,"age":49,"rul":57,"culvert":false},"geometry":{"type":"Point","coordinates":[178.1910029,-37.8637124]}},{"type":"Feature","properties":{"road_id":1325,"road_name":"KIE KIE ROAD","bridge_name":"KIE KIE","start_m":1025,"end_m":1033,"lanes":1,"asset_id":1035,"age":66,"rul":41,"culvert":false},"geometry":{"type":"Point","coordinates":[178.3167425,-37.993176]}},{"type":"Feature","properties":{"road_id":1003,"road_name":"WEST HO ROAD","bridge_name":"BARRONS BRIDGE","start_m":1037,"end_m":1052,"lanes":1,"asset_id":1053,"age":42,"rul":70,"culvert":false},"geometry":{"type":"Point","coordinates":[178.1320088,-38.36758]}},{"type":"Feature","properties":{"road_id":768,"road_name":"PAROA ROAD","bridge_name":"MANGATOKERAU","start_m":1359,"end_m":1393,"lanes":1,"asset_id":1363,"age":53,"rul":53,"culvert":false},"geometry":{"type":"Point","coordinates":[178.2586588,-38.2992864]}},{"type":"Feature","properties":{"road_id":1066,"road_name":"WALKER ROAD","bridge_name":"MANGAREIA 1066","start_m":157,"end_m":164,"lanes":1,"asset_id":1447,"age":45,"rul":61,"culvert":false},"geometry":{"type":"Point","coordinates":[178.3445886,-37.8862232]}},{"type":"Feature","properties":{"road_id":1320,"road_name":"MATAIRAU ROAD","bridge_name":"MATAIRAU","start_m":1444,"end_m":1456,"lanes":1,"asset_id":1455,"age":33,"rul":60,"culvert":false},"geometry":{"type":"Point","coordinates":[178.2438592,-38.2595158]}},{"type":"Feature","properties":{"road_id":1001,"road_name":"TAKAPAU ROAD","bridge_name":"TAKAPAU 1","start_m":1482,"end_m":1498,"lanes":1,"asset_id":1480,"age":53,"rul":59,"culvert":false},"geometry":{"type":"Point","coordinates":[178.1871755,-38.3469542]}},{"type":"Feature","properties":{"road_id":1041,"road_name":"IHUNGIA ROAD","bridge_name":"IHUNGIA","start_m":11537,"end_m":11586,"lanes":1,"asset_id":1483,"age":47,"rul":59,"culvert":false},"geometry":{"type":"Point","coordinates":[178.1767325,-38.0469902]}},{"type":"Feature","properties":{"road_id":983,"road_name":"ANAURA ROAD","bridge_name":"RAPONGA","start_m":1519,"end_m":1529,"lanes":1,"asset_id":1522,"age":53,"rul":54,"culvert":false},"geometry":{"type":"Point","coordinates":[178.2773403,-38.2732652]}},{"type":"Feature","properties":{"road_id":1085,"road_name":"KARAKATUWHERO ROAD","bridge_name":"MANGAITI","start_m":1538,"end_m":1549,"lanes":1,"asset_id":1544,"age":49,"rul":63,"culvert":false},"geometry":{"type":"Point","coordinates":[178.3171716,-37.6477498]}},{"type":"Feature","properties":{"road_id":1033,"road_name":"MAKARIKA ROAD","bridge_name":"MAKARIKA NO. 1 BRIDGE","start_m":1586,"end_m":1648,"lanes":1,"asset_id":1595,"age":93,"rul":41,"culvert":false},"geometry":{"type":"Point","coordinates":[178.2288594,-37.9553992]}},{"type":"Feature","properties":{"road_id":1007,"road_name":"RANGIKOHUA ROAD","bridge_name":"RANGIKOHUA","start_m":1584,"end_m":1640,"lanes":1,"asset_id":1600,"age":49,"rul":57,"culvert":false},"geometry":{"type":"Point","coordinates":[178.1591789,-38.4112724]}},{"type":"Feature","properties":{"road_id":620,"road_name":"ARAKIHI ROAD","bridge_name":"MCNABS","start_m":1642,"end_m":1650,"lanes":1,"asset_id":1642,"age":56,"rul":50,"culvert":false},"geometry":{"type":"Point","coordinates":[178.1864355,-38.3683386]}},{"type":"Feature","properties":{"road_id":997,"road_name":"MANGAHEIA ROAD","bridge_name":"MANGAHEIA 997","start_m":1647,"end_m":1660,"lanes":1,"asset_id":1660,"age":47,"rul":59,"culvert":false},"geometry":{"type":"Point","coordinates":[178.243493,-38.3664501]}},{"type":"Feature","properties":{"road_id":1064,"road_name":"REPORUA ROAD","bridge_name":"MANGAREIA 1064","start_m":1813,"end_m":1823,"lanes":1,"asset_id":1835,"age":62,"rul":45,"culvert":false},"geometry":{"type":"Point","coordinates":[178.3712064,-37.8893501]}},{"type":"Feature","properties":{"road_id":1157,"road_name":"WAIOMATATINI ROAD","bridge_name":"MANGAHAREI","start_m":1856,"end_m":1866,"lanes":2,"asset_id":1855,"age":73,"rul":31,"culvert":false},"geometry":{"type":"Point","coordinates":[178.3144256,-37.8939429]}},{"type":"Feature","properties":{"road_id":1184,"road_name":"RANGITUKIA ROAD","bridge_name":"POROPORO","start_m":1875,"end_m":1910,"lanes":1,"asset_id":1880,"age":91,"rul":85,"culvert":false},"geometry":{"type":"Point","coordinates":[178.427426,-37.7856691]}},{"type":"Feature","properties":{"road_id":1088,"road_name":"WHAKAANGIANGI ROAD","bridge_name":"KAIPO","start_m":2057,"end_m":2071,"lanes":1,"asset_id":2064,"age":56,"rul":55,"culvert":false},"geometry":{"type":"Point","coordinates":[178.3317576,-37.6994323]}},{"type":"Feature","properties":{"road_id":1016,"road_name":"WAIAU ROAD","bridge_name":"MANGAROA BRIDGE NO. 1","start_m":2211,"end_m":2230,"lanes":1,"asset_id":2217,"age":67,"rul":44,"culvert":false},"geometry":{"type":"Point","coordinates":[178.2334284,-38.2046278]}},{"type":"Feature","properties":{"road_id":1056,"road_name":"MANGAOPORO ROAD","bridge_name":"FORDS","start_m":11130,"end_m":11144,"lanes":1,"asset_id":2243,"age":47,"rul":65,"culvert":false},"geometry":{"type":"Point","coordinates":[178.240302,-37.7988733]}},{"type":"Feature","properties":{"road_id":1016,"road_name":"WAIAU ROAD","bridge_name":"MANGAROA BRIDGE NO. 2","start_m":2362,"end_m":2381,"lanes":1,"asset_id":2360,"age":65,"rul":34,"culvert":false},"geometry":{"type":"Point","coordinates":[178.2317503,-38.2050458]}},{"type":"Feature","properties":{"road_id":1001,"road_name":"TAKAPAU ROAD","bridge_name":"TAKAPAU 2","start_m":2404,"end_m":2420,"lanes":1,"asset_id":2415,"age":53,"rul":59,"culvert":false},"geometry":{"type":"Point","coordinates":[178.1782209,-38.3446099]}},{"type":"Feature","properties":{"road_id":1078,"road_name":"CARLSON ROAD","bridge_name":"CARLSONS","start_m":2429,"end_m":2445,"lanes":1,"asset_id":2418,"age":61,"rul":15,"culvert":false},"geometry":{"type":"Point","coordinates":[178.1533838,-37.6397887]}},{"type":"Feature","properties":{"road_id":1081,"road_name":"WHARF ROAD (HICKS BAY)","bridge_name":"WHAREKAHIKA","start_m":2565,"end_m":2640,"lanes":1,"asset_id":2577,"age":89,"rul":97,"culvert":false},"geometry":{"type":"Point","coordinates":[178.2826871,-37.5718385]}},{"type":"Feature","properties":{"road_id":995,"road_name":"PAREMATA ROAD","bridge_name":"SMITHS","start_m":412,"end_m":425,"lanes":1,"asset_id":2620,"age":65,"rul":46,"culvert":false},"geometry":{"type":"Point","coordinates":[178.2797827,-38.3753526]}},{"type":"Feature","properties":{"road_id":1496,"road_name":"MATAHIIA ROAD","bridge_name":"AORANGIWAI","start_m":2660,"end_m":2700,"lanes":1,"asset_id":2673,"age":45,"rul":61,"culvert":false},"geometry":{"type":"Point","coordinates":[178.2068272,-37.9286389]}},{"type":"Feature","properties":{"road_id":640,"road_name":"TAUWHAREPARAE ROAD","bridge_name":"CRAILLS","start_m":14901,"end_m":14910,"lanes":1,"asset_id":2850,"age":59,"rul":47,"culvert":false},"geometry":{"type":"Point","coordinates":[178.1949322,-38.326015]}},{"type":"Feature","properties":{"road_id":1070,"road_name":"TAPUAEROA ROAD","bridge_name":"MANGARUA","start_m":3207,"end_m":3226,"lanes":1,"asset_id":3162,"age":89,"rul":19,"culvert":false},"geometry":{"type":"Point","coordinates":[178.2672322,-37.8685382]}},{"type":"Feature","properties":{"road_id":1049,"road_name":"POROPORO ROAD","bridge_name":"POROPORO NO. 1 BRIDGE","start_m":3286,"end_m":3323,"lanes":1,"asset_id":3318,"age":86,"rul":78,"culvert":false},"geometry":{"type":"Point","coordinates":[178.360101,-37.7919987]}},{"type":"Feature","properties":{"road_id":1037,"road_name":"HOREHORE ROAD","bridge_name":"WHITES","start_m":3324,"end_m":3333,"lanes":1,"asset_id":3353,"age":55,"rul":52,"culvert":false},"geometry":{"type":"Point","coordinates":[178.1885809,-37.9521713]}},{"type":"Feature","properties":{"road_id":1033,"road_name":"MAKARIKA ROAD","bridge_name":"MAKARIKA NO. 2 (MATA) BRIDGE","start_m":3559,"end_m":3708,"lanes":1,"asset_id":3565,"age":47,"rul":48,"culvert":false},"geometry":{"type":"Point","coordinates":[178.2115347,-37.9490967]}},{"type":"Feature","properties":{"road_id":1157,"road_name":"WAIOMATATINI ROAD","bridge_name":"NGARIMU","start_m":3836,"end_m":3854,"lanes":1,"asset_id":3835,"age":61,"rul":50,"culvert":false},"geometry":{"type":"Point","coordinates":[178.3293524,-37.8811703]}},{"type":"Feature","properties":{"road_id":1090,"road_name":"EAST CAPE ROAD","bridge_name":"HOVELLS","start_m":4155,"end_m":4168,"lanes":1,"asset_id":4413,"age":37,"rul":75,"culvert":false},"geometry":{"type":"Point","coordinates":[178.4175769,-37.630088]}},{"type":"Feature","properties":{"road_id":768,"road_name":"PAROA ROAD","bridge_name":"TAPUWAI BRIDGE","start_m":4536,"end_m":4560,"lanes":1,"asset_id":4548,"age":75,"rul":29,"culvert":false},"geometry":{"type":"Point","coordinates":[178.2561393,-38.3227749]}},{"type":"Feature","properties":{"road_id":1327,"road_name":"MATA ROAD (LOWER)","bridge_name":"MATA NO. 1 BRIDGE","start_m":4580,"end_m":4639,"lanes":1,"asset_id":4577,"age":87,"rul":23,"culvert":false},"geometry":{"type":"Point","coordinates":[178.2466241,-38.1389153]}},{"type":"Feature","properties":{"road_id":1070,"road_name":"TAPUAEROA ROAD","bridge_name":"MANGAWAIATA","start_m":4654,"end_m":4666,"lanes":1,"asset_id":4623,"age":45,"rul":67,"culvert":false},"geometry":{"type":"Point","coordinates":[178.2518448,-37.86411]}},{"type":"Feature","properties":{"road_id":640,"road_name":"TAUWHAREPARAE ROAD","bridge_name":"PATIKI BRIDGE","start_m":4734,"end_m":4751,"lanes":2,"asset_id":4737,"age":50,"rul":55,"culvert":false},"geometry":{"type":"Point","coordinates":[178.2581693,-38.3531605]}},{"type":"Feature","properties":{"road_id":1076,"road_name":"WAIKURA ROAD","bridge_name":"OWEKA","start_m":4980,"end_m":5018,"lanes":1,"asset_id":5019,"age":46,"rul":40,"culvert":false},"geometry":{"type":"Point","coordinates":[178.1460065,-37.6306189]}},{"type":"Feature","properties":{"road_id":629,"road_name":"KAIAUA ROAD","bridge_name":"WARNES","start_m":5012,"end_m":5025,"lanes":1,"asset_id":5024,"age":58,"rul":20,"culvert":false},"geometry":{"type":"Point","coordinates":[178.3217304,-38.3144429]}},{"type":"Feature","properties":{"road_id":1049,"road_name":"POROPORO ROAD","bridge_name":"GUDGEONS","start_m":5091,"end_m":5107,"lanes":1,"asset_id":5140,"age":45,"rul":61,"culvert":false},"geometry":{"type":"Point","coordinates":[178.3435998,-37.7868278]}},{"type":"Feature","properties":{"road_id":1056,"road_name":"MANGAOPORO ROAD","bridge_name":"MANGAOPORO 1","start_m":3382,"end_m":3451,"lanes":1,"asset_id":5274,"age":85,"rul":23,"culvert":false},"geometry":{"type":"Point","coordinates":[178.2937616,-37.8376528]}},{"type":"Feature","properties":{"road_id":1070,"road_name":"TAPUAEROA ROAD","bridge_name":"MANGARARA BRIDGE","start_m":5336,"end_m":5348,"lanes":1,"asset_id":5305,"age":92,"rul":54,"culvert":false},"geometry":{"type":"Point","coordinates":[178.2444036,-37.8626046]}},{"type":"Feature","properties":{"road_id":1031,"road_name":"WAIPIRO ROAD","bridge_name":"WAIPIRO","start_m":5733,"end_m":5770,"lanes":1,"asset_id":5747,"age":89,"rul":19,"culvert":false},"geometry":{"type":"Point","coordinates":[178.331467,-38.0199033]}},{"type":"Feature","properties":{"road_id":768,"road_name":"PAROA ROAD","bridge_name":"BARTLETTS","start_m":5891,"end_m":5900,"lanes":1,"asset_id":5888,"age":67,"rul":36,"culvert":false},"geometry":{"type":"Point","coordinates":[178.2540005,-38.3314183]}},{"type":"Feature","properties":{"road_id":1070,"road_name":"TAPUAEROA ROAD","bridge_name":"WAITAIA","start_m":6034,"end_m":6053,"lanes":1,"asset_id":6005,"age":65,"rul":38,"culvert":false},"geometry":{"type":"Point","coordinates":[178.2366639,-37.8638057]}},{"type":"Feature","properties":{"road_id":1049,"road_name":"POROPORO ROAD","bridge_name":"POROPORO NO. 2 BRIDGE","start_m":5987,"end_m":6043,"lanes":1,"asset_id":6045,"age":65,"rul":42,"culvert":false},"geometry":{"type":"Point","coordinates":[178.3350309,-37.7880689]}},{"type":"Feature","properties":{"road_id":1184,"road_name":"RANGITUKIA ROAD","bridge_name":"RICKARDS","start_m":6201,"end_m":6268,"lanes":1,"asset_id":6220,"age":65,"rul":46,"culvert":false},"geometry":{"type":"Point","coordinates":[178.4679863,-37.7666556]}},{"type":"Feature","properties":{"road_id":1064,"road_name":"REPORUA ROAD","bridge_name":"REPORUA","start_m":6350,"end_m":6369,"lanes":1,"asset_id":6375,"age":58,"rul":20,"culvert":false},"geometry":{"type":"Point","coordinates":[178.4036236,-37.87474]}},{"type":"Feature","properties":{"road_id":983,"road_name":"ANAURA ROAD","bridge_name":"ANAURA","start_m":6838,"end_m":6846,"lanes":1,"asset_id":6852,"age":52,"rul":60,"culvert":false},"geometry":{"type":"Point","coordinates":[178.3158099,-38.2476889]}},{"type":"Feature","properties":{"road_id":1056,"road_name":"MANGAOPORO ROAD","bridge_name":"MANGAOPORO 2","start_m":6833,"end_m":6888,"lanes":1,"asset_id":6894,"age":87,"rul":21,"culvert":false},"geometry":{"type":"Point","coordinates":[178.2600459,-37.8290426]}},{"type":"Feature","properties":{"road_id":1090,"road_name":"EAST CAPE ROAD","bridge_name":"ORU TUA","start_m":7361,"end_m":7424,"lanes":1,"asset_id":7627,"age":78,"rul":70,"culvert":false},"geometry":{"type":"Point","coordinates":[178.4466599,-37.6442236]}},{"type":"Feature","properties":{"road_id":1056,"road_name":"MANGAOPORO ROAD","bridge_name":"MANGATEKAPUA","start_m":7668,"end_m":7682,"lanes":1,"asset_id":7725,"age":61,"rul":50,"culvert":false},"geometry":{"type":"Point","coordinates":[178.2530949,-37.8265776]}},{"type":"Feature","properties":{"road_id":1022,"road_name":"WHAREPONGA ROAD","bridge_name":"TE ARAI","start_m":7746,"end_m":7758,"lanes":1,"asset_id":7830,"age":45,"rul":61,"culvert":false},"geometry":{"type":"Point","coordinates":[178.3308101,-37.9461292]}},{"type":"Feature","properties":{"road_id":768,"road_name":"PAROA ROAD","bridge_name":"MANGAHEIA BRIDGE","start_m":7898,"end_m":7948,"lanes":1,"asset_id":7920,"age":60,"rul":42,"culvert":false},"geometry":{"type":"Point","coordinates":[178.2490404,-38.3473681]}},{"type":"Feature","properties":{"road_id":1049,"road_name":"POROPORO ROAD","bridge_name":"PUHAPATA","start_m":8083,"end_m":8099,"lanes":1,"asset_id":8150,"age":58,"rul":44,"culvert":false},"geometry":{"type":"Point","coordinates":[178.3161741,-37.7914226]}},{"type":"Feature","properties":{"road_id":983,"road_name":"ANAURA ROAD","bridge_name":"WAIPARE","start_m":8447,"end_m":8455,"lanes":1,"asset_id":8454,"age":52,"rul":60,"culvert":false},"geometry":{"type":"Point","coordinates":[178.3070018,-38.2348905]}},{"type":"Feature","properties":{"road_id":1184,"road_name":"RANGITUKIA ROAD","bridge_name":"WAIKAKA","start_m":8632,"end_m":8641,"lanes":1,"asset_id":8683,"age":45,"rul":67,"culvert":false},"geometry":{"type":"Point","coordinates":[178.4896447,-37.7565469]}},{"type":"Feature","properties":{"road_id":983,"road_name":"ANAURA ROAD","bridge_name":"NUHITI","start_m":8801,"end_m":8813,"lanes":1,"asset_id":8815,"age":58,"rul":32,"culvert":false},"geometry":{"type":"Point","coordinates":[178.308408,-38.2318341]}},{"type":"Feature","properties":{"road_id":1070,"road_name":"TAPUAEROA ROAD","bridge_name":"WAIRONGOMAI BRIDGE","start_m":9371,"end_m":9462,"lanes":1,"asset_id":9364,"age":91,"rul":76,"culvert":false},"geometry":{"type":"Point","coordinates":[178.1996085,-37.8645374]}},{"type":"Feature","properties":{"road_id":1157,"road_name":"WAIOMATATINI ROAD","bridge_name":"MANGAONUI","start_m":9412,"end_m":9425,"lanes":1,"asset_id":9483,"age":56,"rul":55,"culvert":false},"geometry":{"type":"Point","coordinates":[178.3596673,-37.8441541]}},{"type":"Feature","properties":{"road_id":1090,"road_name":"EAST CAPE ROAD","bridge_name":"HOROERA","start_m":9308,"end_m":9315,"lanes":1,"asset_id":9578,"age":8,"rul":80,"culvert":false},"geometry":{"type":"Point","coordinates":[178.4658291,-37.6395849]}},{"type":"Feature","properties":{"road_id":620,"road_name":"ARAKIHI ROAD","bridge_name":"ARAKIHI","start_m":9470,"end_m":9494,"lanes":1,"asset_id":9583,"age":52,"rul":40,"culvert":false},"geometry":{"type":"Point","coordinates":[178.126082,-38.3797445]}},{"type":"Feature","properties":{"road_id":1049,"road_name":"POROPORO ROAD","bridge_name":"TUKIOTEAO","start_m":9988,"end_m":10006,"lanes":1,"asset_id":10064,"age":58,"rul":40,"culvert":false},"geometry":{"type":"Point","coordinates":[178.3026978,-37.7843856]}},{"type":"Feature","properties":{"road_id":1049,"road_name":"POROPORO ROAD","bridge_name":"MANGARARA 1049","start_m":10176,"end_m":10193,"lanes":1,"asset_id":10257,"age":58,"rul":40,"culvert":false},"geometry":{"type":"Point","coordinates":[178.3008608,-37.7836532]}},{"type":"Feature","properties":{"road_id":1056,"road_name":"MANGAOPORO ROAD","bridge_name":"WAIRAMAIA BRIDGE","start_m":5239,"end_m":5258,"lanes":1,"asset_id":10332,"age":68,"rul":39,"culvert":false},"geometry":{"type":"Point","coordinates":[178.2773142,-37.8298842]}},{"type":"Feature","properties":{"road_id":1070,"road_name":"TAPUAEROA ROAD","bridge_name":"MANGATITI","start_m":10444,"end_m":10461,"lanes":1,"asset_id":10450,"age":49,"rul":57,"culvert":false},"geometry":{"type":"Point","coordinates":[178.1889037,-37.8639566]}},{"type":"Feature","properties":{"road_id":640,"road_name":"TAUWHAREPARAE ROAD","bridge_name":"TAKAPAU","start_m":10901,"end_m":10919,"lanes":1,"asset_id":10920,"age":53,"rul":53,"culvert":false},"geometry":{"type":"Point","coordinates":[178.1978769,-38.3584941]}},{"type":"Feature","properties":{"road_id":1056,"road_name":"MANGAOPORO ROAD","bridge_name":"WALKERS","start_m":2243,"end_m":2255,"lanes":1,"asset_id":11220,"age":38,"rul":74,"culvert":false},"geometry":{"type":"Point","coordinates":[178.3025541,-37.8451676]}},{"type":"Feature","properties":{"road_id":640,"road_name":"TAUWHAREPARAE ROAD","bridge_name":"WIGAN","start_m":11387,"end_m":11464,"lanes":1,"asset_id":11394,"age":66,"rul":40,"culvert":false},"geometry":{"type":"Point","coordinates":[178.1979857,-38.3543034]}},{"type":"Feature","properties":{"road_id":983,"road_name":"ANAURA ROAD","bridge_name":"NUHIT","start_m":11573,"end_m":11585,"lanes":1,"asset_id":11630,"age":58,"rul":36,"culvert":false},"geometry":{"type":"Point","coordinates":[178.3213705,-38.2213007]}},{"type":"Feature","properties":{"road_id":1041,"road_name":"IHUNGIA ROAD","bridge_name":"MAKARIKA BRIDGE","start_m":483,"end_m":520,"lanes":1,"asset_id":11700,"age":91,"rul":65,"culvert":false},"geometry":{"type":"Point","coordinates":[178.2586178,-38.0123802]}},{"type":"Feature","properties":{"road_id":1157,"road_name":"WAIOMATATINI ROAD","bridge_name":"MANGATAKUAWA","start_m":11991,"end_m":12004,"lanes":1,"asset_id":12067,"age":70,"rul":41,"culvert":false},"geometry":{"type":"Point","coordinates":[178.3765363,-37.8279353]}},{"type":"Feature","properties":{"road_id":1070,"road_name":"TAPUAEROA ROAD","bridge_name":"MANGAHONGA BRIDGE","start_m":12542,"end_m":12585,"lanes":1,"asset_id":12565,"age":70,"rul":82,"culvert":false},"geometry":{"type":"Point","coordinates":[178.1680153,-37.859377]}},{"type":"Feature","properties":{"road_id":1157,"road_name":"WAIOMATATINI ROAD","bridge_name":"WAIROA","start_m":12819,"end_m":12844,"lanes":1,"asset_id":12906,"age":95,"rul":12,"culvert":false},"geometry":{"type":"Point","coordinates":[178.3852116,-37.8275926]}},{"type":"Feature","properties":{"road_id":1090,"road_name":"EAST CAPE ROAD","bridge_name":"WAIPAPA","start_m":12799,"end_m":12824,"lanes":1,"asset_id":13092,"age":76,"rul":49,"culvert":false},"geometry":{"type":"Point","coordinates":[178.4937741,-37.6567878]}},{"type":"Feature","properties":{"road_id":1475,"road_name":"MATA ROAD (UPPER)","bridge_name":"WHAKOAU","start_m":13191,"end_m":13222,"lanes":1,"asset_id":13473,"age":62,"rul":30,"culvert":false},"geometry":{"type":"Point","coordinates":[178.0517497,-38.0786409]}},{"type":"Feature","properties":{"road_id":1076,"road_name":"WAIKURA ROAD","bridge_name":"MOHAU","start_m":14214,"end_m":14251,"lanes":1,"asset_id":14310,"age":68,"rul":29,"culvert":false},"geometry":{"type":"Point","coordinates":[178.104906,-37.6586307]}},{"type":"Feature","properties":{"road_id":1184,"road_name":"RANGITUKIA ROAD","bridge_name":"TE WAIAU","start_m":14694,"end_m":14703,"lanes":1,"asset_id":14843,"age":60,"rul":34,"culvert":false},"geometry":{"type":"Point","coordinates":[178.4861464,-37.7179443]}},{"type":"Feature","properties":{"road_id":640,"road_name":"TAUWHAREPARAE ROAD","bridge_name":"WAIMAUNU","start_m":1820,"end_m":1835,"lanes":2,"asset_id":14925,"age":40,"rul":65,"culvert":false},"geometry":{"type":"Point","coordinates":[178.2790838,-38.3714891]}},{"type":"Feature","properties":{"road_id":1070,"road_name":"TAPUAEROA ROAD","bridge_name":"MCCLUTCHIES","start_m":15367,"end_m":15373,"lanes":1,"asset_id":15380,"age":63,"rul":35,"culvert":false},"geometry":{"type":"Point","coordinates":[178.1389276,-37.8555874]}},{"type":"Feature","properties":{"road_id":640,"road_name":"TAUWHAREPARAE ROAD","bridge_name":"MANGAHEIA NO. 1 BRIDGE","start_m":16161,"end_m":16191,"lanes":1,"asset_id":16192,"age":55,"rul":51,"culvert":false},"geometry":{"type":"Point","coordinates":[178.1809048,-38.3252244]}},{"type":"Feature","properties":{"road_id":640,"road_name":"TAUWHAREPARAE ROAD","bridge_name":"MANGAHEIA NO. 2 BRIDGE","start_m":16412,"end_m":16445,"lanes":1,"asset_id":16440,"age":37,"rul":68,"culvert":false},"geometry":{"type":"Point","coordinates":[178.1781817,-38.3258829]}},{"type":"Feature","properties":{"road_id":640,"road_name":"TAUWHAREPARAE ROAD","bridge_name":"MANGAHEIA NO. 3 BRIDGE","start_m":17246,"end_m":17277,"lanes":1,"asset_id":17282,"age":56,"rul":50,"culvert":false},"geometry":{"type":"Point","coordinates":[178.1707624,-38.3270556]}},{"type":"Feature","properties":{"road_id":1070,"road_name":"TAPUAEROA ROAD","bridge_name":"MANGAWHARIKI","start_m":15886,"end_m":15961,"lanes":1,"asset_id":17700,"age":73,"rul":38,"culvert":false},"geometry":{"type":"Point","coordinates":[178.1328133,-37.8549634]}},{"type":"Feature","properties":{"road_id":640,"road_name":"TAUWHAREPARAE ROAD","bridge_name":"MANGAHEIA NO. 4 BRIDGE","start_m":17935,"end_m":17961,"lanes":1,"asset_id":17974,"age":54,"rul":52,"culvert":false},"geometry":{"type":"Point","coordinates":[178.163315,-38.3263759]}},{"type":"Feature","properties":{"road_id":640,"road_name":"TAUWHAREPARAE ROAD","bridge_name":"MANGAHEIA NO. 5 BRIDGE","start_m":18122,"end_m":18184,"lanes":2,"asset_id":18165,"age":36,"rul":63,"culvert":false},"geometry":{"type":"Point","coordinates":[178.1612361,-38.3259021]}},{"type":"Feature","properties":{"road_id":1076,"road_name":"WAIKURA ROAD","bridge_name":"WAIKURA 1","start_m":18957,"end_m":18987,"lanes":1,"asset_id":18960,"age":73,"rul":11,"culvert":false},"geometry":{"type":"Point","coordinates":[178.0655831,-37.6654557]}},{"type":"Feature","properties":{"road_id":1041,"road_name":"IHUNGIA ROAD","bridge_name":"MATA (POUTURU)","start_m":19196,"end_m":19303,"lanes":1,"asset_id":19435,"age":53,"rul":59,"culvert":false},"geometry":{"type":"Point","coordinates":[178.1234207,-38.0477989]}},{"type":"Feature","properties":{"road_id":1076,"road_name":"WAIKURA ROAD","bridge_name":"WAIKURA 2","start_m":19639,"end_m":19673,"lanes":1,"asset_id":19698,"age":40,"rul":72,"culvert":false},"geometry":{"type":"Point","coordinates":[178.0638077,-37.6705807]}},{"type":"Feature","properties":{"road_id":1070,"road_name":"TAPUAEROA ROAD","bridge_name":"MANGAPOI","start_m":17677,"end_m":17756,"lanes":1,"asset_id":19902,"age":41,"rul":92,"culvert":false},"geometry":{"type":"Point","coordinates":[178.1139098,-37.8551868]}},{"type":"Feature","properties":{"road_id":1209,"road_name":"ONEPOTO ROAD","bridge_name":"ONEPOTO","start_m":141,"end_m":153,"lanes":1,"asset_id":19904,"age":31,"rul":82,"culvert":false},"geometry":{"type":"Point","coordinates":[178.2933686,-37.5920963]}},{"type":"Feature","properties":{"road_id":1047,"road_name":"TE HUE ROAD","bridge_name":"HAPOURI","start_m":4524,"end_m":4536,"lanes":1,"asset_id":19906,"age":56,"rul":33,"culvert":false},"geometry":{"type":"Point","coordinates":[178.3264382,-37.7391083]}},{"type":"Feature","properties":{"road_id":1022,"road_name":"WHAREPONGA ROAD","bridge_name":"WHAREKAHA","start_m":12096,"end_m":12110,"lanes":1,"asset_id":19907,"age":58,"rul":53,"culvert":false},"geometry":{"type":"Point","coordinates":[178.3655959,-37.9594004]}},{"type":"Feature","properties":{"road_id":1015,"road_name":"MURPHY ROAD (ARERO)","bridge_name":"MURPHY'S","start_m":98,"end_m":117,"lanes":1,"asset_id":19910,"age":55,"rul":52,"culvert":false},"geometry":{"type":"Point","coordinates":[178.2434881,-38.2023594]}},{"type":"Feature","properties":{"road_id":999,"road_name":"MITCHELL ROAD","bridge_name":"MITCHELLS ACE","start_m":39,"end_m":64,"lanes":1,"asset_id":19911,"age":53,"rul":35,"culvert":false},"geometry":{"type":"Point","coordinates":[178.1868856,-38.3261388]}},{"type":"Feature","properties":{"road_id":768,"road_name":"PAROA ROAD","bridge_name":"HALLS BRIDGE","start_m":16,"end_m":86,"lanes":1,"asset_id":19912,"age":36,"rul":69,"culvert":false},"geometry":{"type":"Point","coordinates":[178.2689371,-38.2920222]}},{"type":"Feature","properties":{"road_id":1233,"road_name":"TIKAPA ROAD","bridge_name":"CULVERT 2.00-67","start_m":3004,"end_m":3006,"lanes":2,"asset_id":19914,"age":76,"rul":43,"culvert":true},"geometry":{"type":"Point","coordinates":[178.4414942,-37.7992749]}},{"type":"Feature","properties":{"road_id":1088,"road_name":"WHAKAANGIANGI ROAD","bridge_name":"CULVERT 1.00-92","start_m":1009,"end_m":1011,"lanes":2,"asset_id":19915,"age":76,"rul":7,"culvert":true},"geometry":{"type":"Point","coordinates":[178.3396095,-37.6937626]}},{"type":"Feature","properties":{"road_id":614,"road_name":"BACK ORMOND ROAD","bridge_name":"CULVERT 2","start_m":1186,"end_m":1189,"lanes":2,"asset_id":19916,"age":76,"rul":29,"culvert":true},"geometry":{"type":"Point","coordinates":[177.9894612,-38.6288285]}},{"type":"Feature","properties":{"road_id":871,"road_name":"CAMPBELL ROAD","bridge_name":"CULVERT 7","start_m":636,"end_m":639,"lanes":2,"asset_id":19917,"age":76,"rul":53,"culvert":true},"geometry":{"type":"Point","coordinates":[177.8023585,-38.5881002]}},{"type":"Feature","properties":{"road_id":640,"road_name":"TAUWHAREPARAE ROAD","bridge_name":"CULVERT 57","start_m":9708,"end_m":9711,"lanes":2,"asset_id":19919,"age":76,"rul":32,"culvert":true},"geometry":{"type":"Point","coordinates":[178.2071273,-38.3644122]}},{"type":"Feature","properties":{"road_id":640,"road_name":"TAUWHAREPARAE ROAD","bridge_name":"CULVERT 59","start_m":14800,"end_m":14804,"lanes":2,"asset_id":19921,"age":76,"rul":40,"culvert":true},"geometry":{"type":"Point","coordinates":[178.1957394,-38.326649]}},{"type":"Feature","properties":{"road_id":640,"road_name":"TAUWHAREPARAE ROAD","bridge_name":"CULVERT 60","start_m":15994,"end_m":15997,"lanes":2,"asset_id":19922,"age":76,"rul":40,"culvert":true},"geometry":{"type":"Point","coordinates":[178.1830026,-38.3250054]}},{"type":"Feature","properties":{"road_id":742,"road_name":"TINIROTO ROAD","bridge_name":"BUTLERS DRAIN BOX CULVERT","start_m":2043,"end_m":2045,"lanes":2,"asset_id":19923,"age":76,"rul":47,"culvert":true},"geometry":{"type":"Point","coordinates":[177.8951824,-38.6432046]}},{"type":"Feature","properties":{"road_id":742,"road_name":"TINIROTO ROAD","bridge_name":"CULVERT 69","start_m":18281,"end_m":18284,"lanes":2,"asset_id":19924,"age":76,"rul":44,"culvert":true},"geometry":{"type":"Point","coordinates":[177.765078,-38.6894094]}},{"type":"Feature","properties":{"road_id":742,"road_name":"TINIROTO ROAD","bridge_name":"CULVERT 71","start_m":31869,"end_m":31872,"lanes":2,"asset_id":19925,"age":76,"rul":35,"culvert":true},"geometry":{"type":"Point","coordinates":[177.6363872,-38.6864973]}},{"type":"Feature","properties":{"road_id":719,"road_name":"WAINGAKE ROAD","bridge_name":"CULVERT MARKER POST NO. 28","start_m":9839,"end_m":9841,"lanes":2,"asset_id":19927,"age":76,"rul":43,"culvert":true},"geometry":{"type":"Point","coordinates":[177.8289925,-38.7221689]}},{"type":"Feature","properties":{"road_id":924,"road_name":"WHAKARAU ROAD","bridge_name":"CULVERT MARKER POST NO. 276","start_m":39032,"end_m":39034,"lanes":2,"asset_id":19930,"age":76,"rul":59,"culvert":true},"geometry":{"type":"Point","coordinates":[177.5429731,-38.284969]}},{"type":"Feature","properties":{"road_id":963,"road_name":"WAIMATA VALLEY ROAD","bridge_name":"CULVERT 363","start_m":740,"end_m":743,"lanes":2,"asset_id":19935,"age":76,"rul":18,"culvert":true},"geometry":{"type":"Point","coordinates":[177.9666088,-38.5957164]}},{"type":"Feature","properties":{"road_id":1530,"road_name":"RIVERSIDE ROAD","bridge_name":"CULVERT 525","start_m":11651,"end_m":11653,"lanes":2,"asset_id":19936,"age":76,"rul":40,"culvert":true},"geometry":{"type":"Point","coordinates":[178.0699271,-38.5903909]}},{"type":"Feature","properties":{"road_id":768,"road_name":"PAROA ROAD","bridge_name":"CULVERT 1.00-38","start_m":3214,"end_m":3215,"lanes":2,"asset_id":19937,"age":76,"rul":48,"culvert":true},"geometry":{"type":"Point","coordinates":[178.2563689,-38.3134065]}},{"type":"Feature","properties":{"road_id":614,"road_name":"BACK ORMOND ROAD","bridge_name":"CULVERT 3","start_m":4131,"end_m":4132,"lanes":2,"asset_id":19940,"age":76,"rul":6,"culvert":true},"geometry":{"type":"Point","coordinates":[177.9684563,-38.6080259]}},{"type":"Feature","properties":{"road_id":728,"road_name":"BELLERBY ROAD","bridge_name":"CULVERT 5","start_m":532,"end_m":533,"lanes":2,"asset_id":19941,"age":76,"rul":60,"culvert":true},"geometry":{"type":"Point","coordinates":[177.7700096,-38.6832365]}},{"type":"Feature","properties":{"road_id":650,"road_name":"BOND ROAD","bridge_name":"CULVERT  2","start_m":1374,"end_m":1376,"lanes":2,"asset_id":19942,"age":76,"rul":6,"culvert":true},"geometry":{"type":"Point","coordinates":[177.9307364,-38.5404157]}},{"type":"Feature","properties":{"road_id":1254,"road_name":"HIKUWAI ROAD","bridge_name":"CULVERT 13","start_m":123,"end_m":126,"lanes":2,"asset_id":19943,"age":76,"rul":29,"culvert":true},"geometry":{"type":"Point","coordinates":[178.2586503,-38.1701162]}},{"type":"Feature","properties":{"road_id":629,"road_name":"KAIAUA ROAD","bridge_name":"CULVERT 17","start_m":6122,"end_m":6124,"lanes":2,"asset_id":19944,"age":76,"rul":59,"culvert":true},"geometry":{"type":"Point","coordinates":[178.3255857,-38.3055484]}},{"type":"Feature","properties":{"road_id":1067,"road_name":"PIGGERY ROAD","bridge_name":"CULVERT 41","start_m":143,"end_m":146,"lanes":2,"asset_id":19948,"age":76,"rul":6,"culvert":true},"geometry":{"type":"Point","coordinates":[178.2968628,-37.8950387]}},{"type":"Feature","properties":{"road_id":760,"road_name":"TAUMATA ROAD","bridge_name":"CULVERT 34","start_m":5869,"end_m":5871,"lanes":2,"asset_id":19949,"age":76,"rul":30,"culvert":true},"geometry":{"type":"Point","coordinates":[177.5869279,-38.5730952]}},{"type":"Feature","properties":{"road_id":1022,"road_name":"WHAREPONGA ROAD","bridge_name":"CULVERT 110","start_m":7444,"end_m":7447,"lanes":2,"asset_id":19956,"age":76,"rul":3,"culvert":true},"geometry":{"type":"Point","coordinates":[178.329402,-37.9436826]}},{"type":"Feature","properties":{"road_id":1157,"road_name":"WAIOMATATINI ROAD","bridge_name":"CULVERT 112","start_m":75,"end_m":78,"lanes":2,"asset_id":19957,"age":76,"rul":22,"culvert":true},"geometry":{"type":"Point","coordinates":[178.2986963,-37.9032264]}},{"type":"Feature","properties":{"road_id":975,"road_name":"ANDREWS ROAD","bridge_name":"ANDREWS","start_m":53,"end_m":100,"lanes":1,"asset_id":19961,"age":62,"rul":45,"culvert":false},"geometry":{"type":"Point","coordinates":[178.1953246,-38.5454157]}},{"type":"Feature","properties":{"road_id":979,"road_name":"CHRISTOPHER ROAD","bridge_name":"TAREWAREWA","start_m":333,"end_m":356,"lanes":1,"asset_id":19962,"age":69,"rul":26,"culvert":false},"geometry":{"type":"Point","coordinates":[178.1795852,-38.5868959]}},{"type":"Feature","properties":{"road_id":668,"road_name":"GLENROY ROAD","bridge_name":"FITZGERALDS","start_m":768,"end_m":786,"lanes":1,"asset_id":19963,"age":55,"rul":37,"culvert":false},"geometry":{"type":"Point","coordinates":[178.1728411,-38.5757972]}},{"type":"Feature","properties":{"road_id":668,"road_name":"GLENROY ROAD","bridge_name":"GLENROY NO. 1 BRIDGE","start_m":2140,"end_m":2156,"lanes":1,"asset_id":19964,"age":59,"rul":47,"culvert":false},"geometry":{"type":"Point","coordinates":[178.1640898,-38.5662576]}},{"type":"Feature","properties":{"road_id":961,"road_name":"MONCK ROAD","bridge_name":"MONCK","start_m":2836,"end_m":2852,"lanes":1,"asset_id":19965,"age":53,"rul":59,"culvert":false},"geometry":{"type":"Point","coordinates":[178.0860804,-38.5146272]}},{"type":"Feature","properties":{"road_id":972,"road_name":"PAKARAE ROAD","bridge_name":"PUATAI","start_m":3682,"end_m":3732,"lanes":1,"asset_id":19966,"age":48,"rul":47,"culvert":false},"geometry":{"type":"Point","coordinates":[178.2549779,-38.5150433]}},{"type":"Feature","properties":{"road_id":970,"road_name":"STEVENS ROAD","bridge_name":"STEVENS 1","start_m":1769,"end_m":1782,"lanes":1,"asset_id":19968,"age":59,"rul":48,"culvert":false},"geometry":{"type":"Point","coordinates":[178.1963254,-38.4815562]}},{"type":"Feature","properties":{"road_id":970,"road_name":"STEVENS ROAD","bridge_name":"STEVENS 2","start_m":3066,"end_m":3074,"lanes":1,"asset_id":19969,"age":59,"rul":48,"culvert":false},"geometry":{"type":"Point","coordinates":[178.2067081,-38.4738852]}},{"type":"Feature","properties":{"road_id":640,"road_name":"TAUWHAREPARAE ROAD","bridge_name":"MATAI BRIDGE","start_m":12479,"end_m":12491,"lanes":1,"asset_id":19970,"age":64,"rul":5,"culvert":false},"geometry":{"type":"Point","coordinates":[178.2005675,-38.3452321]}},{"type":"Feature","properties":{"road_id":960,"road_name":"UTTING ROAD","bridge_name":"MARTINS","start_m":1656,"end_m":1687,"lanes":1,"asset_id":19971,"age":67,"rul":40,"culvert":false},"geometry":{"type":"Point","coordinates":[178.0736358,-38.5045411]}},{"type":"Feature","properties":{"road_id":960,"road_name":"UTTING ROAD","bridge_name":"SMITHS (NO. 1)","start_m":3592,"end_m":3622,"lanes":1,"asset_id":19972,"age":48,"rul":64,"culvert":false},"geometry":{"type":"Point","coordinates":[178.0873626,-38.4952181]}},{"type":"Feature","properties":{"road_id":960,"road_name":"UTTING ROAD","bridge_name":"KOWHAI (NORTH)","start_m":4352,"end_m":4374,"lanes":1,"asset_id":19973,"age":47,"rul":49,"culvert":false},"geometry":{"type":"Point","coordinates":[178.0898143,-38.4893014]}},{"type":"Feature","properties":{"road_id":1008,"road_name":"WAIMA ROAD","bridge_name":"WAITAKEO","start_m":0,"end_m":19,"lanes":1,"asset_id":19974,"age":100,"rul":6,"culvert":false},"geometry":{"type":"Point","coordinates":[178.3391671,-38.1109923]}},{"type":"Feature","properties":{"road_id":1008,"road_name":"WAIMA ROAD","bridge_name":"WAIMA","start_m":533,"end_m":545,"lanes":1,"asset_id":19975,"age":59,"rul":52,"culvert":false},"geometry":{"type":"Point","coordinates":[178.3437576,-38.1085329]}},{"type":"Feature","properties":{"road_id":1008,"road_name":"WAIMA ROAD","bridge_name":"WAIHI","start_m":1317,"end_m":1326,"lanes":2,"asset_id":19976,"age":105,"rul":3,"culvert":false},"geometry":{"type":"Point","coordinates":[178.3516319,-38.1061844]}},{"type":"Feature","properties":{"road_id":720,"road_name":"WAIOMOKO ROAD","bridge_name":"WAIOMOKO","start_m":5072,"end_m":5111,"lanes":1,"asset_id":19977,"age":60,"rul":51,"culvert":false},"geometry":{"type":"Point","coordinates":[178.1911854,-38.521749]}},{"type":"Feature","properties":{"road_id":720,"road_name":"WAIOMOKO ROAD","bridge_name":"SEYMOURS","start_m":9095,"end_m":9114,"lanes":1,"asset_id":19978,"age":56,"rul":55,"culvert":false},"geometry":{"type":"Point","coordinates":[178.1660068,-38.4987974]}},{"type":"Feature","properties":{"road_id":1470,"road_name":"WHAREKIRI ROAD","bridge_name":"WILLIAMS","start_m":2214,"end_m":2237,"lanes":1,"asset_id":19979,"age":55,"rul":52,"culvert":false},"geometry":{"type":"Point","coordinates":[178.1624279,-38.4910016]}},{"type":"Feature","properties":{"road_id":1470,"road_name":"WHAREKIRI ROAD","bridge_name":"WHAREKIRI 2","start_m":3696,"end_m":3712,"lanes":1,"asset_id":19980,"age":45,"rul":67,"culvert":false},"geometry":{"type":"Point","coordinates":[178.150234,-38.4854728]}},{"type":"Feature","properties":{"road_id":1081,"road_name":"WHARF ROAD (HICKS BAY)","bridge_name":"NUKUTAHARUA","start_m":62,"end_m":83,"lanes":1,"asset_id":19981,"age":76,"rul":50,"culvert":false},"geometry":{"type":"Point","coordinates":[178.2919143,-37.5929365]}},{"type":"Feature","properties":{"road_id":1740,"road_name":"TAUWHAREPARAE ROAD PRIVATE","bridge_name":"MANGAMAUNU","start_m":46488,"end_m":46524,"lanes":1,"asset_id":19983,"age":64,"rul":13,"culvert":false},"geometry":{"type":"Point","coordinates":[178.031566,-38.1904543]}},{"type":"Feature","properties":{"road_id":1740,"road_name":"TAUWHAREPARAE ROAD PRIVATE","bridge_name":"BAKERS","start_m":52524,"end_m":52546,"lanes":1,"asset_id":19984,"age":66,"rul":37,"culvert":false},"geometry":{"type":"Point","coordinates":[177.9889711,-38.1893426]}},{"type":"Feature","properties":{"road_id":1003,"road_name":"WEST HO ROAD","bridge_name":"WHAKAURANGA STREAM BRIDGE","start_m":1177,"end_m":1196,"lanes":1,"asset_id":19985,"age":67,"rul":44,"culvert":false},"geometry":{"type":"Point","coordinates":[178.1307007,-38.3676408]}},{"type":"Feature","properties":{"road_id":980,"road_name":"GOODWIN ROAD","bridge_name":"HOLDENS ACC","start_m":977,"end_m":1019,"lanes":1,"asset_id":19986,"age":57,"rul":40,"culvert":false},"geometry":{"type":"Point","coordinates":[178.0679931,-38.6399398]}},{"type":"Feature","properties":{"road_id":1530,"road_name":"RIVERSIDE ROAD","bridge_name":"HOLDENS","start_m":6156,"end_m":6181,"lanes":1,"asset_id":19987,"age":56,"rul":55,"culvert":false},"geometry":{"type":"Point","coordinates":[178.0529328,-38.6298933]}},{"type":"Feature","properties":{"road_id":1530,"road_name":"RIVERSIDE ROAD","bridge_name":"WAIKEREU","start_m":10324,"end_m":10380,"lanes":1,"asset_id":19988,"age":53,"rul":54,"culvert":false},"geometry":{"type":"Point","coordinates":[178.0644737,-38.5989594]}},{"type":"Feature","properties":{"road_id":964,"road_name":"MANDER ROAD","bridge_name":"MANDERS","start_m":618,"end_m":633,"lanes":1,"asset_id":19990,"age":44,"rul":50,"culvert":false},"geometry":{"type":"Point","coordinates":[178.023948,-38.5754277]}},{"type":"Feature","properties":{"road_id":964,"road_name":"MANDER ROAD","bridge_name":"LINCOLNS","start_m":4459,"end_m":4521,"lanes":1,"asset_id":19991,"age":62,"rul":36,"culvert":false},"geometry":{"type":"Point","coordinates":[178.0512968,-38.5831999]}},{"type":"Feature","properties":{"road_id":963,"road_name":"WAIMATA VALLEY ROAD","bridge_name":"CABSTAND","start_m":6956,"end_m":6980,"lanes":1,"asset_id":19992,"age":66,"rul":45,"culvert":false},"geometry":{"type":"Point","coordinates":[178.0187473,-38.5748584]}},{"type":"Feature","properties":{"road_id":963,"road_name":"WAIMATA VALLEY ROAD","bridge_name":"BROADS","start_m":8372,"end_m":8397,"lanes":1,"asset_id":19993,"age":66,"rul":45,"culvert":false},"geometry":{"type":"Point","coordinates":[178.0222786,-38.5632848]}},{"type":"Feature","properties":{"road_id":963,"road_name":"WAIMATA VALLEY ROAD","bridge_name":"HOROEKA","start_m":9905,"end_m":9938,"lanes":1,"asset_id":19994,"age":61,"rul":46,"culvert":false},"geometry":{"type":"Point","coordinates":[178.0339129,-38.5561336]}},{"type":"Feature","properties":{"road_id":963,"road_name":"WAIMATA VALLEY ROAD","bridge_name":"KENWAYS","start_m":10118,"end_m":10167,"lanes":1,"asset_id":19995,"age":55,"rul":56,"culvert":false},"geometry":{"type":"Point","coordinates":[178.0355808,-38.5548251]}},{"type":"Feature","properties":{"road_id":963,"road_name":"WAIMATA VALLEY ROAD","bridge_name":"TE PAHI","start_m":10604,"end_m":10618,"lanes":1,"asset_id":19996,"age":59,"rul":48,"culvert":false},"geometry":{"type":"Point","coordinates":[178.037551,-38.5518671]}},{"type":"Feature","properties":{"road_id":963,"road_name":"WAIMATA VALLEY ROAD","bridge_name":"MCDONALDS","start_m":15721,"end_m":15779,"lanes":1,"asset_id":19997,"age":65,"rul":42,"culvert":false},"geometry":{"type":"Point","coordinates":[178.0404721,-38.5145345]}},{"type":"Feature","properties":{"road_id":614,"road_name":"BACK ORMOND ROAD","bridge_name":"BARKERS","start_m":3094,"end_m":3113,"lanes":2,"asset_id":19998,"age":75,"rul":33,"culvert":false},"geometry":{"type":"Point","coordinates":[177.9759633,-38.6151673]}},{"type":"Feature","properties":{"road_id":614,"road_name":"BACK ORMOND ROAD","bridge_name":"STEVENS","start_m":5219,"end_m":5224,"lanes":2,"asset_id":19999,"age":45,"rul":67,"culvert":false},"geometry":{"type":"Point","coordinates":[177.9605192,-38.6004169]}},{"type":"Feature","properties":{"road_id":614,"road_name":"BACK ORMOND ROAD","bridge_name":"WITTERS","start_m":7055,"end_m":7062,"lanes":2,"asset_id":20000,"age":41,"rul":71,"culvert":false},"geometry":{"type":"Point","coordinates":[177.9470316,-38.588133]}},{"type":"Feature","properties":{"road_id":614,"road_name":"BACK ORMOND ROAD","bridge_name":"COURTENEYS","start_m":8154,"end_m":8162,"lanes":2,"asset_id":20001,"age":62,"rul":49,"culvert":false},"geometry":{"type":"Point","coordinates":[177.9386888,-38.581287]}},{"type":"Feature","properties":{"road_id":805,"road_name":"MATOKITOKI VALLEY ROAD","bridge_name":"MCCARTHYS","start_m":555,"end_m":569,"lanes":1,"asset_id":20004,"age":59,"rul":39,"culvert":false},"geometry":{"type":"Point","coordinates":[178.0079121,-38.6306796]}},{"type":"Feature","properties":{"road_id":690,"road_name":"NGAKOROA ROAD","bridge_name":"SHERRIFS","start_m":5648,"end_m":5658,"lanes":1,"asset_id":20006,"age":67,"rul":44,"culvert":false},"geometry":{"type":"Point","coordinates":[177.9435991,-38.507525]}},{"type":"Feature","properties":{"road_id":690,"road_name":"NGAKOROA ROAD","bridge_name":"GRAHAMS (LANGFORDS)","start_m":8205,"end_m":8221,"lanes":1,"asset_id":20007,"age":67,"rul":44,"culvert":false},"geometry":{"type":"Point","coordinates":[177.9544489,-38.4925788]}},{"type":"Feature","properties":{"road_id":690,"road_name":"NGAKOROA ROAD","bridge_name":"BENSONS","start_m":9417,"end_m":9440,"lanes":1,"asset_id":20008,"age":48,"rul":58,"culvert":false},"geometry":{"type":"Point","coordinates":[177.9566523,-38.4852109]}},{"type":"Feature","properties":{"road_id":958,"road_name":"NEWMAN ROAD","bridge_name":"NEWMANS","start_m":3432,"end_m":3445,"lanes":1,"asset_id":20009,"age":54,"rul":57,"culvert":false},"geometry":{"type":"Point","coordinates":[177.9155446,-38.4904193]}},{"type":"Feature","properties":{"road_id":742,"road_name":"TINIROTO ROAD","bridge_name":"AVONDALE","start_m":27987,"end_m":28016,"lanes":2,"asset_id":20010,"age":84,"rul":23,"culvert":false},"geometry":{"type":"Point","coordinates":[177.6720833,-38.6788596]}},{"type":"Feature","properties":{"road_id":742,"road_name":"TINIROTO ROAD","bridge_name":"GRAYS","start_m":36897,"end_m":36905,"lanes":2,"asset_id":20011,"age":72,"rul":39,"culvert":false},"geometry":{"type":"Point","coordinates":[177.6064816,-38.7166302]}},{"type":"Feature","properties":{"road_id":742,"road_name":"TINIROTO ROAD","bridge_name":"KAIKOURA","start_m":40247,"end_m":40287,"lanes":2,"asset_id":20012,"age":49,"rul":57,"culvert":false},"geometry":{"type":"Point","coordinates":[177.5961018,-38.7332331]}},{"type":"Feature","properties":{"road_id":742,"road_name":"TINIROTO ROAD","bridge_name":"GLASSFORDS","start_m":54571,"end_m":54595,"lanes":2,"asset_id":20013,"age":89,"rul":16,"culvert":false},"geometry":{"type":"Point","coordinates":[177.5379245,-38.8054105]}},{"type":"Feature","properties":{"road_id":1469,"road_name":"KIRKPATRICK ROAD","bridge_name":"TRIANGLE","start_m":6,"end_m":19,"lanes":2,"asset_id":20014,"age":52,"rul":44,"culvert":false},"geometry":{"type":"Point","coordinates":[177.8989789,-38.6541739]}},{"type":"Feature","properties":{"road_id":1469,"road_name":"KIRKPATRICK ROAD","bridge_name":"TIETJANS","start_m":3908,"end_m":3952,"lanes":1,"asset_id":20015,"age":41,"rul":71,"culvert":false},"geometry":{"type":"Point","coordinates":[177.9073025,-38.6202241]}},{"type":"Feature","properties":{"road_id":733,"road_name":"BUSHY KNOLL ROAD","bridge_name":"AWAPAPA","start_m":162,"end_m":196,"lanes":1,"asset_id":20016,"age":68,"rul":35,"culvert":false},"geometry":{"type":"Point","coordinates":[177.6426163,-38.6813324]}},{"type":"Feature","properties":{"road_id":751,"road_name":"RUAKAKA ROAD","bridge_name":"RUAKAKA NO. 1","start_m":7731,"end_m":7794,"lanes":1,"asset_id":20019,"age":57,"rul":44,"culvert":false},"geometry":{"type":"Point","coordinates":[177.5187441,-38.7474771]}},{"type":"Feature","properties":{"road_id":751,"road_name":"RUAKAKA ROAD","bridge_name":"MOSSMAN 4","start_m":10765,"end_m":10788,"lanes":1,"asset_id":20020,"age":45,"rul":67,"culvert":false},"geometry":{"type":"Point","coordinates":[177.5274696,-38.7299471]}},{"type":"Feature","properties":{"road_id":751,"road_name":"RUAKAKA ROAD","bridge_name":"RUAKAKA NO. 3","start_m":14406,"end_m":14439,"lanes":1,"asset_id":20021,"age":60,"rul":42,"culvert":false},"geometry":{"type":"Point","coordinates":[177.5529557,-38.7172456]}},{"type":"Feature","properties":{"road_id":751,"road_name":"RUAKAKA ROAD","bridge_name":"KAIKINO","start_m":15500,"end_m":15512,"lanes":1,"asset_id":20022,"age":56,"rul":55,"culvert":false},"geometry":{"type":"Point","coordinates":[177.5638395,-38.7183705]}},{"type":"Feature","properties":{"road_id":749,"road_name":"PEHIRI ROAD","bridge_name":"SANCTUARY","start_m":10361,"end_m":10392,"lanes":1,"asset_id":20024,"age":65,"rul":46,"culvert":false},"geometry":{"type":"Point","coordinates":[177.6789358,-38.638567]}},{"type":"Feature","properties":{"road_id":749,"road_name":"PEHIRI ROAD","bridge_name":"HAINS","start_m":16103,"end_m":16119,"lanes":1,"asset_id":20025,"age":67,"rul":44,"culvert":false},"geometry":{"type":"Point","coordinates":[177.6401152,-38.6355835]}},{"type":"Feature","properties":{"road_id":749,"road_name":"PEHIRI ROAD","bridge_name":"LOUGHERS","start_m":17229,"end_m":17264,"lanes":1,"asset_id":20026,"age":66,"rul":45,"culvert":false},"geometry":{"type":"Point","coordinates":[177.62859,-38.6391075]}},{"type":"Feature","properties":{"road_id":749,"road_name":"PEHIRI ROAD","bridge_name":"SCHOOL","start_m":19979,"end_m":20010,"lanes":1,"asset_id":20027,"age":65,"rul":46,"culvert":false},"geometry":{"type":"Point","coordinates":[177.613628,-38.647058]}},{"type":"Feature","properties":{"road_id":749,"road_name":"PEHIRI ROAD","bridge_name":"LITTLEWORTHS","start_m":21081,"end_m":21094,"lanes":1,"asset_id":20028,"age":59,"rul":52,"culvert":false},"geometry":{"type":"Point","coordinates":[177.6061051,-38.6423249]}},{"type":"Feature","properties":{"road_id":749,"road_name":"PEHIRI ROAD","bridge_name":"BURGESS","start_m":23558,"end_m":23574,"lanes":1,"asset_id":20029,"age":63,"rul":48,"culvert":false},"geometry":{"type":"Point","coordinates":[177.5816061,-38.6353295]}},{"type":"Feature","properties":{"road_id":749,"road_name":"PEHIRI ROAD","bridge_name":"BLUE CUTTING","start_m":25277,"end_m":25300,"lanes":1,"asset_id":20030,"age":56,"rul":55,"culvert":false},"geometry":{"type":"Point","coordinates":[177.5635635,-38.6319629]}},{"type":"Feature","properties":{"road_id":749,"road_name":"PEHIRI ROAD","bridge_name":"PAOPAO","start_m":27398,"end_m":27415,"lanes":1,"asset_id":20031,"age":37,"rul":75,"culvert":false},"geometry":{"type":"Point","coordinates":[177.5454408,-38.6275879]}},{"type":"Feature","properties":{"road_id":749,"road_name":"PEHIRI ROAD","bridge_name":"STEELES","start_m":30704,"end_m":30741,"lanes":1,"asset_id":20032,"age":63,"rul":48,"culvert":false},"geometry":{"type":"Point","coordinates":[177.5182156,-38.6240926]}},{"type":"Feature","properties":{"road_id":749,"road_name":"PEHIRI ROAD","bridge_name":"PENFREIGHS","start_m":32912,"end_m":32974,"lanes":1,"asset_id":20033,"age":43,"rul":63,"culvert":false},"geometry":{"type":"Point","coordinates":[177.5023278,-38.6196163]}},{"type":"Feature","properties":{"road_id":757,"road_name":"STAFFORD ROAD","bridge_name":"JEFFREYS","start_m":33,"end_m":55,"lanes":1,"asset_id":20034,"age":51,"rul":61,"culvert":false},"geometry":{"type":"Point","coordinates":[177.697679,-38.6351442]}},{"type":"Feature","properties":{"road_id":757,"road_name":"STAFFORD ROAD","bridge_name":"STAFFORDS","start_m":2484,"end_m":2500,"lanes":1,"asset_id":20035,"age":55,"rul":56,"culvert":false},"geometry":{"type":"Point","coordinates":[177.7154787,-38.6220219]}},{"type":"Feature","properties":{"road_id":832,"road_name":"VEITCH ROAD","bridge_name":"VEITCHES ACC","start_m":41,"end_m":61,"lanes":1,"asset_id":20036,"age":59,"rul":43,"culvert":false},"geometry":{"type":"Point","coordinates":[177.6687449,-38.6372619]}},{"type":"Feature","properties":{"road_id":830,"road_name":"TRAFFORD ROAD","bridge_name":"TRAFFORD ACC","start_m":408,"end_m":460,"lanes":1,"asset_id":20038,"age":37,"rul":75,"culvert":false},"geometry":{"type":"Point","coordinates":[177.5506623,-38.6301293]}},{"type":"Feature","properties":{"road_id":1497,"road_name":"SHERRATT ROAD","bridge_name":"SHERRATTS ACC","start_m":64,"end_m":113,"lanes":1,"asset_id":20039,"age":44,"rul":68,"culvert":false},"geometry":{"type":"Point","coordinates":[177.5000741,-38.6199633]}},{"type":"Feature","properties":{"road_id":764,"road_name":"WHAREKOPAE ROAD","bridge_name":"SPANIARDS","start_m":7159,"end_m":7186,"lanes":2,"asset_id":20040,"age":74,"rul":4,"culvert":false},"geometry":{"type":"Point","coordinates":[177.8526358,-38.6349161]}},{"type":"Feature","properties":{"road_id":764,"road_name":"WHAREKOPAE ROAD","bridge_name":"PAPWORTHS","start_m":14763,"end_m":14788,"lanes":2,"asset_id":20041,"age":63,"rul":48,"culvert":false},"geometry":{"type":"Point","coordinates":[177.7969213,-38.5926211]}},{"type":"Feature","properties":{"road_id":764,"road_name":"WHAREKOPAE ROAD","bridge_name":"CARSWELLS","start_m":17553,"end_m":17560,"lanes":2,"asset_id":20042,"age":41,"rul":71,"culvert":false},"geometry":{"type":"Point","coordinates":[177.775792,-38.593534]}},{"type":"Feature","properties":{"road_id":764,"road_name":"WHAREKOPAE ROAD","bridge_name":"CHRISTOPHER","start_m":20511,"end_m":20530,"lanes":2,"asset_id":20043,"age":67,"rul":44,"culvert":false},"geometry":{"type":"Point","coordinates":[177.7468795,-38.5819336]}},{"type":"Feature","properties":{"road_id":764,"road_name":"WHAREKOPAE ROAD","bridge_name":"STAFFORD","start_m":21239,"end_m":21258,"lanes":2,"asset_id":20044,"age":71,"rul":40,"culvert":false},"geometry":{"type":"Point","coordinates":[177.7408802,-38.5774026]}},{"type":"Feature","properties":{"road_id":764,"road_name":"WHAREKOPAE ROAD","bridge_name":"DEEP CREEK","start_m":25964,"end_m":25981,"lanes":1,"asset_id":20045,"age":65,"rul":42,"culvert":false},"geometry":{"type":"Point","coordinates":[177.6987276,-38.5562042]}},{"type":"Feature","properties":{"road_id":764,"road_name":"WHAREKOPAE ROAD","bridge_name":"SEMMENS","start_m":30098,"end_m":30145,"lanes":1,"asset_id":20046,"age":61,"rul":50,"culvert":false},"geometry":{"type":"Point","coordinates":[177.6597899,-38.5467784]}},{"type":"Feature","properties":{"road_id":760,"road_name":"TAUMATA ROAD","bridge_name":"DAVIES (WHAREKOPAE)","start_m":860,"end_m":893,"lanes":1,"asset_id":20047,"age":60,"rul":51,"culvert":false},"geometry":{"type":"Point","coordinates":[177.632211,-38.5557918]}},{"type":"Feature","properties":{"road_id":760,"road_name":"TAUMATA ROAD","bridge_name":"TANGIHAU","start_m":2039,"end_m":2064,"lanes":1,"asset_id":20048,"age":60,"rul":47,"culvert":false},"geometry":{"type":"Point","coordinates":[177.6210022,-38.5603551]}},{"type":"Feature","properties":{"road_id":760,"road_name":"TAUMATA ROAD","bridge_name":"FORMER 5","start_m":10397,"end_m":10413,"lanes":1,"asset_id":20049,"age":60,"rul":51,"culvert":false},"geometry":{"type":"Point","coordinates":[177.5406087,-38.5841552]}},{"type":"Feature","properties":{"road_id":760,"road_name":"TAUMATA ROAD","bridge_name":"FORMER 6","start_m":11008,"end_m":11021,"lanes":1,"asset_id":20050,"age":60,"rul":51,"culvert":false},"geometry":{"type":"Point","coordinates":[177.5363588,-38.5873716]}},{"type":"Feature","properties":{"road_id":829,"road_name":"WAIMAHA ROAD","bridge_name":"WAIMAHA","start_m":1343,"end_m":1356,"lanes":1,"asset_id":20051,"age":58,"rul":53,"culvert":false},"geometry":{"type":"Point","coordinates":[177.4869628,-38.6030225]}},{"type":"Feature","properties":{"road_id":873,"road_name":"SMITH ROAD","bridge_name":"SMITHS ACC","start_m":67,"end_m":88,"lanes":1,"asset_id":20052,"age":62,"rul":84,"culvert":false},"geometry":{"type":"Point","coordinates":[177.8234387,-38.6258895]}},{"type":"Feature","properties":{"road_id":872,"road_name":"HILLS ROAD","bridge_name":"HILLS ACCESS","start_m":138,"end_m":161,"lanes":1,"asset_id":20053,"age":69,"rul":35,"culvert":false},"geometry":{"type":"Point","coordinates":[177.8103623,-38.6041835]}},{"type":"Feature","properties":{"road_id":871,"road_name":"CAMPBELL ROAD","bridge_name":"RAILWAY DRAIN BRIDGE","start_m":164,"end_m":177,"lanes":1,"asset_id":20054,"age":51,"rul":56,"culvert":false},"geometry":{"type":"Point","coordinates":[177.7983706,-38.5909315]}},{"type":"Feature","properties":{"road_id":762,"road_name":"TOTANGI ROAD","bridge_name":"TOTANGI CREEK","start_m":1324,"end_m":1337,"lanes":1,"asset_id":20055,"age":62,"rul":45,"culvert":false},"geometry":{"type":"Point","coordinates":[177.7895276,-38.5749678]}},{"type":"Feature","properties":{"road_id":762,"road_name":"TOTANGI ROAD","bridge_name":"TOTANGI 2","start_m":1969,"end_m":1982,"lanes":1,"asset_id":20056,"age":60,"rul":47,"culvert":false},"geometry":{"type":"Point","coordinates":[177.7831385,-38.5723386]}},{"type":"Feature","properties":{"road_id":754,"road_name":"RUSSELL ROAD","bridge_name":"MANGATOETOE","start_m":68,"end_m":84,"lanes":1,"asset_id":20057,"age":62,"rul":45,"culvert":false},"geometry":{"type":"Point","coordinates":[177.7760465,-38.5941168]}},{"type":"Feature","properties":{"road_id":867,"road_name":"HIHIROROA ROAD (SOUTH)","bridge_name":"HIHIROROA 1 (JOBSONS)","start_m":831,"end_m":850,"lanes":1,"asset_id":20058,"age":62,"rul":45,"culvert":false},"geometry":{"type":"Point","coordinates":[177.7223864,-38.5579226]}},{"type":"Feature","properties":{"road_id":867,"road_name":"HIHIROROA ROAD (SOUTH)","bridge_name":"HIHIROROA 2","start_m":1987,"end_m":2009,"lanes":1,"asset_id":20059,"age":56,"rul":55,"culvert":false},"geometry":{"type":"Point","coordinates":[177.723678,-38.5486831]}},{"type":"Feature","properties":{"road_id":867,"road_name":"HIHIROROA ROAD (SOUTH)","bridge_name":"LAWS 3","start_m":2833,"end_m":2850,"lanes":1,"asset_id":20060,"age":45,"rul":50,"culvert":false},"geometry":{"type":"Point","coordinates":[177.7210053,-38.5417793]}},{"type":"Feature","properties":{"road_id":867,"road_name":"HIHIROROA ROAD (SOUTH)","bridge_name":"HIHIROROA 4","start_m":7892,"end_m":7948,"lanes":1,"asset_id":20061,"age":68,"rul":43,"culvert":false},"geometry":{"type":"Point","coordinates":[177.7273105,-38.5079304]}},{"type":"Feature","properties":{"road_id":866,"road_name":"FALKNER ROAD","bridge_name":"WHAREKOPAE","start_m":2157,"end_m":2200,"lanes":1,"asset_id":20062,"age":70,"rul":3,"culvert":false},"geometry":{"type":"Point","coordinates":[177.6882325,-38.5334382]}},{"type":"Feature","properties":{"road_id":740,"road_name":"LAVENHAM ROAD","bridge_name":"LAVENHAM","start_m":13010,"end_m":13060,"lanes":2,"asset_id":20063,"age":67,"rul":44,"culvert":false},"geometry":{"type":"Point","coordinates":[177.8912812,-38.6189671]}},{"type":"Feature","properties":{"road_id":740,"road_name":"LAVENHAM ROAD","bridge_name":"BLACKS","start_m":5828,"end_m":5861,"lanes":2,"asset_id":20064,"age":67,"rul":36,"culvert":false},"geometry":{"type":"Point","coordinates":[177.8990164,-38.5620018]}},{"type":"Feature","properties":{"road_id":793,"road_name":"KNIGHT ROAD","bridge_name":"LAVENHAM DRAIN","start_m":212,"end_m":226,"lanes":1,"asset_id":20065,"age":59,"rul":48,"culvert":false},"geometry":{"type":"Point","coordinates":[177.8873917,-38.6156373]}},{"type":"Feature","properties":{"road_id":900,"road_name":"MOANUI ROAD","bridge_name":"MOANUI 1","start_m":990,"end_m":1034,"lanes":1,"asset_id":20066,"age":51,"rul":56,"culvert":false},"geometry":{"type":"Point","coordinates":[177.4599902,-38.3895335]}},{"type":"Feature","properties":{"road_id":900,"road_name":"MOANUI ROAD","bridge_name":"MOANUI 2","start_m":6173,"end_m":6186,"lanes":1,"asset_id":20067,"age":51,"rul":45,"culvert":false},"geometry":{"type":"Point","coordinates":[177.4318076,-38.4077739]}},{"type":"Feature","properties":{"road_id":900,"road_name":"MOANUI ROAD","bridge_name":"MOANUI 3","start_m":16852,"end_m":16866,"lanes":1,"asset_id":20068,"age":57,"rul":16,"culvert":false},"geometry":{"type":"Point","coordinates":[177.3411209,-38.4256054]}},{"type":"Feature","properties":{"road_id":897,"road_name":"TE WERA ROAD","bridge_name":"ROADMANS","start_m":5873,"end_m":5895,"lanes":1,"asset_id":20069,"age":56,"rul":55,"culvert":false},"geometry":{"type":"Point","coordinates":[177.4524153,-38.4210439]}},{"type":"Feature","properties":{"road_id":897,"road_name":"TE WERA ROAD","bridge_name":"FALLS","start_m":6547,"end_m":6552,"lanes":1,"asset_id":20070,"age":97,"rul":8,"culvert":false},"geometry":{"type":"Point","coordinates":[177.4530782,-38.4266383]}},{"type":"Feature","properties":{"road_id":897,"road_name":"TE WERA ROAD","bridge_name":"KORANGA","start_m":11427,"end_m":11456,"lanes":1,"asset_id":20071,"age":86,"rul":19,"culvert":false},"geometry":{"type":"Point","coordinates":[177.4235422,-38.4613359]}},{"type":"Feature","properties":{"road_id":901,"road_name":"KORANGA VALLEY ROAD","bridge_name":"TE WERA 1","start_m":1863,"end_m":1882,"lanes":1,"asset_id":20072,"age":48,"rul":48,"culvert":false},"geometry":{"type":"Point","coordinates":[177.4053432,-38.4565263]}},{"type":"Feature","properties":{"road_id":901,"road_name":"KORANGA VALLEY ROAD","bridge_name":"TE WERA 2","start_m":3865,"end_m":3880,"lanes":1,"asset_id":20073,"age":67,"rul":40,"culvert":false},"geometry":{"type":"Point","coordinates":[177.388576,-38.4590666]}},{"type":"Feature","properties":{"road_id":901,"road_name":"KORANGA VALLEY ROAD","bridge_name":"TE WERA 3","start_m":9094,"end_m":9116,"lanes":1,"asset_id":20074,"age":51,"rul":56,"culvert":false},"geometry":{"type":"Point","coordinates":[177.3468452,-38.4546155]}},{"type":"Feature","properties":{"road_id":897,"road_name":"TE WERA ROAD","bridge_name":"WOOLSHED","start_m":12802,"end_m":12821,"lanes":1,"asset_id":20075,"age":45,"rul":40,"culvert":false},"geometry":{"type":"Point","coordinates":[177.4320344,-38.4695002]}},{"type":"Feature","properties":{"road_id":902,"road_name":"RAKAUROA ROAD","bridge_name":"QUIRKS MILL","start_m":18379,"end_m":18393,"lanes":1,"asset_id":20076,"age":44,"rul":56,"culvert":false},"geometry":{"type":"Point","coordinates":[177.451352,-38.475768]}},{"type":"Feature","properties":{"road_id":1499,"road_name":"TAHORA ROAD","bridge_name":"MUTUERA 2","start_m":10145,"end_m":10161,"lanes":1,"asset_id":20077,"age":50,"rul":56,"culvert":false},"geometry":{"type":"Point","coordinates":[177.4461782,-38.5469256]}},{"type":"Feature","properties":{"road_id":1498,"road_name":"TAHORA SETTLEMENT ROAD","bridge_name":"TAHORA 1","start_m":1192,"end_m":1209,"lanes":1,"asset_id":20078,"age":57,"rul":40,"culvert":false},"geometry":{"type":"Point","coordinates":[177.4254407,-38.5386521]}},{"type":"Feature","properties":{"road_id":1498,"road_name":"TAHORA SETTLEMENT ROAD","bridge_name":"TAHORA 2","start_m":2182,"end_m":2195,"lanes":1,"asset_id":20079,"age":45,"rul":67,"culvert":false},"geometry":{"type":"Point","coordinates":[177.4171862,-38.5418958]}},{"type":"Feature","properties":{"road_id":1498,"road_name":"TAHORA SETTLEMENT ROAD","bridge_name":"TAHORA 3","start_m":3275,"end_m":3288,"lanes":1,"asset_id":20080,"age":45,"rul":67,"culvert":false},"geometry":{"type":"Point","coordinates":[177.4053458,-38.5419491]}},{"type":"Feature","properties":{"road_id":1499,"road_name":"TAHORA ROAD","bridge_name":"MUTUERA 1","start_m":7100,"end_m":7116,"lanes":1,"asset_id":20081,"age":50,"rul":56,"culvert":false},"geometry":{"type":"Point","coordinates":[177.4293894,-38.5252546]}},{"type":"Feature","properties":{"road_id":764,"road_name":"WHAREKOPAE ROAD","bridge_name":"RERE FALLS","start_m":36152,"end_m":36187,"lanes":1,"asset_id":20082,"age":68,"rul":43,"culvert":false},"geometry":{"type":"Point","coordinates":[177.6101557,-38.5374741]}},{"type":"Feature","properties":{"road_id":764,"road_name":"WHAREKOPAE ROAD","bridge_name":"MCCREADIES","start_m":38998,"end_m":39023,"lanes":1,"asset_id":20083,"age":58,"rul":49,"culvert":false},"geometry":{"type":"Point","coordinates":[177.5822244,-38.5386595]}},{"type":"Feature","properties":{"road_id":764,"road_name":"WHAREKOPAE ROAD","bridge_name":"MOKONUI","start_m":41077,"end_m":41089,"lanes":1,"asset_id":20084,"age":43,"rul":26,"culvert":false},"geometry":{"type":"Point","coordinates":[177.5604976,-38.5383709]}},{"type":"Feature","properties":{"road_id":764,"road_name":"WHAREKOPAE ROAD","bridge_name":"BOUNDARY","start_m":44083,"end_m":44100,"lanes":1,"asset_id":20085,"age":83,"rul":27,"culvert":false},"geometry":{"type":"Point","coordinates":[177.533845,-38.5328633]}},{"type":"Feature","properties":{"road_id":764,"road_name":"WHAREKOPAE ROAD","bridge_name":"ROBERTS","start_m":44219,"end_m":44235,"lanes":1,"asset_id":20086,"age":62,"rul":36,"culvert":false},"geometry":{"type":"Point","coordinates":[177.5332418,-38.5339042]}},{"type":"Feature","properties":{"road_id":764,"road_name":"WHAREKOPAE ROAD","bridge_name":"WHAREKOPAE HILL","start_m":44748,"end_m":44756,"lanes":1,"asset_id":20087,"age":46,"rul":60,"culvert":false},"geometry":{"type":"Point","coordinates":[177.5280557,-38.5348582]}},{"type":"Feature","properties":{"road_id":919,"road_name":"MOTU ROAD","bridge_name":"MATAWAI","start_m":39,"end_m":50,"lanes":1,"asset_id":20088,"age":100,"rul":3,"culvert":false},"geometry":{"type":"Point","coordinates":[177.5355612,-38.3569039]}},{"type":"Feature","properties":{"road_id":919,"road_name":"MOTU ROAD","bridge_name":"MOTU HIGHWAY","start_m":9734,"end_m":9755,"lanes":1,"asset_id":20089,"age":85,"rul":25,"culvert":false},"geometry":{"type":"Point","coordinates":[177.5380025,-38.2828035]}},{"type":"Feature","properties":{"road_id":1303,"road_name":"MOUTOHORA ROAD","bridge_name":"MOUTOHORA","start_m":19,"end_m":64,"lanes":1,"asset_id":20090,"age":54,"rul":42,"culvert":false},"geometry":{"type":"Point","coordinates":[177.5340396,-38.2840774]}},{"type":"Feature","properties":{"road_id":1303,"road_name":"MOUTOHORA ROAD","bridge_name":"KOWHAI (WEST)","start_m":2097,"end_m":2112,"lanes":1,"asset_id":20091,"age":55,"rul":52,"culvert":false},"geometry":{"type":"Point","coordinates":[177.5113892,-38.2796895]}},{"type":"Feature","properties":{"road_id":919,"road_name":"MOTU ROAD","bridge_name":"MOTU RIVER BRIDGE","start_m":13226,"end_m":13272,"lanes":1,"asset_id":20092,"age":52,"rul":44,"culvert":false},"geometry":{"type":"Point","coordinates":[177.5474105,-38.2560095]}},{"type":"Feature","properties":{"road_id":910,"road_name":"MARUMOKO ROAD","bridge_name":"MARUMOKO 1","start_m":217,"end_m":229,"lanes":1,"asset_id":20093,"age":67,"rul":44,"culvert":false},"geometry":{"type":"Point","coordinates":[177.5473498,-38.2521507]}},{"type":"Feature","properties":{"road_id":910,"road_name":"MARUMOKO ROAD","bridge_name":"MARUMOKO 2","start_m":8117,"end_m":8128,"lanes":1,"asset_id":20094,"age":76,"rul":27,"culvert":false},"geometry":{"type":"Point","coordinates":[177.5898411,-38.2173245]}},{"type":"Feature","properties":{"road_id":914,"road_name":"MOTU FALLS ROAD","bridge_name":"FALLS 2","start_m":2002,"end_m":2018,"lanes":1,"asset_id":20095,"age":54,"rul":43,"culvert":false},"geometry":{"type":"Point","coordinates":[177.5688036,-38.2584747]}},{"type":"Feature","properties":{"road_id":914,"road_name":"MOTU FALLS ROAD","bridge_name":"FALLS 3","start_m":4395,"end_m":4409,"lanes":1,"asset_id":20096,"age":53,"rul":59,"culvert":false},"geometry":{"type":"Point","coordinates":[177.5904612,-38.2491508]}},{"type":"Feature","properties":{"road_id":914,"road_name":"MOTU FALLS ROAD","bridge_name":"FALLS 4","start_m":6372,"end_m":6391,"lanes":1,"asset_id":20097,"age":45,"rul":67,"culvert":false},"geometry":{"type":"Point","coordinates":[177.6073806,-38.2505403]}},{"type":"Feature","properties":{"road_id":917,"road_name":"FRASERS HILL ROAD","bridge_name":"BIRCH HILL","start_m":1141,"end_m":1153,"lanes":1,"asset_id":20098,"age":67,"rul":16,"culvert":false},"geometry":{"type":"Point","coordinates":[177.5711274,-38.2685536]}},{"type":"Feature","properties":{"road_id":924,"road_name":"WHAKARAU ROAD","bridge_name":"POUTUTU","start_m":2733,"end_m":2739,"lanes":2,"asset_id":20099,"age":53,"rul":59,"culvert":false},"geometry":{"type":"Point","coordinates":[177.7527853,-38.439939]}},{"type":"Feature","properties":{"road_id":924,"road_name":"WHAKARAU ROAD","bridge_name":"RANGIRIRI","start_m":21703,"end_m":21726,"lanes":1,"asset_id":20100,"age":53,"rul":43,"culvert":false},"geometry":{"type":"Point","coordinates":[177.628087,-38.382153]}},{"type":"Feature","properties":{"road_id":924,"road_name":"WHAKARAU ROAD","bridge_name":"KOKUPARA","start_m":25081,"end_m":25105,"lanes":1,"asset_id":20101,"age":53,"rul":54,"culvert":false},"geometry":{"type":"Point","coordinates":[177.6112649,-38.37506]}},{"type":"Feature","properties":{"road_id":924,"road_name":"WHAKARAU ROAD","bridge_name":"BRIDGES","start_m":33397,"end_m":33409,"lanes":1,"asset_id":20102,"age":36,"rul":56,"culvert":false},"geometry":{"type":"Point","coordinates":[177.5715751,-38.3243909]}},{"type":"Feature","properties":{"road_id":924,"road_name":"WHAKARAU ROAD","bridge_name":"WRIGHTS","start_m":34087,"end_m":34100,"lanes":1,"asset_id":20103,"age":41,"rul":52,"culvert":false},"geometry":{"type":"Point","coordinates":[177.5691635,-38.318698]}},{"type":"Feature","properties":{"road_id":924,"road_name":"WHAKARAU ROAD","bridge_name":"PIERCES","start_m":37153,"end_m":37164,"lanes":1,"asset_id":20104,"age":51,"rul":56,"culvert":false},"geometry":{"type":"Point","coordinates":[177.5534133,-38.2973428]}},{"type":"Feature","properties":{"road_id":890,"road_name":"MAKARETU ROAD","bridge_name":"MAKARETU NO.1","start_m":11156,"end_m":11166,"lanes":1,"asset_id":20106,"age":51,"rul":56,"culvert":false},"geometry":{"type":"Point","coordinates":[177.5821567,-38.4866997]}},{"type":"Feature","properties":{"road_id":890,"road_name":"MAKARETU ROAD","bridge_name":"MAKARETU NO.2","start_m":12351,"end_m":12370,"lanes":1,"asset_id":20107,"age":51,"rul":56,"culvert":false},"geometry":{"type":"Point","coordinates":[177.5745491,-38.4904994]}},{"type":"Feature","properties":{"road_id":1224,"road_name":"MAHAKI SETTLEMENT ROAD","bridge_name":"MAHAKI","start_m":176,"end_m":224,"lanes":1,"asset_id":20108,"age":69,"rul":29,"culvert":false},"geometry":{"type":"Point","coordinates":[177.72242,-38.4267768]}},{"type":"Feature","properties":{"road_id":786,"road_name":"WHATATUTU ROAD","bridge_name":"PUHA","start_m":63,"end_m":131,"lanes":2,"asset_id":20109,"age":68,"rul":39,"culvert":false},"geometry":{"type":"Point","coordinates":[177.8325515,-38.4757344]}},{"type":"Feature","properties":{"road_id":786,"road_name":"WHATATUTU ROAD","bridge_name":"WHAEO","start_m":3592,"end_m":3617,"lanes":2,"asset_id":20110,"age":69,"rul":34,"culvert":false},"geometry":{"type":"Point","coordinates":[177.8310995,-38.4454915]}},{"type":"Feature","properties":{"road_id":932,"road_name":"MANGATU ROAD","bridge_name":"MANGATU","start_m":934,"end_m":990,"lanes":2,"asset_id":20111,"age":50,"rul":51,"culvert":false},"geometry":{"type":"Point","coordinates":[177.8239577,-38.3801025]}},{"type":"Feature","properties":{"road_id":927,"road_name":"ARMSTRONG ROAD","bridge_name":"ARMSTRONG ROAD BRIDGE","start_m":4256,"end_m":4265,"lanes":1,"asset_id":20112,"age":42,"rul":86,"culvert":false},"geometry":{"type":"Point","coordinates":[177.8413824,-38.287728]}},{"type":"Feature","properties":{"road_id":1522,"road_name":"OTARA ROAD","bridge_name":"OTAKA ACCESS","start_m":220,"end_m":242,"lanes":1,"asset_id":20114,"age":60,"rul":47,"culvert":false},"geometry":{"type":"Point","coordinates":[177.8290167,-38.4259674]}},{"type":"Feature","properties":{"road_id":936,"road_name":"TE HAU ROAD","bridge_name":"TE HAU","start_m":1362,"end_m":1454,"lanes":1,"asset_id":20115,"age":47,"rul":48,"culvert":false},"geometry":{"type":"Point","coordinates":[177.8431066,-38.3765368]}},{"type":"Feature","properties":{"road_id":936,"road_name":"TE HAU ROAD","bridge_name":"TE HAU HOMESTEAD","start_m":3496,"end_m":3503,"lanes":1,"asset_id":20116,"age":66,"rul":41,"culvert":false},"geometry":{"type":"Point","coordinates":[177.8598702,-38.3841562]}},{"type":"Feature","properties":{"road_id":937,"road_name":"OMAPERE ROAD","bridge_name":"OMAPERE","start_m":20,"end_m":91,"lanes":1,"asset_id":20118,"age":58,"rul":29,"culvert":false},"geometry":{"type":"Point","coordinates":[177.7934823,-38.3787343]}},{"type":"Feature","properties":{"road_id":934,"road_name":"MANGAMAIA ROAD","bridge_name":"MANGATU?","start_m":4839,"end_m":4895,"lanes":1,"asset_id":20119,"age":58,"rul":20,"culvert":false},"geometry":{"type":"Point","coordinates":[177.7840652,-38.3587561]}},{"type":"Feature","properties":{"road_id":929,"road_name":"WAIRERE ROAD (MANGATU)","bridge_name":"WAIRERE","start_m":2362,"end_m":2449,"lanes":1,"asset_id":20120,"age":56,"rul":51,"culvert":false},"geometry":{"type":"Point","coordinates":[177.7845453,-38.3178844]}},{"type":"Feature","properties":{"road_id":779,"road_name":"KANAKANAIA ROAD","bridge_name":"KANAKANAIA","start_m":1208,"end_m":1335,"lanes":1,"asset_id":20121,"age":45,"rul":25,"culvert":false},"geometry":{"type":"Point","coordinates":[177.8757774,-38.4615334]}},{"type":"Feature","properties":{"road_id":779,"road_name":"KANAKANAIA ROAD","bridge_name":"ATKINS","start_m":6280,"end_m":6327,"lanes":1,"asset_id":20122,"age":62,"rul":45,"culvert":false},"geometry":{"type":"Point","coordinates":[177.8984227,-38.4336937]}},{"type":"Feature","properties":{"road_id":779,"road_name":"KANAKANAIA ROAD","bridge_name":"BELLERBYS NO. 1 BRIDGE","start_m":8439,"end_m":8485,"lanes":1,"asset_id":20123,"age":66,"rul":45,"culvert":false},"geometry":{"type":"Point","coordinates":[177.918844,-38.4278291]}},{"type":"Feature","properties":{"road_id":779,"road_name":"KANAKANAIA ROAD","bridge_name":"BELLERBYS NO. 2 BRIDGE","start_m":9200,"end_m":9253,"lanes":1,"asset_id":20124,"age":57,"rul":40,"culvert":false},"geometry":{"type":"Point","coordinates":[177.9206424,-38.4211608]}},{"type":"Feature","properties":{"road_id":779,"road_name":"KANAKANAIA ROAD","bridge_name":"ROADMANS BRIDGE","start_m":9980,"end_m":9992,"lanes":1,"asset_id":20125,"age":57,"rul":54,"culvert":false},"geometry":{"type":"Point","coordinates":[177.925304,-38.4155887]}},{"type":"Feature","properties":{"road_id":779,"road_name":"KANAKANAIA ROAD","bridge_name":"RIBBONS","start_m":10725,"end_m":10759,"lanes":1,"asset_id":20126,"age":64,"rul":47,"culvert":false},"geometry":{"type":"Point","coordinates":[177.9302388,-38.4107071]}},{"type":"Feature","properties":{"road_id":779,"road_name":"KANAKANAIA ROAD","bridge_name":"FRASERS","start_m":12826,"end_m":12860,"lanes":1,"asset_id":20127,"age":65,"rul":42,"culvert":false},"geometry":{"type":"Point","coordinates":[177.9495448,-38.4083153]}},{"type":"Feature","properties":{"road_id":1240,"road_name":"WAITANGI ROAD","bridge_name":"WAITANGI ACCESS","start_m":5524,"end_m":5571,"lanes":1,"asset_id":20128,"age":56,"rul":51,"culvert":false},"geometry":{"type":"Point","coordinates":[177.9402163,-38.3521024]}},{"type":"Feature","properties":{"road_id":1307,"road_name":"BRUCE ROAD (KANAKANAIA)","bridge_name":"WILSONS","start_m":594,"end_m":598,"lanes":1,"asset_id":20129,"age":45,"rul":61,"culvert":false},"geometry":{"type":"Point","coordinates":[177.9560542,-38.408296]}},{"type":"Feature","properties":{"road_id":1307,"road_name":"BRUCE ROAD (KANAKANAIA)","bridge_name":"BRUCES ACCESS","start_m":3693,"end_m":3720,"lanes":1,"asset_id":20131,"age":57,"rul":36,"culvert":false},"geometry":{"type":"Point","coordinates":[177.9809923,-38.4089084]}},{"type":"Feature","properties":{"road_id":1661,"road_name":"PIPIWHAKAO SPUR ROAD","bridge_name":"PIPIWHAKAO BRIDGE","start_m":13,"end_m":26,"lanes":1,"asset_id":20132,"age":67,"rul":14,"culvert":false},"geometry":{"type":"Point","coordinates":[177.9125879,-38.6637855]}},{"type":"Feature","properties":{"road_id":755,"road_name":"SADDLER ROAD","bridge_name":"NEW BRIDGE","start_m":1757,"end_m":1767,"lanes":1,"asset_id":20133,"age":64,"rul":47,"culvert":false},"geometry":{"type":"Point","coordinates":[177.8972393,-38.7043169]}},{"type":"Feature","properties":{"road_id":806,"road_name":"RAKAUKAKA ROAD","bridge_name":"RAKAUKAKA","start_m":925,"end_m":933,"lanes":1,"asset_id":20134,"age":54,"rul":53,"culvert":false},"geometry":{"type":"Point","coordinates":[177.8636297,-38.6722651]}},{"type":"Feature","properties":{"road_id":719,"road_name":"WAINGAKE ROAD","bridge_name":"REAYS","start_m":10899,"end_m":10949,"lanes":1,"asset_id":20135,"age":67,"rul":40,"culvert":false},"geometry":{"type":"Point","coordinates":[177.8266521,-38.730875]}},{"type":"Feature","properties":{"road_id":719,"road_name":"WAINGAKE ROAD","bridge_name":"PARKERS","start_m":16954,"end_m":16972,"lanes":1,"asset_id":20136,"age":66,"rul":41,"culvert":false},"geometry":{"type":"Point","coordinates":[177.8003628,-38.7745643]}},{"type":"Feature","properties":{"road_id":719,"road_name":"WAINGAKE ROAD","bridge_name":"TE PURU","start_m":17223,"end_m":17277,"lanes":1,"asset_id":20137,"age":66,"rul":45,"culvert":false},"geometry":{"type":"Point","coordinates":[177.7983466,-38.7766678]}},{"type":"Feature","properties":{"road_id":719,"road_name":"WAINGAKE ROAD","bridge_name":"SCHOOL?","start_m":18449,"end_m":18497,"lanes":1,"asset_id":20138,"age":63,"rul":48,"culvert":false},"geometry":{"type":"Point","coordinates":[177.8000081,-38.7865124]}},{"type":"Feature","properties":{"road_id":719,"road_name":"WAINGAKE ROAD","bridge_name":"BULLS","start_m":19015,"end_m":19046,"lanes":1,"asset_id":20139,"age":62,"rul":49,"culvert":false},"geometry":{"type":"Point","coordinates":[177.7937355,-38.7873871]}},{"type":"Feature","properties":{"road_id":816,"road_name":"PAPARATU ROAD","bridge_name":"PORTERS","start_m":2209,"end_m":2241,"lanes":1,"asset_id":20140,"age":66,"rul":41,"culvert":false},"geometry":{"type":"Point","coordinates":[177.7474186,-38.8291668]}},{"type":"Feature","properties":{"road_id":816,"road_name":"PAPARATU ROAD","bridge_name":"JEX BLAEKES","start_m":10688,"end_m":10699,"lanes":1,"asset_id":20141,"age":89,"rul":21,"culvert":false},"geometry":{"type":"Point","coordinates":[177.6822544,-38.8468056]}},{"type":"Feature","properties":{"road_id":817,"road_name":"TAREWA ROAD","bridge_name":"HINEROA","start_m":4060,"end_m":4099,"lanes":1,"asset_id":20142,"age":45,"rul":49,"culvert":false},"geometry":{"type":"Point","coordinates":[177.8010271,-38.8947433]}},{"type":"Feature","properties":{"road_id":1525,"road_name":"PYKE ROAD","bridge_name":"PYKES","start_m":64,"end_m":95,"lanes":1,"asset_id":20143,"age":47,"rul":59,"culvert":false},"geometry":{"type":"Point","coordinates":[177.8175264,-38.7595932]}},{"type":"Feature","properties":{"road_id":1540,"road_name":"PATEMARU ROAD","bridge_name":"PATEMARU","start_m":60,"end_m":85,"lanes":1,"asset_id":20144,"age":45,"rul":56,"culvert":false},"geometry":{"type":"Point","coordinates":[177.792875,-38.7880593]}},{"type":"Feature","properties":{"road_id":27,"road_name":"ORMOND ROAD","bridge_name":"WILLIAMS BRIDGE","start_m":3875,"end_m":3892,"lanes":2,"asset_id":20145,"age":88,"rul":19,"culvert":false},"geometry":{"type":"Point","coordinates":[178.0053652,-38.6404579]}},{"type":"Feature","properties":{"road_id":912,"road_name":"NISBETT ROAD","bridge_name":"NISBETTS","start_m":295,"end_m":302,"lanes":1,"asset_id":20147,"age":45,"rul":61,"culvert":false},"geometry":{"type":"Point","coordinates":[177.5746924,-38.2510635]}},{"type":"Feature","properties":{"road_id":1304,"road_name":"STATION ROAD (RAKAUROA)","bridge_name":"RAKAUROA","start_m":697,"end_m":716,"lanes":1,"asset_id":20148,"age":51,"rul":61,"culvert":false},"geometry":{"type":"Point","coordinates":[177.5556959,-38.4156257]}},{"type":"Feature","properties":{"road_id":935,"road_name":"BARRON ROAD","bridge_name":"BARRONS (WEST)","start_m":1199,"end_m":1230,"lanes":1,"asset_id":20149,"age":64,"rul":35,"culvert":false},"geometry":{"type":"Point","coordinates":[177.7237153,-38.3503897]}},{"type":"Feature","properties":{"road_id":1527,"road_name":"MCNAUGHTON ROAD","bridge_name":"MCNAUGHTONS","start_m":18,"end_m":58,"lanes":1,"asset_id":20150,"age":61,"rul":28,"culvert":false},"geometry":{"type":"Point","coordinates":[178.0600744,-38.5048716]}},{"type":"Feature","properties":{"road_id":921,"road_name":"OLIVER ROAD","bridge_name":"OLLIVER","start_m":8905,"end_m":8930,"lanes":1,"asset_id":20152,"age":49,"rul":57,"culvert":false},"geometry":{"type":"Point","coordinates":[177.6155185,-38.4013668]}},{"type":"Feature","properties":{"road_id":920,"road_name":"DAVIS ROAD","bridge_name":"DAVIS","start_m":667,"end_m":682,"lanes":1,"asset_id":20153,"age":58,"rul":16,"culvert":false},"geometry":{"type":"Point","coordinates":[177.6186712,-38.3855692]}},{"type":"Feature","properties":{"road_id":1276,"road_name":"FITZHERBERT STREET","bridge_name":"PEEL ST BRIDGE","start_m":1,"end_m":119,"lanes":2,"asset_id":20155,"age":99,"rul":9,"culvert":false},"geometry":{"type":"Point","coordinates":[178.027778,-38.6651421]}},{"type":"Feature","properties":{"road_id":27,"road_name":"ORMOND ROAD","bridge_name":"WILLIAM PETTIE","start_m":13,"end_m":87,"lanes":2,"asset_id":20156,"age":56,"rul":55,"culvert":false},"geometry":{"type":"Point","coordinates":[178.0306077,-38.6668585]}},{"type":"Feature","properties":{"road_id":134,"road_name":"LYTTON ROAD","bridge_name":"LYTTON","start_m":909,"end_m":957,"lanes":2,"asset_id":20157,"age":68,"rul":38,"culvert":false},"geometry":{"type":"Point","coordinates":[178.0000207,-38.6473946]}},{"type":"Feature","properties":{"road_id":288,"road_name":"MASSEY ROAD","bridge_name":"MASSEY ARCH","start_m":110,"end_m":117,"lanes":2,"asset_id":20158,"age":95,"rul":1,"culvert":false},"geometry":{"type":"Point","coordinates":[178.0234475,-38.6464459]}},{"type":"Feature","properties":{"road_id":153,"road_name":"STOUT STREET","bridge_name":"STOUT ST ARCH","start_m":2422,"end_m":2439,"lanes":2,"asset_id":20159,"age":95,"rul":12,"culvert":false},"geometry":{"type":"Point","coordinates":[178.0134292,-38.6480089]}},{"type":"Feature","properties":{"road_id":291,"road_name":"OSWALD STREET","bridge_name":"OSWALD ST","start_m":640,"end_m":646,"lanes":2,"asset_id":20160,"age":95,"rul":13,"culvert":false},"geometry":{"type":"Point","coordinates":[178.0232127,-38.6486775]}},{"type":"Feature","properties":{"road_id":291,"road_name":"OSWALD STREET","bridge_name":"OSWALD ST ARCH","start_m":470,"end_m":477,"lanes":2,"asset_id":20161,"age":95,"rul":1,"culvert":false},"geometry":{"type":"Point","coordinates":[178.0220247,-38.6474718]}},{"type":"Feature","properties":{"road_id":92,"road_name":"GREY STREET","bridge_name":"GREY","start_m":911,"end_m":917,"lanes":2,"asset_id":20162,"age":67,"rul":39,"culvert":false},"geometry":{"type":"Point","coordinates":[178.0197117,-38.6682888]}},{"type":"Feature","properties":{"road_id":201,"road_name":"STANLEY ROAD","bridge_name":"STANLEY RD","start_m":1535,"end_m":1541,"lanes":2,"asset_id":20163,"age":66,"rul":35,"culvert":false},"geometry":{"type":"Point","coordinates":[178.0056699,-38.6650674]}},{"type":"Feature","properties":{"road_id":134,"road_name":"LYTTON ROAD","bridge_name":"LYTTON RD CULVERT","start_m":2921,"end_m":2927,"lanes":2,"asset_id":20164,"age":76,"rul":54,"culvert":true},"geometry":{"type":"Point","coordinates":[177.9923269,-38.6643294]}},{"type":"Feature","properties":{"road_id":49,"road_name":"DE LAUTOUR ROAD","bridge_name":"DELATOUR","start_m":1181,"end_m":1186,"lanes":2,"asset_id":20166,"age":60,"rul":51,"culvert":false},"geometry":{"type":"Point","coordinates":[178.0514156,-38.6666608]}},{"type":"Feature","properties":{"road_id":1529,"road_name":"NELSON ROAD","bridge_name":"NELSON RD","start_m":723,"end_m":741,"lanes":2,"asset_id":20168,"age":60,"rul":45,"culvert":false},"geometry":{"type":"Point","coordinates":[177.9931118,-38.6447328]}},{"type":"Feature","properties":{"road_id":327,"road_name":"SHELLEY ROAD","bridge_name":"SHELLEY RD","start_m":30,"end_m":35,"lanes":1,"asset_id":20169,"age":95,"rul":59,"culvert":false},"geometry":{"type":"Point","coordinates":[178.0326719,-38.647336]}},{"type":"Feature","properties":{"road_id":733,"road_name":"BUSHY KNOLL ROAD","bridge_name":"CULVERT 146","start_m":21200,"end_m":21202,"lanes":1,"asset_id":20171,"age":76,"rul":6,"culvert":true},"geometry":{"type":"Point","coordinates":[177.5090911,-38.6639953]}},{"type":"Feature","properties":{"road_id":808,"road_name":"BROWNS BEACH ROAD","bridge_name":"CULVERT 2 (BROWNS BEACH)","start_m":522,"end_m":524,"lanes":2,"asset_id":20172,"age":76,"rul":54,"culvert":true},"geometry":{"type":"Point","coordinates":[177.9194655,-38.7084838]}},{"type":"Feature","properties":{"road_id":914,"road_name":"MOTU FALLS ROAD","bridge_name":"CULVERT 61","start_m":6209,"end_m":6211,"lanes":1,"asset_id":20174,"age":76,"rul":2,"culvert":true},"geometry":{"type":"Point","coordinates":[177.6059121,-38.2512416]}},{"type":"Feature","properties":{"road_id":919,"road_name":"MOTU ROAD","bridge_name":"CULVERT 103","start_m":12203,"end_m":12205,"lanes":2,"asset_id":20175,"age":76,"rul":32,"culvert":true},"geometry":{"type":"Point","coordinates":[177.5460626,-38.2645236]}},{"type":"Feature","properties":{"road_id":919,"road_name":"MOTU ROAD","bridge_name":"CULVERT 114","start_m":13492,"end_m":13495,"lanes":2,"asset_id":20176,"age":76,"rul":54,"culvert":true},"geometry":{"type":"Point","coordinates":[177.5460446,-38.2541673]}},{"type":"Feature","properties":{"road_id":745,"road_name":"PAKOWHAI ROAD","bridge_name":"CULVERT 9","start_m":2547,"end_m":2550,"lanes":1,"asset_id":20177,"age":76,"rul":32,"culvert":true},"geometry":{"type":"Point","coordinates":[177.8934386,-38.7481647]}},{"type":"Feature","properties":{"road_id":816,"road_name":"PAPARATU ROAD","bridge_name":"CULVERT 56","start_m":6455,"end_m":6459,"lanes":1,"asset_id":20178,"age":76,"rul":54,"culvert":true},"geometry":{"type":"Point","coordinates":[177.7138071,-38.8312491]}},{"type":"Feature","properties":{"road_id":749,"road_name":"PEHIRI ROAD","bridge_name":"CULVERT 81","start_m":13400,"end_m":13403,"lanes":1,"asset_id":20179,"age":76,"rul":6,"culvert":true},"geometry":{"type":"Point","coordinates":[177.6589418,-38.6268528]}},{"type":"Feature","properties":{"road_id":902,"road_name":"RAKAUROA ROAD","bridge_name":"CULVERT 86","start_m":13001,"end_m":13004,"lanes":1,"asset_id":20180,"age":76,"rul":0,"culvert":true},"geometry":{"type":"Point","coordinates":[177.4992425,-38.4877647]}},{"type":"Feature","properties":{"road_id":902,"road_name":"RAKAUROA ROAD","bridge_name":"CULVERT 104","start_m":14853,"end_m":14856,"lanes":1,"asset_id":20181,"age":76,"rul":32,"culvert":true},"geometry":{"type":"Point","coordinates":[177.4844255,-38.4866878]}},{"type":"Feature","properties":{"road_id":760,"road_name":"TAUMATA ROAD","bridge_name":"CULVERT 89","start_m":13540,"end_m":13543,"lanes":2,"asset_id":20184,"age":76,"rul":5,"culvert":true},"geometry":{"type":"Point","coordinates":[177.5163787,-38.5953499]}},{"type":"Feature","properties":{"road_id":870,"road_name":"HILLSIDE ROAD","bridge_name":"FALKNERS","start_m":16,"end_m":25,"lanes":1,"asset_id":20188,"age":54,"rul":57,"culvert":false},"geometry":{"type":"Point","coordinates":[177.7835368,-38.5668156]}},{"type":"Feature","properties":{"road_id":760,"road_name":"TAUMATA ROAD","bridge_name":"CULVERT 26","start_m":4748,"end_m":4751,"lanes":2,"asset_id":20189,"age":76,"rul":32,"culvert":true},"geometry":{"type":"Point","coordinates":[177.594614,-38.5685651]}},{"type":"Feature","properties":{"road_id":764,"road_name":"WHAREKOPAE ROAD","bridge_name":"CULVERT 7 WHAREKOPAE","start_m":9243,"end_m":9246,"lanes":2,"asset_id":20190,"age":76,"rul":25,"culvert":true},"geometry":{"type":"Point","coordinates":[177.8291598,-38.6326143]}},{"type":"Feature","properties":{"road_id":764,"road_name":"WHAREKOPAE ROAD","bridge_name":"CULVERT 50","start_m":20984,"end_m":20987,"lanes":2,"asset_id":20191,"age":76,"rul":23,"culvert":true},"geometry":{"type":"Point","coordinates":[177.7429783,-38.5791134]}},{"type":"Feature","properties":{"road_id":764,"road_name":"WHAREKOPAE ROAD","bridge_name":"CULVERT 61 WHAREKOPAE","start_m":22637,"end_m":22639,"lanes":2,"asset_id":20192,"age":76,"rul":23,"culvert":true},"geometry":{"type":"Point","coordinates":[177.7284572,-38.5711822]}},{"type":"Feature","properties":{"road_id":728,"road_name":"BELLERBY ROAD","bridge_name":"CULVERT 1 BELLERBY","start_m":144,"end_m":146,"lanes":2,"asset_id":20193,"age":76,"rul":60,"culvert":true},"geometry":{"type":"Point","coordinates":[177.7705844,-38.6867227]}},{"type":"Feature","properties":{"road_id":816,"road_name":"PAPARATU ROAD","bridge_name":"CULVERT 49","start_m":5718,"end_m":5720,"lanes":2,"asset_id":20194,"age":76,"rul":54,"culvert":true},"geometry":{"type":"Point","coordinates":[177.7207817,-38.8307187]}},{"type":"Feature","properties":{"road_id":816,"road_name":"PAPARATU ROAD","bridge_name":"CULVERT 62","start_m":7605,"end_m":7608,"lanes":2,"asset_id":20195,"age":76,"rul":6,"culvert":true},"geometry":{"type":"Point","coordinates":[177.7028486,-38.8322734]}},{"type":"Feature","properties":{"road_id":914,"road_name":"MOTU FALLS ROAD","bridge_name":"CULVERT 9 MOTU FALLS","start_m":1017,"end_m":1019,"lanes":2,"asset_id":20196,"age":76,"rul":51,"culvert":true},"geometry":{"type":"Point","coordinates":[177.558599,-38.257975]}},{"type":"Feature","properties":{"road_id":914,"road_name":"MOTU FALLS ROAD","bridge_name":"CULVERT 108 MOTU FALLS","start_m":11351,"end_m":11354,"lanes":2,"asset_id":20197,"age":76,"rul":27,"culvert":true},"geometry":{"type":"Point","coordinates":[177.6103616,-38.212653]}},{"type":"Feature","properties":{"road_id":781,"road_name":"RANGATIRA ROAD","bridge_name":"RANGATIRA","start_m":191,"end_m":319,"lanes":1,"asset_id":20201,"age":63,"rul":48,"culvert":false},"geometry":{"type":"Point","coordinates":[177.8611358,-38.4696531]}},{"type":"Feature","properties":{"road_id":900,"road_name":"MOANUI ROAD","bridge_name":"MOANUI #4","start_m":17742,"end_m":17746,"lanes":1,"asset_id":20202,"age":19,"rul":77,"culvert":false},"geometry":{"type":"Point","coordinates":[177.3326442,-38.4246867]}},{"type":"Feature","properties":{"road_id":640,"road_name":"TAUWHAREPARAE ROAD","bridge_name":"MOATS CULVERT","start_m":13889,"end_m":13891,"lanes":2,"asset_id":20203,"age":76,"rul":40,"culvert":true},"geometry":{"type":"Point","coordinates":[178.1984821,-38.333821]}},{"type":"Feature","properties":{"road_id":1071,"road_name":"PAKIHIROA ROAD","bridge_name":"PAKIHIROA","start_m":29,"end_m":183,"lanes":1,"asset_id":19905,"age":56,"rul":38,"culvert":false},"geometry":{"type":"Point","coordinates":[178.0880436,-37.853054]}},{"type":"Feature","properties":{"road_id":893,"road_name":"ELLMERS ROAD (HANGAROA)","bridge_name":"ELLMER'S BRIDGE","start_m":1057,"end_m":1072,"lanes":1,"asset_id":20206,"age":41,"rul":58,"culvert":false},"geometry":{"type":"Point","coordinates":[177.6093566,-38.6784021]}},{"type":"Feature","properties":{"road_id":1627,"road_name":"MANGAKIORE ACCESS ROAD","bridge_name":"MANGAKIORE ACCESS BRIDGE","start_m":18,"end_m":43,"lanes":1,"asset_id":20207,"age":57,"rul":36,"culvert":false},"geometry":{"type":"Point","coordinates":[177.7943194,-38.7359426]}},{"type":"Feature","properties":{"road_id":811,"road_name":"JOBSON ROAD","bridge_name":"JOBSON'S CULVERT","start_m":94,"end_m":97,"lanes":1,"asset_id":20208,"age":76,"rul":17,"culvert":true},"geometry":{"type":"Point","coordinates":[177.8336396,-38.7356336]}},{"type":"Feature","properties":{"road_id":1526,"road_name":"LINBURN ROAD","bridge_name":"WATSON ACCESS BRIDGE","start_m":16,"end_m":64,"lanes":1,"asset_id":20209,"age":39,"rul":67,"culvert":false},"geometry":{"type":"Point","coordinates":[178.0377635,-38.5367111]}},{"type":"Feature","properties":{"road_id":701,"road_name":"PILMER ROAD","bridge_name":"PILMER ROAD CULVERT","start_m":553,"end_m":561,"lanes":2,"asset_id":20210,"age":55,"rul":52,"culvert":true},"geometry":{"type":"Point","coordinates":[177.953816,-38.638039]}},{"type":"Feature","properties":{"road_id":892,"road_name":"WAUGH ROAD","bridge_name":"WAUGH ROAD CULVERT","start_m":1075,"end_m":1081,"lanes":1,"asset_id":20212,"age":58,"rul":53,"culvert":true},"geometry":{"type":"Point","coordinates":[177.8368103,-38.7350737]}},{"type":"Feature","properties":{"road_id":764,"road_name":"WHAREKOPAE ROAD","bridge_name":"FITZGERALD CULVERT","start_m":19690,"end_m":19694,"lanes":2,"asset_id":20213,"age":90,"rul":17,"culvert":true},"geometry":{"type":"Point","coordinates":[177.7548755,-38.5853772]}},{"type":"Feature","properties":{"road_id":810,"road_name":"GORDON ROAD","bridge_name":"GORDON TWIN CULVERT","start_m":3994,"end_m":3998,"lanes":1,"asset_id":20214,"age":76,"rul":43,"culvert":true},"geometry":{"type":"Point","coordinates":[177.7866171,-38.7381997]}},{"type":"Feature","properties":{"road_id":963,"road_name":"WAIMATA VALLEY ROAD","bridge_name":"WAIMATA TRIPLE CULVERT","start_m":17790,"end_m":17800,"lanes":2,"asset_id":20216,"age":76,"rul":54,"culvert":true},"geometry":{"type":"Point","coordinates":[178.0522238,-38.5029279]}},{"type":"Feature","properties":{"road_id":1028,"road_name":"KAREWA ROAD","bridge_name":"CULVERT 19","start_m":499,"end_m":502,"lanes":2,"asset_id":20335,"age":76,"rul":6,"culvert":true},"geometry":{"type":"Point","coordinates":[178.2237436,-37.9450091]}},{"type":"Feature","properties":{"road_id":683,"road_name":"MACLAURIN ROAD","bridge_name":"CULVERT","start_m":1377,"end_m":1379,"lanes":2,"asset_id":20336,"age":76,"rul":13,"culvert":true},"geometry":{"type":"Point","coordinates":[177.9896332,-38.6116974]}},{"type":"Feature","properties":{"road_id":919,"road_name":"MOTU ROAD","bridge_name":"MOTU ROAD CULVERT","start_m":2436,"end_m":2438,"lanes":2,"asset_id":20337,"age":76,"rul":43,"culvert":true},"geometry":{"type":"Point","coordinates":[177.5334756,-38.3365227]}},{"type":"Feature","properties":{"road_id":919,"road_name":"MOTU ROAD","bridge_name":"CULVERT MARKER POST NO. 31","start_m":4513,"end_m":4515,"lanes":2,"asset_id":20338,"age":76,"rul":22,"culvert":true},"geometry":{"type":"Point","coordinates":[177.5318031,-38.3183141]}},{"type":"Feature","properties":{"road_id":1090,"road_name":"EAST CAPE ROAD","bridge_name":"EAST CAPE CULVT","start_m":4986,"end_m":4991,"lanes":2,"asset_id":20340,"age":76,"rul":54,"culvert":true},"geometry":{"type":"Point","coordinates":[178.4260153,-37.6330538]}},{"type":"Feature","properties":{"road_id":720,"road_name":"WAIOMOKO ROAD","bridge_name":"WAIOMOKO TWIN CULVT","start_m":8399,"end_m":8403,"lanes":2,"asset_id":20341,"age":76,"rul":54,"culvert":true},"geometry":{"type":"Point","coordinates":[178.1702457,-38.5032521]}},{"type":"Feature","properties":{"road_id":761,"road_name":"TAURAU VALLEY ROAD","bridge_name":"TAURAU VALLEY TWIN CULVT","start_m":3531,"end_m":3535,"lanes":2,"asset_id":20342,"age":76,"rul":43,"culvert":true},"geometry":{"type":"Point","coordinates":[177.8893052,-38.7076103]}},{"type":"Feature","properties":{"road_id":1063,"road_name":"TUPAROA ROAD","bridge_name":"TUPAROA TWIN CULVT","start_m":3330,"end_m":3332,"lanes":2,"asset_id":20343,"age":76,"rul":43,"culvert":true},"geometry":{"type":"Point","coordinates":[178.3538511,-37.8930354]}},{"type":"Feature","properties":{"road_id":1234,"road_name":"TE KUMI ROAD","bridge_name":"TE KUMI TWIN CULVT","start_m":2467,"end_m":2469,"lanes":2,"asset_id":20344,"age":76,"rul":35,"culvert":true},"geometry":{"type":"Point","coordinates":[178.024481,-37.69471]}},{"type":"Feature","properties":{"road_id":259,"road_name":"ROEBUCK ROAD (NORTH)","bridge_name":"ROEBUCK RD","start_m":52,"end_m":104,"lanes":2,"asset_id":20167,"age":67,"rul":35,"culvert":false},"geometry":{"type":"Point","coordinates":[178.020959,-38.6548241]}},{"type":"Feature","properties":{"road_id":924,"road_name":"WHAKARAU ROAD","bridge_name":"BOX CULVERT","start_m":16302,"end_m":16305,"lanes":2,"asset_id":20348,"age":76,"rul":42,"culvert":false},"geometry":{"type":"Point","coordinates":[177.6628617,-38.3902736]}},{"type":"Feature","properties":{"road_id":1499,"road_name":"TAHORA ROAD","bridge_name":"TAHORA BR 13582","start_m":13515,"end_m":13517,"lanes":2,"asset_id":20349,"age":76,"rul":6,"culvert":true},"geometry":{"type":"Point","coordinates":[177.4790557,-38.5486161]}},{"type":"Feature","properties":{"road_id":1325,"road_name":"KIE KIE ROAD","bridge_name":"CULVERT 20","start_m":68,"end_m":71,"lanes":2,"asset_id":20351,"age":76,"rul":54,"culvert":true},"geometry":{"type":"Point","coordinates":[178.313238,-37.9983689]}},{"type":"Feature","properties":{"road_id":914,"road_name":"MOTU FALLS ROAD","bridge_name":"CULVERT 84","start_m":8492,"end_m":8494,"lanes":2,"asset_id":20352,"age":76,"rul":24,"culvert":true},"geometry":{"type":"Point","coordinates":[177.6152798,-38.2349101]}},{"type":"Feature","properties":{"road_id":1593,"road_name":"TE WERAROA ROAD","bridge_name":"CULVERT 4","start_m":48,"end_m":51,"lanes":2,"asset_id":20354,"age":76,"rul":2,"culvert":true},"geometry":{"type":"Point","coordinates":[177.8516912,-38.2799073]}},{"type":"Feature","properties":{"road_id":1240,"road_name":"WAITANGI ROAD","bridge_name":"CULVERT 5.3","start_m":5371,"end_m":5374,"lanes":2,"asset_id":20355,"age":76,"rul":50,"culvert":true},"geometry":{"type":"Point","coordinates":[177.9407633,-38.3530587]}},{"type":"Feature","properties":{"road_id":678,"road_name":"KING ROAD","bridge_name":"TARUHERU","start_m":2836,"end_m":2856,"lanes":2,"asset_id":20356,"age":12,"rul":101,"culvert":false},"geometry":{"type":"Point","coordinates":[177.9717451,-38.6156757]}},{"type":"Feature","properties":{"road_id":672,"road_name":"HARPER ROAD","bridge_name":"TARUHERU RIV","start_m":2252,"end_m":2265,"lanes":2,"asset_id":20357,"age":12,"rul":42,"culvert":false},"geometry":{"type":"Point","coordinates":[177.9514982,-38.6001319]}},{"type":"Feature","properties":{"road_id":712,"road_name":"TUCKER ROAD","bridge_name":"GORDONS","start_m":6037,"end_m":6065,"lanes":1,"asset_id":20358,"age":66,"rul":36,"culvert":false},"geometry":{"type":"Point","coordinates":[177.9682077,-38.6341392]}},{"type":"Feature","properties":{"road_id":687,"road_name":"MURPHY ROAD (WAINUI)","bridge_name":"MURPHY ROAD CULVERT","start_m":340,"end_m":348,"lanes":2,"asset_id":20361,"age":63,"rul":39,"culvert":true},"geometry":{"type":"Point","coordinates":[178.0704431,-38.6918869]}},{"type":"Feature","properties":{"road_id":1614,"road_name":"SCARLYS WAY","bridge_name":"SCARLYS WAY BRIDGE","start_m":63,"end_m":75,"lanes":2,"asset_id":20364,"age":21,"rul":98,"culvert":false},"geometry":{"type":"Point","coordinates":[178.0809706,-38.6698723]}},{"type":"Feature","properties":{"road_id":1662,"road_name":"ARMSTRONG ROAD (BRIDGE ACCESS)","bridge_name":"WAIPAOA","start_m":306,"end_m":386,"lanes":2,"asset_id":20365,"age":14,"rul":105,"culvert":false},"geometry":{"type":"Point","coordinates":[177.8506746,-38.28318]}},{"type":"Feature","properties":{"road_id":1047,"road_name":"TE HUE ROAD","bridge_name":"TE HUE CULVERT","start_m":2043,"end_m":2048,"lanes":2,"asset_id":20366,"age":76,"rul":12,"culvert":true},"geometry":{"type":"Point","coordinates":[178.3472935,-37.7442915]}},{"type":"Feature","properties":{"road_id":134,"road_name":"LYTTON ROAD","bridge_name":"LYTTON RD BOX CULVERT","start_m":225,"end_m":229,"lanes":2,"asset_id":20367,"age":76,"rul":54,"culvert":true},"geometry":{"type":"Point","coordinates":[178.0027701,-38.6413468]}},{"type":"Feature","properties":{"road_id":1312,"road_name":"HAIG ROAD","bridge_name":"HAIGS ACCESS ROAD BRIDGE","start_m":269,"end_m":287,"lanes":1,"asset_id":20388,"age":8,"rul":"NA","culvert":false},"geometry":{"type":"Point","coordinates":[178.3704631,-37.7343396]}},{"type":"Feature","properties":{"road_id":27,"road_name":"ORMOND ROAD","bridge_name":"ORMOND ROAD CULVERT","start_m":2299,"end_m":2304,"lanes":2,"asset_id":20389,"age":55,"rul":"NA","culvert":true},"geometry":{"type":"Point","coordinates":[178.0194567,-38.6493171]}},{"type":"Feature","properties":{"road_id":1628,"road_name":"OLIVER SPUR ROAD","bridge_name":"REDPATHS","start_m":74,"end_m":93,"lanes":1,"asset_id":20105,"age":54,"rul":53,"culvert":false},"geometry":{"type":"Point","coordinates":[177.5772101,-38.413659]}},{"type":"Feature","properties":{"road_id":1530,"road_name":"RIVERSIDE ROAD","bridge_name":"RIVERSIDE RD CULVERT","start_m":24,"end_m":26,"lanes":2,"asset_id":20391,"age":46,"rul":31,"culvert":true},"geometry":{"type":"Point","coordinates":[178.0355301,-38.6605991]}},{"type":"Feature","properties":{"road_id":779,"road_name":"KANAKANAIA ROAD","bridge_name":"KANAKANAIA RD CULVERT","start_m":1870,"end_m":1872,"lanes":2,"asset_id":20392,"age":73,"rul":34,"culvert":true},"geometry":{"type":"Point","coordinates":[177.8754666,-38.4572406]}},{"type":"Feature","properties":{"road_id":720,"road_name":"WAIOMOKO ROAD","bridge_name":"WAIOMOKO CULVERT","start_m":37,"end_m":39,"lanes":2,"asset_id":20393,"age":76,"rul":"NA","culvert":true},"geometry":{"type":"Point","coordinates":[178.2139182,-38.5520654]}},{"type":"Feature","properties":{"road_id":1504,"road_name":"BEACH ROAD (TOKOMARU BAY)","bridge_name":"BEACH CULVERT","start_m":1407,"end_m":1409,"lanes":2,"asset_id":20394,"age":65,"rul":"NA","culvert":true},"geometry":{"type":"Point","coordinates":[178.3271695,-38.1177012]}},{"type":"Feature","properties":{"road_id":1184,"road_name":"RANGITUKIA ROAD","bridge_name":"RANGITUKIA CULVERT","start_m":3223,"end_m":3225,"lanes":2,"asset_id":20395,"age":37,"rul":"NA","culvert":true},"geometry":{"type":"Point","coordinates":[178.4395972,-37.779421]}},{"type":"Feature","properties":{"road_id":1254,"road_name":"HIKUWAI ROAD","bridge_name":"PAUARIKI  BN","start_m":535,"end_m":590,"lanes":1,"asset_id":538,"age":88,"rul":16,"culvert":false},"geometry":{"type":"Point","coordinates":[178.2558963,-38.1673571]}},{"type":"Feature","properties":{"road_id":1475,"road_name":"MATA ROAD (UPPER)","bridge_name":"MATA (HUIARUA)","start_m":12572,"end_m":12645,"lanes":1,"asset_id":12845,"age":72,"rul":35,"culvert":false},"geometry":{"type":"Point","coordinates":[178.0533734,-38.0818852]}},{"type":"Feature","properties":{"road_id":733,"road_name":"BUSHY KNOLL ROAD","bridge_name":"HOLLYWOOD","start_m":4005,"end_m":4075,"lanes":1,"asset_id":20017,"age":68,"rul":43,"culvert":false},"geometry":{"type":"Point","coordinates":[177.613198,-38.6837769]}},{"type":"Feature","properties":{"road_id":751,"road_name":"RUAKAKA ROAD","bridge_name":"ST LEGER","start_m":19901,"end_m":19965,"lanes":1,"asset_id":20023,"age":67,"rul":54,"culvert":false},"geometry":{"type":"Point","coordinates":[177.5871771,-38.7340775]}},{"type":"Feature","properties":{"road_id":831,"road_name":"BURGESS ROAD","bridge_name":"BURGESS ACC","start_m":15,"end_m":49,"lanes":1,"asset_id":20037,"age":62,"rul":37,"culvert":false},"geometry":{"type":"Point","coordinates":[177.5814726,-38.6356587]}},{"type":"Feature","properties":{"road_id":941,"road_name":"TE KOWHAI ROAD","bridge_name":"MANGATAI ACCESS","start_m":822,"end_m":898,"lanes":1,"asset_id":20117,"age":59,"rul":55,"culvert":false},"geometry":{"type":"Point","coordinates":[177.8233511,-38.3727599]}},{"type":"Feature","properties":{"road_id":1307,"road_name":"BRUCE ROAD (KANAKANAIA)","bridge_name":"GRAYS BRIDGE","start_m":1048,"end_m":1085,"lanes":1,"asset_id":20130,"age":49,"rul":63,"culvert":false},"geometry":{"type":"Point","coordinates":[177.9604181,-38.4105259]}},{"type":"Feature","properties":{"road_id":1705,"road_name":"HANGAROA BRIDGE ACCESS","bridge_name":"HANGAROA","start_m":9,"end_m":61,"lanes":1,"asset_id":20205,"age":60,"rul":31,"culvert":false},"geometry":{"type":"Point","coordinates":[177.6179428,-38.7097813]}}]}