"edge_id","trip_group_id","produce","flow_value"
574,6,"Beef",21666
64,12,"Forestry",216734
1996,18,"Fruit",569431
1526,27,"Sheepmeat",420511
1036,25,"Veges",146136
1898,28,"Sheepmeat",44577
1965,4,"Beef",277803
1203,17,"Fruit",25123
410,10,"Sheepmeat",39020
1822,10,"Sheepmeat",69855
1582,3,"Beef",12703940
1069,29,"Sheepmeat",14723
2824,15,"Forestry",6132555
2217,29,"Sheepmeat",1985213
2426,9,"Sheepmeat",178008
2317,27,"Sheepmeat",758437
2133,11,"Forestry",173645
3002,16,"Forestry",60295334
2843,24,"Veges",31465611
1387,27,"Sheepmeat",11095
2753,27,"Sheepmeat",7480794
2747,28,"Sheepmeat",1779727
1534,4,"Beef",1059510
767,29,"Sheepmeat",34560
2827,21,"Fruit",139364
2508,27,"Sheepmeat",157833
135,15,"Forestry",6043
2338,2,"Beef",393708
3056,18,"Fruit",16757
690,17,"Fruit",105555
1454,2,"Beef",1021
1435,1,"Dairy",2110245
1588,22,"Fruit",55676
1390,28,"Sheepmeat",49425
2126,9,"Sheepmeat",1006269
923,3,"Beef",38389
1223,27,"Sheepmeat",166191
2802,25,"Veges",6083886
1518,28,"Sheepmeat",21983
944,19,"Fruit",5669071
2153,29,"Sheepmeat",7901762
1435,28,"Sheepmeat",34096284
2215,3,"Beef",79112
1008,28,"Sheepmeat",1993266
2437,12,"Forestry",2143621
384,10,"Sheepmeat",24784517
3068,27,"Sheepmeat",33190268
2314,3,"Beef",10537
1089,12,"Forestry",21741
1435,16,"Forestry",25729553
1318,10,"Sheepmeat",152551
1543,16,"Forestry",13308826
1453,20,"Fruit",1833
1116,24,"Veges",475964
2819,16,"Forestry",75928364
669,9,"Sheepmeat",17940
2793,6,"Beef",8405
1494,11,"Forestry",1328833
1237,27,"Sheepmeat",362926
1556,10,"Sheepmeat",5638055
1999,10,"Sheepmeat",1845828
212,19,"Fruit",104122269
2339,11,"Forestry",678368
1826,8,"Sheepmeat",486967
2028,2,"Beef",798117
2181,12,"Forestry",33365
1652,28,"Sheepmeat",296350
294,10,"Sheepmeat",16251
1700,11,"Forestry",22082
2830,11,"Forestry",3098577
1869,16,"Forestry",371544
3096,25,"Veges",223113
1532,3,"Beef",2780
2034,29,"Sheepmeat",50882359
1636,4,"Beef",111796
2437,15,"Forestry",4360007
2426,26,"Veges",112340
1219,15,"Forestry",1201290
2337,27,"Sheepmeat",331552
2238,2,"Beef",4210
2885,26,"Veges",12725704
2725,25,"Veges",309719
2118,11,"Forestry",1713
1279,4,"Beef",166682
1458,29,"Sheepmeat",7285
1577,3,"Beef",12703940
725,9,"Sheepmeat",4228
1842,13,"Forestry",1578
3128,25,"Veges",31412107
2817,18,"Fruit",242387
2757,27,"Sheepmeat",11488455
3037,23,"Veges",32692858
3069,22,"Fruit",349353
915,8,"Sheepmeat",843438
2802,17,"Fruit",16757
2940,17,"Fruit",16757
2959,12,"Forestry",889597
65,26,"Veges",543828
3044,13,"Forestry",5917
2520,28,"Sheepmeat",1452514
1581,21,"Fruit",203202
155,9,"Sheepmeat",25724
2124,28,"Sheepmeat",2899550
2753,1,"Dairy",6318043
1450,12,"Forestry",53255
2374,12,"Forestry",384809
2797,12,"Forestry",1629364
1207,17,"Fruit",63862
3049,28,"Sheepmeat",9775880
1215,16,"Forestry",44940372
1788,9,"Sheepmeat",255467
1812,14,"Forestry",2139
2163,29,"Sheepmeat",49701
1864,12,"Forestry",12101
1390,27,"Sheepmeat",49425
3060,20,"Fruit",302437
2281,4,"Beef",1120455
2774,14,"Forestry",51630
3074,3,"Beef",3008116
1378,28,"Sheepmeat",1710836
1633,27,"Sheepmeat",849791
3023,25,"Veges",31465611
1078,13,"Forestry",12658
1377,13,"Forestry",4347
3138,13,"Forestry",242970
2122,3,"Beef",764171
1454,23,"Veges",86775
2884,20,"Fruit",69702
728,28,"Sheepmeat",5881
3075,27,"Sheepmeat",4786469
1460,26,"Veges",2021
1455,2,"Beef",1317938
2317,2,"Beef",138867
2127,14,"Forestry",8566
3013,19,"Fruit",15925748
2722,23,"Veges",6338461
1687,11,"Forestry",26046
3094,10,"Sheepmeat",87253246
2865,24,"Veges",27780670
2359,10,"Sheepmeat",893101
3076,11,"Forestry",22538
1766,27,"Sheepmeat",202828
901,25,"Veges",17836
270,25,"Veges",31465611
2719,27,"Sheepmeat",1220
922,27,"Sheepmeat",65751
1705,28,"Sheepmeat",1647
3086,29,"Sheepmeat",7113809
2461,18,"Fruit",49780
2551,23,"Veges",637600
3012,21,"Fruit",10413973
2808,7,"Beef",25193
2862,3,"Beef",12342669
1496,29,"Sheepmeat",2555544
3081,25,"Veges",286091
2974,16,"Forestry",13164246
134,12,"Forestry",2199
1689,16,"Forestry",3933324
921,10,"Sheepmeat",39084
311,8,"Sheepmeat",863561
2598,5,"Beef",8405
3138,17,"Fruit",701154
2797,14,"Forestry",133864
2157,8,"Sheepmeat",251747
3010,1,"Dairy",212224
831,22,"Fruit",1017270
1207,22,"Fruit",2660
1818,28,"Sheepmeat",219778
2922,1,"Dairy",294373
2410,10,"Sheepmeat",1445
3166,7,"Beef",836800
1986,15,"Forestry",221230
2910,27,"Sheepmeat",17176041
2565,3,"Beef",37663
1058,19,"Fruit",802770
816,27,"Sheepmeat",5942
792,15,"Forestry",17286
3119,11,"Forestry",619873
1651,9,"Sheepmeat",1870683
2321,27,"Sheepmeat",6110
2618,9,"Sheepmeat",39020
3151,8,"Sheepmeat",25348012
81,27,"Sheepmeat",30541
1783,27,"Sheepmeat",76362
2874,28,"Sheepmeat",84150289
1122,9,"Sheepmeat",252117
1623,16,"Forestry",13116137
1039,25,"Veges",822807
2550,4,"Beef",7013514
216,16,"Forestry",3683
3115,5,"Beef",178929
212,2,"Beef",6376
2222,23,"Veges",6295645
2380,12,"Forestry",231626
898,1,"Dairy",762789
1582,2,"Beef",12703940
3163,16,"Forestry",12195746
2745,21,"Fruit",17356
2286,10,"Sheepmeat",181391
473,4,"Beef",28303
2783,10,"Sheepmeat",2486815
1986,8,"Sheepmeat",159354
2722,20,"Fruit",2162
3118,12,"Forestry",162210
2095,4,"Beef",499735
3033,4,"Beef",38501336
728,19,"Fruit",17577
2935,29,"Sheepmeat",674041
998,29,"Sheepmeat",6400112
2804,29,"Sheepmeat",48765074
2213,27,"Sheepmeat",85697
917,27,"Sheepmeat",10866695
1182,2,"Beef",581199
2295,16,"Forestry",60302033
3071,12,"Forestry",69826
1829,9,"Sheepmeat",2532917
1873,11,"Forestry",12101
520,10,"Sheepmeat",4543
2073,7,"Beef",8850
1205,17,"Fruit",63862
2282,3,"Beef",310533
2765,3,"Beef",10747871
2162,16,"Forestry",6069175
2439,20,"Fruit",954556
1810,13,"Forestry",17371
2910,6,"Beef",8405
1519,9,"Sheepmeat",4630
3037,16,"Forestry",6699
534,17,"Fruit",103601
111,15,"Forestry",1583
1084,4,"Beef",1653913
410,9,"Sheepmeat",39020
1972,29,"Sheepmeat",1849969
2568,8,"Sheepmeat",2629665
3026,15,"Forestry",6586781
2761,2,"Beef",6902982
2217,9,"Sheepmeat",475698
3126,21,"Fruit",175973
921,21,"Fruit",159563
2499,7,"Beef",25193
559,21,"Fruit",26724
3099,17,"Fruit",1395396
1509,16,"Forestry",171819903
2858,29,"Sheepmeat",310907
2815,25,"Veges",14360019
825,9,"Sheepmeat",5358
962,28,"Sheepmeat",153874
2773,4,"Beef",131104723
2033,8,"Sheepmeat",15811598
2970,14,"Forestry",64699
1777,10,"Sheepmeat",250615
1513,2,"Beef",33046
1573,2,"Beef",2401
193,17,"Fruit",47341371
1761,21,"Fruit",22032
871,3,"Beef",26957
1067,29,"Sheepmeat",5094
2406,12,"Forestry",42663
1345,16,"Forestry",1446
1520,9,"Sheepmeat",7597
1188,9,"Sheepmeat",514539
2693,7,"Beef",25193
911,23,"Veges",18451
3047,10,"Sheepmeat",14151048
2908,9,"Sheepmeat",12381989
888,8,"Sheepmeat",18437
2510,24,"Veges",39391627
1381,29,"Sheepmeat",31058
2120,28,"Sheepmeat",7045938
2374,13,"Forestry",34078
3061,10,"Sheepmeat",84963648
2633,28,"Sheepmeat",10948811
1117,12,"Forestry",84616
1419,3,"Beef",22167
64,13,"Forestry",15740
1931,9,"Sheepmeat",171768
2792,2,"Beef",2878917
198,10,"Sheepmeat",3822
1986,10,"Sheepmeat",148081
2217,8,"Sheepmeat",511910
2267,18,"Fruit",246428
943,18,"Fruit",57396
921,20,"Fruit",79805
3034,1,"Dairy",6462576
1213,21,"Fruit",164386
2280,4,"Beef",1120455
104,29,"Sheepmeat",121182
3041,12,"Forestry",2425355
305,24,"Veges",47809262
2908,1,"Dairy",294373
376,3,"Beef",1156
1972,9,"Sheepmeat",443357
1091,9,"Sheepmeat",1766892
2944,27,"Sheepmeat",85905
1962,8,"Sheepmeat",185981
2984,3,"Beef",1434168
2813,29,"Sheepmeat",59984391
289,18,"Fruit",14260205
888,29,"Sheepmeat",188111
2766,3,"Beef",11386642
3134,8,"Sheepmeat",26679871
1432,8,"Sheepmeat",17364
1945,2,"Beef",970057
3133,16,"Forestry",96841493
2760,26,"Veges",430497
2404,2,"Beef",130493
2568,29,"Sheepmeat",10195349
3013,17,"Fruit",7244396
3024,5,"Beef",8405
1999,8,"Sheepmeat",1994752
2269,22,"Fruit",8138
2389,8,"Sheepmeat",6947
2727,9,"Sheepmeat",1229232
1860,27,"Sheepmeat",305006
1687,12,"Forestry",26046
2117,10,"Sheepmeat",237425
894,25,"Veges",508144
300,25,"Veges",39391627
1522,1,"Dairy",762789
3166,24,"Veges",24294740
1661,9,"Sheepmeat",430207
2153,9,"Sheepmeat",1888237
1146,28,"Sheepmeat",179370
1706,27,"Sheepmeat",1359898
2961,5,"Beef",8405
720,4,"Beef",1052
2244,20,"Fruit",2162
2278,9,"Sheepmeat",39020
71,17,"Fruit",1121196
1782,10,"Sheepmeat",61833
1842,8,"Sheepmeat",1053218
1146,26,"Veges",110995
3080,29,"Sheepmeat",1667280
2855,16,"Forestry",6798
2295,26,"Veges",4987858
1228,27,"Sheepmeat",3185029
3109,28,"Sheepmeat",1646229
3126,22,"Fruit",43319
854,9,"Sheepmeat",108143
913,29,"Sheepmeat",16410
1554,11,"Forestry",7096
1104,21,"Fruit",9871
1781,12,"Forestry",2103
1175,28,"Sheepmeat",737592
3071,13,"Forestry",5317
2810,24,"Veges",6083886
1483,29,"Sheepmeat",5267
2633,15,"Forestry",6782291
1086,18,"Fruit",12663
2224,10,"Sheepmeat",139892
2841,10,"Sheepmeat",24784517
1672,4,"Beef",690560
1454,19,"Fruit",61567
580,10,"Sheepmeat",804813
2835,5,"Beef",8405
1921,10,"Sheepmeat",38515
956,18,"Fruit",97008
1810,23,"Veges",4183393
3068,26,"Veges",12983174
2759,29,"Sheepmeat",56812142
742,14,"Forestry",248343
1092,28,"Sheepmeat",86702
2416,27,"Sheepmeat",425690
2299,26,"Veges",4987858
2217,4,"Beef",412337
2226,10,"Sheepmeat",34737
1860,2,"Beef",32876
10,2,"Beef",39293
2571,27,"Sheepmeat",240400
3067,8,"Sheepmeat",26248553
999,21,"Fruit",1069504
472,11,"Forestry",4683
237,28,"Sheepmeat",134102
1716,4,"Beef",21859
1210,10,"Sheepmeat",162376
1534,18,"Fruit",95602
1803,3,"Beef",173577
2674,29,"Sheepmeat",16399
3152,23,"Veges",37282141
1378,3,"Beef",821233
1819,9,"Sheepmeat",214895
2555,29,"Sheepmeat",5263337
1292,28,"Sheepmeat",95652
3072,16,"Forestry",1100510
3083,19,"Fruit",5673231
2865,23,"Veges",28739406
2355,29,"Sheepmeat",8157
1138,8,"Sheepmeat",3462185
2792,11,"Forestry",879090
2852,9,"Sheepmeat",1136937
2748,16,"Forestry",896483
2788,8,"Sheepmeat",3274062
1634,3,"Beef",169990
3050,27,"Sheepmeat",19907566
2526,2,"Beef",2227045
935,17,"Fruit",1776746
851,13,"Forestry",12759
1029,28,"Sheepmeat",85045
844,16,"Forestry",60302033
133,10,"Sheepmeat",106272
895,9,"Sheepmeat",7863459
2325,9,"Sheepmeat",172645
2947,11,"Forestry",65481
1198,8,"Sheepmeat",17474
1092,2,"Beef",64295
622,14,"Forestry",248343
2841,7,"Beef",25193
577,22,"Fruit",75314
2778,13,"Forestry",26871
3090,17,"Fruit",1916724
1020,29,"Sheepmeat",3028040
2780,7,"Beef",836800
2212,21,"Fruit",3267
1086,3,"Beef",124767
926,4,"Beef",200321
1457,28,"Sheepmeat",121464
518,16,"Forestry",171522588
81,4,"Beef",77438
3046,5,"Beef",178929
1147,9,"Sheepmeat",259384
1086,17,"Fruit",12663
2493,12,"Forestry",107798
2334,29,"Sheepmeat",996826
2915,3,"Beef",5920528
1390,25,"Veges",183607
1259,3,"Beef",357262
3165,13,"Forestry",52766
2515,12,"Forestry",107798
841,6,"Beef",2952
2435,29,"Sheepmeat",1411
1874,3,"Beef",318722
906,7,"Beef",8850
3101,8,"Sheepmeat",1025664
2771,21,"Fruit",3267
1182,27,"Sheepmeat",3401270
64,25,"Veges",532473
384,13,"Forestry",242970
1948,16,"Forestry",1685777
1082,9,"Sheepmeat",192291
2932,14,"Forestry",2554
2549,8,"Sheepmeat",2671902
2807,12,"Forestry",2208088
3120,6,"Beef",178929
2593,20,"Fruit",114997
3118,1,"Dairy",6318043
2809,16,"Forestry",64942215
2414,4,"Beef",20164
2205,13,"Forestry",57622
2832,14,"Forestry",242970
2837,14,"Forestry",242970
2764,7,"Beef",537577
3018,27,"Sheepmeat",1748
1307,10,"Sheepmeat",36770
3136,12,"Forestry",3175122
2550,28,"Sheepmeat",8320882
2794,12,"Forestry",889597
186,2,"Beef",3907
1521,27,"Sheepmeat",3417082
2465,29,"Sheepmeat",5107
1217,23,"Veges",276627
1387,8,"Sheepmeat",8584
2827,3,"Beef",9955233
3087,11,"Forestry",38004
2896,3,"Beef",32738
1430,28,"Sheepmeat",1938
1386,24,"Veges",21741
1784,3,"Beef",345062
1522,28,"Sheepmeat",2103129
2165,8,"Sheepmeat",305936
2243,13,"Forestry",4678
2835,20,"Fruit",88012
1753,4,"Beef",175272
2134,2,"Beef",54762
2815,28,"Sheepmeat",19911983
2271,14,"Forestry",54084
2923,1,"Dairy",294373
992,27,"Sheepmeat",1535791
2120,16,"Forestry",159453
1337,27,"Sheepmeat",22268
3021,4,"Beef",2632
2225,16,"Forestry",4754012
938,15,"Forestry",12098397
1272,16,"Forestry",366477
2798,11,"Forestry",1557654
1891,13,"Forestry",277472
578,8,"Sheepmeat",8418
2885,25,"Veges",30789921
2984,27,"Sheepmeat",4022333
1994,2,"Beef",629261
3150,18,"Fruit",701154
2404,14,"Forestry",35197
1761,22,"Fruit",5506
2051,24,"Veges",32566922
2766,18,"Fruit",5987234
1987,28,"Sheepmeat",127140
1556,21,"Fruit",22013
1054,2,"Beef",416178
1344,16,"Forestry",3316358
2807,16,"Forestry",64838310
2811,26,"Veges",2512069
1430,8,"Sheepmeat",1500
1430,20,"Fruit",98042
284,26,"Veges",2670390
1115,9,"Sheepmeat",599735
1819,29,"Sheepmeat",915574
2870,24,"Veges",8173438
755,11,"Forestry",4683
1551,19,"Fruit",103944012
3107,15,"Forestry",2794298
1242,14,"Forestry",13324
792,19,"Fruit",38023047
1648,9,"Sheepmeat",11177
3140,2,"Beef",141754
2136,2,"Beef",341015
2334,2,"Beef",46713
2224,14,"Forestry",11342
1118,23,"Veges",1242
3054,11,"Forestry",2453017
311,12,"Forestry",107798
1447,18,"Fruit",976759
1035,8,"Sheepmeat",988405
2378,8,"Sheepmeat",1417659
3123,8,"Sheepmeat",26984356
2804,9,"Sheepmeat",11406611
3120,22,"Fruit",114586
3140,16,"Forestry",116558
2027,11,"Forestry",16889
1043,17,"Fruit",1121942
673,10,"Sheepmeat",4594
2248,8,"Sheepmeat",6978775
1084,10,"Sheepmeat",3200296
1798,10,"Sheepmeat",676585
1900,13,"Forestry",13264
2000,11,"Forestry",598980
303,18,"Fruit",17270271
2709,2,"Beef",116624
942,29,"Sheepmeat",8932
3115,4,"Beef",8437379
1295,8,"Sheepmeat",26594
1313,25,"Veges",1733649
3103,19,"Fruit",9817851
1392,11,"Forestry",30563
2285,12,"Forestry",240110
1778,28,"Sheepmeat",166104
2942,14,"Forestry",133864
3110,8,"Sheepmeat",15565024
3025,15,"Forestry",6586781
2724,24,"Veges",411588
1809,24,"Veges",3209874
1050,28,"Sheepmeat",61840
1166,3,"Beef",100379
1040,12,"Forestry",26994
86,15,"Forestry",6043
1392,4,"Beef",851924
3084,29,"Sheepmeat",9703643
1535,4,"Beef",95112
1503,8,"Sheepmeat",126997
1067,3,"Beef",1700
2138,27,"Sheepmeat",785217
2021,4,"Beef",31690
1385,9,"Sheepmeat",19170
1569,28,"Sheepmeat",327790
3065,27,"Sheepmeat",34284482
3147,25,"Veges",31465611
2112,28,"Sheepmeat",2822637
2751,4,"Beef",9064911
874,3,"Beef",62049
1954,12,"Forestry",383505
929,11,"Forestry",23941
1576,29,"Sheepmeat",105532790
3122,14,"Forestry",199803
3107,12,"Forestry",1381051
895,4,"Beef",11562087
802,17,"Fruit",28035
2881,14,"Forestry",229179
2037,12,"Forestry",1713
2311,16,"Forestry",102748
3051,10,"Sheepmeat",13684005
2919,9,"Sheepmeat",11911919
2831,2,"Beef",12130642
1388,3,"Beef",4120
2540,4,"Beef",3668
968,18,"Fruit",164682
2443,2,"Beef",2409157
999,11,"Forestry",2584
315,4,"Beef",1877281
3027,23,"Veges",26257752
2760,4,"Beef",20732972
2864,11,"Forestry",1148503
3150,1,"Dairy",294373
1460,23,"Veges",5052
2193,8,"Sheepmeat",4550
3162,17,"Fruit",701154
2443,8,"Sheepmeat",5722261
2822,17,"Fruit",545293
1514,29,"Sheepmeat",3411549
2466,28,"Sheepmeat",60100
1699,8,"Sheepmeat",1465877
2314,27,"Sheepmeat",125829
3057,27,"Sheepmeat",84774
2443,11,"Forestry",2971
2412,9,"Sheepmeat",1959792
572,17,"Fruit",7999
887,27,"Sheepmeat",35679
3156,13,"Forestry",202136
892,8,"Sheepmeat",341735
2345,27,"Sheepmeat",356996
1172,10,"Sheepmeat",397537
2149,10,"Sheepmeat",453069
135,4,"Beef",372160
1693,27,"Sheepmeat",2348643
1951,14,"Forestry",7139
2828,22,"Fruit",35012
2158,10,"Sheepmeat",22023
1842,29,"Sheepmeat",4087561
2406,23,"Veges",1811724
1784,16,"Forestry",7984068
1927,16,"Forestry",1574
5,13,"Forestry",11821
63,27,"Sheepmeat",2050147
2537,8,"Sheepmeat",8418
1158,28,"Sheepmeat",380285
998,24,"Veges",7498704
938,17,"Fruit",388057
2009,8,"Sheepmeat",347360
1435,2,"Beef",11309713
899,10,"Sheepmeat",360164
1241,25,"Veges",2460
2826,15,"Forestry",6133982
1059,26,"Veges",193843
1804,14,"Forestry",17236
1769,8,"Sheepmeat",450757
2498,29,"Sheepmeat",3434548
2752,27,"Sheepmeat",6994277
8,24,"Veges",32724218
1447,29,"Sheepmeat",146592
1237,29,"Sheepmeat",1096788
981,14,"Forestry",18026
2811,12,"Forestry",2212524
1691,14,"Forestry",8566
371,4,"Beef",1230
687,15,"Forestry",1610
3151,11,"Forestry",3163192
2219,29,"Sheepmeat",2555544
2898,4,"Beef",20639719
3134,11,"Forestry",3175122
2797,25,"Veges",5192352
2902,22,"Fruit",5506
2073,28,"Sheepmeat",258114
1468,16,"Forestry",421571
1009,27,"Sheepmeat",524679
1118,16,"Forestry",2199720
1799,28,"Sheepmeat",118813
802,28,"Sheepmeat",41203
497,3,"Beef",39341
958,9,"Sheepmeat",23674
105,9,"Sheepmeat",23253
3169,2,"Beef",4346695
1042,14,"Forestry",35197
2022,4,"Beef",510550
3106,10,"Sheepmeat",2633887
874,8,"Sheepmeat",325842
2717,16,"Forestry",3350
949,25,"Veges",3286
908,8,"Sheepmeat",27821763
2233,16,"Forestry",357046
1455,29,"Sheepmeat",9105678
2649,20,"Fruit",114997
2153,12,"Forestry",57121
956,23,"Veges",430229
1544,12,"Forestry",365838
830,3,"Beef",184823
3062,17,"Fruit",12250669
3051,1,"Dairy",294373
3075,28,"Sheepmeat",4786469
2220,10,"Sheepmeat",4813
1045,24,"Veges",338402
1564,29,"Sheepmeat",7257
2376,9,"Sheepmeat",1462792
1472,29,"Sheepmeat",16871
837,26,"Veges",16249987
2776,15,"Forestry",1103684
3117,5,"Beef",178929
2077,10,"Sheepmeat",7260602
837,15,"Forestry",17286
1273,27,"Sheepmeat",76856
884,28,"Sheepmeat",1041678
2748,27,"Sheepmeat",3955219
3060,10,"Sheepmeat",84968901
2804,16,"Forestry",62808139
2725,3,"Beef",5849870
1039,24,"Veges",822807
863,8,"Sheepmeat",35935766
83,29,"Sheepmeat",92836
2024,10,"Sheepmeat",370287
2798,19,"Fruit",38591
2404,8,"Sheepmeat",3015994
2973,25,"Veges",366120
432,29,"Sheepmeat",3679
1577,10,"Sheepmeat",24784517
2887,29,"Sheepmeat",1309979
1665,12,"Forestry",4243
151,20,"Fruit",13618
3165,4,"Beef",131100977
3065,11,"Forestry",3175122
1217,27,"Sheepmeat",3417082
2904,28,"Sheepmeat",18696273
1827,12,"Forestry",2994
1850,10,"Sheepmeat",562237
3069,20,"Fruit",774194
2195,2,"Beef",6441
3054,9,"Sheepmeat",13570455
2967,4,"Beef",7476903
136,2,"Beef",113746
902,28,"Sheepmeat",61335
573,15,"Forestry",218605
1094,20,"Fruit",15634
1897,16,"Forestry",93058159
2508,18,"Fruit",17270271
1629,23,"Veges",2545
1248,11,"Forestry",13322
2837,26,"Veges",12990555
3118,27,"Sheepmeat",18314386
2884,23,"Veges",25508352
2999,23,"Veges",6052805
1385,29,"Sheepmeat",90905
1514,15,"Forestry",218605
198,17,"Fruit",47341371
1307,9,"Sheepmeat",36770
1029,9,"Sheepmeat",61139
1848,28,"Sheepmeat",49362
1171,28,"Sheepmeat",2538196
2112,27,"Sheepmeat",2822637
551,1,"Dairy",294373
1994,3,"Beef",629261
2120,9,"Sheepmeat",5060293
983,23,"Veges",620157
1306,15,"Forestry",330002
2166,28,"Sheepmeat",230949
2750,29,"Sheepmeat",18900657
572,10,"Sheepmeat",4228
1572,19,"Fruit",103421110
2399,29,"Sheepmeat",2169908
25,10,"Sheepmeat",241325
2338,27,"Sheepmeat",595091
2281,3,"Beef",373795
2879,17,"Fruit",559234
1383,2,"Beef",8572
3029,27,"Sheepmeat",34730575
2581,29,"Sheepmeat",57079
1686,4,"Beef",5528
3097,21,"Fruit",1074882
2750,11,"Forestry",30430
2261,9,"Sheepmeat",11598
2776,27,"Sheepmeat",121316792
2906,13,"Forestry",7387
1865,27,"Sheepmeat",903415
2633,13,"Forestry",279927
2797,7,"Beef",25193
673,2,"Beef",2697
918,8,"Sheepmeat",8187806
1893,15,"Forestry",261216
3087,8,"Sheepmeat",397441
1841,8,"Sheepmeat",1290119
656,16,"Forestry",93101
1898,29,"Sheepmeat",133619
1385,3,"Beef",28955
1456,16,"Forestry",88071
3016,16,"Forestry",6676
911,24,"Veges",17836
3123,5,"Beef",178929
2959,15,"Forestry",1807559
1362,8,"Sheepmeat",7429
3012,16,"Forestry",6699
2885,29,"Sheepmeat",80842287
2352,27,"Sheepmeat",1192216
2980,23,"Veges",165493
1188,27,"Sheepmeat",715725
1096,16,"Forestry",4437
2153,13,"Forestry",4678
3024,29,"Sheepmeat",105532790
1846,29,"Sheepmeat",157261
2881,10,"Sheepmeat",20903122
1374,8,"Sheepmeat",560696
3147,18,"Fruit",806709
1844,24,"Veges",1149
35,4,"Beef",25031
3045,12,"Forestry",1730291
2281,29,"Sheepmeat",3557404
1710,2,"Beef",91742
3025,7,"Beef",25193
2303,26,"Veges",4987858
2402,12,"Forestry",434076
3003,3,"Beef",1137281
2653,9,"Sheepmeat",3822
1938,12,"Forestry",28833
2914,29,"Sheepmeat",52177351
2774,7,"Beef",836800
1206,18,"Fruit",63862
1874,15,"Forestry",24396
135,27,"Sheepmeat",150482
2439,28,"Sheepmeat",2170651
432,27,"Sheepmeat",1227
1691,3,"Beef",1098748
1659,4,"Beef",1253338
3125,28,"Sheepmeat",126412232
1032,3,"Beef",10715
1040,16,"Forestry",815028
1378,2,"Beef",821233
9,16,"Forestry",1571
2598,20,"Fruit",114997
1049,2,"Beef",793740
2021,17,"Fruit",400570
1042,29,"Sheepmeat",11716
472,29,"Sheepmeat",41103
2832,17,"Fruit",701154
1272,2,"Beef",1669
3010,22,"Fruit",89112
1828,15,"Forestry",6036
2104,16,"Forestry",1826076
1487,8,"Sheepmeat",344373
2058,15,"Forestry",1257
960,8,"Sheepmeat",14476
2405,11,"Forestry",340519
2244,2,"Beef",3352124
1820,15,"Forestry",484093
835,27,"Sheepmeat",6162
3048,13,"Forestry",5317
2247,27,"Sheepmeat",36647
3158,4,"Beef",35141149
59,9,"Sheepmeat",2471
1121,2,"Beef",186385
2502,7,"Beef",25193
2766,29,"Sheepmeat",101858973
915,9,"Sheepmeat",783774
2798,23,"Veges",3561652
2120,29,"Sheepmeat",21180153
3119,21,"Fruit",41389
2654,2,"Beef",13044366
964,27,"Sheepmeat",16970
2499,5,"Beef",8405
3142,11,"Forestry",3177321
1091,10,"Sheepmeat",1766892
951,24,"Veges",81042
879,24,"Veges",596121
2122,10,"Sheepmeat",2287051
1298,27,"Sheepmeat",1220
2392,15,"Forestry",6643992
1328,29,"Sheepmeat",1100
2040,11,"Forestry",17400
2009,28,"Sheepmeat",448999
2223,29,"Sheepmeat",27744931
1805,16,"Forestry",5458670
2968,9,"Sheepmeat",138771
2553,28,"Sheepmeat",5038120
3010,28,"Sheepmeat",12978
1380,15,"Forestry",25421
312,4,"Beef",2941739
2501,7,"Beef",25193
1952,13,"Forestry",209671
2965,25,"Veges",2275060
2192,14,"Forestry",212214
1908,8,"Sheepmeat",249102
2188,9,"Sheepmeat",47957
2351,28,"Sheepmeat",115765
3113,18,"Fruit",16757
1268,9,"Sheepmeat",30947
999,20,"Fruit",529988
3066,20,"Fruit",88012
1772,16,"Forestry",39807
1860,28,"Sheepmeat",305006
3100,8,"Sheepmeat",1112355
1419,8,"Sheepmeat",29136
1443,10,"Sheepmeat",4322655
1550,11,"Forestry",7096
1042,17,"Fruit",3198853
1693,14,"Forestry",8566
2106,4,"Beef",2216507
934,28,"Sheepmeat",258114
1987,14,"Forestry",3283
1364,8,"Sheepmeat",543775
1908,11,"Forestry",69773
1980,10,"Sheepmeat",617266
1374,2,"Beef",262578
2896,10,"Sheepmeat",42352
1411,24,"Veges",147807
38,10,"Sheepmeat",11568
2125,28,"Sheepmeat",1512095
2395,9,"Sheepmeat",33861
1862,16,"Forestry",1992980
27,14,"Forestry",9958
1280,9,"Sheepmeat",87494
3158,15,"Forestry",5313238
2779,28,"Sheepmeat",121937818
2124,8,"Sheepmeat",2243184
2018,3,"Beef",34384
1658,4,"Beef",1323597
1990,16,"Forestry",342397
290,29,"Sheepmeat",78520
3111,13,"Forestry",7570
1615,25,"Veges",6466925
1937,28,"Sheepmeat",1778
1952,15,"Forestry",4957470
1515,15,"Forestry",35904
3003,24,"Veges",21866203
885,3,"Beef",108616
2835,12,"Forestry",3175122
289,28,"Sheepmeat",6441
558,18,"Fruit",266691
1029,8,"Sheepmeat",65794
6,9,"Sheepmeat",336512
1909,10,"Sheepmeat",7306614
2724,25,"Veges",411588
2987,11,"Forestry",3285119
1780,3,"Beef",4014
1392,14,"Forestry",2139
969,17,"Fruit",166572
1612,8,"Sheepmeat",5642
2979,3,"Beef",1818119
1455,11,"Forestry",15310
2326,4,"Beef",1154
2014,3,"Beef",1487
652,16,"Forestry",93101
2881,25,"Veges",30789921
1621,4,"Beef",2632
2441,9,"Sheepmeat",1445
2885,23,"Veges",25558769
2937,5,"Beef",8405
1106,22,"Fruit",15146
1864,23,"Veges",1811724
985,25,"Veges",4423204
1360,15,"Forestry",1090
1429,18,"Fruit",661020
2868,28,"Sheepmeat",118731785
3070,8,"Sheepmeat",7535359
2805,10,"Sheepmeat",11988059
20,3,"Beef",6110
2272,9,"Sheepmeat",1101790
2597,10,"Sheepmeat",25589329
1162,28,"Sheepmeat",7019
1154,10,"Sheepmeat",1101790
2164,8,"Sheepmeat",12073
1761,4,"Beef",271573
1217,4,"Beef",2111954
2788,25,"Veges",159978
2116,16,"Forestry",296650
3151,26,"Veges",12983174
1224,9,"Sheepmeat",62454
1071,15,"Forestry",187085
2157,16,"Forestry",27440
2813,15,"Forestry",5262193
2812,13,"Forestry",178923
2275,10,"Sheepmeat",14370
2830,21,"Fruit",139364
805,26,"Veges",34243160
1272,8,"Sheepmeat",95614
1453,18,"Fruit",14211
1910,23,"Veges",6325727
2117,3,"Beef",46713
571,21,"Fruit",2063
1991,9,"Sheepmeat",516331
1877,15,"Forestry",19594
1662,15,"Forestry",6051
3103,2,"Beef",41653169
3106,4,"Beef",5157432
1265,28,"Sheepmeat",294335
99,2,"Beef",2697
2914,18,"Fruit",16757
1627,2,"Beef",125619
2974,24,"Veges",366120
288,26,"Veges",13579597
1869,26,"Veges",721908
1060,18,"Fruit",134678
1267,8,"Sheepmeat",263415
2901,28,"Sheepmeat",308431
946,22,"Fruit",151807
3083,16,"Forestry",6699
1141,9,"Sheepmeat",199257
3133,3,"Beef",12535876
3028,15,"Forestry",6586781
3010,19,"Fruit",18384535
1832,3,"Beef",391527
2945,6,"Beef",8405
2567,4,"Beef",149365
3145,15,"Forestry",6586781
2149,13,"Forestry",9960
1469,27,"Sheepmeat",10568
1087,15,"Forestry",390372
2841,15,"Forestry",6586781
1043,11,"Forestry",434076
1033,20,"Fruit",104256
87,3,"Beef",141754
1466,20,"Fruit",8554
1917,12,"Forestry",22818
1157,14,"Forestry",1429
3041,28,"Sheepmeat",32623663
1860,13,"Forestry",5712
2801,22,"Fruit",1080
1426,24,"Veges",407274
2909,26,"Veges",2512069
3067,14,"Forestry",242970
2501,13,"Forestry",248343
2118,29,"Sheepmeat",21180153
1099,27,"Sheepmeat",154357
2151,29,"Sheepmeat",352366
620,4,"Beef",1601
1211,23,"Veges",132626
1629,25,"Veges",2460
2816,10,"Sheepmeat",14350815
2350,4,"Beef",142336
2623,22,"Fruit",31807
2425,23,"Veges",7304916
1094,17,"Fruit",137557
1111,12,"Forestry",28007
1578,29,"Sheepmeat",105532790
3166,17,"Fruit",8329978
1110,4,"Beef",821926
2751,12,"Forestry",30430
415,9,"Sheepmeat",1001
550,15,"Forestry",218605
1099,28,"Sheepmeat",154357
3101,20,"Fruit",69136
2440,28,"Sheepmeat",19984771
1842,11,"Forestry",22537
1834,27,"Sheepmeat",443253
3039,27,"Sheepmeat",34246071
1781,27,"Sheepmeat",17879
2979,27,"Sheepmeat",4473322
1054,13,"Forestry",23389
2212,14,"Forestry",5053
573,1,"Dairy",9843461
194,17,"Fruit",47341371
2769,11,"Forestry",1952848
1081,16,"Forestry",9748
1150,27,"Sheepmeat",939100
3111,29,"Sheepmeat",47502
2942,29,"Sheepmeat",39886987
2902,2,"Beef",113321
2597,28,"Sheepmeat",35854901
2425,28,"Sheepmeat",272382
2838,1,"Dairy",294373
1325,29,"Sheepmeat",60879
1264,3,"Beef",188142
2870,4,"Beef",129034600
2765,25,"Veges",18506019
3026,28,"Sheepmeat",34730575
2769,12,"Forestry",1952848
1227,28,"Sheepmeat",36647
574,15,"Forestry",6827
2667,20,"Fruit",114997
3008,20,"Fruit",154903
149,29,"Sheepmeat",55029
2280,8,"Sheepmeat",917797
1580,21,"Fruit",203202
2202,8,"Sheepmeat",315127
2475,17,"Fruit",105555
2959,3,"Beef",3125232
2807,9,"Sheepmeat",12217101
1120,9,"Sheepmeat",3319
3004,15,"Forestry",1740740
1213,23,"Veges",5652390
2553,27,"Sheepmeat",5038120
3040,19,"Fruit",16651658
2863,24,"Veges",31412107
1496,15,"Forestry",59755
1813,15,"Forestry",170503
2758,10,"Sheepmeat",13525081
3154,5,"Beef",8405
1421,2,"Beef",13849
878,8,"Sheepmeat",35740944
991,18,"Fruit",4167691
2807,15,"Forestry",4499360
1117,15,"Forestry",184299
3137,7,"Beef",25193
1147,2,"Beef",61199
268,17,"Fruit",910310
962,27,"Sheepmeat",153874
1258,3,"Beef",374457
2531,15,"Forestry",1583
2318,1,"Dairy",6462576
3096,24,"Veges",223113
1169,12,"Forestry",4794
3030,15,"Forestry",6580738
3013,11,"Forestry",2572114
2985,3,"Beef",35850
1117,3,"Beef",4061707
1204,19,"Fruit",198985
3057,28,"Sheepmeat",84774
1391,24,"Veges",205889
2693,2,"Beef",12703940
3030,11,"Forestry",3175122
2320,4,"Beef",1020
3046,4,"Beef",29366270
2070,15,"Forestry",147482
2036,3,"Beef",2476311
1324,11,"Forestry",1364324
1397,10,"Sheepmeat",1357891
2309,2,"Beef",410368
2901,26,"Veges",131867
157,4,"Beef",81756
1313,16,"Forestry",1855531
2754,2,"Beef",4117521
2361,3,"Beef",61500
1040,28,"Sheepmeat",598171
1553,18,"Fruit",10466109
2821,6,"Beef",8405
2674,26,"Veges",2632608
2996,2,"Beef",55978
1139,19,"Fruit",5858
1864,28,"Sheepmeat",968973
879,27,"Sheepmeat",2373
1081,9,"Sheepmeat",1765
2647,2,"Beef",89682
2222,16,"Forestry",71301528
2412,4,"Beef",1297132
2274,15,"Forestry",63247
2512,3,"Beef",1748
581,13,"Forestry",5372
149,23,"Veges",2545
2943,7,"Beef",25193
1978,16,"Forestry",57841
1946,2,"Beef",58696
1465,8,"Sheepmeat",55529
472,27,"Sheepmeat",7599
963,12,"Forestry",7911204
2901,29,"Sheepmeat",934415
123,4,"Beef",80621
3123,1,"Dairy",6318043
1487,4,"Beef",806077
1212,24,"Veges",7641115
1787,2,"Beef",120825
1106,28,"Sheepmeat",93016
2734,8,"Sheepmeat",4113
1810,8,"Sheepmeat",136020
1039,16,"Forestry",154129
3126,17,"Fruit",701154
2220,27,"Sheepmeat",6695
1494,8,"Sheepmeat",1565623
2527,27,"Sheepmeat",1124326
2311,10,"Sheepmeat",503574
1358,16,"Forestry",16660
2156,4,"Beef",2740
3046,14,"Forestry",138413
918,19,"Fruit",26305129
2396,12,"Forestry",78366
2846,15,"Forestry",6824256
3028,19,"Fruit",1775911
2920,6,"Beef",8405
882,25,"Veges",157302
1656,15,"Forestry",1156
3145,17,"Fruit",806709
2198,16,"Forestry",87808
3055,14,"Forestry",30039
1424,10,"Sheepmeat",13108
1031,19,"Fruit",4165663
1979,8,"Sheepmeat",129402
2834,9,"Sheepmeat",24231095
1521,26,"Veges",109640
1510,2,"Beef",1059976
2929,24,"Veges",6083886
2841,12,"Forestry",3177321
2842,24,"Veges",31465611
2693,5,"Beef",8405
2672,25,"Veges",39391627
346,10,"Sheepmeat",1689
1797,11,"Forestry",71683
2980,9,"Sheepmeat",3039606
2792,9,"Sheepmeat",5119523
574,9,"Sheepmeat",1545085
2199,13,"Forestry",32483
2371,27,"Sheepmeat",2330788
1980,3,"Beef",404028
2693,22,"Fruit",50124
2944,25,"Veges",728550
2407,2,"Beef",183646
2246,15,"Forestry",6061599
2953,15,"Forestry",25421
2815,27,"Sheepmeat",19911983
1770,27,"Sheepmeat",464646
3123,18,"Fruit",5987234
1223,4,"Beef",16714
3043,4,"Beef",32759518
1435,11,"Forestry",801761
1046,25,"Veges",821058
2138,4,"Beef",541730
3003,17,"Fruit",16398755
2874,16,"Forestry",34361878
1867,28,"Sheepmeat",3782372
2147,10,"Sheepmeat",28489
3115,27,"Sheepmeat",6274983
2094,8,"Sheepmeat",3713327
2538,11,"Forestry",499756
964,4,"Beef",52833
1589,4,"Beef",40355453
1989,2,"Beef",19442
2888,11,"Forestry",2943512
333,22,"Fruit",33071
2163,9,"Sheepmeat",11219
3138,9,"Sheepmeat",24652520
2756,14,"Forestry",5317
1655,10,"Sheepmeat",371200
1666,25,"Veges",86238
2743,21,"Fruit",4515
2883,12,"Forestry",22537
1282,9,"Sheepmeat",11183
1985,2,"Beef",63171
3002,25,"Veges",52143277
3029,2,"Beef",12703940
3074,15,"Forestry",111011
523,16,"Forestry",171617911
532,27,"Sheepmeat",1124326
942,9,"Sheepmeat",2142
74,10,"Sheepmeat",5024
3057,26,"Veges",26354
1287,3,"Beef",11159
2308,26,"Veges",51987
3017,26,"Veges",16249987
2782,15,"Forestry",458926
1549,7,"Beef",25193
755,27,"Sheepmeat",7599
2531,3,"Beef",340426
1140,20,"Fruit",6027
1999,14,"Forestry",50533
3126,19,"Fruit",1543973
1689,4,"Beef",3307859
3165,27,"Sheepmeat",121276216
532,19,"Fruit",227645
1573,27,"Sheepmeat",2401
2862,27,"Sheepmeat",34140166
2219,11,"Forestry",28007
2993,16,"Forestry",6676
1997,4,"Beef",601018
1108,15,"Forestry",16368
86,10,"Sheepmeat",131996
960,19,"Fruit",1766656
1507,19,"Fruit",38023047
2769,17,"Fruit",32244125
1629,4,"Beef",146143
2925,5,"Beef",8405
1310,27,"Sheepmeat",8316
2781,3,"Beef",119823
2762,1,"Dairy",6318043
2195,3,"Beef",6441
1680,2,"Beef",35910
398,26,"Veges",16249987
1863,3,"Beef",821233
832,19,"Fruit",1804923
943,22,"Fruit",3604
3025,3,"Beef",12703940
1349,16,"Forestry",650668
1958,10,"Sheepmeat",18731
581,29,"Sheepmeat",3403586
1220,16,"Forestry",2836356
842,27,"Sheepmeat",306585
2789,28,"Sheepmeat",5514396
562,8,"Sheepmeat",6947
1985,13,"Forestry",6552
1000,28,"Sheepmeat",2114875
71,29,"Sheepmeat",61860833
2403,20,"Fruit",25866
2884,28,"Sheepmeat",25920206
2556,18,"Fruit",95602
2830,4,"Beef",35352613
235,24,"Veges",32924701
2381,2,"Beef",45389
1140,9,"Sheepmeat",53795
2736,8,"Sheepmeat",868111
601,11,"Forestry",4683
2961,14,"Forestry",68513
2951,23,"Veges",1811724
400,26,"Veges",16249987
2246,13,"Forestry",251638
994,21,"Fruit",112422
3065,24,"Veges",31412107
2124,11,"Forestry",95511
2345,28,"Sheepmeat",356996
2466,27,"Sheepmeat",60100
2264,8,"Sheepmeat",339343
1372,29,"Sheepmeat",1281784
1213,22,"Fruit",39780
2827,14,"Forestry",227601
2965,14,"Forestry",68513
1705,8,"Sheepmeat",1274
720,29,"Sheepmeat",1052
1179,4,"Beef",4939
3129,20,"Fruit",88012
2407,3,"Beef",183646
2869,11,"Forestry",702872
1135,3,"Beef",1908289
1892,4,"Beef",80621
2804,4,"Beef",18220277
2495,25,"Veges",12090250
928,14,"Forestry",5372
139,29,"Sheepmeat",10301
1178,2,"Beef",10004
1340,28,"Sheepmeat",235370
2880,9,"Sheepmeat",22418650
1297,2,"Beef",136224
2759,23,"Veges",2255482
2329,4,"Beef",27237
3154,28,"Sheepmeat",19724407
1049,27,"Sheepmeat",3537909
2604,26,"Veges",4987858
1795,27,"Sheepmeat",136334
3046,18,"Fruit",640913
1152,10,"Sheepmeat",270324
2951,27,"Sheepmeat",966590
27,28,"Sheepmeat",2569934
3013,15,"Forestry",5313238
87,16,"Forestry",116558
2033,18,"Fruit",625463
1073,15,"Forestry",2103
2500,6,"Beef",8405
2932,13,"Forestry",2554
2226,28,"Sheepmeat",49362
1643,11,"Forestry",21741
1863,23,"Veges",1811724
1581,20,"Fruit",101630
1933,9,"Sheepmeat",50967
1306,8,"Sheepmeat",542686
2961,7,"Beef",25193
883,15,"Forestry",1752
2117,15,"Forestry",3332
1158,23,"Veges",413919
2355,9,"Sheepmeat",1279
2806,13,"Forestry",171536
2337,15,"Forestry",3332
2438,16,"Forestry",698218
1468,11,"Forestry",14346
2961,23,"Veges",2378004
1985,10,"Sheepmeat",1368292
1826,4,"Beef",42604
1860,4,"Beef",102352
868,21,"Fruit",38683
3120,23,"Veges",18394869
994,8,"Sheepmeat",249291
1377,3,"Beef",832335
3051,18,"Fruit",16757
2309,16,"Forestry",132051
1077,25,"Veges",7955
2236,3,"Beef",2176
119,4,"Beef",1255
2914,14,"Forestry",171536
2148,29,"Sheepmeat",2889220
1146,29,"Sheepmeat",540889
3081,4,"Beef",19779
2745,3,"Beef",4853
3150,3,"Beef",12079316
1689,15,"Forestry",273975
2865,12,"Forestry",1148503
3063,26,"Veges",11709156
2824,25,"Veges",30741184
1265,16,"Forestry",821116
921,8,"Sheepmeat",42059
2399,27,"Sheepmeat",718219
1543,8,"Sheepmeat",2614610
1522,21,"Fruit",1031420
1134,29,"Sheepmeat",1282358
940,24,"Veges",245883
1788,16,"Forestry",2717143
1151,4,"Beef",181353
2412,13,"Forestry",50533
2017,11,"Forestry",293957
1591,2,"Beef",13114642
2879,2,"Beef",11228662
2432,8,"Sheepmeat",19876
1878,15,"Forestry",5880
1843,27,"Sheepmeat",806096
2799,22,"Fruit",1080
2108,10,"Sheepmeat",2347291
3060,17,"Fruit",2372812
1955,9,"Sheepmeat",1065792
211,18,"Fruit",10767845
1924,28,"Sheepmeat",9523062
2577,10,"Sheepmeat",135065
879,26,"Veges",246684
1842,2,"Beef",184402
1502,4,"Beef",1933088
1615,4,"Beef",5241
1768,15,"Forestry",191746
3118,13,"Forestry",5317
1968,16,"Forestry",13313
2799,8,"Sheepmeat",10129859
885,28,"Sheepmeat",199001
2425,11,"Forestry",5951260
1993,4,"Beef",1686103
899,6,"Beef",21666
1154,29,"Sheepmeat",4618740
3097,9,"Sheepmeat",23281106
2553,9,"Sheepmeat",3617674
2997,17,"Fruit",1668988
2724,29,"Sheepmeat",60068559
3134,6,"Beef",8405
2613,10,"Sheepmeat",804813
2905,3,"Beef",6013399
1768,3,"Beef",22417
2764,28,"Sheepmeat",32280376
1634,29,"Sheepmeat",2521249
1549,25,"Veges",12090250
2773,27,"Sheepmeat",121277466
885,9,"Sheepmeat",138908
2310,3,"Beef",404028
3102,18,"Fruit",1010046
2406,14,"Forestry",2139
901,9,"Sheepmeat",4855
2499,17,"Fruit",806709
1087,9,"Sheepmeat",226053
1550,19,"Fruit",104003029
921,29,"Sheepmeat",181335
3154,1,"Dairy",294373
868,4,"Beef",4969
1127,29,"Sheepmeat",24033411
2719,4,"Beef",2046
701,16,"Forestry",72574
1419,16,"Forestry",5485
1587,23,"Veges",26257752
1490,14,"Forestry",3778
985,27,"Sheepmeat",123210
1332,15,"Forestry",7953
3068,1,"Dairy",294373
195,2,"Beef",1076
2800,14,"Forestry",156767
2884,4,"Beef",28309523
910,24,"Veges",17836
1321,2,"Beef",77490
2325,19,"Fruit",237846
3122,26,"Veges",10417049
2842,4,"Beef",39270225
2938,9,"Sheepmeat",1303325
26,29,"Sheepmeat",755180
410,3,"Beef",54332
2409,16,"Forestry",1136
763,27,"Sheepmeat",5881
1696,13,"Forestry",7471
3105,3,"Beef",605303
846,28,"Sheepmeat",3840083
881,21,"Fruit",183800
1510,27,"Sheepmeat",2110442
1564,3,"Beef",1867
2863,5,"Beef",8405
557,4,"Beef",1085228
2907,25,"Veges",6083886
2991,4,"Beef",1052
1080,9,"Sheepmeat",3708146
1917,9,"Sheepmeat",1792
3042,2,"Beef",10853323
1493,10,"Sheepmeat",197823
2568,28,"Sheepmeat",3401270
3112,14,"Forestry",197471
1585,7,"Beef",25193
1832,9,"Sheepmeat",1171415
999,27,"Sheepmeat",2116324
907,3,"Beef",39566
523,3,"Beef",3501
2213,12,"Forestry",17281
1818,12,"Forestry",9603
989,4,"Beef",9980
981,16,"Forestry",5811857
3151,24,"Veges",31412107
3037,15,"Forestry",5313238
981,8,"Sheepmeat",1167223
1945,10,"Sheepmeat",2302665
1213,4,"Beef",7241397
3051,26,"Veges",3883987
2921,24,"Veges",6083886
2273,10,"Sheepmeat",2741951
1313,12,"Forestry",65070
2764,3,"Beef",10721836
2341,24,"Veges",162984
1140,3,"Beef",56546
6,3,"Beef",230902
1917,14,"Forestry",2208
1191,29,"Sheepmeat",3356
2789,9,"Sheepmeat",3941474
1012,4,"Beef",145910
2818,5,"Beef",8405
1981,4,"Beef",1221612
2806,4,"Beef",18429107
1615,17,"Fruit",3010067
1150,10,"Sheepmeat",674187
2606,6,"Beef",8405
2188,8,"Sheepmeat",51608
1294,13,"Forestry",2799
2209,12,"Forestry",2381
2961,26,"Veges",947741
1453,23,"Veges",42677
2092,24,"Veges",330645
1139,25,"Veges",2291347
1661,3,"Beef",48227
1522,15,"Forestry",6827
2847,24,"Veges",62472240
3129,3,"Beef",12438195
3053,4,"Beef",19355357
2874,10,"Sheepmeat",60158187
2747,29,"Sheepmeat",5356747
1880,13,"Forestry",103090
2051,1,"Dairy",6318043
2814,27,"Sheepmeat",19879901
1207,26,"Veges",93353
1249,15,"Forestry",806547
1078,11,"Forestry",175853
1941,3,"Beef",2176
611,4,"Beef",51923
1235,3,"Beef",35698
1863,9,"Sheepmeat",1214212
3105,5,"Beef",135931
2315,16,"Forestry",8491
728,3,"Beef",1487
1427,11,"Forestry",2412
1291,12,"Forestry",30164
2403,13,"Forestry",35197
2401,11,"Forestry",121549
2759,28,"Sheepmeat",18886818
1855,28,"Sheepmeat",113311
912,10,"Sheepmeat",4855
2783,27,"Sheepmeat",3465253
2649,22,"Fruit",55676
2756,3,"Beef",4702707
1938,9,"Sheepmeat",43467
3143,25,"Veges",31465611
2906,4,"Beef",204117
2205,27,"Sheepmeat",635152
1320,3,"Beef",106329
883,22,"Fruit",11871
2773,13,"Forestry",52766
3129,12,"Forestry",3175122
1250,11,"Forestry",2679207
3078,10,"Sheepmeat",4395118
2954,26,"Veges",721908
2963,26,"Veges",938745
497,2,"Beef",39341
2970,29,"Sheepmeat",16644747
2401,8,"Sheepmeat",165678
1348,27,"Sheepmeat",1507
77,10,"Sheepmeat",800585
952,19,"Fruit",477910
672,3,"Beef",2878
1101,3,"Beef",3081
2585,23,"Veges",26257752
2554,27,"Sheepmeat",1839505
2929,19,"Fruit",38591
2777,2,"Beef",42761290
2898,15,"Forestry",5263494
1768,4,"Beef",68852
2770,26,"Veges",21676303
1971,8,"Sheepmeat",820983
1381,28,"Sheepmeat",6730
2863,20,"Fruit",88012
2839,25,"Veges",31465611
2442,9,"Sheepmeat",11974138
1432,21,"Fruit",185990
3101,10,"Sheepmeat",86308819
577,2,"Beef",35222
2829,8,"Sheepmeat",24346759
2307,28,"Sheepmeat",2176
1496,14,"Forestry",2194
2273,8,"Sheepmeat",2953824
1089,3,"Beef",56118
2802,19,"Fruit",38591
1281,4,"Beef",421195
743,16,"Forestry",12624
1783,3,"Beef",24765
2840,8,"Sheepmeat",26849218
1867,14,"Forestry",39970
882,9,"Sheepmeat",51995
3048,2,"Beef",4712537
1218,27,"Sheepmeat",363482
1249,16,"Forestry",11622804
1076,2,"Beef",3714
1970,10,"Sheepmeat",186943
2928,8,"Sheepmeat",162914
1831,10,"Sheepmeat",503574
1214,15,"Forestry",3157342
1812,3,"Beef",3655
2243,16,"Forestry",1743461
2776,16,"Forestry",15693421
1896,2,"Beef",34523
946,20,"Fruit",452249
384,3,"Beef",12703940
1164,2,"Beef",37296
1519,4,"Beef",22677
1246,15,"Forestry",3959
1254,8,"Sheepmeat",185476
415,27,"Sheepmeat",1393
2403,22,"Fruit",12343
1134,3,"Beef",172116
2949,10,"Sheepmeat",7691202
1379,29,"Sheepmeat",2962611
1109,28,"Sheepmeat",592467
714,2,"Beef",3412
1050,9,"Sheepmeat",44457
2736,16,"Forestry",175122469
2941,18,"Fruit",16757
2909,7,"Beef",25193
2788,14,"Forestry",18342
2907,24,"Veges",6083886
1138,28,"Sheepmeat",4479933
2870,12,"Forestry",702872
1441,10,"Sheepmeat",8782080
2844,16,"Forestry",6676
2873,8,"Sheepmeat",1584903
3053,3,"Beef",6210325
3157,12,"Forestry",1557654
1707,3,"Beef",1100194
1144,3,"Beef",8210
3066,23,"Veges",26202404
1826,10,"Sheepmeat",451558
2264,20,"Fruit",224444
121,8,"Sheepmeat",20316
2931,18,"Fruit",16757
2755,2,"Beef",4444448
2080,8,"Sheepmeat",9343
2083,29,"Sheepmeat",253846
1438,29,"Sheepmeat",37528325
1879,10,"Sheepmeat",2525753
2786,28,"Sheepmeat",3589899
1876,9,"Sheepmeat",402478
2799,20,"Fruit",2162
3090,19,"Fruit",4214866
1135,12,"Forestry",72222
2060,26,"Veges",2670390
3070,11,"Forestry",69826
991,4,"Beef",3217764
945,25,"Veges",3285482
1203,16,"Forestry",31500
459,27,"Sheepmeat",14383
1687,16,"Forestry",742726
1397,2,"Beef",495067
1172,20,"Fruit",7193
2338,4,"Beef",1182824
2869,26,"Veges",3591429
2187,24,"Veges",162984
2399,10,"Sheepmeat",516331
1946,12,"Forestry",2370
187,4,"Beef",11713
1835,27,"Sheepmeat",288819
1775,29,"Sheepmeat",2435027
1073,10,"Sheepmeat",65046
2952,29,"Sheepmeat",2956250
2137,4,"Beef",967536
1139,4,"Beef",21768
1466,8,"Sheepmeat",1120
1090,9,"Sheepmeat",65513
2855,2,"Beef",97768
2820,8,"Sheepmeat",18686987
1748,22,"Fruit",6136
2272,3,"Beef",916260
1983,10,"Sheepmeat",390185
837,10,"Sheepmeat",106798
2829,6,"Beef",8405
3007,18,"Fruit",3722437
2071,28,"Sheepmeat",135226
1589,9,"Sheepmeat",25589329
916,24,"Veges",17836
1809,16,"Forestry",5865450
3152,21,"Fruit",11204873
1249,11,"Forestry",396190
2852,10,"Sheepmeat",1136937
3103,5,"Beef",275924
3041,15,"Forestry",5000968
3030,20,"Fruit",88012
2823,15,"Forestry",6126930
1483,4,"Beef",5267
1624,2,"Beef",35698
1646,22,"Fruit",20937
1436,24,"Veges",4540371
443,28,"Sheepmeat",2350
2804,10,"Sheepmeat",11406611
1324,9,"Sheepmeat",4447791
2163,3,"Beef",15605
2350,27,"Sheepmeat",119361
2573,29,"Sheepmeat",1207
1029,16,"Forestry",18891
2373,3,"Beef",277754
2943,27,"Sheepmeat",12873751
2054,10,"Sheepmeat",360505
2895,2,"Beef",6659202
845,2,"Beef",7650
2163,4,"Beef",49701
65,21,"Fruit",40437
1046,3,"Beef",62693
3144,16,"Forestry",235432749
2788,13,"Forestry",18342
2021,8,"Sheepmeat",9263
2509,15,"Forestry",17286
2051,26,"Veges",13434917
1437,21,"Fruit",69288
842,13,"Forestry",10038
2583,27,"Sheepmeat",1156
2026,16,"Forestry",38669
291,16,"Forestry",1398
1924,15,"Forestry",6400125
1856,26,"Veges",470363
3129,24,"Veges",31412107
2037,9,"Sheepmeat",5218521
2770,13,"Forestry",155895
3042,25,"Veges",22707978
595,15,"Forestry",5880
2913,25,"Veges",6083886
1483,26,"Veges",1493
3039,6,"Beef",178929
2869,27,"Sheepmeat",119236094
2286,9,"Sheepmeat",181391
2775,13,"Forestry",46495
2828,16,"Forestry",91137009
2504,29,"Sheepmeat",109524944
1851,8,"Sheepmeat",554828
2404,24,"Veges",378456
558,11,"Forestry",1064
2974,3,"Beef",1967735
1279,29,"Sheepmeat",166682
1775,28,"Sheepmeat",812349
1316,4,"Beef",28599
1445,4,"Beef",120738
2907,5,"Beef",8405
2520,24,"Veges",1879685
1975,28,"Sheepmeat",197988
3105,27,"Sheepmeat",1781637
2519,27,"Sheepmeat",4491
533,9,"Sheepmeat",804813
2540,9,"Sheepmeat",6872
2945,14,"Forestry",133864
2921,13,"Forestry",168950
1627,8,"Sheepmeat",133379
1582,4,"Beef",39270225
1113,29,"Sheepmeat",281826
2569,8,"Sheepmeat",2629665
3057,16,"Forestry",2044113
906,2,"Beef",85344
1290,25,"Veges",98549
1811,10,"Sheepmeat",514129
3124,4,"Beef",34898504
2039,11,"Forestry",90820
2246,9,"Sheepmeat",6793417
1106,24,"Veges",956531
3142,19,"Fruit",1775911
1232,15,"Forestry",1318
1255,10,"Sheepmeat",101721
2793,9,"Sheepmeat",5398519
2475,22,"Fruit",6805
158,29,"Sheepmeat",10301
3126,9,"Sheepmeat",24580874
1866,16,"Forestry",1192
1382,28,"Sheepmeat",124633
2498,16,"Forestry",60302033
1571,9,"Sheepmeat",144014
2132,29,"Sheepmeat",1411
2498,20,"Fruit",13366
2224,29,"Sheepmeat",610099
2277,18,"Fruit",3010067
892,12,"Forestry",14613
1146,18,"Fruit",162300
1686,10,"Sheepmeat",5788
2286,14,"Forestry",22639
3142,9,"Sheepmeat",24784517
3023,15,"Forestry",6586781
3058,27,"Sheepmeat",5927256
3165,16,"Forestry",17699983
3124,20,"Fruit",805039
1672,2,"Beef",230378
1096,3,"Beef",51982
672,16,"Forestry",12867
112,14,"Forestry",242970
2979,4,"Beef",5567024
2937,23,"Veges",6295645
1304,2,"Beef",99310
3027,13,"Forestry",242970
1135,28,"Sheepmeat",6779424
1484,8,"Sheepmeat",1338
27,10,"Sheepmeat",1845687
1340,10,"Sheepmeat",163214
1095,10,"Sheepmeat",197130
1,26,"Veges",13005315
1324,13,"Forestry",114947
1988,16,"Forestry",342397
2897,12,"Forestry",2578862
1121,29,"Sheepmeat",1052912
1074,2,"Beef",48227
52,13,"Forestry",8186
785,2,"Beef",16519
3166,18,"Fruit",8329978
674,16,"Forestry",5114
1388,27,"Sheepmeat",15193
2761,9,"Sheepmeat",13551414
2902,20,"Fruit",11019
1119,3,"Beef",186385
1545,9,"Sheepmeat",102193
2318,26,"Veges",13579597
1321,28,"Sheepmeat",87687
2894,29,"Sheepmeat",176590
2904,11,"Forestry",2326098
1256,4,"Beef",25734
1511,17,"Fruit",4222043
1047,26,"Veges",339122
2816,8,"Sheepmeat",15611952
2284,27,"Sheepmeat",864038
3040,29,"Sheepmeat",103249039
2112,8,"Sheepmeat",2180946
419,4,"Beef",1052
1304,4,"Beef",302068
1980,16,"Forestry",132051
1841,9,"Sheepmeat",1198857
1844,23,"Veges",1188
3167,25,"Veges",3832564
3110,18,"Fruit",152891
998,2,"Beef",1067042
2969,4,"Beef",203364
2722,25,"Veges",41390
915,18,"Fruit",86747
1572,21,"Fruit",311473
3018,8,"Sheepmeat",1353
3013,23,"Veges",96904405
1107,29,"Sheepmeat",773508
3038,24,"Veges",28554959
1814,9,"Sheepmeat",127455
1873,4,"Beef",987036
2949,16,"Forestry",45381509
1117,10,"Sheepmeat",10694059
2375,8,"Sheepmeat",1581002
1909,11,"Forestry",3299203
2725,11,"Forestry",215300
3054,3,"Beef",6161540
3110,17,"Fruit",152891
2630,26,"Veges",1493
2240,4,"Beef",724638
1077,9,"Sheepmeat",1340
1965,2,"Beef",91161
1331,10,"Sheepmeat",11177
1097,4,"Beef",109383
64,10,"Sheepmeat",14384202
1939,27,"Sheepmeat",7524
1631,28,"Sheepmeat",471909
353,16,"Forestry",1398
3128,22,"Fruit",43319
1306,29,"Sheepmeat",2106911
1138,11,"Forestry",16889
992,9,"Sheepmeat",1097862
2440,24,"Veges",404002
1871,16,"Forestry",357046
1005,19,"Fruit",211889
2865,27,"Sheepmeat",118420805
2945,3,"Beef",4861884
2188,16,"Forestry",3050189
1219,4,"Beef",830361
1952,10,"Sheepmeat",6648816
2510,15,"Forestry",17286
3050,9,"Sheepmeat",14186005
3046,10,"Sheepmeat",20254820
1572,22,"Fruit",75032
3026,17,"Fruit",806709
2515,8,"Sheepmeat",868111
506,3,"Beef",3501
2439,21,"Fruit",1935233
3094,12,"Forestry",208397
2811,13,"Forestry",171536
2569,27,"Sheepmeat",3400173
1217,17,"Fruit",316109
2891,17,"Fruit",545293
2867,28,"Sheepmeat",118731785
1094,22,"Fruit",7812
2746,5,"Beef",135931
942,8,"Sheepmeat",2305
2816,13,"Forestry",197471
2915,5,"Beef",8405
2880,8,"Sheepmeat",24298136
2152,28,"Sheepmeat",9472
1850,8,"Sheepmeat",608154
1963,25,"Veges",149558
1258,4,"Beef",1155380
2871,14,"Forestry",60195
3049,27,"Sheepmeat",9775880
2388,11,"Forestry",30563
2650,3,"Beef",13107109
1242,10,"Sheepmeat",2048669
1999,4,"Beef",1129070
3151,16,"Forestry",96413112
1080,28,"Sheepmeat",5164085
1257,4,"Beef",42699
2407,8,"Sheepmeat",231254
1457,16,"Forestry",51407
2126,11,"Forestry",1200
2475,4,"Beef",469533
2429,4,"Beef",4875
3155,26,"Veges",955990
2749,5,"Beef",178929
1805,28,"Sheepmeat",400984
1297,4,"Beef",423766
2269,19,"Fruit",300148
1171,12,"Forestry",14344
2885,11,"Forestry",2960009
220,16,"Forestry",96961401
1696,15,"Forestry",235212
2213,10,"Sheepmeat",61608
972,2,"Beef",315635
2383,11,"Forestry",216933
3000,21,"Fruit",70715
2844,12,"Forestry",3177321
2794,24,"Veges",2838518
1543,27,"Sheepmeat",1075967
1016,16,"Forestry",5305
2930,13,"Forestry",164711
2040,28,"Sheepmeat",3213129
65,18,"Fruit",162300
3003,5,"Beef",21666
133,29,"Sheepmeat",517428
872,27,"Sheepmeat",42688
2840,13,"Forestry",242970
412,9,"Sheepmeat",39020
2871,6,"Beef",275924
1167,2,"Beef",52180
3146,24,"Veges",31465611
530,13,"Forestry",5372
2832,20,"Fruit",88012
941,27,"Sheepmeat",1077
3053,16,"Forestry",73784049
2630,18,"Fruit",1406812
3038,23,"Veges",30062889
3040,26,"Veges",11227701
1662,27,"Sheepmeat",24822
945,24,"Veges",3285482
3129,14,"Forestry",242970
1971,9,"Sheepmeat",762907
1900,27,"Sheepmeat",404159
439,8,"Sheepmeat",5014
2234,3,"Beef",90979
1237,10,"Sheepmeat",258512
3131,1,"Dairy",294373
2205,16,"Forestry",17850590
1481,8,"Sheepmeat",3430
1688,9,"Sheepmeat",1982677
2236,24,"Veges",35668
1649,28,"Sheepmeat",1085
86,21,"Fruit",27229
1835,23,"Veges",297850
2126,10,"Sheepmeat",1006269
1630,10,"Sheepmeat",117141
1255,2,"Beef",32446
2165,9,"Sheepmeat",284294
3038,6,"Beef",178929
1869,25,"Veges",1751349
1650,28,"Sheepmeat",687765
1199,3,"Beef",17840
571,4,"Beef",6922
3043,7,"Beef",537577
844,20,"Fruit",118770
2371,12,"Forestry",396190
3067,4,"Beef",37804089
1780,29,"Sheepmeat",66778
1355,12,"Forestry",11819
1116,17,"Fruit",1528378
2690,28,"Sheepmeat",34730575
237,24,"Veges",32924701
2821,3,"Beef",8454316
1427,8,"Sheepmeat",68453
922,2,"Beef",55407
2973,2,"Beef",2023991
1453,17,"Fruit",14211
3111,8,"Sheepmeat",10682
1132,28,"Sheepmeat",629536
1869,10,"Sheepmeat",610993
2941,5,"Beef",8405
1811,4,"Beef",831477
3063,5,"Beef",275924
928,16,"Forestry",2779720
1963,29,"Sheepmeat",1467
2026,10,"Sheepmeat",1431243
574,21,"Fruit",1770248
2794,5,"Beef",8405
2797,20,"Fruit",2162
63,12,"Forestry",156550
839,14,"Forestry",155895
2050,15,"Forestry",132483
2015,4,"Beef",858739
3057,13,"Forestry",6149
1176,25,"Veges",173445
2980,13,"Forestry",18342
2401,16,"Forestry",3524071
2912,4,"Beef",18439085
194,9,"Sheepmeat",3822
1077,4,"Beef",5587
2606,5,"Beef",8405
1276,9,"Sheepmeat",29758
2555,11,"Forestry",42663
1429,17,"Fruit",661020
2881,23,"Veges",25558769
2808,1,"Dairy",294373
1566,7,"Beef",13040
1288,8,"Sheepmeat",173220
2882,19,"Fruit",1232128
3130,23,"Veges",26202404
1953,8,"Sheepmeat",6431822
3051,19,"Fruit",38591
2557,2,"Beef",338939
2794,9,"Sheepmeat",5432265
741,16,"Forestry",12624
1927,8,"Sheepmeat",32024
2944,3,"Beef",81565
2986,9,"Sheepmeat",288048
3012,27,"Sheepmeat",10975211
2161,14,"Forestry",1807
2786,10,"Sheepmeat",2575653
896,12,"Forestry",3379146
1042,13,"Forestry",35197
2397,9,"Sheepmeat",48226
2550,8,"Sheepmeat",6419499
77,9,"Sheepmeat",800585
2810,9,"Sheepmeat",12454507
1224,18,"Fruit",124237
1710,16,"Forestry",300859
1379,15,"Forestry",25421
3024,22,"Fruit",50124
2795,16,"Forestry",33755064
2341,23,"Veges",168603
1446,17,"Fruit",50937
3022,9,"Sheepmeat",24784517
3158,9,"Sheepmeat",24584717
2091,14,"Forestry",7986
2999,15,"Forestry",16233159
1514,19,"Fruit",210068
1980,8,"Sheepmeat",665263
3111,3,"Beef",8177
3127,4,"Beef",38679391
6,4,"Beef",697902
994,3,"Beef",720516
1572,17,"Fruit",47023747
1018,25,"Veges",982815
3115,10,"Sheepmeat",4507056
2649,27,"Sheepmeat",36012734
3135,9,"Sheepmeat",24634580
3086,11,"Forestry",11033
2556,2,"Beef",338939
1179,2,"Beef",1648
1221,28,"Sheepmeat",167493
1803,8,"Sheepmeat",651988
2866,12,"Forestry",1148503
2882,16,"Forestry",90240069
12,2,"Beef",601751
2308,4,"Beef",2009
3042,11,"Forestry",2425355
1225,27,"Sheepmeat",1356806
1242,9,"Sheepmeat",2048669
2765,27,"Sheepmeat",32306411
789,8,"Sheepmeat",27682
3040,12,"Forestry",2548003
1805,2,"Beef",106813
538,9,"Sheepmeat",804813
1059,18,"Fruit",134678
1687,28,"Sheepmeat",2569
2781,15,"Forestry",94661
2493,18,"Fruit",103601
2812,22,"Fruit",1080
497,10,"Sheepmeat",83302
1932,27,"Sheepmeat",187587
2305,28,"Sheepmeat",10740
317,9,"Sheepmeat",9236
1570,9,"Sheepmeat",177902
992,18,"Fruit",1691967
1778,10,"Sheepmeat",119413
3043,15,"Forestry",4967306
1038,9,"Sheepmeat",159506
2520,22,"Fruit",27711
2869,20,"Fruit",247525
1458,3,"Beef",1903
1212,3,"Beef",2396075
3145,4,"Beef",39270225
1435,21,"Fruit",938712
1203,28,"Sheepmeat",242792
2927,27,"Sheepmeat",231133
1538,27,"Sheepmeat",21321
3103,15,"Forestry",1427254
2854,29,"Sheepmeat",1167555
2907,18,"Fruit",16757
2359,3,"Beef",395738
1267,11,"Forestry",150886
1264,16,"Forestry",7044612
1583,21,"Fruit",229926
1912,11,"Forestry",143221
1001,23,"Veges",493914
883,2,"Beef",17049
1890,13,"Forestry",13324
2653,17,"Fruit",47341371
1142,28,"Sheepmeat",22313
884,10,"Sheepmeat",745850
2026,27,"Sheepmeat",1992115
887,17,"Fruit",128914
1069,18,"Fruit",25839
2767,25,"Veges",3812297
1035,15,"Forestry",87070
1463,25,"Veges",821058
2957,25,"Veges",3204489
1236,29,"Sheepmeat",2894
3025,2,"Beef",12703940
2570,2,"Beef",157505
1225,16,"Forestry",7951858
1715,28,"Sheepmeat",27456
2344,3,"Beef",47523
1138,12,"Forestry",16889
278,10,"Sheepmeat",16251
2274,14,"Forestry",2139
1620,27,"Sheepmeat",1291
2771,14,"Forestry",57818
1447,24,"Veges",414481
2813,2,"Beef",6349986
2949,13,"Forestry",129517
3012,20,"Fruit",5139686
1036,26,"Veges",58965
2053,2,"Beef",58256
2763,10,"Sheepmeat",20524885
2837,4,"Beef",38407635
2820,4,"Beef",25565275
3071,3,"Beef",4100202
2872,10,"Sheepmeat",85768651
2832,4,"Beef",37625545
1836,28,"Sheepmeat",39133
3156,26,"Veges",207862
3094,7,"Beef",836800
1976,4,"Beef",652746
760,28,"Sheepmeat",3525
2791,8,"Sheepmeat",4883233
1127,9,"Sheepmeat",5740275
567,16,"Forestry",2108
1465,28,"Sheepmeat",71777
1255,8,"Sheepmeat",109464
1259,9,"Sheepmeat",292496
1224,2,"Beef",30831
2083,9,"Sheepmeat",60881
194,19,"Fruit",104122269
1848,3,"Beef",7530
1823,12,"Forestry",70697
2878,15,"Forestry",6586781
1045,17,"Fruit",609610
1219,2,"Beef",273490
1200,10,"Sheepmeat",16238
2915,28,"Sheepmeat",17139394
198,28,"Sheepmeat",6392
1931,3,"Beef",53077
3121,27,"Sheepmeat",33763072
3009,25,"Veges",7497358
143,1,"Dairy",294373
1484,9,"Sheepmeat",1243
1543,29,"Sheepmeat",3241264
599,29,"Sheepmeat",53160
1996,14,"Forestry",1388
1762,16,"Forestry",2863398
1998,29,"Sheepmeat",15521699
1014,15,"Forestry",47154
905,13,"Forestry",5372
3051,4,"Beef",19376906
2879,10,"Sheepmeat",22418650
2806,3,"Beef",5920528
2998,22,"Fruit",13442
1332,3,"Beef",7160
2035,13,"Forestry",4678
917,13,"Forestry",279927
1946,11,"Forestry",2370
2550,22,"Fruit",39780
1908,2,"Beef",101396
3045,10,"Sheepmeat",20494526
1861,9,"Sheepmeat",217703
2211,3,"Beef",10101
1497,10,"Sheepmeat",158164
3110,21,"Fruit",34546
2593,29,"Sheepmeat",108967338
601,9,"Sheepmeat",4543
2210,11,"Forestry",2381
2926,8,"Sheepmeat",12359543
2802,7,"Beef",25193
1343,9,"Sheepmeat",4630
2193,3,"Beef",1487
1460,13,"Forestry",1388
1214,3,"Beef",2333027
578,21,"Fruit",26724
3041,26,"Veges",9463190
2388,16,"Forestry",962667
3040,14,"Forestry",199803
3152,8,"Sheepmeat",27402089
1850,1,"Dairy",294373
936,8,"Sheepmeat",45085
2039,4,"Beef",13030587
1870,16,"Forestry",357046
2914,4,"Beef",18432526
3070,2,"Beef",4112070
2886,10,"Sheepmeat",4403
2905,12,"Forestry",2323008
3079,3,"Beef",627564
2669,16,"Forestry",60302033
1688,11,"Forestry",177598
2824,19,"Fruit",1230588
3090,14,"Forestry",60195
1873,16,"Forestry",346253
2946,15,"Forestry",134671
2981,10,"Sheepmeat",3011468
1503,27,"Sheepmeat",164157
3103,10,"Sheepmeat",84960194
2693,6,"Beef",8405
1376,14,"Forestry",4347
2053,11,"Forestry",7140
690,27,"Sheepmeat",62027
2556,15,"Forestry",218605
1761,29,"Sheepmeat",287556
572,2,"Beef",1487
2137,28,"Sheepmeat",1089333
134,21,"Fruit",27229
61,28,"Sheepmeat",3436
2873,14,"Forestry",60195
1467,16,"Forestry",421571
2514,18,"Fruit",3010067
1909,9,"Sheepmeat",7306614
2412,20,"Fruit",20701
3093,14,"Forestry",57818
2209,2,"Beef",202729
2176,4,"Beef",3700
2134,8,"Sheepmeat",393855
1584,9,"Sheepmeat",25589329
2802,27,"Sheepmeat",15670021
1011,26,"Veges",860418
3062,10,"Sheepmeat",84708966
998,21,"Fruit",1153279
2945,25,"Veges",5192352
2128,8,"Sheepmeat",1017780
2869,21,"Fruit",496426
133,18,"Fruit",105555
2829,29,"Sheepmeat",95468026
1572,20,"Fruit",154903
2752,10,"Sheepmeat",5024160
2817,24,"Veges",23290395
992,8,"Sheepmeat",272548
1489,15,"Forestry",1402
3121,29,"Sheepmeat",101775962
1707,10,"Sheepmeat",1737732
2427,19,"Fruit",2007362
1182,13,"Forestry",5074
2944,10,"Sheepmeat",61021
1234,11,"Forestry",2835
2905,18,"Fruit",16757
2578,28,"Sheepmeat",847902
2386,9,"Sheepmeat",884335
2800,17,"Fruit",16757
2395,28,"Sheepmeat",49786
2930,8,"Sheepmeat",12176593
3024,15,"Forestry",6586781
149,8,"Sheepmeat",11781
1469,26,"Veges",618220
842,11,"Forestry",115952
1465,24,"Veges",245531
1446,20,"Fruit",6572
1207,28,"Sheepmeat",7264076
2802,14,"Forestry",164711
1125,16,"Forestry",469457
844,8,"Sheepmeat",123395
3111,9,"Sheepmeat",9926
2922,6,"Beef",8405
3099,11,"Forestry",2408658
949,19,"Fruit",682656
1806,8,"Sheepmeat",269643
306,16,"Forestry",1571
1214,13,"Forestry",133096
1651,27,"Sheepmeat",2604705
1473,13,"Forestry",6752
1232,28,"Sheepmeat",540651
844,19,"Fruit",104057998
1391,2,"Beef",163289
3088,2,"Beef",434472
523,29,"Sheepmeat",53160
2569,16,"Forestry",2853124
1900,29,"Sheepmeat",1218437
2359,29,"Sheepmeat",3732382
3022,27,"Sheepmeat",34730575
1264,8,"Sheepmeat",235202
2943,28,"Sheepmeat",12873751
1086,28,"Sheepmeat",443930
20,9,"Sheepmeat",3507
1635,28,"Sheepmeat",863280
1034,3,"Beef",126529
2348,2,"Beef",39341
1902,14,"Forestry",279927
3042,18,"Fruit",4065519
1142,27,"Sheepmeat",22313
3121,1,"Dairy",6318043
838,6,"Beef",178929
1674,13,"Forestry",21898
1967,27,"Sheepmeat",1281389
901,28,"Sheepmeat",7989
2961,8,"Sheepmeat",5612832
2597,8,"Sheepmeat",8418
1511,4,"Beef",3221138
2380,8,"Sheepmeat",595932
2091,8,"Sheepmeat",612380
2784,13,"Forestry",18342
3038,19,"Fruit",19653103
1331,15,"Forestry",2348
1088,27,"Sheepmeat",57748
1360,9,"Sheepmeat",4396
3077,3,"Beef",1419
2211,28,"Sheepmeat",92806
2963,23,"Veges",2353490
1580,3,"Beef",12703940
1164,4,"Beef",111796
872,8,"Sheepmeat",33025
2426,15,"Forestry",2868
2128,2,"Beef",272571
2855,27,"Sheepmeat",387484
2215,16,"Forestry",6674523
621,14,"Forestry",248343
2972,25,"Veges",366120
669,3,"Beef",16519
1338,14,"Forestry",25016
1017,4,"Beef",1802184
1421,9,"Sheepmeat",51003
1385,2,"Beef",28955
929,2,"Beef",371588
3109,16,"Forestry",14940020
3061,28,"Sheepmeat",118740303
2764,15,"Forestry",4967306
3111,11,"Forestry",103138
1710,12,"Forestry",10328
925,23,"Veges",214214
3123,12,"Forestry",2533390
1899,3,"Beef",18118
3110,1,"Dairy",294373
35,2,"Beef",2697
2771,28,"Sheepmeat",120832287
600,11,"Forestry",2412
1086,4,"Beef",376439
1856,16,"Forestry",278336
1054,29,"Sheepmeat",6614107
1458,18,"Fruit",334163
2014,28,"Sheepmeat",5881
1553,11,"Forestry",7096
1804,2,"Beef",125944
3141,17,"Fruit",105555
1447,26,"Veges",169363
1286,10,"Sheepmeat",4745
1029,21,"Fruit",178440
2440,8,"Sheepmeat",15444818
1248,24,"Veges",1508815
2936,26,"Veges",67445
1130,16,"Forestry",668474
2425,7,"Beef",10846
1439,22,"Fruit",7959
1441,13,"Forestry",36304
3169,15,"Forestry",223766
2295,1,"Dairy",3086512
2993,15,"Forestry",6806969
1139,29,"Sheepmeat",21768
3043,28,"Sheepmeat",32387602
3169,3,"Beef",4346695
2776,12,"Forestry",544365
1141,4,"Beef",192598
1968,2,"Beef",119855
2009,3,"Beef",6037
805,16,"Forestry",1571
2442,8,"Sheepmeat",12891775
1808,28,"Sheepmeat",75291
2503,10,"Sheepmeat",25589329
2890,10,"Sheepmeat",17176619
2966,24,"Veges",1508815
2947,25,"Veges",1751349
2358,25,"Veges",119816
1438,15,"Forestry",1048077
1229,21,"Fruit",22377
2220,9,"Sheepmeat",4813
2569,28,"Sheepmeat",3400173
462,4,"Beef",3834
823,28,"Sheepmeat",1148330
1344,13,"Forestry",7387
1874,8,"Sheepmeat",505674
2660,26,"Veges",4987858
2402,15,"Forestry",932184
1748,18,"Fruit",108243
1629,20,"Fruit",19183
2412,29,"Sheepmeat",8298833
3017,24,"Veges",39391627
2338,11,"Forestry",1467
1454,28,"Sheepmeat",1021
2693,19,"Fruit",1775911
3041,19,"Fruit",8952756
3136,25,"Veges",31465611
1324,15,"Forestry",2764875
1377,23,"Veges",1811724
725,2,"Beef",1487
1214,18,"Fruit",640913
3061,23,"Veges",14709297
1513,12,"Forestry",38105
576,22,"Fruit",5551
2921,4,"Beef",18190061
2949,28,"Sheepmeat",10781796
2556,17,"Fruit",95602
1445,27,"Sheepmeat",63968
2909,15,"Forestry",4504936
1217,15,"Forestry",1382139
1696,4,"Beef",2934848
1473,15,"Forestry",143639
2799,6,"Beef",8405
1122,27,"Sheepmeat",350696
2799,10,"Sheepmeat",9394233
1695,16,"Forestry",20356
2780,13,"Forestry",46495
1208,28,"Sheepmeat",3426357
2165,25,"Veges",1149
2014,18,"Fruit",7999
1211,4,"Beef",25939
2227,3,"Beef",35882
1316,14,"Forestry",3622
2193,27,"Sheepmeat",5881
2437,26,"Veges",2512069
2971,12,"Forestry",739047
298,26,"Veges",16249987
2926,6,"Beef",8405
915,23,"Veges",1322365
2818,28,"Sheepmeat",20246942
1211,20,"Fruit",12363
1526,4,"Beef",501133
1855,27,"Sheepmeat",113311
1473,12,"Forestry",69773
2000,3,"Beef",353347
2271,8,"Sheepmeat",2629025
2836,27,"Sheepmeat",34352359
3043,29,"Sheepmeat",97593687
1912,27,"Sheepmeat",7453
1830,3,"Beef",1321
1488,10,"Sheepmeat",1420982
300,17,"Fruit",17270271
931,28,"Sheepmeat",280722
1854,28,"Sheepmeat",68491
830,19,"Fruit",6623848
484,4,"Beef",1168
1715,24,"Veges",962753
2750,5,"Beef",178929
2303,24,"Veges",8417635
882,24,"Veges",157302
1464,4,"Beef",1075
3030,26,"Veges",13005315
1114,2,"Beef",1298234
64,3,"Beef",6047688
2488,26,"Veges",1289
1481,4,"Beef",13289
1099,8,"Sheepmeat",119415
235,9,"Sheepmeat",9873
1697,11,"Forestry",22082
3090,10,"Sheepmeat",85464045
2933,16,"Forestry",56563982
1686,3,"Beef",1844
2768,17,"Fruit",36573526
2154,27,"Sheepmeat",2630404
1037,29,"Sheepmeat",142134
2026,3,"Beef",546772
942,27,"Sheepmeat",2980
288,18,"Fruit",14260205
1952,12,"Forestry",2447842
1251,9,"Sheepmeat",243083
1556,24,"Veges",1387623
1519,27,"Sheepmeat",6441
1111,29,"Sheepmeat",1530424
3159,2,"Beef",861311
939,3,"Beef",8833
2899,9,"Sheepmeat",1206
1835,10,"Sheepmeat",206839
2215,4,"Beef",244446
3074,2,"Beef",3008116
1043,15,"Forestry",932184
1525,17,"Fruit",3010067
2981,28,"Sheepmeat",4199707
71,7,"Beef",71911
81,16,"Forestry",1032
3101,29,"Sheepmeat",364916055
1038,4,"Beef",337368
950,8,"Sheepmeat",269693
291,29,"Sheepmeat",79980
2882,23,"Veges",25558769
1787,11,"Forestry",10328
1634,2,"Beef",169990
1015,27,"Sheepmeat",808686
942,28,"Sheepmeat",2980
2317,9,"Sheepmeat",543582
2080,29,"Sheepmeat",13481336
860,9,"Sheepmeat",5613
3094,9,"Sheepmeat",87253246
2393,28,"Sheepmeat",2371693
2018,29,"Sheepmeat",1772149
1431,5,"Beef",58609
1151,9,"Sheepmeat",316857
2043,29,"Sheepmeat",42331
2837,10,"Sheepmeat",24558645
1897,8,"Sheepmeat",7761068
1846,28,"Sheepmeat",51312
3107,11,"Forestry",1381051
2853,2,"Beef",97768
1033,27,"Sheepmeat",397593
1235,18,"Fruit",129731
1102,16,"Forestry",1421
894,19,"Fruit",1030501
1964,16,"Forestry",513481
3144,8,"Sheepmeat",26849218
1074,3,"Beef",48227
2109,12,"Forestry",14344
2973,8,"Sheepmeat",3925506
2374,27,"Sheepmeat",2140781
2244,8,"Sheepmeat",7021055
3166,12,"Forestry",1140893
1964,12,"Forestry",16531
831,4,"Beef",35246315
2824,24,"Veges",30741184
2209,15,"Forestry",4800
1031,21,"Fruit",484518
1698,9,"Sheepmeat",1361219
2134,12,"Forestry",96567
2508,15,"Forestry",17286
972,3,"Beef",315635
3007,11,"Forestry",5951260
2475,3,"Beef",141754
2980,12,"Forestry",235512
997,8,"Sheepmeat",26436056
1222,4,"Beef",3419
2842,25,"Veges",31465611
2020,28,"Sheepmeat",785217
3131,27,"Sheepmeat",34286149
941,25,"Veges",236694
3097,4,"Beef",32930105
2767,4,"Beef",40718765
2351,15,"Forestry",5880
2231,8,"Sheepmeat",146124
1289,28,"Sheepmeat",16630
835,8,"Sheepmeat",4767
1474,12,"Forestry",26994
1630,28,"Sheepmeat",162944
957,18,"Fruit",599292
63,11,"Forestry",156550
886,27,"Sheepmeat",1723
915,14,"Forestry",5917
295,10,"Sheepmeat",17940
2859,2,"Beef",67066
3110,22,"Fruit",9714
2809,4,"Beef",18464819
2439,8,"Sheepmeat",756024
2912,8,"Sheepmeat",13336248
14,19,"Fruit",1043
870,9,"Sheepmeat",11667
1432,3,"Beef",22444
3111,12,"Forestry",103138
2227,16,"Forestry",47126
2842,27,"Sheepmeat",34730575
74,4,"Beef",27410
2723,7,"Beef",64943
1220,12,"Forestry",99093
534,13,"Forestry",5372
1915,27,"Sheepmeat",30916
3026,12,"Forestry",3177321
1515,4,"Beef",406784
1158,2,"Beef",114892
1288,10,"Sheepmeat",160966
838,22,"Fruit",904158
2342,9,"Sheepmeat",105671
2593,7,"Beef",25193
2758,29,"Sheepmeat",56662936
1297,3,"Beef",136224
1987,12,"Forestry",78397
1362,4,"Beef",14174
2755,28,"Sheepmeat",10799270
2709,22,"Fruit",6805
3104,16,"Forestry",853159
2884,16,"Forestry",90134554
2948,8,"Sheepmeat",3497
1700,4,"Beef",2277219
803,1,"Dairy",6462576
1777,27,"Sheepmeat",351013
278,16,"Forestry",1398
953,13,"Forestry",7986
2427,17,"Fruit",912649
2054,11,"Forestry",7140
3166,5,"Beef",275924
1216,4,"Beef",6560
2122,16,"Forestry",39347
725,16,"Forestry",30257
1842,9,"Sheepmeat",978713
1336,28,"Sheepmeat",113486
2836,21,"Fruit",175973
384,5,"Beef",8405
64,23,"Veges",551862
1074,8,"Sheepmeat",462956
3153,18,"Fruit",5650259
1491,9,"Sheepmeat",4692
2005,29,"Sheepmeat",16767347
1332,4,"Beef",27460
1170,2,"Beef",348044
2880,15,"Forestry",6424991
288,15,"Forestry",5880
2526,10,"Sheepmeat",5060293
2107,3,"Beef",718326
2949,19,"Fruit",38591
3043,12,"Forestry",2408658
1113,4,"Beef",161401
1674,12,"Forestry",258787
899,7,"Beef",64943
2777,7,"Beef",836800
2409,23,"Veges",165493
1394,25,"Veges",436379
3038,11,"Forestry",2548003
1879,11,"Forestry",420348
1612,28,"Sheepmeat",8300
985,20,"Fruit",263827
1556,3,"Beef",2136149
1830,27,"Sheepmeat",5396
336,16,"Forestry",1571
1584,29,"Sheepmeat",108967338
1642,2,"Beef",19183
2396,4,"Beef",63257
2810,5,"Beef",8405
3137,21,"Fruit",175973
2018,4,"Beef",103067
759,11,"Forestry",4683
384,21,"Fruit",203202
2898,9,"Sheepmeat",14372463
2414,22,"Fruit",4755
1253,8,"Sheepmeat",101481
3123,19,"Fruit",13183224
1688,28,"Sheepmeat",2760287
995,26,"Veges",209426
620,16,"Forestry",3159
2335,28,"Sheepmeat",331552
855,29,"Sheepmeat",1353321
1446,18,"Fruit",50937
2161,15,"Forestry",37641
1198,29,"Sheepmeat",74785
2828,14,"Forestry",229179
2212,10,"Sheepmeat",291576
1615,10,"Sheepmeat",1257
752,3,"Beef",1291
2318,19,"Fruit",31406578
2982,28,"Sheepmeat",4190072
2995,17,"Fruit",2337682
2339,16,"Forestry",19823931
3056,22,"Fruit",1080
1708,16,"Forestry",402589
982,2,"Beef",20545
1250,14,"Forestry",221649
2406,9,"Sheepmeat",1214212
2206,4,"Beef",5389
835,16,"Forestry",1918737
2840,25,"Veges",31465611
983,10,"Sheepmeat",35400
1276,28,"Sheepmeat",41394
1241,9,"Sheepmeat",141416
3073,12,"Forestry",35441
3106,8,"Sheepmeat",2834391
510,4,"Beef",1601
994,11,"Forestry",2584
2500,29,"Sheepmeat",105532790
957,10,"Sheepmeat",4710
1304,27,"Sheepmeat",521689
2443,15,"Forestry",9993
2969,9,"Sheepmeat",101261
185,19,"Fruit",149293278
65,10,"Sheepmeat",14551944
1567,4,"Beef",3668
1777,24,"Veges",318661
1988,3,"Beef",19183
1874,11,"Forestry",12101
3049,8,"Sheepmeat",7418717
1320,13,"Forestry",16754
1834,15,"Forestry",101757
1748,4,"Beef",495719
1426,19,"Fruit",958330
1140,10,"Sheepmeat",53795
601,10,"Sheepmeat",4543
278,2,"Beef",14169
1340,27,"Sheepmeat",235370
2773,8,"Sheepmeat",520212
2829,11,"Forestry",3098577
87,2,"Beef",141754
2827,13,"Forestry",227601
1429,21,"Fruit",169614
136,8,"Sheepmeat",113839
2551,14,"Forestry",131588
2020,9,"Sheepmeat",564497
1339,13,"Forestry",2019
1552,4,"Beef",40650362
2077,26,"Veges",14773
1869,29,"Sheepmeat",2622173
1007,29,"Sheepmeat",7943660
2193,29,"Sheepmeat",22998
2790,26,"Veges",151031
2879,25,"Veges",31290925
3127,8,"Sheepmeat",26672106
1258,8,"Sheepmeat",332008
414,12,"Forestry",4683
2923,11,"Forestry",2143621
1437,13,"Forestry",40678
2773,6,"Beef",275924
1647,18,"Fruit",293503
1489,3,"Beef",17948
1839,28,"Sheepmeat",200653
2803,22,"Fruit",1080
2440,13,"Forestry",15740
151,4,"Beef",387777
2577,2,"Beef",51246
2380,16,"Forestry",6674523
3087,16,"Forestry",1090498
878,15,"Forestry",12095529
538,29,"Sheepmeat",3434548
3094,29,"Sheepmeat",368880255
899,23,"Veges",734247
1821,11,"Forestry",235200
2998,19,"Fruit",3351219
1986,27,"Sheepmeat",208052
785,9,"Sheepmeat",17940
2867,18,"Fruit",8329978
1856,24,"Veges",1139741
3150,27,"Sheepmeat",33188198
1677,4,"Beef",189645
3097,20,"Fruit",531062
2556,19,"Fruit",210068
2261,3,"Beef",4662
2752,14,"Forestry",2004
2530,10,"Sheepmeat",18470
2272,2,"Beef",916260
2828,8,"Sheepmeat",23238373
1175,16,"Forestry",24019525
2905,4,"Beef",18737890
1373,10,"Sheepmeat",1239
2569,13,"Forestry",5074
1583,20,"Fruit",114997
2709,15,"Forestry",6043
609,14,"Forestry",248343
1333,15,"Forestry",7953
2834,17,"Fruit",701154
1437,8,"Sheepmeat",10372488
819,25,"Veges",2132988
1584,2,"Beef",13044366
1910,16,"Forestry",90818217
2404,10,"Sheepmeat",400528
1313,15,"Forestry",131189
2835,28,"Sheepmeat",34347484
1239,29,"Sheepmeat",1328657
922,25,"Veges",28676308
2109,8,"Sheepmeat",2519482
839,21,"Fruit",7847028
3039,1,"Dairy",6318043
2858,8,"Sheepmeat",79195
3093,11,"Forestry",675879
1589,27,"Sheepmeat",35854901
3123,14,"Forestry",199803
1446,2,"Beef",30130
1905,29,"Sheepmeat",153315
2398,28,"Sheepmeat",399892
2549,11,"Forestry",678368
75,24,"Veges",177184
2806,28,"Sheepmeat",17139394
3118,8,"Sheepmeat",14153625
872,20,"Fruit",10285
2527,19,"Fruit",227645
1211,26,"Veges",51953
3052,12,"Forestry",2577537
1890,16,"Forestry",5181450
1525,19,"Fruit",6616469
2318,24,"Veges",32924701
52,14,"Forestry",8186
3101,4,"Beef",130504513
1924,14,"Forestry",266714
1705,29,"Sheepmeat",6721
2867,10,"Sheepmeat",84957524
1474,10,"Sheepmeat",301263
1714,23,"Veges",2953731
2868,29,"Sheepmeat",359197015
436,26,"Veges",21237845
2286,4,"Beef",536164
2811,16,"Forestry",64995225
1661,10,"Sheepmeat",430207
1630,14,"Forestry",3942
1382,2,"Beef",27489
3047,29,"Sheepmeat",59287644
1017,12,"Forestry",11033
2869,25,"Veges",8683190
1996,13,"Forestry",1388
2395,3,"Beef",16207
1933,27,"Sheepmeat",71973
1576,20,"Fruit",101630
1275,2,"Beef",213853
1436,3,"Beef",11309713
1234,27,"Sheepmeat",726400
2847,4,"Beef",173074
1583,9,"Sheepmeat",25589329
1532,4,"Beef",12209
1317,20,"Fruit",2162
2272,10,"Sheepmeat",1101790
1011,27,"Sheepmeat",123210
123,10,"Sheepmeat",23253
1293,12,"Forestry",1404
2311,2,"Beef",303327
892,28,"Sheepmeat",445009
987,7,"Beef",64943
1215,11,"Forestry",1556115
2552,8,"Sheepmeat",359482
987,3,"Beef",1100813
2750,12,"Forestry",30430
866,27,"Sheepmeat",1435
3012,23,"Veges",90330369
1216,29,"Sheepmeat",124010
3022,18,"Fruit",806709
3041,9,"Sheepmeat",23377250
2804,8,"Sheepmeat",12436400
2051,21,"Fruit",83100
2872,27,"Sheepmeat",119868076
757,29,"Sheepmeat",41103
2879,29,"Sheepmeat",95266519
1110,27,"Sheepmeat",1435997
1551,28,"Sheepmeat",36023612
2821,25,"Veges",30741184
980,10,"Sheepmeat",14817969
572,29,"Sheepmeat",22998
2969,29,"Sheepmeat",442862
1087,12,"Forestry",192629
2072,27,"Sheepmeat",32303
2284,10,"Sheepmeat",621161
3166,14,"Forestry",95392
2861,12,"Forestry",45299
1954,27,"Sheepmeat",1927953
2706,1,"Dairy",294373
2550,20,"Fruit",81476
1664,16,"Forestry",157278
5,4,"Beef",15898843
2926,28,"Sheepmeat",15910234
2400,15,"Forestry",1638
761,8,"Sheepmeat",2163
1513,4,"Beef",103881
3061,22,"Fruit",225724
983,25,"Veges",599491
2403,17,"Fruit",200489
194,25,"Veges",12090250
2273,29,"Sheepmeat",11554562
134,11,"Forestry",2199
2820,10,"Sheepmeat",17205402
2812,6,"Beef",8405
2921,19,"Fruit",38591
112,1,"Dairy",294373
63,2,"Beef",454806
1570,2,"Beef",7672
3022,2,"Beef",12703940
136,22,"Fruit",6805
284,18,"Fruit",3010067
2372,2,"Beef",324351
1111,13,"Forestry",2194
2813,18,"Fruit",16757
1349,9,"Sheepmeat",2875
1324,27,"Sheepmeat",6196936
1294,27,"Sheepmeat",789553
878,18,"Fruit",6061
2116,3,"Beef",17368
2804,25,"Veges",6083886
2930,26,"Veges",2512069
991,6,"Beef",21666
2499,29,"Sheepmeat",105532790
1043,19,"Fruit",2470454
3132,17,"Fruit",701154
2969,2,"Beef",63562
2764,1,"Dairy",6318043
2111,3,"Beef",591180
1552,13,"Forestry",248343
2757,23,"Veges",153234
136,16,"Forestry",102659
520,11,"Forestry",4683
3101,13,"Forestry",57818
89,16,"Forestry",1571
728,17,"Fruit",7999
3158,7,"Beef",537577
1321,4,"Beef",239470
1673,4,"Beef",22417
892,25,"Veges",893503
1941,2,"Beef",2176
2539,4,"Beef",4135073
2033,5,"Beef",23083
2709,8,"Sheepmeat",115394
1748,8,"Sheepmeat",172659
907,7,"Beef",8850
2880,26,"Veges",12933027
2769,13,"Forestry",155895
2272,8,"Sheepmeat",1185664
1973,8,"Sheepmeat",645028
3156,27,"Sheepmeat",34315309
2840,3,"Beef",12703940
1223,29,"Sheepmeat",508519
982,29,"Sheepmeat",327047
2388,29,"Sheepmeat",2141063
938,25,"Veges",62422
2540,8,"Sheepmeat",7395
2925,9,"Sheepmeat",11346414
869,4,"Beef",2733
962,22,"Fruit",74680
841,1,"Dairy",41127
922,23,"Veges",831267
3025,21,"Fruit",203202
2079,8,"Sheepmeat",142027
1834,4,"Beef",260049
757,3,"Beef",3412
1175,13,"Forestry",77349
3134,24,"Veges",31465611
1983,3,"Beef",212825
2125,9,"Sheepmeat",1086123
1892,9,"Sheepmeat",23253
2557,27,"Sheepmeat",1118445
1032,4,"Beef",37344
99,8,"Sheepmeat",4732
2531,13,"Forestry",5372
1133,8,"Sheepmeat",9622
2383,28,"Sheepmeat",297569
1231,29,"Sheepmeat",1575
1988,29,"Sheepmeat",1363789
3010,27,"Sheepmeat",12978
1899,27,"Sheepmeat",105252
974,28,"Sheepmeat",4433
1206,17,"Fruit",63862
1204,25,"Veges",1387623
1254,27,"Sheepmeat",239747
2078,16,"Forestry",41260
1299,3,"Beef",184567
1331,8,"Sheepmeat",12028
2885,20,"Fruit",69702
1990,3,"Beef",19183
3022,17,"Fruit",806709
3100,7,"Beef",408691
3093,23,"Veges",546526
2501,21,"Fruit",229926
212,27,"Sheepmeat",6392
2979,10,"Sheepmeat",3200369
1073,23,"Veges",291174
597,27,"Sheepmeat",14383
2432,3,"Beef",4662
2764,6,"Beef",178929
2348,27,"Sheepmeat",119361
1784,29,"Sheepmeat",5180501
1837,10,"Sheepmeat",18729
2915,27,"Sheepmeat",17139394
1999,15,"Forestry",1216664
2160,28,"Sheepmeat",1613840
2176,29,"Sheepmeat",3700
2557,4,"Beef",1078307
3081,2,"Beef",3630
2846,28,"Sheepmeat",1227
2144,2,"Beef",54762
1279,8,"Sheepmeat",42605
2944,28,"Sheepmeat",85905
1029,18,"Fruit",695114
1378,14,"Forestry",2139
1391,16,"Forestry",300859
1474,4,"Beef",371071
952,29,"Sheepmeat",507869
1281,27,"Sheepmeat",396606
3060,13,"Forestry",60195
2930,9,"Sheepmeat",11166132
3076,8,"Sheepmeat",435497
3155,4,"Beef",35207583
837,2,"Beef",62743
3097,15,"Forestry",4996229
3037,27,"Sheepmeat",34332590
1862,2,"Beef",828533
2111,8,"Sheepmeat",2180946
1991,3,"Beef",248533
2868,18,"Fruit",4568588
3138,5,"Beef",8405
1206,28,"Sheepmeat",7265196
1339,10,"Sheepmeat",106037
2833,5,"Beef",8405
1190,29,"Sheepmeat",1871185
1512,3,"Beef",654788
1349,3,"Beef",1507
2968,8,"Sheepmeat",149335
1872,29,"Sheepmeat",2093099
834,11,"Forestry",60686
3004,18,"Fruit",8154325
3044,29,"Sheepmeat",2243114
2692,10,"Sheepmeat",24784517
2692,22,"Fruit",50124
2009,27,"Sheepmeat",448999
2822,18,"Fruit",545293
708,16,"Forestry",3596
2404,4,"Beef",393575
1133,10,"Sheepmeat",8941
2997,29,"Sheepmeat",347831
2827,25,"Veges",30789921
2933,3,"Beef",5707702
1468,17,"Fruit",531163
3134,1,"Dairy",294373
1589,2,"Beef",13044366
1059,21,"Fruit",34741
824,27,"Sheepmeat",229108
3128,4,"Beef",38352612
3013,29,"Sheepmeat",6094
1441,3,"Beef",4377901
1837,6,"Beef",8405
1056,21,"Fruit",131745
2799,29,"Sheepmeat",40177821
2766,26,"Veges",10417049
982,3,"Beef",20545
1590,2,"Beef",13113486
1510,3,"Beef",1059976
2759,27,"Sheepmeat",18886818
2981,2,"Beef",1593748
607,2,"Beef",3501
1511,9,"Sheepmeat",1505290
2709,21,"Fruit",27229
2907,4,"Beef",18471867
1103,14,"Forestry",2004
1497,2,"Beef",180677
1073,26,"Veges",115520
1358,8,"Sheepmeat",58245
3136,4,"Beef",38743930
1891,29,"Sheepmeat",30747315
1459,18,"Fruit",283180
2839,4,"Beef",38742676
3057,29,"Sheepmeat",254110
2034,27,"Sheepmeat",16933015
983,2,"Beef",2960
2865,22,"Fruit",661696
2930,6,"Beef",8405
1469,29,"Sheepmeat",35492
930,22,"Fruit",130802
2405,9,"Sheepmeat",1421520
1854,9,"Sheepmeat",49238
1961,10,"Sheepmeat",301272
953,4,"Beef",1025232
1522,4,"Beef",3193205
2970,23,"Veges",378741
842,9,"Sheepmeat",220406
1463,3,"Beef",62693
481,25,"Veges",39391627
882,23,"Veges",162725
2944,9,"Sheepmeat",61021
2942,26,"Veges",2444624
2336,12,"Forestry",1653
3143,7,"Beef",25193
2244,12,"Forestry",2351158
2966,7,"Beef",25193
2837,2,"Beef",12448770
929,12,"Forestry",23941
2858,27,"Sheepmeat",102368
1995,8,"Sheepmeat",2002555
83,28,"Sheepmeat",30541
904,27,"Sheepmeat",61335
1583,27,"Sheepmeat",35854901
1186,15,"Forestry",2680182
2842,23,"Veges",26257752
2438,29,"Sheepmeat",162963
1910,11,"Forestry",3243825
1438,2,"Beef",4517462
1097,28,"Sheepmeat",865390
2801,17,"Fruit",16757
1554,9,"Sheepmeat",25710687
1375,29,"Sheepmeat",498887
538,19,"Fruit",227645
1860,10,"Sheepmeat",219270
2377,27,"Sheepmeat",1890602
3134,15,"Forestry",6580738
1137,29,"Sheepmeat",3985557
872,16,"Forestry",30085
2133,4,"Beef",1798077
176,2,"Beef",3907
2903,28,"Sheepmeat",2505250
2551,26,"Veges",254615
1642,15,"Forestry",24119
3027,11,"Forestry",3177321
694,8,"Sheepmeat",1555
2926,12,"Forestry",2110256
2898,8,"Sheepmeat",15635249
2210,27,"Sheepmeat",681961
557,8,"Sheepmeat",8418
2565,26,"Veges",50614
3163,11,"Forestry",391226
2151,28,"Sheepmeat",115535
3124,14,"Forestry",199803
1851,25,"Veges",1508815
670,10,"Sheepmeat",7823
1661,13,"Forestry",3678
1206,2,"Beef",1828611
841,21,"Fruit",54168
1814,14,"Forestry",2773
2952,10,"Sheepmeat",686218
2554,14,"Forestry",22903
2315,29,"Sheepmeat",136349
1041,21,"Fruit",823862
3130,16,"Forestry",96839227
2804,11,"Forestry",2143621
2822,10,"Sheepmeat",18133473
874,2,"Beef",62049
1345,29,"Sheepmeat",45124
1392,16,"Forestry",967461
2550,16,"Forestry",44947132
3158,11,"Forestry",2572114
1249,10,"Sheepmeat",1750781
789,10,"Sheepmeat",25724
1483,24,"Veges",3609
1551,18,"Fruit",10687629
2889,20,"Fruit",67904
2110,10,"Sheepmeat",2347291
896,15,"Forestry",6782291
1571,2,"Beef",35895
1821,12,"Forestry",235200
1397,8,"Sheepmeat",1463319
2324,4,"Beef",371838
1289,10,"Sheepmeat",11219
2117,11,"Forestry",1653
2937,27,"Sheepmeat",15186826
2341,11,"Forestry",276466
597,29,"Sheepmeat",53160
2589,10,"Sheepmeat",25589329
2890,28,"Sheepmeat",24092547
2339,21,"Fruit",131745
1627,23,"Veges",716631
1753,10,"Sheepmeat",401474
643,29,"Sheepmeat",3411549
1695,8,"Sheepmeat",70717
135,3,"Beef",113746
1788,4,"Beef",65523
1431,26,"Veges",2283661
311,17,"Fruit",95602
1563,24,"Veges",4265
2751,9,"Sheepmeat",4717533
3087,13,"Forestry",3678
560,13,"Forestry",5372
3121,20,"Fruit",662550
3130,25,"Veges",31412107
2556,20,"Fruit",12334
1101,27,"Sheepmeat",3081
2358,27,"Sheepmeat",1448
1166,8,"Sheepmeat",333135
2757,14,"Forestry",5317
2316,12,"Forestry",155297
2415,2,"Beef",568649
2792,27,"Sheepmeat",7173576
1665,3,"Beef",117048
2406,13,"Forestry",2139
2982,27,"Sheepmeat",4190072
3162,11,"Forestry",3175122
2281,15,"Forestry",250097
2284,11,"Forestry",115337
1852,26,"Veges",478913
963,11,"Forestry",7911204
3046,20,"Fruit",81476
845,28,"Sheepmeat",8218
3053,13,"Forestry",192578
2765,7,"Beef",537577
3124,13,"Forestry",199803
1115,4,"Beef",581434
3073,29,"Sheepmeat",5018880
2833,22,"Fruit",43319
1287,25,"Veges",29080
2396,11,"Forestry",78366
2817,21,"Fruit",57632
3043,13,"Forestry",192497
610,12,"Forestry",4683
949,22,"Fruit",20029
2791,9,"Sheepmeat",4530209
1068,29,"Sheepmeat",15403
2153,8,"Sheepmeat",2033993
1005,27,"Sheepmeat",1448
2880,29,"Sheepmeat",95277963
3169,7,"Beef",537577
598,4,"Beef",18219
213,3,"Beef",5300
1585,22,"Fruit",55676
213,25,"Veges",12090250
2352,28,"Sheepmeat",1192216
1125,11,"Forestry",8669
1530,8,"Sheepmeat",109000
637,16,"Forestry",2108
3013,18,"Fruit",7244396
2972,11,"Forestry",493333
2947,12,"Forestry",65481
1924,20,"Fruit",2162
1286,3,"Beef",4578
1166,2,"Beef",100379
1307,15,"Forestry",7581
2939,12,"Forestry",1636893
2265,18,"Fruit",164682
2898,26,"Veges",9694764
960,3,"Beef",7608
2020,4,"Beef",541730
1099,14,"Forestry",4216
657,29,"Sheepmeat",1052
3121,19,"Fruit",11216817
1000,21,"Fruit",1044630
2249,28,"Sheepmeat",184467
1896,15,"Forestry",260049
1972,13,"Forestry",2426
2833,15,"Forestry",6580738
1648,10,"Sheepmeat",11177
1456,10,"Sheepmeat",119789
839,4,"Beef",47690775
2650,11,"Forestry",7096
2942,6,"Beef",8405
335,16,"Forestry",1571
2792,4,"Beef",8884104
2606,3,"Beef",12703940
1675,29,"Sheepmeat",29494
1464,8,"Sheepmeat",9371
1995,3,"Beef",630319
2585,17,"Fruit",17270271
1391,23,"Veges",212987
3131,23,"Veges",26202404
2823,26,"Veges",12705536
1805,13,"Forestry",17236
2034,16,"Forestry",5419033
87,29,"Sheepmeat",638611
2142,16,"Forestry",14990
2545,22,"Fruit",3209
1917,15,"Forestry",46003
2503,5,"Beef",8405
2662,9,"Sheepmeat",25589329
2126,8,"Sheepmeat",1083872
1981,16,"Forestry",132051
135,16,"Forestry",102659
1447,17,"Fruit",976759
2726,28,"Sheepmeat",978827
1984,16,"Forestry",21067
2425,15,"Forestry",12098397
725,17,"Fruit",7999
2577,16,"Forestry",2675432
2833,23,"Veges",26202404
2723,19,"Fruit",571316
2094,3,"Beef",1113354
1040,14,"Forestry",2377
3068,5,"Beef",8405
719,10,"Sheepmeat",1445
1435,24,"Veges",4652902
1910,25,"Veges",29080
2567,16,"Forestry",3050189
574,11,"Forestry",2584
1834,16,"Forestry",1456712
1808,23,"Veges",1085817
3167,16,"Forestry",6699
1666,28,"Sheepmeat",9378
3089,27,"Sheepmeat",2492174
785,8,"Sheepmeat",20316
1585,9,"Sheepmeat",25589329
2775,2,"Beef",42729469
3135,22,"Fruit",43319
501,4,"Beef",15617
1852,2,"Beef",287861
727,21,"Fruit",2063
3037,26,"Veges",667940
2475,18,"Fruit",105555
2787,14,"Forestry",18342
3086,2,"Beef",942858
1813,11,"Forestry",83586
2352,29,"Sheepmeat",3577967
838,29,"Sheepmeat",103566395
3058,9,"Sheepmeat",4237523
2917,8,"Sheepmeat",26594
1264,11,"Forestry",245713
1515,28,"Sheepmeat",550199
63,8,"Sheepmeat",1584270
2282,11,"Forestry",122576
3131,15,"Forestry",6580738
2000,29,"Sheepmeat",7506897
923,4,"Beef",142800
2931,3,"Beef",5729945
2925,27,"Sheepmeat",15925845
2826,9,"Sheepmeat",19058301
2406,10,"Sheepmeat",1214212
1188,15,"Forestry",17165
2245,16,"Forestry",67684102
1348,9,"Sheepmeat",1083
570,8,"Sheepmeat",4550
3122,20,"Fruit",774194
1394,10,"Sheepmeat",78554
3155,8,"Sheepmeat",27400517
559,28,"Sheepmeat",1124326
2273,19,"Fruit",665580
1466,9,"Sheepmeat",1041
2384,11,"Forestry",216933
2769,3,"Beef",13411722
1675,2,"Beef",2534
2442,4,"Beef",14556377
1981,2,"Beef",404028
1745,9,"Sheepmeat",43654
271,9,"Sheepmeat",7823
213,27,"Sheepmeat",5316
2557,18,"Fruit",95602
1873,28,"Sheepmeat",660448
1626,27,"Sheepmeat",107368
2763,2,"Beef",9817979
3060,18,"Fruit",2372812
1829,4,"Beef",2131111
1731,27,"Sheepmeat",6745
849,9,"Sheepmeat",294651
2722,26,"Veges",16538
1176,12,"Forestry",1509584
47,1,"Dairy",294373
2233,25,"Veges",1751349
3050,8,"Sheepmeat",15433564
1899,16,"Forestry",12593
2898,16,"Forestry",75928364
756,11,"Forestry",4683
1769,10,"Sheepmeat",417908
1931,10,"Sheepmeat",171768
2559,12,"Forestry",14344
2970,27,"Sheepmeat",5495389
2214,9,"Sheepmeat",158988
980,24,"Veges",3815975
3154,23,"Veges",4842078
1620,16,"Forestry",6010
2905,14,"Forestry",178923
81,2,"Beef",25131
2889,24,"Veges",30741184
3070,16,"Forestry",3077655
3102,21,"Fruit",260235
3104,15,"Forestry",52162
2722,14,"Forestry",279927
871,19,"Fruit",106315
885,27,"Sheepmeat",199001
999,6,"Beef",21666
2792,14,"Forestry",68513
213,17,"Fruit",47341371
1150,3,"Beef",431585
766,15,"Forestry",159769
2294,1,"Dairy",3086512
1970,29,"Sheepmeat",779467
1131,8,"Sheepmeat",1226620
1190,13,"Forestry",2426
1776,28,"Sheepmeat",292364
1710,11,"Forestry",10328
1808,8,"Sheepmeat",56442
1488,2,"Beef",782003
1834,10,"Sheepmeat",317805
2901,8,"Sheepmeat",237657
848,15,"Forestry",834646
3164,14,"Forestry",26871
1518,16,"Forestry",3159
2439,12,"Forestry",2584
3060,6,"Beef",275924
1384,3,"Beef",43852
576,28,"Sheepmeat",1118445
689,20,"Fruit",54532
1490,4,"Beef",43101
2908,11,"Forestry",2210854
193,24,"Veges",8417635
1443,29,"Sheepmeat",18166634
1497,23,"Veges",213248
1949,13,"Forestry",3941
2224,12,"Forestry",126846
896,4,"Beef",11498185
2784,10,"Sheepmeat",2486815
1911,29,"Sheepmeat",1443
2784,2,"Beef",944484
863,26,"Veges",1452915
1715,27,"Sheepmeat",27456
3165,11,"Forestry",613663
3120,7,"Beef",537577
3167,26,"Veges",1582129
1047,28,"Sheepmeat",63033
1757,15,"Forestry",57231
1583,3,"Beef",13044366
2910,26,"Veges",2512069
2126,16,"Forestry",583762
3055,13,"Forestry",30039
3126,15,"Forestry",6580738
2630,23,"Veges",6186
1424,16,"Forestry",6417
3094,15,"Forestry",424322
2071,12,"Forestry",73151
3000,13,"Forestry",155895
1317,3,"Beef",49105
886,2,"Beef",1723
3151,13,"Forestry",242970
1545,11,"Forestry",1141
2841,26,"Veges",13005315
598,9,"Sheepmeat",7823
1419,27,"Sheepmeat",43039
1812,10,"Sheepmeat",60400
1414,27,"Sheepmeat",4495
1460,29,"Sheepmeat",3345556
2054,4,"Beef",382952
1964,29,"Sheepmeat",1540547
1964,2,"Beef",97586
2692,19,"Fruit",1775911
3134,12,"Forestry",3175122
1891,21,"Fruit",4323
2145,27,"Sheepmeat",198858
1018,28,"Sheepmeat",4805
1078,3,"Beef",471897
980,5,"Beef",23083
2567,10,"Sheepmeat",47957
2585,19,"Fruit",38023047
2795,28,"Sheepmeat",8232473
2943,22,"Fruit",1080
2215,10,"Sheepmeat",582200
1071,16,"Forestry",2744585
2508,12,"Forestry",7096
2158,2,"Beef",30110
2752,4,"Beef",9466047
2854,27,"Sheepmeat",387484
2215,29,"Sheepmeat",2436066
2514,17,"Fruit",3010067
531,3,"Beef",340426
2780,6,"Beef",275924
2833,13,"Forestry",242970
2033,14,"Forestry",19825
2033,11,"Forestry",272790
2818,20,"Fruit",28824
1247,2,"Beef",6907
1342,29,"Sheepmeat",1233
2603,19,"Fruit",2003556
2960,5,"Beef",8405
3113,4,"Beef",19280495
3157,26,"Veges",1421230
2821,15,"Forestry",6112944
846,11,"Forestry",364650
1840,10,"Sheepmeat",71852
2881,6,"Beef",8405
2550,25,"Veges",2775687
2783,16,"Forestry",6900067
176,17,"Fruit",47341371
854,26,"Veges",1225307
2063,27,"Sheepmeat",8300
2161,16,"Forestry",532401
2960,10,"Sheepmeat",5329733
1273,15,"Forestry",13101
3041,17,"Fruit",4065519
892,16,"Forestry",476536
1686,14,"Forestry",3867
2801,5,"Beef",8405
2273,27,"Sheepmeat",3834296
2234,15,"Forestry",468028
2826,13,"Forestry",227601
2757,9,"Sheepmeat",8250016
1694,4,"Beef",657626
2837,18,"Fruit",701154
237,2,"Beef",54082
2202,15,"Forestry",191746
2567,3,"Beef",49830
1706,3,"Beef",386222
1373,8,"Sheepmeat",1334
1512,27,"Sheepmeat",3175562
2793,23,"Veges",2938397
1011,2,"Beef",76392
1441,4,"Beef",13236062
3140,8,"Sheepmeat",143076
3101,27,"Sheepmeat",120621758
1431,3,"Beef",11319947
1072,9,"Sheepmeat",292575
3124,28,"Sheepmeat",34230957
1067,2,"Beef",1700
65,27,"Sheepmeat",20272969
86,3,"Beef",141754
1665,4,"Beef",351920
1661,27,"Sheepmeat",598419
1626,8,"Sheepmeat",83063
610,15,"Forestry",11406
2758,5,"Beef",178929
850,1,"Dairy",3086512
2989,12,"Forestry",107798
2693,4,"Beef",39270225
3107,16,"Forestry",39671770
1033,18,"Fruit",809161
2521,9,"Sheepmeat",1505290
1203,2,"Beef",184938
1963,26,"Veges",61889
2426,7,"Beef",10846
1635,7,"Beef",15030
2723,29,"Sheepmeat",1169984
1460,14,"Forestry",1388
438,29,"Sheepmeat",59094
3104,7,"Beef",408691
2073,15,"Forestry",2868
2080,2,"Beef",537439
3068,8,"Sheepmeat",25679202
2053,12,"Forestry",7140
1902,20,"Fruit",2162
2248,3,"Beef",3347545
176,29,"Sheepmeat",11760
3005,3,"Beef",11396339
1578,21,"Fruit",203202
2864,12,"Forestry",1148503
2116,14,"Forestry",7139
2897,28,"Sheepmeat",20172436
1418,28,"Sheepmeat",4879
2314,26,"Veges",118389
1987,2,"Beef",59522
2275,26,"Veges",13579597
3095,7,"Beef",537577
2035,29,"Sheepmeat",43295554
2570,27,"Sheepmeat",269239
2767,9,"Sheepmeat",25713623
1340,3,"Beef",77864
1239,11,"Forestry",49493
3151,22,"Fruit",37184
2879,21,"Fruit",139364
2750,14,"Forestry",2004
3109,13,"Forestry",46874
1872,25,"Veges",1507504
2841,3,"Beef",12703940
2868,13,"Forestry",60195
2316,2,"Beef",391527
3031,9,"Sheepmeat",24634580
2884,1,"Dairy",294373
2385,12,"Forestry",216933
3143,27,"Sheepmeat",34730575
1984,3,"Beef",76751
2842,10,"Sheepmeat",24784517
1909,23,"Veges",6338461
1991,4,"Beef",762439
1817,15,"Forestry",6033
1570,10,"Sheepmeat",177902
2863,16,"Forestry",96836558
1833,4,"Beef",330886
998,6,"Beef",21666
850,17,"Fruit",103601
2966,16,"Forestry",403152
1411,23,"Veges",152903
1823,4,"Beef",10664
2321,2,"Beef",6110
2584,18,"Fruit",17270271
866,2,"Beef",1414
2874,27,"Sheepmeat",84150289
1580,10,"Sheepmeat",24784517
1775,27,"Sheepmeat",812349
2143,9,"Sheepmeat",686158
3031,6,"Beef",8405
1997,8,"Sheepmeat",442031
3013,9,"Sheepmeat",1462
2389,4,"Beef",3870
1511,5,"Beef",21666
1915,28,"Sheepmeat",30916
3072,12,"Forestry",35441
1511,15,"Forestry",6827
8,26,"Veges",13497632
2108,4,"Beef",2181092
1180,29,"Sheepmeat",256878
2769,8,"Sheepmeat",33421861
2650,13,"Forestry",248343
1583,2,"Beef",13044366
2630,8,"Sheepmeat",12885
583,16,"Forestry",85956
1152,27,"Sheepmeat",376021
2981,26,"Veges",65726
2835,8,"Sheepmeat",26567536
2070,28,"Sheepmeat",194686
1576,27,"Sheepmeat",34730575
994,17,"Fruit",576596
2937,18,"Fruit",16757
2872,20,"Fruit",184377
2908,4,"Beef",18471867
1374,3,"Beef",262578
3114,4,"Beef",7689584
2852,16,"Forestry",522012
179,24,"Veges",8417635
2863,8,"Sheepmeat",26521660
2866,10,"Sheepmeat",84737483
3093,15,"Forestry",1371358
1824,9,"Sheepmeat",6824
2942,20,"Fruit",2162
1822,13,"Forestry",22639
2830,3,"Beef",11457428
1390,10,"Sheepmeat",35532
3009,24,"Veges",7497358
2745,19,"Fruit",6468623
1586,21,"Fruit",229926
1029,10,"Sheepmeat",61139
3136,5,"Beef",8405
1893,14,"Forestry",10648
2819,12,"Forestry",2578862
2798,28,"Sheepmeat",10742153
1692,2,"Beef",1098748
1986,2,"Beef",97296
1930,28,"Sheepmeat",269591
3060,16,"Forestry",20427485
694,3,"Beef",2878
2212,9,"Sheepmeat",291576
2512,27,"Sheepmeat",1748
2871,28,"Sheepmeat",119348954
2814,2,"Beef",6405296
1284,29,"Sheepmeat",124010
10,29,"Sheepmeat",211870
1470,29,"Sheepmeat",486178
79,28,"Sheepmeat",3436
3163,28,"Sheepmeat",1678139
1431,14,"Forestry",60503
646,16,"Forestry",171964008
1036,14,"Forestry",3919
3162,18,"Fruit",701154
278,9,"Sheepmeat",16251
3133,27,"Sheepmeat",34496456
538,27,"Sheepmeat",1124326
2946,26,"Veges",721908
2830,27,"Sheepmeat",31693024
2340,10,"Sheepmeat",44457
2879,14,"Forestry",237166
83,10,"Sheepmeat",21175
2761,10,"Sheepmeat",13551414
2053,28,"Sheepmeat",437202
2245,28,"Sheepmeat",9259628
1079,14,"Forestry",9119
1522,5,"Beef",21666
2383,12,"Forestry",216933
1146,8,"Sheepmeat",138767
1974,28,"Sheepmeat",642659
2104,13,"Forestry",4678
1043,13,"Forestry",35197
235,18,"Fruit",14260205
1112,4,"Beef",34102
3063,13,"Forestry",95392
349,4,"Beef",1601
1879,2,"Beef",706858
2715,28,"Sheepmeat",26260
1521,13,"Forestry",54084
1647,8,"Sheepmeat",895179
1483,17,"Fruit",861467
2381,27,"Sheepmeat",636012
2264,12,"Forestry",3945
2148,14,"Forestry",2194
3005,6,"Beef",58609
501,2,"Beef",2878
607,3,"Beef",3501
1097,16,"Forestry",5415193
1074,11,"Forestry",38004
2945,22,"Fruit",1080
506,28,"Sheepmeat",14383
2653,25,"Veges",12090250
1716,8,"Sheepmeat",5642
2162,29,"Sheepmeat",416292
1897,28,"Sheepmeat",10220876
1154,2,"Beef",916260
572,19,"Fruit",17577
1494,27,"Sheepmeat",2026086
2852,4,"Beef",1467062
868,22,"Fruit",4721
520,8,"Sheepmeat",4889
1072,8,"Sheepmeat",314847
991,11,"Forestry",2584
498,2,"Beef",39341
1470,4,"Beef",158082
194,2,"Beef",6376
3164,29,"Sheepmeat",367958845
1318,12,"Forestry",7529
75,4,"Beef",49925
2362,24,"Veges",1508815
2362,6,"Beef",8405
336,26,"Veges",13005315
3145,27,"Sheepmeat",34730575
1768,10,"Sheepmeat",271360
2371,14,"Forestry",35179
2396,10,"Sheepmeat",48226
3134,28,"Sheepmeat",34503550
2805,17,"Fruit",16757
1386,2,"Beef",56375
3003,27,"Sheepmeat",2188191
1314,14,"Forestry",10033
1029,17,"Fruit",695114
1762,15,"Forestry",197504
1833,9,"Sheepmeat",495231
1069,21,"Fruit",6665
1892,8,"Sheepmeat",25024
1421,10,"Sheepmeat",51003
1610,27,"Sheepmeat",54346
1844,25,"Veges",1149
2782,16,"Forestry",6577865
1584,6,"Beef",8405
3070,9,"Sheepmeat",7001367
2690,20,"Fruit",101630
1741,15,"Forestry",2640
3119,24,"Veges",115826
2747,7,"Beef",408691
1519,24,"Veges",32924701
2922,9,"Sheepmeat",11346414
1525,29,"Sheepmeat",8407
3107,8,"Sheepmeat",2073230
878,22,"Fruit",95334
1079,13,"Forestry",9119
77,29,"Sheepmeat",3411549
3093,5,"Beef",275924
1148,3,"Beef",369017
2373,11,"Forestry",396190
2799,2,"Beef",5157368
1397,28,"Sheepmeat",1897401
121,2,"Beef",16519
2998,25,"Veges",54504549
2381,15,"Forestry",468028
2280,11,"Forestry",122576
2139,28,"Sheepmeat",640901
1256,11,"Forestry",2766
2392,21,"Fruit",4323
105,2,"Beef",25131
2520,20,"Fruit",1437
991,29,"Sheepmeat",6365725
936,3,"Beef",56578
3110,4,"Beef",20411613
2357,27,"Sheepmeat",4433
557,27,"Sheepmeat",1124326
1912,12,"Forestry",143221
577,17,"Fruit",1186991
1954,15,"Forestry",775722
1466,2,"Beef",1448
2397,3,"Beef",16207
3151,1,"Dairy",294373
2963,5,"Beef",8405
2953,24,"Veges",1751349
1081,28,"Sheepmeat",2455
2986,2,"Beef",94637
1295,10,"Sheepmeat",23778
2388,3,"Beef",234458
581,14,"Forestry",5372
445,27,"Sheepmeat",8923
417,4,"Beef",4175
1503,28,"Sheepmeat",164157
2801,2,"Beef",5742404
2284,9,"Sheepmeat",621161
980,25,"Veges",3815975
3145,18,"Fruit",806709
1550,27,"Sheepmeat",36023612
2950,8,"Sheepmeat",1928
2877,8,"Sheepmeat",27717329
1072,2,"Beef",100109
1160,27,"Sheepmeat",267906
472,8,"Sheepmeat",4889
3157,2,"Beef",3904643
571,3,"Beef",1487
2526,12,"Forestry",1713
1573,8,"Sheepmeat",1858
1836,3,"Beef",2605
2429,3,"Beef",1626
2798,9,"Sheepmeat",7663664
2861,9,"Sheepmeat",44965
3069,27,"Sheepmeat",33785948
1297,15,"Forestry",14395
2909,5,"Beef",8405
1450,8,"Sheepmeat",2723717
1082,28,"Sheepmeat",267477
2826,18,"Fruit",559234
1960,26,"Veges",564149
1951,27,"Sheepmeat",69768
1820,2,"Beef",175852
2133,3,"Beef",599856
780,19,"Fruit",104122269
2140,16,"Forestry",23131
2433,2,"Beef",1231
2538,15,"Forestry",1081190
1140,21,"Fruit",13138
3154,6,"Beef",8405
60,29,"Sheepmeat",10301
3143,26,"Veges",13005315
1634,8,"Sheepmeat",650712
1678,28,"Sheepmeat",17032
20,29,"Sheepmeat",22341
823,2,"Beef",113201
1645,3,"Beef",15605
1531,29,"Sheepmeat",119234
1915,2,"Beef",2172
2793,2,"Beef",3044084
1072,15,"Forestry",9768
3023,13,"Forestry",242970
2119,16,"Forestry",156540
2725,5,"Beef",19067
1009,4,"Beef",224013
2881,18,"Fruit",559234
2918,27,"Sheepmeat",18643
1033,10,"Sheepmeat",284113
1023,9,"Sheepmeat",233659
2037,8,"Sheepmeat",5616779
1456,6,"Beef",2952
533,3,"Beef",340426
2202,14,"Forestry",6893
970,19,"Fruit",393342
3050,7,"Beef",25193
2947,27,"Sheepmeat",1724473
2825,25,"Veges",30741184
2874,7,"Beef",657202
560,29,"Sheepmeat",3434548
1611,9,"Sheepmeat",5243
1628,2,"Beef",41692
2936,4,"Beef",1430208
3068,9,"Sheepmeat",23702020
1458,24,"Veges",15160
1587,22,"Fruit",55676
2015,9,"Sheepmeat",1455335
3130,1,"Dairy",294373
1414,9,"Sheepmeat",3232
1826,12,"Forestry",162918
2312,29,"Sheepmeat",71412
870,25,"Veges",910506
914,9,"Sheepmeat",6710
2325,4,"Beef",546433
1706,11,"Forestry",18944
2153,4,"Beef",2007348
1426,18,"Fruit",436136
2994,24,"Veges",62472240
1877,26,"Veges",470363
3145,23,"Veges",26257752
2831,10,"Sheepmeat",23951777
2132,18,"Fruit",49780
498,9,"Sheepmeat",83302
2763,7,"Beef",537577
2767,16,"Forestry",60295334
3155,22,"Fruit",809657
1335,11,"Forestry",8437
1645,8,"Sheepmeat",12073
2118,2,"Beef",2227045
1117,8,"Sheepmeat",11512219
2206,15,"Forestry",847286
1339,4,"Beef",87527
2593,22,"Fruit",55676
1953,16,"Forestry",50507878
2020,29,"Sheepmeat",2355466
2110,4,"Beef",2181092
691,16,"Forestry",102659
412,10,"Sheepmeat",39020
2553,11,"Forestry",61356
1490,15,"Forestry",78701
1788,11,"Forestry",93711
3115,29,"Sheepmeat",18888874
2243,4,"Beef",1592791
1566,1,"Dairy",152366
2873,11,"Forestry",702872
2355,2,"Beef",1778
2083,8,"Sheepmeat",65515
2329,10,"Sheepmeat",25563
2836,18,"Fruit",701154
2372,12,"Forestry",396190
1245,3,"Beef",3659268
2217,3,"Beef",136952
2881,2,"Beef",10369451
2138,8,"Sheepmeat",607469
1390,3,"Beef",43845
2846,26,"Veges",24251157
1642,29,"Sheepmeat",1533218
2191,9,"Sheepmeat",49268
941,17,"Fruit",294332
1863,15,"Forestry",88668
1522,18,"Fruit",4161984
1264,28,"Sheepmeat",308584
2836,16,"Forestry",96839227
2275,19,"Fruit",31406578
1376,2,"Beef",841824
2563,19,"Fruit",10304
576,3,"Beef",338939
481,4,"Beef",247056
1952,3,"Beef",3352124
3024,18,"Fruit",806709
2752,28,"Sheepmeat",6994277
2230,2,"Beef",34819
1888,20,"Fruit",2162
1161,2,"Beef",172970
3150,20,"Fruit",88012
860,10,"Sheepmeat",5613
946,2,"Beef",15188
887,9,"Sheepmeat",24791
906,4,"Beef",329654
3003,28,"Sheepmeat",2188191
2839,1,"Dairy",294373
2869,4,"Beef",128805047
2526,29,"Sheepmeat",21180153
3027,15,"Forestry",6586781
1071,14,"Forestry",8230
123,8,"Sheepmeat",25024
237,27,"Sheepmeat",134102
3123,20,"Fruit",774194
2146,10,"Sheepmeat",27338
2005,8,"Sheepmeat",4312120
1262,8,"Sheepmeat",256960
176,3,"Beef",3907
2503,9,"Sheepmeat",25589329
1816,12,"Forestry",42878
1066,8,"Sheepmeat",9857
2374,15,"Forestry",781310
2931,16,"Forestry",59461889
2761,28,"Sheepmeat",18875586
1809,8,"Sheepmeat",99875
1042,4,"Beef",11716
802,23,"Veges",2957174
577,29,"Sheepmeat",105577
798,8,"Sheepmeat",1471
2388,13,"Forestry",2139
2958,25,"Veges",3204489
1856,4,"Beef",785528
136,21,"Fruit",27229
2722,28,"Sheepmeat",10446164
2503,28,"Sheepmeat",35854901
2692,17,"Fruit",806709
2160,27,"Sheepmeat",1613840
2891,24,"Veges",30741184
861,21,"Fruit",4098
1777,4,"Beef",946662
2272,11,"Forestry",3097
1171,27,"Sheepmeat",2538196
2073,20,"Fruit",32000
1620,4,"Beef",3870
2440,11,"Forestry",216734
1710,29,"Sheepmeat",1027366
3120,29,"Sheepmeat",97300893
769,29,"Sheepmeat",1601
1146,9,"Sheepmeat",128950
956,17,"Fruit",97008
2554,12,"Forestry",277466
1200,28,"Sheepmeat",22587
2899,4,"Beef",5027
1238,10,"Sheepmeat",492314
2443,10,"Sheepmeat",5316541
1375,27,"Sheepmeat",164595
2060,27,"Sheepmeat",1748
2970,28,"Sheepmeat",5495389
1787,4,"Beef",369032
2984,2,"Beef",1434168
2302,1,"Dairy",3086512
2031,13,"Forestry",1144
532,2,"Beef",340426
3028,26,"Veges",13005315
3121,4,"Beef",34591374
1419,9,"Sheepmeat",26138
3023,6,"Beef",8405
2653,3,"Beef",6376
2752,29,"Sheepmeat",21052887
1666,9,"Sheepmeat",5127
2406,4,"Beef",2594692
2982,24,"Veges",159978
848,24,"Veges",6860368
816,5,"Beef",4688
2795,6,"Beef",8405
2429,8,"Sheepmeat",1258
2238,27,"Sheepmeat",7215
1300,9,"Sheepmeat",559167
1144,2,"Beef",8210
2830,29,"Sheepmeat",96167041
2080,28,"Sheepmeat",4474414
907,9,"Sheepmeat",90185
987,4,"Beef",3365420
3106,28,"Sheepmeat",3667162
559,17,"Fruit",103601
1629,19,"Fruit",339810
2972,28,"Sheepmeat",5095235
1239,10,"Sheepmeat",317805
1908,3,"Beef",101396
1491,10,"Sheepmeat",4692
155,16,"Forestry",1032
1987,10,"Sheepmeat",89913
3009,21,"Fruit",611997
1925,23,"Veges",6295645
850,4,"Beef",1085228
832,8,"Sheepmeat",2814
1767,2,"Beef",80742
2649,13,"Forestry",248343
3045,14,"Forestry",138413
2015,27,"Sheepmeat",2037201
2939,4,"Beef",15893403
1116,8,"Sheepmeat",12149
3045,15,"Forestry",3583704
1948,27,"Sheepmeat",48418
2727,4,"Beef",1428365
2124,14,"Forestry",5074
1207,24,"Veges",226657
2728,29,"Sheepmeat",2100521
833,6,"Beef",5363
2543,29,"Sheepmeat",2443
2761,15,"Forestry",409503
550,1,"Dairy",294373
2837,25,"Veges",31429943
481,3,"Beef",62743
991,26,"Veges",2653006
2139,10,"Sheepmeat",460747
2426,10,"Sheepmeat",178008
2984,28,"Sheepmeat",4022333
2123,2,"Beef",865145
1556,11,"Forestry",1556115
1474,11,"Forestry",26994
2810,19,"Fruit",38591
1027,18,"Fruit",13306
2286,27,"Sheepmeat",254570
816,4,"Beef",20629
3128,24,"Veges",31412107
576,15,"Forestry",218605
2966,3,"Beef",408510
2384,14,"Forestry",20437
1138,9,"Sheepmeat",3217271
1193,26,"Veges",40706
89,15,"Forestry",218605
2750,1,"Dairy",6318043
3065,2,"Beef",12381797
1463,4,"Beef",194680
1862,15,"Forestry",134671
1577,20,"Fruit",101630
151,16,"Forestry",115526
2871,24,"Veges",8077875
1431,1,"Dairy",2110245
410,29,"Sheepmeat",177582
2063,4,"Beef",24880
2035,4,"Beef",11907525
1213,20,"Fruit",81476
2927,2,"Beef",76680
1450,2,"Beef",1406984
3084,12,"Forestry",20027
2972,2,"Beef",2028868
2942,23,"Veges",6127042
2827,27,"Sheepmeat",27496718
1994,27,"Sheepmeat",2588512
3112,17,"Fruit",16757
1515,3,"Beef",131960
437,16,"Forestry",1398
1825,11,"Forestry",173893
2305,29,"Sheepmeat",32194
1700,3,"Beef",757778
1086,15,"Forestry",111393
579,22,"Fruit",5551
2372,27,"Sheepmeat",2259027
212,29,"Sheepmeat",20992
646,8,"Sheepmeat",4550
2342,29,"Sheepmeat",460421
1649,27,"Sheepmeat",1085
2238,8,"Sheepmeat",5581
135,17,"Fruit",105555
2136,28,"Sheepmeat",1113034
2766,8,"Sheepmeat",26984356
2300,17,"Fruit",17270271
2521,5,"Beef",21666
1421,29,"Sheepmeat",212659
2425,8,"Sheepmeat",35918049
1803,27,"Sheepmeat",845924
2011,8,"Sheepmeat",349068
3119,17,"Fruit",161461
2667,22,"Fruit",55676
1000,26,"Veges",2653006
1436,17,"Fruit",2820894
2832,12,"Forestry",3175122
2722,3,"Beef",3566015
1182,12,"Forestry",96574
1163,8,"Sheepmeat",927980
2325,10,"Sheepmeat",172645
2894,28,"Sheepmeat",58912
1502,3,"Beef",641009
3048,25,"Veges",148127
1264,13,"Forestry",22639
264,19,"Fruit",2003556
66,16,"Forestry",7901878
1628,29,"Sheepmeat",457782
1637,27,"Sheepmeat",267877
2906,15,"Forestry",228094
611,9,"Sheepmeat",12366
2793,29,"Sheepmeat",22969491
1585,2,"Beef",13044366
2388,4,"Beef",745733
3090,28,"Sheepmeat",119444368
3067,26,"Veges",12983174
987,23,"Veges",7782484
2987,8,"Sheepmeat",27717329
3150,9,"Sheepmeat",23702020
2280,29,"Sheepmeat",3557404
2384,29,"Sheepmeat",897333
1741,27,"Sheepmeat",20244
1550,5,"Beef",8405
2414,9,"Sheepmeat",4036
1335,28,"Sheepmeat",35559
3065,10,"Sheepmeat",24483685
2660,1,"Dairy",3086512
1647,3,"Beef",459126
1924,23,"Veges",6295645
2859,28,"Sheepmeat",295145
2412,19,"Fruit",354782
1145,2,"Beef",78159
2212,29,"Sheepmeat",1218190
2989,15,"Forestry",218605
608,16,"Forestry",3159
2995,26,"Veges",24251157
2947,28,"Sheepmeat",1724473
3040,3,"Beef",11475456
149,28,"Sheepmeat",15228
2931,9,"Sheepmeat",10934451
1647,9,"Sheepmeat",831854
2895,25,"Veges",23460409
1182,8,"Sheepmeat",2629665
995,18,"Fruit",136324
2124,3,"Beef",323871
2297,1,"Dairy",3086512
2549,24,"Veges",799527
2261,28,"Sheepmeat",16132
576,19,"Fruit",210068
1073,24,"Veges",281471
3084,9,"Sheepmeat",2319175
3063,9,"Sheepmeat",84734287
3065,25,"Veges",31412107
976,4,"Beef",3451
2930,7,"Beef",25193
1809,29,"Sheepmeat",402077
3039,10,"Sheepmeat",24538090
1543,10,"Sheepmeat",773519
914,10,"Sheepmeat",6710
2809,28,"Sheepmeat",17308256
1225,2,"Beef",235247
1161,16,"Forestry",342397
3039,22,"Fruit",487966
1450,28,"Sheepmeat",3530123
3023,4,"Beef",39270225
3134,23,"Veges",26257752
2127,9,"Sheepmeat",1737732
237,3,"Beef",54082
881,3,"Beef",3773918
1465,27,"Sheepmeat",71777
2834,14,"Forestry",242970
945,22,"Fruit",189802
1044,15,"Forestry",919583
2776,11,"Forestry",544365
301,17,"Fruit",17270271
798,16,"Forestry",190013
2317,11,"Forestry",121300
2726,15,"Forestry",7636
1377,28,"Sheepmeat",1724473
3057,15,"Forestry",144522
3147,15,"Forestry",6586781
1087,8,"Sheepmeat",243261
1489,27,"Sheepmeat",97355
2971,2,"Beef",2217010
1487,2,"Beef",267271
3122,21,"Fruit",1565195
1224,4,"Beef",98248
1146,22,"Fruit",10106
1442,3,"Beef",3121965
1143,10,"Sheepmeat",579706
938,18,"Fruit",3883660
1212,18,"Fruit",640913
1497,27,"Sheepmeat",229814
2286,16,"Forestry",6884829
1288,27,"Sheepmeat",223905
760,3,"Beef",2133
2240,13,"Forestry",45186
2023,16,"Forestry",1421
1185,2,"Beef",1693582
1630,8,"Sheepmeat",126058
2005,16,"Forestry",64849
2754,9,"Sheepmeat",7010317
1785,10,"Sheepmeat",181196
834,9,"Sheepmeat",512718
2134,28,"Sheepmeat",511469
819,9,"Sheepmeat",15421
2910,16,"Forestry",64853362
1753,2,"Beef",56244
1075,17,"Fruit",288641
3163,12,"Forestry",391226
1873,8,"Sheepmeat",505674
3038,26,"Veges",11782349
3143,29,"Sheepmeat",105532790
1447,21,"Fruit",249265
1126,28,"Sheepmeat",1051533
1211,17,"Fruit",95822
1039,12,"Forestry",5405
3066,22,"Fruit",43319
2162,14,"Forestry",19258
1214,16,"Forestry",44948309
2239,4,"Beef",42627
1214,23,"Veges",3538123
1499,29,"Sheepmeat",8055836
2158,28,"Sheepmeat",30635
1294,28,"Sheepmeat",789553
1292,3,"Beef",4386
1268,10,"Sheepmeat",30947
558,16,"Forestry",33316
1652,27,"Sheepmeat",296350
1191,26,"Veges",92693
2154,4,"Beef",2007348
1645,29,"Sheepmeat",49701
3062,9,"Sheepmeat",84708966
3127,12,"Forestry",3175122
1977,13,"Forestry",3919
3042,28,"Sheepmeat",32570793
2883,15,"Forestry",48426
1439,24,"Veges",1190553
643,19,"Fruit",210068
3048,12,"Forestry",89988
30,4,"Beef",25031
1037,28,"Sheepmeat",44234
998,25,"Veges",7498704
1804,4,"Beef",377519
3169,1,"Dairy",6318043
2933,24,"Veges",6083886
2108,27,"Sheepmeat",3269788
1089,4,"Beef",168216
3017,3,"Beef",55830
2578,2,"Beef",219616
951,23,"Veges",83836
1939,19,"Fruit",238578
848,9,"Sheepmeat",2491336
3090,6,"Beef",275924
1706,16,"Forestry",595101
1470,26,"Veges",107218
1672,9,"Sheepmeat",226764
1861,12,"Forestry",78230
3043,8,"Sheepmeat",24999118
2050,9,"Sheepmeat",1681
911,3,"Beef",4794
1206,22,"Fruit",2660
2866,20,"Fruit",1327206
1018,21,"Fruit",159492
3144,26,"Veges",13005315
2812,12,"Forestry",2326098
1865,25,"Veges",1751349
1550,2,"Beef",13117972
1800,12,"Forestry",123159
2546,29,"Sheepmeat",8526
1290,24,"Veges",98549
1137,11,"Forestry",2381
2598,9,"Sheepmeat",25589329
1332,28,"Sheepmeat",22517
2000,13,"Forestry",50533
776,15,"Forestry",1583
2619,27,"Sheepmeat",55655
3078,4,"Beef",6171207
2920,5,"Beef",8405
3145,7,"Beef",25193
2796,25,"Veges",3441003
3168,26,"Veges",1020087
988,25,"Veges",400280
3022,16,"Forestry",60310280
1870,27,"Sheepmeat",818613
2437,29,"Sheepmeat",48503366
1237,28,"Sheepmeat",362926
1978,9,"Sheepmeat",151705
2598,6,"Beef",8405
1550,29,"Sheepmeat",109547155
2225,23,"Veges",6295645
2912,24,"Veges",6083886
1021,2,"Beef",272919
2722,16,"Forestry",94249093
2690,5,"Beef",8405
2419,14,"Forestry",10033
3112,8,"Sheepmeat",15266714
1693,10,"Sheepmeat",1686599
2221,9,"Sheepmeat",113831
2104,28,"Sheepmeat",2892578
2580,4,"Beef",140933
3066,4,"Beef",38033282
1301,15,"Forestry",1428
1211,21,"Fruit",24718
2669,1,"Dairy",3086512
3053,12,"Forestry",2507130
2530,27,"Sheepmeat",28162
1133,29,"Sheepmeat",38734
1499,16,"Forestry",943482
2793,28,"Sheepmeat",7561660
1627,17,"Fruit",1283
1385,24,"Veges",365971
2861,29,"Sheepmeat",187484
2737,18,"Fruit",103601
645,18,"Fruit",7999
643,17,"Fruit",95602
1837,3,"Beef",20472
960,2,"Beef",7608
2803,13,"Forestry",164711
910,29,"Sheepmeat",52187
2745,28,"Sheepmeat",4853
902,3,"Beef",56398
2726,11,"Forestry",2835
2972,14,"Forestry",42059
3058,11,"Forestry",767396
1757,8,"Sheepmeat",26652
2762,13,"Forestry",192497
3145,21,"Fruit",203202
1427,28,"Sheepmeat",91970
805,27,"Sheepmeat",1227
1797,15,"Forestry",144522
3009,17,"Fruit",8618116
2940,21,"Fruit",4323
2842,18,"Fruit",806709
1812,16,"Forestry",637028
890,4,"Beef",33739
2897,22,"Fruit",15484
1544,27,"Sheepmeat",1905472
459,16,"Forestry",3159
1840,27,"Sheepmeat",100988
1828,16,"Forestry",95141
2597,15,"Forestry",1583
2831,23,"Veges",26202404
2143,28,"Sheepmeat",956490
2383,14,"Forestry",20437
1635,1,"Dairy",178425
1329,16,"Forestry",337035
1898,16,"Forestry",2126
2835,27,"Sheepmeat",34347484
1117,14,"Forestry",4678
1110,12,"Forestry",27353
1077,28,"Sheepmeat",1864
2429,9,"Sheepmeat",1169
2965,1,"Dairy",294373
420,4,"Beef",1052
2162,13,"Forestry",19258
2653,10,"Sheepmeat",3822
3126,4,"Beef",38501336
1287,29,"Sheepmeat",901588
2728,8,"Sheepmeat",542126
2827,2,"Beef",9955233
31,10,"Sheepmeat",4594
2021,21,"Fruit",692772
895,7,"Beef",1387
2436,4,"Beef",18171160
1011,4,"Beef",243990
2271,4,"Beef",2114621
850,13,"Forestry",5372
2837,20,"Fruit",88012
2244,10,"Sheepmeat",6647723
898,2,"Beef",293404
1949,12,"Forestry",51660
874,23,"Veges",924305
3113,24,"Veges",6587563
2349,12,"Forestry",2412
1281,10,"Sheepmeat",279106
1453,21,"Fruit",3666
3129,23,"Veges",26202404
728,16,"Forestry",17633
1831,28,"Sheepmeat",701776
1091,11,"Forestry",11033
1109,4,"Beef",526077
2869,23,"Veges",8982532
576,18,"Fruit",95602
2946,8,"Sheepmeat",1317368
27,15,"Forestry",302973
2769,27,"Sheepmeat",36321774
3151,23,"Veges",26202404
1701,3,"Beef",678548
2946,2,"Beef",832335
988,26,"Veges",165642
3027,5,"Beef",8405
3000,19,"Fruit",69624663
3022,10,"Sheepmeat",24784517
1787,15,"Forestry",20822
873,15,"Forestry",25424
3073,4,"Beef",984165
2878,24,"Veges",31465611
2896,27,"Sheepmeat",60100
2077,13,"Forestry",272427
1766,9,"Sheepmeat",143144
2342,11,"Forestry",268770
2952,23,"Veges",1811724
1587,4,"Beef",40355453
1391,29,"Sheepmeat",1258773
2415,10,"Sheepmeat",676403
1782,8,"Sheepmeat",67574
1642,28,"Sheepmeat",511497
1097,3,"Beef",36491
954,23,"Veges",500197
1912,15,"Forestry",288751
2128,16,"Forestry",72876
1896,13,"Forestry",11342
136,12,"Forestry",2199
3152,15,"Forestry",5313238
1135,11,"Forestry",72222
2905,5,"Beef",8405
926,15,"Forestry",25424
760,29,"Sheepmeat",24224
3088,13,"Forestry",23389
2779,12,"Forestry",208397
1777,22,"Fruit",19528
3145,16,"Forestry",235432749
2981,11,"Forestry",235512
2667,23,"Veges",26257752
2008,3,"Beef",1077879
446,4,"Beef",11713
991,22,"Fruit",280196
2589,9,"Sheepmeat",25589329
1915,12,"Forestry",38572
844,7,"Beef",25193
1299,15,"Forestry",9427
1145,12,"Forestry",9173
931,17,"Fruit",1006529
1590,6,"Beef",8405
1436,28,"Sheepmeat",34096284
3157,8,"Sheepmeat",8218094
2193,2,"Beef",1487
3138,27,"Sheepmeat",34538733
999,8,"Sheepmeat",716575
2804,1,"Dairy",294373
1281,15,"Forestry",543406
2953,3,"Beef",537350
2933,12,"Forestry",1938365
2375,3,"Beef",247572
879,22,"Fruit",12648
1872,2,"Beef",339076
944,25,"Veges",4772707
1852,24,"Veges",1158693
1256,16,"Forestry",88853
3131,2,"Beef",12381797
1272,10,"Sheepmeat",88851
1204,10,"Sheepmeat",5421414
3121,21,"Fruit",1338910
3144,27,"Sheepmeat",34730575
1814,2,"Beef",43060
1253,11,"Forestry",2766
1001,2,"Beef",195332
3123,16,"Forestry",75298441
2244,21,"Fruit",4323
2825,21,"Fruit",139364
1967,2,"Beef",531899
2244,9,"Sheepmeat",6647723
3010,23,"Veges",27170062
1102,29,"Sheepmeat",649010
1094,19,"Fruit",304917
2798,3,"Beef",3961908
2305,4,"Beef",32194
2762,12,"Forestry",2408658
2163,8,"Sheepmeat",12073
1917,13,"Forestry",2208
1384,28,"Sheepmeat",171264
2802,29,"Sheepmeat",47670171
1474,15,"Forestry",54423
1499,27,"Sheepmeat",2668011
2208,27,"Sheepmeat",4542967
3012,11,"Forestry",5951260
1545,8,"Sheepmeat",109972
2807,8,"Sheepmeat",13309654
1131,4,"Beef",923665
3166,22,"Fruit",519998
846,23,"Veges",7532794
2908,5,"Beef",8405
1780,12,"Forestry",2103
3006,16,"Forestry",60295334
2633,23,"Veges",398577
1779,28,"Sheepmeat",8154
290,3,"Beef",14169
2890,2,"Beef",8184941
960,20,"Fruit",100224
298,12,"Forestry",7096
3033,9,"Sheepmeat",24580874
2433,29,"Sheepmeat",3689
2709,27,"Sheepmeat",154973
2475,20,"Fruit",13618
1273,2,"Beef",16916
155,3,"Beef",25131
3077,27,"Sheepmeat",105667
1530,27,"Sheepmeat",143177
1647,12,"Forestry",14346
1553,23,"Veges",26257752
2077,15,"Forestry",6530526
2888,20,"Fruit",67904
1179,28,"Sheepmeat",85697
3141,21,"Fruit",27229
2910,12,"Forestry",2208088
2438,15,"Forestry",48611
498,15,"Forestry",5880
2956,15,"Forestry",2350965
850,29,"Sheepmeat",3434548
2872,11,"Forestry",702872
2937,2,"Beef",5687485
3096,21,"Fruit",131894
1686,29,"Sheepmeat",26749
2018,9,"Sheepmeat",425022
719,29,"Sheepmeat",22086
2106,12,"Forestry",16889
3154,3,"Beef",6363548
2223,21,"Fruit",4323
2773,14,"Forestry",52766
1753,3,"Beef",56244
3158,29,"Sheepmeat",103482838
1033,4,"Beef",759917
1317,29,"Sheepmeat",2426045
1050,10,"Sheepmeat",44457
2771,11,"Forestry",675879
2758,1,"Dairy",6318043
2835,13,"Forestry",242970
834,8,"Sheepmeat",552781
3101,21,"Fruit",138232
2814,22,"Fruit",1080
2842,16,"Forestry",235432749
2826,10,"Sheepmeat",19058301
2154,15,"Forestry",121239
1990,15,"Forestry",24119
3128,21,"Fruit",175973
1974,29,"Sheepmeat",1928511
1130,29,"Sheepmeat",2100505
1494,10,"Sheepmeat",1452932
1634,27,"Sheepmeat",841114
1018,9,"Sheepmeat",3454
1306,14,"Forestry",13049
2919,3,"Beef",5889316
1038,12,"Forestry",18670
3052,19,"Fruit",38591
2835,22,"Fruit",43319
177,17,"Fruit",47341371
2003,12,"Forestry",34239
2004,10,"Sheepmeat",3733843
3138,18,"Fruit",701154
1060,10,"Sheepmeat",31002
2623,19,"Fruit",1209624
941,23,"Veges",244854
989,23,"Veges",372764
2284,3,"Beef",263654
1147,8,"Sheepmeat",279129
2508,3,"Beef",62743
2210,9,"Sheepmeat",489349
1413,23,"Veges",10998274
1212,15,"Forestry",3157342
1590,3,"Beef",13113486
3143,2,"Beef",12703940
1890,3,"Beef",739596
2944,11,"Forestry",7529
3069,6,"Beef",178929
2396,27,"Sheepmeat",69768
1305,9,"Sheepmeat",193811
1337,12,"Forestry",99324
2237,16,"Forestry",634920
2613,29,"Sheepmeat",3434548
2129,8,"Sheepmeat",185981
1519,16,"Forestry",171522588
1121,3,"Beef",186385
1098,4,"Beef",103067
1294,8,"Sheepmeat",610823
1497,25,"Veges",206142
1873,23,"Veges",1179032
2839,19,"Fruit",1543973
3041,13,"Forestry",193886
830,29,"Sheepmeat",1088823
950,27,"Sheepmeat",351013
3053,25,"Veges",7215311
2864,19,"Fruit",27156529
5,15,"Forestry",381324
2747,8,"Sheepmeat",1375939
1964,11,"Forestry",16531
2942,5,"Beef",8405
2852,7,"Beef",408691
1238,16,"Forestry",700841
3039,7,"Beef",537577
2439,17,"Fruit",7705769
2920,19,"Fruit",38591
2993,26,"Veges",24251157
10,8,"Sheepmeat",51995
3122,3,"Beef",11386642
2759,3,"Beef",6904088
2585,13,"Forestry",248343
2902,4,"Beef",347176
2764,9,"Sheepmeat",23137151
3029,8,"Sheepmeat",26849218
851,12,"Forestry",160231
2232,9,"Sheepmeat",10718
2919,29,"Sheepmeat",50876834
2672,24,"Veges",39391627
1042,25,"Veges",7850231
2148,16,"Forestry",909843
1228,29,"Sheepmeat",9576450
1696,27,"Sheepmeat",2198758
1953,20,"Fruit",2162
2270,20,"Fruit",7193
2554,23,"Veges",168603
418,28,"Sheepmeat",1393
2693,9,"Sheepmeat",24784517
2899,27,"Sheepmeat",1677
2395,29,"Sheepmeat",159357
2376,8,"Sheepmeat",1575178
1299,8,"Sheepmeat",195643
2200,29,"Sheepmeat",163196
1550,9,"Sheepmeat",25702343
2912,28,"Sheepmeat",17176041
1969,11,"Forestry",45220
2309,9,"Sheepmeat",654490
2824,7,"Beef",25193
816,1,"Dairy",184264
2765,12,"Forestry",2408658
63,16,"Forestry",4638795
1690,9,"Sheepmeat",1737732
1043,23,"Veges",4028553
2378,2,"Beef",221710
2140,10,"Sheepmeat",460747
3005,2,"Beef",11396339
2895,24,"Veges",23460409
2751,1,"Dairy",6318043
1151,3,"Beef",59634
2937,7,"Beef",25193
1293,3,"Beef",98151
2396,14,"Forestry",5975
2588,16,"Forestry",60302033
1301,16,"Forestry",20192
1869,23,"Veges",1811724
2501,28,"Sheepmeat",35854901
2508,29,"Sheepmeat",531918
2014,10,"Sheepmeat",4228
1045,25,"Veges",338402
3069,4,"Beef",34644265
2116,28,"Sheepmeat",72379
1218,11,"Forestry",1434
2888,22,"Fruit",35012
972,8,"Sheepmeat",424197
830,10,"Sheepmeat",186749
2813,23,"Veges",4558648
2334,12,"Forestry",1653
1166,29,"Sheepmeat",1290764
2757,6,"Beef",178929
2797,29,"Sheepmeat",38392148
309,8,"Sheepmeat",4113
2312,28,"Sheepmeat",23824
2940,7,"Beef",25193
2512,29,"Sheepmeat",5241
3026,7,"Beef",25193
2841,11,"Forestry",3177321
2797,19,"Fruit",38591
1808,27,"Sheepmeat",75291
3004,16,"Forestry",25751927
795,3,"Beef",3501
2943,16,"Forestry",47621834
1036,29,"Sheepmeat",3335382
2902,19,"Fruit",187671
2941,4,"Beef",15885046
3071,2,"Beef",4100202
752,2,"Beef",1291
1387,9,"Sheepmeat",7023
50,1,"Dairy",294373
2156,22,"Fruit",8138
2316,16,"Forestry",4583448
1512,10,"Sheepmeat",2279552
2800,5,"Beef",8405
3013,2,"Beef",2033
3028,25,"Veges",31465611
1436,6,"Beef",58609
1673,28,"Sheepmeat",7005
1337,14,"Forestry",4573
1871,8,"Sheepmeat",628036
2036,16,"Forestry",452596
1766,26,"Veges",85305
1851,29,"Sheepmeat",2225712
1036,10,"Sheepmeat",797945
1163,29,"Sheepmeat",3601045
2897,11,"Forestry",2578862
1287,9,"Sheepmeat",212333
1907,9,"Sheepmeat",23778
868,20,"Fruit",19347
1713,3,"Beef",41692
306,15,"Forestry",17286
2070,29,"Sheepmeat",588913
1484,21,"Fruit",53913
2743,20,"Fruit",2258
899,5,"Beef",21666
3077,9,"Sheepmeat",75965
890,2,"Beef",10572
1381,10,"Sheepmeat",3250
887,25,"Veges",153119
2437,6,"Beef",8405
1060,29,"Sheepmeat",139500
2715,29,"Sheepmeat",87023
1239,14,"Forestry",4119
2814,25,"Veges",10795383
1459,8,"Sheepmeat",3098
2215,13,"Forestry",21859
1238,2,"Beef",325644
1158,14,"Forestry",3815
1646,23,"Veges",55670
532,10,"Sheepmeat",804813
1045,23,"Veges",350068
3057,10,"Sheepmeat",60944
887,26,"Veges",63363
963,8,"Sheepmeat",69514783
830,14,"Forestry",155895
1933,28,"Sheepmeat",71973
2240,27,"Sheepmeat",1630975
2243,27,"Sheepmeat",2403997
2296,1,"Dairy",3086512
1983,16,"Forestry",65008
2777,14,"Forestry",16833
3038,14,"Forestry",199803
3166,11,"Forestry",1140893
901,4,"Beef",18295
2812,15,"Forestry",4744941
1125,29,"Sheepmeat",26639814
459,10,"Sheepmeat",7823
3121,11,"Forestry",2533390
1484,2,"Beef",1729
1435,25,"Veges",4652902
1439,3,"Beef",5970
283,29,"Sheepmeat",3834
2822,27,"Sheepmeat",25428275
2123,8,"Sheepmeat",2675159
534,22,"Fruit",5551
2769,16,"Forestry",60295334
2246,29,"Sheepmeat",28465297
1484,23,"Veges",2453
870,3,"Beef",16229
1287,13,"Forestry",1232
1383,9,"Sheepmeat",6164
1912,10,"Sheepmeat",5358
2868,9,"Sheepmeat",84957524
2052,16,"Forestry",96961401
2224,4,"Beef",116174
1034,27,"Sheepmeat",183014
968,20,"Fruit",21246
2137,3,"Beef",321206
3150,24,"Veges",31412107
2868,19,"Fruit",10051891
198,4,"Beef",22175
3126,1,"Dairy",294373
1234,29,"Sheepmeat",2180579
3129,13,"Forestry",242970
2347,29,"Sheepmeat",1414553
1060,2,"Beef",35698
14,29,"Sheepmeat",159800
954,4,"Beef",446035
557,13,"Forestry",5372
1172,19,"Fruit",143781
1587,27,"Sheepmeat",35854901
1070,28,"Sheepmeat",2265
1583,29,"Sheepmeat",108967338
2528,1,"Dairy",294373
1767,12,"Forestry",10328
2936,27,"Sheepmeat",1867806
2606,10,"Sheepmeat",24784517
3041,16,"Forestry",71916016
75,3,"Beef",14614
2216,29,"Sheepmeat",154121
1462,27,"Sheepmeat",12756
1018,2,"Beef",4805
1633,29,"Sheepmeat",2547258
1233,15,"Forestry",1638
1212,21,"Fruit",164386
1168,9,"Sheepmeat",252117
1359,29,"Sheepmeat",1443
1083,8,"Sheepmeat",50364
3058,15,"Forestry",1557346
3045,6,"Beef",178929
2949,22,"Fruit",1080
807,25,"Veges",39391627
1315,27,"Sheepmeat",36806
3155,28,"Sheepmeat",34332590
83,8,"Sheepmeat",22787
2383,10,"Sheepmeat",213924
3083,8,"Sheepmeat",27400517
2901,27,"Sheepmeat",308431
2571,10,"Sheepmeat",172825
2895,15,"Forestry",5263494
1905,8,"Sheepmeat",39569
1116,10,"Sheepmeat",11289
1096,27,"Sheepmeat",263843
1819,28,"Sheepmeat",301175
2581,4,"Beef",56636
63,9,"Sheepmeat",1472200
176,27,"Sheepmeat",3923
1017,11,"Forestry",11033
1121,15,"Forestry",1031
1340,13,"Forestry",1334
1497,3,"Beef",180677
2885,9,"Sheepmeat",18970562
1143,11,"Forestry",5969
2340,27,"Sheepmeat",61840
1089,8,"Sheepmeat",97658
1862,29,"Sheepmeat",5316218
2351,10,"Sheepmeat",80717
1227,27,"Sheepmeat",36647
3137,4,"Beef",38800692
2290,29,"Sheepmeat",28654
1582,23,"Veges",26257752
1930,2,"Beef",81095
2780,12,"Forestry",544365
2927,15,"Forestry",62681
2820,23,"Veges",25508352
2569,12,"Forestry",96574
1513,28,"Sheepmeat",183691
2212,19,"Fruit",27825
1628,16,"Forestry",387305
2762,28,"Sheepmeat",32246881
1397,12,"Forestry",277466
881,9,"Sheepmeat",7850043
2500,7,"Beef",25193
1860,14,"Forestry",5712
2378,12,"Forestry",376839
2336,9,"Sheepmeat",237425
2289,16,"Forestry",4390
1309,29,"Sheepmeat",24927
3162,16,"Forestry",96841493
2580,28,"Sheepmeat",47481
2905,19,"Fruit",38591
3113,13,"Forestry",192578
3144,7,"Beef",25193
1392,3,"Beef",262578
570,18,"Fruit",7999
2946,13,"Forestry",4347
1037,4,"Beef",118459
2818,1,"Dairy",294373
2654,13,"Forestry",248343
2654,21,"Fruit",229926
1844,4,"Beef",989809
1430,29,"Sheepmeat",10799
1113,24,"Veges",959083
2926,19,"Fruit",38591
2920,28,"Sheepmeat",16007248
2375,29,"Sheepmeat",6166490
213,2,"Beef",5300
2750,15,"Forestry",111011
2310,15,"Forestry",7565
1488,27,"Sheepmeat",1977931
1552,2,"Beef",13117972
289,17,"Fruit",14260205
824,4,"Beef",62958
989,27,"Sheepmeat",1626
980,29,"Sheepmeat",62114448
2404,16,"Forestry",13462499
1864,4,"Beef",1719246
481,24,"Veges",39391627
2400,4,"Beef",1903676
1675,16,"Forestry",6417
1850,25,"Veges",1508815
1158,16,"Forestry",2907808
2002,26,"Veges",13005315
2371,16,"Forestry",11605891
3103,25,"Veges",15447302
1863,8,"Sheepmeat",1307646
2264,21,"Fruit",452780
311,15,"Forestry",218605
2212,13,"Forestry",5053
2772,12,"Forestry",613663
2372,29,"Sheepmeat",6800244
2793,24,"Veges",2838518
3010,24,"Veges",7396046
2750,7,"Beef",537577
2799,16,"Forestry",47977326
2442,28,"Sheepmeat",16679199
3061,8,"Sheepmeat",2130787
1248,10,"Sheepmeat",569260
578,1,"Dairy",3086512
890,27,"Sheepmeat",11974
1123,29,"Sheepmeat",1282104
1056,19,"Fruit",1128576
6,28,"Sheepmeat",468089
2883,13,"Forestry",1578
995,22,"Fruit",27711
1581,9,"Sheepmeat",24784517
3150,6,"Beef",8405
1586,20,"Fruit",114997
1741,4,"Beef",60680
2160,14,"Forestry",3313
2727,16,"Forestry",34767
290,8,"Sheepmeat",18498
1553,3,"Beef",13130728
2971,29,"Sheepmeat",16364583
1314,28,"Sheepmeat",316905
2425,3,"Beef",181997
3130,2,"Beef",12438195
2898,23,"Veges",17975558
2758,14,"Forestry",5317
665,17,"Fruit",806709
2554,16,"Forestry",7984068
2553,2,"Beef",1137113
1656,8,"Sheepmeat",106762
2512,28,"Sheepmeat",1748
473,28,"Sheepmeat",7599
2593,28,"Sheepmeat",35854901
905,28,"Sheepmeat",512454
2863,28,"Sheepmeat",34286149
2870,16,"Forestry",20425467
111,27,"Sheepmeat",8980
3169,28,"Sheepmeat",10446768
2878,25,"Veges",31465611
3151,19,"Fruit",1306127
1208,29,"Sheepmeat",10366225
1204,14,"Forestry",131588
1389,9,"Sheepmeat",9236
768,11,"Forestry",2351
2728,12,"Forestry",28892
2881,16,"Forestry",91060393
1474,17,"Fruit",239307
1081,17,"Fruit",55756
909,4,"Beef",1207
2555,23,"Veges",1811724
766,9,"Sheepmeat",5782
1534,21,"Fruit",24661
1629,15,"Forestry",120215
2538,9,"Sheepmeat",9532523
1349,15,"Forestry",46003
2836,17,"Fruit",701154
848,3,"Beef",1196441
1834,8,"Sheepmeat",341998
2439,4,"Beef",3433424
1234,8,"Sheepmeat",561966
3056,20,"Fruit",2162
1076,9,"Sheepmeat",2670
3052,11,"Forestry",2577537
1865,29,"Sheepmeat",2759508
1966,28,"Sheepmeat",1437281
445,16,"Forestry",3350
1872,27,"Sheepmeat",682715
1156,29,"Sheepmeat",3218
1281,2,"Beef",134357
3157,11,"Forestry",1557654
3159,14,"Forestry",17281
2866,23,"Veges",28088978
2935,9,"Sheepmeat",147946
819,20,"Fruit",17278
1921,29,"Sheepmeat",161748
2244,3,"Beef",3352124
2244,29,"Sheepmeat",27819473
2188,10,"Sheepmeat",47957
2133,27,"Sheepmeat",2429655
1317,12,"Forestry",454373
976,26,"Veges",3420
885,6,"Beef",2952
2036,2,"Beef",2476311
789,27,"Sheepmeat",36868
1130,15,"Forestry",45440
2500,20,"Fruit",101630
1774,16,"Forestry",39347
1678,8,"Sheepmeat",13176
2724,2,"Beef",6035423
1204,15,"Forestry",3096858
1286,13,"Forestry",30218
3029,3,"Beef",12703940
3122,13,"Forestry",199803
860,4,"Beef",32827
312,29,"Sheepmeat",14967824
1571,28,"Sheepmeat",200324
2709,10,"Sheepmeat",106272
2021,26,"Veges",56540
2325,15,"Forestry",9427
982,24,"Veges",938663
1938,11,"Forestry",28833
1767,16,"Forestry",300859
1257,2,"Beef",14245
2923,16,"Forestry",62752875
1497,11,"Forestry",26242
2083,10,"Sheepmeat",60881
3080,17,"Fruit",8105
3030,27,"Sheepmeat",34512473
824,29,"Sheepmeat",693010
2246,12,"Forestry",3026782
2931,5,"Beef",8405
1031,8,"Sheepmeat",342448
2072,2,"Beef",30391
1998,4,"Beef",3320684
2362,2,"Beef",393381
2618,3,"Beef",54332
2819,29,"Sheepmeat",61671315
3099,2,"Beef",10623829
1948,10,"Sheepmeat",33861
727,3,"Beef",1487
2765,14,"Forestry",192497
1582,28,"Sheepmeat",34730575
3136,23,"Veges",26257752
1966,9,"Sheepmeat",1032339
1550,3,"Beef",13117972
2355,10,"Sheepmeat",1279
3166,9,"Sheepmeat",84957524
921,16,"Forestry",75809999
1219,11,"Forestry",593143
1927,3,"Beef",7815
1587,10,"Sheepmeat",25589329
1811,28,"Sheepmeat",725564
2763,21,"Fruit",164386
2951,29,"Sheepmeat",2961378
2321,10,"Sheepmeat",3507
2785,4,"Beef",2935918
1161,8,"Sheepmeat",930559
2863,9,"Sheepmeat",24484883
1023,28,"Sheepmeat",325021
2970,3,"Beef",2235330
1651,2,"Beef",1193123
3054,15,"Forestry",5002613
1207,11,"Forestry",1526114
3136,6,"Beef",8405
2503,2,"Beef",13044366
1067,8,"Sheepmeat",1315
2222,4,"Beef",10088477
2774,9,"Sheepmeat",86784361
895,29,"Sheepmeat",33087696
3058,10,"Sheepmeat",4237523
1040,29,"Sheepmeat",1795785
1762,13,"Forestry",6893
1037,22,"Fruit",8039
1081,18,"Fruit",55756
1888,23,"Veges",6295645
1348,2,"Beef",1507
2798,15,"Forestry",3165324
1753,13,"Forestry",6893
1077,10,"Sheepmeat",1340
2180,13,"Forestry",1144
1005,3,"Beef",1448
2597,23,"Veges",26257752
2895,20,"Fruit",28824
2647,9,"Sheepmeat",347270
2890,22,"Fruit",35012
1464,9,"Sheepmeat",8708
1362,9,"Sheepmeat",6903
1046,24,"Veges",821058
2867,22,"Fruit",519998
872,29,"Sheepmeat",129021
901,23,"Veges",18451
3151,12,"Forestry",3163192
3028,11,"Forestry",3177321
2960,7,"Beef",25193
1927,9,"Sheepmeat",29758
1813,12,"Forestry",83586
3134,22,"Fruit",43319
2234,16,"Forestry",6679423
2943,1,"Dairy",294373
2245,2,"Beef",3352124
3066,26,"Veges",12983174
2613,4,"Beef",1085228
2815,13,"Forestry",197471
2031,15,"Forestry",23829
2094,15,"Forestry",61252
1398,9,"Sheepmeat",261590
1897,10,"Sheepmeat",7332526
3004,19,"Fruit",17931512
2551,4,"Beef",5599326
658,11,"Forestry",107798
3045,18,"Fruit",640913
859,3,"Beef",4624
2866,17,"Fruit",10450007
2144,13,"Forestry",6893
3060,26,"Veges",5128070
1104,20,"Fruit",4937
3047,3,"Beef",7304653
271,2,"Beef",3501
2918,29,"Sheepmeat",59095
3044,27,"Sheepmeat",743148
1033,24,"Veges",915098
2960,6,"Beef",8405
3076,4,"Beef",716341
3090,3,"Beef",42107389
1776,2,"Beef",136749
1496,27,"Sheepmeat",849839
3058,3,"Beef",2303059
1038,10,"Sheepmeat",159506
2842,21,"Fruit",203202
83,2,"Beef",25131
2440,25,"Veges",404002
2828,21,"Fruit",139364
2512,16,"Forestry",3159
601,28,"Sheepmeat",7599
2813,25,"Veges",10490617
2334,9,"Sheepmeat",237425
3132,13,"Forestry",242970
1862,13,"Forestry",4347
670,4,"Beef",13357
1056,12,"Forestry",678368
2901,2,"Beef",269297
2372,9,"Sheepmeat",1619692
1864,29,"Sheepmeat",2978014
2815,23,"Veges",8561442
1962,4,"Beef",397452
1830,9,"Sheepmeat",3879
2518,2,"Beef",2878
1627,27,"Sheepmeat",178215
2763,16,"Forestry",51589387
579,27,"Sheepmeat",1124326
2260,4,"Beef",15083
2606,20,"Fruit",101630
2469,2,"Beef",2383
2123,3,"Beef",865145
1210,13,"Forestry",1508
2863,1,"Dairy",294373
2836,6,"Beef",8405
2195,26,"Veges",13579597
995,2,"Beef",658244
1101,4,"Beef",9236
1137,28,"Sheepmeat",1329096
1915,11,"Forestry",38572
2722,9,"Sheepmeat",7494486
2145,28,"Sheepmeat",198858
2123,15,"Forestry",1638
121,3,"Beef",16519
2348,11,"Forestry",2412
2398,4,"Beef",502070
1072,29,"Sheepmeat",1227605
2187,8,"Sheepmeat",1260158
2373,14,"Forestry",35179
3010,16,"Forestry",6699
2920,3,"Beef",5854797
1814,3,"Beef",43060
985,18,"Fruit",2049856
2839,14,"Forestry",242970
1098,14,"Forestry",8896
2971,10,"Sheepmeat",3863573
3135,13,"Forestry",242970
956,29,"Sheepmeat",483006
1168,15,"Forestry",1031
2749,27,"Sheepmeat",4410448
1870,15,"Forestry",24396
831,9,"Sheepmeat",24602463
1015,16,"Forestry",29697
1810,26,"Veges",1672640
1331,28,"Sheepmeat",16794
237,10,"Sheepmeat",93175
576,10,"Sheepmeat",800585
2767,22,"Fruit",75032
1214,17,"Fruit",640913
3137,9,"Sheepmeat",24652520
2835,14,"Forestry",242970
2020,3,"Beef",180118
768,27,"Sheepmeat",87928
1105,29,"Sheepmeat",3458
2047,3,"Beef",1193
3102,9,"Sheepmeat",85873509
2900,29,"Sheepmeat",24632
2310,28,"Sheepmeat",859922
1316,9,"Sheepmeat",27771
1081,22,"Fruit",2660
2147,27,"Sheepmeat",40733
854,24,"Veges",2963376
2832,18,"Fruit",701154
1979,9,"Sheepmeat",120248
1436,11,"Forestry",801761
3037,20,"Fruit",1683018
1615,3,"Beef",1748
1466,3,"Beef",1448
2772,7,"Beef",836800
1191,4,"Beef",2009
1658,3,"Beef",440975
3041,10,"Sheepmeat",23377250
3008,19,"Fruit",21526663
2959,1,"Dairy",294373
1457,2,"Beef",34488
1458,9,"Sheepmeat",1368
2810,27,"Sheepmeat",17478886
1178,8,"Sheepmeat",48425
898,5,"Beef",21666
2974,26,"Veges",151031
2821,28,"Sheepmeat",24717795
2442,16,"Forestry",4978710
648,18,"Fruit",95602
1581,23,"Veges",26257752
2888,19,"Fruit",1199955
2690,9,"Sheepmeat",24784517
2246,20,"Fruit",2162
2811,4,"Beef",18471867
1318,2,"Beef",184409
2890,7,"Beef",25193
1432,17,"Fruit",722057
1099,16,"Forestry",1242375
1204,26,"Veges",573313
3006,9,"Sheepmeat",25715031
2811,9,"Sheepmeat",12435567
2997,27,"Sheepmeat",109282
2920,18,"Fruit",16757
2799,11,"Forestry",1640392
694,10,"Sheepmeat",1445
1689,27,"Sheepmeat",2419769
873,28,"Sheepmeat",421185
1219,27,"Sheepmeat",2017806
472,2,"Beef",3412
1830,4,"Beef",4998
1463,23,"Veges",849363
2933,8,"Sheepmeat",11749749
2985,9,"Sheepmeat",26934
691,15,"Forestry",6043
1573,28,"Sheepmeat",2401
2082,27,"Sheepmeat",2751705
1103,10,"Sheepmeat",135196
2316,13,"Forestry",12759
1779,3,"Beef",8148
916,28,"Sheepmeat",37370
3069,13,"Forestry",199803
3002,13,"Forestry",155895
1675,9,"Sheepmeat",3014
2551,17,"Fruit",63862
2125,10,"Sheepmeat",1086123
2767,19,"Fruit",81894447
3124,22,"Fruit",363998
2501,22,"Fruit",55676
580,21,"Fruit",26724
501,10,"Sheepmeat",1445
2071,16,"Forestry",2098239
1797,13,"Forestry",6149
1297,8,"Sheepmeat",398000
968,4,"Beef",2667
2073,18,"Fruit",2888273
1611,28,"Sheepmeat",8300
2775,16,"Forestry",15821901
972,10,"Sheepmeat",394189
1246,4,"Beef",364757
3114,7,"Beef",537577
1534,27,"Sheepmeat",1114531
2105,2,"Beef",730141
898,18,"Fruit",2209778
1018,27,"Sheepmeat",4805
9,18,"Fruit",103601
3145,2,"Beef",12703940
1127,10,"Sheepmeat",5740275
2969,11,"Forestry",2994
1317,2,"Beef",49105
3006,8,"Sheepmeat",146493
2690,2,"Beef",12703940
1591,27,"Sheepmeat",36020282
2557,12,"Forestry",107798
2997,22,"Fruit",4441
657,4,"Beef",1052
2438,26,"Veges",1360
2150,2,"Beef",278958
2397,8,"Sheepmeat",53974
212,28,"Sheepmeat",6392
187,9,"Sheepmeat",2820
121,10,"Sheepmeat",17940
3106,29,"Sheepmeat",11040473
1245,4,"Beef",11071207
609,3,"Beef",3501
2965,5,"Beef",8405
881,18,"Fruit",13417084
825,12,"Forestry",143221
860,20,"Fruit",74468
1589,3,"Beef",13044366
1970,9,"Sheepmeat",186943
2191,16,"Forestry",2658607
2140,28,"Sheepmeat",640901
3068,17,"Fruit",701154
2078,10,"Sheepmeat",168702
1102,9,"Sheepmeat",155655
993,18,"Fruit",1563204
2358,8,"Sheepmeat",1120
2284,4,"Beef",790306
2803,24,"Veges",6083886
2938,28,"Sheepmeat",1818069
2692,7,"Beef",25193
3162,24,"Veges",31465611
158,9,"Sheepmeat",2471
1491,28,"Sheepmeat",7604
2047,24,"Veges",3116
2425,10,"Sheepmeat",184718
2442,13,"Forestry",10374
2436,28,"Sheepmeat",15925845
305,25,"Veges",51481877
2963,7,"Beef",25193
1859,10,"Sheepmeat",339346
2807,27,"Sheepmeat",17139394
3078,29,"Sheepmeat",18399946
2623,20,"Fruit",68047
2897,21,"Fruit",57632
2334,11,"Forestry",1653
1435,3,"Beef",11309713
2063,10,"Sheepmeat",5243
1640,29,"Sheepmeat",1839231
2872,13,"Forestry",60195
2133,28,"Sheepmeat",2429655
2500,21,"Fruit",203202
1259,2,"Beef",357262
1817,28,"Sheepmeat",701776
1930,27,"Sheepmeat",269591
2984,24,"Veges",159978
3095,19,"Fruit",7416086
571,16,"Forestry",30257
1757,10,"Sheepmeat",24766
2375,16,"Forestry",11179159
1653,16,"Forestry",31500
1896,20,"Fruit",2162
2150,29,"Sheepmeat",4901672
3041,27,"Sheepmeat",32623663
1424,8,"Sheepmeat",14106
12,16,"Forestry",1407389
1282,8,"Sheepmeat",12035
3029,10,"Sheepmeat",24784517
1221,3,"Beef",8866
795,4,"Beef",20851
2339,9,"Sheepmeat",2519534
982,8,"Sheepmeat",83520
1827,16,"Forestry",102293
2164,10,"Sheepmeat",11219
1536,10,"Sheepmeat",32522
2084,29,"Sheepmeat",334512
2033,15,"Forestry",598808
1692,27,"Sheepmeat",2373924
2549,19,"Fruit",1128576
2851,8,"Sheepmeat",27717329
1214,2,"Beef",2333027
283,4,"Beef",3834
576,20,"Fruit",12334
111,10,"Sheepmeat",6456
1796,10,"Sheepmeat",53970
2588,26,"Veges",4987858
1272,3,"Beef",1669
1427,3,"Beef",19415
1776,20,"Fruit",4917
2789,2,"Beef",2238373
2950,4,"Beef",1170
1192,24,"Veges",98367
1302,29,"Sheepmeat",88623
2202,2,"Beef",25064
914,22,"Fruit",57296
2110,8,"Sheepmeat",2525978
3085,2,"Beef",1018858
1141,8,"Sheepmeat",214425
1437,2,"Beef",5015658
2339,2,"Beef",793740
3012,15,"Forestry",12095529
2767,26,"Veges",1574146
1895,29,"Sheepmeat",535052
2938,8,"Sheepmeat",1404599
906,1,"Dairy",103406
1177,15,"Forestry",8837
2931,8,"Sheepmeat",11926227
2801,14,"Forestry",164711
1076,29,"Sheepmeat",23872
1893,4,"Beef",1683273
1000,24,"Veges",6455240
2840,23,"Veges",26257752
1643,8,"Sheepmeat",115578
2380,2,"Beef",62592
870,19,"Fruit",1838150
2957,10,"Sheepmeat",5762879
298,28,"Sheepmeat",157833
462,29,"Sheepmeat",3834
2565,17,"Fruit",1268
2187,15,"Forestry",558516
1465,25,"Veges",245531
2160,8,"Sheepmeat",1248518
1556,2,"Beef",2136149
2774,10,"Sheepmeat",86784361
1018,3,"Beef",4805
2994,12,"Forestry",3285119
2778,5,"Beef",275924
1673,8,"Sheepmeat",5419
2872,4,"Beef",129843253
3074,28,"Sheepmeat",6580194
2586,21,"Fruit",229926
2140,9,"Sheepmeat",460747
2833,4,"Beef",37804089
2161,4,"Beef",1013
1503,29,"Sheepmeat",495019
2826,24,"Veges",30789921
1150,28,"Sheepmeat",939100
1041,24,"Veges",7863287
3024,19,"Fruit",1775911
3078,15,"Forestry",2955
2868,16,"Forestry",20427485
694,28,"Sheepmeat",4491
1389,4,"Beef",18514
2833,26,"Veges",12983174
3062,15,"Forestry",2387194
3142,7,"Beef",25193
1162,29,"Sheepmeat",21039
2227,28,"Sheepmeat",315500
785,3,"Beef",16519
2396,13,"Forestry",5975
789,3,"Beef",25131
883,29,"Sheepmeat",205666
1031,17,"Fruit",1894378
2838,18,"Fruit",701154
727,16,"Forestry",17633
1511,10,"Sheepmeat",1505290
1877,23,"Veges",1179032
643,13,"Forestry",5372
2111,10,"Sheepmeat",2026666
3065,16,"Forestry",96836558
1088,17,"Fruit",34501
2825,23,"Veges",25508352
1678,14,"Forestry",13597
77,18,"Fruit",95602
1204,2,"Beef",2062213
2762,2,"Beef",10688341
1971,27,"Sheepmeat",1061207
1757,12,"Forestry",27403
802,9,"Sheepmeat",27191
135,20,"Fruit",13618
2985,4,"Beef",110782
2802,3,"Beef",5764479
2230,27,"Sheepmeat",144130
1249,12,"Forestry",396190
1287,15,"Forestry",31911
1715,23,"Veges",996974
2974,4,"Beef",6019286
1177,16,"Forestry",124984
1808,26,"Veges",434354
579,20,"Fruit",13366
2223,23,"Veges",6295645
2765,16,"Forestry",71413318
903,28,"Sheepmeat",61335
2897,1,"Dairy",294373
2839,26,"Veges",13005315
2980,27,"Sheepmeat",4239893
1207,29,"Sheepmeat",21827412
600,15,"Forestry",5880
2763,4,"Beef",29722348
1327,8,"Sheepmeat",75117
2093,14,"Forestry",1578
1174,10,"Sheepmeat",37528
991,25,"Veges",6455240
1995,28,"Sheepmeat",2589764
3110,15,"Forestry",5263494
768,8,"Sheepmeat",68024
86,27,"Sheepmeat",191842
2623,26,"Veges",1267
1443,12,"Forestry",271377
2834,23,"Veges",26202404
1305,29,"Sheepmeat",817215
2931,25,"Veges",6083886
1040,18,"Fruit",474171
2512,10,"Sheepmeat",1257
2000,10,"Sheepmeat",1776236
2077,27,"Sheepmeat",10120830
1047,24,"Veges",821058
1111,11,"Forestry",28007
911,29,"Sheepmeat",48043
2986,27,"Sheepmeat",401969
2377,29,"Sheepmeat",5692324
524,4,"Beef",18219
3025,18,"Fruit",806709
935,4,"Beef",61058
2005,15,"Forestry",1638
1674,28,"Sheepmeat",34041
2236,2,"Beef",2176
831,10,"Sheepmeat",24602463
1438,28,"Sheepmeat",12479008
1501,3,"Beef",73099
1072,24,"Veges",351307
577,19,"Fruit",2609248
1093,3,"Beef",9947
1473,2,"Beef",101396
1390,24,"Veges",183607
2331,23,"Veges",36898
1943,23,"Veges",36898
2823,6,"Beef",8405
1225,9,"Sheepmeat",971695
3024,23,"Veges",26257752
763,10,"Sheepmeat",4228
2829,27,"Sheepmeat",31460536
1035,10,"Sheepmeat",918486
1143,4,"Beef",1200699
2818,4,"Beef",20802328
2260,8,"Sheepmeat",12480
3054,19,"Fruit",38591
2830,7,"Beef",25193
910,2,"Beef",4794
2992,12,"Forestry",3285119
3045,25,"Veges",11027250
2725,26,"Veges",126658
1460,8,"Sheepmeat",863195
1021,4,"Beef",829235
1962,27,"Sheepmeat",240400
2939,25,"Veges",5920901
2606,17,"Fruit",806709
1468,8,"Sheepmeat",910996
2360,16,"Forestry",34767
1220,27,"Sheepmeat",1096
1211,27,"Sheepmeat",19087
2014,27,"Sheepmeat",5881
2218,9,"Sheepmeat",21153
520,1,"Dairy",6462576
693,10,"Sheepmeat",1445
1081,10,"Sheepmeat",1765
1534,11,"Forestry",107798
3157,27,"Sheepmeat",10682253
2124,10,"Sheepmeat",2084503
1211,22,"Fruit",6178
924,18,"Fruit",324763
3029,9,"Sheepmeat",24784517
1234,10,"Sheepmeat",522213
81,10,"Sheepmeat",21175
2995,12,"Forestry",3285119
3024,12,"Forestry",3177321
3062,6,"Beef",275924
2358,17,"Fruit",96430
1343,26,"Veges",13579597
2275,17,"Fruit",14260205
2776,14,"Forestry",46495
2341,10,"Sheepmeat",1171164
1249,28,"Sheepmeat",2446100
2945,12,"Forestry",1629364
534,1,"Dairy",9549088
3074,1,"Dairy",6318043
2429,2,"Beef",1626
1219,10,"Sheepmeat",1441392
2724,3,"Beef",6035423
104,10,"Sheepmeat",25724
1346,2,"Beef",1184
1349,2,"Beef",1507
3097,8,"Sheepmeat",25982073
1493,29,"Sheepmeat",824831
873,25,"Veges",893503
1556,16,"Forestry",44916354
3056,17,"Fruit",16757
1237,11,"Forestry",68272
2755,6,"Beef",178929
2816,25,"Veges",22216090
1039,23,"Veges",851172
619,16,"Forestry",171823062
2934,10,"Sheepmeat",147946
682,29,"Sheepmeat",2632
2921,7,"Beef",25193
955,9,"Sheepmeat",18686
1312,8,"Sheepmeat",46314
1313,26,"Veges",717411
2569,14,"Forestry",5074
1571,8,"Sheepmeat",154977
3107,14,"Forestry",122659
2871,7,"Beef",836800
1059,9,"Sheepmeat",31002
2577,4,"Beef",164871
3043,17,"Fruit",2387564
1473,16,"Forestry",2038272
2623,24,"Veges",3063
1951,13,"Forestry",7139
1095,29,"Sheepmeat",823249
3093,19,"Fruit",1101678
89,12,"Forestry",107798
1235,2,"Beef",35698
2148,13,"Forestry",2194
2814,15,"Forestry",5263494
2400,9,"Sheepmeat",1860895
3128,23,"Veges",26202404
1040,20,"Fruit",60259
832,23,"Veges",1274524
995,19,"Fruit",299547
3040,8,"Sheepmeat",27335949
1072,23,"Veges",363418
1998,2,"Beef",1101112
1289,27,"Sheepmeat",16630
2778,14,"Forestry",26871
2945,27,"Sheepmeat",12561460
1581,22,"Fruit",50124
2838,11,"Forestry",3175122
2880,23,"Veges",26077044
2822,16,"Forestry",90099177
1945,23,"Veges",4330214
25,2,"Beef",206395
2176,26,"Veges",148456
2801,1,"Dairy",294373
769,14,"Forestry",248343
1800,14,"Forestry",10033
1525,26,"Veges",2670390
3151,20,"Fruit",74047
519,4,"Beef",142336
1552,6,"Beef",8405
3072,9,"Sheepmeat",1233534
964,29,"Sheepmeat",52833
2108,28,"Sheepmeat",3269788
1048,19,"Fruit",1128576
2150,3,"Beef",278958
1391,27,"Sheepmeat",413309
1955,29,"Sheepmeat",4448270
1044,11,"Forestry",429231
2437,18,"Fruit",16757
1360,8,"Sheepmeat",4731
497,4,"Beef",142336
1846,2,"Beef",7530
3002,12,"Forestry",1952848
3157,15,"Forestry",3165324
2810,3,"Beef",5929514
1711,16,"Forestry",742726
2784,28,"Sheepmeat",3465253
1387,3,"Beef",10969
2943,2,"Beef",4917611
1626,4,"Beef",94363
2021,24,"Veges",136630
2923,3,"Beef",5843952
299,18,"Fruit",17270271
399,26,"Veges",16249987
802,4,"Beef",106532
1766,13,"Forestry",2540
574,22,"Fruit",457499
1137,15,"Forestry",4800
3167,17,"Fruit",3850252
1081,4,"Beef",6047
3153,22,"Fruit",113814
2949,25,"Veges",3441003
1550,20,"Fruit",121881
1825,29,"Sheepmeat",3139216
3006,17,"Fruit",32652307
1165,3,"Beef",69843
2469,8,"Sheepmeat",1843
1122,3,"Beef",186385
2939,1,"Dairy",294373
1095,3,"Beef",219583
2812,9,"Sheepmeat",13344451
967,20,"Fruit",21246
3038,28,"Sheepmeat",34247507
2861,14,"Forestry",3958
2015,8,"Sheepmeat",1568264
2759,7,"Beef",537577
1100,27,"Sheepmeat",83212
892,23,"Veges",924305
2812,3,"Beef",6148622
1489,2,"Beef",17948
3039,17,"Fruit",8230978
1647,21,"Fruit",75711
1531,27,"Sheepmeat",38765
1059,8,"Sheepmeat",33362
2757,5,"Beef",178929
1937,9,"Sheepmeat",1279
611,12,"Forestry",4683
1809,25,"Veges",3209874
922,10,"Sheepmeat",45595
2797,1,"Dairy",294373
2804,6,"Beef",8405
2039,12,"Forestry",90820
581,18,"Fruit",95602
311,1,"Dairy",9843461
2783,12,"Forestry",235512
1292,11,"Forestry",70697
632,16,"Forestry",2108
608,4,"Beef",23620
2282,14,"Forestry",10648
3101,26,"Veges",571405
1254,15,"Forestry",10697
2386,29,"Sheepmeat",3695589
3162,26,"Veges",13005315
2232,28,"Sheepmeat",17216
2830,18,"Fruit",559234
853,2,"Beef",27781
2906,16,"Forestry",3309260
1288,3,"Beef",55105
2080,10,"Sheepmeat",3208977
1,11,"Forestry",107798
1566,4,"Beef",6328
2126,15,"Forestry",25070
3047,8,"Sheepmeat",15231379
2014,9,"Sheepmeat",4228
2884,8,"Sheepmeat",20065685
2825,19,"Fruit",1230588
1134,9,"Sheepmeat",306037
1550,22,"Fruit",59116
1660,8,"Sheepmeat",129402
922,21,"Fruit",423154
2429,27,"Sheepmeat",1626
1551,8,"Sheepmeat",124550
2538,13,"Forestry",39441
3052,5,"Beef",8405
1467,9,"Sheepmeat",7519
2419,8,"Sheepmeat",165678
2722,11,"Forestry",3361866
985,1,"Dairy",1254
132,19,"Fruit",231939
2144,8,"Sheepmeat",393855
724,16,"Forestry",12624
1250,13,"Forestry",221649
1510,19,"Fruit",9284824
1364,3,"Beef",32188
1173,9,"Sheepmeat",1817683
2306,29,"Sheepmeat",1319
1142,3,"Beef",4379
944,24,"Veges",4772707
816,2,"Beef",3286
75,27,"Sheepmeat",15059
2817,1,"Dairy",294373
3103,22,"Fruit",277942
3150,21,"Fruit",175973
2777,4,"Beef",131204334
5,5,"Beef",4688
953,14,"Forestry",7986
1335,8,"Sheepmeat",27509
1953,10,"Sheepmeat",6101121
1998,16,"Forestry",2211567
2562,19,"Fruit",2089
1141,15,"Forestry",3722
1418,27,"Sheepmeat",4879
1418,2,"Beef",4879
2805,14,"Forestry",170205
1908,10,"Sheepmeat",231481
2895,27,"Sheepmeat",20240833
77,12,"Forestry",107798
3024,11,"Forestry",3177321
3013,20,"Fruit",5493443
2888,26,"Veges",12705536
2749,15,"Forestry",54695
2997,25,"Veges",55365316
1501,8,"Sheepmeat",318920
3155,10,"Sheepmeat",24596384
2941,15,"Forestry",3327733
2929,7,"Beef",25193
1435,22,"Fruit",232602
1337,15,"Forestry",201767
3001,6,"Beef",8405
3062,24,"Veges",28564797
2153,16,"Forestry",1743461
3017,16,"Forestry",3159
1981,3,"Beef",404028
1952,11,"Forestry",2447842
2838,21,"Fruit",175973
597,2,"Beef",3501
1233,4,"Beef",1686103
1934,28,"Sheepmeat",31441
2119,27,"Sheepmeat",6749950
594,27,"Sheepmeat",3596
2767,11,"Forestry",7096
3050,12,"Forestry",2578862
832,24,"Veges",699186
3070,7,"Beef",537577
935,22,"Fruit",4085180
1093,2,"Beef",9947
2276,19,"Fruit",6616469
2210,10,"Sheepmeat",489349
3003,12,"Forestry",804345
2360,9,"Sheepmeat",847234
294,8,"Sheepmeat",18498
2816,4,"Beef",20526356
2312,18,"Fruit",159280
2290,10,"Sheepmeat",6872
2526,3,"Beef",2227045
2440,23,"Veges",418962
3168,24,"Veges",2470194
2913,14,"Forestry",171536
1929,29,"Sheepmeat",63696
2870,21,"Fruit",496426
3054,1,"Dairy",294373
2521,27,"Sheepmeat",2110442
2762,26,"Veges",5972096
970,18,"Fruit",178411
2936,28,"Sheepmeat",1867806
3150,28,"Sheepmeat",33188198
1300,29,"Sheepmeat",2331476
2768,21,"Fruit",169826
3001,27,"Sheepmeat",36333051
2245,10,"Sheepmeat",6647723
3112,27,"Sheepmeat",19689619
2880,21,"Fruit",139364
1329,29,"Sheepmeat",2378
1511,7,"Beef",64943
1108,9,"Sheepmeat",407359
2488,3,"Beef",1193
2891,21,"Fruit",135768
2307,2,"Beef",2176
1332,12,"Forestry",2103
2268,4,"Beef",6560
3116,5,"Beef",178929
1909,28,"Sheepmeat",10184833
2550,15,"Forestry",3157342
2826,5,"Beef",8405
921,25,"Veges",29138563
1952,2,"Beef",3352124
1282,29,"Sheepmeat",46629
1847,29,"Sheepmeat",276275
1316,11,"Forestry",38572
1045,26,"Veges",140036
557,22,"Fruit",5551
2935,28,"Sheepmeat",211668
2795,7,"Beef",25193
2889,11,"Forestry",2943512
1286,15,"Forestry",679057
2220,12,"Forestry",2497
1224,28,"Sheepmeat",88010
31,9,"Sheepmeat",4594
2394,11,"Forestry",40721
1801,8,"Sheepmeat",42173
1107,14,"Forestry",1938
1514,3,"Beef",338939
972,27,"Sheepmeat",548319
763,28,"Sheepmeat",5881
1960,29,"Sheepmeat",1120
3151,10,"Sheepmeat",23394258
1824,11,"Forestry",206942
1534,10,"Sheepmeat",797771
1048,2,"Beef",793740
3158,28,"Sheepmeat",34313257
519,10,"Sheepmeat",83302
819,19,"Fruit",294268
1430,27,"Sheepmeat",1938
2580,2,"Beef",46584
2659,7,"Beef",25193
579,19,"Fruit",227645
2921,1,"Dairy",294373
3166,8,"Sheepmeat",5926837
1182,15,"Forestry",200478
1050,24,"Veges",817942
1005,10,"Sheepmeat",1041
1063,25,"Veges",3116
1578,2,"Beef",12703940
2790,13,"Forestry",64699
2586,28,"Sheepmeat",35854901
997,16,"Forestry",25751927
2832,6,"Beef",8405
1014,28,"Sheepmeat",2479716
1741,3,"Beef",20244
578,17,"Fruit",103601
2649,10,"Sheepmeat",25696128
2331,28,"Sheepmeat",2176
2189,10,"Sheepmeat",150714
2937,19,"Fruit",38591
1535,10,"Sheepmeat",51363
1834,13,"Forestry",4119
1017,10,"Sheepmeat",1344039
2286,12,"Forestry",240110
1838,27,"Sheepmeat",64694
2150,12,"Forestry",276466
1437,15,"Forestry",1138276
1908,15,"Forestry",143639
976,29,"Sheepmeat",3451
1119,9,"Sheepmeat",252117
1217,10,"Sheepmeat",2435234
3099,18,"Fruit",1395396
3093,29,"Sheepmeat",365089156
1158,9,"Sheepmeat",270962
2839,16,"Forestry",96844843
2273,21,"Fruit",78136
2357,4,"Beef",13289
1748,20,"Fruit",13965
178,24,"Veges",8417635
1090,27,"Sheepmeat",91129
926,12,"Forestry",12610
1888,14,"Forestry",242581
1339,11,"Forestry",36240
1483,21,"Fruit",221548
2952,16,"Forestry",371544
2092,25,"Veges",330645
2825,16,"Forestry",90203395
3110,14,"Forestry",197471
2816,11,"Forestry",2578862
1796,27,"Sheepmeat",75072
3108,11,"Forestry",1477625
2754,27,"Sheepmeat",9759425
2814,19,"Fruit",38591
1470,24,"Veges",262180
2377,4,"Beef",717521
2780,29,"Sheepmeat",367007366
1223,15,"Forestry",392278
2834,2,"Beef",12266208
3127,29,"Sheepmeat",104708347
2226,9,"Sheepmeat",34737
3123,4,"Beef",34642066
936,25,"Veges",35668
1856,23,"Veges",1179032
3009,1,"Dairy",212224
1514,20,"Fruit",12334
1851,2,"Beef",355147
2404,9,"Sheepmeat",400528
1502,8,"Sheepmeat",833412
271,16,"Forestry",3159
2029,2,"Beef",1008
991,2,"Beef",1059976
2297,16,"Forestry",60302033
2888,4,"Beef",25966123
2891,28,"Sheepmeat",24092547
2519,28,"Sheepmeat",4491
1741,16,"Forestry",60011
2966,5,"Beef",8405
105,3,"Beef",25131
2972,10,"Sheepmeat",3645009
2984,13,"Forestry",18342
3136,27,"Sheepmeat",34512473
911,25,"Veges",17836
2756,24,"Veges",148127
3132,7,"Beef",25193
3124,24,"Veges",26206822
123,2,"Beef",25131
3115,9,"Sheepmeat",4507056
2833,27,"Sheepmeat",33929708
3123,9,"Sheepmeat",24209663
2578,13,"Forestry",3313
1009,8,"Sheepmeat",405909
194,4,"Beef",22175
3031,2,"Beef",12545667
789,28,"Sheepmeat",36868
2806,7,"Beef",25193
992,15,"Forestry",6827
2240,10,"Sheepmeat",1167255
2830,2,"Beef",11457428
3050,2,"Beef",6431736
66,10,"Sheepmeat",14640242
1706,8,"Sheepmeat",1052060
2857,10,"Sheepmeat",65115
835,28,"Sheepmeat",6162
2870,26,"Veges",3380486
3,16,"Forestry",5523831
2017,12,"Forestry",293957
2921,27,"Sheepmeat",16001133
2148,27,"Sheepmeat",961157
1290,22,"Fruit",6477
1545,24,"Veges",468370
954,12,"Forestry",111940
1246,26,"Veges",288020
2512,9,"Sheepmeat",1257
3093,10,"Sheepmeat",86350334
1432,23,"Veges",183793
2226,27,"Sheepmeat",49362
2800,22,"Fruit",1080
1553,29,"Sheepmeat",109588637
378,19,"Fruit",2003556
841,26,"Veges",2474736
2240,14,"Forestry",45186
1135,4,"Beef",5761808
956,26,"Veges",172102
2581,3,"Beef",18391
1665,11,"Forestry",4243
2106,11,"Forestry",16889
2927,10,"Sheepmeat",161020
1698,11,"Forestry",22082
2801,24,"Veges",6083886
2867,15,"Forestry",2370322
2593,6,"Beef",8405
1950,15,"Forestry",1211555
1076,10,"Sheepmeat",2670
598,10,"Sheepmeat",7823
992,28,"Sheepmeat",1535791
1182,16,"Forestry",2854531
1535,3,"Beef",31730
881,14,"Forestry",282260
3164,13,"Forestry",26871
3094,11,"Forestry",208397
1313,14,"Forestry",4893
3131,16,"Forestry",96836558
939,10,"Sheepmeat",6511
3163,4,"Beef",1041828
1232,2,"Beef",225463
3034,16,"Forestry",171522588
3068,10,"Sheepmeat",23702020
2953,2,"Beef",537350
2341,13,"Forestry",22903
3022,26,"Veges",13005315
601,27,"Sheepmeat",7599
2922,29,"Sheepmeat",48506554
59,29,"Sheepmeat",10301
1288,29,"Sheepmeat",676965
3029,13,"Forestry",242970
1553,4,"Beef",40691844
186,27,"Sheepmeat",3923
3069,29,"Sheepmeat",101862590
2107,9,"Sheepmeat",2347291
1778,27,"Sheepmeat",166104
1637,28,"Sheepmeat",267877
1218,3,"Beef",170766
2830,20,"Fruit",69702
1048,13,"Forestry",54084
1390,5,"Beef",8405
2120,12,"Forestry",1713
1431,17,"Fruit",5065672
2847,29,"Sheepmeat",183968
2937,9,"Sheepmeat",10822847
2971,3,"Beef",2217010
1780,4,"Beef",16060
824,11,"Forestry",21429
524,10,"Sheepmeat",7823
1073,16,"Forestry",29748
2783,29,"Sheepmeat",10403566
2212,2,"Beef",124767
1830,16,"Forestry",1720994
2192,27,"Sheepmeat",9261149
2503,7,"Beef",25193
2745,4,"Beef",46157
1994,4,"Beef",1903676
1082,8,"Sheepmeat",206929
52,12,"Forestry",127068
2371,11,"Forestry",396190
1335,10,"Sheepmeat",25563
742,4,"Beef",1601
2248,4,"Beef",10070564
2119,29,"Sheepmeat",20292924
1438,9,"Sheepmeat",8949605
2761,7,"Beef",537577
1823,11,"Forestry",70697
1897,29,"Sheepmeat",30746110
2748,2,"Beef",1797639
2939,6,"Beef",8405
2161,8,"Sheepmeat",4273
2111,2,"Beef",591180
2425,6,"Beef",2952
1045,2,"Beef",75080
3050,22,"Fruit",9714
935,9,"Sheepmeat",13342
2863,10,"Sheepmeat",24484883
2761,14,"Forestry",5317
2092,3,"Beef",103665
2692,21,"Fruit",203202
2786,8,"Sheepmeat",2774791
778,28,"Sheepmeat",157833
1424,29,"Sheepmeat",82092
2034,13,"Forestry",11821
2904,26,"Veges",2512069
832,21,"Fruit",247431
985,3,"Beef",76392
3080,15,"Forestry",35904
71,25,"Veges",2862801
2898,24,"Veges",23460409
1381,2,"Beef",6585
3125,3,"Beef",43298729
2888,29,"Sheepmeat",74833928
1895,20,"Fruit",2162
1011,16,"Forestry",22374
2147,3,"Beef",3630
2950,16,"Forestry",313633
2350,28,"Sheepmeat",119361
1225,12,"Forestry",278515
1058,29,"Sheepmeat",10381301
2000,15,"Forestry",1215233
2774,8,"Sheepmeat",513921
2559,16,"Forestry",415273
1814,12,"Forestry",58305
3153,26,"Veges",1631023
574,19,"Fruit",15544040
896,20,"Fruit",137548
1058,20,"Fruit",45994
2869,16,"Forestry",20425467
2883,29,"Sheepmeat",4592204
2863,23,"Veges",26202404
2134,27,"Sheepmeat",511469
1788,14,"Forestry",6893
1421,8,"Sheepmeat",54885
2672,17,"Fruit",17270271
2802,10,"Sheepmeat",11168495
1491,29,"Sheepmeat",27430
1089,10,"Sheepmeat",90749
1900,15,"Forestry",365047
1216,10,"Sheepmeat",23778
1364,10,"Sheepmeat",505309
2797,10,"Sheepmeat",8981925
1411,19,"Fruit",1283875
2162,28,"Sheepmeat",135342
1432,24,"Veges",177668
1462,3,"Beef",12756
291,10,"Sheepmeat",16251
2937,11,"Forestry",1917858
2859,27,"Sheepmeat",295145
2908,19,"Fruit",38591
2947,16,"Forestry",1992980
390,18,"Fruit",103601
2800,25,"Veges",6083886
3094,3,"Beef",42761290
1376,29,"Sheepmeat",5402510
1658,12,"Forestry",1200
3159,13,"Forestry",17281
311,27,"Sheepmeat",1118445
1110,9,"Sheepmeat",1031410
1954,8,"Sheepmeat",1491526
1121,8,"Sheepmeat",271309
2813,1,"Dairy",294373
1521,22,"Fruit",19153
3103,24,"Veges",15447302
1510,7,"Beef",64943
1545,28,"Sheepmeat",144474
3058,13,"Forestry",64699
2580,9,"Sheepmeat",34135
1445,10,"Sheepmeat",45034
3144,21,"Fruit",203202
317,8,"Sheepmeat",9939
1521,9,"Sheepmeat",2435234
1625,15,"Forestry",17011
1950,13,"Forestry",50533
1346,10,"Sheepmeat",2194
2756,15,"Forestry",239802
1890,8,"Sheepmeat",2204161
1009,10,"Sheepmeat",377195
3007,4,"Beef",12412
1830,10,"Sheepmeat",3879
2033,1,"Dairy",845322
1254,12,"Forestry",5305
497,9,"Sheepmeat",83302
2521,11,"Forestry",2584
1158,13,"Forestry",3815
2557,13,"Forestry",5372
1245,8,"Sheepmeat",8186603
2874,25,"Veges",30277074
1872,26,"Veges",622549
2726,2,"Beef",148277
2769,28,"Sheepmeat",36321774
3114,9,"Sheepmeat",4005868
2146,29,"Sheepmeat",124183
1273,4,"Beef",57426
1130,13,"Forestry",2004
1447,27,"Sheepmeat",47921
2511,28,"Sheepmeat",8300
1522,9,"Sheepmeat",1500958
2073,6,"Beef",2952
65,17,"Fruit",162300
2569,4,"Beef",1741752
759,9,"Sheepmeat",4543
3030,6,"Beef",8405
1699,10,"Sheepmeat",1361219
1545,10,"Sheepmeat",102193
3066,24,"Veges",31412107
2810,22,"Fruit",1080
1380,9,"Sheepmeat",657200
2427,25,"Veges",1253157
3008,24,"Veges",8176020
2191,13,"Forestry",9435
1261,4,"Beef",55586
1259,26,"Veges",65726
2965,11,"Forestry",879090
1950,28,"Sheepmeat",2334076
538,15,"Forestry",1583
890,10,"Sheepmeat",8608
2331,29,"Sheepmeat",9778
1173,11,"Forestry",14344
2752,8,"Sheepmeat",5406622
1543,3,"Beef",289128
1826,15,"Forestry",328464
2224,23,"Veges",6295645
1041,11,"Forestry",438021
2499,4,"Beef",39270225
2811,8,"Sheepmeat",13546791
1813,29,"Sheepmeat",577878
1955,10,"Sheepmeat",1065792
2936,13,"Forestry",22903
2274,29,"Sheepmeat",2235689
1899,2,"Beef",18118
2940,19,"Fruit",38591
235,26,"Veges",13579597
1465,10,"Sheepmeat",51601
931,24,"Veges",708859
2112,4,"Beef",1798283
945,19,"Fruit",4712960
2709,11,"Forestry",2199
987,2,"Beef",1100813
2881,22,"Fruit",35012
2895,21,"Fruit",57632
2753,7,"Beef",537577
1301,29,"Sheepmeat",469419
2717,2,"Beef",2697
945,27,"Sheepmeat",16590
623,16,"Forestry",171823062
2787,27,"Sheepmeat",4046434
610,4,"Beef",51923
2011,2,"Beef",131001
2941,29,"Sheepmeat",39963597
3011,8,"Sheepmeat",35740944
2872,2,"Beef",42314545
2778,4,"Beef",131163466
3033,25,"Veges",31429943
1985,29,"Sheepmeat",5715264
1281,8,"Sheepmeat",302434
916,4,"Beef",47559
1665,2,"Beef",117048
1629,16,"Forestry",1772408
3154,8,"Sheepmeat",15293627
2828,19,"Fruit",1232128
3001,18,"Fruit",30776790
3025,26,"Veges",13005315
2513,4,"Beef",5241
1549,16,"Forestry",60302033
2273,25,"Veges",7280775
1106,4,"Beef",161401
1977,11,"Forestry",41983
2392,3,"Beef",3547334
1964,27,"Sheepmeat",511571
1952,8,"Sheepmeat",7022231
1017,16,"Forestry",916568
968,21,"Fruit",42481
3138,6,"Beef",8405
1955,28,"Sheepmeat",1482521
1005,20,"Fruit",11924
1871,11,"Forestry",12101
1584,27,"Sheepmeat",35854901
1795,9,"Sheepmeat",98011
1118,12,"Forestry",65138
2181,4,"Beef",2802
2868,21,"Fruit",1168484
1867,29,"Sheepmeat",11344455
842,8,"Sheepmeat",237184
831,19,"Fruit",3931599
2095,29,"Sheepmeat",1198344
993,15,"Forestry",6827
1825,10,"Sheepmeat",750965
1204,23,"Veges",1435459
2271,16,"Forestry",19818626
1745,29,"Sheepmeat",211683
2020,16,"Forestry",15123
2198,29,"Sheepmeat",648326
1333,8,"Sheepmeat",12028
2262,28,"Sheepmeat",1250
1953,21,"Fruit",4323
3062,12,"Forestry",1148503
1999,9,"Sheepmeat",1845828
581,19,"Fruit",210068
1875,29,"Sheepmeat",1968391
1762,10,"Sheepmeat",365994
2050,8,"Sheepmeat",1809
1856,29,"Sheepmeat",1719922
2193,10,"Sheepmeat",4228
1374,27,"Sheepmeat",736272
2834,29,"Sheepmeat",102898191
2129,10,"Sheepmeat",172825
2938,10,"Sheepmeat",1303325
2815,8,"Sheepmeat",15436981
331,19,"Fruit",38023047
1397,14,"Forestry",22903
1842,12,"Forestry",22537
1114,28,"Sheepmeat",3450121
2935,15,"Forestry",35134
1520,3,"Beef",10568
999,12,"Forestry",2584
2035,27,"Sheepmeat",14408549
1032,27,"Sheepmeat",21080
1364,15,"Forestry",48105
2930,18,"Fruit",16757
1213,24,"Veges",5464025
1589,6,"Beef",8405
643,2,"Beef",338939
2759,6,"Beef",178929
2830,23,"Veges",26202404
1134,10,"Sheepmeat",306037
1088,18,"Fruit",34501
1899,29,"Sheepmeat",315495
2289,4,"Beef",5362
1288,16,"Forestry",48597
1100,8,"Sheepmeat",63408
2037,15,"Forestry",7456
2863,3,"Beef",12381797
2294,16,"Forestry",60302033
2725,27,"Sheepmeat",19606503
2556,22,"Fruit",5551
2866,16,"Forestry",34358110
2838,28,"Sheepmeat",34433976
2039,2,"Beef",4318209
1398,4,"Beef",404838
1011,22,"Fruit",114865
1249,27,"Sheepmeat",2446100
999,10,"Sheepmeat",1509518
1888,9,"Sheepmeat",6724507
1262,3,"Beef",286118
962,2,"Beef",153874
2942,2,"Beef",5105005
2829,17,"Fruit",559234
2073,9,"Sheepmeat",178008
2866,11,"Forestry",1148503
2828,3,"Beef",10893463
1800,3,"Beef",4762
1338,28,"Sheepmeat",1729115
75,9,"Sheepmeat",10103
950,22,"Fruit",19528
1855,16,"Forestry",95141
2078,27,"Sheepmeat",235725
2377,15,"Forestry",779280
1820,12,"Forestry",240110
2918,8,"Sheepmeat",14423
1518,14,"Forestry",248343
2794,25,"Veges",2838518
2879,6,"Beef",8405
1511,22,"Fruit",282428
2981,12,"Forestry",235512
1422,2,"Beef",21441
714,15,"Forestry",11406
1007,10,"Sheepmeat",1899059
1516,4,"Beef",18044
834,13,"Forestry",4039
2324,8,"Sheepmeat",986337
3056,19,"Fruit",38591
1909,25,"Veges",41390
1431,7,"Beef",179599
2138,9,"Sheepmeat",564497
934,3,"Beef",167729
2618,10,"Sheepmeat",39020
3101,5,"Beef",275924
1896,29,"Sheepmeat",604141
3142,26,"Veges",13005315
2933,28,"Sheepmeat",15290541
2654,20,"Fruit",114997
950,4,"Beef",946662
2751,5,"Beef",178929
1274,26,"Veges",97873
1333,2,"Beef",2522
2512,14,"Forestry",248343
1133,3,"Beef",3425
3067,23,"Veges",26202404
1871,12,"Forestry",12101
1915,14,"Forestry",3622
298,9,"Sheepmeat",106798
1822,4,"Beef",208967
3137,13,"Forestry",242970
2867,8,"Sheepmeat",5926837
1951,9,"Sheepmeat",48226
841,18,"Fruit",2926314
1422,4,"Beef",65959
2963,1,"Dairy",294373
2324,12,"Forestry",196638
2419,4,"Beef",16543
2914,5,"Beef",8405
1815,28,"Sheepmeat",89779
1535,16,"Forestry",13880
3088,12,"Forestry",293957
1421,4,"Beef",41511
1445,29,"Sheepmeat",196465
530,9,"Sheepmeat",800585
1538,3,"Beef",21173
2908,24,"Veges",6083886
3120,12,"Forestry",2408658
2166,11,"Forestry",8003
2555,14,"Forestry",2139
892,29,"Sheepmeat",1345119
795,1,"Dairy",6462576
1825,16,"Forestry",4980548
2150,9,"Sheepmeat",1171164
2282,8,"Sheepmeat",776234
1005,9,"Sheepmeat",1041
769,16,"Forestry",3159
2654,28,"Sheepmeat",35854901
1430,22,"Fruit",48993
1676,12,"Forestry",236479
2316,15,"Forestry",318994
3128,7,"Beef",25193
1667,10,"Sheepmeat",310715
915,24,"Veges",1278297
1432,20,"Fruit",92280
785,28,"Sheepmeat",26260
2833,14,"Forestry",242970
1245,27,"Sheepmeat",10772118
1902,27,"Sheepmeat",10446164
1073,4,"Beef",176478
929,27,"Sheepmeat",1746739
1029,4,"Beef",127200
1446,29,"Sheepmeat",116976
2019,13,"Forestry",18026
734,8,"Sheepmeat",6947
1247,27,"Sheepmeat",85096
1854,10,"Sheepmeat",49238
1563,23,"Veges",4412
2490,4,"Beef",2632
917,3,"Beef",3740636
2649,8,"Sheepmeat",121973
1070,10,"Sheepmeat",1629
2957,6,"Beef",8405
2998,21,"Fruit",107235
1783,24,"Veges",372426
75,20,"Fruit",129575
2419,16,"Forestry",3524071
1123,28,"Sheepmeat",425690
2981,9,"Sheepmeat",3011468
2774,4,"Beef",131105890
2827,8,"Sheepmeat",21283716
2838,24,"Veges",31429943
2243,12,"Forestry",57121
559,13,"Forestry",5372
2555,15,"Forestry",88668
1700,10,"Sheepmeat",1349390
2808,16,"Forestry",64853362
1871,25,"Veges",1751349
2520,29,"Sheepmeat",4381019
956,4,"Beef",222687
1205,8,"Sheepmeat",5638246
1924,11,"Forestry",3193789
312,14,"Forestry",85052
1795,4,"Beef",299197
931,18,"Fruit",1006529
2206,11,"Forestry",418819
1460,11,"Forestry",14346
3024,13,"Forestry",242970
1950,29,"Sheepmeat",7030246
2121,15,"Forestry",1638
2829,24,"Veges",31412107
1697,2,"Beef",757778
1821,29,"Sheepmeat",365065
2949,20,"Fruit",2162
534,15,"Forestry",1583
2231,28,"Sheepmeat",191212
1954,9,"Sheepmeat",1386016
1248,8,"Sheepmeat",616737
1029,1,"Dairy",1254
1489,4,"Beef",53800
3093,2,"Beef",42541299
3129,21,"Fruit",175973
1358,29,"Sheepmeat",228304
1984,28,"Sheepmeat",193222
931,8,"Sheepmeat",214439
1969,15,"Forestry",92632
1964,8,"Sheepmeat",394818
2604,16,"Forestry",60302033
1338,11,"Forestry",270757
2261,2,"Beef",4662
884,4,"Beef",958547
2963,4,"Beef",8839283
1473,8,"Sheepmeat",249102
1275,4,"Beef",645416
1459,3,"Beef",4004
2034,15,"Forestry",366279
2825,5,"Beef",8405
2249,27,"Sheepmeat",184467
1249,20,"Fruit",2162
1302,4,"Beef",1375
1014,29,"Sheepmeat",7484524
976,24,"Veges",8266
1647,2,"Beef",459126
1837,1,"Dairy",294373
976,18,"Fruit",90998
921,18,"Fruit",10428828
2023,10,"Sheepmeat",370287
2145,29,"Sheepmeat",596080
1690,15,"Forestry",273975
2265,22,"Fruit",10617
289,8,"Sheepmeat",20446
1035,24,"Veges",239856
1344,10,"Sheepmeat",626059
739,4,"Beef",6922
2358,29,"Sheepmeat",7766
1534,17,"Fruit",95602
3112,29,"Sheepmeat",59933010
3131,12,"Forestry",3175122
1460,22,"Fruit",18922
1995,10,"Sheepmeat",1860895
65,29,"Sheepmeat",60953376
951,2,"Beef",44584
1082,29,"Sheepmeat",802900
1392,29,"Sheepmeat",2279739
1175,29,"Sheepmeat",2213766
3056,24,"Veges",3441003
3105,6,"Beef",135931
1113,17,"Fruit",470137
2154,3,"Beef",663689
917,19,"Fruit",28642590
964,3,"Beef",16970
1109,2,"Beef",175058
1001,9,"Sheepmeat",283369
1807,4,"Beef",1767
2503,29,"Sheepmeat",108967338
1946,28,"Sheepmeat",234202
2342,14,"Forestry",24808
135,22,"Fruit",6805
3058,8,"Sheepmeat",4567253
1827,10,"Sheepmeat",132208
1851,4,"Beef",1118385
2727,3,"Beef",473645
995,29,"Sheepmeat",4262988
1806,29,"Sheepmeat",1054611
3013,24,"Veges",5533929
789,16,"Forestry",1032
2139,16,"Forestry",23131
2349,4,"Beef",142336
600,10,"Sheepmeat",83302
2111,28,"Sheepmeat",2822637
578,2,"Beef",340426
291,28,"Sheepmeat",23910
1768,27,"Sheepmeat",378665
1106,27,"Sheepmeat",93016
1544,10,"Sheepmeat",1368101
1291,9,"Sheepmeat",361515
761,2,"Beef",1279
1470,2,"Beef",50979
1039,26,"Veges",338556
2802,28,"Sheepmeat",15670021
854,16,"Forestry",3993
3067,9,"Sheepmeat",24231095
594,3,"Beef",3596
755,28,"Sheepmeat",7599
2337,12,"Forestry",1653
3162,6,"Beef",8405
1092,9,"Sheepmeat",62331
1522,16,"Forestry",177324
3108,29,"Sheepmeat",18267535
1297,11,"Forestry",7140
298,27,"Sheepmeat",157833
2785,12,"Forestry",235512
2329,27,"Sheepmeat",35559
1977,14,"Forestry",3919
1572,29,"Sheepmeat",109605109
71,5,"Beef",23083
842,4,"Beef",40868
3063,15,"Forestry",2387194
2946,11,"Forestry",65481
597,9,"Sheepmeat",7823
2150,4,"Beef",849802
2187,16,"Forestry",7955539
1088,29,"Sheepmeat",173101
2734,15,"Forestry",17286
2014,29,"Sheepmeat",21620
2043,27,"Sheepmeat",11861
1631,9,"Sheepmeat",337632
1864,8,"Sheepmeat",742625
2188,3,"Beef",49830
3155,12,"Forestry",2572114
1512,15,"Forestry",28919
1010,2,"Beef",34096
2073,22,"Fruit",31514
1636,11,"Forestry",11963
766,27,"Sheepmeat",8043
2790,25,"Veges",366120
77,13,"Forestry",5372
585,16,"Forestry",7800
277,19,"Fruit",2003556
1293,9,"Sheepmeat",99113
2890,19,"Fruit",1199955
2376,10,"Sheepmeat",1462792
2215,15,"Forestry",468028
3143,6,"Beef",8405
2550,14,"Forestry",133096
2084,8,"Sheepmeat",86335
1011,3,"Beef",76392
2187,4,"Beef",845533
3070,4,"Beef",12411190
3165,28,"Sheepmeat",121276216
3132,22,"Fruit",43319
3103,12,"Forestry",702872
1510,24,"Veges",6455240
1947,15,"Forestry",82099
2225,9,"Sheepmeat",149507
2770,6,"Beef",8405
930,3,"Beef",68667
1063,27,"Sheepmeat",1193
2221,4,"Beef",151657
1001,28,"Sheepmeat",394167
600,12,"Forestry",2412
2125,16,"Forestry",601765
1147,29,"Sheepmeat",1081514
2836,7,"Beef",25193
212,24,"Veges",8417635
2046,11,"Forestry",253862
2036,27,"Sheepmeat",7655856
2823,11,"Forestry",2957793
1488,11,"Forestry",34436
896,9,"Sheepmeat",7853507
2151,27,"Sheepmeat",115535
30,29,"Sheepmeat",52030
3069,23,"Veges",26638707
2835,26,"Veges",12983174
2438,24,"Veges",3286
2952,8,"Sheepmeat",739458
26,27,"Sheepmeat",250951
1766,29,"Sheepmeat",616393
2839,6,"Beef",8405
1173,8,"Sheepmeat",1956053
581,10,"Sheepmeat",799503
3087,3,"Beef",42456
1228,4,"Beef",2312951
2205,4,"Beef",5389
2154,8,"Sheepmeat",2033993
2913,4,"Beef",18439085
1691,9,"Sheepmeat",1704774
2556,27,"Sheepmeat",1118445
3113,28,"Sheepmeat",19130544
1467,26,"Veges",278342
3130,9,"Sheepmeat",24526579
1266,17,"Fruit",267853
2835,18,"Fruit",701154
1174,24,"Veges",3740
2834,7,"Beef",25193
60,9,"Sheepmeat",2471
988,9,"Sheepmeat",15717
3131,4,"Beef",38150569
912,2,"Beef",4794
2230,12,"Forestry",4041
2807,13,"Forestry",171536
1952,29,"Sheepmeat",27824030
1012,27,"Sheepmeat",87852
768,28,"Sheepmeat",87928
2780,9,"Sheepmeat",86806787
2972,16,"Forestry",14325703
2915,26,"Veges",2512069
2475,29,"Sheepmeat",638611
1379,3,"Beef",550850
2789,13,"Forestry",64699
1811,8,"Sheepmeat",553267
3075,10,"Sheepmeat",3437728
1780,15,"Forestry",7953
1258,26,"Veges",65726
2200,11,"Forestry",341316
954,27,"Sheepmeat",988265
1776,8,"Sheepmeat",226182
3129,25,"Veges",31412107
1000,6,"Beef",21666
2825,3,"Beef",9326375
917,21,"Fruit",286470
2003,13,"Forestry",3313
1554,19,"Fruit",103421110
802,29,"Sheepmeat",125725
2838,5,"Beef",8405
3130,17,"Fruit",701154
1305,27,"Sheepmeat",269591
1916,9,"Sheepmeat",22225
2834,1,"Dairy",294373
270,24,"Veges",47809262
1306,13,"Forestry",13049
908,24,"Veges",2952995
2808,3,"Beef",5921873
1011,23,"Veges",2156102
768,10,"Sheepmeat",61324
2915,2,"Beef",5920528
2569,9,"Sheepmeat",2443644
1229,28,"Sheepmeat",190246
1181,11,"Forestry",2381
1134,27,"Sheepmeat",426773
756,28,"Sheepmeat",7599
752,27,"Sheepmeat",1291
774,2,"Beef",8300
294,9,"Sheepmeat",16251
3043,20,"Fruit",299591
943,17,"Fruit",57396
2204,27,"Sheepmeat",733637
2008,10,"Sheepmeat",3681445
3129,10,"Sheepmeat",24526579
1521,21,"Fruit",81281
580,20,"Fruit",13366
1241,29,"Sheepmeat",608192
2882,9,"Sheepmeat",19617469
3082,11,"Forestry",16889
687,21,"Fruit",27229
2895,23,"Veges",17975558
1276,3,"Beef",7815
2727,2,"Beef",473645
151,2,"Beef",116624
2149,14,"Forestry",9960
2810,13,"Forestry",171536
844,13,"Forestry",248343
701,9,"Sheepmeat",61049
2807,28,"Sheepmeat",17139394
2870,13,"Forestry",60195
1224,17,"Fruit",124237
2970,25,"Veges",366120
1531,4,"Beef",111280
2786,4,"Beef",3188456
1203,26,"Veges",318699
2382,4,"Beef",96340
2383,16,"Forestry",6248357
1067,19,"Fruit",604170
1930,29,"Sheepmeat",817215
111,16,"Forestry",63545
1572,2,"Beef",13133554
1890,4,"Beef",2216947
2815,16,"Forestry",75916390
133,11,"Forestry",2199
2199,3,"Beef",2271
2071,3,"Beef",14185
1576,19,"Fruit",1775911
2974,2,"Beef",1967735
1049,8,"Sheepmeat",2719743
1839,9,"Sheepmeat",143501
3075,4,"Beef",6517924
1143,28,"Sheepmeat",806373
2149,2,"Beef",108543
2597,19,"Fruit",227645
533,29,"Sheepmeat",3434548
1467,27,"Sheepmeat",10459
1258,9,"Sheepmeat",308522
1502,11,"Forestry",3097
2768,10,"Sheepmeat",25715031
2862,13,"Forestry",242970
3048,9,"Sheepmeat",8222591
1767,4,"Beef",242026
3111,23,"Veges",12098
670,9,"Sheepmeat",7823
853,28,"Sheepmeat",27935
727,10,"Sheepmeat",4228
1173,16,"Forestry",415273
3072,13,"Forestry",3313
77,4,"Beef",1078307
1340,29,"Sheepmeat",762675
2972,13,"Forestry",42059
2149,8,"Sheepmeat",487559
3056,5,"Beef",8405
874,12,"Forestry",12610
1473,9,"Sheepmeat",231481
1250,4,"Beef",10158977
1381,8,"Sheepmeat",3497
3006,22,"Fruit",139987
2866,15,"Forestry",2387194
573,16,"Forestry",3158461
2606,29,"Sheepmeat",105532790
2286,11,"Forestry",240110
3124,27,"Sheepmeat",34230957
1586,2,"Beef",13044366
2554,8,"Sheepmeat",1420268
2790,27,"Sheepmeat",5935902
1925,2,"Beef",3380976
2827,11,"Forestry",2960009
1040,21,"Fruit",122003
2070,2,"Beef",17638
1332,2,"Beef",7160
1167,8,"Sheepmeat",444648
2758,3,"Beef",6878338
2939,29,"Sheepmeat",39984790
2198,11,"Forestry",2876
2804,3,"Beef",5857128
3090,21,"Fruit",490801
1378,8,"Sheepmeat",1307646
1624,17,"Fruit",129731
2834,22,"Fruit",43319
2940,23,"Veges",6295645
1584,13,"Forestry",248343
874,24,"Veges",893503
2511,3,"Beef",8300
3117,12,"Forestry",69826
2724,7,"Beef",58871
2767,29,"Sheepmeat",109615558
2577,3,"Beef",51246
1394,9,"Sheepmeat",78554
1841,29,"Sheepmeat",5007338
1388,8,"Sheepmeat",9939
3040,2,"Beef",11475456
1554,22,"Fruit",75032
687,4,"Beef",86114
2395,12,"Forestry",72684
1788,15,"Forestry",189989
2238,16,"Forestry",4859
991,28,"Sheepmeat",2110442
1489,29,"Sheepmeat",291824
2033,13,"Forestry",19825
2950,15,"Forestry",22174
2245,15,"Forestry",4762542
390,11,"Forestry",107798
65,16,"Forestry",7820330
2403,18,"Fruit",200489
3140,27,"Sheepmeat",191842
3119,27,"Sheepmeat",3153847
3051,22,"Fruit",1080
2984,23,"Veges",165493
1177,4,"Beef",1080827
2690,7,"Beef",25193
1164,27,"Sheepmeat",675927
2778,9,"Sheepmeat",87032840
2153,10,"Sheepmeat",1888237
1879,9,"Sheepmeat",2525753
2312,20,"Fruit",19967
1836,9,"Sheepmeat",27338
837,17,"Fruit",17270271
2824,21,"Fruit",139364
530,10,"Sheepmeat",800585
1390,6,"Beef",8405
1552,9,"Sheepmeat",25702343
2058,10,"Sheepmeat",96855
1193,24,"Veges",98367
1534,15,"Forestry",218605
1971,4,"Beef",563101
1535,2,"Beef",31730
1079,4,"Beef",189355
1320,4,"Beef",327261
3000,28,"Sheepmeat",36321774
1701,29,"Sheepmeat",5165428
2770,17,"Fruit",31379759
2146,27,"Sheepmeat",39133
2441,27,"Sheepmeat",4491
1264,10,"Sheepmeat",218564
3056,3,"Beef",3953407
26,28,"Sheepmeat",250951
2805,15,"Forestry",4465114
3031,28,"Sheepmeat",34512473
2909,16,"Forestry",64942215
1001,18,"Fruit",156931
2853,16,"Forestry",6798
136,9,"Sheepmeat",104828
1172,11,"Forestry",16531
1888,15,"Forestry",5833729
473,2,"Beef",3412
928,21,"Fruit",22212
1217,16,"Forestry",19818626
2501,5,"Beef",8405
2709,20,"Fruit",13618
2246,14,"Forestry",251638
1497,26,"Veges",85305
1314,11,"Forestry",126919
3136,18,"Fruit",701154
2828,15,"Forestry",6190657
2234,13,"Forestry",21859
530,4,"Beef",1078307
2753,15,"Forestry",116499
2388,8,"Sheepmeat",531562
2717,28,"Sheepmeat",8923
434,18,"Fruit",35191
1989,27,"Sheepmeat",1581226
3053,11,"Forestry",2507130
2881,3,"Beef",10369451
2803,3,"Beef",5766088
2054,28,"Sheepmeat",502790
3123,13,"Forestry",199803
1511,3,"Beef",1059976
2973,26,"Veges",151031
1037,20,"Fruit",16088
2794,29,"Sheepmeat",23114953
1377,2,"Beef",832335
1378,13,"Forestry",2139
945,17,"Fruit",2144370
3157,9,"Sheepmeat",7621484
1267,10,"Sheepmeat",243834
1959,9,"Sheepmeat",1576
1079,27,"Sheepmeat",1904740
1187,2,"Beef",135917
1923,2,"Beef",25131
3145,9,"Sheepmeat",24784517
2060,10,"Sheepmeat",1257
2429,26,"Veges",147837
3073,10,"Sheepmeat",1203013
2897,17,"Fruit",242387
1056,25,"Veges",799527
1225,4,"Beef",707923
1958,28,"Sheepmeat",26055
77,17,"Fruit",95602
2072,9,"Sheepmeat",22317
2647,29,"Sheepmeat",1451251
689,22,"Fruit",26573
2871,19,"Fruit",4262779
3067,28,"Sheepmeat",33929708
1377,9,"Sheepmeat",1222310
2148,10,"Sheepmeat",690078
802,20,"Fruit",2663
2755,9,"Sheepmeat",7757867
1783,29,"Sheepmeat",228895
2943,26,"Veges",2143138
3023,12,"Forestry",3177321
2204,11,"Forestry",784979
1950,3,"Beef",326253
3095,28,"Sheepmeat",32480618
2958,12,"Forestry",889597
2127,13,"Forestry",8566
2553,16,"Forestry",1979629
1874,2,"Beef",318722
2416,10,"Sheepmeat",306031
3138,16,"Forestry",96844843
573,27,"Sheepmeat",1118445
3167,21,"Fruit",3841328
2286,8,"Sheepmeat",195199
1242,13,"Forestry",13324
3079,10,"Sheepmeat",2103993
2863,4,"Beef",38150569
2748,10,"Sheepmeat",2840973
2782,3,"Beef",919389
2166,12,"Forestry",8003
311,9,"Sheepmeat",800585
936,29,"Sheepmeat",188387
2825,11,"Forestry",2960009
1269,8,"Sheepmeat",337661
1831,27,"Sheepmeat",701776
938,19,"Fruit",854688
1072,16,"Forestry",153673
3162,28,"Sheepmeat",34493512
955,2,"Beef",25703
3081,8,"Sheepmeat",30658
1021,28,"Sheepmeat",447281
2398,29,"Sheepmeat",1206746
842,12,"Forestry",115952
2118,8,"Sheepmeat",5446506
1294,15,"Forestry",67409
2811,22,"Fruit",1080
1426,20,"Fruit",56268
1699,27,"Sheepmeat",1894800
2821,7,"Beef",25193
2404,27,"Sheepmeat",557136
2884,7,"Beef",25193
2498,3,"Beef",340426
2769,9,"Sheepmeat",25909810
2889,1,"Dairy",294373
1031,26,"Veges",1330955
2269,18,"Fruit",127646
946,3,"Beef",15188
3066,9,"Sheepmeat",24382395
2323,6,"Beef",178929
2790,9,"Sheepmeat",4243739
2816,7,"Beef",25193
1237,16,"Forestry",1984024
2567,9,"Sheepmeat",47957
2093,8,"Sheepmeat",1053218
1229,18,"Fruit",86747
2214,8,"Sheepmeat",171091
2149,12,"Forestry",120190
3048,24,"Veges",148127
3010,2,"Beef",12978
14,23,"Veges",626487
1157,3,"Beef",131960
1651,3,"Beef",1193123
1876,29,"Sheepmeat",1742447
66,28,"Sheepmeat",20396929
1850,9,"Sheepmeat",562237
1337,21,"Fruit",4323
2551,24,"Veges",616352
2373,10,"Sheepmeat",1534684
3159,16,"Forestry",6543765
2310,10,"Sheepmeat",617266
2423,4,"Beef",2109
1490,8,"Sheepmeat",35183
2789,11,"Forestry",745545
2268,16,"Forestry",15053
2011,27,"Sheepmeat",451207
2874,5,"Beef",217315
2426,8,"Sheepmeat",177105
1714,4,"Beef",106532
3023,18,"Fruit",806709
1510,16,"Forestry",177324
1203,18,"Fruit",25123
2073,3,"Beef",167729
3119,19,"Fruit",354782
1909,21,"Fruit",4323
2872,16,"Forestry",20354997
2200,13,"Forestry",29367
310,16,"Forestry",1571
1238,28,"Sheepmeat",685819
2338,10,"Sheepmeat",426089
1113,19,"Fruit",1033042
237,25,"Veges",32924701
1768,12,"Forestry",93711
1007,4,"Beef",2816956
2833,21,"Fruit",175973
1302,10,"Sheepmeat",18446
1292,27,"Sheepmeat",95652
2832,29,"Sheepmeat",102230276
2633,27,"Sheepmeat",10948811
3097,17,"Fruit",4065519
701,12,"Forestry",2199
2873,7,"Beef",836800
63,13,"Forestry",12759
2948,2,"Beef",5409
2789,26,"Veges",151031
3130,21,"Fruit",175973
1414,28,"Sheepmeat",4495
2208,15,"Forestry",41793
1058,27,"Sheepmeat",3429381
1588,29,"Sheepmeat",108967338
1496,11,"Forestry",28007
2771,29,"Sheepmeat",365550228
3121,9,"Sheepmeat",24194889
2094,2,"Beef",1113354
1261,9,"Sheepmeat",13530
3075,7,"Beef",537577
1776,9,"Sheepmeat",210182
2400,2,"Beef",629261
418,29,"Sheepmeat",4175
2885,18,"Fruit",559234
2545,21,"Fruit",12841
3097,28,"Sheepmeat",32480618
1692,9,"Sheepmeat",1704774
3061,26,"Veges",5873503
2602,8,"Sheepmeat",8418
6,27,"Sheepmeat",468089
3042,21,"Fruit",1074882
3056,23,"Veges",3561652
2072,8,"Sheepmeat",24016
1707,14,"Forestry",8566
2324,3,"Beef",123389
317,2,"Beef",4120
1137,3,"Beef",282542
2058,2,"Beef",54048
2339,17,"Fruit",512911
2879,23,"Veges",26077044
3097,11,"Forestry",2423004
2905,24,"Veges",6083886
1697,9,"Sheepmeat",1361219
963,22,"Fruit",25210
418,9,"Sheepmeat",1001
1970,3,"Beef",30648
2941,21,"Fruit",4323
2147,9,"Sheepmeat",28489
2156,18,"Fruit",127646
2149,15,"Forestry",244292
2436,16,"Forestry",62752875
924,17,"Fruit",324763
2806,17,"Fruit",16757
1137,10,"Sheepmeat",952951
434,22,"Fruit",2269
1146,10,"Sheepmeat",128950
2267,24,"Veges",60528
2498,10,"Sheepmeat",804813
844,26,"Veges",4987858
1854,2,"Beef",26505
1632,3,"Beef",64230
2970,26,"Veges",151031
520,28,"Sheepmeat",7599
803,16,"Forestry",171522588
2475,11,"Forestry",2199
2810,11,"Forestry",2212524
2915,9,"Sheepmeat",12217101
819,8,"Sheepmeat",16595
538,21,"Fruit",26724
3158,23,"Veges",31019688
1865,10,"Sheepmeat",643642
944,14,"Forestry",199803
2959,27,"Sheepmeat",7660732
2754,7,"Beef",537577
1862,3,"Beef",828533
1515,13,"Forestry",1429
1466,18,"Fruit",70311
1094,26,"Veges",17505
868,19,"Fruit",340698
1035,13,"Forestry",3919
1890,2,"Beef",739596
1781,4,"Beef",11588
2778,27,"Sheepmeat",121631233
2765,15,"Forestry",4967306
3157,18,"Fruit",16757
317,3,"Beef",4120
2520,2,"Beef",682154
3022,3,"Beef",12703940
1245,11,"Forestry",3370883
2324,14,"Forestry",18026
2981,25,"Veges",159978
27,29,"Sheepmeat",7717138
2743,24,"Veges",6375623
75,26,"Veges",73321
1648,15,"Forestry",7953
1939,29,"Sheepmeat",22553
2325,20,"Fruit",13965
1181,9,"Sheepmeat",239659
599,27,"Sheepmeat",14383
1020,1,"Dairy",184264
766,16,"Forestry",2277587
2808,6,"Beef",8405
2915,15,"Forestry",4499360
3086,8,"Sheepmeat",1831327
2509,25,"Veges",39391627
2202,11,"Forestry",93711
759,10,"Sheepmeat",4543
598,27,"Sheepmeat",14383
2282,29,"Sheepmeat",3008907
1688,15,"Forestry",361028
1130,11,"Forestry",22538
3155,17,"Fruit",2311529
1997,16,"Forestry",991944
2270,29,"Sheepmeat",1682172
1870,24,"Veges",1751349
2722,24,"Veges",41390
1044,3,"Beef",253646
1190,10,"Sheepmeat",448446
767,3,"Beef",1291
1092,4,"Beef",192725
1577,5,"Beef",8405
530,22,"Fruit",5551
35,8,"Sheepmeat",4732
1416,8,"Sheepmeat",2477
1471,24,"Veges",141881
2930,27,"Sheepmeat",15666735
2127,11,"Forestry",132861
1186,9,"Sheepmeat",1155474
2082,2,"Beef",231058
2993,27,"Sheepmeat",1227
1414,10,"Sheepmeat",3232
2799,3,"Beef",5157368
1678,13,"Forestry",13597
2119,11,"Forestry",1713
3004,24,"Veges",11728683
557,10,"Sheepmeat",804813
912,29,"Sheepmeat",45310
2382,16,"Forestry",6667325
1770,11,"Forestry",5148
2271,3,"Beef",683050
2828,23,"Veges",25576847
2823,1,"Dairy",294373
1523,4,"Beef",22088
3058,16,"Forestry",22264784
2871,29,"Sheepmeat",361080096
2208,11,"Forestry",16889
1294,4,"Beef",761326
3151,4,"Beef",36383866
1811,15,"Forestry",63247
3143,28,"Sheepmeat",34730575
2813,26,"Veges",4334422
607,9,"Sheepmeat",7823
898,9,"Sheepmeat",393655
1141,29,"Sheepmeat",830812
3003,8,"Sheepmeat",27204723
2606,23,"Veges",26257752
1082,2,"Beef",153839
2035,9,"Sheepmeat",10349673
1815,4,"Beef",20814
2083,15,"Forestry",1597
1952,14,"Forestry",209671
808,19,"Fruit",38023047
2063,2,"Beef",8300
1805,15,"Forestry",384779
1634,10,"Sheepmeat",604681
1032,19,"Fruit",2530052
1386,27,"Sheepmeat",78109
1573,9,"Sheepmeat",1726
25,29,"Sheepmeat",1007387
2008,11,"Forestry",73536
940,23,"Veges",254360
1186,10,"Sheepmeat",1155474
1892,27,"Sheepmeat",33432
311,11,"Forestry",107798
908,18,"Fruit",392602
1691,27,"Sheepmeat",2373924
26,8,"Sheepmeat",194144
1660,29,"Sheepmeat",501381
808,24,"Veges",47809262
1490,13,"Forestry",3778
2552,10,"Sheepmeat",334053
2905,7,"Beef",25193
1282,12,"Forestry",159865
1223,14,"Forestry",16438
2633,19,"Fruit",676217
2121,9,"Sheepmeat",3869461
1484,3,"Beef",1729
2867,2,"Beef",41649456
2694,16,"Forestry",60302033
3067,25,"Veges",31412107
1167,4,"Beef",156411
298,11,"Forestry",7096
2997,10,"Sheepmeat",76691
1662,2,"Beef",5840
2224,21,"Fruit",4323
881,24,"Veges",30902459
2508,2,"Beef",62743
2870,19,"Fruit",4262779
1658,11,"Forestry",1200
1696,28,"Sheepmeat",2198758
1656,2,"Beef",46797
1343,28,"Sheepmeat",6441
1748,15,"Forestry",9427
1661,29,"Sheepmeat",1793769
2307,8,"Sheepmeat",1683
2199,28,"Sheepmeat",53051
79,4,"Beef",1135
939,8,"Sheepmeat",7007
1867,27,"Sheepmeat",3782372
1397,3,"Beef",495067
915,27,"Sheepmeat",1092302
995,24,"Veges",506086
3088,29,"Sheepmeat",7392977
3135,29,"Sheepmeat",104807157
2829,28,"Sheepmeat",31460536
1398,15,"Forestry",181743
767,9,"Sheepmeat",6456
2830,14,"Forestry",237166
881,13,"Forestry",279927
531,21,"Fruit",26724
2914,19,"Fruit",38591
853,29,"Sheepmeat",87702
824,16,"Forestry",672998
2499,16,"Forestry",60302033
2846,17,"Fruit",2337682
1826,29,"Sheepmeat",1890827
2897,29,"Sheepmeat",61434309
1521,18,"Fruit",316109
2630,21,"Fruit",360475
2246,3,"Beef",3380976
950,16,"Forestry",24060
1536,16,"Forestry",3863
3040,1,"Dairy",6318043
3040,20,"Fruit",972895
2280,10,"Sheepmeat",852872
1442,8,"Sheepmeat",7391594
1859,9,"Sheepmeat",339346
1996,26,"Veges",773036
923,9,"Sheepmeat",28433
2633,24,"Veges",1598617
1910,10,"Sheepmeat",7254772
3089,15,"Forestry",430859
2613,17,"Fruit",103601
3137,24,"Veges",31465611
1832,28,"Sheepmeat",1631755
2437,19,"Fruit",38591
2408,8,"Sheepmeat",160230
2342,12,"Forestry",268770
2883,16,"Forestry",773881
2107,16,"Forestry",487842
2302,26,"Veges",4987858
2898,17,"Fruit",242387
1664,10,"Sheepmeat",334053
2807,10,"Sheepmeat",12217101
64,8,"Sheepmeat",15486316
1667,4,"Beef",906914
2414,3,"Beef",5567
2539,12,"Forestry",19497
2499,6,"Beef",8405
2746,10,"Sheepmeat",1278606
1523,10,"Sheepmeat",61176
1625,29,"Sheepmeat",107726
916,8,"Sheepmeat",25100
2967,2,"Beef",2437201
3012,26,"Veges",2690627
2925,25,"Veges",6083886
2940,22,"Fruit",1080
132,2,"Beef",116624
1227,3,"Beef",1345
2778,16,"Forestry",9377753
3028,13,"Forestry",242970
1158,15,"Forestry",200316
213,18,"Fruit",10767845
2337,28,"Sheepmeat",331552
2234,29,"Sheepmeat",2653224
2798,6,"Beef",8405
2032,24,"Veges",18764
2141,27,"Sheepmeat",444240
1316,10,"Sheepmeat",27771
1120,27,"Sheepmeat",4617
1188,4,"Beef",30671
1058,24,"Veges",331099
1258,2,"Beef",374457
1707,4,"Beef",3307859
1335,16,"Forestry",240600
2841,20,"Fruit",101630
756,12,"Forestry",4683
2162,3,"Beef",27489
1550,24,"Veges",8417635
2746,6,"Beef",135931
1810,29,"Sheepmeat",551164
976,23,"Veges",8551
862,23,"Veges",202314
3029,21,"Fruit",203202
213,9,"Sheepmeat",3822
2940,20,"Fruit",2162
3040,13,"Forestry",199803
2891,3,"Beef",8184941
2804,27,"Sheepmeat",16009579
2552,12,"Forestry",4243
2319,4,"Beef",1020
1152,2,"Beef",102979
2290,27,"Sheepmeat",9559
3063,2,"Beef",41576343
2872,3,"Beef",42314545
2881,21,"Fruit",139364
524,3,"Beef",3501
1219,28,"Sheepmeat",2017806
2807,3,"Beef",5920528
1459,19,"Fruit",622237
3028,17,"Fruit",806709
571,20,"Fruit",1032
1242,8,"Sheepmeat",2206690
1697,3,"Beef",757778
2577,25,"Veges",400125
63,29,"Sheepmeat",6146466
1150,2,"Beef",431585
3058,2,"Beef",2303059
1985,3,"Beef",63171
1623,12,"Forestry",456253
2359,16,"Forestry",34767
1590,27,"Sheepmeat",36019126
1460,19,"Fruit",644921
1248,7,"Beef",25193
1494,9,"Sheepmeat",1452932
1821,8,"Sheepmeat",89552
2832,21,"Fruit",175973
899,29,"Sheepmeat",1513234
2806,12,"Forestry",2208088
2839,24,"Veges",31465611
497,15,"Forestry",5880
957,26,"Veges",80164
3070,10,"Sheepmeat",7001367
2731,15,"Forestry",17286
1163,11,"Forestry",11963
1580,13,"Forestry",242970
449,16,"Forestry",1398
3065,19,"Fruit",1543973
1432,2,"Beef",22444
2834,4,"Beef",37804089
2838,7,"Beef",25193
1474,19,"Fruit",527814
157,8,"Sheepmeat",27682
1068,2,"Beef",2383
2943,10,"Sheepmeat",9173754
1439,25,"Veges",1190553
1978,11,"Forestry",1662
2897,6,"Beef",8405
878,9,"Sheepmeat",6710
1115,16,"Forestry",836936
1675,4,"Beef",10790
2504,2,"Beef",13114642
577,10,"Sheepmeat",25321
1374,9,"Sheepmeat",521033
1741,28,"Sheepmeat",20244
1164,28,"Sheepmeat",675927
1337,11,"Forestry",99324
962,29,"Sheepmeat",474323
2833,12,"Forestry",3175122
3105,8,"Sheepmeat",1377418
3004,14,"Forestry",60503
1074,13,"Forestry",3678
2168,20,"Fruit",1082
2094,9,"Sheepmeat",3450648
2139,4,"Beef",563732
2773,10,"Sheepmeat",86778515
3112,3,"Beef",6338417
1991,10,"Sheepmeat",516331
1088,9,"Sheepmeat",41515
1220,28,"Sheepmeat",1096
3026,29,"Sheepmeat",105532790
1510,15,"Forestry",6827
1446,24,"Veges",408709
1860,9,"Sheepmeat",219270
2744,25,"Veges",6375623
571,19,"Fruit",17577
2868,27,"Sheepmeat",118731785
2968,3,"Beef",116955
2973,16,"Forestry",14325703
1521,12,"Forestry",678368
1590,29,"Sheepmeat",109521479
2813,8,"Sheepmeat",15279975
2021,25,"Veges",136630
3076,14,"Forestry",2004
895,23,"Veges",5551847
2930,4,"Beef",17898933
3051,16,"Forestry",75792958
1995,2,"Beef",630319
1658,2,"Beef",440975
3136,2,"Beef",12545667
2121,8,"Sheepmeat",4165023
2551,12,"Forestry",1526114
2880,13,"Forestry",237166
3164,6,"Beef",275924
2377,2,"Beef",234544
2897,9,"Sheepmeat",14374713
1859,3,"Beef",34883
2810,6,"Beef",8405
2940,24,"Veges",6083886
2983,3,"Beef",1778
149,15,"Forestry",6704
733,15,"Forestry",1583
2824,18,"Fruit",559234
52,3,"Beef",4387240
2659,20,"Fruit",114997
2079,10,"Sheepmeat",131980
1020,15,"Forestry",7636
872,4,"Beef",66351
2939,11,"Forestry",1636893
3011,24,"Veges",6893420
2826,8,"Sheepmeat",20681982
538,17,"Fruit",103601
1866,9,"Sheepmeat",212568
2792,15,"Forestry",1784520
3159,15,"Forestry",457445
3057,25,"Veges",63685
1999,3,"Beef",366636
2897,10,"Sheepmeat",14374713
2035,11,"Forestry",84616
132,16,"Forestry",115526
1020,5,"Beef",4688
2889,17,"Fruit",545293
2874,29,"Sheepmeat",255117558
3133,7,"Beef",25193
1080,3,"Beef",1623663
915,19,"Fruit",190612
774,10,"Sheepmeat",5243
913,27,"Sheepmeat",1220
434,16,"Forestry",22587
1204,20,"Fruit",10269
868,25,"Veges",29531
2999,28,"Sheepmeat",278261
2104,27,"Sheepmeat",2892578
2996,25,"Veges",58420790
1699,29,"Sheepmeat",5685087
2750,2,"Beef",2799147
1176,10,"Sheepmeat",4816721
1188,12,"Forestry",8514
481,27,"Sheepmeat",157833
1815,3,"Beef",5281
71,22,"Fruit",70386
2344,14,"Forestry",24808
149,2,"Beef",7463
3073,16,"Forestry",1100510
1058,10,"Sheepmeat",2444075
2633,12,"Forestry",3379146
1265,13,"Forestry",2214
1814,28,"Sheepmeat",180666
2733,24,"Veges",47809262
3044,4,"Beef",1099613
2801,16,"Forestry",60248989
1631,8,"Sheepmeat",363334
871,21,"Fruit",12357
2586,20,"Fruit",114997
2799,18,"Fruit",16757
2385,10,"Sheepmeat",213924
3066,12,"Forestry",3175122
2246,16,"Forestry",84485081
1872,3,"Beef",339076
2921,18,"Fruit",16757
3028,9,"Sheepmeat",24784517
1068,9,"Sheepmeat",1713
2593,9,"Sheepmeat",25589329
689,10,"Sheepmeat",2740
1889,2,"Beef",247572
2750,27,"Sheepmeat",6278112
1042,21,"Fruit",818089
2794,14,"Forestry",69530
2821,22,"Fruit",35012
1295,2,"Beef",1345
1078,14,"Forestry",12658
2941,8,"Sheepmeat",10075456
2239,29,"Sheepmeat",42791
2236,4,"Beef",9778
3056,11,"Forestry",1557654
2111,4,"Beef",1798283
2868,2,"Beef",41649456
1989,4,"Beef",58277
2724,8,"Sheepmeat",15444818
2050,4,"Beef",2095
998,20,"Fruit",571887
6,12,"Forestry",6724
1840,8,"Sheepmeat",77321
2282,27,"Sheepmeat",1003364
2649,5,"Beef",8405
2282,10,"Sheepmeat",721324
1873,26,"Veges",470363
2436,22,"Fruit",1080
2119,9,"Sheepmeat",4847505
2775,9,"Sheepmeat",86806787
1291,14,"Forestry",2799
1049,13,"Forestry",54084
2961,16,"Forestry",25590691
3159,3,"Beef",861311
1446,21,"Fruit",13139
515,8,"Sheepmeat",6947
1444,10,"Sheepmeat",1981922
3137,12,"Forestry",3175122
881,29,"Sheepmeat",32983524
3103,27,"Sheepmeat",118735499
3066,8,"Sheepmeat",26411370
2955,28,"Sheepmeat",688352
2908,12,"Forestry",2210854
1011,8,"Sheepmeat",93614
1784,8,"Sheepmeat",1333316
2967,26,"Veges",316609
1443,9,"Sheepmeat",4322655
2855,29,"Sheepmeat",1167555
3125,10,"Sheepmeat",90462223
1500,4,"Beef",1442791
1309,9,"Sheepmeat",5978
1576,4,"Beef",39270225
1316,2,"Beef",9035
3154,9,"Sheepmeat",14056930
1286,8,"Sheepmeat",5106
3075,29,"Sheepmeat",14418412
1713,8,"Sheepmeat",118149
2897,16,"Forestry",75928364
905,12,"Forestry",75583
2986,8,"Sheepmeat",310976
3128,1,"Dairy",294373
2814,29,"Sheepmeat",60516566
1827,23,"Veges",98428
991,9,"Sheepmeat",1505290
1545,15,"Forestry",3830
2227,2,"Beef",35882
1837,27,"Sheepmeat",26052
3101,23,"Veges",1428422
2921,8,"Sheepmeat",12429865
1189,11,"Forestry",1063
1054,9,"Sheepmeat",1572023
2772,11,"Forestry",613663
2804,7,"Beef",25193
1087,4,"Beef",54516
2786,15,"Forestry",481027
1188,3,"Beef",10232
1663,27,"Sheepmeat",100838
59,4,"Beef",1135
1045,15,"Forestry",18113
874,19,"Fruit",1842
951,22,"Fruit",1406
1060,3,"Beef",35698
2841,17,"Fruit",806709
1431,23,"Veges",5741382
1456,23,"Veges",1843
895,11,"Forestry",3379146
1219,16,"Forestry",17099307
1098,11,"Forestry",94612
2549,10,"Sheepmeat",2475077
2515,15,"Forestry",218605
95,29,"Sheepmeat",3444
3093,18,"Fruit",501373
534,4,"Beef",1085228
1304,28,"Sheepmeat",521689
5,6,"Beef",4688
2769,18,"Fruit",32244125
2943,19,"Fruit",38591
2891,18,"Fruit",545293
3085,15,"Forestry",47154
1098,27,"Sheepmeat",855112
1874,26,"Veges",470363
988,20,"Fruit",91782
2905,1,"Dairy",294373
3133,8,"Sheepmeat",26674383
2881,17,"Fruit",559234
953,3,"Beef",335198
2798,7,"Beef",25193
2726,8,"Sheepmeat",757252
851,10,"Sheepmeat",2176267
1146,19,"Fruit",358394
1093,28,"Sheepmeat",134229
1241,15,"Forestry",120215
2032,16,"Forestry",2214664
2351,3,"Beef",35745
3076,28,"Sheepmeat",564000
1781,28,"Sheepmeat",17879
1005,22,"Fruit",5303
1248,6,"Beef",8405
2143,12,"Forestry",63061
2798,1,"Dairy",294373
1049,9,"Sheepmeat",2519534
1269,16,"Forestry",5465753
2026,29,"Sheepmeat",5982210
3103,29,"Sheepmeat",359223171
1446,26,"Veges",169130
1578,10,"Sheepmeat",24784517
2810,7,"Beef",25193
756,16,"Forestry",93101
3099,5,"Beef",178929
2427,29,"Sheepmeat",3883
290,2,"Beef",14169
1234,2,"Beef",120449
2972,23,"Veges",378741
1814,15,"Forestry",119534
1113,8,"Sheepmeat",71960
2386,15,"Forestry",85879
1279,28,"Sheepmeat",55072
2406,29,"Sheepmeat",5283222
1257,10,"Sheepmeat",124821
2908,6,"Beef",8405
2000,14,"Forestry",50533
1078,8,"Sheepmeat",1473568
1856,11,"Forestry",9719
2795,9,"Sheepmeat",5868957
1831,9,"Sheepmeat",503574
3073,9,"Sheepmeat",1203013
1686,15,"Forestry",80573
2709,3,"Beef",116624
1301,25,"Veges",48737
2568,10,"Sheepmeat",2443644
2078,8,"Sheepmeat",181544
2393,2,"Beef",532166
1246,10,"Sheepmeat",346850
2300,24,"Veges",39391627
2945,21,"Fruit",4323
2981,14,"Forestry",18342
2941,19,"Fruit",38591
2504,28,"Sheepmeat",36020282
571,29,"Sheepmeat",22998
1325,28,"Sheepmeat",20310
3000,25,"Veges",52562148
1210,8,"Sheepmeat",175766
1938,27,"Sheepmeat",60463
1808,24,"Veges",1049632
1784,12,"Forestry",277466
982,22,"Fruit",12984
3124,17,"Fruit",6246976
1023,11,"Forestry",20027
2900,8,"Sheepmeat",5498
1838,2,"Beef",54504
1210,2,"Beef",19546
3081,10,"Sheepmeat",28489
550,18,"Fruit",95602
1494,12,"Forestry",1328833
1689,9,"Sheepmeat",1737732
1667,8,"Sheepmeat",334368
2150,28,"Sheepmeat",1631716
2879,16,"Forestry",94538505
863,21,"Fruit",1416761
2277,26,"Veges",2632608
1832,27,"Sheepmeat",1631755
1953,27,"Sheepmeat",8497983
1276,29,"Sheepmeat",125218
1376,27,"Sheepmeat",1744291
2922,28,"Sheepmeat",15925845
2267,19,"Fruit",542797
176,28,"Sheepmeat",3923
578,4,"Beef",1085228
1048,16,"Forestry",19823931
2249,8,"Sheepmeat",142710
1915,29,"Sheepmeat",92670
1180,13,"Forestry",1129
2168,18,"Fruit",24662
1204,18,"Fruit",88985
892,17,"Fruit",258340
1543,24,"Veges",27150
2758,15,"Forestry",408399
1836,29,"Sheepmeat",122427
3163,9,"Sheepmeat",1205477
2881,7,"Beef",25193
1246,25,"Veges",697843
673,4,"Beef",25031
1305,4,"Beef",252195
83,4,"Beef",77438
2839,11,"Forestry",3175122
2722,27,"Sheepmeat",10446164
2819,18,"Fruit",242387
1295,3,"Beef",1345
3087,12,"Forestry",38004
2813,9,"Sheepmeat",14045189
3063,10,"Sheepmeat",84734287
1863,29,"Sheepmeat",5283222
3102,24,"Veges",1781591
1471,3,"Beef",39064
1219,29,"Sheepmeat",6078813
2915,16,"Forestry",64838310
2176,25,"Veges",358749
2268,9,"Sheepmeat",23778
1941,10,"Sheepmeat",1564
1112,2,"Beef",11377
3162,9,"Sheepmeat",24622770
848,23,"Veges",7097894
957,22,"Fruit",38504
963,27,"Sheepmeat",151101
1835,3,"Beef",31307
1175,11,"Forestry",837948
1349,4,"Beef",5687
2230,3,"Beef",34819
2965,4,"Beef",8815302
2752,1,"Dairy",6318043
1316,24,"Veges",2983
600,8,"Sheepmeat",89644
2944,2,"Beef",81565
1251,3,"Beef",54583
873,4,"Beef",207004
1264,14,"Forestry",22639
2277,23,"Veges",94450
1174,8,"Sheepmeat",40385
935,25,"Veges",81395
3025,19,"Fruit",1775911
3128,13,"Forestry",242970
2923,6,"Beef",8405
1313,24,"Veges",1733649
1795,10,"Sheepmeat",98011
1345,4,"Beef",12016
2787,23,"Veges",165493
3117,8,"Sheepmeat",7234951
2882,24,"Veges",30789921
2846,12,"Forestry",3285119
1206,11,"Forestry",1526114
1286,28,"Sheepmeat",6601
1964,13,"Forestry",1429
2895,3,"Beef",6659202
532,9,"Sheepmeat",804813
576,14,"Forestry",5372
2071,27,"Sheepmeat",135226
2770,25,"Veges",52562148
3157,4,"Beef",12045198
2209,3,"Beef",202729
519,1,"Dairy",6462576
3156,21,"Fruit",2943488
3147,11,"Forestry",3177321
1431,8,"Sheepmeat",26342443
2996,27,"Sheepmeat",58529
920,19,"Fruit",24323581
1017,28,"Sheepmeat",1874615
2261,8,"Sheepmeat",12480
3163,26,"Veges",11235
1647,11,"Forestry",14346
1535,8,"Sheepmeat",55273
946,23,"Veges",7937226
2188,2,"Beef",49830
2938,4,"Beef",1304343
1218,15,"Forestry",2892
2192,28,"Sheepmeat",9261149
2872,6,"Beef",275924
2995,27,"Sheepmeat",58529
1933,4,"Beef",56382
1659,16,"Forestry",179323
1038,8,"Sheepmeat",171648
2060,25,"Veges",6466925
1663,15,"Forestry",2146
3094,14,"Forestry",16833
30,16,"Forestry",3350
331,18,"Fruit",17270271
1995,27,"Sheepmeat",2589764
3109,14,"Forestry",46874
3024,6,"Beef",8405
2965,24,"Veges",2275060
2834,3,"Beef",12266208
289,3,"Beef",6441
2070,10,"Sheepmeat",139961
1263,28,"Sheepmeat",30635
1952,21,"Fruit",4323
999,3,"Beef",1065858
3142,27,"Sheepmeat",34730575
2352,12,"Forestry",11963
1784,13,"Forestry",22903
839,27,"Sheepmeat",45604381
806,1,"Dairy",6462576
3039,13,"Forestry",199803
1340,4,"Beef",254731
295,2,"Beef",16519
1514,16,"Forestry",3150661
418,27,"Sheepmeat",1393
2765,21,"Fruit",610795
2690,16,"Forestry",60302033
3162,21,"Fruit",175973
3093,13,"Forestry",57818
1306,12,"Forestry",163681
2193,20,"Fruit",1032
1084,27,"Sheepmeat",4462337
739,28,"Sheepmeat",5881
333,26,"Veges",7422
1501,12,"Forestry",1713
581,20,"Fruit",12334
1924,3,"Beef",3417547
2167,4,"Beef",13518
2047,27,"Sheepmeat",1193
2914,1,"Dairy",294373
2346,4,"Beef",1601
2040,29,"Sheepmeat",9698166
2836,19,"Fruit",1543973
2895,26,"Veges",9694764
439,2,"Beef",6481
2193,19,"Fruit",17577
1458,28,"Sheepmeat",1903
291,9,"Sheepmeat",16251
2308,29,"Sheepmeat",3356
31,16,"Forestry",3350
3076,13,"Forestry",2004
2344,15,"Forestry",543406
2795,11,"Forestry",1161465
1948,9,"Sheepmeat",33861
1242,3,"Beef",741488
956,2,"Beef",73833
1889,27,"Sheepmeat",2044875
874,25,"Veges",893503
2488,4,"Beef",6082
981,2,"Beef",153187
997,5,"Beef",58609
1932,14,"Forestry",1675
1551,7,"Beef",25193
1552,19,"Fruit",103817894
1785,2,"Beef",41930
1346,9,"Sheepmeat",2194
1551,1,"Dairy",3086512
733,8,"Sheepmeat",8418
3088,10,"Sheepmeat",1757562
2837,29,"Sheepmeat",104401059
2745,9,"Sheepmeat",1889
1217,2,"Beef",683050
850,27,"Sheepmeat",1124326
1187,27,"Sheepmeat",1512831
1385,10,"Sheepmeat",19170
3053,6,"Beef",8405
1788,29,"Sheepmeat",1075170
1337,2,"Beef",2853
2148,2,"Beef",248578
2764,5,"Beef",178929
3068,3,"Beef",12080317
2130,10,"Sheepmeat",72522
3027,25,"Veges",31465611
2775,4,"Beef",131105890
1812,9,"Sheepmeat",60400
1176,14,"Forestry",130159
3122,11,"Forestry",2533390
1397,23,"Veges",168603
1439,18,"Fruit",138365
3050,18,"Fruit",152891
95,4,"Beef",3444
3158,2,"Beef",11534650
1432,10,"Sheepmeat",16135
2800,1,"Dairy",294373
1983,2,"Beef",212825
1569,16,"Forestry",15641
2557,8,"Sheepmeat",863561
1577,2,"Beef",12703940
1836,2,"Beef",2605
2591,16,"Forestry",60302033
1481,27,"Sheepmeat",4433
1515,2,"Beef",131960
2818,24,"Veges",23460409
844,1,"Dairy",3086512
2870,20,"Fruit",247525
1897,26,"Veges",16538
2821,12,"Forestry",2950856
1687,14,"Forestry",2521
2146,4,"Beef",14013
1812,27,"Sheepmeat",88785
1516,13,"Forestry",10033
1591,8,"Sheepmeat",121973
1212,17,"Fruit",640913
690,2,"Beef",26861
1207,2,"Beef",1828611
2512,25,"Veges",6466925
1497,24,"Veges",206142
1442,14,"Forestry",24170
1551,17,"Fruit",47261154
2831,29,"Sheepmeat",101725700
2889,29,"Sheepmeat",73295354
3133,23,"Veges",26257752
3061,7,"Beef",836800
1910,28,"Sheepmeat",10111467
929,15,"Forestry",51257
2902,25,"Veges",318661
987,8,"Sheepmeat",742700
2763,17,"Fruit",640913
2078,15,"Forestry",1628
2879,3,"Beef",11228662
578,29,"Sheepmeat",3434548
2094,12,"Forestry",26037
2955,14,"Forestry",2139
3111,27,"Sheepmeat",14903
537,16,"Forestry",108580
2791,23,"Veges",792661
538,22,"Fruit",5551
1165,9,"Sheepmeat",115135
931,26,"Veges",291868
298,3,"Beef",62743
878,23,"Veges",7757011
2800,11,"Forestry",1917858
1695,15,"Forestry",1156
2826,29,"Sheepmeat",81209754
944,21,"Fruit",143520
1896,8,"Sheepmeat",14589
878,12,"Forestry",5951260
2551,11,"Forestry",1526114
1496,12,"Forestry",28007
2939,14,"Forestry",133864
1916,11,"Forestry",38572
1978,3,"Beef",45290
1134,15,"Forestry",45440
395,26,"Veges",16249987
3001,1,"Dairy",2874288
1484,28,"Sheepmeat",1729
1435,29,"Sheepmeat",102562237
2841,8,"Sheepmeat",26849218
3093,6,"Beef",275924
1656,4,"Beef",141470
2901,17,"Fruit",302905
898,8,"Sheepmeat",424654
2871,15,"Forestry",1427254
2429,19,"Fruit",1348329
2949,4,"Beef",12349413
1551,21,"Fruit",250618
904,4,"Beef",199733
2805,25,"Veges",6083886
2778,3,"Beef",42747656
939,17,"Fruit",279467
2373,12,"Forestry",396190
2937,22,"Fruit",1080
2384,13,"Forestry",20437
1287,26,"Veges",11444
212,10,"Sheepmeat",3822
1127,3,"Beef",2548099
1384,27,"Sheepmeat",171264
2650,29,"Sheepmeat",109499256
2937,14,"Forestry",156767
2279,28,"Sheepmeat",28562
1654,15,"Forestry",1271
1151,10,"Sheepmeat",316857
2567,8,"Sheepmeat",51608
2348,15,"Forestry",5880
2926,5,"Beef",8405
1645,27,"Sheepmeat",15605
2881,13,"Forestry",229179
1010,9,"Sheepmeat",213048
2767,10,"Sheepmeat",25713623
1459,23,"Veges",241713
1777,23,"Veges",329646
1822,14,"Forestry",22639
3056,1,"Dairy",294373
2043,4,"Beef",42115
915,20,"Fruit",11192
123,27,"Sheepmeat",33432
2816,3,"Beef",6585681
2768,4,"Beef",40727147
1009,29,"Sheepmeat",1574500
889,21,"Fruit",1193092
3110,5,"Beef",8405
1669,3,"Beef",71940
1258,23,"Veges",165493
2401,15,"Forestry",246844
1201,29,"Sheepmeat",67706
2239,9,"Sheepmeat",10263
955,10,"Sheepmeat",18686
3045,17,"Fruit",640913
2142,4,"Beef",371794
1007,9,"Sheepmeat",1899059
3143,11,"Forestry",3177321
2823,3,"Beef",9075645
1515,17,"Fruit",2365
1700,27,"Sheepmeat",1878346
481,9,"Sheepmeat",106798
2613,19,"Fruit",227645
1436,2,"Beef",11309713
2285,4,"Beef",536164
2248,11,"Forestry",1990310
1170,11,"Forestry",457495
2046,12,"Forestry",253862
2783,13,"Forestry",18342
988,3,"Beef",21863
322,8,"Sheepmeat",8418
3116,2,"Beef",3507828
3026,11,"Forestry",3177321
2360,10,"Sheepmeat",847234
2030,16,"Forestry",5681
2208,10,"Sheepmeat",3262587
1667,9,"Sheepmeat",310715
2037,4,"Beef",7024820
912,4,"Beef",21931
1035,14,"Forestry",3919
1910,21,"Fruit",4323
994,22,"Fruit",52487
2202,3,"Beef",25064
1753,8,"Sheepmeat",432036
2805,16,"Forestry",64348293
2091,16,"Forestry",3275469
3033,7,"Beef",25193
1043,22,"Fruit",69845
2942,19,"Fruit",38591
912,3,"Beef",4794
1314,4,"Beef",42494
2922,15,"Forestry",4360007
2878,8,"Sheepmeat",26849218
3082,3,"Beef",1094381
2502,28,"Sheepmeat",35854901
3128,6,"Beef",8405
2584,15,"Forestry",17286
915,22,"Fruit",5593
1950,16,"Forestry",17274736
3129,6,"Beef",8405
1834,11,"Forestry",49493
2801,9,"Sheepmeat",11007692
1775,13,"Forestry",5805
572,16,"Forestry",30257
2376,27,"Sheepmeat",2040778
1151,27,"Sheepmeat",443011
2844,15,"Forestry",6586781
2834,18,"Fruit",701154
2804,5,"Beef",8405
1646,17,"Fruit",324763
2900,9,"Sheepmeat",5109
832,17,"Fruit",821419
830,22,"Fruit",158471
2970,13,"Forestry",64699
1382,11,"Forestry",168642
3167,19,"Fruit",8467719
3062,26,"Veges",11785233
2337,2,"Beef",46713
1661,15,"Forestry",78218
3051,27,"Sheepmeat",19202105
918,20,"Fruit",135643
2692,20,"Fruit",101630
3067,22,"Fruit",43319
481,28,"Sheepmeat",157833
2594,2,"Beef",13044366
2920,2,"Beef",5854797
2838,27,"Sheepmeat",34433976
1688,12,"Forestry",177598
3145,28,"Sheepmeat",34730575
3118,5,"Beef",178929
2984,25,"Veges",159978
2132,17,"Fruit",49780
1490,16,"Forestry",1117007
1590,21,"Fruit",229926
2902,18,"Fruit",85409
1106,2,"Beef",52840
1128,1,"Dairy",1323
994,19,"Fruit",1268677
2630,9,"Sheepmeat",11973
2432,4,"Beef",18751
910,25,"Veges",17836
963,20,"Fruit",50449
2117,28,"Sheepmeat",331552
1075,26,"Veges",240652
2887,2,"Beef",87926
2419,11,"Forestry",121549
2769,7,"Beef",25193
2891,7,"Beef",25193
2501,20,"Fruit",114997
1872,23,"Veges",1559473
136,28,"Sheepmeat",150482
951,8,"Sheepmeat",62907
2779,3,"Beef",42761290
1141,12,"Forestry",1846
2895,16,"Forestry",75928364
1931,8,"Sheepmeat",184844
1038,15,"Forestry",37641
874,28,"Sheepmeat",421185
157,3,"Beef",25131
2882,14,"Forestry",227601
1060,22,"Fruit",8039
850,19,"Fruit",227645
65,14,"Forestry",16814
1111,8,"Sheepmeat",393642
902,4,"Beef",199733
2282,16,"Forestry",3544026
2249,2,"Beef",143589
2756,9,"Sheepmeat",8216196
2118,15,"Forestry",6409
1686,13,"Forestry",3867
998,23,"Veges",7234696
1961,27,"Sheepmeat",419071
1217,13,"Forestry",54084
756,8,"Sheepmeat",4889
2117,16,"Forestry",50885
1383,4,"Beef",30338
1496,8,"Sheepmeat",657462
3002,1,"Dairy",2874288
949,16,"Forestry",702771
3095,1,"Dairy",6318043
1012,2,"Beef",44082
1655,29,"Sheepmeat",1564774
2440,16,"Forestry",6977617
871,17,"Fruit",47904
1167,10,"Sheepmeat",413194
2927,4,"Beef",248450
2909,28,"Sheepmeat",17308256
1199,9,"Sheepmeat",16238
74,2,"Beef",7993
1009,3,"Beef",74125
2325,22,"Fruit",6136
3001,19,"Fruit",67697377
1168,10,"Sheepmeat",252117
839,20,"Fruit",3892634
938,24,"Veges",3679147
1289,29,"Sheepmeat",49850
1999,13,"Forestry",50533
3155,13,"Forestry",202136
3074,9,"Sheepmeat",4726474
1117,2,"Beef",4061707
3055,10,"Sheepmeat",768831
2820,25,"Veges",30741184
1043,24,"Veges",3894302
1238,13,"Forestry",2112
689,17,"Fruit",430638
1215,19,"Fruit",1201195
1435,5,"Beef",58609
3108,14,"Forestry",127733
2323,9,"Sheepmeat",24596384
2912,15,"Forestry",4499360
410,28,"Sheepmeat",55655
1286,11,"Forestry",335657
2376,12,"Forestry",383803
2513,17,"Fruit",3010067
1640,11,"Forestry",11963
2040,15,"Forestry",62937
2162,11,"Forestry",211423
2554,24,"Veges",162984
3030,25,"Veges",31465611
2781,12,"Forestry",46952
3060,12,"Forestry",702872
3144,15,"Forestry",6586781
2936,25,"Veges",162984
3169,27,"Sheepmeat",10446768
2857,2,"Beef",28052
1623,14,"Forestry",38842
134,9,"Sheepmeat",106272
2832,16,"Forestry",96816712
2913,26,"Veges",2512069
2438,10,"Sheepmeat",39084
994,4,"Beef",2191502
2782,27,"Sheepmeat",3386205
1115,10,"Sheepmeat",599735
672,27,"Sheepmeat",4491
1344,3,"Beef",83885
1615,29,"Sheepmeat",5241
2441,16,"Forestry",12867
497,28,"Sheepmeat",119361
860,2,"Beef",7808
2793,13,"Forestry",69530
2754,11,"Forestry",69826
2805,6,"Beef",8405
1157,4,"Beef",406784
2497,16,"Forestry",60302033
2805,26,"Veges",2512069
1585,6,"Beef",8405
1225,11,"Forestry",278515
1450,11,"Forestry",53255
2513,28,"Sheepmeat",1748
3037,6,"Beef",178929
2973,12,"Forestry",493333
412,4,"Beef",172022
1566,29,"Sheepmeat",6328
1691,28,"Sheepmeat",2373924
1981,27,"Sheepmeat",859922
1496,28,"Sheepmeat",849839
1958,3,"Beef",22445
1467,25,"Veges",672623
1245,16,"Forestry",94609684
5,9,"Sheepmeat",13149218
886,9,"Sheepmeat",1238
1695,29,"Sheepmeat",279755
2806,1,"Dairy",294373
2153,27,"Sheepmeat",2630404
134,8,"Sheepmeat",115394
2999,24,"Veges",56621144
1187,3,"Beef",135917
3069,2,"Beef",11386642
2239,28,"Sheepmeat",14276
86,11,"Forestry",2199
1426,26,"Veges",167878
349,29,"Sheepmeat",1601
3078,16,"Forestry",90902
1439,17,"Fruit",138365
1037,2,"Beef",35698
2805,9,"Sheepmeat",11988059
1284,4,"Beef",6560
2870,10,"Sheepmeat",85382312
1457,27,"Sheepmeat",121464
2578,16,"Forestry",997936
846,20,"Fruit",39079
1868,15,"Forestry",118100
1394,22,"Fruit",18867
3166,10,"Sheepmeat",84957524
2749,10,"Sheepmeat",3167404
2805,22,"Fruit",1080
2358,9,"Sheepmeat",1041
2134,11,"Forestry",96567
963,3,"Beef",151101
756,3,"Beef",3412
3028,24,"Veges",31465611
797,28,"Sheepmeat",14383
3065,4,"Beef",38150569
2230,10,"Sheepmeat",103616
919,25,"Veges",29618471
1975,10,"Sheepmeat",142334
2231,10,"Sheepmeat",134838
1087,13,"Forestry",18288
1460,12,"Forestry",14346
86,4,"Beef",469533
2200,8,"Sheepmeat",37405
2649,2,"Beef",13107109
26,9,"Sheepmeat",180410
3169,5,"Beef",178929
1590,22,"Fruit",55676
1820,29,"Sheepmeat",775875
2249,23,"Veges",109390
1093,9,"Sheepmeat",96498
2010,29,"Sheepmeat",548252
2890,4,"Beef",25442257
2597,9,"Sheepmeat",25589329
2908,13,"Forestry",171536
1526,13,"Forestry",5917
1428,19,"Fruit",455302
3051,17,"Fruit",16757
1294,14,"Forestry",2799
3132,26,"Veges",12983174
580,4,"Beef",1085228
898,3,"Beef",293404
897,18,"Fruit",26859
776,16,"Forestry",108580
2218,4,"Beef",46155
980,20,"Fruit",189630
2819,19,"Fruit",534374
1551,10,"Sheepmeat",25702343
2187,11,"Forestry",276466
1227,10,"Sheepmeat",23778
2943,25,"Veges",5192352
924,22,"Fruit",20937
2846,29,"Sheepmeat",6386
2466,2,"Beef",32738
1394,8,"Sheepmeat",84534
899,1,"Dairy",762789
1377,25,"Veges",1751349
2148,28,"Sheepmeat",961157
2999,29,"Sheepmeat",873873
2813,12,"Forestry",2578862
1460,9,"Sheepmeat",802133
823,16,"Forestry",1776852
964,12,"Forestry",11196323
1247,12,"Forestry",1325
2571,4,"Beef",397452
1259,27,"Sheepmeat",408121
1382,16,"Forestry",4844336
1016,2,"Beef",61500
1958,4,"Beef",67280
2753,3,"Beef",3379441
2437,27,"Sheepmeat",15925845
1067,21,"Fruit",70927
3093,4,"Beef",130536784
725,20,"Fruit",1032
3142,3,"Beef",12703940
2836,5,"Beef",8405
1094,18,"Fruit",137557
1714,29,"Sheepmeat",125725
1677,27,"Sheepmeat",349574
1275,3,"Beef",213853
2959,25,"Veges",3204489
2647,28,"Sheepmeat",484152
3045,28,"Sheepmeat",28571248
1569,3,"Beef",86822
1023,2,"Beef",165404
757,11,"Forestry",4683
1673,27,"Sheepmeat",7005
2912,10,"Sheepmeat",12240879
902,27,"Sheepmeat",61335
1631,3,"Beef",64230
1174,2,"Beef",39696
2950,13,"Forestry",1064
1518,10,"Sheepmeat",12366
1039,11,"Forestry",5405
577,18,"Fruit",1186991
2986,16,"Forestry",1352145
1896,21,"Fruit",4323
1287,4,"Beef",37871
3084,2,"Beef",1286858
917,12,"Forestry",3379146
8,17,"Fruit",14131291
213,24,"Veges",8417635
1580,27,"Sheepmeat",34730575
2371,10,"Sheepmeat",1669638
1809,15,"Forestry",412136
443,29,"Sheepmeat",7043
3068,18,"Fruit",701154
2745,14,"Forestry",637958
917,29,"Sheepmeat",32700584
506,9,"Sheepmeat",7823
940,26,"Veges",101750
2826,28,"Sheepmeat",26718914
1549,26,"Veges",4987858
2966,2,"Beef",408510
949,29,"Sheepmeat",171699
3014,18,"Fruit",806709
3099,6,"Beef",178929
1214,26,"Veges",1413331
2941,25,"Veges",5920901
2340,9,"Sheepmeat",44457
1721,28,"Sheepmeat",42090
530,27,"Sheepmeat",1118445
1811,13,"Forestry",2139
580,3,"Beef",340426
2036,10,"Sheepmeat",5497900
3144,13,"Forestry",242970
3114,3,"Beef",2547935
2546,4,"Beef",1255
3095,21,"Fruit",863375
3123,10,"Sheepmeat",24209663
520,27,"Sheepmeat",7599
2602,19,"Fruit",2003556
1176,27,"Sheepmeat",6707280
999,15,"Forestry",6827
304,18,"Fruit",28038116
2995,11,"Forestry",3285119
2803,1,"Dairy",294373
2585,2,"Beef",13044366
2895,8,"Sheepmeat",15689665
1046,28,"Sheepmeat",63033
1645,10,"Sheepmeat",11219
1664,8,"Sheepmeat",359482
3121,8,"Sheepmeat",26968458
1551,5,"Beef",8405
1769,11,"Forestry",5148
2823,18,"Fruit",559234
2593,4,"Beef",40355453
2869,14,"Forestry",60195
574,3,"Beef",1118222
1171,11,"Forestry",14344
3004,17,"Fruit",8154325
1431,12,"Forestry",801761
2105,27,"Sheepmeat",3285466
2834,8,"Sheepmeat",26248553
3048,11,"Forestry",89988
2777,29,"Sheepmeat",368880255
1891,16,"Forestry",93302130
2912,27,"Sheepmeat",17176041
1091,3,"Beef",1014958
980,22,"Fruit",93855
1435,13,"Forestry",60503
1302,9,"Sheepmeat",18446
2577,26,"Veges",165578
3067,18,"Fruit",701154
1923,27,"Sheepmeat",33432
905,3,"Beef",169157
1875,9,"Sheepmeat",456667
3166,26,"Veges",10025529
534,3,"Beef",340426
919,19,"Fruit",26185633
1646,19,"Fruit",713609
846,4,"Beef",4617516
2942,11,"Forestry",1636893
1374,4,"Beef",857507
1966,3,"Beef",618127
2841,13,"Forestry",242970
1248,16,"Forestry",403152
2790,29,"Sheepmeat",17976578
2903,2,"Beef",605430
2630,4,"Beef",49076
1320,11,"Forestry",186321
2913,6,"Beef",8405
2997,23,"Veges",106011
2770,5,"Beef",8405
3030,21,"Fruit",175973
2008,29,"Sheepmeat",15380790
2888,18,"Fruit",545293
2956,14,"Forestry",94338
81,3,"Beef",25131
928,19,"Fruit",189207
833,23,"Veges",54949256
1472,3,"Beef",4396
2117,29,"Sheepmeat",996826
1857,4,"Beef",2038
2021,22,"Fruit",28681
1331,16,"Forestry",60862
2339,28,"Sheepmeat",3537909
1268,28,"Sheepmeat",43048
1216,28,"Sheepmeat",36647
2919,12,"Forestry",2165883
445,28,"Sheepmeat",8923
560,10,"Sheepmeat",804813
1678,16,"Forestry",4972055
2237,12,"Forestry",16889
1247,16,"Forestry",37787
2944,8,"Sheepmeat",65666
3045,26,"Veges",4552558
1974,9,"Sheepmeat",462011
1699,28,"Sheepmeat",1894800
2276,29,"Sheepmeat",13745
3003,19,"Fruit",36064536
2531,19,"Fruit",227645
1823,3,"Beef",2836
2934,16,"Forestry",581136
2923,29,"Sheepmeat",48503366
1959,27,"Sheepmeat",2193
2837,7,"Beef",25193
2466,9,"Sheepmeat",42352
1441,9,"Sheepmeat",8782080
1753,14,"Forestry",6893
2215,11,"Forestry",231626
2191,15,"Forestry",303903
66,20,"Fruit",45168
957,4,"Beef",20791
2849,24,"Veges",31465611
2342,10,"Sheepmeat",105671
2993,29,"Sheepmeat",4731
2362,1,"Dairy",294373
1177,12,"Forestry",4383
1286,12,"Forestry",335657
3029,4,"Beef",39270225
3166,28,"Sheepmeat",118731785
1297,29,"Sheepmeat",1562514
235,2,"Beef",14741
2759,25,"Veges",2180318
3132,1,"Dairy",294373
1127,8,"Sheepmeat",6178252
2910,15,"Forestry",4499360
2321,9,"Sheepmeat",3507
472,28,"Sheepmeat",7599
1534,29,"Sheepmeat",3391471
2264,24,"Veges",3146124
3058,28,"Sheepmeat",5927256
2864,18,"Fruit",12344618
2796,27,"Sheepmeat",8203413
2555,16,"Forestry",1342312
2809,19,"Fruit",38591
1810,11,"Forestry",204420
284,14,"Forestry",248343
2514,26,"Veges",2670390
1000,20,"Fruit",518064
1134,4,"Beef",517040
1979,3,"Beef",25048
2941,22,"Fruit",1080
3062,21,"Fruit",3139561
2372,10,"Sheepmeat",1619692
2905,29,"Sheepmeat",56038424
519,29,"Sheepmeat",379456
2808,4,"Beef",18439085
2273,28,"Sheepmeat",3834296
673,27,"Sheepmeat",8923
992,3,"Beef",744002
2774,5,"Beef",275924
1829,28,"Sheepmeat",3527411
1021,9,"Sheepmeat",318223
1275,27,"Sheepmeat",505328
1208,3,"Beef",692325
2374,10,"Sheepmeat",1534684
2835,9,"Sheepmeat",24526579
2512,26,"Veges",2670390
2095,9,"Sheepmeat",285469
2408,2,"Beef",73008
845,3,"Beef",7650
1368,9,"Sheepmeat",6915
1333,3,"Beef",2522
2325,17,"Fruit",108243
859,2,"Beef",4624
3059,14,"Forestry",10648
1378,26,"Veges",721908
1550,18,"Fruit",10714487
2037,3,"Beef",2328944
1033,3,"Beef",252540
2011,3,"Beef",131001
3122,19,"Fruit",13183224
2992,15,"Forestry",6806969
2908,16,"Forestry",64942215
2413,2,"Beef",315101
1965,27,"Sheepmeat",477233
1680,10,"Sheepmeat",25893
2106,8,"Sheepmeat",2538107
928,15,"Forestry",193484
1460,25,"Veges",4884
1083,4,"Beef",34602
1087,28,"Sheepmeat",314441
1444,12,"Forestry",11033
892,26,"Veges",369139
2956,2,"Beef",3335187
1700,8,"Sheepmeat",1453148
1467,14,"Forestry",1388
646,14,"Forestry",242970
1390,8,"Sheepmeat",38237
3006,7,"Beef",25193
417,29,"Sheepmeat",4175
3141,22,"Fruit",6805
2035,3,"Beef",3944428
2180,16,"Forestry",337035
2285,3,"Beef",175852
1586,6,"Beef",8405
3132,21,"Fruit",175973
2233,2,"Beef",429116
1459,9,"Sheepmeat",2879
1318,25,"Veges",728550
1860,15,"Forestry",177429
2835,17,"Fruit",701154
2073,8,"Sheepmeat",177105
1175,3,"Beef",7408
1511,28,"Sheepmeat",2110442
2593,2,"Beef",13044366
2763,11,"Forestry",1730291
1124,4,"Beef",6560
2852,3,"Beef",487747
213,19,"Fruit",104122269
645,16,"Forestry",171964008
3006,1,"Dairy",2874288
311,14,"Forestry",5372
1060,9,"Sheepmeat",31002
2275,24,"Veges",32924701
2224,13,"Forestry",11342
1744,27,"Sheepmeat",69251
1248,25,"Veges",1508815
1836,4,"Beef",14013
2819,20,"Fruit",28824
3051,25,"Veges",9399175
824,8,"Sheepmeat",175495
1312,28,"Sheepmeat",59866
1971,3,"Beef",187856
1250,16,"Forestry",74479897
1141,28,"Sheepmeat",277167
3115,12,"Forestry",30430
1040,3,"Beef",157244
1221,10,"Sheepmeat",119413
580,28,"Sheepmeat",1124326
1590,5,"Beef",8405
1973,14,"Forestry",3114
1007,28,"Sheepmeat",2643999
2304,27,"Sheepmeat",41410
995,16,"Forestry",109075
848,8,"Sheepmeat",2684131
2475,8,"Sheepmeat",143076
1483,9,"Sheepmeat",1263
1089,16,"Forestry",619968
498,8,"Sheepmeat",89644
2958,13,"Forestry",69530
2358,24,"Veges",119816
1337,3,"Beef",2853
3129,18,"Fruit",701154
1880,27,"Sheepmeat",5149067
3089,12,"Forestry",197492
2119,12,"Forestry",1713
2923,24,"Veges",6083886
1851,24,"Veges",1508815
2807,5,"Beef",8405
1379,26,"Veges",721908
66,25,"Veges",1896622
1044,14,"Forestry",35197
1218,4,"Beef",511873
1867,13,"Forestry",39970
2750,10,"Sheepmeat",4509305
2543,4,"Beef",2443
2168,23,"Veges",149735
1265,12,"Forestry",28633
1018,18,"Fruit",627486
132,27,"Sheepmeat",154973
2577,23,"Veges",413919
3040,25,"Veges",27212293
2957,9,"Sheepmeat",5762879
962,3,"Beef",153874
2868,6,"Beef",275924
576,12,"Forestry",107798
956,3,"Beef",73833
2759,4,"Beef",20863089
1144,28,"Sheepmeat",10833
759,29,"Sheepmeat",38701
2166,27,"Sheepmeat",230949
3151,14,"Forestry",242970
2145,4,"Beef",122899
914,23,"Veges",511872
1518,9,"Sheepmeat",12366
1620,3,"Beef",1291
1803,2,"Beef",173577
1894,23,"Veges",6295645
2915,18,"Fruit",16757
3002,10,"Sheepmeat",58600262
691,4,"Beef",372160
834,16,"Forestry",1781503
871,10,"Sheepmeat",20839
1925,16,"Forestry",86797033
974,9,"Sheepmeat",3187
2818,27,"Sheepmeat",20246942
2270,11,"Forestry",16531
2888,23,"Veges",25508352
3164,7,"Beef",836800
1586,5,"Beef",8405
2009,4,"Beef",18097
3143,4,"Beef",39270225
1803,9,"Sheepmeat",605867
3157,6,"Beef",8405
3018,10,"Sheepmeat",1257
608,2,"Beef",3501
156,4,"Beef",81756
1807,29,"Sheepmeat",1767
1299,29,"Sheepmeat",767819
1042,22,"Fruit",199846
532,13,"Forestry",5372
2569,2,"Beef",580116
1060,4,"Beef",115825
1460,16,"Forestry",421571
2033,20,"Fruit",79448
3094,13,"Forestry",16833
3063,17,"Fruit",10990169
612,10,"Sheepmeat",1257
1996,29,"Sheepmeat",3458
1907,4,"Beef",6560
1535,27,"Sheepmeat",71446
1254,4,"Beef",59884
1710,8,"Sheepmeat",262774
1431,28,"Sheepmeat",34106518
1175,9,"Sheepmeat",528373
1852,25,"Veges",1158693
3145,12,"Forestry",3177321
3060,15,"Forestry",1427254
1470,23,"Veges",271218
1294,10,"Sheepmeat",567614
1612,27,"Sheepmeat",8300
1503,13,"Forestry",2540
3056,25,"Veges",3441003
2051,18,"Fruit",13807462
1163,27,"Sheepmeat",1199511
1861,29,"Sheepmeat",916534
2774,3,"Beef",42729469
2554,15,"Forestry",560533
2246,28,"Sheepmeat",9467205
1448,27,"Sheepmeat",47921
1876,15,"Forestry",19594
1909,13,"Forestry",276443
768,3,"Beef",11233
2527,4,"Beef",1085228
2508,9,"Sheepmeat",106798
2325,12,"Forestry",3971
1315,4,"Beef",24953
612,16,"Forestry",3159
2761,29,"Sheepmeat",56776090
1496,16,"Forestry",859629
2981,24,"Veges",159978
939,24,"Veges",60500
1515,29,"Sheepmeat",1657629
2826,2,"Beef",9647798
2619,2,"Beef",54332
607,28,"Sheepmeat",14383
2769,26,"Veges",21737468
1150,11,"Forestry",2818
1946,9,"Sheepmeat",167370
2659,6,"Beef",8405
1841,10,"Sheepmeat",1198857
2902,29,"Sheepmeat",365414
2237,27,"Sheepmeat",4542967
689,25,"Veges",680593
1705,2,"Beef",1647
3153,12,"Forestry",2572114
944,20,"Fruit",70417
1854,8,"Sheepmeat",52987
3118,29,"Sheepmeat",55090496
2653,29,"Sheepmeat",22222
315,29,"Sheepmeat",4338088
778,27,"Sheepmeat",157833
2798,12,"Forestry",1557654
3152,13,"Forestry",202136
1503,4,"Beef",370243
1699,2,"Beef",757778
2039,28,"Sheepmeat",15602664
1237,8,"Sheepmeat",278191
1924,4,"Beef",10309549
1304,15,"Forestry",1947
1925,11,"Forestry",3107454
1900,2,"Beef",7399
992,22,"Fruit",123502
2744,27,"Sheepmeat",1105
1900,11,"Forestry",179907
1819,11,"Forestry",245713
595,11,"Forestry",2412
2125,29,"Sheepmeat",4539570
1590,13,"Forestry",248343
2810,28,"Sheepmeat",17478886
1625,8,"Sheepmeat",27509
2955,9,"Sheepmeat",488112
906,21,"Fruit",16270
825,13,"Forestry",13860
1629,14,"Forestry",2442
3099,7,"Beef",537577
691,19,"Fruit",231939
1280,11,"Forestry",2766
1378,23,"Veges",1811724
2386,28,"Sheepmeat",1231122
2887,28,"Sheepmeat",430612
1458,21,"Fruit",85027
2466,10,"Sheepmeat",42352
1543,12,"Forestry",429231
2952,25,"Veges",1751349
3007,22,"Fruit",4721
1291,15,"Forestry",62790
3135,16,"Forestry",96844843
1510,25,"Veges",6455240
1182,9,"Sheepmeat",2443644
1437,1,"Dairy",15141
2790,12,"Forestry",767396
1090,16,"Forestry",20693
1510,21,"Fruit",1044630
2554,9,"Sheepmeat",1317885
1097,2,"Beef",36491
1830,2,"Beef",1321
2111,12,"Forestry",14344
1708,10,"Sheepmeat",2494
3144,24,"Veges",31465611
3162,25,"Veges",31465611
991,19,"Fruit",9165395
577,20,"Fruit",152457
1185,29,"Sheepmeat",20138720
1954,16,"Forestry",10976120
1001,3,"Beef",195332
2840,10,"Sheepmeat",24784517
235,17,"Fruit",14260205
2208,9,"Sheepmeat",3262587
992,11,"Forestry",2584
1172,25,"Veges",8000
2796,11,"Forestry",1160365
1815,13,"Forestry",2773
3119,16,"Forestry",18046219
3134,10,"Sheepmeat",24629986
136,10,"Sheepmeat",104828
12,15,"Forestry",98513
2767,3,"Beef",13135916
761,28,"Sheepmeat",4075
26,2,"Beef",18160
1258,27,"Sheepmeat",430413
1281,13,"Forestry",24808
883,28,"Sheepmeat",64839
1780,11,"Forestry",2103
1714,28,"Sheepmeat",41203
519,28,"Sheepmeat",119361
888,28,"Sheepmeat",45014
2971,16,"Forestry",21370315
2906,10,"Sheepmeat",509357
3105,29,"Sheepmeat",5362475
2831,8,"Sheepmeat",25947972
1016,26,"Veges",337833
570,16,"Forestry",30257
884,9,"Sheepmeat",745850
3068,25,"Veges",31412107
3027,24,"Veges",31465611
558,2,"Beef",46708
866,10,"Sheepmeat",1032
2690,3,"Beef",12703940
863,24,"Veges",3516293
757,12,"Forestry",4683
2913,24,"Veges",6083886
2134,10,"Sheepmeat",365994
396,26,"Veges",16249987
2945,4,"Beef",15106746
2840,7,"Beef",25193
1132,29,"Sheepmeat",1894692
3080,10,"Sheepmeat",394423
1253,12,"Forestry",2766
2910,25,"Veges",6083886
3125,16,"Forestry",71262
1534,22,"Fruit",5551
2998,2,"Beef",115610
887,19,"Fruit",302935
343,9,"Sheepmeat",7823
3143,24,"Veges",31465611
2436,2,"Beef",5843952
2082,8,"Sheepmeat",2128806
1049,19,"Fruit",1277308
472,3,"Beef",3412
1097,13,"Forestry",17015
2237,29,"Sheepmeat",13647412
1306,10,"Sheepmeat",503348
2437,4,"Beef",18171160
3144,18,"Fruit",806709
3134,4,"Beef",38717645
3140,11,"Forestry",2199
1100,2,"Beef",14754
2936,29,"Sheepmeat",5626127
2804,2,"Beef",5857128
1866,2,"Beef",152092
2010,3,"Beef",28327
3154,14,"Forestry",197471
2782,2,"Beef",919389
1797,29,"Sheepmeat",508519
1050,25,"Veges",817942
2750,6,"Beef",178929
3043,18,"Fruit",2387564
2161,11,"Forestry",18670
2648,28,"Sheepmeat",157833
1037,18,"Fruit",134678
1585,28,"Sheepmeat",35854901
752,29,"Sheepmeat",3870
2166,15,"Forestry",16135
2808,25,"Veges",6083886
2028,9,"Sheepmeat",2605048
1637,9,"Sheepmeat",191829
2033,3,"Beef",6190428
3048,6,"Beef",178929
2150,24,"Veges",162984
2192,3,"Beef",3352124
1081,20,"Fruit",7193
2891,2,"Beef",8184941
2823,8,"Sheepmeat",19955616
2413,4,"Beef",956892
290,28,"Sheepmeat",23910
2804,19,"Fruit",38591
1709,16,"Forestry",6417
2104,9,"Sheepmeat",2076716
1435,12,"Forestry",801761
2058,29,"Sheepmeat",406035
1694,16,"Forestry",952665
2373,9,"Sheepmeat",1534684
59,28,"Sheepmeat",3436
1880,12,"Forestry",1227703
2828,4,"Beef",33625990
1188,28,"Sheepmeat",715725
3025,28,"Sheepmeat",34730575
2898,29,"Sheepmeat",61423802
2784,14,"Forestry",18342
2762,3,"Beef",10688341
2693,21,"Fruit",203202
2836,25,"Veges",31412107
2198,28,"Sheepmeat",216288
837,3,"Beef",62743
1031,16,"Forestry",157497
3056,9,"Sheepmeat",7657552
2303,16,"Forestry",60302033
998,9,"Sheepmeat",1509518
1458,22,"Fruit",4170724
519,15,"Forestry",5880
3112,13,"Forestry",197471
2862,19,"Fruit",1543973
1364,2,"Beef",32188
2946,4,"Beef",2634886
883,3,"Beef",17049
757,16,"Forestry",7145
2225,2,"Beef",40527
1335,15,"Forestry",17011
1501,9,"Sheepmeat",296360
3142,2,"Beef",12703940
1157,15,"Forestry",35904
1416,4,"Beef",13625
895,21,"Fruit",252314
3105,28,"Sheepmeat",1781637
2345,16,"Forestry",7705906
2337,3,"Beef",46713
2798,25,"Veges",3441003
2539,15,"Forestry",69049
2553,4,"Beef",3439818
3141,4,"Beef",469533
607,14,"Forestry",248343
71,13,"Forestry",19825
621,18,"Fruit",7999
673,28,"Sheepmeat",8923
2085,27,"Sheepmeat",605023
2362,23,"Veges",1560829
2890,5,"Beef",8405
3040,7,"Beef",537577
3025,8,"Sheepmeat",26849218
298,14,"Forestry",248343
2937,10,"Sheepmeat",10822847
289,19,"Fruit",31406578
1391,28,"Sheepmeat",413309
3106,12,"Forestry",3097
1104,17,"Fruit",38268
1097,10,"Sheepmeat",622134
2998,3,"Beef",115610
1610,9,"Sheepmeat",36672
1642,8,"Sheepmeat",395710
3094,16,"Forestry",6064781
1293,4,"Beef",296087
2880,3,"Beef",11228662
27,3,"Beef",1179895
1307,28,"Sheepmeat",51147
1772,9,"Sheepmeat",14553
1514,14,"Forestry",5372
1945,14,"Forestry",30130
2753,4,"Beef",10201971
1426,21,"Fruit",112503
3031,18,"Fruit",701154
1467,29,"Sheepmeat",31351
2823,14,"Forestry",227601
2856,29,"Sheepmeat",1075
2355,3,"Beef",1778
1529,14,"Forestry",886300
1394,19,"Fruit",645556
3001,22,"Fruit",395545
2286,13,"Forestry",22639
1824,12,"Forestry",206942
870,2,"Beef",16229
1478,3,"Beef",11575
719,28,"Sheepmeat",4491
1459,17,"Fruit",283180
3006,27,"Sheepmeat",36043514
883,17,"Fruit",194283
2970,24,"Veges",366120
993,28,"Sheepmeat",1535791
1797,8,"Sheepmeat",130315
86,8,"Sheepmeat",143076
925,17,"Fruit",324763
614,4,"Beef",1168
950,23,"Veges",329646
3072,15,"Forestry",74281
1645,2,"Beef",15605
1809,9,"Sheepmeat",92810
2408,11,"Forestry",14829
3169,29,"Sheepmeat",31431494
1333,28,"Sheepmeat",17879
2834,21,"Fruit",175973
2956,1,"Dairy",294373
946,24,"Veges",326443
1892,28,"Sheepmeat",33432
1969,27,"Sheepmeat",253320
2352,9,"Sheepmeat",857090
987,5,"Beef",21666
3045,16,"Forestry",51567462
1805,8,"Sheepmeat",309415
1909,24,"Veges",41390
940,28,"Sheepmeat",1077
1185,9,"Sheepmeat",4816721
2787,4,"Beef",4420855
1211,3,"Beef",6614
1866,8,"Sheepmeat",229752
960,24,"Veges",41067
1468,19,"Fruit",1169797
2500,10,"Sheepmeat",24784517
3013,4,"Beef",6094
830,18,"Fruit",3013642
1042,19,"Fruit",7037201
2784,27,"Sheepmeat",3465253
2261,10,"Sheepmeat",11598
1810,24,"Veges",4043982
2359,4,"Beef",1194838
1519,19,"Fruit",31406578
1691,12,"Forestry",131056
2475,9,"Sheepmeat",131996
1543,26,"Veges",11235
1207,10,"Sheepmeat",5214257
1869,27,"Sheepmeat",857999
2962,29,"Sheepmeat",5386
873,16,"Forestry",382378
2923,5,"Beef",8405
1972,2,"Beef",137521
2999,3,"Beef",273848
838,3,"Beef",11555921
2298,16,"Forestry",60302033
2347,4,"Beef",195128
1368,2,"Beef",11789
1154,4,"Beef",2764088
2206,9,"Sheepmeat",386854
1337,20,"Fruit",2162
3038,29,"Sheepmeat",103264336
2425,9,"Sheepmeat",184718
2758,25,"Veges",1367347
1005,28,"Sheepmeat",1448
2423,9,"Sheepmeat",1139
1852,11,"Forestry",13322
2866,27,"Sheepmeat",118420805
1959,2,"Beef",2193
1095,27,"Sheepmeat",274208
1314,12,"Forestry",126919
498,27,"Sheepmeat",119361
2940,29,"Sheepmeat",46404546
1104,4,"Beef",3458
2922,12,"Forestry",2143621
2244,15,"Forestry",4762542
2793,15,"Forestry",1807559
2803,27,"Sheepmeat",15674864
926,11,"Forestry",12610
1687,15,"Forestry",52512
1044,13,"Forestry",35197
934,29,"Sheepmeat",1009575
795,27,"Sheepmeat",14383
1484,29,"Sheepmeat",6590
2392,25,"Veges",41390
1466,24,"Veges",57896
2414,2,"Beef",5567
3077,29,"Sheepmeat",318988
1665,27,"Sheepmeat",343849
2357,2,"Beef",4433
1238,15,"Forestry",48238
3042,4,"Beef",32982574
1459,2,"Beef",4004
284,19,"Fruit",6616469
1338,2,"Beef",655341
1180,14,"Forestry",1129
572,28,"Sheepmeat",5881
2193,9,"Sheepmeat",4228
1507,24,"Veges",39391627
1511,11,"Forestry",2584
2801,12,"Forestry",2064659
1030,27,"Sheepmeat",5440347
1293,16,"Forestry",40047
3080,19,"Fruit",19520
3093,16,"Forestry",19517696
1127,16,"Forestry",462358
831,26,"Veges",797431
2580,29,"Sheepmeat",143621
2613,27,"Sheepmeat",1124326
1390,4,"Beef",137831
1394,2,"Beef",34305
1438,12,"Forestry",484294
1318,15,"Forestry",15180
1878,11,"Forestry",2412
1953,28,"Sheepmeat",8497983
2798,21,"Fruit",4323
2520,27,"Sheepmeat",1452514
2503,20,"Fruit",114997
2555,10,"Sheepmeat",1210193
3051,3,"Beef",6216739
2371,13,"Forestry",35179
1676,15,"Forestry",476773
1689,11,"Forestry",132861
2346,29,"Sheepmeat",1601
3133,12,"Forestry",3175122
878,10,"Sheepmeat",6710
572,4,"Beef",6922
1208,8,"Sheepmeat",2636200
3151,3,"Beef",11800270
1345,3,"Beef",3672
2891,25,"Veges",30741184
2340,16,"Forestry",5305
2889,14,"Forestry",227601
309,17,"Fruit",2337682
1934,29,"Sheepmeat",96230
3056,6,"Beef",8405
1281,29,"Sheepmeat",1208547
3058,25,"Veges",366120
1984,2,"Beef",76751
434,19,"Fruit",77326
2984,14,"Forestry",18342
1213,9,"Sheepmeat",6087530
2049,22,"Fruit",1157
2756,16,"Forestry",3744461
3156,24,"Veges",502305
3062,25,"Veges",28564797
1526,9,"Sheepmeat",300819
1640,10,"Sheepmeat",440777
2264,2,"Beef",5023
1694,15,"Forestry",63247
2407,4,"Beef",560886
2933,5,"Beef",8405
2800,18,"Fruit",16757
1686,28,"Sheepmeat",8051
1338,13,"Forestry",25016
2371,15,"Forestry",806547
1448,21,"Fruit",157984
156,16,"Forestry",1032
2974,15,"Forestry",919844
1642,3,"Beef",19183
689,9,"Sheepmeat",2740
1069,27,"Sheepmeat",2807
2913,15,"Forestry",4499360
2311,29,"Sheepmeat",2116289
2871,5,"Beef",275924
3144,2,"Beef",12703940
2985,27,"Sheepmeat",37466
2853,29,"Sheepmeat",1167555
49,1,"Dairy",294373
3137,23,"Veges",26257752
2392,9,"Sheepmeat",7331320
745,16,"Forestry",108580
2125,4,"Beef",1601816
2400,27,"Sheepmeat",2588512
1806,16,"Forestry",5452003
884,17,"Fruit",33677
2000,12,"Forestry",598980
1826,27,"Sheepmeat",629456
3142,8,"Sheepmeat",26849218
1033,26,"Veges",378682
1106,16,"Forestry",4245
2725,2,"Beef",5849870
1952,9,"Sheepmeat",6648816
2218,10,"Sheepmeat",21153
1349,10,"Sheepmeat",2875
2944,29,"Sheepmeat",259214
2907,13,"Forestry",171536
3089,28,"Sheepmeat",2492174
2234,28,"Sheepmeat",883352
1964,15,"Forestry",35904
2771,7,"Beef",836800
2362,29,"Sheepmeat",2374584
2950,9,"Sheepmeat",1792
3075,6,"Beef",178929
61,8,"Sheepmeat",2659
2290,8,"Sheepmeat",7395
1830,11,"Forestry",60352
1076,4,"Beef",23872
1943,10,"Sheepmeat",1564
3146,11,"Forestry",3177321
2633,3,"Beef",3774962
557,21,"Fruit",26724
3093,7,"Beef",836800
1768,8,"Sheepmeat",292017
2799,7,"Beef",25193
2781,9,"Sheepmeat",310561
3151,25,"Veges",31412107
2982,2,"Beef",1584114
824,3,"Beef",17411
1943,29,"Sheepmeat",9778
1018,26,"Veges",402755
2798,18,"Fruit",16757
1253,15,"Forestry",5576
1925,20,"Fruit",2162
61,29,"Sheepmeat",10301
416,2,"Beef",1393
30,8,"Sheepmeat",5955
530,20,"Fruit",12334
1170,29,"Sheepmeat",2114909
560,27,"Sheepmeat",1124326
1902,12,"Forestry",3361866
1680,4,"Beef",111088
2953,8,"Sheepmeat",732016
1427,29,"Sheepmeat",294916
844,27,"Sheepmeat",36022119
2436,15,"Forestry",4360007
1424,28,"Sheepmeat",20456
2855,3,"Beef",97768
1043,4,"Beef",7412
2053,16,"Forestry",205985
2437,13,"Forestry",168950
2361,10,"Sheepmeat",44457
884,15,"Forestry",130272
1519,2,"Beef",6441
1696,8,"Sheepmeat",1701029
2374,2,"Beef",277754
2870,23,"Veges",8455207
3075,9,"Sheepmeat",3437728
2274,16,"Forestry",962667
1628,28,"Sheepmeat",152721
2806,14,"Forestry",171536
2773,29,"Sheepmeat",366887107
1263,8,"Sheepmeat",23700
2549,26,"Veges",328933
177,25,"Veges",12090250
2838,17,"Fruit",701154
2000,16,"Forestry",17331027
1041,22,"Fruit",201289
371,29,"Sheepmeat",1230
2908,18,"Fruit",16757
808,18,"Fruit",28038116
579,13,"Forestry",5372
3100,29,"Sheepmeat",4320597
1772,12,"Forestry",1309
1318,3,"Beef",184409
1168,28,"Sheepmeat",350696
862,26,"Veges",1494475
1360,28,"Sheepmeat",6115
3094,5,"Beef",275924
3,2,"Beef",5073679
2883,8,"Sheepmeat",1183461
3155,2,"Beef",11553982
2477,1,"Dairy",294373
3005,5,"Beef",58609
1462,2,"Beef",12756
840,29,"Sheepmeat",4883
3052,10,"Sheepmeat",13684005
2271,20,"Fruit",39884
1466,28,"Sheepmeat",1448
473,12,"Forestry",4683
1262,29,"Sheepmeat",999786
2214,10,"Sheepmeat",158988
992,12,"Forestry",2584
1349,29,"Sheepmeat",14365
1114,27,"Sheepmeat",3450121
2154,2,"Beef",663689
2979,11,"Forestry",261753
2989,11,"Forestry",107798
1427,12,"Forestry",2412
606,14,"Forestry",248343
939,9,"Sheepmeat",6511
1391,8,"Sheepmeat",318788
1385,8,"Sheepmeat",20630
1089,2,"Beef",56118
1436,4,"Beef",34228885
2865,15,"Forestry",2387194
558,9,"Sheepmeat",97077
2779,9,"Sheepmeat",87253246
1849,2,"Beef",3389
1798,2,"Beef",230712
1012,17,"Fruit",931797
3008,1,"Dairy",212224
3098,16,"Forestry",96965083
1460,2,"Beef",441767
979,4,"Beef",13289
312,21,"Fruit",4323
844,22,"Fruit",57561
9,8,"Sheepmeat",868111
1655,8,"Sheepmeat",399457
2797,26,"Veges",2143138
1535,29,"Sheepmeat",214160
1920,29,"Sheepmeat",3419
2233,12,"Forestry",12101
919,17,"Fruit",11898661
1815,14,"Forestry",2773
1245,9,"Sheepmeat",7727012
1220,14,"Forestry",7570
3061,29,"Sheepmeat",359239515
299,19,"Fruit",38023047
1636,3,"Beef",37296
1669,8,"Sheepmeat",57704
3074,14,"Forestry",2004
1471,4,"Beef",118673
1870,29,"Sheepmeat",2504112
1491,4,"Beef",21654
2630,22,"Fruit",85544
1164,12,"Forestry",11963
3156,22,"Fruit",685562
1875,28,"Sheepmeat",643332
2148,11,"Forestry",29767
3137,28,"Sheepmeat",34538733
823,10,"Sheepmeat",825541
2722,10,"Sheepmeat",7494486
3033,26,"Veges",12990555
1829,16,"Forestry",12048372
1878,10,"Sheepmeat",80717
1985,16,"Forestry",2820499
1896,9,"Sheepmeat",138771
2945,9,"Sheepmeat",8949996
3157,22,"Fruit",1080
951,10,"Sheepmeat",58457
2936,11,"Forestry",277466
1186,11,"Forestry",1324450
1513,27,"Sheepmeat",183691
1510,11,"Forestry",2584
2937,16,"Forestry",55963363
2872,5,"Beef",275924
2993,12,"Forestry",3285119
2864,20,"Fruit",1570957
2023,8,"Sheepmeat",398475
3042,1,"Dairy",6318043
2910,10,"Sheepmeat",12240879
3134,19,"Fruit",1543973
1107,11,"Forestry",20027
1800,2,"Beef",4762
2891,29,"Sheepmeat",73269151
315,10,"Sheepmeat",1036738
2904,17,"Fruit",16757
1086,29,"Sheepmeat",1333133
1526,15,"Forestry",223765
1836,8,"Sheepmeat",29420
2832,27,"Sheepmeat",33707953
3115,28,"Sheepmeat",6274983
3097,12,"Forestry",2423004
3090,23,"Veges",6748108
1808,14,"Forestry",17371
3164,4,"Beef",131163466
1029,3,"Beef",41275
1744,12,"Forestry",1309
1284,28,"Sheepmeat",36647
2573,4,"Beef",1207
1630,16,"Forestry",1161457
2947,29,"Sheepmeat",5332223
3012,12,"Forestry",5951260
2438,3,"Beef",44247
3060,19,"Fruit",5220209
2968,15,"Forestry",6036
75,2,"Beef",14614
2863,14,"Forestry",242970
2504,11,"Forestry",7096
842,28,"Sheepmeat",306585
1832,8,"Sheepmeat",1260589
1769,3,"Beef",47628
938,20,"Fruit",386491
1468,14,"Forestry",1388
1753,15,"Forestry",201793
3079,27,"Sheepmeat",2931359
1131,9,"Sheepmeat",1139850
2160,10,"Sheepmeat",1160198
752,4,"Beef",3870
2936,10,"Sheepmeat",1338231
3123,11,"Forestry",2533390
2829,2,"Beef",11291513
2027,10,"Sheepmeat",3007861
2787,11,"Forestry",235512
2764,19,"Fruit",4147863
1669,28,"Sheepmeat",74588
2650,10,"Sheepmeat",25696128
2550,12,"Forestry",1556115
2127,28,"Sheepmeat",2419769
1637,16,"Forestry",39694
2840,19,"Fruit",1775911
1483,3,"Beef",1757
2274,27,"Sheepmeat",725564
298,10,"Sheepmeat",106798
2935,3,"Beef",73008
974,29,"Sheepmeat",13289
691,20,"Fruit",13618
1032,21,"Fruit",295634
2823,7,"Beef",25193
294,16,"Forestry",1398
3066,21,"Fruit",175973
1309,16,"Forestry",7088
2154,14,"Forestry",4678
121,29,"Sheepmeat",87023
3009,3,"Beef",12978
1865,24,"Veges",1751349
3068,12,"Forestry",3167163
1054,10,"Sheepmeat",1572023
1165,29,"Sheepmeat",480061
2388,15,"Forestry",63247
1640,15,"Forestry",24119
1143,16,"Forestry",170216
988,17,"Fruit",724551
2941,6,"Beef",8405
2829,14,"Forestry",237166
2719,28,"Sheepmeat",1220
2412,25,"Veges",103007
1546,29,"Sheepmeat",1575
1624,21,"Fruit",33465
1294,16,"Forestry",988923
198,9,"Sheepmeat",3822
3037,19,"Fruit",4607471
1112,8,"Sheepmeat",169729
149,11,"Forestry",2706
1147,28,"Sheepmeat",360804
3150,29,"Sheepmeat",100661245
271,10,"Sheepmeat",7823
1048,20,"Fruit",63836
3012,29,"Sheepmeat",33108242
3128,20,"Fruit",88012
1249,29,"Sheepmeat",7373890
1647,4,"Beef",1381506
907,6,"Beef",2952
3028,18,"Fruit",806709
2919,15,"Forestry",4409203
3008,18,"Fruit",9790444
3041,4,"Beef",33090059
1137,16,"Forestry",72876
2778,6,"Beef",275924
2825,22,"Fruit",35012
2484,17,"Fruit",910310
878,25,"Veges",437029
1255,4,"Beef",104662
946,26,"Veges",134344
2281,27,"Sheepmeat",1186348
2238,10,"Sheepmeat",5187
2392,24,"Veges",41390
952,4,"Beef",408804
1581,3,"Beef",12703940
1788,10,"Sheepmeat",255467
2748,9,"Sheepmeat",2840973
1710,9,"Sheepmeat",242245
2984,29,"Sheepmeat",12125693
2034,12,"Forestry",167447
531,28,"Sheepmeat",1124326
2401,3,"Beef",4762
574,2,"Beef",1118222
1436,27,"Sheepmeat",34096284
2219,9,"Sheepmeat",610954
1332,8,"Sheepmeat",15616
1430,9,"Sheepmeat",1394
1198,2,"Beef",17840
1897,9,"Sheepmeat",7332526
1431,9,"Sheepmeat",24463788
473,9,"Sheepmeat",4543
1048,17,"Fruit",512911
2035,8,"Sheepmeat",11140552
1460,20,"Fruit",37866
2820,2,"Beef",8225521
1847,9,"Sheepmeat",64357
2149,29,"Sheepmeat",1893770
1531,2,"Beef",36129
1893,12,"Forestry",128091
2859,10,"Sheepmeat",212181
2772,6,"Beef",275924
294,29,"Sheepmeat",79980
3143,23,"Veges",26257752
3113,10,"Sheepmeat",13634206
2767,2,"Beef",13135916
3112,6,"Beef",8405
1878,9,"Sheepmeat",80717
2818,7,"Beef",25193
760,9,"Sheepmeat",2534
2550,26,"Veges",1146615
1272,27,"Sheepmeat",123592
2518,16,"Forestry",9271
2400,3,"Beef",629261
870,26,"Veges",376264
1394,16,"Forestry",29713
6,16,"Forestry",207754
1941,26,"Veges",14760
1453,25,"Veges",41255
1107,9,"Sheepmeat",185513
2904,12,"Forestry",2326098
1163,9,"Sheepmeat",862335
1891,12,"Forestry",3329332
1830,29,"Sheepmeat",16174
2077,21,"Fruit",4323
1216,2,"Beef",1345
2932,28,"Sheepmeat",158251
1653,26,"Veges",286206
1059,20,"Fruit",16088
595,3,"Beef",39341
3023,3,"Beef",12703940
3118,4,"Beef",20186934
795,10,"Sheepmeat",7823
1950,12,"Forestry",597156
1436,21,"Fruit",723693
2433,4,"Beef",3689
989,9,"Sheepmeat",1169
2249,11,"Forestry",26242
1139,9,"Sheepmeat",3774
1667,3,"Beef",302556
25,28,"Sheepmeat",335684
315,8,"Sheepmeat",1116659
1828,10,"Sheepmeat",81460
983,28,"Sheepmeat",49242
931,10,"Sheepmeat",199270
2597,6,"Beef",8405
1648,4,"Beef",11588
1629,11,"Forestry",58495
2894,9,"Sheepmeat",42352
1660,28,"Sheepmeat",167266
2187,26,"Veges",67445
3083,3,"Beef",11553982
3136,11,"Forestry",3175122
985,9,"Sheepmeat",86992
2520,8,"Sheepmeat",208123
3119,14,"Forestry",51643
763,3,"Beef",1487
1448,8,"Sheepmeat",37073
1437,7,"Beef",1196
1828,12,"Forestry",2994
99,28,"Sheepmeat",7343
763,21,"Fruit",2063
3026,5,"Beef",8405
1916,16,"Forestry",1144102
3039,9,"Sheepmeat",24538090
1957,16,"Forestry",2257744
2362,5,"Beef",8405
1463,9,"Sheepmeat",44457
2951,26,"Veges",721908
1355,29,"Sheepmeat",2378
901,29,"Sheepmeat",27874
1550,21,"Fruit",243690
937,29,"Sheepmeat",744924
687,28,"Sheepmeat",62027
1043,14,"Forestry",35197
1588,6,"Beef",8405
2384,8,"Sheepmeat",230209
1203,4,"Beef",567542
2375,14,"Forestry",34078
1985,14,"Forestry",6552
2439,7,"Beef",64943
871,18,"Fruit",47904
1655,3,"Beef",201220
1327,10,"Sheepmeat",68854
3083,21,"Fruit",3515504
1867,12,"Forestry",504112
3124,11,"Forestry",2548003
844,9,"Sheepmeat",25701270
994,26,"Veges",1721839
647,8,"Sheepmeat",868111
2884,26,"Veges",12705536
2908,22,"Fruit",1080
3090,4,"Beef",129213336
572,8,"Sheepmeat",4550
904,8,"Sheepmeat",45876
2199,4,"Beef",8527
2902,26,"Veges",131867
2513,8,"Sheepmeat",1353
1034,29,"Sheepmeat",550142
1910,2,"Beef",3487630
905,9,"Sheepmeat",368406
2352,4,"Beef",489511
2484,19,"Fruit",2003556
2786,9,"Sheepmeat",2575653
1688,4,"Beef",2093054
1510,1,"Dairy",762789
1864,11,"Forestry",12101
1380,23,"Veges",1811724
304,25,"Veges",51481877
1584,3,"Beef",13044366
1273,29,"Sheepmeat",236058
2192,21,"Fruit",4323
2904,5,"Beef",8405
1977,2,"Beef",544231
1139,10,"Sheepmeat",3774
2861,15,"Forestry",91329
1233,3,"Beef",556677
2204,8,"Sheepmeat",566607
837,18,"Fruit",17270271
2937,15,"Forestry",3895319
2033,21,"Fruit",158849
1674,15,"Forestry",522933
1676,28,"Sheepmeat",174489
1229,3,"Beef",38203
2775,28,"Sheepmeat",121316792
3096,19,"Fruit",1124637
2930,11,"Forestry",2064659
2072,4,"Beef",94985
3052,24,"Veges",8948961
2498,21,"Fruit",26724
2556,11,"Forestry",107798
2828,7,"Beef",25193
2748,11,"Forestry",3097
2315,23,"Veges",295954
422,8,"Sheepmeat",4113
3057,11,"Forestry",71683
1432,29,"Sheepmeat",67277
2209,8,"Sheepmeat",893881
1497,15,"Forestry",52906
2779,15,"Forestry",424322
3033,10,"Sheepmeat",24580874
2980,25,"Veges",159978
1108,11,"Forestry",6204
3140,18,"Fruit",105555
1059,22,"Fruit",8039
2211,9,"Sheepmeat",66719
2762,7,"Beef",537577
2973,23,"Veges",378741
1458,17,"Fruit",334163
2858,3,"Beef",28052
645,14,"Forestry",242970
2314,28,"Sheepmeat",125829
1267,16,"Forestry",4312383
3081,29,"Sheepmeat",134796
1148,2,"Beef",369017
2050,10,"Sheepmeat",1681
1799,4,"Beef",14273
576,11,"Forestry",107798
1301,4,"Beef",239909
1212,28,"Sheepmeat",8513125
3106,15,"Forestry",53193
2552,15,"Forestry",10415
841,5,"Beef",2952
310,25,"Veges",51481877
848,16,"Forestry",13720333
2309,27,"Sheepmeat",911701
2903,8,"Sheepmeat",1932021
2192,9,"Sheepmeat",6648816
1520,24,"Veges",891302
2744,2,"Beef",1105
2763,8,"Sheepmeat",22096630
1705,16,"Forestry",2184
1392,13,"Forestry",2139
1661,14,"Forestry",3678
3116,13,"Forestry",2004
2521,17,"Fruit",4202324
1494,2,"Beef",787460
2805,12,"Forestry",2192994
2116,27,"Sheepmeat",72379
346,4,"Beef",7043
1460,3,"Beef",441767
1041,20,"Fruit",408614
3042,15,"Forestry",5000968
1709,29,"Sheepmeat",21733
873,12,"Forestry",12610
3165,14,"Forestry",52766
1711,9,"Sheepmeat",1847
2578,15,"Forestry",69030
1651,28,"Sheepmeat",2604705
2220,29,"Sheepmeat",24005
3143,17,"Fruit",806709
878,20,"Fruit",705125
2022,28,"Sheepmeat",774815
2214,29,"Sheepmeat",667901
914,20,"Fruit",117434
2504,23,"Veges",26257752
1893,3,"Beef",561557
1151,8,"Sheepmeat",340977
1948,29,"Sheepmeat",153384
1711,11,"Forestry",26046
2116,11,"Forestry",107544
2775,8,"Sheepmeat",489788
1973,13,"Forestry",3114
1397,25,"Veges",162984
2799,17,"Fruit",16757
1871,2,"Beef",459055
2180,15,"Forestry",23829
3109,9,"Sheepmeat",1176661
987,24,"Veges",8028237
1431,2,"Beef",11319947
2213,11,"Forestry",17281
2842,26,"Veges",13005315
998,7,"Beef",64943
701,4,"Beef",286046
1888,3,"Beef",3378907
934,22,"Fruit",49558
1695,2,"Beef",21056
941,26,"Veges",97948
1856,10,"Sheepmeat",397361
1860,8,"Sheepmeat",235962
2817,27,"Sheepmeat",20159731
1483,28,"Sheepmeat",1757
2111,27,"Sheepmeat",2822637
914,29,"Sheepmeat",38985
2874,21,"Fruit",3181310
2215,9,"Sheepmeat",582200
2301,1,"Dairy",3086512
841,14,"Forestry",355698
2270,22,"Fruit",2660
2554,29,"Sheepmeat",5534485
2745,8,"Sheepmeat",2033
1522,25,"Veges",6326488
1701,8,"Sheepmeat",1331758
1168,8,"Sheepmeat",271309
3090,27,"Sheepmeat",119444368
1219,9,"Sheepmeat",1441392
1991,28,"Sheepmeat",718219
1429,4,"Beef",8002
2690,17,"Fruit",806709
2555,9,"Sheepmeat",1210193
998,18,"Fruit",4643237
481,8,"Sheepmeat",121973
434,23,"Veges",166810
105,27,"Sheepmeat",33432
2200,27,"Sheepmeat",49466
912,28,"Sheepmeat",9209
945,10,"Sheepmeat",9952
1242,29,"Sheepmeat",8562070
1049,17,"Fruit",580599
1484,24,"Veges",2371
1696,14,"Forestry",7471
151,18,"Fruit",105555
2383,9,"Sheepmeat",213924
2926,3,"Beef",5843952
2834,28,"Sheepmeat",33929708
2808,10,"Sheepmeat",12240879
987,22,"Fruit",357274
1338,16,"Forestry",7769723
1510,10,"Sheepmeat",1505290
2092,13,"Forestry",7986
2881,20,"Fruit",69702
2162,2,"Beef",27489
2791,29,"Sheepmeat",19216765
3155,20,"Fruit",1707480
1843,2,"Beef",64902
1336,2,"Beef",20932
1340,2,"Beef",77864
1625,27,"Sheepmeat",35559
3133,19,"Fruit",1543973
886,13,"Forestry",886300
1550,17,"Fruit",47288013
859,18,"Fruit",3495603
3046,28,"Sheepmeat",28235568
2307,10,"Sheepmeat",1564
2244,14,"Forestry",200315
1207,19,"Fruit",143781
2745,27,"Sheepmeat",4853
1526,10,"Sheepmeat",300819
2286,2,"Beef",175852
2834,16,"Forestry",96828630
2039,3,"Beef",4318209
3018,17,"Fruit",3010067
1676,11,"Forestry",236479
3050,19,"Fruit",337722
1834,29,"Sheepmeat",1328657
3033,6,"Beef",8405
1839,29,"Sheepmeat",606270
924,28,"Sheepmeat",1185
3099,3,"Beef",10623829
2923,28,"Sheepmeat",15925845
689,27,"Sheepmeat",3812
735,25,"Veges",31465611
1211,28,"Sheepmeat",19087
1437,18,"Fruit",268605
2399,8,"Sheepmeat",555637
1163,28,"Sheepmeat",1199511
2968,24,"Veges",185324
2192,10,"Sheepmeat",6648816
925,20,"Fruit",41899
1809,23,"Veges",3320531
2315,2,"Beef",3630
2768,7,"Beef",25193
1855,11,"Forestry",2994
2795,4,"Beef",10553115
1299,21,"Fruit",27922
2342,4,"Beef",94093
2965,13,"Forestry",68513
2128,12,"Forestry",2381
879,9,"Sheepmeat",1706
2648,12,"Forestry",7096
3031,26,"Veges",13005315
850,2,"Beef",340426
2974,9,"Sheepmeat",3521068
1493,15,"Forestry",3804
2871,4,"Beef",129051364
2866,13,"Forestry",95392
1977,28,"Sheepmeat",1231122
1392,15,"Forestry",63247
873,2,"Beef",62049
1162,4,"Beef",20942
989,3,"Beef",1626
186,4,"Beef",11713
1761,9,"Sheepmeat",68352
2981,15,"Forestry",482159
2136,29,"Sheepmeat",3344888
2073,5,"Beef",2952
1954,11,"Forestry",383505
3062,19,"Fruit",26950092
3167,12,"Forestry",2572114
1864,27,"Sheepmeat",968973
1457,4,"Beef",117017
728,9,"Sheepmeat",4228
1483,25,"Veges",3609
473,8,"Sheepmeat",4889
1337,28,"Sheepmeat",22268
1861,28,"Sheepmeat",302826
997,2,"Beef",11396339
1543,11,"Forestry",429231
574,8,"Sheepmeat",754849
1,8,"Sheepmeat",868111
2764,10,"Sheepmeat",23137151
2765,18,"Fruit",2387564
311,10,"Sheepmeat",800585
149,9,"Sheepmeat",10947
2609,4,"Beef",1052
2797,22,"Fruit",1080
2157,3,"Beef",72197
1151,28,"Sheepmeat",443011
2321,29,"Sheepmeat",22341
2839,23,"Veges",26257752
946,8,"Sheepmeat",12835
3168,16,"Forestry",6699
1610,10,"Sheepmeat",36672
1046,27,"Sheepmeat",63033
3101,7,"Beef",836800
922,8,"Sheepmeat",49066
1047,10,"Sheepmeat",44457
2926,9,"Sheepmeat",11335191
2864,13,"Forestry",95392
2757,12,"Forestry",89988
1127,27,"Sheepmeat",7993001
3009,26,"Veges",3091190
2912,5,"Beef",8405
2724,10,"Sheepmeat",14345640
1774,2,"Beef",764171
2836,4,"Beef",38354283
2243,2,"Beef",525389
3055,12,"Forestry",316153
581,4,"Beef",1071625
1806,11,"Forestry",190850
3024,7,"Beef",25193
3125,11,"Forestry",2499
2830,15,"Forestry",6424991
1784,11,"Forestry",277466
1174,3,"Beef",39696
2815,6,"Beef",8405
2835,29,"Sheepmeat",104223174
925,27,"Sheepmeat",1185
3017,8,"Sheepmeat",117084
1538,28,"Sheepmeat",21321
597,3,"Beef",3501
1662,9,"Sheepmeat",17845
2577,8,"Sheepmeat",145347
1880,14,"Forestry",103090
2809,5,"Beef",8405
1147,10,"Sheepmeat",259384
2521,3,"Beef",1059976
1554,5,"Beef",8405
1551,6,"Beef",8405
1677,29,"Sheepmeat",1054611
3141,12,"Forestry",2199
3130,20,"Fruit",88012
3029,6,"Beef",8405
1779,8,"Sheepmeat",6308
1137,4,"Beef",852840
1088,21,"Fruit",8900
1225,13,"Forestry",26552
2926,4,"Beef",18165863
1287,27,"Sheepmeat",297872
2778,28,"Sheepmeat",121631233
807,18,"Fruit",17270271
2926,16,"Forestry",61786706
2879,11,"Forestry",3098577
2828,11,"Forestry",2986637
2991,29,"Sheepmeat",1052
534,28,"Sheepmeat",1124326
3087,10,"Sheepmeat",369326
2787,15,"Forestry",482159
895,8,"Sheepmeat",8335562
2339,23,"Veges",1694402
1428,8,"Sheepmeat",5821
1016,29,"Sheepmeat",188293
1522,29,"Sheepmeat",6341166
3121,23,"Veges",26596224
1521,4,"Beef",2111954
2723,9,"Sheepmeat",278560
2780,27,"Sheepmeat",121316792
2165,24,"Veges",1149
300,18,"Fruit",17270271
1101,8,"Sheepmeat",2384
384,2,"Beef",12703940
2709,17,"Fruit",105555
3022,21,"Fruit",203202
2692,6,"Beef",8405
3059,15,"Forestry",272664
2278,27,"Sheepmeat",55655
2981,23,"Veges",165493
1117,29,"Sheepmeat",44744745
2654,23,"Veges",26257752
1910,29,"Sheepmeat",30411607
1850,23,"Veges",1560829
3068,11,"Forestry",3167163
1182,28,"Sheepmeat",3401270
1948,14,"Forestry",3941
1474,3,"Beef",121796
2024,27,"Sheepmeat",515071
997,9,"Sheepmeat",24550779
2667,7,"Beef",25193
3088,14,"Forestry",23389
2940,25,"Veges",6083886
1999,12,"Forestry",598980
2830,5,"Beef",8405
2990,16,"Forestry",6676
1437,22,"Fruit",16627
1744,16,"Forestry",60011
1272,15,"Forestry",24904
844,2,"Beef",13116480
3013,13,"Forestry",202136
1011,1,"Dairy",1254
2512,4,"Beef",5241
1518,4,"Beef",51923
1916,15,"Forestry",80715
2885,1,"Dairy",294373
2987,25,"Veges",31465611
2766,27,"Sheepmeat",33785948
1074,29,"Sheepmeat",1793769
1564,10,"Sheepmeat",1342
2247,2,"Beef",1345
859,21,"Fruit",1073404
2800,3,"Beef",5698615
1638,14,"Forestry",242970
2874,4,"Beef",92910283
1525,14,"Forestry",637958
1295,27,"Sheepmeat",36647
835,9,"Sheepmeat",4430
1815,8,"Sheepmeat",67650
594,9,"Sheepmeat",2585
905,18,"Fruit",86108
1829,3,"Beef",709526
834,15,"Forestry",124199
3031,13,"Forestry",242970
2031,16,"Forestry",337035
2825,2,"Beef",9326375
845,10,"Sheepmeat",5109
1108,28,"Sheepmeat",569848
2773,3,"Beef",42729469
2063,9,"Sheepmeat",5243
1386,4,"Beef",171405
2403,15,"Forestry",930630
1825,13,"Forestry",15551
2598,10,"Sheepmeat",25589329
2817,11,"Forestry",2578862
2960,3,"Beef",3019332
1,15,"Forestry",218605
1714,8,"Sheepmeat",29261
1990,28,"Sheepmeat",454974
2861,28,"Sheepmeat",62547
1550,23,"Veges",26257752
2943,15,"Forestry",3312553
1957,12,"Forestry",78875
3005,28,"Sheepmeat",34229728
894,17,"Fruit",468301
844,10,"Sheepmeat",25701270
2873,10,"Sheepmeat",85789140
2994,26,"Veges",24251157
1463,2,"Beef",62693
3023,22,"Fruit",50124
2432,2,"Beef",4662
2361,4,"Beef",185951
2760,10,"Sheepmeat",13514050
926,16,"Forestry",373473
1088,8,"Sheepmeat",44676
934,2,"Beef",167729
2372,28,"Sheepmeat",2259027
2867,16,"Forestry",34093733
1999,2,"Beef",366636
2800,9,"Sheepmeat",10871096
2094,16,"Forestry",918625
1072,12,"Forestry",4845
2872,17,"Fruit",1442840
2898,12,"Forestry",2578862
1203,20,"Fruit",3076
2222,27,"Sheepmeat",9261149
2442,2,"Beef",4820308
559,20,"Fruit",13366
198,18,"Fruit",10767845
2867,3,"Beef",41649456
1397,16,"Forestry",7986037
1673,3,"Beef",5139
2117,8,"Sheepmeat",256499
1774,28,"Sheepmeat",3185029
1873,25,"Veges",1139741
2350,12,"Forestry",2412
832,25,"Veges",699186
2748,4,"Beef",5434550
2765,29,"Sheepmeat",97344388
924,19,"Fruit",713609
3131,28,"Sheepmeat",34286149
2264,15,"Forestry",10883
1139,3,"Beef",5250
1140,4,"Beef",171556
1469,4,"Beef",35492
2564,18,"Fruit",1410
3045,21,"Fruit",164386
2623,18,"Fruit",550499
1036,8,"Sheepmeat",858689
3047,16,"Forestry",6547345
1875,27,"Sheepmeat",643332
2273,4,"Beef",4595085
1963,22,"Fruit",22365
1828,11,"Forestry",2994
1253,10,"Sheepmeat",93342
1994,28,"Sheepmeat",2588512
1300,16,"Forestry",9612
2864,15,"Forestry",2387194
2930,3,"Beef",5764479
1289,12,"Forestry",15555
3057,8,"Sheepmeat",65584
1160,29,"Sheepmeat",803050
1074,16,"Forestry",1113081
2240,3,"Beef",240823
1020,11,"Forestry",2835
2726,29,"Sheepmeat",2945896
273,24,"Veges",47809262
3166,27,"Sheepmeat",118731785
64,4,"Beef",18282763
2847,2,"Beef",54332
2077,16,"Forestry",91216906
1935,3,"Beef",7662
1782,24,"Veges",378135
1054,16,"Forestry",9366205
3090,25,"Veges",6523228
1953,2,"Beef",3069318
1783,8,"Sheepmeat",59076
414,10,"Sheepmeat",4543
2751,15,"Forestry",111011
2128,15,"Forestry",4800
2591,26,"Veges",4987858
1030,16,"Forestry",2283957
2819,23,"Veges",17975558
2133,9,"Sheepmeat",1744984
3038,4,"Beef",34953652
2039,27,"Sheepmeat",15602664
800,29,"Sheepmeat",1601
2819,9,"Sheepmeat",14426537
2873,21,"Fruit",370166
2538,8,"Sheepmeat",10265362
1205,22,"Fruit",2660
983,4,"Beef",11155
2898,20,"Fruit",28824
2723,17,"Fruit",260005
1264,29,"Sheepmeat",939009
1220,4,"Beef",4349
1697,28,"Sheepmeat",1894800
2815,24,"Veges",14360019
2723,20,"Fruit",33545
2830,12,"Forestry",3098577
1819,27,"Sheepmeat",301175
854,2,"Beef",100013
139,10,"Sheepmeat",2471
1953,23,"Veges",6295645
1799,12,"Forestry",118342
1910,24,"Veges",29080
1838,28,"Sheepmeat",64694
2409,28,"Sheepmeat",430413
2290,28,"Sheepmeat",9559
1979,27,"Sheepmeat",167266
2824,14,"Forestry",227601
1856,27,"Sheepmeat",560837
3071,28,"Sheepmeat",9605059
3012,8,"Sheepmeat",35739940
3033,29,"Sheepmeat",104519960
2831,1,"Dairy",294373
1079,12,"Forestry",137842
2195,27,"Sheepmeat",6441
3044,9,"Sheepmeat",532765
2857,8,"Sheepmeat",70072
2376,4,"Beef",746806
2949,18,"Fruit",16757
25,3,"Beef",206395
3043,19,"Fruit",5258407
3000,5,"Beef",8405
2782,9,"Sheepmeat",2430737
1386,26,"Veges",8997
1133,9,"Sheepmeat",8941
887,28,"Sheepmeat",35679
1648,3,"Beef",2522
928,3,"Beef",178359
2403,9,"Sheepmeat",63937
2167,8,"Sheepmeat",1113
2008,2,"Beef",1077879
1564,28,"Sheepmeat",1867
416,9,"Sheepmeat",1001
2790,2,"Beef",2307986
1144,27,"Sheepmeat",10833
831,3,"Beef",11562438
534,9,"Sheepmeat",804813
1711,8,"Sheepmeat",1988
3105,7,"Beef",408691
3112,5,"Beef",8405
2881,24,"Veges",30789921
2557,17,"Fruit",95602
2748,29,"Sheepmeat",11918269
3115,16,"Forestry",1770458
936,10,"Sheepmeat",41896
1658,16,"Forestry",581421
1949,15,"Forestry",22055
1520,8,"Sheepmeat",8176
2403,11,"Forestry",434076
2551,28,"Sheepmeat",7296149
2405,10,"Sheepmeat",1421520
2961,1,"Dairy",294373
1998,14,"Forestry",4678
3065,1,"Dairy",294373
849,10,"Sheepmeat",294651
3056,29,"Sheepmeat",32581470
1031,12,"Forestry",3945
3119,26,"Veges",47930
2836,12,"Forestry",3175122
1522,27,"Sheepmeat",2103129
1146,23,"Veges",277470
3085,29,"Sheepmeat",7429062
278,4,"Beef",49719
121,4,"Beef",56762
2538,4,"Beef",15013942
2406,16,"Forestry",1342312
3080,8,"Sheepmeat",425470
989,24,"Veges",360342
1686,11,"Forestry",39964
1250,21,"Fruit",4323
3069,12,"Forestry",2533390
1503,12,"Forestry",26242
3115,13,"Forestry",2004
2832,5,"Beef",8405
2745,17,"Fruit",2942782
1318,11,"Forestry",7529
2957,8,"Sheepmeat",6216971
2380,28,"Sheepmeat",771369
2063,28,"Sheepmeat",8300
1707,15,"Forestry",273975
1893,9,"Sheepmeat",1185989
1215,15,"Forestry",3157342
288,28,"Sheepmeat",134102
960,29,"Sheepmeat",69092
594,28,"Sheepmeat",3596
1611,29,"Sheepmeat",24880
970,22,"Fruit",10617
1502,27,"Sheepmeat",1078463
2403,10,"Sheepmeat",63937
2565,9,"Sheepmeat",26217
2867,24,"Veges",24247872
1948,8,"Sheepmeat",37458
1107,2,"Beef",136152
2882,5,"Beef",8405
2777,15,"Forestry",402959
1669,9,"Sheepmeat",53622
2777,10,"Sheepmeat",87253246
2054,29,"Sheepmeat",1520074
1494,14,"Forestry",118769
2820,26,"Veges",12705536
2920,15,"Forestry",4361098
2866,5,"Beef",275924
3116,6,"Beef",178929
20,28,"Sheepmeat",6110
1862,26,"Veges",721908
2386,3,"Beef",544231
3088,8,"Sheepmeat",1553615
2556,1,"Dairy",9843461
728,10,"Sheepmeat",4228
2980,16,"Forestry",6932025
2817,15,"Forestry",5263494
881,8,"Sheepmeat",8318999
1036,9,"Sheepmeat",797945
3101,22,"Fruit",33731
3106,9,"Sheepmeat",2633887
1902,23,"Veges",6338461
1397,13,"Forestry",22903
2314,9,"Sheepmeat",89665
1848,29,"Sheepmeat",150408
1488,12,"Forestry",34436
1777,26,"Veges",131867
2768,2,"Beef",13137874
802,10,"Sheepmeat",27191
136,17,"Fruit",105555
2436,1,"Dairy",294373
3099,9,"Sheepmeat",23053179
2149,9,"Sheepmeat",453069
2308,24,"Veges",125629
2765,19,"Fruit",5257132
1313,11,"Forestry",65070
2395,8,"Sheepmeat",38516
2403,4,"Beef",159455
288,10,"Sheepmeat",93175
3038,20,"Fruit",1144584
1251,10,"Sheepmeat",243083
1797,12,"Forestry",71683
65,4,"Beef",18579854
930,10,"Sheepmeat",220041
301,25,"Veges",39391627
844,6,"Beef",8405
2034,4,"Beef",14929808
1877,8,"Sheepmeat",434119
1027,17,"Fruit",13306
2832,10,"Sheepmeat",24071675
3067,17,"Fruit",701154
3156,9,"Sheepmeat",24584717
2865,19,"Fruit",23363780
1324,2,"Beef",1793756
3027,7,"Beef",25193
2826,27,"Sheepmeat",26718914
1844,9,"Sheepmeat",268430
317,29,"Sheepmeat",57765
2589,4,"Beef",40355453
1971,28,"Sheepmeat",1061207
3083,2,"Beef",11553982
2398,10,"Sheepmeat",287485
2393,16,"Forestry",7776795
2764,26,"Veges",6360972
1798,15,"Forestry",130272
966,29,"Sheepmeat",32310
906,15,"Forestry",2868
3007,28,"Sheepmeat",3184
917,14,"Forestry",282260
1164,15,"Forestry",24119
2439,2,"Beef",1119740
3152,17,"Fruit",6464035
1938,29,"Sheepmeat",183805
2405,12,"Forestry",340519
608,3,"Beef",3501
2151,16,"Forestry",101116
1924,9,"Sheepmeat",6833573
2888,24,"Veges",30741184
1144,10,"Sheepmeat",5230
1132,12,"Forestry",1467
3048,7,"Beef",537577
1775,2,"Beef",143814
2793,1,"Dairy",294373
1437,29,"Sheepmeat",40408266
1098,9,"Sheepmeat",614745
2277,14,"Forestry",637958
2842,3,"Beef",12703940
853,24,"Veges",1771898
1925,15,"Forestry",6224244
866,18,"Fruit",191748
1718,16,"Forestry",1507
132,18,"Fruit",105555
1249,8,"Sheepmeat",1885090
74,29,"Sheepmeat",27414
2913,11,"Forestry",2208088
1215,3,"Beef",2275459
2768,6,"Beef",8405
134,4,"Beef",387777
994,9,"Sheepmeat",1076249
2237,9,"Sheepmeat",3262587
1109,8,"Sheepmeat",458352
1820,8,"Sheepmeat",195199
3143,21,"Fruit",203202
1624,26,"Veges",193843
2230,4,"Beef",104370
1257,29,"Sheepmeat",523675
1431,22,"Fruit",323107
2121,29,"Sheepmeat",16197406
1071,13,"Forestry",8230
2040,12,"Forestry",17400
1382,12,"Forestry",168642
3113,29,"Sheepmeat",58235464
1119,8,"Sheepmeat",271309
3100,5,"Beef",135931
3053,7,"Beef",25193
1695,28,"Sheepmeat",92415
2781,16,"Forestry",1362315
1581,2,"Beef",12703940
1497,4,"Beef",578188
1165,4,"Beef",209355
2784,12,"Forestry",235512
1101,28,"Sheepmeat",3081
1317,21,"Fruit",4323
1205,18,"Fruit",63862
1017,2,"Beef",599090
647,16,"Forestry",175122469
2765,8,"Sheepmeat",24936306
1259,10,"Sheepmeat",292496
447,16,"Forestry",1398
916,25,"Veges",17836
2385,29,"Sheepmeat",897333
2199,9,"Sheepmeat",36392
1355,13,"Forestry",1144
335,26,"Veges",13005315
2396,29,"Sheepmeat",225166
3133,20,"Fruit",88012
2929,26,"Veges",2512069
3138,20,"Fruit",88012
1757,14,"Forestry",1276
1950,9,"Sheepmeat",1663114
1362,16,"Forestry",4794
1364,12,"Forestry",22262
906,29,"Sheepmeat",602810
2021,23,"Veges",7458189
384,22,"Fruit",50124
972,9,"Sheepmeat",394189
2606,19,"Fruit",1775911
104,2,"Beef",25131
2324,27,"Sheepmeat",1276056
2053,3,"Beef",58256
2971,15,"Forestry",1497351
1216,8,"Sheepmeat",26594
2852,2,"Beef",487747
74,21,"Fruit",78635
2344,9,"Sheepmeat",196716
2594,7,"Beef",25193
2905,26,"Veges",2512069
873,24,"Veges",893503
3051,2,"Beef",6216739
278,27,"Sheepmeat",23910
1259,8,"Sheepmeat",314762
1511,24,"Veges",6455240
1624,3,"Beef",35698
3052,4,"Beef",19376906
2789,15,"Forestry",1510452
2231,4,"Beef",183948
2407,9,"Sheepmeat",214895
1775,16,"Forestry",1821643
2412,21,"Fruit",41389
1875,3,"Beef",302978
3102,10,"Sheepmeat",85873509
2901,23,"Veges",329646
2763,18,"Fruit",640913
2341,9,"Sheepmeat",1171164
1130,28,"Sheepmeat",698229
987,20,"Fruit",670223
879,19,"Fruit",484833
2513,29,"Sheepmeat",5241
1049,25,"Veges",1753221
2429,21,"Fruit",157311
1468,20,"Fruit",83812
3049,9,"Sheepmeat",7015325
2709,12,"Forestry",2199
2786,27,"Sheepmeat",3589899
2922,4,"Beef",18174348
1809,10,"Sheepmeat",92810
1677,2,"Beef",63268
1536,28,"Sheepmeat",45238
1238,27,"Sheepmeat",685819
3025,11,"Forestry",3177321
2058,3,"Beef",54048
3124,9,"Sheepmeat",24527224
1041,8,"Sheepmeat",3792333
3124,19,"Fruit",13755802
2027,29,"Sheepmeat",12585320
1672,29,"Sheepmeat",951342
3011,26,"Veges",2842241
1187,13,"Forestry",5074
349,14,"Forestry",248343
573,22,"Fruit",5551
1488,15,"Forestry",71096
2281,2,"Beef",373795
1925,21,"Fruit",4323
2928,10,"Sheepmeat",150440
2952,28,"Sheepmeat",964880
3012,6,"Beef",5363
2019,28,"Sheepmeat",1280690
739,29,"Sheepmeat",22998
1394,28,"Sheepmeat",110270
1418,29,"Sheepmeat",18652
579,4,"Beef",1085228
2890,27,"Sheepmeat",24092547
2493,16,"Forestry",175122469
579,29,"Sheepmeat",3434548
905,20,"Fruit",11109
2440,3,"Beef",6035423
2838,9,"Sheepmeat",24580874
1698,12,"Forestry",22082
1989,16,"Forestry",2142308
3166,4,"Beef",127795446
1007,27,"Sheepmeat",2643999
1135,16,"Forestry",2461139
1041,13,"Forestry",35197
3162,4,"Beef",38680602
1171,2,"Beef",459407
2936,12,"Forestry",277466
2128,27,"Sheepmeat",1319125
2551,25,"Veges",616352
2475,15,"Forestry",6043
2958,5,"Beef",8405
1988,27,"Sheepmeat",454974
1118,25,"Veges",1201
2923,15,"Forestry",4360007
803,29,"Sheepmeat",1168
1086,14,"Forestry",5053
2992,16,"Forestry",6676
2082,28,"Sheepmeat",2751705
1972,3,"Beef",137521
2000,2,"Beef",353347
1191,23,"Veges",231718
5,11,"Forestry",173316
1945,11,"Forestry",364650
993,24,"Veges",4379611
1254,10,"Sheepmeat",172355
1462,17,"Fruit",164123
1316,13,"Forestry",3622
3127,25,"Veges",31465611
2800,2,"Beef",5698615
2314,23,"Veges",295954
1628,10,"Sheepmeat",108842
1934,27,"Sheepmeat",31441
1890,27,"Sheepmeat",2850186
2351,12,"Forestry",2412
2923,22,"Fruit",1080
1450,16,"Forestry",2828689
1890,9,"Sheepmeat",2047306
2107,10,"Sheepmeat",2347291
1953,29,"Sheepmeat",25528141
3112,25,"Veges",10490617
2633,10,"Sheepmeat",7850043
2407,27,"Sheepmeat",303480
2023,9,"Sheepmeat",370287
2813,28,"Sheepmeat",19706760
1534,2,"Beef",335024
1924,16,"Forestry",89316882
2950,11,"Forestry",10998
1463,8,"Sheepmeat",47841
850,20,"Fruit",13366
1265,9,"Sheepmeat",211599
1842,15,"Forestry",48426
2109,4,"Beef",2155921
2565,27,"Sheepmeat",37663
2537,26,"Veges",21237845
1693,12,"Forestry",129735
2555,4,"Beef",2576754
3100,3,"Beef",429497
2822,12,"Forestry",2957793
1117,28,"Sheepmeat",14891485
1346,28,"Sheepmeat",4236
2613,21,"Fruit",26724
1092,10,"Sheepmeat",62331
3090,18,"Fruit",1916724
2836,13,"Forestry",242970
534,21,"Fruit",26724
1332,10,"Sheepmeat",14511
3107,13,"Forestry",122659
1553,12,"Forestry",7096
725,4,"Beef",6922
2825,6,"Beef",8405
2693,17,"Fruit",806709
1713,12,"Forestry",12726
574,25,"Veges",9015420
2831,19,"Fruit",1543973
956,21,"Fruit",25024
1427,15,"Forestry",5880
63,28,"Sheepmeat",2050147
3033,20,"Fruit",88012
2901,21,"Fruit",78136
333,17,"Fruit",512964
1983,8,"Sheepmeat",419888
1662,4,"Beef",17505
894,18,"Fruit",468301
980,6,"Beef",23083
416,3,"Beef",1393
3041,6,"Beef",178929
1273,28,"Sheepmeat",76856
2239,2,"Beef",14221
3138,24,"Veges",31465611
2225,10,"Sheepmeat",149507
1383,27,"Sheepmeat",8575
2773,7,"Beef",836800
2969,28,"Sheepmeat",143078
2881,5,"Beef",8405
3139,14,"Forestry",242970
1088,4,"Beef",32271
1168,4,"Beef",560390
2928,2,"Beef",73008
1392,2,"Beef",262578
3102,26,"Veges",736579
1305,28,"Sheepmeat",269591
854,4,"Beef",305887
134,16,"Forestry",115526
3084,28,"Sheepmeat",3230728
1707,8,"Sheepmeat",1871052
1142,8,"Sheepmeat",16424
2426,18,"Fruit",6061
2808,29,"Sheepmeat",52301361
823,29,"Sheepmeat",3442134
1551,22,"Fruit",60847
1713,27,"Sheepmeat",152721
3120,26,"Veges",7339910
2340,26,"Veges",337833
3165,15,"Forestry",1244848
131,14,"Forestry",242970
2556,13,"Forestry",5372
881,23,"Veges",167743
3006,24,"Veges",55889
2004,27,"Sheepmeat",5199830
1382,8,"Sheepmeat",96420
2885,3,"Beef",9556309
2923,9,"Sheepmeat",11346414
2604,1,"Dairy",3086512
105,16,"Forestry",1032
2793,12,"Forestry",889597
1375,28,"Sheepmeat",164595
851,28,"Sheepmeat",3040258
3155,19,"Fruit",5084672
551,12,"Forestry",107798
2032,10,"Sheepmeat",4665450
951,27,"Sheepmeat",81314
1551,24,"Veges",8417635
671,27,"Sheepmeat",1210
3143,19,"Fruit",1775911
1126,27,"Sheepmeat",1051533
1154,27,"Sheepmeat",1533785
2972,4,"Beef",6211201
1811,3,"Beef",257810
1549,23,"Veges",26257752
1346,12,"Forestry",13781
2793,7,"Beef",25193
1767,11,"Forestry",10328
3093,25,"Veges",528313
985,19,"Fruit",4506725
1312,10,"Sheepmeat",43038
683,16,"Forestry",95323
2429,20,"Fruit",78678
917,1,"Dairy",6318043
2767,13,"Forestry",155895
1556,27,"Sheepmeat",7867281
434,3,"Beef",220749
1465,29,"Sheepmeat",215154
2249,15,"Forestry",52906
3140,10,"Sheepmeat",131996
1098,12,"Forestry",94612
946,17,"Fruit",1541969
1467,2,"Beef",10459
2949,3,"Beef",4001481
2551,2,"Beef",1854728
1664,11,"Forestry",4243
2955,29,"Sheepmeat",2112537
940,27,"Sheepmeat",1077
3025,23,"Veges",26257752
1208,25,"Veges",331099
3122,7,"Beef",537577
1130,27,"Sheepmeat",698229
2158,8,"Sheepmeat",23700
3130,14,"Forestry",242970
134,28,"Sheepmeat",154973
925,22,"Fruit",20937
2811,19,"Fruit",38591
3043,2,"Beef",10787003
1273,9,"Sheepmeat",53658
2997,21,"Fruit",17769
1828,4,"Beef",120787
1077,27,"Sheepmeat",1864
1649,12,"Forestry",2103
2499,21,"Fruit",203202
2550,21,"Fruit",164386
1677,15,"Forestry",384779
1161,15,"Forestry",24119
3083,18,"Fruit",2579382
1248,3,"Beef",419479
1460,18,"Fruit",293503
2901,20,"Fruit",39079
888,9,"Sheepmeat",31502
1716,3,"Beef",7292
2867,14,"Forestry",95392
2206,16,"Forestry",11997440
2928,11,"Forestry",28492
643,12,"Forestry",107798
837,11,"Forestry",7096
2140,2,"Beef",188066
1229,23,"Veges",546081
1799,27,"Sheepmeat",118813
954,3,"Beef",145708
2974,23,"Veges",378741
2998,10,"Sheepmeat",84412
2945,13,"Forestry",133864
930,11,"Forestry",7610
1463,24,"Veges",821058
2311,27,"Sheepmeat",701776
2864,14,"Forestry",95392
2014,2,"Beef",1487
1663,4,"Beef",106468
1959,28,"Sheepmeat",2193
980,17,"Fruit",1485221
2809,24,"Veges",6083886
1839,10,"Sheepmeat",143501
2498,17,"Fruit",103601
2304,4,"Beef",126035
2345,3,"Beef",100949
2667,6,"Beef",8405
1766,16,"Forestry",762968
1648,11,"Forestry",2103
2108,16,"Forestry",487842
2204,15,"Forestry",1586843
1549,17,"Fruit",47312121
1879,13,"Forestry",32506
2441,2,"Beef",2878
71,23,"Veges",2962526
2415,29,"Sheepmeat",2826389
831,7,"Beef",537577
2944,16,"Forestry",216477
2551,16,"Forestry",44009710
2551,3,"Beef",1854728
2795,5,"Beef",8405
1097,15,"Forestry",379566
2879,27,"Sheepmeat",31397685
2901,10,"Sheepmeat",220845
2815,4,"Beef",20063202
2314,12,"Forestry",1325
2943,23,"Veges",5373376
2981,13,"Forestry",18342
1382,3,"Beef",27489
384,17,"Fruit",806709
534,20,"Fruit",13366
1460,24,"Veges",4884
1518,11,"Forestry",4683
885,22,"Fruit",17408
1444,11,"Forestry",11033
2268,29,"Sheepmeat",124010
1577,23,"Veges",26257752
25,8,"Sheepmeat",259696
1511,1,"Dairy",762789
2866,24,"Veges",27151918
2200,12,"Forestry",341316
3027,17,"Fruit",806709
3113,19,"Fruit",38591
1817,3,"Beef",303327
1467,4,"Beef",31351
3061,4,"Beef",127841603
1393,12,"Forestry",13663
940,25,"Veges",245883
2412,3,"Beef",422301
2236,25,"Veges",35668
966,10,"Sheepmeat",6872
2731,17,"Fruit",17270271
2245,12,"Forestry",2351158
1001,20,"Fruit",19704
980,16,"Forestry",8881398
714,4,"Beef",28303
311,22,"Fruit",5551
2407,14,"Forestry",22639
1060,25,"Veges",468428
1636,9,"Sheepmeat",485928
1179,13,"Forestry",1129
2809,14,"Forestry",171536
3093,22,"Fruit",31507
1318,8,"Sheepmeat",165186
3003,13,"Forestry",60503
1855,3,"Beef",38145
1512,4,"Beef",1990635
1255,3,"Beef",32446
1715,3,"Beef",20314
2884,21,"Fruit",139364
1379,2,"Beef",550850
658,15,"Forestry",218605
3093,28,"Sheepmeat",120679506
2884,15,"Forestry",6128086
1364,29,"Sheepmeat",2111760
1469,28,"Sheepmeat",10568
2439,23,"Veges",9800242
2270,13,"Forestry",1429
2409,27,"Sheepmeat",430413
982,26,"Veges",388433
2859,16,"Forestry",6798
1316,15,"Forestry",80715
941,21,"Fruit",75924
1705,3,"Beef",1647
3135,21,"Fruit",175973
2080,11,"Forestry",158056
1927,29,"Sheepmeat",125218
1324,28,"Sheepmeat",6196936
1518,27,"Sheepmeat",21983
989,8,"Sheepmeat",1258
2152,4,"Beef",33051
2969,12,"Forestry",2994
3125,5,"Beef",275924
1140,23,"Veges",861000
2073,1,"Dairy",41127
1375,2,"Beef",125243
1784,24,"Veges",162984
1960,23,"Veges",1410283
2947,4,"Beef",2634886
3095,25,"Veges",20089627
3031,11,"Forestry",3175122
951,19,"Fruit",47914
121,9,"Sheepmeat",17940
1314,13,"Forestry",10033
1549,24,"Veges",8417635
1258,16,"Forestry",1136
2806,18,"Fruit",16757
866,26,"Veges",307964
2885,12,"Forestry",2960009
2009,29,"Sheepmeat",1345882
1299,2,"Beef",184567
1576,23,"Veges",26257752
997,21,"Fruit",2033351
2443,9,"Sheepmeat",5316541
1145,28,"Sheepmeat",472673
3144,4,"Beef",39270225
2425,5,"Beef",2952
1521,17,"Fruit",316109
2054,8,"Sheepmeat",388975
1876,23,"Veges",1179032
2727,8,"Sheepmeat",1322807
1473,4,"Beef",303936
2960,1,"Dairy",294373
2759,1,"Dairy",6318043
3108,12,"Forestry",1477625
2779,13,"Forestry",16833
2118,3,"Beef",2227045
945,8,"Sheepmeat",12835
135,11,"Forestry",2199
1079,3,"Beef",63171
2795,27,"Sheepmeat",8232473
612,24,"Veges",6466925
2552,2,"Beef",152013
930,19,"Fruit",4667244
1669,2,"Beef",71940
1037,19,"Fruit",295930
3048,28,"Sheepmeat",11450306
2761,27,"Sheepmeat",18875586
2836,8,"Sheepmeat",26571307
193,19,"Fruit",104122269
1994,10,"Sheepmeat",1860895
937,13,"Forestry",5372
2274,12,"Forestry",30563
2219,27,"Sheepmeat",849839
2796,26,"Veges",1421230
3102,12,"Forestry",702872
1000,16,"Forestry",177324
816,9,"Sheepmeat",4272
2490,29,"Sheepmeat",2632
2384,9,"Sheepmeat",213924
1612,9,"Sheepmeat",5243
2966,12,"Forestry",13322
3083,15,"Forestry",5313238
2821,2,"Beef",8454316
1889,28,"Sheepmeat",2044875
2265,4,"Beef",2667
2403,8,"Sheepmeat",3378207
6,8,"Sheepmeat",362129
2304,2,"Beef",41410
1550,12,"Forestry",7096
1459,20,"Fruit",36364
2897,3,"Beef",6619909
2814,11,"Forestry",2578862
1840,2,"Beef",7530
2819,15,"Forestry",5263494
1503,15,"Forestry",52906
2884,13,"Forestry",227601
2825,8,"Sheepmeat",20351895
2908,8,"Sheepmeat",13489133
2770,27,"Sheepmeat",36321774
1635,4,"Beef",568396
2280,14,"Forestry",10648
982,10,"Sheepmeat",77611
2882,29,"Sheepmeat",83541230
1234,9,"Sheepmeat",522213
1430,10,"Sheepmeat",1394
1008,10,"Sheepmeat",1431243
2863,15,"Forestry",6580738
2914,7,"Beef",25193
1074,14,"Forestry",3678
2112,15,"Forestry",28919
1624,20,"Fruit",16088
3162,22,"Fruit",43319
1946,27,"Sheepmeat",234202
1628,15,"Forestry",27181
3030,14,"Forestry",242970
3063,20,"Fruit",1396895
2649,9,"Sheepmeat",25696128
2336,15,"Forestry",3332
922,24,"Veges",28676308
1223,10,"Sheepmeat",118683
2756,11,"Forestry",89988
3135,15,"Forestry",6580738
2831,3,"Beef",12130642
2984,9,"Sheepmeat",2885627
75,10,"Sheepmeat",10103
417,9,"Sheepmeat",1001
136,20,"Fruit",13618
1577,17,"Fruit",806709
1550,26,"Veges",4987858
1137,9,"Sheepmeat",952951
1710,28,"Sheepmeat",339663
2800,21,"Fruit",4323
1646,25,"Veges",53815
2773,2,"Beef",42729469
2849,15,"Forestry",6586781
3027,12,"Forestry",3177321
2797,11,"Forestry",1629364
1824,13,"Forestry",20027
312,28,"Sheepmeat",4978000
3041,14,"Forestry",193886
187,2,"Beef",3907
1174,9,"Sheepmeat",37528
1929,27,"Sheepmeat",18643
610,3,"Beef",6913
2817,17,"Fruit",242387
2812,5,"Beef",8405
2868,7,"Beef",836800
887,23,"Veges",48998
1580,20,"Fruit",101630
1022,10,"Sheepmeat",8449
1573,29,"Sheepmeat",9447
3074,16,"Forestry",1803357
1514,10,"Sheepmeat",800585
2928,12,"Forestry",28492
2249,29,"Sheepmeat",557054
2991,25,"Veges",31465611
2940,12,"Forestry",1917858
1265,15,"Forestry",57728
2238,9,"Sheepmeat",5187
2425,22,"Fruit",144892
1861,10,"Sheepmeat",217703
1788,13,"Forestry",6893
3085,12,"Forestry",11033
930,12,"Forestry",7610
725,28,"Sheepmeat",5881
1878,28,"Sheepmeat",115765
914,2,"Beef",11595
1040,10,"Sheepmeat",428370
2351,29,"Sheepmeat",368677
2438,18,"Fruit",310676
1868,8,"Sheepmeat",507881
1205,12,"Forestry",1526114
2813,16,"Forestry",75893944
1615,9,"Sheepmeat",1257
1968,4,"Beef",359266
1965,11,"Forestry",16531
2331,4,"Beef",9778
459,2,"Beef",3501
2837,6,"Beef",8405
133,28,"Sheepmeat",154973
1450,3,"Beef",1406984
2348,29,"Sheepmeat",379456
924,29,"Sheepmeat",9958
3045,29,"Sheepmeat",85994967
1667,27,"Sheepmeat",433367
3084,14,"Forestry",1938
65,11,"Forestry",238085
861,17,"Fruit",15888
3033,15,"Forestry",6580738
3057,14,"Forestry",6149
2674,24,"Veges",6375623
946,25,"Veges",326443
3030,2,"Beef",12545667
573,10,"Sheepmeat",800585
2554,13,"Forestry",22903
1696,16,"Forestry",3385070
2804,24,"Veges",6083886
3141,28,"Sheepmeat",191842
3037,5,"Beef",178929
2880,14,"Forestry",237166
2413,15,"Forestry",1210453
1929,9,"Sheepmeat",12468
2187,23,"Veges",168603
412,27,"Sheepmeat",55655
3136,3,"Beef",12545667
3124,23,"Veges",27633803
1176,29,"Sheepmeat",20138720
2414,18,"Fruit",73760
2613,15,"Forestry",1583
1103,8,"Sheepmeat",145487
3012,9,"Sheepmeat",7867047
2362,26,"Veges",622136
3135,28,"Sheepmeat",34512473
3070,3,"Beef",4112070
2549,12,"Forestry",678368
2053,10,"Sheepmeat",313353
1868,9,"Sheepmeat",471954
3010,26,"Veges",3049266
2033,4,"Beef",18745830
1200,9,"Sheepmeat",16238
2361,23,"Veges",846140
2761,8,"Sheepmeat",14586097
2982,25,"Veges",159978
3117,2,"Beef",3886144
3002,20,"Fruit",3646527
2271,15,"Forestry",1382139
2802,11,"Forestry",2067983
235,4,"Beef",47557
2329,3,"Beef",9086
1462,22,"Fruit",10581
846,27,"Sheepmeat",3840083
1314,9,"Sheepmeat",226004
995,25,"Veges",506086
3053,18,"Fruit",16757
2339,3,"Beef",793740
2008,12,"Forestry",73536
1572,3,"Beef",13133554
1037,9,"Sheepmeat",31002
2419,13,"Forestry",10033
2938,26,"Veges",67445
926,10,"Sheepmeat",302792
2131,4,"Beef",1575
1132,11,"Forestry",1467
2527,13,"Forestry",5372
2973,13,"Forestry",42059
1320,15,"Forestry",376772
2311,9,"Sheepmeat",503574
1493,2,"Beef",49684
2388,10,"Sheepmeat",493960
625,14,"Forestry",248343
1377,14,"Forestry",4347
930,27,"Sheepmeat",310980
908,26,"Veges",1219359
1930,8,"Sheepmeat",208564
2940,4,"Beef",17691544
1383,28,"Sheepmeat",8575
3089,11,"Forestry",197492
931,11,"Forestry",2205
939,25,"Veges",60500
2769,5,"Beef",8405
2957,2,"Beef",3284379
1697,27,"Sheepmeat",1894800
105,29,"Sheepmeat",110881
2817,25,"Veges",23290395
2956,28,"Sheepmeat",8137008
2463,17,"Fruit",49780
1012,9,"Sheepmeat",62304
49,14,"Forestry",242970
2339,10,"Sheepmeat",2519534
2157,27,"Sheepmeat",325410
1641,16,"Forestry",342397
1377,8,"Sheepmeat",1317368
887,29,"Sheepmeat",119929
1638,4,"Beef",1255
693,2,"Beef",2878
1157,27,"Sheepmeat",550199
1553,10,"Sheepmeat",25710687
2723,1,"Dairy",761442
1939,25,"Veges",376257
2231,9,"Sheepmeat",134838
1118,27,"Sheepmeat",6444769
610,16,"Forestry",3159
1329,14,"Forestry",1144
1674,8,"Sheepmeat",26335
1165,2,"Beef",69843
2858,10,"Sheepmeat",73593
550,8,"Sheepmeat",863561
2400,29,"Sheepmeat",7781473
1152,9,"Sheepmeat",270324
2690,22,"Fruit",50124
601,3,"Beef",3412
1129,4,"Beef",3022
2818,17,"Fruit",242387
3052,23,"Veges",2963845
2633,20,"Fruit",98868
2198,15,"Forestry",5798
825,11,"Forestry",143221
1044,4,"Beef",778542
212,18,"Fruit",10767845
617,4,"Beef",1601
1632,4,"Beef",195128
2394,12,"Forestry",40721
1242,28,"Sheepmeat",2853454
2539,3,"Beef",1356389
2864,21,"Fruit",3163796
133,27,"Sheepmeat",154973
2120,8,"Sheepmeat",5446506
1664,2,"Beef",152013
1966,4,"Beef",1855898
2530,3,"Beef",4662
2315,3,"Beef",3630
1745,10,"Sheepmeat",43654
1078,9,"Sheepmeat",1830967
182,8,"Sheepmeat",1077
3083,5,"Beef",178929
1798,3,"Beef",230712
1647,20,"Fruit",37866
3112,24,"Veges",10490617
1667,29,"Sheepmeat",1301381
1501,29,"Sheepmeat",1242414
1850,27,"Sheepmeat",792007
1970,4,"Beef",91869
12,3,"Beef",601751
1005,25,"Veges",223553
1377,10,"Sheepmeat",1222310
2023,2,"Beef",72948
2565,4,"Beef",140864
2749,6,"Beef",178929
1806,27,"Sheepmeat",349574
980,15,"Forestry",602465
1376,13,"Forestry",4347
2586,13,"Forestry",248343
1179,8,"Sheepmeat",66298
119,29,"Sheepmeat",8526
1192,23,"Veges",101758
1213,27,"Sheepmeat",8501057
2338,16,"Forestry",140160
2971,8,"Sheepmeat",4164836
2829,3,"Beef",11291513
2080,16,"Forestry",4614699
1106,25,"Veges",956531
2212,18,"Fruit",12663
1664,27,"Sheepmeat",466858
2157,4,"Beef",216411
2231,16,"Forestry",574719
2751,14,"Forestry",2004
1110,13,"Forestry",2484
956,9,"Sheepmeat",115513
2466,8,"Sheepmeat",45576
2794,3,"Beef",3079421
2820,16,"Forestry",89672757
573,3,"Beef",338939
1109,3,"Beef",175058
3000,2,"Beef",13411722
1625,11,"Forestry",8437
2240,11,"Forestry",500413
144,29,"Sheepmeat",8526
939,19,"Fruit",614080
1189,12,"Forestry",1063
87,18,"Fruit",105555
1437,16,"Forestry",16848155
1552,28,"Sheepmeat",36023612
2890,26,"Veges",12705536
2952,24,"Veges",1751349
3062,2,"Beef",41541122
1201,8,"Sheepmeat",17474
3066,16,"Forestry",96828630
895,12,"Forestry",3379146
2164,9,"Sheepmeat",11219
157,29,"Sheepmeat",121182
569,16,"Forestry",110689
1871,27,"Sheepmeat",818613
2360,8,"Sheepmeat",911729
2879,7,"Beef",25193
2757,10,"Sheepmeat",8250016
1123,10,"Sheepmeat",306031
887,18,"Fruit",128914
2770,11,"Forestry",1952848
2998,17,"Fruit",1522994
2386,16,"Forestry",1244444
2531,9,"Sheepmeat",804813
2556,14,"Forestry",5372
1215,24,"Veges",2232212
2511,9,"Sheepmeat",5243
1894,14,"Forestry",4573
1693,16,"Forestry",3844178
3114,12,"Forestry",7891
1214,4,"Beef",7071937
964,25,"Veges",1889867
2374,8,"Sheepmeat",1652543
2789,25,"Veges",366120
2824,23,"Veges",25508352
2817,8,"Sheepmeat",15628647
2565,19,"Fruit",2786
1526,29,"Sheepmeat",1276005
1530,29,"Sheepmeat",431558
1821,2,"Beef",76709
3150,8,"Sheepmeat",25679202
1569,10,"Sheepmeat",233927
1921,9,"Sheepmeat",38515
3097,19,"Fruit",8952756
1056,18,"Fruit",512911
1112,10,"Sheepmeat",157723
1246,23,"Veges",721900
1941,8,"Sheepmeat",1683
315,2,"Beef",625260
3117,11,"Forestry",69826
3022,15,"Forestry",6586781
1056,28,"Sheepmeat",3473615
2521,16,"Forestry",177324
2986,15,"Forestry",94661
2160,29,"Sheepmeat",4840361
3011,23,"Veges",34994931
2020,27,"Sheepmeat",785217
1262,27,"Sheepmeat",332148
1430,17,"Fruit",773068
2805,3,"Beef",5892201
1124,8,"Sheepmeat",26594
2771,10,"Sheepmeat",86459372
2589,2,"Beef",13044366
969,19,"Fruit",367330
1871,15,"Forestry",24396
2334,3,"Beef",46713
2181,29,"Sheepmeat",48400
945,18,"Fruit",2144370
2277,25,"Veges",6375623
934,27,"Sheepmeat",258114
2769,1,"Dairy",2874288
2971,9,"Sheepmeat",3863573
3031,20,"Fruit",88012
2275,4,"Beef",59914
1324,3,"Beef",1793756
1629,28,"Sheepmeat",215224
1849,27,"Sheepmeat",43370
1691,2,"Beef",1098748
2043,9,"Sheepmeat",6915
1083,16,"Forestry",10082
1514,12,"Forestry",107798
1954,28,"Sheepmeat",1927953
903,4,"Beef",199733
1658,29,"Sheepmeat",4094454
2144,27,"Sheepmeat",511469
1198,4,"Beef",60555
2742,8,"Sheepmeat",8418
1783,16,"Forestry",3993
2085,28,"Sheepmeat",605023
3017,25,"Veges",39391627
755,12,"Forestry",4683
2863,18,"Fruit",701154
1910,3,"Beef",3487630
2922,19,"Fruit",38591
2786,3,"Beef",1057691
962,26,"Veges",545816
2163,28,"Sheepmeat",15605
3142,28,"Sheepmeat",34730575
918,21,"Fruit",560064
1003,18,"Fruit",385627
1945,25,"Veges",4184920
2437,14,"Forestry",168950
3033,19,"Fruit",1543973
3053,5,"Beef",8405
3162,8,"Sheepmeat",26672106
2982,13,"Forestry",18342
1803,10,"Sheepmeat",605867
2557,3,"Beef",338939
510,16,"Forestry",171819903
2504,4,"Beef",40628151
3128,2,"Beef",12438195
1587,13,"Forestry",248343
601,8,"Sheepmeat",4889
2237,11,"Forestry",16889
3120,11,"Forestry",2408658
2565,22,"Fruit",8138
2593,27,"Sheepmeat",35854901
3095,8,"Sheepmeat",25071077
2909,6,"Beef",8405
2325,29,"Sheepmeat",729636
1092,8,"Sheepmeat",67076
2919,2,"Beef",5889316
1257,11,"Forestry",24814
719,4,"Beef",15617
2791,28,"Sheepmeat",6340233
2518,3,"Beef",2878
1971,10,"Sheepmeat",762907
2820,27,"Sheepmeat",24133695
872,28,"Sheepmeat",42688
1516,28,"Sheepmeat",247069
1038,27,"Sheepmeat",221873
1879,14,"Forestry",32506
1489,8,"Sheepmeat",75317
1066,25,"Veges",910924
1549,5,"Beef",8405
2809,7,"Beef",25193
1390,2,"Beef",43845
304,17,"Fruit",64611642
1483,10,"Sheepmeat",1263
2949,21,"Fruit",4323
1241,27,"Sheepmeat",198919
2442,27,"Sheepmeat",16679199
3084,11,"Forestry",20027
2872,29,"Sheepmeat",362646759
3079,28,"Sheepmeat",2931359
1916,13,"Forestry",3622
3006,11,"Forestry",7096
2222,15,"Forestry",5017247
1889,14,"Forestry",34078
1010,27,"Sheepmeat",296350
2521,20,"Fruit",518064
1951,28,"Sheepmeat",69768
1550,7,"Beef",25193
434,8,"Sheepmeat",299765
2785,14,"Forestry",18342
1870,28,"Sheepmeat",818613
1158,3,"Beef",114892
946,10,"Sheepmeat",9952
3068,4,"Beef",37235901
1997,9,"Sheepmeat",410762
1304,3,"Beef",99310
1647,28,"Sheepmeat",1157112
2058,16,"Forestry",23969
1590,8,"Sheepmeat",121973
1968,9,"Sheepmeat",373203
2104,3,"Beef",793235
1826,11,"Forestry",162918
999,22,"Fruit",287731
940,22,"Fruit",31941
1938,3,"Beef",10295
1121,16,"Forestry",28373
931,9,"Sheepmeat",199270
2189,8,"Sheepmeat",162188
2046,29,"Sheepmeat",15506568
312,8,"Sheepmeat",3709625
1301,26,"Veges",20168
801,16,"Forestry",171823062
687,8,"Sheepmeat",47111
643,10,"Sheepmeat",800585
3090,13,"Forestry",60195
1321,3,"Beef",77490
111,28,"Sheepmeat",8980
573,2,"Beef",338939
3144,20,"Fruit",101630
1180,3,"Beef",1648
951,25,"Veges",81042
2233,4,"Beef",1325151
672,29,"Sheepmeat",22086
89,18,"Fruit",103601
560,20,"Fruit",13366
1102,4,"Beef",112321
2538,28,"Sheepmeat",13290968
2500,17,"Fruit",806709
2520,21,"Fruit",2873
1380,8,"Sheepmeat",708232
1896,16,"Forestry",3693541
1510,18,"Fruit",4222043
1996,19,"Fruit",1255253
851,26,"Veges",18262
949,27,"Sheepmeat",55617
904,10,"Sheepmeat",41696
868,27,"Sheepmeat",1658
2403,16,"Forestry",13484407
1665,15,"Forestry",8554
1045,10,"Sheepmeat",62670
2410,8,"Sheepmeat",1555
987,19,"Fruit",11920629
1465,4,"Beef",90313
1150,4,"Beef",1306224
2872,18,"Fruit",1442840
1867,3,"Beef",796699
2340,3,"Beef",61500
3140,29,"Sheepmeat",638611
2220,28,"Sheepmeat",6695
2419,10,"Sheepmeat",153001
1974,8,"Sheepmeat",497182
606,29,"Sheepmeat",1601
919,23,"Veges",7456154
1785,9,"Sheepmeat",181196
1348,4,"Beef",4517
2376,2,"Beef",244313
1066,22,"Fruit",24847
1469,9,"Sheepmeat",7597
3075,11,"Forestry",3097
2940,10,"Sheepmeat",10869649
2904,1,"Dairy",294373
2929,16,"Forestry",60380762
2951,11,"Forestry",12101
1384,4,"Beef",134044
611,16,"Forestry",3159
2248,2,"Beef",3347545
3154,29,"Sheepmeat",60037289
1043,18,"Fruit",1121942
2723,8,"Sheepmeat",299765
1374,28,"Sheepmeat",736272
1261,2,"Beef",14415
572,3,"Beef",1487
1338,29,"Sheepmeat",5183043
3073,27,"Sheepmeat",1673395
1870,8,"Sheepmeat",628036
1630,4,"Beef",156266
760,8,"Sheepmeat",2727
2339,8,"Sheepmeat",2719743
2600,19,"Fruit",227645
687,2,"Beef",26861
1939,3,"Beef",7524
2840,26,"Veges",13005315
881,10,"Sheepmeat",7850043
882,2,"Beef",26833
937,2,"Beef",20268
1054,14,"Forestry",23389
2282,2,"Beef",310533
1212,19,"Fruit",1412978
290,9,"Sheepmeat",16251
2003,10,"Sheepmeat",269525
2214,2,"Beef",34901
2105,9,"Sheepmeat",2358562
3017,10,"Sheepmeat",94432
1444,4,"Beef",3762741
2938,23,"Veges",168603
2832,11,"Forestry",3175122
1990,9,"Sheepmeat",327083
2852,8,"Sheepmeat",1223486
2843,8,"Sheepmeat",26849218
2404,29,"Sheepmeat",1672443
2914,15,"Forestry",4499360
2937,3,"Beef",5687485
2210,8,"Sheepmeat",526600
1709,3,"Beef",1404
1228,15,"Forestry",1638
859,11,"Forestry",5951260
2134,29,"Sheepmeat",1540875
14,9,"Sheepmeat",38325
1895,4,"Beef",97478
3146,25,"Veges",31465611
1856,15,"Forestry",19594
1912,28,"Sheepmeat",7453
2053,29,"Sheepmeat",1316032
2804,22,"Fruit",1080
2312,19,"Fruit",349990
1659,27,"Sheepmeat",1035320
1762,29,"Sheepmeat",1540875
1798,8,"Sheepmeat",728090
3150,12,"Forestry",3167163
755,3,"Beef",3412
3013,8,"Sheepmeat",27402089
1680,3,"Beef",35910
1585,4,"Beef",40355453
1591,29,"Sheepmeat",109524944
1346,4,"Beef",3549
2809,2,"Beef",5929514
2404,15,"Forestry",929351
1650,9,"Sheepmeat",494438
2415,8,"Sheepmeat",727894
1563,29,"Sheepmeat",195262
898,17,"Fruit",2209778
1988,2,"Beef",19183
1282,16,"Forestry",4572746
2274,2,"Beef",257810
2726,27,"Sheepmeat",978827
3033,13,"Forestry",242970
2414,29,"Sheepmeat",20305
1851,9,"Sheepmeat",513639
2260,10,"Sheepmeat",11598
1812,11,"Forestry",22099
903,8,"Sheepmeat",45876
2874,17,"Fruit",12418219
2133,8,"Sheepmeat",1878826
1206,4,"Beef",5513963
2795,23,"Veges",3561652
1172,26,"Veges",3311
1245,26,"Veges",16538
2889,2,"Beef",8192591
2093,10,"Sheepmeat",978713
2116,29,"Sheepmeat",236495
2270,18,"Fruit",63862
766,10,"Sheepmeat",5782
2141,10,"Sheepmeat",319367
2082,16,"Forestry",2730300
1567,28,"Sheepmeat",9559
3094,2,"Beef",42761290
2110,9,"Sheepmeat",2347291
1133,28,"Sheepmeat",12437
2520,11,"Forestry",2584
2132,19,"Fruit",109383
1967,10,"Sheepmeat",920268
1078,12,"Forestry",175853
213,4,"Beef",15888
1523,29,"Sheepmeat",255076
1416,27,"Sheepmeat",3202
410,2,"Beef",54332
923,28,"Sheepmeat",41797
848,12,"Forestry",364650
1706,4,"Beef",1163477
414,28,"Sheepmeat",7599
3051,6,"Beef",8405
2940,14,"Forestry",156767
899,19,"Fruit",1667172
1020,10,"Sheepmeat",720219
1435,6,"Beef",58609
1628,8,"Sheepmeat",118149
892,21,"Fruit",64718
3040,15,"Forestry",5262738
2272,4,"Beef",2763084
1207,13,"Forestry",131588
2385,9,"Sheepmeat",213924
1018,22,"Fruit",37314
2791,2,"Beef",2441340
1442,27,"Sheepmeat",9572844
2764,23,"Veges",15945915
3124,3,"Beef",11462714
2221,16,"Forestry",14211
2191,2,"Beef",17368
1146,25,"Veges",268223
1435,14,"Forestry",60503
1185,27,"Sheepmeat",6707280
1663,29,"Sheepmeat",302264
2945,1,"Dairy",294373
2910,5,"Beef",8405
2756,5,"Beef",178929
1624,9,"Sheepmeat",31002
1611,8,"Sheepmeat",5642
907,5,"Beef",2952
2827,28,"Sheepmeat",27496718
1246,24,"Veges",697843
2995,3,"Beef",55978
2381,28,"Sheepmeat",636012
3018,4,"Beef",5241
1161,28,"Sheepmeat",1202845
3027,9,"Sheepmeat",24784517
2780,16,"Forestry",15685558
3045,4,"Beef",29604039
1102,10,"Sheepmeat",155655
3127,18,"Fruit",701154
2936,3,"Beef",467394
997,12,"Forestry",801761
2427,22,"Fruit",20625
2392,4,"Beef",10710847
2414,21,"Fruit",19027
2049,29,"Sheepmeat",4615
946,19,"Fruit",3389292
2630,24,"Veges",5980
761,3,"Beef",1279
1070,9,"Sheepmeat",1629
911,10,"Sheepmeat",4855
2994,8,"Sheepmeat",27725747
2785,3,"Beef",976982
1822,28,"Sheepmeat",98209
2406,24,"Veges",1751349
2189,4,"Beef",4666
3057,3,"Beef",36974
2774,29,"Sheepmeat",366912647
2999,8,"Sheepmeat",69510161
3113,16,"Forestry",73306724
1780,8,"Sheepmeat",13182
2996,18,"Fruit",38704000
1695,9,"Sheepmeat",65715
1957,11,"Forestry",78875
2780,4,"Beef",131106934
1177,11,"Forestry",4383
2931,19,"Fruit",38591
2209,28,"Sheepmeat",1158972
2342,15,"Forestry",543406
1005,29,"Sheepmeat",7766
3169,4,"Beef",13117158
3167,24,"Veges",3832564
1590,20,"Fruit",114997
907,1,"Dairy",103406
612,25,"Veges",6466925
1716,29,"Sheepmeat",21859
1011,24,"Veges",2084250
299,25,"Veges",39391627
2200,15,"Forestry",689323
3056,12,"Forestry",1557654
2897,7,"Beef",25193
1863,10,"Sheepmeat",1214212
725,21,"Fruit",2063
3120,18,"Fruit",1940092
1314,3,"Beef",12918
2931,6,"Beef",8405
1364,9,"Sheepmeat",505309
1658,10,"Sheepmeat",980635
2213,3,"Beef",1648
669,2,"Beef",16519
3090,12,"Forestry",702872
1471,2,"Beef",39064
1519,10,"Sheepmeat",4630
1577,27,"Sheepmeat",34730575
3023,23,"Veges",26257752
3079,15,"Forestry",28919
2874,11,"Forestry",1148503
1447,4,"Beef",111054
1181,16,"Forestry",67896
1891,15,"Forestry",6674932
844,23,"Veges",26257752
2954,11,"Forestry",12101
2028,11,"Forestry",16889
2316,4,"Beef",1184980
1977,27,"Sheepmeat",1231122
2268,10,"Sheepmeat",23778
581,12,"Forestry",107798
2802,6,"Beef",8405
2862,4,"Beef",38033282
960,27,"Sheepmeat",21037
2734,18,"Fruit",28038116
1799,2,"Beef",4762
1042,16,"Forestry",13666248
2757,8,"Sheepmeat",8880114
1087,10,"Sheepmeat",226053
1135,29,"Sheepmeat",20372456
2054,9,"Sheepmeat",360505
3142,22,"Fruit",50124
3077,10,"Sheepmeat",75965
995,15,"Forestry",6827
2501,29,"Sheepmeat",108967338
2896,2,"Beef",32738
3107,2,"Beef",971721
2025,27,"Sheepmeat",664778
1984,15,"Forestry",1358
1893,10,"Sheepmeat",1185989
2129,4,"Beef",397452
2963,27,"Sheepmeat",7158528
3162,13,"Forestry",242970
1999,28,"Sheepmeat",2590595
3121,12,"Forestry",2533390
2871,8,"Sheepmeat",2008561
3112,12,"Forestry",2578862
2148,4,"Beef",752186
1690,2,"Beef",1100194
2882,27,"Sheepmeat",27496718
2499,19,"Fruit",1775911
2968,29,"Sheepmeat",606956
2509,19,"Fruit",38023047
1577,9,"Sheepmeat",24784517
319,17,"Fruit",806709
1520,26,"Veges",368414
1320,12,"Forestry",186321
1937,4,"Beef",8157
824,28,"Sheepmeat",229108
1439,26,"Veges",492670
2747,3,"Beef",603393
1175,4,"Beef",27596
1915,15,"Forestry",80715
2791,24,"Veges",766245
2837,5,"Beef",8405
2273,13,"Forestry",30130
2079,9,"Sheepmeat",131980
1522,6,"Beef",21666
1803,13,"Forestry",5805
1214,20,"Fruit",81476
1689,2,"Beef",1100194
3051,5,"Beef",8405
2314,2,"Beef",10537
1346,3,"Beef",1184
1467,18,"Fruit",293503
2063,29,"Sheepmeat",24880
12,10,"Sheepmeat",655918
691,17,"Fruit",105555
2824,20,"Fruit",69702
2030,10,"Sheepmeat",46012
2790,23,"Veges",378741
609,2,"Beef",3501
1623,10,"Sheepmeat",422253
2647,8,"Sheepmeat",373706
1250,3,"Beef",3369492
2245,3,"Beef",3352124
871,16,"Forestry",3483
1778,2,"Beef",7477
1113,22,"Fruit",30163
955,16,"Forestry",2266
481,18,"Fruit",17270271
1706,9,"Sheepmeat",976675
2565,29,"Sheepmeat",140864
1205,14,"Forestry",131588
571,28,"Sheepmeat",5881
111,9,"Sheepmeat",6456
1150,8,"Sheepmeat",726518
1286,9,"Sheepmeat",4745
1023,10,"Sheepmeat",233659
3100,15,"Forestry",27890
1005,23,"Veges",231260
1056,24,"Veges",799527
1032,10,"Sheepmeat",14428
1744,9,"Sheepmeat",49785
2594,26,"Veges",21237845
3,13,"Forestry",11821
2166,10,"Sheepmeat",166030
3041,3,"Beef",10885322
2965,3,"Beef",2860819
87,8,"Sheepmeat",143076
923,10,"Sheepmeat",28433
1205,3,"Beef",1856000
1847,10,"Sheepmeat",64357
2557,14,"Forestry",5372
754,16,"Forestry",85956
3028,29,"Sheepmeat",105532790
8,16,"Forestry",171506207
2439,15,"Forestry",6827
1148,9,"Sheepmeat",1242242
2158,9,"Sheepmeat",22023
1392,27,"Sheepmeat",736272
1310,16,"Forestry",12240
1523,12,"Forestry",1325
2745,23,"Veges",94450
915,28,"Sheepmeat",1092302
2223,28,"Sheepmeat",9235733
1640,8,"Sheepmeat",474331
2728,10,"Sheepmeat",503776
2921,10,"Sheepmeat",11400539
2757,1,"Dairy",6318043
1238,14,"Forestry",2112
879,25,"Veges",596121
1307,27,"Sheepmeat",51147
3017,18,"Fruit",17270271
1176,2,"Beef",1693582
3103,4,"Beef",127825259
2585,27,"Sheepmeat",35854901
2874,13,"Forestry",95392
573,18,"Fruit",95602
1817,4,"Beef",919758
3085,27,"Sheepmeat",2467963
3041,25,"Veges",22936181
1521,10,"Sheepmeat",2435234
1205,13,"Forestry",131588
1397,11,"Forestry",277466
2382,29,"Sheepmeat",1382693
1500,9,"Sheepmeat",846552
2915,19,"Fruit",38591
2762,24,"Veges",14471614
2341,28,"Sheepmeat",1631716
2904,4,"Beef",19071073
963,9,"Sheepmeat",107004
1647,17,"Fruit",293503
3112,1,"Dairy",294373
1273,12,"Forestry",6498
8,25,"Veges",32724218
1125,10,"Sheepmeat",6364125
1993,28,"Sheepmeat",2303754
3090,11,"Forestry",702872
3025,22,"Fruit",50124
923,8,"Sheepmeat",30597
1659,15,"Forestry",6098
3135,3,"Beef",12545667
3116,11,"Forestry",34384
2727,28,"Sheepmeat",1709866
2049,16,"Forestry",3768
2093,3,"Beef",184402
2960,8,"Sheepmeat",5747763
3084,3,"Beef",1286858
2832,19,"Fruit",1543973
1108,12,"Forestry",6204
1878,4,"Beef",131557
1346,16,"Forestry",401473
559,22,"Fruit",5551
294,4,"Beef",49719
3143,15,"Forestry",6586781
2273,12,"Forestry",364650
2284,12,"Forestry",115337
3012,10,"Sheepmeat",7867047
1093,8,"Sheepmeat",103844
2963,10,"Sheepmeat",5108705
1098,8,"Sheepmeat",661542
2797,3,"Beef",4871851
1157,9,"Sheepmeat",392794
1448,17,"Fruit",620499
913,4,"Beef",3636
2952,26,"Veges",721908
2219,3,"Beef",208194
418,2,"Beef",1393
1130,10,"Sheepmeat",501188
3158,3,"Beef",11534650
1872,24,"Veges",1507504
1132,4,"Beef",1258277
1292,4,"Beef",17041
1805,11,"Forestry",190850
1766,14,"Forestry",2540
1989,28,"Sheepmeat",1581226
3052,18,"Fruit",16757
1245,24,"Veges",41390
2073,21,"Fruit",63980
1821,13,"Forestry",22639
2822,23,"Veges",25508352
1471,25,"Veges",141881
1939,26,"Veges",155701
1959,25,"Veges",1554747
1925,29,"Sheepmeat",28475817
1106,8,"Sheepmeat",71960
1948,3,"Beef",14839
3055,11,"Forestry",316153
832,27,"Sheepmeat",34336228
901,10,"Sheepmeat",4855
2878,18,"Fruit",806709
1591,22,"Fruit",55676
1813,4,"Beef",149922
1039,17,"Fruit",305396
1977,3,"Beef",544231
2766,20,"Fruit",774194
1032,24,"Veges",1880999
2936,24,"Veges",162984
2791,12,"Forestry",865769
1583,22,"Fruit",55676
2717,3,"Beef",2697
882,19,"Fruit",583520
1248,1,"Dairy",294373
3009,20,"Fruit",304650
1097,11,"Forestry",186197
854,23,"Veges",3065535
1463,28,"Sheepmeat",63033
1835,9,"Sheepmeat",206839
887,4,"Beef",119929
2381,14,"Forestry",21859
121,28,"Sheepmeat",26260
87,19,"Fruit",231939
1257,13,"Forestry",1593
2383,13,"Forestry",20437
621,16,"Forestry",171964008
1436,7,"Beef",179599
2498,28,"Sheepmeat",1124326
2224,3,"Beef",36082
2034,14,"Forestry",11821
3002,7,"Beef",592259
2948,16,"Forestry",2878
3126,7,"Beef",25193
2324,15,"Forestry",402586
884,11,"Forestry",64615
1823,2,"Beef",2836
1374,16,"Forestry",970768
1868,14,"Forestry",1435
3104,6,"Beef",135931
2693,10,"Sheepmeat",24784517
3074,27,"Sheepmeat",6580194
1132,10,"Sheepmeat",450852
1471,23,"Veges",146772
2815,10,"Sheepmeat",14189181
1768,9,"Sheepmeat",271360
1279,26,"Veges",29815
52,11,"Forestry",127068
839,10,"Sheepmeat",32664613
1862,27,"Sheepmeat",1720671
2758,6,"Beef",178929
2124,27,"Sheepmeat",2899550
2337,10,"Sheepmeat",237425
1827,8,"Sheepmeat",142272
315,27,"Sheepmeat",1444414
74,25,"Veges",89050
2795,2,"Beef",3418733
2895,12,"Forestry",2578862
841,4,"Beef",725829
1080,16,"Forestry",57171
1830,13,"Forestry",5840
74,18,"Fruit",304838
2377,3,"Beef",234544
2890,21,"Fruit",135768
2120,3,"Beef",2227045
1908,12,"Forestry",69773
2818,13,"Forestry",197471
1807,24,"Veges",11695
2829,5,"Beef",8405
816,28,"Sheepmeat",5942
1641,8,"Sheepmeat",431216
1589,29,"Sheepmeat",108967338
2344,11,"Forestry",268770
2152,10,"Sheepmeat",5856
1442,16,"Forestry",9913738
2810,12,"Forestry",2212524
2969,16,"Forestry",102293
2799,25,"Veges",5920901
1090,28,"Sheepmeat",91129
1818,15,"Forestry",19361
1874,9,"Sheepmeat",468972
2895,22,"Fruit",15484
1526,14,"Forestry",5917
1239,12,"Forestry",49493
1996,20,"Fruit",88749
1302,27,"Sheepmeat",26959
3049,2,"Beef",3474792
934,6,"Beef",2952
1833,13,"Forestry",9960
581,2,"Beef",337434
1689,8,"Sheepmeat",1871052
305,17,"Fruit",2337682
3126,25,"Veges",31429943
2746,3,"Beef",603393
2339,20,"Fruit",63836
2037,10,"Sheepmeat",5218521
1551,27,"Sheepmeat",36023612
2753,2,"Beef",3379441
1908,29,"Sheepmeat",966482
1391,9,"Sheepmeat",294297
1701,2,"Beef",678548
1372,3,"Beef",160337
2868,14,"Forestry",60195
939,18,"Fruit",279467
1544,8,"Sheepmeat",1973746
2759,12,"Forestry",166361
643,22,"Fruit",5551
3050,16,"Forestry",75916390
3086,12,"Forestry",11033
3077,2,"Beef",1419
2775,27,"Sheepmeat",121316792
1162,27,"Sheepmeat",7019
2981,3,"Beef",1593748
3097,16,"Forestry",71839135
1580,9,"Sheepmeat",24784517
3006,28,"Sheepmeat",36043514
2393,29,"Sheepmeat",7124344
1583,7,"Beef",25193
2558,4,"Beef",1319
1094,21,"Fruit",32537
2093,2,"Beef",184402
2992,24,"Veges",31465611
2951,3,"Beef",550850
1267,3,"Beef",60391
2928,16,"Forestry",1003026
1458,10,"Sheepmeat",1368
849,28,"Sheepmeat",409860
1814,8,"Sheepmeat",137157
2788,9,"Sheepmeat",3039606
2747,15,"Forestry",30459
2907,16,"Forestry",65011031
1799,13,"Forestry",10033
1049,29,"Sheepmeat",10722915
1235,22,"Fruit",8039
1385,23,"Veges",378587
3048,29,"Sheepmeat",34450848
1056,29,"Sheepmeat",10523435
1658,8,"Sheepmeat",1056286
1627,19,"Fruit",2820
1306,2,"Beef",274389
1798,28,"Sheepmeat",944293
1143,8,"Sheepmeat",623836
2820,5,"Beef",8405
1067,23,"Veges",510200
2842,19,"Fruit",1775911
929,16,"Forestry",815023
1641,9,"Sheepmeat",400712
1214,24,"Veges",3420215
3044,12,"Forestry",108035
2336,11,"Forestry",1653
2880,25,"Veges",31290925
74,17,"Fruit",304838
610,27,"Sheepmeat",21983
2025,4,"Beef",421573
3119,2,"Beef",629839
2164,16,"Forestry",22693
2549,14,"Forestry",54084
1146,24,"Veges",268223
574,28,"Sheepmeat",2169133
1875,11,"Forestry",12101
2821,13,"Forestry",227601
1436,5,"Beef",58609
3058,12,"Forestry",767396
1146,15,"Forestry",6742
2262,27,"Sheepmeat",1250
1125,8,"Sheepmeat",6849592
31,3,"Beef",2697
2195,24,"Veges",32924701
2909,10,"Sheepmeat",12334221
1782,16,"Forestry",3993
1859,16,"Forestry",106536
679,16,"Forestry",5305
1058,4,"Beef",2160336
1299,12,"Forestry",3971
10,9,"Sheepmeat",48317
2826,21,"Fruit",139364
1519,17,"Fruit",14260205
2816,9,"Sheepmeat",14350815
1588,2,"Beef",13044366
1110,11,"Forestry",27353
2037,2,"Beef",2328944
980,19,"Fruit",3269423
3130,4,"Beef",38350302
1625,3,"Beef",9086
2771,15,"Forestry",1371358
1126,5,"Beef",135931
3007,10,"Sheepmeat",2289
2834,10,"Sheepmeat",24231095
953,27,"Sheepmeat",1373347
3083,6,"Beef",178929
3013,26,"Veges",2283793
576,13,"Forestry",5372
2967,14,"Forestry",68513
2775,5,"Beef",275924
2868,25,"Veges",15793340
1459,24,"Veges",233658
2030,24,"Veges",4265
3010,4,"Beef",60019
1659,3,"Beef",418126
1776,17,"Fruit",38110
968,19,"Fruit",363176
1032,18,"Fruit",1151425
2594,21,"Fruit",229926
1762,11,"Forestry",96567
2813,6,"Beef",8405
998,22,"Fruit",308669
2810,2,"Beef",5929514
1291,2,"Beef",102683
2503,3,"Beef",13044366
3084,13,"Forestry",1938
3061,21,"Fruit",923352
1571,10,"Sheepmeat",144014
2751,2,"Beef",3004691
2929,22,"Fruit",1080
2129,2,"Beef",132594
1627,29,"Sheepmeat",547307
3011,11,"Forestry",5951260
1103,4,"Beef",277009
2873,4,"Beef",129900646
1850,4,"Beef",1282859
1803,11,"Forestry",64615
3110,12,"Forestry",2578862
1382,27,"Sheepmeat",124633
2798,4,"Beef",12230793
12,27,"Sheepmeat",912384
2475,10,"Sheepmeat",131996
2904,10,"Sheepmeat",13325517
2920,10,"Sheepmeat",11404935
65,13,"Forestry",16814
1139,26,"Veges",947489
1331,29,"Sheepmeat",57972
2915,29,"Sheepmeat",52177351
1047,8,"Sheepmeat",47841
2550,24,"Veges",2775687
3031,25,"Veges",31465611
2853,27,"Sheepmeat",387484
910,23,"Veges",18451
1201,9,"Sheepmeat",16238
2794,16,"Forestry",25931627
2968,12,"Forestry",2994
2774,16,"Forestry",17355328
1788,3,"Beef",21306
1588,4,"Beef",40355453
2192,23,"Veges",6295645
139,28,"Sheepmeat",3436
1431,15,"Forestry",1740740
2402,25,"Veges",2667126
1029,23,"Veges",98952
1066,28,"Sheepmeat",12741
1916,14,"Forestry",3622
3151,5,"Beef",8405
1837,4,"Beef",67771
1257,15,"Forestry",50028
2402,14,"Forestry",35197
3132,29,"Sheepmeat",103982549
719,27,"Sheepmeat",4491
1986,29,"Sheepmeat",632857
3117,9,"Sheepmeat",6723154
2309,15,"Forestry",7565
2836,29,"Sheepmeat",104242621
2958,3,"Beef",3140146
134,29,"Sheepmeat",517428
2745,20,"Fruit",8681
1335,3,"Beef",9086
1493,28,"Sheepmeat",275172
1318,24,"Veges",728550
3011,18,"Fruit",8243026
2954,28,"Sheepmeat",953018
1286,29,"Sheepmeat",22700
1706,29,"Sheepmeat",4081712
2284,28,"Sheepmeat",864038
2897,24,"Veges",23460409
1169,27,"Sheepmeat",790285
1991,29,"Sheepmeat",2169908
2980,15,"Forestry",482159
2983,10,"Sheepmeat",1279
599,2,"Beef",3501
1508,17,"Fruit",910310
66,14,"Forestry",16814
2909,17,"Fruit",16757
2951,25,"Veges",1751349
1091,2,"Beef",1014958
2760,6,"Beef",178929
2234,12,"Forestry",231626
2949,27,"Sheepmeat",10781796
1429,24,"Veges",1099595
2240,16,"Forestry",14366263
1463,26,"Veges",339122
3162,2,"Beef",12532932
2377,13,"Forestry",34078
1116,19,"Fruit",3365663
1379,27,"Sheepmeat",966590
2358,26,"Veges",49582
1207,20,"Fruit",7193
2889,27,"Sheepmeat",24100765
2941,7,"Beef",25193
1456,18,"Fruit",13095
3117,7,"Beef",537577
1250,23,"Veges",6295645
3068,15,"Forestry",6564691
2224,8,"Sheepmeat",15796
1689,12,"Forestry",132861
2111,11,"Forestry",14344
1031,20,"Fruit",239735
2858,2,"Beef",28052
1870,12,"Forestry",12101
3132,8,"Sheepmeat",26521660
2394,14,"Forestry",3941
700,16,"Forestry",4052
2769,25,"Veges",52709956
1345,27,"Sheepmeat",14717
2880,12,"Forestry",3098577
669,27,"Sheepmeat",26260
2891,11,"Forestry",2943512
2398,8,"Sheepmeat",309369
2813,17,"Fruit",16757
1432,28,"Sheepmeat",22444
121,27,"Sheepmeat",26260
1343,16,"Forestry",171522588
2768,9,"Sheepmeat",25715031
863,15,"Forestry",12098397
1983,4,"Beef",648479
271,14,"Forestry",248343
2499,13,"Forestry",242970
2922,18,"Fruit",16757
20,10,"Sheepmeat",3507
2913,13,"Forestry",171536
305,18,"Fruit",28038116
2806,6,"Beef",8405
2906,28,"Sheepmeat",711987
2398,3,"Beef",164454
2407,11,"Forestry",245713
991,15,"Forestry",6827
599,4,"Beef",18219
2801,11,"Forestry",2064659
3143,18,"Fruit",806709
2029,29,"Sheepmeat",3020
2147,2,"Beef",3630
2753,13,"Forestry",2004
2018,27,"Sheepmeat",591206
1647,15,"Forestry",28923
1908,16,"Forestry",2038272
1080,2,"Beef",1623663
2469,3,"Beef",2383
533,22,"Fruit",5551
2318,16,"Forestry",171521081
1000,18,"Fruit",4222043
1650,2,"Beef",59785
3005,7,"Beef",179599
1200,2,"Beef",17840
1039,18,"Fruit",305396
1584,4,"Beef",40355453
158,8,"Sheepmeat",2659
3067,24,"Veges",31412107
946,29,"Sheepmeat",54623
1261,3,"Beef",14415
2225,13,"Forestry",14095
1280,12,"Forestry",2766
1937,2,"Beef",1778
64,29,"Sheepmeat",60243188
3031,21,"Fruit",175973
1578,3,"Beef",12703940
946,4,"Beef",50420
3072,14,"Forestry",3313
956,27,"Sheepmeat",160679
999,25,"Veges",6678793
870,8,"Sheepmeat",12555
1376,24,"Veges",1751349
3130,27,"Sheepmeat",34347484
1516,8,"Sheepmeat",190212
3047,2,"Beef",7304653
2046,28,"Sheepmeat",5145926
1676,29,"Sheepmeat",534360
2588,1,"Dairy",3086512
714,12,"Forestry",4683
2355,4,"Beef",8157
892,18,"Fruit",258340
3116,4,"Beef",10586812
1953,9,"Sheepmeat",6101121
408,4,"Beef",1168
2109,15,"Forestry",28919
1783,26,"Veges",153681
2206,27,"Sheepmeat",540739
3068,20,"Fruit",88012
2824,22,"Fruit",35012
1591,6,"Beef",8405
1097,8,"Sheepmeat",669494
1822,27,"Sheepmeat",98209
2650,27,"Sheepmeat",36012734
1101,2,"Beef",3081
151,29,"Sheepmeat",517428
1116,29,"Sheepmeat",59637
2557,15,"Forestry",218605
1063,23,"Veges",3223
1880,29,"Sheepmeat",15484063
3002,5,"Beef",195649
3141,8,"Sheepmeat",143076
3046,22,"Fruit",39780
892,4,"Beef",252823
86,16,"Forestry",116558
1014,16,"Forestry",916568
1176,11,"Forestry",1509584
1264,4,"Beef",574364
2249,4,"Beef",431476
665,19,"Fruit",1775911
1721,2,"Beef",41965
1213,18,"Fruit",640913
611,2,"Beef",6913
1709,9,"Sheepmeat",3014
2805,1,"Dairy",294373
1774,27,"Sheepmeat",3185029
2994,27,"Sheepmeat",1227
2341,8,"Sheepmeat",1261353
1969,2,"Beef",21545
3095,4,"Beef",32925568
2965,28,"Sheepmeat",7143335
3012,5,"Beef",5363
3031,16,"Forestry",96844843
1813,3,"Beef",46835
2024,28,"Sheepmeat",515071
2136,4,"Beef",1030805
1030,29,"Sheepmeat",16331194
1564,4,"Beef",7257
298,18,"Fruit",17270271
2239,10,"Sheepmeat",10263
2024,4,"Beef",220485
2867,26,"Veges",10007851
2245,27,"Sheepmeat",9259628
2339,29,"Sheepmeat",10722915
2779,7,"Beef",836800
2907,19,"Fruit",38591
851,8,"Sheepmeat",2345077
2199,10,"Sheepmeat",36392
3110,3,"Beef",6549912
3155,11,"Forestry",2572114
1158,27,"Sheepmeat",380285
520,3,"Beef",3412
1821,4,"Beef",237511
999,26,"Veges",2745516
1996,4,"Beef",3458
768,9,"Sheepmeat",61324
2895,1,"Dairy",294373
1111,15,"Forestry",56465
1181,10,"Sheepmeat",239659
2825,24,"Veges",30741184
2933,21,"Fruit",4323
923,2,"Beef",38389
71,15,"Forestry",602465
3086,28,"Sheepmeat",2369556
1969,29,"Sheepmeat",761796
2791,25,"Veges",766245
989,28,"Sheepmeat",1626
3067,3,"Beef",12266208
1939,23,"Veges",2668
1335,12,"Forestry",8437
1667,28,"Sheepmeat",433367
612,18,"Fruit",3010067
883,18,"Fruit",194283
1769,4,"Beef",142765
3111,16,"Forestry",2968423
434,24,"Veges",161251
2219,2,"Beef",208194
1777,16,"Forestry",24060
501,28,"Sheepmeat",4491
3048,1,"Dairy",6318043
1346,13,"Forestry",1334
759,2,"Beef",3412
1707,27,"Sheepmeat",2419769
1813,9,"Sheepmeat",131164
289,2,"Beef",6441
1095,9,"Sheepmeat",197130
1288,28,"Sheepmeat",223905
1207,14,"Forestry",131588
2568,2,"Beef",581199
1060,28,"Sheepmeat",44234
2967,3,"Beef",2437201
2819,5,"Beef",8405
1017,3,"Beef",599090
1635,8,"Sheepmeat",667861
2756,4,"Beef",14190982
2141,3,"Beef",124034
957,29,"Sheepmeat",20791
2999,11,"Forestry",7911204
2376,3,"Beef",244313
298,2,"Beef",62743
1864,25,"Veges",1751349
1437,14,"Forestry",40678
1139,23,"Veges",2370338
2123,10,"Sheepmeat",2485919
2829,21,"Fruit",139364
1066,18,"Fruit",402532
2018,10,"Sheepmeat",425022
1805,12,"Forestry",190850
2817,29,"Sheepmeat",61382868
950,20,"Fruit",39079
899,3,"Beef",256316
1705,27,"Sheepmeat",1647
1866,25,"Veges",81225
1033,16,"Forestry",43185
1959,23,"Veges",1608345
1834,2,"Beef",86755
2071,8,"Sheepmeat",104615
1898,10,"Sheepmeat",32046
2872,12,"Forestry",702872
60,27,"Sheepmeat",3436
2864,16,"Forestry",34361878
538,28,"Sheepmeat",1124326
3154,16,"Forestry",75893944
2931,12,"Forestry",2037689
2382,11,"Forestry",231626
2630,19,"Fruit",3092326
1571,3,"Beef",35895
2888,1,"Dairy",294373
1799,11,"Forestry",118342
2274,8,"Sheepmeat",553267
2146,9,"Sheepmeat",27338
2403,23,"Veges",2162348
2187,12,"Forestry",276466
1971,29,"Sheepmeat",3184649
2239,27,"Sheepmeat",14276
1996,12,"Forestry",14346
2919,25,"Veges",6083886
1933,10,"Sheepmeat",50967
2783,11,"Forestry",235512
2005,9,"Sheepmeat",4006152
2819,28,"Sheepmeat",20246942
1386,29,"Sheepmeat",236554
1801,2,"Beef",14725
2540,10,"Sheepmeat",6872
1442,28,"Sheepmeat",9572844
61,9,"Sheepmeat",2471
929,14,"Forestry",1578
3042,5,"Beef",178929
3033,18,"Fruit",701154
2861,8,"Sheepmeat",48388
2153,28,"Sheepmeat",2630404
3141,10,"Sheepmeat",131996
2233,27,"Sheepmeat",786531
1020,6,"Beef",4688
950,26,"Veges",131867
2381,4,"Beef",138615
2079,16,"Forestry",18229
2862,9,"Sheepmeat",24382395
1175,10,"Sheepmeat",528373
2024,16,"Forestry",1421
1624,28,"Sheepmeat",44234
2905,9,"Sheepmeat",13116363
1772,4,"Beef",60680
3135,4,"Beef",38743930
2395,27,"Sheepmeat",49786
1187,29,"Sheepmeat",4534731
2968,2,"Beef",116955
1766,24,"Veges",206142
895,2,"Beef",3794968
2885,19,"Fruit",1230588
434,10,"Sheepmeat",278560
1439,2,"Beef",5970
1996,16,"Forestry",421571
1431,4,"Beef",34266492
74,3,"Beef",7993
1908,27,"Sheepmeat",321991
3165,7,"Beef",836800
2743,25,"Veges",6375623
3038,18,"Fruit",8927032
2549,9,"Sheepmeat",2475077
2763,5,"Beef",178929
1394,23,"Veges",451422
2838,25,"Veges",31429943
2796,8,"Sheepmeat",6308643
2757,16,"Forestry",3744461
1103,13,"Forestry",2004
1067,28,"Sheepmeat",1700
1017,15,"Forestry",47154
3055,28,"Sheepmeat",1070510
74,9,"Sheepmeat",5024
2922,8,"Sheepmeat",12371620
339,16,"Forestry",1398
3,3,"Beef",5073679
1384,8,"Sheepmeat",132495
1455,28,"Sheepmeat",3016118
3042,19,"Fruit",8952756
1843,28,"Sheepmeat",806096
872,17,"Fruit",79716
1210,12,"Forestry",28564
2946,10,"Sheepmeat",1222310
2951,2,"Beef",550850
831,8,"Sheepmeat",6541
1160,2,"Beef",25048
607,10,"Sheepmeat",7823
3084,10,"Sheepmeat",2319175
778,11,"Forestry",7096
3060,24,"Veges",12411845
1931,28,"Sheepmeat",238930
612,8,"Sheepmeat",1353
1870,2,"Beef",459055
3111,4,"Beef",27341
2647,12,"Forestry",61986
742,29,"Sheepmeat",1601
937,27,"Sheepmeat",245329
1959,3,"Beef",2193
2412,28,"Sheepmeat",2750173
2940,26,"Veges",2512069
2027,28,"Sheepmeat",4188643
2003,11,"Forestry",34239
868,9,"Sheepmeat",1192
2942,8,"Sheepmeat",10058813
3001,24,"Veges",52321606
3158,5,"Beef",178929
1954,14,"Forestry",34753
751,16,"Forestry",106760
2888,28,"Sheepmeat",24599907
1048,28,"Sheepmeat",3537909
2091,12,"Forestry",109992
580,22,"Fruit",5551
1462,29,"Sheepmeat",41483
1150,29,"Sheepmeat",2827670
3132,5,"Beef",8405
1299,9,"Sheepmeat",181803
1761,20,"Fruit",11019
288,27,"Sheepmeat",134102
608,28,"Sheepmeat",14383
3043,27,"Sheepmeat",32387602
2914,2,"Beef",5920528
1223,16,"Forestry",5580176
2145,16,"Forestry",13906
2189,28,"Sheepmeat",210681
1103,29,"Sheepmeat",570027
884,19,"Fruit",73999
2949,29,"Sheepmeat",32725784
1588,28,"Sheepmeat",35854901
3134,20,"Fruit",88012
2385,13,"Forestry",20437
2957,3,"Beef",3284379
2104,2,"Beef",793235
2925,16,"Forestry",62752875
2837,24,"Veges",31429943
1877,10,"Sheepmeat",402478
3131,5,"Beef",8405
1571,16,"Forestry",1089
2981,29,"Sheepmeat",12668063
1203,25,"Veges",771270
2941,16,"Forestry",47877573
1018,24,"Veges",982815
421,4,"Beef",1052
3104,8,"Sheepmeat",2563081
2342,27,"Sheepmeat",149281
1660,3,"Beef",25048
918,26,"Veges",12235092
2139,27,"Sheepmeat",640901
1241,8,"Sheepmeat",152181
2909,22,"Fruit",1080
1147,4,"Beef",183445
3084,4,"Beef",3875709
2585,6,"Beef",8405
1663,10,"Sheepmeat",72493
3001,3,"Beef",13422999
1556,17,"Fruit",88985
2093,15,"Forestry",48426
1385,4,"Beef",90905
2358,23,"Veges",123946
3132,16,"Forestry",96836558
1800,8,"Sheepmeat",190212
1129,29,"Sheepmeat",3022
2227,15,"Forestry",3332
1880,9,"Sheepmeat",3694472
2756,26,"Veges",61297
3082,9,"Sheepmeat",3159799
2586,23,"Veges",26257752
883,10,"Sheepmeat",46613
2433,28,"Sheepmeat",1231
1876,12,"Forestry",9719
1523,11,"Forestry",1325
1388,10,"Sheepmeat",9236
1279,27,"Sheepmeat",55072
2866,2,"Beef",41580789
1977,10,"Sheepmeat",884335
2908,28,"Sheepmeat",17377005
2521,12,"Forestry",2584
2432,28,"Sheepmeat",28162
981,12,"Forestry",198934
2341,29,"Sheepmeat",4901672
3067,10,"Sheepmeat",24231095
2425,2,"Beef",181997
2509,17,"Fruit",17270271
158,4,"Beef",1135
2943,21,"Fruit",4323
1377,24,"Veges",1751349
2840,27,"Sheepmeat",34730575
1429,28,"Sheepmeat",1938
3030,9,"Sheepmeat",24634580
3095,16,"Forestry",71417564
2956,29,"Sheepmeat",24735030
2725,1,"Dairy",689602
3153,25,"Veges",3950718
1224,29,"Sheepmeat",269644
914,27,"Sheepmeat",11595
2963,2,"Beef",2864939
848,4,"Beef",3648423
2549,4,"Beef",2278796
1625,28,"Sheepmeat",35559
2885,15,"Forestry",6133982
25,27,"Sheepmeat",335684
2104,29,"Sheepmeat",8687634
2401,9,"Sheepmeat",153001
2531,2,"Beef",340426
1372,8,"Sheepmeat",324319
1171,29,"Sheepmeat",7627050
3141,20,"Fruit",13618
679,29,"Sheepmeat",2632
1556,18,"Fruit",88985
3040,22,"Fruit",447182
2744,18,"Fruit",2942782
2324,9,"Sheepmeat",916564
2162,4,"Beef",89609
2597,27,"Sheepmeat",35854901
1995,4,"Beef",1906848
74,19,"Fruit",671280
2205,15,"Forestry",1259584
1897,27,"Sheepmeat",10220876
2372,16,"Forestry",11584335
2205,8,"Sheepmeat",490416
1436,14,"Forestry",60503
439,4,"Beef",19426
1169,3,"Beef",390877
1048,3,"Beef",793740
577,27,"Sheepmeat",35222
2300,19,"Fruit",38023047
2942,10,"Sheepmeat",9328213
2621,4,"Beef",1785
1275,9,"Sheepmeat",362298
2805,11,"Forestry",2192994
2154,12,"Forestry",57121
3095,5,"Beef",178929
2954,4,"Beef",1651868
916,9,"Sheepmeat",23325
3046,27,"Sheepmeat",28235568
2231,3,"Beef",57263
2433,27,"Sheepmeat",1231
1447,19,"Fruit",2146254
1208,11,"Forestry",678368
3134,2,"Beef",12542970
1650,4,"Beef",179208
2551,27,"Sheepmeat",7296149
1460,4,"Beef",1325220
1929,16,"Forestry",2813
673,3,"Beef",2697
2726,10,"Sheepmeat",703684
2781,28,"Sheepmeat",433286
1335,4,"Beef",27237
1048,29,"Sheepmeat",10722915
2807,24,"Veges",6083886
1521,2,"Beef",683050
3110,27,"Sheepmeat",20077492
766,4,"Beef",14055
999,16,"Forestry",177324
3026,22,"Fruit",50124
2598,27,"Sheepmeat",35854901
2925,17,"Fruit",16757
701,10,"Sheepmeat",61049
2193,16,"Forestry",17633
839,2,"Beef",15559469
3154,11,"Forestry",2578862
3044,11,"Forestry",108035
1535,25,"Veges",86058
3081,28,"Sheepmeat",40733
2941,24,"Veges",5920901
819,10,"Sheepmeat",15421
2821,14,"Forestry",227601
2016,9,"Sheepmeat",1420180
2104,15,"Forestry",127080
481,17,"Fruit",17270271
86,12,"Forestry",2199
1411,22,"Fruit",31807
1990,12,"Forestry",11963
1044,27,"Sheepmeat",1008199
2785,27,"Sheepmeat",3508350
2872,21,"Fruit",370166
937,8,"Sheepmeat",189794
3054,17,"Fruit",16757
2426,3,"Beef",167729
2324,10,"Sheepmeat",916564
825,8,"Sheepmeat",5766
3072,2,"Beef",369017
915,16,"Forestry",3349859
1460,15,"Forestry",28923
1847,8,"Sheepmeat",69256
2316,10,"Sheepmeat",1169882
908,12,"Forestry",3285119
1611,4,"Beef",24880
577,28,"Sheepmeat",35222
2410,29,"Sheepmeat",22086
3041,2,"Beef",10885322
2768,26,"Veges",1517179
3017,29,"Sheepmeat",432254
1218,9,"Sheepmeat",261309
3001,4,"Beef",41641569
1473,27,"Sheepmeat",321991
2414,23,"Veges",61778
2827,9,"Sheepmeat",19617469
807,17,"Fruit",17270271
1998,12,"Forestry",73536
1113,10,"Sheepmeat",66869
2942,17,"Fruit",16757
2968,27,"Sheepmeat",196477
366,10,"Sheepmeat",2471
2987,12,"Forestry",3285119
1554,26,"Veges",4987858
2212,27,"Sheepmeat",405584
2852,29,"Sheepmeat",4755253
1314,16,"Forestry",3680663
2888,12,"Forestry",2943512
1447,23,"Veges",428770
2249,25,"Veges",105744
3104,29,"Sheepmeat",9981215
960,22,"Fruit",48461
1458,25,"Veges",15160
2904,13,"Forestry",178923
831,24,"Veges",1931236
1058,14,"Forestry",54084
1242,15,"Forestry",362784
1232,29,"Sheepmeat",1621768
2386,25,"Veges",146136
1643,29,"Sheepmeat",452800
873,29,"Sheepmeat",1273707
1744,29,"Sheepmeat",207581
1075,29,"Sheepmeat",3599
2777,12,"Forestry",198312
1868,3,"Beef",29881
1878,8,"Sheepmeat",86862
212,9,"Sheepmeat",3822
1688,2,"Beef",698264
1511,26,"Veges",2653006
834,10,"Sheepmeat",512718
1056,27,"Sheepmeat",3473615
2119,4,"Beef",6621433
2314,8,"Sheepmeat",96491
3112,10,"Sheepmeat",14032866
2401,27,"Sheepmeat",214157
2841,22,"Fruit",50124
993,2,"Beef",744002
2746,8,"Sheepmeat",1375939
1955,13,"Forestry",31256
2442,29,"Sheepmeat",50121542
2784,8,"Sheepmeat",2679190
914,17,"Fruit",917533
1411,25,"Veges",147807
2279,10,"Sheepmeat",20533
3143,16,"Forestry",235432749
1831,3,"Beef",303327
1169,2,"Beef",390877
1837,8,"Sheepmeat",20155
3050,28,"Sheepmeat",19907566
2765,26,"Veges",7638295
689,26,"Veges",280866
1925,8,"Sheepmeat",7182632
1823,10,"Sheepmeat",5171
2932,11,"Forestry",56811
2955,10,"Sheepmeat",488112
3023,28,"Sheepmeat",34730575
3155,15,"Forestry",5313238
2799,12,"Forestry",1640392
1456,3,"Beef",79582
1876,16,"Forestry",278336
3136,22,"Fruit",43319
2872,14,"Forestry",60195
1273,10,"Sheepmeat",53658
1635,10,"Sheepmeat",620617
1036,12,"Forestry",41983
3143,9,"Sheepmeat",24784517
581,9,"Sheepmeat",799503
2226,29,"Sheepmeat",150408
1521,15,"Forestry",1382139
2413,11,"Forestry",597156
1309,10,"Sheepmeat",5978
1515,10,"Sheepmeat",392794
1267,13,"Forestry",13369
2374,4,"Beef",853423
1822,12,"Forestry",235200
1630,12,"Forestry",40730
1045,11,"Forestry",8263
2885,27,"Sheepmeat",26596868
2049,27,"Sheepmeat",1120
1166,9,"Sheepmeat",309569
1208,4,"Beef",2145260
732,29,"Sheepmeat",2632
830,2,"Beef",184823
1795,8,"Sheepmeat",105472
3000,11,"Forestry",1952848
2839,27,"Sheepmeat",34512473
3001,5,"Beef",8405
1688,13,"Forestry",13324
2380,11,"Forestry",231626
1721,9,"Sheepmeat",29521
2538,10,"Sheepmeat",9532523
538,4,"Beef",1085228
432,8,"Sheepmeat",8418
1978,29,"Sheepmeat",633609
2912,17,"Fruit",16757
1962,28,"Sheepmeat",240400
643,11,"Forestry",107798
1582,10,"Sheepmeat",24784517
3120,14,"Forestry",192497
2351,27,"Sheepmeat",115765
3129,29,"Sheepmeat",104223174
2930,5,"Beef",8405
2942,24,"Veges",5920901
1873,9,"Sheepmeat",468972
235,27,"Sheepmeat",14741
1520,2,"Beef",10568
2825,18,"Fruit",559234
1386,25,"Veges",21741
2787,3,"Beef",1456224
2033,25,"Veges",2469275
2849,11,"Forestry",3177321
884,16,"Forestry",1867898
2902,9,"Sheepmeat",85841
1842,10,"Sheepmeat",978713
2109,16,"Forestry",415273
2997,19,"Fruit",3672016
2016,12,"Forestry",365838
719,8,"Sheepmeat",1555
2666,16,"Forestry",60302033
2375,12,"Forestry",383803
1229,17,"Fruit",86747
1208,27,"Sheepmeat",3426357
1249,18,"Fruit",16757
1535,28,"Sheepmeat",71446
77,21,"Fruit",24661
725,3,"Beef",1487
2995,29,"Sheepmeat",190689
2873,12,"Forestry",702872
2552,11,"Forestry",4243
1018,29,"Sheepmeat",14402
506,29,"Sheepmeat",55792
882,18,"Fruit",263631
2567,27,"Sheepmeat",66708
3001,7,"Beef",25193
1824,10,"Sheepmeat",6824
2763,20,"Fruit",81476
1954,10,"Sheepmeat",1386016
2809,3,"Beef",5929514
1467,28,"Sheepmeat",10459
863,23,"Veges",7007550
2245,29,"Sheepmeat",27819473
343,10,"Sheepmeat",7823
2557,21,"Fruit",24661
3169,10,"Sheepmeat",7504452
2963,9,"Sheepmeat",5108705
2880,16,"Forestry",94538505
2787,29,"Sheepmeat",12199832
1500,28,"Sheepmeat",1177557
235,29,"Sheepmeat",47557
3045,19,"Fruit",1412978
3153,11,"Forestry",2572114
1551,12,"Forestry",7096
701,27,"Sheepmeat",88455
2973,10,"Sheepmeat",3641174
2965,8,"Sheepmeat",5499970
1554,24,"Veges",8417635
1205,24,"Veges",616352
2091,9,"Sheepmeat",569061
881,26,"Veges",12747187
3115,7,"Beef",537577
1207,25,"Veges",226657
739,17,"Fruit",7999
3093,12,"Forestry",675879
2030,4,"Beef",75110
3150,23,"Veges",26202404
2758,7,"Beef",537577
2821,11,"Forestry",2950856
1895,10,"Sheepmeat",125213
1174,28,"Sheepmeat",52201
2921,12,"Forestry",2143621
890,8,"Sheepmeat",9263
952,17,"Fruit",217496
2145,10,"Sheepmeat",142960
2036,9,"Sheepmeat",5497900
1389,28,"Sheepmeat",13991
2815,9,"Sheepmeat",14189181
2905,11,"Forestry",2323008
2865,7,"Beef",836800
2897,2,"Beef",6619909
3102,14,"Forestry",60195
2060,2,"Beef",1748
989,29,"Sheepmeat",9980
2499,9,"Sheepmeat",24784517
2825,14,"Forestry",227601
1999,29,"Sheepmeat",7820497
1033,21,"Fruit",208451
1810,4,"Beef",383292
1875,4,"Beef",937746
3067,7,"Beef",25193
2269,29,"Sheepmeat",2740
6,29,"Sheepmeat",1408505
1086,8,"Sheepmeat",343438
3155,3,"Beef",11553982
3159,10,"Sheepmeat",2359230
2810,25,"Veges",6083886
1827,9,"Sheepmeat",132208
1304,10,"Sheepmeat",374311
111,8,"Sheepmeat",6947
2932,9,"Sheepmeat",113768
1275,28,"Sheepmeat",505328
2167,28,"Sheepmeat",2448
2531,22,"Fruit",5551
930,29,"Sheepmeat",962120
2755,11,"Forestry",83413
756,2,"Beef",3412
2375,9,"Sheepmeat",1468204
1379,23,"Veges",1811724
2756,13,"Forestry",5317
14,25,"Veges",605609
1912,8,"Sheepmeat",5766
2922,16,"Forestry",62752875
885,5,"Beef",2952
1494,13,"Forestry",118769
2779,14,"Forestry",16833
1127,4,"Beef",7690421
1229,4,"Beef",114513
1084,2,"Beef",535067
823,14,"Forestry",5074
1835,2,"Beef",31307
1048,21,"Fruit",131745
2618,29,"Sheepmeat",175250
896,28,"Sheepmeat",10953629
2990,24,"Veges",31465611
2965,15,"Forestry",1784520
2037,16,"Forestry",179942
2247,10,"Sheepmeat",23778
2028,27,"Sheepmeat",3628328
2351,11,"Forestry",2412
1512,12,"Forestry",14344
1690,11,"Forestry",132861
1861,13,"Forestry",5712
3128,19,"Fruit",1543973
3074,29,"Sheepmeat",19810169
1204,16,"Forestry",44041211
2897,23,"Veges",17975558
3002,28,"Sheepmeat",81962098
1118,4,"Beef",5329273
1870,26,"Veges",721908
1656,27,"Sheepmeat",139007
2801,25,"Veges",6083886
1430,4,"Beef",10799
1353,29,"Sheepmeat",1443
3156,12,"Forestry",2572114
2122,9,"Sheepmeat",2287051
2436,18,"Fruit",16757
871,25,"Veges",1702328
1554,21,"Fruit",311473
1690,29,"Sheepmeat",7267016
573,21,"Fruit",24661
643,27,"Sheepmeat",1118445
1637,8,"Sheepmeat",206432
2791,4,"Beef",7489310
2261,27,"Sheepmeat",16132
3103,11,"Forestry",702872
819,27,"Sheepmeat",21451
1584,7,"Beef",25193
2770,7,"Beef",25193
1222,29,"Sheepmeat",3419
2728,3,"Beef",34384
2944,12,"Forestry",7529
1131,15,"Forestry",1638
1340,14,"Forestry",1334
2884,2,"Beef",9125477
81,29,"Sheepmeat",92836
1067,10,"Sheepmeat",1222
3128,26,"Veges",12983174
1669,27,"Sheepmeat",74588
1132,24,"Veges",1201
1941,9,"Sheepmeat",1564
1358,4,"Beef",15713
2951,10,"Sheepmeat",687448
459,14,"Forestry",248343
2205,14,"Forestry",57622
1975,27,"Sheepmeat",197988
2820,12,"Forestry",2943512
1132,9,"Sheepmeat",450852
574,5,"Beef",21666
1012,25,"Veges",140011
1448,26,"Veges",96945
2869,5,"Beef",275924
1490,2,"Beef",14015
1022,28,"Sheepmeat",11752
2512,19,"Fruit",6616469
3153,20,"Fruit",2130509
2961,29,"Sheepmeat",22158323
1516,16,"Forestry",3569998
2077,29,"Sheepmeat",30439672
3085,28,"Sheepmeat",2467963
1459,28,"Sheepmeat",4004
1510,9,"Sheepmeat",1505290
3136,26,"Veges",13005315
1014,12,"Forestry",11033
1253,2,"Beef",7641
918,4,"Beef",11078124
727,27,"Sheepmeat",5881
2312,27,"Sheepmeat",23824
2883,9,"Sheepmeat",1099744
2922,3,"Beef",5843952
155,2,"Beef",25131
1266,21,"Fruit",63557
3090,16,"Forestry",20423174
1549,29,"Sheepmeat",109540645
2432,29,"Sheepmeat",84415
1078,2,"Beef",471897
1783,9,"Sheepmeat",53937
2766,2,"Beef",11386642
3068,21,"Fruit",175973
1250,9,"Sheepmeat",6698085
75,8,"Sheepmeat",10872
1610,8,"Sheepmeat",40469
2932,23,"Veges",6295645
2764,17,"Fruit",1883634
3138,22,"Fruit",43319
1213,26,"Veges",2257815
2799,21,"Fruit",4323
294,28,"Sheepmeat",23910
2409,3,"Beef",374457
903,3,"Beef",56398
1987,15,"Forestry",166360
1157,16,"Forestry",513481
2513,26,"Veges",2670390
840,22,"Fruit",1554
2555,3,"Beef",815811
2591,1,"Dairy",3086512
1494,29,"Sheepmeat",6097273
3012,3,"Beef",3799960
2085,16,"Forestry",147142
3156,18,"Fruit",316702
910,26,"Veges",7381
2942,27,"Sheepmeat",13093337
3017,12,"Forestry",2412
2439,11,"Forestry",2584
1519,29,"Sheepmeat",22677
2877,11,"Forestry",3285119
2990,25,"Veges",31465611
2219,15,"Forestry",59755
2771,17,"Fruit",12663
1349,8,"Sheepmeat",3094
860,28,"Sheepmeat",7808
3126,27,"Sheepmeat",34433976
132,3,"Beef",116624
2010,9,"Sheepmeat",129629
2953,12,"Forestry",12101
1523,9,"Sheepmeat",61176
1636,15,"Forestry",24119
2842,5,"Beef",8405
2520,4,"Beef",2076512
2005,4,"Beef",5487630
2818,12,"Forestry",2578862
2972,29,"Sheepmeat",15425574
1087,27,"Sheepmeat",314441
871,8,"Sheepmeat",22425
3100,2,"Beef",429497
1472,8,"Sheepmeat",3401
1700,16,"Forestry",693692
994,20,"Fruit",55649
1932,16,"Forestry",669944
2923,10,"Sheepmeat",11346414
3033,11,"Forestry",3175122
2025,8,"Sheepmeat",514294
2974,11,"Forestry",452604
3157,28,"Sheepmeat",10682253
3071,6,"Beef",178929
2724,4,"Beef",18235081
1686,9,"Sheepmeat",5788
1916,10,"Sheepmeat",22225
1653,27,"Sheepmeat",170806
1991,8,"Sheepmeat",555637
2316,3,"Beef",391527
1338,9,"Sheepmeat",1242312
2921,14,"Forestry",168950
2117,2,"Beef",46713
3047,25,"Veges",2317577
2414,17,"Fruit",73760
3086,15,"Forestry",47154
1767,27,"Sheepmeat",325138
532,22,"Fruit",5551
1905,11,"Forestry",3760
2500,16,"Forestry",60302033
2979,15,"Forestry",535066
1001,4,"Beef",590029
1317,16,"Forestry",13173721
2826,12,"Forestry",2960009
1005,21,"Fruit",24875
2947,3,"Beef",832335
1126,16,"Forestry",439509
3075,5,"Beef",178929
1215,18,"Fruit",545090
2943,24,"Veges",5192352
878,27,"Sheepmeat",14268
1967,8,"Sheepmeat",991323
982,19,"Fruit",468093
1767,8,"Sheepmeat",251537
2305,23,"Veges",391895
3069,19,"Fruit",13183224
879,4,"Beef",10995
1016,4,"Beef",187274
2834,11,"Forestry",3175122
935,21,"Fruit",452546
1071,12,"Forestry",85039
1287,11,"Forestry",15828
1462,4,"Beef",41483
1780,10,"Sheepmeat",12249
1645,28,"Sheepmeat",15605
2970,11,"Forestry",745545
1778,3,"Beef",7477
1181,29,"Sheepmeat",999269
1158,8,"Sheepmeat",291589
2785,29,"Sheepmeat",10532749
123,29,"Sheepmeat",110881
3077,4,"Beef",4254
1973,15,"Forestry",64869
1518,29,"Sheepmeat",99664
2767,5,"Beef",8405
1573,4,"Beef",9447
840,17,"Fruit",24108
2438,22,"Fruit",20029
1649,16,"Forestry",95957
1257,14,"Forestry",1593
2953,29,"Sheepmeat",2910677
2936,16,"Forestry",7984068
2134,4,"Beef",167735
930,2,"Beef",68667
2598,7,"Beef",25193
1674,29,"Sheepmeat",110942
2871,17,"Fruit",1938530
1553,24,"Veges",8417635
963,10,"Sheepmeat",107004
2818,19,"Fruit",534374
923,29,"Sheepmeat",154141
2764,16,"Forestry",71413318
3001,11,"Forestry",1952848
607,29,"Sheepmeat",57393
1011,28,"Sheepmeat",123210
2872,26,"Veges",1543942
2554,11,"Forestry",277466
992,24,"Veges",5156131
1672,16,"Forestry",27787
1545,23,"Veges",484516
2143,14,"Forestry",1435
3089,3,"Beef",467756
1986,11,"Forestry",105613
2667,4,"Beef",40355453
2897,25,"Veges",23460409
2336,8,"Sheepmeat",256499
3136,19,"Fruit",1543973
689,21,"Fruit",110539
412,29,"Sheepmeat",177582
1118,28,"Sheepmeat",6444769
1591,9,"Sheepmeat",25699949
2810,18,"Fruit",16757
1693,8,"Sheepmeat",1816027
3119,3,"Beef",629839
1146,21,"Fruit",40437
1436,18,"Fruit",2820894
2053,8,"Sheepmeat",338234
3067,13,"Forestry",242970
1940,9,"Sheepmeat",300479
2347,10,"Sheepmeat",337632
719,9,"Sheepmeat",1445
1697,10,"Sheepmeat",1361219
1688,14,"Forestry",13324
1276,10,"Sheepmeat",29758
2952,2,"Beef",549140
882,22,"Fruit",16342
2378,28,"Sheepmeat",1835890
1571,29,"Sheepmeat",605380
3004,26,"Veges",4837134
999,9,"Sheepmeat",1509518
1148,28,"Sheepmeat",1727963
884,12,"Forestry",64615
1997,15,"Forestry",69030
3120,25,"Veges",17781861
774,29,"Sheepmeat",24880
2549,15,"Forestry",1382139
1842,3,"Beef",184402
1543,15,"Forestry",919583
2500,13,"Forestry",242970
1934,3,"Beef",7662
1075,21,"Fruit",73126
2800,7,"Beef",25193
3041,18,"Fruit",4065519
2526,11,"Forestry",1713
2049,21,"Fruit",4628
3167,18,"Fruit",3850252
3052,3,"Beef",6216739
2846,24,"Veges",62472240
1132,16,"Forestry",140160
1236,19,"Fruit",106632
1964,4,"Beef",303746
919,1,"Dairy",6318043
63,3,"Beef",454806
1291,10,"Sheepmeat",361515
2165,29,"Sheepmeat",1206650
2323,4,"Beef",35210024
1215,21,"Fruit",139668
1825,27,"Sheepmeat",1045931
2725,23,"Veges",320396
1522,24,"Veges",6326488
2855,4,"Beef",295069
1039,2,"Beef",6220
2653,28,"Sheepmeat",6392
993,19,"Fruit",3438556
2311,28,"Sheepmeat",701776
2426,29,"Sheepmeat",1011626
1049,3,"Beef",793740
1871,3,"Beef",459055
1897,4,"Beef",10717997
1441,2,"Beef",4377901
3078,28,"Sheepmeat",6120678
501,9,"Sheepmeat",1445
767,27,"Sheepmeat",10271
940,3,"Beef",1077
2766,10,"Sheepmeat",24209663
2755,8,"Sheepmeat",8349447
701,3,"Beef",86885
2154,10,"Sheepmeat",1888237
1315,2,"Beef",7662
3022,6,"Beef",8405
838,5,"Beef",178929
831,2,"Beef",11562438
521,16,"Forestry",171522588
2750,13,"Forestry",2004
1249,17,"Fruit",16757
1652,10,"Sheepmeat",213048
284,16,"Forestry",3159
1688,27,"Sheepmeat",2760287
1418,9,"Sheepmeat",3507
2583,29,"Sheepmeat",3466
1493,3,"Beef",49684
1969,14,"Forestry",2554
2502,27,"Sheepmeat",35854901
1418,4,"Beef",18652
1355,14,"Forestry",1144
2079,2,"Beef",21635
2904,16,"Forestry",68449192
969,29,"Sheepmeat",2667
2833,29,"Sheepmeat",102898191
1212,16,"Forestry",44954041
2972,27,"Sheepmeat",5095235
1265,11,"Forestry",28633
825,16,"Forestry",4103492
3,15,"Forestry",373688
2630,17,"Fruit",1406812
3014,8,"Sheepmeat",26849218
3108,13,"Forestry",127733
1217,25,"Veges",267408
1280,28,"Sheepmeat",123041
1144,9,"Sheepmeat",5230
2854,10,"Sheepmeat",277715
1501,11,"Forestry",1713
1068,8,"Sheepmeat",1843
2440,26,"Veges",163269
1338,4,"Beef",1964392
2249,9,"Sheepmeat",132615
3142,6,"Beef",8405
1573,10,"Sheepmeat",1726
2867,25,"Veges",24247872
929,8,"Sheepmeat",1350543
1074,27,"Sheepmeat",598419
1032,2,"Beef",10715
2959,9,"Sheepmeat",5468097
3059,4,"Beef",1683273
1803,29,"Sheepmeat",2539489
956,10,"Sheepmeat",115513
446,10,"Sheepmeat",2820
156,28,"Sheepmeat",36868
1972,15,"Forestry",64432
2995,8,"Sheepmeat",27774190
1859,29,"Sheepmeat",1414918
1318,27,"Sheepmeat",215661
2728,16,"Forestry",823900
2772,5,"Beef",275924
2247,28,"Sheepmeat",36647
498,11,"Forestry",2412
1888,29,"Sheepmeat",28175840
3043,1,"Dairy",6318043
1380,29,"Sheepmeat",2817121
2349,3,"Beef",39341
3083,26,"Veges",1020087
186,3,"Beef",3907
2801,26,"Veges",2512069
1849,28,"Sheepmeat",43370
3049,13,"Forestry",269851
3029,23,"Veges",26257752
1545,3,"Beef",11848
1011,19,"Fruit",3926806
2835,10,"Sheepmeat",24526579
2594,27,"Sheepmeat",35854901
1001,24,"Veges",477454
3116,10,"Sheepmeat",5474226
2594,20,"Fruit",114997
980,14,"Forestry",19825
2023,27,"Sheepmeat",515071
1069,4,"Beef",3498
2539,8,"Sheepmeat",2599840
1011,18,"Fruit",1786607
132,4,"Beef",387777
1909,16,"Forestry",92405919
2409,8,"Sheepmeat",332008
3108,27,"Sheepmeat",6083491
1663,12,"Forestry",1064
1520,27,"Sheepmeat",10568
2822,1,"Dairy",294373
1582,20,"Fruit",101630
1827,28,"Sheepmeat",187347
1580,4,"Beef",39270225
1176,3,"Beef",1693582
1390,9,"Sheepmeat",35532
3078,3,"Beef",2045695
1315,3,"Beef",7662
1698,29,"Sheepmeat",5685087
551,8,"Sheepmeat",863561
3045,20,"Fruit",81476
2963,12,"Forestry",879090
2935,10,"Sheepmeat",147946
530,21,"Fruit",24661
991,17,"Fruit",4167691
559,1,"Dairy",3086512
3125,9,"Sheepmeat",90462223
640,1,"Dairy",294373
2937,12,"Forestry",1917858
412,28,"Sheepmeat",55655
306,17,"Fruit",2337682
2692,2,"Beef",12703940
1372,28,"Sheepmeat",422593
1333,10,"Sheepmeat",11177
1851,1,"Dairy",294373
2054,2,"Beef",123435
2690,4,"Beef",39270225
1172,29,"Sheepmeat",1686036
2787,8,"Sheepmeat",3127007
1959,26,"Veges",642673
2023,28,"Sheepmeat",515071
1611,10,"Sheepmeat",5243
1549,13,"Forestry",248343
3000,29,"Sheepmeat",110505504
1235,17,"Fruit",129731
1210,16,"Forestry",830545
2440,10,"Sheepmeat",14345640
2265,21,"Fruit",42481
1570,27,"Sheepmeat",247462
905,17,"Fruit",86108
1494,3,"Beef",787460
1999,11,"Forestry",598980
2503,6,"Beef",8405
2960,24,"Veges",2838518
441,19,"Fruit",149293278
2781,8,"Sheepmeat",335204
1306,3,"Beef",274389
1121,4,"Beef",560390
3047,6,"Beef",178929
3158,14,"Forestry",199803
1431,20,"Fruit",648401
893,21,"Fruit",458986
960,25,"Veges",41067
1005,26,"Veges",92510
2260,29,"Sheepmeat",52105
797,9,"Sheepmeat",7823
1615,14,"Forestry",248343
1016,23,"Veges",846140
1393,15,"Forestry",27547
1491,3,"Beef",5331
2820,9,"Sheepmeat",17205402
3093,26,"Veges",218624
1877,16,"Forestry",278336
1916,29,"Sheepmeat",92670
2227,29,"Sheepmeat",945714
831,5,"Beef",178929
1210,29,"Sheepmeat",685694
2315,9,"Sheepmeat",28489
533,27,"Sheepmeat",1124326
1154,12,"Forestry",3097
1692,11,"Forestry",131056
2980,4,"Beef",4967197
3025,9,"Sheepmeat",24784517
1544,14,"Forestry",29062
2532,19,"Fruit",227645
2145,8,"Sheepmeat",153843
2837,13,"Forestry",242970
2768,25,"Veges",3672615
3150,10,"Sheepmeat",23702020
941,29,"Sheepmeat",5561
1023,3,"Beef",165404
2094,27,"Sheepmeat",4805786
1071,2,"Beef",9589
1937,10,"Sheepmeat",1279
994,23,"Veges",3813991
1161,10,"Sheepmeat",864732
3095,3,"Beef",10839844
1125,2,"Beef",2770320
1952,27,"Sheepmeat",9261149
3053,15,"Forestry",5114660
3005,10,"Sheepmeat",24550779
417,10,"Sheepmeat",1001
178,25,"Veges",12090250
3068,7,"Beef",25193
2806,5,"Beef",8405
2744,4,"Beef",26495
2275,25,"Veges",32924701
796,1,"Dairy",6462576
2949,15,"Forestry",3165324
2054,15,"Forestry",14395
994,28,"Sheepmeat",1505728
1173,15,"Forestry",28919
3109,4,"Beef",724638
1058,3,"Beef",695349
2271,10,"Sheepmeat",2435234
2961,25,"Veges",2296800
3083,25,"Veges",2470194
558,28,"Sheepmeat",136248
890,22,"Fruit",54383
1235,20,"Fruit",16088
65,12,"Forestry",238085
1157,10,"Sheepmeat",392794
1005,18,"Fruit",96430
2035,28,"Sheepmeat",14408549
1647,25,"Veges",4884
1168,16,"Forestry",28373
3096,20,"Fruit",65966
1943,28,"Sheepmeat",2176
854,3,"Beef",100013
2956,11,"Forestry",1158367
195,3,"Beef",1076
2493,8,"Sheepmeat",868111
6,10,"Sheepmeat",336512
905,22,"Fruit",5551
1776,16,"Forestry",28404
2939,20,"Fruit",2162
1147,3,"Beef",61199
1824,28,"Sheepmeat",9492
2766,14,"Forestry",199803
914,24,"Veges",494814
2917,3,"Beef",1345
2000,9,"Sheepmeat",1776236
14,27,"Sheepmeat",53311
1459,21,"Fruit",72707
1866,28,"Sheepmeat",302708
1012,22,"Fruit",59856
1175,15,"Forestry",1693635
574,26,"Veges",3710554
1158,25,"Veges",400125
1031,24,"Veges",3216300
2862,1,"Dairy",294373
1868,12,"Forestry",58577
2830,17,"Fruit",559234
237,8,"Sheepmeat",115731
2747,2,"Beef",603393
3136,16,"Forestry",96844843
299,24,"Veges",39391627
1378,27,"Sheepmeat",1710836
2091,28,"Sheepmeat",793936
1809,4,"Beef",314145
317,27,"Sheepmeat",15193
2803,5,"Beef",8405
1552,18,"Fruit",10630232
2803,6,"Beef",8405
3013,25,"Veges",5533929
3039,19,"Fruit",18123648
886,8,"Sheepmeat",1333
2990,12,"Forestry",3285119
612,19,"Fruit",6616469
1233,10,"Sheepmeat",1656181
2436,19,"Fruit",38591
2275,16,"Forestry",171519566
1500,2,"Beef",479571
149,16,"Forestry",115529
1056,11,"Forestry",678368
1267,9,"Sheepmeat",243834
2909,18,"Fruit",16757
1098,16,"Forestry",2697959
2925,22,"Fruit",1080
1063,2,"Beef",1193
1915,10,"Sheepmeat",22225
1297,12,"Forestry",7140
418,4,"Beef",4175
2124,12,"Forestry",95511
835,2,"Beef",3010
1493,9,"Sheepmeat",197823
3054,16,"Forestry",72143141
1398,27,"Sheepmeat",363873
925,4,"Beef",9958
2205,29,"Sheepmeat",1905330
2264,28,"Sheepmeat",5023
1071,3,"Beef",9589
2915,24,"Veges",6083886
2412,23,"Veges",106558
1056,26,"Veges",328933
797,3,"Beef",3501
2755,29,"Sheepmeat",32491854
1225,15,"Forestry",561523
1214,14,"Forestry",133096
2731,18,"Fruit",17270271
2022,29,"Sheepmeat",2324286
1367,29,"Sheepmeat",1383
3051,29,"Sheepmeat",58457429
934,8,"Sheepmeat",177105
2864,5,"Beef",275924
848,14,"Forestry",30130
2247,29,"Sheepmeat",124010
2149,28,"Sheepmeat",631406
1117,13,"Forestry",4678
560,15,"Forestry",1583
2857,9,"Sheepmeat",65115
2996,12,"Forestry",3285119
2867,9,"Sheepmeat",84957524
3068,28,"Sheepmeat",33190268
908,17,"Fruit",392602
3106,3,"Beef",1708992
3120,15,"Forestry",4967306
2814,6,"Beef",8405
1532,27,"Sheepmeat",3471
1803,14,"Forestry",5805
691,29,"Sheepmeat",495343
2191,27,"Sheepmeat",72379
2033,28,"Sheepmeat",20465528
2527,22,"Fruit",5551
1800,29,"Sheepmeat",742558
3069,15,"Forestry",5231451
1383,10,"Sheepmeat",6164
2264,3,"Beef",5023
905,10,"Sheepmeat",368406
1867,9,"Sheepmeat",2715481
1111,16,"Forestry",809496
1172,8,"Sheepmeat",428820
918,18,"Fruit",11953043
832,28,"Sheepmeat",34336228
2002,16,"Forestry",1571
2958,27,"Sheepmeat",7676970
1693,28,"Sheepmeat",2348643
3137,6,"Beef",8405
1653,10,"Sheepmeat",118617
2961,10,"Sheepmeat",5204347
2402,24,"Veges",2667126
2672,18,"Fruit",17270271
352,16,"Forestry",1398
2475,16,"Forestry",116558
1377,4,"Beef",2632957
1934,10,"Sheepmeat",21842
910,27,"Sheepmeat",9209
1185,12,"Forestry",1509584
2912,29,"Sheepmeat",52301361
3109,11,"Forestry",519071
1554,2,"Beef",13130728
789,2,"Beef",25131
2728,28,"Sheepmeat",700755
819,18,"Fruit",133921
2828,29,"Sheepmeat",91123386
3169,14,"Forestry",5317
2166,8,"Sheepmeat",178669
1189,15,"Forestry",2144
1349,28,"Sheepmeat",3999
2863,13,"Forestry",242970
2653,27,"Sheepmeat",6392
2915,8,"Sheepmeat",13309654
3134,14,"Forestry",242970
2361,25,"Veges",817942
2060,24,"Veges",6466925
2841,21,"Fruit",203202
346,9,"Sheepmeat",1689
1927,4,"Beef",24564
1977,23,"Veges",151173
1438,13,"Forestry",38166
2142,2,"Beef",124034
1556,13,"Forestry",133096
2340,23,"Veges",846140
288,17,"Fruit",14260205
1288,4,"Beef",169920
2872,15,"Forestry",1425780
2797,18,"Fruit",16757
3001,25,"Veges",52321606
2830,9,"Sheepmeat",22630971
2513,25,"Veges",6466925
2820,15,"Forestry",6098140
1116,26,"Veges",196180
3018,3,"Beef",1748
3127,2,"Beef",12532932
3072,29,"Sheepmeat",5151319
1275,10,"Sheepmeat",362298
1516,10,"Sheepmeat",175799
390,26,"Veges",13005315
1715,9,"Sheepmeat",17309
1035,26,"Veges",97748
1154,11,"Forestry",3097
1148,8,"Sheepmeat",1336807
2443,29,"Sheepmeat",22252384
1376,8,"Sheepmeat",1330990
2348,28,"Sheepmeat",119361
2657,16,"Forestry",60302033
2206,28,"Sheepmeat",540739
2466,4,"Beef",102469
2748,5,"Beef",137814
3047,9,"Sheepmeat",14151048
1220,2,"Beef",1096
2926,27,"Sheepmeat",15910234
968,17,"Fruit",164682
830,26,"Veges",1334398
2874,2,"Beef",30143662
3121,25,"Veges",25203821
1125,3,"Beef",2770320
2869,18,"Fruit",1939797
2345,15,"Forestry",543406
3165,8,"Sheepmeat",520212
3095,17,"Fruit",3369008
2792,29,"Sheepmeat",21801081
2760,1,"Dairy",6318043
2134,14,"Forestry",6893
2120,15,"Forestry",6409
1286,16,"Forestry",9628129
2902,8,"Sheepmeat",92376
1014,4,"Beef",3141960
2807,17,"Fruit",16757
2125,3,"Beef",532245
2822,4,"Beef",27414272
2982,3,"Beef",1584114
2869,6,"Beef",275924
791,15,"Forestry",17286
278,3,"Beef",14169
1850,15,"Forestry",26858
816,29,"Sheepmeat",26526
898,20,"Fruit",282260
2814,8,"Sheepmeat",15412161
1188,11,"Forestry",8514
1538,2,"Beef",21173
1044,23,"Veges",28086
2596,16,"Forestry",60302033
945,26,"Veges",1357876
378,17,"Fruit",910310
3122,4,"Beef",34640648
895,22,"Fruit",332421
1576,28,"Sheepmeat",34730575
607,16,"Forestry",3159
2214,16,"Forestry",41334
1186,2,"Beef",424184
2828,17,"Fruit",559234
915,10,"Sheepmeat",783774
1689,14,"Forestry",8566
1813,28,"Sheepmeat",185826
2750,4,"Beef",8447759
2583,28,"Sheepmeat",1156
931,2,"Beef",58556
20,27,"Sheepmeat",6110
2513,19,"Fruit",6616469
956,25,"Veges",415891
994,16,"Forestry",111323
2942,13,"Forestry",133864
1182,29,"Sheepmeat",10195349
1815,10,"Sheepmeat",62864
2395,14,"Forestry",5975
1499,9,"Sheepmeat",1908806
1641,29,"Sheepmeat",1672180
1862,14,"Forestry",4347
2905,13,"Forestry",178923
2440,14,"Forestry",15740
2972,12,"Forestry",493333
1888,13,"Forestry",242581
2930,10,"Sheepmeat",11166132
1744,10,"Sheepmeat",49785
2395,10,"Sheepmeat",33861
2219,12,"Forestry",28007
1262,25,"Veges",1149
2273,2,"Beef",1508321
2800,29,"Sheepmeat",46415681
1291,11,"Forestry",30164
2335,10,"Sheepmeat",237425
3097,6,"Beef",178929
534,8,"Sheepmeat",6947
1199,10,"Sheepmeat",16238
1033,9,"Sheepmeat",284113
791,24,"Veges",39391627
1212,13,"Forestry",133096
2141,2,"Beef",124034
2948,28,"Sheepmeat",5555
2565,24,"Veges",122310
1180,16,"Forestry",492799
838,8,"Sheepmeat",1500
987,29,"Sheepmeat",6513381
2936,8,"Sheepmeat",1442162
823,3,"Beef",113201
1010,28,"Sheepmeat",296350
2798,27,"Sheepmeat",10742153
271,28,"Sheepmeat",14383
1615,16,"Forestry",3159
850,21,"Fruit",26724
1503,25,"Veges",105744
3121,10,"Sheepmeat",24194889
1474,8,"Sheepmeat",324196
176,19,"Fruit",104122269
86,20,"Fruit",13618
2070,9,"Sheepmeat",139961
1941,24,"Veges",35668
966,9,"Sheepmeat",6872
2831,14,"Forestry",242970
1556,8,"Sheepmeat",6071387
1443,2,"Beef",1736906
2331,26,"Veges",14760
928,29,"Sheepmeat",1632366
1855,12,"Forestry",2994
2772,15,"Forestry",1244848
866,24,"Veges",746545
2941,3,"Beef",5111201
994,2,"Beef",720516
950,18,"Fruit",302905
2374,11,"Forestry",384809
2659,28,"Sheepmeat",35854901
2619,10,"Sheepmeat",39020
1286,27,"Sheepmeat",6601
2271,18,"Fruit",316109
3130,5,"Beef",8405
2877,24,"Veges",31465611
3069,25,"Veges",25244887
2817,12,"Forestry",2578862
2923,19,"Fruit",38591
1545,4,"Beef",46011
1200,3,"Beef",17840
2804,12,"Forestry",2143621
345,16,"Forestry",2285
3039,2,"Beef",11477829
1161,3,"Beef",172970
1673,29,"Sheepmeat",28010
1332,27,"Sheepmeat",22517
2872,8,"Sheepmeat",1606951
3089,2,"Beef",467756
445,10,"Sheepmeat",4594
2344,29,"Sheepmeat",840037
1450,9,"Sheepmeat",2525333
3097,18,"Fruit",4065519
1496,9,"Sheepmeat",610954
1138,2,"Beef",1108229
2906,27,"Sheepmeat",711987
2384,15,"Forestry",438406
2803,28,"Sheepmeat",15674864
2982,15,"Forestry",482159
2618,28,"Sheepmeat",55655
851,25,"Veges",44131
2903,13,"Forestry",12759
3061,27,"Sheepmeat",118740303
3039,23,"Veges",29290608
1932,28,"Sheepmeat",187587
673,16,"Forestry",3350
1228,9,"Sheepmeat",2287051
1036,28,"Sheepmeat",1110953
2383,8,"Sheepmeat",230209
2132,4,"Beef",1411
1454,18,"Fruit",26630
2743,23,"Veges",94450
1841,14,"Forestry",1578
1468,25,"Veges",1753665
1571,27,"Sheepmeat",200324
957,8,"Sheepmeat",5068
897,17,"Fruit",26859
1920,4,"Beef",3419
2773,28,"Sheepmeat",121277466
2275,27,"Sheepmeat",19988
870,18,"Fruit",836541
3048,15,"Forestry",239802
2954,24,"Veges",1751349
3142,23,"Veges",26257752
2937,21,"Fruit",4323
3154,7,"Beef",25193
2307,26,"Veges",14760
2972,24,"Veges",366120
1811,14,"Forestry",2139
1115,11,"Forestry",28007
1531,10,"Sheepmeat",27868
2805,7,"Beef",25193
3048,26,"Veges",61297
2162,12,"Forestry",211423
1282,13,"Forestry",15471
498,4,"Beef",142336
302,19,"Fruit",38023047
3150,2,"Beef",12079316
1000,4,"Beef",3234428
1274,9,"Sheepmeat",25686
1554,1,"Dairy",3086512
2770,4,"Beef",41592235
304,24,"Veges",47809262
2134,16,"Forestry",2863398
3132,14,"Forestry",242970
2956,27,"Sheepmeat",8137008
3001,16,"Forestry",60295334
2867,19,"Fruit",18325168
2811,5,"Beef",8405
3154,19,"Fruit",38591
2440,6,"Beef",19067
2466,29,"Sheepmeat",180152
1909,15,"Forestry",6614189
689,2,"Beef",3812
1075,23,"Veges",601592
1470,16,"Forestry",5733
2957,24,"Veges",3204489
2040,9,"Sheepmeat",2299853
2814,4,"Beef",19968619
2826,4,"Beef",29880716
1294,3,"Beef",252661
2904,2,"Beef",6122933
2824,1,"Dairy",294373
2416,29,"Sheepmeat",1282104
1653,24,"Veges",692749
2824,29,"Sheepmeat",79398602
1242,16,"Forestry",5181450
3132,3,"Beef",12381797
1820,10,"Sheepmeat",181391
158,10,"Sheepmeat",2471
3141,16,"Forestry",116558
1932,29,"Sheepmeat",568548
940,17,"Fruit",511410
560,3,"Beef",340426
1952,28,"Sheepmeat",9261149
2938,24,"Veges",162984
48,14,"Forestry",242970
2280,9,"Sheepmeat",852872
2793,14,"Forestry",69530
176,18,"Fruit",10767845
1629,10,"Sheepmeat",153138
1870,10,"Sheepmeat",582678
1264,15,"Forestry",495390
1531,28,"Sheepmeat",38765
1224,23,"Veges",585340
1219,12,"Forestry",593143
922,22,"Fruit",104431
2873,26,"Veges",1125012
432,28,"Sheepmeat",1227
3164,16,"Forestry",9655954
2692,3,"Beef",12703940
1393,11,"Forestry",13663
2374,29,"Sheepmeat",6445799
1207,18,"Fruit",63862
2817,2,"Beef",6607205
1860,12,"Forestry",86558
1494,4,"Beef",2373210
2393,15,"Forestry",419866
846,17,"Fruit",302905
2933,25,"Veges",6083886
3054,10,"Sheepmeat",13570455
897,19,"Fruit",59017
211,24,"Veges",8417635
739,20,"Fruit",1032
1139,18,"Fruit",2666
994,27,"Sheepmeat",1505728
1766,2,"Beef",160022
946,18,"Fruit",1541969
690,3,"Beef",26861
1696,11,"Forestry",113635
63,4,"Beef",1374658
139,4,"Beef",1135
2349,8,"Sheepmeat",89644
2801,3,"Beef",5742404
1039,29,"Sheepmeat",62742
2805,13,"Forestry",170205
284,4,"Beef",3834
1932,15,"Forestry",45631
2897,18,"Fruit",242387
946,14,"Forestry",199803
2717,27,"Sheepmeat",8923
3097,1,"Dairy",6318043
3052,17,"Fruit",16757
2298,1,"Dairy",3086512
1776,22,"Fruit",2457
2314,16,"Forestry",46278
1030,9,"Sheepmeat",3908321
2008,14,"Forestry",4678
2150,15,"Forestry",558516
14,26,"Veges",250611
2906,29,"Sheepmeat",2158837
3056,7,"Beef",25193
2165,3,"Beef",348776
2763,24,"Veges",11248987
956,19,"Fruit",213157
1855,8,"Sheepmeat",87661
945,4,"Beef",53019
1428,25,"Veges",378836
416,10,"Sheepmeat",1001
2149,11,"Forestry",120190
1880,23,"Veges",6295645
2772,13,"Forestry",52766
2341,25,"Veges",162984
2979,26,"Veges",151031
2284,16,"Forestry",3337576
1744,3,"Beef",63892
1221,15,"Forestry",4385
3111,26,"Veges",4839
1235,8,"Sheepmeat",33362
3024,9,"Sheepmeat",24784517
2551,15,"Forestry",3096858
751,8,"Sheepmeat",6947
2790,8,"Sheepmeat",4573942
1022,29,"Sheepmeat",49052
1076,3,"Beef",3714
1237,15,"Forestry",139107
2815,2,"Beef",6436153
930,21,"Fruit",543389
2968,26,"Veges",76690
1817,10,"Sheepmeat",503574
912,23,"Veges",18451
2014,8,"Sheepmeat",4550
774,27,"Sheepmeat",8300
1145,27,"Sheepmeat",472673
3135,6,"Beef",8405
1550,28,"Sheepmeat",36023612
1822,29,"Sheepmeat",305710
1880,10,"Sheepmeat",3694472
2888,8,"Sheepmeat",19045900
2921,15,"Forestry",4360007
2345,13,"Forestry",24808
438,8,"Sheepmeat",13484
2633,9,"Sheepmeat",7850043
2393,27,"Sheepmeat",2371693
1663,28,"Sheepmeat",100838
2966,10,"Sheepmeat",562237
579,2,"Beef",340426
2308,28,"Sheepmeat",1120
1776,10,"Sheepmeat",210182
2945,2,"Beef",4861884
315,16,"Forestry",15753
1552,3,"Beef",13117972
571,17,"Fruit",7999
195,29,"Sheepmeat",5057
1553,20,"Fruit",153732
2885,17,"Fruit",559234
2124,29,"Sheepmeat",8691438
1338,12,"Forestry",270757
2344,16,"Forestry",7705906
2110,15,"Forestry",28919
3061,20,"Fruit",457540
1775,8,"Sheepmeat",626808
2421,29,"Sheepmeat",1785
1685,27,"Sheepmeat",1220
866,21,"Fruit",49462
1945,28,"Sheepmeat",3220840
1645,15,"Forestry",1351
3039,14,"Forestry",199803
302,18,"Fruit",17270271
3052,29,"Sheepmeat",58457429
2799,9,"Sheepmeat",9394233
2779,8,"Sheepmeat",9343
2003,2,"Beef",171421
1266,18,"Fruit",267853
1772,15,"Forestry",2640
2123,28,"Sheepmeat",3461655
1544,25,"Veges",27150
1878,29,"Sheepmeat",368677
2801,13,"Forestry",164711
66,6,"Beef",23083
1518,15,"Forestry",11406
2310,9,"Sheepmeat",617266
1132,23,"Veges",1242
1979,29,"Sheepmeat",501381
1707,11,"Forestry",132861
3118,2,"Beef",6680829
2426,14,"Forestry",155895
1465,26,"Veges",101604
3047,7,"Beef",537577
1050,16,"Forestry",5305
87,4,"Beef",469533
1510,26,"Veges",2653006
1123,4,"Beef",920750
1212,9,"Sheepmeat",6096206
1466,22,"Fruit",3619
1336,16,"Forestry",12593
2309,4,"Beef",1242627
906,16,"Forestry",95826
1299,20,"Fruit",13965
2376,14,"Forestry",34078
2571,2,"Beef",132594
143,14,"Forestry",242970
1211,8,"Sheepmeat",13812
934,15,"Forestry",2868
2410,16,"Forestry",9271
931,20,"Fruit",128229
2164,29,"Sheepmeat",48288
2931,17,"Fruit",16757
1811,27,"Sheepmeat",725564
2031,29,"Sheepmeat",2378
3069,16,"Forestry",75298441
2521,25,"Veges",6455240
2744,29,"Sheepmeat",26495
3029,19,"Fruit",1775911
1814,11,"Forestry",58305
1380,10,"Sheepmeat",657200
2967,11,"Forestry",865769
998,16,"Forestry",177324
2814,10,"Sheepmeat",14166117
2244,23,"Veges",6295645
953,8,"Sheepmeat",1059762
3070,15,"Forestry",194971
1282,10,"Sheepmeat",11183
409,26,"Veges",13005315
288,29,"Sheepmeat",427013
1348,28,"Sheepmeat",1507
3122,9,"Sheepmeat",24209663
3144,28,"Sheepmeat",34730575
1915,9,"Sheepmeat",22225
2806,26,"Veges",2512069
2077,3,"Beef",3490285
993,22,"Fruit",115527
2317,16,"Forestry",3550551
2111,29,"Sheepmeat",8488606
3093,17,"Fruit",501373
2225,11,"Forestry",161614
2922,24,"Veges",6083886
3138,7,"Beef",25193
2748,1,"Dairy",4876669
1113,26,"Veges",395701
2898,13,"Forestry",197471
1977,24,"Veges",146136
1304,16,"Forestry",59625
2325,21,"Fruit",27922
1096,2,"Beef",51982
866,28,"Sheepmeat",1435
3004,20,"Fruit",1042759
2142,10,"Sheepmeat",319367
1816,14,"Forestry",2773
1179,29,"Sheepmeat",258561
1782,23,"Veges",391170
2967,15,"Forestry",1757662
1472,23,"Veges",124446
2273,17,"Fruit",302905
1531,8,"Sheepmeat",29990
2833,20,"Fruit",88012
954,2,"Beef",145708
134,10,"Sheepmeat",106272
2033,12,"Forestry",272790
1046,29,"Sheepmeat",195699
2121,27,"Sheepmeat",5388476
936,26,"Veges",14760
600,28,"Sheepmeat",119361
614,29,"Sheepmeat",1168
874,10,"Sheepmeat",302792
2939,27,"Sheepmeat",13125233
2910,1,"Dairy",294373
136,27,"Sheepmeat",150482
576,27,"Sheepmeat",1118445
1582,27,"Sheepmeat",34730575
310,24,"Veges",47809262
2126,28,"Sheepmeat",1401018
2128,9,"Sheepmeat",945783
2821,16,"Forestry",89894983
611,14,"Forestry",248343
2577,29,"Sheepmeat",595872
1058,23,"Veges",342514
2016,16,"Forestry",11423548
1325,10,"Sheepmeat",14601
2234,11,"Forestry",231626
2914,13,"Forestry",171536
1872,10,"Sheepmeat",484980
2925,7,"Beef",25193
1612,10,"Sheepmeat",5243
1912,13,"Forestry",13860
1036,15,"Forestry",85879
1443,15,"Forestry",611340
2265,20,"Fruit",21246
1625,16,"Forestry",240600
863,11,"Forestry",5951260
885,14,"Forestry",282260
2849,18,"Fruit",806709
1217,3,"Beef",683050
671,4,"Beef",4861
854,27,"Sheepmeat",151763
2648,29,"Sheepmeat",531918
1374,12,"Forestry",30563
1067,22,"Fruit",17065
1478,9,"Sheepmeat",82647
1959,10,"Sheepmeat",1576
71,4,"Beef",18941167
2942,18,"Fruit",16757
3152,29,"Sheepmeat",6094
1782,9,"Sheepmeat",61833
842,10,"Sheepmeat",220406
1077,3,"Beef",1864
1975,9,"Sheepmeat",142334
3044,2,"Beef",362286
1098,15,"Forestry",190749
2520,16,"Forestry",111323
2816,23,"Veges",16688342
1653,3,"Beef",118889
1048,27,"Sheepmeat",3537909
1437,20,"Fruit",33273
2014,21,"Fruit",2063
86,19,"Fruit",231939
2995,18,"Fruit",38911208
2240,12,"Forestry",500413
921,13,"Forestry",2333
2276,18,"Fruit",3010067
2005,2,"Beef",1820232
2648,10,"Sheepmeat",106798
1213,3,"Beef",2384006
1985,27,"Sheepmeat",1903298
2817,26,"Veges",9624409
2953,27,"Sheepmeat",953018
610,11,"Forestry",4683
2919,19,"Fruit",38591
3110,7,"Beef",25193
931,29,"Sheepmeat",854650
1967,3,"Beef",531899
1079,29,"Sheepmeat",5721104
2890,6,"Beef",8405
38,28,"Sheepmeat",16092
872,15,"Forestry",1610
1932,12,"Forestry",21429
1378,29,"Sheepmeat",5283222
2034,11,"Forestry",167447
1840,29,"Sheepmeat",307525
2956,13,"Forestry",94338
2138,10,"Sheepmeat",564497
2082,13,"Forestry",5074
1864,16,"Forestry",371544
1523,15,"Forestry",2672
1179,9,"Sheepmeat",61608
1445,9,"Sheepmeat",45034
2085,8,"Sheepmeat",468065
2783,4,"Beef",2838504
1569,4,"Beef",261601
2778,8,"Sheepmeat",246527
3010,17,"Fruit",8360464
2462,17,"Fruit",49780
1520,23,"Veges",922029
950,21,"Fruit",78136
1831,2,"Beef",303327
1875,26,"Veges",470363
151,27,"Sheepmeat",154973
1804,10,"Sheepmeat",301598
1677,10,"Sheepmeat",249622
2589,5,"Beef",8405
1582,29,"Sheepmeat",105532790
1581,28,"Sheepmeat",34730575
2033,24,"Veges",2469275
66,18,"Fruit",355636
3046,19,"Fruit",1412978
972,28,"Sheepmeat",548319
211,10,"Sheepmeat",3822
2030,28,"Sheepmeat",64003
1157,2,"Beef",131960
3033,16,"Forestry",96841493
1373,28,"Sheepmeat",4171
2154,28,"Sheepmeat",2630404
1142,9,"Sheepmeat",15262
2913,7,"Beef",25193
64,2,"Beef",6047688
2298,26,"Veges",4987858
2927,28,"Sheepmeat",231133
322,15,"Forestry",1583
2766,17,"Fruit",5987234
87,12,"Forestry",2199
366,29,"Sheepmeat",10301
3059,2,"Beef",561557
2026,2,"Beef",546772
2877,25,"Veges",31465611
2500,27,"Sheepmeat",34730575
2797,27,"Sheepmeat",12605874
2249,26,"Veges",43759
2549,3,"Beef",731047
1368,28,"Sheepmeat",11861
2761,26,"Veges",592193
2959,8,"Sheepmeat",5896660
2520,17,"Fruit",150692
2778,29,"Sheepmeat",367958845
1045,16,"Forestry",257469
1457,8,"Sheepmeat",93969
2824,16,"Forestry",90200376
1392,10,"Sheepmeat",521033
1503,14,"Forestry",2540
2216,16,"Forestry",438041
999,18,"Fruit",4318474
1958,2,"Beef",22445
2031,12,"Forestry",11819
1782,29,"Sheepmeat",261821
1077,2,"Beef",1864
2882,28,"Sheepmeat",27496718
2865,6,"Beef",275924
1043,21,"Fruit",287208
915,15,"Forestry",228873
2585,20,"Fruit",114997
2531,1,"Dairy",3086512
851,4,"Beef",2575816
714,10,"Sheepmeat",4543
1213,15,"Forestry",3157342
2869,29,"Sheepmeat",360741797
2891,14,"Forestry",227601
2800,13,"Forestry",156767
2929,9,"Sheepmeat",11171976
1585,21,"Fruit",229926
2331,10,"Sheepmeat",1564
1651,13,"Forestry",12134
2771,19,"Fruit",27825
178,18,"Fruit",10767845
3023,17,"Fruit",806709
1762,27,"Sheepmeat",511469
3100,4,"Beef",1289433
921,9,"Sheepmeat",39084
1137,8,"Sheepmeat",1025494
2488,2,"Beef",1193
3163,2,"Beef",341108
2982,12,"Forestry",235512
2373,15,"Forestry",804254
2758,23,"Veges",1414484
2888,7,"Beef",25193
1126,15,"Forestry",27890
2092,8,"Sheepmeat",725119
1101,10,"Sheepmeat",2215
1501,2,"Beef",73099
2889,5,"Beef",8405
2128,4,"Beef",822953
2164,4,"Beef",48288
2756,29,"Sheepmeat",34406018
2406,25,"Veges",1751349
2775,12,"Forestry",548870
2986,3,"Beef",94637
806,16,"Forestry",171522588
2003,16,"Forestry",976366
1245,23,"Veges",6338461
2270,12,"Forestry",16531
3116,3,"Beef",3507828
2110,28,"Sheepmeat",3269788
1446,4,"Beef",93442
768,25,"Veges",735921
1513,29,"Sheepmeat",550617
2896,28,"Sheepmeat",60100
1058,22,"Fruit",21218
2150,10,"Sheepmeat",1171164
2868,8,"Sheepmeat",2134504
3000,7,"Beef",25193
1861,4,"Beef",92035
2026,4,"Beef",1649681
1826,14,"Forestry",14489
1939,2,"Beef",7524
1462,21,"Fruit",42336
366,4,"Beef",1135
1471,9,"Sheepmeat",104161
966,4,"Beef",3668
1063,3,"Beef",1193
1851,3,"Beef",355147
2808,18,"Fruit",16757
884,22,"Fruit",2171
2392,11,"Forestry",3313986
992,17,"Fruit",1691967
343,2,"Beef",3501
2763,22,"Fruit",39780
2948,10,"Sheepmeat",3250
985,24,"Veges",4423204
2143,8,"Sheepmeat",738391
2247,9,"Sheepmeat",23778
2762,10,"Sheepmeat",23113071
898,6,"Beef",21666
1986,12,"Forestry",105613
1878,16,"Forestry",85956
3090,5,"Beef",275924
2802,18,"Fruit",16757
1464,29,"Sheepmeat",37855
1317,15,"Forestry",923987
2819,27,"Sheepmeat",20246942
1953,3,"Beef",3069318
3109,8,"Sheepmeat",1268376
882,10,"Sheepmeat",51995
1490,11,"Forestry",39035
2724,13,"Forestry",15740
2508,11,"Forestry",7096
944,26,"Veges",1971918
1,18,"Fruit",103601
1336,27,"Sheepmeat",113486
1800,15,"Forestry",250091
3115,8,"Sheepmeat",4850153
2912,11,"Forestry",2208088
2758,26,"Veges",565332
2763,23,"Veges",11636782
1695,4,"Beef",64311
882,28,"Sheepmeat",74623
2824,26,"Veges",12705536
2331,27,"Sheepmeat",2176
2511,29,"Sheepmeat",24880
1251,4,"Beef",164665
1511,29,"Sheepmeat",6369099
612,28,"Sheepmeat",1748
802,16,"Forestry",2018
1241,12,"Forestry",58495
1677,28,"Sheepmeat",349574
2944,26,"Veges",301485
1256,27,"Sheepmeat",123041
384,4,"Beef",39270225
579,28,"Sheepmeat",1124326
2392,16,"Forestry",92834715
2084,27,"Sheepmeat",111597
3128,8,"Sheepmeat",26567536
907,15,"Forestry",2868
2237,4,"Beef",3353239
1107,3,"Beef",136152
2121,3,"Beef",1734789
1798,11,"Forestry",64615
2359,27,"Sheepmeat",1242306
951,28,"Sheepmeat",81314
1362,27,"Sheepmeat",9602
52,15,"Forestry",275320
2955,12,"Forestry",30563
331,15,"Forestry",17286
890,23,"Veges",7599530
842,14,"Forestry",10038
2381,11,"Forestry",231626
2959,16,"Forestry",25933044
1807,23,"Veges",12098
2959,13,"Forestry",69530
559,27,"Sheepmeat",1124326
2762,23,"Veges",14970506
2715,27,"Sheepmeat",26260
3100,16,"Forestry",446307
2413,13,"Forestry",50533
1087,29,"Sheepmeat",946477
1431,21,"Fruit",1300837
1320,2,"Beef",106329
1507,15,"Forestry",17286
951,4,"Beef",133640
2898,2,"Beef",6616778
2442,3,"Beef",4820308
2831,9,"Sheepmeat",23951777
2894,4,"Beef",99043
967,18,"Fruit",164682
1567,10,"Sheepmeat",6872
890,20,"Fruit",253450
2317,13,"Forestry",9960
1123,9,"Sheepmeat",306031
1591,4,"Beef",40628151
767,4,"Beef",7643
2910,4,"Beef",18439085
1572,18,"Fruit",10450221
1185,16,"Forestry",43486480
1001,29,"Sheepmeat",1184862
1035,23,"Veges",248125
1227,2,"Beef",1345
3031,12,"Forestry",3175122
3142,4,"Beef",39270225
2210,4,"Beef",403179
1313,13,"Forestry",4893
1941,23,"Veges",36898
2873,15,"Forestry",1425780
2841,5,"Beef",8405
1198,3,"Beef",17840
1797,27,"Sheepmeat",168445
1212,23,"Veges",7904533
1317,11,"Forestry",454373
1364,16,"Forestry",721345
1768,13,"Forestry",6893
1523,28,"Sheepmeat",85096
12,8,"Sheepmeat",705849
573,17,"Fruit",95602
1931,29,"Sheepmeat",716195
928,9,"Sheepmeat",384848
1389,2,"Beef",4120
3103,14,"Forestry",60195
851,15,"Forestry",422509
2943,12,"Forestry",1629364
3024,8,"Sheepmeat",26849218
1927,27,"Sheepmeat",41394
2578,27,"Sheepmeat",847902
1935,2,"Beef",7662
2193,4,"Beef",6922
1757,11,"Forestry",27403
3132,6,"Beef",8405
3102,7,"Beef",836800
1114,9,"Sheepmeat",2476898
1649,29,"Sheepmeat",3252
414,11,"Forestry",4683
2807,25,"Veges",6083886
3143,8,"Sheepmeat",26849218
3112,18,"Fruit",16757
925,28,"Sheepmeat",1185
2925,4,"Beef",18171160
1467,11,"Forestry",14346
3130,11,"Forestry",3175122
3138,11,"Forestry",3175122
1953,15,"Forestry",3554590
2521,2,"Beef",1059976
1217,18,"Fruit",316109
1269,28,"Sheepmeat",438562
2394,29,"Sheepmeat",28166
1963,23,"Veges",154714
149,10,"Sheepmeat",10947
2899,28,"Sheepmeat",1677
30,28,"Sheepmeat",8923
957,3,"Beef",6551
883,4,"Beef",62414
1274,23,"Veges",244667
1538,22,"Fruit",1080
498,12,"Forestry",2412
1045,3,"Beef",75080
1447,25,"Veges",414481
845,27,"Sheepmeat",8218
1364,4,"Beef",96484
3142,10,"Sheepmeat",24784517
139,27,"Sheepmeat",3436
2811,6,"Beef",8405
3060,4,"Beef",127865904
3143,22,"Fruit",50124
3145,24,"Veges",31465611
1286,14,"Forestry",30218
284,29,"Sheepmeat",3834
1384,16,"Forestry",26249
1423,2,"Beef",77410
133,9,"Sheepmeat",106272
1955,11,"Forestry",334537
1545,29,"Sheepmeat",441893
997,20,"Fruit",1013124
75,22,"Fruit",63068
2941,9,"Sheepmeat",9343679
2209,27,"Sheepmeat",1158972
1175,14,"Forestry",77349
1123,2,"Beef",305609
1079,11,"Forestry",137842
1044,2,"Beef",253646
2284,14,"Forestry",10648
1761,10,"Sheepmeat",68352
1108,8,"Sheepmeat",438369
1172,2,"Beef",135030
1534,9,"Sheepmeat",797771
832,29,"Sheepmeat",103571490
577,9,"Sheepmeat",25321
860,3,"Beef",7808
1380,24,"Veges",1751349
2810,15,"Forestry",4509419
1135,9,"Sheepmeat",4866835
1769,16,"Forestry",162073
31,2,"Beef",2697
2725,29,"Sheepmeat",58931803
1716,28,"Sheepmeat",7292
1958,16,"Forestry",7033
2958,26,"Veges",1323357
2003,4,"Beef",513838
1020,4,"Beef",507245
1632,2,"Beef",64230
2946,12,"Forestry",65481
937,10,"Sheepmeat",176368
3027,10,"Sheepmeat",24784517
885,10,"Sheepmeat",138908
926,3,"Beef",62049
728,29,"Sheepmeat",22998
1757,27,"Sheepmeat",36785
1808,13,"Forestry",17371
2857,3,"Beef",28052
2581,27,"Sheepmeat",18539
939,29,"Sheepmeat",30487
3081,26,"Veges",118389
74,22,"Fruit",18487
1300,27,"Sheepmeat",777804
1186,14,"Forestry",118769
558,15,"Forestry",2146
1066,2,"Beef",12741
2231,11,"Forestry",14829
935,8,"Sheepmeat",14357
905,16,"Forestry",2167587
1532,2,"Beef",2780
409,16,"Forestry",1571
3155,7,"Beef",537577
2209,9,"Sheepmeat",830648
2888,2,"Beef",8347181
2392,20,"Fruit",2162
1521,24,"Veges",267408
2829,18,"Fruit",559234
1490,10,"Sheepmeat",32694
1487,10,"Sheepmeat",320012
846,8,"Sheepmeat",2958302
2084,3,"Beef",53677
3127,19,"Fruit",1543973
1029,26,"Veges",39583
1797,14,"Forestry",6149
3117,3,"Beef",3886144
1274,24,"Veges",236514
2674,20,"Fruit",1161
920,1,"Dairy",6318043
1523,8,"Sheepmeat",65833
2619,8,"Sheepmeat",43056
1748,17,"Fruit",108243
2692,23,"Veges",26257752
758,16,"Forestry",7145
3029,25,"Veges",31465611
1514,1,"Dairy",9843461
1581,4,"Beef",39270225
1398,11,"Forestry",90145
2408,28,"Sheepmeat",211668
1218,29,"Sheepmeat",1089542
2910,28,"Sheepmeat",17176041
1340,9,"Sheepmeat",163214
1502,16,"Forestry",320557
211,29,"Sheepmeat",22222
2004,3,"Beef",1659407
1318,23,"Veges",753665
1193,23,"Veges",101758
1819,8,"Sheepmeat",231254
1181,15,"Forestry",4800
1993,16,"Forestry",35375
1054,28,"Sheepmeat",2192705
2753,16,"Forestry",1900152
1954,2,"Beef",985238
2737,15,"Forestry",218605
3047,23,"Veges",2397472
2759,26,"Veges",901753
3067,16,"Forestry",96828630
1932,11,"Forestry",21429
71,3,"Beef",6254796
1008,4,"Beef",1657740
2821,24,"Veges",30741184
1514,9,"Sheepmeat",800585
851,14,"Forestry",12759
1027,21,"Fruit",2622
2717,8,"Sheepmeat",5955
2061,16,"Forestry",3683
2512,18,"Fruit",3010067
2026,28,"Sheepmeat",1992115
1317,10,"Sheepmeat",570375
1943,26,"Veges",14760
2500,5,"Beef",8405
868,8,"Sheepmeat",1283
1049,12,"Forestry",678368
760,16,"Forestry",17987
79,8,"Sheepmeat",2659
1318,16,"Forestry",253570
519,27,"Sheepmeat",119361
1488,4,"Beef",2349833
2267,29,"Sheepmeat",2667
2151,4,"Beef",125866
3164,27,"Sheepmeat",121631233
1108,4,"Beef",765230
1309,27,"Sheepmeat",8316
1178,28,"Sheepmeat",62594
2839,13,"Forestry",242970
2951,9,"Sheepmeat",687448
1122,16,"Forestry",28373
1218,2,"Beef",170766
878,17,"Fruit",6061
3057,24,"Veges",63685
2874,24,"Veges",30277074
785,27,"Sheepmeat",26260
2023,29,"Sheepmeat",1545698
2657,26,"Veges",4987858
1007,3,"Beef",934066
2724,27,"Sheepmeat",19984771
1432,19,"Fruit",1588575
3133,13,"Forestry",242970
802,26,"Veges",1177912
38,8,"Sheepmeat",12449
3088,27,"Sheepmeat",2450790
1917,16,"Forestry",650668
2142,9,"Sheepmeat",319367
1714,10,"Sheepmeat",27191
595,4,"Beef",142336
2585,22,"Fruit",55676
1796,4,"Beef",141198
1493,27,"Sheepmeat",275172
1889,8,"Sheepmeat",1578348
3051,11,"Forestry",2577537
1386,9,"Sheepmeat",56153
1931,4,"Beef",159100
2862,12,"Forestry",3175122
1642,9,"Sheepmeat",367718
2872,25,"Veges",3732613
195,28,"Sheepmeat",1076
2836,28,"Sheepmeat",34352359
2538,3,"Beef",4967574
2926,24,"Veges",6083886
2273,26,"Veges",3010772
3103,18,"Fruit",4462076
2801,19,"Fruit",38591
557,28,"Sheepmeat",1124326
2521,8,"Sheepmeat",712025
1235,19,"Fruit",285061
3037,11,"Forestry",2572114
910,4,"Beef",28808
14,8,"Sheepmeat",41243
135,12,"Forestry",2199
834,27,"Sheepmeat",716880
1466,29,"Sheepmeat",7766
658,18,"Fruit",103601
1658,28,"Sheepmeat",1365361
104,8,"Sheepmeat",27682
1032,29,"Sheepmeat",68411
3119,20,"Fruit",20701
1301,24,"Veges",48737
1635,2,"Beef",189622
1033,2,"Beef",252540
1316,23,"Veges",3086
2032,4,"Beef",5445546
1534,12,"Forestry",107798
1984,4,"Beef",235529
2213,14,"Forestry",1129
2959,14,"Forestry",69530
3068,13,"Forestry",242970
577,21,"Fruit",306191
2053,15,"Forestry",14395
925,21,"Fruit",83774
1448,19,"Fruit",1363436
2079,4,"Beef",67275
1010,4,"Beef",104026
2216,15,"Forestry",30970
1990,10,"Sheepmeat",327083
2909,27,"Sheepmeat",17308256
3126,8,"Sheepmeat",26627020
2725,13,"Forestry",15740
1258,29,"Sheepmeat",1328775
936,28,"Sheepmeat",59537
1448,29,"Sheepmeat",145111
981,4,"Beef",465111
2371,2,"Beef",372776
384,9,"Sheepmeat",24784517
3003,18,"Fruit",16398755
2109,2,"Beef",709929
2309,28,"Sheepmeat",911701
1978,10,"Sheepmeat",151705
2154,9,"Sheepmeat",1888237
1459,29,"Sheepmeat",13469
2345,11,"Forestry",268770
2786,11,"Forestry",235512
1012,8,"Sheepmeat",67047
2816,21,"Fruit",57632
3080,4,"Beef",408180
1360,4,"Beef",21685
1672,28,"Sheepmeat",316590
2808,9,"Sheepmeat",12240879
3079,8,"Sheepmeat",2264158
2830,25,"Veges",31412107
2959,7,"Beef",25193
1888,8,"Sheepmeat",7105762
2867,23,"Veges",25084819
2224,20,"Fruit",2162
997,27,"Sheepmeat",34229728
2889,6,"Beef",8405
2838,20,"Fruit",88012
1060,27,"Sheepmeat",44234
1462,18,"Fruit",164123
2996,17,"Fruit",2130474
1204,9,"Sheepmeat",5421414
66,4,"Beef",18699608
3043,3,"Beef",10787003
1238,4,"Beef",976123
2539,16,"Forestry",1279805
1091,29,"Sheepmeat",7404436
2499,2,"Beef",12703940
2504,26,"Veges",4987858
1290,26,"Veges",40781
1553,28,"Sheepmeat",36036368
575,26,"Veges",16249987
2240,9,"Sheepmeat",1167255
3047,11,"Forestry",172330
2828,6,"Beef",8405
2871,10,"Sheepmeat",85395451
1827,24,"Veges",95148
1694,10,"Sheepmeat",466731
2880,11,"Forestry",3098577
1450,29,"Sheepmeat",10655971
288,8,"Sheepmeat",115731
1215,26,"Veges",922818
2499,23,"Veges",26257752
3043,5,"Beef",178929
2373,16,"Forestry",11547998
2630,27,"Sheepmeat",16655
795,29,"Sheepmeat",55792
2412,22,"Fruit",10344
1788,28,"Sheepmeat",356558
2500,4,"Beef",39270225
1096,9,"Sheepmeat",188879
3156,17,"Fruit",316702
1576,6,"Beef",8405
974,2,"Beef",4433
2415,9,"Sheepmeat",676403
1439,21,"Fruit",35692
2884,12,"Forestry",2957793
2913,5,"Beef",8405
2910,3,"Beef",5921873
1839,16,"Forestry",27501
1106,9,"Sheepmeat",66869
2265,19,"Fruit",363176
1435,17,"Fruit",3654446
941,22,"Fruit",18539
2902,28,"Sheepmeat",119405
823,9,"Sheepmeat",825541
1625,9,"Sheepmeat",25563
64,15,"Forestry",471286
1811,16,"Forestry",962667
2966,8,"Sheepmeat",608154
2120,27,"Sheepmeat",7045938
1287,12,"Forestry",15828
66,11,"Forestry",240667
3128,17,"Fruit",701154
3044,3,"Beef",362286
1785,16,"Forestry",45754
1694,3,"Beef",206817
1701,16,"Forestry",684580
2539,29,"Sheepmeat",10170588
3128,15,"Forestry",6580738
647,14,"Forestry",242970
2775,15,"Forestry",1112767
1325,8,"Sheepmeat",15712
317,4,"Beef",23981
2633,2,"Beef",3774962
2752,13,"Forestry",2004
2723,18,"Fruit",260005
1436,1,"Dairy",2110245
2598,3,"Beef",13044366
2760,9,"Sheepmeat",13514050
1576,22,"Fruit",50124
2176,23,"Veges",371117
1893,29,"Sheepmeat",4953119
2377,28,"Sheepmeat",1890602
2818,15,"Forestry",5263494
3067,5,"Beef",8405
2130,28,"Sheepmeat",100878
2767,1,"Dairy",2874288
2246,27,"Sheepmeat",9467205
841,27,"Sheepmeat",258114
2011,16,"Forestry",14990
2840,21,"Fruit",203202
66,8,"Sheepmeat",15761847
1423,4,"Beef",232039
1103,12,"Forestry",22538
3109,2,"Beef",240823
1088,26,"Veges",268789
2904,8,"Sheepmeat",14504488
1691,13,"Forestry",8566
1144,29,"Sheepmeat",33788
1469,10,"Sheepmeat",7597
2584,25,"Veges",39391627
2983,16,"Forestry",1136
1448,25,"Veges",239480
939,21,"Fruit",72090
1274,4,"Beef",102338
2150,11,"Forestry",276466
2797,5,"Beef",8405
1544,15,"Forestry",790178
1118,15,"Forestry",145946
3006,4,"Beef",40730853
2284,8,"Sheepmeat",668447
2072,10,"Sheepmeat",22317
859,27,"Sheepmeat",4624
2549,28,"Sheepmeat",3473615
916,3,"Beef",9456
2844,11,"Forestry",3177321
907,16,"Forestry",51407
2440,29,"Sheepmeat",60068559
284,17,"Fruit",3010067
802,24,"Veges",2857629
1416,10,"Sheepmeat",2302
2213,8,"Sheepmeat",66298
902,29,"Sheepmeat",239418
1894,21,"Fruit",4323
1237,9,"Sheepmeat",258512
237,18,"Fruit",14260205
1276,2,"Beef",7815
3127,6,"Beef",8405
2921,17,"Fruit",16757
2757,29,"Sheepmeat",34566665
885,2,"Beef",108616
2873,19,"Fruit",3173588
2199,11,"Forestry",378679
1894,12,"Forestry",93050
962,17,"Fruit",785604
1072,25,"Veges",351307
3135,10,"Sheepmeat",24634580
3116,27,"Sheepmeat",7620320
2092,29,"Sheepmeat",2827018
2372,13,"Forestry",35179
1307,2,"Beef",5275
1846,27,"Sheepmeat",51312
1431,13,"Forestry",60503
506,27,"Sheepmeat",14383
2375,28,"Sheepmeat",2048307
1152,15,"Forestry",1211
2577,24,"Veges",400125
1817,8,"Sheepmeat",542916
882,21,"Fruit",67425
1861,14,"Forestry",5712
1633,7,"Beef",15030
3129,7,"Beef",25193
2932,3,"Beef",30739
1589,21,"Fruit",229926
1741,8,"Sheepmeat",15661
3040,6,"Beef",178929
1860,29,"Sheepmeat",932650
408,16,"Forestry",1010
3065,13,"Forestry",242970
1848,27,"Sheepmeat",49362
2786,12,"Forestry",235512
2853,3,"Beef",97768
1651,15,"Forestry",348315
1553,8,"Sheepmeat",133528
136,29,"Sheepmeat",495343
1694,29,"Sheepmeat",2018494
134,18,"Fruit",105555
1249,21,"Fruit",4323
1646,20,"Fruit",41899
2798,22,"Fruit",1080
2797,23,"Veges",5373376
2813,4,"Beef",19788153
1368,29,"Sheepmeat",45573
1951,2,"Beef",16207
2864,2,"Beef",41540001
1380,25,"Veges",1751349
1985,28,"Sheepmeat",1903298
884,18,"Fruit",33677
1841,15,"Forestry",51257
819,28,"Sheepmeat",21451
955,3,"Beef",25703
1067,26,"Veges",204093
2280,15,"Forestry",250097
2032,29,"Sheepmeat",19525806
1539,29,"Sheepmeat",1553
952,3,"Beef",136381
859,22,"Fruit",16074
2352,11,"Forestry",11963
459,29,"Sheepmeat",58561
610,28,"Sheepmeat",21983
133,17,"Fruit",105555
2788,11,"Forestry",235512
643,18,"Fruit",95602
2936,9,"Sheepmeat",1338231
2029,3,"Beef",1008
1507,25,"Veges",39391627
558,17,"Fruit",266691
915,13,"Forestry",5917
1813,27,"Sheepmeat",185826
186,19,"Fruit",104122269
2788,24,"Veges",159978
2801,15,"Forestry",4192807
2737,11,"Forestry",107798
2156,29,"Sheepmeat",2740
2915,17,"Fruit",16757
2441,4,"Beef",15617
1915,13,"Forestry",3622
871,27,"Sheepmeat",30004
1468,12,"Forestry",14346
851,16,"Forestry",7845740
275,19,"Fruit",2003556
2949,9,"Sheepmeat",7691202
1049,26,"Veges",721429
2847,26,"Veges",24251157
1896,12,"Forestry",126846
2397,14,"Forestry",5975
1781,10,"Sheepmeat",11177
1423,10,"Sheepmeat",62635
1179,3,"Beef",1648
1895,3,"Beef",30739
1375,3,"Beef",125243
1830,8,"Sheepmeat",4174
601,15,"Forestry",11406
1152,29,"Sheepmeat",1129865
1572,4,"Beef",40708316
2865,17,"Fruit",10619016
2513,24,"Veges",6466925
2222,29,"Sheepmeat",27824030
1114,15,"Forestry",44590
995,17,"Fruit",136324
2079,27,"Sheepmeat",184645
1841,13,"Forestry",1578
2118,16,"Forestry",159453
2189,29,"Sheepmeat",631519
3129,15,"Forestry",6580738
2501,2,"Beef",13044366
2060,8,"Sheepmeat",1353
2033,27,"Sheepmeat",20465528
1863,13,"Forestry",2139
1218,12,"Forestry",1434
2264,9,"Sheepmeat",2885
3086,9,"Sheepmeat",1699855
1973,9,"Sheepmeat",598406
1054,3,"Beef",416178
532,1,"Dairy",9549088
1090,8,"Sheepmeat",70500
964,9,"Sheepmeat",12200
952,27,"Sheepmeat",169430
1261,27,"Sheepmeat",18821
2766,6,"Beef",178929
2906,11,"Forestry",110484
1545,20,"Fruit",66371
953,10,"Sheepmeat",984795
2176,24,"Veges",358749
2784,9,"Sheepmeat",2486815
1826,9,"Sheepmeat",451558
1985,12,"Forestry",94406
2842,11,"Forestry",3177321
691,21,"Fruit",27229
1329,15,"Forestry",23829
2310,29,"Sheepmeat",2590333
2504,18,"Fruit",10767845
904,9,"Sheepmeat",41696
2139,8,"Sheepmeat",495821
2961,24,"Veges",2296800
2652,26,"Veges",4987858
2788,3,"Beef",1633828
2623,21,"Fruit",140319
1572,8,"Sheepmeat",134861
1875,8,"Sheepmeat",492433
1484,18,"Fruit",210309
2909,8,"Sheepmeat",13437729
2570,29,"Sheepmeat",808456
1059,3,"Beef",35698
1498,16,"Forestry",95323
2907,8,"Sheepmeat",13593780
2206,8,"Sheepmeat",417374
1590,23,"Veges",26257752
2268,8,"Sheepmeat",26594
1160,8,"Sheepmeat",207260
1940,2,"Beef",76396
2866,14,"Forestry",95392
2817,28,"Sheepmeat",20159731
1659,10,"Sheepmeat",744297
2715,10,"Sheepmeat",17940
2005,27,"Sheepmeat",5578613
2514,14,"Forestry",248343
1037,24,"Veges",468428
3046,17,"Fruit",640913
1767,10,"Sheepmeat",232767
1804,12,"Forestry",190850
3123,6,"Beef",178929
1534,28,"Sheepmeat",1114531
2163,27,"Sheepmeat",15605
2381,29,"Sheepmeat",1911819
925,3,"Beef",1185
2109,28,"Sheepmeat",3261391
2653,19,"Fruit",104122269
1513,10,"Sheepmeat",130468
2400,8,"Sheepmeat",2002555
2889,19,"Fruit",1199955
3065,20,"Fruit",88012
1289,15,"Forestry",32631
2160,13,"Forestry",3313
1975,3,"Beef",45824
1662,3,"Beef",5840
1472,2,"Beef",4396
2386,14,"Forestry",3919
1566,2,"Beef",1228
2168,17,"Fruit",24662
1227,29,"Sheepmeat",124010
1466,17,"Fruit",70311
2980,11,"Forestry",235512
1499,15,"Forestry",49056
2830,6,"Beef",8405
1543,14,"Forestry",35197
3010,9,"Sheepmeat",6710
2374,28,"Sheepmeat",2140781
1711,12,"Forestry",26046
2402,16,"Forestry",13508751
111,29,"Sheepmeat",30690
1109,29,"Sheepmeat",1777265
3022,22,"Fruit",50124
135,9,"Sheepmeat",104828
1514,21,"Fruit",24661
2884,29,"Sheepmeat",78808687
1988,15,"Forestry",24119
850,8,"Sheepmeat",8418
1753,16,"Forestry",2924072
1003,21,"Fruit",98270
1241,16,"Forestry",1772408
1468,22,"Fruit",13526
2264,23,"Veges",3254583
2888,3,"Beef",8347181
1309,4,"Beef",1375
2264,10,"Sheepmeat",2885
938,26,"Veges",25255
3101,28,"Sheepmeat",120621758
2870,6,"Beef",275924
610,14,"Forestry",248343
925,19,"Fruit",713609
1923,9,"Sheepmeat",23253
1576,9,"Sheepmeat",24784517
1007,11,"Forestry",20027
3024,3,"Beef",12703940
3042,20,"Fruit",531062
2230,28,"Sheepmeat",144130
2839,21,"Fruit",175973
1564,8,"Sheepmeat",1444
1939,20,"Fruit",1551
1011,25,"Veges",2084250
1029,22,"Fruit",44597
1961,9,"Sheepmeat",301272
1084,9,"Sheepmeat",3200296
3093,8,"Sheepmeat",980988
2204,28,"Sheepmeat",733637
3128,18,"Fruit",701154
2865,3,"Beef",41580789
1131,10,"Sheepmeat",1139850
1233,16,"Forestry",35375
3101,25,"Veges",1380820
890,21,"Fruit",795609
1701,9,"Sheepmeat",1236587
1471,26,"Veges",57437
2757,24,"Veges",148127
2991,16,"Forestry",6676
2118,28,"Sheepmeat",7045938
2980,2,"Beef",1633828
1796,3,"Beef",47105
2768,23,"Veges",144498
1251,29,"Sheepmeat",1020418
579,8,"Sheepmeat",8418
3112,2,"Beef",6338417
1959,8,"Sheepmeat",1696
2393,8,"Sheepmeat",1832159
3152,2,"Beef",2033
2862,6,"Beef",8405
2176,17,"Fruit",109510
1469,24,"Veges",1494966
2842,29,"Sheepmeat",105532790
1896,27,"Sheepmeat",195535
1659,29,"Sheepmeat",3103383
2234,2,"Beef",90979
1503,23,"Veges",109390
3136,24,"Veges",31465611
1805,29,"Sheepmeat",1208711
2495,17,"Fruit",47341371
2882,11,"Forestry",2960009
3042,22,"Fruit",229480
2315,4,"Beef",21331
2659,27,"Sheepmeat",35854901
1075,4,"Beef",3599
1690,16,"Forestry",3933324
969,18,"Fruit",166572
3121,7,"Beef",537577
1146,16,"Forestry",99475
518,1,"Dairy",6462576
1895,27,"Sheepmeat",175548
2335,4,"Beef",141073
768,29,"Sheepmeat",263566
2722,4,"Beef",10772343
1522,11,"Forestry",2584
1160,9,"Sheepmeat",192599
2724,12,"Forestry",216734
1305,3,"Beef",81095
3132,15,"Forestry",6580738
2868,5,"Beef",275924
1423,9,"Sheepmeat",62635
3083,4,"Beef",35207583
2747,5,"Beef",135931
2531,10,"Sheepmeat",804813
1869,4,"Beef",1425810
887,2,"Beef",35679
1207,23,"Veges",234471
1379,24,"Veges",1751349
2043,10,"Sheepmeat",6915
1172,4,"Beef",417380
3002,17,"Fruit",28816974
3121,22,"Fruit",295185
714,27,"Sheepmeat",7599
1218,28,"Sheepmeat",363482
1169,4,"Beef",1171660
2260,27,"Sheepmeat",17383
1212,4,"Beef",7284343
2104,12,"Forestry",60018
2746,29,"Sheepmeat",5356747
2923,27,"Sheepmeat",15925845
1611,27,"Sheepmeat",8300
3007,8,"Sheepmeat",35939343
1437,19,"Fruit",592456
735,24,"Veges",93937851
2917,16,"Forestry",15053
3153,16,"Forestry",6699
2882,10,"Sheepmeat",19617469
2787,13,"Forestry",18342
2047,25,"Veges",3116
2837,28,"Sheepmeat",34397014
3157,25,"Veges",3441003
920,14,"Forestry",2333
3103,8,"Sheepmeat",2134504
1154,3,"Beef",916260
2957,4,"Beef",10144717
133,3,"Beef",116624
2843,11,"Forestry",3177321
967,21,"Fruit",42481
1856,2,"Beef",252197
2502,22,"Fruit",55676
1316,12,"Forestry",38572
1950,27,"Sheepmeat",2334076
2496,16,"Forestry",60302033
2439,27,"Sheepmeat",2170651
3163,3,"Beef",341108
2040,10,"Sheepmeat",2299853
2271,25,"Veges",267408
1145,29,"Sheepmeat",1416844
3123,7,"Beef",537577
2847,15,"Forestry",6824256
2997,26,"Veges",22832623
1169,9,"Sheepmeat",568140
934,10,"Sheepmeat",178008
2033,26,"Veges",1015398
1707,28,"Sheepmeat",2419769
2496,1,"Dairy",3086512
1031,23,"Veges",3327178
1041,15,"Forestry",943067
1180,11,"Forestry",17281
1034,16,"Forestry",43185
2649,28,"Sheepmeat",36012734
139,8,"Sheepmeat",2659
1349,13,"Forestry",2208
2153,11,"Forestry",57121
1413,20,"Fruit",529968
3001,2,"Beef",13422999
1780,2,"Beef",4014
2803,9,"Sheepmeat",11171976
1450,10,"Sheepmeat",2525333
2959,29,"Sheepmeat",23275328
2933,27,"Sheepmeat",15290541
3031,17,"Fruit",701154
2757,7,"Beef",537577
1030,12,"Forestry",75947
2336,16,"Forestry",50885
2213,16,"Forestry",492799
2504,5,"Beef",8405
52,29,"Sheepmeat",47277039
2377,11,"Forestry",383803
1816,11,"Forestry",42878
1436,19,"Fruit",6206570
1394,4,"Beef",102828
1245,2,"Beef",3659268
2438,13,"Forestry",2333
3000,27,"Sheepmeat",36321774
1890,29,"Sheepmeat",8552275
237,15,"Forestry",5880
1212,22,"Fruit",39780
2105,28,"Sheepmeat",3285466
2748,28,"Sheepmeat",3955219
2127,27,"Sheepmeat",2419769
1343,18,"Fruit",14260205
2331,3,"Beef",2176
879,8,"Sheepmeat",1836
2818,29,"Sheepmeat",61671315
2871,11,"Forestry",702872
1423,27,"Sheepmeat",87125
3131,29,"Sheepmeat",103982549
1309,28,"Sheepmeat",8316
1464,10,"Sheepmeat",8708
1336,4,"Beef",62745
645,8,"Sheepmeat",4550
2752,5,"Beef",178929
2015,28,"Sheepmeat",2037201
2839,22,"Fruit",43319
2828,10,"Sheepmeat",21433854
2649,3,"Beef",13107109
2949,11,"Forestry",1557654
2063,3,"Beef",8300
176,9,"Sheepmeat",2820
1762,2,"Beef",54762
1205,25,"Veges",616352
881,17,"Fruit",13417084
1320,27,"Sheepmeat",1192200
643,1,"Dairy",9843461
1839,2,"Beef",7530
3053,2,"Beef",6210325
3147,12,"Forestry",3177321
134,19,"Fruit",231939
2077,9,"Sheepmeat",7260602
1046,2,"Beef",62693
1211,16,"Forestry",4752
1336,3,"Beef",20932
2342,16,"Forestry",7704495
2551,18,"Fruit",63862
1191,27,"Sheepmeat",1120
1662,16,"Forestry",86836
2050,13,"Forestry",6359
1946,10,"Sheepmeat",167370
2106,29,"Sheepmeat",9875942
1138,16,"Forestry",634920
3166,13,"Forestry",95392
2213,9,"Sheepmeat",61608
904,2,"Beef",56398
3052,13,"Forestry",197471
1168,3,"Beef",186385
1333,4,"Beef",11588
3028,8,"Sheepmeat",26849218
2986,28,"Sheepmeat",401969
2117,12,"Forestry",1653
1000,2,"Beef",1064410
1665,8,"Sheepmeat",264319
3142,12,"Forestry",3177321
938,12,"Forestry",5951260
848,27,"Sheepmeat",3483282
1865,16,"Forestry",371544
2246,11,"Forestry",3026782
1511,16,"Forestry",177324
1581,16,"Forestry",60302033
1995,9,"Sheepmeat",1860895
1902,24,"Veges",41390
1098,29,"Sheepmeat",2563208
1088,2,"Beef",10766
2864,26,"Veges",12371053
776,8,"Sheepmeat",6947
1563,9,"Sheepmeat",46012
2910,2,"Beef",5921873
824,2,"Beef",17411
1206,23,"Veges",466189
598,16,"Forestry",6865
921,24,"Veges",29138563
2996,29,"Sheepmeat",195698
1256,12,"Forestry",2766
2439,18,"Fruit",7705769
913,28,"Sheepmeat",1220
3053,28,"Sheepmeat",19192643
2508,25,"Veges",39391627
1207,15,"Forestry",3096858
1237,14,"Forestry",3659
1436,16,"Forestry",25729553
1625,4,"Beef",27237
3085,11,"Forestry",11033
1651,14,"Forestry",12134
2029,27,"Sheepmeat",1008
985,26,"Veges",1828313
1893,28,"Sheepmeat",1651014
1785,4,"Beef",130070
573,19,"Fruit",210068
3154,18,"Fruit",16757
983,8,"Sheepmeat",38095
2792,7,"Beef",25193
926,28,"Sheepmeat",421185
929,3,"Beef",371588
1068,3,"Beef",2383
2145,2,"Beef",41000
1578,19,"Fruit",1775911
1550,8,"Sheepmeat",124550
2273,20,"Fruit",39079
2821,1,"Dairy",294373
1646,21,"Fruit",83774
2956,24,"Veges",3441003
1418,3,"Beef",4879
1619,16,"Forestry",26890
2945,5,"Beef",8405
795,16,"Forestry",171522588
3023,11,"Forestry",3177321
2557,28,"Sheepmeat",1118445
2906,8,"Sheepmeat",548131
3054,14,"Forestry",188956
1838,10,"Sheepmeat",45557
1823,28,"Sheepmeat",7193
1642,10,"Sheepmeat",367718
1566,27,"Sheepmeat",1228
2763,14,"Forestry",138413
551,15,"Forestry",218605
886,10,"Sheepmeat",1238
2833,1,"Dairy",294373
2080,9,"Sheepmeat",3208977
2080,27,"Sheepmeat",4474414
2912,25,"Veges",6083886
1140,19,"Fruit",118754
2654,7,"Beef",25193
1500,21,"Fruit",35165
1037,10,"Sheepmeat",31002
2905,28,"Sheepmeat",18404280
2939,8,"Sheepmeat",10080925
1874,4,"Beef",987036
2649,11,"Forestry",7096
2816,12,"Forestry",2578862
2436,7,"Beef",25193
897,21,"Fruit",6928
2819,1,"Dairy",294373
2766,21,"Fruit",1565195
65,19,"Fruit",358394
1007,12,"Forestry",20027
595,10,"Sheepmeat",83302
2490,16,"Forestry",5305
941,2,"Beef",1077
2945,28,"Sheepmeat",12561460
935,18,"Fruit",1776746
2058,27,"Sheepmeat",134725
830,4,"Beef",815667
2843,18,"Fruit",806709
2815,22,"Fruit",9714
1630,29,"Sheepmeat",488425
1134,8,"Sheepmeat",329334
2747,1,"Dairy",4810716
2888,15,"Forestry",6098140
2810,29,"Sheepmeat",53239896
2822,22,"Fruit",35012
928,11,"Forestry",95338
672,4,"Beef",15617
1070,27,"Sheepmeat",2265
2322,29,"Sheepmeat",1443
2521,21,"Fruit",1040354
2984,4,"Beef",4352848
1950,8,"Sheepmeat",1797110
2399,4,"Beef",762439
2017,15,"Forestry",643490
930,23,"Veges",2591160
670,29,"Sheepmeat",48298
871,4,"Beef",82034
2349,2,"Beef",39341
2153,14,"Forestry",4678
2245,21,"Fruit",4323
845,8,"Sheepmeat",5498
1569,2,"Beef",86822
2270,16,"Forestry",523230
1891,20,"Fruit",2162
2841,27,"Sheepmeat",34730575
2791,13,"Forestry",68513
2223,15,"Forestry",4032697
1245,15,"Forestry",6762426
71,12,"Forestry",274604
2080,4,"Beef",1661022
849,27,"Sheepmeat",409860
2822,20,"Fruit",67904
1955,4,"Beef",2064703
1590,12,"Forestry",7096
3158,10,"Sheepmeat",24584717
3101,6,"Beef",275924
2388,28,"Sheepmeat",696486
3151,28,"Sheepmeat",32758957
1114,3,"Beef",1298234
1398,24,"Veges",67761
1628,4,"Beef",126931
3080,11,"Forestry",16531
1522,8,"Sheepmeat",707363
1510,8,"Sheepmeat",712025
1098,3,"Beef",34384
3135,27,"Sheepmeat",34512473
1470,3,"Beef",50979
1632,8,"Sheepmeat",363334
1741,12,"Forestry",1309
2156,19,"Fruit",300148
12,4,"Beef",1803756
2401,4,"Beef",16543
2836,11,"Forestry",3175122
2344,12,"Forestry",268770
870,23,"Veges",941895
1338,15,"Forestry",547234
3135,11,"Forestry",3175122
2904,14,"Forestry",178923
2017,27,"Sheepmeat",2190679
1521,23,"Veges",276627
2823,2,"Beef",9075645
3113,5,"Beef",8405
2358,3,"Beef",1448
2935,16,"Forestry",581136
3162,15,"Forestry",6580738
844,11,"Forestry",7096
2960,16,"Forestry",25616940
1970,2,"Beef",30648
581,27,"Sheepmeat",1116940
1779,9,"Sheepmeat",5862
2279,2,"Beef",8527
343,29,"Sheepmeat",55792
1079,28,"Sheepmeat",1904740
1152,3,"Beef",102979
446,28,"Sheepmeat",3923
1897,15,"Forestry",6659790
2268,28,"Sheepmeat",36647
689,8,"Sheepmeat",2949
2921,29,"Sheepmeat",48734858
2137,10,"Sheepmeat",783128
1680,27,"Sheepmeat",36017
2214,27,"Sheepmeat",222174
6,11,"Forestry",6724
1692,15,"Forestry",270335
1472,26,"Veges",49781
2245,11,"Forestry",2351158
2139,3,"Beef",188066
580,17,"Fruit",103601
2219,8,"Sheepmeat",657462
3025,24,"Veges",31465611
21,4,"Beef",1020
1232,3,"Beef",225463
1874,29,"Sheepmeat",2022410
868,3,"Beef",1658
1512,9,"Sheepmeat",2279552
580,1,"Dairy",3086512
1279,2,"Beef",55072
156,27,"Sheepmeat",36868
2782,4,"Beef",2760402
2046,8,"Sheepmeat",3972116
1066,26,"Veges",375340
3107,29,"Sheepmeat",8072186
1713,15,"Forestry",27181
1898,2,"Beef",11717
2124,15,"Forestry",198334
1501,15,"Forestry",3454
2316,9,"Sheepmeat",1169882
760,10,"Sheepmeat",2534
2515,11,"Forestry",107798
289,26,"Veges",13579597
2788,12,"Forestry",235512
1113,3,"Beef",52840
2660,16,"Forestry",60302033
862,20,"Fruit",134693
1289,2,"Beef",7832
962,18,"Fruit",785604
2756,28,"Sheepmeat",11437854
1549,21,"Fruit",237471
739,27,"Sheepmeat",5881
2753,5,"Beef",178929
1345,10,"Sheepmeat",10580
3114,2,"Beef",2547935
2224,27,"Sheepmeat",197094
3086,16,"Forestry",916568
2633,29,"Sheepmeat",32992213
1781,8,"Sheepmeat",12028
2403,14,"Forestry",35197
1036,3,"Beef",504624
1208,18,"Fruit",316109
1502,28,"Sheepmeat",1078463
950,17,"Fruit",302905
2764,25,"Veges",15414518
1049,28,"Sheepmeat",3537909
2769,23,"Veges",152903
2839,8,"Sheepmeat",26685826
1336,10,"Sheepmeat",81586
1744,11,"Forestry",1309
2335,2,"Beef",46713
763,17,"Fruit",7999
3005,4,"Beef",34513344
1925,14,"Forestry",259445
2965,29,"Sheepmeat",21695284
1343,1,"Dairy",6462576
925,25,"Veges",207075
879,28,"Sheepmeat",2373
2953,16,"Forestry",371544
2812,2,"Beef",6148622
2084,28,"Sheepmeat",111597
2427,21,"Fruit",234523
1426,22,"Fruit",28118
65,8,"Sheepmeat",15666827
2022,27,"Sheepmeat",774815
2284,15,"Forestry",235501
3007,29,"Sheepmeat",12412
1910,8,"Sheepmeat",7677395
993,11,"Forestry",2584
2933,19,"Fruit",38591
2108,3,"Beef",718326
1094,25,"Veges",42300
237,12,"Forestry",2412
3030,28,"Sheepmeat",34512473
2929,25,"Veges",6083886
1256,8,"Sheepmeat",95189
1147,27,"Sheepmeat",360804
2804,18,"Fruit",16757
2783,2,"Beef",944484
2272,15,"Forestry",21703
763,19,"Fruit",17577
2912,18,"Fruit",16757
1872,16,"Forestry",346253
3071,7,"Beef",537577
1831,4,"Beef",919758
2957,28,"Sheepmeat",8083834
1850,26,"Veges",622136
3002,8,"Sheepmeat",33400096
1989,14,"Forestry",6552
1317,14,"Forestry",37603
2035,16,"Forestry",2761479
557,19,"Fruit",227645
2852,15,"Forestry",30459
1514,4,"Beef",1078307
1059,17,"Fruit",134678
2392,23,"Veges",6338461
833,4,"Beef",11594696
2840,2,"Beef",12703940
3076,12,"Forestry",22538
3117,29,"Sheepmeat",28154903
3017,9,"Sheepmeat",94432
3045,9,"Sheepmeat",20494526
1458,8,"Sheepmeat",1472
2972,8,"Sheepmeat",3929634
1314,10,"Sheepmeat",226004
2940,6,"Beef",8405
2504,9,"Sheepmeat",25699949
3037,14,"Forestry",199803
3007,19,"Fruit",498428
2167,27,"Sheepmeat",2448
835,29,"Sheepmeat",20793
862,17,"Fruit",3495603
955,29,"Sheepmeat",95847
2773,9,"Sheepmeat",86778515
2760,24,"Veges",1041512
2279,4,"Beef",27199
1113,20,"Fruit",60360
3061,17,"Fruit",3603425
3022,7,"Beef",25193
2942,28,"Sheepmeat",13093337
3000,26,"Veges",21676303
2967,27,"Sheepmeat",6336094
1164,11,"Forestry",11963
71,26,"Veges",1176193
1073,25,"Veges",281471
3001,10,"Sheepmeat",25917917
1146,4,"Beef",186761
2769,6,"Beef",8405
2761,6,"Beef",178929
3061,11,"Forestry",702872
2567,2,"Beef",49830
1962,3,"Beef",132594
2393,4,"Beef",1621837
1940,4,"Beef",232154
1552,7,"Beef",25193
158,27,"Sheepmeat",3436
311,28,"Sheepmeat",1118445
64,11,"Forestry",216734
763,20,"Fruit",1032
1416,28,"Sheepmeat",3202
1435,8,"Sheepmeat",26334525
1379,11,"Forestry",12101
2901,3,"Beef",269297
2855,28,"Sheepmeat",387484
3007,20,"Fruit",405838
2372,15,"Forestry",806547
1139,28,"Sheepmeat",5250
2856,16,"Forestry",5179
1880,2,"Beef",1110870
2214,15,"Forestry",1947
560,8,"Sheepmeat",8418
3156,8,"Sheepmeat",27387961
2032,12,"Forestry",65138
501,27,"Sheepmeat",4491
1380,12,"Forestry",12101
2951,8,"Sheepmeat",740781
3169,13,"Forestry",5317
1106,19,"Fruit",521251
1307,11,"Forestry",3760
2934,29,"Sheepmeat",671375
592,16,"Forestry",2108
1818,16,"Forestry",300542
925,26,"Veges",85691
2093,11,"Forestry",22537
8,1,"Dairy",6421449
2818,21,"Fruit",57632
1140,8,"Sheepmeat",57890
2231,12,"Forestry",14829
851,11,"Forestry",160231
2914,3,"Beef",5920528
3123,24,"Veges",25244887
3129,17,"Fruit",701154
1647,14,"Forestry",1388
2907,17,"Fruit",16757
887,8,"Sheepmeat",11215
3006,2,"Beef",13137874
1234,3,"Beef",120449
1324,10,"Sheepmeat",4447791
2883,11,"Forestry",22537
2296,26,"Veges",4987858
2804,28,"Sheepmeat",16009579
2140,27,"Sheepmeat",640901
2439,22,"Fruit",497676
1865,28,"Sheepmeat",903415
1502,29,"Sheepmeat",3247974
1652,9,"Sheepmeat",213048
578,22,"Fruit",5551
1067,4,"Beef",5094
1923,28,"Sheepmeat",33432
733,26,"Veges",24251157
1167,28,"Sheepmeat",574754
2122,28,"Sheepmeat",3185029
911,27,"Sheepmeat",9209
1633,3,"Beef",176133
1785,28,"Sheepmeat",253066
2828,24,"Veges",30807396
979,28,"Sheepmeat",4433
2122,29,"Sheepmeat",9577670
3003,6,"Beef",21666
2470,4,"Beef",3802
1216,3,"Beef",1345
2362,10,"Sheepmeat",549344
2337,8,"Sheepmeat",256499
2193,18,"Fruit",7999
898,23,"Veges",1163017
1267,2,"Beef",60391
830,25,"Veges",3228837
1077,24,"Veges",7955
1643,10,"Sheepmeat",107402
757,28,"Sheepmeat",7599
870,29,"Sheepmeat",48647
1255,29,"Sheepmeat",434571
1134,14,"Forestry",2004
2648,2,"Beef",62743
2834,25,"Veges",31412107
3142,18,"Fruit",806709
1631,27,"Sheepmeat",471909
1210,27,"Sheepmeat",227195
1554,3,"Beef",13130728
3006,6,"Beef",8405
2193,21,"Fruit",2063
132,20,"Fruit",13618
2402,22,"Fruit",12343
2919,8,"Sheepmeat",12980175
2904,3,"Beef",6122933
2882,17,"Fruit",559234
2050,27,"Sheepmeat",2338
1462,9,"Sheepmeat",8343
3027,18,"Fruit",806709
1040,9,"Sheepmeat",428370
99,9,"Sheepmeat",3458
2881,19,"Fruit",1232128
2521,23,"Veges",6155259
2715,16,"Forestry",1398
1851,28,"Sheepmeat",723079
1972,4,"Beef",412221
2872,9,"Sheepmeat",85768651
904,29,"Sheepmeat",239418
2005,3,"Beef",1820232
3066,27,"Sheepmeat",34140166
2796,14,"Forestry",94338
1941,28,"Sheepmeat",2176
2729,16,"Forestry",184874
3007,17,"Fruit",226834
1391,4,"Beef",505502
988,8,"Sheepmeat",16914
1862,25,"Veges",1751349
1040,2,"Beef",157244
2004,9,"Sheepmeat",3733843
2953,23,"Veges",1811724
1291,29,"Sheepmeat",1507354
2580,8,"Sheepmeat",36733
2275,18,"Fruit",14260205
897,22,"Fruit",1732
2820,11,"Forestry",2943512
1110,28,"Sheepmeat",1435997
1305,10,"Sheepmeat",193811
3012,28,"Sheepmeat",10975211
873,23,"Veges",924305
997,3,"Beef",11396339
2425,14,"Forestry",155895
2773,5,"Beef",275924
1576,10,"Sheepmeat",24784517
2998,26,"Veges",22476424
2926,15,"Forestry",4291698
819,3,"Beef",20226
1949,16,"Forestry",1372074
2648,4,"Beef",247056
2225,29,"Sheepmeat",657418
3113,12,"Forestry",2491590
114,29,"Sheepmeat",8526
1039,21,"Fruit",78778
954,10,"Sheepmeat",708765
2809,9,"Sheepmeat",12334221
2879,20,"Fruit",69702
1381,16,"Forestry",2878
2443,3,"Beef",2409157
187,10,"Sheepmeat",2820
1707,9,"Sheepmeat",1737732
2019,3,"Beef",128023
2895,10,"Sheepmeat",14423030
1827,25,"Veges",95148
3141,11,"Forestry",2199
3131,26,"Veges",12983174
1212,12,"Forestry",1556115
27,9,"Sheepmeat",1845687
524,29,"Sheepmeat",53160
1467,15,"Forestry",28923
2715,4,"Beef",56762
3120,21,"Fruit",496550
918,1,"Dairy",6318043
1446,19,"Fruit",111925
1692,8,"Sheepmeat",1835585
1987,27,"Sheepmeat",127140
1891,26,"Veges",16538
2412,10,"Sheepmeat",1959792
1549,11,"Forestry",7096
1455,9,"Sheepmeat",2158221
870,10,"Sheepmeat",11667
1216,27,"Sheepmeat",36647
357,16,"Forestry",175122469
2557,22,"Fruit",5551
2782,11,"Forestry",224550
830,9,"Sheepmeat",186749
2019,10,"Sheepmeat",919896
2397,15,"Forestry",77424
3044,28,"Sheepmeat",743148
1797,28,"Sheepmeat",168445
1513,16,"Forestry",1134752
1708,15,"Forestry",27547
1145,9,"Sheepmeat",339807
1448,9,"Sheepmeat",33491
1205,21,"Fruit",15864
3095,20,"Fruit",425918
1180,28,"Sheepmeat",85697
2035,14,"Forestry",4678
1335,29,"Sheepmeat",107726
2360,4,"Beef",1190114
3017,4,"Beef",195134
921,3,"Beef",45497
1701,28,"Sheepmeat",1721436
1659,28,"Sheepmeat",1035320
759,27,"Sheepmeat",7599
896,22,"Fruit",115428
412,3,"Beef",54332
3052,22,"Fruit",1080
1661,11,"Forestry",38004
31,27,"Sheepmeat",8923
861,20,"Fruit",1171
446,3,"Beef",3907
2589,22,"Fruit",55676
2693,29,"Sheepmeat",105532790
906,5,"Beef",2952
1804,16,"Forestry",5465753
2775,11,"Forestry",548870
2271,12,"Forestry",678368
2996,11,"Forestry",3285119
2603,17,"Fruit",910310
2107,4,"Beef",2181092
802,27,"Sheepmeat",41203
2913,10,"Sheepmeat",12240879
2493,11,"Forestry",107798
2949,24,"Veges",3441003
2143,3,"Beef",29881
2504,17,"Fruit",47341371
2823,21,"Fruit",139364
2204,13,"Forestry",72223
687,29,"Sheepmeat",204589
1731,9,"Sheepmeat",4101
3085,9,"Sheepmeat",1766892
3095,22,"Fruit",205294
2230,29,"Sheepmeat",432032
1465,9,"Sheepmeat",51601
2085,29,"Sheepmeat",1814632
2821,20,"Fruit",67904
2891,27,"Sheepmeat",24092547
3125,4,"Beef",132865356
2659,29,"Sheepmeat",108967338
3080,12,"Forestry",16531
1175,2,"Beef",7408
2901,25,"Veges",318661
1925,12,"Forestry",3107454
1291,16,"Forestry",917782
918,17,"Fruit",11953043
1190,14,"Forestry",2426
2596,1,"Dairy",3086512
1312,27,"Sheepmeat",59866
2910,22,"Fruit",1080
980,21,"Fruit",379149
1161,29,"Sheepmeat",3611038
3079,29,"Sheepmeat",8814501
1925,3,"Beef",3380976
2796,23,"Veges",3561652
2032,3,"Beef",1803788
1436,12,"Forestry",801761
2724,6,"Beef",19067
691,27,"Sheepmeat",150482
2919,6,"Beef",8405
133,19,"Fruit",231939
2862,2,"Beef",12342669
3066,10,"Sheepmeat",24382395
2011,28,"Sheepmeat",451207
3128,5,"Beef",8405
1299,27,"Sheepmeat",254032
1917,10,"Sheepmeat",1792
2786,29,"Sheepmeat",10787907
3110,6,"Beef",8405
2791,26,"Veges",316609
2884,10,"Sheepmeat",18485600
2116,9,"Sheepmeat",49268
949,15,"Forestry",48611
1832,13,"Forestry",12759
1589,22,"Fruit",55676
1969,10,"Sheepmeat",181368
1587,20,"Fruit",114997
2998,15,"Forestry",16233159
2279,16,"Forestry",7360
1454,21,"Fruit",6869
1640,3,"Beef",24587
1130,2,"Beef",248551
838,9,"Sheepmeat",24597778
71,11,"Forestry",274604
1071,4,"Beef",28744
2777,8,"Sheepmeat",9343
899,4,"Beef",770263
1842,4,"Beef",560923
617,16,"Forestry",195127
132,12,"Forestry",2199
988,28,"Sheepmeat",21863
3024,10,"Sheepmeat",24784517
2426,4,"Beef",738470
1989,15,"Forestry",149958
1016,10,"Sheepmeat",44457
1933,2,"Beef",16916
3037,17,"Fruit",2096274
3028,22,"Fruit",50124
2692,9,"Sheepmeat",24784517
1675,27,"Sheepmeat",5323
881,11,"Forestry",3379146
2559,29,"Sheepmeat",8265079
3137,29,"Sheepmeat",104894180
759,28,"Sheepmeat",7599
931,25,"Veges",708859
2981,27,"Sheepmeat",4199707
931,23,"Veges",733296
418,10,"Sheepmeat",1001
289,9,"Sheepmeat",4630
1929,10,"Sheepmeat",12468
1208,23,"Veges",342514
1969,13,"Forestry",2554
992,20,"Fruit",197761
1208,21,"Fruit",81281
1111,27,"Sheepmeat",508824
559,19,"Fruit",227645
2967,8,"Sheepmeat",4880031
3000,18,"Fruit",31653897
1436,15,"Forestry",1740740
2923,8,"Sheepmeat",12371620
2817,3,"Beef",6607205
2272,12,"Forestry",3097
1839,3,"Beef",7530
2835,4,"Beef",38351509
846,16,"Forestry",13744392
2281,14,"Forestry",10648
520,16,"Forestry",171522588
3162,5,"Beef",8405
2502,13,"Forestry",248343
1716,27,"Sheepmeat",7292
719,2,"Beef",2878
5,27,"Sheepmeat",18316103
2271,13,"Forestry",54084
1973,29,"Sheepmeat",2502904
25,1,"Dairy",1029
212,4,"Beef",20945
2999,12,"Forestry",7911204
14,10,"Sheepmeat",38325
87,9,"Sheepmeat",131996
1044,24,"Veges",27150
1248,2,"Beef",419479
1329,12,"Forestry",11819
1241,28,"Sheepmeat",198919
1554,23,"Veges",26257752
2811,29,"Sheepmeat",53160924
3137,15,"Forestry",6580738
1372,9,"Sheepmeat",301377
1784,28,"Sheepmeat",1724736
1682,4,"Beef",24880
2959,5,"Beef",8405
1582,9,"Sheepmeat",24784517
3066,25,"Veges",31412107
1148,29,"Sheepmeat",5190582
2403,21,"Fruit",51717
1212,2,"Beef",2396075
1441,15,"Forestry",1004245
2307,23,"Veges",36898
2071,15,"Forestry",147482
1478,2,"Beef",11575
1782,3,"Beef",35749
3145,26,"Veges",13005315
3123,23,"Veges",26638707
1217,26,"Veges",109640
2556,12,"Forestry",107798
2058,9,"Sheepmeat",96855
2586,6,"Beef",8405
1012,19,"Fruit",2047459
2774,28,"Sheepmeat",121285597
888,22,"Fruit",8138
2141,8,"Sheepmeat",343679
1669,29,"Sheepmeat",224875
1526,3,"Beef",162627
2755,10,"Sheepmeat",7757867
937,15,"Forestry",147482
2847,28,"Sheepmeat",56882
1543,2,"Beef",289128
1509,4,"Beef",1601
1098,10,"Sheepmeat",614745
1588,23,"Veges",26257752
2244,28,"Sheepmeat",9259628
1327,3,"Beef",93845
2821,29,"Sheepmeat",75193058
2314,24,"Veges",286091
3026,4,"Beef",39270225
1293,27,"Sheepmeat",137866
757,10,"Sheepmeat",4543
3039,25,"Veges",27808414
105,4,"Beef",80621
2318,8,"Sheepmeat",15463
2822,19,"Fruit",1199955
2475,2,"Beef",141754
1744,4,"Beef",191518
1516,15,"Forestry",250091
1648,27,"Sheepmeat",17879
1844,8,"Sheepmeat",288865
1875,12,"Forestry",12101
2870,18,"Fruit",1938530
976,19,"Fruit",199952
1368,10,"Sheepmeat",6915
1484,17,"Fruit",210309
1050,29,"Sheepmeat",189618
3051,12,"Forestry",2577537
1625,2,"Beef",9086
1091,28,"Sheepmeat",2464063
1862,12,"Forestry",65481
198,24,"Veges",8417635
1713,11,"Forestry",12726
1362,28,"Sheepmeat",9602
2902,23,"Veges",329646
1245,21,"Fruit",4323
2808,5,"Beef",8405
888,23,"Veges",208422
2862,24,"Veges",31412107
1032,9,"Sheepmeat",14428
2198,10,"Sheepmeat",154745
3069,10,"Sheepmeat",24209663
958,29,"Sheepmeat",100087
2191,11,"Forestry",185667
2518,28,"Sheepmeat",4491
536,16,"Forestry",108580
1071,10,"Sheepmeat",10581
2373,28,"Sheepmeat",2140781
930,24,"Veges",2504809
3061,18,"Fruit",3603425
1859,11,"Forestry",2448
1646,26,"Veges",22269
1624,27,"Sheepmeat",44234
1043,25,"Veges",3894302
1381,4,"Beef",30508
2374,9,"Sheepmeat",1534684
1358,28,"Sheepmeat",75288
1012,28,"Sheepmeat",87852
3126,28,"Sheepmeat",34433976
945,3,"Beef",15188
1572,13,"Forestry",637958
2957,11,"Forestry",1158367
3088,11,"Forestry",293957
3052,26,"Veges",3697682
1799,14,"Forestry",10033
410,8,"Sheepmeat",43056
2019,27,"Sheepmeat",1280690
1554,16,"Forestry",60302033
3001,15,"Forestry",4134762
1972,16,"Forestry",931652
599,10,"Sheepmeat",7823
1269,14,"Forestry",17236
1676,3,"Beef",120821
3050,4,"Beef",20048885
2912,19,"Fruit",38591
1037,23,"Veges",484576
3120,27,"Sheepmeat",32292309
819,26,"Veges",882664
1454,25,"Veges",83883
1731,29,"Sheepmeat",28055
211,2,"Beef",6376
834,12,"Forestry",60686
1959,29,"Sheepmeat",9880
2662,28,"Sheepmeat",35854901
3065,21,"Fruit",175973
1880,4,"Beef",3360643
183,8,"Sheepmeat",4113
2838,10,"Sheepmeat",24580874
2915,7,"Beef",25193
2853,28,"Sheepmeat",387484
2861,3,"Beef",40053
1387,28,"Sheepmeat",11095
1142,2,"Beef",4379
2973,9,"Sheepmeat",3641174
3006,13,"Forestry",155895
690,4,"Beef",86114
2116,4,"Beef",70500
1633,10,"Sheepmeat",610919
2331,2,"Beef",2176
1035,28,"Sheepmeat",1278625
2382,2,"Beef",32140
2331,9,"Sheepmeat",1564
988,22,"Fruit",45331
3137,10,"Sheepmeat",24652520
3145,29,"Sheepmeat",105532790
893,23,"Veges",1997813
2837,15,"Forestry",6580738
1394,3,"Beef",34305
2775,7,"Beef",836800
2812,29,"Sheepmeat",57001060
1292,15,"Forestry",142535
1766,11,"Forestry",26242
949,13,"Forestry",2333
2058,4,"Beef",164190
2556,21,"Fruit",24661
2963,25,"Veges",2275060
2440,4,"Beef",18235081
3070,12,"Forestry",69826
3069,21,"Fruit",1565195
3053,23,"Veges",1170430
1114,8,"Sheepmeat",2665450
1398,8,"Sheepmeat",281504
1583,6,"Beef",8405
312,16,"Forestry",30010389
1386,8,"Sheepmeat",60427
2054,16,"Forestry",205985
1114,14,"Forestry",1938
2361,9,"Sheepmeat",44457
3002,3,"Beef",29006382
3152,28,"Sheepmeat",2033
2412,2,"Beef",422301
2267,4,"Beef",2667
2800,16,"Forestry",55979201
1397,26,"Veges",67445
931,16,"Forestry",102663
2015,12,"Forestry",595082
1208,20,"Fruit",39884
3072,8,"Sheepmeat",1327436
1766,4,"Beef",487972
805,29,"Sheepmeat",3679
1188,2,"Beef",10232
1473,11,"Forestry",69773
2749,1,"Dairy",6318043
3030,8,"Sheepmeat",26685826
309,18,"Fruit",39821519
1429,26,"Veges",455030
2565,23,"Veges",81896
1779,4,"Beef",25955
3105,15,"Forestry",30459
995,12,"Forestry",2584
298,25,"Veges",39391627
1741,9,"Sheepmeat",14553
3061,2,"Beef",41657974
1218,16,"Forestry",43338
1815,29,"Sheepmeat",280380
1960,24,"Veges",1363286
1238,12,"Forestry",23313
2997,8,"Sheepmeat",2488
2151,15,"Forestry",6036
1699,3,"Beef",757778
531,29,"Sheepmeat",3434548
263,17,"Fruit",910310
1551,9,"Sheepmeat",25702343
2960,12,"Forestry",879090
1988,9,"Sheepmeat",327083
2760,8,"Sheepmeat",14545889
2883,14,"Forestry",1578
2991,18,"Fruit",910310
3048,23,"Veges",153234
3063,27,"Sheepmeat",118416359
1808,25,"Veges",1049632
1848,4,"Beef",22572
288,3,"Beef",54082
1496,3,"Beef",208194
2895,6,"Beef",8405
2834,12,"Forestry",3175122
2838,12,"Forestry",3175122
3142,13,"Forestry",242970
133,2,"Beef",116624
2752,16,"Forestry",1822543
574,27,"Sheepmeat",2169133
3087,28,"Sheepmeat",513734
3012,1,"Dairy",212224
2780,14,"Forestry",46495
2106,15,"Forestry",36042
719,3,"Beef",2878
2863,27,"Sheepmeat",34286149
1938,10,"Sheepmeat",43467
531,22,"Fruit",5551
760,15,"Forestry",11406
841,24,"Veges",5991756
1493,12,"Forestry",1887
789,4,"Beef",81756
3053,17,"Fruit",16757
3007,12,"Forestry",5951260
2782,8,"Sheepmeat",2618843
901,26,"Veges",7381
1087,2,"Beef",18187
156,29,"Sheepmeat",121182
2577,14,"Forestry",3815
2348,3,"Beef",39341
2925,6,"Beef",8405
2570,8,"Sheepmeat",208292
1189,2,"Beef",201568
2047,29,"Sheepmeat",6082
2106,2,"Beef",730141
3042,23,"Veges",24014340
534,10,"Sheepmeat",804813
2429,17,"Fruit",613624
1258,24,"Veges",159978
3123,22,"Fruit",349353
994,12,"Forestry",2584
1119,2,"Beef",186385
1315,8,"Sheepmeat",27656
2802,22,"Fruit",1080
1035,2,"Beef",578442
1890,28,"Sheepmeat",2850186
2811,15,"Forestry",4508302
2409,4,"Beef",1153211
3113,1,"Dairy",294373
2376,16,"Forestry",11179159
1478,8,"Sheepmeat",89941
606,4,"Beef",1601
2200,16,"Forestry",9778588
2771,2,"Beef",42603452
2404,3,"Beef",130493
1779,2,"Beef",8148
2872,23,"Veges",3861290
1166,27,"Sheepmeat",430612
2352,16,"Forestry",342397
2565,18,"Fruit",1268
1304,8,"Sheepmeat",402805
2954,10,"Sheepmeat",679302
1484,10,"Sheepmeat",1243
3136,9,"Sheepmeat",24634580
2237,28,"Sheepmeat",4542967
2435,19,"Fruit",109383
2996,19,"Fruit",4689103
2167,10,"Sheepmeat",1034
2878,12,"Forestry",3177321
311,2,"Beef",338939
1653,8,"Sheepmeat",127646
1980,2,"Beef",404028
2598,4,"Beef",40355453
1550,4,"Beef",40650362
2208,2,"Beef",1108229
2647,27,"Sheepmeat",484152
987,11,"Forestry",2584
2248,29,"Sheepmeat",27652740
1071,29,"Sheepmeat",58551
1850,6,"Beef",8405
2922,11,"Forestry",2143621
3153,8,"Sheepmeat",27400517
2945,26,"Veges",2143138
2389,27,"Sheepmeat",1291
1466,19,"Fruit",154495
3047,24,"Veges",2317577
2925,26,"Veges",2512069
1423,29,"Sheepmeat",261158
1007,15,"Forestry",41736
2981,4,"Beef",4839183
2280,27,"Sheepmeat",1186348
2606,7,"Beef",25193
1879,16,"Forestry",12048372
2938,14,"Forestry",22903
3066,3,"Beef",12342669
1628,11,"Forestry",12726
2820,21,"Fruit",135768
1058,25,"Veges",331099
802,18,"Fruit",28035
2763,12,"Forestry",1730291
1299,22,"Fruit",6136
2476,1,"Dairy",294373
1254,3,"Beef",19978
3050,26,"Veges",5667782
1833,2,"Beef",108543
1682,3,"Beef",8300
3029,11,"Forestry",3177321
1979,2,"Beef",25048
752,16,"Forestry",34389
3140,3,"Beef",141754
1437,4,"Beef",15167576
1058,26,"Veges",135090
860,22,"Fruit",35419
2425,29,"Sheepmeat",1075511
1953,11,"Forestry",1753169
1897,3,"Beef",3549010
3052,6,"Beef",8405
2647,15,"Forestry",124972
1139,27,"Sheepmeat",5250
532,17,"Fruit",103601
2762,20,"Fruit",197959
2199,16,"Forestry",10878567
580,2,"Beef",340426
1968,10,"Sheepmeat",373203
1768,11,"Forestry",93711
576,9,"Sheepmeat",800585
2362,8,"Sheepmeat",593251
2187,13,"Forestry",22903
2271,9,"Sheepmeat",2435234
1462,28,"Sheepmeat",12756
1360,27,"Sheepmeat",6115
1206,21,"Fruit",15864
1360,2,"Beef",6115
2408,9,"Sheepmeat",147946
1470,10,"Sheepmeat",111798
2823,17,"Fruit",559234
2662,6,"Beef",8405
2160,4,"Beef",961666
2406,27,"Sheepmeat",1710836
870,28,"Sheepmeat",16229
1245,28,"Sheepmeat",10772118
1709,8,"Sheepmeat",3244
1140,25,"Veges",832307
3030,13,"Forestry",242970
1640,28,"Sheepmeat",613122
2998,28,"Sheepmeat",120022
1636,2,"Beef",37296
736,29,"Sheepmeat",1655
1443,3,"Beef",1736906
3132,12,"Forestry",3175122
1892,3,"Beef",25131
2401,28,"Sheepmeat",214157
2043,28,"Sheepmeat",11861
1178,16,"Forestry",11750
1160,28,"Sheepmeat",267906
917,17,"Fruit",13016821
3135,5,"Beef",8405
2812,11,"Forestry",2326098
2245,8,"Sheepmeat",7021055
795,9,"Sheepmeat",7823
1682,27,"Sheepmeat",8300
1862,24,"Veges",1751349
2551,21,"Fruit",15864
767,28,"Sheepmeat",10271
1564,9,"Sheepmeat",1342
1331,9,"Sheepmeat",11177
2895,13,"Forestry",197471
2715,2,"Beef",16519
1419,4,"Beef",71758
3168,23,"Veges",33575040
2889,8,"Sheepmeat",18661511
2198,3,"Beef",18273
12,14,"Forestry",3364
2415,3,"Beef",568649
2606,9,"Sheepmeat",24784517
2942,21,"Fruit",4323
1089,13,"Forestry",1862
2192,2,"Beef",3352124
2770,8,"Sheepmeat",33421861
1692,29,"Sheepmeat",7126660
1910,27,"Sheepmeat",10111467
3007,9,"Sheepmeat",2289
868,18,"Fruit",154140
2498,15,"Forestry",1583
27,16,"Forestry",4347322
1229,2,"Beef",38203
1389,27,"Sheepmeat",13991
1832,12,"Forestry",155297
2862,7,"Beef",25193
1676,9,"Sheepmeat",123820
384,19,"Fruit",1775911
2309,10,"Sheepmeat",654490
3056,13,"Forestry",129517
2214,3,"Beef",34901
2104,8,"Sheepmeat",2236819
898,25,"Veges",1124259
3026,3,"Beef",12703940
1460,21,"Fruit",75711
1610,2,"Beef",53904
2759,11,"Forestry",166361
579,1,"Dairy",3086512
2583,4,"Beef",3466
2958,28,"Sheepmeat",7676970
3129,16,"Forestry",96839227
2151,9,"Sheepmeat",81460
1648,8,"Sheepmeat",12028
1805,10,"Sheepmeat",286581
1096,28,"Sheepmeat",263843
2821,4,"Beef",26292065
1035,25,"Veges",239856
1332,29,"Sheepmeat",78179
77,14,"Forestry",5372
2833,8,"Sheepmeat",26248553
3136,13,"Forestry",242970
3143,13,"Forestry",242970
728,4,"Beef",6922
2205,9,"Sheepmeat",454729
1043,29,"Sheepmeat",7412
1295,29,"Sheepmeat",124010
2358,4,"Beef",7766
2246,21,"Fruit",4323
2905,17,"Fruit",16757
3061,16,"Forestry",20427485
2230,16,"Forestry",138048
1032,8,"Sheepmeat",326921
1874,10,"Sheepmeat",468972
894,22,"Fruit",29544
3142,24,"Veges",31465611
1292,9,"Sheepmeat",68765
75,19,"Fruit",2315326
3009,23,"Veges",27065257
3090,22,"Fruit",120050
1837,28,"Sheepmeat",26052
2809,25,"Veges",6083886
3093,24,"Veges",528313
1502,9,"Sheepmeat",774457
3081,23,"Veges",295954
1112,3,"Beef",11377
2274,28,"Sheepmeat",725564
2143,16,"Forestry",1805661
3101,24,"Veges",1380820
2834,26,"Veges",12983174
1576,3,"Beef",12703940
2206,29,"Sheepmeat",1620871
3047,12,"Forestry",172330
333,20,"Fruit",66180
2030,25,"Veges",4265
1634,9,"Sheepmeat",604681
2437,1,"Dairy",294373
2693,28,"Sheepmeat",34730575
3121,15,"Forestry",5231451
2188,28,"Sheepmeat",66708
2214,28,"Sheepmeat",222174
1859,28,"Sheepmeat",472031
534,29,"Sheepmeat",3434548
2248,23,"Veges",6295645
941,19,"Fruit",646741
1556,29,"Sheepmeat",23673563
2372,14,"Forestry",35179
2032,26,"Veges",7268
1041,18,"Fruit",3221236
1044,28,"Sheepmeat",1008199
2877,18,"Fruit",910310
1632,27,"Sheepmeat",471909
950,25,"Veges",318661
2512,8,"Sheepmeat",1353
2929,1,"Dairy",294373
981,15,"Forestry",407216
3047,27,"Sheepmeat",19711919
608,29,"Sheepmeat",58561
105,28,"Sheepmeat",33432
1198,27,"Sheepmeat",22587
874,15,"Forestry",25424
1023,29,"Sheepmeat",976002
47,14,"Forestry",242970
1011,17,"Fruit",1786607
1810,28,"Sheepmeat",179381
835,10,"Sheepmeat",4430
1766,15,"Forestry",52906
1931,2,"Beef",53077
898,10,"Sheepmeat",393655
1902,25,"Veges",41390
1823,29,"Sheepmeat",22684
2842,28,"Sheepmeat",34730575
27,11,"Forestry",147244
1612,2,"Beef",8300
1972,8,"Sheepmeat",477108
1806,14,"Forestry",17236
1267,28,"Sheepmeat",340491
1987,16,"Forestry",2427912
2793,4,"Beef",9386876
2904,24,"Veges",6083886
5,10,"Sheepmeat",13149218
1217,28,"Sheepmeat",3417082
1624,19,"Fruit",285061
2886,9,"Sheepmeat",4403
915,3,"Beef",455376
1553,7,"Beef",25193
2126,3,"Beef",443208
2212,28,"Sheepmeat",405584
3029,18,"Fruit",806709
2761,25,"Veges",1432256
908,11,"Forestry",3285119
612,3,"Beef",1748
3120,17,"Fruit",1940092
3037,13,"Forestry",202136
1493,11,"Forestry",1887
1160,10,"Sheepmeat",192599
2766,11,"Forestry",2533390
2165,27,"Sheepmeat",396712
538,20,"Fruit",13366
992,25,"Veges",5156131
2734,19,"Fruit",5144405
2555,24,"Veges",1751349
1033,15,"Forestry",2929
1796,28,"Sheepmeat",75072
873,9,"Sheepmeat",302792
1288,15,"Forestry",2666
1515,14,"Forestry",1429
1948,11,"Forestry",40721
1011,21,"Fruit",459594
1975,2,"Beef",45824
594,8,"Sheepmeat",2782
133,4,"Beef",387777
2427,20,"Fruit",116051
1344,27,"Sheepmeat",874320
1398,3,"Beef",133858
2158,29,"Sheepmeat",93717
1784,14,"Forestry",22903
439,10,"Sheepmeat",3720
997,22,"Fruit",504080
595,9,"Sheepmeat",83302
3110,16,"Forestry",75920383
1249,19,"Fruit",36820
2959,10,"Sheepmeat",5468097
2662,7,"Beef",25193
1677,8,"Sheepmeat",269643
1037,8,"Sheepmeat",33362
2278,28,"Sheepmeat",55655
1578,16,"Forestry",60302033
2965,10,"Sheepmeat",5099469
1979,10,"Sheepmeat",120248
578,9,"Sheepmeat",804813
2781,2,"Beef",119823
1635,6,"Beef",5014
198,19,"Fruit",104122269
2898,21,"Fruit",57632
2901,9,"Sheepmeat",220845
1467,19,"Fruit",644921
1095,2,"Beef",219583
2017,13,"Forestry",23389
2906,2,"Beef",63233
3122,22,"Fruit",349353
1210,3,"Beef",19546
3120,13,"Forestry",192497
960,17,"Fruit",801231
2765,6,"Beef",178929
989,26,"Veges",149115
1816,13,"Forestry",2773
1880,21,"Fruit",4323
1101,29,"Sheepmeat",9236
3094,28,"Sheepmeat",121937818
1665,28,"Sheepmeat",343849
1819,14,"Forestry",22639
991,23,"Veges",6155259
2928,28,"Sheepmeat",216417
2865,21,"Fruit",2718667
2835,7,"Beef",25193
1224,27,"Sheepmeat",88010
1120,10,"Sheepmeat",3319
2958,16,"Forestry",25933044
2951,24,"Veges",1751349
3061,19,"Fruit",7925295
1591,21,"Fruit",229926
2757,4,"Beef",14295160
3117,13,"Forestry",5317
918,22,"Fruit",2670
3069,18,"Fruit",5987234
1030,4,"Beef",3396330
2949,2,"Beef",4001481
2274,10,"Sheepmeat",514129
3054,29,"Sheepmeat",57958874
1081,19,"Fruit",124261
2898,25,"Veges",23460409
2792,13,"Forestry",68513
3029,22,"Fruit",50124
2335,12,"Forestry",1653
1299,18,"Fruit",108243
1714,2,"Beef",33914
3036,4,"Beef",3834
2873,16,"Forestry",20353811
816,7,"Beef",15770
2772,9,"Sheepmeat",86778515
2264,22,"Fruit",110773
2764,20,"Fruit",235512
2648,3,"Beef",62743
1322,4,"Beef",3298
3006,18,"Fruit",425616
768,16,"Forestry",71397
3022,12,"Forestry",3177321
2510,19,"Fruit",38023047
288,4,"Beef",189893
2323,22,"Fruit",825542
2514,25,"Veges",6466925
3102,20,"Fruit",129395
1472,24,"Veges",120299
2757,2,"Beef",4733176
2827,29,"Sheepmeat",83541230
532,29,"Sheepmeat",3434548
2806,16,"Forestry",64838310
2826,25,"Veges",30789921
3061,14,"Forestry",60195
3065,3,"Beef",12381797
2810,16,"Forestry",65011031
3019,14,"Forestry",248343
3130,6,"Beef",8405
2339,13,"Forestry",54084
533,4,"Beef",1085228
830,7,"Beef",10846
1210,14,"Forestry",1508
1157,28,"Sheepmeat",550199
1822,3,"Beef",67186
538,10,"Sheepmeat",804813
3166,23,"Veges",25133302
2597,29,"Sheepmeat",108967338
1522,23,"Veges",6022068
2021,27,"Sheepmeat",11974
2500,22,"Fruit",50124
1148,16,"Forestry",1101516
574,1,"Dairy",762789
1229,29,"Sheepmeat",570265
2165,4,"Beef",1059979
762,16,"Forestry",2108
989,10,"Sheepmeat",1169
3097,24,"Veges",21972057
2200,28,"Sheepmeat",49466
2920,27,"Sheepmeat",16007248
1930,3,"Beef",81095
672,9,"Sheepmeat",1445
2539,10,"Sheepmeat",2410219
600,2,"Beef",39341
1957,13,"Forestry",6332
2406,11,"Forestry",42663
2920,4,"Beef",18211746
970,29,"Sheepmeat",2667
844,18,"Fruit",10738595
1071,8,"Sheepmeat",12440
520,4,"Beef",28303
1503,11,"Forestry",26242
2216,8,"Sheepmeat",39777
1079,8,"Sheepmeat",1473568
910,3,"Beef",4794
2144,16,"Forestry",2863398
1968,8,"Sheepmeat",402614
1850,7,"Beef",25193
2276,4,"Beef",13745
2963,24,"Veges",2275060
1203,27,"Sheepmeat",242792
854,10,"Sheepmeat",108143
3167,13,"Forestry",202136
1213,25,"Veges",5464025
1835,4,"Beef",105678
14,24,"Veges",605609
3140,15,"Forestry",6043
1039,10,"Sheepmeat",11851
2113,14,"Forestry",242970
186,29,"Sheepmeat",11760
2969,8,"Sheepmeat",108969
3027,22,"Fruit",50124
559,3,"Beef",340426
982,23,"Veges",971022
2996,10,"Sheepmeat",40204
2801,18,"Fruit",16757
2869,10,"Sheepmeat",85314316
2176,22,"Fruit",6404
64,16,"Forestry",6988808
66,19,"Fruit",783215
837,24,"Veges",39391627
833,2,"Beef",3801257
2412,16,"Forestry",17667489
2980,3,"Beef",1633828
2909,2,"Beef",5929514
3060,27,"Sheepmeat",118747610
980,11,"Forestry",274604
2077,11,"Forestry",3257706
2800,27,"Sheepmeat",15254983
2124,2,"Beef",323871
2419,3,"Beef",4762
1374,10,"Sheepmeat",521033
1659,9,"Sheepmeat",744297
2996,26,"Veges",24094389
835,12,"Forestry",67035
1520,4,"Beef",33482
415,29,"Sheepmeat",4175
3162,10,"Sheepmeat",24622770
846,15,"Forestry",834646
1834,14,"Forestry",4119
2758,16,"Forestry",6330584
1582,5,"Beef",8405
2580,10,"Sheepmeat",34135
2531,4,"Beef",1085228
1865,15,"Forestry",25421
3046,21,"Fruit",164386
1422,29,"Sheepmeat",699972
456,4,"Beef",1255
2111,15,"Forestry",28919
2771,16,"Forestry",19517696
3026,26,"Veges",13005315
2979,8,"Sheepmeat",3450127
3168,13,"Forestry",202136
3042,27,"Sheepmeat",32570793
2910,9,"Sheepmeat",12240879
1138,29,"Sheepmeat",13458467
3052,2,"Beef",6216739
1784,15,"Forestry",560533
2436,6,"Beef",8405
3128,9,"Sheepmeat",24526579
2767,27,"Sheepmeat",36041556
2831,13,"Forestry",242970
2766,7,"Beef",537577
1787,29,"Sheepmeat",1122303
3054,26,"Veges",2512069
1368,3,"Beef",11789
2912,22,"Fruit",1080
2813,5,"Beef",8405
2569,11,"Forestry",96574
2521,22,"Fruit",282428
1324,21,"Fruit",4323
1213,12,"Forestry",1556115
921,19,"Fruit",22954467
956,22,"Fruit",6254
2032,25,"Veges",18764
1045,4,"Beef",228792
1825,3,"Beef",47125
3127,26,"Veges",13005315
2004,15,"Forestry",1638
1145,11,"Forestry",9173
884,3,"Beef",318587
1664,29,"Sheepmeat",1399412
2028,12,"Forestry",16889
2382,9,"Sheepmeat",330330
3129,26,"Veges",12983174
866,22,"Fruit",10796
793,16,"Forestry",171522588
2752,15,"Forestry",111011
1584,21,"Fruit",229926
934,9,"Sheepmeat",178008
10,10,"Sheepmeat",48317
1967,9,"Sheepmeat",920268
1158,4,"Beef",358059
2143,2,"Beef",29881
2822,13,"Forestry",227601
945,9,"Sheepmeat",9952
1662,28,"Sheepmeat",24822
2759,13,"Forestry",5317
2817,19,"Fruit",534374
3095,24,"Veges",20089627
1833,28,"Sheepmeat",691180
1497,9,"Sheepmeat",158164
1996,17,"Fruit",569431
2382,27,"Sheepmeat",459490
2879,28,"Sheepmeat",31397685
1977,4,"Beef",1633834
2084,9,"Sheepmeat",80227
315,28,"Sheepmeat",1444414
1190,2,"Beef",140662
1307,4,"Beef",15813
3102,27,"Sheepmeat",120013933
2034,10,"Sheepmeat",12155667
2414,25,"Veges",59719
2767,6,"Beef",8405
2873,22,"Fruit",89900
1968,29,"Sheepmeat",1565111
1182,14,"Forestry",5074
3062,16,"Forestry",34358110
2198,9,"Sheepmeat",154745
2866,28,"Sheepmeat",118420805
2199,29,"Sheepmeat",176663
2819,17,"Fruit",242387
1235,26,"Veges",193843
816,3,"Beef",3286
2439,6,"Beef",21666
600,4,"Beef",142336
868,29,"Sheepmeat",4969
921,12,"Forestry",24111
1994,9,"Sheepmeat",1860895
2270,8,"Sheepmeat",428820
2126,2,"Beef",443208
3114,8,"Sheepmeat",4310813
1279,25,"Veges",72048
77,28,"Sheepmeat",1118445
81,28,"Sheepmeat",30541
2742,19,"Fruit",2003556
2968,23,"Veges",191713
3120,20,"Fruit",242452
2030,2,"Beef",24292
2271,21,"Fruit",81281
2016,28,"Sheepmeat",1979237
960,4,"Beef",35355
2715,9,"Sheepmeat",17940
3065,5,"Beef",8405
2792,1,"Dairy",294373
1863,26,"Veges",721908
562,15,"Forestry",1583
2163,16,"Forestry",22693
2902,27,"Sheepmeat",119405
299,15,"Forestry",17286
947,14,"Forestry",199803
1448,24,"Veges",239480
1821,28,"Sheepmeat",118010
1643,15,"Forestry",43833
1187,15,"Forestry",172287
1034,15,"Forestry",2929
957,19,"Fruit",1316837
1214,9,"Sheepmeat",5975732
1379,9,"Sheepmeat",687448
929,13,"Forestry",1578
66,3,"Beef",6181849
2867,21,"Fruit",2131682
443,4,"Beef",7043
1748,28,"Sheepmeat",224324
1067,9,"Sheepmeat",1222
2753,28,"Sheepmeat",7480794
2943,20,"Fruit",2162
1745,16,"Forestry",3863
3086,10,"Sheepmeat",1699855
2269,21,"Fruit",32563
1669,16,"Forestry",1647
1552,1,"Dairy",3086512
1641,2,"Beef",21487
2842,22,"Fruit",50124
2550,23,"Veges",2871375
2776,2,"Beef",42729469
2804,26,"Veges",2512069
1059,24,"Veges",468428
954,26,"Veges",200092
1523,2,"Beef",6907
819,4,"Beef",61639
2955,16,"Forestry",962667
1340,11,"Forestry",42273
2567,28,"Sheepmeat",66708
2758,9,"Sheepmeat",13525081
2885,10,"Sheepmeat",18970562
2568,4,"Beef",1744998
1219,8,"Sheepmeat",1553259
2362,11,"Forestry",13322
1207,16,"Forestry",44009710
989,19,"Fruit",1438745
77,3,"Beef",338939
1801,28,"Sheepmeat",54513
2107,29,"Sheepmeat",9828946
1961,29,"Sheepmeat",1257579
1176,15,"Forestry",3060954
38,9,"Sheepmeat",11568
2760,23,"Veges",1077417
1393,16,"Forestry",421890
1889,29,"Sheepmeat",6154759
1776,27,"Sheepmeat",292364
963,2,"Beef",151101
1572,26,"Veges",4987858
2585,15,"Forestry",17286
3105,10,"Sheepmeat",1279980
2770,12,"Forestry",1952848
2397,12,"Forestry",78366
949,10,"Sheepmeat",39084
2105,16,"Forestry",516009
1856,8,"Sheepmeat",428612
906,24,"Veges",94873
2349,15,"Forestry",5880
1623,15,"Forestry",922481
1697,29,"Sheepmeat",5685087
2168,19,"Fruit",55901
2373,8,"Sheepmeat",1652543
1276,16,"Forestry",1574
2148,3,"Beef",248578
3054,18,"Fruit",16757
1801,10,"Sheepmeat",39189
3109,15,"Forestry",1050489
3002,14,"Forestry",155895
1455,3,"Beef",1317938
1997,10,"Sheepmeat",410762
954,24,"Veges",483528
1573,3,"Beef",2401
957,17,"Fruit",599292
2004,8,"Sheepmeat",4019081
756,10,"Sheepmeat",4543
3085,4,"Beef",3086498
1620,29,"Sheepmeat",3870
1949,14,"Forestry",3941
2598,28,"Sheepmeat",35854901
3069,7,"Beef",537577
2879,13,"Forestry",237166
1509,1,"Dairy",6462576
1121,10,"Sheepmeat",252117
2929,28,"Sheepmeat",15674864
1674,9,"Sheepmeat",24472
3033,12,"Forestry",3175122
1429,27,"Sheepmeat",1938
2082,4,"Beef",692598
2965,27,"Sheepmeat",7143335
2915,4,"Beef",18432526
2724,1,"Dairy",689602
958,10,"Sheepmeat",23674
376,28,"Sheepmeat",1156
3158,12,"Forestry",2572114
2527,21,"Fruit",26724
1627,16,"Forestry",31500
2785,28,"Sheepmeat",3508350
1456,7,"Beef",8850
1170,4,"Beef",1050666
3071,10,"Sheepmeat",6900122
2974,12,"Forestry",452604
1358,2,"Beef",4730
2915,12,"Forestry",2208088
2990,8,"Sheepmeat",27717329
179,18,"Fruit",10767845
968,22,"Fruit",10617
2231,27,"Sheepmeat",191212
2410,28,"Sheepmeat",4491
521,1,"Dairy",6462576
2426,27,"Sheepmeat",258114
1761,28,"Sheepmeat",95078
3071,29,"Sheepmeat",28896716
2227,9,"Sheepmeat",225884
3155,24,"Veges",2315301
2946,25,"Veges",1751349
2278,10,"Sheepmeat",39020
3153,17,"Fruit",5650259
2307,29,"Sheepmeat",11096
1812,15,"Forestry",44554
3108,4,"Beef",4672938
3007,21,"Fruit",861385
1535,23,"Veges",89025
3000,1,"Dairy",2874288
3137,3,"Beef",12562186
1851,12,"Forestry",13322
2264,26,"Veges",1301915
3044,14,"Forestry",5917
2774,15,"Forestry",1221183
1038,29,"Sheepmeat",668980
1067,27,"Sheepmeat",1700
1066,21,"Fruit",103272
3130,24,"Veges",31412107
1980,9,"Sheepmeat",617266
2361,24,"Veges",817942
816,6,"Beef",4688
1228,28,"Sheepmeat",3185029
2889,7,"Beef",25193
693,29,"Sheepmeat",22086
2864,10,"Sheepmeat",84708966
1844,29,"Sheepmeat",1135611
1212,29,"Sheepmeat",25654616
2810,1,"Dairy",294373
2342,8,"Sheepmeat",113716
1591,10,"Sheepmeat",25699949
1513,14,"Forestry",2442
1549,3,"Beef",13117972
2937,13,"Forestry",156767
3093,21,"Fruit",129332
896,10,"Sheepmeat",7853507
2812,7,"Beef",25193
532,3,"Beef",340426
2820,7,"Beef",25193
2728,4,"Beef",103067
1274,10,"Sheepmeat",25686
2613,3,"Beef",340426
3003,20,"Fruit",2066810
195,4,"Beef",5057
531,4,"Beef",1085228
2361,2,"Beef",61500
999,7,"Beef",64943
2846,11,"Forestry",3285119
1832,15,"Forestry",318994
3117,6,"Beef",178929
992,10,"Sheepmeat",1097862
2748,3,"Beef",1797639
2931,13,"Forestry",162508
2782,13,"Forestry",17281
1924,27,"Sheepmeat",9523062
2054,27,"Sheepmeat",502790
609,27,"Sheepmeat",14383
2192,13,"Forestry",212214
35,27,"Sheepmeat",7343
2880,19,"Fruit",1232128
934,14,"Forestry",155895
1706,2,"Beef",386222
2949,5,"Beef",8405
647,11,"Forestry",107798
3068,29,"Sheepmeat",100668651
1078,4,"Beef",1464558
1429,9,"Sheepmeat",1394
2816,22,"Fruit",15484
2337,9,"Sheepmeat",237425
1970,28,"Sheepmeat",260038
2015,11,"Forestry",595082
1931,27,"Sheepmeat",238930
1398,10,"Sheepmeat",261590
2894,3,"Beef",31595
1375,8,"Sheepmeat",127336
1135,23,"Veges",520999
2821,17,"Fruit",545293
2152,9,"Sheepmeat",5856
1030,11,"Forestry",75947
1097,27,"Sheepmeat",865390
2808,17,"Fruit",16757
962,19,"Fruit",1730937
2982,9,"Sheepmeat",3006216
1262,4,"Beef",861648
1677,16,"Forestry",5452003
1163,3,"Beef",169636
884,27,"Sheepmeat",1041678
1185,13,"Forestry",130159
522,1,"Dairy",6462576
2871,25,"Veges",8077875
2991,11,"Forestry",3285119
2016,3,"Beef",407381
3055,16,"Forestry",9089823
1877,9,"Sheepmeat",402478
580,27,"Sheepmeat",1124326
1991,2,"Beef",248533
3158,8,"Sheepmeat",27387961
2866,18,"Fruit",10450007
1021,29,"Sheepmeat",1348881
906,9,"Sheepmeat",123058
1680,8,"Sheepmeat",27864
1981,9,"Sheepmeat",617266
2815,29,"Sheepmeat",60616678
2413,3,"Beef",315101
1957,14,"Forestry",6332
2871,23,"Veges",8356350
3002,27,"Sheepmeat",81962098
1126,7,"Beef",408691
1647,24,"Veges",4884
2971,24,"Veges",366120
2004,2,"Beef",1659407
2004,29,"Sheepmeat",15631939
2929,17,"Fruit",16757
610,29,"Sheepmeat",99664
2898,11,"Forestry",2578862
2817,5,"Beef",8405
2833,17,"Fruit",701154
2152,29,"Sheepmeat",33429
851,27,"Sheepmeat",3040258
2267,21,"Fruit",62363
1664,15,"Forestry",10415
2341,26,"Veges",67445
3040,28,"Sheepmeat",34243698
1124,3,"Beef",1345
2360,3,"Beef",394162
1124,10,"Sheepmeat",23778
1066,9,"Sheepmeat",9160
3137,11,"Forestry",3175122
599,8,"Sheepmeat",1471
2429,22,"Fruit",38783
2956,7,"Beef",25193
2504,19,"Fruit",104122269
2149,4,"Beef",329252
3053,14,"Forestry",192578
2595,26,"Veges",21237845
1111,10,"Sheepmeat",365796
2969,15,"Forestry",6036
825,10,"Sheepmeat",5358
2016,29,"Sheepmeat",5966465
3051,14,"Forestry",197471
3138,10,"Sheepmeat",24652520
2040,4,"Beef",4092026
2623,23,"Veges",3168
2770,3,"Beef",13411722
1254,11,"Forestry",5305
1009,16,"Forestry",1421
3078,9,"Sheepmeat",4395118
134,27,"Sheepmeat",154973
1003,26,"Veges",25048
727,18,"Fruit",7999
1861,27,"Sheepmeat",302826
3029,28,"Sheepmeat",34730575
346,29,"Sheepmeat",7043
1997,27,"Sheepmeat",571371
670,16,"Forestry",188650
2357,28,"Sheepmeat",4433
1206,26,"Veges",186046
3042,10,"Sheepmeat",23344045
3024,26,"Veges",13005315
936,9,"Sheepmeat",41896
198,3,"Beef",6376
1111,9,"Sheepmeat",365796
3040,5,"Beef",178929
2766,1,"Dairy",6318043
2141,16,"Forestry",14990
1552,25,"Veges",12090250
1250,10,"Sheepmeat",6698085
2164,2,"Beef",15605
2771,6,"Beef",275924
2138,2,"Beef",180118
3155,25,"Veges",2315301
1358,3,"Beef",4730
2777,28,"Sheepmeat",121937818
1715,25,"Veges",962753
2358,20,"Fruit",11924
3082,27,"Sheepmeat",4399989
2394,28,"Sheepmeat",7024
2304,29,"Sheepmeat",126035
1203,9,"Sheepmeat",170368
3134,25,"Veges",31465611
346,3,"Beef",2350
61,4,"Beef",1135
83,3,"Beef",25131
2967,28,"Sheepmeat",6336094
2947,23,"Veges",1811724
89,26,"Veges",13005315
2899,8,"Sheepmeat",1297
2206,12,"Forestry",418819
1809,14,"Forestry",17371
1390,23,"Veges",189937
1246,29,"Sheepmeat",1463770
2280,12,"Forestry",122576
1762,8,"Sheepmeat",393855
2557,11,"Forestry",107798
5,12,"Forestry",173316
2777,16,"Forestry",5762620
739,16,"Forestry",30257
303,19,"Fruit",38023047
2779,4,"Beef",131204334
1115,14,"Forestry",2194
873,3,"Beef",62049
1721,8,"Sheepmeat",31768
2555,28,"Sheepmeat",1705246
1443,11,"Forestry",271377
1100,9,"Sheepmeat",58922
3031,27,"Sheepmeat",34512473
1012,26,"Veges",57156
2742,17,"Fruit",910310
3038,2,"Beef",11479243
1776,18,"Fruit",38110
1003,4,"Beef",2667
2794,26,"Veges",1171912
2937,29,"Sheepmeat",46207685
2476,14,"Forestry",242970
391,16,"Forestry",1571
2382,3,"Beef",32140
2797,4,"Beef",15136624
881,28,"Sheepmeat",10947768
991,5,"Beef",21666
2823,9,"Sheepmeat",18383318
2796,13,"Forestry",94338
1983,29,"Sheepmeat",1639602
2438,20,"Fruit",40082
540,8,"Sheepmeat",6947
1549,20,"Fruit",118770
1645,9,"Sheepmeat",11219
2526,9,"Sheepmeat",5060293
2847,12,"Forestry",3285119
1583,13,"Forestry",248343
1785,3,"Beef",41930
1587,29,"Sheepmeat",108967338
2028,3,"Beef",798117
3033,22,"Fruit",43319
3108,9,"Sheepmeat",4368275
1229,22,"Fruit",5593
1490,27,"Sheepmeat",45478
1869,11,"Forestry",12101
2832,28,"Sheepmeat",33707953
1731,28,"Sheepmeat",6745
1686,12,"Forestry",39964
997,14,"Forestry",60503
3001,29,"Sheepmeat",110554837
3000,9,"Sheepmeat",25909810
1324,12,"Forestry",1364324
2960,11,"Forestry",879090
2912,9,"Sheepmeat",12240879
3000,4,"Beef",41592235
1880,20,"Fruit",2162
2475,21,"Fruit",27229
2809,12,"Forestry",2210854
1987,11,"Forestry",78397
2300,18,"Fruit",17270271
1095,4,"Beef",661300
1810,16,"Forestry",5870240
2870,11,"Forestry",702872
2827,4,"Beef",30802255
693,16,"Forestry",9271
573,11,"Forestry",107798
312,27,"Sheepmeat",4978000
1204,11,"Forestry",1526114
2498,8,"Sheepmeat",8418
2361,28,"Sheepmeat",61840
3007,15,"Forestry",12098397
3038,15,"Forestry",5262738
872,19,"Fruit",175163
2531,28,"Sheepmeat",1124326
2225,28,"Sheepmeat",210468
2777,27,"Sheepmeat",121937818
791,17,"Fruit",17270271
1964,10,"Sheepmeat",365940
74,26,"Veges",36850
1905,28,"Sheepmeat",51147
998,5,"Beef",21666
991,16,"Forestry",177324
2979,13,"Forestry",20882
417,2,"Beef",1393
922,13,"Forestry",2333
2782,14,"Forestry",17281
2039,29,"Sheepmeat",46876511
2426,5,"Beef",2952
2147,4,"Beef",18146
1824,4,"Beef",1243
2408,15,"Forestry",35134
833,5,"Beef",5363
1784,9,"Sheepmeat",1238037
2219,28,"Sheepmeat",849839
2200,9,"Sheepmeat",34759
3088,3,"Beef",434472
1863,12,"Forestry",42663
2998,9,"Sheepmeat",84412
3011,21,"Fruit",2181050
1173,10,"Sheepmeat",1817683
2403,19,"Fruit",442429
1279,24,"Veges",72048
2389,3,"Beef",1291
3128,29,"Sheepmeat",104226798
2874,23,"Veges",31321870
1213,10,"Sheepmeat",6087530
1000,7,"Beef",64943
1868,2,"Beef",29881
1431,6,"Beef",58609
1073,28,"Sheepmeat",90480
1804,8,"Sheepmeat",325575
2761,1,"Dairy",6318043
1932,2,"Beef",16380
1258,25,"Veges",159978
1586,13,"Forestry",248343
1910,26,"Veges",11444
926,9,"Sheepmeat",302792
1297,16,"Forestry",205985
2602,26,"Veges",21237845
2146,3,"Beef",2605
2799,13,"Forestry",133864
2953,28,"Sheepmeat",953018
2570,28,"Sheepmeat",269239
2798,2,"Beef",3961908
1036,27,"Sheepmeat",1110953
1429,19,"Fruit",1452473
3026,2,"Beef",12703940
2495,24,"Veges",8417635
1875,24,"Veges",1139741
2935,27,"Sheepmeat",211668
2245,13,"Forestry",200315
1138,10,"Sheepmeat",3217271
1079,15,"Forestry",286170
2046,4,"Beef",4847250
1299,4,"Beef",561592
1302,8,"Sheepmeat",20856
1874,12,"Forestry",12101
953,24,"Veges",483528
2380,14,"Forestry",21859
1916,2,"Beef",2172
2938,15,"Forestry",560533
2794,10,"Sheepmeat",5432265
1939,24,"Veges",376257
2805,5,"Beef",8405
1871,24,"Veges",1751349
2358,10,"Sheepmeat",1041
532,21,"Fruit",26724
2909,3,"Beef",5929514
557,15,"Forestry",1583
1998,11,"Forestry",73536
20,8,"Sheepmeat",3774
1173,3,"Beef",455512
1382,29,"Sheepmeat",378490
1841,3,"Beef",314089
3083,9,"Sheepmeat",24596384
2933,15,"Forestry",3936664
1340,16,"Forestry",1405945
1177,29,"Sheepmeat",1230912
3025,13,"Forestry",242970
1829,13,"Forestry",32506
1866,4,"Beef",476069
2881,8,"Sheepmeat",22667239
2829,12,"Forestry",3098577
2318,18,"Fruit",14260205
295,8,"Sheepmeat",20316
1450,15,"Forestry",165441
922,18,"Fruit",9406983
2278,29,"Sheepmeat",175250
2971,4,"Beef",6785565
1317,13,"Forestry",37603
1556,20,"Fruit",10269
3094,4,"Beef",131204334
1247,8,"Sheepmeat",65833
3122,18,"Fruit",5987234
2139,2,"Beef",188066
2386,23,"Veges",151173
2380,4,"Beef",190181
2426,2,"Beef",167729
2046,2,"Beef",1591566
1247,3,"Beef",6907
1430,23,"Veges",1295220
1893,16,"Forestry",3724975
2077,2,"Beef",3490285
3028,10,"Sheepmeat",24784517
2119,15,"Forestry",6409
1130,9,"Sheepmeat",501188
3069,1,"Dairy",6318043
301,18,"Fruit",17270271
2932,10,"Sheepmeat",113768
1130,8,"Sheepmeat",539340
2312,4,"Beef",45818
2271,11,"Forestry",678368
1877,25,"Veges",1139741
1744,15,"Forestry",2640
1280,2,"Beef",7641
3025,4,"Beef",39270225
2725,28,"Sheepmeat",19606503
980,28,"Sheepmeat",20651932
863,20,"Fruit",676430
1841,11,"Forestry",23941
919,20,"Fruit",144621
1946,4,"Beef",181403
3123,3,"Beef",11386642
237,26,"Veges",13579597
2734,17,"Fruit",2337682
1327,4,"Beef",290487
2941,20,"Fruit",2162
1177,10,"Sheepmeat",295215
1586,10,"Sheepmeat",25589329
3112,9,"Sheepmeat",14032866
1994,29,"Sheepmeat",7781473
1774,9,"Sheepmeat",2287051
1103,3,"Beef",92039
2805,8,"Sheepmeat",13062111
1840,16,"Forestry",12777
2819,24,"Veges",23460409
2827,5,"Beef",8405
1307,3,"Beef",5275
2770,15,"Forestry",4134762
3075,1,"Dairy",6318043
2357,10,"Sheepmeat",3187
2107,28,"Sheepmeat",3269788
1503,26,"Veges",43759
1939,28,"Sheepmeat",7524
1343,17,"Fruit",14260205
3072,27,"Sheepmeat",1715850
1235,10,"Sheepmeat",31002
3133,10,"Sheepmeat",24624886
134,20,"Fruit",13618
10,27,"Sheepmeat",68397
3167,8,"Sheepmeat",27400517
319,19,"Fruit",1775911
2436,29,"Sheepmeat",48503366
2961,28,"Sheepmeat",7291566
1653,25,"Veges",692749
1879,12,"Forestry",420348
831,17,"Fruit",1789268
1545,25,"Veges",468370
2766,5,"Beef",178929
2053,4,"Beef",180136
2943,11,"Forestry",1629364
991,10,"Sheepmeat",1505290
2792,3,"Beef",2878917
1120,28,"Sheepmeat",4617
2084,2,"Beef",53677
1009,9,"Sheepmeat",377195
3088,15,"Forestry",642231
2866,22,"Fruit",650800
1972,27,"Sheepmeat",616712
2782,29,"Sheepmeat",10163739
760,4,"Beef",21203
2405,14,"Forestry",26612
1032,23,"Veges",1945844
3117,15,"Forestry",193266
1996,8,"Sheepmeat",910996
1442,15,"Forestry",655930
497,8,"Sheepmeat",89644
2236,23,"Veges",36898
2895,18,"Fruit",242387
2300,16,"Forestry",60302033
800,4,"Beef",1601
2797,8,"Sheepmeat",9685142
3154,15,"Forestry",5262193
898,16,"Forestry",66001
995,28,"Sheepmeat",1416615
2873,29,"Sheepmeat",362733941
2084,10,"Sheepmeat",80227
606,16,"Forestry",3159
2653,2,"Beef",6376
855,27,"Sheepmeat",438967
2350,9,"Sheepmeat",83302
1110,2,"Beef",271043
2549,22,"Fruit",29257
2218,29,"Sheepmeat",88197
2972,15,"Forestry",1001961
2992,11,"Forestry",3285119
3111,24,"Veges",11695
2488,27,"Sheepmeat",1193
2008,16,"Forestry",2211567
840,20,"Fruit",3110
905,29,"Sheepmeat",1548521
2851,24,"Veges",31465611
2961,2,"Beef",2972331
1344,9,"Sheepmeat",626059
2882,21,"Fruit",139364
1239,15,"Forestry",101757
1577,29,"Sheepmeat",105532790
2564,19,"Fruit",4249
1501,4,"Beef",221825
1280,3,"Beef",7641
1089,14,"Forestry",1862
1938,15,"Forestry",59647
1627,10,"Sheepmeat",123944
1436,10,"Sheepmeat",24457381
301,19,"Fruit",38023047
1388,29,"Sheepmeat",57765
2997,20,"Fruit",8887
1996,25,"Veges",1882430
3116,14,"Forestry",2004
473,27,"Sheepmeat",7599
939,22,"Fruit",18017
2815,3,"Beef",6436153
1185,10,"Sheepmeat",4816721
3027,4,"Beef",39270225
1912,29,"Sheepmeat",27852
1101,9,"Sheepmeat",2215
1961,4,"Beef",896226
1615,27,"Sheepmeat",1748
1310,10,"Sheepmeat",5978
2556,29,"Sheepmeat",3411549
1865,4,"Beef",1508005
3047,26,"Veges",958552
2397,27,"Sheepmeat",69768
1441,14,"Forestry",36304
1374,11,"Forestry",30563
2965,12,"Forestry",879090
3150,13,"Forestry",242970
2761,3,"Beef",6902982
1953,12,"Forestry",1753169
1272,28,"Sheepmeat",123592
926,24,"Veges",893503
2834,20,"Fruit",88012
1890,12,"Forestry",177598
1951,3,"Beef",16207
2269,4,"Beef",2740
1796,8,"Sheepmeat",58078
1120,2,"Beef",2440
2647,4,"Beef",268823
2955,27,"Sheepmeat",688352
3100,6,"Beef",135931
2195,9,"Sheepmeat",4630
1012,20,"Fruit",119782
1453,26,"Veges",16294
1426,17,"Fruit",436136
2049,25,"Veges",1416689
3113,22,"Fruit",1080
1213,2,"Beef",2384006
2105,8,"Sheepmeat",2538107
951,9,"Sheepmeat",58457
979,3,"Beef",4433
3157,24,"Veges",3441003
993,23,"Veges",4007060
1126,6,"Beef",135931
1566,3,"Beef",1228
3130,15,"Forestry",6580738
2900,10,"Sheepmeat",5109
690,19,"Fruit",231939
1123,27,"Sheepmeat",425690
3002,24,"Veges",52143277
2878,11,"Forestry",3177321
1908,9,"Sheepmeat",231481
3010,10,"Sheepmeat",6710
2552,28,"Sheepmeat",466858
571,8,"Sheepmeat",4550
2441,3,"Beef",2878
2954,27,"Sheepmeat",953018
1835,28,"Sheepmeat",288819
1768,2,"Beef",22417
1058,15,"Forestry",1382139
2305,21,"Fruit",53450
1943,2,"Beef",2176
2792,26,"Veges",938745
3124,5,"Beef",178929
1923,8,"Sheepmeat",25024
2217,16,"Forestry",3920
2504,12,"Forestry",7096
2667,2,"Beef",13044366
930,9,"Sheepmeat",220041
2393,13,"Forestry",12759
1987,9,"Sheepmeat",89913
1623,3,"Beef",273764
1585,10,"Sheepmeat",25589329
2549,21,"Fruit",131745
2215,28,"Sheepmeat",810906
2866,8,"Sheepmeat",6164685
559,2,"Beef",340426
1362,10,"Sheepmeat",6903
1443,27,"Sheepmeat",6033351
2950,29,"Sheepmeat",7470
980,26,"Veges",1570118
2419,2,"Beef",4762
1263,9,"Sheepmeat",22023
2910,8,"Sheepmeat",13336248
1943,8,"Sheepmeat",1683
1339,12,"Forestry",36240
2865,26,"Veges",11461927
2864,29,"Sheepmeat",358098580
878,2,"Beef",14268
841,22,"Fruit",29818
2578,4,"Beef",658303
434,21,"Fruit",9078
3102,2,"Beef",42363637
1784,25,"Veges",162984
1958,29,"Sheepmeat",78102
2144,14,"Forestry",6893
2874,19,"Fruit",27318254
1162,8,"Sheepmeat",3680
1580,29,"Sheepmeat",105532790
1997,2,"Beef",200506
1804,13,"Forestry",17236
3169,6,"Beef",178929
969,21,"Fruit",42481
2210,3,"Beef",133397
1282,27,"Sheepmeat",15556
2793,8,"Sheepmeat",5821786
2887,27,"Sheepmeat",430612
3057,9,"Sheepmeat",60944
3022,8,"Sheepmeat",26849218
3159,9,"Sheepmeat",2359230
1989,3,"Beef",19442
1254,9,"Sheepmeat",172355
2019,11,"Forestry",196638
940,4,"Beef",6679
1035,16,"Forestry",1267674
2900,27,"Sheepmeat",8218
151,28,"Sheepmeat",154973
2419,29,"Sheepmeat",644957
1040,13,"Forestry",2377
3065,23,"Veges",26202404
763,9,"Sheepmeat",4228
2513,10,"Sheepmeat",1257
906,22,"Fruit",1123
1583,10,"Sheepmeat",25589329
1205,19,"Fruit",143781
1267,27,"Sheepmeat",340491
2943,8,"Sheepmeat",9891574
306,18,"Fruit",28038116
1014,11,"Forestry",11033
2073,19,"Fruit",6348850
2771,9,"Sheepmeat",86459372
1014,27,"Sheepmeat",2479716
878,21,"Fruit",1474133
1046,8,"Sheepmeat",47841
1958,8,"Sheepmeat",20157
2305,3,"Beef",10740
3018,16,"Forestry",3159
2232,8,"Sheepmeat",11533
1018,19,"Fruit",1382536
1898,3,"Beef",11717
707,16,"Forestry",3596
1814,13,"Forestry",2773
2274,9,"Sheepmeat",514129
2521,1,"Dairy",762789
1248,28,"Sheepmeat",803102
1029,20,"Fruit",89246
3065,7,"Beef",25193
1588,27,"Sheepmeat",35854901
2311,4,"Beef",919758
859,9,"Sheepmeat",3324
2316,11,"Forestry",155297
1312,4,"Beef",4836
3041,11,"Forestry",2425355
2905,25,"Veges",6083886
1623,8,"Sheepmeat",455414
1785,29,"Sheepmeat",760499
1664,28,"Sheepmeat",466858
2559,9,"Sheepmeat",1974438
1589,13,"Forestry",248343
558,10,"Sheepmeat",97077
2932,15,"Forestry",114537
523,1,"Dairy",6462576
2024,2,"Beef",72948
1066,19,"Fruit",885523
3059,9,"Sheepmeat",1314264
3109,12,"Forestry",519071
1836,27,"Sheepmeat",39133
1172,9,"Sheepmeat",397537
1132,15,"Forestry",7080
1206,19,"Fruit",143781
472,4,"Beef",28303
1318,9,"Sheepmeat",152551
66,22,"Fruit",21666
1245,12,"Forestry",3370883
1045,28,"Sheepmeat",88288
838,4,"Beef",35224706
65,15,"Forestry",528837
2436,24,"Veges",6083886
1141,2,"Beef",64253
3133,6,"Beef",8405
2872,24,"Veges",3732613
998,19,"Fruit",10210322
1236,18,"Fruit",48528
1125,4,"Beef",8361759
1478,29,"Sheepmeat",382093
1819,2,"Beef",182494
1172,28,"Sheepmeat",556796
1777,20,"Fruit",39079
3140,14,"Forestry",242970
3137,17,"Fruit",701154
2923,13,"Forestry",168950
3065,15,"Forestry",6580738
2555,25,"Veges",1751349
1213,14,"Forestry",133096
2817,10,"Sheepmeat",14366328
2198,8,"Sheepmeat",166525
853,4,"Beef",87242
1770,9,"Sheepmeat",334037
2217,27,"Sheepmeat",661697
1290,20,"Fruit",12962
2957,27,"Sheepmeat",8083834
1327,16,"Forestry",31453
2650,23,"Veges",26257752
2919,11,"Forestry",2165883
2419,15,"Forestry",246844
1862,28,"Sheepmeat",1720671
1301,10,"Sheepmeat",111234
2554,26,"Veges",67445
1033,28,"Sheepmeat",397593
861,18,"Fruit",15888
2888,10,"Sheepmeat",17537955
3120,5,"Beef",178929
2895,17,"Fruit",242387
759,4,"Beef",27300
2025,29,"Sheepmeat",1994449
2826,20,"Fruit",69702
2963,28,"Sheepmeat",7158528
1444,29,"Sheepmeat",8368207
2247,8,"Sheepmeat",26594
1490,28,"Sheepmeat",45478
3105,2,"Beef",605303
560,1,"Dairy",3086512
2966,11,"Forestry",13322
3067,19,"Fruit",1543973
2995,10,"Sheepmeat",40204
2211,27,"Sheepmeat",92806
1320,28,"Sheepmeat",1192200
1488,13,"Forestry",1196
104,28,"Sheepmeat",36868
1398,2,"Beef",133858
2317,10,"Sheepmeat",543582
2010,8,"Sheepmeat",139497
3102,5,"Beef",275924
1525,4,"Beef",8407
3060,8,"Sheepmeat",2125134
3108,15,"Forestry",2994776
2531,29,"Sheepmeat",3434548
2441,10,"Sheepmeat",1445
1444,8,"Sheepmeat",2138939
899,24,"Veges",709778
1033,25,"Veges",915098
2083,27,"Sheepmeat",84686
725,10,"Sheepmeat",4228
3004,23,"Veges",12135068
2237,3,"Beef",1108229
2008,9,"Sheepmeat",3681445
1646,4,"Beef",6406
2437,22,"Fruit",1080
3154,12,"Forestry",2578862
1259,25,"Veges",159978
1167,3,"Beef",52180
1066,27,"Sheepmeat",12741
673,9,"Sheepmeat",4594
1131,2,"Beef",308144
2818,25,"Veges",23460409
2749,4,"Beef",6206506
600,9,"Sheepmeat",83302
1120,4,"Beef",7315
1467,23,"Veges",1219343
1050,3,"Beef",61500
2920,14,"Forestry",168950
1714,24,"Veges",2854301
1288,2,"Beef",55105
2723,23,"Veges",282825
2771,5,"Beef",275924
2035,12,"Forestry",84616
3060,3,"Beef",41665281
1489,28,"Sheepmeat",97355
934,7,"Beef",10846
2092,26,"Veges",136826
1332,9,"Sheepmeat",14511
3012,18,"Fruit",7960810
2556,9,"Sheepmeat",800585
2766,25,"Veges",25244887
2864,22,"Fruit",768681
1166,28,"Sheepmeat",430612
1481,9,"Sheepmeat",3187
2750,28,"Sheepmeat",6278112
1804,27,"Sheepmeat",421873
1590,7,"Beef",25193
2191,10,"Sheepmeat",49268
3122,15,"Forestry",5231451
2157,29,"Sheepmeat",975420
3048,27,"Sheepmeat",11450306
3150,17,"Fruit",701154
1176,8,"Sheepmeat",5185479
2898,18,"Fruit",242387
1825,2,"Beef",47125
384,6,"Beef",8405
1086,21,"Fruit",3267
2168,25,"Veges",144745
2910,29,"Sheepmeat",52301361
1996,24,"Veges",1882430
2982,16,"Forestry",6928710
1087,11,"Forestry",192629
2035,10,"Sheepmeat",10349673
2606,16,"Forestry",60303605
530,29,"Sheepmeat",3411549
289,27,"Sheepmeat",6441
980,8,"Sheepmeat",15953104
3131,10,"Sheepmeat",24484883
2508,10,"Sheepmeat",106798
1576,2,"Beef",12703940
305,19,"Fruit",5144405
2940,1,"Dairy",294373
1241,24,"Veges",2460
2912,14,"Forestry",171536
3164,15,"Forestry",677765
1378,24,"Veges",1751349
1543,4,"Beef",884900
3057,23,"Veges",65880
2818,11,"Forestry",2578862
1859,12,"Forestry",2448
3105,16,"Forestry",522012
1774,29,"Sheepmeat",9577670
1003,20,"Fruit",45782
2922,22,"Fruit",1080
2821,23,"Veges",25508352
3047,28,"Sheepmeat",19711919
2908,27,"Sheepmeat",17377005
757,9,"Sheepmeat",4543
2940,18,"Fruit",16757
1678,12,"Forestry",173015
1099,10,"Sheepmeat",110968
1280,10,"Sheepmeat",87494
2350,29,"Sheepmeat",379456
2440,2,"Beef",6035423
1032,22,"Fruit",73176
1563,4,"Beef",75110
2285,9,"Sheepmeat",181391
1770,15,"Forestry",10379
2226,4,"Beef",22572
3095,6,"Beef",178929
1210,28,"Sheepmeat",227195
980,13,"Forestry",19825
2352,8,"Sheepmeat",922336
1165,8,"Sheepmeat",123900
3083,13,"Forestry",202136
648,15,"Forestry",218605
2017,4,"Beef",1288354
3028,28,"Sheepmeat",34730575
1934,8,"Sheepmeat",23505
931,19,"Fruit",2216931
1058,11,"Forestry",678368
1163,4,"Beef",512589
2613,2,"Beef",340426
271,4,"Beef",22452
1054,4,"Beef",1292300
3000,17,"Fruit",31653897
1977,8,"Sheepmeat",951655
910,28,"Sheepmeat",9209
1316,29,"Sheepmeat",117307
1186,4,"Beef",1284285
574,20,"Fruit",874155
2926,17,"Fruit",16757
1430,3,"Beef",1938
1067,24,"Veges",493197
1232,27,"Sheepmeat",540651
1891,10,"Sheepmeat",7332526
823,8,"Sheepmeat",888385
763,4,"Beef",6922
3104,11,"Forestry",3097
3089,14,"Forestry",14053
1208,14,"Forestry",54084
434,5,"Beef",21666
1114,29,"Sheepmeat",10362390
1111,2,"Beef",120392
1508,19,"Fruit",2003556
1141,27,"Sheepmeat",277167
1889,10,"Sheepmeat",1465737
1651,16,"Forestry",5002730
2980,28,"Sheepmeat",4239893
2881,9,"Sheepmeat",20903122
1806,4,"Beef",189645
2791,3,"Beef",2441340
1272,29,"Sheepmeat",378554
2344,4,"Beef",154146
2869,3,"Beef",41972114
1343,19,"Fruit",31406578
472,12,"Forestry",4683
2276,23,"Veges",94450
885,7,"Beef",8850
2807,26,"Veges",2512069
2143,4,"Beef",89569
1116,28,"Sheepmeat",17854
2993,25,"Veges",31465611
1458,2,"Beef",1903
599,16,"Forestry",188650
1237,2,"Beef",29581
2312,21,"Fruit",39921
1844,3,"Beef",327000
1178,27,"Sheepmeat",62594
1515,8,"Sheepmeat",423717
2825,20,"Fruit",69702
2767,17,"Fruit",37233303
1367,4,"Beef",1383
2921,28,"Sheepmeat",16001133
1580,6,"Beef",8405
987,9,"Sheepmeat",1533796
1301,8,"Sheepmeat",119702
2237,10,"Sheepmeat",3262587
2571,3,"Beef",132594
3122,27,"Sheepmeat",33785948
2399,2,"Beef",248533
2989,18,"Fruit",103601
2762,15,"Forestry",4967306
1502,2,"Beef",641009
1003,24,"Veges",60528
2862,20,"Fruit",88012
2199,8,"Sheepmeat",40179
1682,2,"Beef",8300
2794,7,"Beef",25193
766,28,"Sheepmeat",8043
1221,16,"Forestry",62022
2922,2,"Beef",5843952
1850,3,"Beef",408510
1479,16,"Forestry",1571
993,16,"Forestry",111323
2973,15,"Forestry",1001961
1977,15,"Forestry",85879
595,8,"Sheepmeat",89644
1364,27,"Sheepmeat",702886
2816,6,"Beef",8405
63,14,"Forestry",12759
1448,3,"Beef",36065
1374,13,"Forestry",2139
1976,28,"Sheepmeat",1238356
1178,3,"Beef",10004
1820,4,"Beef",536164
3141,15,"Forestry",6043
1430,2,"Beef",1938
2763,26,"Veges",4644316
1029,19,"Fruit",1527388
1436,13,"Forestry",60503
64,1,"Dairy",845322
2667,28,"Sheepmeat",35854901
1206,8,"Sheepmeat",5614299
1916,28,"Sheepmeat",30916
2314,11,"Forestry",1325
2820,29,"Sheepmeat",73395441
2823,27,"Sheepmeat",25776926
2938,3,"Beef",428198
3135,25,"Veges",31465611
2189,3,"Beef",1557
1851,11,"Forestry",13322
2054,3,"Beef",123435
1890,10,"Sheepmeat",2047306
2957,14,"Forestry",94338
1211,2,"Beef",6614
2817,14,"Forestry",197471
3122,1,"Dairy",6318043
1693,3,"Beef",1073631
2653,24,"Veges",8417635
2502,9,"Sheepmeat",25589329
2826,22,"Fruit",35012
524,16,"Forestry",171617911
2776,6,"Beef",275924
768,4,"Beef",38370
918,29,"Sheepmeat",32419048
924,25,"Veges",364374
1963,21,"Fruit",93373
2009,9,"Sheepmeat",322788
1030,3,"Beef",1125104
2752,11,"Forestry",30430
2296,16,"Forestry",60302033
1083,29,"Sheepmeat",195142
1978,2,"Beef",45290
868,26,"Veges",12220
1706,15,"Forestry",39862
1522,12,"Forestry",2584
2810,26,"Veges",2512069
3104,5,"Beef",135931
1964,3,"Beef",97586
3052,28,"Sheepmeat",19202105
3097,5,"Beef",178929
1963,18,"Fruit",361972
2796,6,"Beef",8405
1422,10,"Sheepmeat",167877
1693,15,"Forestry",267672
1320,14,"Forestry",16754
2764,22,"Fruit",111710
670,8,"Sheepmeat",1471
3025,10,"Sheepmeat",24784517
1807,25,"Veges",11695
792,17,"Fruit",17270271
2032,8,"Sheepmeat",5020606
1081,8,"Sheepmeat",1899
1462,19,"Fruit",361874
534,2,"Beef",340426
611,27,"Sheepmeat",21983
2371,9,"Sheepmeat",1669638
2107,8,"Sheepmeat",2525978
1448,28,"Sheepmeat",47921
3070,13,"Forestry",5317
3123,29,"Sheepmeat",101860391
2925,28,"Sheepmeat",15925845
2837,3,"Beef",12448770
2500,3,"Beef",12703940
2765,13,"Forestry",192497
1714,25,"Veges",2854301
1701,4,"Beef",2039728
1809,26,"Veges",1328296
3134,27,"Sheepmeat",34503550
2329,28,"Sheepmeat",35559
3023,24,"Veges",31465611
950,28,"Sheepmeat",351013
2221,10,"Sheepmeat",113831
3145,20,"Fruit",101630
3062,20,"Fruit",1558836
3057,12,"Forestry",71683
2441,8,"Sheepmeat",1555
2268,27,"Sheepmeat",36647
9,26,"Veges",13005315
2765,20,"Fruit",299591
1463,29,"Sheepmeat",195699
2520,9,"Sheepmeat",1037994
1975,8,"Sheepmeat",153170
1871,9,"Sheepmeat",582678
1474,21,"Fruit",61419
3150,14,"Forestry",242970
2997,9,"Sheepmeat",76691
3126,13,"Forestry",242970
1012,1,"Dairy",1254
1631,4,"Beef",195128
2746,9,"Sheepmeat",1278606
609,10,"Sheepmeat",7823
2915,10,"Sheepmeat",12217101
1589,23,"Veges",26257752
1038,14,"Forestry",1807
2868,11,"Forestry",702872
3141,18,"Fruit",105555
3128,14,"Forestry",242970
2168,21,"Fruit",5013
2857,27,"Sheepmeat",90575
2946,3,"Beef",832335
2470,29,"Sheepmeat",3802
1030,15,"Forestry",159195
1316,27,"Sheepmeat",38629
2403,2,"Beef",53196
1900,12,"Forestry",179907
2867,5,"Beef",275924
1380,2,"Beef",506606
2934,9,"Sheepmeat",147946
3139,1,"Dairy",294373
1455,27,"Sheepmeat",3016118
1638,29,"Sheepmeat",8526
2437,25,"Veges",6083886
2938,12,"Forestry",277466
1217,11,"Forestry",678368
1554,29,"Sheepmeat",109589933
2804,13,"Forestry",168950
2104,11,"Forestry",60018
2758,8,"Sheepmeat",14557760
2619,3,"Beef",54332
1810,27,"Sheepmeat",179381
2630,29,"Sheepmeat",51329
1096,4,"Beef",157796
1262,2,"Beef",286118
2399,9,"Sheepmeat",516331
2998,4,"Beef",366507
884,21,"Fruit",8687
1803,4,"Beef",523879
2060,3,"Beef",1748
2306,4,"Beef",1319
2554,25,"Veges",162984
3080,16,"Forestry",513481
1023,16,"Forestry",590315
1206,13,"Forestry",131588
903,10,"Sheepmeat",41696
2870,14,"Forestry",60195
801,14,"Forestry",248343
2398,9,"Sheepmeat",287485
2222,21,"Fruit",4323
3087,4,"Beef",127263
1307,8,"Sheepmeat",39569
2106,9,"Sheepmeat",2358562
1474,27,"Sheepmeat",420160
2787,9,"Sheepmeat",2902954
2926,10,"Sheepmeat",11335191
3039,8,"Sheepmeat",27337785
2402,11,"Forestry",434076
2967,24,"Veges",766245
580,19,"Fruit",227645
59,8,"Sheepmeat",2659
1806,15,"Forestry",384779
3132,2,"Beef",12381797
1898,9,"Sheepmeat",32046
1124,29,"Sheepmeat",124010
1676,8,"Sheepmeat",133245
2939,15,"Forestry",3327733
3145,11,"Forestry",3177321
443,9,"Sheepmeat",1689
2030,8,"Sheepmeat",49515
2583,3,"Beef",1156
915,26,"Veges",528979
670,3,"Beef",2291
1633,6,"Beef",5014
2901,24,"Veges",318661
1825,9,"Sheepmeat",750965
1429,25,"Veges",1099595
2778,11,"Forestry",324349
896,23,"Veges",2052305
1503,2,"Beef",123517
1097,12,"Forestry",186197
841,29,"Sheepmeat",998985
2799,27,"Sheepmeat",13188484
2126,29,"Sheepmeat",4204872
1224,25,"Veges",565834
1876,26,"Veges",470363
1581,13,"Forestry",242970
1678,9,"Sheepmeat",12244
2988,16,"Forestry",6676
1630,13,"Forestry",3942
1074,12,"Forestry",38004
1379,12,"Forestry",12101
1000,27,"Sheepmeat",2114875
1391,10,"Sheepmeat",294297
2831,22,"Fruit",43319
1217,24,"Veges",267408
3134,13,"Forestry",242970
1624,4,"Beef",113606
519,8,"Sheepmeat",89644
1863,14,"Forestry",2139
1056,13,"Forestry",54084
531,2,"Beef",340426
2496,26,"Veges",4987858
2724,16,"Forestry",6977617
866,20,"Fruit",23383
1030,28,"Sheepmeat",5440347
2415,16,"Forestry",1952
531,9,"Sheepmeat",804813
1585,29,"Sheepmeat",108967338
3007,26,"Veges",13034
691,12,"Forestry",2199
1023,15,"Forestry",41736
1059,10,"Sheepmeat",31002
1069,20,"Fruit",3334
916,2,"Beef",9456
1748,9,"Sheepmeat",160445
2339,4,"Beef",2473476
3043,22,"Fruit",143139
1369,3,"Beef",1711
962,10,"Sheepmeat",108162
1144,4,"Beef",30054
2233,10,"Sheepmeat",559614
481,11,"Forestry",7096
928,22,"Fruit",5551
1876,2,"Beef",258294
922,1,"Dairy",6318043
2833,16,"Forestry",96828630
2403,27,"Sheepmeat",88937
2150,8,"Sheepmeat",1261353
1439,10,"Sheepmeat",4292
2513,9,"Sheepmeat",1257
2888,14,"Forestry",227601
2826,19,"Fruit",1230588
2780,5,"Beef",275924
1331,3,"Beef",2522
1552,17,"Fruit",47203758
3080,27,"Sheepmeat",552464
1494,16,"Forestry",38179738
3037,18,"Fruit",2096274
1553,9,"Sheepmeat",25710687
1249,2,"Beef",482230
2443,16,"Forestry",222643
3061,3,"Beef",41657974
2339,25,"Veges",1637936
2826,17,"Fruit",559234
3079,2,"Beef",627564
1927,28,"Sheepmeat",41394
3056,15,"Forestry",3165324
2968,4,"Beef",366108
1859,8,"Sheepmeat",365178
728,27,"Sheepmeat",5881
1897,14,"Forestry",277472
3099,28,"Sheepmeat",32163572
2245,9,"Sheepmeat",6647723
2212,15,"Forestry",111393
2272,27,"Sheepmeat",1533785
132,11,"Forestry",2199
2949,17,"Fruit",16757
1819,10,"Sheepmeat",214895
892,24,"Veges",893503
837,27,"Sheepmeat",157833
901,24,"Veges",17836
1850,2,"Beef",408510
1567,29,"Sheepmeat",28654
761,16,"Forestry",17987
2401,13,"Forestry",10033
1897,21,"Fruit",4323
2939,23,"Veges",6127042
2788,4,"Beef",4969260
123,9,"Sheepmeat",23253
2809,6,"Beef",8405
1075,20,"Fruit",35985
2586,4,"Beef",40355453
87,21,"Fruit",27229
2551,22,"Fruit",2660
3039,21,"Fruit",2138722
1660,2,"Beef",25048
3166,29,"Sheepmeat",359193358
3121,5,"Beef",178929
924,27,"Sheepmeat",1185
757,4,"Beef",28303
2009,10,"Sheepmeat",322788
1483,8,"Sheepmeat",1359
3085,16,"Forestry",916568
1813,13,"Forestry",3815
2493,15,"Forestry",218605
2807,7,"Beef",25193
934,5,"Beef",2952
755,2,"Beef",3412
2109,27,"Sheepmeat",3261391
2034,8,"Sheepmeat",13088135
2314,10,"Sheepmeat",89665
1832,14,"Forestry",12759
2931,24,"Veges",6083886
903,9,"Sheepmeat",41696
2887,9,"Sheepmeat",307930
1980,28,"Sheepmeat",859922
2997,28,"Sheepmeat",109282
2837,22,"Fruit",43319
2000,4,"Beef",1080922
2829,19,"Fruit",1232128
1691,15,"Forestry",270335
303,15,"Forestry",17286
66,24,"Veges",1896622
3043,9,"Sheepmeat",23214236
2348,9,"Sheepmeat",83302
2990,11,"Forestry",3285119
1666,3,"Beef",9355
2958,29,"Sheepmeat",23333202
1896,10,"Sheepmeat",138771
1846,8,"Sheepmeat",38890
1235,28,"Sheepmeat",44234
1578,6,"Beef",8405
2329,9,"Sheepmeat",25563
2654,9,"Sheepmeat",25589329
1829,10,"Sheepmeat",2532917
870,17,"Fruit",836541
52,4,"Beef",13238692
1005,2,"Beef",1448
2412,14,"Forestry",50533
1280,16,"Forestry",88853
2504,13,"Forestry",248343
2821,8,"Sheepmeat",19137102
989,22,"Fruit",41300
1499,10,"Sheepmeat",1908806
2593,21,"Fruit",229926
3166,16,"Forestry",34093733
958,4,"Beef",100087
2347,8,"Sheepmeat",363334
2117,4,"Beef",141073
1798,27,"Sheepmeat",944293
914,8,"Sheepmeat",7221
3157,29,"Sheepmeat",32413405
2922,7,"Beef",25193
419,29,"Sheepmeat",1052
530,19,"Fruit",210068
10,4,"Beef",128741
2429,24,"Veges",357254
2072,3,"Beef",30391
2930,12,"Forestry",2064659
1179,14,"Forestry",1129
1205,9,"Sheepmeat",5236510
3066,7,"Beef",25193
2240,28,"Sheepmeat",1630975
1585,13,"Forestry",248343
3154,4,"Beef",19828804
3027,21,"Fruit",203202
2305,10,"Sheepmeat",7721
2359,28,"Sheepmeat",1242306
1445,2,"Beef",38369
1768,29,"Sheepmeat",1141434
2963,11,"Forestry",879090
3140,1,"Dairy",294373
571,10,"Sheepmeat",4228
2822,11,"Forestry",2957793
1186,27,"Sheepmeat",1612321
1674,27,"Sheepmeat",34041
648,11,"Forestry",107798
938,23,"Veges",6387933
1088,25,"Veges",649537
2965,2,"Beef",2860819
1556,15,"Forestry",3157342
2884,6,"Beef",8405
1637,10,"Sheepmeat",191829
1493,16,"Forestry",54880
71,16,"Forestry",8878019
1946,3,"Beef",58696
1378,9,"Sheepmeat",1214212
2890,11,"Forestry",2943512
2339,24,"Veges",1637936
2783,15,"Forestry",481027
2050,11,"Forestry",65711
2539,28,"Sheepmeat",3369999
2016,8,"Sheepmeat",1916680
2425,12,"Forestry",5951260
2502,21,"Fruit",229926
2812,4,"Beef",19152370
2752,2,"Beef",3136260
2119,8,"Sheepmeat",5217520
2722,12,"Forestry",3361866
838,28,"Sheepmeat",34334528
918,16,"Forestry",171125319
2753,11,"Forestry",33151
1080,10,"Sheepmeat",3708146
970,4,"Beef",2667
1422,3,"Beef",21441
983,3,"Beef",2960
2402,8,"Sheepmeat",3447012
1518,12,"Forestry",4683
2323,10,"Sheepmeat",24596384
2510,18,"Fruit",17270271
2803,16,"Forestry",60380762
3054,27,"Sheepmeat",19039514
2755,4,"Beef",13414120
5,7,"Beef",15770
3018,26,"Veges",2670390
1165,10,"Sheepmeat",115135
303,17,"Fruit",17270271
2270,2,"Beef",135030
1842,14,"Forestry",1578
863,17,"Fruit",3243737
1497,13,"Forestry",2540
2654,4,"Beef",40355453
3133,28,"Sheepmeat",34496456
1185,3,"Beef",1693582
1897,20,"Fruit",2162
1459,26,"Veges",95229
1075,22,"Fruit",17982
2817,7,"Beef",25193
2095,10,"Sheepmeat",285469
2728,9,"Sheepmeat",503776
3128,3,"Beef",12438195
1674,11,"Forestry",258787
2950,27,"Sheepmeat",2492
3168,17,"Fruit",2579382
2648,11,"Forestry",7096
1235,4,"Beef",113606
3106,16,"Forestry",881532
235,28,"Sheepmeat",14741
2032,15,"Forestry",145946
333,24,"Veges",17936
1416,9,"Sheepmeat",2302
1063,4,"Beef",6082
1274,8,"Sheepmeat",27641
963,23,"Veges",3054796
917,25,"Veges",30740306
693,8,"Sheepmeat",1555
2019,9,"Sheepmeat",919896
926,8,"Sheepmeat",325842
936,23,"Veges",36898
1556,19,"Fruit",198985
1905,3,"Beef",5275
1851,7,"Beef",25193
2839,12,"Forestry",3175122
3006,12,"Forestry",7096
1869,9,"Sheepmeat",610993
3116,16,"Forestry",1935315
701,11,"Forestry",2199
2393,11,"Forestry",158920
2755,14,"Forestry",5317
2438,14,"Forestry",2333
1766,10,"Sheepmeat",143144
1056,8,"Sheepmeat",2671902
1424,2,"Beef",15745
2821,27,"Sheepmeat",24717795
2443,28,"Sheepmeat",7402381
2222,14,"Forestry",212214
1696,10,"Sheepmeat",1579736
2015,29,"Sheepmeat",6136951
2382,12,"Forestry",231626
1843,9,"Sheepmeat",579507
1972,11,"Forestry",31958
2338,8,"Sheepmeat",458525
2104,10,"Sheepmeat",2076716
2803,17,"Fruit",16757
3060,7,"Beef",836800
2909,29,"Sheepmeat",52713445
2925,19,"Fruit",38591
1141,16,"Forestry",61105
572,18,"Fruit",7999
1526,16,"Forestry",3260666
1116,9,"Sheepmeat",11289
2222,12,"Forestry",2477492
3135,23,"Veges",26257752
2141,29,"Sheepmeat",1331616
157,2,"Beef",25131
2264,19,"Fruit",3886981
2818,22,"Fruit",15484
2788,28,"Sheepmeat",4239893
859,20,"Fruit",509572
2020,8,"Sheepmeat",607469
1572,25,"Veges",12090250
2792,16,"Forestry",25578977
2930,1,"Dairy",294373
2133,2,"Beef",599856
3042,24,"Veges",22707978
2973,24,"Veges",366120
1687,10,"Sheepmeat",1847
1138,4,"Beef",3353239
305,8,"Sheepmeat",4113
3051,9,"Sheepmeat",13684005
2557,20,"Fruit",12334
3048,10,"Sheepmeat",8222591
2928,15,"Forestry",62681
1641,4,"Beef",64407
64,28,"Sheepmeat",20039640
3151,29,"Sheepmeat",99366009
1346,29,"Sheepmeat",12698
1844,27,"Sheepmeat",374646
1090,10,"Sheepmeat",65513
3061,15,"Forestry",1427254
2047,2,"Beef",1193
2690,23,"Veges",26257752
2498,13,"Forestry",5372
1500,29,"Sheepmeat",3535016
1208,13,"Forestry",54084
2442,11,"Forestry",152502
912,24,"Veges",17836
1685,28,"Sheepmeat",1220
2960,15,"Forestry",1786376
2762,4,"Beef",32441292
862,19,"Fruit",7685929
2211,2,"Beef",10101
1801,29,"Sheepmeat",163402
2504,7,"Beef",25193
1642,12,"Forestry",11963
1339,9,"Sheepmeat",106037
1907,3,"Beef",1345
918,13,"Forestry",279927
2338,15,"Forestry",7080
1269,3,"Beef",139623
1414,8,"Sheepmeat",3478
2979,24,"Veges",366120
1160,3,"Beef",25048
2128,3,"Beef",272571
2140,3,"Beef",188066
2859,8,"Sheepmeat",228333
1339,3,"Beef",27971
2503,27,"Sheepmeat",35854901
1965,15,"Forestry",35904
3102,8,"Sheepmeat",1494112
1551,4,"Beef",40650362
311,18,"Fruit",95602
2963,14,"Forestry",68513
187,27,"Sheepmeat",3923
1955,3,"Beef",688805
2935,12,"Forestry",14829
929,4,"Beef",1125217
2150,16,"Forestry",7955539
3113,14,"Forestry",192578
2119,10,"Sheepmeat",4847505
2429,28,"Sheepmeat",1626
2233,8,"Sheepmeat",603216
2966,6,"Beef",8405
2092,10,"Sheepmeat",673824
2335,9,"Sheepmeat",237425
2751,11,"Forestry",30430
506,2,"Beef",3501
2315,25,"Veges",286091
135,29,"Sheepmeat",495343
3083,28,"Sheepmeat",34332590
1380,4,"Beef",1559712
691,3,"Beef",113746
3153,13,"Forestry",202136
3166,25,"Veges",24294740
1163,16,"Forestry",342397
1301,28,"Sheepmeat",155778
1012,29,"Sheepmeat",274776
1488,9,"Sheepmeat",1420982
999,24,"Veges",6678793
2340,8,"Sheepmeat",47841
288,2,"Beef",54082
1591,7,"Beef",25193
2584,19,"Fruit",38023047
2858,9,"Sheepmeat",73593
2270,19,"Fruit",143781
2223,3,"Beef",3347545
2397,10,"Sheepmeat",48226
2314,4,"Beef",43420
2778,7,"Beef",836800
1698,8,"Sheepmeat",1465877
2247,16,"Forestry",15053
1439,9,"Sheepmeat",4292
2498,4,"Beef",1085228
1587,2,"Beef",13044366
1268,27,"Sheepmeat",43048
2932,4,"Beef",95825
2756,2,"Beef",4702707
2559,3,"Beef",560398
2521,6,"Beef",21666
2463,18,"Fruit",49780
2549,17,"Fruit",512911
855,4,"Beef",315682
2373,29,"Sheepmeat",6445799
917,24,"Veges",30740306
1416,2,"Beef",3202
3029,24,"Veges",31465611
1137,2,"Beef",282542
727,8,"Sheepmeat",4550
1945,24,"Veges",4184920
2137,9,"Sheepmeat",783128
2894,8,"Sheepmeat",45576
1251,27,"Sheepmeat",339423
434,9,"Sheepmeat",278560
1416,3,"Beef",3202
1861,2,"Beef",30704
1044,25,"Veges",27150
2896,29,"Sheepmeat",184427
2498,2,"Beef",340426
2865,28,"Sheepmeat",118420805
190,19,"Fruit",104122269
2520,25,"Veges",1879685
928,17,"Fruit",86108
3131,11,"Forestry",3175122
1034,17,"Fruit",276757
918,23,"Veges",1117692
1948,4,"Beef",52731
824,13,"Forestry",1675
2198,2,"Beef",18273
2828,9,"Sheepmeat",21433854
3023,21,"Fruit",203202
2164,15,"Forestry",1351
2765,4,"Beef",32635060
1041,12,"Forestry",438021
2774,6,"Beef",275924
3002,29,"Sheepmeat",248474468
1976,8,"Sheepmeat",958032
1816,29,"Sheepmeat",131100
1422,27,"Sheepmeat",233518
2958,14,"Forestry",69530
1989,12,"Forestry",74379
2403,3,"Beef",53196
1889,3,"Beef",247572
2314,29,"Sheepmeat",391425
77,1,"Dairy",9843461
997,25,"Veges",11354717
1941,4,"Beef",11096
2358,28,"Sheepmeat",1448
1757,13,"Forestry",1276
825,14,"Forestry",13860
2308,23,"Veges",129959
1905,27,"Sheepmeat",51147
2865,9,"Sheepmeat",84737483
2803,29,"Sheepmeat",47689796
2577,15,"Forestry",183887
2092,14,"Forestry",7986
2852,1,"Dairy",4810716
195,27,"Sheepmeat",1076
2649,23,"Veges",26257752
912,26,"Veges",7381
1120,8,"Sheepmeat",3572
2952,9,"Sheepmeat",686218
1581,7,"Beef",25193
1441,16,"Forestry",14916468
3060,5,"Beef",275924
2999,9,"Sheepmeat",194779
760,11,"Forestry",4683
2335,8,"Sheepmeat",256499
2647,14,"Forestry",5805
840,19,"Fruit",54969
1967,4,"Beef",1594373
1775,12,"Forestry",63231
1037,17,"Fruit",134678
980,1,"Dairy",845322
1010,29,"Sheepmeat",890081
1818,10,"Sheepmeat",157135
1544,29,"Sheepmeat",5743316
1118,11,"Forestry",65138
1933,8,"Sheepmeat",54847
2429,23,"Veges",369570
1208,19,"Fruit",694593
2412,27,"Sheepmeat",2750173
1205,28,"Sheepmeat",7297422
5,2,"Beef",5259654
1132,25,"Veges",1201
1578,5,"Beef",8405
1207,8,"Sheepmeat",5614299
1454,4,"Beef",12612
2904,29,"Sheepmeat",56917823
1438,8,"Sheepmeat",9638070
1880,28,"Sheepmeat",5149067
1093,29,"Sheepmeat",406809
484,29,"Sheepmeat",1168
1823,16,"Forestry",2020266
2106,28,"Sheepmeat",3285466
1969,28,"Sheepmeat",253320
2911,29,"Sheepmeat",1575
930,18,"Fruit",2120029
3164,5,"Beef",275924
839,29,"Sheepmeat",137833232
1346,8,"Sheepmeat",2361
1443,8,"Sheepmeat",4657859
2898,6,"Beef",8405
886,29,"Sheepmeat",6981
38,27,"Sheepmeat",16092
1324,23,"Veges",6295645
2775,14,"Forestry",46495
3164,2,"Beef",42747656
3124,2,"Beef",11462714
2801,4,"Beef",17832762
2316,8,"Sheepmeat",1258938
2723,2,"Beef",220749
1973,4,"Beef",572729
1589,5,"Beef",8405
1870,23,"Veges",1811724
1047,27,"Sheepmeat",63033
3009,19,"Fruit",18950680
2225,21,"Fruit",4323
2806,10,"Sheepmeat",12217101
612,14,"Forestry",248343
2311,15,"Forestry",6033
597,10,"Sheepmeat",7823
3083,27,"Sheepmeat",34332590
2914,22,"Fruit",1080
2394,16,"Forestry",1687351
1824,27,"Sheepmeat",9492
997,4,"Beef",34513344
2795,29,"Sheepmeat",25026352
2953,9,"Sheepmeat",679302
1060,19,"Fruit",295930
2034,3,"Beef",4944888
1817,29,"Sheepmeat",2116289
3000,10,"Sheepmeat",25909810
2060,14,"Forestry",248343
2160,16,"Forestry",1066227
1545,16,"Forestry",69346
2192,8,"Sheepmeat",7022231
2723,24,"Veges",273399
1048,15,"Forestry",1382139
3126,5,"Beef",8405
1246,12,"Forestry",1325
987,10,"Sheepmeat",1533796
2737,8,"Sheepmeat",868111
2945,18,"Fruit",16757
2130,2,"Beef",41957
1125,9,"Sheepmeat",6364125
2414,26,"Veges",24713
1275,16,"Forestry",5657
2727,10,"Sheepmeat",1229232
1996,23,"Veges",2470857
2995,19,"Fruit",5144405
1471,16,"Forestry",5733
2156,17,"Fruit",127646
2863,11,"Forestry",3175122
2919,18,"Fruit",16757
3047,15,"Forestry",422640
3059,29,"Sheepmeat",5487969
3049,15,"Forestry",6470627
908,25,"Veges",2952995
434,20,"Fruit",4540
2921,26,"Veges",2512069
439,27,"Sheepmeat",6481
2899,2,"Beef",1677
1306,4,"Beef",823748
61,27,"Sheepmeat",3436
1458,27,"Sheepmeat",1903
2350,10,"Sheepmeat",83302
1067,17,"Fruit",274957
881,20,"Fruit",51350
859,15,"Forestry",12098397
2378,29,"Sheepmeat",5516140
2144,12,"Forestry",96567
3041,7,"Beef",537577
1989,9,"Sheepmeat",1136752
755,8,"Sheepmeat",4889
1089,11,"Forestry",21741
643,15,"Forestry",218605
64,24,"Veges",532473
2908,10,"Sheepmeat",12381989
2800,23,"Veges",6295645
2824,13,"Forestry",227601
1384,29,"Sheepmeat",513366
2586,7,"Beef",25193
611,28,"Sheepmeat",21983
1553,19,"Fruit",103456021
2519,8,"Sheepmeat",1555
1113,2,"Beef",52840
2749,9,"Sheepmeat",3167404
1257,16,"Forestry",714838
3070,1,"Dairy",6318043
25,9,"Sheepmeat",241325
1046,16,"Forestry",5305
1580,16,"Forestry",60302033
3066,14,"Forestry",242970
530,1,"Dairy",9549088
2243,10,"Sheepmeat",1725472
2540,27,"Sheepmeat",9559
559,8,"Sheepmeat",8418
2402,23,"Veges",2759072
1106,29,"Sheepmeat",281826
1094,23,"Veges",43759
1279,3,"Beef",55072
2556,3,"Beef",338939
2205,10,"Sheepmeat",454729
1457,3,"Beef",34488
2746,4,"Beef",1824099
2569,3,"Beef",580116
2920,8,"Sheepmeat",12434596
1916,8,"Sheepmeat",23917
2790,28,"Sheepmeat",5935902
294,3,"Beef",14169
77,8,"Sheepmeat",863561
3027,19,"Fruit",1775911
2891,8,"Sheepmeat",18656013
1210,4,"Beef",58588
1677,13,"Forestry",17236
531,10,"Sheepmeat",804813
1998,9,"Sheepmeat",3715240
922,3,"Beef",55407
1921,27,"Sheepmeat",53575
1148,15,"Forestry",74281
2569,29,"Sheepmeat",10192060
2794,28,"Sheepmeat",7608601
1438,16,"Forestry",15537550
2137,8,"Sheepmeat",842743
2768,19,"Fruit",80444704
2105,15,"Forestry",36042
1274,25,"Veges",236514
1439,19,"Fruit",304032
839,28,"Sheepmeat",45604381
1690,14,"Forestry",8566
187,29,"Sheepmeat",11760
1521,20,"Fruit",39884
1641,27,"Sheepmeat",557392
2768,5,"Beef",8405
2961,15,"Forestry",1784520
1391,25,"Veges",205889
1280,8,"Sheepmeat",95189
3046,11,"Forestry",1728445
1688,16,"Forestry",5156617
892,22,"Fruit",14646
3074,7,"Beef",537577
1912,9,"Sheepmeat",5358
2836,10,"Sheepmeat",24530083
50,14,"Forestry",242970
1530,2,"Beef",39128
1122,4,"Beef",560390
2095,3,"Beef",164454
1543,9,"Sheepmeat",773519
2767,7,"Beef",25193
1877,12,"Forestry",9719
999,17,"Fruit",4318474
1299,10,"Sheepmeat",181803
2439,25,"Veges",9978754
994,25,"Veges",4192976
3166,21,"Fruit",2131682
1265,8,"Sheepmeat",227707
2911,4,"Beef",1575
611,8,"Sheepmeat",4889
850,10,"Sheepmeat",804813
2270,21,"Fruit",15864
2815,11,"Forestry",2578862
1909,3,"Beef",3514576
2815,18,"Fruit",152891
888,3,"Beef",45014
1624,8,"Sheepmeat",33362
2243,28,"Sheepmeat",2403997
1643,2,"Beef",56118
1140,2,"Beef",56546
2829,23,"Veges",26202404
560,28,"Sheepmeat",1124326
2606,22,"Fruit",50124
3133,18,"Fruit",701154
2598,22,"Fruit",55676
1235,23,"Veges",484576
1921,8,"Sheepmeat",41447
1471,10,"Sheepmeat",104161
1709,28,"Sheepmeat",4193
2993,8,"Sheepmeat",27725747
2236,8,"Sheepmeat",1683
1056,9,"Sheepmeat",2475077
1857,29,"Sheepmeat",2038
2851,18,"Fruit",910310
2165,2,"Beef",348776
1814,27,"Sheepmeat",180666
3003,25,"Veges",21866203
3125,27,"Sheepmeat",126412232
2158,4,"Beef",92145
2833,9,"Sheepmeat",24231095
1646,18,"Fruit",324763
1221,9,"Sheepmeat",119413
1821,10,"Sheepmeat",83217
1044,16,"Forestry",13308826
2276,17,"Fruit",3010067
1666,26,"Veges",35222
306,19,"Fruit",5144405
2881,27,"Sheepmeat",29286087
2815,26,"Veges",5934901
2652,16,"Forestry",60302033
1086,12,"Forestry",54718
2058,28,"Sheepmeat",134725
2559,28,"Sheepmeat",2749987
1045,29,"Sheepmeat",266022
2325,11,"Forestry",3971
3154,24,"Veges",10764602
1456,20,"Fruit",1689
2249,16,"Forestry",757175
1950,4,"Beef",997223
1325,3,"Beef",20072
2606,13,"Forestry",242970
2375,2,"Beef",247572
2853,8,"Sheepmeat",298856
2866,9,"Sheepmeat",84737483
1312,9,"Sheepmeat",43038
1162,2,"Beef",6986
2768,8,"Sheepmeat",146493
1038,13,"Forestry",1807
1633,9,"Sheepmeat",610919
1888,4,"Beef",10187199
2357,29,"Sheepmeat",13289
920,16,"Forestry",76512771
2224,15,"Forestry",260049
86,18,"Fruit",105555
1631,10,"Sheepmeat",337632
1945,3,"Beef",970057
3114,10,"Sheepmeat",4005868
2439,5,"Beef",21666
850,22,"Fruit",5551
1663,9,"Sheepmeat",72493
2819,3,"Beef",6665311
1456,8,"Sheepmeat",128908
3052,14,"Forestry",197471
3101,17,"Fruit",535874
2334,15,"Forestry",3332
434,1,"Dairy",761442
1422,8,"Sheepmeat",180657
1436,26,"Veges",1869402
2897,14,"Forestry",197471
976,17,"Fruit",90998
294,2,"Beef",14169
298,24,"Veges",39391627
3097,2,"Beef",10839844
2919,14,"Forestry",168950
533,1,"Dairy",9549088
1870,4,"Beef",1414892
1456,24,"Veges",1782
1774,3,"Beef",764171
3151,21,"Fruit",148051
2441,29,"Sheepmeat",22086
1444,16,"Forestry",978927
1048,8,"Sheepmeat",2719743
1393,27,"Sheepmeat",3470
1340,15,"Forestry",90465
2504,24,"Veges",8417635
2792,25,"Veges",2275060
1556,4,"Beef",6465685
1034,19,"Fruit",608125
3028,20,"Fruit",101630
3037,21,"Fruit",3401753
2078,4,"Beef",154280
74,24,"Veges",89050
1097,9,"Sheepmeat",622134
2264,27,"Sheepmeat",5023
899,21,"Fruit",194169
2085,11,"Forestry",4794
1500,3,"Beef",479571
2439,10,"Sheepmeat",1546177
1474,22,"Fruit",14451
3118,9,"Sheepmeat",13149535
1316,3,"Beef",9035
870,20,"Fruit",107219
2815,7,"Beef",25193
3138,4,"Beef",38800692
1263,2,"Beef",30110
1158,10,"Sheepmeat",270962
2585,5,"Beef",8405
2504,3,"Beef",13114642
473,10,"Sheepmeat",4543
3012,17,"Fruit",7960810
2913,27,"Sheepmeat",17176041
2934,11,"Forestry",14829
1974,10,"Sheepmeat",462011
3151,7,"Beef",25193
1591,28,"Sheepmeat",36020282
2828,5,"Beef",8405
2891,10,"Sheepmeat",17176619
1113,9,"Sheepmeat",66869
1563,27,"Sheepmeat",64003
2030,29,"Sheepmeat",195262
1438,11,"Forestry",484294
2147,8,"Sheepmeat",30658
3103,28,"Sheepmeat",118735499
1674,16,"Forestry",7417934
1000,29,"Sheepmeat",6382389
2799,15,"Forestry",3334786
980,3,"Beef",6282507
2996,9,"Sheepmeat",40204
1000,8,"Sheepmeat",715454
849,8,"Sheepmeat",317081
2233,29,"Sheepmeat",2407944
2000,28,"Sheepmeat",2492746
888,10,"Sheepmeat",31502
2347,27,"Sheepmeat",471909
2803,25,"Veges",6083886
2851,11,"Forestry",3285119
2585,28,"Sheepmeat",35854901
2841,2,"Beef",12703940
3135,8,"Sheepmeat",26685826
1647,19,"Fruit",644921
1554,13,"Forestry",248343
2744,14,"Forestry",637958
3090,24,"Veges",6523228
2565,20,"Fruit",16286
1316,25,"Veges",2983
863,12,"Forestry",5951260
1891,27,"Sheepmeat",10220876
2879,1,"Dairy",294373
1816,28,"Sheepmeat",42075
2271,28,"Sheepmeat",3417082
2999,22,"Fruit",134286
2889,23,"Veges",25508352
3031,7,"Beef",25193
2796,9,"Sheepmeat",5848066
1110,29,"Sheepmeat",4310843
1437,17,"Fruit",268605
3059,8,"Sheepmeat",1415317
577,23,"Veges",153658
3122,10,"Sheepmeat",24209663
523,4,"Beef",18219
609,16,"Forestry",3159
2264,16,"Forestry",157497
687,17,"Fruit",105555
1016,9,"Sheepmeat",44457
2264,18,"Fruit",1767549
1854,27,"Sheepmeat",68491
1707,16,"Forestry",3933324
2581,9,"Sheepmeat",13327
1049,24,"Veges",1753221
2971,11,"Forestry",739047
2995,16,"Forestry",4492
2413,27,"Sheepmeat",2244995
304,8,"Sheepmeat",4113
1877,29,"Sheepmeat",1742447
1588,9,"Sheepmeat",25589329
2874,8,"Sheepmeat",6195373
3011,13,"Forestry",482063
2823,16,"Forestry",90112232
1985,15,"Forestry",197072
3007,2,"Beef",3184
1324,16,"Forestry",39330326
3066,29,"Sheepmeat",103532876
2772,8,"Sheepmeat",520212
2882,15,"Forestry",6133982
2380,3,"Beef",62592
263,19,"Fruit",2003556
966,8,"Sheepmeat",7395
2402,13,"Forestry",35197
2913,22,"Fruit",1080
1018,8,"Sheepmeat",3717
237,9,"Sheepmeat",93175
1889,4,"Beef",756575
878,28,"Sheepmeat",14268
1292,10,"Sheepmeat",68765
1655,9,"Sheepmeat",371200
957,2,"Beef",6551
2073,25,"Veges",5695404
2538,29,"Sheepmeat",39968848
1532,9,"Sheepmeat",2496
3009,27,"Sheepmeat",12978
1993,8,"Sheepmeat",1782257
3066,5,"Beef",8405
64,27,"Sheepmeat",20039640
2840,29,"Sheepmeat",105532790
3065,18,"Fruit",701154
1287,10,"Sheepmeat",212333
1799,8,"Sheepmeat",91917
1373,9,"Sheepmeat",1239
2870,5,"Beef",275924
1666,23,"Veges",89211
962,11,"Forestry",7911204
2898,19,"Fruit",534374
1551,20,"Fruit",125346
2891,9,"Sheepmeat",17176619
2039,14,"Forestry",4678
2386,11,"Forestry",41983
949,23,"Veges",3399
1225,14,"Forestry",26552
1611,3,"Beef",8300
1851,27,"Sheepmeat",723079
2144,9,"Sheepmeat",365994
2840,28,"Sheepmeat",34730575
1169,29,"Sheepmeat",2369958
3053,29,"Sheepmeat",58426741
3154,2,"Beef",6363548
2889,3,"Beef",8192591
1503,24,"Veges",105744
1384,15,"Forestry",1856
1442,13,"Forestry",24170
2788,27,"Sheepmeat",4239893
1281,3,"Beef",134357
1190,12,"Forestry",31958
2890,1,"Dairy",294373
2929,29,"Sheepmeat",47689796
1140,22,"Fruit",3012
2757,13,"Forestry",5317
540,16,"Forestry",108580
690,21,"Fruit",27229
3138,21,"Fruit",175973
3022,23,"Veges",26257752
1848,8,"Sheepmeat",37382
1102,2,"Beef",37471
1174,23,"Veges",3869
2619,9,"Sheepmeat",39020
1536,29,"Sheepmeat",144792
2222,28,"Sheepmeat",9261149
1948,28,"Sheepmeat",48418
1854,4,"Beef",81110
3165,6,"Beef",275924
2759,5,"Beef",178929
2307,27,"Sheepmeat",2176
1140,28,"Sheepmeat",74828
2220,15,"Forestry",7042
2693,23,"Veges",26257752
2060,19,"Fruit",6616469
459,4,"Beef",23620
2188,27,"Sheepmeat",66708
2233,15,"Forestry",24396
2285,27,"Sheepmeat",254570
2754,10,"Sheepmeat",7010317
1753,12,"Forestry",98695
2222,13,"Forestry",212214
65,5,"Beef",23083
2874,14,"Forestry",95392
2821,10,"Sheepmeat",17622705
1808,12,"Forestry",204420
3152,26,"Veges",1701138
1678,29,"Sheepmeat",59958
3124,7,"Beef",537577
3126,24,"Veges",31429943
2968,16,"Forestry",102293
3118,10,"Sheepmeat",13149535
1787,28,"Sheepmeat",370845
2873,13,"Forestry",60195
2167,3,"Beef",2132
853,27,"Sheepmeat",27935
2429,25,"Veges",357254
2193,28,"Sheepmeat",5881
1056,23,"Veges",827090
2163,10,"Sheepmeat",11219
2585,18,"Fruit",17270271
1543,13,"Forestry",35197
2905,27,"Sheepmeat",18404280
3128,16,"Forestry",96839227
2904,27,"Sheepmeat",18696273
2765,2,"Beef",10747871
2992,18,"Fruit",910310
2204,2,"Beef",7408
2838,6,"Beef",8405
750,15,"Forestry",1583
1949,11,"Forestry",51660
2188,15,"Forestry",93961
1443,16,"Forestry",9220171
1186,29,"Sheepmeat",4857006
999,19,"Fruit",9496713
866,9,"Sheepmeat",1032
2753,14,"Forestry",2004
3059,16,"Forestry",3886883
1257,9,"Sheepmeat",124821
2305,2,"Beef",10740
879,29,"Sheepmeat",10995
1945,27,"Sheepmeat",3220840
2244,16,"Forestry",67684102
1641,12,"Forestry",11963
823,13,"Forestry",5074
727,19,"Fruit",17577
3055,2,"Beef",177286
997,10,"Sheepmeat",24550779
1036,4,"Beef",1515112
914,4,"Beef",38985
883,21,"Fruit",49536
1336,9,"Sheepmeat",81586
1549,8,"Sheepmeat",124550
1674,14,"Forestry",21898
2325,27,"Sheepmeat",241294
1552,5,"Beef",8405
3045,22,"Fruit",39780
763,18,"Fruit",7999
2334,4,"Beef",141073
1119,4,"Beef",560390
1276,8,"Sheepmeat",32024
2909,19,"Fruit",38591
2633,8,"Sheepmeat",8318999
1262,23,"Veges",1188
1020,16,"Forestry",135280
1843,14,"Forestry",1578
2519,2,"Beef",2878
2941,17,"Fruit",16757
1088,28,"Sheepmeat",57748
2248,28,"Sheepmeat",9204977
2021,28,"Sheepmeat",11974
851,23,"Veges",46676
2659,10,"Sheepmeat",25589329
3128,27,"Sheepmeat",34347484
2791,27,"Sheepmeat",6340233
3042,6,"Beef",178929
2862,25,"Veges",31412107
1781,15,"Forestry",7953
2394,9,"Sheepmeat",4102
1163,2,"Beef",169636
1550,16,"Forestry",60302033
1803,16,"Forestry",1865733
1822,9,"Sheepmeat",69855
2842,9,"Sheepmeat",24784517
519,12,"Forestry",2412
524,9,"Sheepmeat",7823
2897,4,"Beef",20650227
2915,1,"Dairy",294373
1269,4,"Beef",422307
1109,27,"Sheepmeat",592467
2154,13,"Forestry",4678
2080,13,"Forestry",13179
1172,18,"Fruit",63862
1255,16,"Forestry",18408
3023,8,"Sheepmeat",26849218
2946,27,"Sheepmeat",1724473
61,10,"Sheepmeat",2471
2276,14,"Forestry",637958
3063,7,"Beef",836800
1997,28,"Sheepmeat",571371
623,14,"Forestry",248343
65,28,"Sheepmeat",20272969
2345,12,"Forestry",268770
2225,14,"Forestry",14095
1783,10,"Sheepmeat",53937
1978,15,"Forestry",3351
2719,29,"Sheepmeat",14820
2380,27,"Sheepmeat",771369
2809,26,"Veges",2512069
2550,10,"Sheepmeat",5961542
1902,10,"Sheepmeat",7494486
2917,4,"Beef",6560
1132,27,"Sheepmeat",629536
3050,17,"Fruit",152891
2139,29,"Sheepmeat",1921108
2210,16,"Forestry",72876
1835,16,"Forestry",58540
1249,22,"Fruit",1080
2820,17,"Fruit",545293
2907,10,"Sheepmeat",12479232
3125,7,"Beef",836800
2914,16,"Forestry",64838310
1392,8,"Sheepmeat",560696
2270,3,"Beef",135030
3041,21,"Fruit",1074882
2818,23,"Veges",17975558
1700,12,"Forestry",22082
687,18,"Fruit",105555
459,28,"Sheepmeat",14383
211,19,"Fruit",104122269
2426,23,"Veges",283255
2890,23,"Veges",25508352
871,2,"Beef",26957
1987,29,"Sheepmeat",386691
3063,18,"Fruit",10990169
1204,12,"Forestry",1526114
1047,29,"Sheepmeat",195699
2974,25,"Veges",366120
2372,3,"Beef",324351
2436,26,"Veges",2512069
805,15,"Forestry",1583
2337,29,"Sheepmeat",996826
2376,28,"Sheepmeat",2040778
1389,8,"Sheepmeat",9939
3126,16,"Forestry",96841493
960,9,"Sheepmeat",13452
136,15,"Forestry",6043
1188,16,"Forestry",249345
481,15,"Forestry",17286
3008,17,"Fruit",9790444
1035,11,"Forestry",41983
2402,19,"Fruit",474214
2847,25,"Veges",58799626
2260,2,"Beef",4662
2983,29,"Sheepmeat",8157
976,20,"Fruit",11052
1205,26,"Veges",254615
3066,18,"Fruit",701154
1377,16,"Forestry",1992980
1232,9,"Sheepmeat",387950
3169,12,"Forestry",83413
1150,12,"Forestry",2818
415,4,"Beef",4175
3126,10,"Sheepmeat",24580874
2885,8,"Sheepmeat",20587564
2336,28,"Sheepmeat",331552
761,10,"Sheepmeat",2010
2967,23,"Veges",792661
1641,10,"Sheepmeat",400712
735,29,"Sheepmeat",1655
2806,2,"Beef",5920528
2397,29,"Sheepmeat",225166
3030,12,"Forestry",3175122
2077,25,"Veges",37124
3136,7,"Beef",25193
1478,10,"Sheepmeat",82647
1238,29,"Sheepmeat",2057126
2748,6,"Beef",137814
1869,8,"Sheepmeat",658506
1988,4,"Beef",57501
87,22,"Fruit",6805
1099,29,"Sheepmeat",462687
2071,14,"Forestry",5372
1211,19,"Fruit",211783
2503,4,"Beef",40355453
2412,24,"Veges",103007
1187,16,"Forestry",2436825
1234,4,"Beef",362167
1455,4,"Beef",4015623
951,3,"Beef",44584
2902,3,"Beef",113321
1628,27,"Sheepmeat",152721
2910,24,"Veges",6083886
907,8,"Sheepmeat",97051
2891,19,"Fruit",1199955
1997,14,"Forestry",3313
2785,15,"Forestry",481027
3025,5,"Beef",8405
2409,29,"Sheepmeat",1326606
2816,26,"Veges",9179845
2865,5,"Beef",275924
763,2,"Beef",1487
1583,5,"Beef",8405
533,20,"Fruit",13366
3133,26,"Veges",13005315
2709,29,"Sheepmeat",517428
2762,8,"Sheepmeat",24890251
3025,20,"Fruit",101630
2929,4,"Beef",17911133
1630,11,"Forestry",40730
1041,16,"Forestry",13666248
2556,4,"Beef",1078307
2979,16,"Forestry",7694993
599,28,"Sheepmeat",14383
1111,28,"Sheepmeat",508824
2890,3,"Beef",8184941
2940,8,"Sheepmeat",11720683
3152,10,"Sheepmeat",1462
1337,4,"Beef",11401
1689,29,"Sheepmeat",7267016
1141,11,"Forestry",1846
2003,15,"Forestry",69030
2815,5,"Beef",8405
2774,13,"Forestry",51630
438,28,"Sheepmeat",17430
1321,9,"Sheepmeat",61229
739,9,"Sheepmeat",4228
2215,2,"Beef",79112
2408,12,"Forestry",14829
1229,15,"Forestry",1063
853,23,"Veges",1832982
2840,18,"Fruit",806709
1125,15,"Forestry",25104
2792,5,"Beef",8405
2521,4,"Beef",3221138
576,1,"Dairy",9843461
2248,13,"Forestry",167840
3027,2,"Beef",12703940
2690,21,"Fruit",203202
1000,10,"Sheepmeat",1508477
2688,19,"Fruit",1775911
1435,19,"Fruit",8038153
1611,2,"Beef",8300
2508,26,"Veges",16249987
2423,8,"Sheepmeat",1226
2037,28,"Sheepmeat",7266034
2926,7,"Beef",25193
2824,12,"Forestry",2960009
443,27,"Sheepmeat",2350
3096,26,"Veges",91594
576,2,"Beef",338939
939,26,"Veges",25036
1576,13,"Forestry",242970
2112,3,"Beef",591180
838,7,"Beef",537577
2567,29,"Sheepmeat",199959
1199,28,"Sheepmeat",22587
2882,6,"Beef",8405
1333,9,"Sheepmeat",11177
3137,5,"Beef",8405
443,3,"Beef",2350
2904,9,"Sheepmeat",13325517
1826,28,"Sheepmeat",629456
3083,10,"Sheepmeat",24596384
2653,4,"Beef",22175
1650,8,"Sheepmeat",532077
1576,5,"Beef",8405
376,4,"Beef",3466
2552,3,"Beef",152013
3028,12,"Forestry",3177321
2208,3,"Beef",1108229
2896,8,"Sheepmeat",45576
2273,3,"Beef",1508321
2908,25,"Veges",6083886
2224,11,"Forestry",126846
2761,12,"Forestry",166361
1769,9,"Sheepmeat",417908
609,29,"Sheepmeat",58561
937,11,"Forestry",73151
2438,27,"Sheepmeat",54366
1345,2,"Beef",3672
366,8,"Sheepmeat",2659
2630,10,"Sheepmeat",11973
1535,9,"Sheepmeat",51363
2934,28,"Sheepmeat",211668
2956,16,"Forestry",33642717
2803,11,"Forestry",2067983
2788,15,"Forestry",482159
1164,10,"Sheepmeat",485928
1273,3,"Beef",16916
2920,26,"Veges",2512069
1676,10,"Sheepmeat",123820
1079,16,"Forestry",4090559
66,26,"Veges",779524
2974,28,"Sheepmeat",4922831
2798,24,"Veges",3441003
1711,27,"Sheepmeat",2569
3038,16,"Forestry",75781845
1623,27,"Sheepmeat",589786
1467,8,"Sheepmeat",902904
2024,8,"Sheepmeat",398475
501,16,"Forestry",9271
2554,3,"Beef",449631
2812,17,"Fruit",16757
311,20,"Fruit",12334
2941,28,"Sheepmeat",13118162
79,29,"Sheepmeat",10301
35,28,"Sheepmeat",7343
3009,16,"Forestry",6699
1008,27,"Sheepmeat",1993266
2121,10,"Sheepmeat",3869461
2937,17,"Fruit",16757
691,11,"Forestry",2199
2427,23,"Veges",1296358
2662,2,"Beef",13044366
1349,14,"Forestry",2208
1986,9,"Sheepmeat",148081
2462,18,"Fruit",49780
1941,29,"Sheepmeat",11096
607,4,"Beef",22452
924,3,"Beef",1185
3126,20,"Fruit",88012
2709,9,"Sheepmeat",106272
939,28,"Sheepmeat",9057
918,9,"Sheepmeat",7728130
2549,2,"Beef",731047
2270,17,"Fruit",63862
766,14,"Forestry",6276
3031,5,"Beef",8405
672,2,"Beef",2878
2985,28,"Sheepmeat",37466
3080,21,"Fruit",1481
888,27,"Sheepmeat",45014
3031,8,"Sheepmeat",26685826
1688,29,"Sheepmeat",8278180
3062,28,"Sheepmeat",118381138
1868,29,"Sheepmeat",1971962
839,9,"Sheepmeat",32664613
2654,5,"Beef",8405
1082,4,"Beef",462443
2897,20,"Fruit",28824
915,2,"Beef",455376
2518,4,"Beef",15617
3119,15,"Forestry",1261924
2731,19,"Fruit",38023047
2116,15,"Forestry",137285
3065,17,"Fruit",701154
2219,14,"Forestry",2194
859,10,"Sheepmeat",3324
1632,28,"Sheepmeat",471909
1870,11,"Forestry",12101
1130,3,"Beef",248551
2830,19,"Fruit",1232128
1236,20,"Fruit",6110
682,16,"Forestry",95323
2585,29,"Sheepmeat",108967338
3163,25,"Veges",27150
621,8,"Sheepmeat",4550
3080,28,"Sheepmeat",552464
2147,29,"Sheepmeat",130106
938,21,"Fruit",820876
2028,15,"Forestry",40644
27,4,"Beef",3548686
3027,8,"Sheepmeat",26849218
1385,28,"Sheepmeat",28955
2809,10,"Sheepmeat",12334221
1236,21,"Fruit",12216
2498,27,"Sheepmeat",1124326
1782,26,"Veges",156043
893,20,"Fruit",227414
3050,3,"Beef",6431736
2895,11,"Forestry",2578862
2649,6,"Beef",8405
1870,3,"Beef",459055
1963,19,"Fruit",795370
1976,12,"Forestry",27353
3123,26,"Veges",10417049
3102,4,"Beef",129998253
2419,28,"Sheepmeat",214157
551,11,"Forestry",107798
60,4,"Beef",1135
1591,11,"Forestry",7096
581,16,"Forestry",3138552
1549,19,"Fruit",104057998
1315,10,"Sheepmeat",25700
2382,13,"Forestry",21859
1994,15,"Forestry",1638
2821,21,"Fruit",135768
950,29,"Sheepmeat",1063966
3095,23,"Veges",20782192
2382,14,"Forestry",21859
1115,2,"Beef",192589
2779,5,"Beef",275924
918,3,"Beef",3660823
2300,15,"Forestry",17286
2745,29,"Sheepmeat",46157
2884,24,"Veges",30741184
714,28,"Sheepmeat",7599
3135,17,"Fruit",701154
38,29,"Sheepmeat",48235
1472,28,"Sheepmeat",4396
1431,16,"Forestry",25729553
2565,28,"Sheepmeat",37663
3121,28,"Sheepmeat",33763072
999,29,"Sheepmeat",6390155
2884,22,"Fruit",35012
64,14,"Forestry",15740
278,29,"Sheepmeat",78520
2662,27,"Sheepmeat",35854901
1896,4,"Beef",111500
1014,8,"Sheepmeat",1914586
1487,9,"Sheepmeat",320012
997,18,"Fruit",7921067
1880,3,"Beef",1110870
2208,12,"Forestry",16889
2838,16,"Forestry",96841493
964,10,"Sheepmeat",12200
1034,4,"Beef",380828
2093,9,"Sheepmeat",978713
1170,15,"Forestry",928064
785,29,"Sheepmeat",87023
1267,14,"Forestry",13369
1553,17,"Fruit",47039635
2762,14,"Forestry",192497
2822,7,"Beef",25193
1981,29,"Sheepmeat",2590333
930,15,"Forestry",16873
2221,3,"Beef",50594
2779,2,"Beef",42761290
1490,9,"Sheepmeat",32694
1473,29,"Sheepmeat",966482
1036,16,"Forestry",1235997
1203,23,"Veges",797859
2585,7,"Beef",25193
271,29,"Sheepmeat",57393
935,26,"Veges",32701
1249,13,"Forestry",35179
1429,29,"Sheepmeat",8002
2835,21,"Fruit",175973
2837,27,"Sheepmeat",34397014
915,11,"Forestry",108035
1208,2,"Beef",692325
1955,8,"Sheepmeat",1146925
3058,24,"Veges",366120
2797,16,"Forestry",47581089
895,15,"Forestry",6782291
2392,27,"Sheepmeat",10219199
1171,16,"Forestry",415273
1519,28,"Sheepmeat",6441
1627,28,"Sheepmeat",178215
2900,4,"Beef",22930
2318,17,"Fruit",14260205
2937,6,"Beef",8405
874,26,"Veges",369139
2495,1,"Dairy",3086512
87,28,"Sheepmeat",191842
1001,16,"Forestry",47327
3062,27,"Sheepmeat",118381138
2437,10,"Sheepmeat",11346414
844,17,"Fruit",47312121
3044,10,"Sheepmeat",532765
2847,27,"Sheepmeat",56882
1145,10,"Sheepmeat",339807
3082,2,"Beef",1094381
2943,6,"Beef",8405
2913,28,"Sheepmeat",17176041
792,25,"Veges",39391627
1976,2,"Beef",215344
2667,13,"Forestry",248343
1215,25,"Veges",2232212
3100,27,"Sheepmeat",1439017
2150,13,"Forestry",22903
2536,26,"Veges",21237845
3156,25,"Veges",502305
1233,28,"Sheepmeat",2303754
2749,7,"Beef",537577
1205,16,"Forestry",44009710
2210,28,"Sheepmeat",681961
1933,16,"Forestry",12943
2814,3,"Beef",6405296
2329,11,"Forestry",8437
2521,24,"Veges",6455240
2662,3,"Beef",13044366
2885,28,"Sheepmeat",26596868
906,26,"Veges",37744
2393,3,"Beef",532166
2125,27,"Sheepmeat",1512095
2386,13,"Forestry",3919
2945,17,"Fruit",16757
778,29,"Sheepmeat",531918
1549,9,"Sheepmeat",25702343
1208,9,"Sheepmeat",2441901
3021,29,"Sheepmeat",2632
2943,5,"Beef",8405
2571,9,"Sheepmeat",172825
2781,14,"Forestry",3958
1951,12,"Forestry",97766
1998,15,"Forestry",154335
1965,28,"Sheepmeat",477233
2763,27,"Sheepmeat",28613477
3129,28,"Sheepmeat",34347484
2597,20,"Fruit",114997
2897,13,"Forestry",197471
1804,15,"Forestry",384779
2278,8,"Sheepmeat",43056
1157,8,"Sheepmeat",423717
2867,4,"Beef",127799104
701,29,"Sheepmeat",290754
149,27,"Sheepmeat",15228
2138,29,"Sheepmeat",2355466
2650,28,"Sheepmeat",36012734
1465,23,"Veges",253995
2149,3,"Beef",108543
1045,22,"Fruit",39099
1484,4,"Beef",6590
1838,9,"Sheepmeat",45557
1589,20,"Fruit",114997
1106,23,"Veges",989506
3001,8,"Sheepmeat",33419178
1691,11,"Forestry",131056
3120,4,"Beef",32591565
1021,10,"Sheepmeat",318223
1467,20,"Fruit",55454
1910,14,"Forestry",271083
1462,10,"Sheepmeat",8343
2168,24,"Veges",144745
2758,27,"Sheepmeat",18837837
1086,16,"Forestry",1603909
1823,15,"Forestry",142535
2598,23,"Veges",26257752
3046,24,"Veges",10226871
834,29,"Sheepmeat",2152802
1456,27,"Sheepmeat",169967
1641,28,"Sheepmeat",557392
2788,23,"Veges",165493
846,14,"Forestry",30130
2795,15,"Forestry",2358777
2939,24,"Veges",5920901
1030,10,"Sheepmeat",3908321
1238,9,"Sheepmeat",492314
1284,10,"Sheepmeat",23778
1133,4,"Beef",11720
1545,17,"Fruit",514444
3106,11,"Forestry",3097
2801,29,"Sheepmeat",46998473
1467,13,"Forestry",1388
2795,1,"Dairy",294373
3013,16,"Forestry",6699
3158,13,"Forestry",202136
1513,11,"Forestry",38105
3147,16,"Forestry",6676
1888,28,"Sheepmeat",9371352
3063,21,"Fruit",2814408
300,19,"Fruit",38023047
1620,2,"Beef",1291
1701,15,"Forestry",46188
1174,25,"Veges",3740
1086,13,"Forestry",5053
1448,10,"Sheepmeat",33491
2593,3,"Beef",13044366
1814,4,"Beef",136755
1125,28,"Sheepmeat",8860778
2267,25,"Veges",60528
3046,15,"Forestry",3579982
1306,28,"Sheepmeat",701478
2968,10,"Sheepmeat",138771
2538,16,"Forestry",16031514
2840,5,"Beef",8405
3124,6,"Beef",178929
3085,8,"Sheepmeat",1905494
2754,12,"Forestry",69826
2929,14,"Forestry",164711
985,28,"Sheepmeat",123210
2039,8,"Sheepmeat",12059926
2930,24,"Veges",6083886
105,8,"Sheepmeat",25024
1324,29,"Sheepmeat",18626328
3077,28,"Sheepmeat",105667
2435,17,"Fruit",49780
3073,11,"Forestry",35441
2967,25,"Veges",766245
1997,11,"Forestry",34239
2594,28,"Sheepmeat",35854901
2388,2,"Beef",234458
2947,24,"Veges",1751349
1176,23,"Veges",179425
3062,8,"Sheepmeat",6195373
2378,10,"Sheepmeat",1316415
611,11,"Forestry",4683
2405,4,"Beef",1267570
2801,6,"Beef",8405
1563,16,"Forestry",5681
1900,4,"Beef",32224
1965,10,"Sheepmeat",342203
132,28,"Sheepmeat",154973
2771,13,"Forestry",57818
3086,3,"Beef",942858
1721,29,"Sheepmeat",141918
2780,3,"Beef",42729469
739,10,"Sheepmeat",4228
2382,15,"Forestry",468028
3140,20,"Fruit",13618
1748,21,"Fruit",27922
833,9,"Sheepmeat",7867047
1902,21,"Fruit",4323
922,15,"Forestry",50500
3095,27,"Sheepmeat",32480618
3026,23,"Veges",26257752
2297,26,"Veges",4987858
1813,14,"Forestry",3815
1873,29,"Sheepmeat",2022410
1235,29,"Sheepmeat",137281
2154,11,"Forestry",57121
3013,10,"Sheepmeat",1462
2071,29,"Sheepmeat",408755
2224,9,"Sheepmeat",139892
2921,6,"Beef",8405
2864,25,"Veges",29981486
2938,2,"Beef",428198
27,13,"Forestry",9958
1214,28,"Sheepmeat",8340622
1223,3,"Beef",5576
853,9,"Sheepmeat",20082
2824,9,"Sheepmeat",18627082
1816,10,"Sheepmeat",28569
1468,26,"Veges",724675
2966,29,"Sheepmeat",2438902
925,29,"Sheepmeat",9958
998,10,"Sheepmeat",1509518
1523,3,"Beef",6907
2966,4,"Beef",1286753
1035,3,"Beef",578442
1878,12,"Forestry",2412
1192,25,"Veges",98367
1949,8,"Sheepmeat",37458
1710,27,"Sheepmeat",339663
1218,23,"Veges",1033
2400,10,"Sheepmeat",1860895
1037,27,"Sheepmeat",44234
1206,15,"Forestry",3096858
2557,9,"Sheepmeat",800585
3159,29,"Sheepmeat",9865589
1567,9,"Sheepmeat",6872
944,18,"Fruit",2578906
1713,2,"Beef",41692
1178,29,"Sheepmeat",187627
3008,26,"Veges",3371531
1930,10,"Sheepmeat",193811
2733,25,"Veges",51481877
2329,16,"Forestry",240600
65,25,"Veges",1325647
1249,9,"Sheepmeat",1750781
1203,19,"Fruit",55204
2925,10,"Sheepmeat",11346414
3144,11,"Forestry",3177321
2091,2,"Beef",71677
612,29,"Sheepmeat",5241
1811,29,"Sheepmeat",2241486
3081,3,"Beef",3630
2091,11,"Forestry",109992
2822,26,"Veges",12705536
2073,26,"Veges",2352101
274,24,"Veges",47809262
1377,29,"Sheepmeat",5330294
1814,16,"Forestry",1765231
2776,13,"Forestry",46495
2416,9,"Sheepmeat",306031
1029,27,"Sheepmeat",85045
832,9,"Sheepmeat",24599000
2801,10,"Sheepmeat",11007692
132,22,"Fruit",6805
2282,9,"Sheepmeat",721324
2723,10,"Sheepmeat",278560
87,27,"Sheepmeat",191842
2812,8,"Sheepmeat",14524862
2938,25,"Veges",162984
3144,22,"Fruit",50124
1569,29,"Sheepmeat",986959
2014,19,"Fruit",17577
2745,2,"Beef",4853
2398,2,"Beef",164454
1661,2,"Beef",48227
1698,4,"Beef",2277219
2299,16,"Forestry",60302033
2805,28,"Sheepmeat",16818376
1566,6,"Beef",4015
1274,27,"Sheepmeat",35729
1099,12,"Forestry",43567
2810,4,"Beef",18471867
2795,8,"Sheepmeat",6331125
2578,9,"Sheepmeat",609562
1623,28,"Sheepmeat",589786
3010,13,"Forestry",482063
2945,23,"Veges",5373376
1093,4,"Beef",31454
2165,23,"Veges",1188
2160,15,"Forestry",71857
1381,3,"Beef",6585
3039,26,"Veges",11474385
558,27,"Sheepmeat",136248
2143,13,"Forestry",1435
2578,8,"Sheepmeat",655964
1554,12,"Forestry",7096
595,12,"Forestry",2412
1699,12,"Forestry",22082
2836,20,"Fruit",88012
415,28,"Sheepmeat",1393
2992,25,"Veges",31465611
3080,14,"Forestry",1429
3094,8,"Sheepmeat",9343
2594,13,"Forestry",248343
3070,14,"Forestry",5317
2527,8,"Sheepmeat",8418
1923,29,"Sheepmeat",110881
1983,9,"Sheepmeat",390185
998,28,"Sheepmeat",2117508
2408,29,"Sheepmeat",671375
2036,8,"Sheepmeat",5917426
1840,3,"Beef",7530
2881,28,"Sheepmeat",29286087
830,6,"Beef",2952
1708,11,"Forestry",13663
1170,28,"Sheepmeat",698473
2920,22,"Fruit",1080
1216,9,"Sheepmeat",23778
1854,16,"Forestry",9766
3142,21,"Fruit",203202
2030,9,"Sheepmeat",46012
907,4,"Beef",144326
1643,28,"Sheepmeat",150518
578,10,"Sheepmeat",804813
1301,27,"Sheepmeat",155778
888,21,"Fruit",32563
2565,25,"Veges",122310
1181,8,"Sheepmeat",257903
2219,4,"Beef",631135
1866,26,"Veges",32806
1169,16,"Forestry",148982
2439,29,"Sheepmeat",6582719
2930,2,"Beef",5764479
1817,2,"Beef",303327
1463,27,"Sheepmeat",63033
689,19,"Fruit",947284
151,19,"Fruit",231939
2416,2,"Beef",305609
3096,29,"Sheepmeat",4649
1770,2,"Beef",24454
2350,8,"Sheepmeat",89644
892,15,"Forestry",31287
1016,25,"Veges",817942
1383,8,"Sheepmeat",6634
3050,13,"Forestry",197471
1876,28,"Sheepmeat",567955
2986,29,"Sheepmeat",1209648
612,9,"Sheepmeat",1257
1905,9,"Sheepmeat",36770
725,8,"Sheepmeat",4550
1000,11,"Forestry",2584
1672,10,"Sheepmeat",226764
2724,9,"Sheepmeat",14345640
1721,3,"Beef",41965
456,29,"Sheepmeat",7176
1577,19,"Fruit",1775911
2360,27,"Sheepmeat",1178505
1147,16,"Forestry",45553
2378,4,"Beef",673506
1637,3,"Beef",45759
2511,10,"Sheepmeat",5243
2928,3,"Beef",73008
1781,9,"Sheepmeat",11177
2176,19,"Fruit",240629
1041,19,"Fruit",7086383
1859,2,"Beef",34883
1056,16,"Forestry",19818626
2960,9,"Sheepmeat",5329733
1980,4,"Beef",1221612
757,2,"Beef",3412
2939,2,"Beef",5113989
3026,25,"Veges",31465611
397,26,"Veges",16249987
1118,2,"Beef",1765917
2272,16,"Forestry",331147
1067,25,"Veges",493197
1443,14,"Forestry",22232
866,29,"Sheepmeat",4302
2037,29,"Sheepmeat",21839893
1108,16,"Forestry",241479
434,2,"Beef",220749
2198,12,"Forestry",2876
1393,29,"Sheepmeat",17470
434,17,"Fruit",35191
2984,15,"Forestry",481027
3110,11,"Forestry",2578862
1284,2,"Beef",1345
1519,25,"Veges",32924701
2324,13,"Forestry",18026
3054,6,"Beef",8405
572,20,"Fruit",1032
2033,2,"Beef",6190428
1313,4,"Beef",2326
1423,28,"Sheepmeat",87125
833,3,"Beef",3801257
2828,12,"Forestry",2986637
30,27,"Sheepmeat",8923
2613,20,"Fruit",13366
2109,3,"Beef",709929
2204,3,"Beef",7408
1640,27,"Sheepmeat",613122
3095,2,"Beef",10839844
2768,20,"Fruit",81636
1572,12,"Forestry",7096
2745,22,"Fruit",3209
2083,2,"Beef",5770
1552,21,"Fruit",265038
1711,28,"Sheepmeat",2569
3097,26,"Veges",9064736
1039,28,"Sheepmeat",17850
1855,4,"Beef",117221
2763,25,"Veges",11248987
2073,29,"Sheepmeat",1001379
1333,27,"Sheepmeat",17879
3058,14,"Forestry",64699
1530,16,"Forestry",7928
1585,5,"Beef",8405
3067,1,"Dairy",294373
2970,15,"Forestry",1510452
2979,2,"Beef",1818119
3,4,"Beef",15318839
824,15,"Forestry",45631
2890,20,"Fruit",67904
1897,23,"Veges",6338461
1000,3,"Beef",1064410
2270,27,"Sheepmeat",556796
2152,3,"Beef",9345
2267,26,"Veges",25048
6,15,"Forestry",13556
237,17,"Fruit",14260205
1039,20,"Fruit",38832
349,16,"Forestry",3159
1015,2,"Beef",234251
2762,11,"Forestry",2408658
1788,27,"Sheepmeat",356558
936,27,"Sheepmeat",59537
2854,16,"Forestry",6798
2371,28,"Sheepmeat",2330788
3155,27,"Sheepmeat",34332590
1441,27,"Sheepmeat",12244859
2225,3,"Beef",40527
2050,14,"Forestry",6359
1310,28,"Sheepmeat",8316
2750,8,"Sheepmeat",4852574
312,10,"Sheepmeat",3571491
1182,11,"Forestry",96574
1553,6,"Beef",8405
1437,24,"Veges",86970
789,29,"Sheepmeat",121182
1976,14,"Forestry",2484
2753,10,"Sheepmeat",5373920
311,3,"Beef",338939
1513,13,"Forestry",2442
2821,9,"Sheepmeat",17622705
531,13,"Forestry",5372
2568,27,"Sheepmeat",3401270
2890,15,"Forestry",6098140
1713,28,"Sheepmeat",152721
1045,8,"Sheepmeat",67440
2827,10,"Sheepmeat",19617469
2110,27,"Sheepmeat",3269788
846,9,"Sheepmeat",2746112
2827,16,"Forestry",90240069
2844,24,"Veges",31465611
1302,16,"Forestry",15053
2243,9,"Sheepmeat",1725472
1529,4,"Beef",4573
3026,13,"Forestry",242970
1488,8,"Sheepmeat",1530190
3124,25,"Veges",26206822
868,17,"Fruit",154140
669,29,"Sheepmeat",87023
2070,4,"Beef",62582
846,2,"Beef",1514108
312,12,"Forestry",1040116
3128,28,"Sheepmeat",34347484
993,12,"Forestry",2584
1106,10,"Sheepmeat",66869
1306,11,"Forestry",163681
157,27,"Sheepmeat",36868
3053,8,"Sheepmeat",14884833
2246,10,"Sheepmeat",6793417
2834,19,"Fruit",1543973
2773,16,"Forestry",17690049
1180,12,"Forestry",17281
2308,27,"Sheepmeat",1120
581,28,"Sheepmeat",1116940
2136,9,"Sheepmeat",800166
3114,28,"Sheepmeat",5576754
390,12,"Forestry",107798
1468,23,"Veges",2337653
2245,20,"Fruit",2162
3130,3,"Beef",12438195
1044,12,"Forestry",429231
2355,16,"Forestry",1136
1422,28,"Sheepmeat",233518
3062,14,"Forestry",95392
560,22,"Fruit",5551
1437,12,"Forestry",527157
993,8,"Sheepmeat",272548
831,29,"Sheepmeat",103588004
59,10,"Sheepmeat",2471
916,27,"Sheepmeat",37370
1553,22,"Fruit",75032
1385,25,"Veges",365971
1379,28,"Sheepmeat",966590
2949,26,"Veges",1421230
1981,15,"Forestry",7565
2073,14,"Forestry",355698
2904,22,"Fruit",1080
997,29,"Sheepmeat",102981022
1133,2,"Beef",3425
2362,16,"Forestry",403152
2971,28,"Sheepmeat",5403819
1874,23,"Veges",1179032
2674,14,"Forestry",637958
1896,23,"Veges",6295645
2913,8,"Sheepmeat",13336248
3050,15,"Forestry",5263494
2508,28,"Sheepmeat",157833
1915,3,"Beef",2172
1262,10,"Sheepmeat",238783
2160,3,"Beef",320821
3137,27,"Sheepmeat",34538733
1581,6,"Beef",8405
2838,4,"Beef",38501336
2898,5,"Beef",8405
2951,16,"Forestry",371544
1045,19,"Fruit",1339510
2191,29,"Sheepmeat",236495
1140,27,"Sheepmeat",74828
235,8,"Sheepmeat",26088
3134,17,"Fruit",701154
1783,2,"Beef",24765
2788,2,"Beef",1633828
1672,3,"Beef",230378
1782,28,"Sheepmeat",87346
2613,28,"Sheepmeat",1124326
288,19,"Fruit",31406578
1432,22,"Fruit",46113
2744,19,"Fruit",6468623
2744,20,"Fruit",2258
1313,23,"Veges",1793415
3118,6,"Beef",178929
2983,4,"Beef",8157
1819,13,"Forestry",22639
1121,28,"Sheepmeat",350696
2654,3,"Beef",13044366
3093,20,"Fruit",64685
2882,3,"Beef",9955233
3,28,"Sheepmeat",17232098
1483,18,"Fruit",861467
2690,19,"Fruit",1775911
1636,29,"Sheepmeat",2027491
1086,19,"Fruit",27825
1488,14,"Forestry",1196
1590,11,"Forestry",7096
1011,29,"Sheepmeat",380760
3101,9,"Sheepmeat",86308819
2934,15,"Forestry",35134
2907,28,"Sheepmeat",17514559
3100,28,"Sheepmeat",1439017
2749,3,"Beef",2054078
3144,10,"Sheepmeat",24784517
1897,24,"Veges",41390
2080,14,"Forestry",13179
917,18,"Fruit",13016821
1937,3,"Beef",1778
2597,17,"Fruit",103601
3163,24,"Veges",27150
3132,28,"Sheepmeat",34286149
2349,27,"Sheepmeat",119361
1042,11,"Forestry",438021
2188,12,"Forestry",2370
1046,9,"Sheepmeat",44457
3,29,"Sheepmeat",51781841
1151,29,"Sheepmeat",1327931
1173,12,"Forestry",14344
3063,6,"Beef",275924
2361,16,"Forestry",5305
573,29,"Sheepmeat",3411549
2930,22,"Fruit",1080
2692,29,"Sheepmeat",105532790
2781,10,"Sheepmeat",310561
1520,10,"Sheepmeat",7597
1320,9,"Sheepmeat",855194
1011,20,"Fruit",229864
533,2,"Beef",340426
2233,9,"Sheepmeat",559614
1241,4,"Beef",136641
2761,24,"Veges",1432256
1291,8,"Sheepmeat",389035
1389,10,"Sheepmeat",9236
3059,10,"Sheepmeat",1314264
1591,12,"Forestry",7096
2352,10,"Sheepmeat",857090
1949,4,"Beef",54604
926,29,"Sheepmeat",1264543
906,8,"Sheepmeat",132426
1544,9,"Sheepmeat",1368101
2831,7,"Beef",25193
1007,16,"Forestry",631320
3012,4,"Beef",11582633
2958,1,"Dairy",294373
2244,11,"Forestry",2351158
2388,27,"Sheepmeat",696486
902,9,"Sheepmeat",41696
1777,17,"Fruit",302905
2842,15,"Forestry",6586781
3011,17,"Fruit",8243026
1069,28,"Sheepmeat",2807
2973,29,"Sheepmeat",15403287
2187,14,"Forestry",22903
2926,13,"Forestry",166044
2966,25,"Veges",1508815
1511,6,"Beef",21666
1812,13,"Forestry",2139
1246,16,"Forestry",76750
448,16,"Forestry",1398
2854,28,"Sheepmeat",387484
2692,4,"Beef",39270225
1080,15,"Forestry",1638
2520,18,"Fruit",150692
1176,4,"Beef",5094575
2968,11,"Forestry",2994
1998,28,"Sheepmeat",5171772
2189,27,"Sheepmeat",210681
2436,11,"Forestry",2143621
2586,29,"Sheepmeat",108967338
1488,16,"Forestry",1045988
1460,27,"Sheepmeat",1115770
2406,8,"Sheepmeat",1307646
1924,8,"Sheepmeat",7223129
132,8,"Sheepmeat",115394
408,29,"Sheepmeat",1168
988,21,"Fruit",184575
1630,9,"Sheepmeat",117141
3136,21,"Fruit",175973
2925,2,"Beef",5843952
1263,29,"Sheepmeat",93717
1748,27,"Sheepmeat",224324
212,3,"Beef",6376
1316,26,"Veges",1235
841,8,"Sheepmeat",177105
71,20,"Fruit",142665
3145,3,"Beef",12703940
2898,27,"Sheepmeat",20169305
3023,19,"Fruit",1775911
2392,13,"Forestry",277472
2410,2,"Beef",2878
2807,14,"Forestry",171536
2502,10,"Sheepmeat",25589329
3108,2,"Beef",1552919
2659,23,"Veges",26257752
2011,4,"Beef",392677
2403,28,"Sheepmeat",88937
315,3,"Beef",625260
1831,15,"Forestry",6033
757,8,"Sheepmeat",4889
1715,8,"Sheepmeat",18627
1647,23,"Veges",5052
1251,16,"Forestry",55165
1428,24,"Veges",378836
1297,10,"Sheepmeat",367958
2928,27,"Sheepmeat",216417
1666,29,"Sheepmeat",29690
2889,18,"Fruit",545293
872,10,"Sheepmeat",30689
2802,16,"Forestry",60380762
849,29,"Sheepmeat",1231678
2879,26,"Veges",12933027
1871,4,"Beef",1414892
2797,21,"Fruit",4323
1431,10,"Sheepmeat",24463788
1784,23,"Veges",168603
1578,28,"Sheepmeat",34730575
2937,26,"Veges",2512069
2938,27,"Sheepmeat",1818069
1393,10,"Sheepmeat",2494
2905,6,"Beef",8405
2436,9,"Sheepmeat",11346414
734,15,"Forestry",1583
3122,12,"Forestry",2533390
3063,8,"Sheepmeat",6168124
2204,4,"Beef",27596
2597,21,"Fruit",229926
71,27,"Sheepmeat",20567324
1647,10,"Sheepmeat",831854
3152,20,"Fruit",2461949
2940,15,"Forestry",3895319
2777,3,"Beef",42761290
921,28,"Sheepmeat",55617
832,20,"Fruit",122929
1744,28,"Sheepmeat",69251
1042,8,"Sheepmeat",3789460
1181,2,"Beef",26039
1863,27,"Sheepmeat",1710836
1116,21,"Fruit",389795
1394,26,"Veges",179093
2920,7,"Beef",25193
1135,2,"Beef",1908289
1951,8,"Sheepmeat",53974
1576,21,"Fruit",203202
1811,9,"Sheepmeat",514129
532,28,"Sheepmeat",1124326
1242,2,"Beef",741488
1714,16,"Forestry",2018
1888,2,"Beef",3378907
1045,9,"Sheepmeat",62670
3033,21,"Fruit",175973
728,20,"Fruit",1032
1510,22,"Fruit",282428
1954,29,"Sheepmeat",5783459
2871,18,"Fruit",1938530
3111,15,"Forestry",207939
1268,3,"Beef",43042
2140,29,"Sheepmeat",1921108
3,27,"Sheepmeat",17232098
1169,11,"Forestry",4794
1292,14,"Forestry",5840
3156,15,"Forestry",5313238
3039,24,"Veges",27808414
1126,2,"Beef",331730
2181,14,"Forestry",2906
2796,5,"Beef",8405
2414,27,"Sheepmeat",5614
2093,27,"Sheepmeat",1362415
194,3,"Beef",6376
1955,12,"Forestry",334537
2267,23,"Veges",62615
1872,9,"Sheepmeat",484980
2725,10,"Sheepmeat",14075444
1060,20,"Fruit",16088
2498,9,"Sheepmeat",804813
2077,23,"Veges",6334049
1072,26,"Veges",144419
3157,20,"Fruit",2162
1264,27,"Sheepmeat",308584
1443,4,"Beef",5285618
1522,26,"Veges",2599726
1429,8,"Sheepmeat",1500
1016,8,"Sheepmeat",47841
2222,11,"Forestry",2477492
1165,27,"Sheepmeat",160153
1034,9,"Sheepmeat",129851
2082,9,"Sheepmeat",1978216
2311,8,"Sheepmeat",542916
2819,4,"Beef",20802328
885,8,"Sheepmeat",149482
671,28,"Sheepmeat",1210
842,15,"Forestry",233774
1337,16,"Forestry",2886819
2403,25,"Veges",2090288
960,16,"Forestry",1292
3038,8,"Sheepmeat",27338895
1044,26,"Veges",11235
863,19,"Fruit",7129442
1985,8,"Sheepmeat",1472452
1521,14,"Forestry",54084
1056,15,"Forestry",1382139
2515,18,"Fruit",103601
2408,16,"Forestry",581136
1940,29,"Sheepmeat",1264199
2025,3,"Beef",140033
1146,12,"Forestry",2453
2958,8,"Sheepmeat",5906601
1246,3,"Beef",117738
941,18,"Fruit",294332
2908,2,"Beef",5929514
1984,8,"Sheepmeat",149482
2998,29,"Sheepmeat",382982
2070,27,"Sheepmeat",194686
2145,9,"Sheepmeat",142960
3008,8,"Sheepmeat",8291
1012,23,"Veges",144838
2051,25,"Veges",32566922
2303,25,"Veges",12090250
1411,17,"Fruit",583512
1469,2,"Beef",10568
2802,4,"Beef",17901204
1161,11,"Forestry",11963
1556,26,"Veges",573313
558,4,"Beef",144628
2953,11,"Forestry",12101
1969,4,"Beef",65616
3134,29,"Sheepmeat",104746601
3146,8,"Sheepmeat",26849218
3067,15,"Forestry",6580738
523,28,"Sheepmeat",14383
1115,8,"Sheepmeat",645390
1292,12,"Forestry",70697
2938,16,"Forestry",7984068
3135,20,"Fruit",88012
3101,14,"Forestry",57818
3154,26,"Veges",4447062
3118,24,"Veges",767337
1849,8,"Sheepmeat",32746
1227,4,"Beef",6560
2757,15,"Forestry",239802
1185,28,"Sheepmeat",6707280
1448,2,"Beef",36065
2049,17,"Fruit",17943
756,15,"Forestry",11406
3102,16,"Forestry",20332724
922,17,"Fruit",9406983
2504,10,"Sheepmeat",25699949
2783,3,"Beef",944484
3038,5,"Beef",178929
2806,25,"Veges",6083886
1177,3,"Beef",360575
2787,16,"Forestry",6922919
3055,15,"Forestry",638446
277,17,"Fruit",910310
2830,8,"Sheepmeat",24526620
481,26,"Veges",16249987
1863,11,"Forestry",42663
1822,15,"Forestry",474194
2117,9,"Sheepmeat",237425
2243,11,"Forestry",57121
2946,29,"Sheepmeat",5332223
1426,23,"Veges",421314
1770,28,"Sheepmeat",464646
2015,2,"Beef",282957
1828,2,"Beef",39335
1228,2,"Beef",764171
2912,1,"Dairy",294373
1107,15,"Forestry",41736
979,29,"Sheepmeat",13289
2834,13,"Forestry",242970
2940,9,"Sheepmeat",10869649
2807,11,"Forestry",2208088
2094,29,"Sheepmeat",14435215
2499,10,"Sheepmeat",24784517
2358,2,"Beef",1448
2960,26,"Veges",1171912
1318,28,"Sheepmeat",215661
2426,19,"Fruit",14578
2948,4,"Beef",25903
1178,10,"Sheepmeat",44999
1200,4,"Beef",55899
2824,4,"Beef",28678327
2443,12,"Forestry",2971
1262,9,"Sheepmeat",238783
1805,14,"Forestry",17236
1063,24,"Veges",3116
2868,20,"Fruit",578648
825,27,"Sheepmeat",7453
2960,14,"Forestry",68513
906,20,"Fruit",5770
2335,3,"Beef",46713
1578,4,"Beef",39270225
916,26,"Veges",7381
1044,9,"Sheepmeat",724800
2743,19,"Fruit",6468623
2868,26,"Veges",6516127
2508,24,"Veges",39391627
3129,4,"Beef",38351509
1116,25,"Veges",475964
2880,17,"Fruit",559234
1969,3,"Beef",21545
2510,25,"Veges",39391627
2060,17,"Fruit",3010067
2238,29,"Sheepmeat",23288
1445,28,"Sheepmeat",63968
2809,11,"Forestry",2210854
1525,24,"Veges",6466925
3127,15,"Forestry",6580738
2794,13,"Forestry",69530
2043,8,"Sheepmeat",7442
3041,5,"Beef",178929
1474,28,"Sheepmeat",420160
1908,13,"Forestry",6752
2925,13,"Forestry",168950
3051,28,"Sheepmeat",19202105
2127,16,"Forestry",3933324
1119,15,"Forestry",1031
2870,22,"Fruit",121456
2861,13,"Forestry",3958
3066,15,"Forestry",6580738
2504,16,"Forestry",60302033
2806,8,"Sheepmeat",13309654
2436,5,"Beef",8405
805,8,"Sheepmeat",8418
1798,4,"Beef",695142
609,4,"Beef",23620
3045,1,"Dairy",6318043
2753,8,"Sheepmeat",5783007
1103,9,"Sheepmeat",135196
2349,11,"Forestry",2412
1000,9,"Sheepmeat",1508477
3131,14,"Forestry",242970
1799,10,"Sheepmeat",84458
2200,10,"Sheepmeat",34759
914,18,"Fruit",917533
2347,9,"Sheepmeat",337632
1815,9,"Sheepmeat",62864
1047,9,"Sheepmeat",44457
1943,3,"Beef",2176
2407,15,"Forestry",495390
823,4,"Beef",339323
687,3,"Beef",26861
1519,26,"Veges",13579597
2236,28,"Sheepmeat",2176
1176,24,"Veges",173445
2999,21,"Fruit",598539
3011,16,"Forestry",6699
2304,8,"Sheepmeat",32036
473,3,"Beef",3412
3154,27,"Sheepmeat",19724407
2567,11,"Forestry",2370
2753,6,"Beef",178929
3126,18,"Fruit",701154
2930,19,"Fruit",38591
2780,8,"Sheepmeat",489788
2955,8,"Sheepmeat",525270
2396,8,"Sheepmeat",53974
2227,10,"Sheepmeat",225884
1509,29,"Sheepmeat",1601
2756,12,"Forestry",89988
1965,14,"Forestry",1429
2027,4,"Beef",3002161
2725,24,"Veges",309719
1552,24,"Veges",8417635
2880,5,"Beef",8405
2650,6,"Beef",8405
2414,28,"Sheepmeat",5614
2919,16,"Forestry",63531072
2005,10,"Sheepmeat",4006152
3138,29,"Sheepmeat",104894180
1012,18,"Fruit",931797
2830,1,"Dairy",294373
2094,10,"Sheepmeat",3450648
1500,20,"Fruit",17588
1948,13,"Forestry",3941
2871,27,"Sheepmeat",119348954
2753,12,"Forestry",33151
1113,27,"Sheepmeat",93016
2934,4,"Beef",236434
774,3,"Beef",8300
1868,13,"Forestry",1435
1687,27,"Sheepmeat",2569
2405,28,"Sheepmeat",1982298
1829,14,"Forestry",32506
2073,2,"Beef",167729
2770,9,"Sheepmeat",25909810
1190,28,"Sheepmeat",623790
1590,10,"Sheepmeat",25699949
3162,20,"Fruit",88012
2204,12,"Forestry",784979
693,27,"Sheepmeat",4491
2414,20,"Fruit",9516
669,10,"Sheepmeat",17940
2983,28,"Sheepmeat",1778
1224,26,"Veges",233569
1861,16,"Forestry",2281148
1066,17,"Fruit",402532
1814,29,"Sheepmeat",558494
911,2,"Beef",4794
1634,4,"Beef",509548
2385,16,"Forestry",6242873
2633,22,"Fruit",97623
3124,10,"Sheepmeat",24527224
1046,4,"Beef",194680
1145,16,"Forestry",295175
1924,2,"Beef",3417547
1998,27,"Sheepmeat",5171772
2362,4,"Beef",1234830
1642,4,"Beef",57501
1317,28,"Sheepmeat",797192
3169,9,"Sheepmeat",7504452
1205,23,"Veges",637600
2227,27,"Sheepmeat",315500
2221,28,"Sheepmeat",158340
52,8,"Sheepmeat",12162306
237,4,"Beef",189893
2312,8,"Sheepmeat",15893
2946,9,"Sheepmeat",1222310
3042,16,"Forestry",71910532
1981,10,"Sheepmeat",617266
2662,23,"Veges",26257752
1096,29,"Sheepmeat",794129
1787,9,"Sheepmeat",264661
3152,24,"Veges",4122520
952,9,"Sheepmeat",121804
2807,18,"Fruit",16757
2995,4,"Beef",179795
2231,15,"Forestry",35134
2137,16,"Forestry",29745
2215,27,"Sheepmeat",810906
866,25,"Veges",746545
1464,28,"Sheepmeat",12113
2789,24,"Veges",366120
2753,29,"Sheepmeat",22518214
3106,5,"Beef",135931
346,28,"Sheepmeat",2350
2722,21,"Fruit",4323
65,1,"Dairy",845322
1446,27,"Sheepmeat",38620
3156,7,"Beef",537577
2552,27,"Sheepmeat",466858
134,15,"Forestry",6043
1229,8,"Sheepmeat",147180
2436,13,"Forestry",168950
1337,29,"Sheepmeat",70450
3162,27,"Sheepmeat",34493512
3112,4,"Beef",19753474
755,9,"Sheepmeat",4543
3017,17,"Fruit",17270271
1421,16,"Forestry",3852
3033,8,"Sheepmeat",26627020
1745,28,"Sheepmeat",63169
1963,4,"Beef",1467
2204,14,"Forestry",72223
1435,10,"Sheepmeat",24457381
830,27,"Sheepmeat",275208
1098,2,"Beef",34384
2803,10,"Sheepmeat",11171976
579,17,"Fruit",103601
2956,12,"Forestry",1158367
1551,16,"Forestry",60302033
3167,20,"Fruit",1899579
2339,18,"Fruit",512911
2181,28,"Sheepmeat",15611
1215,2,"Beef",2275459
1572,27,"Sheepmeat",36039194
1907,8,"Sheepmeat",26594
1825,8,"Sheepmeat",809166
921,17,"Fruit",10428828
1259,29,"Sheepmeat",1240848
1675,28,"Sheepmeat",5323
1932,3,"Beef",16380
3075,15,"Forestry",55906
1291,3,"Beef",102683
1503,16,"Forestry",757175
2303,17,"Fruit",47341371
1293,10,"Sheepmeat",99113
1286,2,"Beef",4578
3126,12,"Forestry",3175122
2518,29,"Sheepmeat",22086
577,25,"Veges",148537
2996,28,"Sheepmeat",58529
2527,3,"Beef",340426
1429,10,"Sheepmeat",1394
1586,29,"Sheepmeat",108967338
2969,3,"Beef",63562
1248,4,"Beef",1325992
2966,26,"Veges",622136
2082,10,"Sheepmeat",1978216
3129,22,"Fruit",43319
574,29,"Sheepmeat",6575774
1549,10,"Sheepmeat",25702343
2868,23,"Veges",16338827
3113,9,"Sheepmeat",13634206
3024,27,"Sheepmeat",34730575
2824,2,"Beef",9248514
1513,8,"Sheepmeat",140400
3070,6,"Beef",178929
1676,16,"Forestry",6781288
1049,4,"Beef",2473476
2828,25,"Veges",30807396
2361,29,"Sheepmeat",186970
2797,13,"Forestry",133864
1377,12,"Forestry",65481
1989,10,"Sheepmeat",1136752
3138,12,"Forestry",3175122
2558,29,"Sheepmeat",1319
1387,29,"Sheepmeat",38295
3056,4,"Beef",12205309
1832,2,"Beef",391527
3123,21,"Fruit",1565195
849,4,"Beef",224753
2051,16,"Forestry",171407569
2440,7,"Beef",58871
3042,7,"Beef",537577
1138,15,"Forestry",41793
3068,2,"Beef",12080317
3005,9,"Sheepmeat",24550779
1389,29,"Sheepmeat",46913
2589,27,"Sheepmeat",35854901
1299,11,"Forestry",3971
2265,29,"Sheepmeat",2667
1306,16,"Forestry",4690231
520,12,"Forestry",4683
3054,8,"Sheepmeat",14769102
2984,16,"Forestry",6906902
1923,10,"Sheepmeat",23253
1249,3,"Beef",482230
1688,3,"Beef",698264
3052,1,"Dairy",294373
2803,19,"Fruit",38591
3154,13,"Forestry",197471
844,21,"Fruit",237471
1114,16,"Forestry",686396
3001,9,"Sheepmeat",25917917
3103,6,"Beef",275924
1889,12,"Forestry",383803
1860,11,"Forestry",86558
3162,23,"Veges",26257752
1185,4,"Beef",5094575
1779,10,"Sheepmeat",5862
1049,23,"Veges",1813661
74,20,"Fruit",38640
1781,16,"Forestry",187414
2419,27,"Sheepmeat",214157
1213,17,"Fruit",640913
917,15,"Forestry",6780539
1483,23,"Veges",3733
1815,12,"Forestry",42878
3044,16,"Forestry",3321167
1873,15,"Forestry",24396
2336,2,"Beef",46713
1441,12,"Forestry",462553
2070,13,"Forestry",5372
1769,29,"Sheepmeat",1746502
75,21,"Fruit",268968
1014,3,"Beef",1030610
1180,15,"Forestry",34842
3065,6,"Beef",8405
2274,3,"Beef",257810
3028,7,"Beef",25193
2817,6,"Beef",8405
1254,29,"Sheepmeat",718644
1629,9,"Sheepmeat",153138
523,9,"Sheepmeat",7823
2723,26,"Veges",113137
3157,7,"Beef",25193
274,25,"Veges",51481877
2947,13,"Forestry",4347
2589,20,"Fruit",114997
1894,11,"Forestry",93050
1978,12,"Forestry",1662
3107,27,"Sheepmeat",2682221
1258,28,"Sheepmeat",430413
1063,28,"Sheepmeat",1193
2807,22,"Fruit",1080
198,2,"Beef",6376
3127,21,"Fruit",175973
1783,23,"Veges",385265
3106,7,"Beef",408691
1221,29,"Sheepmeat",503791
3038,17,"Fruit",8927032
1110,3,"Beef",271043
1778,8,"Sheepmeat",128503
1648,12,"Forestry",2103
2865,10,"Sheepmeat",84737483
2999,26,"Veges",21833422
2568,11,"Forestry",96574
2832,24,"Veges",31412107
2926,22,"Fruit",1080
1649,11,"Forestry",2103
212,17,"Fruit",47341371
1945,15,"Forestry",834646
906,17,"Fruit",63072
1022,2,"Beef",11752
1200,8,"Sheepmeat",17474
3006,5,"Beef",8405
756,27,"Sheepmeat",7599
2775,10,"Sheepmeat",86806787
3070,29,"Sheepmeat",29331821
2722,2,"Beef",3566015
2040,3,"Beef",1343427
384,28,"Sheepmeat",34730575
519,3,"Beef",39341
3156,2,"Beef",11536701
914,26,"Veges",204762
755,15,"Forestry",11406
1503,3,"Beef",123517
2912,3,"Beef",5921873
1827,15,"Forestry",6036
71,28,"Sheepmeat",20567324
2551,20,"Fruit",7193
2782,28,"Sheepmeat",3386205
3037,28,"Sheepmeat",34332590
1110,15,"Forestry",57933
2127,12,"Forestry",132861
3117,4,"Beef",11726808
2026,8,"Sheepmeat",1540196
1127,11,"Forestry",8669
1714,9,"Sheepmeat",27191
2918,10,"Sheepmeat",12468
839,5,"Beef",187244
2881,15,"Forestry",6185240
1111,14,"Forestry",2194
896,13,"Forestry",279927
968,29,"Sheepmeat",2667
1701,10,"Sheepmeat",1236587
1436,22,"Fruit",179275
992,23,"Veges",4810350
941,24,"Veges",236694
672,8,"Sheepmeat",1555
1066,24,"Veges",910924
931,22,"Fruit",64077
524,27,"Sheepmeat",14383
2765,9,"Sheepmeat",23155868
2060,28,"Sheepmeat",1748
27,27,"Sheepmeat",2569934
2176,18,"Fruit",109510
2762,29,"Sheepmeat",97150620
1265,14,"Forestry",2214
3039,28,"Sheepmeat",34246071
2963,6,"Beef",8405
14,28,"Sheepmeat",53311
2513,2,"Beef",1748
2141,28,"Sheepmeat",444240
1446,23,"Veges",422798
981,10,"Sheepmeat",1084654
3142,5,"Beef",8405
1310,8,"Sheepmeat",6433
1056,3,"Beef",731047
2021,20,"Fruit",202016
2746,7,"Beef",408691
1699,16,"Forestry",693692
1823,8,"Sheepmeat",5565
701,15,"Forestry",4434
2589,21,"Fruit",229926
1909,2,"Beef",3514576
1553,27,"Sheepmeat",36036368
2500,23,"Veges",26257752
3031,29,"Sheepmeat",104807157
2772,4,"Beef",131104723
2426,17,"Fruit",6061
1961,3,"Beef",298990
1530,28,"Sheepmeat",143177
919,18,"Fruit",11898661
1039,4,"Beef",27864
1056,22,"Fruit",29257
2996,15,"Forestry",6824256
1825,28,"Sheepmeat",1045931
2274,11,"Forestry",30563
608,9,"Sheepmeat",7823
689,18,"Fruit",430638
1275,8,"Sheepmeat",390937
2949,23,"Veges",3561652
2323,29,"Sheepmeat",103551713
2959,28,"Sheepmeat",7660732
2404,12,"Forestry",434076
1114,10,"Sheepmeat",2476898
1615,24,"Veges",6466925
2839,20,"Fruit",88012
3030,1,"Dairy",294373
895,28,"Sheepmeat",10970220
1376,9,"Sheepmeat",1234968
2993,28,"Sheepmeat",1227
3037,2,"Beef",11553982
2820,1,"Dairy",294373
945,14,"Forestry",199803
898,21,"Fruit",566242
1130,12,"Forestry",22538
1107,8,"Sheepmeat",199636
3127,23,"Veges",26257752
1554,10,"Sheepmeat",25710687
922,19,"Fruit",20707710
2999,4,"Beef",857398
841,28,"Sheepmeat",258114
1448,23,"Veges",247736
65,9,"Sheepmeat",14551944
2397,13,"Forestry",5975
3003,4,"Beef",3493795
1100,3,"Beef",14754
2831,4,"Beef",37393102
1927,10,"Sheepmeat",29758
910,10,"Sheepmeat",4855
2819,26,"Veges",9694764
1113,16,"Forestry",4245
2585,10,"Sheepmeat",25589329
1554,7,"Beef",25193
2020,10,"Sheepmeat",564497
2808,27,"Sheepmeat",17176041
1855,2,"Beef",38145
1629,18,"Fruit",154648
2339,26,"Veges",673722
767,2,"Beef",1291
2933,22,"Fruit",1080
2979,14,"Forestry",20882
2825,28,"Sheepmeat",26291192
1122,2,"Beef",186385
2152,27,"Sheepmeat",9472
1210,11,"Forestry",28564
291,2,"Beef",14169
1820,3,"Beef",175852
1030,14,"Forestry",4678
2362,9,"Sheepmeat",549344
1324,8,"Sheepmeat",4652632
1344,4,"Beef",266023
1871,10,"Sheepmeat",582678
906,18,"Fruit",63072
3109,10,"Sheepmeat",1176661
271,3,"Beef",3501
3053,22,"Fruit",1080
1811,12,"Forestry",30563
2841,24,"Veges",31465611
1677,9,"Sheepmeat",249622
2036,4,"Beef",7471463
3022,20,"Fruit",101630
983,9,"Sheepmeat",35400
1293,2,"Beef",98151
1116,16,"Forestry",4205
2839,7,"Beef",25193
1023,13,"Forestry",1938
1225,8,"Sheepmeat",1047807
2794,1,"Dairy",294373
1953,4,"Beef",9232380
1347,4,"Beef",3188
2260,9,"Sheepmeat",11598
3113,8,"Sheepmeat",14837706
2794,8,"Sheepmeat",5858101
3017,19,"Fruit",38023047
1577,28,"Sheepmeat",34730575
1580,28,"Sheepmeat",34730575
3132,4,"Beef",38150569
1291,28,"Sheepmeat",502868
2514,24,"Veges",6466925
1187,14,"Forestry",5074
2842,2,"Beef",12703940
935,2,"Beef",17806
2929,6,"Beef",8405
2016,4,"Beef",1255139
2724,15,"Forestry",471286
1658,15,"Forestry",25070
579,15,"Forestry",1583
2206,10,"Sheepmeat",386854
2072,29,"Sheepmeat",102179
2763,1,"Dairy",6318043
796,16,"Forestry",171624776
2946,14,"Forestry",4347
952,21,"Fruit",56104
1103,11,"Forestry",22538
1327,28,"Sheepmeat",97097
727,4,"Beef",6922
901,8,"Sheepmeat",5224
1808,3,"Beef",53525
3043,6,"Beef",178929
2970,16,"Forestry",21576480
1325,4,"Beef",60166
1677,12,"Forestry",190850
1320,10,"Sheepmeat",855194
2286,28,"Sheepmeat",254570
2378,13,"Forestry",34078
1965,8,"Sheepmeat",368253
3141,2,"Beef",141754
3048,5,"Beef",178929
1985,11,"Forestry",94406
2723,27,"Sheepmeat",388625
298,19,"Fruit",38023047
1318,4,"Beef",569539
2551,8,"Sheepmeat",5638246
3119,25,"Veges",115826
2198,4,"Beef",54773
2518,8,"Sheepmeat",1555
3009,22,"Fruit",73443
1348,3,"Beef",1507
1465,2,"Beef",29718
1224,10,"Sheepmeat",62454
2312,22,"Fruit",9209
2998,24,"Veges",58177163
2281,16,"Forestry",3559345
1419,29,"Sheepmeat",134321
2826,3,"Beef",9647798
2046,13,"Forestry",20790
1761,19,"Fruit",187671
3155,6,"Beef",178929
2667,29,"Sheepmeat",108967338
2218,2,"Beef",15398
1148,14,"Forestry",3313
2519,10,"Sheepmeat",1445
1293,28,"Sheepmeat",137866
1348,10,"Sheepmeat",1083
2007,29,"Sheepmeat",1905
2403,26,"Veges",864037
2439,3,"Beef",1119740
2806,15,"Forestry",4499360
2243,15,"Forestry",121239
905,8,"Sheepmeat",396451
1809,11,"Forestry",204420
2437,16,"Forestry",62752875
3030,16,"Forestry",96844843
2745,24,"Veges",6375623
2822,6,"Beef",8405
892,10,"Sheepmeat",317561
1497,28,"Sheepmeat",229814
2784,16,"Forestry",6900067
1915,4,"Beef",6512
1656,28,"Sheepmeat",139007
3033,5,"Beef",8405
2181,15,"Forestry",68309
2940,11,"Forestry",1917858
2997,2,"Beef",104869
3156,14,"Forestry",199803
35,29,"Sheepmeat",44814
1056,2,"Beef",731047
2873,20,"Fruit",184377
2195,16,"Forestry",171522588
1543,28,"Sheepmeat",1075967
434,28,"Sheepmeat",388625
1762,3,"Beef",54762
1707,13,"Forestry",8566
928,12,"Forestry",95338
883,9,"Sheepmeat",46613
2581,28,"Sheepmeat",18539
2814,12,"Forestry",2578862
1522,2,"Beef",1052663
1863,24,"Veges",1751349
1229,25,"Veges",527882
1535,1,"Dairy",1254
1039,9,"Sheepmeat",11851
2837,12,"Forestry",3175122
980,2,"Beef",6282507
2838,22,"Fruit",43319
3095,29,"Sheepmeat",97880162
3103,20,"Fruit",565640
2863,25,"Veges",31412107
1787,3,"Beef",120825
2357,8,"Sheepmeat",3430
860,23,"Veges",248835
1185,15,"Forestry",3060954
2932,12,"Forestry",56811
211,4,"Beef",22175
1179,27,"Sheepmeat",85697
1589,7,"Beef",25193
414,27,"Sheepmeat",7599
1627,24,"Veges",692749
5,29,"Sheepmeat",55053047
1190,11,"Forestry",31958
1076,27,"Sheepmeat",3714
1970,8,"Sheepmeat",201174
1849,29,"Sheepmeat",130002
1840,9,"Sheepmeat",71852
1180,4,"Beef",4939
2223,9,"Sheepmeat",6630545
211,17,"Fruit",47341371
1846,4,"Beef",22572
2557,10,"Sheepmeat",800585
376,2,"Beef",1156
3163,15,"Forestry",841364
2828,20,"Fruit",69702
2004,4,"Beef",5005558
1436,23,"Veges",4697928
151,10,"Sheepmeat",106272
2723,21,"Fruit",67070
1040,15,"Forestry",54423
1812,8,"Sheepmeat",64998
1514,13,"Forestry",5372
833,27,"Sheepmeat",10976509
1778,15,"Forestry",4385
1212,8,"Sheepmeat",6566486
2942,3,"Beef",5105005
1212,10,"Sheepmeat",6096206
75,17,"Fruit",1051114
2017,8,"Sheepmeat",1754845
2816,28,"Sheepmeat",20138152
888,2,"Beef",45014
3026,9,"Sheepmeat",24784517
1315,29,"Sheepmeat",112314
3147,24,"Veges",31465611
2025,9,"Sheepmeat",477913
3096,4,"Beef",4649
3168,18,"Fruit",2579382
807,24,"Veges",39391627
3027,28,"Sheepmeat",34730575
3073,2,"Beef",328327
3028,6,"Beef",8405
1199,2,"Beef",17840
873,11,"Forestry",12610
2954,15,"Forestry",25421
1819,3,"Beef",182494
2769,19,"Fruit",70923294
1237,4,"Beef",96473
105,10,"Sheepmeat",23253
2808,14,"Forestry",171536
1436,25,"Veges",4540371
2874,22,"Fruit",773058
65,7,"Beef",71911
2224,28,"Sheepmeat",197094
1761,3,"Beef",89746
906,25,"Veges",94873
1382,9,"Sheepmeat",89599
1214,19,"Fruit",1412978
2406,2,"Beef",821233
298,8,"Sheepmeat",121973
1391,26,"Veges",84628
2195,25,"Veges",32924701
846,25,"Veges",7280775
1378,15,"Forestry",88668
2877,12,"Forestry",3285119
2218,8,"Sheepmeat",22763
2727,29,"Sheepmeat",5133897
994,10,"Sheepmeat",1076249
2940,5,"Beef",8405
2874,9,"Sheepmeat",60158187
1499,12,"Forestry",11033
1047,2,"Beef",62693
1180,10,"Sheepmeat",61608
1115,12,"Forestry",28007
1050,26,"Veges",337833
2513,18,"Fruit",3010067
2955,3,"Beef",226332
2724,28,"Sheepmeat",19984771
132,29,"Sheepmeat",517428
1877,27,"Sheepmeat",567955
2033,17,"Fruit",625463
1470,9,"Sheepmeat",111798
2768,11,"Forestry",7096
2210,2,"Beef",133397
1824,16,"Forestry",5920586
2342,2,"Beef",27489
1424,3,"Beef",15745
2940,16,"Forestry",55973445
3122,16,"Forestry",75298441
2393,14,"Forestry",12759
2294,26,"Veges",21237845
1640,9,"Sheepmeat",440777
997,26,"Veges",4682381
579,9,"Sheepmeat",804813
1846,9,"Sheepmeat",36139
2133,10,"Sheepmeat",1744984
2202,28,"Sheepmeat",409705
2540,28,"Sheepmeat",9559
2022,3,"Beef",169717
2136,16,"Forestry",34767
1378,16,"Forestry",1342312
2290,9,"Sheepmeat",6872
2234,8,"Sheepmeat",682566
964,28,"Sheepmeat",16970
1280,27,"Sheepmeat",123041
2868,3,"Beef",41649456
558,29,"Sheepmeat",408404
2227,4,"Beef",107558
3144,5,"Beef",8405
2597,4,"Beef",40355453
1620,28,"Sheepmeat",1291
1163,10,"Sheepmeat",862335
1864,26,"Veges",721908
2873,27,"Sheepmeat",119896576
3099,27,"Sheepmeat",32163572
1040,11,"Forestry",26994
1745,8,"Sheepmeat",46977
2827,17,"Fruit",559234
1250,20,"Fruit",2162
1672,8,"Sheepmeat",244026
1231,4,"Beef",1575
2907,26,"Veges",2512069
3101,3,"Beef",42530533
3050,23,"Veges",7893688
574,10,"Sheepmeat",1545085
3,11,"Forestry",170481
3102,29,"Sheepmeat",363091335
2824,3,"Beef",9248514
757,15,"Forestry",11406
2826,16,"Forestry",90230458
1047,23,"Veges",849363
2133,12,"Forestry",173645
1938,8,"Sheepmeat",46776
1187,28,"Sheepmeat",1512831
1822,8,"Sheepmeat",75173
1510,12,"Forestry",2584
2526,16,"Forestry",159453
412,8,"Sheepmeat",43056
1830,12,"Forestry",60352
2443,4,"Beef",7265259
1372,11,"Forestry",8464
3118,11,"Forestry",162210
1127,15,"Forestry",25104
1212,11,"Forestry",1556115
1291,4,"Beef",311765
946,28,"Sheepmeat",16590
1576,17,"Fruit",806709
557,9,"Sheepmeat",804813
3050,5,"Beef",8405
2188,11,"Forestry",2370
3095,11,"Forestry",2408658
2264,4,"Beef",16682
952,28,"Sheepmeat",169430
987,6,"Beef",21666
1016,24,"Veges",817942
434,26,"Veges",66728
2762,21,"Fruit",405738
2329,15,"Forestry",17011
2769,20,"Fruit",104496
2846,19,"Fruit",5144405
911,8,"Sheepmeat",5224
1031,18,"Fruit",1894378
1446,25,"Veges",408709
151,21,"Fruit",27229
1227,9,"Sheepmeat",23778
1871,23,"Veges",1811724
1173,4,"Beef",1375422
445,29,"Sheepmeat",52030
3131,7,"Beef",25193
1587,7,"Beef",25193
532,4,"Beef",1085228
1768,14,"Forestry",6893
1198,28,"Sheepmeat",22587
3100,1,"Dairy",4810716
572,9,"Sheepmeat",4228
1466,27,"Sheepmeat",1448
2791,11,"Forestry",865769
2952,15,"Forestry",25421
728,2,"Beef",1487
3070,5,"Beef",178929
1656,29,"Sheepmeat",419415
2402,20,"Fruit",27732
2216,27,"Sheepmeat",51416
2808,28,"Sheepmeat",17176041
839,7,"Beef",567066
2922,10,"Sheepmeat",11346414
1495,16,"Forestry",1571
2484,15,"Forestry",1583
2835,11,"Forestry",3175122
1324,14,"Forestry",114947
2347,3,"Beef",64230
2796,29,"Sheepmeat",24936619
1113,18,"Fruit",470137
534,19,"Fruit",227645
1289,4,"Beef",23477
2937,25,"Veges",6083886
3010,18,"Fruit",8360464
1472,9,"Sheepmeat",3160
1891,28,"Sheepmeat",10220876
2304,3,"Beef",41410
2469,4,"Beef",9417
1591,23,"Veges",26257752
2980,29,"Sheepmeat",12797743
1588,13,"Forestry",248343
1800,10,"Sheepmeat",175799
1206,27,"Sheepmeat",7265196
2265,17,"Fruit",164682
3167,11,"Forestry",2572114
2709,28,"Sheepmeat",154973
1678,11,"Forestry",173015
896,11,"Forestry",3379146
766,2,"Beef",4252
2815,21,"Fruit",34546
3167,15,"Forestry",5313238
1034,18,"Fruit",276757
2774,12,"Forestry",601925
3138,19,"Fruit",1543973
1377,27,"Sheepmeat",1724473
690,15,"Forestry",1610
2795,25,"Veges",3441003
2784,11,"Forestry",235512
2932,16,"Forestry",1631504
2764,29,"Sheepmeat",97256356
414,3,"Beef",3412
2842,6,"Beef",8405
2812,19,"Fruit",38591
2950,28,"Sheepmeat",2492
3024,20,"Fruit",101630
2979,12,"Forestry",261753
3144,23,"Veges",26257752
3113,23,"Veges",521041
2129,9,"Sheepmeat",172825
3163,10,"Sheepmeat",1205477
3126,3,"Beef",12476354
2307,25,"Veges",35668
1259,24,"Veges",159978
991,20,"Fruit",513596
2760,7,"Beef",537577
1117,11,"Forestry",84616
1358,10,"Sheepmeat",54125
774,4,"Beef",24880
1499,4,"Beef",3484000
1373,4,"Beef",6559
2873,2,"Beef",42333692
1148,10,"Sheepmeat",1242242
3012,22,"Fruit",586997
594,4,"Beef",10779
2811,28,"Sheepmeat",17452540
2794,4,"Beef",9496791
2948,27,"Sheepmeat",5555
949,12,"Forestry",24111
2405,16,"Forestry",10701561
1368,27,"Sheepmeat",11861
885,4,"Beef",435583
2130,8,"Sheepmeat",78042
1040,8,"Sheepmeat",460980
3104,27,"Sheepmeat",3315423
3121,24,"Veges",25203821
1206,9,"Sheepmeat",5214257
905,27,"Sheepmeat",512454
912,8,"Sheepmeat",5224
945,29,"Sheepmeat",57222
1800,11,"Forestry",123159
2571,8,"Sheepmeat",185981
2989,16,"Forestry",6676
954,14,"Forestry",7986
1690,4,"Beef",3307859
935,19,"Fruit",3908422
802,25,"Veges",2857629
848,10,"Sheepmeat",2491336
3088,4,"Beef",1350773
1264,12,"Forestry",245713
2837,19,"Fruit",1543973
1269,29,"Sheepmeat",1323662
671,29,"Sheepmeat",4861
2805,27,"Sheepmeat",16818376
1698,2,"Beef",757778
840,4,"Beef",4883
611,3,"Beef",6913
1894,15,"Forestry",189118
1709,4,"Beef",4209
1471,28,"Sheepmeat",148520
1828,27,"Sheepmeat",114501
1132,3,"Beef",418236
2606,28,"Sheepmeat",34730575
1990,11,"Forestry",11963
1939,9,"Sheepmeat",5409
2755,3,"Beef",4444448
2156,20,"Fruit",16286
2903,16,"Forestry",7837581
1093,16,"Forestry",7360
435,26,"Veges",21237845
999,23,"Veges",6386519
2281,8,"Sheepmeat",917797
3049,10,"Sheepmeat",7015325
2992,29,"Sheepmeat",4731
2690,10,"Sheepmeat",24784517
2833,19,"Fruit",1543973
3127,3,"Beef",12532932
1216,16,"Forestry",15053
951,16,"Forestry",2293
2824,11,"Forestry",2960009
3013,22,"Fruit",213724
3103,17,"Fruit",4462076
2918,28,"Sheepmeat",18643
725,19,"Fruit",17577
1589,10,"Sheepmeat",25589329
1824,29,"Sheepmeat",35205
1570,28,"Sheepmeat",247462
2813,24,"Veges",10490617
1088,22,"Fruit",2224
1444,3,"Beef",1234370
1220,11,"Forestry",99093
894,24,"Veges",508144
2128,28,"Sheepmeat",1319125
894,23,"Veges",525662
832,18,"Fruit",821419
2821,26,"Veges",12705536
2921,22,"Fruit",1080
1510,20,"Fruit",518064
643,14,"Forestry",5372
2210,15,"Forestry",4800
1898,8,"Sheepmeat",34486
1511,18,"Fruit",4222043
2930,17,"Fruit",16757
3141,19,"Fruit",231939
1647,26,"Veges",2021
1623,9,"Sheepmeat",422253
993,21,"Fruit",366141
2484,8,"Sheepmeat",8418
2223,2,"Beef",3347545
3142,29,"Sheepmeat",105532790
1581,29,"Sheepmeat",105532790
1143,29,"Sheepmeat",2417112
2867,13,"Forestry",95392
2749,12,"Forestry",3097
1650,27,"Sheepmeat",687765
1690,8,"Sheepmeat",1871052
2832,2,"Beef",12206644
3059,27,"Sheepmeat",1829445
2925,1,"Dairy",294373
2206,14,"Forestry",40051
919,14,"Forestry",2333
1262,24,"Veges",1149
1945,16,"Forestry",13715980
1682,28,"Sheepmeat",8300
2232,29,"Sheepmeat",65666
3126,6,"Beef",8405
2920,25,"Veges",6083886
1577,13,"Forestry",242970
682,4,"Beef",2632
2442,15,"Forestry",336147
2888,21,"Fruit",135768
3071,4,"Beef",12368448
2674,25,"Veges",6375623
1215,8,"Sheepmeat",6368484
2828,28,"Sheepmeat",30024338
2744,17,"Fruit",2942782
2806,19,"Fruit",38591
1279,16,"Forestry",5305
1342,4,"Beef",1233
576,16,"Forestry",3158461
3041,1,"Dairy",6318043
2910,18,"Fruit",16757
2674,21,"Fruit",2321
1048,4,"Beef",2473476
1315,28,"Sheepmeat",36806
66,27,"Sheepmeat",20396929
2500,19,"Fruit",1775911
2934,3,"Beef",73008
2791,16,"Forestry",25175825
1046,23,"Veges",849363
955,28,"Sheepmeat",29797
2022,16,"Forestry",15123
2070,8,"Sheepmeat",150616
1879,27,"Sheepmeat",3517447
1335,27,"Sheepmeat",35559
3101,12,"Forestry",675879
235,10,"Sheepmeat",9873
531,17,"Fruit",103601
2688,17,"Fruit",806709
3063,25,"Veges",28379627
2222,10,"Sheepmeat",6648816
2310,27,"Sheepmeat",859922
2649,4,"Beef",40602510
3143,12,"Forestry",3177321
2166,29,"Sheepmeat",692272
1829,15,"Forestry",848829
742,16,"Forestry",3159
1898,4,"Beef",35120
2770,28,"Sheepmeat",36321774
3043,21,"Fruit",610795
1376,26,"Veges",721908
766,3,"Beef",4252
870,16,"Forestry",6699
1550,25,"Veges",12090250
558,19,"Fruit",587232
2793,11,"Forestry",889597
1214,10,"Sheepmeat",5975732
2994,15,"Forestry",6806969
2109,10,"Sheepmeat",2341255
472,9,"Sheepmeat",4543
2551,13,"Forestry",131588
2323,2,"Beef",11553982
2762,6,"Beef",178929
2360,29,"Sheepmeat",3541136
3124,8,"Sheepmeat",27326092
3121,2,"Beef",11377195
833,28,"Sheepmeat",10976509
1525,25,"Veges",6466925
1655,28,"Sheepmeat",516340
3075,16,"Forestry",953003
3102,17,"Fruit",1010046
2437,5,"Beef",8405
1741,10,"Sheepmeat",14553
331,25,"Veges",39391627
3130,7,"Beef",25193
2119,3,"Beef",2194990
1235,25,"Veges",468428
1255,15,"Forestry",1301
2362,12,"Forestry",13322
2933,18,"Fruit",16757
1139,2,"Beef",5250
991,21,"Fruit",1031420
1259,23,"Veges",165493
2910,14,"Forestry",171536
945,2,"Beef",15188
1421,27,"Sheepmeat",70945
2532,17,"Fruit",103601
2568,16,"Forestry",2854531
837,25,"Veges",39391627
2285,28,"Sheepmeat",254570
860,29,"Sheepmeat",32827
1276,27,"Sheepmeat",41394
774,8,"Sheepmeat",5642
1466,25,"Veges",57896
2777,13,"Forestry",16833
1522,7,"Beef",64943
1444,15,"Forestry",50099
2437,28,"Sheepmeat",15925845
3131,17,"Fruit",701154
2395,4,"Beef",58704
2849,12,"Forestry",3177321
1088,3,"Beef",10766
3082,15,"Forestry",41793
2919,7,"Beef",25193
1176,16,"Forestry",43486480
1788,2,"Beef",21306
2832,9,"Sheepmeat",24071675
1933,29,"Sheepmeat",220378
519,11,"Forestry",2412
1360,3,"Beef",6115
902,8,"Sheepmeat",45876
2378,11,"Forestry",376839
2855,10,"Sheepmeat",277715
2852,5,"Beef",135931
2552,4,"Beef",456729
2936,15,"Forestry",560533
969,20,"Fruit",21246
2181,8,"Sheepmeat",12077
2402,26,"Veges",1102183
1549,28,"Sheepmeat",36023612
2278,3,"Beef",54332
2142,8,"Sheepmeat",343679
3004,13,"Forestry",60503
2376,11,"Forestry",383803
1293,11,"Forestry",1404
2281,10,"Sheepmeat",852872
295,28,"Sheepmeat",26260
1376,11,"Forestry",65481
693,28,"Sheepmeat",4491
2033,10,"Sheepmeat",14686474
1676,2,"Beef",120821
2796,4,"Beef",10486336
1105,4,"Beef",3458
2036,15,"Forestry",25104
1696,2,"Beef",976732
1430,21,"Fruit",198518
2813,19,"Fruit",38591
1100,4,"Beef",46342
2204,29,"Sheepmeat",2201913
2772,2,"Beef",42729469
3049,16,"Forestry",90338969
1624,18,"Fruit",129731
3100,10,"Sheepmeat",1033668
1003,25,"Veges",60528
1715,2,"Beef",20314
1823,9,"Sheepmeat",5171
1066,29,"Sheepmeat",39914
1110,16,"Forestry",833618
2334,27,"Sheepmeat",331552
1081,2,"Beef",2017
87,10,"Sheepmeat",131996
3043,23,"Veges",19559241
1269,12,"Forestry",190850
2571,29,"Sheepmeat",722012
2894,10,"Sheepmeat",42352
1481,3,"Beef",4433
12,11,"Forestry",48863
3128,12,"Forestry",3175122
1993,10,"Sheepmeat",1656181
2866,3,"Beef",41580789
1344,2,"Beef",83885
2958,4,"Beef",9693916
1380,28,"Sheepmeat",922274
2380,29,"Sheepmeat",2317554
1248,12,"Forestry",13322
2868,22,"Fruit",283885
600,27,"Sheepmeat",119361
1458,20,"Fruit",41658
954,8,"Sheepmeat",762720
3144,12,"Forestry",3177321
841,15,"Forestry",2868
2018,28,"Sheepmeat",591206
819,17,"Fruit",133921
2935,2,"Beef",73008
2526,15,"Forestry",6409
366,28,"Sheepmeat",3436
1841,16,"Forestry",813929
1173,27,"Sheepmeat",2531941
957,28,"Sheepmeat",6551
797,16,"Forestry",1364
1185,8,"Sheepmeat",5185479
3133,4,"Beef",38696381
1132,8,"Sheepmeat",485173
1580,23,"Veges",26257752
701,28,"Sheepmeat",88455
2049,26,"Veges",585820
1265,29,"Sheepmeat",884834
2871,26,"Veges",3340940
2091,13,"Forestry",7986
2531,17,"Fruit",103601
1394,21,"Fruit",75490
3112,11,"Forestry",2578862
1785,15,"Forestry",1947
2654,22,"Fruit",55676
2926,14,"Forestry",166044
2284,2,"Beef",263654
2869,28,"Sheepmeat",119236094
288,12,"Forestry",2412
3166,2,"Beef",41649456
3038,22,"Fruit",531275
2874,18,"Fruit",12418219
1464,16,"Forestry",1006
2085,12,"Forestry",4794
1325,27,"Sheepmeat",20310
1234,12,"Forestry",2835
2960,2,"Beef",3019332
1907,10,"Sheepmeat",23778
275,17,"Fruit",66949325
1959,24,"Veges",1554747
2763,9,"Sheepmeat",20524885
3028,3,"Beef",12703940
1549,1,"Dairy",3086512
3163,29,"Sheepmeat",5047402
66,29,"Sheepmeat",61332344
2709,19,"Fruit",231939
2816,27,"Sheepmeat",20138152
1753,29,"Sheepmeat",1688810
2121,16,"Forestry",64849
2440,12,"Forestry",216734
2787,2,"Beef",1456224
2846,25,"Veges",58799626
2648,9,"Sheepmeat",106798
1868,28,"Sheepmeat",657524
1874,28,"Sheepmeat",660448
658,12,"Forestry",107798
1917,27,"Sheepmeat",2492
2890,18,"Fruit",545293
3079,12,"Forestry",14344
3056,2,"Beef",3953407
881,1,"Dairy",6318043
1954,3,"Beef",985238
1757,28,"Sheepmeat",36785
691,2,"Beef",113746
3088,9,"Sheepmeat",1757562
3040,21,"Fruit",1969189
291,3,"Beef",14169
3063,22,"Fruit",685115
3162,29,"Sheepmeat",104709557
1473,14,"Forestry",6752
2825,9,"Sheepmeat",18751565
1127,2,"Beef",2548099
981,28,"Sheepmeat",1509869
1041,17,"Fruit",3221236
3004,8,"Sheepmeat",26436056
2503,22,"Fruit",55676
1577,21,"Fruit",203202
2959,4,"Beef",9638223
2952,11,"Forestry",12101
3022,29,"Sheepmeat",105532790
1437,11,"Forestry",527157
1861,8,"Sheepmeat",234276
1770,4,"Beef",73300
2838,13,"Forestry",242970
2771,12,"Forestry",675879
1201,2,"Beef",17840
1633,5,"Beef",5014
1394,27,"Sheepmeat",110270
1436,29,"Sheepmeat",102559793
530,2,"Beef",338939
2568,14,"Forestry",5074
3039,11,"Forestry",2548003
2413,9,"Sheepmeat",1603951
1711,10,"Sheepmeat",1847
2305,20,"Fruit",8154
1107,16,"Forestry",590315
3090,9,"Sheepmeat",85464045
149,4,"Beef",31580
2958,6,"Beef",8405
1698,3,"Beef",757778
1753,9,"Sheepmeat",401474
797,29,"Sheepmeat",53160
2036,29,"Sheepmeat",23018470
2888,13,"Forestry",227601
872,9,"Sheepmeat",30689
1040,27,"Sheepmeat",598171
3158,27,"Sheepmeat",34313257
1376,12,"Forestry",65481
881,2,"Beef",3773918
2662,29,"Sheepmeat",108967338
1615,26,"Veges",2670390
581,17,"Fruit",95602
1967,16,"Forestry",13313
473,11,"Forestry",4683
1295,9,"Sheepmeat",23778
3119,18,"Fruit",161461
1215,28,"Sheepmeat",8253707
1180,8,"Sheepmeat",66298
1812,4,"Beef",22615
2384,16,"Forestry",6248357
1902,13,"Forestry",279927
2929,13,"Forestry",164711
538,1,"Dairy",3086512
594,10,"Sheepmeat",2585
2373,2,"Beef",277754
2520,26,"Veges",773155
2339,15,"Forestry",1382139
1658,9,"Sheepmeat",980635
669,8,"Sheepmeat",20316
2759,15,"Forestry",410606
1521,28,"Sheepmeat",3417082
2932,20,"Fruit",2162
2793,16,"Forestry",25924401
3124,1,"Dairy",6318043
906,3,"Beef",85344
939,23,"Veges",62586
3063,23,"Veges",29359011
2151,3,"Beef",40355
2498,19,"Fruit",227645
1386,10,"Sheepmeat",56153
1186,28,"Sheepmeat",1612321
2409,26,"Veges",65726
3022,4,"Beef",39270225
1015,29,"Sheepmeat",2424046
2649,12,"Forestry",7096
3110,25,"Veges",21281725
2180,14,"Forestry",1144
1902,4,"Beef",10772343
1813,10,"Sheepmeat",131164
1286,4,"Beef",16638
1444,28,"Sheepmeat",2770886
446,27,"Sheepmeat",3923
3099,24,"Veges",13117415
2859,3,"Beef",67066
66,1,"Dairy",845322
390,8,"Sheepmeat",868111
2279,9,"Sheepmeat",20533
3031,19,"Fruit",1543973
2334,8,"Sheepmeat",256499
892,19,"Fruit",569498
75,16,"Forestry",4205
1203,10,"Sheepmeat",170368
1785,8,"Sheepmeat",194989
26,3,"Beef",18160
872,2,"Beef",21435
3026,18,"Fruit",806709
2375,10,"Sheepmeat",1468204
1812,29,"Sheepmeat",291833
568,16,"Forestry",110689
3103,9,"Sheepmeat",84960194
2150,23,"Veges",168603
643,8,"Sheepmeat",863561
155,8,"Sheepmeat",27682
3122,2,"Beef",11386642
2497,1,"Dairy",3086512
86,22,"Fruit",6805
1314,29,"Sheepmeat",955487
2879,8,"Sheepmeat",24298136
1966,27,"Sheepmeat",1437281
1580,5,"Beef",8405
1223,8,"Sheepmeat",127717
846,10,"Sheepmeat",2746112
2778,12,"Forestry",324349
3071,1,"Dairy",6318043
691,22,"Fruit",6805
2796,2,"Beef",3396790
1834,12,"Forestry",49493
1048,18,"Fruit",512911
2888,6,"Beef",8405
2808,8,"Sheepmeat",13336248
2907,29,"Sheepmeat",53346825
3046,16,"Forestry",51506357
2034,2,"Beef",4944888
1556,12,"Forestry",1556115
2765,24,"Veges",18506019
2148,15,"Forestry",63306
955,8,"Sheepmeat",21165
3026,21,"Fruit",203202
384,16,"Forestry",60302033
2847,17,"Fruit",2337682
2836,26,"Veges",12983174
2965,7,"Beef",25193
1115,28,"Sheepmeat",834234
691,8,"Sheepmeat",113839
1198,10,"Sheepmeat",16238
1182,10,"Sheepmeat",2443644
2828,2,"Beef",10893463
2725,14,"Forestry",15740
2142,3,"Beef",124034
157,9,"Sheepmeat",25724
958,3,"Beef",32930
1203,29,"Sheepmeat",740875
1862,4,"Beef",2618881
538,13,"Forestry",5372
2508,19,"Fruit",38023047
557,20,"Fruit",13366
1182,3,"Beef",581199
2909,13,"Forestry",171536
1984,9,"Sheepmeat",138908
2749,8,"Sheepmeat",3408521
2374,14,"Forestry",34078
601,4,"Beef",28303
2050,16,"Forestry",1873837
2381,10,"Sheepmeat",456467
2158,3,"Beef",30110
3138,15,"Forestry",6580738
2555,13,"Forestry",2139
1630,2,"Beef",52132
3030,7,"Beef",25193
2339,12,"Forestry",678368
3030,4,"Beef",38742676
2996,24,"Veges",62093405
2959,11,"Forestry",889597
883,19,"Fruit",426902
2992,28,"Sheepmeat",1227
2838,3,"Beef",12476354
2803,15,"Forestry",4201233
2961,12,"Forestry",879090
1852,28,"Sheepmeat",630460
647,15,"Forestry",218605
2612,1,"Dairy",9549088
581,8,"Sheepmeat",862397
2134,13,"Forestry",6893
2311,3,"Beef",303327
837,12,"Forestry",7096
1306,9,"Sheepmeat",503348
1289,8,"Sheepmeat",12073
1943,25,"Veges",35668
1938,28,"Sheepmeat",60463
2997,3,"Beef",104869
1797,10,"Sheepmeat",121096
1969,9,"Sheepmeat",181368
2953,4,"Beef",1653268
1157,29,"Sheepmeat",1656335
1582,6,"Beef",8405
2995,2,"Beef",55978
2879,18,"Fruit",559234
2961,6,"Beef",8405
2662,20,"Fruit",114997
1324,4,"Beef",5408866
1693,29,"Sheepmeat",7050882
497,29,"Sheepmeat",379456
3074,8,"Sheepmeat",5086274
1258,10,"Sheepmeat",308522
2884,27,"Sheepmeat",25920206
739,18,"Fruit",7999
2577,11,"Forestry",90224
558,22,"Fruit",16380
2408,3,"Beef",73008
670,27,"Sheepmeat",13173
3071,14,"Forestry",5317
580,13,"Forestry",5372
1799,29,"Sheepmeat",359163
2577,27,"Sheepmeat",191253
2423,27,"Sheepmeat",2670
3153,23,"Veges",35106602
2760,13,"Forestry",5317
985,8,"Sheepmeat",93614
985,4,"Beef",243990
1203,24,"Veges",771270
1974,3,"Beef",140446
1844,10,"Sheepmeat",268430
1170,3,"Beef",348044
1847,3,"Beef",7530
433,28,"Sheepmeat",1227
506,10,"Sheepmeat",7823
2903,14,"Forestry",12759
2919,28,"Sheepmeat",16712465
808,25,"Veges",51481877
1012,3,"Beef",44082
915,17,"Fruit",86747
919,24,"Veges",29618471
2820,3,"Beef",8225521
1078,15,"Forestry",362806
1850,28,"Sheepmeat",792007
3028,4,"Beef",39270225
2412,15,"Forestry",1236814
2014,20,"Fruit",1032
1123,3,"Beef",305609
1023,8,"Sheepmeat",251446
2838,8,"Sheepmeat",26627020
3093,27,"Sheepmeat",120679506
901,27,"Sheepmeat",7989
2781,4,"Beef",363692
1962,2,"Beef",132594
1536,9,"Sheepmeat",32522
2166,2,"Beef",17010
3157,5,"Beef",8405
884,13,"Forestry",5805
2226,8,"Sheepmeat",37382
1245,10,"Sheepmeat",7727012
2439,24,"Veges",9978754
1554,20,"Fruit",154903
2923,17,"Fruit",16757
2249,12,"Forestry",26242
3157,13,"Forestry",129517
3122,5,"Beef",178929
1466,21,"Fruit",18137
1491,27,"Sheepmeat",7604
1777,2,"Beef",311880
1473,10,"Sheepmeat",231481
2202,27,"Sheepmeat",409705
1458,26,"Veges",6274
1960,25,"Veges",1363286
2609,29,"Sheepmeat",1052
2498,22,"Fruit",5551
1929,28,"Sheepmeat",18643
2949,14,"Forestry",129517
1860,16,"Forestry",2557818
1766,8,"Sheepmeat",156090
2247,3,"Beef",1345
2397,2,"Beef",16207
1587,28,"Sheepmeat",35854901
2312,15,"Forestry",5862
433,27,"Sheepmeat",1227
2275,29,"Sheepmeat",59914
1985,9,"Sheepmeat",1368292
951,17,"Fruit",21805
3078,8,"Sheepmeat",4730695
3135,24,"Veges",31465611
906,23,"Veges",98144
985,21,"Fruit",527500
1834,9,"Sheepmeat",317805
2342,3,"Beef",27489
1690,12,"Forestry",132861
2922,13,"Forestry",168950
1049,14,"Forestry",54084
1850,12,"Forestry",13322
2896,4,"Beef",106642
760,12,"Forestry",4683
3045,24,"Veges",11027250
1698,28,"Sheepmeat",1894800
3131,22,"Fruit",43319
2866,25,"Veges",27151918
2032,28,"Sheepmeat",6497980
2278,2,"Beef",54332
976,21,"Fruit",23473
2793,25,"Veges",2838518
3119,4,"Beef",1931118
1474,20,"Fruit",30718
75,18,"Fruit",1051114
558,12,"Forestry",1064
2017,28,"Sheepmeat",2190679
1852,10,"Sheepmeat",447055
1291,27,"Sheepmeat",502868
1591,13,"Forestry",248343
2967,16,"Forestry",25175825
1139,17,"Fruit",2666
2022,9,"Sheepmeat",557019
1525,18,"Fruit",3010067
3007,3,"Beef",3184
1572,5,"Beef",8405
916,29,"Sheepmeat",136602
819,29,"Sheepmeat",65312
832,4,"Beef",35229800
2209,11,"Forestry",2381
3023,10,"Sheepmeat",24784517
881,16,"Forestry",171407569
2122,2,"Beef",764171
2745,10,"Sheepmeat",1889
2549,25,"Veges",799527
896,3,"Beef",3779780
3163,14,"Forestry",31519
2759,2,"Beef",6904088
3144,17,"Fruit",806709
1414,16,"Forestry",2669
2233,23,"Veges",1811724
2754,6,"Beef",178929
2594,10,"Sheepmeat",25589329
1827,11,"Forestry",2994
1126,1,"Dairy",4810716
2073,27,"Sheepmeat",258114
1891,2,"Beef",3549010
1796,9,"Sheepmeat",53970
3040,27,"Sheepmeat",34243698
3130,19,"Fruit",1543973
71,10,"Sheepmeat",14758820
2341,27,"Sheepmeat",1631716
2838,2,"Beef",12476354
920,18,"Fruit",11051912
1001,26,"Veges",197023
1563,2,"Beef",24292
3105,1,"Dairy",4810716
445,9,"Sheepmeat",4594
1649,15,"Forestry",5606
2971,25,"Veges",366120
2554,10,"Sheepmeat",1317885
1879,15,"Forestry",848829
997,13,"Forestry",60503
756,4,"Beef",28303
1448,20,"Fruit",79015
581,11,"Forestry",107798
1587,5,"Beef",8405
2960,29,"Sheepmeat",22682682
533,10,"Sheepmeat",804813
1181,28,"Sheepmeat",333366
2395,2,"Beef",16207
1981,28,"Sheepmeat",859922
2777,5,"Beef",275924
1612,3,"Beef",8300
3141,29,"Sheepmeat",638611
1398,12,"Forestry",90145
1318,26,"Veges",301485
992,4,"Beef",2263090
1615,8,"Sheepmeat",1353
1074,15,"Forestry",78218
2923,4,"Beef",18171160
1917,8,"Sheepmeat",1928
2125,12,"Forestry",1200
1308,16,"Forestry",1543
1652,29,"Sheepmeat",890081
2747,9,"Sheepmeat",1278606
1418,8,"Sheepmeat",3774
1444,27,"Sheepmeat",2770886
844,12,"Forestry",7096
2836,14,"Forestry",242970
1577,22,"Fruit",50124
1814,10,"Sheepmeat",127455
1748,2,"Beef",162591
2138,16,"Forestry",15123
1925,4,"Beef",10193400
952,8,"Sheepmeat",131077
2767,28,"Sheepmeat",36041556
901,2,"Beef",4794
819,21,"Fruit",34546
2602,17,"Fruit",910310
2585,25,"Veges",39391627
2396,15,"Forestry",77424
992,2,"Beef",744002
3090,29,"Sheepmeat",361368903
2791,15,"Forestry",1757662
1097,29,"Sheepmeat",2594019
1761,8,"Sheepmeat",73555
1500,23,"Veges",523533
2416,8,"Sheepmeat",329328
2270,14,"Forestry",1429
1643,4,"Beef",169553
302,25,"Veges",39391627
1938,13,"Forestry",2019
74,16,"Forestry",4205
2113,1,"Dairy",294373
1219,3,"Beef",273490
497,11,"Forestry",2412
1820,13,"Forestry",22639
2920,1,"Dairy",294373
2985,2,"Beef",35850
2776,5,"Beef",275924
3061,12,"Forestry",702872
2559,27,"Sheepmeat",2749987
3006,10,"Sheepmeat",25715031
610,10,"Sheepmeat",12366
2150,26,"Veges",67445
2518,9,"Sheepmeat",1445
1487,16,"Forestry",9386
2950,10,"Sheepmeat",1792
890,9,"Sheepmeat",8608
1545,18,"Fruit",514444
1331,4,"Beef",10505
302,15,"Forestry",17286
3040,10,"Sheepmeat",24536384
2815,14,"Forestry",197471
1000,15,"Forestry",6827
2039,15,"Forestry",202239
1917,28,"Sheepmeat",2492
1847,2,"Beef",7530
2865,20,"Fruit",1349011
1686,27,"Sheepmeat",8051
1629,13,"Forestry",2442
2864,17,"Fruit",12344618
2827,7,"Beef",25193
1172,15,"Forestry",35904
1662,8,"Sheepmeat",19203
3037,10,"Sheepmeat",24596384
3003,14,"Forestry",60503
2305,27,"Sheepmeat",10740
979,10,"Sheepmeat",3187
795,28,"Sheepmeat",14383
759,15,"Forestry",11406
2992,8,"Sheepmeat",27725747
77,15,"Forestry",218605
2938,11,"Forestry",277466
2095,27,"Sheepmeat",397089
1313,29,"Sheepmeat",2326
1335,9,"Sheepmeat",25563
1957,15,"Forestry",159021
1776,19,"Fruit",83739
2946,24,"Veges",1751349
30,2,"Beef",2697
2749,11,"Forestry",3097
2078,29,"Sheepmeat",715402
2357,3,"Beef",4433
2906,3,"Beef",63233
288,24,"Veges",32924701
2019,8,"Sheepmeat",989922
3120,3,"Beef",10733769
111,4,"Beef",3773
3012,7,"Beef",18643
1015,28,"Sheepmeat",808686
2954,23,"Veges",1811724
3050,14,"Forestry",197471
99,29,"Sheepmeat",40240
1431,24,"Veges",5548066
1143,2,"Beef",400565
993,4,"Beef",2261903
1247,11,"Forestry",1325
1438,4,"Beef",13657888
3168,25,"Veges",2470194
1453,4,"Beef",4163
3001,17,"Fruit",30776790
14,3,"Beef",35028
1419,2,"Beef",22167
86,9,"Sheepmeat",131996
2146,28,"Sheepmeat",39133
2827,6,"Beef",8405
2723,25,"Veges",273399
2798,20,"Fruit",2162
2779,27,"Sheepmeat",121937818
1808,4,"Beef",167215
859,8,"Sheepmeat",35939343
3000,6,"Beef",8405
1379,4,"Beef",1704985
5,3,"Beef",5259654
1032,15,"Forestry",2929
2797,9,"Sheepmeat",8981925
2039,13,"Forestry",4678
974,3,"Beef",4433
1748,12,"Forestry",3971
921,2,"Beef",45497
1384,2,"Beef",43852
2962,28,"Sheepmeat",1202
2503,21,"Fruit",229926
2858,4,"Beef",84086
883,27,"Sheepmeat",64839
1316,28,"Sheepmeat",38629
2046,16,"Forestry",8695925
1993,15,"Forestry",1638
133,21,"Fruit",27229
3133,14,"Forestry",242970
1549,12,"Forestry",7096
2019,16,"Forestry",5746377
21,29,"Sheepmeat",2795
2142,28,"Sheepmeat",444240
1662,29,"Sheepmeat",74405
1624,29,"Sheepmeat",137281
892,9,"Sheepmeat",317561
1878,27,"Sheepmeat",115765
2762,17,"Fruit",1581369
1937,16,"Forestry",1136
2043,3,"Beef",11789
3089,9,"Sheepmeat",1785510
2277,17,"Fruit",3010067
2968,25,"Veges",185324
2795,10,"Sheepmeat",5868957
2820,24,"Veges",30741184
2376,29,"Sheepmeat",6142479
3103,26,"Veges",6372931
906,6,"Beef",2952
1570,4,"Beef",22996
1556,23,"Veges",1435459
2862,10,"Sheepmeat",24382395
1468,18,"Fruit",531163
571,27,"Sheepmeat",5881
3018,18,"Fruit",3010067
834,4,"Beef",39864
2191,8,"Sheepmeat",55096
1470,27,"Sheepmeat",160435
2157,10,"Sheepmeat",233939
2999,25,"Veges",52948530
2881,26,"Veges",12725704
1862,8,"Sheepmeat",1315254
2808,2,"Beef",5921873
846,26,"Veges",3010772
2884,18,"Fruit",559234
2864,9,"Sheepmeat",84708966
3159,11,"Forestry",224550
2224,2,"Beef",36082
572,27,"Sheepmeat",5881
1711,15,"Forestry",52512
2077,24,"Veges",37124
1967,28,"Sheepmeat",1281389
1945,26,"Veges",1730317
1499,11,"Forestry",11033
2929,3,"Beef",5766088
1535,24,"Veges",86058
1497,16,"Forestry",762968
2530,8,"Sheepmeat",19876
2921,5,"Beef",8405
473,29,"Sheepmeat",41103
871,24,"Veges",1702328
1531,9,"Sheepmeat",27868
1990,2,"Beef",19183
2843,15,"Forestry",6586781
2161,29,"Sheepmeat",18988
2526,4,"Beef",6719377
1808,11,"Forestry",204420
1329,13,"Forestry",1144
728,18,"Fruit",7999
3117,16,"Forestry",3036831
2820,6,"Beef",8405
1020,27,"Sheepmeat",1002883
998,11,"Forestry",2584
1268,25,"Veges",95148
1106,17,"Fruit",237221
3127,9,"Sheepmeat",24622770
1850,29,"Sheepmeat",2435008
2110,16,"Forestry",415273
135,21,"Fruit",27229
1563,10,"Sheepmeat",46012
1481,2,"Beef",4433
1624,10,"Sheepmeat",31002
680,16,"Forestry",6865
1213,29,"Sheepmeat",25611671
2347,2,"Beef",64230
999,2,"Beef",1065858
2224,16,"Forestry",3706865
1829,11,"Forestry",420348
620,14,"Forestry",248343
2859,9,"Sheepmeat",212181
1444,9,"Sheepmeat",1981922
2907,1,"Dairy",294373
694,9,"Sheepmeat",1445
3102,19,"Fruit",2222601
2717,10,"Sheepmeat",4594
2990,18,"Fruit",910310
2565,8,"Sheepmeat",12750
1392,9,"Sheepmeat",521033
980,4,"Beef",19024230
2885,14,"Forestry",227601
2802,24,"Veges",6083886
2003,28,"Sheepmeat",374910
2019,4,"Beef",389680
2839,9,"Sheepmeat",24634580
3066,19,"Fruit",1543973
1450,14,"Forestry",2764
2412,11,"Forestry",608410
2187,10,"Sheepmeat",1170054
2144,29,"Sheepmeat",1540875
2838,19,"Fruit",1543973
1963,17,"Fruit",361972
3024,2,"Beef",12703940
1650,10,"Sheepmeat",494438
882,27,"Sheepmeat",74623
1633,28,"Sheepmeat",849791
77,27,"Sheepmeat",1118445
963,21,"Fruit",100869
1905,15,"Forestry",7581
1199,4,"Beef",60555
997,11,"Forestry",801761
571,18,"Fruit",7999
2833,7,"Beef",25193
794,16,"Forestry",171522588
2862,17,"Fruit",701154
2857,16,"Forestry",5179
481,10,"Sheepmeat",106798
2847,10,"Sheepmeat",39020
1902,26,"Veges",16538
2551,29,"Sheepmeat",21930631
1522,22,"Fruit",280196
2539,11,"Forestry",19497
2838,23,"Veges",26220855
1162,10,"Sheepmeat",3420
2923,25,"Veges",6083886
1847,4,"Beef",22572
3053,1,"Dairy",294373
1467,17,"Fruit",293503
998,12,"Forestry",2584
2913,3,"Beef",5921873
1045,18,"Fruit",609610
763,8,"Sheepmeat",4550
863,18,"Fruit",3243737
1290,17,"Fruit",108166
654,16,"Forestry",93101
1685,29,"Sheepmeat",3656
2905,10,"Sheepmeat",13116363
580,9,"Sheepmeat",804813
2803,12,"Forestry",2067983
2071,2,"Beef",14185
915,29,"Sheepmeat",3291949
1861,3,"Beef",30704
3027,3,"Beef",12703940
3050,25,"Veges",13714517
1933,3,"Beef",16916
2873,9,"Sheepmeat",85789140
2861,16,"Forestry",1296980
2129,3,"Beef",132594
930,28,"Sheepmeat",310980
911,9,"Sheepmeat",4855
595,28,"Sheepmeat",119361
1263,4,"Beef",92145
1846,16,"Forestry",3784
1772,11,"Forestry",1309
1468,15,"Forestry",28923
2093,29,"Sheepmeat",4087561
2317,4,"Beef",421781
2248,27,"Sheepmeat",9204977
2870,8,"Sheepmeat",2022700
1511,2,"Beef",1059976
2408,10,"Sheepmeat",147946
2243,3,"Beef",525389
2085,10,"Sheepmeat",434954
2807,4,"Beef",18429107
3103,16,"Forestry",20427485
1682,10,"Sheepmeat",5243
1534,14,"Forestry",5372
2071,13,"Forestry",5372
1459,4,"Beef",13469
2557,1,"Dairy",9843461
1828,3,"Beef",39335
1075,25,"Veges",581544
1217,20,"Fruit",39884
2017,10,"Sheepmeat",1570567
2240,29,"Sheepmeat",4906322
559,29,"Sheepmeat",3434548
2236,9,"Sheepmeat",1564
3143,10,"Sheepmeat",24784517
1663,8,"Sheepmeat",78012
1339,8,"Sheepmeat",114109
2795,3,"Beef",3418733
2240,8,"Sheepmeat",1258254
1140,26,"Veges",344422
2532,15,"Forestry",1583
2520,3,"Beef",682154
3082,29,"Sheepmeat",13218833
1005,24,"Veges",223553
2127,8,"Sheepmeat",1871052
2125,2,"Beef",532245
2164,3,"Beef",15605
1174,29,"Sheepmeat",156475
2749,29,"Sheepmeat",13288547
3110,28,"Sheepmeat",20077492
3061,5,"Beef",275924
515,15,"Forestry",1583
1556,25,"Veges",1387623
2806,24,"Veges",6083886
2882,2,"Beef",9955233
766,8,"Sheepmeat",6223
905,11,"Forestry",75583
2825,29,"Sheepmeat",79921821
312,20,"Fruit",2162
918,10,"Sheepmeat",7728130
2016,11,"Forestry",365838
993,9,"Sheepmeat",1097862
1519,3,"Beef",6441
2168,26,"Veges",59898
2772,29,"Sheepmeat",366887107
1949,9,"Sheepmeat",33861
2348,4,"Beef",142336
846,3,"Beef",1514108
612,27,"Sheepmeat",1748
140,14,"Forestry",242970
2816,29,"Sheepmeat",61309424
2334,10,"Sheepmeat",237425
2726,16,"Forestry",135280
1544,28,"Sheepmeat",1905472
1514,11,"Forestry",107798
66,2,"Beef",6181849
1207,21,"Fruit",15864
193,25,"Veges",12090250
3002,6,"Beef",195649
1545,27,"Sheepmeat",144474
3119,29,"Sheepmeat",9525641
1081,21,"Fruit",14383
2305,8,"Sheepmeat",2488
1678,15,"Forestry",350006
1687,9,"Sheepmeat",1847
2440,9,"Sheepmeat",14345640
1448,4,"Beef",109573
1907,16,"Forestry",15053
1090,3,"Beef",80541
2825,10,"Sheepmeat",18751565
993,26,"Veges",1797721
2954,29,"Sheepmeat",2909277
1049,21,"Fruit",149205
1213,13,"Forestry",133096
2982,26,"Veges",65726
1067,20,"Fruit",34151
1020,9,"Sheepmeat",720219
2565,21,"Fruit",32563
2824,5,"Beef",8405
2337,4,"Beef",141073
2933,2,"Beef",5707702
2027,9,"Sheepmeat",3007861
1162,9,"Sheepmeat",3420
1190,15,"Forestry",66179
1851,6,"Beef",8405
1205,27,"Sheepmeat",7297422
938,11,"Forestry",5951260
2531,27,"Sheepmeat",1124326
26,4,"Beef",59858
3023,9,"Sheepmeat",24784517
1586,23,"Veges",26257752
2829,1,"Dairy",294373
1899,10,"Sheepmeat",75666
2024,29,"Sheepmeat",1545698
1295,4,"Beef",6560
2082,29,"Sheepmeat",8248269
501,29,"Sheepmeat",22086
2163,15,"Forestry",1351
1047,25,"Veges",821058
2761,16,"Forestry",6346188
3025,25,"Veges",31465611
1120,29,"Sheepmeat",13839
2234,27,"Sheepmeat",883352
854,25,"Veges",2963376
2770,22,"Fruit",323754
1150,9,"Sheepmeat",674187
1714,27,"Sheepmeat",41203
2589,28,"Sheepmeat",35854901
2827,18,"Fruit",559234
1387,10,"Sheepmeat",7023
3039,18,"Fruit",8230978
2837,23,"Veges",26220855
3031,24,"Veges",31465611
2377,8,"Sheepmeat",1458997
2764,18,"Fruit",1883634
911,28,"Sheepmeat",9209
1651,4,"Beef",3589721
1538,10,"Sheepmeat",14496
2895,28,"Sheepmeat",20240833
2841,4,"Beef",39270225
2724,26,"Veges",166409
2869,13,"Forestry",60195
1840,4,"Beef",22572
830,8,"Sheepmeat",15531
2792,28,"Sheepmeat",7173576
3000,20,"Fruit",35368
2900,2,"Beef",7650
882,29,"Sheepmeat",257208
5,1,"Dairy",184264
302,17,"Fruit",17270271
1626,9,"Sheepmeat",77187
2650,22,"Fruit",55676
1224,22,"Fruit",7105
2521,7,"Beef",64943
2020,2,"Beef",180118
2438,11,"Forestry",24111
1102,3,"Beef",37471
1932,13,"Forestry",1675
2414,19,"Fruit",162075
5,28,"Sheepmeat",18316103
2746,16,"Forestry",522012
2995,15,"Forestry",6824256
2774,27,"Sheepmeat",121285597
2585,9,"Sheepmeat",25589329
2829,10,"Sheepmeat",22463834
178,17,"Fruit",47341371
1022,27,"Sheepmeat",11752
935,29,"Sheepmeat",63312
3074,10,"Sheepmeat",4726474
3073,15,"Forestry",74281
2814,18,"Fruit",16757
3039,12,"Forestry",2548003
1777,19,"Fruit",665580
3014,25,"Veges",31465611
2217,2,"Beef",136952
2633,26,"Veges",660482
288,25,"Veges",32924701
1180,2,"Beef",1648
926,23,"Veges",924305
2789,16,"Forestry",21582873
2338,28,"Sheepmeat",595091
1673,10,"Sheepmeat",5036
2982,23,"Veges",165493
1699,9,"Sheepmeat",1361219
2871,13,"Forestry",60195
2776,29,"Sheepmeat",367007366
1331,2,"Beef",2522
998,27,"Sheepmeat",2117508
1741,11,"Forestry",1309
2799,23,"Veges",6127042
2814,14,"Forestry",197471
1955,2,"Beef",688805
331,24,"Veges",39391627
3010,21,"Fruit",678186
1208,10,"Sheepmeat",2441901
1232,10,"Sheepmeat",387950
2437,9,"Sheepmeat",11346414
1174,4,"Beef",118989
2539,9,"Sheepmeat",2410219
1140,17,"Fruit",53570
2743,4,"Beef",17569
573,8,"Sheepmeat",863561
1624,25,"Veges",468428
1869,12,"Forestry",12101
2866,19,"Fruit",22992412
1808,15,"Forestry",412136
1788,12,"Forestry",93711
673,8,"Sheepmeat",5955
2442,10,"Sheepmeat",11974138
3155,16,"Forestry",6699
1640,16,"Forestry",342397
1189,28,"Sheepmeat",415414
1960,4,"Beef",1120
2392,8,"Sheepmeat",7759771
2879,22,"Fruit",35012
2215,12,"Forestry",231626
1640,12,"Forestry",11963
1652,8,"Sheepmeat",229266
3004,1,"Dairy",2111499
2108,8,"Sheepmeat",2525978
2192,11,"Forestry",2477492
2017,2,"Beef",416178
2028,16,"Forestry",593204
87,17,"Fruit",105555
1474,14,"Forestry",2377
894,26,"Veges",210278
2180,11,"Forestry",11819
963,4,"Beef",463187
1816,27,"Sheepmeat",42075
1460,17,"Fruit",293503
576,29,"Sheepmeat",3411549
2937,28,"Sheepmeat",15186826
1073,8,"Sheepmeat",69998
2970,4,"Beef",6847200
578,3,"Beef",340426
1172,3,"Beef",135030
343,4,"Beef",20851
2426,22,"Fruit",49558
1707,29,"Sheepmeat",7267016
972,29,"Sheepmeat",1648495
3049,29,"Sheepmeat",29394854
2335,15,"Forestry",3332
2277,4,"Beef",13745
3040,16,"Forestry",75781845
2846,27,"Sheepmeat",1227
2825,27,"Sheepmeat",26291192
1591,20,"Fruit",114997
2214,4,"Beef",109002
2299,1,"Dairy",3086512
903,29,"Sheepmeat",239418
1981,8,"Sheepmeat",665263
1877,2,"Beef",258294
917,9,"Sheepmeat",7794203
1398,25,"Veges",67761
1150,15,"Forestry",13246
2822,8,"Sheepmeat",19686752
3119,23,"Veges",119819
2501,3,"Beef",13044366
2223,13,"Forestry",167840
2021,2,"Beef",10572
908,16,"Forestry",4492
1966,8,"Sheepmeat",1111926
1659,8,"Sheepmeat",800956
560,21,"Fruit",26724
1985,4,"Beef",189355
2956,6,"Beef",8405
303,24,"Veges",39391627
2829,25,"Veges",31412107
1112,28,"Sheepmeat",219393
1629,17,"Fruit",154648
1687,13,"Forestry",2521
1360,16,"Forestry",15424
1385,27,"Sheepmeat",28955
873,8,"Sheepmeat",325842
3135,18,"Fruit",701154
2530,28,"Sheepmeat",28162
1134,28,"Sheepmeat",426773
1135,27,"Sheepmeat",6779424
1215,12,"Forestry",1556115
1692,3,"Beef",1098748
1563,26,"Veges",1765
1777,8,"Sheepmeat",269693
3119,12,"Forestry",619873
1653,28,"Sheepmeat",170806
1056,4,"Beef",2278796
481,12,"Forestry",7096
830,5,"Beef",2952
1466,10,"Sheepmeat",1041
3151,27,"Sheepmeat",32758957
2285,16,"Forestry",6884829
1544,4,"Beef",1166630
3121,14,"Forestry",199803
1447,10,"Sheepmeat",33491
2768,3,"Beef",13137874
2944,15,"Forestry",15180
1998,8,"Sheepmeat",4000076
2954,25,"Veges",1751349
2502,20,"Fruit",114997
1281,28,"Sheepmeat",396606
1010,8,"Sheepmeat",229266
936,24,"Veges",35668
2945,8,"Sheepmeat",9650781
1780,16,"Forestry",187414
759,8,"Sheepmeat",4889
739,19,"Fruit",17577
1229,26,"Veges",218446
2192,15,"Forestry",5017247
2403,24,"Veges",2090288
2008,4,"Beef",3251043
2765,1,"Dairy",6318043
2215,8,"Sheepmeat",626519
1135,8,"Sheepmeat",5238340
1588,7,"Beef",25193
2580,3,"Beef",46584
1945,12,"Forestry",364650
937,12,"Forestry",73151
1923,16,"Forestry",1032
1253,16,"Forestry",88853
1580,22,"Fruit",50124
2647,13,"Forestry",5805
2822,28,"Sheepmeat",25428275
3007,24,"Veges",3649616
1979,4,"Beef",75083
1247,15,"Forestry",2672
2233,3,"Beef",429116
1175,8,"Sheepmeat",569666
2913,1,"Dairy",294373
1941,25,"Veges",35668
2935,4,"Beef",236434
1522,3,"Beef",1052663
2933,11,"Forestry",1938365
1976,3,"Beef",215344
2802,9,"Sheepmeat",11168495
2690,13,"Forestry",242970
2568,13,"Forestry",5074
2945,16,"Forestry",47581089
3050,1,"Dairy",294373
2046,3,"Beef",1591566
3120,10,"Sheepmeat",23145730
1952,4,"Beef",10088477
1772,29,"Sheepmeat",60680
576,4,"Beef",1078307
1916,27,"Sheepmeat",30916
924,21,"Fruit",83774
1781,3,"Beef",2522
2810,10,"Sheepmeat",12454507
905,21,"Fruit",22212
2871,3,"Beef",42054288
1439,4,"Beef",17894
1538,4,"Beef",64977
2552,16,"Forestry",157278
2577,28,"Sheepmeat",191253
2275,2,"Beef",19988
1035,9,"Sheepmeat",918486
2832,23,"Veges",26202404
3131,6,"Beef",8405
607,27,"Sheepmeat",14383
2792,6,"Beef",8405
2869,24,"Veges",8683190
920,25,"Veges",29479873
1250,2,"Beef",3369492
1680,28,"Sheepmeat",36017
2383,27,"Sheepmeat",297569
3113,15,"Forestry",5083328
3130,18,"Fruit",701154
2908,7,"Beef",25193
1889,9,"Sheepmeat",1465737
1369,28,"Sheepmeat",1711
1267,15,"Forestry",304206
2488,28,"Sheepmeat",1193
927,4,"Beef",8484
1590,9,"Sheepmeat",25699949
3131,24,"Veges",31412107
2930,14,"Forestry",164711
855,10,"Sheepmeat",312966
1871,28,"Sheepmeat",818613
960,28,"Sheepmeat",21037
2109,11,"Forestry",14344
3116,7,"Beef",537577
921,15,"Forestry",48611
2954,2,"Beef",537350
870,22,"Fruit",52036
1972,10,"Sheepmeat",443357
2713,16,"Forestry",96961401
1181,4,"Beef",79794
1812,12,"Forestry",22099
3137,20,"Fruit",88012
1150,16,"Forestry",212403
895,10,"Sheepmeat",7863459
850,28,"Sheepmeat",1124326
2019,12,"Forestry",196638
2222,2,"Beef",3352124
2215,14,"Forestry",21859
1532,29,"Sheepmeat",14494
1761,2,"Beef",89746
2870,29,"Sheepmeat",361025313
1627,26,"Veges",286206
2122,27,"Sheepmeat",3185029
1221,4,"Beef",28304
1849,10,"Sheepmeat",30429
1817,16,"Forestry",102748
2014,4,"Beef",5543
2425,21,"Fruit",1474133
991,3,"Beef",1059976
2796,15,"Forestry",2356560
1869,28,"Sheepmeat",857999
3113,7,"Beef",25193
3089,4,"Beef",1452146
2766,9,"Sheepmeat",24209663
3046,8,"Sheepmeat",21806006
1158,24,"Veges",400125
882,4,"Beef",113955
2868,10,"Sheepmeat",84957524
3121,13,"Forestry",199803
2831,24,"Veges",31412107
2994,4,"Beef",1052
2840,11,"Forestry",3177321
1198,9,"Sheepmeat",16238
2885,2,"Beef",9556309
2151,8,"Sheepmeat",87661
2887,8,"Sheepmeat",331371
2809,8,"Sheepmeat",13437729
2760,2,"Beef",6862993
883,8,"Sheepmeat",50162
2597,5,"Beef",8405
2797,24,"Veges",5192352
416,27,"Sheepmeat",1393
2553,3,"Beef",1137113
1636,28,"Sheepmeat",675927
2936,23,"Veges",168603
2829,16,"Forestry",94538505
2092,9,"Sheepmeat",673824
994,24,"Veges",4192976
1897,12,"Forestry",3321821
974,4,"Beef",13289
1587,9,"Sheepmeat",25589329
3002,22,"Fruit",1823496
995,9,"Sheepmeat",1013811
3119,22,"Fruit",10344
3121,3,"Beef",11377195
2127,15,"Forestry",273975
2912,12,"Forestry",2208088
921,11,"Forestry",24111
873,19,"Fruit",1842
1343,29,"Sheepmeat",22677
3037,8,"Sheepmeat",27400517
3072,10,"Sheepmeat",1233534
1467,3,"Beef",10459
941,28,"Sheepmeat",1077
3068,14,"Forestry",242970
1100,29,"Sheepmeat",251697
2748,15,"Forestry",53193
1115,13,"Forestry",2194
2932,27,"Sheepmeat",158251
2019,14,"Forestry",18026
1078,16,"Forestry",5201741
2236,27,"Sheepmeat",2176
2863,17,"Fruit",701154
1905,4,"Beef",15813
1187,11,"Forestry",84139
1253,29,"Sheepmeat",412084
3114,29,"Sheepmeat",16788369
2223,4,"Beef",10070564
1333,29,"Sheepmeat",62307
86,28,"Sheepmeat",191842
1908,28,"Sheepmeat",321991
2801,27,"Sheepmeat",15446345
2106,10,"Sheepmeat",2358562
859,12,"Forestry",5951260
2212,20,"Fruit",1634
2772,28,"Sheepmeat",121277466
2789,3,"Beef",2238373
2991,15,"Forestry",6805387
1888,12,"Forestry",2915416
1068,27,"Sheepmeat",2383
751,15,"Forestry",1583
1660,10,"Sheepmeat",120248
3155,23,"Veges",33414807
2811,25,"Veges",6083886
918,25,"Veges",29659861
3168,8,"Sheepmeat",27400517
1943,27,"Sheepmeat",2176
2812,18,"Fruit",16757
1962,10,"Sheepmeat",172825
1905,12,"Forestry",3760
3110,9,"Sheepmeat",14307206
3075,12,"Forestry",3097
2276,25,"Veges",6375623
1977,25,"Veges",146136
1778,4,"Beef",22412
993,29,"Sheepmeat",4630642
1980,29,"Sheepmeat",2590333
2960,27,"Sheepmeat",7465978
1803,12,"Forestry",64615
2021,3,"Beef",10572
1976,9,"Sheepmeat",889324
1107,10,"Sheepmeat",185513
3110,26,"Veges",8794440
2372,8,"Sheepmeat",1744023
905,4,"Beef",525152
1135,25,"Veges",503637
701,8,"Sheepmeat",66728
3164,28,"Sheepmeat",121631233
3002,11,"Forestry",1952848
2941,26,"Veges",2444624
1454,17,"Fruit",26630
3100,9,"Sheepmeat",1033668
2958,11,"Forestry",889597
2277,19,"Fruit",6616469
2116,12,"Forestry",107544
2060,4,"Beef",5241
2633,17,"Fruit",305941
1815,11,"Forestry",42878
2900,3,"Beef",7650
3109,29,"Sheepmeat",4956096
672,10,"Sheepmeat",1445
1907,2,"Beef",1345
689,3,"Beef",3812
1034,10,"Sheepmeat",129851
1038,2,"Beef",111717
2396,16,"Forestry",568889
2195,17,"Fruit",14260205
3043,16,"Forestry",71413318
974,27,"Sheepmeat",4433
598,28,"Sheepmeat",14383
3009,13,"Forestry",482063
2862,22,"Fruit",43319
1640,2,"Beef",24587
873,10,"Sheepmeat",302792
1767,29,"Sheepmeat",979487
3113,2,"Beef",6187092
2973,4,"Beef",6190699
3126,2,"Beef",12476354
1503,9,"Sheepmeat",118014
1468,21,"Fruit",168855
658,8,"Sheepmeat",868111
1863,4,"Beef",2594692
1835,29,"Sheepmeat",879989
2192,29,"Sheepmeat",27824030
2233,11,"Forestry",12101
2008,8,"Sheepmeat",3963709
2550,9,"Sheepmeat",5961542
2858,16,"Forestry",5179
3054,12,"Forestry",2453017
1666,24,"Veges",86238
766,29,"Sheepmeat",29501
1628,12,"Forestry",12726
1190,9,"Sheepmeat",448446
1439,28,"Sheepmeat",5970
2815,1,"Dairy",294373
2812,25,"Veges",6083886
2887,3,"Beef",87926
3118,26,"Veges",317039
1229,10,"Sheepmeat",136769
2831,27,"Sheepmeat",33539978
321,19,"Fruit",1775911
1034,8,"Sheepmeat",139735
3099,26,"Veges",5413419
3157,19,"Fruit",38591
1199,8,"Sheepmeat",17474
1301,3,"Beef",80036
1664,3,"Beef",152013
598,2,"Beef",3501
2760,27,"Sheepmeat",18822492
2157,2,"Beef",72197
443,2,"Beef",2350
940,21,"Fruit",131921
2389,15,"Forestry",1583
2554,2,"Beef",449631
612,17,"Fruit",3010067
1003,22,"Fruit",22878
1355,15,"Forestry",23829
289,29,"Sheepmeat",22677
952,22,"Fruit",14022
3014,11,"Forestry",3177321
2766,28,"Sheepmeat",33785948
1432,26,"Veges",72172
3120,24,"Veges",17781861
2520,19,"Fruit",331119
1372,4,"Beef",502204
2903,15,"Forestry",422509
1146,17,"Fruit",162300
1636,27,"Sheepmeat",675927
1972,12,"Forestry",31958
1863,2,"Beef",821233
2304,10,"Sheepmeat",29770
2830,13,"Forestry",237166
918,24,"Veges",29659861
1819,12,"Forestry",245713
1432,4,"Beef",67277
1007,13,"Forestry",1938
1772,27,"Sheepmeat",20244
1154,8,"Sheepmeat",1185664
1876,10,"Sheepmeat",402478
1378,12,"Forestry",42663
3151,17,"Fruit",592911
842,29,"Sheepmeat",921410
3063,29,"Sheepmeat",358208772
2270,9,"Sheepmeat",397537
1001,21,"Fruit",39397
855,3,"Beef",94415
2035,15,"Forestry",184299
2872,19,"Fruit",3173588
1852,27,"Sheepmeat",630460
1909,14,"Forestry",276443
3152,11,"Forestry",2572114
2950,14,"Forestry",1064
1164,29,"Sheepmeat",2027491
2586,2,"Beef",13044366
1552,27,"Sheepmeat",36023612
1769,12,"Forestry",5148
290,4,"Beef",49719
2033,16,"Forestry",8822526
3024,4,"Beef",39270225
2749,28,"Sheepmeat",4410448
1797,4,"Beef",289166
414,15,"Forestry",11406
179,25,"Veges",12090250
573,12,"Forestry",107798
155,29,"Sheepmeat",121182
1965,12,"Forestry",16531
840,18,"Fruit",24108
3040,18,"Fruit",7564409
979,8,"Sheepmeat",3430
1934,9,"Sheepmeat",21842
1810,12,"Forestry",204420
1232,4,"Beef",676980
917,22,"Fruit",68723
1346,14,"Forestry",1334
2899,3,"Beef",1677
1932,4,"Beef",57077
1952,20,"Fruit",2162
2377,9,"Sheepmeat",1354830
2415,27,"Sheepmeat",940879
1088,23,"Veges",671929
3104,3,"Beef",1521563
1284,9,"Sheepmeat",23778
1890,11,"Forestry",177598
2180,29,"Sheepmeat",2378
2092,27,"Sheepmeat",939662
1338,27,"Sheepmeat",1729115
1047,16,"Forestry",5305
2060,29,"Sheepmeat",5241
2900,28,"Sheepmeat",8218
3009,18,"Fruit",8618116
884,20,"Fruit",4345
954,29,"Sheepmeat",2974403
1117,4,"Beef",12260652
1860,3,"Beef",32876
2926,2,"Beef",5843952
1646,24,"Veges",53815
2377,12,"Forestry",383803
1037,26,"Veges",193843
1893,8,"Sheepmeat",1277277
2341,14,"Forestry",22903
1516,14,"Forestry",10033
2382,28,"Sheepmeat",459490
1263,10,"Sheepmeat",22023
878,3,"Beef",14268
3040,23,"Veges",28673936
211,28,"Sheepmeat",6392
2285,29,"Sheepmeat",775875
1841,4,"Beef",951539
2854,8,"Sheepmeat",298856
2133,14,"Forestry",13324
3125,12,"Forestry",2499
1287,24,"Veges",29080
2927,3,"Beef",76680
953,11,"Forestry",111940
1997,3,"Beef",200506
1178,4,"Beef",29986
1584,23,"Veges",26257752
3145,10,"Sheepmeat",24784517
2799,24,"Veges",5920901
3168,11,"Forestry",2572114
2789,23,"Veges",378741
998,3,"Beef",1067042
1443,28,"Sheepmeat",6033351
2495,18,"Fruit",10767845
2618,4,"Beef",169689
2593,5,"Beef",8405
1429,3,"Beef",1938
3144,9,"Sheepmeat",24784517
1948,2,"Beef",14839
781,19,"Fruit",45171009
3029,20,"Fruit",101630
1295,28,"Sheepmeat",36647
1364,11,"Forestry",22262
1998,3,"Beef",1101112
2565,1,"Dairy",41127
1837,5,"Beef",8405
1049,22,"Fruit",33621
1096,10,"Sheepmeat",188879
3104,28,"Sheepmeat",3315423
2502,4,"Beef",40355453
2051,23,"Veges",162719
2836,22,"Fruit",43319
1029,2,"Beef",41275
3061,6,"Beef",275924
2137,2,"Beef",321206
136,3,"Beef",113746
1676,27,"Sheepmeat",174489
931,4,"Beef",194613
612,2,"Beef",1748
3103,23,"Veges",15980860
71,6,"Beef",23083
1615,28,"Sheepmeat",1748
27,2,"Beef",1179895
1049,10,"Sheepmeat",2519534
1206,12,"Forestry",1526114
3051,15,"Forestry",5256610
2913,16,"Forestry",64853362
438,2,"Beef",7689
1797,23,"Veges",70097
1779,29,"Sheepmeat",25973
3137,2,"Beef",12562186
2863,29,"Sheepmeat",103979378
1642,27,"Sheepmeat",511497
2747,6,"Beef",135931
679,4,"Beef",2632
725,29,"Sheepmeat",22998
2110,3,"Beef",718326
1224,3,"Beef",30831
2736,12,"Forestry",107798
52,27,"Sheepmeat",15736284
315,9,"Sheepmeat",1036738
434,29,"Sheepmeat",1167354
2942,9,"Sheepmeat",9328213
1623,2,"Beef",273764
895,27,"Sheepmeat",10970220
1551,23,"Veges",26257752
2797,28,"Sheepmeat",12605874
2841,23,"Veges",26257752
3071,11,"Forestry",69826
2176,20,"Fruit",14129
432,15,"Forestry",1583
928,8,"Sheepmeat",414144
879,3,"Beef",2373
1113,21,"Fruit",120685
1691,8,"Sheepmeat",1835585
64,26,"Veges",215600
1980,27,"Sheepmeat",859922
2794,6,"Beef",8405
2812,27,"Sheepmeat",18722609
2724,11,"Forestry",216734
2344,13,"Forestry",24808
3017,11,"Forestry",2412
156,2,"Beef",25131
3045,27,"Sheepmeat",28571248
2024,9,"Sheepmeat",370287
2759,16,"Forestry",6361788
1665,29,"Sheepmeat",1030693
3121,26,"Veges",10400585
1694,9,"Sheepmeat",466731
2130,27,"Sheepmeat",100878
309,15,"Forestry",17286
2521,19,"Fruit",9241495
2500,9,"Sheepmeat",24784517
1115,15,"Forestry",58405
2125,8,"Sheepmeat",1169805
2080,15,"Forestry",321799
995,4,"Beef",1988926
2754,16,"Forestry",3079162
3122,17,"Fruit",5987234
2213,15,"Forestry",34842
2774,11,"Forestry",601925
273,25,"Veges",90265237
892,27,"Sheepmeat",445009
2953,26,"Veges",721908
2025,2,"Beef",140033
739,8,"Sheepmeat",4550
1939,10,"Sheepmeat",5409
1713,9,"Sheepmeat",108842
879,18,"Fruit",218151
2947,26,"Veges",721908
1201,3,"Beef",17840
2315,24,"Veges",286091
1766,12,"Forestry",26242
2919,22,"Fruit",1080
1108,2,"Beef",254932
1344,8,"Sheepmeat",673717
3099,23,"Veges",13569621
1169,28,"Sheepmeat",790285
2191,3,"Beef",17368
2882,7,"Beef",25193
3084,8,"Sheepmeat",2495721
2940,28,"Sheepmeat",15251928
1550,10,"Sheepmeat",25702343
687,27,"Sheepmeat",62027
194,27,"Sheepmeat",6392
922,26,"Veges",11832565
113,29,"Sheepmeat",8526
3127,27,"Sheepmeat",34493512
2025,10,"Sheepmeat",477913
884,8,"Sheepmeat",802628
998,15,"Forestry",6827
1995,16,"Forestry",39347
1804,9,"Sheepmeat",301598
418,3,"Beef",1393
1448,18,"Fruit",620499
2863,26,"Veges",12983174
1822,11,"Forestry",235200
964,2,"Beef",16970
1332,16,"Forestry",187414
3005,27,"Sheepmeat",34229728
2885,13,"Forestry",227601
1692,14,"Forestry",8566
1521,25,"Veges",267408
2331,25,"Veges",35668
2997,18,"Fruit",38242514
1294,29,"Sheepmeat",2366695
2827,15,"Forestry",6133982
774,28,"Sheepmeat",8300
133,20,"Fruit",13618
1629,29,"Sheepmeat",663364
2116,2,"Beef",17368
2124,13,"Forestry",5074
2829,20,"Fruit",69702
2937,24,"Veges",6083886
2842,8,"Sheepmeat",26849218
842,3,"Beef",13634
1510,6,"Beef",21666
1867,16,"Forestry",14447058
2078,3,"Beef",45982
1072,27,"Sheepmeat",406972
1946,15,"Forestry",98346
2851,15,"Forestry",6805387
2773,12,"Forestry",613663
1317,4,"Beef",171254
438,27,"Sheepmeat",17430
1139,8,"Sheepmeat",4061
3060,2,"Beef",41665281
132,17,"Fruit",105555
824,10,"Sheepmeat",163080
1488,29,"Sheepmeat",5934275
2324,16,"Forestry",5745232
3083,7,"Beef",537577
2898,10,"Sheepmeat",14372463
1544,23,"Veges",28086
2080,12,"Forestry",158056
2871,16,"Forestry",20425467
2016,15,"Forestry",788412
1805,3,"Beef",106813
2358,19,"Fruit",211889
3076,29,"Sheepmeat",1693696
954,9,"Sheepmeat",708765
898,28,"Sheepmeat",552081
1003,19,"Fruit",848662
2204,9,"Sheepmeat",525530
1108,3,"Beef",254932
1077,26,"Veges",3292
2839,17,"Fruit",701154
3054,24,"Veges",6083886
2246,4,"Beef",10193400
1975,29,"Sheepmeat",593470
2769,21,"Fruit",218531
2874,3,"Beef",30143662
853,26,"Veges",732690
2395,13,"Forestry",5975
2819,6,"Beef",8405
689,24,"Veges",680593
2903,12,"Forestry",160231
1268,8,"Sheepmeat",33303
3150,5,"Beef",8405
2077,12,"Forestry",3257706
1239,3,"Beef",86755
1220,15,"Forestry",199783
3071,15,"Forestry",193266
1470,28,"Sheepmeat",160435
2230,15,"Forestry",9672
2290,4,"Beef",3668
3083,12,"Forestry",2572114
1610,29,"Sheepmeat",203244
2754,15,"Forestry",194971
2108,9,"Sheepmeat",2347291
1973,28,"Sheepmeat",834994
3046,7,"Beef",537577
1808,9,"Sheepmeat",52449
1039,15,"Forestry",10897
2881,29,"Sheepmeat",88910470
1876,24,"Veges",1139741
1762,14,"Forestry",6893
1880,16,"Forestry",35392122
346,27,"Sheepmeat",2350
2941,10,"Sheepmeat",9343679
1369,2,"Beef",1711
1977,29,"Sheepmeat",3695589
573,4,"Beef",1078307
3051,8,"Sheepmeat",14891295
211,27,"Sheepmeat",6392
2967,10,"Sheepmeat",4527233
3060,14,"Forestry",60195
2724,23,"Veges",426810
1140,18,"Fruit",53570
2070,14,"Forestry",5372
3023,7,"Beef",25193
1003,29,"Sheepmeat",2667
835,4,"Beef",11346
882,20,"Fruit",33722
2755,5,"Beef",178929
1637,2,"Beef",45759
1850,16,"Forestry",403152
958,28,"Sheepmeat",32930
3048,8,"Sheepmeat",8850601
2864,23,"Veges",31016092
1510,17,"Fruit",4222043
1586,4,"Beef",40355453
670,28,"Sheepmeat",13173
2213,2,"Beef",1648
1208,16,"Forestry",19818626
844,4,"Beef",40636356
1581,27,"Sheepmeat",34730575
823,12,"Forestry",62310
2999,10,"Sheepmeat",194779
1638,1,"Dairy",294373
3030,5,"Beef",8405
2965,16,"Forestry",25578977
1701,11,"Forestry",22082
835,13,"Forestry",6487
3024,21,"Fruit",203202
2890,29,"Sheepmeat",73270721
2961,9,"Sheepmeat",5204347
12,29,"Sheepmeat",2734882
1435,7,"Beef",179599
1327,2,"Beef",93845
3024,28,"Sheepmeat",34730575
1225,3,"Beef",235247
2648,8,"Sheepmeat",121973
1292,2,"Beef",4386
2659,13,"Forestry",248343
1204,21,"Fruit",22013
3033,28,"Sheepmeat",34433976
3079,16,"Forestry",415273
692,29,"Sheepmeat",2795
3080,9,"Sheepmeat",394423
295,9,"Sheepmeat",17940
2933,7,"Beef",25193
2690,29,"Sheepmeat",105532790
2217,10,"Sheepmeat",475698
1694,2,"Beef",206817
2803,26,"Veges",2512069
781,8,"Sheepmeat",4113
2015,10,"Sheepmeat",1455335
1978,8,"Sheepmeat",163253
2512,17,"Fruit",3010067
2811,3,"Beef",5929514
2236,10,"Sheepmeat",1564
2952,4,"Beef",1698624
2901,16,"Forestry",24060
2769,15,"Forestry",4134762
2405,2,"Beef",409244
2873,25,"Veges",2720254
1487,29,"Sheepmeat",1339235
2345,4,"Beef",318908
1435,23,"Veges",4814338
3152,3,"Beef",2033
3013,21,"Fruit",10850075
1204,27,"Sheepmeat",7561490
2216,13,"Forestry",1129
2826,6,"Beef",8405
2831,16,"Forestry",96760065
1120,3,"Beef",2440
2371,3,"Beef",372776
2123,9,"Sheepmeat",2485919
1512,2,"Beef",654788
862,25,"Veges",3616725
1036,11,"Forestry",41983
2352,2,"Beef",162340
2129,27,"Sheepmeat",240400
3120,28,"Sheepmeat",32292309
2842,12,"Forestry",3177321
987,1,"Dairy",762789
1374,14,"Forestry",2139
1204,3,"Beef",2062213
1534,3,"Beef",335024
924,20,"Fruit",41899
3138,8,"Sheepmeat",26706142
2319,29,"Sheepmeat",2795
2015,13,"Forestry",50533
1249,4,"Beef",1479980
2807,29,"Sheepmeat",52173932
1963,20,"Fruit",46700
3069,11,"Forestry",2533390
2078,9,"Sheepmeat",168702
1073,3,"Beef",57383
1511,23,"Veges",6155259
2802,5,"Beef",8405
3054,4,"Beef",19197192
2995,25,"Veges",58799626
1256,15,"Forestry",5576
2394,8,"Sheepmeat",5434
2107,11,"Forestry",16889
384,29,"Sheepmeat",105532790
1909,8,"Sheepmeat",7733184
1109,9,"Sheepmeat",425928
958,2,"Beef",32930
2761,4,"Beef",20856230
2307,4,"Beef",11096
2939,16,"Forestry",47877573
595,2,"Beef",39341
2830,26,"Veges",12983174
916,23,"Veges",18451
1428,26,"Veges",156768
2798,29,"Sheepmeat",32606955
799,16,"Forestry",5114
3082,28,"Sheepmeat",4399989
2840,15,"Forestry",6586781
2784,3,"Beef",944484
2244,13,"Forestry",200315
2138,28,"Sheepmeat",785217
2317,14,"Forestry",9960
1665,9,"Sheepmeat",245621
2814,13,"Forestry",197471
1022,3,"Beef",11752
2388,12,"Forestry",30563
1188,8,"Sheepmeat",553708
1428,17,"Fruit",207208
1234,28,"Sheepmeat",726400
878,29,"Sheepmeat",63885
1166,10,"Sheepmeat",309569
2384,28,"Sheepmeat",297569
550,16,"Forestry",3158461
2010,27,"Sheepmeat",181563
3152,18,"Fruit",6464035
1656,10,"Sheepmeat",99210
1001,25,"Veges",477454
3137,26,"Veges",13005315
2963,15,"Forestry",1784520
2982,14,"Forestry",18342
1483,19,"Fruit",1894027
417,3,"Beef",1393
3074,12,"Forestry",30430
1832,10,"Sheepmeat",1171415
1677,14,"Forestry",17236
3058,26,"Veges",151031
1073,2,"Beef",57383
1107,27,"Sheepmeat",258050
2835,3,"Beef",12438195
2917,2,"Beef",1345
1215,10,"Sheepmeat",5914136
574,4,"Beef",3426480
1808,2,"Beef",53525
1207,3,"Beef",1828611
2820,18,"Fruit",545293
194,24,"Veges",8417635
2972,3,"Beef",2028868
917,28,"Sheepmeat",10866695
1965,9,"Sheepmeat",342203
2818,6,"Beef",8405
2799,4,"Beef",16024946
1842,28,"Sheepmeat",1362415
3010,29,"Sheepmeat",60019
2995,9,"Sheepmeat",40204
3081,9,"Sheepmeat",28489
2775,3,"Beef",42729469
2119,28,"Sheepmeat",6749950
1494,15,"Forestry",2689019
3070,27,"Sheepmeat",9746975
2116,13,"Forestry",7139
2929,11,"Forestry",2067983
2503,23,"Veges",26257752
1651,12,"Forestry",169733
2649,29,"Sheepmeat",109499256
1876,11,"Forestry",9719
1875,16,"Forestry",346253
2309,8,"Sheepmeat",705321
3063,24,"Veges",28379627
2793,27,"Sheepmeat",7561660
930,4,"Beef",239161
1250,28,"Sheepmeat",9333527
962,24,"Veges",1318983
904,28,"Sheepmeat",61335
1431,29,"Sheepmeat",102597400
272,25,"Veges",58799626
2218,28,"Sheepmeat",29423
2890,16,"Forestry",89672757
1842,16,"Forestry",772711
1265,10,"Sheepmeat",211599
2501,4,"Beef",40355453
1424,4,"Beef",52486
1248,15,"Forestry",26858
2225,12,"Forestry",161614
1386,3,"Beef",56375
2920,9,"Sheepmeat",11404935
2830,24,"Veges",31412107
2095,8,"Sheepmeat",307201
1970,27,"Sheepmeat",260038
3060,21,"Fruit",608125
1382,10,"Sheepmeat",89599
2381,8,"Sheepmeat",491215
2022,8,"Sheepmeat",599422
2285,10,"Sheepmeat",181391
1044,8,"Sheepmeat",2667037
3009,28,"Sheepmeat",12978
12,13,"Forestry",3364
2317,8,"Sheepmeat",584962
3150,15,"Forestry",6564691
2954,16,"Forestry",371544
446,2,"Beef",3907
3125,6,"Beef",275924
2550,2,"Beef",2313537
1777,25,"Veges",318661
1821,14,"Forestry",22639
1819,15,"Forestry",495390
3133,21,"Fruit",175973
1378,10,"Sheepmeat",1214212
2142,27,"Sheepmeat",444240
2649,7,"Beef",25193
3066,17,"Fruit",701154
859,23,"Veges",6701342
2832,25,"Veges",31412107
2957,15,"Forestry",2350965
690,28,"Sheepmeat",62027
2723,16,"Forestry",22587
3046,13,"Forestry",138413
2095,2,"Beef",164454
2355,28,"Sheepmeat",1778
3029,17,"Fruit",806709
2796,12,"Forestry",1160365
2945,29,"Sheepmeat",38259015
2907,6,"Beef",8405
445,3,"Beef",2697
3068,19,"Fruit",1543973
3093,9,"Sheepmeat",86350334
1862,9,"Sheepmeat",1221283
1103,27,"Sheepmeat",189132
1716,2,"Beef",7292
855,2,"Beef",94415
915,25,"Veges",1278297
3046,25,"Veges",10226871
1900,14,"Forestry",13264
2912,13,"Forestry",171536
1538,9,"Sheepmeat",14496
912,9,"Sheepmeat",4855
1700,28,"Sheepmeat",1878346
1818,8,"Sheepmeat",169097
2810,14,"Forestry",171536
1972,28,"Sheepmeat",616712
2874,20,"Fruit",1579716
768,12,"Forestry",2351
2049,28,"Sheepmeat",1120
1249,14,"Forestry",35179
1228,8,"Sheepmeat",2461152
2267,17,"Fruit",246428
1432,9,"Sheepmeat",16135
1031,22,"Fruit",118414
805,28,"Sheepmeat",1227
2166,4,"Beef",50987
1689,3,"Beef",1100194
924,2,"Beef",1185
922,9,"Sheepmeat",45595
1938,2,"Beef",10295
1040,17,"Fruit",474171
2072,28,"Sheepmeat",32303
834,28,"Sheepmeat",716880
1469,25,"Veges",1494966
135,19,"Fruit",231939
1000,23,"Veges",6155259
333,19,"Fruit",1127147
1852,16,"Forestry",403152
941,20,"Fruit",37100
844,29,"Sheepmeat",109533149
2885,16,"Forestry",90226124
1103,15,"Forestry",45440
2091,15,"Forestry",226102
3049,21,"Fruit",4323
1301,9,"Sheepmeat",111234
1372,10,"Sheepmeat",301377
533,13,"Forestry",5372
1526,8,"Sheepmeat",323719
879,10,"Sheepmeat",1706
2274,4,"Beef",825681
1950,10,"Sheepmeat",1663114
2942,22,"Fruit",1080
2304,9,"Sheepmeat",29770
3083,20,"Fruit",1739267
1301,23,"Veges",50418
2340,28,"Sheepmeat",61840
2499,20,"Fruit",101630
2409,2,"Beef",374457
3116,9,"Sheepmeat",5474226
835,3,"Beef",3010
3083,22,"Fruit",825542
1137,27,"Sheepmeat",1329096
2028,10,"Sheepmeat",2605048
2963,13,"Forestry",68513
1387,2,"Beef",10969
919,26,"Veges",12218553
1126,9,"Sheepmeat",755953
2143,27,"Sheepmeat",956490
3028,27,"Sheepmeat",34730575
2800,10,"Sheepmeat",10871096
3031,15,"Forestry",6580738
3095,13,"Forestry",192497
1570,8,"Sheepmeat",191445
2325,16,"Forestry",151066
3022,24,"Veges",31465611
2003,9,"Sheepmeat",269525
574,17,"Fruit",7066185
859,4,"Beef",18020
1133,27,"Sheepmeat",12437
1191,28,"Sheepmeat",1120
690,29,"Sheepmeat",204589
1060,26,"Veges",193843
725,27,"Sheepmeat",5881
578,20,"Fruit",13366
1935,10,"Sheepmeat",21842
3082,8,"Sheepmeat",3400337
3089,29,"Sheepmeat",7526861
3027,26,"Veges",13005315
1567,27,"Sheepmeat",9559
1707,2,"Beef",1100194
1501,10,"Sheepmeat",296360
997,23,"Veges",11748210
2014,17,"Fruit",7999
2998,18,"Fruit",38096520
2112,11,"Forestry",14344
390,16,"Forestry",1571
2974,13,"Forestry",38118
3071,5,"Beef",178929
1563,28,"Sheepmeat",64003
2772,27,"Sheepmeat",121277466
2966,1,"Dairy",294373
2762,19,"Fruit",3482051
2869,8,"Sheepmeat",2095873
1269,10,"Sheepmeat",312828
3143,20,"Fruit",101630
1066,10,"Sheepmeat",9160
2986,4,"Beef",286471
1203,8,"Sheepmeat",183337
1215,27,"Sheepmeat",8253707
1699,4,"Beef",2277219
1665,10,"Sheepmeat",245621
1866,3,"Beef",152092
2807,1,"Dairy",294373
2394,27,"Sheepmeat",7024
1048,14,"Forestry",54084
2033,6,"Beef",23083
1276,4,"Beef",24564
2939,3,"Beef",5113989
498,29,"Sheepmeat",379456
2768,22,"Fruit",115212
3134,9,"Sheepmeat",24629986
2756,6,"Beef",178929
844,5,"Beef",8405
3060,29,"Sheepmeat",359263816
2932,2,"Beef",30739
2394,3,"Beef",7024
952,10,"Sheepmeat",121804
3127,13,"Forestry",242970
1290,19,"Fruit",237675
962,8,"Sheepmeat",69513538
2084,4,"Beef",160898
1152,28,"Sheepmeat",376021
988,23,"Veges",414079
3065,8,"Sheepmeat",26520370
3127,20,"Fruit",88012
2785,9,"Sheepmeat",2517797
3072,28,"Sheepmeat",1715850
980,27,"Sheepmeat",20651932
3050,10,"Sheepmeat",14186005
1873,12,"Forestry",12101
2960,4,"Beef",9312682
1056,10,"Sheepmeat",2475077
3113,11,"Forestry",2491590
560,2,"Beef",340426
2281,28,"Sheepmeat",1186348
3069,5,"Beef",178929
2192,4,"Beef",10088477
2334,28,"Sheepmeat",331552
1397,9,"Sheepmeat",1357891
1386,28,"Sheepmeat",78109
761,29,"Sheepmeat",12214
2394,2,"Beef",7024
2757,11,"Forestry",89988
3066,11,"Forestry",3175122
2915,13,"Forestry",171536
2723,4,"Beef",663650
983,16,"Forestry",12289
994,15,"Forestry",6827
1225,10,"Sheepmeat",971695
2788,29,"Sheepmeat",12799807
1861,11,"Forestry",78230
3154,17,"Fruit",16757
2888,16,"Forestry",89672757
1431,25,"Veges",5548066
3101,2,"Beef",42530533
1189,3,"Beef",201568
2867,17,"Fruit",8329978
1087,16,"Forestry",5525470
317,10,"Sheepmeat",9236
2751,7,"Beef",537577
1042,12,"Forestry",438021
3057,2,"Beef",36974
1261,28,"Sheepmeat",18821
2945,19,"Fruit",38591
1445,8,"Sheepmeat",49487
2937,4,"Beef",17656942
2355,27,"Sheepmeat",1778
2289,29,"Sheepmeat",5362
1487,3,"Beef",267271
1312,29,"Sheepmeat",185754
2925,8,"Sheepmeat",12371620
1282,11,"Forestry",159865
887,10,"Sheepmeat",24791
3164,10,"Sheepmeat",87032840
2439,1,"Dairy",762789
1672,27,"Sheepmeat",316590
3055,4,"Beef",540344
3013,3,"Beef",2033
1940,8,"Sheepmeat",323353
1093,27,"Sheepmeat",134229
1976,10,"Sheepmeat",889324
3166,19,"Fruit",18325168
2919,10,"Sheepmeat",11911919
1489,16,"Forestry",19824
1037,25,"Veges",468428
1861,15,"Forestry",158821
1589,28,"Sheepmeat",35854901
1875,2,"Beef",302978
3052,15,"Forestry",5256610
1229,20,"Fruit",11192
1900,8,"Sheepmeat",312671
3136,15,"Forestry",6580738
1344,28,"Sheepmeat",874320
2805,29,"Sheepmeat",51198436
2204,16,"Forestry",22507779
2923,26,"Veges",2512069
981,13,"Forestry",18026
2917,29,"Sheepmeat",124010
797,10,"Sheepmeat",7823
1201,27,"Sheepmeat",22587
1343,4,"Beef",22677
264,17,"Fruit",910310
2521,28,"Sheepmeat",2110442
1564,2,"Beef",1867
1170,16,"Forestry",13200375
2820,22,"Fruit",35012
3134,5,"Beef",8405
1529,16,"Forestry",3159
3126,23,"Veges",26220855
1224,20,"Fruit",16029
1082,27,"Sheepmeat",267477
2436,8,"Sheepmeat",12371620
1241,11,"Forestry",58495
954,28,"Sheepmeat",988265
941,4,"Beef",5561
1074,28,"Sheepmeat",598419
2120,4,"Beef",6719377
2545,20,"Fruit",6422
831,25,"Veges",1931236
1458,19,"Fruit",734263
957,23,"Veges",202064
1588,20,"Fruit",114997
533,19,"Fruit",227645
1973,3,"Beef",191068
2933,4,"Beef",17723882
1713,10,"Sheepmeat",108842
3156,28,"Sheepmeat",34315309
3097,25,"Veges",21972057
2784,15,"Forestry",481027
3122,28,"Sheepmeat",33785948
1514,28,"Sheepmeat",1118445
940,29,"Sheepmeat",6679
982,4,"Beef",67260
1851,23,"Veges",1560829
954,13,"Forestry",7986
1456,29,"Sheepmeat",571067
2971,26,"Veges",151031
2933,1,"Dairy",294373
1429,2,"Beef",1938
1551,26,"Veges",4987858
2829,15,"Forestry",6424991
2315,26,"Veges",118389
2198,27,"Sheepmeat",216288
3095,10,"Sheepmeat",23281106
2839,2,"Beef",12545667
997,1,"Dairy",2111499
1841,27,"Sheepmeat",1668635
1582,13,"Forestry",242970
2725,6,"Beef",19067
2862,29,"Sheepmeat",103532876
1909,12,"Forestry",3299203
2559,4,"Beef",1700255
1441,29,"Sheepmeat",36822687
1987,13,"Forestry",3283
2800,4,"Beef",17696645
2931,29,"Sheepmeat",46689028
3068,23,"Veges",26202404
2799,1,"Dairy",294373
2905,8,"Sheepmeat",14279412
2725,16,"Forestry",6931682
1909,29,"Sheepmeat",30635946
2910,7,"Beef",25193
1513,15,"Forestry",76824
2586,3,"Beef",13044366
25,4,"Beef",618671
123,28,"Sheepmeat",33432
946,9,"Sheepmeat",9952
1248,26,"Veges",622136
1299,28,"Sheepmeat",254032
2869,12,"Forestry",702872
3062,4,"Beef",127428242
1843,11,"Forestry",22537
3056,21,"Fruit",4323
3163,23,"Veges",28086
2211,8,"Sheepmeat",71798
2746,2,"Beef",603393
1501,16,"Forestry",48848
2130,3,"Beef",41957
1876,25,"Veges",1139741
2223,27,"Sheepmeat",9235733
2112,9,"Sheepmeat",2026666
2202,12,"Forestry",93711
2863,2,"Beef",12381797
1008,9,"Sheepmeat",1431243
2929,12,"Forestry",2067983
2538,12,"Forestry",499756
2890,24,"Veges",30741184
3054,7,"Beef",25193
2817,16,"Forestry",75928364
1118,10,"Sheepmeat",4627196
1007,8,"Sheepmeat",2043624
2816,5,"Beef",8405
2633,4,"Beef",11470807
2329,12,"Forestry",8437
3069,9,"Sheepmeat",24209663
2909,11,"Forestry",2210854
1154,16,"Forestry",331147
1612,29,"Sheepmeat",24880
1446,3,"Beef",30130
2961,11,"Forestry",879090
3164,8,"Sheepmeat",246527
524,1,"Dairy",6462576
2393,12,"Forestry",158920
2785,2,"Beef",976982
1172,21,"Fruit",15864
3141,27,"Sheepmeat",191842
1621,16,"Forestry",5305
1125,12,"Forestry",8669
3007,25,"Veges",32891
3137,25,"Veges",31465611
3033,1,"Dairy",294373
1946,16,"Forestry",3112210
578,13,"Forestry",5372
1316,16,"Forestry",1150713
866,4,"Beef",4239
2405,8,"Sheepmeat",1915239
2144,3,"Beef",54762
1577,6,"Beef",8405
1022,4,"Beef",49052
3140,28,"Sheepmeat",191842
2802,26,"Veges",2512069
2046,27,"Sheepmeat",5145926
982,28,"Sheepmeat",107958
3145,19,"Fruit",1775911
3095,15,"Forestry",4967306
896,2,"Beef",3779780
2348,8,"Sheepmeat",89644
1327,29,"Sheepmeat",300234
1257,27,"Sheepmeat",174703
2827,20,"Fruit",69702
1288,9,"Sheepmeat",160966
1761,27,"Sheepmeat",95078
936,2,"Beef",56578
1808,10,"Sheepmeat",52449
1996,22,"Fruit",15993
2039,10,"Sheepmeat",11203022
1091,8,"Sheepmeat",1903468
929,29,"Sheepmeat",5241456
1796,29,"Sheepmeat",226495
870,4,"Beef",48647
1287,28,"Sheepmeat",297872
2891,26,"Veges",12705536
2756,25,"Veges",148127
1060,21,"Fruit",34741
1180,9,"Sheepmeat",61608
1176,9,"Sheepmeat",4816721
3003,26,"Veges",9012030
2763,6,"Beef",178929
2940,2,"Beef",5697572
1241,2,"Beef",40509
1654,16,"Forestry",26268
2538,27,"Sheepmeat",13290968
2127,3,"Beef",1100194
1529,29,"Sheepmeat",4573
2530,2,"Beef",4662
2654,29,"Sheepmeat",108967338
2817,4,"Beef",20599632
2803,2,"Beef",5766088
2984,12,"Forestry",235512
1672,15,"Forestry",1041
2121,2,"Beef",1734789
2303,18,"Fruit",10767845
3046,3,"Beef",9704208
1206,20,"Fruit",7193
3028,5,"Beef",8405
3127,11,"Forestry",3175122
3111,2,"Beef",8177
1662,10,"Sheepmeat",17845
1172,17,"Fruit",63862
2341,12,"Forestry",276466
2811,11,"Forestry",2212524
2960,23,"Veges",2938397
2273,14,"Forestry",30130
1953,14,"Forestry",149701
1892,16,"Forestry",1032
2842,7,"Beef",25193
2071,11,"Forestry",73151
134,2,"Beef",116624
2862,26,"Veges",12983174
1316,8,"Sheepmeat",29885
551,18,"Fruit",95602
1951,15,"Forestry",117571
1835,15,"Forestry",2672
2413,16,"Forestry",17239993
3128,10,"Sheepmeat",24526579
2838,29,"Sheepmeat",104519960
2526,8,"Sheepmeat",5446506
131,1,"Dairy",294373
2915,25,"Veges",6083886
2898,3,"Beef",6616778
3056,14,"Forestry",129517
854,29,"Sheepmeat",461008
1646,29,"Sheepmeat",6406
1248,9,"Sheepmeat",569260
906,19,"Fruit",140091
1251,2,"Beef",54583
2798,5,"Beef",8405
2161,10,"Sheepmeat",3971
2647,11,"Forestry",61986
2930,25,"Veges",6083886
1468,24,"Veges",1753665
538,3,"Beef",340426
1769,28,"Sheepmeat",582651
3052,27,"Sheepmeat",19202105
2227,8,"Sheepmeat",244080
2151,2,"Beef",40355
1583,28,"Sheepmeat",35854901
2666,1,"Dairy",3086512
1954,4,"Beef",2953262
1777,28,"Sheepmeat",351013
1077,29,"Sheepmeat",5587
1145,3,"Beef",78159
1084,29,"Sheepmeat",13445137
2482,19,"Fruit",2003556
1549,4,"Beef",40643851
3082,4,"Beef",3311727
1910,9,"Sheepmeat",7254772
2956,26,"Veges",1421230
2912,7,"Beef",25193
1124,27,"Sheepmeat",36647
1891,25,"Veges",41390
2385,8,"Sheepmeat",230209
1833,12,"Forestry",121300
807,15,"Forestry",17286
481,2,"Beef",62743
899,28,"Sheepmeat",503137
1850,11,"Forestry",13322
3124,26,"Veges",10813689
1003,17,"Fruit",385627
2312,10,"Sheepmeat",14769
3012,13,"Forestry",482063
848,28,"Sheepmeat",3483282
2800,24,"Veges",6083886
2345,2,"Beef",100949
1073,9,"Sheepmeat",65046
1570,15,"Forestry",1259
1272,9,"Sheepmeat",88851
3127,22,"Fruit",43319
1856,12,"Forestry",9719
2293,1,"Dairy",3086512
3109,27,"Sheepmeat",1646229
1257,3,"Beef",14245
2315,28,"Sheepmeat",40733
1015,8,"Sheepmeat",625625
3157,3,"Beef",3904643
3079,11,"Forestry",14344
3069,26,"Veges",10417049
2531,20,"Fruit",13366
2555,27,"Sheepmeat",1705246
302,24,"Veges",39391627
2586,27,"Sheepmeat",35854901
3144,25,"Veges",31465611
2760,25,"Veges",1041512
1832,11,"Forestry",155297
2906,14,"Forestry",7387
577,24,"Veges",148537
2513,27,"Sheepmeat",1748
3115,11,"Forestry",30430
930,17,"Fruit",2120029
2725,4,"Beef",17675999
1995,29,"Sheepmeat",7785228
2119,2,"Beef",2194990
2161,28,"Sheepmeat",5524
1281,11,"Forestry",268770
2219,13,"Forestry",2194
2908,26,"Veges",2512069
2955,13,"Forestry",2139
1612,4,"Beef",24880
2504,1,"Dairy",3086512
3085,3,"Beef",1018858
1427,16,"Forestry",83164
1514,18,"Fruit",95602
2777,9,"Sheepmeat",87253246
1892,10,"Sheepmeat",23253
1663,3,"Beef",35519
1833,14,"Forestry",9960
910,8,"Sheepmeat",5224
597,4,"Beef",18219
964,26,"Veges",780820
1910,15,"Forestry",6502538
2015,14,"Forestry",50533
2153,3,"Beef",663689
2835,24,"Veges",31412107
2499,28,"Sheepmeat",34730575
2443,27,"Sheepmeat",7402381
30,9,"Sheepmeat",4594
2351,9,"Sheepmeat",80717
2955,4,"Beef",717232
1455,8,"Sheepmeat",2328658
1140,24,"Veges",832307
1411,20,"Fruit",69129
1943,4,"Beef",9778
1339,27,"Sheepmeat",147497
3000,3,"Beef",13411722
2914,9,"Sheepmeat",12217101
2947,8,"Sheepmeat",1317368
3011,15,"Forestry",12095529
1582,21,"Fruit",203202
2779,16,"Forestry",6064781
1891,23,"Veges",6338461
2021,9,"Sheepmeat",8608
580,8,"Sheepmeat",8418
151,3,"Beef",116624
1808,16,"Forestry",5861804
2028,8,"Sheepmeat",2803356
2188,29,"Sheepmeat",199959
1229,27,"Sheepmeat",190246
839,22,"Fruit",1855496
2124,4,"Beef",970807
3045,23,"Veges",11407401
2867,11,"Forestry",1140893
1643,12,"Forestry",21741
1091,12,"Forestry",11033
333,25,"Veges",17936
2436,14,"Forestry",168950
1372,16,"Forestry",305639
1830,15,"Forestry",121677
2382,10,"Sheepmeat",330330
3081,27,"Sheepmeat",40733
1130,14,"Forestry",2004
2808,22,"Fruit",1080
2312,9,"Sheepmeat",14769
643,28,"Sheepmeat",1118445
551,16,"Forestry",3158461
1343,24,"Veges",32924701
1210,15,"Forestry",57588
1556,14,"Forestry",133096
1532,28,"Sheepmeat",3471
2519,29,"Sheepmeat",22086
689,4,"Beef",11425
1010,3,"Beef",34096
3113,25,"Veges",6587563
848,25,"Veges",6860368
3011,12,"Forestry",5951260
2218,3,"Beef",15398
571,2,"Beef",1487
2396,9,"Sheepmeat",48226
3018,25,"Veges",6466925
557,29,"Sheepmeat",3434548
3027,29,"Sheepmeat",105532790
3115,15,"Forestry",111011
237,19,"Fruit",31406578
432,26,"Veges",21237845
1300,8,"Sheepmeat",601734
2009,2,"Beef",6037
1924,21,"Fruit",4323
2307,9,"Sheepmeat",1564
2943,4,"Beef",15277405
1628,3,"Beef",41692
994,29,"Sheepmeat",4540527
2220,8,"Sheepmeat",5179
3054,22,"Fruit",1080
2598,21,"Fruit",229926
104,27,"Sheepmeat",36868
1246,8,"Sheepmeat",373254
1650,29,"Sheepmeat",2061585
3060,28,"Sheepmeat",118747610
2760,3,"Beef",6862993
189,19,"Fruit",104122269
1199,27,"Sheepmeat",22587
1104,19,"Fruit",84087
2859,4,"Beef",201030
1902,9,"Sheepmeat",7494486
2167,2,"Beef",2132
1181,3,"Beef",26039
1961,28,"Sheepmeat",419071
2800,12,"Forestry",1917858
3039,29,"Sheepmeat",103260034
2745,26,"Veges",2632608
1816,9,"Sheepmeat",28569
3056,8,"Sheepmeat",8256907
1626,10,"Sheepmeat",77187
1690,13,"Forestry",8566
802,8,"Sheepmeat",29261
1018,4,"Beef",14402
1154,9,"Sheepmeat",1101790
1126,3,"Beef",331730
559,15,"Forestry",1583
1787,8,"Sheepmeat",286897
212,25,"Veges",12090250
1074,10,"Sheepmeat",430207
2269,20,"Fruit",16286
2550,29,"Sheepmeat",25054946
2191,28,"Sheepmeat",72379
1836,10,"Sheepmeat",27338
3060,23,"Veges",12840759
2261,4,"Beef",13976
1398,28,"Sheepmeat",363873
2869,2,"Beef",41972114
3103,7,"Beef",836800
2034,28,"Sheepmeat",16933015
3026,27,"Sheepmeat",34730575
1770,10,"Sheepmeat",334037
3137,16,"Forestry",96844843
2872,22,"Fruit",89900
2790,10,"Sheepmeat",4243739
2814,17,"Fruit",16757
1627,25,"Veges",692749
1556,9,"Sheepmeat",5638055
1512,29,"Sheepmeat",9546503
3067,21,"Fruit",175973
343,28,"Sheepmeat",14383
2141,4,"Beef",371794
2003,3,"Beef",171421
3115,6,"Beef",178929
1372,12,"Forestry",8464
3067,12,"Forestry",3175122
2921,9,"Sheepmeat",11400539
1081,27,"Sheepmeat",2455
3151,2,"Beef",11800270
2109,9,"Sheepmeat",2341255
2764,8,"Sheepmeat",24916164
898,24,"Veges",1124259
574,16,"Forestry",181529
1253,3,"Beef",7641
2260,3,"Beef",4662
1281,12,"Forestry",268770
3052,25,"Veges",8948961
1091,16,"Forestry",916568
1009,28,"Sheepmeat",524679
3045,13,"Forestry",138413
1934,4,"Beef",24953
1455,12,"Forestry",15310
1772,28,"Sheepmeat",20244
993,25,"Veges",4379611
3166,20,"Fruit",1056951
2926,26,"Veges",2512069
2886,28,"Sheepmeat",7238
862,21,"Fruit",279045
2861,11,"Forestry",45299
694,16,"Forestry",9271
1937,29,"Sheepmeat",8157
2983,8,"Sheepmeat",1376
2026,9,"Sheepmeat",1431243
2974,29,"Sheepmeat",14898723
1253,27,"Sheepmeat",132215
2396,3,"Beef",16207
2779,11,"Forestry",208397
3026,10,"Sheepmeat",24784517
2910,13,"Forestry",171536
533,17,"Fruit",103601
2511,27,"Sheepmeat",8300
2338,9,"Sheepmeat",426089
2905,15,"Forestry",4737513
2221,8,"Sheepmeat",122497
1987,8,"Sheepmeat",96758
2501,9,"Sheepmeat",25589329
1989,11,"Forestry",74379
2811,14,"Forestry",171536
3121,17,"Fruit",5095097
835,15,"Forestry",135152
3052,8,"Sheepmeat",14891295
3048,3,"Beef",4712537
1029,24,"Veges",95655
2915,11,"Forestry",2208088
899,26,"Veges",292230
1499,28,"Sheepmeat",2668011
1902,3,"Beef",3566015
1762,28,"Sheepmeat",511469
3165,12,"Forestry",613663
2938,29,"Sheepmeat",5466379
2822,9,"Sheepmeat",18133473
2526,28,"Sheepmeat",7045938
2728,2,"Beef",34384
879,23,"Veges",616672
3072,4,"Beef",1109752
3049,14,"Forestry",269851
557,3,"Beef",340426
1863,25,"Veges",1751349
870,24,"Veges",910506
1048,9,"Sheepmeat",2519534
2261,29,"Sheepmeat",48356
1158,12,"Forestry",98373
301,15,"Forestry",17286
2200,14,"Forestry",29367
2885,21,"Fruit",139364
941,3,"Beef",1077
472,15,"Forestry",11406
1511,8,"Sheepmeat",712025
2862,8,"Sheepmeat",26411370
1175,27,"Sheepmeat",737592
458,26,"Veges",16249987
1563,3,"Beef",24292
1016,3,"Beef",61500
2381,13,"Forestry",21859
2373,13,"Forestry",35179
2502,6,"Beef",8405
3122,24,"Veges",25244887
3112,15,"Forestry",5262193
3063,4,"Beef",127533819
1661,12,"Forestry",38004
1137,12,"Forestry",2381
1938,4,"Beef",33427
3004,25,"Veges",11728683
1489,9,"Sheepmeat",69989
1430,26,"Veges",517488
2934,8,"Sheepmeat",160230
1439,29,"Sheepmeat",17894
2861,4,"Beef",120060
693,4,"Beef",15617
1815,27,"Sheepmeat",89779
1935,4,"Beef",24953
1339,28,"Sheepmeat",147497
2759,14,"Forestry",5317
1753,28,"Sheepmeat",560821
2550,3,"Beef",2313537
2151,11,"Forestry",2994
2929,8,"Sheepmeat",12182882
1272,12,"Forestry",12353
2568,9,"Sheepmeat",2443644
1148,27,"Sheepmeat",1727963
3002,18,"Fruit",28816974
295,4,"Beef",56762
2957,23,"Veges",3316985
2502,5,"Beef",8405
1268,26,"Veges",39374
2516,16,"Forestry",175122469
1089,27,"Sheepmeat",127354
3007,23,"Veges",6418482
1587,21,"Fruit",229926
2953,10,"Sheepmeat",679302
1310,29,"Sheepmeat",24927
2321,4,"Beef",22341
1146,2,"Beef",61170
733,27,"Sheepmeat",1227
1287,14,"Forestry",1232
2239,8,"Sheepmeat",11044
1042,26,"Veges",3241655
2014,16,"Forestry",12969
1980,15,"Forestry",7565
2820,13,"Forestry",227601
617,29,"Sheepmeat",1601
908,19,"Fruit",865725
1343,25,"Veges",32924701
2914,10,"Sheepmeat",12217101
3097,14,"Forestry",193886
967,19,"Fruit",363176
917,4,"Beef",11322431
1457,10,"Sheepmeat",87321
1437,27,"Sheepmeat",13432803
1966,29,"Sheepmeat",4316705
1266,22,"Fruit",15885
2509,18,"Fruit",17270271
1447,20,"Fruit",123725
1152,4,"Beef",311419
1706,28,"Sheepmeat",1359898
3018,9,"Sheepmeat",1257
1988,8,"Sheepmeat",351982
1179,11,"Forestry",17281
2778,2,"Beef",42747656
1211,18,"Fruit",95822
969,4,"Beef",2667
1692,10,"Sheepmeat",1704774
940,2,"Beef",1077
769,4,"Beef",1601
1171,9,"Sheepmeat",1822180
1256,3,"Beef",7641
2837,21,"Fruit",175973
1014,9,"Sheepmeat",1775341
2362,28,"Sheepmeat",772744
1186,3,"Beef",424184
268,19,"Fruit",2003556
2774,2,"Beef",42729469
2966,15,"Forestry",26858
2754,4,"Beef",12427531
924,26,"Veges",150784
1856,9,"Sheepmeat",397361
2873,6,"Beef",275924
1083,27,"Sheepmeat",65101
1045,20,"Fruit",78243
1280,15,"Forestry",5576
2412,17,"Fruit",161461
2212,12,"Forestry",54718
2907,27,"Sheepmeat",17514559
2805,18,"Fruit",16757
1269,2,"Beef",139623
2736,18,"Fruit",103601
3046,26,"Veges",4223253
1090,29,"Sheepmeat",275268
2945,7,"Beef",25193
571,9,"Sheepmeat",4228
2530,4,"Beef",18751
2495,26,"Veges",4987858
1965,29,"Sheepmeat",1432867
2129,28,"Sheepmeat",240400
1865,9,"Sheepmeat",643642
1817,9,"Sheepmeat",503574
1233,29,"Sheepmeat",6926238
3033,27,"Sheepmeat",34433976
2889,12,"Forestry",2943512
1208,22,"Fruit",19153
2968,28,"Sheepmeat",196477
870,21,"Fruit",215790
2508,8,"Sheepmeat",121973
1878,2,"Beef",35745
3121,16,"Forestry",75297148
3002,26,"Veges",21504568
930,16,"Forestry",264377
2790,15,"Forestry",1557346
950,2,"Beef",311880
2953,25,"Veges",1751349
1169,8,"Sheepmeat",611390
2116,10,"Sheepmeat",49268
1572,28,"Sheepmeat",36039194
1977,26,"Veges",58965
2804,14,"Forestry",168950
2828,26,"Veges",12732936
1675,3,"Beef",2534
1823,13,"Forestry",5840
2202,16,"Forestry",2761645
2941,14,"Forestry",133864
1817,27,"Sheepmeat",701776
3135,26,"Veges",13005315
1515,11,"Forestry",16531
2795,12,"Forestry",1161465
1223,2,"Beef",5576
1169,10,"Sheepmeat",568140
2375,27,"Sheepmeat",2048307
289,10,"Sheepmeat",4630
1435,15,"Forestry",1740740
898,19,"Fruit",4859537
2791,14,"Forestry",68513
1521,16,"Forestry",19818626
1563,25,"Veges",4265
2153,2,"Beef",663689
832,3,"Beef",11557620
3025,27,"Sheepmeat",34730575
320,19,"Fruit",1775911
3168,12,"Forestry",2572114
610,9,"Sheepmeat",12366
1718,29,"Sheepmeat",1905
1697,8,"Sheepmeat",1465877
2216,12,"Forestry",15361
3043,25,"Veges",18907431
3045,8,"Sheepmeat",22063960
1044,10,"Sheepmeat",724800
1499,3,"Beef",1142082
3127,5,"Beef",8405
1894,13,"Forestry",4573
2756,23,"Veges",153234
2521,15,"Forestry",6827
1940,10,"Sheepmeat",300479
2907,7,"Beef",25193
1360,10,"Sheepmeat",4396
791,18,"Fruit",17270271
1955,14,"Forestry",31256
3134,18,"Fruit",701154
1775,11,"Forestry",63231
2809,13,"Forestry",171536
1552,23,"Veges",26257752
1910,4,"Beef",10528577
1780,28,"Sheepmeat",19371
2051,19,"Fruit",30388087
2818,16,"Forestry",75928364
1984,10,"Sheepmeat",138908
1818,9,"Sheepmeat",157135
2350,11,"Forestry",2412
2824,28,"Sheepmeat",26117008
1572,24,"Veges",8417635
579,21,"Fruit",26724
2901,22,"Fruit",19528
1626,29,"Sheepmeat",321837
1163,12,"Forestry",11963
1801,9,"Sheepmeat",39189
982,20,"Fruit",27023
3065,14,"Forestry",242970
951,26,"Veges",33536
3006,3,"Beef",13137874
2216,9,"Sheepmeat",36963
1212,26,"Veges",3155192
2630,28,"Sheepmeat",16655
1364,28,"Sheepmeat",702886
2880,28,"Sheepmeat",31397685
2221,29,"Sheepmeat",474625
1005,4,"Beef",7766
3168,21,"Fruit",3515504
1832,16,"Forestry",4583448
953,23,"Veges",500197
1106,21,"Fruit",60603
2904,7,"Beef",25193
2846,16,"Forestry",6676
2586,10,"Sheepmeat",25589329
187,3,"Beef",3907
2957,5,"Beef",8405
1510,4,"Beef",3221138
2581,8,"Sheepmeat",14342
1114,13,"Forestry",1938
1022,9,"Sheepmeat",8449
962,20,"Fruit",151804
1660,4,"Beef",75083
1348,29,"Sheepmeat",4517
2706,14,"Forestry",242970
2585,24,"Veges",39391627
1554,18,"Fruit",10450221
2822,2,"Beef",8828272
2049,2,"Beef",1120
2461,19,"Fruit",109383
3009,9,"Sheepmeat",6710
1235,27,"Sheepmeat",44234
1803,28,"Sheepmeat",845924
1118,24,"Veges",1201
2759,10,"Sheepmeat",13557878
2844,25,"Veges",31465611
2793,3,"Beef",3044084
3124,21,"Fruit",1629913
1586,22,"Fruit",55676
1627,9,"Sheepmeat",123944
35,3,"Beef",2697
1490,12,"Forestry",39035
2794,23,"Veges",2938397
1472,25,"Veges",120299
1112,9,"Sheepmeat",157723
2312,11,"Forestry",2002
20,2,"Beef",6110
1470,25,"Veges",262180
1300,4,"Beef",921540
573,20,"Fruit",12334
2246,2,"Beef",3380976
2870,3,"Beef",42048695
301,24,"Veges",39391627
1320,29,"Sheepmeat",3579129
882,26,"Veges",65094
211,3,"Beef",6376
1378,4,"Beef",2594692
1530,3,"Beef",39128
997,7,"Beef",179599
885,29,"Sheepmeat",708739
434,4,"Beef",661696
2930,16,"Forestry",60285979
955,4,"Beef",83574
135,2,"Beef",113746
918,14,"Forestry",282260
3164,12,"Forestry",334105
1416,29,"Sheepmeat",13625
2433,3,"Beef",1231
2438,2,"Beef",44247
3127,28,"Sheepmeat",34493512
1014,10,"Sheepmeat",1775341
2928,9,"Sheepmeat",150440
899,22,"Fruit",48528
2822,3,"Beef",8828272
1168,27,"Sheepmeat",350696
60,28,"Sheepmeat",3436
1060,23,"Veges",484576
295,29,"Sheepmeat",87023
2181,27,"Sheepmeat",15611
3061,25,"Veges",14218114
1849,9,"Sheepmeat",30429
2054,12,"Forestry",7140
2360,2,"Beef",394162
870,27,"Sheepmeat",16229
2805,19,"Fruit",38591
1680,16,"Forestry",1658
1643,16,"Forestry",621082
768,2,"Beef",11233
2866,4,"Beef",127552001
1253,4,"Beef",25734
2768,1,"Dairy",2874288
520,2,"Beef",3412
2649,21,"Fruit",229926
176,25,"Veges",12090250
2126,4,"Beef",1333184
1481,29,"Sheepmeat",13289
690,8,"Sheepmeat",47111
2341,15,"Forestry",558516
1041,25,"Veges",7863287
2440,27,"Sheepmeat",19984771
1538,21,"Fruit",4323
2208,28,"Sheepmeat",4542967
2550,13,"Forestry",133096
1256,28,"Sheepmeat",123041
1229,16,"Forestry",16598
1653,23,"Veges",716631
1204,4,"Beef",6241355
906,27,"Sheepmeat",175728
624,14,"Forestry",248343
898,4,"Beef",884383
1852,12,"Forestry",13322
2973,28,"Sheepmeat",5089899
2756,27,"Sheepmeat",11437854
2816,20,"Fruit",28824
925,18,"Fruit",324763
1039,19,"Fruit",671053
2329,2,"Beef",9086
739,21,"Fruit",2063
1902,16,"Forestry",94249093
2828,27,"Sheepmeat",30024338
2578,14,"Forestry",3313
1805,27,"Sheepmeat",400984
3126,14,"Forestry",242970
2895,9,"Sheepmeat",14423030
1650,3,"Beef",59785
1332,11,"Forestry",2103
2915,6,"Beef",8405
1001,22,"Fruit",9846
1636,12,"Forestry",11963
2381,12,"Forestry",231626
2514,19,"Fruit",6616469
2782,12,"Forestry",224550
2030,3,"Beef",24292
2138,3,"Beef",180118
1254,28,"Sheepmeat",239747
414,8,"Sheepmeat",4889
2375,15,"Forestry",779280
3158,21,"Fruit",2864242
2966,28,"Sheepmeat",792007
989,2,"Beef",1626
3090,26,"Veges",2697603
2375,4,"Beef",756575
1204,29,"Sheepmeat",22745995
3031,22,"Fruit",43319
2192,20,"Fruit",2162
2071,9,"Sheepmeat",97214
2907,15,"Forestry",4509419
1343,8,"Sheepmeat",20446
950,19,"Fruit",665580
2404,13,"Forestry",35197
2133,13,"Forestry",13324
2941,11,"Forestry",1636893
2401,2,"Beef",4762
1467,10,"Sheepmeat",7519
3046,29,"Sheepmeat",84977805
816,8,"Sheepmeat",4597
890,28,"Sheepmeat",11974
2809,17,"Fruit",16757
1301,2,"Beef",80036
2145,3,"Beef",41000
1700,29,"Sheepmeat",5635768
2010,2,"Beef",28327
2840,22,"Fruit",50124
1205,20,"Fruit",7193
3097,23,"Veges",23253050
443,8,"Sheepmeat",1818
2352,15,"Forestry",24119
1530,4,"Beef",117286
895,20,"Fruit",262378
3040,9,"Sheepmeat",24536384
890,29,"Sheepmeat",37942
1318,29,"Sheepmeat",666574
75,25,"Veges",177184
2957,26,"Veges",1323357
1924,13,"Forestry",266714
597,28,"Sheepmeat",14383
1455,15,"Forestry",58724
2783,28,"Sheepmeat",3465253
2869,22,"Fruit",121456
2187,2,"Beef",277533
1397,15,"Forestry",560533
1545,2,"Beef",11848
1986,28,"Sheepmeat",208052
3045,11,"Forestry",1730291
1588,21,"Fruit",229926
1804,28,"Sheepmeat",421873
3030,24,"Veges",31465611
1091,4,"Beef",3061872
3069,28,"Sheepmeat",33785948
1572,9,"Sheepmeat",25711925
65,2,"Beef",6144365
1549,18,"Fruit",10738595
2107,15,"Forestry",34050
2862,23,"Veges",26202404
2116,8,"Sheepmeat",55096
935,23,"Veges",84201
2128,10,"Sheepmeat",945783
5,8,"Sheepmeat",14157319
1099,11,"Forestry",43567
1344,11,"Forestry",110484
2787,26,"Veges",65726
2164,28,"Sheepmeat",15605
1383,29,"Sheepmeat",30903
2861,10,"Sheepmeat",44965
2967,9,"Sheepmeat",4527233
1909,26,"Veges",16538
1189,10,"Sheepmeat",297885
690,10,"Sheepmeat",43779
1148,11,"Forestry",35441
1119,10,"Sheepmeat",252117
2273,11,"Forestry",364650
1916,3,"Beef",2172
2316,29,"Sheepmeat",4885935
914,28,"Sheepmeat",11595
1579,16,"Forestry",60302033
2082,12,"Forestry",92652
2873,3,"Beef",42333692
854,8,"Sheepmeat",117409
1456,28,"Sheepmeat",169967
1984,29,"Sheepmeat",586228
8,18,"Fruit",14131291
1514,22,"Fruit",5551
540,15,"Forestry",1583
2889,16,"Forestry",89672757
610,2,"Beef",6913
2825,13,"Forestry",227601
1441,11,"Forestry",462553
1550,1,"Dairy",3086512
2581,2,"Beef",18391
445,2,"Beef",2697
689,29,"Sheepmeat",11425
1331,27,"Sheepmeat",16794
2932,29,"Sheepmeat",479306
2786,14,"Forestry",18342
3022,25,"Veges",31465611
1753,27,"Sheepmeat",560821
2504,25,"Veges",12090250
1245,20,"Fruit",2162
213,29,"Sheepmeat",15934
1776,3,"Beef",136749
1787,27,"Sheepmeat",370845
1989,8,"Sheepmeat",1223287
3002,19,"Fruit",63384826
2374,3,"Beef",277754
1139,24,"Veges",2291347
3151,18,"Fruit",592911
1442,12,"Forestry",292819
3084,15,"Forestry",41736
1116,20,"Fruit",189179
1544,24,"Veges",27150
2891,1,"Dairy",294373
2864,3,"Beef",41540001
2589,6,"Beef",8405
1116,3,"Beef",17409
1907,29,"Sheepmeat",124010
930,8,"Sheepmeat",237848
3012,2,"Beef",3799960
785,10,"Sheepmeat",17940
2146,2,"Beef",2605
3121,18,"Fruit",5095097
1369,9,"Sheepmeat",1230
766,11,"Forestry",77042
2974,14,"Forestry",38118
1113,25,"Veges",959083
2403,29,"Sheepmeat",266590
2378,27,"Sheepmeat",1835890
1551,11,"Forestry",7096
2905,16,"Forestry",68336374
953,9,"Sheepmeat",984795
2776,3,"Beef",42729469
855,8,"Sheepmeat",337835
1046,26,"Veges",339122
3074,5,"Beef",178929
333,18,"Fruit",512964
2818,10,"Sheepmeat",14426537
2891,4,"Beef",25440688
1462,8,"Sheepmeat",8978
1572,16,"Forestry",60302033
2750,9,"Sheepmeat",4509305
2302,16,"Forestry",60302033
902,16,"Forestry",2669
1453,29,"Sheepmeat",4163
1837,7,"Beef",25193
2347,28,"Sheepmeat",471909
1647,13,"Forestry",1388
528,16,"Forestry",171522588
2762,5,"Beef",178929
1000,1,"Dairy",762789
2401,12,"Forestry",121549
1806,3,"Beef",63268
1017,29,"Sheepmeat",5626229
2909,14,"Forestry",171536
2093,16,"Forestry",772711
2125,15,"Forestry",26174
3112,7,"Beef",25193
868,28,"Sheepmeat",1658
1945,4,"Beef",2962708
643,3,"Beef",338939
2401,29,"Sheepmeat",644957
2521,10,"Sheepmeat",1505290
2819,10,"Sheepmeat",14426537
957,20,"Fruit",77052
2959,6,"Beef",8405
416,28,"Sheepmeat",1393
77,11,"Forestry",107798
1223,9,"Sheepmeat",118683
1830,28,"Sheepmeat",5396
1206,10,"Sheepmeat",5214257
2148,12,"Forestry",29767
988,2,"Beef",21863
2134,15,"Forestry",197504
3017,2,"Beef",55830
1459,27,"Sheepmeat",4004
2216,28,"Sheepmeat",51416
3056,16,"Forestry",45381509
2414,10,"Sheepmeat",4036
1578,23,"Veges",26257752
594,29,"Sheepmeat",10779
1119,29,"Sheepmeat",1052912
2837,16,"Forestry",96839227
1034,28,"Sheepmeat",183014
3003,2,"Beef",1137281
574,18,"Fruit",7066185
1907,27,"Sheepmeat",36647
1893,2,"Beef",561557
2891,5,"Beef",8405
1454,22,"Fruit",1717
3028,23,"Veges",26257752
969,22,"Fruit",10617
1949,3,"Beef",14839
2621,29,"Sheepmeat",1785
2879,15,"Forestry",6424991
311,16,"Forestry",3158461
1008,2,"Beef",547923
1254,2,"Beef",19978
3114,6,"Beef",178929
1532,8,"Sheepmeat",2686
1699,11,"Forestry",22082
3130,12,"Forestry",3175122
3118,7,"Beef",537577
2867,29,"Sheepmeat",359197015
3083,29,"Sheepmeat",103549272
728,21,"Fruit",2063
981,27,"Sheepmeat",1509869
2349,10,"Sheepmeat",83302
1748,29,"Sheepmeat",678768
1398,16,"Forestry",2615841
1023,27,"Sheepmeat",325021
2143,15,"Forestry",127139
918,27,"Sheepmeat",10773673
1206,25,"Veges",450653
885,15,"Forestry",2868
2136,3,"Beef",341015
2835,1,"Dairy",294373
2919,17,"Fruit",16757
2598,13,"Forestry",248343
2759,24,"Veges",2180318
1978,28,"Sheepmeat",211022
1666,2,"Beef",9355
1164,16,"Forestry",342397
3074,11,"Forestry",30430
841,17,"Fruit",2926314
1810,2,"Beef",123387
2803,18,"Fruit",16757
1816,15,"Forestry",88430
2979,25,"Veges",366120
2846,4,"Beef",1052
2321,28,"Sheepmeat",6110
3063,3,"Beef",41576343
1713,4,"Beef",126931
3002,2,"Beef",29006382
3087,15,"Forestry",76622
1118,3,"Beef",1765917
1829,8,"Sheepmeat",2725734
1799,9,"Sheepmeat",84458
1292,16,"Forestry",2032456
1146,27,"Sheepmeat",179370
2941,27,"Sheepmeat",13118162
1066,16,"Forestry",2089
2761,23,"Veges",1481632
2520,12,"Forestry",2584
3062,22,"Fruit",763132
2594,5,"Beef",8405
2961,27,"Sheepmeat",7291566
1072,4,"Beef",309974
3131,25,"Veges",31412107
2499,27,"Sheepmeat",34730575
445,4,"Beef",25031
3067,27,"Sheepmeat",33929708
2744,3,"Beef",1105
1894,16,"Forestry",2702572
2785,11,"Forestry",235512
1428,18,"Fruit",207208
1369,10,"Sheepmeat",1230
690,16,"Forestry",30085
2814,1,"Dairy",294373
919,21,"Fruit",578014
2381,16,"Forestry",6668775
3029,12,"Forestry",3177321
987,17,"Fruit",5421045
2407,12,"Forestry",245713
3138,26,"Veges",13005315
957,24,"Veges",195331
2527,17,"Fruit",103601
81,8,"Sheepmeat",22787
2939,22,"Fruit",1080
2282,15,"Forestry",250097
2790,3,"Beef",2307986
2648,27,"Sheepmeat",157833
2650,2,"Beef",13107109
2106,16,"Forestry",516009
1083,2,"Beef",10088
2392,12,"Forestry",3313986
2382,8,"Sheepmeat",355476
2853,9,"Sheepmeat",277715
1859,27,"Sheepmeat",472031
3123,25,"Veges",25244887
2336,27,"Sheepmeat",331552
1973,2,"Beef",191068
1810,14,"Forestry",17371
992,29,"Sheepmeat",4632541
1478,27,"Sheepmeat",121988
1815,16,"Forestry",1314517
1161,27,"Sheepmeat",1202845
985,22,"Fruit",131303
3131,20,"Fruit",88012
3095,9,"Sheepmeat",23281106
946,27,"Sheepmeat",16590
1768,16,"Forestry",2741995
3073,3,"Beef",328327
1378,11,"Forestry",42663
1374,29,"Sheepmeat",2285323
1770,8,"Sheepmeat",359465
2922,14,"Forestry",168950
1340,8,"Sheepmeat",176661
2954,8,"Sheepmeat",732016
1281,9,"Sheepmeat",279106
882,3,"Beef",26833
1427,9,"Sheepmeat",63611
31,28,"Sheepmeat",8923
2659,3,"Beef",13044366
1145,4,"Beef",235855
2835,23,"Veges",26202404
2813,7,"Beef",25193
1708,9,"Sheepmeat",2494
2121,4,"Beef",5231517
1173,2,"Beef",455512
3158,6,"Beef",178929
2162,15,"Forestry",427787
871,28,"Sheepmeat",30004
2019,2,"Beef",128023
1522,10,"Sheepmeat",1500958
1563,8,"Sheepmeat",49515
2436,27,"Sheepmeat",15925845
1768,28,"Sheepmeat",378665
1821,16,"Forestry",6744818
848,13,"Forestry",30130
1859,15,"Forestry",5977
1526,12,"Forestry",106870
848,29,"Sheepmeat",10490597
3018,2,"Beef",1748
837,9,"Sheepmeat",106798
1487,28,"Sheepmeat",445138
2898,7,"Beef",25193
2918,16,"Forestry",1270
2829,9,"Sheepmeat",22463834
2830,16,"Forestry",94545214
940,18,"Fruit",511410
1667,16,"Forestry",45748
172,14,"Forestry",242970
2082,14,"Forestry",5074
1382,15,"Forestry",341534
755,4,"Beef",28303
1520,29,"Sheepmeat",33482
960,10,"Sheepmeat",13452
832,26,"Veges",288842
1079,2,"Beef",63171
2776,8,"Sheepmeat",489788
1865,3,"Beef",489717
1948,12,"Forestry",40721
759,12,"Forestry",4683
1806,10,"Sheepmeat",249622
2003,29,"Sheepmeat",1123799
1185,11,"Forestry",1509584
1770,29,"Sheepmeat",1392782
2093,4,"Beef",560923
2742,15,"Forestry",1583
648,12,"Forestry",107798
3050,6,"Beef",8405
1344,15,"Forestry",228094
1059,29,"Sheepmeat",142134
1653,2,"Beef",118889
1710,3,"Beef",91742
1889,15,"Forestry",779280
2931,28,"Sheepmeat",15343111
1273,8,"Sheepmeat",57743
1843,4,"Beef",198335
2957,7,"Beef",25193
2785,10,"Sheepmeat",2517797
3001,13,"Forestry",155895
1889,16,"Forestry",11179159
2222,9,"Sheepmeat",6648816
2866,29,"Sheepmeat",358226953
1623,4,"Beef",824424
1636,10,"Sheepmeat",485928
1435,26,"Veges",1915968
1382,14,"Forestry",15784
2929,2,"Beef",5766088
2946,23,"Veges",1811724
1692,28,"Sheepmeat",2373924
3152,4,"Beef",6094
2187,28,"Sheepmeat",1630171
2071,10,"Sheepmeat",97214
1516,3,"Beef",4762
2520,10,"Sheepmeat",1037994
1164,8,"Sheepmeat",522919
3053,27,"Sheepmeat",19192643
1487,27,"Sheepmeat",445138
2050,29,"Sheepmeat",7009
2421,4,"Beef",1785
1372,15,"Forestry",18692
1833,3,"Beef",108543
3056,27,"Sheepmeat",10733652
2118,4,"Beef",6719377
3119,8,"Sheepmeat",2427087
2531,8,"Sheepmeat",8418
1910,13,"Forestry",271083
2869,17,"Fruit",1939797
1782,4,"Beef",107159
2222,20,"Fruit",2162
26,10,"Sheepmeat",180410
1894,8,"Sheepmeat",135809
1629,21,"Fruit",39892
1387,4,"Beef",37917
2882,1,"Dairy",294373
2889,21,"Fruit",135768
879,17,"Fruit",218151
2111,16,"Forestry",415273
66,9,"Sheepmeat",14640242
778,9,"Sheepmeat",106798
1851,5,"Beef",8405
3102,22,"Fruit",62945
2469,9,"Sheepmeat",1713
2046,10,"Sheepmeat",3685421
3039,5,"Beef",178929
2181,16,"Forestry",966169
2806,29,"Sheepmeat",52173932
2820,28,"Sheepmeat",24133695
2861,27,"Sheepmeat",62547
2969,27,"Sheepmeat",143078
2437,17,"Fruit",16757
2502,3,"Beef",13044366
1398,14,"Forestry",6149
3041,20,"Fruit",531062
384,7,"Beef",25193
1899,4,"Beef",54308
1855,15,"Forestry",6036
915,21,"Fruit",22377
2126,27,"Sheepmeat",1401018
1092,29,"Sheepmeat",259892
140,1,"Dairy",294373
2909,25,"Veges",6083886
995,11,"Forestry",2584
2230,9,"Sheepmeat",103616
1693,4,"Beef",3225301
882,15,"Forestry",1752
1943,9,"Sheepmeat",1564
2889,26,"Veges",12705536
1710,10,"Sheepmeat",242245
2939,28,"Sheepmeat",13125233
3146,15,"Forestry",6586781
3002,15,"Forestry",4134762
193,18,"Fruit",10767845
87,20,"Fruit",13618
118,4,"Beef",1255
2060,9,"Sheepmeat",1257
1610,3,"Beef",53904
601,12,"Forestry",4683
530,3,"Beef",338939
2790,16,"Forestry",22264784
1835,8,"Sheepmeat",222585
35,10,"Sheepmeat",3458
2827,19,"Fruit",1232128
1896,14,"Forestry",11342
759,3,"Beef",3412
1798,13,"Forestry",5805
1362,29,"Sheepmeat",31981
2994,16,"Forestry",6676
3145,22,"Fruit",50124
1060,17,"Fruit",134678
962,25,"Veges",1318983
1711,29,"Sheepmeat",10318
1190,16,"Forestry",960180
1690,27,"Sheepmeat",2419769
2273,23,"Veges",7532794
1908,4,"Beef",303936
3134,21,"Fruit",175973
3012,19,"Fruit",17502575
1279,9,"Sheepmeat",39591
1378,25,"Veges",1751349
2015,16,"Forestry",17154584
2419,12,"Forestry",121549
1114,4,"Beef",3910925
2764,13,"Forestry",192497
136,11,"Forestry",2199
1800,4,"Beef",18044
1282,14,"Forestry",15471
1999,27,"Sheepmeat",2590595
2927,12,"Forestry",28492
3075,3,"Beef",2157057
2281,9,"Sheepmeat",852872
2202,10,"Sheepmeat",292835
581,1,"Dairy",9843461
1217,14,"Forestry",54084
1806,9,"Sheepmeat",249622
1235,21,"Fruit",33465
1490,3,"Beef",14015
1237,12,"Forestry",68272
3038,9,"Sheepmeat",24539122
3116,28,"Sheepmeat",7620320
1709,2,"Beef",1404
291,8,"Sheepmeat",18498
2802,8,"Sheepmeat",12179135
1647,27,"Sheepmeat",1157112
3153,24,"Veges",3950718
2092,16,"Forestry",3358997
2869,19,"Fruit",4267078
1048,24,"Veges",1622792
3103,21,"Fruit",1142474
134,3,"Beef",116624
2395,11,"Forestry",72684
898,26,"Veges",461593
1245,14,"Forestry",279927
415,3,"Beef",1393
2039,16,"Forestry",3050008
2803,8,"Sheepmeat",12182882
993,20,"Fruit",181804
1872,4,"Beef",1051600
2091,3,"Beef",71677
1851,26,"Veges",622136
2323,3,"Beef",11553982
1798,16,"Forestry",1865733
3,12,"Forestry",170481
1299,16,"Forestry",151066
1549,27,"Sheepmeat",36023612
1556,22,"Fruit",4197
1554,8,"Sheepmeat",133528
2275,1,"Dairy",6462576
2787,25,"Veges",159978
3156,19,"Fruit",695895
2108,29,"Sheepmeat",9828946
2504,6,"Beef",8405
2049,23,"Veges",1465527
1964,14,"Forestry",1429
2870,28,"Sheepmeat",119330678
2835,2,"Beef",12438195
1212,20,"Fruit",81476
1317,8,"Sheepmeat",480050
2754,8,"Sheepmeat",7544990
2401,10,"Sheepmeat",153001
2340,2,"Beef",61500
2210,12,"Forestry",2381
2974,8,"Sheepmeat",3796257
2823,13,"Forestry",227601
2973,3,"Beef",2023991
1170,12,"Forestry",457495
1806,28,"Sheepmeat",349574
2202,4,"Beef",76786
2889,4,"Beef",25465188
1437,26,"Veges",35507
414,2,"Beef",3412
3152,9,"Sheepmeat",1462
2031,14,"Forestry",1144
1442,11,"Forestry",292819
896,29,"Sheepmeat",33019591
1116,22,"Fruit",92853
578,27,"Sheepmeat",1124326
963,29,"Sheepmeat",463187
2851,16,"Forestry",6676
1058,2,"Beef",695349
558,8,"Sheepmeat",104467
898,7,"Beef",64943
2527,28,"Sheepmeat",1124326
3157,10,"Sheepmeat",7621484
2836,9,"Sheepmeat",24530083
2143,10,"Sheepmeat",686158
1519,8,"Sheepmeat",20446
2213,29,"Sheepmeat",256878
2022,10,"Sheepmeat",557019
2276,26,"Veges",2632608
1100,10,"Sheepmeat",58922
2396,28,"Sheepmeat",69768
2244,27,"Sheepmeat",9259628
3156,20,"Fruit",1454526
1068,28,"Sheepmeat",2383
2527,1,"Dairy",3086512
2947,9,"Sheepmeat",1222310
3119,13,"Forestry",51643
2873,24,"Veges",2720254
1501,28,"Sheepmeat",412238
1691,4,"Beef",3300592
802,22,"Fruit",1331
2778,10,"Sheepmeat",87032840
557,2,"Beef",340426
2004,16,"Forestry",57171
949,18,"Fruit",310676
2309,3,"Beef",410368
2926,18,"Fruit",16757
3126,11,"Forestry",3175122
2725,7,"Beef",58871
2908,14,"Forestry",171536
1289,3,"Beef",7832
2475,12,"Forestry",2199
3013,28,"Sheepmeat",2033
2085,15,"Forestry",9665
1030,13,"Forestry",4678
2271,19,"Fruit",694593
2597,2,"Beef",13044366
572,21,"Fruit",2063
2104,4,"Beef",2395665
1590,4,"Beef",40624685
1521,8,"Sheepmeat",2629025
1436,8,"Sheepmeat",26334525
2744,23,"Veges",94450
2567,12,"Forestry",2370
1118,29,"Sheepmeat",19363173
2943,13,"Forestry",133864
992,16,"Forestry",111323
3095,12,"Forestry",2408658
3047,14,"Forestry",5317
1217,8,"Sheepmeat",2629025
1279,10,"Sheepmeat",39591
2285,14,"Forestry",22639
967,22,"Fruit",10617
1397,4,"Beef",1520078
1375,9,"Sheepmeat",118329
2131,29,"Sheepmeat",1575
3124,18,"Fruit",6246976
3137,22,"Fruit",43319
2792,10,"Sheepmeat",5119523
2891,6,"Beef",8405
3140,12,"Forestry",2199
1015,10,"Sheepmeat",581369
995,10,"Sheepmeat",1013811
1615,18,"Fruit",3010067
882,17,"Fruit",263631
2398,27,"Sheepmeat",399892
1107,13,"Forestry",1938
3144,6,"Beef",8405
1767,15,"Forestry",20822
1798,12,"Forestry",64615
1975,4,"Beef",137359
2404,25,"Veges",378456
2882,18,"Fruit",559234
1037,3,"Beef",35698
2611,1,"Dairy",9549088
2577,13,"Forestry",3815
2018,2,"Beef",34384
2840,4,"Beef",39270225
841,23,"Veges",699973
1442,2,"Beef",3121965
1569,9,"Sheepmeat",233927
2748,8,"Sheepmeat",3057241
937,28,"Sheepmeat",245329
2085,2,"Beef",263839
2073,17,"Fruit",2888273
1576,7,"Beef",25193
1390,26,"Veges",74316
2914,8,"Sheepmeat",13309654
1422,9,"Sheepmeat",167877
871,9,"Sheepmeat",20839
2281,12,"Forestry",122576
298,4,"Beef",247056
1971,16,"Forestry",4989
2286,29,"Sheepmeat",775875
1692,16,"Forestry",3881848
1627,18,"Fruit",1283
1591,3,"Beef",13114642
2826,7,"Beef",25193
2377,14,"Forestry",34078
878,19,"Fruit",14578
953,25,"Veges",483528
1925,13,"Forestry",259445
2208,4,"Beef",3353239
2809,27,"Sheepmeat",17308256
1215,14,"Forestry",133096
1166,4,"Beef",300886
1955,16,"Forestry",9578410
1698,10,"Sheepmeat",1361219
3095,26,"Veges",8291700
3144,3,"Beef",12703940
2746,28,"Sheepmeat",1779727
2093,28,"Sheepmeat",1362415
2157,15,"Forestry",1940
3041,22,"Fruit",229480
3169,16,"Forestry",3510749
3157,21,"Fruit",4323
1338,10,"Sheepmeat",1242312
2345,29,"Sheepmeat",1087668
1218,8,"Sheepmeat",281201
2945,10,"Sheepmeat",8949996
2870,2,"Beef",42048695
2940,27,"Sheepmeat",15251928
1651,11,"Forestry",169733
1841,12,"Forestry",23941
2166,9,"Sheepmeat",166030
2538,14,"Forestry",39441
1058,21,"Fruit",93497
2032,9,"Sheepmeat",4665450
1419,10,"Sheepmeat",26138
1358,27,"Sheepmeat",75288
3134,26,"Veges",13005315
3120,19,"Fruit",4271919
2189,16,"Forestry",8442
1516,2,"Beef",4762
2156,21,"Fruit",32563
837,28,"Sheepmeat",157833
2349,28,"Sheepmeat",119361
1317,23,"Veges",6295645
1824,15,"Forestry",417222
1431,19,"Fruit",11139070
1448,22,"Fruit",38968
2890,14,"Forestry",227601
1566,5,"Beef",4015
1074,9,"Sheepmeat",430207
1921,28,"Sheepmeat",53575
89,8,"Sheepmeat",868111
3127,16,"Forestry",96841493
2225,4,"Beef",135496
2341,16,"Forestry",7955539
2776,4,"Beef",131106934
1219,13,"Forestry",50533
3055,9,"Sheepmeat",768831
2280,13,"Forestry",10648
2744,24,"Veges",6375623
3068,16,"Forestry",96567687
155,10,"Sheepmeat",25724
2557,19,"Fruit",210068
2773,11,"Forestry",613663
1908,14,"Forestry",6752
988,4,"Beef",73192
3071,9,"Sheepmeat",6900122
2929,18,"Fruit",16757
1454,20,"Fruit",3436
2270,28,"Sheepmeat",556796
3165,2,"Beef",42728219
1851,15,"Forestry",26858
2220,16,"Forestry",99602
1891,24,"Veges",41390
1999,16,"Forestry",17364136
2128,29,"Sheepmeat",3955670
560,9,"Sheepmeat",804813
2820,20,"Fruit",67904
2362,3,"Beef",393381
2870,25,"Veges",8173438
74,23,"Veges",92120
1813,16,"Forestry",2486139
2709,16,"Forestry",115526
87,11,"Forestry",2199
2984,11,"Forestry",235512
2882,13,"Forestry",227601
1034,22,"Fruit",17843
1496,2,"Beef",208194
1043,12,"Forestry",434076
3049,12,"Forestry",3227997
185,8,"Sheepmeat",4113
2316,14,"Forestry",12759
1868,27,"Sheepmeat",657524
3023,29,"Sheepmeat",105532790
2963,16,"Forestry",25578977
1632,29,"Sheepmeat",1414553
1075,19,"Fruit",637344
1205,4,"Beef",5603141
3086,27,"Sheepmeat",2369556
1902,8,"Sheepmeat",7935358
1507,18,"Fruit",17270271
2929,15,"Forestry",4201233
3150,25,"Veges",31412107
1142,16,"Forestry",1013
2410,4,"Beef",15617
2015,15,"Forestry",1205198
2951,4,"Beef",1703752
1902,2,"Beef",3566015
890,3,"Beef",10572
1993,29,"Sheepmeat",6926238
3042,17,"Fruit",4065519
1868,11,"Forestry",58577
3026,24,"Veges",31465611
2882,4,"Beef",30802255
1443,13,"Forestry",22232
2556,8,"Sheepmeat",863561
3165,29,"Sheepmeat",366883361
2793,5,"Beef",8405
690,18,"Fruit",105555
77,2,"Beef",338939
3102,13,"Forestry",60195
1444,2,"Beef",1234370
3066,13,"Forestry",242970
2744,26,"Veges",2632608
1112,27,"Sheepmeat",219393
2809,22,"Fruit",1080
1140,29,"Sheepmeat",226357
953,29,"Sheepmeat",4139890
2205,28,"Sheepmeat",635152
2141,9,"Sheepmeat",319367
2994,11,"Forestry",3285119
2108,12,"Forestry",16889
2872,28,"Sheepmeat",119868076
14,2,"Beef",35028
3037,24,"Veges",1617411
177,24,"Veges",8417635
899,27,"Sheepmeat",503137
991,24,"Veges",6455240
2826,1,"Dairy",294373
2829,7,"Beef",25193
1059,4,"Beef",118459
1168,2,"Beef",186385
2812,26,"Veges",2512069
3099,10,"Sheepmeat",23053179
2715,8,"Sheepmeat",20316
935,20,"Fruit",223637
3042,12,"Forestry",2425355
825,28,"Sheepmeat",7453
1421,3,"Beef",13849
1020,28,"Sheepmeat",1002883
1460,10,"Sheepmeat",802133
2727,27,"Sheepmeat",1709866
850,15,"Forestry",1583
3132,20,"Fruit",88012
1783,28,"Sheepmeat",76362
2770,16,"Forestry",60295334
755,29,"Sheepmeat",41103
2118,27,"Sheepmeat",7045938
334,26,"Veges",13005315
1089,9,"Sheepmeat",90749
1811,2,"Beef",257810
1949,27,"Sheepmeat",48418
3132,25,"Veges",31412107
1238,3,"Beef",325644
1241,13,"Forestry",2442
892,11,"Forestry",14613
3074,6,"Beef",178929
2862,15,"Forestry",6580738
2779,29,"Sheepmeat",368880255
2518,27,"Sheepmeat",4491
997,15,"Forestry",1740740
980,18,"Fruit",1485221
1795,28,"Sheepmeat",136334
2965,23,"Veges",2353490
2726,12,"Forestry",2835
3004,21,"Fruit",2092603
3006,29,"Sheepmeat",109627646
761,4,"Beef",3835
1983,27,"Sheepmeat",542749
2405,15,"Forestry",737366
845,4,"Beef",22930
1515,9,"Sheepmeat",392794
2529,8,"Sheepmeat",1471
1474,29,"Sheepmeat",1262194
2821,19,"Fruit",1199955
1862,23,"Veges",1811724
2931,14,"Forestry",162508
3135,12,"Forestry",3175122
2049,4,"Beef",4615
2973,14,"Forestry",42059
3037,4,"Beef",35204011
2874,12,"Forestry",1148503
646,18,"Fruit",7999
1043,8,"Sheepmeat",3447012
1031,15,"Forestry",10883
2819,25,"Veges",23460409
924,24,"Veges",364374
3002,21,"Fruit",7348096
1273,11,"Forestry",6498
1515,19,"Fruit",6906
2554,4,"Beef",1372441
1203,22,"Fruit",1537
2891,22,"Fruit",35012
2049,19,"Fruit",39426
74,28,"Sheepmeat",7994
3127,1,"Dairy",294373
2630,25,"Veges",5980
2123,27,"Sheepmeat",3461655
2930,28,"Sheepmeat",15666735
1250,29,"Sheepmeat",28060526
1757,9,"Sheepmeat",24766
3042,14,"Forestry",193886
1848,2,"Beef",7530
2903,27,"Sheepmeat",2505250
3140,21,"Fruit",27229
1827,29,"Sheepmeat",578423
2495,16,"Forestry",60302033
3087,14,"Forestry",3678
1624,23,"Veges",484576
194,18,"Fruit",10767845
691,28,"Sheepmeat",150482
2003,14,"Forestry",3313
1114,11,"Forestry",21443
1290,18,"Fruit",108166
186,28,"Sheepmeat",3923
2693,27,"Sheepmeat",34730575
1690,3,"Beef",1100194
531,1,"Dairy",9549088
1777,18,"Fruit",302905
2693,3,"Beef",12703940
1069,8,"Sheepmeat",1297
2530,9,"Sheepmeat",18470
2399,3,"Beef",248533
2633,18,"Fruit",305941
2324,11,"Forestry",196638
2880,4,"Beef",34663090
1895,23,"Veges",6295645
1325,2,"Beef",20072
155,28,"Sheepmeat",36868
1471,8,"Sheepmeat",113162
2817,23,"Veges",17799682
417,27,"Sheepmeat",1393
2879,19,"Fruit",1232128
2865,14,"Forestry",95392
3073,8,"Sheepmeat",1294592
1630,15,"Forestry",82117
953,15,"Forestry",234335
2594,22,"Fruit",55676
2160,12,"Forestry",34239
2157,28,"Sheepmeat",325410
1833,15,"Forestry",246530
1745,4,"Beef",7887
1661,4,"Beef",144560
3102,15,"Forestry",1425780
1935,28,"Sheepmeat",31441
1394,29,"Sheepmeat",330536
2927,8,"Sheepmeat",174300
3125,2,"Beef",43298729
694,4,"Beef",15617
1545,21,"Fruit",132704
3112,19,"Fruit",38591
2833,25,"Veges",31412107
1343,3,"Beef",6441
2833,11,"Forestry",3175122
931,27,"Sheepmeat",280722
1795,2,"Beef",99139
2772,3,"Beef",42729469
2880,22,"Fruit",35012
3026,20,"Fruit",101630
3058,23,"Veges",378741
2933,10,"Sheepmeat",10896659
2863,12,"Forestry",3175122
558,21,"Fruit",67437
2776,7,"Beef",836800
1798,29,"Sheepmeat",2834351
1490,29,"Sheepmeat",138900
2307,3,"Beef",2176
898,22,"Fruit",139916
2758,12,"Forestry",166361
1648,29,"Sheepmeat",62307
1544,3,"Beef",378534
1223,12,"Forestry",193672
2130,29,"Sheepmeat",303792
2381,3,"Beef",45389
2747,10,"Sheepmeat",1278606
3136,8,"Sheepmeat",26685826
1538,17,"Fruit",16757
1772,10,"Sheepmeat",14553
2392,28,"Sheepmeat",10219199
1852,29,"Sheepmeat",1937560
2764,27,"Sheepmeat",32280376
2866,6,"Beef",275924
1269,11,"Forestry",190850
498,28,"Sheepmeat",119361
949,11,"Forestry",24111
2959,2,"Beef",3125232
2025,28,"Sheepmeat",664778
2751,6,"Beef",178929
1233,8,"Sheepmeat",1782257
1532,10,"Sheepmeat",2496
1146,11,"Forestry",2453
1103,28,"Sheepmeat",189132
1143,3,"Beef",400565
2217,28,"Sheepmeat",661697
285,4,"Beef",3834
1580,2,"Beef",12703940
2986,13,"Forestry",3958
866,23,"Veges",772281
1965,3,"Beef",91161
2863,21,"Fruit",175973
1304,9,"Sheepmeat",374311
2929,5,"Beef",8405
1551,13,"Forestry",248343
322,19,"Fruit",2003556
2904,18,"Fruit",16757
2864,24,"Veges",29981486
1242,12,"Forestry",177598
939,2,"Beef",8833
1142,29,"Sheepmeat",72798
2879,5,"Beef",8405
1280,4,"Beef",24159
2331,24,"Veges",35668
3154,22,"Fruit",1080
2913,29,"Sheepmeat",52301361
838,2,"Beef",11555921
3063,28,"Sheepmeat",118416359
1388,2,"Beef",4120
2633,25,"Veges",1598617
2527,2,"Beef",340426
2438,12,"Forestry",24111
2921,25,"Veges",6083886
1973,12,"Forestry",32175
1488,28,"Sheepmeat",1977931
48,1,"Dairy",294373
2345,10,"Sheepmeat",252403
1958,27,"Sheepmeat",26055
1664,9,"Sheepmeat",334053
3038,12,"Forestry",2548003
1161,4,"Beef",522583
2933,14,"Forestry",157935
1950,14,"Forestry",50533
2925,15,"Forestry",4360007
2192,16,"Forestry",71301528
2885,6,"Beef",8405
1553,5,"Beef",8405
2440,1,"Dairy",689602
1921,4,"Beef",2550
1812,2,"Beef",3655
439,28,"Sheepmeat",6481
3047,5,"Beef",178929
3109,3,"Beef",240823
3129,19,"Fruit",1543973
2550,17,"Fruit",640913
643,4,"Beef",1078307
1124,16,"Forestry",15053
1880,11,"Forestry",1227703
3040,4,"Beef",34938418
2723,3,"Beef",220749
1800,13,"Forestry",10033
1257,8,"Sheepmeat",134323
939,4,"Beef",29815
1073,27,"Sheepmeat",90480
3142,15,"Forestry",6586781
2127,2,"Beef",1100194
1778,9,"Sheepmeat",119413
3076,3,"Beef",238604
3150,4,"Beef",37230887
1552,11,"Forestry",7096
808,17,"Fruit",64611642
976,25,"Veges",8266
949,14,"Forestry",2333
2248,21,"Fruit",4323
2405,29,"Sheepmeat",5979807
2408,27,"Sheepmeat",211668
2789,4,"Beef",6859621
1099,15,"Forestry",87838
2980,26,"Veges",65726
472,10,"Sheepmeat",4543
1637,4,"Beef",140780
1229,24,"Veges",527882
2781,27,"Sheepmeat",433286
2957,12,"Forestry",1158367
1108,29,"Sheepmeat",1708128
2751,28,"Sheepmeat",6567757
577,8,"Sheepmeat",27249
10,3,"Beef",39293
1869,15,"Forestry",25421
497,27,"Sheepmeat",119361
2881,1,"Dairy",294373
1821,27,"Sheepmeat",118010
1224,21,"Fruit",32048
921,23,"Veges",353076
871,29,"Sheepmeat",89938
2567,15,"Forestry",93961
3030,29,"Sheepmeat",104798631
1205,29,"Sheepmeat",21934445
1544,2,"Beef",378534
2584,17,"Fruit",17270271
1867,8,"Sheepmeat",2922196
791,19,"Fruit",38023047
186,9,"Sheepmeat",2820
2824,17,"Fruit",559234
2833,18,"Fruit",701154
2192,12,"Forestry",2477492
2936,2,"Beef",467394
3010,25,"Veges",7396046
1864,3,"Beef",553233
2959,26,"Veges",1323357
1204,17,"Fruit",88985
2941,23,"Veges",6127042
1346,27,"Sheepmeat",4236
1900,28,"Sheepmeat",404159
151,12,"Forestry",2199
3009,4,"Beef",49481
942,10,"Sheepmeat",2142
1511,19,"Fruit",9284824
1134,2,"Beef",172116
1411,21,"Fruit",146697
838,10,"Sheepmeat",24597778
1240,4,"Beef",1575
2303,1,"Dairy",3086512
2920,16,"Forestry",62797722
1200,29,"Sheepmeat",70129
839,6,"Beef",187244
1969,12,"Forestry",45220
52,9,"Sheepmeat",11297208
1000,17,"Fruit",4222043
1008,8,"Sheepmeat",1540196
1839,8,"Sheepmeat",154425
2881,12,"Forestry",2983950
1157,12,"Forestry",16531
1189,9,"Sheepmeat",297885
2870,15,"Forestry",1427254
1915,8,"Sheepmeat",23917
2349,9,"Sheepmeat",83302
855,9,"Sheepmeat",312966
2965,6,"Beef",8405
1456,5,"Beef",2952
2521,29,"Sheepmeat",6369099
2219,16,"Forestry",859629
2049,18,"Fruit",17943
1480,16,"Forestry",1398
1828,8,"Sheepmeat",87661
520,9,"Sheepmeat",4543
2926,11,"Forestry",2110256
2833,28,"Sheepmeat",33929708
237,29,"Sheepmeat",427013
3065,9,"Sheepmeat",24483685
31,4,"Beef",25031
2999,18,"Fruit",36573526
3110,20,"Fruit",17278
992,26,"Veges",2119057
2508,17,"Fruit",17270271
304,15,"Forestry",17286
854,28,"Sheepmeat",151763
1872,28,"Sheepmeat",682715
2768,13,"Forestry",155895
691,9,"Sheepmeat",104828
957,9,"Sheepmeat",4710
954,25,"Veges",483528
2165,28,"Sheepmeat",396712
1047,3,"Beef",62693
2549,16,"Forestry",19818626
2092,11,"Forestry",111940
1696,3,"Beef",976732
2765,22,"Fruit",143139
2438,17,"Fruit",310676
1513,9,"Sheepmeat",130468
304,19,"Fruit",7147962
3155,9,"Sheepmeat",24596384
643,9,"Sheepmeat",800585
2823,23,"Veges",25508352
1932,9,"Sheepmeat",133971
3153,15,"Forestry",5313238
2802,12,"Forestry",2067983
3157,17,"Fruit",16757
2320,29,"Sheepmeat",2795
3150,16,"Forestry",96567687
2010,10,"Sheepmeat",129629
2947,14,"Forestry",4347
1345,9,"Sheepmeat",10580
1682,8,"Sheepmeat",5642
2106,27,"Sheepmeat",3285466
3022,13,"Forestry",242970
1253,28,"Sheepmeat",132215
1591,5,"Beef",8405
2569,10,"Sheepmeat",2443644
3002,4,"Beef",89416488
1810,3,"Beef",123387
2583,2,"Beef",1156
1694,28,"Sheepmeat",657369
3155,29,"Sheepmeat",103549272
2046,14,"Forestry",20790
953,16,"Forestry",3401497
1075,18,"Fruit",288641
3166,3,"Beef",41649456
1056,20,"Fruit",63836
2385,11,"Forestry",216933
2772,10,"Sheepmeat",86778515
2957,16,"Forestry",33638950
1299,19,"Fruit",237846
794,1,"Dairy",6462576
1629,12,"Forestry",58495
2034,9,"Sheepmeat",12155667
2800,28,"Sheepmeat",15254983
964,11,"Forestry",11196323
901,3,"Beef",4794
2981,8,"Sheepmeat",3243782
2829,13,"Forestry",237166
1837,29,"Sheepmeat",83560
2339,14,"Forestry",54084
1298,28,"Sheepmeat",1220
2819,14,"Forestry",197471
2549,29,"Sheepmeat",10523435
2945,15,"Forestry",3312553
3131,18,"Fruit",701154
1138,3,"Beef",1108229
1042,23,"Veges",8120859
2869,7,"Beef",836800
1700,9,"Sheepmeat",1349390
1180,27,"Sheepmeat",85697
1824,14,"Forestry",20027
902,2,"Beef",56398
2040,8,"Sheepmeat",2481072
2895,29,"Sheepmeat",61646179
2865,2,"Beef",41580789
2586,9,"Sheepmeat",25589329
2943,29,"Sheepmeat",39202784
1782,27,"Sheepmeat",87346
1009,2,"Beef",74125
2392,2,"Beef",3547334
2105,3,"Beef",730141
2284,29,"Sheepmeat",2591275
1571,4,"Beef",110005
1964,9,"Sheepmeat",365940
3148,26,"Veges",16249987
3044,8,"Sheepmeat",573321
985,2,"Beef",76392
1897,25,"Veges",41390
2124,9,"Sheepmeat",2084503
151,22,"Fruit",6805
1442,29,"Sheepmeat",28796919
1900,3,"Beef",7399
2619,29,"Sheepmeat",169076
2139,9,"Sheepmeat",460747
1889,13,"Forestry",34078
1497,8,"Sheepmeat",173268
2078,28,"Sheepmeat",235725
6,2,"Beef",230902
928,27,"Sheepmeat",536349
1377,26,"Veges",721908
2777,11,"Forestry",198312
1349,27,"Sheepmeat",3999
3012,24,"Veges",6520107
3022,19,"Fruit",1775911
2063,8,"Sheepmeat",5642
2970,9,"Sheepmeat",3927809
9,15,"Forestry",218605
2195,29,"Sheepmeat",21211
3136,20,"Fruit",88012
2760,11,"Forestry",166361
2162,27,"Sheepmeat",135342
1380,11,"Forestry",12101
1766,3,"Beef",160022
75,28,"Sheepmeat",15059
1748,19,"Fruit",237846
2780,28,"Sheepmeat",121316792
690,22,"Fruit",6805
2755,16,"Forestry",3537859
2802,15,"Forestry",4201233
1761,17,"Fruit",85409
918,12,"Forestry",3370883
3059,11,"Forestry",133769
2167,9,"Sheepmeat",1034
1963,24,"Veges",149558
849,2,"Beef",74412
2213,4,"Beef",4939
2814,16,"Forestry",75916390
2904,6,"Beef",8405
2796,28,"Sheepmeat",8203413
3060,9,"Sheepmeat",84968901
2832,7,"Beef",25193
2919,1,"Dairy",294373
2980,24,"Veges",159978
896,8,"Sheepmeat",8322727
601,2,"Beef",3412
949,4,"Beef",141366
1261,29,"Sheepmeat",71264
1377,11,"Forestry",65481
1439,23,"Veges",1231596
2755,12,"Forestry",83413
1148,4,"Beef",1112121
1172,13,"Forestry",1429
3156,5,"Beef",178929
2985,8,"Sheepmeat",28985
1797,16,"Forestry",2045309
2919,5,"Beef",8405
2482,17,"Fruit",910310
1826,13,"Forestry",14489
2841,25,"Veges",31465611
3107,9,"Sheepmeat",1924631
2828,18,"Fruit",559234
1689,13,"Forestry",8566
3132,11,"Forestry",3175122
2736,11,"Forestry",107798
1813,8,"Sheepmeat",141149
1234,15,"Forestry",7636
878,11,"Forestry",5951260
937,3,"Beef",20268
949,21,"Fruit",80141
939,15,"Forestry",1889
2520,23,"Veges",1420952
2577,9,"Sheepmeat",135065
2345,14,"Forestry",24808
3080,3,"Beef",131960
1171,3,"Beef",459407
213,28,"Sheepmeat",5316
2798,13,"Forestry",129517
580,29,"Sheepmeat",3434548
2618,2,"Beef",54332
2301,16,"Forestry",60302033
1073,29,"Sheepmeat",275963
1110,10,"Sheepmeat",1031410
1633,1,"Dairy",178425
2869,9,"Sheepmeat",85314316
3133,11,"Forestry",3175122
3118,3,"Beef",6680829
2930,29,"Sheepmeat",47659096
1213,11,"Forestry",1556115
2527,20,"Fruit",13366
1924,12,"Forestry",3193789
3003,22,"Fruit",1050438
1816,16,"Forestry",1288702
1263,3,"Beef",30110
2842,17,"Fruit",806709
1843,10,"Sheepmeat",579507
1888,21,"Fruit",4323
1066,23,"Veges",942327
2812,1,"Dairy",294373
2404,23,"Veges",391503
3033,24,"Veges",31429943
756,9,"Sheepmeat",4543
1581,10,"Sheepmeat",24784517
694,2,"Beef",2878
802,21,"Fruit",7232
2807,6,"Beef",8405
3105,4,"Beef",1829827
960,23,"Veges",42483
1104,29,"Sheepmeat",3458
935,10,"Sheepmeat",13342
2436,12,"Forestry",2143621
2808,26,"Veges",2512069
1213,8,"Sheepmeat",6557150
1968,3,"Beef",119855
3157,1,"Dairy",294373
3129,11,"Forestry",3175122
991,12,"Forestry",2584
2272,28,"Sheepmeat",1533785
2095,28,"Sheepmeat",397089
1256,10,"Sheepmeat",87494
1237,3,"Beef",29581
1045,21,"Fruit",156440
2838,15,"Forestry",6580738
1224,16,"Forestry",2684
2816,16,"Forestry",75928364
1549,2,"Beef",13117972
1239,9,"Sheepmeat",317805
2769,2,"Beef",13411722
734,16,"Forestry",108580
845,9,"Sheepmeat",5109
1976,15,"Forestry",56403
999,5,"Beef",21666
1469,23,"Veges",1546503
1843,8,"Sheepmeat",623622
2803,4,"Beef",17911133
2205,11,"Forestry",622658
2958,10,"Sheepmeat",5477335
1060,8,"Sheepmeat",33362
1442,4,"Beef",9456802
2887,10,"Sheepmeat",307930
71,24,"Veges",2862801
2822,14,"Forestry",227601
1610,28,"Sheepmeat",54346
3127,24,"Veges",31465611
2110,12,"Forestry",14344
1232,8,"Sheepmeat",417482
1827,2,"Beef",107825
1643,13,"Forestry",1862
3123,2,"Beef",11386642
1023,4,"Beef",497549
863,25,"Veges",3516293
2512,24,"Veges",6466925
1346,11,"Forestry",13781
989,17,"Fruit",654220
3000,12,"Forestry",1952848
920,26,"Veges",12162014
2143,29,"Sheepmeat",2868117
2865,8,"Sheepmeat",6164685
2754,29,"Sheepmeat",29369138
1297,9,"Sheepmeat",367958
1893,13,"Forestry",10648
3137,19,"Fruit",1543973
921,4,"Beef",151002
2898,1,"Dairy",294373
859,28,"Sheepmeat",4624
1235,24,"Veges",468428
1805,4,"Beef",320174
768,24,"Veges",735921
2866,21,"Fruit",2675071
2984,10,"Sheepmeat",2885627
2795,14,"Forestry",94338
2647,10,"Sheepmeat",347270
1929,8,"Sheepmeat",14423
2750,16,"Forestry",1788892
2933,29,"Sheepmeat",46525659
2866,7,"Beef",836800
1170,14,"Forestry",38842
850,9,"Sheepmeat",804813
1287,16,"Forestry",479247
2403,12,"Forestry",434076
2337,11,"Forestry",1653
2803,7,"Beef",25193
866,8,"Sheepmeat",1110
1795,29,"Sheepmeat",412156
376,29,"Sheepmeat",3466
1107,4,"Beef",408117
1521,19,"Fruit",694593
1456,25,"Veges",1782
2808,12,"Forestry",2208088
1835,26,"Veges",118389
384,20,"Fruit",101630
2031,11,"Forestry",11819
2920,11,"Forestry",2143621
1348,8,"Sheepmeat",1166
1305,2,"Beef",81095
929,28,"Sheepmeat",1746739
2760,12,"Forestry",166361
1905,2,"Beef",5275
1349,12,"Forestry",22818
2871,2,"Beef",42054288
1102,27,"Sheepmeat",216516
2760,14,"Forestry",5317
1478,4,"Beef",40404
2439,26,"Veges",4109196
873,26,"Veges",369139
1867,10,"Sheepmeat",2715481
987,21,"Fruit",1350956
1797,25,"Veges",67761
2276,24,"Veges",6375623
1274,16,"Forestry",2298
2751,27,"Sheepmeat",6567757
1027,19,"Fruit",29237
1925,9,"Sheepmeat",6795940
831,18,"Fruit",1789268
1046,10,"Sheepmeat",44457
2760,16,"Forestry",6330584
2232,10,"Sheepmeat",10718
992,21,"Fruit",398047
3059,3,"Beef",561557
2305,9,"Sheepmeat",7721
2743,26,"Veges",2632608
1821,3,"Beef",76709
3137,18,"Fruit",701154
1945,29,"Sheepmeat",9696798
2936,14,"Forestry",22903
1896,11,"Forestry",126846
2748,7,"Beef",414336
2883,2,"Beef",215938
1976,13,"Forestry",2484
921,22,"Fruit",39879
2917,10,"Sheepmeat",23778
2915,14,"Forestry",171536
830,17,"Fruit",3013642
832,6,"Beef",178929
2837,1,"Dairy",294373
2864,6,"Beef",275924
2782,10,"Sheepmeat",2430737
1916,4,"Beef",6512
2754,5,"Beef",178929
2933,20,"Fruit",2162
1623,29,"Sheepmeat",1785531
898,29,"Sheepmeat",1662892
1974,4,"Beef",420988
912,25,"Veges",17836
3058,29,"Sheepmeat",17950660
2933,26,"Veges",2512069
2755,13,"Forestry",5317
2578,29,"Sheepmeat",2544455
2996,3,"Beef",55978
2954,12,"Forestry",12101
3132,19,"Fruit",1543973
433,29,"Sheepmeat",3679
3104,4,"Beef",4593915
2996,8,"Sheepmeat",27780011
842,16,"Forestry",3312972
949,8,"Sheepmeat",42059
1001,8,"Sheepmeat",304940
2037,27,"Sheepmeat",7266034
2351,4,"Beef",131557
1131,28,"Sheepmeat",1585535
3108,3,"Beef",1552919
1255,9,"Sheepmeat",101721
840,21,"Fruit",6219
846,13,"Forestry",30130
1553,26,"Veges",4987858
1689,28,"Sheepmeat",2419769
1210,9,"Sheepmeat",162376
1553,16,"Forestry",60302033
1552,16,"Forestry",60302033
1536,8,"Sheepmeat",34998
1147,15,"Forestry",2827
2709,18,"Fruit",105555
802,19,"Fruit",61601
1384,10,"Sheepmeat",123123
957,27,"Sheepmeat",6551
611,15,"Forestry",11406
2032,2,"Beef",1803788
2778,15,"Forestry",658096
71,9,"Sheepmeat",14758820
1832,4,"Beef",1184980
1757,16,"Forestry",847423
1545,26,"Veges",193241
3069,3,"Beef",11386642
2857,28,"Sheepmeat",90575
1211,25,"Veges",128206
1048,26,"Veges",668055
1384,9,"Sheepmeat",123123
944,1,"Dairy",16203
1462,20,"Fruit",21174
3157,14,"Forestry",129517
2752,3,"Beef",3136260
851,3,"Beef",845469
2348,10,"Sheepmeat",83302
841,25,"Veges",5991756
987,12,"Forestry",2584
824,9,"Sheepmeat",163080
2406,3,"Beef",821233
672,28,"Sheepmeat",4491
3104,9,"Sheepmeat",2381770
2737,12,"Forestry",107798
1784,26,"Veges",67445
2148,9,"Sheepmeat",690078
3042,26,"Veges",9369272
3049,3,"Beef",3474792
599,3,"Beef",3501
2770,2,"Beef",13411722
2842,13,"Forestry",242970
1358,9,"Sheepmeat",54125
1390,7,"Beef",25193
999,1,"Dairy",762789
2692,13,"Forestry",242970
1769,27,"Sheepmeat",582651
1481,28,"Sheepmeat",4433
1973,27,"Sheepmeat",834994
987,16,"Forestry",177324
1809,3,"Beef",102108
2963,8,"Sheepmeat",5509910
671,2,"Beef",1210
3037,9,"Sheepmeat",24596384
3048,14,"Forestry",5317
2149,27,"Sheepmeat",631406
1838,8,"Sheepmeat",50050
819,24,"Veges",2132988
1463,16,"Forestry",5305
1663,2,"Beef",35519
951,21,"Fruit",5625
3022,11,"Forestry",3177321
1386,23,"Veges",22490
2386,10,"Sheepmeat",884335
2389,16,"Forestry",72371
459,9,"Sheepmeat",7823
346,2,"Beef",2350
1762,4,"Beef",167735
1917,11,"Forestry",22818
2728,15,"Forestry",58251
3118,23,"Veges",793790
1924,10,"Sheepmeat",6833573
868,2,"Beef",1658
2758,13,"Forestry",5317
2781,11,"Forestry",46952
2761,13,"Forestry",5317
1429,20,"Fruit",83587
2126,12,"Forestry",1200
2003,27,"Sheepmeat",374910
1662,11,"Forestry",3001
2519,16,"Forestry",12867
2513,16,"Forestry",3159
114,4,"Beef",1255
1267,29,"Sheepmeat",1024768
886,3,"Beef",1723
2394,10,"Sheepmeat",4102
1217,29,"Sheepmeat",10332919
989,21,"Fruit",167382
2070,12,"Forestry",73151
2986,12,"Forestry",46952
2910,17,"Fruit",16757
1626,28,"Sheepmeat",107368
1801,3,"Beef",14725
2377,10,"Sheepmeat",1354830
1496,13,"Forestry",2194
1549,6,"Beef",8405
1531,3,"Beef",36129
2136,10,"Sheepmeat",800166
2880,27,"Sheepmeat",31397685
3129,2,"Beef",12438195
1809,13,"Forestry",17371
2234,4,"Beef",280018
2765,5,"Beef",178929
2993,4,"Beef",1052
393,26,"Veges",16249987
1663,16,"Forestry",30351
1171,4,"Beef",1394350
1827,3,"Beef",107825
2831,11,"Forestry",3173862
2060,18,"Fruit",3010067
3168,15,"Forestry",5313238
2933,6,"Beef",8405
1119,27,"Sheepmeat",350696
1952,23,"Veges",6295645
3029,15,"Forestry",6586781
2787,10,"Sheepmeat",2902954
1001,27,"Sheepmeat",394167
1761,18,"Fruit",85409
1551,2,"Beef",13117972
3118,16,"Forestry",6205600
1839,4,"Beef",22572
2120,11,"Forestry",1713
2931,10,"Sheepmeat",10934451
2415,4,"Beef",1709215
952,2,"Beef",136381
3099,16,"Forestry",71413318
2950,12,"Forestry",10998
2127,4,"Beef",3307859
2286,15,"Forestry",484093
1310,4,"Beef",1375
2939,9,"Sheepmeat",9348762
1962,29,"Sheepmeat",722012
3132,10,"Sheepmeat",24484883
2800,15,"Forestry",3895319
1457,9,"Sheepmeat",87321
2770,10,"Sheepmeat",25909810
3163,27,"Sheepmeat",1678139
2836,3,"Beef",12438195
1474,13,"Forestry",2377
2922,27,"Sheepmeat",15925845
1246,27,"Sheepmeat",483574
910,9,"Sheepmeat",4855
2873,28,"Sheepmeat",119896576
2722,15,"Forestry",6740524
2238,3,"Beef",4210
1314,8,"Sheepmeat",244239
3062,5,"Beef",275924
1104,22,"Fruit",2467
3075,2,"Beef",2157057
2070,11,"Forestry",73151
1570,29,"Sheepmeat",743393
1163,15,"Forestry",24119
3096,22,"Fruit",31992
2912,2,"Beef",5921873
3112,22,"Fruit",1080
2831,20,"Fruit",88012
1766,25,"Veges",206142
3052,9,"Sheepmeat",13684005
1988,12,"Forestry",11963
3111,14,"Forestry",7570
532,20,"Fruit",13366
732,4,"Beef",2632
1697,12,"Forestry",22082
2432,9,"Sheepmeat",18470
2073,23,"Veges",1006541
1339,16,"Forestry",1064859
1838,4,"Beef",169060
1994,8,"Sheepmeat",2002555
1826,3,"Beef",13204
1511,20,"Fruit",518064
2814,23,"Veges",4873921
2222,3,"Beef",3352124
3033,17,"Fruit",701154
2897,19,"Fruit",534374
2829,26,"Veges",12983174
3055,29,"Sheepmeat",3217961
1191,24,"Veges",223996
2008,28,"Sheepmeat",5124763
1493,8,"Sheepmeat",212882
578,15,"Forestry",1583
899,9,"Sheepmeat",360164
1124,9,"Sheepmeat",23778
1855,9,"Sheepmeat",81460
884,2,"Beef",318587
1001,17,"Fruit",156931
3045,7,"Beef",537577
81,9,"Sheepmeat",21175
3038,13,"Forestry",199803
2820,19,"Fruit",1199955
1854,29,"Sheepmeat",206963
2083,3,"Beef",5770
2798,17,"Fruit",16757
802,3,"Beef",33914
2743,14,"Forestry",637958
2273,15,"Forestry",834646
186,10,"Sheepmeat",2820
991,7,"Beef",64943
1204,28,"Sheepmeat",7561490
1946,8,"Sheepmeat",181186
63,15,"Forestry",321520
2958,7,"Beef",25193
3046,9,"Sheepmeat",20254820
3110,19,"Fruit",337722
1569,27,"Sheepmeat",327790
3112,26,"Veges",4334422
2772,14,"Forestry",52766
3031,23,"Veges",26257752
2902,17,"Fruit",85409
1204,24,"Veges",1387623
1969,16,"Forestry",1318301
2123,4,"Beef",2615624
2499,22,"Fruit",50124
2351,2,"Beef",35745
1544,16,"Forestry",11462739
3134,3,"Beef",12542970
1809,2,"Beef",102108
1135,10,"Sheepmeat",4866835
999,28,"Sheepmeat",2116324
2997,4,"Beef",331356
894,21,"Fruit",120801
3115,1,"Dairy",6318043
581,22,"Fruit",5551
2823,5,"Beef",8405
1179,12,"Forestry",17281
2079,28,"Sheepmeat",184645
1572,10,"Sheepmeat",25711925
837,8,"Sheepmeat",121973
2818,18,"Fruit",242387
2378,14,"Forestry",34078
956,20,"Fruit",12515
1250,15,"Forestry",5357502
2813,11,"Forestry",2578862
560,4,"Beef",1085228
1164,9,"Sheepmeat",485928
1651,29,"Sheepmeat",7822749
2279,29,"Sheepmeat",87821
1059,2,"Beef",35698
1874,24,"Veges",1139741
1172,22,"Fruit",2660
841,9,"Sheepmeat",178008
3123,15,"Forestry",5231451
3130,22,"Fruit",43319
2809,29,"Sheepmeat",52715991
2275,9,"Sheepmeat",14370
972,16,"Forestry",13654
1456,15,"Forestry",2868
3046,12,"Forestry",1728445
3130,26,"Veges",12983174
1543,25,"Veges",27150
2830,28,"Sheepmeat",31693024
3099,4,"Beef",32235320
2674,4,"Beef",16399
1020,2,"Beef",161702
2385,14,"Forestry",20437
2769,22,"Fruit",274273
2503,13,"Forestry",248343
2763,29,"Sheepmeat",86125664
99,10,"Sheepmeat",3458
928,28,"Sheepmeat",536349
1382,4,"Beef",85814
2262,29,"Sheepmeat",3748
3039,16,"Forestry",75781845
2273,16,"Forestry",13744392
2017,29,"Sheepmeat",6606481
2282,4,"Beef",930826
65,3,"Beef",6144365
1398,26,"Veges",28040
3076,16,"Forestry",661114
77,22,"Fruit",5551
579,10,"Sheepmeat",804813
3028,21,"Fruit",203202
3004,22,"Fruit",518889
446,29,"Sheepmeat",11760
2465,4,"Beef",5107
66,23,"Veges",1963038
1678,10,"Sheepmeat",12244
1204,8,"Sheepmeat",5837226
1234,16,"Forestry",135280
825,29,"Sheepmeat",27852
1424,9,"Sheepmeat",13108
2766,13,"Forestry",199803
3076,10,"Sheepmeat",404690
1238,8,"Sheepmeat",529792
1233,2,"Beef",556677
2963,29,"Sheepmeat",21753050
3059,13,"Forestry",10648
1647,22,"Fruit",18922
3082,10,"Sheepmeat",3159799
2799,28,"Sheepmeat",13188484
2839,15,"Forestry",6580738
1456,17,"Fruit",13095
2205,12,"Forestry",622658
1108,10,"Sheepmeat",407359
2553,29,"Sheepmeat",15139077
2011,9,"Sheepmeat",324375
2958,24,"Veges",3204489
1206,16,"Forestry",44009710
2925,29,"Sheepmeat",48503366
2653,18,"Fruit",10767845
1190,8,"Sheepmeat",482584
1218,10,"Sheepmeat",261309
1248,5,"Beef",8405
1694,27,"Sheepmeat",657369
1971,2,"Beef",187856
1633,4,"Beef",527961
2144,11,"Forestry",96567
2564,17,"Fruit",1410
1214,25,"Veges",3420215
2461,17,"Fruit",49780
3025,6,"Beef",8405
1045,27,"Sheepmeat",88288
1472,4,"Beef",16871
1247,29,"Sheepmeat",255076
2271,2,"Beef",683050
2618,27,"Sheepmeat",55655
687,10,"Sheepmeat",43779
2889,22,"Fruit",35012
1521,3,"Beef",683050
136,18,"Fruit",105555
2879,12,"Forestry",3098577
157,16,"Forestry",1032
1674,10,"Sheepmeat",24472
459,3,"Beef",3501
1629,8,"Sheepmeat",164795
2951,12,"Forestry",12101
2017,9,"Sheepmeat",1570567
133,12,"Forestry",2199
757,27,"Sheepmeat",7599
2286,3,"Beef",175852
1088,19,"Fruit",75810
519,2,"Beef",39341
824,12,"Forestry",21429
2754,28,"Sheepmeat",9759425
1876,8,"Sheepmeat",434119
3025,17,"Fruit",806709
1274,2,"Beef",33431
956,28,"Sheepmeat",160679
3066,6,"Beef",8405
3103,3,"Beef",41653169
2941,2,"Beef",5111201
1797,2,"Beef",95269
2755,7,"Beef",537577
849,3,"Beef",74412
1094,24,"Veges",42300
2248,15,"Forestry",4032697
1879,4,"Beef",2118815
2407,13,"Forestry",22639
1106,20,"Fruit",30311
2861,2,"Beef",40053
2208,29,"Sheepmeat",13647412
2723,5,"Beef",21666
1804,29,"Sheepmeat",1271326
982,25,"Veges",938663
903,2,"Beef",56398
3150,26,"Veges",12983174
2324,2,"Beef",123389
2463,19,"Fruit",109383
832,10,"Sheepmeat",24599000
1115,3,"Beef",192589
1689,10,"Sheepmeat",1737732
104,9,"Sheepmeat",25724
2985,29,"Sheepmeat",118445
874,4,"Beef",205996
1501,27,"Sheepmeat",412238
1458,4,"Beef",7285
2093,13,"Forestry",1578
2814,26,"Veges",4459799
1268,4,"Beef",130549
1413,21,"Fruit",155392
2825,7,"Beef",25193
3156,6,"Beef",178929
2650,21,"Fruit",229926
954,11,"Forestry",111940
1179,10,"Sheepmeat",61608
3122,6,"Beef",178929
2051,20,"Fruit",38360
1766,23,"Veges",213248
835,11,"Forestry",67035
2559,11,"Forestry",14344
1126,8,"Sheepmeat",813500
733,29,"Sheepmeat",3679
2501,6,"Beef",8405
993,10,"Sheepmeat",1097862
151,15,"Forestry",6043
2397,4,"Beef",63257
1456,21,"Fruit",3378
1439,27,"Sheepmeat",5970
3,9,"Sheepmeat",12370679
2891,13,"Forestry",227601
1376,15,"Forestry",134671
1049,15,"Forestry",1382139
1436,9,"Sheepmeat",24457381
312,2,"Beef",971507
2811,18,"Fruit",16757
1820,27,"Sheepmeat",254570
2426,24,"Veges",273816
3150,7,"Beef",25193
1172,23,"Veges",8276
278,8,"Sheepmeat",18498
1521,29,"Sheepmeat",10332919
415,10,"Sheepmeat",1001
1663,11,"Forestry",1064
1446,22,"Fruit",3284
2232,27,"Sheepmeat",17216
298,15,"Forestry",17286
2397,28,"Sheepmeat",69768
1888,16,"Forestry",81246453
600,29,"Sheepmeat",379456
135,28,"Sheepmeat",150482
1856,28,"Sheepmeat",560837
2764,24,"Veges",15414518
2786,13,"Forestry",18342
2667,9,"Sheepmeat",25589329
2862,28,"Sheepmeat",34140166
1007,14,"Forestry",1938
3006,19,"Fruit",71822204
2477,14,"Forestry",242970
1344,14,"Forestry",7387
1554,27,"Sheepmeat",36036368
3156,23,"Veges",31539310
1376,4,"Beef",2674099
1588,10,"Sheepmeat",25589329
2804,15,"Forestry",4361098
2248,10,"Sheepmeat",6608434
1173,28,"Sheepmeat",2531941
1248,29,"Sheepmeat",2478519
2501,10,"Sheepmeat",25589329
881,4,"Beef",11462118
2914,17,"Fruit",16757
2007,4,"Beef",1905
3037,12,"Forestry",2572114
1939,18,"Fruit",108577
1018,20,"Fruit",78276
1519,1,"Dairy",6462576
2884,9,"Sheepmeat",18485600
2895,7,"Beef",25193
1700,2,"Beef",757778
917,16,"Forestry",171382788
2874,6,"Beef",217315
1710,4,"Beef",280386
2361,26,"Veges",337833
1075,24,"Veges",581544
981,11,"Forestry",198934
2841,18,"Fruit",806709
2161,27,"Sheepmeat",5524
2597,3,"Beef",13044366
559,9,"Sheepmeat",804813
2766,16,"Forestry",75298441
1203,21,"Fruit",6150
3089,8,"Sheepmeat",1522485
2216,11,"Forestry",15361
2336,29,"Sheepmeat",996826
1512,8,"Sheepmeat",2453082
1368,4,"Beef",45357
1268,2,"Beef",43042
1538,19,"Fruit",36820
2308,25,"Veges",125629
1715,29,"Sheepmeat",83503
1033,22,"Fruit",52098
2531,21,"Fruit",26724
3009,2,"Beef",12978
1843,13,"Forestry",1578
1899,8,"Sheepmeat",81426
2324,29,"Sheepmeat",3828249
1500,10,"Sheepmeat",846552
3107,28,"Sheepmeat",2682221
2376,13,"Forestry",34078
2780,15,"Forestry",1103684
647,18,"Fruit",103601
929,9,"Sheepmeat",1255006
2027,8,"Sheepmeat",3236833
1705,9,"Sheepmeat",1184
2362,15,"Forestry",26858
2726,3,"Beef",148277
1447,9,"Sheepmeat",33491
1777,3,"Beef",311880
1695,3,"Beef",21056
2187,9,"Sheepmeat",1170054
1502,15,"Forestry",21703
2160,11,"Forestry",34239
3068,24,"Veges",31412107
953,12,"Forestry",111940
3138,28,"Sheepmeat",34538733
1526,11,"Forestry",106870
2191,14,"Forestry",9435
1997,12,"Forestry",34239
2091,4,"Beef",222817
3122,29,"Sheepmeat",101858973
1995,15,"Forestry",1638
1972,14,"Forestry",2426
574,24,"Veges",9015420
2015,3,"Beef",282957
2137,27,"Sheepmeat",1089333
3097,22,"Fruit",229480
1239,13,"Forestry",4119
1187,8,"Sheepmeat",1170374
2940,3,"Beef",5697572
3,10,"Sheepmeat",12370679
2043,2,"Beef",11789
1152,16,"Forestry",31196
2285,2,"Beef",175852
3122,23,"Veges",26638707
1842,27,"Sheepmeat",1362415
1833,8,"Sheepmeat",532930
2746,27,"Sheepmeat",1779727
3162,14,"Forestry",242970
1705,10,"Sheepmeat",1184
1655,4,"Beef",620618
1837,9,"Sheepmeat",18729
2278,4,"Beef",169689
2488,29,"Sheepmeat",6082
950,3,"Beef",311880
2865,25,"Veges",27780670
816,10,"Sheepmeat",4272
3003,23,"Veges",22099550
2829,22,"Fruit",35012
1932,10,"Sheepmeat",133971
1586,3,"Beef",13044366
5,16,"Forestry",5659111
1544,26,"Veges",11235
1969,8,"Sheepmeat",195174
1473,28,"Sheepmeat",321991
1298,29,"Sheepmeat",14820
2837,11,"Forestry",3175122
3009,29,"Sheepmeat",49481
2262,4,"Beef",1107
2425,4,"Beef",802355
520,29,"Sheepmeat",41103
2589,7,"Beef",25193
2021,18,"Fruit",400570
1891,3,"Beef",3549010
2674,19,"Fruit",6487315
848,26,"Veges",2836801
2504,20,"Fruit",114997
981,9,"Sheepmeat",1084654
2010,4,"Beef",86139
3099,14,"Forestry",192497
2386,2,"Beef",544231
761,27,"Sheepmeat",4075
3141,9,"Sheepmeat",131996
2396,2,"Beef",16207
71,21,"Fruit",285247
1266,19,"Fruit",588559
194,28,"Sheepmeat",6392
2770,24,"Veges",52562148
1066,4,"Beef",39914
2530,29,"Sheepmeat",84415
1193,25,"Veges",98367
2949,8,"Sheepmeat",8294153
1188,10,"Sheepmeat",514539
2948,9,"Sheepmeat",3250
1157,11,"Forestry",16531
987,27,"Sheepmeat",2151278
3031,10,"Sheepmeat",24634580
1513,3,"Beef",33046
2437,3,"Beef",5843952
3119,28,"Sheepmeat",3153847
3079,4,"Beef",1907342
2281,13,"Forestry",10648
2585,4,"Beef",40355453
2972,26,"Veges",151031
2942,12,"Forestry",1636893
2971,14,"Forestry",64699
2868,4,"Beef",127799104
2766,22,"Fruit",349353
2812,14,"Forestry",178923
1049,11,"Forestry",678368
2079,29,"Sheepmeat",553476
2091,27,"Sheepmeat",793936
2792,23,"Veges",2353490
1038,11,"Forestry",18670
2246,23,"Veges",6295645
819,2,"Beef",20226
2901,4,"Beef",817112
2789,8,"Sheepmeat",4248667
1394,20,"Fruit",37756
2407,10,"Sheepmeat",214895
3003,9,"Sheepmeat",1557925
1833,29,"Sheepmeat",2072945
2359,2,"Beef",395738
2722,8,"Sheepmeat",7935358
1071,27,"Sheepmeat",17225
1088,24,"Veges",649537
2796,10,"Sheepmeat",5848066
687,20,"Fruit",13618
2822,24,"Veges",30741184
2199,12,"Forestry",378679
2371,8,"Sheepmeat",1797770
1776,21,"Fruit",9831
2371,4,"Beef",1149249
853,8,"Sheepmeat",21611
3130,28,"Sheepmeat",34347484
2195,8,"Sheepmeat",20446
1804,11,"Forestry",190850
872,22,"Fruit",5139
2907,22,"Fruit",1080
2852,28,"Sheepmeat",1582665
1585,27,"Sheepmeat",35854901
3110,13,"Forestry",197471
176,24,"Veges",8417635
1042,24,"Veges",7850231
617,8,"Sheepmeat",1471
1427,4,"Beef",80172
3099,8,"Sheepmeat",24825800
3165,9,"Sheepmeat",86778515
2825,15,"Forestry",6132555
2880,7,"Beef",25193
2662,22,"Fruit",55676
1426,25,"Veges",407274
1800,28,"Sheepmeat",245870
2890,17,"Fruit",545293
1804,3,"Beef",125944
1532,16,"Forestry",1136
1369,27,"Sheepmeat",1711
1032,26,"Veges",778387
2865,4,"Beef",127548301
2339,27,"Sheepmeat",3537909
2134,3,"Beef",54762
1770,16,"Forestry",150428
1917,29,"Sheepmeat",9848
2933,23,"Veges",6295645
3042,8,"Sheepmeat",26051835
1221,8,"Sheepmeat",129578
2401,14,"Forestry",10033
1445,3,"Beef",38369
1741,2,"Beef",20244
560,19,"Fruit",227645
1569,8,"Sheepmeat",251734
1843,16,"Forestry",699069
2338,12,"Forestry",1467
1925,10,"Sheepmeat",6795940
1843,12,"Forestry",22537
899,8,"Sheepmeat",387581
77,19,"Fruit",210068
1552,12,"Forestry",7096
871,23,"Veges",1761014
2751,29,"Sheepmeat",19770257
2264,25,"Veges",3146124
1464,27,"Sheepmeat",12113
1217,22,"Fruit",19153
1635,9,"Sheepmeat",620617
1152,8,"Sheepmeat",290902
1950,2,"Beef",326253
2931,11,"Forestry",2037689
71,19,"Fruit",2467611
30,10,"Sheepmeat",4594
530,17,"Fruit",95602
2589,29,"Sheepmeat",108967338
1189,29,"Sheepmeat",1245208
899,2,"Beef",256316
1071,11,"Forestry",85039
3164,9,"Sheepmeat",87032840
997,24,"Veges",11354717
2208,16,"Forestry",634920
892,2,"Beef",76072
1066,3,"Beef",12741
1651,10,"Sheepmeat",1870683
1954,13,"Forestry",34753
853,10,"Sheepmeat",20082
1069,10,"Sheepmeat",1205
2881,4,"Beef",32055256
1190,3,"Beef",140662
2272,29,"Sheepmeat",4617737
3140,4,"Beef",469533
2808,13,"Forestry",171536
2897,15,"Forestry",5263494
989,20,"Fruit",83715
2083,16,"Forestry",22582
2994,29,"Sheepmeat",6386
2846,18,"Fruit",38911208
3159,28,"Sheepmeat",3286739
2402,17,"Fruit",214954
985,10,"Sheepmeat",86992
3001,28,"Sheepmeat",36333051
733,28,"Sheepmeat",1227
2549,20,"Fruit",63836
1520,25,"Veges",891302
1680,9,"Sheepmeat",25893
2017,14,"Forestry",23389
1623,11,"Forestry",456253
1023,14,"Forestry",1938
2795,13,"Forestry",94338
2952,12,"Forestry",12101
2948,3,"Beef",5409
2790,4,"Beef",7072295
1839,27,"Sheepmeat",200653
1876,4,"Beef",803805
2158,27,"Sheepmeat",30635
949,20,"Fruit",40082
3050,21,"Fruit",34546
841,7,"Beef",8850
3111,28,"Sheepmeat",14903
1294,12,"Forestry",32455
2885,5,"Beef",8405
1698,15,"Forestry",46188
2767,24,"Veges",139682
2236,29,"Sheepmeat",9778
2951,15,"Forestry",25421
2438,8,"Sheepmeat",42059
2825,26,"Veges",12705536
3049,23,"Veges",6295645
1655,27,"Sheepmeat",516340
859,29,"Sheepmeat",18020
1369,8,"Sheepmeat",1323
1189,8,"Sheepmeat",320561
2271,27,"Sheepmeat",3417082
926,25,"Veges",893503
991,27,"Sheepmeat",2110442
1,16,"Forestry",1571
1522,17,"Fruit",4161984
2811,24,"Veges",6083886
1162,3,"Beef",6986
77,20,"Fruit",12334
1021,3,"Beef",272919
533,21,"Fruit",26724
1176,13,"Forestry",130159
2400,16,"Forestry",39347
2933,9,"Sheepmeat",10896659
1337,23,"Veges",6295645
3166,15,"Forestry",2370322
881,27,"Sheepmeat",10947768
2854,2,"Beef",97768
2823,22,"Fruit",35012
2152,8,"Sheepmeat",7328
446,8,"Sheepmeat",3035
1376,25,"Veges",1751349
1456,1,"Dairy",103406
3090,2,"Beef",42107389
2959,23,"Veges",3316985
1000,5,"Beef",21666
1905,10,"Sheepmeat",36770
2811,27,"Sheepmeat",17452540
2929,27,"Sheepmeat",15674864
3097,27,"Sheepmeat",32480618
1078,29,"Sheepmeat",7719643
1116,18,"Fruit",1528378
2495,19,"Fruit",104122269
2593,23,"Veges",26257752
2010,28,"Sheepmeat",181563
3079,9,"Sheepmeat",2103993
1866,10,"Sheepmeat",212568
312,15,"Forestry",2109523
3065,22,"Fruit",43319
576,8,"Sheepmeat",863561
376,27,"Sheepmeat",1156
2027,27,"Sheepmeat",4188643
1865,2,"Beef",489717
2376,15,"Forestry",779280
745,8,"Sheepmeat",6947
2834,15,"Forestry",6580738
832,5,"Beef",178929
1379,25,"Veges",1751349
3119,10,"Sheepmeat",2247580
931,21,"Fruit",258282
2816,17,"Fruit",242387
132,9,"Sheepmeat",106272
611,29,"Sheepmeat",99664
1376,23,"Veges",1811724
2285,11,"Forestry",240110
2410,3,"Beef",2878
3062,13,"Forestry",95392
1436,20,"Fruit",360571
2300,1,"Dairy",3086512
669,4,"Beef",56762
3024,17,"Fruit",806709
3023,26,"Veges",13005315
2153,15,"Forestry",121239
2310,16,"Forestry",132051
2805,4,"Beef",18331068
2122,15,"Forestry",1638
2325,18,"Fruit",108243
2939,5,"Beef",8405
3076,2,"Beef",238604
1175,12,"Forestry",837948
1360,29,"Sheepmeat",21685
2943,3,"Beef",4917611
1048,11,"Forestry",678368
3053,26,"Veges",2980270
3063,14,"Forestry",95392
1131,27,"Sheepmeat",1585535
2439,16,"Forestry",181529
3045,3,"Beef",9779883
1138,27,"Sheepmeat",4479933
3038,21,"Fruit",2318273
2760,5,"Beef",178929
1715,4,"Beef",64751
1744,8,"Sheepmeat",53575
2380,13,"Forestry",21859
3082,16,"Forestry",631068
1373,27,"Sheepmeat",4171
577,3,"Beef",35222
1039,3,"Beef",6220
1586,9,"Sheepmeat",25589329
1986,4,"Beef",297179
1039,8,"Sheepmeat",13809
1056,17,"Fruit",512911
985,29,"Sheepmeat",380760
1550,6,"Beef",8405
1721,27,"Sheepmeat",42090
1117,27,"Sheepmeat",14891485
2826,11,"Forestry",2960009
2944,23,"Veges",753665
1483,27,"Sheepmeat",1757
1748,16,"Forestry",151066
3133,2,"Beef",12535876
1102,28,"Sheepmeat",216516
1172,12,"Forestry",16531
1471,27,"Sheepmeat",148520
1078,10,"Sheepmeat",1830967
2865,29,"Sheepmeat",358223253
2594,29,"Sheepmeat",108967338
3008,13,"Forestry",482063
2329,8,"Sheepmeat",27509
1660,9,"Sheepmeat",120248
2831,28,"Sheepmeat",33539978
1986,14,"Forestry",5917
2752,9,"Sheepmeat",5024160
1040,22,"Fruit",29213
1877,4,"Beef",803805
2867,7,"Beef",836800
1666,4,"Beef",29621
1515,12,"Forestry",16531
574,7,"Beef",64943
1880,8,"Sheepmeat",3841967
2325,28,"Sheepmeat",241294
1084,28,"Sheepmeat",4462337
1108,27,"Sheepmeat",569848
1264,2,"Beef",188142
2851,25,"Veges",31465611
410,4,"Beef",172022
2124,16,"Forestry",2811807
1208,17,"Fruit",316109
2282,28,"Sheepmeat",1003364
3144,19,"Fruit",1775911
1545,19,"Fruit",1134436
1281,16,"Forestry",7705906
1143,27,"Sheepmeat",806373
2833,10,"Sheepmeat",24231095
1432,27,"Sheepmeat",22444
2559,2,"Beef",560398
1520,28,"Sheepmeat",10568
1031,25,"Veges",3216300
1000,19,"Fruit",9284824
2836,24,"Veges",31412107
322,17,"Fruit",910310
2763,3,"Beef",9817979
2785,13,"Forestry",18342
2880,20,"Fruit",69702
1586,28,"Sheepmeat",35854901
2108,15,"Forestry",34050
2922,26,"Veges",2512069
1838,29,"Sheepmeat",196815
1678,27,"Sheepmeat",17032
2016,13,"Forestry",29062
1268,24,"Veges",95148
2336,3,"Beef",46713
3114,11,"Forestry",7891
3049,11,"Forestry",3227997
2539,27,"Sheepmeat",3369999
1467,21,"Fruit",110876
1217,19,"Fruit",694593
2961,13,"Forestry",68513
2974,27,"Sheepmeat",4922831
2693,20,"Fruit",101630
2933,17,"Fruit",16757
1190,27,"Sheepmeat",623790
1430,19,"Fruit",1700658
2800,8,"Sheepmeat",11722239
3008,21,"Fruit",311473
1450,4,"Beef",4288032
1257,12,"Forestry",24814
3140,17,"Fruit",105555
2810,17,"Fruit",16757
2187,3,"Beef",277533
2823,20,"Fruit",69702
3108,10,"Sheepmeat",4368275
1071,9,"Sheepmeat",10581
3090,15,"Forestry",1427254
2982,10,"Sheepmeat",3006216
2952,27,"Sheepmeat",964880
2840,12,"Forestry",3177321
2027,3,"Beef",991106
1583,23,"Veges",26257752
1902,29,"Sheepmeat",31424849
1016,28,"Sheepmeat",61840
2165,10,"Sheepmeat",284294
2839,3,"Beef",12545667
2017,3,"Beef",416178
1411,18,"Fruit",583512
1122,28,"Sheepmeat",350696
2672,15,"Forestry",17286
2037,11,"Forestry",1713
1538,18,"Fruit",16757
3099,20,"Fruit",174850
768,15,"Forestry",4739
412,2,"Beef",54332
2273,18,"Fruit",302905
1211,29,"Sheepmeat",63991
2771,18,"Fruit",12663
1530,10,"Sheepmeat",101289
2923,12,"Forestry",2143621
3167,23,"Veges",34984375
1840,28,"Sheepmeat",100988
1516,27,"Sheepmeat",247069
2971,27,"Sheepmeat",5403819
1996,11,"Forestry",14346
522,16,"Forestry",171522588
1844,2,"Beef",327000
2891,16,"Forestry",89672757
1092,3,"Beef",64295
3043,24,"Veges",18907431
2763,13,"Forestry",138413
3062,29,"Sheepmeat",358103195
945,28,"Sheepmeat",16590
3022,28,"Sheepmeat",34730575
1102,8,"Sheepmeat",167504
1648,16,"Forestry",170948
2955,2,"Beef",226332
3104,2,"Beef",1521563
1669,10,"Sheepmeat",53622
1215,4,"Beef",6885998
2438,21,"Fruit",80141
937,4,"Beef",75971
1945,8,"Sheepmeat",2481098
290,10,"Sheepmeat",16251
1294,11,"Forestry",32455
2123,16,"Forestry",39347
1835,11,"Forestry",1325
1775,14,"Forestry",5805
1695,10,"Sheepmeat",65715
2594,23,"Veges",26257752
3150,22,"Fruit",43319
1069,9,"Sheepmeat",1205
1282,28,"Sheepmeat",15556
1272,4,"Beef",6496
2527,10,"Sheepmeat",804813
2800,6,"Beef",8405
2783,8,"Sheepmeat",2679190
2264,11,"Forestry",3945
446,9,"Sheepmeat",2820
981,29,"Sheepmeat",4533058
2717,4,"Beef",25031
2899,10,"Sheepmeat",1206
2344,2,"Beef",47523
928,18,"Fruit",86108
2280,3,"Beef",373795
2046,9,"Sheepmeat",3685421
2885,24,"Veges",30789921
156,8,"Sheepmeat",27682
2016,27,"Sheepmeat",1979237
1686,2,"Beef",1844
2888,9,"Sheepmeat",17537955
66,15,"Forestry",534043
1835,24,"Veges",287924
3011,20,"Fruit",1055499
1772,8,"Sheepmeat",15661
2815,15,"Forestry",5263494
1993,27,"Sheepmeat",2303754
2840,6,"Beef",8405
2883,3,"Beef",215938
1172,16,"Forestry",523230
1118,9,"Sheepmeat",4627196
1459,22,"Fruit",18172
1872,11,"Forestry",12101
2211,4,"Beef",30279
1225,29,"Sheepmeat",4067043
3003,7,"Beef",64943
1063,26,"Veges",1289
1325,9,"Sheepmeat",14601
2939,17,"Fruit",16757
2725,9,"Sheepmeat",14075444
960,26,"Veges",16464
2814,24,"Veges",10795383
2077,14,"Forestry",272427
3039,20,"Fruit",1056137
2518,10,"Sheepmeat",1445
2674,18,"Fruit",2951289
1491,2,"Beef",5331
2211,10,"Sheepmeat",66719
3025,29,"Sheepmeat",105532790
3138,25,"Veges",31465611
2980,8,"Sheepmeat",3274062
2925,24,"Veges",6083886
2213,13,"Forestry",1129
1029,25,"Veges",95655
1828,28,"Sheepmeat",114501
2793,26,"Veges",1171912
929,10,"Sheepmeat",1255006
687,9,"Sheepmeat",43779
1713,16,"Forestry",387305
2831,26,"Veges",12983174
1217,21,"Fruit",81281
756,29,"Sheepmeat",41103
3078,2,"Beef",2045695
1213,28,"Sheepmeat",8501057
1063,29,"Sheepmeat",6082
1850,5,"Beef",8405
2120,2,"Beef",2227045
2789,29,"Sheepmeat",16705022
851,29,"Sheepmeat",9142034
2823,25,"Veges",30741184
1314,15,"Forestry",257672
687,22,"Fruit",6805
1553,21,"Fruit",307374
2652,1,"Dairy",3086512
1086,2,"Beef",124767
2832,26,"Veges",12983174
1987,4,"Beef",178419
3062,23,"Veges",29550564
2227,11,"Forestry",1653
2879,24,"Veges",31290925
1715,10,"Sheepmeat",17309
1372,27,"Sheepmeat",422593
1450,13,"Forestry",2764
2816,19,"Fruit",534374
2956,4,"Beef",10299141
3110,29,"Sheepmeat",61120211
2949,12,"Forestry",1557654
1522,20,"Fruit",513596
1516,9,"Sheepmeat",175799
2238,28,"Sheepmeat",7215
2925,11,"Forestry",2143621
1189,27,"Sheepmeat",415414
438,9,"Sheepmeat",12530
2372,11,"Forestry",396190
937,14,"Forestry",5372
2846,8,"Sheepmeat",27729860
2958,2,"Beef",3140146
2181,9,"Sheepmeat",11223
907,28,"Sheepmeat",126542
778,2,"Beef",62743
1664,4,"Beef",456729
557,17,"Fruit",103601
808,15,"Forestry",17286
982,17,"Fruit",213029
2764,21,"Fruit",482674
2889,28,"Sheepmeat",24100765
1177,27,"Sheepmeat",410645
3054,13,"Forestry",188956
2553,10,"Sheepmeat",3617674
1043,16,"Forestry",13508751
79,9,"Sheepmeat",2471
2571,28,"Sheepmeat",240400
2570,10,"Sheepmeat",193557
75,29,"Sheepmeat",51259
831,27,"Sheepmeat",34341045
2144,10,"Sheepmeat",365994
2346,16,"Forestry",195127
1682,29,"Sheepmeat",24880
3099,21,"Fruit",358446
1675,8,"Sheepmeat",3244
438,3,"Beef",7689
438,10,"Sheepmeat",12530
2926,25,"Veges",6083886
557,1,"Dairy",3086512
2136,27,"Sheepmeat",1113034
850,3,"Beef",340426
2125,11,"Forestry",1200
1852,4,"Beef",905227
1397,29,"Sheepmeat",5721863
3151,6,"Beef",8405
2000,27,"Sheepmeat",2492746
2105,12,"Forestry",16889
2971,23,"Veges",378741
2912,6,"Beef",8405
1273,16,"Forestry",203028
949,24,"Veges",3286
2747,16,"Forestry",522012
998,26,"Veges",3084808
2549,27,"Sheepmeat",3473615
1154,28,"Sheepmeat",1533785
3114,5,"Beef",178929
531,27,"Sheepmeat",1124326
1441,8,"Sheepmeat",9457792
1873,27,"Sheepmeat",660448
1484,27,"Sheepmeat",1729
1229,19,"Fruit",190612
2971,13,"Forestry",64699
1667,15,"Forestry",2311
2321,3,"Beef",6110
1510,29,"Sheepmeat",6369099
2869,15,"Forestry",1427254
3021,16,"Forestry",5305
1494,28,"Sheepmeat",2026086
886,28,"Sheepmeat",1723
3038,7,"Beef",537577
1264,9,"Sheepmeat",218564
3030,17,"Fruit",701154
1042,18,"Fruit",3198853
1852,23,"Veges",1198637
600,3,"Beef",39341
2853,4,"Beef",295069
2847,16,"Forestry",6676
1214,12,"Forestry",1556115
991,1,"Dairy",762789
1466,26,"Veges",23958
1828,9,"Sheepmeat",81460
1702,16,"Forestry",235432749
2021,10,"Sheepmeat",8608
1834,28,"Sheepmeat",443253
1455,16,"Forestry",1123584
1523,27,"Sheepmeat",85096
2824,6,"Beef",8405
860,21,"Fruit",153505
298,29,"Sheepmeat",531918
2931,1,"Dairy",294373
1337,13,"Forestry",4573
3107,3,"Beef",971721
1550,13,"Forestry",248343
2409,24,"Veges",159978
2129,29,"Sheepmeat",722012
2768,27,"Sheepmeat",36043514
2889,13,"Forestry",227601
878,24,"Veges",437029
3133,24,"Veges",31465611
825,15,"Forestry",288751
1876,3,"Beef",258294
2982,4,"Beef",4808674
3041,29,"Sheepmeat",98332413
343,27,"Sheepmeat",14383
2825,4,"Beef",28913887
2016,10,"Sheepmeat",1420180
2083,28,"Sheepmeat",84686
2818,3,"Beef",6665311
3029,29,"Sheepmeat",105532790
2725,8,"Sheepmeat",15154054
421,29,"Sheepmeat",1052
904,16,"Forestry",2669
1454,3,"Beef",1021
2438,9,"Sheepmeat",39084
3033,14,"Forestry",242970
643,21,"Fruit",24661
3101,15,"Forestry",1371358
1708,8,"Sheepmeat",2684
2799,5,"Beef",8405
1512,28,"Sheepmeat",3175562
1809,27,"Sheepmeat",131433
3117,27,"Sheepmeat",9357583
3002,23,"Veges",53421420
3135,2,"Beef",12545667
1852,15,"Forestry",26858
987,18,"Fruit",5421045
1268,29,"Sheepmeat",131900
2416,4,"Beef",920750
1815,15,"Forestry",88430
2935,11,"Forestry",14829
1907,28,"Sheepmeat",36647
1635,5,"Beef",5014
925,2,"Beef",1185
312,11,"Forestry",1040116
392,26,"Veges",16249987
842,2,"Beef",13634
1629,3,"Beef",41638
2979,23,"Veges",378741
2747,4,"Beef",1824099
3155,21,"Fruit",3451947
2835,16,"Forestry",96839227
2154,29,"Sheepmeat",7901762
2961,3,"Beef",2972331
2844,18,"Fruit",806709
65,22,"Fruit",10106
2996,16,"Forestry",4492
1961,8,"Sheepmeat",324207
2828,1,"Dairy",294373
1212,14,"Forestry",133096
1018,17,"Fruit",627486
2613,9,"Sheepmeat",804813
3046,2,"Beef",9704208
1833,27,"Sheepmeat",691180
1873,3,"Beef",318722
1584,20,"Fruit",114997
3046,23,"Veges",10579430
1624,22,"Fruit",8039
1973,16,"Forestry",917506
906,28,"Sheepmeat",175728
1833,11,"Forestry",121300
2469,27,"Sheepmeat",2383
2731,25,"Veges",39391627
1807,16,"Forestry",11694
887,1,"Dairy",41127
1376,28,"Sheepmeat",1744291
1655,2,"Beef",201220
410,27,"Sheepmeat",55655
2130,4,"Beef",125768
1439,8,"Sheepmeat",4618
1947,16,"Forestry",2849801
2852,6,"Beef",135931
884,29,"Sheepmeat",3126262
2759,9,"Sheepmeat",13557878
1300,3,"Beef",307435
2917,28,"Sheepmeat",36647
3030,10,"Sheepmeat",24634580
2578,3,"Beef",219616
1121,9,"Sheepmeat",252117
2873,17,"Fruit",1442840
2570,3,"Beef",157505
481,29,"Sheepmeat",531918
2889,15,"Forestry",6098140
918,15,"Forestry",6762426
2271,23,"Veges",276627
2058,8,"Sheepmeat",104228
2438,23,"Veges",3399
1390,29,"Sheepmeat",153619
3028,2,"Beef",12703940
894,20,"Fruit",60418
1228,10,"Sheepmeat",2287051
2280,2,"Beef",373795
1879,28,"Sheepmeat",3517447
1181,27,"Sheepmeat",333366
2162,10,"Sheepmeat",96572
2077,4,"Beef",10536535
1115,29,"Sheepmeat",2505843
2249,10,"Sheepmeat",132615
874,27,"Sheepmeat",421185
871,20,"Fruit",6180
2033,22,"Fruit",38796
3073,14,"Forestry",3313
868,24,"Veges",29531
2199,14,"Forestry",32483
1748,3,"Beef",162591
2593,13,"Forestry",248343
2822,5,"Beef",8405
3120,2,"Beef",10733769
2140,8,"Sheepmeat",495821
949,17,"Fruit",310676
745,15,"Forestry",1583
2511,2,"Beef",8300
1484,22,"Fruit",12197
1489,10,"Sheepmeat",69989
2650,5,"Beef",8405
3041,23,"Veges",24250411
1292,8,"Sheepmeat",74000
2032,11,"Forestry",65138
2551,19,"Fruit",143781
1454,24,"Veges",83883
1867,4,"Beef",2393687
2520,15,"Forestry",6827
3095,18,"Fruit",3369008
934,4,"Beef",736419
1938,16,"Forestry",852069
99,27,"Sheepmeat",7343
1997,29,"Sheepmeat",1712691
1411,26,"Veges",61165
2890,13,"Forestry",227601
873,27,"Sheepmeat",421185
1142,4,"Beef",17392
237,11,"Forestry",2412
3113,3,"Beef",6187092
2796,16,"Forestry",33721850
2351,8,"Sheepmeat",86862
1582,16,"Forestry",60302033
1463,10,"Sheepmeat",44457
1945,9,"Sheepmeat",2302665
139,9,"Sheepmeat",2471
1020,12,"Forestry",2835
1828,29,"Sheepmeat",344881
1795,3,"Beef",99139
2589,13,"Forestry",248343
309,19,"Fruit",5144405
3077,8,"Sheepmeat",81747
2761,5,"Beef",178929
2728,27,"Sheepmeat",700755
501,3,"Beef",2878
1205,15,"Forestry",3096858
578,19,"Fruit",227645
2809,1,"Dairy",294373
2394,4,"Beef",28166
2798,10,"Sheepmeat",7663664
1939,4,"Beef",22553
2992,4,"Beef",1052
1588,3,"Beef",13044366
2837,8,"Sheepmeat",26602043
1456,4,"Beef",297911
3088,16,"Forestry",9348394
1935,8,"Sheepmeat",23505
2371,29,"Sheepmeat",7025313
3168,20,"Fruit",1739267
1045,12,"Forestry",8263
954,15,"Forestry",233303
1512,11,"Forestry",14344
1585,23,"Veges",26257752
2314,15,"Forestry",2672
3003,29,"Sheepmeat",6643090
2956,25,"Veges",3441003
1124,28,"Sheepmeat",36647
983,24,"Veges",599491
966,27,"Sheepmeat",10779
2921,16,"Forestry",62782298
1287,23,"Veges",30083
2945,11,"Forestry",1629364
3120,16,"Forestry",71413318
2358,22,"Fruit",5303
2834,6,"Beef",8405
1869,2,"Beef",462697
2123,29,"Sheepmeat",10406859
690,20,"Fruit",13618
27,12,"Forestry",147244
1306,27,"Sheepmeat",701478
1813,2,"Beef",46835
1810,15,"Forestry",412136
2672,19,"Fruit",38023047
83,27,"Sheepmeat",30541
1228,3,"Beef",764171
2112,10,"Sheepmeat",2026666
1827,27,"Sheepmeat",187347
2234,14,"Forestry",21859
3026,19,"Fruit",1775911
1797,26,"Veges",28040
1223,11,"Forestry",193672
1086,11,"Forestry",54718
3018,19,"Fruit",6616469
3042,9,"Sheepmeat",23344045
3158,22,"Fruit",666046
2843,16,"Forestry",6676
1847,28,"Sheepmeat",90563
766,12,"Forestry",77042
1207,27,"Sheepmeat",7264076
2796,24,"Veges",3441003
2920,13,"Forestry",168950
3056,10,"Sheepmeat",7657552
1257,28,"Sheepmeat",174703
2385,28,"Sheepmeat",297569
2378,9,"Sheepmeat",1316415
2768,16,"Forestry",60295334
611,10,"Sheepmeat",12366
1390,1,"Dairy",294373
1300,28,"Sheepmeat",777804
2931,2,"Beef",5729945
3131,21,"Fruit",175973
917,10,"Sheepmeat",7794203
2776,10,"Sheepmeat",86806787
2092,12,"Forestry",111940
701,2,"Beef",86885
1281,14,"Forestry",24808
2891,20,"Fruit",67904
608,14,"Forestry",248343
2405,13,"Forestry",26612
1686,8,"Sheepmeat",6228
2883,4,"Beef",655452
2120,10,"Sheepmeat",5060293
1633,2,"Beef",176133
1295,16,"Forestry",15053
966,28,"Sheepmeat",10779
3038,25,"Veges",28554959
1787,12,"Forestry",10328
1437,23,"Veges",89968
3048,16,"Forestry",3744461
1305,8,"Sheepmeat",208564
899,18,"Fruit",756935
2712,16,"Forestry",96961401
926,2,"Beef",62049
1068,4,"Beef",14261
2404,11,"Forestry",434076
2339,22,"Fruit",29257
2751,3,"Beef",3004691
2569,15,"Forestry",200478
1584,10,"Sheepmeat",25589329
2073,4,"Beef",728223
3015,16,"Forestry",6676
980,7,"Beef",71911
1514,8,"Sheepmeat",863561
2806,11,"Forestry",2208088
2659,4,"Beef",40355453
30,3,"Beef",2697
3003,21,"Fruit",4166786
2502,23,"Veges",26257752
574,12,"Forestry",2584
905,15,"Forestry",152385
2312,16,"Forestry",94158
2792,12,"Forestry",879090
1799,16,"Forestry",3404683
1456,2,"Beef",79582
2819,2,"Beef",6665311
1393,9,"Sheepmeat",2494
1831,16,"Forestry",102748
1965,13,"Forestry",1429
3104,10,"Sheepmeat",2381770
2966,23,"Veges",1560829
837,19,"Fruit",38023047
1775,9,"Sheepmeat",582468
1432,18,"Fruit",722057
2754,1,"Dairy",6318043
609,28,"Sheepmeat",14383
1690,28,"Sheepmeat",2419769
855,28,"Sheepmeat",438967
2030,23,"Veges",4412
2931,27,"Sheepmeat",15343111
2412,8,"Sheepmeat",2117391
1239,8,"Sheepmeat",341998
1043,20,"Fruit",142803
3133,1,"Dairy",294373
2937,8,"Sheepmeat",11670318
2798,8,"Sheepmeat",8263484
2834,24,"Veges",31412107
2792,8,"Sheepmeat",5521552
2776,28,"Sheepmeat",121316792
1212,27,"Sheepmeat",8513125
1902,11,"Forestry",3361866
2832,1,"Dairy",294373
31,8,"Sheepmeat",5955
2764,2,"Beef",10721836
312,13,"Forestry",85052
2837,9,"Sheepmeat",24558645
2915,22,"Fruit",1080
2340,25,"Veges",817942
2191,12,"Forestry",185667
1059,23,"Veges",484576
935,3,"Beef",17806
2154,16,"Forestry",1743461
523,27,"Sheepmeat",14383
644,14,"Forestry",5372
1035,27,"Sheepmeat",1278625
2079,3,"Beef",21635
1229,9,"Sheepmeat",136769
2202,29,"Sheepmeat",1234478
1000,12,"Forestry",2584
3146,16,"Forestry",6676
1583,4,"Beef",40355453
366,9,"Sheepmeat",2471
1989,29,"Sheepmeat",4748723
956,8,"Sheepmeat",124306
1820,16,"Forestry",6884829
2195,28,"Sheepmeat",6441
1976,27,"Sheepmeat",1238356
2552,9,"Sheepmeat",334053
2894,27,"Sheepmeat",58912
2393,9,"Sheepmeat",1701554
1005,17,"Fruit",96430
3011,1,"Dairy",212224
2209,29,"Sheepmeat",3475608
1292,13,"Forestry",5840
1115,27,"Sheepmeat",834234
874,9,"Sheepmeat",302792
2406,28,"Sheepmeat",1710836
2752,12,"Forestry",30430
2341,3,"Beef",278958
1447,28,"Sheepmeat",47921
2412,26,"Veges",42626
2956,8,"Sheepmeat",6257270
2771,27,"Sheepmeat",120832287
1581,5,"Beef",8405
2781,13,"Forestry",3958
2557,29,"Sheepmeat",3410267
1122,29,"Sheepmeat",1052912
1033,19,"Fruit",1777987
1538,20,"Fruit",2162
3071,16,"Forestry",3038144
2338,29,"Sheepmeat",1788831
1314,2,"Beef",12918
2027,12,"Forestry",16889
1866,27,"Sheepmeat",302708
2105,10,"Sheepmeat",2358562
2368,16,"Forestry",2108
194,29,"Sheepmeat",22222
1430,18,"Fruit",773068
1951,10,"Sheepmeat",48226
2961,4,"Beef",9167645
916,10,"Sheepmeat",23325
558,3,"Beef",46708
2865,18,"Fruit",10619016
1586,27,"Sheepmeat",35854901
3118,25,"Veges",767337
1990,4,"Beef",57501
2957,13,"Forestry",94338
881,19,"Fruit",29526335
3000,15,"Forestry",4134762
2080,3,"Beef",537439
71,8,"Sheepmeat",15889452
1511,12,"Forestry",2584
2758,28,"Sheepmeat",18837837
2899,29,"Sheepmeat",5027
1797,9,"Sheepmeat",121096
1481,10,"Sheepmeat",3187
1787,16,"Forestry",300859
2112,2,"Beef",591180
1830,14,"Forestry",5840
2667,27,"Sheepmeat",35854901
2488,25,"Veges",3116
2789,12,"Forestry",745545
2779,6,"Beef",275924
1784,2,"Beef",345062
1236,4,"Beef",2894
1949,29,"Sheepmeat",155257
714,9,"Sheepmeat",4543
1287,8,"Sheepmeat",229499
2725,15,"Forestry",468394
2983,2,"Beef",1778
1376,10,"Sheepmeat",1234968
1552,10,"Sheepmeat",25702343
3131,8,"Sheepmeat",26521660
3065,28,"Sheepmeat",34284482
2181,10,"Sheepmeat",11223
1059,19,"Fruit",295930
778,10,"Sheepmeat",106798
2613,13,"Forestry",5372
2427,4,"Beef",3883
1890,14,"Forestry",13324
1214,21,"Fruit",164386
300,15,"Forestry",17286
2837,17,"Fruit",701154
2117,27,"Sheepmeat",331552
2942,25,"Veges",5920901
3121,6,"Beef",178929
993,27,"Sheepmeat",1535791
1545,22,"Fruit",33166
2223,16,"Forestry",57332779
2419,9,"Sheepmeat",153001
3074,13,"Forestry",2004
2780,10,"Sheepmeat",86806787
2881,11,"Forestry",2983950
2903,11,"Forestry",160231
2187,25,"Veges",162984
1661,8,"Sheepmeat",462956
3118,15,"Forestry",400030
2724,14,"Forestry",15740
1821,15,"Forestry",474194
2939,19,"Fruit",38591
2801,8,"Sheepmeat",12006092
1337,9,"Sheepmeat",16009
2245,14,"Forestry",200315
2796,7,"Beef",25193
2488,24,"Veges",3116
2934,12,"Forestry",14829
2210,29,"Sheepmeat",2045764
3114,16,"Forestry",1101984
1968,28,"Sheepmeat",520420
133,16,"Forestry",115526
3013,12,"Forestry",2572114
2885,4,"Beef",29604843
573,13,"Forestry",5372
1333,11,"Forestry",2103
3105,9,"Sheepmeat",1279980
1423,3,"Beef",77410
346,8,"Sheepmeat",1818
1669,4,"Beef",216936
63,10,"Sheepmeat",1472200
2568,15,"Forestry",200478
2408,4,"Beef",236434
1862,11,"Forestry",65481
2767,8,"Sheepmeat",144979
1866,23,"Veges",84025
1937,8,"Sheepmeat",1376
3042,13,"Forestry",193886
3123,27,"Sheepmeat",33785948
1059,28,"Sheepmeat",44234
2033,23,"Veges",2555433
2509,24,"Veges",39391627
1460,28,"Sheepmeat",1115770
1822,2,"Beef",67186
2004,28,"Sheepmeat",5199830
2488,23,"Veges",3223
2777,6,"Beef",275924
1158,11,"Forestry",98373
2947,15,"Forestry",134671
550,12,"Forestry",107798
1459,25,"Veges",233658
618,16,"Forestry",171823062
3067,6,"Beef",8405
988,24,"Veges",400280
2199,27,"Sheepmeat",53051
2111,9,"Sheepmeat",2026666
1998,10,"Sheepmeat",3715240
3096,23,"Veges",230805
1554,28,"Sheepmeat",36036368
2817,9,"Sheepmeat",14366328
2630,20,"Fruit",178983
1879,29,"Sheepmeat",10547378
2923,7,"Beef",25193
1381,27,"Sheepmeat",6730
1641,15,"Forestry",24119
3060,25,"Veges",12411845
156,10,"Sheepmeat",25724
2841,29,"Sheepmeat",105532790
2728,14,"Forestry",2658
1582,22,"Fruit",50124
2264,29,"Sheepmeat",16682
2392,14,"Forestry",277472
3030,23,"Veges",26257752
1369,29,"Sheepmeat",5128
531,19,"Fruit",227645
2884,11,"Forestry",2957793
2399,28,"Sheepmeat",718219
1236,22,"Fruit",2065
1875,10,"Sheepmeat",456667
2425,27,"Sheepmeat",272382
2833,24,"Veges",31412107
1930,9,"Sheepmeat",193811
1510,5,"Beef",21666
434,7,"Beef",64943
2040,27,"Sheepmeat",3213129
320,17,"Fruit",806709
3023,20,"Fruit",101630
2919,4,"Beef",18316761
3003,16,"Forestry",25933456
2755,27,"Sheepmeat",10799270
1841,28,"Sheepmeat",1668635
2901,18,"Fruit",302905
2808,19,"Fruit",38591
1127,28,"Sheepmeat",7993001
1086,10,"Sheepmeat",319143
3102,11,"Forestry",702872
2909,4,"Beef",18464819
1454,26,"Veges",34712
2955,11,"Forestry",30563
2512,2,"Beef",1748
3088,28,"Sheepmeat",2450790
2050,28,"Sheepmeat",2338
1847,27,"Sheepmeat",90563
2880,10,"Sheepmeat",22418650
1268,23,"Veges",98428
1418,10,"Sheepmeat",3507
1710,15,"Forestry",20822
1843,29,"Sheepmeat",2418056
2801,28,"Sheepmeat",15446345
2987,18,"Fruit",910310
1254,16,"Forestry",151292
20,4,"Beef",22341
1974,2,"Beef",140446
2871,21,"Fruit",496426
1335,2,"Beef",9086
1798,9,"Sheepmeat",676585
2342,13,"Forestry",24808
1391,11,"Forestry",10328
3059,12,"Forestry",133769
1877,24,"Veges",1139741
3142,25,"Veges",31465611
2316,27,"Sheepmeat",1629622
2792,24,"Veges",2275060
954,16,"Forestry",3383368
1544,11,"Forestry",365838
2219,10,"Sheepmeat",610954
133,8,"Sheepmeat",115394
2191,4,"Beef",70500
2519,4,"Beef",15617
3117,10,"Sheepmeat",6723154
1783,4,"Beef",74233
2223,12,"Forestry",1990310
2992,26,"Veges",24251157
3094,6,"Beef",275924
2931,7,"Beef",25193
922,29,"Sheepmeat",218502
1109,10,"Sheepmeat",425928
937,16,"Forestry",2098239
972,4,"Beef",951199
2943,9,"Sheepmeat",9173754
2897,8,"Sheepmeat",15637671
983,26,"Veges",248079
944,23,"Veges",1961047
3087,29,"Sheepmeat",1539923
2932,8,"Sheepmeat",13381
2539,2,"Beef",1356389
2249,13,"Forestry",2540
2871,9,"Sheepmeat",85395451
1796,2,"Beef",47105
2931,15,"Forestry",4138430
1829,29,"Sheepmeat",10580208
1241,10,"Sheepmeat",141416
2380,10,"Sheepmeat",553776
2260,28,"Sheepmeat",17383
1866,29,"Sheepmeat",939757
2040,2,"Beef",1343427
2884,5,"Beef",8405
2903,4,"Beef",1849501
1317,27,"Sheepmeat",797192
2816,1,"Dairy",294373
1584,28,"Sheepmeat",35854901
71,2,"Beef",6254796
1843,3,"Beef",64902
883,20,"Fruit",24775
2902,10,"Sheepmeat",85841
2025,16,"Forestry",3920
2863,19,"Fruit",1543973
2277,24,"Veges",6375623
2864,8,"Sheepmeat",6195373
1896,3,"Beef",34523
2275,28,"Sheepmeat",19988
2110,11,"Forestry",14344
1415,4,"Beef",1570
2806,9,"Sheepmeat",12217101
1088,20,"Fruit",4451
1993,9,"Sheepmeat",1656181
2553,8,"Sheepmeat",3893068
2279,3,"Beef",8527
519,9,"Sheepmeat",83302
1986,16,"Forestry",3208513
3129,27,"Sheepmeat",34347484
1298,4,"Beef",2046
1831,8,"Sheepmeat",542916
321,17,"Fruit",806709
2942,1,"Dairy",294373
2967,29,"Sheepmeat",19204358
1205,2,"Beef",1856000
581,3,"Beef",337434
2619,4,"Beef",165109
83,9,"Sheepmeat",21175
1256,2,"Beef",7641
1167,29,"Sheepmeat",1722833
899,20,"Fruit",97113
1107,28,"Sheepmeat",258050
3099,29,"Sheepmeat",96888302
2981,16,"Forestry",6930366
1810,25,"Veges",4043982
1227,16,"Forestry",15053
3116,15,"Forestry",118985
2578,10,"Sheepmeat",609562
2350,3,"Beef",39341
1473,3,"Beef",101396
3058,4,"Beef",7057528
2082,3,"Beef",231058
2770,1,"Dairy",2874288
2147,28,"Sheepmeat",40733
1552,22,"Fruit",64451
2204,10,"Sheepmeat",525530
1398,23,"Veges",70097
1069,22,"Fruit",1666
1447,3,"Beef",36065
2817,22,"Fruit",15484
797,2,"Beef",3501
1154,15,"Forestry",21703
2945,20,"Fruit",2162
2958,9,"Sheepmeat",5477335
938,8,"Sheepmeat",35941806
2788,10,"Sheepmeat",3039606
2426,28,"Sheepmeat",258114
1050,8,"Sheepmeat",47841
831,28,"Sheepmeat",34341045
2998,23,"Veges",1388348
846,12,"Forestry",364650
670,2,"Beef",2291
1336,8,"Sheepmeat",87797
3106,2,"Beef",1708992
1937,27,"Sheepmeat",1778
1143,15,"Forestry",12034
2955,15,"Forestry",63247
3061,9,"Sheepmeat",84963648
3099,19,"Fruit",3072365
2731,24,"Veges",39391627
928,10,"Sheepmeat",384848
2092,2,"Beef",103665
1781,2,"Beef",2522
3127,10,"Sheepmeat",24622770
414,4,"Beef",28303
2908,3,"Beef",5929514
2606,2,"Beef",12703940
1509,8,"Sheepmeat",1471
3155,5,"Beef",178929
2144,4,"Beef",167735
1772,2,"Beef",20244
2907,12,"Forestry",2212524
2307,24,"Veges",35668
922,20,"Fruit",210172
1289,9,"Sheepmeat",11219
198,29,"Sheepmeat",22222
3067,2,"Beef",12266208
3069,8,"Sheepmeat",26984356
2873,5,"Beef",275924
1441,28,"Sheepmeat",12244859
1694,11,"Forestry",30563
3143,3,"Beef",12703940
2378,15,"Forestry",763711
3133,22,"Fruit",43319
1474,2,"Beef",121796
2849,25,"Veges",31465611
1523,16,"Forestry",37787
2796,1,"Dairy",294373
2437,24,"Veges",6083886
2039,9,"Sheepmeat",11203022
64,7,"Beef",71911
2092,15,"Forestry",232007
2440,5,"Beef",19067
2427,26,"Veges",517488
2797,2,"Beef",4871851
1900,10,"Sheepmeat",289622
2345,9,"Sheepmeat",252403
1119,28,"Sheepmeat",350696
3137,8,"Sheepmeat",26706142
1435,18,"Fruit",3654446
2974,10,"Sheepmeat",3521068
619,14,"Forestry",248343
65,24,"Veges",1325647
135,8,"Sheepmeat",113839
1502,10,"Sheepmeat",774457
1130,4,"Beef",747795
1711,13,"Forestry",2521
1208,26,"Veges",135090
300,24,"Veges",39391627
2513,3,"Beef",1748
1902,28,"Sheepmeat",10446164
2598,29,"Sheepmeat",108967338
149,12,"Forestry",2706
952,20,"Fruit",28060
2237,2,"Beef",1108229
2771,3,"Beef",42603452
1968,27,"Sheepmeat",520420
2435,4,"Beef",1411
595,27,"Sheepmeat",119361
982,18,"Fruit",213029
3136,29,"Sheepmeat",104807157
2585,21,"Fruit",229926
866,3,"Beef",1414
1299,17,"Fruit",108243
1510,28,"Sheepmeat",2110442
1708,12,"Forestry",13663
3029,7,"Beef",25193
3101,16,"Forestry",19517696
2965,26,"Veges",938745
311,21,"Fruit",24661
2436,10,"Sheepmeat",11346414
838,27,"Sheepmeat",34334528
1172,24,"Veges",8000
2796,3,"Beef",3396790
1797,24,"Veges",67761
2907,11,"Forestry",2212524
3014,12,"Forestry",3177321
2469,28,"Sheepmeat",2383
2209,4,"Beef",613598
2690,27,"Sheepmeat",34730575
2884,19,"Fruit",1230588
2361,8,"Sheepmeat",47841
2886,27,"Sheepmeat",7238
2312,17,"Fruit",159280
2914,12,"Forestry",2208088
1245,13,"Forestry",279927
2412,18,"Fruit",161461
2085,4,"Beef",790862
1446,9,"Sheepmeat",26966
3125,29,"Sheepmeat",382362765
1245,25,"Veges",41390
1279,23,"Veges",74532
727,20,"Fruit",1032
3124,29,"Sheepmeat",103209125
1988,11,"Forestry",11963
755,10,"Sheepmeat",4543
74,8,"Sheepmeat",5406
523,10,"Sheepmeat",7823
1647,16,"Forestry",421571
1090,4,"Beef",243531
2917,9,"Sheepmeat",23778
1135,26,"Veges",207916
1165,28,"Sheepmeat",160153
3008,16,"Forestry",6699
1005,8,"Sheepmeat",1120
1415,29,"Sheepmeat",1570
2997,15,"Forestry",6824256
1586,7,"Beef",25193
1941,27,"Sheepmeat",2176
1171,15,"Forestry",28919
524,2,"Beef",3501
1250,27,"Sheepmeat",9333527
2934,2,"Beef",73008
1688,10,"Sheepmeat",1982677
1871,26,"Veges",721908
1293,15,"Forestry",2831
3011,19,"Fruit",18125228
2870,17,"Fruit",1938530
1394,18,"Fruit",292648
3026,6,"Beef",8405
2790,11,"Forestry",767396
1083,28,"Sheepmeat",65101
1643,14,"Forestry",1862
2028,4,"Beef",2421576
2871,20,"Fruit",247525
1199,29,"Sheepmeat",74785
1220,13,"Forestry",7570
1008,3,"Beef",547923
1082,3,"Beef",153839
2919,24,"Veges",6083886
312,9,"Sheepmeat",3571491
577,26,"Veges",61467
1186,13,"Forestry",118769
767,10,"Sheepmeat",6456
1572,11,"Forestry",7096
533,28,"Sheepmeat",1124326
1033,17,"Fruit",809161
907,10,"Sheepmeat",90185
550,11,"Forestry",107798
1086,27,"Sheepmeat",443930
2993,18,"Fruit",910310
911,26,"Veges",7381
1694,13,"Forestry",2139
2806,22,"Fruit",1080
2880,2,"Beef",11228662
1023,12,"Forestry",20027
1117,16,"Forestry",2786293
1466,4,"Beef",7766
390,15,"Forestry",218605
1775,3,"Beef",143814
917,8,"Sheepmeat",8258908
2112,16,"Forestry",415273
2112,29,"Sheepmeat",8488606
2930,15,"Forestry",4194532
2225,27,"Sheepmeat",210468
2438,28,"Sheepmeat",54366
851,24,"Veges",44131
2799,26,"Veges",2444624
951,18,"Fruit",21805
1873,24,"Veges",1139741
2514,16,"Forestry",3159
1067,18,"Fruit",274957
506,4,"Beef",20851
693,3,"Beef",2878
1584,22,"Fruit",55676
2225,15,"Forestry",331413
1516,11,"Forestry",123159
1822,16,"Forestry",6743555
2021,29,"Sheepmeat",35892
1629,22,"Fruit",8809
1499,2,"Beef",1142082
2152,2,"Beef",9345
1864,15,"Forestry",25421
2122,8,"Sheepmeat",2461152
1126,29,"Sheepmeat",3153043
841,19,"Fruit",6432438
1233,9,"Sheepmeat",1656181
3071,27,"Sheepmeat",9605059
2344,8,"Sheepmeat",211691
2996,4,"Beef",184804
2019,29,"Sheepmeat",3846091
1382,13,"Forestry",15784
2960,25,"Veges",2838518
3111,25,"Veges",11695
1049,18,"Fruit",580599
3152,12,"Forestry",2572114
2838,26,"Veges",12990555
2744,28,"Sheepmeat",1105
1074,4,"Beef",144560
2049,24,"Veges",1416689
89,11,"Forestry",107798
135,10,"Sheepmeat",104828
1499,8,"Sheepmeat",2060257
2384,10,"Sheepmeat",213924
2717,9,"Sheepmeat",4594
3053,24,"Veges",7215311
2928,29,"Sheepmeat",702122
2891,15,"Forestry",6098140
1577,16,"Forestry",60302033
1071,28,"Sheepmeat",17225
2784,4,"Beef",2838504
306,8,"Sheepmeat",4113
1951,4,"Beef",63257
2657,1,"Dairy",3086512
3127,14,"Forestry",242970
1856,3,"Beef",252197
2847,8,"Sheepmeat",27772916
2967,13,"Forestry",68513
2375,11,"Forestry",383803
2293,16,"Forestry",60302033
2815,12,"Forestry",2578862
2913,2,"Beef",5921873
1778,29,"Sheepmeat",497899
1201,4,"Beef",53476
1030,8,"Sheepmeat",4207855
2826,23,"Veges",25558769
1897,2,"Beef",3549010
1388,9,"Sheepmeat",9236
2388,9,"Sheepmeat",493960
3065,12,"Forestry",3175122
1203,3,"Beef",184938
2348,12,"Forestry",2412
3157,23,"Veges",3561652
1439,20,"Fruit",17851
1021,27,"Sheepmeat",447281
1143,9,"Sheepmeat",579706
2751,8,"Sheepmeat",5076653
443,10,"Sheepmeat",1689
2913,18,"Fruit",16757
104,4,"Beef",81756
951,20,"Fruit",2813
1829,2,"Beef",709526
3152,16,"Forestry",6699
1266,20,"Fruit",31788
3055,8,"Sheepmeat",827357
2970,12,"Forestry",745545
1170,27,"Sheepmeat",698473
998,1,"Dairy",762789
2612,8,"Sheepmeat",1471
725,18,"Fruit",7999
1192,26,"Veges",40706
3014,24,"Veges",31465611
1539,4,"Beef",1553
2921,2,"Beef",5848682
797,27,"Sheepmeat",14383
1032,25,"Veges",1880999
2269,17,"Fruit",127646
949,26,"Veges",1360
2927,29,"Sheepmeat",747246
1578,7,"Beef",25193
2895,19,"Fruit",534374
1212,25,"Veges",7641115
3053,9,"Sheepmeat",13678000
919,16,"Forestry",76515635
2249,14,"Forestry",2540
1697,4,"Beef",2277219
2910,19,"Fruit",38591
967,17,"Fruit",164682
2521,18,"Fruit",4202324
1500,27,"Sheepmeat",1177557
2082,15,"Forestry",192572
1338,8,"Sheepmeat",1336882
1673,9,"Sheepmeat",5036
922,4,"Beef",187497
1246,28,"Sheepmeat",483574
66,21,"Fruit",90309
2437,2,"Beef",5843952
2362,25,"Veges",1508815
950,9,"Sheepmeat",250615
923,27,"Sheepmeat",41797
2888,17,"Fruit",545293
2991,24,"Veges",31465611
2854,4,"Beef",295069
3033,23,"Veges",26220855
2438,25,"Veges",3286
1455,10,"Sheepmeat",2158221
1029,29,"Sheepmeat",256066
1099,13,"Forestry",4216
3040,24,"Veges",27212293
3065,29,"Sheepmeat",103970679
1215,20,"Fruit",69114
3029,26,"Veges",13005315
1472,27,"Sheepmeat",4396
288,11,"Forestry",2412
291,4,"Beef",49719
1986,13,"Forestry",5917
2112,12,"Forestry",14344
2914,27,"Sheepmeat",17139394
2586,5,"Beef",8405
2423,10,"Sheepmeat",1139
1242,11,"Forestry",177598
2927,16,"Forestry",1004471
3102,25,"Veges",1781591
2743,17,"Fruit",2942782
2243,8,"Sheepmeat",1858838
2910,11,"Forestry",2208088
1086,9,"Sheepmeat",319143
1078,28,"Sheepmeat",2556488
2189,2,"Beef",1557
2890,9,"Sheepmeat",17176619
1185,14,"Forestry",130159
288,9,"Sheepmeat",93175
1640,4,"Beef",73701
3132,27,"Sheepmeat",34286149
2797,6,"Beef",8405
853,25,"Veges",1771898
1000,22,"Fruit",282428
1544,13,"Forestry",29062
2151,12,"Forestry",2994
1314,27,"Sheepmeat",316905
3110,10,"Sheepmeat",14307206
2223,8,"Sheepmeat",7002568
2432,27,"Sheepmeat",28162
795,2,"Beef",3501
414,9,"Sheepmeat",4543
1811,11,"Forestry",30563
2822,29,"Sheepmeat",77324568
439,29,"Sheepmeat",19426
2071,4,"Beef",49168
915,12,"Forestry",108035
2386,27,"Sheepmeat",1231122
1553,13,"Forestry",248343
2825,1,"Dairy",294373
2835,15,"Forestry",6580738
1700,15,"Forestry",46188
1552,20,"Fruit",132558
1095,28,"Sheepmeat",274208
1134,12,"Forestry",22538
1056,14,"Forestry",54084
2559,8,"Sheepmeat",2124741
925,24,"Veges",207075
27,8,"Sheepmeat",1987225
1979,28,"Sheepmeat",167266
2303,19,"Fruit",104122269
3047,4,"Beef",22068880
1767,3,"Beef",80742
1242,27,"Sheepmeat",2853454
1293,29,"Sheepmeat",415134
2051,17,"Fruit",13807462
1873,10,"Sheepmeat",468972
1377,15,"Forestry",134671
999,4,"Beef",3242194
2898,28,"Sheepmeat",20169305
3078,27,"Sheepmeat",6120678
853,3,"Beef",27781
3133,15,"Forestry",6580738
3069,24,"Veges",25244887
2406,15,"Forestry",88668
2820,14,"Forestry",227601
2549,13,"Forestry",54084
2819,13,"Forestry",197471
2118,12,"Forestry",1713
1864,2,"Beef",553233
2623,17,"Fruit",550499
3003,1,"Dairy",2874288
2947,2,"Beef",832335
2870,27,"Sheepmeat",119330678
832,7,"Beef",537577
1688,8,"Sheepmeat",2134613
1446,8,"Sheepmeat",29018
3155,18,"Fruit",2311529
2231,29,"Sheepmeat",589283
3070,28,"Sheepmeat",9746975
2999,27,"Sheepmeat",278261
2821,18,"Fruit",545293
213,10,"Sheepmeat",3822
2764,4,"Beef",32547028
1073,12,"Forestry",1043
1135,24,"Veges",503637
2864,28,"Sheepmeat",118380017
609,9,"Sheepmeat",7823
3000,24,"Veges",52562148
1687,8,"Sheepmeat",1988
176,4,"Beef",11713
939,16,"Forestry",28154
2383,15,"Forestry",438406
2769,29,"Sheepmeat",110505504
2883,28,"Sheepmeat",1530769
2212,4,"Beef",376439
1392,28,"Sheepmeat",736272
976,22,"Fruit",5523
983,29,"Sheepmeat",147603
727,9,"Sheepmeat",4228
3033,3,"Beef",12476354
2817,13,"Forestry",197471
312,3,"Beef",971507
888,4,"Beef",188111
1818,27,"Sheepmeat",219778
1696,29,"Sheepmeat",6601597
727,29,"Sheepmeat",22998
924,23,"Veges",376935
1171,10,"Sheepmeat",1822180
1938,14,"Forestry",2019
2105,4,"Beef",2216507
1708,29,"Sheepmeat",17470
2956,3,"Beef",3335187
2593,10,"Sheepmeat",25589329
2600,17,"Fruit",103601
2248,16,"Forestry",57304056
689,23,"Veges",704056
2766,19,"Fruit",13183224
2757,28,"Sheepmeat",11488455
1891,8,"Sheepmeat",7761068
2231,2,"Beef",57263
64,9,"Sheepmeat",14384202
1629,27,"Sheepmeat",215224
2943,17,"Fruit",16757
871,22,"Fruit",3088
2886,29,"Sheepmeat",25120
1518,8,"Sheepmeat",4889
2325,2,"Beef",179510
1939,21,"Fruit",25442
2815,20,"Fruit",17278
3040,17,"Fruit",7564409
3094,27,"Sheepmeat",121937818
1345,28,"Sheepmeat",14717
3116,12,"Forestry",34384
3087,9,"Sheepmeat",369326
2551,10,"Sheepmeat",5236510
1615,19,"Fruit",6616469
64,5,"Beef",23083
2331,8,"Sheepmeat",1683
134,17,"Fruit",105555
1816,8,"Sheepmeat",30744
1201,10,"Sheepmeat",16238
2755,15,"Forestry",225195
3113,6,"Beef",8405
1117,9,"Sheepmeat",10694059
2409,10,"Sheepmeat",308522
75,23,"Veges",183292
1777,29,"Sheepmeat",1063966
2946,28,"Sheepmeat",1724473
1453,19,"Fruit",32728
1652,2,"Beef",34096
1745,27,"Sheepmeat",63169
2416,3,"Beef",305609
1805,9,"Sheepmeat",286581
2053,27,"Sheepmeat",437202
860,27,"Sheepmeat",7808
1643,3,"Beef",56118
235,25,"Veges",32924701
1784,27,"Sheepmeat",1724736
3131,9,"Sheepmeat",24484883
3169,11,"Forestry",83413
2606,4,"Beef",39270225
872,3,"Beef",21435
2237,8,"Sheepmeat",3510950
1867,15,"Forestry",1017707
844,3,"Beef",13116480
2838,14,"Forestry",242970
928,2,"Beef",178359
2804,17,"Fruit",16757
2986,14,"Forestry",3958
2941,1,"Dairy",294373
3003,11,"Forestry",804345
2783,14,"Forestry",18342
1778,16,"Forestry",62022
2763,15,"Forestry",3585166
1126,4,"Beef",994363
3024,24,"Veges",31465611
2104,14,"Forestry",4678
1522,19,"Fruit",9152855
1910,12,"Forestry",3243825
2441,28,"Sheepmeat",4491
2954,9,"Sheepmeat",679302
1091,27,"Sheepmeat",2464063
2762,25,"Veges",14471614
985,16,"Forestry",22374
1435,9,"Sheepmeat",24457381
1438,14,"Forestry",38166
1289,16,"Forestry",477291
2923,14,"Forestry",168950
1179,15,"Forestry",34842
2438,4,"Beef",132630
1978,4,"Beef",135756
1054,8,"Sheepmeat",1753278
2475,28,"Sheepmeat",191842
3017,15,"Forestry",5880
2811,1,"Dairy",294373
1578,22,"Fruit",50124
2405,3,"Beef",409244
1498,29,"Sheepmeat",1168
2073,10,"Sheepmeat",178008
2949,6,"Beef",8405
2811,7,"Beef",25193
2913,17,"Fruit",16757
1106,18,"Fruit",237221
2963,3,"Beef",2864939
2005,28,"Sheepmeat",5578613
2764,14,"Forestry",192497
3047,13,"Forestry",5317
1767,9,"Sheepmeat",232767
2597,13,"Forestry",248343
1676,14,"Forestry",22639
2426,25,"Veges",273816
1239,27,"Sheepmeat",443253
1438,10,"Sheepmeat",8949605
2176,21,"Fruit",28249
2690,6,"Beef",8405
2659,5,"Beef",8405
2862,16,"Forestry",96828630
2439,19,"Fruit",16949413
2885,7,"Beef",25193
2532,8,"Sheepmeat",8418
928,4,"Beef",564901
879,20,"Fruit",26939
1001,19,"Fruit",344827
52,28,"Sheepmeat",15736284
1018,23,"Veges",1016696
2585,3,"Beef",13044366
2406,26,"Veges",721908
2970,8,"Sheepmeat",4233962
2831,21,"Fruit",175973
774,9,"Sheepmeat",5243
714,11,"Forestry",4683
2501,23,"Veges",26257752
914,21,"Fruit",234799
434,25,"Veges",161251
1383,3,"Beef",8572
1783,25,"Veges",372426
1058,28,"Sheepmeat",3429381
3169,8,"Sheepmeat",8076741
1369,4,"Beef",5128
3102,28,"Sheepmeat",120013933
2770,29,"Sheepmeat",110505504
1255,28,"Sheepmeat",143769
881,12,"Forestry",3379146
1767,28,"Sheepmeat",325138
3159,27,"Sheepmeat",3286739
1827,26,"Veges",39374
177,18,"Fruit",10767845
2027,2,"Beef",991106
1484,25,"Veges",2371
1050,4,"Beef",188599
2886,8,"Sheepmeat",4738
3053,19,"Fruit",38591
1471,29,"Sheepmeat",446769
2195,18,"Fruit",14260205
2797,17,"Fruit",16757
970,21,"Fruit",45232
2894,2,"Beef",31595
1641,11,"Forestry",11963
2271,22,"Fruit",19153
2323,27,"Sheepmeat",34332590
1864,10,"Sheepmeat",689161
2094,4,"Beef",3368600
1511,27,"Sheepmeat",2110442
1714,3,"Beef",33914
2437,8,"Sheepmeat",12371620
2847,11,"Forestry",3285119
2790,14,"Forestry",64699
2929,10,"Sheepmeat",11171976
1397,27,"Sheepmeat",1897401
1146,3,"Beef",61170
1935,9,"Sheepmeat",21842
953,28,"Sheepmeat",1373347
778,12,"Forestry",7096
2392,10,"Sheepmeat",7331320
1447,8,"Sheepmeat",37073
3090,7,"Beef",836800
2794,2,"Beef",3079421
823,11,"Forestry",62310
1080,29,"Sheepmeat",15522135
1624,24,"Veges",468428
1961,2,"Beef",298990
3050,20,"Fruit",17278
2766,12,"Forestry",2533390
1093,10,"Sheepmeat",96498
311,4,"Beef",1078307
980,23,"Veges",3948558
1872,12,"Forestry",12101
892,3,"Beef",76072
2765,11,"Forestry",2408658
1953,13,"Forestry",149701
1829,27,"Sheepmeat",3527411
1284,27,"Sheepmeat",36647
1552,26,"Veges",4987858
3042,29,"Sheepmeat",98162365
3124,15,"Forestry",5262738
2982,11,"Forestry",235512
3141,3,"Beef",141754
914,25,"Veges",494814
1635,29,"Sheepmeat",2587693
2998,20,"Fruit",35054
1935,29,"Sheepmeat",96230
2381,9,"Sheepmeat",456467
3026,8,"Sheepmeat",26849218
2280,16,"Forestry",3559345
2578,12,"Forestry",34239
1974,27,"Sheepmeat",642659
2142,29,"Sheepmeat",1331616
1965,16,"Forestry",512173
2862,14,"Forestry",242970
1170,10,"Sheepmeat",500389
2425,20,"Fruit",705125
3052,7,"Beef",25193
3145,8,"Sheepmeat",26849218
1895,2,"Beef",30739
2550,18,"Fruit",640913
834,14,"Forestry",4039
1269,13,"Forestry",17236
1220,3,"Beef",1096
997,28,"Sheepmeat",34229728
2361,27,"Sheepmeat",61840
1973,11,"Forestry",32175
841,20,"Fruit",27092
2890,12,"Forestry",2943512
844,25,"Veges",12090250
1863,16,"Forestry",1342312
3080,2,"Beef",131960
1940,3,"Beef",76396
2267,22,"Fruit",13903
1177,28,"Sheepmeat",410645
1454,29,"Sheepmeat",12612
2144,15,"Forestry",197504
2834,27,"Sheepmeat",33929708
1772,3,"Beef",20244
1761,16,"Forestry",13774
2833,6,"Beef",8405
2375,13,"Forestry",34078
1900,16,"Forestry",5192881
3087,2,"Beef",42456
1172,14,"Forestry",1429
1284,3,"Beef",1345
2965,9,"Sheepmeat",5099469
839,3,"Beef",15559469
1652,4,"Beef",104026
1221,2,"Beef",8866
3005,29,"Sheepmeat",102981022
980,9,"Sheepmeat",14817969
1106,3,"Beef",52840
819,22,"Fruit",8634
2414,8,"Sheepmeat",4343
895,3,"Beef",3794968
1626,2,"Beef",31481
2323,5,"Beef",178929
2243,14,"Forestry",4678
289,25,"Veges",32924701
1072,28,"Sheepmeat",406972
648,16,"Forestry",3158461
2212,3,"Beef",124767
2926,1,"Dairy",294373
3037,3,"Beef",11553982
2872,7,"Beef",836800
2882,25,"Veges",30789921
303,25,"Veges",39391627
3027,20,"Fruit",101630
2815,17,"Fruit",152891
1211,10,"Sheepmeat",12835
1744,2,"Beef",63892
2806,27,"Sheepmeat",17139394
3099,15,"Forestry",4967306
2051,14,"Forestry",282260
2404,26,"Veges",155654
2310,8,"Sheepmeat",665263
1867,11,"Forestry",504112
1977,16,"Forestry",1244444
1651,8,"Sheepmeat",2014124
2897,26,"Veges",9694764
3089,10,"Sheepmeat",1785510
911,4,"Beef",24664
498,3,"Beef",39341
2423,28,"Sheepmeat",2670
2825,17,"Fruit",559234
501,8,"Sheepmeat",1555
1169,15,"Forestry",9665
2832,22,"Fruit",43319
714,3,"Beef",3412
2389,29,"Sheepmeat",3870
3106,1,"Dairy",4810716
1393,8,"Sheepmeat",2684
2882,22,"Fruit",35012
2904,19,"Fruit",38591
2083,4,"Beef",17297
3116,29,"Sheepmeat",22936446
2867,20,"Fruit",1056951
2316,28,"Sheepmeat",1629622
2862,21,"Fruit",175973
998,17,"Fruit",4643237
2994,18,"Fruit",910310
883,16,"Forestry",24781
3066,1,"Dairy",294373
2212,16,"Forestry",1601312
3156,29,"Sheepmeat",103490797
1031,11,"Forestry",3945
2271,24,"Veges",267408
1284,16,"Forestry",15053
384,27,"Sheepmeat",34730575
2767,12,"Forestry",7096
1930,4,"Beef",252195
3037,7,"Beef",537577
2413,28,"Sheepmeat",2244995
2909,1,"Dairy",294373
2956,10,"Sheepmeat",5800327
1958,9,"Sheepmeat",18731
1643,9,"Sheepmeat",107402
2771,4,"Beef",130724537
2584,24,"Veges",39391627
2373,4,"Beef",853423
1652,3,"Beef",34096
2833,2,"Beef",12266208
3057,4,"Beef",110829
2985,10,"Sheepmeat",26934
3140,9,"Sheepmeat",131996
3037,25,"Veges",1617411
2939,21,"Fruit",4323
2008,13,"Forestry",4678
60,10,"Sheepmeat",2471
211,9,"Sheepmeat",3822
803,4,"Beef",1168
2854,9,"Sheepmeat",277715
2947,10,"Sheepmeat",1222310
1284,8,"Sheepmeat",26594
2836,15,"Forestry",6580738
2598,2,"Beef",13044366
1397,24,"Veges",162984
1997,13,"Forestry",3313
3062,3,"Beef",41541122
1041,26,"Veges",3247057
763,29,"Sheepmeat",22998
1706,12,"Forestry",18944
1176,26,"Veges",71333
766,13,"Forestry",6276
2757,3,"Beef",4733176
1910,20,"Fruit",2162
295,3,"Beef",16519
2759,8,"Sheepmeat",14593054
2762,27,"Sheepmeat",32246881
2758,24,"Veges",1367347
3080,18,"Fruit",8105
2870,9,"Sheepmeat",85382312
2825,12,"Forestry",2960009
2819,8,"Sheepmeat",15693440
792,18,"Fruit",17270271
2325,3,"Beef",179510
2553,15,"Forestry",134199
1945,13,"Forestry",30130
2300,25,"Veges",39391627
3133,29,"Sheepmeat",104725337
2810,8,"Sheepmeat",13567173
1718,4,"Beef",1905
1891,4,"Beef",10719202
1020,8,"Sheepmeat",775045
2957,1,"Dairy",294373
3106,6,"Beef",135931
2402,18,"Fruit",214954
1111,3,"Beef",120392
1708,28,"Sheepmeat",3470
1337,8,"Sheepmeat",153036
3069,14,"Forestry",199803
1988,10,"Sheepmeat",327083
1515,16,"Forestry",513481
1893,27,"Sheepmeat",1651014
3152,19,"Fruit",14211042
2358,21,"Fruit",24875
1801,27,"Sheepmeat",54513
1507,17,"Fruit",17270271
3115,14,"Forestry",2004
2722,13,"Forestry",279927
2973,11,"Forestry",493333
1673,2,"Beef",5139
1246,9,"Sheepmeat",346850
2407,28,"Sheepmeat",303480
2386,4,"Beef",1633834
1098,28,"Sheepmeat",855112
1677,11,"Forestry",190850
1989,13,"Forestry",6552
1967,29,"Sheepmeat",3846123
123,16,"Forestry",1032
1785,27,"Sheepmeat",253066
290,27,"Sheepmeat",23910
2814,7,"Beef",25193
1347,29,"Sheepmeat",3188
3164,3,"Beef",42747656
2358,18,"Fruit",96430
3017,27,"Sheepmeat",135850
2161,12,"Forestry",18670
2914,11,"Forestry",2208088
3018,29,"Sheepmeat",5241
3112,28,"Sheepmeat",19689619
778,3,"Beef",62743
1290,23,"Veges",101947
2659,22,"Fruit",55676
2717,29,"Sheepmeat",52030
1872,15,"Forestry",24396
3083,11,"Forestry",2572114
574,23,"Veges",8803699
2212,8,"Sheepmeat",313773
2832,15,"Forestry",6580738
2077,28,"Sheepmeat",10120830
3004,11,"Forestry",801761
988,27,"Sheepmeat",21863
846,29,"Sheepmeat",11576993
1993,3,"Beef",556677
2879,9,"Sheepmeat",22418650
2469,10,"Sheepmeat",1713
833,20,"Fruit",4048319
2840,24,"Veges",31465611
2650,12,"Forestry",7096
1966,16,"Forestry",15753
2195,19,"Fruit",31406578
2941,13,"Forestry",133864
1691,16,"Forestry",3881848
1343,10,"Sheepmeat",4630
1232,16,"Forestry",26053
3133,17,"Fruit",701154
3063,16,"Forestry",34358110
2662,21,"Fruit",229926
689,28,"Sheepmeat",3812
761,9,"Sheepmeat",2010
1534,19,"Fruit",210068
2570,9,"Sheepmeat",193557
1246,11,"Forestry",1325
1502,12,"Forestry",3097
289,4,"Beef",22677
2749,2,"Beef",2054078
1269,27,"Sheepmeat",438562
2939,26,"Veges",2444624
2107,2,"Beef",718326
2829,4,"Beef",34853153
964,16,"Forestry",4492
2862,18,"Fruit",701154
1891,14,"Forestry",277472
1799,15,"Forestry",238593
1776,4,"Beef",411519
2557,16,"Forestry",3146864
2723,28,"Sheepmeat",388625
2808,24,"Veges",6083886
2827,24,"Veges",30789921
2871,22,"Fruit",121456
1083,10,"Sheepmeat",46802
2247,4,"Beef",6560
2800,20,"Fruit",2162
1362,3,"Beef",3662
921,26,"Veges",12023854
481,19,"Fruit",38023047
1500,22,"Fruit",18922
1553,1,"Dairy",3086512
3027,6,"Beef",8405
3046,1,"Dairy",6318043
2650,7,"Beef",25193
1020,3,"Beef",161702
3117,28,"Sheepmeat",9357583
1446,10,"Sheepmeat",26966
2550,27,"Sheepmeat",8320882
3106,27,"Sheepmeat",3667162
1909,20,"Fruit",2162
3163,8,"Sheepmeat",2148750
1038,16,"Forestry",532401
1632,9,"Sheepmeat",337632
1337,10,"Sheepmeat",16009
2986,10,"Sheepmeat",288048
927,29,"Sheepmeat",9653
2355,8,"Sheepmeat",1376
530,28,"Sheepmeat",1118445
1497,29,"Sheepmeat",722861
1634,28,"Sheepmeat",841114
3076,9,"Sheepmeat",404690
1227,8,"Sheepmeat",26594
669,16,"Forestry",1398
1891,11,"Forestry",3329332
1580,7,"Beef",25193
3037,29,"Sheepmeat",103545700
2193,17,"Fruit",7999
3102,6,"Beef",275924
1189,16,"Forestry",41318
473,15,"Forestry",11406
2321,8,"Sheepmeat",3774
1934,2,"Beef",7662
1282,15,"Forestry",322308
2944,4,"Beef",246203
2847,3,"Beef",54332
1133,16,"Forestry",1433
1865,8,"Sheepmeat",693641
2956,5,"Beef",8405
974,8,"Sheepmeat",3430
1275,29,"Sheepmeat",1519114
1032,20,"Fruit",146437
132,15,"Forestry",6043
2233,26,"Veges",721908
935,27,"Sheepmeat",18558
2011,29,"Sheepmeat",1352500
1339,2,"Beef",27971
1207,12,"Forestry",1526114
394,26,"Veges",16249987
1429,22,"Fruit",41769
1079,10,"Sheepmeat",1369328
2864,27,"Sheepmeat",118380017
3047,1,"Dairy",6318043
2945,24,"Veges",5192352
3073,13,"Forestry",3313
1172,27,"Sheepmeat",556796
1304,29,"Sheepmeat",1565701
979,27,"Sheepmeat",4433
874,11,"Forestry",12610
964,8,"Sheepmeat",97438567
3154,10,"Sheepmeat",14056930
1950,11,"Forestry",597156
1245,29,"Sheepmeat",32412131
2827,12,"Forestry",2960009
1078,27,"Sheepmeat",2556488
2315,27,"Sheepmeat",40733
2133,15,"Forestry",353059
104,3,"Beef",25131
3162,12,"Forestry",3175122
3055,3,"Beef",177286
1274,29,"Sheepmeat",110241
1825,14,"Forestry",15551
3138,3,"Beef",12562186
1456,19,"Fruit",28774
2412,12,"Forestry",608410
3051,13,"Forestry",197471
2843,12,"Forestry",3177321
1496,4,"Beef",631135
988,18,"Fruit",724551
2611,8,"Sheepmeat",1471
2923,18,"Fruit",16757
2602,15,"Forestry",1583
2213,28,"Sheepmeat",85697
3067,11,"Forestry",3175122
2413,10,"Sheepmeat",1603951
835,14,"Forestry",6487
1916,12,"Forestry",38572
3122,25,"Veges",25244887
1466,23,"Veges",59892
3154,25,"Veges",10764602
2195,1,"Dairy",6462576
3089,16,"Forestry",6249764
2400,28,"Sheepmeat",2588512
943,19,"Fruit",126118
2779,10,"Sheepmeat",87253246
3048,4,"Beef",14232032
2831,5,"Beef",8405
2577,12,"Forestry",90224
2137,29,"Sheepmeat",3269953
1161,9,"Sheepmeat",864732
1774,4,"Beef",2312951
1852,8,"Sheepmeat",483176
1855,29,"Sheepmeat",341312
1780,9,"Sheepmeat",12249
3063,11,"Forestry",1148503
2994,28,"Sheepmeat",1227
2904,25,"Veges",6083886
3143,5,"Beef",8405
2122,4,"Beef",2312951
833,29,"Sheepmeat",33120305
2317,12,"Forestry",121300
12,12,"Forestry",48863
2999,2,"Beef",273848
2633,11,"Forestry",3379146
2841,28,"Sheepmeat",34730575
1235,9,"Sheepmeat",31002
3099,1,"Dairy",6318043
384,23,"Veges",26257752
1695,27,"Sheepmeat",92415
1966,2,"Beef",618127
155,4,"Beef",81756
1642,11,"Forestry",11963
1239,28,"Sheepmeat",443253
2654,10,"Sheepmeat",25589329
1339,29,"Sheepmeat",445809
3097,13,"Forestry",193886
3023,27,"Sheepmeat",34730575
3102,3,"Beef",42363637
3153,19,"Fruit",12422914
844,24,"Veges",8417635
156,3,"Beef",25131
2527,9,"Sheepmeat",804813
2951,28,"Sheepmeat",966590
1855,10,"Sheepmeat",81460
2362,7,"Beef",25193
2466,3,"Beef",32738
1151,2,"Beef",59634
2972,9,"Sheepmeat",3645009
824,14,"Forestry",1675
3120,8,"Sheepmeat",24925396
2315,10,"Sheepmeat",28489
1017,27,"Sheepmeat",1874615
2092,28,"Sheepmeat",939662
2150,27,"Sheepmeat",1631716
1188,29,"Sheepmeat",2145395
1022,8,"Sheepmeat",9092
2027,15,"Forestry",40644
693,9,"Sheepmeat",1445
1437,10,"Sheepmeat",9631109
2085,9,"Sheepmeat",434954
3115,2,"Beef",2796486
2858,28,"Sheepmeat",102368
2758,4,"Beef",20782358
912,27,"Sheepmeat",9209
936,4,"Beef",178055
1876,27,"Sheepmeat",567955
2340,29,"Sheepmeat",189618
881,22,"Fruit",93047
1551,25,"Veges",12090250
1875,25,"Veges",1139741
2085,3,"Beef",263839
830,24,"Veges",3228837
2831,6,"Beef",8405
2855,9,"Sheepmeat",277715
714,29,"Sheepmeat",41103
416,29,"Sheepmeat",4175
366,27,"Sheepmeat",3436
2384,27,"Sheepmeat",297569
3043,14,"Forestry",192497
3131,13,"Forestry",242970
1375,4,"Beef",379462
1709,10,"Sheepmeat",3014
1996,15,"Forestry",28923
2813,13,"Forestry",197471
2901,19,"Fruit",665580
3132,24,"Veges",31412107
3151,9,"Sheepmeat",23394258
2908,29,"Sheepmeat",52929396
2788,26,"Veges",65726
2389,28,"Sheepmeat",1291
3159,8,"Sheepmeat",2541893
2819,22,"Fruit",15484
2094,28,"Sheepmeat",4805786
2764,11,"Forestry",2408658
3108,16,"Forestry",42526300
1692,13,"Forestry",8566
1808,29,"Sheepmeat",232489
3072,11,"Forestry",35441
573,28,"Sheepmeat",1118445
1898,27,"Sheepmeat",44577
3128,11,"Forestry",3175122
2502,29,"Sheepmeat",108967338
1951,11,"Forestry",97766
2222,8,"Sheepmeat",7022231
2128,11,"Forestry",2381
3136,28,"Sheepmeat",34512473
886,4,"Beef",6981
879,21,"Fruit",53861
2813,10,"Sheepmeat",14045189
962,21,"Fruit",303520
60,8,"Sheepmeat",2659
2397,16,"Forestry",567836
2939,10,"Sheepmeat",9348762
1224,19,"Fruit",272990
1001,10,"Sheepmeat",283369
1111,4,"Beef",365024
2606,21,"Fruit",203202
3120,9,"Sheepmeat",23145730
1865,12,"Forestry",12101
2867,6,"Beef",275924
907,29,"Sheepmeat",406141
573,14,"Forestry",5372
1430,25,"Veges",1252057
1578,13,"Forestry",242970
1962,9,"Sheepmeat",172825
1315,9,"Sheepmeat",25700
1392,12,"Forestry",30563
987,28,"Sheepmeat",2151278
1731,8,"Sheepmeat",4413
884,14,"Forestry",5805
1134,13,"Forestry",2004
612,4,"Beef",5241
1391,12,"Forestry",10328
1113,23,"Veges",992146
1017,8,"Sheepmeat",1448426
739,2,"Beef",1487
2807,19,"Fruit",38591
2035,2,"Beef",3944428
1662,12,"Forestry",3001
113,4,"Beef",1255
1538,29,"Sheepmeat",65420
1170,13,"Forestry",38842
2070,3,"Beef",17638
2350,2,"Beef",39341
2225,20,"Fruit",2162
1977,9,"Sheepmeat",884335
71,1,"Dairy",845322
974,10,"Sheepmeat",3187
284,25,"Veges",6466925
2823,12,"Forestry",2957793
151,9,"Sheepmeat",106272
2223,10,"Sheepmeat",6630545
2036,12,"Forestry",8669
2757,26,"Veges",61297
2049,20,"Fruit",2315
2839,5,"Beef",8405
2991,8,"Sheepmeat",27717329
2840,17,"Fruit",806709
1705,4,"Beef",6721
1186,12,"Forestry",1324450
2181,13,"Forestry",2906
1204,22,"Fruit",4197
2046,15,"Forestry",576027
1990,29,"Sheepmeat",1363789
2890,8,"Sheepmeat",18656013
2877,15,"Forestry",6805387
1058,8,"Sheepmeat",2638540
2891,12,"Forestry",2943512
997,19,"Fruit",17418970
1994,16,"Forestry",39347
3110,24,"Veges",21281725
2386,12,"Forestry",41983
2995,24,"Veges",62472240
2902,24,"Veges",318661
1940,28,"Sheepmeat",419082
1514,2,"Beef",338939
2091,29,"Sheepmeat",2390200
2230,8,"Sheepmeat",111504
2758,2,"Beef",6878338
1865,11,"Forestry",12101
2959,24,"Veges",3204489
1081,3,"Beef",2017
1870,9,"Sheepmeat",582678
2913,12,"Forestry",2208088
1241,14,"Forestry",2442
1345,8,"Sheepmeat",11385
924,4,"Beef",9958
2863,22,"Fruit",43319
1225,28,"Sheepmeat",1356806
1414,29,"Sheepmeat",28700
2831,18,"Fruit",701154
1242,4,"Beef",2222621
3001,12,"Forestry",1952848
3086,4,"Beef",2838411
2008,27,"Sheepmeat",5124763
2989,8,"Sheepmeat",868111
1577,4,"Beef",39270225
2337,16,"Forestry",50885
763,16,"Forestry",30257
1211,9,"Sheepmeat",12835
1148,12,"Forestry",35441
1874,16,"Forestry",346253
980,12,"Forestry",274604
2832,13,"Forestry",242970
2033,19,"Fruit",1377194
558,20,"Fruit",32779
3132,18,"Fruit",701154
1917,4,"Beef",1170
3129,8,"Sheepmeat",26567536
1423,8,"Sheepmeat",67403
3112,16,"Forestry",75892678
1274,3,"Beef",33431
3082,12,"Forestry",16889
2793,10,"Sheepmeat",5398519
1897,13,"Forestry",277472
194,10,"Sheepmeat",3822
2227,12,"Forestry",1653
2775,6,"Beef",275924
2762,18,"Fruit",1581369
1438,3,"Beef",4517462
2578,11,"Forestry",34239
2346,8,"Sheepmeat",1471
1224,24,"Veges",565834
807,19,"Fruit",38023047
2619,28,"Sheepmeat",55655
608,27,"Sheepmeat",14383
2238,4,"Beef",14282
3013,27,"Sheepmeat",2033
1803,15,"Forestry",130272
1208,12,"Forestry",678368
1070,29,"Sheepmeat",8255
797,4,"Beef",18219
2768,29,"Sheepmeat",109623940
2914,25,"Veges",6083886
2105,11,"Forestry",16889
149,24,"Veges",2460
2312,2,"Beef",14023
2500,2,"Beef",12703940
2309,29,"Sheepmeat",2745541
899,25,"Veges",709778
2863,6,"Beef",8405
2776,9,"Sheepmeat",86806787
3033,2,"Beef",12476354
1879,3,"Beef",706858
2946,16,"Forestry",1992980
750,16,"Forestry",108580
2392,26,"Veges",16538
1375,10,"Sheepmeat",118329
2889,10,"Sheepmeat",17181728
2161,9,"Sheepmeat",3971
2521,26,"Veges",2653006
2317,29,"Sheepmeat",2274548
2349,29,"Sheepmeat",379456
2674,17,"Fruit",2951289
789,9,"Sheepmeat",25724
2499,3,"Beef",12703940
3099,12,"Forestry",2408658
3130,29,"Sheepmeat",104221967
1844,28,"Sheepmeat",374646
2983,27,"Sheepmeat",1778
1556,28,"Sheepmeat",7867281
1015,4,"Beef",702169
1748,11,"Forestry",3971
3052,16,"Forestry",75792958
2150,25,"Veges",162984
445,8,"Sheepmeat",5955
1515,27,"Sheepmeat",550199
846,24,"Veges",7280775
1775,10,"Sheepmeat",582468
2831,15,"Forestry",6578197
2912,26,"Veges",2512069
2133,29,"Sheepmeat",7287107
1263,27,"Sheepmeat",30635
1696,9,"Sheepmeat",1579736
2650,20,"Fruit",114997
1374,15,"Forestry",63247
1307,16,"Forestry",107225
861,19,"Fruit",34911
1189,4,"Beef",607052
3132,9,"Sheepmeat",24484883
2440,15,"Forestry",471286
1000,25,"Veges",6455240
1677,3,"Beef",63268
2508,4,"Beef",247056
1627,4,"Beef",389733
958,27,"Sheepmeat",32930
3159,4,"Beef",2586313
1432,25,"Veges",177668
2831,17,"Fruit",701154
1206,3,"Beef",1828611
2986,11,"Forestry",46952
1114,12,"Forestry",21443
1435,4,"Beef",34231328
1877,3,"Beef",258294
2439,9,"Sheepmeat",1546177
1058,13,"Forestry",54084
1388,4,"Beef",23981
1849,3,"Beef",3389
1215,29,"Sheepmeat",24839545
1788,8,"Sheepmeat",274915
2315,8,"Sheepmeat",30658
832,2,"Beef",11557620
1228,16,"Forestry",39347
3062,18,"Fruit",12250669
1398,13,"Forestry",6149
2221,2,"Beef",50594
1676,4,"Beef",369738
2847,18,"Fruit",38911208
211,25,"Veges",12090250
2884,17,"Fruit",559234
3142,17,"Fruit",806709
1215,13,"Forestry",133096
832,22,"Fruit",955841
1035,12,"Forestry",41983
1551,3,"Beef",13117972
2903,3,"Beef",605430
931,12,"Forestry",2205
3054,2,"Beef",6161540
2922,17,"Fruit",16757
1068,10,"Sheepmeat",1713
2237,15,"Forestry",41793
2597,7,"Beef",25193
1124,2,"Beef",1345
1656,9,"Sheepmeat",99210
2416,28,"Sheepmeat",425690
1658,27,"Sheepmeat",1365361
1427,10,"Sheepmeat",63611
1291,13,"Forestry",2799
2939,18,"Fruit",16757
1666,8,"Sheepmeat",5517
3010,3,"Beef",12978
2904,15,"Forestry",4744941
2887,4,"Beef",277934
2267,20,"Fruit",27823
1797,3,"Beef",95269
2389,2,"Beef",1291
2897,27,"Sheepmeat",20172436
2789,14,"Forestry",64699
1998,13,"Forestry",4678
2775,29,"Sheepmeat",367006153
2388,14,"Forestry",2139
1435,27,"Sheepmeat",34096284
1261,10,"Sheepmeat",13530
5,14,"Forestry",11821
995,3,"Beef",658244
2022,2,"Beef",169717
1368,8,"Sheepmeat",7442
1174,27,"Sheepmeat",52201
714,8,"Sheepmeat",4889
2816,2,"Beef",6585681
581,21,"Fruit",24661
1372,2,"Beef",160337
1430,24,"Veges",1252057
2166,3,"Beef",17010
2998,27,"Sheepmeat",120022
3063,19,"Fruit",24179322
3163,13,"Forestry",31519
1806,12,"Forestry",190850
3104,1,"Dairy",4810716
334,16,"Forestry",1571
778,8,"Sheepmeat",121973
1239,4,"Beef",260049
1964,28,"Sheepmeat",511571
3157,16,"Forestry",45377869
3017,28,"Sheepmeat",135850
14,4,"Beef",104998
309,25,"Veges",58799626
86,17,"Fruit",105555
2891,23,"Veges",25508352
1191,25,"Veges",223996
3043,10,"Sheepmeat",23214236
1297,27,"Sheepmeat",515635
2504,8,"Sheepmeat",121973
1048,23,"Veges",1678736
35,9,"Sheepmeat",3458
1809,28,"Sheepmeat",131433
2435,18,"Fruit",49780
1393,28,"Sheepmeat",3470
1572,23,"Veges",26257752
2919,27,"Sheepmeat",16712465
3126,26,"Veges",12990555
523,2,"Beef",3501
1899,9,"Sheepmeat",75666
2223,14,"Forestry",167840
1888,27,"Sheepmeat",9371352
888,1,"Dairy",41127
3153,21,"Fruit",11873221
3102,23,"Veges",1843009
1379,16,"Forestry",371544
760,2,"Beef",2133
3145,25,"Veges",31465611
1261,8,"Sheepmeat",14560
3043,11,"Forestry",2408658
595,29,"Sheepmeat",379456
1391,3,"Beef",163289
1239,16,"Forestry",1456712
2790,24,"Veges",366120
3084,16,"Forestry",640848
2880,24,"Veges",31290925
2136,8,"Sheepmeat",861079
2429,10,"Sheepmeat",1169
1,12,"Forestry",107798
1782,2,"Beef",35749
1694,12,"Forestry",30563
2913,19,"Fruit",38591
2413,12,"Forestry",597156
71,14,"Forestry",19825
2766,24,"Veges",25244887
2914,6,"Beef",8405
2905,2,"Beef",6013399
2246,8,"Sheepmeat",7179916
1821,9,"Sheepmeat",83217
3041,8,"Sheepmeat",26088577
612,26,"Veges",2670390
3117,1,"Dairy",6318043
1799,3,"Beef",4762
1491,8,"Sheepmeat",5049
3116,1,"Dairy",6318043
1576,26,"Veges",13005315
1493,4,"Beef",148927
1706,10,"Sheepmeat",976675
1534,13,"Forestry",5372
1469,8,"Sheepmeat",8176
2553,12,"Forestry",61356
2726,4,"Beef",454903
2766,4,"Beef",34640648
962,4,"Beef",474323
2798,14,"Forestry",129517
2021,19,"Fruit",880182
2920,29,"Sheepmeat",48756544
2841,9,"Sheepmeat",24784517
2106,3,"Beef",730141
2745,25,"Veges",6375623
1250,12,"Forestry",2679207
2070,16,"Forestry",2098239
2787,12,"Forestry",235512
1427,27,"Sheepmeat",91970
1629,24,"Veges",2460
3140,22,"Fruit",6805
2000,8,"Sheepmeat",1919861
2917,27,"Sheepmeat",36647
2187,29,"Sheepmeat",4897042
839,23,"Veges",53605897
3099,13,"Forestry",192497
1826,2,"Beef",13204
1851,16,"Forestry",403152
1208,15,"Forestry",1382139
1389,3,"Beef",4120
2931,4,"Beef",17793407
2830,10,"Sheepmeat",22630971
2409,9,"Sheepmeat",308522
1431,11,"Forestry",801761
2359,8,"Sheepmeat",961088
1578,27,"Sheepmeat",34730575
2281,11,"Forestry",122576
1465,3,"Beef",29718
1549,22,"Fruit",57561
3009,10,"Sheepmeat",6710
799,29,"Sheepmeat",1601
2127,29,"Sheepmeat",7267016
2240,2,"Beef",240823
65,20,"Fruit",20224
1825,12,"Forestry",173893
610,8,"Sheepmeat",4889
2662,4,"Beef",40355453
1431,27,"Sheepmeat",34106518
2394,13,"Forestry",3941
1344,12,"Forestry",110484
1251,12,"Forestry",1653
1693,11,"Forestry",129735
1633,8,"Sheepmeat",657425
2134,9,"Sheepmeat",365994
744,16,"Forestry",12624
1187,4,"Beef",407412
1104,18,"Fruit",38268
2301,26,"Veges",4987858
3096,18,"Fruit",511307
926,27,"Sheepmeat",421185
1059,27,"Sheepmeat",44234
868,23,"Veges",30549
979,9,"Sheepmeat",3187
1488,3,"Beef",782003
86,29,"Sheepmeat",638611
3147,8,"Sheepmeat",26849218
1585,20,"Fruit",114997
285,29,"Sheepmeat",3834
3132,23,"Veges",26202404
2195,4,"Beef",21211
851,2,"Beef",845469
3030,22,"Fruit",43319
2811,10,"Sheepmeat",12435567
2743,29,"Sheepmeat",17569
3061,13,"Forestry",60195
1269,9,"Sheepmeat",312828
2011,10,"Sheepmeat",324375
601,29,"Sheepmeat",41103
2030,27,"Sheepmeat",64003
1940,27,"Sheepmeat",419082
1498,4,"Beef",1168
1207,9,"Sheepmeat",5214257
2885,22,"Fruit",35012
1110,14,"Forestry",2484
1909,27,"Sheepmeat",10184833
1990,27,"Sheepmeat",454974
2167,29,"Sheepmeat",23045
3043,26,"Veges",7804406
669,28,"Sheepmeat",26260
917,2,"Beef",3740636
1251,11,"Forestry",1653
2841,19,"Fruit",1775911
922,16,"Forestry",75781845
2751,10,"Sheepmeat",4717533
920,24,"Veges",29479873
2814,5,"Beef",8405
3099,22,"Fruit",83797
1946,29,"Sheepmeat",707484
2373,27,"Sheepmeat",2140781
1017,9,"Sheepmeat",1344039
2692,27,"Sheepmeat",34730575
1806,2,"Beef",63268
3069,17,"Fruit",5987234
2462,19,"Fruit",109383
3095,14,"Forestry",192497
2647,16,"Forestry",1777719
2827,22,"Fruit",35012
2896,9,"Sheepmeat",42352
2613,8,"Sheepmeat",8418
104,16,"Forestry",1032
2865,11,"Forestry",1148503
2594,4,"Beef",40355453
1835,25,"Veges",287924
2868,17,"Fruit",4568588
1321,29,"Sheepmeat",268954
2805,24,"Veges",6083886
3003,10,"Sheepmeat",1557925
1924,29,"Sheepmeat",28637029
1835,12,"Forestry",1325
1391,15,"Forestry",20822
2783,9,"Sheepmeat",2486815
2216,10,"Sheepmeat",36963
3118,14,"Forestry",5317
2841,16,"Forestry",235432749
1809,12,"Forestry",204420
1984,27,"Sheepmeat",193222
2556,10,"Sheepmeat",800585
1015,3,"Beef",234251
2565,10,"Sheepmeat",26217
3061,24,"Veges",14218114
2149,16,"Forestry",3491377
1205,10,"Sheepmeat",5236510
2549,23,"Veges",827090
1806,13,"Forestry",17236
1949,2,"Beef",14839
957,21,"Fruit",154060
624,16,"Forestry",171823062
12,9,"Sheepmeat",655918
907,2,"Beef",39566
1320,8,"Sheepmeat",921329
3045,5,"Beef",178929
1516,12,"Forestry",123159
2282,13,"Forestry",10648
2274,13,"Forestry",2139
2970,2,"Beef",2235330
727,17,"Fruit",7999
1333,16,"Forestry",170948
71,18,"Fruit",1121196
2884,3,"Beef",9125477
2110,29,"Sheepmeat",9828946
1320,16,"Forestry",5339698
1769,2,"Beef",47628
2815,19,"Fruit",337722
1545,12,"Forestry",1141
531,20,"Fruit",13366
1645,16,"Forestry",22693
1990,8,"Sheepmeat",351982
1818,11,"Forestry",9603
2437,11,"Forestry",2143621
3087,27,"Sheepmeat",513734
2799,14,"Forestry",133864
799,4,"Beef",1601
1823,14,"Forestry",5840
625,16,"Forestry",171823062
2902,21,"Fruit",22032
66,12,"Forestry",240667
949,2,"Beef",45497
2859,29,"Sheepmeat",888758
2909,24,"Veges",6083886
1660,27,"Sheepmeat",167266
2426,6,"Beef",2952
3138,23,"Veges",26257752
2220,11,"Forestry",2497
2824,27,"Sheepmeat",26117008
294,27,"Sheepmeat",23910
2432,10,"Sheepmeat",18470
391,26,"Veges",13005315
1012,21,"Fruit",239494
2554,28,"Sheepmeat",1839505
1757,29,"Sheepmeat",112035
2767,18,"Fruit",659777
2805,2,"Beef",5892201
2938,13,"Forestry",22903
785,4,"Beef",56762
2780,2,"Beef",42729469
3000,22,"Fruit",306080
2942,15,"Forestry",3327733
52,2,"Beef",4387240
848,2,"Beef",1196441
1511,25,"Veges",6455240
2393,10,"Sheepmeat",1701554
2958,15,"Forestry",1807559
1146,20,"Fruit",20224
2285,13,"Forestry",22639
1054,12,"Forestry",293957
1447,22,"Fruit",60695
2797,15,"Forestry",3312553
2285,8,"Sheepmeat",195199
2980,14,"Forestry",18342
2016,2,"Beef",407381
1059,25,"Veges",468428
2874,26,"Veges",12492538
950,24,"Veges",318661
1042,20,"Fruit",405726
691,10,"Sheepmeat",104828
1899,28,"Sheepmeat",105252
1419,28,"Sheepmeat",43039
1863,28,"Sheepmeat",1710836
1775,15,"Forestry",127481
1698,27,"Sheepmeat",1894800
2385,15,"Forestry",438406
1676,13,"Forestry",22639
1349,11,"Forestry",22818
2077,20,"Fruit",2162
2842,20,"Fruit",101630
1973,10,"Sheepmeat",598406
2033,7,"Beef",71911
2942,7,"Beef",25193
3023,2,"Beef",12703940
2667,21,"Fruit",229926
1483,22,"Fruit",54540
1955,27,"Sheepmeat",1482521
1289,11,"Forestry",15555
2133,16,"Forestry",5031241
1667,2,"Beef",302556
1058,16,"Forestry",19818626
1874,25,"Veges",1139741
881,25,"Veges",30902459
2164,27,"Sheepmeat",15605
1625,12,"Forestry",8437
3130,10,"Sheepmeat",24526579
1008,16,"Forestry",38669
1554,25,"Veges",12090250
3039,3,"Beef",11477829
848,11,"Forestry",364650
1221,27,"Sheepmeat",167493
3108,28,"Sheepmeat",6083491
149,3,"Beef",7463
1770,3,"Beef",24454
2760,28,"Sheepmeat",18822492
1987,3,"Beef",59522
1693,13,"Forestry",8566
1888,10,"Sheepmeat",6724507
2166,16,"Forestry",240436
2920,12,"Forestry",2143621
1080,27,"Sheepmeat",5164085
2722,29,"Sheepmeat",31424849
2218,27,"Sheepmeat",29423
2724,5,"Beef",19067
2032,27,"Sheepmeat",6497980
2630,3,"Beef",15903
2216,14,"Forestry",1129
1825,4,"Beef",146803
2233,24,"Veges",1751349
2766,15,"Forestry",5231451
1011,10,"Sheepmeat",86992
2728,11,"Forestry",28892
2822,21,"Fruit",135768
2760,29,"Sheepmeat",56613551
2317,28,"Sheepmeat",758437
510,29,"Sheepmeat",1601
2212,17,"Fruit",12663
1322,29,"Sheepmeat",3298
3038,1,"Dairy",6318043
2908,15,"Forestry",4504936
1829,12,"Forestry",420348
845,29,"Sheepmeat",24632
3051,23,"Veges",3429580
982,9,"Sheepmeat",77611
2028,28,"Sheepmeat",3628328
1081,29,"Sheepmeat",9266
918,2,"Beef",3660823
2791,10,"Sheepmeat",4530209
1119,16,"Forestry",28373
1715,26,"Veges",395876
2920,24,"Veges",6083886
2357,9,"Sheepmeat",3187
2748,12,"Forestry",3097
2195,10,"Sheepmeat",4630
3151,15,"Forestry",6555264
1160,4,"Beef",77681
1469,3,"Beef",10568
905,19,"Fruit",189207
2991,12,"Forestry",3285119
414,29,"Sheepmeat",41103
1526,28,"Sheepmeat",420511
1976,29,"Sheepmeat",3716071
3081,24,"Veges",286091
528,1,"Dairy",6462576
2907,9,"Sheepmeat",12479232
2832,8,"Sheepmeat",26076997
1214,27,"Sheepmeat",8340622
1110,8,"Sheepmeat",1110933
1112,16,"Forestry",5179
299,17,"Fruit",17270271
2600,15,"Forestry",1583
534,27,"Sheepmeat",1124326
2606,27,"Sheepmeat",34730575
66,5,"Beef",23083
1534,16,"Forestry",3138552
1875,23,"Veges",1179032
1713,29,"Sheepmeat",457782
1815,2,"Beef",5281
3162,1,"Dairy",294373
2889,9,"Sheepmeat",17181728
1892,2,"Beef",25131
1774,10,"Sheepmeat",2287051
497,12,"Forestry",2412
2565,2,"Beef",37663
2819,21,"Fruit",57632
1841,2,"Beef",314089
618,14,"Forestry",248343
736,24,"Veges",141747114
1566,28,"Sheepmeat",1228
560,17,"Fruit",103601
2427,18,"Fruit",912649
2118,9,"Sheepmeat",5060293
1687,29,"Sheepmeat",10318
1825,15,"Forestry",351716
2209,10,"Sheepmeat",830648
1211,24,"Veges",128206
1187,10,"Sheepmeat",1087583
1240,29,"Sheepmeat",1575
1294,9,"Sheepmeat",567614
2849,16,"Forestry",6676
1567,8,"Sheepmeat",7395
2527,15,"Forestry",1583
1246,2,"Beef",117738
1373,29,"Sheepmeat",21329
2189,9,"Sheepmeat",150714
2812,28,"Sheepmeat",18722609
2359,9,"Sheepmeat",893101
1872,8,"Sheepmeat",522901
1570,16,"Forestry",17812
960,21,"Fruit",203452
979,2,"Beef",4433
2275,3,"Beef",19988
872,18,"Fruit",79716
2832,3,"Beef",12206644
2199,15,"Forestry",766081
2844,8,"Sheepmeat",26849218
3072,3,"Beef",369017
1831,29,"Sheepmeat",2116289
914,3,"Beef",11595
2650,4,"Beef",40602510
2667,5,"Beef",8405
1324,20,"Fruit",2162
1033,23,"Veges",946645
2662,10,"Sheepmeat",25589329
3166,6,"Beef",275924
271,27,"Sheepmeat",14383
2146,8,"Sheepmeat",29420
1219,14,"Forestry",50533
3162,19,"Fruit",1543973
2429,29,"Sheepmeat",4875
2995,28,"Sheepmeat",58529
2948,29,"Sheepmeat",26400
2233,28,"Sheepmeat",786531
2150,14,"Forestry",22903
2809,15,"Forestry",4504936
1865,26,"Veges",721908
2982,29,"Sheepmeat",12637554
524,28,"Sheepmeat",14383
1446,28,"Sheepmeat",38620
994,18,"Fruit",576596
2747,27,"Sheepmeat",1779727
1036,23,"Veges",151173
917,11,"Forestry",3379146
1141,3,"Beef",64253
1097,14,"Forestry",17015
2324,28,"Sheepmeat",1276056
416,4,"Beef",4175
2898,14,"Forestry",197471
983,27,"Sheepmeat",49242
2386,26,"Veges",58965
3008,23,"Veges",26363199
2314,25,"Veges",286091
1631,29,"Sheepmeat",1414553
1631,2,"Beef",64230
1453,24,"Veges",41255
1867,2,"Beef",796699
3056,26,"Veges",1421230
1553,2,"Beef",13130728
2280,28,"Sheepmeat",1186348
2723,22,"Fruit",16763
915,4,"Beef",1378654
1398,29,"Sheepmeat",1094315
1577,7,"Beef",25193
1204,13,"Forestry",131588
2537,15,"Forestry",1583
2826,14,"Forestry",227601
2030,26,"Veges",1765
962,23,"Veges",4419249
928,20,"Fruit",11109
2325,8,"Sheepmeat",185788
2919,13,"Forestry",168950
1635,3,"Beef",189622
963,28,"Sheepmeat",151101
2028,29,"Sheepmeat",10903674
2912,16,"Forestry",64853362
1474,16,"Forestry",792963
1866,24,"Veges",81225
2092,4,"Beef",318703
846,22,"Fruit",19528
3150,11,"Forestry",3167163
3083,24,"Veges",2470194
2323,7,"Beef",537577
2880,18,"Fruit",559234
1214,8,"Sheepmeat",6434770
1766,28,"Sheepmeat",202828
2312,12,"Forestry",2002
1468,13,"Forestry",1388
1536,27,"Sheepmeat",45238
2818,26,"Veges",9694764
2510,17,"Fruit",17270271
2221,27,"Sheepmeat",158340
2937,20,"Fruit",2162
768,26,"Veges",304535
691,18,"Fruit",105555
955,27,"Sheepmeat",29797
538,2,"Beef",340426
2853,10,"Sheepmeat",277715
2880,6,"Beef",8405
2442,14,"Forestry",10374
1653,4,"Beef",369562
1035,29,"Sheepmeat",3837980
1552,8,"Sheepmeat",124550
1467,12,"Forestry",14346
2538,2,"Beef",4967574
930,25,"Veges",2504809
2438,19,"Fruit",682656
2800,26,"Veges",2512069
3066,28,"Sheepmeat",34140166
1167,27,"Sheepmeat",574754
3097,10,"Sheepmeat",23281106
2427,24,"Veges",1253157
2895,4,"Beef",20778968
3041,24,"Veges",22936181
2110,2,"Beef",718326
982,16,"Forestry",21087
1113,28,"Sheepmeat",93016
2830,22,"Fruit",35012
834,2,"Beef",13299
1484,19,"Fruit",462116
935,24,"Veges",81395
1437,25,"Veges",86970
1087,14,"Forestry",18288
1089,28,"Sheepmeat",127354
1158,26,"Veges",165578
3054,25,"Veges",6083886
1424,27,"Sheepmeat",20456
86,2,"Beef",141754
2338,3,"Beef",393708
2880,1,"Dairy",294373
2914,26,"Veges",2512069
2992,27,"Sheepmeat",1227
3001,26,"Veges",21577382
1642,16,"Forestry",342397
1503,10,"Sheepmeat",118014
1036,24,"Veges",146136
9,12,"Forestry",107798
1044,29,"Sheepmeat",3038129
1686,16,"Forestry",1139620
2715,3,"Beef",16519
939,27,"Sheepmeat",9057
1826,16,"Forestry",4645788
235,19,"Fruit",31406578
2823,19,"Fruit",1230588
2335,27,"Sheepmeat",331552
198,27,"Sheepmeat",6392
2940,13,"Forestry",156767
2889,25,"Veges",30741184
1050,23,"Veges",846140
2380,15,"Forestry",468028
1716,9,"Sheepmeat",5243
1380,26,"Veges",721908
136,19,"Fruit",231939
1043,26,"Veges",1606053
1048,22,"Fruit",29257
2765,17,"Fruit",2387564
3107,10,"Sheepmeat",1924631
1483,2,"Beef",1757
305,15,"Forestry",17286
3122,8,"Sheepmeat",26984356
2647,3,"Beef",89682
1976,16,"Forestry",800442
1552,29,"Sheepmeat",109547155
2823,24,"Veges",30741184
903,27,"Sheepmeat",61335
2094,11,"Forestry",26037
1848,9,"Sheepmeat",34737
2504,27,"Sheepmeat",36020282
2273,24,"Veges",7280775
1125,27,"Sheepmeat",8860778
1909,4,"Beef",10612657
2756,1,"Dairy",6318043
3162,3,"Beef",12532932
2997,24,"Veges",59037931
2801,7,"Beef",25193
2475,27,"Sheepmeat",191842
2386,8,"Sheepmeat",951655
2109,29,"Sheepmeat",9803776
1478,16,"Forestry",1192
1714,26,"Veges",1177912
956,24,"Veges",415891
1774,8,"Sheepmeat",2461152
1895,9,"Sheepmeat",125213
2743,18,"Fruit",2942782
1456,9,"Sheepmeat",119789
1089,29,"Sheepmeat",381745
74,27,"Sheepmeat",7994
3093,3,"Beef",42541299
1215,22,"Fruit",33602
1355,11,"Forestry",11819
1251,28,"Sheepmeat",339423
687,19,"Fruit",231939
892,20,"Fruit",30845
2148,8,"Sheepmeat",742610
3025,12,"Forestry",3177321
1438,27,"Sheepmeat",12479008
1779,27,"Sheepmeat",8154
1516,29,"Sheepmeat",746155
136,4,"Beef",372160
1869,24,"Veges",1751349
694,29,"Sheepmeat",22086
995,8,"Sheepmeat",182099
2180,12,"Forestry",11819
2568,12,"Forestry",96574
2108,2,"Beef",718326
2423,29,"Sheepmeat",8005
2550,11,"Forestry",1556115
2329,29,"Sheepmeat",107726
1016,27,"Sheepmeat",61840
2769,4,"Beef",41592235
2693,13,"Forestry",242970
1041,23,"Veges",8134364
2754,3,"Beef",4117521
2750,3,"Beef",2799147
2415,28,"Sheepmeat",940879
1553,25,"Veges",12090250
1690,10,"Sheepmeat",1737732
1033,8,"Sheepmeat",305741
1696,12,"Forestry",113635
2027,16,"Forestry",614819
2852,27,"Sheepmeat",1582665
1976,11,"Forestry",27353
3099,25,"Veges",13117415
949,28,"Sheepmeat",55617
2823,4,"Beef",28158956
1092,27,"Sheepmeat",86702
2833,3,"Beef",12266208
1834,3,"Beef",86755
79,10,"Sheepmeat",2471
2047,28,"Sheepmeat",1193
2813,22,"Fruit",1080
2017,16,"Forestry",9373776
1339,14,"Forestry",2019
1554,4,"Beef",40693140
1187,9,"Sheepmeat",1087583
1069,17,"Fruit",25839
2270,15,"Forestry",35904
2728,13,"Forestry",2658
2812,24,"Veges",6083886
3123,28,"Sheepmeat",33785948
2966,9,"Sheepmeat",562237
2341,4,"Beef",849802
1040,19,"Fruit",1045113
2787,24,"Veges",159978
1496,10,"Sheepmeat",610954
2223,11,"Forestry",1990310
2568,3,"Beef",581199
882,16,"Forestry",24781
1134,16,"Forestry",655604
2248,14,"Forestry",167840
2405,27,"Sheepmeat",1982298
1637,29,"Sheepmeat",810636
1846,3,"Beef",7530
3038,10,"Sheepmeat",24539122
26,16,"Forestry",15515
897,20,"Fruit",3465
3076,27,"Sheepmeat",564000
2771,20,"Fruit",1634
2273,9,"Sheepmeat",2741951
2597,22,"Fruit",55676
991,8,"Sheepmeat",712025
2413,8,"Sheepmeat",1728193
3120,1,"Dairy",6318043
2243,29,"Sheepmeat",7223107
1621,29,"Sheepmeat",2632
2318,25,"Veges",32924701
156,9,"Sheepmeat",25724
2808,15,"Forestry",4499360
1864,9,"Sheepmeat",689161
1217,12,"Forestry",678368
3056,28,"Sheepmeat",10733652
2983,9,"Sheepmeat",1279
1309,8,"Sheepmeat",6433
647,12,"Forestry",107798
988,19,"Fruit",1593285
2766,23,"Veges",26638707
1782,25,"Veges",378135
1233,27,"Sheepmeat",2303754
2922,25,"Veges",6083886
2212,11,"Forestry",54718
1531,16,"Forestry",3641
2551,9,"Sheepmeat",5236510
1534,20,"Fruit",12334
2873,18,"Fruit",1442840
519,16,"Forestry",171522588
1852,9,"Sheepmeat",447055
576,21,"Fruit",24661
1977,12,"Forestry",41983
2824,10,"Sheepmeat",18627082
846,18,"Fruit",302905
123,3,"Beef",25131
920,17,"Fruit",11051912
2397,11,"Forestry",78366
1741,29,"Sheepmeat",60680
1346,15,"Forestry",27784
3131,19,"Fruit",1543973
2914,24,"Veges",6083886
1034,21,"Fruit",71391
2284,13,"Forestry",10648
921,1,"Dairy",6318043
2335,29,"Sheepmeat",996826
2344,27,"Sheepmeat",275925
1302,28,"Sheepmeat",26959
1519,18,"Fruit",14260205
1132,2,"Beef",418236
1993,2,"Beef",556677
1694,8,"Sheepmeat",502261
2752,6,"Beef",178929
905,14,"Forestry",5372
52,16,"Forestry",4089540
622,16,"Forestry",171933751
1116,27,"Sheepmeat",17854
2867,27,"Sheepmeat",118731785
594,2,"Beef",3596
1321,8,"Sheepmeat",66915
1615,2,"Beef",1748
2873,23,"Veges",2814032
1300,10,"Sheepmeat",559167
1131,16,"Forestry",35375
692,4,"Beef",1020
2926,29,"Sheepmeat",48452471
2794,11,"Forestry",889597
768,23,"Veges",761291
1996,21,"Fruit",178726
3012,25,"Veges",6520107
2674,23,"Veges",94450
1697,16,"Forestry",693692
3117,14,"Forestry",5317
1208,24,"Veges",331099
1106,26,"Veges",394645
2163,2,"Beef",15605
833,21,"Fruit",8161208
937,9,"Sheepmeat",176368
3152,27,"Sheepmeat",2033
2410,9,"Sheepmeat",1445
3152,22,"Fruit",165086
1585,3,"Beef",13044366
1084,3,"Beef",535067
1036,13,"Forestry",3919
928,13,"Forestry",5372
573,9,"Sheepmeat",800585
66,13,"Forestry",16814
2823,10,"Sheepmeat",18383318
1287,2,"Beef",11159
1847,16,"Forestry",9356
2586,22,"Fruit",55676
2954,3,"Beef",537350
2973,27,"Sheepmeat",5089899
758,29,"Sheepmeat",1400
2436,25,"Veges",6083886
3101,19,"Fruit",1177489
64,6,"Beef",23083
2618,8,"Sheepmeat",43056
520,15,"Forestry",11406
1514,27,"Sheepmeat",1118445
1060,24,"Veges",468428
1697,15,"Forestry",46188
1474,9,"Sheepmeat",301263
1259,4,"Beef",1085415
1709,27,"Sheepmeat",4193
1265,27,"Sheepmeat",294335
2386,24,"Veges",146136
1868,10,"Sheepmeat",471954
752,28,"Sheepmeat",1291
99,3,"Beef",2697
2078,2,"Beef",45982
1300,19,"Fruit",1540
1775,4,"Beef",431085
2987,15,"Forestry",6805387
905,2,"Beef",169157
1241,3,"Beef",40509
2942,4,"Beef",15861755
1818,29,"Sheepmeat",661154
3031,4,"Beef",38743930
2870,7,"Beef",836800
1248,23,"Veges",1560829
1661,28,"Sheepmeat",598419
2827,26,"Veges",12725704
1003,23,"Veges",62615
1214,11,"Forestry",1556115
964,23,"Veges",1955018
1889,11,"Forestry",383803
2918,9,"Sheepmeat",12468
2249,3,"Beef",143589
1058,9,"Sheepmeat",2444075
1177,9,"Sheepmeat",295215
2600,8,"Sheepmeat",8418
1656,16,"Forestry",22322
1386,16,"Forestry",11714
1780,27,"Sheepmeat",19371
1711,14,"Forestry",2521
1707,12,"Forestry",132861
1859,4,"Beef",105880
2785,16,"Forestry",6900067
2857,29,"Sheepmeat",272576
846,21,"Fruit",78136
2883,10,"Sheepmeat",1099744
2757,25,"Veges",148127
1991,27,"Sheepmeat",718219
1457,15,"Forestry",2868
2380,9,"Sheepmeat",553776
2934,27,"Sheepmeat",211668
343,3,"Beef",3501
2937,1,"Dairy",294373
1988,28,"Sheepmeat",454974
2352,3,"Beef",162340
1925,28,"Sheepmeat",9470714
1224,8,"Sheepmeat",67208
2958,23,"Veges",3316985
59,27,"Sheepmeat",3436
2188,4,"Beef",149365
2826,26,"Veges",12725704
1877,28,"Sheepmeat",567955
2807,2,"Beef",5920528
950,10,"Sheepmeat",250615
1748,10,"Sheepmeat",160445
993,3,"Beef",744002
1820,28,"Sheepmeat",254570
3000,16,"Forestry",60295334
2268,2,"Beef",1345
3050,11,"Forestry",2578862
1626,3,"Beef",31481
289,24,"Veges",32924701
1701,12,"Forestry",22082
1467,24,"Veges",672623
1255,27,"Sheepmeat",143769
2960,28,"Sheepmeat",7465978
1385,26,"Veges",151445
2765,23,"Veges",19143991
2240,15,"Forestry",1010708
2413,29,"Sheepmeat",6761618
2726,9,"Sheepmeat",703684
3,14,"Forestry",11821
1256,9,"Sheepmeat",87494
2874,15,"Forestry",2387194
962,12,"Forestry",7911204
878,4,"Beef",63885
802,2,"Beef",33914
2047,26,"Veges",1289
3090,20,"Fruit",244712
1083,9,"Sheepmeat",46802
2800,19,"Fruit",38591
671,3,"Beef",1210
3049,4,"Beef",10481142
2407,29,"Sheepmeat",923712
3024,25,"Veges",31465611
1058,18,"Fruit",364637
2819,11,"Forestry",2578862
1223,13,"Forestry",16438
921,27,"Sheepmeat",55617
1701,27,"Sheepmeat",1721436
1437,28,"Sheepmeat",13432803
1123,8,"Sheepmeat",329328
1484,20,"Fruit",26354
1036,2,"Beef",504624
1497,14,"Forestry",2540
719,16,"Forestry",12867
2903,29,"Sheepmeat",7532944
2882,26,"Veges",12725704
995,27,"Sheepmeat",1416615
1141,10,"Sheepmeat",199257
132,10,"Sheepmeat",106272
866,17,"Fruit",191748
1290,21,"Fruit",27902
2939,13,"Forestry",133864
830,28,"Sheepmeat",275208
2798,26,"Veges",1421230
1080,8,"Sheepmeat",3991427
1645,4,"Beef",49701
2763,19,"Fruit",1412978
2765,10,"Sheepmeat",23155868
881,15,"Forestry",6782291
3042,3,"Beef",10853323
1538,8,"Sheepmeat",15599
1050,2,"Beef",61500
2840,20,"Fruit",101630
2868,15,"Forestry",1427254
1442,10,"Sheepmeat",6863007
1648,28,"Sheepmeat",17879
158,28,"Sheepmeat",3436
1070,8,"Sheepmeat",1753
1049,20,"Fruit",72568
2949,7,"Beef",25193
2199,2,"Beef",2271
750,8,"Sheepmeat",6947
3108,8,"Sheepmeat",4702895
2181,11,"Forestry",33365
1014,2,"Beef",1030610
1054,15,"Forestry",643490
1905,16,"Forestry",107225
2659,21,"Fruit",229926
3104,12,"Forestry",3097
1103,2,"Beef",92039
2383,29,"Sheepmeat",897333
643,16,"Forestry",3158461
1447,2,"Beef",36065
2225,8,"Sheepmeat",26142
1699,15,"Forestry",46188
2993,11,"Forestry",3285119
2979,29,"Sheepmeat",13542244
1030,2,"Beef",1125104
1122,15,"Forestry",1031
2864,7,"Beef",836800
1900,9,"Sheepmeat",289622
2840,9,"Sheepmeat",24784517
904,3,"Beef",56398
1535,26,"Veges",35612
3124,12,"Forestry",2548003
2839,29,"Sheepmeat",104798631
1251,15,"Forestry",3332
176,10,"Sheepmeat",2820
1379,8,"Sheepmeat",740781
1915,16,"Forestry",1144102
1923,3,"Beef",25131
2692,5,"Beef",8405
2570,4,"Beef",472123
2108,11,"Forestry",16889
2040,16,"Forestry",1190990
1259,28,"Sheepmeat",408121
2802,2,"Beef",5764479
1039,27,"Sheepmeat",17850
2960,13,"Forestry",68513
728,8,"Sheepmeat",4550
1807,26,"Veges",4839
52,10,"Sheepmeat",11297208
1588,5,"Beef",8405
939,20,"Fruit",36056
1912,16,"Forestry",4103492
1584,5,"Beef",8405
149,25,"Veges",2460
3156,10,"Sheepmeat",24584717
1629,2,"Beef",41638
2883,27,"Sheepmeat",1530769
331,17,"Fruit",17270271
727,28,"Sheepmeat",5881
2868,24,"Veges",15793340
2847,9,"Sheepmeat",39020
2555,8,"Sheepmeat",1303321
869,29,"Sheepmeat",2733
420,29,"Sheepmeat",1052
1008,29,"Sheepmeat",5991331
198,25,"Veges",12090250
2839,10,"Sheepmeat",24634580
2907,2,"Beef",5929514
434,6,"Beef",21666
2589,23,"Veges",26257752
2029,4,"Beef",3020
1034,2,"Beef",126529
1823,27,"Sheepmeat",7193
2559,15,"Forestry",28919
823,27,"Sheepmeat",1148330
1131,29,"Sheepmeat",4756329
1269,15,"Forestry",384779
3055,27,"Sheepmeat",1070510
1096,8,"Sheepmeat",203257
3030,3,"Beef",12545667
1292,29,"Sheepmeat",287842
1300,2,"Beef",307435
3113,17,"Fruit",16757
1798,14,"Forestry",5805
1095,8,"Sheepmeat",212136
2903,9,"Sheepmeat",1794352
1653,29,"Sheepmeat",525096
2897,5,"Beef",8405
311,13,"Forestry",5372
1251,8,"Sheepmeat",262588
2273,22,"Fruit",19528
1497,12,"Forestry",26242
1753,11,"Forestry",98695
1239,2,"Beef",86755
887,24,"Veges",153119
2552,29,"Sheepmeat",1399412
949,3,"Beef",45497
841,10,"Sheepmeat",178008
3037,22,"Fruit",798199
187,28,"Sheepmeat",3923
1850,24,"Veges",1508815
1032,16,"Forestry",43185
985,17,"Fruit",2049856
2285,15,"Forestry",484093
2906,9,"Sheepmeat",509357
1890,15,"Forestry",362784
1875,15,"Forestry",24396
2340,24,"Veges",817942
851,9,"Sheepmeat",2176267
581,15,"Forestry",218605
3036,29,"Sheepmeat",3834
1116,23,"Veges",492372
3165,3,"Beef",42728219
1079,9,"Sheepmeat",1369328
2865,16,"Forestry",34358110
1012,24,"Veges",140011
2903,10,"Sheepmeat",1794352
2999,20,"Fruit",280777
2580,27,"Sheepmeat",47481
3107,4,"Beef",2927940
3076,15,"Forestry",45440
1145,8,"Sheepmeat",365675
1107,12,"Forestry",20027
1521,11,"Forestry",678368
2395,15,"Forestry",64441
2475,19,"Fruit",231939
1214,29,"Sheepmeat",25114115
1253,9,"Sheepmeat",93342
1518,3,"Beef",6913
953,2,"Beef",335198
673,29,"Sheepmeat",52030
1820,14,"Forestry",22639
2211,29,"Sheepmeat",278189
970,20,"Fruit",21246
2784,29,"Sheepmeat",10403566
1851,10,"Sheepmeat",513639
2526,27,"Sheepmeat",7045938
1168,29,"Sheepmeat",1056130
949,9,"Sheepmeat",39084
1058,12,"Forestry",678368
3084,27,"Sheepmeat",3230728
1213,19,"Fruit",1412978
620,29,"Sheepmeat",1601
2350,15,"Forestry",5880
1217,9,"Sheepmeat",2435234
2919,26,"Veges",2512069
1213,16,"Forestry",44954041
3156,11,"Forestry",2572114
1812,28,"Sheepmeat",88785
1848,10,"Sheepmeat",34737
887,3,"Beef",35679
3018,24,"Veges",6466925
3089,13,"Forestry",14053
1511,21,"Fruit",1044630
819,23,"Veges",2206520
1307,29,"Sheepmeat",153315
333,21,"Fruit",132322
2339,19,"Fruit",1128576
1329,11,"Forestry",11819
1437,9,"Sheepmeat",9631109
2340,4,"Beef",188599
2769,24,"Veges",52709956
882,8,"Sheepmeat",55953
1077,23,"Veges",8230
576,17,"Fruit",95602
598,29,"Sheepmeat",53160
1888,11,"Forestry",2915416
1692,12,"Forestry",131056
1576,16,"Forestry",60303605
1076,28,"Sheepmeat",3714
2130,9,"Sheepmeat",72522
2814,9,"Sheepmeat",14166117
2855,8,"Sheepmeat",298856
2559,10,"Sheepmeat",1974438
3067,20,"Fruit",88012
1636,16,"Forestry",342397
2239,3,"Beef",14221
3145,13,"Forestry",242970
1643,27,"Sheepmeat",150518
559,10,"Sheepmeat",804813
2029,28,"Sheepmeat",1008
1250,8,"Sheepmeat",7077327
2824,8,"Sheepmeat",20217937
3046,6,"Beef",178929
2519,9,"Sheepmeat",1445
2984,26,"Veges",65726
1082,10,"Sheepmeat",192291
898,27,"Sheepmeat",552081
1236,17,"Fruit",48528
1238,11,"Forestry",23313
1206,29,"Sheepmeat",21830768
2725,12,"Forestry",215300
2835,6,"Beef",8405
608,10,"Sheepmeat",7823
2437,7,"Beef",25193
643,20,"Fruit",12334
2928,4,"Beef",236434
2816,18,"Fruit",242387
1824,8,"Sheepmeat",7343
1142,10,"Sheepmeat",15262
2843,25,"Veges",31465611
2941,12,"Forestry",1636893
1186,8,"Sheepmeat",1245521
1015,9,"Sheepmeat",581369
922,28,"Sheepmeat",65751
1483,20,"Fruit",110806
2140,4,"Beef",563732
2857,4,"Beef",84086
1223,28,"Sheepmeat",166191
1034,20,"Fruit",35706
1582,7,"Beef",25193
2344,28,"Sheepmeat",275925
1691,10,"Sheepmeat",1704774
1321,10,"Sheepmeat",61229
1554,6,"Beef",8405
2334,16,"Forestry",50885
2819,7,"Beef",25193
2773,15,"Forestry",1244848
2754,14,"Forestry",5317
1769,15,"Forestry",10379
83,16,"Forestry",1032
903,16,"Forestry",2669
118,29,"Sheepmeat",8526
2392,29,"Sheepmeat",30738961
2970,10,"Sheepmeat",3927809
918,11,"Forestry",3370883
2248,12,"Forestry",1990310
1010,10,"Sheepmeat",213048
2606,26,"Veges",13005315
1339,15,"Forestry",74580
1080,4,"Beef",4896127
1800,16,"Forestry",3569998
846,19,"Fruit",665580
2822,15,"Forestry",6126930
3038,27,"Sheepmeat",34247507
2763,28,"Sheepmeat",28613477
3134,7,"Beef",25193
1215,23,"Veges",2309164
1294,2,"Beef",252661
2895,14,"Forestry",197471
1693,9,"Sheepmeat",1686599
3071,8,"Sheepmeat",7426406
687,16,"Forestry",30085
823,15,"Forestry",125626
1627,3,"Beef",125619
3138,2,"Beef",12562186
3111,10,"Sheepmeat",9926
2818,8,"Sheepmeat",15693440
2890,25,"Veges",30741184
2157,9,"Sheepmeat",233939
1879,8,"Sheepmeat",2718025
1698,16,"Forestry",693692
2209,16,"Forestry",72876
2909,12,"Forestry",2210854
960,18,"Fruit",801231
1578,9,"Sheepmeat",24784517
2018,8,"Sheepmeat",457376
2835,19,"Fruit",1543973
982,27,"Sheepmeat",107958
1394,17,"Fruit",292648
1170,9,"Sheepmeat",500389
1819,4,"Beef",556074
2764,12,"Forestry",2408658
1317,9,"Sheepmeat",570375
579,3,"Beef",340426
1630,3,"Beef",52132
1148,13,"Forestry",3313
988,10,"Sheepmeat",15717
943,20,"Fruit",7212
2377,16,"Forestry",11142253
1897,11,"Forestry",3321821
2772,16,"Forestry",17690049
1800,27,"Sheepmeat",245870
3119,9,"Sheepmeat",2247580
1846,10,"Sheepmeat",36139
1895,21,"Fruit",4323
312,23,"Veges",6295645
2921,3,"Beef",5848682
985,23,"Veges",4575689
538,8,"Sheepmeat",8418
2279,8,"Sheepmeat",22096
940,19,"Fruit",1125166
2053,9,"Sheepmeat",313353
1849,4,"Beef",10159
3114,1,"Dairy",6318043
2650,8,"Sheepmeat",121973
2223,20,"Fruit",2162
2888,27,"Sheepmeat",24599907
1307,12,"Forestry",3760
1458,23,"Veges",15683
1894,20,"Fruit",2162
2442,12,"Forestry",152502
2761,11,"Forestry",166361
833,7,"Beef",18643
922,11,"Forestry",24111
1091,15,"Forestry",47154
439,3,"Beef",6481
760,27,"Sheepmeat",3525
2841,6,"Beef",8405
1262,28,"Sheepmeat",332148
1653,9,"Sheepmeat",118617
1089,15,"Forestry",43833
1173,29,"Sheepmeat",7596595
3165,5,"Beef",275924
834,3,"Beef",13299
987,25,"Veges",8028237
3010,20,"Fruit",336005
833,22,"Fruit",603631
3110,23,"Veges",15721767
1865,23,"Veges",1811724
2813,27,"Sheepmeat",19706760
874,16,"Forestry",373473
2758,11,"Forestry",166361
10,28,"Sheepmeat",68397
2372,4,"Beef",993099
2659,9,"Sheepmeat",25589329
2979,9,"Sheepmeat",3200369
3,8,"Sheepmeat",13319515
2935,8,"Sheepmeat",160230
1869,3,"Beef",462697
1952,16,"Forestry",70447864
2003,8,"Sheepmeat",290043
2957,29,"Sheepmeat",24572497
1770,12,"Forestry",5148
2282,12,"Forestry",122576
2650,9,"Sheepmeat",25696128
278,28,"Sheepmeat",23910
1072,3,"Beef",100109
2317,15,"Forestry",248476
3062,7,"Beef",836800
1280,29,"Sheepmeat",375174
1939,17,"Fruit",108577
3050,24,"Veges",13714517
1116,4,"Beef",58303
1066,20,"Fruit",51115
1040,4,"Beef",477325
2811,17,"Fruit",16757
895,13,"Forestry",279927
2884,14,"Forestry",227601
2823,28,"Sheepmeat",25776926
1551,29,"Sheepmeat",109547155
2751,13,"Forestry",2004
1784,4,"Beef",1047950
3156,3,"Beef",11536701
2234,9,"Sheepmeat",634281
2271,17,"Fruit",316109
1054,27,"Sheepmeat",2192705
1880,15,"Forestry",2487721
1832,29,"Sheepmeat",4892329
1072,10,"Sheepmeat",292575
2780,11,"Forestry",544365
2865,13,"Forestry",95392
923,16,"Forestry",36664
3165,10,"Sheepmeat",86778515
2849,8,"Sheepmeat",26849218
1512,16,"Forestry",415273
1032,17,"Fruit",1151425
3113,26,"Veges",2720499
2555,12,"Forestry",42663
1949,28,"Sheepmeat",48418
2939,7,"Beef",25193
952,18,"Fruit",217496
3051,24,"Veges",9399175
1731,10,"Sheepmeat",4101
2336,10,"Sheepmeat",237425
1680,29,"Sheepmeat",112754
3083,23,"Veges",33575040
1578,17,"Fruit",806709
1170,8,"Sheepmeat",539497
793,1,"Dairy",6462576
1693,2,"Beef",1073631
2756,8,"Sheepmeat",8842667
1072,11,"Forestry",4845
785,16,"Forestry",1398
3073,28,"Sheepmeat",1673395
1762,12,"Forestry",96567
1623,13,"Forestry",38842
1878,3,"Beef",35745
3146,18,"Fruit",806709
2073,24,"Veges",5695404
1429,23,"Veges",1137502
1546,4,"Beef",1575
2794,27,"Sheepmeat",7608601
1143,12,"Forestry",5969
1176,28,"Sheepmeat",6707280
694,27,"Sheepmeat",4491
2966,27,"Sheepmeat",792007
2927,9,"Sheepmeat",161020
987,26,"Veges",3303522
1896,28,"Sheepmeat",195535
1716,10,"Sheepmeat",5243
2304,28,"Sheepmeat",41410
2402,21,"Fruit",55449
1833,16,"Forestry",3523034
2813,14,"Forestry",197471
3000,8,"Sheepmeat",33421861
2395,16,"Forestry",754663
2952,3,"Beef",549140
2933,13,"Forestry",157935
2594,9,"Sheepmeat",25589329
1955,15,"Forestry",676997
1927,2,"Beef",7815
1721,4,"Beef",141543
2077,8,"Sheepmeat",7683669
133,22,"Fruit",6805
2762,22,"Fruit",95345
931,3,"Beef",58556
1781,29,"Sheepmeat",62307
1864,24,"Veges",1751349
1297,28,"Sheepmeat",515635
157,28,"Sheepmeat",36868
837,29,"Sheepmeat",531918
235,3,"Beef",14741
1327,9,"Sheepmeat",68854
439,9,"Sheepmeat",3720
3134,16,"Forestry",96841493
2816,15,"Forestry",5263494
926,26,"Veges",369139
3044,15,"Forestry",227810
981,3,"Beef",153187
931,15,"Forestry",5976
2633,21,"Fruit",78919
1069,19,"Fruit",56776
964,24,"Veges",1889867
2751,16,"Forestry",1801923
1572,7,"Beef",25193
438,4,"Beef",30293
1515,18,"Fruit",2365
1380,27,"Sheepmeat",922274
2922,5,"Beef",8405
1247,10,"Sheepmeat",61176
992,19,"Fruit",3721490
2871,12,"Forestry",702872
2788,16,"Forestry",6932025
899,16,"Forestry",66001
3065,26,"Veges",12983174
2032,23,"Veges",19411
3040,11,"Forestry",2548003
2847,19,"Fruit",5144405
2786,2,"Beef",1057691
2925,18,"Fruit",16757
2862,11,"Forestry",3175122
1856,25,"Veges",1139741
1049,16,"Forestry",19823931
2925,14,"Forestry",168950
1012,16,"Forestry",18891
2082,11,"Forestry",92652
3103,13,"Forestry",60195
2993,24,"Veges",31465611
2752,7,"Beef",537577
1256,29,"Sheepmeat",376749
2854,3,"Beef",97768
1691,29,"Sheepmeat",7126660
2127,10,"Sheepmeat",1737732
917,26,"Veges",12680086
3116,8,"Sheepmeat",5890949
1978,27,"Sheepmeat",211022
3097,7,"Beef",537577
2360,28,"Sheepmeat",1178505
1454,27,"Sheepmeat",1021
739,3,"Beef",1487
1200,27,"Sheepmeat",22587
599,9,"Sheepmeat",7823
2160,9,"Sheepmeat",1160198
874,29,"Sheepmeat",1270219
1587,6,"Beef",8405
1343,27,"Sheepmeat",6441
1247,28,"Sheepmeat",85096
1871,29,"Sheepmeat",2504112
1777,9,"Sheepmeat",250615
2908,17,"Fruit",16757
3097,3,"Beef",10839844
872,21,"Fruit",20563
998,8,"Sheepmeat",716575
2310,2,"Beef",404028
2888,5,"Beef",8405
2756,7,"Beef",537577
132,21,"Fruit",27229
2990,15,"Forestry",6805387
1048,12,"Forestry",678368
1893,11,"Forestry",128091
2914,28,"Sheepmeat",17139394
580,15,"Forestry",1583
1376,3,"Beef",841824
1380,16,"Forestry",371544
3133,25,"Veges",31465611
1843,15,"Forestry",46479
1661,16,"Forestry",1113081
1777,21,"Fruit",78136
1721,10,"Sheepmeat",29521
498,10,"Sheepmeat",83302
1664,12,"Forestry",4243
2818,9,"Sheepmeat",14426537
2511,8,"Sheepmeat",5642
1073,11,"Forestry",1043
1868,16,"Forestry",1677802
2932,21,"Fruit",4323
317,28,"Sheepmeat",15193
2049,3,"Beef",1120
3007,27,"Sheepmeat",3184
1587,3,"Beef",13044366
1090,2,"Beef",80541
2746,15,"Forestry",30459
1327,27,"Sheepmeat",97097
1077,8,"Sheepmeat",1442
841,2,"Beef",167729
157,10,"Sheepmeat",25724
2822,25,"Veges",30741184
1215,9,"Sheepmeat",5914136
2909,9,"Sheepmeat",12334221
2723,6,"Beef",21666
1986,3,"Beef",97296
3081,16,"Forestry",8491
2765,28,"Sheepmeat",32306411
1178,9,"Sheepmeat",44999
2867,12,"Forestry",1140893
1427,2,"Beef",19415
2943,18,"Fruit",16757
2818,14,"Forestry",197471
2785,8,"Sheepmeat",2712531
2836,2,"Beef",12438195
2667,10,"Sheepmeat",25589329
2821,5,"Beef",8405
2762,16,"Forestry",71413318
2944,24,"Veges",728550
1625,10,"Sheepmeat",25563
1186,16,"Forestry",38051861
2789,27,"Sheepmeat",5514396
3112,23,"Veges",4558648
2888,25,"Veges",30741184
2226,2,"Beef",7530
2008,15,"Forestry",154335
1459,10,"Sheepmeat",2879
1388,28,"Sheepmeat",15193
3080,13,"Forestry",1429
1086,20,"Fruit",1634
2300,26,"Veges",4987858
896,27,"Sheepmeat",10953629
2244,4,"Beef",10087202
2033,29,"Sheepmeat",61551873
2814,28,"Sheepmeat",19879901
3125,15,"Forestry",5038
2236,26,"Veges",14760
2868,12,"Forestry",702872
1308,29,"Sheepmeat",1168
1819,16,"Forestry",7044612
764,1,"Dairy",3086512
2555,2,"Beef",815811
1122,10,"Sheepmeat",252117
1675,10,"Sheepmeat",3014
1099,9,"Sheepmeat",110968
3066,2,"Beef",12342669
2436,17,"Fruit",16757
2345,8,"Sheepmeat",272640
1470,8,"Sheepmeat",122379
951,29,"Sheepmeat",243740
1543,23,"Veges",28086
837,4,"Beef",247056
2409,25,"Veges",159978
1376,16,"Forestry",2007480
1018,10,"Sheepmeat",3454
778,4,"Beef",247056
2906,12,"Forestry",110484
2925,3,"Beef",5843952
1781,11,"Forestry",2103
1526,2,"Beef",162627
2949,1,"Dairy",294373
2317,3,"Beef",138867
2902,16,"Forestry",24060
2341,2,"Beef",278958
2982,8,"Sheepmeat",3238130
333,23,"Veges",18554
2362,27,"Sheepmeat",772744
2529,1,"Dairy",6462576
2342,28,"Sheepmeat",149281
2827,23,"Veges",25558769
3158,20,"Fruit",1415472
930,20,"Fruit",270255
2007,16,"Forestry",1507
1310,9,"Sheepmeat",5978
2905,22,"Fruit",1080
1033,29,"Sheepmeat",1194716
1144,8,"Sheepmeat",6681
1437,3,"Beef",5015658
1177,2,"Beef",360575
3129,1,"Dairy",294373
1035,4,"Beef",1736381
1472,10,"Sheepmeat",3160
2161,13,"Forestry",1807
1131,3,"Beef",308144
1272,11,"Forestry",12353
2630,2,"Beef",15903
2980,10,"Sheepmeat",3039606
2760,15,"Forestry",408399
2519,3,"Beef",2878
831,6,"Beef",178929
1039,22,"Fruit",16131
1207,4,"Beef",5511954
3030,19,"Fruit",1543973
2746,1,"Dairy",4810716
2967,12,"Forestry",865769
1083,3,"Beef",10088
1951,29,"Sheepmeat",226259
3101,11,"Forestry",675879
2768,28,"Sheepmeat",36043514
2962,27,"Sheepmeat",1202
1048,25,"Veges",1622792
2812,10,"Sheepmeat",13344451
1145,15,"Forestry",19896
1206,24,"Veges",450653
1050,27,"Sheepmeat",61840
2925,12,"Forestry",2143621
2931,22,"Fruit",1080
2771,8,"Sheepmeat",863650
284,24,"Veges",6466925
1647,29,"Sheepmeat",3473732
2803,14,"Forestry",164711
2956,23,"Veges",3561652
2414,24,"Veges",59719
2023,4,"Beef",220485
899,17,"Fruit",756935
1570,3,"Beef",7672
2556,28,"Sheepmeat",1118445
1187,12,"Forestry",84139
2969,10,"Sheepmeat",101261
3096,17,"Fruit",511307
1247,9,"Sheepmeat",61176
79,27,"Sheepmeat",3436
918,28,"Sheepmeat",10773673
323,26,"Veges",21237845
1868,4,"Beef",89569
1048,10,"Sheepmeat",2519534
3062,11,"Forestry",1148503
1636,8,"Sheepmeat",522919
1590,28,"Sheepmeat",36019126
2851,12,"Forestry",3285119
3152,25,"Veges",4122520
2809,18,"Fruit",16757
791,25,"Veges",39391627
2787,28,"Sheepmeat",4046434
792,24,"Veges",39391627
2754,13,"Forestry",5317
1478,28,"Sheepmeat",121988
3142,20,"Fruit",101630
2943,14,"Forestry",133864
2827,1,"Dairy",294373
1047,4,"Beef",194680
2662,5,"Beef",8405
1267,12,"Forestry",150886
2092,23,"Veges",342044
1205,11,"Forestry",1526114
2162,8,"Sheepmeat",103923
1011,9,"Sheepmeat",86992
2248,20,"Fruit",2162
727,2,"Beef",1487
2812,16,"Forestry",68459013
2187,27,"Sheepmeat",1630171
1682,9,"Sheepmeat",5243
87,15,"Forestry",6043
2107,27,"Sheepmeat",3269788
3053,10,"Sheepmeat",13678000
3060,22,"Fruit",148895
1949,10,"Sheepmeat",33861
2654,27,"Sheepmeat",35854901
833,10,"Sheepmeat",7867047
2882,20,"Fruit",69702
998,4,"Beef",3252151
1038,3,"Beef",111717
1572,6,"Beef",8405
2277,29,"Sheepmeat",13745
2270,10,"Sheepmeat",397537
906,10,"Sheepmeat",123058
2813,3,"Beef",6349986
1694,14,"Forestry",2139
2118,10,"Sheepmeat",5060293
3068,22,"Fruit",43319
1122,8,"Sheepmeat",271309
1112,29,"Sheepmeat",657633
1810,10,"Sheepmeat",126398
1877,11,"Forestry",9719
2667,3,"Beef",13044366
3090,8,"Sheepmeat",1934745
2823,29,"Sheepmeat",78376462
1126,10,"Sheepmeat",755953
2162,9,"Sheepmeat",96572
3127,17,"Fruit",701154
2050,12,"Forestry",65711
907,27,"Sheepmeat",126542
2692,28,"Sheepmeat",34730575
2047,23,"Veges",3223
2907,3,"Beef",5929514
3059,28,"Sheepmeat",1829445
3018,28,"Sheepmeat",1748
2802,13,"Forestry",164711
1293,8,"Sheepmeat",106658
2271,29,"Sheepmeat",10335586
1344,29,"Sheepmeat",2645431
151,17,"Fruit",105555
3060,11,"Forestry",702872
2770,18,"Fruit",31379759
2336,4,"Beef",141073
2144,28,"Sheepmeat",511469
2753,9,"Sheepmeat",5373920
2105,29,"Sheepmeat",9875942
2862,5,"Beef",8405
1241,23,"Veges",2545
1333,12,"Forestry",2103
2839,28,"Sheepmeat",34512473
988,29,"Sheepmeat",73192
1220,29,"Sheepmeat",4349
3133,5,"Beef",8405
2310,4,"Beef",1221612
2762,9,"Sheepmeat",23113071
3136,17,"Fruit",701154
2987,24,"Veges",31465611
1610,4,"Beef",192259
866,19,"Fruit",421331
1343,2,"Beef",6441
1666,10,"Sheepmeat",5127
2808,11,"Forestry",2208088
2799,19,"Fruit",38591
2789,10,"Sheepmeat",3941474
1852,3,"Beef",287861
1983,28,"Sheepmeat",542749
2504,22,"Fruit",55676
1190,4,"Beef",421637
879,2,"Beef",2373
3075,8,"Sheepmeat",3699423
1379,10,"Sheepmeat",687448
3022,5,"Beef",8405
1161,12,"Forestry",11963
1833,10,"Sheepmeat",495231
2749,16,"Forestry",921807
1874,27,"Sheepmeat",660448
1935,27,"Sheepmeat",31441
2385,27,"Sheepmeat",297569
2709,4,"Beef",387777
2019,15,"Forestry",402586
1923,4,"Beef",80621
1247,4,"Beef",22088
9,11,"Forestry",107798
989,25,"Veges",360342
8,19,"Fruit",31103643
2036,11,"Forestry",8669
3135,7,"Beef",25193
3049,20,"Fruit",2162
1959,4,"Beef",9880
2927,11,"Forestry",28492
1564,27,"Sheepmeat",1867
3126,29,"Sheepmeat",104519960
902,10,"Sheepmeat",41696
3039,4,"Beef",34949413
2504,21,"Fruit",229926
1641,3,"Beef",21487
3140,19,"Fruit",231939
1870,25,"Veges",1751349
1810,9,"Sheepmeat",126398
1762,9,"Sheepmeat",365994
3003,15,"Forestry",1747568
155,27,"Sheepmeat",36868
2769,10,"Sheepmeat",25909810
2023,3,"Beef",72948
1854,3,"Beef",26505
2884,25,"Veges",30741184
3074,4,"Beef",9077809
3124,16,"Forestry",75774977
2913,9,"Sheepmeat",12240879
598,3,"Beef",3501
1032,28,"Sheepmeat",21080
65,23,"Veges",1372380
1431,18,"Fruit",5065672
2202,13,"Forestry",6893
2107,12,"Forestry",16889
1362,2,"Beef",3662
2016,14,"Forestry",29062
930,26,"Veges",1032662
2831,25,"Veges",31412107
2271,26,"Veges",109640
1801,4,"Beef",44138
1340,12,"Forestry",42273
1267,4,"Beef",181024
417,28,"Sheepmeat",1393
2831,12,"Forestry",3173862
871,26,"Veges",703961
3130,13,"Forestry",242970
415,2,"Beef",1393
1457,29,"Sheepmeat",378833
2794,15,"Forestry",1807559
1103,16,"Forestry",655604
2511,4,"Beef",24880
2744,21,"Fruit",4515
909,29,"Sheepmeat",1207
1201,28,"Sheepmeat",22587
1665,16,"Forestry",130956
2923,2,"Beef",5843952
2429,18,"Fruit",613624
1380,3,"Beef",506606
1708,27,"Sheepmeat",3470
3114,27,"Sheepmeat",5576754
1630,27,"Sheepmeat",162944
1248,27,"Sheepmeat",803102
1902,15,"Forestry",6740524
3114,15,"Forestry",65571
1632,10,"Sheepmeat",337632
1007,2,"Beef",934066
1572,1,"Dairy",3086512
559,4,"Beef",1085228
2121,28,"Sheepmeat",5388476
2795,26,"Veges",1421230
99,4,"Beef",25031
2248,9,"Sheepmeat",6608434
2756,10,"Sheepmeat",8216196
922,12,"Forestry",24111
1179,16,"Forestry",492799
1158,29,"Sheepmeat",1164907
2060,16,"Forestry",3159
3162,7,"Beef",25193
1837,2,"Beef",20472
311,19,"Fruit",210068
2413,14,"Forestry",50533
2786,16,"Forestry",6905766
3038,3,"Beef",11479243
3110,2,"Beef",6549912
888,20,"Fruit",16286
3133,9,"Sheepmeat",24624886
2736,15,"Forestry",218605
2834,5,"Beef",8405
2662,13,"Forestry",248343
1787,10,"Sheepmeat",264661
1355,16,"Forestry",337035
2404,28,"Sheepmeat",557136
1820,9,"Sheepmeat",181391
3051,7,"Beef",25193
997,17,"Fruit",7921067
2264,17,"Fruit",1767549
2942,16,"Forestry",47877573
3113,27,"Sheepmeat",19130544
1157,13,"Forestry",1429
1182,4,"Beef",1744998
1983,15,"Forestry",4195
2378,3,"Beef",221710
1925,27,"Sheepmeat",9470714
1966,10,"Sheepmeat",1032339
1442,9,"Sheepmeat",6863007
3004,12,"Forestry",801761
1054,11,"Forestry",293957
1774,15,"Forestry",1638
2907,14,"Forestry",171536
2160,2,"Beef",320821
1659,2,"Beef",418126
1578,20,"Fruit",101630
940,20,"Fruit",65106
2036,28,"Sheepmeat",7655856
1100,28,"Sheepmeat",83212
1215,17,"Fruit",545090
3145,5,"Beef",8405
2151,10,"Sheepmeat",81460
1042,15,"Forestry",943067
2623,25,"Veges",3063
989,18,"Fruit",654220
1118,8,"Sheepmeat",4979440
2502,2,"Beef",13044366
2979,28,"Sheepmeat",4473322
2768,12,"Forestry",7096
3014,15,"Forestry",6586781
3135,19,"Fruit",1543973
3136,10,"Sheepmeat",24634580
2816,24,"Veges",22216090
1534,8,"Sheepmeat",860533
3127,7,"Beef",25193
2828,13,"Forestry",229179
3030,18,"Fruit",701154
1214,22,"Fruit",39780
2208,8,"Sheepmeat",3510950
1274,28,"Sheepmeat",35729
1514,17,"Fruit",95602
311,29,"Sheepmeat",3411549
878,26,"Veges",179880
151,8,"Sheepmeat",115394
2659,2,"Beef",13044366
2802,1,"Dairy",294373
2882,12,"Forestry",2960009
1873,2,"Beef",318722
2410,27,"Sheepmeat",4491
2920,17,"Fruit",16757
935,28,"Sheepmeat",18558
1435,20,"Fruit",467286
2798,16,"Forestry",45381509
133,15,"Forestry",6043
3039,15,"Forestry",5262738
2279,27,"Sheepmeat",28562
3031,3,"Beef",12545667
298,17,"Fruit",17270271
2436,3,"Beef",5843952
3029,5,"Beef",8405
3097,29,"Sheepmeat",97884699
1784,10,"Sheepmeat",1238037
3050,29,"Sheepmeat",60602361
2835,25,"Veges",31412107
868,10,"Sheepmeat",1192
66,7,"Beef",71911
1943,24,"Veges",35668
1098,13,"Forestry",8896
578,28,"Sheepmeat",1124326
2374,16,"Forestry",11217101
953,26,"Veges",200092
2206,13,"Forestry",40051
1895,28,"Sheepmeat",175548
434,27,"Sheepmeat",388625
2091,10,"Sheepmeat",569061
2202,9,"Sheepmeat",292835
2931,26,"Veges",2512069
1518,2,"Beef",6913
2245,23,"Veges",6295645
2226,3,"Beef",7530
66,17,"Fruit",355636
1628,9,"Sheepmeat",108842
2770,19,"Fruit",69022294
2556,16,"Forestry",3158461
1666,27,"Sheepmeat",9378
1421,28,"Sheepmeat",70945
3002,9,"Sheepmeat",58600262
2335,11,"Forestry",1653
12,28,"Sheepmeat",912384
3054,5,"Beef",8405
134,22,"Fruit",6805
1827,4,"Beef",337575
1116,2,"Beef",17409
962,9,"Sheepmeat",108162
2589,3,"Beef",13044366
1012,10,"Sheepmeat",62304
2540,29,"Sheepmeat",28654
2863,7,"Beef",25193
1206,14,"Forestry",131588
151,11,"Forestry",2199
2384,12,"Forestry",216933
2469,29,"Sheepmeat",9417
2781,29,"Sheepmeat",1303519
3011,25,"Veges",6893420
2033,9,"Sheepmeat",14686474
2527,29,"Sheepmeat",3434548
2836,1,"Dairy",294373
3008,25,"Veges",8176020
1932,8,"Sheepmeat",144170
2550,19,"Fruit",1412978
2378,16,"Forestry",10886396
3118,28,"Sheepmeat",18314386
2344,10,"Sheepmeat",196716
2895,5,"Beef",8405
2501,27,"Sheepmeat",35854901
1692,4,"Beef",3300592
1450,27,"Sheepmeat",3530123
1648,2,"Beef",2522
2755,1,"Dairy",6318043
2882,8,"Sheepmeat",21283716
2864,4,"Beef",127423627
1394,24,"Veges",436379
2594,3,"Beef",13044366
3085,10,"Sheepmeat",1766892
2323,28,"Sheepmeat",34332590
1554,17,"Fruit",47023747
3123,17,"Fruit",5987234
2245,4,"Beef",10087202
3159,12,"Forestry",224550
1237,13,"Forestry",3659
3130,8,"Sheepmeat",26567536
1020,7,"Beef",15770
944,17,"Fruit",2578906
1134,11,"Forestry",22538
1087,3,"Beef",18187
2921,11,"Forestry",2143621
2795,24,"Veges",3441003
1058,17,"Fruit",364637
2836,23,"Veges",26202404
2024,3,"Beef",72948
3115,3,"Beef",2796486
1892,29,"Sheepmeat",110881
982,21,"Fruit",54031
2270,4,"Beef",417380
1037,21,"Fruit",34741
2047,4,"Beef",6082
1121,27,"Sheepmeat",350696
2549,18,"Fruit",512911
655,16,"Forestry",93101
1635,27,"Sheepmeat",863280
1474,18,"Fruit",239307
2407,16,"Forestry",7044612
295,27,"Sheepmeat",26260
2513,14,"Forestry",248343
2335,16,"Forestry",50885
3129,9,"Sheepmeat",24526579
1171,8,"Sheepmeat",1960893
65,6,"Beef",23083
970,17,"Fruit",178411
3131,3,"Beef",12381797
3101,18,"Fruit",535874
2984,8,"Sheepmeat",3108362
3063,12,"Forestry",1148503
1912,14,"Forestry",13860
2230,11,"Forestry",4041
1381,9,"Sheepmeat",3250
2500,28,"Sheepmeat",34730575
291,27,"Sheepmeat",23910
3027,27,"Sheepmeat",34730575
3150,19,"Fruit",1543973
993,17,"Fruit",1563204
2594,6,"Beef",8405
2898,22,"Fruit",15484
1164,3,"Beef",37296
987,15,"Forestry",6827
179,17,"Fruit",47341371
690,9,"Sheepmeat",43779
3083,17,"Fruit",2579382
1776,29,"Sheepmeat",876364
31,29,"Sheepmeat",52030
1321,27,"Sheepmeat",87687
1088,10,"Sheepmeat",41515
1338,3,"Beef",655341
1838,3,"Beef",54504
1041,14,"Forestry",35197
1510,23,"Veges",6155259
1800,9,"Sheepmeat",175799
2839,18,"Fruit",701154
2249,24,"Veges",105744
2312,3,"Beef",14023
2234,10,"Sheepmeat",634281
2268,3,"Beef",1345
77,16,"Forestry",3158461
1135,15,"Forestry",160228
844,28,"Sheepmeat",36022119
841,3,"Beef",167729
943,21,"Fruit",14420
1127,12,"Forestry",8669
3144,29,"Sheepmeat",105532790
1862,10,"Sheepmeat",1221283
2866,26,"Veges",11202273
2654,6,"Beef",8405
3045,2,"Beef",9779883
2613,22,"Fruit",5551
3129,5,"Beef",8405
577,4,"Beef",105577
2143,11,"Forestry",63061
2956,9,"Sheepmeat",5800327
3146,12,"Forestry",3177321
2817,20,"Fruit",28824
997,6,"Beef",58609
144,4,"Beef",1255
3068,6,"Beef",8405
3054,28,"Sheepmeat",19039514
914,19,"Fruit",2016116
2326,29,"Sheepmeat",1154
2581,10,"Sheepmeat",13327
3145,6,"Beef",8405
1891,9,"Sheepmeat",7332526
648,8,"Sheepmeat",863561
1820,11,"Forestry",240110
958,8,"Sheepmeat",25476
2555,26,"Veges",721908
1167,9,"Sheepmeat",413194
135,18,"Fruit",105555
3164,11,"Forestry",334105
2745,18,"Fruit",2942782
515,16,"Forestry",108580
1038,28,"Sheepmeat",221873
1530,9,"Sheepmeat",101289
1336,29,"Sheepmeat",340177
2879,4,"Beef",34652815
2093,12,"Forestry",22537
1177,8,"Sheepmeat",317688
1181,12,"Forestry",2381
3168,19,"Fruit",5673231
1656,3,"Beef",46797
3023,5,"Beef",8405
2818,2,"Beef",6665311
2811,2,"Beef",5929514
3156,4,"Beef",35149108
3067,29,"Sheepmeat",102900228
957,25,"Veges",195331
2816,14,"Forestry",197471
859,24,"Veges",3616725
