"edge_id","trip_group_id","produce","flow_value"
1,8,"Sheepmeat",893242
1,11,"Forestry",112175
1,12,"Forestry",112175
1,15,"Forestry",226159
1,16,"Forestry",1735
1,18,"Fruit",103601
1,26,"Veges",13026861
3,2,"Beef",5121476
3,3,"Beef",5121476
3,4,"Beef",15351688
3,5,"Beef",38
3,6,"Beef",38
3,7,"Beef",113
3,8,"Sheepmeat",13373161
3,9,"Sheepmeat",12427149
3,10,"Sheepmeat",12427149
3,11,"Forestry",194098
3,12,"Forestry",194098
3,13,"Forestry",18784
3,14,"Forestry",18784
3,15,"Forestry",391326
3,16,"Forestry",5534918
5,1,"Dairy",185312
5,2,"Beef",5317918
5,3,"Beef",5317918
5,4,"Beef",15940524
5,5,"Beef",5329
5,6,"Beef",5329
5,7,"Beef",15973
5,8,"Sheepmeat",14219675
5,9,"Sheepmeat",13213782
5,10,"Sheepmeat",13213782
5,11,"Forestry",198864
5,12,"Forestry",198864
5,13,"Forestry",19245
5,14,"Forestry",19245
5,15,"Forestry",400936
5,16,"Forestry",5670835
6,2,"Beef",234079
6,3,"Beef",234079
6,4,"Beef",701656
6,8,"Sheepmeat",364301
6,9,"Sheepmeat",338531
6,10,"Sheepmeat",338531
6,11,"Forestry",7285
6,12,"Forestry",7285
6,13,"Forestry",705
6,14,"Forestry",705
6,15,"Forestry",14688
6,16,"Forestry",207754
8,1,"Dairy",6424003
8,13,"Forestry",345
8,16,"Forestry",171602969
8,17,"Fruit",14169498
8,18,"Fruit",14169498
8,19,"Fruit",31134947
8,24,"Veges",32761554
8,25,"Veges",32761554
8,26,"Veges",13557241
9,8,"Sheepmeat",893242
9,11,"Forestry",112175
9,12,"Forestry",112175
9,15,"Forestry",226159
9,16,"Forestry",1735
9,18,"Fruit",103601
9,26,"Veges",13026861
10,2,"Beef",44580
10,3,"Beef",44580
10,4,"Beef",133631
10,8,"Sheepmeat",56322
10,9,"Sheepmeat",52338
10,10,"Sheepmeat",52338
12,2,"Beef",601752
12,3,"Beef",601752
12,4,"Beef",1803759
12,8,"Sheepmeat",705850
12,9,"Sheepmeat",655918
12,10,"Sheepmeat",655918
12,11,"Forestry",49358
12,12,"Forestry",49358
12,13,"Forestry",4777
12,14,"Forestry",4777
12,15,"Forestry",99512
12,16,"Forestry",1407498
14,2,"Beef",35060
14,3,"Beef",35060
14,4,"Beef",105092
14,8,"Sheepmeat",41340
14,9,"Sheepmeat",38415
14,10,"Sheepmeat",38415
14,11,"Forestry",23
14,12,"Forestry",23
14,13,"Forestry",2
14,14,"Forestry",2
14,15,"Forestry",45
14,16,"Forestry",642
14,17,"Fruit",475
14,18,"Fruit",475
14,19,"Fruit",1043
14,20,"Fruit",61
14,21,"Fruit",122
14,22,"Fruit",31
14,23,"Veges",626508
14,24,"Veges",605629
14,25,"Veges",605629
14,26,"Veges",250619
20,2,"Beef",10921
20,3,"Beef",10921
20,4,"Beef",32737
20,8,"Sheepmeat",8582
20,9,"Sheepmeat",7975
20,10,"Sheepmeat",7975
21,2,"Beef",578
21,3,"Beef",578
21,4,"Beef",1731
21,8,"Sheepmeat",1629
21,9,"Sheepmeat",1514
21,10,"Sheepmeat",1514
25,1,"Dairy",1029
25,2,"Beef",206563
25,3,"Beef",206563
25,4,"Beef",619177
25,5,"Beef",29
25,6,"Beef",29
25,7,"Beef",88
25,8,"Sheepmeat",260128
25,9,"Sheepmeat",241727
25,10,"Sheepmeat",241727
26,2,"Beef",20213
26,3,"Beef",20213
26,4,"Beef",60588
26,8,"Sheepmeat",194921
26,9,"Sheepmeat",181132
26,10,"Sheepmeat",181132
26,11,"Forestry",553
26,12,"Forestry",553
26,13,"Forestry",53
26,14,"Forestry",53
26,15,"Forestry",1114
26,16,"Forestry",15760
27,2,"Beef",1186549
27,3,"Beef",1186549
27,4,"Beef",3556694
27,8,"Sheepmeat",1993997
27,9,"Sheepmeat",1852942
27,10,"Sheepmeat",1852942
27,11,"Forestry",152531
27,12,"Forestry",152531
27,13,"Forestry",14761
27,14,"Forestry",14761
27,15,"Forestry",307522
27,16,"Forestry",4349585
30,2,"Beef",9623
30,3,"Beef",9623
30,4,"Beef",28844
30,8,"Sheepmeat",13806
30,9,"Sheepmeat",12829
30,10,"Sheepmeat",12829
30,11,"Forestry",125
30,12,"Forestry",125
30,13,"Forestry",12
30,14,"Forestry",12
30,15,"Forestry",253
30,16,"Forestry",3575
31,2,"Beef",9623
31,3,"Beef",9623
31,4,"Beef",28844
31,8,"Sheepmeat",13806
31,9,"Sheepmeat",12829
31,10,"Sheepmeat",12829
31,11,"Forestry",125
31,12,"Forestry",125
31,13,"Forestry",12
31,14,"Forestry",12
31,15,"Forestry",253
31,16,"Forestry",3575
35,2,"Beef",9623
35,3,"Beef",9623
35,4,"Beef",28844
35,8,"Sheepmeat",11935
35,9,"Sheepmeat",11091
35,10,"Sheepmeat",11091
35,11,"Forestry",0
35,12,"Forestry",0
35,13,"Forestry",0
35,14,"Forestry",0
35,15,"Forestry",0
35,16,"Forestry",1
38,8,"Sheepmeat",12963
38,9,"Sheepmeat",12046
38,10,"Sheepmeat",12046
47,1,"Dairy",294382
47,14,"Forestry",319857
48,1,"Dairy",294382
48,14,"Forestry",319857
49,1,"Dairy",294382
49,14,"Forestry",319857
50,1,"Dairy",294382
50,14,"Forestry",319848
51,14,"Forestry",8
52,2,"Beef",4425564
52,3,"Beef",4425564
52,4,"Beef",13265684
52,5,"Beef",38
52,6,"Beef",38
52,7,"Beef",113
52,8,"Sheepmeat",12208754
52,9,"Sheepmeat",11345112
52,10,"Sheepmeat",11345112
52,11,"Forestry",143706
52,12,"Forestry",143706
52,13,"Forestry",13907
52,14,"Forestry",13907
52,15,"Forestry",289730
52,16,"Forestry",4097939
59,2,"Beef",379
59,3,"Beef",379
59,4,"Beef",1135
59,8,"Sheepmeat",2659
59,9,"Sheepmeat",2471
59,10,"Sheepmeat",2471
59,11,"Forestry",47
59,12,"Forestry",47
59,13,"Forestry",5
59,14,"Forestry",5
59,15,"Forestry",95
59,16,"Forestry",1340
60,2,"Beef",379
60,3,"Beef",379
60,4,"Beef",1135
60,8,"Sheepmeat",2659
60,9,"Sheepmeat",2471
60,10,"Sheepmeat",2471
60,11,"Forestry",47
60,12,"Forestry",47
60,13,"Forestry",5
60,14,"Forestry",5
60,15,"Forestry",95
60,16,"Forestry",1340
61,2,"Beef",379
61,3,"Beef",379
61,4,"Beef",1135
61,8,"Sheepmeat",2659
61,9,"Sheepmeat",2471
61,10,"Sheepmeat",2471
61,11,"Forestry",43
61,12,"Forestry",43
61,13,"Forestry",4
61,14,"Forestry",4
61,15,"Forestry",87
61,16,"Forestry",1233
62,11,"Forestry",4
62,12,"Forestry",4
62,13,"Forestry",0
62,14,"Forestry",0
62,15,"Forestry",8
62,16,"Forestry",107
63,2,"Beef",459747
63,3,"Beef",459747
63,4,"Beef",1378096
63,8,"Sheepmeat",1588191
63,9,"Sheepmeat",1475843
63,10,"Sheepmeat",1475843
63,11,"Forestry",162782
63,12,"Forestry",162782
63,13,"Forestry",15753
63,14,"Forestry",15753
63,15,"Forestry",328190
63,16,"Forestry",4641921
64,1,"Dairy",849701
64,2,"Beef",6116510
64,3,"Beef",6116510
64,4,"Beef",18334316
64,5,"Beef",24298
64,6,"Beef",24298
64,7,"Beef",72833
64,8,"Sheepmeat",15561660
64,9,"Sheepmeat",14460835
64,10,"Sheepmeat",14460835
64,11,"Forestry",245554
64,12,"Forestry",245554
64,13,"Forestry",23763
64,14,"Forestry",23763
64,15,"Forestry",495068
64,16,"Forestry",7002248
64,23,"Veges",553782
64,24,"Veges",535327
64,25,"Veges",535327
64,26,"Veges",221527
65,1,"Dairy",849701
65,2,"Beef",6217062
65,3,"Beef",6217062
65,4,"Beef",18635719
65,5,"Beef",24298
65,6,"Beef",24298
65,7,"Beef",72833
65,8,"Sheepmeat",15745893
65,9,"Sheepmeat",14632036
65,10,"Sheepmeat",14632036
65,11,"Forestry",274714
65,12,"Forestry",274714
65,13,"Forestry",26585
65,14,"Forestry",26585
65,15,"Forestry",553858
65,16,"Forestry",7833770
65,17,"Fruit",163105
65,18,"Fruit",163105
65,19,"Fruit",358394
65,20,"Fruit",21043
65,21,"Fruit",42074
65,22,"Fruit",10515
65,23,"Veges",1374332
65,24,"Veges",1328532
65,25,"Veges",1328532
65,26,"Veges",549767
66,1,"Dairy",849701
66,2,"Beef",6258092
66,3,"Beef",6258092
66,4,"Beef",18758710
66,5,"Beef",24298
66,6,"Beef",24298
66,7,"Beef",72833
66,8,"Sheepmeat",15844537
66,9,"Sheepmeat",14723702
66,10,"Sheepmeat",14723702
66,11,"Forestry",277573
66,12,"Forestry",277573
66,13,"Forestry",26862
66,14,"Forestry",26862
66,15,"Forestry",559624
66,16,"Forestry",7915318
66,17,"Fruit",356853
66,18,"Fruit",356853
66,19,"Fruit",784120
66,20,"Fruit",46039
66,21,"Fruit",92052
66,22,"Fruit",23006
66,23,"Veges",1965528
66,24,"Veges",1900027
66,25,"Veges",1900027
66,26,"Veges",786261
71,1,"Dairy",849701
71,2,"Beef",6339910
71,3,"Beef",6339910
71,4,"Beef",19003958
71,5,"Beef",24298
71,6,"Beef",24298
71,7,"Beef",72833
71,8,"Sheepmeat",15981991
71,9,"Sheepmeat",14851432
71,10,"Sheepmeat",14851432
71,11,"Forestry",311921
71,12,"Forestry",311921
71,13,"Forestry",30186
71,14,"Forestry",30186
71,15,"Forestry",628873
71,16,"Forestry",8894773
71,17,"Fruit",1123582
71,18,"Fruit",1123582
71,19,"Fruit",2468872
71,20,"Fruit",144959
71,21,"Fruit",289834
71,22,"Fruit",72437
71,23,"Veges",2965409
71,24,"Veges",2866587
71,25,"Veges",2866587
71,26,"Veges",1186238
74,2,"Beef",10894
74,3,"Beef",10894
74,4,"Beef",32656
74,8,"Sheepmeat",8429
74,9,"Sheepmeat",7833
74,10,"Sheepmeat",7833
74,11,"Forestry",147
74,12,"Forestry",147
74,13,"Forestry",14
74,14,"Forestry",14
74,15,"Forestry",297
74,16,"Forestry",4205
74,17,"Fruit",306110
74,18,"Fruit",306110
74,19,"Fruit",672622
74,20,"Fruit",39493
74,21,"Fruit",78963
74,22,"Fruit",19735
74,23,"Veges",92928
74,24,"Veges",89831
74,25,"Veges",89831
74,26,"Veges",37174
75,2,"Beef",19004
75,3,"Beef",19004
75,4,"Beef",56964
75,8,"Sheepmeat",16137
75,9,"Sheepmeat",13982
75,10,"Sheepmeat",13982
75,11,"Forestry",159
75,12,"Forestry",159
75,13,"Forestry",15
75,14,"Forestry",15
75,15,"Forestry",321
75,16,"Forestry",4545
75,17,"Fruit",1054536
75,18,"Fruit",1054536
75,19,"Fruit",2317155
75,20,"Fruit",136051
75,21,"Fruit",272023
75,22,"Fruit",67986
75,23,"Veges",185556
75,24,"Veges",179372
75,25,"Veges",179372
75,26,"Veges",74227
77,1,"Dairy",9852786
77,2,"Beef",366292
77,3,"Beef",366292
77,4,"Beef",1097964
77,8,"Sheepmeat",886409
77,9,"Sheepmeat",823705
77,10,"Sheepmeat",823705
77,11,"Forestry",111042
77,12,"Forestry",111042
77,13,"Forestry",10746
77,14,"Forestry",10746
77,15,"Forestry",223876
77,16,"Forestry",3166502
77,17,"Fruit",95602
77,18,"Fruit",95602
77,19,"Fruit",210068
77,20,"Fruit",12334
77,21,"Fruit",24661
77,22,"Fruit",6163
79,2,"Beef",379
79,3,"Beef",379
79,4,"Beef",1135
79,8,"Sheepmeat",2659
79,9,"Sheepmeat",2471
79,10,"Sheepmeat",2471
79,11,"Forestry",2
79,12,"Forestry",2
79,13,"Forestry",0
79,14,"Forestry",0
79,15,"Forestry",4
79,16,"Forestry",55
81,2,"Beef",26419
81,3,"Beef",26419
81,4,"Beef",79190
81,8,"Sheepmeat",24651
81,9,"Sheepmeat",22907
81,10,"Sheepmeat",22907
81,11,"Forestry",36
81,12,"Forestry",36
81,13,"Forestry",4
81,14,"Forestry",4
81,15,"Forestry",73
81,16,"Forestry",1032
83,2,"Beef",26419
83,3,"Beef",26419
83,4,"Beef",79190
83,8,"Sheepmeat",24651
83,9,"Sheepmeat",22907
83,10,"Sheepmeat",22907
83,11,"Forestry",36
83,12,"Forestry",36
83,13,"Forestry",4
83,14,"Forestry",4
83,15,"Forestry",73
83,16,"Forestry",1032
86,2,"Beef",162697
86,3,"Beef",162697
86,4,"Beef",487686
86,8,"Sheepmeat",170137
86,9,"Sheepmeat",158102
86,10,"Sheepmeat",158102
86,11,"Forestry",4335
86,12,"Forestry",4335
86,13,"Forestry",419
86,15,"Forestry",8739
86,16,"Forestry",123604
86,17,"Fruit",105569
86,18,"Fruit",105569
86,19,"Fruit",231969
86,20,"Fruit",13620
86,21,"Fruit",27232
86,22,"Fruit",6806
87,2,"Beef",162697
87,3,"Beef",162697
87,4,"Beef",487686
87,8,"Sheepmeat",170137
87,9,"Sheepmeat",158102
87,10,"Sheepmeat",158102
87,11,"Forestry",4335
87,12,"Forestry",4335
87,13,"Forestry",419
87,14,"Forestry",419
87,15,"Forestry",8739
87,16,"Forestry",123604
87,17,"Fruit",105569
87,18,"Fruit",105569
87,19,"Fruit",231969
87,20,"Fruit",13620
87,21,"Fruit",27232
87,22,"Fruit",6806
89,8,"Sheepmeat",893242
89,11,"Forestry",112175
89,12,"Forestry",112175
89,15,"Forestry",226159
89,16,"Forestry",1735
89,18,"Fruit",103601
89,26,"Veges",13026861
95,2,"Beef",1158
95,3,"Beef",1158
95,4,"Beef",3471
95,8,"Sheepmeat",896
95,9,"Sheepmeat",832
95,10,"Sheepmeat",832
99,2,"Beef",9478
99,3,"Beef",9478
99,4,"Beef",28410
99,8,"Sheepmeat",10661
99,9,"Sheepmeat",9907
99,10,"Sheepmeat",9907
101,2,"Beef",12
101,3,"Beef",12
101,4,"Beef",36
101,8,"Sheepmeat",9
101,9,"Sheepmeat",9
101,10,"Sheepmeat",9
104,2,"Beef",28196
104,3,"Beef",28196
104,4,"Beef",84518
104,8,"Sheepmeat",32447
104,9,"Sheepmeat",30152
104,10,"Sheepmeat",30152
104,11,"Forestry",83
104,12,"Forestry",83
104,13,"Forestry",8
104,14,"Forestry",8
104,15,"Forestry",168
104,16,"Forestry",2372
105,2,"Beef",27818
105,3,"Beef",27818
105,4,"Beef",83383
105,8,"Sheepmeat",29788
105,9,"Sheepmeat",27681
105,10,"Sheepmeat",27681
105,11,"Forestry",36
105,12,"Forestry",36
105,13,"Forestry",4
105,14,"Forestry",4
105,15,"Forestry",73
105,16,"Forestry",1032
111,2,"Beef",2117
111,3,"Beef",2117
111,4,"Beef",6345
111,8,"Sheepmeat",9066
111,9,"Sheepmeat",8425
111,10,"Sheepmeat",8425
111,11,"Forestry",2247
111,12,"Forestry",2247
111,13,"Forestry",217
111,14,"Forestry",217
111,15,"Forestry",4530
111,16,"Forestry",64074
112,1,"Dairy",294382
112,14,"Forestry",319429
113,2,"Beef",819
113,3,"Beef",819
113,4,"Beef",2454
113,8,"Sheepmeat",2886
113,9,"Sheepmeat",2682
113,10,"Sheepmeat",2682
114,2,"Beef",819
114,3,"Beef",819
114,4,"Beef",2454
114,8,"Sheepmeat",2886
114,9,"Sheepmeat",2682
114,10,"Sheepmeat",2682
118,2,"Beef",819
118,3,"Beef",819
118,4,"Beef",2454
118,8,"Sheepmeat",2886
118,9,"Sheepmeat",2682
118,10,"Sheepmeat",2682
119,2,"Beef",819
119,3,"Beef",819
119,4,"Beef",2454
119,8,"Sheepmeat",2886
119,9,"Sheepmeat",2682
119,10,"Sheepmeat",2682
121,2,"Beef",20223
121,3,"Beef",20223
121,4,"Beef",60619
121,8,"Sheepmeat",23660
121,9,"Sheepmeat",21986
121,10,"Sheepmeat",21986
121,11,"Forestry",84
121,12,"Forestry",84
121,13,"Forestry",8
121,14,"Forestry",8
121,15,"Forestry",170
123,2,"Beef",27818
123,3,"Beef",27818
123,4,"Beef",83383
123,8,"Sheepmeat",29788
123,9,"Sheepmeat",27681
123,10,"Sheepmeat",27681
123,11,"Forestry",36
123,12,"Forestry",36
123,13,"Forestry",4
123,14,"Forestry",4
123,15,"Forestry",73
123,16,"Forestry",1032
131,1,"Dairy",294382
131,14,"Forestry",319848
132,2,"Beef",134501
132,3,"Beef",134501
132,4,"Beef",403168
132,8,"Sheepmeat",137690
132,9,"Sheepmeat",127950
132,10,"Sheepmeat",127950
132,11,"Forestry",4251
132,12,"Forestry",4251
132,13,"Forestry",411
132,14,"Forestry",411
132,15,"Forestry",8571
132,16,"Forestry",121232
132,17,"Fruit",105569
132,18,"Fruit",105569
132,19,"Fruit",231969
132,20,"Fruit",13620
132,21,"Fruit",27232
132,22,"Fruit",6806
133,2,"Beef",134501
133,3,"Beef",134501
133,4,"Beef",403168
133,8,"Sheepmeat",137690
133,9,"Sheepmeat",127950
133,10,"Sheepmeat",127950
133,11,"Forestry",4251
133,12,"Forestry",4251
133,13,"Forestry",411
133,14,"Forestry",411
133,15,"Forestry",8571
133,16,"Forestry",121232
133,17,"Fruit",105569
133,18,"Fruit",105569
133,19,"Fruit",231969
133,20,"Fruit",13620
133,21,"Fruit",27232
133,22,"Fruit",6806
134,2,"Beef",134501
134,3,"Beef",134501
134,4,"Beef",403168
134,8,"Sheepmeat",137690
134,9,"Sheepmeat",127950
134,10,"Sheepmeat",127950
134,11,"Forestry",4251
134,12,"Forestry",4251
134,13,"Forestry",411
134,14,"Forestry",411
134,15,"Forestry",8571
134,16,"Forestry",121232
134,17,"Fruit",105569
134,18,"Fruit",105569
134,19,"Fruit",231969
134,20,"Fruit",13620
134,21,"Fruit",27232
134,22,"Fruit",6806
135,2,"Beef",128631
135,3,"Beef",128631
135,4,"Beef",385574
135,8,"Sheepmeat",131408
135,9,"Sheepmeat",122112
135,10,"Sheepmeat",122112
135,11,"Forestry",3748
135,12,"Forestry",3748
135,13,"Forestry",363
135,14,"Forestry",363
135,15,"Forestry",7557
135,16,"Forestry",106880
135,17,"Fruit",105569
135,18,"Fruit",105569
135,19,"Fruit",231969
135,20,"Fruit",13620
135,21,"Fruit",27232
135,22,"Fruit",6806
136,2,"Beef",128631
136,3,"Beef",128631
136,4,"Beef",385574
136,8,"Sheepmeat",131408
136,9,"Sheepmeat",122112
136,10,"Sheepmeat",122112
136,11,"Forestry",3748
136,12,"Forestry",3748
136,13,"Forestry",363
136,14,"Forestry",363
136,15,"Forestry",7557
136,16,"Forestry",106880
136,17,"Fruit",105569
136,18,"Fruit",105569
136,19,"Fruit",231969
136,20,"Fruit",13620
136,21,"Fruit",27232
136,22,"Fruit",6806
139,2,"Beef",379
139,3,"Beef",379
139,4,"Beef",1135
139,8,"Sheepmeat",2659
139,9,"Sheepmeat",2471
139,10,"Sheepmeat",2471
139,11,"Forestry",43
139,12,"Forestry",43
139,13,"Forestry",4
139,14,"Forestry",4
139,15,"Forestry",87
139,16,"Forestry",1233
140,1,"Dairy",294382
140,14,"Forestry",319857
143,1,"Dairy",294382
143,14,"Forestry",319429
144,2,"Beef",819
144,3,"Beef",819
144,4,"Beef",2454
144,8,"Sheepmeat",2886
144,9,"Sheepmeat",2682
144,10,"Sheepmeat",2682
149,2,"Beef",10613
149,3,"Beef",10613
149,4,"Beef",31812
149,8,"Sheepmeat",14262
149,9,"Sheepmeat",13253
149,10,"Sheepmeat",13253
149,11,"Forestry",4084
149,12,"Forestry",4084
149,13,"Forestry",395
149,14,"Forestry",395
149,15,"Forestry",8233
149,16,"Forestry",116450
149,23,"Veges",2545
149,24,"Veges",2460
149,25,"Veges",2460
149,26,"Veges",1018
151,2,"Beef",134501
151,3,"Beef",134501
151,4,"Beef",403168
151,8,"Sheepmeat",137690
151,9,"Sheepmeat",127950
151,10,"Sheepmeat",127950
151,11,"Forestry",4251
151,12,"Forestry",4251
151,13,"Forestry",411
151,14,"Forestry",411
151,15,"Forestry",8571
151,16,"Forestry",121232
151,17,"Fruit",105569
151,18,"Fruit",105569
151,19,"Fruit",231969
151,20,"Fruit",13620
151,21,"Fruit",27232
151,22,"Fruit",6806
155,2,"Beef",28196
155,3,"Beef",28196
155,4,"Beef",84518
155,8,"Sheepmeat",32447
155,9,"Sheepmeat",30152
155,10,"Sheepmeat",30152
155,11,"Forestry",83
155,12,"Forestry",83
155,13,"Forestry",8
155,14,"Forestry",8
155,15,"Forestry",168
155,16,"Forestry",2372
156,2,"Beef",28196
156,3,"Beef",28196
156,4,"Beef",84518
156,8,"Sheepmeat",32447
156,9,"Sheepmeat",30152
156,10,"Sheepmeat",30152
156,11,"Forestry",83
156,12,"Forestry",83
156,13,"Forestry",8
156,14,"Forestry",8
156,15,"Forestry",168
156,16,"Forestry",2372
157,2,"Beef",28196
157,3,"Beef",28196
157,4,"Beef",84518
157,8,"Sheepmeat",32447
157,9,"Sheepmeat",30152
157,10,"Sheepmeat",30152
157,11,"Forestry",83
157,12,"Forestry",83
157,13,"Forestry",8
157,14,"Forestry",8
157,15,"Forestry",168
157,16,"Forestry",2372
158,2,"Beef",379
158,3,"Beef",379
158,4,"Beef",1135
158,8,"Sheepmeat",2659
158,9,"Sheepmeat",2471
158,10,"Sheepmeat",2471
158,11,"Forestry",47
158,12,"Forestry",47
158,13,"Forestry",5
158,14,"Forestry",5
158,15,"Forestry",95
158,16,"Forestry",1340
172,14,"Forestry",319857
175,2,"Beef",58
175,3,"Beef",58
175,4,"Beef",174
175,8,"Sheepmeat",45
175,9,"Sheepmeat",42
175,10,"Sheepmeat",42
176,2,"Beef",4155
176,3,"Beef",4155
176,4,"Beef",12454
176,8,"Sheepmeat",1415
176,9,"Sheepmeat",2998
176,10,"Sheepmeat",2998
176,13,"Forestry",3
176,17,"Fruit",47409807
176,18,"Fruit",10783098
176,19,"Fruit",104174607
176,24,"Veges",8435051
176,25,"Veges",12111693
177,8,"Sheepmeat",1415
177,17,"Fruit",47409807
177,18,"Fruit",10783098
177,24,"Veges",8435051
177,25,"Veges",12111693
178,8,"Sheepmeat",1415
178,17,"Fruit",47409807
178,18,"Fruit",10783098
178,24,"Veges",8435051
178,25,"Veges",12111693
179,8,"Sheepmeat",1415
179,14,"Forestry",3
179,17,"Fruit",47409807
179,18,"Fruit",10783098
179,24,"Veges",8435051
179,25,"Veges",12111693
182,8,"Sheepmeat",1131
183,8,"Sheepmeat",4308
183,11,"Forestry",31
183,12,"Forestry",31
183,15,"Forestry",62
183,16,"Forestry",872
184,2,"Beef",64
184,3,"Beef",64
184,4,"Beef",190
184,8,"Sheepmeat",49
184,9,"Sheepmeat",46
184,10,"Sheepmeat",46
185,2,"Beef",64
185,3,"Beef",64
185,4,"Beef",190
185,8,"Sheepmeat",4357
185,9,"Sheepmeat",46
185,10,"Sheepmeat",46
185,11,"Forestry",31
185,12,"Forestry",31
185,15,"Forestry",62
185,16,"Forestry",872
185,19,"Fruit",149387324
186,2,"Beef",4155
186,3,"Beef",4155
186,4,"Beef",12454
186,9,"Sheepmeat",2998
186,10,"Sheepmeat",2998
186,13,"Forestry",3
186,19,"Fruit",104174607
187,2,"Beef",4091
187,3,"Beef",4091
187,4,"Beef",12263
187,9,"Sheepmeat",2952
187,10,"Sheepmeat",2952
187,13,"Forestry",3
187,14,"Forestry",3
188,8,"Sheepmeat",45
189,2,"Beef",64
189,3,"Beef",64
189,4,"Beef",190
189,8,"Sheepmeat",45
189,9,"Sheepmeat",46
189,10,"Sheepmeat",46
189,14,"Forestry",3
189,19,"Fruit",104174607
190,2,"Beef",64
190,3,"Beef",64
190,4,"Beef",190
190,8,"Sheepmeat",45
190,9,"Sheepmeat",46
190,10,"Sheepmeat",46
190,14,"Forestry",3
190,19,"Fruit",104174607
191,14,"Forestry",3
193,2,"Beef",4
193,3,"Beef",4
193,4,"Beef",11
193,8,"Sheepmeat",3
193,9,"Sheepmeat",3
193,10,"Sheepmeat",3
193,17,"Fruit",47409807
193,18,"Fruit",10783098
193,19,"Fruit",104174607
193,24,"Veges",8435051
193,25,"Veges",12111693
194,2,"Beef",7913
194,3,"Beef",7913
194,4,"Beef",23719
194,8,"Sheepmeat",318
194,9,"Sheepmeat",5907
194,10,"Sheepmeat",5907
194,13,"Forestry",18
194,17,"Fruit",47409807
194,18,"Fruit",10783098
194,19,"Fruit",104174607
194,24,"Veges",8435051
194,25,"Veges",12111693
195,2,"Beef",1829
195,3,"Beef",1829
195,4,"Beef",5481
195,8,"Sheepmeat",1415
195,9,"Sheepmeat",1315
195,10,"Sheepmeat",1315
198,2,"Beef",7913
198,3,"Beef",7913
198,4,"Beef",23719
198,8,"Sheepmeat",318
198,9,"Sheepmeat",5700
198,10,"Sheepmeat",5700
198,13,"Forestry",3
198,17,"Fruit",47409807
198,18,"Fruit",10783098
198,19,"Fruit",104174607
198,24,"Veges",8435051
198,25,"Veges",12111693
206,9,"Sheepmeat",207
206,10,"Sheepmeat",207
206,13,"Forestry",15
207,9,"Sheepmeat",207
207,10,"Sheepmeat",207
207,13,"Forestry",15
209,9,"Sheepmeat",207
209,10,"Sheepmeat",207
209,13,"Forestry",15
211,2,"Beef",7913
211,3,"Beef",7913
211,4,"Beef",23719
211,8,"Sheepmeat",318
211,9,"Sheepmeat",5700
211,10,"Sheepmeat",5700
211,13,"Forestry",3
211,17,"Fruit",47409807
211,18,"Fruit",10783098
211,19,"Fruit",104174607
211,24,"Veges",8435051
211,25,"Veges",12111693
212,2,"Beef",7503
212,3,"Beef",7503
212,4,"Beef",22489
212,9,"Sheepmeat",5405
212,10,"Sheepmeat",5405
212,13,"Forestry",3
212,17,"Fruit",47409807
212,18,"Fruit",10783098
212,19,"Fruit",104174607
212,24,"Veges",8435051
212,25,"Veges",12111693
213,2,"Beef",5674
213,3,"Beef",5674
213,4,"Beef",17008
213,8,"Sheepmeat",1415
213,9,"Sheepmeat",4090
213,10,"Sheepmeat",4090
213,13,"Forestry",3
213,17,"Fruit",47409807
213,18,"Fruit",10783098
213,19,"Fruit",104174607
213,24,"Veges",8435051
213,25,"Veges",12111693
216,11,"Forestry",93
216,12,"Forestry",93
216,13,"Forestry",9
216,14,"Forestry",9
216,15,"Forestry",188
216,16,"Forestry",5061
220,16,"Forestry",97107183
235,2,"Beef",17389
235,3,"Beef",17389
235,4,"Beef",52123
235,8,"Sheepmeat",28963
235,9,"Sheepmeat",12501
235,10,"Sheepmeat",12501
235,11,"Forestry",162
235,12,"Forestry",162
235,13,"Forestry",407
235,14,"Forestry",9
235,15,"Forestry",1300
235,17,"Fruit",14307618
235,18,"Fruit",14307618
235,19,"Fruit",31438443
235,22,"Fruit",3
235,24,"Veges",32964403
235,25,"Veges",32964403
235,26,"Veges",13641183
236,8,"Sheepmeat",256
236,9,"Sheepmeat",238
236,10,"Sheepmeat",238
237,2,"Beef",67424
237,3,"Beef",67424
237,4,"Beef",202105
237,8,"Sheepmeat",129086
237,9,"Sheepmeat",105541
237,10,"Sheepmeat",105541
237,11,"Forestry",3223
237,12,"Forestry",3223
237,13,"Forestry",704
237,14,"Forestry",305
237,15,"Forestry",7470
237,17,"Fruit",14307618
237,18,"Fruit",14307618
237,19,"Fruit",31438443
237,22,"Fruit",3
237,24,"Veges",32964403
237,25,"Veges",32964403
237,26,"Veges",13641183
263,16,"Forestry",872
263,17,"Fruit",912054
263,19,"Fruit",2004076
264,16,"Forestry",872
264,17,"Fruit",912054
264,19,"Fruit",2004076
268,16,"Forestry",872
268,17,"Fruit",912054
268,19,"Fruit",2004076
270,24,"Veges",47872946
270,25,"Veges",31479872
271,2,"Beef",14490
271,3,"Beef",14490
271,4,"Beef",43435
271,9,"Sheepmeat",19161
271,10,"Sheepmeat",19161
271,13,"Forestry",473
271,14,"Forestry",331220
271,16,"Forestry",3624
272,8,"Sheepmeat",565
272,9,"Sheepmeat",525
272,10,"Sheepmeat",525
272,25,"Veges",58867488
273,8,"Sheepmeat",565
273,9,"Sheepmeat",525
273,10,"Sheepmeat",525
273,24,"Veges",47872946
273,25,"Veges",90347360
274,8,"Sheepmeat",51
274,9,"Sheepmeat",48
274,10,"Sheepmeat",48
274,24,"Veges",47872946
274,25,"Veges",51549587
275,8,"Sheepmeat",209
275,9,"Sheepmeat",185
275,10,"Sheepmeat",185
275,16,"Forestry",872
275,17,"Fruit",67074036
275,19,"Fruit",2004076
277,8,"Sheepmeat",10
277,16,"Forestry",872
277,17,"Fruit",912054
277,19,"Fruit",2004076
278,2,"Beef",17221
278,3,"Beef",17221
278,4,"Beef",51621
278,8,"Sheepmeat",20749
278,9,"Sheepmeat",19281
278,10,"Sheepmeat",19281
278,11,"Forestry",83
278,12,"Forestry",83
278,13,"Forestry",8
278,14,"Forestry",8
278,15,"Forestry",167
278,16,"Forestry",2356
279,9,"Sheepmeat",9
279,10,"Sheepmeat",9
283,2,"Beef",1628
283,3,"Beef",1628
283,4,"Beef",4881
283,8,"Sheepmeat",1260
283,9,"Sheepmeat",1171
283,10,"Sheepmeat",1171
284,2,"Beef",1907
284,3,"Beef",1907
284,4,"Beef",5717
284,8,"Sheepmeat",2183
284,9,"Sheepmeat",1371
284,10,"Sheepmeat",1371
284,11,"Forestry",127
284,12,"Forestry",127
284,13,"Forestry",12
284,14,"Forestry",332224
284,15,"Forestry",256
284,16,"Forestry",3624
284,17,"Fruit",3013917
284,18,"Fruit",3013917
284,19,"Fruit",6622546
284,20,"Fruit",6
284,21,"Fruit",12
284,24,"Veges",6473492
284,25,"Veges",6473492
284,26,"Veges",2678832
285,2,"Beef",1475
285,3,"Beef",1475
285,4,"Beef",4422
285,8,"Sheepmeat",1141
285,9,"Sheepmeat",1061
285,10,"Sheepmeat",1061
288,2,"Beef",67424
288,3,"Beef",67424
288,4,"Beef",202105
288,8,"Sheepmeat",129086
288,9,"Sheepmeat",105541
288,10,"Sheepmeat",105541
288,11,"Forestry",3223
288,12,"Forestry",3223
288,13,"Forestry",704
288,14,"Forestry",305
288,15,"Forestry",7470
288,17,"Fruit",14307618
288,18,"Fruit",14307618
288,19,"Fruit",31438443
288,22,"Fruit",3
288,24,"Veges",32964403
288,25,"Veges",32964403
288,26,"Veges",13641183
289,2,"Beef",8721
289,3,"Beef",8721
289,4,"Beef",26142
289,8,"Sheepmeat",22258
289,9,"Sheepmeat",6270
289,10,"Sheepmeat",6270
289,11,"Forestry",162
289,12,"Forestry",162
289,13,"Forestry",407
289,14,"Forestry",9
289,15,"Forestry",1300
289,17,"Fruit",14307572
289,18,"Fruit",14307572
289,19,"Fruit",31438342
289,24,"Veges",32964403
289,25,"Veges",32964403
289,26,"Veges",13641183
290,2,"Beef",17220
290,3,"Beef",17220
290,4,"Beef",51616
290,8,"Sheepmeat",20493
290,9,"Sheepmeat",19044
290,10,"Sheepmeat",19044
290,11,"Forestry",31
290,12,"Forestry",31
290,13,"Forestry",3
290,14,"Forestry",3
290,15,"Forestry",62
290,16,"Forestry",875
291,2,"Beef",17221
291,3,"Beef",17221
291,4,"Beef",51621
291,8,"Sheepmeat",21338
291,9,"Sheepmeat",19828
291,10,"Sheepmeat",19828
291,11,"Forestry",84
291,12,"Forestry",84
291,13,"Forestry",8
291,14,"Forestry",8
291,15,"Forestry",170
291,16,"Forestry",2398
294,2,"Beef",17266
294,3,"Beef",17266
294,4,"Beef",51756
294,8,"Sheepmeat",21373
294,9,"Sheepmeat",19861
294,10,"Sheepmeat",19861
294,11,"Forestry",84
294,12,"Forestry",84
294,13,"Forestry",8
294,14,"Forestry",8
294,15,"Forestry",170
294,16,"Forestry",2398
295,2,"Beef",20493
295,3,"Beef",20493
295,4,"Beef",61427
295,8,"Sheepmeat",23869
295,9,"Sheepmeat",22180
295,10,"Sheepmeat",22180
295,11,"Forestry",84
295,12,"Forestry",84
295,13,"Forestry",8
295,14,"Forestry",8
295,15,"Forestry",170
296,2,"Beef",269
296,3,"Beef",269
296,4,"Beef",808
296,8,"Sheepmeat",208
296,9,"Sheepmeat",194
296,10,"Sheepmeat",194
297,2,"Beef",65
297,3,"Beef",65
297,4,"Beef",195
297,8,"Sheepmeat",50
297,9,"Sheepmeat",47
297,10,"Sheepmeat",47
298,2,"Beef",98042
298,3,"Beef",98042
298,4,"Beef",293881
298,8,"Sheepmeat",148359
298,9,"Sheepmeat",139211
298,10,"Sheepmeat",139211
298,11,"Forestry",10228
298,12,"Forestry",10228
298,13,"Forestry",1855
298,14,"Forestry",332191
298,15,"Forestry",21595
298,17,"Fruit",17321535
298,18,"Fruit",17321535
298,19,"Fruit",38060989
298,22,"Fruit",3
298,24,"Veges",39437895
298,25,"Veges",39437895
298,26,"Veges",16320015
299,14,"Forestry",18
299,15,"Forestry",21595
299,17,"Fruit",17321535
299,18,"Fruit",17321535
299,19,"Fruit",38060989
299,24,"Veges",39437895
299,25,"Veges",39437895
300,14,"Forestry",18
300,15,"Forestry",21595
300,17,"Fruit",17321535
300,18,"Fruit",17321535
300,19,"Fruit",38060989
300,24,"Veges",39437895
300,25,"Veges",39437895
301,14,"Forestry",18
301,15,"Forestry",21595
301,17,"Fruit",17321535
301,18,"Fruit",17321535
301,19,"Fruit",38060989
301,24,"Veges",39437895
301,25,"Veges",39437895
302,14,"Forestry",18
302,15,"Forestry",21595
302,17,"Fruit",17321535
302,18,"Fruit",17321535
302,19,"Fruit",38060989
302,24,"Veges",39437895
302,25,"Veges",39437895
303,9,"Sheepmeat",198
303,10,"Sheepmeat",198
303,13,"Forestry",15
303,14,"Forestry",18
303,15,"Forestry",21595
303,17,"Fruit",17321535
303,18,"Fruit",17321535
303,19,"Fruit",38060989
303,24,"Veges",39437895
303,25,"Veges",39437895
304,8,"Sheepmeat",5820
304,9,"Sheepmeat",194
304,10,"Sheepmeat",194
304,11,"Forestry",31
304,12,"Forestry",31
304,13,"Forestry",15
304,14,"Forestry",15
304,15,"Forestry",21656
304,16,"Forestry",872
304,17,"Fruit",64731342
304,18,"Fruit",28104633
304,19,"Fruit",7151727
304,24,"Veges",47872946
304,25,"Veges",51549587
305,8,"Sheepmeat",6039
305,11,"Forestry",31
305,12,"Forestry",31
305,13,"Forestry",15
305,14,"Forestry",15
305,15,"Forestry",21656
305,17,"Fruit",2342693
305,18,"Fruit",28104633
305,19,"Fruit",5147652
305,24,"Veges",47872946
305,25,"Veges",51549587
306,2,"Beef",323
306,3,"Beef",323
306,4,"Beef",967
306,8,"Sheepmeat",6343
306,9,"Sheepmeat",282
306,10,"Sheepmeat",282
306,11,"Forestry",31
306,12,"Forestry",31
306,13,"Forestry",15
306,14,"Forestry",15
306,15,"Forestry",21656
306,16,"Forestry",1735
306,17,"Fruit",2342693
306,18,"Fruit",28104633
306,19,"Fruit",5147652
309,2,"Beef",392
309,3,"Beef",392
309,4,"Beef",1175
309,8,"Sheepmeat",6961
309,9,"Sheepmeat",857
309,10,"Sheepmeat",857
309,11,"Forestry",91
309,12,"Forestry",91
309,13,"Forestry",9
309,14,"Forestry",9
309,15,"Forestry",21779
309,17,"Fruit",2342693
309,18,"Fruit",39881457
309,19,"Fruit",5147652
309,25,"Veges",58867488
310,16,"Forestry",1735
310,24,"Veges",47872946
310,25,"Veges",51549587
311,1,"Dairy",9852786
311,2,"Beef",366292
311,3,"Beef",366292
311,4,"Beef",1097964
311,8,"Sheepmeat",886409
311,9,"Sheepmeat",823705
311,10,"Sheepmeat",823705
311,11,"Forestry",111042
311,12,"Forestry",111042
311,13,"Forestry",10746
311,14,"Forestry",10746
311,15,"Forestry",223876
311,16,"Forestry",3166502
311,17,"Fruit",95602
311,18,"Fruit",95602
311,19,"Fruit",210068
311,20,"Fruit",12334
311,21,"Fruit",24661
311,22,"Fruit",6163
312,2,"Beef",984742
312,3,"Beef",984742
312,4,"Beef",2951777
312,8,"Sheepmeat",3726804
312,9,"Sheepmeat",3592800
312,10,"Sheepmeat",3592800
312,11,"Forestry",1052577
312,12,"Forestry",1052577
312,13,"Forestry",101862
312,14,"Forestry",101862
312,15,"Forestry",2122131
312,16,"Forestry",30015420
312,20,"Fruit",2283
312,21,"Fruit",4564
312,23,"Veges",6300643
315,2,"Beef",626325
315,3,"Beef",626325
315,4,"Beef",1877417
315,8,"Sheepmeat",1120307
315,9,"Sheepmeat",1041057
315,10,"Sheepmeat",1041057
315,11,"Forestry",596
315,12,"Forestry",596
315,13,"Forestry",58
315,14,"Forestry",58
315,15,"Forestry",1201
315,16,"Forestry",16992
317,2,"Beef",8739
317,3,"Beef",8739
317,4,"Beef",26197
317,8,"Sheepmeat",15039
317,9,"Sheepmeat",13976
317,10,"Sheepmeat",13976
319,16,"Forestry",872
319,17,"Fruit",808453
319,19,"Fruit",1776431
320,16,"Forestry",872
320,17,"Fruit",808453
320,19,"Fruit",1776431
321,16,"Forestry",872
321,17,"Fruit",808453
321,19,"Fruit",1776431
322,8,"Sheepmeat",20644
322,11,"Forestry",5158
322,12,"Forestry",5158
322,15,"Forestry",10399
322,16,"Forestry",872
322,17,"Fruit",912054
322,19,"Fruit",2004076
323,16,"Forestry",872
323,26,"Veges",21332022
328,9,"Sheepmeat",9
328,10,"Sheepmeat",9
329,9,"Sheepmeat",9
329,10,"Sheepmeat",9
330,9,"Sheepmeat",9
330,10,"Sheepmeat",9
331,15,"Forestry",21595
331,17,"Fruit",17321535
331,18,"Fruit",17321535
331,19,"Fruit",38060989
331,24,"Veges",39437895
331,25,"Veges",39437895
332,9,"Sheepmeat",207
332,10,"Sheepmeat",207
332,13,"Forestry",15
333,2,"Beef",547
333,3,"Beef",547
333,4,"Beef",1639
333,8,"Sheepmeat",423
333,9,"Sheepmeat",393
333,10,"Sheepmeat",393
333,17,"Fruit",512964
333,18,"Fruit",512964
333,19,"Fruit",1127147
333,20,"Fruit",66180
333,21,"Fruit",132322
333,22,"Fruit",33071
333,23,"Veges",18691
333,24,"Veges",18069
333,25,"Veges",18069
333,26,"Veges",7477
334,16,"Forestry",1735
334,26,"Veges",13026861
335,16,"Forestry",1735
335,26,"Veges",13026861
336,16,"Forestry",1735
336,26,"Veges",13026861
339,16,"Forestry",2398
343,2,"Beef",13956
343,3,"Beef",13956
343,4,"Beef",41834
343,9,"Sheepmeat",18777
343,10,"Sheepmeat",18777
343,13,"Forestry",443
343,14,"Forestry",443
345,11,"Forestry",93
345,12,"Forestry",93
345,13,"Forestry",9
345,14,"Forestry",9
345,15,"Forestry",188
345,16,"Forestry",2663
346,2,"Beef",2892
346,3,"Beef",2892
346,4,"Beef",8668
346,8,"Sheepmeat",2237
346,9,"Sheepmeat",2079
346,10,"Sheepmeat",2079
349,2,"Beef",534
349,3,"Beef",534
349,4,"Beef",1601
349,9,"Sheepmeat",384
349,10,"Sheepmeat",384
349,13,"Forestry",31
349,14,"Forestry",330778
349,16,"Forestry",3624
352,16,"Forestry",2398
353,16,"Forestry",2398
357,14,"Forestry",9
357,16,"Forestry",175254429
366,2,"Beef",379
366,3,"Beef",379
366,4,"Beef",1135
366,8,"Sheepmeat",2659
366,9,"Sheepmeat",2471
366,10,"Sheepmeat",2471
366,11,"Forestry",47
366,12,"Forestry",47
366,13,"Forestry",5
366,14,"Forestry",5
366,15,"Forestry",95
366,16,"Forestry",1340
371,2,"Beef",410
371,3,"Beef",410
371,4,"Beef",1230
371,8,"Sheepmeat",318
371,9,"Sheepmeat",295
371,10,"Sheepmeat",295
376,2,"Beef",1156
376,3,"Beef",1156
376,4,"Beef",3466
376,8,"Sheepmeat",895
376,9,"Sheepmeat",831
376,10,"Sheepmeat",831
377,2,"Beef",1
377,3,"Beef",1
377,4,"Beef",3
377,8,"Sheepmeat",1
377,9,"Sheepmeat",1
377,10,"Sheepmeat",1
378,9,"Sheepmeat",9
378,10,"Sheepmeat",9
378,16,"Forestry",872
378,17,"Fruit",912054
378,19,"Fruit",2004076
380,2,"Beef",339
380,3,"Beef",339
380,4,"Beef",1015
380,8,"Sheepmeat",262
380,9,"Sheepmeat",244
380,10,"Sheepmeat",244
384,2,"Beef",13335251
384,3,"Beef",13335251
384,4,"Beef",39972580
384,5,"Beef",8405
384,6,"Beef",8405
384,7,"Beef",25194
384,9,"Sheepmeat",25505372
384,10,"Sheepmeat",25505372
384,13,"Forestry",319866
384,16,"Forestry",60374389
384,17,"Fruit",808453
384,19,"Fruit",1776431
384,20,"Fruit",102020
384,21,"Fruit",203981
384,22,"Fruit",52121
384,23,"Veges",26264458
390,8,"Sheepmeat",893242
390,11,"Forestry",112175
390,12,"Forestry",112175
390,15,"Forestry",226159
390,16,"Forestry",1735
390,18,"Fruit",103601
390,26,"Veges",13026861
391,16,"Forestry",1735
391,26,"Veges",13026861
392,26,"Veges",16320015
393,26,"Veges",16320015
394,26,"Veges",16320015
395,26,"Veges",16320015
396,26,"Veges",16320015
397,26,"Veges",16320015
398,26,"Veges",16320015
399,26,"Veges",16320015
400,26,"Veges",16320015
408,2,"Beef",535
408,3,"Beef",535
408,4,"Beef",1603
408,8,"Sheepmeat",414
408,9,"Sheepmeat",384
408,10,"Sheepmeat",384
408,11,"Forestry",35
408,12,"Forestry",35
408,13,"Forestry",3
408,14,"Forestry",3
408,15,"Forestry",71
408,16,"Forestry",1010
409,16,"Forestry",1735
409,26,"Veges",13026861
410,2,"Beef",58811
410,3,"Beef",58811
410,4,"Beef",176287
410,8,"Sheepmeat",46775
410,9,"Sheepmeat",43466
410,10,"Sheepmeat",43466
410,23,"Veges",104
410,24,"Veges",101
410,25,"Veges",101
411,26,"Veges",42
412,2,"Beef",58608
412,3,"Beef",58608
412,4,"Beef",175680
412,8,"Sheepmeat",46612
412,9,"Sheepmeat",43315
412,10,"Sheepmeat",43315
412,23,"Veges",104
412,24,"Veges",101
412,25,"Veges",101
412,26,"Veges",42
413,9,"Sheepmeat",207
413,10,"Sheepmeat",207
413,13,"Forestry",15
414,2,"Beef",13676
414,3,"Beef",13676
414,4,"Beef",40994
414,8,"Sheepmeat",13718
414,9,"Sheepmeat",12747
414,10,"Sheepmeat",12747
414,11,"Forestry",6795
414,12,"Forestry",6795
414,13,"Forestry",658
414,14,"Forestry",658
414,15,"Forestry",13701
415,2,"Beef",1461
415,3,"Beef",1461
415,4,"Beef",4381
415,9,"Sheepmeat",1051
415,10,"Sheepmeat",1051
416,2,"Beef",1519
416,3,"Beef",1519
416,4,"Beef",4554
416,8,"Sheepmeat",45
416,9,"Sheepmeat",1092
416,10,"Sheepmeat",1092
417,2,"Beef",1519
417,3,"Beef",1519
417,4,"Beef",4554
417,9,"Sheepmeat",1092
417,10,"Sheepmeat",1092
418,2,"Beef",1519
418,3,"Beef",1519
418,4,"Beef",4554
418,9,"Sheepmeat",1092
418,10,"Sheepmeat",1092
419,2,"Beef",351
419,3,"Beef",351
419,4,"Beef",1052
419,8,"Sheepmeat",271
419,9,"Sheepmeat",252
419,10,"Sheepmeat",252
420,2,"Beef",351
420,3,"Beef",351
420,4,"Beef",1052
420,8,"Sheepmeat",271
420,9,"Sheepmeat",252
420,10,"Sheepmeat",252
421,2,"Beef",351
421,3,"Beef",351
421,4,"Beef",1052
421,8,"Sheepmeat",271
421,9,"Sheepmeat",252
421,10,"Sheepmeat",252
422,2,"Beef",99
422,3,"Beef",99
422,4,"Beef",296
422,8,"Sheepmeat",4231
422,9,"Sheepmeat",71
422,10,"Sheepmeat",71
422,11,"Forestry",31
422,12,"Forestry",31
422,15,"Forestry",62
422,16,"Forestry",872
432,8,"Sheepmeat",21601
432,9,"Sheepmeat",889
432,10,"Sheepmeat",889
432,11,"Forestry",5158
432,12,"Forestry",5158
432,15,"Forestry",10399
432,26,"Veges",21332022
433,8,"Sheepmeat",957
433,9,"Sheepmeat",889
433,10,"Sheepmeat",889
434,1,"Dairy",762382
434,2,"Beef",221311
434,3,"Beef",221311
434,4,"Beef",663381
434,5,"Beef",21767
434,6,"Beef",21767
434,7,"Beef",65246
434,8,"Sheepmeat",301789
434,9,"Sheepmeat",280441
434,10,"Sheepmeat",280441
434,11,"Forestry",819
434,12,"Forestry",819
434,13,"Forestry",79
434,14,"Forestry",79
434,15,"Forestry",1651
434,16,"Forestry",23347
434,17,"Fruit",35205
434,18,"Fruit",35205
434,19,"Fruit",77357
434,20,"Fruit",4542
434,21,"Fruit",9081
434,22,"Fruit",2270
434,23,"Veges",167472
434,24,"Veges",161891
434,25,"Veges",161891
434,26,"Veges",66993
435,26,"Veges",21332022
436,26,"Veges",21332022
437,2,"Beef",2
437,3,"Beef",2
437,4,"Beef",5
437,8,"Sheepmeat",255
437,9,"Sheepmeat",237
437,10,"Sheepmeat",237
437,11,"Forestry",52
437,12,"Forestry",52
437,13,"Forestry",5
437,14,"Forestry",5
437,15,"Forestry",105
437,16,"Forestry",1481
438,2,"Beef",10643
438,3,"Beef",10643
438,4,"Beef",31902
438,8,"Sheepmeat",15405
438,9,"Sheepmeat",14315
438,10,"Sheepmeat",14315
438,11,"Forestry",31
438,12,"Forestry",31
438,13,"Forestry",3
438,14,"Forestry",3
438,15,"Forestry",62
438,16,"Forestry",875
439,2,"Beef",6577
439,3,"Beef",6577
439,4,"Beef",19714
439,8,"Sheepmeat",5088
439,9,"Sheepmeat",4728
439,10,"Sheepmeat",4728
441,19,"Fruit",149387324
443,2,"Beef",2692
443,3,"Beef",2692
443,4,"Beef",8068
443,8,"Sheepmeat",2082
443,9,"Sheepmeat",1935
443,10,"Sheepmeat",1935
445,2,"Beef",9623
445,3,"Beef",9623
445,4,"Beef",28844
445,8,"Sheepmeat",13806
445,9,"Sheepmeat",12829
445,10,"Sheepmeat",12829
445,11,"Forestry",125
445,12,"Forestry",125
445,13,"Forestry",12
445,14,"Forestry",12
445,15,"Forestry",253
445,16,"Forestry",3575
446,2,"Beef",3993
446,3,"Beef",3993
446,4,"Beef",11968
446,8,"Sheepmeat",3101
446,9,"Sheepmeat",2881
446,10,"Sheepmeat",2881
446,11,"Forestry",31
446,12,"Forestry",31
446,13,"Forestry",3
446,14,"Forestry",3
446,15,"Forestry",62
446,16,"Forestry",872
447,16,"Forestry",2398
448,16,"Forestry",2398
449,16,"Forestry",2398
456,2,"Beef",819
456,3,"Beef",819
456,4,"Beef",2454
456,8,"Sheepmeat",2538
456,9,"Sheepmeat",2358
456,10,"Sheepmeat",2358
458,26,"Veges",16320015
459,2,"Beef",15192
459,3,"Beef",15192
459,4,"Beef",45538
459,8,"Sheepmeat",543
459,9,"Sheepmeat",19665
459,10,"Sheepmeat",19665
459,11,"Forestry",83
459,12,"Forestry",83
459,13,"Forestry",481
459,14,"Forestry",331228
459,15,"Forestry",167
459,16,"Forestry",3624
462,2,"Beef",1628
462,3,"Beef",1628
462,4,"Beef",4881
462,8,"Sheepmeat",1260
462,9,"Sheepmeat",1171
462,10,"Sheepmeat",1171
463,2,"Beef",10
463,3,"Beef",10
463,4,"Beef",31
463,8,"Sheepmeat",8
463,9,"Sheepmeat",7
463,10,"Sheepmeat",7
472,2,"Beef",13676
472,3,"Beef",13676
472,4,"Beef",40994
472,8,"Sheepmeat",13718
472,9,"Sheepmeat",12747
472,10,"Sheepmeat",12747
472,11,"Forestry",6795
472,12,"Forestry",6795
472,13,"Forestry",658
472,14,"Forestry",658
472,15,"Forestry",13701
473,2,"Beef",13676
473,3,"Beef",13676
473,4,"Beef",40994
473,8,"Sheepmeat",13718
473,9,"Sheepmeat",12747
473,10,"Sheepmeat",12747
473,11,"Forestry",6795
473,12,"Forestry",6795
473,13,"Forestry",658
473,14,"Forestry",658
473,15,"Forestry",13701
481,2,"Beef",98042
481,3,"Beef",98042
481,4,"Beef",293881
481,8,"Sheepmeat",148359
481,9,"Sheepmeat",139211
481,10,"Sheepmeat",139211
481,11,"Forestry",10228
481,12,"Forestry",10228
481,13,"Forestry",1855
481,14,"Forestry",33
481,15,"Forestry",21595
481,17,"Fruit",17321535
481,18,"Fruit",17321535
481,19,"Fruit",38060989
481,22,"Fruit",3
481,24,"Veges",39437895
481,25,"Veges",39437895
481,26,"Veges",16320015
482,2,"Beef",225
482,3,"Beef",225
482,4,"Beef",674
482,8,"Sheepmeat",549
482,9,"Sheepmeat",510
482,10,"Sheepmeat",510
484,2,"Beef",702
484,3,"Beef",702
484,4,"Beef",2103
484,8,"Sheepmeat",543
484,9,"Sheepmeat",504
484,10,"Sheepmeat",504
484,11,"Forestry",83
484,12,"Forestry",83
484,13,"Forestry",8
484,14,"Forestry",8
484,15,"Forestry",167
488,2,"Beef",1
488,3,"Beef",1
488,4,"Beef",3
488,8,"Sheepmeat",1
488,9,"Sheepmeat",1
488,10,"Sheepmeat",1
489,2,"Beef",1
489,3,"Beef",1
489,4,"Beef",3
489,8,"Sheepmeat",1
489,9,"Sheepmeat",1
489,10,"Sheepmeat",1
491,9,"Sheepmeat",9
491,10,"Sheepmeat",9
497,2,"Beef",50022
497,3,"Beef",50022
497,4,"Beef",149941
497,8,"Sheepmeat",100105
497,9,"Sheepmeat",93024
497,10,"Sheepmeat",93024
497,11,"Forestry",3061
497,12,"Forestry",3061
497,13,"Forestry",296
497,14,"Forestry",296
497,15,"Forestry",6171
498,2,"Beef",50036
498,3,"Beef",50036
498,4,"Beef",149982
498,8,"Sheepmeat",100123
498,9,"Sheepmeat",93040
498,10,"Sheepmeat",93040
498,11,"Forestry",3061
498,12,"Forestry",3061
498,13,"Forestry",296
498,14,"Forestry",296
498,15,"Forestry",6171
501,2,"Beef",5869
501,3,"Beef",5869
501,4,"Beef",17594
501,8,"Sheepmeat",6281
501,9,"Sheepmeat",5837
501,10,"Sheepmeat",5837
501,11,"Forestry",342
501,12,"Forestry",342
501,13,"Forestry",33
501,14,"Forestry",33
501,15,"Forestry",690
501,16,"Forestry",9759
506,2,"Beef",13956
506,3,"Beef",13956
506,4,"Beef",41834
506,9,"Sheepmeat",18777
506,10,"Sheepmeat",18777
506,13,"Forestry",443
506,14,"Forestry",443
510,2,"Beef",534
510,3,"Beef",534
510,4,"Beef",1601
510,9,"Sheepmeat",384
510,10,"Sheepmeat",384
510,13,"Forestry",31
510,14,"Forestry",57
510,16,"Forestry",171935341
515,2,"Beef",28
515,3,"Beef",28
515,4,"Beef",82
515,8,"Sheepmeat",11531
515,9,"Sheepmeat",20
515,10,"Sheepmeat",20
515,11,"Forestry",4091
515,12,"Forestry",4091
515,13,"Forestry",26
515,14,"Forestry",26
515,15,"Forestry",8248
515,16,"Forestry",113698
518,1,"Dairy",6465984
518,16,"Forestry",171621493
519,1,"Dairy",6465984
519,2,"Beef",50036
519,3,"Beef",50036
519,4,"Beef",149982
519,8,"Sheepmeat",100123
519,9,"Sheepmeat",93040
519,10,"Sheepmeat",93040
519,11,"Forestry",3061
519,12,"Forestry",3061
519,13,"Forestry",296
519,14,"Forestry",296
519,15,"Forestry",6171
519,16,"Forestry",171621493
520,1,"Dairy",6465984
520,2,"Beef",13676
520,3,"Beef",13676
520,4,"Beef",40994
520,8,"Sheepmeat",13718
520,9,"Sheepmeat",12747
520,10,"Sheepmeat",12747
520,11,"Forestry",6795
520,12,"Forestry",6795
520,13,"Forestry",658
520,14,"Forestry",658
520,15,"Forestry",13701
520,16,"Forestry",171621493
521,1,"Dairy",6465984
521,2,"Beef",1
521,3,"Beef",1
521,4,"Beef",3
521,8,"Sheepmeat",1
521,9,"Sheepmeat",1
521,10,"Sheepmeat",1
521,16,"Forestry",171621493
522,1,"Dairy",6465984
522,16,"Forestry",171621493
523,1,"Dairy",6465984
523,2,"Beef",10685
523,3,"Beef",10685
523,4,"Beef",32027
523,9,"Sheepmeat",16425
523,10,"Sheepmeat",16425
523,13,"Forestry",401
523,14,"Forestry",401
523,16,"Forestry",171718288
524,1,"Dairy",6465984
524,2,"Beef",10685
524,3,"Beef",10685
524,4,"Beef",32027
524,9,"Sheepmeat",16425
524,10,"Sheepmeat",16425
524,13,"Forestry",401
524,14,"Forestry",401
524,16,"Forestry",171718288
528,1,"Dairy",6465984
528,16,"Forestry",171621493
530,1,"Dairy",9558404
530,2,"Beef",366292
530,3,"Beef",366292
530,4,"Beef",1097964
530,9,"Sheepmeat",823705
530,10,"Sheepmeat",823705
530,13,"Forestry",10746
530,17,"Fruit",95602
530,19,"Fruit",210068
530,20,"Fruit",12334
530,21,"Fruit",24661
530,22,"Fruit",6163
531,1,"Dairy",9558404
531,2,"Beef",369148
531,3,"Beef",369148
531,4,"Beef",1106524
531,9,"Sheepmeat",830055
531,10,"Sheepmeat",830055
531,13,"Forestry",10856
531,17,"Fruit",103601
531,19,"Fruit",227645
531,20,"Fruit",13366
531,21,"Fruit",26724
531,22,"Fruit",6679
532,1,"Dairy",9558404
532,2,"Beef",369148
532,3,"Beef",369148
532,4,"Beef",1106524
532,9,"Sheepmeat",830055
532,10,"Sheepmeat",830055
532,13,"Forestry",10856
532,17,"Fruit",103601
532,19,"Fruit",227645
532,20,"Fruit",13366
532,21,"Fruit",26724
532,22,"Fruit",6679
533,1,"Dairy",9558404
533,2,"Beef",369148
533,3,"Beef",369148
533,4,"Beef",1106524
533,9,"Sheepmeat",830055
533,10,"Sheepmeat",830055
533,13,"Forestry",10856
533,17,"Fruit",103601
533,19,"Fruit",227645
533,20,"Fruit",13366
533,21,"Fruit",26724
533,22,"Fruit",6679
534,1,"Dairy",9558404
534,2,"Beef",369175
534,3,"Beef",369175
534,4,"Beef",1106607
534,8,"Sheepmeat",11531
534,9,"Sheepmeat",830074
534,10,"Sheepmeat",830074
534,11,"Forestry",4091
534,12,"Forestry",4091
534,13,"Forestry",10881
534,14,"Forestry",26
534,15,"Forestry",8248
534,17,"Fruit",103601
534,19,"Fruit",227645
534,20,"Fruit",13366
534,21,"Fruit",26724
534,22,"Fruit",6679
536,16,"Forestry",113698
537,16,"Forestry",113698
538,1,"Dairy",3092420
538,2,"Beef",369179
538,3,"Beef",369179
538,4,"Beef",1106619
538,8,"Sheepmeat",20644
538,9,"Sheepmeat",830077
538,10,"Sheepmeat",830077
538,11,"Forestry",5158
538,12,"Forestry",5158
538,13,"Forestry",10881
538,15,"Forestry",10399
538,17,"Fruit",103601
538,19,"Fruit",227645
538,20,"Fruit",13366
538,21,"Fruit",26724
538,22,"Fruit",6679
540,8,"Sheepmeat",11509
540,11,"Forestry",3987
540,12,"Forestry",3987
540,13,"Forestry",16
540,14,"Forestry",16
540,15,"Forestry",8039
540,16,"Forestry",113698
550,1,"Dairy",294382
550,8,"Sheepmeat",886409
550,11,"Forestry",111042
550,12,"Forestry",111042
550,15,"Forestry",223876
550,16,"Forestry",3166502
550,18,"Fruit",95602
551,1,"Dairy",294382
551,8,"Sheepmeat",886409
551,11,"Forestry",111042
551,12,"Forestry",111042
551,15,"Forestry",223876
551,16,"Forestry",3166502
551,18,"Fruit",95602
557,1,"Dairy",3092420
557,2,"Beef",369179
557,3,"Beef",369179
557,4,"Beef",1106619
557,8,"Sheepmeat",20644
557,9,"Sheepmeat",830077
557,10,"Sheepmeat",830077
557,11,"Forestry",5158
557,12,"Forestry",5158
557,13,"Forestry",10881
557,15,"Forestry",10399
557,17,"Fruit",103601
557,19,"Fruit",227645
557,20,"Fruit",13366
557,21,"Fruit",26724
557,22,"Fruit",6679
558,2,"Beef",48692
558,3,"Beef",48692
558,4,"Beef",145955
558,8,"Sheepmeat",105751
558,9,"Sheepmeat",98270
558,10,"Sheepmeat",98270
558,11,"Forestry",1181
558,12,"Forestry",1181
558,13,"Forestry",114
558,14,"Forestry",114
558,15,"Forestry",2382
558,16,"Forestry",33690
558,17,"Fruit",267363
558,18,"Fruit",267363
558,19,"Fruit",587483
558,20,"Fruit",34494
558,21,"Fruit",68968
558,22,"Fruit",17237
559,1,"Dairy",3092420
559,2,"Beef",369179
559,3,"Beef",369179
559,4,"Beef",1106619
559,8,"Sheepmeat",20644
559,9,"Sheepmeat",830077
559,10,"Sheepmeat",830077
559,11,"Forestry",5158
559,12,"Forestry",5158
559,13,"Forestry",10881
559,15,"Forestry",10399
559,17,"Fruit",103601
559,19,"Fruit",227645
559,20,"Fruit",13366
559,21,"Fruit",26724
559,22,"Fruit",6679
560,1,"Dairy",3092420
560,2,"Beef",369179
560,3,"Beef",369179
560,4,"Beef",1106619
560,8,"Sheepmeat",20644
560,9,"Sheepmeat",830077
560,10,"Sheepmeat",830077
560,11,"Forestry",5158
560,12,"Forestry",5158
560,13,"Forestry",10881
560,15,"Forestry",10399
560,17,"Fruit",103601
560,19,"Fruit",227645
560,20,"Fruit",13366
560,21,"Fruit",26724
560,22,"Fruit",6679
562,2,"Beef",28
562,3,"Beef",28
562,4,"Beef",82
562,8,"Sheepmeat",11531
562,9,"Sheepmeat",20
562,10,"Sheepmeat",20
562,11,"Forestry",4091
562,12,"Forestry",4091
562,13,"Forestry",26
562,14,"Forestry",26
562,15,"Forestry",8248
567,16,"Forestry",2968
568,16,"Forestry",116666
569,16,"Forestry",116666
570,8,"Sheepmeat",6833
570,11,"Forestry",1133
570,12,"Forestry",1133
570,14,"Forestry",110
570,15,"Forestry",2283
570,16,"Forestry",32296
570,18,"Fruit",7999
571,2,"Beef",2856
571,3,"Beef",2856
571,4,"Beef",8560
571,8,"Sheepmeat",6833
571,9,"Sheepmeat",6350
571,10,"Sheepmeat",6350
571,11,"Forestry",1133
571,12,"Forestry",1133
571,13,"Forestry",110
571,14,"Forestry",110
571,15,"Forestry",2283
571,16,"Forestry",32296
571,17,"Fruit",7999
571,18,"Fruit",7999
571,19,"Fruit",17577
571,20,"Fruit",1032
571,21,"Fruit",2063
571,22,"Fruit",516
572,2,"Beef",2856
572,3,"Beef",2856
572,4,"Beef",8560
572,8,"Sheepmeat",6833
572,9,"Sheepmeat",6350
572,10,"Sheepmeat",6350
572,11,"Forestry",1133
572,12,"Forestry",1133
572,13,"Forestry",110
572,14,"Forestry",110
572,15,"Forestry",2283
572,16,"Forestry",32296
572,17,"Fruit",7999
572,18,"Fruit",7999
572,19,"Fruit",17577
572,20,"Fruit",1032
572,21,"Fruit",2063
572,22,"Fruit",516
573,1,"Dairy",9852786
573,2,"Beef",366292
573,3,"Beef",366292
573,4,"Beef",1097964
573,8,"Sheepmeat",886409
573,9,"Sheepmeat",823705
573,10,"Sheepmeat",823705
573,11,"Forestry",111042
573,12,"Forestry",111042
573,13,"Forestry",10746
573,14,"Forestry",10746
573,15,"Forestry",223876
573,16,"Forestry",3166502
573,17,"Fruit",95602
573,18,"Fruit",95602
573,19,"Fruit",210068
573,20,"Fruit",12334
573,21,"Fruit",24661
573,22,"Fruit",6163
574,1,"Dairy",764007
574,2,"Beef",1158085
574,3,"Beef",1158085
574,4,"Beef",3471376
574,5,"Beef",21813
574,6,"Beef",21813
574,7,"Beef",65386
574,8,"Sheepmeat",797352
574,9,"Sheepmeat",1588622
574,10,"Sheepmeat",1588622
574,11,"Forestry",6688
574,12,"Forestry",6688
574,13,"Forestry",647
574,14,"Forestry",647
574,15,"Forestry",13485
574,16,"Forestry",190730
574,17,"Fruit",7077213
574,18,"Fruit",7077213
574,19,"Fruit",15550916
574,20,"Fruit",895477
574,21,"Fruit",1790432
574,22,"Fruit",475190
574,23,"Veges",8819273
574,24,"Veges",9031479
574,25,"Veges",9031479
574,26,"Veges",3737367
575,26,"Veges",16320015
576,1,"Dairy",9852786
576,2,"Beef",366292
576,3,"Beef",366292
576,4,"Beef",1097964
576,8,"Sheepmeat",886409
576,9,"Sheepmeat",823705
576,10,"Sheepmeat",823705
576,11,"Forestry",111042
576,12,"Forestry",111042
576,13,"Forestry",10746
576,14,"Forestry",10746
576,15,"Forestry",223876
576,16,"Forestry",3166502
576,17,"Fruit",95602
576,18,"Fruit",95602
576,19,"Fruit",210068
576,20,"Fruit",12334
576,21,"Fruit",24661
576,22,"Fruit",6163
577,2,"Beef",35561
577,3,"Beef",35561
577,4,"Beef",106594
577,8,"Sheepmeat",27511
577,9,"Sheepmeat",25565
577,10,"Sheepmeat",25565
577,17,"Fruit",1187467
577,18,"Fruit",1187467
577,19,"Fruit",2609248
577,20,"Fruit",153201
577,21,"Fruit",306313
577,22,"Fruit",76556
577,23,"Veges",153694
577,24,"Veges",148572
577,25,"Veges",148572
577,26,"Veges",61481
578,1,"Dairy",3092420
578,2,"Beef",369179
578,3,"Beef",369179
578,4,"Beef",1106619
578,8,"Sheepmeat",20644
578,9,"Sheepmeat",830077
578,10,"Sheepmeat",830077
578,11,"Forestry",5158
578,12,"Forestry",5158
578,13,"Forestry",10881
578,15,"Forestry",10399
578,17,"Fruit",103601
578,19,"Fruit",227645
578,20,"Fruit",13366
578,21,"Fruit",26724
578,22,"Fruit",6679
579,1,"Dairy",3092420
579,2,"Beef",369179
579,3,"Beef",369179
579,4,"Beef",1106619
579,8,"Sheepmeat",20644
579,9,"Sheepmeat",830077
579,10,"Sheepmeat",830077
579,11,"Forestry",5158
579,12,"Forestry",5158
579,13,"Forestry",10881
579,15,"Forestry",10399
579,17,"Fruit",103601
579,19,"Fruit",227645
579,20,"Fruit",13366
579,21,"Fruit",26724
579,22,"Fruit",6679
580,1,"Dairy",3092420
580,2,"Beef",369179
580,3,"Beef",369179
580,4,"Beef",1106619
580,8,"Sheepmeat",20644
580,9,"Sheepmeat",830077
580,10,"Sheepmeat",830077
580,11,"Forestry",5158
580,12,"Forestry",5158
580,13,"Forestry",10881
580,15,"Forestry",10399
580,17,"Fruit",103601
580,19,"Fruit",227645
580,20,"Fruit",13366
580,21,"Fruit",26724
580,22,"Fruit",6679
581,1,"Dairy",9852786
581,2,"Beef",363772
581,3,"Beef",363772
581,4,"Beef",1090412
581,8,"Sheepmeat",883933
581,9,"Sheepmeat",821404
581,10,"Sheepmeat",821404
581,11,"Forestry",110302
581,12,"Forestry",110302
581,13,"Forestry",10674
581,14,"Forestry",10674
581,15,"Forestry",222384
581,16,"Forestry",3145398
581,17,"Fruit",95602
581,18,"Fruit",95602
581,19,"Fruit",210068
581,20,"Fruit",12334
581,21,"Fruit",24661
581,22,"Fruit",6163
583,16,"Forestry",87281
585,2,"Beef",10
585,3,"Beef",10
585,4,"Beef",29
585,8,"Sheepmeat",177
585,9,"Sheepmeat",165
585,10,"Sheepmeat",165
585,11,"Forestry",274
585,12,"Forestry",274
585,13,"Forestry",26
585,14,"Forestry",26
585,15,"Forestry",551
585,16,"Forestry",7800
592,16,"Forestry",2968
593,11,"Forestry",104
593,12,"Forestry",104
593,13,"Forestry",10
593,14,"Forestry",10
593,15,"Forestry",210
594,2,"Beef",3596
594,3,"Beef",3596
594,4,"Beef",10779
594,8,"Sheepmeat",2782
594,9,"Sheepmeat",2585
594,10,"Sheepmeat",2585
595,2,"Beef",50036
595,3,"Beef",50036
595,4,"Beef",149982
595,8,"Sheepmeat",100123
595,9,"Sheepmeat",93040
595,10,"Sheepmeat",93040
595,11,"Forestry",3061
595,12,"Forestry",3061
595,13,"Forestry",296
595,14,"Forestry",296
595,15,"Forestry",6171
597,2,"Beef",10685
597,3,"Beef",10685
597,4,"Beef",32027
597,9,"Sheepmeat",16425
597,10,"Sheepmeat",16425
597,13,"Forestry",401
597,14,"Forestry",401
598,2,"Beef",10685
598,3,"Beef",10685
598,4,"Beef",32027
598,8,"Sheepmeat",2338
598,9,"Sheepmeat",16425
598,10,"Sheepmeat",16425
598,11,"Forestry",390
598,12,"Forestry",390
598,13,"Forestry",401
598,14,"Forestry",401
598,15,"Forestry",786
598,16,"Forestry",11123
599,2,"Beef",10542
599,3,"Beef",10542
599,4,"Beef",31601
599,8,"Sheepmeat",6056
599,9,"Sheepmeat",16323
599,10,"Sheepmeat",16323
599,11,"Forestry",273
599,12,"Forestry",273
599,13,"Forestry",397
599,14,"Forestry",397
599,15,"Forestry",551
599,16,"Forestry",194425
600,2,"Beef",50036
600,3,"Beef",50036
600,4,"Beef",149982
600,8,"Sheepmeat",100123
600,9,"Sheepmeat",93040
600,10,"Sheepmeat",93040
600,11,"Forestry",3061
600,12,"Forestry",3061
600,13,"Forestry",296
600,14,"Forestry",296
600,15,"Forestry",6171
601,2,"Beef",13676
601,3,"Beef",13676
601,4,"Beef",40994
601,8,"Sheepmeat",13718
601,9,"Sheepmeat",12747
601,10,"Sheepmeat",12747
601,11,"Forestry",6795
601,12,"Forestry",6795
601,13,"Forestry",658
601,14,"Forestry",658
601,15,"Forestry",13701
603,2,"Beef",339
603,3,"Beef",339
603,4,"Beef",1015
603,8,"Sheepmeat",262
603,9,"Sheepmeat",244
603,10,"Sheepmeat",244
604,2,"Beef",1
604,3,"Beef",1
604,4,"Beef",3
604,8,"Sheepmeat",1
604,9,"Sheepmeat",1
604,10,"Sheepmeat",1
606,2,"Beef",534
606,3,"Beef",534
606,4,"Beef",1601
606,9,"Sheepmeat",384
606,10,"Sheepmeat",384
606,13,"Forestry",31
606,14,"Forestry",330778
606,16,"Forestry",3624
607,2,"Beef",14490
607,3,"Beef",14490
607,4,"Beef",43435
607,9,"Sheepmeat",19161
607,10,"Sheepmeat",19161
607,13,"Forestry",473
607,14,"Forestry",331220
607,16,"Forestry",3624
608,2,"Beef",15192
608,3,"Beef",15192
608,4,"Beef",45538
608,8,"Sheepmeat",543
608,9,"Sheepmeat",19665
608,10,"Sheepmeat",19665
608,11,"Forestry",83
608,12,"Forestry",83
608,13,"Forestry",481
608,14,"Forestry",331228
608,15,"Forestry",167
608,16,"Forestry",3624
609,2,"Beef",15193
609,3,"Beef",15193
609,4,"Beef",45541
609,8,"Sheepmeat",544
609,9,"Sheepmeat",19666
609,10,"Sheepmeat",19666
609,11,"Forestry",83
609,12,"Forestry",83
609,13,"Forestry",481
609,14,"Forestry",331228
609,15,"Forestry",167
609,16,"Forestry",3624
610,2,"Beef",28869
610,3,"Beef",28869
610,4,"Beef",86535
610,8,"Sheepmeat",14261
610,9,"Sheepmeat",32413
610,10,"Sheepmeat",32413
610,11,"Forestry",6879
610,12,"Forestry",6879
610,13,"Forestry",1139
610,14,"Forestry",331886
610,15,"Forestry",13868
610,16,"Forestry",3624
611,2,"Beef",28869
611,3,"Beef",28869
611,4,"Beef",86535
611,8,"Sheepmeat",14261
611,9,"Sheepmeat",32413
611,10,"Sheepmeat",32413
611,11,"Forestry",6879
611,12,"Forestry",6879
611,13,"Forestry",1139
611,14,"Forestry",331886
611,15,"Forestry",13868
611,16,"Forestry",3624
612,2,"Beef",1748
612,3,"Beef",1748
612,4,"Beef",5241
612,8,"Sheepmeat",5012
612,9,"Sheepmeat",1257
612,10,"Sheepmeat",1257
612,11,"Forestry",127
612,12,"Forestry",127
612,13,"Forestry",12
612,14,"Forestry",332224
612,15,"Forestry",256
612,16,"Forestry",3624
612,17,"Fruit",3013917
612,18,"Fruit",3013917
612,19,"Fruit",6622546
612,24,"Veges",6473492
612,25,"Veges",6473492
612,26,"Veges",2678832
614,2,"Beef",702
614,3,"Beef",702
614,4,"Beef",2103
614,8,"Sheepmeat",543
614,9,"Sheepmeat",504
614,10,"Sheepmeat",504
614,11,"Forestry",83
614,12,"Forestry",83
614,13,"Forestry",8
614,14,"Forestry",8
614,15,"Forestry",167
617,2,"Beef",534
617,3,"Beef",534
617,4,"Beef",1601
617,8,"Sheepmeat",6772
617,9,"Sheepmeat",384
617,10,"Sheepmeat",384
617,11,"Forestry",677
617,12,"Forestry",677
617,13,"Forestry",31
617,14,"Forestry",31
617,15,"Forestry",1364
617,16,"Forestry",205930
618,14,"Forestry",330721
618,16,"Forestry",171938965
619,14,"Forestry",330721
619,16,"Forestry",171938965
620,2,"Beef",534
620,3,"Beef",534
620,4,"Beef",1601
620,9,"Sheepmeat",384
620,10,"Sheepmeat",384
620,13,"Forestry",31
620,14,"Forestry",330778
620,16,"Forestry",3624
621,8,"Sheepmeat",6833
621,11,"Forestry",1133
621,12,"Forestry",1133
621,14,"Forestry",330612
621,15,"Forestry",2283
621,16,"Forestry",172087927
621,18,"Fruit",7999
622,14,"Forestry",330721
622,16,"Forestry",172055631
623,14,"Forestry",330721
623,16,"Forestry",171938965
624,14,"Forestry",330721
624,16,"Forestry",171938965
625,14,"Forestry",330721
625,16,"Forestry",171938965
626,2,"Beef",4
626,3,"Beef",4
626,4,"Beef",12
626,8,"Sheepmeat",3
626,9,"Sheepmeat",3
626,10,"Sheepmeat",3
627,2,"Beef",4
627,3,"Beef",4
627,4,"Beef",12
627,8,"Sheepmeat",3
627,9,"Sheepmeat",3
627,10,"Sheepmeat",3
628,2,"Beef",4
628,3,"Beef",4
628,4,"Beef",12
628,8,"Sheepmeat",3
628,9,"Sheepmeat",3
628,10,"Sheepmeat",3
632,16,"Forestry",2968
637,11,"Forestry",104
637,12,"Forestry",104
637,13,"Forestry",10
637,14,"Forestry",10
637,15,"Forestry",210
637,16,"Forestry",2968
638,11,"Forestry",30
638,12,"Forestry",30
638,13,"Forestry",3
638,14,"Forestry",3
638,15,"Forestry",61
638,16,"Forestry",860
639,2,"Beef",28
639,3,"Beef",28
639,4,"Beef",82
639,8,"Sheepmeat",21
639,9,"Sheepmeat",20
639,10,"Sheepmeat",20
640,1,"Dairy",294382
643,1,"Dairy",9852786
643,2,"Beef",366292
643,3,"Beef",366292
643,4,"Beef",1097964
643,8,"Sheepmeat",886409
643,9,"Sheepmeat",823705
643,10,"Sheepmeat",823705
643,11,"Forestry",111042
643,12,"Forestry",111042
643,13,"Forestry",10746
643,14,"Forestry",10746
643,15,"Forestry",223876
643,16,"Forestry",3166502
643,17,"Fruit",95602
643,18,"Fruit",95602
643,19,"Fruit",210068
643,20,"Fruit",12334
643,21,"Fruit",24661
643,22,"Fruit",6163
644,14,"Forestry",10746
645,8,"Sheepmeat",6833
645,11,"Forestry",1133
645,12,"Forestry",1133
645,14,"Forestry",319866
645,15,"Forestry",2283
645,16,"Forestry",172087927
645,18,"Fruit",7999
646,8,"Sheepmeat",6833
646,11,"Forestry",1133
646,12,"Forestry",1133
646,14,"Forestry",319866
646,15,"Forestry",2283
646,16,"Forestry",172087927
646,18,"Fruit",7999
647,8,"Sheepmeat",893242
647,11,"Forestry",112175
647,12,"Forestry",112175
647,14,"Forestry",319866
647,15,"Forestry",226159
647,16,"Forestry",175254429
647,18,"Fruit",103601
648,8,"Sheepmeat",886409
648,11,"Forestry",111042
648,12,"Forestry",111042
648,15,"Forestry",223876
648,16,"Forestry",3166502
648,18,"Fruit",95602
649,2,"Beef",14
649,3,"Beef",14
649,4,"Beef",41
649,8,"Sheepmeat",18
649,9,"Sheepmeat",17
649,10,"Sheepmeat",17
652,16,"Forestry",94426
653,2,"Beef",339
653,3,"Beef",339
653,4,"Beef",1015
653,8,"Sheepmeat",262
653,9,"Sheepmeat",244
653,10,"Sheepmeat",244
654,16,"Forestry",94426
655,2,"Beef",1
655,3,"Beef",1
655,4,"Beef",3
655,8,"Sheepmeat",1
655,9,"Sheepmeat",1
655,10,"Sheepmeat",1
655,16,"Forestry",94426
656,16,"Forestry",94426
657,2,"Beef",351
657,3,"Beef",351
657,4,"Beef",1052
657,8,"Sheepmeat",271
657,9,"Sheepmeat",252
657,10,"Sheepmeat",252
658,8,"Sheepmeat",893242
658,11,"Forestry",112175
658,12,"Forestry",112175
658,15,"Forestry",226159
658,18,"Fruit",103601
665,17,"Fruit",808453
665,19,"Fruit",1776431
669,2,"Beef",20158
669,3,"Beef",20158
669,4,"Beef",60425
669,8,"Sheepmeat",23610
669,9,"Sheepmeat",21940
669,10,"Sheepmeat",21940
669,11,"Forestry",84
669,12,"Forestry",84
669,13,"Forestry",8
669,14,"Forestry",8
669,15,"Forestry",170
669,16,"Forestry",2398
670,2,"Beef",8228
670,3,"Beef",8228
670,4,"Beef",24663
670,8,"Sheepmeat",4265
670,9,"Sheepmeat",14659
670,10,"Sheepmeat",14659
670,11,"Forestry",223
670,12,"Forestry",223
670,13,"Forestry",392
670,14,"Forestry",392
670,15,"Forestry",449
670,16,"Forestry",192988
671,2,"Beef",2314
671,3,"Beef",2314
671,4,"Beef",6937
671,8,"Sheepmeat",1790
671,9,"Sheepmeat",1664
671,10,"Sheepmeat",1664
672,2,"Beef",5869
672,3,"Beef",5869
672,4,"Beef",17594
672,8,"Sheepmeat",6283
672,9,"Sheepmeat",5838
672,10,"Sheepmeat",5838
672,11,"Forestry",503
672,12,"Forestry",503
672,13,"Forestry",49
672,14,"Forestry",49
672,15,"Forestry",1015
672,16,"Forestry",14352
673,2,"Beef",9623
673,3,"Beef",9623
673,4,"Beef",28844
673,8,"Sheepmeat",13806
673,9,"Sheepmeat",12829
673,10,"Sheepmeat",12829
673,11,"Forestry",125
673,12,"Forestry",125
673,13,"Forestry",12
673,14,"Forestry",12
673,15,"Forestry",253
673,16,"Forestry",3575
674,11,"Forestry",283
674,12,"Forestry",283
674,13,"Forestry",27
674,14,"Forestry",27
674,15,"Forestry",570
674,16,"Forestry",8064
675,2,"Beef",249
675,3,"Beef",249
675,4,"Beef",746
675,9,"Sheepmeat",179
675,10,"Sheepmeat",179
675,13,"Forestry",3
675,14,"Forestry",3
676,8,"Sheepmeat",193
676,11,"Forestry",36
676,12,"Forestry",36
676,15,"Forestry",72
676,16,"Forestry",1016
678,2,"Beef",317
678,3,"Beef",317
678,4,"Beef",949
678,8,"Sheepmeat",245
678,9,"Sheepmeat",228
678,10,"Sheepmeat",228
678,11,"Forestry",38
678,12,"Forestry",38
678,13,"Forestry",4
678,14,"Forestry",4
678,15,"Forestry",77
678,16,"Forestry",1089
679,2,"Beef",2989
679,3,"Beef",2989
679,4,"Beef",8960
679,8,"Sheepmeat",2120
679,9,"Sheepmeat",2149
679,10,"Sheepmeat",2149
679,11,"Forestry",311
679,12,"Forestry",311
679,13,"Forestry",34
679,14,"Forestry",34
679,15,"Forestry",628
679,16,"Forestry",8881
680,8,"Sheepmeat",2338
680,11,"Forestry",390
680,12,"Forestry",390
680,15,"Forestry",786
680,16,"Forestry",11123
682,2,"Beef",3272
682,3,"Beef",3272
682,4,"Beef",9807
682,9,"Sheepmeat",2352
682,10,"Sheepmeat",2352
682,13,"Forestry",41
682,14,"Forestry",41
682,16,"Forestry",96794
683,16,"Forestry",96794
687,2,"Beef",33174
687,3,"Beef",33174
687,4,"Beef",99440
687,8,"Sheepmeat",56344
687,9,"Sheepmeat",52358
687,10,"Sheepmeat",52358
687,11,"Forestry",1152
687,12,"Forestry",1152
687,13,"Forestry",111
687,14,"Forestry",111
687,15,"Forestry",2322
687,16,"Forestry",32849
687,17,"Fruit",105569
687,18,"Fruit",105569
687,19,"Fruit",231969
687,20,"Fruit",13620
687,21,"Fruit",27232
687,22,"Fruit",6806
689,2,"Beef",4084
689,3,"Beef",4084
689,4,"Beef",12242
689,8,"Sheepmeat",3160
689,9,"Sheepmeat",2936
689,10,"Sheepmeat",2936
689,17,"Fruit",431108
689,18,"Fruit",431108
689,19,"Fruit",947284
689,20,"Fruit",55620
689,21,"Fruit",111207
689,22,"Fruit",27794
689,23,"Veges",704770
689,24,"Veges",681284
689,25,"Veges",681284
689,26,"Veges",281926
690,2,"Beef",33174
690,3,"Beef",33174
690,4,"Beef",99440
690,8,"Sheepmeat",56344
690,9,"Sheepmeat",52358
690,10,"Sheepmeat",52358
690,11,"Forestry",1152
690,12,"Forestry",1152
690,13,"Forestry",111
690,14,"Forestry",111
690,15,"Forestry",2322
690,16,"Forestry",32849
690,17,"Fruit",105569
690,18,"Fruit",105569
690,19,"Fruit",231969
690,20,"Fruit",13620
690,21,"Fruit",27232
690,22,"Fruit",6806
691,2,"Beef",128631
691,3,"Beef",128631
691,4,"Beef",385574
691,8,"Sheepmeat",131408
691,9,"Sheepmeat",122112
691,10,"Sheepmeat",122112
691,11,"Forestry",3748
691,12,"Forestry",3748
691,13,"Forestry",363
691,14,"Forestry",363
691,15,"Forestry",7557
691,16,"Forestry",106880
691,17,"Fruit",105569
691,18,"Fruit",105569
691,19,"Fruit",231969
691,20,"Fruit",13620
691,21,"Fruit",27232
691,22,"Fruit",6806
692,2,"Beef",565
692,3,"Beef",565
692,4,"Beef",1695
692,8,"Sheepmeat",1380
692,9,"Sheepmeat",1282
692,10,"Sheepmeat",1282
693,2,"Beef",5629
693,3,"Beef",5629
693,4,"Beef",16872
693,8,"Sheepmeat",6069
693,9,"Sheepmeat",5639
693,10,"Sheepmeat",5639
693,11,"Forestry",342
693,12,"Forestry",342
693,13,"Forestry",33
693,14,"Forestry",33
693,15,"Forestry",690
693,16,"Forestry",9759
694,2,"Beef",5629
694,3,"Beef",5629
694,4,"Beef",16872
694,8,"Sheepmeat",6069
694,9,"Sheepmeat",5639
694,10,"Sheepmeat",5639
694,11,"Forestry",325
694,12,"Forestry",325
694,13,"Forestry",31
694,14,"Forestry",31
694,15,"Forestry",655
694,16,"Forestry",9271
695,2,"Beef",241
695,3,"Beef",241
695,4,"Beef",721
695,8,"Sheepmeat",213
695,9,"Sheepmeat",198
695,10,"Sheepmeat",198
700,11,"Forestry",165
700,12,"Forestry",165
700,13,"Forestry",16
700,14,"Forestry",16
700,15,"Forestry",332
700,16,"Forestry",4699
701,2,"Beef",95457
701,3,"Beef",95457
701,4,"Beef",286134
701,8,"Sheepmeat",75064
701,9,"Sheepmeat",69754
701,10,"Sheepmeat",69754
701,11,"Forestry",2596
701,12,"Forestry",2596
701,13,"Forestry",251
701,14,"Forestry",251
701,15,"Forestry",5234
701,16,"Forestry",74031
707,8,"Sheepmeat",1
707,9,"Sheepmeat",1
707,10,"Sheepmeat",1
707,11,"Forestry",154
707,12,"Forestry",154
707,13,"Forestry",15
707,14,"Forestry",15
707,15,"Forestry",310
707,16,"Forestry",4383
708,8,"Sheepmeat",1
708,9,"Sheepmeat",1
708,10,"Sheepmeat",1
708,11,"Forestry",161
708,12,"Forestry",161
708,13,"Forestry",16
708,14,"Forestry",16
708,15,"Forestry",325
708,16,"Forestry",4594
714,2,"Beef",13337
714,3,"Beef",13337
714,4,"Beef",39978
714,8,"Sheepmeat",13456
714,9,"Sheepmeat",12504
714,10,"Sheepmeat",12504
714,11,"Forestry",6795
714,12,"Forestry",6795
714,13,"Forestry",658
714,14,"Forestry",658
714,15,"Forestry",13701
719,2,"Beef",5869
719,3,"Beef",5869
719,4,"Beef",17594
719,8,"Sheepmeat",6283
719,9,"Sheepmeat",5838
719,10,"Sheepmeat",5838
719,11,"Forestry",503
719,12,"Forestry",503
719,13,"Forestry",49
719,14,"Forestry",49
719,15,"Forestry",1015
719,16,"Forestry",14352
720,2,"Beef",351
720,3,"Beef",351
720,4,"Beef",1052
720,8,"Sheepmeat",271
720,9,"Sheepmeat",252
720,10,"Sheepmeat",252
724,2,"Beef",28
724,3,"Beef",28
724,4,"Beef",85
724,8,"Sheepmeat",22
724,9,"Sheepmeat",20
724,10,"Sheepmeat",20
724,11,"Forestry",473
724,12,"Forestry",473
724,13,"Forestry",46
724,14,"Forestry",46
724,15,"Forestry",953
724,16,"Forestry",13476
725,2,"Beef",2856
725,3,"Beef",2856
725,4,"Beef",8560
725,8,"Sheepmeat",6833
725,9,"Sheepmeat",6350
725,10,"Sheepmeat",6350
725,11,"Forestry",1133
725,12,"Forestry",1133
725,13,"Forestry",110
725,14,"Forestry",110
725,15,"Forestry",2283
725,16,"Forestry",32296
725,17,"Fruit",7999
725,18,"Fruit",7999
725,19,"Fruit",17577
725,20,"Fruit",1032
725,21,"Fruit",2063
725,22,"Fruit",516
727,2,"Beef",2827
727,3,"Beef",2827
727,4,"Beef",8475
727,8,"Sheepmeat",6811
727,9,"Sheepmeat",6329
727,10,"Sheepmeat",6329
727,11,"Forestry",660
727,12,"Forestry",660
727,13,"Forestry",64
727,14,"Forestry",64
727,15,"Forestry",1331
727,16,"Forestry",18821
727,17,"Fruit",7999
727,18,"Fruit",7999
727,19,"Fruit",17577
727,20,"Fruit",1032
727,21,"Fruit",2063
727,22,"Fruit",516
728,2,"Beef",2827
728,3,"Beef",2827
728,4,"Beef",8475
728,8,"Sheepmeat",6811
728,9,"Sheepmeat",6329
728,10,"Sheepmeat",6329
728,11,"Forestry",660
728,12,"Forestry",660
728,13,"Forestry",64
728,14,"Forestry",64
728,15,"Forestry",1331
728,16,"Forestry",18821
728,17,"Fruit",7999
728,18,"Fruit",7999
728,19,"Fruit",17577
728,20,"Fruit",1032
728,21,"Fruit",2063
728,22,"Fruit",516
731,8,"Sheepmeat",221
731,9,"Sheepmeat",206
731,10,"Sheepmeat",206
732,2,"Beef",3272
732,3,"Beef",3272
732,4,"Beef",9807
732,9,"Sheepmeat",2352
732,10,"Sheepmeat",2352
732,13,"Forestry",41
732,14,"Forestry",41
733,8,"Sheepmeat",21601
733,9,"Sheepmeat",889
733,10,"Sheepmeat",889
733,11,"Forestry",5158
733,12,"Forestry",5158
733,15,"Forestry",10399
733,26,"Veges",24360283
734,8,"Sheepmeat",11509
734,11,"Forestry",3987
734,12,"Forestry",3987
734,13,"Forestry",16
734,14,"Forestry",16
734,15,"Forestry",8039
734,16,"Forestry",113698
735,8,"Sheepmeat",780
735,9,"Sheepmeat",725
735,10,"Sheepmeat",725
735,24,"Veges",94024001
735,25,"Veges",31479872
736,8,"Sheepmeat",780
736,9,"Sheepmeat",725
736,10,"Sheepmeat",725
736,24,"Veges",141896947
739,2,"Beef",2856
739,3,"Beef",2856
739,4,"Beef",8560
739,8,"Sheepmeat",6833
739,9,"Sheepmeat",6350
739,10,"Sheepmeat",6350
739,11,"Forestry",1133
739,12,"Forestry",1133
739,13,"Forestry",110
739,14,"Forestry",110
739,15,"Forestry",2283
739,16,"Forestry",32296
739,17,"Fruit",7999
739,18,"Fruit",7999
739,19,"Fruit",17577
739,20,"Fruit",1032
739,21,"Fruit",2063
739,22,"Fruit",516
741,2,"Beef",28
741,3,"Beef",28
741,4,"Beef",85
741,8,"Sheepmeat",22
741,9,"Sheepmeat",20
741,10,"Sheepmeat",20
741,11,"Forestry",473
741,12,"Forestry",473
741,13,"Forestry",46
741,14,"Forestry",46
741,15,"Forestry",953
741,16,"Forestry",13476
742,2,"Beef",534
742,3,"Beef",534
742,4,"Beef",1601
742,9,"Sheepmeat",384
742,10,"Sheepmeat",384
742,13,"Forestry",31
742,14,"Forestry",330778
742,16,"Forestry",3624
743,2,"Beef",28
743,3,"Beef",28
743,4,"Beef",85
743,8,"Sheepmeat",22
743,9,"Sheepmeat",20
743,10,"Sheepmeat",20
743,11,"Forestry",473
743,12,"Forestry",473
743,13,"Forestry",46
743,14,"Forestry",46
743,15,"Forestry",953
743,16,"Forestry",13476
744,2,"Beef",28
744,3,"Beef",28
744,4,"Beef",85
744,8,"Sheepmeat",22
744,9,"Sheepmeat",20
744,10,"Sheepmeat",20
744,11,"Forestry",473
744,12,"Forestry",473
744,13,"Forestry",46
744,14,"Forestry",46
744,15,"Forestry",953
744,16,"Forestry",13476
745,2,"Beef",28
745,3,"Beef",28
745,4,"Beef",82
745,8,"Sheepmeat",11531
745,9,"Sheepmeat",20
745,10,"Sheepmeat",20
745,11,"Forestry",4091
745,12,"Forestry",4091
745,13,"Forestry",26
745,14,"Forestry",26
745,15,"Forestry",8248
745,16,"Forestry",113698
749,11,"Forestry",26
749,12,"Forestry",26
749,13,"Forestry",3
749,14,"Forestry",3
749,15,"Forestry",52
749,16,"Forestry",743
750,2,"Beef",28
750,3,"Beef",28
750,4,"Beef",82
750,8,"Sheepmeat",11531
750,9,"Sheepmeat",20
750,10,"Sheepmeat",20
750,11,"Forestry",4091
750,12,"Forestry",4091
750,13,"Forestry",26
750,14,"Forestry",26
750,15,"Forestry",8248
750,16,"Forestry",113698
751,8,"Sheepmeat",11509
751,11,"Forestry",3826
751,12,"Forestry",3826
751,15,"Forestry",7713
751,16,"Forestry",109094
752,2,"Beef",2362
752,3,"Beef",2362
752,4,"Beef",7079
752,8,"Sheepmeat",1907
752,9,"Sheepmeat",1772
752,10,"Sheepmeat",1772
752,11,"Forestry",1269
752,12,"Forestry",1269
752,13,"Forestry",123
752,14,"Forestry",123
752,15,"Forestry",2558
752,16,"Forestry",36180
754,16,"Forestry",87281
755,2,"Beef",13337
755,3,"Beef",13337
755,4,"Beef",39978
755,8,"Sheepmeat",13456
755,9,"Sheepmeat",12504
755,10,"Sheepmeat",12504
755,11,"Forestry",6795
755,12,"Forestry",6795
755,13,"Forestry",658
755,14,"Forestry",658
755,15,"Forestry",13701
756,2,"Beef",13337
756,3,"Beef",13337
756,4,"Beef",39978
756,8,"Sheepmeat",13456
756,9,"Sheepmeat",12504
756,10,"Sheepmeat",12504
756,11,"Forestry",6795
756,12,"Forestry",6795
756,13,"Forestry",658
756,14,"Forestry",658
756,15,"Forestry",13701
756,16,"Forestry",94426
757,2,"Beef",12991
757,3,"Beef",12991
757,4,"Beef",38940
757,8,"Sheepmeat",13188
757,9,"Sheepmeat",12255
757,10,"Sheepmeat",12255
757,11,"Forestry",6795
757,12,"Forestry",6795
757,13,"Forestry",658
757,14,"Forestry",658
757,15,"Forestry",13701
757,16,"Forestry",7145
758,2,"Beef",238
758,3,"Beef",238
758,4,"Beef",715
758,8,"Sheepmeat",361
758,9,"Sheepmeat",336
758,10,"Sheepmeat",336
758,11,"Forestry",251
758,12,"Forestry",251
758,13,"Forestry",24
758,14,"Forestry",24
758,15,"Forestry",505
758,16,"Forestry",7145
759,2,"Beef",11916
759,3,"Beef",11916
759,4,"Beef",35719
759,8,"Sheepmeat",12179
759,9,"Sheepmeat",11318
759,10,"Sheepmeat",11318
759,11,"Forestry",6545
759,12,"Forestry",6545
759,13,"Forestry",633
759,14,"Forestry",633
759,15,"Forestry",13195
760,2,"Beef",8893
760,3,"Beef",8893
760,4,"Beef",26656
760,8,"Sheepmeat",7677
760,9,"Sheepmeat",7134
760,10,"Sheepmeat",7134
760,11,"Forestry",5912
760,12,"Forestry",5912
760,13,"Forestry",572
760,14,"Forestry",572
760,15,"Forestry",11919
760,16,"Forestry",18047
761,2,"Beef",1381
761,3,"Beef",1381
761,4,"Beef",4139
761,8,"Sheepmeat",3231
761,9,"Sheepmeat",3002
761,10,"Sheepmeat",3002
761,11,"Forestry",633
761,12,"Forestry",633
761,13,"Forestry",61
761,14,"Forestry",61
761,15,"Forestry",1276
761,16,"Forestry",18047
762,16,"Forestry",2968
763,2,"Beef",2856
763,3,"Beef",2856
763,4,"Beef",8560
763,8,"Sheepmeat",6833
763,9,"Sheepmeat",6350
763,10,"Sheepmeat",6350
763,11,"Forestry",1133
763,12,"Forestry",1133
763,13,"Forestry",110
763,14,"Forestry",110
763,15,"Forestry",2283
763,16,"Forestry",32296
763,17,"Fruit",7999
763,18,"Fruit",7999
763,19,"Fruit",17577
763,20,"Fruit",1032
763,21,"Fruit",2063
763,22,"Fruit",516
764,1,"Dairy",3092420
764,14,"Forestry",26
766,2,"Beef",4958
766,3,"Beef",4958
766,4,"Beef",14861
766,8,"Sheepmeat",8194
766,9,"Sheepmeat",7614
766,10,"Sheepmeat",7614
766,11,"Forestry",79871
766,12,"Forestry",79871
766,13,"Forestry",7729
766,14,"Forestry",7729
766,15,"Forestry",161030
766,16,"Forestry",2277605
767,2,"Beef",5172
767,3,"Beef",5172
767,4,"Beef",15502
767,9,"Sheepmeat",10695
767,10,"Sheepmeat",10695
767,13,"Forestry",370
767,14,"Forestry",370
768,2,"Beef",13397
768,3,"Beef",13397
768,4,"Beef",40157
768,8,"Sheepmeat",68517
768,9,"Sheepmeat",63670
768,10,"Sheepmeat",63670
768,11,"Forestry",2504
768,12,"Forestry",2504
768,13,"Forestry",242
768,14,"Forestry",242
768,15,"Forestry",5048
768,16,"Forestry",71397
768,23,"Veges",761291
768,24,"Veges",735921
768,25,"Veges",735921
768,26,"Veges",304535
769,2,"Beef",534
769,3,"Beef",534
769,4,"Beef",1601
769,9,"Sheepmeat",384
769,10,"Sheepmeat",384
769,13,"Forestry",31
769,14,"Forestry",330778
769,16,"Forestry",3624
773,2,"Beef",32
773,3,"Beef",32
773,4,"Beef",97
773,8,"Sheepmeat",25
773,9,"Sheepmeat",23
773,10,"Sheepmeat",23
774,2,"Beef",8667
774,3,"Beef",8667
774,4,"Beef",25980
774,8,"Sheepmeat",6705
774,9,"Sheepmeat",6231
774,10,"Sheepmeat",6231
774,17,"Fruit",46
774,18,"Fruit",46
774,19,"Fruit",101
774,22,"Fruit",3
776,2,"Beef",28
776,3,"Beef",28
776,4,"Beef",82
776,8,"Sheepmeat",11531
776,9,"Sheepmeat",20
776,10,"Sheepmeat",20
776,11,"Forestry",4091
776,12,"Forestry",4091
776,13,"Forestry",26
776,14,"Forestry",26
776,15,"Forestry",8248
776,16,"Forestry",113698
778,2,"Beef",98042
778,3,"Beef",98042
778,4,"Beef",293881
778,8,"Sheepmeat",148359
778,9,"Sheepmeat",139211
778,10,"Sheepmeat",139211
778,11,"Forestry",10228
778,12,"Forestry",10228
778,13,"Forestry",1855
778,14,"Forestry",15
778,22,"Fruit",3
780,2,"Beef",64
780,3,"Beef",64
780,4,"Beef",190
780,8,"Sheepmeat",45
780,9,"Sheepmeat",46
780,10,"Sheepmeat",46
780,19,"Fruit",104174607
781,8,"Sheepmeat",4402
781,11,"Forestry",31
781,12,"Forestry",31
781,15,"Forestry",62
781,16,"Forestry",872
781,19,"Fruit",45212717
785,2,"Beef",20158
785,3,"Beef",20158
785,4,"Beef",60425
785,8,"Sheepmeat",23610
785,9,"Sheepmeat",21940
785,10,"Sheepmeat",21940
785,11,"Forestry",84
785,12,"Forestry",84
785,13,"Forestry",8
785,14,"Forestry",8
785,15,"Forestry",170
785,16,"Forestry",2398
789,2,"Beef",28196
789,3,"Beef",28196
789,4,"Beef",84518
789,8,"Sheepmeat",32447
789,9,"Sheepmeat",30152
789,10,"Sheepmeat",30152
789,11,"Forestry",83
789,12,"Forestry",83
789,13,"Forestry",8
789,14,"Forestry",8
789,15,"Forestry",168
789,16,"Forestry",2372
791,9,"Sheepmeat",198
791,10,"Sheepmeat",198
791,13,"Forestry",15
791,14,"Forestry",18
791,15,"Forestry",21595
791,17,"Fruit",17321535
791,18,"Fruit",17321535
791,19,"Fruit",38060989
791,24,"Veges",39437895
791,25,"Veges",39437895
792,14,"Forestry",18
792,15,"Forestry",21595
792,17,"Fruit",17321535
792,18,"Fruit",17321535
792,19,"Fruit",38060989
792,24,"Veges",39437895
792,25,"Veges",39437895
793,1,"Dairy",6465984
793,16,"Forestry",171621493
794,1,"Dairy",6465984
794,16,"Forestry",171621493
795,1,"Dairy",6465984
795,2,"Beef",13956
795,3,"Beef",13956
795,4,"Beef",41834
795,9,"Sheepmeat",18777
795,10,"Sheepmeat",18777
795,13,"Forestry",443
795,14,"Forestry",443
795,16,"Forestry",171621493
796,1,"Dairy",6465984
796,8,"Sheepmeat",2338
796,11,"Forestry",390
796,12,"Forestry",390
796,15,"Forestry",786
796,16,"Forestry",171729411
797,2,"Beef",10547
797,3,"Beef",10547
797,4,"Beef",31615
797,8,"Sheepmeat",299
797,9,"Sheepmeat",16326
797,10,"Sheepmeat",16326
797,11,"Forestry",84
797,12,"Forestry",84
797,13,"Forestry",397
797,14,"Forestry",397
797,15,"Forestry",169
797,16,"Forestry",2396
798,8,"Sheepmeat",6359
798,11,"Forestry",358
798,12,"Forestry",358
798,15,"Forestry",722
798,16,"Forestry",196851
799,2,"Beef",534
799,3,"Beef",534
799,4,"Beef",1601
799,8,"Sheepmeat",413
799,9,"Sheepmeat",384
799,10,"Sheepmeat",384
799,11,"Forestry",314
799,12,"Forestry",314
799,13,"Forestry",30
799,14,"Forestry",30
799,15,"Forestry",633
799,16,"Forestry",8957
800,2,"Beef",534
800,3,"Beef",534
800,4,"Beef",1601
800,8,"Sheepmeat",413
800,9,"Sheepmeat",384
800,10,"Sheepmeat",384
800,11,"Forestry",31
800,12,"Forestry",31
800,13,"Forestry",3
800,14,"Forestry",3
800,15,"Forestry",63
800,16,"Forestry",893
801,14,"Forestry",330721
801,16,"Forestry",171938965
802,2,"Beef",35961
802,3,"Beef",35961
802,4,"Beef",107793
802,8,"Sheepmeat",32884
802,9,"Sheepmeat",30557
802,10,"Sheepmeat",30557
802,11,"Forestry",71
802,12,"Forestry",71
802,13,"Forestry",7
802,14,"Forestry",7
802,15,"Forestry",143
802,16,"Forestry",2018
802,17,"Fruit",28035
802,18,"Fruit",28035
802,19,"Fruit",61601
802,20,"Fruit",3617
802,21,"Fruit",7232
802,22,"Fruit",1807
802,23,"Veges",2957517
802,24,"Veges",2858958
802,25,"Veges",2858958
802,26,"Veges",1183081
803,1,"Dairy",6465984
803,2,"Beef",702
803,3,"Beef",702
803,4,"Beef",2103
803,8,"Sheepmeat",543
803,9,"Sheepmeat",504
803,10,"Sheepmeat",504
803,11,"Forestry",83
803,12,"Forestry",83
803,13,"Forestry",8
803,14,"Forestry",8
803,15,"Forestry",167
803,16,"Forestry",171621493
805,8,"Sheepmeat",21601
805,9,"Sheepmeat",889
805,10,"Sheepmeat",889
805,11,"Forestry",5158
805,12,"Forestry",5158
805,15,"Forestry",10399
805,16,"Forestry",1735
805,26,"Veges",34358883
806,1,"Dairy",6465984
806,2,"Beef",1
806,3,"Beef",1
806,4,"Beef",3
806,8,"Sheepmeat",1
806,9,"Sheepmeat",1
806,10,"Sheepmeat",1
806,16,"Forestry",171621493
807,9,"Sheepmeat",198
807,10,"Sheepmeat",198
807,13,"Forestry",15
807,14,"Forestry",18
807,15,"Forestry",21595
807,17,"Fruit",17321535
807,18,"Fruit",17321535
807,19,"Fruit",38060989
807,24,"Veges",39437895
807,25,"Veges",39437895
808,8,"Sheepmeat",1415
808,9,"Sheepmeat",198
808,10,"Sheepmeat",198
808,13,"Forestry",15
808,14,"Forestry",15
808,15,"Forestry",21595
808,17,"Fruit",64731342
808,18,"Fruit",28104633
808,19,"Fruit",38060989
808,24,"Veges",47872946
808,25,"Veges",51549587
816,1,"Dairy",185312
816,2,"Beef",8094
816,3,"Beef",8094
816,4,"Beef",24261
816,5,"Beef",5291
816,6,"Beef",5291
816,7,"Beef",15859
816,8,"Sheepmeat",7784
816,9,"Sheepmeat",7233
816,10,"Sheepmeat",7233
819,2,"Beef",21651
819,3,"Beef",21651
819,4,"Beef",64900
819,8,"Sheepmeat",17698
819,9,"Sheepmeat",16446
819,10,"Sheepmeat",16446
819,11,"Forestry",2
819,12,"Forestry",2
819,13,"Forestry",0
819,14,"Forestry",0
819,15,"Forestry",5
819,16,"Forestry",71
819,17,"Fruit",133921
819,18,"Fruit",133921
819,19,"Fruit",294268
819,20,"Fruit",17278
819,21,"Fruit",34546
819,22,"Fruit",8634
819,23,"Veges",2206520
819,24,"Veges",2132988
819,25,"Veges",2132988
819,26,"Veges",882664
822,2,"Beef",1196
822,3,"Beef",1196
822,4,"Beef",3585
822,8,"Sheepmeat",925
822,9,"Sheepmeat",860
822,10,"Sheepmeat",860
823,2,"Beef",113201
823,3,"Beef",113201
823,4,"Beef",339323
823,8,"Sheepmeat",888385
823,9,"Sheepmeat",825541
823,10,"Sheepmeat",825541
823,11,"Forestry",62311
823,12,"Forestry",62311
823,13,"Forestry",6030
823,14,"Forestry",6030
823,15,"Forestry",125627
823,16,"Forestry",1776862
824,2,"Beef",22789
824,3,"Beef",22789
824,4,"Beef",68311
824,8,"Sheepmeat",179978
824,9,"Sheepmeat",167246
824,10,"Sheepmeat",167246
824,11,"Forestry",23630
824,12,"Forestry",23630
824,13,"Forestry",2287
824,14,"Forestry",2287
824,15,"Forestry",47640
824,16,"Forestry",673824
825,8,"Sheepmeat",7988
825,9,"Sheepmeat",7423
825,10,"Sheepmeat",7423
825,11,"Forestry",143905
825,12,"Forestry",143905
825,13,"Forestry",13926
825,14,"Forestry",13926
825,15,"Forestry",290131
825,16,"Forestry",4103611
827,2,"Beef",3
827,3,"Beef",3
827,4,"Beef",10
827,8,"Sheepmeat",182
827,9,"Sheepmeat",169
827,10,"Sheepmeat",169
830,2,"Beef",306990
830,3,"Beef",306990
830,4,"Beef",920206
830,5,"Beef",3679
830,6,"Beef",3679
830,7,"Beef",11028
830,8,"Sheepmeat",20123
830,9,"Sheepmeat",286361
830,10,"Sheepmeat",286361
830,14,"Forestry",204868
830,17,"Fruit",3015540
830,18,"Fruit",3015540
830,19,"Fruit",6626113
830,22,"Fruit",172563
830,24,"Veges",3232187
830,25,"Veges",3232187
830,26,"Veges",1337529
831,2,"Beef",11865875
831,3,"Beef",11865875
831,4,"Beef",35568108
831,5,"Beef",180413
831,6,"Beef",180413
831,7,"Beef",540789
831,8,"Sheepmeat",9808
831,9,"Sheepmeat",24928127
831,10,"Sheepmeat",24928127
831,17,"Fruit",1789909
831,18,"Fruit",1789909
831,19,"Fruit",3933007
831,22,"Fruit",1059321
831,24,"Veges",1931482
831,25,"Veges",1931482
831,26,"Veges",799277
832,2,"Beef",11859613
832,3,"Beef",11859613
832,4,"Beef",35549337
832,5,"Beef",180413
832,6,"Beef",180413
832,7,"Beef",540789
832,8,"Sheepmeat",4963
832,9,"Sheepmeat",24923625
832,10,"Sheepmeat",24923625
832,17,"Fruit",821602
832,18,"Fruit",821602
832,19,"Fruit",1805323
832,20,"Fruit",124926
832,21,"Fruit",249780
832,22,"Fruit",996894
832,23,"Veges",1274779
832,24,"Veges",699186
832,25,"Veges",699186
832,26,"Veges",289334
833,2,"Beef",3895355
833,3,"Beef",3895355
833,4,"Beef",11676375
833,5,"Beef",6550
833,6,"Beef",6550
833,7,"Beef",19633
833,9,"Sheepmeat",7965176
833,10,"Sheepmeat",7965176
833,20,"Fruit",4117279
833,21,"Fruit",8232157
833,22,"Fruit",628060
833,23,"Veges",55008162
834,2,"Beef",13409
834,3,"Beef",13409
834,4,"Beef",40192
834,8,"Sheepmeat",555850
834,9,"Sheepmeat",516529
834,10,"Sheepmeat",516529
834,11,"Forestry",62514
834,12,"Forestry",62514
834,13,"Forestry",6050
834,14,"Forestry",6050
834,15,"Forestry",126036
834,16,"Forestry",1782656
835,2,"Beef",3910
835,3,"Beef",3910
835,4,"Beef",11722
835,8,"Sheepmeat",5463
835,9,"Sheepmeat",5077
835,10,"Sheepmeat",5077
835,11,"Forestry",67286
835,12,"Forestry",67286
835,13,"Forestry",6512
835,14,"Forestry",6512
835,15,"Forestry",135658
835,16,"Forestry",1918746
837,2,"Beef",98042
837,3,"Beef",98042
837,4,"Beef",293881
837,8,"Sheepmeat",148359
837,9,"Sheepmeat",139211
837,10,"Sheepmeat",139211
837,11,"Forestry",10228
837,12,"Forestry",10228
837,13,"Forestry",1855
837,14,"Forestry",33
837,15,"Forestry",21595
837,17,"Fruit",17321535
837,18,"Fruit",17321535
837,19,"Fruit",38060989
837,22,"Fruit",3
837,24,"Veges",39437895
837,25,"Veges",39437895
837,26,"Veges",16320015
838,2,"Beef",11857907
838,3,"Beef",11857907
838,4,"Beef",35544225
838,5,"Beef",180413
838,6,"Beef",180413
838,7,"Beef",540789
838,8,"Sheepmeat",3644
838,9,"Sheepmeat",24922399
838,10,"Sheepmeat",24922399
838,22,"Fruit",943926
839,2,"Beef",16080885
839,3,"Beef",16080885
839,4,"Beef",48202654
839,5,"Beef",190642
839,6,"Beef",190642
839,7,"Beef",571450
839,9,"Sheepmeat",33189249
839,10,"Sheepmeat",33189249
839,14,"Forestry",204868
839,20,"Fruit",3959154
839,21,"Fruit",7915999
839,22,"Fruit",1938961
839,23,"Veges",53662617
840,2,"Beef",1756
840,3,"Beef",1756
840,4,"Beef",5264
840,8,"Sheepmeat",1359
840,9,"Sheepmeat",1262
840,10,"Sheepmeat",1262
840,17,"Fruit",25016
840,18,"Fruit",25016
840,19,"Fruit",54969
840,20,"Fruit",3227
840,21,"Fruit",6453
840,22,"Fruit",1613
841,1,"Dairy",41981
841,2,"Beef",271428
841,3,"Beef",271428
841,4,"Beef",813607
841,5,"Beef",2962
841,6,"Beef",2962
841,7,"Beef",8879
841,8,"Sheepmeat",261478
841,9,"Sheepmeat",260795
841,10,"Sheepmeat",260795
841,11,"Forestry",4047
841,12,"Forestry",4047
841,14,"Forestry",462291
841,15,"Forestry",7187
841,17,"Fruit",2929802
841,18,"Fruit",2929802
841,19,"Fruit",6437718
841,20,"Fruit",28672
841,21,"Fruit",57327
841,22,"Fruit",35389
841,23,"Veges",702120
841,24,"Veges",5997618
841,25,"Veges",5997618
841,26,"Veges",2481908
842,2,"Beef",13870
842,3,"Beef",13870
842,4,"Beef",41575
842,8,"Sheepmeat",238275
842,9,"Sheepmeat",221419
842,10,"Sheepmeat",221419
842,11,"Forestry",116180
842,12,"Forestry",116180
842,13,"Forestry",11243
842,14,"Forestry",11243
842,15,"Forestry",234233
842,16,"Forestry",3312990
843,2,"Beef",37
843,3,"Beef",37
843,4,"Beef",112
843,8,"Sheepmeat",29
843,9,"Sheepmeat",27
843,10,"Sheepmeat",27
844,1,"Dairy",3092420
844,2,"Beef",13814292
844,3,"Beef",13814292
844,4,"Beef",41408512
844,5,"Beef",8405
844,6,"Beef",8405
844,7,"Beef",25194
844,8,"Sheepmeat",151699
844,9,"Sheepmeat",26483377
844,10,"Sheepmeat",26483377
844,11,"Forestry",10228
844,12,"Forestry",10228
844,13,"Forestry",332620
844,14,"Forestry",15
844,16,"Forestry",60374389
844,17,"Fruit",47380557
844,18,"Fruit",10753848
844,19,"Fruit",104110336
844,20,"Fruit",119160
844,21,"Fruit",238250
844,22,"Fruit",60689
844,23,"Veges",26264458
844,24,"Veges",8435051
844,25,"Veges",12111693
844,26,"Veges",5012007
845,2,"Beef",8746
845,3,"Beef",8746
845,4,"Beef",26217
845,8,"Sheepmeat",7206
845,9,"Sheepmeat",6696
845,10,"Sheepmeat",6696
846,2,"Beef",1549546
846,3,"Beef",1549546
846,4,"Beef",4644782
846,8,"Sheepmeat",2995774
846,9,"Sheepmeat",2783854
846,10,"Sheepmeat",2783854
846,11,"Forestry",382434
846,12,"Forestry",382434
846,13,"Forestry",37010
846,14,"Forestry",37010
846,15,"Forestry",853371
846,16,"Forestry",13764059
846,17,"Fruit",302905
846,18,"Fruit",302905
846,19,"Fruit",665580
846,20,"Fruit",39079
846,21,"Fruit",78136
846,22,"Fruit",19528
846,23,"Veges",7535853
846,24,"Veges",7284722
846,25,"Veges",7284722
846,26,"Veges",3014531
848,2,"Beef",1223537
848,3,"Beef",1223537
848,4,"Beef",3667567
848,8,"Sheepmeat",2713288
848,9,"Sheepmeat",2521351
848,10,"Sheepmeat",2521351
848,11,"Forestry",381589
848,12,"Forestry",381589
848,13,"Forestry",36928
848,14,"Forestry",36928
848,15,"Forestry",851668
848,16,"Forestry",13739967
848,23,"Veges",7099869
848,24,"Veges",6863266
848,25,"Veges",6863266
848,26,"Veges",2840126
849,2,"Beef",75241
849,3,"Beef",75241
849,4,"Beef",225535
849,8,"Sheepmeat",317885
849,9,"Sheepmeat",295398
849,10,"Sheepmeat",295398
849,11,"Forestry",26
849,12,"Forestry",26
849,13,"Forestry",3
849,14,"Forestry",3
849,15,"Forestry",53
849,16,"Forestry",751
850,1,"Dairy",3092420
850,2,"Beef",369179
850,3,"Beef",369179
850,4,"Beef",1106619
850,8,"Sheepmeat",20644
850,9,"Sheepmeat",830077
850,10,"Sheepmeat",830077
850,11,"Forestry",5158
850,12,"Forestry",5158
850,13,"Forestry",10881
850,15,"Forestry",10399
850,17,"Fruit",103601
850,19,"Fruit",227645
850,20,"Fruit",13366
850,21,"Fruit",26724
850,22,"Fruit",6679
851,2,"Beef",863344
851,3,"Beef",863344
851,4,"Beef",2587885
851,8,"Sheepmeat",2363591
851,9,"Sheepmeat",2196392
851,10,"Sheepmeat",2196392
851,11,"Forestry",175547
851,12,"Forestry",175547
851,13,"Forestry",16988
851,14,"Forestry",16988
851,15,"Forestry",436259
851,16,"Forestry",7864434
851,23,"Veges",47239
851,24,"Veges",45665
851,25,"Veges",45665
851,26,"Veges",18897
853,2,"Beef",30109
853,3,"Beef",30109
853,4,"Beef",90253
853,8,"Sheepmeat",23412
853,9,"Sheepmeat",21756
853,10,"Sheepmeat",21756
853,23,"Veges",1832982
853,24,"Veges",1771898
853,25,"Veges",1771898
853,26,"Veges",733239
854,2,"Beef",103051
854,3,"Beef",103051
854,4,"Beef",308898
854,8,"Sheepmeat",119759
854,9,"Sheepmeat",111288
854,10,"Sheepmeat",111288
854,11,"Forestry",159
854,12,"Forestry",159
854,13,"Forestry",15
854,14,"Forestry",15
854,15,"Forestry",321
854,16,"Forestry",4545
854,23,"Veges",3065535
854,24,"Veges",2963376
854,25,"Veges",2963376
854,26,"Veges",1226291
855,2,"Beef",109504
855,3,"Beef",109504
855,4,"Beef",328238
855,8,"Sheepmeat",352434
855,9,"Sheepmeat",327503
855,10,"Sheepmeat",327503
855,11,"Forestry",26
855,12,"Forestry",26
855,13,"Forestry",3
855,14,"Forestry",3
855,15,"Forestry",53
855,16,"Forestry",751
859,2,"Beef",6233
859,3,"Beef",6233
859,4,"Beef",18684
859,8,"Sheepmeat",36458183
859,9,"Sheepmeat",4481
859,10,"Sheepmeat",4481
859,11,"Forestry",6118716
859,12,"Forestry",6118716
859,15,"Forestry",12252813
859,18,"Fruit",3499162
859,20,"Fruit",544467
859,21,"Fruit",1088617
859,22,"Fruit",16328
859,23,"Veges",6710700
859,24,"Veges",3620749
860,2,"Beef",11976
860,3,"Beef",11976
860,4,"Beef",35897
860,9,"Sheepmeat",8609
860,10,"Sheepmeat",8609
860,20,"Fruit",77797
860,21,"Fruit",155549
860,22,"Fruit",41418
860,23,"Veges",249383
861,2,"Beef",411
861,3,"Beef",411
861,4,"Beef",1231
861,8,"Sheepmeat",318
861,9,"Sheepmeat",295
861,10,"Sheepmeat",295
861,17,"Fruit",16335
861,18,"Fruit",16335
861,19,"Fruit",35893
861,20,"Fruit",2107
861,21,"Fruit",4214
861,22,"Fruit",1053
862,17,"Fruit",3499162
862,19,"Fruit",7688785
862,20,"Fruit",140121
862,21,"Fruit",280161
862,23,"Veges",203121
862,25,"Veges",3620749
862,26,"Veges",1498322
863,8,"Sheepmeat",36453360
863,11,"Forestry",6118716
863,12,"Forestry",6118716
863,15,"Forestry",12252813
863,17,"Fruit",3245905
863,18,"Fruit",3245905
863,19,"Fruit",7132297
863,20,"Fruit",717263
863,21,"Fruit",1434107
863,23,"Veges",7017717
863,24,"Veges",3520315
863,25,"Veges",3520315
863,26,"Veges",1456761
866,2,"Beef",1770
866,3,"Beef",1770
866,4,"Beef",5306
866,8,"Sheepmeat",1390
866,9,"Sheepmeat",1291
866,10,"Sheepmeat",1291
866,17,"Fruit",192317
866,18,"Fruit",192317
866,19,"Fruit",422582
866,20,"Fruit",24812
866,21,"Fruit",49609
866,22,"Fruit",12399
866,23,"Veges",773321
866,24,"Veges",747550
866,25,"Veges",747550
866,26,"Veges",309348
867,14,"Forestry",54
868,2,"Beef",2143
868,3,"Beef",2143
868,4,"Beef",6424
868,8,"Sheepmeat",1658
868,9,"Sheepmeat",1541
868,10,"Sheepmeat",1541
868,17,"Fruit",155051
868,18,"Fruit",155051
868,19,"Fruit",340698
868,20,"Fruit",20004
868,21,"Fruit",39996
868,22,"Fruit",9996
868,23,"Veges",30549
868,24,"Veges",29531
868,25,"Veges",29531
868,26,"Veges",12220
869,2,"Beef",949
869,3,"Beef",949
869,4,"Beef",2845
869,8,"Sheepmeat",734
869,9,"Sheepmeat",682
869,10,"Sheepmeat",682
870,2,"Beef",16919
870,3,"Beef",16919
870,4,"Beef",50715
870,8,"Sheepmeat",13089
870,9,"Sheepmeat",12163
870,10,"Sheepmeat",12163
870,11,"Forestry",235
870,12,"Forestry",235
870,13,"Forestry",23
870,14,"Forestry",23
870,15,"Forestry",474
870,16,"Forestry",6699
870,17,"Fruit",836541
870,18,"Fruit",836541
870,19,"Fruit",1838150
870,20,"Fruit",107927
870,21,"Fruit",215790
870,22,"Fruit",53932
870,23,"Veges",941917
870,24,"Veges",910528
870,25,"Veges",910528
870,26,"Veges",376791
871,2,"Beef",27399
871,3,"Beef",27399
871,4,"Beef",82130
871,8,"Sheepmeat",23244
871,9,"Sheepmeat",21600
871,10,"Sheepmeat",21600
871,11,"Forestry",122
871,12,"Forestry",122
871,13,"Forestry",12
871,14,"Forestry",12
871,15,"Forestry",246
871,16,"Forestry",3485
871,17,"Fruit",48384
871,18,"Fruit",48384
871,19,"Fruit",106315
871,20,"Fruit",6242
871,21,"Fruit",12481
871,22,"Fruit",3119
871,23,"Veges",1761044
871,24,"Veges",1702357
871,25,"Veges",1702357
871,26,"Veges",704462
872,2,"Beef",23669
872,3,"Beef",23669
872,4,"Beef",70947
872,8,"Sheepmeat",34249
872,9,"Sheepmeat",31826
872,10,"Sheepmeat",31826
872,11,"Forestry",1127
872,12,"Forestry",1127
872,13,"Forestry",109
872,14,"Forestry",109
872,15,"Forestry",2272
872,16,"Forestry",32138
872,17,"Fruit",79730
872,18,"Fruit",79730
872,19,"Fruit",175194
872,20,"Fruit",10286
872,21,"Fruit",20567
872,22,"Fruit",5140
873,2,"Beef",70349
873,3,"Beef",70349
873,4,"Beef",210873
873,8,"Sheepmeat",329470
873,9,"Sheepmeat",306164
873,10,"Sheepmeat",306164
873,11,"Forestry",13512
873,12,"Forestry",13512
873,13,"Forestry",1308
873,14,"Forestry",1308
873,15,"Forestry",27243
873,16,"Forestry",385320
873,17,"Fruit",838
873,18,"Fruit",838
873,19,"Fruit",1842
873,20,"Fruit",108
873,21,"Fruit",216
873,22,"Fruit",54
873,23,"Veges",924305
873,24,"Veges",893503
873,25,"Veges",893503
873,26,"Veges",369745
874,2,"Beef",69410
874,3,"Beef",69410
874,4,"Beef",208056
874,8,"Sheepmeat",328200
874,9,"Sheepmeat",304983
874,10,"Sheepmeat",304983
874,11,"Forestry",13168
874,12,"Forestry",13168
874,13,"Forestry",1274
874,14,"Forestry",1274
874,15,"Forestry",26549
874,16,"Forestry",375513
874,17,"Fruit",838
874,18,"Fruit",838
874,19,"Fruit",1842
874,20,"Fruit",108
874,21,"Fruit",216
874,22,"Fruit",54
874,23,"Veges",924305
874,24,"Veges",893503
874,25,"Veges",893503
874,26,"Veges",369745
877,2,"Beef",122
877,3,"Beef",122
877,4,"Beef",364
877,8,"Sheepmeat",181
877,9,"Sheepmeat",168
877,10,"Sheepmeat",168
878,2,"Beef",23707
878,3,"Beef",23707
878,4,"Beef",71062
878,8,"Sheepmeat",36162588
878,9,"Sheepmeat",17043
878,10,"Sheepmeat",17043
878,11,"Forestry",6114669
878,12,"Forestry",6114669
878,15,"Forestry",12245626
878,17,"Fruit",7335
878,18,"Fruit",7335
878,19,"Fruit",16117
878,20,"Fruit",747929
878,21,"Fruit",1495423
878,22,"Fruit",99428
878,23,"Veges",7768114
878,24,"Veges",437262
878,25,"Veges",437262
878,26,"Veges",180946
879,2,"Beef",4313
879,3,"Beef",4313
879,4,"Beef",12928
879,8,"Sheepmeat",3337
879,9,"Sheepmeat",3101
879,10,"Sheepmeat",3101
879,11,"Forestry",2
879,12,"Forestry",2
879,13,"Forestry",0
879,14,"Forestry",0
879,15,"Forestry",4
879,16,"Forestry",55
879,17,"Fruit",221112
879,18,"Fruit",221112
879,19,"Fruit",485855
879,20,"Fruit",28527
879,21,"Fruit",57037
879,22,"Fruit",14255
879,23,"Veges",616672
879,24,"Veges",596121
879,25,"Veges",596121
879,26,"Veges",246684
881,1,"Dairy",6320257
881,2,"Beef",3841428
881,3,"Beef",3841428
881,4,"Beef",11514728
881,8,"Sheepmeat",8389220
881,9,"Sheepmeat",7925399
881,10,"Sheepmeat",7925399
881,11,"Forestry",3428876
881,12,"Forestry",3428876
881,13,"Forestry",331827
881,14,"Forestry",334319
881,15,"Forestry",6830722
881,16,"Forestry",171501455
881,17,"Fruit",13449001
881,18,"Fruit",13449001
881,19,"Fruit",29551785
881,20,"Fruit",51993
881,21,"Fruit",185856
881,22,"Fruit",98101
881,23,"Veges",169057
881,24,"Veges",30933504
881,25,"Veges",30933504
881,26,"Veges",12800766
882,2,"Beef",39979
882,3,"Beef",39979
882,4,"Beef",119838
882,8,"Sheepmeat",67994
882,9,"Sheepmeat",63185
882,10,"Sheepmeat",63185
882,11,"Forestry",871
882,12,"Forestry",871
882,13,"Forestry",84
882,14,"Forestry",84
882,15,"Forestry",1756
882,16,"Forestry",24831
882,17,"Fruit",265814
882,18,"Fruit",265814
882,19,"Fruit",584078
882,20,"Fruit",34294
882,21,"Fruit",68568
882,22,"Fruit",17137
882,23,"Veges",162826
882,24,"Veges",157400
882,25,"Veges",157400
882,26,"Veges",65135
883,2,"Beef",21376
883,3,"Beef",21376
883,4,"Beef",64075
883,8,"Sheepmeat",53603
883,9,"Sheepmeat",49811
883,10,"Sheepmeat",49811
883,11,"Forestry",871
883,12,"Forestry",871
883,13,"Forestry",84
883,14,"Forestry",84
883,15,"Forestry",1756
883,16,"Forestry",24831
883,17,"Fruit",194283
883,18,"Fruit",194283
883,19,"Fruit",426902
883,20,"Fruit",25065
883,21,"Fruit",50116
883,22,"Fruit",12525
884,2,"Beef",321315
884,3,"Beef",321315
884,4,"Beef",963145
884,8,"Sheepmeat",807407
884,9,"Sheepmeat",750292
884,10,"Sheepmeat",750292
884,11,"Forestry",65541
884,12,"Forestry",65541
884,13,"Forestry",6343
884,14,"Forestry",6343
884,15,"Forestry",132138
884,16,"Forestry",1868963
884,17,"Fruit",33677
884,18,"Fruit",33677
884,19,"Fruit",73999
884,20,"Fruit",4345
884,21,"Fruit",8687
884,22,"Fruit",2171
885,2,"Beef",156005
885,3,"Beef",156005
885,4,"Beef",467628
885,5,"Beef",2962
885,6,"Beef",2962
885,7,"Beef",8879
885,8,"Sheepmeat",191353
885,9,"Sheepmeat",177817
885,10,"Sheepmeat",177817
885,11,"Forestry",3560
885,12,"Forestry",3560
885,14,"Forestry",334663
885,15,"Forestry",7177
885,22,"Fruit",21065
886,2,"Beef",3117
886,3,"Beef",3117
886,4,"Beef",9342
886,8,"Sheepmeat",2411
886,9,"Sheepmeat",2240
886,10,"Sheepmeat",2240
886,13,"Forestry",1129245
886,17,"Fruit",83
886,18,"Fruit",83
886,19,"Fruit",182
886,20,"Fruit",11
886,21,"Fruit",21
886,22,"Fruit",5
887,1,"Dairy",41981
887,2,"Beef",42021
887,3,"Beef",42021
887,4,"Beef",125958
887,8,"Sheepmeat",16998
887,9,"Sheepmeat",30209
887,10,"Sheepmeat",30209
887,11,"Forestry",483
887,12,"Forestry",483
887,13,"Forestry",0
887,14,"Forestry",53
887,16,"Forestry",143
887,17,"Fruit",138075
887,18,"Fruit",138075
887,19,"Fruit",303395
887,23,"Veges",49355
887,24,"Veges",155138
887,25,"Veges",155138
887,26,"Veges",64198
888,1,"Dairy",41981
888,2,"Beef",72040
888,3,"Beef",72040
888,4,"Beef",215942
888,8,"Sheepmeat",40222
888,9,"Sheepmeat",51790
888,10,"Sheepmeat",51790
888,11,"Forestry",488
888,12,"Forestry",488
888,15,"Forestry",10
888,20,"Fruit",17814
888,21,"Fruit",35617
888,22,"Fruit",8902
888,23,"Veges",209841
889,21,"Fruit",1199651
890,2,"Beef",12553
890,3,"Beef",12553
890,4,"Beef",37628
890,8,"Sheepmeat",10796
890,9,"Sheepmeat",10032
890,10,"Sheepmeat",10032
890,11,"Forestry",110
890,12,"Forestry",110
890,13,"Forestry",11
890,15,"Forestry",221
890,20,"Fruit",255937
890,21,"Fruit",801536
890,22,"Fruit",54633
890,23,"Veges",7605840
892,2,"Beef",86685
892,3,"Beef",86685
892,4,"Beef",259838
892,8,"Sheepmeat",348868
892,9,"Sheepmeat",324189
892,10,"Sheepmeat",324189
892,11,"Forestry",16847
892,12,"Forestry",16847
892,13,"Forestry",1630
892,14,"Forestry",1630
892,15,"Forestry",33965
892,16,"Forestry",480406
892,17,"Fruit",259710
892,18,"Fruit",259710
892,19,"Fruit",570667
892,20,"Fruit",33507
892,21,"Fruit",66994
892,22,"Fruit",16744
892,23,"Veges",924976
892,24,"Veges",894152
892,25,"Veges",894152
892,26,"Veges",370014
893,20,"Fruit",230926
893,21,"Fruit",461717
893,23,"Veges",1998068
894,2,"Beef",647
894,3,"Beef",647
894,4,"Beef",1938
894,8,"Sheepmeat",500
894,9,"Sheepmeat",465
894,10,"Sheepmeat",465
894,17,"Fruit",469217
894,18,"Fruit",469217
894,19,"Fruit",1031020
894,20,"Fruit",60536
894,21,"Fruit",121037
894,22,"Fruit",30250
894,23,"Veges",526805
894,24,"Veges",509249
894,25,"Veges",509249
894,26,"Veges",210735
895,2,"Beef",3882723
895,3,"Beef",3882723
895,4,"Beef",11638511
895,5,"Beef",482
895,6,"Beef",482
895,7,"Beef",1443
895,8,"Sheepmeat",8422252
895,9,"Sheepmeat",7956094
895,10,"Sheepmeat",7956094
895,11,"Forestry",3428986
895,12,"Forestry",3428986
895,13,"Forestry",331837
895,15,"Forestry",6830942
895,20,"Fruit",274737
895,21,"Fruit",259502
895,22,"Fruit",344583
895,23,"Veges",5566464
896,2,"Beef",3858013
896,3,"Beef",3858013
896,4,"Beef",11564442
896,8,"Sheepmeat",8402051
896,9,"Sheepmeat",7937322
896,10,"Sheepmeat",7937322
896,11,"Forestry",3428876
896,12,"Forestry",3428876
896,13,"Forestry",331827
896,15,"Forestry",6830722
896,20,"Fruit",144948
896,22,"Fruit",123487
896,23,"Veges",2060127
897,2,"Beef",38
897,3,"Beef",38
897,4,"Beef",115
897,8,"Sheepmeat",30
897,9,"Sheepmeat",28
897,10,"Sheepmeat",28
897,17,"Fruit",26859
897,18,"Fruit",26859
897,19,"Fruit",59017
897,20,"Fruit",3465
897,21,"Fruit",6928
897,22,"Fruit",1732
898,1,"Dairy",764007
898,2,"Beef",296727
898,3,"Beef",296727
898,4,"Beef",889443
898,5,"Beef",21813
898,6,"Beef",21813
898,7,"Beef",65386
898,8,"Sheepmeat",431061
898,9,"Sheepmeat",400568
898,10,"Sheepmeat",400568
898,11,"Forestry",2343
898,12,"Forestry",2343
898,13,"Forestry",227
898,14,"Forestry",227
898,15,"Forestry",4723
898,16,"Forestry",66803
898,17,"Fruit",2212063
898,18,"Fruit",2212063
898,19,"Fruit",4860614
898,20,"Fruit",285390
898,21,"Fruit",570613
898,22,"Fruit",142612
898,23,"Veges",1166283
898,24,"Veges",1127416
898,25,"Veges",1127416
898,26,"Veges",466542
899,1,"Dairy",764007
899,2,"Beef",258189
899,3,"Beef",258189
899,4,"Beef",773925
899,5,"Beef",21813
899,6,"Beef",21813
899,7,"Beef",65386
899,8,"Sheepmeat",392074
899,9,"Sheepmeat",364339
899,10,"Sheepmeat",364339
899,11,"Forestry",2342
899,12,"Forestry",2342
899,13,"Forestry",227
899,14,"Forestry",227
899,15,"Forestry",4722
899,16,"Forestry",66785
899,17,"Fruit",759033
899,18,"Fruit",759033
899,19,"Fruit",1667839
899,20,"Fruit",97927
899,21,"Fruit",195797
899,22,"Fruit",48935
899,23,"Veges",735031
899,24,"Veges",710536
899,25,"Veges",710536
899,26,"Veges",294031
901,2,"Beef",6935
901,3,"Beef",6935
901,4,"Beef",20787
901,8,"Sheepmeat",7390
901,9,"Sheepmeat",6867
901,10,"Sheepmeat",6867
901,11,"Forestry",13
901,12,"Forestry",13
901,13,"Forestry",1
901,14,"Forestry",1
901,15,"Forestry",27
901,16,"Forestry",376
901,23,"Veges",18457
901,24,"Veges",17842
901,25,"Veges",17842
901,26,"Veges",7383
902,2,"Beef",74352
902,3,"Beef",74352
902,4,"Beef",222871
902,8,"Sheepmeat",67698
902,9,"Sheepmeat",62909
902,10,"Sheepmeat",62909
902,11,"Forestry",155
902,12,"Forestry",155
902,13,"Forestry",15
902,14,"Forestry",15
902,15,"Forestry",313
902,16,"Forestry",4434
903,2,"Beef",74230
903,3,"Beef",74230
903,4,"Beef",222507
903,8,"Sheepmeat",67517
903,9,"Sheepmeat",62741
903,10,"Sheepmeat",62741
903,11,"Forestry",155
903,12,"Forestry",155
903,13,"Forestry",15
903,14,"Forestry",15
903,15,"Forestry",313
903,16,"Forestry",4434
904,2,"Beef",74206
904,3,"Beef",74206
904,4,"Beef",222433
904,8,"Sheepmeat",67498
904,9,"Sheepmeat",62723
904,10,"Sheepmeat",62723
904,11,"Forestry",155
904,12,"Forestry",155
904,13,"Forestry",15
904,14,"Forestry",15
904,15,"Forestry",313
904,16,"Forestry",4434
905,2,"Beef",177463
905,3,"Beef",177463
905,4,"Beef",531947
905,8,"Sheepmeat",401428
905,9,"Sheepmeat",373032
905,10,"Sheepmeat",373032
905,11,"Forestry",76120
905,12,"Forestry",76120
905,13,"Forestry",7366
905,14,"Forestry",7366
905,15,"Forestry",153468
905,16,"Forestry",2170645
905,17,"Fruit",86108
905,18,"Fruit",86108
905,19,"Fruit",189207
905,20,"Fruit",11109
905,21,"Fruit",22212
905,22,"Fruit",5551
906,1,"Dairy",103746
906,2,"Beef",115371
906,3,"Beef",115371
906,4,"Beef",345825
906,5,"Beef",2962
906,6,"Beef",2962
906,7,"Beef",8879
906,8,"Sheepmeat",159917
906,9,"Sheepmeat",148604
906,10,"Sheepmeat",148604
906,11,"Forestry",3461
906,12,"Forestry",3461
906,13,"Forestry",335
906,14,"Forestry",335
906,15,"Forestry",6978
906,16,"Forestry",98703
906,17,"Fruit",64588
906,18,"Fruit",64588
906,19,"Fruit",141920
906,20,"Fruit",8333
906,21,"Fruit",16661
906,22,"Fruit",4164
906,23,"Veges",101259
906,24,"Veges",97885
906,25,"Veges",97885
906,26,"Veges",40506
907,1,"Dairy",103578
907,2,"Beef",48546
907,3,"Beef",48546
907,4,"Beef",145517
907,5,"Beef",2957
907,6,"Beef",2957
907,7,"Beef",8864
907,8,"Sheepmeat",105298
907,9,"Sheepmeat",97849
907,10,"Sheepmeat",97849
907,11,"Forestry",1839
907,12,"Forestry",1839
907,13,"Forestry",178
907,14,"Forestry",178
907,15,"Forestry",3708
907,16,"Forestry",52440
908,8,"Sheepmeat",28610112
908,11,"Forestry",3422795
908,12,"Forestry",3422795
908,15,"Forestry",318
908,16,"Forestry",4502
908,17,"Fruit",394054
908,18,"Fruit",394054
908,19,"Fruit",865864
908,24,"Veges",2953471
908,25,"Veges",2953471
908,26,"Veges",1222192
909,2,"Beef",403
909,3,"Beef",403
909,4,"Beef",1207
909,8,"Sheepmeat",312
909,9,"Sheepmeat",289
909,10,"Sheepmeat",289
910,2,"Beef",11801
910,3,"Beef",11801
910,4,"Beef",35375
910,8,"Sheepmeat",15520
910,9,"Sheepmeat",14422
910,10,"Sheepmeat",14422
910,11,"Forestry",60
910,12,"Forestry",60
910,13,"Forestry",6
910,14,"Forestry",6
910,15,"Forestry",121
910,16,"Forestry",1715
910,23,"Veges",18457
910,24,"Veges",17842
910,25,"Veges",17842
910,26,"Veges",7383
911,2,"Beef",10419
911,3,"Beef",10419
911,4,"Beef",31230
911,8,"Sheepmeat",14450
911,9,"Sheepmeat",13428
911,10,"Sheepmeat",13428
911,11,"Forestry",60
911,12,"Forestry",60
911,13,"Forestry",6
911,14,"Forestry",6
911,15,"Forestry",121
911,16,"Forestry",1715
911,23,"Veges",18457
911,24,"Veges",17842
911,25,"Veges",17842
911,26,"Veges",7383
912,2,"Beef",9470
912,3,"Beef",9470
912,4,"Beef",28385
912,8,"Sheepmeat",13716
912,9,"Sheepmeat",12746
912,10,"Sheepmeat",12746
912,11,"Forestry",60
912,12,"Forestry",60
912,13,"Forestry",6
912,14,"Forestry",6
912,15,"Forestry",121
912,16,"Forestry",1715
912,23,"Veges",18457
912,24,"Veges",17842
912,25,"Veges",17842
912,26,"Veges",7383
913,2,"Beef",2184
913,3,"Beef",2184
913,4,"Beef",6545
913,8,"Sheepmeat",5934
913,9,"Sheepmeat",5515
913,10,"Sheepmeat",5515
913,11,"Forestry",47
913,12,"Forestry",47
913,13,"Forestry",5
913,14,"Forestry",5
913,15,"Forestry",95
913,16,"Forestry",1339
914,2,"Beef",13199
914,3,"Beef",13199
914,4,"Beef",39564
914,8,"Sheepmeat",10211
914,9,"Sheepmeat",9489
914,10,"Sheepmeat",9489
914,17,"Fruit",917779
914,18,"Fruit",917779
914,19,"Fruit",2016657
914,20,"Fruit",118408
914,21,"Fruit",236746
914,22,"Fruit",59169
914,23,"Veges",511880
914,24,"Veges",494821
914,25,"Veges",494821
914,26,"Veges",204765
915,2,"Beef",460932
915,3,"Beef",460932
915,4,"Beef",1381651
915,8,"Sheepmeat",850539
915,9,"Sheepmeat",790373
915,10,"Sheepmeat",790373
915,11,"Forestry",117504
915,12,"Forestry",117504
915,13,"Forestry",11371
915,14,"Forestry",11371
915,15,"Forestry",236903
915,16,"Forestry",3350755
915,17,"Fruit",86747
915,18,"Fruit",86747
915,19,"Fruit",190612
915,20,"Fruit",11192
915,21,"Fruit",22377
915,22,"Fruit",5593
915,23,"Veges",1322365
915,24,"Veges",1278297
915,25,"Veges",1278297
915,26,"Veges",528979
916,2,"Beef",18552
916,3,"Beef",18552
916,4,"Beef",55610
916,8,"Sheepmeat",37447
916,9,"Sheepmeat",34798
916,10,"Sheepmeat",34798
916,11,"Forestry",60
916,12,"Forestry",60
916,13,"Forestry",6
916,14,"Forestry",6
916,15,"Forestry",121
916,16,"Forestry",1715
916,23,"Veges",18457
916,24,"Veges",17842
916,25,"Veges",17842
916,26,"Veges",7383
917,1,"Dairy",6320257
917,2,"Beef",3792153
917,3,"Beef",3792153
917,4,"Beef",11367024
917,8,"Sheepmeat",8314034
917,9,"Sheepmeat",7855531
917,10,"Sheepmeat",7855531
917,11,"Forestry",3428005
917,12,"Forestry",3428005
917,13,"Forestry",331742
917,14,"Forestry",334235
917,15,"Forestry",6828966
917,16,"Forestry",171476624
917,17,"Fruit",13046001
917,18,"Fruit",13046001
917,19,"Fruit",28666263
917,21,"Fruit",289812
917,22,"Fruit",72120
917,24,"Veges",30770081
917,25,"Veges",30770081
917,26,"Veges",12733139
918,1,"Dairy",6320257
918,2,"Beef",3708961
918,3,"Beef",3708961
918,4,"Beef",11117656
918,8,"Sheepmeat",8239897
918,9,"Sheepmeat",7786638
918,10,"Sheepmeat",7786638
918,11,"Forestry",3418961
918,12,"Forestry",3418961
918,13,"Forestry",330867
918,14,"Forestry",333359
918,15,"Forestry",6810732
918,16,"Forestry",171218717
918,17,"Fruit",11981945
918,18,"Fruit",11981945
918,19,"Fruit",26328191
918,20,"Fruit",137279
918,21,"Fruit",564291
918,22,"Fruit",3520
918,23,"Veges",1118499
918,24,"Veges",29688855
918,25,"Veges",29688855
918,26,"Veges",12285711
919,1,"Dairy",6320257
919,14,"Forestry",2492
919,16,"Forestry",76581710
919,17,"Fruit",11927343
919,18,"Fruit",11927343
919,19,"Fruit",26208211
919,20,"Fruit",146607
919,21,"Fruit",582940
919,23,"Veges",7461959
919,24,"Veges",29647466
919,25,"Veges",29647466
919,26,"Veges",12268583
920,1,"Dairy",6320257
920,14,"Forestry",2482
920,16,"Forestry",76578586
920,17,"Fruit",11079924
920,18,"Fruit",11079924
920,19,"Fruit",24346159
920,24,"Veges",29508379
920,25,"Veges",29508379
920,26,"Veges",12211027
921,1,"Dairy",6320257
921,2,"Beef",55786
921,3,"Beef",55786
921,4,"Beef",167219
921,8,"Sheepmeat",50987
921,9,"Sheepmeat",47380
921,10,"Sheepmeat",47380
921,11,"Forestry",24645
921,12,"Forestry",24645
921,13,"Forestry",2385
921,14,"Forestry",97
921,15,"Forestry",49688
921,16,"Forestry",75875794
921,17,"Fruit",10456492
921,18,"Fruit",10456492
921,19,"Fruit",22976278
921,20,"Fruit",80432
921,21,"Fruit",160818
921,22,"Fruit",40193
921,23,"Veges",353727
921,24,"Veges",29166440
921,25,"Veges",29166440
921,26,"Veges",12069527
922,1,"Dairy",6320257
922,2,"Beef",68356
922,3,"Beef",68356
922,4,"Beef",204898
922,8,"Sheepmeat",60885
922,9,"Sheepmeat",56578
922,10,"Sheepmeat",56578
922,11,"Forestry",25644
922,12,"Forestry",25644
922,13,"Forestry",2482
922,15,"Forestry",51701
922,16,"Forestry",75847329
922,17,"Fruit",9433994
922,18,"Fruit",9433994
922,19,"Fruit",20729522
922,20,"Fruit",212350
922,21,"Fruit",424576
922,22,"Fruit",106113
922,23,"Veges",833261
922,24,"Veges",28702886
922,25,"Veges",28702886
922,26,"Veges",11877701
923,2,"Beef",50117
923,3,"Beef",50117
923,4,"Beef",150227
923,8,"Sheepmeat",41694
923,9,"Sheepmeat",38744
923,10,"Sheepmeat",38744
923,11,"Forestry",1350
923,12,"Forestry",1350
923,13,"Forestry",131
923,14,"Forestry",131
923,15,"Forestry",2723
923,16,"Forestry",38508
923,17,"Fruit",403
923,18,"Fruit",403
923,19,"Fruit",886
923,20,"Fruit",52
923,21,"Fruit",104
923,22,"Fruit",26
924,2,"Beef",4007
924,3,"Beef",4007
924,4,"Beef",12011
924,8,"Sheepmeat",3100
924,9,"Sheepmeat",2881
924,10,"Sheepmeat",2881
924,17,"Fruit",324763
924,18,"Fruit",324763
924,19,"Fruit",713609
924,20,"Fruit",41899
924,21,"Fruit",83774
924,22,"Fruit",20937
924,23,"Veges",377452
924,24,"Veges",364873
924,25,"Veges",364873
924,26,"Veges",150990
925,2,"Beef",3946
925,3,"Beef",3946
925,4,"Beef",11828
925,8,"Sheepmeat",3053
925,9,"Sheepmeat",2837
925,10,"Sheepmeat",2837
925,17,"Fruit",324763
925,18,"Fruit",324763
925,19,"Fruit",713609
925,20,"Fruit",41899
925,21,"Fruit",83774
925,22,"Fruit",20937
925,23,"Veges",214731
925,24,"Veges",207575
925,25,"Veges",207575
925,26,"Veges",85898
926,2,"Beef",67129
926,3,"Beef",67129
926,4,"Beef",201221
926,8,"Sheepmeat",326436
926,9,"Sheepmeat",303344
926,10,"Sheepmeat",303344
926,11,"Forestry",13161
926,12,"Forestry",13161
926,13,"Forestry",1274
926,14,"Forestry",1274
926,15,"Forestry",26534
926,16,"Forestry",375302
926,23,"Veges",924305
926,24,"Veges",893503
926,25,"Veges",893503
926,26,"Veges",369745
927,2,"Beef",5880
927,3,"Beef",5880
927,4,"Beef",17625
927,8,"Sheepmeat",5082
927,9,"Sheepmeat",4723
927,10,"Sheepmeat",4723
928,2,"Beef",192768
928,3,"Beef",192768
928,4,"Beef",577824
928,8,"Sheepmeat",425047
928,9,"Sheepmeat",394979
928,10,"Sheepmeat",394979
928,11,"Forestry",97640
928,12,"Forestry",97640
928,13,"Forestry",9449
928,14,"Forestry",9449
928,15,"Forestry",196854
928,16,"Forestry",2784308
928,17,"Fruit",86108
928,18,"Fruit",86108
928,19,"Fruit",189207
928,20,"Fruit",11109
928,21,"Fruit",22212
928,22,"Fruit",5551
929,2,"Beef",375777
929,3,"Beef",375777
929,4,"Beef",1126395
929,8,"Sheepmeat",1354047
929,9,"Sheepmeat",1258262
929,10,"Sheepmeat",1258262
929,11,"Forestry",28712
929,12,"Forestry",28712
929,13,"Forestry",2779
929,14,"Forestry",2779
929,15,"Forestry",57886
929,16,"Forestry",818743
930,2,"Beef",84214
930,3,"Beef",84214
930,4,"Beef",252432
930,8,"Sheepmeat",251346
930,9,"Sheepmeat",233566
930,10,"Sheepmeat",233566
930,11,"Forestry",9312
930,12,"Forestry",9312
930,13,"Forestry",901
930,14,"Forestry",901
930,15,"Forestry",18774
930,16,"Forestry",265543
930,17,"Fruit",2124759
930,18,"Fruit",2124759
930,19,"Fruit",4668779
930,20,"Fruit",274126
930,21,"Fruit",548093
930,22,"Fruit",136983
930,23,"Veges",2592986
930,24,"Veges",2506575
930,25,"Veges",2506575
930,26,"Veges",1037260
931,2,"Beef",66727
931,3,"Beef",66727
931,4,"Beef",200014
931,8,"Sheepmeat",221793
931,9,"Sheepmeat",206104
931,10,"Sheepmeat",206104
931,11,"Forestry",3619
931,12,"Forestry",3619
931,13,"Forestry",350
931,14,"Forestry",350
931,15,"Forestry",7295
931,16,"Forestry",103186
931,17,"Fruit",1009247
931,18,"Fruit",1009247
931,19,"Fruit",2217640
931,20,"Fruit",130208
931,21,"Fruit",260341
931,22,"Fruit",65066
931,23,"Veges",734087
931,24,"Veges",709624
931,25,"Veges",709624
931,26,"Veges",293653
934,2,"Beef",275974
934,3,"Beef",275974
934,4,"Beef",827235
934,5,"Beef",3679
934,6,"Beef",3679
934,7,"Beef",11028
934,8,"Sheepmeat",264995
934,9,"Sheepmeat",264063
934,10,"Sheepmeat",264063
934,11,"Forestry",4047
934,12,"Forestry",4047
934,14,"Forestry",204868
934,15,"Forestry",7187
934,22,"Fruit",57811
935,2,"Beef",22883
935,3,"Beef",22883
935,4,"Beef",68592
935,8,"Sheepmeat",18285
935,9,"Sheepmeat",16991
935,10,"Sheepmeat",16991
935,17,"Fruit",1780181
935,18,"Fruit",1780181
935,19,"Fruit",3911630
935,20,"Fruit",229670
935,21,"Fruit",459207
935,22,"Fruit",4268296
935,23,"Veges",85017
935,24,"Veges",82184
935,25,"Veges",82184
935,26,"Veges",34009
936,2,"Beef",59899
936,3,"Beef",59899
936,4,"Beef",179547
936,8,"Sheepmeat",49033
936,9,"Sheepmeat",45565
936,10,"Sheepmeat",45565
936,23,"Veges",36898
936,24,"Veges",35668
936,25,"Veges",35668
936,26,"Veges",14760
937,2,"Beef",26403
937,3,"Beef",26403
937,4,"Beef",79145
937,8,"Sheepmeat",193093
937,9,"Sheepmeat",179433
937,10,"Sheepmeat",179433
937,11,"Forestry",73633
937,12,"Forestry",73633
937,13,"Forestry",7126
937,14,"Forestry",7126
937,15,"Forestry",148453
937,16,"Forestry",2099720
938,8,"Sheepmeat",36462625
938,11,"Forestry",6118716
938,12,"Forestry",6118716
938,15,"Forestry",12252813
938,17,"Fruit",389188
938,18,"Fruit",3888350
938,19,"Fruit",855171
938,20,"Fruit",416459
938,21,"Fruit",832675
938,23,"Veges",6396295
938,24,"Veges",3683603
938,25,"Veges",62855
938,26,"Veges",26010
939,2,"Beef",10227
939,3,"Beef",10227
939,4,"Beef",30654
939,8,"Sheepmeat",8085
939,9,"Sheepmeat",7513
939,10,"Sheepmeat",7513
939,11,"Forestry",998
939,12,"Forestry",998
939,13,"Forestry",97
939,14,"Forestry",97
939,15,"Forestry",2012
939,16,"Forestry",28465
939,17,"Fruit",279467
939,18,"Fruit",279467
939,19,"Fruit",614080
939,20,"Fruit",36056
939,21,"Fruit",72090
939,22,"Fruit",18017
939,23,"Veges",63009
939,24,"Veges",60909
939,25,"Veges",60909
939,26,"Veges",25205
940,2,"Beef",2343
940,3,"Beef",2343
940,4,"Beef",7023
940,8,"Sheepmeat",1813
940,9,"Sheepmeat",1684
940,10,"Sheepmeat",1684
940,17,"Fruit",512062
940,18,"Fruit",512062
940,19,"Fruit",1125166
940,20,"Fruit",66064
940,21,"Fruit",132089
940,22,"Fruit",33013
940,23,"Veges",255280
940,24,"Veges",246773
940,25,"Veges",246773
940,26,"Veges",102119
941,2,"Beef",1970
941,3,"Beef",1970
941,4,"Beef",5904
941,8,"Sheepmeat",1524
941,9,"Sheepmeat",1416
941,10,"Sheepmeat",1416
941,17,"Fruit",294332
941,18,"Fruit",294332
941,19,"Fruit",646741
941,20,"Fruit",37973
941,21,"Fruit",75924
941,22,"Fruit",18976
941,23,"Veges",244972
941,24,"Veges",236808
941,25,"Veges",236808
941,26,"Veges",97995
942,8,"Sheepmeat",2884
942,9,"Sheepmeat",2680
942,10,"Sheepmeat",2680
943,2,"Beef",277
943,3,"Beef",277
943,4,"Beef",830
943,8,"Sheepmeat",214
943,9,"Sheepmeat",199
943,10,"Sheepmeat",199
943,17,"Fruit",58111
943,18,"Fruit",58111
943,19,"Fruit",127688
943,20,"Fruit",7497
943,21,"Fruit",14990
943,22,"Fruit",3746
944,1,"Dairy",16865
944,14,"Forestry",257423
944,17,"Fruit",2582020
944,18,"Fruit",2582020
944,19,"Fruit",5673530
944,20,"Fruit",73541
944,21,"Fruit",147039
944,23,"Veges",1965996
944,24,"Veges",4775861
944,25,"Veges",4775861
944,26,"Veges",1976326
945,2,"Beef",19769
945,3,"Beef",19769
945,4,"Beef",59256
945,8,"Sheepmeat",16378
945,9,"Sheepmeat",15220
945,10,"Sheepmeat",15220
945,11,"Forestry",110
945,12,"Forestry",110
945,13,"Forestry",11
945,14,"Forestry",257423
945,15,"Forestry",221
945,17,"Fruit",2146041
945,18,"Fruit",2146041
945,19,"Fruit",4715543
945,22,"Fruit",192988
945,24,"Veges",3286852
945,25,"Veges",3286852
945,26,"Veges",1360151
946,2,"Beef",18754
946,3,"Beef",18754
946,4,"Beef",56215
946,8,"Sheepmeat",15593
946,9,"Sheepmeat",14490
946,10,"Sheepmeat",14490
946,11,"Forestry",110
946,12,"Forestry",110
946,13,"Forestry",11
946,14,"Forestry",257423
946,15,"Forestry",221
946,17,"Fruit",1543348
946,18,"Fruit",1543348
946,19,"Fruit",3391233
946,20,"Fruit",455052
946,22,"Fruit",154133
946,23,"Veges",7943961
946,24,"Veges",326853
946,25,"Veges",326853
946,26,"Veges",135257
947,14,"Forestry",257423
948,2,"Beef",607
948,3,"Beef",607
948,4,"Beef",1819
948,8,"Sheepmeat",469
948,9,"Sheepmeat",436
948,10,"Sheepmeat",436
949,2,"Beef",48697
949,3,"Beef",48697
949,4,"Beef",145971
949,8,"Sheepmeat",45502
949,9,"Sheepmeat",42284
949,10,"Sheepmeat",42284
949,11,"Forestry",24645
949,12,"Forestry",24645
949,13,"Forestry",2385
949,14,"Forestry",2385
949,15,"Forestry",49688
949,16,"Forestry",702792
949,17,"Fruit",310676
949,18,"Fruit",310676
949,19,"Fruit",682656
949,20,"Fruit",40082
949,21,"Fruit",80141
949,22,"Fruit",20029
949,23,"Veges",3399
949,24,"Veges",3286
949,25,"Veges",3286
949,26,"Veges",1360
950,2,"Beef",317107
950,3,"Beef",317107
950,4,"Beef",950533
950,8,"Sheepmeat",275599
950,9,"Sheepmeat",256103
950,10,"Sheepmeat",256103
950,11,"Forestry",845
950,12,"Forestry",845
950,13,"Forestry",82
950,14,"Forestry",82
950,15,"Forestry",1703
950,16,"Forestry",24092
950,17,"Fruit",302905
950,18,"Fruit",302905
950,19,"Fruit",665580
950,20,"Fruit",39079
950,21,"Fruit",78136
950,22,"Fruit",19528
950,23,"Veges",330730
950,24,"Veges",319709
950,25,"Veges",319709
950,26,"Veges",132300
951,2,"Beef",44667
951,3,"Beef",44667
951,4,"Beef",133889
951,8,"Sheepmeat",62971
951,9,"Sheepmeat",58517
951,10,"Sheepmeat",58517
951,11,"Forestry",80
951,12,"Forestry",80
951,13,"Forestry",8
951,14,"Forestry",8
951,15,"Forestry",162
951,16,"Forestry",2293
951,17,"Fruit",22097
951,18,"Fruit",22097
951,19,"Fruit",48554
951,20,"Fruit",2851
951,21,"Fruit",5700
951,22,"Fruit",1425
951,23,"Veges",83836
951,24,"Veges",81042
951,25,"Veges",81042
951,26,"Veges",33536
952,2,"Beef",136381
952,3,"Beef",136381
952,4,"Beef",408804
952,8,"Sheepmeat",131077
952,9,"Sheepmeat",121804
952,10,"Sheepmeat",121804
952,17,"Fruit",217496
952,18,"Fruit",217496
952,19,"Fruit",477910
952,20,"Fruit",28060
952,21,"Fruit",56104
952,22,"Fruit",14022
952,23,"Veges",24
952,24,"Veges",24
952,25,"Veges",24
952,26,"Veges",10
953,2,"Beef",344244
953,3,"Beef",344244
953,4,"Beef",1031875
953,8,"Sheepmeat",1070394
953,9,"Sheepmeat",994674
953,10,"Sheepmeat",994674
953,11,"Forestry",119335
953,12,"Forestry",119335
953,13,"Forestry",11549
953,14,"Forestry",11549
953,15,"Forestry",240594
953,16,"Forestry",3402959
953,23,"Veges",500197
953,24,"Veges",483528
953,25,"Veges",483528
953,26,"Veges",200092
954,2,"Beef",150107
954,3,"Beef",150107
954,4,"Beef",449948
954,8,"Sheepmeat",769033
954,9,"Sheepmeat",714632
954,10,"Sheepmeat",714632
954,11,"Forestry",118687
954,12,"Forestry",118687
954,13,"Forestry",11486
954,14,"Forestry",11486
954,15,"Forestry",239288
954,16,"Forestry",3384483
954,23,"Veges",500197
954,24,"Veges",483528
954,25,"Veges",483528
954,26,"Veges",200092
955,2,"Beef",28619
955,3,"Beef",28619
955,4,"Beef",85787
955,8,"Sheepmeat",25308
955,9,"Sheepmeat",23518
955,10,"Sheepmeat",23518
955,11,"Forestry",79
955,12,"Forestry",79
955,13,"Forestry",8
955,14,"Forestry",8
955,15,"Forestry",160
955,16,"Forestry",2266
956,2,"Beef",74596
956,3,"Beef",74596
956,4,"Beef",223604
956,8,"Sheepmeat",124896
956,9,"Sheepmeat",116061
956,10,"Sheepmeat",116061
956,11,"Forestry",57
956,12,"Forestry",57
956,13,"Forestry",5
956,14,"Forestry",5
956,15,"Forestry",114
956,16,"Forestry",1617
956,17,"Fruit",97008
956,18,"Fruit",97008
956,19,"Fruit",213157
956,20,"Fruit",12515
956,21,"Fruit",25024
956,22,"Fruit",6254
956,23,"Veges",430229
956,24,"Veges",415891
956,25,"Veges",415891
956,26,"Veges",172102
957,2,"Beef",9259
957,3,"Beef",9259
957,4,"Beef",27753
957,8,"Sheepmeat",6072
957,9,"Sheepmeat",6656
957,10,"Sheepmeat",6656
957,17,"Fruit",599337
957,18,"Fruit",599337
957,19,"Fruit",1316936
957,20,"Fruit",77324
957,21,"Fruit",154602
957,22,"Fruit",38639
957,23,"Veges",202429
957,24,"Veges",195683
957,25,"Veges",195683
957,26,"Veges",80977
958,2,"Beef",34036
958,3,"Beef",34036
958,4,"Beef",102025
958,8,"Sheepmeat",26332
958,9,"Sheepmeat",24469
958,10,"Sheepmeat",24469
960,2,"Beef",12828
960,3,"Beef",12828
960,4,"Beef",38453
960,8,"Sheepmeat",18632
960,9,"Sheepmeat",17314
960,10,"Sheepmeat",17314
960,11,"Forestry",69
960,12,"Forestry",69
960,13,"Forestry",7
960,14,"Forestry",7
960,15,"Forestry",138
960,16,"Forestry",1955
960,17,"Fruit",805589
960,18,"Fruit",805589
960,19,"Fruit",1770139
960,20,"Fruit",103933
960,21,"Fruit",207806
960,22,"Fruit",51936
960,23,"Veges",42483
960,24,"Veges",41067
960,25,"Veges",41067
960,26,"Veges",16994
962,2,"Beef",160244
962,3,"Beef",160244
962,4,"Beef",480334
962,8,"Sheepmeat",70420877
962,9,"Sheepmeat",115201
962,10,"Sheepmeat",115201
962,11,"Forestry",8245911
962,12,"Forestry",8245911
962,13,"Forestry",15
962,14,"Forestry",15
962,17,"Fruit",788485
962,18,"Fruit",788485
962,19,"Fruit",1732556
962,20,"Fruit",152566
962,21,"Fruit",305042
962,22,"Fruit",76238
962,23,"Veges",4421843
962,24,"Veges",1321014
962,25,"Veges",1321014
962,26,"Veges",546656
963,2,"Beef",155597
963,3,"Beef",155597
963,4,"Beef",466403
963,8,"Sheepmeat",70424473
963,9,"Sheepmeat",111859
963,10,"Sheepmeat",111859
963,11,"Forestry",8245911
963,12,"Forestry",8245911
963,13,"Forestry",15
963,14,"Forestry",15
963,20,"Fruit",50839
963,21,"Fruit",101648
963,22,"Fruit",25405
963,23,"Veges",3055288
964,2,"Beef",18411
964,3,"Beef",18411
964,4,"Beef",55188
964,8,"Sheepmeat",99140715
964,9,"Sheepmeat",13236
964,10,"Sheepmeat",13236
964,11,"Forestry",11668706
964,12,"Forestry",11668706
964,13,"Forestry",15
964,14,"Forestry",15
964,15,"Forestry",318
964,16,"Forestry",4502
964,23,"Veges",1955077
964,24,"Veges",1889924
964,25,"Veges",1889924
964,26,"Veges",782080
966,2,"Beef",1614
966,3,"Beef",1614
966,4,"Beef",4838
966,8,"Sheepmeat",8417
966,9,"Sheepmeat",7822
966,10,"Sheepmeat",7822
967,8,"Sheepmeat",1091
967,17,"Fruit",165281
967,18,"Fruit",165281
967,19,"Fruit",363176
967,20,"Fruit",21324
967,21,"Fruit",42635
967,22,"Fruit",10656
968,2,"Beef",1009
968,3,"Beef",1009
968,4,"Beef",3024
968,8,"Sheepmeat",1872
968,9,"Sheepmeat",725
968,10,"Sheepmeat",725
968,17,"Fruit",165281
968,18,"Fruit",165281
968,19,"Fruit",363176
968,20,"Fruit",21324
968,21,"Fruit",42635
968,22,"Fruit",10656
969,2,"Beef",1009
969,3,"Beef",1009
969,4,"Beef",3024
969,8,"Sheepmeat",1872
969,9,"Sheepmeat",725
969,10,"Sheepmeat",725
969,17,"Fruit",167172
969,18,"Fruit",167172
969,19,"Fruit",367330
969,20,"Fruit",21568
969,21,"Fruit",43123
969,22,"Fruit",10778
970,2,"Beef",1009
970,3,"Beef",1009
970,4,"Beef",3024
970,8,"Sheepmeat",1872
970,9,"Sheepmeat",725
970,10,"Sheepmeat",725
970,17,"Fruit",179010
970,18,"Fruit",179010
970,19,"Fruit",393342
970,20,"Fruit",23095
970,21,"Fruit",46177
970,22,"Fruit",11541
972,2,"Beef",317841
972,3,"Beef",317841
972,4,"Beef",952733
972,8,"Sheepmeat",425858
972,9,"Sheepmeat",395733
972,10,"Sheepmeat",395733
972,11,"Forestry",479
972,12,"Forestry",479
972,13,"Forestry",46
972,14,"Forestry",46
972,15,"Forestry",965
972,16,"Forestry",13654
974,2,"Beef",4777
974,3,"Beef",4777
974,4,"Beef",14318
974,8,"Sheepmeat",3695
974,9,"Sheepmeat",3434
974,10,"Sheepmeat",3434
976,2,"Beef",2058
976,3,"Beef",2058
976,4,"Beef",6169
976,8,"Sheepmeat",1592
976,9,"Sheepmeat",1480
976,10,"Sheepmeat",1480
976,17,"Fruit",91405
976,18,"Fruit",91405
976,19,"Fruit",200846
976,20,"Fruit",11793
976,21,"Fruit",23578
976,22,"Fruit",5893
976,23,"Veges",9006
976,24,"Veges",8706
976,25,"Veges",8706
976,26,"Veges",3602
979,2,"Beef",4635
979,3,"Beef",4635
979,4,"Beef",13893
979,8,"Sheepmeat",3586
979,9,"Sheepmeat",3332
979,10,"Sheepmeat",3332
980,1,"Dairy",849701
980,2,"Beef",6367942
980,3,"Beef",6367942
980,4,"Beef",19087987
980,5,"Beef",24298
980,6,"Beef",24298
980,7,"Beef",72833
980,8,"Sheepmeat",16047696
980,9,"Sheepmeat",14912489
980,10,"Sheepmeat",14912489
980,11,"Forestry",312039
980,12,"Forestry",312039
980,13,"Forestry",30197
980,14,"Forestry",30197
980,15,"Forestry",629111
980,16,"Forestry",8898153
980,17,"Fruit",1489011
980,18,"Fruit",1489011
980,19,"Fruit",3271837
980,20,"Fruit",192105
980,21,"Fruit",384098
980,22,"Fruit",95997
980,23,"Veges",3952011
980,24,"Veges",3820310
980,25,"Veges",3820310
980,26,"Veges",1580904
981,2,"Beef",157514
981,3,"Beef",157514
981,4,"Beef",472152
981,8,"Sheepmeat",1172563
981,9,"Sheepmeat",1089617
981,10,"Sheepmeat",1089617
981,11,"Forestry",203998
981,12,"Forestry",203998
981,13,"Forestry",19742
981,14,"Forestry",19742
981,15,"Forestry",411285
981,16,"Forestry",5817221
982,2,"Beef",22957
982,3,"Beef",22957
982,4,"Beef",68813
982,8,"Sheepmeat",84862
982,9,"Sheepmeat",78859
982,10,"Sheepmeat",78859
982,11,"Forestry",745
982,12,"Forestry",745
982,13,"Forestry",72
982,14,"Forestry",72
982,15,"Forestry",1503
982,16,"Forestry",21252
982,17,"Fruit",213219
982,18,"Fruit",213219
982,19,"Fruit",468511
982,20,"Fruit",27509
982,21,"Fruit",55001
982,22,"Fruit",13746
982,23,"Veges",973352
982,24,"Veges",940916
982,25,"Veges",940916
982,26,"Veges",389365
983,2,"Beef",4081
983,3,"Beef",4081
983,4,"Beef",12232
983,8,"Sheepmeat",38426
983,9,"Sheepmeat",35708
983,10,"Sheepmeat",35708
983,11,"Forestry",431
983,12,"Forestry",431
983,13,"Forestry",42
983,14,"Forestry",42
983,15,"Forestry",869
983,16,"Forestry",12289
983,17,"Fruit",190
983,18,"Fruit",190
983,19,"Fruit",418
983,20,"Fruit",25
983,21,"Fruit",49
983,22,"Fruit",12
983,23,"Veges",620818
983,24,"Veges",600130
983,25,"Veges",600130
983,26,"Veges",248343
985,1,"Dairy",1254
985,2,"Beef",81484
985,3,"Beef",81484
985,4,"Beef",244250
985,5,"Beef",36
985,6,"Beef",36
985,7,"Beef",107
985,8,"Sheepmeat",98303
985,9,"Sheepmeat",91349
985,10,"Sheepmeat",91349
985,11,"Forestry",789
985,12,"Forestry",789
985,13,"Forestry",76
985,14,"Forestry",76
985,15,"Forestry",1591
985,16,"Forestry",22506
985,17,"Fruit",2051193
985,18,"Fruit",2051193
985,19,"Fruit",4507131
985,20,"Fruit",264635
985,21,"Fruit",529116
985,22,"Fruit",132240
985,23,"Veges",4577255
985,24,"Veges",4424718
985,25,"Veges",4424718
985,26,"Veges",1831017
987,1,"Dairy",764007
987,2,"Beef",1135120
987,3,"Beef",1135120
987,4,"Beef",3402536
987,5,"Beef",21813
987,6,"Beef",21813
987,7,"Beef",65386
987,8,"Sheepmeat",778150
987,9,"Sheepmeat",1571792
987,10,"Sheepmeat",1571792
987,11,"Forestry",6529
987,12,"Forestry",6529
987,13,"Forestry",632
987,14,"Forestry",632
987,15,"Forestry",13164
987,16,"Forestry",186185
987,17,"Fruit",5427172
987,18,"Fruit",5427172
987,19,"Fruit",11925243
987,20,"Fruit",682597
987,21,"Fruit",1364795
987,22,"Fruit",368812
987,23,"Veges",7793871
987,24,"Veges",8040249
987,25,"Veges",8040249
987,26,"Veges",3327180
988,2,"Beef",25394
988,3,"Beef",25394
988,4,"Beef",76119
988,8,"Sheepmeat",19646
988,9,"Sheepmeat",18256
988,10,"Sheepmeat",18256
988,17,"Fruit",725103
988,18,"Fruit",725103
988,19,"Fruit",1593285
988,20,"Fruit",93549
988,21,"Fruit",187044
988,22,"Fruit",46747
988,23,"Veges",414347
988,24,"Veges",400539
988,25,"Veges",400539
988,26,"Veges",165749
989,2,"Beef",4305
989,3,"Beef",4305
989,4,"Beef",12904
989,8,"Sheepmeat",3330
989,9,"Sheepmeat",3095
989,10,"Sheepmeat",3095
989,17,"Fruit",654772
989,18,"Fruit",654772
989,19,"Fruit",1438745
989,20,"Fruit",84476
989,21,"Fruit",168902
989,22,"Fruit",42213
989,23,"Veges",372916
989,24,"Veges",360488
989,25,"Veges",360488
989,26,"Veges",149176
991,1,"Dairy",764007
991,2,"Beef",1082659
991,3,"Beef",1082659
991,4,"Beef",3245284
991,5,"Beef",21813
991,6,"Beef",21813
991,7,"Beef",65386
991,8,"Sheepmeat",737564
991,9,"Sheepmeat",1534077
991,10,"Sheepmeat",1534077
991,11,"Forestry",6529
991,12,"Forestry",6529
991,13,"Forestry",632
991,14,"Forestry",632
991,15,"Forestry",13164
991,16,"Forestry",186185
991,17,"Fruit",4172530
991,18,"Fruit",4172530
991,19,"Fruit",9168391
991,20,"Fruit",520729
991,21,"Fruit",1041154
991,22,"Fruit",287925
991,23,"Veges",6164446
991,24,"Veges",6465124
991,25,"Veges",6465124
991,26,"Veges",2675369
992,2,"Beef",761870
992,3,"Beef",761870
992,4,"Beef",2283716
992,8,"Sheepmeat",287889
992,9,"Sheepmeat",1116212
992,10,"Sheepmeat",1116212
992,11,"Forestry",4186
992,12,"Forestry",4186
992,13,"Forestry",405
992,14,"Forestry",405
992,15,"Forestry",8440
992,16,"Forestry",119382
992,17,"Fruit",1693904
992,18,"Fruit",1693904
992,19,"Fruit",3722053
992,20,"Fruit",200948
992,21,"Fruit",401779
992,22,"Fruit",128128
992,23,"Veges",4814489
992,24,"Veges",5160154
992,25,"Veges",5160154
992,26,"Veges",2135352
993,2,"Beef",761363
993,3,"Beef",761363
993,4,"Beef",2282195
993,8,"Sheepmeat",287308
993,9,"Sheepmeat",1115672
993,10,"Sheepmeat",1115672
993,11,"Forestry",4186
993,12,"Forestry",4186
993,13,"Forestry",405
993,14,"Forestry",405
993,15,"Forestry",8440
993,16,"Forestry",119382
993,17,"Fruit",1565132
993,18,"Fruit",1565132
993,19,"Fruit",3439099
993,20,"Fruit",184335
993,21,"Fruit",368562
993,22,"Fruit",119826
993,23,"Veges",4011198
993,24,"Veges",4383633
993,25,"Veges",4383633
993,26,"Veges",1814016
994,2,"Beef",737815
994,3,"Beef",737815
994,4,"Beef",2211609
994,8,"Sheepmeat",264003
994,9,"Sheepmeat",1094016
994,10,"Sheepmeat",1094016
994,11,"Forestry",4186
994,12,"Forestry",4186
994,13,"Forestry",405
994,14,"Forestry",405
994,15,"Forestry",8440
994,16,"Forestry",119382
994,17,"Fruit",577621
994,18,"Fruit",577621
994,19,"Fruit",1269219
994,20,"Fruit",56931
994,21,"Fruit",113828
994,22,"Fruit",56161
994,23,"Veges",3816956
994,24,"Veges",4195864
994,25,"Veges",4195864
994,26,"Veges",1736314
995,2,"Beef",666296
995,3,"Beef",666296
995,4,"Beef",1997231
995,8,"Sheepmeat",189249
995,9,"Sheepmeat",1024550
995,10,"Sheepmeat",1024550
995,11,"Forestry",4032
995,12,"Forestry",4032
995,13,"Forestry",390
995,14,"Forestry",390
995,15,"Forestry",8129
995,16,"Forestry",114976
995,17,"Fruit",136351
995,18,"Fruit",136351
995,19,"Fruit",299606
995,22,"Fruit",27713
995,24,"Veges",506108
995,25,"Veges",506108
995,26,"Veges",209435
997,1,"Dairy",2115877
997,2,"Beef",11565143
997,3,"Beef",11565143
997,4,"Beef",34666660
997,5,"Beef",60448
997,6,"Beef",60448
997,7,"Beef",181195
997,8,"Sheepmeat",26620826
997,9,"Sheepmeat",24738695
997,10,"Sheepmeat",24738695
997,11,"Forestry",904395
997,12,"Forestry",904395
997,13,"Forestry",87522
997,14,"Forestry",87522
997,15,"Forestry",1823376
997,16,"Forestry",25789833
997,17,"Fruit",7929554
997,18,"Fruit",7929554
997,19,"Fruit",17423783
997,20,"Fruit",1023034
997,21,"Fruit",2045471
997,22,"Fruit",511219
997,23,"Veges",11759039
997,24,"Veges",11367170
997,25,"Veges",11367170
997,26,"Veges",4703912
998,1,"Dairy",764007
998,2,"Beef",1096354
998,3,"Beef",1096354
998,4,"Beef",3286336
998,5,"Beef",21813
998,6,"Beef",21813
998,7,"Beef",65386
998,8,"Sheepmeat",748159
998,9,"Sheepmeat",1543923
998,10,"Sheepmeat",1543923
998,11,"Forestry",6529
998,12,"Forestry",6529
998,13,"Forestry",632
998,14,"Forestry",632
998,15,"Forestry",13164
998,16,"Forestry",186185
998,17,"Fruit",4648812
998,18,"Fruit",4648812
998,19,"Fruit",10214935
998,20,"Fruit",582176
998,21,"Fruit",1164013
998,22,"Fruit",318631
998,23,"Veges",7244797
998,24,"Veges",7509473
998,25,"Veges",7509473
998,26,"Veges",3107537
999,1,"Dairy",764007
999,2,"Beef",1092348
999,3,"Beef",1092348
999,4,"Beef",3274325
999,5,"Beef",21813
999,6,"Beef",21813
999,7,"Beef",65386
999,8,"Sheepmeat",745060
999,9,"Sheepmeat",1541042
999,10,"Sheepmeat",1541042
999,11,"Forestry",6529
999,12,"Forestry",6529
999,13,"Forestry",632
999,14,"Forestry",632
999,15,"Forestry",13164
999,16,"Forestry",186185
999,17,"Fruit",4324049
999,18,"Fruit",4324049
999,19,"Fruit",9501327
999,20,"Fruit",540277
999,21,"Fruit",1080239
999,22,"Fruit",297694
999,23,"Veges",6396104
999,24,"Veges",6689062
999,25,"Veges",6689062
999,26,"Veges",2768038
1000,1,"Dairy",764007
1000,2,"Beef",1089206
1000,3,"Beef",1089206
1000,4,"Beef",3264909
1000,5,"Beef",21813
1000,6,"Beef",21813
1000,7,"Beef",65386
1000,8,"Sheepmeat",742629
1000,9,"Sheepmeat",1538784
1000,10,"Sheepmeat",1538784
1000,11,"Forestry",6529
1000,12,"Forestry",6529
1000,13,"Forestry",632
1000,14,"Forestry",632
1000,15,"Forestry",13164
1000,16,"Forestry",186185
1000,17,"Fruit",4226969
1000,18,"Fruit",4226969
1000,19,"Fruit",9288011
1000,20,"Fruit",527752
1000,21,"Fruit",1055197
1000,22,"Fruit",291435
1000,23,"Veges",6164446
1000,24,"Veges",6465124
1000,25,"Veges",6465124
1000,26,"Veges",2675369
1001,2,"Beef",197467
1001,3,"Beef",197467
1001,4,"Beef",591909
1001,8,"Sheepmeat",306141
1001,9,"Sheepmeat",284485
1001,10,"Sheepmeat",284485
1001,11,"Forestry",1703
1001,12,"Forestry",1703
1001,13,"Forestry",165
1001,14,"Forestry",165
1001,15,"Forestry",3434
1001,16,"Forestry",48565
1001,17,"Fruit",157158
1001,18,"Fruit",157158
1001,19,"Fruit",345327
1001,20,"Fruit",20276
1001,21,"Fruit",40540
1001,22,"Fruit",10132
1001,23,"Veges",494827
1001,24,"Veges",478337
1001,25,"Veges",478337
1001,26,"Veges",197943
1003,2,"Beef",1010
1003,3,"Beef",1010
1003,4,"Beef",3028
1003,8,"Sheepmeat",1873
1003,9,"Sheepmeat",726
1003,10,"Sheepmeat",726
1003,17,"Fruit",386226
1003,18,"Fruit",386226
1003,19,"Fruit",848662
1003,20,"Fruit",49829
1003,21,"Fruit",99629
1003,22,"Fruit",24900
1003,23,"Veges",62780
1003,24,"Veges",60688
1003,25,"Veges",60688
1003,26,"Veges",25114
1005,2,"Beef",3141
1005,3,"Beef",3141
1005,4,"Beef",9416
1005,8,"Sheepmeat",2430
1005,9,"Sheepmeat",2258
1005,10,"Sheepmeat",2258
1005,17,"Fruit",97080
1005,18,"Fruit",97080
1005,19,"Fruit",213316
1005,20,"Fruit",12525
1005,21,"Fruit",25042
1005,22,"Fruit",6259
1005,23,"Veges",231658
1005,24,"Veges",223938
1005,25,"Veges",223938
1005,26,"Veges",92669
1007,2,"Beef",941440
1007,3,"Beef",941440
1007,4,"Beef",2821978
1007,8,"Sheepmeat",2051446
1007,9,"Sheepmeat",1906328
1007,10,"Sheepmeat",1906328
1007,11,"Forestry",22179
1007,12,"Forestry",22179
1007,13,"Forestry",2146
1007,14,"Forestry",2146
1007,15,"Forestry",44716
1007,16,"Forestry",632469
1008,2,"Beef",554372
1008,3,"Beef",554372
1008,4,"Beef",1661737
1008,8,"Sheepmeat",1547303
1008,9,"Sheepmeat",1437847
1008,10,"Sheepmeat",1437847
1008,11,"Forestry",1396
1008,12,"Forestry",1396
1008,13,"Forestry",135
1008,14,"Forestry",135
1008,15,"Forestry",2815
1008,16,"Forestry",39819
1009,2,"Beef",75552
1009,3,"Beef",75552
1009,4,"Beef",226467
1009,8,"Sheepmeat",406922
1009,9,"Sheepmeat",378137
1009,10,"Sheepmeat",378137
1009,11,"Forestry",72
1009,12,"Forestry",72
1009,13,"Forestry",7
1009,14,"Forestry",7
1009,15,"Forestry",146
1009,16,"Forestry",2065
1010,2,"Beef",34803
1010,3,"Beef",34803
1010,4,"Beef",104321
1010,8,"Sheepmeat",229722
1010,9,"Sheepmeat",213472
1010,10,"Sheepmeat",213472
1011,1,"Dairy",1254
1011,2,"Beef",81484
1011,3,"Beef",81484
1011,4,"Beef",244250
1011,5,"Beef",36
1011,6,"Beef",36
1011,7,"Beef",107
1011,8,"Sheepmeat",98303
1011,9,"Sheepmeat",91349
1011,10,"Sheepmeat",91349
1011,11,"Forestry",789
1011,12,"Forestry",789
1011,13,"Forestry",76
1011,14,"Forestry",76
1011,15,"Forestry",1591
1011,16,"Forestry",22506
1011,17,"Fruit",1787272
1011,18,"Fruit",1787272
1011,19,"Fruit",3927213
1011,20,"Fruit",230585
1011,21,"Fruit",461036
1011,22,"Fruit",115225
1011,23,"Veges",2157288
1011,24,"Veges",2085397
1011,25,"Veges",2085397
1011,26,"Veges",862970
1012,1,"Dairy",1254
1012,2,"Beef",48732
1012,3,"Beef",48732
1012,4,"Beef",146074
1012,5,"Beef",36
1012,6,"Beef",36
1012,7,"Beef",107
1012,8,"Sheepmeat",70917
1012,9,"Sheepmeat",65901
1012,10,"Sheepmeat",65901
1012,11,"Forestry",667
1012,12,"Forestry",667
1012,13,"Forestry",65
1012,14,"Forestry",65
1012,15,"Forestry",1345
1012,16,"Forestry",19021
1012,17,"Fruit",931982
1012,18,"Fruit",931982
1012,19,"Fruit",2047865
1012,20,"Fruit",120240
1012,21,"Fruit",240410
1012,22,"Fruit",60085
1012,23,"Veges",145994
1012,24,"Veges",141129
1012,25,"Veges",141129
1012,26,"Veges",58401
1014,2,"Beef",1054388
1014,3,"Beef",1054388
1014,4,"Beef",3160542
1014,8,"Sheepmeat",1937527
1014,9,"Sheepmeat",1800467
1014,10,"Sheepmeat",1800467
1014,11,"Forestry",32233
1014,12,"Forestry",32233
1014,13,"Forestry",3119
1014,14,"Forestry",3119
1014,15,"Forestry",64986
1014,16,"Forestry",919159
1015,2,"Beef",234402
1015,3,"Beef",234402
1015,4,"Beef",702623
1015,8,"Sheepmeat",625770
1015,9,"Sheepmeat",581503
1015,10,"Sheepmeat",581503
1015,11,"Forestry",1041
1015,12,"Forestry",1041
1015,13,"Forestry",101
1015,14,"Forestry",101
1015,15,"Forestry",2100
1015,16,"Forestry",29697
1016,2,"Beef",63000
1016,3,"Beef",63000
1016,4,"Beef",188843
1016,8,"Sheepmeat",49012
1016,9,"Sheepmeat",45545
1016,10,"Sheepmeat",45545
1016,11,"Forestry",186
1016,12,"Forestry",186
1016,13,"Forestry",18
1016,14,"Forestry",18
1016,15,"Forestry",375
1016,16,"Forestry",5305
1016,23,"Veges",846140
1016,24,"Veges",817942
1016,25,"Veges",817942
1016,26,"Veges",338477
1017,2,"Beef",603110
1017,3,"Beef",603110
1017,4,"Beef",1807830
1017,8,"Sheepmeat",1454579
1017,9,"Sheepmeat",1351682
1017,10,"Sheepmeat",1351682
1017,11,"Forestry",32205
1017,12,"Forestry",32205
1017,13,"Forestry",3117
1017,14,"Forestry",3117
1017,15,"Forestry",64930
1017,16,"Forestry",918366
1018,2,"Beef",4850
1018,3,"Beef",4850
1018,4,"Beef",14538
1018,8,"Sheepmeat",3752
1018,9,"Sheepmeat",3487
1018,10,"Sheepmeat",3487
1018,17,"Fruit",630383
1018,18,"Fruit",630383
1018,19,"Fruit",1385155
1018,20,"Fruit",81329
1018,21,"Fruit",162611
1018,22,"Fruit",40641
1018,23,"Veges",1018257
1018,24,"Veges",984323
1018,25,"Veges",984323
1018,26,"Veges",407328
1020,1,"Dairy",185312
1020,2,"Beef",172077
1020,3,"Beef",172077
1020,4,"Beef",515804
1020,5,"Beef",5291
1020,6,"Beef",5291
1020,7,"Beef",15859
1020,8,"Sheepmeat",783648
1020,9,"Sheepmeat",728213
1020,10,"Sheepmeat",728213
1020,11,"Forestry",4766
1020,12,"Forestry",4766
1020,13,"Forestry",461
1020,14,"Forestry",461
1020,15,"Forestry",9610
1020,16,"Forestry",135917
1021,2,"Beef",278614
1021,3,"Beef",278614
1021,4,"Beef",835150
1021,9,"Sheepmeat",324926
1021,10,"Sheepmeat",324926
1022,2,"Beef",18649
1022,3,"Beef",18649
1022,4,"Beef",55901
1022,8,"Sheepmeat",14427
1022,9,"Sheepmeat",13407
1022,10,"Sheepmeat",13407
1022,11,"Forestry",28
1022,12,"Forestry",28
1022,13,"Forestry",3
1022,14,"Forestry",3
1022,15,"Forestry",56
1022,16,"Forestry",793
1023,2,"Beef",166247
1023,3,"Beef",166247
1023,4,"Beef",498328
1023,8,"Sheepmeat",252099
1023,9,"Sheepmeat",234265
1023,10,"Sheepmeat",234265
1023,11,"Forestry",20701
1023,12,"Forestry",20701
1023,13,"Forestry",2003
1023,14,"Forestry",2003
1023,15,"Forestry",41736
1023,16,"Forestry",590315
1027,2,"Beef",0
1027,3,"Beef",0
1027,4,"Beef",0
1027,8,"Sheepmeat",0
1027,9,"Sheepmeat",0
1027,10,"Sheepmeat",0
1027,17,"Fruit",13306
1027,18,"Fruit",13306
1027,19,"Fruit",29237
1027,20,"Fruit",1717
1027,21,"Fruit",3432
1027,22,"Fruit",858
1029,1,"Dairy",1254
1029,2,"Beef",42490
1029,3,"Beef",42490
1029,4,"Beef",127363
1029,5,"Beef",36
1029,6,"Beef",36
1029,7,"Beef",107
1029,8,"Sheepmeat",66088
1029,9,"Sheepmeat",61413
1029,10,"Sheepmeat",61413
1029,11,"Forestry",663
1029,12,"Forestry",663
1029,13,"Forestry",64
1029,14,"Forestry",64
1029,15,"Forestry",1337
1029,16,"Forestry",18917
1029,17,"Fruit",695299
1029,18,"Fruit",695299
1029,19,"Fruit",1527795
1029,20,"Fruit",89704
1029,21,"Fruit",179356
1029,22,"Fruit",44826
1029,23,"Veges",98999
1029,24,"Veges",95700
1029,25,"Veges",95700
1029,26,"Veges",39602
1030,2,"Beef",1135506
1030,3,"Beef",1135506
1030,4,"Beef",3403692
1030,8,"Sheepmeat",4216183
1030,9,"Sheepmeat",3917932
1030,10,"Sheepmeat",3917932
1030,11,"Forestry",80194
1030,12,"Forestry",80194
1030,13,"Forestry",7761
1030,14,"Forestry",7761
1030,15,"Forestry",161681
1030,16,"Forestry",2286810
1031,8,"Sheepmeat",349661
1031,11,"Forestry",5583
1031,12,"Forestry",5583
1031,13,"Forestry",540
1031,14,"Forestry",540
1031,15,"Forestry",11257
1031,16,"Forestry",159214
1031,17,"Fruit",1897535
1031,18,"Fruit",1897535
1031,19,"Fruit",4169495
1031,20,"Fruit",244811
1031,21,"Fruit",489479
1031,22,"Fruit",122334
1031,23,"Veges",3332924
1031,24,"Veges",3221854
1031,25,"Veges",3221854
1031,26,"Veges",1333254
1032,2,"Beef",12885
1032,3,"Beef",12885
1032,4,"Beef",38624
1032,8,"Sheepmeat",331674
1032,9,"Sheepmeat",16714
1032,10,"Sheepmeat",16714
1032,11,"Forestry",1572
1032,12,"Forestry",1572
1032,13,"Forestry",152
1032,14,"Forestry",152
1032,15,"Forestry",3169
1032,16,"Forestry",44816
1032,17,"Fruit",1152265
1032,18,"Fruit",1152265
1032,19,"Fruit",2531897
1032,20,"Fruit",148660
1032,21,"Fruit",297233
1032,22,"Fruit",74287
1032,23,"Veges",1947975
1032,24,"Veges",1883059
1032,25,"Veges",1883059
1032,26,"Veges",779239
1033,2,"Beef",254407
1033,3,"Beef",254407
1033,4,"Beef",762588
1033,8,"Sheepmeat",309035
1033,9,"Sheepmeat",287174
1033,10,"Sheepmeat",287174
1033,11,"Forestry",1571
1033,12,"Forestry",1571
1033,13,"Forestry",152
1033,14,"Forestry",152
1033,15,"Forestry",3168
1033,16,"Forestry",44802
1033,17,"Fruit",809438
1033,18,"Fruit",809438
1033,19,"Fruit",1778596
1033,20,"Fruit",104430
1033,21,"Fruit",208799
1033,22,"Fruit",52184
1033,23,"Veges",947328
1033,24,"Veges",915758
1033,25,"Veges",915758
1033,26,"Veges",378955
1034,2,"Beef",127416
1034,3,"Beef",127416
1034,4,"Beef",381932
1034,8,"Sheepmeat",142272
1034,9,"Sheepmeat",132208
1034,10,"Sheepmeat",132208
1034,11,"Forestry",1514
1034,12,"Forestry",1514
1034,13,"Forestry",147
1034,14,"Forestry",147
1034,15,"Forestry",3053
1034,16,"Forestry",43185
1034,17,"Fruit",276771
1034,18,"Fruit",276771
1034,19,"Fruit",608156
1034,20,"Fruit",35708
1034,21,"Fruit",71395
1034,22,"Fruit",17843
1035,1,"Dairy",996
1035,2,"Beef",580099
1035,3,"Beef",580099
1035,4,"Beef",1738853
1035,5,"Beef",28
1035,6,"Beef",28
1035,7,"Beef",85
1035,8,"Sheepmeat",991216
1035,9,"Sheepmeat",921098
1035,10,"Sheepmeat",921098
1035,11,"Forestry",44474
1035,12,"Forestry",44474
1035,13,"Forestry",4304
1035,14,"Forestry",4304
1035,15,"Forestry",89666
1035,16,"Forestry",1268234
1035,23,"Veges",248719
1035,24,"Veges",240431
1035,25,"Veges",240431
1035,26,"Veges",99494
1036,2,"Beef",506041
1036,3,"Beef",506041
1036,4,"Beef",1516864
1036,8,"Sheepmeat",861314
1036,9,"Sheepmeat",800385
1036,10,"Sheepmeat",800385
1036,11,"Forestry",43363
1036,12,"Forestry",43363
1036,13,"Forestry",4196
1036,14,"Forestry",4196
1036,15,"Forestry",87426
1036,16,"Forestry",1236556
1036,23,"Veges",151173
1036,24,"Veges",146136
1036,25,"Veges",146136
1036,26,"Veges",60473
1037,2,"Beef",40720
1037,3,"Beef",40720
1037,4,"Beef",122059
1037,8,"Sheepmeat",37852
1037,9,"Sheepmeat",35175
1037,10,"Sheepmeat",35175
1037,11,"Forestry",31
1037,12,"Forestry",31
1037,13,"Forestry",3
1037,14,"Forestry",3
1037,15,"Forestry",63
1037,16,"Forestry",888
1037,17,"Fruit",135436
1037,18,"Fruit",135436
1037,19,"Fruit",297596
1037,20,"Fruit",17473
1037,21,"Fruit",34936
1037,22,"Fruit",8732
1037,23,"Veges",487250
1037,24,"Veges",471013
1037,25,"Veges",471013
1037,26,"Veges",194912
1038,2,"Beef",113113
1038,3,"Beef",113113
1038,4,"Beef",339059
1038,8,"Sheepmeat",172988
1038,9,"Sheepmeat",160751
1038,10,"Sheepmeat",160751
1038,11,"Forestry",18690
1038,12,"Forestry",18690
1038,13,"Forestry",1809
1038,14,"Forestry",1809
1038,15,"Forestry",37681
1038,16,"Forestry",532961
1039,2,"Beef",10908
1039,3,"Beef",10908
1039,4,"Beef",32696
1039,8,"Sheepmeat",17430
1039,9,"Sheepmeat",16197
1039,10,"Sheepmeat",16197
1039,11,"Forestry",5428
1039,12,"Forestry",5428
1039,13,"Forestry",525
1039,14,"Forestry",525
1039,15,"Forestry",10943
1039,16,"Forestry",154772
1039,17,"Fruit",305528
1039,18,"Fruit",305528
1039,19,"Fruit",671343
1039,20,"Fruit",39418
1039,21,"Fruit",78813
1039,22,"Fruit",19697
1039,23,"Veges",852208
1039,24,"Veges",823808
1039,25,"Veges",823808
1039,26,"Veges",340904
1040,2,"Beef",160064
1040,3,"Beef",160064
1040,4,"Beef",479794
1040,8,"Sheepmeat",464271
1040,9,"Sheepmeat",431429
1040,10,"Sheepmeat",431429
1040,11,"Forestry",28595
1040,12,"Forestry",28595
1040,13,"Forestry",2767
1040,14,"Forestry",2767
1040,15,"Forestry",57650
1040,16,"Forestry",815407
1040,17,"Fruit",476100
1040,18,"Fruit",476100
1040,19,"Fruit",1046144
1040,20,"Fruit",61424
1040,21,"Fruit",122812
1040,22,"Fruit",30694
1041,8,"Sheepmeat",3835391
1041,11,"Forestry",479771
1041,12,"Forestry",479771
1041,13,"Forestry",46429
1041,14,"Forestry",46429
1041,15,"Forestry",967280
1041,16,"Forestry",13681212
1041,17,"Fruit",3227089
1041,18,"Fruit",3227089
1041,19,"Fruit",7090954
1041,20,"Fruit",416344
1041,21,"Fruit",832445
1041,22,"Fruit",208051
1041,23,"Veges",8149147
1041,24,"Veges",7877577
1041,25,"Veges",7877577
1041,26,"Veges",3259864
1042,2,"Beef",6143
1042,3,"Beef",6143
1042,4,"Beef",18415
1042,8,"Sheepmeat",3830249
1042,9,"Sheepmeat",4417
1042,10,"Sheepmeat",4417
1042,11,"Forestry",479771
1042,12,"Forestry",479771
1042,13,"Forestry",46429
1042,14,"Forestry",46429
1042,15,"Forestry",967280
1042,16,"Forestry",13681212
1042,17,"Fruit",3204706
1042,18,"Fruit",3204706
1042,19,"Fruit",7041772
1042,20,"Fruit",413456
1042,21,"Fruit",826671
1042,22,"Fruit",206607
1042,23,"Veges",8134228
1042,24,"Veges",7863156
1042,25,"Veges",7863156
1042,26,"Veges",3253896
1043,2,"Beef",3018
1043,3,"Beef",3018
1043,4,"Beef",9047
1043,8,"Sheepmeat",3478169
1043,9,"Sheepmeat",2170
1043,10,"Sheepmeat",2170
1043,11,"Forestry",474188
1043,12,"Forestry",474188
1043,13,"Forestry",45889
1043,14,"Forestry",45889
1043,15,"Forestry",956024
1043,16,"Forestry",13521999
1043,17,"Fruit",1124560
1043,18,"Fruit",1124560
1043,19,"Fruit",2471021
1043,20,"Fruit",145085
1043,21,"Fruit",290086
1043,22,"Fruit",72500
1043,23,"Veges",4031966
1043,24,"Veges",3897601
1043,25,"Veges",3897601
1043,26,"Veges",1612888
1044,2,"Beef",261426
1044,3,"Beef",261426
1044,4,"Beef",783627
1044,8,"Sheepmeat",2690581
1044,9,"Sheepmeat",729705
1044,10,"Sheepmeat",729705
1044,11,"Forestry",467104
1044,12,"Forestry",467104
1044,13,"Forestry",45204
1044,14,"Forestry",45204
1044,15,"Forestry",941742
1044,16,"Forestry",13320002
1044,23,"Veges",28086
1044,24,"Veges",27150
1044,25,"Veges",27150
1044,26,"Veges",11235
1045,2,"Beef",77401
1045,3,"Beef",77401
1045,4,"Beef",232012
1045,8,"Sheepmeat",69658
1045,9,"Sheepmeat",64730
1045,10,"Sheepmeat",64730
1045,11,"Forestry",9044
1045,12,"Forestry",9044
1045,13,"Forestry",875
1045,14,"Forestry",875
1045,15,"Forestry",18234
1045,16,"Forestry",257907
1045,17,"Fruit",609787
1045,18,"Fruit",609787
1045,19,"Fruit",1339898
1045,20,"Fruit",78672
1045,21,"Fruit",157298
1045,22,"Fruit",39313
1045,23,"Veges",350864
1045,24,"Veges",339172
1045,25,"Veges",339172
1045,26,"Veges",140355
1046,2,"Beef",65616
1046,3,"Beef",65616
1046,4,"Beef",196686
1046,8,"Sheepmeat",51405
1046,9,"Sheepmeat",47769
1046,10,"Sheepmeat",47769
1046,11,"Forestry",186
1046,12,"Forestry",186
1046,13,"Forestry",18
1046,14,"Forestry",18
1046,15,"Forestry",375
1046,16,"Forestry",5305
1046,23,"Veges",849363
1046,24,"Veges",821058
1046,25,"Veges",821058
1046,26,"Veges",339767
1047,2,"Beef",65616
1047,3,"Beef",65616
1047,4,"Beef",196686
1047,8,"Sheepmeat",51425
1047,9,"Sheepmeat",47787
1047,10,"Sheepmeat",47787
1047,11,"Forestry",186
1047,12,"Forestry",186
1047,13,"Forestry",18
1047,14,"Forestry",18
1047,15,"Forestry",375
1047,16,"Forestry",5305
1047,23,"Veges",849363
1047,24,"Veges",821058
1047,25,"Veges",821058
1047,26,"Veges",339767
1048,2,"Beef",838041
1048,3,"Beef",838041
1048,4,"Beef",2512040
1048,8,"Sheepmeat",2777306
1048,9,"Sheepmeat",2580840
1048,10,"Sheepmeat",2580840
1048,11,"Forestry",695569
1048,12,"Forestry",695569
1048,13,"Forestry",67313
1048,14,"Forestry",67313
1048,15,"Forestry",1402356
1048,16,"Forestry",19834930
1048,17,"Fruit",515170
1048,18,"Fruit",515170
1048,19,"Fruit",1131995
1048,20,"Fruit",66465
1048,21,"Fruit",132891
1048,22,"Fruit",33213
1048,23,"Veges",1682122
1048,24,"Veges",1626065
1048,25,"Veges",1626065
1048,26,"Veges",672891
1049,2,"Beef",838282
1049,3,"Beef",838282
1049,4,"Beef",2512759
1049,8,"Sheepmeat",2777876
1049,9,"Sheepmeat",2581371
1049,10,"Sheepmeat",2581371
1049,11,"Forestry",695569
1049,12,"Forestry",695569
1049,13,"Forestry",67313
1049,14,"Forestry",67313
1049,15,"Forestry",1402356
1049,16,"Forestry",19834930
1049,17,"Fruit",582858
1049,18,"Fruit",582858
1049,19,"Fruit",1280727
1049,20,"Fruit",75198
1049,21,"Fruit",150351
1049,22,"Fruit",37577
1049,23,"Veges",1818053
1049,24,"Veges",1757467
1049,25,"Veges",1757467
1049,26,"Veges",727267
1050,2,"Beef",63442
1050,3,"Beef",63442
1050,4,"Beef",190168
1050,8,"Sheepmeat",49354
1050,9,"Sheepmeat",45862
1050,10,"Sheepmeat",45862
1050,11,"Forestry",186
1050,12,"Forestry",186
1050,13,"Forestry",18
1050,14,"Forestry",18
1050,15,"Forestry",375
1050,16,"Forestry",5305
1050,23,"Veges",846140
1050,24,"Veges",817942
1050,25,"Veges",817942
1050,26,"Veges",338477
1052,2,"Beef",62
1052,3,"Beef",62
1052,4,"Beef",186
1052,8,"Sheepmeat",48
1052,9,"Sheepmeat",45
1052,10,"Sheepmeat",45
1053,8,"Sheepmeat",212
1053,9,"Sheepmeat",197
1053,10,"Sheepmeat",197
1054,2,"Beef",436241
1054,3,"Beef",436241
1054,4,"Beef",1307638
1054,8,"Sheepmeat",1765401
1054,9,"Sheepmeat",1589438
1054,10,"Sheepmeat",1589438
1054,11,"Forestry",328669
1054,12,"Forestry",328669
1054,13,"Forestry",31807
1054,14,"Forestry",31807
1054,15,"Forestry",662640
1054,16,"Forestry",9372377
1056,2,"Beef",772425
1056,3,"Beef",772425
1056,4,"Beef",2315354
1056,8,"Sheepmeat",2724865
1056,9,"Sheepmeat",2532109
1056,10,"Sheepmeat",2532109
1056,11,"Forestry",695383
1056,12,"Forestry",695383
1056,13,"Forestry",67295
1056,14,"Forestry",67295
1056,15,"Forestry",1401981
1056,16,"Forestry",19829625
1056,17,"Fruit",515170
1056,18,"Fruit",515170
1056,19,"Fruit",1131995
1056,20,"Fruit",66465
1056,21,"Fruit",132891
1056,22,"Fruit",33213
1056,23,"Veges",830476
1056,24,"Veges",802800
1056,25,"Veges",802800
1056,26,"Veges",332211
1058,2,"Beef",731364
1058,3,"Beef",731364
1058,4,"Beef",2192272
1058,8,"Sheepmeat",2686611
1058,9,"Sheepmeat",2496561
1058,10,"Sheepmeat",2496561
1058,11,"Forestry",695352
1058,12,"Forestry",695352
1058,13,"Forestry",67292
1058,14,"Forestry",67292
1058,15,"Forestry",1401919
1058,16,"Forestry",19828737
1058,17,"Fruit",365990
1058,18,"Fruit",365990
1058,19,"Fruit",804197
1058,20,"Fruit",47218
1058,21,"Fruit",94409
1058,22,"Fruit",23595
1058,23,"Veges",343141
1058,24,"Veges",331706
1058,25,"Veges",331706
1058,26,"Veges",137265
1059,2,"Beef",40660
1059,3,"Beef",40660
1059,4,"Beef",121878
1059,8,"Sheepmeat",37805
1059,9,"Sheepmeat",35131
1059,10,"Sheepmeat",35131
1059,11,"Forestry",31
1059,12,"Forestry",31
1059,13,"Forestry",3
1059,14,"Forestry",3
1059,15,"Forestry",63
1059,16,"Forestry",888
1059,17,"Fruit",135436
1059,18,"Fruit",135436
1059,19,"Fruit",297596
1059,20,"Fruit",17473
1059,21,"Fruit",34936
1059,22,"Fruit",8732
1059,23,"Veges",487250
1059,24,"Veges",471013
1059,25,"Veges",471013
1059,26,"Veges",194912
1060,2,"Beef",39606
1060,3,"Beef",39606
1060,4,"Beef",118721
1060,8,"Sheepmeat",36991
1060,9,"Sheepmeat",34374
1060,10,"Sheepmeat",34374
1060,11,"Forestry",31
1060,12,"Forestry",31
1060,13,"Forestry",3
1060,14,"Forestry",3
1060,15,"Forestry",63
1060,16,"Forestry",888
1060,17,"Fruit",135436
1060,18,"Fruit",135436
1060,19,"Fruit",297596
1060,20,"Fruit",17473
1060,21,"Fruit",34936
1060,22,"Fruit",8732
1060,23,"Veges",487250
1060,24,"Veges",471013
1060,25,"Veges",471013
1060,26,"Veges",194912
1061,2,"Beef",50
1061,3,"Beef",50
1061,4,"Beef",150
1061,8,"Sheepmeat",39
1061,9,"Sheepmeat",36
1061,10,"Sheepmeat",36
1063,2,"Beef",2132
1063,3,"Beef",2132
1063,4,"Beef",6391
1063,8,"Sheepmeat",1649
1063,9,"Sheepmeat",1533
1063,10,"Sheepmeat",1533
1063,23,"Veges",3223
1063,24,"Veges",3116
1063,25,"Veges",3116
1063,26,"Veges",1289
1065,2,"Beef",165
1065,3,"Beef",165
1065,4,"Beef",493
1065,8,"Sheepmeat",127
1065,9,"Sheepmeat",118
1065,10,"Sheepmeat",118
1066,2,"Beef",13737
1066,3,"Beef",13737
1066,4,"Beef",41177
1066,8,"Sheepmeat",10627
1066,9,"Sheepmeat",9876
1066,10,"Sheepmeat",9876
1066,11,"Forestry",73
1066,12,"Forestry",73
1066,13,"Forestry",7
1066,14,"Forestry",7
1066,15,"Forestry",148
1066,16,"Forestry",2089
1066,17,"Fruit",403356
1066,18,"Fruit",403356
1066,19,"Fruit",886303
1066,20,"Fruit",52039
1066,21,"Fruit",104048
1066,22,"Fruit",26004
1066,23,"Veges",942557
1066,24,"Veges",911147
1066,25,"Veges",911147
1066,26,"Veges",377047
1067,2,"Beef",1700
1067,3,"Beef",1700
1067,4,"Beef",5094
1067,8,"Sheepmeat",1315
1067,9,"Sheepmeat",1222
1067,10,"Sheepmeat",1222
1067,17,"Fruit",275140
1067,18,"Fruit",275140
1067,19,"Fruit",604570
1067,20,"Fruit",35497
1067,21,"Fruit",70974
1067,22,"Fruit",17738
1067,23,"Veges",510200
1067,24,"Veges",493197
1067,25,"Veges",493197
1067,26,"Veges",204093
1068,2,"Beef",5923
1068,3,"Beef",5923
1068,4,"Beef",17755
1068,8,"Sheepmeat",4848
1068,9,"Sheepmeat",4505
1068,10,"Sheepmeat",4505
1069,2,"Beef",4079
1069,3,"Beef",4079
1069,4,"Beef",12227
1069,8,"Sheepmeat",6391
1069,9,"Sheepmeat",5939
1069,10,"Sheepmeat",5939
1069,11,"Forestry",6
1069,12,"Forestry",6
1069,13,"Forestry",1
1069,14,"Forestry",1
1069,15,"Forestry",11
1069,16,"Forestry",160
1069,17,"Fruit",25839
1069,18,"Fruit",25839
1069,19,"Fruit",56776
1069,20,"Fruit",3334
1069,21,"Fruit",6665
1069,22,"Fruit",1666
1070,2,"Beef",932
1070,3,"Beef",932
1070,4,"Beef",2794
1070,8,"Sheepmeat",3369
1070,9,"Sheepmeat",3131
1070,10,"Sheepmeat",3131
1070,11,"Forestry",17
1070,12,"Forestry",17
1070,13,"Forestry",2
1070,14,"Forestry",2
1070,15,"Forestry",35
1070,16,"Forestry",489
1071,2,"Beef",9779
1071,3,"Beef",9779
1071,4,"Beef",29314
1071,8,"Sheepmeat",15707
1071,9,"Sheepmeat",14596
1071,10,"Sheepmeat",14596
1071,11,"Forestry",96258
1071,12,"Forestry",96258
1071,13,"Forestry",9315
1071,14,"Forestry",9315
1071,15,"Forestry",194068
1071,16,"Forestry",2744900
1072,2,"Beef",104104
1072,3,"Beef",104104
1072,4,"Beef",312052
1072,8,"Sheepmeat",317197
1072,9,"Sheepmeat",294759
1072,10,"Sheepmeat",294759
1072,11,"Forestry",5428
1072,12,"Forestry",5428
1072,13,"Forestry",525
1072,14,"Forestry",525
1072,15,"Forestry",10944
1072,16,"Forestry",154792
1072,23,"Veges",363422
1072,24,"Veges",351311
1072,25,"Veges",351311
1072,26,"Veges",145378
1073,2,"Beef",59261
1073,3,"Beef",59261
1073,4,"Beef",177634
1073,8,"Sheepmeat",71522
1073,9,"Sheepmeat",66463
1073,10,"Sheepmeat",66463
1073,11,"Forestry",1074
1073,12,"Forestry",1074
1073,13,"Forestry",104
1073,14,"Forestry",104
1073,15,"Forestry",2165
1073,16,"Forestry",30623
1073,23,"Veges",291178
1073,24,"Veges",281475
1073,25,"Veges",281475
1073,26,"Veges",116479
1074,2,"Beef",49177
1074,3,"Beef",49177
1074,4,"Beef",147409
1074,8,"Sheepmeat",463692
1074,9,"Sheepmeat",430890
1074,10,"Sheepmeat",430890
1074,11,"Forestry",39040
1074,12,"Forestry",39040
1074,13,"Forestry",3778
1074,14,"Forestry",3778
1074,15,"Forestry",78709
1074,16,"Forestry",1113263
1075,2,"Beef",1201
1075,3,"Beef",1201
1075,4,"Beef",3599
1075,8,"Sheepmeat",929
1075,9,"Sheepmeat",863
1075,10,"Sheepmeat",863
1075,17,"Fruit",290431
1075,18,"Fruit",290431
1075,19,"Fruit",638171
1075,20,"Fruit",37470
1075,21,"Fruit",74918
1075,22,"Fruit",18724
1075,23,"Veges",603382
1075,24,"Veges",583275
1075,25,"Veges",583275
1075,26,"Veges",241368
1076,2,"Beef",12791
1076,3,"Beef",12791
1076,4,"Beef",38340
1076,9,"Sheepmeat",9195
1076,10,"Sheepmeat",9195
1077,2,"Beef",3480
1077,3,"Beef",3480
1077,4,"Beef",10432
1077,8,"Sheepmeat",2693
1077,9,"Sheepmeat",2502
1077,10,"Sheepmeat",2502
1077,23,"Veges",8230
1077,24,"Veges",7955
1077,25,"Veges",7955
1077,26,"Veges",3292
1078,2,"Beef",494437
1078,3,"Beef",494437
1078,4,"Beef",1482082
1078,8,"Sheepmeat",1478966
1078,9,"Sheepmeat",1855611
1078,10,"Sheepmeat",1855611
1078,11,"Forestry",182458
1078,12,"Forestry",182458
1078,13,"Forestry",17657
1078,14,"Forestry",17657
1078,15,"Forestry",367858
1078,16,"Forestry",5202984
1079,2,"Beef",64323
1079,3,"Beef",64323
1079,4,"Beef",192808
1079,8,"Sheepmeat",1477567
1079,9,"Sheepmeat",1373045
1079,10,"Sheepmeat",1373045
1079,11,"Forestry",143447
1079,12,"Forestry",143447
1079,13,"Forestry",13882
1079,14,"Forestry",13882
1079,15,"Forestry",289208
1079,16,"Forestry",4090559
1080,2,"Beef",1635857
1080,3,"Beef",1635857
1080,4,"Beef",4903501
1080,5,"Beef",38
1080,6,"Beef",38
1080,7,"Beef",113
1080,8,"Sheepmeat",4009008
1080,9,"Sheepmeat",3725412
1080,10,"Sheepmeat",3725412
1080,11,"Forestry",2066
1080,12,"Forestry",2066
1080,13,"Forestry",200
1080,14,"Forestry",200
1080,15,"Forestry",4165
1080,16,"Forestry",58915
1081,2,"Beef",2196
1081,3,"Beef",2196
1081,4,"Beef",6581
1081,8,"Sheepmeat",3085
1081,9,"Sheepmeat",2866
1081,10,"Sheepmeat",2866
1081,11,"Forestry",391
1081,12,"Forestry",391
1081,13,"Forestry",38
1081,14,"Forestry",38
1081,15,"Forestry",788
1081,16,"Forestry",11152
1081,17,"Fruit",57057
1081,18,"Fruit",57057
1081,19,"Fruit",125373
1081,20,"Fruit",7361
1081,21,"Fruit",14718
1081,22,"Fruit",3678
1082,2,"Beef",154275
1082,3,"Beef",154275
1082,4,"Beef",462443
1082,8,"Sheepmeat",207221
1082,9,"Sheepmeat",192563
1082,10,"Sheepmeat",192563
1083,2,"Beef",11661
1083,3,"Beef",11661
1083,4,"Beef",34953
1083,8,"Sheepmeat",50530
1083,9,"Sheepmeat",46956
1083,10,"Sheepmeat",46956
1083,11,"Forestry",385
1083,12,"Forestry",385
1083,13,"Forestry",37
1083,14,"Forestry",37
1083,15,"Forestry",776
1083,16,"Forestry",10980
1084,2,"Beef",558887
1084,3,"Beef",558887
1084,4,"Beef",1675271
1084,9,"Sheepmeat",3229956
1084,10,"Sheepmeat",3229956
1086,2,"Beef",125696
1086,3,"Beef",125696
1086,4,"Beef",376775
1086,8,"Sheepmeat",344370
1086,9,"Sheepmeat",320010
1086,10,"Sheepmeat",320010
1086,11,"Forestry",56258
1086,12,"Forestry",56258
1086,13,"Forestry",5444
1086,14,"Forestry",5444
1086,15,"Forestry",113423
1086,16,"Forestry",1604256
1086,17,"Fruit",12664
1086,18,"Fruit",12664
1086,19,"Fruit",27826
1086,20,"Fruit",1634
1086,21,"Fruit",3267
1086,22,"Fruit",816
1087,2,"Beef",18187
1087,3,"Beef",18187
1087,4,"Beef",54516
1087,8,"Sheepmeat",244379
1087,9,"Sheepmeat",227092
1087,10,"Sheepmeat",227092
1087,11,"Forestry",193808
1087,12,"Forestry",193808
1087,13,"Forestry",18756
1087,14,"Forestry",18756
1087,15,"Forestry",390742
1087,16,"Forestry",5526655
1088,2,"Beef",10904
1088,3,"Beef",10904
1088,4,"Beef",32686
1088,8,"Sheepmeat",44783
1088,9,"Sheepmeat",41615
1088,10,"Sheepmeat",41615
1088,17,"Fruit",34501
1088,18,"Fruit",34501
1088,19,"Fruit",75810
1088,20,"Fruit",4451
1088,21,"Fruit",8900
1088,22,"Fruit",2224
1088,23,"Veges",671929
1088,24,"Veges",649537
1088,25,"Veges",649537
1088,26,"Veges",268789
1089,2,"Beef",56324
1089,3,"Beef",56324
1089,4,"Beef",168831
1089,8,"Sheepmeat",98525
1089,9,"Sheepmeat",91555
1089,10,"Sheepmeat",91555
1089,11,"Forestry",21745
1089,12,"Forestry",21745
1089,13,"Forestry",2104
1089,14,"Forestry",2104
1089,15,"Forestry",43841
1089,16,"Forestry",620090
1090,2,"Beef",81244
1090,3,"Beef",81244
1090,4,"Beef",243531
1090,8,"Sheepmeat",71044
1090,9,"Sheepmeat",66019
1090,10,"Sheepmeat",66019
1090,11,"Forestry",726
1090,12,"Forestry",726
1090,13,"Forestry",70
1090,14,"Forestry",70
1090,15,"Forestry",1463
1090,16,"Forestry",20693
1091,2,"Beef",1023795
1091,3,"Beef",1023795
1091,4,"Beef",3068838
1091,8,"Sheepmeat",1913859
1091,9,"Sheepmeat",1778473
1091,10,"Sheepmeat",1778473
1091,11,"Forestry",32205
1091,12,"Forestry",32205
1091,13,"Forestry",3117
1091,14,"Forestry",3117
1091,15,"Forestry",64930
1091,16,"Forestry",918366
1092,2,"Beef",64296
1092,3,"Beef",64296
1092,4,"Beef",192728
1092,8,"Sheepmeat",67077
1092,9,"Sheepmeat",62332
1092,10,"Sheepmeat",62332
1093,2,"Beef",10493
1093,3,"Beef",10493
1093,4,"Beef",31454
1093,8,"Sheepmeat",105119
1093,9,"Sheepmeat",97683
1093,10,"Sheepmeat",97683
1093,11,"Forestry",273
1093,12,"Forestry",273
1093,13,"Forestry",26
1093,14,"Forestry",26
1093,15,"Forestry",550
1093,16,"Forestry",7780
1094,2,"Beef",0
1094,3,"Beef",0
1094,4,"Beef",0
1094,8,"Sheepmeat",0
1094,9,"Sheepmeat",0
1094,10,"Sheepmeat",0
1094,17,"Fruit",140090
1094,18,"Fruit",140090
1094,19,"Fruit",307824
1094,20,"Fruit",18074
1094,21,"Fruit",36137
1094,22,"Fruit",9032
1094,23,"Veges",43759
1094,24,"Veges",42300
1094,25,"Veges",42300
1094,26,"Veges",17505
1095,2,"Beef",220616
1095,3,"Beef",220616
1095,4,"Beef",661300
1095,8,"Sheepmeat",212473
1095,9,"Sheepmeat",197443
1095,10,"Sheepmeat",197443
1096,2,"Beef",53048
1096,3,"Beef",53048
1096,4,"Beef",159013
1096,8,"Sheepmeat",205043
1096,9,"Sheepmeat",190538
1096,10,"Sheepmeat",190538
1096,11,"Forestry",190
1096,12,"Forestry",190
1096,13,"Forestry",18
1096,14,"Forestry",18
1096,15,"Forestry",383
1096,16,"Forestry",5419
1097,2,"Beef",36758
1097,3,"Beef",36758
1097,4,"Beef",110184
1097,8,"Sheepmeat",670084
1097,9,"Sheepmeat",622683
1097,10,"Sheepmeat",622683
1097,11,"Forestry",189952
1097,12,"Forestry",189952
1097,13,"Forestry",18382
1097,14,"Forestry",18382
1097,15,"Forestry",382969
1097,16,"Forestry",5416708
1098,2,"Beef",34651
1098,3,"Beef",34651
1098,4,"Beef",103868
1098,8,"Sheepmeat",661887
1098,9,"Sheepmeat",615065
1098,10,"Sheepmeat",615065
1098,11,"Forestry",94618
1098,12,"Forestry",94618
1098,13,"Forestry",9157
1098,14,"Forestry",9157
1098,15,"Forestry",190763
1098,16,"Forestry",2698150
1099,2,"Beef",267
1099,3,"Beef",267
1099,4,"Beef",801
1099,8,"Sheepmeat",119436
1099,9,"Sheepmeat",110987
1099,10,"Sheepmeat",110987
1099,11,"Forestry",43571
1099,12,"Forestry",43571
1099,13,"Forestry",4217
1099,14,"Forestry",4217
1099,15,"Forestry",87844
1099,16,"Forestry",1242468
1100,2,"Beef",15460
1100,3,"Beef",15460
1100,4,"Beef",46342
1100,8,"Sheepmeat",64961
1100,9,"Sheepmeat",60365
1100,10,"Sheepmeat",60365
1101,2,"Beef",3081
1101,3,"Beef",3081
1101,4,"Beef",9236
1101,8,"Sheepmeat",2384
1101,9,"Sheepmeat",2215
1101,10,"Sheepmeat",2215
1102,2,"Beef",37954
1102,3,"Beef",37954
1102,4,"Beef",113768
1102,8,"Sheepmeat",167877
1102,9,"Sheepmeat",156002
1102,10,"Sheepmeat",156002
1102,11,"Forestry",50
1102,12,"Forestry",50
1102,13,"Forestry",5
1102,14,"Forestry",5
1102,15,"Forestry",100
1102,16,"Forestry",1421
1103,2,"Beef",92816
1103,3,"Beef",92816
1103,4,"Beef",278219
1103,8,"Sheepmeat",147361
1103,9,"Sheepmeat",136937
1103,10,"Sheepmeat",136937
1103,11,"Forestry",22999
1103,12,"Forestry",22999
1103,13,"Forestry",2226
1103,14,"Forestry",2226
1103,15,"Forestry",46368
1103,16,"Forestry",655834
1104,2,"Beef",1868
1104,3,"Beef",1868
1104,4,"Beef",5599
1104,8,"Sheepmeat",1445
1104,9,"Sheepmeat",1343
1104,10,"Sheepmeat",1343
1104,11,"Forestry",34
1104,12,"Forestry",34
1104,13,"Forestry",3
1104,14,"Forestry",3
1104,15,"Forestry",69
1104,16,"Forestry",976
1104,17,"Fruit",38268
1104,18,"Fruit",38268
1104,19,"Fruit",84087
1104,20,"Fruit",4937
1104,21,"Fruit",9871
1104,22,"Fruit",2467
1104,23,"Veges",145
1104,24,"Veges",140
1104,25,"Veges",140
1104,26,"Veges",58
1105,2,"Beef",1396
1105,3,"Beef",1396
1105,4,"Beef",4184
1105,8,"Sheepmeat",1080
1105,9,"Sheepmeat",1003
1105,10,"Sheepmeat",1003
1105,23,"Veges",145
1105,24,"Veges",140
1105,25,"Veges",140
1105,26,"Veges",58
1106,2,"Beef",54562
1106,3,"Beef",54562
1106,4,"Beef",163549
1106,8,"Sheepmeat",73291
1106,9,"Sheepmeat",68107
1106,10,"Sheepmeat",68107
1106,11,"Forestry",171
1106,12,"Forestry",171
1106,13,"Forestry",17
1106,14,"Forestry",17
1106,15,"Forestry",344
1106,16,"Forestry",4864
1106,17,"Fruit",237341
1106,18,"Fruit",237341
1106,19,"Fruit",521515
1106,20,"Fruit",30621
1106,21,"Fruit",61223
1106,22,"Fruit",15301
1106,23,"Veges",990163
1106,24,"Veges",957166
1106,25,"Veges",957166
1106,26,"Veges",396090
1107,2,"Beef",136389
1107,3,"Beef",136389
1107,4,"Beef",408828
1107,8,"Sheepmeat",199819
1107,9,"Sheepmeat",185684
1107,10,"Sheepmeat",185684
1107,11,"Forestry",20701
1107,12,"Forestry",20701
1107,13,"Forestry",2003
1107,14,"Forestry",2003
1107,15,"Forestry",41736
1107,16,"Forestry",590315
1108,2,"Beef",255461
1108,3,"Beef",255461
1108,4,"Beef",765747
1108,8,"Sheepmeat",440986
1108,9,"Sheepmeat",409791
1108,10,"Sheepmeat",409791
1108,11,"Forestry",8498
1108,12,"Forestry",8498
1108,13,"Forestry",822
1108,14,"Forestry",822
1108,15,"Forestry",17133
1108,16,"Forestry",242329
1109,2,"Beef",175667
1109,3,"Beef",175667
1109,4,"Beef",526563
1109,8,"Sheepmeat",458822
1109,9,"Sheepmeat",426365
1109,10,"Sheepmeat",426365
1110,2,"Beef",274697
1110,3,"Beef",274697
1110,4,"Beef",823407
1110,8,"Sheepmeat",1112702
1110,9,"Sheepmeat",1033990
1110,10,"Sheepmeat",1033990
1110,11,"Forestry",29268
1110,12,"Forestry",29268
1110,13,"Forestry",2832
1110,14,"Forestry",2832
1110,15,"Forestry",59008
1110,16,"Forestry",834615
1111,2,"Beef",122212
1111,3,"Beef",122212
1111,4,"Beef",366331
1111,8,"Sheepmeat",395113
1111,9,"Sheepmeat",367163
1111,10,"Sheepmeat",367163
1111,11,"Forestry",28400
1111,12,"Forestry",28400
1111,13,"Forestry",2748
1111,14,"Forestry",2748
1111,15,"Forestry",57257
1111,16,"Forestry",809846
1112,2,"Beef",11632
1112,3,"Beef",11632
1112,4,"Beef",34868
1112,8,"Sheepmeat",169852
1112,9,"Sheepmeat",157837
1112,10,"Sheepmeat",157837
1112,11,"Forestry",204
1112,12,"Forestry",204
1112,13,"Forestry",20
1112,14,"Forestry",20
1112,15,"Forestry",411
1112,16,"Forestry",5807
1113,2,"Beef",54562
1113,3,"Beef",54562
1113,4,"Beef",163549
1113,8,"Sheepmeat",73291
1113,9,"Sheepmeat",68107
1113,10,"Sheepmeat",68107
1113,11,"Forestry",171
1113,12,"Forestry",171
1113,13,"Forestry",17
1113,14,"Forestry",17
1113,15,"Forestry",344
1113,16,"Forestry",4864
1113,17,"Fruit",470257
1113,18,"Fruit",470257
1113,19,"Fruit",1033306
1113,20,"Fruit",60670
1113,21,"Fruit",121305
1113,22,"Fruit",30317
1113,23,"Veges",992803
1113,24,"Veges",959718
1113,25,"Veges",959718
1113,26,"Veges",397146
1114,2,"Beef",1307382
1114,3,"Beef",1307382
1114,4,"Beef",3918894
1114,8,"Sheepmeat",2676541
1114,9,"Sheepmeat",2487204
1114,10,"Sheepmeat",2487204
1114,11,"Forestry",24133
1114,12,"Forestry",24133
1114,13,"Forestry",2335
1114,14,"Forestry",2335
1114,15,"Forestry",48655
1114,16,"Forestry",688173
1115,2,"Beef",194638
1115,3,"Beef",194638
1115,4,"Beef",583429
1115,8,"Sheepmeat",647038
1115,9,"Sheepmeat",601267
1115,10,"Sheepmeat",601267
1115,11,"Forestry",29362
1115,12,"Forestry",29362
1115,13,"Forestry",2841
1115,14,"Forestry",2841
1115,15,"Forestry",59197
1115,16,"Forestry",837286
1116,2,"Beef",22046
1116,3,"Beef",22046
1116,4,"Beef",66083
1116,8,"Sheepmeat",18491
1116,9,"Sheepmeat",16169
1116,10,"Sheepmeat",16169
1116,11,"Forestry",159
1116,12,"Forestry",159
1116,13,"Forestry",15
1116,14,"Forestry",15
1116,15,"Forestry",321
1116,16,"Forestry",4545
1116,17,"Fruit",1532741
1116,18,"Fruit",1532741
1116,19,"Fruit",3367925
1116,20,"Fruit",197747
1116,21,"Fruit",395379
1116,22,"Fruit",98816
1116,23,"Veges",496559
1116,24,"Veges",480011
1116,25,"Veges",480011
1116,26,"Veges",198636
1117,2,"Beef",4098807
1117,3,"Beef",4098807
1117,4,"Beef",12286225
1117,5,"Beef",38
1117,6,"Beef",38
1117,7,"Beef",113
1117,8,"Sheepmeat",11554895
1117,9,"Sheepmeat",10737507
1117,10,"Sheepmeat",10737507
1117,11,"Forestry",97974
1117,12,"Forestry",97974
1117,13,"Forestry",9481
1117,14,"Forestry",9481
1117,15,"Forestry",197528
1117,16,"Forestry",2793843
1118,2,"Beef",1786234
1118,3,"Beef",1786234
1118,4,"Beef",5354259
1118,8,"Sheepmeat",5005267
1118,9,"Sheepmeat",4651197
1118,10,"Sheepmeat",4651197
1118,11,"Forestry",77252
1118,12,"Forestry",77252
1118,13,"Forestry",7476
1118,14,"Forestry",7476
1118,15,"Forestry",155750
1118,16,"Forestry",2202933
1118,23,"Veges",1242
1118,24,"Veges",1201
1118,25,"Veges",1201
1118,26,"Veges",497
1119,2,"Beef",188069
1119,3,"Beef",188069
1119,4,"Beef",563739
1119,8,"Sheepmeat",272613
1119,9,"Sheepmeat",253329
1119,10,"Sheepmeat",253329
1119,11,"Forestry",995
1119,12,"Forestry",995
1119,13,"Forestry",96
1119,14,"Forestry",96
1119,15,"Forestry",2006
1119,16,"Forestry",28373
1120,2,"Beef",2975
1120,3,"Beef",2975
1120,4,"Beef",8917
1120,8,"Sheepmeat",4441
1120,9,"Sheepmeat",4127
1120,10,"Sheepmeat",4127
1121,2,"Beef",187994
1121,3,"Beef",187994
1121,4,"Beef",563514
1121,8,"Sheepmeat",272555
1121,9,"Sheepmeat",253275
1121,10,"Sheepmeat",253275
1121,11,"Forestry",995
1121,12,"Forestry",995
1121,13,"Forestry",96
1121,14,"Forestry",96
1121,15,"Forestry",2006
1121,16,"Forestry",28373
1122,2,"Beef",187865
1122,3,"Beef",187865
1122,4,"Beef",563128
1122,8,"Sheepmeat",272456
1122,9,"Sheepmeat",253182
1122,10,"Sheepmeat",253182
1122,11,"Forestry",995
1122,12,"Forestry",995
1122,13,"Forestry",96
1122,14,"Forestry",96
1122,15,"Forestry",2006
1122,16,"Forestry",28373
1123,2,"Beef",308354
1123,3,"Beef",308354
1123,4,"Beef",924293
1123,8,"Sheepmeat",331606
1123,9,"Sheepmeat",308148
1123,10,"Sheepmeat",308148
1124,2,"Beef",4379
1124,3,"Beef",4379
1124,4,"Beef",13125
1124,8,"Sheepmeat",35917
1124,9,"Sheepmeat",33376
1124,10,"Sheepmeat",33376
1124,11,"Forestry",858
1124,12,"Forestry",858
1124,13,"Forestry",83
1124,14,"Forestry",83
1124,15,"Forestry",1730
1124,16,"Forestry",24468
1125,2,"Beef",2795049
1125,3,"Beef",2795049
1125,4,"Beef",8378194
1125,5,"Beef",38
1125,6,"Beef",38
1125,7,"Beef",113
1125,8,"Sheepmeat",6880468
1125,9,"Sheepmeat",6393747
1125,10,"Sheepmeat",6393747
1125,11,"Forestry",16583
1125,12,"Forestry",16583
1125,13,"Forestry",1605
1125,14,"Forestry",1605
1125,15,"Forestry",33433
1125,16,"Forestry",472877
1126,1,"Dairy",4810891
1126,2,"Beef",333722
1126,3,"Beef",333722
1126,4,"Beef",1000334
1126,5,"Beef",137319
1126,6,"Beef",137319
1126,7,"Beef",411614
1126,8,"Sheepmeat",815448
1126,9,"Sheepmeat",757764
1126,10,"Sheepmeat",757764
1126,11,"Forestry",15427
1126,12,"Forestry",15427
1126,13,"Forestry",1493
1126,14,"Forestry",1493
1126,15,"Forestry",31102
1126,16,"Forestry",439908
1127,2,"Beef",2569719
1127,3,"Beef",2569719
1127,4,"Beef",7702766
1127,5,"Beef",38
1127,6,"Beef",38
1127,7,"Beef",113
1127,8,"Sheepmeat",6206722
1127,9,"Sheepmeat",5767662
1127,10,"Sheepmeat",5767662
1127,11,"Forestry",16306
1127,12,"Forestry",16306
1127,13,"Forestry",1578
1127,14,"Forestry",1578
1127,15,"Forestry",32875
1127,16,"Forestry",464990
1128,1,"Dairy",1323
1129,2,"Beef",1024
1129,3,"Beef",1024
1129,4,"Beef",3070
1129,8,"Sheepmeat",792
1129,9,"Sheepmeat",736
1129,10,"Sheepmeat",736
1130,2,"Beef",249875
1130,3,"Beef",249875
1130,4,"Beef",749004
1130,8,"Sheepmeat",542489
1130,9,"Sheepmeat",504114
1130,10,"Sheepmeat",504114
1130,11,"Forestry",23465
1130,12,"Forestry",23465
1130,13,"Forestry",2271
1130,14,"Forestry",2271
1130,15,"Forestry",47308
1130,16,"Forestry",669125
1131,2,"Beef",309313
1131,3,"Beef",309313
1131,4,"Beef",927168
1131,8,"Sheepmeat",1228382
1131,9,"Sheepmeat",1141487
1131,10,"Sheepmeat",1141487
1131,11,"Forestry",1253
1131,12,"Forestry",1253
1131,13,"Forestry",121
1131,14,"Forestry",121
1131,15,"Forestry",2526
1131,16,"Forestry",35734
1132,2,"Beef",420126
1132,3,"Beef",420126
1132,4,"Beef",1259332
1132,8,"Sheepmeat",489276
1132,9,"Sheepmeat",454665
1132,10,"Sheepmeat",454665
1132,11,"Forestry",4968
1132,12,"Forestry",4968
1132,13,"Forestry",481
1132,14,"Forestry",481
1132,15,"Forestry",10017
1132,16,"Forestry",141680
1132,23,"Veges",1242
1132,24,"Veges",1201
1132,25,"Veges",1201
1132,26,"Veges",497
1133,2,"Beef",4562
1133,3,"Beef",4562
1133,4,"Beef",13674
1133,8,"Sheepmeat",10718
1133,9,"Sheepmeat",9960
1133,10,"Sheepmeat",9960
1133,11,"Forestry",63
1133,12,"Forestry",63
1133,13,"Forestry",6
1133,14,"Forestry",6
1133,15,"Forestry",128
1133,16,"Forestry",1807
1134,2,"Beef",172893
1134,3,"Beef",172893
1134,4,"Beef",518250
1134,8,"Sheepmeat",331207
1134,9,"Sheepmeat",307778
1134,10,"Sheepmeat",307778
1134,11,"Forestry",22999
1134,12,"Forestry",22999
1134,13,"Forestry",2226
1134,14,"Forestry",2226
1134,15,"Forestry",46368
1134,16,"Forestry",655834
1135,2,"Beef",1930858
1135,3,"Beef",1930858
1135,4,"Beef",5787772
1135,8,"Sheepmeat",5265950
1135,9,"Sheepmeat",4893439
1135,10,"Sheepmeat",4893439
1135,11,"Forestry",86491
1135,12,"Forestry",86491
1135,13,"Forestry",8370
1135,14,"Forestry",8370
1135,15,"Forestry",174377
1135,16,"Forestry",2466392
1135,23,"Veges",520999
1135,24,"Veges",503637
1135,25,"Veges",503637
1135,26,"Veges",208413
1137,2,"Beef",287638
1137,3,"Beef",287638
1137,4,"Beef",862197
1137,8,"Sheepmeat",1031097
1137,9,"Sheepmeat",958158
1137,10,"Sheepmeat",958158
1137,11,"Forestry",2588
1137,12,"Forestry",2588
1137,13,"Forestry",250
1137,14,"Forestry",250
1137,15,"Forestry",5218
1137,16,"Forestry",73801
1138,2,"Beef",1126063
1138,3,"Beef",1126063
1138,4,"Beef",3375389
1138,8,"Sheepmeat",3480685
1138,9,"Sheepmeat",3234463
1138,10,"Sheepmeat",3234463
1138,11,"Forestry",22301
1138,12,"Forestry",22301
1138,13,"Forestry",2158
1138,14,"Forestry",2158
1138,15,"Forestry",44961
1138,16,"Forestry",635927
1139,2,"Beef",7810
1139,3,"Beef",7810
1139,4,"Beef",23410
1139,8,"Sheepmeat",6042
1139,9,"Sheepmeat",5615
1139,10,"Sheepmeat",5615
1139,17,"Fruit",2666
1139,18,"Fruit",2666
1139,19,"Fruit",5858
1139,20,"Fruit",344
1139,21,"Fruit",688
1139,22,"Fruit",172
1139,23,"Veges",2370338
1139,24,"Veges",2291347
1139,25,"Veges",2291347
1139,26,"Veges",948195
1140,2,"Beef",57504
1140,3,"Beef",57504
1140,4,"Beef",172370
1140,8,"Sheepmeat",58703
1140,9,"Sheepmeat",54551
1140,10,"Sheepmeat",54551
1140,11,"Forestry",23
1140,12,"Forestry",23
1140,13,"Forestry",2
1140,14,"Forestry",2
1140,15,"Forestry",45
1140,16,"Forestry",642
1140,17,"Fruit",54210
1140,18,"Fruit",54210
1140,19,"Fruit",119117
1140,20,"Fruit",6994
1140,21,"Fruit",13984
1140,22,"Fruit",3495
1140,23,"Veges",861290
1140,24,"Veges",832588
1140,25,"Veges",832588
1140,26,"Veges",344538
1141,2,"Beef",64253
1141,3,"Beef",64253
1141,4,"Beef",192598
1141,8,"Sheepmeat",214425
1141,9,"Sheepmeat",199257
1141,10,"Sheepmeat",199257
1141,11,"Forestry",2143
1141,12,"Forestry",2143
1141,13,"Forestry",207
1141,14,"Forestry",207
1141,15,"Forestry",4320
1141,16,"Forestry",61105
1141,23,"Veges",0
1141,24,"Veges",0
1141,25,"Veges",0
1141,26,"Veges",0
1142,2,"Beef",6995
1142,3,"Beef",6995
1142,4,"Beef",20968
1142,8,"Sheepmeat",19401
1142,9,"Sheepmeat",18028
1142,10,"Sheepmeat",18028
1142,11,"Forestry",36
1142,12,"Forestry",36
1142,13,"Forestry",3
1142,14,"Forestry",3
1142,15,"Forestry",72
1142,16,"Forestry",1013
1143,2,"Beef",400565
1143,3,"Beef",400565
1143,4,"Beef",1200699
1143,8,"Sheepmeat",623836
1143,9,"Sheepmeat",579706
1143,10,"Sheepmeat",579706
1143,11,"Forestry",5969
1143,12,"Forestry",5969
1143,13,"Forestry",578
1143,14,"Forestry",578
1143,15,"Forestry",12034
1143,16,"Forestry",170216
1144,2,"Beef",10066
1144,3,"Beef",10066
1144,4,"Beef",30174
1144,8,"Sheepmeat",8752
1144,9,"Sheepmeat",8132
1144,10,"Sheepmeat",8132
1145,2,"Beef",78684
1145,3,"Beef",78684
1145,4,"Beef",235855
1145,8,"Sheepmeat",365675
1145,9,"Sheepmeat",339807
1145,10,"Sheepmeat",339807
1145,11,"Forestry",10360
1145,12,"Forestry",10360
1145,13,"Forestry",1003
1145,14,"Forestry",1003
1145,15,"Forestry",20886
1145,16,"Forestry",295418
1146,2,"Beef",62438
1146,3,"Beef",62438
1146,4,"Beef",187157
1146,8,"Sheepmeat",139684
1146,9,"Sheepmeat",129802
1146,10,"Sheepmeat",129802
1146,11,"Forestry",3488
1146,12,"Forestry",3488
1146,13,"Forestry",338
1146,14,"Forestry",338
1146,15,"Forestry",7033
1146,16,"Forestry",99475
1146,17,"Fruit",163105
1146,18,"Fruit",163105
1146,19,"Fruit",358394
1146,20,"Fruit",21043
1146,21,"Fruit",42074
1146,22,"Fruit",10515
1146,23,"Veges",277470
1146,24,"Veges",268223
1146,25,"Veges",268223
1146,26,"Veges",110995
1147,2,"Beef",61259
1147,3,"Beef",61259
1147,4,"Beef",183625
1147,8,"Sheepmeat",279364
1147,9,"Sheepmeat",259602
1147,10,"Sheepmeat",259602
1147,11,"Forestry",1623
1147,12,"Forestry",1623
1147,13,"Forestry",157
1147,14,"Forestry",157
1147,15,"Forestry",3271
1147,16,"Forestry",46269
1148,2,"Beef",371509
1148,3,"Beef",371509
1148,4,"Beef",1113603
1148,8,"Sheepmeat",1340788
1148,9,"Sheepmeat",1245941
1148,10,"Sheepmeat",1245941
1148,11,"Forestry",38697
1148,12,"Forestry",38697
1148,13,"Forestry",3745
1148,14,"Forestry",3745
1148,15,"Forestry",78017
1148,16,"Forestry",1103476
1150,2,"Beef",437589
1150,3,"Beef",437589
1150,4,"Beef",1311679
1150,8,"Sheepmeat",731122
1150,9,"Sheepmeat",679403
1150,10,"Sheepmeat",679403
1150,11,"Forestry",7472
1150,12,"Forestry",7472
1150,13,"Forestry",723
1150,14,"Forestry",723
1150,15,"Forestry",15064
1150,16,"Forestry",213072
1151,2,"Beef",60646
1151,3,"Beef",60646
1151,4,"Beef",181786
1151,8,"Sheepmeat",342839
1151,9,"Sheepmeat",318587
1151,10,"Sheepmeat",318587
1151,11,"Forestry",32
1151,12,"Forestry",32
1151,13,"Forestry",3
1151,14,"Forestry",3
1151,15,"Forestry",65
1151,16,"Forestry",925
1152,1,"Dairy",552
1152,2,"Beef",103892
1152,3,"Beef",103892
1152,4,"Beef",311419
1152,5,"Beef",16
1152,6,"Beef",16
1152,7,"Beef",47
1152,8,"Sheepmeat",291608
1152,9,"Sheepmeat",270980
1152,10,"Sheepmeat",270980
1152,11,"Forestry",1094
1152,12,"Forestry",1094
1152,13,"Forestry",106
1152,14,"Forestry",106
1152,15,"Forestry",2206
1152,16,"Forestry",31196
1154,2,"Beef",927292
1154,3,"Beef",927292
1154,4,"Beef",2779569
1154,8,"Sheepmeat",1195998
1154,9,"Sheepmeat",1111393
1154,10,"Sheepmeat",1111393
1154,11,"Forestry",11776
1154,12,"Forestry",11776
1154,13,"Forestry",1140
1154,14,"Forestry",1140
1154,15,"Forestry",23743
1154,16,"Forestry",335816
1156,2,"Beef",1126
1156,3,"Beef",1126
1156,4,"Beef",3377
1156,8,"Sheepmeat",1436
1156,9,"Sheepmeat",1334
1156,10,"Sheepmeat",1334
1156,11,"Forestry",28
1156,12,"Forestry",28
1156,13,"Forestry",3
1156,14,"Forestry",3
1156,15,"Forestry",57
1156,16,"Forestry",805
1157,2,"Beef",136613
1157,3,"Beef",136613
1157,4,"Beef",409498
1157,8,"Sheepmeat",428104
1157,9,"Sheepmeat",397820
1157,10,"Sheepmeat",397820
1157,11,"Forestry",18030
1157,12,"Forestry",18030
1157,13,"Forestry",1745
1157,14,"Forestry",1745
1157,15,"Forestry",36350
1157,16,"Forestry",514140
1157,17,"Fruit",22
1157,18,"Fruit",22
1157,19,"Fruit",49
1157,20,"Fruit",3
1157,21,"Fruit",6
1157,22,"Fruit",1
1158,2,"Beef",121382
1158,3,"Beef",121382
1158,4,"Beef",363844
1158,8,"Sheepmeat",303321
1158,9,"Sheepmeat",281864
1158,10,"Sheepmeat",281864
1158,11,"Forestry",101974
1158,12,"Forestry",101974
1158,13,"Forestry",9868
1158,14,"Forestry",9868
1158,15,"Forestry",205594
1158,16,"Forestry",2907918
1158,23,"Veges",413919
1158,24,"Veges",400125
1158,25,"Veges",400125
1158,26,"Veges",165578
1159,2,"Beef",994
1159,3,"Beef",994
1159,4,"Beef",2980
1159,8,"Sheepmeat",769
1159,9,"Sheepmeat",715
1159,10,"Sheepmeat",715
1160,2,"Beef",25915
1160,3,"Beef",25915
1160,4,"Beef",77681
1160,8,"Sheepmeat",207260
1160,9,"Sheepmeat",192599
1160,10,"Sheepmeat",192599
1160,11,"Forestry",32
1160,12,"Forestry",32
1160,13,"Forestry",3
1160,14,"Forestry",3
1160,15,"Forestry",65
1160,16,"Forestry",925
1161,2,"Beef",176205
1161,3,"Beef",176205
1161,4,"Beef",528177
1161,8,"Sheepmeat",933573
1161,9,"Sheepmeat",867532
1161,10,"Sheepmeat",867532
1161,11,"Forestry",12007
1161,12,"Forestry",12007
1161,13,"Forestry",1162
1161,14,"Forestry",1162
1161,15,"Forestry",24208
1161,16,"Forestry",342397
1162,2,"Beef",7131
1162,3,"Beef",7131
1162,4,"Beef",21374
1162,8,"Sheepmeat",5542
1162,9,"Sheepmeat",5150
1162,10,"Sheepmeat",5150
1163,2,"Beef",172871
1163,3,"Beef",172871
1163,4,"Beef",518183
1163,8,"Sheepmeat",930994
1163,9,"Sheepmeat",865135
1163,10,"Sheepmeat",865135
1163,11,"Forestry",12007
1163,12,"Forestry",12007
1163,13,"Forestry",1162
1163,14,"Forestry",1162
1163,15,"Forestry",24208
1163,16,"Forestry",342397
1164,2,"Beef",38142
1164,3,"Beef",38142
1164,4,"Beef",114332
1164,8,"Sheepmeat",524054
1164,9,"Sheepmeat",486983
1164,10,"Sheepmeat",486983
1164,11,"Forestry",12007
1164,12,"Forestry",12007
1164,13,"Forestry",1162
1164,14,"Forestry",1162
1164,15,"Forestry",24208
1164,16,"Forestry",342397
1165,2,"Beef",69976
1165,3,"Beef",69976
1165,4,"Beef",209754
1165,8,"Sheepmeat",124003
1165,9,"Sheepmeat",115231
1165,10,"Sheepmeat",115231
1166,2,"Beef",100464
1166,3,"Beef",100464
1166,4,"Beef",301142
1166,8,"Sheepmeat",333135
1166,9,"Sheepmeat",309569
1166,10,"Sheepmeat",309569
1167,2,"Beef",52200
1167,3,"Beef",52200
1167,4,"Beef",156471
1167,8,"Sheepmeat",444824
1167,9,"Sheepmeat",413357
1167,10,"Sheepmeat",413357
1168,2,"Beef",189195
1168,3,"Beef",189195
1168,4,"Beef",567115
1168,8,"Sheepmeat",274049
1168,9,"Sheepmeat",254663
1168,10,"Sheepmeat",254663
1168,11,"Forestry",1023
1168,12,"Forestry",1023
1168,13,"Forestry",99
1168,14,"Forestry",99
1168,15,"Forestry",2063
1168,16,"Forestry",29179
1169,2,"Beef",390882
1169,3,"Beef",390882
1169,4,"Beef",1171674
1169,8,"Sheepmeat",611674
1169,9,"Sheepmeat",568404
1169,10,"Sheepmeat",568404
1169,11,"Forestry",5238
1169,12,"Forestry",5238
1169,13,"Forestry",507
1169,14,"Forestry",507
1169,15,"Forestry",10560
1169,16,"Forestry",149362
1170,2,"Beef",350674
1170,3,"Beef",350674
1170,4,"Beef",1051150
1170,8,"Sheepmeat",547735
1170,9,"Sheepmeat",508988
1170,10,"Sheepmeat",508988
1170,11,"Forestry",463020
1170,12,"Forestry",463020
1170,13,"Forestry",44808
1170,14,"Forestry",44808
1170,15,"Forestry",933509
1170,16,"Forestry",13203546
1171,2,"Beef",471879
1171,3,"Beef",471879
1171,4,"Beef",1414462
1171,8,"Sheepmeat",1974607
1171,9,"Sheepmeat",1834924
1171,10,"Sheepmeat",1834924
1171,11,"Forestry",14595
1171,12,"Forestry",14595
1171,13,"Forestry",1412
1171,14,"Forestry",1412
1171,15,"Forestry",29426
1171,16,"Forestry",416198
1172,2,"Beef",142750
1172,3,"Beef",142750
1172,4,"Beef",427894
1172,8,"Sheepmeat",438621
1172,9,"Sheepmeat",407593
1172,10,"Sheepmeat",407593
1172,11,"Forestry",18540
1172,12,"Forestry",18540
1172,13,"Forestry",1794
1172,14,"Forestry",1794
1172,15,"Forestry",37379
1172,16,"Forestry",528691
1172,17,"Fruit",65964
1172,18,"Fruit",65964
1172,19,"Fruit",144943
1172,20,"Fruit",8510
1172,21,"Fruit",17016
1172,22,"Fruit",4253
1172,23,"Veges",9181
1172,24,"Veges",8875
1172,25,"Veges",8875
1172,26,"Veges",3673
1173,2,"Beef",463843
1173,3,"Beef",463843
1173,4,"Beef",1390374
1173,8,"Sheepmeat",1964670
1173,9,"Sheepmeat",1825690
1173,10,"Sheepmeat",1825690
1173,11,"Forestry",14595
1173,12,"Forestry",14595
1173,13,"Forestry",1412
1173,14,"Forestry",1412
1173,15,"Forestry",29426
1173,16,"Forestry",416198
1174,2,"Beef",39939
1174,3,"Beef",39939
1174,4,"Beef",119719
1174,8,"Sheepmeat",40573
1174,9,"Sheepmeat",37703
1174,10,"Sheepmeat",37703
1174,23,"Veges",3869
1174,24,"Veges",3740
1174,25,"Veges",3740
1174,26,"Veges",1548
1175,2,"Beef",9206
1175,3,"Beef",9206
1175,4,"Beef",27596
1175,8,"Sheepmeat",572605
1175,9,"Sheepmeat",532100
1175,10,"Sheepmeat",532100
1175,11,"Forestry",842397
1175,12,"Forestry",842397
1175,13,"Forestry",81522
1175,14,"Forestry",81522
1175,15,"Forestry",1698382
1175,16,"Forestry",24021909
1176,2,"Beef",1701783
1176,3,"Beef",1701783
1176,4,"Beef",5101115
1176,8,"Sheepmeat",5202219
1176,9,"Sheepmeat",4834216
1176,10,"Sheepmeat",4834216
1176,11,"Forestry",1525246
1176,12,"Forestry",1525246
1176,13,"Forestry",147604
1176,14,"Forestry",147604
1176,15,"Forestry",3075093
1176,16,"Forestry",43494113
1176,23,"Veges",179425
1176,24,"Veges",173445
1176,25,"Veges",173445
1176,26,"Veges",71774
1177,2,"Beef",360575
1177,3,"Beef",360575
1177,4,"Beef",1080827
1177,8,"Sheepmeat",317688
1177,9,"Sheepmeat",295215
1177,10,"Sheepmeat",295215
1177,11,"Forestry",4383
1177,12,"Forestry",4383
1177,13,"Forestry",424
1177,14,"Forestry",424
1177,15,"Forestry",8837
1177,16,"Forestry",124984
1178,2,"Beef",10272
1178,3,"Beef",10272
1178,4,"Beef",30790
1178,8,"Sheepmeat",48632
1178,9,"Sheepmeat",45192
1178,10,"Sheepmeat",45192
1178,11,"Forestry",441
1178,12,"Forestry",441
1178,13,"Forestry",43
1178,14,"Forestry",43
1178,15,"Forestry",889
1178,16,"Forestry",12579
1179,2,"Beef",1840
1179,3,"Beef",1840
1179,4,"Beef",5514
1179,8,"Sheepmeat",66957
1179,9,"Sheepmeat",62221
1179,10,"Sheepmeat",62221
1179,11,"Forestry",17281
1179,12,"Forestry",17281
1179,13,"Forestry",1672
1179,14,"Forestry",1672
1179,15,"Forestry",34842
1179,16,"Forestry",492799
1180,2,"Beef",1648
1180,3,"Beef",1648
1180,4,"Beef",4939
1180,8,"Sheepmeat",66310
1180,9,"Sheepmeat",61619
1180,10,"Sheepmeat",61619
1180,11,"Forestry",17281
1180,12,"Forestry",17281
1180,13,"Forestry",1672
1180,14,"Forestry",1672
1180,15,"Forestry",34842
1180,16,"Forestry",492799
1181,2,"Beef",26623
1181,3,"Beef",26623
1181,4,"Beef",79802
1181,8,"Sheepmeat",257950
1181,9,"Sheepmeat",239702
1181,10,"Sheepmeat",239702
1181,11,"Forestry",2381
1181,12,"Forestry",2381
1181,13,"Forestry",230
1181,14,"Forestry",230
1181,15,"Forestry",4800
1181,16,"Forestry",67896
1182,2,"Beef",582891
1182,3,"Beef",582891
1182,4,"Beef",1747223
1182,8,"Sheepmeat",2631866
1182,9,"Sheepmeat",2445689
1182,10,"Sheepmeat",2445689
1182,11,"Forestry",100110
1182,12,"Forestry",100110
1182,13,"Forestry",9688
1182,14,"Forestry",9688
1182,15,"Forestry",201835
1182,16,"Forestry",2854760
1185,2,"Beef",1701779
1185,3,"Beef",1701779
1185,4,"Beef",5101105
1185,8,"Sheepmeat",5202216
1185,9,"Sheepmeat",4834214
1185,10,"Sheepmeat",4834214
1185,11,"Forestry",1525246
1185,12,"Forestry",1525246
1185,13,"Forestry",147604
1185,14,"Forestry",147604
1185,15,"Forestry",3075093
1185,16,"Forestry",43494113
1186,2,"Beef",429042
1186,3,"Beef",429042
1186,4,"Beef",1286060
1186,8,"Sheepmeat",1256814
1186,9,"Sheepmeat",1167908
1186,10,"Sheepmeat",1167908
1186,11,"Forestry",1334593
1186,12,"Forestry",1334593
1186,13,"Forestry",129154
1186,14,"Forestry",129154
1186,15,"Forestry",2690711
1186,16,"Forestry",38057416
1187,2,"Beef",136217
1187,3,"Beef",136217
1187,4,"Beef",408313
1187,8,"Sheepmeat",1170374
1187,9,"Sheepmeat",1087583
1187,10,"Sheepmeat",1087583
1187,11,"Forestry",85462
1187,12,"Forestry",85462
1187,13,"Forestry",8271
1187,14,"Forestry",8271
1187,15,"Forestry",172303
1187,16,"Forestry",2437054
1188,2,"Beef",10232
1188,3,"Beef",10232
1188,4,"Beef",30671
1188,8,"Sheepmeat",553708
1188,9,"Sheepmeat",514539
1188,10,"Sheepmeat",514539
1188,11,"Forestry",8744
1188,12,"Forestry",8744
1188,13,"Forestry",846
1188,14,"Forestry",846
1188,15,"Forestry",17629
1188,16,"Forestry",249345
1189,2,"Beef",202518
1189,3,"Beef",202518
1189,4,"Beef",607052
1189,8,"Sheepmeat",321377
1189,9,"Sheepmeat",298643
1189,10,"Sheepmeat",298643
1189,11,"Forestry",1449
1189,12,"Forestry",1449
1189,13,"Forestry",140
1189,14,"Forestry",140
1189,15,"Forestry",2921
1189,16,"Forestry",41318
1190,2,"Beef",141011
1190,3,"Beef",141011
1190,4,"Beef",422681
1190,8,"Sheepmeat",483333
1190,9,"Sheepmeat",449142
1190,10,"Sheepmeat",449142
1190,11,"Forestry",33736
1190,12,"Forestry",33736
1190,13,"Forestry",3265
1190,14,"Forestry",3265
1190,15,"Forestry",68016
1190,16,"Forestry",962014
1191,2,"Beef",1717
1191,3,"Beef",1717
1191,4,"Beef",5146
1191,8,"Sheepmeat",2075
1191,9,"Sheepmeat",1928
1191,10,"Sheepmeat",1928
1191,23,"Veges",231718
1191,24,"Veges",223996
1191,25,"Veges",223996
1191,26,"Veges",92693
1192,2,"Beef",124
1192,3,"Beef",124
1192,4,"Beef",371
1192,8,"Sheepmeat",305
1192,9,"Sheepmeat",284
1192,10,"Sheepmeat",284
1192,23,"Veges",101758
1192,24,"Veges",98367
1192,25,"Veges",98367
1192,26,"Veges",40706
1193,2,"Beef",12
1193,3,"Beef",12
1193,4,"Beef",35
1193,8,"Sheepmeat",100
1193,9,"Sheepmeat",93
1193,10,"Sheepmeat",93
1193,23,"Veges",101758
1193,24,"Veges",98367
1193,25,"Veges",98367
1193,26,"Veges",40706
1195,2,"Beef",307
1195,3,"Beef",307
1195,4,"Beef",920
1195,8,"Sheepmeat",238
1195,9,"Sheepmeat",221
1195,10,"Sheepmeat",221
1198,2,"Beef",21131
1198,3,"Beef",21131
1198,4,"Beef",63339
1198,8,"Sheepmeat",20020
1198,9,"Sheepmeat",18604
1198,10,"Sheepmeat",18604
1199,2,"Beef",20879
1199,3,"Beef",20879
1199,4,"Beef",62586
1199,8,"Sheepmeat",19826
1199,9,"Sheepmeat",18423
1199,10,"Sheepmeat",18423
1200,2,"Beef",18939
1200,3,"Beef",18939
1200,4,"Beef",56771
1200,8,"Sheepmeat",18325
1200,9,"Sheepmeat",17028
1200,10,"Sheepmeat",17028
1201,2,"Beef",18131
1201,3,"Beef",18131
1201,4,"Beef",54347
1201,8,"Sheepmeat",17699
1201,9,"Sheepmeat",16447
1201,10,"Sheepmeat",16447
1203,2,"Beef",190781
1203,3,"Beef",190781
1203,4,"Beef",571868
1203,8,"Sheepmeat",191978
1203,9,"Sheepmeat",178398
1203,10,"Sheepmeat",178398
1203,11,"Forestry",1148
1203,12,"Forestry",1148
1203,13,"Forestry",111
1203,14,"Forestry",111
1203,15,"Forestry",2315
1203,16,"Forestry",32748
1203,17,"Fruit",25123
1203,18,"Fruit",25123
1203,19,"Fruit",55204
1203,20,"Fruit",3241
1203,21,"Fruit",6481
1203,22,"Fruit",1620
1203,23,"Veges",798956
1203,24,"Veges",772331
1203,25,"Veges",772331
1203,26,"Veges",319603
1204,2,"Beef",2091716
1204,3,"Beef",2091716
1204,4,"Beef",6269946
1204,8,"Sheepmeat",5881664
1204,9,"Sheepmeat",5465598
1204,10,"Sheepmeat",5465598
1204,11,"Forestry",1544935
1204,12,"Forestry",1544935
1204,13,"Forestry",149510
1204,14,"Forestry",149510
1204,15,"Forestry",3114789
1204,16,"Forestry",44055574
1204,17,"Fruit",91087
1204,18,"Fruit",91087
1204,19,"Fruit",200147
1204,20,"Fruit",11752
1204,21,"Fruit",23496
1204,22,"Fruit",5872
1204,23,"Veges",1437680
1204,24,"Veges",1389769
1204,25,"Veges",1389769
1204,26,"Veges",575108
1205,2,"Beef",1877197
1205,3,"Beef",1877197
1205,4,"Beef",5626921
1205,8,"Sheepmeat",5671320
1205,9,"Sheepmeat",5270134
1205,10,"Sheepmeat",5270134
1205,11,"Forestry",1543787
1205,12,"Forestry",1543787
1205,13,"Forestry",149399
1205,14,"Forestry",149399
1205,15,"Forestry",3112474
1205,16,"Forestry",44022825
1205,17,"Fruit",65964
1205,18,"Fruit",65964
1205,19,"Fruit",144943
1205,20,"Fruit",8510
1205,21,"Fruit",17016
1205,22,"Fruit",4253
1205,23,"Veges",638724
1205,24,"Veges",617438
1205,25,"Veges",617438
1205,26,"Veges",255506
1206,2,"Beef",1846518
1206,3,"Beef",1846518
1206,4,"Beef",5534959
1206,8,"Sheepmeat",5643844
1206,9,"Sheepmeat",5244601
1206,10,"Sheepmeat",5244601
1206,11,"Forestry",1543786
1206,12,"Forestry",1543786
1206,13,"Forestry",149399
1206,14,"Forestry",149399
1206,15,"Forestry",3112472
1206,16,"Forestry",44022805
1206,17,"Fruit",65964
1206,18,"Fruit",65964
1206,19,"Fruit",144943
1206,20,"Fruit",8510
1206,21,"Fruit",17016
1206,22,"Fruit",4253
1206,23,"Veges",467264
1206,24,"Veges",451692
1206,25,"Veges",451692
1206,26,"Veges",186917
1207,2,"Beef",1844798
1207,3,"Beef",1844798
1207,4,"Beef",5529806
1207,8,"Sheepmeat",5641767
1207,9,"Sheepmeat",5242671
1207,10,"Sheepmeat",5242671
1207,11,"Forestry",1543786
1207,12,"Forestry",1543786
1207,13,"Forestry",149399
1207,14,"Forestry",149399
1207,15,"Forestry",3112472
1207,16,"Forestry",44022805
1207,17,"Fruit",65964
1207,18,"Fruit",65964
1207,19,"Fruit",144943
1207,20,"Fruit",8510
1207,21,"Fruit",17016
1207,22,"Fruit",4253
1207,23,"Veges",235546
1207,24,"Veges",227696
1207,25,"Veges",227696
1207,26,"Veges",94224
1208,2,"Beef",723847
1208,3,"Beef",723847
1208,4,"Beef",2169740
1208,8,"Sheepmeat",2680796
1208,9,"Sheepmeat",2491157
1208,10,"Sheepmeat",2491157
1208,11,"Forestry",695352
1208,12,"Forestry",695352
1208,13,"Forestry",67292
1208,14,"Forestry",67292
1208,15,"Forestry",1401919
1208,16,"Forestry",19828737
1208,17,"Fruit",316109
1208,18,"Fruit",316109
1208,19,"Fruit",694593
1208,20,"Fruit",40783
1208,21,"Fruit",81542
1208,22,"Fruit",20380
1208,23,"Veges",342555
1208,24,"Veges",331140
1208,25,"Veges",331140
1208,26,"Veges",137031
1209,2,"Beef",180
1209,3,"Beef",180
1209,4,"Beef",538
1209,8,"Sheepmeat",139
1209,9,"Sheepmeat",129
1209,10,"Sheepmeat",129
1210,2,"Beef",20128
1210,3,"Beef",20128
1210,4,"Beef",60334
1210,8,"Sheepmeat",177194
1210,9,"Sheepmeat",164659
1210,10,"Sheepmeat",164659
1210,11,"Forestry",29145
1210,12,"Forestry",29145
1210,13,"Forestry",2820
1210,14,"Forestry",2820
1210,15,"Forestry",58759
1210,16,"Forestry",831089
1211,2,"Beef",9502
1211,3,"Beef",9502
1211,4,"Beef",28481
1211,8,"Sheepmeat",17342
1211,9,"Sheepmeat",16115
1211,10,"Sheepmeat",16115
1211,11,"Forestry",241
1211,12,"Forestry",241
1211,13,"Forestry",23
1211,14,"Forestry",23
1211,15,"Forestry",486
1211,16,"Forestry",6870
1211,17,"Fruit",96382
1211,18,"Fruit",96382
1211,19,"Fruit",211783
1211,20,"Fruit",12435
1211,21,"Fruit",24862
1211,22,"Fruit",6214
1211,23,"Veges",134030
1211,24,"Veges",129564
1211,25,"Veges",129564
1211,26,"Veges",53615
1212,2,"Beef",2448658
1212,3,"Beef",2448658
1212,4,"Beef",7339882
1212,8,"Sheepmeat",6639363
1212,9,"Sheepmeat",6169697
1212,10,"Sheepmeat",6169697
1212,11,"Forestry",1577087
1212,12,"Forestry",1577087
1212,13,"Forestry",152621
1212,14,"Forestry",152621
1212,15,"Forestry",3179612
1212,16,"Forestry",44972429
1212,17,"Fruit",643575
1212,18,"Fruit",643575
1212,19,"Fruit",1414141
1212,20,"Fruit",83031
1212,21,"Fruit",166014
1212,22,"Fruit",41491
1212,23,"Veges",7913658
1212,24,"Veges",7649936
1212,25,"Veges",7649936
1212,26,"Veges",3165663
1213,2,"Beef",2432475
1213,3,"Beef",2432475
1213,4,"Beef",7291375
1213,8,"Sheepmeat",6626802
1213,9,"Sheepmeat",6158025
1213,10,"Sheepmeat",6158025
1213,11,"Forestry",1577087
1213,12,"Forestry",1577087
1213,13,"Forestry",152621
1213,14,"Forestry",152621
1213,15,"Forestry",3179612
1213,16,"Forestry",44972429
1213,17,"Fruit",643575
1213,18,"Fruit",643575
1213,19,"Fruit",1414141
1213,20,"Fruit",83031
1213,21,"Fruit",166014
1213,22,"Fruit",41491
1213,23,"Veges",5658975
1213,24,"Veges",5470390
1213,25,"Veges",5470390
1213,26,"Veges",2263732
1214,2,"Beef",2374972
1214,3,"Beef",2374972
1214,4,"Beef",7119009
1214,8,"Sheepmeat",6497560
1214,9,"Sheepmeat",6037926
1214,10,"Sheepmeat",6037926
1214,11,"Forestry",1576870
1214,12,"Forestry",1576870
1214,13,"Forestry",152600
1214,14,"Forestry",152600
1214,15,"Forestry",3179174
1214,16,"Forestry",44966236
1214,17,"Fruit",643575
1214,18,"Fruit",643575
1214,19,"Fruit",1414141
1214,20,"Fruit",83031
1214,21,"Fruit",166014
1214,22,"Fruit",41491
1214,23,"Veges",3542027
1214,24,"Veges",3423989
1214,25,"Veges",3423989
1214,26,"Veges",1416900
1215,2,"Beef",2309996
1215,3,"Beef",2309996
1215,4,"Beef",6924242
1215,8,"Sheepmeat",6424246
1215,9,"Sheepmeat",5969798
1215,10,"Sheepmeat",5969798
1215,11,"Forestry",1576518
1215,12,"Forestry",1576518
1215,13,"Forestry",152566
1215,14,"Forestry",152566
1215,15,"Forestry",3178463
1215,16,"Forestry",44956182
1215,17,"Fruit",547192
1215,18,"Fruit",547192
1215,19,"Fruit",1202358
1215,20,"Fruit",70596
1215,21,"Fruit",141151
1215,22,"Fruit",35277
1215,23,"Veges",2311385
1215,24,"Veges",2234358
1215,25,"Veges",2234358
1215,26,"Veges",924612
1216,2,"Beef",4379
1216,3,"Beef",4379
1216,4,"Beef",13125
1216,8,"Sheepmeat",35917
1216,9,"Sheepmeat",33376
1216,10,"Sheepmeat",33376
1216,11,"Forestry",858
1216,12,"Forestry",858
1216,13,"Forestry",83
1216,14,"Forestry",83
1216,15,"Forestry",1730
1216,16,"Forestry",24468
1217,2,"Beef",712230
1217,3,"Beef",712230
1217,4,"Beef",2134918
1217,8,"Sheepmeat",2671737
1217,9,"Sheepmeat",2482740
1217,10,"Sheepmeat",2482740
1217,11,"Forestry",695352
1217,12,"Forestry",695352
1217,13,"Forestry",67292
1217,14,"Forestry",67292
1217,15,"Forestry",1401919
1217,16,"Forestry",19828737
1217,17,"Fruit",316109
1217,18,"Fruit",316109
1217,19,"Fruit",694593
1217,20,"Fruit",40783
1217,21,"Fruit",81542
1217,22,"Fruit",20380
1217,23,"Veges",276669
1217,24,"Veges",267449
1217,25,"Veges",267449
1217,26,"Veges",110674
1218,1,"Dairy",2
1218,2,"Beef",170882
1218,3,"Beef",170882
1218,4,"Beef",512220
1218,5,"Beef",0
1218,6,"Beef",0
1218,7,"Beef",0
1218,8,"Sheepmeat",281299
1218,9,"Sheepmeat",261400
1218,10,"Sheepmeat",261400
1218,11,"Forestry",1544
1218,12,"Forestry",1544
1218,13,"Forestry",149
1218,14,"Forestry",149
1218,15,"Forestry",3112
1218,16,"Forestry",44022
1218,23,"Veges",1033
1218,24,"Veges",998
1218,25,"Veges",998
1218,26,"Veges",413
1219,2,"Beef",278668
1219,3,"Beef",278668
1219,4,"Beef",835309
1219,8,"Sheepmeat",1570728
1219,9,"Sheepmeat",1459616
1219,10,"Sheepmeat",1459616
1219,11,"Forestry",599830
1219,12,"Forestry",599830
1219,13,"Forestry",58048
1219,14,"Forestry",58048
1219,15,"Forestry",1209335
1219,16,"Forestry",17104841
1220,2,"Beef",1641
1220,3,"Beef",1641
1220,4,"Beef",4918
1220,8,"Sheepmeat",1326
1220,9,"Sheepmeat",1233
1220,10,"Sheepmeat",1233
1220,11,"Forestry",99468
1220,12,"Forestry",99468
1220,13,"Forestry",9626
1220,14,"Forestry",9626
1220,15,"Forestry",200541
1220,16,"Forestry",2836451
1221,2,"Beef",10253
1221,3,"Beef",10253
1221,4,"Beef",30733
1221,8,"Sheepmeat",130391
1221,9,"Sheepmeat",121167
1221,10,"Sheepmeat",121167
1221,11,"Forestry",2175
1221,12,"Forestry",2175
1221,13,"Forestry",210
1221,14,"Forestry",210
1221,15,"Forestry",4385
1221,16,"Forestry",62022
1222,2,"Beef",5787
1222,3,"Beef",5787
1222,4,"Beef",17347
1222,8,"Sheepmeat",4477
1222,9,"Sheepmeat",4160
1222,10,"Sheepmeat",4160
1223,2,"Beef",6077
1223,3,"Beef",6077
1223,4,"Beef",18216
1223,8,"Sheepmeat",131625
1223,9,"Sheepmeat",122313
1223,10,"Sheepmeat",122313
1223,11,"Forestry",195706
1223,12,"Forestry",195706
1223,13,"Forestry",18939
1223,14,"Forestry",18939
1223,15,"Forestry",394569
1223,16,"Forestry",5580791
1224,2,"Beef",33540
1224,3,"Beef",33540
1224,4,"Beef",100536
1224,8,"Sheepmeat",70183
1224,9,"Sheepmeat",65219
1224,10,"Sheepmeat",65219
1224,11,"Forestry",94
1224,12,"Forestry",94
1224,13,"Forestry",9
1224,14,"Forestry",9
1224,15,"Forestry",190
1224,16,"Forestry",2684
1224,17,"Fruit",124237
1224,18,"Fruit",124237
1224,19,"Fruit",272990
1224,20,"Fruit",16029
1224,21,"Fruit",32048
1224,22,"Fruit",8010
1224,23,"Veges",585341
1224,24,"Veges",565834
1224,25,"Veges",565834
1224,26,"Veges",234151
1225,2,"Beef",236733
1225,3,"Beef",236733
1225,4,"Beef",709610
1225,8,"Sheepmeat",1049951
1225,9,"Sheepmeat",975678
1225,10,"Sheepmeat",975678
1225,11,"Forestry",278920
1225,12,"Forestry",278920
1225,13,"Forestry",26992
1225,14,"Forestry",26992
1225,15,"Forestry",562339
1225,16,"Forestry",7953717
1227,2,"Beef",4379
1227,3,"Beef",4379
1227,4,"Beef",13125
1227,8,"Sheepmeat",35917
1227,9,"Sheepmeat",33376
1227,10,"Sheepmeat",33376
1227,11,"Forestry",858
1227,12,"Forestry",858
1227,13,"Forestry",83
1227,14,"Forestry",83
1227,15,"Forestry",1730
1227,16,"Forestry",24468
1228,2,"Beef",773605
1228,3,"Beef",773605
1228,4,"Beef",2318891
1228,5,"Beef",38
1228,6,"Beef",38
1228,7,"Beef",113
1228,8,"Sheepmeat",2472991
1228,9,"Sheepmeat",2298053
1228,10,"Sheepmeat",2298053
1228,11,"Forestry",1398
1228,12,"Forestry",1398
1228,13,"Forestry",135
1228,14,"Forestry",135
1228,15,"Forestry",2818
1228,16,"Forestry",39852
1229,2,"Beef",38203
1229,3,"Beef",38203
1229,4,"Beef",114513
1229,8,"Sheepmeat",147180
1229,9,"Sheepmeat",136769
1229,10,"Sheepmeat",136769
1229,11,"Forestry",582
1229,12,"Forestry",582
1229,13,"Forestry",56
1229,14,"Forestry",56
1229,15,"Forestry",1173
1229,16,"Forestry",16598
1229,17,"Fruit",86747
1229,18,"Fruit",86747
1229,19,"Fruit",190612
1229,20,"Fruit",11192
1229,21,"Fruit",22377
1229,22,"Fruit",5593
1229,23,"Veges",546081
1229,24,"Veges",527882
1229,25,"Veges",527882
1229,26,"Veges",218446
1231,2,"Beef",1142
1231,3,"Beef",1142
1231,4,"Beef",3423
1231,8,"Sheepmeat",883
1231,9,"Sheepmeat",821
1231,10,"Sheepmeat",821
1232,2,"Beef",225958
1232,3,"Beef",225958
1232,4,"Beef",677311
1232,8,"Sheepmeat",418616
1232,9,"Sheepmeat",389004
1232,10,"Sheepmeat",389004
1232,11,"Forestry",914
1232,12,"Forestry",914
1232,13,"Forestry",88
1232,14,"Forestry",88
1232,15,"Forestry",1842
1232,16,"Forestry",26053
1233,2,"Beef",564122
1233,3,"Beef",564122
1233,4,"Beef",1690963
1233,5,"Beef",38
1233,6,"Beef",38
1233,7,"Beef",113
1233,8,"Sheepmeat",1788593
1233,9,"Sheepmeat",1662069
1233,10,"Sheepmeat",1662069
1233,11,"Forestry",1258
1233,12,"Forestry",1258
1233,13,"Forestry",122
1233,14,"Forestry",122
1233,15,"Forestry",2537
1233,16,"Forestry",35881
1234,2,"Beef",121109
1234,3,"Beef",121109
1234,4,"Beef",363026
1234,8,"Sheepmeat",563010
1234,9,"Sheepmeat",523183
1234,10,"Sheepmeat",523183
1234,11,"Forestry",4747
1234,12,"Forestry",4747
1234,13,"Forestry",459
1234,14,"Forestry",459
1234,15,"Forestry",9571
1234,16,"Forestry",135369
1235,2,"Beef",38679
1235,3,"Beef",38679
1235,4,"Beef",115939
1235,8,"Sheepmeat",36273
1235,9,"Sheepmeat",33707
1235,10,"Sheepmeat",33707
1235,11,"Forestry",31
1235,12,"Forestry",31
1235,13,"Forestry",3
1235,14,"Forestry",3
1235,15,"Forestry",63
1235,16,"Forestry",888
1235,17,"Fruit",130151
1235,18,"Fruit",130151
1235,19,"Fruit",285984
1235,20,"Fruit",16792
1235,21,"Fruit",33573
1235,22,"Fruit",8391
1235,23,"Veges",487250
1235,24,"Veges",471013
1235,25,"Veges",471013
1235,26,"Veges",194912
1236,2,"Beef",1676
1236,3,"Beef",1676
1236,4,"Beef",5024
1236,8,"Sheepmeat",1297
1236,9,"Sheepmeat",1205
1236,10,"Sheepmeat",1205
1236,17,"Fruit",49177
1236,18,"Fruit",49177
1236,19,"Fruit",108059
1236,20,"Fruit",6345
1236,21,"Fruit",12686
1236,22,"Fruit",3170
1236,23,"Veges",196
1236,24,"Veges",190
1236,25,"Veges",190
1236,26,"Veges",79
1237,2,"Beef",32758
1237,3,"Beef",32758
1237,4,"Beef",98192
1237,8,"Sheepmeat",283846
1237,9,"Sheepmeat",263767
1237,10,"Sheepmeat",263767
1237,11,"Forestry",69657
1237,12,"Forestry",69657
1237,13,"Forestry",6741
1237,14,"Forestry",6741
1237,15,"Forestry",140438
1237,16,"Forestry",1986357
1238,2,"Beef",325665
1238,3,"Beef",325665
1238,4,"Beef",976184
1238,8,"Sheepmeat",531077
1238,9,"Sheepmeat",493508
1238,10,"Sheepmeat",493508
1238,11,"Forestry",24577
1238,12,"Forestry",24577
1238,13,"Forestry",2378
1238,14,"Forestry",2378
1238,15,"Forestry",49550
1238,16,"Forestry",700841
1239,2,"Beef",86814
1239,3,"Beef",86814
1239,4,"Beef",260225
1239,8,"Sheepmeat",343126
1239,9,"Sheepmeat",318853
1239,10,"Sheepmeat",318853
1239,11,"Forestry",51123
1239,12,"Forestry",51123
1239,13,"Forestry",4947
1239,14,"Forestry",4947
1239,15,"Forestry",103071
1239,16,"Forestry",1457830
1240,2,"Beef",761
1240,3,"Beef",761
1240,4,"Beef",2282
1240,8,"Sheepmeat",589
1240,9,"Sheepmeat",547
1240,10,"Sheepmeat",547
1241,2,"Beef",45944
1241,3,"Beef",45944
1241,4,"Beef",137717
1241,8,"Sheepmeat",157479
1241,9,"Sheepmeat",146339
1241,10,"Sheepmeat",146339
1241,11,"Forestry",62195
1241,12,"Forestry",62195
1241,13,"Forestry",6019
1241,14,"Forestry",6019
1241,15,"Forestry",125393
1241,16,"Forestry",1773563
1241,23,"Veges",2545
1241,24,"Veges",2460
1241,25,"Veges",2460
1241,26,"Veges",1018
1242,2,"Beef",741495
1242,3,"Beef",741495
1242,4,"Beef",2222639
1242,8,"Sheepmeat",2209945
1242,9,"Sheepmeat",2053615
1242,10,"Sheepmeat",2053615
1242,11,"Forestry",181756
1242,12,"Forestry",181756
1242,13,"Forestry",17589
1242,14,"Forestry",17589
1242,15,"Forestry",366444
1242,16,"Forestry",5182988
1243,2,"Beef",693
1243,3,"Beef",693
1243,4,"Beef",2077
1243,8,"Sheepmeat",1328
1243,9,"Sheepmeat",1234
1243,10,"Sheepmeat",1234
1245,2,"Beef",3706570
1245,3,"Beef",3706570
1245,4,"Beef",11110489
1245,8,"Sheepmeat",8238047
1245,9,"Sheepmeat",7784919
1245,10,"Sheepmeat",7784919
1245,11,"Forestry",3418961
1245,12,"Forestry",3418961
1245,13,"Forestry",330867
1245,14,"Forestry",330867
1245,15,"Forestry",6810732
1245,16,"Forestry",94637007
1245,20,"Fruit",2283
1245,21,"Fruit",4564
1245,23,"Veges",6343460
1245,24,"Veges",41390
1245,25,"Veges",41390
1245,26,"Veges",17128
1246,2,"Beef",125829
1246,3,"Beef",125829
1246,4,"Beef",377174
1246,8,"Sheepmeat",381073
1246,9,"Sheepmeat",354116
1246,10,"Sheepmeat",354116
1246,11,"Forestry",2725
1246,12,"Forestry",2725
1246,13,"Forestry",264
1246,14,"Forestry",264
1246,15,"Forestry",5495
1246,16,"Forestry",77720
1246,23,"Veges",722457
1246,24,"Veges",698381
1246,25,"Veges",698381
1246,26,"Veges",289001
1247,2,"Beef",8606
1247,3,"Beef",8606
1247,4,"Beef",25796
1247,8,"Sheepmeat",66808
1247,9,"Sheepmeat",62082
1247,10,"Sheepmeat",62082
1247,11,"Forestry",1325
1247,12,"Forestry",1325
1247,13,"Forestry",128
1247,14,"Forestry",128
1247,15,"Forestry",2672
1247,16,"Forestry",37787
1248,1,"Dairy",294382
1248,2,"Beef",460257
1248,3,"Beef",460257
1248,4,"Beef",1379626
1248,5,"Beef",8405
1248,6,"Beef",8405
1248,7,"Beef",25194
1248,8,"Sheepmeat",652965
1248,9,"Sheepmeat",606774
1248,10,"Sheepmeat",606774
1248,11,"Forestry",14214
1248,12,"Forestry",14214
1248,13,"Forestry",1376
1248,14,"Forestry",1376
1248,15,"Forestry",28658
1248,16,"Forestry",405333
1248,23,"Veges",1561730
1248,24,"Veges",1509686
1248,25,"Veges",1509686
1248,26,"Veges",624732
1249,2,"Beef",497985
1249,3,"Beef",497985
1249,4,"Beef",1492716
1249,8,"Sheepmeat",1907590
1249,9,"Sheepmeat",1772648
1249,10,"Sheepmeat",1772648
1249,11,"Forestry",407854
1249,12,"Forestry",407854
1249,13,"Forestry",39470
1249,14,"Forestry",39470
1249,15,"Forestry",822286
1249,16,"Forestry",11630417
1249,17,"Fruit",16887
1249,18,"Fruit",16887
1249,19,"Fruit",37106
1249,20,"Fruit",2179
1249,21,"Fruit",4356
1249,22,"Fruit",1089
1250,2,"Beef",3397300
1250,3,"Beef",3397300
1250,4,"Beef",10183449
1250,8,"Sheepmeat",7110378
1250,9,"Sheepmeat",6737021
1250,10,"Sheepmeat",6737021
1250,11,"Forestry",2712535
1250,12,"Forestry",2712535
1250,13,"Forestry",262503
1250,14,"Forestry",262503
1250,15,"Forestry",5386485
1250,16,"Forestry",74492465
1250,20,"Fruit",2283
1250,21,"Fruit",4564
1250,23,"Veges",6300643
1251,2,"Beef",55574
1251,3,"Beef",55574
1251,4,"Beef",166584
1251,8,"Sheepmeat",263691
1251,9,"Sheepmeat",245037
1251,10,"Sheepmeat",245037
1251,11,"Forestry",1984
1251,12,"Forestry",1984
1251,13,"Forestry",192
1251,14,"Forestry",192
1251,15,"Forestry",3999
1251,16,"Forestry",56569
1253,2,"Beef",12803
1253,3,"Beef",12803
1253,4,"Beef",38378
1253,8,"Sheepmeat",108590
1253,9,"Sheepmeat",100908
1253,10,"Sheepmeat",100908
1253,11,"Forestry",3116
1253,12,"Forestry",3116
1253,13,"Forestry",302
1253,14,"Forestry",302
1253,15,"Forestry",6282
1253,16,"Forestry",88858
1254,2,"Beef",19978
1254,3,"Beef",19978
1254,4,"Beef",59884
1254,8,"Sheepmeat",185476
1254,9,"Sheepmeat",172355
1254,10,"Sheepmeat",172355
1254,11,"Forestry",5305
1254,12,"Forestry",5305
1254,13,"Forestry",513
1254,14,"Forestry",513
1254,15,"Forestry",10697
1254,16,"Forestry",151292
1255,2,"Beef",36050
1255,3,"Beef",36050
1255,4,"Beef",108059
1255,8,"Sheepmeat",113181
1255,9,"Sheepmeat",105174
1255,10,"Sheepmeat",105174
1255,11,"Forestry",677
1255,12,"Forestry",677
1255,13,"Forestry",66
1255,14,"Forestry",66
1255,15,"Forestry",1366
1255,16,"Forestry",19317
1256,2,"Beef",11464
1256,3,"Beef",11464
1256,4,"Beef",34362
1256,8,"Sheepmeat",98831
1256,9,"Sheepmeat",91839
1256,10,"Sheepmeat",91839
1256,11,"Forestry",3116
1256,12,"Forestry",3116
1256,13,"Forestry",302
1256,14,"Forestry",302
1256,15,"Forestry",6282
1256,16,"Forestry",88858
1257,2,"Beef",14245
1257,3,"Beef",14245
1257,4,"Beef",42699
1257,8,"Sheepmeat",135250
1257,9,"Sheepmeat",125682
1257,10,"Sheepmeat",125682
1257,11,"Forestry",25113
1257,12,"Forestry",25113
1257,13,"Forestry",2430
1257,14,"Forestry",2430
1257,15,"Forestry",50632
1257,16,"Forestry",716136
1258,2,"Beef",391290
1258,3,"Beef",391290
1258,4,"Beef",1172898
1258,8,"Sheepmeat",348314
1258,9,"Sheepmeat",323674
1258,10,"Sheepmeat",323674
1258,11,"Forestry",119
1258,12,"Forestry",119
1258,13,"Forestry",11
1258,14,"Forestry",11
1258,15,"Forestry",239
1258,16,"Forestry",3386
1258,23,"Veges",165932
1258,24,"Veges",160402
1258,25,"Veges",160402
1258,26,"Veges",66377
1259,2,"Beef",363678
1259,3,"Beef",363678
1259,4,"Beef",1090131
1259,8,"Sheepmeat",322137
1259,9,"Sheepmeat",299350
1259,10,"Sheepmeat",299350
1259,11,"Forestry",33
1259,12,"Forestry",33
1259,13,"Forestry",3
1259,14,"Forestry",3
1259,15,"Forestry",67
1259,16,"Forestry",953
1259,23,"Veges",165932
1259,24,"Veges",160402
1259,25,"Veges",160402
1259,26,"Veges",66377
1261,2,"Beef",20730
1261,3,"Beef",20730
1261,4,"Beef",62138
1261,8,"Sheepmeat",20084
1261,9,"Sheepmeat",18663
1261,10,"Sheepmeat",18663
1262,2,"Beef",287455
1262,3,"Beef",287455
1262,4,"Beef",861650
1262,8,"Sheepmeat",258038
1262,9,"Sheepmeat",239785
1262,10,"Sheepmeat",239785
1262,11,"Forestry",33
1262,12,"Forestry",33
1262,13,"Forestry",3
1262,14,"Forestry",3
1262,15,"Forestry",67
1262,16,"Forestry",953
1262,23,"Veges",1188
1262,24,"Veges",1149
1262,25,"Veges",1149
1262,26,"Veges",475
1263,2,"Beef",31374
1263,3,"Beef",31374
1263,4,"Beef",94045
1263,8,"Sheepmeat",24678
1263,9,"Sheepmeat",22932
1263,10,"Sheepmeat",22932
1264,2,"Beef",192622
1264,3,"Beef",192622
1264,4,"Beef",577387
1264,8,"Sheepmeat",243746
1264,9,"Sheepmeat",226503
1264,10,"Sheepmeat",226503
1264,11,"Forestry",247066
1264,12,"Forestry",247066
1264,13,"Forestry",23910
1264,14,"Forestry",23910
1264,15,"Forestry",498116
1264,16,"Forestry",7045356
1265,2,"Beef",49
1265,3,"Beef",49
1265,4,"Beef",146
1265,8,"Sheepmeat",229027
1265,9,"Sheepmeat",212826
1265,10,"Sheepmeat",212826
1265,11,"Forestry",28806
1265,12,"Forestry",28806
1265,13,"Forestry",2788
1265,14,"Forestry",2788
1265,15,"Forestry",58077
1265,16,"Forestry",821440
1266,2,"Beef",217
1266,3,"Beef",217
1266,4,"Beef",649
1266,8,"Sheepmeat",167
1266,9,"Sheepmeat",156
1266,10,"Sheepmeat",156
1266,17,"Fruit",267853
1266,18,"Fruit",267853
1266,19,"Fruit",588559
1266,20,"Fruit",34557
1266,21,"Fruit",69094
1266,22,"Fruit",17268
1266,23,"Veges",887
1266,24,"Veges",858
1266,25,"Veges",858
1266,26,"Veges",355
1267,2,"Beef",60391
1267,3,"Beef",60391
1267,4,"Beef",181024
1267,8,"Sheepmeat",265323
1267,9,"Sheepmeat",246555
1267,10,"Sheepmeat",246555
1267,11,"Forestry",151245
1267,12,"Forestry",151245
1267,13,"Forestry",14637
1267,14,"Forestry",14637
1267,15,"Forestry",304929
1267,16,"Forestry",4312916
1268,2,"Beef",45025
1268,3,"Beef",45025
1268,4,"Beef",134964
1268,8,"Sheepmeat",35127
1268,9,"Sheepmeat",32642
1268,10,"Sheepmeat",32642
1268,11,"Forestry",8
1268,12,"Forestry",8
1268,13,"Forestry",1
1268,14,"Forestry",1
1268,15,"Forestry",16
1268,16,"Forestry",222
1268,23,"Veges",98428
1268,24,"Veges",95148
1268,25,"Veges",95148
1268,26,"Veges",39374
1269,2,"Beef",141539
1269,3,"Beef",141539
1269,4,"Beef",424265
1269,8,"Sheepmeat",343019
1269,9,"Sheepmeat",318754
1269,10,"Sheepmeat",318754
1269,11,"Forestry",191702
1269,12,"Forestry",191702
1269,13,"Forestry",18552
1269,14,"Forestry",18552
1269,15,"Forestry",386496
1269,16,"Forestry",5466600
1272,2,"Beef",2177
1272,3,"Beef",2177
1272,4,"Beef",6526
1272,8,"Sheepmeat",97902
1272,9,"Sheepmeat",90977
1272,10,"Sheepmeat",90977
1272,11,"Forestry",12855
1272,12,"Forestry",12855
1272,13,"Forestry",1244
1272,14,"Forestry",1244
1272,15,"Forestry",25917
1272,16,"Forestry",366565
1273,2,"Beef",19446
1273,3,"Beef",19446
1273,4,"Beef",58289
1273,8,"Sheepmeat",61147
1273,9,"Sheepmeat",56822
1273,10,"Sheepmeat",56822
1273,11,"Forestry",7149
1273,12,"Forestry",7149
1273,13,"Forestry",692
1273,14,"Forestry",692
1273,15,"Forestry",14413
1273,16,"Forestry",203857
1274,2,"Beef",34226
1274,3,"Beef",34226
1274,4,"Beef",102593
1274,8,"Sheepmeat",28476
1274,9,"Sheepmeat",26462
1274,10,"Sheepmeat",26462
1274,11,"Forestry",104
1274,12,"Forestry",104
1274,13,"Forestry",10
1274,14,"Forestry",10
1274,15,"Forestry",210
1274,16,"Forestry",2977
1274,23,"Veges",244667
1274,24,"Veges",236514
1274,25,"Veges",236514
1274,26,"Veges",97873
1275,2,"Beef",215651
1275,3,"Beef",215651
1275,4,"Beef",646416
1275,8,"Sheepmeat",392328
1275,9,"Sheepmeat",364575
1275,10,"Sheepmeat",364575
1275,11,"Forestry",217
1275,12,"Forestry",217
1275,13,"Forestry",21
1275,14,"Forestry",21
1275,15,"Forestry",438
1275,16,"Forestry",6200
1276,2,"Beef",8478
1276,3,"Beef",8478
1276,4,"Beef",25414
1276,8,"Sheepmeat",32537
1276,9,"Sheepmeat",30235
1276,10,"Sheepmeat",30235
1276,11,"Forestry",104
1276,12,"Forestry",104
1276,13,"Forestry",10
1276,14,"Forestry",10
1276,15,"Forestry",209
1276,16,"Forestry",2955
1279,2,"Beef",55727
1279,3,"Beef",55727
1279,4,"Beef",167043
1279,8,"Sheepmeat",43112
1279,9,"Sheepmeat",40063
1279,10,"Sheepmeat",40063
1279,11,"Forestry",186
1279,12,"Forestry",186
1279,13,"Forestry",18
1279,14,"Forestry",18
1279,15,"Forestry",375
1279,16,"Forestry",5305
1279,23,"Veges",74532
1279,24,"Veges",72048
1279,25,"Veges",72048
1279,26,"Veges",29815
1280,2,"Beef",9501
1280,3,"Beef",9501
1280,4,"Beef",28480
1280,8,"Sheepmeat",97312
1280,9,"Sheepmeat",90429
1280,10,"Sheepmeat",90429
1280,11,"Forestry",3116
1280,12,"Forestry",3116
1280,13,"Forestry",302
1280,14,"Forestry",302
1280,15,"Forestry",6282
1280,16,"Forestry",88858
1281,2,"Beef",141535
1281,3,"Beef",141535
1281,4,"Beef",424253
1281,8,"Sheepmeat",313386
1281,9,"Sheepmeat",291217
1281,10,"Sheepmeat",291217
1281,11,"Forestry",270283
1281,12,"Forestry",270283
1281,13,"Forestry",26156
1281,14,"Forestry",26156
1281,15,"Forestry",544925
1281,16,"Forestry",7707417
1282,8,"Sheepmeat",12109
1282,9,"Sheepmeat",11252
1282,10,"Sheepmeat",11252
1282,11,"Forestry",160356
1282,12,"Forestry",160356
1282,13,"Forestry",15518
1282,14,"Forestry",15518
1282,15,"Forestry",323299
1282,16,"Forestry",4572746
1284,2,"Beef",4379
1284,3,"Beef",4379
1284,4,"Beef",13125
1284,8,"Sheepmeat",35798
1284,9,"Sheepmeat",33266
1284,10,"Sheepmeat",33266
1284,11,"Forestry",858
1284,12,"Forestry",858
1284,13,"Forestry",83
1284,14,"Forestry",83
1284,15,"Forestry",1730
1284,16,"Forestry",24468
1286,2,"Beef",5551
1286,3,"Beef",5551
1286,4,"Beef",16638
1286,8,"Sheepmeat",5908
1286,9,"Sheepmeat",5490
1286,10,"Sheepmeat",5490
1286,11,"Forestry",337679
1286,12,"Forestry",337679
1286,13,"Forestry",32679
1286,14,"Forestry",32679
1286,15,"Forestry",680805
1286,16,"Forestry",9629302
1287,2,"Beef",12743
1287,3,"Beef",12743
1287,4,"Beef",38199
1287,8,"Sheepmeat",233033
1287,9,"Sheepmeat",216549
1287,10,"Sheepmeat",216549
1287,11,"Forestry",16827
1287,12,"Forestry",16827
1287,13,"Forestry",1628
1287,14,"Forestry",1628
1287,15,"Forestry",33924
1287,16,"Forestry",479827
1287,23,"Veges",30083
1287,24,"Veges",29080
1287,25,"Veges",29080
1287,26,"Veges",12034
1288,2,"Beef",57366
1288,3,"Beef",57366
1288,4,"Beef",171957
1288,8,"Sheepmeat",175295
1288,9,"Sheepmeat",162895
1288,10,"Sheepmeat",162895
1288,11,"Forestry",1850
1288,12,"Forestry",1850
1288,13,"Forestry",179
1288,14,"Forestry",179
1288,15,"Forestry",3730
1288,16,"Forestry",52755
1289,2,"Beef",7832
1289,3,"Beef",7832
1289,4,"Beef",23477
1289,8,"Sheepmeat",13137
1289,9,"Sheepmeat",12207
1289,10,"Sheepmeat",12207
1289,11,"Forestry",16738
1289,12,"Forestry",16738
1289,13,"Forestry",1620
1289,14,"Forestry",1620
1289,15,"Forestry",33745
1289,16,"Forestry",477291
1290,2,"Beef",74
1290,3,"Beef",74
1290,4,"Beef",222
1290,8,"Sheepmeat",57
1290,9,"Sheepmeat",53
1290,10,"Sheepmeat",53
1290,17,"Fruit",108484
1290,18,"Fruit",108484
1290,19,"Fruit",238375
1290,20,"Fruit",13996
1290,21,"Fruit",27984
1290,22,"Fruit",6994
1290,23,"Veges",101948
1290,24,"Veges",98551
1290,25,"Veges",98551
1290,26,"Veges",40782
1291,2,"Beef",104187
1291,3,"Beef",104187
1291,4,"Beef",312302
1291,8,"Sheepmeat",389472
1291,9,"Sheepmeat",361921
1291,10,"Sheepmeat",361921
1291,11,"Forestry",32197
1291,12,"Forestry",32197
1291,13,"Forestry",3116
1291,14,"Forestry",3116
1291,15,"Forestry",64913
1291,16,"Forestry",918128
1292,2,"Beef",6121
1292,3,"Beef",6121
1292,4,"Beef",18346
1292,8,"Sheepmeat",74710
1292,9,"Sheepmeat",69425
1292,10,"Sheepmeat",69425
1292,11,"Forestry",71299
1292,12,"Forestry",71299
1292,13,"Forestry",6900
1292,14,"Forestry",6900
1292,15,"Forestry",143748
1292,16,"Forestry",2033165
1293,2,"Beef",98777
1293,3,"Beef",98777
1293,4,"Beef",296087
1293,8,"Sheepmeat",107143
1293,9,"Sheepmeat",99563
1293,10,"Sheepmeat",99563
1293,11,"Forestry",1404
1293,12,"Forestry",1404
1293,13,"Forestry",136
1293,14,"Forestry",136
1293,15,"Forestry",2831
1293,16,"Forestry",40047
1294,2,"Beef",254298
1294,3,"Beef",254298
1294,4,"Beef",762262
1294,8,"Sheepmeat",611470
1294,9,"Sheepmeat",568215
1294,10,"Sheepmeat",568215
1294,11,"Forestry",34716
1294,12,"Forestry",34716
1294,13,"Forestry",3360
1294,14,"Forestry",3360
1294,15,"Forestry",69991
1294,16,"Forestry",989955
1295,2,"Beef",4379
1295,3,"Beef",4379
1295,4,"Beef",13125
1295,8,"Sheepmeat",35917
1295,9,"Sheepmeat",33376
1295,10,"Sheepmeat",33376
1295,11,"Forestry",858
1295,12,"Forestry",858
1295,13,"Forestry",83
1295,14,"Forestry",83
1295,15,"Forestry",1730
1295,16,"Forestry",24468
1297,2,"Beef",142116
1297,3,"Beef",142116
1297,4,"Beef",425996
1297,8,"Sheepmeat",404142
1297,9,"Sheepmeat",375554
1297,10,"Sheepmeat",375554
1297,11,"Forestry",7237
1297,12,"Forestry",7237
1297,13,"Forestry",700
1297,14,"Forestry",700
1297,15,"Forestry",14590
1297,16,"Forestry",206368
1298,2,"Beef",1054
1298,3,"Beef",1054
1298,4,"Beef",3159
1298,8,"Sheepmeat",4855
1298,9,"Sheepmeat",4511
1298,10,"Sheepmeat",4511
1298,11,"Forestry",32
1298,12,"Forestry",32
1298,13,"Forestry",3
1298,14,"Forestry",3
1298,15,"Forestry",65
1298,16,"Forestry",913
1299,2,"Beef",189309
1299,3,"Beef",189309
1299,4,"Beef",567458
1299,8,"Sheepmeat",199901
1299,9,"Sheepmeat",185761
1299,10,"Sheepmeat",185761
1299,11,"Forestry",5298
1299,12,"Forestry",5298
1299,13,"Forestry",513
1299,14,"Forestry",513
1299,15,"Forestry",10681
1299,16,"Forestry",151070
1299,17,"Fruit",108243
1299,18,"Fruit",108243
1299,19,"Fruit",237846
1299,20,"Fruit",13965
1299,21,"Fruit",27922
1299,22,"Fruit",6978
1300,2,"Beef",307787
1300,3,"Beef",307787
1300,4,"Beef",922595
1300,8,"Sheepmeat",602006
1300,9,"Sheepmeat",559420
1300,10,"Sheepmeat",559420
1300,11,"Forestry",337
1300,12,"Forestry",337
1300,13,"Forestry",33
1300,14,"Forestry",33
1300,15,"Forestry",680
1300,16,"Forestry",9612
1300,17,"Fruit",701
1300,18,"Fruit",701
1300,19,"Fruit",1540
1300,20,"Fruit",90
1300,21,"Fruit",181
1300,22,"Fruit",45
1301,2,"Beef",80036
1301,3,"Beef",80036
1301,4,"Beef",239909
1301,8,"Sheepmeat",121153
1301,9,"Sheepmeat",112583
1301,10,"Sheepmeat",112583
1301,11,"Forestry",712
1301,12,"Forestry",712
1301,13,"Forestry",69
1301,14,"Forestry",69
1301,15,"Forestry",1435
1301,16,"Forestry",20300
1301,23,"Veges",50418
1301,24,"Veges",48737
1301,25,"Veges",48737
1301,26,"Veges",20168
1302,2,"Beef",1021
1302,3,"Beef",1021
1302,4,"Beef",3061
1302,8,"Sheepmeat",24119
1302,9,"Sheepmeat",22413
1302,10,"Sheepmeat",22413
1302,11,"Forestry",774
1302,12,"Forestry",774
1302,13,"Forestry",75
1302,14,"Forestry",75
1302,15,"Forestry",1560
1302,16,"Forestry",22067
1303,8,"Sheepmeat",77
1303,9,"Sheepmeat",71
1303,10,"Sheepmeat",71
1304,2,"Beef",100773
1304,3,"Beef",100773
1304,4,"Beef",302068
1304,8,"Sheepmeat",404094
1304,9,"Sheepmeat",375508
1304,10,"Sheepmeat",375508
1304,11,"Forestry",2091
1304,12,"Forestry",2091
1304,13,"Forestry",202
1304,14,"Forestry",202
1304,15,"Forestry",4216
1304,16,"Forestry",59625
1305,2,"Beef",84578
1305,3,"Beef",84578
1305,4,"Beef",253523
1305,8,"Sheepmeat",211113
1305,9,"Sheepmeat",196179
1305,10,"Sheepmeat",196179
1305,11,"Forestry",12
1305,12,"Forestry",12
1305,13,"Forestry",1
1305,14,"Forestry",1
1305,15,"Forestry",25
1305,16,"Forestry",347
1306,2,"Beef",275122
1306,3,"Beef",275122
1306,4,"Beef",824680
1306,8,"Sheepmeat",543884
1306,9,"Sheepmeat",505410
1306,10,"Sheepmeat",505410
1306,11,"Forestry",164476
1306,12,"Forestry",164476
1306,13,"Forestry",15917
1306,14,"Forestry",15917
1306,15,"Forestry",331606
1306,16,"Forestry",4690231
1307,2,"Beef",5275
1307,3,"Beef",5275
1307,4,"Beef",15813
1307,8,"Sheepmeat",39569
1307,9,"Sheepmeat",36770
1307,10,"Sheepmeat",36770
1307,11,"Forestry",3760
1307,12,"Forestry",3760
1307,13,"Forestry",364
1307,14,"Forestry",364
1307,15,"Forestry",7581
1307,16,"Forestry",107225
1308,8,"Sheepmeat",549
1308,9,"Sheepmeat",510
1308,10,"Sheepmeat",510
1308,11,"Forestry",109
1308,12,"Forestry",109
1308,13,"Forestry",11
1308,14,"Forestry",11
1308,15,"Forestry",219
1308,16,"Forestry",3098
1309,2,"Beef",459
1309,3,"Beef",459
1309,4,"Beef",1375
1309,8,"Sheepmeat",6597
1309,9,"Sheepmeat",6131
1309,10,"Sheepmeat",6131
1309,11,"Forestry",343
1309,12,"Forestry",343
1309,13,"Forestry",33
1309,14,"Forestry",33
1309,15,"Forestry",692
1309,16,"Forestry",9790
1310,2,"Beef",1019
1310,3,"Beef",1019
1310,4,"Beef",3054
1310,8,"Sheepmeat",7031
1310,9,"Sheepmeat",6533
1310,10,"Sheepmeat",6533
1310,11,"Forestry",615
1310,12,"Forestry",615
1310,13,"Forestry",60
1310,14,"Forestry",60
1310,15,"Forestry",1240
1310,16,"Forestry",17545
1311,8,"Sheepmeat",119
1311,9,"Sheepmeat",110
1311,10,"Sheepmeat",110
1312,2,"Beef",2002
1312,3,"Beef",2002
1312,4,"Beef",6002
1312,8,"Sheepmeat",48554
1312,9,"Sheepmeat",45120
1312,10,"Sheepmeat",45120
1312,11,"Forestry",9
1312,12,"Forestry",9
1312,13,"Forestry",1
1312,14,"Forestry",1
1312,15,"Forestry",17
1312,16,"Forestry",247
1313,2,"Beef",1224
1313,3,"Beef",1224
1313,4,"Beef",3670
1313,8,"Sheepmeat",947
1313,9,"Sheepmeat",880
1313,10,"Sheepmeat",880
1313,11,"Forestry",65118
1313,12,"Forestry",65118
1313,13,"Forestry",6302
1313,14,"Forestry",6302
1313,15,"Forestry",131287
1313,16,"Forestry",1856923
1313,23,"Veges",1793415
1313,24,"Veges",1733649
1313,25,"Veges",1733649
1313,26,"Veges",717411
1314,2,"Beef",14492
1314,3,"Beef",14492
1314,4,"Beef",43440
1314,8,"Sheepmeat",247028
1314,9,"Sheepmeat",229553
1314,10,"Sheepmeat",229553
1314,11,"Forestry",129131
1314,12,"Forestry",129131
1314,13,"Forestry",12497
1314,14,"Forestry",12497
1314,15,"Forestry",260344
1314,16,"Forestry",3682312
1315,2,"Beef",8983
1315,3,"Beef",8983
1315,4,"Beef",26925
1315,8,"Sheepmeat",29416
1315,9,"Sheepmeat",27335
1315,10,"Sheepmeat",27335
1316,2,"Beef",10918
1316,3,"Beef",10918
1316,4,"Beef",32726
1316,8,"Sheepmeat",31188
1316,9,"Sheepmeat",28982
1316,10,"Sheepmeat",28982
1316,11,"Forestry",40393
1316,12,"Forestry",40393
1316,13,"Forestry",3909
1316,14,"Forestry",3909
1316,15,"Forestry",81437
1316,16,"Forestry",1151848
1316,23,"Veges",3086
1316,24,"Veges",2983
1316,25,"Veges",2983
1316,26,"Veges",1235
1317,2,"Beef",59720
1317,3,"Beef",59720
1317,4,"Beef",179010
1317,8,"Sheepmeat",488877
1317,9,"Sheepmeat",583922
1317,10,"Sheepmeat",583922
1317,11,"Forestry",462026
1317,12,"Forestry",462026
1317,13,"Forestry",44712
1317,14,"Forestry",44712
1317,15,"Forestry",931504
1317,16,"Forestry",13175199
1317,20,"Fruit",2283
1317,21,"Fruit",4564
1317,23,"Veges",6300643
1318,2,"Beef",194086
1318,3,"Beef",194086
1318,4,"Beef",581775
1318,8,"Sheepmeat",174890
1318,9,"Sheepmeat",162519
1318,10,"Sheepmeat",162519
1318,11,"Forestry",8949
1318,12,"Forestry",8949
1318,13,"Forestry",866
1318,14,"Forestry",866
1318,15,"Forestry",18042
1318,16,"Forestry",255188
1318,23,"Veges",754266
1318,24,"Veges",729130
1318,25,"Veges",729130
1318,26,"Veges",301726
1320,2,"Beef",109738
1320,3,"Beef",109738
1320,4,"Beef",328942
1320,8,"Sheepmeat",924083
1320,9,"Sheepmeat",858714
1320,10,"Sheepmeat",858714
1320,11,"Forestry",187257
1320,12,"Forestry",187257
1320,13,"Forestry",18122
1320,14,"Forestry",18122
1320,15,"Forestry",377533
1320,16,"Forestry",5339831
1321,2,"Beef",80647
1321,3,"Beef",80647
1321,4,"Beef",241740
1321,8,"Sheepmeat",69756
1321,9,"Sheepmeat",64821
1321,10,"Sheepmeat",64821
1322,2,"Beef",1531
1322,3,"Beef",1531
1322,4,"Beef",4588
1322,8,"Sheepmeat",1251
1322,9,"Sheepmeat",1163
1322,10,"Sheepmeat",1163
1324,2,"Beef",1808156
1324,3,"Beef",1808156
1324,4,"Beef",5419970
1324,8,"Sheepmeat",4671334
1324,9,"Sheepmeat",4470514
1324,10,"Sheepmeat",4470514
1324,11,"Forestry",1379424
1324,12,"Forestry",1379424
1324,13,"Forestry",133493
1324,14,"Forestry",133493
1324,15,"Forestry",2781097
1324,16,"Forestry",39335833
1324,20,"Fruit",2283
1324,21,"Fruit",4564
1324,23,"Veges",6300643
1325,2,"Beef",20072
1325,3,"Beef",20072
1325,4,"Beef",60166
1325,8,"Sheepmeat",15712
1325,9,"Sheepmeat",14601
1325,10,"Sheepmeat",14601
1327,2,"Beef",97817
1327,3,"Beef",97817
1327,4,"Beef",293208
1327,8,"Sheepmeat",78190
1327,9,"Sheepmeat",72659
1327,10,"Sheepmeat",72659
1327,11,"Forestry",1128
1327,12,"Forestry",1128
1327,13,"Forestry",109
1327,14,"Forestry",109
1327,15,"Forestry",2275
1327,16,"Forestry",32175
1328,8,"Sheepmeat",508
1328,9,"Sheepmeat",472
1328,10,"Sheepmeat",472
1329,2,"Beef",10
1329,3,"Beef",10
1329,4,"Beef",30
1329,8,"Sheepmeat",868
1329,9,"Sheepmeat",806
1329,10,"Sheepmeat",806
1329,11,"Forestry",11819
1329,12,"Forestry",11819
1329,13,"Forestry",1144
1329,14,"Forestry",1144
1329,15,"Forestry",23829
1329,16,"Forestry",337035
1330,2,"Beef",243
1330,3,"Beef",243
1330,4,"Beef",727
1330,8,"Sheepmeat",188
1330,9,"Sheepmeat",174
1330,10,"Sheepmeat",174
1331,2,"Beef",3674
1331,3,"Beef",3674
1331,4,"Beef",11013
1331,8,"Sheepmeat",15118
1331,9,"Sheepmeat",14049
1331,10,"Sheepmeat",14049
1331,11,"Forestry",2144
1331,12,"Forestry",2144
1331,13,"Forestry",207
1331,14,"Forestry",207
1331,15,"Forestry",4322
1331,16,"Forestry",61132
1332,2,"Beef",10594
1332,3,"Beef",10594
1332,4,"Beef",31754
1332,8,"Sheepmeat",21621
1332,9,"Sheepmeat",20091
1332,10,"Sheepmeat",20091
1332,11,"Forestry",6596
1332,12,"Forestry",6596
1332,13,"Forestry",638
1332,14,"Forestry",638
1332,15,"Forestry",13299
1332,16,"Forestry",188099
1333,2,"Beef",4206
1333,3,"Beef",4206
1333,4,"Beef",12606
1333,8,"Sheepmeat",16679
1333,9,"Sheepmeat",15499
1333,10,"Sheepmeat",15499
1333,11,"Forestry",6017
1333,12,"Forestry",6017
1333,13,"Forestry",582
1333,14,"Forestry",582
1333,15,"Forestry",12131
1333,16,"Forestry",171577
1334,2,"Beef",552
1334,3,"Beef",552
1334,4,"Beef",1655
1334,8,"Sheepmeat",427
1334,9,"Sheepmeat",397
1334,10,"Sheepmeat",397
1335,2,"Beef",9151
1335,3,"Beef",9151
1335,4,"Beef",27429
1335,8,"Sheepmeat",27814
1335,9,"Sheepmeat",25846
1335,10,"Sheepmeat",25846
1335,11,"Forestry",8437
1335,12,"Forestry",8437
1335,13,"Forestry",817
1335,14,"Forestry",817
1335,15,"Forestry",17011
1335,16,"Forestry",240600
1336,2,"Beef",20932
1336,3,"Beef",20932
1336,4,"Beef",62745
1336,8,"Sheepmeat",87797
1336,9,"Sheepmeat",81586
1336,10,"Sheepmeat",81586
1336,11,"Forestry",475
1336,12,"Forestry",475
1336,13,"Forestry",46
1336,14,"Forestry",46
1336,15,"Forestry",958
1336,16,"Forestry",13554
1337,2,"Beef",3831
1337,3,"Beef",3831
1337,4,"Beef",11482
1337,8,"Sheepmeat",157700
1337,9,"Sheepmeat",16916
1337,10,"Sheepmeat",16916
1337,11,"Forestry",101295
1337,12,"Forestry",101295
1337,13,"Forestry",9803
1337,14,"Forestry",9803
1337,15,"Forestry",204223
1337,16,"Forestry",2888530
1337,20,"Fruit",2283
1337,21,"Fruit",4564
1337,23,"Veges",6300643
1338,2,"Beef",655341
1338,3,"Beef",655341
1338,4,"Beef",1964392
1338,8,"Sheepmeat",1338271
1338,9,"Sheepmeat",1243602
1338,10,"Sheepmeat",1243602
1338,11,"Forestry",272498
1338,12,"Forestry",272498
1338,13,"Forestry",26371
1338,14,"Forestry",26371
1338,15,"Forestry",549391
1338,16,"Forestry",7770582
1339,2,"Beef",29423
1339,3,"Beef",29423
1339,4,"Beef",88195
1339,8,"Sheepmeat",115321
1339,9,"Sheepmeat",107163
1339,10,"Sheepmeat",107163
1339,11,"Forestry",37363
1339,12,"Forestry",37363
1339,13,"Forestry",3616
1339,14,"Forestry",3616
1339,15,"Forestry",75328
1339,16,"Forestry",1065441
1340,2,"Beef",92188
1340,3,"Beef",92188
1340,4,"Beef",276334
1340,8,"Sheepmeat",207325
1340,9,"Sheepmeat",192659
1340,10,"Sheepmeat",192659
1340,11,"Forestry",49425
1340,12,"Forestry",49425
1340,13,"Forestry",4783
1340,14,"Forestry",4783
1340,15,"Forestry",99646
1340,16,"Forestry",1409396
1342,2,"Beef",845
1342,3,"Beef",845
1342,4,"Beef",2534
1342,8,"Sheepmeat",654
1342,9,"Sheepmeat",608
1342,10,"Sheepmeat",608
1343,1,"Dairy",6465984
1343,2,"Beef",8403
1343,3,"Beef",8403
1343,4,"Beef",25188
1343,8,"Sheepmeat",22011
1343,9,"Sheepmeat",6041
1343,10,"Sheepmeat",6041
1343,11,"Forestry",162
1343,12,"Forestry",162
1343,13,"Forestry",407
1343,14,"Forestry",9
1343,15,"Forestry",1300
1343,16,"Forestry",171621493
1343,17,"Fruit",14307572
1343,18,"Fruit",14307572
1343,19,"Fruit",31438342
1343,24,"Veges",32964403
1343,25,"Veges",32964403
1343,26,"Veges",13641183
1344,2,"Beef",91614
1344,3,"Beef",91614
1344,4,"Beef",274613
1344,8,"Sheepmeat",685055
1344,9,"Sheepmeat",636595
1344,10,"Sheepmeat",636595
1344,11,"Forestry",116425
1344,12,"Forestry",116425
1344,13,"Forestry",11267
1344,14,"Forestry",11267
1344,15,"Forestry",234728
1344,16,"Forestry",3319998
1345,2,"Beef",4142
1345,3,"Beef",4142
1345,4,"Beef",12415
1345,8,"Sheepmeat",11749
1345,9,"Sheepmeat",10918
1345,10,"Sheepmeat",10918
1345,11,"Forestry",52
1345,12,"Forestry",52
1345,13,"Forestry",5
1345,14,"Forestry",5
1345,15,"Forestry",104
1345,16,"Forestry",1470
1346,2,"Beef",1352
1346,3,"Beef",1352
1346,4,"Beef",4051
1346,8,"Sheepmeat",3407
1346,9,"Sheepmeat",3166
1346,10,"Sheepmeat",3166
1346,11,"Forestry",14079
1346,12,"Forestry",14079
1346,13,"Forestry",1362
1346,14,"Forestry",1362
1346,15,"Forestry",28385
1346,16,"Forestry",401473
1347,2,"Beef",1184
1347,3,"Beef",1184
1347,4,"Beef",3548
1347,8,"Sheepmeat",916
1347,9,"Sheepmeat",851
1347,10,"Sheepmeat",851
1347,11,"Forestry",66
1347,12,"Forestry",66
1347,13,"Forestry",6
1347,14,"Forestry",6
1347,15,"Forestry",132
1347,16,"Forestry",1870
1348,2,"Beef",1857
1348,3,"Beef",1857
1348,4,"Beef",5567
1348,8,"Sheepmeat",1437
1348,9,"Sheepmeat",1335
1348,10,"Sheepmeat",1335
1349,2,"Beef",2466
1349,3,"Beef",2466
1349,4,"Beef",7391
1349,8,"Sheepmeat",4767
1349,9,"Sheepmeat",4430
1349,10,"Sheepmeat",4430
1349,11,"Forestry",22854
1349,12,"Forestry",22854
1349,13,"Forestry",2212
1349,14,"Forestry",2212
1349,15,"Forestry",46076
1349,16,"Forestry",651698
1351,8,"Sheepmeat",2
1351,9,"Sheepmeat",2
1351,10,"Sheepmeat",2
1353,8,"Sheepmeat",1182
1353,9,"Sheepmeat",1098
1353,10,"Sheepmeat",1098
1354,8,"Sheepmeat",225
1354,9,"Sheepmeat",209
1354,10,"Sheepmeat",209
1355,2,"Beef",10
1355,3,"Beef",10
1355,4,"Beef",30
1355,8,"Sheepmeat",849
1355,9,"Sheepmeat",789
1355,10,"Sheepmeat",789
1355,11,"Forestry",11819
1355,12,"Forestry",11819
1355,13,"Forestry",1144
1355,14,"Forestry",1144
1355,15,"Forestry",23829
1355,16,"Forestry",337035
1356,8,"Sheepmeat",225
1356,9,"Sheepmeat",209
1356,10,"Sheepmeat",209
1358,2,"Beef",5828
1358,3,"Beef",5828
1358,4,"Beef",17468
1358,8,"Sheepmeat",59299
1358,9,"Sheepmeat",55104
1358,10,"Sheepmeat",55104
1358,11,"Forestry",617
1358,12,"Forestry",617
1358,13,"Forestry",60
1358,14,"Forestry",60
1358,15,"Forestry",1244
1358,16,"Forestry",17601
1359,8,"Sheepmeat",1184
1359,9,"Sheepmeat",1100
1359,10,"Sheepmeat",1100
1360,2,"Beef",7408
1360,3,"Beef",7408
1360,4,"Beef",22206
1360,8,"Sheepmeat",5731
1360,9,"Sheepmeat",5326
1360,10,"Sheepmeat",5326
1360,11,"Forestry",592
1360,12,"Forestry",592
1360,13,"Forestry",57
1360,14,"Forestry",57
1360,15,"Forestry",1194
1360,16,"Forestry",16891
1362,2,"Beef",6371
1362,3,"Beef",6371
1362,4,"Beef",19098
1362,8,"Sheepmeat",9764
1362,9,"Sheepmeat",9073
1362,10,"Sheepmeat",9073
1362,11,"Forestry",181
1362,12,"Forestry",181
1362,13,"Forestry",17
1362,14,"Forestry",17
1362,15,"Forestry",364
1362,16,"Forestry",5152
1363,2,"Beef",1000
1363,3,"Beef",1000
1363,4,"Beef",2996
1363,8,"Sheepmeat",773
1363,9,"Sheepmeat",719
1363,10,"Sheepmeat",719
1364,2,"Beef",32536
1364,3,"Beef",32536
1364,4,"Beef",97527
1364,8,"Sheepmeat",545420
1364,9,"Sheepmeat",506837
1364,10,"Sheepmeat",506837
1364,11,"Forestry",25296
1364,12,"Forestry",25296
1364,13,"Forestry",2448
1364,14,"Forestry",2448
1364,15,"Forestry",51000
1364,16,"Forestry",721345
1367,2,"Beef",623
1367,3,"Beef",623
1367,4,"Beef",1866
1367,8,"Sheepmeat",496
1367,9,"Sheepmeat",461
1367,10,"Sheepmeat",461
1367,11,"Forestry",53
1367,12,"Forestry",53
1367,13,"Forestry",5
1367,14,"Forestry",5
1367,15,"Forestry",106
1367,16,"Forestry",1502
1368,2,"Beef",18061
1368,3,"Beef",18061
1368,4,"Beef",54139
1368,8,"Sheepmeat",14029
1368,9,"Sheepmeat",13036
1368,10,"Sheepmeat",13036
1368,11,"Forestry",20
1368,12,"Forestry",20
1368,13,"Forestry",2
1368,14,"Forestry",2
1368,15,"Forestry",41
1368,16,"Forestry",574
1369,2,"Beef",2287
1369,3,"Beef",2287
1369,4,"Beef",6856
1369,8,"Sheepmeat",1770
1369,9,"Sheepmeat",1644
1369,10,"Sheepmeat",1644
1372,2,"Beef",169214
1372,3,"Beef",169214
1372,4,"Beef",507221
1372,8,"Sheepmeat",331880
1372,9,"Sheepmeat",308403
1372,10,"Sheepmeat",308403
1372,11,"Forestry",10822
1372,12,"Forestry",10822
1372,13,"Forestry",1047
1372,14,"Forestry",1047
1372,15,"Forestry",21818
1372,16,"Forestry",308589
1373,2,"Beef",3704
1373,3,"Beef",3704
1373,4,"Beef",11103
1373,8,"Sheepmeat",6454
1373,9,"Sheepmeat",5998
1373,10,"Sheepmeat",5998
1373,11,"Forestry",34
1373,12,"Forestry",34
1373,13,"Forestry",3
1373,14,"Forestry",3
1373,15,"Forestry",69
1373,16,"Forestry",980
1374,2,"Beef",299709
1374,3,"Beef",299709
1374,4,"Beef",898381
1374,8,"Sheepmeat",600099
1374,9,"Sheepmeat",557648
1374,10,"Sheepmeat",557648
1374,11,"Forestry",34289
1374,12,"Forestry",34289
1374,13,"Forestry",3318
1374,14,"Forestry",3318
1374,15,"Forestry",69132
1374,16,"Forestry",977798
1375,2,"Beef",127923
1375,3,"Beef",127923
1375,4,"Beef",383451
1375,8,"Sheepmeat",129788
1375,9,"Sheepmeat",120607
1375,10,"Sheepmeat",120607
1376,2,"Beef",928926
1376,3,"Beef",928926
1376,4,"Beef",2784467
1376,8,"Sheepmeat",1426360
1376,9,"Sheepmeat",1325460
1376,10,"Sheepmeat",1325460
1376,11,"Forestry",70809
1376,12,"Forestry",70809
1376,13,"Forestry",6852
1376,14,"Forestry",6852
1376,15,"Forestry",142759
1376,16,"Forestry",2019188
1376,23,"Veges",1812610
1376,24,"Veges",1752205
1376,25,"Veges",1752205
1376,26,"Veges",725090
1377,2,"Beef",911394
1377,3,"Beef",911394
1377,4,"Beef",2731915
1377,8,"Sheepmeat",1404293
1377,9,"Sheepmeat",1304954
1377,10,"Sheepmeat",1304954
1377,11,"Forestry",70250
1377,12,"Forestry",70250
1377,13,"Forestry",6798
1377,14,"Forestry",6798
1377,15,"Forestry",141632
1377,16,"Forestry",2003244
1377,23,"Veges",1812610
1377,24,"Veges",1752205
1377,25,"Veges",1752205
1377,26,"Veges",725090
1378,2,"Beef",896925
1378,3,"Beef",896925
1378,4,"Beef",2688543
1378,8,"Sheepmeat",1390207
1378,9,"Sheepmeat",1291864
1378,10,"Sheepmeat",1291864
1378,11,"Forestry",47368
1378,12,"Forestry",47368
1378,13,"Forestry",4584
1378,14,"Forestry",4584
1378,15,"Forestry",95499
1378,16,"Forestry",1350739
1378,23,"Veges",1812610
1378,24,"Veges",1752205
1378,25,"Veges",1752205
1378,26,"Veges",725090
1379,2,"Beef",585061
1379,3,"Beef",585061
1379,4,"Beef",1753728
1379,8,"Sheepmeat",778924
1379,9,"Sheepmeat",723823
1379,10,"Sheepmeat",723823
1379,11,"Forestry",13078
1379,12,"Forestry",13078
1379,13,"Forestry",1266
1379,14,"Forestry",1266
1379,15,"Forestry",26367
1379,16,"Forestry",372941
1379,23,"Veges",1812610
1379,24,"Veges",1752205
1379,25,"Veges",1752205
1379,26,"Veges",725090
1380,2,"Beef",528892
1380,3,"Beef",528892
1380,4,"Beef",1585360
1380,8,"Sheepmeat",735306
1380,9,"Sheepmeat",683291
1380,10,"Sheepmeat",683291
1380,11,"Forestry",13058
1380,12,"Forestry",13058
1380,13,"Forestry",1264
1380,14,"Forestry",1264
1380,15,"Forestry",26327
1380,16,"Forestry",372367
1380,23,"Veges",1812610
1380,24,"Veges",1752205
1380,25,"Veges",1752205
1380,26,"Veges",725090
1381,2,"Beef",12041
1381,3,"Beef",12041
1381,4,"Beef",36092
1381,8,"Sheepmeat",9500
1381,9,"Sheepmeat",8828
1381,10,"Sheepmeat",8828
1381,11,"Forestry",130
1381,12,"Forestry",130
1381,13,"Forestry",13
1381,14,"Forestry",13
1381,15,"Forestry",262
1381,16,"Forestry",3700
1382,2,"Beef",29042
1382,3,"Beef",29042
1382,4,"Beef",87052
1382,8,"Sheepmeat",98090
1382,9,"Sheepmeat",91151
1382,10,"Sheepmeat",91151
1382,11,"Forestry",169903
1382,12,"Forestry",169903
1382,13,"Forestry",16442
1382,14,"Forestry",16442
1382,15,"Forestry",342547
1382,16,"Forestry",4844978
1383,2,"Beef",10492
1383,3,"Beef",10492
1383,4,"Beef",31449
1383,8,"Sheepmeat",8443
1383,9,"Sheepmeat",7846
1383,10,"Sheepmeat",7846
1383,11,"Forestry",3
1383,12,"Forestry",3
1383,13,"Forestry",0
1383,14,"Forestry",0
1383,15,"Forestry",5
1383,16,"Forestry",73
1384,2,"Beef",44718
1384,3,"Beef",44718
1384,4,"Beef",134044
1384,8,"Sheepmeat",132495
1384,9,"Sheepmeat",123123
1384,10,"Sheepmeat",123123
1384,11,"Forestry",937
1384,12,"Forestry",937
1384,13,"Forestry",91
1384,14,"Forestry",91
1384,15,"Forestry",1889
1384,16,"Forestry",26721
1385,2,"Beef",31231
1385,3,"Beef",31231
1385,4,"Beef",93614
1385,8,"Sheepmeat",24161
1385,9,"Sheepmeat",22452
1385,10,"Sheepmeat",22452
1385,23,"Veges",378945
1385,24,"Veges",366317
1385,25,"Veges",366317
1385,26,"Veges",151588
1386,2,"Beef",57318
1386,3,"Beef",57318
1386,4,"Beef",171811
1386,8,"Sheepmeat",61157
1386,9,"Sheepmeat",56831
1386,10,"Sheepmeat",56831
1386,11,"Forestry",411
1386,12,"Forestry",411
1386,13,"Forestry",40
1386,14,"Forestry",40
1386,15,"Forestry",828
1386,16,"Forestry",11714
1386,23,"Veges",22490
1386,24,"Veges",21741
1386,25,"Veges",21741
1386,26,"Veges",8997
1387,2,"Beef",13282
1387,3,"Beef",13282
1387,4,"Beef",39812
1387,8,"Sheepmeat",10373
1387,9,"Sheepmeat",9639
1387,10,"Sheepmeat",9639
1388,2,"Beef",8830
1388,3,"Beef",8830
1388,4,"Beef",26469
1388,8,"Sheepmeat",15110
1388,9,"Sheepmeat",14041
1388,10,"Sheepmeat",14041
1389,2,"Beef",6457
1389,3,"Beef",6457
1389,4,"Beef",19355
1389,8,"Sheepmeat",12108
1389,9,"Sheepmeat",11251
1389,10,"Sheepmeat",11251
1390,1,"Dairy",294373
1390,2,"Beef",46907
1390,3,"Beef",46907
1390,4,"Beef",140606
1390,5,"Beef",8405
1390,6,"Beef",8405
1390,7,"Beef",25193
1390,8,"Sheepmeat",40225
1390,9,"Sheepmeat",37380
1390,10,"Sheepmeat",37380
1390,23,"Veges",189937
1390,24,"Veges",183607
1390,25,"Veges",183607
1390,26,"Veges",75980
1391,1,"Dairy",10
1391,2,"Beef",173772
1391,3,"Beef",173772
1391,4,"Beef",520884
1391,5,"Beef",0
1391,6,"Beef",0
1391,7,"Beef",1
1391,8,"Sheepmeat",328552
1391,9,"Sheepmeat",305311
1391,10,"Sheepmeat",305311
1391,11,"Forestry",10550
1391,12,"Forestry",10550
1391,13,"Forestry",1021
1391,14,"Forestry",1021
1391,15,"Forestry",21271
1391,16,"Forestry",300859
1391,23,"Veges",213235
1391,24,"Veges",206129
1391,25,"Veges",206129
1391,26,"Veges",85299
1392,2,"Beef",297347
1392,3,"Beef",297347
1392,4,"Beef",891301
1392,8,"Sheepmeat",598167
1392,9,"Sheepmeat",555853
1392,10,"Sheepmeat",555853
1392,11,"Forestry",34095
1392,12,"Forestry",34095
1392,13,"Forestry",3299
1392,14,"Forestry",3299
1392,15,"Forestry",68740
1392,16,"Forestry",972252
1393,2,"Beef",144
1393,3,"Beef",144
1393,4,"Beef",432
1393,8,"Sheepmeat",5285
1393,9,"Sheepmeat",4911
1393,10,"Sheepmeat",4911
1393,11,"Forestry",14849
1393,12,"Forestry",14849
1393,13,"Forestry",1437
1393,14,"Forestry",1437
1393,15,"Forestry",29938
1393,16,"Forestry",423450
1394,1,"Dairy",278
1394,2,"Beef",34622
1394,3,"Beef",34622
1394,4,"Beef",103779
1394,5,"Beef",8
1394,6,"Beef",8
1394,7,"Beef",24
1394,8,"Sheepmeat",85719
1394,9,"Sheepmeat",79655
1394,10,"Sheepmeat",79655
1394,11,"Forestry",1042
1394,12,"Forestry",1042
1394,13,"Forestry",101
1394,14,"Forestry",101
1394,15,"Forestry",2101
1394,16,"Forestry",29713
1394,17,"Fruit",293993
1394,18,"Fruit",293993
1394,19,"Fruit",645998
1394,20,"Fruit",37930
1394,21,"Fruit",75837
1394,22,"Fruit",18954
1394,23,"Veges",451544
1394,24,"Veges",436496
1394,25,"Veges",436496
1394,26,"Veges",180629
1397,2,"Beef",511547
1397,3,"Beef",511547
1397,4,"Beef",1533367
1397,8,"Sheepmeat",1480899
1397,9,"Sheepmeat",1376141
1397,10,"Sheepmeat",1376141
1397,11,"Forestry",280284
1397,12,"Forestry",280284
1397,13,"Forestry",27124
1397,14,"Forestry",27124
1397,15,"Forestry",565088
1397,16,"Forestry",7992610
1397,23,"Veges",170209
1397,24,"Veges",164536
1397,25,"Veges",164536
1397,26,"Veges",68088
1398,2,"Beef",135775
1398,3,"Beef",135775
1398,4,"Beef",406988
1398,8,"Sheepmeat",284108
1398,9,"Sheepmeat",264010
1398,10,"Sheepmeat",264010
1398,11,"Forestry",91947
1398,12,"Forestry",91947
1398,13,"Forestry",8898
1398,14,"Forestry",8898
1398,15,"Forestry",185376
1398,16,"Forestry",2621959
1398,23,"Veges",71702
1398,24,"Veges",69313
1398,25,"Veges",69313
1398,26,"Veges",28683
1411,2,"Beef",275
1411,3,"Beef",275
1411,4,"Beef",824
1411,8,"Sheepmeat",213
1411,9,"Sheepmeat",198
1411,10,"Sheepmeat",198
1411,17,"Fruit",584291
1411,18,"Fruit",584291
1411,19,"Fruit",1283875
1411,20,"Fruit",75382
1411,21,"Fruit",150721
1411,22,"Fruit",37669
1411,23,"Veges",153019
1411,24,"Veges",147920
1411,25,"Veges",147920
1411,26,"Veges",61212
1413,20,"Fruit",532809
1413,21,"Fruit",155468
1413,23,"Veges",11006003
1414,2,"Beef",289
1414,3,"Beef",289
1414,4,"Beef",866
1414,8,"Sheepmeat",8077
1414,9,"Sheepmeat",7505
1414,10,"Sheepmeat",7505
1414,11,"Forestry",118
1414,12,"Forestry",118
1414,13,"Forestry",11
1414,14,"Forestry",11
1414,15,"Forestry",238
1414,16,"Forestry",3368
1415,2,"Beef",1050
1415,3,"Beef",1050
1415,4,"Beef",3146
1415,8,"Sheepmeat",812
1415,9,"Sheepmeat",755
1415,10,"Sheepmeat",755
1416,2,"Beef",5591
1416,3,"Beef",5591
1416,4,"Beef",16759
1416,8,"Sheepmeat",4325
1416,9,"Sheepmeat",4019
1416,10,"Sheepmeat",4019
1418,2,"Beef",7902
1418,3,"Beef",7902
1418,4,"Beef",23687
1418,8,"Sheepmeat",6247
1418,9,"Sheepmeat",5805
1418,10,"Sheepmeat",5805
1419,2,"Beef",25115
1419,3,"Beef",25115
1419,4,"Beef",75281
1419,8,"Sheepmeat",35577
1419,9,"Sheepmeat",33061
1419,10,"Sheepmeat",33061
1419,11,"Forestry",192
1419,12,"Forestry",192
1419,13,"Forestry",19
1419,14,"Forestry",19
1419,15,"Forestry",388
1419,16,"Forestry",5485
1419,17,"Fruit",48
1419,18,"Fruit",48
1419,19,"Fruit",105
1419,20,"Fruit",6
1419,21,"Fruit",12
1419,22,"Fruit",3
1421,2,"Beef",13849
1421,3,"Beef",13849
1421,4,"Beef",41511
1421,8,"Sheepmeat",54885
1421,9,"Sheepmeat",51003
1421,10,"Sheepmeat",51003
1421,11,"Forestry",135
1421,12,"Forestry",135
1421,13,"Forestry",13
1421,14,"Forestry",13
1421,15,"Forestry",272
1421,16,"Forestry",3852
1422,2,"Beef",22124
1422,3,"Beef",22124
1422,4,"Beef",66316
1422,8,"Sheepmeat",180749
1422,9,"Sheepmeat",167963
1422,10,"Sheepmeat",167963
1423,2,"Beef",78563
1423,3,"Beef",78563
1423,4,"Beef",235493
1423,8,"Sheepmeat",68294
1423,9,"Sheepmeat",63463
1423,10,"Sheepmeat",63463
1424,2,"Beef",19915
1424,3,"Beef",19915
1424,4,"Beef",59696
1424,8,"Sheepmeat",24629
1424,9,"Sheepmeat",22887
1424,10,"Sheepmeat",22887
1424,11,"Forestry",225
1424,12,"Forestry",225
1424,13,"Forestry",22
1424,14,"Forestry",22
1424,15,"Forestry",454
1424,16,"Forestry",6417
1426,2,"Beef",516
1426,3,"Beef",516
1426,4,"Beef",1546
1426,8,"Sheepmeat",399
1426,9,"Sheepmeat",371
1426,10,"Sheepmeat",371
1426,17,"Fruit",436216
1426,18,"Fruit",436216
1426,19,"Fruit",958507
1426,20,"Fruit",56279
1426,21,"Fruit",112524
1426,22,"Fruit",28123
1426,23,"Veges",421568
1426,24,"Veges",407520
1426,25,"Veges",407520
1426,26,"Veges",168638
1427,2,"Beef",29262
1427,3,"Beef",29262
1427,4,"Beef",87715
1427,8,"Sheepmeat",78270
1427,9,"Sheepmeat",72733
1427,10,"Sheepmeat",72733
1427,11,"Forestry",2934
1427,12,"Forestry",2934
1427,13,"Forestry",284
1427,14,"Forestry",284
1427,15,"Forestry",5916
1427,16,"Forestry",83672
1428,8,"Sheepmeat",5839
1428,17,"Fruit",207208
1428,18,"Fruit",207208
1428,19,"Fruit",455302
1428,24,"Veges",380788
1428,25,"Veges",380788
1428,26,"Veges",157576
1429,2,"Beef",3357
1429,3,"Beef",3357
1429,4,"Beef",10063
1429,8,"Sheepmeat",2617
1429,9,"Sheepmeat",2432
1429,10,"Sheepmeat",2432
1429,17,"Fruit",661328
1429,18,"Fruit",661328
1429,19,"Fruit",1453149
1429,20,"Fruit",85321
1429,21,"Fruit",170593
1429,22,"Fruit",42636
1429,23,"Veges",1138297
1429,24,"Veges",1100363
1429,25,"Veges",1100363
1429,26,"Veges",455348
1430,2,"Beef",4654
1430,3,"Beef",4654
1430,4,"Beef",13950
1430,8,"Sheepmeat",3620
1430,9,"Sheepmeat",3364
1430,10,"Sheepmeat",3364
1430,17,"Fruit",774276
1430,18,"Fruit",774276
1430,19,"Fruit",1701334
1430,20,"Fruit",99893
1430,21,"Fruit",199729
1430,22,"Fruit",49918
1430,23,"Veges",1296172
1430,24,"Veges",1252977
1430,25,"Veges",1252977
1430,26,"Veges",518502
1431,1,"Dairy",2114623
1431,2,"Beef",11482431
1431,3,"Beef",11482431
1431,4,"Beef",34418730
1431,5,"Beef",60413
1431,6,"Beef",60413
1431,7,"Beef",181088
1431,8,"Sheepmeat",26521573
1431,9,"Sheepmeat",24646463
1431,10,"Sheepmeat",24646463
1431,11,"Forestry",903605
1431,12,"Forestry",903605
1431,13,"Forestry",87446
1431,14,"Forestry",87446
1431,15,"Forestry",1821785
1431,16,"Forestry",25767327
1431,17,"Fruit",5071162
1431,18,"Fruit",5071162
1431,19,"Fruit",11142976
1431,20,"Fruit",654257
1431,21,"Fruit",1308133
1431,22,"Fruit",326938
1431,23,"Veges",5746960
1431,24,"Veges",5555443
1431,25,"Veges",5555443
1431,26,"Veges",2298929
1432,2,"Beef",22506
1432,3,"Beef",22506
1432,4,"Beef",67461
1432,8,"Sheepmeat",17411
1432,9,"Sheepmeat",16180
1432,10,"Sheepmeat",16180
1432,17,"Fruit",722960
1432,18,"Fruit",722960
1432,19,"Fruit",1588575
1432,20,"Fruit",93273
1432,21,"Fruit",186491
1432,22,"Fruit",46609
1432,23,"Veges",184184
1432,24,"Veges",178046
1432,25,"Veges",178046
1432,26,"Veges",73678
1435,1,"Dairy",2114623
1435,2,"Beef",11467948
1435,3,"Beef",11467948
1435,4,"Beef",34375318
1435,5,"Beef",60413
1435,6,"Beef",60413
1435,7,"Beef",181088
1435,8,"Sheepmeat",26511460
1435,9,"Sheepmeat",24636051
1435,10,"Sheepmeat",24636051
1435,11,"Forestry",903604
1435,12,"Forestry",903604
1435,13,"Forestry",87446
1435,14,"Forestry",87446
1435,15,"Forestry",1821781
1435,16,"Forestry",25767275
1435,17,"Fruit",3659831
1435,18,"Fruit",3659831
1435,19,"Fruit",8041827
1435,20,"Fruit",472174
1435,21,"Fruit",944073
1435,22,"Fruit",235949
1435,23,"Veges",4819550
1435,24,"Veges",4658939
1435,25,"Veges",4658939
1435,26,"Veges",1927942
1436,1,"Dairy",2114623
1436,2,"Beef",11467022
1436,3,"Beef",11467022
1436,4,"Beef",34372540
1436,5,"Beef",60413
1436,6,"Beef",60413
1436,7,"Beef",181088
1436,8,"Sheepmeat",26510743
1436,9,"Sheepmeat",24635385
1436,10,"Sheepmeat",24635385
1436,11,"Forestry",903604
1436,12,"Forestry",903604
1436,13,"Forestry",87446
1436,14,"Forestry",87446
1436,15,"Forestry",1821781
1436,16,"Forestry",25767275
1436,17,"Fruit",2826279
1436,18,"Fruit",2826279
1436,19,"Fruit",6210244
1436,20,"Fruit",364633
1436,21,"Fruit",729054
1436,22,"Fruit",182210
1436,23,"Veges",4702633
1436,24,"Veges",4545918
1436,25,"Veges",4545918
1436,26,"Veges",1881172
1437,1,"Dairy",15141
1437,2,"Beef",5085940
1437,3,"Beef",5085940
1437,4,"Beef",15245167
1437,5,"Beef",432
1437,6,"Beef",432
1437,7,"Beef",1296
1437,8,"Sheepmeat",10452845
1437,9,"Sheepmeat",9713416
1437,10,"Sheepmeat",9713416
1437,11,"Forestry",591519
1437,12,"Forestry",591519
1437,13,"Forestry",57244
1437,14,"Forestry",57244
1437,15,"Forestry",1192579
1437,16,"Forestry",16867832
1437,17,"Fruit",269934
1437,18,"Fruit",269934
1437,19,"Fruit",593132
1437,20,"Fruit",34826
1437,21,"Fruit",69631
1437,22,"Fruit",17403
1437,23,"Veges",90192
1437,24,"Veges",87187
1437,25,"Veges",87187
1437,26,"Veges",36079
1438,2,"Beef",4577682
1438,3,"Beef",4577682
1438,4,"Beef",13721659
1438,8,"Sheepmeat",9705598
1438,9,"Sheepmeat",9019028
1438,10,"Sheepmeat",9019028
1438,11,"Forestry",545442
1438,12,"Forestry",545442
1438,13,"Forestry",52785
1438,14,"Forestry",52785
1438,15,"Forestry",1099681
1438,16,"Forestry",15553886
1439,2,"Beef",6095
1439,3,"Beef",6095
1439,4,"Beef",18269
1439,8,"Sheepmeat",4715
1439,9,"Sheepmeat",4382
1439,10,"Sheepmeat",4382
1439,17,"Fruit",138365
1439,18,"Fruit",138365
1439,19,"Fruit",304032
1439,20,"Fruit",17851
1439,21,"Fruit",35692
1439,22,"Fruit",8920
1439,23,"Veges",1231596
1439,24,"Veges",1190553
1439,25,"Veges",1190553
1439,26,"Veges",492670
1441,2,"Beef",4436663
1441,3,"Beef",4436663
1441,4,"Beef",13298954
1441,8,"Sheepmeat",9523421
1441,9,"Sheepmeat",8849738
1441,10,"Sheepmeat",8849738
1441,11,"Forestry",523657
1441,12,"Forestry",523657
1441,13,"Forestry",50677
1441,14,"Forestry",50677
1441,15,"Forestry",1055761
1441,16,"Forestry",14932681
1442,2,"Beef",3172558
1442,3,"Beef",3172558
1442,4,"Beef",9509782
1442,8,"Sheepmeat",7449278
1442,9,"Sheepmeat",6922320
1442,10,"Sheepmeat",6922320
1442,11,"Forestry",348143
1442,12,"Forestry",348143
1442,13,"Forestry",33691
1442,14,"Forestry",33691
1442,15,"Forestry",701901
1442,16,"Forestry",9927689
1443,2,"Beef",1777916
1443,3,"Beef",1777916
1443,4,"Beef",5329327
1443,8,"Sheepmeat",4703327
1443,9,"Sheepmeat",4370615
1443,10,"Sheepmeat",4370615
1443,11,"Forestry",323717
1443,12,"Forestry",323717
1443,13,"Forestry",31327
1443,14,"Forestry",31327
1443,15,"Forestry",652656
1443,16,"Forestry",9231166
1444,2,"Beef",1264111
1444,3,"Beef",1264111
1444,4,"Beef",3789188
1444,8,"Sheepmeat",2167652
1444,9,"Sheepmeat",2014313
1444,10,"Sheepmeat",2014313
1444,11,"Forestry",34442
1444,12,"Forestry",34442
1444,13,"Forestry",3333
1444,14,"Forestry",3333
1444,15,"Forestry",69439
1444,16,"Forestry",982151
1445,2,"Beef",40794
1445,3,"Beef",40794
1445,4,"Beef",122282
1445,8,"Sheepmeat",51144
1445,9,"Sheepmeat",47526
1445,10,"Sheepmeat",47526
1446,2,"Beef",31284
1446,3,"Beef",31284
1446,4,"Beef",93775
1446,8,"Sheepmeat",30516
1446,9,"Sheepmeat",28357
1446,10,"Sheepmeat",28357
1446,11,"Forestry",31
1446,12,"Forestry",31
1446,13,"Forestry",3
1446,14,"Forestry",3
1446,15,"Forestry",63
1446,16,"Forestry",888
1446,17,"Fruit",50937
1446,18,"Fruit",50937
1446,19,"Fruit",111925
1446,20,"Fruit",6572
1446,21,"Fruit",13139
1446,22,"Fruit",3284
1446,23,"Veges",423876
1446,24,"Veges",409750
1446,25,"Veges",409750
1446,26,"Veges",169561
1447,2,"Beef",37493
1447,3,"Beef",37493
1447,4,"Beef",112385
1447,8,"Sheepmeat",38178
1447,9,"Sheepmeat",35477
1447,10,"Sheepmeat",35477
1447,11,"Forestry",1
1447,12,"Forestry",1
1447,13,"Forestry",0
1447,14,"Forestry",0
1447,15,"Forestry",1
1447,16,"Forestry",18
1447,17,"Fruit",976946
1447,18,"Fruit",976946
1447,19,"Fruit",2146665
1447,20,"Fruit",126041
1447,21,"Fruit",252008
1447,22,"Fruit",62984
1447,23,"Veges",430540
1447,24,"Veges",416193
1447,25,"Veges",416193
1447,26,"Veges",172227
1448,2,"Beef",36844
1448,3,"Beef",36844
1448,4,"Beef",110441
1448,8,"Sheepmeat",37676
1448,9,"Sheepmeat",35011
1448,10,"Sheepmeat",35011
1448,11,"Forestry",1
1448,12,"Forestry",1
1448,13,"Forestry",0
1448,14,"Forestry",0
1448,15,"Forestry",1
1448,16,"Forestry",18
1448,17,"Fruit",620686
1448,18,"Fruit",620686
1448,19,"Fruit",1363846
1448,20,"Fruit",80078
1448,21,"Fruit",160109
1448,22,"Fruit",40016
1448,23,"Veges",249363
1448,24,"Veges",241053
1448,25,"Veges",241053
1448,26,"Veges",99752
1450,2,"Beef",1439867
1450,3,"Beef",1439867
1450,4,"Beef",4316019
1450,8,"Sheepmeat",2760147
1450,9,"Sheepmeat",2564895
1450,10,"Sheepmeat",2564895
1450,11,"Forestry",99319
1450,12,"Forestry",99319
1450,13,"Forestry",9612
1450,14,"Forestry",9612
1450,15,"Forestry",200240
1450,16,"Forestry",2832197
1453,2,"Beef",1521
1453,3,"Beef",1521
1453,4,"Beef",4560
1453,8,"Sheepmeat",1177
1453,9,"Sheepmeat",1094
1453,10,"Sheepmeat",1094
1453,17,"Fruit",14894
1453,18,"Fruit",14894
1453,19,"Fruit",32728
1453,20,"Fruit",1922
1453,21,"Fruit",3842
1453,22,"Fruit",960
1453,23,"Veges",42846
1453,24,"Veges",41418
1453,25,"Veges",41418
1453,26,"Veges",17139
1454,2,"Beef",5031
1454,3,"Beef",5031
1454,4,"Beef",15081
1454,8,"Sheepmeat",3892
1454,9,"Sheepmeat",3617
1454,10,"Sheepmeat",3617
1454,17,"Fruit",28019
1454,18,"Fruit",28019
1454,19,"Fruit",61567
1454,20,"Fruit",3615
1454,21,"Fruit",7228
1454,22,"Fruit",1806
1454,23,"Veges",86803
1454,24,"Veges",83910
1454,25,"Veges",83910
1454,26,"Veges",34723
1455,2,"Beef",1348485
1455,3,"Beef",1348485
1455,4,"Beef",4042102
1455,8,"Sheepmeat",2357998
1455,9,"Sheepmeat",2191194
1455,10,"Sheepmeat",2191194
1455,11,"Forestry",39520
1455,12,"Forestry",39520
1455,13,"Forestry",3825
1455,14,"Forestry",3825
1455,15,"Forestry",79678
1455,16,"Forestry",1126961
1456,1,"Dairy",103746
1456,2,"Beef",104633
1456,3,"Beef",104633
1456,4,"Beef",313638
1456,5,"Beef",2962
1456,6,"Beef",2962
1456,7,"Beef",8879
1456,8,"Sheepmeat",151610
1456,9,"Sheepmeat",140885
1456,10,"Sheepmeat",140885
1456,11,"Forestry",3189
1456,12,"Forestry",3189
1456,13,"Forestry",309
1456,14,"Forestry",309
1456,15,"Forestry",6430
1456,16,"Forestry",90947
1456,17,"Fruit",13920
1456,18,"Fruit",13920
1456,19,"Fruit",30586
1456,20,"Fruit",1796
1456,21,"Fruit",3591
1456,22,"Fruit",897
1456,23,"Veges",3726
1456,24,"Veges",3602
1456,25,"Veges",3602
1456,26,"Veges",1490
1457,1,"Dairy",42
1457,2,"Beef",39303
1457,3,"Beef",39303
1457,4,"Beef",117810
1457,5,"Beef",1
1457,6,"Beef",1
1457,7,"Beef",4
1457,8,"Sheepmeat",98147
1457,9,"Sheepmeat",91204
1457,10,"Sheepmeat",91204
1457,11,"Forestry",1839
1457,12,"Forestry",1839
1457,13,"Forestry",178
1457,14,"Forestry",178
1457,15,"Forestry",3708
1457,16,"Forestry",52440
1458,2,"Beef",2500
1458,3,"Beef",2500
1458,4,"Beef",7495
1458,8,"Sheepmeat",1934
1458,9,"Sheepmeat",1797
1458,10,"Sheepmeat",1797
1458,17,"Fruit",334430
1458,18,"Fruit",334430
1458,19,"Fruit",734849
1458,20,"Fruit",43147
1458,21,"Fruit",86268
1458,22,"Fruit",4361504
1458,23,"Veges",15683
1458,24,"Veges",15160
1458,25,"Veges",15160
1458,26,"Veges",6274
1459,2,"Beef",4641
1459,3,"Beef",4641
1459,4,"Beef",13913
1459,8,"Sheepmeat",3591
1459,9,"Sheepmeat",3337
1459,10,"Sheepmeat",3337
1459,17,"Fruit",283180
1459,18,"Fruit",283180
1459,19,"Fruit",622237
1459,20,"Fruit",36534
1459,21,"Fruit",73048
1459,22,"Fruit",18257
1459,23,"Veges",241713
1459,24,"Veges",233658
1459,25,"Veges",233658
1459,26,"Veges",96691
1460,2,"Beef",442231
1460,3,"Beef",442231
1460,4,"Beef",1325594
1460,8,"Sheepmeat",863635
1460,9,"Sheepmeat",802542
1460,10,"Sheepmeat",802542
1460,11,"Forestry",14784
1460,12,"Forestry",14784
1460,13,"Forestry",1431
1460,14,"Forestry",1431
1460,15,"Forestry",29806
1460,16,"Forestry",421571
1460,17,"Fruit",293503
1460,18,"Fruit",293503
1460,19,"Fruit",644921
1460,20,"Fruit",37866
1460,21,"Fruit",75711
1460,22,"Fruit",18922
1460,23,"Veges",5052
1460,24,"Veges",4884
1460,25,"Veges",4884
1460,26,"Veges",2021
1462,2,"Beef",13936
1462,3,"Beef",13936
1462,4,"Beef",41774
1462,8,"Sheepmeat",10781
1462,9,"Sheepmeat",10019
1462,10,"Sheepmeat",10019
1462,17,"Fruit",165691
1462,18,"Fruit",165691
1462,19,"Fruit",364076
1462,20,"Fruit",21377
1462,21,"Fruit",42741
1462,22,"Fruit",10682
1463,2,"Beef",65616
1463,3,"Beef",65616
1463,4,"Beef",196686
1463,8,"Sheepmeat",51037
1463,9,"Sheepmeat",47427
1463,10,"Sheepmeat",47427
1463,11,"Forestry",186
1463,12,"Forestry",186
1463,13,"Forestry",18
1463,14,"Forestry",18
1463,15,"Forestry",375
1463,16,"Forestry",5305
1463,23,"Veges",849363
1463,24,"Veges",821058
1463,25,"Veges",821058
1463,26,"Veges",339767
1464,2,"Beef",484
1464,3,"Beef",484
1464,4,"Beef",1451
1464,8,"Sheepmeat",9810
1464,9,"Sheepmeat",9116
1464,10,"Sheepmeat",9116
1464,11,"Forestry",35
1464,12,"Forestry",35
1464,13,"Forestry",3
1464,14,"Forestry",3
1464,15,"Forestry",71
1464,16,"Forestry",1006
1465,2,"Beef",30200
1465,3,"Beef",30200
1465,4,"Beef",90525
1465,8,"Sheepmeat",55584
1465,9,"Sheepmeat",51652
1465,10,"Sheepmeat",51652
1465,23,"Veges",255847
1465,24,"Veges",247321
1465,25,"Veges",247321
1465,26,"Veges",102345
1466,2,"Beef",3141
1466,3,"Beef",3141
1466,4,"Beef",9416
1466,8,"Sheepmeat",2430
1466,9,"Sheepmeat",2258
1466,10,"Sheepmeat",2258
1466,17,"Fruit",70322
1466,18,"Fruit",70322
1466,19,"Fruit",154520
1466,20,"Fruit",9073
1466,21,"Fruit",18140
1466,22,"Fruit",4534
1466,23,"Veges",60290
1466,24,"Veges",58281
1466,25,"Veges",58281
1466,26,"Veges",24118
1467,2,"Beef",10807
1467,3,"Beef",10807
1467,4,"Beef",32395
1467,8,"Sheepmeat",904933
1467,9,"Sheepmeat",7769
1467,10,"Sheepmeat",7769
1467,11,"Forestry",14785
1467,12,"Forestry",14785
1467,13,"Forestry",1431
1467,14,"Forestry",1431
1467,15,"Forestry",29809
1467,16,"Forestry",421624
1467,17,"Fruit",293503
1467,18,"Fruit",293503
1467,19,"Fruit",644921
1467,20,"Fruit",55458
1467,21,"Fruit",110883
1467,23,"Veges",1219366
1467,24,"Veges",672623
1467,25,"Veges",672623
1467,26,"Veges",278342
1468,8,"Sheepmeat",913294
1468,11,"Forestry",14812
1468,12,"Forestry",14812
1468,13,"Forestry",1433
1468,14,"Forestry",1433
1468,15,"Forestry",29862
1468,16,"Forestry",422367
1468,17,"Fruit",533803
1468,18,"Fruit",533803
1468,19,"Fruit",1172938
1468,20,"Fruit",86460
1468,21,"Fruit",172870
1468,22,"Fruit",15492
1468,23,"Veges",2338553
1468,24,"Veges",1754513
1468,25,"Veges",1754513
1468,26,"Veges",726045
1469,2,"Beef",12646
1469,3,"Beef",12646
1469,4,"Beef",37908
1469,8,"Sheepmeat",9825
1469,9,"Sheepmeat",9130
1469,10,"Sheepmeat",9130
1469,23,"Veges",1546792
1469,24,"Veges",1495246
1469,25,"Veges",1495246
1469,26,"Veges",618756
1470,2,"Beef",53637
1470,3,"Beef",53637
1470,4,"Beef",160779
1470,8,"Sheepmeat",126174
1470,9,"Sheepmeat",117249
1470,10,"Sheepmeat",117249
1470,11,"Forestry",217
1470,12,"Forestry",217
1470,13,"Forestry",21
1470,14,"Forestry",21
1470,15,"Forestry",437
1470,16,"Forestry",6179
1470,23,"Veges",272766
1470,24,"Veges",263676
1470,25,"Veges",263676
1470,26,"Veges",109113
1471,2,"Beef",39655
1471,3,"Beef",39655
1471,4,"Beef",118866
1471,8,"Sheepmeat",115357
1471,9,"Sheepmeat",107197
1471,10,"Sheepmeat",107197
1471,11,"Forestry",201
1471,12,"Forestry",201
1471,13,"Forestry",19
1471,14,"Forestry",19
1471,15,"Forestry",406
1471,16,"Forestry",5743
1471,23,"Veges",147625
1471,24,"Veges",142705
1471,25,"Veges",142705
1471,26,"Veges",59054
1472,2,"Beef",6464
1472,3,"Beef",6464
1472,4,"Beef",19375
1472,8,"Sheepmeat",5001
1472,9,"Sheepmeat",4647
1472,10,"Sheepmeat",4647
1472,23,"Veges",124477
1472,24,"Veges",120328
1472,25,"Veges",120328
1472,26,"Veges",49794
1473,2,"Beef",101396
1473,3,"Beef",101396
1473,4,"Beef",303936
1473,8,"Sheepmeat",249441
1473,9,"Sheepmeat",231795
1473,10,"Sheepmeat",231795
1473,11,"Forestry",71486
1473,12,"Forestry",71486
1473,13,"Forestry",6918
1473,14,"Forestry",6918
1473,15,"Forestry",144126
1473,16,"Forestry",2038513
1474,2,"Beef",124297
1474,3,"Beef",124297
1474,4,"Beef",372583
1474,8,"Sheepmeat",326211
1474,9,"Sheepmeat",303135
1474,10,"Sheepmeat",303135
1474,11,"Forestry",27821
1474,12,"Forestry",27821
1474,13,"Forestry",2692
1474,14,"Forestry",2692
1474,15,"Forestry",56090
1474,16,"Forestry",793342
1474,17,"Fruit",240379
1474,18,"Fruit",240379
1474,19,"Fruit",528189
1474,20,"Fruit",31013
1474,21,"Fruit",62007
1474,22,"Fruit",15497
1478,2,"Beef",13830
1478,3,"Beef",13830
1478,4,"Beef",41454
1478,8,"Sheepmeat",100065
1478,9,"Sheepmeat",92987
1478,10,"Sheepmeat",92987
1478,11,"Forestry",42
1478,12,"Forestry",42
1478,13,"Forestry",4
1478,14,"Forestry",4
1478,15,"Forestry",84
1478,16,"Forestry",1192
1479,16,"Forestry",1735
1480,16,"Forestry",2398
1481,2,"Beef",4777
1481,3,"Beef",4777
1481,4,"Beef",14318
1481,8,"Sheepmeat",3695
1481,9,"Sheepmeat",3434
1481,10,"Sheepmeat",3434
1483,2,"Beef",1885
1483,3,"Beef",1885
1483,4,"Beef",5649
1483,8,"Sheepmeat",1458
1483,9,"Sheepmeat",1355
1483,10,"Sheepmeat",1355
1483,17,"Fruit",861971
1483,18,"Fruit",861971
1483,19,"Fruit",1894027
1483,20,"Fruit",111207
1483,21,"Fruit",222350
1483,22,"Fruit",55571
1483,23,"Veges",4549
1483,24,"Veges",4398
1483,25,"Veges",4398
1483,26,"Veges",1820
1484,2,"Beef",2366
1484,3,"Beef",2366
1484,4,"Beef",7093
1484,8,"Sheepmeat",1831
1484,9,"Sheepmeat",1701
1484,10,"Sheepmeat",1701
1484,17,"Fruit",210309
1484,18,"Fruit",210309
1484,19,"Fruit",462116
1484,20,"Fruit",27133
1484,21,"Fruit",54250
1484,22,"Fruit",13559
1484,23,"Veges",2453
1484,24,"Veges",2371
1484,25,"Veges",2371
1484,26,"Veges",981
1486,2,"Beef",360
1486,3,"Beef",360
1486,4,"Beef",1079
1486,8,"Sheepmeat",279
1486,9,"Sheepmeat",259
1486,10,"Sheepmeat",259
1487,2,"Beef",269584
1487,3,"Beef",269584
1487,4,"Beef",808081
1487,8,"Sheepmeat",346162
1487,9,"Sheepmeat",321675
1487,10,"Sheepmeat",321675
1487,11,"Forestry",405
1487,12,"Forestry",405
1487,13,"Forestry",39
1487,14,"Forestry",39
1487,15,"Forestry",817
1487,16,"Forestry",11551
1488,2,"Beef",785348
1488,3,"Beef",785348
1488,4,"Beef",2354089
1488,8,"Sheepmeat",1532592
1488,9,"Sheepmeat",1424178
1488,10,"Sheepmeat",1424178
1488,11,"Forestry",36724
1488,12,"Forestry",36724
1488,13,"Forestry",3554
1488,14,"Forestry",3554
1488,15,"Forestry",74040
1488,16,"Forestry",1047226
1489,2,"Beef",17948
1489,3,"Beef",17948
1489,4,"Beef",53800
1489,8,"Sheepmeat",75317
1489,9,"Sheepmeat",69989
1489,10,"Sheepmeat",69989
1489,11,"Forestry",704
1489,12,"Forestry",704
1489,13,"Forestry",68
1489,14,"Forestry",68
1489,15,"Forestry",1419
1489,16,"Forestry",20067
1490,2,"Beef",14651
1490,3,"Beef",14651
1490,4,"Beef",43917
1490,8,"Sheepmeat",35982
1490,9,"Sheepmeat",33437
1490,10,"Sheepmeat",33437
1490,11,"Forestry",39193
1490,12,"Forestry",39193
1490,13,"Forestry",3793
1490,14,"Forestry",3793
1490,15,"Forestry",79019
1490,16,"Forestry",1117640
1491,2,"Beef",7224
1491,3,"Beef",7224
1491,4,"Beef",21654
1491,8,"Sheepmeat",7079
1491,9,"Sheepmeat",6579
1491,10,"Sheepmeat",6579
1493,2,"Beef",49684
1493,3,"Beef",49684
1493,4,"Beef",148927
1493,8,"Sheepmeat",212882
1493,9,"Sheepmeat",197823
1493,10,"Sheepmeat",197823
1493,11,"Forestry",1925
1493,12,"Forestry",1925
1493,13,"Forestry",186
1493,14,"Forestry",186
1493,15,"Forestry",3880
1493,16,"Forestry",54880
1494,2,"Beef",792345
1494,3,"Beef",792345
1494,4,"Beef",2375064
1494,8,"Sheepmeat",1576937
1494,9,"Sheepmeat",1465385
1494,10,"Sheepmeat",1465385
1494,11,"Forestry",1339077
1494,12,"Forestry",1339077
1494,13,"Forestry",129588
1494,14,"Forestry",129588
1494,15,"Forestry",2699752
1494,16,"Forestry",38185292
1495,16,"Forestry",1735
1496,2,"Beef",211916
1496,3,"Beef",211916
1496,4,"Beef",635220
1496,8,"Sheepmeat",660405
1496,9,"Sheepmeat",613688
1496,10,"Sheepmeat",613688
1496,11,"Forestry",30177
1496,12,"Forestry",30177
1496,13,"Forestry",2920
1496,14,"Forestry",2920
1496,15,"Forestry",60841
1496,16,"Forestry",860534
1497,2,"Beef",197896
1497,3,"Beef",197896
1497,4,"Beef",593197
1497,8,"Sheepmeat",190618
1497,9,"Sheepmeat",177134
1497,10,"Sheepmeat",177134
1497,11,"Forestry",26783
1497,12,"Forestry",26783
1497,13,"Forestry",2592
1497,14,"Forestry",2592
1497,15,"Forestry",53998
1497,16,"Forestry",763742
1497,23,"Veges",213404
1497,24,"Veges",206292
1497,25,"Veges",206292
1497,26,"Veges",85367
1498,2,"Beef",702
1498,3,"Beef",702
1498,4,"Beef",2103
1498,8,"Sheepmeat",543
1498,9,"Sheepmeat",504
1498,10,"Sheepmeat",504
1498,11,"Forestry",83
1498,12,"Forestry",83
1498,13,"Forestry",8
1498,14,"Forestry",8
1498,15,"Forestry",167
1498,16,"Forestry",96794
1499,2,"Beef",1170717
1499,3,"Beef",1170717
1499,4,"Beef",3509238
1499,8,"Sheepmeat",2086736
1499,9,"Sheepmeat",1939121
1499,10,"Sheepmeat",1939121
1499,11,"Forestry",33199
1499,12,"Forestry",33199
1499,13,"Forestry",3213
1499,14,"Forestry",3213
1499,15,"Forestry",66933
1499,16,"Forestry",946706
1500,2,"Beef",482438
1500,3,"Beef",482438
1500,4,"Beef",1446113
1500,9,"Sheepmeat",848688
1500,10,"Sheepmeat",848688
1500,20,"Fruit",17591
1500,21,"Fruit",35172
1500,22,"Fruit",18922
1500,23,"Veges",523555
1501,2,"Beef",74070
1501,3,"Beef",74070
1501,4,"Beef",222026
1501,8,"Sheepmeat",320656
1501,9,"Sheepmeat",297973
1501,10,"Sheepmeat",297973
1501,11,"Forestry",1713
1501,12,"Forestry",1713
1501,13,"Forestry",166
1501,14,"Forestry",166
1501,15,"Forestry",3454
1501,16,"Forestry",48848
1502,2,"Beef",646808
1502,3,"Beef",646808
1502,4,"Beef",1938816
1502,8,"Sheepmeat",839697
1502,9,"Sheepmeat",780298
1502,10,"Sheepmeat",780298
1502,11,"Forestry",11269
1502,12,"Forestry",11269
1502,13,"Forestry",1091
1502,14,"Forestry",1091
1502,15,"Forestry",22720
1502,16,"Forestry",321346
1503,2,"Beef",123662
1503,3,"Beef",123662
1503,4,"Beef",370678
1503,8,"Sheepmeat",128076
1503,9,"Sheepmeat",119016
1503,10,"Sheepmeat",119016
1503,11,"Forestry",26577
1503,12,"Forestry",26577
1503,13,"Forestry",2572
1503,14,"Forestry",2572
1503,15,"Forestry",53582
1503,16,"Forestry",757871
1503,23,"Veges",109390
1503,24,"Veges",105744
1503,25,"Veges",105744
1503,26,"Veges",43759
1505,9,"Sheepmeat",207
1505,10,"Sheepmeat",207
1505,13,"Forestry",15
1507,14,"Forestry",18
1507,15,"Forestry",21595
1507,17,"Fruit",17321535
1507,18,"Fruit",17321535
1507,19,"Fruit",38060989
1507,24,"Veges",39437895
1507,25,"Veges",39437895
1508,9,"Sheepmeat",9
1508,10,"Sheepmeat",9
1508,16,"Forestry",872
1508,17,"Fruit",912054
1508,19,"Fruit",2004076
1509,1,"Dairy",6465984
1509,2,"Beef",534
1509,3,"Beef",534
1509,4,"Beef",1601
1509,8,"Sheepmeat",9110
1509,9,"Sheepmeat",384
1509,10,"Sheepmeat",384
1509,11,"Forestry",1067
1509,12,"Forestry",1067
1509,13,"Forestry",31
1509,14,"Forestry",31
1509,15,"Forestry",2151
1509,16,"Forestry",171935341
1510,1,"Dairy",764007
1510,2,"Beef",1084429
1510,3,"Beef",1084429
1510,4,"Beef",3250591
1510,5,"Beef",21813
1510,6,"Beef",21813
1510,7,"Beef",65386
1510,8,"Sheepmeat",738934
1510,9,"Sheepmeat",1535350
1510,10,"Sheepmeat",1535350
1510,11,"Forestry",6529
1510,12,"Forestry",6529
1510,13,"Forestry",632
1510,14,"Forestry",632
1510,15,"Forestry",13164
1510,16,"Forestry",186185
1510,17,"Fruit",4226969
1510,18,"Fruit",4226969
1510,19,"Fruit",9288011
1510,20,"Fruit",527752
1510,21,"Fruit",1055197
1510,22,"Fruit",291435
1510,23,"Veges",6164446
1510,24,"Veges",6465124
1510,25,"Veges",6465124
1510,26,"Veges",2675369
1511,1,"Dairy",764007
1511,2,"Beef",1084429
1511,3,"Beef",1084429
1511,4,"Beef",3250591
1511,5,"Beef",21813
1511,6,"Beef",21813
1511,7,"Beef",65386
1511,8,"Sheepmeat",738934
1511,9,"Sheepmeat",1535350
1511,10,"Sheepmeat",1535350
1511,11,"Forestry",6529
1511,12,"Forestry",6529
1511,13,"Forestry",632
1511,14,"Forestry",632
1511,15,"Forestry",13164
1511,16,"Forestry",186185
1511,17,"Fruit",4226969
1511,18,"Fruit",4226969
1511,19,"Fruit",9288011
1511,20,"Fruit",527752
1511,21,"Fruit",1055197
1511,22,"Fruit",291435
1511,23,"Veges",6164446
1511,24,"Veges",6465124
1511,25,"Veges",6465124
1511,26,"Veges",2675369
1512,2,"Beef",671137
1512,3,"Beef",671137
1512,4,"Beef",2011741
1512,8,"Sheepmeat",2470257
1512,9,"Sheepmeat",2295512
1512,10,"Sheepmeat",2295512
1512,11,"Forestry",14595
1512,12,"Forestry",14595
1512,13,"Forestry",1412
1512,14,"Forestry",1412
1512,15,"Forestry",29426
1512,16,"Forestry",416198
1513,2,"Beef",34931
1513,3,"Beef",34931
1513,4,"Beef",104707
1513,8,"Sheepmeat",142378
1513,9,"Sheepmeat",132306
1513,10,"Sheepmeat",132306
1513,11,"Forestry",39793
1513,12,"Forestry",39793
1513,13,"Forestry",3851
1513,14,"Forestry",3851
1513,15,"Forestry",80229
1513,16,"Forestry",1134752
1514,1,"Dairy",9852786
1514,2,"Beef",366282
1514,3,"Beef",366282
1514,4,"Beef",1097935
1514,8,"Sheepmeat",886223
1514,9,"Sheepmeat",823532
1514,10,"Sheepmeat",823532
1514,11,"Forestry",110769
1514,12,"Forestry",110769
1514,13,"Forestry",10720
1514,14,"Forestry",10720
1514,15,"Forestry",223325
1514,16,"Forestry",3158702
1514,17,"Fruit",95602
1514,18,"Fruit",95602
1514,19,"Fruit",210068
1514,20,"Fruit",12334
1514,21,"Fruit",24661
1514,22,"Fruit",6163
1515,2,"Beef",136935
1515,3,"Beef",136935
1515,4,"Beef",410465
1515,8,"Sheepmeat",428671
1515,9,"Sheepmeat",398347
1515,10,"Sheepmeat",398347
1515,11,"Forestry",18132
1515,12,"Forestry",18132
1515,13,"Forestry",1755
1515,14,"Forestry",1755
1515,15,"Forestry",36555
1515,16,"Forestry",517041
1515,17,"Fruit",3165
1515,18,"Fruit",3165
1515,19,"Fruit",6955
1515,20,"Fruit",408
1515,21,"Fruit",816
1515,22,"Fruit",204
1516,2,"Beef",6335
1516,3,"Beef",6335
1516,4,"Beef",18990
1516,8,"Sheepmeat",193001
1516,9,"Sheepmeat",179348
1516,10,"Sheepmeat",179348
1516,11,"Forestry",125250
1516,12,"Forestry",125250
1516,13,"Forestry",12121
1516,14,"Forestry",12121
1516,15,"Forestry",252520
1516,16,"Forestry",3571647
1518,2,"Beef",28869
1518,3,"Beef",28869
1518,4,"Beef",86535
1518,8,"Sheepmeat",14261
1518,9,"Sheepmeat",32413
1518,10,"Sheepmeat",32413
1518,11,"Forestry",6879
1518,12,"Forestry",6879
1518,13,"Forestry",1139
1518,14,"Forestry",331886
1518,15,"Forestry",13868
1518,16,"Forestry",3624
1519,1,"Dairy",6465984
1519,2,"Beef",8235
1519,3,"Beef",8235
1519,4,"Beef",24684
1519,8,"Sheepmeat",21881
1519,9,"Sheepmeat",5920
1519,10,"Sheepmeat",5920
1519,11,"Forestry",162
1519,12,"Forestry",162
1519,13,"Forestry",407
1519,14,"Forestry",9
1519,15,"Forestry",1300
1519,16,"Forestry",171621493
1519,17,"Fruit",14307572
1519,18,"Fruit",14307572
1519,19,"Fruit",31438342
1519,24,"Veges",32964403
1519,25,"Veges",32964403
1519,26,"Veges",13641183
1520,2,"Beef",11651
1520,3,"Beef",11651
1520,4,"Beef",34924
1520,8,"Sheepmeat",9055
1520,9,"Sheepmeat",8414
1520,10,"Sheepmeat",8414
1520,23,"Veges",922318
1520,24,"Veges",891582
1520,25,"Veges",891582
1520,26,"Veges",368950
1521,2,"Beef",712230
1521,3,"Beef",712230
1521,4,"Beef",2134918
1521,8,"Sheepmeat",2671737
1521,9,"Sheepmeat",2482740
1521,10,"Sheepmeat",2482740
1521,11,"Forestry",695352
1521,12,"Forestry",695352
1521,13,"Forestry",67292
1521,14,"Forestry",67292
1521,15,"Forestry",1401919
1521,16,"Forestry",19828737
1521,17,"Fruit",316109
1521,18,"Fruit",316109
1521,19,"Fruit",694593
1521,20,"Fruit",40783
1521,21,"Fruit",81542
1521,22,"Fruit",20380
1521,23,"Veges",276669
1521,24,"Veges",267449
1521,25,"Veges",267449
1521,26,"Veges",110674
1522,1,"Dairy",764007
1522,2,"Beef",1074263
1522,3,"Beef",1074263
1522,4,"Beef",3220116
1522,5,"Beef",21813
1522,6,"Beef",21813
1522,7,"Beef",65386
1522,8,"Sheepmeat",731068
1522,9,"Sheepmeat",1528041
1522,10,"Sheepmeat",1528041
1522,11,"Forestry",6529
1522,12,"Forestry",6529
1522,13,"Forestry",632
1522,14,"Forestry",632
1522,15,"Forestry",13164
1522,16,"Forestry",186185
1522,17,"Fruit",4166823
1522,18,"Fruit",4166823
1522,19,"Fruit",9155851
1522,20,"Fruit",519992
1522,21,"Fruit",1039682
1522,22,"Fruit",287557
1522,23,"Veges",6029727
1522,24,"Veges",6334894
1522,25,"Veges",6334894
1522,26,"Veges",2621478
1523,2,"Beef",7885
1523,3,"Beef",7885
1523,4,"Beef",23635
1523,8,"Sheepmeat",66251
1523,9,"Sheepmeat",61564
1523,10,"Sheepmeat",61564
1523,11,"Forestry",1325
1523,12,"Forestry",1325
1523,13,"Forestry",128
1523,14,"Forestry",128
1523,15,"Forestry",2672
1523,16,"Forestry",37787
1525,2,"Beef",4730
1525,3,"Beef",4730
1525,4,"Beef",14177
1525,9,"Sheepmeat",3400
1525,10,"Sheepmeat",3400
1525,14,"Forestry",797008
1525,17,"Fruit",3013917
1525,18,"Fruit",3013917
1525,19,"Fruit",6622546
1525,20,"Fruit",6
1525,21,"Fruit",12
1525,24,"Veges",6473492
1525,25,"Veges",6473492
1525,26,"Veges",2678832
1526,2,"Beef",168183
1526,3,"Beef",168183
1526,4,"Beef",504130
1526,8,"Sheepmeat",330242
1526,9,"Sheepmeat",306881
1526,10,"Sheepmeat",306881
1526,11,"Forestry",114376
1526,12,"Forestry",114376
1526,13,"Forestry",11069
1526,14,"Forestry",11069
1526,15,"Forestry",230597
1526,16,"Forestry",3261562
1529,2,"Beef",2822
1529,3,"Beef",2822
1529,4,"Beef",8460
1529,8,"Sheepmeat",2183
1529,9,"Sheepmeat",2029
1529,10,"Sheepmeat",2029
1529,11,"Forestry",127
1529,12,"Forestry",127
1529,13,"Forestry",12
1529,14,"Forestry",1129233
1529,15,"Forestry",256
1529,16,"Forestry",3624
1530,2,"Beef",39128
1530,3,"Beef",39128
1530,4,"Beef",117286
1530,8,"Sheepmeat",112305
1530,9,"Sheepmeat",104360
1530,10,"Sheepmeat",104360
1530,11,"Forestry",288
1530,12,"Forestry",288
1530,13,"Forestry",28
1530,14,"Forestry",28
1530,15,"Forestry",582
1530,16,"Forestry",8226
1531,2,"Beef",37150
1531,3,"Beef",37150
1531,4,"Beef",111357
1531,8,"Sheepmeat",30857
1531,9,"Sheepmeat",28674
1531,10,"Sheepmeat",28674
1531,11,"Forestry",136
1531,12,"Forestry",136
1531,13,"Forestry",13
1531,14,"Forestry",13
1531,15,"Forestry",274
1531,16,"Forestry",3870
1532,2,"Beef",4705
1532,3,"Beef",4705
1532,4,"Beef",14104
1532,8,"Sheepmeat",4408
1532,9,"Sheepmeat",4097
1532,10,"Sheepmeat",4097
1532,11,"Forestry",85
1532,12,"Forestry",85
1532,13,"Forestry",8
1532,14,"Forestry",8
1532,15,"Forestry",172
1532,16,"Forestry",2432
1534,2,"Beef",358870
1534,3,"Beef",358870
1534,4,"Beef",1075718
1534,8,"Sheepmeat",880140
1534,9,"Sheepmeat",817879
1534,10,"Sheepmeat",817879
1534,11,"Forestry",110288
1534,12,"Forestry",110288
1534,13,"Forestry",10673
1534,14,"Forestry",10673
1534,15,"Forestry",222354
1534,16,"Forestry",3144974
1534,17,"Fruit",95602
1534,18,"Fruit",95602
1534,19,"Fruit",210068
1534,20,"Fruit",12334
1534,21,"Fruit",24661
1534,22,"Fruit",6163
1535,1,"Dairy",1254
1535,2,"Beef",31785
1535,3,"Beef",31785
1535,4,"Beef",95276
1535,5,"Beef",36
1535,6,"Beef",36
1535,7,"Beef",107
1535,8,"Sheepmeat",55273
1535,9,"Sheepmeat",51363
1535,10,"Sheepmeat",51363
1535,11,"Forestry",488
1535,12,"Forestry",488
1535,13,"Forestry",47
1535,14,"Forestry",47
1535,15,"Forestry",983
1535,16,"Forestry",13907
1535,17,"Fruit",10
1535,18,"Fruit",10
1535,19,"Fruit",22
1535,20,"Fruit",1
1535,21,"Fruit",3
1535,22,"Fruit",1
1535,23,"Veges",89072
1535,24,"Veges",86104
1535,25,"Veges",86104
1535,26,"Veges",35631
1536,2,"Beef",1984
1536,3,"Beef",1984
1536,4,"Beef",5948
1536,8,"Sheepmeat",39036
1536,9,"Sheepmeat",36275
1536,10,"Sheepmeat",36275
1536,11,"Forestry",135
1536,12,"Forestry",135
1536,13,"Forestry",13
1536,14,"Forestry",13
1536,15,"Forestry",273
1536,16,"Forestry",3863
1538,2,"Beef",21985
1538,3,"Beef",21985
1538,4,"Beef",65901
1538,8,"Sheepmeat",17123
1538,9,"Sheepmeat",15912
1538,10,"Sheepmeat",15912
1538,17,"Fruit",16887
1538,18,"Fruit",16887
1538,19,"Fruit",37106
1538,20,"Fruit",2179
1538,21,"Fruit",4356
1538,22,"Fruit",1089
1539,2,"Beef",697
1539,3,"Beef",697
1539,4,"Beef",2088
1539,8,"Sheepmeat",539
1539,9,"Sheepmeat",501
1539,10,"Sheepmeat",501
1543,2,"Beef",296931
1543,3,"Beef",296931
1543,4,"Beef",890056
1543,8,"Sheepmeat",2638135
1543,9,"Sheepmeat",778441
1543,10,"Sheepmeat",778441
1543,11,"Forestry",467104
1543,12,"Forestry",467104
1543,13,"Forestry",45204
1543,14,"Forestry",45204
1543,15,"Forestry",941742
1543,16,"Forestry",13320002
1543,23,"Veges",28086
1543,24,"Veges",27150
1543,25,"Veges",27150
1543,26,"Veges",11235
1544,2,"Beef",393329
1544,3,"Beef",393329
1544,4,"Beef",1179008
1544,8,"Sheepmeat",1991029
1544,9,"Sheepmeat",1379771
1544,10,"Sheepmeat",1379771
1544,11,"Forestry",402271
1544,12,"Forestry",402271
1544,13,"Forestry",38929
1544,14,"Forestry",38929
1544,15,"Forestry",811031
1544,16,"Forestry",11471225
1544,23,"Veges",28086
1544,24,"Veges",27150
1544,25,"Veges",27150
1544,26,"Veges",11235
1545,2,"Beef",16138
1545,3,"Beef",16138
1545,4,"Beef",48374
1545,8,"Sheepmeat",114477
1545,9,"Sheepmeat",106379
1545,10,"Sheepmeat",106379
1545,11,"Forestry",2437
1545,12,"Forestry",2437
1545,13,"Forestry",236
1545,14,"Forestry",236
1545,15,"Forestry",4913
1545,16,"Forestry",69496
1545,17,"Fruit",516281
1545,18,"Fruit",516281
1545,19,"Fruit",1134436
1545,20,"Fruit",66608
1545,21,"Fruit",133177
1545,22,"Fruit",33285
1545,23,"Veges",485246
1545,24,"Veges",469075
1545,25,"Veges",469075
1545,26,"Veges",194111
1546,2,"Beef",1201
1546,3,"Beef",1201
1546,4,"Beef",3600
1546,8,"Sheepmeat",929
1546,9,"Sheepmeat",863
1546,10,"Sheepmeat",863
1549,1,"Dairy",3092420
1549,2,"Beef",13816979
1549,3,"Beef",13816979
1549,4,"Beef",41416566
1549,5,"Beef",8405
1549,6,"Beef",8405
1549,7,"Beef",25194
1549,8,"Sheepmeat",153778
1549,9,"Sheepmeat",26485309
1549,10,"Sheepmeat",26485309
1549,11,"Forestry",10228
1549,12,"Forestry",10228
1549,13,"Forestry",332620
1549,14,"Forestry",15
1549,16,"Forestry",60374389
1549,17,"Fruit",47380557
1549,18,"Fruit",10753848
1549,19,"Fruit",104110336
1549,20,"Fruit",119160
1549,21,"Fruit",238250
1549,22,"Fruit",60689
1549,23,"Veges",26264458
1549,24,"Veges",8435051
1549,25,"Veges",12111693
1549,26,"Veges",5012007
1550,1,"Dairy",3092420
1550,2,"Beef",13819315
1550,3,"Beef",13819315
1550,4,"Beef",41423570
1550,5,"Beef",8405
1550,6,"Beef",8405
1550,7,"Beef",25194
1550,8,"Sheepmeat",155586
1550,9,"Sheepmeat",26486988
1550,10,"Sheepmeat",26486988
1550,11,"Forestry",10228
1550,12,"Forestry",10228
1550,13,"Forestry",332620
1550,14,"Forestry",15
1550,16,"Forestry",60374389
1550,17,"Fruit",47355541
1550,18,"Fruit",10728832
1550,19,"Fruit",104055368
1550,20,"Fruit",122387
1550,21,"Fruit",244703
1550,22,"Fruit",62302
1550,23,"Veges",26264458
1550,24,"Veges",8435051
1550,25,"Veges",12111693
1550,26,"Veges",5012007
1551,1,"Dairy",3092420
1551,2,"Beef",13819440
1551,3,"Beef",13819440
1551,4,"Beef",41423945
1551,5,"Beef",8405
1551,6,"Beef",8405
1551,7,"Beef",25194
1551,8,"Sheepmeat",155682
1551,9,"Sheepmeat",26487078
1551,10,"Sheepmeat",26487078
1551,11,"Forestry",10228
1551,12,"Forestry",10228
1551,13,"Forestry",332620
1551,14,"Forestry",15
1551,16,"Forestry",60374389
1551,17,"Fruit",47328683
1551,18,"Fruit",10701973
1551,19,"Fruit",103996351
1551,20,"Fruit",125853
1551,21,"Fruit",251632
1551,22,"Fruit",64033
1551,23,"Veges",26264458
1551,24,"Veges",8435051
1551,25,"Veges",12111693
1551,26,"Veges",5012007
1552,1,"Dairy",3092420
1552,2,"Beef",13819865
1552,3,"Beef",13819865
1552,4,"Beef",41425218
1552,5,"Beef",8405
1552,6,"Beef",8405
1552,7,"Beef",25194
1552,8,"Sheepmeat",156011
1552,9,"Sheepmeat",26487384
1552,10,"Sheepmeat",26487384
1552,11,"Forestry",10228
1552,12,"Forestry",10228
1552,13,"Forestry",332620
1552,14,"Forestry",15
1552,16,"Forestry",60374389
1552,17,"Fruit",47270164
1552,18,"Fruit",10643454
1552,19,"Fruit",103867766
1552,20,"Fruit",133402
1552,21,"Fruit",266727
1552,22,"Fruit",67806
1552,23,"Veges",26264458
1552,24,"Veges",8435051
1552,25,"Veges",12111693
1552,26,"Veges",5012007
1553,1,"Dairy",3092420
1553,2,"Beef",13833878
1553,3,"Beef",13833878
1553,4,"Beef",41467222
1553,5,"Beef",8405
1553,6,"Beef",8405
1553,7,"Beef",25194
1553,8,"Sheepmeat",166852
1553,9,"Sheepmeat",26497458
1553,10,"Sheepmeat",26497458
1553,11,"Forestry",10228
1553,12,"Forestry",10228
1553,13,"Forestry",332620
1553,14,"Forestry",15
1553,16,"Forestry",60374389
1553,17,"Fruit",47104473
1553,18,"Fruit",10477764
1553,19,"Fruit",103503690
1553,20,"Fruit",154779
1553,21,"Fruit",309468
1553,22,"Fruit",78488
1553,23,"Veges",26264458
1553,24,"Veges",8435051
1553,25,"Veges",12111693
1553,26,"Veges",5012007
1554,1,"Dairy",3092420
1554,2,"Beef",13835295
1554,3,"Beef",13835295
1554,4,"Beef",41471468
1554,5,"Beef",8405
1554,6,"Beef",8405
1554,7,"Beef",25194
1554,8,"Sheepmeat",167948
1554,9,"Sheepmeat",26498476
1554,10,"Sheepmeat",26498476
1554,11,"Forestry",10228
1554,12,"Forestry",10228
1554,13,"Forestry",332620
1554,14,"Forestry",15
1554,16,"Forestry",60374389
1554,17,"Fruit",47088138
1554,18,"Fruit",10461429
1554,19,"Fruit",103467797
1554,20,"Fruit",156886
1554,21,"Fruit",313681
1554,22,"Fruit",79541
1554,23,"Veges",26264458
1554,24,"Veges",8435051
1554,25,"Veges",12111693
1554,26,"Veges",5012007
1556,2,"Beef",2168632
1556,3,"Beef",2168632
1556,4,"Beef",6500501
1556,8,"Sheepmeat",6122327
1556,9,"Sheepmeat",5689236
1556,10,"Sheepmeat",5689236
1556,11,"Forestry",1575648
1556,12,"Forestry",1575648
1556,13,"Forestry",152482
1556,14,"Forestry",152482
1556,15,"Forestry",3176709
1556,16,"Forestry",44931370
1556,17,"Fruit",91087
1556,18,"Fruit",91087
1556,19,"Fruit",200147
1556,20,"Fruit",11752
1556,21,"Fruit",23496
1556,22,"Fruit",5872
1556,23,"Veges",1437680
1556,24,"Veges",1389769
1556,25,"Veges",1389769
1556,26,"Veges",575108
1563,2,"Beef",25139
1563,3,"Beef",25139
1563,4,"Beef",75354
1563,8,"Sheepmeat",50396
1563,9,"Sheepmeat",46831
1563,10,"Sheepmeat",46831
1563,11,"Forestry",236
1563,12,"Forestry",236
1563,13,"Forestry",23
1563,14,"Forestry",23
1563,15,"Forestry",477
1563,16,"Forestry",6743
1563,23,"Veges",4412
1563,24,"Veges",4265
1563,25,"Veges",4265
1563,26,"Veges",1765
1564,2,"Beef",3053
1564,3,"Beef",3053
1564,4,"Beef",9153
1564,8,"Sheepmeat",2362
1564,9,"Sheepmeat",2195
1564,10,"Sheepmeat",2195
1566,1,"Dairy",153231
1566,2,"Beef",2116
1566,3,"Beef",2116
1566,4,"Beef",6342
1566,5,"Beef",4375
1566,6,"Beef",4375
1566,7,"Beef",13114
1566,8,"Sheepmeat",1677
1566,9,"Sheepmeat",1558
1566,10,"Sheepmeat",1558
1567,2,"Beef",1536
1567,3,"Beef",1536
1567,4,"Beef",4604
1567,8,"Sheepmeat",7473
1567,9,"Sheepmeat",6945
1567,10,"Sheepmeat",6945
1568,8,"Sheepmeat",0
1568,9,"Sheepmeat",0
1568,10,"Sheepmeat",0
1569,2,"Beef",87931
1569,3,"Beef",87931
1569,4,"Beef",263575
1569,8,"Sheepmeat",255197
1569,9,"Sheepmeat",237145
1569,10,"Sheepmeat",237145
1569,11,"Forestry",576
1569,12,"Forestry",576
1569,13,"Forestry",56
1569,14,"Forestry",56
1569,15,"Forestry",1162
1569,16,"Forestry",16435
1570,2,"Beef",7753
1570,3,"Beef",7753
1570,4,"Beef",23240
1570,8,"Sheepmeat",191989
1570,9,"Sheepmeat",178407
1570,10,"Sheepmeat",178407
1570,11,"Forestry",645
1570,12,"Forestry",645
1570,13,"Forestry",62
1570,14,"Forestry",62
1570,15,"Forestry",1301
1570,16,"Forestry",18405
1571,2,"Beef",37414
1571,3,"Beef",37414
1571,4,"Beef",112149
1571,8,"Sheepmeat",156572
1571,9,"Sheepmeat",145496
1571,10,"Sheepmeat",145496
1571,11,"Forestry",126
1571,12,"Forestry",126
1571,13,"Forestry",12
1571,14,"Forestry",12
1571,15,"Forestry",254
1571,16,"Forestry",3593
1572,1,"Dairy",3092420
1572,2,"Beef",13841997
1572,3,"Beef",13841997
1572,4,"Beef",41491557
1572,5,"Beef",8405
1572,6,"Beef",8405
1572,7,"Beef",25194
1572,8,"Sheepmeat",173132
1572,9,"Sheepmeat",26503294
1572,10,"Sheepmeat",26503294
1572,11,"Forestry",10228
1572,12,"Forestry",10228
1572,13,"Forestry",796625
1572,14,"Forestry",15
1572,16,"Forestry",60374389
1572,17,"Fruit",47088052
1572,18,"Fruit",10461343
1572,19,"Fruit",103467609
1572,20,"Fruit",156897
1572,21,"Fruit",313703
1572,22,"Fruit",79547
1572,23,"Veges",26264458
1572,24,"Veges",8435051
1572,25,"Veges",12111693
1572,26,"Veges",5012007
1573,2,"Beef",3186
1573,3,"Beef",3186
1573,4,"Beef",9550
1573,8,"Sheepmeat",2536
1573,9,"Sheepmeat",2357
1573,10,"Sheepmeat",2357
1573,23,"Veges",104
1573,24,"Veges",101
1573,25,"Veges",101
1573,26,"Veges",42
1576,2,"Beef",13335251
1576,3,"Beef",13335251
1576,4,"Beef",39972580
1576,5,"Beef",8405
1576,6,"Beef",8405
1576,7,"Beef",25194
1576,9,"Sheepmeat",25505372
1576,10,"Sheepmeat",25505372
1576,13,"Forestry",319866
1576,16,"Forestry",60376996
1576,17,"Fruit",808453
1576,19,"Fruit",1776431
1576,20,"Fruit",102020
1576,21,"Fruit",203981
1576,22,"Fruit",52121
1576,23,"Veges",26264458
1576,26,"Veges",13026861
1577,2,"Beef",13335251
1577,3,"Beef",13335251
1577,4,"Beef",39972580
1577,5,"Beef",8405
1577,6,"Beef",8405
1577,7,"Beef",25194
1577,9,"Sheepmeat",25505372
1577,10,"Sheepmeat",25505372
1577,13,"Forestry",319866
1577,16,"Forestry",60375261
1577,17,"Fruit",808453
1577,19,"Fruit",1776431
1577,20,"Fruit",102020
1577,21,"Fruit",203981
1577,22,"Fruit",52121
1577,23,"Veges",26264458
1578,2,"Beef",13335251
1578,3,"Beef",13335251
1578,4,"Beef",39972580
1578,5,"Beef",8405
1578,6,"Beef",8405
1578,7,"Beef",25194
1578,9,"Sheepmeat",25505372
1578,10,"Sheepmeat",25505372
1578,13,"Forestry",319866
1578,16,"Forestry",60375261
1578,17,"Fruit",808453
1578,19,"Fruit",1776431
1578,20,"Fruit",102020
1578,21,"Fruit",203981
1578,22,"Fruit",52121
1578,23,"Veges",26264458
1579,16,"Forestry",60375261
1580,2,"Beef",13335251
1580,3,"Beef",13335251
1580,4,"Beef",39972580
1580,5,"Beef",8405
1580,6,"Beef",8405
1580,7,"Beef",25194
1580,9,"Sheepmeat",25505372
1580,10,"Sheepmeat",25505372
1580,13,"Forestry",319866
1580,16,"Forestry",60374389
1580,20,"Fruit",102020
1580,21,"Fruit",203981
1580,22,"Fruit",52121
1580,23,"Veges",26264458
1581,2,"Beef",13335251
1581,3,"Beef",13335251
1581,4,"Beef",39972580
1581,5,"Beef",8405
1581,6,"Beef",8405
1581,7,"Beef",25194
1581,9,"Sheepmeat",25505372
1581,10,"Sheepmeat",25505372
1581,13,"Forestry",319866
1581,16,"Forestry",60374389
1581,20,"Fruit",102020
1581,21,"Fruit",203981
1581,22,"Fruit",52121
1581,23,"Veges",26264458
1582,2,"Beef",13335251
1582,3,"Beef",13335251
1582,4,"Beef",39972580
1582,5,"Beef",8405
1582,6,"Beef",8405
1582,7,"Beef",25194
1582,9,"Sheepmeat",25505372
1582,10,"Sheepmeat",25505372
1582,13,"Forestry",319866
1582,16,"Forestry",60374389
1582,20,"Fruit",102020
1582,21,"Fruit",203981
1582,22,"Fruit",52121
1582,23,"Veges",26264458
1583,2,"Beef",13704430
1583,3,"Beef",13704430
1583,4,"Beef",41079199
1583,5,"Beef",8405
1583,6,"Beef",8405
1583,7,"Beef",25194
1583,9,"Sheepmeat",26335450
1583,10,"Sheepmeat",26335450
1583,13,"Forestry",330747
1583,20,"Fruit",115386
1583,21,"Fruit",230705
1583,22,"Fruit",58800
1583,23,"Veges",26264458
1584,2,"Beef",13704430
1584,3,"Beef",13704430
1584,4,"Beef",41079199
1584,5,"Beef",8405
1584,6,"Beef",8405
1584,7,"Beef",25194
1584,9,"Sheepmeat",26335450
1584,10,"Sheepmeat",26335450
1584,13,"Forestry",330747
1584,20,"Fruit",115386
1584,21,"Fruit",230705
1584,22,"Fruit",58800
1584,23,"Veges",26264458
1585,2,"Beef",13704430
1585,3,"Beef",13704430
1585,4,"Beef",41079199
1585,5,"Beef",8405
1585,6,"Beef",8405
1585,7,"Beef",25194
1585,9,"Sheepmeat",26335450
1585,10,"Sheepmeat",26335450
1585,13,"Forestry",330747
1585,20,"Fruit",115386
1585,21,"Fruit",230705
1585,22,"Fruit",58800
1585,23,"Veges",26264458
1586,2,"Beef",13704430
1586,3,"Beef",13704430
1586,4,"Beef",41079199
1586,5,"Beef",8405
1586,6,"Beef",8405
1586,7,"Beef",25194
1586,9,"Sheepmeat",26335450
1586,10,"Sheepmeat",26335450
1586,13,"Forestry",330747
1586,20,"Fruit",115386
1586,21,"Fruit",230705
1586,22,"Fruit",58800
1586,23,"Veges",26264458
1587,2,"Beef",13704430
1587,3,"Beef",13704430
1587,4,"Beef",41079199
1587,5,"Beef",8405
1587,6,"Beef",8405
1587,7,"Beef",25194
1587,9,"Sheepmeat",26335450
1587,10,"Sheepmeat",26335450
1587,13,"Forestry",330747
1587,20,"Fruit",115386
1587,21,"Fruit",230705
1587,22,"Fruit",58800
1587,23,"Veges",26264458
1588,2,"Beef",13704430
1588,3,"Beef",13704430
1588,4,"Beef",41079199
1588,5,"Beef",8405
1588,6,"Beef",8405
1588,7,"Beef",25194
1588,9,"Sheepmeat",26335450
1588,10,"Sheepmeat",26335450
1588,13,"Forestry",330747
1588,20,"Fruit",115386
1588,21,"Fruit",230705
1588,22,"Fruit",58800
1588,23,"Veges",26264458
1589,2,"Beef",13704430
1589,3,"Beef",13704430
1589,4,"Beef",41079199
1589,5,"Beef",8405
1589,6,"Beef",8405
1589,7,"Beef",25194
1589,9,"Sheepmeat",26335450
1589,10,"Sheepmeat",26335450
1589,13,"Forestry",330747
1589,20,"Fruit",115386
1589,21,"Fruit",230705
1589,22,"Fruit",58800
1589,23,"Veges",26264458
1590,2,"Beef",13810399
1590,3,"Beef",13810399
1590,4,"Beef",41396842
1590,5,"Beef",8405
1590,6,"Beef",8405
1590,7,"Beef",25194
1590,8,"Sheepmeat",148687
1590,9,"Sheepmeat",26480578
1590,10,"Sheepmeat",26480578
1590,11,"Forestry",10228
1590,12,"Forestry",10228
1590,13,"Forestry",332620
1590,20,"Fruit",115386
1590,21,"Fruit",230705
1590,22,"Fruit",58803
1590,23,"Veges",26264458
1591,2,"Beef",13811555
1591,3,"Beef",13811555
1591,4,"Beef",41400308
1591,5,"Beef",8405
1591,6,"Beef",8405
1591,7,"Beef",25194
1591,8,"Sheepmeat",149582
1591,9,"Sheepmeat",26481409
1591,10,"Sheepmeat",26481409
1591,11,"Forestry",10228
1591,12,"Forestry",10228
1591,13,"Forestry",332620
1591,20,"Fruit",115386
1591,21,"Fruit",230705
1591,22,"Fruit",58803
1591,23,"Veges",26264458
1610,2,"Beef",71166
1610,3,"Beef",71166
1610,4,"Beef",213322
1610,8,"Sheepmeat",57294
1610,9,"Sheepmeat",53241
1610,10,"Sheepmeat",53241
1610,11,"Forestry",37
1610,12,"Forestry",37
1610,13,"Forestry",4
1610,14,"Forestry",4
1610,15,"Forestry",75
1610,16,"Forestry",1066
1611,2,"Beef",8667
1611,3,"Beef",8667
1611,4,"Beef",25980
1611,8,"Sheepmeat",6705
1611,9,"Sheepmeat",6231
1611,10,"Sheepmeat",6231
1611,17,"Fruit",46
1611,18,"Fruit",46
1611,19,"Fruit",101
1611,22,"Fruit",3
1612,2,"Beef",8667
1612,3,"Beef",8667
1612,4,"Beef",25980
1612,8,"Sheepmeat",6705
1612,9,"Sheepmeat",6231
1612,10,"Sheepmeat",6231
1612,17,"Fruit",46
1612,18,"Fruit",46
1612,19,"Fruit",101
1612,22,"Fruit",3
1615,2,"Beef",1748
1615,3,"Beef",1748
1615,4,"Beef",5241
1615,8,"Sheepmeat",5012
1615,9,"Sheepmeat",1257
1615,10,"Sheepmeat",1257
1615,11,"Forestry",127
1615,12,"Forestry",127
1615,13,"Forestry",12
1615,14,"Forestry",332224
1615,15,"Forestry",256
1615,16,"Forestry",3624
1615,17,"Fruit",3013917
1615,18,"Fruit",3013917
1615,19,"Fruit",6622546
1615,24,"Veges",6473492
1615,25,"Veges",6473492
1615,26,"Veges",2678832
1619,2,"Beef",303
1619,3,"Beef",303
1619,4,"Beef",909
1619,8,"Sheepmeat",314
1619,9,"Sheepmeat",292
1619,10,"Sheepmeat",292
1619,11,"Forestry",996
1619,12,"Forestry",996
1619,13,"Forestry",96
1619,14,"Forestry",96
1619,15,"Forestry",2008
1619,16,"Forestry",28408
1620,2,"Beef",1840
1620,3,"Beef",1840
1620,4,"Beef",5516
1620,8,"Sheepmeat",1424
1620,9,"Sheepmeat",1323
1620,10,"Sheepmeat",1323
1620,11,"Forestry",211
1620,12,"Forestry",211
1620,13,"Forestry",20
1620,14,"Forestry",20
1620,15,"Forestry",425
1620,16,"Forestry",6010
1621,2,"Beef",2304
1621,3,"Beef",2304
1621,4,"Beef",6907
1621,8,"Sheepmeat",1783
1621,9,"Sheepmeat",1656
1621,10,"Sheepmeat",1656
1621,11,"Forestry",270
1621,12,"Forestry",270
1621,13,"Forestry",26
1621,14,"Forestry",26
1621,15,"Forestry",544
1621,16,"Forestry",7693
1623,2,"Beef",275197
1623,3,"Beef",275197
1623,4,"Beef",824908
1623,8,"Sheepmeat",462720
1623,9,"Sheepmeat",429988
1623,10,"Sheepmeat",429988
1623,11,"Forestry",460066
1623,12,"Forestry",460066
1623,13,"Forestry",44523
1623,14,"Forestry",44523
1623,15,"Forestry",927553
1623,16,"Forestry",13119307
1624,2,"Beef",38686
1624,3,"Beef",38686
1624,4,"Beef",115962
1624,8,"Sheepmeat",36279
1624,9,"Sheepmeat",33712
1624,10,"Sheepmeat",33712
1624,11,"Forestry",31
1624,12,"Forestry",31
1624,13,"Forestry",3
1624,14,"Forestry",3
1624,15,"Forestry",63
1624,16,"Forestry",888
1624,17,"Fruit",130151
1624,18,"Fruit",130151
1624,19,"Fruit",285984
1624,20,"Fruit",16792
1624,21,"Fruit",33573
1624,22,"Fruit",8391
1624,23,"Veges",487250
1624,24,"Veges",471013
1624,25,"Veges",471013
1624,26,"Veges",194912
1625,2,"Beef",9151
1625,3,"Beef",9151
1625,4,"Beef",27429
1625,8,"Sheepmeat",27803
1625,9,"Sheepmeat",25836
1625,10,"Sheepmeat",25836
1625,11,"Forestry",8437
1625,12,"Forestry",8437
1625,13,"Forestry",817
1625,14,"Forestry",817
1625,15,"Forestry",17011
1625,16,"Forestry",240600
1626,2,"Beef",31481
1626,3,"Beef",31481
1626,4,"Beef",94363
1626,8,"Sheepmeat",83284
1626,9,"Sheepmeat",77393
1626,10,"Sheepmeat",77393
1626,11,"Forestry",24
1626,12,"Forestry",24
1626,13,"Forestry",2
1626,14,"Forestry",2
1626,15,"Forestry",49
1626,16,"Forestry",698
1627,2,"Beef",131352
1627,3,"Beef",131352
1627,4,"Beef",393730
1627,8,"Sheepmeat",142020
1627,9,"Sheepmeat",131973
1627,10,"Sheepmeat",131973
1627,11,"Forestry",1148
1627,12,"Forestry",1148
1627,13,"Forestry",111
1627,14,"Forestry",111
1627,15,"Forestry",2315
1627,16,"Forestry",32748
1627,17,"Fruit",1283
1627,18,"Fruit",1283
1627,19,"Fruit",2820
1627,20,"Fruit",166
1627,21,"Fruit",331
1627,22,"Fruit",83
1627,23,"Veges",717728
1627,24,"Veges",693810
1627,25,"Veges",693810
1627,26,"Veges",287109
1628,2,"Beef",42494
1628,3,"Beef",42494
1628,4,"Beef",127376
1628,8,"Sheepmeat",118483
1628,9,"Sheepmeat",110101
1628,10,"Sheepmeat",110101
1628,11,"Forestry",13606
1628,12,"Forestry",13606
1628,13,"Forestry",1317
1628,14,"Forestry",1317
1628,15,"Forestry",27432
1628,16,"Forestry",388003
1629,2,"Beef",49741
1629,3,"Beef",49741
1629,4,"Beef",149099
1629,8,"Sheepmeat",172027
1629,9,"Sheepmeat",159858
1629,10,"Sheepmeat",159858
1629,11,"Forestry",62195
1629,12,"Forestry",62195
1629,13,"Forestry",6019
1629,14,"Forestry",6019
1629,15,"Forestry",125393
1629,16,"Forestry",1773563
1629,17,"Fruit",154648
1629,18,"Fruit",154648
1629,19,"Fruit",339811
1629,20,"Fruit",19952
1629,21,"Fruit",39892
1629,22,"Fruit",9970
1629,23,"Veges",2545
1629,24,"Veges",2460
1629,25,"Veges",2460
1629,26,"Veges",1018
1630,2,"Beef",52132
1630,3,"Beef",52132
1630,4,"Beef",156266
1630,8,"Sheepmeat",126058
1630,9,"Sheepmeat",117141
1630,10,"Sheepmeat",117141
1630,11,"Forestry",40730
1630,12,"Forestry",40730
1630,13,"Forestry",3942
1630,14,"Forestry",3942
1630,15,"Forestry",82117
1630,16,"Forestry",1161457
1631,2,"Beef",65926
1631,3,"Beef",65926
1631,4,"Beef",197613
1631,8,"Sheepmeat",365725
1631,9,"Sheepmeat",339854
1631,10,"Sheepmeat",339854
1631,11,"Forestry",32
1631,12,"Forestry",32
1631,13,"Forestry",3
1631,14,"Forestry",3
1631,15,"Forestry",65
1631,16,"Forestry",925
1632,2,"Beef",66743
1632,3,"Beef",66743
1632,4,"Beef",200063
1632,8,"Sheepmeat",366358
1632,9,"Sheepmeat",340442
1632,10,"Sheepmeat",340442
1632,11,"Forestry",32
1632,12,"Forestry",32
1632,13,"Forestry",3
1632,14,"Forestry",3
1632,15,"Forestry",65
1632,16,"Forestry",925
1633,1,"Dairy",178491
1633,2,"Beef",176800
1633,3,"Beef",176800
1633,4,"Beef",529961
1633,5,"Beef",5096
1633,6,"Beef",5096
1633,7,"Beef",15276
1633,8,"Sheepmeat",658154
1633,9,"Sheepmeat",611597
1633,10,"Sheepmeat",611597
1634,2,"Beef",170215
1634,3,"Beef",170215
1634,4,"Beef",510220
1634,8,"Sheepmeat",651064
1634,9,"Sheepmeat",605008
1634,10,"Sheepmeat",605008
1635,1,"Dairy",178599
1635,2,"Beef",190589
1635,3,"Beef",190589
1635,4,"Beef",571293
1635,5,"Beef",5099
1635,6,"Beef",5099
1635,7,"Beef",15285
1635,8,"Sheepmeat",668822
1635,9,"Sheepmeat",621509
1635,10,"Sheepmeat",621509
1636,2,"Beef",38142
1636,3,"Beef",38142
1636,4,"Beef",114332
1636,8,"Sheepmeat",524054
1636,9,"Sheepmeat",486983
1636,10,"Sheepmeat",486983
1636,11,"Forestry",12007
1636,12,"Forestry",12007
1636,13,"Forestry",1162
1636,14,"Forestry",1162
1636,15,"Forestry",24208
1636,16,"Forestry",342397
1637,2,"Beef",48831
1637,3,"Beef",48831
1637,4,"Beef",146371
1637,8,"Sheepmeat",210839
1637,9,"Sheepmeat",195924
1637,10,"Sheepmeat",195924
1637,11,"Forestry",1460
1637,12,"Forestry",1460
1637,13,"Forestry",141
1637,14,"Forestry",141
1637,15,"Forestry",2944
1637,16,"Forestry",41633
1638,1,"Dairy",294382
1638,2,"Beef",819
1638,3,"Beef",819
1638,4,"Beef",2454
1638,8,"Sheepmeat",2886
1638,9,"Sheepmeat",2682
1638,10,"Sheepmeat",2682
1638,14,"Forestry",319429
1639,14,"Forestry",9
1640,2,"Beef",25371
1640,3,"Beef",25371
1640,4,"Beef",76051
1640,8,"Sheepmeat",475466
1640,9,"Sheepmeat",441832
1640,10,"Sheepmeat",441832
1640,11,"Forestry",12007
1640,12,"Forestry",12007
1640,13,"Forestry",1162
1640,14,"Forestry",1162
1640,15,"Forestry",24208
1640,16,"Forestry",342397
1641,2,"Beef",21958
1641,3,"Beef",21958
1641,4,"Beef",65818
1641,8,"Sheepmeat",432109
1641,9,"Sheepmeat",401542
1641,10,"Sheepmeat",401542
1641,11,"Forestry",12007
1641,12,"Forestry",12007
1641,13,"Forestry",1162
1641,14,"Forestry",1162
1641,15,"Forestry",24208
1641,16,"Forestry",342397
1642,2,"Beef",19643
1642,3,"Beef",19643
1642,4,"Beef",58881
1642,8,"Sheepmeat",396161
1642,9,"Sheepmeat",368136
1642,10,"Sheepmeat",368136
1642,11,"Forestry",12007
1642,12,"Forestry",12007
1642,13,"Forestry",1162
1642,14,"Forestry",1162
1642,15,"Forestry",24208
1642,16,"Forestry",342397
1643,2,"Beef",56783
1643,3,"Beef",56783
1643,4,"Beef",170208
1643,8,"Sheepmeat",116864
1643,9,"Sheepmeat",108597
1643,10,"Sheepmeat",108597
1643,11,"Forestry",21784
1643,12,"Forestry",21784
1643,13,"Forestry",2108
1643,14,"Forestry",2108
1643,15,"Forestry",43920
1643,16,"Forestry",621205
1645,2,"Beef",17278
1645,3,"Beef",17278
1645,4,"Beef",51791
1645,8,"Sheepmeat",13367
1645,9,"Sheepmeat",12421
1645,10,"Sheepmeat",12421
1645,11,"Forestry",815
1645,12,"Forestry",815
1645,13,"Forestry",79
1645,14,"Forestry",79
1645,15,"Forestry",1644
1645,16,"Forestry",23249
1646,2,"Beef",2513
1646,3,"Beef",2513
1646,4,"Beef",7532
1646,8,"Sheepmeat",1944
1646,9,"Sheepmeat",1806
1646,10,"Sheepmeat",1806
1646,17,"Fruit",324763
1646,18,"Fruit",324763
1646,19,"Fruit",713609
1646,20,"Fruit",41899
1646,21,"Fruit",83774
1646,22,"Fruit",20937
1646,23,"Veges",55670
1646,24,"Veges",53815
1646,25,"Veges",53815
1646,26,"Veges",22269
1647,2,"Beef",461310
1647,3,"Beef",461310
1647,4,"Beef",1382782
1647,8,"Sheepmeat",896949
1647,9,"Sheepmeat",833499
1647,10,"Sheepmeat",833499
1647,11,"Forestry",14785
1647,12,"Forestry",14785
1647,13,"Forestry",1431
1647,14,"Forestry",1431
1647,15,"Forestry",29809
1647,16,"Forestry",421624
1647,17,"Fruit",293503
1647,18,"Fruit",293503
1647,19,"Fruit",644921
1647,20,"Fruit",37866
1647,21,"Fruit",75711
1647,22,"Fruit",18922
1647,23,"Veges",5052
1647,24,"Veges",4884
1647,25,"Veges",4884
1647,26,"Veges",2021
1648,2,"Beef",4524
1648,3,"Beef",4524
1648,4,"Beef",13561
1648,8,"Sheepmeat",16925
1648,9,"Sheepmeat",15728
1648,10,"Sheepmeat",15728
1648,11,"Forestry",6019
1648,12,"Forestry",6019
1648,13,"Forestry",582
1648,14,"Forestry",582
1648,15,"Forestry",12135
1648,16,"Forestry",171633
1649,2,"Beef",130
1649,3,"Beef",130
1649,4,"Beef",388
1649,8,"Sheepmeat",1250
1649,9,"Sheepmeat",1161
1649,10,"Sheepmeat",1161
1649,11,"Forestry",3378
1649,12,"Forestry",3378
1649,13,"Forestry",327
1649,14,"Forestry",327
1649,15,"Forestry",6810
1649,16,"Forestry",96317
1650,2,"Beef",60010
1650,3,"Beef",60010
1650,4,"Beef",179880
1650,8,"Sheepmeat",532429
1650,9,"Sheepmeat",494765
1650,10,"Sheepmeat",494765
1651,2,"Beef",1200574
1651,3,"Beef",1200574
1651,4,"Beef",3598736
1651,8,"Sheepmeat",2021514
1651,9,"Sheepmeat",1878513
1651,10,"Sheepmeat",1878513
1651,11,"Forestry",175514
1651,12,"Forestry",175514
1651,13,"Forestry",16985
1651,14,"Forestry",16985
1651,15,"Forestry",353860
1651,16,"Forestry",5004992
1652,2,"Beef",34803
1652,3,"Beef",34803
1652,4,"Beef",104321
1652,8,"Sheepmeat",229722
1652,9,"Sheepmeat",213472
1652,10,"Sheepmeat",213472
1653,2,"Beef",124623
1653,3,"Beef",124623
1653,4,"Beef",373559
1653,8,"Sheepmeat",136287
1653,9,"Sheepmeat",126646
1653,10,"Sheepmeat",126646
1653,11,"Forestry",1148
1653,12,"Forestry",1148
1653,13,"Forestry",111
1653,14,"Forestry",111
1653,15,"Forestry",2315
1653,16,"Forestry",32748
1653,23,"Veges",717728
1653,24,"Veges",693810
1653,25,"Veges",693810
1653,26,"Veges",287109
1654,8,"Sheepmeat",35
1654,9,"Sheepmeat",33
1654,10,"Sheepmeat",33
1654,11,"Forestry",921
1654,12,"Forestry",921
1654,13,"Forestry",89
1654,14,"Forestry",89
1654,15,"Forestry",1857
1654,16,"Forestry",26268
1655,2,"Beef",207496
1655,3,"Beef",207496
1655,4,"Beef",621973
1655,5,"Beef",38
1655,6,"Beef",38
1655,7,"Beef",113
1655,8,"Sheepmeat",404031
1655,9,"Sheepmeat",375450
1655,10,"Sheepmeat",375450
1656,2,"Beef",47217
1656,3,"Beef",47217
1656,4,"Beef",141535
1656,8,"Sheepmeat",109173
1656,9,"Sheepmeat",101450
1656,10,"Sheepmeat",101450
1656,11,"Forestry",831
1656,12,"Forestry",831
1656,13,"Forestry",80
1656,14,"Forestry",80
1656,15,"Forestry",1676
1656,16,"Forestry",23710
1658,2,"Beef",442707
1658,3,"Beef",442707
1658,4,"Beef",1327019
1658,8,"Sheepmeat",1058817
1658,9,"Sheepmeat",983917
1658,10,"Sheepmeat",983917
1658,11,"Forestry",20417
1658,12,"Forestry",20417
1658,13,"Forestry",1976
1658,14,"Forestry",1976
1658,15,"Forestry",41162
1658,16,"Forestry",582201
1659,2,"Beef",418493
1659,3,"Beef",418493
1659,4,"Beef",1254437
1659,8,"Sheepmeat",801520
1659,9,"Sheepmeat",744821
1659,10,"Sheepmeat",744821
1659,11,"Forestry",6289
1659,12,"Forestry",6289
1659,13,"Forestry",609
1659,14,"Forestry",609
1659,15,"Forestry",12678
1659,16,"Forestry",179324
1660,2,"Beef",25048
1660,3,"Beef",25048
1660,4,"Beef",75083
1660,8,"Sheepmeat",129402
1660,9,"Sheepmeat",120248
1660,10,"Sheepmeat",120248
1660,11,"Forestry",32
1660,12,"Forestry",32
1660,13,"Forestry",3
1660,14,"Forestry",3
1660,15,"Forestry",65
1660,16,"Forestry",925
1661,2,"Beef",48982
1661,3,"Beef",48982
1661,4,"Beef",146824
1661,8,"Sheepmeat",463541
1661,9,"Sheepmeat",430750
1661,10,"Sheepmeat",430750
1661,11,"Forestry",39040
1661,12,"Forestry",39040
1661,13,"Forestry",3778
1661,14,"Forestry",3778
1661,15,"Forestry",78709
1661,16,"Forestry",1113263
1662,2,"Beef",6253
1662,3,"Beef",6253
1662,4,"Beef",18743
1662,8,"Sheepmeat",19581
1662,9,"Sheepmeat",18196
1662,10,"Sheepmeat",18196
1662,11,"Forestry",3045
1662,12,"Forestry",3045
1662,13,"Forestry",295
1662,14,"Forestry",295
1662,15,"Forestry",6139
1662,16,"Forestry",86836
1663,2,"Beef",35519
1663,3,"Beef",35519
1663,4,"Beef",106468
1663,8,"Sheepmeat",78013
1663,9,"Sheepmeat",72494
1663,10,"Sheepmeat",72494
1663,11,"Forestry",1068
1663,12,"Forestry",1068
1663,13,"Forestry",103
1663,14,"Forestry",103
1663,15,"Forestry",2154
1663,16,"Forestry",30468
1663,17,"Fruit",95
1663,18,"Fruit",95
1663,19,"Fruit",209
1663,20,"Fruit",12
1663,21,"Fruit",25
1663,22,"Fruit",6
1664,2,"Beef",152542
1664,3,"Beef",152542
1664,4,"Beef",457247
1664,8,"Sheepmeat",361310
1664,9,"Sheepmeat",335751
1664,10,"Sheepmeat",335751
1664,11,"Forestry",5545
1664,12,"Forestry",5545
1664,13,"Forestry",537
1664,14,"Forestry",537
1664,15,"Forestry",11180
1664,16,"Forestry",158128
1665,2,"Beef",117404
1665,3,"Beef",117404
1665,4,"Beef",351920
1665,8,"Sheepmeat",266013
1665,9,"Sheepmeat",247195
1665,10,"Sheepmeat",247195
1665,11,"Forestry",4598
1665,12,"Forestry",4598
1665,13,"Forestry",445
1665,14,"Forestry",445
1665,15,"Forestry",9270
1665,16,"Forestry",131110
1666,2,"Beef",9946
1666,3,"Beef",9946
1666,4,"Beef",29813
1666,8,"Sheepmeat",7712
1666,9,"Sheepmeat",7167
1666,10,"Sheepmeat",7167
1666,23,"Veges",89849
1666,24,"Veges",86854
1666,25,"Veges",86854
1666,26,"Veges",35942
1667,2,"Beef",302822
1667,3,"Beef",302822
1667,4,"Beef",907712
1667,8,"Sheepmeat",336081
1667,9,"Sheepmeat",312307
1667,10,"Sheepmeat",312307
1667,11,"Forestry",1616
1667,12,"Forestry",1616
1667,13,"Forestry",156
1667,14,"Forestry",156
1667,15,"Forestry",3258
1667,16,"Forestry",46077
1668,2,"Beef",132
1668,3,"Beef",132
1668,4,"Beef",395
1668,8,"Sheepmeat",121
1668,9,"Sheepmeat",112
1668,10,"Sheepmeat",112
1669,2,"Beef",72781
1669,3,"Beef",72781
1669,4,"Beef",218161
1669,8,"Sheepmeat",58354
1669,9,"Sheepmeat",54226
1669,10,"Sheepmeat",54226
1669,11,"Forestry",59
1669,12,"Forestry",59
1669,13,"Forestry",6
1669,14,"Forestry",6
1669,15,"Forestry",119
1669,16,"Forestry",1687
1672,2,"Beef",230644
1672,3,"Beef",230644
1672,4,"Beef",691358
1672,8,"Sheepmeat",245739
1672,9,"Sheepmeat",228355
1672,10,"Sheepmeat",228355
1672,11,"Forestry",986
1672,12,"Forestry",986
1672,13,"Forestry",95
1672,14,"Forestry",95
1672,15,"Forestry",1988
1672,16,"Forestry",28115
1673,2,"Beef",9766
1673,3,"Beef",9766
1673,4,"Beef",29274
1673,8,"Sheepmeat",8999
1673,9,"Sheepmeat",8362
1673,10,"Sheepmeat",8362
1674,8,"Sheepmeat",30026
1674,9,"Sheepmeat",27902
1674,10,"Sheepmeat",27902
1674,11,"Forestry",260182
1674,12,"Forestry",260182
1674,13,"Forestry",25179
1674,14,"Forestry",25179
1674,15,"Forestry",524561
1674,16,"Forestry",7419391
1675,2,"Beef",4491
1675,3,"Beef",4491
1675,4,"Beef",13462
1675,8,"Sheepmeat",9901
1675,9,"Sheepmeat",9200
1675,10,"Sheepmeat",9200
1675,11,"Forestry",225
1675,12,"Forestry",225
1675,13,"Forestry",22
1675,14,"Forestry",22
1675,15,"Forestry",454
1675,16,"Forestry",6417
1676,2,"Beef",123963
1676,3,"Beef",123963
1676,4,"Beef",371580
1676,8,"Sheepmeat",139004
1676,9,"Sheepmeat",129171
1676,10,"Sheepmeat",129171
1676,11,"Forestry",237831
1676,12,"Forestry",237831
1676,13,"Forestry",23016
1676,14,"Forestry",23016
1676,15,"Forestry",479499
1676,16,"Forestry",6782032
1677,2,"Beef",63268
1677,3,"Beef",63268
1677,4,"Beef",189645
1677,8,"Sheepmeat",273074
1677,9,"Sheepmeat",253757
1677,10,"Sheepmeat",253757
1677,11,"Forestry",191210
1677,12,"Forestry",191210
1677,13,"Forestry",18504
1677,14,"Forestry",18504
1677,15,"Forestry",385503
1677,16,"Forestry",5452556
1678,8,"Sheepmeat",16867
1678,9,"Sheepmeat",15674
1678,10,"Sheepmeat",15674
1678,11,"Forestry",174410
1678,12,"Forestry",174410
1678,13,"Forestry",16878
1678,14,"Forestry",16878
1678,15,"Forestry",351634
1678,16,"Forestry",4973512
1680,2,"Beef",37090
1680,3,"Beef",37090
1680,4,"Beef",111179
1680,8,"Sheepmeat",29124
1680,9,"Sheepmeat",27064
1680,10,"Sheepmeat",27064
1680,11,"Forestry",63
1680,12,"Forestry",63
1680,13,"Forestry",6
1680,14,"Forestry",6
1680,15,"Forestry",127
1680,16,"Forestry",1790
1682,2,"Beef",8667
1682,3,"Beef",8667
1682,4,"Beef",25980
1682,8,"Sheepmeat",6705
1682,9,"Sheepmeat",6231
1682,10,"Sheepmeat",6231
1682,17,"Fruit",46
1682,18,"Fruit",46
1682,19,"Fruit",101
1682,20,"Fruit",6
1682,21,"Fruit",12
1682,22,"Fruit",3
1685,2,"Beef",78
1685,3,"Beef",78
1685,4,"Beef",234
1685,8,"Sheepmeat",944
1685,9,"Sheepmeat",877
1685,10,"Sheepmeat",877
1686,2,"Beef",1844
1686,3,"Beef",1844
1686,4,"Beef",5528
1686,8,"Sheepmeat",6952
1686,9,"Sheepmeat",6460
1686,10,"Sheepmeat",6460
1686,11,"Forestry",39965
1686,12,"Forestry",39965
1686,13,"Forestry",3868
1686,14,"Forestry",3868
1686,15,"Forestry",80574
1686,16,"Forestry",1139640
1687,8,"Sheepmeat",2711
1687,9,"Sheepmeat",2520
1687,10,"Sheepmeat",2520
1687,11,"Forestry",26047
1687,12,"Forestry",26047
1687,13,"Forestry",2521
1687,14,"Forestry",2521
1687,15,"Forestry",52513
1687,16,"Forestry",742746
1688,2,"Beef",698265
1688,3,"Beef",698265
1688,4,"Beef",2093057
1688,8,"Sheepmeat",2136676
1688,9,"Sheepmeat",1985528
1688,10,"Sheepmeat",1985528
1688,11,"Forestry",180886
1688,12,"Forestry",180886
1688,13,"Forestry",17505
1688,14,"Forestry",17505
1688,15,"Forestry",364689
1688,16,"Forestry",5158155
1689,2,"Beef",1106206
1689,3,"Beef",1106206
1689,4,"Beef",3315867
1689,8,"Sheepmeat",1877824
1689,9,"Sheepmeat",1744988
1689,10,"Sheepmeat",1744988
1689,11,"Forestry",138013
1689,12,"Forestry",138013
1689,13,"Forestry",13356
1689,14,"Forestry",13356
1689,15,"Forestry",278251
1689,16,"Forestry",3935587
1690,2,"Beef",1106206
1690,3,"Beef",1106206
1690,4,"Beef",3315867
1690,8,"Sheepmeat",1877824
1690,9,"Sheepmeat",1744988
1690,10,"Sheepmeat",1744988
1690,11,"Forestry",138013
1690,12,"Forestry",138013
1690,13,"Forestry",13356
1690,14,"Forestry",13356
1690,15,"Forestry",278251
1690,16,"Forestry",3935587
1691,2,"Beef",1103782
1691,3,"Beef",1103782
1691,4,"Beef",3308600
1691,8,"Sheepmeat",1841599
1691,9,"Sheepmeat",1711326
1691,10,"Sheepmeat",1711326
1691,11,"Forestry",136208
1691,12,"Forestry",136208
1691,13,"Forestry",13181
1691,14,"Forestry",13181
1691,15,"Forestry",274612
1691,16,"Forestry",3884111
1692,2,"Beef",1103782
1692,3,"Beef",1103782
1692,4,"Beef",3308600
1692,8,"Sheepmeat",1841599
1692,9,"Sheepmeat",1711326
1692,10,"Sheepmeat",1711326
1692,11,"Forestry",136208
1692,12,"Forestry",136208
1692,13,"Forestry",13181
1692,14,"Forestry",13181
1692,15,"Forestry",274612
1692,16,"Forestry",3884111
1693,2,"Beef",1078186
1693,3,"Beef",1078186
1693,4,"Beef",3231875
1693,8,"Sheepmeat",1821671
1693,9,"Sheepmeat",1692807
1693,10,"Sheepmeat",1692807
1693,11,"Forestry",134875
1693,12,"Forestry",134875
1693,13,"Forestry",13052
1693,14,"Forestry",13052
1693,15,"Forestry",271925
1693,16,"Forestry",3846109
1694,2,"Beef",226570
1694,3,"Beef",226570
1694,4,"Beef",679147
1694,8,"Sheepmeat",525894
1694,9,"Sheepmeat",488693
1694,10,"Sheepmeat",488693
1694,11,"Forestry",33553
1694,12,"Forestry",33553
1694,13,"Forestry",3247
1694,14,"Forestry",3247
1694,15,"Forestry",67648
1694,16,"Forestry",956813
1695,2,"Beef",21474
1695,3,"Beef",21474
1695,4,"Beef",64369
1695,8,"Sheepmeat",73128
1695,9,"Sheepmeat",67955
1695,10,"Sheepmeat",67955
1695,11,"Forestry",763
1695,12,"Forestry",763
1695,13,"Forestry",74
1695,14,"Forestry",74
1695,15,"Forestry",1537
1695,16,"Forestry",21744
1696,2,"Beef",980928
1696,3,"Beef",980928
1696,4,"Beef",2940344
1696,8,"Sheepmeat",1705514
1696,9,"Sheepmeat",1584867
1696,10,"Sheepmeat",1584867
1696,11,"Forestry",118751
1696,12,"Forestry",118751
1696,13,"Forestry",11492
1696,14,"Forestry",11492
1696,15,"Forestry",239418
1696,16,"Forestry",3386325
1697,2,"Beef",761037
1697,3,"Beef",761037
1697,4,"Beef",2281219
1697,8,"Sheepmeat",1468213
1697,9,"Sheepmeat",1364352
1697,10,"Sheepmeat",1364352
1697,11,"Forestry",24359
1697,12,"Forestry",24359
1697,13,"Forestry",2357
1697,14,"Forestry",2357
1697,15,"Forestry",49110
1697,16,"Forestry",694618
1698,2,"Beef",761037
1698,3,"Beef",761037
1698,4,"Beef",2281219
1698,8,"Sheepmeat",1468213
1698,9,"Sheepmeat",1364352
1698,10,"Sheepmeat",1364352
1698,11,"Forestry",24359
1698,12,"Forestry",24359
1698,13,"Forestry",2357
1698,14,"Forestry",2357
1698,15,"Forestry",49110
1698,16,"Forestry",694618
1699,2,"Beef",761037
1699,3,"Beef",761037
1699,4,"Beef",2281219
1699,8,"Sheepmeat",1468213
1699,9,"Sheepmeat",1364352
1699,10,"Sheepmeat",1364352
1699,11,"Forestry",24359
1699,12,"Forestry",24359
1699,13,"Forestry",2357
1699,14,"Forestry",2357
1699,15,"Forestry",49110
1699,16,"Forestry",694618
1700,2,"Beef",761037
1700,3,"Beef",761037
1700,4,"Beef",2281219
1700,8,"Sheepmeat",1455484
1700,9,"Sheepmeat",1352524
1700,10,"Sheepmeat",1352524
1700,11,"Forestry",24349
1700,12,"Forestry",24349
1700,13,"Forestry",2356
1700,14,"Forestry",2356
1700,15,"Forestry",49090
1700,16,"Forestry",694333
1701,2,"Beef",681808
1701,3,"Beef",681808
1701,4,"Beef",2043728
1701,8,"Sheepmeat",1334094
1701,9,"Sheepmeat",1239721
1701,10,"Sheepmeat",1239721
1701,11,"Forestry",24029
1701,12,"Forestry",24029
1701,13,"Forestry",2325
1701,14,"Forestry",2325
1701,15,"Forestry",48446
1701,16,"Forestry",685221
1702,8,"Sheepmeat",256
1702,9,"Sheepmeat",238
1702,10,"Sheepmeat",238
1702,11,"Forestry",93
1702,12,"Forestry",93
1702,13,"Forestry",9
1702,14,"Forestry",9
1702,15,"Forestry",188
1702,16,"Forestry",235638579
1704,8,"Sheepmeat",256
1704,9,"Sheepmeat",238
1704,10,"Sheepmeat",238
1705,2,"Beef",4233
1705,3,"Beef",4233
1705,4,"Beef",12688
1705,8,"Sheepmeat",3275
1705,9,"Sheepmeat",3043
1705,10,"Sheepmeat",3043
1705,11,"Forestry",93
1705,12,"Forestry",93
1705,13,"Forestry",9
1705,14,"Forestry",9
1705,15,"Forestry",188
1705,16,"Forestry",2652
1706,2,"Beef",389482
1706,3,"Beef",389482
1706,4,"Beef",1167477
1706,8,"Sheepmeat",1054396
1706,9,"Sheepmeat",979808
1706,10,"Sheepmeat",979808
1706,11,"Forestry",20891
1706,12,"Forestry",20891
1706,13,"Forestry",2022
1706,14,"Forestry",2022
1706,15,"Forestry",42120
1706,16,"Forestry",595741
1707,2,"Beef",1106206
1707,3,"Beef",1106206
1707,4,"Beef",3315867
1707,8,"Sheepmeat",1877824
1707,9,"Sheepmeat",1744988
1707,10,"Sheepmeat",1744988
1707,11,"Forestry",138013
1707,12,"Forestry",138013
1707,13,"Forestry",13356
1707,14,"Forestry",13356
1707,15,"Forestry",278251
1707,16,"Forestry",3935587
1708,8,"Sheepmeat",5168
1708,9,"Sheepmeat",4802
1708,10,"Sheepmeat",4802
1708,11,"Forestry",14128
1708,12,"Forestry",14128
1708,13,"Forestry",1367
1708,14,"Forestry",1367
1708,15,"Forestry",28483
1708,16,"Forestry",402864
1709,2,"Beef",2013
1709,3,"Beef",2013
1709,4,"Beef",6035
1709,8,"Sheepmeat",7205
1709,9,"Sheepmeat",6695
1709,10,"Sheepmeat",6695
1709,11,"Forestry",225
1709,12,"Forestry",225
1709,13,"Forestry",22
1709,14,"Forestry",22
1709,15,"Forestry",454
1709,16,"Forestry",6417
1710,2,"Beef",95948
1710,3,"Beef",95948
1710,4,"Beef",287606
1710,8,"Sheepmeat",266722
1710,9,"Sheepmeat",247854
1710,10,"Sheepmeat",247854
1710,11,"Forestry",10550
1710,12,"Forestry",10550
1710,13,"Forestry",1021
1710,14,"Forestry",1021
1710,15,"Forestry",21271
1710,16,"Forestry",300859
1711,8,"Sheepmeat",2711
1711,9,"Sheepmeat",2520
1711,10,"Sheepmeat",2520
1711,11,"Forestry",26047
1711,12,"Forestry",26047
1711,13,"Forestry",2521
1711,14,"Forestry",2521
1711,15,"Forestry",52513
1711,16,"Forestry",742746
1713,2,"Beef",42494
1713,3,"Beef",42494
1713,4,"Beef",127376
1713,8,"Sheepmeat",118483
1713,9,"Sheepmeat",110101
1713,10,"Sheepmeat",110101
1713,11,"Forestry",13606
1713,12,"Forestry",13606
1713,13,"Forestry",1317
1713,14,"Forestry",1317
1713,15,"Forestry",27432
1713,16,"Forestry",388003
1714,2,"Beef",35916
1714,3,"Beef",35916
1714,4,"Beef",107659
1714,8,"Sheepmeat",32849
1714,9,"Sheepmeat",30525
1714,10,"Sheepmeat",30525
1714,11,"Forestry",71
1714,12,"Forestry",71
1714,13,"Forestry",7
1714,14,"Forestry",7
1714,15,"Forestry",143
1714,16,"Forestry",2018
1714,23,"Veges",2954030
1714,24,"Veges",2855587
1714,25,"Veges",2855587
1714,26,"Veges",1181686
1715,2,"Beef",21654
1715,3,"Beef",21654
1715,4,"Beef",64910
1715,8,"Sheepmeat",21702
1715,9,"Sheepmeat",20167
1715,10,"Sheepmeat",20167
1715,23,"Veges",997273
1715,24,"Veges",964039
1715,25,"Veges",964039
1715,26,"Veges",398934
1716,2,"Beef",7451
1716,3,"Beef",7451
1716,4,"Beef",22335
1716,8,"Sheepmeat",5765
1716,9,"Sheepmeat",5357
1716,10,"Sheepmeat",5357
1716,17,"Fruit",46
1716,18,"Fruit",46
1716,19,"Fruit",101
1716,20,"Fruit",6
1716,21,"Fruit",12
1716,22,"Fruit",3
1718,2,"Beef",1205
1718,3,"Beef",1205
1718,4,"Beef",3611
1718,8,"Sheepmeat",932
1718,9,"Sheepmeat",866
1718,10,"Sheepmeat",866
1718,11,"Forestry",93
1718,12,"Forestry",93
1718,13,"Forestry",9
1718,14,"Forestry",9
1718,15,"Forestry",188
1718,16,"Forestry",2665
1719,2,"Beef",356
1719,3,"Beef",356
1719,4,"Beef",1066
1719,8,"Sheepmeat",275
1719,9,"Sheepmeat",256
1719,10,"Sheepmeat",256
1721,2,"Beef",49666
1721,3,"Beef",49666
1721,4,"Beef",148875
1721,8,"Sheepmeat",38520
1721,9,"Sheepmeat",35795
1721,10,"Sheepmeat",35795
1731,2,"Beef",988
1731,3,"Beef",988
1731,4,"Beef",2961
1731,8,"Sheepmeat",7638
1731,9,"Sheepmeat",7098
1731,10,"Sheepmeat",7098
1741,2,"Beef",20254
1741,3,"Beef",20254
1741,4,"Beef",60712
1741,8,"Sheepmeat",15672
1741,9,"Sheepmeat",14563
1741,10,"Sheepmeat",14563
1741,11,"Forestry",2104
1741,12,"Forestry",2104
1741,13,"Forestry",204
1741,14,"Forestry",204
1741,15,"Forestry",4243
1741,16,"Forestry",60011
1742,2,"Beef",1196
1742,3,"Beef",1196
1742,4,"Beef",3585
1742,8,"Sheepmeat",925
1742,9,"Sheepmeat",860
1742,10,"Sheepmeat",860
1744,2,"Beef",63903
1744,3,"Beef",63903
1744,4,"Beef",191550
1744,8,"Sheepmeat",53585
1744,9,"Sheepmeat",49795
1744,10,"Sheepmeat",49795
1744,11,"Forestry",2110
1744,12,"Forestry",2110
1744,13,"Forestry",204
1744,14,"Forestry",204
1744,15,"Forestry",4254
1744,16,"Forestry",60164
1745,2,"Beef",6732
1745,3,"Beef",6732
1745,4,"Beef",20181
1745,8,"Sheepmeat",57802
1745,9,"Sheepmeat",53713
1745,10,"Sheepmeat",53713
1745,11,"Forestry",170
1745,12,"Forestry",170
1745,13,"Forestry",16
1745,14,"Forestry",16
1745,15,"Forestry",342
1745,16,"Forestry",4843
1748,2,"Beef",166772
1748,3,"Beef",166772
1748,4,"Beef",499900
1748,8,"Sheepmeat",176263
1748,9,"Sheepmeat",163794
1748,10,"Sheepmeat",163794
1748,11,"Forestry",5298
1748,12,"Forestry",5298
1748,13,"Forestry",513
1748,14,"Forestry",513
1748,15,"Forestry",10681
1748,16,"Forestry",151070
1748,17,"Fruit",108243
1748,18,"Fruit",108243
1748,19,"Fruit",237846
1748,20,"Fruit",13965
1748,21,"Fruit",27922
1748,22,"Fruit",6978
1751,8,"Sheepmeat",225
1751,9,"Sheepmeat",209
1751,10,"Sheepmeat",209
1753,2,"Beef",59676
1753,3,"Beef",59676
1753,4,"Beef",178879
1753,8,"Sheepmeat",436940
1753,9,"Sheepmeat",406031
1753,10,"Sheepmeat",406031
1753,11,"Forestry",102563
1753,12,"Forestry",102563
1753,13,"Forestry",9925
1753,14,"Forestry",9925
1753,15,"Forestry",206780
1753,16,"Forestry",2924695
1757,8,"Sheepmeat",29687
1757,9,"Sheepmeat",27587
1757,10,"Sheepmeat",27587
1757,11,"Forestry",29721
1757,12,"Forestry",29721
1757,13,"Forestry",2876
1757,14,"Forestry",2876
1757,15,"Forestry",59922
1757,16,"Forestry",847533
1761,2,"Beef",90957
1761,3,"Beef",90957
1761,4,"Beef",272646
1761,8,"Sheepmeat",74492
1761,9,"Sheepmeat",69223
1761,10,"Sheepmeat",69223
1761,11,"Forestry",483
1761,12,"Forestry",483
1761,13,"Forestry",47
1761,14,"Forestry",47
1761,15,"Forestry",974
1761,16,"Forestry",13774
1761,17,"Fruit",85409
1761,18,"Fruit",85409
1761,19,"Fruit",187671
1761,20,"Fruit",11019
1761,21,"Fruit",22032
1761,22,"Fruit",5506
1761,23,"Veges",8
1761,24,"Veges",7
1761,25,"Veges",7
1761,26,"Veges",3
1762,2,"Beef",56973
1762,3,"Beef",56973
1762,4,"Beef",170777
1762,8,"Sheepmeat",398613
1762,9,"Sheepmeat",370415
1762,10,"Sheepmeat",370415
1762,11,"Forestry",100435
1762,12,"Forestry",100435
1762,13,"Forestry",9720
1762,14,"Forestry",9720
1762,15,"Forestry",202490
1762,16,"Forestry",2864021
1766,2,"Beef",165151
1766,3,"Beef",165151
1766,4,"Beef",495042
1766,8,"Sheepmeat",161114
1766,9,"Sheepmeat",149717
1766,10,"Sheepmeat",149717
1766,11,"Forestry",26780
1766,12,"Forestry",26780
1766,13,"Forestry",2592
1766,14,"Forestry",2592
1766,15,"Forestry",53992
1766,16,"Forestry",763664
1766,23,"Veges",213404
1766,24,"Veges",206292
1766,25,"Veges",206292
1766,26,"Veges",85367
1767,2,"Beef",81289
1767,3,"Beef",81289
1767,4,"Beef",243666
1767,8,"Sheepmeat",253100
1767,9,"Sheepmeat",235196
1767,10,"Sheepmeat",235196
1767,11,"Forestry",10550
1767,12,"Forestry",10550
1767,13,"Forestry",1021
1767,14,"Forestry",1021
1767,15,"Forestry",21271
1767,16,"Forestry",300859
1768,2,"Beef",23769
1768,3,"Beef",23769
1768,4,"Beef",71248
1768,8,"Sheepmeat",295394
1768,9,"Sheepmeat",274498
1768,10,"Sheepmeat",274498
1768,11,"Forestry",96175
1768,12,"Forestry",96175
1768,13,"Forestry",9307
1768,14,"Forestry",9307
1768,15,"Forestry",193902
1768,16,"Forestry",2742550
1769,2,"Beef",47710
1769,3,"Beef",47710
1769,4,"Beef",143012
1769,8,"Sheepmeat",450920
1769,9,"Sheepmeat",419023
1769,10,"Sheepmeat",419023
1769,11,"Forestry",5706
1769,12,"Forestry",5706
1769,13,"Forestry",552
1769,14,"Forestry",552
1769,15,"Forestry",11504
1769,16,"Forestry",162714
1770,2,"Beef",24466
1770,3,"Beef",24466
1770,4,"Beef",73336
1770,8,"Sheepmeat",359563
1770,9,"Sheepmeat",334128
1770,10,"Sheepmeat",334128
1770,11,"Forestry",5275
1770,12,"Forestry",5275
1770,13,"Forestry",511
1770,14,"Forestry",511
1770,15,"Forestry",10635
1770,16,"Forestry",150428
1772,2,"Beef",20244
1772,3,"Beef",20244
1772,4,"Beef",60680
1772,8,"Sheepmeat",15661
1772,9,"Sheepmeat",14553
1772,10,"Sheepmeat",14553
1772,11,"Forestry",1396
1772,12,"Forestry",1396
1772,13,"Forestry",135
1772,14,"Forestry",135
1772,15,"Forestry",2814
1772,16,"Forestry",39807
1774,2,"Beef",773780
1774,3,"Beef",773780
1774,4,"Beef",2319416
1774,5,"Beef",38
1774,6,"Beef",38
1774,7,"Beef",113
1774,8,"Sheepmeat",2473909
1774,9,"Sheepmeat",2298906
1774,10,"Sheepmeat",2298906
1774,11,"Forestry",1398
1774,12,"Forestry",1398
1774,13,"Forestry",135
1774,14,"Forestry",135
1774,15,"Forestry",2818
1774,16,"Forestry",39852
1775,2,"Beef",145015
1775,3,"Beef",145015
1775,4,"Beef",434685
1775,8,"Sheepmeat",628748
1775,9,"Sheepmeat",584271
1775,10,"Sheepmeat",584271
1775,11,"Forestry",63912
1775,12,"Forestry",63912
1775,13,"Forestry",6185
1775,14,"Forestry",6185
1775,15,"Forestry",128855
1775,16,"Forestry",1822524
1776,2,"Beef",137287
1776,3,"Beef",137287
1776,4,"Beef",411519
1776,8,"Sheepmeat",226182
1776,9,"Sheepmeat",210182
1776,10,"Sheepmeat",210182
1776,11,"Forestry",1000
1776,12,"Forestry",1000
1776,13,"Forestry",97
1776,14,"Forestry",97
1776,15,"Forestry",2017
1776,16,"Forestry",28522
1776,17,"Fruit",38110
1776,18,"Fruit",38110
1776,19,"Fruit",83739
1776,20,"Fruit",4917
1776,21,"Fruit",9831
1776,22,"Fruit",2457
1777,2,"Beef",317107
1777,3,"Beef",317107
1777,4,"Beef",950533
1777,8,"Sheepmeat",275599
1777,9,"Sheepmeat",256103
1777,10,"Sheepmeat",256103
1777,11,"Forestry",845
1777,12,"Forestry",845
1777,13,"Forestry",82
1777,14,"Forestry",82
1777,15,"Forestry",1703
1777,16,"Forestry",24092
1777,17,"Fruit",302905
1777,18,"Fruit",302905
1777,19,"Fruit",665580
1777,20,"Fruit",39079
1777,21,"Fruit",78136
1777,22,"Fruit",19528
1777,23,"Veges",330730
1777,24,"Veges",319709
1777,25,"Veges",319709
1777,26,"Veges",132300
1778,2,"Beef",7812
1778,3,"Beef",7812
1778,4,"Beef",23418
1778,8,"Sheepmeat",128503
1778,9,"Sheepmeat",119413
1778,10,"Sheepmeat",119413
1778,11,"Forestry",2175
1778,12,"Forestry",2175
1778,13,"Forestry",210
1778,14,"Forestry",210
1778,15,"Forestry",4385
1778,16,"Forestry",62022
1779,2,"Beef",8906
1779,3,"Beef",8906
1779,4,"Beef",26697
1779,8,"Sheepmeat",6895
1779,9,"Sheepmeat",6407
1779,10,"Sheepmeat",6407
1779,11,"Forestry",8
1779,12,"Forestry",8
1779,13,"Forestry",1
1779,14,"Forestry",1
1779,15,"Forestry",16
1779,16,"Forestry",222
1780,2,"Beef",6689
1780,3,"Beef",6689
1780,4,"Beef",20051
1780,8,"Sheepmeat",18600
1780,9,"Sheepmeat",17285
1780,10,"Sheepmeat",17285
1780,11,"Forestry",6596
1780,12,"Forestry",6596
1780,13,"Forestry",638
1780,14,"Forestry",638
1780,15,"Forestry",13299
1780,16,"Forestry",188099
1781,2,"Beef",5026
1781,3,"Beef",5026
1781,4,"Beef",15066
1781,8,"Sheepmeat",17314
1781,9,"Sheepmeat",16089
1781,10,"Sheepmeat",16089
1781,11,"Forestry",6596
1781,12,"Forestry",6596
1781,13,"Forestry",638
1781,14,"Forestry",638
1781,15,"Forestry",13299
1781,16,"Forestry",188099
1782,2,"Beef",35749
1782,3,"Beef",35749
1782,4,"Beef",107159
1782,8,"Sheepmeat",67574
1782,9,"Sheepmeat",62794
1782,10,"Sheepmeat",62794
1782,11,"Forestry",159
1782,12,"Forestry",159
1782,13,"Forestry",15
1782,14,"Forestry",15
1782,15,"Forestry",321
1782,16,"Forestry",4545
1782,23,"Veges",391170
1782,24,"Veges",378135
1782,25,"Veges",378135
1782,26,"Veges",156478
1783,2,"Beef",24765
1783,3,"Beef",24765
1783,4,"Beef",74233
1783,8,"Sheepmeat",59076
1783,9,"Sheepmeat",54897
1783,10,"Sheepmeat",54897
1783,11,"Forestry",159
1783,12,"Forestry",159
1783,13,"Forestry",15
1783,14,"Forestry",15
1783,15,"Forestry",321
1783,16,"Forestry",4545
1783,23,"Veges",385265
1783,24,"Veges",372426
1783,25,"Veges",372426
1783,26,"Veges",154116
1784,2,"Beef",350885
1784,3,"Beef",350885
1784,4,"Beef",1051781
1784,8,"Sheepmeat",1339058
1784,9,"Sheepmeat",1244333
1784,10,"Sheepmeat",1244333
1784,11,"Forestry",280208
1784,12,"Forestry",280208
1784,13,"Forestry",27117
1784,14,"Forestry",27117
1784,15,"Forestry",564936
1784,16,"Forestry",7990450
1784,23,"Veges",170209
1784,24,"Veges",164536
1784,25,"Veges",164536
1784,26,"Veges",68088
1785,2,"Beef",43393
1785,3,"Beef",43393
1785,4,"Beef",130070
1785,8,"Sheepmeat",196278
1785,9,"Sheepmeat",182394
1785,10,"Sheepmeat",182394
1785,11,"Forestry",1605
1785,12,"Forestry",1605
1785,13,"Forestry",155
1785,14,"Forestry",155
1785,15,"Forestry",3235
1785,16,"Forestry",45754
1786,2,"Beef",4
1786,3,"Beef",4
1786,4,"Beef",11
1786,8,"Sheepmeat",14
1786,9,"Sheepmeat",13
1786,10,"Sheepmeat",13
1787,2,"Beef",126729
1787,3,"Beef",126729
1787,4,"Beef",379873
1787,8,"Sheepmeat",292159
1787,9,"Sheepmeat",271491
1787,10,"Sheepmeat",271491
1787,11,"Forestry",10550
1787,12,"Forestry",10550
1787,13,"Forestry",1021
1787,14,"Forestry",1021
1787,15,"Forestry",21271
1787,16,"Forestry",300859
1788,2,"Beef",22405
1788,3,"Beef",22405
1788,4,"Beef",67160
1788,8,"Sheepmeat",278291
1788,9,"Sheepmeat",258605
1788,10,"Sheepmeat",258605
1788,11,"Forestry",95304
1788,12,"Forestry",95304
1788,13,"Forestry",9223
1788,14,"Forestry",9223
1788,15,"Forestry",192145
1788,16,"Forestry",2717698
1795,2,"Beef",100983
1795,3,"Beef",100983
1795,4,"Beef",302699
1795,8,"Sheepmeat",107278
1795,9,"Sheepmeat",99689
1795,10,"Sheepmeat",99689
1796,2,"Beef",47435
1796,3,"Beef",47435
1796,4,"Beef",142186
1796,8,"Sheepmeat",58711
1796,9,"Sheepmeat",54558
1796,10,"Sheepmeat",54558
1797,2,"Beef",97113
1797,3,"Beef",97113
1797,4,"Beef",291098
1797,8,"Sheepmeat",132352
1797,9,"Sheepmeat",122990
1797,10,"Sheepmeat",122990
1797,11,"Forestry",71921
1797,12,"Forestry",71921
1797,13,"Forestry",6960
1797,14,"Forestry",6960
1797,15,"Forestry",145002
1797,16,"Forestry",2050906
1797,23,"Veges",70731
1797,24,"Veges",68374
1797,25,"Veges",68374
1797,26,"Veges",28294
1798,2,"Beef",233440
1798,3,"Beef",233440
1798,4,"Beef",699740
1798,8,"Sheepmeat",732068
1798,9,"Sheepmeat",680282
1798,10,"Sheepmeat",680282
1798,11,"Forestry",65465
1798,12,"Forestry",65465
1798,13,"Forestry",6335
1798,14,"Forestry",6335
1798,15,"Forestry",131985
1798,16,"Forestry",1866798
1799,2,"Beef",4762
1799,3,"Beef",4762
1799,4,"Beef",14273
1799,8,"Sheepmeat",92737
1799,9,"Sheepmeat",86177
1799,10,"Sheepmeat",86177
1799,11,"Forestry",119430
1799,12,"Forestry",119430
1799,13,"Forestry",11558
1799,14,"Forestry",11558
1799,15,"Forestry",240787
1799,16,"Forestry",3405684
1800,2,"Beef",6215
1800,3,"Beef",6215
1800,4,"Beef",18628
1800,8,"Sheepmeat",192073
1800,9,"Sheepmeat",178485
1800,10,"Sheepmeat",178485
1800,11,"Forestry",125248
1800,12,"Forestry",125248
1800,13,"Forestry",12121
1800,14,"Forestry",12121
1800,15,"Forestry",252516
1800,16,"Forestry",3571591
1801,2,"Beef",14826
1801,3,"Beef",14826
1801,4,"Beef",44442
1801,8,"Sheepmeat",42251
1801,9,"Sheepmeat",39262
1801,10,"Sheepmeat",39262
1801,11,"Forestry",21
1801,12,"Forestry",21
1801,13,"Forestry",2
1801,14,"Forestry",2
1801,15,"Forestry",41
1801,16,"Forestry",586
1803,2,"Beef",176305
1803,3,"Beef",176305
1803,4,"Beef",528477
1803,8,"Sheepmeat",655967
1803,9,"Sheepmeat",609564
1803,10,"Sheepmeat",609564
1803,11,"Forestry",65465
1803,12,"Forestry",65465
1803,13,"Forestry",6335
1803,14,"Forestry",6335
1803,15,"Forestry",131985
1803,16,"Forestry",1866798
1804,2,"Beef",126191
1804,3,"Beef",126191
1804,4,"Beef",378259
1804,8,"Sheepmeat",329197
1804,9,"Sheepmeat",305910
1804,10,"Sheepmeat",305910
1804,11,"Forestry",191692
1804,12,"Forestry",191692
1804,13,"Forestry",18551
1804,14,"Forestry",18551
1804,15,"Forestry",386475
1804,16,"Forestry",5466306
1805,2,"Beef",106813
1805,3,"Beef",106813
1805,4,"Beef",320174
1805,8,"Sheepmeat",312846
1805,9,"Sheepmeat",290715
1805,10,"Sheepmeat",290715
1805,11,"Forestry",191443
1805,12,"Forestry",191443
1805,13,"Forestry",18527
1805,14,"Forestry",18527
1805,15,"Forestry",385975
1805,16,"Forestry",5459223
1806,2,"Beef",63268
1806,3,"Beef",63268
1806,4,"Beef",189645
1806,8,"Sheepmeat",273074
1806,9,"Sheepmeat",253757
1806,10,"Sheepmeat",253757
1806,11,"Forestry",191210
1806,12,"Forestry",191210
1806,13,"Forestry",18504
1806,14,"Forestry",18504
1806,15,"Forestry",385503
1806,16,"Forestry",5452556
1807,2,"Beef",589
1807,3,"Beef",589
1807,4,"Beef",1767
1807,8,"Sheepmeat",456
1807,9,"Sheepmeat",424
1807,10,"Sheepmeat",424
1807,11,"Forestry",412
1807,12,"Forestry",412
1807,13,"Forestry",40
1807,14,"Forestry",40
1807,15,"Forestry",830
1807,16,"Forestry",11736
1807,23,"Veges",12098
1807,24,"Veges",11695
1807,25,"Veges",11695
1807,26,"Veges",4839
1808,2,"Beef",56537
1808,3,"Beef",56537
1808,4,"Beef",169472
1808,8,"Sheepmeat",60404
1808,9,"Sheepmeat",56131
1808,10,"Sheepmeat",56131
1808,11,"Forestry",205584
1808,12,"Forestry",205584
1808,13,"Forestry",19895
1808,14,"Forestry",19895
1808,15,"Forestry",414485
1808,16,"Forestry",5862470
1808,23,"Veges",1086435
1808,24,"Veges",1050230
1808,25,"Veges",1050230
1808,26,"Veges",434601
1809,2,"Beef",105905
1809,3,"Beef",105905
1809,4,"Beef",317453
1809,8,"Sheepmeat",104445
1809,9,"Sheepmeat",97056
1809,10,"Sheepmeat",97056
1809,11,"Forestry",205712
1809,12,"Forestry",205712
1809,13,"Forestry",19908
1809,14,"Forestry",19908
1809,15,"Forestry",414742
1809,16,"Forestry",5866115
1809,23,"Veges",3321276
1809,24,"Veges",3210594
1809,25,"Veges",3210594
1809,26,"Veges",1328594
1810,2,"Beef",129695
1810,3,"Beef",129695
1810,4,"Beef",388761
1810,8,"Sheepmeat",143481
1810,9,"Sheepmeat",133331
1810,10,"Sheepmeat",133331
1810,11,"Forestry",205888
1810,12,"Forestry",205888
1810,13,"Forestry",19925
1810,14,"Forestry",19925
1810,15,"Forestry",415096
1810,16,"Forestry",5871119
1810,23,"Veges",4184756
1810,24,"Veges",4045299
1810,25,"Veges",4045299
1810,26,"Veges",1674008
1811,2,"Beef",287957
1811,3,"Beef",287957
1811,4,"Beef",863153
1811,8,"Sheepmeat",586067
1811,9,"Sheepmeat",544609
1811,10,"Sheepmeat",544609
1811,11,"Forestry",33913
1811,12,"Forestry",33913
1811,13,"Forestry",3282
1811,14,"Forestry",3282
1811,15,"Forestry",68372
1811,16,"Forestry",967057
1812,2,"Beef",12506
1812,3,"Beef",12506
1812,4,"Beef",37486
1812,8,"Sheepmeat",78879
1812,9,"Sheepmeat",73299
1812,10,"Sheepmeat",73299
1812,11,"Forestry",22381
1812,12,"Forestry",22381
1812,13,"Forestry",2166
1812,14,"Forestry",2166
1812,15,"Forestry",45123
1812,16,"Forestry",638225
1813,2,"Beef",51151
1813,3,"Beef",51151
1813,4,"Beef",153327
1813,8,"Sheepmeat",151131
1813,9,"Sheepmeat",140440
1813,10,"Sheepmeat",140440
1813,11,"Forestry",87187
1813,12,"Forestry",87187
1813,13,"Forestry",8437
1813,14,"Forestry",8437
1813,15,"Forestry",175781
1813,16,"Forestry",2486248
1814,2,"Beef",46246
1814,3,"Beef",46246
1814,4,"Beef",138622
1814,8,"Sheepmeat",145522
1814,9,"Sheepmeat",135228
1814,10,"Sheepmeat",135228
1814,11,"Forestry",61907
1814,12,"Forestry",61907
1814,13,"Forestry",5991
1814,14,"Forestry",5991
1814,15,"Forestry",124812
1814,16,"Forestry",1765341
1815,2,"Beef",7368
1815,3,"Beef",7368
1815,4,"Beef",22084
1815,8,"Sheepmeat",73530
1815,9,"Sheepmeat",68329
1815,10,"Sheepmeat",68329
1815,11,"Forestry",46101
1815,12,"Forestry",46101
1815,13,"Forestry",4461
1815,14,"Forestry",4461
1815,15,"Forestry",92946
1815,16,"Forestry",1314627
1816,8,"Sheepmeat",34742
1816,9,"Sheepmeat",32284
1816,10,"Sheepmeat",32284
1816,11,"Forestry",45196
1816,12,"Forestry",45196
1816,13,"Forestry",4374
1816,14,"Forestry",4374
1816,15,"Forestry",91121
1816,16,"Forestry",1288812
1817,2,"Beef",308660
1817,3,"Beef",308660
1817,4,"Beef",925213
1817,8,"Sheepmeat",547520
1817,9,"Sheepmeat",508789
1817,10,"Sheepmeat",508789
1817,11,"Forestry",3603
1817,12,"Forestry",3603
1817,13,"Forestry",349
1817,14,"Forestry",349
1817,15,"Forestry",7264
1817,16,"Forestry",102748
1818,8,"Sheepmeat",170864
1818,9,"Sheepmeat",158777
1818,10,"Sheepmeat",158777
1818,11,"Forestry",10539
1818,12,"Forestry",10539
1818,13,"Forestry",1020
1818,14,"Forestry",1020
1818,15,"Forestry",21249
1818,16,"Forestry",300542
1819,2,"Beef",186411
1819,3,"Beef",186411
1819,4,"Beef",558768
1819,8,"Sheepmeat",237612
1819,9,"Sheepmeat",220804
1819,10,"Sheepmeat",220804
1819,11,"Forestry",247066
1819,12,"Forestry",247066
1819,13,"Forestry",23910
1819,14,"Forestry",23910
1819,15,"Forestry",498116
1819,16,"Forestry",7045356
1820,2,"Beef",179768
1820,3,"Beef",179768
1820,4,"Beef",538858
1820,8,"Sheepmeat",201557
1820,9,"Sheepmeat",187299
1820,10,"Sheepmeat",187299
1820,11,"Forestry",241462
1820,12,"Forestry",241462
1820,13,"Forestry",23367
1820,14,"Forestry",23367
1820,15,"Forestry",486819
1820,16,"Forestry",6885574
1821,2,"Beef",79793
1821,3,"Beef",79793
1821,4,"Beef",239181
1821,8,"Sheepmeat",95266
1821,9,"Sheepmeat",88527
1821,10,"Sheepmeat",88527
1821,11,"Forestry",236553
1821,12,"Forestry",236553
1821,13,"Forestry",22892
1821,14,"Forestry",22892
1821,15,"Forestry",476920
1821,16,"Forestry",6745562
1822,2,"Beef",70109
1822,3,"Beef",70109
1822,4,"Beef",210152
1822,8,"Sheepmeat",79947
1822,9,"Sheepmeat",74292
1822,10,"Sheepmeat",74292
1822,11,"Forestry",236508
1822,12,"Forestry",236508
1822,13,"Forestry",22888
1822,14,"Forestry",22888
1822,15,"Forestry",476831
1822,16,"Forestry",6744300
1823,2,"Beef",3708
1823,3,"Beef",3708
1823,4,"Beef",11115
1823,8,"Sheepmeat",6055
1823,9,"Sheepmeat",5626
1823,10,"Sheepmeat",5626
1823,11,"Forestry",70864
1823,12,"Forestry",70864
1823,13,"Forestry",6858
1823,14,"Forestry",6858
1823,15,"Forestry",142871
1823,16,"Forestry",2020772
1824,2,"Beef",482
1824,3,"Beef",482
1824,4,"Beef",1444
1824,8,"Sheepmeat",9938
1824,9,"Sheepmeat",9235
1824,10,"Sheepmeat",9235
1824,11,"Forestry",207638
1824,12,"Forestry",207638
1824,13,"Forestry",20094
1824,14,"Forestry",20094
1824,15,"Forestry",418626
1824,16,"Forestry",5921040
1825,2,"Beef",49536
1825,3,"Beef",49536
1825,4,"Beef",148483
1825,8,"Sheepmeat",810545
1825,9,"Sheepmeat",753208
1825,10,"Sheepmeat",753208
1825,11,"Forestry",174662
1825,12,"Forestry",174662
1825,13,"Forestry",16903
1825,14,"Forestry",16903
1825,15,"Forestry",352141
1825,16,"Forestry",4980681
1826,2,"Beef",14672
1826,3,"Beef",14672
1826,4,"Beef",43980
1826,8,"Sheepmeat",488125
1826,9,"Sheepmeat",453595
1826,10,"Sheepmeat",453595
1826,11,"Forestry",162920
1826,12,"Forestry",162920
1826,13,"Forestry",15766
1826,14,"Forestry",15766
1826,15,"Forestry",328468
1826,16,"Forestry",4645854
1827,2,"Beef",115886
1827,3,"Beef",115886
1827,4,"Beef",347369
1827,8,"Sheepmeat",151698
1827,9,"Sheepmeat",140967
1827,10,"Sheepmeat",140967
1827,11,"Forestry",3664
1827,12,"Forestry",3664
1827,13,"Forestry",355
1827,14,"Forestry",355
1827,15,"Forestry",7386
1827,16,"Forestry",104473
1827,23,"Veges",98428
1827,24,"Veges",95148
1827,25,"Veges",95148
1827,26,"Veges",39374
1828,2,"Beef",40572
1828,3,"Beef",40572
1828,4,"Beef",121614
1828,8,"Sheepmeat",89277
1828,9,"Sheepmeat",82962
1828,10,"Sheepmeat",82962
1828,11,"Forestry",3343
1828,12,"Forestry",3343
1828,13,"Forestry",324
1828,14,"Forestry",324
1828,15,"Forestry",6740
1828,16,"Forestry",95328
1829,2,"Beef",711010
1829,3,"Beef",711010
1829,4,"Beef",2131263
1829,8,"Sheepmeat",2731282
1829,9,"Sheepmeat",2538073
1829,10,"Sheepmeat",2538073
1829,11,"Forestry",422590
1829,12,"Forestry",422590
1829,13,"Forestry",40896
1829,14,"Forestry",40896
1829,15,"Forestry",851995
1829,16,"Forestry",12050622
1830,2,"Beef",1818
1830,3,"Beef",1818
1830,4,"Beef",5449
1830,8,"Sheepmeat",4374
1830,9,"Sheepmeat",4065
1830,10,"Sheepmeat",4065
1830,11,"Forestry",60369
1830,12,"Forestry",60369
1830,13,"Forestry",5842
1830,14,"Forestry",5842
1830,15,"Forestry",121712
1830,16,"Forestry",1721501
1831,2,"Beef",308570
1831,3,"Beef",308570
1831,4,"Beef",924942
1831,8,"Sheepmeat",547450
1831,9,"Sheepmeat",508724
1831,10,"Sheepmeat",508724
1831,11,"Forestry",3603
1831,12,"Forestry",3603
1831,13,"Forestry",349
1831,14,"Forestry",349
1831,15,"Forestry",7264
1831,16,"Forestry",102748
1832,2,"Beef",396129
1832,3,"Beef",396129
1832,4,"Beef",1187401
1832,8,"Sheepmeat",1264510
1832,9,"Sheepmeat",1175059
1832,10,"Sheepmeat",1175059
1832,11,"Forestry",160841
1832,12,"Forestry",160841
1832,13,"Forestry",15565
1832,14,"Forestry",15565
1832,15,"Forestry",324277
1832,16,"Forestry",4586574
1833,2,"Beef",110882
1833,3,"Beef",110882
1833,4,"Beef",332371
1833,8,"Sheepmeat",535928
1833,9,"Sheepmeat",498016
1833,10,"Sheepmeat",498016
1833,11,"Forestry",123616
1833,12,"Forestry",123616
1833,13,"Forestry",11963
1833,14,"Forestry",11963
1833,15,"Forestry",249226
1833,16,"Forestry",3525058
1834,2,"Beef",86755
1834,3,"Beef",86755
1834,4,"Beef",260049
1834,8,"Sheepmeat",342994
1834,9,"Sheepmeat",318730
1834,10,"Sheepmeat",318730
1834,11,"Forestry",51117
1834,12,"Forestry",51117
1834,13,"Forestry",4947
1834,14,"Forestry",4947
1834,15,"Forestry",103059
1834,16,"Forestry",1457673
1835,2,"Beef",39398
1835,3,"Beef",39398
1835,4,"Beef",118095
1835,8,"Sheepmeat",230404
1835,9,"Sheepmeat",214105
1835,10,"Sheepmeat",214105
1835,11,"Forestry",2087
1835,12,"Forestry",2087
1835,13,"Forestry",202
1835,14,"Forestry",202
1835,15,"Forestry",4207
1835,16,"Forestry",59510
1835,23,"Veges",298407
1835,24,"Veges",288462
1835,25,"Veges",288462
1835,26,"Veges",119370
1836,2,"Beef",6435
1836,3,"Beef",6435
1836,4,"Beef",19289
1836,8,"Sheepmeat",33023
1836,9,"Sheepmeat",30687
1836,10,"Sheepmeat",30687
1837,1,"Dairy",294373
1837,2,"Beef",22862
1837,3,"Beef",22862
1837,4,"Beef",68528
1837,5,"Beef",8405
1837,6,"Beef",8405
1837,7,"Beef",25193
1837,8,"Sheepmeat",21622
1837,9,"Sheepmeat",20093
1837,10,"Sheepmeat",20093
1838,2,"Beef",56892
1838,3,"Beef",56892
1838,4,"Beef",170536
1838,8,"Sheepmeat",51137
1838,9,"Sheepmeat",47520
1838,10,"Sheepmeat",47520
1839,2,"Beef",8044
1839,3,"Beef",8044
1839,4,"Beef",24112
1839,8,"Sheepmeat",157025
1839,9,"Sheepmeat",145917
1839,10,"Sheepmeat",145917
1839,11,"Forestry",1032
1839,12,"Forestry",1032
1839,13,"Forestry",100
1839,14,"Forestry",100
1839,15,"Forestry",2081
1839,16,"Forestry",29440
1840,2,"Beef",8044
1840,3,"Beef",8044
1840,4,"Beef",24112
1840,8,"Sheepmeat",79922
1840,9,"Sheepmeat",74268
1840,10,"Sheepmeat",74268
1840,11,"Forestry",504
1840,12,"Forestry",504
1840,13,"Forestry",49
1840,14,"Forestry",49
1840,15,"Forestry",1015
1840,16,"Forestry",14358
1841,2,"Beef",317781
1841,3,"Beef",317781
1841,4,"Beef",952551
1841,8,"Sheepmeat",1293566
1841,9,"Sheepmeat",1202060
1841,10,"Sheepmeat",1202060
1841,11,"Forestry",28640
1841,12,"Forestry",28640
1841,13,"Forestry",2772
1841,14,"Forestry",2772
1841,15,"Forestry",57742
1841,16,"Forestry",816705
1842,2,"Beef",187467
1842,3,"Beef",187467
1842,4,"Beef",561935
1842,8,"Sheepmeat",1056180
1842,9,"Sheepmeat",981466
1842,10,"Sheepmeat",981466
1842,11,"Forestry",27195
1842,12,"Forestry",27195
1842,13,"Forestry",2632
1842,14,"Forestry",2632
1842,15,"Forestry",54828
1842,16,"Forestry",775487
1843,2,"Beef",66500
1843,3,"Beef",66500
1843,4,"Beef",199335
1843,8,"Sheepmeat",624918
1843,9,"Sheepmeat",580712
1843,10,"Sheepmeat",580712
1843,11,"Forestry",24580
1843,12,"Forestry",24580
1843,13,"Forestry",2379
1843,14,"Forestry",2379
1843,15,"Forestry",49556
1843,16,"Forestry",700921
1844,2,"Beef",331579
1844,3,"Beef",331579
1844,4,"Beef",993912
1844,8,"Sheepmeat",294801
1844,9,"Sheepmeat",273947
1844,10,"Sheepmeat",273947
1844,11,"Forestry",33
1844,12,"Forestry",33
1844,13,"Forestry",3
1844,14,"Forestry",3
1844,15,"Forestry",67
1844,16,"Forestry",953
1844,23,"Veges",1188
1844,24,"Veges",1149
1844,25,"Veges",1149
1844,26,"Veges",475
1845,2,"Beef",321
1845,3,"Beef",321
1845,4,"Beef",963
1845,8,"Sheepmeat",249
1845,9,"Sheepmeat",231
1845,10,"Sheepmeat",231
1846,2,"Beef",8044
1846,3,"Beef",8044
1846,4,"Beef",24112
1846,8,"Sheepmeat",41140
1846,9,"Sheepmeat",38230
1846,10,"Sheepmeat",38230
1846,11,"Forestry",159
1846,12,"Forestry",159
1846,13,"Forestry",15
1846,14,"Forestry",15
1846,15,"Forestry",320
1846,16,"Forestry",4524
1847,2,"Beef",8044
1847,3,"Beef",8044
1847,4,"Beef",24112
1847,8,"Sheepmeat",71856
1847,9,"Sheepmeat",66773
1847,10,"Sheepmeat",66773
1847,11,"Forestry",364
1847,12,"Forestry",364
1847,13,"Forestry",35
1847,14,"Forestry",35
1847,15,"Forestry",735
1847,16,"Forestry",10390
1848,2,"Beef",7741
1848,3,"Beef",7741
1848,4,"Beef",23205
1848,8,"Sheepmeat",38982
1848,9,"Sheepmeat",36225
1848,10,"Sheepmeat",36225
1849,2,"Beef",3389
1849,3,"Beef",3389
1849,4,"Beef",10159
1849,8,"Sheepmeat",33552
1849,9,"Sheepmeat",31179
1849,10,"Sheepmeat",31179
1850,1,"Dairy",294382
1850,2,"Beef",444021
1850,3,"Beef",444021
1850,4,"Beef",1330960
1850,5,"Beef",8405
1850,6,"Beef",8405
1850,7,"Beef",25194
1850,8,"Sheepmeat",640307
1850,9,"Sheepmeat",595012
1850,10,"Sheepmeat",595012
1850,11,"Forestry",14214
1850,12,"Forestry",14214
1850,13,"Forestry",1376
1850,14,"Forestry",1376
1850,15,"Forestry",28658
1850,16,"Forestry",405333
1850,23,"Veges",1561730
1850,24,"Veges",1509686
1850,25,"Veges",1509686
1850,26,"Veges",624732
1851,1,"Dairy",294382
1851,2,"Beef",386136
1851,3,"Beef",386136
1851,4,"Beef",1157448
1851,5,"Beef",8405
1851,6,"Beef",8405
1851,7,"Beef",25194
1851,8,"Sheepmeat",583969
1851,9,"Sheepmeat",542659
1851,10,"Sheepmeat",542659
1851,11,"Forestry",14214
1851,12,"Forestry",14214
1851,13,"Forestry",1376
1851,14,"Forestry",1376
1851,15,"Forestry",28658
1851,16,"Forestry",405333
1851,23,"Veges",1561730
1851,24,"Veges",1509686
1851,25,"Veges",1509686
1851,26,"Veges",624732
1852,1,"Dairy",10
1852,2,"Beef",312897
1852,3,"Beef",312897
1852,4,"Beef",937912
1852,5,"Beef",0
1852,6,"Beef",0
1852,7,"Beef",1
1852,8,"Sheepmeat",508092
1852,9,"Sheepmeat",472149
1852,10,"Sheepmeat",472149
1852,11,"Forestry",14214
1852,12,"Forestry",14214
1852,13,"Forestry",1376
1852,14,"Forestry",1376
1852,15,"Forestry",28658
1852,16,"Forestry",405333
1852,23,"Veges",1199157
1852,24,"Veges",1159195
1852,25,"Veges",1159195
1852,26,"Veges",479693
1854,2,"Beef",27122
1854,3,"Beef",27122
1854,4,"Beef",81298
1854,8,"Sheepmeat",53464
1854,9,"Sheepmeat",49682
1854,10,"Sheepmeat",49682
1854,11,"Forestry",342
1854,12,"Forestry",342
1854,13,"Forestry",33
1854,14,"Forestry",33
1854,15,"Forestry",691
1854,16,"Forestry",9766
1855,2,"Beef",39382
1855,3,"Beef",39382
1855,4,"Beef",118049
1855,8,"Sheepmeat",88356
1855,9,"Sheepmeat",82106
1855,10,"Sheepmeat",82106
1855,11,"Forestry",3336
1855,12,"Forestry",3336
1855,13,"Forestry",323
1855,14,"Forestry",323
1855,15,"Forestry",6727
1855,16,"Forestry",95141
1856,2,"Beef",266191
1856,3,"Beef",266191
1856,4,"Beef",797911
1856,8,"Sheepmeat",448280
1856,9,"Sheepmeat",416569
1856,10,"Sheepmeat",416569
1856,11,"Forestry",9773
1856,12,"Forestry",9773
1856,13,"Forestry",946
1856,14,"Forestry",946
1856,15,"Forestry",19704
1856,16,"Forestry",278696
1856,23,"Veges",1179101
1856,24,"Veges",1139807
1856,25,"Veges",1139807
1856,26,"Veges",471670
1857,2,"Beef",1170
1857,3,"Beef",1170
1857,4,"Beef",3506
1857,8,"Sheepmeat",905
1857,9,"Sheepmeat",841
1857,10,"Sheepmeat",841
1859,2,"Beef",35656
1859,3,"Beef",35656
1859,4,"Beef",106880
1859,8,"Sheepmeat",365556
1859,9,"Sheepmeat",339697
1859,10,"Sheepmeat",339697
1859,11,"Forestry",3752
1859,12,"Forestry",3752
1859,13,"Forestry",363
1859,14,"Forestry",363
1859,15,"Forestry",7564
1859,16,"Forestry",106985
1860,2,"Beef",35226
1860,3,"Beef",35226
1860,4,"Beef",105590
1860,8,"Sheepmeat",241844
1860,9,"Sheepmeat",224736
1860,10,"Sheepmeat",224736
1860,11,"Forestry",89762
1860,12,"Forestry",89762
1860,13,"Forestry",8687
1860,14,"Forestry",8687
1860,15,"Forestry",180971
1860,16,"Forestry",2559653
1861,2,"Beef",31512
1861,3,"Beef",31512
1861,4,"Beef",94457
1861,8,"Sheepmeat",237332
1861,9,"Sheepmeat",220544
1861,10,"Sheepmeat",220544
1861,11,"Forestry",80041
1861,12,"Forestry",80041
1861,13,"Forestry",7746
1861,14,"Forestry",7746
1861,15,"Forestry",161373
1861,16,"Forestry",2282455
1862,2,"Beef",905565
1862,3,"Beef",905565
1862,4,"Beef",2714441
1862,8,"Sheepmeat",1399784
1862,9,"Sheepmeat",1300764
1862,10,"Sheepmeat",1300764
1862,11,"Forestry",70221
1862,12,"Forestry",70221
1862,13,"Forestry",6796
1862,14,"Forestry",6796
1862,15,"Forestry",141575
1862,16,"Forestry",2002436
1862,23,"Veges",1812610
1862,24,"Veges",1752205
1862,25,"Veges",1752205
1862,26,"Veges",725090
1863,2,"Beef",896925
1863,3,"Beef",896925
1863,4,"Beef",2688543
1863,8,"Sheepmeat",1390207
1863,9,"Sheepmeat",1291864
1863,10,"Sheepmeat",1291864
1863,11,"Forestry",47368
1863,12,"Forestry",47368
1863,13,"Forestry",4584
1863,14,"Forestry",4584
1863,15,"Forestry",95499
1863,16,"Forestry",1350739
1863,23,"Veges",1812610
1863,24,"Veges",1752205
1863,25,"Veges",1752205
1863,26,"Veges",725090
1864,2,"Beef",591005
1864,3,"Beef",591005
1864,4,"Beef",1771544
1864,8,"Sheepmeat",783843
1864,9,"Sheepmeat",728395
1864,10,"Sheepmeat",728395
1864,11,"Forestry",13078
1864,12,"Forestry",13078
1864,13,"Forestry",1266
1864,14,"Forestry",1266
1864,15,"Forestry",26367
1864,16,"Forestry",372941
1864,23,"Veges",1812610
1864,24,"Veges",1752205
1864,25,"Veges",1752205
1864,26,"Veges",725090
1865,2,"Beef",510853
1865,3,"Beef",510853
1865,4,"Beef",1531289
1865,8,"Sheepmeat",719826
1865,9,"Sheepmeat",668906
1865,10,"Sheepmeat",668906
1865,11,"Forestry",13058
1865,12,"Forestry",13058
1865,13,"Forestry",1264
1865,14,"Forestry",1264
1865,15,"Forestry",26327
1865,16,"Forestry",372367
1865,23,"Veges",1812610
1865,24,"Veges",1752205
1865,25,"Veges",1752205
1865,26,"Veges",725090
1866,2,"Beef",162732
1866,3,"Beef",162732
1866,4,"Beef",487791
1866,8,"Sheepmeat",246756
1866,9,"Sheepmeat",229300
1866,10,"Sheepmeat",229300
1866,11,"Forestry",54
1866,12,"Forestry",54
1866,13,"Forestry",5
1866,14,"Forestry",5
1866,15,"Forestry",110
1866,16,"Forestry",1552
1866,23,"Veges",84094
1866,24,"Veges",81291
1866,25,"Veges",81291
1866,26,"Veges",33640
1867,2,"Beef",799319
1867,3,"Beef",799319
1867,4,"Beef",2395969
1867,8,"Sheepmeat",2928854
1867,9,"Sheepmeat",2721669
1867,10,"Sheepmeat",2721669
1867,11,"Forestry",506749
1867,12,"Forestry",506749
1867,13,"Forestry",49040
1867,14,"Forestry",49040
1867,15,"Forestry",1021672
1867,16,"Forestry",14450531
1868,2,"Beef",29882
1868,3,"Beef",29882
1868,4,"Beef",89571
1868,8,"Sheepmeat",508946
1868,9,"Sheepmeat",472944
1868,10,"Sheepmeat",472944
1868,11,"Forestry",58862
1868,12,"Forestry",58862
1868,13,"Forestry",5696
1868,14,"Forestry",5696
1868,15,"Forestry",118674
1868,16,"Forestry",1678527
1869,2,"Beef",483168
1869,3,"Beef",483168
1869,4,"Beef",1448302
1869,8,"Sheepmeat",683944
1869,9,"Sheepmeat",635562
1869,10,"Sheepmeat",635562
1869,11,"Forestry",13044
1869,12,"Forestry",13044
1869,13,"Forestry",1262
1869,14,"Forestry",1262
1869,15,"Forestry",26299
1869,16,"Forestry",371971
1869,23,"Veges",1812610
1869,24,"Veges",1752205
1869,25,"Veges",1752205
1869,26,"Veges",725090
1870,2,"Beef",479525
1870,3,"Beef",479525
1870,4,"Beef",1437384
1870,8,"Sheepmeat",653442
1870,9,"Sheepmeat",607217
1870,10,"Sheepmeat",607217
1870,11,"Forestry",12536
1870,12,"Forestry",12536
1870,13,"Forestry",1213
1870,14,"Forestry",1213
1870,15,"Forestry",25274
1870,16,"Forestry",357473
1870,23,"Veges",1812610
1870,24,"Veges",1752205
1870,25,"Veges",1752205
1870,26,"Veges",725090
1871,2,"Beef",479525
1871,3,"Beef",479525
1871,4,"Beef",1437384
1871,8,"Sheepmeat",653442
1871,9,"Sheepmeat",607217
1871,10,"Sheepmeat",607217
1871,11,"Forestry",12536
1871,12,"Forestry",12536
1871,13,"Forestry",1213
1871,14,"Forestry",1213
1871,15,"Forestry",25274
1871,16,"Forestry",357473
1871,23,"Veges",1812610
1871,24,"Veges",1752205
1871,25,"Veges",1752205
1871,26,"Veges",725090
1872,2,"Beef",356543
1872,3,"Beef",356543
1872,4,"Beef",1068741
1872,8,"Sheepmeat",545980
1872,9,"Sheepmeat",507358
1872,10,"Sheepmeat",507358
1872,11,"Forestry",12155
1872,12,"Forestry",12155
1872,13,"Forestry",1176
1872,14,"Forestry",1176
1872,15,"Forestry",24506
1872,16,"Forestry",346613
1872,23,"Veges",1560359
1872,24,"Veges",1508360
1872,25,"Veges",1508360
1872,26,"Veges",624183
1873,2,"Beef",334112
1873,3,"Beef",334112
1873,4,"Beef",1001505
1873,8,"Sheepmeat",527046
1873,9,"Sheepmeat",489763
1873,10,"Sheepmeat",489763
1873,11,"Forestry",12155
1873,12,"Forestry",12155
1873,13,"Forestry",1176
1873,14,"Forestry",1176
1873,15,"Forestry",24506
1873,16,"Forestry",346613
1873,23,"Veges",1179918
1873,24,"Veges",1140597
1873,25,"Veges",1140597
1873,26,"Veges",471997
1874,2,"Beef",333911
1874,3,"Beef",333911
1874,4,"Beef",1000902
1874,8,"Sheepmeat",526890
1874,9,"Sheepmeat",489618
1874,10,"Sheepmeat",489618
1874,11,"Forestry",12155
1874,12,"Forestry",12155
1874,13,"Forestry",1176
1874,14,"Forestry",1176
1874,15,"Forestry",24506
1874,16,"Forestry",346613
1874,23,"Veges",1179918
1874,24,"Veges",1140597
1874,25,"Veges",1140597
1874,26,"Veges",471997
1875,2,"Beef",317467
1875,3,"Beef",317467
1875,4,"Beef",951611
1875,8,"Sheepmeat",512948
1875,9,"Sheepmeat",476663
1875,10,"Sheepmeat",476663
1875,11,"Forestry",12155
1875,12,"Forestry",12155
1875,13,"Forestry",1176
1875,14,"Forestry",1176
1875,15,"Forestry",24506
1875,16,"Forestry",346613
1875,23,"Veges",1179918
1875,24,"Veges",1140597
1875,25,"Veges",1140597
1875,26,"Veges",471997
1876,2,"Beef",272783
1876,3,"Beef",272783
1876,4,"Beef",817671
1876,8,"Sheepmeat",454634
1876,9,"Sheepmeat",422474
1876,10,"Sheepmeat",422474
1876,11,"Forestry",9773
1876,12,"Forestry",9773
1876,13,"Forestry",946
1876,14,"Forestry",946
1876,15,"Forestry",19704
1876,16,"Forestry",278696
1876,23,"Veges",1179918
1876,24,"Veges",1140597
1876,25,"Veges",1140597
1876,26,"Veges",471997
1877,2,"Beef",272606
1877,3,"Beef",272606
1877,4,"Beef",817140
1877,8,"Sheepmeat",454341
1877,9,"Sheepmeat",422201
1877,10,"Sheepmeat",422201
1877,11,"Forestry",9773
1877,12,"Forestry",9773
1877,13,"Forestry",946
1877,14,"Forestry",946
1877,15,"Forestry",19704
1877,16,"Forestry",278696
1877,23,"Veges",1179918
1877,24,"Veges",1140597
1877,25,"Veges",1140597
1877,26,"Veges",471997
1878,2,"Beef",46426
1878,3,"Beef",46426
1878,4,"Beef",139162
1878,8,"Sheepmeat",97323
1878,9,"Sheepmeat",90439
1878,10,"Sheepmeat",90439
1878,11,"Forestry",3061
1878,12,"Forestry",3061
1878,13,"Forestry",296
1878,14,"Forestry",296
1878,15,"Forestry",6171
1878,16,"Forestry",87281
1879,2,"Beef",706909
1879,3,"Beef",706909
1879,4,"Beef",2118967
1879,8,"Sheepmeat",2722809
1879,9,"Sheepmeat",2530199
1879,10,"Sheepmeat",2530199
1879,11,"Forestry",422585
1879,12,"Forestry",422585
1879,13,"Forestry",40895
1879,14,"Forestry",40895
1879,15,"Forestry",851986
1879,16,"Forestry",12050491
1880,2,"Beef",1124785
1880,3,"Beef",1124785
1880,4,"Beef",3371558
1880,8,"Sheepmeat",3860294
1880,9,"Sheepmeat",3716847
1880,10,"Sheepmeat",3716847
1880,11,"Forestry",1241303
1880,12,"Forestry",1241303
1880,13,"Forestry",120126
1880,14,"Forestry",120126
1880,15,"Forestry",2502627
1880,16,"Forestry",35397154
1880,20,"Fruit",2283
1880,21,"Fruit",4564
1880,23,"Veges",6300643
1888,2,"Beef",3407154
1888,3,"Beef",3407154
1888,4,"Beef",10212987
1888,8,"Sheepmeat",7140427
1888,9,"Sheepmeat",6764944
1888,10,"Sheepmeat",6764944
1888,11,"Forestry",2949851
1888,12,"Forestry",2949851
1888,13,"Forestry",285469
1888,14,"Forestry",285469
1888,15,"Forestry",5864944
1888,16,"Forestry",81259794
1888,20,"Fruit",2283
1888,21,"Fruit",4564
1888,23,"Veges",6300643
1889,2,"Beef",254506
1889,3,"Beef",254506
1889,4,"Beef",762886
1889,8,"Sheepmeat",1591081
1889,9,"Sheepmeat",1478529
1889,10,"Sheepmeat",1478529
1889,11,"Forestry",392254
1889,12,"Forestry",392254
1889,13,"Forestry",37960
1889,14,"Forestry",37960
1889,15,"Forestry",790834
1889,16,"Forestry",11185562
1890,2,"Beef",739602
1890,3,"Beef",739602
1890,4,"Beef",2216966
1890,8,"Sheepmeat",2207417
1890,9,"Sheepmeat",2051265
1890,10,"Sheepmeat",2051265
1890,11,"Forestry",181756
1890,12,"Forestry",181756
1890,13,"Forestry",17589
1890,14,"Forestry",17589
1890,15,"Forestry",366444
1890,16,"Forestry",5182988
1891,2,"Beef",3587691
1891,3,"Beef",3587691
1891,4,"Beef",10754147
1891,8,"Sheepmeat",7806848
1891,9,"Sheepmeat",7384223
1891,10,"Sheepmeat",7384223
1891,11,"Forestry",3372870
1891,12,"Forestry",3372870
1891,13,"Forestry",326407
1891,14,"Forestry",326407
1891,15,"Forestry",6717806
1891,16,"Forestry",93322664
1891,20,"Fruit",2283
1891,21,"Fruit",4564
1891,23,"Veges",6343460
1891,24,"Veges",41390
1891,25,"Veges",41390
1891,26,"Veges",17128
1892,2,"Beef",27818
1892,3,"Beef",27818
1892,4,"Beef",83383
1892,8,"Sheepmeat",29788
1892,9,"Sheepmeat",27681
1892,10,"Sheepmeat",27681
1892,11,"Forestry",36
1892,12,"Forestry",36
1892,13,"Forestry",4
1892,14,"Forestry",4
1892,15,"Forestry",73
1892,16,"Forestry",1032
1893,2,"Beef",561557
1893,3,"Beef",561557
1893,4,"Beef",1683273
1893,8,"Sheepmeat",1278404
1893,9,"Sheepmeat",1187971
1893,10,"Sheepmeat",1187971
1893,11,"Forestry",130635
1893,12,"Forestry",130635
1893,13,"Forestry",12642
1893,14,"Forestry",12642
1893,15,"Forestry",263378
1893,16,"Forestry",3725216
1894,8,"Sheepmeat",139496
1894,11,"Forestry",94833
1894,12,"Forestry",94833
1894,13,"Forestry",9177
1894,14,"Forestry",9177
1894,15,"Forestry",191196
1894,16,"Forestry",2704282
1894,20,"Fruit",2283
1894,21,"Fruit",4564
1894,23,"Veges",6300643
1895,2,"Beef",33094
1895,3,"Beef",33094
1895,4,"Beef",99200
1895,9,"Sheepmeat",129628
1895,10,"Sheepmeat",129628
1895,20,"Fruit",2283
1895,21,"Fruit",4564
1895,23,"Veges",6300643
1896,2,"Beef",37774
1896,3,"Beef",37774
1896,4,"Beef",113227
1896,8,"Sheepmeat",17831
1896,9,"Sheepmeat",146198
1896,10,"Sheepmeat",146198
1896,11,"Forestry",129525
1896,12,"Forestry",129525
1896,13,"Forestry",12535
1896,14,"Forestry",12535
1896,15,"Forestry",261138
1896,16,"Forestry",3693541
1896,20,"Fruit",2283
1896,21,"Fruit",4564
1896,23,"Veges",6300643
1897,2,"Beef",3586154
1897,3,"Beef",3586154
1897,4,"Beef",10749540
1897,8,"Sheepmeat",7805659
1897,9,"Sheepmeat",7383118
1897,10,"Sheepmeat",7383118
1897,11,"Forestry",3364267
1897,12,"Forestry",3364267
1897,13,"Forestry",325574
1897,14,"Forestry",325574
1897,15,"Forestry",6700462
1897,16,"Forestry",93077353
1897,20,"Fruit",2283
1897,21,"Fruit",4564
1897,23,"Veges",6343460
1897,24,"Veges",41390
1897,25,"Veges",41390
1897,26,"Veges",17128
1898,2,"Beef",11717
1898,3,"Beef",11717
1898,4,"Beef",35120
1898,8,"Sheepmeat",34486
1898,9,"Sheepmeat",32046
1898,10,"Sheepmeat",32046
1898,11,"Forestry",108
1898,12,"Forestry",108
1898,13,"Forestry",10
1898,14,"Forestry",10
1898,15,"Forestry",218
1898,16,"Forestry",3087
1899,2,"Beef",18118
1899,3,"Beef",18118
1899,4,"Beef",54308
1899,8,"Sheepmeat",81426
1899,9,"Sheepmeat",75666
1899,10,"Sheepmeat",75666
1899,11,"Forestry",475
1899,12,"Forestry",475
1899,13,"Forestry",46
1899,14,"Forestry",46
1899,15,"Forestry",958
1899,16,"Forestry",13554
1900,2,"Beef",11516
1900,3,"Beef",11516
1900,4,"Beef",34520
1900,8,"Sheepmeat",314637
1900,9,"Sheepmeat",292380
1900,10,"Sheepmeat",292380
1900,11,"Forestry",182154
1900,12,"Forestry",182154
1900,13,"Forestry",17628
1900,14,"Forestry",17628
1900,15,"Forestry",367245
1900,16,"Forestry",5194317
1902,2,"Beef",3605669
1902,3,"Beef",3605669
1902,4,"Beef",10808037
1902,8,"Sheepmeat",7981869
1902,9,"Sheepmeat",7546863
1902,10,"Sheepmeat",7546863
1902,11,"Forestry",3406112
1902,12,"Forestry",3406112
1902,13,"Forestry",329624
1902,14,"Forestry",329624
1902,15,"Forestry",6784826
1902,16,"Forestry",94270605
1902,20,"Fruit",2283
1902,21,"Fruit",4564
1902,23,"Veges",6343460
1902,24,"Veges",41390
1902,25,"Veges",41390
1902,26,"Veges",17128
1905,2,"Beef",5275
1905,3,"Beef",5275
1905,4,"Beef",15813
1905,8,"Sheepmeat",39569
1905,9,"Sheepmeat",36770
1905,10,"Sheepmeat",36770
1905,11,"Forestry",3760
1905,12,"Forestry",3760
1905,13,"Forestry",364
1905,14,"Forestry",364
1905,15,"Forestry",7581
1905,16,"Forestry",107225
1907,2,"Beef",4379
1907,3,"Beef",4379
1907,4,"Beef",13125
1907,8,"Sheepmeat",35917
1907,9,"Sheepmeat",33376
1907,10,"Sheepmeat",33376
1907,11,"Forestry",858
1907,12,"Forestry",858
1907,13,"Forestry",83
1907,14,"Forestry",83
1907,15,"Forestry",1730
1907,16,"Forestry",24468
1908,2,"Beef",101396
1908,3,"Beef",101396
1908,4,"Beef",303936
1908,8,"Sheepmeat",249441
1908,9,"Sheepmeat",231795
1908,10,"Sheepmeat",231795
1908,11,"Forestry",71486
1908,12,"Forestry",71486
1908,13,"Forestry",6918
1908,14,"Forestry",6918
1908,15,"Forestry",144126
1908,16,"Forestry",2038513
1909,2,"Beef",3550804
1909,3,"Beef",3550804
1909,4,"Beef",10643580
1909,8,"Sheepmeat",7776987
1909,9,"Sheepmeat",7356475
1909,10,"Sheepmeat",7356475
1909,11,"Forestry",3341344
1909,12,"Forestry",3341344
1909,13,"Forestry",323356
1909,14,"Forestry",323356
1909,15,"Forestry",6654246
1909,16,"Forestry",92423670
1909,20,"Fruit",2283
1909,21,"Fruit",4564
1909,23,"Veges",6343460
1909,24,"Veges",41390
1909,25,"Veges",41390
1909,26,"Veges",17128
1910,2,"Beef",3522254
1910,3,"Beef",3522254
1910,4,"Beef",10558001
1910,8,"Sheepmeat",7718779
1910,9,"Sheepmeat",7302385
1910,10,"Sheepmeat",7302385
1910,11,"Forestry",3285618
1910,12,"Forestry",3285618
1910,13,"Forestry",317963
1910,14,"Forestry",317963
1910,15,"Forestry",6541894
1910,16,"Forestry",90834573
1910,20,"Fruit",2283
1910,21,"Fruit",4564
1910,23,"Veges",6330726
1910,24,"Veges",29080
1910,25,"Veges",29080
1910,26,"Veges",12034
1911,8,"Sheepmeat",882
1911,9,"Sheepmeat",820
1911,10,"Sheepmeat",820
1912,8,"Sheepmeat",7988
1912,9,"Sheepmeat",7423
1912,10,"Sheepmeat",7423
1912,11,"Forestry",143905
1912,12,"Forestry",143905
1912,13,"Forestry",13926
1912,14,"Forestry",13926
1912,15,"Forestry",290131
1912,16,"Forestry",4103611
1915,2,"Beef",3190
1915,3,"Beef",3190
1915,4,"Beef",9563
1915,8,"Sheepmeat",24552
1915,9,"Sheepmeat",22815
1915,10,"Sheepmeat",22815
1915,11,"Forestry",40139
1915,12,"Forestry",40139
1915,13,"Forestry",3884
1915,14,"Forestry",3884
1915,15,"Forestry",80925
1915,16,"Forestry",1144600
1916,2,"Beef",3190
1916,3,"Beef",3190
1916,4,"Beef",9563
1916,8,"Sheepmeat",24552
1916,9,"Sheepmeat",22815
1916,10,"Sheepmeat",22815
1916,11,"Forestry",40139
1916,12,"Forestry",40139
1916,13,"Forestry",3884
1916,14,"Forestry",3884
1916,15,"Forestry",80925
1916,16,"Forestry",1144600
1917,2,"Beef",608
1917,3,"Beef",608
1917,4,"Beef",1824
1917,8,"Sheepmeat",3330
1917,9,"Sheepmeat",3095
1917,10,"Sheepmeat",3095
1917,11,"Forestry",22854
1917,12,"Forestry",22854
1917,13,"Forestry",2212
1917,14,"Forestry",2212
1917,15,"Forestry",46076
1917,16,"Forestry",651698
1919,8,"Sheepmeat",225
1919,9,"Sheepmeat",209
1919,10,"Sheepmeat",209
1920,2,"Beef",3609
1920,3,"Beef",3609
1920,4,"Beef",10817
1920,8,"Sheepmeat",2792
1920,9,"Sheepmeat",2594
1920,10,"Sheepmeat",2594
1921,2,"Beef",1159
1921,3,"Beef",1159
1921,4,"Beef",3474
1921,8,"Sheepmeat",42050
1921,9,"Sheepmeat",39075
1921,10,"Sheepmeat",39075
1921,11,"Forestry",7
1921,12,"Forestry",7
1921,13,"Forestry",1
1921,14,"Forestry",1
1921,15,"Forestry",14
1921,16,"Forestry",196
1923,2,"Beef",27818
1923,3,"Beef",27818
1923,4,"Beef",83383
1923,8,"Sheepmeat",29788
1923,9,"Sheepmeat",27681
1923,10,"Sheepmeat",27681
1923,11,"Forestry",36
1923,12,"Forestry",36
1923,13,"Forestry",4
1923,14,"Forestry",4
1923,15,"Forestry",73
1923,16,"Forestry",1032
1924,2,"Beef",3448545
1924,3,"Beef",3448545
1924,4,"Beef",10337057
1924,8,"Sheepmeat",7259891
1924,9,"Sheepmeat",6875958
1924,10,"Sheepmeat",6875958
1924,11,"Forestry",3232909
1924,12,"Forestry",3232909
1924,13,"Forestry",312862
1924,14,"Forestry",312862
1924,15,"Forestry",6435627
1924,16,"Forestry",89331531
1924,20,"Fruit",2283
1924,21,"Fruit",4564
1924,23,"Veges",6300643
1925,2,"Beef",3409223
1925,3,"Beef",3409223
1925,4,"Beef",10219188
1925,8,"Sheepmeat",7217965
1925,9,"Sheepmeat",6836998
1925,10,"Sheepmeat",6836998
1925,11,"Forestry",3144513
1925,12,"Forestry",3144513
1925,13,"Forestry",304308
1925,14,"Forestry",304308
1925,15,"Forestry",6257409
1925,16,"Forestry",86810809
1925,20,"Fruit",2283
1925,21,"Fruit",4564
1925,23,"Veges",6300643
1927,2,"Beef",8195
1927,3,"Beef",8195
1927,4,"Beef",24564
1927,8,"Sheepmeat",32318
1927,9,"Sheepmeat",30031
1927,10,"Sheepmeat",30031
1927,11,"Forestry",57
1927,12,"Forestry",57
1927,13,"Forestry",6
1927,14,"Forestry",6
1927,15,"Forestry",115
1927,16,"Forestry",1622
1929,8,"Sheepmeat",17086
1929,9,"Sheepmeat",15878
1929,10,"Sheepmeat",15878
1929,11,"Forestry",159
1929,12,"Forestry",159
1929,13,"Forestry",15
1929,14,"Forestry",15
1929,15,"Forestry",320
1929,16,"Forestry",4522
1930,2,"Beef",84578
1930,3,"Beef",84578
1930,4,"Beef",253523
1930,8,"Sheepmeat",211113
1930,9,"Sheepmeat",196179
1930,10,"Sheepmeat",196179
1930,11,"Forestry",12
1930,12,"Forestry",12
1930,13,"Forestry",1
1930,14,"Forestry",1
1930,15,"Forestry",25
1930,16,"Forestry",347
1931,2,"Beef",53266
1931,3,"Beef",53266
1931,4,"Beef",159666
1931,8,"Sheepmeat",184844
1931,9,"Sheepmeat",171768
1931,10,"Sheepmeat",171768
1932,2,"Beef",20556
1932,3,"Beef",20556
1932,4,"Beef",61616
1932,8,"Sheepmeat",147658
1932,9,"Sheepmeat",137213
1932,10,"Sheepmeat",137213
1932,11,"Forestry",23494
1932,12,"Forestry",23494
1932,13,"Forestry",2274
1932,14,"Forestry",2274
1932,15,"Forestry",47367
1932,16,"Forestry",669966
1933,2,"Beef",19078
1933,3,"Beef",19078
1933,4,"Beef",57186
1933,8,"Sheepmeat",57085
1933,9,"Sheepmeat",53047
1933,10,"Sheepmeat",53047
1933,11,"Forestry",483
1933,12,"Forestry",483
1933,13,"Forestry",47
1933,14,"Forestry",47
1933,15,"Forestry",974
1933,16,"Forestry",13772
1934,2,"Beef",8983
1934,3,"Beef",8983
1934,4,"Beef",26925
1934,8,"Sheepmeat",25265
1934,9,"Sheepmeat",23477
1934,10,"Sheepmeat",23477
1935,2,"Beef",8983
1935,3,"Beef",8983
1935,4,"Beef",26925
1935,8,"Sheepmeat",25265
1935,9,"Sheepmeat",23477
1935,10,"Sheepmeat",23477
1937,2,"Beef",2731
1937,3,"Beef",2731
1937,4,"Beef",8187
1937,8,"Sheepmeat",2292
1937,9,"Sheepmeat",2130
1937,10,"Sheepmeat",2130
1937,11,"Forestry",85
1937,12,"Forestry",85
1937,13,"Forestry",8
1937,14,"Forestry",8
1937,15,"Forestry",172
1937,16,"Forestry",2432
1938,2,"Beef",11374
1938,3,"Beef",11374
1938,4,"Beef",34095
1938,8,"Sheepmeat",47700
1938,9,"Sheepmeat",44325
1938,10,"Sheepmeat",44325
1938,11,"Forestry",29901
1938,12,"Forestry",29901
1938,13,"Forestry",2894
1938,14,"Forestry",2894
1938,15,"Forestry",60284
1938,16,"Forestry",852651
1939,2,"Beef",7547
1939,3,"Beef",7547
1939,4,"Beef",22623
1939,9,"Sheepmeat",5426
1939,10,"Sheepmeat",5426
1939,17,"Fruit",108577
1939,18,"Fruit",108577
1939,19,"Fruit",238578
1939,20,"Fruit",12725
1939,21,"Fruit",25442
1939,22,"Fruit",6359
1939,23,"Veges",3074
1939,24,"Veges",377817
1939,25,"Veges",377817
1939,26,"Veges",156346
1940,2,"Beef",78138
1940,3,"Beef",78138
1940,4,"Beef",234219
1940,8,"Sheepmeat",326725
1940,9,"Sheepmeat",303613
1940,10,"Sheepmeat",303613
1940,11,"Forestry",26
1940,12,"Forestry",26
1940,13,"Forestry",3
1940,14,"Forestry",3
1940,15,"Forestry",53
1940,16,"Forestry",751
1941,2,"Beef",4080
1941,3,"Beef",4080
1941,4,"Beef",12229
1941,8,"Sheepmeat",3156
1941,9,"Sheepmeat",2933
1941,10,"Sheepmeat",2933
1941,23,"Veges",36898
1941,24,"Veges",35668
1941,25,"Veges",35668
1941,26,"Veges",14760
1943,2,"Beef",3639
1943,3,"Beef",3639
1943,4,"Beef",10907
1943,8,"Sheepmeat",2815
1943,9,"Sheepmeat",2616
1943,10,"Sheepmeat",2616
1943,23,"Veges",36898
1943,24,"Veges",35668
1943,25,"Veges",35668
1943,26,"Veges",14760
1945,2,"Beef",994294
1945,3,"Beef",994294
1945,4,"Beef",2980408
1945,8,"Sheepmeat",2508043
1945,9,"Sheepmeat",2330625
1945,10,"Sheepmeat",2330625
1945,11,"Forestry",381434
1945,12,"Forestry",381434
1945,13,"Forestry",36913
1945,14,"Forestry",36913
1945,15,"Forestry",851355
1945,16,"Forestry",13735553
1945,23,"Veges",4332139
1945,24,"Veges",4187770
1945,25,"Veges",4187770
1945,26,"Veges",1732965
1946,2,"Beef",61634
1946,3,"Beef",61634
1946,4,"Beef",184749
1946,8,"Sheepmeat",183335
1946,9,"Sheepmeat",170366
1946,10,"Sheepmeat",170366
1946,11,"Forestry",9295
1946,12,"Forestry",9295
1946,13,"Forestry",900
1946,14,"Forestry",900
1946,15,"Forestry",101075
1946,16,"Forestry",3123587
1947,15,"Forestry",82335
1947,16,"Forestry",2858524
1948,2,"Beef",20311
1948,3,"Beef",20311
1948,4,"Beef",60882
1948,8,"Sheepmeat",41691
1948,9,"Sheepmeat",38742
1948,10,"Sheepmeat",38742
1948,11,"Forestry",40977
1948,12,"Forestry",40977
1948,13,"Forestry",3966
1948,14,"Forestry",3966
1948,15,"Forestry",281
1948,16,"Forestry",1690010
1949,2,"Beef",21152
1949,3,"Beef",21152
1949,4,"Beef",63403
1949,8,"Sheepmeat",42342
1949,9,"Sheepmeat",39346
1949,10,"Sheepmeat",39346
1949,11,"Forestry",52010
1949,12,"Forestry",52010
1949,13,"Forestry",5033
1949,14,"Forestry",5033
1949,15,"Forestry",22523
1949,16,"Forestry",1375411
1950,2,"Beef",335703
1950,3,"Beef",335703
1950,4,"Beef",1006275
1950,8,"Sheepmeat",1817230
1950,9,"Sheepmeat",1688680
1950,10,"Sheepmeat",1688680
1950,11,"Forestry",606024
1950,12,"Forestry",606024
1950,13,"Forestry",58648
1950,14,"Forestry",58648
1950,15,"Forestry",1221824
1950,16,"Forestry",17281472
1951,2,"Beef",24433
1951,3,"Beef",24433
1951,4,"Beef",73240
1951,8,"Sheepmeat",61074
1951,9,"Sheepmeat",56754
1951,10,"Sheepmeat",56754
1951,11,"Forestry",100242
1951,12,"Forestry",100242
1951,13,"Forestry",9701
1951,14,"Forestry",9701
1951,15,"Forestry",119767
1952,2,"Beef",3370249
1952,3,"Beef",3370249
1952,4,"Beef",10102364
1952,8,"Sheepmeat",7046406
1952,9,"Sheepmeat",6677575
1952,10,"Sheepmeat",6677575
1952,11,"Forestry",2470841
1952,12,"Forestry",2470841
1952,13,"Forestry",239114
1952,14,"Forestry",239114
1952,15,"Forestry",4981535
1952,16,"Forestry",70458831
1952,20,"Fruit",2283
1952,21,"Fruit",4564
1952,23,"Veges",6300643
1953,2,"Beef",3083736
1953,3,"Beef",3083736
1953,4,"Beef",9243538
1953,8,"Sheepmeat",6452784
1953,9,"Sheepmeat",6125945
1953,10,"Sheepmeat",6125945
1953,11,"Forestry",1771439
1953,12,"Forestry",1771439
1953,13,"Forestry",171430
1953,14,"Forestry",171430
1953,15,"Forestry",3571449
1953,16,"Forestry",50514576
1953,20,"Fruit",2283
1953,21,"Fruit",4564
1953,23,"Veges",6300643
1954,2,"Beef",985255
1954,3,"Beef",985255
1954,4,"Beef",2953316
1954,8,"Sheepmeat",1492813
1954,9,"Sheepmeat",1387212
1954,10,"Sheepmeat",1387212
1954,11,"Forestry",384951
1954,12,"Forestry",384951
1954,13,"Forestry",37253
1954,14,"Forestry",37253
1954,15,"Forestry",776111
1954,16,"Forestry",10977311
1955,2,"Beef",688823
1955,3,"Beef",688823
1955,4,"Beef",2064756
1955,8,"Sheepmeat",1148212
1955,9,"Sheepmeat",1066988
1955,10,"Sheepmeat",1066988
1955,11,"Forestry",335903
1955,12,"Forestry",335903
1955,13,"Forestry",32507
1955,14,"Forestry",32507
1955,15,"Forestry",677225
1955,16,"Forestry",9578666
1957,2,"Beef",111
1957,3,"Beef",111
1957,4,"Beef",334
1957,8,"Sheepmeat",86
1957,9,"Sheepmeat",80
1957,10,"Sheepmeat",80
1957,11,"Forestry",79174
1957,12,"Forestry",79174
1957,13,"Forestry",7662
1957,14,"Forestry",7662
1957,15,"Forestry",159626
1957,16,"Forestry",2257744
1958,2,"Beef",22517
1958,3,"Beef",22517
1958,4,"Beef",67494
1958,8,"Sheepmeat",20417
1958,9,"Sheepmeat",18972
1958,10,"Sheepmeat",18972
1958,11,"Forestry",271
1958,12,"Forestry",271
1958,13,"Forestry",26
1958,14,"Forestry",26
1958,15,"Forestry",546
1958,16,"Forestry",7729
1959,2,"Beef",3396
1959,3,"Beef",3396
1959,4,"Beef",10181
1959,8,"Sheepmeat",2628
1959,9,"Sheepmeat",2442
1959,10,"Sheepmeat",2442
1959,23,"Veges",1608345
1959,24,"Veges",1554747
1959,25,"Veges",1554747
1959,26,"Veges",643378
1960,2,"Beef",396
1960,3,"Beef",396
1960,4,"Beef",1187
1960,8,"Sheepmeat",306
1960,9,"Sheepmeat",285
1960,10,"Sheepmeat",285
1960,23,"Veges",1410283
1960,24,"Veges",1363286
1960,25,"Veges",1363286
1960,26,"Veges",564149
1961,2,"Beef",299526
1961,3,"Beef",299526
1961,4,"Beef",897832
1961,8,"Sheepmeat",324776
1961,9,"Sheepmeat",301802
1961,10,"Sheepmeat",301802
1962,2,"Beef",133081
1962,3,"Beef",133081
1962,4,"Beef",398912
1962,8,"Sheepmeat",186513
1962,9,"Sheepmeat",173319
1962,10,"Sheepmeat",173319
1963,2,"Beef",521
1963,3,"Beef",521
1963,4,"Beef",1562
1963,8,"Sheepmeat",403
1963,9,"Sheepmeat",375
1963,10,"Sheepmeat",375
1963,17,"Fruit",361972
1963,18,"Fruit",361972
1963,19,"Fruit",795370
1963,20,"Fruit",46700
1963,21,"Fruit",93373
1963,22,"Fruit",23336
1963,23,"Veges",154714
1963,24,"Veges",149558
1963,25,"Veges",149558
1963,26,"Veges",61889
1964,2,"Beef",102215
1964,3,"Beef",102215
1964,4,"Beef",306391
1964,8,"Sheepmeat",398111
1964,9,"Sheepmeat",369949
1964,10,"Sheepmeat",369949
1964,11,"Forestry",18008
1964,12,"Forestry",18008
1964,13,"Forestry",1743
1964,14,"Forestry",1743
1964,15,"Forestry",36306
1964,16,"Forestry",513516
1964,17,"Fruit",22
1964,18,"Fruit",22
1964,19,"Fruit",49
1964,20,"Fruit",3
1964,21,"Fruit",6
1964,22,"Fruit",1
1965,2,"Beef",93337
1965,3,"Beef",93337
1965,4,"Beef",279778
1965,8,"Sheepmeat",370320
1965,9,"Sheepmeat",344124
1965,10,"Sheepmeat",344124
1965,11,"Forestry",17962
1965,12,"Forestry",17962
1965,13,"Forestry",1738
1965,14,"Forestry",1738
1965,15,"Forestry",36214
1965,16,"Forestry",512207
1966,2,"Beef",619192
1966,3,"Beef",619192
1966,4,"Beef",1856035
1966,8,"Sheepmeat",1114789
1966,9,"Sheepmeat",1035929
1966,10,"Sheepmeat",1035929
1966,11,"Forestry",596
1966,12,"Forestry",596
1966,13,"Forestry",58
1966,14,"Forestry",58
1966,15,"Forestry",1201
1966,16,"Forestry",16992
1967,2,"Beef",531944
1967,3,"Beef",531944
1967,4,"Beef",1594510
1967,8,"Sheepmeat",993335
1967,9,"Sheepmeat",923067
1967,10,"Sheepmeat",923067
1967,11,"Forestry",510
1967,12,"Forestry",510
1967,13,"Forestry",49
1967,14,"Forestry",49
1967,15,"Forestry",1029
1967,16,"Forestry",14552
1968,2,"Beef",119900
1968,3,"Beef",119900
1968,4,"Beef",359403
1968,8,"Sheepmeat",404626
1968,9,"Sheepmeat",376003
1968,10,"Sheepmeat",376003
1968,11,"Forestry",485
1968,12,"Forestry",485
1968,13,"Forestry",47
1968,14,"Forestry",47
1968,15,"Forestry",979
1968,16,"Forestry",13840
1969,2,"Beef",21890
1969,3,"Beef",21890
1969,4,"Beef",65616
1969,8,"Sheepmeat",196925
1969,9,"Sheepmeat",182995
1969,10,"Sheepmeat",182995
1969,11,"Forestry",46232
1969,12,"Forestry",46232
1969,13,"Forestry",4474
1969,14,"Forestry",4474
1969,15,"Forestry",93209
1969,16,"Forestry",1318351
1970,2,"Beef",30734
1970,3,"Beef",30734
1970,4,"Beef",92125
1970,8,"Sheepmeat",201174
1970,9,"Sheepmeat",186943
1970,10,"Sheepmeat",186943
1971,2,"Beef",188565
1971,3,"Beef",188565
1971,4,"Beef",565227
1971,8,"Sheepmeat",822390
1971,9,"Sheepmeat",764214
1971,10,"Sheepmeat",764214
1971,11,"Forestry",175
1971,12,"Forestry",175
1971,13,"Forestry",17
1971,14,"Forestry",17
1971,15,"Forestry",353
1971,16,"Forestry",4989
1972,2,"Beef",137584
1972,3,"Beef",137584
1972,4,"Beef",412409
1972,8,"Sheepmeat",477606
1972,9,"Sheepmeat",443820
1972,10,"Sheepmeat",443820
1972,11,"Forestry",32716
1972,12,"Forestry",32716
1972,13,"Forestry",3166
1972,14,"Forestry",3166
1972,15,"Forestry",65959
1972,16,"Forestry",932920
1973,2,"Beef",191365
1973,3,"Beef",191365
1973,4,"Beef",573619
1973,8,"Sheepmeat",646207
1973,9,"Sheepmeat",600495
1973,10,"Sheepmeat",600495
1973,11,"Forestry",32175
1973,12,"Forestry",32175
1973,13,"Forestry",3114
1973,14,"Forestry",3114
1973,15,"Forestry",64869
1973,16,"Forestry",917506
1974,2,"Beef",140993
1974,3,"Beef",140993
1974,4,"Beef",422629
1974,8,"Sheepmeat",498191
1974,9,"Sheepmeat",462950
1974,10,"Sheepmeat",462950
1975,2,"Beef",46372
1975,3,"Beef",46372
1975,4,"Beef",139000
1975,8,"Sheepmeat",153405
1975,9,"Sheepmeat",142553
1975,10,"Sheepmeat",142553
1976,2,"Beef",218113
1976,3,"Beef",218113
1976,4,"Beef",653797
1976,8,"Sheepmeat",959086
1976,9,"Sheepmeat",891240
1976,10,"Sheepmeat",891240
1976,11,"Forestry",28077
1976,12,"Forestry",28077
1976,13,"Forestry",2717
1976,14,"Forestry",2717
1976,15,"Forestry",56607
1976,16,"Forestry",800649
1977,2,"Beef",545648
1977,3,"Beef",545648
1977,4,"Beef",1635586
1977,8,"Sheepmeat",954280
1977,9,"Sheepmeat",886775
1977,10,"Sheepmeat",886775
1977,11,"Forestry",43660
1977,12,"Forestry",43660
1977,13,"Forestry",4225
1977,14,"Forestry",4225
1977,15,"Forestry",88023
1977,16,"Forestry",1245003
1977,23,"Veges",151173
1977,24,"Veges",146136
1977,25,"Veges",146136
1977,26,"Veges",60473
1978,2,"Beef",45290
1978,3,"Beef",45290
1978,4,"Beef",135756
1978,8,"Sheepmeat",163533
1978,9,"Sheepmeat",151965
1978,10,"Sheepmeat",151965
1978,11,"Forestry",2028
1978,12,"Forestry",2028
1978,13,"Forestry",196
1978,14,"Forestry",196
1978,15,"Forestry",4089
1978,16,"Forestry",57841
1979,2,"Beef",25048
1979,3,"Beef",25048
1979,4,"Beef",75083
1979,8,"Sheepmeat",129402
1979,9,"Sheepmeat",120248
1979,10,"Sheepmeat",120248
1979,11,"Forestry",32
1979,12,"Forestry",32
1979,13,"Forestry",3
1979,14,"Forestry",3
1979,15,"Forestry",65
1979,16,"Forestry",925
1980,2,"Beef",409362
1980,3,"Beef",409362
1980,4,"Beef",1227067
1980,8,"Sheepmeat",669867
1980,9,"Sheepmeat",622481
1980,10,"Sheepmeat",622481
1980,11,"Forestry",4631
1980,12,"Forestry",4631
1980,13,"Forestry",448
1980,14,"Forestry",448
1980,15,"Forestry",9336
1980,16,"Forestry",132051
1981,2,"Beef",409362
1981,3,"Beef",409362
1981,4,"Beef",1227067
1981,8,"Sheepmeat",669867
1981,9,"Sheepmeat",622481
1981,10,"Sheepmeat",622481
1981,11,"Forestry",4631
1981,12,"Forestry",4631
1981,13,"Forestry",448
1981,14,"Forestry",448
1981,15,"Forestry",9336
1981,16,"Forestry",132051
1983,2,"Beef",217973
1983,3,"Beef",217973
1983,4,"Beef",653377
1983,8,"Sheepmeat",424348
1983,9,"Sheepmeat",394330
1983,10,"Sheepmeat",394330
1983,11,"Forestry",2280
1983,12,"Forestry",2280
1983,13,"Forestry",221
1983,14,"Forestry",221
1983,15,"Forestry",4596
1983,16,"Forestry",65008
1984,2,"Beef",78901
1984,3,"Beef",78901
1984,4,"Beef",236506
1984,8,"Sheepmeat",151618
1984,9,"Sheepmeat",140893
1984,10,"Sheepmeat",140893
1984,11,"Forestry",739
1984,12,"Forestry",739
1984,13,"Forestry",71
1984,14,"Forestry",71
1984,15,"Forestry",1489
1984,16,"Forestry",21067
1985,2,"Beef",64323
1985,3,"Beef",64323
1985,4,"Beef",192808
1985,8,"Sheepmeat",1476045
1985,9,"Sheepmeat",1371630
1985,10,"Sheepmeat",1371630
1985,11,"Forestry",98909
1985,12,"Forestry",98909
1985,13,"Forestry",9572
1985,14,"Forestry",9572
1985,15,"Forestry",199413
1985,16,"Forestry",2820499
1986,2,"Beef",99638
1986,3,"Beef",99638
1986,4,"Beef",298665
1986,8,"Sheepmeat",163829
1986,9,"Sheepmeat",152240
1986,10,"Sheepmeat",152240
1986,11,"Forestry",112547
1986,12,"Forestry",112547
1986,13,"Forestry",10892
1986,14,"Forestry",10892
1986,15,"Forestry",226909
1986,16,"Forestry",3209404
1987,2,"Beef",59927
1987,3,"Beef",59927
1987,4,"Beef",179633
1987,8,"Sheepmeat",100205
1987,9,"Sheepmeat",93116
1987,10,"Sheepmeat",93116
1987,11,"Forestry",85173
1987,12,"Forestry",85173
1987,13,"Forestry",8243
1987,14,"Forestry",8243
1987,15,"Forestry",171719
1987,16,"Forestry",2428800
1988,2,"Beef",19643
1988,3,"Beef",19643
1988,4,"Beef",58881
1988,8,"Sheepmeat",352432
1988,9,"Sheepmeat",327502
1988,10,"Sheepmeat",327502
1988,11,"Forestry",12007
1988,12,"Forestry",12007
1988,13,"Forestry",1162
1988,14,"Forestry",1162
1988,15,"Forestry",24208
1988,16,"Forestry",342397
1989,2,"Beef",20585
1989,3,"Beef",20585
1989,4,"Beef",61705
1989,8,"Sheepmeat",1226375
1989,9,"Sheepmeat",1139622
1989,10,"Sheepmeat",1139622
1989,11,"Forestry",75126
1989,12,"Forestry",75126
1989,13,"Forestry",7270
1989,14,"Forestry",7270
1989,15,"Forestry",151464
1989,16,"Forestry",2142308
1990,2,"Beef",19643
1990,3,"Beef",19643
1990,4,"Beef",58881
1990,8,"Sheepmeat",352432
1990,9,"Sheepmeat",327502
1990,10,"Sheepmeat",327502
1990,11,"Forestry",12007
1990,12,"Forestry",12007
1990,13,"Forestry",1162
1990,14,"Forestry",1162
1990,15,"Forestry",24208
1990,16,"Forestry",342397
1991,2,"Beef",254809
1991,3,"Beef",254809
1991,4,"Beef",763794
1991,5,"Beef",38
1991,6,"Beef",38
1991,7,"Beef",113
1991,8,"Sheepmeat",560211
1991,9,"Sheepmeat",520582
1991,10,"Sheepmeat",520582
1991,11,"Forestry",5
1991,12,"Forestry",5
1991,13,"Forestry",0
1991,14,"Forestry",0
1991,15,"Forestry",10
1991,16,"Forestry",146
1993,2,"Beef",564122
1993,3,"Beef",564122
1993,4,"Beef",1690963
1993,5,"Beef",38
1993,6,"Beef",38
1993,7,"Beef",113
1993,8,"Sheepmeat",1788593
1993,9,"Sheepmeat",1662069
1993,10,"Sheepmeat",1662069
1993,11,"Forestry",1258
1993,12,"Forestry",1258
1993,13,"Forestry",122
1993,14,"Forestry",122
1993,15,"Forestry",2537
1993,16,"Forestry",35881
1994,2,"Beef",636706
1994,3,"Beef",636706
1994,4,"Beef",1908535
1994,5,"Beef",38
1994,6,"Beef",38
1994,7,"Beef",113
1994,8,"Sheepmeat",2009322
1994,9,"Sheepmeat",1867183
1994,10,"Sheepmeat",1867183
1994,11,"Forestry",1398
1994,12,"Forestry",1398
1994,13,"Forestry",135
1994,14,"Forestry",135
1994,15,"Forestry",2818
1994,16,"Forestry",39852
1995,2,"Beef",637765
1995,3,"Beef",637765
1995,4,"Beef",1911707
1995,5,"Beef",38
1995,6,"Beef",38
1995,7,"Beef",113
1995,8,"Sheepmeat",2010291
1995,9,"Sheepmeat",1868084
1995,10,"Sheepmeat",1868084
1995,11,"Forestry",1398
1995,12,"Forestry",1398
1995,13,"Forestry",135
1995,14,"Forestry",135
1995,15,"Forestry",2818
1995,16,"Forestry",39852
1996,2,"Beef",2168
1996,3,"Beef",2168
1996,4,"Beef",6498
1996,8,"Sheepmeat",914971
1996,9,"Sheepmeat",1558
1996,10,"Sheepmeat",1558
1996,11,"Forestry",14846
1996,12,"Forestry",14846
1996,13,"Forestry",1437
1996,14,"Forestry",1437
1996,15,"Forestry",29931
1996,16,"Forestry",423343
1996,17,"Fruit",572694
1996,18,"Fruit",572694
1996,19,"Fruit",1258393
1996,20,"Fruit",91478
1996,21,"Fruit",182902
1996,22,"Fruit",17999
1996,23,"Veges",2471902
1996,24,"Veges",1883419
1996,25,"Veges",1883419
1996,26,"Veges",779388
1997,2,"Beef",200591
1997,3,"Beef",200591
1997,4,"Beef",601275
1997,8,"Sheepmeat",442269
1997,9,"Sheepmeat",410983
1997,10,"Sheepmeat",410983
1997,11,"Forestry",34799
1997,12,"Forestry",34799
1997,13,"Forestry",3368
1997,14,"Forestry",3368
1997,15,"Forestry",70159
1997,16,"Forestry",992328
1998,2,"Beef",1110269
1998,3,"Beef",1110269
1998,4,"Beef",3328046
1998,8,"Sheepmeat",4007259
1998,9,"Sheepmeat",3723787
1998,10,"Sheepmeat",3723787
1998,11,"Forestry",77643
1998,12,"Forestry",77643
1998,13,"Forestry",7514
1998,14,"Forestry",7514
1998,15,"Forestry",156538
1998,16,"Forestry",2214078
1999,2,"Beef",381670
1999,3,"Beef",381670
1999,4,"Beef",1144061
1999,8,"Sheepmeat",2022069
1999,9,"Sheepmeat",1879029
1999,10,"Sheepmeat",1879029
1999,11,"Forestry",609234
1999,12,"Forestry",609234
1999,13,"Forestry",58958
1999,14,"Forestry",58958
1999,15,"Forestry",1228295
1999,16,"Forestry",17373008
1999,23,"Veges",42
1999,24,"Veges",40
1999,25,"Veges",40
1999,26,"Veges",17
2000,2,"Beef",363886
2000,3,"Beef",363886
2000,4,"Beef",1090753
2000,8,"Sheepmeat",1940406
2000,9,"Sheepmeat",1803142
2000,10,"Sheepmeat",1803142
2000,11,"Forestry",608008
2000,12,"Forestry",608008
2000,13,"Forestry",58839
2000,14,"Forestry",58839
2000,15,"Forestry",1225823
2000,16,"Forestry",17338036
2002,16,"Forestry",1735
2002,26,"Veges",13026861
2003,2,"Beef",171507
2003,3,"Beef",171507
2003,4,"Beef",514095
2003,8,"Sheepmeat",290043
2003,9,"Sheepmeat",269525
2003,10,"Sheepmeat",269525
2003,11,"Forestry",34253
2003,12,"Forestry",34253
2003,13,"Forestry",3315
2003,14,"Forestry",3315
2003,15,"Forestry",69058
2003,16,"Forestry",976750
2004,2,"Beef",1672364
2004,3,"Beef",1672364
2004,4,"Beef",5012931
2004,5,"Beef",38
2004,6,"Beef",38
2004,7,"Beef",113
2004,8,"Sheepmeat",4037347
2004,9,"Sheepmeat",3751747
2004,10,"Sheepmeat",3751747
2004,11,"Forestry",2066
2004,12,"Forestry",2066
2004,13,"Forestry",200
2004,14,"Forestry",200
2004,15,"Forestry",4165
2004,16,"Forestry",58915
2005,2,"Beef",1833408
2005,3,"Beef",1833408
2005,4,"Beef",5495664
2005,5,"Beef",38
2005,6,"Beef",38
2005,7,"Beef",113
2005,8,"Sheepmeat",4330641
2005,9,"Sheepmeat",4024294
2005,10,"Sheepmeat",4024294
2005,11,"Forestry",2335
2005,12,"Forestry",2335
2005,13,"Forestry",226
2005,14,"Forestry",226
2005,15,"Forestry",4708
2005,16,"Forestry",66594
2007,2,"Beef",656
2007,3,"Beef",656
2007,4,"Beef",1967
2007,8,"Sheepmeat",508
2007,9,"Sheepmeat",472
2007,10,"Sheepmeat",472
2007,11,"Forestry",59
2007,12,"Forestry",59
2007,13,"Forestry",6
2007,14,"Forestry",6
2007,15,"Forestry",118
2007,16,"Forestry",1671
2008,2,"Beef",1087036
2008,3,"Beef",1087036
2008,4,"Beef",3258405
2008,8,"Sheepmeat",3970892
2008,9,"Sheepmeat",3689992
2008,10,"Sheepmeat",3689992
2008,11,"Forestry",77643
2008,12,"Forestry",77643
2008,13,"Forestry",7514
2008,14,"Forestry",7514
2008,15,"Forestry",156538
2008,16,"Forestry",2214078
2009,2,"Beef",6057
2009,3,"Beef",6057
2009,4,"Beef",18157
2009,8,"Sheepmeat",347500
2009,9,"Sheepmeat",322918
2009,10,"Sheepmeat",322918
2010,2,"Beef",29098
2010,3,"Beef",29098
2010,4,"Beef",87221
2010,8,"Sheepmeat",141771
2010,9,"Sheepmeat",131742
2010,10,"Sheepmeat",131742
2011,2,"Beef",131038
2011,3,"Beef",131038
2011,4,"Beef",392789
2011,8,"Sheepmeat",349125
2011,9,"Sheepmeat",324428
2011,10,"Sheepmeat",324428
2011,11,"Forestry",526
2011,12,"Forestry",526
2011,13,"Forestry",51
2011,14,"Forestry",51
2011,15,"Forestry",1060
2011,16,"Forestry",14991
2014,2,"Beef",2319
2014,3,"Beef",2319
2014,4,"Beef",6950
2014,8,"Sheepmeat",6418
2014,9,"Sheepmeat",5964
2014,10,"Sheepmeat",5964
2014,11,"Forestry",496
2014,12,"Forestry",496
2014,13,"Forestry",48
2014,14,"Forestry",48
2014,15,"Forestry",1001
2014,16,"Forestry",14157
2014,17,"Fruit",7999
2014,18,"Fruit",7999
2014,19,"Fruit",17577
2014,20,"Fruit",1032
2014,21,"Fruit",2063
2014,22,"Fruit",516
2015,2,"Beef",288570
2015,3,"Beef",288570
2015,4,"Beef",864993
2015,8,"Sheepmeat",1586070
2015,9,"Sheepmeat",1473872
2015,10,"Sheepmeat",1473872
2015,11,"Forestry",601769
2015,12,"Forestry",601769
2015,13,"Forestry",58236
2015,14,"Forestry",58236
2015,15,"Forestry",1213244
2015,16,"Forestry",17160117
2016,2,"Beef",422972
2016,3,"Beef",422972
2016,4,"Beef",1267862
2016,8,"Sheepmeat",1933226
2016,9,"Sheepmeat",1433485
2016,10,"Sheepmeat",1433485
2016,11,"Forestry",400887
2016,12,"Forestry",400887
2016,13,"Forestry",38796
2016,14,"Forestry",38796
2016,15,"Forestry",808240
2016,16,"Forestry",11431748
2017,2,"Beef",434722
2017,3,"Beef",434722
2017,4,"Beef",1303083
2017,8,"Sheepmeat",1767526
2017,9,"Sheepmeat",1587463
2017,10,"Sheepmeat",1587463
2017,11,"Forestry",328949
2017,12,"Forestry",328949
2017,13,"Forestry",31834
2017,14,"Forestry",31834
2017,15,"Forestry",663203
2017,16,"Forestry",9380340
2018,2,"Beef",34384
2018,3,"Beef",34384
2018,4,"Beef",103067
2018,8,"Sheepmeat",457592
2018,9,"Sheepmeat",425223
2018,10,"Sheepmeat",425223
2018,11,"Forestry",3
2018,12,"Forestry",3
2018,13,"Forestry",0
2018,14,"Forestry",0
2018,15,"Forestry",7
2018,16,"Forestry",98
2019,2,"Beef",131406
2019,3,"Beef",131406
2019,4,"Beef",393890
2019,8,"Sheepmeat",994332
2019,9,"Sheepmeat",923993
2019,10,"Sheepmeat",923993
2019,11,"Forestry",201686
2019,12,"Forestry",201686
2019,13,"Forestry",19518
2019,14,"Forestry",19518
2019,15,"Forestry",406625
2019,16,"Forestry",5751308
2020,2,"Beef",181816
2020,3,"Beef",181816
2020,4,"Beef",544997
2020,8,"Sheepmeat",608729
2020,9,"Sheepmeat",565668
2020,10,"Sheepmeat",565668
2020,11,"Forestry",559
2020,12,"Forestry",559
2020,13,"Forestry",54
2020,14,"Forestry",54
2020,15,"Forestry",1126
2020,16,"Forestry",15927
2021,2,"Beef",11490
2021,3,"Beef",11490
2021,4,"Beef",34442
2021,8,"Sheepmeat",9974
2021,9,"Sheepmeat",9268
2021,10,"Sheepmeat",9268
2021,11,"Forestry",110
2021,12,"Forestry",110
2021,13,"Forestry",11
2021,15,"Forestry",221
2021,17,"Fruit",400570
2021,18,"Fruit",400570
2021,19,"Fruit",880182
2021,20,"Fruit",204257
2021,21,"Fruit",698207
2021,22,"Fruit",28808
2021,23,"Veges",7464500
2021,24,"Veges",136630
2021,25,"Veges",136630
2021,26,"Veges",56540
2022,2,"Beef",171209
2022,3,"Beef",171209
2022,4,"Beef",513200
2022,8,"Sheepmeat",600523
2022,9,"Sheepmeat",558042
2022,10,"Sheepmeat",558042
2022,11,"Forestry",559
2022,12,"Forestry",559
2022,13,"Forestry",54
2022,14,"Forestry",54
2022,15,"Forestry",1126
2022,16,"Forestry",15927
2023,2,"Beef",74375
2023,3,"Beef",74375
2023,4,"Beef",222939
2023,8,"Sheepmeat",399488
2023,9,"Sheepmeat",371229
2023,10,"Sheepmeat",371229
2023,11,"Forestry",50
2023,12,"Forestry",50
2023,13,"Forestry",5
2023,14,"Forestry",5
2023,15,"Forestry",100
2023,16,"Forestry",1421
2024,2,"Beef",74137
2024,3,"Beef",74137
2024,4,"Beef",222228
2024,8,"Sheepmeat",399305
2024,9,"Sheepmeat",371058
2024,10,"Sheepmeat",371058
2024,11,"Forestry",50
2024,12,"Forestry",50
2024,13,"Forestry",5
2024,14,"Forestry",5
2024,15,"Forestry",100
2024,16,"Forestry",1421
2025,2,"Beef",141525
2025,3,"Beef",141525
2025,4,"Beef",424223
2025,8,"Sheepmeat",515395
2025,9,"Sheepmeat",478936
2025,10,"Sheepmeat",478936
2025,11,"Forestry",160
2025,12,"Forestry",160
2025,13,"Forestry",15
2025,14,"Forestry",15
2025,15,"Forestry",323
2025,16,"Forestry",4564
2026,2,"Beef",551582
2026,3,"Beef",551582
2026,4,"Beef",1653374
2026,8,"Sheepmeat",1544870
2026,9,"Sheepmeat",1435587
2026,10,"Sheepmeat",1435587
2026,11,"Forestry",1396
2026,12,"Forestry",1396
2026,13,"Forestry",135
2026,14,"Forestry",135
2026,15,"Forestry",2815
2026,16,"Forestry",39819
2027,2,"Beef",1008939
2027,3,"Beef",1008939
2027,4,"Beef",3024306
2027,8,"Sheepmeat",3255332
2027,9,"Sheepmeat",3025052
2027,10,"Sheepmeat",3025052
2027,11,"Forestry",21596
2027,12,"Forestry",21596
2027,13,"Forestry",2090
2027,14,"Forestry",2090
2027,15,"Forestry",43540
2027,16,"Forestry",615826
2028,2,"Beef",815250
2028,3,"Beef",815250
2028,4,"Beef",2443722
2028,8,"Sheepmeat",2821314
2028,9,"Sheepmeat",2621736
2028,10,"Sheepmeat",2621736
2028,11,"Forestry",20838
2028,12,"Forestry",20838
2028,13,"Forestry",2017
2028,14,"Forestry",2017
2028,15,"Forestry",42012
2028,16,"Forestry",594211
2029,2,"Beef",1212
2029,3,"Beef",1212
2029,4,"Beef",3634
2029,8,"Sheepmeat",938
2029,9,"Sheepmeat",872
2029,10,"Sheepmeat",872
2030,2,"Beef",25139
2030,3,"Beef",25139
2030,4,"Beef",75354
2030,8,"Sheepmeat",50396
2030,9,"Sheepmeat",46831
2030,10,"Sheepmeat",46831
2030,11,"Forestry",236
2030,12,"Forestry",236
2030,13,"Forestry",23
2030,14,"Forestry",23
2030,15,"Forestry",477
2030,16,"Forestry",6743
2030,23,"Veges",4412
2030,24,"Veges",4265
2030,25,"Veges",4265
2030,26,"Veges",1765
2031,2,"Beef",10
2031,3,"Beef",10
2031,4,"Beef",30
2031,8,"Sheepmeat",849
2031,9,"Sheepmeat",789
2031,10,"Sheepmeat",789
2031,11,"Forestry",11819
2031,12,"Forestry",11819
2031,13,"Forestry",1144
2031,14,"Forestry",1144
2031,15,"Forestry",23829
2031,16,"Forestry",337035
2032,2,"Beef",1825277
2032,3,"Beef",1825277
2032,4,"Beef",5471289
2032,8,"Sheepmeat",5047437
2032,9,"Sheepmeat",4690383
2032,10,"Sheepmeat",4690383
2032,11,"Forestry",77828
2032,12,"Forestry",77828
2032,13,"Forestry",7532
2032,14,"Forestry",7532
2032,15,"Forestry",156911
2032,16,"Forestry",2219346
2032,23,"Veges",19411
2032,24,"Veges",18764
2032,25,"Veges",18764
2032,26,"Veges",7765
2033,1,"Dairy",849701
2033,2,"Beef",6274339
2033,3,"Beef",6274339
2033,4,"Beef",18807409
2033,5,"Beef",24298
2033,6,"Beef",24298
2033,7,"Beef",72833
2033,8,"Sheepmeat",15901828
2033,9,"Sheepmeat",14776940
2033,10,"Sheepmeat",14776940
2033,11,"Forestry",309954
2033,12,"Forestry",309954
2033,13,"Forestry",29996
2033,14,"Forestry",29996
2033,15,"Forestry",624906
2033,16,"Forestry",8838675
2033,17,"Fruit",627331
2033,18,"Fruit",627331
2033,19,"Fruit",1378449
2033,20,"Fruit",80935
2033,21,"Fruit",161823
2033,22,"Fruit",40444
2033,23,"Veges",2558316
2033,24,"Veges",2473060
2033,25,"Veges",2473060
2033,26,"Veges",1023391
2034,2,"Beef",4991612
2034,3,"Beef",4991612
2034,4,"Beef",14962420
2034,5,"Beef",38
2034,6,"Beef",38
2034,7,"Beef",113
2034,8,"Sheepmeat",13140951
2034,9,"Sheepmeat",12211366
2034,10,"Sheepmeat",12211366
2034,11,"Forestry",190423
2034,12,"Forestry",190423
2034,13,"Forestry",18428
2034,14,"Forestry",18428
2034,15,"Forestry",383917
2034,16,"Forestry",5430120
2035,2,"Beef",3980506
2035,3,"Beef",3980506
2035,4,"Beef",11931617
2035,5,"Beef",38
2035,6,"Beef",38
2035,7,"Beef",113
2035,8,"Sheepmeat",11180489
2035,9,"Sheepmeat",10389586
2035,10,"Sheepmeat",10389586
2035,11,"Forestry",97090
2035,12,"Forestry",97090
2035,13,"Forestry",9396
2035,14,"Forestry",9396
2035,15,"Forestry",195747
2035,16,"Forestry",2768643
2036,2,"Beef",2495907
2036,3,"Beef",2495907
2036,4,"Beef",7481514
2036,5,"Beef",38
2036,6,"Beef",38
2036,7,"Beef",113
2036,8,"Sheepmeat",5944286
2036,9,"Sheepmeat",5523790
2036,10,"Sheepmeat",5523790
2036,11,"Forestry",15964
2036,12,"Forestry",15964
2036,13,"Forestry",1545
2036,14,"Forestry",1545
2036,15,"Forestry",32185
2036,16,"Forestry",455227
2037,2,"Beef",2346606
2037,3,"Beef",2346606
2037,4,"Beef",7033980
2037,5,"Beef",38
2037,6,"Beef",38
2037,7,"Beef",113
2037,8,"Sheepmeat",5640031
2037,9,"Sheepmeat",5241058
2037,10,"Sheepmeat",5241058
2037,11,"Forestry",6371
2037,12,"Forestry",6371
2037,13,"Forestry",617
2037,14,"Forestry",617
2037,15,"Forestry",12845
2037,16,"Forestry",181687
2039,2,"Beef",4355928
2039,3,"Beef",4355928
2039,4,"Beef",13056950
2039,5,"Beef",38
2039,6,"Beef",38
2039,7,"Beef",113
2039,8,"Sheepmeat",12105219
2039,9,"Sheepmeat",11248901
2039,10,"Sheepmeat",11248901
2039,11,"Forestry",107252
2039,12,"Forestry",107252
2039,13,"Forestry",10379
2039,14,"Forestry",10379
2039,15,"Forestry",216234
2039,16,"Forestry",3058407
2040,2,"Beef",1374185
2040,3,"Beef",1374185
2040,4,"Beef",4119136
2040,8,"Sheepmeat",2510954
2040,9,"Sheepmeat",2333330
2040,10,"Sheepmeat",2333330
2040,11,"Forestry",41884
2040,12,"Forestry",41884
2040,13,"Forestry",4053
2040,14,"Forestry",4053
2040,15,"Forestry",84443
2040,16,"Forestry",1194367
2043,2,"Beef",16103
2043,3,"Beef",16103
2043,4,"Beef",48268
2043,8,"Sheepmeat",12513
2043,9,"Sheepmeat",11628
2043,10,"Sheepmeat",11628
2043,11,"Forestry",20
2043,12,"Forestry",20
2043,13,"Forestry",2
2043,14,"Forestry",2
2043,15,"Forestry",41
2043,16,"Forestry",574
2046,2,"Beef",1630789
2046,3,"Beef",1630789
2046,4,"Beef",4888309
2046,8,"Sheepmeat",4016221
2046,9,"Sheepmeat",3732115
2046,10,"Sheepmeat",3732115
2046,11,"Forestry",305267
2046,12,"Forestry",305267
2046,13,"Forestry",29542
2046,14,"Forestry",29542
2046,15,"Forestry",615458
2046,16,"Forestry",8705042
2047,2,"Beef",2174
2047,3,"Beef",2174
2047,4,"Beef",6518
2047,8,"Sheepmeat",1684
2047,9,"Sheepmeat",1565
2047,10,"Sheepmeat",1565
2047,23,"Veges",3223
2047,24,"Veges",3116
2047,25,"Veges",3116
2047,26,"Veges",1289
2049,2,"Beef",1906
2049,3,"Beef",1906
2049,4,"Beef",5713
2049,8,"Sheepmeat",1474
2049,9,"Sheepmeat",1370
2049,10,"Sheepmeat",1370
2049,11,"Forestry",132
2049,12,"Forestry",132
2049,13,"Forestry",13
2049,14,"Forestry",13
2049,15,"Forestry",266
2049,16,"Forestry",3768
2049,17,"Fruit",17944
2049,18,"Fruit",17944
2049,19,"Fruit",39429
2049,20,"Fruit",2315
2049,21,"Fruit",4629
2049,22,"Fruit",1157
2049,23,"Veges",1465902
2049,24,"Veges",1417051
2049,25,"Veges",1417051
2049,26,"Veges",586398
2050,2,"Beef",699
2050,3,"Beef",699
2050,4,"Beef",2095
2050,8,"Sheepmeat",1810
2050,9,"Sheepmeat",1682
2050,10,"Sheepmeat",1682
2050,11,"Forestry",65711
2050,12,"Forestry",65711
2050,13,"Forestry",6359
2050,14,"Forestry",6359
2050,15,"Forestry",132483
2050,16,"Forestry",1873837
2051,1,"Dairy",6320257
2051,14,"Forestry",334319
2051,16,"Forestry",171501455
2051,17,"Fruit",13842762
2051,18,"Fruit",13842762
2051,19,"Fruit",30417003
2051,20,"Fruit",42154
2051,21,"Fruit",84283
2051,23,"Veges",167431
2051,24,"Veges",32599703
2051,25,"Veges",32599703
2051,26,"Veges",13490265
2052,16,"Forestry",97107183
2053,2,"Beef",60115
2053,3,"Beef",60115
2053,4,"Beef",180194
2053,8,"Sheepmeat",340088
2053,9,"Sheepmeat",316030
2053,10,"Sheepmeat",316030
2053,11,"Forestry",7237
2053,12,"Forestry",7237
2053,13,"Forestry",700
2053,14,"Forestry",700
2053,15,"Forestry",14590
2053,16,"Forestry",206368
2054,2,"Beef",128344
2054,3,"Beef",128344
2054,4,"Beef",384713
2054,8,"Sheepmeat",393189
2054,9,"Sheepmeat",365375
2054,10,"Sheepmeat",365375
2054,11,"Forestry",7237
2054,12,"Forestry",7237
2054,13,"Forestry",700
2054,14,"Forestry",700
2054,15,"Forestry",14590
2054,16,"Forestry",206368
2058,2,"Beef",55123
2058,3,"Beef",55123
2058,4,"Beef",165231
2058,8,"Sheepmeat",105074
2058,9,"Sheepmeat",97641
2058,10,"Sheepmeat",97641
2058,11,"Forestry",879
2058,12,"Forestry",879
2058,13,"Forestry",85
2058,14,"Forestry",85
2058,15,"Forestry",1773
2058,16,"Forestry",25072
2060,2,"Beef",1748
2060,3,"Beef",1748
2060,4,"Beef",5241
2060,8,"Sheepmeat",5012
2060,9,"Sheepmeat",1257
2060,10,"Sheepmeat",1257
2060,11,"Forestry",127
2060,12,"Forestry",127
2060,13,"Forestry",12
2060,14,"Forestry",332224
2060,15,"Forestry",256
2060,16,"Forestry",3624
2060,17,"Fruit",3013917
2060,18,"Fruit",3013917
2060,19,"Fruit",6622546
2060,24,"Veges",6473492
2060,25,"Veges",6473492
2060,26,"Veges",2678832
2061,11,"Forestry",93
2061,12,"Forestry",93
2061,13,"Forestry",9
2061,14,"Forestry",9
2061,15,"Forestry",188
2061,16,"Forestry",5061
2063,2,"Beef",8667
2063,3,"Beef",8667
2063,4,"Beef",25980
2063,8,"Sheepmeat",6705
2063,9,"Sheepmeat",6231
2063,10,"Sheepmeat",6231
2063,17,"Fruit",46
2063,18,"Fruit",46
2063,19,"Fruit",101
2063,22,"Fruit",3
2064,20,"Fruit",6
2064,21,"Fruit",12
2070,2,"Beef",21843
2070,3,"Beef",21843
2070,4,"Beef",65475
2070,8,"Sheepmeat",152750
2070,9,"Sheepmeat",141945
2070,10,"Sheepmeat",141945
2070,11,"Forestry",73632
2070,12,"Forestry",73632
2070,13,"Forestry",7126
2070,14,"Forestry",7126
2070,15,"Forestry",148452
2070,16,"Forestry",2099706
2071,2,"Beef",16721
2071,3,"Beef",16721
2071,4,"Beef",50121
2071,8,"Sheepmeat",105839
2071,9,"Sheepmeat",98352
2071,10,"Sheepmeat",98352
2071,11,"Forestry",73631
2071,12,"Forestry",73631
2071,13,"Forestry",7126
2071,14,"Forestry",7126
2071,15,"Forestry",148450
2071,16,"Forestry",2099683
2072,2,"Beef",31808
2072,3,"Beef",31808
2072,4,"Beef",95345
2072,8,"Sheepmeat",26491
2072,9,"Sheepmeat",24617
2072,10,"Sheepmeat",24617
2073,1,"Dairy",41981
2073,2,"Beef",272637
2073,3,"Beef",272637
2073,4,"Beef",817232
2073,5,"Beef",2962
2073,6,"Beef",2962
2073,7,"Beef",8879
2073,8,"Sheepmeat",262413
2073,9,"Sheepmeat",261664
2073,10,"Sheepmeat",261664
2073,11,"Forestry",4047
2073,12,"Forestry",4047
2073,14,"Forestry",462291
2073,15,"Forestry",7187
2073,17,"Fruit",2891388
2073,18,"Fruit",2891388
2073,19,"Fruit",6353310
2073,20,"Fruit",33628
2073,21,"Fruit",67236
2073,22,"Fruit",37866
2073,23,"Veges",1011184
2073,24,"Veges",5698854
2073,25,"Veges",5698854
2073,26,"Veges",2358274
2075,2,"Beef",428
2075,3,"Beef",428
2075,4,"Beef",1282
2075,8,"Sheepmeat",331
2075,9,"Sheepmeat",308
2075,10,"Sheepmeat",308
2077,2,"Beef",3525295
2077,3,"Beef",3525295
2077,4,"Beef",10567115
2077,8,"Sheepmeat",7726305
2077,9,"Sheepmeat",7309378
2077,10,"Sheepmeat",7309378
2077,11,"Forestry",3299599
2077,12,"Forestry",3299599
2077,13,"Forestry",319316
2077,14,"Forestry",319316
2077,15,"Forestry",6570082
2077,16,"Forestry",91233266
2077,20,"Fruit",2283
2077,21,"Fruit",4564
2077,23,"Veges",6339047
2077,24,"Veges",37124
2077,25,"Veges",37124
2077,26,"Veges",15363
2078,2,"Beef",52412
2078,3,"Beef",52412
2078,4,"Beef",157107
2078,8,"Sheepmeat",185358
2078,9,"Sheepmeat",172246
2078,10,"Sheepmeat",172246
2078,11,"Forestry",1483
2078,12,"Forestry",1483
2078,13,"Forestry",144
2078,14,"Forestry",144
2078,15,"Forestry",2990
2078,16,"Forestry",42292
2079,2,"Beef",22711
2079,3,"Beef",22711
2079,4,"Beef",68076
2079,8,"Sheepmeat",143037
2079,9,"Sheepmeat",132919
2079,10,"Sheepmeat",132919
2079,11,"Forestry",659
2079,12,"Forestry",659
2079,13,"Forestry",64
2079,14,"Forestry",64
2079,15,"Forestry",1328
2079,16,"Forestry",18778
2080,2,"Beef",561542
2080,3,"Beef",561542
2080,4,"Beef",1683228
2080,8,"Sheepmeat",9343
2080,9,"Sheepmeat",3238637
2080,10,"Sheepmeat",3238637
2080,11,"Forestry",161885
2080,12,"Forestry",161885
2080,13,"Forestry",15666
2080,14,"Forestry",15666
2080,15,"Forestry",326380
2080,16,"Forestry",4616323
2082,2,"Beef",231358
2082,3,"Beef",231358
2082,4,"Beef",693500
2082,8,"Sheepmeat",2128806
2082,9,"Sheepmeat",1978216
2082,10,"Sheepmeat",1978216
2082,11,"Forestry",95754
2082,12,"Forestry",95754
2082,13,"Forestry",9267
2082,14,"Forestry",9267
2082,15,"Forestry",193052
2082,16,"Forestry",2730529
2083,2,"Beef",5770
2083,3,"Beef",5770
2083,4,"Beef",17297
2083,8,"Sheepmeat",65515
2083,9,"Sheepmeat",60881
2083,10,"Sheepmeat",60881
2083,11,"Forestry",792
2083,12,"Forestry",792
2083,13,"Forestry",77
2083,14,"Forestry",77
2083,15,"Forestry",1597
2083,16,"Forestry",22582
2084,2,"Beef",53682
2084,3,"Beef",53682
2084,4,"Beef",160912
2084,8,"Sheepmeat",86338
2084,9,"Sheepmeat",80231
2084,10,"Sheepmeat",80231
2084,11,"Forestry",2
2084,12,"Forestry",2
2084,13,"Forestry",0
2084,14,"Forestry",0
2084,15,"Forestry",4
2084,16,"Forestry",57
2085,2,"Beef",263839
2085,3,"Beef",263839
2085,4,"Beef",790862
2085,8,"Sheepmeat",468345
2085,9,"Sheepmeat",435215
2085,10,"Sheepmeat",435215
2085,11,"Forestry",5171
2085,12,"Forestry",5171
2085,13,"Forestry",500
2085,14,"Forestry",500
2085,15,"Forestry",10426
2085,16,"Forestry",147465
2091,2,"Beef",75638
2091,3,"Beef",75638
2091,4,"Beef",226726
2091,8,"Sheepmeat",618255
2091,9,"Sheepmeat",574519
2091,10,"Sheepmeat",574519
2091,11,"Forestry",114886
2091,12,"Forestry",114886
2091,13,"Forestry",11118
2091,14,"Forestry",11118
2091,15,"Forestry",231624
2091,16,"Forestry",3276092
2092,2,"Beef",107627
2092,3,"Beef",107627
2092,4,"Beef",322612
2092,8,"Sheepmeat",730993
2092,9,"Sheepmeat",679283
2092,10,"Sheepmeat",679283
2092,11,"Forestry",117832
2092,12,"Forestry",117832
2092,13,"Forestry",11403
2092,14,"Forestry",11403
2092,15,"Forestry",237564
2092,16,"Forestry",3360112
2092,23,"Veges",342044
2092,24,"Veges",330645
2092,25,"Veges",330645
2092,26,"Veges",136826
2093,2,"Beef",187467
2093,3,"Beef",187467
2093,4,"Beef",561935
2093,8,"Sheepmeat",1056180
2093,9,"Sheepmeat",981466
2093,10,"Sheepmeat",981466
2093,11,"Forestry",27195
2093,12,"Forestry",27195
2093,13,"Forestry",2632
2093,14,"Forestry",2632
2093,15,"Forestry",54828
2093,16,"Forestry",775487
2094,2,"Beef",1131583
2094,3,"Beef",1131583
2094,4,"Beef",3391935
2094,8,"Sheepmeat",3732808
2094,9,"Sheepmeat",3468751
2094,10,"Sheepmeat",3468751
2094,11,"Forestry",32262
2094,12,"Forestry",32262
2094,13,"Forestry",3122
2094,14,"Forestry",3122
2094,15,"Forestry",65045
2094,16,"Forestry",919992
2095,2,"Beef",167169
2095,3,"Beef",167169
2095,4,"Beef",501091
2095,5,"Beef",38
2095,6,"Beef",38
2095,7,"Beef",113
2095,8,"Sheepmeat",309431
2095,9,"Sheepmeat",287542
2095,10,"Sheepmeat",287542
2104,2,"Beef",801450
2104,3,"Beef",801450
2104,4,"Beef",2402358
2104,8,"Sheepmeat",2243446
2104,9,"Sheepmeat",2084745
2104,10,"Sheepmeat",2084745
2104,11,"Forestry",64125
2104,12,"Forestry",64125
2104,13,"Forestry",6206
2104,14,"Forestry",6206
2104,15,"Forestry",129284
2104,16,"Forestry",1828586
2105,2,"Beef",746837
2105,3,"Beef",746837
2105,4,"Beef",2238653
2105,8,"Sheepmeat",2555820
2105,9,"Sheepmeat",2375023
2105,10,"Sheepmeat",2375023
2105,11,"Forestry",18128
2105,12,"Forestry",18128
2105,13,"Forestry",1754
2105,14,"Forestry",1754
2105,15,"Forestry",36548
2105,16,"Forestry",516934
2106,2,"Beef",746837
2106,3,"Beef",746837
2106,4,"Beef",2238653
2106,8,"Sheepmeat",2555820
2106,9,"Sheepmeat",2375023
2106,10,"Sheepmeat",2375023
2106,11,"Forestry",18128
2106,12,"Forestry",18128
2106,13,"Forestry",1754
2106,14,"Forestry",1754
2106,15,"Forestry",36548
2106,16,"Forestry",516934
2107,2,"Beef",735022
2107,3,"Beef",735022
2107,4,"Beef",2203238
2107,8,"Sheepmeat",2543621
2107,9,"Sheepmeat",2363686
2107,10,"Sheepmeat",2363686
2107,11,"Forestry",17140
2107,12,"Forestry",17140
2107,13,"Forestry",1659
2107,14,"Forestry",1659
2107,15,"Forestry",34556
2107,16,"Forestry",488767
2108,2,"Beef",735022
2108,3,"Beef",735022
2108,4,"Beef",2203238
2108,8,"Sheepmeat",2543621
2108,9,"Sheepmeat",2363686
2108,10,"Sheepmeat",2363686
2108,11,"Forestry",17140
2108,12,"Forestry",17140
2108,13,"Forestry",1659
2108,14,"Forestry",1659
2108,15,"Forestry",34556
2108,16,"Forestry",488767
2109,2,"Beef",726584
2109,3,"Beef",726584
2109,4,"Beef",2177945
2109,8,"Sheepmeat",2536894
2109,9,"Sheepmeat",2357435
2109,10,"Sheepmeat",2357435
2109,11,"Forestry",14595
2109,12,"Forestry",14595
2109,13,"Forestry",1412
2109,14,"Forestry",1412
2109,15,"Forestry",29426
2109,16,"Forestry",416198
2110,2,"Beef",734981
2110,3,"Beef",734981
2110,4,"Beef",2203115
2110,8,"Sheepmeat",2543390
2110,9,"Sheepmeat",2363472
2110,10,"Sheepmeat",2363472
2110,11,"Forestry",14595
2110,12,"Forestry",14595
2110,13,"Forestry",1412
2110,14,"Forestry",1412
2110,15,"Forestry",29426
2110,16,"Forestry",416198
2111,2,"Beef",606847
2111,3,"Beef",606847
2111,4,"Beef",1819032
2111,8,"Sheepmeat",2197131
2111,9,"Sheepmeat",2041707
2111,10,"Sheepmeat",2041707
2111,11,"Forestry",14595
2111,12,"Forestry",14595
2111,13,"Forestry",1412
2111,14,"Forestry",1412
2111,15,"Forestry",29426
2111,16,"Forestry",416198
2112,2,"Beef",606847
2112,3,"Beef",606847
2112,4,"Beef",1819032
2112,8,"Sheepmeat",2197131
2112,9,"Sheepmeat",2041707
2112,10,"Sheepmeat",2041707
2112,11,"Forestry",14595
2112,12,"Forestry",14595
2112,13,"Forestry",1412
2112,14,"Forestry",1412
2112,15,"Forestry",29426
2112,16,"Forestry",416198
2113,1,"Dairy",294382
2113,14,"Forestry",319857
2116,2,"Beef",26856
2116,3,"Beef",26856
2116,4,"Beef",80502
2116,8,"Sheepmeat",63745
2116,9,"Sheepmeat",59236
2116,10,"Sheepmeat",59236
2116,11,"Forestry",110645
2116,12,"Forestry",110645
2116,13,"Forestry",10708
2116,14,"Forestry",10708
2116,15,"Forestry",140740
2116,16,"Forestry",296650
2117,2,"Beef",47476
2117,3,"Beef",47476
2117,4,"Beef",142311
2117,8,"Sheepmeat",257426
2117,9,"Sheepmeat",239216
2117,10,"Sheepmeat",239216
2117,11,"Forestry",1808
2117,12,"Forestry",1808
2117,13,"Forestry",175
2117,14,"Forestry",175
2117,15,"Forestry",3646
2117,16,"Forestry",51569
2118,2,"Beef",2244707
2118,3,"Beef",2244707
2118,4,"Beef",6728536
2118,5,"Beef",38
2118,6,"Beef",38
2118,7,"Beef",113
2118,8,"Sheepmeat",5469758
2118,9,"Sheepmeat",5082830
2118,10,"Sheepmeat",5082830
2118,11,"Forestry",5653
2118,12,"Forestry",5653
2118,13,"Forestry",547
2118,14,"Forestry",547
2118,15,"Forestry",11397
2118,16,"Forestry",161198
2119,2,"Beef",2212032
2119,3,"Beef",2212032
2119,4,"Beef",6630593
2119,5,"Beef",38
2119,6,"Beef",38
2119,7,"Beef",113
2119,8,"Sheepmeat",5240754
2119,9,"Sheepmeat",4870026
2119,10,"Sheepmeat",4870026
2119,11,"Forestry",5551
2119,12,"Forestry",5551
2119,13,"Forestry",537
2119,14,"Forestry",537
2119,15,"Forestry",11191
2119,16,"Forestry",158285
2120,2,"Beef",2244707
2120,3,"Beef",2244707
2120,4,"Beef",6728536
2120,5,"Beef",38
2120,6,"Beef",38
2120,7,"Beef",113
2120,8,"Sheepmeat",5469758
2120,9,"Sheepmeat",5082830
2120,10,"Sheepmeat",5082830
2120,11,"Forestry",5653
2120,12,"Forestry",5653
2120,13,"Forestry",547
2120,14,"Forestry",547
2120,15,"Forestry",11397
2120,16,"Forestry",161198
2121,2,"Beef",1747746
2121,3,"Beef",1747746
2121,4,"Beef",5238890
2121,5,"Beef",38
2121,6,"Beef",38
2121,7,"Beef",113
2121,8,"Sheepmeat",4183289
2121,9,"Sheepmeat",3887365
2121,10,"Sheepmeat",3887365
2121,11,"Forestry",2335
2121,12,"Forestry",2335
2121,13,"Forestry",226
2121,14,"Forestry",226
2121,15,"Forestry",4708
2121,16,"Forestry",66594
2122,2,"Beef",773780
2122,3,"Beef",773780
2122,4,"Beef",2319416
2122,5,"Beef",38
2122,6,"Beef",38
2122,7,"Beef",113
2122,8,"Sheepmeat",2473909
2122,9,"Sheepmeat",2298906
2122,10,"Sheepmeat",2298906
2122,11,"Forestry",1398
2122,12,"Forestry",1398
2122,13,"Forestry",135
2122,14,"Forestry",135
2122,15,"Forestry",2818
2122,16,"Forestry",39852
2123,2,"Beef",874755
2123,3,"Beef",874755
2123,4,"Beef",2622089
2123,5,"Beef",38
2123,6,"Beef",38
2123,7,"Beef",113
2123,8,"Sheepmeat",2687915
2123,9,"Sheepmeat",2497773
2123,10,"Sheepmeat",2497773
2123,11,"Forestry",1398
2123,12,"Forestry",1398
2123,13,"Forestry",135
2123,14,"Forestry",135
2123,15,"Forestry",2818
2123,16,"Forestry",39852
2124,2,"Beef",324259
2124,3,"Beef",324259
2124,4,"Beef",971971
2124,8,"Sheepmeat",2243321
2124,9,"Sheepmeat",2084630
2124,10,"Sheepmeat",2084630
2124,11,"Forestry",98612
2124,12,"Forestry",98612
2124,13,"Forestry",9543
2124,14,"Forestry",9543
2124,15,"Forestry",198815
2124,16,"Forestry",2812036
2125,2,"Beef",536265
2125,3,"Beef",536265
2125,4,"Beef",1607462
2125,8,"Sheepmeat",1174063
2125,9,"Sheepmeat",1091010
2125,10,"Sheepmeat",1091010
2125,11,"Forestry",21142
2125,12,"Forestry",21142
2125,13,"Forestry",2046
2125,14,"Forestry",2046
2125,15,"Forestry",42624
2125,16,"Forestry",602880
2126,2,"Beef",446175
2126,3,"Beef",446175
2126,4,"Beef",1337415
2126,8,"Sheepmeat",1087315
2126,9,"Sheepmeat",1010399
2126,10,"Sheepmeat",1010399
2126,11,"Forestry",20506
2126,12,"Forestry",20506
2126,13,"Forestry",1984
2126,14,"Forestry",1984
2126,15,"Forestry",41343
2126,16,"Forestry",584756
2127,2,"Beef",1106206
2127,3,"Beef",1106206
2127,4,"Beef",3315867
2127,8,"Sheepmeat",1877824
2127,9,"Sheepmeat",1744988
2127,10,"Sheepmeat",1744988
2127,11,"Forestry",138013
2127,12,"Forestry",138013
2127,13,"Forestry",13356
2127,14,"Forestry",13356
2127,15,"Forestry",278251
2127,16,"Forestry",3935587
2128,2,"Beef",277667
2128,3,"Beef",277667
2128,4,"Beef",832310
2128,8,"Sheepmeat",1023384
2128,9,"Sheepmeat",950990
2128,10,"Sheepmeat",950990
2128,11,"Forestry",2588
2128,12,"Forestry",2588
2128,13,"Forestry",250
2128,14,"Forestry",250
2128,15,"Forestry",5218
2128,16,"Forestry",73801
2129,2,"Beef",133081
2129,3,"Beef",133081
2129,4,"Beef",398912
2129,8,"Sheepmeat",186513
2129,9,"Sheepmeat",173319
2129,10,"Sheepmeat",173319
2130,2,"Beef",42444
2130,3,"Beef",42444
2130,4,"Beef",127227
2130,8,"Sheepmeat",78574
2130,9,"Sheepmeat",73016
2130,10,"Sheepmeat",73016
2131,2,"Beef",1708
2131,3,"Beef",1708
2131,4,"Beef",5121
2131,8,"Sheepmeat",1322
2131,9,"Sheepmeat",1228
2131,10,"Sheepmeat",1228
2132,2,"Beef",490
2132,3,"Beef",490
2132,4,"Beef",1469
2132,8,"Sheepmeat",379
2132,9,"Sheepmeat",352
2132,10,"Sheepmeat",352
2132,17,"Fruit",49784
2132,18,"Fruit",49784
2132,19,"Fruit",109391
2133,2,"Beef",599857
2133,3,"Beef",599857
2133,4,"Beef",1798080
2133,8,"Sheepmeat",1880888
2133,9,"Sheepmeat",1747835
2133,10,"Sheepmeat",1747835
2133,11,"Forestry",176489
2133,12,"Forestry",176489
2133,13,"Forestry",17080
2133,14,"Forestry",17080
2133,15,"Forestry",355824
2133,16,"Forestry",5032779
2134,2,"Beef",56973
2134,3,"Beef",56973
2134,4,"Beef",170777
2134,8,"Sheepmeat",398613
2134,9,"Sheepmeat",370415
2134,10,"Sheepmeat",370415
2134,11,"Forestry",100435
2134,12,"Forestry",100435
2134,13,"Forestry",9720
2134,14,"Forestry",9720
2134,15,"Forestry",202490
2134,16,"Forestry",2864021
2136,2,"Beef",345119
2136,3,"Beef",345119
2136,4,"Beef",1034498
2136,8,"Sheepmeat",864200
2136,9,"Sheepmeat",803067
2136,10,"Sheepmeat",803067
2136,11,"Forestry",1247
2136,12,"Forestry",1247
2136,13,"Forestry",121
2136,14,"Forestry",121
2136,15,"Forestry",2515
2136,16,"Forestry",35571
2137,2,"Beef",323972
2137,3,"Beef",323972
2137,4,"Beef",971109
2137,8,"Sheepmeat",844829
2137,9,"Sheepmeat",785066
2137,10,"Sheepmeat",785066
2137,11,"Forestry",1071
2137,12,"Forestry",1071
2137,13,"Forestry",104
2137,14,"Forestry",104
2137,15,"Forestry",2160
2137,16,"Forestry",30549
2138,2,"Beef",181816
2138,3,"Beef",181816
2138,4,"Beef",544997
2138,8,"Sheepmeat",608729
2138,9,"Sheepmeat",565668
2138,10,"Sheepmeat",565668
2138,11,"Forestry",559
2138,12,"Forestry",559
2138,13,"Forestry",54
2138,14,"Forestry",54
2138,15,"Forestry",1126
2138,16,"Forestry",15927
2139,2,"Beef",188104
2139,3,"Beef",188104
2139,4,"Beef",563843
2139,8,"Sheepmeat",495877
2139,9,"Sheepmeat",460799
2139,10,"Sheepmeat",460799
2139,11,"Forestry",811
2139,12,"Forestry",811
2139,13,"Forestry",78
2139,14,"Forestry",78
2139,15,"Forestry",1635
2139,16,"Forestry",23131
2140,2,"Beef",188104
2140,3,"Beef",188104
2140,4,"Beef",563843
2140,8,"Sheepmeat",495877
2140,9,"Sheepmeat",460799
2140,10,"Sheepmeat",460799
2140,11,"Forestry",811
2140,12,"Forestry",811
2140,13,"Forestry",78
2140,14,"Forestry",78
2140,15,"Forestry",1635
2140,16,"Forestry",23131
2141,2,"Beef",124071
2141,3,"Beef",124071
2141,4,"Beef",371905
2141,8,"Sheepmeat",343735
2141,9,"Sheepmeat",319419
2141,10,"Sheepmeat",319419
2141,11,"Forestry",526
2141,12,"Forestry",526
2141,13,"Forestry",51
2141,14,"Forestry",51
2141,15,"Forestry",1060
2141,16,"Forestry",14991
2142,2,"Beef",124071
2142,3,"Beef",124071
2142,4,"Beef",371905
2142,8,"Sheepmeat",343735
2142,9,"Sheepmeat",319419
2142,10,"Sheepmeat",319419
2142,11,"Forestry",526
2142,12,"Forestry",526
2142,13,"Forestry",51
2142,14,"Forestry",51
2142,15,"Forestry",1060
2142,16,"Forestry",14991
2143,2,"Beef",29882
2143,3,"Beef",29882
2143,4,"Beef",89571
2143,8,"Sheepmeat",740287
2143,9,"Sheepmeat",687919
2143,10,"Sheepmeat",687919
2143,11,"Forestry",63346
2143,12,"Forestry",63346
2143,13,"Forestry",6130
2143,14,"Forestry",6130
2143,15,"Forestry",127714
2143,16,"Forestry",1806385
2144,2,"Beef",56973
2144,3,"Beef",56973
2144,4,"Beef",170777
2144,8,"Sheepmeat",398613
2144,9,"Sheepmeat",370415
2144,10,"Sheepmeat",370415
2144,11,"Forestry",100435
2144,12,"Forestry",100435
2144,13,"Forestry",9720
2144,14,"Forestry",9720
2144,15,"Forestry",202490
2144,16,"Forestry",2864021
2145,2,"Beef",41037
2145,3,"Beef",41037
2145,4,"Beef",123010
2145,8,"Sheepmeat",153899
2145,9,"Sheepmeat",143012
2145,10,"Sheepmeat",143012
2145,11,"Forestry",488
2145,12,"Forestry",488
2145,13,"Forestry",47
2145,14,"Forestry",47
2145,15,"Forestry",983
2145,16,"Forestry",13906
2146,2,"Beef",6570
2146,3,"Beef",6570
2146,4,"Beef",19693
2146,8,"Sheepmeat",33694
2146,9,"Sheepmeat",31311
2146,10,"Sheepmeat",31311
2147,2,"Beef",8065
2147,3,"Beef",8065
2147,4,"Beef",24176
2147,8,"Sheepmeat",35382
2147,9,"Sheepmeat",32879
2147,10,"Sheepmeat",32879
2148,2,"Beef",252676
2148,3,"Beef",252676
2148,4,"Beef",757398
2148,8,"Sheepmeat",746815
2148,9,"Sheepmeat",693985
2148,10,"Sheepmeat",693985
2148,11,"Forestry",31938
2148,12,"Forestry",31938
2148,13,"Forestry",3091
2148,14,"Forestry",3091
2148,15,"Forestry",64391
2148,16,"Forestry",910748
2149,2,"Beef",110337
2149,3,"Beef",110337
2149,4,"Beef",330737
2149,8,"Sheepmeat",489398
2149,9,"Sheepmeat",454778
2149,10,"Sheepmeat",454778
2149,11,"Forestry",122499
2149,12,"Forestry",122499
2149,13,"Forestry",11855
2149,14,"Forestry",11855
2149,15,"Forestry",246974
2149,16,"Forestry",3493205
2150,2,"Beef",284780
2150,3,"Beef",284780
2150,4,"Beef",853633
2150,8,"Sheepmeat",1267094
2150,9,"Sheepmeat",1177461
2150,10,"Sheepmeat",1177461
2150,11,"Forestry",279208
2150,12,"Forestry",279208
2150,13,"Forestry",27020
2150,14,"Forestry",27020
2150,15,"Forestry",562919
2150,16,"Forestry",7961920
2150,23,"Veges",170209
2150,24,"Veges",164536
2150,25,"Veges",164536
2150,26,"Veges",68088
2151,2,"Beef",42527
2151,3,"Beef",42527
2151,4,"Beef",127475
2151,8,"Sheepmeat",91297
2151,9,"Sheepmeat",84839
2151,10,"Sheepmeat",84839
2151,11,"Forestry",3552
2151,12,"Forestry",3552
2151,13,"Forestry",344
2151,14,"Forestry",344
2151,15,"Forestry",7162
2151,16,"Forestry",101303
2152,2,"Beef",11100
2152,3,"Beef",11100
2152,4,"Beef",33272
2152,8,"Sheepmeat",8685
2152,9,"Sheepmeat",8070
2152,10,"Sheepmeat",8070
2153,2,"Beef",671904
2153,3,"Beef",671904
2153,4,"Beef",2014041
2153,8,"Sheepmeat",2040619
2153,9,"Sheepmeat",1896266
2153,10,"Sheepmeat",1896266
2153,11,"Forestry",61227
2153,12,"Forestry",61227
2153,13,"Forestry",5925
2153,14,"Forestry",5925
2153,15,"Forestry",123443
2153,16,"Forestry",1745971
2154,2,"Beef",671904
2154,3,"Beef",671904
2154,4,"Beef",2014041
2154,8,"Sheepmeat",2040619
2154,9,"Sheepmeat",1896266
2154,10,"Sheepmeat",1896266
2154,11,"Forestry",61227
2154,12,"Forestry",61227
2154,13,"Forestry",5925
2154,14,"Forestry",5925
2154,15,"Forestry",123443
2154,16,"Forestry",1745971
2156,2,"Beef",2589
2156,3,"Beef",2589
2156,4,"Beef",7760
2156,8,"Sheepmeat",2003
2156,9,"Sheepmeat",1861
2156,10,"Sheepmeat",1861
2156,11,"Forestry",5
2156,12,"Forestry",5
2156,13,"Forestry",0
2156,14,"Forestry",0
2156,15,"Forestry",10
2156,16,"Forestry",143
2156,17,"Fruit",136807
2156,18,"Fruit",136807
2156,19,"Fruit",300608
2156,20,"Fruit",17650
2156,21,"Fruit",35290
2156,22,"Fruit",8820
2157,2,"Beef",72426
2157,3,"Beef",72426
2157,4,"Beef",217098
2157,8,"Sheepmeat",251925
2157,9,"Sheepmeat",234104
2157,10,"Sheepmeat",234104
2157,11,"Forestry",962
2157,12,"Forestry",962
2157,13,"Forestry",93
2157,14,"Forestry",93
2157,15,"Forestry",1940
2157,16,"Forestry",27440
2158,2,"Beef",31378
2158,3,"Beef",31378
2158,4,"Beef",94056
2158,8,"Sheepmeat",24965
2158,9,"Sheepmeat",23199
2158,10,"Sheepmeat",23199
2160,2,"Beef",321088
2160,3,"Beef",321088
2160,4,"Beef",962464
2160,8,"Sheepmeat",1250241
2160,9,"Sheepmeat",1161800
2160,10,"Sheepmeat",1161800
2160,11,"Forestry",37459
2160,12,"Forestry",37459
2160,13,"Forestry",3625
2160,14,"Forestry",3625
2160,15,"Forestry",75522
2160,16,"Forestry",1068188
2161,2,"Beef",665
2161,3,"Beef",665
2161,4,"Beef",1993
2161,8,"Sheepmeat",5048
2161,9,"Sheepmeat",4691
2161,10,"Sheepmeat",4691
2161,11,"Forestry",18690
2161,12,"Forestry",18690
2161,13,"Forestry",1809
2161,14,"Forestry",1809
2161,15,"Forestry",37681
2161,16,"Forestry",532961
2162,2,"Beef",30664
2162,3,"Beef",30664
2162,4,"Beef",91914
2162,8,"Sheepmeat",108647
2162,9,"Sheepmeat",100962
2162,10,"Sheepmeat",100962
2162,11,"Forestry",212871
2162,12,"Forestry",212871
2162,13,"Forestry",20600
2162,14,"Forestry",20600
2162,15,"Forestry",429175
2162,16,"Forestry",6070257
2163,2,"Beef",17278
2163,3,"Beef",17278
2163,4,"Beef",51791
2163,8,"Sheepmeat",13367
2163,9,"Sheepmeat",12421
2163,10,"Sheepmeat",12421
2163,11,"Forestry",815
2163,12,"Forestry",815
2163,13,"Forestry",79
2163,14,"Forestry",79
2163,15,"Forestry",1644
2163,16,"Forestry",23249
2164,2,"Beef",16807
2164,3,"Beef",16807
2164,4,"Beef",50378
2164,8,"Sheepmeat",13002
2164,9,"Sheepmeat",12082
2164,10,"Sheepmeat",12082
2164,11,"Forestry",796
2164,12,"Forestry",796
2164,13,"Forestry",77
2164,14,"Forestry",77
2164,15,"Forestry",1605
2164,16,"Forestry",22701
2165,2,"Beef",355126
2165,3,"Beef",355126
2165,4,"Beef",1064494
2165,8,"Sheepmeat",313242
2165,9,"Sheepmeat",291084
2165,10,"Sheepmeat",291084
2165,11,"Forestry",33
2165,12,"Forestry",33
2165,13,"Forestry",3
2165,14,"Forestry",3
2165,15,"Forestry",67
2165,16,"Forestry",953
2165,23,"Veges",1628
2165,24,"Veges",1573
2165,25,"Veges",1573
2165,26,"Veges",651
2166,2,"Beef",17010
2166,3,"Beef",17010
2166,4,"Beef",50987
2166,8,"Sheepmeat",178693
2166,9,"Sheepmeat",166052
2166,10,"Sheepmeat",166052
2166,11,"Forestry",8432
2166,12,"Forestry",8432
2166,13,"Forestry",816
2166,14,"Forestry",816
2166,15,"Forestry",16999
2166,16,"Forestry",240436
2167,2,"Beef",8063
2167,3,"Beef",8063
2167,4,"Beef",24170
2167,8,"Sheepmeat",8356
2167,9,"Sheepmeat",7765
2167,10,"Sheepmeat",7765
2167,11,"Forestry",37
2167,12,"Forestry",37
2167,13,"Forestry",4
2167,14,"Forestry",4
2167,15,"Forestry",75
2167,16,"Forestry",1066
2168,2,"Beef",5
2168,3,"Beef",5
2168,4,"Beef",14
2168,8,"Sheepmeat",4
2168,9,"Sheepmeat",3
2168,10,"Sheepmeat",3
2168,17,"Fruit",25440
2168,18,"Fruit",25440
2168,19,"Fruit",55901
2168,20,"Fruit",3282
2168,21,"Fruit",6562
2168,22,"Fruit",1640
2168,23,"Veges",149735
2168,24,"Veges",144745
2168,25,"Veges",144745
2168,26,"Veges",59898
2176,2,"Beef",1332
2176,3,"Beef",1332
2176,4,"Beef",3992
2176,8,"Sheepmeat",1030
2176,9,"Sheepmeat",957
2176,10,"Sheepmeat",957
2176,17,"Fruit",109525
2176,18,"Fruit",109525
2176,19,"Fruit",240662
2176,20,"Fruit",14130
2176,21,"Fruit",28253
2176,22,"Fruit",7061
2176,23,"Veges",371646
2176,24,"Veges",359261
2176,25,"Veges",359261
2176,26,"Veges",148668
2180,2,"Beef",10
2180,3,"Beef",10
2180,4,"Beef",30
2180,8,"Sheepmeat",1084
2180,9,"Sheepmeat",1007
2180,10,"Sheepmeat",1007
2180,11,"Forestry",11819
2180,12,"Forestry",11819
2180,13,"Forestry",1144
2180,14,"Forestry",1144
2180,15,"Forestry",23829
2180,16,"Forestry",337035
2181,2,"Beef",1330
2181,3,"Beef",1330
2181,4,"Beef",3987
2181,8,"Sheepmeat",12597
2181,9,"Sheepmeat",11706
2181,10,"Sheepmeat",11706
2181,11,"Forestry",33901
2181,12,"Forestry",33901
2181,13,"Forestry",3281
2181,14,"Forestry",3281
2181,15,"Forestry",68348
2181,16,"Forestry",966720
2187,2,"Beef",283356
2187,3,"Beef",283356
2187,4,"Beef",849363
2187,8,"Sheepmeat",1265899
2187,9,"Sheepmeat",1176350
2187,10,"Sheepmeat",1176350
2187,11,"Forestry",279208
2187,12,"Forestry",279208
2187,13,"Forestry",27020
2187,14,"Forestry",27020
2187,15,"Forestry",562919
2187,16,"Forestry",7961920
2187,23,"Veges",170209
2187,24,"Veges",164536
2187,25,"Veges",164536
2187,26,"Veges",68088
2188,2,"Beef",50005
2188,3,"Beef",50005
2188,4,"Beef",149892
2188,8,"Sheepmeat",51880
2188,9,"Sheepmeat",48210
2188,10,"Sheepmeat",48210
2188,11,"Forestry",7120
2188,12,"Forestry",7120
2188,13,"Forestry",689
2188,14,"Forestry",689
2188,15,"Forestry",96690
2188,16,"Forestry",3061566
2189,2,"Beef",2013
2189,3,"Beef",2013
2189,4,"Beef",6034
2189,8,"Sheepmeat",162990
2189,9,"Sheepmeat",151460
2189,10,"Sheepmeat",151460
2189,11,"Forestry",317
2189,12,"Forestry",317
2189,13,"Forestry",31
2189,14,"Forestry",31
2189,15,"Forestry",639
2189,16,"Forestry",9042
2190,2,"Beef",456
2190,3,"Beef",456
2190,4,"Beef",1365
2190,8,"Sheepmeat",352
2190,9,"Sheepmeat",327
2190,10,"Sheepmeat",327
2191,2,"Beef",27051
2191,3,"Beef",27051
2191,4,"Beef",81085
2191,8,"Sheepmeat",63971
2191,9,"Sheepmeat",59446
2191,10,"Sheepmeat",59446
2191,11,"Forestry",193474
2191,12,"Forestry",193474
2191,13,"Forestry",18723
2191,14,"Forestry",18723
2191,15,"Forestry",307734
2191,16,"Forestry",2658607
2192,2,"Beef",3370249
2192,3,"Beef",3370249
2192,4,"Beef",10102364
2192,8,"Sheepmeat",7046406
2192,9,"Sheepmeat",6677575
2192,10,"Sheepmeat",6677575
2192,11,"Forestry",2500814
2192,12,"Forestry",2500814
2192,13,"Forestry",242014
2192,14,"Forestry",242014
2192,15,"Forestry",5041963
2192,16,"Forestry",71313521
2192,20,"Fruit",2283
2192,21,"Fruit",4564
2192,23,"Veges",6300643
2193,2,"Beef",2827
2193,3,"Beef",2827
2193,4,"Beef",8475
2193,8,"Sheepmeat",6811
2193,9,"Sheepmeat",6329
2193,10,"Sheepmeat",6329
2193,11,"Forestry",660
2193,12,"Forestry",660
2193,13,"Forestry",64
2193,14,"Forestry",64
2193,15,"Forestry",1331
2193,16,"Forestry",18821
2193,17,"Fruit",7999
2193,18,"Fruit",7999
2193,19,"Fruit",17577
2193,20,"Fruit",1032
2193,21,"Fruit",2063
2193,22,"Fruit",516
2195,1,"Dairy",6465984
2195,2,"Beef",7746
2195,3,"Beef",7746
2195,4,"Beef",23218
2195,8,"Sheepmeat",21503
2195,9,"Sheepmeat",5568
2195,10,"Sheepmeat",5568
2195,11,"Forestry",162
2195,12,"Forestry",162
2195,13,"Forestry",407
2195,14,"Forestry",9
2195,15,"Forestry",1299
2195,16,"Forestry",171621482
2195,17,"Fruit",14307572
2195,18,"Fruit",14307572
2195,19,"Fruit",31438342
2195,24,"Veges",32964403
2195,25,"Veges",32964403
2195,26,"Veges",13641183
2197,2,"Beef",2389
2197,3,"Beef",2389
2197,4,"Beef",7162
2197,8,"Sheepmeat",1848
2197,9,"Sheepmeat",1718
2197,10,"Sheepmeat",1718
2198,2,"Beef",18273
2198,3,"Beef",18273
2198,4,"Beef",54773
2198,8,"Sheepmeat",167327
2198,9,"Sheepmeat",155491
2198,10,"Sheepmeat",155491
2198,11,"Forestry",3079
2198,12,"Forestry",3079
2198,13,"Forestry",298
2198,14,"Forestry",298
2198,15,"Forestry",6208
2198,16,"Forestry",87808
2199,2,"Beef",3002
2199,3,"Beef",3002
2199,4,"Beef",8998
2199,8,"Sheepmeat",47360
2199,9,"Sheepmeat",44010
2199,10,"Sheepmeat",44010
2199,11,"Forestry",381597
2199,12,"Forestry",381597
2199,13,"Forestry",36929
2199,14,"Forestry",36929
2199,15,"Forestry",769348
2199,16,"Forestry",10881665
2200,2,"Beef",157
2200,3,"Beef",157
2200,4,"Beef",472
2200,8,"Sheepmeat",43658
2200,9,"Sheepmeat",40570
2200,10,"Sheepmeat",40570
2200,11,"Forestry",343011
2200,12,"Forestry",343011
2200,13,"Forestry",33195
2200,14,"Forestry",33195
2200,15,"Forestry",691554
2200,16,"Forestry",9781339
2202,2,"Beef",26416
2202,3,"Beef",26416
2202,4,"Beef",79182
2202,8,"Sheepmeat",319407
2202,9,"Sheepmeat",296813
2202,10,"Sheepmeat",296813
2202,11,"Forestry",96864
2202,12,"Forestry",96864
2202,13,"Forestry",9374
2202,14,"Forestry",9374
2202,15,"Forestry",195291
2202,16,"Forestry",2762201
2204,2,"Beef",9206
2204,3,"Beef",9206
2204,4,"Beef",27596
2204,8,"Sheepmeat",569546
2204,9,"Sheepmeat",529257
2204,10,"Sheepmeat",529257
2204,11,"Forestry",789384
2204,12,"Forestry",789384
2204,13,"Forestry",76392
2204,14,"Forestry",76392
2204,15,"Forestry",1591499
2204,16,"Forestry",22510162
2205,2,"Beef",1798
2205,3,"Beef",1798
2205,4,"Beef",5389
2205,8,"Sheepmeat",492825
2205,9,"Sheepmeat",457963
2205,10,"Sheepmeat",457963
2205,11,"Forestry",626056
2205,12,"Forestry",626056
2205,13,"Forestry",60586
2205,14,"Forestry",60586
2205,15,"Forestry",1262210
2205,16,"Forestry",17852694
2206,2,"Beef",1798
2206,3,"Beef",1798
2206,4,"Beef",5389
2206,8,"Sheepmeat",418924
2206,9,"Sheepmeat",389289
2206,10,"Sheepmeat",389289
2206,11,"Forestry",420797
2206,12,"Forestry",420797
2206,13,"Forestry",40722
2206,14,"Forestry",40722
2206,15,"Forestry",848381
2206,16,"Forestry",11999495
2208,2,"Beef",1126128
2208,3,"Beef",1126128
2208,4,"Beef",3375582
2208,8,"Sheepmeat",3529483
2208,9,"Sheepmeat",3279809
2208,10,"Sheepmeat",3279809
2208,11,"Forestry",22313
2208,12,"Forestry",22313
2208,13,"Forestry",2159
2208,14,"Forestry",2159
2208,15,"Forestry",44986
2208,16,"Forestry",636287
2209,2,"Beef",207231
2209,3,"Beef",207231
2209,4,"Beef",621177
2209,8,"Sheepmeat",899025
2209,9,"Sheepmeat",835429
2209,10,"Sheepmeat",835429
2209,11,"Forestry",2588
2209,12,"Forestry",2588
2209,13,"Forestry",250
2209,14,"Forestry",250
2209,15,"Forestry",5218
2209,16,"Forestry",73801
2210,2,"Beef",134750
2210,3,"Beef",134750
2210,4,"Beef",403914
2210,8,"Sheepmeat",528228
2210,9,"Sheepmeat",490862
2210,10,"Sheepmeat",490862
2210,11,"Forestry",2556
2210,12,"Forestry",2556
2210,13,"Forestry",247
2210,14,"Forestry",247
2210,15,"Forestry",5152
2210,16,"Forestry",72876
2211,2,"Beef",10101
2211,3,"Beef",10101
2211,4,"Beef",30279
2211,8,"Sheepmeat",71798
2211,9,"Sheepmeat",66719
2211,10,"Sheepmeat",66719
2212,2,"Beef",125696
2212,3,"Beef",125696
2212,4,"Beef",376775
2212,8,"Sheepmeat",314540
2212,9,"Sheepmeat",292290
2212,10,"Sheepmeat",292290
2212,11,"Forestry",56167
2212,12,"Forestry",56167
2212,13,"Forestry",5435
2212,14,"Forestry",5435
2212,15,"Forestry",113239
2212,16,"Forestry",1601655
2212,17,"Fruit",12664
2212,18,"Fruit",12664
2212,19,"Fruit",27826
2212,20,"Fruit",1634
2212,21,"Fruit",3267
2212,22,"Fruit",816
2213,2,"Beef",1648
2213,3,"Beef",1648
2213,4,"Beef",4939
2213,8,"Sheepmeat",66310
2213,9,"Sheepmeat",61619
2213,10,"Sheepmeat",61619
2213,11,"Forestry",17281
2213,12,"Forestry",17281
2213,13,"Forestry",1672
2213,14,"Forestry",1672
2213,15,"Forestry",34842
2213,16,"Forestry",492799
2214,2,"Beef",36364
2214,3,"Beef",36364
2214,4,"Beef",109002
2214,8,"Sheepmeat",172379
2214,9,"Sheepmeat",160185
2214,10,"Sheepmeat",160185
2214,11,"Forestry",1449
2214,12,"Forestry",1449
2214,13,"Forestry",140
2214,14,"Forestry",140
2214,15,"Forestry",2922
2214,16,"Forestry",41334
2215,2,"Beef",82612
2215,3,"Beef",82612
2215,4,"Beef",247630
2215,8,"Sheepmeat",630561
2215,9,"Sheepmeat",585956
2215,10,"Sheepmeat",585956
2215,11,"Forestry",234196
2215,12,"Forestry",234196
2215,13,"Forestry",22664
2215,14,"Forestry",22664
2215,15,"Forestry",472170
2215,16,"Forestry",6678370
2216,8,"Sheepmeat",39789
2216,9,"Sheepmeat",36974
2216,10,"Sheepmeat",36974
2216,11,"Forestry",15361
2216,12,"Forestry",15361
2216,13,"Forestry",1487
2216,14,"Forestry",1487
2216,15,"Forestry",30970
2216,16,"Forestry",438041
2217,2,"Beef",138444
2217,3,"Beef",138444
2217,4,"Beef",414987
2217,8,"Sheepmeat",513011
2217,9,"Sheepmeat",476721
2217,10,"Sheepmeat",476721
2217,11,"Forestry",160
2217,12,"Forestry",160
2217,13,"Forestry",15
2217,14,"Forestry",15
2217,15,"Forestry",323
2217,16,"Forestry",4564
2218,2,"Beef",15546
2218,3,"Beef",15546
2218,4,"Beef",46598
2218,8,"Sheepmeat",22877
2218,9,"Sheepmeat",21259
2218,10,"Sheepmeat",21259
2219,2,"Beef",211916
2219,3,"Beef",211916
2219,4,"Beef",635220
2219,8,"Sheepmeat",660405
2219,9,"Sheepmeat",613688
2219,10,"Sheepmeat",613688
2219,11,"Forestry",30177
2219,12,"Forestry",30177
2219,13,"Forestry",2920
2219,14,"Forestry",2920
2219,15,"Forestry",60841
2219,16,"Forestry",860534
2220,8,"Sheepmeat",6297
2220,9,"Sheepmeat",5852
2220,10,"Sheepmeat",5852
2220,11,"Forestry",3534
2220,12,"Forestry",3534
2220,13,"Forestry",342
2220,14,"Forestry",342
2220,15,"Forestry",7126
2220,16,"Forestry",100787
2221,2,"Beef",50777
2221,3,"Beef",50777
2221,4,"Beef",152205
2221,8,"Sheepmeat",122971
2221,9,"Sheepmeat",114272
2221,10,"Sheepmeat",114272
2221,11,"Forestry",498
2221,12,"Forestry",498
2221,13,"Forestry",48
2221,14,"Forestry",48
2221,15,"Forestry",1005
2221,16,"Forestry",14211
2222,2,"Beef",3370249
2222,3,"Beef",3370249
2222,4,"Beef",10102364
2222,8,"Sheepmeat",7046406
2222,9,"Sheepmeat",6677575
2222,10,"Sheepmeat",6677575
2222,11,"Forestry",2500814
2222,12,"Forestry",2500814
2222,13,"Forestry",242014
2222,14,"Forestry",242014
2222,15,"Forestry",5041963
2222,16,"Forestry",71313521
2222,20,"Fruit",2283
2222,21,"Fruit",4564
2222,23,"Veges",6300643
2223,2,"Beef",3364273
2223,3,"Beef",3364273
2223,4,"Beef",10084451
2223,8,"Sheepmeat",7025515
2223,9,"Sheepmeat",6658161
2223,10,"Sheepmeat",6658161
2223,11,"Forestry",2010785
2223,12,"Forestry",2010785
2223,13,"Forestry",194592
2223,14,"Forestry",194592
2223,15,"Forestry",4054002
2223,16,"Forestry",57339810
2223,20,"Fruit",2283
2223,21,"Fruit",4564
2223,23,"Veges",6300643
2224,2,"Beef",39598
2224,3,"Beef",39598
2224,4,"Beef",118697
2224,8,"Sheepmeat",19369
2224,9,"Sheepmeat",147627
2224,10,"Sheepmeat",147627
2224,11,"Forestry",129992
2224,12,"Forestry",129992
2224,13,"Forestry",12580
2224,14,"Forestry",12580
2224,15,"Forestry",262080
2224,16,"Forestry",3706865
2224,20,"Fruit",2283
2224,21,"Fruit",4564
2224,23,"Veges",6300643
2225,2,"Beef",47005
2225,3,"Beef",47005
2225,4,"Beef",140899
2225,8,"Sheepmeat",32024
2225,9,"Sheepmeat",159387
2225,10,"Sheepmeat",159387
2225,11,"Forestry",166715
2225,12,"Forestry",166715
2225,13,"Forestry",16134
2225,14,"Forestry",16134
2225,15,"Forestry",336118
2225,16,"Forestry",4754054
2225,20,"Fruit",2283
2225,21,"Fruit",4564
2225,23,"Veges",6300643
2226,2,"Beef",7617
2226,3,"Beef",7617
2226,4,"Beef",22833
2226,8,"Sheepmeat",38886
2226,9,"Sheepmeat",36135
2226,10,"Sheepmeat",36135
2227,2,"Beef",35991
2227,3,"Beef",35991
2227,4,"Beef",107882
2227,8,"Sheepmeat",244234
2227,9,"Sheepmeat",226957
2227,10,"Sheepmeat",226957
2227,11,"Forestry",1677
2227,12,"Forestry",1677
2227,13,"Forestry",162
2227,14,"Forestry",162
2227,15,"Forestry",3380
2227,16,"Forestry",47810
2230,2,"Beef",34967
2230,3,"Beef",34967
2230,4,"Beef",104815
2230,8,"Sheepmeat",111837
2230,9,"Sheepmeat",103926
2230,10,"Sheepmeat",103926
2230,11,"Forestry",4866
2230,12,"Forestry",4866
2230,13,"Forestry",471
2230,14,"Forestry",471
2230,15,"Forestry",9810
2230,16,"Forestry",138746
2231,2,"Beef",63589
2231,3,"Beef",63589
2231,4,"Beef",190608
2231,8,"Sheepmeat",154393
2231,9,"Sheepmeat",143471
2231,10,"Sheepmeat",143471
2231,11,"Forestry",20203
2231,12,"Forestry",20203
2231,13,"Forestry",1955
2231,14,"Forestry",1955
2231,15,"Forestry",40731
2231,16,"Forestry",576102
2232,8,"Sheepmeat",18089
2232,9,"Sheepmeat",16810
2232,10,"Sheepmeat",16810
2233,2,"Beef",449587
2233,3,"Beef",449587
2233,4,"Beef",1347642
2233,8,"Sheepmeat",628621
2233,9,"Sheepmeat",584153
2233,10,"Sheepmeat",584153
2233,11,"Forestry",12536
2233,12,"Forestry",12536
2233,13,"Forestry",1213
2233,14,"Forestry",1213
2233,15,"Forestry",25274
2233,16,"Forestry",357473
2233,23,"Veges",1812610
2233,24,"Veges",1752205
2233,25,"Veges",1752205
2233,26,"Veges",725090
2234,2,"Beef",94479
2234,3,"Beef",94479
2234,4,"Beef",283202
2234,8,"Sheepmeat",686608
2234,9,"Sheepmeat",638037
2234,10,"Sheepmeat",638037
2234,11,"Forestry",234368
2234,12,"Forestry",234368
2234,13,"Forestry",22681
2234,14,"Forestry",22681
2234,15,"Forestry",472516
2234,16,"Forestry",6683270
2236,2,"Beef",3639
2236,3,"Beef",3639
2236,4,"Beef",10907
2236,8,"Sheepmeat",2815
2236,9,"Sheepmeat",2616
2236,10,"Sheepmeat",2616
2236,23,"Veges",36898
2236,24,"Veges",35668
2236,25,"Veges",35668
2236,26,"Veges",14760
2237,2,"Beef",1126128
2237,3,"Beef",1126128
2237,4,"Beef",3375582
2237,8,"Sheepmeat",3529450
2237,9,"Sheepmeat",3279778
2237,10,"Sheepmeat",3279778
2237,11,"Forestry",22313
2237,12,"Forestry",22313
2237,13,"Forestry",2159
2237,14,"Forestry",2159
2237,15,"Forestry",44986
2237,16,"Forestry",636287
2238,2,"Beef",4765
2238,3,"Beef",4765
2238,4,"Beef",14282
2238,8,"Sheepmeat",6010
2238,9,"Sheepmeat",5585
2238,10,"Sheepmeat",5585
2238,11,"Forestry",170
2238,12,"Forestry",170
2238,13,"Forestry",16
2238,14,"Forestry",16
2238,15,"Forestry",344
2238,16,"Forestry",4859
2239,2,"Beef",14221
2239,3,"Beef",14221
2239,4,"Beef",42627
2239,8,"Sheepmeat",11044
2239,9,"Sheepmeat",10263
2239,10,"Sheepmeat",10263
2240,2,"Beef",242810
2240,3,"Beef",242810
2240,4,"Beef",727825
2240,8,"Sheepmeat",1267050
2240,9,"Sheepmeat",1177419
2240,10,"Sheepmeat",1177419
2240,11,"Forestry",503907
2240,12,"Forestry",503907
2240,13,"Forestry",48765
2240,14,"Forestry",48765
2240,15,"Forestry",1015941
2240,16,"Forestry",14369464
2243,2,"Beef",533604
2243,3,"Beef",533604
2243,4,"Beef",1599484
2243,8,"Sheepmeat",1865464
2243,9,"Sheepmeat",1733502
2243,10,"Sheepmeat",1733502
2243,11,"Forestry",61227
2243,12,"Forestry",61227
2243,13,"Forestry",5925
2243,14,"Forestry",5925
2243,15,"Forestry",123443
2243,16,"Forestry",1745971
2244,2,"Beef",3369824
2244,3,"Beef",3369824
2244,4,"Beef",10101089
2244,8,"Sheepmeat",7045101
2244,9,"Sheepmeat",6676362
2244,10,"Sheepmeat",6676362
2244,11,"Forestry",2373852
2244,12,"Forestry",2373852
2244,13,"Forestry",229728
2244,14,"Forestry",229728
2244,15,"Forestry",4785991
2244,16,"Forestry",67693064
2244,20,"Fruit",2283
2244,21,"Fruit",4564
2244,23,"Veges",6300643
2245,2,"Beef",3369824
2245,3,"Beef",3369824
2245,4,"Beef",10101089
2245,8,"Sheepmeat",7045101
2245,9,"Sheepmeat",6676362
2245,10,"Sheepmeat",6676362
2245,11,"Forestry",2373852
2245,12,"Forestry",2373852
2245,13,"Forestry",229728
2245,14,"Forestry",229728
2245,15,"Forestry",4785991
2245,16,"Forestry",67693064
2245,20,"Fruit",2283
2245,21,"Fruit",4564
2245,23,"Veges",6300643
2246,2,"Beef",3409223
2246,3,"Beef",3409223
2246,4,"Beef",10219188
2246,8,"Sheepmeat",7215229
2246,9,"Sheepmeat",6834455
2246,10,"Sheepmeat",6834455
2246,11,"Forestry",3063438
2246,12,"Forestry",3063438
2246,13,"Forestry",296462
2246,14,"Forestry",296462
2246,15,"Forestry",6093951
2246,16,"Forestry",84498857
2246,20,"Fruit",2283
2246,21,"Fruit",4564
2246,23,"Veges",6300643
2247,2,"Beef",4379
2247,3,"Beef",4379
2247,4,"Beef",13125
2247,8,"Sheepmeat",35917
2247,9,"Sheepmeat",33376
2247,10,"Sheepmeat",33376
2247,11,"Forestry",858
2247,12,"Forestry",858
2247,13,"Forestry",83
2247,14,"Forestry",83
2247,15,"Forestry",1730
2247,16,"Forestry",24468
2248,2,"Beef",3364273
2248,3,"Beef",3364273
2248,4,"Beef",10084451
2248,8,"Sheepmeat",7001690
2248,9,"Sheepmeat",6636022
2248,10,"Sheepmeat",6636022
2248,11,"Forestry",2009771
2248,12,"Forestry",2009771
2248,13,"Forestry",194494
2248,14,"Forestry",194494
2248,15,"Forestry",4051957
2248,16,"Forestry",57310880
2248,20,"Fruit",2283
2248,21,"Fruit",4564
2248,23,"Veges",6300643
2249,2,"Beef",144253
2249,3,"Beef",144253
2249,4,"Beef",432401
2249,8,"Sheepmeat",144213
2249,9,"Sheepmeat",134012
2249,10,"Sheepmeat",134012
2249,11,"Forestry",26577
2249,12,"Forestry",26577
2249,13,"Forestry",2572
2249,14,"Forestry",2572
2249,15,"Forestry",53582
2249,16,"Forestry",757871
2249,23,"Veges",109390
2249,24,"Veges",105744
2249,25,"Veges",105744
2249,26,"Veges",43759
2251,8,"Sheepmeat",228
2251,9,"Sheepmeat",212
2251,10,"Sheepmeat",212
2259,2,"Beef",415
2259,3,"Beef",415
2259,4,"Beef",1245
2259,8,"Sheepmeat",322
2259,9,"Sheepmeat",300
2259,10,"Sheepmeat",300
2260,2,"Beef",5136
2260,3,"Beef",5136
2260,4,"Beef",15396
2260,8,"Sheepmeat",13510
2260,9,"Sheepmeat",12554
2260,10,"Sheepmeat",12554
2261,2,"Beef",4686
2261,3,"Beef",4686
2261,4,"Beef",14047
2261,8,"Sheepmeat",12480
2261,9,"Sheepmeat",11598
2261,10,"Sheepmeat",11598
2262,2,"Beef",369
2262,3,"Beef",369
2262,4,"Beef",1107
2262,8,"Sheepmeat",967
2262,9,"Sheepmeat",899
2262,10,"Sheepmeat",899
2263,8,"Sheepmeat",64
2263,9,"Sheepmeat",60
2263,10,"Sheepmeat",60
2264,2,"Beef",5686
2264,3,"Beef",5686
2264,4,"Beef",17044
2264,8,"Sheepmeat",345262
2264,9,"Sheepmeat",4088
2264,10,"Sheepmeat",4088
2264,11,"Forestry",5583
2264,12,"Forestry",5583
2264,13,"Forestry",540
2264,14,"Forestry",540
2264,15,"Forestry",11257
2264,16,"Forestry",159214
2264,17,"Fruit",1770623
2264,18,"Fruit",1770623
2264,19,"Fruit",3890628
2264,20,"Fruit",228437
2264,21,"Fruit",456742
2264,22,"Fruit",114152
2264,23,"Veges",3259035
2264,24,"Veges",3150427
2264,25,"Veges",3150427
2264,26,"Veges",1303696
2265,2,"Beef",1009
2265,3,"Beef",1009
2265,4,"Beef",3024
2265,8,"Sheepmeat",1872
2265,9,"Sheepmeat",725
2265,10,"Sheepmeat",725
2265,17,"Fruit",165281
2265,18,"Fruit",165281
2265,19,"Fruit",363176
2265,20,"Fruit",21324
2265,21,"Fruit",42635
2265,22,"Fruit",10656
2267,2,"Beef",1009
2267,3,"Beef",1009
2267,4,"Beef",3024
2267,8,"Sheepmeat",1872
2267,9,"Sheepmeat",725
2267,10,"Sheepmeat",725
2267,17,"Fruit",247027
2267,18,"Fruit",247027
2267,19,"Fruit",542797
2267,20,"Fruit",31870
2267,21,"Fruit",63722
2267,22,"Fruit",15926
2267,23,"Veges",62729
2267,24,"Veges",60639
2267,25,"Veges",60639
2267,26,"Veges",25093
2268,2,"Beef",4379
2268,3,"Beef",4379
2268,4,"Beef",13125
2268,8,"Sheepmeat",35917
2268,9,"Sheepmeat",33376
2268,10,"Sheepmeat",33376
2268,11,"Forestry",858
2268,12,"Forestry",858
2268,13,"Forestry",83
2268,14,"Forestry",83
2268,15,"Forestry",1730
2268,16,"Forestry",24468
2269,2,"Beef",1803
2269,3,"Beef",1803
2269,4,"Beef",5405
2269,8,"Sheepmeat",1395
2269,9,"Sheepmeat",1296
2269,10,"Sheepmeat",1296
2269,11,"Forestry",5
2269,12,"Forestry",5
2269,13,"Forestry",0
2269,14,"Forestry",0
2269,15,"Forestry",10
2269,16,"Forestry",143
2269,17,"Fruit",136807
2269,18,"Fruit",136807
2269,19,"Fruit",300608
2269,20,"Fruit",17650
2269,21,"Fruit",35290
2269,22,"Fruit",8820
2270,2,"Beef",142387
2270,3,"Beef",142387
2270,4,"Beef",426806
2270,8,"Sheepmeat",437560
2270,9,"Sheepmeat",406607
2270,10,"Sheepmeat",406607
2270,11,"Forestry",18540
2270,12,"Forestry",18540
2270,13,"Forestry",1794
2270,14,"Forestry",1794
2270,15,"Forestry",37379
2270,16,"Forestry",528691
2270,17,"Fruit",65964
2270,18,"Fruit",65964
2270,19,"Fruit",144943
2270,20,"Fruit",8510
2270,21,"Fruit",17016
2270,22,"Fruit",4253
2270,23,"Veges",905
2270,24,"Veges",875
2270,25,"Veges",875
2270,26,"Veges",362
2271,2,"Beef",713202
2271,3,"Beef",713202
2271,4,"Beef",2137833
2271,8,"Sheepmeat",2672561
2271,9,"Sheepmeat",2483505
2271,10,"Sheepmeat",2483505
2271,11,"Forestry",695352
2271,12,"Forestry",695352
2271,13,"Forestry",67292
2271,14,"Forestry",67292
2271,15,"Forestry",1401919
2271,16,"Forestry",19828737
2271,17,"Fruit",316109
2271,18,"Fruit",316109
2271,19,"Fruit",694593
2271,20,"Fruit",40783
2271,21,"Fruit",81542
2271,22,"Fruit",20380
2271,23,"Veges",276669
2271,24,"Veges",267449
2271,25,"Veges",267449
2271,26,"Veges",110674
2272,2,"Beef",925591
2272,3,"Beef",925591
2272,4,"Beef",2774472
2272,8,"Sheepmeat",1194682
2272,9,"Sheepmeat",1110171
2272,10,"Sheepmeat",1110171
2272,11,"Forestry",11757
2272,12,"Forestry",11757
2272,13,"Forestry",1138
2272,14,"Forestry",1138
2272,15,"Forestry",23703
2272,16,"Forestry",335251
2273,2,"Beef",1540644
2273,3,"Beef",1540644
2273,4,"Beef",4618099
2273,8,"Sheepmeat",2988887
2273,9,"Sheepmeat",2777455
2273,10,"Sheepmeat",2777455
2273,11,"Forestry",382434
2273,12,"Forestry",382434
2273,13,"Forestry",37010
2273,14,"Forestry",37010
2273,15,"Forestry",853371
2273,16,"Forestry",13764059
2273,17,"Fruit",302905
2273,18,"Fruit",302905
2273,19,"Fruit",665580
2273,20,"Fruit",39079
2273,21,"Fruit",78136
2273,22,"Fruit",19528
2273,23,"Veges",7535853
2273,24,"Veges",7284722
2273,25,"Veges",7284722
2273,26,"Veges",3014531
2274,2,"Beef",284303
2274,3,"Beef",284303
2274,4,"Beef",852202
2274,8,"Sheepmeat",583241
2274,9,"Sheepmeat",541983
2274,10,"Sheepmeat",541983
2274,11,"Forestry",33913
2274,12,"Forestry",33913
2274,13,"Forestry",3282
2274,14,"Forestry",3282
2274,15,"Forestry",68372
2274,16,"Forestry",967057
2275,1,"Dairy",6465984
2275,2,"Beef",20049
2275,3,"Beef",20049
2275,4,"Beef",60097
2275,9,"Sheepmeat",14413
2275,10,"Sheepmeat",14413
2275,13,"Forestry",392
2275,14,"Forestry",7
2275,15,"Forestry",973
2275,16,"Forestry",171616873
2275,17,"Fruit",14307572
2275,18,"Fruit",14307572
2275,19,"Fruit",31438342
2275,24,"Veges",32964403
2275,25,"Veges",32964403
2275,26,"Veges",13641183
2276,2,"Beef",7312
2276,3,"Beef",7312
2276,4,"Beef",21917
2276,8,"Sheepmeat",1998
2276,9,"Sheepmeat",5256
2276,10,"Sheepmeat",5256
2276,14,"Forestry",797008
2276,17,"Fruit",3013917
2276,18,"Fruit",3013917
2276,19,"Fruit",6622546
2276,20,"Fruit",6
2276,21,"Fruit",12
2276,23,"Veges",94450
2276,24,"Veges",6382189
2276,25,"Veges",6382189
2276,26,"Veges",2641049
2277,2,"Beef",7313
2277,3,"Beef",7313
2277,4,"Beef",21919
2277,8,"Sheepmeat",1998
2277,9,"Sheepmeat",5257
2277,10,"Sheepmeat",5257
2277,14,"Forestry",796954
2277,17,"Fruit",3013917
2277,18,"Fruit",3013917
2277,19,"Fruit",6622546
2277,20,"Fruit",6
2277,21,"Fruit",12
2277,23,"Veges",95168
2277,24,"Veges",6381495
2277,25,"Veges",6381495
2277,26,"Veges",2640762
2278,2,"Beef",57558
2278,3,"Beef",57558
2278,4,"Beef",172529
2278,8,"Sheepmeat",45799
2278,9,"Sheepmeat",42559
2278,10,"Sheepmeat",42559
2278,23,"Veges",104
2278,24,"Veges",101
2278,25,"Veges",101
2278,26,"Veges",42
2279,2,"Beef",9074
2279,3,"Beef",9074
2279,4,"Beef",27199
2279,8,"Sheepmeat",22666
2279,9,"Sheepmeat",21063
2279,10,"Sheepmeat",21063
2279,11,"Forestry",258
2279,12,"Forestry",258
2279,13,"Forestry",25
2279,14,"Forestry",25
2279,15,"Forestry",520
2279,16,"Forestry",7360
2280,2,"Beef",373795
2280,3,"Beef",373795
2280,4,"Beef",1120455
2280,8,"Sheepmeat",918135
2280,9,"Sheepmeat",853187
2280,10,"Sheepmeat",853187
2280,11,"Forestry",124827
2280,12,"Forestry",124827
2280,13,"Forestry",12080
2280,14,"Forestry",12080
2280,15,"Forestry",251668
2280,16,"Forestry",3559586
2281,2,"Beef",373795
2281,3,"Beef",373795
2281,4,"Beef",1120455
2281,8,"Sheepmeat",918135
2281,9,"Sheepmeat",853187
2281,10,"Sheepmeat",853187
2281,11,"Forestry",124827
2281,12,"Forestry",124827
2281,13,"Forestry",12080
2281,14,"Forestry",12080
2281,15,"Forestry",251668
2281,16,"Forestry",3559586
2282,2,"Beef",310533
2282,3,"Beef",310533
2282,4,"Beef",930826
2282,8,"Sheepmeat",776573
2282,9,"Sheepmeat",721638
2282,10,"Sheepmeat",721638
2282,11,"Forestry",124290
2282,12,"Forestry",124290
2282,13,"Forestry",12028
2282,14,"Forestry",12028
2282,15,"Forestry",250585
2282,16,"Forestry",3544267
2284,2,"Beef",263654
2284,3,"Beef",263654
2284,4,"Beef",790306
2284,8,"Sheepmeat",668785
2284,9,"Sheepmeat",621476
2284,10,"Sheepmeat",621476
2284,11,"Forestry",117050
2284,12,"Forestry",117050
2284,13,"Forestry",11327
2284,14,"Forestry",11327
2284,15,"Forestry",235988
2284,16,"Forestry",3337817
2285,2,"Beef",179768
2285,3,"Beef",179768
2285,4,"Beef",538858
2285,8,"Sheepmeat",201557
2285,9,"Sheepmeat",187299
2285,10,"Sheepmeat",187299
2285,11,"Forestry",241462
2285,12,"Forestry",241462
2285,13,"Forestry",23367
2285,14,"Forestry",23367
2285,15,"Forestry",486819
2285,16,"Forestry",6885574
2286,2,"Beef",179768
2286,3,"Beef",179768
2286,4,"Beef",538858
2286,8,"Sheepmeat",201557
2286,9,"Sheepmeat",187299
2286,10,"Sheepmeat",187299
2286,11,"Forestry",241462
2286,12,"Forestry",241462
2286,13,"Forestry",23367
2286,14,"Forestry",23367
2286,15,"Forestry",486819
2286,16,"Forestry",6885574
2289,2,"Beef",2084
2289,3,"Beef",2084
2289,4,"Beef",6247
2289,8,"Sheepmeat",1612
2289,9,"Sheepmeat",1498
2289,10,"Sheepmeat",1498
2289,11,"Forestry",158
2289,12,"Forestry",158
2289,13,"Forestry",15
2289,14,"Forestry",15
2289,15,"Forestry",318
2289,16,"Forestry",4501
2290,2,"Beef",1536
2290,3,"Beef",1536
2290,4,"Beef",4604
2290,8,"Sheepmeat",7473
2290,9,"Sheepmeat",6945
2290,10,"Sheepmeat",6945
2293,1,"Dairy",3092420
2293,16,"Forestry",60374389
2294,1,"Dairy",3092420
2294,16,"Forestry",60374389
2294,26,"Veges",21332022
2295,1,"Dairy",3092420
2295,16,"Forestry",60374389
2295,26,"Veges",5012007
2296,1,"Dairy",3092420
2296,16,"Forestry",60374389
2296,26,"Veges",5012007
2297,1,"Dairy",3092420
2297,16,"Forestry",60374389
2297,26,"Veges",5012007
2298,1,"Dairy",3092420
2298,16,"Forestry",60374389
2298,26,"Veges",5012007
2299,1,"Dairy",3092420
2299,16,"Forestry",60374389
2299,26,"Veges",5012007
2300,1,"Dairy",3092420
2300,15,"Forestry",21595
2300,16,"Forestry",60374389
2300,17,"Fruit",17321535
2300,18,"Fruit",17321535
2300,19,"Fruit",38060989
2300,24,"Veges",39437895
2300,25,"Veges",39437895
2300,26,"Veges",5012007
2301,1,"Dairy",3092420
2301,16,"Forestry",60374389
2301,26,"Veges",5012007
2302,1,"Dairy",3092420
2302,14,"Forestry",15
2302,16,"Forestry",60374389
2302,26,"Veges",5012007
2303,1,"Dairy",3092420
2303,14,"Forestry",15
2303,16,"Forestry",60374389
2303,17,"Fruit",47409807
2303,18,"Fruit",10783098
2303,19,"Fruit",104174607
2303,24,"Veges",8435051
2303,25,"Veges",12111693
2303,26,"Veges",5012007
2304,2,"Beef",42294
2304,3,"Beef",42294
2304,4,"Beef",126776
2304,8,"Sheepmeat",32720
2304,9,"Sheepmeat",30405
2304,10,"Sheepmeat",30405
2305,2,"Beef",10852
2305,3,"Beef",10852
2305,4,"Beef",32529
2305,8,"Sheepmeat",2557
2305,9,"Sheepmeat",7802
2305,10,"Sheepmeat",7802
2305,20,"Fruit",26733
2305,21,"Fruit",53450
2305,22,"Fruit",13359
2305,23,"Veges",393916
2306,2,"Beef",441
2306,3,"Beef",441
2306,4,"Beef",1322
2306,8,"Sheepmeat",341
2306,9,"Sheepmeat",317
2306,10,"Sheepmeat",317
2307,2,"Beef",4080
2307,3,"Beef",4080
2307,4,"Beef",12229
2307,8,"Sheepmeat",3156
2307,9,"Sheepmeat",2933
2307,10,"Sheepmeat",2933
2307,23,"Veges",36898
2307,24,"Veges",35668
2307,25,"Veges",35668
2307,26,"Veges",14760
2308,2,"Beef",1066
2308,3,"Beef",1066
2308,4,"Beef",3196
2308,8,"Sheepmeat",1362
2308,9,"Sheepmeat",1266
2308,10,"Sheepmeat",1266
2308,23,"Veges",129959
2308,24,"Veges",125629
2308,25,"Veges",125629
2308,26,"Veges",51987
2309,2,"Beef",416373
2309,3,"Beef",416373
2309,4,"Beef",1248082
2309,8,"Sheepmeat",709925
2309,9,"Sheepmeat",659705
2309,10,"Sheepmeat",659705
2309,11,"Forestry",4631
2309,12,"Forestry",4631
2309,13,"Forestry",448
2309,14,"Forestry",448
2309,15,"Forestry",9336
2309,16,"Forestry",132051
2310,2,"Beef",409362
2310,3,"Beef",409362
2310,4,"Beef",1227067
2310,8,"Sheepmeat",669867
2310,9,"Sheepmeat",622481
2310,10,"Sheepmeat",622481
2310,11,"Forestry",4631
2310,12,"Forestry",4631
2310,13,"Forestry",448
2310,14,"Forestry",448
2310,15,"Forestry",9336
2310,16,"Forestry",132051
2311,2,"Beef",308570
2311,3,"Beef",308570
2311,4,"Beef",924942
2311,8,"Sheepmeat",547450
2311,9,"Sheepmeat",508724
2311,10,"Sheepmeat",508724
2311,11,"Forestry",3603
2311,12,"Forestry",3603
2311,13,"Forestry",349
2311,14,"Forestry",349
2311,15,"Forestry",7264
2311,16,"Forestry",102748
2312,2,"Beef",16207
2312,3,"Beef",16207
2312,4,"Beef",48580
2312,8,"Sheepmeat",19298
2312,9,"Sheepmeat",17933
2312,10,"Sheepmeat",17933
2312,11,"Forestry",3334
2312,12,"Forestry",3334
2312,13,"Forestry",323
2312,14,"Forestry",323
2312,15,"Forestry",6723
2312,16,"Forestry",95086
2312,17,"Fruit",159734
2312,18,"Fruit",159734
2312,19,"Fruit",350987
2312,20,"Fruit",20608
2312,21,"Fruit",41204
2312,22,"Fruit",10298
2313,11,"Forestry",26
2313,12,"Forestry",26
2313,13,"Forestry",3
2313,14,"Forestry",3
2313,15,"Forestry",52
2313,16,"Forestry",743
2314,2,"Beef",18628
2314,3,"Beef",18628
2314,4,"Beef",55836
2314,8,"Sheepmeat",104310
2314,9,"Sheepmeat",96931
2314,10,"Sheepmeat",96931
2314,11,"Forestry",1657
2314,12,"Forestry",1657
2314,13,"Forestry",160
2314,14,"Forestry",160
2314,15,"Forestry",3340
2314,16,"Forestry",47247
2314,23,"Veges",296511
2314,24,"Veges",286629
2314,25,"Veges",286629
2314,26,"Veges",118612
2315,2,"Beef",10022
2315,3,"Beef",10022
2315,4,"Beef",30041
2315,8,"Sheepmeat",37502
2315,9,"Sheepmeat",34849
2315,10,"Sheepmeat",34849
2315,11,"Forestry",332
2315,12,"Forestry",332
2315,13,"Forestry",32
2315,14,"Forestry",32
2315,15,"Forestry",669
2315,16,"Forestry",9461
2315,23,"Veges",296511
2315,24,"Veges",286629
2315,25,"Veges",286629
2315,26,"Veges",118612
2316,2,"Beef",396129
2316,3,"Beef",396129
2316,4,"Beef",1187401
2316,8,"Sheepmeat",1262582
2316,9,"Sheepmeat",1173268
2316,10,"Sheepmeat",1173268
2316,11,"Forestry",160839
2316,12,"Forestry",160839
2316,13,"Forestry",15565
2316,14,"Forestry",15565
2316,15,"Forestry",324272
2316,16,"Forestry",4586504
2317,2,"Beef",141206
2317,3,"Beef",141206
2317,4,"Beef",423266
2317,8,"Sheepmeat",587960
2317,9,"Sheepmeat",546368
2317,10,"Sheepmeat",546368
2317,11,"Forestry",124581
2317,12,"Forestry",124581
2317,13,"Forestry",12056
2317,14,"Forestry",12056
2317,15,"Forestry",251172
2317,16,"Forestry",3552575
2318,1,"Dairy",6465984
2318,8,"Sheepmeat",15510
2318,11,"Forestry",68
2318,12,"Forestry",68
2318,13,"Forestry",398
2318,15,"Forestry",1110
2318,16,"Forestry",171618817
2318,17,"Fruit",14307572
2318,18,"Fruit",14307572
2318,19,"Fruit",31438342
2318,24,"Veges",32964403
2318,25,"Veges",32964403
2318,26,"Veges",13641183
2319,2,"Beef",565
2319,3,"Beef",565
2319,4,"Beef",1695
2319,8,"Sheepmeat",1594
2319,9,"Sheepmeat",1481
2319,10,"Sheepmeat",1481
2320,2,"Beef",578
2320,3,"Beef",578
2320,4,"Beef",1731
2320,8,"Sheepmeat",1854
2320,9,"Sheepmeat",1723
2320,10,"Sheepmeat",1723
2321,2,"Beef",10704
2321,3,"Beef",10704
2321,4,"Beef",32086
2321,8,"Sheepmeat",8415
2321,9,"Sheepmeat",7819
2321,10,"Sheepmeat",7819
2322,8,"Sheepmeat",1182
2322,9,"Sheepmeat",1098
2322,10,"Sheepmeat",1098
2323,2,"Beef",11851539
2323,3,"Beef",11851539
2323,4,"Beef",35525134
2323,5,"Beef",180413
2323,6,"Beef",180413
2323,7,"Beef",540789
2323,9,"Sheepmeat",24917802
2323,10,"Sheepmeat",24917802
2323,22,"Fruit",861897
2324,2,"Beef",124907
2324,3,"Beef",124907
2324,4,"Beef",374412
2324,8,"Sheepmeat",989304
2324,9,"Sheepmeat",919322
2324,10,"Sheepmeat",919322
2324,11,"Forestry",201575
2324,12,"Forestry",201575
2324,13,"Forestry",19507
2324,14,"Forestry",19507
2324,15,"Forestry",406402
2324,16,"Forestry",5748147
2325,2,"Beef",183690
2325,3,"Beef",183690
2325,4,"Beef",550614
2325,8,"Sheepmeat",189392
2325,9,"Sheepmeat",175994
2325,10,"Sheepmeat",175994
2325,11,"Forestry",5298
2325,12,"Forestry",5298
2325,13,"Forestry",513
2325,14,"Forestry",513
2325,15,"Forestry",10681
2325,16,"Forestry",151070
2325,17,"Fruit",108243
2325,18,"Fruit",108243
2325,19,"Fruit",237846
2325,20,"Fruit",13965
2325,21,"Fruit",27922
2325,22,"Fruit",6978
2326,2,"Beef",1410
2326,3,"Beef",1410
2326,4,"Beef",4228
2326,9,"Sheepmeat",1014
2326,10,"Sheepmeat",1014
2329,2,"Beef",9151
2329,3,"Beef",9151
2329,4,"Beef",27429
2329,8,"Sheepmeat",27803
2329,9,"Sheepmeat",25836
2329,10,"Sheepmeat",25836
2329,11,"Forestry",8437
2329,12,"Forestry",8437
2329,13,"Forestry",817
2329,14,"Forestry",817
2329,15,"Forestry",17011
2329,16,"Forestry",240600
2331,2,"Beef",3639
2331,3,"Beef",3639
2331,4,"Beef",10907
2331,8,"Sheepmeat",2815
2331,9,"Sheepmeat",2616
2331,10,"Sheepmeat",2616
2331,23,"Veges",36898
2331,24,"Veges",35668
2331,25,"Veges",35668
2331,26,"Veges",14760
2334,2,"Beef",47476
2334,3,"Beef",47476
2334,4,"Beef",142311
2334,8,"Sheepmeat",257426
2334,9,"Sheepmeat",239216
2334,10,"Sheepmeat",239216
2334,11,"Forestry",1808
2334,12,"Forestry",1808
2334,13,"Forestry",175
2334,14,"Forestry",175
2334,15,"Forestry",3646
2334,16,"Forestry",51569
2335,2,"Beef",47476
2335,3,"Beef",47476
2335,4,"Beef",142311
2335,8,"Sheepmeat",257425
2335,9,"Sheepmeat",239215
2335,10,"Sheepmeat",239215
2335,11,"Forestry",1808
2335,12,"Forestry",1808
2335,13,"Forestry",175
2335,14,"Forestry",175
2335,15,"Forestry",3646
2335,16,"Forestry",51569
2336,2,"Beef",47476
2336,3,"Beef",47476
2336,4,"Beef",142311
2336,8,"Sheepmeat",257425
2336,9,"Sheepmeat",239215
2336,10,"Sheepmeat",239215
2336,11,"Forestry",1808
2336,12,"Forestry",1808
2336,13,"Forestry",175
2336,14,"Forestry",175
2336,15,"Forestry",3646
2336,16,"Forestry",51569
2337,2,"Beef",47476
2337,3,"Beef",47476
2337,4,"Beef",142311
2337,8,"Sheepmeat",257425
2337,9,"Sheepmeat",239215
2337,10,"Sheepmeat",239215
2337,11,"Forestry",1808
2337,12,"Forestry",1808
2337,13,"Forestry",175
2337,14,"Forestry",175
2337,15,"Forestry",3646
2337,16,"Forestry",51569
2338,2,"Beef",394868
2338,3,"Beef",394868
2338,4,"Beef",1183621
2338,8,"Sheepmeat",461888
2338,9,"Sheepmeat",429214
2338,10,"Sheepmeat",429214
2338,11,"Forestry",4954
2338,12,"Forestry",4954
2338,13,"Forestry",479
2338,14,"Forestry",479
2338,15,"Forestry",9988
2338,16,"Forestry",141277
2339,2,"Beef",838206
2339,3,"Beef",838206
2339,4,"Beef",2512533
2339,8,"Sheepmeat",2777737
2339,9,"Sheepmeat",2581241
2339,10,"Sheepmeat",2581241
2339,11,"Forestry",695569
2339,12,"Forestry",695569
2339,13,"Forestry",67313
2339,14,"Forestry",67313
2339,15,"Forestry",1402356
2339,16,"Forestry",19834930
2339,17,"Fruit",515170
2339,18,"Fruit",515170
2339,19,"Fruit",1131995
2339,20,"Fruit",66465
2339,21,"Fruit",132891
2339,22,"Fruit",33213
2339,23,"Veges",1698793
2339,24,"Veges",1642181
2339,25,"Veges",1642181
2339,26,"Veges",679560
2340,2,"Beef",63442
2340,3,"Beef",63442
2340,4,"Beef",190168
2340,8,"Sheepmeat",49354
2340,9,"Sheepmeat",45862
2340,10,"Sheepmeat",45862
2340,11,"Forestry",186
2340,12,"Forestry",186
2340,13,"Forestry",18
2340,14,"Forestry",18
2340,15,"Forestry",375
2340,16,"Forestry",5305
2340,23,"Veges",846140
2340,24,"Veges",817942
2340,25,"Veges",817942
2340,26,"Veges",338477
2341,2,"Beef",284780
2341,3,"Beef",284780
2341,4,"Beef",853633
2341,8,"Sheepmeat",1267094
2341,9,"Sheepmeat",1177461
2341,10,"Sheepmeat",1177461
2341,11,"Forestry",279208
2341,12,"Forestry",279208
2341,13,"Forestry",27020
2341,14,"Forestry",27020
2341,15,"Forestry",562919
2341,16,"Forestry",7961920
2341,23,"Veges",170209
2341,24,"Veges",164536
2341,25,"Veges",164536
2341,26,"Veges",68088
2342,2,"Beef",32159
2342,3,"Beef",32159
2342,4,"Beef",96398
2342,8,"Sheepmeat",120036
2342,9,"Sheepmeat",111545
2342,10,"Sheepmeat",111545
2342,11,"Forestry",270233
2342,12,"Forestry",270233
2342,13,"Forestry",26152
2342,14,"Forestry",26152
2342,15,"Forestry",544825
2342,16,"Forestry",7706006
2344,2,"Beef",52194
2344,3,"Beef",52194
2344,4,"Beef",156452
2344,8,"Sheepmeat",218012
2344,9,"Sheepmeat",202590
2344,10,"Sheepmeat",202590
2344,11,"Forestry",270283
2344,12,"Forestry",270283
2344,13,"Forestry",26156
2344,14,"Forestry",26156
2344,15,"Forestry",544925
2344,16,"Forestry",7707417
2345,2,"Beef",107411
2345,3,"Beef",107411
2345,4,"Beef",321966
2345,8,"Sheepmeat",282188
2345,9,"Sheepmeat",262226
2345,10,"Sheepmeat",262226
2345,11,"Forestry",270283
2345,12,"Forestry",270283
2345,13,"Forestry",26156
2345,14,"Forestry",26156
2345,15,"Forestry",544925
2345,16,"Forestry",7707417
2346,2,"Beef",534
2346,3,"Beef",534
2346,4,"Beef",1601
2346,8,"Sheepmeat",6772
2346,9,"Sheepmeat",384
2346,10,"Sheepmeat",384
2346,11,"Forestry",677
2346,12,"Forestry",677
2346,13,"Forestry",31
2346,14,"Forestry",31
2346,15,"Forestry",1364
2346,16,"Forestry",205930
2347,2,"Beef",65838
2347,3,"Beef",65838
2347,4,"Beef",197351
2347,8,"Sheepmeat",365657
2347,9,"Sheepmeat",339791
2347,10,"Sheepmeat",339791
2347,11,"Forestry",32
2347,12,"Forestry",32
2347,13,"Forestry",3
2347,14,"Forestry",3
2347,15,"Forestry",65
2347,16,"Forestry",925
2348,2,"Beef",50036
2348,3,"Beef",50036
2348,4,"Beef",149982
2348,8,"Sheepmeat",100123
2348,9,"Sheepmeat",93040
2348,10,"Sheepmeat",93040
2348,11,"Forestry",3061
2348,12,"Forestry",3061
2348,13,"Forestry",296
2348,14,"Forestry",296
2348,15,"Forestry",6171
2349,2,"Beef",50036
2349,3,"Beef",50036
2349,4,"Beef",149982
2349,8,"Sheepmeat",100123
2349,9,"Sheepmeat",93040
2349,10,"Sheepmeat",93040
2349,11,"Forestry",3061
2349,12,"Forestry",3061
2349,13,"Forestry",296
2349,14,"Forestry",296
2349,15,"Forestry",6171
2350,2,"Beef",50036
2350,3,"Beef",50036
2350,4,"Beef",149982
2350,8,"Sheepmeat",100123
2350,9,"Sheepmeat",93040
2350,10,"Sheepmeat",93040
2350,11,"Forestry",3061
2350,12,"Forestry",3061
2350,13,"Forestry",296
2350,14,"Forestry",296
2350,15,"Forestry",6171
2351,2,"Beef",46426
2351,3,"Beef",46426
2351,4,"Beef",139162
2351,8,"Sheepmeat",97323
2351,9,"Sheepmeat",90439
2351,10,"Sheepmeat",90439
2351,11,"Forestry",3061
2351,12,"Forestry",3061
2351,13,"Forestry",296
2351,14,"Forestry",296
2351,15,"Forestry",6171
2352,2,"Beef",164237
2352,3,"Beef",164237
2352,4,"Beef",492303
2352,8,"Sheepmeat",924218
2352,9,"Sheepmeat",858839
2352,10,"Sheepmeat",858839
2352,11,"Forestry",12007
2352,12,"Forestry",12007
2352,13,"Forestry",1162
2352,14,"Forestry",1162
2352,15,"Forestry",24208
2352,16,"Forestry",342397
2355,2,"Beef",2721
2355,3,"Beef",2721
2355,4,"Beef",8157
2355,8,"Sheepmeat",2105
2355,9,"Sheepmeat",1956
2355,10,"Sheepmeat",1956
2355,11,"Forestry",85
2355,12,"Forestry",85
2355,13,"Forestry",8
2355,14,"Forestry",8
2355,15,"Forestry",172
2355,16,"Forestry",2432
2357,2,"Beef",4777
2357,3,"Beef",4777
2357,4,"Beef",14318
2357,8,"Sheepmeat",3695
2357,9,"Sheepmeat",3434
2357,10,"Sheepmeat",3434
2358,2,"Beef",3141
2358,3,"Beef",3141
2358,4,"Beef",9416
2358,8,"Sheepmeat",2430
2358,9,"Sheepmeat",2258
2358,10,"Sheepmeat",2258
2358,17,"Fruit",97080
2358,18,"Fruit",97080
2358,19,"Fruit",213316
2358,20,"Fruit",12525
2358,21,"Fruit",25042
2358,22,"Fruit",6259
2358,23,"Veges",124344
2358,24,"Veges",120200
2358,25,"Veges",120200
2358,26,"Veges",49741
2359,2,"Beef",399842
2359,3,"Beef",399842
2359,4,"Beef",1198531
2359,8,"Sheepmeat",964209
2359,9,"Sheepmeat",896002
2359,10,"Sheepmeat",896002
2359,11,"Forestry",1247
2359,12,"Forestry",1247
2359,13,"Forestry",121
2359,14,"Forestry",121
2359,15,"Forestry",2515
2359,16,"Forestry",35571
2360,2,"Beef",398266
2360,3,"Beef",398266
2360,4,"Beef",1193807
2360,8,"Sheepmeat",914851
2360,9,"Sheepmeat",850134
2360,10,"Sheepmeat",850134
2360,11,"Forestry",1247
2360,12,"Forestry",1247
2360,13,"Forestry",121
2360,14,"Forestry",121
2360,15,"Forestry",2515
2360,16,"Forestry",35571
2361,2,"Beef",62486
2361,3,"Beef",62486
2361,4,"Beef",187303
2361,8,"Sheepmeat",48614
2361,9,"Sheepmeat",45175
2361,10,"Sheepmeat",45175
2361,11,"Forestry",186
2361,12,"Forestry",186
2361,13,"Forestry",18
2361,14,"Forestry",18
2361,15,"Forestry",375
2361,16,"Forestry",5305
2361,23,"Veges",846140
2361,24,"Veges",817942
2361,25,"Veges",817942
2361,26,"Veges",338477
2362,1,"Dairy",294382
2362,2,"Beef",426396
2362,3,"Beef",426396
2362,4,"Beef",1278127
2362,5,"Beef",8405
2362,6,"Beef",8405
2362,7,"Beef",25194
2362,8,"Sheepmeat",623484
2362,9,"Sheepmeat",579379
2362,10,"Sheepmeat",579379
2362,11,"Forestry",14214
2362,12,"Forestry",14214
2362,13,"Forestry",1376
2362,14,"Forestry",1376
2362,15,"Forestry",28658
2362,16,"Forestry",405333
2362,23,"Veges",1561730
2362,24,"Veges",1509686
2362,25,"Veges",1509686
2362,26,"Veges",624732
2363,2,"Beef",104
2363,3,"Beef",104
2363,4,"Beef",311
2363,8,"Sheepmeat",617
2363,9,"Sheepmeat",573
2363,10,"Sheepmeat",573
2368,16,"Forestry",2968
2369,8,"Sheepmeat",212
2369,9,"Sheepmeat",197
2369,10,"Sheepmeat",197
2371,2,"Beef",387262
2371,3,"Beef",387262
2371,4,"Beef",1160824
2371,8,"Sheepmeat",1817326
2371,9,"Sheepmeat",1688769
2371,10,"Sheepmeat",1688769
2371,11,"Forestry",407261
2371,12,"Forestry",407261
2371,13,"Forestry",39412
2371,14,"Forestry",39412
2371,15,"Forestry",821090
2371,16,"Forestry",11613504
2372,2,"Beef",333551
2372,3,"Beef",333551
2372,4,"Beef",999823
2372,8,"Sheepmeat",1758003
2372,9,"Sheepmeat",1633643
2372,10,"Sheepmeat",1633643
2372,11,"Forestry",406501
2372,12,"Forestry",406501
2372,13,"Forestry",39339
2372,14,"Forestry",39339
2372,15,"Forestry",819559
2372,16,"Forestry",11591836
2373,2,"Beef",286954
2373,3,"Beef",286954
2373,4,"Beef",860147
2373,8,"Sheepmeat",1666524
2373,9,"Sheepmeat",1548635
2373,10,"Sheepmeat",1548635
2373,11,"Forestry",405227
2373,12,"Forestry",405227
2373,13,"Forestry",39215
2373,14,"Forestry",39215
2373,15,"Forestry",816989
2373,16,"Forestry",11555499
2374,2,"Beef",286954
2374,3,"Beef",286954
2374,4,"Beef",860147
2374,8,"Sheepmeat",1666303
2374,9,"Sheepmeat",1548429
2374,10,"Sheepmeat",1548429
2374,11,"Forestry",393622
2374,12,"Forestry",393622
2374,13,"Forestry",38092
2374,14,"Forestry",38092
2374,15,"Forestry",793594
2374,16,"Forestry",11224587
2375,2,"Beef",254559
2375,3,"Beef",254559
2375,4,"Beef",763043
2375,8,"Sheepmeat",1594149
2375,9,"Sheepmeat",1481380
2375,10,"Sheepmeat",1481380
2375,11,"Forestry",392274
2375,12,"Forestry",392274
2375,13,"Forestry",37962
2375,14,"Forestry",37962
2375,15,"Forestry",790875
2375,16,"Forestry",11186138
2376,2,"Beef",251150
2376,3,"Beef",251150
2376,4,"Beef",752824
2376,8,"Sheepmeat",1587601
2376,9,"Sheepmeat",1475295
2376,10,"Sheepmeat",1475295
2376,11,"Forestry",392254
2376,12,"Forestry",392254
2376,13,"Forestry",37960
2376,14,"Forestry",37960
2376,15,"Forestry",790834
2376,16,"Forestry",11185562
2377,2,"Beef",241380
2377,3,"Beef",241380
2377,4,"Beef",723540
2377,8,"Sheepmeat",1471420
2377,9,"Sheepmeat",1367332
2377,10,"Sheepmeat",1367332
2377,11,"Forestry",390929
2377,12,"Forestry",390929
2377,13,"Forestry",37832
2377,14,"Forestry",37832
2377,15,"Forestry",788164
2377,16,"Forestry",11147787
2378,2,"Beef",226120
2378,3,"Beef",226120
2378,4,"Beef",677797
2378,8,"Sheepmeat",1425732
2378,9,"Sheepmeat",1324876
2378,10,"Sheepmeat",1324876
2378,11,"Forestry",381938
2378,12,"Forestry",381938
2378,13,"Forestry",36962
2378,14,"Forestry",36962
2378,15,"Forestry",770036
2378,16,"Forestry",10891395
2379,2,"Beef",153
2379,3,"Beef",153
2379,4,"Beef",459
2379,8,"Sheepmeat",118
2379,9,"Sheepmeat",110
2379,10,"Sheepmeat",110
2380,2,"Beef",64455
2380,3,"Beef",64455
2380,4,"Beef",193205
2380,8,"Sheepmeat",599822
2380,9,"Sheepmeat",557391
2380,10,"Sheepmeat",557391
2380,11,"Forestry",234196
2380,12,"Forestry",234196
2380,13,"Forestry",22664
2380,14,"Forestry",22664
2380,15,"Forestry",472170
2380,16,"Forestry",6678369
2381,2,"Beef",46760
2381,3,"Beef",46760
2381,4,"Beef",140163
2381,8,"Sheepmeat",494774
2381,9,"Sheepmeat",459774
2381,10,"Sheepmeat",459774
2381,11,"Forestry",233995
2381,12,"Forestry",233995
2381,13,"Forestry",22645
2381,14,"Forestry",22645
2381,15,"Forestry",471763
2381,16,"Forestry",6672620
2382,2,"Beef",32255
2382,3,"Beef",32255
2382,4,"Beef",96686
2382,8,"Sheepmeat",357962
2382,9,"Sheepmeat",332640
2382,10,"Sheepmeat",332640
2382,11,"Forestry",233944
2382,12,"Forestry",233944
2382,13,"Forestry",22640
2382,14,"Forestry",22640
2382,15,"Forestry",471661
2382,16,"Forestry",6671170
2383,2,"Beef",115
2383,3,"Beef",115
2383,4,"Beef",346
2383,8,"Sheepmeat",232695
2383,9,"Sheepmeat",216235
2383,10,"Sheepmeat",216235
2383,11,"Forestry",219251
2383,12,"Forestry",219251
2383,13,"Forestry",21218
2383,14,"Forestry",21218
2383,15,"Forestry",442039
2383,16,"Forestry",6252202
2384,2,"Beef",115
2384,3,"Beef",115
2384,4,"Beef",346
2384,8,"Sheepmeat",232695
2384,9,"Sheepmeat",216235
2384,10,"Sheepmeat",216235
2384,11,"Forestry",219251
2384,12,"Forestry",219251
2384,13,"Forestry",21218
2384,14,"Forestry",21218
2384,15,"Forestry",442039
2384,16,"Forestry",6252202
2385,2,"Beef",115
2385,3,"Beef",115
2385,4,"Beef",346
2385,8,"Sheepmeat",232695
2385,9,"Sheepmeat",216235
2385,10,"Sheepmeat",216235
2385,11,"Forestry",219040
2385,12,"Forestry",219040
2385,13,"Forestry",21197
2385,14,"Forestry",21197
2385,15,"Forestry",441613
2385,16,"Forestry",6246167
2386,2,"Beef",545648
2386,3,"Beef",545648
2386,4,"Beef",1635586
2386,8,"Sheepmeat",954280
2386,9,"Sheepmeat",886775
2386,10,"Sheepmeat",886775
2386,11,"Forestry",43660
2386,12,"Forestry",43660
2386,13,"Forestry",4225
2386,14,"Forestry",4225
2386,15,"Forestry",88023
2386,16,"Forestry",1245003
2386,23,"Veges",151173
2386,24,"Veges",146136
2386,25,"Veges",146136
2386,26,"Veges",60473
2388,2,"Beef",257464
2388,3,"Beef",257464
2388,4,"Beef",771753
2388,8,"Sheepmeat",558689
2388,9,"Sheepmeat",519168
2388,10,"Sheepmeat",519168
2388,11,"Forestry",33913
2388,12,"Forestry",33913
2388,13,"Forestry",3282
2388,14,"Forestry",3282
2388,15,"Forestry",68372
2388,16,"Forestry",967057
2389,2,"Beef",2362
2389,3,"Beef",2362
2389,4,"Beef",7079
2389,8,"Sheepmeat",9603
2389,9,"Sheepmeat",1772
2389,10,"Sheepmeat",1772
2389,11,"Forestry",2557
2389,12,"Forestry",2557
2389,13,"Forestry",123
2389,14,"Forestry",123
2389,15,"Forestry",5155
2389,16,"Forestry",72914
2392,2,"Beef",3583641
2392,3,"Beef",3583641
2392,4,"Beef",10742007
2392,8,"Sheepmeat",7803715
2392,9,"Sheepmeat",7381312
2392,10,"Sheepmeat",7381312
2392,11,"Forestry",3356401
2392,12,"Forestry",3356401
2392,13,"Forestry",324813
2392,14,"Forestry",324813
2392,15,"Forestry",6684602
2392,16,"Forestry",92853030
2392,20,"Fruit",2283
2392,21,"Fruit",4564
2392,23,"Veges",6343460
2392,24,"Veges",41390
2392,25,"Veges",41390
2392,26,"Veges",17128
2393,2,"Beef",544188
2393,3,"Beef",544188
2393,4,"Beef",1631211
2393,8,"Sheepmeat",1842147
2393,9,"Sheepmeat",1711835
2393,10,"Sheepmeat",1711835
2393,11,"Forestry",173088
2393,12,"Forestry",173088
2393,13,"Forestry",16750
2393,14,"Forestry",16750
2393,15,"Forestry",431303
2393,16,"Forestry",7794337
2394,2,"Beef",11649
2394,3,"Beef",11649
2394,4,"Beef",34917
2394,8,"Sheepmeat",9012
2394,9,"Sheepmeat",8374
2394,10,"Sheepmeat",8374
2394,11,"Forestry",40838
2394,12,"Forestry",40838
2394,13,"Forestry",3952
2394,14,"Forestry",3952
2394,16,"Forestry",1693981
2395,2,"Beef",22874
2395,3,"Beef",22874
2395,4,"Beef",68565
2395,8,"Sheepmeat",43686
2395,9,"Sheepmeat",40596
2395,10,"Sheepmeat",40596
2395,11,"Forestry",73707
2395,12,"Forestry",73707
2395,13,"Forestry",7133
2395,14,"Forestry",7133
2395,15,"Forestry",66268
2395,16,"Forestry",756679
2396,2,"Beef",24431
2396,3,"Beef",24431
2396,4,"Beef",73232
2396,8,"Sheepmeat",60686
2396,9,"Sheepmeat",56393
2396,10,"Sheepmeat",56393
2396,11,"Forestry",80241
2396,12,"Forestry",80241
2396,13,"Forestry",7765
2396,14,"Forestry",7765
2396,15,"Forestry",79440
2396,16,"Forestry",570375
2397,2,"Beef",24433
2397,3,"Beef",24433
2397,4,"Beef",73240
2397,8,"Sheepmeat",60688
2397,9,"Sheepmeat",56395
2397,10,"Sheepmeat",56395
2397,11,"Forestry",80288
2397,12,"Forestry",80288
2397,13,"Forestry",7770
2397,14,"Forestry",7770
2397,15,"Forestry",79537
2397,16,"Forestry",569016
2398,2,"Beef",167948
2398,3,"Beef",167948
2398,4,"Beef",503425
2398,5,"Beef",38
2398,6,"Beef",38
2398,7,"Beef",113
2398,8,"Sheepmeat",311606
2398,9,"Sheepmeat",289563
2398,10,"Sheepmeat",289563
2399,2,"Beef",254809
2399,3,"Beef",254809
2399,4,"Beef",763794
2399,5,"Beef",38
2399,6,"Beef",38
2399,7,"Beef",113
2399,8,"Sheepmeat",560211
2399,9,"Sheepmeat",520582
2399,10,"Sheepmeat",520582
2399,11,"Forestry",5
2399,12,"Forestry",5
2399,13,"Forestry",0
2399,14,"Forestry",0
2399,15,"Forestry",10
2399,16,"Forestry",146
2400,2,"Beef",636706
2400,3,"Beef",636706
2400,4,"Beef",1908535
2400,5,"Beef",38
2400,6,"Beef",38
2400,7,"Beef",113
2400,8,"Sheepmeat",2009322
2400,9,"Sheepmeat",1867183
2400,10,"Sheepmeat",1867183
2400,11,"Forestry",1398
2400,12,"Forestry",1398
2400,13,"Forestry",135
2400,14,"Forestry",135
2400,15,"Forestry",2818
2400,16,"Forestry",39852
2401,2,"Beef",5714
2401,3,"Beef",5714
2401,4,"Beef",17127
2401,8,"Sheepmeat",166883
2401,9,"Sheepmeat",155077
2401,10,"Sheepmeat",155077
2401,11,"Forestry",123638
2401,12,"Forestry",123638
2401,13,"Forestry",11965
2401,14,"Forestry",11965
2401,15,"Forestry",249269
2401,16,"Forestry",3525664
2402,8,"Sheepmeat",3475835
2402,11,"Forestry",474187
2402,12,"Forestry",474187
2402,13,"Forestry",45889
2402,14,"Forestry",45889
2402,15,"Forestry",956023
2402,16,"Forestry",13521991
2402,17,"Fruit",215814
2402,18,"Fruit",215814
2402,19,"Fruit",474214
2402,20,"Fruit",27843
2402,21,"Fruit",55670
2402,22,"Fruit",13914
2402,23,"Veges",2760734
2402,24,"Veges",2668733
2402,25,"Veges",2668733
2402,26,"Veges",1104363
2403,2,"Beef",53388
2403,3,"Beef",53388
2403,4,"Beef",160033
2403,8,"Sheepmeat",3406881
2403,9,"Sheepmeat",64076
2403,10,"Sheepmeat",64076
2403,11,"Forestry",473301
2403,12,"Forestry",473301
2403,13,"Forestry",45803
2403,14,"Forestry",45803
2403,15,"Forestry",954235
2403,16,"Forestry",13496701
2403,17,"Fruit",201349
2403,18,"Fruit",201349
2403,19,"Fruit",442429
2403,20,"Fruit",25977
2403,21,"Fruit",51939
2403,22,"Fruit",12981
2403,23,"Veges",2163049
2403,24,"Veges",2090965
2403,25,"Veges",2090965
2403,26,"Veges",865274
2404,2,"Beef",131916
2404,3,"Beef",131916
2404,4,"Beef",395421
2404,8,"Sheepmeat",3043715
2404,9,"Sheepmeat",401552
2404,10,"Sheepmeat",401552
2404,11,"Forestry",472532
2404,12,"Forestry",472532
2404,13,"Forestry",45729
2404,14,"Forestry",45729
2404,15,"Forestry",952686
2404,16,"Forestry",13474794
2404,23,"Veges",392001
2404,24,"Veges",378938
2404,25,"Veges",378938
2404,26,"Veges",156810
2405,2,"Beef",427417
2405,3,"Beef",427417
2405,4,"Beef",1281189
2405,8,"Sheepmeat",1929552
2405,9,"Sheepmeat",1436900
2405,10,"Sheepmeat",1436900
2405,11,"Forestry",375531
2405,12,"Forestry",375531
2405,13,"Forestry",36342
2405,14,"Forestry",36342
2405,15,"Forestry",757118
2405,16,"Forestry",10708677
2406,2,"Beef",896925
2406,3,"Beef",896925
2406,4,"Beef",2688543
2406,8,"Sheepmeat",1390207
2406,9,"Sheepmeat",1291864
2406,10,"Sheepmeat",1291864
2406,11,"Forestry",47368
2406,12,"Forestry",47368
2406,13,"Forestry",4584
2406,14,"Forestry",4584
2406,15,"Forestry",95499
2406,16,"Forestry",1350739
2406,23,"Veges",1812610
2406,24,"Veges",1752205
2406,25,"Veges",1752205
2406,26,"Veges",725090
2407,2,"Beef",188016
2407,3,"Beef",188016
2407,4,"Beef",563581
2407,8,"Sheepmeat",239713
2407,9,"Sheepmeat",222755
2407,10,"Sheepmeat",222755
2407,11,"Forestry",247066
2407,12,"Forestry",247066
2407,13,"Forestry",23910
2407,14,"Forestry",23910
2407,15,"Forestry",498116
2407,16,"Forestry",7045356
2408,2,"Beef",85163
2408,3,"Beef",85163
2408,4,"Beef",255276
2408,8,"Sheepmeat",180572
2408,9,"Sheepmeat",167799
2408,10,"Sheepmeat",167799
2408,11,"Forestry",20428
2408,12,"Forestry",20428
2408,13,"Forestry",1977
2408,14,"Forestry",1977
2408,15,"Forestry",41185
2408,16,"Forestry",582519
2409,2,"Beef",390178
2409,3,"Beef",390178
2409,4,"Beef",1169564
2409,8,"Sheepmeat",347453
2409,9,"Sheepmeat",322874
2409,10,"Sheepmeat",322874
2409,11,"Forestry",119
2409,12,"Forestry",119
2409,13,"Forestry",11
2409,14,"Forestry",11
2409,15,"Forestry",239
2409,16,"Forestry",3386
2409,23,"Veges",165932
2409,24,"Veges",160402
2409,25,"Veges",160402
2409,26,"Veges",66377
2410,2,"Beef",5869
2410,3,"Beef",5869
2410,4,"Beef",17594
2410,8,"Sheepmeat",6281
2410,9,"Sheepmeat",5837
2410,10,"Sheepmeat",5837
2410,11,"Forestry",342
2410,12,"Forestry",342
2410,13,"Forestry",33
2410,14,"Forestry",33
2410,15,"Forestry",690
2410,16,"Forestry",9759
2412,2,"Beef",438241
2412,3,"Beef",438241
2412,4,"Beef",1313633
2412,8,"Sheepmeat",2145524
2412,9,"Sheepmeat",1993750
2412,10,"Sheepmeat",1993750
2412,11,"Forestry",619875
2412,12,"Forestry",619875
2412,13,"Forestry",59988
2412,14,"Forestry",59988
2412,15,"Forestry",1249749
2412,16,"Forestry",17676444
2412,17,"Fruit",161461
2412,18,"Fruit",161461
2412,19,"Fruit",354782
2412,20,"Fruit",20831
2412,21,"Fruit",41650
2412,22,"Fruit",10409
2412,23,"Veges",106600
2412,24,"Veges",103047
2412,25,"Veges",103047
2412,26,"Veges",42642
2413,2,"Beef",321655
2413,3,"Beef",321655
2413,4,"Beef",964166
2413,8,"Sheepmeat",1747523
2413,9,"Sheepmeat",1623904
2413,10,"Sheepmeat",1623904
2413,11,"Forestry",604764
2413,12,"Forestry",604764
2413,13,"Forestry",58526
2413,14,"Forestry",58526
2413,15,"Forestry",1219283
2413,16,"Forestry",17245540
2414,2,"Beef",7233
2414,3,"Beef",7233
2414,4,"Beef",21681
2414,8,"Sheepmeat",5632
2414,9,"Sheepmeat",5234
2414,10,"Sheepmeat",5234
2414,17,"Fruit",74180
2414,18,"Fruit",74180
2414,19,"Fruit",162997
2414,20,"Fruit",9570
2414,21,"Fruit",19135
2414,22,"Fruit",4782
2414,23,"Veges",63375
2414,24,"Veges",61263
2414,25,"Veges",61263
2414,26,"Veges",25351
2415,2,"Beef",571404
2415,3,"Beef",571404
2415,4,"Beef",1712789
2415,8,"Sheepmeat",730180
2415,9,"Sheepmeat",678528
2415,10,"Sheepmeat",678528
2415,11,"Forestry",68
2415,12,"Forestry",68
2415,13,"Forestry",7
2415,14,"Forestry",7
2415,15,"Forestry",138
2415,16,"Forestry",1952
2416,2,"Beef",308364
2416,3,"Beef",308364
2416,4,"Beef",924325
2416,8,"Sheepmeat",331614
2416,9,"Sheepmeat",308156
2416,10,"Sheepmeat",308156
2419,2,"Beef",5714
2419,3,"Beef",5714
2419,4,"Beef",17127
2419,8,"Sheepmeat",166883
2419,9,"Sheepmeat",155077
2419,10,"Sheepmeat",155077
2419,11,"Forestry",123638
2419,12,"Forestry",123638
2419,13,"Forestry",11965
2419,14,"Forestry",11965
2419,15,"Forestry",249269
2419,16,"Forestry",3525664
2421,2,"Beef",1262
2421,3,"Beef",1262
2421,4,"Beef",3782
2421,8,"Sheepmeat",976
2421,9,"Sheepmeat",907
2421,10,"Sheepmeat",907
2421,11,"Forestry",14
2421,12,"Forestry",14
2421,13,"Forestry",1
2421,14,"Forestry",1
2421,15,"Forestry",28
2421,16,"Forestry",400
2423,2,"Beef",1215
2423,3,"Beef",1215
2423,4,"Beef",3643
2423,8,"Sheepmeat",2427
2423,9,"Sheepmeat",2255
2423,10,"Sheepmeat",2255
2425,2,"Beef",301388
2425,3,"Beef",301388
2425,4,"Beef",903415
2425,5,"Beef",3679
2425,6,"Beef",3679
2425,7,"Beef",11028
2425,8,"Sheepmeat",36428904
2425,9,"Sheepmeat",282333
2425,10,"Sheepmeat",282333
2425,11,"Forestry",6118716
2425,12,"Forestry",6118716
2425,14,"Forestry",204868
2425,15,"Forestry",12252813
2425,20,"Fruit",746983
2425,21,"Fruit",1493531
2425,22,"Fruit",157712
2425,23,"Veges",7315777
2426,2,"Beef",277210
2426,3,"Beef",277210
2426,4,"Beef",830939
2426,5,"Beef",3679
2426,6,"Beef",3679
2426,7,"Beef",11028
2426,8,"Sheepmeat",265951
2426,9,"Sheepmeat",264951
2426,10,"Sheepmeat",264951
2426,11,"Forestry",4047
2426,12,"Forestry",4047
2426,14,"Forestry",204868
2426,15,"Forestry",7187
2426,17,"Fruit",7285
2426,18,"Fruit",7285
2426,19,"Fruit",16008
2426,20,"Fruit",940
2426,21,"Fruit",1879
2426,22,"Fruit",58280
2426,23,"Veges",283496
2426,24,"Veges",274049
2426,25,"Veges",274049
2426,26,"Veges",113406
2427,2,"Beef",1684
2427,3,"Beef",1684
2427,4,"Beef",5048
2427,9,"Sheepmeat",1211
2427,10,"Sheepmeat",1211
2427,17,"Fruit",913857
2427,18,"Fruit",913857
2427,19,"Fruit",2008038
2427,20,"Fruit",117902
2427,21,"Fruit",235734
2427,22,"Fruit",23112
2427,23,"Veges",1298274
2427,24,"Veges",1255009
2427,25,"Veges",1255009
2427,26,"Veges",519342
2429,2,"Beef",1741
2429,3,"Beef",1741
2429,4,"Beef",5217
2429,8,"Sheepmeat",1347
2429,9,"Sheepmeat",1251
2429,10,"Sheepmeat",1251
2429,17,"Fruit",613624
2429,18,"Fruit",613624
2429,19,"Fruit",1348329
2429,20,"Fruit",79167
2429,21,"Fruit",158288
2429,22,"Fruit",39560
2429,23,"Veges",369721
2429,24,"Veges",357400
2429,25,"Veges",357400
2429,26,"Veges",147898
2432,2,"Beef",6750
2432,3,"Beef",6750
2432,4,"Beef",20233
2432,8,"Sheepmeat",21927
2432,9,"Sheepmeat",20376
2432,10,"Sheepmeat",20376
2433,2,"Beef",1582
2433,3,"Beef",1582
2433,4,"Beef",4743
2433,8,"Sheepmeat",1224
2433,9,"Sheepmeat",1138
2433,10,"Sheepmeat",1138
2435,2,"Beef",490
2435,3,"Beef",490
2435,4,"Beef",1469
2435,8,"Sheepmeat",379
2435,9,"Sheepmeat",352
2435,10,"Sheepmeat",352
2435,17,"Fruit",49784
2435,18,"Fruit",49784
2435,19,"Fruit",109391
2436,1,"Dairy",294382
2436,2,"Beef",6182965
2436,3,"Beef",6182965
2436,4,"Beef",18533516
2436,5,"Beef",8405
2436,6,"Beef",8405
2436,7,"Beef",25194
2436,8,"Sheepmeat",12767051
2436,9,"Sheepmeat",11734288
2436,10,"Sheepmeat",11734288
2436,11,"Forestry",2202888
2436,12,"Forestry",2202888
2436,13,"Forestry",213183
2436,14,"Forestry",213183
2436,15,"Forestry",4441307
2436,16,"Forestry",62817847
2436,17,"Fruit",17693
2436,18,"Fruit",17693
2436,19,"Fruit",38877
2436,22,"Fruit",1141
2436,24,"Veges",6090675
2436,25,"Veges",6090675
2436,26,"Veges",2520416
2437,1,"Dairy",294382
2437,2,"Beef",6183378
2437,3,"Beef",6183378
2437,4,"Beef",18534752
2437,5,"Beef",8405
2437,6,"Beef",8405
2437,7,"Beef",25194
2437,8,"Sheepmeat",12767370
2437,9,"Sheepmeat",11734584
2437,10,"Sheepmeat",11734584
2437,11,"Forestry",2202888
2437,12,"Forestry",2202888
2437,13,"Forestry",213183
2437,14,"Forestry",213183
2437,15,"Forestry",4441307
2437,16,"Forestry",62817847
2437,17,"Fruit",17693
2437,18,"Fruit",17693
2437,19,"Fruit",38877
2437,22,"Fruit",1141
2437,24,"Veges",6090675
2437,25,"Veges",6090675
2437,26,"Veges",2520416
2438,2,"Beef",44247
2438,3,"Beef",44247
2438,4,"Beef",132630
2438,8,"Sheepmeat",42059
2438,9,"Sheepmeat",39084
2438,10,"Sheepmeat",39084
2438,11,"Forestry",24486
2438,12,"Forestry",24486
2438,13,"Forestry",2370
2438,14,"Forestry",2370
2438,15,"Forestry",49366
2438,16,"Forestry",698239
2438,17,"Fruit",310676
2438,18,"Fruit",310676
2438,19,"Fruit",682656
2438,20,"Fruit",40082
2438,21,"Fruit",80141
2438,22,"Fruit",20029
2438,23,"Veges",3399
2438,24,"Veges",3286
2438,25,"Veges",3286
2438,26,"Veges",1360
2439,1,"Dairy",764007
2439,2,"Beef",1161246
2439,3,"Beef",1161246
2439,4,"Beef",3480851
2439,5,"Beef",21813
2439,6,"Beef",21813
2439,7,"Beef",65386
2439,8,"Sheepmeat",799797
2439,9,"Sheepmeat",1590894
2439,10,"Sheepmeat",1590894
2439,11,"Forestry",6688
2439,12,"Forestry",6688
2439,13,"Forestry",647
2439,14,"Forestry",647
2439,15,"Forestry",13485
2439,16,"Forestry",190730
2439,17,"Fruit",7716892
2439,18,"Fruit",7716892
2439,19,"Fruit",16956495
2439,20,"Fruit",978006
2439,21,"Fruit",1955441
2439,22,"Fruit",516430
2439,23,"Veges",9815978
2439,24,"Veges",9994969
2439,25,"Veges",9994969
2439,26,"Veges",4136074
2440,1,"Dairy",693115
2440,2,"Beef",6100274
2440,3,"Beef",6100274
2440,4,"Beef",18285649
2440,5,"Beef",19827
2440,6,"Beef",19827
2440,7,"Beef",59432
2440,8,"Sheepmeat",15516465
2440,9,"Sheepmeat",14418838
2440,10,"Sheepmeat",14418838
2440,11,"Forestry",245145
2440,12,"Forestry",245145
2440,13,"Forestry",23724
2440,14,"Forestry",23724
2440,15,"Forestry",494244
2440,16,"Forestry",6990584
2440,23,"Veges",420179
2440,24,"Veges",406176
2440,25,"Veges",406176
2440,26,"Veges",168082
2441,2,"Beef",5869
2441,3,"Beef",5869
2441,4,"Beef",17594
2441,8,"Sheepmeat",6283
2441,9,"Sheepmeat",5838
2441,10,"Sheepmeat",5838
2441,11,"Forestry",503
2441,12,"Forestry",503
2441,13,"Forestry",49
2441,14,"Forestry",49
2441,15,"Forestry",1015
2441,16,"Forestry",14352
2442,2,"Beef",4867032
2442,3,"Beef",4867032
2442,4,"Beef",14588989
2442,5,"Beef",38
2442,6,"Beef",38
2442,7,"Beef",113
2442,8,"Sheepmeat",12944436
2442,9,"Sheepmeat",12028752
2442,10,"Sheepmeat",12028752
2442,11,"Forestry",174968
2442,12,"Forestry",174968
2442,13,"Forestry",16932
2442,14,"Forestry",16932
2442,15,"Forestry",352757
2442,16,"Forestry",4989398
2443,2,"Beef",2427017
2443,3,"Beef",2427017
2443,4,"Beef",7275014
2443,5,"Beef",38
2443,6,"Beef",38
2443,7,"Beef",113
2443,8,"Sheepmeat",5746491
2443,9,"Sheepmeat",5339987
2443,10,"Sheepmeat",5339987
2443,11,"Forestry",7869
2443,12,"Forestry",7869
2443,13,"Forestry",761
2443,14,"Forestry",761
2443,15,"Forestry",15864
2443,16,"Forestry",224387
2461,17,"Fruit",49784
2461,18,"Fruit",49784
2461,19,"Fruit",109391
2462,17,"Fruit",49784
2462,18,"Fruit",49784
2462,19,"Fruit",109391
2463,17,"Fruit",49780
2463,18,"Fruit",49780
2463,19,"Fruit",109383
2465,2,"Beef",2175
2465,3,"Beef",2175
2465,4,"Beef",6519
2465,8,"Sheepmeat",1682
2465,9,"Sheepmeat",1563
2465,10,"Sheepmeat",1563
2465,11,"Forestry",1
2465,12,"Forestry",1
2465,13,"Forestry",0
2465,14,"Forestry",0
2465,15,"Forestry",2
2465,16,"Forestry",24
2466,2,"Beef",34307
2466,3,"Beef",34307
2466,4,"Beef",102836
2466,8,"Sheepmeat",46689
2466,9,"Sheepmeat",43386
2466,10,"Sheepmeat",43386
2468,2,"Beef",282
2468,3,"Beef",282
2468,4,"Beef",844
2468,8,"Sheepmeat",218
2468,9,"Sheepmeat",202
2468,10,"Sheepmeat",202
2469,2,"Beef",3408
2469,3,"Beef",3408
2469,4,"Beef",10215
2469,8,"Sheepmeat",2644
2469,9,"Sheepmeat",2457
2469,10,"Sheepmeat",2457
2470,2,"Beef",1922
2470,3,"Beef",1922
2470,4,"Beef",5761
2470,8,"Sheepmeat",1496
2470,9,"Sheepmeat",1390
2470,10,"Sheepmeat",1390
2475,2,"Beef",162697
2475,3,"Beef",162697
2475,4,"Beef",487686
2475,8,"Sheepmeat",170137
2475,9,"Sheepmeat",158102
2475,10,"Sheepmeat",158102
2475,11,"Forestry",4335
2475,12,"Forestry",4335
2475,13,"Forestry",419
2475,14,"Forestry",419
2475,15,"Forestry",8739
2475,16,"Forestry",123604
2475,17,"Fruit",105569
2475,18,"Fruit",105569
2475,19,"Fruit",231969
2475,20,"Fruit",13620
2475,21,"Fruit",27232
2475,22,"Fruit",6806
2476,1,"Dairy",294382
2476,14,"Forestry",319857
2477,1,"Dairy",294382
2477,14,"Forestry",319429
2481,16,"Forestry",872
2482,16,"Forestry",872
2482,17,"Fruit",912054
2482,19,"Fruit",2004076
2483,9,"Sheepmeat",207
2483,10,"Sheepmeat",207
2483,13,"Forestry",15
2484,8,"Sheepmeat",20644
2484,11,"Forestry",5158
2484,12,"Forestry",5158
2484,15,"Forestry",10399
2484,16,"Forestry",872
2484,17,"Fruit",912054
2484,19,"Fruit",2004076
2486,16,"Forestry",872
2488,2,"Beef",2174
2488,3,"Beef",2174
2488,4,"Beef",6518
2488,8,"Sheepmeat",1682
2488,9,"Sheepmeat",1563
2488,10,"Sheepmeat",1563
2488,23,"Veges",3223
2488,24,"Veges",3116
2488,25,"Veges",3116
2488,26,"Veges",1289
2489,2,"Beef",620
2489,3,"Beef",620
2489,4,"Beef",1858
2489,8,"Sheepmeat",480
2489,9,"Sheepmeat",446
2489,10,"Sheepmeat",446
2489,11,"Forestry",42
2489,12,"Forestry",42
2489,13,"Forestry",4
2489,14,"Forestry",4
2489,15,"Forestry",85
2489,16,"Forestry",1205
2490,2,"Beef",1393
2490,3,"Beef",1393
2490,4,"Beef",4176
2490,8,"Sheepmeat",1078
2490,9,"Sheepmeat",1001
2490,10,"Sheepmeat",1001
2490,11,"Forestry",214
2490,12,"Forestry",214
2490,13,"Forestry",21
2490,14,"Forestry",21
2490,15,"Forestry",432
2490,16,"Forestry",6116
2493,8,"Sheepmeat",893242
2493,11,"Forestry",112175
2493,12,"Forestry",112175
2493,14,"Forestry",9
2493,15,"Forestry",226159
2493,16,"Forestry",175254429
2493,18,"Fruit",103601
2495,1,"Dairy",3092420
2495,14,"Forestry",15
2495,16,"Forestry",60374389
2495,17,"Fruit",47409807
2495,18,"Fruit",10783098
2495,19,"Fruit",104174607
2495,24,"Veges",8435051
2495,25,"Veges",12111693
2495,26,"Veges",5012007
2496,1,"Dairy",3092420
2496,16,"Forestry",60374389
2496,26,"Veges",5012007
2497,1,"Dairy",3092420
2497,16,"Forestry",60374389
2498,2,"Beef",369179
2498,3,"Beef",369179
2498,4,"Beef",1106619
2498,8,"Sheepmeat",20644
2498,9,"Sheepmeat",830077
2498,10,"Sheepmeat",830077
2498,11,"Forestry",5158
2498,12,"Forestry",5158
2498,13,"Forestry",10881
2498,15,"Forestry",10399
2498,16,"Forestry",60374389
2498,17,"Fruit",103601
2498,19,"Fruit",227645
2498,20,"Fruit",13366
2498,21,"Fruit",26724
2498,22,"Fruit",6679
2499,2,"Beef",13335251
2499,3,"Beef",13335251
2499,4,"Beef",39972580
2499,5,"Beef",8405
2499,6,"Beef",8405
2499,7,"Beef",25194
2499,9,"Sheepmeat",25505372
2499,10,"Sheepmeat",25505372
2499,13,"Forestry",319866
2499,16,"Forestry",60375261
2499,17,"Fruit",808453
2499,19,"Fruit",1776431
2499,20,"Fruit",102020
2499,21,"Fruit",203981
2499,22,"Fruit",52121
2499,23,"Veges",26264458
2500,2,"Beef",13335251
2500,3,"Beef",13335251
2500,4,"Beef",39972580
2500,5,"Beef",8405
2500,6,"Beef",8405
2500,7,"Beef",25194
2500,9,"Sheepmeat",25505372
2500,10,"Sheepmeat",25505372
2500,13,"Forestry",319866
2500,16,"Forestry",60374389
2500,17,"Fruit",808453
2500,19,"Fruit",1776431
2500,20,"Fruit",102020
2500,21,"Fruit",203981
2500,22,"Fruit",52121
2500,23,"Veges",26264458
2501,2,"Beef",13704430
2501,3,"Beef",13704430
2501,4,"Beef",41079199
2501,5,"Beef",8405
2501,6,"Beef",8405
2501,7,"Beef",25194
2501,9,"Sheepmeat",26335450
2501,10,"Sheepmeat",26335450
2501,13,"Forestry",330747
2501,20,"Fruit",115386
2501,21,"Fruit",230705
2501,22,"Fruit",58800
2501,23,"Veges",26264458
2502,2,"Beef",13704430
2502,3,"Beef",13704430
2502,4,"Beef",41079199
2502,5,"Beef",8405
2502,6,"Beef",8405
2502,7,"Beef",25194
2502,9,"Sheepmeat",26335450
2502,10,"Sheepmeat",26335450
2502,13,"Forestry",330747
2502,20,"Fruit",115386
2502,21,"Fruit",230705
2502,22,"Fruit",58800
2502,23,"Veges",26264458
2503,2,"Beef",13704430
2503,3,"Beef",13704430
2503,4,"Beef",41079199
2503,5,"Beef",8405
2503,6,"Beef",8405
2503,7,"Beef",25194
2503,9,"Sheepmeat",26335450
2503,10,"Sheepmeat",26335450
2503,13,"Forestry",330747
2503,20,"Fruit",115386
2503,21,"Fruit",230705
2503,22,"Fruit",58800
2503,23,"Veges",26264458
2504,1,"Dairy",3092420
2504,2,"Beef",13811555
2504,3,"Beef",13811555
2504,4,"Beef",41400308
2504,5,"Beef",8405
2504,6,"Beef",8405
2504,7,"Beef",25194
2504,8,"Sheepmeat",149582
2504,9,"Sheepmeat",26481409
2504,10,"Sheepmeat",26481409
2504,11,"Forestry",10228
2504,12,"Forestry",10228
2504,13,"Forestry",332620
2504,14,"Forestry",15
2504,16,"Forestry",60374389
2504,17,"Fruit",47409807
2504,18,"Fruit",10783098
2504,19,"Fruit",104174607
2504,20,"Fruit",115386
2504,21,"Fruit",230705
2504,22,"Fruit",58803
2504,23,"Veges",26264458
2504,24,"Veges",8435051
2504,25,"Veges",12111693
2504,26,"Veges",5012007
2508,2,"Beef",98042
2508,3,"Beef",98042
2508,4,"Beef",293881
2508,8,"Sheepmeat",148359
2508,9,"Sheepmeat",139211
2508,10,"Sheepmeat",139211
2508,11,"Forestry",10228
2508,12,"Forestry",10228
2508,13,"Forestry",1855
2508,14,"Forestry",33
2508,15,"Forestry",21595
2508,17,"Fruit",17321535
2508,18,"Fruit",17321535
2508,19,"Fruit",38060989
2508,22,"Fruit",3
2508,24,"Veges",39437895
2508,25,"Veges",39437895
2508,26,"Veges",16320015
2509,14,"Forestry",18
2509,15,"Forestry",21595
2509,17,"Fruit",17321535
2509,18,"Fruit",17321535
2509,19,"Fruit",38060989
2509,24,"Veges",39437895
2509,25,"Veges",39437895
2510,9,"Sheepmeat",198
2510,10,"Sheepmeat",198
2510,13,"Forestry",15
2510,14,"Forestry",18
2510,15,"Forestry",21595
2510,17,"Fruit",17321535
2510,18,"Fruit",17321535
2510,19,"Fruit",38060989
2510,24,"Veges",39437895
2510,25,"Veges",39437895
2511,2,"Beef",8667
2511,3,"Beef",8667
2511,4,"Beef",25980
2511,8,"Sheepmeat",6705
2511,9,"Sheepmeat",6231
2511,10,"Sheepmeat",6231
2511,17,"Fruit",46
2511,18,"Fruit",46
2511,19,"Fruit",101
2511,20,"Fruit",6
2511,21,"Fruit",12
2511,22,"Fruit",3
2512,2,"Beef",1748
2512,3,"Beef",1748
2512,4,"Beef",5241
2512,8,"Sheepmeat",5012
2512,9,"Sheepmeat",1257
2512,10,"Sheepmeat",1257
2512,11,"Forestry",127
2512,12,"Forestry",127
2512,13,"Forestry",12
2512,14,"Forestry",332224
2512,15,"Forestry",256
2512,16,"Forestry",3624
2512,17,"Fruit",3013917
2512,18,"Fruit",3013917
2512,19,"Fruit",6622546
2512,24,"Veges",6473492
2512,25,"Veges",6473492
2512,26,"Veges",2678832
2513,2,"Beef",1748
2513,3,"Beef",1748
2513,4,"Beef",5241
2513,8,"Sheepmeat",5012
2513,9,"Sheepmeat",1257
2513,10,"Sheepmeat",1257
2513,11,"Forestry",127
2513,12,"Forestry",127
2513,13,"Forestry",12
2513,14,"Forestry",332224
2513,15,"Forestry",256
2513,16,"Forestry",3624
2513,17,"Fruit",3013917
2513,18,"Fruit",3013917
2513,19,"Fruit",6622546
2513,24,"Veges",6473492
2513,25,"Veges",6473492
2513,26,"Veges",2678832
2514,8,"Sheepmeat",3659
2514,11,"Forestry",127
2514,12,"Forestry",127
2514,13,"Forestry",12
2514,14,"Forestry",332224
2514,15,"Forestry",256
2514,16,"Forestry",3624
2514,17,"Fruit",3013917
2514,18,"Fruit",3013917
2514,19,"Fruit",6622546
2514,20,"Fruit",6
2514,21,"Fruit",12
2514,24,"Veges",6473492
2514,25,"Veges",6473492
2514,26,"Veges",2678832
2515,8,"Sheepmeat",893242
2515,11,"Forestry",112175
2515,12,"Forestry",112175
2515,15,"Forestry",226159
2515,18,"Fruit",103601
2516,14,"Forestry",9
2516,16,"Forestry",175254429
2518,2,"Beef",5869
2518,3,"Beef",5869
2518,4,"Beef",17594
2518,8,"Sheepmeat",6281
2518,9,"Sheepmeat",5837
2518,10,"Sheepmeat",5837
2518,11,"Forestry",342
2518,12,"Forestry",342
2518,13,"Forestry",33
2518,14,"Forestry",33
2518,15,"Forestry",690
2518,16,"Forestry",9759
2519,2,"Beef",5869
2519,3,"Beef",5869
2519,4,"Beef",17594
2519,8,"Sheepmeat",6283
2519,9,"Sheepmeat",5838
2519,10,"Sheepmeat",5838
2519,11,"Forestry",503
2519,12,"Forestry",503
2519,13,"Forestry",49
2519,14,"Forestry",49
2519,15,"Forestry",1015
2519,16,"Forestry",14352
2520,2,"Beef",698655
2520,3,"Beef",698655
2520,4,"Beef",2094227
2520,8,"Sheepmeat",222188
2520,9,"Sheepmeat",1055158
2520,10,"Sheepmeat",1055158
2520,11,"Forestry",4183
2520,12,"Forestry",4183
2520,13,"Forestry",405
2520,14,"Forestry",405
2520,15,"Forestry",8434
2520,16,"Forestry",119291
2520,17,"Fruit",150719
2520,18,"Fruit",150719
2520,19,"Fruit",331178
2520,20,"Fruit",1854
2520,21,"Fruit",3706
2520,22,"Fruit",28639
2520,23,"Veges",1422400
2520,24,"Veges",1881107
2520,25,"Veges",1881107
2520,26,"Veges",778431
2521,1,"Dairy",764007
2521,2,"Beef",1084418
2521,3,"Beef",1084418
2521,4,"Beef",3250556
2521,5,"Beef",21813
2521,6,"Beef",21813
2521,7,"Beef",65386
2521,8,"Sheepmeat",738925
2521,9,"Sheepmeat",1535342
2521,10,"Sheepmeat",1535342
2521,11,"Forestry",6529
2521,12,"Forestry",6529
2521,13,"Forestry",632
2521,14,"Forestry",632
2521,15,"Forestry",13164
2521,16,"Forestry",186185
2521,17,"Fruit",4207163
2521,18,"Fruit",4207163
2521,19,"Fruit",9244491
2521,20,"Fruit",525197
2521,21,"Fruit",1050088
2521,22,"Fruit",290158
2521,23,"Veges",6164446
2521,24,"Veges",6465124
2521,25,"Veges",6465124
2521,26,"Veges",2675369
2526,2,"Beef",2244707
2526,3,"Beef",2244707
2526,4,"Beef",6728536
2526,5,"Beef",38
2526,6,"Beef",38
2526,7,"Beef",113
2526,8,"Sheepmeat",5469758
2526,9,"Sheepmeat",5082830
2526,10,"Sheepmeat",5082830
2526,11,"Forestry",5653
2526,12,"Forestry",5653
2526,13,"Forestry",547
2526,14,"Forestry",547
2526,15,"Forestry",11397
2526,16,"Forestry",161198
2527,1,"Dairy",3092420
2527,2,"Beef",369179
2527,3,"Beef",369179
2527,4,"Beef",1106619
2527,8,"Sheepmeat",20644
2527,9,"Sheepmeat",830077
2527,10,"Sheepmeat",830077
2527,11,"Forestry",5158
2527,12,"Forestry",5158
2527,13,"Forestry",10881
2527,15,"Forestry",10399
2527,17,"Fruit",103601
2527,19,"Fruit",227645
2527,20,"Fruit",13366
2527,21,"Fruit",26724
2527,22,"Fruit",6679
2528,1,"Dairy",294382
2529,1,"Dairy",6465984
2529,8,"Sheepmeat",9110
2529,11,"Forestry",1067
2529,12,"Forestry",1067
2529,14,"Forestry",26
2529,15,"Forestry",2151
2530,2,"Beef",6750
2530,3,"Beef",6750
2530,4,"Beef",20233
2530,8,"Sheepmeat",21927
2530,9,"Sheepmeat",20376
2530,10,"Sheepmeat",20376
2531,1,"Dairy",3092420
2531,2,"Beef",369179
2531,3,"Beef",369179
2531,4,"Beef",1106619
2531,8,"Sheepmeat",20644
2531,9,"Sheepmeat",830077
2531,10,"Sheepmeat",830077
2531,11,"Forestry",5158
2531,12,"Forestry",5158
2531,13,"Forestry",10881
2531,15,"Forestry",10399
2531,17,"Fruit",103601
2531,19,"Fruit",227645
2531,20,"Fruit",13366
2531,21,"Fruit",26724
2531,22,"Fruit",6679
2532,8,"Sheepmeat",20644
2532,11,"Forestry",5158
2532,12,"Forestry",5158
2532,15,"Forestry",10399
2532,17,"Fruit",103601
2532,19,"Fruit",227645
2535,26,"Veges",42
2536,26,"Veges",21332022
2537,8,"Sheepmeat",20644
2537,11,"Forestry",5158
2537,12,"Forestry",5158
2537,15,"Forestry",10399
2537,26,"Veges",21332022
2538,2,"Beef",5032432
2538,3,"Beef",5032432
2538,4,"Beef",15084779
2538,8,"Sheepmeat",10337345
2538,9,"Sheepmeat",9606086
2538,10,"Sheepmeat",9606086
2538,11,"Forestry",562771
2538,12,"Forestry",562771
2538,13,"Forestry",54462
2538,14,"Forestry",54462
2538,15,"Forestry",1134619
2538,16,"Forestry",16048044
2539,2,"Beef",1388655
2539,3,"Beef",1388655
2539,4,"Beef",4162512
2539,8,"Sheepmeat",2633216
2539,9,"Sheepmeat",2446943
2539,10,"Sheepmeat",2446943
2539,11,"Forestry",45003
2539,12,"Forestry",45003
2539,13,"Forestry",4355
2539,14,"Forestry",4355
2539,15,"Forestry",90732
2539,16,"Forestry",1283313
2540,2,"Beef",1536
2540,3,"Beef",1536
2540,4,"Beef",4604
2540,8,"Sheepmeat",7473
2540,9,"Sheepmeat",6945
2540,10,"Sheepmeat",6945
2543,2,"Beef",815
2543,3,"Beef",815
2543,4,"Beef",2443
2543,8,"Sheepmeat",630
2543,9,"Sheepmeat",586
2543,10,"Sheepmeat",586
2543,20,"Fruit",0
2543,21,"Fruit",1
2543,22,"Fruit",0
2545,2,"Beef",1074
2545,3,"Beef",1074
2545,4,"Beef",3219
2545,8,"Sheepmeat",831
2545,9,"Sheepmeat",772
2545,10,"Sheepmeat",772
2545,20,"Fruit",6422
2545,21,"Fruit",12841
2545,22,"Fruit",3209
2546,2,"Beef",819
2546,3,"Beef",819
2546,4,"Beef",2454
2546,8,"Sheepmeat",2886
2546,9,"Sheepmeat",2682
2546,10,"Sheepmeat",2682
2547,2,"Beef",4
2547,3,"Beef",4
2547,4,"Beef",12
2547,8,"Sheepmeat",3
2547,9,"Sheepmeat",3
2547,10,"Sheepmeat",3
2549,2,"Beef",772425
2549,3,"Beef",772425
2549,4,"Beef",2315354
2549,8,"Sheepmeat",2724727
2549,9,"Sheepmeat",2531981
2549,10,"Sheepmeat",2531981
2549,11,"Forestry",695383
2549,12,"Forestry",695383
2549,13,"Forestry",67295
2549,14,"Forestry",67295
2549,15,"Forestry",1401981
2549,16,"Forestry",19829625
2549,17,"Fruit",515170
2549,18,"Fruit",515170
2549,19,"Fruit",1131995
2549,20,"Fruit",66465
2549,21,"Fruit",132891
2549,22,"Fruit",33213
2549,23,"Veges",830476
2549,24,"Veges",802800
2549,25,"Veges",802800
2549,26,"Veges",332211
2550,2,"Beef",2355323
2550,3,"Beef",2355323
2550,4,"Beef",7060109
2550,8,"Sheepmeat",6482164
2550,9,"Sheepmeat",6023619
2550,10,"Sheepmeat",6023619
2550,11,"Forestry",1576829
2550,12,"Forestry",1576829
2550,13,"Forestry",152596
2550,14,"Forestry",152596
2550,15,"Forestry",3179091
2550,16,"Forestry",44965059
2550,17,"Fruit",643575
2550,18,"Fruit",643575
2550,19,"Fruit",1414141
2550,20,"Fruit",83031
2550,21,"Fruit",166014
2550,22,"Fruit",41491
2550,23,"Veges",2875069
2550,24,"Veges",2779258
2550,25,"Veges",2779258
2550,26,"Veges",1150100
2551,2,"Beef",1875924
2551,3,"Beef",1875924
2551,4,"Beef",5623107
2551,8,"Sheepmeat",5670336
2551,9,"Sheepmeat",5269219
2551,10,"Sheepmeat",5269219
2551,11,"Forestry",1543787
2551,12,"Forestry",1543787
2551,13,"Forestry",149399
2551,14,"Forestry",149399
2551,15,"Forestry",3112474
2551,16,"Forestry",44022825
2551,17,"Fruit",65964
2551,18,"Fruit",65964
2551,19,"Fruit",144943
2551,20,"Fruit",8510
2551,21,"Fruit",17016
2551,22,"Fruit",4253
2551,23,"Veges",638675
2551,24,"Veges",617392
2551,25,"Veges",617392
2551,26,"Veges",255486
2552,2,"Beef",152476
2552,3,"Beef",152476
2552,4,"Beef",457047
2552,8,"Sheepmeat",361258
2552,9,"Sheepmeat",335703
2552,10,"Sheepmeat",335703
2552,11,"Forestry",5545
2552,12,"Forestry",5545
2552,13,"Forestry",537
2552,14,"Forestry",537
2552,15,"Forestry",11180
2552,16,"Forestry",158128
2553,2,"Beef",1155541
2553,3,"Beef",1155541
2553,4,"Beef",3463748
2553,8,"Sheepmeat",3914792
2553,9,"Sheepmeat",3637861
2553,10,"Sheepmeat",3637861
2553,11,"Forestry",69481
2553,12,"Forestry",69481
2553,13,"Forestry",6724
2553,14,"Forestry",6724
2553,15,"Forestry",140082
2553,16,"Forestry",1981322
2554,2,"Beef",460820
2554,3,"Beef",460820
2554,4,"Beef",1381312
2554,8,"Sheepmeat",1431474
2554,9,"Sheepmeat",1330212
2554,10,"Sheepmeat",1330212
2554,11,"Forestry",280208
2554,12,"Forestry",280208
2554,13,"Forestry",27117
2554,14,"Forestry",27117
2554,15,"Forestry",564936
2554,16,"Forestry",7990450
2554,23,"Veges",170209
2554,24,"Veges",164536
2554,25,"Veges",164536
2554,26,"Veges",68088
2555,2,"Beef",890728
2555,3,"Beef",890728
2555,4,"Beef",2669967
2555,8,"Sheepmeat",1384065
2555,9,"Sheepmeat",1286157
2555,10,"Sheepmeat",1286157
2555,11,"Forestry",47368
2555,12,"Forestry",47368
2555,13,"Forestry",4584
2555,14,"Forestry",4584
2555,15,"Forestry",95499
2555,16,"Forestry",1350739
2555,23,"Veges",1812610
2555,24,"Veges",1752205
2555,25,"Veges",1752205
2555,26,"Veges",725090
2556,1,"Dairy",9852786
2556,2,"Beef",366292
2556,3,"Beef",366292
2556,4,"Beef",1097964
2556,8,"Sheepmeat",886409
2556,9,"Sheepmeat",823705
2556,10,"Sheepmeat",823705
2556,11,"Forestry",111042
2556,12,"Forestry",111042
2556,13,"Forestry",10746
2556,14,"Forestry",10746
2556,15,"Forestry",223876
2556,16,"Forestry",3166502
2556,17,"Fruit",95602
2556,18,"Fruit",95602
2556,19,"Fruit",210068
2556,20,"Fruit",12334
2556,21,"Fruit",24661
2556,22,"Fruit",6163
2557,1,"Dairy",9852786
2557,2,"Beef",366178
2557,3,"Beef",366178
2557,4,"Beef",1097623
2557,8,"Sheepmeat",885794
2557,9,"Sheepmeat",823133
2557,10,"Sheepmeat",823133
2557,11,"Forestry",110636
2557,12,"Forestry",110636
2557,13,"Forestry",10707
2557,14,"Forestry",10707
2557,15,"Forestry",223056
2557,16,"Forestry",3154905
2557,17,"Fruit",95602
2557,18,"Fruit",95602
2557,19,"Fruit",210068
2557,20,"Fruit",12334
2557,21,"Fruit",24661
2557,22,"Fruit",6163
2558,2,"Beef",441
2558,3,"Beef",441
2558,4,"Beef",1322
2558,8,"Sheepmeat",341
2558,9,"Sheepmeat",317
2558,10,"Sheepmeat",317
2559,2,"Beef",574144
2559,3,"Beef",574144
2559,4,"Beef",1721004
2559,8,"Sheepmeat",2139441
2559,9,"Sheepmeat",1988098
2559,10,"Sheepmeat",1988098
2559,11,"Forestry",14595
2559,12,"Forestry",14595
2559,13,"Forestry",1412
2559,14,"Forestry",1412
2559,15,"Forestry",29426
2559,16,"Forestry",416198
2562,2,"Beef",478
2562,3,"Beef",478
2562,4,"Beef",1432
2562,8,"Sheepmeat",369
2562,9,"Sheepmeat",343
2562,10,"Sheepmeat",343
2562,17,"Fruit",997
2562,18,"Fruit",997
2562,19,"Fruit",2191
2562,20,"Fruit",129
2562,21,"Fruit",257
2562,22,"Fruit",64
2563,2,"Beef",586
2563,3,"Beef",586
2563,4,"Beef",1757
2563,8,"Sheepmeat",453
2563,9,"Sheepmeat",421
2563,10,"Sheepmeat",421
2563,17,"Fruit",4816
2563,18,"Fruit",4816
2563,19,"Fruit",10582
2563,20,"Fruit",621
2563,21,"Fruit",1242
2563,22,"Fruit",310
2564,2,"Beef",280
2564,3,"Beef",280
2564,4,"Beef",839
2564,8,"Sheepmeat",216
2564,9,"Sheepmeat",201
2564,10,"Sheepmeat",201
2564,17,"Fruit",2016
2564,18,"Fruit",2016
2564,19,"Fruit",4431
2564,20,"Fruit",260
2564,21,"Fruit",520
2564,22,"Fruit",130
2565,1,"Dairy",41981
2565,2,"Beef",51413
2565,3,"Beef",51413
2565,4,"Beef",154110
2565,8,"Sheepmeat",24264
2565,9,"Sheepmeat",36961
2565,10,"Sheepmeat",36961
2565,11,"Forestry",488
2565,12,"Forestry",488
2565,14,"Forestry",54
2565,15,"Forestry",10
2565,17,"Fruit",1268
2565,18,"Fruit",1268
2565,19,"Fruit",2786
2565,20,"Fruit",17650
2565,21,"Fruit",35290
2565,22,"Fruit",8820
2565,23,"Veges",82253
2565,24,"Veges",123336
2565,25,"Veges",123336
2565,26,"Veges",51039
2567,2,"Beef",50050
2567,3,"Beef",50050
2567,4,"Beef",150026
2567,8,"Sheepmeat",51914
2567,9,"Sheepmeat",48242
2567,10,"Sheepmeat",48242
2567,11,"Forestry",7120
2567,12,"Forestry",7120
2567,13,"Forestry",689
2567,14,"Forestry",689
2567,15,"Forestry",96690
2567,16,"Forestry",3061566
2568,2,"Beef",582891
2568,3,"Beef",582891
2568,4,"Beef",1747223
2568,8,"Sheepmeat",2631866
2568,9,"Sheepmeat",2445689
2568,10,"Sheepmeat",2445689
2568,11,"Forestry",100110
2568,12,"Forestry",100110
2568,13,"Forestry",9688
2568,14,"Forestry",9688
2568,15,"Forestry",201835
2568,16,"Forestry",2854760
2569,2,"Beef",581808
2569,3,"Beef",581808
2569,4,"Beef",1743977
2569,8,"Sheepmeat",2631017
2569,9,"Sheepmeat",2444900
2569,10,"Sheepmeat",2444900
2569,11,"Forestry",100061
2569,12,"Forestry",100061
2569,13,"Forestry",9683
2569,14,"Forestry",9683
2569,15,"Forestry",201736
2569,16,"Forestry",2853353
2570,2,"Beef",157992
2570,3,"Beef",157992
2570,4,"Beef",473584
2570,8,"Sheepmeat",208824
2570,9,"Sheepmeat",194052
2570,10,"Sheepmeat",194052
2571,2,"Beef",133082
2571,3,"Beef",133082
2571,4,"Beef",398914
2571,8,"Sheepmeat",186514
2571,9,"Sheepmeat",173320
2571,10,"Sheepmeat",173320
2573,2,"Beef",403
2573,3,"Beef",403
2573,4,"Beef",1207
2573,8,"Sheepmeat",312
2573,9,"Sheepmeat",289
2573,10,"Sheepmeat",289
2577,2,"Beef",56933
2577,3,"Beef",56933
2577,4,"Beef",170656
2577,8,"Sheepmeat",156458
2577,9,"Sheepmeat",145390
2577,10,"Sheepmeat",145390
2577,11,"Forestry",93826
2577,12,"Forestry",93826
2577,13,"Forestry",9080
2577,14,"Forestry",9080
2577,15,"Forestry",189164
2577,16,"Forestry",2675541
2577,23,"Veges",413919
2577,24,"Veges",400125
2577,25,"Veges",400125
2577,26,"Veges",165578
2578,2,"Beef",219823
2578,3,"Beef",219823
2578,4,"Beef",658922
2578,8,"Sheepmeat",657250
2578,9,"Sheepmeat",610757
2578,10,"Sheepmeat",610757
2578,11,"Forestry",35039
2578,12,"Forestry",35039
2578,13,"Forestry",3391
2578,14,"Forestry",3391
2578,15,"Forestry",70643
2578,16,"Forestry",999180
2580,2,"Beef",47017
2580,3,"Beef",47017
2580,4,"Beef",140933
2580,8,"Sheepmeat",37067
2580,9,"Sheepmeat",34445
2580,10,"Sheepmeat",34445
2581,2,"Beef",19203
2581,3,"Beef",19203
2581,4,"Beef",57561
2581,8,"Sheepmeat",14970
2581,9,"Sheepmeat",13911
2581,10,"Sheepmeat",13911
2581,17,"Fruit",92
2581,18,"Fruit",92
2581,19,"Fruit",202
2581,20,"Fruit",12
2581,21,"Fruit",24
2581,22,"Fruit",6
2583,2,"Beef",1156
2583,3,"Beef",1156
2583,4,"Beef",3466
2583,8,"Sheepmeat",895
2583,9,"Sheepmeat",831
2583,10,"Sheepmeat",831
2584,15,"Forestry",21595
2584,17,"Fruit",17321535
2584,18,"Fruit",17321535
2584,19,"Fruit",38060989
2584,24,"Veges",39437895
2584,25,"Veges",39437895
2585,2,"Beef",13704430
2585,3,"Beef",13704430
2585,4,"Beef",41079199
2585,5,"Beef",8405
2585,6,"Beef",8405
2585,7,"Beef",25194
2585,9,"Sheepmeat",26335450
2585,10,"Sheepmeat",26335450
2585,13,"Forestry",330747
2585,15,"Forestry",21595
2585,17,"Fruit",17321535
2585,18,"Fruit",17321535
2585,19,"Fruit",38060989
2585,20,"Fruit",115386
2585,21,"Fruit",230705
2585,22,"Fruit",58800
2585,23,"Veges",26264458
2585,24,"Veges",39437895
2585,25,"Veges",39437895
2586,2,"Beef",13704430
2586,3,"Beef",13704430
2586,4,"Beef",41079199
2586,5,"Beef",8405
2586,6,"Beef",8405
2586,7,"Beef",25194
2586,9,"Sheepmeat",26335450
2586,10,"Sheepmeat",26335450
2586,13,"Forestry",330747
2586,14,"Forestry",18
2586,20,"Fruit",115386
2586,21,"Fruit",230705
2586,22,"Fruit",58800
2586,23,"Veges",26264458
2587,14,"Forestry",18
2588,1,"Dairy",3092420
2588,14,"Forestry",18
2588,16,"Forestry",60374389
2588,26,"Veges",5012007
2589,2,"Beef",13704430
2589,3,"Beef",13704430
2589,4,"Beef",41079199
2589,5,"Beef",8405
2589,6,"Beef",8405
2589,7,"Beef",25194
2589,9,"Sheepmeat",26335450
2589,10,"Sheepmeat",26335450
2589,13,"Forestry",330747
2589,20,"Fruit",115386
2589,21,"Fruit",230705
2589,22,"Fruit",58800
2589,23,"Veges",26264458
2591,1,"Dairy",3092420
2591,16,"Forestry",60374389
2591,26,"Veges",5012007
2593,2,"Beef",13704430
2593,3,"Beef",13704430
2593,4,"Beef",41079199
2593,5,"Beef",8405
2593,6,"Beef",8405
2593,7,"Beef",25194
2593,9,"Sheepmeat",26335450
2593,10,"Sheepmeat",26335450
2593,13,"Forestry",330747
2593,20,"Fruit",115386
2593,21,"Fruit",230705
2593,22,"Fruit",58800
2593,23,"Veges",26264458
2594,2,"Beef",13704430
2594,3,"Beef",13704430
2594,4,"Beef",41079199
2594,5,"Beef",8405
2594,6,"Beef",8405
2594,7,"Beef",25194
2594,9,"Sheepmeat",26335450
2594,10,"Sheepmeat",26335450
2594,13,"Forestry",330747
2594,20,"Fruit",115386
2594,21,"Fruit",230705
2594,22,"Fruit",58800
2594,23,"Veges",26264458
2594,26,"Veges",21332022
2595,26,"Veges",21332022
2596,1,"Dairy",3092420
2596,16,"Forestry",60374389
2597,2,"Beef",13704430
2597,3,"Beef",13704430
2597,4,"Beef",41079199
2597,5,"Beef",8405
2597,6,"Beef",8405
2597,7,"Beef",25194
2597,8,"Sheepmeat",20644
2597,9,"Sheepmeat",26335450
2597,10,"Sheepmeat",26335450
2597,11,"Forestry",5158
2597,12,"Forestry",5158
2597,13,"Forestry",330747
2597,15,"Forestry",10399
2597,17,"Fruit",103601
2597,19,"Fruit",227645
2597,20,"Fruit",115386
2597,21,"Fruit",230705
2597,22,"Fruit",58800
2597,23,"Veges",26264458
2598,2,"Beef",13704430
2598,3,"Beef",13704430
2598,4,"Beef",41079199
2598,5,"Beef",8405
2598,6,"Beef",8405
2598,7,"Beef",25194
2598,9,"Sheepmeat",26335450
2598,10,"Sheepmeat",26335450
2598,13,"Forestry",330747
2598,20,"Fruit",115386
2598,21,"Fruit",230705
2598,22,"Fruit",58800
2598,23,"Veges",26264458
2600,8,"Sheepmeat",20644
2600,11,"Forestry",5158
2600,12,"Forestry",5158
2600,15,"Forestry",10399
2600,17,"Fruit",103601
2600,19,"Fruit",227645
2601,16,"Forestry",872
2602,8,"Sheepmeat",20644
2602,11,"Forestry",5158
2602,12,"Forestry",5158
2602,15,"Forestry",10399
2602,17,"Fruit",912054
2602,19,"Fruit",2004076
2602,26,"Veges",21332022
2603,17,"Fruit",912054
2603,19,"Fruit",2004076
2604,1,"Dairy",3092420
2604,16,"Forestry",60374389
2604,26,"Veges",5012007
2606,2,"Beef",13335251
2606,3,"Beef",13335251
2606,4,"Beef",39972580
2606,5,"Beef",8405
2606,6,"Beef",8405
2606,7,"Beef",25194
2606,9,"Sheepmeat",25505372
2606,10,"Sheepmeat",25505372
2606,13,"Forestry",319866
2606,16,"Forestry",60376996
2606,17,"Fruit",808453
2606,19,"Fruit",1776431
2606,20,"Fruit",102020
2606,21,"Fruit",203981
2606,22,"Fruit",52121
2606,23,"Veges",26264458
2606,26,"Veges",13026861
2609,2,"Beef",351
2609,3,"Beef",351
2609,4,"Beef",1052
2609,8,"Sheepmeat",271
2609,9,"Sheepmeat",252
2609,10,"Sheepmeat",252
2611,1,"Dairy",9558404
2611,8,"Sheepmeat",9110
2611,11,"Forestry",1067
2611,12,"Forestry",1067
2611,15,"Forestry",2151
2612,1,"Dairy",9558404
2612,2,"Beef",4
2612,3,"Beef",4
2612,4,"Beef",12
2612,8,"Sheepmeat",9113
2612,9,"Sheepmeat",3
2612,10,"Sheepmeat",3
2612,11,"Forestry",1067
2612,12,"Forestry",1067
2612,15,"Forestry",2151
2613,2,"Beef",369179
2613,3,"Beef",369179
2613,4,"Beef",1106619
2613,8,"Sheepmeat",20644
2613,9,"Sheepmeat",830077
2613,10,"Sheepmeat",830077
2613,11,"Forestry",5158
2613,12,"Forestry",5158
2613,13,"Forestry",10881
2613,14,"Forestry",26
2613,15,"Forestry",10399
2613,17,"Fruit",103601
2613,19,"Fruit",227645
2613,20,"Fruit",13366
2613,21,"Fruit",26724
2613,22,"Fruit",6679
2614,26,"Veges",42
2615,26,"Veges",42
2616,2,"Beef",203
2616,3,"Beef",203
2616,4,"Beef",608
2616,8,"Sheepmeat",162
2616,9,"Sheepmeat",151
2616,10,"Sheepmeat",151
2616,26,"Veges",42
2617,26,"Veges",42
2618,2,"Beef",57830
2618,3,"Beef",57830
2618,4,"Beef",173347
2618,8,"Sheepmeat",46010
2618,9,"Sheepmeat",42755
2618,10,"Sheepmeat",42755
2618,23,"Veges",104
2618,24,"Veges",101
2618,25,"Veges",101
2618,26,"Veges",42
2619,2,"Beef",55284
2619,3,"Beef",55284
2619,4,"Beef",165716
2619,8,"Sheepmeat",43865
2619,9,"Sheepmeat",40762
2619,10,"Sheepmeat",40762
2619,23,"Veges",104
2619,24,"Veges",101
2619,25,"Veges",101
2619,26,"Veges",42
2621,2,"Beef",1806
2621,3,"Beef",1806
2621,4,"Beef",5413
2621,8,"Sheepmeat",1397
2621,9,"Sheepmeat",1298
2621,10,"Sheepmeat",1298
2621,11,"Forestry",16
2621,12,"Forestry",16
2621,13,"Forestry",2
2621,14,"Forestry",2
2621,15,"Forestry",33
2621,16,"Forestry",468
2623,2,"Beef",270
2623,3,"Beef",270
2623,4,"Beef",811
2623,8,"Sheepmeat",209
2623,9,"Sheepmeat",194
2623,10,"Sheepmeat",194
2623,17,"Fruit",550499
2623,18,"Fruit",550499
2623,19,"Fruit",1209624
2623,20,"Fruit",71023
2623,21,"Fruit",142004
2623,22,"Fruit",35491
2623,23,"Veges",3285
2623,24,"Veges",3175
2623,25,"Veges",3175
2623,26,"Veges",1314
2630,2,"Beef",17990
2630,3,"Beef",17990
2630,4,"Beef",53924
2630,8,"Sheepmeat",14499
2630,9,"Sheepmeat",13473
2630,10,"Sheepmeat",13473
2630,17,"Fruit",1407735
2630,18,"Fruit",1407735
2630,19,"Fruit",3093246
2630,20,"Fruit",181619
2630,21,"Fruit",363133
2630,22,"Fruit",90757
2630,23,"Veges",7002
2630,24,"Veges",6769
2630,25,"Veges",6769
2630,26,"Veges",2801
2633,2,"Beef",3846872
2633,3,"Beef",3846872
2633,4,"Beef",11531046
2633,8,"Sheepmeat",8393432
2633,9,"Sheepmeat",7929313
2633,10,"Sheepmeat",7929313
2633,11,"Forestry",3428876
2633,12,"Forestry",3428876
2633,13,"Forestry",331827
2633,15,"Forestry",6830722
2633,17,"Fruit",308583
2633,18,"Fruit",308583
2633,19,"Fruit",678057
2633,20,"Fruit",105136
2633,21,"Fruit",79601
2633,22,"Fruit",103593
2633,23,"Veges",405000
2633,24,"Veges",1599970
2633,25,"Veges",1599970
2633,26,"Veges",662092
2647,2,"Beef",90400
2647,3,"Beef",90400
2647,4,"Beef",270974
2647,8,"Sheepmeat",374844
2647,9,"Sheepmeat",348328
2647,10,"Sheepmeat",348328
2647,11,"Forestry",62351
2647,12,"Forestry",62351
2647,13,"Forestry",6034
2647,14,"Forestry",6034
2647,15,"Forestry",125707
2647,16,"Forestry",1778000
2648,2,"Beef",98042
2648,3,"Beef",98042
2648,4,"Beef",293881
2648,8,"Sheepmeat",148359
2648,9,"Sheepmeat",139211
2648,10,"Sheepmeat",139211
2648,11,"Forestry",10228
2648,12,"Forestry",10228
2648,13,"Forestry",1855
2648,22,"Fruit",3
2649,2,"Beef",13802472
2649,3,"Beef",13802472
2649,4,"Beef",41373080
2649,5,"Beef",8405
2649,6,"Beef",8405
2649,7,"Beef",25194
2649,8,"Sheepmeat",148359
2649,9,"Sheepmeat",26474661
2649,10,"Sheepmeat",26474661
2649,11,"Forestry",10228
2649,12,"Forestry",10228
2649,13,"Forestry",332602
2649,20,"Fruit",115386
2649,21,"Fruit",230705
2649,22,"Fruit",58803
2649,23,"Veges",26264458
2650,2,"Beef",13802482
2650,3,"Beef",13802482
2650,4,"Beef",41373111
2650,5,"Beef",8405
2650,6,"Beef",8405
2650,7,"Beef",25194
2650,8,"Sheepmeat",148367
2650,9,"Sheepmeat",26474668
2650,10,"Sheepmeat",26474668
2650,11,"Forestry",10228
2650,12,"Forestry",10228
2650,13,"Forestry",332602
2650,20,"Fruit",115386
2650,21,"Fruit",230705
2650,22,"Fruit",58803
2650,23,"Veges",26264458
2651,2,"Beef",10
2651,3,"Beef",10
2651,4,"Beef",31
2651,8,"Sheepmeat",8
2651,9,"Sheepmeat",7
2651,10,"Sheepmeat",7
2652,1,"Dairy",3092420
2652,14,"Forestry",15
2652,16,"Forestry",60374389
2652,26,"Veges",5012007
2653,2,"Beef",7913
2653,3,"Beef",7913
2653,4,"Beef",23719
2653,8,"Sheepmeat",318
2653,9,"Sheepmeat",5907
2653,10,"Sheepmeat",5907
2653,13,"Forestry",18
2653,17,"Fruit",47409807
2653,18,"Fruit",10783098
2653,19,"Fruit",104174607
2653,24,"Veges",8435051
2653,25,"Veges",12111693
2654,2,"Beef",13704430
2654,3,"Beef",13704430
2654,4,"Beef",41079199
2654,5,"Beef",8405
2654,6,"Beef",8405
2654,7,"Beef",25194
2654,9,"Sheepmeat",26335450
2654,10,"Sheepmeat",26335450
2654,13,"Forestry",330747
2654,20,"Fruit",115386
2654,21,"Fruit",230705
2654,22,"Fruit",58800
2654,23,"Veges",26264458
2657,1,"Dairy",3092420
2657,16,"Forestry",60374389
2657,26,"Veges",5012007
2659,2,"Beef",13704430
2659,3,"Beef",13704430
2659,4,"Beef",41079199
2659,5,"Beef",8405
2659,6,"Beef",8405
2659,7,"Beef",25194
2659,9,"Sheepmeat",26335450
2659,10,"Sheepmeat",26335450
2659,13,"Forestry",330747
2659,20,"Fruit",115386
2659,21,"Fruit",230705
2659,22,"Fruit",58800
2659,23,"Veges",26264458
2660,1,"Dairy",3092420
2660,16,"Forestry",60374389
2660,26,"Veges",5012007
2662,2,"Beef",13704430
2662,3,"Beef",13704430
2662,4,"Beef",41079199
2662,5,"Beef",8405
2662,6,"Beef",8405
2662,7,"Beef",25194
2662,9,"Sheepmeat",26335450
2662,10,"Sheepmeat",26335450
2662,13,"Forestry",330747
2662,20,"Fruit",115386
2662,21,"Fruit",230705
2662,22,"Fruit",58800
2662,23,"Veges",26264458
2666,1,"Dairy",3092420
2666,16,"Forestry",60374389
2667,2,"Beef",13704430
2667,3,"Beef",13704430
2667,4,"Beef",41079199
2667,5,"Beef",8405
2667,6,"Beef",8405
2667,7,"Beef",25194
2667,9,"Sheepmeat",26335450
2667,10,"Sheepmeat",26335450
2667,13,"Forestry",330747
2667,20,"Fruit",115386
2667,21,"Fruit",230705
2667,22,"Fruit",58800
2667,23,"Veges",26264458
2669,1,"Dairy",3092420
2669,16,"Forestry",60374389
2671,9,"Sheepmeat",207
2671,10,"Sheepmeat",207
2671,13,"Forestry",15
2671,14,"Forestry",18
2672,9,"Sheepmeat",9
2672,10,"Sheepmeat",9
2672,15,"Forestry",21595
2672,17,"Fruit",17321535
2672,18,"Fruit",17321535
2672,19,"Fruit",38060989
2672,24,"Veges",39437895
2672,25,"Veges",39437895
2673,14,"Forestry",18
2674,2,"Beef",8244
2674,3,"Beef",8244
2674,4,"Beef",24711
2674,8,"Sheepmeat",2719
2674,9,"Sheepmeat",5927
2674,10,"Sheepmeat",5927
2674,14,"Forestry",796954
2674,17,"Fruit",2955136
2674,18,"Fruit",2955136
2674,19,"Fruit",6493384
2674,20,"Fruit",1167
2674,21,"Fruit",2333
2674,22,"Fruit",580
2674,23,"Veges",95168
2674,24,"Veges",6381495
2674,25,"Veges",6381495
2674,26,"Veges",2640762
2684,16,"Forestry",872
2688,16,"Forestry",872
2688,17,"Fruit",808453
2688,19,"Fruit",1776431
2690,2,"Beef",13335251
2690,3,"Beef",13335251
2690,4,"Beef",39972580
2690,5,"Beef",8405
2690,6,"Beef",8405
2690,7,"Beef",25194
2690,9,"Sheepmeat",25505372
2690,10,"Sheepmeat",25505372
2690,13,"Forestry",319866
2690,16,"Forestry",60374389
2690,17,"Fruit",808453
2690,19,"Fruit",1776431
2690,20,"Fruit",102020
2690,21,"Fruit",203981
2690,22,"Fruit",52121
2690,23,"Veges",26264458
2691,16,"Forestry",872
2692,2,"Beef",13335251
2692,3,"Beef",13335251
2692,4,"Beef",39972580
2692,5,"Beef",8405
2692,6,"Beef",8405
2692,7,"Beef",25194
2692,9,"Sheepmeat",25505372
2692,10,"Sheepmeat",25505372
2692,13,"Forestry",319866
2692,17,"Fruit",808453
2692,19,"Fruit",1776431
2692,20,"Fruit",102020
2692,21,"Fruit",203981
2692,22,"Fruit",52121
2692,23,"Veges",26264458
2693,2,"Beef",13335251
2693,3,"Beef",13335251
2693,4,"Beef",39972580
2693,5,"Beef",8405
2693,6,"Beef",8405
2693,7,"Beef",25194
2693,9,"Sheepmeat",25505372
2693,10,"Sheepmeat",25505372
2693,13,"Forestry",319866
2693,17,"Fruit",808453
2693,19,"Fruit",1776431
2693,20,"Fruit",102020
2693,21,"Fruit",203981
2693,22,"Fruit",52121
2693,23,"Veges",26264458
2694,16,"Forestry",60375261
2706,1,"Dairy",294382
2706,14,"Forestry",319857
2709,2,"Beef",134501
2709,3,"Beef",134501
2709,4,"Beef",403168
2709,8,"Sheepmeat",137690
2709,9,"Sheepmeat",127950
2709,10,"Sheepmeat",127950
2709,11,"Forestry",4251
2709,12,"Forestry",4251
2709,13,"Forestry",411
2709,14,"Forestry",411
2709,15,"Forestry",8571
2709,16,"Forestry",121232
2709,17,"Fruit",105569
2709,18,"Fruit",105569
2709,19,"Fruit",231969
2709,20,"Fruit",13620
2709,21,"Fruit",27232
2709,22,"Fruit",6806
2712,16,"Forestry",97107183
2713,16,"Forestry",97107183
2715,2,"Beef",20158
2715,3,"Beef",20158
2715,4,"Beef",60425
2715,8,"Sheepmeat",23610
2715,9,"Sheepmeat",21940
2715,10,"Sheepmeat",21940
2715,11,"Forestry",84
2715,12,"Forestry",84
2715,13,"Forestry",8
2715,14,"Forestry",8
2715,15,"Forestry",170
2715,16,"Forestry",2398
2717,2,"Beef",9623
2717,3,"Beef",9623
2717,4,"Beef",28844
2717,8,"Sheepmeat",13806
2717,9,"Sheepmeat",12829
2717,10,"Sheepmeat",12829
2717,11,"Forestry",125
2717,12,"Forestry",125
2717,13,"Forestry",12
2717,14,"Forestry",12
2717,15,"Forestry",253
2717,16,"Forestry",3575
2719,2,"Beef",1054
2719,3,"Beef",1054
2719,4,"Beef",3159
2719,8,"Sheepmeat",4855
2719,9,"Sheepmeat",4511
2719,10,"Sheepmeat",4511
2719,11,"Forestry",32
2719,12,"Forestry",32
2719,13,"Forestry",3
2719,14,"Forestry",3
2719,15,"Forestry",65
2719,16,"Forestry",913
2720,2,"Beef",196
2720,3,"Beef",196
2720,4,"Beef",587
2720,8,"Sheepmeat",218
2720,9,"Sheepmeat",203
2720,10,"Sheepmeat",203
2720,11,"Forestry",13
2720,12,"Forestry",13
2720,13,"Forestry",1
2720,14,"Forestry",1
2720,15,"Forestry",27
2720,16,"Forestry",376
2722,2,"Beef",3605748
2722,3,"Beef",3605748
2722,4,"Beef",10808274
2722,8,"Sheepmeat",7982002
2722,9,"Sheepmeat",7546987
2722,10,"Sheepmeat",7546987
2722,11,"Forestry",3406117
2722,12,"Forestry",3406117
2722,13,"Forestry",329624
2722,14,"Forestry",329624
2722,15,"Forestry",6784838
2722,16,"Forestry",94270762
2722,20,"Fruit",2283
2722,21,"Fruit",4564
2722,23,"Veges",6343460
2722,24,"Veges",41390
2722,25,"Veges",41390
2722,26,"Veges",17128
2723,1,"Dairy",762382
2723,2,"Beef",221964
2723,3,"Beef",221964
2723,4,"Beef",665339
2723,5,"Beef",21767
2723,6,"Beef",21767
2723,7,"Beef",65246
2723,8,"Sheepmeat",302469
2723,9,"Sheepmeat",281073
2723,10,"Sheepmeat",281073
2723,11,"Forestry",819
2723,12,"Forestry",819
2723,13,"Forestry",79
2723,14,"Forestry",79
2723,15,"Forestry",1651
2723,16,"Forestry",23347
2723,17,"Fruit",260026
2723,18,"Fruit",260026
2723,19,"Fruit",571361
2723,20,"Fruit",33547
2723,21,"Fruit",67075
2723,22,"Fruit",16764
2723,23,"Veges",283487
2723,24,"Veges",274040
2723,25,"Veges",274040
2723,26,"Veges",113402
2724,1,"Dairy",693115
2724,2,"Beef",6100309
2724,3,"Beef",6100309
2724,4,"Beef",18285751
2724,5,"Beef",19827
2724,6,"Beef",19827
2724,7,"Beef",59432
2724,8,"Sheepmeat",15516492
2724,9,"Sheepmeat",14418862
2724,10,"Sheepmeat",14418862
2724,11,"Forestry",245145
2724,12,"Forestry",245145
2724,13,"Forestry",23724
2724,14,"Forestry",23724
2724,15,"Forestry",494244
2724,16,"Forestry",6990584
2724,23,"Veges",428302
2724,24,"Veges",414029
2724,25,"Veges",414029
2724,26,"Veges",171332
2725,1,"Dairy",693112
2725,2,"Beef",5913244
2725,3,"Beef",5913244
2725,4,"Beef",17725022
2725,5,"Beef",19827
2725,6,"Beef",19827
2725,7,"Beef",59431
2725,8,"Sheepmeat",15222671
2725,9,"Sheepmeat",14145826
2725,10,"Sheepmeat",14145826
2725,11,"Forestry",243510
2725,12,"Forestry",243510
2725,13,"Forestry",23565
2725,14,"Forestry",23565
2725,15,"Forestry",490948
2725,16,"Forestry",6943966
2725,23,"Veges",320990
2725,24,"Veges",310293
2725,25,"Veges",310293
2725,26,"Veges",128404
2726,2,"Beef",153102
2726,3,"Beef",153102
2726,4,"Beef",458926
2726,8,"Sheepmeat",761276
2726,9,"Sheepmeat",707424
2726,10,"Sheepmeat",707424
2726,11,"Forestry",4766
2726,12,"Forestry",4766
2726,13,"Forestry",461
2726,14,"Forestry",461
2726,15,"Forestry",9610
2726,16,"Forestry",135917
2727,2,"Beef",477749
2727,3,"Beef",477749
2727,4,"Beef",1432058
2727,8,"Sheepmeat",1325928
2727,9,"Sheepmeat",1232133
2727,10,"Sheepmeat",1232133
2727,11,"Forestry",1260
2727,12,"Forestry",1260
2727,13,"Forestry",122
2727,14,"Forestry",122
2727,15,"Forestry",2539
2727,16,"Forestry",35916
2728,2,"Beef",34384
2728,3,"Beef",34384
2728,4,"Beef",103067
2728,8,"Sheepmeat",542343
2728,9,"Sheepmeat",503978
2728,10,"Sheepmeat",503978
2728,11,"Forestry",28896
2728,12,"Forestry",28896
2728,13,"Forestry",2796
2728,14,"Forestry",2796
2728,15,"Forestry",58258
2728,16,"Forestry",823999
2729,16,"Forestry",186635
2731,14,"Forestry",18
2731,15,"Forestry",21595
2731,17,"Fruit",17321535
2731,18,"Fruit",17321535
2731,19,"Fruit",38060989
2731,24,"Veges",39437895
2731,25,"Veges",39437895
2733,8,"Sheepmeat",51
2733,9,"Sheepmeat",48
2733,10,"Sheepmeat",48
2733,24,"Veges",47872946
2733,25,"Veges",51549587
2734,2,"Beef",392
2734,3,"Beef",392
2734,4,"Beef",1175
2734,8,"Sheepmeat",6396
2734,9,"Sheepmeat",332
2734,10,"Sheepmeat",332
2734,11,"Forestry",91
2734,12,"Forestry",91
2734,13,"Forestry",9
2734,14,"Forestry",9
2734,15,"Forestry",21779
2734,17,"Fruit",2342693
2734,18,"Fruit",28104633
2734,19,"Fruit",5147652
2736,8,"Sheepmeat",893242
2736,11,"Forestry",112175
2736,12,"Forestry",112175
2736,15,"Forestry",226159
2736,16,"Forestry",175254429
2736,18,"Fruit",103601
2737,8,"Sheepmeat",893242
2737,11,"Forestry",112175
2737,12,"Forestry",112175
2737,14,"Forestry",9
2737,15,"Forestry",226159
2737,18,"Fruit",103601
2738,14,"Forestry",9
2742,8,"Sheepmeat",20644
2742,11,"Forestry",5158
2742,12,"Forestry",5158
2742,15,"Forestry",10399
2742,16,"Forestry",872
2742,17,"Fruit",912054
2742,19,"Fruit",2004076
2743,2,"Beef",9615
2743,3,"Beef",9615
2743,4,"Beef",28820
2743,8,"Sheepmeat",3779
2743,9,"Sheepmeat",6912
2743,10,"Sheepmeat",6912
2743,14,"Forestry",796954
2743,17,"Fruit",2946328
2743,18,"Fruit",2946328
2743,19,"Fruit",6474030
2743,20,"Fruit",2303
2743,21,"Fruit",4605
2743,22,"Fruit",1148
2743,23,"Veges",95168
2743,24,"Veges",6381495
2743,25,"Veges",6381495
2743,26,"Veges",2640762
2744,2,"Beef",12592
2744,3,"Beef",12592
2744,4,"Beef",37745
2744,8,"Sheepmeat",6083
2744,9,"Sheepmeat",9053
2744,10,"Sheepmeat",9053
2744,14,"Forestry",796954
2744,17,"Fruit",2946328
2744,18,"Fruit",2946328
2744,19,"Fruit",6474030
2744,20,"Fruit",2304
2744,21,"Fruit",4606
2744,22,"Fruit",1148
2744,23,"Veges",95168
2744,24,"Veges",6381495
2744,25,"Veges",6381495
2744,26,"Veges",2640762
2745,2,"Beef",21237
2745,3,"Beef",21237
2745,4,"Beef",63659
2745,8,"Sheepmeat",12771
2745,9,"Sheepmeat",15268
2745,10,"Sheepmeat",15268
2745,14,"Forestry",796954
2745,17,"Fruit",2946328
2745,18,"Fruit",2946328
2745,19,"Fruit",6474030
2745,20,"Fruit",8726
2745,21,"Fruit",17447
2745,22,"Fruit",4358
2745,23,"Veges",95168
2745,24,"Veges",6381495
2745,25,"Veges",6381495
2745,26,"Veges",2640762
2746,1,"Dairy",4810891
2746,2,"Beef",612350
2746,3,"Beef",612350
2746,4,"Beef",1835526
2746,5,"Beef",137319
2746,6,"Beef",137319
2746,7,"Beef",411614
2746,8,"Sheepmeat",1386106
2746,9,"Sheepmeat",1288054
2746,10,"Sheepmeat",1288054
2746,11,"Forestry",18355
2746,12,"Forestry",18355
2746,13,"Forestry",1776
2746,14,"Forestry",1776
2746,15,"Forestry",37005
2746,16,"Forestry",523402
2747,1,"Dairy",4810891
2747,2,"Beef",612350
2747,3,"Beef",612350
2747,4,"Beef",1835526
2747,5,"Beef",137319
2747,6,"Beef",137319
2747,7,"Beef",411614
2747,8,"Sheepmeat",1386106
2747,9,"Sheepmeat",1288054
2747,10,"Sheepmeat",1288054
2747,11,"Forestry",18355
2747,12,"Forestry",18355
2747,13,"Forestry",1776
2747,14,"Forestry",1776
2747,15,"Forestry",37005
2747,16,"Forestry",523402
2748,1,"Dairy",4877587
2748,2,"Beef",1826921
2748,3,"Beef",1826921
2748,4,"Beef",5476219
2748,5,"Beef",139223
2748,6,"Beef",139223
2748,7,"Beef",417322
2748,8,"Sheepmeat",3087227
2748,9,"Sheepmeat",2868838
2748,10,"Sheepmeat",2868838
2748,11,"Forestry",31735
2748,12,"Forestry",31735
2748,13,"Forestry",3071
2748,14,"Forestry",3071
2748,15,"Forestry",63981
2748,16,"Forestry",904946
2749,1,"Dairy",6319704
2749,2,"Beef",2085035
2749,3,"Beef",2085035
2749,4,"Beef",6249919
2749,5,"Beef",180397
2749,6,"Beef",180397
2749,7,"Beef",540742
2749,8,"Sheepmeat",3441400
2749,9,"Sheepmeat",3197956
2749,10,"Sheepmeat",3197956
2749,11,"Forestry",32623
2749,12,"Forestry",32623
2749,13,"Forestry",3157
2749,14,"Forestry",3157
2749,15,"Forestry",65771
2749,16,"Forestry",930270
2750,1,"Dairy",6320257
2750,2,"Beef",2834286
2750,3,"Beef",2834286
2750,4,"Beef",8495807
2750,5,"Beef",180413
2750,6,"Beef",180413
2750,7,"Beef",540789
2750,8,"Sheepmeat",4891101
2750,9,"Sheepmeat",4545106
2750,10,"Sheepmeat",4545106
2750,11,"Forestry",63085
2750,12,"Forestry",63085
2750,13,"Forestry",6105
2750,14,"Forestry",6105
2750,15,"Forestry",127188
2750,16,"Forestry",1798951
2751,1,"Dairy",6320257
2751,2,"Beef",3040453
2751,3,"Beef",3040453
2751,4,"Beef",9113795
2751,5,"Beef",180413
2751,6,"Beef",180413
2751,7,"Beef",540789
2751,8,"Sheepmeat",5115756
2751,9,"Sheepmeat",4753869
2751,10,"Sheepmeat",4753869
2751,11,"Forestry",63544
2751,12,"Forestry",63544
2751,13,"Forestry",6149
2751,14,"Forestry",6149
2751,15,"Forestry",128113
2751,16,"Forestry",1812030
2752,1,"Dairy",6320257
2752,2,"Beef",3175249
2752,3,"Beef",3175249
2752,4,"Beef",9517849
2752,5,"Beef",180413
2752,6,"Beef",180413
2752,7,"Beef",540789
2752,8,"Sheepmeat",5447787
2752,9,"Sheepmeat",5062413
2752,10,"Sheepmeat",5062413
2752,11,"Forestry",64301
2752,12,"Forestry",64301
2752,13,"Forestry",6223
2752,14,"Forestry",6223
2752,15,"Forestry",129640
2752,16,"Forestry",1833630
2753,1,"Dairy",6320257
2753,2,"Beef",3421384
2753,3,"Beef",3421384
2753,4,"Beef",10255641
2753,5,"Beef",180413
2753,6,"Beef",180413
2753,7,"Beef",540789
2753,8,"Sheepmeat",5826457
2753,9,"Sheepmeat",5414296
2753,10,"Sheepmeat",5414296
2753,11,"Forestry",67116
2753,12,"Forestry",67116
2753,13,"Forestry",6495
2753,14,"Forestry",6495
2753,15,"Forestry",135315
2753,16,"Forestry",1913889
2754,1,"Dairy",6320257
2754,2,"Beef",4168547
2754,3,"Beef",4168547
2754,4,"Beef",12495270
2754,5,"Beef",180413
2754,6,"Beef",180413
2754,7,"Beef",540789
2754,8,"Sheepmeat",7598848
2754,9,"Sheepmeat",7061309
2754,10,"Sheepmeat",7061309
2754,11,"Forestry",108605
2754,12,"Forestry",108605
2754,13,"Forestry",10510
2754,14,"Forestry",10510
2754,15,"Forestry",218961
2754,16,"Forestry",3096980
2755,1,"Dairy",6320257
2755,2,"Beef",4498713
2755,3,"Beef",4498713
2755,4,"Beef",13484947
2755,5,"Beef",180413
2755,6,"Beef",180413
2755,7,"Beef",540789
2755,8,"Sheepmeat",8405957
2755,9,"Sheepmeat",7811323
2755,10,"Sheepmeat",7811323
2755,11,"Forestry",124755
2755,12,"Forestry",124755
2755,13,"Forestry",12073
2755,14,"Forestry",12073
2755,15,"Forestry",251523
2755,16,"Forestry",3557534
2756,1,"Dairy",6320257
2756,2,"Beef",4759080
2756,3,"Beef",4759080
2756,4,"Beef",14265400
2756,5,"Beef",180413
2756,6,"Beef",180413
2756,7,"Beef",540789
2756,8,"Sheepmeat",8901007
2756,9,"Sheepmeat",8271354
2756,10,"Sheepmeat",8271354
2756,11,"Forestry",132041
2756,12,"Forestry",132041
2756,13,"Forestry",12778
2756,14,"Forestry",12778
2756,15,"Forestry",266212
2756,16,"Forestry",3765306
2756,23,"Veges",153234
2756,24,"Veges",148127
2756,25,"Veges",148127
2756,26,"Veges",61297
2757,1,"Dairy",6320257
2757,2,"Beef",4794638
2757,3,"Beef",4794638
2757,4,"Beef",14371986
2757,5,"Beef",180413
2757,6,"Beef",180413
2757,7,"Beef",540789
2757,8,"Sheepmeat",8943090
2757,9,"Sheepmeat",8310460
2757,10,"Sheepmeat",8310460
2757,11,"Forestry",132041
2757,12,"Forestry",132041
2757,13,"Forestry",12778
2757,14,"Forestry",12778
2757,15,"Forestry",266212
2757,16,"Forestry",3765306
2757,23,"Veges",153234
2757,24,"Veges",148127
2757,25,"Veges",148127
2757,26,"Veges",61297
2758,1,"Dairy",6320257
2758,2,"Beef",6968533
2758,3,"Beef",6968533
2758,4,"Beef",20888263
2758,5,"Beef",180413
2758,6,"Beef",180413
2758,7,"Beef",540789
2758,8,"Sheepmeat",14654746
2758,9,"Sheepmeat",13618076
2758,10,"Sheepmeat",13618076
2758,11,"Forestry",222915
2758,12,"Forestry",222915
2758,13,"Forestry",21572
2758,14,"Forestry",21572
2758,15,"Forestry",449426
2758,16,"Forestry",6356682
2758,23,"Veges",1414628
2758,24,"Veges",1367486
2758,25,"Veges",1367486
2758,26,"Veges",565887
2759,1,"Dairy",6320257
2759,2,"Beef",6995997
2759,3,"Beef",6995997
2759,4,"Beef",20970589
2759,5,"Beef",180413
2759,6,"Beef",180413
2759,7,"Beef",540789
2759,8,"Sheepmeat",14693624
2759,9,"Sheepmeat",13654203
2759,10,"Sheepmeat",13654203
2759,11,"Forestry",224043
2759,12,"Forestry",224043
2759,13,"Forestry",21682
2759,14,"Forestry",21682
2759,15,"Forestry",451699
2759,16,"Forestry",6388830
2759,23,"Veges",2257053
2759,24,"Veges",2181837
2759,25,"Veges",2181837
2759,26,"Veges",902878
2760,1,"Dairy",6320257
2760,2,"Beef",6951935
2760,3,"Beef",6951935
2760,4,"Beef",20838510
2760,5,"Beef",180413
2760,6,"Beef",180413
2760,7,"Beef",540789
2760,8,"Sheepmeat",14641905
2760,9,"Sheepmeat",13606143
2760,10,"Sheepmeat",13606143
2760,11,"Forestry",222915
2760,12,"Forestry",222915
2760,13,"Forestry",21572
2760,14,"Forestry",21572
2760,15,"Forestry",449426
2760,16,"Forestry",6356682
2760,23,"Veges",1077561
2760,24,"Veges",1041651
2760,25,"Veges",1041651
2760,26,"Veges",431052
2761,1,"Dairy",6320257
2761,2,"Beef",6993361
2761,3,"Beef",6993361
2761,4,"Beef",20962687
2761,5,"Beef",180413
2761,6,"Beef",180413
2761,7,"Beef",540789
2761,8,"Sheepmeat",14684092
2761,9,"Sheepmeat",13645346
2761,10,"Sheepmeat",13645346
2761,11,"Forestry",223463
2761,12,"Forestry",223463
2761,13,"Forestry",21625
2761,14,"Forestry",21625
2761,15,"Forestry",450529
2761,16,"Forestry",6372286
2761,23,"Veges",1483202
2761,24,"Veges",1433775
2761,25,"Veges",1433775
2761,26,"Veges",593318
2762,1,"Dairy",6320257
2762,2,"Beef",10893716
2762,3,"Beef",10893716
2762,4,"Beef",32654050
2762,5,"Beef",180413
2762,6,"Beef",180413
2762,7,"Beef",540789
2762,8,"Sheepmeat",25136100
2762,9,"Sheepmeat",23357984
2762,10,"Sheepmeat",23357984
2762,11,"Forestry",2506327
2762,12,"Forestry",2506327
2762,13,"Forestry",242548
2762,14,"Forestry",242548
2762,15,"Forestry",5053079
2762,16,"Forestry",71470752
2762,17,"Fruit",1587218
2762,18,"Fruit",1587218
2762,19,"Fruit",3487630
2762,20,"Fruit",204775
2762,21,"Fruit",409431
2762,22,"Fruit",102328
2762,23,"Veges",14988020
2762,24,"Veges",14488545
2762,25,"Veges",14488545
2762,26,"Veges",5995586
2763,1,"Dairy",6320257
2763,2,"Beef",9971022
2763,3,"Beef",9971022
2763,4,"Beef",29888263
2763,5,"Beef",180413
2763,6,"Beef",180413
2763,7,"Beef",540789
2763,8,"Sheepmeat",22278176
2763,9,"Sheepmeat",20702228
2763,10,"Sheepmeat",20702228
2763,11,"Forestry",1810736
2763,12,"Forestry",1810736
2763,13,"Forestry",175233
2763,14,"Forestry",175233
2763,15,"Forestry",3650677
2763,16,"Forestry",51635180
2763,17,"Fruit",643575
2763,18,"Fruit",643575
2763,19,"Fruit",1414141
2763,20,"Fruit",83031
2763,21,"Fruit",166014
2763,22,"Fruit",41491
2763,23,"Veges",11648874
2763,24,"Veges",11260676
2763,25,"Veges",11260676
2763,26,"Veges",4659843
2764,1,"Dairy",6320257
2764,2,"Beef",10929095
2764,3,"Beef",10929095
2764,4,"Beef",32760099
2764,5,"Beef",180413
2764,6,"Beef",180413
2764,7,"Beef",540789
2764,8,"Sheepmeat",25163471
2764,9,"Sheepmeat",23383418
2764,10,"Sheepmeat",23383418
2764,11,"Forestry",2506327
2764,12,"Forestry",2506327
2764,13,"Forestry",242548
2764,14,"Forestry",242548
2764,15,"Forestry",5053079
2764,16,"Forestry",71470752
2764,17,"Fruit",1890661
2764,18,"Fruit",1890661
2764,19,"Fruit",4154391
2764,20,"Fruit",243924
2764,21,"Fruit",487706
2764,22,"Fruit",121891
2764,23,"Veges",15964078
2764,24,"Veges",15432076
2764,25,"Veges",15432076
2764,26,"Veges",6386034
2765,1,"Dairy",6320257
2765,2,"Beef",10959573
2765,3,"Beef",10959573
2765,4,"Beef",32851456
2765,5,"Beef",180413
2765,6,"Beef",180413
2765,7,"Beef",540789
2765,8,"Sheepmeat",25187049
2765,9,"Sheepmeat",23405328
2765,10,"Sheepmeat",23405328
2765,11,"Forestry",2506327
2765,12,"Forestry",2506327
2765,13,"Forestry",242548
2765,14,"Forestry",242548
2765,15,"Forestry",5053079
2765,16,"Forestry",71470752
2765,17,"Fruit",2395489
2765,18,"Fruit",2395489
2765,19,"Fruit",5263659
2765,20,"Fruit",309055
2765,21,"Fruit",617929
2765,22,"Fruit",154437
2765,23,"Veges",19162154
2765,24,"Veges",18523577
2765,25,"Veges",18523577
2765,26,"Veges",7665345
2766,1,"Dairy",6320257
2766,2,"Beef",11643470
2766,3,"Beef",11643470
2766,4,"Beef",34901445
2766,5,"Beef",180413
2766,6,"Beef",180413
2766,7,"Beef",540789
2766,8,"Sheepmeat",27277141
2766,9,"Sheepmeat",24498880
2766,10,"Sheepmeat",24498880
2766,11,"Forestry",2642715
2766,12,"Forestry",2642715
2766,13,"Forestry",255747
2766,14,"Forestry",255747
2766,15,"Forestry",5328054
2766,16,"Forestry",75360000
2766,17,"Fruit",6006693
2766,18,"Fruit",6006693
2766,19,"Fruit",13198639
2766,20,"Fruit",792546
2766,21,"Fruit",1584631
2766,22,"Fruit",368330
2766,23,"Veges",26662788
2766,24,"Veges",25268144
2766,25,"Veges",25268144
2766,26,"Veges",10456352
2767,1,"Dairy",2879884
2767,2,"Beef",13846442
2767,3,"Beef",13846442
2767,4,"Beef",41504882
2767,5,"Beef",8405
2767,6,"Beef",8405
2767,7,"Beef",25194
2767,8,"Sheepmeat",193606
2767,9,"Sheepmeat",26506490
2767,10,"Sheepmeat",26506490
2767,11,"Forestry",10228
2767,12,"Forestry",10228
2767,13,"Forestry",204883
2767,14,"Forestry",15
2767,16,"Forestry",60367690
2767,17,"Fruit",37286559
2767,18,"Fruit",659849
2767,19,"Fruit",81930572
2767,22,"Fruit",79547
2767,24,"Veges",140459
2767,25,"Veges",3817100
2767,26,"Veges",1579576
2768,1,"Dairy",2879884
2768,2,"Beef",13849464
2768,3,"Beef",13849464
2768,4,"Beef",41513941
2768,5,"Beef",8405
2768,6,"Beef",8405
2768,7,"Beef",25194
2768,8,"Sheepmeat",195944
2768,9,"Sheepmeat",26508662
2768,10,"Sheepmeat",26508662
2768,11,"Forestry",10228
2768,12,"Forestry",10228
2768,13,"Forestry",204883
2768,14,"Forestry",15
2768,16,"Forestry",60367690
2768,17,"Fruit",36626709
2768,19,"Fruit",80480671
2768,20,"Fruit",85131
2768,21,"Fruit",170212
2768,22,"Fruit",122087
2768,23,"Veges",145301
2768,25,"Veges",3676642
2768,26,"Veges",1521452
2769,1,"Dairy",2879884
2769,2,"Beef",14146654
2769,3,"Beef",14146654
2769,4,"Beef",42404772
2769,5,"Beef",8405
2769,6,"Beef",8405
2769,7,"Beef",25194
2769,8,"Sheepmeat",33755023
2769,9,"Sheepmeat",26727027
2769,10,"Sheepmeat",26727027
2769,11,"Forestry",2116966
2769,12,"Forestry",2116966
2769,13,"Forestry",204868
2769,15,"Forestry",4268078
2769,16,"Forestry",60367690
2769,17,"Fruit",32292001
2769,18,"Fruit",32292001
2769,19,"Fruit",70955921
2769,20,"Fruit",111619
2769,21,"Fruit",223173
2769,22,"Fruit",301897
2769,23,"Veges",153026
2769,24,"Veges",52769420
2769,25,"Veges",52769420
2769,26,"Veges",21836808
2770,1,"Dairy",2879884
2770,2,"Beef",14147206
2770,3,"Beef",14147206
2770,4,"Beef",42406426
2770,5,"Beef",8405
2770,6,"Beef",8405
2770,7,"Beef",25194
2770,8,"Sheepmeat",33754596
2770,9,"Sheepmeat",26727424
2770,10,"Sheepmeat",26727424
2770,11,"Forestry",2116966
2770,12,"Forestry",2116966
2770,13,"Forestry",204868
2770,15,"Forestry",4268078
2770,16,"Forestry",60367690
2770,17,"Fruit",31426838
2770,18,"Fruit",31426838
2770,19,"Fruit",69054880
2770,22,"Fruit",357674
2770,24,"Veges",52621494
2770,25,"Veges",52621494
2770,26,"Veges",21775594
2771,2,"Beef",44150260
2771,3,"Beef",44150260
2771,4,"Beef",132340953
2771,5,"Beef",281308
2771,6,"Beef",281308
2771,7,"Beef",843225
2771,8,"Sheepmeat",870692
2771,9,"Sheepmeat",88101727
2771,10,"Sheepmeat",88101727
2771,11,"Forestry",684637
2771,12,"Forestry",684637
2771,13,"Forestry",66255
2771,14,"Forestry",66255
2771,15,"Forestry",1380316
2771,16,"Forestry",19523193
2771,17,"Fruit",12664
2771,18,"Fruit",12664
2771,19,"Fruit",27826
2771,20,"Fruit",1634
2771,21,"Fruit",3267
2771,22,"Fruit",816
2772,2,"Beef",44277693
2772,3,"Beef",44277693
2772,4,"Beef",132722936
2772,5,"Beef",281308
2772,6,"Beef",281308
2772,7,"Beef",843225
2772,8,"Sheepmeat",524978
2772,9,"Sheepmeat",88422985
2772,10,"Sheepmeat",88422985
2772,11,"Forestry",620478
2772,12,"Forestry",620478
2772,13,"Forestry",60046
2772,14,"Forestry",60046
2772,15,"Forestry",1250964
2772,16,"Forestry",17693630
2773,2,"Beef",44277693
2773,3,"Beef",44277693
2773,4,"Beef",132722936
2773,5,"Beef",281308
2773,6,"Beef",281308
2773,7,"Beef",843225
2773,8,"Sheepmeat",524902
2773,9,"Sheepmeat",88423056
2773,10,"Sheepmeat",88423056
2773,11,"Forestry",620478
2773,12,"Forestry",620478
2773,13,"Forestry",60046
2773,14,"Forestry",60046
2773,15,"Forestry",1250964
2773,16,"Forestry",17693630
2774,2,"Beef",44278082
2774,3,"Beef",44278082
2774,4,"Beef",132724102
2774,5,"Beef",281308
2774,6,"Beef",281308
2774,7,"Beef",843225
2774,8,"Sheepmeat",518310
2774,9,"Sheepmeat",88429181
2774,10,"Sheepmeat",88429181
2774,11,"Forestry",608740
2774,12,"Forestry",608740
2774,13,"Forestry",58910
2774,14,"Forestry",58910
2774,15,"Forestry",1227298
2774,16,"Forestry",17358909
2775,2,"Beef",44278270
2775,3,"Beef",44278270
2775,4,"Beef",132724664
2775,5,"Beef",281308
2775,6,"Beef",281308
2775,7,"Beef",843225
2775,8,"Sheepmeat",494177
2775,9,"Sheepmeat",88451607
2775,10,"Sheepmeat",88451607
2775,11,"Forestry",554966
2775,12,"Forestry",554966
2775,13,"Forestry",53706
2775,14,"Forestry",53706
2775,15,"Forestry",1118883
2775,16,"Forestry",15825482
2776,2,"Beef",44278618
2776,3,"Beef",44278618
2776,4,"Beef",132725708
2776,5,"Beef",281308
2776,6,"Beef",281308
2776,7,"Beef",843225
2776,8,"Sheepmeat",493864
2776,9,"Sheepmeat",88451898
2776,10,"Sheepmeat",88451898
2776,11,"Forestry",550460
2776,12,"Forestry",550460
2776,13,"Forestry",53270
2776,14,"Forestry",53270
2776,15,"Forestry",1109799
2776,16,"Forestry",15697002
2777,2,"Beef",44311393
2777,3,"Beef",44311393
2777,4,"Beef",132823951
2777,5,"Beef",281308
2777,6,"Beef",281308
2777,7,"Beef",843225
2777,8,"Sheepmeat",9646
2777,9,"Sheepmeat",88901863
2777,10,"Sheepmeat",88901863
2777,11,"Forestry",202140
2777,12,"Forestry",202140
2777,13,"Forestry",19562
2777,14,"Forestry",19562
2777,15,"Forestry",407540
2777,16,"Forestry",5764244
2778,2,"Beef",44297523
2778,3,"Beef",44297523
2778,4,"Beef",132782376
2778,5,"Beef",281308
2778,6,"Beef",281308
2778,7,"Beef",843225
2778,8,"Sheepmeat",248171
2778,9,"Sheepmeat",88680211
2778,10,"Sheepmeat",88680211
2778,11,"Forestry",328915
2778,12,"Forestry",328915
2778,13,"Forestry",31831
2778,14,"Forestry",31831
2778,15,"Forestry",663136
2778,16,"Forestry",9379395
2779,2,"Beef",44311393
2779,3,"Beef",44311393
2779,4,"Beef",132823951
2779,5,"Beef",281308
2779,6,"Beef",281308
2779,7,"Beef",843225
2779,8,"Sheepmeat",9896
2779,9,"Sheepmeat",88901630
2779,10,"Sheepmeat",88901630
2779,11,"Forestry",212736
2779,12,"Forestry",212736
2779,13,"Forestry",20587
2779,14,"Forestry",20587
2779,15,"Forestry",428903
2779,16,"Forestry",6066404
2780,2,"Beef",44278618
2780,3,"Beef",44278618
2780,4,"Beef",132725708
2780,5,"Beef",281308
2780,6,"Beef",281308
2780,7,"Beef",843225
2780,8,"Sheepmeat",493841
2780,9,"Sheepmeat",88451919
2780,10,"Sheepmeat",88451919
2780,11,"Forestry",550158
2780,12,"Forestry",550158
2780,13,"Forestry",53241
2780,14,"Forestry",53241
2780,15,"Forestry",1109190
2780,16,"Forestry",15688385
2781,2,"Beef",122573
2781,3,"Beef",122573
2781,4,"Beef",367413
2781,8,"Sheepmeat",337327
2781,9,"Sheepmeat",313465
2781,10,"Sheepmeat",313465
2781,11,"Forestry",47870
2781,12,"Forestry",47870
2781,13,"Forestry",4633
2781,14,"Forestry",4633
2781,15,"Forestry",96512
2781,16,"Forestry",1365062
2782,2,"Beef",922413
2782,3,"Beef",922413
2782,4,"Beef",2764943
2782,8,"Sheepmeat",2624678
2782,9,"Sheepmeat",2439009
2782,10,"Sheepmeat",2439009
2782,11,"Forestry",230822
2782,12,"Forestry",230822
2782,13,"Forestry",22338
2782,14,"Forestry",22338
2782,15,"Forestry",465367
2782,16,"Forestry",6582151
2783,2,"Beef",948771
2783,3,"Beef",948771
2783,4,"Beef",2843953
2783,8,"Sheepmeat",2687010
2783,9,"Sheepmeat",2496932
2783,10,"Sheepmeat",2496932
2783,11,"Forestry",242150
2783,12,"Forestry",242150
2783,13,"Forestry",23434
2783,14,"Forestry",23434
2783,15,"Forestry",488205
2783,16,"Forestry",6905169
2784,2,"Beef",948883
2784,3,"Beef",948883
2784,4,"Beef",2844290
2784,8,"Sheepmeat",2687097
2784,9,"Sheepmeat",2497013
2784,10,"Sheepmeat",2497013
2784,11,"Forestry",242181
2784,12,"Forestry",242181
2784,13,"Forestry",23437
2784,14,"Forestry",23437
2784,15,"Forestry",488267
2784,16,"Forestry",6906052
2785,2,"Beef",981391
2785,3,"Beef",981391
2785,4,"Beef",2941733
2785,8,"Sheepmeat",2720478
2785,9,"Sheepmeat",2528032
2785,10,"Sheepmeat",2528032
2785,11,"Forestry",242184
2785,12,"Forestry",242184
2785,13,"Forestry",23437
2785,14,"Forestry",23437
2785,15,"Forestry",488274
2785,16,"Forestry",6906151
2786,2,"Beef",1066152
2786,3,"Beef",1066152
2786,4,"Beef",3195803
2786,8,"Sheepmeat",2786727
2786,9,"Sheepmeat",2589595
2786,10,"Sheepmeat",2589595
2786,11,"Forestry",242384
2786,12,"Forestry",242384
2786,13,"Forestry",23457
2786,14,"Forestry",23457
2786,15,"Forestry",488677
2786,16,"Forestry",6911851
2787,2,"Beef",1484666
2787,3,"Beef",1484666
2787,4,"Beef",4450304
2787,8,"Sheepmeat",3157811
2787,9,"Sheepmeat",2934429
2787,10,"Sheepmeat",2934429
2787,11,"Forestry",243065
2787,12,"Forestry",243065
2787,13,"Forestry",23522
2787,14,"Forestry",23522
2787,15,"Forestry",490050
2787,16,"Forestry",6931269
2787,23,"Veges",165932
2787,24,"Veges",160402
2787,25,"Veges",160402
2787,26,"Veges",66377
2788,2,"Beef",1672045
2788,3,"Beef",1672045
2788,4,"Beef",5011975
2788,8,"Sheepmeat",3315922
2788,9,"Sheepmeat",3081355
2788,10,"Sheepmeat",3081355
2788,11,"Forestry",243417
2788,12,"Forestry",243417
2788,13,"Forestry",23556
2788,14,"Forestry",23556
2788,15,"Forestry",490759
2788,16,"Forestry",6941301
2788,23,"Veges",165932
2788,24,"Veges",160402
2788,25,"Veges",160402
2788,26,"Veges",66377
2789,2,"Beef",2312213
2789,3,"Beef",2312213
2789,4,"Beef",6930888
2789,8,"Sheepmeat",4332941
2789,9,"Sheepmeat",4026430
2789,10,"Sheepmeat",4026430
2789,11,"Forestry",757345
2789,12,"Forestry",757345
2789,13,"Forestry",73291
2789,14,"Forestry",73291
2789,15,"Forestry",1526905
2789,16,"Forestry",21596544
2789,23,"Veges",379336
2789,24,"Veges",366695
2789,25,"Veges",366695
2789,26,"Veges",151744
2790,2,"Beef",2383468
2790,3,"Beef",2383468
2790,4,"Beef",7144474
2790,8,"Sheepmeat",4661559
2790,9,"Sheepmeat",4331802
2790,10,"Sheepmeat",4331802
2790,11,"Forestry",781292
2790,12,"Forestry",781292
2790,13,"Forestry",75609
2790,14,"Forestry",75609
2790,15,"Forestry",1575186
2790,16,"Forestry",22279437
2790,23,"Veges",379336
2790,24,"Veges",366695
2790,25,"Veges",366695
2790,26,"Veges",151744
2791,2,"Beef",2525158
2791,3,"Beef",2525158
2791,4,"Beef",7569191
2791,8,"Sheepmeat",4984949
2791,9,"Sheepmeat",4632316
2791,10,"Sheepmeat",4632316
2791,11,"Forestry",883380
2791,12,"Forestry",883380
2791,13,"Forestry",85488
2791,14,"Forestry",85488
2791,15,"Forestry",1781009
2791,16,"Forestry",25190589
2791,23,"Veges",793256
2791,24,"Veges",766820
2791,25,"Veges",766820
2791,26,"Veges",317322
2792,1,"Dairy",294382
2792,2,"Beef",3009992
2792,3,"Beef",3009992
2792,4,"Beef",9022490
2792,5,"Beef",8405
2792,6,"Beef",8405
2792,7,"Beef",25194
2792,8,"Sheepmeat",5666435
2792,9,"Sheepmeat",5265594
2792,10,"Sheepmeat",5265594
2792,11,"Forestry",897595
2792,12,"Forestry",897595
2792,13,"Forestry",86864
2792,14,"Forestry",86864
2792,15,"Forestry",1809666
2792,16,"Forestry",25595921
2792,23,"Veges",2354986
2792,24,"Veges",2276506
2792,25,"Veges",2276506
2792,26,"Veges",942054
2793,1,"Dairy",294382
2793,2,"Beef",3178514
2793,3,"Beef",3178514
2793,4,"Beef",9527634
2793,5,"Beef",8405
2793,6,"Beef",8405
2793,7,"Beef",25194
2793,8,"Sheepmeat",5968705
2793,9,"Sheepmeat",5546481
2793,10,"Sheepmeat",5546481
2793,11,"Forestry",909724
2793,12,"Forestry",909724
2793,13,"Forestry",88038
2793,14,"Forestry",88038
2793,15,"Forestry",1834122
2793,16,"Forestry",25941817
2793,23,"Veges",2939946
2793,24,"Veges",2841972
2793,25,"Veges",2841972
2793,26,"Veges",1176052
2794,1,"Dairy",294382
2794,2,"Beef",3215425
2794,3,"Beef",3215425
2794,4,"Beef",9638278
2794,5,"Beef",8405
2794,6,"Beef",8405
2794,7,"Beef",25194
2794,8,"Sheepmeat",6006470
2794,9,"Sheepmeat",5581575
2794,10,"Sheepmeat",5581575
2794,11,"Forestry",909986
2794,12,"Forestry",909986
2794,13,"Forestry",88063
2794,14,"Forestry",88063
2794,15,"Forestry",1834650
2794,16,"Forestry",25949286
2794,23,"Veges",2939946
2794,24,"Veges",2841972
2794,25,"Veges",2841972
2794,26,"Veges",1176052
2795,1,"Dairy",294382
2795,2,"Beef",3571765
2795,3,"Beef",3571765
2795,4,"Beef",10706411
2795,5,"Beef",8405
2795,6,"Beef",8405
2795,7,"Beef",25194
2795,8,"Sheepmeat",6503661
2795,9,"Sheepmeat",6043595
2795,10,"Sheepmeat",6043595
2795,11,"Forestry",1184471
2795,12,"Forestry",1184471
2795,13,"Forestry",114626
2795,14,"Forestry",114626
2795,15,"Forestry",2388046
2795,16,"Forestry",33776524
2795,23,"Veges",3563558
2795,24,"Veges",3444803
2795,25,"Veges",3444803
2795,26,"Veges",1425513
2796,1,"Dairy",294382
2796,2,"Beef",3549487
2796,3,"Beef",3549487
2796,4,"Beef",10639633
2796,5,"Beef",8405
2796,6,"Beef",8405
2796,7,"Beef",25194
2796,8,"Sheepmeat",6480501
2796,9,"Sheepmeat",6022073
2796,10,"Sheepmeat",6022073
2796,11,"Forestry",1183306
2796,12,"Forestry",1183306
2796,13,"Forestry",114513
2796,14,"Forestry",114513
2796,15,"Forestry",2385698
2796,16,"Forestry",33743310
2796,23,"Veges",3563558
2796,24,"Veges",3444803
2796,25,"Veges",3444803
2796,26,"Veges",1425513
2797,1,"Dairy",294382
2797,2,"Beef",5145315
2797,3,"Beef",5145315
2797,4,"Beef",15423147
2797,5,"Beef",8405
2797,6,"Beef",8405
2797,7,"Beef",25194
2797,8,"Sheepmeat",9992317
2797,9,"Sheepmeat",9285465
2797,10,"Sheepmeat",9285465
2797,11,"Forestry",1670035
2797,12,"Forestry",1670035
2797,13,"Forestry",161616
2797,14,"Forestry",161616
2797,15,"Forestry",3367007
2797,16,"Forestry",47622947
2797,17,"Fruit",17693
2797,18,"Fruit",17693
2797,19,"Fruit",38877
2797,20,"Fruit",2283
2797,21,"Fruit",4564
2797,22,"Fruit",1141
2797,23,"Veges",5376168
2797,24,"Veges",5197008
2797,25,"Veges",5197008
2797,26,"Veges",2150603
2798,1,"Dairy",294382
2798,2,"Beef",4136394
2798,3,"Beef",4136394
2798,4,"Beef",12398892
2798,5,"Beef",8405
2798,6,"Beef",8405
2798,7,"Beef",25194
2798,8,"Sheepmeat",8465246
2798,9,"Sheepmeat",7866418
2798,10,"Sheepmeat",7866418
2798,11,"Forestry",1592461
2798,12,"Forestry",1592461
2798,13,"Forestry",154109
2798,14,"Forestry",154109
2798,15,"Forestry",3210606
2798,16,"Forestry",45410811
2798,17,"Fruit",17693
2798,18,"Fruit",17693
2798,19,"Fruit",38877
2798,20,"Fruit",2283
2798,21,"Fruit",4564
2798,22,"Fruit",1141
2798,23,"Veges",3563558
2798,24,"Veges",3444803
2798,25,"Veges",3444803
2798,26,"Veges",1425513
2799,1,"Dairy",294382
2799,2,"Beef",5450734
2799,3,"Beef",5450734
2799,4,"Beef",16338644
2799,5,"Beef",8405
2799,6,"Beef",8405
2799,7,"Beef",25194
2799,8,"Sheepmeat",10459743
2799,9,"Sheepmeat",9719826
2799,10,"Sheepmeat",9719826
2799,11,"Forestry",1684129
2799,12,"Forestry",1684129
2799,13,"Forestry",162980
2799,14,"Forestry",162980
2799,15,"Forestry",3395422
2799,16,"Forestry",48024843
2799,17,"Fruit",17693
2799,18,"Fruit",17693
2799,19,"Fruit",38877
2799,20,"Fruit",2283
2799,21,"Fruit",4564
2799,22,"Fruit",1141
2799,23,"Veges",6130435
2799,24,"Veges",5926138
2799,25,"Veges",5926138
2799,26,"Veges",2452328
2800,1,"Dairy",294382
2800,2,"Beef",6014711
2800,3,"Beef",6014711
2800,4,"Beef",18029171
2800,5,"Beef",8405
2800,6,"Beef",8405
2800,7,"Beef",25194
2800,8,"Sheepmeat",12075645
2800,9,"Sheepmeat",11221419
2800,10,"Sheepmeat",11221419
2800,11,"Forestry",1965037
2800,12,"Forestry",1965037
2800,13,"Forestry",190165
2800,14,"Forestry",190165
2800,15,"Forestry",3961767
2800,16,"Forestry",56035238
2800,17,"Fruit",17693
2800,18,"Fruit",17693
2800,19,"Fruit",38877
2800,20,"Fruit",2283
2800,21,"Fruit",4564
2800,22,"Fruit",1141
2800,23,"Veges",6300643
2800,24,"Veges",6090675
2800,25,"Veges",6090675
2800,26,"Veges",2520416
2801,1,"Dairy",294382
2801,2,"Beef",6060941
2801,3,"Beef",6060941
2801,4,"Beef",18167745
2801,5,"Beef",8405
2801,6,"Beef",8405
2801,7,"Beef",25194
2801,8,"Sheepmeat",12366535
2801,9,"Sheepmeat",11362104
2801,10,"Sheepmeat",11362104
2801,11,"Forestry",2114902
2801,12,"Forestry",2114902
2801,13,"Forestry",204668
2801,14,"Forestry",204668
2801,15,"Forestry",4263914
2801,16,"Forestry",60308807
2801,17,"Fruit",17693
2801,18,"Fruit",17693
2801,19,"Fruit",38877
2801,22,"Fruit",1141
2801,24,"Veges",6090675
2801,25,"Veges",6090675
2801,26,"Veges",2520416
2802,1,"Dairy",294382
2802,2,"Beef",6084111
2802,3,"Beef",6084111
2802,4,"Beef",18237200
2802,5,"Beef",8405
2802,6,"Beef",8405
2802,7,"Beef",25194
2802,8,"Sheepmeat",12540499
2802,9,"Sheepmeat",11523762
2802,10,"Sheepmeat",11523762
2802,11,"Forestry",2119556
2802,12,"Forestry",2119556
2802,13,"Forestry",205118
2802,14,"Forestry",205118
2802,15,"Forestry",4273299
2802,16,"Forestry",60441540
2802,17,"Fruit",17693
2802,18,"Fruit",17693
2802,19,"Fruit",38877
2802,22,"Fruit",1141
2802,24,"Veges",6090675
2802,25,"Veges",6090675
2802,26,"Veges",2520416
2803,1,"Dairy",294382
2803,2,"Beef",6088238
2803,3,"Beef",6088238
2803,4,"Beef",18249569
2803,5,"Beef",8405
2803,6,"Beef",8405
2803,7,"Beef",25194
2803,8,"Sheepmeat",12546194
2803,9,"Sheepmeat",11529054
2803,10,"Sheepmeat",11529054
2803,11,"Forestry",2119557
2803,12,"Forestry",2119557
2803,13,"Forestry",205118
2803,14,"Forestry",205118
2803,15,"Forestry",4273301
2803,16,"Forestry",60441571
2803,17,"Fruit",17693
2803,18,"Fruit",17693
2803,19,"Fruit",38877
2803,22,"Fruit",1141
2803,24,"Veges",6090675
2803,25,"Veges",6090675
2803,26,"Veges",2520416
2804,1,"Dairy",294382
2804,2,"Beef",6200972
2804,3,"Beef",6200972
2804,4,"Beef",18587490
2804,5,"Beef",8405
2804,6,"Beef",8405
2804,7,"Beef",25194
2804,8,"Sheepmeat",12835772
2804,9,"Sheepmeat",11798147
2804,10,"Sheepmeat",11798147
2804,11,"Forestry",2205040
2804,12,"Forestry",2205040
2804,13,"Forestry",213391
2804,14,"Forestry",213391
2804,15,"Forestry",4445644
2804,16,"Forestry",62879191
2804,17,"Fruit",17693
2804,18,"Fruit",17693
2804,19,"Fruit",38877
2804,22,"Fruit",1141
2804,24,"Veges",6090675
2804,25,"Veges",6090675
2804,26,"Veges",2520416
2805,1,"Dairy",294382
2805,2,"Beef",6238691
2805,3,"Beef",6238691
2805,4,"Beef",18700555
2805,5,"Beef",8405
2805,6,"Beef",8405
2805,7,"Beef",25194
2805,8,"Sheepmeat",13464618
2805,9,"Sheepmeat",12382508
2805,10,"Sheepmeat",12382508
2805,11,"Forestry",2259075
2805,12,"Forestry",2259075
2805,13,"Forestry",218620
2805,14,"Forestry",218620
2805,15,"Forestry",4554586
2805,16,"Forestry",64420066
2805,17,"Fruit",17693
2805,18,"Fruit",17693
2805,19,"Fruit",38877
2805,22,"Fruit",1141
2805,24,"Veges",6090675
2805,25,"Veges",6090675
2805,26,"Veges",2520416
2806,1,"Dairy",294382
2806,2,"Beef",6279973
2806,3,"Beef",6279973
2806,4,"Beef",18824297
2806,5,"Beef",8405
2806,6,"Beef",8405
2806,7,"Beef",25194
2806,8,"Sheepmeat",13723735
2806,9,"Sheepmeat",12623296
2806,10,"Sheepmeat",12623296
2806,11,"Forestry",2276300
2806,12,"Forestry",2276300
2806,13,"Forestry",220287
2806,14,"Forestry",220287
2806,15,"Forestry",4589314
2806,16,"Forestry",64911263
2806,17,"Fruit",17693
2806,18,"Fruit",17693
2806,19,"Fruit",38877
2806,22,"Fruit",1141
2806,24,"Veges",6090675
2806,25,"Veges",6090675
2806,26,"Veges",2520416
2807,1,"Dairy",294382
2807,2,"Beef",6280390
2807,3,"Beef",6280390
2807,4,"Beef",18825546
2807,5,"Beef",8405
2807,6,"Beef",8405
2807,7,"Beef",25194
2807,8,"Sheepmeat",13724058
2807,9,"Sheepmeat",12623596
2807,10,"Sheepmeat",12623596
2807,11,"Forestry",2276300
2807,12,"Forestry",2276300
2807,13,"Forestry",220287
2807,14,"Forestry",220287
2807,15,"Forestry",4589314
2807,16,"Forestry",64911263
2807,17,"Fruit",17693
2807,18,"Fruit",17693
2807,19,"Fruit",38877
2807,22,"Fruit",1141
2807,24,"Veges",6090675
2807,25,"Veges",6090675
2807,26,"Veges",2520416
2808,1,"Dairy",294382
2808,2,"Beef",6290735
2808,3,"Beef",6290735
2808,4,"Beef",18856556
2808,5,"Beef",8405
2808,6,"Beef",8405
2808,7,"Beef",25194
2808,8,"Sheepmeat",13764590
2808,9,"Sheepmeat",12661261
2808,10,"Sheepmeat",12661261
2808,11,"Forestry",2277158
2808,12,"Forestry",2277158
2808,13,"Forestry",220370
2808,14,"Forestry",220370
2808,15,"Forestry",4591044
2808,16,"Forestry",64935730
2808,17,"Fruit",17693
2808,18,"Fruit",17693
2808,19,"Fruit",38877
2808,22,"Fruit",1141
2808,24,"Veges",6090675
2808,25,"Veges",6090675
2808,26,"Veges",2520416
2809,1,"Dairy",294382
2809,2,"Beef",6306245
2809,3,"Beef",6306245
2809,4,"Beef",18903048
2809,5,"Beef",8405
2809,6,"Beef",8405
2809,7,"Beef",25194
2809,8,"Sheepmeat",13877320
2809,9,"Sheepmeat",12766016
2809,10,"Sheepmeat",12766016
2809,11,"Forestry",2280274
2809,12,"Forestry",2280274
2809,13,"Forestry",220672
2809,14,"Forestry",220672
2809,15,"Forestry",4597327
2809,16,"Forestry",65024588
2809,17,"Fruit",17693
2809,18,"Fruit",17693
2809,19,"Fruit",38877
2809,22,"Fruit",1141
2809,24,"Veges",6090675
2809,25,"Veges",6090675
2809,26,"Veges",2520416
2810,1,"Dairy",294382
2810,2,"Beef",6310381
2810,3,"Beef",6310381
2810,4,"Beef",18915444
2810,5,"Beef",8405
2810,6,"Beef",8405
2810,7,"Beef",25194
2810,8,"Sheepmeat",14014449
2810,9,"Sheepmeat",12893445
2810,10,"Sheepmeat",12893445
2810,11,"Forestry",2282789
2810,12,"Forestry",2282789
2810,13,"Forestry",220915
2810,14,"Forestry",220915
2810,15,"Forestry",4602397
2810,16,"Forestry",65096302
2810,17,"Fruit",17693
2810,18,"Fruit",17693
2810,19,"Fruit",38877
2810,22,"Fruit",1141
2810,24,"Veges",6090675
2810,25,"Veges",6090675
2810,26,"Veges",2520416
2811,1,"Dairy",294382
2811,2,"Beef",6310381
2811,3,"Beef",6310381
2811,4,"Beef",18915444
2811,5,"Beef",8405
2811,6,"Beef",8405
2811,7,"Beef",25194
2811,8,"Sheepmeat",13993948
2811,9,"Sheepmeat",12874394
2811,10,"Sheepmeat",12874394
2811,11,"Forestry",2282234
2811,12,"Forestry",2282234
2811,13,"Forestry",220861
2811,14,"Forestry",220861
2811,15,"Forestry",4601279
2811,16,"Forestry",65080488
2811,17,"Fruit",17693
2811,18,"Fruit",17693
2811,19,"Fruit",38877
2811,22,"Fruit",1141
2811,24,"Veges",6090675
2811,25,"Veges",6090675
2811,26,"Veges",2520416
2812,1,"Dairy",294382
2812,2,"Beef",6541309
2812,3,"Beef",6541309
2812,4,"Beef",19607655
2812,5,"Beef",8405
2812,6,"Beef",8405
2812,7,"Beef",25194
2812,8,"Sheepmeat",14988283
2812,9,"Sheepmeat",13798391
2812,10,"Sheepmeat",13798391
2812,11,"Forestry",2403953
2812,12,"Forestry",2403953
2812,13,"Forestry",232641
2812,14,"Forestry",232641
2812,15,"Forestry",4846680
2812,16,"Forestry",68551437
2812,17,"Fruit",17693
2812,18,"Fruit",17693
2812,19,"Fruit",38877
2812,22,"Fruit",1141
2812,24,"Veges",6090675
2812,25,"Veges",6090675
2812,26,"Veges",2520416
2813,1,"Dairy",294382
2813,2,"Beef",6762319
2813,3,"Beef",6762319
2813,4,"Beef",20270136
2813,5,"Beef",8405
2813,6,"Beef",8405
2813,7,"Beef",25194
2813,8,"Sheepmeat",15765251
2813,9,"Sheepmeat",14520396
2813,10,"Sheepmeat",14520396
2813,11,"Forestry",2664989
2813,12,"Forestry",2664989
2813,13,"Forestry",257902
2813,14,"Forestry",257902
2813,15,"Forestry",5372962
2813,16,"Forestry",75995170
2813,17,"Fruit",17693
2813,18,"Fruit",17693
2813,19,"Fruit",38877
2813,22,"Fruit",1141
2813,23,"Veges",4561436
2813,24,"Veges",10500101
2813,25,"Veges",10500101
2813,26,"Veges",4345105
2814,1,"Dairy",294382
2814,2,"Beef",6824625
2814,3,"Beef",6824625
2814,4,"Beef",20456898
2814,5,"Beef",8405
2814,6,"Beef",8405
2814,7,"Beef",25194
2814,8,"Sheepmeat",15904179
2814,9,"Sheepmeat",14649496
2814,10,"Sheepmeat",14649496
2814,11,"Forestry",2665808
2814,12,"Forestry",2665808
2814,13,"Forestry",257981
2814,14,"Forestry",257981
2814,15,"Forestry",5374613
2814,16,"Forestry",76018525
2814,17,"Fruit",17693
2814,18,"Fruit",17693
2814,19,"Fruit",38877
2814,22,"Fruit",1141
2814,23,"Veges",4876709
2814,24,"Veges",10804868
2814,25,"Veges",10804868
2814,26,"Veges",4471223
2815,1,"Dairy",294382
2815,2,"Beef",6858200
2815,3,"Beef",6858200
2815,4,"Beef",20557540
2815,5,"Beef",8405
2815,6,"Beef",8405
2815,7,"Beef",25194
2815,8,"Sheepmeat",15931442
2815,9,"Sheepmeat",14674831
2815,10,"Sheepmeat",14674831
2815,11,"Forestry",2665811
2815,12,"Forestry",2665811
2815,13,"Forestry",257982
2815,14,"Forestry",257982
2815,15,"Forestry",5374618
2815,16,"Forestry",76018596
2815,17,"Fruit",153827
2815,18,"Fruit",153827
2815,19,"Fruit",338007
2815,20,"Fruit",17563
2815,21,"Fruit",35116
2815,22,"Fruit",9917
2815,23,"Veges",8564231
2815,24,"Veges",14369503
2815,25,"Veges",14369503
2815,26,"Veges",5946324
2816,1,"Dairy",294382
2816,2,"Beef",7015826
2816,3,"Beef",7015826
2816,4,"Beef",21030025
2816,5,"Beef",8405
2816,6,"Beef",8405
2816,7,"Beef",25194
2816,8,"Sheepmeat",16112558
2816,9,"Sheepmeat",14843135
2816,10,"Sheepmeat",14843135
2816,11,"Forestry",2666276
2816,12,"Forestry",2666276
2816,13,"Forestry",258027
2816,14,"Forestry",258027
2816,15,"Forestry",5375556
2816,16,"Forestry",76031860
2816,17,"Fruit",243416
2816,18,"Fruit",243416
2816,19,"Fruit",534863
2816,20,"Fruit",29122
2816,21,"Fruit",58226
2816,22,"Fruit",15693
2816,23,"Veges",16691130
2816,24,"Veges",22225574
2816,25,"Veges",22225574
2816,26,"Veges",9197289
2817,1,"Dairy",294382
2817,2,"Beef",7040503
2817,3,"Beef",7040503
2817,4,"Beef",21103995
2817,5,"Beef",8405
2817,6,"Beef",8405
2817,7,"Beef",25194
2817,8,"Sheepmeat",16131693
2817,9,"Sheepmeat",14860916
2817,10,"Sheepmeat",14860916
2817,11,"Forestry",2666276
2817,12,"Forestry",2666276
2817,13,"Forestry",258027
2817,14,"Forestry",258027
2817,15,"Forestry",5375556
2817,16,"Forestry",76031860
2817,17,"Fruit",243416
2817,18,"Fruit",243416
2817,19,"Fruit",534863
2817,20,"Fruit",29122
2817,21,"Fruit",58226
2817,22,"Fruit",15693
2817,23,"Veges",17802470
2817,24,"Veges",23299879
2817,25,"Veges",23299879
2817,26,"Veges",9641853
2818,1,"Dairy",294382
2818,2,"Beef",7115285
2818,3,"Beef",7115285
2818,4,"Beef",21328155
2818,5,"Beef",8405
2818,6,"Beef",8405
2818,7,"Beef",25194
2818,8,"Sheepmeat",16213139
2818,9,"Sheepmeat",14936600
2818,10,"Sheepmeat",14936600
2818,11,"Forestry",2666276
2818,12,"Forestry",2666276
2818,13,"Forestry",258027
2818,14,"Forestry",258027
2818,15,"Forestry",5375556
2818,16,"Forestry",76031860
2818,17,"Fruit",243416
2818,18,"Fruit",243416
2818,19,"Fruit",534863
2818,20,"Fruit",29122
2818,21,"Fruit",58226
2818,22,"Fruit",15693
2818,23,"Veges",17978346
2818,24,"Veges",23469893
2818,25,"Veges",23469893
2818,26,"Veges",9712207
2819,1,"Dairy",294382
2819,2,"Beef",7115285
2819,3,"Beef",7115285
2819,4,"Beef",21328155
2819,5,"Beef",8405
2819,6,"Beef",8405
2819,7,"Beef",25194
2819,8,"Sheepmeat",16213139
2819,9,"Sheepmeat",14936600
2819,10,"Sheepmeat",14936600
2819,11,"Forestry",2666276
2819,12,"Forestry",2666276
2819,13,"Forestry",258027
2819,14,"Forestry",258027
2819,15,"Forestry",5375556
2819,16,"Forestry",76031860
2819,17,"Fruit",243416
2819,18,"Fruit",243416
2819,19,"Fruit",534863
2819,20,"Fruit",29122
2819,21,"Fruit",58226
2819,22,"Fruit",15693
2819,23,"Veges",17978346
2819,24,"Veges",23469893
2819,25,"Veges",23469893
2819,26,"Veges",9712207
2820,1,"Dairy",294382
2820,2,"Beef",8719368
2820,3,"Beef",8719368
2820,4,"Beef",26136413
2820,5,"Beef",8405
2820,6,"Beef",8405
2820,7,"Beef",25194
2820,8,"Sheepmeat",19251543
2820,9,"Sheepmeat",17760070
2820,10,"Sheepmeat",17760070
2820,11,"Forestry",3048710
2820,12,"Forestry",3048710
2820,13,"Forestry",295036
2820,14,"Forestry",295036
2820,15,"Forestry",6228927
2820,16,"Forestry",89795919
2820,17,"Fruit",546321
2820,18,"Fruit",546321
2820,19,"Fruit",1200443
2820,20,"Fruit",68201
2820,21,"Fruit",136362
2820,22,"Fruit",35221
2820,23,"Veges",25514199
2820,24,"Veges",30754615
2820,25,"Veges",30754615
2820,26,"Veges",12726739
2821,1,"Dairy",294382
2821,2,"Beef",8966191
2821,3,"Beef",8966191
2821,4,"Beef",26876269
2821,5,"Beef",8405
2821,6,"Beef",8405
2821,7,"Beef",25194
2821,8,"Sheepmeat",19718806
2821,9,"Sheepmeat",18194278
2821,10,"Sheepmeat",18194278
2821,11,"Forestry",3056545
2821,12,"Forestry",3056545
2821,13,"Forestry",295795
2821,14,"Forestry",295795
2821,15,"Forestry",6244724
2821,16,"Forestry",90019356
2821,17,"Fruit",546321
2821,18,"Fruit",546321
2821,19,"Fruit",1200443
2821,20,"Fruit",68201
2821,21,"Fruit",136362
2821,22,"Fruit",35221
2821,23,"Veges",25514199
2821,24,"Veges",30754615
2821,25,"Veges",30754615
2821,26,"Veges",12726739
2822,1,"Dairy",294382
2822,2,"Beef",9340573
2822,3,"Beef",9340573
2822,4,"Beef",27998485
2822,5,"Beef",8405
2822,6,"Beef",8405
2822,7,"Beef",25194
2822,8,"Sheepmeat",20268932
2822,9,"Sheepmeat",18705489
2822,10,"Sheepmeat",18705489
2822,11,"Forestry",3063734
2822,12,"Forestry",3063734
2822,13,"Forestry",296490
2822,14,"Forestry",296490
2822,15,"Forestry",6259217
2822,16,"Forestry",90224352
2822,17,"Fruit",546321
2822,18,"Fruit",546321
2822,19,"Fruit",1200443
2822,20,"Fruit",68201
2822,21,"Fruit",136362
2822,22,"Fruit",35221
2822,23,"Veges",25514199
2822,24,"Veges",30754615
2822,25,"Veges",30754615
2822,26,"Veges",12726739
2823,1,"Dairy",294382
2823,2,"Beef",9589008
2823,3,"Beef",9589008
2823,4,"Beef",28743170
2823,5,"Beef",8405
2823,6,"Beef",8405
2823,7,"Beef",25194
2823,8,"Sheepmeat",20540852
2823,9,"Sheepmeat",18958173
2823,10,"Sheepmeat",18958173
2823,11,"Forestry",3064246
2823,12,"Forestry",3064246
2823,13,"Forestry",296540
2823,14,"Forestry",296540
2823,15,"Forestry",6260250
2823,16,"Forestry",90238963
2823,17,"Fruit",560262
2823,18,"Fruit",560262
2823,19,"Fruit",1231076
2823,20,"Fruit",70000
2823,21,"Fruit",139959
2823,22,"Fruit",36120
2823,23,"Veges",25514199
2823,24,"Veges",30754615
2823,25,"Veges",30754615
2823,26,"Veges",12726739
2824,1,"Dairy",294382
2824,2,"Beef",9762305
2824,3,"Beef",9762305
2824,4,"Beef",29262631
2824,5,"Beef",8405
2824,6,"Beef",8405
2824,7,"Beef",25194
2824,8,"Sheepmeat",20805925
2824,9,"Sheepmeat",19204495
2824,10,"Sheepmeat",19204495
2824,11,"Forestry",3067394
2824,12,"Forestry",3067394
2824,13,"Forestry",296845
2824,14,"Forestry",296845
2824,15,"Forestry",6266597
2824,16,"Forestry",90328730
2824,17,"Fruit",560262
2824,18,"Fruit",560262
2824,19,"Fruit",1231076
2824,20,"Fruit",70000
2824,21,"Fruit",139959
2824,22,"Fruit",36120
2824,23,"Veges",25514199
2824,24,"Veges",30754615
2824,25,"Veges",30754615
2824,26,"Veges",12726739
2825,1,"Dairy",294382
2825,2,"Beef",9841378
2825,3,"Beef",9841378
2825,4,"Beef",29499653
2825,5,"Beef",8405
2825,6,"Beef",8405
2825,7,"Beef",25194
2825,8,"Sheepmeat",20941103
2825,9,"Sheepmeat",19330111
2825,10,"Sheepmeat",19330111
2825,11,"Forestry",3067500
2825,12,"Forestry",3067500
2825,13,"Forestry",296855
2825,14,"Forestry",296855
2825,15,"Forestry",6266811
2825,16,"Forestry",90331749
2825,17,"Fruit",560262
2825,18,"Fruit",560262
2825,19,"Fruit",1231076
2825,20,"Fruit",70000
2825,21,"Fruit",139959
2825,22,"Fruit",36120
2825,23,"Veges",25514199
2825,24,"Veges",30754615
2825,25,"Veges",30754615
2825,26,"Veges",12726739
2826,1,"Dairy",294382
2826,2,"Beef",10164733
2826,3,"Beef",10164733
2826,4,"Beef",30468912
2826,5,"Beef",8405
2826,6,"Beef",8405
2826,7,"Beef",25194
2826,8,"Sheepmeat",21274135
2826,9,"Sheepmeat",19639584
2826,10,"Sheepmeat",19639584
2826,11,"Forestry",3068453
2826,12,"Forestry",3068453
2826,13,"Forestry",296947
2826,14,"Forestry",296947
2826,15,"Forestry",6268732
2826,16,"Forestry",90358920
2826,17,"Fruit",560262
2826,18,"Fruit",560262
2826,19,"Fruit",1231076
2826,20,"Fruit",70000
2826,21,"Fruit",139959
2826,22,"Fruit",36120
2826,23,"Veges",25564617
2826,24,"Veges",30803352
2826,25,"Veges",30803352
2826,26,"Veges",12746907
2827,1,"Dairy",294382
2827,2,"Beef",10472619
2827,3,"Beef",10472619
2827,4,"Beef",31391805
2827,5,"Beef",8405
2827,6,"Beef",8405
2827,7,"Beef",25194
2827,8,"Sheepmeat",21876218
2827,9,"Sheepmeat",20199076
2827,10,"Sheepmeat",20199076
2827,11,"Forestry",3068790
2827,12,"Forestry",3068790
2827,13,"Forestry",296980
2827,14,"Forestry",296980
2827,15,"Forestry",6269411
2827,16,"Forestry",90368532
2827,17,"Fruit",560963
2827,18,"Fruit",560963
2827,19,"Fruit",1232617
2827,20,"Fruit",70090
2827,21,"Fruit",140139
2827,22,"Fruit",36165
2827,23,"Veges",25564617
2827,24,"Veges",30803352
2827,25,"Veges",30803352
2827,26,"Veges",12746907
2828,1,"Dairy",294382
2828,2,"Beef",11415249
2828,3,"Beef",11415249
2828,4,"Beef",34217351
2828,5,"Beef",8405
2828,6,"Beef",8405
2828,7,"Beef",25194
2828,8,"Sheepmeat",23834706
2828,9,"Sheepmeat",22019021
2828,10,"Sheepmeat",22019021
2828,11,"Forestry",3100375
2828,12,"Forestry",3100375
2828,13,"Forestry",300036
2828,14,"Forestry",300036
2828,15,"Forestry",6333090
2828,16,"Forestry",91269212
2828,17,"Fruit",560963
2828,18,"Fruit",560963
2828,19,"Fruit",1232617
2828,20,"Fruit",70090
2828,21,"Fruit",140139
2828,22,"Fruit",36165
2828,23,"Veges",25582694
2828,24,"Veges",30820828
2828,25,"Veges",30820828
2828,26,"Veges",12754138
2829,1,"Dairy",294382
2829,2,"Beef",11832102
2829,3,"Beef",11832102
2829,4,"Beef",35466874
2829,5,"Beef",8405
2829,6,"Beef",8405
2829,7,"Beef",25194
2829,8,"Sheepmeat",24962174
2829,9,"Sheepmeat",23066733
2829,10,"Sheepmeat",23066733
2829,11,"Forestry",3219709
2829,12,"Forestry",3219709
2829,13,"Forestry",311585
2829,14,"Forestry",311585
2829,15,"Forestry",6573684
2829,16,"Forestry",94672171
2829,17,"Fruit",560963
2829,18,"Fruit",560963
2829,19,"Fruit",1232617
2829,20,"Fruit",70090
2829,21,"Fruit",140139
2829,22,"Fruit",36165
2829,23,"Veges",26208261
2829,24,"Veges",31425547
2829,25,"Veges",31425547
2829,26,"Veges",13004381
2830,1,"Dairy",294382
2830,2,"Beef",11999022
2830,3,"Beef",11999022
2830,4,"Beef",35967217
2830,5,"Beef",8405
2830,6,"Beef",8405
2830,7,"Beef",25194
2830,8,"Sheepmeat",25142812
2830,9,"Sheepmeat",23234593
2830,10,"Sheepmeat",23234593
2830,11,"Forestry",3219945
2830,12,"Forestry",3219945
2830,13,"Forestry",311608
2830,14,"Forestry",311608
2830,15,"Forestry",6574159
2830,16,"Forestry",94678880
2830,17,"Fruit",560963
2830,18,"Fruit",560963
2830,19,"Fruit",1232617
2830,20,"Fruit",70090
2830,21,"Fruit",140139
2830,22,"Fruit",36165
2830,23,"Veges",26209103
2830,24,"Veges",31426362
2830,25,"Veges",31426362
2830,26,"Veges",13004718
2831,1,"Dairy",294382
2831,2,"Beef",12684966
2831,3,"Beef",12684966
2831,4,"Beef",38023343
2831,5,"Beef",8405
2831,6,"Beef",8405
2831,7,"Beef",25194
2831,8,"Sheepmeat",26581101
2831,9,"Sheepmeat",24571137
2831,10,"Sheepmeat",24571137
2831,11,"Forestry",3297652
2831,12,"Forestry",3297652
2831,13,"Forestry",319128
2831,14,"Forestry",319128
2831,15,"Forestry",6730827
2831,16,"Forestry",96894799
2831,17,"Fruit",702883
2831,18,"Fruit",702883
2831,19,"Fruit",1544461
2831,20,"Fruit",88400
2831,21,"Fruit",176749
2831,22,"Fruit",45315
2831,23,"Veges",26209103
2831,24,"Veges",31426362
2831,25,"Veges",31426362
2831,26,"Veges",13004718
2832,1,"Dairy",294382
2832,2,"Beef",12762805
2832,3,"Beef",12762805
2832,4,"Beef",38256666
2832,5,"Beef",8405
2832,6,"Beef",8405
2832,7,"Beef",25194
2832,8,"Sheepmeat",26711336
2832,9,"Sheepmeat",24692160
2832,10,"Sheepmeat",24692160
2832,11,"Forestry",3299639
2832,12,"Forestry",3299639
2832,13,"Forestry",319320
2832,14,"Forestry",319320
2832,15,"Forestry",6734832
2832,16,"Forestry",96951446
2832,17,"Fruit",702883
2832,18,"Fruit",702883
2832,19,"Fruit",1544461
2832,20,"Fruit",88400
2832,21,"Fruit",176749
2832,22,"Fruit",45315
2832,23,"Veges",26209103
2832,24,"Veges",31426362
2832,25,"Veges",31426362
2832,26,"Veges",13004718
2833,1,"Dairy",294382
2833,2,"Beef",12822369
2833,3,"Beef",12822369
2833,4,"Beef",38435211
2833,5,"Beef",8405
2833,6,"Beef",8405
2833,7,"Beef",25194
2833,8,"Sheepmeat",26884736
2833,9,"Sheepmeat",24853293
2833,10,"Sheepmeat",24853293
2833,11,"Forestry",3300057
2833,12,"Forestry",3300057
2833,13,"Forestry",319360
2833,14,"Forestry",319360
2833,15,"Forestry",6735675
2833,16,"Forestry",96963363
2833,17,"Fruit",702883
2833,18,"Fruit",702883
2833,19,"Fruit",1544461
2833,20,"Fruit",88400
2833,21,"Fruit",176749
2833,22,"Fruit",45315
2833,23,"Veges",26209103
2833,24,"Veges",31426362
2833,25,"Veges",31426362
2833,26,"Veges",13004718
2834,1,"Dairy",294382
2834,2,"Beef",12822369
2834,3,"Beef",12822369
2834,4,"Beef",38435211
2834,5,"Beef",8405
2834,6,"Beef",8405
2834,7,"Beef",25194
2834,8,"Sheepmeat",26884574
2834,9,"Sheepmeat",24853143
2834,10,"Sheepmeat",24853143
2834,11,"Forestry",3300057
2834,12,"Forestry",3300057
2834,13,"Forestry",319360
2834,14,"Forestry",319360
2834,15,"Forestry",6735675
2834,16,"Forestry",96963363
2834,17,"Fruit",702883
2834,18,"Fruit",702883
2834,19,"Fruit",1544461
2834,20,"Fruit",88400
2834,21,"Fruit",176749
2834,22,"Fruit",45315
2834,23,"Veges",26209103
2834,24,"Veges",31426362
2834,25,"Veges",31426362
2834,26,"Veges",13004718
2835,1,"Dairy",294382
2835,2,"Beef",13012714
2835,3,"Beef",13012714
2835,4,"Beef",39005772
2835,5,"Beef",8405
2835,6,"Beef",8405
2835,7,"Beef",25194
2835,8,"Sheepmeat",27235668
2835,9,"Sheepmeat",25179401
2835,10,"Sheepmeat",25179401
2835,11,"Forestry",3300501
2835,12,"Forestry",3300501
2835,13,"Forestry",319403
2835,14,"Forestry",319403
2835,15,"Forestry",6736570
2835,16,"Forestry",96976024
2835,17,"Fruit",702883
2835,18,"Fruit",702883
2835,19,"Fruit",1544461
2835,20,"Fruit",88400
2835,21,"Fruit",176749
2835,22,"Fruit",45315
2835,23,"Veges",26209103
2835,24,"Veges",31426362
2835,25,"Veges",31426362
2835,26,"Veges",13004718
2836,1,"Dairy",294382
2836,2,"Beef",13014419
2836,3,"Beef",13014419
2836,4,"Beef",39010883
2836,5,"Beef",8405
2836,6,"Beef",8405
2836,7,"Beef",25194
2836,8,"Sheepmeat",27240687
2836,9,"Sheepmeat",25184065
2836,10,"Sheepmeat",25184065
2836,11,"Forestry",3300501
2836,12,"Forestry",3300501
2836,13,"Forestry",319403
2836,14,"Forestry",319403
2836,15,"Forestry",6736570
2836,16,"Forestry",96976024
2836,17,"Fruit",702883
2836,18,"Fruit",702883
2836,19,"Fruit",1544461
2836,20,"Fruit",88400
2836,21,"Fruit",176749
2836,22,"Fruit",45315
2836,23,"Veges",26209103
2836,24,"Veges",31426362
2836,25,"Veges",31426362
2836,26,"Veges",13004718
2837,1,"Dairy",294382
2837,2,"Beef",13035220
2837,3,"Beef",13035220
2837,4,"Beef",39073234
2837,5,"Beef",8405
2837,6,"Beef",8405
2837,7,"Beef",25194
2837,8,"Sheepmeat",27283993
2837,9,"Sheepmeat",25224307
2837,10,"Sheepmeat",25224307
2837,11,"Forestry",3300561
2837,12,"Forestry",3300561
2837,13,"Forestry",319409
2837,14,"Forestry",319409
2837,15,"Forestry",6736691
2837,16,"Forestry",96977738
2837,17,"Fruit",702883
2837,18,"Fruit",702883
2837,19,"Fruit",1544461
2837,20,"Fruit",88400
2837,21,"Fruit",176749
2837,22,"Fruit",45315
2837,23,"Veges",26227561
2837,24,"Veges",31444204
2837,25,"Veges",31444204
2837,26,"Veges",13012101
2838,1,"Dairy",294382
2838,2,"Beef",13068425
2838,3,"Beef",13068425
2838,4,"Beef",39172765
2838,5,"Beef",8405
2838,6,"Beef",8405
2838,7,"Beef",25194
2838,8,"Sheepmeat",27316180
2838,9,"Sheepmeat",25254218
2838,10,"Sheepmeat",25254218
2838,11,"Forestry",3300640
2838,12,"Forestry",3300640
2838,13,"Forestry",319417
2838,14,"Forestry",319417
2838,15,"Forestry",6736851
2838,16,"Forestry",96980004
2838,17,"Fruit",702883
2838,18,"Fruit",702883
2838,19,"Fruit",1544461
2838,20,"Fruit",88400
2838,21,"Fruit",176749
2838,22,"Fruit",45315
2838,23,"Veges",26227561
2838,24,"Veges",31444204
2838,25,"Veges",31444204
2838,26,"Veges",13012101
2839,1,"Dairy",294382
2839,2,"Beef",13151190
2839,3,"Beef",13151190
2839,4,"Beef",39420855
2839,5,"Beef",8405
2839,6,"Beef",8405
2839,7,"Beef",25194
2839,8,"Sheepmeat",27389265
2839,9,"Sheepmeat",25322132
2839,10,"Sheepmeat",25322132
2839,11,"Forestry",3300766
2839,12,"Forestry",3300766
2839,13,"Forestry",319429
2839,14,"Forestry",319429
2839,15,"Forestry",6737104
2839,16,"Forestry",96983579
2839,17,"Fruit",702883
2839,18,"Fruit",702883
2839,19,"Fruit",1544461
2839,20,"Fruit",88400
2839,21,"Fruit",176749
2839,22,"Fruit",45315
2839,23,"Veges",26264458
2839,24,"Veges",31479872
2839,25,"Veges",31479872
2839,26,"Veges",13026861
2840,2,"Beef",13335251
2840,3,"Beef",13335251
2840,4,"Beef",39972580
2840,5,"Beef",8405
2840,6,"Beef",8405
2840,7,"Beef",25194
2840,8,"Sheepmeat",27586198
2840,9,"Sheepmeat",25505134
2840,10,"Sheepmeat",25505134
2840,11,"Forestry",3305184
2840,12,"Forestry",3305184
2840,13,"Forestry",319857
2840,14,"Forestry",8
2840,15,"Forestry",6746012
2840,17,"Fruit",808453
2840,18,"Fruit",808453
2840,19,"Fruit",1776431
2840,20,"Fruit",102020
2840,21,"Fruit",203981
2840,22,"Fruit",52121
2840,23,"Veges",26264458
2840,24,"Veges",31479872
2840,25,"Veges",31479872
2840,26,"Veges",13026861
2841,2,"Beef",13335251
2841,3,"Beef",13335251
2841,4,"Beef",39972580
2841,5,"Beef",8405
2841,6,"Beef",8405
2841,7,"Beef",25194
2841,8,"Sheepmeat",27586454
2841,9,"Sheepmeat",25505372
2841,10,"Sheepmeat",25505372
2841,11,"Forestry",3305277
2841,12,"Forestry",3305277
2841,13,"Forestry",319866
2841,14,"Forestry",9
2841,15,"Forestry",6746201
2841,16,"Forestry",235638579
2841,17,"Fruit",808453
2841,18,"Fruit",808453
2841,19,"Fruit",1776431
2841,20,"Fruit",102020
2841,21,"Fruit",203981
2841,22,"Fruit",52121
2841,23,"Veges",26264458
2841,24,"Veges",31479872
2841,25,"Veges",31479872
2841,26,"Veges",13026861
2842,2,"Beef",13335251
2842,3,"Beef",13335251
2842,4,"Beef",39972580
2842,5,"Beef",8405
2842,6,"Beef",8405
2842,7,"Beef",25194
2842,8,"Sheepmeat",27586454
2842,9,"Sheepmeat",25505372
2842,10,"Sheepmeat",25505372
2842,11,"Forestry",3305277
2842,12,"Forestry",3305277
2842,13,"Forestry",319866
2842,14,"Forestry",9
2842,15,"Forestry",6746201
2842,16,"Forestry",235638579
2842,17,"Fruit",808453
2842,18,"Fruit",808453
2842,19,"Fruit",1776431
2842,20,"Fruit",102020
2842,21,"Fruit",203981
2842,22,"Fruit",52121
2842,23,"Veges",26264458
2842,24,"Veges",31479872
2842,25,"Veges",31479872
2842,26,"Veges",13026861
2843,8,"Sheepmeat",27586454
2843,11,"Forestry",3305277
2843,12,"Forestry",3305277
2843,15,"Forestry",6746201
2843,16,"Forestry",7154
2843,18,"Fruit",808453
2843,24,"Veges",31479872
2843,25,"Veges",31479872
2844,8,"Sheepmeat",27586454
2844,11,"Forestry",3305277
2844,12,"Forestry",3305277
2844,15,"Forestry",6746201
2844,16,"Forestry",7154
2844,18,"Fruit",808453
2844,24,"Veges",31479872
2844,25,"Veges",31479872
2846,2,"Beef",743
2846,3,"Beef",743
2846,4,"Beef",2227
2846,8,"Sheepmeat",28509309
2846,9,"Sheepmeat",2723
2846,10,"Sheepmeat",2723
2846,11,"Forestry",3422702
2846,12,"Forestry",3422702
2846,13,"Forestry",9
2846,14,"Forestry",9
2846,15,"Forestry",7004538
2846,16,"Forestry",7154
2846,17,"Fruit",2342693
2846,18,"Fruit",38969403
2846,19,"Fruit",5147652
2846,24,"Veges",62544130
2846,25,"Veges",58867488
2846,26,"Veges",24360242
2847,2,"Beef",59611
2847,3,"Beef",59611
2847,4,"Beef",178686
2847,8,"Sheepmeat",28556128
2847,9,"Sheepmeat",46230
2847,10,"Sheepmeat",46230
2847,11,"Forestry",3422702
2847,12,"Forestry",3422702
2847,13,"Forestry",9
2847,14,"Forestry",9
2847,15,"Forestry",7004538
2847,16,"Forestry",7154
2847,17,"Fruit",2342693
2847,18,"Fruit",38969403
2847,19,"Fruit",5147652
2847,23,"Veges",104
2847,24,"Veges",62544029
2847,25,"Veges",58867387
2847,26,"Veges",24360242
2849,8,"Sheepmeat",27586454
2849,11,"Forestry",3305277
2849,12,"Forestry",3305277
2849,15,"Forestry",6746201
2849,16,"Forestry",7154
2849,18,"Fruit",808453
2849,24,"Veges",31479872
2849,25,"Veges",31479872
2851,8,"Sheepmeat",28479696
2851,11,"Forestry",3417453
2851,12,"Forestry",3417453
2851,15,"Forestry",6972360
2851,16,"Forestry",7154
2851,18,"Fruit",912054
2851,24,"Veges",31479872
2851,25,"Veges",31479872
2852,1,"Dairy",4810891
2852,2,"Beef",492541
2852,3,"Beef",492541
2852,4,"Beef",1476397
2852,5,"Beef",137319
2852,6,"Beef",137319
2852,7,"Beef",411614
2852,8,"Sheepmeat",1230326
2852,9,"Sheepmeat",1143293
2852,10,"Sheepmeat",1143293
2852,11,"Forestry",18355
2852,12,"Forestry",18355
2852,13,"Forestry",1776
2852,14,"Forestry",1776
2852,15,"Forestry",37005
2852,16,"Forestry",523402
2853,2,"Beef",98958
2853,3,"Beef",98958
2853,4,"Beef",296628
2853,8,"Sheepmeat",302280
2853,9,"Sheepmeat",280897
2853,10,"Sheepmeat",280897
2853,11,"Forestry",242
2853,12,"Forestry",242
2853,13,"Forestry",23
2853,14,"Forestry",23
2853,15,"Forestry",488
2853,16,"Forestry",6905
2854,2,"Beef",98958
2854,3,"Beef",98958
2854,4,"Beef",296628
2854,8,"Sheepmeat",302280
2854,9,"Sheepmeat",280897
2854,10,"Sheepmeat",280897
2854,11,"Forestry",242
2854,12,"Forestry",242
2854,13,"Forestry",23
2854,14,"Forestry",23
2854,15,"Forestry",488
2854,16,"Forestry",6905
2855,2,"Beef",99037
2855,3,"Beef",99037
2855,4,"Beef",296864
2855,8,"Sheepmeat",302341
2855,9,"Sheepmeat",280953
2855,10,"Sheepmeat",280953
2855,11,"Forestry",242
2855,12,"Forestry",242
2855,13,"Forestry",23
2855,14,"Forestry",23
2855,15,"Forestry",488
2855,16,"Forestry",6905
2856,2,"Beef",0
2856,3,"Beef",0
2856,4,"Beef",0
2856,8,"Sheepmeat",283
2856,9,"Sheepmeat",263
2856,10,"Sheepmeat",263
2856,11,"Forestry",182
2856,12,"Forestry",182
2856,13,"Forestry",18
2856,14,"Forestry",18
2856,15,"Forestry",366
2856,16,"Forestry",5179
2857,2,"Beef",28052
2857,3,"Beef",28052
2857,4,"Beef",84086
2857,8,"Sheepmeat",70899
2857,9,"Sheepmeat",65883
2857,10,"Sheepmeat",65883
2857,11,"Forestry",184
2857,12,"Forestry",184
2857,13,"Forestry",18
2857,14,"Forestry",18
2857,15,"Forestry",371
2857,16,"Forestry",5248
2858,2,"Beef",28062
2858,3,"Beef",28062
2858,4,"Beef",84115
2858,8,"Sheepmeat",80792
2858,9,"Sheepmeat",75077
2858,10,"Sheepmeat",75077
2858,11,"Forestry",184
2858,12,"Forestry",184
2858,13,"Forestry",18
2858,14,"Forestry",18
2858,15,"Forestry",371
2858,16,"Forestry",5248
2859,2,"Beef",67075
2859,3,"Beef",67075
2859,4,"Beef",201059
2859,8,"Sheepmeat",229930
2859,9,"Sheepmeat",213665
2859,10,"Sheepmeat",213665
2859,11,"Forestry",241
2859,12,"Forestry",241
2859,13,"Forestry",23
2859,14,"Forestry",23
2859,15,"Forestry",486
2859,16,"Forestry",6867
2860,8,"Sheepmeat",106
2860,9,"Sheepmeat",98
2860,10,"Sheepmeat",98
2860,11,"Forestry",19
2860,12,"Forestry",19
2860,13,"Forestry",2
2860,14,"Forestry",2
2860,15,"Forestry",37
2860,16,"Forestry",529
2861,2,"Beef",40194
2861,3,"Beef",40194
2861,4,"Beef",120483
2861,8,"Sheepmeat",48603
2861,9,"Sheepmeat",45165
2861,10,"Sheepmeat",45165
2861,11,"Forestry",45518
2861,12,"Forestry",45518
2861,13,"Forestry",4405
2861,14,"Forestry",4405
2861,15,"Forestry",91769
2861,16,"Forestry",1297985
2862,1,"Dairy",294382
2862,2,"Beef",12898830
2862,3,"Beef",12898830
2862,4,"Beef",38664404
2862,5,"Beef",8405
2862,6,"Beef",8405
2862,7,"Beef",25194
2862,8,"Sheepmeat",27050292
2862,9,"Sheepmeat",25007138
2862,10,"Sheepmeat",25007138
2862,11,"Forestry",3300057
2862,12,"Forestry",3300057
2862,13,"Forestry",319360
2862,14,"Forestry",319360
2862,15,"Forestry",6735675
2862,16,"Forestry",96963363
2862,17,"Fruit",702883
2862,18,"Fruit",702883
2862,19,"Fruit",1544461
2862,20,"Fruit",88400
2862,21,"Fruit",176749
2862,22,"Fruit",45315
2862,23,"Veges",26209103
2862,24,"Veges",31426362
2862,25,"Veges",31426362
2862,26,"Veges",13004718
2863,1,"Dairy",294382
2863,2,"Beef",12937958
2863,3,"Beef",12937958
2863,4,"Beef",38781690
2863,5,"Beef",8405
2863,6,"Beef",8405
2863,7,"Beef",25194
2863,8,"Sheepmeat",27166707
2863,9,"Sheepmeat",25115318
2863,10,"Sheepmeat",25115318
2863,11,"Forestry",3300345
2863,12,"Forestry",3300345
2863,13,"Forestry",319388
2863,14,"Forestry",319388
2863,15,"Forestry",6736256
2863,16,"Forestry",96971590
2863,17,"Fruit",702883
2863,18,"Fruit",702883
2863,19,"Fruit",1544461
2863,20,"Fruit",88400
2863,21,"Fruit",176749
2863,22,"Fruit",45315
2863,23,"Veges",26209103
2863,24,"Veges",31426362
2863,25,"Veges",31426362
2863,26,"Veges",13004718
2864,2,"Beef",43025463
2864,3,"Beef",43025463
2864,4,"Beef",128969361
2864,5,"Beef",281308
2864,6,"Beef",281308
2864,7,"Beef",843225
2864,8,"Sheepmeat",6287742
2864,9,"Sheepmeat",86297832
2864,10,"Sheepmeat",86297832
2864,11,"Forestry",1205883
2864,12,"Forestry",1205883
2864,13,"Forestry",116698
2864,14,"Forestry",116698
2864,15,"Forestry",2431217
2864,16,"Forestry",34387127
2864,17,"Fruit",12366544
2864,18,"Fruit",12366544
2864,19,"Fruit",27173278
2864,20,"Fruit",1595473
2864,21,"Fruit",3190016
2864,22,"Fruit",797271
2864,23,"Veges",31044798
2864,24,"Veges",30010232
2864,25,"Veges",30010232
2864,26,"Veges",12418701
2865,2,"Beef",43069084
2865,3,"Beef",43069084
2865,4,"Beef",129100114
2865,5,"Beef",281308
2865,6,"Beef",281308
2865,7,"Beef",843225
2865,8,"Sheepmeat",6253996
2865,9,"Sheepmeat",86329191
2865,10,"Sheepmeat",86329191
2865,11,"Forestry",1205751
2865,12,"Forestry",1205751
2865,13,"Forestry",116686
2865,14,"Forestry",116686
2865,15,"Forestry",2430950
2865,16,"Forestry",34383359
2865,17,"Fruit",10640465
2865,18,"Fruit",10640465
2865,19,"Fruit",23380526
2865,20,"Fruit",1372782
2865,21,"Fruit",2744764
2865,22,"Fruit",685991
2865,23,"Veges",28766663
2865,24,"Veges",27808016
2865,25,"Veges",27808016
2865,26,"Veges",11507390
2866,2,"Beef",43071181
2866,3,"Beef",43071181
2866,4,"Beef",129106400
2866,5,"Beef",281308
2866,6,"Beef",281308
2866,7,"Beef",843225
2866,8,"Sheepmeat",6252373
2866,9,"Sheepmeat",86330698
2866,10,"Sheepmeat",86330698
2866,11,"Forestry",1205751
2866,12,"Forestry",1205751
2866,13,"Forestry",116686
2866,14,"Forestry",116686
2866,15,"Forestry",2430950
2866,16,"Forestry",34383359
2866,17,"Fruit",10471456
2866,18,"Fruit",10471456
2866,19,"Fruit",23009159
2866,20,"Fruit",1350978
2866,21,"Fruit",2701168
2866,22,"Fruit",675095
2866,23,"Veges",28115665
2866,24,"Veges",27178712
2866,25,"Veges",27178712
2866,26,"Veges",11246974
2867,2,"Beef",43160210
2867,3,"Beef",43160210
2867,4,"Beef",129373265
2867,5,"Beef",281308
2867,6,"Beef",281308
2867,7,"Beef",843225
2867,8,"Sheepmeat",5997303
2867,9,"Sheepmeat",86567726
2867,10,"Sheepmeat",86567726
2867,11,"Forestry",1196439
2867,12,"Forestry",1196439
2867,13,"Forestry",115784
2867,14,"Forestry",115784
2867,15,"Forestry",2412176
2867,16,"Forestry",34117817
2867,17,"Fruit",8346635
2867,18,"Fruit",8346635
2867,19,"Fruit",18340244
2867,20,"Fruit",1076843
2867,21,"Fruit",2153059
2867,22,"Fruit",538108
2867,23,"Veges",25109406
2867,24,"Veges",24272636
2867,25,"Veges",24272636
2867,26,"Veges",10044395
2868,2,"Beef",43160210
2868,3,"Beef",43160210
2868,4,"Beef",129373265
2868,5,"Beef",281308
2868,6,"Beef",281308
2868,7,"Beef",843225
2868,8,"Sheepmeat",2161912
2868,9,"Sheepmeat",86567726
2868,10,"Sheepmeat",86567726
2868,11,"Forestry",716668
2868,12,"Forestry",716668
2868,13,"Forestry",69355
2868,14,"Forestry",69355
2868,15,"Forestry",1444896
2868,16,"Forestry",20436605
2868,17,"Fruit",4579391
2868,18,"Fruit",4579391
2868,19,"Fruit",10062396
2868,20,"Fruit",590811
2868,21,"Fruit",1181278
2868,22,"Fruit",295233
2868,23,"Veges",16348632
2868,24,"Veges",15803815
2868,25,"Veges",15803815
2868,26,"Veges",6539865
2869,2,"Beef",43504647
2869,3,"Beef",43504647
2869,4,"Beef",130405719
2869,5,"Beef",281308
2869,6,"Beef",281308
2869,7,"Beef",843225
2869,8,"Sheepmeat",2115821
2869,9,"Sheepmeat",86944677
2869,10,"Sheepmeat",86944677
2869,11,"Forestry",716597
2869,12,"Forestry",716597
2869,13,"Forestry",69348
2869,14,"Forestry",69348
2869,15,"Forestry",1444753
2869,16,"Forestry",20434586
2869,17,"Fruit",1944163
2869,18,"Fruit",1944163
2869,19,"Fruit",4271953
2869,20,"Fruit",250827
2869,21,"Fruit",501507
2869,22,"Fruit",125340
2869,23,"Veges",8987015
2869,24,"Veges",8687523
2869,25,"Veges",8687523
2869,26,"Veges",3595032
2870,2,"Beef",43581432
2870,3,"Beef",43581432
2870,4,"Beef",130635885
2870,5,"Beef",281308
2870,6,"Beef",281308
2870,7,"Beef",843225
2870,8,"Sheepmeat",2042490
2870,9,"Sheepmeat",87012821
2870,10,"Sheepmeat",87012821
2870,11,"Forestry",716597
2870,12,"Forestry",716597
2870,13,"Forestry",69348
2870,14,"Forestry",69348
2870,15,"Forestry",1444753
2870,16,"Forestry",20434586
2870,17,"Fruit",1942207
2870,18,"Fruit",1942207
2870,19,"Fruit",4267654
2870,20,"Fruit",250574
2870,21,"Fruit",501003
2870,22,"Fruit",125214
2870,23,"Veges",8459689
2870,24,"Veges",8177771
2870,25,"Veges",8177771
2870,26,"Veges",3384089
2871,2,"Beef",43587025
2871,3,"Beef",43587025
2871,4,"Beef",130652649
2871,5,"Beef",281308
2871,6,"Beef",281308
2871,7,"Beef",843225
2871,8,"Sheepmeat",2028351
2871,9,"Sheepmeat",87025960
2871,10,"Sheepmeat",87025960
2871,11,"Forestry",716597
2871,12,"Forestry",716597
2871,13,"Forestry",69348
2871,14,"Forestry",69348
2871,15,"Forestry",1444753
2871,16,"Forestry",20434586
2871,17,"Fruit",1942207
2871,18,"Fruit",1942207
2871,19,"Fruit",4267654
2871,20,"Fruit",250574
2871,21,"Fruit",501003
2871,22,"Fruit",125214
2871,23,"Veges",8360832
2871,24,"Veges",8082208
2871,25,"Veges",8082208
2871,26,"Veges",3344543
2872,2,"Beef",43852732
2872,3,"Beef",43852732
2872,4,"Beef",131449111
2872,5,"Beef",281308
2872,6,"Beef",281308
2872,7,"Beef",843225
2872,8,"Sheepmeat",1622943
2872,9,"Sheepmeat",87402689
2872,10,"Sheepmeat",87402689
2872,11,"Forestry",714018
2872,12,"Forestry",714018
2872,13,"Forestry",69099
2872,14,"Forestry",69099
2872,15,"Forestry",1439553
2872,16,"Forestry",20361043
2872,17,"Fruit",1445998
2872,18,"Fruit",1445998
2872,19,"Fruit",3177323
2872,20,"Fruit",186556
2872,21,"Fruit",373003
2872,22,"Fruit",93224
2872,23,"Veges",3864431
2872,24,"Veges",3735649
2872,25,"Veges",3735649
2872,26,"Veges",1545870
2873,2,"Beef",43872119
2873,3,"Beef",43872119
2873,4,"Beef",131507223
2873,5,"Beef",281308
2873,6,"Beef",281308
2873,7,"Beef",843225
2873,8,"Sheepmeat",1600442
2873,9,"Sheepmeat",87423599
2873,10,"Sheepmeat",87423599
2873,11,"Forestry",713977
2873,12,"Forestry",713977
2873,13,"Forestry",69095
2873,14,"Forestry",69095
2873,15,"Forestry",1439470
2873,16,"Forestry",20359858
2873,17,"Fruit",1445998
2873,18,"Fruit",1445998
2873,19,"Fruit",3177323
2873,20,"Fruit",186556
2873,21,"Fruit",373003
2873,22,"Fruit",93224
2873,23,"Veges",2817172
2873,24,"Veges",2723290
2873,25,"Veges",2723290
2873,26,"Veges",1126940
2874,2,"Beef",31459545
2874,3,"Beef",31459545
2874,4,"Beef",94300376
2874,5,"Beef",220860
2874,6,"Beef",220860
2874,7,"Beef",662030
2874,8,"Sheepmeat",6288073
2874,9,"Sheepmeat",61558580
2874,10,"Sheepmeat",61558580
2874,11,"Forestry",1205883
2874,12,"Forestry",1205883
2874,13,"Forestry",116698
2874,14,"Forestry",116698
2874,15,"Forestry",2431217
2874,16,"Forestry",34387127
2874,17,"Fruit",12440145
2874,18,"Fruit",12440145
2874,19,"Fruit",27335003
2874,20,"Fruit",1604969
2874,21,"Fruit",3209002
2874,22,"Fruit",802016
2874,23,"Veges",31350576
2874,24,"Veges",30305820
2874,25,"Veges",30305820
2874,26,"Veges",12541021
2877,8,"Sheepmeat",28479696
2877,11,"Forestry",3417453
2877,12,"Forestry",3417453
2877,15,"Forestry",6972360
2877,18,"Fruit",912054
2877,24,"Veges",31479872
2877,25,"Veges",31479872
2878,8,"Sheepmeat",27586454
2878,11,"Forestry",3305277
2878,12,"Forestry",3305277
2878,15,"Forestry",6746201
2878,18,"Fruit",808453
2878,24,"Veges",31479872
2878,25,"Veges",31479872
2879,1,"Dairy",294382
2879,2,"Beef",11761014
2879,3,"Beef",11761014
2879,4,"Beef",35253786
2879,5,"Beef",8405
2879,6,"Beef",8405
2879,7,"Beef",25194
2879,8,"Sheepmeat",24906645
2879,9,"Sheepmeat",23015132
2879,10,"Sheepmeat",23015132
2879,11,"Forestry",3219709
2879,12,"Forestry",3219709
2879,13,"Forestry",311585
2879,14,"Forestry",311585
2879,15,"Forestry",6573684
2879,16,"Forestry",94672171
2879,17,"Fruit",560963
2879,18,"Fruit",560963
2879,19,"Fruit",1232617
2879,20,"Fruit",70090
2879,21,"Fruit",140139
2879,22,"Fruit",36165
2879,23,"Veges",26082892
2879,24,"Veges",31304356
2879,25,"Veges",31304356
2879,26,"Veges",12954230
2880,1,"Dairy",294382
2880,2,"Beef",11767558
2880,3,"Beef",11767558
2880,4,"Beef",35273402
2880,5,"Beef",8405
2880,6,"Beef",8405
2880,7,"Beef",25194
2880,8,"Sheepmeat",24912241
2880,9,"Sheepmeat",23020332
2880,10,"Sheepmeat",23020332
2880,11,"Forestry",3219709
2880,12,"Forestry",3219709
2880,13,"Forestry",311585
2880,14,"Forestry",311585
2880,15,"Forestry",6573684
2880,16,"Forestry",94672171
2880,17,"Fruit",560963
2880,18,"Fruit",560963
2880,19,"Fruit",1232617
2880,20,"Fruit",70090
2880,21,"Fruit",140139
2880,22,"Fruit",36165
2880,23,"Veges",26082892
2880,24,"Veges",31304356
2880,25,"Veges",31304356
2880,26,"Veges",12954230
2881,1,"Dairy",294382
2881,2,"Beef",10891025
2881,3,"Beef",10891025
2881,4,"Beef",32645983
2881,5,"Beef",8405
2881,6,"Beef",8405
2881,7,"Beef",25194
2881,8,"Sheepmeat",23263267
2881,9,"Sheepmeat",21488005
2881,10,"Sheepmeat",21488005
2881,11,"Forestry",3097687
2881,12,"Forestry",3097687
2881,13,"Forestry",299776
2881,14,"Forestry",299776
2881,15,"Forestry",6327672
2881,16,"Forestry",91192576
2881,17,"Fruit",560963
2881,18,"Fruit",560963
2881,19,"Fruit",1232617
2881,20,"Fruit",70090
2881,21,"Fruit",140139
2881,22,"Fruit",36165
2881,23,"Veges",25564617
2881,24,"Veges",30803352
2881,25,"Veges",30803352
2881,26,"Veges",12746907
2882,1,"Dairy",294382
2882,2,"Beef",10472519
2882,3,"Beef",10472519
2882,4,"Beef",31391507
2882,5,"Beef",8405
2882,6,"Beef",8405
2882,7,"Beef",25194
2882,8,"Sheepmeat",21876141
2882,9,"Sheepmeat",20199004
2882,10,"Sheepmeat",20199004
2882,11,"Forestry",3068790
2882,12,"Forestry",3068790
2882,13,"Forestry",296980
2882,14,"Forestry",296980
2882,15,"Forestry",6269411
2882,16,"Forestry",90368532
2882,17,"Fruit",560963
2882,18,"Fruit",560963
2882,19,"Fruit",1232617
2882,20,"Fruit",70090
2882,21,"Fruit",140139
2882,22,"Fruit",36165
2882,23,"Veges",25564617
2882,24,"Veges",30803352
2882,25,"Veges",30803352
2882,26,"Veges",12746907
2883,2,"Beef",219003
2883,3,"Beef",219003
2883,4,"Beef",656464
2883,8,"Sheepmeat",1186423
2883,9,"Sheepmeat",1102496
2883,10,"Sheepmeat",1102496
2883,11,"Forestry",27236
2883,12,"Forestry",27236
2883,13,"Forestry",2636
2883,14,"Forestry",2636
2883,15,"Forestry",54911
2883,16,"Forestry",776657
2884,1,"Dairy",294382
2884,2,"Beef",9639260
2884,3,"Beef",9639260
2884,4,"Beef",28893801
2884,5,"Beef",8405
2884,6,"Beef",8405
2884,7,"Beef",25194
2884,8,"Sheepmeat",20653457
2884,9,"Sheepmeat",19062813
2884,10,"Sheepmeat",19062813
2884,11,"Forestry",3065081
2884,12,"Forestry",3065081
2884,13,"Forestry",296621
2884,14,"Forestry",296621
2884,15,"Forestry",6261934
2884,16,"Forestry",90262777
2884,17,"Fruit",560262
2884,18,"Fruit",560262
2884,19,"Fruit",1231076
2884,20,"Fruit",70000
2884,21,"Fruit",139959
2884,22,"Fruit",36120
2884,23,"Veges",25514199
2884,24,"Veges",30754615
2884,25,"Veges",30754615
2884,26,"Veges",12726739
2885,1,"Dairy",294382
2885,2,"Beef",10072277
2885,3,"Beef",10072277
2885,4,"Beef",30191774
2885,5,"Beef",8405
2885,6,"Beef",8405
2885,7,"Beef",25194
2885,8,"Sheepmeat",21178968
2885,9,"Sheepmeat",19551149
2885,10,"Sheepmeat",19551149
2885,11,"Forestry",3068301
2885,12,"Forestry",3068301
2885,13,"Forestry",296932
2885,14,"Forestry",296932
2885,15,"Forestry",6268425
2885,16,"Forestry",90354586
2885,17,"Fruit",560262
2885,18,"Fruit",560262
2885,19,"Fruit",1231076
2885,20,"Fruit",70000
2885,21,"Fruit",139959
2885,22,"Fruit",36120
2885,23,"Veges",25564617
2885,24,"Veges",30803352
2885,25,"Veges",30803352
2885,26,"Veges",12746907
2886,2,"Beef",428
2886,3,"Beef",428
2886,4,"Beef",1283
2886,8,"Sheepmeat",6930
2886,9,"Sheepmeat",6439
2886,10,"Sheepmeat",6439
2887,2,"Beef",93410
2887,3,"Beef",93410
2887,4,"Beef",279998
2887,8,"Sheepmeat",338540
2887,9,"Sheepmeat",314592
2887,10,"Sheepmeat",314592
2887,11,"Forestry",26
2887,12,"Forestry",26
2887,13,"Forestry",3
2887,14,"Forestry",3
2887,15,"Forestry",53
2887,16,"Forestry",751
2888,1,"Dairy",294382
2888,2,"Beef",8857283
2888,3,"Beef",8857283
2888,4,"Beef",26549817
2888,5,"Beef",8405
2888,6,"Beef",8405
2888,7,"Beef",25194
2888,8,"Sheepmeat",19625958
2888,9,"Sheepmeat",18107999
2888,10,"Sheepmeat",18107999
2888,11,"Forestry",3048736
2888,12,"Forestry",3048736
2888,13,"Forestry",295039
2888,14,"Forestry",295039
2888,15,"Forestry",6228980
2888,16,"Forestry",89796671
2888,17,"Fruit",546321
2888,18,"Fruit",546321
2888,19,"Fruit",1200443
2888,20,"Fruit",68201
2888,21,"Fruit",136362
2888,22,"Fruit",35221
2888,23,"Veges",25514199
2888,24,"Veges",30754615
2888,25,"Veges",30754615
2888,26,"Veges",12726739
2889,1,"Dairy",294382
2889,2,"Beef",8685111
2889,3,"Beef",8685111
2889,4,"Beef",26033728
2889,5,"Beef",8405
2889,6,"Beef",8405
2889,7,"Beef",25194
2889,8,"Sheepmeat",19225041
2889,9,"Sheepmeat",17735442
2889,10,"Sheepmeat",17735442
2889,11,"Forestry",3048710
2889,12,"Forestry",3048710
2889,13,"Forestry",295036
2889,14,"Forestry",295036
2889,15,"Forestry",6228927
2889,16,"Forestry",89795919
2889,17,"Fruit",546321
2889,18,"Fruit",546321
2889,19,"Fruit",1200443
2889,20,"Fruit",68201
2889,21,"Fruit",136362
2889,22,"Fruit",35221
2889,23,"Veges",25514199
2889,24,"Veges",30754615
2889,25,"Veges",30754615
2889,26,"Veges",12726739
2890,1,"Dairy",294382
2890,2,"Beef",8676365
2890,3,"Beef",8676365
2890,4,"Beef",26007511
2890,5,"Beef",8405
2890,6,"Beef",8405
2890,7,"Beef",25194
2890,8,"Sheepmeat",19217836
2890,9,"Sheepmeat",17728746
2890,10,"Sheepmeat",17728746
2890,11,"Forestry",3048710
2890,12,"Forestry",3048710
2890,13,"Forestry",295036
2890,14,"Forestry",295036
2890,15,"Forestry",6228927
2890,16,"Forestry",89795919
2890,17,"Fruit",546321
2890,18,"Fruit",546321
2890,19,"Fruit",1200443
2890,20,"Fruit",68201
2890,21,"Fruit",136362
2890,22,"Fruit",35221
2890,23,"Veges",25514199
2890,24,"Veges",30754615
2890,25,"Veges",30754615
2890,26,"Veges",12726739
2891,1,"Dairy",294382
2891,2,"Beef",8675281
2891,3,"Beef",8675281
2891,4,"Beef",26004262
2891,5,"Beef",8405
2891,6,"Beef",8405
2891,7,"Beef",25194
2891,8,"Sheepmeat",19216997
2891,9,"Sheepmeat",17727967
2891,10,"Sheepmeat",17727967
2891,11,"Forestry",3048710
2891,12,"Forestry",3048710
2891,13,"Forestry",295036
2891,14,"Forestry",295036
2891,15,"Forestry",6228927
2891,16,"Forestry",89795919
2891,17,"Fruit",546321
2891,18,"Fruit",546321
2891,19,"Fruit",1200443
2891,20,"Fruit",68201
2891,21,"Fruit",136362
2891,22,"Fruit",35221
2891,23,"Veges",25514199
2891,24,"Veges",30754615
2891,25,"Veges",30754615
2891,26,"Veges",12726739
2893,8,"Sheepmeat",214
2893,9,"Sheepmeat",199
2893,10,"Sheepmeat",199
2894,2,"Beef",33128
2894,3,"Beef",33128
2894,4,"Beef",99301
2894,8,"Sheepmeat",45742
2894,9,"Sheepmeat",42506
2894,10,"Sheepmeat",42506
2895,1,"Dairy",294382
2895,2,"Beef",7103609
2895,3,"Beef",7103609
2895,4,"Beef",21293155
2895,5,"Beef",8405
2895,6,"Beef",8405
2895,7,"Beef",25194
2895,8,"Sheepmeat",16202565
2895,9,"Sheepmeat",14926775
2895,10,"Sheepmeat",14926775
2895,11,"Forestry",2666276
2895,12,"Forestry",2666276
2895,13,"Forestry",258027
2895,14,"Forestry",258027
2895,15,"Forestry",5375556
2895,16,"Forestry",76031860
2895,17,"Fruit",243416
2895,18,"Fruit",243416
2895,19,"Fruit",534863
2895,20,"Fruit",29122
2895,21,"Fruit",58226
2895,22,"Fruit",15693
2895,23,"Veges",17978346
2895,24,"Veges",23469893
2895,25,"Veges",23469893
2895,26,"Veges",9712207
2896,2,"Beef",35916
2896,3,"Beef",35916
2896,4,"Beef",107658
2896,8,"Sheepmeat",48223
2896,9,"Sheepmeat",44812
2896,10,"Sheepmeat",44812
2897,1,"Dairy",294382
2897,2,"Beef",7058662
2897,3,"Beef",7058662
2897,4,"Beef",21158426
2897,5,"Beef",8405
2897,6,"Beef",8405
2897,7,"Beef",25194
2897,8,"Sheepmeat",16145960
2897,9,"Sheepmeat",14874174
2897,10,"Sheepmeat",14874174
2897,11,"Forestry",2666276
2897,12,"Forestry",2666276
2897,13,"Forestry",258027
2897,14,"Forestry",258027
2897,15,"Forestry",5375556
2897,16,"Forestry",76031860
2897,17,"Fruit",243416
2897,18,"Fruit",243416
2897,19,"Fruit",534863
2897,20,"Fruit",29122
2897,21,"Fruit",58226
2897,22,"Fruit",15693
2897,23,"Veges",17978346
2897,24,"Veges",23469893
2897,25,"Veges",23469893
2897,26,"Veges",9712207
2898,1,"Dairy",294382
2898,2,"Beef",7054959
2898,3,"Beef",7054959
2898,4,"Beef",21147326
2898,5,"Beef",8405
2898,6,"Beef",8405
2898,7,"Beef",25194
2898,8,"Sheepmeat",16143095
2898,9,"Sheepmeat",14871512
2898,10,"Sheepmeat",14871512
2898,11,"Forestry",2666276
2898,12,"Forestry",2666276
2898,13,"Forestry",258027
2898,14,"Forestry",258027
2898,15,"Forestry",5375556
2898,16,"Forestry",76031860
2898,17,"Fruit",243416
2898,18,"Fruit",243416
2898,19,"Fruit",534863
2898,20,"Fruit",29122
2898,21,"Fruit",58226
2898,22,"Fruit",15693
2898,23,"Veges",17978346
2898,24,"Veges",23469893
2898,25,"Veges",23469893
2898,26,"Veges",9712207
2899,2,"Beef",2165
2899,3,"Beef",2165
2899,4,"Beef",6489
2899,8,"Sheepmeat",1808
2899,9,"Sheepmeat",1680
2899,10,"Sheepmeat",1680
2900,2,"Beef",8171
2900,3,"Beef",8171
2900,4,"Beef",24493
2900,8,"Sheepmeat",6761
2900,9,"Sheepmeat",6282
2900,10,"Sheepmeat",6282
2901,2,"Beef",273641
2901,3,"Beef",273641
2901,4,"Beef",820241
2901,8,"Sheepmeat",241972
2901,9,"Sheepmeat",224855
2901,10,"Sheepmeat",224855
2901,11,"Forestry",845
2901,12,"Forestry",845
2901,13,"Forestry",82
2901,14,"Forestry",82
2901,15,"Forestry",1703
2901,16,"Forestry",24092
2901,17,"Fruit",302905
2901,18,"Fruit",302905
2901,19,"Fruit",665580
2901,20,"Fruit",39079
2901,21,"Fruit",78136
2901,22,"Fruit",19528
2901,23,"Veges",330730
2901,24,"Veges",319709
2901,25,"Veges",319709
2901,26,"Veges",132300
2902,2,"Beef",116661
2902,3,"Beef",116661
2902,4,"Beef",349693
2902,8,"Sheepmeat",94960
2902,9,"Sheepmeat",88242
2902,10,"Sheepmeat",88242
2902,11,"Forestry",845
2902,12,"Forestry",845
2902,13,"Forestry",82
2902,14,"Forestry",82
2902,15,"Forestry",1703
2902,16,"Forestry",24092
2902,17,"Fruit",85409
2902,18,"Fruit",85409
2902,19,"Fruit",187671
2902,20,"Fruit",11019
2902,21,"Fruit",22032
2902,22,"Fruit",5506
2902,23,"Veges",330563
2902,24,"Veges",319547
2902,25,"Veges",319547
2902,26,"Veges",132234
2903,2,"Beef",620169
2903,3,"Beef",620169
2903,4,"Beef",1858965
2903,8,"Sheepmeat",1947626
2903,9,"Sheepmeat",1809852
2903,10,"Sheepmeat",1809852
2903,11,"Forestry",175241
2903,12,"Forestry",175241
2903,13,"Forestry",16959
2903,14,"Forestry",16959
2903,15,"Forestry",435644
2903,16,"Forestry",7855733
2904,1,"Dairy",294382
2904,2,"Beef",6514026
2904,3,"Beef",6514026
2904,4,"Beef",19525874
2904,5,"Beef",8405
2904,6,"Beef",8405
2904,7,"Beef",25194
2904,8,"Sheepmeat",14966676
2904,9,"Sheepmeat",13778312
2904,10,"Sheepmeat",13778312
2904,11,"Forestry",2403541
2904,12,"Forestry",2403541
2904,13,"Forestry",232601
2904,14,"Forestry",232601
2904,15,"Forestry",4845848
2904,16,"Forestry",68539681
2904,17,"Fruit",17693
2904,18,"Fruit",17693
2904,19,"Fruit",38877
2904,22,"Fruit",1141
2904,24,"Veges",6090675
2904,25,"Veges",6090675
2904,26,"Veges",2520416
2905,1,"Dairy",294382
2905,2,"Beef",6401994
2905,3,"Beef",6401994
2905,4,"Beef",19190057
2905,5,"Beef",8405
2905,6,"Beef",8405
2905,7,"Beef",25194
2905,8,"Sheepmeat",14739112
2905,9,"Sheepmeat",13566845
2905,10,"Sheepmeat",13566845
2905,11,"Forestry",2399562
2905,12,"Forestry",2399562
2905,13,"Forestry",232216
2905,14,"Forestry",232216
2905,15,"Forestry",4837826
2905,16,"Forestry",68426207
2905,17,"Fruit",17693
2905,18,"Fruit",17693
2905,19,"Fruit",38877
2905,22,"Fruit",1141
2905,24,"Veges",6090675
2905,25,"Veges",6090675
2905,26,"Veges",2520416
2906,2,"Beef",70961
2906,3,"Beef",70961
2906,4,"Beef",212707
2906,8,"Sheepmeat",559430
2906,9,"Sheepmeat",519856
2906,10,"Sheepmeat",519856
2906,11,"Forestry",116176
2906,12,"Forestry",116176
2906,13,"Forestry",11243
2906,14,"Forestry",11243
2906,15,"Forestry",234227
2906,16,"Forestry",3312900
2907,1,"Dairy",294382
2907,2,"Beef",6310381
2907,3,"Beef",6310381
2907,4,"Beef",18915444
2907,5,"Beef",8405
2907,6,"Beef",8405
2907,7,"Beef",25194
2907,8,"Sheepmeat",14042068
2907,9,"Sheepmeat",12919110
2907,10,"Sheepmeat",12919110
2907,11,"Forestry",2282821
2907,12,"Forestry",2282821
2907,13,"Forestry",220918
2907,14,"Forestry",220918
2907,15,"Forestry",4602462
2907,16,"Forestry",65097225
2907,17,"Fruit",17693
2907,18,"Fruit",17693
2907,19,"Fruit",38877
2907,22,"Fruit",1141
2907,24,"Veges",6090675
2907,25,"Veges",6090675
2907,26,"Veges",2520416
2908,1,"Dairy",294382
2908,2,"Beef",6310381
2908,3,"Beef",6310381
2908,4,"Beef",18915444
2908,5,"Beef",8405
2908,6,"Beef",8405
2908,7,"Beef",25194
2908,8,"Sheepmeat",13934166
2908,9,"Sheepmeat",12818842
2908,10,"Sheepmeat",12818842
2908,11,"Forestry",2280283
2908,12,"Forestry",2280283
2908,13,"Forestry",220673
2908,14,"Forestry",220673
2908,15,"Forestry",4597344
2908,16,"Forestry",65024835
2908,17,"Fruit",17693
2908,18,"Fruit",17693
2908,19,"Fruit",38877
2908,22,"Fruit",1141
2908,24,"Veges",6090675
2908,25,"Veges",6090675
2908,26,"Veges",2520416
2909,1,"Dairy",294382
2909,2,"Beef",6305139
2909,3,"Beef",6305139
2909,4,"Beef",18899732
2909,5,"Beef",8405
2909,6,"Beef",8405
2909,7,"Beef",25194
2909,8,"Sheepmeat",13875310
2909,9,"Sheepmeat",12764149
2909,10,"Sheepmeat",12764149
2909,11,"Forestry",2280274
2909,12,"Forestry",2280274
2909,13,"Forestry",220672
2909,14,"Forestry",220672
2909,15,"Forestry",4597327
2909,16,"Forestry",65024588
2909,17,"Fruit",17693
2909,18,"Fruit",17693
2909,19,"Fruit",38877
2909,22,"Fruit",1141
2909,24,"Veges",6090675
2909,25,"Veges",6090675
2909,26,"Veges",2520416
2910,1,"Dairy",294382
2910,2,"Beef",6292099
2910,3,"Beef",6292099
2910,4,"Beef",18860644
2910,5,"Beef",8405
2910,6,"Beef",8405
2910,7,"Beef",25194
2910,8,"Sheepmeat",13766437
2910,9,"Sheepmeat",12662977
2910,10,"Sheepmeat",12662977
2910,11,"Forestry",2277158
2910,12,"Forestry",2277158
2910,13,"Forestry",220370
2910,14,"Forestry",220370
2910,15,"Forestry",4591044
2910,16,"Forestry",64935730
2910,17,"Fruit",17693
2910,18,"Fruit",17693
2910,19,"Fruit",38877
2910,22,"Fruit",1141
2910,24,"Veges",6090675
2910,25,"Veges",6090675
2910,26,"Veges",2520416
2911,2,"Beef",1215
2911,3,"Beef",1215
2911,4,"Beef",3643
2911,8,"Sheepmeat",940
2911,9,"Sheepmeat",874
2911,10,"Sheepmeat",874
2912,1,"Dairy",294382
2912,2,"Beef",6291017
2912,3,"Beef",6291017
2912,4,"Beef",18857401
2912,5,"Beef",8405
2912,6,"Beef",8405
2912,7,"Beef",25194
2912,8,"Sheepmeat",13764808
2912,9,"Sheepmeat",12661464
2912,10,"Sheepmeat",12661464
2912,11,"Forestry",2277158
2912,12,"Forestry",2277158
2912,13,"Forestry",220370
2912,14,"Forestry",220370
2912,15,"Forestry",4591044
2912,16,"Forestry",64935730
2912,17,"Fruit",17693
2912,18,"Fruit",17693
2912,19,"Fruit",38877
2912,22,"Fruit",1141
2912,24,"Veges",6090675
2912,25,"Veges",6090675
2912,26,"Veges",2520416
2913,1,"Dairy",294382
2913,2,"Beef",6290735
2913,3,"Beef",6290735
2913,4,"Beef",18856556
2913,5,"Beef",8405
2913,6,"Beef",8405
2913,7,"Beef",25194
2913,8,"Sheepmeat",13764590
2913,9,"Sheepmeat",12661261
2913,10,"Sheepmeat",12661261
2913,11,"Forestry",2277158
2913,12,"Forestry",2277158
2913,13,"Forestry",220370
2913,14,"Forestry",220370
2913,15,"Forestry",4591044
2913,16,"Forestry",64935730
2913,17,"Fruit",17693
2913,18,"Fruit",17693
2913,19,"Fruit",38877
2913,22,"Fruit",1141
2913,24,"Veges",6090675
2913,25,"Veges",6090675
2913,26,"Veges",2520416
2914,1,"Dairy",294382
2914,2,"Beef",6286356
2914,3,"Beef",6286356
2914,4,"Beef",18843431
2914,5,"Beef",8405
2914,6,"Beef",8405
2914,7,"Beef",25194
2914,8,"Sheepmeat",13728674
2914,9,"Sheepmeat",12627885
2914,10,"Sheepmeat",12627885
2914,11,"Forestry",2276300
2914,12,"Forestry",2276300
2914,13,"Forestry",220287
2914,14,"Forestry",220287
2914,15,"Forestry",4589314
2914,16,"Forestry",64911263
2914,17,"Fruit",17693
2914,18,"Fruit",17693
2914,19,"Fruit",38877
2914,22,"Fruit",1141
2914,24,"Veges",6090675
2914,25,"Veges",6090675
2914,26,"Veges",2520416
2915,1,"Dairy",294382
2915,2,"Beef",6286177
2915,3,"Beef",6286177
2915,4,"Beef",18842893
2915,5,"Beef",8405
2915,6,"Beef",8405
2915,7,"Beef",25194
2915,8,"Sheepmeat",13728535
2915,9,"Sheepmeat",12627756
2915,10,"Sheepmeat",12627756
2915,11,"Forestry",2276300
2915,12,"Forestry",2276300
2915,13,"Forestry",220287
2915,14,"Forestry",220287
2915,15,"Forestry",4589314
2915,16,"Forestry",64911263
2915,17,"Fruit",17693
2915,18,"Fruit",17693
2915,19,"Fruit",38877
2915,22,"Fruit",1141
2915,24,"Veges",6090675
2915,25,"Veges",6090675
2915,26,"Veges",2520416
2916,8,"Sheepmeat",96
2916,9,"Sheepmeat",89
2916,10,"Sheepmeat",89
2917,2,"Beef",3900
2917,3,"Beef",3900
2917,4,"Beef",11690
2917,8,"Sheepmeat",34686
2917,9,"Sheepmeat",32232
2917,10,"Sheepmeat",32232
2917,11,"Forestry",858
2917,12,"Forestry",858
2917,13,"Forestry",83
2917,14,"Forestry",83
2917,15,"Forestry",1730
2917,16,"Forestry",24468
2918,8,"Sheepmeat",15463
2918,9,"Sheepmeat",14369
2918,10,"Sheepmeat",14369
2918,11,"Forestry",45
2918,12,"Forestry",45
2918,13,"Forestry",4
2918,14,"Forestry",4
2918,15,"Forestry",90
2918,16,"Forestry",1270
2919,1,"Dairy",294382
2919,2,"Beef",6233508
2919,3,"Beef",6233508
2919,4,"Beef",18685016
2919,5,"Beef",8405
2919,6,"Beef",8405
2919,7,"Beef",25194
2919,8,"Sheepmeat",13381192
2919,9,"Sheepmeat",12304984
2919,10,"Sheepmeat",12304984
2919,11,"Forestry",2230391
2919,12,"Forestry",2230391
2919,13,"Forestry",215844
2919,14,"Forestry",215844
2919,15,"Forestry",4496757
2919,16,"Forestry",63602124
2919,17,"Fruit",17693
2919,18,"Fruit",17693
2919,19,"Fruit",38877
2919,22,"Fruit",1141
2919,24,"Veges",6090675
2919,25,"Veges",6090675
2919,26,"Veges",2520416
2920,1,"Dairy",294382
2920,2,"Beef",6198126
2920,3,"Beef",6198126
2920,4,"Beef",18578959
2920,5,"Beef",8405
2920,6,"Beef",8405
2920,7,"Beef",25194
2920,8,"Sheepmeat",12833570
2920,9,"Sheepmeat",11796101
2920,10,"Sheepmeat",11796101
2920,11,"Forestry",2204646
2920,12,"Forestry",2204646
2920,13,"Forestry",213353
2920,14,"Forestry",213353
2920,15,"Forestry",4444851
2920,16,"Forestry",62867974
2920,17,"Fruit",17693
2920,18,"Fruit",17693
2920,19,"Fruit",38877
2920,22,"Fruit",1141
2920,24,"Veges",6090675
2920,25,"Veges",6090675
2920,26,"Veges",2520416
2921,1,"Dairy",294382
2921,2,"Beef",6190687
2921,3,"Beef",6190687
2921,4,"Beef",18556663
2921,5,"Beef",8405
2921,6,"Beef",8405
2921,7,"Beef",25194
2921,8,"Sheepmeat",12827816
2921,9,"Sheepmeat",11790753
2921,10,"Sheepmeat",11790753
2921,11,"Forestry",2204049
2921,12,"Forestry",2204049
2921,13,"Forestry",213295
2921,14,"Forestry",213295
2921,15,"Forestry",4443648
2921,16,"Forestry",62850958
2921,17,"Fruit",17693
2921,18,"Fruit",17693
2921,19,"Fruit",38877
2921,22,"Fruit",1141
2921,24,"Veges",6090675
2921,25,"Veges",6090675
2921,26,"Veges",2520416
2922,1,"Dairy",294382
2922,2,"Beef",6184860
2922,3,"Beef",6184860
2922,4,"Beef",18539195
2922,5,"Beef",8405
2922,6,"Beef",8405
2922,7,"Beef",25194
2922,8,"Sheepmeat",12768517
2922,9,"Sheepmeat",11735650
2922,10,"Sheepmeat",11735650
2922,11,"Forestry",2202962
2922,12,"Forestry",2202962
2922,13,"Forestry",213190
2922,14,"Forestry",213190
2922,15,"Forestry",4441455
2922,16,"Forestry",62819937
2922,17,"Fruit",17693
2922,18,"Fruit",17693
2922,19,"Fruit",38877
2922,22,"Fruit",1141
2922,24,"Veges",6090675
2922,25,"Veges",6090675
2922,26,"Veges",2520416
2923,1,"Dairy",294382
2923,2,"Beef",6183660
2923,3,"Beef",6183660
2923,4,"Beef",18535597
2923,5,"Beef",8405
2923,6,"Beef",8405
2923,7,"Beef",25194
2923,8,"Sheepmeat",12767588
2923,9,"Sheepmeat",11734787
2923,10,"Sheepmeat",11734787
2923,11,"Forestry",2202888
2923,12,"Forestry",2202888
2923,13,"Forestry",213183
2923,14,"Forestry",213183
2923,15,"Forestry",4441307
2923,16,"Forestry",62817847
2923,17,"Fruit",17693
2923,18,"Fruit",17693
2923,19,"Fruit",38877
2923,22,"Fruit",1141
2923,24,"Veges",6090675
2923,25,"Veges",6090675
2923,26,"Veges",2520416
2925,1,"Dairy",294382
2925,2,"Beef",6182844
2925,3,"Beef",6182844
2925,4,"Beef",18533151
2925,5,"Beef",8405
2925,6,"Beef",8405
2925,7,"Beef",25194
2925,8,"Sheepmeat",12766957
2925,9,"Sheepmeat",11734200
2925,10,"Sheepmeat",11734200
2925,11,"Forestry",2202885
2925,12,"Forestry",2202885
2925,13,"Forestry",213182
2925,14,"Forestry",213182
2925,15,"Forestry",4441301
2925,16,"Forestry",62817756
2925,17,"Fruit",17693
2925,18,"Fruit",17693
2925,19,"Fruit",38877
2925,22,"Fruit",1141
2925,24,"Veges",6090675
2925,25,"Veges",6090675
2925,26,"Veges",2520416
2926,1,"Dairy",294382
2926,2,"Beef",6180527
2926,3,"Beef",6180527
2926,4,"Beef",18526205
2926,5,"Beef",8405
2926,6,"Beef",8405
2926,7,"Beef",25194
2926,8,"Sheepmeat",12753597
2926,9,"Sheepmeat",11721785
2926,10,"Sheepmeat",11721785
2926,11,"Forestry",2168982
2926,12,"Forestry",2168982
2926,13,"Forestry",209901
2926,14,"Forestry",209901
2926,15,"Forestry",4372947
2926,16,"Forestry",61850967
2926,17,"Fruit",17693
2926,18,"Fruit",17693
2926,19,"Fruit",38877
2926,22,"Fruit",1141
2926,24,"Veges",6090675
2926,25,"Veges",6090675
2926,26,"Veges",2520416
2927,2,"Beef",89925
2927,3,"Beef",89925
2927,4,"Beef",269552
2927,8,"Sheepmeat",203213
2927,9,"Sheepmeat",188838
2927,10,"Sheepmeat",188838
2927,11,"Forestry",35346
2927,12,"Forestry",35346
2927,13,"Forestry",3421
2927,14,"Forestry",3421
2927,15,"Forestry",71261
2927,16,"Forestry",1007923
2928,2,"Beef",85783
2928,3,"Beef",85783
2928,4,"Beef",257137
2928,8,"Sheepmeat",191464
2928,9,"Sheepmeat",177920
2928,10,"Sheepmeat",177920
2928,11,"Forestry",35294
2928,12,"Forestry",35294
2928,13,"Forestry",3416
2928,14,"Forestry",3416
2928,15,"Forestry",71158
2928,16,"Forestry",1006452
2929,1,"Dairy",294382
2929,2,"Beef",6088238
2929,3,"Beef",6088238
2929,4,"Beef",18249569
2929,5,"Beef",8405
2929,6,"Beef",8405
2929,7,"Beef",25194
2929,8,"Sheepmeat",12546194
2929,9,"Sheepmeat",11529054
2929,10,"Sheepmeat",11529054
2929,11,"Forestry",2119557
2929,12,"Forestry",2119557
2929,13,"Forestry",205118
2929,14,"Forestry",205118
2929,15,"Forestry",4273301
2929,16,"Forestry",60441571
2929,17,"Fruit",17693
2929,18,"Fruit",17693
2929,19,"Fruit",38877
2929,22,"Fruit",1141
2929,24,"Veges",6090675
2929,25,"Veges",6090675
2929,26,"Veges",2520416
2930,1,"Dairy",294382
2930,2,"Beef",6083016
2930,3,"Beef",6083016
2930,4,"Beef",18233915
2930,5,"Beef",8405
2930,6,"Beef",8405
2930,7,"Beef",25194
2930,8,"Sheepmeat",12537136
2930,9,"Sheepmeat",11520636
2930,10,"Sheepmeat",11520636
2930,11,"Forestry",2116232
2930,12,"Forestry",2116232
2930,13,"Forestry",204797
2930,14,"Forestry",204797
2930,15,"Forestry",4266598
2930,16,"Forestry",60346758
2930,17,"Fruit",17693
2930,18,"Fruit",17693
2930,19,"Fruit",38877
2930,22,"Fruit",1141
2930,24,"Veges",6090675
2930,25,"Veges",6090675
2930,26,"Veges",2520416
2931,1,"Dairy",294382
2931,2,"Beef",6047401
2931,3,"Beef",6047401
2931,4,"Beef",18127158
2931,5,"Beef",8405
2931,6,"Beef",8405
2931,7,"Beef",25194
2931,8,"Sheepmeat",12286176
2931,9,"Sheepmeat",11287429
2931,10,"Sheepmeat",11287429
2931,11,"Forestry",2087259
2931,12,"Forestry",2087259
2931,13,"Forestry",201993
2931,14,"Forestry",201993
2931,15,"Forestry",4208183
2931,16,"Forestry",59520540
2931,17,"Fruit",17693
2931,18,"Fruit",17693
2931,19,"Fruit",38877
2931,22,"Fruit",1141
2931,24,"Veges",6090675
2931,25,"Veges",6090675
2931,26,"Veges",2520416
2932,2,"Beef",32513
2932,3,"Beef",32513
2932,4,"Beef",97458
2932,8,"Sheepmeat",15530
2932,9,"Sheepmeat",115196
2932,10,"Sheepmeat",115196
2932,11,"Forestry",57253
2932,12,"Forestry",57253
2932,13,"Forestry",5541
2932,14,"Forestry",5541
2932,15,"Forestry",115429
2932,16,"Forestry",1632632
2932,20,"Fruit",2283
2932,21,"Fruit",4564
2932,23,"Veges",6300643
2933,1,"Dairy",294382
2933,2,"Beef",6023862
2933,3,"Beef",6023862
2933,4,"Beef",18056601
2933,5,"Beef",8405
2933,6,"Beef",8405
2933,7,"Beef",25194
2933,8,"Sheepmeat",12104070
2933,9,"Sheepmeat",11247833
2933,10,"Sheepmeat",11247833
2933,11,"Forestry",1985559
2933,12,"Forestry",1985559
2933,13,"Forestry",192151
2933,14,"Forestry",192151
2933,15,"Forestry",4003143
2933,16,"Forestry",56620456
2933,17,"Fruit",17693
2933,18,"Fruit",17693
2933,19,"Fruit",38877
2933,20,"Fruit",2283
2933,21,"Fruit",4564
2933,22,"Fruit",1141
2933,23,"Veges",6300643
2933,24,"Veges",6090675
2933,25,"Veges",6090675
2933,26,"Veges",2520416
2934,2,"Beef",84232
2934,3,"Beef",84232
2934,4,"Beef",252487
2934,8,"Sheepmeat",179852
2934,9,"Sheepmeat",167130
2934,10,"Sheepmeat",167130
2934,11,"Forestry",20428
2934,12,"Forestry",20428
2934,13,"Forestry",1977
2934,14,"Forestry",1977
2934,15,"Forestry",41185
2934,16,"Forestry",582519
2935,2,"Beef",85177
2935,3,"Beef",85177
2935,4,"Beef",255319
2935,8,"Sheepmeat",181363
2935,9,"Sheepmeat",168533
2935,10,"Sheepmeat",168533
2935,11,"Forestry",20428
2935,12,"Forestry",20428
2935,13,"Forestry",1977
2935,14,"Forestry",1977
2935,15,"Forestry",41185
2935,16,"Forestry",582519
2936,2,"Beef",480511
2936,3,"Beef",480511
2936,4,"Beef",1440338
2936,8,"Sheepmeat",1455308
2936,9,"Sheepmeat",1352360
2936,10,"Sheepmeat",1352360
2936,11,"Forestry",280213
2936,12,"Forestry",280213
2936,13,"Forestry",27117
2936,14,"Forestry",27117
2936,15,"Forestry",564945
2936,16,"Forestry",7990576
2936,23,"Veges",170209
2936,24,"Veges",164536
2936,25,"Veges",164536
2936,26,"Veges",68088
2937,1,"Dairy",294382
2937,2,"Beef",6000967
2937,3,"Beef",6000967
2937,4,"Beef",17987973
2937,5,"Beef",8405
2937,6,"Beef",8405
2937,7,"Beef",25194
2937,8,"Sheepmeat",12021348
2937,9,"Sheepmeat",11170963
2937,10,"Sheepmeat",11170963
2937,11,"Forestry",1964445
2937,12,"Forestry",1964445
2937,13,"Forestry",190108
2937,14,"Forestry",190108
2937,15,"Forestry",3960574
2937,16,"Forestry",56018363
2937,17,"Fruit",17693
2937,18,"Fruit",17693
2937,19,"Fruit",38877
2937,20,"Fruit",2283
2937,21,"Fruit",4564
2937,22,"Fruit",1141
2937,23,"Veges",6300643
2937,24,"Veges",6090675
2937,25,"Veges",6090675
2937,26,"Veges",2520416
2938,2,"Beef",437469
2938,3,"Beef",437469
2938,4,"Beef",1311317
2938,8,"Sheepmeat",1413407
2938,9,"Sheepmeat",1313423
2938,10,"Sheepmeat",1313423
2938,11,"Forestry",280208
2938,12,"Forestry",280208
2938,13,"Forestry",27117
2938,14,"Forestry",27117
2938,15,"Forestry",564936
2938,16,"Forestry",7990450
2938,23,"Veges",170209
2938,24,"Veges",164536
2938,25,"Veges",164536
2938,26,"Veges",68088
2939,1,"Dairy",294382
2939,2,"Beef",5406068
2939,3,"Beef",5406068
2939,4,"Beef",16204755
2939,5,"Beef",8405
2939,6,"Beef",8405
2939,7,"Beef",25194
2939,8,"Sheepmeat",10409419
2939,9,"Sheepmeat",9673062
2939,10,"Sheepmeat",9673062
2939,11,"Forestry",1680599
2939,12,"Forestry",1680599
2939,13,"Forestry",162639
2939,14,"Forestry",162639
2939,15,"Forestry",3388305
2939,16,"Forestry",47924183
2939,17,"Fruit",17693
2939,18,"Fruit",17693
2939,19,"Fruit",38877
2939,20,"Fruit",2283
2939,21,"Fruit",4564
2939,22,"Fruit",1141
2939,23,"Veges",6130435
2939,24,"Veges",5926138
2939,25,"Veges",5926138
2939,26,"Veges",2452328
2940,1,"Dairy",294382
2940,2,"Beef",6012745
2940,3,"Beef",6012745
2940,4,"Beef",18023277
2940,5,"Beef",8405
2940,6,"Beef",8405
2940,7,"Beef",25194
2940,8,"Sheepmeat",12072548
2940,9,"Sheepmeat",11218541
2940,10,"Sheepmeat",11218541
2940,11,"Forestry",1964830
2940,12,"Forestry",1964830
2940,13,"Forestry",190145
2940,14,"Forestry",190145
2940,15,"Forestry",3961351
2940,16,"Forestry",56029342
2940,17,"Fruit",17693
2940,18,"Fruit",17693
2940,19,"Fruit",38877
2940,20,"Fruit",2283
2940,21,"Fruit",4564
2940,22,"Fruit",1141
2940,23,"Veges",6300643
2940,24,"Veges",6090675
2940,25,"Veges",6090675
2940,26,"Veges",2520416
2941,1,"Dairy",294382
2941,2,"Beef",5403242
2941,3,"Beef",5403242
2941,4,"Beef",16196284
2941,5,"Beef",8405
2941,6,"Beef",8405
2941,7,"Beef",25194
2941,8,"Sheepmeat",10403920
2941,9,"Sheepmeat",9667952
2941,10,"Sheepmeat",9667952
2941,11,"Forestry",1680599
2941,12,"Forestry",1680599
2941,13,"Forestry",162639
2941,14,"Forestry",162639
2941,15,"Forestry",3388305
2941,16,"Forestry",47924183
2941,17,"Fruit",17693
2941,18,"Fruit",17693
2941,19,"Fruit",38877
2941,20,"Fruit",2283
2941,21,"Fruit",4564
2941,22,"Fruit",1141
2941,23,"Veges",6130435
2941,24,"Veges",5926138
2941,25,"Veges",5926138
2941,26,"Veges",2452328
2942,1,"Dairy",294382
2942,2,"Beef",5393902
2942,3,"Beef",5393902
2942,4,"Beef",16168289
2942,5,"Beef",8405
2942,6,"Beef",8405
2942,7,"Beef",25194
2942,8,"Sheepmeat",10383230
2942,9,"Sheepmeat",9648725
2942,10,"Sheepmeat",9648725
2942,11,"Forestry",1680599
2942,12,"Forestry",1680599
2942,13,"Forestry",162639
2942,14,"Forestry",162639
2942,15,"Forestry",3388305
2942,16,"Forestry",47924183
2942,17,"Fruit",17693
2942,18,"Fruit",17693
2942,19,"Fruit",38877
2942,20,"Fruit",2283
2942,21,"Fruit",4564
2942,22,"Fruit",1141
2942,23,"Veges",6130435
2942,24,"Veges",5926138
2942,25,"Veges",5926138
2942,26,"Veges",2452328
2943,1,"Dairy",294382
2943,2,"Beef",5194374
2943,3,"Beef",5194374
2943,4,"Beef",15570200
2943,5,"Beef",8405
2943,6,"Beef",8405
2943,7,"Beef",25194
2943,8,"Sheepmeat",10203332
2943,9,"Sheepmeat",9481553
2943,10,"Sheepmeat",9481553
2943,11,"Forestry",1671532
2943,12,"Forestry",1671532
2943,13,"Forestry",161761
2943,14,"Forestry",161761
2943,15,"Forestry",3370025
2943,16,"Forestry",47665631
2943,17,"Fruit",17693
2943,18,"Fruit",17693
2943,19,"Fruit",38877
2943,20,"Fruit",2283
2943,21,"Fruit",4564
2943,22,"Fruit",1141
2943,23,"Veges",5376168
2943,24,"Veges",5197008
2943,25,"Veges",5197008
2943,26,"Veges",2150603
2944,2,"Beef",83845
2944,3,"Beef",83845
2944,4,"Beef",251325
2944,8,"Sheepmeat",68001
2944,9,"Sheepmeat",63191
2944,10,"Sheepmeat",63191
2944,11,"Forestry",7591
2944,12,"Forestry",7591
2944,13,"Forestry",735
2944,14,"Forestry",735
2944,15,"Forestry",15305
2944,16,"Forestry",216477
2944,23,"Veges",754266
2944,24,"Veges",729130
2944,25,"Veges",729130
2944,26,"Veges",301726
2945,1,"Dairy",294382
2945,2,"Beef",5135145
2945,3,"Beef",5135145
2945,4,"Beef",15392662
2945,5,"Beef",8405
2945,6,"Beef",8405
2945,7,"Beef",25194
2945,8,"Sheepmeat",9957957
2945,9,"Sheepmeat",9253535
2945,10,"Sheepmeat",9253535
2945,11,"Forestry",1670012
2945,12,"Forestry",1670012
2945,13,"Forestry",161614
2945,14,"Forestry",161614
2945,15,"Forestry",3366959
2945,16,"Forestry",47622269
2945,17,"Fruit",17693
2945,18,"Fruit",17693
2945,19,"Fruit",38877
2945,20,"Fruit",2283
2945,21,"Fruit",4564
2945,22,"Fruit",1141
2945,23,"Veges",5376168
2945,24,"Veges",5197008
2945,25,"Veges",5197008
2945,26,"Veges",2150603
2946,2,"Beef",913199
2946,3,"Beef",913199
2946,4,"Beef",2737326
2946,8,"Sheepmeat",1406131
2946,9,"Sheepmeat",1306662
2946,10,"Sheepmeat",1306662
2946,11,"Forestry",70258
2946,12,"Forestry",70258
2946,13,"Forestry",6799
2946,14,"Forestry",6799
2946,15,"Forestry",141650
2946,16,"Forestry",2003491
2946,23,"Veges",1812610
2946,24,"Veges",1752205
2946,25,"Veges",1752205
2946,26,"Veges",725090
2947,2,"Beef",912869
2947,3,"Beef",912869
2947,4,"Beef",2736336
2947,8,"Sheepmeat",1405875
2947,9,"Sheepmeat",1306424
2947,10,"Sheepmeat",1306424
2947,11,"Forestry",70258
2947,12,"Forestry",70258
2947,13,"Forestry",6799
2947,14,"Forestry",6799
2947,15,"Forestry",141650
2947,16,"Forestry",2003491
2947,23,"Veges",1812610
2947,24,"Veges",1752205
2947,25,"Veges",1752205
2947,26,"Veges",725090
2948,2,"Beef",9734
2948,3,"Beef",9734
2948,4,"Beef",29178
2948,8,"Sheepmeat",7659
2948,9,"Sheepmeat",7117
2948,10,"Sheepmeat",7117
2948,11,"Forestry",130
2948,12,"Forestry",130
2948,13,"Forestry",13
2948,14,"Forestry",13
2948,15,"Forestry",262
2948,16,"Forestry",3700
2949,1,"Dairy",294382
2949,2,"Beef",4176038
2949,3,"Beef",4176038
2949,4,"Beef",12517726
2949,5,"Beef",8405
2949,6,"Beef",8405
2949,7,"Beef",25194
2949,8,"Sheepmeat",8495970
2949,9,"Sheepmeat",7894969
2949,10,"Sheepmeat",7894969
2949,11,"Forestry",1592461
2949,12,"Forestry",1592461
2949,13,"Forestry",154109
2949,14,"Forestry",154109
2949,15,"Forestry",3210606
2949,16,"Forestry",45410811
2949,17,"Fruit",17693
2949,18,"Fruit",17693
2949,19,"Fruit",38877
2949,20,"Fruit",2283
2949,21,"Fruit",4564
2949,22,"Fruit",1141
2949,23,"Veges",3563558
2949,24,"Veges",3444803
2949,25,"Veges",3444803
2949,26,"Veges",1425513
2950,2,"Beef",589
2950,3,"Beef",589
2950,4,"Beef",1767
2950,8,"Sheepmeat",2239
2950,9,"Sheepmeat",2081
2950,10,"Sheepmeat",2081
2950,11,"Forestry",11035
2950,12,"Forestry",11035
2950,13,"Forestry",1068
2950,14,"Forestry",1068
2950,15,"Forestry",22247
2950,16,"Forestry",314662
2951,2,"Beef",584216
2951,3,"Beef",584216
2951,4,"Beef",1751195
2951,8,"Sheepmeat",778162
2951,9,"Sheepmeat",723115
2951,10,"Sheepmeat",723115
2951,11,"Forestry",13078
2951,12,"Forestry",13078
2951,13,"Forestry",1266
2951,14,"Forestry",1266
2951,15,"Forestry",26367
2951,16,"Forestry",372941
2951,23,"Veges",1812610
2951,24,"Veges",1752205
2951,25,"Veges",1752205
2951,26,"Veges",725090
2952,2,"Beef",580046
2952,3,"Beef",580046
2952,4,"Beef",1738696
2952,8,"Sheepmeat",774936
2952,9,"Sheepmeat",720118
2952,10,"Sheepmeat",720118
2952,11,"Forestry",13078
2952,12,"Forestry",13078
2952,13,"Forestry",1266
2952,14,"Forestry",1266
2952,15,"Forestry",26367
2952,16,"Forestry",372941
2952,23,"Veges",1812610
2952,24,"Veges",1752205
2952,25,"Veges",1752205
2952,26,"Veges",725090
2953,2,"Beef",561934
2953,3,"Beef",561934
2953,4,"Beef",1684403
2953,8,"Sheepmeat",760868
2953,9,"Sheepmeat",707044
2953,10,"Sheepmeat",707044
2953,11,"Forestry",13058
2953,12,"Forestry",13058
2953,13,"Forestry",1264
2953,14,"Forestry",1264
2953,15,"Forestry",26327
2953,16,"Forestry",372367
2953,23,"Veges",1812610
2953,24,"Veges",1752205
2953,25,"Veges",1752205
2953,26,"Veges",725090
2954,2,"Beef",561295
2954,3,"Beef",561295
2954,4,"Beef",1682487
2954,8,"Sheepmeat",760373
2954,9,"Sheepmeat",706585
2954,10,"Sheepmeat",706585
2954,11,"Forestry",13058
2954,12,"Forestry",13058
2954,13,"Forestry",1264
2954,14,"Forestry",1264
2954,15,"Forestry",26327
2954,16,"Forestry",372367
2954,23,"Veges",1812610
2954,24,"Veges",1752205
2954,25,"Veges",1752205
2954,26,"Veges",725090
2955,2,"Beef",247067
2955,3,"Beef",247067
2955,4,"Beef",740586
2955,8,"Sheepmeat",550639
2955,9,"Sheepmeat",511687
2955,10,"Sheepmeat",511687
2955,11,"Forestry",33913
2955,12,"Forestry",33913
2955,13,"Forestry",3282
2955,14,"Forestry",3282
2955,15,"Forestry",68372
2955,16,"Forestry",967057
2956,1,"Dairy",294382
2956,2,"Beef",3486950
2956,3,"Beef",3486950
2956,4,"Beef",10452177
2956,5,"Beef",8405
2956,6,"Beef",8405
2956,7,"Beef",25194
2956,8,"Sheepmeat",6428406
2956,9,"Sheepmeat",5973663
2956,10,"Sheepmeat",5973663
2956,11,"Forestry",1180520
2956,12,"Forestry",1180520
2956,13,"Forestry",114244
2956,14,"Forestry",114244
2956,15,"Forestry",2380081
2956,16,"Forestry",33663862
2956,23,"Veges",3563558
2956,24,"Veges",3444803
2956,25,"Veges",3444803
2956,26,"Veges",1425513
2957,1,"Dairy",294382
2957,2,"Beef",3435143
2957,3,"Beef",3435143
2957,4,"Beef",10296884
2957,5,"Beef",8405
2957,6,"Beef",8405
2957,7,"Beef",25194
2957,8,"Sheepmeat",6386275
2957,9,"Sheepmeat",5934512
2957,10,"Sheepmeat",5934512
2957,11,"Forestry",1180364
2957,12,"Forestry",1180364
2957,13,"Forestry",114229
2957,14,"Forestry",114229
2957,15,"Forestry",2379766
2957,16,"Forestry",33659415
2957,23,"Veges",3318891
2957,24,"Veges",3208289
2957,25,"Veges",3208289
2957,26,"Veges",1327640
2958,1,"Dairy",294382
2958,2,"Beef",3283731
2958,3,"Beef",3283731
2958,4,"Beef",9843026
2958,5,"Beef",8405
2958,6,"Beef",8405
2958,7,"Beef",25194
2958,8,"Sheepmeat",6064953
2958,9,"Sheepmeat",5635921
2958,10,"Sheepmeat",5635921
2958,11,"Forestry",910075
2958,12,"Forestry",910075
2958,13,"Forestry",88072
2958,14,"Forestry",88072
2958,15,"Forestry",1834829
2958,16,"Forestry",25951825
2958,23,"Veges",3318891
2958,24,"Veges",3208289
2958,25,"Veges",3208289
2958,26,"Veges",1327640
2959,1,"Dairy",294382
2959,2,"Beef",3264281
2959,3,"Beef",3264281
2959,4,"Beef",9784722
2959,5,"Beef",8405
2959,6,"Beef",8405
2959,7,"Beef",25194
2959,8,"Sheepmeat",6049156
2959,9,"Sheepmeat",5621241
2959,10,"Sheepmeat",5621241
2959,11,"Forestry",910036
2959,12,"Forestry",910036
2959,13,"Forestry",88068
2959,14,"Forestry",88068
2959,15,"Forestry",1834750
2959,16,"Forestry",25950703
2959,23,"Veges",3318891
2959,24,"Veges",3208289
2959,25,"Veges",3208289
2959,26,"Veges",1327640
2960,1,"Dairy",294382
2960,2,"Beef",3153762
2960,3,"Beef",3153762
2960,4,"Beef",9453440
2960,5,"Beef",8405
2960,6,"Beef",8405
2960,7,"Beef",25194
2960,8,"Sheepmeat",5894682
2960,9,"Sheepmeat",5477695
2960,10,"Sheepmeat",5477695
2960,11,"Forestry",898942
2960,12,"Forestry",898942
2960,13,"Forestry",86994
2960,14,"Forestry",86994
2960,15,"Forestry",1812384
2960,16,"Forestry",25634357
2960,23,"Veges",2939946
2960,24,"Veges",2841972
2960,25,"Veges",2841972
2960,26,"Veges",1176052
2961,1,"Dairy",294382
2961,2,"Beef",3105190
2961,3,"Beef",3105190
2961,4,"Beef",9307846
2961,5,"Beef",8405
2961,6,"Beef",8405
2961,7,"Beef",25194
2961,8,"Sheepmeat",5759105
2961,9,"Sheepmeat",5351708
2961,10,"Sheepmeat",5351708
2961,11,"Forestry",898005
2961,12,"Forestry",898005
2961,13,"Forestry",86904
2961,14,"Forestry",86904
2961,15,"Forestry",1810495
2961,16,"Forestry",25607635
2961,23,"Veges",2379553
2961,24,"Veges",2300254
2961,25,"Veges",2300254
2961,26,"Veges",951881
2962,2,"Beef",289
2962,3,"Beef",289
2962,4,"Beef",868
2962,8,"Sheepmeat",1390
2962,9,"Sheepmeat",1292
2962,10,"Sheepmeat",1292
2963,1,"Dairy",294382
2963,2,"Beef",2994344
2963,3,"Beef",2994344
2963,4,"Beef",8975583
2963,5,"Beef",8405
2963,6,"Beef",8405
2963,7,"Beef",25194
2963,8,"Sheepmeat",5653101
2963,9,"Sheepmeat",5253203
2963,10,"Sheepmeat",5253203
2963,11,"Forestry",897595
2963,12,"Forestry",897595
2963,13,"Forestry",86864
2963,14,"Forestry",86864
2963,15,"Forestry",1809666
2963,16,"Forestry",25595921
2963,23,"Veges",2354986
2963,24,"Veges",2276506
2963,25,"Veges",2276506
2963,26,"Veges",942054
2965,1,"Dairy",294382
2965,2,"Beef",2985514
2965,3,"Beef",2985514
2965,4,"Beef",8949114
2965,5,"Beef",8405
2965,6,"Beef",8405
2965,7,"Beef",25194
2965,8,"Sheepmeat",5637990
2965,9,"Sheepmeat",5239161
2965,10,"Sheepmeat",5239161
2965,11,"Forestry",897595
2965,12,"Forestry",897595
2965,13,"Forestry",86864
2965,14,"Forestry",86864
2965,15,"Forestry",1809666
2965,16,"Forestry",25595921
2965,23,"Veges",2354986
2965,24,"Veges",2276506
2965,25,"Veges",2276506
2965,26,"Veges",942054
2966,1,"Dairy",294382
2966,2,"Beef",446002
2966,3,"Beef",446002
2966,4,"Beef",1336895
2966,5,"Beef",8405
2966,6,"Beef",8405
2966,7,"Beef",25194
2966,8,"Sheepmeat",641839
2966,9,"Sheepmeat",596435
2966,10,"Sheepmeat",596435
2966,11,"Forestry",14214
2966,12,"Forestry",14214
2966,13,"Forestry",1376
2966,14,"Forestry",1376
2966,15,"Forestry",28658
2966,16,"Forestry",405333
2966,23,"Veges",1561730
2966,24,"Veges",1509686
2966,25,"Veges",1509686
2966,26,"Veges",624732
2967,2,"Beef",2520702
2967,3,"Beef",2520702
2967,4,"Beef",7555834
2967,8,"Sheepmeat",4981392
2967,9,"Sheepmeat",4629011
2967,10,"Sheepmeat",4629011
2967,11,"Forestry",883380
2967,12,"Forestry",883380
2967,13,"Forestry",85488
2967,14,"Forestry",85488
2967,15,"Forestry",1781009
2967,16,"Forestry",25190589
2967,23,"Veges",793256
2967,24,"Veges",766820
2967,25,"Veges",766820
2967,26,"Veges",317322
2968,2,"Beef",126271
2968,3,"Beef",126271
2968,4,"Beef",378498
2968,8,"Sheepmeat",159733
2968,9,"Sheepmeat",148433
2968,10,"Sheepmeat",148433
2968,11,"Forestry",3664
2968,12,"Forestry",3664
2968,13,"Forestry",355
2968,14,"Forestry",355
2968,15,"Forestry",7386
2968,16,"Forestry",104473
2968,23,"Veges",191713
2968,24,"Veges",185324
2968,25,"Veges",185324
2968,26,"Veges",76690
2969,2,"Beef",69103
2969,3,"Beef",69103
2969,4,"Beef",207137
2969,8,"Sheepmeat",115212
2969,9,"Sheepmeat",107062
2969,10,"Sheepmeat",107062
2969,11,"Forestry",3656
2969,12,"Forestry",3656
2969,13,"Forestry",354
2969,14,"Forestry",354
2969,15,"Forestry",7371
2969,16,"Forestry",104251
2970,2,"Beef",2307817
2970,3,"Beef",2307817
2970,4,"Beef",6917710
2970,8,"Sheepmeat",4317189
2970,9,"Sheepmeat",4011793
2970,10,"Sheepmeat",4011793
2970,11,"Forestry",757079
2970,12,"Forestry",757079
2970,13,"Forestry",73266
2970,14,"Forestry",73266
2970,15,"Forestry",1526368
2970,16,"Forestry",21588950
2970,23,"Veges",379336
2970,24,"Veges",366695
2970,25,"Veges",366695
2970,26,"Veges",151744
2971,2,"Beef",2286958
2971,3,"Beef",2286958
2971,4,"Beef",6855185
2971,8,"Sheepmeat",4244658
2971,9,"Sheepmeat",3944393
2971,10,"Sheepmeat",3944393
2971,11,"Forestry",749820
2971,12,"Forestry",749820
2971,13,"Forestry",72563
2971,14,"Forestry",72563
2971,15,"Forestry",1511733
2971,16,"Forestry",21381955
2971,23,"Veges",379336
2971,24,"Veges",366695
2971,25,"Veges",366695
2971,26,"Veges",151744
2972,2,"Beef",2094336
2972,3,"Beef",2094336
2972,4,"Beef",6277797
2972,8,"Sheepmeat",4000850
2972,9,"Sheepmeat",3717831
2972,10,"Sheepmeat",3717831
2972,11,"Forestry",502754
2972,12,"Forestry",502754
2972,13,"Forestry",48654
2972,14,"Forestry",48654
2972,15,"Forestry",1013617
2972,16,"Forestry",14336599
2972,23,"Veges",379336
2972,24,"Veges",366695
2972,25,"Veges",366695
2972,26,"Veges",151744
2973,2,"Beef",2087382
2973,3,"Beef",2087382
2973,4,"Beef",6256953
2973,8,"Sheepmeat",3995009
2973,9,"Sheepmeat",3712404
2973,10,"Sheepmeat",3712404
2973,11,"Forestry",502754
2973,12,"Forestry",502754
2973,13,"Forestry",48654
2973,14,"Forestry",48654
2973,15,"Forestry",1013617
2973,16,"Forestry",14336599
2973,23,"Veges",379336
2973,24,"Veges",366695
2973,25,"Veges",366695
2973,26,"Veges",151744
2974,2,"Beef",2029988
2974,3,"Beef",2029988
2974,4,"Beef",6084914
2974,8,"Sheepmeat",3864624
2974,9,"Sheepmeat",3591242
2974,10,"Sheepmeat",3591242
2974,11,"Forestry",462024
2974,12,"Forestry",462024
2974,13,"Forestry",44712
2974,14,"Forestry",44712
2974,15,"Forestry",931500
2974,16,"Forestry",13175142
2974,23,"Veges",379336
2974,24,"Veges",366695
2974,25,"Veges",366695
2974,26,"Veges",151744
2979,2,"Beef",1877723
2979,3,"Beef",1877723
2979,4,"Beef",5628497
2979,8,"Sheepmeat",3512568
2979,9,"Sheepmeat",3264091
2979,10,"Sheepmeat",3264091
2979,11,"Forestry",270199
2979,12,"Forestry",270199
2979,13,"Forestry",26148
2979,14,"Forestry",26148
2979,15,"Forestry",544757
2979,16,"Forestry",7705043
2979,23,"Veges",379336
2979,24,"Veges",366695
2979,25,"Veges",366695
2979,26,"Veges",151744
2980,2,"Beef",1671225
2980,3,"Beef",1671225
2980,4,"Beef",5009518
2980,8,"Sheepmeat",3315288
2980,9,"Sheepmeat",3080766
2980,10,"Sheepmeat",3080766
2980,11,"Forestry",243417
2980,12,"Forestry",243417
2980,13,"Forestry",23556
2980,14,"Forestry",23556
2980,15,"Forestry",490759
2980,16,"Forestry",6941301
2980,23,"Veges",165932
2980,24,"Veges",160402
2980,25,"Veges",160402
2980,26,"Veges",66377
2981,2,"Beef",1628133
2981,3,"Beef",1628133
2981,4,"Beef",4880349
2981,8,"Sheepmeat",3281520
2981,9,"Sheepmeat",3049387
2981,10,"Sheepmeat",3049387
2981,11,"Forestry",243354
2981,12,"Forestry",243354
2981,13,"Forestry",23550
2981,14,"Forestry",23550
2981,15,"Forestry",490633
2981,16,"Forestry",6939511
2981,23,"Veges",165932
2981,24,"Veges",160402
2981,25,"Veges",160402
2981,26,"Veges",66377
2982,2,"Beef",1617249
2982,3,"Beef",1617249
2982,4,"Beef",4847724
2982,8,"Sheepmeat",3273100
2982,9,"Sheepmeat",3041563
2982,10,"Sheepmeat",3041563
2982,11,"Forestry",243296
2982,12,"Forestry",243296
2982,13,"Forestry",23545
2982,14,"Forestry",23545
2982,15,"Forestry",490516
2982,16,"Forestry",6937854
2982,23,"Veges",165932
2982,24,"Veges",160402
2982,25,"Veges",160402
2982,26,"Veges",66377
2983,2,"Beef",2721
2983,3,"Beef",2721
2983,4,"Beef",8157
2983,8,"Sheepmeat",2154
2983,9,"Sheepmeat",2002
2983,10,"Sheepmeat",2002
2983,11,"Forestry",85
2983,12,"Forestry",85
2983,13,"Forestry",8
2983,14,"Forestry",8
2983,15,"Forestry",172
2983,16,"Forestry",2432
2984,2,"Beef",1460449
2984,3,"Beef",1460449
2984,4,"Beef",4377713
2984,8,"Sheepmeat",3137367
2984,9,"Sheepmeat",2915431
2984,10,"Sheepmeat",2915431
2984,11,"Forestry",242503
2984,12,"Forestry",242503
2984,13,"Forestry",23468
2984,14,"Forestry",23468
2984,15,"Forestry",488917
2984,16,"Forestry",6915236
2984,23,"Veges",165932
2984,24,"Veges",160402
2984,25,"Veges",160402
2984,26,"Veges",66377
2985,2,"Beef",37855
2985,3,"Beef",37855
2985,4,"Beef",113471
2985,8,"Sheepmeat",31913
2985,9,"Sheepmeat",29656
2985,10,"Sheepmeat",29656
2986,2,"Beef",96575
2986,3,"Beef",96575
2986,4,"Beef",289483
2986,8,"Sheepmeat",312917
2986,9,"Sheepmeat",290781
2986,10,"Sheepmeat",290781
2986,11,"Forestry",47501
2986,12,"Forestry",47501
2986,13,"Forestry",4597
2986,14,"Forestry",4597
2986,15,"Forestry",95769
2986,16,"Forestry",1354554
2987,8,"Sheepmeat",28479696
2987,11,"Forestry",3417453
2987,12,"Forestry",3417453
2987,15,"Forestry",6972360
2987,18,"Fruit",912054
2987,24,"Veges",31479872
2987,25,"Veges",31479872
2988,16,"Forestry",7154
2989,8,"Sheepmeat",893242
2989,11,"Forestry",112175
2989,12,"Forestry",112175
2989,15,"Forestry",226159
2989,16,"Forestry",7154
2989,18,"Fruit",103601
2990,8,"Sheepmeat",28479696
2990,11,"Forestry",3417453
2990,12,"Forestry",3417453
2990,15,"Forestry",6972360
2990,16,"Forestry",7154
2990,18,"Fruit",912054
2990,24,"Veges",31479872
2990,25,"Veges",31479872
2991,2,"Beef",351
2991,3,"Beef",351
2991,4,"Beef",1052
2991,8,"Sheepmeat",28479967
2991,9,"Sheepmeat",252
2991,10,"Sheepmeat",252
2991,11,"Forestry",3417453
2991,12,"Forestry",3417453
2991,15,"Forestry",6972360
2991,16,"Forestry",7154
2991,18,"Fruit",912054
2991,24,"Veges",31479872
2991,25,"Veges",31479872
2992,2,"Beef",351
2992,3,"Beef",351
2992,4,"Beef",1052
2992,8,"Sheepmeat",28501568
2992,9,"Sheepmeat",1141
2992,10,"Sheepmeat",1141
2992,11,"Forestry",3422610
2992,12,"Forestry",3422610
2992,15,"Forestry",6982759
2992,16,"Forestry",7154
2992,18,"Fruit",912054
2992,24,"Veges",31479872
2992,25,"Veges",31479872
2992,26,"Veges",24360283
2993,2,"Beef",351
2993,3,"Beef",351
2993,4,"Beef",1052
2993,8,"Sheepmeat",28501568
2993,9,"Sheepmeat",1141
2993,10,"Sheepmeat",1141
2993,11,"Forestry",3422610
2993,12,"Forestry",3422610
2993,15,"Forestry",6982759
2993,16,"Forestry",7154
2993,18,"Fruit",912054
2993,24,"Veges",31479872
2993,25,"Veges",31479872
2993,26,"Veges",24360242
2994,2,"Beef",351
2994,3,"Beef",351
2994,4,"Beef",1052
2994,8,"Sheepmeat",28502348
2994,9,"Sheepmeat",1866
2994,10,"Sheepmeat",1866
2994,11,"Forestry",3422610
2994,12,"Forestry",3422610
2994,15,"Forestry",6982759
2994,16,"Forestry",7154
2994,18,"Fruit",912054
2994,24,"Veges",62544130
2994,26,"Veges",24360242
2995,2,"Beef",64164
2995,3,"Beef",64164
2995,4,"Beef",192333
2995,8,"Sheepmeat",28559650
2995,9,"Sheepmeat",49503
2995,10,"Sheepmeat",49503
2995,11,"Forestry",3422795
2995,12,"Forestry",3422795
2995,15,"Forestry",7004726
2995,16,"Forestry",4502
2995,17,"Fruit",2342693
2995,18,"Fruit",38969403
2995,19,"Fruit",5147652
2995,23,"Veges",104
2995,24,"Veges",62544029
2995,25,"Veges",58867387
2995,26,"Veges",24360242
2996,2,"Beef",66142
2996,3,"Beef",66142
2996,4,"Beef",198260
2996,8,"Sheepmeat",28567019
2996,9,"Sheepmeat",50925
2996,10,"Sheepmeat",50925
2996,11,"Forestry",3422795
2996,12,"Forestry",3422795
2996,15,"Forestry",7004726
2996,16,"Forestry",4502
2996,17,"Fruit",2135486
2996,18,"Fruit",38762195
2996,19,"Fruit",4692349
2996,23,"Veges",456
2996,24,"Veges",62162900
2996,25,"Veges",58486258
2996,26,"Veges",24202525
2997,2,"Beef",115427
2997,3,"Beef",115427
2997,4,"Beef",345994
2997,8,"Sheepmeat",3524
2997,9,"Sheepmeat",87695
2997,10,"Sheepmeat",87695
2997,15,"Forestry",7005044
2997,17,"Fruit",1672547
2997,18,"Fruit",38299256
2997,19,"Fruit",3675123
2997,20,"Fruit",8887
2997,21,"Fruit",17769
2997,22,"Fruit",4441
2997,23,"Veges",106627
2997,24,"Veges",59106797
2997,25,"Veges",55430155
2997,26,"Veges",22937861
2998,2,"Beef",127529
2998,3,"Beef",127529
2998,4,"Beef",382270
2998,9,"Sheepmeat",96395
2998,10,"Sheepmeat",96395
2998,15,"Forestry",16520891
2998,17,"Fruit",1525875
2998,18,"Fruit",38152585
2998,19,"Fruit",3352839
2998,20,"Fruit",54543
2998,21,"Fruit",109054
2998,22,"Fruit",27256
2998,23,"Veges",1390984
2998,24,"Veges",58246029
2998,25,"Veges",54569387
2998,26,"Veges",22581662
2999,2,"Beef",293819
2999,3,"Beef",293819
2999,4,"Beef",880726
2999,8,"Sheepmeat",70416200
2999,9,"Sheepmeat",215942
2999,10,"Sheepmeat",215942
2999,11,"Forestry",8245911
2999,12,"Forestry",8245911
2999,13,"Forestry",15
2999,14,"Forestry",15
2999,15,"Forestry",16520891
2999,18,"Fruit",36626709
2999,20,"Fruit",302243
2999,21,"Fruit",604310
2999,22,"Fruit",151033
2999,23,"Veges",6059391
2999,24,"Veges",56686668
2999,25,"Veges",53010026
2999,26,"Veges",21936374
3000,1,"Dairy",2879884
3000,2,"Beef",14146929
3000,3,"Beef",14146929
3000,4,"Beef",42405596
3000,5,"Beef",8405
3000,6,"Beef",8405
3000,7,"Beef",25194
3000,8,"Sheepmeat",33754810
3000,9,"Sheepmeat",26727225
3000,10,"Sheepmeat",26727225
3000,11,"Forestry",2116966
3000,12,"Forestry",2116966
3000,13,"Forestry",204868
3000,15,"Forestry",4268078
3000,16,"Forestry",60367690
3000,17,"Fruit",31700995
3000,18,"Fruit",31700995
3000,19,"Fruit",69657290
3000,20,"Fruit",35370
3000,21,"Fruit",70720
3000,22,"Fruit",340000
3000,23,"Veges",7
3000,24,"Veges",52621500
3000,25,"Veges",52621500
3000,26,"Veges",21775596
3001,1,"Dairy",2879884
3001,2,"Beef",14165081
3001,3,"Beef",14165081
3001,4,"Beef",42460008
3001,5,"Beef",8405
3001,6,"Beef",8405
3001,7,"Beef",25194
3001,8,"Sheepmeat",33750032
3001,9,"Sheepmeat",26740275
3001,10,"Sheepmeat",26740275
3001,11,"Forestry",2116966
3001,12,"Forestry",2116966
3001,13,"Forestry",204868
3001,15,"Forestry",4268078
3001,16,"Forestry",60367690
3001,17,"Fruit",30823831
3001,18,"Fruit",30823831
3001,19,"Fruit",67729878
3001,22,"Fruit",437969
3001,24,"Veges",52380422
3001,25,"Veges",52380422
3001,26,"Veges",21675834
3002,1,"Dairy",2879884
3002,2,"Beef",30277684
3002,3,"Beef",30277684
3002,4,"Beef",90757733
3002,5,"Beef",199047
3002,6,"Beef",199047
3002,7,"Beef",596644
3002,8,"Sheepmeat",33724913
3002,9,"Sheepmeat",59952866
3002,10,"Sheepmeat",59952866
3002,11,"Forestry",2116966
3002,12,"Forestry",2116966
3002,13,"Forestry",204868
3002,14,"Forestry",204868
3002,15,"Forestry",4268078
3002,16,"Forestry",60367690
3002,17,"Fruit",28859608
3002,18,"Fruit",28859608
3002,19,"Fruit",63413850
3002,20,"Fruit",3705739
3002,21,"Fruit",7409317
3002,22,"Fruit",1879502
3002,23,"Veges",53477324
3002,24,"Veges",52201304
3002,25,"Veges",52201304
3002,26,"Veges",21601713
3003,1,"Dairy",2879884
3003,2,"Beef",1181545
3003,3,"Beef",1181545
3003,4,"Beef",3541697
3003,5,"Beef",21813
3003,6,"Beef",21813
3003,7,"Beef",65386
3003,8,"Sheepmeat",27436596
3003,9,"Sheepmeat",1605487
3003,10,"Sheepmeat",1605487
3003,11,"Forestry",911083
3003,12,"Forestry",911083
3003,13,"Forestry",88169
3003,14,"Forestry",88169
3003,15,"Forestry",1836861
3003,16,"Forestry",25980563
3003,17,"Fruit",16418382
3003,18,"Fruit",16418382
3003,19,"Fruit",36076471
3003,20,"Fruit",2100631
3003,21,"Fruit",4200037
3003,22,"Fruit",1077416
3003,23,"Veges",22126748
3003,24,"Veges",21895483
3003,25,"Veges",21895483
3003,26,"Veges",9060692
3004,1,"Dairy",2115877
3004,8,"Sheepmeat",26621095
3004,11,"Forestry",904395
3004,12,"Forestry",904395
3004,13,"Forestry",87522
3004,14,"Forestry",87522
3004,15,"Forestry",1823376
3004,16,"Forestry",25789833
3004,17,"Fruit",8162812
3004,18,"Fruit",8162812
3004,19,"Fruit",17936325
3004,20,"Fruit",1053127
3004,21,"Fruit",2105641
3004,22,"Fruit",526257
3004,23,"Veges",12146531
3004,24,"Veges",11741748
3004,25,"Veges",11741748
3004,26,"Veges",4858918
3005,2,"Beef",11565490
3005,3,"Beef",11565490
3005,4,"Beef",34667701
3005,5,"Beef",60448
3005,6,"Beef",60448
3005,7,"Beef",181195
3005,9,"Sheepmeat",24738944
3005,10,"Sheepmeat",24738944
3006,1,"Dairy",2879884
3006,2,"Beef",13851158
3006,3,"Beef",13851158
3006,4,"Beef",41519017
3006,5,"Beef",8405
3006,6,"Beef",8405
3006,7,"Beef",25194
3006,8,"Sheepmeat",197254
3006,9,"Sheepmeat",26509880
3006,10,"Sheepmeat",26509880
3006,11,"Forestry",10228
3006,12,"Forestry",10228
3006,13,"Forestry",204883
3006,14,"Forestry",15
3006,16,"Forestry",60367690
3006,17,"Fruit",32701315
3006,18,"Fruit",426233
3006,19,"Fruit",71855315
3006,22,"Fruit",149566
3006,24,"Veges",55893
3007,2,"Beef",4741
3007,3,"Beef",4741
3007,4,"Beef",14211
3007,8,"Sheepmeat",36458957
3007,9,"Sheepmeat",3408
3007,10,"Sheepmeat",3408
3007,11,"Forestry",6118716
3007,12,"Forestry",6118716
3007,15,"Forestry",12252813
3007,17,"Fruit",227054
3007,18,"Fruit",3726216
3007,19,"Fruit",498912
3007,20,"Fruit",437377
3007,21,"Fruit",874498
3007,22,"Fruit",10453
3007,23,"Veges",6426845
3007,24,"Veges",3654072
3007,25,"Veges",33323
3007,26,"Veges",13790
3008,1,"Dairy",212536
3008,8,"Sheepmeat",17034
3008,13,"Forestry",591742
3008,16,"Forestry",6699
3008,17,"Fruit",9801494
3008,18,"Fruit",9801494
3008,19,"Fruit",21537037
3008,20,"Fruit",156897
3008,21,"Fruit",313703
3008,23,"Veges",26369905
3008,24,"Veges",8192659
3008,25,"Veges",8192659
3008,26,"Veges",3390250
3009,1,"Dairy",212536
3009,2,"Beef",17810
3009,3,"Beef",17810
3009,4,"Beef",53386
3009,8,"Sheepmeat",3256
3009,9,"Sheepmeat",12804
3009,10,"Sheepmeat",12804
3009,13,"Forestry",591742
3009,16,"Forestry",6699
3009,17,"Fruit",8628866
3009,18,"Fruit",8628866
3009,19,"Fruit",18960396
3009,20,"Fruit",308184
3009,21,"Fruit",616189
3009,22,"Fruit",75599
3009,23,"Veges",27072309
3009,24,"Veges",7513663
3009,25,"Veges",7513663
3009,26,"Veges",3109271
3010,1,"Dairy",212536
3010,2,"Beef",22018
3010,3,"Beef",22018
3010,4,"Beef",66000
3010,9,"Sheepmeat",15829
3010,10,"Sheepmeat",15829
3010,13,"Forestry",591742
3010,16,"Forestry",6699
3010,17,"Fruit",8370633
3010,18,"Fruit",8370633
3010,19,"Fruit",18392976
3010,20,"Fruit",341500
3010,21,"Fruit",682801
3010,22,"Fruit",92248
3010,23,"Veges",27177852
3010,24,"Veges",7411638
3010,25,"Veges",7411638
3010,26,"Veges",3067051
3011,1,"Dairy",212536
3011,8,"Sheepmeat",36161281
3011,11,"Forestry",6114669
3011,12,"Forestry",6114669
3011,13,"Forestry",591742
3011,15,"Forestry",12245626
3011,16,"Forestry",6699
3011,17,"Fruit",8251922
3011,18,"Fruit",8251922
3011,19,"Fruit",18132129
3011,20,"Fruit",1103799
3011,21,"Fruit",2206954
3011,23,"Veges",35013823
3011,24,"Veges",6908779
3011,25,"Veges",6908779
3011,26,"Veges",2858960
3012,1,"Dairy",212536
3012,2,"Beef",3890604
3012,3,"Beef",3890604
3012,4,"Beef",11662133
3012,5,"Beef",6550
3012,6,"Beef",6550
3012,7,"Beef",19633
3012,8,"Sheepmeat",36157605
3012,9,"Sheepmeat",7961760
3012,10,"Sheepmeat",7961760
3012,11,"Forestry",6114669
3012,12,"Forestry",6114669
3012,13,"Forestry",591742
3012,15,"Forestry",12245626
3012,16,"Forestry",6699
3012,17,"Fruit",7967815
3012,18,"Fruit",7967815
3012,19,"Fruit",17507855
3012,20,"Fruit",5257732
3012,21,"Fruit",10512398
3012,22,"Fruit",609743
3012,23,"Veges",90410183
3012,24,"Veges",6533518
3012,25,"Veges",6533518
3012,26,"Veges",2703672
3013,1,"Dairy",66
3013,2,"Beef",2052
3013,3,"Beef",2052
3013,4,"Beef",6150
3013,5,"Beef",2
3013,6,"Beef",2
3013,7,"Beef",6
3013,8,"Sheepmeat",27730844
3013,9,"Sheepmeat",1475
3013,10,"Sheepmeat",1475
3013,11,"Forestry",2685683
3013,12,"Forestry",2685683
3013,13,"Forestry",259905
3013,15,"Forestry",5414684
3013,16,"Forestry",6699
3013,17,"Fruit",7250014
3013,18,"Fruit",7250014
3013,19,"Fruit",15930615
3013,20,"Fruit",5625076
3013,21,"Fruit",10957061
3013,22,"Fruit",218884
3013,23,"Veges",97000273
3013,24,"Veges",5544004
3013,25,"Veges",5544004
3013,26,"Veges",2294195
3014,8,"Sheepmeat",27586454
3014,11,"Forestry",3305277
3014,12,"Forestry",3305277
3014,15,"Forestry",6746201
3014,18,"Fruit",808453
3014,24,"Veges",31479872
3014,25,"Veges",31479872
3015,16,"Forestry",7154
3016,16,"Forestry",7154
3017,2,"Beef",69173
3017,3,"Beef",69173
3017,4,"Beef",207346
3017,8,"Sheepmeat",134098
3017,9,"Sheepmeat",106798
3017,10,"Sheepmeat",106798
3017,11,"Forestry",3350
3017,12,"Forestry",3350
3017,13,"Forestry",716
3017,14,"Forestry",305
3017,15,"Forestry",7727
3017,16,"Forestry",3624
3017,17,"Fruit",17321535
3017,18,"Fruit",17321535
3017,19,"Fruit",38060989
3017,22,"Fruit",3
3017,24,"Veges",39437895
3017,25,"Veges",39437895
3017,26,"Veges",16320015
3018,2,"Beef",1748
3018,3,"Beef",1748
3018,4,"Beef",5241
3018,8,"Sheepmeat",5012
3018,9,"Sheepmeat",1257
3018,10,"Sheepmeat",1257
3018,11,"Forestry",127
3018,12,"Forestry",127
3018,13,"Forestry",12
3018,15,"Forestry",256
3018,16,"Forestry",3624
3018,17,"Fruit",3013917
3018,18,"Fruit",3013917
3018,19,"Fruit",6622546
3018,24,"Veges",6473492
3018,25,"Veges",6473492
3018,26,"Veges",2678832
3019,14,"Forestry",332224
3020,2,"Beef",788
3020,3,"Beef",788
3020,4,"Beef",2361
3020,8,"Sheepmeat",609
3020,9,"Sheepmeat",566
3020,10,"Sheepmeat",566
3020,11,"Forestry",51
3020,12,"Forestry",51
3020,13,"Forestry",5
3020,14,"Forestry",5
3020,15,"Forestry",103
3020,16,"Forestry",1453
3021,2,"Beef",1432
3021,3,"Beef",1432
3021,4,"Beef",4292
3021,8,"Sheepmeat",1108
3021,9,"Sheepmeat",1029
3021,10,"Sheepmeat",1029
3021,11,"Forestry",214
3021,12,"Forestry",214
3021,13,"Forestry",21
3021,14,"Forestry",21
3021,15,"Forestry",432
3021,16,"Forestry",6116
3022,2,"Beef",13335251
3022,3,"Beef",13335251
3022,4,"Beef",39972580
3022,5,"Beef",8405
3022,6,"Beef",8405
3022,7,"Beef",25194
3022,8,"Sheepmeat",27586454
3022,9,"Sheepmeat",25505372
3022,10,"Sheepmeat",25505372
3022,11,"Forestry",3305277
3022,12,"Forestry",3305277
3022,13,"Forestry",319866
3022,15,"Forestry",6746201
3022,16,"Forestry",60384150
3022,17,"Fruit",808453
3022,18,"Fruit",808453
3022,19,"Fruit",1776431
3022,20,"Fruit",102020
3022,21,"Fruit",203981
3022,22,"Fruit",52121
3022,23,"Veges",26264458
3022,24,"Veges",31479872
3022,25,"Veges",31479872
3022,26,"Veges",13026861
3023,2,"Beef",13335251
3023,3,"Beef",13335251
3023,4,"Beef",39972580
3023,5,"Beef",8405
3023,6,"Beef",8405
3023,7,"Beef",25194
3023,8,"Sheepmeat",27586198
3023,9,"Sheepmeat",25505134
3023,10,"Sheepmeat",25505134
3023,11,"Forestry",3305184
3023,12,"Forestry",3305184
3023,13,"Forestry",319857
3023,15,"Forestry",6746012
3023,17,"Fruit",808453
3023,18,"Fruit",808453
3023,19,"Fruit",1776431
3023,20,"Fruit",102020
3023,21,"Fruit",203981
3023,22,"Fruit",52121
3023,23,"Veges",26264458
3023,24,"Veges",31479872
3023,25,"Veges",31479872
3023,26,"Veges",13026861
3024,2,"Beef",13335251
3024,3,"Beef",13335251
3024,4,"Beef",39972580
3024,5,"Beef",8405
3024,6,"Beef",8405
3024,7,"Beef",25194
3024,8,"Sheepmeat",27586198
3024,9,"Sheepmeat",25505134
3024,10,"Sheepmeat",25505134
3024,11,"Forestry",3305184
3024,12,"Forestry",3305184
3024,13,"Forestry",319857
3024,15,"Forestry",6746012
3024,17,"Fruit",808453
3024,18,"Fruit",808453
3024,19,"Fruit",1776431
3024,20,"Fruit",102020
3024,21,"Fruit",203981
3024,22,"Fruit",52121
3024,23,"Veges",26264458
3024,24,"Veges",31479872
3024,25,"Veges",31479872
3024,26,"Veges",13026861
3025,2,"Beef",13335251
3025,3,"Beef",13335251
3025,4,"Beef",39972580
3025,5,"Beef",8405
3025,6,"Beef",8405
3025,7,"Beef",25194
3025,8,"Sheepmeat",27586198
3025,9,"Sheepmeat",25505134
3025,10,"Sheepmeat",25505134
3025,11,"Forestry",3305184
3025,12,"Forestry",3305184
3025,13,"Forestry",319857
3025,15,"Forestry",6746012
3025,17,"Fruit",808453
3025,18,"Fruit",808453
3025,19,"Fruit",1776431
3025,20,"Fruit",102020
3025,21,"Fruit",203981
3025,22,"Fruit",52121
3025,23,"Veges",26264458
3025,24,"Veges",31479872
3025,25,"Veges",31479872
3025,26,"Veges",13026861
3026,2,"Beef",13335251
3026,3,"Beef",13335251
3026,4,"Beef",39972580
3026,5,"Beef",8405
3026,6,"Beef",8405
3026,7,"Beef",25194
3026,8,"Sheepmeat",27586198
3026,9,"Sheepmeat",25505134
3026,10,"Sheepmeat",25505134
3026,11,"Forestry",3305184
3026,12,"Forestry",3305184
3026,13,"Forestry",319857
3026,14,"Forestry",8
3026,15,"Forestry",6746012
3026,17,"Fruit",808453
3026,18,"Fruit",808453
3026,19,"Fruit",1776431
3026,20,"Fruit",102020
3026,21,"Fruit",203981
3026,22,"Fruit",52121
3026,23,"Veges",26264458
3026,24,"Veges",31479872
3026,25,"Veges",31479872
3026,26,"Veges",13026861
3027,2,"Beef",13335251
3027,3,"Beef",13335251
3027,4,"Beef",39972580
3027,5,"Beef",8405
3027,6,"Beef",8405
3027,7,"Beef",25194
3027,8,"Sheepmeat",27586198
3027,9,"Sheepmeat",25505134
3027,10,"Sheepmeat",25505134
3027,11,"Forestry",3305184
3027,12,"Forestry",3305184
3027,13,"Forestry",319857
3027,14,"Forestry",8
3027,15,"Forestry",6746012
3027,17,"Fruit",808453
3027,18,"Fruit",808453
3027,19,"Fruit",1776431
3027,20,"Fruit",102020
3027,21,"Fruit",203981
3027,22,"Fruit",52121
3027,23,"Veges",26264458
3027,24,"Veges",31479872
3027,25,"Veges",31479872
3027,26,"Veges",13026861
3028,2,"Beef",13335251
3028,3,"Beef",13335251
3028,4,"Beef",39972580
3028,5,"Beef",8405
3028,6,"Beef",8405
3028,7,"Beef",25194
3028,8,"Sheepmeat",27586198
3028,9,"Sheepmeat",25505134
3028,10,"Sheepmeat",25505134
3028,11,"Forestry",3305184
3028,12,"Forestry",3305184
3028,13,"Forestry",319857
3028,14,"Forestry",8
3028,15,"Forestry",6746012
3028,17,"Fruit",808453
3028,18,"Fruit",808453
3028,19,"Fruit",1776431
3028,20,"Fruit",102020
3028,21,"Fruit",203981
3028,22,"Fruit",52121
3028,23,"Veges",26264458
3028,24,"Veges",31479872
3028,25,"Veges",31479872
3028,26,"Veges",13026861
3029,2,"Beef",13335251
3029,3,"Beef",13335251
3029,4,"Beef",39972580
3029,5,"Beef",8405
3029,6,"Beef",8405
3029,7,"Beef",25194
3029,8,"Sheepmeat",27586198
3029,9,"Sheepmeat",25505134
3029,10,"Sheepmeat",25505134
3029,11,"Forestry",3305184
3029,12,"Forestry",3305184
3029,13,"Forestry",319857
3029,14,"Forestry",8
3029,15,"Forestry",6746012
3029,17,"Fruit",808453
3029,18,"Fruit",808453
3029,19,"Fruit",1776431
3029,20,"Fruit",102020
3029,21,"Fruit",203981
3029,22,"Fruit",52121
3029,23,"Veges",26264458
3029,24,"Veges",31479872
3029,25,"Veges",31479872
3029,26,"Veges",13026861
3030,1,"Dairy",294382
3030,2,"Beef",13151190
3030,3,"Beef",13151190
3030,4,"Beef",39420855
3030,5,"Beef",8405
3030,6,"Beef",8405
3030,7,"Beef",25194
3030,8,"Sheepmeat",27389265
3030,9,"Sheepmeat",25322132
3030,10,"Sheepmeat",25322132
3030,11,"Forestry",3300766
3030,12,"Forestry",3300766
3030,13,"Forestry",319429
3030,14,"Forestry",319429
3030,15,"Forestry",6737104
3030,16,"Forestry",96983579
3030,17,"Fruit",702883
3030,18,"Fruit",702883
3030,19,"Fruit",1544461
3030,20,"Fruit",88400
3030,21,"Fruit",176749
3030,22,"Fruit",45315
3030,23,"Veges",26264458
3030,24,"Veges",31479872
3030,25,"Veges",31479872
3030,26,"Veges",13026861
3031,2,"Beef",13152061
3031,3,"Beef",13152061
3031,4,"Beef",39423467
3031,5,"Beef",8405
3031,6,"Beef",8405
3031,7,"Beef",25194
3031,8,"Sheepmeat",27392192
3031,9,"Sheepmeat",25324852
3031,10,"Sheepmeat",25324852
3031,11,"Forestry",3300766
3031,12,"Forestry",3300766
3031,13,"Forestry",319429
3031,15,"Forestry",6737104
3031,16,"Forestry",96983579
3031,17,"Fruit",702883
3031,18,"Fruit",702883
3031,19,"Fruit",1544461
3031,20,"Fruit",88400
3031,21,"Fruit",176749
3031,22,"Fruit",45315
3031,23,"Veges",26264458
3031,24,"Veges",31479872
3031,25,"Veges",31479872
3031,26,"Veges",13026861
3033,1,"Dairy",294382
3033,2,"Beef",13067930
3033,3,"Beef",13067930
3033,4,"Beef",39171282
3033,5,"Beef",8405
3033,6,"Beef",8405
3033,7,"Beef",25194
3033,8,"Sheepmeat",27315797
3033,9,"Sheepmeat",25253862
3033,10,"Sheepmeat",25253862
3033,11,"Forestry",3300640
3033,12,"Forestry",3300640
3033,13,"Forestry",319417
3033,14,"Forestry",319417
3033,15,"Forestry",6736851
3033,16,"Forestry",96980004
3033,17,"Fruit",702883
3033,18,"Fruit",702883
3033,19,"Fruit",1544461
3033,20,"Fruit",88400
3033,21,"Fruit",176749
3033,22,"Fruit",45315
3033,23,"Veges",26227561
3033,24,"Veges",31444204
3033,25,"Veges",31444204
3033,26,"Veges",13012101
3034,1,"Dairy",6465984
3034,16,"Forestry",171621493
3036,2,"Beef",1427
3036,3,"Beef",1427
3036,4,"Beef",4276
3036,8,"Sheepmeat",1104
3036,9,"Sheepmeat",1026
3036,10,"Sheepmeat",1026
3037,2,"Beef",11848864
3037,3,"Beef",11848864
3037,4,"Beef",35517116
3037,5,"Beef",180413
3037,6,"Beef",180413
3037,7,"Beef",540789
3037,8,"Sheepmeat",27725884
3037,9,"Sheepmeat",24915879
3037,10,"Sheepmeat",24915879
3037,11,"Forestry",2685683
3037,12,"Forestry",2685683
3037,13,"Forestry",259905
3037,14,"Forestry",257423
3037,15,"Forestry",5414684
3037,16,"Forestry",6699
3037,17,"Fruit",2097163
3037,18,"Fruit",2097163
3037,19,"Fruit",4608142
3037,20,"Fruit",1717637
3037,21,"Fruit",3434272
3037,22,"Fruit",830605
3037,23,"Veges",32724080
3037,24,"Veges",1619065
3037,25,"Veges",1619065
3037,26,"Veges",669994
3038,1,"Dairy",6320257
3038,2,"Beef",11757273
3038,3,"Beef",11757273
3038,4,"Beef",35242573
3038,5,"Beef",180413
3038,6,"Beef",180413
3038,7,"Beef",540789
3038,8,"Sheepmeat",27647025
3038,9,"Sheepmeat",24842599
3038,10,"Sheepmeat",24842599
3038,11,"Forestry",2659805
3038,12,"Forestry",2659805
3038,13,"Forestry",257400
3038,14,"Forestry",257400
3038,15,"Forestry",5362509
3038,16,"Forestry",75847329
3038,17,"Fruit",8954043
3038,18,"Fruit",8954043
3038,19,"Fruit",19674914
3038,20,"Fruit",1172800
3038,21,"Fruit",2344915
3038,22,"Fruit",558345
3038,23,"Veges",30090406
3038,24,"Veges",28581537
3038,25,"Veges",28581537
3038,26,"Veges",11827485
3039,1,"Dairy",6320257
3039,2,"Beef",11755503
3039,3,"Beef",11755503
3039,4,"Beef",35237267
3039,5,"Beef",180413
3039,6,"Beef",180413
3039,7,"Beef",540789
3039,8,"Sheepmeat",27645635
3039,9,"Sheepmeat",24841307
3039,10,"Sheepmeat",24841307
3039,11,"Forestry",2659805
3039,12,"Forestry",2659805
3039,13,"Forestry",257400
3039,14,"Forestry",257400
3039,15,"Forestry",5362509
3039,16,"Forestry",75847329
3039,17,"Fruit",8257420
3039,18,"Fruit",8257420
3039,19,"Fruit",18144209
3039,20,"Fruit",1082925
3039,21,"Fruit",2165218
3039,22,"Fruit",513434
3039,23,"Veges",29317085
3039,24,"Veges",27833987
3039,25,"Veges",27833987
3039,26,"Veges",11518137
3040,1,"Dairy",6320257
3040,2,"Beef",11751187
3040,3,"Beef",11751187
3040,4,"Beef",35224328
3040,5,"Beef",180413
3040,6,"Beef",180413
3040,7,"Beef",540789
3040,8,"Sheepmeat",27642296
3040,9,"Sheepmeat",24838204
3040,10,"Sheepmeat",24838204
3040,11,"Forestry",2659803
3040,12,"Forestry",2659803
3040,13,"Forestry",257400
3040,14,"Forestry",257400
3040,15,"Forestry",5362505
3040,16,"Forestry",75847274
3040,17,"Fruit",7587053
3040,18,"Fruit",7587053
3040,19,"Fruit",16671198
3040,20,"Fruit",996437
3040,21,"Fruit",1992293
3040,22,"Fruit",470215
3040,23,"Veges",28700413
3040,24,"Veges",27237866
3040,25,"Veges",27237866
3040,26,"Veges",11271453
3041,1,"Dairy",6320257
3041,2,"Beef",11119335
3041,3,"Beef",11119335
3041,4,"Beef",33330344
3041,5,"Beef",180413
3041,6,"Beef",180413
3041,7,"Beef",540789
3041,8,"Sheepmeat",26361542
3041,9,"Sheepmeat",23648051
3041,10,"Sheepmeat",23648051
3041,11,"Forestry",2524040
3041,12,"Forestry",2524040
3041,13,"Forestry",244262
3041,14,"Forestry",244262
3041,15,"Forestry",5088790
3041,16,"Forestry",71975841
3041,17,"Fruit",4079398
3041,18,"Fruit",4079398
3041,19,"Fruit",8963750
3041,20,"Fruit",543896
3041,21,"Fruit",1087475
3041,22,"Fruit",244077
3041,23,"Veges",24273465
3041,24,"Veges",22958445
3041,25,"Veges",22958445
3041,26,"Veges",9500562
3042,1,"Dairy",6320257
3042,2,"Beef",11080103
3042,3,"Beef",11080103
3042,4,"Beef",33212747
3042,5,"Beef",180413
3042,6,"Beef",180413
3042,7,"Beef",540789
3042,8,"Sheepmeat",26315043
3042,9,"Sheepmeat",23604841
3042,10,"Sheepmeat",23604841
3042,11,"Forestry",2523847
3042,12,"Forestry",2523847
3042,13,"Forestry",244243
3042,14,"Forestry",244243
3042,15,"Forestry",5088402
3042,16,"Forestry",71970356
3042,17,"Fruit",4079350
3042,18,"Fruit",4079350
3042,19,"Fruit",8963645
3042,20,"Fruit",543890
3042,21,"Fruit",1087462
3042,22,"Fruit",244074
3042,23,"Veges",24037394
3042,24,"Veges",22730242
3042,25,"Veges",22730242
3042,26,"Veges",9406128
3043,1,"Dairy",6320257
3043,2,"Beef",11001975
3043,3,"Beef",11001975
3043,4,"Beef",32978557
3043,5,"Beef",180413
3043,6,"Beef",180413
3043,7,"Beef",540789
3043,8,"Sheepmeat",25252073
3043,9,"Sheepmeat",23465753
3043,10,"Sheepmeat",23465753
3043,11,"Forestry",2506327
3043,12,"Forestry",2506327
3043,13,"Forestry",242548
3043,14,"Forestry",242548
3043,15,"Forestry",5053079
3043,16,"Forestry",71470752
3043,17,"Fruit",2396069
3043,18,"Fruit",2396069
3043,19,"Fruit",5264935
3043,20,"Fruit",309129
3043,21,"Fruit",618079
3043,22,"Fruit",154475
3043,23,"Veges",19580594
3043,24,"Veges",18928072
3043,25,"Veges",18928072
3043,26,"Veges",7832731
3044,2,"Beef",367842
3044,3,"Beef",367842
3044,4,"Beef",1102610
3044,8,"Sheepmeat",579844
3044,9,"Sheepmeat",538826
3044,10,"Sheepmeat",538826
3044,11,"Forestry",116498
3044,12,"Forestry",116498
3044,13,"Forestry",11274
3044,14,"Forestry",11274
3044,15,"Forestry",234874
3044,16,"Forestry",3322063
3045,1,"Dairy",6320257
3045,2,"Beef",9931142
3045,3,"Beef",9931142
3045,4,"Beef",29768722
3045,5,"Beef",180413
3045,6,"Beef",180413
3045,7,"Beef",540789
3045,8,"Sheepmeat",22244004
3045,9,"Sheepmeat",20670473
3045,10,"Sheepmeat",20670473
3045,11,"Forestry",1809962
3045,12,"Forestry",1809962
3045,13,"Forestry",175158
3045,14,"Forestry",175158
3045,15,"Forestry",3649117
3045,16,"Forestry",51613118
3045,17,"Fruit",643575
3045,18,"Fruit",643575
3045,19,"Fruit",1414141
3045,20,"Fruit",83031
3045,21,"Fruit",166014
3045,22,"Fruit",41491
3045,23,"Veges",11419493
3045,24,"Veges",11038939
3045,25,"Veges",11038939
3045,26,"Veges",4568085
3046,1,"Dairy",6320257
3046,2,"Beef",9851477
3046,3,"Beef",9851477
3046,4,"Beef",29529926
3046,5,"Beef",180413
3046,6,"Beef",180413
3046,7,"Beef",540789
3046,8,"Sheepmeat",21981224
3046,9,"Sheepmeat",20426283
3046,10,"Sheepmeat",20426283
3046,11,"Forestry",1807812
3046,12,"Forestry",1807812
3046,13,"Forestry",174950
3046,14,"Forestry",174950
3046,15,"Forestry",3644781
3046,16,"Forestry",51551787
3046,17,"Fruit",643575
3046,18,"Fruit",643575
3046,19,"Fruit",1414141
3046,20,"Fruit",83031
3046,21,"Fruit",166014
3046,22,"Fruit",41491
3046,23,"Veges",10591149
3046,24,"Veges",10238199
3046,25,"Veges",10238199
3046,26,"Veges",4236726
3047,1,"Dairy",6320257
3047,2,"Beef",7398261
3047,3,"Beef",7398261
3047,4,"Beef",22176379
3047,5,"Beef",180413
3047,6,"Beef",180413
3047,7,"Beef",540789
3047,8,"Sheepmeat",15332529
3047,9,"Sheepmeat",14247913
3047,10,"Sheepmeat",14247913
3047,11,"Forestry",230550
3047,12,"Forestry",230550
3047,13,"Forestry",22311
3047,14,"Forestry",22311
3047,15,"Forestry",464818
3047,16,"Forestry",6574387
3047,23,"Veges",2399043
3047,24,"Veges",2319095
3047,25,"Veges",2319095
3047,26,"Veges",959678
3048,1,"Dairy",6320257
3048,2,"Beef",4773214
3048,3,"Beef",4773214
3048,4,"Beef",14307768
3048,5,"Beef",180413
3048,6,"Beef",180413
3048,7,"Beef",540789
3048,8,"Sheepmeat",8912918
3048,9,"Sheepmeat",8282422
3048,10,"Sheepmeat",8282422
3048,11,"Forestry",132041
3048,12,"Forestry",132041
3048,13,"Forestry",12778
3048,14,"Forestry",12778
3048,15,"Forestry",266212
3048,16,"Forestry",3765306
3048,23,"Veges",153234
3048,24,"Veges",148127
3048,25,"Veges",148127
3048,26,"Veges",61297
3049,2,"Beef",3505916
3049,3,"Beef",3505916
3049,4,"Beef",10509028
3049,8,"Sheepmeat",7455711
3049,9,"Sheepmeat",7057925
3049,10,"Sheepmeat",7057925
3049,11,"Forestry",3268791
3049,12,"Forestry",3268791
3049,13,"Forestry",316335
3049,14,"Forestry",316335
3049,15,"Forestry",6507970
3049,16,"Forestry",90354746
3049,20,"Fruit",2283
3049,21,"Fruit",4564
3049,23,"Veges",6300643
3050,1,"Dairy",294382
3050,2,"Beef",6853330
3050,3,"Beef",6853330
3050,4,"Beef",20542943
3050,5,"Beef",8405
3050,6,"Beef",8405
3050,7,"Beef",25194
3050,8,"Sheepmeat",15927675
3050,9,"Sheepmeat",14671330
3050,10,"Sheepmeat",14671330
3050,11,"Forestry",2665811
3050,12,"Forestry",2665811
3050,13,"Forestry",257982
3050,14,"Forestry",257982
3050,15,"Forestry",5374618
3050,16,"Forestry",76018596
3050,17,"Fruit",153827
3050,18,"Fruit",153827
3050,19,"Fruit",338007
3050,20,"Fruit",17563
3050,21,"Fruit",35116
3050,22,"Fruit",9917
3050,23,"Veges",7896476
3050,24,"Veges",13724002
3050,25,"Veges",13724002
3050,26,"Veges",5679206
3051,1,"Dairy",294382
3051,2,"Beef",6620820
3051,3,"Beef",6620820
3051,4,"Beef",19845991
3051,5,"Beef",8405
3051,6,"Beef",8405
3051,7,"Beef",25194
3051,8,"Sheepmeat",15367745
3051,9,"Sheepmeat",14151009
3051,10,"Sheepmeat",14151009
3051,11,"Forestry",2661348
3051,12,"Forestry",2661348
3051,13,"Forestry",257550
3051,14,"Forestry",257550
3051,15,"Forestry",5365621
3051,16,"Forestry",75891342
3051,17,"Fruit",17693
3051,18,"Fruit",17693
3051,19,"Fruit",38877
3051,22,"Fruit",1141
3051,23,"Veges",3430525
3051,24,"Veges",9406878
3051,25,"Veges",9406878
3051,26,"Veges",3892713
3052,1,"Dairy",294382
3052,2,"Beef",6620496
3052,3,"Beef",6620496
3052,4,"Beef",19845019
3052,5,"Beef",8405
3052,6,"Beef",8405
3052,7,"Beef",25194
3052,8,"Sheepmeat",15367494
3052,9,"Sheepmeat",14150776
3052,10,"Sheepmeat",14150776
3052,11,"Forestry",2661348
3052,12,"Forestry",2661348
3052,13,"Forestry",257550
3052,14,"Forestry",257550
3052,15,"Forestry",5365621
3052,16,"Forestry",75891342
3052,17,"Fruit",17693
3052,18,"Fruit",17693
3052,19,"Fruit",38877
3052,22,"Fruit",1141
3052,23,"Veges",2964790
3052,24,"Veges",8956664
3052,25,"Veges",8956664
3052,26,"Veges",3706407
3053,1,"Dairy",294382
3053,2,"Beef",6612589
3053,3,"Beef",6612589
3053,4,"Beef",19821319
3053,5,"Beef",8405
3053,6,"Beef",8405
3053,7,"Beef",25194
3053,8,"Sheepmeat",15359019
3053,9,"Sheepmeat",14142900
3053,10,"Sheepmeat",14142900
3053,11,"Forestry",2590851
3053,12,"Forestry",2590851
3053,13,"Forestry",250728
3053,14,"Forestry",250728
3053,15,"Forestry",5223490
3053,16,"Forestry",73881041
3053,17,"Fruit",17693
3053,18,"Fruit",17693
3053,19,"Fruit",38877
3053,22,"Fruit",1141
3053,23,"Veges",1171374
3053,24,"Veges",7223013
3053,25,"Veges",7223013
3053,26,"Veges",2988995
3054,1,"Dairy",294382
3054,2,"Beef",6556833
3054,3,"Beef",6556833
3054,4,"Beef",19654190
3054,5,"Beef",8405
3054,6,"Beef",8405
3054,7,"Beef",25194
3054,8,"Sheepmeat",15236110
3054,9,"Sheepmeat",14028686
3054,10,"Sheepmeat",14028686
3054,11,"Forestry",2533205
3054,12,"Forestry",2533205
3054,13,"Forestry",245149
3054,14,"Forestry",245149
3054,15,"Forestry",5107269
3054,16,"Forestry",72237214
3054,17,"Fruit",17693
3054,18,"Fruit",17693
3054,19,"Fruit",38877
3054,22,"Fruit",1141
3054,24,"Veges",6090675
3054,25,"Veges",6090675
3054,26,"Veges",2520416
3055,2,"Beef",181586
3055,3,"Beef",181586
3055,4,"Beef",544307
3055,8,"Sheepmeat",832361
3055,9,"Sheepmeat",773480
3055,10,"Sheepmeat",773480
3055,11,"Forestry",318896
3055,12,"Forestry",318896
3055,13,"Forestry",30861
3055,14,"Forestry",30861
3055,15,"Forestry",642935
3055,16,"Forestry",9093670
3056,1,"Dairy",294382
3056,2,"Beef",4127686
3056,3,"Beef",4127686
3056,4,"Beef",12372790
3056,5,"Beef",8405
3056,6,"Beef",8405
3056,7,"Beef",25194
3056,8,"Sheepmeat",8458250
3056,9,"Sheepmeat",7859917
3056,10,"Sheepmeat",7859917
3056,11,"Forestry",1592461
3056,12,"Forestry",1592461
3056,13,"Forestry",154109
3056,14,"Forestry",154109
3056,15,"Forestry",3210606
3056,16,"Forestry",45410811
3056,17,"Fruit",17693
3056,18,"Fruit",17693
3056,19,"Fruit",38877
3056,20,"Fruit",2283
3056,21,"Fruit",4564
3056,22,"Fruit",1141
3056,23,"Veges",3563558
3056,24,"Veges",3444803
3056,25,"Veges",3444803
3056,26,"Veges",1425513
3057,2,"Beef",37205
3057,3,"Beef",37205
3057,4,"Beef",111523
3057,8,"Sheepmeat",66372
3057,9,"Sheepmeat",61677
3057,10,"Sheepmeat",61677
3057,11,"Forestry",71852
3057,12,"Forestry",71852
3057,13,"Forestry",6953
3057,14,"Forestry",6953
3057,15,"Forestry",144862
3057,16,"Forestry",2048930
3057,23,"Veges",65880
3057,24,"Veges",63685
3057,25,"Veges",63685
3057,26,"Veges",26354
3058,2,"Beef",2378247
3058,3,"Beef",2378247
3058,4,"Beef",7128826
3058,8,"Sheepmeat",4654638
3058,9,"Sheepmeat",4325371
3058,10,"Sheepmeat",4325371
3058,11,"Forestry",781282
3058,12,"Forestry",781282
3058,13,"Forestry",75608
3058,14,"Forestry",75608
3058,15,"Forestry",1575165
3058,16,"Forestry",22279128
3058,23,"Veges",379336
3058,24,"Veges",366695
3058,25,"Veges",366695
3058,26,"Veges",151744
3059,2,"Beef",561557
3059,3,"Beef",561557
3059,4,"Beef",1683273
3059,8,"Sheepmeat",1416444
3059,9,"Sheepmeat",1316246
3059,10,"Sheepmeat",1316246
3059,11,"Forestry",136313
3059,12,"Forestry",136313
3059,13,"Forestry",13192
3059,14,"Forestry",13192
3059,15,"Forestry",274825
3059,16,"Forestry",3887124
3060,2,"Beef",43188579
3060,3,"Beef",43188579
3060,4,"Beef",129458302
3060,5,"Beef",281308
3060,6,"Beef",281308
3060,7,"Beef",843225
3060,8,"Sheepmeat",2149860
3060,9,"Sheepmeat",86588120
3060,10,"Sheepmeat",86588120
3060,11,"Forestry",716668
3060,12,"Forestry",716668
3060,13,"Forestry",69355
3060,14,"Forestry",69355
3060,15,"Forestry",1444896
3060,16,"Forestry",20436605
3060,17,"Fruit",2378044
3060,18,"Fruit",2378044
3060,19,"Fruit",5225328
3060,20,"Fruit",306804
3060,21,"Fruit",613429
3060,22,"Fruit",153313
3060,23,"Veges",12845584
3060,24,"Veges",12417506
3060,25,"Veges",12417506
3060,26,"Veges",5138557
3061,2,"Beef",43179751
3061,3,"Beef",43179751
3061,4,"Beef",129431842
3061,5,"Beef",281308
3061,6,"Beef",281308
3061,7,"Beef",843225
3061,8,"Sheepmeat",2156689
3061,9,"Sheepmeat",86581774
3061,10,"Sheepmeat",86581774
3061,11,"Forestry",716668
3061,12,"Forestry",716668
3061,13,"Forestry",69355
3061,14,"Forestry",69355
3061,15,"Forestry",1444896
3061,16,"Forestry",20436605
3061,17,"Fruit",3609497
3061,18,"Fruit",3609497
3061,19,"Fruit",7931226
3061,20,"Fruit",465680
3061,21,"Fruit",931089
3061,22,"Fruit",232704
3061,23,"Veges",14716001
3061,24,"Veges",14225591
3061,25,"Veges",14225591
3061,26,"Veges",5886771
3062,2,"Beef",43027612
3062,3,"Beef",43027612
3062,4,"Beef",128975803
3062,5,"Beef",281308
3062,6,"Beef",281308
3062,7,"Beef",843225
3062,8,"Sheepmeat",6286079
3062,9,"Sheepmeat",86299377
3062,10,"Sheepmeat",86299377
3062,11,"Forestry",1205751
3062,12,"Forestry",1205751
3062,13,"Forestry",116686
3062,14,"Forestry",116686
3062,15,"Forestry",2430950
3062,16,"Forestry",34383359
3062,17,"Fruit",12272594
3062,18,"Fruit",12272594
3062,19,"Fruit",26966839
3062,20,"Fruit",1583352
3062,21,"Fruit",3165781
3062,22,"Fruit",791214
3062,23,"Veges",29578869
3062,24,"Veges",28593155
3062,25,"Veges",28593155
3062,26,"Veges",11832293
3063,2,"Beef",43063419
3063,3,"Beef",43063419
3063,4,"Beef",129083135
3063,5,"Beef",281308
3063,6,"Beef",281308
3063,7,"Beef",843225
3063,8,"Sheepmeat",6258378
3063,9,"Sheepmeat",86325119
3063,10,"Sheepmeat",86325119
3063,11,"Forestry",1205751
3063,12,"Forestry",1205751
3063,13,"Forestry",116686
3063,14,"Forestry",116686
3063,15,"Forestry",2430950
3063,16,"Forestry",34383359
3063,17,"Fruit",11011617
3063,18,"Fruit",11011617
3063,19,"Fruit",24196068
3063,20,"Fruit",1420667
3063,21,"Fruit",2840505
3063,22,"Fruit",709919
3063,23,"Veges",29386568
3063,24,"Veges",28407263
3063,25,"Veges",28407263
3063,26,"Veges",11755368
3065,1,"Dairy",294382
3065,2,"Beef",12937958
3065,3,"Beef",12937958
3065,4,"Beef",38781690
3065,5,"Beef",8405
3065,6,"Beef",8405
3065,7,"Beef",25194
3065,8,"Sheepmeat",27164450
3065,9,"Sheepmeat",25113220
3065,10,"Sheepmeat",25113220
3065,11,"Forestry",3300345
3065,12,"Forestry",3300345
3065,13,"Forestry",319388
3065,14,"Forestry",319388
3065,15,"Forestry",6736256
3065,16,"Forestry",96971590
3065,17,"Fruit",702883
3065,18,"Fruit",702883
3065,19,"Fruit",1544461
3065,20,"Fruit",88400
3065,21,"Fruit",176749
3065,22,"Fruit",45315
3065,23,"Veges",26209103
3065,24,"Veges",31426362
3065,25,"Veges",31426362
3065,26,"Veges",13004718
3066,1,"Dairy",294382
3066,2,"Beef",12898830
3066,3,"Beef",12898830
3066,4,"Beef",38664404
3066,5,"Beef",8405
3066,6,"Beef",8405
3066,7,"Beef",25194
3066,8,"Sheepmeat",27050254
3066,9,"Sheepmeat",25007103
3066,10,"Sheepmeat",25007103
3066,11,"Forestry",3300057
3066,12,"Forestry",3300057
3066,13,"Forestry",319360
3066,14,"Forestry",319360
3066,15,"Forestry",6735675
3066,16,"Forestry",96963363
3066,17,"Fruit",702883
3066,18,"Fruit",702883
3066,19,"Fruit",1544461
3066,20,"Fruit",88400
3066,21,"Fruit",176749
3066,22,"Fruit",45315
3066,23,"Veges",26209103
3066,24,"Veges",31426362
3066,25,"Veges",31426362
3066,26,"Veges",13004718
3067,1,"Dairy",294382
3067,2,"Beef",12822369
3067,3,"Beef",12822369
3067,4,"Beef",38435211
3067,5,"Beef",8405
3067,6,"Beef",8405
3067,7,"Beef",25194
3067,8,"Sheepmeat",26885920
3067,9,"Sheepmeat",24854394
3067,10,"Sheepmeat",24854394
3067,11,"Forestry",3300057
3067,12,"Forestry",3300057
3067,13,"Forestry",319360
3067,14,"Forestry",319360
3067,15,"Forestry",6735675
3067,16,"Forestry",96963363
3067,17,"Fruit",702883
3067,18,"Fruit",702883
3067,19,"Fruit",1544461
3067,20,"Fruit",88400
3067,21,"Fruit",176749
3067,22,"Fruit",45315
3067,23,"Veges",26209103
3067,24,"Veges",31426362
3067,25,"Veges",31426362
3067,26,"Veges",13004718
3068,1,"Dairy",294382
3068,2,"Beef",12631538
3068,3,"Beef",12631538
3068,4,"Beef",37863194
3068,5,"Beef",8405
3068,6,"Beef",8405
3068,7,"Beef",25194
3068,8,"Sheepmeat",26307526
3068,9,"Sheepmeat",24316915
3068,10,"Sheepmeat",24316915
3068,11,"Forestry",3290906
3068,12,"Forestry",3290906
3068,13,"Forestry",318475
3068,14,"Forestry",318475
3068,15,"Forestry",6717226
3068,16,"Forestry",96702421
3068,17,"Fruit",702883
3068,18,"Fruit",702883
3068,19,"Fruit",1544461
3068,20,"Fruit",88400
3068,21,"Fruit",176749
3068,22,"Fruit",45315
3068,23,"Veges",26209103
3068,24,"Veges",31426362
3068,25,"Veges",31426362
3068,26,"Veges",13004718
3069,1,"Dairy",6320257
3069,2,"Beef",11648017
3069,3,"Beef",11648017
3069,4,"Beef",34915075
3069,5,"Beef",180413
3069,6,"Beef",180413
3069,7,"Beef",540789
3069,8,"Sheepmeat",27280659
3069,9,"Sheepmeat",24502149
3069,10,"Sheepmeat",24502149
3069,11,"Forestry",2642715
3069,12,"Forestry",2642715
3069,13,"Forestry",255747
3069,14,"Forestry",255747
3069,15,"Forestry",5328054
3069,16,"Forestry",75360000
3069,17,"Fruit",6006693
3069,18,"Fruit",6006693
3069,19,"Fruit",13198639
3069,20,"Fruit",792546
3069,21,"Fruit",1584631
3069,22,"Fruit",368330
3069,23,"Veges",26662788
3069,24,"Veges",25268144
3069,25,"Veges",25268144
3069,26,"Veges",10456352
3070,1,"Dairy",6320257
3070,2,"Beef",4162915
3070,3,"Beef",4162915
3070,4,"Beef",12478389
3070,5,"Beef",180413
3070,6,"Beef",180413
3070,7,"Beef",540789
3070,8,"Sheepmeat",7589166
3070,9,"Sheepmeat",7052312
3070,10,"Sheepmeat",7052312
3070,11,"Forestry",108532
3070,12,"Forestry",108532
3070,13,"Forestry",10503
3070,14,"Forestry",10503
3070,15,"Forestry",218815
3070,16,"Forestry",3094923
3071,1,"Dairy",6320257
3071,2,"Beef",4146439
3071,3,"Beef",4146439
3071,4,"Beef",12429001
3071,5,"Beef",180413
3071,6,"Beef",180413
3071,7,"Beef",540789
3071,8,"Sheepmeat",7475234
3071,9,"Sheepmeat",6946439
3071,10,"Sheepmeat",6946439
3071,11,"Forestry",107092
3071,12,"Forestry",107092
3071,13,"Forestry",10364
3071,14,"Forestry",10364
3071,15,"Forestry",215911
3071,16,"Forestry",3053842
3072,2,"Beef",370575
3072,3,"Beef",370575
3072,4,"Beef",1110803
3072,8,"Sheepmeat",1330600
3072,9,"Sheepmeat",1236474
3072,10,"Sheepmeat",1236474
3072,11,"Forestry",38661
3072,12,"Forestry",38661
3072,13,"Forestry",3741
3072,14,"Forestry",3741
3072,15,"Forestry",77946
3072,16,"Forestry",1102471
3073,2,"Beef",328594
3073,3,"Beef",328594
3073,4,"Beef",984963
3073,8,"Sheepmeat",1296315
3073,9,"Sheepmeat",1204615
3073,10,"Sheepmeat",1204615
3073,11,"Forestry",38661
3073,12,"Forestry",38661
3073,13,"Forestry",3741
3073,14,"Forestry",3741
3073,15,"Forestry",77946
3073,16,"Forestry",1102471
3074,1,"Dairy",6320257
3074,2,"Beef",3045498
3074,3,"Beef",3045498
3074,4,"Beef",9128919
3074,5,"Beef",180413
3074,6,"Beef",180413
3074,7,"Beef",540789
3074,8,"Sheepmeat",5126848
3074,9,"Sheepmeat",4764177
3074,10,"Sheepmeat",4764177
3074,11,"Forestry",63607
3074,12,"Forestry",63607
3074,13,"Forestry",6156
3074,14,"Forestry",6156
3074,15,"Forestry",128241
3074,16,"Forestry",1813837
3075,1,"Dairy",6320257
3075,2,"Beef",2189121
3075,3,"Beef",2189121
3075,4,"Beef",6561916
3075,5,"Beef",180413
3075,6,"Beef",180413
3075,7,"Beef",540789
3075,8,"Sheepmeat",3733157
3075,9,"Sheepmeat",3469075
3075,10,"Sheepmeat",3469075
3075,11,"Forestry",33718
3075,12,"Forestry",33718
3075,13,"Forestry",3263
3075,14,"Forestry",3263
3075,15,"Forestry",67980
3075,16,"Forestry",961516
3076,2,"Beef",239382
3076,3,"Beef",239382
3076,4,"Beef",717550
3076,8,"Sheepmeat",437370
3076,9,"Sheepmeat",406431
3076,10,"Sheepmeat",406431
3076,11,"Forestry",23192
3076,12,"Forestry",23192
3076,13,"Forestry",2244
3076,14,"Forestry",2244
3076,15,"Forestry",46758
3076,16,"Forestry",661345
3077,2,"Beef",1419
3077,3,"Beef",1419
3077,4,"Beef",4254
3077,8,"Sheepmeat",82453
3077,9,"Sheepmeat",76621
3077,10,"Sheepmeat",76621
3077,11,"Forestry",15
3077,12,"Forestry",15
3077,13,"Forestry",1
3077,14,"Forestry",1
3077,15,"Forestry",30
3077,16,"Forestry",421
3078,2,"Beef",2061765
3078,3,"Beef",2061765
3078,4,"Beef",6180165
3078,5,"Beef",38
3078,6,"Beef",38
3078,7,"Beef",113
3078,8,"Sheepmeat",4752193
3078,9,"Sheepmeat",4416025
3078,10,"Sheepmeat",4416025
3078,11,"Forestry",3249
3078,12,"Forestry",3249
3078,13,"Forestry",314
3078,14,"Forestry",314
3078,15,"Forestry",6550
3078,16,"Forestry",92647
3079,2,"Beef",643230
3079,3,"Beef",643230
3079,4,"Beef",1928091
3079,8,"Sheepmeat",2281242
3079,9,"Sheepmeat",2119868
3079,10,"Sheepmeat",2119868
3079,11,"Forestry",14595
3079,12,"Forestry",14595
3079,13,"Forestry",1412
3079,14,"Forestry",1412
3079,15,"Forestry",29426
3079,16,"Forestry",416198
3080,2,"Beef",138568
3080,3,"Beef",138568
3080,4,"Beef",415359
3080,8,"Sheepmeat",432581
3080,9,"Sheepmeat",401981
3080,10,"Sheepmeat",401981
3080,11,"Forestry",18149
3080,12,"Forestry",18149
3080,13,"Forestry",1756
3080,14,"Forestry",1756
3080,15,"Forestry",36590
3080,16,"Forestry",517530
3080,17,"Fruit",8907
3080,18,"Fruit",8907
3080,19,"Fruit",19571
3080,20,"Fruit",1149
3080,21,"Fruit",2298
3080,22,"Fruit",574
3081,2,"Beef",9325
3081,3,"Beef",9325
3081,4,"Beef",27952
3081,8,"Sheepmeat",36963
3081,9,"Sheepmeat",34348
3081,10,"Sheepmeat",34348
3081,11,"Forestry",332
3081,12,"Forestry",332
3081,13,"Forestry",32
3081,14,"Forestry",32
3081,15,"Forestry",669
3081,16,"Forestry",9461
3081,23,"Veges",296511
3081,24,"Veges",286629
3081,25,"Veges",286629
3081,26,"Veges",118612
3082,2,"Beef",1112214
3082,3,"Beef",1112214
3082,4,"Beef",3333876
3082,8,"Sheepmeat",3418837
3082,9,"Sheepmeat",3176990
3082,10,"Sheepmeat",3176990
3082,11,"Forestry",22166
3082,12,"Forestry",22166
3082,13,"Forestry",2145
3082,14,"Forestry",2145
3082,15,"Forestry",44689
3082,16,"Forestry",632075
3083,2,"Beef",11850724
3083,3,"Beef",11850724
3083,4,"Beef",35522693
3083,5,"Beef",180413
3083,6,"Beef",180413
3083,7,"Beef",540789
3083,8,"Sheepmeat",27727323
3083,9,"Sheepmeat",24917217
3083,10,"Sheepmeat",24917217
3083,11,"Forestry",2685683
3083,12,"Forestry",2685683
3083,13,"Forestry",259905
3083,15,"Forestry",5414684
3083,16,"Forestry",6699
3083,17,"Fruit",2582464
3083,18,"Fruit",2582464
3083,19,"Fruit",5674504
3083,20,"Fruit",1780248
3083,21,"Fruit",3559458
3083,22,"Fruit",861892
3083,23,"Veges",33608450
3083,24,"Veges",2473963
3083,25,"Veges",2473963
3083,26,"Veges",1023765
3084,2,"Beef",1294895
3084,3,"Beef",1294895
3084,4,"Beef",3881464
3084,8,"Sheepmeat",2505872
3084,9,"Sheepmeat",2328608
3084,10,"Sheepmeat",2328608
3084,11,"Forestry",22513
3084,12,"Forestry",22513
3084,13,"Forestry",2179
3084,14,"Forestry",2179
3084,15,"Forestry",45390
3084,16,"Forestry",641997
3085,2,"Beef",1032524
3085,3,"Beef",1032524
3085,4,"Beef",3095003
3085,8,"Sheepmeat",1920612
3085,9,"Sheepmeat",1784749
3085,10,"Sheepmeat",1784749
3085,11,"Forestry",32205
3085,12,"Forestry",32205
3085,13,"Forestry",3117
3085,14,"Forestry",3117
3085,15,"Forestry",64930
3085,16,"Forestry",918366
3086,2,"Beef",948806
3086,3,"Beef",948806
3086,4,"Beef",2844057
3086,8,"Sheepmeat",1838510
3086,9,"Sheepmeat",1708455
3086,10,"Sheepmeat",1708455
3086,11,"Forestry",32205
3086,12,"Forestry",32205
3086,13,"Forestry",3117
3086,14,"Forestry",3117
3086,15,"Forestry",64930
3086,16,"Forestry",918366
3087,2,"Beef",43159
3087,3,"Beef",43159
3087,4,"Beef",129370
3087,8,"Sheepmeat",397985
3087,9,"Sheepmeat",369831
3087,10,"Sheepmeat",369831
3087,11,"Forestry",38248
3087,12,"Forestry",38248
3087,13,"Forestry",3701
3087,14,"Forestry",3701
3087,15,"Forestry",77113
3087,16,"Forestry",1090680
3088,2,"Beef",456068
3088,3,"Beef",456068
3088,4,"Beef",1367068
3088,8,"Sheepmeat",1564072
3088,9,"Sheepmeat",1776525
3088,10,"Sheepmeat",1776525
3088,11,"Forestry",327959
3088,12,"Forestry",327959
3088,13,"Forestry",31738
3088,14,"Forestry",31738
3088,15,"Forestry",661208
3088,16,"Forestry",9352120
3089,2,"Beef",490297
3089,3,"Beef",490297
3089,4,"Beef",1469670
3089,8,"Sheepmeat",1528922
3089,9,"Sheepmeat",1809189
3089,10,"Sheepmeat",1809189
3089,11,"Forestry",219242
3089,12,"Forestry",219242
3089,13,"Forestry",21217
3089,14,"Forestry",21217
3089,15,"Forestry",442021
3089,16,"Forestry",6251942
3090,2,"Beef",43641704
3090,3,"Beef",43641704
3090,4,"Beef",130816551
3090,5,"Beef",281308
3090,6,"Beef",281308
3090,7,"Beef",843225
3090,8,"Sheepmeat",1953297
3090,9,"Sheepmeat",87095704
3090,10,"Sheepmeat",87095704
3090,11,"Forestry",716517
3090,12,"Forestry",716517
3090,13,"Forestry",69340
3090,14,"Forestry",69340
3090,15,"Forestry",1444591
3090,16,"Forestry",20432293
3090,17,"Fruit",1920110
3090,18,"Fruit",1920110
3090,19,"Fruit",4219099
3090,20,"Fruit",247723
3090,21,"Fruit",495303
3090,22,"Fruit",123790
3090,23,"Veges",6752360
3090,24,"Veges",6527338
3090,25,"Veges",6527338
3090,26,"Veges",2701114
3093,2,"Beef",44086872
3093,3,"Beef",44086872
3093,4,"Beef",132150947
3093,5,"Beef",281308
3093,6,"Beef",281308
3093,7,"Beef",843225
3093,8,"Sheepmeat",990272
3093,9,"Sheepmeat",87990606
3093,10,"Sheepmeat",87990606
3093,11,"Forestry",684637
3093,12,"Forestry",684637
3093,13,"Forestry",66255
3093,14,"Forestry",66255
3093,15,"Forestry",1380317
3093,16,"Forestry",19523199
3093,17,"Fruit",501745
3093,18,"Fruit",501745
3093,19,"Fruit",1102496
3093,20,"Fruit",64733
3093,21,"Fruit",129428
3093,22,"Fruit",32348
3093,23,"Veges",546526
3093,24,"Veges",528313
3093,25,"Veges",528313
3093,26,"Veges",218624
3094,2,"Beef",44311393
3094,3,"Beef",44311393
3094,4,"Beef",132823951
3094,5,"Beef",281308
3094,6,"Beef",281308
3094,7,"Beef",843225
3094,8,"Sheepmeat",9896
3094,9,"Sheepmeat",88901630
3094,10,"Sheepmeat",88901630
3094,11,"Forestry",212736
3094,12,"Forestry",212736
3094,13,"Forestry",20587
3094,14,"Forestry",20587
3094,15,"Forestry",428903
3094,16,"Forestry",6066404
3095,1,"Dairy",6320257
3095,2,"Beef",11058696
3095,3,"Beef",11058696
3095,4,"Beef",33148578
3095,5,"Beef",180413
3095,6,"Beef",180413
3095,7,"Beef",540789
3095,8,"Sheepmeat",25327035
3095,9,"Sheepmeat",23535412
3095,10,"Sheepmeat",23535412
3095,11,"Forestry",2506498
3095,12,"Forestry",2506498
3095,13,"Forestry",242564
3095,14,"Forestry",242564
3095,15,"Forestry",5053423
3095,16,"Forestry",71475615
3095,17,"Fruit",3378417
3095,18,"Fruit",3378417
3095,19,"Fruit",7423470
3095,20,"Fruit",435867
3095,21,"Fruit",871481
3095,22,"Fruit",217807
3095,23,"Veges",20804201
3095,24,"Veges",20110903
3095,25,"Veges",20110903
3095,26,"Veges",8322205
3096,2,"Beef",2159
3096,3,"Beef",2159
3096,4,"Beef",6472
3096,8,"Sheepmeat",1670
3096,9,"Sheepmeat",1552
3096,10,"Sheepmeat",1552
3096,17,"Fruit",512091
3096,18,"Fruit",512091
3096,19,"Fruit",1125229
3096,20,"Fruit",66068
3096,21,"Fruit",132097
3096,22,"Fruit",33015
3096,23,"Veges",230805
3096,24,"Veges",223113
3096,25,"Veges",223113
3096,26,"Veges",92328
3097,1,"Dairy",6320257
3097,2,"Beef",11061374
3097,3,"Beef",11061374
3097,4,"Beef",33156607
3097,5,"Beef",180413
3097,6,"Beef",180413
3097,7,"Beef",540789
3097,8,"Sheepmeat",26242401
3097,9,"Sheepmeat",23537337
3097,10,"Sheepmeat",23537337
3097,11,"Forestry",2521344
3097,12,"Forestry",2521344
3097,13,"Forestry",244001
3097,14,"Forestry",244001
3097,15,"Forestry",5083354
3097,16,"Forestry",71898959
3097,17,"Fruit",4079350
3097,18,"Fruit",4079350
3097,19,"Fruit",8963645
3097,20,"Fruit",543890
3097,21,"Fruit",1087462
3097,22,"Fruit",244074
3097,23,"Veges",23276104
3097,24,"Veges",21994321
3097,25,"Veges",21994321
3097,26,"Veges",9101593
3098,11,"Forestry",93
3098,12,"Forestry",93
3098,13,"Forestry",9
3098,14,"Forestry",9
3098,15,"Forestry",188
3098,16,"Forestry",97112244
3099,1,"Dairy",6320257
3099,2,"Beef",10823483
3099,3,"Beef",10823483
3099,4,"Beef",32443525
3099,5,"Beef",180413
3099,6,"Beef",180413
3099,7,"Beef",540789
3099,8,"Sheepmeat",25067080
3099,9,"Sheepmeat",23293846
3099,10,"Sheepmeat",23293846
3099,11,"Forestry",2506305
3099,12,"Forestry",2506305
3099,13,"Forestry",242546
3099,14,"Forestry",242546
3099,15,"Forestry",5053034
3099,16,"Forestry",71470110
3099,17,"Fruit",1400513
3099,18,"Fruit",1400513
3099,19,"Fruit",3077377
3099,20,"Fruit",180688
3099,21,"Fruit",361270
3099,22,"Fruit",90291
3099,23,"Veges",13586123
3099,24,"Veges",13133366
3099,25,"Veges",13133366
3099,26,"Veges",5434791
3100,1,"Dairy",4810891
3100,2,"Beef",432758
3100,3,"Beef",432758
3100,4,"Beef",1297198
3100,5,"Beef",137319
3100,6,"Beef",137319
3100,7,"Beef",411614
3100,8,"Sheepmeat",1117789
3100,9,"Sheepmeat",1038717
3100,10,"Sheepmeat",1038717
3100,11,"Forestry",15669
3100,12,"Forestry",15669
3100,13,"Forestry",1516
3100,14,"Forestry",1516
3100,15,"Forestry",31590
3100,16,"Forestry",446813
3101,2,"Beef",44075967
3101,3,"Beef",44075967
3101,4,"Beef",132118260
3101,5,"Beef",281308
3101,6,"Beef",281308
3101,7,"Beef",843225
3101,8,"Sheepmeat",1035055
3101,9,"Sheepmeat",87948991
3101,10,"Sheepmeat",87948991
3101,11,"Forestry",684637
3101,12,"Forestry",684637
3101,13,"Forestry",66255
3101,14,"Forestry",66255
3101,15,"Forestry",1380317
3101,16,"Forestry",19523199
3101,17,"Fruit",536624
3101,18,"Fruit",536624
3101,19,"Fruit",1179136
3101,20,"Fruit",69233
3101,21,"Fruit",138425
3101,22,"Fruit",34596
3101,23,"Veges",1428422
3101,24,"Veges",1380820
3101,25,"Veges",1380820
3101,26,"Veges",571405
3102,2,"Beef",43905971
3102,3,"Beef",43905971
3102,4,"Beef",131608695
3102,5,"Beef",281308
3102,6,"Beef",281308
3102,7,"Beef",843225
3102,8,"Sheepmeat",1507151
3102,9,"Sheepmeat",87510291
3102,10,"Sheepmeat",87510291
3102,11,"Forestry",713232
3102,12,"Forestry",713232
3102,13,"Forestry",69022
3102,14,"Forestry",69022
3102,15,"Forestry",1437967
3102,16,"Forestry",20338606
3102,17,"Fruit",1013014
3102,18,"Fruit",1013014
3102,19,"Fruit",2225917
3102,20,"Fruit",130694
3102,21,"Fruit",261312
3102,22,"Fruit",65309
3102,23,"Veges",1843287
3102,24,"Veges",1781859
3102,25,"Veges",1781859
3102,26,"Veges",737361
3103,2,"Beef",43174221
3103,3,"Beef",43174221
3103,4,"Beef",129415266
3103,5,"Beef",281308
3103,6,"Beef",281308
3103,7,"Beef",843225
3103,8,"Sheepmeat",2160967
3103,9,"Sheepmeat",86577799
3103,10,"Sheepmeat",86577799
3103,11,"Forestry",716668
3103,12,"Forestry",716668
3103,13,"Forestry",69355
3103,14,"Forestry",69355
3103,15,"Forestry",1444896
3103,16,"Forestry",20436605
3103,17,"Fruit",4472334
3103,18,"Fruit",4472334
3103,19,"Fruit",9827158
3103,20,"Fruit",576999
3103,21,"Fruit",1153662
3103,22,"Fruit",288331
3103,23,"Veges",15990268
3103,24,"Veges",15457393
3103,25,"Veges",15457393
3103,26,"Veges",6396510
3104,1,"Dairy",4810891
3104,2,"Beef",1542034
3104,3,"Beef",1542034
3104,4,"Beef",4622267
3104,5,"Beef",137319
3104,6,"Beef",137319
3104,7,"Beef",411614
3104,8,"Sheepmeat",2583955
3104,9,"Sheepmeat",2401167
3104,10,"Sheepmeat",2401167
3104,11,"Forestry",30158
3104,12,"Forestry",30158
3104,13,"Forestry",2919
3104,14,"Forestry",2919
3104,15,"Forestry",60803
3104,16,"Forestry",859994
3105,1,"Dairy",4810891
3105,2,"Beef",614395
3105,3,"Beef",614395
3105,4,"Beef",1841656
3105,5,"Beef",137319
3105,6,"Beef",137319
3105,7,"Beef",411614
3105,8,"Sheepmeat",1387688
3105,9,"Sheepmeat",1289524
3105,10,"Sheepmeat",1289524
3105,11,"Forestry",18382
3105,12,"Forestry",18382
3105,13,"Forestry",1779
3105,14,"Forestry",1779
3105,15,"Forestry",37060
3105,16,"Forestry",524178
3106,1,"Dairy",4810891
3106,2,"Beef",1732622
3106,3,"Beef",1732622
3106,4,"Beef",5193556
3106,5,"Beef",137319
3106,6,"Beef",137319
3106,7,"Beef",411614
3106,8,"Sheepmeat",2859081
3106,9,"Sheepmeat",2656831
3106,10,"Sheepmeat",2656831
3106,11,"Forestry",31181
3106,12,"Forestry",31181
3106,13,"Forestry",3018
3106,14,"Forestry",3018
3106,15,"Forestry",62866
3106,16,"Forestry",889173
3107,2,"Beef",977819
3107,3,"Beef",977819
3107,4,"Beef",2931026
3107,8,"Sheepmeat",2086971
3107,9,"Sheepmeat",1939340
3107,10,"Sheepmeat",1939340
3107,11,"Forestry",1391400
3107,12,"Forestry",1391400
3107,13,"Forestry",134652
3107,14,"Forestry",134652
3107,15,"Forestry",2805242
3107,16,"Forestry",39677340
3108,2,"Beef",1560769
3108,3,"Beef",1560769
3108,4,"Beef",4678424
3108,8,"Sheepmeat",4718883
3108,9,"Sheepmeat",4385071
3108,10,"Sheepmeat",4385071
3108,11,"Forestry",1491510
3108,12,"Forestry",1491510
3108,13,"Forestry",144340
3108,14,"Forestry",144340
3108,15,"Forestry",3007077
3108,16,"Forestry",42532099
3109,2,"Beef",242810
3109,3,"Beef",242810
3109,4,"Beef",727825
3109,8,"Sheepmeat",1280163
3109,9,"Sheepmeat",1189605
3109,10,"Sheepmeat",1189605
3109,11,"Forestry",524027
3109,12,"Forestry",524027
3109,13,"Forestry",50712
3109,14,"Forestry",50712
3109,15,"Forestry",1056506
3109,16,"Forestry",14943221
3110,1,"Dairy",294382
3110,2,"Beef",6975699
3110,3,"Beef",6975699
3110,4,"Beef",20909744
3110,5,"Beef",8405
3110,6,"Beef",8405
3110,7,"Beef",25194
3110,8,"Sheepmeat",16062379
3110,9,"Sheepmeat",14796505
3110,10,"Sheepmeat",14796505
3110,11,"Forestry",2665984
3110,12,"Forestry",2665984
3110,13,"Forestry",257998
3110,14,"Forestry",257998
3110,15,"Forestry",5374967
3110,16,"Forestry",76023533
3110,17,"Fruit",153827
3110,18,"Fruit",153827
3110,19,"Fruit",338007
3110,20,"Fruit",17563
3110,21,"Fruit",35116
3110,22,"Fruit",9917
3110,23,"Veges",15724555
3110,24,"Veges",21291210
3110,25,"Veges",21291210
3110,26,"Veges",8810634
3111,2,"Beef",9628
3111,3,"Beef",9628
3111,4,"Beef",28860
3111,8,"Sheepmeat",12471
3111,9,"Sheepmeat",11589
3111,10,"Sheepmeat",11589
3111,11,"Forestry",104111
3111,12,"Forestry",104111
3111,13,"Forestry",10075
3111,14,"Forestry",10075
3111,15,"Forestry",209901
3111,16,"Forestry",2968833
3111,23,"Veges",12354
3111,24,"Veges",11943
3111,25,"Veges",11943
3111,26,"Veges",4942
3112,1,"Dairy",294382
3112,2,"Beef",6750626
3112,3,"Beef",6750626
3112,4,"Beef",20235085
3112,5,"Beef",8405
3112,6,"Beef",8405
3112,7,"Beef",25194
3112,8,"Sheepmeat",15751894
3112,9,"Sheepmeat",14507984
3112,10,"Sheepmeat",14507984
3112,11,"Forestry",2664910
3112,12,"Forestry",2664910
3112,13,"Forestry",257894
3112,14,"Forestry",257894
3112,15,"Forestry",5372802
3112,16,"Forestry",75992912
3112,17,"Fruit",17693
3112,18,"Fruit",17693
3112,19,"Fruit",38877
3112,22,"Fruit",1141
3112,23,"Veges",4560151
3112,24,"Veges",10498859
3112,25,"Veges",10498859
3112,26,"Veges",4344591
3113,1,"Dairy",294382
3113,2,"Beef",6586879
3113,3,"Beef",6586879
3113,4,"Beef",19744253
3113,5,"Beef",8405
3113,6,"Beef",8405
3113,7,"Beef",25194
3113,8,"Sheepmeat",15308890
3113,9,"Sheepmeat",14096318
3113,10,"Sheepmeat",14096318
3113,11,"Forestry",2574080
3113,12,"Forestry",2574080
3113,13,"Forestry",249105
3113,14,"Forestry",249105
3113,15,"Forestry",5189678
3113,16,"Forestry",73402807
3113,17,"Fruit",17693
3113,18,"Fruit",17693
3113,19,"Fruit",38877
3113,22,"Fruit",1141
3113,23,"Veges",521041
3113,24,"Veges",6594352
3113,25,"Veges",6594352
3113,26,"Veges",2728846
3114,1,"Dairy",6320257
3114,2,"Beef",2580003
3114,3,"Beef",2580003
3114,4,"Beef",7733590
3114,5,"Beef",180413
3114,6,"Beef",180413
3114,7,"Beef",540789
3114,8,"Sheepmeat",4344831
3114,9,"Sheepmeat",4037479
3114,10,"Sheepmeat",4037479
3114,11,"Forestry",38956
3114,12,"Forestry",38956
3114,13,"Forestry",3770
3114,14,"Forestry",3770
3114,15,"Forestry",78541
3114,16,"Forestry",1110878
3115,1,"Dairy",6320257
3115,2,"Beef",2830029
3115,3,"Beef",2830029
3115,4,"Beef",8483048
3115,5,"Beef",180413
3115,6,"Beef",180413
3115,7,"Beef",540789
3115,8,"Sheepmeat",4887437
3115,9,"Sheepmeat",4541702
3115,10,"Sheepmeat",4541702
3115,11,"Forestry",62421
3115,12,"Forestry",62421
3115,13,"Forestry",6041
3115,14,"Forestry",6041
3115,15,"Forestry",125849
3115,16,"Forestry",1780003
3116,1,"Dairy",6320257
3116,2,"Beef",3549771
3116,3,"Beef",3549771
3116,4,"Beef",10640482
3116,5,"Beef",180413
3116,6,"Beef",180413
3116,7,"Beef",540789
3116,8,"Sheepmeat",5934406
3116,9,"Sheepmeat",5514609
3116,10,"Sheepmeat",5514609
3116,11,"Forestry",68349
3116,12,"Forestry",68349
3116,13,"Forestry",6614
3116,14,"Forestry",6614
3116,15,"Forestry",137801
3116,16,"Forestry",1949052
3117,1,"Dairy",6320257
3117,2,"Beef",3931137
3117,3,"Beef",3931137
3117,4,"Beef",11783633
3117,5,"Beef",180413
3117,6,"Beef",180413
3117,7,"Beef",540789
3117,8,"Sheepmeat",7282820
3117,9,"Sheepmeat",6767636
3117,10,"Sheepmeat",6767636
3117,11,"Forestry",107046
3117,12,"Forestry",107046
3117,13,"Forestry",10359
3117,14,"Forestry",10359
3117,15,"Forestry",215818
3117,16,"Forestry",3052529
3118,1,"Dairy",6320257
3118,2,"Beef",6769771
3118,3,"Beef",6769771
3118,4,"Beef",20292472
3118,5,"Beef",180413
3118,6,"Beef",180413
3118,7,"Beef",540789
3118,8,"Sheepmeat",14248818
3118,9,"Sheepmeat",13240863
3118,10,"Sheepmeat",13240863
3118,11,"Forestry",218532
3118,12,"Forestry",218532
3118,13,"Forestry",21148
3118,14,"Forestry",21148
3118,15,"Forestry",440590
3118,16,"Forestry",6231698
3118,23,"Veges",793822
3118,24,"Veges",767368
3118,25,"Veges",767368
3118,26,"Veges",317549
3119,2,"Beef",650915
3119,3,"Beef",650915
3119,4,"Beef",1951126
3119,8,"Sheepmeat",2462567
3119,9,"Sheepmeat",2288366
3119,10,"Sheepmeat",2288366
3119,11,"Forestry",633157
3119,12,"Forestry",633157
3119,13,"Forestry",61273
3119,14,"Forestry",61273
3119,15,"Forestry",1276525
3119,16,"Forestry",18055174
3119,17,"Fruit",161461
3119,18,"Fruit",161461
3119,19,"Fruit",354782
3119,20,"Fruit",20831
3119,21,"Fruit",41650
3119,22,"Fruit",10409
3119,23,"Veges",119860
3119,24,"Veges",115866
3119,25,"Veges",115866
3119,26,"Veges",47947
3120,1,"Dairy",6320257
3120,2,"Beef",10944660
3120,3,"Beef",10944660
3120,4,"Beef",32806756
3120,5,"Beef",180413
3120,6,"Beef",180413
3120,7,"Beef",540789
3120,8,"Sheepmeat",25175512
3120,9,"Sheepmeat",23394608
3120,10,"Sheepmeat",23394608
3120,11,"Forestry",2506327
3120,12,"Forestry",2506327
3120,13,"Forestry",242548
3120,14,"Forestry",242548
3120,15,"Forestry",5053079
3120,16,"Forestry",71470752
3120,17,"Fruit",1947119
3120,18,"Fruit",1947119
3120,19,"Fruit",4278447
3120,20,"Fruit",251208
3120,21,"Fruit",502270
3120,22,"Fruit",125531
3120,23,"Veges",18413032
3120,24,"Veges",17799419
3120,25,"Veges",17799419
3120,26,"Veges",7365677
3121,1,"Dairy",6320257
3121,2,"Beef",11622384
3121,3,"Beef",11622384
3121,4,"Beef",34838242
3121,5,"Beef",180413
3121,6,"Beef",180413
3121,7,"Beef",540789
3121,8,"Sheepmeat",27252122
3121,9,"Sheepmeat",24475631
3121,10,"Sheepmeat",24475631
3121,11,"Forestry",2642646
3121,12,"Forestry",2642646
3121,13,"Forestry",255740
3121,14,"Forestry",255740
3121,15,"Forestry",5327916
3121,16,"Forestry",75358045
3121,17,"Fruit",5110131
3121,18,"Fruit",5110131
3121,19,"Fruit",11228602
3121,20,"Fruit",676876
3121,21,"Fruit",1353358
3121,22,"Fruit",310528
3121,23,"Veges",26620305
3121,24,"Veges",25227078
3121,25,"Veges",25227078
3121,26,"Veges",10439358
3122,1,"Dairy",6320257
3122,2,"Beef",11644780
3122,3,"Beef",11644780
3122,4,"Beef",34905372
3122,5,"Beef",180413
3122,6,"Beef",180413
3122,7,"Beef",540789
3122,8,"Sheepmeat",27278154
3122,9,"Sheepmeat",24499822
3122,10,"Sheepmeat",24499822
3122,11,"Forestry",2642715
3122,12,"Forestry",2642715
3122,13,"Forestry",255747
3122,14,"Forestry",255747
3122,15,"Forestry",5328054
3122,16,"Forestry",75360000
3122,17,"Fruit",6006693
3122,18,"Fruit",6006693
3122,19,"Fruit",13198639
3122,20,"Fruit",792546
3122,21,"Fruit",1584631
3122,22,"Fruit",368330
3122,23,"Veges",26662788
3122,24,"Veges",25268144
3122,25,"Veges",25268144
3122,26,"Veges",10456352
3123,1,"Dairy",6320257
3123,2,"Beef",11646199
3123,3,"Beef",11646199
3123,4,"Beef",34909626
3123,5,"Beef",180413
3123,6,"Beef",180413
3123,7,"Beef",540789
3123,8,"Sheepmeat",27279253
3123,9,"Sheepmeat",24500842
3123,10,"Sheepmeat",24500842
3123,11,"Forestry",2642715
3123,12,"Forestry",2642715
3123,13,"Forestry",255747
3123,14,"Forestry",255747
3123,15,"Forestry",5328054
3123,16,"Forestry",75360000
3123,17,"Fruit",6006693
3123,18,"Fruit",6006693
3123,19,"Fruit",13198639
3123,20,"Fruit",792546
3123,21,"Fruit",1584631
3123,22,"Fruit",368330
3123,23,"Veges",26662788
3123,24,"Veges",25268144
3123,25,"Veges",25268144
3123,26,"Veges",10456352
3124,1,"Dairy",6320257
3124,2,"Beef",11737157
3124,3,"Beef",11737157
3124,4,"Beef",35182273
3124,5,"Beef",180413
3124,6,"Beef",180413
3124,7,"Beef",540789
3124,8,"Sheepmeat",27631426
3124,9,"Sheepmeat",24828103
3124,10,"Sheepmeat",24828103
3124,11,"Forestry",2659562
3124,12,"Forestry",2659562
3124,13,"Forestry",257377
3124,14,"Forestry",257377
3124,15,"Forestry",5362020
3124,16,"Forestry",75840406
3124,17,"Fruit",6268534
3124,18,"Fruit",6268534
3124,19,"Fruit",13773988
3124,20,"Fruit",826328
3124,21,"Fruit",1652174
3124,22,"Fruit",385210
3124,23,"Veges",27659300
3124,24,"Veges",26231447
3124,25,"Veges",26231447
3124,26,"Veges",10854981
3125,2,"Beef",44872934
3125,3,"Beef",44872934
3125,4,"Beef",134507179
3125,5,"Beef",281308
3125,6,"Beef",281308
3125,7,"Beef",843225
3125,9,"Sheepmeat",92140782
3125,10,"Sheepmeat",92140782
3125,11,"Forestry",2499
3125,12,"Forestry",2499
3125,13,"Forestry",242
3125,14,"Forestry",242
3125,15,"Forestry",5038
3125,16,"Forestry",71262
3126,1,"Dairy",294382
3126,2,"Beef",13068437
3126,3,"Beef",13068437
3126,4,"Beef",39172801
3126,5,"Beef",8405
3126,6,"Beef",8405
3126,7,"Beef",25194
3126,8,"Sheepmeat",27316189
3126,9,"Sheepmeat",25254226
3126,10,"Sheepmeat",25254226
3126,11,"Forestry",3300640
3126,12,"Forestry",3300640
3126,13,"Forestry",319417
3126,14,"Forestry",319417
3126,15,"Forestry",6736851
3126,16,"Forestry",96980004
3126,17,"Fruit",702883
3126,18,"Fruit",702883
3126,19,"Fruit",1544461
3126,20,"Fruit",88400
3126,21,"Fruit",176749
3126,22,"Fruit",45315
3126,23,"Veges",26227561
3126,24,"Veges",31444204
3126,25,"Veges",31444204
3126,26,"Veges",13012101
3127,1,"Dairy",294382
3127,2,"Beef",13128362
3127,3,"Beef",13128362
3127,4,"Beef",39352429
3127,5,"Beef",8405
3127,6,"Beef",8405
3127,7,"Beef",25194
3127,8,"Sheepmeat",27365243
3127,9,"Sheepmeat",25299810
3127,10,"Sheepmeat",25299810
3127,11,"Forestry",3300640
3127,12,"Forestry",3300640
3127,13,"Forestry",319417
3127,14,"Forestry",319417
3127,15,"Forestry",6736851
3127,16,"Forestry",96980004
3127,17,"Fruit",702883
3127,18,"Fruit",702883
3127,19,"Fruit",1544461
3127,20,"Fruit",88400
3127,21,"Fruit",176749
3127,22,"Fruit",45315
3127,23,"Veges",26264458
3127,24,"Veges",31479872
3127,25,"Veges",31479872
3127,26,"Veges",13026861
3128,1,"Dairy",294382
3128,2,"Beef",13013438
3128,3,"Beef",13013438
3128,4,"Beef",39007943
3128,5,"Beef",8405
3128,6,"Beef",8405
3128,7,"Beef",25194
3128,8,"Sheepmeat",27236604
3128,9,"Sheepmeat",25180270
3128,10,"Sheepmeat",25180270
3128,11,"Forestry",3300501
3128,12,"Forestry",3300501
3128,13,"Forestry",319403
3128,14,"Forestry",319403
3128,15,"Forestry",6736570
3128,16,"Forestry",96976024
3128,17,"Fruit",702883
3128,18,"Fruit",702883
3128,19,"Fruit",1544461
3128,20,"Fruit",88400
3128,21,"Fruit",176749
3128,22,"Fruit",45315
3128,23,"Veges",26209103
3128,24,"Veges",31426362
3128,25,"Veges",31426362
3128,26,"Veges",13004718
3129,1,"Dairy",294382
3129,2,"Beef",13012714
3129,3,"Beef",13012714
3129,4,"Beef",39005772
3129,5,"Beef",8405
3129,6,"Beef",8405
3129,7,"Beef",25194
3129,8,"Sheepmeat",27235668
3129,9,"Sheepmeat",25179401
3129,10,"Sheepmeat",25179401
3129,11,"Forestry",3300501
3129,12,"Forestry",3300501
3129,13,"Forestry",319403
3129,14,"Forestry",319403
3129,15,"Forestry",6736570
3129,16,"Forestry",96976024
3129,17,"Fruit",702883
3129,18,"Fruit",702883
3129,19,"Fruit",1544461
3129,20,"Fruit",88400
3129,21,"Fruit",176749
3129,22,"Fruit",45315
3129,23,"Veges",26209103
3129,24,"Veges",31426362
3129,25,"Veges",31426362
3129,26,"Veges",13004718
3130,1,"Dairy",294382
3130,2,"Beef",13012311
3130,3,"Beef",13012311
3130,4,"Beef",39004565
3130,5,"Beef",8405
3130,6,"Beef",8405
3130,7,"Beef",25194
3130,8,"Sheepmeat",27235357
3130,9,"Sheepmeat",25179112
3130,10,"Sheepmeat",25179112
3130,11,"Forestry",3300501
3130,12,"Forestry",3300501
3130,13,"Forestry",319403
3130,14,"Forestry",319403
3130,15,"Forestry",6736570
3130,16,"Forestry",96976024
3130,17,"Fruit",702883
3130,18,"Fruit",702883
3130,19,"Fruit",1544461
3130,20,"Fruit",88400
3130,21,"Fruit",176749
3130,22,"Fruit",45315
3130,23,"Veges",26209103
3130,24,"Veges",31426362
3130,25,"Veges",31426362
3130,26,"Veges",13004718
3131,1,"Dairy",294382
3131,2,"Beef",12937959
3131,3,"Beef",12937959
3131,4,"Beef",38781694
3131,5,"Beef",8405
3131,6,"Beef",8405
3131,7,"Beef",25194
3131,8,"Sheepmeat",27167659
3131,9,"Sheepmeat",25116202
3131,10,"Sheepmeat",25116202
3131,11,"Forestry",3300345
3131,12,"Forestry",3300345
3131,13,"Forestry",319388
3131,14,"Forestry",319388
3131,15,"Forestry",6736256
3131,16,"Forestry",96971590
3131,17,"Fruit",702883
3131,18,"Fruit",702883
3131,19,"Fruit",1544461
3131,20,"Fruit",88400
3131,21,"Fruit",176749
3131,22,"Fruit",45315
3131,23,"Veges",26209103
3131,24,"Veges",31426362
3131,25,"Veges",31426362
3131,26,"Veges",13004718
3132,1,"Dairy",294382
3132,2,"Beef",12937959
3132,3,"Beef",12937959
3132,4,"Beef",38781694
3132,5,"Beef",8405
3132,6,"Beef",8405
3132,7,"Beef",25194
3132,8,"Sheepmeat",27167659
3132,9,"Sheepmeat",25116202
3132,10,"Sheepmeat",25116202
3132,11,"Forestry",3300345
3132,12,"Forestry",3300345
3132,13,"Forestry",319388
3132,14,"Forestry",319388
3132,15,"Forestry",6736256
3132,16,"Forestry",96971590
3132,17,"Fruit",702883
3132,18,"Fruit",702883
3132,19,"Fruit",1544461
3132,20,"Fruit",88400
3132,21,"Fruit",176749
3132,22,"Fruit",45315
3132,23,"Veges",26209103
3132,24,"Veges",31426362
3132,25,"Veges",31426362
3132,26,"Veges",13004718
3133,1,"Dairy",294382
3133,2,"Beef",13134406
3133,3,"Beef",13134406
3133,4,"Beef",39370547
3133,5,"Beef",8405
3133,6,"Beef",8405
3133,7,"Beef",25194
3133,8,"Sheepmeat",27369919
3133,9,"Sheepmeat",25304155
3133,10,"Sheepmeat",25304155
3133,11,"Forestry",3300640
3133,12,"Forestry",3300640
3133,13,"Forestry",319417
3133,14,"Forestry",319417
3133,15,"Forestry",6736851
3133,16,"Forestry",96980004
3133,17,"Fruit",702883
3133,18,"Fruit",702883
3133,19,"Fruit",1544461
3133,20,"Fruit",88400
3133,21,"Fruit",176749
3133,22,"Fruit",45315
3133,23,"Veges",26264458
3133,24,"Veges",31479872
3133,25,"Veges",31479872
3133,26,"Veges",13026861
3134,1,"Dairy",294382
3134,2,"Beef",13141567
3134,3,"Beef",13141567
3134,4,"Beef",39392011
3134,5,"Beef",8405
3134,6,"Beef",8405
3134,7,"Beef",25194
3134,8,"Sheepmeat",27375459
3134,9,"Sheepmeat",25309303
3134,10,"Sheepmeat",25309303
3134,11,"Forestry",3300640
3134,12,"Forestry",3300640
3134,13,"Forestry",319417
3134,14,"Forestry",319417
3134,15,"Forestry",6736851
3134,16,"Forestry",96980004
3134,17,"Fruit",702883
3134,18,"Fruit",702883
3134,19,"Fruit",1544461
3134,20,"Fruit",88400
3134,21,"Fruit",176749
3134,22,"Fruit",45315
3134,23,"Veges",26264458
3134,24,"Veges",31479872
3134,25,"Veges",31479872
3134,26,"Veges",13026861
3135,2,"Beef",13152024
3135,3,"Beef",13152024
3135,4,"Beef",39423355
3135,5,"Beef",8405
3135,6,"Beef",8405
3135,7,"Beef",25194
3135,8,"Sheepmeat",27392163
3135,9,"Sheepmeat",25324825
3135,10,"Sheepmeat",25324825
3135,11,"Forestry",3300766
3135,12,"Forestry",3300766
3135,13,"Forestry",319429
3135,15,"Forestry",6737104
3135,16,"Forestry",96983579
3135,17,"Fruit",702883
3135,18,"Fruit",702883
3135,19,"Fruit",1544461
3135,20,"Fruit",88400
3135,21,"Fruit",176749
3135,22,"Fruit",45315
3135,23,"Veges",26264458
3135,24,"Veges",31479872
3135,25,"Veges",31479872
3135,26,"Veges",13026861
3136,2,"Beef",13152061
3136,3,"Beef",13152061
3136,4,"Beef",39423467
3136,5,"Beef",8405
3136,6,"Beef",8405
3136,7,"Beef",25194
3136,8,"Sheepmeat",27392192
3136,9,"Sheepmeat",25324852
3136,10,"Sheepmeat",25324852
3136,11,"Forestry",3300766
3136,12,"Forestry",3300766
3136,13,"Forestry",319429
3136,15,"Forestry",6737104
3136,16,"Forestry",96983579
3136,17,"Fruit",702883
3136,18,"Fruit",702883
3136,19,"Fruit",1544461
3136,20,"Fruit",88400
3136,21,"Fruit",176749
3136,22,"Fruit",45315
3136,23,"Veges",26264458
3136,24,"Veges",31479872
3136,25,"Veges",31479872
3136,26,"Veges",13026861
3137,2,"Beef",13172554
3137,3,"Beef",13172554
3137,4,"Beef",39484894
3137,5,"Beef",8405
3137,6,"Beef",8405
3137,7,"Beef",25194
3137,8,"Sheepmeat",27416060
3137,9,"Sheepmeat",25347032
3137,10,"Sheepmeat",25347032
3137,11,"Forestry",3300850
3137,12,"Forestry",3300850
3137,13,"Forestry",319437
3137,14,"Forestry",8
3137,15,"Forestry",6737274
3137,16,"Forestry",96983579
3137,17,"Fruit",702883
3137,18,"Fruit",702883
3137,19,"Fruit",1544461
3137,20,"Fruit",88400
3137,21,"Fruit",176749
3137,22,"Fruit",45315
3137,23,"Veges",26264458
3137,24,"Veges",31479872
3137,25,"Veges",31479872
3137,26,"Veges",13026861
3138,2,"Beef",13172554
3138,3,"Beef",13172554
3138,4,"Beef",39484894
3138,5,"Beef",8405
3138,6,"Beef",8405
3138,7,"Beef",25194
3138,8,"Sheepmeat",27416060
3138,9,"Sheepmeat",25347032
3138,10,"Sheepmeat",25347032
3138,11,"Forestry",3300850
3138,12,"Forestry",3300850
3138,13,"Forestry",319437
3138,14,"Forestry",8
3138,15,"Forestry",6737274
3138,16,"Forestry",96983579
3138,17,"Fruit",702883
3138,18,"Fruit",702883
3138,19,"Fruit",1544461
3138,20,"Fruit",88400
3138,21,"Fruit",176749
3138,22,"Fruit",45315
3138,23,"Veges",26264458
3138,24,"Veges",31479872
3138,25,"Veges",31479872
3138,26,"Veges",13026861
3139,1,"Dairy",294382
3139,14,"Forestry",319429
3140,1,"Dairy",294382
3140,2,"Beef",162697
3140,3,"Beef",162697
3140,4,"Beef",487686
3140,8,"Sheepmeat",170137
3140,9,"Sheepmeat",158102
3140,10,"Sheepmeat",158102
3140,11,"Forestry",4335
3140,12,"Forestry",4335
3140,13,"Forestry",419
3140,14,"Forestry",319429
3140,15,"Forestry",8739
3140,16,"Forestry",123604
3140,17,"Fruit",105569
3140,18,"Fruit",105569
3140,19,"Fruit",231969
3140,20,"Fruit",13620
3140,21,"Fruit",27232
3140,22,"Fruit",6806
3141,2,"Beef",162697
3141,3,"Beef",162697
3141,4,"Beef",487686
3141,8,"Sheepmeat",170137
3141,9,"Sheepmeat",158102
3141,10,"Sheepmeat",158102
3141,11,"Forestry",4335
3141,12,"Forestry",4335
3141,13,"Forestry",419
3141,14,"Forestry",419
3141,15,"Forestry",8739
3141,16,"Forestry",123604
3141,17,"Fruit",105569
3141,18,"Fruit",105569
3141,19,"Fruit",231969
3141,20,"Fruit",13620
3141,21,"Fruit",27232
3141,22,"Fruit",6806
3142,2,"Beef",13335251
3142,3,"Beef",13335251
3142,4,"Beef",39972580
3142,5,"Beef",8405
3142,6,"Beef",8405
3142,7,"Beef",25194
3142,8,"Sheepmeat",27586198
3142,9,"Sheepmeat",25505134
3142,10,"Sheepmeat",25505134
3142,11,"Forestry",3305184
3142,12,"Forestry",3305184
3142,13,"Forestry",319857
3142,15,"Forestry",6746012
3142,17,"Fruit",808453
3142,18,"Fruit",808453
3142,19,"Fruit",1776431
3142,20,"Fruit",102020
3142,21,"Fruit",203981
3142,22,"Fruit",52121
3142,23,"Veges",26264458
3142,24,"Veges",31479872
3142,25,"Veges",31479872
3142,26,"Veges",13026861
3143,2,"Beef",13335251
3143,3,"Beef",13335251
3143,4,"Beef",39972580
3143,5,"Beef",8405
3143,6,"Beef",8405
3143,7,"Beef",25194
3143,8,"Sheepmeat",27586454
3143,9,"Sheepmeat",25505372
3143,10,"Sheepmeat",25505372
3143,11,"Forestry",3305277
3143,12,"Forestry",3305277
3143,13,"Forestry",319866
3143,14,"Forestry",9
3143,15,"Forestry",6746201
3143,16,"Forestry",235638579
3143,17,"Fruit",808453
3143,18,"Fruit",808453
3143,19,"Fruit",1776431
3143,20,"Fruit",102020
3143,21,"Fruit",203981
3143,22,"Fruit",52121
3143,23,"Veges",26264458
3143,24,"Veges",31479872
3143,25,"Veges",31479872
3143,26,"Veges",13026861
3144,2,"Beef",13335251
3144,3,"Beef",13335251
3144,4,"Beef",39972580
3144,5,"Beef",8405
3144,6,"Beef",8405
3144,7,"Beef",25194
3144,8,"Sheepmeat",27586454
3144,9,"Sheepmeat",25505372
3144,10,"Sheepmeat",25505372
3144,11,"Forestry",3305277
3144,12,"Forestry",3305277
3144,13,"Forestry",319866
3144,14,"Forestry",9
3144,15,"Forestry",6746201
3144,16,"Forestry",235638579
3144,17,"Fruit",808453
3144,18,"Fruit",808453
3144,19,"Fruit",1776431
3144,20,"Fruit",102020
3144,21,"Fruit",203981
3144,22,"Fruit",52121
3144,23,"Veges",26264458
3144,24,"Veges",31479872
3144,25,"Veges",31479872
3144,26,"Veges",13026861
3145,2,"Beef",13335251
3145,3,"Beef",13335251
3145,4,"Beef",39972580
3145,5,"Beef",8405
3145,6,"Beef",8405
3145,7,"Beef",25194
3145,8,"Sheepmeat",27586454
3145,9,"Sheepmeat",25505372
3145,10,"Sheepmeat",25505372
3145,11,"Forestry",3305277
3145,12,"Forestry",3305277
3145,13,"Forestry",319866
3145,14,"Forestry",9
3145,15,"Forestry",6746201
3145,16,"Forestry",235638579
3145,17,"Fruit",808453
3145,18,"Fruit",808453
3145,19,"Fruit",1776431
3145,20,"Fruit",102020
3145,21,"Fruit",203981
3145,22,"Fruit",52121
3145,23,"Veges",26264458
3145,24,"Veges",31479872
3145,25,"Veges",31479872
3145,26,"Veges",13026861
3146,8,"Sheepmeat",27586454
3146,11,"Forestry",3305277
3146,12,"Forestry",3305277
3146,15,"Forestry",6746201
3146,16,"Forestry",7154
3146,18,"Fruit",808453
3146,24,"Veges",31479872
3146,25,"Veges",31479872
3147,8,"Sheepmeat",27586454
3147,11,"Forestry",3305277
3147,12,"Forestry",3305277
3147,15,"Forestry",6746201
3147,16,"Forestry",7154
3147,18,"Fruit",808453
3147,24,"Veges",31479872
3147,25,"Veges",31479872
3148,26,"Veges",16320015
3150,1,"Dairy",294382
3150,2,"Beef",12629388
3150,3,"Beef",12629388
3150,4,"Beef",37856747
3150,5,"Beef",8405
3150,6,"Beef",8405
3150,7,"Beef",25194
3150,8,"Sheepmeat",26305211
3150,9,"Sheepmeat",24314764
3150,10,"Sheepmeat",24314764
3150,11,"Forestry",3290906
3150,12,"Forestry",3290906
3150,13,"Forestry",318475
3150,14,"Forestry",318475
3150,15,"Forestry",6717226
3150,16,"Forestry",96702421
3150,17,"Fruit",702883
3150,18,"Fruit",702883
3150,19,"Fruit",1544461
3150,20,"Fruit",88400
3150,21,"Fruit",176749
3150,22,"Fruit",45315
3150,23,"Veges",26209103
3150,24,"Veges",31426362
3150,25,"Veges",31426362
3150,26,"Veges",13004718
3151,1,"Dairy",294382
3151,2,"Beef",12344592
3151,3,"Beef",12344592
3151,4,"Beef",37003068
3151,5,"Beef",8405
3151,6,"Beef",8405
3151,7,"Beef",25194
3151,8,"Sheepmeat",25968984
3151,9,"Sheepmeat",24002322
3151,10,"Sheepmeat",24002322
3151,11,"Forestry",3285485
3151,12,"Forestry",3285485
3151,13,"Forestry",317950
3151,14,"Forestry",317950
3151,15,"Forestry",6706297
3151,16,"Forestry",96547842
3151,17,"Fruit",594640
3151,18,"Fruit",594640
3151,19,"Fruit",1306616
3151,20,"Fruit",74435
3151,21,"Fruit",148827
3151,22,"Fruit",38336
3151,23,"Veges",26209103
3151,24,"Veges",31426362
3151,25,"Veges",31426362
3151,26,"Veges",13004718
3152,2,"Beef",2052
3152,3,"Beef",2052
3152,4,"Beef",6150
3152,8,"Sheepmeat",27730844
3152,9,"Sheepmeat",1475
3152,10,"Sheepmeat",1475
3152,11,"Forestry",2685683
3152,12,"Forestry",2685683
3152,13,"Forestry",259905
3152,15,"Forestry",5414684
3152,16,"Forestry",6699
3152,17,"Fruit",6469073
3152,18,"Fruit",6469073
3152,19,"Fruit",14214635
3152,20,"Fruit",2512605
3152,21,"Fruit",11313977
3152,22,"Fruit",168536
3152,23,"Veges",37321462
3152,24,"Veges",4131757
3152,25,"Veges",4131757
3152,26,"Veges",1709785
3153,2,"Beef",5
3153,3,"Beef",5
3153,4,"Beef",15
3153,8,"Sheepmeat",27729260
3153,9,"Sheepmeat",4
3153,10,"Sheepmeat",4
3153,11,"Forestry",2685683
3153,12,"Forestry",2685683
3153,13,"Forestry",259905
3153,15,"Forestry",5414684
3153,16,"Forestry",6699
3153,17,"Fruit",5654898
3153,18,"Fruit",5654898
3153,19,"Fruit",12425631
3153,20,"Fruit",2176639
3153,21,"Fruit",11985714
3153,22,"Fruit",116046
3153,23,"Veges",35143579
3153,24,"Veges",3957934
3153,25,"Veges",3957934
3153,26,"Veges",1637855
3154,1,"Dairy",294382
3154,2,"Beef",6776101
3154,3,"Beef",6776101
3154,4,"Beef",20311446
3154,5,"Beef",8405
3154,6,"Beef",8405
3154,7,"Beef",25194
3154,8,"Sheepmeat",15779073
3154,9,"Sheepmeat",14533241
3154,10,"Sheepmeat",14533241
3154,11,"Forestry",2664989
3154,12,"Forestry",2664989
3154,13,"Forestry",257902
3154,14,"Forestry",257902
3154,15,"Forestry",5372962
3154,16,"Forestry",75995170
3154,17,"Fruit",17693
3154,18,"Fruit",17693
3154,19,"Fruit",38877
3154,22,"Fruit",1141
3154,23,"Veges",4844867
3154,24,"Veges",10774087
3154,25,"Veges",10774087
3154,26,"Veges",4458485
3155,2,"Beef",11850484
3155,3,"Beef",11850484
3155,4,"Beef",35521974
3155,5,"Beef",180413
3155,6,"Beef",180413
3155,7,"Beef",540789
3155,8,"Sheepmeat",27727138
3155,9,"Sheepmeat",24917045
3155,10,"Sheepmeat",24917045
3155,11,"Forestry",2685683
3155,12,"Forestry",2685683
3155,13,"Forestry",259905
3155,15,"Forestry",5414684
3155,16,"Forestry",6699
3155,17,"Fruit",2314492
3155,18,"Fruit",2314492
3155,19,"Fruit",5085684
3155,20,"Fruit",1745676
3155,21,"Fruit",3490333
3155,22,"Fruit",844616
3155,23,"Veges",33447330
3155,24,"Veges",2318213
3155,25,"Veges",2318213
3155,26,"Veges",959312
3156,2,"Beef",11829143
3156,3,"Beef",11829143
3156,4,"Beef",35458002
3156,5,"Beef",180413
3156,6,"Beef",180413
3156,7,"Beef",540789
3156,8,"Sheepmeat",27710627
3156,9,"Sheepmeat",24901702
3156,10,"Sheepmeat",24901702
3156,11,"Forestry",2685448
3156,12,"Forestry",2685448
3156,13,"Forestry",259882
3156,14,"Forestry",257400
3156,15,"Forestry",5414210
3156,17,"Fruit",316711
3156,18,"Fruit",316711
3156,19,"Fruit",695916
3156,20,"Fruit",1487931
3156,21,"Fruit",2974995
3156,22,"Fruit",715819
3156,23,"Veges",31570160
3156,24,"Veges",503599
3156,25,"Veges",503599
3156,26,"Veges",208397
3157,1,"Dairy",294382
3157,2,"Beef",4074062
3157,3,"Beef",4074062
3157,4,"Beef",12212053
3157,5,"Beef",8405
3157,6,"Beef",8405
3157,7,"Beef",25194
3157,8,"Sheepmeat",8414648
3157,9,"Sheepmeat",7819400
3157,10,"Sheepmeat",7819400
3157,11,"Forestry",1592325
3157,12,"Forestry",1592325
3157,13,"Forestry",154096
3157,14,"Forestry",154096
3157,15,"Forestry",3210332
3157,16,"Forestry",45406941
3157,17,"Fruit",17693
3157,18,"Fruit",17693
3157,19,"Fruit",38877
3157,20,"Fruit",2283
3157,21,"Fruit",4564
3157,22,"Fruit",1141
3157,23,"Veges",3563558
3157,24,"Veges",3444803
3157,25,"Veges",3444803
3157,26,"Veges",1425513
3158,2,"Beef",11825629
3158,3,"Beef",11825629
3158,4,"Beef",35447471
3158,5,"Beef",180413
3158,6,"Beef",180413
3158,7,"Beef",540789
3158,8,"Sheepmeat",27707909
3158,9,"Sheepmeat",24899176
3158,10,"Sheepmeat",24899176
3158,11,"Forestry",2685448
3158,12,"Forestry",2685448
3158,13,"Forestry",259882
3158,14,"Forestry",257400
3158,15,"Forestry",5414210
3158,20,"Fruit",1447071
3158,21,"Fruit",2893298
3158,22,"Fruit",695401
3158,23,"Veges",31049200
3159,2,"Beef",864216
3159,3,"Beef",864216
3159,4,"Beef",2590497
3159,8,"Sheepmeat",2547568
3159,9,"Sheepmeat",2367354
3159,10,"Sheepmeat",2367354
3159,11,"Forestry",229626
3159,12,"Forestry",229626
3159,13,"Forestry",22222
3159,14,"Forestry",22222
3159,15,"Forestry",462956
3159,16,"Forestry",6548050
3162,1,"Dairy",294382
3162,2,"Beef",13128766
3162,3,"Beef",13128766
3162,4,"Beef",39353640
3162,5,"Beef",8405
3162,6,"Beef",8405
3162,7,"Beef",25194
3162,8,"Sheepmeat",27365556
3162,9,"Sheepmeat",25300100
3162,10,"Sheepmeat",25300100
3162,11,"Forestry",3300640
3162,12,"Forestry",3300640
3162,13,"Forestry",319417
3162,14,"Forestry",319417
3162,15,"Forestry",6736851
3162,16,"Forestry",96980004
3162,17,"Fruit",702883
3162,18,"Fruit",702883
3162,19,"Fruit",1544461
3162,20,"Fruit",88400
3162,21,"Fruit",176749
3162,22,"Fruit",45315
3162,23,"Veges",26264458
3162,24,"Veges",31479872
3162,25,"Veges",31479872
3162,26,"Veges",13026861
3163,2,"Beef",350336
3163,3,"Beef",350336
3163,4,"Beef",1050135
3163,8,"Sheepmeat",2171173
3163,9,"Sheepmeat",1212370
3163,10,"Sheepmeat",1212370
3163,11,"Forestry",428064
3163,12,"Forestry",428064
3163,13,"Forestry",41426
3163,14,"Forestry",41426
3163,15,"Forestry",863033
3163,16,"Forestry",12206739
3163,23,"Veges",28086
3163,24,"Veges",27150
3163,25,"Veges",27150
3163,26,"Veges",11235
3164,2,"Beef",44297523
3164,3,"Beef",44297523
3164,4,"Beef",132782376
3164,5,"Beef",281308
3164,6,"Beef",281308
3164,7,"Beef",843225
3164,8,"Sheepmeat",248171
3164,9,"Sheepmeat",88680211
3164,10,"Sheepmeat",88680211
3164,11,"Forestry",338671
3164,12,"Forestry",338671
3164,13,"Forestry",32775
3164,14,"Forestry",32775
3164,15,"Forestry",682805
3164,16,"Forestry",9657596
3165,2,"Beef",44276111
3165,3,"Beef",44276111
3165,4,"Beef",132718193
3165,5,"Beef",281308
3165,6,"Beef",281308
3165,7,"Beef",843225
3165,8,"Sheepmeat",526202
3165,9,"Sheepmeat",88421848
3165,10,"Sheepmeat",88421848
3165,11,"Forestry",620857
3165,12,"Forestry",620857
3165,13,"Forestry",60083
3165,14,"Forestry",60083
3165,15,"Forestry",1251729
3165,16,"Forestry",17704450
3166,2,"Beef",43158738
3166,3,"Beef",43158738
3166,4,"Beef",129368855
3166,5,"Beef",281308
3166,6,"Beef",281308
3166,7,"Beef",843225
3166,8,"Sheepmeat",5998441
3166,9,"Sheepmeat",86566668
3166,10,"Sheepmeat",86566668
3166,11,"Forestry",1196439
3166,12,"Forestry",1196439
3166,13,"Forestry",115784
3166,14,"Forestry",115784
3166,15,"Forestry",2412176
3166,16,"Forestry",34117817
3166,17,"Fruit",8346697
3166,18,"Fruit",8346697
3166,19,"Fruit",18340380
3166,20,"Fruit",1076851
3166,21,"Fruit",2153075
3166,22,"Fruit",538112
3166,23,"Veges",25157889
3166,24,"Veges",24319504
3166,25,"Veges",24319504
3166,26,"Veges",10063790
3167,8,"Sheepmeat",27729256
3167,11,"Forestry",2685683
3167,12,"Forestry",2685683
3167,13,"Forestry",259905
3167,15,"Forestry",5414684
3167,16,"Forestry",6699
3167,17,"Fruit",3854891
3167,18,"Fruit",3854891
3167,19,"Fruit",8470436
3167,20,"Fruit",1944410
3167,21,"Fruit",3887687
3167,23,"Veges",35020750
3167,24,"Veges",3839198
3167,25,"Veges",3839198
3167,26,"Veges",1588720
3168,8,"Sheepmeat",27727953
3168,11,"Forestry",2685683
3168,12,"Forestry",2685683
3168,13,"Forestry",259905
3168,15,"Forestry",5414684
3168,16,"Forestry",6699
3168,17,"Fruit",2582540
3168,18,"Fruit",2582540
3168,19,"Fruit",5674671
3168,20,"Fruit",1780258
3168,21,"Fruit",3559477
3168,23,"Veges",33608527
3168,24,"Veges",2474038
3168,25,"Veges",2474038
3168,26,"Veges",1023795
3169,1,"Dairy",6320257
3169,2,"Beef",4398613
3169,3,"Beef",4398613
3169,4,"Beef",13184898
3169,5,"Beef",180413
3169,6,"Beef",180413
3169,7,"Beef",540789
3169,8,"Sheepmeat",8131297
3169,9,"Sheepmeat",7556093
3169,10,"Sheepmeat",7556093
3169,11,"Forestry",123779
3169,12,"Forestry",123779
3169,13,"Forestry",11979
3169,14,"Forestry",11979
3169,15,"Forestry",249555
3169,16,"Forestry",3529705
