{"type":"FeatureCollection","features":[{"type":"Feature","properties":{"asset_id":4769},"geometry":{"type":"LineString","coordinates":[[177.5294602,-38.3588916],[177.5298204,-38.3589451],[177.5301452,-38.3589889],[177.5303778,-38.3590132],[177.5305492,-38.3590169],[177.5307205,-38.3590123],[177.5308978,-38.3589903],[177.5310697,-38.3589557],[177.5312453,-38.3589032],[177.531378,-38.3588501],[177.5314759,-38.3588054],[177.5315717,-38.3587592],[177.531748,-38.3586519],[177.5320288,-38.3584647],[177.5321664,-38.3583772]]}},{"type":"Feature","properties":{"asset_id":4770},"geometry":{"type":"LineString","coordinates":[[177.5321668,-38.3583769],[177.5322649,-38.3583145],[177.5325078,-38.3581781],[177.5326493,-38.358103],[177.5328589,-38.3580145],[177.5330765,-38.3579364],[177.5335256,-38.3577935],[177.5350318,-38.3573142],[177.5351331,-38.3572858],[177.5352377,-38.3572693],[177.5352944,-38.3572657],[177.5353376,-38.3572663],[177.5354536,-38.3572865],[177.535525,-38.3573066],[177.5356462,-38.3573407],[177.5357573,-38.3573882],[177.5358344,-38.357433],[177.5359221,-38.3574967],[177.5360125,-38.3575804],[177.5361485,-38.3577273],[177.5363459,-38.3579631],[177.5365361,-38.3581905],[177.5366055,-38.3582645],[177.5366924,-38.3583373],[177.5368009,-38.3584016],[177.5369191,-38.358449],[177.5371586,-38.3585197],[177.5374035,-38.3585863],[177.537896,-38.3587152],[177.5381572,-38.3587758],[177.538322,-38.3587987],[177.5384265,-38.3588059]]}},{"type":"Feature","properties":{"asset_id":4771},"geometry":{"type":"LineString","coordinates":[[177.5384272,-38.3588059],[177.538469,-38.3588088],[177.5387029,-38.358795],[177.5393502,-38.3587224],[177.5395517,-38.3587104],[177.5397613,-38.3587152],[177.5399837,-38.3587457],[177.5402081,-38.3587993],[177.5404089,-38.3588786],[177.5406004,-38.3589841],[177.5406963,-38.3590493],[177.5407655,-38.359106],[177.54092,-38.3592429],[177.5411628,-38.3594945],[177.5413975,-38.3597481],[177.5418697,-38.3602555],[177.5421674,-38.3605731],[177.5429656,-38.3614271],[177.543366,-38.3618541],[177.5437584,-38.3622748],[177.5440597,-38.3625993],[177.544353,-38.3629302],[177.5444789,-38.3630855],[177.5445812,-38.3632308],[177.5446821,-38.3633898],[177.5447639,-38.3635603],[177.544837,-38.363735],[177.5448905,-38.3639114],[177.544936,-38.3640868],[177.5449681,-38.3642665],[177.5449949,-38.3644469],[177.5450592,-38.364907],[177.5451165,-38.3653859],[177.5451657,-38.365867],[177.5453,-38.3671335],[177.5454237,-38.3684],[177.5454639,-38.368753],[177.5454881,-38.3689463],[177.5455122,-38.369106],[177.545554,-38.369377],[177.5455977,-38.3695992],[177.5456249,-38.3697124],[177.5456574,-38.3698256],[177.5457046,-38.3699955],[177.5457652,-38.3701654],[177.5458117,-38.3702979],[177.5458715,-38.3704242],[177.545911,-38.3705037],[177.5461222,-38.3708419],[177.5466891,-38.3717166],[177.548498,-38.3745384],[177.5493604,-38.375843],[177.5498365,-38.3765673],[177.5499792,-38.3767949],[177.5500741,-38.3769684],[177.5501588,-38.3771604],[177.5502182,-38.3773072],[177.55027,-38.3774807],[177.5503146,-38.377663],[177.5504585,-38.3783921],[177.5505043,-38.3785759],[177.5505607,-38.3787478],[177.5505943,-38.3788352],[177.5506319,-38.3789238],[177.5506724,-38.3789995],[177.5507639,-38.3791488],[177.5508541,-38.3792746],[177.5509524,-38.3793982],[177.5510852,-38.3795412],[177.5512261,-38.3796779],[177.5514152,-38.3798412],[177.5516097,-38.3800025],[177.5520041,-38.380325],[177.5525315,-38.3807557],[177.552869,-38.3810283],[177.5529148,-38.3810651],[177.5533574,-38.3814336],[177.5535152,-38.3815724],[177.5535768,-38.3816265],[177.5536492,-38.3817036],[177.5537121,-38.3817703],[177.5537884,-38.3818559],[177.5539078,-38.3820132],[177.5540178,-38.3821726],[177.5543027,-38.3826308],[177.5545796,-38.3830921],[177.5556026,-38.3847633],[177.5556987,-38.3849303],[177.5557693,-38.3850699],[177.5558305,-38.3852204],[177.5558649,-38.3853529],[177.5558798,-38.385439],[177.5558893,-38.3855273],[177.5558923,-38.385644],[177.5558857,-38.3857297],[177.5558752,-38.3858143],[177.5558511,-38.385913],[177.5558242,-38.3859905],[177.5557938,-38.3860707],[177.5557499,-38.3861613],[177.5556779,-38.3862824],[177.5555978,-38.3864014],[177.5554317,-38.3866315],[177.5553233,-38.3867837],[177.5552277,-38.3869403],[177.5551866,-38.3870238],[177.5551509,-38.3871094],[177.5551227,-38.3872247],[177.5551046,-38.3873349],[177.5550973,-38.3874482],[177.5550995,-38.3875656],[177.5551159,-38.3877248],[177.5551768,-38.3881446],[177.5552031,-38.3883003],[177.5552374,-38.3884539],[177.5552616,-38.3885448],[177.5552912,-38.3886294],[177.5553302,-38.388715],[177.5553799,-38.3887985],[177.5554679,-38.3889151],[177.5555666,-38.3890232],[177.5558077,-38.3892556],[177.555939,-38.3894013],[177.5563573,-38.3898875],[177.5565889,-38.3901449],[177.5568312,-38.3904022],[177.5570708,-38.3906596],[177.5573185,-38.390917],[177.5574942,-38.3911011],[177.5576806,-38.3912832],[177.5578251,-38.3914159],[177.5579107,-38.3914811],[177.5580125,-38.3915506],[177.5581824,-38.3916468],[177.5583711,-38.3917346],[177.5586816,-38.3918651],[177.5592115,-38.3920914],[177.5594135,-38.3921806],[177.559604,-38.3922787],[177.5597851,-38.3923887],[177.5599581,-38.3925187],[177.5601063,-38.3926501],[177.5602383,-38.3927794],[177.5604446,-38.3929978],[177.560569,-38.3931468],[177.5606826,-38.3933042],[177.5608644,-38.3935811],[177.5610409,-38.3938705],[177.5611872,-38.3941415],[177.5612449,-38.3942759],[177.5612715,-38.3943485],[177.5612927,-38.394421],[177.5613086,-38.3944893],[177.5613138,-38.3945598],[177.5613208,-38.3947109],[177.5613157,-38.394863],[177.5612443,-38.3956861],[177.5612318,-38.3958063],[177.5612032,-38.3959265],[177.5611274,-38.3961668],[177.5610197,-38.3964227],[177.5606367,-38.3971746],[177.5605696,-38.3973488],[177.5605105,-38.397523],[177.5604739,-38.3976417],[177.5603595,-38.3980715],[177.5603369,-38.398186],[177.5603224,-38.3983319],[177.5603199,-38.3984175],[177.5603255,-38.3985031],[177.5603311,-38.398574],[177.5603474,-38.3986722],[177.5603675,-38.3988001],[177.5604305,-38.399031],[177.5605195,-38.3992564],[177.5609698,-38.4001913],[177.5610437,-38.4003925],[177.561078,-38.4005394],[177.5610999,-38.4006602],[177.5611083,-38.4007977],[177.5611199,-38.4011696],[177.5611315,-38.4023129],[177.5611301,-38.4028511],[177.5611259,-38.4033914],[177.5611244,-38.4037456],[177.5611077,-38.4045113],[177.5611027,-38.4047693],[177.5610997,-38.4051765],[177.5611003,-38.4053861]]}},{"type":"Feature","properties":{"asset_id":4772},"geometry":{"type":"LineString","coordinates":[[177.5611003,-38.4053867],[177.5611014,-38.4058088],[177.5611147,-38.4060859],[177.5611656,-38.406444],[177.5612171,-38.4066846],[177.5613195,-38.4070341],[177.561387,-38.4072429],[177.5614268,-38.4074196],[177.5614585,-38.4075995],[177.5614641,-38.4077642],[177.5614562,-38.407913],[177.5614301,-38.4080994],[177.5613989,-38.4082347],[177.5613394,-38.4084005],[177.5612558,-38.4085776],[177.5611507,-38.4087346],[177.5610574,-38.4088601],[177.5609479,-38.4089814],[177.5608449,-38.409089],[177.5603731,-38.4095087],[177.5602324,-38.4096489],[177.5601199,-38.4097827],[177.5600205,-38.4099332],[177.5599398,-38.410092],[177.5598888,-38.4102113],[177.5598379,-38.4103494],[177.5598038,-38.4105114],[177.5597832,-38.4106733],[177.5597586,-38.4108946],[177.5597393,-38.4111832],[177.5597169,-38.411693],[177.5597331,-38.4118777],[177.5597644,-38.41204],[177.559809,-38.4121981],[177.5600163,-38.41291],[177.5604275,-38.4143322],[177.5604817,-38.4145073],[177.5605305,-38.4146909],[177.5605814,-38.4148711],[177.5607629,-38.4155162],[177.560806,-38.4156765],[177.5608302,-38.4158392],[177.5608491,-38.416063],[177.5608544,-38.4162888],[177.5608471,-38.4165708],[177.5608451,-38.4166594],[177.5607891,-38.4179241]]}},{"type":"Feature","properties":{"asset_id":4773},"geometry":{"type":"LineString","coordinates":[[177.5607891,-38.4179247],[177.560774,-38.4182657],[177.5607836,-38.4183988],[177.5608067,-38.418532],[177.5608409,-38.4186555],[177.5608912,-38.418777],[177.5609751,-38.4189323],[177.5610831,-38.4190835],[177.5611856,-38.419192],[177.5613069,-38.4192922],[177.5614814,-38.4194164],[177.5618195,-38.4196414],[177.5619864,-38.4197637],[177.5621335,-38.4198908],[177.5622374,-38.4199945],[177.5623306,-38.4201086],[177.5624655,-38.4203056],[177.5625977,-38.4205111],[177.5628728,-38.4209535],[177.5630809,-38.421296],[177.563281,-38.4216407],[177.5633429,-38.421765],[177.5634215,-38.4219879],[177.56356,-38.4225281],[177.5636025,-38.4226637],[177.5636556,-38.4227993],[177.5637587,-38.423061],[177.5638726,-38.4233227],[177.5640962,-38.4238408],[177.5641794,-38.4240478],[177.5642546,-38.4242547],[177.5643432,-38.4245196],[177.5644129,-38.4247908],[177.5647046,-38.4260385],[177.5649721,-38.4271738],[177.5650348,-38.4274006],[177.5651108,-38.4276252],[177.5651774,-38.4278008],[177.565265,-38.4279885],[177.5653553,-38.4281551],[177.5654759,-38.4283501],[177.5656072,-38.4285326],[177.5657447,-38.428706],[177.5658796,-38.428852],[177.5659963,-38.4289782],[177.566467,-38.4294448],[177.5667303,-38.4296996]]}},{"type":"Feature","properties":{"asset_id":4774},"geometry":{"type":"LineString","coordinates":[[177.5667307,-38.4297001],[177.567047,-38.4299998],[177.5677158,-38.4306628],[177.5682375,-38.4311705],[177.5684294,-38.431376],[177.568626,-38.4315954],[177.5688064,-38.431799],[177.5689597,-38.4319392],[177.5691398,-38.4320752],[177.5693204,-38.4321808],[177.5695118,-38.432276],[177.5705855,-38.4327472],[177.5716647,-38.4332163],[177.5737519,-38.4341271],[177.5739636,-38.4342239],[177.5741432,-38.4343185],[177.5743305,-38.4344284],[177.57451,-38.4345408],[177.5746895,-38.4346648],[177.5748476,-38.4347897],[177.5749993,-38.4349309],[177.5750985,-38.4350232],[177.5761835,-38.4362],[177.5762989,-38.4363038],[177.5764538,-38.436431],[177.5766264,-38.4365513],[177.5768085,-38.4366633],[177.5772248,-38.4368916],[177.5776465,-38.4371177],[177.5778335,-38.4372275],[177.5780107,-38.437349],[177.5781637,-38.4374748],[177.5783087,-38.4376133],[177.5787744,-38.4381255],[177.5789265,-38.4382818],[177.5790867,-38.4384023],[177.5792661,-38.4385034],[177.5794572,-38.4385808],[177.5796876,-38.4386452],[177.5799743,-38.4387044],[177.5805185,-38.4388047]]}},{"type":"Feature","properties":{"asset_id":4775},"geometry":{"type":"LineString","coordinates":[[177.5805197,-38.4388049],[177.5807216,-38.4388421],[177.582406,-38.4391433],[177.5840917,-38.4394508],[177.5844646,-38.4395293],[177.58474,-38.4396013],[177.585058,-38.4397018],[177.5853934,-38.4398223],[177.586493,-38.4402358],[177.586804,-38.4403433],[177.5870166,-38.4404011],[177.5872815,-38.4404529],[177.5875222,-38.4404879],[177.5877518,-38.4405113],[177.587976,-38.4405179],[177.5882527,-38.4405135],[177.5885268,-38.4404923],[177.5897297,-38.4403473],[177.5899701,-38.440333],[177.5901503,-38.4403282],[177.590334,-38.44034],[177.5905654,-38.4403607],[177.5907873,-38.4404033],[177.5910055,-38.4404555],[177.5912143,-38.4405228],[177.5914151,-38.4405996],[177.5916385,-38.4407119],[177.591882,-38.4408473],[177.5927174,-38.4413599],[177.5929123,-38.4414667],[177.593072,-38.4415421],[177.5932806,-38.4416223],[177.5934972,-38.4416941],[177.5937727,-38.4417608],[177.5940293,-38.4418107],[177.5943421,-38.4418577],[177.5948399,-38.4419153],[177.5951786,-38.4419482],[177.5955173,-38.4419685],[177.5957457,-38.4419732],[177.5959794,-38.4419696],[177.5964746,-38.4419483],[177.5969805,-38.4419353],[177.5972179,-38.44194],[177.5975524,-38.441958],[177.5977854,-38.4419796],[177.5990912,-38.4421315],[177.6003192,-38.4422768],[177.6005795,-38.4423031],[177.6007967,-38.4423177],[177.6027935,-38.4423608],[177.6032882,-38.4423837],[177.6035948,-38.4424024],[177.603854,-38.4424223],[177.6040865,-38.4424454],[177.6042981,-38.4424655],[177.6046238,-38.4425077],[177.6049143,-38.4425521],[177.6056394,-38.4426722],[177.6058846,-38.4427148],[177.6066554,-38.4428667],[177.6079636,-38.4431374],[177.6087595,-38.4433135],[177.6095687,-38.4434959],[177.6103753,-38.4436867],[177.611159,-38.4438712],[177.611434,-38.4439372],[177.611655,-38.4439985],[177.61185,-38.4440564],[177.6125922,-38.4443077],[177.6128086,-38.4443771],[177.613012,-38.4444297],[177.6132154,-38.4444739],[177.6134206,-38.4445091],[177.6136284,-38.4445339],[177.6138445,-38.4445493],[177.6141109,-38.4445664],[177.6168354,-38.4446171],[177.6173942,-38.4446205],[177.618043,-38.4446322],[177.6187374,-38.444644],[177.619113,-38.4446601],[177.6194136,-38.4446794],[177.6197155,-38.4447138],[177.6199893,-38.4447628],[177.6201235,-38.4447952],[177.6202584,-38.4448334],[177.6203779,-38.4448684],[177.6204967,-38.4449092],[177.6207741,-38.4450181],[177.6209171,-38.4450847],[177.6210656,-38.4451617],[177.6211951,-38.4452371],[177.6212465,-38.4452687],[177.6214672,-38.4454122],[177.6216359,-38.445548],[177.6218744,-38.4457657],[177.6220616,-38.4459607],[177.6221492,-38.4460558],[177.6222556,-38.4461762]]}},{"type":"Feature","properties":{"asset_id":4776},"geometry":{"type":"LineString","coordinates":[[177.6222556,-38.4461762],[177.6224009,-38.4463496],[177.6228346,-38.4468202],[177.623006,-38.4469915],[177.6231935,-38.4471566],[177.6234164,-38.4473377],[177.624739,-38.4483328],[177.6252212,-38.4487087],[177.6253923,-38.4488526],[177.625685,-38.4491057],[177.6260567,-38.449458],[177.626382,-38.4497691],[177.6265447,-38.4499258],[177.6267127,-38.4500782],[177.6269486,-38.4502782],[177.6272005,-38.4504719],[177.6291888,-38.451888],[177.6301816,-38.452594],[177.6310671,-38.4532295],[177.6313251,-38.4534099],[177.6314878,-38.4535156],[177.6316633,-38.4536036],[177.6317726,-38.4536488],[177.6318819,-38.4536856],[177.632085,-38.4537377],[177.6322703,-38.4537707],[177.6324617,-38.4537791],[177.6325445,-38.4537789],[177.6326094,-38.4537788],[177.6327731,-38.4537655],[177.6329308,-38.4537428],[177.6330439,-38.4537214],[177.6331523,-38.4536958],[177.6335823,-38.4535864],[177.6338173,-38.4535311],[177.6339989,-38.4535009],[177.6341976,-38.4534816],[177.634403,-38.4534717],[177.6346049,-38.4534787],[177.6347299,-38.4534895],[177.6348443,-38.4535046],[177.6350761,-38.4535392],[177.6354383,-38.4536178],[177.6363719,-38.4538382],[177.6372683,-38.4540133],[177.6374735,-38.4540604],[177.6376545,-38.4541137],[177.6378391,-38.4541858],[177.638006,-38.4542683],[177.6381648,-38.4543676],[177.6383337,-38.4545027],[177.6384465,-38.4546212],[177.6385246,-38.4547205],[177.6386001,-38.4548367],[177.6386689,-38.4549823],[177.6387504,-38.4551944],[177.6388734,-38.4555912],[177.6389251,-38.4557198],[177.6389821,-38.4558463],[177.6390601,-38.4559648],[177.6391516,-38.4560791],[177.639255,-38.4561874],[177.6393718,-38.4562893],[177.6394907,-38.4563756],[177.6396257,-38.4564577],[177.6398517,-38.4565639],[177.6400519,-38.4566409],[177.6402739,-38.4567083],[177.6405184,-38.4567492],[177.6407238,-38.4567654],[177.6412538,-38.4567502],[177.6416002,-38.4567554],[177.6418222,-38.4567791],[177.6420247,-38.4568298],[177.6422137,-38.4568952],[177.6423557,-38.4569721],[177.6424778,-38.4570461],[177.6425999,-38.4571411],[177.6427436,-38.4572839],[177.6428697,-38.4574355],[177.6432458,-38.4579232],[177.6436301,-38.458411],[177.6438041,-38.4586443],[177.6439861,-38.4589029],[177.6441682,-38.4591846],[177.6443073,-38.4593948],[177.644468,-38.4596105],[177.6446556,-38.4598261],[177.6449054,-38.4600594],[177.6451632,-38.4602907],[177.6456127,-38.4606919],[177.6458033,-38.4608359],[177.6459139,-38.4609232],[177.6461476,-38.4610682],[177.6464295,-38.4612226],[177.6467354,-38.4613686],[177.6478444,-38.4618309],[177.6483674,-38.4620552],[177.649278,-38.4624465],[177.6504246,-38.4629455],[177.6517991,-38.4635401],[177.6523161,-38.4637476],[177.6526519,-38.4638487],[177.653044,-38.463933],[177.6534378,-38.463984],[177.6537429,-38.4640016],[177.6544869,-38.4640157],[177.6546095,-38.4640227],[177.6548487,-38.4640329],[177.6551835,-38.4640624],[177.6554714,-38.4641103],[177.6557093,-38.4641723],[177.655927,-38.4642448],[177.6561648,-38.4643485],[177.6563507,-38.4644403],[177.6565152,-38.4645268],[177.6569831,-38.4648106],[177.657266,-38.4649746],[177.6574774,-38.465084],[177.6576762,-38.4651575],[177.6578924,-38.4652237],[177.658088,-38.4652745],[177.6582433,-38.4653084],[177.6586018,-38.4653814],[177.6588554,-38.4654313],[177.6590876,-38.4654855],[177.6593307,-38.4655456],[177.6594925,-38.4655945],[177.6596354,-38.4656455],[177.6597472,-38.465686],[177.6600762,-38.4658105],[177.6603021,-38.4658712],[177.6605495,-38.4659151],[177.661178,-38.4659759],[177.6613328,-38.4659929],[177.6614875,-38.4660163],[177.6616957,-38.4660556],[177.6619072,-38.4661184],[177.662112,-38.4661969],[177.6622929,-38.4662861],[177.6624658,-38.4663911],[177.6626079,-38.4664925],[177.6627608,-38.4666075],[177.6630827,-38.4668867],[177.6633938,-38.4671691],[177.6635984,-38.467362],[177.663956,-38.4676767],[177.6642236,-38.4679179],[177.6644806,-38.4681611],[177.6646401,-38.4683477],[177.6647547,-38.4685029],[177.6648559,-38.4686581],[177.6649797,-38.4688655],[177.6655804,-38.4699287],[177.665769,-38.4702071],[177.6659026,-38.4703775],[177.6660899,-38.4705774],[177.6664,-38.4708729],[177.6666082,-38.4710579],[177.6667539,-38.4711937],[177.666902,-38.4713107],[177.6672824,-38.4716079],[177.6676683,-38.4718925],[177.6678899,-38.4720554],[177.6680957,-38.4721614],[177.668267,-38.4722167],[177.6684722,-38.4722462],[177.6686639,-38.4722389],[177.6688398,-38.4722054],[177.6690113,-38.4721497],[177.6694925,-38.4719229],[177.669642,-38.471863],[177.6697741,-38.4718259],[177.6699214,-38.4718033],[177.6700784,-38.4717973],[177.6702253,-38.4718185],[177.6703792,-38.471859],[177.6705139,-38.4719286],[177.670619,-38.4720034],[177.670701,-38.4720759],[177.670833,-38.4722163],[177.6716086,-38.4731968],[177.6717008,-38.4732877],[177.6718627,-38.4733995],[177.6719894,-38.4734534],[177.6721346,-38.4734928],[177.6722811,-38.4735123],[177.6726288,-38.4735222],[177.6728423,-38.4735362],[177.6730559,-38.4735742],[177.673606,-38.4737498],[177.6738118,-38.4738089],[177.6740288,-38.4738521],[177.6741978,-38.4738508],[177.6743687,-38.4738205],[177.6745641,-38.4737183],[177.6747797,-38.4736055],[177.6749657,-38.4735177],[177.6751018,-38.4734715],[177.6752583,-38.4734394],[177.6754323,-38.4734215],[177.6756337,-38.4734311],[177.675853,-38.4734768],[177.6760563,-38.4735561],[177.6762285,-38.4736538],[177.6763613,-38.473774],[177.676462,-38.4739006],[177.6765591,-38.4740906],[177.6769005,-38.4748706],[177.6769769,-38.475011],[177.6770501,-38.4751158],[177.6771379,-38.4752143],[177.6772218,-38.4752841],[177.6773783,-38.475378],[177.6775379,-38.4754442],[177.6777364,-38.475503],[177.6783133,-38.4755893],[177.6785408,-38.4756267],[177.6787437,-38.4756726],[177.6789377,-38.4757297],[177.6791317,-38.4757952],[177.6798718,-38.4760561],[177.6801672,-38.4761619],[177.6803943,-38.4762383],[177.6806046,-38.4762976],[177.6808041,-38.4763442],[177.6810244,-38.4763778],[177.6812367,-38.4763967],[177.6814614,-38.4763959],[177.6815847,-38.4763861],[177.681831,-38.4763688],[177.6822005,-38.4763342],[177.6826021,-38.4762776],[177.6828356,-38.4762268],[177.6830558,-38.4761616],[177.6837601,-38.4758823],[177.6839543,-38.4758322],[177.6841426,-38.4757997],[177.6843886,-38.4757784],[177.6846846,-38.4757668],[177.6849806,-38.4757616],[177.6855565,-38.4757542],[177.6858011,-38.4757739],[177.6859066,-38.4757958],[177.6860121,-38.4758261],[177.6861589,-38.4758842],[177.6864559,-38.476022],[177.6866103,-38.4760762],[177.6867781,-38.4761261],[177.6872806,-38.4762428],[177.6875251,-38.476299],[177.6877696,-38.4763637],[177.6882529,-38.4765186],[177.6883957,-38.4765551],[177.6885223,-38.4765728],[177.6886317,-38.4765731],[177.6887464,-38.4765609],[177.6888976,-38.4765146],[177.6893898,-38.4762525],[177.6895232,-38.4762017],[177.6896716,-38.4761739],[177.6898151,-38.4761665],[177.6900043,-38.4761947],[177.690121,-38.4762304],[177.6904938,-38.4763485],[177.6906166,-38.4763796],[177.6907367,-38.4764045],[177.6908381,-38.4764181],[177.6909461,-38.4764234],[177.6911168,-38.4764184],[177.6913222,-38.4763894],[177.6915262,-38.4763435],[177.6919101,-38.4762277],[177.6922738,-38.476114],[177.6924314,-38.4760699],[177.6925958,-38.4760322],[177.6928356,-38.4759822],[177.6936542,-38.475825],[177.693931,-38.4757748],[177.6941442,-38.4757471]]}},{"type":"Feature","properties":{"asset_id":4777},"geometry":{"type":"LineString","coordinates":[[177.6941461,-38.4757468],[177.6942056,-38.4757391],[177.6945883,-38.4756913],[177.6947944,-38.4756621],[177.694971,-38.4756267],[177.6951303,-38.4755952],[177.6952762,-38.4755553],[177.6954062,-38.475503],[177.6954933,-38.4754591],[177.6955886,-38.4753921],[177.695659,-38.4753323],[177.6958569,-38.4751245],[177.695951,-38.4750393],[177.696049,-38.4749662],[177.6962026,-38.4748636],[177.6963562,-38.4747672],[177.6965365,-38.4746676],[177.6967194,-38.4745763],[177.6968281,-38.4745352],[177.6969475,-38.4745025],[177.6970612,-38.474485],[177.6971802,-38.4744749],[177.6972846,-38.4744792],[177.697409,-38.4744929],[177.6975936,-38.4745282],[177.6983202,-38.4747028],[177.6985829,-38.4747598],[177.6988909,-38.4748058],[177.6990578,-38.4748176],[177.6991767,-38.4748132],[177.6992957,-38.4748026],[177.6994181,-38.4747846],[177.6995351,-38.4747604],[177.6996646,-38.474725],[177.6999362,-38.4746244],[177.7005506,-38.4743767],[177.7007599,-38.4743064],[177.7009732,-38.4742476],[177.7011242,-38.4742245],[177.7012967,-38.4742161],[177.7015116,-38.4742259],[177.7017151,-38.4742436],[177.70249,-38.4743548],[177.7026452,-38.4743604],[177.702787,-38.4743555],[177.7028968,-38.4743408],[177.703012,-38.4743177],[177.7031688,-38.4742703],[177.703323,-38.4742145],[177.7040216,-38.4739203],[177.7041961,-38.4738515],[177.7043872,-38.4737905],[177.704574,-38.4737484],[177.7047366,-38.473719],[177.7050331,-38.4736717],[177.7051887,-38.4736464],[177.7053444,-38.4736128],[177.7055654,-38.4735568],[177.7057892,-38.4734829],[177.7060011,-38.4733902],[177.7062961,-38.4732315],[177.7066073,-38.4730644],[177.7068271,-38.4729641],[177.7070027,-38.4728949],[177.7071945,-38.4728278],[177.7075632,-38.472701],[177.707875,-38.472574],[177.7080899,-38.4724649],[177.7088329,-38.4720682],[177.7092298,-38.4718562],[177.7094176,-38.4717576],[177.7095906,-38.4716736],[177.7098636,-38.4715565],[177.7102009,-38.4714289],[177.7113416,-38.4710285],[177.7115951,-38.4709352],[177.711846,-38.4708197],[177.7120118,-38.4707193],[177.7121668,-38.4705895],[177.7122637,-38.4704749],[177.7123364,-38.470354],[177.7123672,-38.470285],[177.712392,-38.4701938],[177.7124382,-38.4698853],[177.7124774,-38.4697534],[177.7125408,-38.4696278],[177.7126586,-38.4694679],[177.7127635,-38.4693445],[177.7130569,-38.4690243],[177.713397,-38.4686678],[177.7136056,-38.4684687],[177.7136918,-38.4683928],[177.713782,-38.4683201],[177.7139725,-38.4681798],[177.7141313,-38.4680755],[177.7143394,-38.4679457],[177.7146468,-38.4677791],[177.7148542,-38.4676867],[177.7150852,-38.4676037],[177.7152868,-38.467546],[177.7154872,-38.4674913]]}},{"type":"Feature","properties":{"asset_id":4778},"geometry":{"type":"LineString","coordinates":[[177.7154872,-38.4674913],[177.715493,-38.4674898],[177.7160477,-38.4673384],[177.7168018,-38.4671402],[177.7170933,-38.4670666],[177.7173416,-38.4669973],[177.718306,-38.46675],[177.7190103,-38.466581],[177.7197225,-38.4664183],[177.7200294,-38.466348],[177.7202553,-38.4662804],[177.7204705,-38.4662064],[177.7207542,-38.4660809],[177.7210139,-38.4659393],[177.7214455,-38.4656538],[177.7216088,-38.4655615],[177.7217269,-38.4654956],[177.7218477,-38.4654401],[177.7219726,-38.4653805],[177.7221028,-38.4653293],[177.7222769,-38.4652622],[177.722451,-38.4652078],[177.7234859,-38.4649235],[177.7237916,-38.4648291],[177.7240343,-38.4647296],[177.7242625,-38.4646092],[177.7244437,-38.4644979],[177.7250125,-38.4641],[177.7251974,-38.4639956],[177.7253541,-38.4639175],[177.7254731,-38.4638732],[177.7255962,-38.4638364],[177.7257132,-38.463812],[177.725822,-38.4637992],[177.7259308,-38.4637991],[177.7260235,-38.4638009],[177.7261243,-38.4638132],[177.7263083,-38.4638593],[177.7266537,-38.4639611],[177.7268623,-38.4640167],[177.7270392,-38.4640496],[177.7271893,-38.4640594],[177.727338,-38.4640549],[177.7274505,-38.4640367],[177.727571,-38.464008],[177.7277492,-38.463946],[177.7278719,-38.463889],[177.7284399,-38.4635484],[177.728558,-38.4634923],[177.7286983,-38.4634445],[177.7288395,-38.4634007],[177.7290893,-38.4633443],[177.729807,-38.4632052],[177.7301696,-38.4631344],[177.7304314,-38.4631053],[177.7306045,-38.4630808],[177.7306941,-38.463074],[177.7309257,-38.4630568],[177.7311609,-38.4630489],[177.731391,-38.463051],[177.7316319,-38.4630569],[177.7319654,-38.4630838],[177.7334226,-38.4632333],[177.7336827,-38.4632498],[177.7339046,-38.463257],[177.7341239,-38.46326],[177.7343544,-38.4632517],[177.7345853,-38.4632384],[177.7348269,-38.4632146],[177.7349295,-38.463201],[177.7350482,-38.4631875],[177.7352694,-38.4631519],[177.7355989,-38.46309],[177.7360478,-38.462986],[177.7373525,-38.4626589],[177.741203,-38.4617094],[177.7443452,-38.4609364],[177.7445704,-38.4608711],[177.7447743,-38.4608007],[177.745005,-38.4606956],[177.7451543,-38.4606052],[177.7452996,-38.4604991],[177.7454341,-38.4603795],[177.7455619,-38.4602325],[177.745674,-38.4600813],[177.745766,-38.4599174],[177.7458364,-38.4597481],[177.7459002,-38.4595672],[177.7459499,-38.4593803],[177.7459869,-38.4592134],[177.7460104,-38.4590223],[177.7460227,-38.4588778]]}},{"type":"Feature","properties":{"asset_id":4779},"geometry":{"type":"LineString","coordinates":[[177.7460227,-38.4588778],[177.7460232,-38.4588722],[177.7460482,-38.458579],[177.7461008,-38.4581346],[177.7461598,-38.4578247],[177.7462476,-38.4575547],[177.7464045,-38.457213],[177.746549,-38.456971],[177.7467065,-38.4567364],[177.7468748,-38.4564997],[177.7471268,-38.4561922],[177.7472845,-38.4560264],[177.7474745,-38.4558501],[177.7476621,-38.4556981],[177.7478778,-38.4555346],[177.7487964,-38.4548798],[177.7501965,-38.4538993],[177.751157,-38.4532443],[177.7512919,-38.4531595],[177.7514321,-38.4530821],[177.751568,-38.4530214],[177.7517401,-38.4529691],[177.7519123,-38.4529316],[177.7520709,-38.4529097],[177.7522589,-38.4528961],[177.7524985,-38.4528947],[177.7529598,-38.4529167],[177.7534264,-38.4529472],[177.7539911,-38.4529837],[177.7544589,-38.4530146],[177.754908,-38.4530371],[177.7553566,-38.453051],[177.7562811,-38.453038],[177.7571935,-38.4530218],[177.7575411,-38.4530213],[177.7577546,-38.4530356],[177.7579571,-38.4530685],[177.7581092,-38.4531081],[177.758248,-38.4531539],[177.7584141,-38.4532222],[177.7585668,-38.4532989],[177.7593261,-38.453769],[177.7595952,-38.4539067],[177.7597932,-38.4539807],[177.7600244,-38.4540377],[177.7602368,-38.4540757],[177.7604977,-38.4541002],[177.7607908,-38.4541057],[177.7610057,-38.4540928],[177.761258,-38.4540618],[177.7619595,-38.4539026],[177.7621835,-38.4538601],[177.7623174,-38.4538387],[177.7624593,-38.4538236],[177.762552,-38.4538213],[177.7626342,-38.4538192],[177.7627849,-38.4538243],[177.7629601,-38.4538401],[177.7631375,-38.4538659],[177.7634598,-38.4539357],[177.7642856,-38.454126],[177.7644811,-38.4541692],[177.7646961,-38.4542262],[177.7649635,-38.4543094],[177.7654064,-38.4544495],[177.7658732,-38.4545965],[177.7661227,-38.454668],[177.7664335,-38.454748],[177.7666585,-38.4547987],[177.7668876,-38.4548404],[177.7671061,-38.4548736],[177.7673155,-38.4548951],[177.7675182,-38.4549124],[177.7677687,-38.4549229],[177.7680085,-38.454925],[177.7682298,-38.4549199],[177.768537,-38.4549105],[177.7693502,-38.4548763],[177.7702076,-38.4548468]]}},{"type":"Feature","properties":{"asset_id":4780},"geometry":{"type":"LineString","coordinates":[[177.7702076,-38.4548468],[177.7712755,-38.454802],[177.771796,-38.4547858],[177.7723111,-38.4547781],[177.7723937,-38.4547797],[177.7724217,-38.4547803],[177.7724756,-38.4547813],[177.7735034,-38.4548218],[177.7743863,-38.4548538],[177.7748549,-38.4548673],[177.7753047,-38.4548724],[177.776526,-38.454876],[177.7768869,-38.4548763],[177.7784744,-38.4548739],[177.7816495,-38.4548671],[177.7819743,-38.4548689],[177.7822427,-38.4548729],[177.7824533,-38.4548823],[177.7827726,-38.4549074],[177.7830041,-38.4549336],[177.7831806,-38.454963],[177.7834026,-38.4550009],[177.7835981,-38.4550441],[177.783819,-38.4550967],[177.7841236,-38.4551756],[177.7849552,-38.4554027],[177.7871255,-38.4559967],[177.7882538,-38.456302],[177.7903972,-38.4569023],[177.791186,-38.4571232],[177.7919694,-38.457342],[177.7923932,-38.4574485],[177.7927214,-38.4575194],[177.7929452,-38.457563],[177.7947449,-38.4578545],[177.7949437,-38.4578949],[177.7951129,-38.4579416],[177.7952631,-38.4579883],[177.7953933,-38.4580352],[177.795577,-38.4581105],[177.795798,-38.4582139],[177.7960073,-38.4583176],[177.7961603,-38.4584014],[177.7964418,-38.4585721],[177.7967098,-38.458747],[177.7968726,-38.4588632],[177.7970341,-38.4589857],[177.7974483,-38.4593203],[177.7978262,-38.4596298],[177.7978888,-38.4596727],[177.7980032,-38.4597509],[177.7981708,-38.4598614],[177.7984779,-38.4600583],[177.7988195,-38.4602445],[177.7989819,-38.4603325]]}},{"type":"Feature","properties":{"asset_id":4791},"geometry":{"type":"LineString","coordinates":[[177.9577412,-38.6527803],[177.9576925,-38.6528023],[177.957662,-38.6528161],[177.956317,-38.6534205],[177.9551101,-38.6539673],[177.9545552,-38.6542164],[177.9539709,-38.6544781],[177.9536766,-38.6546118],[177.9526834,-38.6550643],[177.9518551,-38.6554424],[177.9510529,-38.6558024],[177.9497872,-38.6563742],[177.9492918,-38.6565947],[177.9487482,-38.6568235],[177.9481636,-38.6570761],[177.9477367,-38.6572678]]}},{"type":"Feature","properties":{"asset_id":4789},"geometry":{"type":"LineString","coordinates":[[177.9208848,-38.5528576],[177.921029,-38.553058],[177.9217699,-38.5543062],[177.9218568,-38.5544618],[177.9219032,-38.55456],[177.921945,-38.5546656],[177.9219834,-38.5547835],[177.922085,-38.5551685],[177.9221381,-38.5553828],[177.9223379,-38.5561664],[177.9226037,-38.5572061],[177.9226823,-38.5575097],[177.9227582,-38.5578122],[177.9229126,-38.5584174],[177.9230687,-38.5590219],[177.9232268,-38.559637],[177.9234423,-38.560471],[177.9238172,-38.5619293],[177.9246785,-38.5652534],[177.9247427,-38.565507],[177.9247513,-38.565551],[177.9247673,-38.5656316],[177.9248167,-38.5658364],[177.9248674,-38.5660517],[177.9249045,-38.566233],[177.9249363,-38.5664091],[177.9249928,-38.5668006],[177.9250493,-38.5673148],[177.925217,-38.5687481],[177.9252938,-38.5695033],[177.9253793,-38.5702579],[177.9254375,-38.5707712],[177.9255399,-38.5717182],[177.9255853,-38.5720426],[177.9256548,-38.5726531],[177.9257347,-38.5734351],[177.9258832,-38.5747512],[177.9267288,-38.5821409],[177.9272766,-38.5869478],[177.9274799,-38.5887264],[177.9276382,-38.5901121],[177.927716,-38.590806],[177.9277951,-38.5914999],[177.9278092,-38.591678],[177.9278219,-38.5918539],[177.9278419,-38.5922101],[177.9278308,-38.5924229],[177.9278262,-38.5924876],[177.9278211,-38.5925572],[177.9277878,-38.5926997],[177.9277492,-38.5928422],[177.9276492,-38.5931223],[177.9275329,-38.5933873],[177.9274233,-38.5936449],[177.926263,-38.5959681],[177.9259264,-38.5966293],[177.9258471,-38.596795],[177.9258033,-38.596881],[177.9254896,-38.5975105],[177.9248228,-38.5988486],[177.9243351,-38.5998335],[177.9238341,-38.6008183],[177.9236769,-38.6011637],[177.9236252,-38.6013116],[177.9236039,-38.6013794],[177.923588,-38.6014473],[177.9235723,-38.6015192],[177.9235556,-38.6016152],[177.9235496,-38.6017101],[177.9235431,-38.6017877],[177.9235474,-38.6018695],[177.9235706,-38.6020535],[177.9235992,-38.6021917],[177.9236413,-38.6023278],[177.9236847,-38.6024309],[177.92372,-38.6025008],[177.9237335,-38.6025277],[177.9238146,-38.6026786],[177.9239024,-38.6028211],[177.924028,-38.6030125],[177.9242662,-38.6033422],[177.9246623,-38.6038864],[177.9254902,-38.6050269],[177.92631,-38.6061673],[177.9269941,-38.6071122],[177.9273028,-38.6075333],[177.9275619,-38.6078913],[177.9284373,-38.6091055],[177.9289737,-38.6098495],[177.9297922,-38.6109847],[177.9303921,-38.6118097],[177.9314244,-38.6132445],[177.9317346,-38.6136736],[177.9319696,-38.6139962],[177.9321329,-38.6142192],[177.9323311,-38.6144891],[177.9325509,-38.6147965],[177.9326969,-38.6149997],[177.9328768,-38.6152501],[177.9334673,-38.6160732],[177.9338823,-38.6166442],[177.9364313,-38.6201575],[177.9365315,-38.6202968],[177.9379623,-38.6222741],[177.9394475,-38.624328],[177.9404158,-38.6256574],[177.9405467,-38.6258129],[177.9406776,-38.6259558],[177.9407949,-38.6260606],[177.9409642,-38.6262005],[177.9411442,-38.6263383],[177.9417409,-38.6267543],[177.9428208,-38.6274995],[177.9438979,-38.6282373],[177.9440463,-38.628342],[177.9442552,-38.6285043],[177.9444614,-38.6286875],[177.9445658,-38.6287876],[177.9446676,-38.6288941],[177.9448085,-38.6290526],[177.94493,-38.6291988],[177.9456918,-38.6301213],[177.9461,-38.6306155],[177.9462206,-38.6307632],[177.9463318,-38.6309204],[177.9464295,-38.6310739],[177.9465044,-38.6312148],[177.9465654,-38.6313459],[177.9465993,-38.631434],[177.9466278,-38.6315283],[177.9466612,-38.6316276],[177.9466947,-38.6318096],[177.9467694,-38.6323156],[177.9468306,-38.6328342],[177.9470793,-38.6348267],[177.9472327,-38.6360009],[177.9473313,-38.6368427],[177.94757,-38.638754],[177.9476205,-38.6391536],[177.9476639,-38.6394051],[177.9476988,-38.6395795],[177.9477364,-38.6397058],[177.9478063,-38.6398611],[177.9478882,-38.6400091],[177.9479941,-38.6401608],[177.9481201,-38.6403072],[177.9482216,-38.6404095],[177.9483792,-38.6405452],[177.9484992,-38.640639],[177.9486832,-38.6407609],[177.9488438,-38.6408526],[177.9490072,-38.6409422],[177.9493312,-38.6411089],[177.9517998,-38.6423369],[177.9530368,-38.642953],[177.9536634,-38.6432642],[177.9542712,-38.6435608],[177.9553391,-38.6440555],[177.9555816,-38.6441687],[177.9560903,-38.6444025],[177.9568966,-38.6447728],[177.9580314,-38.6452905],[177.9583255,-38.6454255],[177.9586197,-38.6455689],[177.9588779,-38.6456939],[177.9592944,-38.6459216],[177.9615987,-38.6471929],[177.9631639,-38.648059],[177.9646621,-38.6488874],[177.9648049,-38.648971],[177.9649689,-38.6490745],[177.9651516,-38.6492054],[177.9653231,-38.6493228]]}},{"type":"Feature","properties":{"asset_id":4790},"geometry":{"type":"LineString","coordinates":[[177.9653231,-38.6493228],[177.9653473,-38.6493393],[177.9651966,-38.6493991],[177.9651069,-38.6494425],[177.9644167,-38.6497623],[177.9617146,-38.650987],[177.9590044,-38.6522096],[177.9577412,-38.6527803]]}},{"type":"Feature","properties":{"asset_id":4792},"geometry":{"type":"LineString","coordinates":[[177.9476747,-38.6573157],[177.9476174,-38.6573534],[177.9473846,-38.6574624],[177.9470808,-38.6575952],[177.9468318,-38.6576867],[177.9465735,-38.6577584],[177.946397,-38.6577976],[177.9462854,-38.6578165],[177.9461122,-38.6578311],[177.9459867,-38.6578377],[177.9459293,-38.6578407],[177.9456965,-38.6578353],[177.9454945,-38.6578146],[177.9453165,-38.6577855],[177.9450989,-38.6577414],[177.9448732,-38.657691],[177.9444715,-38.6575955],[177.9444647,-38.6575939]]}},{"type":"Feature","properties":{"asset_id":4793},"geometry":{"type":"LineString","coordinates":[[177.9444647,-38.6575939],[177.9444433,-38.6575888],[177.9441696,-38.6575246],[177.9428541,-38.6572071],[177.9424001,-38.6571004],[177.9419436,-38.6569922],[177.9417984,-38.6569558],[177.9415834,-38.6569048],[177.9413138,-38.6568416],[177.9406452,-38.6566823],[177.9399985,-38.6565294],[177.93891,-38.65627],[177.9385803,-38.6561901],[177.9380257,-38.6560611],[177.9361241,-38.6556096],[177.9351615,-38.6553876],[177.9348027,-38.6553178],[177.9346176,-38.6552843],[177.9345154,-38.6552737],[177.9343386,-38.6552582],[177.9342289,-38.6552512],[177.9341379,-38.6552485],[177.933925,-38.6552464],[177.9337122,-38.6552589],[177.9335186,-38.6552783],[177.9332403,-38.6553262],[177.9326835,-38.6554425],[177.9319216,-38.6556126],[177.931264,-38.6557595],[177.9307078,-38.6558843],[177.9302539,-38.6559855],[177.9297532,-38.6560964],[177.9292524,-38.6562067],[177.9288909,-38.6562845],[177.9286828,-38.6563235],[177.9284301,-38.6563676],[177.9281532,-38.6564096],[177.9275969,-38.6564771],[177.927169,-38.6565178],[177.9269116,-38.6565343],[177.9267394,-38.6565423],[177.9266023,-38.6565445],[177.9263983,-38.6565473],[177.925789,-38.6565336],[177.9254642,-38.6565141],[177.9252381,-38.6565013],[177.9249825,-38.6564822],[177.9246782,-38.6564453],[177.9245938,-38.6564349],[177.9244528,-38.6564161],[177.9242404,-38.6563875],[177.9238112,-38.656313],[177.9233307,-38.6562131],[177.9229368,-38.65612],[177.922427,-38.6559843],[177.922138,-38.6558961],[177.9218651,-38.6558058],[177.9215514,-38.6556957],[177.9212915,-38.6555946],[177.9210424,-38.6554904],[177.9207463,-38.6553578],[177.9204455,-38.6552152],[177.9202512,-38.6551155],[177.9200643,-38.6550106],[177.9195385,-38.6547058],[177.9191288,-38.6544703],[177.9189376,-38.6543624],[177.9184889,-38.6541001],[177.9179732,-38.6537975],[177.9171702,-38.6533385],[177.9162739,-38.6528148],[177.9158611,-38.6525852]]}},{"type":"Feature","properties":{"asset_id":4804},"geometry":{"type":"LineString","coordinates":[[177.9184076,-38.780132],[177.9184736,-38.7803632],[177.9185289,-38.7805401],[177.9185601,-38.780679],[177.9185819,-38.7808201],[177.9185868,-38.7809554],[177.9185799,-38.781068],[177.9185636,-38.7811952],[177.9185102,-38.781453],[177.9184433,-38.781715],[177.9180777,-38.7830201],[177.9178929,-38.7836731],[177.9177068,-38.7843272],[177.9171777,-38.7859822],[177.9166272,-38.7877291],[177.9165525,-38.7879515],[177.9164764,-38.7881394],[177.9164031,-38.7883038],[177.9163164,-38.7884672],[177.9162169,-38.7886376],[177.9161174,-38.7887954],[177.9159246,-38.7890748],[177.9151486,-38.7901657],[177.9147565,-38.7907096],[177.9143651,-38.7912587],[177.9141356,-38.7915597],[177.9140639,-38.7916486],[177.9139706,-38.7917458],[177.9138881,-38.7918306],[177.9137868,-38.7919257],[177.9136277,-38.792055],[177.9134553,-38.7921894],[177.9131198,-38.7924171],[177.912065,-38.7931075],[177.9110076,-38.7938021],[177.9105801,-38.7940845],[177.9103698,-38.7942257],[177.9101621,-38.794369],[177.9099718,-38.7945145],[177.9098546,-38.7946066],[177.9097373,-38.7947044],[177.9095805,-38.79484],[177.9094039,-38.7949994],[177.9091978,-38.7951918],[177.9074562,-38.7968377],[177.907281,-38.7970142],[177.9071132,-38.7971912],[177.9069326,-38.7974066],[177.9068403,-38.7975321],[177.9067453,-38.7976539],[177.9058971,-38.7987816],[177.9050562,-38.7999145],[177.9036325,-38.8017721],[177.9034575,-38.8020095],[177.9033781,-38.8021307],[177.9033067,-38.802252],[177.903254,-38.8023458],[177.9032092,-38.8024417],[177.9031605,-38.8025413],[177.9031171,-38.802645],[177.9030756,-38.802759],[177.9030287,-38.8029117],[177.9028802,-38.8036638],[177.9027371,-38.804418],[177.9026923,-38.8046937],[177.9025939,-38.8051701],[177.902521,-38.8055472],[177.9024495,-38.8059243],[177.9024016,-38.8061745],[177.9023027,-38.8065345],[177.9022472,-38.806714],[177.9021783,-38.8068862],[177.9020643,-38.8071264],[177.9019395,-38.8073666],[177.9016498,-38.8079009],[177.901396,-38.8083579],[177.9012336,-38.8086657],[177.9010497,-38.8090442],[177.9005255,-38.8101802],[177.9003569,-38.8105384],[177.9001367,-38.8109772],[177.9000199,-38.8111373],[177.8998923,-38.8112932],[177.8997496,-38.8114485],[177.8994688,-38.8117199],[177.8992813,-38.8119041],[177.8991929,-38.8119865],[177.8991059,-38.8120741],[177.8989719,-38.8122249],[177.8988506,-38.8123768],[177.8987951,-38.8124578],[177.898745,-38.8125367],[177.8986982,-38.8126202],[177.8986568,-38.8127043],[177.8986206,-38.8127964],[177.8985891,-38.8128847],[177.898562,-38.8129739],[177.8985429,-38.8130615],[177.8985287,-38.8131523],[177.8985209,-38.8132432],[177.8985204,-38.8133299],[177.8985239,-38.8134203],[177.8985335,-38.8135128],[177.8985436,-38.8135944],[177.8985644,-38.8136918],[177.8985894,-38.8137788],[177.8986211,-38.8138684],[177.8986568,-38.8139545],[177.8986978,-38.8140406],[177.898748,-38.8141241],[177.8987959,-38.8142045],[177.8988466,-38.8142791],[177.8989364,-38.8144016],[177.8990342,-38.814522],[177.8999956,-38.8155915],[177.9002555,-38.8158836],[177.9004841,-38.8161399],[177.9006994,-38.8163982],[177.900837,-38.8165982],[177.9009665,-38.8168002],[177.9012106,-38.8173032],[177.9014184,-38.8177331],[177.901536,-38.8179516],[177.9016416,-38.8181137],[177.9017575,-38.8182657],[177.9018988,-38.818422],[177.9021018,-38.818619],[177.903057,-38.8194807],[177.9035454,-38.8199147],[177.9040176,-38.8203288],[177.9043298,-38.8205859],[177.9046557,-38.8208331],[177.9049883,-38.8210677],[177.9050944,-38.8211517],[177.9051927,-38.8212567],[177.9052789,-38.821369],[177.9053414,-38.8214585],[177.9053993,-38.8215895],[177.9054384,-38.8217248],[177.905446,-38.8218691],[177.9054267,-38.8219884],[177.9053633,-38.8221415],[177.905236,-38.8223609],[177.9051342,-38.8225088],[177.9049734,-38.8227363],[177.9048883,-38.822848],[177.9047965,-38.8229482],[177.9046772,-38.8230639],[177.9045472,-38.8231723],[177.9044337,-38.8232546],[177.9042934,-38.8233484],[177.9040869,-38.8234667],[177.9035237,-38.8237438],[177.9033771,-38.8238329],[177.903268,-38.8239199],[177.9031826,-38.8240035],[177.9031358,-38.8240621],[177.9030998,-38.8241248],[177.9030612,-38.8242],[177.9030305,-38.824282],[177.9030078,-38.8243765],[177.9030038,-38.8244746],[177.9030065,-38.8245623],[177.9030236,-38.8246567],[177.9030514,-38.8247406],[177.9030918,-38.8248341],[177.9031657,-38.8250019],[177.9032733,-38.8252383],[177.9033091,-38.8253238],[177.9033394,-38.8254094],[177.9033677,-38.8255216],[177.9033893,-38.8256424],[177.9033974,-38.8257654],[177.9033915,-38.8258572],[177.9033749,-38.825949],[177.9033502,-38.8260428],[177.9032262,-38.8263831],[177.9030776,-38.8267541],[177.9028872,-38.8272247],[177.9027077,-38.8276347],[177.9026282,-38.8278037],[177.9025379,-38.8279706],[177.902382,-38.8281945],[177.9022033,-38.828407],[177.9019885,-38.8286212],[177.9018971,-38.8287027],[177.9017937,-38.8287914],[177.9014289,-38.8290604],[177.9012243,-38.8291953],[177.9010402,-38.829292],[177.9007993,-38.8293967],[177.9005423,-38.82949],[177.9002083,-38.8296017],[177.8999834,-38.829668],[177.8992516,-38.8298586],[177.8987525,-38.8299839],[177.8982587,-38.8301165],[177.898038,-38.8301782],[177.8978294,-38.8302473],[177.8976218,-38.8303295],[177.8975221,-38.8303727],[177.8974223,-38.8304179],[177.8972814,-38.8304877],[177.8971404,-38.8305637],[177.896941,-38.8306798],[177.8967484,-38.8308074],[177.8966326,-38.8308884],[177.8965222,-38.8309757],[177.8963882,-38.8310845],[177.8962623,-38.8311953],[177.8961017,-38.8313544],[177.8960214,-38.8314376],[177.8959412,-38.8315292],[177.8958086,-38.831697],[177.8957062,-38.8318463],[177.895609,-38.8320018],[177.8949867,-38.8330566],[177.8947198,-38.8335183],[177.8946352,-38.8336864],[177.8945711,-38.8338471],[177.8945231,-38.8339796],[177.8944923,-38.8341085],[177.8944721,-38.8342456],[177.8944621,-38.8344182],[177.8944631,-38.8345157],[177.8944937,-38.8347803],[177.8945462,-38.8351287],[177.8945991,-38.8354149],[177.8946148,-38.8355002],[177.8946512,-38.8356416],[177.8947064,-38.8357789],[177.8947605,-38.8358899],[177.8948281,-38.8359987],[177.8948862,-38.8360749],[177.8949551,-38.836149],[177.8950185,-38.8362237],[177.8950927,-38.8362943],[177.8952367,-38.8364144],[177.8953995,-38.8365429],[177.8957547,-38.8368166],[177.8963711,-38.8372787],[177.8965702,-38.8374337],[177.8966689,-38.8375405],[177.8967596,-38.8376535],[177.8968273,-38.8377707],[177.8968844,-38.8379068],[177.8969143,-38.8380354],[177.8969281,-38.8381725],[177.8969276,-38.8382597],[177.8969136,-38.838349],[177.8968621,-38.8385212],[177.8967721,-38.8388161],[177.8967143,-38.8390442],[177.896692,-38.8391362],[177.8966885,-38.8392178],[177.8966852,-38.8393113],[177.896706,-38.8394007],[177.8967335,-38.8394965],[177.8967594,-38.8395789],[177.8968125,-38.8396828],[177.8969113,-38.839841],[177.8979894,-38.8415233],[177.8983486,-38.8420829],[177.8987198,-38.8426436],[177.8988929,-38.8429068],[177.8990794,-38.8431617],[177.8993152,-38.8434046],[177.8994683,-38.8435225],[177.8997141,-38.8436701],[177.8999252,-38.8437706],[177.9002325,-38.8438834],[177.9004512,-38.8439519],[177.9006765,-38.844012],[177.9008657,-38.8440586],[177.9011287,-38.8441052],[177.90139,-38.8441388],[177.902049,-38.8441964],[177.9022744,-38.8442326],[177.9024278,-38.8442722],[177.9025811,-38.8443232],[177.9026878,-38.8443717],[177.9028256,-38.8444491],[177.9028479,-38.8444649]]}},{"type":"Feature","properties":{"asset_id":4805},"geometry":{"type":"LineString","coordinates":[[177.9028479,-38.8444649],[177.9029647,-38.8445474],[177.9031044,-38.8446664],[177.9035258,-38.8450631],[177.9037095,-38.8452305],[177.9038262,-38.8453214],[177.9039509,-38.8454103],[177.9040418,-38.8454683],[177.904138,-38.8455262],[177.9042369,-38.8455758],[177.9043411,-38.845619],[177.9045224,-38.8456811],[177.9047626,-38.8457526],[177.904856,-38.8457863],[177.904944,-38.8458306],[177.9050302,-38.8458845],[177.9051083,-38.8459572],[177.9051645,-38.8460247],[177.9052128,-38.8461068],[177.905246,-38.8462067],[177.9052845,-38.8463818],[177.9053051,-38.8464512],[177.9053309,-38.8465206],[177.9053988,-38.8466302],[177.9054594,-38.846699],[177.9056695,-38.8469122],[177.9057272,-38.8469916],[177.9057714,-38.8470752],[177.9057982,-38.8471608],[177.9058143,-38.8472463],[177.9058189,-38.8473699],[177.9058073,-38.8474977],[177.9058018,-38.8476484],[177.9058151,-38.8477866],[177.9058613,-38.8479848],[177.9059254,-38.8481837],[177.9059518,-38.8483157],[177.9059668,-38.8484],[177.9059684,-38.8484864],[177.9059524,-38.848616],[177.9059122,-38.8487455],[177.9058459,-38.8488682],[177.9057607,-38.8489878],[177.9054931,-38.8493],[177.90544,-38.8493759],[177.9054004,-38.8494559],[177.9053669,-38.8495537],[177.9053577,-38.8496389],[177.9053666,-38.8497263],[177.9053964,-38.8498244],[177.9054369,-38.8499163],[177.9056582,-38.8502473],[177.9057153,-38.8503564],[177.9057536,-38.8504656],[177.9057698,-38.8505553],[177.9057752,-38.8506513],[177.9057597,-38.8507802],[177.9057439,-38.8508441],[177.9057174,-38.8509101],[177.9056747,-38.8509912],[177.9056159,-38.8510702],[177.9055564,-38.8511383],[177.9054861,-38.8512023],[177.9053158,-38.8513163],[177.9051267,-38.8514302],[177.9050358,-38.8514925],[177.9049529,-38.8515568],[177.9048849,-38.8516244],[177.904825,-38.8517004],[177.9046726,-38.8519425],[177.9045989,-38.8520437],[177.9045332,-38.8521125],[177.9044742,-38.8521626],[177.904202,-38.8523466],[177.9041057,-38.8524326],[177.9040595,-38.8524821],[177.9040239,-38.852538],[177.9039682,-38.8526418],[177.9039256,-38.8527314],[177.9038795,-38.8528294],[177.9038256,-38.8529233],[177.9037382,-38.8530402],[177.9036633,-38.8531201],[177.903521,-38.8532453],[177.9034354,-38.853317],[177.9032794,-38.8534521],[177.9031972,-38.8535332],[177.9031485,-38.8536028],[177.9031024,-38.8536903],[177.9030789,-38.8537523],[177.9030633,-38.8538164],[177.9030534,-38.8539129],[177.903064,-38.8540102],[177.9030777,-38.8540636],[177.9030968,-38.854115],[177.9031124,-38.8541548],[177.9031361,-38.8541925],[177.9031833,-38.8542627],[177.9032627,-38.8543479],[177.9034325,-38.8544985],[177.9034963,-38.8545698],[177.9035424,-38.8546429],[177.9035764,-38.8547317],[177.903588,-38.8548182],[177.9035755,-38.8549026],[177.9035468,-38.8549923],[177.9035288,-38.8550246],[177.9034536,-38.8551209],[177.9033381,-38.8552268],[177.9032011,-38.8553348],[177.9030689,-38.8554443],[177.902997,-38.8555215],[177.9029535,-38.8555865],[177.9029297,-38.8556331],[177.9029166,-38.855686],[177.9029105,-38.8557353],[177.9029179,-38.8557846],[177.9029306,-38.8558349],[177.9029487,-38.8558853],[177.9030073,-38.8559624],[177.9030981,-38.8560332],[177.9032319,-38.8561018],[177.9034005,-38.8561899],[177.9034677,-38.8562374],[177.9035269,-38.8562995],[177.9035532,-38.8563455],[177.9035743,-38.8563957],[177.903579,-38.856445],[177.9035729,-38.8564943],[177.9035616,-38.8565409],[177.9035343,-38.8565876],[177.9034794,-38.8566511],[177.9034365,-38.8566898],[177.9034031,-38.8567199],[177.9033617,-38.856749]]}},{"type":"Feature","properties":{"asset_id":4806},"geometry":{"type":"LineString","coordinates":[[177.9033617,-38.856749],[177.9029844,-38.8570152],[177.9028404,-38.8571273],[177.9027635,-38.8572019],[177.9027128,-38.8572625],[177.9026515,-38.8573596],[177.9025982,-38.8574524],[177.9025504,-38.8575504],[177.9023956,-38.8579392],[177.9023115,-38.8581311],[177.9022429,-38.858259],[177.9021482,-38.8583789],[177.9020867,-38.8584408],[177.9020513,-38.8584764],[177.9020268,-38.8584969]]}},{"type":"Feature","properties":{"asset_id":12898},"geometry":{"type":"LineString","coordinates":[[177.7989819,-38.4603325],[177.7995931,-38.4606419],[177.7998776,-38.4607672],[177.800028,-38.4608277],[177.8001863,-38.4608798],[177.8003398,-38.4609197],[177.8005094,-38.4609553],[177.8006704,-38.4609813],[177.8008502,-38.4609969],[177.8010147,-38.4610036],[177.8011738,-38.4610041],[177.8024197,-38.4609578],[177.8030835,-38.4609325],[177.8035757,-38.4609156],[177.8038141,-38.4609132],[177.8040391,-38.4609224],[177.8042237,-38.4609394],[177.8042544,-38.4609422],[177.8044335,-38.4609688]]}},{"type":"Feature","properties":{"asset_id":4782},"geometry":{"type":"LineString","coordinates":[[177.8044335,-38.4609688],[177.8044805,-38.4609758],[177.8047315,-38.4610192],[177.8054492,-38.4611487],[177.8058165,-38.4612205],[177.806025,-38.4612731],[177.806243,-38.4613435],[177.8064233,-38.4614068],[177.8066356,-38.4614941],[177.806833,-38.4615919],[177.807004,-38.4616892],[177.8071846,-38.461804],[177.8073486,-38.4619192],[177.8075395,-38.4620637],[177.8077235,-38.462213],[177.8079155,-38.4623582],[177.808251,-38.4626262],[177.8086683,-38.4629519],[177.8089896,-38.4631859],[177.8092686,-38.4633543],[177.8095503,-38.4635111],[177.810033,-38.4637594],[177.8102824,-38.4638866],[177.8105157,-38.464015],[177.8108687,-38.4642252],[177.8114649,-38.4646012],[177.8115901,-38.4646912],[177.8117608,-38.4647966],[177.8126746,-38.4653947],[177.8134396,-38.465893],[177.8135924,-38.4659871]]}},{"type":"Feature","properties":{"asset_id":12899},"geometry":{"type":"LineString","coordinates":[[177.8135924,-38.4659871],[177.8136554,-38.4660234],[177.8138015,-38.4661038],[177.813961,-38.4661821],[177.8141398,-38.466264],[177.8143054,-38.4663319],[177.8144669,-38.4663872],[177.8146226,-38.4664316],[177.8147864,-38.466474],[177.8150035,-38.4665173],[177.8159905,-38.4666846],[177.8162938,-38.4667387],[177.8178054,-38.4670615],[177.8197499,-38.4674931],[177.8216622,-38.4679184],[177.822848,-38.4681839],[177.8230536,-38.4682443],[177.8232046,-38.4682986],[177.8232802,-38.4683326],[177.8233557,-38.4683666],[177.8233999,-38.4683926]]}},{"type":"Feature","properties":{"asset_id":4784},"geometry":{"type":"LineString","coordinates":[[177.8233999,-38.4683926],[177.8234732,-38.4684357],[177.8236042,-38.4685268],[177.823756,-38.4686427],[177.8238461,-38.4687322],[177.8239551,-38.4688612],[177.8240561,-38.4690176],[177.824206,-38.4692901],[177.8243507,-38.4695584],[177.8244492,-38.4697009],[177.8245719,-38.469835],[177.8248896,-38.4701295],[177.825218,-38.4704239],[177.8256735,-38.4708301],[177.825785,-38.4709371],[177.8259674,-38.4711249],[177.8261392,-38.4713212],[177.8261664,-38.4713562],[177.8263265,-38.4715625],[177.8266051,-38.4719529],[177.8270848,-38.4726779],[177.8274962,-38.4733095],[177.8276457,-38.4735772],[177.8277218,-38.4737425],[177.8277871,-38.4739141],[177.8278819,-38.4741705],[177.8279898,-38.4744684],[177.8280513,-38.4746137],[177.8281289,-38.4747569],[177.8281889,-38.4748519],[177.8282551,-38.4749403],[177.8283213,-38.4750077],[177.8283878,-38.4750756],[177.8284616,-38.4751392],[177.8285435,-38.4752028],[177.82871,-38.4753258],[177.8288897,-38.4754349],[177.8290391,-38.4755156],[177.829285,-38.4756256],[177.8299565,-38.4758351],[177.8303564,-38.4759512],[177.8311115,-38.4761647],[177.8314958,-38.4762798],[177.8318157,-38.4763835],[177.8320988,-38.4764827],[177.8323248,-38.4765786],[177.8323398,-38.476585],[177.8327158,-38.4767462],[177.8332797,-38.4770099],[177.8338543,-38.4772726],[177.8342477,-38.4774324],[177.8356938,-38.4778684],[177.8371304,-38.4783001],[177.8377289,-38.478469],[177.8379329,-38.4785115],[177.8381423,-38.4785497],[177.8383435,-38.4785818],[177.8385581,-38.4786096],[177.8386202,-38.4786167],[177.8386768,-38.4786238],[177.8391174,-38.4786506],[177.8393595,-38.4786512],[177.8397378,-38.4786429],[177.8409637,-38.4786073],[177.8416614,-38.4785981],[177.8422302,-38.4785956],[177.8427936,-38.4785993],[177.843121,-38.4786171],[177.8433669,-38.4786451],[177.8436851,-38.4786951],[177.8440379,-38.4787599],[177.8447876,-38.4789097],[177.8456258,-38.4790689],[177.8459034,-38.4791127],[177.8461711,-38.4791491],[177.8464442,-38.4791792],[177.846685,-38.479197],[177.8469124,-38.4792042],[177.8471531,-38.4792047],[177.8473913,-38.4791989],[177.8476914,-38.4791815],[177.8479781,-38.4791535],[177.8486418,-38.4790592],[177.8493602,-38.478943],[177.8500867,-38.4788341],[177.8510046,-38.4786888],[177.8519145,-38.4785352],[177.8529715,-38.4783236],[177.8540071,-38.4781131],[177.8555014,-38.4778075],[177.8569931,-38.4775028],[177.8576789,-38.4773601],[177.8583567,-38.4771984],[177.8584966,-38.4771627],[177.8586365,-38.4771228],[177.8587984,-38.4770664],[177.8589496,-38.4770058],[177.8591532,-38.4769039],[177.8592724,-38.4768372],[177.8593889,-38.4767663],[177.8601183,-38.4762413],[177.8608423,-38.4757162],[177.8614372,-38.4752745],[177.8616631,-38.4751172],[177.8618459,-38.4749924],[177.8619401,-38.4749337],[177.8620503,-38.4748666],[177.8622415,-38.474757],[177.862384,-38.4746831],[177.8624448,-38.4746515]]}},{"type":"Feature","properties":{"asset_id":4785},"geometry":{"type":"LineString","coordinates":[[177.8624448,-38.4746515],[177.8626614,-38.4745548],[177.8629131,-38.474455],[177.8631408,-38.4743741],[177.8636442,-38.4742036],[177.8672751,-38.4730125],[177.8706583,-38.471906],[177.8713432,-38.4716812],[177.8717218,-38.4715709],[177.8720091,-38.4714947],[177.8721748,-38.4714556],[177.8723593,-38.4714185],[177.8726429,-38.4713697],[177.8729667,-38.4713281],[177.8733128,-38.4712985],[177.8734747,-38.4712901],[177.8735422,-38.4712866],[177.8737932,-38.471279],[177.8740422,-38.471282],[177.8743058,-38.4712944],[177.8745771,-38.4713168],[177.8748698,-38.471358],[177.875093,-38.471393],[177.8753243,-38.4714364],[177.8769831,-38.4718089],[177.8777612,-38.4719897],[177.8786366,-38.4721836],[177.8819247,-38.472875],[177.8822431,-38.4729475],[177.8825452,-38.4730322],[177.8827441,-38.4731095],[177.8829191,-38.473188],[177.8831011,-38.4732846],[177.8832812,-38.4733991],[177.8834587,-38.4735367],[177.8836046,-38.4736743],[177.8837345,-38.4738203],[177.8838669,-38.4739912],[177.8841422,-38.4744264],[177.8843801,-38.4748743],[177.88457,-38.4751947],[177.8849897,-38.4759508],[177.8851521,-38.4762832],[177.8852479,-38.4765386],[177.8853077,-38.4767257],[177.8853562,-38.4769158],[177.8853886,-38.4771101],[177.8854095,-38.4772942],[177.8854142,-38.4774784],[177.8853953,-38.4777534],[177.8852146,-38.4791887]]}},{"type":"Feature","properties":{"asset_id":12902},"geometry":{"type":"LineString","coordinates":[[177.8852146,-38.4791887],[177.885072,-38.4803632],[177.8850467,-38.4806372],[177.8849862,-38.4812913],[177.8849274,-38.4818165],[177.8848792,-38.4823475],[177.8848326,-38.4826166],[177.8847673,-38.4828856],[177.8846518,-38.4832412],[177.8844384,-38.4838444],[177.8841425,-38.484721],[177.8839221,-38.485341],[177.8838712,-38.4855118],[177.8838311,-38.4856825],[177.8838043,-38.4858433],[177.8837962,-38.4859998],[177.8838097,-38.4861612],[177.8838394,-38.4863206],[177.8839009,-38.4864955],[177.8840044,-38.4867008],[177.884129,-38.4868728],[177.8842751,-38.4870384],[177.8844184,-38.4871642],[177.8845831,-38.4872857],[177.8848521,-38.4874302],[177.8850613,-38.4875155],[177.8852755,-38.4875825],[177.8855329,-38.4876407],[177.8857918,-38.48768]]}},{"type":"Feature","properties":{"asset_id":4787},"geometry":{"type":"LineString","coordinates":[[177.8857918,-38.48768],[177.8858634,-38.4876909],[177.8859433,-38.487703],[177.8883302,-38.4880556],[177.8897021,-38.4882555],[177.8935024,-38.4888136],[177.8943061,-38.4889376],[177.8951871,-38.4890591],[177.8956681,-38.4891165],[177.8960038,-38.4891514],[177.896267,-38.4891647],[177.8965299,-38.4891671],[177.896797,-38.4891475],[177.8970258,-38.4891061],[177.8972371,-38.4890499],[177.8974509,-38.4889769],[177.8977543,-38.4888542],[177.8980536,-38.4887125],[177.8982404,-38.4886231],[177.8986713,-38.4884123],[177.8988962,-38.4883064],[177.899121,-38.4882088],[177.8994259,-38.4880826],[177.8995859,-38.488026],[177.8997512,-38.4879778],[177.89996,-38.4879265],[177.9001885,-38.4878856],[177.9003551,-38.4878699],[177.9005016,-38.4878637],[177.9006534,-38.4878637],[177.9008066,-38.4878711],[177.9009716,-38.4878838],[177.9012519,-38.4879259],[177.9013467,-38.4879437],[177.9014263,-38.4879637],[177.9015179,-38.4879868],[177.9017679,-38.4880593],[177.9025148,-38.4882942],[177.9032417,-38.4885322],[177.9034686,-38.4886146],[177.9036506,-38.4886925],[177.9038225,-38.4887832],[177.903956,-38.4888601],[177.9041291,-38.4889749],[177.9042573,-38.4890779],[177.904372,-38.489183],[177.9044966,-38.4893172],[177.9046292,-38.4894839],[177.9047274,-38.4896499],[177.9048062,-38.489795],[177.9048524,-38.4899357],[177.9048985,-38.4900975],[177.9049316,-38.4902615],[177.9049432,-38.4904601],[177.9049377,-38.4906497],[177.904928,-38.4907038]]}},{"type":"Feature","properties":{"asset_id":4788},"geometry":{"type":"LineString","coordinates":[[177.904928,-38.4907038],[177.9049175,-38.4907624],[177.9049134,-38.4907879],[177.9048815,-38.4909272],[177.90485,-38.4910335],[177.9047694,-38.4912374],[177.9046592,-38.4914853],[177.9043869,-38.4920415],[177.9042381,-38.4923269],[177.9041318,-38.4925199],[177.904039,-38.4926542],[177.903965,-38.4927634],[177.9038642,-38.4928937],[177.9025735,-38.4944268],[177.9019255,-38.4951943],[177.9012748,-38.495964],[177.9009898,-38.4963104],[177.9007746,-38.4966042],[177.90052,-38.4970158],[177.9003217,-38.497375],[177.8998057,-38.4983869],[177.8995071,-38.4989585],[177.8993551,-38.4992454],[177.8991951,-38.4995301],[177.8989386,-38.499977],[177.8986768,-38.5004229],[177.8981505,-38.5013177],[177.8973359,-38.5027032],[177.8965293,-38.5040876],[177.896415,-38.5043246],[177.8963592,-38.5044504],[177.8963141,-38.5045783],[177.8962763,-38.5047562],[177.8962439,-38.5049593],[177.896245,-38.5050175],[177.8962467,-38.5051089],[177.896262,-38.5052873],[177.8963027,-38.5054825],[177.8963599,-38.5056462],[177.8964278,-38.5058099],[177.8965132,-38.5059727],[177.8966092,-38.5061376],[177.8974269,-38.5075172],[177.897618,-38.5078667],[177.8977141,-38.5080606],[177.8977942,-38.5082839],[177.8993897,-38.5128378],[177.8993919,-38.5128442],[177.8999902,-38.5145366],[177.9007105,-38.5165979],[177.9008018,-38.516847],[177.9008801,-38.5170167],[177.9009869,-38.5172002],[177.9011071,-38.5173648],[177.9012201,-38.5175016],[177.9012585,-38.517539],[177.9012969,-38.5175807],[177.901401,-38.5176818],[177.901513,-38.5177807],[177.9017102,-38.5179289],[177.9023526,-38.5183645],[177.9025295,-38.5185018],[177.902693,-38.5186433],[177.9028301,-38.518782],[177.9029646,-38.5189375],[177.9030572,-38.519046],[177.9031498,-38.5191713],[177.9033053,-38.519415],[177.9033916,-38.5195801],[177.9034698,-38.5197484],[177.9035494,-38.5199474],[177.9035838,-38.5200521],[177.9036155,-38.5201821],[177.9036542,-38.5204026],[177.903666,-38.5206274],[177.9036651,-38.5207597],[177.9036534,-38.5208941],[177.9036377,-38.5210327],[177.9036139,-38.5211733],[177.9035857,-38.5213043],[177.9035575,-38.5213976],[177.9035387,-38.5214494],[177.9034836,-38.521602],[177.9033615,-38.5218672],[177.903197,-38.5221973],[177.9030366,-38.5225273],[177.9027171,-38.5231895],[177.9025256,-38.5236209],[177.9023449,-38.5240565],[177.9021678,-38.5244985],[177.9020432,-38.5248692],[177.9019294,-38.5251937],[177.9018075,-38.5255413],[177.901687,-38.5258889],[177.9015289,-38.5263797],[177.90149,-38.5265275],[177.9014592,-38.5266753],[177.9014504,-38.5267694],[177.9014442,-38.5268635],[177.9014455,-38.5269505],[177.9014548,-38.5270375],[177.9014656,-38.5271223],[177.9014844,-38.5272071],[177.9015244,-38.5273351],[177.9015777,-38.5274651],[177.901637,-38.5275753],[177.9017098,-38.5276791],[177.9017867,-38.5277705],[177.9018718,-38.5278557],[177.9020177,-38.527985],[177.9021824,-38.528106],[177.9026264,-38.5283919],[177.903073,-38.5286726],[177.9036175,-38.5290079],[177.9039782,-38.5292164],[177.9041619,-38.5293295],[177.9043375,-38.5294447],[177.9051843,-38.5300518],[177.9058398,-38.5305223],[177.9062436,-38.5308053],[177.9064924,-38.5309712],[177.9067301,-38.5311176],[177.9069812,-38.5312577],[177.907241,-38.5313931],[177.9077122,-38.5316165],[177.9085213,-38.5320078],[177.9087063,-38.532109],[177.9088886,-38.5322162],[177.9090348,-38.5323144],[177.9091715,-38.5324221],[177.9092905,-38.5325355],[177.9093921,-38.5326541],[177.9094494,-38.5327306],[177.9095195,-38.5328304],[177.9095787,-38.5329485],[177.9096391,-38.5330779],[177.9096915,-38.5332219],[177.9101774,-38.5346223],[177.9104137,-38.5353057],[177.9105655,-38.5357269],[177.9106714,-38.5359963],[177.9107519,-38.5361766],[177.9108546,-38.5363908],[177.9109735,-38.536605],[177.911097,-38.536807],[177.9111041,-38.5368188],[177.9115191,-38.5374974],[177.9120768,-38.5384097],[177.9135805,-38.5408795],[177.9143957,-38.5422173],[177.914804,-38.5428877],[177.9152035,-38.5435571],[177.9157224,-38.544413],[177.9165376,-38.5457534],[177.9168373,-38.5462407],[177.917011,-38.5465093],[177.9172143,-38.546845],[177.9178544,-38.5478982],[177.918671,-38.5492422],[177.9194984,-38.5505968],[177.9201903,-38.5517272],[177.9204772,-38.5522164],[177.920728,-38.5526332],[177.9208848,-38.5528576]]}},{"type":"Feature","properties":{"asset_id":4832},"geometry":{"type":"LineString","coordinates":[[178.2965571,-38.0514154],[178.2967359,-38.0514965],[178.2969166,-38.0515612],[178.2971363,-38.0516211],[178.2973267,-38.0516571],[178.2973929,-38.0516659],[178.2975138,-38.0516819],[178.2977429,-38.0516948],[178.2979727,-38.0516851],[178.2982147,-38.0516595],[178.2984299,-38.0516143],[178.2986589,-38.0515479],[178.2988611,-38.0514745],[178.2992495,-38.0513129],[178.2997828,-38.0510747],[178.2999522,-38.0510015],[178.3001269,-38.0509369],[178.30024,-38.0509071],[178.3003394,-38.050889],[178.3004468,-38.0508752],[178.3005557,-38.0508658],[178.3006592,-38.0508648],[178.3007723,-38.0508714],[178.3009054,-38.0508872],[178.3010277,-38.0509096],[178.3012264,-38.0509532],[178.3013448,-38.0509731],[178.3014297,-38.0509835],[178.301562,-38.050992],[178.3018922,-38.0510002],[178.3020081,-38.0510166],[178.3020678,-38.0510259],[178.3021275,-38.0510394],[178.3021916,-38.051057],[178.3022557,-38.0510809],[178.3023651,-38.051132],[178.3024347,-38.0511698],[178.3025231,-38.0512239],[178.3026143,-38.0512899],[178.3026921,-38.0513547],[178.3027705,-38.0514286],[178.3028423,-38.0515088],[178.3029167,-38.0516044],[178.3030075,-38.0517253],[178.3030862,-38.0518378],[178.3031277,-38.0518949],[178.3031853,-38.0519679],[178.3032466,-38.0520335],[178.3033132,-38.0520976],[178.303392,-38.0521616],[178.303472,-38.0522236],[178.3036992,-38.0523816],[178.3037978,-38.0524417],[178.3039239,-38.0525087],[178.3042633,-38.0526564],[178.3044393,-38.0527262],[178.3046248,-38.0527948],[178.3047033,-38.0528191],[178.304775,-38.0528423],[178.3049413,-38.0528825],[178.3050976,-38.0529052],[178.3052337,-38.0529152],[178.3053823,-38.0529161],[178.3055404,-38.0529065],[178.305843,-38.0528894],[178.3059895,-38.0528889],[178.3061311,-38.0528891],[178.3062922,-38.0528949],[178.3065319,-38.052914],[178.3066939,-38.0529331],[178.30694,-38.0529619],[178.3070459,-38.0529687],[178.3072188,-38.0529719],[178.3074814,-38.0529671],[178.3077119,-38.0529708],[178.3078759,-38.0529835],[178.3079672,-38.052996]]}},{"type":"Feature","properties":{"asset_id":4833},"geometry":{"type":"LineString","coordinates":[[178.3079672,-38.052996],[178.3080588,-38.0530086],[178.3082294,-38.0530435],[178.3084261,-38.0531006],[178.3085252,-38.0531344],[178.3086188,-38.0531703],[178.3087346,-38.0532238],[178.3088437,-38.0532825],[178.3089025,-38.0533191],[178.3089613,-38.0533578],[178.3090094,-38.0533922],[178.3090522,-38.0534277],[178.3090876,-38.0534568],[178.3091176,-38.053486],[178.3091516,-38.0535178],[178.309179,-38.0535517],[178.3092147,-38.0535942],[178.3092424,-38.0536388],[178.3092622,-38.0536738],[178.3092781,-38.0537183],[178.3092909,-38.0537598],[178.3092991,-38.0537756],[178.3093011,-38.0538025],[178.3092979,-38.0538383],[178.3092908,-38.05389],[178.3092846,-38.0539211],[178.3092698,-38.0539644],[178.3092471,-38.0540007],[178.3092211,-38.0540418],[178.3091798,-38.0540992],[178.3090935,-38.054193],[178.3089992,-38.0542836],[178.3088866,-38.0543822],[178.3087324,-38.0544994],[178.3084944,-38.0546731],[178.3083295,-38.0547862],[178.3081565,-38.0548994],[178.3078777,-38.0550647],[178.3077141,-38.0551548],[178.3075398,-38.0552344],[178.3073918,-38.0552864],[178.3072783,-38.0553176],[178.3070585,-38.0553629],[178.3068427,-38.0554014],[178.3067181,-38.0554229],[178.3065559,-38.0554556],[178.3063977,-38.0554967],[178.3062613,-38.0555369],[178.3061429,-38.0555792],[178.3060506,-38.0556151],[178.3058605,-38.0557122],[178.3057082,-38.0558069],[178.3055848,-38.0558978],[178.3055074,-38.0559597],[178.3054354,-38.0560258],[178.305394,-38.0560723],[178.3053797,-38.0560975],[178.3053647,-38.0561241],[178.3053418,-38.0561905],[178.3053216,-38.056258],[178.3052906,-38.0563913],[178.3052762,-38.0564841],[178.3052719,-38.0565816],[178.3052722,-38.0566853],[178.3052821,-38.0567597],[178.3053,-38.0568483],[178.305333,-38.0569568],[178.3053705,-38.0570538],[178.3054107,-38.0571497],[178.3054532,-38.0572228],[178.3054996,-38.0572858],[178.3055467,-38.0573401],[178.3055979,-38.0573923],[178.3056444,-38.0574341],[178.3058091,-38.0575633],[178.3058523,-38.0576012],[178.3059042,-38.0576488],[178.3059382,-38.0576801],[178.3059859,-38.0577257],[178.3060577,-38.0578089],[178.3061181,-38.0578929],[178.3061845,-38.0580088],[178.3062335,-38.0581342],[178.3062739,-38.0582615],[178.3063184,-38.0583877],[178.3063604,-38.0584753],[178.3064212,-38.0585714],[178.3064741,-38.0586421],[178.3065498,-38.0587245],[178.3067002,-38.0588523],[178.3069142,-38.0590049],[178.3070169,-38.0590775],[178.3071236,-38.0591581],[178.3072015,-38.0592281],[178.3072767,-38.0593081],[178.3073885,-38.0594576],[178.3074917,-38.0596135],[178.3076059,-38.0597876],[178.3076906,-38.0599215],[178.3077582,-38.0600479],[178.3077782,-38.0600945],[178.3077971,-38.0601495],[178.3078118,-38.0602046],[178.3078173,-38.0602681],[178.3078139,-38.0603385],[178.3078012,-38.0604139],[178.3077751,-38.0604956],[178.3077666,-38.0605186]]}},{"type":"Feature","properties":{"asset_id":4834},"geometry":{"type":"LineString","coordinates":[[178.3077654,-38.0605216],[178.3077496,-38.0605642],[178.3077148,-38.0606332],[178.307533,-38.060945],[178.3073512,-38.0612552],[178.307133,-38.0616505],[178.3070837,-38.0617269],[178.3070302,-38.0617933],[178.3069687,-38.061846],[178.3068818,-38.0619042],[178.3067911,-38.061947],[178.3066963,-38.0619825],[178.3064879,-38.062029],[178.306266,-38.0620649],[178.3055884,-38.0621311],[178.3053674,-38.0621597],[178.3052643,-38.0621804],[178.3051673,-38.062209],[178.3050645,-38.062248],[178.3049588,-38.0623057],[178.3048847,-38.0623619],[178.3047464,-38.0624813],[178.3046677,-38.062548],[178.30458,-38.0626121],[178.3044978,-38.0626605],[178.3044289,-38.0626909],[178.3043506,-38.0627171],[178.3042381,-38.0627358],[178.3041155,-38.0627482],[178.3039688,-38.0627499],[178.3033278,-38.0627189],[178.3032263,-38.0627225],[178.303116,-38.0627345],[178.3030072,-38.0627621],[178.3029062,-38.0628042],[178.3028241,-38.0628561],[178.3027474,-38.0629302],[178.3026942,-38.0630097],[178.3026624,-38.0630892],[178.3026398,-38.0631792],[178.3026244,-38.0632786],[178.3026118,-38.0634117],[178.3025987,-38.0635329],[178.3025789,-38.0636298],[178.3025448,-38.0637518],[178.302496,-38.0638706],[178.3024238,-38.064012],[178.3023448,-38.064127],[178.3022373,-38.0642582],[178.3021366,-38.0643531],[178.3020302,-38.0644339],[178.3019098,-38.0645052],[178.3017963,-38.0645511],[178.3016849,-38.0645847],[178.3015849,-38.0645981],[178.3014792,-38.0645998],[178.3013652,-38.0645833],[178.3012418,-38.0645478],[178.3009363,-38.0644319],[178.3008247,-38.0643982],[178.3007145,-38.0643764],[178.3006078,-38.064372],[178.3005016,-38.064382],[178.3003882,-38.0644137],[178.3002889,-38.0644587],[178.300201,-38.064511],[178.3001198,-38.0645748],[178.300048,-38.0646424],[178.2999559,-38.0647476],[178.2997817,-38.064999],[178.2997208,-38.0650867],[178.2996532,-38.0651723],[178.2995347,-38.0653057],[178.2993554,-38.065478],[178.299263,-38.0655515],[178.2991425,-38.0656344],[178.2989045,-38.06579],[178.2987878,-38.0658702],[178.2986634,-38.0659643],[178.298543,-38.0660606],[178.2984679,-38.0661317],[178.2984065,-38.0662007],[178.2983511,-38.0662808],[178.2983005,-38.0663894],[178.2982694,-38.0664647],[178.2982459,-38.0665544],[178.2982295,-38.0666513],[178.2982191,-38.0667461],[178.2982121,-38.0668265],[178.2982091,-38.0669164],[178.2982117,-38.0670351],[178.2982264,-38.0671507],[178.2982384,-38.0672138],[178.2982558,-38.0672621],[178.2982899,-38.0673386],[178.2983525,-38.0674474],[178.2984326,-38.067563],[178.2985487,-38.0677108],[178.2986876,-38.0678501],[178.2989031,-38.0680312],[178.2989992,-38.0681178],[178.2990588,-38.0681841],[178.299115,-38.0682494],[178.2992147,-38.0684069],[178.2993501,-38.0686469],[178.2994085,-38.068728],[178.2994832,-38.0688056],[178.2995547,-38.0688677],[178.2996504,-38.0689265],[178.2997426,-38.0689707],[178.2999006,-38.0690234],[178.3000676,-38.0690597],[178.3002687,-38.0690949],[178.3006234,-38.0691495],[178.3007665,-38.0691699],[178.3009122,-38.0691872],[178.3011613,-38.0692078],[178.3015994,-38.0692359],[178.3020345,-38.0692761],[178.3023285,-38.0693221],[178.3024426,-38.0693461],[178.3025493,-38.0693754],[178.3026755,-38.069416],[178.3027956,-38.0694714],[178.3029458,-38.0695545],[178.3030739,-38.0696482],[178.3031596,-38.0697267],[178.3032631,-38.0698366],[178.3033599,-38.0699551],[178.3035038,-38.070147],[178.3036113,-38.0702965],[178.3036743,-38.0703881],[178.3037178,-38.0704639],[178.3037691,-38.0705702],[178.3038103,-38.0706949],[178.3038448,-38.0708432],[178.3038532,-38.0709656],[178.3038543,-38.0710795],[178.3038145,-38.0715768],[178.3037693,-38.0721045],[178.3037387,-38.0724712],[178.3036909,-38.0730509],[178.3036696,-38.0732969],[178.3036422,-38.073625],[178.3036268,-38.0737723],[178.30361,-38.0739218],[178.3036063,-38.0739361]]}},{"type":"Feature","properties":{"asset_id":4835},"geometry":{"type":"LineString","coordinates":[[178.3036055,-38.0739395],[178.3035727,-38.0740663],[178.3035052,-38.0742173],[178.3034095,-38.0743574],[178.303285,-38.0744897],[178.3030028,-38.0747122],[178.3027247,-38.0749158],[178.3025485,-38.0750366],[178.3024337,-38.0751039],[178.3023149,-38.0751786],[178.302207,-38.0752586],[178.3021152,-38.075345],[178.3019824,-38.0754957],[178.3014983,-38.0760863],[178.3012855,-38.0763059],[178.301163,-38.0763985],[178.3010306,-38.0764858],[178.3009221,-38.0765473],[178.3007949,-38.0766088],[178.3004621,-38.0767565],[178.3002229,-38.0768666],[178.2999677,-38.0769988],[178.2998241,-38.0770815],[178.2996778,-38.0771747],[178.2995605,-38.0772675],[178.2994531,-38.0773661],[178.2993613,-38.0774779],[178.2992721,-38.0776003],[178.299199,-38.0777166],[178.2991312,-38.0778487],[178.2990865,-38.0779799],[178.2990592,-38.0781027],[178.2990457,-38.0782287],[178.2990342,-38.0783447],[178.2990161,-38.078622],[178.2989966,-38.0788993],[178.2989764,-38.0790865],[178.2989605,-38.079196],[178.2989379,-38.0793056],[178.2989106,-38.0794151],[178.2988779,-38.0795235],[178.2988271,-38.0796727],[178.2987709,-38.0798176],[178.2986551,-38.0800806],[178.2984375,-38.0805402],[178.2983969,-38.0806077],[178.2983469,-38.0806742],[178.2982982,-38.0807343],[178.2982374,-38.0807987],[178.2981503,-38.0808689],[178.2980585,-38.0809311],[178.2978933,-38.0810188],[178.2977401,-38.0810875],[178.297227,-38.0812898],[178.29708,-38.0813591],[178.2970003,-38.0814048],[178.2969126,-38.0814716],[178.2968508,-38.081529],[178.2967944,-38.0816054],[178.2967522,-38.0816885],[178.2967254,-38.0817674],[178.2967098,-38.0818585],[178.2967098,-38.0819507],[178.2967259,-38.0820381],[178.2967523,-38.0821243],[178.296784,-38.0822012],[178.2968277,-38.0822897],[178.2971725,-38.0829307],[178.2972228,-38.0830385],[178.2972564,-38.0831216],[178.2972844,-38.0832053],[178.297301,-38.0832911],[178.2973049,-38.0833824],[178.297302,-38.0834758],[178.2972838,-38.0835605],[178.2972521,-38.0836394],[178.2972001,-38.0837234],[178.2971319,-38.0838021],[178.2970642,-38.0838657],[178.296983,-38.083932],[178.2967025,-38.0841177],[178.2966198,-38.0841751],[178.2965311,-38.0842584],[178.2964686,-38.084336],[178.2964155,-38.0844189],[178.2963724,-38.0845029],[178.2963399,-38.084591],[178.2962979,-38.0847283],[178.2962359,-38.0849786],[178.2961847,-38.0852289],[178.2961503,-38.0854263],[178.2961318,-38.0856602],[178.2961213,-38.085894],[178.2960934,-38.086342],[178.2960796,-38.0864205],[178.2960571,-38.0864948],[178.2960234,-38.0865775],[178.2959948,-38.0866378],[178.2959568,-38.086697],[178.2959137,-38.0867575],[178.295864,-38.086816],[178.2957065,-38.0869373],[178.295574,-38.0870153],[178.2954334,-38.0870911],[178.2950531,-38.0872866],[178.2947682,-38.087445],[178.294629,-38.0875319],[178.2944803,-38.0876355],[178.2944106,-38.08769],[178.294349,-38.0877518],[178.2942596,-38.0878495],[178.2942058,-38.0879325],[178.2941595,-38.0880262],[178.2941326,-38.0881055],[178.2941108,-38.0881953],[178.2940917,-38.0883706],[178.2940811,-38.0886488],[178.2940651,-38.0888648],[178.2940466,-38.0890107],[178.2939992,-38.0892344],[178.293931,-38.0894518],[178.2938882,-38.0895775],[178.2938373,-38.0897021],[178.2937344,-38.0899282],[178.2936657,-38.090056],[178.2935347,-38.0902868],[178.2934506,-38.0904501],[178.2934055,-38.0905698],[178.2933896,-38.0906741],[178.2933864,-38.0907876],[178.2934026,-38.0908948],[178.2934318,-38.0909896],[178.2934704,-38.0910764],[178.2935249,-38.0911572],[178.2936001,-38.0912274],[178.2936953,-38.0912932],[178.2938186,-38.0913616],[178.2939771,-38.0914476],[178.2941315,-38.0915357],[178.2942248,-38.0916218],[178.294298,-38.091728],[178.2943503,-38.0918429],[178.2943983,-38.0919876],[178.2944214,-38.092231],[178.2944279,-38.0924108],[178.2944411,-38.0926771],[178.2944581,-38.0931041],[178.2945029,-38.0939598],[178.2945081,-38.0941891],[178.2945085,-38.0943359],[178.2945027,-38.0946909],[178.2944891,-38.0950771],[178.2944783,-38.0956175],[178.2944622,-38.096162],[178.2944196,-38.0978215],[178.2944204,-38.097971],[178.2944278,-38.0981205],[178.2944531,-38.0983156],[178.2945053,-38.0986332],[178.2945476,-38.098889],[178.2945638,-38.0990552],[178.2945559,-38.0991583],[178.2945359,-38.0992631],[178.2945039,-38.0993615],[178.2944652,-38.0994425],[178.2944005,-38.0995379],[178.2942285,-38.0997408],[178.2941723,-38.0998105],[178.2941227,-38.0998843],[178.2940722,-38.0999629],[178.2940338,-38.1000452],[178.2939953,-38.1001481],[178.2939595,-38.1002515],[178.2938282,-38.1007816],[178.2937864,-38.1009271],[178.2937271,-38.1010673],[178.293683,-38.101159],[178.2936316,-38.1012401],[178.2935362,-38.1013805],[178.2933965,-38.1015594],[178.2931791,-38.1018205],[178.2931054,-38.1019366],[178.2930499,-38.1020543],[178.2930141,-38.1021583],[178.2929955,-38.1022448],[178.2929843,-38.1023314],[178.2929809,-38.1024187],[178.2929915,-38.1025075],[178.2930162,-38.1026288],[178.293061,-38.1027659],[178.2932597,-38.1032914],[178.2936418,-38.1042261],[178.2936721,-38.1043125],[178.2936969,-38.1043984],[178.2937107,-38.1044849],[178.2937185,-38.1045745],[178.2937068,-38.1046577],[178.2936751,-38.1047875],[178.2936166,-38.104902],[178.2935596,-38.1049861],[178.2934823,-38.1050549],[178.2933782,-38.1051395],[178.2932903,-38.1051958],[178.2931944,-38.10525],[178.2929109,-38.1053948],[178.2927565,-38.1054865],[178.2926461,-38.1055563],[178.2925665,-38.1056119],[178.2924933,-38.1056808],[178.2924214,-38.1057615],[178.2923598,-38.1058483],[178.2923025,-38.1059587],[178.2921755,-38.1062295],[178.292083,-38.1063901],[178.2919978,-38.1065148],[178.2918972,-38.106637],[178.2917614,-38.1067794],[178.2916114,-38.1069238],[178.2912874,-38.1072169],[178.2910679,-38.1074242],[178.2909572,-38.1075555],[178.2908994,-38.1076423],[178.2908491,-38.1077258],[178.2908094,-38.1078136],[178.2907858,-38.1078726],[178.2907562,-38.1079596],[178.2907371,-38.1080517],[178.2907288,-38.1081454],[178.2907228,-38.1082308],[178.2907216,-38.1083279],[178.2907325,-38.108524],[178.2907535,-38.1086559],[178.2907853,-38.1087868],[178.2908127,-38.1088705],[178.290846,-38.1089616],[178.2908861,-38.1090438],[178.2909316,-38.1091261],[178.2910261,-38.1092653],[178.29113,-38.1093908],[178.2912843,-38.1095264],[178.2914713,-38.1096621],[178.2917142,-38.1098189],[178.2925479,-38.1103309],[178.2929858,-38.1106133],[178.2930871,-38.1107043],[178.2931844,-38.1108151],[178.2932512,-38.1109448],[178.2932991,-38.11107],[178.2933256,-38.1112226],[178.2933278,-38.1114552],[178.2933346,-38.1116921],[178.2933461,-38.111758],[178.2933684,-38.111824],[178.2933947,-38.1118871],[178.2934317,-38.1119502],[178.2935035,-38.1120415],[178.2935794,-38.1121217],[178.2937483,-38.1122759],[178.2938852,-38.1124124],[178.2940042,-38.1125531],[178.2940882,-38.1126719],[178.2941621,-38.1128082],[178.2942543,-38.1129639],[178.2943607,-38.113113],[178.2944906,-38.1132563],[178.2947046,-38.113452],[178.2948516,-38.1135709],[178.2949853,-38.1136877],[178.2950835,-38.1137789],[178.2951512,-38.113853],[178.2952397,-38.1139545],[178.2957245,-38.1145609],[178.2959532,-38.1148355],[178.296192,-38.1151044],[178.2963993,-38.1153184],[178.2964917,-38.115406],[178.2966298,-38.1155121],[178.2968074,-38.11562],[178.2969985,-38.1157169],[178.2973036,-38.115849],[178.2975918,-38.1159527],[178.2978456,-38.1160297],[178.2981437,-38.1161077],[178.2986616,-38.1162284],[178.3000754,-38.1165369],[178.3005093,-38.1166301],[178.3009325,-38.1167223],[178.3022282,-38.1169937],[178.302406,-38.1170351],[178.3025811,-38.1170775],[178.3027841,-38.1171405],[178.3029177,-38.1171892],[178.3030903,-38.1172658],[178.3032745,-38.117364],[178.3034546,-38.1174802],[178.3034758,-38.1174955]]}},{"type":"Feature","properties":{"asset_id":4830},"geometry":{"type":"LineString","coordinates":[[178.2606907,-37.9760364],[178.2610061,-37.9761053],[178.2613167,-37.976182],[178.2615817,-37.9762611],[178.261842,-37.9763514],[178.2620465,-37.9764342],[178.2622436,-37.976528],[178.262381,-37.9766054],[178.2625104,-37.9766891],[178.2626295,-37.9767841],[178.2627405,-37.9768823],[178.2628978,-37.9770474],[178.2630493,-37.9772275],[178.2635026,-37.9777935],[178.2635911,-37.9778946],[178.2636735,-37.9779863],[178.2637305,-37.9780469],[178.2637915,-37.9781101],[178.2638786,-37.9781965],[178.2640885,-37.9783898],[178.2642856,-37.9785583],[178.2656648,-37.9796224],[178.266212,-37.9800381],[178.2663349,-37.9801359],[178.2664552,-37.9802358],[178.2665761,-37.9803443],[178.2666971,-37.9804591],[178.2669711,-37.9807415],[178.2670967,-37.9808665],[178.2672276,-37.9809895],[178.267317,-37.9810633],[178.2674305,-37.981144],[178.2675468,-37.9812138],[178.2676819,-37.9812884],[178.2678197,-37.981346],[178.2679197,-37.9813772],[178.2680237,-37.9814006],[178.2683381,-37.981452],[178.2684496,-37.9814847],[178.2685457,-37.9815258],[178.268633,-37.9815766],[178.2687105,-37.9816421],[178.2687672,-37.9817145],[178.2688075,-37.9817944],[178.2688383,-37.9818823],[178.2689382,-37.9822238],[178.2689861,-37.9823438],[178.2690298,-37.9824346],[178.2690745,-37.9824959],[178.2691245,-37.9825572],[178.2691931,-37.9826326],[178.2694524,-37.9828889],[178.2697036,-37.9831537],[178.2700958,-37.9835911],[178.2702942,-37.9838093],[178.2704886,-37.9840285],[178.2705781,-37.9841414],[178.2706534,-37.9842533],[178.270933,-37.9847487],[178.2710788,-37.985008],[178.2712246,-37.9852573],[178.2712782,-37.9853323],[178.2713332,-37.9854019],[178.2714123,-37.985471],[178.2715048,-37.9855242],[178.2716116,-37.9855573],[178.2717197,-37.9855703],[178.2718327,-37.9855629],[178.2719463,-37.985538],[178.2720546,-37.9855031],[178.2724364,-37.9853657],[178.2725413,-37.9853362],[178.2726497,-37.9853173],[178.2727885,-37.985307],[178.2729066,-37.9853089],[178.27302,-37.9853214],[178.2731442,-37.9853403],[178.2739912,-37.9855092],[178.2744828,-37.985611],[178.2746341,-37.9856487],[178.2747787,-37.9856927],[178.2749167,-37.9857429],[178.2750753,-37.9858131],[178.2752342,-37.9859073],[178.2753416,-37.9859792],[178.2755482,-37.9861478],[178.2759882,-37.98654],[178.2761307,-37.9866819],[178.276249,-37.9868159],[178.2763336,-37.9869373],[178.2763896,-37.9870588],[178.276418,-37.9871523],[178.2764324,-37.9872404],[178.2764508,-37.9875241],[178.2764454,-37.9877235],[178.2764191,-37.987866],[178.2763986,-37.9879378],[178.2763673,-37.9880075],[178.2763066,-37.9881261],[178.2762098,-37.9882616],[178.2759832,-37.9885693],[178.2757435,-37.988881],[178.27561,-37.9890341],[178.2754617,-37.9891754],[178.2752368,-37.9893645],[178.2751018,-37.9895024],[178.2749516,-37.9896754],[178.2748731,-37.9897598],[178.2747785,-37.9898368],[178.2745624,-37.9899664],[178.2743529,-37.9900953],[178.2741502,-37.9902411],[178.273983,-37.9903484],[178.2738842,-37.9904885],[178.2738245,-37.9906148],[178.2737726,-37.9908043],[178.2735552,-37.9915043],[178.2734945,-37.9917062],[178.2734793,-37.9917868],[178.2734728,-37.9919398],[178.2734761,-37.9920345],[178.2734862,-37.9921503],[178.2735131,-37.9923086],[178.2735482,-37.9925354],[178.273586,-37.9927606],[178.2736321,-37.9930203],[178.2736595,-37.9932444],[178.273715,-37.9936043],[178.2737071,-37.993757],[178.2736812,-37.9939205],[178.2736398,-37.9940416],[178.2735336,-37.9942871],[178.2734485,-37.9944443],[178.273354,-37.9946015],[178.2732287,-37.9947915],[178.2730008,-37.9951865],[178.2727435,-37.9956213],[178.2726955,-37.9957076],[178.2726542,-37.995795],[178.2726228,-37.9958704],[178.2725942,-37.9959532],[178.2725645,-37.9960626],[178.2725509,-37.9961409],[178.2725396,-37.996224],[178.2725259,-37.9964431],[178.2725162,-37.9965745],[178.2724895,-37.9967581],[178.2724553,-37.9969337],[178.2724292,-37.9970591],[178.2724158,-37.9971862],[178.2724177,-37.9973625],[178.2724148,-37.9975368],[178.2723828,-37.9977762],[178.272378,-37.9978652],[178.2723772,-37.9981956],[178.2723475,-37.9985991],[178.2723568,-37.9987748],[178.2723876,-37.9989452],[178.2724223,-37.9990587],[178.272483,-37.9992365],[178.272491,-37.9993314],[178.2724911,-37.9994124],[178.2724804,-37.9994964],[178.272455,-37.9995932],[178.2724007,-37.9996984],[178.2723406,-37.9997823],[178.2722697,-37.9998621],[178.2719536,-38.0001779],[178.2718719,-38.0002614],[178.2718023,-38.0003443],[178.2717443,-38.0004191],[178.2717118,-38.0004674],[178.2716855,-38.0005224],[178.2716658,-38.0005742],[178.2716446,-38.0006494],[178.2716325,-38.0007448],[178.2716365,-38.0008372],[178.2716546,-38.0009264],[178.2717009,-38.0010838],[178.27187,-38.0015999],[178.2719015,-38.0017241],[178.2719276,-38.0018505],[178.2719477,-38.0020212],[178.2719563,-38.0021401],[178.2719638,-38.0024227],[178.271946,-38.0029315],[178.2719361,-38.0031249],[178.2719352,-38.0032585],[178.2719397,-38.0033922],[178.2719525,-38.0035289],[178.2719734,-38.0036635],[178.2720008,-38.0037959],[178.272035,-38.0039262],[178.2720945,-38.0040931],[178.2721702,-38.0042573],[178.272266,-38.0044186],[178.272341,-38.0045297],[178.2724304,-38.0046517],[178.2727385,-38.0050357],[178.2728444,-38.0051938],[178.2729164,-38.005321],[178.2729777,-38.0054524],[178.2730929,-38.0057494],[178.2732014,-38.0060507],[178.2735051,-38.0069314],[178.2735383,-38.007036],[178.2735574,-38.0071301],[178.273578,-38.0072653],[178.2735771,-38.0073985],[178.2735624,-38.0075225],[178.273537,-38.0076639],[178.273457,-38.0079265],[178.2733522,-38.0081896],[178.2732434,-38.0083938],[178.2731273,-38.0085616],[178.2729679,-38.0087437],[178.2728173,-38.0089067],[178.2725562,-38.0092032],[178.2723798,-38.0094509],[178.2722283,-38.0096521],[178.272165,-38.0097239],[178.2720936,-38.0097846],[178.2720076,-38.009834],[178.2719028,-38.0098723],[178.2717993,-38.0098911],[178.2716891,-38.0098941],[178.2715817,-38.0098823],[178.2714818,-38.0098548],[178.2713999,-38.0098208],[178.2713046,-38.0097742],[178.2712148,-38.0097303],[178.2711082,-38.0096849],[178.2710244,-38.0096616],[178.2709381,-38.0096416],[178.2708182,-38.0096284],[178.2707037,-38.0096263],[178.2705952,-38.0096317],[178.2704651,-38.0096455],[178.2702703,-38.0096843],[178.2700536,-38.0097388],[178.2696184,-38.0098558],[178.2694003,-38.0099157],[178.2692706,-38.0099497],[178.2691292,-38.0099741],[178.2689671,-38.0099738],[178.2688446,-38.0099561],[178.2687326,-38.0099327],[178.2686274,-38.0099029],[178.268513,-38.0098659],[178.2680703,-38.0097016],[178.2679011,-38.009644],[178.2677667,-38.00961],[178.2676336,-38.0095845],[178.2674682,-38.0095697],[178.2673501,-38.0095681],[178.2672065,-38.0095791],[178.2670962,-38.0095932],[178.2669174,-38.0096252],[178.266729,-38.0096718],[178.2666046,-38.0097133],[178.2664676,-38.0097723],[178.2663414,-38.0098409],[178.2662462,-38.0099041],[178.2661618,-38.0099757],[178.2660922,-38.0100445],[178.2660341,-38.0101159],[178.2659801,-38.0101979],[178.2659365,-38.0102774],[178.2658527,-38.0104467],[178.2657916,-38.010548],[178.2657156,-38.0106461],[178.265646,-38.010715],[178.2655684,-38.0107765],[178.2652937,-38.0109439],[178.2651516,-38.0110276],[178.2644381,-38.0114166],[178.2643151,-38.0114869],[178.2642107,-38.0115575],[178.264127,-38.0116196],[178.2640554,-38.0116918],[178.2640067,-38.0117463],[178.2639714,-38.0118114],[178.2639455,-38.0118957],[178.2639403,-38.0119868],[178.2639575,-38.0120791],[178.263989,-38.0121649],[178.2640345,-38.012247],[178.2640934,-38.0123205],[178.264162,-38.0123882],[178.2642347,-38.012448],[178.2643326,-38.0125152],[178.2648656,-38.0128391],[178.2649599,-38.0129076],[178.2650376,-38.0129768],[178.2650979,-38.0130417],[178.2651601,-38.0131186],[178.2652089,-38.0132018],[178.2652483,-38.013282],[178.2652797,-38.0133622],[178.2653052,-38.0134555],[178.2653153,-38.0135388],[178.2653002,-38.0136288],[178.2652664,-38.0137046],[178.2652175,-38.0137708],[178.2651298,-38.0138561],[178.2650356,-38.0139169],[178.2648985,-38.0139714],[178.2647699,-38.0139987],[178.264626,-38.014009],[178.264514,-38.0140121],[178.2644019,-38.0140079],[178.2642508,-38.0139952],[178.2641083,-38.0139791],[178.2639537,-38.0139557],[178.2635855,-38.0138887],[178.263438,-38.0138701],[178.2633326,-38.0138675],[178.2632177,-38.0138797],[178.2631209,-38.0139066],[178.263065,-38.0139373],[178.2630145,-38.0139765],[178.2629584,-38.0140461],[178.2629245,-38.0141148],[178.262908,-38.0141816],[178.2629049,-38.0142606],[178.2629239,-38.0143358],[178.2629663,-38.0144136],[178.2630252,-38.0144737],[178.2630915,-38.0145179],[178.2631791,-38.0145583],[178.2632723,-38.0145853],[178.2634313,-38.0146091],[178.2644725,-38.0146681],[178.2647334,-38.0146863],[178.2649916,-38.0147203],[178.265158,-38.0147572],[178.2652692,-38.0147893],[178.2653776,-38.0148279],[178.2654703,-38.0148706],[178.2655562,-38.0149176],[178.2656562,-38.0149845],[178.2657707,-38.0150901],[178.2659337,-38.0152725],[178.2660874,-38.0154606],[178.2663123,-38.0158455],[178.2663583,-38.015928],[178.2663909,-38.0160169],[178.2664319,-38.016146],[178.2665413,-38.0166305],[178.2665927,-38.0167876],[178.2666481,-38.0169057],[178.2667241,-38.0170527],[178.2668158,-38.0172044],[178.2669336,-38.0173973],[178.2670102,-38.0175316],[178.2670869,-38.0176892],[178.2672311,-38.018034],[178.26737,-38.0183788],[178.2677442,-38.0192945],[178.2678648,-38.0195803],[178.2679398,-38.0197454],[178.2680202,-38.0199083],[178.2681082,-38.0200736],[178.2683064,-38.0203982],[178.2684552,-38.0206303],[178.2686026,-38.0208707],[178.2686914,-38.0210296],[178.2687635,-38.0211942],[178.2688052,-38.0213064],[178.2688536,-38.0214557],[178.2688944,-38.0216157],[178.2689317,-38.0218122],[178.268966,-38.0220807],[178.2690163,-38.0226191],[178.2690385,-38.0227908],[178.2690748,-38.0229661],[178.2691273,-38.0231391],[178.2691636,-38.023245],[178.2691951,-38.0233292],[178.269232,-38.0234102],[178.2693187,-38.0235675],[178.2694195,-38.0237268],[178.269528,-38.023873],[178.2696305,-38.0239954],[178.2698709,-38.0242438],[178.2701888,-38.0245708],[178.2705196,-38.024893],[178.2708075,-38.025168],[178.2709371,-38.0252814],[178.271123,-38.025434],[178.2713574,-38.0256106],[178.2716285,-38.0257889],[178.2718105,-38.0258948],[178.2720032,-38.0259965],[178.2727574,-38.0263697],[178.2729041,-38.0264474],[178.2730286,-38.0265247],[178.2731742,-38.0266315],[178.2733559,-38.0267887],[178.2735015,-38.0269127],[178.2735769,-38.0269718],[178.2736563,-38.0270278],[178.2737956,-38.0271096],[178.2739321,-38.0271598],[178.2740739,-38.0272009],[178.2742706,-38.0272285],[178.2744398,-38.0272365],[178.2749415,-38.027239],[178.2750789,-38.0272503],[178.2751956,-38.0272663],[178.2753118,-38.0272909],[178.2754353,-38.027324],[178.2755702,-38.0273698],[178.275673,-38.0274081],[178.2757544,-38.0274442],[178.2758421,-38.0274829],[178.2759513,-38.0275396],[178.2760717,-38.0276133],[178.2762228,-38.0277377],[178.2762826,-38.0277968],[178.2763398,-38.027858],[178.2764066,-38.02795],[178.2765598,-38.0281895],[178.2766237,-38.0282722],[178.2766897,-38.0283368],[178.2767583,-38.0284035],[178.2768295,-38.0284575],[178.276918,-38.0285171],[178.2770118,-38.0285683],[178.2771297,-38.0286209],[178.2772427,-38.0286606],[178.277369,-38.0286972],[178.2776491,-38.0287618],[178.2779723,-38.028829],[178.2780961,-38.0288493],[178.2782036,-38.0288618],[178.2783057,-38.028868],[178.2788269,-38.0288627],[178.2789422,-38.0288682],[178.2790502,-38.0288801],[178.2791625,-38.0289009],[178.279266,-38.0289285],[178.279371,-38.0289688],[178.2795122,-38.0290414],[178.2798907,-38.0292883],[178.2800653,-38.029397],[178.2802585,-38.0295057],[178.2805332,-38.0296475],[178.2808093,-38.0297841],[178.2810965,-38.029917],[178.2813714,-38.0300346],[178.2815085,-38.0301115],[178.2816268,-38.0302004],[178.2817377,-38.0302972],[178.2818327,-38.0303877],[178.2820116,-38.0305849],[178.2822512,-38.0308625],[178.2823778,-38.031],[178.2825165,-38.031128],[178.2826467,-38.0312259],[178.2827462,-38.0312864],[178.2828811,-38.0313594],[178.2830294,-38.0314241],[178.283242,-38.0314983],[178.2834653,-38.0315709],[178.2839714,-38.0317297],[178.2841201,-38.0317867],[178.2842179,-38.0318278],[178.2843117,-38.0318725]]}},{"type":"Feature","properties":{"asset_id":4831},"geometry":{"type":"LineString","coordinates":[[178.2843122,-38.0318728],[178.28439,-38.0319099],[178.2845574,-38.0319919],[178.2848648,-38.0321455],[178.2849804,-38.0322107],[178.2850886,-38.0322855],[178.2851398,-38.0323309],[178.2852037,-38.0324022],[178.2852625,-38.0324851],[178.2852874,-38.0325359],[178.2853297,-38.0326269],[178.2854841,-38.0331025],[178.2856398,-38.0335971],[178.2856764,-38.033706],[178.2857144,-38.0337954],[178.2857602,-38.0338816],[178.2858241,-38.0339873],[178.2859068,-38.0341016],[178.2859786,-38.0341908],[178.2860913,-38.0343119],[178.2862395,-38.0344584],[178.2865252,-38.0347305],[178.287347,-38.035501],[178.2874797,-38.0356206],[178.2876123,-38.0357338],[178.287749,-38.0358429],[178.2879246,-38.0359603],[178.2880679,-38.0360501],[178.2882201,-38.0361452],[178.2885303,-38.0363274],[178.288809,-38.0364809],[178.2889412,-38.0365509],[178.2890761,-38.0366171],[178.2893674,-38.0367523],[178.289966,-38.0369962],[178.2906929,-38.0372849],[178.2908418,-38.0373403],[178.2908774,-38.0373514],[178.2910095,-38.0373949],[178.2911764,-38.0374405],[178.2914213,-38.0374922],[178.2917429,-38.0375458],[178.2919438,-38.0375951],[178.2920715,-38.0376367],[178.2921788,-38.0376826],[178.2922975,-38.0377544],[178.292397,-38.0378322],[178.2924833,-38.0379177],[178.2925924,-38.0380481],[178.2927536,-38.0382631],[178.2928286,-38.0383749],[178.2928929,-38.0384777],[178.2929454,-38.0385882],[178.2929699,-38.0386637],[178.2929877,-38.0387461],[178.2930033,-38.0388359],[178.2930082,-38.0389257],[178.2929998,-38.0390786],[178.2929794,-38.0392315],[178.2929479,-38.0393635],[178.2929065,-38.0394955],[178.292845,-38.0396509],[178.2927774,-38.0397962],[178.292677,-38.0399822],[178.2923315,-38.0406114],[178.2922688,-38.0407329],[178.2922379,-38.0408025],[178.2922244,-38.0408467],[178.2922109,-38.0409079],[178.2922001,-38.040969],[178.2921879,-38.0410633],[178.2921811,-38.041165],[178.2921729,-38.0413694],[178.2921682,-38.0417334],[178.2921635,-38.0420985],[178.2921601,-38.0423507],[178.2921517,-38.042521],[178.2921339,-38.0426154],[178.2921001,-38.0427128],[178.2920569,-38.0427976],[178.2919404,-38.042944],[178.2917937,-38.0430925],[178.2916677,-38.0432169],[178.2915348,-38.0433485],[178.2914484,-38.0434488],[178.2913942,-38.0435375],[178.2913552,-38.0436203],[178.2913263,-38.0437099],[178.2913093,-38.0438011],[178.2913054,-38.0438898],[178.2913119,-38.0439885],[178.2913245,-38.04406],[178.2913445,-38.0441469],[178.2913772,-38.0442416],[178.2914174,-38.0443334],[178.2914654,-38.0444165],[178.2915294,-38.0445129],[178.291587,-38.0445796],[178.2916472,-38.0446353],[178.2917222,-38.044701],[178.2918059,-38.0447634],[178.2919555,-38.0448554],[178.2921379,-38.0449473],[178.2924881,-38.0451175],[178.2926306,-38.0451887],[178.2927504,-38.0452547],[178.2928937,-38.0453458],[178.2930048,-38.0454263],[178.2931062,-38.0455112],[178.2932412,-38.0456378],[178.2934285,-38.0458124],[178.2936399,-38.0459871],[178.2938139,-38.0461051],[178.2939571,-38.046195],[178.2940686,-38.0462652],[178.2941466,-38.0463167],[178.2942245,-38.0463745],[178.2943143,-38.0464472],[178.29438,-38.0465161],[178.2944388,-38.0465964],[178.2944886,-38.0466811],[178.2945172,-38.0467631],[178.2945337,-38.0468461],[178.2945433,-38.0470021],[178.2945298,-38.0473541],[178.2945477,-38.0475249],[178.2945709,-38.0476275],[178.2946508,-38.0478374],[178.2947253,-38.0479998],[178.2948051,-38.0481602],[178.2949989,-38.048546],[178.2951005,-38.0487499],[178.2951847,-38.0489349],[178.2952599,-38.0491178],[178.2953204,-38.0493017],[178.295377,-38.0495169],[178.2954309,-38.0497859],[178.2954828,-38.0500513],[178.2955145,-38.0501878],[178.2955568,-38.050339],[178.2956037,-38.0504595],[178.2956935,-38.0506435],[178.2957403,-38.05072],[178.2957951,-38.0507944],[178.2958988,-38.0509243],[178.2960058,-38.0510346],[178.2960801,-38.0511045],[178.2961624,-38.0511755],[178.2962426,-38.0512351],[178.2963322,-38.0512927],[178.2964406,-38.0513576],[178.2965571,-38.0514154]]}},{"type":"Feature","properties":{"asset_id":4825},"geometry":{"type":"LineString","coordinates":[[178.3464433,-37.8223801],[178.3459499,-37.8224934],[178.3457337,-37.8225437],[178.3454344,-37.8226178],[178.3452253,-37.8226744],[178.3450135,-37.8227394],[178.3448027,-37.8228095],[178.3445343,-37.8229061],[178.3441931,-37.8230422],[178.3439359,-37.8231569],[178.3436855,-37.823278],[178.3435219,-37.8233631],[178.3433516,-37.8234536],[178.3430439,-37.8236344],[178.3428712,-37.823744],[178.342704,-37.8238575],[178.3425986,-37.8239351],[178.3424023,-37.82408],[178.3422054,-37.8242376],[178.3419683,-37.8244444],[178.341744,-37.8246539],[178.3416083,-37.8247889],[178.3414807,-37.8249233],[178.3413856,-37.8250296],[178.3412904,-37.8251406],[178.3411308,-37.8253378],[178.3409337,-37.8256022],[178.3407122,-37.8259135],[178.3403366,-37.8264484],[178.3399979,-37.8269299],[178.3396471,-37.8274187],[178.3390429,-37.8282698],[178.3386742,-37.8287897],[178.3380453,-37.8296968],[178.3378047,-37.8300248],[178.3376788,-37.8301866],[178.3375065,-37.8304014],[178.3373546,-37.8305626],[178.3371296,-37.8307792],[178.3369402,-37.8309472],[178.3363488,-37.8314553],[178.3360721,-37.8316905],[178.3352081,-37.8324359],[178.3346221,-37.8329422],[178.3340402,-37.8334447],[178.3331149,-37.8342505],[178.3321869,-37.8350552],[178.3316727,-37.8355021]]}},{"type":"Feature","properties":{"asset_id":4826},"geometry":{"type":"LineString","coordinates":[[178.3316727,-37.8355021],[178.331163,-37.8359451],[178.3308291,-37.8362339],[178.3304884,-37.8365306],[178.3298981,-37.8370496],[178.3296651,-37.8372672],[178.3294268,-37.8375034],[178.329216,-37.8377287],[178.3289796,-37.8379889],[178.3285586,-37.8384681],[178.3277228,-37.8394168],[178.327359,-37.8398259],[178.326553,-37.8407485],[178.3253266,-37.8421418],[178.3250403,-37.8424691],[178.3248287,-37.8427102],[178.3246036,-37.8429646],[178.3244483,-37.8431377],[178.3241,-37.8435356],[178.3240571,-37.8435832],[178.323889,-37.8437761],[178.3232811,-37.8444742],[178.3231659,-37.8446248],[178.3230493,-37.8447829],[178.3229479,-37.8449298],[178.3228667,-37.8450751],[178.3228117,-37.8451889],[178.3227607,-37.8453027],[178.3226768,-37.8455275],[178.3226107,-37.8457697],[178.32256,-37.8460357],[178.3225107,-37.8463277],[178.3224695,-37.846624],[178.322432,-37.8468477],[178.3223242,-37.8475189],[178.3222539,-37.847965],[178.3221843,-37.848417],[178.3221393,-37.8487203],[178.3220909,-37.8490673],[178.3220154,-37.849689],[178.3219439,-37.8503149],[178.321908,-37.8506156],[178.321857,-37.8510041],[178.3218113,-37.851418],[178.3217698,-37.8518887],[178.3217498,-37.852186],[178.3217446,-37.852478],[178.3217441,-37.8526797],[178.3217463,-37.852874],[178.3217575,-37.8531069],[178.3217742,-37.8533387],[178.3217928,-37.8535422],[178.3218168,-37.8537457],[178.3218522,-37.8540129],[178.321897,-37.8542812],[178.3219517,-37.8545779],[178.3220206,-37.8548957],[178.3221079,-37.8552511],[178.3222099,-37.8556076],[178.3223233,-37.8559531],[178.3224488,-37.8562976],[178.3225528,-37.8565626],[178.3226675,-37.8568232],[178.3227567,-37.8570087],[178.3227963,-37.8570883],[178.3230683,-37.8576468],[178.3233443,-37.8582048],[178.3238922,-37.8593203],[178.3239906,-37.8595375],[178.3240246,-37.8596396],[178.3240424,-37.8597112],[178.3240505,-37.8597439],[178.3240744,-37.8598715],[178.3240814,-37.8599685],[178.3240799,-37.8600789],[178.3240643,-37.8602047],[178.3239745,-37.8606967],[178.3239572,-37.8608325],[178.3239506,-37.8609369],[178.323949,-37.8610291],[178.3239535,-37.8611427],[178.3239628,-37.8612865],[178.3240689,-37.862346],[178.3240795,-37.862455],[178.3240941,-37.8625502],[178.3241161,-37.8626407],[178.3241515,-37.8627301],[178.3242012,-37.8628106],[178.3242468,-37.8628678],[178.3243154,-37.8629372],[178.3246334,-37.8631952],[178.324701,-37.863261],[178.3247552,-37.8633299],[178.3247841,-37.8633747],[178.3248021,-37.8634318],[178.324812,-37.8635042],[178.3248064,-37.863601],[178.3247123,-37.8638722],[178.3243137,-37.8647256],[178.324019,-37.8655657],[178.3239343,-37.865782],[178.3238884,-37.8658635],[178.3238131,-37.8659536],[178.3233431,-37.8666026],[178.3231144,-37.8668797],[178.3229538,-37.8670669],[178.3228818,-37.8671695],[178.322812,-37.8673069],[178.3227131,-37.8675426],[178.3226598,-37.8676566],[178.3226138,-37.8677407],[178.3225638,-37.8678142],[178.3225206,-37.8678822],[178.3224626,-37.8679487],[178.322353,-37.8680521],[178.3222542,-37.8681318],[178.3221642,-37.8681962],[178.3217384,-37.868438],[178.3216452,-37.868494],[178.3215627,-37.8685494],[178.3214567,-37.8686319],[178.3213823,-37.8686927],[178.3212894,-37.8687769],[178.3212006,-37.8688654],[178.3209446,-37.8691296],[178.320819,-37.8692503],[178.3207357,-37.8693169],[178.3206321,-37.869391],[178.3202872,-37.869622],[178.3197438,-37.8699653],[178.319633,-37.8700424],[178.3195063,-37.8701437],[178.3194319,-37.870217],[178.3193584,-37.8703035],[178.3193003,-37.8703871],[178.3192522,-37.8704702],[178.3191726,-37.8706301],[178.3191279,-37.8707148],[178.3190716,-37.8708074],[178.3190173,-37.8708699],[178.3189474,-37.870944],[178.3188667,-37.8710112],[178.3187737,-37.8710803],[178.31869,-37.8711281],[178.3185939,-37.8711781],[178.3184942,-37.87122],[178.3183791,-37.8712571],[178.3182677,-37.8712863],[178.3180725,-37.8713266],[178.3176137,-37.8714088],[178.3170653,-37.8715029],[178.3157308,-37.871733],[178.3142079,-37.8719969],[178.3137232,-37.8720801],[178.313612,-37.8720997]]}},{"type":"Feature","properties":{"asset_id":9072},"geometry":{"type":"LineString","coordinates":[[178.3136119,-37.8720997],[178.3134995,-37.8721195],[178.3132659,-37.8721638],[178.3130567,-37.8722092],[178.3128503,-37.8722593],[178.3127296,-37.8722951],[178.3126217,-37.8723294],[178.3125198,-37.8723692],[178.3123977,-37.8724208],[178.3122125,-37.8725009],[178.3119133,-37.8726432],[178.3117232,-37.8727425],[178.3115379,-37.8728502],[178.3114451,-37.872913],[178.3113591,-37.8729758],[178.3112011,-37.8731067],[178.3110466,-37.8732514],[178.310909,-37.8733949],[178.3107597,-37.873563],[178.3106489,-37.8736984],[178.3105354,-37.8738439],[178.3104603,-37.8739546],[178.3103544,-37.8741425],[178.3102939,-37.8742727],[178.3102213,-37.8744579],[178.3101682,-37.874625],[178.3101193,-37.8748123],[178.3100825,-37.8749708],[178.310057,-37.8751515],[178.310046,-37.8752557],[178.3100425,-37.8753551],[178.3100391,-37.8754387],[178.3100388,-37.8755401],[178.310048,-37.8757193],[178.3100943,-37.8764448],[178.3100953,-37.8765786],[178.3100856,-37.8767172],[178.3100718,-37.8768491],[178.3100485,-37.8769841],[178.3100029,-37.8771695],[178.3099504,-37.8773508],[178.3098884,-37.8775151],[178.3098124,-37.877677],[178.3097625,-37.8777721],[178.309702,-37.8778742]]}},{"type":"Feature","properties":{"asset_id":9071},"geometry":{"type":"LineString","coordinates":[[178.309702,-37.8778743],[178.309646,-37.8779688],[178.3090529,-37.878888],[178.3087044,-37.8794231],[178.3084955,-37.8797258],[178.3084389,-37.87982],[178.3083833,-37.8799413],[178.3083418,-37.8800408],[178.3083109,-37.880126],[178.3082824,-37.8802152],[178.3080923,-37.8808331],[178.3080661,-37.880891],[178.3080333,-37.8809488],[178.3079706,-37.8810314],[178.307928,-37.881078],[178.3078647,-37.8811318],[178.3077599,-37.8811919],[178.3076587,-37.8812342],[178.3075478,-37.8812686],[178.3074154,-37.8812945],[178.3073138,-37.8813146],[178.307257,-37.8813225],[178.3072043,-37.8813272],[178.3068859,-37.8813578],[178.3065071,-37.8813905],[178.3060376,-37.8814331],[178.3057585,-37.8814577],[178.3054003,-37.8814914],[178.3050422,-37.881523],[178.304841,-37.8815361],[178.3046451,-37.881546],[178.3044405,-37.8815511],[178.3042104,-37.8815419],[178.3039836,-37.8815213],[178.3037549,-37.8814864],[178.3033023,-37.8814116],[178.3029814,-37.8813605],[178.3028425,-37.881345],[178.3027551,-37.8813364],[178.3026482,-37.8813326],[178.3025273,-37.8813361],[178.3024056,-37.8813476],[178.302292,-37.8813655],[178.3021932,-37.8813835],[178.3020702,-37.881412],[178.3018707,-37.8814491],[178.3017592,-37.8814602],[178.301643,-37.8814632],[178.3015341,-37.8814563],[178.3014287,-37.8814445],[178.3013,-37.8814209],[178.3010036,-37.8813528],[178.3005746,-37.8812479],[178.3003532,-37.8811964],[178.3001425,-37.8811661],[178.299984,-37.8811648],[178.2998335,-37.881175],[178.2996627,-37.8812137],[178.29952,-37.8812687],[178.299386,-37.8813418],[178.2992735,-37.881419],[178.2992113,-37.8814745],[178.2990936,-37.8815805],[178.29898,-37.8816918],[178.2987527,-37.8819123],[178.2975443,-37.8831072],[178.2972905,-37.8833586],[178.2964555,-37.8841824],[178.295624,-37.8850083],[178.2952697,-37.8853596],[178.2948691,-37.8857528],[178.2945314,-37.8860837],[178.2939036,-37.8867047],[178.2937968,-37.8868157],[178.2937329,-37.8868927],[178.2936426,-37.8870045],[178.2935662,-37.8871339],[178.2935192,-37.8872422],[178.293464,-37.88739],[178.293427,-37.8875137],[178.2933819,-37.8876839],[178.293338,-37.8878984],[178.2933181,-37.8880313],[178.2933092,-37.8881269],[178.2933061,-37.8882429],[178.2933103,-37.888332],[178.29332,-37.8884294],[178.2933451,-37.8885305],[178.2933635,-37.8886009],[178.2933873,-37.8886671],[178.293435,-37.8887943],[178.2934921,-37.8889173],[178.2938926,-37.8897762],[178.2943973,-37.8908514],[178.2944911,-37.8910448],[178.2945899,-37.8912183],[178.2946809,-37.8913632],[178.2947773,-37.8915071],[178.2950511,-37.8919038],[178.2951021,-37.891981],[178.2951506,-37.8920646],[178.2952219,-37.892218],[178.2952774,-37.8923721],[178.2953102,-37.8925456],[178.2953229,-37.8926725],[178.2953231,-37.8928422],[178.2953165,-37.8930119]]}},{"type":"Feature","properties":{"asset_id":4824},"geometry":{"type":"LineString","coordinates":[[178.4078195,-37.7976558],[178.4072684,-37.7980795],[178.4071014,-37.7981991],[178.4069406,-37.798296],[178.4067911,-37.7983736],[178.4066963,-37.7984209],[178.4066041,-37.7984661],[178.4064962,-37.7985121],[178.4063802,-37.7985539],[178.405988,-37.7986758],[178.4051946,-37.7989069],[178.4043971,-37.7991438],[178.4028257,-37.7996038],[178.4026046,-37.7996641],[178.4023662,-37.7997222],[178.4021401,-37.7997676],[178.4019259,-37.7998029],[178.4017117,-37.7998277],[178.401476,-37.7998449],[178.4010216,-37.7998674],[178.4007492,-37.7998801],[178.4000662,-37.7999108],[178.3993591,-37.7999415],[178.3986587,-37.7999722],[178.3983105,-37.7999918],[178.3980278,-37.8000072],[178.3977531,-37.8000284],[178.3973925,-37.8000594],[178.3968952,-37.8001064],[178.396094,-37.8001851],[178.395828,-37.8002045],[178.3950343,-37.8002706],[178.3948236,-37.8002883],[178.3946076,-37.8003171],[178.3944579,-37.8003403],[178.3943203,-37.8003667],[178.3940713,-37.800426],[178.3938735,-37.8004823],[178.3936467,-37.8005582],[178.3934428,-37.8006342],[178.3932775,-37.8007047],[178.3931377,-37.8007709],[178.3929088,-37.8008822],[178.392751,-37.8009688],[178.3925713,-37.8010773],[178.3923848,-37.8012027],[178.3922193,-37.8013224],[178.3920604,-37.8014453],[178.3919022,-37.8015745],[178.3917632,-37.8016949],[178.391598,-37.8018483],[178.3911758,-37.802264],[178.3909602,-37.8024842],[178.3904041,-37.8030464],[178.3902663,-37.8031855],[178.3900262,-37.8034296],[178.3896824,-37.8037795],[178.3893446,-37.8041267],[178.3891092,-37.8043719],[178.3889858,-37.8045107],[178.3888634,-37.8046646],[178.388796,-37.8047602],[178.3887471,-37.8048319],[178.3886942,-37.8049105],[178.388642,-37.8049935],[178.3884826,-37.8052374],[178.3884003,-37.8053534],[178.3883026,-37.8054794],[178.3881873,-37.8056072],[178.3880493,-37.8057477],[178.3879414,-37.8058528],[178.38782,-37.8059559],[178.3876993,-37.8060456],[178.3875753,-37.8061317],[178.3874502,-37.8062125],[178.3873432,-37.8062779],[178.387105,-37.8064062],[178.3869964,-37.8064582],[178.3868925,-37.8065049],[178.3867384,-37.8065687],[178.3865909,-37.8066242],[178.3863979,-37.8066871],[178.3862431,-37.8067329],[178.3860856,-37.8067712],[178.3859429,-37.8068004],[178.3857935,-37.8068265],[178.3855013,-37.8068733],[178.3849492,-37.8069584],[178.3845584,-37.8070228],[178.3844153,-37.8070496],[178.3842883,-37.8070808],[178.3841779,-37.8071089],[178.3840755,-37.8071456],[178.3839684,-37.8071892],[178.383876,-37.8072387],[178.3837899,-37.8072939],[178.3837032,-37.8073598],[178.3835513,-37.8074889],[178.3822398,-37.8087556],[178.3814701,-37.8094959],[178.3812432,-37.8097132],[178.3811014,-37.8098487],[178.3809382,-37.8100054],[178.3807782,-37.8101698],[178.3807077,-37.8102459],[178.3806425,-37.810322],[178.3805521,-37.8104449],[178.3804617,-37.8105857],[178.3803185,-37.8108346],[178.3795282,-37.8121976],[178.3793601,-37.812484],[178.3789263,-37.8132288],[178.3787345,-37.8135561],[178.3786768,-37.8136471],[178.3786064,-37.8137503],[178.3785167,-37.81387],[178.3784444,-37.8139544],[178.3783211,-37.8140803],[178.3781924,-37.8142041],[178.3777975,-37.8145653],[178.3770848,-37.8152336],[178.3769162,-37.8154025],[178.3768205,-37.8154951],[178.3767315,-37.8155899],[178.3765239,-37.8158195],[178.3763016,-37.8160656],[178.3760829,-37.816295],[178.3759111,-37.8164483],[178.3757492,-37.8165673],[178.3755496,-37.8166958],[178.3751454,-37.8169162],[178.3749262,-37.8170389],[178.3748303,-37.8171005],[178.3746902,-37.817197],[178.37453,-37.8173282],[178.3738039,-37.81797],[178.373576,-37.818152],[178.3733373,-37.8183319],[178.3725807,-37.8188813],[178.3719577,-37.8193286],[178.3713333,-37.8197728],[178.3710769,-37.8199509],[178.3707629,-37.8201506],[178.3705841,-37.8202544],[178.3703511,-37.8203576],[178.3701426,-37.8204281],[178.3693823,-37.8206463],[178.3691687,-37.8207041],[178.3690101,-37.8207491],[178.3687546,-37.8208406],[178.3685619,-37.8209187],[178.3683699,-37.8210068],[178.3678933,-37.8212698],[178.3676893,-37.8213555],[178.3675863,-37.821382],[178.3674698,-37.8214016],[178.3673155,-37.8214036],[178.3671489,-37.8213798],[178.3670297,-37.8213565],[178.3668314,-37.8213079],[178.3665931,-37.8212452],[178.3662342,-37.821146],[178.3660843,-37.8211126],[178.3659491,-37.8210882],[178.3657672,-37.8210656],[178.3656042,-37.8210468],[178.3653783,-37.8210326],[178.3651524,-37.8210312],[178.3646592,-37.821024],[178.3645156,-37.8210197],[178.3643776,-37.8210018],[178.3642289,-37.8209687],[178.3640781,-37.8209239],[178.3638151,-37.8208253],[178.3637041,-37.820785],[178.3635843,-37.8207542],[178.3634716,-37.8207378],[178.3633495,-37.8207321],[178.3630064,-37.8207343],[178.3628925,-37.8207317],[178.3627804,-37.8207266],[178.3626191,-37.8207001],[178.3624962,-37.8206652],[178.3623826,-37.8206292],[178.3619464,-37.8204525],[178.3617408,-37.8203762],[178.3615439,-37.8203137],[178.3609839,-37.82018],[178.360871,-37.8201498],[178.360724,-37.8201074],[178.3605124,-37.8200301],[178.3600567,-37.8197796],[178.3599317,-37.8197165],[178.3597907,-37.8196611],[178.3595793,-37.8195856],[178.3592374,-37.8194829],[178.3590317,-37.8194277],[178.3588622,-37.8193878],[178.358719,-37.8193696],[178.3585838,-37.819363],[178.3584191,-37.8193619],[178.3582865,-37.8193703],[178.3580668,-37.8193958],[178.3573751,-37.8195039],[178.357253,-37.819516],[178.3571128,-37.8195224],[178.3569598,-37.8195171],[178.3568045,-37.8195028],[178.3566493,-37.8194821],[178.3563682,-37.8194456],[178.3560991,-37.8194217],[178.3559374,-37.8194156],[178.3557722,-37.8194222],[178.3555909,-37.8194436],[178.3554357,-37.8194825],[178.3552439,-37.8195433],[178.3549764,-37.8196447],[178.3547216,-37.8197541],[178.3540525,-37.8200735],[178.353852,-37.8201633],[178.3536476,-37.8202499],[178.3533366,-37.8203732],[178.3526361,-37.8206253],[178.351827,-37.8209118],[178.3509783,-37.8212109],[178.3501257,-37.8215059],[178.3499055,-37.8215752],[178.3496879,-37.8216382],[178.3496044,-37.8216607],[178.349545,-37.8216757],[178.3494149,-37.8217068],[178.3491525,-37.821767],[178.3471184,-37.8222269],[178.3464433,-37.8223801]]}},{"type":"Feature","properties":{"asset_id":4822},"geometry":{"type":"LineString","coordinates":[[178.3896775,-37.7858518],[178.3898323,-37.7861827],[178.3899622,-37.7864627],[178.3901062,-37.7867747],[178.3902522,-37.7870905],[178.3903613,-37.7873455],[178.3904115,-37.7874701],[178.390428,-37.7875185],[178.3904389,-37.7875508],[178.3904951,-37.7877061],[178.3905272,-37.7878164],[178.3905934,-37.7880317],[178.3906548,-37.7882677],[178.3907156,-37.7884978],[178.3908335,-37.7889772],[178.3909448,-37.789464],[178.3909751,-37.7895912],[178.3910235,-37.7897179],[178.3910647,-37.7898055],[178.3911105,-37.7898878],[178.3911724,-37.7899828],[178.3912218,-37.7900529],[178.3912792,-37.7901266],[178.3913423,-37.7902001],[178.3914402,-37.790298],[178.3916408,-37.7904955],[178.3917628,-37.790623],[178.391921,-37.7908218],[178.3920517,-37.7910201],[178.392101,-37.791093],[178.3921569,-37.7911649],[178.3922242,-37.7912374],[178.3922988,-37.7913084],[178.3923473,-37.7913449],[178.3924018,-37.791384],[178.3924652,-37.7914242],[178.3925548,-37.7914771],[178.3926711,-37.7915368],[178.3928827,-37.7916199],[178.3935081,-37.7918245],[178.3936543,-37.7918772],[178.3938005,-37.7919351],[178.3940111,-37.7920213],[178.3942039,-37.7921061],[178.3947476,-37.7923589],[178.3955334,-37.7927346],[178.3963109,-37.793106],[178.3970738,-37.7934701],[178.3979791,-37.7939003],[178.3991177,-37.7944425],[178.4001371,-37.7949188],[178.400594,-37.7951297],[178.4007129,-37.7951773],[178.4008078,-37.7952132],[178.4009127,-37.7952474],[178.401012,-37.7952762],[178.4011305,-37.7953054],[178.401338,-37.7953434],[178.4015656,-37.7953787],[178.4018962,-37.7954157],[178.40233,-37.7954496],[178.4031455,-37.7955016],[178.4034645,-37.7955129],[178.4036843,-37.7955105],[178.4039063,-37.795494],[178.4040606,-37.7954707],[178.4042177,-37.7954393],[178.4043472,-37.7954057],[178.4045062,-37.7953575],[178.4047389,-37.7952752],[178.4049141,-37.7952173],[178.4050516,-37.7951796],[178.4051784,-37.7951547],[178.4052957,-37.7951404],[178.4054027,-37.7951349],[178.4055123,-37.7951363],[178.4056343,-37.7951444],[178.4057926,-37.7951642],[178.405955,-37.7951905],[178.4061022,-37.7952245],[178.4062488,-37.7952575],[178.4064412,-37.7953164],[178.4065859,-37.7953678],[178.4069465,-37.7955124],[178.407047,-37.7955552],[178.4071361,-37.7955935],[178.4072289,-37.7956282],[178.4073257,-37.7956598],[178.4074017,-37.7956838],[178.4074737,-37.7957004],[178.407543,-37.795716],[178.4076123,-37.7957273],[178.4077628,-37.7957407],[178.4079253,-37.7957455],[178.4083703,-37.7957298],[178.4085422,-37.7957327],[178.408716,-37.7957452],[178.4088858,-37.7957655],[178.4090529,-37.79579],[178.4092545,-37.7958154],[178.4093891,-37.7958238],[178.4095115,-37.7958256],[178.4096259,-37.7958168],[178.4097244,-37.7957951],[178.4098121,-37.7957572],[178.4099051,-37.7957019],[178.4099918,-37.7956394],[178.4100825,-37.79557],[178.4101645,-37.7955076],[178.4102361,-37.7954664]]}},{"type":"Feature","properties":{"asset_id":4823},"geometry":{"type":"LineString","coordinates":[[178.4102361,-37.7954664],[178.4102491,-37.7954589],[178.410312,-37.7954347],[178.4103642,-37.7954243],[178.4103895,-37.7954216],[178.4104095,-37.7954232],[178.4104607,-37.7954332],[178.4104902,-37.7954472],[178.4105224,-37.7954696],[178.4105673,-37.7955151],[178.4106245,-37.7955974],[178.4107681,-37.7958404],[178.4107856,-37.7958905],[178.410787,-37.795931],[178.4107839,-37.7959409],[178.4107767,-37.7959632],[178.410749,-37.7960029],[178.4107176,-37.7960296],[178.4106647,-37.7960627],[178.4094886,-37.7965946],[178.4092787,-37.7966906],[178.4091366,-37.7967594],[178.4089879,-37.7968262],[178.4088902,-37.7968738],[178.4087527,-37.7969572],[178.4086437,-37.7970286],[178.4085341,-37.7971064],[178.4078197,-37.7976556]]}},{"type":"Feature","properties":{"asset_id":4821},"geometry":{"type":"LineString","coordinates":[[178.359129,-37.7306036],[178.3592705,-37.730866],[178.3594162,-37.7311256],[178.3597187,-37.7316975],[178.3600273,-37.732262],[178.360188,-37.7325488],[178.3603426,-37.7328329],[178.3604142,-37.7329528],[178.3604969,-37.7330621],[178.3606024,-37.733164],[178.3606787,-37.7332201],[178.3607657,-37.7332721],[178.360867,-37.7333164],[178.360971,-37.7333512],[178.3610804,-37.7333778],[178.3612484,-37.733399],[178.361417,-37.7334091],[178.3616763,-37.7334137],[178.3619637,-37.7334124],[178.3621993,-37.7334137],[178.3623803,-37.7334149],[178.3625292,-37.7334237],[178.3626216,-37.7334402],[178.3627287,-37.7334716],[178.3628272,-37.7335074],[178.362917,-37.7335606],[178.3629936,-37.7336128],[178.3630668,-37.7336708],[178.3631463,-37.7337402],[178.363291,-37.7338843],[178.3633888,-37.7339935],[178.3634417,-37.7340634],[178.3634811,-37.7341318],[178.3635072,-37.7341864],[178.3635325,-37.7342483],[178.3635517,-37.7343341],[178.3635581,-37.7344103],[178.3635494,-37.7344887],[178.3635294,-37.734563],[178.3634923,-37.734653],[178.3634439,-37.7347324],[178.3633727,-37.7348107],[178.3632979,-37.7348812],[178.3631332,-37.7350015],[178.3627954,-37.7352298],[178.3626915,-37.7353066],[178.3626179,-37.7353653],[178.3625478,-37.7354325],[178.362485,-37.7355024],[178.3624234,-37.7355773],[178.3623652,-37.7356635],[178.3623266,-37.7357439],[178.362292,-37.7358344],[178.3622608,-37.7359239],[178.3622322,-37.7360145],[178.3621952,-37.7361347],[178.3621365,-37.7364149],[178.3620818,-37.7366972],[178.362052,-37.7367945],[178.3620222,-37.7368718],[178.3619809,-37.7369551],[178.3619375,-37.7370299],[178.3618795,-37.7371062],[178.3618188,-37.7371793],[178.3617107,-37.7372801],[178.3616254,-37.7373443],[178.361532,-37.7374113],[178.3614291,-37.7374719],[178.360395,-37.7379834],[178.36025,-37.7380694],[178.3601882,-37.7381135],[178.3601283,-37.7381555],[178.3600705,-37.7381991],[178.359995,-37.7382673],[178.3599217,-37.7383388],[178.3598624,-37.7384129],[178.3598095,-37.7384952],[178.3597714,-37.7385767],[178.3597548,-37.7386179],[178.3597384,-37.7386631],[178.3597107,-37.7387534],[178.3596839,-37.7388424],[178.3596511,-37.7389681],[178.3595599,-37.7393652],[178.3595258,-37.7394797],[178.3594784,-37.7395863],[178.3594076,-37.7397171],[178.3593016,-37.7398781],[178.3591949,-37.7400328],[178.3591464,-37.7400994],[178.3591114,-37.7401682],[178.3590762,-37.7402475],[178.3590517,-37.7403429],[178.3590274,-37.7404325],[178.3589817,-37.7405911],[178.3589066,-37.7408864],[178.3588723,-37.7410441],[178.3588638,-37.7411396],[178.3588601,-37.7412256],[178.3588612,-37.7413094],[178.3588704,-37.7414292],[178.3589101,-37.7415822],[178.3589404,-37.7416726],[178.358974,-37.7417527],[178.3590182,-37.7418391],[178.3590693,-37.7419224],[178.3591186,-37.741988],[178.3591988,-37.7420827],[178.3594595,-37.7423731],[178.3597255,-37.7426646],[178.3600842,-37.7430619],[178.3604361,-37.7434539],[178.3605067,-37.7435292],[178.3605679,-37.7435949],[178.360652,-37.7436711],[178.360734,-37.7437255],[178.3608268,-37.7437714],[178.3608839,-37.7437951],[178.3609329,-37.7438131],[178.3610464,-37.7438469],[178.3611945,-37.7438837],[178.361411,-37.7439359],[178.3615358,-37.7439722],[178.3616305,-37.7440091],[178.3617017,-37.7440449],[178.3617857,-37.7441056],[178.3618636,-37.7441781],[178.3619071,-37.7442379],[178.361954,-37.7443247],[178.3619766,-37.744417],[178.3619777,-37.7445007],[178.3619674,-37.7445921],[178.3619469,-37.7446829],[178.3619186,-37.7447625],[178.3618058,-37.7450383],[178.3617781,-37.7451216],[178.3617584,-37.7452095],[178.3617507,-37.745289],[178.361762,-37.745373],[178.3617899,-37.7454776],[178.3618331,-37.7455652],[178.3619254,-37.7457198],[178.3623647,-37.7463825],[178.3628193,-37.7470739],[178.3628691,-37.7471641],[178.362908,-37.7472373],[178.3629436,-37.7473205],[178.362971,-37.7474095],[178.3629859,-37.7474975],[178.3629914,-37.747586],[178.362983,-37.7476791],[178.3629683,-37.7477718],[178.3629469,-37.747856],[178.3629178,-37.7479445],[178.3628866,-37.7480315],[178.3627589,-37.7483676],[178.3626943,-37.748533],[178.3626593,-37.7486349],[178.3626344,-37.7487209],[178.3626157,-37.7488114],[178.3626067,-37.7489055],[178.3626064,-37.748991],[178.3626133,-37.7490836],[178.3626255,-37.7491708],[178.3627238,-37.7498842],[178.362735,-37.7499804],[178.362746,-37.7500667],[178.3627583,-37.7501551],[178.3627808,-37.7502429],[178.3628081,-37.7503239],[178.3628412,-37.7504122],[178.3628811,-37.7504909],[178.3629346,-37.7505693],[178.3629949,-37.7506393],[178.3630739,-37.7507156],[178.3636004,-37.7511736],[178.3638115,-37.7513703],[178.3639494,-37.751518],[178.3639999,-37.7515939],[178.364043,-37.751675],[178.3640768,-37.7517624],[178.3640971,-37.7518456],[178.3641081,-37.7519325],[178.364113,-37.75203],[178.3640796,-37.7528786],[178.3640657,-37.7530078],[178.3640487,-37.7531096],[178.3640183,-37.7531986],[178.3639865,-37.7532648],[178.3639673,-37.7533],[178.3639374,-37.7533416],[178.3638747,-37.7534067],[178.3638,-37.7534728],[178.3637164,-37.7535284],[178.3635115,-37.7536355],[178.3625314,-37.754127],[178.3616549,-37.7545671],[178.3615298,-37.7546346],[178.3614646,-37.7546737],[178.3614074,-37.7547096],[178.3613678,-37.7547401],[178.3613483,-37.7547589],[178.3613079,-37.7547977],[178.3612656,-37.7548517],[178.3612259,-37.7549142],[178.3611944,-37.7549809],[178.3611722,-37.7550561],[178.3611566,-37.755131],[178.3611357,-37.7553077],[178.3611178,-37.7554982],[178.3611066,-37.7557587],[178.3610942,-37.7559223],[178.3610912,-37.7560784],[178.3611001,-37.7562522],[178.3611346,-37.7564398],[178.3611827,-37.7566918],[178.3612576,-37.7570138],[178.3613119,-37.7572283],[178.3614642,-37.7577545],[178.3614831,-37.7578384],[178.3614967,-37.757918],[178.3615346,-37.7581917],[178.3615477,-37.7582506],[178.3615689,-37.758301],[178.3616422,-37.7584527],[178.3617074,-37.7585869],[178.3617378,-37.758668],[178.3617484,-37.7587283],[178.3617611,-37.7587838],[178.3617685,-37.7588669],[178.3617733,-37.7589699],[178.3617735,-37.7590574],[178.3617569,-37.7591518],[178.361729,-37.7592377],[178.3616899,-37.7593241],[178.3616407,-37.7594216],[178.3615435,-37.7595773],[178.3614417,-37.7597176],[178.3612348,-37.7599801],[178.3611498,-37.7600855],[178.3610689,-37.7601988],[178.3609753,-37.7603371],[178.3609031,-37.7604456],[178.3607956,-37.7606247],[178.3607043,-37.7608059],[178.3605464,-37.7611333],[178.3604378,-37.7613771],[178.3602882,-37.7617417],[178.3602093,-37.7619623],[178.3601411,-37.7621782],[178.3601119,-37.7623123],[178.3601027,-37.7624522],[178.3601085,-37.7627246],[178.3601566,-37.7629607],[178.3602174,-37.7631978],[178.3602614,-37.763525],[178.3602805,-37.7636708],[178.3602934,-37.7638258],[178.3603106,-37.7639639],[178.3603264,-37.7641419],[178.3603547,-37.764317],[178.3603722,-37.7643925],[178.3604192,-37.7645336],[178.3604588,-37.7646334],[178.3605722,-37.7648849],[178.3607968,-37.7653558],[178.3610374,-37.7658289],[178.3612046,-37.7661208],[178.3613142,-37.7662902],[178.3614375,-37.7664578],[178.3616098,-37.7666716],[178.3619035,-37.7670201],[178.3621805,-37.7673246],[178.3624482,-37.7676028],[178.3627239,-37.7678789],[178.3629695,-37.7681112],[178.3630457,-37.7681747],[178.363126,-37.768235],[178.3632425,-37.7683104],[178.3633643,-37.7683694],[178.3634619,-37.7684072],[178.3635601,-37.7684323],[178.3636512,-37.7684462],[178.3637523,-37.7684522],[178.3639388,-37.7684486],[178.3645706,-37.7684048],[178.3647682,-37.7683805],[178.3648704,-37.7683614],[178.3649511,-37.7683412],[178.3650344,-37.7683115],[178.3651531,-37.7682598],[178.3652611,-37.768206],[178.3653367,-37.7681566],[178.3654056,-37.7681062],[178.3655427,-37.7680032],[178.365664,-37.7679071],[178.3657381,-37.7678569],[178.3658303,-37.767802],[178.3659239,-37.7677512],[178.3660397,-37.7676924],[178.3661696,-37.7676326],[178.3662957,-37.767579],[178.3664419,-37.7675265],[178.3665422,-37.7675051],[178.3666284,-37.7674954],[178.3666871,-37.7674932],[178.3667505,-37.7675],[178.3668527,-37.7675174],[178.3669697,-37.7675471],[178.3672421,-37.7676412],[178.367374,-37.7676835],[178.3674991,-37.7677183],[178.3676031,-37.7677425],[178.367711,-37.7677613],[178.3678695,-37.7677798],[178.3679505,-37.7677853],[178.3680314,-37.7677876],[178.3682372,-37.7677863],[178.3686635,-37.7677658],[178.3688205,-37.7677694],[178.3689321,-37.7677828],[178.3690371,-37.7678084],[178.369143,-37.7678467],[178.3692384,-37.7678879],[178.3693351,-37.7679429],[178.3694198,-37.768004],[178.3695068,-37.7680737],[178.3696809,-37.7682334],[178.3699413,-37.7684745],[178.3704381,-37.7689227],[178.3709265,-37.7693721],[178.3713726,-37.7697882],[178.3715054,-37.7699194],[178.3715954,-37.7700141],[178.3716716,-37.7701113],[178.3717392,-37.7702337],[178.3717741,-37.7703201],[178.371819,-37.7704473],[178.3718619,-37.770575],[178.3718957,-37.7706636],[178.3719242,-37.7707242],[178.37196,-37.7707837],[178.3720032,-37.7708463],[178.372066,-37.7709148],[178.3721389,-37.7709738],[178.3722312,-37.7710269],[178.3723387,-37.7710795],[178.3724543,-37.771132],[178.3728299,-37.7712763],[178.3729581,-37.7713171],[178.3730654,-37.7713399],[178.3731916,-37.7713536],[178.373418,-37.7713663],[178.3736376,-37.7713886],[178.3737588,-37.7714105],[178.3738726,-37.7714366],[178.3739657,-37.7714677],[178.3740675,-37.7715072],[178.3741672,-37.7715561],[178.3742642,-37.7716088],[178.3744195,-37.7717135],[178.3745049,-37.7717669],[178.374601,-37.7718108],[178.3746994,-37.7718421],[178.3748643,-37.7718782],[178.3750293,-37.7719096],[178.3751877,-37.7719393],[178.375265,-37.7719593],[178.3753315,-37.7719836],[178.3754236,-37.7720216],[178.375519,-37.772076],[178.3757516,-37.7722187],[178.376342,-37.7725691],[178.3764257,-37.7726131],[178.3765174,-37.7726539],[178.3766168,-37.7726912],[178.3767236,-37.7727222],[178.3768532,-37.7727484],[178.3769661,-37.7727645],[178.3770619,-37.7727747],[178.3771711,-37.7727807],[178.3776396,-37.7728133],[178.3777792,-37.7728331],[178.3778588,-37.7728475],[178.3779343,-37.7728662],[178.3780418,-37.7728982],[178.3781379,-37.7729392],[178.3782319,-37.7729863],[178.3783185,-37.7730392],[178.3784002,-37.7731026],[178.3784699,-37.7731681],[178.3785391,-37.7732549],[178.3785802,-37.7733119],[178.3786344,-37.7734036],[178.3789259,-37.773984],[178.3790876,-37.7742773],[178.3792581,-37.7745658],[178.3793243,-37.7746897],[178.3793678,-37.7747786],[178.3794147,-37.7748955],[178.379438,-37.7749801],[178.3794581,-37.7750768],[178.3794647,-37.7751725],[178.3794634,-37.775348],[178.3794467,-37.7755804],[178.3794393,-37.7757894],[178.3794409,-37.7758681],[178.3794506,-37.7759913],[178.379469,-37.7760921],[178.3794954,-37.776193],[178.3795239,-37.77627],[178.3795645,-37.7763491],[178.3796157,-37.7764288],[178.379679,-37.7765027],[178.3797525,-37.7765756],[178.3798287,-37.7766374],[178.379911,-37.7766942],[178.3799959,-37.7767495],[178.3803438,-37.7769635],[178.3806526,-37.7771461],[178.3815995,-37.7777271],[178.3830555,-37.7786128],[178.3838445,-37.7790984],[178.3841934,-37.7793133],[178.3845396,-37.7795304],[178.3850171,-37.7798529],[178.3861871,-37.7806794],[178.3866926,-37.7810402],[178.3869088,-37.7811976],[178.3870096,-37.781272],[178.387117,-37.781355],[178.3872727,-37.7814905],[178.3874257,-37.7816302],[178.3876849,-37.7819023],[178.3878095,-37.7820593],[178.3878729,-37.7821449],[178.387919,-37.7822057],[178.3880661,-37.782458],[178.3883003,-37.7829107],[178.3885103,-37.7833591],[178.3889357,-37.7842642],[178.3891193,-37.7846635],[178.3893096,-37.7850628],[178.3894889,-37.7854552],[178.3896775,-37.7858518]]}},{"type":"Feature","properties":{"asset_id":4818},"geometry":{"type":"LineString","coordinates":[[178.2602314,-37.5990659],[178.260343,-37.5992793],[178.2604453,-37.5994939],[178.2607502,-37.6000966],[178.2610606,-37.6006994],[178.2613709,-37.6012994],[178.2615221,-37.6016],[178.2616003,-37.6017572],[178.2616846,-37.6019218],[178.2618799,-37.602311],[178.2620712,-37.6027119],[178.2624504,-37.6035004],[178.2625408,-37.6036847],[178.2625912,-37.6037737],[178.262658,-37.6038874],[178.2627355,-37.6039991],[178.2628618,-37.6041571],[178.2629801,-37.6042789],[178.2630767,-37.6043684],[178.2632196,-37.6044861],[178.2633264,-37.604564],[178.2634641,-37.6046526],[178.263577,-37.6047172],[178.2637107,-37.6047819],[178.2638965,-37.6048603],[178.2640916,-37.6049265],[178.2642369,-37.6049675],[178.2643876,-37.6050031],[178.2645226,-37.6050288],[178.2646368,-37.6050442],[178.2647323,-37.605057],[178.264941,-37.6050666],[178.2650848,-37.6050677],[178.2653069,-37.6050584],[178.2654233,-37.605049],[178.265535,-37.6050332],[178.2656729,-37.6050103],[178.265847,-37.6049741],[178.2660711,-37.6049151],[178.2665084,-37.6047855],[178.2667338,-37.6047205],[178.2669832,-37.6046564],[178.2674714,-37.6045446],[178.2678938,-37.604447],[178.2681279,-37.6043971],[178.2683184,-37.6043647],[178.2688123,-37.604281],[178.2689722,-37.6042484],[178.2691969,-37.604196],[178.2694059,-37.6041288],[178.2695221,-37.6040869],[178.2696155,-37.6040439],[178.2697532,-37.6039759],[178.2698856,-37.6039037],[178.2702796,-37.6036726],[178.2706777,-37.6034415],[178.2713191,-37.6030721],[178.2719767,-37.6027133],[178.2721767,-37.6026071],[178.2722761,-37.6025566],[178.2723741,-37.6025136],[178.2724768,-37.602473],[178.2725728,-37.602442],[178.272633,-37.6024259],[178.2726905,-37.6024151],[178.272748,-37.6024038],[178.2728585,-37.6023893],[178.272904,-37.6023852],[178.2730185,-37.6023827],[178.2730974,-37.6023835],[178.2732065,-37.6023858],[178.2733519,-37.6023999],[178.2734964,-37.6024222],[178.2736758,-37.6024636],[178.2737744,-37.6024893],[178.2745194,-37.6027232],[178.2746141,-37.6027467],[178.2747383,-37.6027679],[178.2748611,-37.602782],[178.2749865,-37.6027859],[178.2751371,-37.602781],[178.2752864,-37.6027703],[178.275542,-37.6027287],[178.2762048,-37.6026098],[178.2765388,-37.6025478],[178.2766228,-37.6025254],[178.2767041,-37.602501],[178.276852,-37.6024424],[178.276951,-37.6023928],[178.2770473,-37.6023326],[178.2771429,-37.6022722],[178.2772493,-37.6021916],[178.2774003,-37.6020559],[178.2776113,-37.6018385],[178.2777699,-37.6016754],[178.2780563,-37.6013703],[178.2783943,-37.6010132],[178.2787297,-37.6006518],[178.2788024,-37.6005756],[178.2788804,-37.6005015],[178.2789505,-37.6004296],[178.279058,-37.6003364],[178.2792188,-37.6001909],[178.2793984,-37.6000443],[178.2795244,-37.5999437],[178.279649,-37.5998462],[178.2799238,-37.5996577],[178.2809262,-37.5989754],[178.2811452,-37.5988146],[178.2813185,-37.598675],[178.2817909,-37.598272],[178.2820848,-37.5980146],[178.2822419,-37.5978869],[178.282338,-37.5978135],[178.2824394,-37.5977444],[178.2826235,-37.5976432],[178.2827117,-37.5975961],[178.2827998,-37.5975468],[178.2830901,-37.5973919],[178.2836071,-37.5971557],[178.2841428,-37.5969323],[178.28468,-37.5967073],[178.2850705,-37.5965342],[178.2851956,-37.5964716],[178.2856909,-37.5962521],[178.2861888,-37.5960411],[178.2871874,-37.5956276],[178.2891689,-37.594789],[178.2917157,-37.5937148],[178.2921492,-37.5935379],[178.2932969,-37.5930788],[178.2935097,-37.5930094],[178.2937078,-37.5929613],[178.2937929,-37.5929424],[178.293878,-37.5929299],[178.2939718,-37.5929147],[178.2940656,-37.5929101],[178.2942137,-37.592902],[178.2943886,-37.5928854],[178.2944997,-37.5928624],[178.2946054,-37.5928329],[178.2948101,-37.5927688],[178.2949218,-37.5927402],[178.2950201,-37.5927224],[178.2951422,-37.592716],[178.2952563,-37.5927224],[178.2957868,-37.5927701],[178.2959391,-37.5927754],[178.2960276,-37.5927752],[178.2961162,-37.5927729],[178.2962933,-37.5927608],[178.2964239,-37.5927442],[178.2965491,-37.5927213],[178.2967794,-37.5926637],[178.2969852,-37.5926123],[178.2971882,-37.5925674],[178.2977259,-37.5924706],[178.297888,-37.5924418],[178.2980555,-37.5924195],[178.2981074,-37.59242],[178.298162,-37.592427],[178.2981949,-37.5924368],[178.2982277,-37.5924529],[178.2982553,-37.5924733],[178.2982801,-37.5925022],[178.2982928,-37.5925403],[178.2982948,-37.5925805],[178.2982725,-37.5926226],[178.2982448,-37.5926626],[178.2982038,-37.5926987],[178.2981587,-37.5927327],[178.298097,-37.5927698],[178.2980327,-37.5928006],[178.2979633,-37.5928248],[178.2978939,-37.5928426],[178.2973099,-37.5929392],[178.297128,-37.5929692],[178.2970024,-37.5930034],[178.2969429,-37.5930205],[178.2968663,-37.5930471],[178.2968218,-37.5930673],[178.2967382,-37.5931051],[178.2966573,-37.5931514],[178.2965973,-37.5931945],[178.2965539,-37.5932288],[178.2965159,-37.5932631],[178.2964429,-37.5933451],[178.296395,-37.5934056],[178.2963552,-37.5934681],[178.2963356,-37.5934989],[178.2963113,-37.5935424],[178.2962983,-37.5935704],[178.2962582,-37.5936641],[178.2962314,-37.5937566],[178.2962128,-37.5938352],[178.2962028,-37.5939158],[178.2962008,-37.5939986],[178.2962043,-37.5941004],[178.2962149,-37.5941918],[178.2962337,-37.5943565],[178.2962414,-37.5944591],[178.2962378,-37.5945581],[178.2962212,-37.5946236],[178.2961978,-37.5946892],[178.2961618,-37.5947542],[178.2961203,-37.594816],[178.2958534,-37.5951119],[178.2958131,-37.5951742],[178.2957969,-37.5952077],[178.2957841,-37.5952412],[178.2957722,-37.5952829],[178.2957736,-37.5953294],[178.295779,-37.5953746],[178.2957924,-37.5954188],[178.2958123,-37.5954707],[178.2958409,-37.5955237],[178.2958922,-37.5955921],[178.2959536,-37.5956594],[178.2960243,-37.5957229],[178.2960989,-37.5957822],[178.2961716,-37.595846],[178.2962282,-37.595914],[178.2962766,-37.5959948],[178.296309,-37.5960873],[178.2963223,-37.5961489],[178.2963222,-37.5962035],[178.2962992,-37.5963835],[178.2962495,-37.5965673],[178.2960799,-37.5970022],[178.2960494,-37.5970842],[178.2960395,-37.5971263],[178.296029,-37.5971694],[178.2960129,-37.5972545],[178.2960082,-37.5973311],[178.2960059,-37.5973864],[178.2960116,-37.5975213],[178.2960112,-37.5976133],[178.2960042,-37.5977052],[178.2959068,-37.598162],[178.2959022,-37.5982216],[178.2958977,-37.5983108],[178.2959022,-37.598403],[178.2959187,-37.5984962],[178.2959444,-37.5985813],[178.2959795,-37.5986649],[178.2960409,-37.5987653],[178.2960897,-37.5988288],[178.2961606,-37.5989088],[178.2962868,-37.5990107],[178.2963349,-37.5990399],[178.2963844,-37.5990669],[178.2964833,-37.5991104],[178.2965901,-37.5991385],[178.2967009,-37.599155],[178.296818,-37.5991576],[178.296931,-37.5991486],[178.2971563,-37.5991284],[178.2974362,-37.5991128],[178.2976505,-37.5990989],[178.2976986,-37.599094],[178.2977876,-37.5990776],[178.2980347,-37.5990097],[178.2981422,-37.5989842],[178.2982624,-37.5989656],[178.2984296,-37.5989523],[178.2986079,-37.5989591],[178.2987809,-37.5989797],[178.2992017,-37.5990755],[178.2993101,-37.5990997],[178.2994246,-37.5991139],[178.2994809,-37.5991172],[178.2995371,-37.5991153],[178.299646,-37.5991025],[178.2997688,-37.5990714],[178.2998876,-37.599036],[178.3000709,-37.5989865],[178.300179,-37.5989652],[178.3002858,-37.5989492],[178.3003906,-37.5989399],[178.3005034,-37.5989337],[178.3007255,-37.5989287],[178.3009164,-37.598931],[178.3010657,-37.5989248],[178.3011764,-37.5989086],[178.3012845,-37.5988829],[178.3014025,-37.5988469],[178.3014936,-37.5988163],[178.301692,-37.598737],[178.3022139,-37.5985105],[178.3024006,-37.5984296],[178.302739,-37.5982837],[178.3029932,-37.5981802],[178.3031233,-37.5981311],[178.3032588,-37.5980819],[178.3036272,-37.5979641],[178.3042624,-37.5977668],[178.3045341,-37.5976843],[178.3046776,-37.5976464],[178.3047856,-37.5976239],[178.3048922,-37.5976079],[178.3050069,-37.5976015],[178.3051315,-37.597602],[178.30523,-37.5976054],[178.3053164,-37.5976136],[178.3054287,-37.5976322],[178.3055451,-37.5976572],[178.3056885,-37.5976996],[178.3058407,-37.5977552],[178.3060621,-37.597849]]}},{"type":"Feature","properties":{"asset_id":4819},"geometry":{"type":"LineString","coordinates":[[178.3060624,-37.5978491],[178.3061334,-37.5978789],[178.3063428,-37.5979679],[178.3064594,-37.5980115],[178.3065352,-37.5980387],[178.3066579,-37.5980684],[178.3068095,-37.5980992],[178.3069305,-37.5981181],[178.3070386,-37.5981265],[178.3071413,-37.5981306],[178.3072511,-37.5981304],[178.3073532,-37.5981266],[178.3074567,-37.5981217],[178.3077847,-37.5981016],[178.3081113,-37.5980752],[178.308459,-37.5980624],[178.3085232,-37.5980578],[178.3086089,-37.5980462],[178.3086791,-37.598031],[178.3087827,-37.5980046],[178.3088849,-37.5979707],[178.3090191,-37.5979103],[178.309097,-37.5978681],[178.3091647,-37.59782],[178.3093093,-37.5977054],[178.3096442,-37.5973129],[178.3096908,-37.5972683],[178.309746,-37.5972205],[178.3097989,-37.5971747],[178.3098559,-37.5971341],[178.3099539,-37.5970727],[178.3100614,-37.5970273],[178.3101495,-37.5969973],[178.3102099,-37.5969772],[178.3102717,-37.5969613],[178.3103852,-37.5969469],[178.3104882,-37.5969426],[178.3105959,-37.5969515],[178.3107122,-37.5969703],[178.3107671,-37.5969836],[178.3108193,-37.5970006],[178.3109163,-37.597042],[178.3114974,-37.5973347],[178.3115918,-37.5973712],[178.3116889,-37.5973976],[178.3117824,-37.5974124],[178.3119061,-37.5974252],[178.3120477,-37.5974276],[178.3122578,-37.5974216],[178.312724,-37.5973751],[178.3133685,-37.5972903],[178.3137952,-37.5972144],[178.3146289,-37.5970561],[178.3148896,-37.5969982],[178.3150166,-37.5969597],[178.3151395,-37.5969212],[178.3152412,-37.5968799],[178.3153415,-37.5968353],[178.3154454,-37.596782],[178.315532,-37.5967245],[178.3155953,-37.5966831],[178.3156533,-37.5966331],[178.3157585,-37.5965354],[178.3158645,-37.5964348],[178.3160475,-37.5962506],[178.3162664,-37.5960115],[178.3167232,-37.5955467],[178.3168663,-37.5954148],[178.3169952,-37.5953182],[178.3171375,-37.5952354],[178.3172297,-37.5951932],[178.3173301,-37.5951532],[178.3175536,-37.5950896],[178.3176851,-37.5950603],[178.3178247,-37.5950332],[178.3183366,-37.594982],[178.3184577,-37.5949591],[178.3185466,-37.5949341],[178.3185991,-37.594916],[178.318649,-37.5948916],[178.3187447,-37.5948428],[178.3189128,-37.5947344],[178.3190786,-37.5946133],[178.3192579,-37.5945038],[178.3193547,-37.5944613],[178.319458,-37.5944267],[178.3195668,-37.5944006],[178.319724,-37.5943674],[178.3199067,-37.5943523],[178.3200575,-37.5943567],[178.320226,-37.594375],[178.3204759,-37.5944111],[178.3206267,-37.5944525],[178.3207545,-37.5945108],[178.3208635,-37.594567],[178.3209406,-37.5946192],[178.3210521,-37.5947145],[178.3211489,-37.5948183],[178.3212556,-37.5949721],[178.3213171,-37.5950902],[178.3213558,-37.5952242],[178.3213779,-37.5953353],[178.3213853,-37.5954571],[178.3213721,-37.5955738],[178.3213414,-37.5956969],[178.3213237,-37.5957704],[178.3212967,-37.5958366],[178.3212497,-37.595923],[178.3211907,-37.5960083],[178.3211163,-37.596092],[178.3210338,-37.5961694],[178.3209131,-37.5962641],[178.3207803,-37.5963525],[178.3206198,-37.5964606],[178.3203863,-37.5966164],[178.3202487,-37.5966976],[178.320146,-37.5967395],[178.3200242,-37.5967781],[178.3199187,-37.5968015],[178.3197796,-37.5968196],[178.3196833,-37.5968303],[178.3195923,-37.5968475],[178.3194788,-37.5968775],[178.3193899,-37.5969171],[178.3193023,-37.5969674],[178.3191523,-37.5970859],[178.3189303,-37.597281],[178.3186802,-37.5974568],[178.3186008,-37.5975149],[178.3185294,-37.5975814],[178.3184739,-37.5976698],[178.3184311,-37.5977447],[178.3183964,-37.5978239],[178.3183713,-37.5979143],[178.3183609,-37.5979971],[178.3183625,-37.5980826],[178.3183722,-37.5981733],[178.3183993,-37.5983288],[178.3184049,-37.5984313],[178.3183995,-37.5985292],[178.3183806,-37.5986144],[178.3183515,-37.5987062],[178.3183318,-37.5987491],[178.3182987,-37.5988097],[178.3182254,-37.5989149],[178.3181709,-37.5989906],[178.3181016,-37.5990577],[178.3178822,-37.5992762],[178.3177375,-37.5994045],[178.3175915,-37.5995295],[178.3174741,-37.599613],[178.3173246,-37.5997114],[178.3172062,-37.5997918],[178.3170569,-37.5998797],[178.3169625,-37.5999536],[178.3168653,-37.6000338],[178.3167682,-37.6001177],[178.3166616,-37.6001964],[178.3165018,-37.6002802],[178.316376,-37.6003285],[178.3162569,-37.6003598],[178.3161218,-37.6003975],[178.3160139,-37.6004265],[178.315949,-37.6004437],[178.3158785,-37.6004701],[178.3158281,-37.6004976],[178.3157767,-37.6005363],[178.3157356,-37.6005752],[178.3156985,-37.6006132],[178.31565,-37.600675],[178.3156164,-37.6007293],[178.3155815,-37.6008077],[178.3155439,-37.6009033],[178.3154715,-37.6011625],[178.3154185,-37.6013272],[178.3153655,-37.6014631],[178.315324,-37.6015467],[178.315265,-37.6016303],[178.3150815,-37.6018743],[178.3146323,-37.6024014],[178.3144284,-37.6026268],[178.3142789,-37.6027809],[178.3141401,-37.6029052],[178.3138447,-37.6031369],[178.3135345,-37.6033569],[178.3134427,-37.6034387],[178.3133885,-37.6035014],[178.3133282,-37.6035911],[178.3132706,-37.6036981],[178.3132049,-37.6038668],[178.3129303,-37.6045445],[178.3127675,-37.6049996],[178.3126142,-37.6054541],[178.3125078,-37.6057111],[178.3124781,-37.6057975],[178.3124505,-37.6058831],[178.312439,-37.6059698],[178.3124285,-37.606053],[178.3124333,-37.6061429],[178.3124466,-37.6062421],[178.3124706,-37.6063318],[178.3125025,-37.6064102],[178.312559,-37.6064914],[178.3126129,-37.606563],[178.3126817,-37.6066371],[178.3128063,-37.606751],[178.3129498,-37.6068713],[178.3131214,-37.6070144],[178.313234,-37.6071109],[178.3140398,-37.6078342],[178.315378,-37.609063],[178.3159277,-37.609563],[178.3164814,-37.6100747],[178.3169211,-37.610482],[178.3171919,-37.6107313],[178.3174306,-37.6109423],[178.3175628,-37.6110593],[178.3177326,-37.6111997],[178.3179274,-37.6113537],[178.3181275,-37.6115023],[178.3188784,-37.6119871],[178.3192492,-37.6122231],[178.3196414,-37.6124761],[178.319876,-37.6126479],[178.3199776,-37.6127265],[178.3200822,-37.6128179],[178.3201777,-37.6129123],[178.3204443,-37.613183],[178.3207546,-37.6134952],[178.3214214,-37.6141728],[178.3219166,-37.6146795],[178.3221592,-37.6149484],[178.3222435,-37.6150558],[178.3223898,-37.615254],[178.3226018,-37.6155796],[178.3227984,-37.6158814],[178.322936,-37.6160727],[178.3230524,-37.6162126],[178.3231461,-37.6163164],[178.3232495,-37.6164191],[178.3233582,-37.6165154],[178.3235972,-37.6167186],[178.3241368,-37.6171682],[178.3246804,-37.6176146],[178.3250011,-37.6178792],[178.3251918,-37.6180366],[178.3257783,-37.6185329],[178.3258725,-37.6186185],[178.3260269,-37.6187658],[178.3262661,-37.6189976],[178.32675,-37.6194749],[178.3270644,-37.6197819],[178.3272929,-37.6200061],[178.3276818,-37.6203888],[178.3280746,-37.6207736],[178.3283681,-37.6210646],[178.3286562,-37.6213461],[178.3288799,-37.6215672],[178.3292402,-37.6219198],[178.3294204,-37.6220924],[178.3296126,-37.6222575],[178.3297435,-37.622356],[178.3302795,-37.6227222],[178.3309544,-37.6231741],[178.3310999,-37.623273],[178.3312668,-37.6233878],[178.331445,-37.623508],[178.3318105,-37.6237554],[178.3324503,-37.6241904],[178.3330412,-37.6245901],[178.3336173,-37.6249791],[178.3337422,-37.6250659],[178.3338579,-37.6251459],[178.3340594,-37.6252925],[178.3343321,-37.6254953],[178.3349452,-37.6259864],[178.3356522,-37.6265464],[178.3359942,-37.6268183],[178.3362342,-37.627004],[178.3364733,-37.6271857],[178.3366575,-37.6273116],[178.3368161,-37.6274098],[178.336998,-37.6275171],[178.3371162,-37.6275866],[178.3372773,-37.6276668],[178.3376644,-37.6278543],[178.3380543,-37.6280355],[178.338842,-37.6283979],[178.3391702,-37.6285583],[178.3393344,-37.6286459],[178.3395052,-37.6287483],[178.3397398,-37.6289142],[178.3400816,-37.6291628],[178.3405198,-37.6294903],[178.3407983,-37.6297052],[178.3412996,-37.6300752],[178.3430289,-37.6313713],[178.3431714,-37.6314771],[178.3433903,-37.6316379],[178.3436222,-37.6318029],[178.3438514,-37.6319523],[178.3440109,-37.6320443],[178.3441629,-37.6321242],[178.3443926,-37.6322318],[178.3449431,-37.6324711],[178.345491,-37.6327009],[178.3474968,-37.6335303],[178.3494933,-37.6343533],[178.3512481,-37.6350792],[178.3515881,-37.6352178],[178.352057,-37.635409],[178.3521743,-37.6354537],[178.3522917,-37.6354942],[178.3524164,-37.6355358],[178.3524814,-37.6355555],[178.3525518,-37.6355752],[178.3526717,-37.6356102],[178.3527942,-37.6356426],[178.3530201,-37.6356887],[178.3531951,-37.6357057],[178.3533587,-37.6357109],[178.3569791,-37.6356858],[178.3605901,-37.6356681],[178.3625281,-37.6356637],[178.3629659,-37.635666]]}},{"type":"Feature","properties":{"asset_id":4813},"geometry":{"type":"LineString","coordinates":[[178.1524502,-37.5925758],[178.1525302,-37.5926502],[178.1525801,-37.592697],[178.1526428,-37.5927555],[178.1527463,-37.5928479],[178.1528313,-37.5929235],[178.1528955,-37.5929799],[178.1529463,-37.593015],[178.1530113,-37.593054],[178.1530817,-37.5930867],[178.1531398,-37.5931121],[178.1531899,-37.5931318],[178.1532447,-37.593149],[178.1532974,-37.5931615],[178.1533904,-37.59318],[178.1534513,-37.5931903],[178.153539,-37.5931981],[178.1536052,-37.5932018],[178.1536789,-37.5932036],[178.15377,-37.5932055],[178.1540206,-37.5932026],[178.1542861,-37.5932034],[178.1543435,-37.5932042],[178.1543779,-37.593205],[178.1544217,-37.5932056],[178.1544748,-37.5932086],[178.1545466,-37.5932131],[178.1546674,-37.5932259],[178.1547606,-37.5932424],[178.1548171,-37.5932559],[178.1548856,-37.5932742],[178.1549745,-37.5933066],[178.1550657,-37.5933562],[178.1551376,-37.5934103],[178.1552156,-37.5934787],[178.1553502,-37.5936028],[178.1554385,-37.5936626],[178.1555343,-37.5937083],[178.1555876,-37.5937277],[178.1556281,-37.593737],[178.1556826,-37.5937469],[178.1557438,-37.5937487],[178.1557996,-37.5937468],[178.1558635,-37.5937396],[178.1559529,-37.5937189],[178.1560557,-37.5936875],[178.1561864,-37.5936382],[178.1563703,-37.593568],[178.1565167,-37.5935163],[178.1566495,-37.5934729],[178.1567528,-37.5934428],[178.1568876,-37.5934058],[178.157012,-37.5933744],[178.1571317,-37.5933435],[178.15725,-37.5933094],[178.1573709,-37.5932775],[178.1575416,-37.5932254],[178.1576815,-37.5931786],[178.1579367,-37.5930845],[178.158562,-37.5928385],[178.1586815,-37.5927868],[178.1587844,-37.5927297],[178.1591039,-37.5925122],[178.1592283,-37.5924437],[178.1593251,-37.5924018],[178.1594303,-37.5923625],[178.1595372,-37.5923331],[178.1596628,-37.5923052],[178.1598173,-37.5922694],[178.1599348,-37.5922383],[178.160083,-37.5921908],[178.1602205,-37.5921368],[178.1603331,-37.5920914],[178.1604464,-37.592055],[178.160548,-37.5920311],[178.1606622,-37.5920194],[178.1607669,-37.5920221],[178.1608314,-37.5920321],[178.160908,-37.5920524],[178.1609699,-37.5920805],[178.1610661,-37.5921411],[178.161149,-37.592199],[178.1612394,-37.5922516],[178.161295,-37.5922786],[178.1613412,-37.5922933],[178.1613947,-37.5923085],[178.1614574,-37.5923187],[178.1615716,-37.5923264],[178.1617349,-37.5923287],[178.1619552,-37.5923226],[178.162071,-37.592319],[178.162149,-37.592314],[178.1622511,-37.5923016],[178.1623784,-37.5922767],[178.1625263,-37.592243],[178.1627421,-37.5921824],[178.1628251,-37.5921557],[178.1628868,-37.5921307],[178.1629372,-37.5921094],[178.1629957,-37.5920756],[178.1630696,-37.5920293],[178.1631585,-37.5919729],[178.1632455,-37.5919208],[178.1634358,-37.591824],[178.1637297,-37.5916846],[178.1638319,-37.5916368],[178.1639474,-37.5915838],[178.1641327,-37.5914978],[178.1642364,-37.5914516],[178.1643244,-37.5914137],[178.1644258,-37.5913727],[178.1645681,-37.5913167],[178.1646415,-37.5912811],[178.1647094,-37.5912445],[178.1648045,-37.5911855],[178.1648915,-37.5911201],[178.1649903,-37.5910451],[178.1650704,-37.5909976],[178.1651673,-37.5909518],[178.1652749,-37.5909202],[178.1653779,-37.5909024],[178.1654903,-37.5908984],[178.1656046,-37.5909099],[178.1656594,-37.5909212],[178.1657123,-37.5909329],[178.1658107,-37.5909674],[178.1659084,-37.5910184],[178.1659914,-37.5910765],[178.1660691,-37.5911388],[178.1661603,-37.5912013],[178.1662154,-37.5912325],[178.1662925,-37.5912617],[178.1663796,-37.5912778],[178.1664742,-37.5912779],[178.1665563,-37.5912649],[178.1666571,-37.5912291],[178.1667488,-37.5911829],[178.1668724,-37.591103],[178.1670315,-37.5909943],[178.1671872,-37.5908904],[178.1673437,-37.5907801],[178.1674429,-37.5907174],[178.1675603,-37.5906495],[178.1676743,-37.5905928],[178.1677622,-37.5905552],[178.1678628,-37.5905155],[178.167974,-37.5904772],[178.1680705,-37.5904495],[178.1681472,-37.5904285],[178.1682299,-37.5904117],[178.1683284,-37.5903941],[178.1684783,-37.5903724],[178.1686375,-37.5903518],[178.16898,-37.5903214],[178.1691487,-37.5903095],[178.1693321,-37.590312],[178.1695261,-37.5903282],[178.169775,-37.5903583],[178.1699725,-37.5903753],[178.1701351,-37.5903726],[178.1703024,-37.5903519],[178.1704605,-37.5903235],[178.1706267,-37.590286],[178.1708243,-37.5902326],[178.1709476,-37.5901893],[178.1710355,-37.5901458],[178.1711167,-37.5900876],[178.1711852,-37.5900156],[178.1712334,-37.5899405],[178.171275,-37.5898574],[178.1713019,-37.5898128],[178.171328,-37.5897773],[178.1713857,-37.5897232],[178.1714382,-37.5896895],[178.1714927,-37.5896622],[178.1715815,-37.5896355],[178.1716435,-37.5896258],[178.1717174,-37.5896248],[178.1717678,-37.5896296],[178.1718229,-37.5896423],[178.1718659,-37.5896561],[178.171916,-37.5896784],[178.1719567,-37.5897034],[178.1719969,-37.5897357],[178.1720316,-37.5897739],[178.1720617,-37.5898185],[178.1720754,-37.5898461],[178.1720838,-37.5898748],[178.1720916,-37.5899004],[178.1721015,-37.5899761],[178.1720972,-37.5900725],[178.1720908,-37.5901609],[178.1720952,-37.590252],[178.1721251,-37.5904159],[178.1721287,-37.5904989],[178.1721215,-37.5905606],[178.172097,-37.5906504],[178.172057,-37.5907305],[178.1720013,-37.5908101],[178.1718616,-37.5909608],[178.1717932,-37.5910288],[178.1717419,-37.5910861],[178.1717141,-37.5911296],[178.1716976,-37.591163],[178.1716884,-37.5911964],[178.1716842,-37.5912364],[178.1716887,-37.5912759],[178.1716987,-37.591306],[178.1717167,-37.5913351],[178.1717388,-37.5913622],[178.1717722,-37.5913867],[178.1718149,-37.5914074],[178.1720192,-37.5914797],[178.1721068,-37.591518],[178.1721977,-37.5915788],[178.1722672,-37.5916458],[178.1723266,-37.5917239],[178.1723739,-37.5918038],[178.1725498,-37.5921844],[178.1725996,-37.5923166],[178.1726191,-37.5924007],[178.1726225,-37.5925252],[178.1725906,-37.5927541],[178.1725848,-37.5928454],[178.1725971,-37.592931],[178.1726392,-37.5930148],[178.1726692,-37.5930566],[178.1727174,-37.5930978],[178.1727574,-37.5931273],[178.1727982,-37.5931468],[178.1728321,-37.5931652],[178.1728922,-37.5931879],[178.1729294,-37.5932005],[178.1729747,-37.5932089],[178.1730395,-37.5932154],[178.1731022,-37.5932145],[178.1731965,-37.5931955],[178.1732668,-37.5931703],[178.1733511,-37.5931244],[178.1734357,-37.5930558],[178.1735041,-37.5929696],[178.1735709,-37.5928646],[178.1736718,-37.5926724],[178.1737858,-37.5924694],[178.1738825,-37.5923092],[178.1739792,-37.592157],[178.1740269,-37.5920572],[178.1740499,-37.5919711],[178.1740576,-37.5918809],[178.1740445,-37.5916228],[178.1740458,-37.5915781],[178.1740512,-37.5915333],[178.1740638,-37.5914719],[178.1740818,-37.5914147],[178.1741079,-37.5913459],[178.1741525,-37.5912728],[178.1742118,-37.591196],[178.1742832,-37.5911236],[178.1743518,-37.5910672],[178.1744436,-37.5909991],[178.1746096,-37.5908806],[178.1747459,-37.5907903],[178.174832,-37.5907488],[178.1749328,-37.5907168],[178.1750181,-37.5907069],[178.1751034,-37.5907114],[178.1752003,-37.5907263],[178.1753062,-37.5907567],[178.1754054,-37.5908014],[178.1754943,-37.5908568],[178.1755845,-37.590934],[178.1759016,-37.5913008],[178.1760768,-37.5914746],[178.1762465,-37.5916463],[178.1763238,-37.5917359],[178.1763769,-37.5918169],[178.1764283,-37.5919412],[178.1764891,-37.5920707],[178.1765384,-37.5921508],[178.1765971,-37.5922138],[178.1766818,-37.5922807],[178.1767359,-37.5923091]]}},{"type":"Feature","properties":{"asset_id":4814},"geometry":{"type":"LineString","coordinates":[[178.1767359,-37.5923091],[178.1767778,-37.5923311],[178.1768831,-37.592366],[178.1769931,-37.5923834],[178.1771067,-37.5923857],[178.1772068,-37.5923758],[178.1773229,-37.5923542],[178.1774287,-37.5923279],[178.1777868,-37.5922259],[178.1786782,-37.5919581],[178.1788058,-37.5919282],[178.1789005,-37.5919127],[178.1790133,-37.5919041],[178.1791216,-37.5919086],[178.1791965,-37.5919185],[178.1792641,-37.5919348],[178.1793357,-37.5919574],[178.1794254,-37.5920002],[178.1795171,-37.592061],[178.1797355,-37.5922344],[178.1798555,-37.5923127],[178.1799708,-37.5923751],[178.1801161,-37.5924455],[178.1802285,-37.5924952],[178.1803624,-37.5925556],[178.1805392,-37.5926324],[178.1809551,-37.5928081],[178.1811294,-37.592868],[178.1813312,-37.5929261],[178.1815343,-37.5929758],[178.1816714,-37.593017],[178.1818078,-37.5930667],[178.1819046,-37.5931128],[178.1820045,-37.5931736],[178.1820826,-37.5932343],[178.1821486,-37.5933056],[178.1822092,-37.5933822],[178.182253,-37.5934647],[178.1823782,-37.5937604],[178.1824117,-37.5938109],[178.1824439,-37.5938465],[178.1824714,-37.5938741],[178.1824962,-37.5938974],[178.1825417,-37.593933],[178.1825893,-37.5939656],[178.1826354,-37.5939938],[178.1827237,-37.5940403],[178.1830337,-37.5941701],[178.1831777,-37.5942283],[178.1832928,-37.5942828],[178.1834053,-37.5943473],[178.1835111,-37.5944241],[178.1836567,-37.5945585],[178.1837295,-37.5946257],[178.1838076,-37.5946892],[178.1839091,-37.5947595],[178.1840187,-37.5948281],[178.1842417,-37.5949675],[178.1843792,-37.5950432],[178.1844832,-37.5950874],[178.1845813,-37.5951177],[178.1846766,-37.5951385],[178.1847821,-37.5951548],[178.1849432,-37.5951731],[178.1851209,-37.5951897],[178.1853403,-37.5952094],[178.1854758,-37.5952123],[178.1856167,-37.5952008],[178.1858082,-37.5951686],[178.1859937,-37.5951279],[178.1862468,-37.5950697],[178.1863457,-37.5950389],[178.1864472,-37.5949932],[178.186529,-37.5949384],[178.1866957,-37.5948084],[178.1868791,-37.5946556],[178.1869561,-37.5946058],[178.1870183,-37.5945729],[178.1871012,-37.5945405],[178.1871915,-37.5945138],[178.1873137,-37.5944904],[178.1876472,-37.5944678],[178.187771,-37.594448],[178.1879692,-37.5943979],[178.1881783,-37.5943244],[178.1883759,-37.5942471],[178.1887679,-37.594081],[178.1889841,-37.5940029],[178.1891556,-37.593948],[178.1892996,-37.5939106],[178.1894155,-37.5938828],[178.1896153,-37.5938442],[178.1901235,-37.5937525],[178.1904802,-37.5936861],[178.1907323,-37.593643],[178.1908737,-37.5936237],[178.1909944,-37.5936132],[178.191113,-37.5936112],[178.1911629,-37.5936125],[178.1912111,-37.5936119],[178.1913272,-37.5936185],[178.1914446,-37.5936305],[178.191613,-37.5936518],[178.1918193,-37.5936836],[178.1921221,-37.5937297],[178.1926266,-37.5937933],[178.1931443,-37.593859],[178.1937799,-37.593932],[178.1940917,-37.5939687],[178.1944143,-37.5940097],[178.1947285,-37.5940534],[178.1950159,-37.5940976],[178.1953251,-37.5941492],[178.1956188,-37.594203],[178.1961714,-37.5943141],[178.196726,-37.5944257],[178.1968737,-37.5944529],[178.196962,-37.5944673],[178.1970617,-37.5944754],[178.1971773,-37.5944773],[178.1972817,-37.5944685],[178.1973888,-37.5944474],[178.1974711,-37.5944218],[178.1975239,-37.5943982],[178.1975979,-37.594365],[178.1977766,-37.5942727],[178.1979272,-37.5941927],[178.1982531,-37.5940274],[178.1983948,-37.5939692],[178.1984818,-37.5939422],[178.1985635,-37.5939206],[178.1986746,-37.5939018],[178.1988449,-37.5938846],[178.1994548,-37.593838],[178.1997227,-37.59382],[178.2000399,-37.5937888],[178.2005022,-37.5937393],[178.2009046,-37.5936946],[178.2013082,-37.5936563],[178.201506,-37.5936377],[178.2016769,-37.5936265],[178.2019042,-37.5936154],[178.2025512,-37.5936015],[178.2028898,-37.5935919],[178.2031479,-37.5935882],[178.2034374,-37.5935817],[178.2036921,-37.5935677],[178.2038241,-37.5935575],[178.2042538,-37.5935128],[178.2048303,-37.5934455],[178.2055289,-37.5933559],[178.2058964,-37.5933088],[178.2062445,-37.5932676],[178.2069875,-37.5931772],[178.2074422,-37.593125],[178.2075652,-37.5931103],[178.207721,-37.5930871],[178.2078958,-37.5930534],[178.2080284,-37.593021],[178.2081402,-37.5929865],[178.2083129,-37.5929222],[178.2085062,-37.592838],[178.2090449,-37.5925895],[178.2093873,-37.5924323],[178.2097357,-37.5922771],[178.2098622,-37.5922222],[178.2100117,-37.5921639],[178.2101511,-37.5921152],[178.2102977,-37.5920709],[178.2104444,-37.5920309],[178.2106343,-37.5919817],[178.2109838,-37.5919016],[178.2115378,-37.5917771],[178.2121147,-37.5916446],[178.2126923,-37.5915105],[178.2132979,-37.5913744],[178.2139095,-37.5912388],[178.2145491,-37.5910964],[178.2148158,-37.5910395],[178.2149798,-37.5910087],[178.2151044,-37.5909899],[178.2152564,-37.5909748],[178.2153714,-37.5909681],[178.2154768,-37.5909684],[178.2155356,-37.590969],[178.2157537,-37.5909808],[178.2159707,-37.5909988],[178.2163103,-37.5910356],[178.2175128,-37.59117],[178.2186274,-37.5913001],[178.2200522,-37.5914792],[178.220263,-37.5915112],[178.2203793,-37.5915358],[178.2204832,-37.5915671],[178.220583,-37.5916074],[178.2206771,-37.5916561],[178.2207719,-37.5917154],[178.2208599,-37.5917729],[178.2209405,-37.5918346],[178.221042,-37.5919186],[178.2210999,-37.5919761],[178.2211598,-37.5920437],[178.2212061,-37.5921083],[178.2212478,-37.5921936],[178.2212828,-37.5922957],[178.22131,-37.5924002],[178.2213292,-37.5925058],[178.2213743,-37.5927409],[178.2214043,-37.5928376],[178.2214409,-37.5929321],[178.221482,-37.5930021],[178.2215304,-37.5930674],[178.2215974,-37.5931323],[178.2216731,-37.593194],[178.2220339,-37.5934181],[178.2221619,-37.593505],[178.2222477,-37.5935702],[178.2223233,-37.5936356],[178.2224974,-37.5938008],[178.2225793,-37.5938798],[178.2226497,-37.5939349],[178.2227327,-37.5939833],[178.2227901,-37.5940021],[178.2228408,-37.5940157],[178.22291,-37.5940189],[178.2229547,-37.5940147],[178.2229967,-37.5940041],[178.223035,-37.5939932],[178.2231088,-37.5939574],[178.2232445,-37.5938577],[178.2232966,-37.5938158],[178.2233868,-37.5937574],[178.2234755,-37.5937155],[178.2235495,-37.5936955],[178.2236495,-37.5936814],[178.2237156,-37.5936825],[178.2238092,-37.593688],[178.2238968,-37.5937068],[178.2241393,-37.5937777],[178.2242524,-37.5938019],[178.2243371,-37.5938036],[178.2244043,-37.5937931],[178.2244686,-37.5937695],[178.2245142,-37.5937438],[178.2245824,-37.5936965],[178.2246291,-37.5936453],[178.224694,-37.5935802],[178.2247503,-37.5935357],[178.224788,-37.5935178],[178.2248125,-37.5935069],[178.2248666,-37.5934892],[178.224924,-37.5934831],[178.2249658,-37.593482],[178.2250049,-37.5934866],[178.2251576,-37.5935156],[178.2253304,-37.5935584],[178.2254311,-37.5935704],[178.2255292,-37.5935633],[178.2255966,-37.5935417],[178.2256755,-37.5934952],[178.2257143,-37.5934461],[178.2257595,-37.5933704],[178.2257832,-37.5932808],[178.2257861,-37.593189],[178.2257712,-37.5931028],[178.2257321,-37.5930117],[178.2256814,-37.592931],[178.2255474,-37.5927361],[178.2255131,-37.5926456],[178.2255076,-37.5925626],[178.2255203,-37.5925139],[178.2255684,-37.592437],[178.225635,-37.5923748],[178.2256812,-37.5923473]]}},{"type":"Feature","properties":{"asset_id":4815},"geometry":{"type":"LineString","coordinates":[[178.2256813,-37.5923472],[178.2257427,-37.5923106],[178.2258993,-37.5922103],[178.2260258,-37.5921198],[178.2261442,-37.592025],[178.2265638,-37.5916706],[178.226843,-37.5914385],[178.2270002,-37.5913168],[178.2270861,-37.5912619],[178.2271746,-37.591216],[178.2272739,-37.5911738],[178.2273759,-37.5911421],[178.2275015,-37.5911171],[178.2276097,-37.591108],[178.2277355,-37.5911097],[178.2278178,-37.5911137],[178.2279055,-37.5911262],[178.2280997,-37.5911667],[178.2284708,-37.5912519],[178.2285994,-37.5912698],[178.2287306,-37.5912793],[178.2288378,-37.5912786],[178.2289543,-37.5912679],[178.2290652,-37.5912499],[178.2291472,-37.5912323],[178.2292352,-37.5912037],[178.2293384,-37.5911623],[178.2294331,-37.5911157],[178.2295211,-37.5910649],[178.2296984,-37.5909532],[178.2298709,-37.5908405],[178.2300387,-37.590731],[178.2301375,-37.5906787],[178.2302289,-37.5906376],[178.2303361,-37.5906046],[178.2304338,-37.590579],[178.2305496,-37.5905598],[178.2306556,-37.5905501],[178.2307193,-37.5905493],[178.230775,-37.5905516],[178.2308783,-37.5905638],[178.230969,-37.5905798],[178.2310289,-37.5905969],[178.23116,-37.5906444],[178.2313685,-37.5907345],[178.2314696,-37.5907739],[178.231586,-37.5908049],[178.2316297,-37.5908107]]}},{"type":"Feature","properties":{"asset_id":4816},"geometry":{"type":"LineString","coordinates":[[178.2316298,-37.5908107],[178.2317142,-37.590822],[178.2318431,-37.5908323],[178.2320708,-37.5908313],[178.2321841,-37.5908245],[178.2322921,-37.5908092],[178.2323958,-37.5907813],[178.2325016,-37.5907376],[178.2325817,-37.5906839],[178.2326632,-37.5906212],[178.2328984,-37.5904212],[178.2329947,-37.5903537],[178.2330783,-37.5903051],[178.2331741,-37.5902639],[178.2332746,-37.5902363],[178.2333304,-37.5902245],[178.2333888,-37.590217],[178.2335088,-37.5902057],[178.2337294,-37.590196],[178.2341153,-37.5901862]]}},{"type":"Feature","properties":{"asset_id":4817},"geometry":{"type":"LineString","coordinates":[[178.2341154,-37.5901862],[178.2342922,-37.5901817],[178.2348603,-37.5901631],[178.2350818,-37.5901653],[178.2351953,-37.5901809],[178.2353028,-37.5901966],[178.2354084,-37.5902225],[178.2355059,-37.590255],[178.2356026,-37.590298],[178.2356946,-37.5903448],[178.2357821,-37.5904018],[178.2358962,-37.5904935],[178.2360266,-37.5906181],[178.236265,-37.5908709],[178.236442,-37.5910523],[178.2365806,-37.5911738],[178.2366991,-37.5912603],[178.2368065,-37.5913201],[178.2369267,-37.5913784],[178.2370803,-37.5914395],[178.2372265,-37.5914809],[178.2374477,-37.5915204],[178.2376706,-37.5915476],[178.2379142,-37.5915732],[178.238852,-37.5916759],[178.2392149,-37.5917151],[178.2394744,-37.5917363],[178.2395738,-37.5917399],[178.2396905,-37.591734],[178.2398106,-37.5917265],[178.2399314,-37.5917166],[178.2401414,-37.5916906],[178.2403621,-37.5916551],[178.2406135,-37.591618],[178.2407215,-37.5916096],[178.2408305,-37.5916094],[178.2409483,-37.5916193],[178.2410482,-37.5916366],[178.2411656,-37.5916624],[178.2413817,-37.5917166],[178.2414905,-37.5917327],[178.2416093,-37.5917387],[178.2417197,-37.591737],[178.2418292,-37.5917219],[178.2419146,-37.5917058],[178.2420417,-37.5916745],[178.2422378,-37.5916125],[178.2426067,-37.5914725],[178.2430242,-37.5913074],[178.2434518,-37.5911349],[178.2437571,-37.5910135],[178.2439254,-37.5909443],[178.2441078,-37.5908761],[178.24424,-37.5908298],[178.244352,-37.5908031],[178.2444593,-37.5907896],[178.2445739,-37.590784],[178.2446658,-37.5907867],[178.2447784,-37.5907974],[178.2449613,-37.5908316],[178.2457289,-37.5910057],[178.2462893,-37.5911286],[178.2464343,-37.5911559],[178.2466228,-37.5911849],[178.2467648,-37.5911967],[178.2468953,-37.5912011],[178.2472757,-37.5911882],[178.2477561,-37.5911746],[178.2479379,-37.5911705],[178.2481198,-37.5911685],[178.2482345,-37.5911734],[178.2483378,-37.5911825],[178.2484411,-37.5911938],[178.2485921,-37.5912139],[178.2487404,-37.5912372],[178.2491032,-37.5912977],[178.2493141,-37.5913351],[178.2495405,-37.5913731],[178.250771,-37.5915903],[178.2519613,-37.5917975],[178.2522001,-37.5918421],[178.2523874,-37.5918793],[178.2524982,-37.5919029],[178.2526158,-37.5919319],[178.2527181,-37.5919606],[178.2528145,-37.5919903],[178.252945,-37.5920381],[178.2536309,-37.5923176],[178.253954,-37.5924512],[178.2542389,-37.5925716],[178.2554315,-37.5930756],[178.2557785,-37.5932209],[178.2560063,-37.5933159],[178.2561987,-37.5933972],[178.2563904,-37.5934779],[178.2567523,-37.5936293],[178.256894,-37.593688],[178.2570733,-37.5937642],[178.2571839,-37.5938141],[178.257324,-37.5938933],[178.2574006,-37.5939419],[178.2574759,-37.5939968],[178.2575196,-37.5940306],[178.2575653,-37.5940655],[178.2576076,-37.5941057],[178.257675,-37.5941718],[178.257741,-37.5942486],[178.2578489,-37.5943867],[178.2579684,-37.5945848],[178.2580765,-37.5947988],[178.258342,-37.5953356],[178.2586162,-37.5958784],[178.2589186,-37.5964785],[178.2592525,-37.5971451],[178.2593437,-37.597325],[178.2595596,-37.597744],[178.2596629,-37.5979557],[178.2597701,-37.5981641],[178.2602314,-37.5990659]]}},{"type":"Feature","properties":{"asset_id":4809},"geometry":{"type":"LineString","coordinates":[[177.8827821,-38.8742458],[177.8818474,-38.8748196],[177.88091,-38.8753944],[177.8805116,-38.8756273],[177.8803976,-38.8756799],[177.8803651,-38.875692]]}},{"type":"Feature","properties":{"asset_id":4810},"geometry":{"type":"LineString","coordinates":[[177.8803651,-38.875692],[177.8802728,-38.8757263],[177.8801822,-38.8757518],[177.8800674,-38.8757731],[177.879949,-38.8757852],[177.8798373,-38.8757906],[177.8795327,-38.8757698],[177.879212,-38.8757491],[177.8790863,-38.8757464],[177.878974,-38.8757479],[177.8788813,-38.8757589],[177.8787994,-38.8757741],[177.878717,-38.8757961],[177.878632,-38.8758264],[177.8785364,-38.8758704],[177.8784323,-38.8759342],[177.8783469,-38.875999],[177.8782023,-38.876122],[177.8780187,-38.8763047],[177.8779584,-38.8763787],[177.8779235,-38.8764201],[177.8778631,-38.8764936],[177.8778134,-38.8765733],[177.8777474,-38.8766995],[177.8777189,-38.8767828],[177.8776819,-38.8769215],[177.8776756,-38.8770654],[177.8776752,-38.8771965],[177.8776935,-38.8773235],[177.8777297,-38.8775797],[177.877732,-38.8777132],[177.8777183,-38.8778487],[177.877665,-38.8780238],[177.87763,-38.8781006],[177.8775736,-38.8781941],[177.8774666,-38.8783499],[177.8773543,-38.8785036],[177.8768957,-38.879094],[177.8767386,-38.8792547],[177.8765868,-38.8793925],[177.8751664,-38.8805614],[177.8749268,-38.8807354],[177.8747335,-38.8808497],[177.8746308,-38.8808987],[177.8745254,-38.8809393],[177.8743627,-38.8809887],[177.8741999,-38.8810172],[177.8739737,-38.881036],[177.8738556,-38.8810336],[177.8737375,-38.8810269],[177.8736252,-38.8810122],[177.8735157,-38.8809892],[177.8733018,-38.8809243],[177.8726191,-38.8806479],[177.8724441,-38.8805933],[177.8722449,-38.8805512],[177.8721323,-38.880541],[177.8720035,-38.8805391],[177.8718586,-38.8805468],[177.871711,-38.8805723],[177.8715275,-38.8806256],[177.8712307,-38.8807399],[177.8709553,-38.8808605],[177.8707828,-38.8809335],[177.870613,-38.8809961],[177.87043,-38.8810498],[177.8702497,-38.8810742],[177.8700718,-38.8810797],[177.8698724,-38.8810643],[177.8697164,-38.8810292],[177.8695685,-38.8809805],[177.8694029,-38.8809085],[177.8692616,-38.8808229],[177.8691133,-38.8806992],[177.86847,-38.8800397],[177.8683398,-38.8799279],[177.8682184,-38.8798292],[177.8680729,-38.8797367],[177.867981,-38.8796863],[177.8678313,-38.8796125],[177.8675797,-38.8795304],[177.8674046,-38.8795051],[177.8672378,-38.8794966],[177.8671141,-38.8795007],[177.8669878,-38.8795111],[177.8667663,-38.8795439],[177.8666366,-38.8795736],[177.8665095,-38.8796117],[177.8663845,-38.8796565],[177.8662513,-38.8797118],[177.8658618,-38.8799017],[177.8655747,-38.8800498],[177.8649997,-38.8803426],[177.8647537,-38.8804567],[177.8644809,-38.8805709],[177.8643034,-38.8806403],[177.8637182,-38.8808641],[177.8630359,-38.8811239],[177.8629732,-38.8811501]]}},{"type":"Feature","properties":{"asset_id":12123},"geometry":{"type":"LineString","coordinates":[[177.8629727,-38.8811503],[177.862798,-38.8812235],[177.8626512,-38.8812959],[177.8624711,-38.8814035],[177.8623089,-38.8815337],[177.8621574,-38.8816754],[177.8620089,-38.8818351],[177.8618898,-38.8819632],[177.8608847,-38.8831717],[177.8603194,-38.8838436],[177.8599702,-38.8842534],[177.8596103,-38.8846631],[177.8594823,-38.8847838]]}},{"type":"Feature","properties":{"asset_id":12124},"geometry":{"type":"LineString","coordinates":[[177.8594819,-38.8847842],[177.8594616,-38.8848033],[177.8593049,-38.8849372],[177.8591385,-38.8850551],[177.8589594,-38.8851552],[177.8585426,-38.8853511]]}},{"type":"Feature","properties":{"asset_id":4812},"geometry":{"type":"LineString","coordinates":[[177.8585422,-38.8853513],[177.8584679,-38.8853862],[177.8576701,-38.8857467],[177.8568702,-38.8861064],[177.8556751,-38.8866438],[177.8553801,-38.8867772],[177.8549768,-38.886948],[177.8548296,-38.8870061],[177.8546771,-38.8870604],[177.8544545,-38.8871281],[177.8542453,-38.8871787],[177.8540053,-38.8872238],[177.8537827,-38.8872547],[177.8535574,-38.8872772],[177.8532377,-38.887298],[177.8522474,-38.8873502],[177.851858,-38.8873712],[177.8515743,-38.8873994],[177.8513143,-38.8874393],[177.8510838,-38.8874916],[177.850875,-38.8875504],[177.8506652,-38.8876202],[177.8504942,-38.8876868],[177.8502863,-38.8877835],[177.8501585,-38.8878449],[177.850028,-38.8879146],[177.8497995,-38.8880611],[177.8497014,-38.8881291],[177.8495818,-38.888218],[177.849416,-38.8883563],[177.8492529,-38.8885218],[177.8491087,-38.8886926],[177.8489977,-38.8888428],[177.8489059,-38.8889878],[177.8488089,-38.8891735],[177.8486029,-38.8896226],[177.8479911,-38.8910197],[177.8474249,-38.8923541],[177.8473328,-38.8925604],[177.8472299,-38.8927624],[177.8471479,-38.8928794],[177.8470553,-38.8929923],[177.8469099,-38.8931384],[177.8467589,-38.893268],[177.8465838,-38.8933977],[177.8459166,-38.8938866],[177.8457507,-38.8940039],[177.845566,-38.8941044],[177.8454435,-38.8941687],[177.8453049,-38.8942267],[177.8450563,-38.8943075],[177.8448401,-38.8943558],[177.8446265,-38.8943833],[177.8444721,-38.8943954],[177.8443149,-38.8943992],[177.8435229,-38.8943779],[177.8433167,-38.894388],[177.8431412,-38.8944129],[177.842971,-38.8944471],[177.8428112,-38.8944958],[177.8427052,-38.894539],[177.8426018,-38.8945885],[177.8424856,-38.8946521],[177.8423157,-38.8947742],[177.8421774,-38.8949043],[177.8420081,-38.8950814],[177.8418415,-38.8952815],[177.841782,-38.8953574],[177.8417279,-38.8954354],[177.841676,-38.8955192],[177.8416349,-38.8956071],[177.8416003,-38.8956919],[177.841579,-38.8957766],[177.841562,-38.8958647],[177.8415504,-38.8959548],[177.8415453,-38.8960376],[177.8415402,-38.8963291],[177.8415324,-38.8964617],[177.8415111,-38.8965902],[177.8414787,-38.8967161],[177.8414275,-38.8968441],[177.8413646,-38.896964],[177.8412802,-38.8970838],[177.8412226,-38.8971647],[177.8409951,-38.8973637],[177.8401026,-38.8979518],[177.8399302,-38.8980828],[177.8397751,-38.8982171],[177.8396408,-38.8983412],[177.8394214,-38.8985629],[177.8392074,-38.8987867],[177.8380545,-38.8999833],[177.8374727,-38.9005837],[177.8371885,-38.900886],[177.8370477,-38.9010418],[177.8369177,-38.9012039],[177.8367755,-38.9014027],[177.8365582,-38.9017559],[177.8362751,-38.9022151],[177.8359779,-38.9027046],[177.8357962,-38.9029882],[177.8355773,-38.9033536],[177.835189,-38.9039672],[177.8351202,-38.9040798],[177.83503,-38.9041903],[177.8349193,-38.904307],[177.8347965,-38.9044291],[177.8346631,-38.9045386],[177.8344927,-38.904647],[177.8342481,-38.904805],[177.8340267,-38.9049195],[177.833792,-38.9050163],[177.8335751,-38.9050908],[177.8333415,-38.9051582],[177.8330919,-38.9052151],[177.832869,-38.9052555],[177.8325067,-38.9053138],[177.8314709,-38.9054793],[177.830474,-38.9056416],[177.8299663,-38.9057333],[177.8296383,-38.9058084],[177.8293721,-38.9058734],[177.8290831,-38.9059562],[177.8288092,-38.9060484],[177.8284064,-38.9061875],[177.8281869,-38.9062744],[177.827954,-38.906376],[177.8277619,-38.9064614],[177.827578,-38.9065509],[177.8272577,-38.9067212],[177.8270784,-38.9068248],[177.8268764,-38.9069494],[177.8260536,-38.9075051],[177.8253501,-38.907996],[177.8251868,-38.9081126],[177.8250154,-38.9082209],[177.8248094,-38.9083371],[177.8245149,-38.908471],[177.8242314,-38.9085626],[177.8239585,-38.9086233],[177.8237462,-38.90866],[177.8235286,-38.9086862],[177.822041,-38.9088408],[177.821696,-38.9088844],[177.8214032,-38.9089398],[177.8210948,-38.9090223],[177.8209005,-38.9090875],[177.8207087,-38.9091569],[177.8203577,-38.9093295],[177.8196947,-38.9097031],[177.8188656,-38.9101798],[177.8175523,-38.910928],[177.8162524,-38.9116742],[177.8162088,-38.9116991],[177.8148869,-38.9124541],[177.8115118,-38.9143767]]}},{"type":"Feature","properties":{"asset_id":4808},"geometry":{"type":"LineString","coordinates":[[177.888254,-38.8685608],[177.8882367,-38.868571],[177.8881351,-38.868631],[177.8880253,-38.868699],[177.8879171,-38.8687633],[177.8877498,-38.8688724],[177.8876012,-38.8689761],[177.8874914,-38.8690614],[177.8873936,-38.8691529],[177.8873013,-38.8692524],[177.8872296,-38.8693466],[177.8871569,-38.8694662],[177.8871171,-38.8695456],[177.887083,-38.869628],[177.8870544,-38.8697103],[177.8870064,-38.8698782],[177.886833,-38.8705978],[177.8867618,-38.8708975],[177.8866813,-38.8711962],[177.8865729,-38.8715416],[177.8864942,-38.8716916],[177.8863995,-38.8718416],[177.8862802,-38.8719994],[177.8861495,-38.8721294],[177.8859769,-38.8722717],[177.885794,-38.8724013],[177.8856004,-38.8725226],[177.8846592,-38.8730929],[177.8827821,-38.8742458]]}},{"type":"Feature","properties":{"asset_id":4807},"geometry":{"type":"LineString","coordinates":[[177.9020268,-38.8584969],[177.9018001,-38.8586867],[177.9016176,-38.8588682],[177.9014855,-38.859035],[177.9013198,-38.8592633],[177.9012432,-38.8593678],[177.9011558,-38.859466],[177.9010647,-38.8595388],[177.9009575,-38.8595969],[177.9008699,-38.8596282],[177.9007769,-38.8596534],[177.9006549,-38.8596697],[177.9005121,-38.8596695],[177.9004041,-38.8596537],[177.9000358,-38.8595893],[177.8999182,-38.859581],[177.8998209,-38.8595895],[177.8996787,-38.8596272],[177.8995982,-38.8596691],[177.8995367,-38.8597223],[177.899482,-38.8597963],[177.8994581,-38.85989],[177.8994609,-38.8599765],[177.8994995,-38.8600597],[177.8995673,-38.8601508],[177.8998148,-38.8604299],[177.8998703,-38.8605081],[177.8999082,-38.8605916],[177.899918,-38.8606831],[177.8999102,-38.8607808],[177.8998814,-38.8608724],[177.8998283,-38.8609537],[177.8997504,-38.8610378],[177.8996592,-38.8611042],[177.8995732,-38.8611519],[177.899458,-38.8612077],[177.8992596,-38.8612795],[177.8990953,-38.8613327],[177.8989284,-38.8613816],[177.8987642,-38.8614238],[177.8985946,-38.8614534],[177.8983298,-38.8614895],[177.8980915,-38.8615054],[177.8978612,-38.8615089],[177.8976765,-38.8614912],[177.8974972,-38.8614505],[177.8973297,-38.8613907],[177.8972377,-38.8613452],[177.8971404,-38.8612913],[177.8966249,-38.8609428],[177.8965372,-38.8609004],[177.8964334,-38.86086],[177.8963294,-38.8608402],[177.8962174,-38.8608286],[177.896113,-38.8608322],[177.8959912,-38.8608535],[177.8956665,-38.860955],[177.895551,-38.8609827],[177.8954302,-38.861],[177.895289,-38.8610133],[177.8948636,-38.8610391],[177.8947203,-38.8610569],[177.8945976,-38.8610836],[177.8945085,-38.8611155],[177.894436,-38.8611491],[177.8943608,-38.861191],[177.8942652,-38.8612634],[177.8941294,-38.8613973],[177.893831,-38.8617355],[177.8935379,-38.8620778],[177.8934244,-38.8621923],[177.8932974,-38.8622984],[177.8931818,-38.8623792],[177.8930473,-38.8624474],[177.8929361,-38.8624986],[177.8926372,-38.8626103],[177.8925191,-38.8626673],[177.8924425,-38.8627171],[177.8923698,-38.8627787],[177.8923045,-38.8628515],[177.8922518,-38.8629411],[177.8922273,-38.8630255],[177.8922185,-38.8631164],[177.8922279,-38.8632027],[177.8922507,-38.8632848],[177.8923705,-38.8636299],[177.8923823,-38.8637211],[177.8923781,-38.8638123],[177.8923649,-38.8639029],[177.8923336,-38.8639842],[177.8922876,-38.8640739],[177.892195,-38.8642187],[177.8918208,-38.8647666],[177.8917669,-38.8648741],[177.8917359,-38.8649586],[177.8917024,-38.8650464],[177.8915697,-38.8655488],[177.8915106,-38.8657282],[177.8914653,-38.8658298],[177.8914185,-38.865936],[177.8913798,-38.8660098],[177.8913026,-38.8661132],[177.8912234,-38.8661952],[177.8911336,-38.866273],[177.890975,-38.8663837],[177.8908513,-38.8664496],[177.8906513,-38.8665364],[177.8904567,-38.8666117],[177.8903105,-38.8666771],[177.8902167,-38.8667309],[177.8901373,-38.8667871],[177.8900722,-38.8668445],[177.8900088,-38.8669118],[177.8899583,-38.8669882],[177.8899145,-38.8670699],[177.8898429,-38.8672426],[177.8897808,-38.8674163],[177.889672,-38.8676689],[177.8896054,-38.8677745],[177.88955,-38.8678534],[177.8894731,-38.8679365],[177.8893,-38.868072],[177.8891961,-38.8681325],[177.889084,-38.8681846],[177.8886613,-38.8683562],[177.888545,-38.8684071],[177.8884529,-38.8684516],[177.8882886,-38.8685403],[177.888254,-38.8685608]]}},{"type":"Feature","properties":{"asset_id":4820},"geometry":{"type":"LineString","coordinates":[[178.3629659,-37.635666],[178.3629586,-37.6357014],[178.3629499,-37.6357298],[178.3629191,-37.6357751],[178.362847,-37.63585],[178.3627832,-37.6358983],[178.3624228,-37.6361452],[178.3620677,-37.6363927],[178.3618959,-37.6365142],[178.3617886,-37.6365946],[178.3616806,-37.6366851],[178.3615854,-37.6367681],[178.3614942,-37.6368548],[178.3613543,-37.6370016],[178.3612659,-37.6371064],[178.3612458,-37.6371318],[178.361205,-37.6371835],[178.3611413,-37.63727],[178.3610621,-37.6373831],[178.3608992,-37.6376118],[178.3607993,-37.6377524],[178.3606162,-37.638012],[178.3604137,-37.6382884],[178.3603111,-37.6384102],[178.3601891,-37.6385474],[178.3599351,-37.6388338],[178.3598061,-37.6389707],[178.3596556,-37.6391033],[178.3593852,-37.6393569],[178.3589562,-37.6397365],[178.3588122,-37.6398631],[178.3586896,-37.6399897],[178.3586075,-37.6400778],[178.3585562,-37.640142],[178.3585103,-37.640212],[178.3584663,-37.6402895],[178.3584114,-37.6404163],[178.3583786,-37.6405048],[178.3583137,-37.6407782],[178.3582301,-37.6411111],[178.3581994,-37.6412359],[178.3581741,-37.6413356],[178.3581203,-37.6414638],[178.3580551,-37.6415903],[178.3579933,-37.6417397],[178.3579221,-37.6418437],[178.3578624,-37.641937],[178.3577846,-37.6420143],[178.3577047,-37.6420858],[178.3576133,-37.6421704],[178.357528,-37.6422401],[178.3574199,-37.6423162],[178.3572686,-37.6424243],[178.3571126,-37.6425229],[178.3565282,-37.6428549],[178.3561649,-37.6430759],[178.3560721,-37.6431349],[178.3559907,-37.6432066],[178.3559322,-37.6432765],[178.3559013,-37.6433207],[178.3558791,-37.6433623],[178.3558358,-37.6434318],[178.3558017,-37.6435324],[178.3557783,-37.6436346],[178.3557698,-37.6437209],[178.3557663,-37.6438121],[178.3557844,-37.6438948],[178.3558325,-37.6440235],[178.3558994,-37.6441501],[178.3560372,-37.6443937],[178.356171,-37.644646],[178.3562638,-37.6448988],[178.3562864,-37.6449853],[178.3563023,-37.6450718],[178.356336,-37.6453566],[178.3563381,-37.6456452],[178.3563227,-37.6457984],[178.3563107,-37.645895],[178.3562946,-37.645982],[178.3562445,-37.6461612],[178.3562125,-37.6462475],[178.3561765,-37.6463393],[178.3561407,-37.6464296],[178.3560929,-37.6465304],[178.3560228,-37.6466536],[178.355896,-37.6468377],[178.3557427,-37.6470481],[178.3556659,-37.6471391],[178.3555784,-37.6472299],[178.3555199,-37.6472914],[178.3554487,-37.6473562],[178.3553638,-37.6474237],[178.3552977,-37.6474733],[178.3552187,-37.6475213],[178.3551195,-37.6475688],[178.3550376,-37.6476007],[178.3549584,-37.6476293],[178.3548758,-37.6476543],[178.3547898,-37.647675],[178.3546635,-37.6477008],[178.3544929,-37.6477287],[178.3543452,-37.6477366],[178.3541693,-37.6477356],[178.3540417,-37.6477218],[178.3539249,-37.6477026],[178.3535179,-37.6475752],[178.3533576,-37.6475311],[178.3531959,-37.647504],[178.3530457,-37.6475025],[178.3529408,-37.6475152],[178.35284,-37.6475338],[178.3527448,-37.6475634],[178.3526604,-37.6476057],[178.3525797,-37.6476567],[178.3525152,-37.6477092],[178.3524674,-37.6477602],[178.3524275,-37.6478109],[178.3523882,-37.6478585],[178.3523218,-37.6479581],[178.3522399,-37.6481071],[178.352198,-37.6481956],[178.3521713,-37.6482778],[178.3521549,-37.648369],[178.35216,-37.6484613],[178.3521588,-37.6486052],[178.3521609,-37.6487493],[178.3521516,-37.6488743],[178.3521184,-37.6489786],[178.3520867,-37.649067],[178.3520328,-37.6491654],[178.3520035,-37.6492237],[178.3519756,-37.64929],[178.3519498,-37.6493526],[178.3519385,-37.6494363],[178.3519442,-37.6495257],[178.3519708,-37.6496294],[178.3519992,-37.6497167],[178.3520398,-37.6497977],[178.3520759,-37.6498837],[178.3520866,-37.6499629],[178.3520878,-37.6500491],[178.3520624,-37.6501663],[178.3520053,-37.6503083],[178.3519589,-37.6504524],[178.3519299,-37.6505485],[178.3519125,-37.6506856],[178.3519166,-37.6507734],[178.3519341,-37.6508593],[178.3519636,-37.6509356],[178.3520117,-37.6510105],[178.3520799,-37.6510818],[178.3521608,-37.6511482],[178.3522402,-37.651197],[178.3524365,-37.6512736],[178.352622,-37.6513321],[178.3526945,-37.6513662],[178.3527423,-37.6513976],[178.3527887,-37.6514289],[178.3528284,-37.651464],[178.3528619,-37.6515043],[178.3528833,-37.6515467],[178.3529046,-37.6515958],[178.3529239,-37.6516587],[178.3529248,-37.6516994],[178.352923,-37.6517423],[178.3529122,-37.6517892],[178.35289,-37.6518492],[178.3528571,-37.6519071],[178.3528262,-37.651948],[178.3527872,-37.6519803],[178.3527503,-37.6520132],[178.3527284,-37.6520307],[178.3526999,-37.652044],[178.3526556,-37.6520656],[178.3525992,-37.6520862],[178.3525335,-37.652102],[178.3524449,-37.6521157],[178.3522116,-37.652141],[178.3520432,-37.6521654],[178.3519484,-37.6521882],[178.3518575,-37.6522147],[178.3516563,-37.652289],[178.3514531,-37.6523607],[178.3513758,-37.652377],[178.3512872,-37.6523858],[178.351214,-37.6523856],[178.3511341,-37.6523748],[178.3509938,-37.6523392],[178.3508513,-37.6522957],[178.3507496,-37.6522644],[178.3506186,-37.6522384],[178.3505039,-37.6522277],[178.350402,-37.6522281],[178.3503305,-37.6522352],[178.3502589,-37.6522519],[178.3502068,-37.6522655],[178.3501547,-37.6522849],[178.350097,-37.6523086],[178.3500434,-37.6523344],[178.3499991,-37.6523656],[178.3499535,-37.6524021],[178.3499169,-37.6524386],[178.3498837,-37.6524811],[178.3498626,-37.6525235],[178.3498468,-37.652568],[178.3498371,-37.6526107],[178.3498327,-37.6526534],[178.349831,-37.6526993],[178.3498346,-37.6527441],[178.3498466,-37.6527925],[178.3498639,-37.6528419],[178.3499014,-37.6529174],[178.3499469,-37.6529896],[178.3500101,-37.6530608],[178.3500881,-37.6531235],[178.350193,-37.6532076],[178.3505901,-37.6534972],[178.3508613,-37.6536786],[178.3509495,-37.6537338],[178.3510433,-37.6537883],[178.3511432,-37.6538371],[178.3512864,-37.6539014],[178.3514377,-37.6539635],[178.3515513,-37.654001],[178.3516735,-37.6540369],[178.3518759,-37.6540861],[178.3520461,-37.6541193],[178.3522064,-37.654141],[178.352427,-37.6541595],[178.3532592,-37.6542087],[178.3535014,-37.654243],[178.3536907,-37.6542813],[178.3538545,-37.6543261],[178.3540493,-37.6543941],[178.3542777,-37.6544987],[178.3544758,-37.6545951],[178.3546586,-37.6546917],[178.3549045,-37.6548551],[178.3550953,-37.6550187],[178.3552621,-37.655188],[178.3554551,-37.6554234],[178.3555539,-37.6555706],[178.3556406,-37.6557273],[178.3557229,-37.6558987],[178.3557872,-37.6560823],[178.3558202,-37.6562216],[178.3558432,-37.6563533],[178.3558664,-37.6565273],[178.3558736,-37.6567013],[178.3558772,-37.6567905],[178.3558714,-37.6569603],[178.3558566,-37.657139],[178.3557503,-37.6579353],[178.355648,-37.6587317],[178.3555843,-37.6592627],[178.3552837,-37.661565],[178.3550247,-37.6635042],[178.3549343,-37.6640716],[178.3549065,-37.664238],[178.3548886,-37.664319],[178.3548707,-37.6644001],[178.3548185,-37.6645832],[178.354412,-37.6657932],[178.3540894,-37.6667223],[178.3537655,-37.6676546],[178.3536042,-37.6681181],[178.3534415,-37.6685826],[178.3533123,-37.6689564],[178.3531857,-37.6693269],[178.3531256,-37.6695202],[178.3530187,-37.6698282],[178.3528857,-37.6701665],[178.3527661,-37.6704475],[178.3526191,-37.6707108],[178.3524289,-37.6709671],[178.3522735,-37.6711354],[178.3520973,-37.6712951],[178.351687,-37.6716253],[178.3514603,-37.6717892],[178.351241,-37.6719521],[178.3509185,-37.6721771],[178.350791,-37.6722636],[178.3506844,-37.6723327],[178.3505616,-37.6724018],[178.3503599,-37.6725131],[178.3501326,-37.672626],[178.3494342,-37.6729563],[178.3487458,-37.6732737],[178.3484675,-37.6734006],[178.3481764,-37.6735461],[178.348082,-37.6735905],[178.3479823,-37.6736433],[178.3479231,-37.6736899],[178.3478627,-37.673737],[178.3478166,-37.6737928],[178.34778,-37.6738529],[178.3477518,-37.6739097],[178.3477337,-37.6739738],[178.347724,-37.6740418],[178.347725,-37.6741097],[178.3477324,-37.674163],[178.3477533,-37.6742121],[178.347793,-37.6742705],[178.3478407,-37.6743279],[178.3479429,-37.6744309],[178.3484892,-37.6750404],[178.34939,-37.6760099],[178.3496553,-37.6763094],[178.3497222,-37.6763949],[178.3497797,-37.6764821],[178.3498471,-37.67659],[178.3499018,-37.6766995],[178.3499464,-37.6768106],[178.3499755,-37.6768964],[178.3500026,-37.6769944],[178.3500196,-37.6770882],[178.3500312,-37.6771804],[178.350036,-37.6773207],[178.3500384,-37.6773887],[178.3500368,-37.6774589],[178.3500258,-37.6775455],[178.3500121,-37.6776331],[178.3499561,-37.6778088],[178.3498586,-37.6780733],[178.3493762,-37.6793166],[178.3491173,-37.6799759],[178.3488597,-37.6806364],[178.3487445,-37.680936],[178.3485509,-37.6814325],[178.3484072,-37.6817961],[178.3480234,-37.6827881],[178.3479285,-37.6830195],[178.3478811,-37.6831564],[178.3478592,-37.6832371],[178.347838,-37.6833352],[178.3478276,-37.6833814],[178.3478212,-37.6834371],[178.3478148,-37.6835065],[178.3478123,-37.6835836],[178.3478131,-37.6836786],[178.3478206,-37.6838001],[178.3478422,-37.6839421],[178.3478684,-37.6840819],[178.3479397,-37.6844347],[178.3479542,-37.6845253],[178.3479607,-37.6846255],[178.3479627,-37.6847186],[178.3479573,-37.684842],[178.3479169,-37.685121],[178.3477566,-37.6858954],[178.3475843,-37.6866734],[178.347511,-37.687008],[178.3474819,-37.6871758],[178.3474687,-37.6872682],[178.3474655,-37.6873123],[178.3474623,-37.6873564],[178.3474665,-37.6874585],[178.3474741,-37.687586],[178.3474924,-37.6877156],[178.3475146,-37.6878511],[178.3475337,-37.6879236],[178.3475482,-37.6880014],[178.3475786,-37.6881092],[178.3476143,-37.6882181],[178.3476385,-37.6882924],[178.3477135,-37.6885101],[178.347761,-37.688642],[178.3478113,-37.6887845],[178.3478719,-37.6889473],[178.3479567,-37.6891403],[178.3480065,-37.6892727],[178.3480589,-37.6894019],[178.3480956,-37.6894863],[178.3481518,-37.6896038],[178.3482121,-37.6897171],[178.3483,-37.6898429],[178.3483979,-37.6899648],[178.3484744,-37.6900479],[178.3485526,-37.6901231],[178.3486395,-37.6901942],[178.3487431,-37.690271],[178.3489661,-37.6904116],[178.3493157,-37.6906],[178.3495538,-37.6907303],[178.3497798,-37.6908723],[178.3499335,-37.6909871],[178.3499975,-37.6910446],[178.3500587,-37.691106],[178.3501031,-37.6911663],[178.350166,-37.6912624],[178.3502081,-37.6913388],[178.3502404,-37.6914185],[178.3502653,-37.6914971],[178.3502791,-37.6915674],[178.3502839,-37.6916379],[178.3502834,-37.69171],[178.3502784,-37.6918201],[178.350266,-37.6919462],[178.3502392,-37.6922046],[178.3502057,-37.6924688],[178.3501757,-37.6925869],[178.3501131,-37.6927818],[178.3500672,-37.6929453],[178.350046,-37.6930794],[178.3500435,-37.6931806],[178.3500587,-37.6932819],[178.3500907,-37.6934012],[178.3501466,-37.6935793],[178.3502266,-37.6937845],[178.350282,-37.693962],[178.350292,-37.6940455],[178.3502939,-37.6941295],[178.3502771,-37.6942341],[178.3502383,-37.6943578],[178.350187,-37.6944926],[178.3501567,-37.6945799],[178.3501371,-37.694664],[178.3501256,-37.6947447],[178.3501249,-37.6948201],[178.3501363,-37.6949066],[178.3501607,-37.6949889],[178.3502057,-37.6950854],[178.3502667,-37.6951777],[178.35033,-37.6952588],[178.3503987,-37.6953244],[178.3505846,-37.6954991],[178.3507673,-37.6956742],[178.3508825,-37.6958092],[178.3509944,-37.6959654],[178.3511061,-37.6961274],[178.351205,-37.6962883],[178.3513622,-37.6966248],[178.3514823,-37.6969089],[178.3516092,-37.6971978],[178.3516747,-37.6973946],[178.351694,-37.6975192],[178.3516992,-37.6975921],[178.3516964,-37.6976693],[178.3516898,-37.6977546],[178.3516717,-37.6978522],[178.3516448,-37.6979807],[178.3516065,-37.6981204],[178.3514063,-37.6988076],[178.3513328,-37.6990697],[178.3512714,-37.6992607],[178.3512129,-37.6994035],[178.3511752,-37.699474],[178.3511151,-37.699551],[178.3510276,-37.6996434],[178.3509675,-37.6996922],[178.3506351,-37.6999331],[178.3505337,-37.7000158],[178.3504395,-37.7001074],[178.3503521,-37.7002031],[178.3502166,-37.7003866],[178.3501235,-37.7005462],[178.3500404,-37.7007249],[178.3500062,-37.7008068],[178.3499774,-37.700893],[178.349956,-37.7009865],[178.3499419,-37.70108],[178.3499372,-37.7011725],[178.349939,-37.7012633],[178.3499475,-37.7013579],[178.3499638,-37.7014781],[178.3500776,-37.7019308],[178.3501301,-37.7021649],[178.3501536,-37.7022804],[178.3501732,-37.7023947],[178.3501895,-37.7024817],[178.3501965,-37.7025708],[178.3502055,-37.7026588],[178.3502065,-37.7027489],[178.3502089,-37.7029276],[178.350196,-37.7030614],[178.3501751,-37.7031951],[178.3501275,-37.7033808],[178.350101,-37.7034678],[178.3500691,-37.7035548],[178.3500098,-37.7036898],[178.3499363,-37.7038145],[178.34986,-37.7039392],[178.3497631,-37.7040739],[178.349553,-37.7043302],[178.3493422,-37.7045954],[178.3488359,-37.7052087],[178.3487224,-37.705365],[178.3486652,-37.7054524],[178.3486125,-37.7055542],[178.3485767,-37.7056661],[178.3485497,-37.7057972],[178.3485382,-37.705933],[178.348547,-37.7060892],[178.3485618,-37.706254],[178.3486046,-37.7065801],[178.3487316,-37.7072293],[178.3488344,-37.7078367],[178.3489011,-37.7080684],[178.3489526,-37.708202],[178.3490088,-37.7083388],[178.3490534,-37.7084432],[178.3491215,-37.7085726],[178.3491728,-37.7086537],[178.3492409,-37.7087491],[178.3493147,-37.708841],[178.3494362,-37.7089765],[178.3495312,-37.7090864],[178.3495892,-37.7091738],[178.3496384,-37.7092712],[178.3496643,-37.709366],[178.3496748,-37.7094592],[178.3496763,-37.7095468],[178.3496503,-37.7097258],[178.3495476,-37.7103756],[178.3495011,-37.7106292],[178.3494681,-37.7107703],[178.3494233,-37.7108864],[178.3493878,-37.7109814],[178.3491829,-37.7113363],[178.3490651,-37.7115082],[178.34897,-37.7116546],[178.3489311,-37.7117218],[178.3488916,-37.711807],[178.3488614,-37.7118812],[178.3488299,-37.7119702],[178.3488051,-37.7120634],[178.348778,-37.7121955],[178.3487649,-37.7123265],[178.3487491,-37.7125949],[178.348738,-37.7127773],[178.3487127,-37.7129354],[178.3486833,-37.7130295],[178.3486485,-37.7131214],[178.3486075,-37.7132057],[178.3485612,-37.7132878],[178.3484927,-37.7133893],[178.3484215,-37.7134813],[178.3483058,-37.7136063],[178.3481767,-37.7137376],[178.3480563,-37.7138625],[178.3479627,-37.7139716],[178.3478942,-37.7140676],[178.347841,-37.714162],[178.3478104,-37.7142486],[178.3477939,-37.7143389],[178.3477978,-37.7144289],[178.3478112,-37.7145153],[178.3478376,-37.7145961],[178.3478761,-37.7146833],[178.3479329,-37.7147698],[178.3479884,-37.7148399],[178.3481738,-37.7150725],[178.3482511,-37.7151832],[178.3482908,-37.7152445],[178.3483363,-37.7153358],[178.3483697,-37.7154054],[178.3484191,-37.7156019],[178.3484649,-37.7157472],[178.3485065,-37.7159158],[178.3485591,-37.7161331],[178.3486035,-37.7163477],[178.3486526,-37.7168512],[178.3486762,-37.7171095],[178.3486997,-37.7173445],[178.3487609,-37.7178551],[178.3488227,-37.7183672],[178.3488271,-37.7184995],[178.3488263,-37.7185473],[178.3488174,-37.7185952],[178.3487983,-37.7186657],[178.3487624,-37.7187522],[178.3486169,-37.7190427],[178.3485826,-37.7191295],[178.3485544,-37.7192056],[178.3485423,-37.7192595],[178.3485369,-37.7193002],[178.3485335,-37.7193462],[178.3485313,-37.7194064],[178.3485365,-37.7194703],[178.3485502,-37.719561],[178.3485676,-37.719646],[178.3486118,-37.719818],[178.3486356,-37.7199259],[178.3486488,-37.7200024],[178.3486547,-37.7200815],[178.3486517,-37.7201747],[178.3486401,-37.7202674],[178.3486184,-37.7203519],[178.3485898,-37.7204348],[178.3485538,-37.7205144],[178.34837,-37.7208345],[178.3482413,-37.7210384],[178.3481772,-37.7211504],[178.3481367,-37.721239],[178.3481117,-37.7213202],[178.3481018,-37.721381],[178.3480979,-37.721429],[178.3480984,-37.7214954],[178.3481103,-37.7215888],[178.3481237,-37.7216722],[178.3481418,-37.7217656],[178.3481924,-37.7220208],[178.3482344,-37.7222058],[178.3482668,-37.7222954],[178.3483052,-37.7223791],[178.3483506,-37.7224553],[178.3484098,-37.7225294],[178.3484831,-37.7226026],[178.3485627,-37.7226602],[178.3486677,-37.7227189],[178.3488587,-37.7228063],[178.34916,-37.7229256],[178.3494646,-37.7230406],[178.3498763,-37.7231863],[178.3500261,-37.7232321],[178.350184,-37.7232758],[178.350399,-37.7233291],[178.35061,-37.7233835],[178.3508211,-37.7234336],[178.3509303,-37.7234663],[178.3510415,-37.7235006],[178.351131,-37.7235356],[178.351226,-37.7235769],[178.3513157,-37.7236246],[178.351543,-37.7237486],[178.3517797,-37.7238886],[178.351942,-37.7239914],[178.3520581,-37.7240756],[178.3521458,-37.7241467],[178.3522193,-37.7242174],[178.3523289,-37.7243587],[178.3524357,-37.7245271],[178.3525391,-37.7246903],[178.3526668,-37.7248732],[178.3527352,-37.7249597],[178.3528056,-37.7250372],[178.3528769,-37.7250997],[178.3529544,-37.7251541],[178.3531853,-37.7253008],[178.3534249,-37.7254428],[178.3537269,-37.7256245],[178.3540415,-37.7258013],[178.3541685,-37.7258648],[178.3543015,-37.7259283],[178.3544016,-37.7259664],[178.3545092,-37.7259996],[178.3546185,-37.7260239],[178.3547255,-37.7260419],[178.3548352,-37.7260535],[178.3551416,-37.7260815],[178.3554284,-37.7261213],[178.3555701,-37.7261476],[178.3557111,-37.7261845],[178.3558293,-37.7262209],[178.3559395,-37.7262594],[178.3561484,-37.7263482],[178.3562197,-37.7263902],[178.3562943,-37.7264401],[178.3564187,-37.7265508],[178.3565935,-37.7267415],[178.3569308,-37.7271199],[178.3570191,-37.7272234],[178.3570685,-37.7273004],[178.3571086,-37.7273798],[178.3571413,-37.7274735],[178.3571762,-37.7276179],[178.3571775,-37.7277146],[178.3571695,-37.7278023],[178.3571601,-37.7279215],[178.3571554,-37.7280111],[178.3571616,-37.7280826],[178.3571788,-37.7281351],[178.3572026,-37.7281838],[178.3572385,-37.7282404],[178.357277,-37.7282959],[178.3573316,-37.7283483],[178.3574816,-37.7284727],[178.3579271,-37.7288187],[178.3581113,-37.7289901],[178.3581987,-37.7290784],[178.3582821,-37.7291716],[178.3584124,-37.7293427],[178.3585121,-37.7294892],[178.3586158,-37.7296538],[178.3587469,-37.7298911],[178.3588814,-37.73013],[178.3589212,-37.7302095],[178.3590005,-37.7303681],[178.359129,-37.7306036]]}},{"type":"Feature","properties":{"asset_id":4827},"geometry":{"type":"LineString","coordinates":[[178.2953165,-37.8930119],[178.2952842,-37.8940495],[178.2952701,-37.8945634],[178.2952582,-37.8949098],[178.2952566,-37.8949574],[178.2952539,-37.8950778],[178.2952405,-37.8955922],[178.2952095,-37.8966253],[178.2951753,-37.8976604],[178.2951457,-37.8986834],[178.2951439,-37.8988476],[178.2951457,-37.8990291],[178.2951597,-37.8992085],[178.2951824,-37.8993816],[178.2952294,-37.8996031],[178.2952841,-37.8997785],[178.2953576,-37.8999528],[178.2954391,-37.9001223],[178.2955394,-37.9002897],[178.2956636,-37.9004723],[178.2957932,-37.9006539],[178.2959372,-37.9008435],[178.2964473,-37.9015215],[178.2968355,-37.9020382],[178.2973067,-37.9026651],[178.2975386,-37.902979],[178.2977598,-37.903293],[178.2978113,-37.9033734],[178.2978861,-37.9034821],[178.2978959,-37.9034976],[178.297911,-37.9035212],[178.2978111,-37.9035593],[178.2977146,-37.9035953],[178.2969714,-37.9038685],[178.296294,-37.904128],[178.296119,-37.904205],[178.2960013,-37.9042599],[178.295889,-37.9043191],[178.2955179,-37.9045251],[178.2951556,-37.9047342],[178.2947681,-37.9049585],[178.2941222,-37.9053423],[178.2937287,-37.9055715],[178.2928556,-37.9060851],[178.2924579,-37.9063183],[178.2922867,-37.9064009],[178.2921455,-37.9064565],[178.2920163,-37.9065015],[178.2918638,-37.9065383],[178.2917285,-37.9065653],[178.2915704,-37.9065838],[178.2913667,-37.9066114],[178.2911576,-37.9066346],[178.2900956,-37.9067672],[178.2894021,-37.9068519],[178.2888838,-37.9069199],[178.2880219,-37.9070626],[178.2877527,-37.9070983],[178.2874446,-37.9071171],[178.2867655,-37.9071286],[178.2864488,-37.9071348],[178.2863065,-37.9071484],[178.2862124,-37.9071664],[178.2861169,-37.9071955],[178.2860159,-37.907236],[178.2859216,-37.9072914],[178.2856645,-37.9074725],[178.2855731,-37.9075251],[178.2854677,-37.9075678],[178.2853582,-37.9075957],[178.2852481,-37.9076067],[178.2851288,-37.9076012],[178.2850203,-37.9075788],[178.2849197,-37.9075488],[178.2848231,-37.9075071],[178.2847105,-37.907446],[178.2843495,-37.9072092],[178.2841967,-37.907126],[178.2840969,-37.9070771],[178.2835441,-37.9068361],[178.283006,-37.9065972],[178.2827842,-37.9065035],[178.2826288,-37.906449],[178.2824735,-37.9064008],[178.2823088,-37.9063548],[178.2821454,-37.906295],[178.2820488,-37.9062474],[178.281977,-37.9062083],[178.2818952,-37.9061501],[178.2818188,-37.9060834],[178.2817447,-37.9059996],[178.2816793,-37.905919],[178.2815899,-37.9057734],[178.2814797,-37.9055791],[178.2813889,-37.905425],[178.2812955,-37.9052846],[178.281237,-37.9052066],[178.2811692,-37.9051221],[178.2810578,-37.9049941],[178.280922,-37.9048402],[178.2808507,-37.9047548],[178.2807902,-37.9046652],[178.2807305,-37.904571],[178.2806789,-37.9044588],[178.2805194,-37.9041634],[178.2804945,-37.9041256],[178.2804568,-37.9040877],[178.2804099,-37.9040542],[178.280355,-37.9040175],[178.280306,-37.903989],[178.2802282,-37.9039583],[178.2800718,-37.9039157],[178.2797103,-37.9038497],[178.2795284,-37.9038057],[178.2793579,-37.9037512],[178.2792293,-37.9036982],[178.2788545,-37.9035193],[178.2787412,-37.9034814],[178.2786414,-37.9034593],[178.2785299,-37.9034459],[178.2784055,-37.9034483],[178.278297,-37.9034614],[178.2781815,-37.9034848],[178.2780824,-37.9035173],[178.2779969,-37.9035562],[178.2779389,-37.9035899],[178.2778643,-37.9036432],[178.2778004,-37.9037008],[178.2777394,-37.9037728],[178.2775601,-37.9040098],[178.2774679,-37.9041135],[178.2773728,-37.9041969],[178.2773019,-37.9042474],[178.2772019,-37.9042984],[178.277098,-37.9043354],[178.2770107,-37.9043618],[178.2768751,-37.9043819],[178.2767803,-37.9043851],[178.2765847,-37.9043825],[178.2761265,-37.9043409],[178.2757863,-37.904314],[178.2756079,-37.904309],[178.2755207,-37.9043197],[178.2754429,-37.9043367],[178.2753653,-37.9043602],[178.2752573,-37.9044193],[178.2751753,-37.904482],[178.2750327,-37.9046024],[178.274174,-37.9053228],[178.273956,-37.9055029],[178.2738452,-37.9056005],[178.2736913,-37.9057401],[178.2735521,-37.9058782],[178.2734865,-37.905955],[178.2733739,-37.9061112],[178.2732227,-37.9063442],[178.2731293,-37.9065074],[178.2730435,-37.906653],[178.2729522,-37.9068256],[178.2728743,-37.9070047],[178.2727252,-37.9073902],[178.2726235,-37.9076021],[178.2725369,-37.9077487],[178.2724342,-37.9078952],[178.2723188,-37.9080624],[178.272259,-37.9081522],[178.2722073,-37.9082419],[178.2721011,-37.9084257],[178.2719727,-37.9087108],[178.27189,-37.9089112],[178.2718488,-37.9090414],[178.2718096,-37.909171],[178.271789,-37.9092742],[178.2717727,-37.909363],[178.2717638,-37.9094465],[178.2717541,-37.909555],[178.2717491,-37.9096619],[178.2717432,-37.9098678],[178.2717448,-37.9101527],[178.271744,-37.9107011],[178.2717524,-37.9108414],[178.2717708,-37.9109668],[178.2718471,-37.9112664],[178.2718773,-37.9114058],[178.2718981,-37.9115959],[178.2719069,-37.9118594],[178.2719241,-37.9119546],[178.2719541,-37.912045],[178.2720167,-37.9121873],[178.2722571,-37.9126715],[178.2722902,-37.9127683],[178.2723125,-37.9128778],[178.2723227,-37.912999],[178.2723135,-37.9131222],[178.2722827,-37.9132868],[178.2722424,-37.9134324],[178.2721493,-37.9137474],[178.2721318,-37.9138066],[178.271881,-37.9146595],[178.2716397,-37.9154696],[178.271525,-37.9158336],[178.2714037,-37.9161897],[178.2712877,-37.9164836],[178.271149,-37.9168198],[178.2710756,-37.9169857],[178.2709982,-37.9171505],[178.2709693,-37.9172083],[178.2709189,-37.9172953],[178.2708492,-37.9173868],[178.2707849,-37.9174622],[178.2706991,-37.9175292],[178.270615,-37.9175909]]}},{"type":"Feature","properties":{"asset_id":12900},"geometry":{"type":"LineString","coordinates":[[178.270615,-37.9175909],[178.2705976,-37.9176037],[178.270486,-37.9176663],[178.2704081,-37.9177023],[178.2703269,-37.9177341],[178.2702187,-37.9177712],[178.2688904,-37.9181913],[178.2684858,-37.9183177],[178.2680832,-37.9184511],[178.2676379,-37.918608],[178.2675571,-37.9186389],[178.2674602,-37.9186739],[178.2671482,-37.9187956],[178.2668444,-37.9189247],[178.2664987,-37.919076],[178.2659367,-37.9193537],[178.2656724,-37.9194931],[178.2654657,-37.9196113],[178.2650139,-37.919886],[178.2647109,-37.9200795],[178.2644086,-37.920282],[178.263489,-37.9209299],[178.2630178,-37.9212602],[178.2625506,-37.9215916],[178.2623117,-37.9217742],[178.2621513,-37.9219123],[178.262049,-37.9220136],[178.2620063,-37.9220545],[178.2619622,-37.9221017],[178.2618485,-37.9222324],[178.2617596,-37.9223542],[178.2616868,-37.922465],[178.2616254,-37.9225637],[178.2615253,-37.9227558],[178.2614439,-37.9229256],[178.2613639,-37.9231051],[178.2612879,-37.9232813],[178.2612226,-37.923448],[178.2611522,-37.9236342],[178.2610898,-37.9238193],[178.2609732,-37.9241923],[178.2609693,-37.9242039],[178.2608613,-37.9245226],[178.2607137,-37.9249302],[178.260406,-37.9257102],[178.2602562,-37.9260905],[178.2600877,-37.9264707],[178.2599377,-37.9267893],[178.2598443,-37.9269687],[178.2597529,-37.9271507],[178.2596015,-37.9274305],[178.2594668,-37.9276749],[178.2593227,-37.9279198],[178.2592535,-37.9280217],[178.2591836,-37.9281252],[178.2590874,-37.9282464],[178.2589971,-37.928349],[178.2588489,-37.9284961],[178.2586954,-37.9286411],[178.2583239,-37.9289722],[178.2581382,-37.9291366],[178.2579525,-37.9293042],[178.257809,-37.9294347],[178.2576911,-37.9295466],[178.2576071,-37.9296429],[178.2575343,-37.9297336],[178.2574951,-37.9297926],[178.2574541,-37.9298545],[178.2573926,-37.929958],[178.2573414,-37.9300485],[178.2573002,-37.9301369],[178.2572658,-37.93023],[178.2572231,-37.9303628],[178.2571315,-37.9307955],[178.2570571,-37.9311757],[178.257012,-37.9314044]]}},{"type":"Feature","properties":{"asset_id":4829},"geometry":{"type":"LineString","coordinates":[[178.2570116,-37.9314065],[178.2567286,-37.9328491],[178.2566158,-37.9334257],[178.2564835,-37.9340102],[178.2556925,-37.937164],[178.2554905,-37.9379546],[178.255135,-37.9393792],[178.2549525,-37.9400926],[178.2548727,-37.9404072],[178.2548035,-37.9407219],[178.2547854,-37.9408069],[178.254742,-37.9410095],[178.2546913,-37.9412845],[178.2546565,-37.9415187],[178.2546378,-37.9416985],[178.2546232,-37.9418652],[178.2546165,-37.942163],[178.2546156,-37.9423853],[178.2546153,-37.9424608],[178.2546082,-37.9430094],[178.2545971,-37.943135],[178.2545618,-37.9432744],[178.2545334,-37.9433635],[178.2544943,-37.9434505],[178.254444,-37.9435277],[178.2543482,-37.9436413],[178.2542355,-37.9437301],[178.254147,-37.9437904],[178.2537875,-37.9440136],[178.2536908,-37.9440777],[178.2535859,-37.9441588],[178.2534521,-37.9442792],[178.2533618,-37.9443744],[178.2532754,-37.9444743],[178.2531957,-37.9445785],[178.2530484,-37.9447911],[178.2527512,-37.9452141],[178.2524871,-37.9455528],[178.2523417,-37.9457133],[178.2522031,-37.9458374],[178.2520414,-37.9459557],[178.2519361,-37.9460267],[178.2515437,-37.9462563],[178.2513016,-37.9464],[178.2510917,-37.9465433],[178.2509586,-37.9466458],[178.2508147,-37.9467695],[178.2503396,-37.9472198],[178.2498684,-37.9476728],[178.2488168,-37.948677],[178.2485273,-37.9489817],[178.2482825,-37.9492841],[178.2479842,-37.9496771],[178.2476865,-37.9500737],[178.2475301,-37.9502816],[178.2474045,-37.950442],[178.247115,-37.9507739],[178.2468074,-37.9511001],[178.2464281,-37.9514912],[178.2462435,-37.951692],[178.2460378,-37.9519408],[178.245951,-37.9520666],[178.2458682,-37.9521934],[178.2458033,-37.9523001],[178.2457438,-37.9524068],[178.245691,-37.9525101],[178.2456449,-37.9526112],[178.2455986,-37.9527172],[178.2455464,-37.9528501],[178.2454861,-37.9530473],[178.2454271,-37.9532794],[178.2453861,-37.9536014],[178.2453704,-37.9538391],[178.2453531,-37.9543995],[178.2453493,-37.9546838],[178.2453299,-37.9549544],[178.2453155,-37.9550892],[178.2452876,-37.9552239],[178.2452418,-37.9554151],[178.245187,-37.9555808],[178.2451296,-37.9557464],[178.2449722,-37.9561707],[178.2448798,-37.9564475],[178.2448498,-37.9565515],[178.2448053,-37.9567515],[178.2447728,-37.9569594],[178.2447582,-37.9571019],[178.2447516,-37.9572502],[178.2447576,-37.9574243],[178.244777,-37.9575985],[178.2447964,-37.9577346],[178.2448386,-37.9579558],[178.2448802,-37.9581228],[178.2449244,-37.9582887],[178.2449663,-37.9584263],[178.2450123,-37.9585627],[178.2450582,-37.9586916],[178.2451095,-37.9588151],[178.245142,-37.9588971],[178.2451798,-37.9589769],[178.2452608,-37.9591303],[178.2454302,-37.9594227],[178.2455958,-37.9597088],[178.2457579,-37.9599939],[178.2459815,-37.9604075],[178.2461549,-37.9607359],[178.2462646,-37.9609607],[178.2463265,-37.9610966],[178.2463763,-37.9612389],[178.246414,-37.9613717],[178.2464437,-37.9615088],[178.2465403,-37.9623675],[178.2465565,-37.9624582],[178.2465781,-37.9625458],[178.2466036,-37.9626381],[178.2466426,-37.9627325],[178.2466961,-37.9628429],[178.2467585,-37.9629318],[178.2468362,-37.9630271],[178.2469284,-37.9631266],[178.2470286,-37.9632261],[178.2475523,-37.9637356],[178.2476848,-37.9638678],[178.2478132,-37.9640041],[178.2478813,-37.9640916],[178.2479439,-37.9641801],[178.2479822,-37.9642447],[178.2480097,-37.9643007],[178.24804,-37.9643801],[178.2480608,-37.9644636],[178.2480735,-37.9645573],[178.2480795,-37.9646488],[178.248081,-37.9647847],[178.2480745,-37.9649205],[178.2480397,-37.9653471],[178.248011,-37.9657753],[178.2479898,-37.9662016],[178.2479699,-37.9666279],[178.2479038,-37.9674545],[178.2478945,-37.967594],[178.247892,-37.9677324],[178.2478979,-37.9679314],[178.2479072,-37.9680118],[178.2479205,-37.9680912],[178.2479429,-37.9681776],[178.2479746,-37.9682714],[178.2480033,-37.9683443],[178.2480441,-37.9684235],[178.2480933,-37.9685001],[178.2481451,-37.968562],[178.2482093,-37.9686347],[178.2482855,-37.9687074],[178.2483631,-37.968778],[178.2484461,-37.9688443],[178.2488379,-37.9691306],[178.2491814,-37.9693904],[178.2496308,-37.9697569],[178.2499867,-37.9700662],[178.2501398,-37.9702077],[178.2502849,-37.9703502],[178.2504277,-37.9705033],[178.250543,-37.9706358],[178.2508151,-37.9709721],[178.2511632,-37.9714073],[178.2515086,-37.9718435],[178.2523776,-37.9729289],[178.2525089,-37.9730883],[178.252635,-37.973234],[178.2527617,-37.9733688],[178.2529053,-37.9735073],[178.2531018,-37.9736796],[178.2533068,-37.973838],[178.2535245,-37.9739858],[178.2538072,-37.9741565],[178.2539868,-37.9742566],[178.2541757,-37.9743541],[178.2544708,-37.9744872],[178.2546535,-37.9745576],[178.2548409,-37.9746201],[178.2550932,-37.9746911],[178.2553227,-37.9747547],[178.2560617,-37.9749366],[178.2583705,-37.9754846],[178.2606907,-37.9760364]]}},{"type":"Feature","properties":{"asset_id":10427},"geometry":{"type":"LineString","coordinates":[[178.0983188,-38.6676043],[178.098047,-38.6676464],[178.0977731,-38.66769],[178.0975433,-38.6677298],[178.0973258,-38.6677754],[178.0972022,-38.6678058],[178.0970356,-38.6678513],[178.0968533,-38.6679079],[178.0966617,-38.6679728],[178.0965116,-38.6680305]]}},{"type":"Feature","properties":{"asset_id":4864},"geometry":{"type":"LineString","coordinates":[[178.0965116,-38.6680305],[178.0964891,-38.6680391],[178.0963139,-38.6681149],[178.0938787,-38.6691769],[178.0926577,-38.6697042],[178.0914441,-38.670231],[178.0910027,-38.6704208],[178.0905573,-38.6706169],[178.0904724,-38.6706573],[178.0903888,-38.6706997],[178.0902811,-38.6707563],[178.0901747,-38.6708171],[178.0900048,-38.6709277],[178.089835,-38.6710414],[178.0890262,-38.6715696],[178.0888945,-38.671656],[178.088764,-38.6717434],[178.0886342,-38.671835],[178.0885058,-38.6719297],[178.0867321,-38.6732541],[178.0856631,-38.6740551],[178.085128,-38.6744545],[178.0845902,-38.6748528],[178.0830494,-38.675985],[178.0824066,-38.676461],[178.0820684,-38.6767115],[178.0817249,-38.6769594],[178.0816415,-38.6770141],[178.0815555,-38.6770672],[178.081451,-38.6771307],[178.0812754,-38.6772246],[178.081184,-38.6772706],[178.0810778,-38.6773209],[178.0807394,-38.6774632],[178.0801766,-38.6777048]]}},{"type":"Feature","properties":{"asset_id":4858},"geometry":{"type":"LineString","coordinates":[[178.2139908,-38.5533414],[178.2137782,-38.5541776],[178.2135647,-38.5550099],[178.2131363,-38.5566736],[178.2122782,-38.5600049],[178.2122072,-38.5602968],[178.2121674,-38.5604758],[178.2121382,-38.5606501],[178.2121104,-38.5608215],[178.2120195,-38.5614831],[178.2119895,-38.5616615],[178.2119467,-38.5618476],[178.2118893,-38.5620187],[178.2118104,-38.5621934],[178.2113211,-38.5631277],[178.2112196,-38.5633004],[178.2111491,-38.5634064],[178.2110752,-38.5635108],[178.2109385,-38.5636727],[178.2108028,-38.5638084],[178.2107053,-38.5638925],[178.2105474,-38.5640029],[178.2104493,-38.5640579],[178.2103565,-38.5641066],[178.2101616,-38.5641956],[178.2099365,-38.5642823],[178.2096123,-38.5643907],[178.2092735,-38.5644902],[178.2087687,-38.5646401],[178.2086421,-38.5646784],[178.2085182,-38.5647189],[178.2083449,-38.5647798],[178.2080898,-38.5648889],[178.2063294,-38.565711],[178.2060849,-38.5658149],[178.2059452,-38.5658679],[178.2058042,-38.5659187],[178.2056866,-38.565957],[178.2055786,-38.5659885],[178.2054323,-38.5660264],[178.2049418,-38.5661266],[178.2047061,-38.5661796],[178.2045176,-38.5662248],[178.2043361,-38.5662777],[178.2041904,-38.5663292],[178.2040654,-38.5663817],[178.2039479,-38.5664383],[178.2038376,-38.5665013],[178.2036741,-38.5666048],[178.2035719,-38.5666768],[178.2034491,-38.5667762],[178.2033008,-38.5669118],[178.2032218,-38.5669989],[178.2031572,-38.5670767],[178.2030992,-38.5671577],[178.2029779,-38.5673564],[178.2028142,-38.567666],[178.2026519,-38.5679772],[178.2023218,-38.5685995],[178.2022551,-38.5687105],[178.2021763,-38.5688194],[178.2020603,-38.5689444],[178.2019228,-38.5690614],[178.2017336,-38.5691916],[178.2015067,-38.5693282],[178.201404,-38.569379],[178.2012987,-38.5694235],[178.2011953,-38.5694639],[178.2010839,-38.5695011],[178.2009985,-38.5695266],[178.2009103,-38.5695501],[178.2008057,-38.5695727],[178.2007025,-38.56959],[178.2005312,-38.5696098],[178.2003438,-38.5696206],[178.1996995,-38.5696309],[178.1993027,-38.5696292],[178.1991112,-38.5696233],[178.1989227,-38.5696118],[178.1987443,-38.5695899],[178.198602,-38.569561],[178.1984691,-38.5695253],[178.1982128,-38.5694454],[178.1979688,-38.5693634]]}},{"type":"Feature","properties":{"asset_id":4859},"geometry":{"type":"LineString","coordinates":[[178.1979686,-38.5693633],[178.1973743,-38.5691635],[178.1972656,-38.569133],[178.1971751,-38.5691089],[178.1970825,-38.5690905],[178.1969759,-38.5690735],[178.1968089,-38.5690549],[178.1966054,-38.5690489],[178.1962951,-38.5690499],[178.195972,-38.569062],[178.1954896,-38.5690871],[178.1951686,-38.5691037],[178.1948477,-38.5691324],[178.1946635,-38.5691521],[178.1945028,-38.5691713],[178.1943541,-38.5691942],[178.194178,-38.569227],[178.1939928,-38.5692745],[178.1938861,-38.5693053],[178.1937311,-38.5693547],[178.1935686,-38.5694115],[178.1933322,-38.5695081],[178.193079,-38.5696241],[178.1925854,-38.5698551],[178.1922666,-38.570007],[178.1920683,-38.5701048],[178.1918606,-38.5702177],[178.1917475,-38.5702888],[178.1916265,-38.5703677],[178.1912406,-38.5706615],[178.1907351,-38.5710593],[178.188988,-38.5724334],[178.1886083,-38.5727367],[178.1882122,-38.5730505],[178.1867688,-38.574194],[178.1860448,-38.574766],[178.1856885,-38.5750458],[178.1853302,-38.575327],[178.1849877,-38.5755995],[178.1846519,-38.5758603],[178.1843167,-38.5761097],[178.1839695,-38.5763595],[178.183606,-38.5766159],[178.1832425,-38.5768687],[178.1825236,-38.5773679],[178.182042,-38.5777019],[178.1815806,-38.5780266],[178.1813725,-38.5781791],[178.1811751,-38.5783443],[178.1809938,-38.5785167],[178.1808286,-38.5786976],[178.180746,-38.5787993],[178.1806674,-38.578901],[178.180506,-38.5791502],[178.1804161,-38.5793094],[178.1803152,-38.579517],[178.1802567,-38.5796647],[178.1802033,-38.5798354],[178.1801632,-38.57999],[178.1801284,-38.5801844],[178.1801085,-38.5804511],[178.1801108,-38.5807254],[178.1801312,-38.5810001],[178.180175,-38.581219],[178.1802437,-38.5814369],[178.1803357,-38.5816579],[178.1804588,-38.5818952],[178.1805954,-38.5821329],[178.1815466,-38.5836946],[178.1825059,-38.5852541],[178.1827476,-38.5856491],[178.1829865,-38.5860409],[178.1830775,-38.5861967],[178.1831016,-38.5862426],[178.1831356,-38.5863075],[178.1831913,-38.5864143],[178.1832403,-38.5865232],[178.1833135,-38.586697],[178.1833686,-38.5868402],[178.1834869,-38.5871787],[178.1835947,-38.5875027],[178.1837004,-38.5878277],[178.1838521,-38.5882812],[178.1839133,-38.5884757],[178.1839462,-38.5886217],[178.1839629,-38.5887609],[178.1839737,-38.5889203],[178.1839654,-38.5891031],[178.1839389,-38.5892855],[178.1839046,-38.5894381],[178.1838416,-38.5896317],[178.1837691,-38.5897916],[178.1837211,-38.5898829],[178.1836611,-38.5899783],[178.1835643,-38.5901171],[178.1833187,-38.5904277],[178.1822067,-38.5917936],[178.1820337,-38.5920134],[178.1818748,-38.5922244],[178.1817434,-38.5924312],[178.1816571,-38.5926085],[178.1816086,-38.5927112],[178.1815696,-38.592815],[178.1815349,-38.592919],[178.1815095,-38.5930251],[178.1814765,-38.5931735],[178.1814147,-38.5935572],[178.1813924,-38.5937457],[178.1813628,-38.5940049],[178.1813048,-38.5944354],[178.1812748,-38.5945775],[178.1812397,-38.594711],[178.1811408,-38.595039],[178.1810171,-38.5954094],[178.1809538,-38.5955676],[178.1808884,-38.5956924],[178.1808201,-38.5958074],[178.1807331,-38.5959245],[178.1806326,-38.5960306],[178.1805059,-38.5961482],[178.1801587,-38.5964253],[178.180028,-38.5965314],[178.1799208,-38.5966333],[178.1798109,-38.5967435],[178.1797104,-38.5968721],[178.1796167,-38.5970122],[178.1795675,-38.5970992],[178.1795022,-38.597213],[178.1794504,-38.5973286],[178.179412,-38.5974416],[178.1793881,-38.5975766],[178.1793817,-38.5977127],[178.1793839,-38.5978472],[178.1794028,-38.5979811],[178.1794494,-38.5982216],[178.1795061,-38.5984153],[178.179614,-38.5986912],[178.1797656,-38.5990131],[178.1798849,-38.5992388],[178.1799969,-38.5994178],[178.1800889,-38.5995535],[178.1801702,-38.5996567],[178.1802983,-38.5998016],[178.1804371,-38.5999386],[178.1805807,-38.6000673],[178.1807565,-38.6002013],[178.1808499,-38.6002699],[178.1809675,-38.6003489],[178.1811925,-38.6004918],[178.1814024,-38.6006177],[178.1816513,-38.6007776],[178.1818304,-38.6009109],[178.1819644,-38.6010352],[178.1820743,-38.601154],[178.1821762,-38.6012779],[178.1822856,-38.6014239],[178.1824406,-38.6016402],[178.1826056,-38.601891],[178.182699,-38.6020442],[178.1827911,-38.6022132],[178.1828958,-38.6024189],[178.1829978,-38.6026272],[178.1831072,-38.602856],[178.1831891,-38.6030392],[178.1832442,-38.6031819],[178.1832887,-38.6033225],[178.1833246,-38.6034653],[178.1833719,-38.6037051],[178.1835175,-38.6044568],[178.1836692,-38.6052342],[178.1837076,-38.6054344],[178.1837213,-38.6055475],[178.1837266,-38.6056743],[178.1837248,-38.6057436],[178.1837239,-38.6057757],[178.1837118,-38.6059143],[178.1836928,-38.6060493],[178.1836782,-38.6061294],[178.1836596,-38.6062095],[178.1836373,-38.6062874],[178.1836071,-38.6063632],[178.1835324,-38.6065064],[178.1834306,-38.6066589],[178.1833291,-38.606792],[178.1832222,-38.606922],[178.1830503,-38.6071267],[178.1828764,-38.6073324]]}},{"type":"Feature","properties":{"asset_id":4854},"geometry":{"type":"LineString","coordinates":[[178.2447381,-38.4757438],[178.2445082,-38.4759416],[178.2442589,-38.4761368],[178.2439476,-38.4763677],[178.2436537,-38.4765604],[178.243353,-38.4767469],[178.2430108,-38.4769461],[178.2425552,-38.4771878],[178.2408908,-38.4780228],[178.2400713,-38.4784326],[178.2392545,-38.478843],[178.2390499,-38.4789477],[178.2388675,-38.4790529],[178.2386909,-38.4791599],[178.2385466,-38.4792658],[178.23844,-38.4793563],[178.2383126,-38.4794762],[178.2381747,-38.4796305],[178.2380666,-38.4797789],[178.2379645,-38.4799362],[178.2378925,-38.4800626],[178.2378487,-38.4801393],[178.2375142,-38.4807904],[178.2373937,-38.4810295],[178.2372805,-38.4812708],[178.2372066,-38.4814579],[178.2371703,-38.4815697],[178.2371312,-38.4817377],[178.2371085,-38.4819221],[178.2370979,-38.4820919],[178.2371045,-38.4822708],[178.237152,-38.4826466],[178.2371754,-38.4829022],[178.2371802,-38.4831653],[178.2371547,-38.4841479],[178.2371439,-38.4847809],[178.2371435,-38.4852286],[178.2371476,-38.4854543],[178.2371585,-38.4856758],[178.237172,-38.4858538],[178.2371983,-38.4860355],[178.2372394,-38.4862074],[178.2372899,-38.4863751],[178.2373538,-38.4865525],[178.2374279,-38.4867204],[178.2375495,-38.4869693],[178.2377535,-38.4873671],[178.2379562,-38.4877666],[178.2383629,-38.4885644],[178.2389659,-38.4897395],[178.2395636,-38.4908888],[178.2407797,-38.4932068],[178.2408628,-38.4933723],[178.2409311,-38.4935378],[178.2409981,-38.4937323],[178.2410322,-38.493858],[178.2410568,-38.4940111],[178.2410661,-38.4941624],[178.2410598,-38.4942673],[178.2410427,-38.4943675],[178.2410021,-38.4945136],[178.2409513,-38.4946357],[178.2409065,-38.4947316],[178.2408016,-38.4949189],[178.2406692,-38.4951088],[178.2400704,-38.4958458],[178.2399449,-38.4960161],[178.2398452,-38.496181],[178.2397541,-38.4963858],[178.23971,-38.4965024],[178.2396491,-38.496704],[178.2396094,-38.496865],[178.239567,-38.4970586],[178.2395065,-38.4973485],[178.2394487,-38.4976317],[178.2393882,-38.4979148],[178.2393331,-38.4981979],[178.2392617,-38.4985543],[178.239197,-38.4989106],[178.2391731,-38.4990975],[178.2391681,-38.4991914],[178.2391712,-38.4992843],[178.2391846,-38.4994192],[178.2392074,-38.4995509],[178.2392506,-38.4997296],[178.2393199,-38.4999526],[178.2393985,-38.5001735],[178.2394838,-38.5003873],[178.2395771,-38.500599],[178.2397724,-38.5010155],[178.2398319,-38.5011684],[178.2398684,-38.5013034],[178.2398889,-38.5014195],[178.2399016,-38.5015594],[178.2399038,-38.5016447],[178.2399046,-38.5017288],[178.2398969,-38.501894],[178.2398761,-38.5020689],[178.2398432,-38.5022422],[178.2398176,-38.5023536],[178.2397873,-38.5024639],[178.2397227,-38.5026803],[178.2396472,-38.5028972],[178.2395685,-38.5031142],[178.2394325,-38.5034283],[178.2393565,-38.5035824],[178.2392751,-38.5037345],[178.2391295,-38.5039688],[178.2390189,-38.5041268],[178.2389003,-38.5042816],[178.2386563,-38.504587],[178.2385263,-38.5047447],[178.2383762,-38.5049307],[178.2382248,-38.5051173],[178.2381141,-38.5052526],[178.2380102,-38.5053878],[178.2378143,-38.5056531],[178.2376717,-38.5058573],[178.2375364,-38.5060626],[178.2372739,-38.5064732],[178.2371791,-38.5066173],[178.2370775,-38.5067571],[178.2370701,-38.5067661]]}},{"type":"Feature","properties":{"asset_id":4855},"geometry":{"type":"LineString","coordinates":[[178.2370701,-38.5067661],[178.2369426,-38.5069206],[178.236791,-38.5070753],[178.2366998,-38.5071584],[178.236604,-38.5072389],[178.2364176,-38.5073878],[178.2362544,-38.5075056],[178.2360871,-38.5076165],[178.2354504,-38.508014],[178.2348151,-38.5084078],[178.2344059,-38.5086711],[178.2342107,-38.5088037],[178.2340222,-38.5089422],[178.2337593,-38.5091514],[178.2335078,-38.5093679],[178.2330228,-38.5098016],[178.2327279,-38.5100767],[178.2324465,-38.5103503],[178.2322977,-38.5105066],[178.2321812,-38.5106513],[178.2320587,-38.5108175],[178.2319563,-38.5109857],[178.2318649,-38.5111894],[178.2317899,-38.5113877],[178.2317479,-38.5115244],[178.2317221,-38.5116564],[178.231689,-38.5119208],[178.2316715,-38.5122354],[178.2316573,-38.5125464],[178.2316425,-38.5128969],[178.231615,-38.513809],[178.2316058,-38.5139851],[178.2315862,-38.514132],[178.2315631,-38.5142322],[178.2315241,-38.5143803],[178.2314717,-38.5145231],[178.2313653,-38.5147749],[178.2311905,-38.5151519],[178.2309948,-38.515533],[178.2308467,-38.5157683],[178.2306831,-38.5159847],[178.2304644,-38.5162218],[178.2303021,-38.5163728],[178.2301143,-38.5165229],[178.2299078,-38.5166614],[178.2296818,-38.5167957],[178.2294464,-38.5169258],[178.2288353,-38.5172422],[178.228671,-38.5173341],[178.2285113,-38.5174344],[178.2284162,-38.5175013],[178.2283278,-38.5175724],[178.2282366,-38.5176456],[178.2281496,-38.517724],[178.2280711,-38.517796],[178.2279952,-38.5178701],[178.2279031,-38.5179738],[178.2278151,-38.5180807],[178.2276967,-38.5182449],[178.2275984,-38.5184132],[178.2275222,-38.5185664],[178.2274541,-38.5187301],[178.2274119,-38.5188567],[178.2273832,-38.5189717],[178.2273611,-38.5190878],[178.2273403,-38.5192044],[178.2273256,-38.5194309],[178.2273233,-38.5198848],[178.2273303,-38.5203377],[178.2273406,-38.5211948],[178.2273509,-38.5215787],[178.2273592,-38.5217557],[178.2273775,-38.5219348],[178.2274095,-38.5221212],[178.2274442,-38.5222851],[178.2274721,-38.5223711],[178.2275021,-38.5224566],[178.2275368,-38.5225408],[178.2275742,-38.522625],[178.2276817,-38.5228273],[178.2278012,-38.523026],[178.2279211,-38.5232257],[178.2280336,-38.5234254],[178.2281141,-38.5235822],[178.2281632,-38.5237096],[178.2282029,-38.5238311],[178.2282346,-38.5239537],[178.2282527,-38.5240647],[178.2282655,-38.5241758],[178.228267,-38.5243559],[178.2282494,-38.5245566],[178.2282144,-38.5247678],[178.2280869,-38.5253543],[178.2279742,-38.5258395],[178.2278693,-38.5261804],[178.2277828,-38.5263889],[178.2276713,-38.5265962],[178.2275794,-38.5267429],[178.227468,-38.5268948],[178.2273213,-38.5270701],[178.2271271,-38.5272598],[178.2269134,-38.5274363],[178.2267309,-38.5275664],[178.2265323,-38.5276892],[178.2263241,-38.5277999],[178.2260528,-38.5279215],[178.2257733,-38.5280347],[178.2254615,-38.5281497]]}},{"type":"Feature","properties":{"asset_id":4856},"geometry":{"type":"LineString","coordinates":[[178.2254611,-38.5281498],[178.2233994,-38.5289103],[178.2231617,-38.5290074],[178.2230019,-38.5290825],[178.2227559,-38.5292094],[178.2225788,-38.5293175],[178.2224386,-38.529414],[178.2222984,-38.5295199],[178.2221669,-38.5296325],[178.2220775,-38.5297168],[178.2219935,-38.5298032],[178.2219145,-38.5298931],[178.2218422,-38.5299839],[178.2217548,-38.5300985],[178.2216728,-38.530213],[178.2216035,-38.5303317],[178.2215436,-38.5304505],[178.2214976,-38.5305423],[178.2214596,-38.5306342],[178.221393,-38.5308283],[178.2213443,-38.5309936],[178.221301,-38.5311599],[178.2212488,-38.5313682],[178.2212133,-38.5315322],[178.2211872,-38.531692],[178.2211668,-38.5318643],[178.2211656,-38.5319903],[178.2211752,-38.5321163],[178.221189,-38.5322053],[178.221211,-38.5322943],[178.221234,-38.532383],[178.2212604,-38.5324733],[178.2212984,-38.5325592],[178.2213497,-38.5326734],[178.221453,-38.5328477],[178.2215406,-38.5329642],[178.2216289,-38.533077],[178.2216955,-38.5331492],[178.2217969,-38.5332487],[178.2219945,-38.5334048],[178.2222083,-38.5335392],[178.2223889,-38.533638],[178.2226252,-38.5337467],[178.2230976,-38.5339624],[178.2233536,-38.53409]]}},{"type":"Feature","properties":{"asset_id":4857},"geometry":{"type":"LineString","coordinates":[[178.2233539,-38.5340901],[178.2233858,-38.534106],[178.2235288,-38.5341914],[178.2236598,-38.5342726],[178.2237943,-38.534363],[178.2239462,-38.5344791],[178.2240998,-38.5346183],[178.2242377,-38.5347663],[178.2243809,-38.5349458],[178.2244813,-38.5351011],[178.224567,-38.5352514],[178.2246253,-38.5353737],[178.2246742,-38.5354971],[178.2247622,-38.5357285],[178.2248549,-38.5359818],[178.224965,-38.5362961],[178.2250203,-38.5364349],[178.2250824,-38.5365727],[178.2251651,-38.5367354],[178.2253491,-38.5370423],[178.2255589,-38.5373695],[178.2257651,-38.5376571],[178.2258605,-38.5377716],[178.2259658,-38.5378803],[178.2261651,-38.5380561],[178.2266809,-38.5384794],[178.2268375,-38.5386217],[178.2269833,-38.5387724],[178.2271709,-38.5389934],[178.2272782,-38.5391435],[178.2273856,-38.5393041],[178.227455,-38.5394194],[178.2275124,-38.5395279],[178.2275679,-38.5396495],[178.227618,-38.5397711],[178.2276706,-38.5399269],[178.2277124,-38.5400912],[178.2277428,-38.5402593],[178.2277571,-38.5404009],[178.227764,-38.5405403],[178.2277574,-38.540715],[178.2277437,-38.5408715],[178.2277025,-38.5411622],[178.2276268,-38.5415874],[178.2276005,-38.5417696],[178.227583,-38.5419366],[178.2275812,-38.5420272],[178.2275788,-38.5421152],[178.2275773,-38.5422203],[178.2275844,-38.542371],[178.2275974,-38.5425639],[178.2276499,-38.5429753],[178.2277004,-38.5433877],[178.22771,-38.5435699],[178.2277049,-38.5437504],[178.2276836,-38.5439652],[178.2276387,-38.5441789],[178.227598,-38.544319],[178.2275499,-38.5444648],[178.2274645,-38.5446609],[178.2273637,-38.5448587],[178.2272025,-38.5451483],[178.2270474,-38.5453899],[178.2269421,-38.5455417],[178.2268206,-38.5456919],[178.2266048,-38.5459126],[178.2264506,-38.5460511],[178.2263238,-38.5461484],[178.2261902,-38.5462405],[178.2259447,-38.5463851],[178.2252655,-38.5467275],[178.2250315,-38.5468523],[178.2248029,-38.5469854],[178.2246679,-38.5470723],[178.224541,-38.5471624],[178.2242864,-38.5473457],[178.2236885,-38.5477897],[178.2235307,-38.5478916],[178.2233589,-38.5479871],[178.2231425,-38.5480776],[178.2229869,-38.5481296],[178.2228259,-38.5481785],[178.2215447,-38.5485344],[178.221369,-38.548587],[178.2211932,-38.548661],[178.2210537,-38.5487365],[178.2209357,-38.5488204],[178.2207926,-38.5489402],[178.2202972,-38.5494336],[178.2201724,-38.5495295],[178.2200376,-38.5496066],[178.2198922,-38.5496725],[178.2197032,-38.5497383],[178.2195306,-38.5497809],[178.219368,-38.549812],[178.219159,-38.5498337],[178.2190092,-38.5498366],[178.2187246,-38.5498299],[178.2183601,-38.5498132],[178.2180545,-38.5498096],[178.2178275,-38.5498199],[178.2175944,-38.5498427],[178.2173711,-38.5498767],[178.2170607,-38.5499347],[178.2168306,-38.549999],[178.2166066,-38.5500667],[178.2164393,-38.5501334],[178.2162948,-38.5501875],[178.2160936,-38.5502727],[178.2159111,-38.5503611],[178.2156816,-38.5504941],[178.2154179,-38.5506791],[178.2152696,-38.5507988],[178.2151254,-38.5509227],[178.214966,-38.5510739],[178.2148261,-38.5512318],[178.2147027,-38.5513848],[178.2145947,-38.5515472],[178.2145159,-38.5516789],[178.214427,-38.551854],[178.2143328,-38.5520967],[178.2143123,-38.5521523],[178.2142971,-38.5521974],[178.2142406,-38.5523825],[178.2141668,-38.5526389],[178.2141529,-38.552687],[178.2141356,-38.5527566],[178.2140659,-38.553044],[178.2139907,-38.5533418]]}},{"type":"Feature","properties":{"asset_id":4848},"geometry":{"type":"LineString","coordinates":[[178.2964665,-38.3749009],[178.2961856,-38.3758454],[178.2960413,-38.3763485],[178.2959302,-38.3767155],[178.2958151,-38.3770782],[178.2957466,-38.3773027],[178.2957247,-38.3773921],[178.2957176,-38.377472],[178.2957198,-38.3775328],[178.2957303,-38.3775843],[178.2957489,-38.3776346],[178.2957949,-38.3777167],[178.2958473,-38.377774],[178.2959079,-38.3778293],[178.2959925,-38.3778913],[178.2960853,-38.377945],[178.2963111,-38.3780491],[178.29644,-38.3781053],[178.2965891,-38.3781658],[178.2967186,-38.378211],[178.2968081,-38.3782357],[178.2968976,-38.3782584],[178.2969875,-38.3782711],[178.2970596,-38.3782812],[178.2971238,-38.3782893],[178.2973093,-38.3783115],[178.2974894,-38.3783485],[178.2975778,-38.3783753],[178.2976421,-38.3783976],[178.2977198,-38.3784342],[178.2977855,-38.3784703],[178.2978586,-38.3785243],[178.297921,-38.3785812],[178.2979999,-38.3786689],[178.2980734,-38.3787587],[178.2981959,-38.3789257]]}},{"type":"Feature","properties":{"asset_id":4849},"geometry":{"type":"LineString","coordinates":[[178.2981959,-38.3789257],[178.2982481,-38.3789968],[178.2985045,-38.3793664],[178.2986529,-38.3795744],[178.2987826,-38.3797533],[178.2988777,-38.3798733],[178.2989834,-38.3799933],[178.2991053,-38.3801094],[178.2992238,-38.3802168],[178.2994202,-38.3803727],[178.3007341,-38.3813727],[178.300991,-38.3815532],[178.3015492,-38.3819128],[178.3021975,-38.3823346],[178.3036296,-38.3832551],[178.304355,-38.3837206],[178.3051126,-38.3842103],[178.3052902,-38.3843298],[178.3054598,-38.3844492],[178.3056202,-38.3845697],[178.3057394,-38.3846668],[178.3058565,-38.3847707],[178.3060075,-38.3849163],[178.3061968,-38.3851192],[178.3063238,-38.3852655],[178.3064528,-38.3854317],[178.3064896,-38.3854831],[178.3065291,-38.3855381],[178.3065846,-38.3856195],[178.3066388,-38.385703],[178.3067445,-38.3858779],[178.3068361,-38.3860481],[178.306913,-38.3862198],[178.3070066,-38.3864715],[178.3070841,-38.3867337],[178.3071346,-38.38696],[178.3071764,-38.3872221],[178.3071978,-38.3874416],[178.3072014,-38.3876176],[178.3072033,-38.3877313],[178.3071997,-38.3878472],[178.3071745,-38.3882089],[178.3070668,-38.3892171],[178.3070057,-38.3898167],[178.3069794,-38.3900945],[178.3068974,-38.3909277],[178.3068891,-38.39101],[178.3068708,-38.391201],[178.3068092,-38.3917957],[178.3067689,-38.3922086],[178.3067152,-38.39261],[178.3067014,-38.3927046],[178.306685,-38.3927951],[178.3066641,-38.3929],[178.3066366,-38.3930049],[178.3066043,-38.3931119],[178.3065486,-38.393255],[178.3064903,-38.393394],[178.3063742,-38.3936602],[178.3061692,-38.3941146],[178.3059683,-38.3945711],[178.3056439,-38.3953025],[178.3053141,-38.3960297],[178.3052441,-38.3961693],[178.3051813,-38.3962857],[178.3051238,-38.3963746]]}},{"type":"Feature","properties":{"asset_id":4850},"geometry":{"type":"LineString","coordinates":[[178.3051238,-38.3963746],[178.3050937,-38.396421],[178.3050829,-38.3964365],[178.305025,-38.3965194],[178.3049354,-38.3966334],[178.3047957,-38.3967917],[178.3046386,-38.3969447],[178.3044944,-38.397084],[178.3043569,-38.3972138],[178.3040238,-38.39753],[178.3036901,-38.3978441],[178.3032616,-38.3982438],[178.3029327,-38.3985509],[178.3027056,-38.3987474],[178.3024577,-38.3989323],[178.3022012,-38.399121],[178.3019447,-38.399297],[178.3008862,-38.3999782],[178.2989673,-38.401207],[178.297047,-38.4024347],[178.2967563,-38.4026038],[178.2964642,-38.4027687],[178.2962479,-38.4028869],[178.2960276,-38.4030009],[178.2955835,-38.4032236],[178.2953388,-38.4033474],[178.2951022,-38.4034844],[178.2949242,-38.4035974],[178.294803,-38.4036834],[178.2946955,-38.4037642],[178.2945873,-38.4038508],[178.2944684,-38.40396],[178.29431,-38.4041275],[178.2941644,-38.4042971],[178.2939277,-38.4045997],[178.2934629,-38.4052325],[178.2929954,-38.4058631],[178.292478,-38.4065682],[178.292379,-38.4067184],[178.2922846,-38.4068727],[178.2921941,-38.4070417],[178.2921402,-38.4071722],[178.2920944,-38.4073028],[178.2920591,-38.4074346],[178.2920291,-38.4075664],[178.292003,-38.4077021],[178.2919876,-38.4078379],[178.291951,-38.408549],[178.2919333,-38.4087319],[178.2919124,-38.4088647],[178.2918808,-38.4089974],[178.2918106,-38.4092297],[178.2917323,-38.4094283],[178.2915953,-38.4096826],[178.2914601,-38.4098927],[178.2913288,-38.4100709],[178.2911758,-38.4102659],[178.2910274,-38.4104535],[178.2908743,-38.4106548],[178.2907333,-38.4108535],[178.2906416,-38.4109938],[178.2903844,-38.4114215],[178.290214,-38.4117076],[178.2899932,-38.4120605],[178.2898232,-38.4123073],[178.2896362,-38.4125565],[178.2894473,-38.412802],[178.2890653,-38.4132899],[178.2886764,-38.4137797],[178.2884816,-38.4140246],[178.2882861,-38.4142689],[178.287917,-38.4147354],[178.2876626,-38.4150337],[178.2875089,-38.4151869],[178.2873952,-38.4152887],[178.2872728,-38.4153837],[178.2871527,-38.4154737],[178.2870192,-38.4155563],[178.2868258,-38.4156643],[178.2866382,-38.4157561],[178.2864452,-38.4158372],[178.2862401,-38.415912],[178.2854638,-38.4161667],[178.2852541,-38.4162455],[178.2850634,-38.4163287],[178.284872,-38.4164277],[178.284693,-38.4165374],[178.2845307,-38.4166523],[178.2844047,-38.416753],[178.2842291,-38.4169184],[178.2841513,-38.4170012],[178.2840789,-38.417085],[178.2838893,-38.4173315],[178.2832647,-38.4182207],[178.2831153,-38.4184363],[178.2829606,-38.4186508],[178.282838,-38.418817],[178.2827088,-38.4189789],[178.2825483,-38.4191621],[178.2822933,-38.4194136],[178.2820068,-38.4196651],[178.2814717,-38.4201078],[178.280936,-38.4205488],[178.280693,-38.4207494],[178.2804914,-38.4209222],[178.2803715,-38.4210428],[178.2801898,-38.4212404],[178.2801226,-38.4213262],[178.2800614,-38.4214157],[178.2799932,-38.4215222],[178.2799284,-38.421644],[178.2798325,-38.4218719],[178.2797828,-38.4220372],[178.2797412,-38.4222026],[178.2796733,-38.4225412],[178.279588,-38.4230049],[178.2794381,-38.4238004],[178.2794017,-38.4239808],[178.2793625,-38.4241629],[178.27931,-38.4243422],[178.2792474,-38.4245169],[178.2791624,-38.4246911],[178.2790748,-38.4248742],[178.2789727,-38.4250688],[178.2788672,-38.4252603],[178.278663,-38.4256475],[178.2785375,-38.4259007],[178.2782038,-38.4266772],[178.278123,-38.4268327],[178.2780425,-38.4269615],[178.2779446,-38.4270924],[178.2778179,-38.4272263],[178.2777531,-38.4272823],[178.2776817,-38.4273361],[178.2775719,-38.4273996],[178.2774554,-38.4274495],[178.2773472,-38.4274897],[178.2770661,-38.4275637],[178.2768993,-38.4276073]]}},{"type":"Feature","properties":{"asset_id":4851},"geometry":{"type":"LineString","coordinates":[[178.2768993,-38.4276073],[178.276844,-38.4276218],[178.2767575,-38.4276444],[178.2765419,-38.4277104],[178.2762835,-38.4278115],[178.2760758,-38.427921],[178.2758413,-38.4280656],[178.2756988,-38.4281765],[178.2755738,-38.4283067],[178.275178,-38.4288115],[178.2747219,-38.4293662],[178.2745655,-38.429526],[178.2744186,-38.4296578],[178.2743334,-38.4297298],[178.2736507,-38.430253],[178.2731544,-38.4306269],[178.2727292,-38.4309393],[178.272456,-38.431112],[178.2722207,-38.4312432],[178.2720967,-38.4313292],[178.2720073,-38.4314105],[178.2719313,-38.4315086],[178.2718843,-38.4316142],[178.2718525,-38.4317203],[178.2718454,-38.4318291],[178.2717896,-38.4324569],[178.2717748,-38.4326635],[178.2717694,-38.4328296],[178.271784,-38.4329377],[178.2718154,-38.433051],[178.2718786,-38.4331644],[178.2719793,-38.4332673],[178.2720831,-38.433338],[178.2721983,-38.4333877],[178.272377,-38.4334503],[178.2727984,-38.433567],[178.2730087,-38.4336327],[178.2731111,-38.4336703],[178.2732136,-38.4337162],[178.2733545,-38.433797],[178.2734438,-38.4338537],[178.2738414,-38.4341216],[178.2740499,-38.4342516],[178.2742463,-38.4343869],[178.2743173,-38.4344485],[178.2744035,-38.4345335],[178.2744555,-38.4346047],[178.2745028,-38.4346854],[178.2745355,-38.4347604],[178.2745655,-38.4348448],[178.2745842,-38.4349872],[178.2745968,-38.4351222],[178.2746124,-38.4353841],[178.2746152,-38.4356502],[178.2745867,-38.4359683],[178.274557,-38.436148],[178.2745259,-38.4363277],[178.2743885,-38.4371299],[178.2743743,-38.4372166],[178.2743466,-38.4373033],[178.274325,-38.4373742],[178.2742966,-38.4374419],[178.274266,-38.4375133],[178.2742246,-38.4375836],[178.27418,-38.4376529],[178.2741286,-38.4377191],[178.2740455,-38.4378117],[178.2739517,-38.4378981],[178.2738676,-38.437964],[178.2737755,-38.4380236],[178.2736622,-38.4380838],[178.2735429,-38.4381355],[178.2733425,-38.4382006],[178.2731793,-38.4382425],[178.2725627,-38.438381],[178.2723046,-38.4384522],[178.2721718,-38.438491],[178.2720628,-38.4385263],[178.2719497,-38.4385721],[178.271844,-38.438624],[178.2717437,-38.4386853],[178.2716531,-38.4387495],[178.2715666,-38.4388189],[178.271478,-38.4388978],[178.2713962,-38.4389788],[178.271307,-38.4390829],[178.2712517,-38.4391606],[178.2712044,-38.4392384],[178.2711645,-38.4393198],[178.2711273,-38.4394171],[178.2711008,-38.4395026],[178.2710809,-38.4395923],[178.2710653,-38.4396872],[178.2710599,-38.4397866],[178.2710585,-38.4399213],[178.2710998,-38.4406574],[178.2711089,-38.4407975],[178.2711281,-38.4411531],[178.2711583,-38.441651],[178.2712148,-38.4426466],[178.2713037,-38.4445738],[178.2713118,-38.4446932],[178.2713359,-38.4448115],[178.2713582,-38.4448993],[178.2713885,-38.4449861],[178.2714271,-38.4450716],[178.2714723,-38.4451545],[178.2715256,-38.4452374],[178.2715836,-38.4453182],[178.2718649,-38.445654],[178.272047,-38.4458795],[178.2724057,-38.4463347],[178.2725441,-38.4464928],[178.2727295,-38.4466457],[178.2729015,-38.446755],[178.273083,-38.4468592],[178.2732197,-38.4469455],[178.2733551,-38.4470544],[178.2734902,-38.4471921],[178.2735518,-38.4472659],[178.273612,-38.4473492],[178.2736681,-38.4474314],[178.2737135,-38.4475209],[178.273768,-38.4476895],[178.2737849,-38.4477797],[178.273791,-38.4478658],[178.2737931,-38.4479626],[178.2737945,-38.4480563],[178.2737895,-38.448167],[178.2737765,-38.4482845],[178.2737042,-38.4488747],[178.2736842,-38.4491175],[178.2736829,-38.4493593],[178.2736928,-38.4497464],[178.2737007,-38.450133],[178.2737365,-38.4508914],[178.2737395,-38.4510676],[178.2737366,-38.4511113]]}},{"type":"Feature","properties":{"asset_id":4852},"geometry":{"type":"LineString","coordinates":[[178.2737366,-38.4511113],[178.2737347,-38.4511395],[178.2737307,-38.4512014],[178.2737165,-38.4513315],[178.2736868,-38.4514627],[178.273562,-38.4518816],[178.2735317,-38.4520466],[178.2735162,-38.4522016],[178.2735101,-38.4523545],[178.273519,-38.4526201],[178.2735533,-38.4528514],[178.2736083,-38.4530796],[178.2737023,-38.4533462],[178.2737838,-38.4535109],[178.2738545,-38.4536346],[178.2739366,-38.4537535],[178.2740661,-38.4539202],[178.2742036,-38.4540858],[178.2742628,-38.4541649],[178.274317,-38.4542538],[178.2743612,-38.4543516],[178.2743926,-38.4544572],[178.2744091,-38.4545493],[178.2744162,-38.4546551],[178.274408,-38.4547746],[178.2743831,-38.4549145],[178.2743319,-38.4550727],[178.2742654,-38.4552325],[178.2741781,-38.4554063],[178.2740358,-38.455641],[178.2738557,-38.4559053],[178.2737613,-38.4560486],[178.2736302,-38.4562605],[178.2734193,-38.4566449],[178.2733132,-38.456804],[178.2731932,-38.45695],[178.273059,-38.457095],[178.2728979,-38.4572474],[178.2726936,-38.4574478],[178.2724638,-38.4576702],[178.2723566,-38.4577726],[178.2722574,-38.4578813],[178.2721583,-38.4580032],[178.2720956,-38.4581063],[178.272043,-38.4582185],[178.2720102,-38.4583331],[178.2719901,-38.4584571],[178.2719862,-38.4585814],[178.2719977,-38.4589892],[178.2720408,-38.4597806],[178.2720444,-38.4599692],[178.2720299,-38.4600791],[178.2719991,-38.4602097],[178.2719554,-38.4603399],[178.2719123,-38.460437],[178.2718162,-38.4606392],[178.2717168,-38.4608415],[178.2716561,-38.4609809],[178.2715989,-38.4611561],[178.2715543,-38.4613277],[178.2714452,-38.4617902],[178.271381,-38.4619979],[178.2713141,-38.4621684],[178.2712502,-38.4622933],[178.2711675,-38.462415],[178.2710777,-38.4625227],[178.2709429,-38.462644],[178.2706883,-38.4628333],[178.2704599,-38.4630028],[178.2703362,-38.463122],[178.2702516,-38.46323],[178.2701965,-38.4633082],[178.2701481,-38.4633943],[178.2701111,-38.4634687],[178.2700728,-38.4635708],[178.270051,-38.4636711],[178.2700358,-38.463787],[178.2700301,-38.4639719],[178.2700336,-38.4641287],[178.2700577,-38.4643773],[178.2701116,-38.4647837],[178.2701347,-38.46505],[178.2701525,-38.4653184],[178.2701706,-38.4654967],[178.2702034,-38.4656761],[178.2702784,-38.4659603],[178.2703125,-38.4661123],[178.2703232,-38.4661957],[178.2703306,-38.4662754],[178.2703231,-38.4663735],[178.2703116,-38.4664816],[178.2702782,-38.4666212],[178.270243,-38.4667141],[178.2701998,-38.4668053],[178.2701404,-38.4668996],[178.2700803,-38.4669944],[178.2699548,-38.467183],[178.2697131,-38.4675611],[178.2695154,-38.4678869],[178.2693888,-38.4680972],[178.2692434,-38.4682981],[178.2689724,-38.4685976],[178.2688182,-38.4687867],[178.2687544,-38.4688771],[178.2686934,-38.4689696],[178.2686441,-38.469058],[178.2686016,-38.4691507],[178.2684819,-38.4694274],[178.2684185,-38.4695613],[178.2683404,-38.4696981],[178.2682469,-38.4698218],[178.2681589,-38.4699282],[178.2680516,-38.4700464],[178.2679362,-38.4701645],[178.2676974,-38.4703904],[178.267561,-38.4705112],[178.2674246,-38.4706236],[178.2672571,-38.4707359],[178.2670836,-38.4708382],[178.2668867,-38.4709367],[178.2666804,-38.471021],[178.2663208,-38.4711477],[178.2660153,-38.4712444],[178.2657607,-38.471317],[178.2656248,-38.4713453],[178.2654888,-38.4713683],[178.2653115,-38.4713946],[178.2651248,-38.4714136],[178.264952,-38.4714236],[178.264778,-38.4714273],[178.2645022,-38.4714172],[178.2642438,-38.4713998],[178.2637244,-38.4713617],[178.2630873,-38.4713114],[178.2628782,-38.4713063],[178.2627184,-38.471313],[178.2626026,-38.4713231],[178.2625338,-38.4713291],[178.2624276,-38.4713451],[178.2619398,-38.4714252],[178.2618084,-38.471437],[178.261677,-38.4714362],[178.2615322,-38.4714203],[178.2614042,-38.4713922],[178.2612875,-38.4713518],[178.2611836,-38.4712997],[178.2610927,-38.4712382],[178.2609991,-38.4711609],[178.2608335,-38.4709921],[178.260236,-38.470345],[178.2601167,-38.4702352],[178.2600467,-38.4701766],[178.259968,-38.4701291],[178.2598555,-38.4700768],[178.2597584,-38.4700445],[178.2596506,-38.4700238],[178.2595332,-38.4700172],[178.2594158,-38.4700222],[178.2593169,-38.4700367],[178.2592073,-38.4700607],[178.259087,-38.4701059],[178.2589875,-38.4701622],[178.2589091,-38.4702171],[178.2588415,-38.4702794],[178.2587757,-38.4703554],[178.258713,-38.4704425],[178.2586623,-38.4705369],[178.2584372,-38.4709302],[178.2583788,-38.4710209],[178.2583096,-38.4710969],[178.2582227,-38.4711599],[178.2581278,-38.4712187],[178.258043,-38.4712524],[178.2579555,-38.4712776],[178.2578546,-38.4712965],[178.2577511,-38.4713028],[178.2576451,-38.4713027],[178.2575364,-38.47129],[178.2574538,-38.4712703],[178.2573712,-38.4712443],[178.2572522,-38.4711803],[178.2571466,-38.4711058],[178.2570571,-38.4710083],[178.2570049,-38.4709291],[178.2568871,-38.4707155],[178.2567978,-38.470534],[178.256738,-38.4704293],[178.2566878,-38.4703481],[178.2566404,-38.4702879],[178.2565456,-38.4701944],[178.2564067,-38.4700869],[178.2564012,-38.4700838]]}},{"type":"Feature","properties":{"asset_id":4853},"geometry":{"type":"LineString","coordinates":[[178.2564012,-38.4700838],[178.256392,-38.4700785],[178.2562735,-38.4700107],[178.2560739,-38.4699229],[178.2556737,-38.4697645],[178.255307,-38.4696313],[178.2551495,-38.4695752],[178.254992,-38.4695276],[178.2548069,-38.4694832],[178.2546299,-38.4694567],[178.2543938,-38.4694411],[178.254172,-38.469448],[178.2539562,-38.4694714],[178.2537323,-38.4695038],[178.2513252,-38.4698595],[178.2508297,-38.4699317],[178.2506006,-38.4699694],[178.2503817,-38.4700129],[178.2501569,-38.4700673],[178.2499181,-38.4701339],[178.2497249,-38.4701927],[178.249527,-38.470263],[178.2493167,-38.4703516],[178.2491023,-38.4704502],[178.2489421,-38.4705364],[178.2487813,-38.4706316],[178.2486305,-38.4707262],[178.2484825,-38.4708271],[178.2483642,-38.4709141],[178.2482553,-38.4710032],[178.2481836,-38.4710643],[178.2481119,-38.4711285],[178.2479778,-38.4712549],[178.2479071,-38.4713312],[178.2478131,-38.4714349],[178.2477231,-38.4715418],[178.2476102,-38.47169],[178.2474999,-38.4718456],[178.2473985,-38.4720084],[178.247305,-38.4721713],[178.2471141,-38.4725139],[178.2467081,-38.4732526],[178.246422,-38.4737475],[178.2462229,-38.4740781],[178.2461191,-38.4742303],[178.2459364,-38.4744705],[178.2457237,-38.474733],[178.2454286,-38.4750707],[178.2451609,-38.4753504],[178.2449569,-38.4755485],[178.2447381,-38.4757438]]}},{"type":"Feature","properties":{"asset_id":4841},"geometry":{"type":"LineString","coordinates":[[178.2551152,-38.2038831],[178.2553135,-38.2043658],[178.255508,-38.2048414],[178.2556367,-38.2051464],[178.25579,-38.2055085],[178.2562398,-38.2065882],[178.2563538,-38.2068436],[178.2564422,-38.2070304],[178.2565275,-38.2071898],[178.2566236,-38.2073481],[178.2567305,-38.2075022],[178.2569017,-38.2077236],[178.256997,-38.2078369],[178.257103,-38.2079492],[178.2573813,-38.2082425],[178.2580888,-38.2089541],[178.2590705,-38.2099337],[178.2594267,-38.2102963],[178.259948,-38.2108555],[178.2600383,-38.2109796],[178.2601219,-38.2110974],[178.2602206,-38.2112634],[178.2603011,-38.2114178],[178.2603802,-38.2115944],[178.2604303,-38.211718],[178.2605023,-38.2119157],[178.2605662,-38.2121176],[178.2606063,-38.2122517],[178.2606437,-38.2123878],[178.2606857,-38.2125401],[178.2607557,-38.212817],[178.2608109,-38.2130801],[178.2608625,-38.2133733],[178.2609087,-38.2136981],[178.2609346,-38.2138832],[178.2609497,-38.2140535],[178.2609543,-38.2141889],[178.2609532,-38.214256],[178.2609495,-38.2143232],[178.2609406,-38.2144283],[178.2609263,-38.2145207],[178.2608917,-38.2146891],[178.2608491,-38.2148575],[178.2604873,-38.2162451],[178.2603117,-38.2169305],[178.2601308,-38.217619],[178.2597961,-38.2189258],[178.2596354,-38.2195507],[178.2594828,-38.2201756],[178.259447,-38.2203505],[178.2594191,-38.2205375],[178.2594064,-38.2206679],[178.2593992,-38.2207814],[178.2593956,-38.2209033],[178.2593952,-38.2210886],[178.2593988,-38.2214635],[178.2593935,-38.2215926],[178.2593776,-38.221727],[178.2593414,-38.221925],[178.2592771,-38.2221556],[178.2592203,-38.2223325],[178.2591839,-38.2224199],[178.259134,-38.2225052],[178.2590975,-38.2225759],[178.2590343,-38.2226612],[178.2589844,-38.2227182],[178.2589211,-38.2227814],[178.2588357,-38.2228458],[178.2587557,-38.2228954],[178.2586516,-38.2229502],[178.2585118,-38.223009],[178.2583451,-38.2230573],[178.2581223,-38.2231048],[178.2578888,-38.2231472],[178.2560882,-38.2234469],[178.2558588,-38.2234925],[178.255675,-38.223538],[178.2554752,-38.2235959],[178.2553156,-38.223656],[178.255032,-38.2237651],[178.2546862,-38.2239052],[178.254397,-38.2240229],[178.2542134,-38.2240969],[178.2540897,-38.2241568],[178.2539463,-38.2242339],[178.2538062,-38.2243216],[178.2536841,-38.2244185],[178.2535536,-38.2245457],[178.2534754,-38.2246318],[178.2533958,-38.2247285],[178.2533202,-38.2248427],[178.2532593,-38.22494],[178.2532061,-38.2250444],[178.2531689,-38.2251478],[178.2531445,-38.2252333],[178.2531308,-38.2253229],[178.2531302,-38.2254087],[178.2531376,-38.2255009],[178.2531807,-38.2256776],[178.2532173,-38.2257867],[178.2534351,-38.2263575],[178.2534727,-38.2264446],[178.2535108,-38.2265288],[178.2535462,-38.2266077],[178.2535858,-38.2266764],[178.2536416,-38.226763],[178.2537057,-38.2268426],[178.2537733,-38.2269117],[178.2538543,-38.2269781],[178.2539394,-38.2270371],[178.2540162,-38.227084],[178.2541011,-38.2271246],[178.2542041,-38.2271736],[178.2543124,-38.2272184],[178.2544339,-38.2272555],[178.2545781,-38.2272959],[178.254709,-38.2273164],[178.2548261,-38.2273293],[178.2549754,-38.2273316],[178.2550683,-38.2273257],[178.2551611,-38.2273156],[178.2553334,-38.2272848],[178.255552,-38.2272256],[178.2559692,-38.2270948],[178.2560758,-38.227074],[178.2561893,-38.2270635],[178.2563001,-38.2270826],[178.256395,-38.2271323],[178.2564723,-38.2272105],[178.2565204,-38.2273032],[178.2565457,-38.2273885],[178.2565655,-38.2274694],[178.25658,-38.2275503],[178.2566069,-38.2277284],[178.2566286,-38.2279065],[178.2566599,-38.2283307],[178.2566702,-38.2296255],[178.2566659,-38.2302782],[178.2566684,-38.2309288],[178.2566567,-38.2311156],[178.2566481,-38.2312075],[178.2566315,-38.2313014],[178.2566054,-38.2313972],[178.2565767,-38.2314866],[178.2565405,-38.2315766],[178.2564963,-38.2316686],[178.2564252,-38.2317972],[178.2563085,-38.2319659],[178.2558539,-38.2325959],[178.255726,-38.2327575],[178.2555869,-38.2328965],[178.255433,-38.2330261],[178.255263,-38.2331493],[178.2550985,-38.2332574],[178.2545371,-38.2335889],[178.2538192,-38.2340307],[178.2536806,-38.234111],[178.2535514,-38.2342007],[178.2534628,-38.2342666],[178.2533675,-38.234342],[178.2533078,-38.2343927],[178.2532507,-38.2344518],[178.2531694,-38.234542],[178.2530751,-38.2346778],[178.2530119,-38.2347735],[178.2529754,-38.2348567],[178.2529043,-38.2350233],[178.2528412,-38.2351921],[178.2527856,-38.2353661],[178.2527362,-38.2355628],[178.2526962,-38.2357428],[178.2526735,-38.2358817],[178.2526588,-38.2360249],[178.2526524,-38.236113],[178.2526567,-38.2362],[178.2526736,-38.2363341],[178.252704,-38.2364618],[178.252755,-38.2366062],[178.2528742,-38.2368618],[178.2529747,-38.2370857],[178.2530697,-38.2373112],[178.2531654,-38.2375378],[178.2532637,-38.2377623],[178.2533016,-38.2378441],[178.2533514,-38.237935],[178.2534192,-38.2380363],[178.2535997,-38.2382703],[178.2537248,-38.2384321],[178.2539147,-38.2386987],[178.254109,-38.2390003],[178.2542534,-38.2392265],[178.254403,-38.2394464],[178.2545543,-38.2396868],[178.2548289,-38.2401292],[178.2551115,-38.2405736],[178.2553014,-38.2408795],[178.2553794,-38.2410206],[178.255448,-38.2411617],[178.2555143,-38.2413052],[178.2555725,-38.2414792],[178.2556203,-38.2416578],[178.255651,-38.2418381],[178.2556663,-38.2420498],[178.2556669,-38.2422016],[178.2556479,-38.2423814],[178.2556195,-38.2425655],[178.2555671,-38.2427535],[178.2554814,-38.2429948],[178.255423,-38.2431286],[178.2553537,-38.2432623],[178.2550772,-38.2437789],[178.2547899,-38.2442934],[178.2542207,-38.2453244],[178.2535197,-38.246589],[178.2530796,-38.2473865],[178.2529294,-38.2476765],[178.252861,-38.2478236],[178.2528006,-38.2479708],[178.2527534,-38.2480965],[178.252717,-38.2482201],[178.2526845,-38.2483505],[178.2526575,-38.2484789],[178.2522874,-38.2507119],[178.2522106,-38.250769],[178.2519932,-38.2508294],[178.2518178,-38.2508959],[178.2517644,-38.2509652],[178.251733,-38.2510675],[178.2517422,-38.2511621],[178.2518909,-38.2520003],[178.2519799,-38.252305],[178.2519964,-38.2524074],[178.2519987,-38.2525061],[178.2519903,-38.2526047],[178.2519538,-38.2528602],[178.251728,-38.25436],[178.2516936,-38.2545834],[178.2516216,-38.2550586],[178.2514974,-38.2558517],[178.2514068,-38.2564405],[178.2513532,-38.2568021],[178.2513291,-38.2569745],[178.2513064,-38.2571459],[178.2512879,-38.2573239],[178.2512797,-38.2574566],[178.2512769,-38.2575892],[178.2512851,-38.2577246],[178.2512987,-38.2578599],[178.2513107,-38.257952],[178.2513279,-38.2580442],[178.2513493,-38.2581322],[178.2513748,-38.2582212],[178.2514028,-38.2583022],[178.2514348,-38.2583832],[178.2515668,-38.2586827],[178.2517872,-38.2591518],[178.2521195,-38.2598313],[178.2521931,-38.2599792],[178.2522728,-38.2601423],[178.252346,-38.2603068],[178.2523992,-38.2604234],[178.2524562,-38.2605656],[178.2524967,-38.2606799],[178.2525237,-38.2607563],[178.2525453,-38.2608327],[178.2525711,-38.2609327],[178.2525947,-38.2610478],[178.2526185,-38.2611864],[178.252635,-38.2612881],[178.2526501,-38.2613952],[178.2526591,-38.2614859],[178.2526628,-38.2616064],[178.2526557,-38.261728],[178.2526414,-38.2618204],[178.2526231,-38.2619128],[178.2525643,-38.2621581],[178.2524261,-38.2626497],[178.2522812,-38.2631403],[178.2521416,-38.2636303],[178.2520712,-38.2638753],[178.2520293,-38.2640147],[178.2519921,-38.264133],[178.2518146,-38.2646575],[178.2517205,-38.264925],[178.2516204,-38.265202],[178.2514292,-38.2657413],[178.2512447,-38.2662805],[178.2511769,-38.2665289],[178.2511526,-38.2666371],[178.2511304,-38.2667684],[178.2511175,-38.266895],[178.2511097,-38.2669883],[178.2511106,-38.2670811],[178.2511194,-38.2671596],[178.2511329,-38.2672471],[178.2511769,-38.2674015],[178.2512303,-38.2675312],[178.2513117,-38.2676728],[178.2514166,-38.2678145],[178.2515561,-38.2679607],[178.2516359,-38.2680291],[178.2517211,-38.2680944],[178.2518315,-38.2681664],[178.2519472,-38.2682342],[178.2521041,-38.2683212],[178.2522839,-38.2684009],[178.2524294,-38.2684601],[178.2525802,-38.2685162],[178.2531026,-38.2687027],[178.2532998,-38.2687799],[178.2534942,-38.2688625],[178.253691,-38.2689616],[178.2538333,-38.2690432],[178.2539549,-38.2691291],[178.2541312,-38.2692661],[178.2543007,-38.2694179],[178.2543906,-38.2695097],[178.2545059,-38.269633],[178.254702,-38.2698515],[178.2549395,-38.2701182],[178.2550756,-38.2702728],[178.255185,-38.2704083],[178.2552562,-38.2705103],[178.2553105,-38.2706031],[178.2553749,-38.2707312],[178.2554379,-38.2708707],[178.2556781,-38.2714755],[178.2557997,-38.2717398],[178.2558642,-38.2718711],[178.2559327,-38.2720003],[178.2560704,-38.2722477],[178.2567654,-38.2735263],[178.2568533,-38.2736767],[178.2569492,-38.273835],[178.2570368,-38.2739651],[178.2571364,-38.2740989],[178.2571842,-38.2741616],[178.2572374,-38.2742232],[178.2573317,-38.274317],[178.2574291,-38.2744059],[178.2575412,-38.2744921],[178.2576523,-38.2745732],[178.2578278,-38.2746901],[178.2596816,-38.2759155],[178.2606306,-38.276546],[178.2612982,-38.27699],[178.2615742,-38.2771771],[178.2616916,-38.2772622],[178.2618049,-38.2773483],[178.2618881,-38.2774142],[178.2619674,-38.2774832],[178.2620359,-38.277547],[178.2620977,-38.2776118],[178.2621962,-38.2777202],[178.2622602,-38.2778018],[178.2623282,-38.2778908],[178.2624023,-38.278003],[178.2624691,-38.2781381],[178.2625095,-38.2782457],[178.2625432,-38.2783507],[178.2625701,-38.2784568],[178.2626048,-38.2786358],[178.2626209,-38.2787719],[178.2626236,-38.2789132],[178.2626183,-38.2790034],[178.262611,-38.2790914],[178.2625859,-38.2792254],[178.2625506,-38.2793595],[178.2624647,-38.279662],[178.2623707,-38.2799614],[178.2620748,-38.280933],[178.2620342,-38.2810671],[178.2620017,-38.2811991],[178.2619821,-38.2812867],[178.2619652,-38.2813743],[178.2619506,-38.2814646],[178.2619394,-38.2815553],[178.2618503,-38.2824197],[178.2618065,-38.2828498],[178.261764,-38.2832784],[178.261678,-38.2841362],[178.2616357,-38.2845709],[178.2616131,-38.2847898],[178.26159,-38.285014],[178.2615613,-38.2852569],[178.2615394,-38.2854989],[178.2615278,-38.2856679],[178.2615196,-38.2858369],[178.2615157,-38.2860194],[178.2615125,-38.2861951],[178.261518,-38.2863692],[178.2615262,-38.2865412],[178.2615368,-38.2866345],[178.2615515,-38.2867205],[178.2615677,-38.2867962],[178.2615953,-38.2868962],[178.2616397,-38.2870187],[178.2616759,-38.2870944],[178.2617175,-38.287169],[178.2617584,-38.2872441],[178.261806,-38.2873151],[178.2618898,-38.2874304],[178.2619817,-38.2875437],[178.2621989,-38.287787],[178.262544,-38.2881338],[178.2627969,-38.2883815],[178.2630552,-38.2886271],[178.2632697,-38.2888212],[178.2633834,-38.2889149],[178.2634943,-38.2889991],[178.2636874,-38.2891397],[178.2638832,-38.2892793],[178.2642802,-38.2895564],[178.2647791,-38.2899022]]}},{"type":"Feature","properties":{"asset_id":4842},"geometry":{"type":"LineString","coordinates":[[178.2647791,-38.2899022],[178.2648079,-38.2899222],[178.2651412,-38.2901544],[178.2653172,-38.2902731],[178.2654952,-38.2903823],[178.2656242,-38.2904562],[178.2657773,-38.2905338],[178.2658852,-38.2905835],[178.2659715,-38.2906184],[178.2660814,-38.2906602],[178.2661912,-38.2906999],[178.2663349,-38.2907452],[178.2664691,-38.2907857],[178.266614,-38.2908248],[178.2670801,-38.2909471],[178.2676878,-38.2911033],[178.2680123,-38.2911936],[178.2681752,-38.291244],[178.26833,-38.2912965],[178.2685943,-38.2913919],[178.2692323,-38.2916488],[178.2698067,-38.29188],[178.2715085,-38.2925526],[178.2723574,-38.2928915],[178.2727838,-38.2930593],[178.2732096,-38.2932272],[178.2734573,-38.2933139],[178.273701,-38.2933922],[178.2740707,-38.2934888],[178.2744485,-38.2935801],[178.2751785,-38.2937738],[178.2753844,-38.2938343],[178.2754833,-38.2938691],[178.2755822,-38.2939059],[178.2756716,-38.2939436],[178.2757502,-38.2939813],[178.2758222,-38.2940184],[178.2758995,-38.294065],[178.2760189,-38.2941431],[178.2761383,-38.2942443]]}},{"type":"Feature","properties":{"asset_id":4838},"geometry":{"type":"LineString","coordinates":[[178.3171747,-38.1271933],[178.3165258,-38.1281044],[178.3162844,-38.1284406],[178.3158839,-38.1290076],[178.3157151,-38.1292464],[178.3156369,-38.129356],[178.3155572,-38.1294635],[178.3154939,-38.1295425],[178.3154705,-38.1295716],[178.3148902,-38.1301767],[178.3147013,-38.1303557],[178.3146142,-38.1304208],[178.3145645,-38.1304496],[178.3145002,-38.1304868],[178.314348,-38.1305578],[178.3142268,-38.130611],[178.3141183,-38.1306642],[178.314035,-38.1307142],[178.3139296,-38.1307886],[178.3137011,-38.1309558],[178.3135197,-38.1310872],[178.3132596,-38.1312687],[178.3129168,-38.1314982],[178.3127589,-38.1315844],[178.3126185,-38.1316518],[178.3124788,-38.1317093],[178.3123304,-38.131764],[178.3122694,-38.131782],[178.3121894,-38.1318056],[178.3120131,-38.1318398],[178.3118394,-38.1318634],[178.3116517,-38.131879],[178.3115171,-38.1318818]]}},{"type":"Feature","properties":{"asset_id":4839},"geometry":{"type":"LineString","coordinates":[[178.3115171,-38.1318818],[178.3114586,-38.131883],[178.3110953,-38.1318751],[178.3109316,-38.1318755],[178.3107524,-38.131896],[178.3105751,-38.1319332],[178.3104213,-38.1319786],[178.3102232,-38.1320467],[178.3100792,-38.1321037],[178.3099144,-38.1321787],[178.3097208,-38.1322795],[178.3095493,-38.132384],[178.3094639,-38.1324451],[178.3093864,-38.1325063],[178.3093082,-38.1325739],[178.30924,-38.1326425],[178.3091792,-38.1327137],[178.3091198,-38.1327916],[178.3090735,-38.1328699],[178.3090272,-38.1329656],[178.3088995,-38.1333458],[178.3088578,-38.1334297],[178.3088121,-38.1335126],[178.3087094,-38.1336361],[178.3086118,-38.133716],[178.3084881,-38.1337927],[178.3083758,-38.133846],[178.3082164,-38.1339004],[178.3080892,-38.1339269],[178.3079234,-38.1339471],[178.3077623,-38.13396],[178.3070055,-38.1339931],[178.3068733,-38.1340038],[178.3067592,-38.134021],[178.3066605,-38.1340441],[178.3065216,-38.1340895],[178.3063743,-38.1341528],[178.3062351,-38.1342278],[178.3057002,-38.1345618],[178.3055258,-38.1346582],[178.3054278,-38.1347067],[178.3053284,-38.134745],[178.3052828,-38.1347625],[178.3051372,-38.1348062],[178.3049513,-38.1348459],[178.3047889,-38.1348702],[178.304521,-38.1348999],[178.3042262,-38.1349217],[178.3037467,-38.134948],[178.3032671,-38.1349785],[178.3030337,-38.1349972],[178.3028817,-38.1350107],[178.3027124,-38.1350317],[178.3025636,-38.1350565],[178.3024416,-38.1350777],[178.3023196,-38.135102],[178.3021205,-38.135144],[178.301851,-38.1352066],[178.3017031,-38.1352446],[178.3015185,-38.1353029],[178.3013655,-38.1353627],[178.3012005,-38.1354346],[178.3010268,-38.1355181],[178.3006646,-38.1356881],[178.3005615,-38.1357299],[178.3004569,-38.1357668],[178.3003506,-38.1357918],[178.3002445,-38.1358053],[178.3001356,-38.1358051],[178.3000236,-38.1357822],[178.2999357,-38.1357545],[178.2998391,-38.135714],[178.2996561,-38.1356171],[178.2994771,-38.1355286],[178.2993739,-38.1354836],[178.2992614,-38.1354509],[178.2991579,-38.1354306],[178.2990444,-38.1354213],[178.2989284,-38.1354262],[178.2988158,-38.1354432],[178.2987085,-38.1354686],[178.298601,-38.1355062],[178.2985011,-38.1355554],[178.2984146,-38.1356127],[178.2983347,-38.1356816],[178.298275,-38.135761],[178.298225,-38.1358513],[178.2981709,-38.1360239],[178.2981116,-38.1362109],[178.2980712,-38.1363186],[178.2980214,-38.1364168],[178.2979751,-38.1364996],[178.2979234,-38.1365802],[178.2978452,-38.1366857],[178.2977495,-38.1367995],[178.2975406,-38.1370188],[178.2971908,-38.1373798],[178.296849,-38.137743],[178.2966455,-38.1379492],[178.2964656,-38.1381139],[178.2962737,-38.1382733],[178.2958913,-38.1385868],[178.2957233,-38.138718],[178.295558,-38.1388375],[178.2953674,-38.138964],[178.2952353,-38.1390397],[178.2950998,-38.1391042],[178.2949779,-38.139153],[178.294848,-38.1391965],[178.2946785,-38.1392348],[178.2944984,-38.1392626],[178.2942433,-38.1392829],[178.2939065,-38.1392986],[178.2936577,-38.1392983],[178.2934993,-38.1392948],[178.2933328,-38.1392776],[178.2929349,-38.1392311],[178.2927992,-38.1392183],[178.2926877,-38.1392171],[178.2925734,-38.1392232],[178.2924484,-38.1392372],[178.2923275,-38.1392616],[178.2922259,-38.1392899],[178.2921323,-38.1393181],[178.2920379,-38.1393532],[178.2908891,-38.1398326]]}},{"type":"Feature","properties":{"asset_id":9084},"geometry":{"type":"LineString","coordinates":[[178.2908891,-38.1398326],[178.2907279,-38.1398998],[178.2905251,-38.1399731],[178.290401,-38.140012],[178.2902675,-38.1400456],[178.2900332,-38.1400849],[178.2897594,-38.1401111],[178.2895813,-38.1401174],[178.2893945,-38.1401158],[178.288665,-38.1400796],[178.2885008,-38.1400767],[178.2883348,-38.1400765],[178.2881621,-38.1400816],[178.2879929,-38.1400912],[178.2878249,-38.1401062],[178.2876539,-38.1401263],[178.2874924,-38.1401539],[178.2872725,-38.1401981],[178.2870493,-38.1402508],[178.2868977,-38.1402935],[178.2867206,-38.1403531],[178.2865038,-38.140443],[178.2862247,-38.1405791],[178.2859635,-38.1407172],[178.2856921,-38.1408906],[178.2855243,-38.1410131],[178.2853665,-38.1411466],[178.2852198,-38.1412867],[178.2850757,-38.1414417],[178.2849579,-38.141582],[178.2848475,-38.1417297],[178.2847364,-38.1419033],[178.2846327,-38.1420874],[178.2845617,-38.142254],[178.2845153,-38.1423744],[178.2844756,-38.142499],[178.2844376,-38.1426466],[178.2844117,-38.1427789],[178.2843888,-38.1429396],[178.28437,-38.1431013],[178.2843524,-38.1434052],[178.2843434,-38.1438335],[178.284341,-38.1442629],[178.284331,-38.144826],[178.284333,-38.1451201],[178.2843561,-38.145386],[178.2843779,-38.1455486],[178.2844065,-38.1456996],[178.2844596,-38.1459198],[178.2844984,-38.1460494],[178.2845425,-38.1461858],[178.2845907,-38.1463186],[178.2846469,-38.1464482],[178.2847413,-38.1466556],[178.2848491,-38.1468536],[178.285002,-38.1470977],[178.2851377,-38.1472949],[178.2852735,-38.1474878],[178.2854134,-38.1476757],[178.2856587,-38.147997]]}},{"type":"Feature","properties":{"asset_id":9083},"geometry":{"type":"LineString","coordinates":[[178.2856587,-38.147997],[178.2856924,-38.1480412],[178.2857528,-38.1481354],[178.2857971,-38.148209],[178.2858344,-38.1482909],[178.2858654,-38.148396],[178.2858777,-38.1484794],[178.2858896,-38.1485766],[178.2859069,-38.1489961],[178.285916,-38.1492015],[178.2859244,-38.1493827],[178.2859383,-38.1495629],[178.2859582,-38.1497436],[178.2859941,-38.1499243],[178.2860247,-38.150056],[178.2860632,-38.1501877],[178.2861077,-38.1503238],[178.2861602,-38.1504568],[178.2862183,-38.1505952],[178.2863502,-38.1508492],[178.2864503,-38.151039],[178.2864914,-38.1511296],[178.2865241,-38.1512191],[178.2865448,-38.1513084],[178.2865528,-38.1513949],[178.2865493,-38.1514862],[178.2865309,-38.1515814],[178.2864916,-38.1517182],[178.2864066,-38.1520165],[178.2863871,-38.1521022],[178.2863771,-38.1521868],[178.2863776,-38.1522715],[178.2863976,-38.1523663],[178.2864341,-38.1524596],[178.286476,-38.1525314],[178.286539,-38.1526067],[178.2866133,-38.1526741],[178.2866931,-38.152731],[178.2868874,-38.152845],[178.2869685,-38.152895],[178.2870483,-38.1529523],[178.287128,-38.1530234],[178.2871937,-38.1530945],[178.287253,-38.1531653],[178.2873015,-38.1532373],[178.2873484,-38.1533168],[178.2873893,-38.1533954],[178.2874246,-38.1534962],[178.2874446,-38.1535817],[178.2874485,-38.1536576],[178.2874407,-38.1537564],[178.2874168,-38.1538488],[178.2873855,-38.1539387],[178.2873486,-38.1540234],[178.287305,-38.1541059],[178.2872272,-38.1542256],[178.2871809,-38.1542852],[178.2871064,-38.1543692],[178.28705,-38.1544217],[178.2869923,-38.1544684],[178.2869181,-38.1545204],[178.2868219,-38.1545782],[178.28648,-38.1547393],[178.2863217,-38.1548201],[178.2862331,-38.1548752],[178.2861754,-38.1549294],[178.2861294,-38.1549918],[178.2860947,-38.1550513],[178.2860686,-38.1551434],[178.2860685,-38.1552034],[178.2860779,-38.1553034],[178.2861152,-38.1554473],[178.2862805,-38.1558673],[178.2863711,-38.1560993],[178.2865137,-38.1564907],[178.2866026,-38.156766],[178.2866204,-38.1568593],[178.2866251,-38.1569379],[178.2866199,-38.1570044],[178.2865999,-38.1570731],[178.2865645,-38.1571518],[178.2865123,-38.1572182],[178.2864512,-38.1572678],[178.2863635,-38.15731],[178.2862933,-38.1573292],[178.2862178,-38.1573306],[178.286117,-38.1573095],[178.2860243,-38.1572706],[178.2857204,-38.1570972],[178.2854097,-38.1569317],[178.2853052,-38.1568879],[178.2851963,-38.1568628],[178.2851054,-38.156853],[178.2849973,-38.1568449],[178.2848971,-38.1568473],[178.2847981,-38.1568555],[178.2847017,-38.15687],[178.2846107,-38.1568866],[178.2845251,-38.1569116],[178.2842865,-38.1569925],[178.2840384,-38.1570925],[178.2838722,-38.1571683],[178.2837337,-38.1572447],[178.2835952,-38.1573465],[178.2834859,-38.1574543],[178.2833523,-38.157596],[178.2830109,-38.1579814],[178.2826588,-38.1583637],[178.2826018,-38.1584345],[178.2825295,-38.1585351],[178.2824572,-38.1586473],[178.2823125,-38.158878],[178.2822512,-38.1589535],[178.2821713,-38.1590347],[178.2820753,-38.1591143],[178.2820039,-38.1591652],[178.2819185,-38.1592178],[178.2818231,-38.1592735],[178.2817344,-38.159317],[178.2816302,-38.1593614],[178.2815287,-38.1593957],[178.2814108,-38.1594258],[178.2812976,-38.1594489],[178.2811872,-38.1594636],[178.2810909,-38.1594678],[178.2809748,-38.1594649],[178.2808614,-38.1594557],[178.2806318,-38.1594168],[178.2803203,-38.1593542],[178.2801943,-38.1593373],[178.2800676,-38.1593305],[178.2799644,-38.1593284],[178.2798432,-38.1593358],[178.2791797,-38.1593684],[178.2786128,-38.1594042],[178.2784479,-38.1594219],[178.2783537,-38.1594393],[178.2782776,-38.1594543],[178.2781121,-38.1594873],[178.2779506,-38.1595297],[178.2778553,-38.1595548],[178.2777532,-38.1595852],[178.2775458,-38.1596517],[178.2772298,-38.1597659],[178.2769104,-38.159889],[178.2765763,-38.1600227],[178.2762482,-38.1601638],[178.2760317,-38.1602648],[178.2759308,-38.1603185],[178.2758373,-38.1603722],[178.275737,-38.160442],[178.2756507,-38.1605049],[178.2755016,-38.1606366],[178.275196,-38.1609287],[178.2750363,-38.1610785],[178.2748883,-38.1612192],[178.2747749,-38.1613245],[178.2744483,-38.1616171],[178.2743278,-38.1617027],[178.2742153,-38.1617672],[178.2741144,-38.1618159],[178.2739926,-38.1618577],[178.2738243,-38.1618915],[178.2736043,-38.1619115],[178.2732899,-38.1619347],[178.2731113,-38.1619653],[178.2729166,-38.1620112],[178.2727626,-38.1620538],[178.2720607,-38.1622899],[178.271891,-38.1623292],[178.271724,-38.1623501],[178.2716094,-38.1623559],[178.271464,-38.162349],[178.2711896,-38.1623132],[178.270867,-38.1622599],[178.2707109,-38.1622493],[178.2705689,-38.1622534],[178.2704586,-38.1622677],[178.270361,-38.1622858],[178.2702559,-38.1623076],[178.2700209,-38.1623713],[178.2697744,-38.1624476],[178.2696727,-38.1624803],[178.2695764,-38.1625172],[178.269469,-38.162561],[178.2692783,-38.1626564],[178.2690936,-38.1627602],[178.2689402,-38.1628308],[178.2688146,-38.1628677],[178.2687217,-38.1628862],[178.2686086,-38.1629025],[178.2684829,-38.1629006],[178.2683948,-38.1628887],[178.2682757,-38.1628658],[178.2681456,-38.1628204],[178.2679715,-38.1627385],[178.2677705,-38.1626271],[178.2676219,-38.1625594],[178.2675343,-38.162534],[178.2674412,-38.1625149],[178.2673359,-38.1625002],[178.2672034,-38.1625034],[178.2670847,-38.1625258],[178.2669861,-38.1625555],[178.266918,-38.1625857],[178.2668607,-38.162618],[178.2667987,-38.1626547],[178.2667448,-38.1626978],[178.2666726,-38.1627633],[178.2666192,-38.1628287],[178.2665625,-38.1629088],[178.2665097,-38.1629922],[178.2659791,-38.1639113],[178.2657913,-38.164217],[178.2656614,-38.1643756],[178.2655746,-38.1644646],[178.2654771,-38.1645504],[178.265361,-38.1646359],[178.2651938,-38.1647458],[178.2650018,-38.1648565],[178.2647441,-38.164995],[178.2646348,-38.1650591],[178.2645457,-38.1651157],[178.2644786,-38.1651664],[178.2643932,-38.1652431],[178.2643104,-38.1653334],[178.2640934,-38.1656126],[178.2639823,-38.1657452],[178.2638973,-38.1658299],[178.2638181,-38.1658992],[178.2637281,-38.1659659],[178.2634167,-38.1661615],[178.2633217,-38.1662305],[178.2632414,-38.1663016],[178.2631687,-38.1663717],[178.263022,-38.1665455],[178.2628158,-38.1668083],[178.2627024,-38.1669427],[178.2626414,-38.1670094],[178.2625736,-38.1670734],[178.2624966,-38.1671374],[178.2623705,-38.1672225],[178.2622059,-38.1672844],[178.2619997,-38.1673415],[178.2614748,-38.1674806],[178.2612727,-38.1675431],[178.2610733,-38.1676129],[178.2607066,-38.1677663],[178.2604391,-38.1679083],[178.2603073,-38.1679985],[178.260203,-38.1680919],[178.2601021,-38.1681901],[178.2599029,-38.1684044],[178.2597871,-38.1685616],[178.2597372,-38.1686423],[178.2596968,-38.1687273],[178.2596496,-38.1688638],[178.2596334,-38.1689442],[178.2596252,-38.1690246],[178.2596186,-38.1691787],[178.2596201,-38.1693476],[178.2596265,-38.1696076],[178.2596195,-38.1697838],[178.2596058,-38.169922],[178.2595812,-38.1700807],[178.2595271,-38.1702916],[178.2594071,-38.1706159],[178.2593573,-38.1707439],[178.2593249,-38.1708804],[178.2593134,-38.171019],[178.2593157,-38.1711013],[178.2593301,-38.1711751],[178.2593515,-38.1712529],[178.259383,-38.1713296],[178.2594357,-38.1714405],[178.2594965,-38.1715493],[178.2605152,-38.1732797],[178.2615392,-38.1750058],[178.2615935,-38.175102],[178.2616367,-38.1751889],[178.2616692,-38.1752531],[178.2616996,-38.1753432],[178.2617266,-38.1754307],[178.2617455,-38.1755189],[178.2617544,-38.1756128],[178.2617467,-38.175699],[178.2617329,-38.1757894],[178.261705,-38.1758801],[178.2616665,-38.1759711],[178.2616227,-38.1760504],[178.2615716,-38.1761249],[178.2615015,-38.1762066],[178.2614072,-38.1763039],[178.2613048,-38.1763974],[178.2604884,-38.1771402],[178.2603599,-38.1772735],[178.2602983,-38.1773443],[178.260222,-38.1774357],[178.2601648,-38.1775111],[178.2601041,-38.177592],[178.2600495,-38.1776683],[178.2599441,-38.1778332],[178.2597999,-38.1780673],[178.2597285,-38.1781955],[178.2596704,-38.1783288],[178.2596414,-38.1784169],[178.2596238,-38.1785044],[178.2596154,-38.1785951],[178.2596156,-38.178685],[178.2596298,-38.1787764],[178.2596491,-38.1788638],[178.2596812,-38.1789586],[178.2597318,-38.1790712],[178.2598058,-38.179207],[178.2599974,-38.1795355],[178.2600984,-38.1797175],[178.2601536,-38.1798362],[178.2601947,-38.179957],[178.2602226,-38.1800647],[178.2602355,-38.1801356],[178.2602445,-38.1802171],[178.2602454,-38.1803067],[178.2602418,-38.1803937],[178.2602302,-38.1804918],[178.2602053,-38.1806007],[178.2601738,-38.1807107],[178.2601054,-38.1809339],[178.2599317,-38.1814596],[178.2593042,-38.1833846],[178.2592201,-38.1836553],[178.2591743,-38.1838142],[178.2591513,-38.1839037],[178.2591316,-38.1840011],[178.2591153,-38.1841114],[178.2591075,-38.1841919],[178.2591063,-38.184284],[178.2591101,-38.1844688],[178.2591239,-38.1847254],[178.2591584,-38.1852166],[178.2591955,-38.1857135],[178.2592791,-38.1866906],[178.2593123,-38.1870483],[178.2593454,-38.1874075],[178.2594091,-38.188126],[178.2595523,-38.1897518],[178.2596125,-38.1905005],[178.2596209,-38.1907888],[178.2596213,-38.1910318],[178.2596114,-38.1915432],[178.2596003,-38.1918541],[178.2595946,-38.192174],[178.2595788,-38.192545],[178.2595676,-38.1926807],[178.259547,-38.1928164],[178.2595087,-38.1930111],[178.259437,-38.193246],[178.259371,-38.1934155],[178.259289,-38.1935808],[178.2592098,-38.1937228],[178.2591213,-38.1938606],[178.2589375,-38.1941357],[178.258755,-38.1943805],[178.258689,-38.1944639],[178.2586163,-38.1945452],[178.258552,-38.1946101],[178.2584837,-38.1946719],[178.2583112,-38.1948069],[178.2581836,-38.1948955],[178.2580359,-38.1949773],[178.2579141,-38.1950429],[178.2577023,-38.1951434],[178.2573446,-38.1953015],[178.257153,-38.1953968],[178.2570044,-38.1954762],[178.2568715,-38.195556],[178.2566938,-38.1956681],[178.2554465,-38.1965413],[178.2552496,-38.1966782],[178.2550662,-38.1968203],[178.2549464,-38.1969156],[178.2548319,-38.197012],[178.2547539,-38.1970809],[178.2546811,-38.1971469],[178.2546064,-38.1972232],[178.2545387,-38.1972982],[178.2544802,-38.1973733],[178.2544237,-38.1974564],[178.2543812,-38.1975331],[178.2543448,-38.1976214],[178.2543189,-38.1977031],[178.2542997,-38.1977943],[178.2542894,-38.1978866],[178.2542862,-38.1979721],[178.2542898,-38.1980586],[178.2543045,-38.1982251],[178.2543393,-38.1984832],[178.2543954,-38.1989574],[178.2544101,-38.199107],[178.254418,-38.1992566],[178.2544195,-38.1994536],[178.2544092,-38.1996419],[178.2543942,-38.1998144],[178.2543518,-38.2001937],[178.2543187,-38.200573],[178.2543003,-38.2008033],[178.2542832,-38.2010341],[178.2542802,-38.2012086],[178.2542799,-38.2013831],[178.2542867,-38.2015581],[178.2543022,-38.2017353],[178.2543306,-38.201934],[178.254357,-38.2020618],[178.2543886,-38.2021896],[178.254456,-38.2023972],[178.254518,-38.2025512],[178.2545747,-38.2027051],[178.2547526,-38.2030806],[178.2549163,-38.2034282],[178.255036,-38.2037],[178.2551152,-38.2038831]]}},{"type":"Feature","properties":{"asset_id":4836},"geometry":{"type":"LineString","coordinates":[[178.303479,-38.1174978],[178.3036212,-38.1176009],[178.3037723,-38.1177248],[178.303905,-38.1178497],[178.3039724,-38.1179203],[178.3040404,-38.1179926],[178.3041111,-38.1180733],[178.3041704,-38.1181508],[178.3042292,-38.1182321],[178.3042817,-38.1183127],[178.3043315,-38.1183964],[178.3043985,-38.118516],[178.3044556,-38.118636],[178.3045878,-38.1189445],[178.3047535,-38.1193195],[178.3048355,-38.1194832],[178.3048866,-38.119571],[178.3049372,-38.1196551],[178.3049933,-38.1197381],[178.3050865,-38.1198537],[178.3051946,-38.1199603],[178.305268,-38.1200246],[178.3053494,-38.1200868],[178.3054082,-38.1201256],[178.3054697,-38.1201581],[178.30559,-38.1202219],[178.3057606,-38.1202919],[178.3059043,-38.1203316],[178.3060345,-38.1203589],[178.306162,-38.1203777],[178.306306,-38.1203861],[178.30645,-38.1203839],[178.3066179,-38.1203704],[178.3067804,-38.1203463],[178.3070491,-38.1202901],[178.3076863,-38.1201332],[178.3078033,-38.1201093],[178.3079162,-38.1200909],[178.3080238,-38.1200766],[178.3081403,-38.1200659],[178.3082969,-38.1200626],[178.3084454,-38.1200679],[178.3085788,-38.1200847],[178.3086935,-38.1201066],[178.3088269,-38.1201413],[178.3089342,-38.1201723],[178.3090254,-38.1202068],[178.3091192,-38.1202477],[178.3093196,-38.1203418],[178.3101113,-38.1207779],[178.3106348,-38.1210745],[178.3108822,-38.1212287],[178.3111796,-38.1214332],[178.3114095,-38.1216038],[178.3115016,-38.1216775],[178.3116005,-38.1217585],[178.3117148,-38.1218702],[178.3117861,-38.1219434],[178.311852,-38.1220208],[178.3119132,-38.122091],[178.311969,-38.1221644],[178.3120289,-38.122244],[178.3120834,-38.1223226],[178.3121442,-38.1224146],[178.3121893,-38.1224976],[178.3123162,-38.1227482],[178.3128536,-38.1238966],[178.3132621,-38.1247875],[178.3133574,-38.1249925]]}},{"type":"Feature","properties":{"asset_id":4837},"geometry":{"type":"LineString","coordinates":[[178.3133589,-38.1249957],[178.3133802,-38.1250416],[178.3134499,-38.1251686],[178.3135318,-38.1252914],[178.313581,-38.1253498],[178.313657,-38.1254398],[178.3137337,-38.1255135],[178.3138365,-38.1255979],[178.3139167,-38.1256595],[178.3139996,-38.125717],[178.3140991,-38.1257763],[178.3142379,-38.1258494],[178.314405,-38.1259206],[178.3145821,-38.1259788],[178.3148484,-38.1260491],[178.3151173,-38.1261067],[178.315254,-38.1261358],[178.3153344,-38.1261568],[178.3154148,-38.12618],[178.3154778,-38.1262047],[178.3155435,-38.1262305],[178.3157648,-38.1263265],[178.3164997,-38.1266556],[178.3168876,-38.1268274],[178.3170134,-38.1268887],[178.3170575,-38.126913],[178.3170881,-38.1269352],[178.3171319,-38.1269696],[178.317166,-38.1270144],[178.3171859,-38.1270418],[178.3171991,-38.1270954],[178.3171923,-38.1271465],[178.3171747,-38.1271933]]}},{"type":"Feature","properties":{"asset_id":5040},"geometry":{"type":"LineString","coordinates":[[178.0951369,-37.5739962],[178.0953036,-37.5740301],[178.0955206,-37.5740684],[178.0956827,-37.574079],[178.0958668,-37.5740795],[178.0959987,-37.5740789],[178.096104,-37.5740769],[178.0962092,-37.5740877],[178.0963254,-37.574109],[178.0964282,-37.5741367],[178.096516,-37.5741669],[178.09673,-37.5742608],[178.0968863,-37.5743345],[178.0970385,-37.5744018],[178.0971236,-37.5744281],[178.0972365,-37.5744541],[178.0973696,-37.5744672],[178.0974587,-37.5744605],[178.0975458,-37.5744456],[178.0977669,-37.5743691],[178.098067,-37.5742424],[178.0986604,-37.5739731],[178.0993609,-37.5736669],[178.09947,-37.5736312],[178.0995778,-37.5736125],[178.0996911,-37.5736182],[178.0997976,-37.5736377],[178.0999035,-37.5736726],[178.0999987,-37.5737266],[178.100072,-37.5737952],[178.1001841,-37.5739774],[178.1002237,-37.5740517],[178.1002716,-37.5741143],[178.1003249,-37.5741748],[178.1003997,-37.574237],[178.1004907,-37.5742918],[178.1005939,-37.5743221],[178.1006958,-37.5743429],[178.100803,-37.5743516],[178.1009032,-37.574348],[178.1009687,-37.5743416],[178.1010221,-37.5743342],[178.1014432,-37.5742696],[178.1015304,-37.5742621],[178.1016525,-37.5742641],[178.1017519,-37.5742714],[178.1018593,-37.5742967],[178.1019737,-37.5743396],[178.1020533,-37.5743772],[178.1024416,-37.5746048],[178.1025571,-37.5746585],[178.1026378,-37.574691],[178.1027432,-37.5747276],[178.1028474,-37.5747525],[178.1029526,-37.5747637],[178.1030712,-37.5747739],[178.1031887,-37.5747751],[178.1033013,-37.5747638],[178.1034005,-37.5747464],[178.1035292,-37.5747163],[178.1038548,-37.5746361],[178.1039598,-37.5746169],[178.1039769,-37.5746153]]}},{"type":"Feature","properties":{"asset_id":5041},"geometry":{"type":"LineString","coordinates":[[178.1039769,-37.5746153],[178.1040676,-37.5746072],[178.1042043,-37.574599],[178.1044028,-37.5746141],[178.1047125,-37.5746454],[178.1049282,-37.5746751],[178.1050298,-37.5747067],[178.1051243,-37.5747529],[178.1052044,-37.5748166],[178.1052737,-37.5748803],[178.1053707,-37.574998],[178.1055085,-37.575175],[178.1055752,-37.5752518],[178.1056634,-37.5753223],[178.1057248,-37.5753651],[178.1058203,-37.5754189],[178.1059234,-37.5754612],[178.10602,-37.5754903],[178.1062296,-37.5755593],[178.1063513,-37.5756109],[178.1064587,-37.5756619],[178.1067727,-37.5758383],[178.1070788,-37.5760158],[178.1074341,-37.5762235],[178.1076998,-37.576373],[178.1078009,-37.5764235],[178.1078975,-37.5764662],[178.107997,-37.5765053],[178.1081156,-37.5765448],[178.1082228,-37.5765649],[178.108317,-37.5765807],[178.1083976,-37.5765864],[178.1085158,-37.57659],[178.1086203,-37.5765828],[178.1087811,-37.5765777],[178.1090074,-37.5765557],[178.1091637,-37.5765383],[178.10932,-37.5765167],[178.1094682,-37.5764918],[178.1096164,-37.5764627],[178.1104564,-37.5762399],[178.1112909,-37.5760042],[178.1118292,-37.5758642],[178.1119732,-37.5758379],[178.1120605,-37.5758249],[178.1121503,-37.5758182],[178.1122228,-37.5758179],[178.1122952,-37.5758239],[178.1124222,-37.5758373],[178.1128034,-37.5758915],[178.1134425,-37.5759891],[178.1137874,-37.5760545],[178.1140099,-37.5761191],[178.1142972,-37.5762345],[178.1143805,-37.5762707],[178.1145283,-37.576343],[178.114734,-37.5764663],[178.1148622,-37.5765619],[178.1150564,-37.5767128],[178.1152412,-37.5768753],[178.1153795,-37.5770066],[178.1154462,-37.5770705],[178.1155302,-37.5771503],[178.1157972,-37.5774036],[178.115928,-37.5775156],[178.1160428,-37.5775915],[178.1161581,-37.5776476],[178.1162024,-37.5776669],[178.1162454,-37.5776809],[178.1163286,-37.5777047],[178.116412,-37.5777201],[178.1165102,-37.5777355],[178.1166185,-37.577745],[178.1167965,-37.5777551],[178.1168614,-37.5777637],[178.1169263,-37.5777767],[178.1169764,-37.577797],[178.1170279,-37.5778238],[178.1170736,-37.5778591],[178.117116,-37.5778948],[178.117153,-37.5779354],[178.1171846,-37.5779781],[178.117332,-37.5784389],[178.11736,-37.578498],[178.1173987,-37.5785539],[178.117447,-37.578605],[178.1175046,-37.5786518],[178.1176245,-37.5787455],[178.1182871,-37.5792092],[178.1184536,-37.5793404],[178.1186577,-37.5794944],[178.1190498,-37.579796],[178.1193146,-37.5799875],[178.1194223,-37.5800554],[178.1195271,-37.5801186],[178.1196185,-37.5801541],[178.119714,-37.5801871],[178.1198095,-37.5802201],[178.1199569,-37.5802427],[178.1201927,-37.5802583],[178.1203964,-37.5802536],[178.1206186,-37.5802369],[178.1209053,-37.5802276],[178.1211866,-37.5802055],[178.1212731,-37.5801958],[178.1214153,-37.5801644],[178.1215615,-37.5801154],[178.1217049,-37.5800434],[178.1218563,-37.5799694],[178.1223075,-37.5797128],[178.1228275,-37.5793937],[178.123141,-37.5792181],[178.1232849,-37.5791572],[178.1234376,-37.5791059],[178.1236425,-37.579052],[178.1238369,-37.578998],[178.1241771,-37.57887],[178.124361,-37.5788029],[178.124461,-37.5787745],[178.1245756,-37.5787534],[178.1250523,-37.5786876],[178.1251674,-37.5786665],[178.1252735,-37.5786455],[178.1255865,-37.5785617],[178.1258256,-37.5785018],[178.1259678,-37.5784692],[178.1262548,-37.5784165],[178.1266961,-37.5783518],[178.1271371,-37.5782975],[178.1272481,-37.5782868],[178.1274724,-37.5782712],[178.1276349,-37.578264],[178.1277603,-37.5782598],[178.127863,-37.5782627],[178.1279763,-37.5782694],[178.1280881,-37.5782813],[178.128207,-37.578301],[178.1283085,-37.5783224],[178.1285207,-37.5783803],[178.1289045,-37.5784988],[178.1294296,-37.5786568],[178.1296582,-37.5787082],[178.129764,-37.5787238],[178.1298753,-37.578733],[178.1300427,-37.57874],[178.1302061,-37.5787321],[178.1305635,-37.5787064],[178.1307305,-37.5786899],[178.1309062,-37.5786691],[178.1310735,-37.5786388],[178.1311425,-37.5786196],[178.13121,-37.5785984],[178.1313052,-37.5785521],[178.1313847,-37.5784907],[178.1314427,-37.578425],[178.1316686,-37.5780516],[178.1319233,-37.5776884],[178.1321543,-37.5773577],[178.1323071,-37.577102],[178.1324003,-37.5769155],[178.1325003,-37.5767023],[178.1325717,-37.5765529],[178.1326378,-37.5764034],[178.1327605,-37.576098],[178.1328075,-37.5759674],[178.1328464,-37.5758367],[178.1329095,-37.5755848],[178.1329733,-37.575315],[178.133045,-37.5750367],[178.1330813,-37.5749326],[178.133131,-37.5748284],[178.1331705,-37.5747784],[178.1332159,-37.5747252],[178.133296,-37.5746587],[178.1334082,-37.5745857],[178.1335659,-37.5745133],[178.1336572,-37.5744759],[178.1337559,-37.574447],[178.1338806,-37.5744154],[178.1340048,-37.5743877],[178.1341435,-37.5743641],[178.134237,-37.5743545],[178.1343676,-37.5743438],[178.134684,-37.5743305],[178.134991,-37.5743098],[178.1351292,-37.5742932],[178.1352612,-37.5742693],[178.1353929,-37.5742399],[178.1355225,-37.574203],[178.1356222,-37.5741721],[178.1357153,-37.5741389],[178.136156,-37.573964],[178.1362814,-37.5739243],[178.1363947,-37.5738941],[178.1367762,-37.5738124],[178.1369323,-37.5737711],[178.1370523,-37.5737323],[178.137157,-37.5736903],[178.1372509,-37.5736439],[178.1374502,-37.5735464],[178.1375452,-37.5735048],[178.1376522,-37.5734748],[178.1377612,-37.5734522],[178.1378695,-37.5734387],[178.1379785,-37.573434],[178.1380936,-37.5734331],[178.1382009,-37.5734355],[178.1383138,-37.57344],[178.1384234,-37.5734476],[178.138531,-37.5734616],[178.1386432,-37.5734766],[178.1387469,-37.5734971],[178.138859,-37.5735188],[178.1395935,-37.5736904],[178.1396992,-37.5737118],[178.1398151,-37.5737354],[178.1399443,-37.5737581],[178.1400411,-37.5737703],[178.140164,-37.5737841],[178.140262,-37.5737897],[178.1404028,-37.57379],[178.1406288,-37.5737703],[178.141318,-37.573667],[178.1415278,-37.5736465],[178.1417322,-37.5736362],[178.1419818,-37.5736382],[178.1422315,-37.5736402],[178.1424543,-37.5736478],[178.1426744,-37.573648],[178.142967,-37.5736456],[178.1433655,-37.5736438],[178.14369,-37.5736365],[178.1440415,-37.573634],[178.1443789,-37.5736321],[178.1446466,-37.573638],[178.1447175,-37.5736422],[178.1447858,-37.5736484],[178.1448782,-37.5736616],[178.1449706,-37.573679],[178.1450412,-37.5736935],[178.1451092,-37.5737144],[178.1452157,-37.5737496],[178.1453142,-37.5737922],[178.1454559,-37.573861],[178.145607,-37.5739478],[178.1457894,-37.5740532],[178.1458764,-37.5741109],[178.1459678,-37.5741714],[178.1460536,-37.5742312],[178.1461354,-37.5742942],[178.1462107,-37.5743597],[178.1462794,-37.57443],[178.1463245,-37.5744842],[178.1463569,-37.5745299],[178.1463835,-37.5745736],[178.1464014,-37.5746088],[178.1464274,-37.5746562],[178.1464473,-37.5747042],[178.1464657,-37.5747528],[178.1464874,-37.5748327],[178.1465086,-37.5749377],[178.1465195,-37.5750163],[178.1465425,-37.5752224],[178.1465566,-37.5754659],[178.1465642,-37.5756528],[178.1465711,-37.5758381],[178.1465722,-37.5759815],[178.1465672,-37.5761701],[178.146554,-37.576383],[178.1465352,-37.576582],[178.1465126,-37.5769267],[178.1464848,-37.5772672],[178.1464785,-37.5774218],[178.1464772,-37.5775792],[178.1464921,-37.5777861],[178.1465136,-37.5779637],[178.1465278,-37.5781355],[178.1465294,-37.5782288],[178.1465209,-37.5783211],[178.146508,-37.57841],[178.1464769,-37.5785671],[178.1464427,-37.5787467],[178.1464112,-37.5789508],[178.146373,-37.5792096],[178.146312,-37.5796623],[178.1463013,-37.5797692],[178.1462944,-37.5798531],[178.1462942,-37.579936],[178.1463025,-37.5800244],[178.1463134,-37.5801049],[178.1463351,-37.5801965],[178.1463681,-37.5802897],[178.1464095,-37.5803816],[178.1464676,-37.5804724],[178.146539,-37.5805565],[178.1466648,-37.5806629],[178.1467809,-37.5807501],[178.1469024,-37.5808331],[178.1471179,-37.5809731],[178.1473559,-37.5811153],[178.1477715,-37.5813611],[178.1485284,-37.5818214],[178.14885,-37.5820254],[178.1491521,-37.5822309],[178.149315,-37.582348],[178.1493906,-37.5824108],[178.1494446,-37.5824747],[178.1494936,-37.5825603],[178.1495278,-37.582631],[178.149551,-37.5827324],[178.1495608,-37.5828173],[178.149581,-37.5829866],[178.1496076,-37.583092],[178.1496764,-37.5832458],[178.1497113,-37.5833368],[178.1497703,-37.5834607],[178.1498877,-37.5837075],[178.149986,-37.583923],[178.1500187,-37.5840057],[178.1500448,-37.5840969],[178.1500764,-37.5842477],[178.1500925,-37.5843585],[178.1501052,-37.5844569],[178.1501468,-37.5848258],[178.1501646,-37.5849447],[178.1501884,-37.5850902],[178.1502065,-37.5851834],[178.1502353,-37.5853208],[178.1502588,-37.5854156],[178.1503211,-37.5856925],[178.1504451,-37.5861906],[178.1504891,-37.5863294],[178.1505318,-37.5864586],[178.1505835,-37.5865761],[178.1506447,-37.5866915],[178.1508103,-37.5869414],[178.1510813,-37.5873457],[178.1512219,-37.5875497],[178.1513664,-37.5877527],[178.1517548,-37.5883278],[178.1519178,-37.588548],[178.1520203,-37.5886965],[178.1521296,-37.5888571],[178.152195,-37.5889523],[178.1522478,-37.5890386],[178.1523079,-37.5891415],[178.1523494,-37.5892376],[178.1523742,-37.5893081],[178.1523873,-37.5893582],[178.1523937,-37.5894082],[178.1523918,-37.5895162],[178.1523741,-37.5896416],[178.1522964,-37.5900825],[178.1522247,-37.5903951],[178.1521858,-37.5905404],[178.1521667,-37.5906575],[178.1521455,-37.5907768],[178.1521237,-37.5910698],[178.1521078,-37.5912193],[178.1520975,-37.5913051],[178.152086,-37.5913893],[178.152047,-37.5916365],[178.1520332,-37.5917798],[178.1520366,-37.591855],[178.1520439,-37.5919303],[178.1520669,-37.5920297],[178.1520959,-37.5921111],[178.1521326,-37.59219],[178.152176,-37.5922678],[178.1522536,-37.5923683],[178.152348,-37.5924821],[178.1524502,-37.5925758]]}},{"type":"Feature","properties":{"asset_id":11388},"geometry":{"type":"LineString","coordinates":[[177.9153948,-38.6526717],[177.9153056,-38.65289],[177.9150125,-38.6534455],[177.9147332,-38.6540377],[177.9145795,-38.6544252],[177.9144145,-38.6548582],[177.9142997,-38.6552032],[177.9142277,-38.6554529],[177.914107,-38.6559004],[177.9140199,-38.6562745],[177.9139667,-38.6565451],[177.9137834,-38.6576567],[177.9133595,-38.6603704],[177.9131831,-38.6615089],[177.9130389,-38.6624568],[177.9128267,-38.663808],[177.9127548,-38.6642603],[177.9125523,-38.6655217],[177.912429,-38.6662943],[177.9122069,-38.6677448],[177.9119822,-38.6691953],[177.911965,-38.6693064],[177.9119425,-38.6694259],[177.9118694,-38.6697204],[177.9118655,-38.669736]]}},{"type":"Feature","properties":{"asset_id":4795},"geometry":{"type":"LineString","coordinates":[[177.9118655,-38.669736],[177.9118563,-38.6697732],[177.9117297,-38.6702455],[177.9115048,-38.6710916],[177.9113467,-38.6716822],[177.9111991,-38.6722246]]}},{"type":"Feature","properties":{"asset_id":4796},"geometry":{"type":"LineString","coordinates":[[177.9111991,-38.6722246],[177.9111859,-38.6722728],[177.9111224,-38.6724894],[177.9110482,-38.6727773],[177.9108862,-38.6733886],[177.9107401,-38.6739413],[177.910602,-38.6744709],[177.9105608,-38.674653],[177.910551,-38.6746892],[177.9105331,-38.6747545],[177.910507,-38.6749003],[177.9104951,-38.6749723],[177.9104886,-38.6750444],[177.910482,-38.6751143],[177.9104782,-38.6751843],[177.9104812,-38.6753263],[177.9104956,-38.6755038],[177.9105197,-38.675633],[177.9105564,-38.6758078],[177.9106012,-38.6759805],[177.9106464,-38.6761375],[177.9108968,-38.6769528]]}},{"type":"Feature","properties":{"asset_id":4797},"geometry":{"type":"LineString","coordinates":[[177.9108968,-38.6769528],[177.9113906,-38.6785189],[177.9114676,-38.6787653],[177.9114702,-38.6787738]]}},{"type":"Feature","properties":{"asset_id":4798},"geometry":{"type":"LineString","coordinates":[[177.9114702,-38.6787738],[177.9117799,-38.6797707],[177.9123618,-38.6816316],[177.9127935,-38.6830109],[177.9130107,-38.6837006],[177.9132225,-38.6843734],[177.9133046,-38.6846629],[177.9133599,-38.6848979],[177.9134997,-38.6856245],[177.9136969,-38.6866426],[177.9139522,-38.6879337],[177.914105,-38.6887183],[177.9142577,-38.6894526],[177.9144051,-38.6902131],[177.9144507,-38.6904379],[177.9145298,-38.690835],[177.9145552,-38.6909726],[177.914578,-38.6910871],[177.9145988,-38.6912459],[177.9146088,-38.6913231],[177.9146155,-38.6914621],[177.9146158,-38.6915934],[177.9145974,-38.692045],[177.9145354,-38.693481],[177.914427,-38.6960448],[177.9142543,-38.6999775],[177.9141124,-38.7032287],[177.9139691,-38.7064452],[177.9139392,-38.7072932],[177.9138986,-38.7080324],[177.9138813,-38.7086734]]}},{"type":"Feature","properties":{"asset_id":4799},"geometry":{"type":"LineString","coordinates":[[177.9138813,-38.7086734],[177.9138413,-38.7094483],[177.913786,-38.709995],[177.9137333,-38.7103817],[177.9136066,-38.7110556],[177.9133029,-38.7125835],[177.9131076,-38.7135777],[177.9129909,-38.7141124],[177.9128608,-38.714645],[177.9126564,-38.7154264],[177.9126118,-38.7156212]]}},{"type":"Feature","properties":{"asset_id":4843},"geometry":{"type":"LineString","coordinates":[[178.2761384,-38.2942443],[178.276243,-38.2943531],[178.2762994,-38.2944215],[178.276355,-38.2944967],[178.2763947,-38.2945548],[178.2764314,-38.2946127],[178.2764637,-38.2946686],[178.2764933,-38.2947228],[178.2765203,-38.2947875],[178.2765422,-38.2948499],[178.276553,-38.294883],[178.2765619,-38.2949106],[178.2765758,-38.2949625],[178.2765868,-38.2950211],[178.2765897,-38.2950813],[178.2765903,-38.2951509],[178.2765885,-38.2952488],[178.276583,-38.2953336],[178.2765627,-38.2954583],[178.2765284,-38.2955975],[178.2764744,-38.2957472],[178.2764043,-38.2958915],[178.2762757,-38.2961168],[178.2758842,-38.2967695],[178.2758185,-38.2968899],[178.2757629,-38.2970022],[178.2757184,-38.2971026],[178.2756813,-38.2971867],[178.2756537,-38.2972703],[178.2754716,-38.2978767],[178.2754308,-38.297977],[178.2753753,-38.2980825],[178.2753063,-38.2981839],[178.2752186,-38.2982759],[178.275138,-38.2983423],[178.2750494,-38.298403],[178.274968,-38.2984502],[178.2748625,-38.2985018],[178.2747547,-38.2985374],[178.2746401,-38.2985699],[178.2745403,-38.2985887],[178.2739785,-38.2986816],[178.2738682,-38.2987041],[178.2737606,-38.2987287],[178.2736568,-38.2987616],[178.2735503,-38.2988028],[178.2734593,-38.2988451],[178.2733676,-38.2988927],[178.2732687,-38.2989521],[178.273154,-38.2990318],[178.2730508,-38.299119],[178.2729426,-38.2992143],[178.2728419,-38.2993139],[178.2727515,-38.2994388],[178.2726653,-38.2995721],[178.2726086,-38.2996786],[178.2725587,-38.299805],[178.2725257,-38.2999175],[178.2725004,-38.3000279],[178.2724884,-38.3001152],[178.2724777,-38.3002109],[178.2724685,-38.3003245],[178.2724599,-38.3004523],[178.2724365,-38.3008544],[178.2724104,-38.3012565],[178.2723869,-38.3016654],[178.2723568,-38.3020701],[178.2723391,-38.3022155],[178.2723175,-38.3023608],[178.2722824,-38.3025124],[178.2722379,-38.3026619],[178.2721201,-38.3029599],[178.2719407,-38.3034105],[178.2717031,-38.3040049],[178.2715585,-38.3043913],[178.2714939,-38.3045732],[178.2714334,-38.3047477],[178.2713953,-38.3048935],[178.2713646,-38.305043],[178.2713476,-38.3051309],[178.2713339,-38.3052445],[178.2713275,-38.305372],[178.2713326,-38.3055321],[178.271341,-38.3056325],[178.2713626,-38.3057457],[178.2713788,-38.3058205],[178.2713957,-38.3058896],[178.2714206,-38.3059707],[178.2714886,-38.3061539],[178.2715887,-38.3064033],[178.2719936,-38.3073875],[178.2722034,-38.3078781],[178.2723717,-38.3082949],[178.2724036,-38.3083834],[178.2724355,-38.308472],[178.2724604,-38.3085589],[178.2724819,-38.308628],[178.2725007,-38.3087162],[178.2725148,-38.3088039],[178.2725217,-38.3088997],[178.2725212,-38.3090028],[178.2725103,-38.3091186],[178.27249,-38.3092529],[178.2724616,-38.3093687],[178.2723481,-38.3097261],[178.2722769,-38.3099466],[178.2721929,-38.3102235],[178.2721599,-38.3103362],[178.2721213,-38.3104967],[178.2721053,-38.3105796],[178.2720867,-38.3106667],[178.2720548,-38.3108109],[178.272042,-38.3108984],[178.2720325,-38.3109832],[178.2720162,-38.3111987],[178.2720117,-38.311385],[178.2720106,-38.3115603],[178.2720143,-38.3119067],[178.2720121,-38.3125308],[178.2720004,-38.3131734],[178.2720023,-38.3140858],[178.2720097,-38.316242],[178.2720044,-38.3164227],[178.2719952,-38.3165876],[178.2719791,-38.3167157],[178.2719617,-38.3168166],[178.2719094,-38.3169806],[178.271842,-38.3171465],[178.2716868,-38.317434],[178.2714639,-38.3177936],[178.2713547,-38.3179631],[178.2711658,-38.3182573],[178.2710494,-38.3184361],[178.2709449,-38.3185921],[178.2708413,-38.3187529],[178.2707438,-38.3189174],[178.2706543,-38.319093],[178.2705855,-38.3192516],[178.2705232,-38.3194214],[178.2704663,-38.3196007],[178.2704305,-38.3197321],[178.2704072,-38.3198173],[178.2703919,-38.3199056],[178.2703843,-38.3199963],[178.2703847,-38.320087],[178.2703891,-38.320159],[178.2704015,-38.320231],[178.2704369,-38.3203408],[178.2704708,-38.3204199],[178.2705207,-38.3205075],[178.2705687,-38.3205816],[178.2706337,-38.32067],[178.2707283,-38.3207795],[178.2708717,-38.3209279],[178.2713825,-38.3214432],[178.2714941,-38.321584],[178.2715318,-38.3216417],[178.2715655,-38.3217025],[178.2715938,-38.3217655],[178.2716181,-38.3218316],[178.2716623,-38.3219722],[178.2716885,-38.3221193],[178.2717106,-38.3222907],[178.2717525,-38.3226545],[178.2717835,-38.3229243],[178.271793,-38.3230884],[178.2717849,-38.3232691],[178.2717687,-38.3234472],[178.2717163,-38.3238665],[178.27171,-38.3239852],[178.2717122,-38.3240698],[178.2717213,-38.3241627],[178.2717493,-38.324306],[178.2717885,-38.3244363],[178.2718352,-38.3245267]]}},{"type":"Feature","properties":{"asset_id":4844},"geometry":{"type":"LineString","coordinates":[[178.2718356,-38.3245275],[178.2718546,-38.3245644],[178.2719262,-38.3246798],[178.2720005,-38.3247888],[178.2720937,-38.324898],[178.2723168,-38.3251492],[178.2725506,-38.3253983],[178.2730237,-38.3258922],[178.2731674,-38.3260362],[178.2733192,-38.3261697],[178.2734868,-38.3262959],[178.2735974,-38.3263706],[178.2737456,-38.3264622],[178.2742873,-38.3267712],[178.2748317,-38.3270719],[178.2754177,-38.3273988],[178.2758656,-38.3276595],[178.2760111,-38.3277602],[178.2761552,-38.327863],[178.2762514,-38.3279415],[178.2763517,-38.3280284],[178.2764744,-38.3281464],[178.2766045,-38.3282828],[178.2767279,-38.3284204],[178.2769263,-38.3286721],[178.2771113,-38.3289248],[178.2774841,-38.3294334],[178.277982,-38.3301087],[178.2784813,-38.3307923],[178.2786874,-38.3310698],[178.2789519,-38.3314336],[178.2797272,-38.3324896],[178.2798124,-38.3326056],[178.2800025,-38.3328289],[178.2801344,-38.3329647],[178.2802743,-38.3330983],[178.2804518,-38.3332517],[178.2805458,-38.3333273],[178.2806507,-38.3334008],[178.2807346,-38.3334599],[178.2808293,-38.333517],[178.2811153,-38.3336689],[178.2813508,-38.3337713],[178.28209,-38.3340552],[178.282836,-38.3343317],[178.2830753,-38.334425],[178.2832378,-38.3344965],[178.2833937,-38.3345743],[178.2834897,-38.3346254],[178.2835938,-38.3346828],[178.2837938,-38.3348049],[178.284006,-38.3349469],[178.2844403,-38.3352612],[178.2846975,-38.3354474],[178.2849279,-38.3356206],[178.2852897,-38.3358696],[178.2857108,-38.3361484],[178.2861453,-38.3364271],[178.2870142,-38.3369825],[178.2878778,-38.3375348],[178.2887428,-38.338086],[178.2889565,-38.3382189],[178.2891809,-38.3383456],[178.2893844,-38.3384508],[178.2895474,-38.3385223],[178.289628,-38.3385623],[178.2901231,-38.3387801],[178.2903102,-38.3388627],[178.2904974,-38.3389495],[178.2906458,-38.339028],[178.2907875,-38.3391076],[178.2909945,-38.3392298],[178.291169,-38.339344],[178.2913261,-38.3394698],[178.2914676,-38.3396055],[178.2916015,-38.339755],[178.2917569,-38.3399717],[178.2918322,-38.3400967],[178.2918995,-38.3402301],[178.2920378,-38.3405298],[178.2921894,-38.3408275],[178.2923177,-38.3410412],[178.2923798,-38.3411349],[178.2924486,-38.3412243],[178.2925351,-38.3413369],[178.2926417,-38.3414474],[178.2927063,-38.3415158],[178.2927763,-38.3415801],[178.2929297,-38.3417097],[178.29305,-38.3418029],[178.2933152,-38.3419887],[178.2940035,-38.342446],[178.2947052,-38.3429086],[178.2954381,-38.3433938],[178.2959601,-38.3437406],[178.2961362,-38.3438643],[178.2964809,-38.3441156],[178.2970456,-38.3445479],[178.2976217,-38.3449875],[178.2981897,-38.3454219],[178.2987994,-38.3458853],[178.2991068,-38.346118],[178.2994063,-38.3463528],[178.2996314,-38.3465404],[178.299756,-38.3466537],[178.2998793,-38.3467712],[178.3000011,-38.3469052],[178.3001309,-38.3470571],[178.3002576,-38.3472106],[178.3003748,-38.3473683]]}},{"type":"Feature","properties":{"asset_id":4845},"geometry":{"type":"LineString","coordinates":[[178.3003754,-38.3473691],[178.3004818,-38.3475229],[178.3005834,-38.3476891],[178.3006683,-38.3478305],[178.3007479,-38.347974],[178.3008095,-38.3481085],[178.3008817,-38.3482673],[178.3009501,-38.3484415],[178.301009,-38.3486168],[178.3010547,-38.3487868],[178.3010717,-38.34885],[178.3011172,-38.3490402],[178.3011552,-38.349233],[178.3011835,-38.3494217],[178.3011977,-38.349593],[178.3012048,-38.3497798],[178.3011997,-38.3499741],[178.3011905,-38.3501411],[178.3011786,-38.3503088],[178.3011371,-38.3506639],[178.3010876,-38.3510191],[178.3009543,-38.3519587],[178.3008117,-38.3529972],[178.300787,-38.3531907],[178.3007727,-38.3533179],[178.3007611,-38.3534452],[178.3007577,-38.3535814],[178.3007665,-38.3537188],[178.3007789,-38.3538157]]}},{"type":"Feature","properties":{"asset_id":4846},"geometry":{"type":"LineString","coordinates":[[178.300779,-38.3538166],[178.3007832,-38.3538493],[178.3008054,-38.3539808],[178.3008911,-38.3543802],[178.3009661,-38.3547344],[178.3010041,-38.3549883],[178.3010111,-38.3551497],[178.3010052,-38.3552774],[178.3009918,-38.3553999],[178.3009629,-38.3555442],[178.3009267,-38.3556769],[178.3008714,-38.355849],[178.3008028,-38.3560212],[178.3007186,-38.3561943],[178.3006223,-38.356361],[178.3005135,-38.356519],[178.30039,-38.3566664],[178.3002524,-38.3568064],[178.3001061,-38.3569335],[178.2999408,-38.3570568],[178.2997649,-38.3571721],[178.2995857,-38.357275],[178.2994013,-38.3573768],[178.2990242,-38.3575731],[178.2981966,-38.3579963],[178.2977927,-38.3582071],[178.2965424,-38.3588569],[178.2960953,-38.3590724],[178.2957922,-38.3592046],[178.2954702,-38.3593347],[178.2948865,-38.359554],[178.2942621,-38.3597666],[178.2938934,-38.3598738],[178.2931948,-38.3600567],[178.293085,-38.3600867],[178.2929753,-38.3601251],[178.2928252,-38.3601856],[178.2926993,-38.3602566],[178.2925679,-38.360344],[178.2924739,-38.3604171],[178.2923921,-38.3605018],[178.2922987,-38.3606181],[178.2922432,-38.3607157],[178.2921931,-38.3608322],[178.2921535,-38.3609603],[178.2921381,-38.3610904],[178.2921367,-38.3611844],[178.2921434,-38.3612783],[178.2921715,-38.361465],[178.2923001,-38.3620807],[178.2924343,-38.3627159],[178.2924692,-38.3628989],[178.2924973,-38.3630724],[178.2925121,-38.3632459],[178.2925058,-38.3633767],[178.2924781,-38.3635075],[178.2924224,-38.3636537],[178.2923724,-38.3637484],[178.2923171,-38.3638431],[178.2922254,-38.3639599],[178.2921204,-38.364064],[178.2918112,-38.3643415],[178.2916957,-38.3644642],[178.2916141,-38.3645767],[178.2915288,-38.3647143],[178.2914714,-38.3648461],[178.2914301,-38.3649801],[178.2914014,-38.3651305],[178.2913951,-38.3652761],[178.2914023,-38.3654354],[178.2914199,-38.3655222],[178.2914483,-38.3656772],[178.2915078,-38.3659169],[178.2915474,-38.3660468],[178.2916057,-38.3661746],[178.2916525,-38.3662573],[178.2917127,-38.36634],[178.2917691,-38.3664108],[178.2918337,-38.3664773],[178.2919141,-38.3665444],[178.2919999,-38.3666073],[178.2921072,-38.3666661],[178.2922171,-38.3667185],[178.2923741,-38.3667737],[178.2925445,-38.3668079],[178.2926506,-38.3668182],[178.2927701,-38.3668243],[178.2929667,-38.3668199],[178.2931713,-38.3667987],[178.2934282,-38.3667758],[178.2936664,-38.3667635],[178.2937304,-38.3667611],[178.2938188,-38.3667579],[178.2941535,-38.3667566],[178.2952815,-38.36675],[178.2955056,-38.3667495],[178.2957297,-38.3667595],[178.2958468,-38.3667739],[178.2959053,-38.3667853],[178.2959638,-38.3667967],[178.296041,-38.3668195],[178.2961181,-38.3668444],[178.2961939,-38.3668766],[178.2962697,-38.3669152],[178.2963473,-38.3669576],[178.2964168,-38.3670104],[178.2964837,-38.3670654],[178.2965425,-38.3671246],[178.2965877,-38.3671758],[178.2966329,-38.3672312],[178.2966687,-38.3672898],[178.2966992,-38.3673505],[178.2967244,-38.3674142],[178.2967357,-38.3674474],[178.2967469,-38.3674801],[178.29676,-38.3675449],[178.2967651,-38.367614],[178.2967721,-38.3677445],[178.2967737,-38.3678772],[178.2967828,-38.3689576],[178.2967874,-38.3696041]]}},{"type":"Feature","properties":{"asset_id":4847},"geometry":{"type":"LineString","coordinates":[[178.2967874,-38.3696041],[178.2967906,-38.3700202],[178.2967917,-38.3703998],[178.2968038,-38.3717057],[178.2968198,-38.3734194],[178.2968182,-38.3735222],[178.2968133,-38.3736188],[178.2968029,-38.3736861],[178.2967906,-38.3737454],[178.2967775,-38.3738091],[178.2967367,-38.3739694],[178.2966311,-38.3743303],[178.2965296,-38.3746933],[178.296476,-38.3748697]]}},{"type":"Feature","properties":{"asset_id":4865},"geometry":{"type":"LineString","coordinates":[[178.0801766,-38.6777048],[178.0796008,-38.6779511],[178.0793135,-38.6780727],[178.0791739,-38.6781334],[178.0790343,-38.6781974],[178.0788763,-38.6782716],[178.0787183,-38.678349],[178.0785516,-38.6784332],[178.078393,-38.6785132],[178.0781009,-38.6786693],[178.0777994,-38.6788406],[178.0775509,-38.6789936],[178.0772715,-38.6791748],[178.0769809,-38.6793747]]}},{"type":"Feature","properties":{"asset_id":4866},"geometry":{"type":"LineString","coordinates":[[178.0769775,-38.679377],[178.0769319,-38.6794084],[178.0765997,-38.6796519],[178.0763597,-38.6798418],[178.0761223,-38.6800396],[178.0759317,-38.6802066],[178.0757452,-38.6803756],[178.0755992,-38.6805147],[178.0754572,-38.6806548],[178.0751738,-38.6809488],[178.0750529,-38.6810825],[178.0749359,-38.6812173],[178.0747074,-38.6814922],[178.0744706,-38.6818034],[178.0743198,-38.682015],[178.0741437,-38.6822717],[178.0734003,-38.6833682],[178.07308,-38.6838364],[178.0729192,-38.6840731],[178.0727597,-38.6843109],[178.0725274,-38.6846608],[178.072298,-38.685041],[178.0721061,-38.6853751],[178.0719065,-38.685751],[178.071686,-38.6861882],[178.071575,-38.6864067],[178.0714574,-38.6866253],[178.0713752,-38.6867742],[178.0712716,-38.6869493],[178.071117,-38.6871919],[178.0709529,-38.6874302],[178.0707311,-38.6877227],[178.0706758,-38.6878005],[178.0705802,-38.6879159],[178.0704139,-38.6881138],[178.0702351,-38.6882987],[178.0701128,-38.6884122]]}},{"type":"Feature","properties":{"asset_id":4867},"geometry":{"type":"LineString","coordinates":[[178.0701128,-38.6884122],[178.0700995,-38.6884245],[178.0700449,-38.6884752],[178.0699344,-38.6885732],[178.0698777,-38.6886213],[178.0698376,-38.6886552],[178.0696676,-38.6887943],[178.0692922,-38.6890778],[178.0689061,-38.689353],[178.0686885,-38.6894987],[178.0684629,-38.689636],[178.0682338,-38.6897555],[178.0679919,-38.6898624],[178.0677873,-38.6899382],[178.0675518,-38.6900172],[178.0665985,-38.6903217],[178.0661218,-38.6904724],[178.0656458,-38.6906215],[178.0653243,-38.6907154],[178.0651343,-38.6907629],[178.0649457,-38.690801],[178.0648326,-38.6908207],[178.0647222,-38.6908374],[178.0645371,-38.690858],[178.0643252,-38.6908724],[178.0640837,-38.690878],[178.0638606,-38.6908686],[178.0636362,-38.6908477],[178.0634089,-38.6908158],[178.063261,-38.6907884],[178.0631159,-38.6907558],[178.062951,-38.6907125],[178.0627875,-38.6906609],[178.06269,-38.6906295],[178.0625926,-38.6905929],[178.0623643,-38.6904988],[178.0620779,-38.6903661],[178.0618284,-38.6902465],[178.0614814,-38.6900807],[178.0612315,-38.6899615],[178.0606362,-38.6896796],[178.0586922,-38.688759],[178.0583927,-38.6886195]]}},{"type":"Feature","properties":{"asset_id":4868},"geometry":{"type":"LineString","coordinates":[[178.0583927,-38.6886195],[178.0583615,-38.6886049],[178.0574172,-38.6881651],[178.0568327,-38.687888],[178.0561462,-38.687569],[178.0557541,-38.6873805],[178.0555761,-38.6872899],[178.0554539,-38.6872247],[178.0553076,-38.6871386],[178.0552545,-38.6871056],[178.05519,-38.6870655],[178.0549999,-38.686937],[178.0548919,-38.6868559],[178.0547745,-38.6867602],[178.0545503,-38.6865527],[178.0544426,-38.686444],[178.0543793,-38.6863714],[178.0543442,-38.6863301],[178.0541666,-38.6861151],[178.053989,-38.685897],[178.0529481,-38.6846424],[178.0524189,-38.6840151],[178.0520941,-38.6836313],[178.0518903,-38.6833904],[178.0516087,-38.6830332],[178.0514398,-38.6827786],[178.0513493,-38.6826127],[178.0512917,-38.6825068],[178.0507943,-38.6814996],[178.0505918,-38.6810866],[178.0502388,-38.6803715],[178.0500616,-38.680015],[178.0498818,-38.6796543],[178.0496737,-38.6792532]]}},{"type":"Feature","properties":{"asset_id":4869},"geometry":{"type":"LineString","coordinates":[[178.0496737,-38.6792532],[178.0494175,-38.6787581],[178.0492654,-38.6784592],[178.0491971,-38.6783226],[178.0490999,-38.6781553],[178.0489987,-38.6780023],[178.0488823,-38.6778528],[178.04885,-38.6778147],[178.0487357,-38.6776931],[178.0486852,-38.6776393],[178.048541,-38.6775063],[178.0484532,-38.677431],[178.0483667,-38.6773608],[178.0482405,-38.6772674],[178.0481089,-38.6771771],[178.0478974,-38.6770472],[178.0478046,-38.6769962],[178.0476348,-38.676903],[178.0474878,-38.6768294],[178.047332,-38.6767514],[178.0467867,-38.6764399],[178.0462223,-38.6761357],[178.0456797,-38.675841],[178.0449866,-38.6754835],[178.044789,-38.6753803],[178.0443332,-38.6751327],[178.0441692,-38.6750398],[178.0439516,-38.6749259],[178.0437712,-38.6748312],[178.0435652,-38.6747186],[178.0424118,-38.6741092],[178.0418669,-38.6738037],[178.0413744,-38.6735387],[178.0410604,-38.6733716],[178.0408582,-38.6732591],[178.0406788,-38.6731549],[178.0406093,-38.6731208]]}},{"type":"Feature","properties":{"asset_id":4870},"geometry":{"type":"LineString","coordinates":[[178.0406093,-38.6731208],[178.0405389,-38.6730806],[178.0401854,-38.6728895],[178.0400813,-38.6728298],[178.039974,-38.6727799],[178.0398641,-38.6727322],[178.0396952,-38.6726596],[178.039037,-38.6723851],[178.038338,-38.6720917],[178.0382215,-38.6720431],[178.0374448,-38.6717188],[178.0369827,-38.6715259],[178.0366966,-38.6714062],[178.0358874,-38.671068],[178.0355417,-38.6709204],[178.0344787,-38.670479],[178.0342709,-38.6703921],[178.0342043,-38.6703699],[178.0340849,-38.6703148],[178.0339014,-38.6702379],[178.0338184,-38.670212],[178.033689,-38.6701886],[178.0334825,-38.6701442],[178.0331494,-38.6700743],[178.0327021,-38.6699804],[178.0318273,-38.6698109],[178.0314512,-38.6697343],[178.0312353,-38.6696896],[178.0309846,-38.6696376],[178.0307414,-38.6695887],[178.030531,-38.6695442],[178.0304125,-38.6695065],[178.0302537,-38.6694458],[178.0300735,-38.6693641],[178.0299287,-38.6692967],[178.0297752,-38.6692083],[178.0296696,-38.669135],[178.0294719,-38.6689976]]}},{"type":"Feature","properties":{"asset_id":4871},"geometry":{"type":"LineString","coordinates":[[178.0294719,-38.6689976],[178.0288713,-38.6685526],[178.0285582,-38.6683265],[178.0285506,-38.6683209]]}},{"type":"Feature","properties":{"asset_id":4872},"geometry":{"type":"LineString","coordinates":[[178.0285506,-38.6683209],[178.0284005,-38.668209],[178.0282532,-38.6681003],[178.0281678,-38.6680375],[178.028124,-38.6680262],[178.0280829,-38.6680286],[178.0280254,-38.6680343]]}},{"type":"Feature","properties":{"asset_id":4873},"geometry":{"type":"LineString","coordinates":[[178.0280211,-38.668036],[178.0280101,-38.6680402],[178.0279573,-38.6680605],[178.0278736,-38.6681213],[178.0277913,-38.6681842],[178.0269299,-38.6689129]]}},{"type":"Feature","properties":{"asset_id":12766},"geometry":{"type":"LineString","coordinates":[[178.0269299,-38.6689129],[178.0267547,-38.6690611]]}},{"type":"Feature","properties":{"asset_id":12767},"geometry":{"type":"LineString","coordinates":[[178.026754,-38.6690605],[178.0267022,-38.6691036],[178.0261752,-38.6695414],[178.0260483,-38.6696438],[178.0253652,-38.6702195],[178.0252973,-38.6702806],[178.0250061,-38.6705234],[178.0248695,-38.6706384],[178.0232483,-38.6719953],[178.0231515,-38.6720732],[178.0230803,-38.6721247],[178.0230004,-38.6721721],[178.0229048,-38.6722095],[178.0227971,-38.6722291],[178.0227502,-38.6722291]]}},{"type":"Feature","properties":{"asset_id":4874},"geometry":{"type":"LineString","coordinates":[[178.0227502,-38.6722291],[178.0226971,-38.6722291],[178.0226057,-38.6722129],[178.0225188,-38.6721842],[178.0224412,-38.6721502],[178.021959,-38.6718375],[178.0217139,-38.6716843],[178.0214786,-38.6715463],[178.0205206,-38.6710099],[178.0201129,-38.6707812],[178.0198151,-38.6706158],[178.0196301,-38.6705122],[178.0194151,-38.6703888],[178.0191761,-38.670257],[178.018933,-38.6701225],[178.0184769,-38.6698666],[178.0181977,-38.6697169]]}},{"type":"Feature","properties":{"asset_id":12768},"geometry":{"type":"LineString","coordinates":[[178.0181977,-38.6697169],[178.0180802,-38.6696463]]}},{"type":"Feature","properties":{"asset_id":4875},"geometry":{"type":"LineString","coordinates":[[178.0180802,-38.6696463],[178.0179615,-38.6695761]]}},{"type":"Feature","properties":{"asset_id":12769},"geometry":{"type":"LineString","coordinates":[[178.0179615,-38.6695761],[178.0177722,-38.6694704],[178.017472,-38.6693008],[178.017337,-38.669225],[178.0172409,-38.6691764],[178.0171397,-38.6691454],[178.016647,-38.6690929],[178.0156035,-38.6689886],[178.0150778,-38.6689359],[178.0145641,-38.6688826],[178.0136206,-38.6687866],[178.0133446,-38.6687575],[178.0114256,-38.6685634],[178.0099794,-38.6684149],[178.0090272,-38.6683187],[178.0082845,-38.6682441],[178.0077525,-38.6681922],[178.0076215,-38.668182],[178.0075185,-38.6681873],[178.0074532,-38.6681931],[178.0073839,-38.6682031],[178.0071521,-38.6682389],[178.0052443,-38.6685485],[178.0044735,-38.6686724],[178.0042699,-38.6687066],[178.0040489,-38.6687417],[178.0039052,-38.6687634],[178.0037228,-38.6687928],[178.0035116,-38.6688265],[178.0033279,-38.6688492],[178.0029467,-38.6689116],[178.0027803,-38.66894],[178.0025421,-38.6689804],[178.0023567,-38.6690098],[178.0001106,-38.6693682],[177.9989204,-38.6695589],[177.9985066,-38.6696236],[177.9982416,-38.6696621],[177.9981184,-38.6696838]]}},{"type":"Feature","properties":{"asset_id":4876},"geometry":{"type":"LineString","coordinates":[[177.9981184,-38.6696838],[177.9980193,-38.6697014],[177.9976201,-38.6697745],[177.9973816,-38.6698225],[177.9971472,-38.6698779],[177.9968815,-38.6699497],[177.9966152,-38.6700189],[177.9962304,-38.670125],[177.9958168,-38.6702422],[177.9943973,-38.6706332],[177.9936896,-38.6708282],[177.9929818,-38.6710242],[177.9926019,-38.6711284],[177.9922326,-38.6712297]]}},{"type":"Feature","properties":{"asset_id":4877},"geometry":{"type":"LineString","coordinates":[[177.9922326,-38.6712297],[177.9909247,-38.6715907],[177.9900854,-38.6718209],[177.9896624,-38.671938],[177.9892407,-38.6720526],[177.9889922,-38.6721167],[177.9888357,-38.6721517],[177.9886752,-38.6721803],[177.9884904,-38.6722076],[177.9882593,-38.672228],[177.988019,-38.6722311],[177.987831,-38.6722207],[177.9876644,-38.672203],[177.9874132,-38.6721661],[177.987213,-38.6721226],[177.9866849,-38.6719467],[177.9861571,-38.6717556],[177.9859307,-38.6716747],[177.9858715,-38.6716538],[177.9856983,-38.6715927],[177.9854448,-38.6715171],[177.9852755,-38.671474],[177.9850713,-38.671433],[177.9848837,-38.6713995],[177.9842322,-38.6712911],[177.9834058,-38.6711597],[177.9830694,-38.6711048],[177.982737,-38.6710594],[177.9826021,-38.6710455],[177.9824617,-38.6710348],[177.9823227,-38.6710283],[177.982177,-38.671026],[177.9819443,-38.6710323],[177.9816177,-38.6710569],[177.9813828,-38.6710849],[177.9805283,-38.6711987],[177.979514,-38.6713321],[177.9793769,-38.6713441],[177.9792306,-38.6713564],[177.9790806,-38.671362],[177.9789293,-38.6713634],[177.9786738,-38.6713469],[177.9785427,-38.6713314],[177.9784116,-38.6713095],[177.9782791,-38.6712824],[177.9781466,-38.6712522],[177.9779458,-38.671195],[177.977777,-38.6711394],[177.9776216,-38.6710807],[177.9774174,-38.6709907],[177.9761992,-38.6703565],[177.9758111,-38.6701599],[177.9756068,-38.6700644],[177.9754268,-38.6699873],[177.9752327,-38.6699192],[177.9750173,-38.6698555],[177.9748039,-38.6698045],[177.9745812,-38.6697614],[177.9743585,-38.6697215],[177.9741278,-38.6696816],[177.9735109,-38.6695741],[177.9732018,-38.6695182],[177.9728873,-38.6694645],[177.9725763,-38.6694184],[177.9723405,-38.6693978],[177.9721034,-38.6693919],[177.9718867,-38.6693948],[177.9716338,-38.6694093],[177.9715569,-38.6694137],[177.9714223,-38.6694244],[177.9710566,-38.6694615],[177.9704566,-38.6695263],[177.9688153,-38.6696968],[177.9679155,-38.669785],[177.9671685,-38.6698512],[177.9669222,-38.669859],[177.9667973,-38.6698595],[177.9666738,-38.6698569],[177.9665192,-38.6698441],[177.9663672,-38.6698271],[177.9662645,-38.6698121],[177.9661538,-38.669792],[177.9660766,-38.6697747],[177.9660128,-38.6697594],[177.9658558,-38.6697143],[177.9657646,-38.6696836],[177.9656787,-38.6696509],[177.9655104,-38.6695807],[177.9653693,-38.6695139],[177.9649092,-38.6692759],[177.9646798,-38.6691547],[177.964447,-38.6690305],[177.9627632,-38.6681485],[177.9610874,-38.667267],[177.9604614,-38.6669377],[177.9600212,-38.6667061],[177.9595964,-38.666484],[177.956017,-38.6646006],[177.954228,-38.6636593],[177.9533315,-38.6631887],[177.9524377,-38.6627202],[177.9519526,-38.6624601],[177.9516969,-38.6623152],[177.9515561,-38.6622289],[177.9514207,-38.6621384],[177.9512912,-38.6620461],[177.9511557,-38.6619382],[177.9510418,-38.6618338],[177.9509205,-38.6617137],[177.9508563,-38.6616379],[177.9507505,-38.6615055],[177.9505215,-38.6611988],[177.9496247,-38.6599763],[177.9483158,-38.6581967],[177.9476767,-38.6573267]]}},{"type":"Feature","properties":{"asset_id":5036},"geometry":{"type":"LineString","coordinates":[[177.4426115,-38.342261],[177.4427629,-38.342335],[177.4428983,-38.3424122],[177.4431026,-38.3424983],[177.4432903,-38.3425577],[177.443529,-38.3426179],[177.4437167,-38.3426543],[177.4439044,-38.3426822],[177.4440787,-38.3426951],[177.4442115,-38.3426995],[177.4443442,-38.3426996],[177.4446338,-38.3426831],[177.4449261,-38.342656],[177.4456408,-38.3425685],[177.4458776,-38.3425359],[177.4460831,-38.3425174],[177.4461966,-38.3425187],[177.4463128,-38.3425305],[177.4464738,-38.342566],[177.4466522,-38.3426259],[177.4468332,-38.3426962],[177.4472017,-38.3428655],[177.4475441,-38.3430651],[177.4480729,-38.3434047],[177.4482781,-38.3435229],[177.4484185,-38.3435911],[177.448567,-38.3436552],[177.4488143,-38.3437518],[177.4490429,-38.3438358],[177.4492257,-38.3438893],[177.4494072,-38.343925],[177.4496069,-38.3439511],[177.4497999,-38.3439636],[177.4501457,-38.3439868],[177.4503133,-38.3440052],[177.4504863,-38.3440278],[177.4508242,-38.3440899],[177.4511975,-38.3441661],[177.4515655,-38.3442466],[177.4519362,-38.344325],[177.4522881,-38.3444054],[177.4524362,-38.3444559],[177.4525372,-38.3445123],[177.452633,-38.3446034],[177.4526781,-38.3446973],[177.4526964,-38.3447814],[177.4526868,-38.344871],[177.4526504,-38.3449634],[177.4525765,-38.3450474],[177.452499,-38.3451033],[177.4523947,-38.3451466],[177.4522799,-38.3451757],[177.4521369,-38.3451943],[177.4518715,-38.3452088],[177.451598,-38.3452171],[177.4513691,-38.3452167],[177.4507888,-38.3451891],[177.4505899,-38.3451782],[177.4504207,-38.3451717],[177.450265,-38.3451748],[177.4501939,-38.3451837],[177.4501281,-38.3452031],[177.4500149,-38.3452419],[177.4499208,-38.3452868],[177.4495425,-38.3454916],[177.4494403,-38.3455289],[177.4493336,-38.3455561],[177.4492371,-38.3455645],[177.4491365,-38.3455517],[177.4490298,-38.3455215],[177.4487273,-38.3453672],[177.4485111,-38.3452513],[177.4483493,-38.345175],[177.4482331,-38.3451491],[177.4481217,-38.3451438],[177.4480089,-38.3451658],[177.4479331,-38.3451955],[177.4478613,-38.3452346],[177.4478046,-38.3452772],[177.4476801,-38.3454568],[177.4476392,-38.3455354],[177.4476134,-38.3455988],[177.4475983,-38.3456623],[177.4475833,-38.3457473],[177.4475757,-38.345834],[177.447587,-38.3459544],[177.4476111,-38.3460573],[177.4476501,-38.3461561],[177.4479008,-38.3466231],[177.4481168,-38.3470984],[177.4482146,-38.3472981],[177.4482642,-38.3474179],[177.448282,-38.3475106],[177.4482784,-38.3475991],[177.4482507,-38.3476827],[177.4482122,-38.3477642],[177.4481047,-38.3479004],[177.4478873,-38.3481292],[177.4478262,-38.3482079],[177.447777,-38.348284],[177.4477429,-38.3483547],[177.4477152,-38.3484395],[177.4476993,-38.3485208],[177.4477075,-38.3486168],[177.4477306,-38.348697],[177.4477846,-38.3487897],[177.4478619,-38.348875],[177.4479971,-38.3489776],[177.4481779,-38.349076],[177.4484321,-38.3492009],[177.4486701,-38.3493341],[177.4488508,-38.349471],[177.4490154,-38.3496332],[177.4491387,-38.3498172],[177.4492305,-38.3499809],[177.4493116,-38.3501489],[177.4493941,-38.3503585],[177.4494633,-38.3505723],[177.4495411,-38.3508683],[177.4496408,-38.3512138],[177.4496906,-38.3513866],[177.4497699,-38.3515594],[177.4498214,-38.3516289],[177.4498835,-38.3516983],[177.4499968,-38.351784],[177.4500546,-38.351815],[177.4500731,-38.3518249]]}},{"type":"Feature","properties":{"asset_id":5037},"geometry":{"type":"LineString","coordinates":[[177.4500731,-38.3518249],[177.4502214,-38.3519045],[177.4503479,-38.3519702],[177.4504529,-38.3520338],[177.4505399,-38.3521016],[177.4506241,-38.3522094],[177.4506634,-38.3522875],[177.4506749,-38.3523789],[177.450673,-38.3524725],[177.4506545,-38.3526188],[177.4505968,-38.3528599],[177.4505237,-38.3530678],[177.4504657,-38.3532007],[177.4503808,-38.3533293],[177.4502525,-38.353521],[177.4502451,-38.3535317],[177.4502344,-38.3535472]]}},{"type":"Feature","properties":{"asset_id":5038},"geometry":{"type":"LineString","coordinates":[[177.4502344,-38.3535472],[177.4502125,-38.3535789],[177.4501859,-38.3536474],[177.4501633,-38.3537211],[177.4501608,-38.3538043],[177.4501786,-38.3538929],[177.4502258,-38.3539921],[177.4502886,-38.3540697],[177.4503663,-38.3541333],[177.450452,-38.3541905],[177.4507754,-38.3543568],[177.4509856,-38.3544797],[177.451071,-38.3545644],[177.4511159,-38.3546447],[177.4511418,-38.3547353],[177.4511476,-38.3548249],[177.4511267,-38.3549172],[177.451082,-38.355012],[177.4509864,-38.3551804],[177.4509332,-38.3553123],[177.4509195,-38.3553944],[177.4509253,-38.3554528],[177.4509392,-38.355509],[177.4509878,-38.3555918],[177.4510538,-38.3556714],[177.4511379,-38.3557295],[177.4512569,-38.3557728],[177.4516065,-38.3558356],[177.4517184,-38.3558579],[177.4518133,-38.3558917],[177.4518947,-38.3559317],[177.4519841,-38.355993],[177.4520475,-38.3560635],[177.4521056,-38.3561446],[177.4521402,-38.356235],[177.4521614,-38.3563284],[177.4521858,-38.3564706],[177.4522049,-38.3568063],[177.4522191,-38.3568945],[177.4522466,-38.3569848],[177.4523151,-38.3571297],[177.4523994,-38.3572439],[177.4525088,-38.3573522],[177.4526664,-38.357471],[177.4530803,-38.3577178],[177.4531945,-38.3578164],[177.4532364,-38.3578817],[177.4532756,-38.3579575],[177.4532937,-38.3580318],[177.4532996,-38.3581271],[177.4532974,-38.3582179],[177.4532857,-38.3583403],[177.4532436,-38.3588646],[177.4532284,-38.3589668],[177.4532107,-38.3590447],[177.453177,-38.3591226],[177.4530309,-38.3593757],[177.4529661,-38.3594715],[177.4529116,-38.3595535],[177.4528408,-38.3596813],[177.4528039,-38.3597825],[177.4527832,-38.3598585],[177.4527766,-38.3599477],[177.452792,-38.360049],[177.4528343,-38.3601525],[177.4529094,-38.3603219],[177.4530258,-38.3605605],[177.4531368,-38.3608159],[177.4532313,-38.3610589],[177.4532797,-38.361143],[177.4533349,-38.3612229],[177.4534081,-38.3613019],[177.4534676,-38.3613509],[177.4535592,-38.3614082],[177.4536488,-38.3614532],[177.4537573,-38.3614939],[177.4538648,-38.361514],[177.4539723,-38.3615256],[177.454086,-38.3615236],[177.4542023,-38.3615068],[177.4543269,-38.3614675],[177.4544626,-38.3614031],[177.4545969,-38.3613188],[177.4548441,-38.3611154],[177.45513,-38.3608532],[177.4551866,-38.3608022],[177.4552013,-38.3607889]]}},{"type":"Feature","properties":{"asset_id":5039},"geometry":{"type":"LineString","coordinates":[[177.4552013,-38.3607889],[177.4554066,-38.3606037],[177.4554893,-38.3605369],[177.4555748,-38.3604691],[177.4556582,-38.3604145],[177.4557537,-38.3603577],[177.4561639,-38.3601485],[177.4563523,-38.3600337],[177.4564666,-38.3599447],[177.4565768,-38.3598315],[177.456762,-38.359608],[177.4568277,-38.3595346],[177.4569016,-38.3594654],[177.4570014,-38.3593947],[177.457095,-38.3593488],[177.4571858,-38.3593134],[177.4572899,-38.3592876],[177.4574142,-38.3592701],[177.4576624,-38.359253],[177.4578331,-38.3592273],[177.4579676,-38.3591858],[177.4580628,-38.3591397],[177.4581473,-38.3590747],[177.458348,-38.3588531],[177.4584227,-38.3587892],[177.4585175,-38.358741],[177.4586301,-38.3587127],[177.4587259,-38.3587022],[177.458798,-38.3587074],[177.45887,-38.3587211],[177.4589875,-38.3587554],[177.4590717,-38.358801],[177.4591505,-38.3588549],[177.4592602,-38.3589452],[177.4593746,-38.3590984],[177.4594971,-38.3592762],[177.4595797,-38.3593575],[177.4596623,-38.3594177],[177.4597806,-38.359472],[177.459982,-38.3595472],[177.4601171,-38.359603],[177.4603488,-38.3597356],[177.4611463,-38.3602489],[177.461322,-38.3603675],[177.4614802,-38.3604872],[177.4615985,-38.3605834],[177.4617115,-38.360688],[177.4619625,-38.3609286],[177.4620622,-38.3610499],[177.4621512,-38.3611776],[177.4622314,-38.3613069],[177.462301,-38.3614424],[177.4623649,-38.361603],[177.4623902,-38.361718],[177.4623967,-38.361833],[177.462392,-38.3620299],[177.4623767,-38.3622268],[177.4623286,-38.3627768],[177.4622376,-38.3632315],[177.4622195,-38.3633375],[177.4622122,-38.3634686],[177.4621989,-38.36414],[177.462203,-38.3642684],[177.4622111,-38.3643936],[177.4622377,-38.3645567],[177.4622618,-38.3646498],[177.4622939,-38.3647408],[177.4623248,-38.3648207],[177.462406,-38.3649826],[177.462581,-38.3652917],[177.4626176,-38.3653779],[177.4626435,-38.3654663],[177.4626638,-38.3655525],[177.46267,-38.3656334],[177.4626744,-38.365718],[177.4626547,-38.3663621],[177.4626794,-38.3665371],[177.4627163,-38.3666827],[177.4627712,-38.3668225],[177.4628476,-38.3669581],[177.4629362,-38.3670612],[177.4631211,-38.3672384],[177.4636644,-38.3677209],[177.463796,-38.3678584],[177.4638498,-38.3679367],[177.4638928,-38.3680191],[177.4639523,-38.3681829],[177.4640722,-38.3686042],[177.46414,-38.3687593],[177.4642172,-38.368886],[177.4644979,-38.3693047],[177.4645499,-38.3694076],[177.4646003,-38.369545],[177.4647469,-38.3701889],[177.4648196,-38.3704719],[177.4649056,-38.3707507],[177.4650225,-38.3710939],[177.465075,-38.3712577],[177.46511,-38.371434],[177.4651274,-38.371574],[177.465116,-38.3716977],[177.4650859,-38.3718465],[177.4650205,-38.3720268],[177.4648613,-38.3723338],[177.4648005,-38.3724757],[177.4647584,-38.3725998],[177.4646094,-38.3730367],[177.4644511,-38.3734725],[177.4644277,-38.3736064],[177.4644203,-38.3737308],[177.4644299,-38.3738402],[177.464461,-38.3739184],[177.4644988,-38.3739976],[177.4645438,-38.374075],[177.4646129,-38.3741481],[177.464707,-38.3742408],[177.4648144,-38.3743167],[177.4649172,-38.374379],[177.4650333,-38.374435],[177.4652373,-38.3745127],[177.4655284,-38.3746041],[177.4656868,-38.3746619],[177.4658259,-38.3747205],[177.4659637,-38.3747939],[177.4660966,-38.3748762],[177.4662242,-38.3749669],[177.4663362,-38.3750657],[177.4664374,-38.3751751],[177.4665174,-38.3752792],[177.4665867,-38.3754022],[177.4666343,-38.3755296],[177.4666632,-38.3756654],[177.4666729,-38.3758528],[177.4666728,-38.3760569],[177.4666539,-38.3762778],[177.4666362,-38.3764436],[177.4666387,-38.3765717],[177.46666,-38.3766882],[177.4666918,-38.3767797],[177.4667451,-38.3768712],[177.4667889,-38.3769387],[177.4668461,-38.3770042],[177.4669255,-38.3770639],[177.4670223,-38.3771204],[177.4671665,-38.3771732],[177.4673361,-38.3772166],[177.4674414,-38.3772336],[177.4675602,-38.3772485],[177.4677924,-38.3772588],[177.4680301,-38.3772754],[177.4681683,-38.3772915],[177.4683058,-38.3773196],[177.4684228,-38.377352],[177.4685211,-38.3773866],[177.4686284,-38.3774311],[177.4687479,-38.3775029],[177.4688392,-38.3775763],[177.4689224,-38.3776687],[177.4689847,-38.377751],[177.4690776,-38.3779007],[177.4690811,-38.3779107],[177.4690871,-38.3779277]]}},{"type":"Feature","properties":{"asset_id":11385},"geometry":{"type":"LineString","coordinates":[[177.4690871,-38.3779277],[177.4691362,-38.3780655],[177.4692135,-38.3783689],[177.4692963,-38.3786766],[177.4693998,-38.3790483],[177.4694792,-38.3792643],[177.469536,-38.3793895],[177.4696009,-38.3795105],[177.4696885,-38.3796681],[177.4696975,-38.3796842]]}},{"type":"Feature","properties":{"asset_id":11386},"geometry":{"type":"LineString","coordinates":[[177.4696975,-38.3796842],[177.4698029,-38.3798736],[177.4699555,-38.3801159],[177.4699654,-38.3801317]]}},{"type":"Feature","properties":{"asset_id":11387},"geometry":{"type":"LineString","coordinates":[[177.4699654,-38.3801317],[177.4700262,-38.3802283],[177.4701036,-38.3803423],[177.4701836,-38.3804574],[177.4702582,-38.3805395],[177.4703382,-38.3806164],[177.4704365,-38.3806945],[177.4704778,-38.3807231],[177.4705613,-38.380781],[177.4707089,-38.3808654],[177.4709137,-38.3809603],[177.4711004,-38.3810218],[177.4712737,-38.3810675],[177.4712916,-38.38107]]}},{"type":"Feature","properties":{"asset_id":11384},"geometry":{"type":"LineString","coordinates":[[177.4712916,-38.38107],[177.4714372,-38.3810904],[177.4715438,-38.3810914],[177.4716571,-38.3810913],[177.4718092,-38.3810738],[177.4721463,-38.3810279],[177.4731719,-38.3808926],[177.4732918,-38.3808614],[177.4733916,-38.3808312],[177.4735253,-38.3807795],[177.4739381,-38.3805618],[177.4740626,-38.3805039],[177.4741989,-38.3804581],[177.4743079,-38.3804299],[177.4744156,-38.3804059],[177.4749727,-38.3803333],[177.475385,-38.3802777],[177.475554,-38.3802481],[177.4758314,-38.3801976],[177.4762365,-38.3801201],[177.4766415,-38.3800342],[177.4773912,-38.3798635],[177.4776932,-38.3797816],[177.477904,-38.3797039],[177.4781111,-38.3796132],[177.4782603,-38.3795332],[177.4783853,-38.3794532],[177.4784906,-38.379378],[177.4785932,-38.3792903],[177.4786831,-38.379204],[177.478769,-38.3791167],[177.478841,-38.379037],[177.4788996,-38.3789521],[177.478981,-38.3788175],[177.4790437,-38.3786629],[177.4792772,-38.3780399],[177.4793298,-38.3779019],[177.4793904,-38.377768],[177.4794443,-38.3776677],[177.4795041,-38.3775892],[177.4795679,-38.3775191],[177.4796506,-38.3774565],[177.479746,-38.3774012],[177.4798534,-38.3773606],[177.4799222,-38.3773415],[177.4800017,-38.3773213],[177.4801013,-38.3773053],[177.4801888,-38.3772977],[177.4802727,-38.3772895],[177.4803897,-38.3772854],[177.4812913,-38.3773044],[177.4815175,-38.3772991],[177.4816869,-38.3772844],[177.4818805,-38.3772444],[177.4820883,-38.3771804],[177.482284,-38.3770887],[177.482414,-38.3770146],[177.4825293,-38.376933],[177.4827653,-38.3767469],[177.4830577,-38.376511],[177.4833287,-38.3762971],[177.4835646,-38.3761089],[177.4838903,-38.375868],[177.4840972,-38.3757274],[177.4843161,-38.3755919],[177.4844628,-38.3755056],[177.4846328,-38.3754214],[177.4848793,-38.3753068],[177.4852546,-38.375149],[177.4856738,-38.37498],[177.4857632,-38.3749393],[177.4859117,-38.3748775],[177.4860432,-38.3748155],[177.4861894,-38.3747178],[177.4863229,-38.3746021],[177.4864176,-38.3745159],[177.4865095,-38.3744013],[177.4867632,-38.3740754],[177.4869496,-38.3738192],[177.4871232,-38.3735471],[177.4872265,-38.3733641],[177.4872922,-38.3732043],[177.4873977,-38.3728812],[177.4874414,-38.3726296],[177.4874783,-38.3723718],[177.487555,-38.3718655],[177.4876002,-38.3714412],[177.4875975,-38.3713458],[177.4875866,-38.3712608],[177.4875643,-38.3711794],[177.4875116,-38.3710619],[177.4873851,-38.3708488],[177.4870499,-38.3703381],[177.486938,-38.3701323],[177.4868834,-38.3700247],[177.4868396,-38.3699213],[177.4868109,-38.3698288],[177.4867889,-38.3697362],[177.4867813,-38.3696457],[177.4867777,-38.3695635],[177.4867907,-38.3694258],[177.4868211,-38.369288],[177.4868872,-38.3690687],[177.4869681,-38.3688461],[177.4870698,-38.3685871],[177.4871185,-38.3684824],[177.487312,-38.3680916],[177.487486,-38.3677377],[177.4875634,-38.367594],[177.4879068,-38.3669258],[177.4883545,-38.3660836],[177.4885425,-38.3657663],[177.488744,-38.3654804],[177.4889116,-38.3652714],[177.489078,-38.3650824],[177.4893493,-38.3648003],[177.4897017,-38.3644622],[177.4899605,-38.3642494],[177.4901663,-38.3640996],[177.4903881,-38.3639604],[177.4906707,-38.3638112],[177.490973,-38.3636818],[177.4912285,-38.363586],[177.4914974,-38.3634977],[177.4918887,-38.363391],[177.49217,-38.3633254],[177.4924248,-38.363271],[177.4926661,-38.363223],[177.4930315,-38.3631534],[177.493295,-38.3631111],[177.4937513,-38.3630406],[177.4940324,-38.3630037],[177.4942491,-38.3629711],[177.4947282,-38.3629027],[177.4951899,-38.3628385],[177.495889,-38.3627382],[177.4966014,-38.3626422],[177.4978449,-38.362471],[177.5004001,-38.3621231],[177.5011622,-38.3620128],[177.5017123,-38.3619414],[177.5019711,-38.36192],[177.5021588,-38.3619163],[177.5022903,-38.3619187],[177.5024768,-38.361933],[177.5026257,-38.3619557],[177.5030715,-38.3620375],[177.5044223,-38.3623009],[177.5057972,-38.3625622],[177.5060678,-38.3626199],[177.5062735,-38.3626729],[177.5064337,-38.3627185],[177.506663,-38.3627917],[177.5068738,-38.3628727],[177.5070583,-38.3629553],[177.5072495,-38.3630515],[177.5074316,-38.3631539],[177.5075413,-38.3632237],[177.5076915,-38.3633244],[177.5079008,-38.3634777],[177.5080511,-38.3635889],[177.5082094,-38.3636917],[177.5083885,-38.3637921],[177.5085783,-38.3638861],[177.5088214,-38.363989],[177.5090564,-38.3640709],[177.5092391,-38.3641266],[177.5094044,-38.3641687],[177.5096674,-38.3642275],[177.5099519,-38.3642863],[177.5104029,-38.3643746],[177.5108332,-38.364468],[177.5117061,-38.3646672],[177.5125791,-38.3648517],[177.512742,-38.3648794],[177.512905,-38.364905],[177.5130707,-38.3649235],[177.5132311,-38.3649315],[177.5133976,-38.3649318],[177.5135668,-38.3649238],[177.5137578,-38.3649013],[177.5139435,-38.3648663],[177.5142762,-38.364782],[177.5145028,-38.3647119],[177.515416,-38.3644021],[177.5156414,-38.364339],[177.5158359,-38.3642938],[177.5161172,-38.3642492],[177.516404,-38.3642189],[177.5168008,-38.3641944],[177.5171869,-38.3641614],[177.5174536,-38.3641257],[177.5177953,-38.3640683],[177.5179709,-38.3640291],[177.5180555,-38.3640086],[177.5181465,-38.3639847],[177.5182672,-38.3639507],[177.5183934,-38.3639179],[177.5185906,-38.3638479],[177.5192755,-38.363582],[177.519986,-38.3633131],[177.5202603,-38.3632062],[177.5204296,-38.3631255],[177.5205667,-38.3630553],[177.5208661,-38.3628878],[177.5217599,-38.3623388],[177.5219154,-38.3622491],[177.5221099,-38.3621422],[177.5223606,-38.3620143],[177.5253908,-38.3605463],[177.5260522,-38.3601971],[177.5263804,-38.3600105],[177.5266495,-38.359824],[177.5270641,-38.3595254],[177.5274679,-38.3592226],[177.5276515,-38.3591021],[177.527811,-38.3590089],[177.5279127,-38.3589613],[177.5280519,-38.3589069],[177.5282313,-38.3588609],[177.5283522,-38.3588373],[177.5285011,-38.3588233],[177.5286963,-38.3588258],[177.528847,-38.3588315],[177.5289343,-38.3588378],[177.5291613,-38.3588596],[177.5294602,-38.3588916]]}},{"type":"Feature","properties":{"asset_id":4860},"geometry":{"type":"LineString","coordinates":[[178.1828764,-38.6073324],[178.1825891,-38.6076673],[178.1820869,-38.6082575],[178.1818449,-38.6085505],[178.1817289,-38.6086985],[178.1816142,-38.6088497],[178.181447,-38.6090842],[178.1812844,-38.6093224],[178.1809828,-38.6097694],[178.1807884,-38.6100723],[178.1806215,-38.6103485],[178.1804827,-38.6105933],[178.1803889,-38.610766],[178.1803071,-38.6109198],[178.1798405,-38.6118264],[178.179697,-38.6121069],[178.1795482,-38.6123873],[178.1794362,-38.612599],[178.1793148,-38.6128066],[178.1792297,-38.6129372],[178.1791522,-38.6130494],[178.1790378,-38.6132035],[178.1789201,-38.6133494],[178.1786832,-38.6136389],[178.178426,-38.6139575],[178.178283,-38.614147],[178.1781427,-38.6143396],[178.1780284,-38.6145076],[178.1778524,-38.6147794],[178.1775742,-38.615224],[178.1772397,-38.6157553],[178.1770334,-38.6160785],[178.1768237,-38.6164076],[178.176407,-38.6170594],[178.1763555,-38.6171484],[178.1763085,-38.6172319],[178.1762675,-38.6173112],[178.1762269,-38.6173951],[178.1761916,-38.6174779],[178.1761524,-38.617571],[178.1761184,-38.6176662],[178.1760923,-38.6177501],[178.1760689,-38.6178425],[178.1760328,-38.6180214],[178.176016,-38.6181745],[178.1760087,-38.6183455],[178.1760145,-38.6185772],[178.176027,-38.6188079],[178.1760554,-38.6193107],[178.1761584,-38.6209093],[178.1761775,-38.621287],[178.1761779,-38.6215387],[178.176164,-38.6217403],[178.1761216,-38.6220757],[178.1760737,-38.6224301],[178.1760162,-38.6228552],[178.1759841,-38.6230664],[178.1759466,-38.6232756],[178.1759053,-38.6234751],[178.1758254,-38.6237179],[178.1757448,-38.6239393],[178.1756562,-38.6241597],[178.1754263,-38.6247149],[178.175304,-38.6250155],[178.1751898,-38.6252685],[178.17514,-38.6253655],[178.1750694,-38.6254798],[178.1749928,-38.625591],[178.1749228,-38.6256875],[178.1747201,-38.6259542],[178.1745206,-38.6262126],[178.1743269,-38.6264582],[178.1741379,-38.6266713],[178.17386,-38.6269749],[178.1735808,-38.6272812],[178.1733083,-38.6275888],[178.1730358,-38.6278953],[178.1729123,-38.6280284],[178.1728021,-38.6281353],[178.1727267,-38.628204],[178.1726029,-38.6283038],[178.1724671,-38.6283948],[178.1723248,-38.6284741],[178.1721705,-38.6285445],[178.1719993,-38.6286055],[178.1717799,-38.6286581],[178.1715685,-38.6286958],[178.1713572,-38.6287168],[178.1711814,-38.6287234],[178.1710055,-38.6287174],[178.1708632,-38.6287028],[178.1707155,-38.6286829],[178.1704691,-38.6286391],[178.1699846,-38.6285408]]}},{"type":"Feature","properties":{"asset_id":4861},"geometry":{"type":"LineString","coordinates":[[178.1699846,-38.6285408],[178.1699364,-38.6285311],[178.1698879,-38.6285215],[178.1696539,-38.6284752],[178.1693734,-38.6284241],[178.1691622,-38.6283928],[178.1690387,-38.6283754],[178.1689167,-38.628361],[178.1687467,-38.6283429],[178.1685768,-38.6283299],[178.1681322,-38.6283072],[178.1677424,-38.6282922],[178.167564,-38.6282838],[178.1674419,-38.6282826],[178.1673076,-38.6282846],[178.1671801,-38.6282881],[178.1669962,-38.6282989],[178.1666392,-38.6283306],[178.1654779,-38.6284522],[178.1642978,-38.6285753],[178.1630689,-38.6287019],[178.1624837,-38.628762],[178.1620361,-38.6288109],[178.1615906,-38.628856],[178.1613593,-38.6288751],[178.161078,-38.6288812],[178.1608497,-38.6288753],[178.1607289,-38.6288636],[178.1605987,-38.6288429],[178.1604118,-38.6288044],[178.1600929,-38.6287198],[178.1599176,-38.6286784],[178.1597173,-38.6286557],[178.1595561,-38.6286469],[178.1593989,-38.6286549],[178.1592787,-38.6286687],[178.1591558,-38.6286888],[178.1590262,-38.6287173],[178.1589053,-38.6287532],[178.1588004,-38.6287957],[178.1586895,-38.6288487],[178.1585907,-38.6289017],[178.1584731,-38.6289767],[178.1583943,-38.6290362],[178.1583361,-38.6290852],[178.1582699,-38.6291501],[178.1581956,-38.6292414],[178.1581293,-38.6293317],[178.1580754,-38.6294259],[178.1580364,-38.6295047],[178.1580028,-38.6295845],[178.1579221,-38.6298052],[178.1578467,-38.630029],[178.1573893,-38.6313945],[178.1573507,-38.6315117],[178.1572724,-38.6317503],[178.1571826,-38.6320141],[178.1570057,-38.6325392],[178.1568368,-38.6330643],[178.1568143,-38.6331435],[178.1567728,-38.6333094],[178.1567209,-38.6335518],[178.1566845,-38.6338031],[178.1566527,-38.6341088],[178.1566403,-38.6344302],[178.1566363,-38.6347033],[178.156633,-38.6349796],[178.156625,-38.6352912],[178.1566131,-38.635466],[178.1566015,-38.6355629],[178.1565825,-38.6356519],[178.1565579,-38.6357377],[178.1565253,-38.6358236],[178.1564423,-38.6359927],[178.1563165,-38.6362173],[178.1560405,-38.6366173],[178.1558584,-38.6368643],[178.1557294,-38.6370317],[178.1555883,-38.6371981],[178.1554424,-38.6373479],[178.1552631,-38.6375056],[178.1549912,-38.6377195],[178.1546751,-38.6379606],[178.15437,-38.6381882],[178.1540052,-38.6384305],[178.153427,-38.6387673],[178.1528938,-38.6390619],[178.1527473,-38.6391417],[178.1523647,-38.6393387],[178.152108,-38.6394641],[178.1518138,-38.6396016],[178.1506867,-38.640114],[178.150141,-38.6403606],[178.1495992,-38.6406092],[178.1493433,-38.6407282],[178.1491322,-38.6408359],[178.1489327,-38.6409463],[178.1487306,-38.6410641],[178.1485253,-38.6412014],[178.1483257,-38.6413457],[178.1481289,-38.6415016],[178.1479961,-38.6416128],[178.1478559,-38.6417361],[178.147709,-38.641884],[178.147495,-38.6421157],[178.1469282,-38.6428034],[178.1466414,-38.6431556],[178.1463613,-38.6435079],[178.1462182,-38.6436992],[178.1460796,-38.6439122],[178.1459463,-38.6441335],[178.1457239,-38.6445254],[178.1456304,-38.6446958],[178.1454286,-38.6450552]]}},{"type":"Feature","properties":{"asset_id":12901},"geometry":{"type":"LineString","coordinates":[[178.1454286,-38.6450552],[178.1453231,-38.6452431],[178.1450856,-38.6456373],[178.1449902,-38.6457821],[178.1449112,-38.6458856],[178.1448215,-38.6459818],[178.1446608,-38.6461234],[178.1445046,-38.6462254],[178.1443832,-38.6462865],[178.1442518,-38.6463329],[178.1441607,-38.6463595],[178.1440576,-38.6463798],[178.1439532,-38.6463896],[178.1437791,-38.646397],[178.1435998,-38.6463917],[178.1433565,-38.6463671],[178.1432765,-38.6463564],[178.1427485,-38.6462858],[178.1424821,-38.6462654],[178.1422734,-38.6462576],[178.1420513,-38.6462693],[178.1419069,-38.6462894],[178.1417282,-38.6463251],[178.1412102,-38.6464612],[178.1410226,-38.6465134],[178.140831,-38.6465404],[178.1407209,-38.6465512],[178.1406254,-38.6465495],[178.140097,-38.6465081],[178.1399334,-38.6465018],[178.1398033,-38.6465112],[178.139679,-38.6465265],[178.1395573,-38.6465606],[178.1393355,-38.6466318],[178.1388619,-38.6467967]]}},{"type":"Feature","properties":{"asset_id":4863},"geometry":{"type":"LineString","coordinates":[[178.1388619,-38.6467967],[178.1386916,-38.646856],[178.1369537,-38.647461],[178.1367929,-38.6475191],[178.1366778,-38.6475657],[178.1365706,-38.6476176],[178.13647,-38.6476706],[178.1363634,-38.6477379],[178.1362806,-38.6477925],[178.1361883,-38.6478648],[178.1360645,-38.6479788],[178.1359461,-38.6481033],[178.1358041,-38.6482679],[178.1356674,-38.6484367],[178.1353994,-38.6487765],[178.1352786,-38.6489233],[178.1351364,-38.6490618],[178.1350926,-38.6491034],[178.135022,-38.6491576],[178.1348807,-38.6492387],[178.1347903,-38.6492828],[178.134673,-38.6493175],[178.134559,-38.6493372],[178.1344423,-38.6493402],[178.1343448,-38.6493331],[178.1342258,-38.6493177],[178.1333492,-38.6490563],[178.1331523,-38.6490132],[178.13293,-38.6489733],[178.131964,-38.6488198],[178.1317711,-38.6487942],[178.131613,-38.6487814],[178.1314482,-38.6487728],[178.131203,-38.6487774],[178.1309578,-38.6487945],[178.1305708,-38.6488332],[178.1301878,-38.6488771],[178.1299542,-38.6489104],[178.1297341,-38.6489604],[178.1295858,-38.6489948],[178.1293038,-38.649078],[178.1284534,-38.6493459],[178.1281287,-38.6494399],[178.1279667,-38.6494807],[178.1273675,-38.6496001],[178.1271581,-38.6496493],[178.1269527,-38.6497058],[178.1267254,-38.649783],[178.1265008,-38.6498727],[178.1262557,-38.6499756],[178.1261171,-38.6500418],[178.1260294,-38.6500807],[178.1259731,-38.6501058],[178.1258898,-38.6501426],[178.1257602,-38.6502],[178.1255893,-38.650257],[178.1254104,-38.6503099],[178.1249222,-38.6504362],[178.1246781,-38.6505025],[178.1244151,-38.6505855],[178.1241505,-38.6506847],[178.1239006,-38.6507934],[178.1230673,-38.6512043],[178.1222339,-38.6516257],[178.1217709,-38.6518792],[178.1206802,-38.6525444],[178.1203056,-38.6527646],[178.120102,-38.6528718],[178.11996,-38.6529369],[178.1198233,-38.6529958],[178.1197127,-38.6530438],[178.1195993,-38.6530897],[178.1192143,-38.6532402],[178.1185959,-38.653472],[178.1182357,-38.6536147],[178.1178794,-38.6537762],[178.1176883,-38.6538768],[178.1175078,-38.6539857],[178.1165527,-38.6545912],[178.1162088,-38.654783],[178.1158542,-38.654956],[178.1155541,-38.6551032],[178.1152621,-38.6552337],[178.1150955,-38.6553102],[178.1148535,-38.6554043],[178.1146383,-38.6554629],[178.1137584,-38.6556762],[178.1134982,-38.6557464],[178.1132406,-38.6558281],[178.1131049,-38.6558779],[178.1129772,-38.6559298],[178.1128361,-38.6559917],[178.1127219,-38.6560494],[178.1124879,-38.6561741],[178.1122565,-38.6563072],[178.1118237,-38.6565955],[178.1114891,-38.6568447],[178.1111638,-38.6571076],[178.1108124,-38.6574278],[178.1105844,-38.6576558],[178.1102836,-38.6579798],[178.1099721,-38.6583091],[178.1097711,-38.658492],[178.1095514,-38.6586717],[178.1093194,-38.6588408],[178.1090713,-38.6589952],[178.1087417,-38.6592149],[178.1085394,-38.6593217],[178.1083116,-38.6594221],[178.1080562,-38.6595213],[178.1078481,-38.6596097],[178.1076917,-38.6596895],[178.1075407,-38.6597828],[178.1074141,-38.6598745],[178.1072902,-38.6599767],[178.1065553,-38.6606835],[178.1064044,-38.6608076],[178.106286,-38.6608895],[178.1061408,-38.6609734],[178.1058457,-38.6611077],[178.1056927,-38.6611733],[178.1055479,-38.6612493],[178.1054094,-38.6613284],[178.105279,-38.6614285],[178.1051869,-38.6615111],[178.1050734,-38.661644],[178.1048729,-38.6619323],[178.1047971,-38.6620269],[178.1046807,-38.6621362],[178.1045522,-38.662231],[178.1043718,-38.6623345],[178.1041711,-38.6624313],[178.1039734,-38.6625098],[178.1037676,-38.6625821],[178.1035489,-38.662648],[178.1028942,-38.6627987],[178.1026845,-38.6628615],[178.1024836,-38.6629427],[178.1023914,-38.6629953],[178.1023018,-38.6630499],[178.1022056,-38.6631171],[178.1021321,-38.6631781],[178.1019946,-38.6633214],[178.1019299,-38.6634056],[178.1018302,-38.6635579],[178.1014685,-38.6642119],[178.1012124,-38.6646105],[178.1010964,-38.664791],[178.1009885,-38.6649777],[178.1005232,-38.6659696],[178.1004281,-38.6661615],[178.1003324,-38.6663635],[178.1002456,-38.6665253],[178.1001714,-38.6666475],[178.1000811,-38.6667697],[178.1000079,-38.6668551],[178.0999473,-38.6669167],[178.0997867,-38.6670617],[178.0996347,-38.6671679],[178.0994531,-38.6672742],[178.0992811,-38.6673618],[178.099085,-38.6674368],[178.0988851,-38.6674951],[178.0988218,-38.6675092],[178.0986858,-38.6675393],[178.0983188,-38.6676043]]}},{"type":"Feature","properties":{"asset_id":12190},"geometry":{"type":"LineString","coordinates":[[178.0296658,-38.6692823],[178.0294781,-38.669163],[178.0294781,-38.6691106],[178.0292742,-38.6689682],[178.0290274,-38.6687839],[178.0288531,-38.6686562],[178.0286841,-38.6685263],[178.0285232,-38.6684174],[178.0284722,-38.6683756],[178.0284159,-38.668386],[178.0283944,-38.6684195],[178.0283703,-38.6684614]]}},{"type":"Feature","properties":{"asset_id":12566},"geometry":{"type":"LineString","coordinates":[[178.0181871,-38.6697335],[178.0181544,-38.6697609],[178.0181124,-38.6697792],[178.0180652,-38.6697864],[178.0180176,-38.6697818],[178.017974,-38.6697659],[178.017938,-38.6697394],[178.0179147,-38.6697053],[178.0179065,-38.6696671],[178.0179144,-38.6696289],[178.0179374,-38.6695947],[178.0179687,-38.6695705],[178.0180075,-38.6695542],[178.0180505,-38.6695473],[178.0180944,-38.6695501],[178.0181354,-38.6695626],[178.0181702,-38.6695837],[178.0181913,-38.6696051],[178.0182056,-38.6696297],[178.0182125,-38.6696562],[178.0182117,-38.6696833],[178.018203,-38.6697094],[178.0181871,-38.6697335]]}},{"type":"Feature","properties":{"asset_id":12602},"geometry":{"type":"LineString","coordinates":[[178.0269299,-38.6689129],[178.0269496,-38.6689336],[178.0269619,-38.6689575],[178.0269661,-38.6689831],[178.0269618,-38.6690087],[178.0269494,-38.6690326],[178.0269296,-38.6690533],[178.0268991,-38.6690715],[178.0268632,-38.6690818],[178.0268249,-38.6690835],[178.0267876,-38.6690764],[178.0267547,-38.6690611],[178.0267315,-38.6690417],[178.0267156,-38.6690183],[178.026708,-38.6689925],[178.0267092,-38.668966],[178.0267193,-38.6689407],[178.0267374,-38.6689183],[178.0267641,-38.6688994],[178.0267965,-38.668887],[178.0268321,-38.668882],[178.026868,-38.668885],[178.0269014,-38.6688955],[178.0269299,-38.6689129]]}},{"type":"Feature","properties":{"asset_id":12165},"geometry":{"type":"LineString","coordinates":[[178.0698753,-38.6888588],[178.0695762,-38.6890577],[178.0691938,-38.6893235],[178.0688465,-38.6895612],[178.0686646,-38.6896847],[178.0685413,-38.6897569],[178.068446,-38.6898165],[178.0683495,-38.6898594],[178.0682194,-38.6899128],[178.0679552,-38.6900039],[178.0674711,-38.6901682],[178.0668958,-38.6903682],[178.0664688,-38.6905133],[178.0660865,-38.6906431],[178.0658975,-38.6907111],[178.06564,-38.6907812],[178.0654216,-38.6908378],[178.0650931,-38.6909006],[178.0647055,-38.6909676],[178.0645365,-38.6909969],[178.0644078,-38.6910314],[178.0642039,-38.6910869],[178.0641141,-38.6911194],[178.064043,-38.6911361],[178.0639733,-38.6911497],[178.0638955,-38.6911602],[178.0638257,-38.6911612],[178.0637211,-38.6911549],[178.0635951,-38.6911371],[178.063477,-38.6910995],[178.0632598,-38.6909791],[178.06306,-38.690887],[178.062781,-38.6907708],[178.0625396,-38.6906776],[178.0621829,-38.6905154],[178.0618436,-38.6903542],[178.0617752,-38.6903039],[178.0616705,-38.6902536],[178.06157,-38.6902139],[178.0614654,-38.6901751],[178.0610295,-38.6899742],[178.0606258,-38.6897836],[178.060261,-38.6896099],[178.0598319,-38.6894078],[178.0592577,-38.6891367],[178.0585657,-38.6888112],[178.0582677,-38.688668],[178.0579566,-38.6885215],[178.0577005,-38.6884032],[178.0574658,-38.688288],[178.0572351,-38.6881781],[178.0570071,-38.6880713],[178.0561691,-38.6876789],[178.0557252,-38.6874685],[178.0554986,-38.6873712],[178.0553524,-38.6873063],[178.0552371,-38.6872832],[178.054997,-38.6872382],[178.0549487,-38.6872267],[178.0549092,-38.6871874],[178.0548605,-38.6871335],[178.054773,-38.6870336],[178.0546584,-38.6868938],[178.0544753,-38.6866797],[178.0542882,-38.6864589],[178.0539865,-38.6861008],[178.0538896,-38.6859838],[178.0538172,-38.6858927],[178.0537877,-38.6858581],[178.0536851,-38.6858011],[178.0535926,-38.6857037],[178.0534504,-38.6855289],[178.0532553,-38.6852923],[178.0530783,-38.6850903],[178.0528088,-38.6847595],[178.0525647,-38.6844789],[178.0523367,-38.684213],[178.0521033,-38.6839314],[178.0518901,-38.6836822],[178.0516541,-38.6833944],[178.0514086,-38.683097],[178.0512705,-38.6829494],[178.0511096,-38.6827003],[178.050946,-38.6823893],[178.0508186,-38.6820271],[178.0506482,-38.6816722],[178.0504819,-38.6813341],[178.0501949,-38.6807352],[178.0499911,-38.6803332],[178.0497899,-38.6799249],[178.0496448,-38.6796302],[178.0494128,-38.6791832],[178.0492197,-38.6787926],[178.0491282,-38.6786348],[178.0491013,-38.678595],[178.0490115,-38.6784049],[178.0489196,-38.6782264],[178.0488559,-38.6781233],[178.0488137,-38.6780584],[178.0487473,-38.6779934],[178.0486896,-38.6779364],[178.0485776,-38.6778217],[178.0483617,-38.6776061],[178.0481659,-38.6774187],[178.0480922,-38.677359],[178.04795,-38.677247],[178.0478307,-38.6771601],[178.0476899,-38.6770836],[178.0475249,-38.6769967],[178.0473881,-38.6769297],[178.0471065,-38.6767842],[178.0469295,-38.6766837],[178.0467605,-38.6765999],[178.0465821,-38.6765026],[178.0463444,-38.6763746],[178.0459818,-38.6761745],[178.0455861,-38.675964],[178.0451704,-38.675719],[178.0447815,-38.6755065],[178.0445481,-38.6753808],[178.0443242,-38.6752636],[178.0441444,-38.6751641],[178.0438253,-38.6749966],[178.0435409,-38.6748395],[178.0431474,-38.6746264],[178.0427624,-38.674417],[178.0424421,-38.6742493],[178.0422933,-38.6741666],[178.0418848,-38.6739531],[178.0414117,-38.6736925],[178.0411701,-38.6735907],[178.041099,-38.6735467],[178.0408428,-38.6734117],[178.040684,-38.6733258],[178.04048,-38.6732228]]}},{"type":"Feature","properties":{"asset_id":4800},"geometry":{"type":"LineString","coordinates":[[177.9126118,-38.7156212],[177.9125512,-38.7158856],[177.9125116,-38.7160716],[177.9124784,-38.7162421],[177.9124452,-38.7165141],[177.9124251,-38.71667],[177.912348,-38.7175339],[177.9122816,-38.7183957],[177.9122541,-38.7187282],[177.9122104,-38.7192365],[177.9121447,-38.7200773],[177.9121351,-38.7202644],[177.912131,-38.7204493],[177.9121333,-38.7208171],[177.9121559,-38.7212743],[177.9121865,-38.7217294],[177.9122317,-38.722367],[177.91225,-38.7226364],[177.9122661,-38.7228516]]}},{"type":"Feature","properties":{"asset_id":4801},"geometry":{"type":"LineString","coordinates":[[177.9122661,-38.7228516],[177.9122988,-38.7232891],[177.9123106,-38.7234411],[177.9123313,-38.7235391],[177.9123573,-38.723637],[177.9123921,-38.7237272],[177.9124349,-38.7238131],[177.9125006,-38.7239315],[177.9126748,-38.7241909],[177.9134039,-38.7253308],[177.9135648,-38.7255473],[177.9137069,-38.7257032],[177.9137568,-38.7257492],[177.9138017,-38.7257908],[177.9139167,-38.7258795],[177.9141149,-38.7260017],[177.9145268,-38.72624],[177.9175058,-38.7279159],[177.9177212,-38.7280584],[177.9179171,-38.728204],[177.9180869,-38.7283548],[177.9182205,-38.7285026],[177.9183307,-38.7286379],[177.9184301,-38.7287924],[177.91852,-38.7289615],[177.9185872,-38.7291464],[177.918644,-38.7293306],[177.9186766,-38.7295209],[177.9186864,-38.7297221],[177.9186801,-38.7299153],[177.9186389,-38.7301482],[177.9185834,-38.7304203],[177.9184859,-38.7308614],[177.9183764,-38.7313077],[177.9183192,-38.7314895],[177.9182633,-38.7316557],[177.9181711,-38.7318891],[177.9180682,-38.7321152],[177.917903,-38.7324422],[177.9177217,-38.7327619],[177.917146,-38.7336948],[177.9166011,-38.7345954],[177.9164655,-38.7348374],[177.9164168,-38.7349457],[177.9163776,-38.7350508],[177.9163163,-38.7352465],[177.9162789,-38.7354238],[177.9162669,-38.7355161],[177.9162603,-38.7356074],[177.9162556,-38.7356978],[177.9162562,-38.7357882],[177.9162633,-38.7358959],[177.9162899,-38.7361658],[177.9163216,-38.7363817],[177.9163601,-38.7365956],[177.9164004,-38.7367407],[177.9164469,-38.7368838],[177.9165259,-38.7370969],[177.9166163,-38.73731],[177.9168774,-38.7379081],[177.9171438,-38.7385041],[177.9174075,-38.7391021],[177.9175461,-38.7394231],[177.9176377,-38.7396615],[177.9177045,-38.7398897],[177.9177399,-38.7400452],[177.91777,-38.7402341],[177.917817,-38.740618],[177.917856,-38.7410041],[177.9179386,-38.7419303],[177.9179543,-38.7421653],[177.9179528,-38.7422806],[177.9179459,-38.742396],[177.9179302,-38.7425273],[177.9179065,-38.7426585],[177.9178005,-38.7431625],[177.9177545,-38.7434103],[177.9177362,-38.7435138],[177.9177287,-38.7436214],[177.9177247,-38.7437843],[177.9177391,-38.7439518],[177.917761,-38.7440366],[177.9177842,-38.74412]]}},{"type":"Feature","properties":{"asset_id":4802},"geometry":{"type":"LineString","coordinates":[[177.9177842,-38.74412],[177.9178034,-38.7441891],[177.9178647,-38.7443375],[177.9179257,-38.744469],[177.9180349,-38.7446697],[177.9182513,-38.745054],[177.9188979,-38.7461685],[177.9195418,-38.7472851],[177.9196472,-38.7474435],[177.9197633,-38.7475978],[177.9199078,-38.7477524],[177.9201269,-38.7479555],[177.9208773,-38.7486239],[177.9212011,-38.7489283],[177.921321,-38.7490681],[177.9214212,-38.749206],[177.921516,-38.7493679],[177.9215773,-38.7495045],[177.9216292,-38.749642],[177.9216642,-38.7497768],[177.9216912,-38.7499137],[177.9217479,-38.7502624],[177.9218155,-38.7507922],[177.9218483,-38.7510363]]}},{"type":"Feature","properties":{"asset_id":4803},"geometry":{"type":"LineString","coordinates":[[177.9218483,-38.7510363],[177.9219271,-38.7516244],[177.9219501,-38.7518009],[177.9220428,-38.7524565],[177.9221618,-38.7532855],[177.9222768,-38.7540758],[177.9222949,-38.754258],[177.9222986,-38.7543837],[177.9222942,-38.7545093],[177.9222735,-38.7546971],[177.9222314,-38.7548634],[177.9221863,-38.7549983],[177.9221278,-38.7551202],[177.922054,-38.7552393],[177.9219761,-38.755352],[177.9218762,-38.7554694],[177.9217675,-38.7555815],[177.9216661,-38.7556786],[177.9215553,-38.7557757],[177.9212699,-38.7560047],[177.9210455,-38.7561847],[177.9201584,-38.7568844],[177.9199074,-38.7570842],[177.9192606,-38.7575993],[177.9184899,-38.7582078],[177.9181065,-38.7585131],[177.9179142,-38.7586663],[177.9177312,-38.7588247],[177.9175921,-38.7589559],[177.9174635,-38.7591083],[177.9173724,-38.7592614],[177.9173147,-38.7593934],[177.9172531,-38.759561],[177.9172326,-38.7596298],[177.9172042,-38.7597468],[177.9171407,-38.760073],[177.9170726,-38.7604481],[177.9168252,-38.7618384],[177.9167461,-38.7621829],[177.9166644,-38.7623893],[177.916554,-38.7625974],[177.9164437,-38.76274],[177.9162472,-38.7629282],[177.9160718,-38.76307],[177.9141318,-38.7644278],[177.9139167,-38.7646053],[177.9138725,-38.7646455],[177.9138056,-38.7647106],[177.9136865,-38.7648567],[177.9135808,-38.7650303],[177.9135006,-38.7651965],[177.9134249,-38.7653842],[177.9130189,-38.7664224],[177.9128113,-38.7669494],[177.9126118,-38.7674744],[177.9125626,-38.7676995],[177.9125433,-38.7678414],[177.9125509,-38.7679937],[177.9125846,-38.768172],[177.9126371,-38.7683419],[177.9127044,-38.7685143],[177.9128551,-38.7688343],[177.9129861,-38.7690884],[177.913145,-38.7693407],[177.9133084,-38.7695558],[177.9137645,-38.7700774],[177.9147818,-38.7712351],[177.9157373,-38.7723259],[177.9158643,-38.772505],[177.915963,-38.7726733],[177.9160472,-38.7728462],[177.9161716,-38.7731592],[177.9166082,-38.7743021],[177.9168279,-38.7748756],[177.9170368,-38.7754491],[177.9173089,-38.7763577],[177.9175934,-38.7773373],[177.9178477,-38.7782166],[177.9178944,-38.7783829],[177.9179891,-38.7786929],[177.9181278,-38.7791785],[177.9184076,-38.780132]]}},{"type":"Feature","properties":{"asset_id":4794},"geometry":{"type":"LineString","coordinates":[[177.9158153,-38.6525489],[177.9157924,-38.6525673],[177.915766,-38.6525862],[177.9157416,-38.6525998],[177.915706,-38.6526162],[177.915675,-38.6526268],[177.9156454,-38.6526347],[177.915614,-38.6526385],[177.91558,-38.6526399],[177.915553,-38.6526416],[177.9155238,-38.6526362],[177.9154994,-38.6526316],[177.9154768,-38.6526274],[177.915459,-38.6526235],[177.9154357,-38.6526141],[177.9154134,-38.6526033],[177.9153915,-38.6525898],[177.9153679,-38.6525714],[177.9153478,-38.6525533],[177.9153313,-38.6525343],[177.9153171,-38.6525158],[177.9153055,-38.6524946],[177.915296,-38.6524777],[177.9152893,-38.6524558],[177.9152848,-38.652439],[177.9152826,-38.6524225],[177.9152842,-38.6524043],[177.9152846,-38.6523831],[177.9152888,-38.6523596],[177.9152944,-38.652342],[177.9153042,-38.6523215],[177.9153127,-38.6523025],[177.9153265,-38.6522848],[177.915344,-38.6522663],[177.9153643,-38.65225],[177.9153881,-38.6522343],[177.9154116,-38.6522212],[177.9154359,-38.6522094],[177.9154616,-38.6522015],[177.9154895,-38.6521936],[177.9155195,-38.6521879],[177.9155492,-38.6521858],[177.9155778,-38.6521837],[177.9156088,-38.6521868],[177.9156361,-38.652191],[177.9156639,-38.6521971],[177.91569,-38.6522069],[177.915717,-38.6522183],[177.9157442,-38.6522333],[177.9157611,-38.652246],[177.9157812,-38.6522593],[177.9158011,-38.6522759],[177.9158173,-38.6522963],[177.9158269,-38.6523122],[177.9158404,-38.6523345],[177.9158478,-38.6523522],[177.9158557,-38.652371],[177.9158598,-38.6523859],[177.9158623,-38.6524041],[177.9158632,-38.652428],[177.9158617,-38.6524535],[177.9158541,-38.6524775],[177.9158429,-38.6525011],[177.9158331,-38.6525222],[177.9158153,-38.6525489]]}}]}