"gate_source","gate_target","produce"
22868,74,"Forestry"
22869,74,"Forestry"
22837,74,"Forestry"
3139,74,"Forestry"
3115,74,"Forestry"
3186,74,"Forestry"
3114,74,"Forestry"
3187,74,"Forestry"
3251,74,"Forestry"
3085,74,"Forestry"
3101,74,"Forestry"
3121,74,"Forestry"
3188,74,"Forestry"
3189,74,"Forestry"
3190,74,"Forestry"
3205,74,"Forestry"
3252,74,"Forestry"
3203,74,"Forestry"
3248,74,"Forestry"
2883,74,"Forestry"
3062,74,"Forestry"
3075,74,"Forestry"
3060,74,"Forestry"
2871,74,"Forestry"
3272,74,"Forestry"
3259,74,"Forestry"
2917,74,"Forestry"
12087,74,"Forestry"
27353,74,"Forestry"
27351,74,"Forestry"
27111,74,"Forestry"
27362,74,"Forestry"
27112,74,"Forestry"
27080,74,"Forestry"
27309,74,"Forestry"
27061,74,"Forestry"
27366,74,"Forestry"
12104,74,"Forestry"
27620,74,"Forestry"
27631,74,"Forestry"
27433,74,"Forestry"
27614,74,"Forestry"
27416,74,"Forestry"
27618,74,"Forestry"
29454,74,"Forestry"
29455,74,"Forestry"
29456,74,"Forestry"
29636,74,"Forestry"
27434,74,"Forestry"
16629,74,"Forestry"
3209,74,"Forestry"
2366,74,"Forestry"
27057,74,"Forestry"
27616,74,"Forestry"
29439,74,"Forestry"
27413,74,"Forestry"
29663,74,"Forestry"
27399,74,"Forestry"
27585,74,"Forestry"
27562,74,"Forestry"
27296,74,"Forestry"
27412,74,"Forestry"
27405,74,"Forestry"
27587,74,"Forestry"
27588,74,"Forestry"
27599,74,"Forestry"
15040,74,"Forestry"
15046,74,"Forestry"
15047,74,"Forestry"
15050,74,"Forestry"
15066,74,"Forestry"
15054,74,"Forestry"
29450,74,"Forestry"
29451,74,"Forestry"
29655,74,"Forestry"
29444,74,"Forestry"
29649,74,"Forestry"
29630,74,"Forestry"
29632,74,"Forestry"
29633,74,"Forestry"
29635,74,"Forestry"
29639,74,"Forestry"
29645,74,"Forestry"
29648,74,"Forestry"
29694,74,"Forestry"
29652,74,"Forestry"
29661,74,"Forestry"
22871,74,"Forestry"
15064,74,"Forestry"
15037,74,"Forestry"
15052,74,"Forestry"
15060,74,"Forestry"
15062,74,"Forestry"
15063,74,"Forestry"
15051,74,"Forestry"
15049,74,"Forestry"
16919,74,"Forestry"
15116,74,"Forestry"
14873,74,"Forestry"
16363,74,"Forestry"
16674,74,"Forestry"
16641,74,"Forestry"
16634,74,"Forestry"
16917,74,"Forestry"
27091,74,"Forestry"
22868,84,"Forestry"
22869,84,"Forestry"
22837,84,"Forestry"
3139,84,"Forestry"
3115,84,"Forestry"
3186,84,"Forestry"
3114,84,"Forestry"
3187,84,"Forestry"
3251,84,"Forestry"
3085,84,"Forestry"
3101,84,"Forestry"
3121,84,"Forestry"
3188,84,"Forestry"
3189,84,"Forestry"
3190,84,"Forestry"
3205,84,"Forestry"
3252,84,"Forestry"
3203,84,"Forestry"
3248,84,"Forestry"
2883,84,"Forestry"
3062,84,"Forestry"
3075,84,"Forestry"
3060,84,"Forestry"
2871,84,"Forestry"
3272,84,"Forestry"
3259,84,"Forestry"
2917,84,"Forestry"
12087,84,"Forestry"
27353,84,"Forestry"
27351,84,"Forestry"
27111,84,"Forestry"
27362,84,"Forestry"
27112,84,"Forestry"
27080,84,"Forestry"
27309,84,"Forestry"
27061,84,"Forestry"
27366,84,"Forestry"
12104,84,"Forestry"
27620,84,"Forestry"
27631,84,"Forestry"
27433,84,"Forestry"
27614,84,"Forestry"
27416,84,"Forestry"
27618,84,"Forestry"
29454,84,"Forestry"
29455,84,"Forestry"
29456,84,"Forestry"
29636,84,"Forestry"
27434,84,"Forestry"
16629,84,"Forestry"
3209,84,"Forestry"
2366,84,"Forestry"
27057,84,"Forestry"
27616,84,"Forestry"
29439,84,"Forestry"
27413,84,"Forestry"
29663,84,"Forestry"
27399,84,"Forestry"
27585,84,"Forestry"
27562,84,"Forestry"
27296,84,"Forestry"
27412,84,"Forestry"
27405,84,"Forestry"
27587,84,"Forestry"
27588,84,"Forestry"
27599,84,"Forestry"
15040,84,"Forestry"
15046,84,"Forestry"
15047,84,"Forestry"
15050,84,"Forestry"
15066,84,"Forestry"
15054,84,"Forestry"
29450,84,"Forestry"
29451,84,"Forestry"
29655,84,"Forestry"
29444,84,"Forestry"
29649,84,"Forestry"
29630,84,"Forestry"
29632,84,"Forestry"
29633,84,"Forestry"
29635,84,"Forestry"
29639,84,"Forestry"
29645,84,"Forestry"
29648,84,"Forestry"
29694,84,"Forestry"
29652,84,"Forestry"
29661,84,"Forestry"
22871,84,"Forestry"
15064,84,"Forestry"
15037,84,"Forestry"
15052,84,"Forestry"
15060,84,"Forestry"
15062,84,"Forestry"
15063,84,"Forestry"
15051,84,"Forestry"
15049,84,"Forestry"
16919,84,"Forestry"
15116,84,"Forestry"
14873,84,"Forestry"
16363,84,"Forestry"
16674,84,"Forestry"
16641,84,"Forestry"
16634,84,"Forestry"
16917,84,"Forestry"
27091,84,"Forestry"
22861,83,"Dairy"
22888,83,"Dairy"
22889,83,"Dairy"
22893,83,"Dairy"
22625,83,"Dairy"
22634,83,"Dairy"
22637,83,"Dairy"
22890,83,"Dairy"
22891,83,"Dairy"
22892,83,"Dairy"
16924,83,"Dairy"
16928,83,"Dairy"
16649,83,"Dairy"
16674,83,"Dairy"
23799,83,"Dairy"
14884,83,"Dairy"
15299,83,"Dairy"
16977,83,"Dairy"
16978,83,"Dairy"
22861,82,"Beef"
22889,82,"Beef"
22625,82,"Beef"
22634,82,"Beef"
22891,82,"Beef"
16928,82,"Beef"
16649,82,"Beef"
14884,82,"Beef"
22861,66,"Beef"
22889,66,"Beef"
22625,66,"Beef"
22634,66,"Beef"
22891,66,"Beef"
16928,66,"Beef"
16649,66,"Beef"
14884,66,"Beef"
22861,65,"Beef"
22889,65,"Beef"
22625,65,"Beef"
22634,65,"Beef"
22890,65,"Beef"
22891,65,"Beef"
22892,65,"Beef"
16924,65,"Beef"
16928,65,"Beef"
16649,65,"Beef"
14884,65,"Beef"
2980,66,"Sheepmeat"
2982,66,"Sheepmeat"
2938,66,"Sheepmeat"
2947,66,"Sheepmeat"
2976,66,"Sheepmeat"
2823,66,"Sheepmeat"
2986,66,"Sheepmeat"
2992,66,"Sheepmeat"
2991,66,"Sheepmeat"
2955,66,"Sheepmeat"
2962,66,"Sheepmeat"
2963,66,"Sheepmeat"
2925,66,"Sheepmeat"
2978,66,"Sheepmeat"
2966,66,"Sheepmeat"
2924,66,"Sheepmeat"
2935,66,"Sheepmeat"
2937,66,"Sheepmeat"
3273,66,"Sheepmeat"
2974,66,"Sheepmeat"
2356,66,"Sheepmeat"
2967,66,"Sheepmeat"
2355,66,"Sheepmeat"
2979,66,"Sheepmeat"
2983,66,"Sheepmeat"
2994,66,"Sheepmeat"
2995,66,"Sheepmeat"
2997,66,"Sheepmeat"
2996,66,"Sheepmeat"
3274,66,"Sheepmeat"
3275,66,"Sheepmeat"
3276,66,"Sheepmeat"
2953,66,"Sheepmeat"
2964,66,"Sheepmeat"
2969,66,"Sheepmeat"
3272,66,"Sheepmeat"
2343,66,"Sheepmeat"
2346,66,"Sheepmeat"
2357,66,"Sheepmeat"
3251,66,"Sheepmeat"
3269,66,"Sheepmeat"
2349,66,"Sheepmeat"
2920,66,"Sheepmeat"
2358,66,"Sheepmeat"
22868,66,"Sheepmeat"
22814,66,"Sheepmeat"
22903,66,"Sheepmeat"
11866,66,"Sheepmeat"
11873,66,"Sheepmeat"
22837,66,"Sheepmeat"
22838,66,"Sheepmeat"
22845,66,"Sheepmeat"
22849,66,"Sheepmeat"
22854,66,"Sheepmeat"
22866,66,"Sheepmeat"
22844,66,"Sheepmeat"
11862,66,"Sheepmeat"
3146,66,"Sheepmeat"
3190,66,"Sheepmeat"
3204,66,"Sheepmeat"
3105,66,"Sheepmeat"
3148,66,"Sheepmeat"
2384,66,"Sheepmeat"
2414,66,"Sheepmeat"
3113,66,"Sheepmeat"
3160,66,"Sheepmeat"
3158,66,"Sheepmeat"
3203,66,"Sheepmeat"
3254,66,"Sheepmeat"
3192,66,"Sheepmeat"
3193,66,"Sheepmeat"
3116,66,"Sheepmeat"
3127,66,"Sheepmeat"
3130,66,"Sheepmeat"
3134,66,"Sheepmeat"
3209,66,"Sheepmeat"
3252,66,"Sheepmeat"
3244,66,"Sheepmeat"
3248,66,"Sheepmeat"
3250,66,"Sheepmeat"
3259,66,"Sheepmeat"
3260,66,"Sheepmeat"
3239,66,"Sheepmeat"
3222,66,"Sheepmeat"
3238,66,"Sheepmeat"
3139,66,"Sheepmeat"
3256,66,"Sheepmeat"
3087,66,"Sheepmeat"
3121,66,"Sheepmeat"
3122,66,"Sheepmeat"
27053,66,"Sheepmeat"
3083,66,"Sheepmeat"
3126,66,"Sheepmeat"
27309,66,"Sheepmeat"
3085,66,"Sheepmeat"
3089,66,"Sheepmeat"
27394,66,"Sheepmeat"
27395,66,"Sheepmeat"
27140,66,"Sheepmeat"
27557,66,"Sheepmeat"
27295,66,"Sheepmeat"
27312,66,"Sheepmeat"
27313,66,"Sheepmeat"
3088,66,"Sheepmeat"
3090,66,"Sheepmeat"
3100,66,"Sheepmeat"
3101,66,"Sheepmeat"
3103,66,"Sheepmeat"
3114,66,"Sheepmeat"
3187,66,"Sheepmeat"
3097,66,"Sheepmeat"
3106,66,"Sheepmeat"
3112,66,"Sheepmeat"
2415,66,"Sheepmeat"
2419,66,"Sheepmeat"
2428,66,"Sheepmeat"
2429,66,"Sheepmeat"
3125,66,"Sheepmeat"
3129,66,"Sheepmeat"
3095,66,"Sheepmeat"
3099,66,"Sheepmeat"
3104,66,"Sheepmeat"
3108,66,"Sheepmeat"
2430,66,"Sheepmeat"
2519,66,"Sheepmeat"
2531,66,"Sheepmeat"
11585,66,"Sheepmeat"
11586,66,"Sheepmeat"
2870,66,"Sheepmeat"
2893,66,"Sheepmeat"
2871,66,"Sheepmeat"
2880,66,"Sheepmeat"
2883,66,"Sheepmeat"
3062,66,"Sheepmeat"
3230,66,"Sheepmeat"
3061,66,"Sheepmeat"
3075,66,"Sheepmeat"
2898,66,"Sheepmeat"
2884,66,"Sheepmeat"
2888,66,"Sheepmeat"
2889,66,"Sheepmeat"
2891,66,"Sheepmeat"
2892,66,"Sheepmeat"
3289,66,"Sheepmeat"
2887,66,"Sheepmeat"
3290,66,"Sheepmeat"
2899,66,"Sheepmeat"
3225,66,"Sheepmeat"
3070,66,"Sheepmeat"
3066,66,"Sheepmeat"
3074,66,"Sheepmeat"
27057,66,"Sheepmeat"
3077,66,"Sheepmeat"
3078,66,"Sheepmeat"
2900,66,"Sheepmeat"
2916,66,"Sheepmeat"
27056,66,"Sheepmeat"
3063,66,"Sheepmeat"
3064,66,"Sheepmeat"
3076,66,"Sheepmeat"
2922,66,"Sheepmeat"
2917,66,"Sheepmeat"
3232,66,"Sheepmeat"
3233,66,"Sheepmeat"
3235,66,"Sheepmeat"
3278,66,"Sheepmeat"
3279,66,"Sheepmeat"
3131,66,"Sheepmeat"
3296,66,"Sheepmeat"
3234,66,"Sheepmeat"
2941,66,"Sheepmeat"
3264,66,"Sheepmeat"
3265,66,"Sheepmeat"
3266,66,"Sheepmeat"
2940,66,"Sheepmeat"
2948,66,"Sheepmeat"
3236,66,"Sheepmeat"
3298,66,"Sheepmeat"
2895,66,"Sheepmeat"
2896,66,"Sheepmeat"
2949,66,"Sheepmeat"
2950,66,"Sheepmeat"
2954,66,"Sheepmeat"
2942,66,"Sheepmeat"
3277,66,"Sheepmeat"
3223,66,"Sheepmeat"
3237,66,"Sheepmeat"
3221,66,"Sheepmeat"
3262,66,"Sheepmeat"
2360,66,"Sheepmeat"
11871,66,"Sheepmeat"
11624,66,"Sheepmeat"
11889,66,"Sheepmeat"
11626,66,"Sheepmeat"
11884,66,"Sheepmeat"
11630,66,"Sheepmeat"
12074,66,"Sheepmeat"
12073,66,"Sheepmeat"
12087,66,"Sheepmeat"
11861,66,"Sheepmeat"
11867,66,"Sheepmeat"
27353,66,"Sheepmeat"
27355,66,"Sheepmeat"
11859,66,"Sheepmeat"
12107,66,"Sheepmeat"
27343,66,"Sheepmeat"
27100,66,"Sheepmeat"
12094,66,"Sheepmeat"
27362,66,"Sheepmeat"
11616,66,"Sheepmeat"
12091,66,"Sheepmeat"
11620,66,"Sheepmeat"
11860,66,"Sheepmeat"
11868,66,"Sheepmeat"
11869,66,"Sheepmeat"
12093,66,"Sheepmeat"
12095,66,"Sheepmeat"
12096,66,"Sheepmeat"
12104,66,"Sheepmeat"
11619,66,"Sheepmeat"
12118,66,"Sheepmeat"
27097,66,"Sheepmeat"
27107,66,"Sheepmeat"
27351,66,"Sheepmeat"
27102,66,"Sheepmeat"
27104,66,"Sheepmeat"
27354,66,"Sheepmeat"
11876,66,"Sheepmeat"
12092,66,"Sheepmeat"
12103,66,"Sheepmeat"
12119,66,"Sheepmeat"
27363,66,"Sheepmeat"
27109,66,"Sheepmeat"
27113,66,"Sheepmeat"
27106,66,"Sheepmeat"
27108,66,"Sheepmeat"
27359,66,"Sheepmeat"
27360,66,"Sheepmeat"
27361,66,"Sheepmeat"
22848,66,"Sheepmeat"
22846,66,"Sheepmeat"
22847,66,"Sheepmeat"
22663,66,"Sheepmeat"
11610,66,"Sheepmeat"
12105,66,"Sheepmeat"
12106,66,"Sheepmeat"
12121,66,"Sheepmeat"
27063,66,"Sheepmeat"
27365,66,"Sheepmeat"
11853,66,"Sheepmeat"
11804,66,"Sheepmeat"
11805,66,"Sheepmeat"
11594,66,"Sheepmeat"
11595,66,"Sheepmeat"
11803,66,"Sheepmeat"
27086,66,"Sheepmeat"
27327,66,"Sheepmeat"
27328,66,"Sheepmeat"
27329,66,"Sheepmeat"
27330,66,"Sheepmeat"
27095,66,"Sheepmeat"
27344,66,"Sheepmeat"
27350,66,"Sheepmeat"
27070,66,"Sheepmeat"
27074,66,"Sheepmeat"
27302,66,"Sheepmeat"
27310,66,"Sheepmeat"
27311,66,"Sheepmeat"
27315,66,"Sheepmeat"
27308,66,"Sheepmeat"
27064,66,"Sheepmeat"
27316,66,"Sheepmeat"
11819,66,"Sheepmeat"
11821,66,"Sheepmeat"
11824,66,"Sheepmeat"
11601,66,"Sheepmeat"
11602,66,"Sheepmeat"
11605,66,"Sheepmeat"
11844,66,"Sheepmeat"
27300,66,"Sheepmeat"
27301,66,"Sheepmeat"
27307,66,"Sheepmeat"
27075,66,"Sheepmeat"
27071,66,"Sheepmeat"
27073,66,"Sheepmeat"
27072,66,"Sheepmeat"
27089,66,"Sheepmeat"
27324,66,"Sheepmeat"
11888,66,"Sheepmeat"
11895,66,"Sheepmeat"
27090,66,"Sheepmeat"
27096,66,"Sheepmeat"
27094,66,"Sheepmeat"
27427,66,"Sheepmeat"
27629,66,"Sheepmeat"
27429,66,"Sheepmeat"
27430,66,"Sheepmeat"
27631,66,"Sheepmeat"
27650,66,"Sheepmeat"
27426,66,"Sheepmeat"
27436,66,"Sheepmeat"
27437,66,"Sheepmeat"
16629,66,"Sheepmeat"
27620,66,"Sheepmeat"
27632,66,"Sheepmeat"
27433,66,"Sheepmeat"
27434,66,"Sheepmeat"
29636,66,"Sheepmeat"
29456,66,"Sheepmeat"
27088,66,"Sheepmeat"
27386,66,"Sheepmeat"
27425,66,"Sheepmeat"
27092,66,"Sheepmeat"
27332,66,"Sheepmeat"
27614,66,"Sheepmeat"
27616,66,"Sheepmeat"
27617,66,"Sheepmeat"
27416,66,"Sheepmeat"
27421,66,"Sheepmeat"
27618,66,"Sheepmeat"
27339,66,"Sheepmeat"
15074,66,"Sheepmeat"
11822,66,"Sheepmeat"
11836,66,"Sheepmeat"
11825,66,"Sheepmeat"
16367,66,"Sheepmeat"
16368,66,"Sheepmeat"
16370,66,"Sheepmeat"
16371,66,"Sheepmeat"
16379,66,"Sheepmeat"
16633,66,"Sheepmeat"
16634,66,"Sheepmeat"
27087,66,"Sheepmeat"
27093,66,"Sheepmeat"
27338,66,"Sheepmeat"
27345,66,"Sheepmeat"
27387,66,"Sheepmeat"
29646,66,"Sheepmeat"
29648,66,"Sheepmeat"
29650,66,"Sheepmeat"
29439,66,"Sheepmeat"
29440,66,"Sheepmeat"
29651,66,"Sheepmeat"
29441,66,"Sheepmeat"
29454,66,"Sheepmeat"
27610,66,"Sheepmeat"
27419,66,"Sheepmeat"
27634,66,"Sheepmeat"
27639,66,"Sheepmeat"
27640,66,"Sheepmeat"
27641,66,"Sheepmeat"
27651,66,"Sheepmeat"
27435,66,"Sheepmeat"
3219,66,"Sheepmeat"
3206,66,"Sheepmeat"
2402,66,"Sheepmeat"
2407,66,"Sheepmeat"
2476,66,"Sheepmeat"
2473,66,"Sheepmeat"
2472,66,"Sheepmeat"
2388,66,"Sheepmeat"
2392,66,"Sheepmeat"
2395,66,"Sheepmeat"
2505,66,"Sheepmeat"
2521,66,"Sheepmeat"
2528,66,"Sheepmeat"
29659,66,"Sheepmeat"
2362,66,"Sheepmeat"
2363,66,"Sheepmeat"
2371,66,"Sheepmeat"
2372,66,"Sheepmeat"
2374,66,"Sheepmeat"
2368,66,"Sheepmeat"
2370,66,"Sheepmeat"
2376,66,"Sheepmeat"
2377,66,"Sheepmeat"
2379,66,"Sheepmeat"
2382,66,"Sheepmeat"
2383,66,"Sheepmeat"
2385,66,"Sheepmeat"
2386,66,"Sheepmeat"
2387,66,"Sheepmeat"
11892,66,"Sheepmeat"
27058,66,"Sheepmeat"
2406,66,"Sheepmeat"
2409,66,"Sheepmeat"
2410,66,"Sheepmeat"
2411,66,"Sheepmeat"
2412,66,"Sheepmeat"
2413,66,"Sheepmeat"
2416,66,"Sheepmeat"
2417,66,"Sheepmeat"
2418,66,"Sheepmeat"
2420,66,"Sheepmeat"
2421,66,"Sheepmeat"
2422,66,"Sheepmeat"
2423,66,"Sheepmeat"
2425,66,"Sheepmeat"
2426,66,"Sheepmeat"
2427,66,"Sheepmeat"
2499,66,"Sheepmeat"
2500,66,"Sheepmeat"
2501,66,"Sheepmeat"
2502,66,"Sheepmeat"
2503,66,"Sheepmeat"
2516,66,"Sheepmeat"
2517,66,"Sheepmeat"
2518,66,"Sheepmeat"
2522,66,"Sheepmeat"
2523,66,"Sheepmeat"
2524,66,"Sheepmeat"
2525,66,"Sheepmeat"
2526,66,"Sheepmeat"
27054,66,"Sheepmeat"
27059,66,"Sheepmeat"
27060,66,"Sheepmeat"
27061,66,"Sheepmeat"
27062,66,"Sheepmeat"
27080,66,"Sheepmeat"
11608,66,"Sheepmeat"
11613,66,"Sheepmeat"
27066,66,"Sheepmeat"
22899,66,"Sheepmeat"
27415,66,"Sheepmeat"
27410,66,"Sheepmeat"
27413,66,"Sheepmeat"
27607,66,"Sheepmeat"
27608,66,"Sheepmeat"
27412,66,"Sheepmeat"
27414,66,"Sheepmeat"
29663,66,"Sheepmeat"
27560,66,"Sheepmeat"
27562,66,"Sheepmeat"
27585,66,"Sheepmeat"
27581,66,"Sheepmeat"
27296,66,"Sheepmeat"
27586,66,"Sheepmeat"
27569,66,"Sheepmeat"
27573,66,"Sheepmeat"
27604,66,"Sheepmeat"
27606,66,"Sheepmeat"
27317,66,"Sheepmeat"
27379,66,"Sheepmeat"
27370,66,"Sheepmeat"
27118,66,"Sheepmeat"
23799,66,"Sheepmeat"
15299,66,"Sheepmeat"
15045,66,"Sheepmeat"
15048,66,"Sheepmeat"
15049,66,"Sheepmeat"
15050,66,"Sheepmeat"
15097,66,"Sheepmeat"
15092,66,"Sheepmeat"
15047,66,"Sheepmeat"
15067,66,"Sheepmeat"
14864,66,"Sheepmeat"
15105,66,"Sheepmeat"
14875,66,"Sheepmeat"
15104,66,"Sheepmeat"
15116,66,"Sheepmeat"
14879,66,"Sheepmeat"
15132,66,"Sheepmeat"
15138,66,"Sheepmeat"
29652,66,"Sheepmeat"
29442,66,"Sheepmeat"
29452,66,"Sheepmeat"
29453,66,"Sheepmeat"
29443,66,"Sheepmeat"
29444,66,"Sheepmeat"
29447,66,"Sheepmeat"
30892,66,"Sheepmeat"
29653,66,"Sheepmeat"
29656,66,"Sheepmeat"
29654,66,"Sheepmeat"
29661,66,"Sheepmeat"
27439,66,"Sheepmeat"
27440,66,"Sheepmeat"
30673,66,"Sheepmeat"
29649,66,"Sheepmeat"
30893,66,"Sheepmeat"
30890,66,"Sheepmeat"
27137,66,"Sheepmeat"
27399,66,"Sheepmeat"
29446,66,"Sheepmeat"
29448,66,"Sheepmeat"
29662,66,"Sheepmeat"
29695,66,"Sheepmeat"
27131,66,"Sheepmeat"
27132,66,"Sheepmeat"
22629,66,"Sheepmeat"
22622,66,"Sheepmeat"
22631,66,"Sheepmeat"
22632,66,"Sheepmeat"
22637,66,"Sheepmeat"
22856,66,"Sheepmeat"
22863,66,"Sheepmeat"
22871,66,"Sheepmeat"
22862,66,"Sheepmeat"
22639,66,"Sheepmeat"
22877,66,"Sheepmeat"
22638,66,"Sheepmeat"
15102,66,"Sheepmeat"
22816,66,"Sheepmeat"
22872,66,"Sheepmeat"
22902,66,"Sheepmeat"
15103,66,"Sheepmeat"
22874,66,"Sheepmeat"
15064,66,"Sheepmeat"
22882,66,"Sheepmeat"
22883,66,"Sheepmeat"
22888,66,"Sheepmeat"
22893,66,"Sheepmeat"
15068,66,"Sheepmeat"
15306,66,"Sheepmeat"
22894,66,"Sheepmeat"
22895,66,"Sheepmeat"
22653,66,"Sheepmeat"
22659,66,"Sheepmeat"
11870,66,"Sheepmeat"
14865,66,"Sheepmeat"
15044,66,"Sheepmeat"
15076,66,"Sheepmeat"
15091,66,"Sheepmeat"
15095,66,"Sheepmeat"
15101,66,"Sheepmeat"
15122,66,"Sheepmeat"
27103,66,"Sheepmeat"
22905,66,"Sheepmeat"
15106,66,"Sheepmeat"
16919,66,"Sheepmeat"
14868,66,"Sheepmeat"
14870,66,"Sheepmeat"
16976,66,"Sheepmeat"
14873,66,"Sheepmeat"
14876,66,"Sheepmeat"
14878,66,"Sheepmeat"
15121,66,"Sheepmeat"
16924,66,"Sheepmeat"
15051,66,"Sheepmeat"
16363,66,"Sheepmeat"
16365,66,"Sheepmeat"
16366,66,"Sheepmeat"
16635,66,"Sheepmeat"
16974,66,"Sheepmeat"
15073,66,"Sheepmeat"
16674,66,"Sheepmeat"
16901,66,"Sheepmeat"
16907,66,"Sheepmeat"
16920,66,"Sheepmeat"
16929,66,"Sheepmeat"
16641,66,"Sheepmeat"
16381,66,"Sheepmeat"
16383,66,"Sheepmeat"
27305,66,"Sheepmeat"
27069,66,"Sheepmeat"
27077,66,"Sheepmeat"
27078,66,"Sheepmeat"
27079,66,"Sheepmeat"
22869,75,"Forestry"
22837,75,"Forestry"
3139,75,"Forestry"
3115,75,"Forestry"
3186,75,"Forestry"
3187,75,"Forestry"
3251,75,"Forestry"
3085,75,"Forestry"
3101,75,"Forestry"
3121,75,"Forestry"
3205,75,"Forestry"
3252,75,"Forestry"
3259,75,"Forestry"
27353,75,"Forestry"
27111,75,"Forestry"
27112,75,"Forestry"
27080,75,"Forestry"
27366,75,"Forestry"
27631,75,"Forestry"
27614,75,"Forestry"
29456,75,"Forestry"
27434,75,"Forestry"
27616,75,"Forestry"
27585,75,"Forestry"
27562,75,"Forestry"
15054,75,"Forestry"
29630,75,"Forestry"
29633,75,"Forestry"
29635,75,"Forestry"
29648,75,"Forestry"
15051,75,"Forestry"
15049,75,"Forestry"
16919,75,"Forestry"
16634,75,"Forestry"
22869,80,"Forestry"
22837,80,"Forestry"
3139,80,"Forestry"
3115,80,"Forestry"
3186,80,"Forestry"
3187,80,"Forestry"
3251,80,"Forestry"
3085,80,"Forestry"
3101,80,"Forestry"
3121,80,"Forestry"
3205,80,"Forestry"
3252,80,"Forestry"
3259,80,"Forestry"
27353,80,"Forestry"
27111,80,"Forestry"
27112,80,"Forestry"
27080,80,"Forestry"
27366,80,"Forestry"
27631,80,"Forestry"
27614,80,"Forestry"
29456,80,"Forestry"
27434,80,"Forestry"
27616,80,"Forestry"
27585,80,"Forestry"
27562,80,"Forestry"
15054,80,"Forestry"
29630,80,"Forestry"
29633,80,"Forestry"
29635,80,"Forestry"
29648,80,"Forestry"
15051,80,"Forestry"
15049,80,"Forestry"
16919,80,"Forestry"
16634,80,"Forestry"
2976,77,"Forestry"
22868,77,"Forestry"
22869,77,"Forestry"
22837,77,"Forestry"
3134,77,"Forestry"
3139,77,"Forestry"
3115,77,"Forestry"
3186,77,"Forestry"
3114,77,"Forestry"
3187,77,"Forestry"
3251,77,"Forestry"
3085,77,"Forestry"
3101,77,"Forestry"
3120,77,"Forestry"
3121,77,"Forestry"
3143,77,"Forestry"
3144,77,"Forestry"
3152,77,"Forestry"
3164,77,"Forestry"
3166,77,"Forestry"
3168,77,"Forestry"
3169,77,"Forestry"
3170,77,"Forestry"
3171,77,"Forestry"
3173,77,"Forestry"
3175,77,"Forestry"
3176,77,"Forestry"
3177,77,"Forestry"
3178,77,"Forestry"
3181,77,"Forestry"
3182,77,"Forestry"
3188,77,"Forestry"
3189,77,"Forestry"
3190,77,"Forestry"
3194,77,"Forestry"
3196,77,"Forestry"
3197,77,"Forestry"
3199,77,"Forestry"
3200,77,"Forestry"
3205,77,"Forestry"
3252,77,"Forestry"
3203,77,"Forestry"
2360,77,"Forestry"
3248,77,"Forestry"
2883,77,"Forestry"
3062,77,"Forestry"
3075,77,"Forestry"
3060,77,"Forestry"
2887,77,"Forestry"
2891,77,"Forestry"
2871,77,"Forestry"
3290,77,"Forestry"
3235,77,"Forestry"
3272,77,"Forestry"
3277,77,"Forestry"
3259,77,"Forestry"
3247,77,"Forestry"
2917,77,"Forestry"
12074,77,"Forestry"
12073,77,"Forestry"
12087,77,"Forestry"
11861,77,"Forestry"
27353,77,"Forestry"
27351,77,"Forestry"
27355,77,"Forestry"
27111,77,"Forestry"
27327,77,"Forestry"
12091,77,"Forestry"
11859,77,"Forestry"
27362,77,"Forestry"
27112,77,"Forestry"
27364,77,"Forestry"
27080,77,"Forestry"
27309,77,"Forestry"
27061,77,"Forestry"
27365,77,"Forestry"
27366,77,"Forestry"
12107,77,"Forestry"
12104,77,"Forestry"
12106,77,"Forestry"
27620,77,"Forestry"
27631,77,"Forestry"
27433,77,"Forestry"
27614,77,"Forestry"
27416,77,"Forestry"
27618,77,"Forestry"
29454,77,"Forestry"
29455,77,"Forestry"
29456,77,"Forestry"
29636,77,"Forestry"
29640,77,"Forestry"
27434,77,"Forestry"
16629,77,"Forestry"
3209,77,"Forestry"
3221,77,"Forestry"
2472,77,"Forestry"
2529,77,"Forestry"
2366,77,"Forestry"
2374,77,"Forestry"
27057,77,"Forestry"
27616,77,"Forestry"
29439,77,"Forestry"
27413,77,"Forestry"
29441,77,"Forestry"
29663,77,"Forestry"
27399,77,"Forestry"
27585,77,"Forestry"
27562,77,"Forestry"
27296,77,"Forestry"
27412,77,"Forestry"
27592,77,"Forestry"
27593,77,"Forestry"
27600,77,"Forestry"
27601,77,"Forestry"
27602,77,"Forestry"
27603,77,"Forestry"
27141,77,"Forestry"
27400,77,"Forestry"
27401,77,"Forestry"
27404,77,"Forestry"
27405,77,"Forestry"
27406,77,"Forestry"
27408,77,"Forestry"
27409,77,"Forestry"
27587,77,"Forestry"
27588,77,"Forestry"
27589,77,"Forestry"
27594,77,"Forestry"
27596,77,"Forestry"
27598,77,"Forestry"
27599,77,"Forestry"
27411,77,"Forestry"
27441,77,"Forestry"
27444,77,"Forestry"
27653,77,"Forestry"
27655,77,"Forestry"
15039,77,"Forestry"
15040,77,"Forestry"
15046,77,"Forestry"
15047,77,"Forestry"
15050,77,"Forestry"
15065,77,"Forestry"
15066,77,"Forestry"
15054,77,"Forestry"
29450,77,"Forestry"
29451,77,"Forestry"
29655,77,"Forestry"
29444,77,"Forestry"
29649,77,"Forestry"
29630,77,"Forestry"
29632,77,"Forestry"
29633,77,"Forestry"
29635,77,"Forestry"
29639,77,"Forestry"
29643,77,"Forestry"
29644,77,"Forestry"
29645,77,"Forestry"
29648,77,"Forestry"
29694,77,"Forestry"
29652,77,"Forestry"
29661,77,"Forestry"
27395,77,"Forestry"
22871,77,"Forestry"
22863,77,"Forestry"
22864,77,"Forestry"
15035,77,"Forestry"
15036,77,"Forestry"
15038,77,"Forestry"
15064,77,"Forestry"
15037,77,"Forestry"
15052,77,"Forestry"
15053,77,"Forestry"
15055,77,"Forestry"
15057,77,"Forestry"
15058,77,"Forestry"
15059,77,"Forestry"
15060,77,"Forestry"
15061,77,"Forestry"
15062,77,"Forestry"
15063,77,"Forestry"
15051,77,"Forestry"
15049,77,"Forestry"
16919,77,"Forestry"
15116,77,"Forestry"
14873,77,"Forestry"
16363,77,"Forestry"
16911,77,"Forestry"
16674,77,"Forestry"
16641,77,"Forestry"
16634,77,"Forestry"
16635,77,"Forestry"
16917,77,"Forestry"
27091,77,"Forestry"
2976,69,"Forestry"
2966,69,"Forestry"
2967,69,"Forestry"
2963,69,"Forestry"
2974,69,"Forestry"
22868,69,"Forestry"
22869,69,"Forestry"
22837,69,"Forestry"
11873,69,"Forestry"
22849,69,"Forestry"
3134,69,"Forestry"
3139,69,"Forestry"
3115,69,"Forestry"
3186,69,"Forestry"
3114,69,"Forestry"
3187,69,"Forestry"
3251,69,"Forestry"
3085,69,"Forestry"
3087,69,"Forestry"
3101,69,"Forestry"
3102,69,"Forestry"
3103,69,"Forestry"
3113,69,"Forestry"
3116,69,"Forestry"
3120,69,"Forestry"
3121,69,"Forestry"
3140,69,"Forestry"
3141,69,"Forestry"
3142,69,"Forestry"
3143,69,"Forestry"
3144,69,"Forestry"
3145,69,"Forestry"
3152,69,"Forestry"
3153,69,"Forestry"
3154,69,"Forestry"
3155,69,"Forestry"
3162,69,"Forestry"
3163,69,"Forestry"
3164,69,"Forestry"
3165,69,"Forestry"
3166,69,"Forestry"
3167,69,"Forestry"
3168,69,"Forestry"
3169,69,"Forestry"
3170,69,"Forestry"
3171,69,"Forestry"
3172,69,"Forestry"
3173,69,"Forestry"
3174,69,"Forestry"
3175,69,"Forestry"
3176,69,"Forestry"
3177,69,"Forestry"
3178,69,"Forestry"
3179,69,"Forestry"
3180,69,"Forestry"
3181,69,"Forestry"
3182,69,"Forestry"
3183,69,"Forestry"
3184,69,"Forestry"
3185,69,"Forestry"
3188,69,"Forestry"
3189,69,"Forestry"
3190,69,"Forestry"
3191,69,"Forestry"
3192,69,"Forestry"
3193,69,"Forestry"
3194,69,"Forestry"
3195,69,"Forestry"
3196,69,"Forestry"
3197,69,"Forestry"
3198,69,"Forestry"
3199,69,"Forestry"
3200,69,"Forestry"
3201,69,"Forestry"
3205,69,"Forestry"
3252,69,"Forestry"
3203,69,"Forestry"
3151,69,"Forestry"
3158,69,"Forestry"
3160,69,"Forestry"
2360,69,"Forestry"
3248,69,"Forestry"
27053,69,"Forestry"
3100,69,"Forestry"
3097,69,"Forestry"
2883,69,"Forestry"
2880,69,"Forestry"
2885,69,"Forestry"
2886,69,"Forestry"
2898,69,"Forestry"
3062,69,"Forestry"
3075,69,"Forestry"
3060,69,"Forestry"
3061,69,"Forestry"
2887,69,"Forestry"
2891,69,"Forestry"
2871,69,"Forestry"
3289,69,"Forestry"
3290,69,"Forestry"
3074,69,"Forestry"
2888,69,"Forestry"
2892,69,"Forestry"
3291,69,"Forestry"
2953,69,"Forestry"
2938,69,"Forestry"
3278,69,"Forestry"
3232,69,"Forestry"
3233,69,"Forestry"
3235,69,"Forestry"
3272,69,"Forestry"
3277,69,"Forestry"
2357,69,"Forestry"
2951,69,"Forestry"
2952,69,"Forestry"
3239,69,"Forestry"
3244,69,"Forestry"
3259,69,"Forestry"
3247,69,"Forestry"
2954,69,"Forestry"
2899,69,"Forestry"
2917,69,"Forestry"
3263,69,"Forestry"
11630,69,"Forestry"
12074,69,"Forestry"
11888,69,"Forestry"
12073,69,"Forestry"
12087,69,"Forestry"
11861,69,"Forestry"
27100,69,"Forestry"
27353,69,"Forestry"
27351,69,"Forestry"
27352,69,"Forestry"
27355,69,"Forestry"
27111,69,"Forestry"
27098,69,"Forestry"
27327,69,"Forestry"
12094,69,"Forestry"
12091,69,"Forestry"
11859,69,"Forestry"
27103,69,"Forestry"
27362,69,"Forestry"
27109,69,"Forestry"
27112,69,"Forestry"
27364,69,"Forestry"
27080,69,"Forestry"
12095,69,"Forestry"
27309,69,"Forestry"
27061,69,"Forestry"
27113,69,"Forestry"
27365,69,"Forestry"
27366,69,"Forestry"
12107,69,"Forestry"
12096,69,"Forestry"
12104,69,"Forestry"
12093,69,"Forestry"
12105,69,"Forestry"
12106,69,"Forestry"
27063,69,"Forestry"
11803,69,"Forestry"
27086,69,"Forestry"
27064,69,"Forestry"
11853,69,"Forestry"
27620,69,"Forestry"
27429,69,"Forestry"
27430,69,"Forestry"
27631,69,"Forestry"
27433,69,"Forestry"
27421,69,"Forestry"
27614,69,"Forestry"
27386,69,"Forestry"
27416,69,"Forestry"
27618,69,"Forestry"
29454,69,"Forestry"
29455,69,"Forestry"
29456,69,"Forestry"
29636,69,"Forestry"
29640,69,"Forestry"
27434,69,"Forestry"
16629,69,"Forestry"
27095,69,"Forestry"
11824,69,"Forestry"
11605,69,"Forestry"
3225,69,"Forestry"
3209,69,"Forestry"
3222,69,"Forestry"
3221,69,"Forestry"
3249,69,"Forestry"
3220,69,"Forestry"
2472,69,"Forestry"
2528,69,"Forestry"
2529,69,"Forestry"
29653,69,"Forestry"
2365,69,"Forestry"
2366,69,"Forestry"
2367,69,"Forestry"
2374,69,"Forestry"
27057,69,"Forestry"
27060,69,"Forestry"
27415,69,"Forestry"
27610,69,"Forestry"
27616,69,"Forestry"
27617,69,"Forestry"
27317,69,"Forestry"
29439,69,"Forestry"
27413,69,"Forestry"
27604,69,"Forestry"
29441,69,"Forestry"
29663,69,"Forestry"
27399,69,"Forestry"
27403,69,"Forestry"
27585,69,"Forestry"
27558,69,"Forestry"
27560,69,"Forestry"
27559,69,"Forestry"
27561,69,"Forestry"
27562,69,"Forestry"
27296,69,"Forestry"
27412,69,"Forestry"
27586,69,"Forestry"
27592,69,"Forestry"
27593,69,"Forestry"
27600,69,"Forestry"
27601,69,"Forestry"
27602,69,"Forestry"
27603,69,"Forestry"
27137,69,"Forestry"
27141,69,"Forestry"
27398,69,"Forestry"
27400,69,"Forestry"
27401,69,"Forestry"
27402,69,"Forestry"
27404,69,"Forestry"
27405,69,"Forestry"
27406,69,"Forestry"
27407,69,"Forestry"
27408,69,"Forestry"
27409,69,"Forestry"
27587,69,"Forestry"
27588,69,"Forestry"
27589,69,"Forestry"
27590,69,"Forestry"
27591,69,"Forestry"
27594,69,"Forestry"
27595,69,"Forestry"
27596,69,"Forestry"
27597,69,"Forestry"
27598,69,"Forestry"
27599,69,"Forestry"
27411,69,"Forestry"
27441,69,"Forestry"
27442,69,"Forestry"
27443,69,"Forestry"
27444,69,"Forestry"
27652,69,"Forestry"
27653,69,"Forestry"
27654,69,"Forestry"
27655,69,"Forestry"
27656,69,"Forestry"
27373,69,"Forestry"
15132,69,"Forestry"
15039,69,"Forestry"
15040,69,"Forestry"
15045,69,"Forestry"
15046,69,"Forestry"
15047,69,"Forestry"
15050,69,"Forestry"
15048,69,"Forestry"
15065,69,"Forestry"
15066,69,"Forestry"
15098,69,"Forestry"
15054,69,"Forestry"
15074,69,"Forestry"
15105,69,"Forestry"
29449,69,"Forestry"
29450,69,"Forestry"
29451,69,"Forestry"
29654,69,"Forestry"
29655,69,"Forestry"
29656,69,"Forestry"
29657,69,"Forestry"
29440,69,"Forestry"
29651,69,"Forestry"
29444,69,"Forestry"
29445,69,"Forestry"
29447,69,"Forestry"
29658,69,"Forestry"
2532,69,"Forestry"
29649,69,"Forestry"
29630,69,"Forestry"
29631,69,"Forestry"
29632,69,"Forestry"
29633,69,"Forestry"
29635,69,"Forestry"
29638,69,"Forestry"
29639,69,"Forestry"
29642,69,"Forestry"
29643,69,"Forestry"
29644,69,"Forestry"
29645,69,"Forestry"
29646,69,"Forestry"
29648,69,"Forestry"
29694,69,"Forestry"
29650,69,"Forestry"
29652,69,"Forestry"
29661,69,"Forestry"
27440,69,"Forestry"
27395,69,"Forestry"
3090,69,"Forestry"
27295,69,"Forestry"
22866,69,"Forestry"
22861,69,"Forestry"
22862,69,"Forestry"
22871,69,"Forestry"
22863,69,"Forestry"
22816,69,"Forestry"
22854,69,"Forestry"
22864,69,"Forestry"
22865,69,"Forestry"
22870,69,"Forestry"
15035,69,"Forestry"
15036,69,"Forestry"
15038,69,"Forestry"
15064,69,"Forestry"
15037,69,"Forestry"
15052,69,"Forestry"
15053,69,"Forestry"
15055,69,"Forestry"
15056,69,"Forestry"
15057,69,"Forestry"
15058,69,"Forestry"
15059,69,"Forestry"
15060,69,"Forestry"
15061,69,"Forestry"
15062,69,"Forestry"
15063,69,"Forestry"
22893,69,"Forestry"
22642,69,"Forestry"
22848,69,"Forestry"
15051,69,"Forestry"
15073,69,"Forestry"
15049,69,"Forestry"
16919,69,"Forestry"
15078,69,"Forestry"
15116,69,"Forestry"
15106,69,"Forestry"
14870,69,"Forestry"
14873,69,"Forestry"
16363,69,"Forestry"
16366,69,"Forestry"
16911,69,"Forestry"
16674,69,"Forestry"
16907,69,"Forestry"
16641,69,"Forestry"
14876,69,"Forestry"
16367,69,"Forestry"
16368,69,"Forestry"
16369,69,"Forestry"
16370,69,"Forestry"
16634,69,"Forestry"
16635,69,"Forestry"
16381,69,"Forestry"
16916,69,"Forestry"
16917,69,"Forestry"
27090,69,"Forestry"
27091,69,"Forestry"
27312,69,"Forestry"
27313,69,"Forestry"
27301,69,"Forestry"
27303,69,"Forestry"
23776,71,"Fruit"
23786,71,"Fruit"
23789,71,"Fruit"
23790,71,"Fruit"
23796,71,"Fruit"
23797,71,"Fruit"
23798,71,"Fruit"
23799,71,"Fruit"
23800,71,"Fruit"
23801,71,"Fruit"
23802,71,"Fruit"
23803,71,"Fruit"
14873,71,"Fruit"
15126,71,"Fruit"
15128,71,"Fruit"
15135,71,"Fruit"
15136,71,"Fruit"
14880,71,"Fruit"
14881,71,"Fruit"
15295,71,"Fruit"
15298,71,"Fruit"
15300,71,"Fruit"
15099,71,"Fruit"
15046,71,"Fruit"
15098,71,"Fruit"
15105,71,"Fruit"
14875,71,"Fruit"
15116,71,"Fruit"
15117,71,"Fruit"
15118,71,"Fruit"
15100,71,"Fruit"
15101,71,"Fruit"
14860,71,"Fruit"
14864,71,"Fruit"
15122,71,"Fruit"
15110,71,"Fruit"
16975,71,"Fruit"
16976,71,"Fruit"
14870,71,"Fruit"
16921,71,"Fruit"
16923,71,"Fruit"
16924,71,"Fruit"
23776,72,"Fruit"
23786,72,"Fruit"
23789,72,"Fruit"
23790,72,"Fruit"
23796,72,"Fruit"
23797,72,"Fruit"
23798,72,"Fruit"
23799,72,"Fruit"
23800,72,"Fruit"
23801,72,"Fruit"
23802,72,"Fruit"
23803,72,"Fruit"
14873,72,"Fruit"
15126,72,"Fruit"
15128,72,"Fruit"
15135,72,"Fruit"
15136,72,"Fruit"
14880,72,"Fruit"
14881,72,"Fruit"
15295,72,"Fruit"
15298,72,"Fruit"
15300,72,"Fruit"
15099,72,"Fruit"
15046,72,"Fruit"
15098,72,"Fruit"
15105,72,"Fruit"
14875,72,"Fruit"
15116,72,"Fruit"
15117,72,"Fruit"
15118,72,"Fruit"
15100,72,"Fruit"
15101,72,"Fruit"
14860,72,"Fruit"
14864,72,"Fruit"
15122,72,"Fruit"
15110,72,"Fruit"
16975,72,"Fruit"
16976,72,"Fruit"
14870,72,"Fruit"
16921,72,"Fruit"
16923,72,"Fruit"
16924,72,"Fruit"
23776,78,"Fruit"
23786,78,"Fruit"
23789,78,"Fruit"
23790,78,"Fruit"
23796,78,"Fruit"
23797,78,"Fruit"
23798,78,"Fruit"
23799,78,"Fruit"
23800,78,"Fruit"
23801,78,"Fruit"
23802,78,"Fruit"
23803,78,"Fruit"
14873,78,"Fruit"
15126,78,"Fruit"
15128,78,"Fruit"
15135,78,"Fruit"
15136,78,"Fruit"
15140,78,"Fruit"
14880,78,"Fruit"
14881,78,"Fruit"
15295,78,"Fruit"
15298,78,"Fruit"
15300,78,"Fruit"
15099,78,"Fruit"
15046,78,"Fruit"
15098,78,"Fruit"
15105,78,"Fruit"
14875,78,"Fruit"
15116,78,"Fruit"
15117,78,"Fruit"
15118,78,"Fruit"
15119,78,"Fruit"
15100,78,"Fruit"
15101,78,"Fruit"
14860,78,"Fruit"
15104,78,"Fruit"
14864,78,"Fruit"
14874,78,"Fruit"
15122,78,"Fruit"
15110,78,"Fruit"
16975,78,"Fruit"
16976,78,"Fruit"
14870,78,"Fruit"
16921,78,"Fruit"
16922,78,"Fruit"
16923,78,"Fruit"
16924,78,"Fruit"
16674,78,"Fruit"
23776,70,"Fruit"
23786,70,"Fruit"
23790,70,"Fruit"
23796,70,"Fruit"
23797,70,"Fruit"
23798,70,"Fruit"
23799,70,"Fruit"
23800,70,"Fruit"
23801,70,"Fruit"
23802,70,"Fruit"
23803,70,"Fruit"
14873,70,"Fruit"
15135,70,"Fruit"
15136,70,"Fruit"
14880,70,"Fruit"
14881,70,"Fruit"
15295,70,"Fruit"
15298,70,"Fruit"
15300,70,"Fruit"
15099,70,"Fruit"
15098,70,"Fruit"
15105,70,"Fruit"
15117,70,"Fruit"
15100,70,"Fruit"
14860,70,"Fruit"
14864,70,"Fruit"
15122,70,"Fruit"
15110,70,"Fruit"
16975,70,"Fruit"
16976,70,"Fruit"
16921,70,"Fruit"
16923,70,"Fruit"
23776,73,"Fruit"
23786,73,"Fruit"
23789,73,"Fruit"
23790,73,"Fruit"
23796,73,"Fruit"
23797,73,"Fruit"
23798,73,"Fruit"
23799,73,"Fruit"
23800,73,"Fruit"
23801,73,"Fruit"
23802,73,"Fruit"
23803,73,"Fruit"
14873,73,"Fruit"
15135,73,"Fruit"
15136,73,"Fruit"
14880,73,"Fruit"
14881,73,"Fruit"
15295,73,"Fruit"
15298,73,"Fruit"
15300,73,"Fruit"
15099,73,"Fruit"
15098,73,"Fruit"
15105,73,"Fruit"
15117,73,"Fruit"
15100,73,"Fruit"
14860,73,"Fruit"
14864,73,"Fruit"
15122,73,"Fruit"
15110,73,"Fruit"
16975,73,"Fruit"
16976,73,"Fruit"
14870,73,"Fruit"
16921,73,"Fruit"
16923,73,"Fruit"
16924,73,"Fruit"
2980,79,"Sheepmeat"
2982,79,"Sheepmeat"
2938,79,"Sheepmeat"
2947,79,"Sheepmeat"
2976,79,"Sheepmeat"
2823,79,"Sheepmeat"
2986,79,"Sheepmeat"
2992,79,"Sheepmeat"
2991,79,"Sheepmeat"
2955,79,"Sheepmeat"
2962,79,"Sheepmeat"
2963,79,"Sheepmeat"
2925,79,"Sheepmeat"
2978,79,"Sheepmeat"
2966,79,"Sheepmeat"
2924,79,"Sheepmeat"
2935,79,"Sheepmeat"
2937,79,"Sheepmeat"
3273,79,"Sheepmeat"
2974,79,"Sheepmeat"
2356,79,"Sheepmeat"
2967,79,"Sheepmeat"
2355,79,"Sheepmeat"
2979,79,"Sheepmeat"
2983,79,"Sheepmeat"
2994,79,"Sheepmeat"
2995,79,"Sheepmeat"
2997,79,"Sheepmeat"
2996,79,"Sheepmeat"
3274,79,"Sheepmeat"
3275,79,"Sheepmeat"
3276,79,"Sheepmeat"
2953,79,"Sheepmeat"
2964,79,"Sheepmeat"
2969,79,"Sheepmeat"
3272,79,"Sheepmeat"
2343,79,"Sheepmeat"
2344,79,"Sheepmeat"
2346,79,"Sheepmeat"
2357,79,"Sheepmeat"
3251,79,"Sheepmeat"
3269,79,"Sheepmeat"
2349,79,"Sheepmeat"
2920,79,"Sheepmeat"
2358,79,"Sheepmeat"
22868,79,"Sheepmeat"
22814,79,"Sheepmeat"
22903,79,"Sheepmeat"
11866,79,"Sheepmeat"
11873,79,"Sheepmeat"
22837,79,"Sheepmeat"
22838,79,"Sheepmeat"
22845,79,"Sheepmeat"
22849,79,"Sheepmeat"
22854,79,"Sheepmeat"
22866,79,"Sheepmeat"
22844,79,"Sheepmeat"
11862,79,"Sheepmeat"
3146,79,"Sheepmeat"
3190,79,"Sheepmeat"
3204,79,"Sheepmeat"
3105,79,"Sheepmeat"
3148,79,"Sheepmeat"
2384,79,"Sheepmeat"
2414,79,"Sheepmeat"
3113,79,"Sheepmeat"
3160,79,"Sheepmeat"
3158,79,"Sheepmeat"
3203,79,"Sheepmeat"
3161,79,"Sheepmeat"
3254,79,"Sheepmeat"
3191,79,"Sheepmeat"
3192,79,"Sheepmeat"
3193,79,"Sheepmeat"
3116,79,"Sheepmeat"
3127,79,"Sheepmeat"
3130,79,"Sheepmeat"
3134,79,"Sheepmeat"
3209,79,"Sheepmeat"
3252,79,"Sheepmeat"
3244,79,"Sheepmeat"
3248,79,"Sheepmeat"
3250,79,"Sheepmeat"
3259,79,"Sheepmeat"
3260,79,"Sheepmeat"
3239,79,"Sheepmeat"
3222,79,"Sheepmeat"
3238,79,"Sheepmeat"
3139,79,"Sheepmeat"
3256,79,"Sheepmeat"
3087,79,"Sheepmeat"
3121,79,"Sheepmeat"
3122,79,"Sheepmeat"
27053,79,"Sheepmeat"
3083,79,"Sheepmeat"
3126,79,"Sheepmeat"
27309,79,"Sheepmeat"
3085,79,"Sheepmeat"
3089,79,"Sheepmeat"
27394,79,"Sheepmeat"
27395,79,"Sheepmeat"
27140,79,"Sheepmeat"
27557,79,"Sheepmeat"
27295,79,"Sheepmeat"
27312,79,"Sheepmeat"
27313,79,"Sheepmeat"
3088,79,"Sheepmeat"
3090,79,"Sheepmeat"
3100,79,"Sheepmeat"
3101,79,"Sheepmeat"
3103,79,"Sheepmeat"
3114,79,"Sheepmeat"
3187,79,"Sheepmeat"
3097,79,"Sheepmeat"
3106,79,"Sheepmeat"
3112,79,"Sheepmeat"
2415,79,"Sheepmeat"
2419,79,"Sheepmeat"
2428,79,"Sheepmeat"
2429,79,"Sheepmeat"
3125,79,"Sheepmeat"
3129,79,"Sheepmeat"
3095,79,"Sheepmeat"
3099,79,"Sheepmeat"
3104,79,"Sheepmeat"
3108,79,"Sheepmeat"
2430,79,"Sheepmeat"
2519,79,"Sheepmeat"
2531,79,"Sheepmeat"
11585,79,"Sheepmeat"
11586,79,"Sheepmeat"
2870,79,"Sheepmeat"
2893,79,"Sheepmeat"
2871,79,"Sheepmeat"
2880,79,"Sheepmeat"
2883,79,"Sheepmeat"
3062,79,"Sheepmeat"
3230,79,"Sheepmeat"
3061,79,"Sheepmeat"
3075,79,"Sheepmeat"
2898,79,"Sheepmeat"
2884,79,"Sheepmeat"
2888,79,"Sheepmeat"
2889,79,"Sheepmeat"
2891,79,"Sheepmeat"
2892,79,"Sheepmeat"
3289,79,"Sheepmeat"
2887,79,"Sheepmeat"
3290,79,"Sheepmeat"
2899,79,"Sheepmeat"
3225,79,"Sheepmeat"
3070,79,"Sheepmeat"
3066,79,"Sheepmeat"
3074,79,"Sheepmeat"
27057,79,"Sheepmeat"
3077,79,"Sheepmeat"
3078,79,"Sheepmeat"
2900,79,"Sheepmeat"
2916,79,"Sheepmeat"
27056,79,"Sheepmeat"
3063,79,"Sheepmeat"
3064,79,"Sheepmeat"
3076,79,"Sheepmeat"
2922,79,"Sheepmeat"
2917,79,"Sheepmeat"
3232,79,"Sheepmeat"
3233,79,"Sheepmeat"
3235,79,"Sheepmeat"
3278,79,"Sheepmeat"
3279,79,"Sheepmeat"
3131,79,"Sheepmeat"
3228,79,"Sheepmeat"
3296,79,"Sheepmeat"
3234,79,"Sheepmeat"
2941,79,"Sheepmeat"
3264,79,"Sheepmeat"
3265,79,"Sheepmeat"
3266,79,"Sheepmeat"
3267,79,"Sheepmeat"
2940,79,"Sheepmeat"
2948,79,"Sheepmeat"
3236,79,"Sheepmeat"
3298,79,"Sheepmeat"
2895,79,"Sheepmeat"
2896,79,"Sheepmeat"
2949,79,"Sheepmeat"
2950,79,"Sheepmeat"
2954,79,"Sheepmeat"
2942,79,"Sheepmeat"
3277,79,"Sheepmeat"
3223,79,"Sheepmeat"
3237,79,"Sheepmeat"
3221,79,"Sheepmeat"
3262,79,"Sheepmeat"
2360,79,"Sheepmeat"
11871,79,"Sheepmeat"
11624,79,"Sheepmeat"
11889,79,"Sheepmeat"
11626,79,"Sheepmeat"
11884,79,"Sheepmeat"
11630,79,"Sheepmeat"
12074,79,"Sheepmeat"
12073,79,"Sheepmeat"
12087,79,"Sheepmeat"
11861,79,"Sheepmeat"
11867,79,"Sheepmeat"
27353,79,"Sheepmeat"
27355,79,"Sheepmeat"
11859,79,"Sheepmeat"
12107,79,"Sheepmeat"
27343,79,"Sheepmeat"
27100,79,"Sheepmeat"
12094,79,"Sheepmeat"
27362,79,"Sheepmeat"
11615,79,"Sheepmeat"
11616,79,"Sheepmeat"
12091,79,"Sheepmeat"
11620,79,"Sheepmeat"
11860,79,"Sheepmeat"
11868,79,"Sheepmeat"
11869,79,"Sheepmeat"
12093,79,"Sheepmeat"
12095,79,"Sheepmeat"
12096,79,"Sheepmeat"
12104,79,"Sheepmeat"
11619,79,"Sheepmeat"
12118,79,"Sheepmeat"
27097,79,"Sheepmeat"
27107,79,"Sheepmeat"
27351,79,"Sheepmeat"
27102,79,"Sheepmeat"
27104,79,"Sheepmeat"
27354,79,"Sheepmeat"
11876,79,"Sheepmeat"
12092,79,"Sheepmeat"
12103,79,"Sheepmeat"
12119,79,"Sheepmeat"
27363,79,"Sheepmeat"
27112,79,"Sheepmeat"
27109,79,"Sheepmeat"
27113,79,"Sheepmeat"
27106,79,"Sheepmeat"
27108,79,"Sheepmeat"
27359,79,"Sheepmeat"
27360,79,"Sheepmeat"
27361,79,"Sheepmeat"
22848,79,"Sheepmeat"
22846,79,"Sheepmeat"
22847,79,"Sheepmeat"
22663,79,"Sheepmeat"
11610,79,"Sheepmeat"
12105,79,"Sheepmeat"
12106,79,"Sheepmeat"
12121,79,"Sheepmeat"
27063,79,"Sheepmeat"
27365,79,"Sheepmeat"
11853,79,"Sheepmeat"
11804,79,"Sheepmeat"
11805,79,"Sheepmeat"
11594,79,"Sheepmeat"
11595,79,"Sheepmeat"
11803,79,"Sheepmeat"
27086,79,"Sheepmeat"
27327,79,"Sheepmeat"
27328,79,"Sheepmeat"
27329,79,"Sheepmeat"
27330,79,"Sheepmeat"
27095,79,"Sheepmeat"
27344,79,"Sheepmeat"
27350,79,"Sheepmeat"
27070,79,"Sheepmeat"
27074,79,"Sheepmeat"
27302,79,"Sheepmeat"
27310,79,"Sheepmeat"
27311,79,"Sheepmeat"
27315,79,"Sheepmeat"
27308,79,"Sheepmeat"
27064,79,"Sheepmeat"
27316,79,"Sheepmeat"
11819,79,"Sheepmeat"
11821,79,"Sheepmeat"
11824,79,"Sheepmeat"
11601,79,"Sheepmeat"
11602,79,"Sheepmeat"
11605,79,"Sheepmeat"
11844,79,"Sheepmeat"
27300,79,"Sheepmeat"
27301,79,"Sheepmeat"
27307,79,"Sheepmeat"
27075,79,"Sheepmeat"
27071,79,"Sheepmeat"
27073,79,"Sheepmeat"
27072,79,"Sheepmeat"
27089,79,"Sheepmeat"
27324,79,"Sheepmeat"
11888,79,"Sheepmeat"
11895,79,"Sheepmeat"
27090,79,"Sheepmeat"
27096,79,"Sheepmeat"
27094,79,"Sheepmeat"
27427,79,"Sheepmeat"
27629,79,"Sheepmeat"
27429,79,"Sheepmeat"
27430,79,"Sheepmeat"
27631,79,"Sheepmeat"
27650,79,"Sheepmeat"
27426,79,"Sheepmeat"
27436,79,"Sheepmeat"
27437,79,"Sheepmeat"
16629,79,"Sheepmeat"
27620,79,"Sheepmeat"
27632,79,"Sheepmeat"
27433,79,"Sheepmeat"
27434,79,"Sheepmeat"
29636,79,"Sheepmeat"
29456,79,"Sheepmeat"
27088,79,"Sheepmeat"
27386,79,"Sheepmeat"
27425,79,"Sheepmeat"
27092,79,"Sheepmeat"
27332,79,"Sheepmeat"
27614,79,"Sheepmeat"
27616,79,"Sheepmeat"
27617,79,"Sheepmeat"
27416,79,"Sheepmeat"
27421,79,"Sheepmeat"
27618,79,"Sheepmeat"
27339,79,"Sheepmeat"
15074,79,"Sheepmeat"
11822,79,"Sheepmeat"
11836,79,"Sheepmeat"
11825,79,"Sheepmeat"
16367,79,"Sheepmeat"
16368,79,"Sheepmeat"
16370,79,"Sheepmeat"
16371,79,"Sheepmeat"
16379,79,"Sheepmeat"
16633,79,"Sheepmeat"
16634,79,"Sheepmeat"
27087,79,"Sheepmeat"
27093,79,"Sheepmeat"
27338,79,"Sheepmeat"
27345,79,"Sheepmeat"
27387,79,"Sheepmeat"
29646,79,"Sheepmeat"
29648,79,"Sheepmeat"
29650,79,"Sheepmeat"
29439,79,"Sheepmeat"
29440,79,"Sheepmeat"
29651,79,"Sheepmeat"
29441,79,"Sheepmeat"
29454,79,"Sheepmeat"
27610,79,"Sheepmeat"
27419,79,"Sheepmeat"
27634,79,"Sheepmeat"
27639,79,"Sheepmeat"
27640,79,"Sheepmeat"
27641,79,"Sheepmeat"
27651,79,"Sheepmeat"
27435,79,"Sheepmeat"
3219,79,"Sheepmeat"
3206,79,"Sheepmeat"
2402,79,"Sheepmeat"
2407,79,"Sheepmeat"
2476,79,"Sheepmeat"
2473,79,"Sheepmeat"
2475,79,"Sheepmeat"
2472,79,"Sheepmeat"
2471,79,"Sheepmeat"
2388,79,"Sheepmeat"
2392,79,"Sheepmeat"
2395,79,"Sheepmeat"
2505,79,"Sheepmeat"
2521,79,"Sheepmeat"
2528,79,"Sheepmeat"
29659,79,"Sheepmeat"
2362,79,"Sheepmeat"
2363,79,"Sheepmeat"
2371,79,"Sheepmeat"
2372,79,"Sheepmeat"
2374,79,"Sheepmeat"
2368,79,"Sheepmeat"
2370,79,"Sheepmeat"
2376,79,"Sheepmeat"
2377,79,"Sheepmeat"
2379,79,"Sheepmeat"
2382,79,"Sheepmeat"
2383,79,"Sheepmeat"
2385,79,"Sheepmeat"
2386,79,"Sheepmeat"
2387,79,"Sheepmeat"
11892,79,"Sheepmeat"
27058,79,"Sheepmeat"
2406,79,"Sheepmeat"
2409,79,"Sheepmeat"
2410,79,"Sheepmeat"
2411,79,"Sheepmeat"
2412,79,"Sheepmeat"
2413,79,"Sheepmeat"
2416,79,"Sheepmeat"
2417,79,"Sheepmeat"
2418,79,"Sheepmeat"
2420,79,"Sheepmeat"
2421,79,"Sheepmeat"
2422,79,"Sheepmeat"
2423,79,"Sheepmeat"
2425,79,"Sheepmeat"
2426,79,"Sheepmeat"
2427,79,"Sheepmeat"
2444,79,"Sheepmeat"
2445,79,"Sheepmeat"
2499,79,"Sheepmeat"
2500,79,"Sheepmeat"
2501,79,"Sheepmeat"
2502,79,"Sheepmeat"
2503,79,"Sheepmeat"
2516,79,"Sheepmeat"
2517,79,"Sheepmeat"
2518,79,"Sheepmeat"
2522,79,"Sheepmeat"
2523,79,"Sheepmeat"
2524,79,"Sheepmeat"
2525,79,"Sheepmeat"
2526,79,"Sheepmeat"
27054,79,"Sheepmeat"
27059,79,"Sheepmeat"
27060,79,"Sheepmeat"
27061,79,"Sheepmeat"
27062,79,"Sheepmeat"
27080,79,"Sheepmeat"
11608,79,"Sheepmeat"
11856,79,"Sheepmeat"
11613,79,"Sheepmeat"
27066,79,"Sheepmeat"
22899,79,"Sheepmeat"
27415,79,"Sheepmeat"
27410,79,"Sheepmeat"
27413,79,"Sheepmeat"
27607,79,"Sheepmeat"
27608,79,"Sheepmeat"
27412,79,"Sheepmeat"
27414,79,"Sheepmeat"
29663,79,"Sheepmeat"
27560,79,"Sheepmeat"
27562,79,"Sheepmeat"
27585,79,"Sheepmeat"
27581,79,"Sheepmeat"
27296,79,"Sheepmeat"
27586,79,"Sheepmeat"
27569,79,"Sheepmeat"
27573,79,"Sheepmeat"
27604,79,"Sheepmeat"
27606,79,"Sheepmeat"
27317,79,"Sheepmeat"
27379,79,"Sheepmeat"
27370,79,"Sheepmeat"
27118,79,"Sheepmeat"
23799,79,"Sheepmeat"
15299,79,"Sheepmeat"
15045,79,"Sheepmeat"
15048,79,"Sheepmeat"
15049,79,"Sheepmeat"
15050,79,"Sheepmeat"
15097,79,"Sheepmeat"
15092,79,"Sheepmeat"
15047,79,"Sheepmeat"
15067,79,"Sheepmeat"
14864,79,"Sheepmeat"
15105,79,"Sheepmeat"
14875,79,"Sheepmeat"
15104,79,"Sheepmeat"
15116,79,"Sheepmeat"
14879,79,"Sheepmeat"
15132,79,"Sheepmeat"
15138,79,"Sheepmeat"
29652,79,"Sheepmeat"
29442,79,"Sheepmeat"
29452,79,"Sheepmeat"
29453,79,"Sheepmeat"
29443,79,"Sheepmeat"
29444,79,"Sheepmeat"
29447,79,"Sheepmeat"
30892,79,"Sheepmeat"
29653,79,"Sheepmeat"
29656,79,"Sheepmeat"
29654,79,"Sheepmeat"
29661,79,"Sheepmeat"
27439,79,"Sheepmeat"
27440,79,"Sheepmeat"
30673,79,"Sheepmeat"
29649,79,"Sheepmeat"
30893,79,"Sheepmeat"
30890,79,"Sheepmeat"
29449,79,"Sheepmeat"
27137,79,"Sheepmeat"
27399,79,"Sheepmeat"
29446,79,"Sheepmeat"
29448,79,"Sheepmeat"
29662,79,"Sheepmeat"
29695,79,"Sheepmeat"
27131,79,"Sheepmeat"
27132,79,"Sheepmeat"
22629,79,"Sheepmeat"
22622,79,"Sheepmeat"
22631,79,"Sheepmeat"
22632,79,"Sheepmeat"
22637,79,"Sheepmeat"
22856,79,"Sheepmeat"
22863,79,"Sheepmeat"
22871,79,"Sheepmeat"
22862,79,"Sheepmeat"
22639,79,"Sheepmeat"
22877,79,"Sheepmeat"
22638,79,"Sheepmeat"
15102,79,"Sheepmeat"
22816,79,"Sheepmeat"
22872,79,"Sheepmeat"
22902,79,"Sheepmeat"
15103,79,"Sheepmeat"
22874,79,"Sheepmeat"
15064,79,"Sheepmeat"
22882,79,"Sheepmeat"
22883,79,"Sheepmeat"
22888,79,"Sheepmeat"
22893,79,"Sheepmeat"
15068,79,"Sheepmeat"
15306,79,"Sheepmeat"
22894,79,"Sheepmeat"
22895,79,"Sheepmeat"
22653,79,"Sheepmeat"
22659,79,"Sheepmeat"
11870,79,"Sheepmeat"
14865,79,"Sheepmeat"
15044,79,"Sheepmeat"
15076,79,"Sheepmeat"
15091,79,"Sheepmeat"
15095,79,"Sheepmeat"
15101,79,"Sheepmeat"
15122,79,"Sheepmeat"
27101,79,"Sheepmeat"
27103,79,"Sheepmeat"
22905,79,"Sheepmeat"
15106,79,"Sheepmeat"
16919,79,"Sheepmeat"
14868,79,"Sheepmeat"
14870,79,"Sheepmeat"
16976,79,"Sheepmeat"
14873,79,"Sheepmeat"
14876,79,"Sheepmeat"
14878,79,"Sheepmeat"
15121,79,"Sheepmeat"
16924,79,"Sheepmeat"
15051,79,"Sheepmeat"
16363,79,"Sheepmeat"
16365,79,"Sheepmeat"
16366,79,"Sheepmeat"
16635,79,"Sheepmeat"
16974,79,"Sheepmeat"
15073,79,"Sheepmeat"
16674,79,"Sheepmeat"
16901,79,"Sheepmeat"
16907,79,"Sheepmeat"
16920,79,"Sheepmeat"
16927,79,"Sheepmeat"
16929,79,"Sheepmeat"
16641,79,"Sheepmeat"
16381,79,"Sheepmeat"
16383,79,"Sheepmeat"
27305,79,"Sheepmeat"
27069,79,"Sheepmeat"
27077,79,"Sheepmeat"
27078,79,"Sheepmeat"
27079,79,"Sheepmeat"
2980,65,"Sheepmeat"
2982,65,"Sheepmeat"
2938,65,"Sheepmeat"
2947,65,"Sheepmeat"
2976,65,"Sheepmeat"
2823,65,"Sheepmeat"
2986,65,"Sheepmeat"
2992,65,"Sheepmeat"
2991,65,"Sheepmeat"
2955,65,"Sheepmeat"
2962,65,"Sheepmeat"
2963,65,"Sheepmeat"
2925,65,"Sheepmeat"
2978,65,"Sheepmeat"
2966,65,"Sheepmeat"
2924,65,"Sheepmeat"
2935,65,"Sheepmeat"
2937,65,"Sheepmeat"
3273,65,"Sheepmeat"
2974,65,"Sheepmeat"
2356,65,"Sheepmeat"
2967,65,"Sheepmeat"
2355,65,"Sheepmeat"
2979,65,"Sheepmeat"
2983,65,"Sheepmeat"
2994,65,"Sheepmeat"
2995,65,"Sheepmeat"
2997,65,"Sheepmeat"
2996,65,"Sheepmeat"
3274,65,"Sheepmeat"
3275,65,"Sheepmeat"
3276,65,"Sheepmeat"
2953,65,"Sheepmeat"
2964,65,"Sheepmeat"
2969,65,"Sheepmeat"
3272,65,"Sheepmeat"
2343,65,"Sheepmeat"
2346,65,"Sheepmeat"
2357,65,"Sheepmeat"
3251,65,"Sheepmeat"
3269,65,"Sheepmeat"
2349,65,"Sheepmeat"
2920,65,"Sheepmeat"
2358,65,"Sheepmeat"
22868,65,"Sheepmeat"
22814,65,"Sheepmeat"
22903,65,"Sheepmeat"
11866,65,"Sheepmeat"
11873,65,"Sheepmeat"
22837,65,"Sheepmeat"
22838,65,"Sheepmeat"
22845,65,"Sheepmeat"
22849,65,"Sheepmeat"
22854,65,"Sheepmeat"
22866,65,"Sheepmeat"
22844,65,"Sheepmeat"
11862,65,"Sheepmeat"
3146,65,"Sheepmeat"
3190,65,"Sheepmeat"
3204,65,"Sheepmeat"
3105,65,"Sheepmeat"
3148,65,"Sheepmeat"
2384,65,"Sheepmeat"
2414,65,"Sheepmeat"
3113,65,"Sheepmeat"
3160,65,"Sheepmeat"
3158,65,"Sheepmeat"
3203,65,"Sheepmeat"
3254,65,"Sheepmeat"
3192,65,"Sheepmeat"
3193,65,"Sheepmeat"
3116,65,"Sheepmeat"
3127,65,"Sheepmeat"
3130,65,"Sheepmeat"
3134,65,"Sheepmeat"
3209,65,"Sheepmeat"
3252,65,"Sheepmeat"
3244,65,"Sheepmeat"
3248,65,"Sheepmeat"
3250,65,"Sheepmeat"
3259,65,"Sheepmeat"
3260,65,"Sheepmeat"
3239,65,"Sheepmeat"
3222,65,"Sheepmeat"
3238,65,"Sheepmeat"
3139,65,"Sheepmeat"
3256,65,"Sheepmeat"
3087,65,"Sheepmeat"
3121,65,"Sheepmeat"
3122,65,"Sheepmeat"
27053,65,"Sheepmeat"
3083,65,"Sheepmeat"
3126,65,"Sheepmeat"
27309,65,"Sheepmeat"
3085,65,"Sheepmeat"
3089,65,"Sheepmeat"
27394,65,"Sheepmeat"
27395,65,"Sheepmeat"
27140,65,"Sheepmeat"
27557,65,"Sheepmeat"
27295,65,"Sheepmeat"
27312,65,"Sheepmeat"
27313,65,"Sheepmeat"
3088,65,"Sheepmeat"
3090,65,"Sheepmeat"
3100,65,"Sheepmeat"
3101,65,"Sheepmeat"
3103,65,"Sheepmeat"
3114,65,"Sheepmeat"
3187,65,"Sheepmeat"
3097,65,"Sheepmeat"
3106,65,"Sheepmeat"
3112,65,"Sheepmeat"
2415,65,"Sheepmeat"
2419,65,"Sheepmeat"
2428,65,"Sheepmeat"
2429,65,"Sheepmeat"
3125,65,"Sheepmeat"
3129,65,"Sheepmeat"
3095,65,"Sheepmeat"
3099,65,"Sheepmeat"
3104,65,"Sheepmeat"
3108,65,"Sheepmeat"
2430,65,"Sheepmeat"
2519,65,"Sheepmeat"
2531,65,"Sheepmeat"
11585,65,"Sheepmeat"
11586,65,"Sheepmeat"
2870,65,"Sheepmeat"
2893,65,"Sheepmeat"
2871,65,"Sheepmeat"
2880,65,"Sheepmeat"
2883,65,"Sheepmeat"
3062,65,"Sheepmeat"
3230,65,"Sheepmeat"
3061,65,"Sheepmeat"
3075,65,"Sheepmeat"
2898,65,"Sheepmeat"
2884,65,"Sheepmeat"
2888,65,"Sheepmeat"
2889,65,"Sheepmeat"
2891,65,"Sheepmeat"
2892,65,"Sheepmeat"
3289,65,"Sheepmeat"
2887,65,"Sheepmeat"
3290,65,"Sheepmeat"
2899,65,"Sheepmeat"
3225,65,"Sheepmeat"
3070,65,"Sheepmeat"
3066,65,"Sheepmeat"
3074,65,"Sheepmeat"
27057,65,"Sheepmeat"
3077,65,"Sheepmeat"
3078,65,"Sheepmeat"
2900,65,"Sheepmeat"
2916,65,"Sheepmeat"
27056,65,"Sheepmeat"
3063,65,"Sheepmeat"
3064,65,"Sheepmeat"
3076,65,"Sheepmeat"
2922,65,"Sheepmeat"
2917,65,"Sheepmeat"
3232,65,"Sheepmeat"
3233,65,"Sheepmeat"
3235,65,"Sheepmeat"
3278,65,"Sheepmeat"
3279,65,"Sheepmeat"
3131,65,"Sheepmeat"
3296,65,"Sheepmeat"
3234,65,"Sheepmeat"
2941,65,"Sheepmeat"
3264,65,"Sheepmeat"
3265,65,"Sheepmeat"
3266,65,"Sheepmeat"
2940,65,"Sheepmeat"
2948,65,"Sheepmeat"
3236,65,"Sheepmeat"
3298,65,"Sheepmeat"
2895,65,"Sheepmeat"
2896,65,"Sheepmeat"
2949,65,"Sheepmeat"
2950,65,"Sheepmeat"
2954,65,"Sheepmeat"
2942,65,"Sheepmeat"
3277,65,"Sheepmeat"
3223,65,"Sheepmeat"
3237,65,"Sheepmeat"
3221,65,"Sheepmeat"
3262,65,"Sheepmeat"
2360,65,"Sheepmeat"
11871,65,"Sheepmeat"
11624,65,"Sheepmeat"
11889,65,"Sheepmeat"
11626,65,"Sheepmeat"
11884,65,"Sheepmeat"
11630,65,"Sheepmeat"
12074,65,"Sheepmeat"
12073,65,"Sheepmeat"
12087,65,"Sheepmeat"
11861,65,"Sheepmeat"
11867,65,"Sheepmeat"
27353,65,"Sheepmeat"
27355,65,"Sheepmeat"
11859,65,"Sheepmeat"
12107,65,"Sheepmeat"
27343,65,"Sheepmeat"
27100,65,"Sheepmeat"
12094,65,"Sheepmeat"
27362,65,"Sheepmeat"
11616,65,"Sheepmeat"
12091,65,"Sheepmeat"
11620,65,"Sheepmeat"
11860,65,"Sheepmeat"
11868,65,"Sheepmeat"
11869,65,"Sheepmeat"
12093,65,"Sheepmeat"
12095,65,"Sheepmeat"
12096,65,"Sheepmeat"
12104,65,"Sheepmeat"
11619,65,"Sheepmeat"
12118,65,"Sheepmeat"
27097,65,"Sheepmeat"
27107,65,"Sheepmeat"
27351,65,"Sheepmeat"
27102,65,"Sheepmeat"
27104,65,"Sheepmeat"
27354,65,"Sheepmeat"
11876,65,"Sheepmeat"
12092,65,"Sheepmeat"
12103,65,"Sheepmeat"
12119,65,"Sheepmeat"
27363,65,"Sheepmeat"
27109,65,"Sheepmeat"
27113,65,"Sheepmeat"
27106,65,"Sheepmeat"
27108,65,"Sheepmeat"
27359,65,"Sheepmeat"
27360,65,"Sheepmeat"
27361,65,"Sheepmeat"
22848,65,"Sheepmeat"
22846,65,"Sheepmeat"
22847,65,"Sheepmeat"
22663,65,"Sheepmeat"
11610,65,"Sheepmeat"
12105,65,"Sheepmeat"
12106,65,"Sheepmeat"
12121,65,"Sheepmeat"
27063,65,"Sheepmeat"
27365,65,"Sheepmeat"
11853,65,"Sheepmeat"
11804,65,"Sheepmeat"
11805,65,"Sheepmeat"
11594,65,"Sheepmeat"
11595,65,"Sheepmeat"
11803,65,"Sheepmeat"
27086,65,"Sheepmeat"
27327,65,"Sheepmeat"
27328,65,"Sheepmeat"
27329,65,"Sheepmeat"
27330,65,"Sheepmeat"
27095,65,"Sheepmeat"
27344,65,"Sheepmeat"
27350,65,"Sheepmeat"
27070,65,"Sheepmeat"
27074,65,"Sheepmeat"
27302,65,"Sheepmeat"
27310,65,"Sheepmeat"
27311,65,"Sheepmeat"
27315,65,"Sheepmeat"
27308,65,"Sheepmeat"
27064,65,"Sheepmeat"
27316,65,"Sheepmeat"
11819,65,"Sheepmeat"
11821,65,"Sheepmeat"
11824,65,"Sheepmeat"
11601,65,"Sheepmeat"
11602,65,"Sheepmeat"
11605,65,"Sheepmeat"
11844,65,"Sheepmeat"
27300,65,"Sheepmeat"
27301,65,"Sheepmeat"
27307,65,"Sheepmeat"
27075,65,"Sheepmeat"
27071,65,"Sheepmeat"
27073,65,"Sheepmeat"
27072,65,"Sheepmeat"
27089,65,"Sheepmeat"
27324,65,"Sheepmeat"
11888,65,"Sheepmeat"
11895,65,"Sheepmeat"
27090,65,"Sheepmeat"
27096,65,"Sheepmeat"
27094,65,"Sheepmeat"
27427,65,"Sheepmeat"
27629,65,"Sheepmeat"
27429,65,"Sheepmeat"
27430,65,"Sheepmeat"
27631,65,"Sheepmeat"
27650,65,"Sheepmeat"
27426,65,"Sheepmeat"
27436,65,"Sheepmeat"
27437,65,"Sheepmeat"
16629,65,"Sheepmeat"
27620,65,"Sheepmeat"
27632,65,"Sheepmeat"
27433,65,"Sheepmeat"
27434,65,"Sheepmeat"
29636,65,"Sheepmeat"
29456,65,"Sheepmeat"
27088,65,"Sheepmeat"
27386,65,"Sheepmeat"
27425,65,"Sheepmeat"
27092,65,"Sheepmeat"
27332,65,"Sheepmeat"
27614,65,"Sheepmeat"
27616,65,"Sheepmeat"
27617,65,"Sheepmeat"
27416,65,"Sheepmeat"
27421,65,"Sheepmeat"
27618,65,"Sheepmeat"
27339,65,"Sheepmeat"
15074,65,"Sheepmeat"
11822,65,"Sheepmeat"
11836,65,"Sheepmeat"
11825,65,"Sheepmeat"
16367,65,"Sheepmeat"
16368,65,"Sheepmeat"
16370,65,"Sheepmeat"
16371,65,"Sheepmeat"
16379,65,"Sheepmeat"
16633,65,"Sheepmeat"
16634,65,"Sheepmeat"
27087,65,"Sheepmeat"
27093,65,"Sheepmeat"
27338,65,"Sheepmeat"
27345,65,"Sheepmeat"
27387,65,"Sheepmeat"
29646,65,"Sheepmeat"
29648,65,"Sheepmeat"
29650,65,"Sheepmeat"
29439,65,"Sheepmeat"
29440,65,"Sheepmeat"
29651,65,"Sheepmeat"
29441,65,"Sheepmeat"
29454,65,"Sheepmeat"
27610,65,"Sheepmeat"
27419,65,"Sheepmeat"
27634,65,"Sheepmeat"
27639,65,"Sheepmeat"
27640,65,"Sheepmeat"
27641,65,"Sheepmeat"
27651,65,"Sheepmeat"
27435,65,"Sheepmeat"
3219,65,"Sheepmeat"
3206,65,"Sheepmeat"
2402,65,"Sheepmeat"
2407,65,"Sheepmeat"
2476,65,"Sheepmeat"
2473,65,"Sheepmeat"
2472,65,"Sheepmeat"
2388,65,"Sheepmeat"
2392,65,"Sheepmeat"
2395,65,"Sheepmeat"
2505,65,"Sheepmeat"
2521,65,"Sheepmeat"
2528,65,"Sheepmeat"
29659,65,"Sheepmeat"
2362,65,"Sheepmeat"
2363,65,"Sheepmeat"
2371,65,"Sheepmeat"
2372,65,"Sheepmeat"
2374,65,"Sheepmeat"
2368,65,"Sheepmeat"
2370,65,"Sheepmeat"
2376,65,"Sheepmeat"
2377,65,"Sheepmeat"
2379,65,"Sheepmeat"
2382,65,"Sheepmeat"
2383,65,"Sheepmeat"
2385,65,"Sheepmeat"
2386,65,"Sheepmeat"
2387,65,"Sheepmeat"
11892,65,"Sheepmeat"
27058,65,"Sheepmeat"
2406,65,"Sheepmeat"
2409,65,"Sheepmeat"
2410,65,"Sheepmeat"
2411,65,"Sheepmeat"
2412,65,"Sheepmeat"
2413,65,"Sheepmeat"
2416,65,"Sheepmeat"
2417,65,"Sheepmeat"
2418,65,"Sheepmeat"
2420,65,"Sheepmeat"
2421,65,"Sheepmeat"
2422,65,"Sheepmeat"
2423,65,"Sheepmeat"
2425,65,"Sheepmeat"
2426,65,"Sheepmeat"
2427,65,"Sheepmeat"
2499,65,"Sheepmeat"
2500,65,"Sheepmeat"
2501,65,"Sheepmeat"
2502,65,"Sheepmeat"
2503,65,"Sheepmeat"
2516,65,"Sheepmeat"
2517,65,"Sheepmeat"
2518,65,"Sheepmeat"
2522,65,"Sheepmeat"
2523,65,"Sheepmeat"
2524,65,"Sheepmeat"
2525,65,"Sheepmeat"
2526,65,"Sheepmeat"
27054,65,"Sheepmeat"
27059,65,"Sheepmeat"
27060,65,"Sheepmeat"
27061,65,"Sheepmeat"
27062,65,"Sheepmeat"
27080,65,"Sheepmeat"
11608,65,"Sheepmeat"
11613,65,"Sheepmeat"
27066,65,"Sheepmeat"
22899,65,"Sheepmeat"
27415,65,"Sheepmeat"
27410,65,"Sheepmeat"
27413,65,"Sheepmeat"
27607,65,"Sheepmeat"
27608,65,"Sheepmeat"
27412,65,"Sheepmeat"
27414,65,"Sheepmeat"
29663,65,"Sheepmeat"
27560,65,"Sheepmeat"
27562,65,"Sheepmeat"
27585,65,"Sheepmeat"
27581,65,"Sheepmeat"
27296,65,"Sheepmeat"
27586,65,"Sheepmeat"
27569,65,"Sheepmeat"
27573,65,"Sheepmeat"
27604,65,"Sheepmeat"
27606,65,"Sheepmeat"
27317,65,"Sheepmeat"
27379,65,"Sheepmeat"
27370,65,"Sheepmeat"
27118,65,"Sheepmeat"
23799,65,"Sheepmeat"
15299,65,"Sheepmeat"
15045,65,"Sheepmeat"
15048,65,"Sheepmeat"
15049,65,"Sheepmeat"
15050,65,"Sheepmeat"
15097,65,"Sheepmeat"
15092,65,"Sheepmeat"
15047,65,"Sheepmeat"
15067,65,"Sheepmeat"
14864,65,"Sheepmeat"
15105,65,"Sheepmeat"
14875,65,"Sheepmeat"
15104,65,"Sheepmeat"
15116,65,"Sheepmeat"
14879,65,"Sheepmeat"
15132,65,"Sheepmeat"
15138,65,"Sheepmeat"
29652,65,"Sheepmeat"
29442,65,"Sheepmeat"
29452,65,"Sheepmeat"
29453,65,"Sheepmeat"
29443,65,"Sheepmeat"
29444,65,"Sheepmeat"
29447,65,"Sheepmeat"
30892,65,"Sheepmeat"
29653,65,"Sheepmeat"
29656,65,"Sheepmeat"
29654,65,"Sheepmeat"
29661,65,"Sheepmeat"
27439,65,"Sheepmeat"
27440,65,"Sheepmeat"
30673,65,"Sheepmeat"
29649,65,"Sheepmeat"
30893,65,"Sheepmeat"
30890,65,"Sheepmeat"
27137,65,"Sheepmeat"
27399,65,"Sheepmeat"
29446,65,"Sheepmeat"
29448,65,"Sheepmeat"
29662,65,"Sheepmeat"
29695,65,"Sheepmeat"
27131,65,"Sheepmeat"
27132,65,"Sheepmeat"
22629,65,"Sheepmeat"
22622,65,"Sheepmeat"
22631,65,"Sheepmeat"
22632,65,"Sheepmeat"
22637,65,"Sheepmeat"
22856,65,"Sheepmeat"
22863,65,"Sheepmeat"
22871,65,"Sheepmeat"
22862,65,"Sheepmeat"
22639,65,"Sheepmeat"
22877,65,"Sheepmeat"
22638,65,"Sheepmeat"
15102,65,"Sheepmeat"
22816,65,"Sheepmeat"
22872,65,"Sheepmeat"
22902,65,"Sheepmeat"
15103,65,"Sheepmeat"
22874,65,"Sheepmeat"
15064,65,"Sheepmeat"
22882,65,"Sheepmeat"
22883,65,"Sheepmeat"
22888,65,"Sheepmeat"
22893,65,"Sheepmeat"
15068,65,"Sheepmeat"
15306,65,"Sheepmeat"
22894,65,"Sheepmeat"
22895,65,"Sheepmeat"
22653,65,"Sheepmeat"
22659,65,"Sheepmeat"
11870,65,"Sheepmeat"
14865,65,"Sheepmeat"
15044,65,"Sheepmeat"
15076,65,"Sheepmeat"
15091,65,"Sheepmeat"
15095,65,"Sheepmeat"
15101,65,"Sheepmeat"
15122,65,"Sheepmeat"
27103,65,"Sheepmeat"
22905,65,"Sheepmeat"
15106,65,"Sheepmeat"
16919,65,"Sheepmeat"
14868,65,"Sheepmeat"
14870,65,"Sheepmeat"
16976,65,"Sheepmeat"
14873,65,"Sheepmeat"
14876,65,"Sheepmeat"
14878,65,"Sheepmeat"
15121,65,"Sheepmeat"
16924,65,"Sheepmeat"
15051,65,"Sheepmeat"
16363,65,"Sheepmeat"
16365,65,"Sheepmeat"
16366,65,"Sheepmeat"
16635,65,"Sheepmeat"
16974,65,"Sheepmeat"
15073,65,"Sheepmeat"
16674,65,"Sheepmeat"
16901,65,"Sheepmeat"
16907,65,"Sheepmeat"
16920,65,"Sheepmeat"
16929,65,"Sheepmeat"
16641,65,"Sheepmeat"
16381,65,"Sheepmeat"
16383,65,"Sheepmeat"
27305,65,"Sheepmeat"
27069,65,"Sheepmeat"
27077,65,"Sheepmeat"
27078,65,"Sheepmeat"
27079,65,"Sheepmeat"
2980,82,"Beef"
2982,82,"Beef"
2823,82,"Beef"
2992,82,"Beef"
2962,82,"Beef"
2963,82,"Beef"
2925,82,"Beef"
2978,82,"Beef"
2966,82,"Beef"
2974,82,"Beef"
2356,82,"Beef"
2926,82,"Beef"
2967,82,"Beef"
2976,82,"Beef"
2355,82,"Beef"
2979,82,"Beef"
2983,82,"Beef"
2995,82,"Beef"
2997,82,"Beef"
2996,82,"Beef"
3272,82,"Beef"
3273,82,"Beef"
3274,82,"Beef"
2343,82,"Beef"
22868,82,"Beef"
22844,82,"Beef"
22845,82,"Beef"
22866,82,"Beef"
11862,82,"Beef"
11866,82,"Beef"
11873,82,"Beef"
3204,82,"Beef"
3148,82,"Beef"
3160,82,"Beef"
3158,82,"Beef"
3203,82,"Beef"
3190,82,"Beef"
3161,82,"Beef"
3251,82,"Beef"
3116,82,"Beef"
3127,82,"Beef"
3130,82,"Beef"
3133,82,"Beef"
3134,82,"Beef"
3209,82,"Beef"
3250,82,"Beef"
3248,82,"Beef"
27053,82,"Beef"
3083,82,"Beef"
3126,82,"Beef"
3087,82,"Beef"
3089,82,"Beef"
3085,82,"Beef"
3097,82,"Beef"
3106,82,"Beef"
3112,82,"Beef"
3105,82,"Beef"
2384,82,"Beef"
2414,82,"Beef"
2415,82,"Beef"
2419,82,"Beef"
2428,82,"Beef"
2429,82,"Beef"
3129,82,"Beef"
3090,82,"Beef"
3100,82,"Beef"
3095,82,"Beef"
3099,82,"Beef"
3103,82,"Beef"
3104,82,"Beef"
3108,82,"Beef"
3113,82,"Beef"
2870,82,"Beef"
2871,82,"Beef"
2880,82,"Beef"
2883,82,"Beef"
3062,82,"Beef"
3230,82,"Beef"
2884,82,"Beef"
2888,82,"Beef"
2889,82,"Beef"
2891,82,"Beef"
2892,82,"Beef"
3061,82,"Beef"
3289,82,"Beef"
3290,82,"Beef"
2887,82,"Beef"
2898,82,"Beef"
2899,82,"Beef"
3066,82,"Beef"
3070,82,"Beef"
3074,82,"Beef"
2893,82,"Beef"
27309,82,"Beef"
27057,82,"Beef"
3075,82,"Beef"
3077,82,"Beef"
3078,82,"Beef"
2916,82,"Beef"
2920,82,"Beef"
2924,82,"Beef"
3063,82,"Beef"
3064,82,"Beef"
3076,82,"Beef"
2922,82,"Beef"
2938,82,"Beef"
3232,82,"Beef"
3233,82,"Beef"
3235,82,"Beef"
3275,82,"Beef"
3276,82,"Beef"
3278,82,"Beef"
3279,82,"Beef"
2941,82,"Beef"
2940,82,"Beef"
2948,82,"Beef"
3236,82,"Beef"
2895,82,"Beef"
3225,82,"Beef"
2896,82,"Beef"
2917,82,"Beef"
2947,82,"Beef"
2949,82,"Beef"
2953,82,"Beef"
2955,82,"Beef"
2943,82,"Beef"
2950,82,"Beef"
2954,82,"Beef"
2357,82,"Beef"
2358,82,"Beef"
3296,82,"Beef"
2942,82,"Beef"
3277,82,"Beef"
3239,82,"Beef"
3221,82,"Beef"
3222,82,"Beef"
3234,82,"Beef"
3244,82,"Beef"
3223,82,"Beef"
3238,82,"Beef"
3259,82,"Beef"
3262,82,"Beef"
3264,82,"Beef"
3266,82,"Beef"
3269,82,"Beef"
3256,82,"Beef"
11871,82,"Beef"
11624,82,"Beef"
11889,82,"Beef"
11626,82,"Beef"
11884,82,"Beef"
11630,82,"Beef"
12074,82,"Beef"
12073,82,"Beef"
12087,82,"Beef"
11861,82,"Beef"
11867,82,"Beef"
27355,82,"Beef"
11859,82,"Beef"
11876,82,"Beef"
12092,82,"Beef"
27343,82,"Beef"
27353,82,"Beef"
27100,82,"Beef"
12094,82,"Beef"
27362,82,"Beef"
11615,82,"Beef"
11616,82,"Beef"
12091,82,"Beef"
11619,82,"Beef"
11620,82,"Beef"
12118,82,"Beef"
27097,82,"Beef"
11860,82,"Beef"
11868,82,"Beef"
27102,82,"Beef"
27104,82,"Beef"
27354,82,"Beef"
27106,82,"Beef"
27108,82,"Beef"
27359,82,"Beef"
27360,82,"Beef"
27361,82,"Beef"
22848,82,"Beef"
12096,82,"Beef"
12098,82,"Beef"
12103,82,"Beef"
27363,82,"Beef"
27113,82,"Beef"
12107,82,"Beef"
12104,82,"Beef"
11610,82,"Beef"
12093,82,"Beef"
12095,82,"Beef"
12105,82,"Beef"
12106,82,"Beef"
12121,82,"Beef"
27063,82,"Beef"
11853,82,"Beef"
11803,82,"Beef"
27086,82,"Beef"
27327,82,"Beef"
27328,82,"Beef"
27329,82,"Beef"
27330,82,"Beef"
27095,82,"Beef"
27344,82,"Beef"
27350,82,"Beef"
27351,82,"Beef"
27070,82,"Beef"
27302,82,"Beef"
27310,82,"Beef"
27311,82,"Beef"
27313,82,"Beef"
27315,82,"Beef"
27074,82,"Beef"
27316,82,"Beef"
27300,82,"Beef"
27301,82,"Beef"
27307,82,"Beef"
27308,82,"Beef"
27075,82,"Beef"
27064,82,"Beef"
27089,82,"Beef"
27324,82,"Beef"
11844,82,"Beef"
27090,82,"Beef"
27096,82,"Beef"
27094,82,"Beef"
27628,82,"Beef"
27426,82,"Beef"
27427,82,"Beef"
27629,82,"Beef"
27436,82,"Beef"
27437,82,"Beef"
27421,82,"Beef"
16367,82,"Beef"
16370,82,"Beef"
16371,82,"Beef"
16378,82,"Beef"
16379,82,"Beef"
16629,82,"Beef"
16633,82,"Beef"
16634,82,"Beef"
27087,82,"Beef"
27088,82,"Beef"
27332,82,"Beef"
27092,82,"Beef"
27093,82,"Beef"
27339,82,"Beef"
27345,82,"Beef"
27347,82,"Beef"
27349,82,"Beef"
27433,82,"Beef"
27650,82,"Beef"
11594,82,"Beef"
11819,82,"Beef"
11602,82,"Beef"
11821,82,"Beef"
11605,82,"Beef"
11822,82,"Beef"
11836,82,"Beef"
11804,82,"Beef"
11595,82,"Beef"
11824,82,"Beef"
11825,82,"Beef"
11601,82,"Beef"
11895,82,"Beef"
27387,82,"Beef"
29646,82,"Beef"
29648,82,"Beef"
29650,82,"Beef"
29439,82,"Beef"
29440,82,"Beef"
29651,82,"Beef"
29441,82,"Beef"
29454,82,"Beef"
27416,82,"Beef"
27610,82,"Beef"
27419,82,"Beef"
27425,82,"Beef"
27616,82,"Beef"
27618,82,"Beef"
27620,82,"Beef"
27429,82,"Beef"
27632,82,"Beef"
27634,82,"Beef"
27639,82,"Beef"
27640,82,"Beef"
27641,82,"Beef"
27651,82,"Beef"
27435,82,"Beef"
27658,82,"Beef"
3131,82,"Beef"
3219,82,"Beef"
3206,82,"Beef"
2471,82,"Beef"
3228,82,"Beef"
2388,82,"Beef"
2392,82,"Beef"
2407,82,"Beef"
2395,82,"Beef"
2476,82,"Beef"
29659,82,"Beef"
2368,82,"Beef"
2370,82,"Beef"
2371,82,"Beef"
2372,82,"Beef"
2374,82,"Beef"
2505,82,"Beef"
2430,82,"Beef"
2519,82,"Beef"
2521,82,"Beef"
2528,82,"Beef"
2531,82,"Beef"
2362,82,"Beef"
2376,82,"Beef"
2377,82,"Beef"
2379,82,"Beef"
2382,82,"Beef"
2383,82,"Beef"
2385,82,"Beef"
2386,82,"Beef"
2387,82,"Beef"
2409,82,"Beef"
2410,82,"Beef"
2411,82,"Beef"
2412,82,"Beef"
2413,82,"Beef"
2416,82,"Beef"
2417,82,"Beef"
2418,82,"Beef"
2420,82,"Beef"
2421,82,"Beef"
2422,82,"Beef"
2423,82,"Beef"
2425,82,"Beef"
2426,82,"Beef"
2427,82,"Beef"
2443,82,"Beef"
2444,82,"Beef"
2445,82,"Beef"
2472,82,"Beef"
2473,82,"Beef"
2499,82,"Beef"
2500,82,"Beef"
2501,82,"Beef"
2502,82,"Beef"
2503,82,"Beef"
2514,82,"Beef"
2516,82,"Beef"
2517,82,"Beef"
2518,82,"Beef"
2522,82,"Beef"
2523,82,"Beef"
2524,82,"Beef"
2525,82,"Beef"
2526,82,"Beef"
2530,82,"Beef"
11892,82,"Beef"
27058,82,"Beef"
27060,82,"Beef"
11854,82,"Beef"
11850,82,"Beef"
11608,82,"Beef"
11856,82,"Beef"
11613,82,"Beef"
12100,82,"Beef"
27061,82,"Beef"
27066,82,"Beef"
27067,82,"Beef"
27318,82,"Beef"
27415,82,"Beef"
27608,82,"Beef"
27414,82,"Beef"
27410,82,"Beef"
27560,82,"Beef"
27562,82,"Beef"
27579,82,"Beef"
27581,82,"Beef"
27296,82,"Beef"
27586,82,"Beef"
27412,82,"Beef"
29663,82,"Beef"
27413,82,"Beef"
27569,82,"Beef"
27573,82,"Beef"
27604,82,"Beef"
27606,82,"Beef"
27317,82,"Beef"
27379,82,"Beef"
27394,82,"Beef"
27370,82,"Beef"
27118,82,"Beef"
27122,82,"Beef"
27140,82,"Beef"
27395,82,"Beef"
27557,82,"Beef"
23799,82,"Beef"
15299,82,"Beef"
15134,82,"Beef"
14864,82,"Beef"
15105,82,"Beef"
14875,82,"Beef"
15116,82,"Beef"
15104,82,"Beef"
14879,82,"Beef"
15132,82,"Beef"
15138,82,"Beef"
15294,82,"Beef"
29652,82,"Beef"
29653,82,"Beef"
29656,82,"Beef"
29453,82,"Beef"
29654,82,"Beef"
29661,82,"Beef"
27439,82,"Beef"
27440,82,"Beef"
30893,82,"Beef"
27131,82,"Beef"
27132,82,"Beef"
27135,82,"Beef"
27399,82,"Beef"
27295,82,"Beef"
22847,82,"Beef"
22893,82,"Beef"
22894,82,"Beef"
22653,82,"Beef"
22659,82,"Beef"
22663,82,"Beef"
22898,82,"Beef"
22629,82,"Beef"
22846,82,"Beef"
22849,82,"Beef"
22622,82,"Beef"
22631,82,"Beef"
22632,82,"Beef"
22637,82,"Beef"
22850,82,"Beef"
22854,82,"Beef"
22856,82,"Beef"
22863,82,"Beef"
22886,82,"Beef"
22899,82,"Beef"
11870,82,"Beef"
15074,82,"Beef"
22862,82,"Beef"
22871,82,"Beef"
22639,82,"Beef"
22877,82,"Beef"
22814,82,"Beef"
22816,82,"Beef"
22872,82,"Beef"
22638,82,"Beef"
22902,82,"Beef"
22903,82,"Beef"
15102,82,"Beef"
15103,82,"Beef"
22874,82,"Beef"
15064,82,"Beef"
22878,82,"Beef"
27101,82,"Beef"
27103,82,"Beef"
22651,82,"Beef"
14865,82,"Beef"
15044,82,"Beef"
15047,82,"Beef"
15048,82,"Beef"
15050,82,"Beef"
15076,82,"Beef"
15092,82,"Beef"
15097,82,"Beef"
15101,82,"Beef"
14860,82,"Beef"
15122,82,"Beef"
15128,82,"Beef"
22905,82,"Beef"
15106,82,"Beef"
16919,82,"Beef"
16976,82,"Beef"
14870,82,"Beef"
14876,82,"Beef"
14878,82,"Beef"
15121,82,"Beef"
16363,82,"Beef"
16897,82,"Beef"
16898,82,"Beef"
16899,82,"Beef"
16901,82,"Beef"
16907,82,"Beef"
16920,82,"Beef"
16924,82,"Beef"
16927,82,"Beef"
16929,82,"Beef"
16366,82,"Beef"
27312,82,"Beef"
27305,82,"Beef"
2980,66,"Beef"
2982,66,"Beef"
2823,66,"Beef"
2992,66,"Beef"
2962,66,"Beef"
2963,66,"Beef"
2925,66,"Beef"
2978,66,"Beef"
2966,66,"Beef"
2974,66,"Beef"
2356,66,"Beef"
2926,66,"Beef"
2967,66,"Beef"
2976,66,"Beef"
2355,66,"Beef"
2979,66,"Beef"
2983,66,"Beef"
2995,66,"Beef"
2997,66,"Beef"
2996,66,"Beef"
3272,66,"Beef"
3273,66,"Beef"
3274,66,"Beef"
2343,66,"Beef"
22868,66,"Beef"
22844,66,"Beef"
22845,66,"Beef"
22866,66,"Beef"
11862,66,"Beef"
11866,66,"Beef"
11873,66,"Beef"
3204,66,"Beef"
3148,66,"Beef"
3160,66,"Beef"
3158,66,"Beef"
3203,66,"Beef"
3190,66,"Beef"
3161,66,"Beef"
3251,66,"Beef"
3116,66,"Beef"
3127,66,"Beef"
3130,66,"Beef"
3133,66,"Beef"
3134,66,"Beef"
3209,66,"Beef"
3250,66,"Beef"
3248,66,"Beef"
27053,66,"Beef"
3083,66,"Beef"
3126,66,"Beef"
3087,66,"Beef"
3089,66,"Beef"
3085,66,"Beef"
3097,66,"Beef"
3106,66,"Beef"
3112,66,"Beef"
3105,66,"Beef"
2384,66,"Beef"
2414,66,"Beef"
2415,66,"Beef"
2419,66,"Beef"
2428,66,"Beef"
2429,66,"Beef"
3129,66,"Beef"
3090,66,"Beef"
3100,66,"Beef"
3095,66,"Beef"
3099,66,"Beef"
3103,66,"Beef"
3104,66,"Beef"
3108,66,"Beef"
3113,66,"Beef"
2870,66,"Beef"
2871,66,"Beef"
2880,66,"Beef"
2883,66,"Beef"
3062,66,"Beef"
3230,66,"Beef"
2884,66,"Beef"
2888,66,"Beef"
2889,66,"Beef"
2891,66,"Beef"
2892,66,"Beef"
3061,66,"Beef"
3289,66,"Beef"
3290,66,"Beef"
2887,66,"Beef"
2898,66,"Beef"
2899,66,"Beef"
3066,66,"Beef"
3070,66,"Beef"
3074,66,"Beef"
2893,66,"Beef"
27309,66,"Beef"
27057,66,"Beef"
3075,66,"Beef"
3077,66,"Beef"
3078,66,"Beef"
2916,66,"Beef"
2920,66,"Beef"
2924,66,"Beef"
3063,66,"Beef"
3064,66,"Beef"
3076,66,"Beef"
2922,66,"Beef"
2938,66,"Beef"
3232,66,"Beef"
3233,66,"Beef"
3235,66,"Beef"
3275,66,"Beef"
3276,66,"Beef"
3278,66,"Beef"
3279,66,"Beef"
2941,66,"Beef"
2940,66,"Beef"
2948,66,"Beef"
3236,66,"Beef"
2895,66,"Beef"
3225,66,"Beef"
2896,66,"Beef"
2917,66,"Beef"
2947,66,"Beef"
2949,66,"Beef"
2953,66,"Beef"
2955,66,"Beef"
2943,66,"Beef"
2950,66,"Beef"
2954,66,"Beef"
2357,66,"Beef"
2358,66,"Beef"
3296,66,"Beef"
2942,66,"Beef"
3277,66,"Beef"
3239,66,"Beef"
3221,66,"Beef"
3222,66,"Beef"
3234,66,"Beef"
3244,66,"Beef"
3223,66,"Beef"
3238,66,"Beef"
3259,66,"Beef"
3262,66,"Beef"
3264,66,"Beef"
3266,66,"Beef"
3269,66,"Beef"
3256,66,"Beef"
11871,66,"Beef"
11624,66,"Beef"
11889,66,"Beef"
11626,66,"Beef"
11884,66,"Beef"
11630,66,"Beef"
12074,66,"Beef"
12073,66,"Beef"
12087,66,"Beef"
11861,66,"Beef"
11867,66,"Beef"
27355,66,"Beef"
11859,66,"Beef"
11876,66,"Beef"
12092,66,"Beef"
27343,66,"Beef"
27353,66,"Beef"
27100,66,"Beef"
12094,66,"Beef"
27362,66,"Beef"
11615,66,"Beef"
11616,66,"Beef"
12091,66,"Beef"
11619,66,"Beef"
11620,66,"Beef"
12118,66,"Beef"
27097,66,"Beef"
11860,66,"Beef"
11868,66,"Beef"
27102,66,"Beef"
27104,66,"Beef"
27354,66,"Beef"
27106,66,"Beef"
27108,66,"Beef"
27359,66,"Beef"
27360,66,"Beef"
27361,66,"Beef"
22848,66,"Beef"
12096,66,"Beef"
12098,66,"Beef"
12103,66,"Beef"
27363,66,"Beef"
27113,66,"Beef"
12107,66,"Beef"
12104,66,"Beef"
11610,66,"Beef"
12093,66,"Beef"
12095,66,"Beef"
12105,66,"Beef"
12106,66,"Beef"
12121,66,"Beef"
27063,66,"Beef"
11853,66,"Beef"
11803,66,"Beef"
27086,66,"Beef"
27327,66,"Beef"
27328,66,"Beef"
27329,66,"Beef"
27330,66,"Beef"
27095,66,"Beef"
27344,66,"Beef"
27350,66,"Beef"
27351,66,"Beef"
27070,66,"Beef"
27302,66,"Beef"
27310,66,"Beef"
27311,66,"Beef"
27313,66,"Beef"
27315,66,"Beef"
27074,66,"Beef"
27316,66,"Beef"
27300,66,"Beef"
27301,66,"Beef"
27307,66,"Beef"
27308,66,"Beef"
27075,66,"Beef"
27064,66,"Beef"
27089,66,"Beef"
27324,66,"Beef"
11844,66,"Beef"
27090,66,"Beef"
27096,66,"Beef"
27094,66,"Beef"
27628,66,"Beef"
27426,66,"Beef"
27427,66,"Beef"
27629,66,"Beef"
27436,66,"Beef"
27437,66,"Beef"
27421,66,"Beef"
16367,66,"Beef"
16370,66,"Beef"
16371,66,"Beef"
16378,66,"Beef"
16379,66,"Beef"
16629,66,"Beef"
16633,66,"Beef"
16634,66,"Beef"
27087,66,"Beef"
27088,66,"Beef"
27332,66,"Beef"
27092,66,"Beef"
27093,66,"Beef"
27339,66,"Beef"
27345,66,"Beef"
27347,66,"Beef"
27349,66,"Beef"
27433,66,"Beef"
27650,66,"Beef"
11594,66,"Beef"
11819,66,"Beef"
11602,66,"Beef"
11821,66,"Beef"
11605,66,"Beef"
11822,66,"Beef"
11836,66,"Beef"
11804,66,"Beef"
11595,66,"Beef"
11824,66,"Beef"
11825,66,"Beef"
11601,66,"Beef"
11895,66,"Beef"
27387,66,"Beef"
29646,66,"Beef"
29648,66,"Beef"
29650,66,"Beef"
29439,66,"Beef"
29440,66,"Beef"
29651,66,"Beef"
29441,66,"Beef"
29454,66,"Beef"
27416,66,"Beef"
27610,66,"Beef"
27419,66,"Beef"
27425,66,"Beef"
27616,66,"Beef"
27618,66,"Beef"
27620,66,"Beef"
27429,66,"Beef"
27632,66,"Beef"
27634,66,"Beef"
27639,66,"Beef"
27640,66,"Beef"
27641,66,"Beef"
27651,66,"Beef"
27435,66,"Beef"
27658,66,"Beef"
3131,66,"Beef"
3219,66,"Beef"
3206,66,"Beef"
2471,66,"Beef"
3228,66,"Beef"
2388,66,"Beef"
2392,66,"Beef"
2407,66,"Beef"
2395,66,"Beef"
2476,66,"Beef"
29659,66,"Beef"
2368,66,"Beef"
2370,66,"Beef"
2371,66,"Beef"
2372,66,"Beef"
2374,66,"Beef"
2505,66,"Beef"
2430,66,"Beef"
2519,66,"Beef"
2521,66,"Beef"
2528,66,"Beef"
2531,66,"Beef"
2362,66,"Beef"
2376,66,"Beef"
2377,66,"Beef"
2379,66,"Beef"
2382,66,"Beef"
2383,66,"Beef"
2385,66,"Beef"
2386,66,"Beef"
2387,66,"Beef"
2409,66,"Beef"
2410,66,"Beef"
2411,66,"Beef"
2412,66,"Beef"
2413,66,"Beef"
2416,66,"Beef"
2417,66,"Beef"
2418,66,"Beef"
2420,66,"Beef"
2421,66,"Beef"
2422,66,"Beef"
2423,66,"Beef"
2425,66,"Beef"
2426,66,"Beef"
2427,66,"Beef"
2443,66,"Beef"
2444,66,"Beef"
2445,66,"Beef"
2472,66,"Beef"
2473,66,"Beef"
2499,66,"Beef"
2500,66,"Beef"
2501,66,"Beef"
2502,66,"Beef"
2503,66,"Beef"
2514,66,"Beef"
2516,66,"Beef"
2517,66,"Beef"
2518,66,"Beef"
2522,66,"Beef"
2523,66,"Beef"
2524,66,"Beef"
2525,66,"Beef"
2526,66,"Beef"
2530,66,"Beef"
11892,66,"Beef"
27058,66,"Beef"
27060,66,"Beef"
11854,66,"Beef"
11850,66,"Beef"
11608,66,"Beef"
11856,66,"Beef"
11613,66,"Beef"
12100,66,"Beef"
27061,66,"Beef"
27066,66,"Beef"
27067,66,"Beef"
27318,66,"Beef"
27415,66,"Beef"
27608,66,"Beef"
27414,66,"Beef"
27410,66,"Beef"
27560,66,"Beef"
27562,66,"Beef"
27579,66,"Beef"
27581,66,"Beef"
27296,66,"Beef"
27586,66,"Beef"
27412,66,"Beef"
29663,66,"Beef"
27413,66,"Beef"
27569,66,"Beef"
27573,66,"Beef"
27604,66,"Beef"
27606,66,"Beef"
27317,66,"Beef"
27379,66,"Beef"
27394,66,"Beef"
27370,66,"Beef"
27118,66,"Beef"
27122,66,"Beef"
27140,66,"Beef"
27395,66,"Beef"
27557,66,"Beef"
23799,66,"Beef"
15299,66,"Beef"
15134,66,"Beef"
14864,66,"Beef"
15105,66,"Beef"
14875,66,"Beef"
15116,66,"Beef"
15104,66,"Beef"
14879,66,"Beef"
15132,66,"Beef"
15138,66,"Beef"
15294,66,"Beef"
29652,66,"Beef"
29653,66,"Beef"
29656,66,"Beef"
29453,66,"Beef"
29654,66,"Beef"
29661,66,"Beef"
27439,66,"Beef"
27440,66,"Beef"
30893,66,"Beef"
27131,66,"Beef"
27132,66,"Beef"
27135,66,"Beef"
27399,66,"Beef"
27295,66,"Beef"
22847,66,"Beef"
22893,66,"Beef"
22894,66,"Beef"
22653,66,"Beef"
22659,66,"Beef"
22663,66,"Beef"
22898,66,"Beef"
22629,66,"Beef"
22846,66,"Beef"
22849,66,"Beef"
22622,66,"Beef"
22631,66,"Beef"
22632,66,"Beef"
22637,66,"Beef"
22850,66,"Beef"
22854,66,"Beef"
22856,66,"Beef"
22863,66,"Beef"
22886,66,"Beef"
22899,66,"Beef"
11870,66,"Beef"
15074,66,"Beef"
22862,66,"Beef"
22871,66,"Beef"
22639,66,"Beef"
22877,66,"Beef"
22814,66,"Beef"
22816,66,"Beef"
22872,66,"Beef"
22638,66,"Beef"
22902,66,"Beef"
22903,66,"Beef"
15102,66,"Beef"
15103,66,"Beef"
22874,66,"Beef"
15064,66,"Beef"
22878,66,"Beef"
27101,66,"Beef"
27103,66,"Beef"
22651,66,"Beef"
14865,66,"Beef"
15044,66,"Beef"
15047,66,"Beef"
15048,66,"Beef"
15050,66,"Beef"
15076,66,"Beef"
15092,66,"Beef"
15097,66,"Beef"
15101,66,"Beef"
14860,66,"Beef"
15122,66,"Beef"
15128,66,"Beef"
22905,66,"Beef"
15106,66,"Beef"
16919,66,"Beef"
16976,66,"Beef"
14870,66,"Beef"
14876,66,"Beef"
14878,66,"Beef"
15121,66,"Beef"
16363,66,"Beef"
16897,66,"Beef"
16898,66,"Beef"
16899,66,"Beef"
16901,66,"Beef"
16907,66,"Beef"
16920,66,"Beef"
16924,66,"Beef"
16927,66,"Beef"
16929,66,"Beef"
16366,66,"Beef"
27312,66,"Beef"
27305,66,"Beef"
2980,65,"Beef"
2982,65,"Beef"
2984,65,"Beef"
2985,65,"Beef"
2823,65,"Beef"
2986,65,"Beef"
2992,65,"Beef"
2962,65,"Beef"
2963,65,"Beef"
2925,65,"Beef"
2978,65,"Beef"
2966,65,"Beef"
2974,65,"Beef"
2356,65,"Beef"
2926,65,"Beef"
2967,65,"Beef"
2976,65,"Beef"
2355,65,"Beef"
2979,65,"Beef"
2981,65,"Beef"
2983,65,"Beef"
3057,65,"Beef"
3047,65,"Beef"
3055,65,"Beef"
3056,65,"Beef"
2995,65,"Beef"
2997,65,"Beef"
2996,65,"Beef"
3272,65,"Beef"
3273,65,"Beef"
3274,65,"Beef"
2343,65,"Beef"
22868,65,"Beef"
22842,65,"Beef"
22844,65,"Beef"
22845,65,"Beef"
22866,65,"Beef"
11862,65,"Beef"
11863,65,"Beef"
11866,65,"Beef"
11873,65,"Beef"
3204,65,"Beef"
3148,65,"Beef"
3159,65,"Beef"
3160,65,"Beef"
3158,65,"Beef"
3203,65,"Beef"
3150,65,"Beef"
3190,65,"Beef"
3161,65,"Beef"
3251,65,"Beef"
3116,65,"Beef"
3127,65,"Beef"
3130,65,"Beef"
3133,65,"Beef"
3134,65,"Beef"
3208,65,"Beef"
3209,65,"Beef"
2989,65,"Beef"
3250,65,"Beef"
3260,65,"Beef"
3248,65,"Beef"
27053,65,"Beef"
3083,65,"Beef"
3126,65,"Beef"
3087,65,"Beef"
3089,65,"Beef"
3085,65,"Beef"
3097,65,"Beef"
3106,65,"Beef"
3112,65,"Beef"
3105,65,"Beef"
3146,65,"Beef"
2384,65,"Beef"
2414,65,"Beef"
2415,65,"Beef"
2419,65,"Beef"
2428,65,"Beef"
2429,65,"Beef"
3129,65,"Beef"
3090,65,"Beef"
3100,65,"Beef"
3095,65,"Beef"
3099,65,"Beef"
3103,65,"Beef"
3104,65,"Beef"
3108,65,"Beef"
3113,65,"Beef"
11585,65,"Beef"
2870,65,"Beef"
2871,65,"Beef"
2880,65,"Beef"
2883,65,"Beef"
3062,65,"Beef"
3230,65,"Beef"
2884,65,"Beef"
2888,65,"Beef"
2889,65,"Beef"
2890,65,"Beef"
2891,65,"Beef"
2892,65,"Beef"
3061,65,"Beef"
3289,65,"Beef"
3290,65,"Beef"
2887,65,"Beef"
2898,65,"Beef"
2899,65,"Beef"
3066,65,"Beef"
3070,65,"Beef"
3071,65,"Beef"
3073,65,"Beef"
3074,65,"Beef"
2893,65,"Beef"
27309,65,"Beef"
27057,65,"Beef"
3075,65,"Beef"
3077,65,"Beef"
3078,65,"Beef"
2900,65,"Beef"
2916,65,"Beef"
2920,65,"Beef"
2924,65,"Beef"
2931,65,"Beef"
2930,65,"Beef"
27055,65,"Beef"
3063,65,"Beef"
3064,65,"Beef"
3076,65,"Beef"
3125,65,"Beef"
2922,65,"Beef"
2918,65,"Beef"
2938,65,"Beef"
3232,65,"Beef"
3233,65,"Beef"
3235,65,"Beef"
3275,65,"Beef"
3276,65,"Beef"
3278,65,"Beef"
3279,65,"Beef"
2941,65,"Beef"
2940,65,"Beef"
2944,65,"Beef"
2948,65,"Beef"
3236,65,"Beef"
2895,65,"Beef"
3292,65,"Beef"
3294,65,"Beef"
3225,65,"Beef"
3224,65,"Beef"
2894,65,"Beef"
2896,65,"Beef"
2917,65,"Beef"
2897,65,"Beef"
3293,65,"Beef"
2947,65,"Beef"
2949,65,"Beef"
2951,65,"Beef"
2952,65,"Beef"
2953,65,"Beef"
2955,65,"Beef"
2939,65,"Beef"
2943,65,"Beef"
2946,65,"Beef"
2950,65,"Beef"
2954,65,"Beef"
2357,65,"Beef"
2358,65,"Beef"
3296,65,"Beef"
2942,65,"Beef"
3277,65,"Beef"
3239,65,"Beef"
3240,65,"Beef"
3241,65,"Beef"
3214,65,"Beef"
3221,65,"Beef"
3222,65,"Beef"
3234,65,"Beef"
3244,65,"Beef"
3247,65,"Beef"
3223,65,"Beef"
3238,65,"Beef"
3259,65,"Beef"
3261,65,"Beef"
3262,65,"Beef"
3264,65,"Beef"
3266,65,"Beef"
3267,65,"Beef"
3269,65,"Beef"
3256,65,"Beef"
11871,65,"Beef"
11624,65,"Beef"
11889,65,"Beef"
11626,65,"Beef"
11884,65,"Beef"
11887,65,"Beef"
11630,65,"Beef"
11631,65,"Beef"
12074,65,"Beef"
11623,65,"Beef"
11875,65,"Beef"
12073,65,"Beef"
12087,65,"Beef"
11861,65,"Beef"
11867,65,"Beef"
27355,65,"Beef"
11859,65,"Beef"
11876,65,"Beef"
12092,65,"Beef"
27343,65,"Beef"
27353,65,"Beef"
27100,65,"Beef"
27098,65,"Beef"
27111,65,"Beef"
12094,65,"Beef"
27362,65,"Beef"
11615,65,"Beef"
11616,65,"Beef"
12091,65,"Beef"
11619,65,"Beef"
11620,65,"Beef"
12118,65,"Beef"
27097,65,"Beef"
27107,65,"Beef"
11860,65,"Beef"
11868,65,"Beef"
27102,65,"Beef"
27104,65,"Beef"
27354,65,"Beef"
27106,65,"Beef"
27108,65,"Beef"
27359,65,"Beef"
27360,65,"Beef"
27361,65,"Beef"
22848,65,"Beef"
12096,65,"Beef"
12098,65,"Beef"
12097,65,"Beef"
12103,65,"Beef"
27363,65,"Beef"
27112,65,"Beef"
27109,65,"Beef"
27113,65,"Beef"
12107,65,"Beef"
12104,65,"Beef"
11610,65,"Beef"
12093,65,"Beef"
12095,65,"Beef"
12105,65,"Beef"
12106,65,"Beef"
12121,65,"Beef"
27063,65,"Beef"
11853,65,"Beef"
11803,65,"Beef"
11808,65,"Beef"
27086,65,"Beef"
27327,65,"Beef"
27328,65,"Beef"
27329,65,"Beef"
27330,65,"Beef"
27095,65,"Beef"
27344,65,"Beef"
27350,65,"Beef"
27351,65,"Beef"
27070,65,"Beef"
27302,65,"Beef"
27310,65,"Beef"
27311,65,"Beef"
27313,65,"Beef"
27315,65,"Beef"
27068,65,"Beef"
27074,65,"Beef"
27316,65,"Beef"
27298,65,"Beef"
27300,65,"Beef"
27301,65,"Beef"
27303,65,"Beef"
27307,65,"Beef"
27308,65,"Beef"
27075,65,"Beef"
27064,65,"Beef"
27089,65,"Beef"
27324,65,"Beef"
11844,65,"Beef"
27090,65,"Beef"
27096,65,"Beef"
27094,65,"Beef"
27628,65,"Beef"
27426,65,"Beef"
27427,65,"Beef"
27629,65,"Beef"
27436,65,"Beef"
27437,65,"Beef"
27421,65,"Beef"
16367,65,"Beef"
16370,65,"Beef"
16371,65,"Beef"
16377,65,"Beef"
16378,65,"Beef"
16379,65,"Beef"
16629,65,"Beef"
16633,65,"Beef"
16634,65,"Beef"
27087,65,"Beef"
27088,65,"Beef"
27332,65,"Beef"
27092,65,"Beef"
27093,65,"Beef"
27338,65,"Beef"
27339,65,"Beef"
27345,65,"Beef"
27347,65,"Beef"
27348,65,"Beef"
27349,65,"Beef"
27383,65,"Beef"
27433,65,"Beef"
27650,65,"Beef"
11594,65,"Beef"
11819,65,"Beef"
11602,65,"Beef"
11821,65,"Beef"
11605,65,"Beef"
11822,65,"Beef"
11836,65,"Beef"
11598,65,"Beef"
11599,65,"Beef"
11804,65,"Beef"
11595,65,"Beef"
11824,65,"Beef"
11825,65,"Beef"
11827,65,"Beef"
11828,65,"Beef"
11601,65,"Beef"
11604,65,"Beef"
11894,65,"Beef"
11895,65,"Beef"
27387,65,"Beef"
27389,65,"Beef"
29640,65,"Beef"
29646,65,"Beef"
29648,65,"Beef"
29650,65,"Beef"
29439,65,"Beef"
29440,65,"Beef"
29651,65,"Beef"
29441,65,"Beef"
29454,65,"Beef"
27416,65,"Beef"
27610,65,"Beef"
27614,65,"Beef"
27419,65,"Beef"
27425,65,"Beef"
27616,65,"Beef"
27618,65,"Beef"
27619,65,"Beef"
27620,65,"Beef"
27622,65,"Beef"
27627,65,"Beef"
27429,65,"Beef"
27430,65,"Beef"
27631,65,"Beef"
27632,65,"Beef"
27633,65,"Beef"
27634,65,"Beef"
27635,65,"Beef"
27639,65,"Beef"
27640,65,"Beef"
27641,65,"Beef"
27649,65,"Beef"
27651,65,"Beef"
27435,65,"Beef"
27658,65,"Beef"
3131,65,"Beef"
3212,65,"Beef"
3219,65,"Beef"
3206,65,"Beef"
2471,65,"Beef"
2494,65,"Beef"
3228,65,"Beef"
2388,65,"Beef"
2392,65,"Beef"
2407,65,"Beef"
2395,65,"Beef"
2476,65,"Beef"
2396,65,"Beef"
2399,65,"Beef"
2402,65,"Beef"
29659,65,"Beef"
2368,65,"Beef"
2370,65,"Beef"
2371,65,"Beef"
2372,65,"Beef"
2374,65,"Beef"
2375,65,"Beef"
2505,65,"Beef"
2510,65,"Beef"
2511,65,"Beef"
2512,65,"Beef"
2430,65,"Beef"
2519,65,"Beef"
2521,65,"Beef"
2528,65,"Beef"
2531,65,"Beef"
2362,65,"Beef"
2376,65,"Beef"
2377,65,"Beef"
2378,65,"Beef"
2379,65,"Beef"
2382,65,"Beef"
2383,65,"Beef"
2385,65,"Beef"
2386,65,"Beef"
2387,65,"Beef"
2389,65,"Beef"
2406,65,"Beef"
2409,65,"Beef"
2410,65,"Beef"
2411,65,"Beef"
2412,65,"Beef"
2413,65,"Beef"
2416,65,"Beef"
2417,65,"Beef"
2418,65,"Beef"
2420,65,"Beef"
2421,65,"Beef"
2422,65,"Beef"
2423,65,"Beef"
2424,65,"Beef"
2425,65,"Beef"
2426,65,"Beef"
2427,65,"Beef"
2432,65,"Beef"
2438,65,"Beef"
2439,65,"Beef"
2440,65,"Beef"
2441,65,"Beef"
2442,65,"Beef"
2443,65,"Beef"
2444,65,"Beef"
2445,65,"Beef"
2446,65,"Beef"
2456,65,"Beef"
2472,65,"Beef"
2473,65,"Beef"
2490,65,"Beef"
2495,65,"Beef"
2499,65,"Beef"
2500,65,"Beef"
2501,65,"Beef"
2502,65,"Beef"
2503,65,"Beef"
2506,65,"Beef"
2507,65,"Beef"
2508,65,"Beef"
2509,65,"Beef"
2513,65,"Beef"
2514,65,"Beef"
2515,65,"Beef"
2516,65,"Beef"
2517,65,"Beef"
2518,65,"Beef"
2522,65,"Beef"
2523,65,"Beef"
2524,65,"Beef"
2525,65,"Beef"
2526,65,"Beef"
2527,65,"Beef"
2530,65,"Beef"
11892,65,"Beef"
27058,65,"Beef"
27060,65,"Beef"
11893,65,"Beef"
11854,65,"Beef"
11850,65,"Beef"
11608,65,"Beef"
11856,65,"Beef"
11613,65,"Beef"
12100,65,"Beef"
12117,65,"Beef"
27061,65,"Beef"
27065,65,"Beef"
27066,65,"Beef"
27067,65,"Beef"
27318,65,"Beef"
27320,65,"Beef"
27321,65,"Beef"
27081,65,"Beef"
27415,65,"Beef"
27608,65,"Beef"
27414,65,"Beef"
27410,65,"Beef"
27560,65,"Beef"
27562,65,"Beef"
27585,65,"Beef"
27579,65,"Beef"
27581,65,"Beef"
27296,65,"Beef"
27586,65,"Beef"
27412,65,"Beef"
29663,65,"Beef"
27607,65,"Beef"
27413,65,"Beef"
27569,65,"Beef"
27573,65,"Beef"
27604,65,"Beef"
27606,65,"Beef"
27317,65,"Beef"
27379,65,"Beef"
27394,65,"Beef"
27367,65,"Beef"
27370,65,"Beef"
27373,65,"Beef"
27375,65,"Beef"
27118,65,"Beef"
27119,65,"Beef"
27122,65,"Beef"
27140,65,"Beef"
27395,65,"Beef"
27557,65,"Beef"
27139,65,"Beef"
23788,65,"Beef"
23799,65,"Beef"
15299,65,"Beef"
15134,65,"Beef"
14864,65,"Beef"
15105,65,"Beef"
14875,65,"Beef"
15110,65,"Beef"
15116,65,"Beef"
15104,65,"Beef"
15118,65,"Beef"
14879,65,"Beef"
15132,65,"Beef"
15138,65,"Beef"
15294,65,"Beef"
29652,65,"Beef"
29653,65,"Beef"
29656,65,"Beef"
2533,65,"Beef"
29453,65,"Beef"
29654,65,"Beef"
29660,65,"Beef"
29661,65,"Beef"
27439,65,"Beef"
27440,65,"Beef"
30893,65,"Beef"
29696,65,"Beef"
30890,65,"Beef"
30891,65,"Beef"
30892,65,"Beef"
27131,65,"Beef"
27132,65,"Beef"
27133,65,"Beef"
27135,65,"Beef"
27399,65,"Beef"
27295,65,"Beef"
22847,65,"Beef"
22623,65,"Beef"
22893,65,"Beef"
22894,65,"Beef"
22895,65,"Beef"
22897,65,"Beef"
22653,65,"Beef"
22656,65,"Beef"
22657,65,"Beef"
22659,65,"Beef"
22660,65,"Beef"
22663,65,"Beef"
22898,65,"Beef"
22629,65,"Beef"
22846,65,"Beef"
22849,65,"Beef"
22622,65,"Beef"
22627,65,"Beef"
22631,65,"Beef"
22632,65,"Beef"
22633,65,"Beef"
22637,65,"Beef"
22850,65,"Beef"
22851,65,"Beef"
22854,65,"Beef"
22856,65,"Beef"
22863,65,"Beef"
22886,65,"Beef"
22887,65,"Beef"
22899,65,"Beef"
11869,65,"Beef"
11870,65,"Beef"
11872,65,"Beef"
11880,65,"Beef"
15068,65,"Beef"
15070,65,"Beef"
15074,65,"Beef"
15307,65,"Beef"
15308,65,"Beef"
15309,65,"Beef"
15310,65,"Beef"
22862,65,"Beef"
22871,65,"Beef"
22639,65,"Beef"
22877,65,"Beef"
22814,65,"Beef"
22816,65,"Beef"
22872,65,"Beef"
22638,65,"Beef"
22902,65,"Beef"
22903,65,"Beef"
15102,65,"Beef"
15103,65,"Beef"
22640,65,"Beef"
22641,65,"Beef"
22873,65,"Beef"
22874,65,"Beef"
15064,65,"Beef"
22878,65,"Beef"
22881,65,"Beef"
27340,65,"Beef"
27099,65,"Beef"
27101,65,"Beef"
27103,65,"Beef"
27356,65,"Beef"
22651,65,"Beef"
22885,65,"Beef"
22642,65,"Beef"
22882,65,"Beef"
14865,65,"Beef"
15035,65,"Beef"
15044,65,"Beef"
15045,65,"Beef"
15047,65,"Beef"
15048,65,"Beef"
15050,65,"Beef"
15076,65,"Beef"
15080,65,"Beef"
15081,65,"Beef"
15084,65,"Beef"
15088,65,"Beef"
15091,65,"Beef"
15092,65,"Beef"
15095,65,"Beef"
15097,65,"Beef"
15099,65,"Beef"
15100,65,"Beef"
15101,65,"Beef"
14860,65,"Beef"
14861,65,"Beef"
14866,65,"Beef"
15112,65,"Beef"
15113,65,"Beef"
15114,65,"Beef"
15122,65,"Beef"
15128,65,"Beef"
15131,65,"Beef"
22905,65,"Beef"
15106,65,"Beef"
16919,65,"Beef"
16976,65,"Beef"
14870,65,"Beef"
15109,65,"Beef"
14873,65,"Beef"
14876,65,"Beef"
14878,65,"Beef"
15121,65,"Beef"
16363,65,"Beef"
16897,65,"Beef"
16898,65,"Beef"
16899,65,"Beef"
16901,65,"Beef"
16902,65,"Beef"
16903,65,"Beef"
16905,65,"Beef"
16906,65,"Beef"
16907,65,"Beef"
16920,65,"Beef"
16924,65,"Beef"
16925,65,"Beef"
16927,65,"Beef"
16674,65,"Beef"
16929,65,"Beef"
15296,65,"Beef"
16366,65,"Beef"
27312,65,"Beef"
27304,65,"Beef"
27305,65,"Beef"
23776,81,"Fruit"
23786,81,"Fruit"
23790,81,"Fruit"
23796,81,"Fruit"
23797,81,"Fruit"
23798,81,"Fruit"
23799,81,"Fruit"
23800,81,"Fruit"
23801,81,"Fruit"
23802,81,"Fruit"
23803,81,"Fruit"
14873,81,"Fruit"
15135,81,"Fruit"
15136,81,"Fruit"
14880,81,"Fruit"
14881,81,"Fruit"
15295,81,"Fruit"
15298,81,"Fruit"
15300,81,"Fruit"
15099,81,"Fruit"
15098,81,"Fruit"
15105,81,"Fruit"
15117,81,"Fruit"
15100,81,"Fruit"
14860,81,"Fruit"
15122,81,"Fruit"
15110,81,"Fruit"
16975,81,"Fruit"
16976,81,"Fruit"
16921,81,"Fruit"
16923,81,"Fruit"
23789,70,"Veges"
15132,70,"Veges"
15134,70,"Veges"
15138,70,"Veges"
14879,70,"Veges"
23814,70,"Veges"
22401,70,"Veges"
15082,70,"Veges"
15086,70,"Veges"
15087,70,"Veges"
15112,70,"Veges"
15083,70,"Veges"
15084,70,"Veges"
15085,70,"Veges"
14860,70,"Veges"
14861,70,"Veges"
15104,70,"Veges"
15105,70,"Veges"
14867,70,"Veges"
15044,70,"Veges"
15100,70,"Veges"
15101,70,"Veges"
14864,70,"Veges"
22844,70,"Veges"
22846,70,"Veges"
22849,70,"Veges"
22629,70,"Veges"
22630,70,"Veges"
22631,70,"Veges"
22632,70,"Veges"
22851,70,"Veges"
22852,70,"Veges"
22638,70,"Veges"
22639,70,"Veges"
22641,70,"Veges"
22875,70,"Veges"
22876,70,"Veges"
15064,70,"Veges"
15303,70,"Veges"
15304,70,"Veges"
15305,70,"Veges"
15035,70,"Veges"
22862,70,"Veges"
22873,70,"Veges"
22877,70,"Veges"
22878,70,"Veges"
22879,70,"Veges"
22880,70,"Veges"
22881,70,"Veges"
22643,70,"Veges"
22647,70,"Veges"
22648,70,"Veges"
22651,70,"Veges"
15299,70,"Veges"
15301,70,"Veges"
16919,70,"Veges"
16922,70,"Veges"
16925,70,"Veges"
16927,70,"Veges"
14870,70,"Veges"
15121,70,"Veges"
15106,70,"Veges"
15108,70,"Veges"
15110,70,"Veges"
15111,70,"Veges"
14866,70,"Veges"
15117,70,"Veges"
15118,70,"Veges"
14873,70,"Veges"
14874,70,"Veges"
15122,70,"Veges"
15123,70,"Veges"
15124,70,"Veges"
15125,70,"Veges"
15126,70,"Veges"
15127,70,"Veges"
15128,70,"Veges"
15129,70,"Veges"
15130,70,"Veges"
14876,70,"Veges"
15131,70,"Veges"
15137,70,"Veges"
15139,70,"Veges"
15140,70,"Veges"
15141,70,"Veges"
15292,70,"Veges"
15293,70,"Veges"
14884,70,"Veges"
14885,70,"Veges"
15297,70,"Veges"
15295,70,"Veges"
15296,70,"Veges"
23789,67,"Veges"
15132,67,"Veges"
15134,67,"Veges"
15138,67,"Veges"
14879,67,"Veges"
23814,67,"Veges"
22401,67,"Veges"
15082,67,"Veges"
15086,67,"Veges"
15087,67,"Veges"
15112,67,"Veges"
15083,67,"Veges"
15084,67,"Veges"
15085,67,"Veges"
14860,67,"Veges"
14861,67,"Veges"
15104,67,"Veges"
15105,67,"Veges"
14867,67,"Veges"
15044,67,"Veges"
15100,67,"Veges"
15101,67,"Veges"
14864,67,"Veges"
22844,67,"Veges"
22846,67,"Veges"
22849,67,"Veges"
22629,67,"Veges"
22630,67,"Veges"
22631,67,"Veges"
22632,67,"Veges"
22851,67,"Veges"
22852,67,"Veges"
22638,67,"Veges"
22641,67,"Veges"
22875,67,"Veges"
22876,67,"Veges"
15064,67,"Veges"
15303,67,"Veges"
15304,67,"Veges"
15305,67,"Veges"
15035,67,"Veges"
22862,67,"Veges"
22873,67,"Veges"
22877,67,"Veges"
22878,67,"Veges"
22879,67,"Veges"
22880,67,"Veges"
22881,67,"Veges"
22643,67,"Veges"
22647,67,"Veges"
22648,67,"Veges"
22651,67,"Veges"
15299,67,"Veges"
15301,67,"Veges"
16919,67,"Veges"
16922,67,"Veges"
16925,67,"Veges"
16927,67,"Veges"
14870,67,"Veges"
15121,67,"Veges"
15106,67,"Veges"
15108,67,"Veges"
15110,67,"Veges"
15111,67,"Veges"
14866,67,"Veges"
15117,67,"Veges"
15118,67,"Veges"
14873,67,"Veges"
14874,67,"Veges"
15122,67,"Veges"
15123,67,"Veges"
15124,67,"Veges"
15125,67,"Veges"
15126,67,"Veges"
15127,67,"Veges"
15128,67,"Veges"
15129,67,"Veges"
15130,67,"Veges"
14876,67,"Veges"
15131,67,"Veges"
15137,67,"Veges"
15139,67,"Veges"
15140,67,"Veges"
15141,67,"Veges"
15292,67,"Veges"
15293,67,"Veges"
14884,67,"Veges"
14885,67,"Veges"
15297,67,"Veges"
15295,67,"Veges"
15296,67,"Veges"
23789,76,"Veges"
15132,76,"Veges"
15134,76,"Veges"
15138,76,"Veges"
14879,76,"Veges"
23814,76,"Veges"
22401,76,"Veges"
15082,76,"Veges"
15086,76,"Veges"
15087,76,"Veges"
15112,76,"Veges"
15083,76,"Veges"
15084,76,"Veges"
15085,76,"Veges"
14860,76,"Veges"
14861,76,"Veges"
15104,76,"Veges"
15105,76,"Veges"
14867,76,"Veges"
15044,76,"Veges"
15100,76,"Veges"
15101,76,"Veges"
14864,76,"Veges"
22844,76,"Veges"
22846,76,"Veges"
22849,76,"Veges"
22629,76,"Veges"
22630,76,"Veges"
22631,76,"Veges"
22632,76,"Veges"
22851,76,"Veges"
22852,76,"Veges"
22638,76,"Veges"
22641,76,"Veges"
22875,76,"Veges"
22876,76,"Veges"
15064,76,"Veges"
15303,76,"Veges"
15304,76,"Veges"
15305,76,"Veges"
15035,76,"Veges"
22862,76,"Veges"
22873,76,"Veges"
22877,76,"Veges"
22878,76,"Veges"
22879,76,"Veges"
22880,76,"Veges"
22881,76,"Veges"
22643,76,"Veges"
22647,76,"Veges"
22648,76,"Veges"
22651,76,"Veges"
15299,76,"Veges"
15301,76,"Veges"
16919,76,"Veges"
16922,76,"Veges"
16925,76,"Veges"
16927,76,"Veges"
14870,76,"Veges"
15121,76,"Veges"
15106,76,"Veges"
15108,76,"Veges"
15110,76,"Veges"
15111,76,"Veges"
14866,76,"Veges"
15117,76,"Veges"
15118,76,"Veges"
14873,76,"Veges"
14874,76,"Veges"
15122,76,"Veges"
15123,76,"Veges"
15124,76,"Veges"
15125,76,"Veges"
15126,76,"Veges"
15127,76,"Veges"
15128,76,"Veges"
15129,76,"Veges"
15130,76,"Veges"
14876,76,"Veges"
15131,76,"Veges"
15137,76,"Veges"
15139,76,"Veges"
15140,76,"Veges"
15141,76,"Veges"
15292,76,"Veges"
15293,76,"Veges"
14884,76,"Veges"
14885,76,"Veges"
15297,76,"Veges"
15295,76,"Veges"
15296,76,"Veges"
23789,68,"Veges"
15132,68,"Veges"
15134,68,"Veges"
15138,68,"Veges"
23814,68,"Veges"
22401,68,"Veges"
15082,68,"Veges"
15086,68,"Veges"
15087,68,"Veges"
15112,68,"Veges"
15083,68,"Veges"
15084,68,"Veges"
15085,68,"Veges"
14860,68,"Veges"
15104,68,"Veges"
15105,68,"Veges"
14867,68,"Veges"
15044,68,"Veges"
15100,68,"Veges"
15101,68,"Veges"
14864,68,"Veges"
22849,68,"Veges"
22629,68,"Veges"
22630,68,"Veges"
22631,68,"Veges"
22632,68,"Veges"
22851,68,"Veges"
22852,68,"Veges"
22638,68,"Veges"
22641,68,"Veges"
22876,68,"Veges"
15064,68,"Veges"
15303,68,"Veges"
15304,68,"Veges"
15305,68,"Veges"
15035,68,"Veges"
22862,68,"Veges"
22873,68,"Veges"
22877,68,"Veges"
22878,68,"Veges"
22879,68,"Veges"
22881,68,"Veges"
22647,68,"Veges"
15299,68,"Veges"
15301,68,"Veges"
16919,68,"Veges"
16922,68,"Veges"
16927,68,"Veges"
14870,68,"Veges"
15121,68,"Veges"
15106,68,"Veges"
15108,68,"Veges"
15110,68,"Veges"
15111,68,"Veges"
15118,68,"Veges"
14873,68,"Veges"
14874,68,"Veges"
15122,68,"Veges"
15124,68,"Veges"
15126,68,"Veges"
15127,68,"Veges"
15128,68,"Veges"
15130,68,"Veges"
14876,68,"Veges"
15131,68,"Veges"
15137,68,"Veges"
15139,68,"Veges"
15140,68,"Veges"
15141,68,"Veges"
15292,68,"Veges"
15293,68,"Veges"
14884,68,"Veges"
14885,68,"Veges"
15297,68,"Veges"
15295,68,"Veges"
15296,68,"Veges"
2980,82,"Sheepmeat"
2982,82,"Sheepmeat"
2938,82,"Sheepmeat"
2947,82,"Sheepmeat"
2976,82,"Sheepmeat"
2823,82,"Sheepmeat"
2986,82,"Sheepmeat"
2992,82,"Sheepmeat"
2991,82,"Sheepmeat"
2955,82,"Sheepmeat"
2962,82,"Sheepmeat"
2963,82,"Sheepmeat"
2925,82,"Sheepmeat"
2978,82,"Sheepmeat"
2966,82,"Sheepmeat"
2924,82,"Sheepmeat"
2926,82,"Sheepmeat"
2931,82,"Sheepmeat"
2935,82,"Sheepmeat"
2937,82,"Sheepmeat"
3273,82,"Sheepmeat"
2974,82,"Sheepmeat"
2356,82,"Sheepmeat"
2967,82,"Sheepmeat"
2355,82,"Sheepmeat"
2979,82,"Sheepmeat"
2983,82,"Sheepmeat"
2994,82,"Sheepmeat"
2995,82,"Sheepmeat"
2997,82,"Sheepmeat"
2996,82,"Sheepmeat"
3274,82,"Sheepmeat"
3275,82,"Sheepmeat"
3276,82,"Sheepmeat"
2953,82,"Sheepmeat"
2964,82,"Sheepmeat"
2969,82,"Sheepmeat"
3272,82,"Sheepmeat"
2343,82,"Sheepmeat"
2344,82,"Sheepmeat"
2346,82,"Sheepmeat"
2357,82,"Sheepmeat"
3251,82,"Sheepmeat"
3269,82,"Sheepmeat"
2349,82,"Sheepmeat"
2920,82,"Sheepmeat"
2358,82,"Sheepmeat"
22868,82,"Sheepmeat"
22814,82,"Sheepmeat"
22869,82,"Sheepmeat"
22903,82,"Sheepmeat"
11866,82,"Sheepmeat"
11873,82,"Sheepmeat"
22837,82,"Sheepmeat"
22838,82,"Sheepmeat"
22845,82,"Sheepmeat"
22849,82,"Sheepmeat"
22854,82,"Sheepmeat"
22866,82,"Sheepmeat"
22844,82,"Sheepmeat"
11862,82,"Sheepmeat"
3146,82,"Sheepmeat"
3190,82,"Sheepmeat"
3204,82,"Sheepmeat"
3105,82,"Sheepmeat"
3148,82,"Sheepmeat"
2384,82,"Sheepmeat"
2414,82,"Sheepmeat"
3113,82,"Sheepmeat"
3160,82,"Sheepmeat"
3158,82,"Sheepmeat"
3203,82,"Sheepmeat"
3161,82,"Sheepmeat"
3254,82,"Sheepmeat"
3191,82,"Sheepmeat"
3192,82,"Sheepmeat"
3193,82,"Sheepmeat"
3116,82,"Sheepmeat"
3127,82,"Sheepmeat"
3130,82,"Sheepmeat"
3133,82,"Sheepmeat"
3134,82,"Sheepmeat"
3209,82,"Sheepmeat"
3252,82,"Sheepmeat"
3244,82,"Sheepmeat"
3248,82,"Sheepmeat"
3250,82,"Sheepmeat"
3259,82,"Sheepmeat"
3260,82,"Sheepmeat"
3239,82,"Sheepmeat"
3222,82,"Sheepmeat"
3238,82,"Sheepmeat"
3139,82,"Sheepmeat"
3256,82,"Sheepmeat"
3087,82,"Sheepmeat"
3121,82,"Sheepmeat"
3122,82,"Sheepmeat"
27053,82,"Sheepmeat"
3083,82,"Sheepmeat"
3126,82,"Sheepmeat"
27309,82,"Sheepmeat"
3085,82,"Sheepmeat"
3089,82,"Sheepmeat"
27136,82,"Sheepmeat"
27394,82,"Sheepmeat"
27395,82,"Sheepmeat"
27139,82,"Sheepmeat"
27140,82,"Sheepmeat"
27557,82,"Sheepmeat"
27295,82,"Sheepmeat"
27312,82,"Sheepmeat"
27313,82,"Sheepmeat"
3088,82,"Sheepmeat"
3090,82,"Sheepmeat"
3100,82,"Sheepmeat"
3101,82,"Sheepmeat"
3103,82,"Sheepmeat"
3114,82,"Sheepmeat"
3187,82,"Sheepmeat"
3097,82,"Sheepmeat"
3106,82,"Sheepmeat"
3112,82,"Sheepmeat"
2415,82,"Sheepmeat"
2419,82,"Sheepmeat"
2428,82,"Sheepmeat"
2429,82,"Sheepmeat"
3125,82,"Sheepmeat"
3129,82,"Sheepmeat"
3095,82,"Sheepmeat"
3099,82,"Sheepmeat"
3104,82,"Sheepmeat"
3108,82,"Sheepmeat"
2430,82,"Sheepmeat"
2519,82,"Sheepmeat"
2531,82,"Sheepmeat"
11585,82,"Sheepmeat"
11586,82,"Sheepmeat"
2870,82,"Sheepmeat"
2893,82,"Sheepmeat"
2871,82,"Sheepmeat"
2880,82,"Sheepmeat"
2883,82,"Sheepmeat"
3062,82,"Sheepmeat"
3230,82,"Sheepmeat"
3060,82,"Sheepmeat"
3061,82,"Sheepmeat"
3075,82,"Sheepmeat"
2898,82,"Sheepmeat"
2884,82,"Sheepmeat"
2888,82,"Sheepmeat"
2889,82,"Sheepmeat"
2891,82,"Sheepmeat"
2892,82,"Sheepmeat"
3289,82,"Sheepmeat"
2887,82,"Sheepmeat"
3290,82,"Sheepmeat"
2899,82,"Sheepmeat"
3225,82,"Sheepmeat"
3070,82,"Sheepmeat"
3066,82,"Sheepmeat"
3074,82,"Sheepmeat"
27057,82,"Sheepmeat"
3077,82,"Sheepmeat"
3078,82,"Sheepmeat"
2900,82,"Sheepmeat"
2916,82,"Sheepmeat"
2923,82,"Sheepmeat"
27056,82,"Sheepmeat"
3063,82,"Sheepmeat"
3064,82,"Sheepmeat"
3076,82,"Sheepmeat"
2922,82,"Sheepmeat"
2917,82,"Sheepmeat"
3232,82,"Sheepmeat"
3233,82,"Sheepmeat"
3235,82,"Sheepmeat"
3278,82,"Sheepmeat"
3279,82,"Sheepmeat"
3131,82,"Sheepmeat"
3227,82,"Sheepmeat"
3228,82,"Sheepmeat"
3296,82,"Sheepmeat"
3234,82,"Sheepmeat"
2941,82,"Sheepmeat"
3264,82,"Sheepmeat"
3265,82,"Sheepmeat"
3266,82,"Sheepmeat"
3267,82,"Sheepmeat"
2940,82,"Sheepmeat"
2948,82,"Sheepmeat"
3236,82,"Sheepmeat"
3298,82,"Sheepmeat"
2895,82,"Sheepmeat"
2896,82,"Sheepmeat"
2949,82,"Sheepmeat"
2943,82,"Sheepmeat"
2950,82,"Sheepmeat"
2954,82,"Sheepmeat"
2942,82,"Sheepmeat"
3277,82,"Sheepmeat"
3223,82,"Sheepmeat"
3237,82,"Sheepmeat"
3221,82,"Sheepmeat"
3262,82,"Sheepmeat"
3253,82,"Sheepmeat"
3255,82,"Sheepmeat"
2360,82,"Sheepmeat"
11871,82,"Sheepmeat"
11624,82,"Sheepmeat"
11889,82,"Sheepmeat"
11626,82,"Sheepmeat"
11884,82,"Sheepmeat"
11630,82,"Sheepmeat"
12074,82,"Sheepmeat"
12073,82,"Sheepmeat"
12087,82,"Sheepmeat"
11861,82,"Sheepmeat"
11867,82,"Sheepmeat"
27353,82,"Sheepmeat"
27355,82,"Sheepmeat"
11859,82,"Sheepmeat"
12107,82,"Sheepmeat"
27343,82,"Sheepmeat"
27100,82,"Sheepmeat"
12094,82,"Sheepmeat"
27362,82,"Sheepmeat"
11615,82,"Sheepmeat"
11616,82,"Sheepmeat"
12091,82,"Sheepmeat"
11620,82,"Sheepmeat"
11860,82,"Sheepmeat"
11868,82,"Sheepmeat"
11869,82,"Sheepmeat"
12093,82,"Sheepmeat"
12095,82,"Sheepmeat"
12096,82,"Sheepmeat"
12104,82,"Sheepmeat"
11619,82,"Sheepmeat"
12118,82,"Sheepmeat"
27097,82,"Sheepmeat"
27107,82,"Sheepmeat"
27351,82,"Sheepmeat"
27102,82,"Sheepmeat"
27104,82,"Sheepmeat"
27354,82,"Sheepmeat"
11876,82,"Sheepmeat"
12092,82,"Sheepmeat"
12098,82,"Sheepmeat"
12097,82,"Sheepmeat"
12103,82,"Sheepmeat"
12119,82,"Sheepmeat"
27363,82,"Sheepmeat"
27112,82,"Sheepmeat"
27109,82,"Sheepmeat"
27113,82,"Sheepmeat"
27106,82,"Sheepmeat"
27108,82,"Sheepmeat"
27359,82,"Sheepmeat"
27360,82,"Sheepmeat"
27361,82,"Sheepmeat"
22848,82,"Sheepmeat"
22846,82,"Sheepmeat"
22847,82,"Sheepmeat"
22663,82,"Sheepmeat"
11610,82,"Sheepmeat"
12105,82,"Sheepmeat"
12106,82,"Sheepmeat"
12121,82,"Sheepmeat"
27063,82,"Sheepmeat"
27365,82,"Sheepmeat"
11853,82,"Sheepmeat"
11804,82,"Sheepmeat"
11805,82,"Sheepmeat"
11594,82,"Sheepmeat"
11595,82,"Sheepmeat"
11803,82,"Sheepmeat"
27086,82,"Sheepmeat"
27327,82,"Sheepmeat"
27328,82,"Sheepmeat"
27329,82,"Sheepmeat"
27330,82,"Sheepmeat"
27095,82,"Sheepmeat"
27344,82,"Sheepmeat"
27350,82,"Sheepmeat"
27070,82,"Sheepmeat"
27074,82,"Sheepmeat"
27302,82,"Sheepmeat"
27310,82,"Sheepmeat"
27311,82,"Sheepmeat"
27315,82,"Sheepmeat"
27308,82,"Sheepmeat"
27064,82,"Sheepmeat"
27316,82,"Sheepmeat"
11819,82,"Sheepmeat"
11821,82,"Sheepmeat"
11824,82,"Sheepmeat"
11601,82,"Sheepmeat"
11602,82,"Sheepmeat"
11605,82,"Sheepmeat"
11844,82,"Sheepmeat"
27300,82,"Sheepmeat"
27301,82,"Sheepmeat"
27307,82,"Sheepmeat"
27075,82,"Sheepmeat"
27071,82,"Sheepmeat"
27073,82,"Sheepmeat"
27072,82,"Sheepmeat"
27089,82,"Sheepmeat"
27324,82,"Sheepmeat"
11888,82,"Sheepmeat"
11895,82,"Sheepmeat"
27090,82,"Sheepmeat"
27096,82,"Sheepmeat"
27094,82,"Sheepmeat"
27427,82,"Sheepmeat"
27629,82,"Sheepmeat"
27429,82,"Sheepmeat"
27430,82,"Sheepmeat"
27631,82,"Sheepmeat"
27650,82,"Sheepmeat"
27628,82,"Sheepmeat"
27426,82,"Sheepmeat"
27436,82,"Sheepmeat"
27437,82,"Sheepmeat"
16629,82,"Sheepmeat"
27620,82,"Sheepmeat"
27632,82,"Sheepmeat"
27433,82,"Sheepmeat"
27434,82,"Sheepmeat"
29636,82,"Sheepmeat"
29456,82,"Sheepmeat"
29457,82,"Sheepmeat"
27088,82,"Sheepmeat"
27386,82,"Sheepmeat"
27425,82,"Sheepmeat"
27092,82,"Sheepmeat"
27332,82,"Sheepmeat"
27614,82,"Sheepmeat"
27616,82,"Sheepmeat"
27617,82,"Sheepmeat"
27416,82,"Sheepmeat"
27421,82,"Sheepmeat"
27618,82,"Sheepmeat"
27339,82,"Sheepmeat"
15074,82,"Sheepmeat"
11822,82,"Sheepmeat"
11836,82,"Sheepmeat"
11825,82,"Sheepmeat"
16367,82,"Sheepmeat"
16368,82,"Sheepmeat"
16370,82,"Sheepmeat"
16371,82,"Sheepmeat"
16378,82,"Sheepmeat"
16379,82,"Sheepmeat"
16633,82,"Sheepmeat"
16634,82,"Sheepmeat"
27087,82,"Sheepmeat"
27093,82,"Sheepmeat"
27338,82,"Sheepmeat"
27345,82,"Sheepmeat"
27347,82,"Sheepmeat"
27349,82,"Sheepmeat"
27387,82,"Sheepmeat"
29646,82,"Sheepmeat"
29648,82,"Sheepmeat"
29650,82,"Sheepmeat"
29439,82,"Sheepmeat"
29440,82,"Sheepmeat"
29651,82,"Sheepmeat"
29441,82,"Sheepmeat"
29454,82,"Sheepmeat"
27610,82,"Sheepmeat"
27419,82,"Sheepmeat"
27634,82,"Sheepmeat"
27639,82,"Sheepmeat"
27640,82,"Sheepmeat"
27641,82,"Sheepmeat"
27651,82,"Sheepmeat"
27435,82,"Sheepmeat"
27658,82,"Sheepmeat"
3219,82,"Sheepmeat"
3206,82,"Sheepmeat"
2402,82,"Sheepmeat"
2407,82,"Sheepmeat"
2476,82,"Sheepmeat"
2473,82,"Sheepmeat"
2475,82,"Sheepmeat"
2472,82,"Sheepmeat"
2471,82,"Sheepmeat"
2388,82,"Sheepmeat"
2392,82,"Sheepmeat"
2395,82,"Sheepmeat"
2505,82,"Sheepmeat"
2521,82,"Sheepmeat"
2528,82,"Sheepmeat"
29659,82,"Sheepmeat"
2362,82,"Sheepmeat"
2363,82,"Sheepmeat"
2371,82,"Sheepmeat"
2372,82,"Sheepmeat"
2374,82,"Sheepmeat"
2368,82,"Sheepmeat"
2370,82,"Sheepmeat"
2376,82,"Sheepmeat"
2377,82,"Sheepmeat"
2379,82,"Sheepmeat"
2382,82,"Sheepmeat"
2383,82,"Sheepmeat"
2385,82,"Sheepmeat"
2386,82,"Sheepmeat"
2387,82,"Sheepmeat"
11892,82,"Sheepmeat"
27058,82,"Sheepmeat"
11854,82,"Sheepmeat"
2406,82,"Sheepmeat"
2409,82,"Sheepmeat"
2410,82,"Sheepmeat"
2411,82,"Sheepmeat"
2412,82,"Sheepmeat"
2413,82,"Sheepmeat"
2416,82,"Sheepmeat"
2417,82,"Sheepmeat"
2418,82,"Sheepmeat"
2420,82,"Sheepmeat"
2421,82,"Sheepmeat"
2422,82,"Sheepmeat"
2423,82,"Sheepmeat"
2425,82,"Sheepmeat"
2426,82,"Sheepmeat"
2427,82,"Sheepmeat"
2443,82,"Sheepmeat"
2444,82,"Sheepmeat"
2445,82,"Sheepmeat"
2499,82,"Sheepmeat"
2500,82,"Sheepmeat"
2501,82,"Sheepmeat"
2502,82,"Sheepmeat"
2503,82,"Sheepmeat"
2514,82,"Sheepmeat"
2516,82,"Sheepmeat"
2517,82,"Sheepmeat"
2518,82,"Sheepmeat"
2522,82,"Sheepmeat"
2523,82,"Sheepmeat"
2524,82,"Sheepmeat"
2525,82,"Sheepmeat"
2526,82,"Sheepmeat"
2530,82,"Sheepmeat"
27054,82,"Sheepmeat"
27059,82,"Sheepmeat"
27060,82,"Sheepmeat"
27061,82,"Sheepmeat"
27062,82,"Sheepmeat"
27080,82,"Sheepmeat"
11850,82,"Sheepmeat"
11608,82,"Sheepmeat"
11856,82,"Sheepmeat"
11613,82,"Sheepmeat"
12100,82,"Sheepmeat"
27066,82,"Sheepmeat"
27067,82,"Sheepmeat"
27318,82,"Sheepmeat"
27366,82,"Sheepmeat"
22899,82,"Sheepmeat"
27415,82,"Sheepmeat"
27410,82,"Sheepmeat"
27413,82,"Sheepmeat"
27607,82,"Sheepmeat"
27608,82,"Sheepmeat"
27417,82,"Sheepmeat"
27412,82,"Sheepmeat"
27414,82,"Sheepmeat"
29663,82,"Sheepmeat"
27560,82,"Sheepmeat"
27562,82,"Sheepmeat"
27585,82,"Sheepmeat"
27579,82,"Sheepmeat"
27581,82,"Sheepmeat"
27296,82,"Sheepmeat"
27586,82,"Sheepmeat"
27569,82,"Sheepmeat"
27573,82,"Sheepmeat"
27604,82,"Sheepmeat"
27606,82,"Sheepmeat"
27317,82,"Sheepmeat"
27379,82,"Sheepmeat"
27370,82,"Sheepmeat"
27118,82,"Sheepmeat"
27122,82,"Sheepmeat"
23799,82,"Sheepmeat"
15299,82,"Sheepmeat"
15134,82,"Sheepmeat"
15045,82,"Sheepmeat"
15048,82,"Sheepmeat"
15049,82,"Sheepmeat"
15050,82,"Sheepmeat"
15097,82,"Sheepmeat"
15092,82,"Sheepmeat"
15047,82,"Sheepmeat"
15067,82,"Sheepmeat"
14864,82,"Sheepmeat"
15105,82,"Sheepmeat"
14875,82,"Sheepmeat"
15104,82,"Sheepmeat"
15116,82,"Sheepmeat"
15118,82,"Sheepmeat"
14879,82,"Sheepmeat"
15132,82,"Sheepmeat"
15138,82,"Sheepmeat"
15294,82,"Sheepmeat"
29652,82,"Sheepmeat"
29442,82,"Sheepmeat"
29452,82,"Sheepmeat"
29453,82,"Sheepmeat"
29443,82,"Sheepmeat"
29444,82,"Sheepmeat"
29447,82,"Sheepmeat"
30892,82,"Sheepmeat"
29653,82,"Sheepmeat"
29656,82,"Sheepmeat"
29654,82,"Sheepmeat"
29661,82,"Sheepmeat"
27439,82,"Sheepmeat"
27440,82,"Sheepmeat"
30673,82,"Sheepmeat"
29649,82,"Sheepmeat"
30893,82,"Sheepmeat"
30890,82,"Sheepmeat"
29449,82,"Sheepmeat"
27137,82,"Sheepmeat"
27399,82,"Sheepmeat"
29446,82,"Sheepmeat"
29448,82,"Sheepmeat"
29662,82,"Sheepmeat"
29695,82,"Sheepmeat"
27131,82,"Sheepmeat"
27132,82,"Sheepmeat"
27135,82,"Sheepmeat"
22629,82,"Sheepmeat"
22622,82,"Sheepmeat"
22631,82,"Sheepmeat"
22632,82,"Sheepmeat"
22637,82,"Sheepmeat"
22850,82,"Sheepmeat"
22856,82,"Sheepmeat"
22863,82,"Sheepmeat"
22886,82,"Sheepmeat"
22871,82,"Sheepmeat"
22862,82,"Sheepmeat"
22639,82,"Sheepmeat"
22877,82,"Sheepmeat"
22638,82,"Sheepmeat"
15102,82,"Sheepmeat"
22816,82,"Sheepmeat"
22872,82,"Sheepmeat"
22902,82,"Sheepmeat"
15103,82,"Sheepmeat"
22874,82,"Sheepmeat"
15064,82,"Sheepmeat"
22878,82,"Sheepmeat"
22651,82,"Sheepmeat"
22882,82,"Sheepmeat"
22883,82,"Sheepmeat"
22888,82,"Sheepmeat"
22893,82,"Sheepmeat"
15068,82,"Sheepmeat"
15306,82,"Sheepmeat"
22894,82,"Sheepmeat"
22895,82,"Sheepmeat"
22653,82,"Sheepmeat"
22659,82,"Sheepmeat"
22898,82,"Sheepmeat"
11870,82,"Sheepmeat"
14865,82,"Sheepmeat"
15044,82,"Sheepmeat"
15076,82,"Sheepmeat"
15091,82,"Sheepmeat"
15095,82,"Sheepmeat"
15101,82,"Sheepmeat"
14860,82,"Sheepmeat"
15113,82,"Sheepmeat"
15114,82,"Sheepmeat"
15122,82,"Sheepmeat"
15128,82,"Sheepmeat"
27101,82,"Sheepmeat"
27103,82,"Sheepmeat"
22905,82,"Sheepmeat"
15096,82,"Sheepmeat"
15106,82,"Sheepmeat"
16919,82,"Sheepmeat"
14868,82,"Sheepmeat"
14870,82,"Sheepmeat"
16976,82,"Sheepmeat"
14873,82,"Sheepmeat"
14876,82,"Sheepmeat"
14878,82,"Sheepmeat"
15121,82,"Sheepmeat"
16924,82,"Sheepmeat"
15051,82,"Sheepmeat"
16363,82,"Sheepmeat"
16365,82,"Sheepmeat"
16366,82,"Sheepmeat"
16635,82,"Sheepmeat"
16974,82,"Sheepmeat"
15073,82,"Sheepmeat"
16674,82,"Sheepmeat"
16897,82,"Sheepmeat"
16898,82,"Sheepmeat"
16899,82,"Sheepmeat"
16901,82,"Sheepmeat"
16907,82,"Sheepmeat"
16920,82,"Sheepmeat"
16927,82,"Sheepmeat"
16929,82,"Sheepmeat"
16641,82,"Sheepmeat"
16381,82,"Sheepmeat"
16383,82,"Sheepmeat"
27305,82,"Sheepmeat"
27069,82,"Sheepmeat"
27077,82,"Sheepmeat"
27078,82,"Sheepmeat"
27079,82,"Sheepmeat"
2980,66,"Sheepmeat"
2982,66,"Sheepmeat"
2938,66,"Sheepmeat"
2947,66,"Sheepmeat"
2976,66,"Sheepmeat"
2823,66,"Sheepmeat"
2986,66,"Sheepmeat"
2992,66,"Sheepmeat"
2991,66,"Sheepmeat"
2955,66,"Sheepmeat"
2962,66,"Sheepmeat"
2963,66,"Sheepmeat"
2925,66,"Sheepmeat"
2978,66,"Sheepmeat"
2966,66,"Sheepmeat"
2924,66,"Sheepmeat"
2926,66,"Sheepmeat"
2931,66,"Sheepmeat"
2935,66,"Sheepmeat"
2937,66,"Sheepmeat"
3273,66,"Sheepmeat"
2974,66,"Sheepmeat"
2356,66,"Sheepmeat"
2967,66,"Sheepmeat"
2355,66,"Sheepmeat"
2979,66,"Sheepmeat"
2983,66,"Sheepmeat"
2994,66,"Sheepmeat"
2995,66,"Sheepmeat"
2997,66,"Sheepmeat"
2996,66,"Sheepmeat"
3274,66,"Sheepmeat"
3275,66,"Sheepmeat"
3276,66,"Sheepmeat"
2953,66,"Sheepmeat"
2964,66,"Sheepmeat"
2969,66,"Sheepmeat"
3272,66,"Sheepmeat"
2343,66,"Sheepmeat"
2344,66,"Sheepmeat"
2346,66,"Sheepmeat"
2357,66,"Sheepmeat"
3251,66,"Sheepmeat"
3269,66,"Sheepmeat"
2349,66,"Sheepmeat"
2920,66,"Sheepmeat"
2358,66,"Sheepmeat"
22868,66,"Sheepmeat"
22814,66,"Sheepmeat"
22869,66,"Sheepmeat"
22903,66,"Sheepmeat"
11866,66,"Sheepmeat"
11873,66,"Sheepmeat"
22837,66,"Sheepmeat"
22838,66,"Sheepmeat"
22845,66,"Sheepmeat"
22849,66,"Sheepmeat"
22854,66,"Sheepmeat"
22866,66,"Sheepmeat"
22844,66,"Sheepmeat"
11862,66,"Sheepmeat"
3146,66,"Sheepmeat"
3190,66,"Sheepmeat"
3204,66,"Sheepmeat"
3105,66,"Sheepmeat"
3148,66,"Sheepmeat"
2384,66,"Sheepmeat"
2414,66,"Sheepmeat"
3113,66,"Sheepmeat"
3160,66,"Sheepmeat"
3158,66,"Sheepmeat"
3203,66,"Sheepmeat"
3161,66,"Sheepmeat"
3254,66,"Sheepmeat"
3191,66,"Sheepmeat"
3192,66,"Sheepmeat"
3193,66,"Sheepmeat"
3116,66,"Sheepmeat"
3127,66,"Sheepmeat"
3130,66,"Sheepmeat"
3133,66,"Sheepmeat"
3134,66,"Sheepmeat"
3209,66,"Sheepmeat"
3252,66,"Sheepmeat"
3244,66,"Sheepmeat"
3248,66,"Sheepmeat"
3250,66,"Sheepmeat"
3259,66,"Sheepmeat"
3260,66,"Sheepmeat"
3239,66,"Sheepmeat"
3222,66,"Sheepmeat"
3238,66,"Sheepmeat"
3139,66,"Sheepmeat"
3256,66,"Sheepmeat"
3087,66,"Sheepmeat"
3121,66,"Sheepmeat"
3122,66,"Sheepmeat"
27053,66,"Sheepmeat"
3083,66,"Sheepmeat"
3126,66,"Sheepmeat"
27309,66,"Sheepmeat"
3085,66,"Sheepmeat"
3089,66,"Sheepmeat"
27136,66,"Sheepmeat"
27394,66,"Sheepmeat"
27395,66,"Sheepmeat"
27139,66,"Sheepmeat"
27140,66,"Sheepmeat"
27557,66,"Sheepmeat"
27295,66,"Sheepmeat"
27312,66,"Sheepmeat"
27313,66,"Sheepmeat"
3088,66,"Sheepmeat"
3090,66,"Sheepmeat"
3100,66,"Sheepmeat"
3101,66,"Sheepmeat"
3103,66,"Sheepmeat"
3114,66,"Sheepmeat"
3187,66,"Sheepmeat"
3097,66,"Sheepmeat"
3106,66,"Sheepmeat"
3112,66,"Sheepmeat"
2415,66,"Sheepmeat"
2419,66,"Sheepmeat"
2428,66,"Sheepmeat"
2429,66,"Sheepmeat"
3125,66,"Sheepmeat"
3129,66,"Sheepmeat"
3095,66,"Sheepmeat"
3099,66,"Sheepmeat"
3104,66,"Sheepmeat"
3108,66,"Sheepmeat"
2430,66,"Sheepmeat"
2519,66,"Sheepmeat"
2531,66,"Sheepmeat"
11585,66,"Sheepmeat"
11586,66,"Sheepmeat"
2870,66,"Sheepmeat"
2893,66,"Sheepmeat"
2871,66,"Sheepmeat"
2880,66,"Sheepmeat"
2883,66,"Sheepmeat"
3062,66,"Sheepmeat"
3230,66,"Sheepmeat"
3060,66,"Sheepmeat"
3061,66,"Sheepmeat"
3075,66,"Sheepmeat"
2898,66,"Sheepmeat"
2884,66,"Sheepmeat"
2888,66,"Sheepmeat"
2889,66,"Sheepmeat"
2891,66,"Sheepmeat"
2892,66,"Sheepmeat"
3289,66,"Sheepmeat"
2887,66,"Sheepmeat"
3290,66,"Sheepmeat"
2899,66,"Sheepmeat"
3225,66,"Sheepmeat"
3070,66,"Sheepmeat"
3066,66,"Sheepmeat"
3074,66,"Sheepmeat"
27057,66,"Sheepmeat"
3077,66,"Sheepmeat"
3078,66,"Sheepmeat"
2900,66,"Sheepmeat"
2916,66,"Sheepmeat"
2923,66,"Sheepmeat"
27056,66,"Sheepmeat"
3063,66,"Sheepmeat"
3064,66,"Sheepmeat"
3076,66,"Sheepmeat"
2922,66,"Sheepmeat"
2917,66,"Sheepmeat"
3232,66,"Sheepmeat"
3233,66,"Sheepmeat"
3235,66,"Sheepmeat"
3278,66,"Sheepmeat"
3279,66,"Sheepmeat"
3131,66,"Sheepmeat"
3227,66,"Sheepmeat"
3228,66,"Sheepmeat"
3296,66,"Sheepmeat"
3234,66,"Sheepmeat"
2941,66,"Sheepmeat"
3264,66,"Sheepmeat"
3265,66,"Sheepmeat"
3266,66,"Sheepmeat"
3267,66,"Sheepmeat"
2940,66,"Sheepmeat"
2948,66,"Sheepmeat"
3236,66,"Sheepmeat"
3298,66,"Sheepmeat"
2895,66,"Sheepmeat"
2896,66,"Sheepmeat"
2949,66,"Sheepmeat"
2943,66,"Sheepmeat"
2950,66,"Sheepmeat"
2954,66,"Sheepmeat"
2942,66,"Sheepmeat"
3277,66,"Sheepmeat"
3223,66,"Sheepmeat"
3237,66,"Sheepmeat"
3221,66,"Sheepmeat"
3262,66,"Sheepmeat"
3253,66,"Sheepmeat"
3255,66,"Sheepmeat"
2360,66,"Sheepmeat"
11871,66,"Sheepmeat"
11624,66,"Sheepmeat"
11889,66,"Sheepmeat"
11626,66,"Sheepmeat"
11884,66,"Sheepmeat"
11630,66,"Sheepmeat"
12074,66,"Sheepmeat"
12073,66,"Sheepmeat"
12087,66,"Sheepmeat"
11861,66,"Sheepmeat"
11867,66,"Sheepmeat"
27353,66,"Sheepmeat"
27355,66,"Sheepmeat"
11859,66,"Sheepmeat"
12107,66,"Sheepmeat"
27343,66,"Sheepmeat"
27100,66,"Sheepmeat"
12094,66,"Sheepmeat"
27362,66,"Sheepmeat"
11615,66,"Sheepmeat"
11616,66,"Sheepmeat"
12091,66,"Sheepmeat"
11620,66,"Sheepmeat"
11860,66,"Sheepmeat"
11868,66,"Sheepmeat"
11869,66,"Sheepmeat"
12093,66,"Sheepmeat"
12095,66,"Sheepmeat"
12096,66,"Sheepmeat"
12104,66,"Sheepmeat"
11619,66,"Sheepmeat"
12118,66,"Sheepmeat"
27097,66,"Sheepmeat"
27107,66,"Sheepmeat"
27351,66,"Sheepmeat"
27102,66,"Sheepmeat"
27104,66,"Sheepmeat"
27354,66,"Sheepmeat"
11876,66,"Sheepmeat"
12092,66,"Sheepmeat"
12098,66,"Sheepmeat"
12097,66,"Sheepmeat"
12103,66,"Sheepmeat"
12119,66,"Sheepmeat"
27363,66,"Sheepmeat"
27112,66,"Sheepmeat"
27109,66,"Sheepmeat"
27113,66,"Sheepmeat"
27106,66,"Sheepmeat"
27108,66,"Sheepmeat"
27359,66,"Sheepmeat"
27360,66,"Sheepmeat"
27361,66,"Sheepmeat"
22848,66,"Sheepmeat"
22846,66,"Sheepmeat"
22847,66,"Sheepmeat"
22663,66,"Sheepmeat"
11610,66,"Sheepmeat"
12105,66,"Sheepmeat"
12106,66,"Sheepmeat"
12121,66,"Sheepmeat"
27063,66,"Sheepmeat"
27365,66,"Sheepmeat"
11853,66,"Sheepmeat"
11804,66,"Sheepmeat"
11805,66,"Sheepmeat"
11594,66,"Sheepmeat"
11595,66,"Sheepmeat"
11803,66,"Sheepmeat"
27086,66,"Sheepmeat"
27327,66,"Sheepmeat"
27328,66,"Sheepmeat"
27329,66,"Sheepmeat"
27330,66,"Sheepmeat"
27095,66,"Sheepmeat"
27344,66,"Sheepmeat"
27350,66,"Sheepmeat"
27070,66,"Sheepmeat"
27074,66,"Sheepmeat"
27302,66,"Sheepmeat"
27310,66,"Sheepmeat"
27311,66,"Sheepmeat"
27315,66,"Sheepmeat"
27308,66,"Sheepmeat"
27064,66,"Sheepmeat"
27316,66,"Sheepmeat"
11819,66,"Sheepmeat"
11821,66,"Sheepmeat"
11824,66,"Sheepmeat"
11601,66,"Sheepmeat"
11602,66,"Sheepmeat"
11605,66,"Sheepmeat"
11844,66,"Sheepmeat"
27300,66,"Sheepmeat"
27301,66,"Sheepmeat"
27307,66,"Sheepmeat"
27075,66,"Sheepmeat"
27071,66,"Sheepmeat"
27073,66,"Sheepmeat"
27072,66,"Sheepmeat"
27089,66,"Sheepmeat"
27324,66,"Sheepmeat"
11888,66,"Sheepmeat"
11895,66,"Sheepmeat"
27090,66,"Sheepmeat"
27096,66,"Sheepmeat"
27094,66,"Sheepmeat"
27427,66,"Sheepmeat"
27629,66,"Sheepmeat"
27429,66,"Sheepmeat"
27430,66,"Sheepmeat"
27631,66,"Sheepmeat"
27650,66,"Sheepmeat"
27628,66,"Sheepmeat"
27426,66,"Sheepmeat"
27436,66,"Sheepmeat"
27437,66,"Sheepmeat"
16629,66,"Sheepmeat"
27620,66,"Sheepmeat"
27632,66,"Sheepmeat"
27433,66,"Sheepmeat"
27434,66,"Sheepmeat"
29636,66,"Sheepmeat"
29456,66,"Sheepmeat"
29457,66,"Sheepmeat"
27088,66,"Sheepmeat"
27386,66,"Sheepmeat"
27425,66,"Sheepmeat"
27092,66,"Sheepmeat"
27332,66,"Sheepmeat"
27614,66,"Sheepmeat"
27616,66,"Sheepmeat"
27617,66,"Sheepmeat"
27416,66,"Sheepmeat"
27421,66,"Sheepmeat"
27618,66,"Sheepmeat"
27339,66,"Sheepmeat"
15074,66,"Sheepmeat"
11822,66,"Sheepmeat"
11836,66,"Sheepmeat"
11825,66,"Sheepmeat"
16367,66,"Sheepmeat"
16368,66,"Sheepmeat"
16370,66,"Sheepmeat"
16371,66,"Sheepmeat"
16378,66,"Sheepmeat"
16379,66,"Sheepmeat"
16633,66,"Sheepmeat"
16634,66,"Sheepmeat"
27087,66,"Sheepmeat"
27093,66,"Sheepmeat"
27338,66,"Sheepmeat"
27345,66,"Sheepmeat"
27347,66,"Sheepmeat"
27349,66,"Sheepmeat"
27387,66,"Sheepmeat"
29646,66,"Sheepmeat"
29648,66,"Sheepmeat"
29650,66,"Sheepmeat"
29439,66,"Sheepmeat"
29440,66,"Sheepmeat"
29651,66,"Sheepmeat"
29441,66,"Sheepmeat"
29454,66,"Sheepmeat"
27610,66,"Sheepmeat"
27419,66,"Sheepmeat"
27634,66,"Sheepmeat"
27639,66,"Sheepmeat"
27640,66,"Sheepmeat"
27641,66,"Sheepmeat"
27651,66,"Sheepmeat"
27435,66,"Sheepmeat"
27658,66,"Sheepmeat"
3219,66,"Sheepmeat"
3206,66,"Sheepmeat"
2402,66,"Sheepmeat"
2407,66,"Sheepmeat"
2476,66,"Sheepmeat"
2473,66,"Sheepmeat"
2475,66,"Sheepmeat"
2472,66,"Sheepmeat"
2471,66,"Sheepmeat"
2388,66,"Sheepmeat"
2392,66,"Sheepmeat"
2395,66,"Sheepmeat"
2505,66,"Sheepmeat"
2521,66,"Sheepmeat"
2528,66,"Sheepmeat"
29659,66,"Sheepmeat"
2362,66,"Sheepmeat"
2363,66,"Sheepmeat"
2371,66,"Sheepmeat"
2372,66,"Sheepmeat"
2374,66,"Sheepmeat"
2368,66,"Sheepmeat"
2370,66,"Sheepmeat"
2376,66,"Sheepmeat"
2377,66,"Sheepmeat"
2379,66,"Sheepmeat"
2382,66,"Sheepmeat"
2383,66,"Sheepmeat"
2385,66,"Sheepmeat"
2386,66,"Sheepmeat"
2387,66,"Sheepmeat"
11892,66,"Sheepmeat"
27058,66,"Sheepmeat"
11854,66,"Sheepmeat"
2406,66,"Sheepmeat"
2409,66,"Sheepmeat"
2410,66,"Sheepmeat"
2411,66,"Sheepmeat"
2412,66,"Sheepmeat"
2413,66,"Sheepmeat"
2416,66,"Sheepmeat"
2417,66,"Sheepmeat"
2418,66,"Sheepmeat"
2420,66,"Sheepmeat"
2421,66,"Sheepmeat"
2422,66,"Sheepmeat"
2423,66,"Sheepmeat"
2425,66,"Sheepmeat"
2426,66,"Sheepmeat"
2427,66,"Sheepmeat"
2443,66,"Sheepmeat"
2444,66,"Sheepmeat"
2445,66,"Sheepmeat"
2499,66,"Sheepmeat"
2500,66,"Sheepmeat"
2501,66,"Sheepmeat"
2502,66,"Sheepmeat"
2503,66,"Sheepmeat"
2514,66,"Sheepmeat"
2516,66,"Sheepmeat"
2517,66,"Sheepmeat"
2518,66,"Sheepmeat"
2522,66,"Sheepmeat"
2523,66,"Sheepmeat"
2524,66,"Sheepmeat"
2525,66,"Sheepmeat"
2526,66,"Sheepmeat"
2530,66,"Sheepmeat"
27054,66,"Sheepmeat"
27059,66,"Sheepmeat"
27060,66,"Sheepmeat"
27061,66,"Sheepmeat"
27062,66,"Sheepmeat"
27080,66,"Sheepmeat"
11850,66,"Sheepmeat"
11608,66,"Sheepmeat"
11856,66,"Sheepmeat"
11613,66,"Sheepmeat"
12100,66,"Sheepmeat"
27066,66,"Sheepmeat"
27067,66,"Sheepmeat"
27318,66,"Sheepmeat"
27366,66,"Sheepmeat"
22899,66,"Sheepmeat"
27415,66,"Sheepmeat"
27410,66,"Sheepmeat"
27413,66,"Sheepmeat"
27607,66,"Sheepmeat"
27608,66,"Sheepmeat"
27417,66,"Sheepmeat"
27412,66,"Sheepmeat"
27414,66,"Sheepmeat"
29663,66,"Sheepmeat"
27560,66,"Sheepmeat"
27562,66,"Sheepmeat"
27585,66,"Sheepmeat"
27579,66,"Sheepmeat"
27581,66,"Sheepmeat"
27296,66,"Sheepmeat"
27586,66,"Sheepmeat"
27569,66,"Sheepmeat"
27573,66,"Sheepmeat"
27604,66,"Sheepmeat"
27606,66,"Sheepmeat"
27317,66,"Sheepmeat"
27379,66,"Sheepmeat"
27370,66,"Sheepmeat"
27118,66,"Sheepmeat"
27122,66,"Sheepmeat"
23799,66,"Sheepmeat"
15299,66,"Sheepmeat"
15134,66,"Sheepmeat"
15045,66,"Sheepmeat"
15048,66,"Sheepmeat"
15049,66,"Sheepmeat"
15050,66,"Sheepmeat"
15097,66,"Sheepmeat"
15092,66,"Sheepmeat"
15047,66,"Sheepmeat"
15067,66,"Sheepmeat"
14864,66,"Sheepmeat"
15105,66,"Sheepmeat"
14875,66,"Sheepmeat"
15104,66,"Sheepmeat"
15116,66,"Sheepmeat"
15118,66,"Sheepmeat"
14879,66,"Sheepmeat"
15132,66,"Sheepmeat"
15138,66,"Sheepmeat"
15294,66,"Sheepmeat"
29652,66,"Sheepmeat"
29442,66,"Sheepmeat"
29452,66,"Sheepmeat"
29453,66,"Sheepmeat"
29443,66,"Sheepmeat"
29444,66,"Sheepmeat"
29447,66,"Sheepmeat"
30892,66,"Sheepmeat"
29653,66,"Sheepmeat"
29656,66,"Sheepmeat"
29654,66,"Sheepmeat"
29661,66,"Sheepmeat"
27439,66,"Sheepmeat"
27440,66,"Sheepmeat"
30673,66,"Sheepmeat"
29649,66,"Sheepmeat"
30893,66,"Sheepmeat"
30890,66,"Sheepmeat"
29449,66,"Sheepmeat"
27137,66,"Sheepmeat"
27399,66,"Sheepmeat"
29446,66,"Sheepmeat"
29448,66,"Sheepmeat"
29662,66,"Sheepmeat"
29695,66,"Sheepmeat"
27131,66,"Sheepmeat"
27132,66,"Sheepmeat"
27135,66,"Sheepmeat"
22629,66,"Sheepmeat"
22622,66,"Sheepmeat"
22631,66,"Sheepmeat"
22632,66,"Sheepmeat"
22637,66,"Sheepmeat"
22850,66,"Sheepmeat"
22856,66,"Sheepmeat"
22863,66,"Sheepmeat"
22886,66,"Sheepmeat"
22871,66,"Sheepmeat"
22862,66,"Sheepmeat"
22639,66,"Sheepmeat"
22877,66,"Sheepmeat"
22638,66,"Sheepmeat"
15102,66,"Sheepmeat"
22816,66,"Sheepmeat"
22872,66,"Sheepmeat"
22902,66,"Sheepmeat"
15103,66,"Sheepmeat"
22874,66,"Sheepmeat"
15064,66,"Sheepmeat"
22878,66,"Sheepmeat"
22651,66,"Sheepmeat"
22882,66,"Sheepmeat"
22883,66,"Sheepmeat"
22888,66,"Sheepmeat"
22893,66,"Sheepmeat"
15068,66,"Sheepmeat"
15306,66,"Sheepmeat"
22894,66,"Sheepmeat"
22895,66,"Sheepmeat"
22653,66,"Sheepmeat"
22659,66,"Sheepmeat"
22898,66,"Sheepmeat"
11870,66,"Sheepmeat"
14865,66,"Sheepmeat"
15044,66,"Sheepmeat"
15076,66,"Sheepmeat"
15091,66,"Sheepmeat"
15095,66,"Sheepmeat"
15101,66,"Sheepmeat"
14860,66,"Sheepmeat"
15113,66,"Sheepmeat"
15114,66,"Sheepmeat"
15122,66,"Sheepmeat"
15128,66,"Sheepmeat"
27101,66,"Sheepmeat"
27103,66,"Sheepmeat"
22905,66,"Sheepmeat"
15096,66,"Sheepmeat"
15106,66,"Sheepmeat"
16919,66,"Sheepmeat"
14868,66,"Sheepmeat"
14870,66,"Sheepmeat"
16976,66,"Sheepmeat"
14873,66,"Sheepmeat"
14876,66,"Sheepmeat"
14878,66,"Sheepmeat"
15121,66,"Sheepmeat"
16924,66,"Sheepmeat"
15051,66,"Sheepmeat"
16363,66,"Sheepmeat"
16365,66,"Sheepmeat"
16366,66,"Sheepmeat"
16635,66,"Sheepmeat"
16974,66,"Sheepmeat"
15073,66,"Sheepmeat"
16674,66,"Sheepmeat"
16897,66,"Sheepmeat"
16898,66,"Sheepmeat"
16899,66,"Sheepmeat"
16901,66,"Sheepmeat"
16907,66,"Sheepmeat"
16920,66,"Sheepmeat"
16927,66,"Sheepmeat"
16929,66,"Sheepmeat"
16641,66,"Sheepmeat"
16381,66,"Sheepmeat"
16383,66,"Sheepmeat"
27305,66,"Sheepmeat"
27069,66,"Sheepmeat"
27077,66,"Sheepmeat"
27078,66,"Sheepmeat"
27079,66,"Sheepmeat"
2980,65,"Sheepmeat"
2982,65,"Sheepmeat"
3058,65,"Sheepmeat"
2938,65,"Sheepmeat"
2947,65,"Sheepmeat"
2976,65,"Sheepmeat"
2984,65,"Sheepmeat"
2985,65,"Sheepmeat"
2823,65,"Sheepmeat"
2986,65,"Sheepmeat"
2989,65,"Sheepmeat"
2992,65,"Sheepmeat"
2991,65,"Sheepmeat"
2955,65,"Sheepmeat"
2962,65,"Sheepmeat"
2963,65,"Sheepmeat"
2925,65,"Sheepmeat"
2978,65,"Sheepmeat"
2966,65,"Sheepmeat"
2924,65,"Sheepmeat"
2926,65,"Sheepmeat"
2930,65,"Sheepmeat"
2931,65,"Sheepmeat"
2934,65,"Sheepmeat"
2935,65,"Sheepmeat"
2937,65,"Sheepmeat"
3273,65,"Sheepmeat"
2974,65,"Sheepmeat"
2356,65,"Sheepmeat"
2967,65,"Sheepmeat"
2990,65,"Sheepmeat"
2355,65,"Sheepmeat"
2979,65,"Sheepmeat"
2981,65,"Sheepmeat"
2983,65,"Sheepmeat"
3057,65,"Sheepmeat"
3047,65,"Sheepmeat"
3055,65,"Sheepmeat"
3056,65,"Sheepmeat"
2994,65,"Sheepmeat"
2995,65,"Sheepmeat"
2997,65,"Sheepmeat"
2996,65,"Sheepmeat"
3274,65,"Sheepmeat"
3275,65,"Sheepmeat"
3276,65,"Sheepmeat"
2951,65,"Sheepmeat"
2952,65,"Sheepmeat"
2953,65,"Sheepmeat"
2964,65,"Sheepmeat"
2968,65,"Sheepmeat"
2969,65,"Sheepmeat"
2971,65,"Sheepmeat"
2972,65,"Sheepmeat"
3272,65,"Sheepmeat"
2343,65,"Sheepmeat"
2344,65,"Sheepmeat"
2346,65,"Sheepmeat"
2357,65,"Sheepmeat"
3249,65,"Sheepmeat"
3251,65,"Sheepmeat"
3269,65,"Sheepmeat"
2348,65,"Sheepmeat"
2349,65,"Sheepmeat"
2352,65,"Sheepmeat"
2920,65,"Sheepmeat"
2358,65,"Sheepmeat"
22868,65,"Sheepmeat"
22814,65,"Sheepmeat"
22869,65,"Sheepmeat"
22903,65,"Sheepmeat"
11866,65,"Sheepmeat"
11873,65,"Sheepmeat"
22837,65,"Sheepmeat"
22841,65,"Sheepmeat"
22842,65,"Sheepmeat"
22838,65,"Sheepmeat"
22845,65,"Sheepmeat"
22849,65,"Sheepmeat"
22854,65,"Sheepmeat"
22865,65,"Sheepmeat"
22866,65,"Sheepmeat"
22844,65,"Sheepmeat"
11862,65,"Sheepmeat"
11863,65,"Sheepmeat"
3146,65,"Sheepmeat"
3190,65,"Sheepmeat"
3204,65,"Sheepmeat"
3105,65,"Sheepmeat"
3148,65,"Sheepmeat"
2384,65,"Sheepmeat"
2414,65,"Sheepmeat"
3113,65,"Sheepmeat"
3147,65,"Sheepmeat"
3159,65,"Sheepmeat"
3160,65,"Sheepmeat"
3158,65,"Sheepmeat"
3203,65,"Sheepmeat"
3150,65,"Sheepmeat"
3161,65,"Sheepmeat"
3254,65,"Sheepmeat"
3191,65,"Sheepmeat"
3192,65,"Sheepmeat"
3193,65,"Sheepmeat"
3116,65,"Sheepmeat"
3127,65,"Sheepmeat"
3128,65,"Sheepmeat"
3130,65,"Sheepmeat"
3133,65,"Sheepmeat"
3134,65,"Sheepmeat"
3208,65,"Sheepmeat"
3209,65,"Sheepmeat"
3252,65,"Sheepmeat"
3244,65,"Sheepmeat"
3248,65,"Sheepmeat"
3250,65,"Sheepmeat"
3259,65,"Sheepmeat"
3260,65,"Sheepmeat"
3239,65,"Sheepmeat"
3222,65,"Sheepmeat"
3238,65,"Sheepmeat"
3139,65,"Sheepmeat"
3256,65,"Sheepmeat"
3087,65,"Sheepmeat"
3121,65,"Sheepmeat"
3122,65,"Sheepmeat"
27053,65,"Sheepmeat"
3083,65,"Sheepmeat"
3126,65,"Sheepmeat"
27309,65,"Sheepmeat"
3085,65,"Sheepmeat"
3089,65,"Sheepmeat"
27136,65,"Sheepmeat"
27394,65,"Sheepmeat"
27395,65,"Sheepmeat"
27139,65,"Sheepmeat"
27140,65,"Sheepmeat"
27557,65,"Sheepmeat"
27295,65,"Sheepmeat"
27312,65,"Sheepmeat"
27313,65,"Sheepmeat"
27367,65,"Sheepmeat"
3088,65,"Sheepmeat"
3090,65,"Sheepmeat"
3100,65,"Sheepmeat"
3101,65,"Sheepmeat"
3103,65,"Sheepmeat"
3114,65,"Sheepmeat"
3187,65,"Sheepmeat"
3097,65,"Sheepmeat"
3106,65,"Sheepmeat"
3112,65,"Sheepmeat"
2415,65,"Sheepmeat"
2419,65,"Sheepmeat"
2428,65,"Sheepmeat"
2429,65,"Sheepmeat"
3125,65,"Sheepmeat"
3129,65,"Sheepmeat"
27129,65,"Sheepmeat"
3095,65,"Sheepmeat"
3099,65,"Sheepmeat"
3104,65,"Sheepmeat"
3108,65,"Sheepmeat"
2430,65,"Sheepmeat"
2519,65,"Sheepmeat"
2531,65,"Sheepmeat"
11585,65,"Sheepmeat"
11586,65,"Sheepmeat"
2870,65,"Sheepmeat"
2893,65,"Sheepmeat"
2871,65,"Sheepmeat"
2880,65,"Sheepmeat"
2883,65,"Sheepmeat"
3062,65,"Sheepmeat"
3230,65,"Sheepmeat"
3060,65,"Sheepmeat"
3061,65,"Sheepmeat"
3075,65,"Sheepmeat"
2898,65,"Sheepmeat"
2885,65,"Sheepmeat"
2884,65,"Sheepmeat"
2888,65,"Sheepmeat"
2889,65,"Sheepmeat"
2890,65,"Sheepmeat"
2891,65,"Sheepmeat"
2892,65,"Sheepmeat"
3289,65,"Sheepmeat"
2887,65,"Sheepmeat"
3290,65,"Sheepmeat"
2899,65,"Sheepmeat"
2886,65,"Sheepmeat"
3225,65,"Sheepmeat"
3070,65,"Sheepmeat"
3066,65,"Sheepmeat"
3071,65,"Sheepmeat"
3073,65,"Sheepmeat"
3074,65,"Sheepmeat"
11584,65,"Sheepmeat"
27057,65,"Sheepmeat"
3077,65,"Sheepmeat"
3078,65,"Sheepmeat"
2900,65,"Sheepmeat"
2916,65,"Sheepmeat"
2923,65,"Sheepmeat"
2921,65,"Sheepmeat"
27055,65,"Sheepmeat"
27056,65,"Sheepmeat"
3063,65,"Sheepmeat"
3064,65,"Sheepmeat"
3076,65,"Sheepmeat"
2922,65,"Sheepmeat"
2918,65,"Sheepmeat"
2917,65,"Sheepmeat"
3232,65,"Sheepmeat"
3233,65,"Sheepmeat"
3235,65,"Sheepmeat"
3278,65,"Sheepmeat"
3279,65,"Sheepmeat"
3131,65,"Sheepmeat"
3212,65,"Sheepmeat"
3227,65,"Sheepmeat"
3228,65,"Sheepmeat"
3296,65,"Sheepmeat"
3234,65,"Sheepmeat"
2941,65,"Sheepmeat"
3247,65,"Sheepmeat"
3264,65,"Sheepmeat"
3265,65,"Sheepmeat"
3266,65,"Sheepmeat"
3267,65,"Sheepmeat"
2940,65,"Sheepmeat"
2944,65,"Sheepmeat"
2948,65,"Sheepmeat"
3236,65,"Sheepmeat"
3298,65,"Sheepmeat"
2895,65,"Sheepmeat"
3292,65,"Sheepmeat"
3294,65,"Sheepmeat"
3224,65,"Sheepmeat"
2894,65,"Sheepmeat"
3299,65,"Sheepmeat"
2896,65,"Sheepmeat"
2897,65,"Sheepmeat"
3293,65,"Sheepmeat"
2949,65,"Sheepmeat"
2939,65,"Sheepmeat"
2943,65,"Sheepmeat"
2946,65,"Sheepmeat"
2950,65,"Sheepmeat"
2954,65,"Sheepmeat"
2942,65,"Sheepmeat"
3277,65,"Sheepmeat"
3223,65,"Sheepmeat"
3297,65,"Sheepmeat"
3237,65,"Sheepmeat"
3240,65,"Sheepmeat"
3241,65,"Sheepmeat"
3214,65,"Sheepmeat"
3221,65,"Sheepmeat"
3261,65,"Sheepmeat"
3262,65,"Sheepmeat"
3253,65,"Sheepmeat"
3255,65,"Sheepmeat"
2360,65,"Sheepmeat"
3263,65,"Sheepmeat"
11871,65,"Sheepmeat"
11624,65,"Sheepmeat"
11889,65,"Sheepmeat"
11626,65,"Sheepmeat"
11884,65,"Sheepmeat"
11887,65,"Sheepmeat"
11630,65,"Sheepmeat"
11631,65,"Sheepmeat"
12074,65,"Sheepmeat"
11623,65,"Sheepmeat"
11875,65,"Sheepmeat"
12073,65,"Sheepmeat"
12087,65,"Sheepmeat"
11861,65,"Sheepmeat"
11867,65,"Sheepmeat"
27353,65,"Sheepmeat"
27355,65,"Sheepmeat"
11618,65,"Sheepmeat"
11859,65,"Sheepmeat"
12107,65,"Sheepmeat"
27343,65,"Sheepmeat"
27100,65,"Sheepmeat"
27098,65,"Sheepmeat"
27111,65,"Sheepmeat"
12094,65,"Sheepmeat"
27362,65,"Sheepmeat"
11615,65,"Sheepmeat"
11616,65,"Sheepmeat"
12091,65,"Sheepmeat"
11620,65,"Sheepmeat"
11860,65,"Sheepmeat"
11868,65,"Sheepmeat"
11869,65,"Sheepmeat"
12093,65,"Sheepmeat"
12095,65,"Sheepmeat"
12096,65,"Sheepmeat"
12104,65,"Sheepmeat"
11619,65,"Sheepmeat"
12118,65,"Sheepmeat"
27097,65,"Sheepmeat"
27107,65,"Sheepmeat"
27351,65,"Sheepmeat"
27102,65,"Sheepmeat"
27104,65,"Sheepmeat"
27354,65,"Sheepmeat"
11876,65,"Sheepmeat"
12092,65,"Sheepmeat"
12098,65,"Sheepmeat"
12097,65,"Sheepmeat"
12103,65,"Sheepmeat"
12119,65,"Sheepmeat"
27363,65,"Sheepmeat"
27112,65,"Sheepmeat"
27109,65,"Sheepmeat"
27113,65,"Sheepmeat"
27106,65,"Sheepmeat"
27108,65,"Sheepmeat"
27359,65,"Sheepmeat"
27360,65,"Sheepmeat"
27361,65,"Sheepmeat"
22848,65,"Sheepmeat"
22846,65,"Sheepmeat"
22847,65,"Sheepmeat"
22657,65,"Sheepmeat"
22663,65,"Sheepmeat"
11610,65,"Sheepmeat"
12105,65,"Sheepmeat"
12106,65,"Sheepmeat"
12121,65,"Sheepmeat"
27063,65,"Sheepmeat"
27365,65,"Sheepmeat"
11853,65,"Sheepmeat"
11804,65,"Sheepmeat"
11805,65,"Sheepmeat"
11594,65,"Sheepmeat"
11595,65,"Sheepmeat"
11803,65,"Sheepmeat"
11807,65,"Sheepmeat"
11808,65,"Sheepmeat"
27086,65,"Sheepmeat"
27327,65,"Sheepmeat"
27328,65,"Sheepmeat"
27329,65,"Sheepmeat"
27330,65,"Sheepmeat"
27095,65,"Sheepmeat"
27344,65,"Sheepmeat"
27350,65,"Sheepmeat"
27070,65,"Sheepmeat"
27074,65,"Sheepmeat"
27302,65,"Sheepmeat"
27310,65,"Sheepmeat"
27311,65,"Sheepmeat"
27315,65,"Sheepmeat"
27068,65,"Sheepmeat"
27308,65,"Sheepmeat"
27064,65,"Sheepmeat"
27316,65,"Sheepmeat"
11819,65,"Sheepmeat"
11821,65,"Sheepmeat"
11824,65,"Sheepmeat"
11601,65,"Sheepmeat"
11602,65,"Sheepmeat"
11605,65,"Sheepmeat"
11844,65,"Sheepmeat"
27298,65,"Sheepmeat"
27300,65,"Sheepmeat"
27301,65,"Sheepmeat"
27303,65,"Sheepmeat"
27307,65,"Sheepmeat"
27075,65,"Sheepmeat"
27071,65,"Sheepmeat"
27073,65,"Sheepmeat"
27072,65,"Sheepmeat"
27089,65,"Sheepmeat"
27324,65,"Sheepmeat"
11885,65,"Sheepmeat"
11888,65,"Sheepmeat"
11894,65,"Sheepmeat"
11895,65,"Sheepmeat"
27090,65,"Sheepmeat"
27096,65,"Sheepmeat"
27094,65,"Sheepmeat"
27427,65,"Sheepmeat"
27629,65,"Sheepmeat"
27429,65,"Sheepmeat"
27430,65,"Sheepmeat"
27432,65,"Sheepmeat"
27631,65,"Sheepmeat"
27650,65,"Sheepmeat"
27628,65,"Sheepmeat"
27426,65,"Sheepmeat"
27436,65,"Sheepmeat"
27437,65,"Sheepmeat"
16629,65,"Sheepmeat"
27620,65,"Sheepmeat"
27632,65,"Sheepmeat"
27433,65,"Sheepmeat"
27434,65,"Sheepmeat"
29632,65,"Sheepmeat"
29636,65,"Sheepmeat"
29456,65,"Sheepmeat"
29457,65,"Sheepmeat"
27088,65,"Sheepmeat"
27386,65,"Sheepmeat"
27425,65,"Sheepmeat"
27092,65,"Sheepmeat"
27332,65,"Sheepmeat"
27614,65,"Sheepmeat"
27616,65,"Sheepmeat"
27617,65,"Sheepmeat"
27416,65,"Sheepmeat"
27421,65,"Sheepmeat"
27618,65,"Sheepmeat"
27339,65,"Sheepmeat"
15074,65,"Sheepmeat"
11822,65,"Sheepmeat"
11836,65,"Sheepmeat"
11598,65,"Sheepmeat"
11599,65,"Sheepmeat"
11825,65,"Sheepmeat"
11827,65,"Sheepmeat"
11828,65,"Sheepmeat"
11604,65,"Sheepmeat"
16367,65,"Sheepmeat"
16368,65,"Sheepmeat"
16370,65,"Sheepmeat"
16371,65,"Sheepmeat"
16377,65,"Sheepmeat"
16378,65,"Sheepmeat"
16379,65,"Sheepmeat"
16633,65,"Sheepmeat"
16634,65,"Sheepmeat"
27087,65,"Sheepmeat"
27093,65,"Sheepmeat"
27338,65,"Sheepmeat"
27345,65,"Sheepmeat"
27347,65,"Sheepmeat"
27348,65,"Sheepmeat"
27349,65,"Sheepmeat"
27383,65,"Sheepmeat"
27387,65,"Sheepmeat"
27389,65,"Sheepmeat"
29640,65,"Sheepmeat"
29644,65,"Sheepmeat"
29646,65,"Sheepmeat"
29648,65,"Sheepmeat"
29650,65,"Sheepmeat"
29439,65,"Sheepmeat"
29440,65,"Sheepmeat"
29651,65,"Sheepmeat"
29441,65,"Sheepmeat"
29454,65,"Sheepmeat"
27610,65,"Sheepmeat"
27419,65,"Sheepmeat"
27619,65,"Sheepmeat"
27622,65,"Sheepmeat"
27627,65,"Sheepmeat"
27633,65,"Sheepmeat"
27634,65,"Sheepmeat"
27635,65,"Sheepmeat"
27639,65,"Sheepmeat"
27640,65,"Sheepmeat"
27641,65,"Sheepmeat"
27649,65,"Sheepmeat"
27651,65,"Sheepmeat"
27435,65,"Sheepmeat"
27658,65,"Sheepmeat"
3219,65,"Sheepmeat"
3206,65,"Sheepmeat"
2402,65,"Sheepmeat"
2407,65,"Sheepmeat"
2476,65,"Sheepmeat"
2473,65,"Sheepmeat"
2475,65,"Sheepmeat"
2472,65,"Sheepmeat"
2471,65,"Sheepmeat"
2494,65,"Sheepmeat"
2388,65,"Sheepmeat"
2392,65,"Sheepmeat"
2395,65,"Sheepmeat"
2396,65,"Sheepmeat"
2399,65,"Sheepmeat"
2505,65,"Sheepmeat"
2510,65,"Sheepmeat"
2511,65,"Sheepmeat"
2512,65,"Sheepmeat"
2521,65,"Sheepmeat"
2528,65,"Sheepmeat"
2529,65,"Sheepmeat"
29659,65,"Sheepmeat"
2362,65,"Sheepmeat"
2363,65,"Sheepmeat"
2371,65,"Sheepmeat"
2372,65,"Sheepmeat"
2374,65,"Sheepmeat"
2368,65,"Sheepmeat"
2370,65,"Sheepmeat"
2375,65,"Sheepmeat"
2376,65,"Sheepmeat"
2377,65,"Sheepmeat"
2378,65,"Sheepmeat"
2379,65,"Sheepmeat"
2382,65,"Sheepmeat"
2383,65,"Sheepmeat"
2385,65,"Sheepmeat"
2386,65,"Sheepmeat"
2387,65,"Sheepmeat"
2389,65,"Sheepmeat"
11892,65,"Sheepmeat"
27058,65,"Sheepmeat"
11854,65,"Sheepmeat"
2406,65,"Sheepmeat"
2409,65,"Sheepmeat"
2410,65,"Sheepmeat"
2411,65,"Sheepmeat"
2412,65,"Sheepmeat"
2413,65,"Sheepmeat"
2416,65,"Sheepmeat"
2417,65,"Sheepmeat"
2418,65,"Sheepmeat"
2420,65,"Sheepmeat"
2421,65,"Sheepmeat"
2422,65,"Sheepmeat"
2423,65,"Sheepmeat"
2424,65,"Sheepmeat"
2425,65,"Sheepmeat"
2426,65,"Sheepmeat"
2427,65,"Sheepmeat"
2432,65,"Sheepmeat"
2438,65,"Sheepmeat"
2439,65,"Sheepmeat"
2440,65,"Sheepmeat"
2441,65,"Sheepmeat"
2442,65,"Sheepmeat"
2443,65,"Sheepmeat"
2444,65,"Sheepmeat"
2445,65,"Sheepmeat"
2446,65,"Sheepmeat"
2456,65,"Sheepmeat"
2490,65,"Sheepmeat"
2495,65,"Sheepmeat"
2499,65,"Sheepmeat"
2500,65,"Sheepmeat"
2501,65,"Sheepmeat"
2502,65,"Sheepmeat"
2503,65,"Sheepmeat"
2506,65,"Sheepmeat"
2507,65,"Sheepmeat"
2508,65,"Sheepmeat"
2509,65,"Sheepmeat"
2513,65,"Sheepmeat"
2514,65,"Sheepmeat"
2515,65,"Sheepmeat"
2516,65,"Sheepmeat"
2517,65,"Sheepmeat"
2518,65,"Sheepmeat"
2522,65,"Sheepmeat"
2523,65,"Sheepmeat"
2524,65,"Sheepmeat"
2525,65,"Sheepmeat"
2526,65,"Sheepmeat"
2527,65,"Sheepmeat"
2530,65,"Sheepmeat"
27054,65,"Sheepmeat"
27059,65,"Sheepmeat"
27060,65,"Sheepmeat"
27061,65,"Sheepmeat"
27062,65,"Sheepmeat"
27080,65,"Sheepmeat"
11893,65,"Sheepmeat"
11850,65,"Sheepmeat"
11608,65,"Sheepmeat"
11856,65,"Sheepmeat"
11613,65,"Sheepmeat"
12100,65,"Sheepmeat"
12117,65,"Sheepmeat"
27065,65,"Sheepmeat"
27066,65,"Sheepmeat"
27067,65,"Sheepmeat"
27318,65,"Sheepmeat"
27320,65,"Sheepmeat"
27321,65,"Sheepmeat"
27081,65,"Sheepmeat"
27340,65,"Sheepmeat"
27366,65,"Sheepmeat"
22899,65,"Sheepmeat"
27415,65,"Sheepmeat"
27410,65,"Sheepmeat"
27413,65,"Sheepmeat"
27607,65,"Sheepmeat"
27608,65,"Sheepmeat"
27417,65,"Sheepmeat"
27412,65,"Sheepmeat"
27414,65,"Sheepmeat"
29663,65,"Sheepmeat"
27560,65,"Sheepmeat"
27562,65,"Sheepmeat"
27585,65,"Sheepmeat"
27579,65,"Sheepmeat"
27581,65,"Sheepmeat"
27296,65,"Sheepmeat"
27586,65,"Sheepmeat"
27603,65,"Sheepmeat"
27411,65,"Sheepmeat"
27569,65,"Sheepmeat"
27573,65,"Sheepmeat"
27604,65,"Sheepmeat"
27606,65,"Sheepmeat"
27317,65,"Sheepmeat"
27379,65,"Sheepmeat"
27370,65,"Sheepmeat"
27373,65,"Sheepmeat"
27375,65,"Sheepmeat"
27118,65,"Sheepmeat"
27119,65,"Sheepmeat"
27122,65,"Sheepmeat"
23788,65,"Sheepmeat"
23799,65,"Sheepmeat"
15299,65,"Sheepmeat"
15134,65,"Sheepmeat"
15040,65,"Sheepmeat"
15045,65,"Sheepmeat"
15048,65,"Sheepmeat"
15049,65,"Sheepmeat"
15050,65,"Sheepmeat"
15097,65,"Sheepmeat"
15092,65,"Sheepmeat"
15047,65,"Sheepmeat"
15067,65,"Sheepmeat"
14864,65,"Sheepmeat"
15105,65,"Sheepmeat"
14875,65,"Sheepmeat"
15099,65,"Sheepmeat"
15104,65,"Sheepmeat"
15110,65,"Sheepmeat"
15116,65,"Sheepmeat"
15118,65,"Sheepmeat"
14879,65,"Sheepmeat"
15132,65,"Sheepmeat"
15138,65,"Sheepmeat"
15294,65,"Sheepmeat"
29652,65,"Sheepmeat"
29442,65,"Sheepmeat"
29452,65,"Sheepmeat"
29453,65,"Sheepmeat"
29443,65,"Sheepmeat"
29444,65,"Sheepmeat"
29447,65,"Sheepmeat"
30892,65,"Sheepmeat"
29653,65,"Sheepmeat"
29656,65,"Sheepmeat"
2533,65,"Sheepmeat"
29654,65,"Sheepmeat"
29660,65,"Sheepmeat"
29661,65,"Sheepmeat"
27439,65,"Sheepmeat"
27440,65,"Sheepmeat"
30673,65,"Sheepmeat"
29649,65,"Sheepmeat"
30893,65,"Sheepmeat"
29696,65,"Sheepmeat"
29697,65,"Sheepmeat"
30890,65,"Sheepmeat"
30891,65,"Sheepmeat"
29449,65,"Sheepmeat"
27133,65,"Sheepmeat"
27137,65,"Sheepmeat"
27399,65,"Sheepmeat"
27441,65,"Sheepmeat"
29446,65,"Sheepmeat"
29448,65,"Sheepmeat"
29662,65,"Sheepmeat"
29695,65,"Sheepmeat"
27131,65,"Sheepmeat"
27132,65,"Sheepmeat"
27135,65,"Sheepmeat"
22623,65,"Sheepmeat"
22629,65,"Sheepmeat"
22897,65,"Sheepmeat"
22622,65,"Sheepmeat"
22627,65,"Sheepmeat"
22631,65,"Sheepmeat"
22632,65,"Sheepmeat"
22633,65,"Sheepmeat"
22637,65,"Sheepmeat"
22850,65,"Sheepmeat"
22851,65,"Sheepmeat"
22856,65,"Sheepmeat"
22863,65,"Sheepmeat"
22886,65,"Sheepmeat"
22887,65,"Sheepmeat"
22871,65,"Sheepmeat"
22862,65,"Sheepmeat"
22639,65,"Sheepmeat"
22877,65,"Sheepmeat"
22638,65,"Sheepmeat"
22641,65,"Sheepmeat"
15102,65,"Sheepmeat"
22816,65,"Sheepmeat"
22872,65,"Sheepmeat"
22902,65,"Sheepmeat"
15103,65,"Sheepmeat"
22640,65,"Sheepmeat"
22873,65,"Sheepmeat"
22874,65,"Sheepmeat"
15064,65,"Sheepmeat"
22878,65,"Sheepmeat"
22881,65,"Sheepmeat"
22651,65,"Sheepmeat"
22885,65,"Sheepmeat"
22642,65,"Sheepmeat"
22882,65,"Sheepmeat"
22883,65,"Sheepmeat"
22888,65,"Sheepmeat"
22893,65,"Sheepmeat"
15054,65,"Sheepmeat"
15068,65,"Sheepmeat"
15306,65,"Sheepmeat"
15307,65,"Sheepmeat"
22894,65,"Sheepmeat"
22895,65,"Sheepmeat"
22653,65,"Sheepmeat"
22659,65,"Sheepmeat"
22656,65,"Sheepmeat"
22660,65,"Sheepmeat"
22898,65,"Sheepmeat"
11870,65,"Sheepmeat"
11872,65,"Sheepmeat"
14865,65,"Sheepmeat"
15035,65,"Sheepmeat"
15044,65,"Sheepmeat"
15076,65,"Sheepmeat"
15080,65,"Sheepmeat"
15081,65,"Sheepmeat"
15084,65,"Sheepmeat"
15088,65,"Sheepmeat"
15091,65,"Sheepmeat"
15095,65,"Sheepmeat"
15100,65,"Sheepmeat"
15101,65,"Sheepmeat"
14859,65,"Sheepmeat"
14860,65,"Sheepmeat"
14861,65,"Sheepmeat"
14866,65,"Sheepmeat"
15112,65,"Sheepmeat"
15113,65,"Sheepmeat"
15114,65,"Sheepmeat"
15115,65,"Sheepmeat"
15122,65,"Sheepmeat"
15128,65,"Sheepmeat"
15131,65,"Sheepmeat"
11880,65,"Sheepmeat"
15070,65,"Sheepmeat"
15308,65,"Sheepmeat"
15309,65,"Sheepmeat"
15310,65,"Sheepmeat"
27099,65,"Sheepmeat"
27101,65,"Sheepmeat"
27103,65,"Sheepmeat"
27356,65,"Sheepmeat"
22905,65,"Sheepmeat"
15096,65,"Sheepmeat"
15106,65,"Sheepmeat"
16919,65,"Sheepmeat"
15109,65,"Sheepmeat"
14868,65,"Sheepmeat"
14870,65,"Sheepmeat"
16976,65,"Sheepmeat"
14873,65,"Sheepmeat"
14876,65,"Sheepmeat"
14878,65,"Sheepmeat"
15121,65,"Sheepmeat"
16924,65,"Sheepmeat"
14877,65,"Sheepmeat"
15051,65,"Sheepmeat"
16363,65,"Sheepmeat"
16365,65,"Sheepmeat"
16366,65,"Sheepmeat"
16635,65,"Sheepmeat"
16974,65,"Sheepmeat"
15066,65,"Sheepmeat"
15073,65,"Sheepmeat"
27390,65,"Sheepmeat"
16925,65,"Sheepmeat"
16926,65,"Sheepmeat"
16674,65,"Sheepmeat"
16897,65,"Sheepmeat"
16898,65,"Sheepmeat"
16899,65,"Sheepmeat"
16901,65,"Sheepmeat"
16902,65,"Sheepmeat"
16903,65,"Sheepmeat"
16905,65,"Sheepmeat"
16906,65,"Sheepmeat"
16907,65,"Sheepmeat"
16920,65,"Sheepmeat"
16927,65,"Sheepmeat"
16929,65,"Sheepmeat"
15296,65,"Sheepmeat"
16641,65,"Sheepmeat"
16381,65,"Sheepmeat"
16383,65,"Sheepmeat"
16916,65,"Sheepmeat"
16917,65,"Sheepmeat"
27304,65,"Sheepmeat"
27305,65,"Sheepmeat"
27306,65,"Sheepmeat"
27069,65,"Sheepmeat"
27077,65,"Sheepmeat"
27078,65,"Sheepmeat"
27079,65,"Sheepmeat"
