"gate_source","gate_target","produce"
14336,74,"Forestry"
31066,74,"Forestry"
14337,74,"Forestry"
30676,74,"Forestry"
14336,84,"Forestry"
31066,84,"Forestry"
14337,84,"Forestry"
30676,84,"Forestry"
22142,83,"Dairy"
22363,83,"Dairy"
22368,83,"Dairy"
22372,83,"Dairy"
22373,83,"Dairy"
13638,83,"Dairy"
14036,83,"Dairy"
14035,83,"Dairy"
14053,83,"Dairy"
22861,83,"Dairy"
22888,83,"Dairy"
22889,83,"Dairy"
22893,83,"Dairy"
22625,83,"Dairy"
22634,83,"Dairy"
22637,83,"Dairy"
22890,83,"Dairy"
22891,83,"Dairy"
22892,83,"Dairy"
16924,83,"Dairy"
16928,83,"Dairy"
16648,83,"Dairy"
16649,83,"Dairy"
16674,83,"Dairy"
23799,83,"Dairy"
14884,83,"Dairy"
15299,83,"Dairy"
16977,83,"Dairy"
16978,83,"Dairy"
5863,82,"Beef"
5863,66,"Beef"
5863,65,"Beef"
8300,66,"Sheepmeat"
468,66,"Sheepmeat"
469,66,"Sheepmeat"
292,66,"Sheepmeat"
183,66,"Sheepmeat"
212,66,"Sheepmeat"
176,66,"Sheepmeat"
172,66,"Sheepmeat"
225,66,"Sheepmeat"
13191,66,"Sheepmeat"
13192,66,"Sheepmeat"
7956,66,"Sheepmeat"
7364,66,"Sheepmeat"
7367,66,"Sheepmeat"
7370,66,"Sheepmeat"
7959,66,"Sheepmeat"
7964,66,"Sheepmeat"
7972,66,"Sheepmeat"
7980,66,"Sheepmeat"
7981,66,"Sheepmeat"
7382,66,"Sheepmeat"
14558,66,"Sheepmeat"
8133,66,"Sheepmeat"
8134,66,"Sheepmeat"
8137,66,"Sheepmeat"
8367,66,"Sheepmeat"
8444,66,"Sheepmeat"
8364,66,"Sheepmeat"
8185,66,"Sheepmeat"
8441,66,"Sheepmeat"
8442,66,"Sheepmeat"
8443,66,"Sheepmeat"
8449,66,"Sheepmeat"
8431,66,"Sheepmeat"
8435,66,"Sheepmeat"
8436,66,"Sheepmeat"
8205,66,"Sheepmeat"
8188,66,"Sheepmeat"
7975,66,"Sheepmeat"
7977,66,"Sheepmeat"
7978,66,"Sheepmeat"
7983,66,"Sheepmeat"
7455,66,"Sheepmeat"
7457,66,"Sheepmeat"
7459,66,"Sheepmeat"
7465,66,"Sheepmeat"
8141,66,"Sheepmeat"
8142,66,"Sheepmeat"
8439,66,"Sheepmeat"
8189,66,"Sheepmeat"
8190,66,"Sheepmeat"
8446,66,"Sheepmeat"
8192,66,"Sheepmeat"
8448,66,"Sheepmeat"
8196,66,"Sheepmeat"
14316,66,"Sheepmeat"
14320,66,"Sheepmeat"
8451,66,"Sheepmeat"
7086,66,"Sheepmeat"
8380,66,"Sheepmeat"
8145,66,"Sheepmeat"
14304,66,"Sheepmeat"
8183,66,"Sheepmeat"
8184,66,"Sheepmeat"
8440,66,"Sheepmeat"
8450,66,"Sheepmeat"
8454,66,"Sheepmeat"
8198,66,"Sheepmeat"
8456,66,"Sheepmeat"
27020,66,"Sheepmeat"
27279,66,"Sheepmeat"
13419,66,"Sheepmeat"
14545,66,"Sheepmeat"
14546,66,"Sheepmeat"
14548,66,"Sheepmeat"
8180,66,"Sheepmeat"
8438,66,"Sheepmeat"
8202,66,"Sheepmeat"
8204,66,"Sheepmeat"
8206,66,"Sheepmeat"
8207,66,"Sheepmeat"
8208,66,"Sheepmeat"
8209,66,"Sheepmeat"
8211,66,"Sheepmeat"
8661,66,"Sheepmeat"
8662,66,"Sheepmeat"
14549,66,"Sheepmeat"
14550,66,"Sheepmeat"
14552,66,"Sheepmeat"
14555,66,"Sheepmeat"
14557,66,"Sheepmeat"
14311,66,"Sheepmeat"
14312,66,"Sheepmeat"
6368,66,"Sheepmeat"
8556,66,"Sheepmeat"
8558,66,"Sheepmeat"
6483,66,"Sheepmeat"
6721,66,"Sheepmeat"
6722,66,"Sheepmeat"
6723,66,"Sheepmeat"
6725,66,"Sheepmeat"
6726,66,"Sheepmeat"
9036,66,"Sheepmeat"
9047,66,"Sheepmeat"
9066,66,"Sheepmeat"
9069,66,"Sheepmeat"
9076,66,"Sheepmeat"
19631,66,"Sheepmeat"
19632,66,"Sheepmeat"
19633,66,"Sheepmeat"
19638,66,"Sheepmeat"
19639,66,"Sheepmeat"
19642,66,"Sheepmeat"
6712,66,"Sheepmeat"
6324,66,"Sheepmeat"
6339,66,"Sheepmeat"
6343,66,"Sheepmeat"
27272,66,"Sheepmeat"
27276,66,"Sheepmeat"
27019,66,"Sheepmeat"
14564,66,"Sheepmeat"
6382,66,"Sheepmeat"
6383,66,"Sheepmeat"
6364,66,"Sheepmeat"
6366,66,"Sheepmeat"
6367,66,"Sheepmeat"
6376,66,"Sheepmeat"
13416,66,"Sheepmeat"
14934,66,"Sheepmeat"
14753,66,"Sheepmeat"
14779,66,"Sheepmeat"
14780,66,"Sheepmeat"
14948,66,"Sheepmeat"
14755,66,"Sheepmeat"
14761,66,"Sheepmeat"
14762,66,"Sheepmeat"
14938,66,"Sheepmeat"
14757,66,"Sheepmeat"
17685,66,"Sheepmeat"
17686,66,"Sheepmeat"
17687,66,"Sheepmeat"
17688,66,"Sheepmeat"
379,66,"Sheepmeat"
14768,66,"Sheepmeat"
14769,66,"Sheepmeat"
14944,66,"Sheepmeat"
14946,66,"Sheepmeat"
14773,66,"Sheepmeat"
342,66,"Sheepmeat"
14947,66,"Sheepmeat"
14775,66,"Sheepmeat"
14952,66,"Sheepmeat"
14953,66,"Sheepmeat"
14985,66,"Sheepmeat"
14983,66,"Sheepmeat"
14984,66,"Sheepmeat"
14986,66,"Sheepmeat"
14797,66,"Sheepmeat"
14798,66,"Sheepmeat"
14987,66,"Sheepmeat"
14964,66,"Sheepmeat"
14970,66,"Sheepmeat"
14784,66,"Sheepmeat"
14795,66,"Sheepmeat"
340,66,"Sheepmeat"
322,66,"Sheepmeat"
6747,66,"Sheepmeat"
6840,66,"Sheepmeat"
6745,66,"Sheepmeat"
6516,66,"Sheepmeat"
6517,66,"Sheepmeat"
7082,66,"Sheepmeat"
7084,66,"Sheepmeat"
6752,66,"Sheepmeat"
6843,66,"Sheepmeat"
7048,66,"Sheepmeat"
6844,66,"Sheepmeat"
7083,66,"Sheepmeat"
15016,66,"Sheepmeat"
14843,66,"Sheepmeat"
15015,66,"Sheepmeat"
14846,66,"Sheepmeat"
14850,66,"Sheepmeat"
14796,66,"Sheepmeat"
14839,66,"Sheepmeat"
14849,66,"Sheepmeat"
7804,66,"Sheepmeat"
7805,66,"Sheepmeat"
14319,66,"Sheepmeat"
14321,66,"Sheepmeat"
14324,66,"Sheepmeat"
8194,66,"Sheepmeat"
8222,66,"Sheepmeat"
14621,66,"Sheepmeat"
8660,66,"Sheepmeat"
3590,66,"Sheepmeat"
3591,66,"Sheepmeat"
3593,66,"Sheepmeat"
3596,66,"Sheepmeat"
3602,66,"Sheepmeat"
3592,66,"Sheepmeat"
3589,66,"Sheepmeat"
3570,66,"Sheepmeat"
3614,66,"Sheepmeat"
3619,66,"Sheepmeat"
3620,66,"Sheepmeat"
3621,66,"Sheepmeat"
3623,66,"Sheepmeat"
589,66,"Sheepmeat"
14623,66,"Sheepmeat"
14670,66,"Sheepmeat"
14671,66,"Sheepmeat"
7111,66,"Sheepmeat"
7112,66,"Sheepmeat"
8212,66,"Sheepmeat"
8457,66,"Sheepmeat"
8458,66,"Sheepmeat"
8225,66,"Sheepmeat"
8227,66,"Sheepmeat"
8468,66,"Sheepmeat"
3588,66,"Sheepmeat"
3627,66,"Sheepmeat"
583,66,"Sheepmeat"
3628,66,"Sheepmeat"
3630,66,"Sheepmeat"
7800,66,"Sheepmeat"
7802,66,"Sheepmeat"
7803,66,"Sheepmeat"
586,66,"Sheepmeat"
3597,66,"Sheepmeat"
3600,66,"Sheepmeat"
3560,66,"Sheepmeat"
3601,66,"Sheepmeat"
3557,66,"Sheepmeat"
5533,66,"Sheepmeat"
5534,66,"Sheepmeat"
5536,66,"Sheepmeat"
5537,66,"Sheepmeat"
5717,66,"Sheepmeat"
11426,66,"Sheepmeat"
5729,66,"Sheepmeat"
5632,66,"Sheepmeat"
5836,66,"Sheepmeat"
5837,66,"Sheepmeat"
11219,66,"Sheepmeat"
11216,66,"Sheepmeat"
5730,66,"Sheepmeat"
5681,66,"Sheepmeat"
5684,66,"Sheepmeat"
5685,66,"Sheepmeat"
5686,66,"Sheepmeat"
5687,66,"Sheepmeat"
5688,66,"Sheepmeat"
5691,66,"Sheepmeat"
5692,66,"Sheepmeat"
5693,66,"Sheepmeat"
5695,66,"Sheepmeat"
5735,66,"Sheepmeat"
11195,66,"Sheepmeat"
11422,66,"Sheepmeat"
11437,66,"Sheepmeat"
11207,66,"Sheepmeat"
11439,66,"Sheepmeat"
3674,66,"Sheepmeat"
3606,66,"Sheepmeat"
5889,66,"Sheepmeat"
5645,66,"Sheepmeat"
5838,66,"Sheepmeat"
3926,66,"Sheepmeat"
5641,66,"Sheepmeat"
3786,66,"Sheepmeat"
3787,66,"Sheepmeat"
11194,66,"Sheepmeat"
11189,66,"Sheepmeat"
11428,66,"Sheepmeat"
11205,66,"Sheepmeat"
11455,66,"Sheepmeat"
11217,66,"Sheepmeat"
11454,66,"Sheepmeat"
3599,66,"Sheepmeat"
5722,66,"Sheepmeat"
3604,66,"Sheepmeat"
3875,66,"Sheepmeat"
3883,66,"Sheepmeat"
3848,66,"Sheepmeat"
3944,66,"Sheepmeat"
5853,66,"Sheepmeat"
3528,66,"Sheepmeat"
3874,66,"Sheepmeat"
3514,66,"Sheepmeat"
3517,66,"Sheepmeat"
3520,66,"Sheepmeat"
3521,66,"Sheepmeat"
3522,66,"Sheepmeat"
3722,66,"Sheepmeat"
3847,66,"Sheepmeat"
10860,66,"Sheepmeat"
11116,66,"Sheepmeat"
3892,66,"Sheepmeat"
11151,66,"Sheepmeat"
3730,66,"Sheepmeat"
3529,66,"Sheepmeat"
3530,66,"Sheepmeat"
3532,66,"Sheepmeat"
3538,66,"Sheepmeat"
3788,66,"Sheepmeat"
3513,66,"Sheepmeat"
3745,66,"Sheepmeat"
11117,66,"Sheepmeat"
11378,66,"Sheepmeat"
11373,66,"Sheepmeat"
11374,66,"Sheepmeat"
11372,66,"Sheepmeat"
3633,66,"Sheepmeat"
3634,66,"Sheepmeat"
10848,66,"Sheepmeat"
10854,66,"Sheepmeat"
11375,66,"Sheepmeat"
3742,66,"Sheepmeat"
3792,66,"Sheepmeat"
3794,66,"Sheepmeat"
3795,66,"Sheepmeat"
3804,66,"Sheepmeat"
3816,66,"Sheepmeat"
3817,66,"Sheepmeat"
3829,66,"Sheepmeat"
3842,66,"Sheepmeat"
3523,66,"Sheepmeat"
5854,66,"Sheepmeat"
3942,66,"Sheepmeat"
5847,66,"Sheepmeat"
5848,66,"Sheepmeat"
4019,66,"Sheepmeat"
5719,66,"Sheepmeat"
5724,66,"Sheepmeat"
5727,66,"Sheepmeat"
3605,66,"Sheepmeat"
3615,66,"Sheepmeat"
3617,66,"Sheepmeat"
5543,66,"Sheepmeat"
5738,66,"Sheepmeat"
5545,66,"Sheepmeat"
17390,66,"Sheepmeat"
17149,66,"Sheepmeat"
17401,66,"Sheepmeat"
17400,66,"Sheepmeat"
17154,66,"Sheepmeat"
17155,66,"Sheepmeat"
17164,66,"Sheepmeat"
17158,66,"Sheepmeat"
17180,66,"Sheepmeat"
17236,66,"Sheepmeat"
17684,66,"Sheepmeat"
17696,66,"Sheepmeat"
17717,66,"Sheepmeat"
17701,66,"Sheepmeat"
14928,66,"Sheepmeat"
1097,66,"Sheepmeat"
1098,66,"Sheepmeat"
1105,66,"Sheepmeat"
1108,66,"Sheepmeat"
14750,66,"Sheepmeat"
14927,66,"Sheepmeat"
3862,66,"Sheepmeat"
3531,66,"Sheepmeat"
3534,66,"Sheepmeat"
3542,66,"Sheepmeat"
3543,66,"Sheepmeat"
3546,66,"Sheepmeat"
3548,66,"Sheepmeat"
3551,66,"Sheepmeat"
3552,66,"Sheepmeat"
3553,66,"Sheepmeat"
3554,66,"Sheepmeat"
3563,66,"Sheepmeat"
3564,66,"Sheepmeat"
3566,66,"Sheepmeat"
15020,66,"Sheepmeat"
14982,66,"Sheepmeat"
14828,66,"Sheepmeat"
15005,66,"Sheepmeat"
14835,66,"Sheepmeat"
14842,66,"Sheepmeat"
14836,66,"Sheepmeat"
14838,66,"Sheepmeat"
15021,66,"Sheepmeat"
14840,66,"Sheepmeat"
14852,66,"Sheepmeat"
14805,66,"Sheepmeat"
14807,66,"Sheepmeat"
14801,66,"Sheepmeat"
14802,66,"Sheepmeat"
14808,66,"Sheepmeat"
14907,66,"Sheepmeat"
14991,66,"Sheepmeat"
14995,66,"Sheepmeat"
14993,66,"Sheepmeat"
14819,66,"Sheepmeat"
14998,66,"Sheepmeat"
14902,66,"Sheepmeat"
14903,66,"Sheepmeat"
15022,66,"Sheepmeat"
16532,66,"Sheepmeat"
14905,66,"Sheepmeat"
17276,66,"Sheepmeat"
17275,66,"Sheepmeat"
17277,66,"Sheepmeat"
17279,66,"Sheepmeat"
15882,66,"Sheepmeat"
15884,66,"Sheepmeat"
15879,66,"Sheepmeat"
16102,66,"Sheepmeat"
15883,66,"Sheepmeat"
17280,66,"Sheepmeat"
17285,66,"Sheepmeat"
17278,66,"Sheepmeat"
17281,66,"Sheepmeat"
6732,66,"Sheepmeat"
6733,66,"Sheepmeat"
6735,66,"Sheepmeat"
15881,66,"Sheepmeat"
15886,66,"Sheepmeat"
6736,66,"Sheepmeat"
14901,66,"Sheepmeat"
14748,66,"Sheepmeat"
14746,66,"Sheepmeat"
1124,66,"Sheepmeat"
14896,66,"Sheepmeat"
14897,66,"Sheepmeat"
14898,66,"Sheepmeat"
14749,66,"Sheepmeat"
1099,66,"Sheepmeat"
1106,66,"Sheepmeat"
1123,66,"Sheepmeat"
14747,66,"Sheepmeat"
8038,66,"Sheepmeat"
709,66,"Sheepmeat"
604,66,"Sheepmeat"
174,66,"Sheepmeat"
8119,66,"Sheepmeat"
8045,66,"Sheepmeat"
610,66,"Sheepmeat"
751,66,"Sheepmeat"
607,66,"Sheepmeat"
293,66,"Sheepmeat"
752,66,"Sheepmeat"
750,66,"Sheepmeat"
756,66,"Sheepmeat"
757,66,"Sheepmeat"
758,66,"Sheepmeat"
606,66,"Sheepmeat"
175,66,"Sheepmeat"
6743,66,"Sheepmeat"
6518,66,"Sheepmeat"
10892,66,"Sheepmeat"
6742,66,"Sheepmeat"
10894,66,"Sheepmeat"
6514,66,"Sheepmeat"
17283,66,"Sheepmeat"
6730,66,"Sheepmeat"
14331,66,"Sheepmeat"
30676,66,"Sheepmeat"
30687,66,"Sheepmeat"
14332,66,"Sheepmeat"
31068,66,"Sheepmeat"
4924,66,"Sheepmeat"
31069,66,"Sheepmeat"
30337,66,"Sheepmeat"
4920,66,"Sheepmeat"
4923,66,"Sheepmeat"
30939,66,"Sheepmeat"
4919,66,"Sheepmeat"
4874,66,"Sheepmeat"
4907,66,"Sheepmeat"
18436,66,"Sheepmeat"
15867,66,"Sheepmeat"
15869,66,"Sheepmeat"
15866,66,"Sheepmeat"
10973,66,"Sheepmeat"
16083,66,"Sheepmeat"
16074,66,"Sheepmeat"
15870,66,"Sheepmeat"
10974,66,"Sheepmeat"
16075,66,"Sheepmeat"
16076,66,"Sheepmeat"
15873,66,"Sheepmeat"
16082,66,"Sheepmeat"
17274,66,"Sheepmeat"
16084,66,"Sheepmeat"
15877,66,"Sheepmeat"
16101,66,"Sheepmeat"
15876,66,"Sheepmeat"
16091,66,"Sheepmeat"
15880,66,"Sheepmeat"
10935,66,"Sheepmeat"
10945,66,"Sheepmeat"
10952,66,"Sheepmeat"
10963,66,"Sheepmeat"
10971,66,"Sheepmeat"
10972,66,"Sheepmeat"
11001,66,"Sheepmeat"
11004,66,"Sheepmeat"
11008,66,"Sheepmeat"
11014,66,"Sheepmeat"
11021,66,"Sheepmeat"
15885,66,"Sheepmeat"
15887,66,"Sheepmeat"
6737,66,"Sheepmeat"
1175,66,"Sheepmeat"
1176,66,"Sheepmeat"
1177,66,"Sheepmeat"
1164,66,"Sheepmeat"
1169,66,"Sheepmeat"
1170,66,"Sheepmeat"
1171,66,"Sheepmeat"
1178,66,"Sheepmeat"
1188,66,"Sheepmeat"
1194,66,"Sheepmeat"
1195,66,"Sheepmeat"
1200,66,"Sheepmeat"
1201,66,"Sheepmeat"
1210,66,"Sheepmeat"
30384,66,"Sheepmeat"
30410,66,"Sheepmeat"
1125,66,"Sheepmeat"
16468,66,"Sheepmeat"
16334,66,"Sheepmeat"
16465,66,"Sheepmeat"
16464,66,"Sheepmeat"
16455,66,"Sheepmeat"
16456,66,"Sheepmeat"
16470,66,"Sheepmeat"
16472,66,"Sheepmeat"
16476,66,"Sheepmeat"
16484,66,"Sheepmeat"
14899,66,"Sheepmeat"
14900,66,"Sheepmeat"
16573,66,"Sheepmeat"
16576,66,"Sheepmeat"
16577,66,"Sheepmeat"
16582,66,"Sheepmeat"
16336,66,"Sheepmeat"
16271,66,"Sheepmeat"
16486,66,"Sheepmeat"
16269,66,"Sheepmeat"
16270,66,"Sheepmeat"
16495,66,"Sheepmeat"
16453,66,"Sheepmeat"
16488,66,"Sheepmeat"
16487,66,"Sheepmeat"
16272,66,"Sheepmeat"
1174,66,"Sheepmeat"
16338,66,"Sheepmeat"
16452,66,"Sheepmeat"
16454,66,"Sheepmeat"
16459,66,"Sheepmeat"
16585,66,"Sheepmeat"
14910,66,"Sheepmeat"
14743,66,"Sheepmeat"
14922,66,"Sheepmeat"
1165,66,"Sheepmeat"
1222,66,"Sheepmeat"
1205,66,"Sheepmeat"
1213,66,"Sheepmeat"
15863,66,"Sheepmeat"
16063,66,"Sheepmeat"
15862,66,"Sheepmeat"
1248,66,"Sheepmeat"
1249,66,"Sheepmeat"
1251,66,"Sheepmeat"
1252,66,"Sheepmeat"
1362,66,"Sheepmeat"
16590,66,"Sheepmeat"
16353,66,"Sheepmeat"
16600,66,"Sheepmeat"
16171,66,"Sheepmeat"
1137,66,"Sheepmeat"
1138,66,"Sheepmeat"
1141,66,"Sheepmeat"
1142,66,"Sheepmeat"
1397,66,"Sheepmeat"
1399,66,"Sheepmeat"
1417,66,"Sheepmeat"
16589,66,"Sheepmeat"
16349,66,"Sheepmeat"
16355,66,"Sheepmeat"
16170,66,"Sheepmeat"
16325,66,"Sheepmeat"
16051,66,"Sheepmeat"
16052,66,"Sheepmeat"
16592,66,"Sheepmeat"
16460,66,"Sheepmeat"
15855,66,"Sheepmeat"
10958,66,"Sheepmeat"
11037,66,"Sheepmeat"
10976,66,"Sheepmeat"
16053,66,"Sheepmeat"
16055,66,"Sheepmeat"
16596,66,"Sheepmeat"
15941,66,"Sheepmeat"
10982,66,"Sheepmeat"
10997,66,"Sheepmeat"
1153,66,"Sheepmeat"
1239,66,"Sheepmeat"
10956,66,"Sheepmeat"
10960,66,"Sheepmeat"
23254,66,"Sheepmeat"
13420,66,"Sheepmeat"
23255,66,"Sheepmeat"
13412,66,"Sheepmeat"
13164,66,"Sheepmeat"
13057,66,"Sheepmeat"
19320,66,"Sheepmeat"
23256,66,"Sheepmeat"
23010,66,"Sheepmeat"
13052,66,"Sheepmeat"
13053,66,"Sheepmeat"
31573,66,"Sheepmeat"
21540,66,"Sheepmeat"
20346,66,"Sheepmeat"
13058,66,"Sheepmeat"
13059,66,"Sheepmeat"
21355,66,"Sheepmeat"
20345,66,"Sheepmeat"
30310,66,"Sheepmeat"
14338,66,"Sheepmeat"
7386,66,"Sheepmeat"
7387,66,"Sheepmeat"
7388,66,"Sheepmeat"
7389,66,"Sheepmeat"
7390,66,"Sheepmeat"
7394,66,"Sheepmeat"
7396,66,"Sheepmeat"
8356,66,"Sheepmeat"
8359,66,"Sheepmeat"
7397,66,"Sheepmeat"
7398,66,"Sheepmeat"
7400,66,"Sheepmeat"
7401,66,"Sheepmeat"
7402,66,"Sheepmeat"
7403,66,"Sheepmeat"
7404,66,"Sheepmeat"
7415,66,"Sheepmeat"
7417,66,"Sheepmeat"
7419,66,"Sheepmeat"
8135,66,"Sheepmeat"
7420,66,"Sheepmeat"
7421,66,"Sheepmeat"
7422,66,"Sheepmeat"
7445,66,"Sheepmeat"
7446,66,"Sheepmeat"
7447,66,"Sheepmeat"
8338,66,"Sheepmeat"
8341,66,"Sheepmeat"
8342,66,"Sheepmeat"
7081,66,"Sheepmeat"
8351,66,"Sheepmeat"
8354,66,"Sheepmeat"
8355,66,"Sheepmeat"
7049,66,"Sheepmeat"
12910,66,"Sheepmeat"
1257,66,"Sheepmeat"
1360,66,"Sheepmeat"
10923,66,"Sheepmeat"
1264,66,"Sheepmeat"
1265,66,"Sheepmeat"
1275,66,"Sheepmeat"
1259,66,"Sheepmeat"
10934,66,"Sheepmeat"
10932,66,"Sheepmeat"
12911,66,"Sheepmeat"
12912,66,"Sheepmeat"
12913,66,"Sheepmeat"
12916,66,"Sheepmeat"
12744,66,"Sheepmeat"
12942,66,"Sheepmeat"
12943,66,"Sheepmeat"
12772,66,"Sheepmeat"
12797,66,"Sheepmeat"
6845,66,"Sheepmeat"
4000,66,"Sheepmeat"
4001,66,"Sheepmeat"
4005,66,"Sheepmeat"
3996,66,"Sheepmeat"
4023,66,"Sheepmeat"
4024,66,"Sheepmeat"
4025,66,"Sheepmeat"
4043,66,"Sheepmeat"
4046,66,"Sheepmeat"
4047,66,"Sheepmeat"
4045,66,"Sheepmeat"
1612,66,"Sheepmeat"
1608,66,"Sheepmeat"
1611,66,"Sheepmeat"
1613,66,"Sheepmeat"
4537,66,"Sheepmeat"
4538,66,"Sheepmeat"
1614,66,"Sheepmeat"
1615,66,"Sheepmeat"
1588,66,"Sheepmeat"
1605,66,"Sheepmeat"
1607,66,"Sheepmeat"
4048,66,"Sheepmeat"
4060,66,"Sheepmeat"
1575,66,"Sheepmeat"
4520,66,"Sheepmeat"
4049,66,"Sheepmeat"
4050,66,"Sheepmeat"
4059,66,"Sheepmeat"
4085,66,"Sheepmeat"
4087,66,"Sheepmeat"
4088,66,"Sheepmeat"
4542,66,"Sheepmeat"
4540,66,"Sheepmeat"
4471,66,"Sheepmeat"
4534,66,"Sheepmeat"
4077,66,"Sheepmeat"
4079,66,"Sheepmeat"
4080,66,"Sheepmeat"
4086,66,"Sheepmeat"
4518,66,"Sheepmeat"
4524,66,"Sheepmeat"
4539,66,"Sheepmeat"
4461,66,"Sheepmeat"
4519,66,"Sheepmeat"
4521,66,"Sheepmeat"
4522,66,"Sheepmeat"
4523,66,"Sheepmeat"
4525,66,"Sheepmeat"
4535,66,"Sheepmeat"
1458,66,"Sheepmeat"
4472,66,"Sheepmeat"
4475,66,"Sheepmeat"
4476,66,"Sheepmeat"
4477,66,"Sheepmeat"
4527,66,"Sheepmeat"
4529,66,"Sheepmeat"
4530,66,"Sheepmeat"
4531,66,"Sheepmeat"
4473,66,"Sheepmeat"
4468,66,"Sheepmeat"
4480,66,"Sheepmeat"
1616,66,"Sheepmeat"
4513,66,"Sheepmeat"
1641,66,"Sheepmeat"
1853,66,"Sheepmeat"
1553,66,"Sheepmeat"
1554,66,"Sheepmeat"
1555,66,"Sheepmeat"
1564,66,"Sheepmeat"
1569,66,"Sheepmeat"
1574,66,"Sheepmeat"
1576,66,"Sheepmeat"
1589,66,"Sheepmeat"
1590,66,"Sheepmeat"
1593,66,"Sheepmeat"
1600,66,"Sheepmeat"
7736,66,"Sheepmeat"
8026,66,"Sheepmeat"
7996,66,"Sheepmeat"
1649,66,"Sheepmeat"
1652,66,"Sheepmeat"
1665,66,"Sheepmeat"
3311,66,"Sheepmeat"
1702,66,"Sheepmeat"
2155,66,"Sheepmeat"
1834,66,"Sheepmeat"
1837,66,"Sheepmeat"
1839,66,"Sheepmeat"
1842,66,"Sheepmeat"
1844,66,"Sheepmeat"
1852,66,"Sheepmeat"
1657,66,"Sheepmeat"
1658,66,"Sheepmeat"
1659,66,"Sheepmeat"
1661,66,"Sheepmeat"
1664,66,"Sheepmeat"
1678,66,"Sheepmeat"
1833,66,"Sheepmeat"
4485,66,"Sheepmeat"
4512,66,"Sheepmeat"
4505,66,"Sheepmeat"
1850,66,"Sheepmeat"
1851,66,"Sheepmeat"
1854,66,"Sheepmeat"
4528,66,"Sheepmeat"
1921,66,"Sheepmeat"
1929,66,"Sheepmeat"
1931,66,"Sheepmeat"
1882,66,"Sheepmeat"
1906,66,"Sheepmeat"
1457,66,"Sheepmeat"
1933,66,"Sheepmeat"
9115,66,"Sheepmeat"
1979,66,"Sheepmeat"
8899,66,"Sheepmeat"
3448,66,"Sheepmeat"
3451,66,"Sheepmeat"
1891,66,"Sheepmeat"
3447,66,"Sheepmeat"
3467,66,"Sheepmeat"
1901,66,"Sheepmeat"
1902,66,"Sheepmeat"
1904,66,"Sheepmeat"
872,66,"Sheepmeat"
621,66,"Sheepmeat"
1941,66,"Sheepmeat"
1946,66,"Sheepmeat"
2158,66,"Sheepmeat"
8908,66,"Sheepmeat"
1894,66,"Sheepmeat"
1895,66,"Sheepmeat"
875,66,"Sheepmeat"
878,66,"Sheepmeat"
1899,66,"Sheepmeat"
377,66,"Sheepmeat"
3300,66,"Sheepmeat"
3446,66,"Sheepmeat"
372,66,"Sheepmeat"
3460,66,"Sheepmeat"
3461,66,"Sheepmeat"
3462,66,"Sheepmeat"
3466,66,"Sheepmeat"
3494,66,"Sheepmeat"
3459,66,"Sheepmeat"
3458,66,"Sheepmeat"
12923,66,"Sheepmeat"
12750,66,"Sheepmeat"
12932,66,"Sheepmeat"
12933,66,"Sheepmeat"
12934,66,"Sheepmeat"
3392,66,"Sheepmeat"
3393,66,"Sheepmeat"
3430,66,"Sheepmeat"
3457,66,"Sheepmeat"
2162,66,"Sheepmeat"
12770,66,"Sheepmeat"
12771,66,"Sheepmeat"
12765,66,"Sheepmeat"
12766,66,"Sheepmeat"
12767,66,"Sheepmeat"
12758,66,"Sheepmeat"
12764,66,"Sheepmeat"
12769,66,"Sheepmeat"
12938,66,"Sheepmeat"
12967,66,"Sheepmeat"
12962,66,"Sheepmeat"
13004,66,"Sheepmeat"
12809,66,"Sheepmeat"
12808,66,"Sheepmeat"
12956,66,"Sheepmeat"
3785,66,"Sheepmeat"
11123,66,"Sheepmeat"
10874,66,"Sheepmeat"
11142,66,"Sheepmeat"
7578,66,"Sheepmeat"
7477,66,"Sheepmeat"
7478,66,"Sheepmeat"
7576,66,"Sheepmeat"
7575,66,"Sheepmeat"
7476,66,"Sheepmeat"
12941,66,"Sheepmeat"
12937,66,"Sheepmeat"
12958,66,"Sheepmeat"
12959,66,"Sheepmeat"
12960,66,"Sheepmeat"
12961,66,"Sheepmeat"
7493,66,"Sheepmeat"
7495,66,"Sheepmeat"
10838,66,"Sheepmeat"
7533,66,"Sheepmeat"
7582,66,"Sheepmeat"
7469,66,"Sheepmeat"
7474,66,"Sheepmeat"
7532,66,"Sheepmeat"
7577,66,"Sheepmeat"
10873,66,"Sheepmeat"
10866,66,"Sheepmeat"
11346,66,"Sheepmeat"
11351,66,"Sheepmeat"
11353,66,"Sheepmeat"
11355,66,"Sheepmeat"
11350,66,"Sheepmeat"
7561,66,"Sheepmeat"
7568,66,"Sheepmeat"
7573,66,"Sheepmeat"
7574,66,"Sheepmeat"
11340,66,"Sheepmeat"
581,66,"Sheepmeat"
11359,66,"Sheepmeat"
7963,66,"Sheepmeat"
7374,66,"Sheepmeat"
7968,66,"Sheepmeat"
7381,66,"Sheepmeat"
12909,66,"Sheepmeat"
7373,66,"Sheepmeat"
7958,66,"Sheepmeat"
12924,66,"Sheepmeat"
12977,66,"Sheepmeat"
12979,66,"Sheepmeat"
12984,66,"Sheepmeat"
7393,66,"Sheepmeat"
7392,66,"Sheepmeat"
12914,66,"Sheepmeat"
12915,66,"Sheepmeat"
12745,66,"Sheepmeat"
12751,66,"Sheepmeat"
12756,66,"Sheepmeat"
12757,66,"Sheepmeat"
11184,66,"Sheepmeat"
11421,66,"Sheepmeat"
11208,66,"Sheepmeat"
1623,66,"Sheepmeat"
1626,66,"Sheepmeat"
1628,66,"Sheepmeat"
1630,66,"Sheepmeat"
1629,66,"Sheepmeat"
1640,66,"Sheepmeat"
1636,66,"Sheepmeat"
1642,66,"Sheepmeat"
7646,66,"Sheepmeat"
7655,66,"Sheepmeat"
7656,66,"Sheepmeat"
7695,66,"Sheepmeat"
7700,66,"Sheepmeat"
7703,66,"Sheepmeat"
7705,66,"Sheepmeat"
7706,66,"Sheepmeat"
7707,66,"Sheepmeat"
7708,66,"Sheepmeat"
7709,66,"Sheepmeat"
7715,66,"Sheepmeat"
7716,66,"Sheepmeat"
7719,66,"Sheepmeat"
7727,66,"Sheepmeat"
3999,66,"Sheepmeat"
7711,66,"Sheepmeat"
7713,66,"Sheepmeat"
7652,66,"Sheepmeat"
7653,66,"Sheepmeat"
7657,66,"Sheepmeat"
7691,66,"Sheepmeat"
7692,66,"Sheepmeat"
7712,66,"Sheepmeat"
7714,66,"Sheepmeat"
7732,66,"Sheepmeat"
7737,66,"Sheepmeat"
7738,66,"Sheepmeat"
7739,66,"Sheepmeat"
4009,66,"Sheepmeat"
7726,66,"Sheepmeat"
4011,66,"Sheepmeat"
4017,66,"Sheepmeat"
1954,66,"Sheepmeat"
9102,66,"Sheepmeat"
9103,66,"Sheepmeat"
9105,66,"Sheepmeat"
9131,66,"Sheepmeat"
7371,66,"Sheepmeat"
7957,66,"Sheepmeat"
7960,66,"Sheepmeat"
7961,66,"Sheepmeat"
7962,66,"Sheepmeat"
7982,66,"Sheepmeat"
7984,66,"Sheepmeat"
7436,66,"Sheepmeat"
8140,66,"Sheepmeat"
12917,66,"Sheepmeat"
12747,66,"Sheepmeat"
7686,66,"Sheepmeat"
7687,66,"Sheepmeat"
7624,66,"Sheepmeat"
832,66,"Sheepmeat"
618,66,"Sheepmeat"
1949,66,"Sheepmeat"
1950,66,"Sheepmeat"
1951,66,"Sheepmeat"
1952,66,"Sheepmeat"
1953,66,"Sheepmeat"
1955,66,"Sheepmeat"
1956,66,"Sheepmeat"
1965,66,"Sheepmeat"
9098,66,"Sheepmeat"
9100,66,"Sheepmeat"
9222,66,"Sheepmeat"
7689,66,"Sheepmeat"
7666,66,"Sheepmeat"
12925,66,"Sheepmeat"
11009,66,"Sheepmeat"
11010,66,"Sheepmeat"
11018,66,"Sheepmeat"
11019,66,"Sheepmeat"
11020,66,"Sheepmeat"
11022,66,"Sheepmeat"
11039,66,"Sheepmeat"
11040,66,"Sheepmeat"
10999,66,"Sheepmeat"
11023,66,"Sheepmeat"
11024,66,"Sheepmeat"
11031,66,"Sheepmeat"
11036,66,"Sheepmeat"
1391,66,"Sheepmeat"
1392,66,"Sheepmeat"
10832,66,"Sheepmeat"
1430,66,"Sheepmeat"
10980,66,"Sheepmeat"
10981,66,"Sheepmeat"
10995,66,"Sheepmeat"
11006,66,"Sheepmeat"
10988,66,"Sheepmeat"
10993,66,"Sheepmeat"
10998,66,"Sheepmeat"
10994,66,"Sheepmeat"
11003,66,"Sheepmeat"
11015,66,"Sheepmeat"
11016,66,"Sheepmeat"
11034,66,"Sheepmeat"
11038,66,"Sheepmeat"
17272,66,"Sheepmeat"
1268,66,"Sheepmeat"
1269,66,"Sheepmeat"
1270,66,"Sheepmeat"
1271,66,"Sheepmeat"
1272,66,"Sheepmeat"
1385,66,"Sheepmeat"
1267,66,"Sheepmeat"
1277,66,"Sheepmeat"
1281,66,"Sheepmeat"
1283,66,"Sheepmeat"
1322,66,"Sheepmeat"
1280,66,"Sheepmeat"
1282,66,"Sheepmeat"
1284,66,"Sheepmeat"
1320,66,"Sheepmeat"
1321,66,"Sheepmeat"
1291,66,"Sheepmeat"
1317,66,"Sheepmeat"
1289,66,"Sheepmeat"
16862,66,"Sheepmeat"
11064,66,"Sheepmeat"
10918,66,"Sheepmeat"
10920,66,"Sheepmeat"
10941,66,"Sheepmeat"
10950,66,"Sheepmeat"
10951,66,"Sheepmeat"
10943,66,"Sheepmeat"
10944,66,"Sheepmeat"
7634,66,"Sheepmeat"
7635,66,"Sheepmeat"
7636,66,"Sheepmeat"
7660,66,"Sheepmeat"
7637,66,"Sheepmeat"
7643,66,"Sheepmeat"
7694,66,"Sheepmeat"
759,66,"Sheepmeat"
760,66,"Sheepmeat"
775,66,"Sheepmeat"
7639,66,"Sheepmeat"
7640,66,"Sheepmeat"
831,66,"Sheepmeat"
8107,66,"Sheepmeat"
828,66,"Sheepmeat"
773,66,"Sheepmeat"
7625,66,"Sheepmeat"
7626,66,"Sheepmeat"
7627,66,"Sheepmeat"
7629,66,"Sheepmeat"
7630,66,"Sheepmeat"
7631,66,"Sheepmeat"
7633,66,"Sheepmeat"
7641,66,"Sheepmeat"
7661,66,"Sheepmeat"
7663,66,"Sheepmeat"
7668,66,"Sheepmeat"
10959,66,"Sheepmeat"
10961,66,"Sheepmeat"
7677,66,"Sheepmeat"
7679,66,"Sheepmeat"
7680,66,"Sheepmeat"
7682,66,"Sheepmeat"
7684,66,"Sheepmeat"
7693,66,"Sheepmeat"
11092,66,"Sheepmeat"
11093,66,"Sheepmeat"
10846,66,"Sheepmeat"
10853,66,"Sheepmeat"
10857,66,"Sheepmeat"
11097,66,"Sheepmeat"
11102,66,"Sheepmeat"
11103,66,"Sheepmeat"
10865,66,"Sheepmeat"
11112,66,"Sheepmeat"
10869,66,"Sheepmeat"
11122,66,"Sheepmeat"
11379,66,"Sheepmeat"
11085,66,"Sheepmeat"
10840,66,"Sheepmeat"
11121,66,"Sheepmeat"
4147,66,"Sheepmeat"
4168,66,"Sheepmeat"
10965,66,"Sheepmeat"
10969,66,"Sheepmeat"
10975,66,"Sheepmeat"
10991,66,"Sheepmeat"
1387,66,"Sheepmeat"
4164,66,"Sheepmeat"
4170,66,"Sheepmeat"
5655,66,"Sheepmeat"
3886,66,"Sheepmeat"
1155,66,"Sheepmeat"
1157,66,"Sheepmeat"
1235,66,"Sheepmeat"
5656,66,"Sheepmeat"
5664,66,"Sheepmeat"
4109,66,"Sheepmeat"
4110,66,"Sheepmeat"
4111,66,"Sheepmeat"
4127,66,"Sheepmeat"
4128,66,"Sheepmeat"
4129,66,"Sheepmeat"
4131,66,"Sheepmeat"
4133,66,"Sheepmeat"
4148,66,"Sheepmeat"
4149,66,"Sheepmeat"
4150,66,"Sheepmeat"
5666,66,"Sheepmeat"
5667,66,"Sheepmeat"
5670,66,"Sheepmeat"
5671,66,"Sheepmeat"
5672,66,"Sheepmeat"
5674,66,"Sheepmeat"
5682,66,"Sheepmeat"
5510,66,"Sheepmeat"
5511,66,"Sheepmeat"
5660,66,"Sheepmeat"
3960,66,"Sheepmeat"
4171,66,"Sheepmeat"
4172,66,"Sheepmeat"
6582,66,"Sheepmeat"
5866,66,"Sheepmeat"
5873,66,"Sheepmeat"
5879,66,"Sheepmeat"
6572,66,"Sheepmeat"
4460,66,"Sheepmeat"
3917,66,"Sheepmeat"
3921,66,"Sheepmeat"
3961,66,"Sheepmeat"
3962,66,"Sheepmeat"
3964,66,"Sheepmeat"
3971,66,"Sheepmeat"
3986,66,"Sheepmeat"
3987,66,"Sheepmeat"
3988,66,"Sheepmeat"
5677,66,"Sheepmeat"
3864,66,"Sheepmeat"
3888,66,"Sheepmeat"
3905,66,"Sheepmeat"
3909,66,"Sheepmeat"
3910,66,"Sheepmeat"
3914,66,"Sheepmeat"
3923,66,"Sheepmeat"
3930,66,"Sheepmeat"
3933,66,"Sheepmeat"
3935,66,"Sheepmeat"
3936,66,"Sheepmeat"
3937,66,"Sheepmeat"
3938,66,"Sheepmeat"
3947,66,"Sheepmeat"
3950,66,"Sheepmeat"
3951,66,"Sheepmeat"
3952,66,"Sheepmeat"
3954,66,"Sheepmeat"
5690,66,"Sheepmeat"
5732,66,"Sheepmeat"
5833,66,"Sheepmeat"
5883,66,"Sheepmeat"
5885,66,"Sheepmeat"
5840,66,"Sheepmeat"
3963,66,"Sheepmeat"
3977,66,"Sheepmeat"
3978,66,"Sheepmeat"
3983,66,"Sheepmeat"
11449,66,"Sheepmeat"
5846,66,"Sheepmeat"
5858,66,"Sheepmeat"
5868,66,"Sheepmeat"
5869,66,"Sheepmeat"
5870,66,"Sheepmeat"
5881,66,"Sheepmeat"
5882,66,"Sheepmeat"
5890,66,"Sheepmeat"
3577,66,"Sheepmeat"
3587,66,"Sheepmeat"
3571,66,"Sheepmeat"
3572,66,"Sheepmeat"
3576,66,"Sheepmeat"
3524,66,"Sheepmeat"
3565,66,"Sheepmeat"
12775,66,"Sheepmeat"
13044,66,"Sheepmeat"
10913,66,"Sheepmeat"
10914,66,"Sheepmeat"
10916,66,"Sheepmeat"
12776,66,"Sheepmeat"
12944,66,"Sheepmeat"
12957,66,"Sheepmeat"
12945,66,"Sheepmeat"
12946,66,"Sheepmeat"
12948,66,"Sheepmeat"
12949,66,"Sheepmeat"
12951,66,"Sheepmeat"
10917,66,"Sheepmeat"
10919,66,"Sheepmeat"
10921,66,"Sheepmeat"
10922,66,"Sheepmeat"
10946,66,"Sheepmeat"
10947,66,"Sheepmeat"
10949,66,"Sheepmeat"
10915,66,"Sheepmeat"
13045,66,"Sheepmeat"
10925,66,"Sheepmeat"
10930,66,"Sheepmeat"
10931,66,"Sheepmeat"
10933,66,"Sheepmeat"
11067,66,"Sheepmeat"
11076,66,"Sheepmeat"
12801,66,"Sheepmeat"
13027,66,"Sheepmeat"
10942,66,"Sheepmeat"
10940,66,"Sheepmeat"
12805,66,"Sheepmeat"
7407,66,"Sheepmeat"
7414,66,"Sheepmeat"
13048,66,"Sheepmeat"
7416,66,"Sheepmeat"
7442,66,"Sheepmeat"
10895,66,"Sheepmeat"
10903,66,"Sheepmeat"
10904,66,"Sheepmeat"
7413,66,"Sheepmeat"
4107,66,"Sheepmeat"
4108,66,"Sheepmeat"
4114,66,"Sheepmeat"
5519,66,"Sheepmeat"
13051,66,"Sheepmeat"
10893,66,"Sheepmeat"
10898,66,"Sheepmeat"
10902,66,"Sheepmeat"
10907,66,"Sheepmeat"
10908,66,"Sheepmeat"
10912,66,"Sheepmeat"
5708,66,"Sheepmeat"
5710,66,"Sheepmeat"
5527,66,"Sheepmeat"
5718,66,"Sheepmeat"
5530,66,"Sheepmeat"
5522,66,"Sheepmeat"
5716,66,"Sheepmeat"
3549,66,"Sheepmeat"
344,66,"Sheepmeat"
378,66,"Sheepmeat"
5526,66,"Sheepmeat"
5528,66,"Sheepmeat"
2038,66,"Sheepmeat"
375,66,"Sheepmeat"
2005,66,"Sheepmeat"
376,66,"Sheepmeat"
2125,66,"Sheepmeat"
2033,66,"Sheepmeat"
2145,66,"Sheepmeat"
2147,66,"Sheepmeat"
2148,66,"Sheepmeat"
1993,66,"Sheepmeat"
1994,66,"Sheepmeat"
2039,66,"Sheepmeat"
2041,66,"Sheepmeat"
2149,66,"Sheepmeat"
2259,66,"Sheepmeat"
2241,66,"Sheepmeat"
2258,66,"Sheepmeat"
791,66,"Sheepmeat"
778,66,"Sheepmeat"
691,66,"Sheepmeat"
798,66,"Sheepmeat"
8067,66,"Sheepmeat"
792,66,"Sheepmeat"
8117,66,"Sheepmeat"
793,66,"Sheepmeat"
861,66,"Sheepmeat"
693,66,"Sheepmeat"
697,66,"Sheepmeat"
1016,66,"Sheepmeat"
696,66,"Sheepmeat"
286,66,"Sheepmeat"
287,66,"Sheepmeat"
294,66,"Sheepmeat"
12802,66,"Sheepmeat"
12804,66,"Sheepmeat"
12803,66,"Sheepmeat"
8115,66,"Sheepmeat"
8070,66,"Sheepmeat"
8114,66,"Sheepmeat"
1014,66,"Sheepmeat"
991,66,"Sheepmeat"
1029,66,"Sheepmeat"
698,66,"Sheepmeat"
677,66,"Sheepmeat"
12807,66,"Sheepmeat"
13013,66,"Sheepmeat"
12950,66,"Sheepmeat"
12955,66,"Sheepmeat"
12810,66,"Sheepmeat"
13012,66,"Sheepmeat"
13024,66,"Sheepmeat"
13028,66,"Sheepmeat"
13026,66,"Sheepmeat"
13042,66,"Sheepmeat"
13011,66,"Sheepmeat"
676,66,"Sheepmeat"
13038,66,"Sheepmeat"
11075,66,"Sheepmeat"
13019,66,"Sheepmeat"
13036,66,"Sheepmeat"
8332,66,"Sheepmeat"
8078,66,"Sheepmeat"
8325,66,"Sheepmeat"
8101,66,"Sheepmeat"
8105,66,"Sheepmeat"
8323,66,"Sheepmeat"
8082,66,"Sheepmeat"
8112,66,"Sheepmeat"
8109,66,"Sheepmeat"
8110,66,"Sheepmeat"
761,66,"Sheepmeat"
786,66,"Sheepmeat"
780,66,"Sheepmeat"
781,66,"Sheepmeat"
779,66,"Sheepmeat"
481,66,"Sheepmeat"
480,66,"Sheepmeat"
512,66,"Sheepmeat"
543,66,"Sheepmeat"
8324,66,"Sheepmeat"
8083,66,"Sheepmeat"
8116,66,"Sheepmeat"
540,66,"Sheepmeat"
474,66,"Sheepmeat"
475,66,"Sheepmeat"
464,66,"Sheepmeat"
463,66,"Sheepmeat"
476,66,"Sheepmeat"
461,66,"Sheepmeat"
487,66,"Sheepmeat"
486,66,"Sheepmeat"
484,66,"Sheepmeat"
490,66,"Sheepmeat"
522,66,"Sheepmeat"
528,66,"Sheepmeat"
529,66,"Sheepmeat"
563,66,"Sheepmeat"
536,66,"Sheepmeat"
8335,66,"Sheepmeat"
530,66,"Sheepmeat"
517,66,"Sheepmeat"
460,66,"Sheepmeat"
535,66,"Sheepmeat"
518,66,"Sheepmeat"
519,66,"Sheepmeat"
351,66,"Sheepmeat"
346,66,"Sheepmeat"
358,66,"Sheepmeat"
329,66,"Sheepmeat"
357,66,"Sheepmeat"
354,66,"Sheepmeat"
355,66,"Sheepmeat"
365,66,"Sheepmeat"
369,66,"Sheepmeat"
370,66,"Sheepmeat"
361,66,"Sheepmeat"
554,66,"Sheepmeat"
549,66,"Sheepmeat"
556,66,"Sheepmeat"
572,66,"Sheepmeat"
574,66,"Sheepmeat"
570,66,"Sheepmeat"
347,66,"Sheepmeat"
319,66,"Sheepmeat"
350,66,"Sheepmeat"
325,66,"Sheepmeat"
359,66,"Sheepmeat"
538,66,"Sheepmeat"
551,66,"Sheepmeat"
559,66,"Sheepmeat"
566,66,"Sheepmeat"
577,66,"Sheepmeat"
11356,66,"Sheepmeat"
11357,66,"Sheepmeat"
11358,66,"Sheepmeat"
491,66,"Sheepmeat"
539,66,"Sheepmeat"
492,66,"Sheepmeat"
493,66,"Sheepmeat"
498,66,"Sheepmeat"
506,66,"Sheepmeat"
825,66,"Sheepmeat"
826,66,"Sheepmeat"
823,66,"Sheepmeat"
611,66,"Sheepmeat"
684,66,"Sheepmeat"
682,66,"Sheepmeat"
635,66,"Sheepmeat"
520,66,"Sheepmeat"
833,66,"Sheepmeat"
900,66,"Sheepmeat"
901,66,"Sheepmeat"
898,66,"Sheepmeat"
871,66,"Sheepmeat"
990,66,"Sheepmeat"
931,66,"Sheepmeat"
930,66,"Sheepmeat"
884,66,"Sheepmeat"
885,66,"Sheepmeat"
935,66,"Sheepmeat"
1038,66,"Sheepmeat"
1033,66,"Sheepmeat"
1032,66,"Sheepmeat"
1034,66,"Sheepmeat"
672,66,"Sheepmeat"
673,66,"Sheepmeat"
678,66,"Sheepmeat"
680,66,"Sheepmeat"
662,66,"Sheepmeat"
663,66,"Sheepmeat"
681,66,"Sheepmeat"
683,66,"Sheepmeat"
3869,66,"Sheepmeat"
3876,66,"Sheepmeat"
623,66,"Sheepmeat"
918,66,"Sheepmeat"
924,66,"Sheepmeat"
630,66,"Sheepmeat"
631,66,"Sheepmeat"
3879,66,"Sheepmeat"
3870,66,"Sheepmeat"
3878,66,"Sheepmeat"
4076,66,"Sheepmeat"
5650,66,"Sheepmeat"
4462,66,"Sheepmeat"
4470,66,"Sheepmeat"
4084,66,"Sheepmeat"
927,66,"Sheepmeat"
655,66,"Sheepmeat"
656,66,"Sheepmeat"
658,66,"Sheepmeat"
661,66,"Sheepmeat"
929,66,"Sheepmeat"
670,66,"Sheepmeat"
926,66,"Sheepmeat"
928,66,"Sheepmeat"
3884,66,"Sheepmeat"
4115,66,"Sheepmeat"
5500,66,"Sheepmeat"
5252,66,"Sheepmeat"
5512,66,"Sheepmeat"
3894,66,"Sheepmeat"
3856,66,"Sheepmeat"
3857,66,"Sheepmeat"
3859,66,"Sheepmeat"
3860,66,"Sheepmeat"
3893,66,"Sheepmeat"
3898,66,"Sheepmeat"
3902,66,"Sheepmeat"
3906,66,"Sheepmeat"
4122,66,"Sheepmeat"
3907,66,"Sheepmeat"
3908,66,"Sheepmeat"
877,66,"Sheepmeat"
883,66,"Sheepmeat"
940,66,"Sheepmeat"
936,66,"Sheepmeat"
976,66,"Sheepmeat"
977,66,"Sheepmeat"
951,66,"Sheepmeat"
952,66,"Sheepmeat"
938,66,"Sheepmeat"
939,66,"Sheepmeat"
958,66,"Sheepmeat"
963,66,"Sheepmeat"
988,66,"Sheepmeat"
4144,66,"Sheepmeat"
985,66,"Sheepmeat"
1070,66,"Sheepmeat"
987,66,"Sheepmeat"
1042,66,"Sheepmeat"
466,66,"Sheepmeat"
1047,66,"Sheepmeat"
465,66,"Sheepmeat"
467,66,"Sheepmeat"
4013,66,"Sheepmeat"
4055,66,"Sheepmeat"
4063,66,"Sheepmeat"
4066,66,"Sheepmeat"
4094,66,"Sheepmeat"
4089,66,"Sheepmeat"
4002,66,"Sheepmeat"
4016,66,"Sheepmeat"
4021,66,"Sheepmeat"
4032,66,"Sheepmeat"
4033,66,"Sheepmeat"
4020,66,"Sheepmeat"
4051,66,"Sheepmeat"
4052,66,"Sheepmeat"
4053,66,"Sheepmeat"
4056,66,"Sheepmeat"
4057,66,"Sheepmeat"
4061,66,"Sheepmeat"
4062,66,"Sheepmeat"
4065,66,"Sheepmeat"
4067,66,"Sheepmeat"
4027,66,"Sheepmeat"
324,66,"Sheepmeat"
301,66,"Sheepmeat"
323,66,"Sheepmeat"
328,66,"Sheepmeat"
330,66,"Sheepmeat"
327,66,"Sheepmeat"
14758,66,"Sheepmeat"
14759,66,"Sheepmeat"
14760,66,"Sheepmeat"
14935,66,"Sheepmeat"
14936,66,"Sheepmeat"
14941,66,"Sheepmeat"
8315,66,"Sheepmeat"
8316,66,"Sheepmeat"
8054,66,"Sheepmeat"
8053,66,"Sheepmeat"
8064,66,"Sheepmeat"
8066,66,"Sheepmeat"
8312,66,"Sheepmeat"
8313,66,"Sheepmeat"
14776,66,"Sheepmeat"
14777,66,"Sheepmeat"
14778,66,"Sheepmeat"
14782,66,"Sheepmeat"
14783,66,"Sheepmeat"
14957,66,"Sheepmeat"
1013,66,"Sheepmeat"
303,66,"Sheepmeat"
281,66,"Sheepmeat"
285,66,"Sheepmeat"
295,66,"Sheepmeat"
997,66,"Sheepmeat"
998,66,"Sheepmeat"
992,66,"Sheepmeat"
993,66,"Sheepmeat"
996,66,"Sheepmeat"
999,66,"Sheepmeat"
1003,66,"Sheepmeat"
1007,66,"Sheepmeat"
1008,66,"Sheepmeat"
1010,66,"Sheepmeat"
1015,66,"Sheepmeat"
1017,66,"Sheepmeat"
1019,66,"Sheepmeat"
1021,66,"Sheepmeat"
1037,66,"Sheepmeat"
1018,66,"Sheepmeat"
1020,66,"Sheepmeat"
1022,66,"Sheepmeat"
1053,66,"Sheepmeat"
1055,66,"Sheepmeat"
17689,66,"Sheepmeat"
17690,66,"Sheepmeat"
17691,66,"Sheepmeat"
17692,66,"Sheepmeat"
17693,66,"Sheepmeat"
254,66,"Sheepmeat"
994,66,"Sheepmeat"
297,66,"Sheepmeat"
283,66,"Sheepmeat"
284,66,"Sheepmeat"
296,66,"Sheepmeat"
253,66,"Sheepmeat"
1093,66,"Sheepmeat"
731,66,"Sheepmeat"
728,66,"Sheepmeat"
730,66,"Sheepmeat"
815,66,"Sheepmeat"
821,66,"Sheepmeat"
269,66,"Sheepmeat"
273,66,"Sheepmeat"
732,66,"Sheepmeat"
733,66,"Sheepmeat"
739,66,"Sheepmeat"
740,66,"Sheepmeat"
816,66,"Sheepmeat"
818,66,"Sheepmeat"
749,66,"Sheepmeat"
748,66,"Sheepmeat"
722,66,"Sheepmeat"
729,66,"Sheepmeat"
734,66,"Sheepmeat"
743,66,"Sheepmeat"
274,66,"Sheepmeat"
291,66,"Sheepmeat"
270,66,"Sheepmeat"
276,66,"Sheepmeat"
278,66,"Sheepmeat"
277,66,"Sheepmeat"
279,66,"Sheepmeat"
755,66,"Sheepmeat"
745,66,"Sheepmeat"
8322,66,"Sheepmeat"
8319,66,"Sheepmeat"
753,66,"Sheepmeat"
8056,66,"Sheepmeat"
8057,66,"Sheepmeat"
8317,66,"Sheepmeat"
8055,66,"Sheepmeat"
8318,66,"Sheepmeat"
8059,66,"Sheepmeat"
737,66,"Sheepmeat"
720,66,"Sheepmeat"
8052,66,"Sheepmeat"
723,66,"Sheepmeat"
8314,66,"Sheepmeat"
735,66,"Sheepmeat"
736,66,"Sheepmeat"
8035,75,"Forestry"
225,75,"Forestry"
224,75,"Forestry"
268,75,"Forestry"
213,75,"Forestry"
13191,75,"Forestry"
8132,75,"Forestry"
8134,75,"Forestry"
8445,75,"Forestry"
7050,75,"Forestry"
6843,75,"Forestry"
6844,75,"Forestry"
10892,75,"Forestry"
14845,75,"Forestry"
14850,75,"Forestry"
3623,75,"Forestry"
3621,75,"Forestry"
586,75,"Forestry"
589,75,"Forestry"
3787,75,"Forestry"
3620,75,"Forestry"
5537,75,"Forestry"
4019,75,"Forestry"
3883,75,"Forestry"
3875,75,"Forestry"
5728,75,"Forestry"
5539,75,"Forestry"
3606,75,"Forestry"
8104,75,"Forestry"
8105,75,"Forestry"
8071,75,"Forestry"
8072,75,"Forestry"
8101,75,"Forestry"
8103,75,"Forestry"
8106,75,"Forestry"
3611,75,"Forestry"
3615,75,"Forestry"
15021,75,"Forestry"
15013,75,"Forestry"
15010,75,"Forestry"
15028,75,"Forestry"
15022,75,"Forestry"
1158,75,"Forestry"
1163,75,"Forestry"
15029,75,"Forestry"
14933,75,"Forestry"
8041,75,"Forestry"
709,75,"Forestry"
8280,75,"Forestry"
8119,75,"Forestry"
8338,75,"Forestry"
10895,75,"Forestry"
1616,75,"Forestry"
2158,75,"Forestry"
1457,75,"Forestry"
1459,75,"Forestry"
3300,75,"Forestry"
876,75,"Forestry"
7396,75,"Forestry"
10912,75,"Forestry"
3545,75,"Forestry"
375,75,"Forestry"
379,75,"Forestry"
691,75,"Forestry"
606,75,"Forestry"
8070,75,"Forestry"
8077,75,"Forestry"
8333,75,"Forestry"
591,75,"Forestry"
603,75,"Forestry"
8332,75,"Forestry"
8082,75,"Forestry"
8112,75,"Forestry"
8113,75,"Forestry"
8111,75,"Forestry"
8067,75,"Forestry"
480,75,"Forestry"
8324,75,"Forestry"
475,75,"Forestry"
464,75,"Forestry"
486,75,"Forestry"
524,75,"Forestry"
593,75,"Forestry"
563,75,"Forestry"
536,75,"Forestry"
583,75,"Forestry"
466,75,"Forestry"
8335,75,"Forestry"
358,75,"Forestry"
315,75,"Forestry"
566,75,"Forestry"
320,75,"Forestry"
322,75,"Forestry"
8325,75,"Forestry"
1074,75,"Forestry"
1072,75,"Forestry"
253,75,"Forestry"
281,75,"Forestry"
269,75,"Forestry"
267,75,"Forestry"
8322,75,"Forestry"
2976,69,"Forestry"
2966,69,"Forestry"
2967,69,"Forestry"
2963,69,"Forestry"
2974,69,"Forestry"
22868,69,"Forestry"
22869,69,"Forestry"
22837,69,"Forestry"
11873,69,"Forestry"
22849,69,"Forestry"
3134,69,"Forestry"
3139,69,"Forestry"
3115,69,"Forestry"
3186,69,"Forestry"
3114,69,"Forestry"
3187,69,"Forestry"
3251,69,"Forestry"
3085,69,"Forestry"
3087,69,"Forestry"
3101,69,"Forestry"
3102,69,"Forestry"
3103,69,"Forestry"
3113,69,"Forestry"
3116,69,"Forestry"
3120,69,"Forestry"
3121,69,"Forestry"
3140,69,"Forestry"
3141,69,"Forestry"
3142,69,"Forestry"
3143,69,"Forestry"
3144,69,"Forestry"
3145,69,"Forestry"
3152,69,"Forestry"
3153,69,"Forestry"
3154,69,"Forestry"
3155,69,"Forestry"
3162,69,"Forestry"
3163,69,"Forestry"
3164,69,"Forestry"
3165,69,"Forestry"
3166,69,"Forestry"
3167,69,"Forestry"
3168,69,"Forestry"
3169,69,"Forestry"
3170,69,"Forestry"
3171,69,"Forestry"
3172,69,"Forestry"
3173,69,"Forestry"
3174,69,"Forestry"
3175,69,"Forestry"
3176,69,"Forestry"
3177,69,"Forestry"
3178,69,"Forestry"
3179,69,"Forestry"
3180,69,"Forestry"
3181,69,"Forestry"
3182,69,"Forestry"
3183,69,"Forestry"
3184,69,"Forestry"
3185,69,"Forestry"
3188,69,"Forestry"
3189,69,"Forestry"
3190,69,"Forestry"
3191,69,"Forestry"
3192,69,"Forestry"
3193,69,"Forestry"
3194,69,"Forestry"
3195,69,"Forestry"
3196,69,"Forestry"
3197,69,"Forestry"
3198,69,"Forestry"
3199,69,"Forestry"
3200,69,"Forestry"
3201,69,"Forestry"
3205,69,"Forestry"
3252,69,"Forestry"
3203,69,"Forestry"
3151,69,"Forestry"
3158,69,"Forestry"
3160,69,"Forestry"
2360,69,"Forestry"
3248,69,"Forestry"
27053,69,"Forestry"
3100,69,"Forestry"
3097,69,"Forestry"
2883,69,"Forestry"
2880,69,"Forestry"
2885,69,"Forestry"
2886,69,"Forestry"
2898,69,"Forestry"
3062,69,"Forestry"
3075,69,"Forestry"
3060,69,"Forestry"
3061,69,"Forestry"
2887,69,"Forestry"
2891,69,"Forestry"
2871,69,"Forestry"
3289,69,"Forestry"
3290,69,"Forestry"
3074,69,"Forestry"
2888,69,"Forestry"
2892,69,"Forestry"
3291,69,"Forestry"
2953,69,"Forestry"
2938,69,"Forestry"
3278,69,"Forestry"
3232,69,"Forestry"
3233,69,"Forestry"
3235,69,"Forestry"
3272,69,"Forestry"
3277,69,"Forestry"
2357,69,"Forestry"
2951,69,"Forestry"
2952,69,"Forestry"
3239,69,"Forestry"
3244,69,"Forestry"
3259,69,"Forestry"
3247,69,"Forestry"
2954,69,"Forestry"
2899,69,"Forestry"
2917,69,"Forestry"
3263,69,"Forestry"
11630,69,"Forestry"
12074,69,"Forestry"
11888,69,"Forestry"
12073,69,"Forestry"
12087,69,"Forestry"
11861,69,"Forestry"
27100,69,"Forestry"
27353,69,"Forestry"
27351,69,"Forestry"
27352,69,"Forestry"
27355,69,"Forestry"
27111,69,"Forestry"
27098,69,"Forestry"
27327,69,"Forestry"
12094,69,"Forestry"
12091,69,"Forestry"
11859,69,"Forestry"
27103,69,"Forestry"
27362,69,"Forestry"
27109,69,"Forestry"
27112,69,"Forestry"
27364,69,"Forestry"
27080,69,"Forestry"
12095,69,"Forestry"
27309,69,"Forestry"
27061,69,"Forestry"
27113,69,"Forestry"
27365,69,"Forestry"
27366,69,"Forestry"
12107,69,"Forestry"
12096,69,"Forestry"
12104,69,"Forestry"
12093,69,"Forestry"
12105,69,"Forestry"
12106,69,"Forestry"
27063,69,"Forestry"
11803,69,"Forestry"
27086,69,"Forestry"
27064,69,"Forestry"
11853,69,"Forestry"
27620,69,"Forestry"
27429,69,"Forestry"
27430,69,"Forestry"
27631,69,"Forestry"
27433,69,"Forestry"
27421,69,"Forestry"
29458,69,"Forestry"
27614,69,"Forestry"
27386,69,"Forestry"
27416,69,"Forestry"
27618,69,"Forestry"
29454,69,"Forestry"
29455,69,"Forestry"
29456,69,"Forestry"
29636,69,"Forestry"
29640,69,"Forestry"
27434,69,"Forestry"
16629,69,"Forestry"
16631,69,"Forestry"
16632,69,"Forestry"
27095,69,"Forestry"
11824,69,"Forestry"
11605,69,"Forestry"
3225,69,"Forestry"
3209,69,"Forestry"
3222,69,"Forestry"
3221,69,"Forestry"
3249,69,"Forestry"
3220,69,"Forestry"
2472,69,"Forestry"
2528,69,"Forestry"
2529,69,"Forestry"
29653,69,"Forestry"
2365,69,"Forestry"
2366,69,"Forestry"
2367,69,"Forestry"
2374,69,"Forestry"
27057,69,"Forestry"
27060,69,"Forestry"
27415,69,"Forestry"
27610,69,"Forestry"
27616,69,"Forestry"
27617,69,"Forestry"
27317,69,"Forestry"
29439,69,"Forestry"
27413,69,"Forestry"
27604,69,"Forestry"
29441,69,"Forestry"
29663,69,"Forestry"
27399,69,"Forestry"
27403,69,"Forestry"
27585,69,"Forestry"
27558,69,"Forestry"
27560,69,"Forestry"
27559,69,"Forestry"
27561,69,"Forestry"
27562,69,"Forestry"
27296,69,"Forestry"
27412,69,"Forestry"
27586,69,"Forestry"
27592,69,"Forestry"
27593,69,"Forestry"
27600,69,"Forestry"
27601,69,"Forestry"
27602,69,"Forestry"
27603,69,"Forestry"
27137,69,"Forestry"
27141,69,"Forestry"
27398,69,"Forestry"
27400,69,"Forestry"
27401,69,"Forestry"
27402,69,"Forestry"
27404,69,"Forestry"
27405,69,"Forestry"
27406,69,"Forestry"
27407,69,"Forestry"
27408,69,"Forestry"
27409,69,"Forestry"
27587,69,"Forestry"
27588,69,"Forestry"
27589,69,"Forestry"
27590,69,"Forestry"
27591,69,"Forestry"
27594,69,"Forestry"
27595,69,"Forestry"
27596,69,"Forestry"
27597,69,"Forestry"
27598,69,"Forestry"
27599,69,"Forestry"
27411,69,"Forestry"
27441,69,"Forestry"
27442,69,"Forestry"
27443,69,"Forestry"
27444,69,"Forestry"
27652,69,"Forestry"
27653,69,"Forestry"
27654,69,"Forestry"
27655,69,"Forestry"
27656,69,"Forestry"
27373,69,"Forestry"
12293,69,"Forestry"
12023,69,"Forestry"
12021,69,"Forestry"
30840,69,"Forestry"
30834,69,"Forestry"
30631,69,"Forestry"
12026,69,"Forestry"
12027,69,"Forestry"
12029,69,"Forestry"
12030,69,"Forestry"
30833,69,"Forestry"
30578,69,"Forestry"
30835,69,"Forestry"
30576,69,"Forestry"
30585,69,"Forestry"
12292,69,"Forestry"
30838,69,"Forestry"
30579,69,"Forestry"
30581,69,"Forestry"
30842,69,"Forestry"
12260,69,"Forestry"
12267,69,"Forestry"
12268,69,"Forestry"
12269,69,"Forestry"
12270,69,"Forestry"
12271,69,"Forestry"
12272,69,"Forestry"
12273,69,"Forestry"
12274,69,"Forestry"
12277,69,"Forestry"
12281,69,"Forestry"
12003,69,"Forestry"
12007,69,"Forestry"
12025,69,"Forestry"
30831,69,"Forestry"
30832,69,"Forestry"
30577,69,"Forestry"
30582,69,"Forestry"
30583,69,"Forestry"
30584,69,"Forestry"
30586,69,"Forestry"
30587,69,"Forestry"
30588,69,"Forestry"
30589,69,"Forestry"
30590,69,"Forestry"
30591,69,"Forestry"
30841,69,"Forestry"
30597,69,"Forestry"
30600,69,"Forestry"
30601,69,"Forestry"
30602,69,"Forestry"
30857,69,"Forestry"
30859,69,"Forestry"
30871,69,"Forestry"
30607,69,"Forestry"
30609,69,"Forestry"
30855,69,"Forestry"
23772,69,"Forestry"
23770,69,"Forestry"
23792,69,"Forestry"
23771,69,"Forestry"
15132,69,"Forestry"
14061,69,"Forestry"
14062,69,"Forestry"
14063,69,"Forestry"
15133,69,"Forestry"
24391,69,"Forestry"
24386,69,"Forestry"
24388,69,"Forestry"
24394,69,"Forestry"
14035,69,"Forestry"
14037,69,"Forestry"
14053,69,"Forestry"
13632,69,"Forestry"
14052,69,"Forestry"
15039,69,"Forestry"
15040,69,"Forestry"
15045,69,"Forestry"
15046,69,"Forestry"
15047,69,"Forestry"
15050,69,"Forestry"
15048,69,"Forestry"
15065,69,"Forestry"
15066,69,"Forestry"
15098,69,"Forestry"
15054,69,"Forestry"
15074,69,"Forestry"
15105,69,"Forestry"
24629,69,"Forestry"
24651,69,"Forestry"
24656,69,"Forestry"
24402,69,"Forestry"
29449,69,"Forestry"
29450,69,"Forestry"
29451,69,"Forestry"
29654,69,"Forestry"
29655,69,"Forestry"
29656,69,"Forestry"
29657,69,"Forestry"
29440,69,"Forestry"
29651,69,"Forestry"
29444,69,"Forestry"
29445,69,"Forestry"
29447,69,"Forestry"
29658,69,"Forestry"
2532,69,"Forestry"
30886,69,"Forestry"
2536,69,"Forestry"
29649,69,"Forestry"
12256,69,"Forestry"
28336,69,"Forestry"
28209,69,"Forestry"
29585,69,"Forestry"
29389,69,"Forestry"
29395,69,"Forestry"
29392,69,"Forestry"
29396,69,"Forestry"
29595,69,"Forestry"
15344,69,"Forestry"
28207,69,"Forestry"
12255,69,"Forestry"
12258,69,"Forestry"
29584,69,"Forestry"
12259,69,"Forestry"
11983,69,"Forestry"
30843,69,"Forestry"
29427,69,"Forestry"
29616,69,"Forestry"
29619,69,"Forestry"
12250,69,"Forestry"
11984,69,"Forestry"
11990,69,"Forestry"
30895,69,"Forestry"
30612,69,"Forestry"
30844,69,"Forestry"
30643,69,"Forestry"
30665,69,"Forestry"
30644,69,"Forestry"
30646,69,"Forestry"
29418,69,"Forestry"
29435,69,"Forestry"
29434,69,"Forestry"
29436,69,"Forestry"
29629,69,"Forestry"
12254,69,"Forestry"
28364,69,"Forestry"
28365,69,"Forestry"
29672,69,"Forestry"
29677,69,"Forestry"
29678,69,"Forestry"
30615,69,"Forestry"
30868,69,"Forestry"
30668,69,"Forestry"
30848,69,"Forestry"
29613,69,"Forestry"
29423,69,"Forestry"
29425,69,"Forestry"
30594,69,"Forestry"
30613,69,"Forestry"
30900,69,"Forestry"
30899,69,"Forestry"
12009,69,"Forestry"
29438,69,"Forestry"
29671,69,"Forestry"
29437,69,"Forestry"
29670,69,"Forestry"
30658,69,"Forestry"
30659,69,"Forestry"
30662,69,"Forestry"
29674,69,"Forestry"
29422,69,"Forestry"
29630,69,"Forestry"
29631,69,"Forestry"
29632,69,"Forestry"
29633,69,"Forestry"
29634,69,"Forestry"
29635,69,"Forestry"
29638,69,"Forestry"
29639,69,"Forestry"
29642,69,"Forestry"
29643,69,"Forestry"
29644,69,"Forestry"
29645,69,"Forestry"
29646,69,"Forestry"
29648,69,"Forestry"
29673,69,"Forestry"
29675,69,"Forestry"
29676,69,"Forestry"
29683,69,"Forestry"
29684,69,"Forestry"
29685,69,"Forestry"
29686,69,"Forestry"
29687,69,"Forestry"
29688,69,"Forestry"
29689,69,"Forestry"
29690,69,"Forestry"
29691,69,"Forestry"
29692,69,"Forestry"
29693,69,"Forestry"
29694,69,"Forestry"
30874,69,"Forestry"
30875,69,"Forestry"
30876,69,"Forestry"
30877,69,"Forestry"
30878,69,"Forestry"
30879,69,"Forestry"
30880,69,"Forestry"
30881,69,"Forestry"
30882,69,"Forestry"
30883,69,"Forestry"
30645,69,"Forestry"
30657,69,"Forestry"
30660,69,"Forestry"
30661,69,"Forestry"
30663,69,"Forestry"
30664,69,"Forestry"
30667,69,"Forestry"
30670,69,"Forestry"
30671,69,"Forestry"
30901,69,"Forestry"
30902,69,"Forestry"
30903,69,"Forestry"
30904,69,"Forestry"
30905,69,"Forestry"
30906,69,"Forestry"
30907,69,"Forestry"
30908,69,"Forestry"
30909,69,"Forestry"
30910,69,"Forestry"
30672,69,"Forestry"
12288,69,"Forestry"
12017,69,"Forestry"
29650,69,"Forestry"
30611,69,"Forestry"
30847,69,"Forestry"
30849,69,"Forestry"
30846,69,"Forestry"
29401,69,"Forestry"
12252,69,"Forestry"
30599,69,"Forestry"
30852,69,"Forestry"
30865,69,"Forestry"
30866,69,"Forestry"
30867,69,"Forestry"
30624,69,"Forestry"
29652,69,"Forestry"
29661,69,"Forestry"
27440,69,"Forestry"
30862,69,"Forestry"
30863,69,"Forestry"
30869,69,"Forestry"
30870,69,"Forestry"
30618,69,"Forestry"
30872,69,"Forestry"
30873,69,"Forestry"
27395,69,"Forestry"
3090,69,"Forestry"
27295,69,"Forestry"
30669,69,"Forestry"
30861,69,"Forestry"
30860,69,"Forestry"
30616,69,"Forestry"
30608,69,"Forestry"
30854,69,"Forestry"
30858,69,"Forestry"
30617,69,"Forestry"
30625,69,"Forestry"
30626,69,"Forestry"
30627,69,"Forestry"
30623,69,"Forestry"
30619,69,"Forestry"
30622,69,"Forestry"
30634,69,"Forestry"
30889,69,"Forestry"
30851,69,"Forestry"
22866,69,"Forestry"
22861,69,"Forestry"
22862,69,"Forestry"
22871,69,"Forestry"
22863,69,"Forestry"
22816,69,"Forestry"
22854,69,"Forestry"
22864,69,"Forestry"
22865,69,"Forestry"
22870,69,"Forestry"
15035,69,"Forestry"
15036,69,"Forestry"
15038,69,"Forestry"
15064,69,"Forestry"
15037,69,"Forestry"
15052,69,"Forestry"
15053,69,"Forestry"
15055,69,"Forestry"
15056,69,"Forestry"
15057,69,"Forestry"
15058,69,"Forestry"
15059,69,"Forestry"
15060,69,"Forestry"
15061,69,"Forestry"
15062,69,"Forestry"
15063,69,"Forestry"
22893,69,"Forestry"
22642,69,"Forestry"
22848,69,"Forestry"
16717,69,"Forestry"
23573,69,"Forestry"
23562,69,"Forestry"
23598,69,"Forestry"
23747,69,"Forestry"
23509,69,"Forestry"
16650,69,"Forestry"
16676,69,"Forestry"
16659,69,"Forestry"
16949,69,"Forestry"
16946,69,"Forestry"
16948,69,"Forestry"
16648,69,"Forestry"
16696,69,"Forestry"
16697,69,"Forestry"
15653,69,"Forestry"
16944,69,"Forestry"
15051,69,"Forestry"
15073,69,"Forestry"
15049,69,"Forestry"
16919,69,"Forestry"
15078,69,"Forestry"
15116,69,"Forestry"
15106,69,"Forestry"
14870,69,"Forestry"
14873,69,"Forestry"
16363,69,"Forestry"
16366,69,"Forestry"
16911,69,"Forestry"
16674,69,"Forestry"
16907,69,"Forestry"
16672,69,"Forestry"
16641,69,"Forestry"
14876,69,"Forestry"
16367,69,"Forestry"
16368,69,"Forestry"
16369,69,"Forestry"
16370,69,"Forestry"
16634,69,"Forestry"
16635,69,"Forestry"
16915,69,"Forestry"
16381,69,"Forestry"
16896,69,"Forestry"
16916,69,"Forestry"
16917,69,"Forestry"
16667,69,"Forestry"
16937,69,"Forestry"
16892,69,"Forestry"
30885,69,"Forestry"
27090,69,"Forestry"
27091,69,"Forestry"
27312,69,"Forestry"
27313,69,"Forestry"
27301,69,"Forestry"
27303,69,"Forestry"
27919,69,"Forestry"
12140,69,"Forestry"
12155,69,"Forestry"
11964,69,"Forestry"
15653,71,"Fruit"
15655,71,"Fruit"
15654,71,"Fruit"
22108,71,"Fruit"
22109,71,"Fruit"
22110,71,"Fruit"
21856,71,"Fruit"
21857,71,"Fruit"
21861,71,"Fruit"
22302,71,"Fruit"
22306,71,"Fruit"
22307,71,"Fruit"
21410,71,"Fruit"
21411,71,"Fruit"
22310,71,"Fruit"
22311,71,"Fruit"
22314,71,"Fruit"
22335,71,"Fruit"
22340,71,"Fruit"
22313,71,"Fruit"
22336,71,"Fruit"
22337,71,"Fruit"
22289,71,"Fruit"
22318,71,"Fruit"
22319,71,"Fruit"
22143,71,"Fruit"
22126,71,"Fruit"
22127,71,"Fruit"
22287,71,"Fruit"
22288,71,"Fruit"
28622,71,"Fruit"
28626,71,"Fruit"
28628,71,"Fruit"
28614,71,"Fruit"
28616,71,"Fruit"
28635,71,"Fruit"
28636,71,"Fruit"
28839,71,"Fruit"
28838,71,"Fruit"
28840,71,"Fruit"
28845,71,"Fruit"
28846,71,"Fruit"
28847,71,"Fruit"
28912,71,"Fruit"
28913,71,"Fruit"
27550,71,"Fruit"
27551,71,"Fruit"
27552,71,"Fruit"
27554,71,"Fruit"
27555,71,"Fruit"
27556,71,"Fruit"
27813,71,"Fruit"
27814,71,"Fruit"
27815,71,"Fruit"
27817,71,"Fruit"
28070,71,"Fruit"
22320,71,"Fruit"
22325,71,"Fruit"
22364,71,"Fruit"
22329,71,"Fruit"
22330,71,"Fruit"
22331,71,"Fruit"
22350,71,"Fruit"
22339,71,"Fruit"
22342,71,"Fruit"
22338,71,"Fruit"
22341,71,"Fruit"
22346,71,"Fruit"
28618,71,"Fruit"
28619,71,"Fruit"
28620,71,"Fruit"
28632,71,"Fruit"
22348,71,"Fruit"
22349,71,"Fruit"
22353,71,"Fruit"
28830,71,"Fruit"
28831,71,"Fruit"
28832,71,"Fruit"
28836,71,"Fruit"
28837,71,"Fruit"
28608,71,"Fruit"
28609,71,"Fruit"
28610,71,"Fruit"
28611,71,"Fruit"
28612,71,"Fruit"
28857,71,"Fruit"
28858,71,"Fruit"
28860,71,"Fruit"
28864,71,"Fruit"
28655,71,"Fruit"
28889,71,"Fruit"
28890,71,"Fruit"
28891,71,"Fruit"
28895,71,"Fruit"
28900,71,"Fruit"
28901,71,"Fruit"
28902,71,"Fruit"
28903,71,"Fruit"
28904,71,"Fruit"
28677,71,"Fruit"
28678,71,"Fruit"
28679,71,"Fruit"
28680,71,"Fruit"
22376,71,"Fruit"
28823,71,"Fruit"
28824,71,"Fruit"
28825,71,"Fruit"
28826,71,"Fruit"
28827,71,"Fruit"
28828,71,"Fruit"
28829,71,"Fruit"
28856,71,"Fruit"
28862,71,"Fruit"
28865,71,"Fruit"
28639,71,"Fruit"
28861,71,"Fruit"
28863,71,"Fruit"
28640,71,"Fruit"
27663,71,"Fruit"
27664,71,"Fruit"
27666,71,"Fruit"
27676,71,"Fruit"
27677,71,"Fruit"
27678,71,"Fruit"
27679,71,"Fruit"
27445,71,"Fruit"
27446,71,"Fruit"
22372,71,"Fruit"
22373,71,"Fruit"
27687,71,"Fruit"
27665,71,"Fruit"
27668,71,"Fruit"
27669,71,"Fruit"
27671,71,"Fruit"
27672,71,"Fruit"
27673,71,"Fruit"
27674,71,"Fruit"
27490,71,"Fruit"
27491,71,"Fruit"
27492,71,"Fruit"
27493,71,"Fruit"
27494,71,"Fruit"
27495,71,"Fruit"
27496,71,"Fruit"
27497,71,"Fruit"
27498,71,"Fruit"
27499,71,"Fruit"
27500,71,"Fruit"
27709,71,"Fruit"
27710,71,"Fruit"
27711,71,"Fruit"
27712,71,"Fruit"
27713,71,"Fruit"
27714,71,"Fruit"
27717,71,"Fruit"
27729,71,"Fruit"
27730,71,"Fruit"
27731,71,"Fruit"
27732,71,"Fruit"
27733,71,"Fruit"
27734,71,"Fruit"
27735,71,"Fruit"
27736,71,"Fruit"
27501,71,"Fruit"
27502,71,"Fruit"
27503,71,"Fruit"
27534,71,"Fruit"
27537,71,"Fruit"
27538,71,"Fruit"
27539,71,"Fruit"
27543,71,"Fruit"
27544,71,"Fruit"
27545,71,"Fruit"
27546,71,"Fruit"
27783,71,"Fruit"
27784,71,"Fruit"
27785,71,"Fruit"
27786,71,"Fruit"
27787,71,"Fruit"
27788,71,"Fruit"
27789,71,"Fruit"
27793,71,"Fruit"
28638,71,"Fruit"
28642,71,"Fruit"
28644,71,"Fruit"
28907,71,"Fruit"
28651,71,"Fruit"
28652,71,"Fruit"
28654,71,"Fruit"
28893,71,"Fruit"
28894,71,"Fruit"
28896,71,"Fruit"
28897,71,"Fruit"
28898,71,"Fruit"
28899,71,"Fruit"
28668,71,"Fruit"
28669,71,"Fruit"
28670,71,"Fruit"
28672,71,"Fruit"
28673,71,"Fruit"
28674,71,"Fruit"
28676,71,"Fruit"
27683,71,"Fruit"
27688,71,"Fruit"
27689,71,"Fruit"
27697,71,"Fruit"
27698,71,"Fruit"
27699,71,"Fruit"
27705,71,"Fruit"
27707,71,"Fruit"
27472,71,"Fruit"
27473,71,"Fruit"
27475,71,"Fruit"
27477,71,"Fruit"
27482,71,"Fruit"
27483,71,"Fruit"
27486,71,"Fruit"
27487,71,"Fruit"
27488,71,"Fruit"
27510,71,"Fruit"
27511,71,"Fruit"
27532,71,"Fruit"
27740,71,"Fruit"
27742,71,"Fruit"
27743,71,"Fruit"
27745,71,"Fruit"
27746,71,"Fruit"
27747,71,"Fruit"
27749,71,"Fruit"
27752,71,"Fruit"
27753,71,"Fruit"
27754,71,"Fruit"
27765,71,"Fruit"
27766,71,"Fruit"
27767,71,"Fruit"
27769,71,"Fruit"
27770,71,"Fruit"
27771,71,"Fruit"
27772,71,"Fruit"
27777,71,"Fruit"
27778,71,"Fruit"
28660,71,"Fruit"
28661,71,"Fruit"
28681,71,"Fruit"
28687,71,"Fruit"
28688,71,"Fruit"
28841,71,"Fruit"
28842,71,"Fruit"
28848,71,"Fruit"
28851,71,"Fruit"
28852,71,"Fruit"
28853,71,"Fruit"
28854,71,"Fruit"
28666,71,"Fruit"
28684,71,"Fruit"
28685,71,"Fruit"
28691,71,"Fruit"
28694,71,"Fruit"
28906,71,"Fruit"
28909,71,"Fruit"
28914,71,"Fruit"
28919,71,"Fruit"
27809,71,"Fruit"
27553,71,"Fruit"
27816,71,"Fruit"
27959,71,"Fruit"
27960,71,"Fruit"
27961,71,"Fruit"
27962,71,"Fruit"
27956,71,"Fruit"
27957,71,"Fruit"
27963,71,"Fruit"
27964,71,"Fruit"
27965,71,"Fruit"
27966,71,"Fruit"
27969,71,"Fruit"
27970,71,"Fruit"
27971,71,"Fruit"
27972,71,"Fruit"
27973,71,"Fruit"
27991,71,"Fruit"
27992,71,"Fruit"
27993,71,"Fruit"
27994,71,"Fruit"
27995,71,"Fruit"
27996,71,"Fruit"
27997,71,"Fruit"
27998,71,"Fruit"
27999,71,"Fruit"
28000,71,"Fruit"
28001,71,"Fruit"
28002,71,"Fruit"
28003,71,"Fruit"
28007,71,"Fruit"
28008,71,"Fruit"
28010,71,"Fruit"
28011,71,"Fruit"
28013,71,"Fruit"
28020,71,"Fruit"
28021,71,"Fruit"
27832,71,"Fruit"
27833,71,"Fruit"
27834,71,"Fruit"
27835,71,"Fruit"
28027,71,"Fruit"
28028,71,"Fruit"
28029,71,"Fruit"
28067,71,"Fruit"
28068,71,"Fruit"
27855,71,"Fruit"
27865,71,"Fruit"
28071,71,"Fruit"
28079,71,"Fruit"
28693,71,"Fruit"
28918,71,"Fruit"
27975,71,"Fruit"
27976,71,"Fruit"
27979,71,"Fruit"
27848,71,"Fruit"
27851,71,"Fruit"
27896,71,"Fruit"
28343,71,"Fruit"
28347,71,"Fruit"
28352,71,"Fruit"
27981,71,"Fruit"
27984,71,"Fruit"
27985,71,"Fruit"
27843,71,"Fruit"
28022,71,"Fruit"
27828,71,"Fruit"
27479,71,"Fruit"
27481,71,"Fruit"
27484,71,"Fruit"
27523,71,"Fruit"
27525,71,"Fruit"
27526,71,"Fruit"
27527,71,"Fruit"
27528,71,"Fruit"
27529,71,"Fruit"
27913,71,"Fruit"
28128,71,"Fruit"
27701,71,"Fruit"
27702,71,"Fruit"
22175,71,"Fruit"
23753,71,"Fruit"
23766,71,"Fruit"
27728,71,"Fruit"
27727,71,"Fruit"
27507,71,"Fruit"
27781,71,"Fruit"
27508,71,"Fruit"
27755,71,"Fruit"
27548,71,"Fruit"
27549,71,"Fruit"
23585,71,"Fruit"
23586,71,"Fruit"
23587,71,"Fruit"
23588,71,"Fruit"
23591,71,"Fruit"
23592,71,"Fruit"
23593,71,"Fruit"
23594,71,"Fruit"
23595,71,"Fruit"
23596,71,"Fruit"
23597,71,"Fruit"
23598,71,"Fruit"
23656,71,"Fruit"
23657,71,"Fruit"
23658,71,"Fruit"
23659,71,"Fruit"
23660,71,"Fruit"
23661,71,"Fruit"
23662,71,"Fruit"
23663,71,"Fruit"
23666,71,"Fruit"
23667,71,"Fruit"
23668,71,"Fruit"
23670,71,"Fruit"
23671,71,"Fruit"
23674,71,"Fruit"
23675,71,"Fruit"
23679,71,"Fruit"
23680,71,"Fruit"
23681,71,"Fruit"
23682,71,"Fruit"
23683,71,"Fruit"
23684,71,"Fruit"
23685,71,"Fruit"
23742,71,"Fruit"
23743,71,"Fruit"
23744,71,"Fruit"
23745,71,"Fruit"
23747,71,"Fruit"
23750,71,"Fruit"
23751,71,"Fruit"
23760,71,"Fruit"
23762,71,"Fruit"
23773,71,"Fruit"
23775,71,"Fruit"
23776,71,"Fruit"
23778,71,"Fruit"
23779,71,"Fruit"
23780,71,"Fruit"
23781,71,"Fruit"
23782,71,"Fruit"
23783,71,"Fruit"
23784,71,"Fruit"
23785,71,"Fruit"
23786,71,"Fruit"
23787,71,"Fruit"
23789,71,"Fruit"
23790,71,"Fruit"
23791,71,"Fruit"
23793,71,"Fruit"
23794,71,"Fruit"
23795,71,"Fruit"
23796,71,"Fruit"
23797,71,"Fruit"
23798,71,"Fruit"
23799,71,"Fruit"
23800,71,"Fruit"
23801,71,"Fruit"
23802,71,"Fruit"
23803,71,"Fruit"
23805,71,"Fruit"
23806,71,"Fruit"
23812,71,"Fruit"
14873,71,"Fruit"
15126,71,"Fruit"
15128,71,"Fruit"
15135,71,"Fruit"
15136,71,"Fruit"
14880,71,"Fruit"
14881,71,"Fruit"
15295,71,"Fruit"
15298,71,"Fruit"
15300,71,"Fruit"
22380,71,"Fruit"
22381,71,"Fruit"
22382,71,"Fruit"
22383,71,"Fruit"
22384,71,"Fruit"
22166,71,"Fruit"
22167,71,"Fruit"
22168,71,"Fruit"
22169,71,"Fruit"
22170,71,"Fruit"
22171,71,"Fruit"
22398,71,"Fruit"
22400,71,"Fruit"
22193,71,"Fruit"
22396,71,"Fruit"
22399,71,"Fruit"
14282,71,"Fruit"
14283,71,"Fruit"
14284,71,"Fruit"
14285,71,"Fruit"
14286,71,"Fruit"
14486,71,"Fruit"
14487,71,"Fruit"
13582,71,"Fruit"
13583,71,"Fruit"
13585,71,"Fruit"
13586,71,"Fruit"
13587,71,"Fruit"
13588,71,"Fruit"
13589,71,"Fruit"
13590,71,"Fruit"
13591,71,"Fruit"
13592,71,"Fruit"
13593,71,"Fruit"
13594,71,"Fruit"
13595,71,"Fruit"
13596,71,"Fruit"
13597,71,"Fruit"
13598,71,"Fruit"
13833,71,"Fruit"
13834,71,"Fruit"
13614,71,"Fruit"
13615,71,"Fruit"
13619,71,"Fruit"
13873,71,"Fruit"
27779,71,"Fruit"
27780,71,"Fruit"
14277,71,"Fruit"
14278,71,"Fruit"
14302,71,"Fruit"
14502,71,"Fruit"
14503,71,"Fruit"
14504,71,"Fruit"
13835,71,"Fruit"
13843,71,"Fruit"
13633,71,"Fruit"
13857,71,"Fruit"
13858,71,"Fruit"
13859,71,"Fruit"
13860,71,"Fruit"
13864,71,"Fruit"
13866,71,"Fruit"
14513,71,"Fruit"
13629,71,"Fruit"
13896,71,"Fruit"
14047,71,"Fruit"
14048,71,"Fruit"
14053,71,"Fruit"
14054,71,"Fruit"
14057,71,"Fruit"
14058,71,"Fruit"
14059,71,"Fruit"
15099,71,"Fruit"
15046,71,"Fruit"
15098,71,"Fruit"
15105,71,"Fruit"
14875,71,"Fruit"
15116,71,"Fruit"
15117,71,"Fruit"
15118,71,"Fruit"
15100,71,"Fruit"
15101,71,"Fruit"
14860,71,"Fruit"
14864,71,"Fruit"
13584,71,"Fruit"
13872,71,"Fruit"
13878,71,"Fruit"
13879,71,"Fruit"
14507,71,"Fruit"
14069,71,"Fruit"
13881,71,"Fruit"
13885,71,"Fruit"
13880,71,"Fruit"
13886,71,"Fruit"
13889,71,"Fruit"
13892,71,"Fruit"
13897,71,"Fruit"
14032,71,"Fruit"
14049,71,"Fruit"
14042,71,"Fruit"
14074,71,"Fruit"
14488,71,"Fruit"
14512,71,"Fruit"
14514,71,"Fruit"
15122,71,"Fruit"
22386,71,"Fruit"
22387,71,"Fruit"
22422,71,"Fruit"
22423,71,"Fruit"
22427,71,"Fruit"
22428,71,"Fruit"
14238,71,"Fruit"
14239,71,"Fruit"
14249,71,"Fruit"
14250,71,"Fruit"
14253,71,"Fruit"
13992,71,"Fruit"
22388,71,"Fruit"
22144,71,"Fruit"
23810,71,"Fruit"
22389,71,"Fruit"
22145,71,"Fruit"
22146,71,"Fruit"
22148,71,"Fruit"
22147,71,"Fruit"
14005,71,"Fruit"
14006,71,"Fruit"
14007,71,"Fruit"
14279,71,"Fruit"
22156,71,"Fruit"
22182,71,"Fruit"
28873,71,"Fruit"
14010,71,"Fruit"
14263,71,"Fruit"
14496,71,"Fruit"
14287,71,"Fruit"
22154,71,"Fruit"
14043,71,"Fruit"
14075,71,"Fruit"
14046,71,"Fruit"
22391,71,"Fruit"
22392,71,"Fruit"
24391,71,"Fruit"
28647,71,"Fruit"
28870,71,"Fruit"
28871,71,"Fruit"
28872,71,"Fruit"
28874,71,"Fruit"
28884,71,"Fruit"
23715,71,"Fruit"
23716,71,"Fruit"
23717,71,"Fruit"
28875,71,"Fruit"
28876,71,"Fruit"
28878,71,"Fruit"
28879,71,"Fruit"
27819,71,"Fruit"
27820,71,"Fruit"
27821,71,"Fruit"
27822,71,"Fruit"
27823,71,"Fruit"
27978,71,"Fruit"
27980,71,"Fruit"
27986,71,"Fruit"
27987,71,"Fruit"
27988,71,"Fruit"
27989,71,"Fruit"
27990,71,"Fruit"
27829,71,"Fruit"
27830,71,"Fruit"
27831,71,"Fruit"
28034,71,"Fruit"
28035,71,"Fruit"
28037,71,"Fruit"
28038,71,"Fruit"
28041,71,"Fruit"
28042,71,"Fruit"
28043,71,"Fruit"
28044,71,"Fruit"
28045,71,"Fruit"
28046,71,"Fruit"
28051,71,"Fruit"
28052,71,"Fruit"
15419,71,"Fruit"
28055,71,"Fruit"
28056,71,"Fruit"
28058,71,"Fruit"
28060,71,"Fruit"
28061,71,"Fruit"
27839,71,"Fruit"
27840,71,"Fruit"
27905,71,"Fruit"
27906,71,"Fruit"
27907,71,"Fruit"
27908,71,"Fruit"
27909,71,"Fruit"
27914,71,"Fruit"
28130,71,"Fruit"
28141,71,"Fruit"
28142,71,"Fruit"
28143,71,"Fruit"
28145,71,"Fruit"
28147,71,"Fruit"
28149,71,"Fruit"
28150,71,"Fruit"
15357,71,"Fruit"
15358,71,"Fruit"
15143,71,"Fruit"
28148,71,"Fruit"
28151,71,"Fruit"
28152,71,"Fruit"
28153,71,"Fruit"
28154,71,"Fruit"
28155,71,"Fruit"
28156,71,"Fruit"
28157,71,"Fruit"
28158,71,"Fruit"
27915,71,"Fruit"
27916,71,"Fruit"
27695,71,"Fruit"
27715,71,"Fruit"
27716,71,"Fruit"
27718,71,"Fruit"
27504,71,"Fruit"
27505,71,"Fruit"
27506,71,"Fruit"
27547,71,"Fruit"
27782,71,"Fruit"
27757,71,"Fruit"
27480,71,"Fruit"
27516,71,"Fruit"
27517,71,"Fruit"
27518,71,"Fruit"
27519,71,"Fruit"
27520,71,"Fruit"
27521,71,"Fruit"
27522,71,"Fruit"
27524,71,"Fruit"
28649,71,"Fruit"
28888,71,"Fruit"
27810,71,"Fruit"
27811,71,"Fruit"
27948,71,"Fruit"
28016,71,"Fruit"
28662,71,"Fruit"
28663,71,"Fruit"
28915,71,"Fruit"
28917,71,"Fruit"
28675,71,"Fruit"
27818,71,"Fruit"
27967,71,"Fruit"
27968,71,"Fruit"
27852,71,"Fruit"
27853,71,"Fruit"
27895,71,"Fruit"
28337,71,"Fruit"
27977,71,"Fruit"
27982,71,"Fruit"
27983,71,"Fruit"
27898,71,"Fruit"
28131,71,"Fruit"
28030,71,"Fruit"
28032,71,"Fruit"
12255,71,"Fruit"
11985,71,"Fruit"
11990,71,"Fruit"
28206,71,"Fruit"
28207,71,"Fruit"
28208,71,"Fruit"
12253,71,"Fruit"
28358,71,"Fruit"
12245,71,"Fruit"
12268,71,"Fruit"
11989,71,"Fruit"
12262,71,"Fruit"
12248,71,"Fruit"
12249,71,"Fruit"
12250,71,"Fruit"
16704,71,"Fruit"
16718,71,"Fruit"
16721,71,"Fruit"
16964,71,"Fruit"
16697,71,"Fruit"
16726,71,"Fruit"
16728,71,"Fruit"
16980,71,"Fruit"
15230,71,"Fruit"
16981,71,"Fruit"
15231,71,"Fruit"
16979,71,"Fruit"
15313,71,"Fruit"
15314,71,"Fruit"
15315,71,"Fruit"
15321,71,"Fruit"
16972,71,"Fruit"
16973,71,"Fruit"
15344,71,"Fruit"
15146,71,"Fruit"
15147,71,"Fruit"
15148,71,"Fruit"
15149,71,"Fruit"
15364,71,"Fruit"
15377,71,"Fruit"
23549,71,"Fruit"
23550,71,"Fruit"
15369,71,"Fruit"
15153,71,"Fruit"
15154,71,"Fruit"
15392,71,"Fruit"
15393,71,"Fruit"
15160,71,"Fruit"
15367,71,"Fruit"
15163,71,"Fruit"
15164,71,"Fruit"
15165,71,"Fruit"
15167,71,"Fruit"
23558,71,"Fruit"
23559,71,"Fruit"
23560,71,"Fruit"
15169,71,"Fruit"
15171,71,"Fruit"
15332,71,"Fruit"
15333,71,"Fruit"
15339,71,"Fruit"
15150,71,"Fruit"
15363,71,"Fruit"
15322,71,"Fruit"
15340,71,"Fruit"
15341,71,"Fruit"
15173,71,"Fruit"
15174,71,"Fruit"
15176,71,"Fruit"
15403,71,"Fruit"
23574,71,"Fruit"
23575,71,"Fruit"
23576,71,"Fruit"
23561,71,"Fruit"
23573,71,"Fruit"
23567,71,"Fruit"
23568,71,"Fruit"
23565,71,"Fruit"
23553,71,"Fruit"
23563,71,"Fruit"
23569,71,"Fruit"
23570,71,"Fruit"
16650,71,"Fruit"
16651,71,"Fruit"
16652,71,"Fruit"
16653,71,"Fruit"
16654,71,"Fruit"
16656,71,"Fruit"
16657,71,"Fruit"
16676,71,"Fruit"
16944,71,"Fruit"
16679,71,"Fruit"
16683,71,"Fruit"
16684,71,"Fruit"
16678,71,"Fruit"
16675,71,"Fruit"
16956,71,"Fruit"
16689,71,"Fruit"
16691,71,"Fruit"
16692,71,"Fruit"
16693,71,"Fruit"
16694,71,"Fruit"
16695,71,"Fruit"
16698,71,"Fruit"
16699,71,"Fruit"
16700,71,"Fruit"
16703,71,"Fruit"
16709,71,"Fruit"
16710,71,"Fruit"
16723,71,"Fruit"
16701,71,"Fruit"
16702,71,"Fruit"
16711,71,"Fruit"
16712,71,"Fruit"
16962,71,"Fruit"
16714,71,"Fruit"
23686,71,"Fruit"
23689,71,"Fruit"
23509,71,"Fruit"
23530,71,"Fruit"
23691,71,"Fruit"
23669,71,"Fruit"
23673,71,"Fruit"
23676,71,"Fruit"
23696,71,"Fruit"
23697,71,"Fruit"
23698,71,"Fruit"
23699,71,"Fruit"
23700,71,"Fruit"
23734,71,"Fruit"
23738,71,"Fruit"
23708,71,"Fruit"
23709,71,"Fruit"
23718,71,"Fruit"
23719,71,"Fruit"
23723,71,"Fruit"
23724,71,"Fruit"
23725,71,"Fruit"
23732,71,"Fruit"
21659,71,"Fruit"
21660,71,"Fruit"
21661,71,"Fruit"
21425,71,"Fruit"
21427,71,"Fruit"
21428,71,"Fruit"
21435,71,"Fruit"
22290,71,"Fruit"
21254,71,"Fruit"
21255,71,"Fruit"
15110,71,"Fruit"
16975,71,"Fruit"
16976,71,"Fruit"
14870,71,"Fruit"
16921,71,"Fruit"
16923,71,"Fruit"
16924,71,"Fruit"
21592,71,"Fruit"
21055,71,"Fruit"
21307,71,"Fruit"
21309,71,"Fruit"
21404,71,"Fruit"
21589,71,"Fruit"
16888,71,"Fruit"
16889,71,"Fruit"
16941,71,"Fruit"
16890,71,"Fruit"
16891,71,"Fruit"
16663,71,"Fruit"
16664,71,"Fruit"
16667,71,"Fruit"
27878,71,"Fruit"
27879,71,"Fruit"
21614,71,"Fruit"
21419,71,"Fruit"
22301,71,"Fruit"
22303,71,"Fruit"
22304,71,"Fruit"
22305,71,"Fruit"
22308,71,"Fruit"
22312,71,"Fruit"
28115,71,"Fruit"
27854,71,"Fruit"
28072,71,"Fruit"
28073,71,"Fruit"
28074,71,"Fruit"
28075,71,"Fruit"
28080,71,"Fruit"
28081,71,"Fruit"
28082,71,"Fruit"
28083,71,"Fruit"
28084,71,"Fruit"
28085,71,"Fruit"
28086,71,"Fruit"
28087,71,"Fruit"
28088,71,"Fruit"
28089,71,"Fruit"
28090,71,"Fruit"
28091,71,"Fruit"
28106,71,"Fruit"
27882,71,"Fruit"
11943,71,"Fruit"
12227,71,"Fruit"
12228,71,"Fruit"
12229,71,"Fruit"
12230,71,"Fruit"
11965,71,"Fruit"
28357,71,"Fruit"
27947,71,"Fruit"
28204,71,"Fruit"
28205,71,"Fruit"
12254,71,"Fruit"
27945,71,"Fruit"
11968,71,"Fruit"
11969,71,"Fruit"
11983,71,"Fruit"
12237,71,"Fruit"
12143,71,"Fruit"
12241,71,"Fruit"
12150,71,"Fruit"
15653,72,"Fruit"
15655,72,"Fruit"
15654,72,"Fruit"
22108,72,"Fruit"
22109,72,"Fruit"
22110,72,"Fruit"
21856,72,"Fruit"
21857,72,"Fruit"
21861,72,"Fruit"
22302,72,"Fruit"
22306,72,"Fruit"
22307,72,"Fruit"
21410,72,"Fruit"
21411,72,"Fruit"
22310,72,"Fruit"
22314,72,"Fruit"
22289,72,"Fruit"
22318,72,"Fruit"
22319,72,"Fruit"
22143,72,"Fruit"
22126,72,"Fruit"
22127,72,"Fruit"
22287,72,"Fruit"
22288,72,"Fruit"
28614,72,"Fruit"
28616,72,"Fruit"
28635,72,"Fruit"
22320,72,"Fruit"
22325,72,"Fruit"
22364,72,"Fruit"
22329,72,"Fruit"
22330,72,"Fruit"
22331,72,"Fruit"
22350,72,"Fruit"
22349,72,"Fruit"
22353,72,"Fruit"
28830,72,"Fruit"
28831,72,"Fruit"
28832,72,"Fruit"
28836,72,"Fruit"
28837,72,"Fruit"
28608,72,"Fruit"
28609,72,"Fruit"
28610,72,"Fruit"
28611,72,"Fruit"
28612,72,"Fruit"
28860,72,"Fruit"
28864,72,"Fruit"
22376,72,"Fruit"
28823,72,"Fruit"
28824,72,"Fruit"
28825,72,"Fruit"
28826,72,"Fruit"
28827,72,"Fruit"
28828,72,"Fruit"
28829,72,"Fruit"
28862,72,"Fruit"
28865,72,"Fruit"
28639,72,"Fruit"
28861,72,"Fruit"
28863,72,"Fruit"
28640,72,"Fruit"
27663,72,"Fruit"
27664,72,"Fruit"
27666,72,"Fruit"
27676,72,"Fruit"
27677,72,"Fruit"
27678,72,"Fruit"
27679,72,"Fruit"
27445,72,"Fruit"
27446,72,"Fruit"
22372,72,"Fruit"
22373,72,"Fruit"
27687,72,"Fruit"
27665,72,"Fruit"
27668,72,"Fruit"
27669,72,"Fruit"
27671,72,"Fruit"
27672,72,"Fruit"
27673,72,"Fruit"
27674,72,"Fruit"
27490,72,"Fruit"
27491,72,"Fruit"
27492,72,"Fruit"
27493,72,"Fruit"
27494,72,"Fruit"
27495,72,"Fruit"
27496,72,"Fruit"
27497,72,"Fruit"
27498,72,"Fruit"
27500,72,"Fruit"
27709,72,"Fruit"
27710,72,"Fruit"
27711,72,"Fruit"
27712,72,"Fruit"
27713,72,"Fruit"
27714,72,"Fruit"
27717,72,"Fruit"
27729,72,"Fruit"
27730,72,"Fruit"
27731,72,"Fruit"
27732,72,"Fruit"
27733,72,"Fruit"
27734,72,"Fruit"
27501,72,"Fruit"
27546,72,"Fruit"
27783,72,"Fruit"
27784,72,"Fruit"
28638,72,"Fruit"
28642,72,"Fruit"
28669,72,"Fruit"
28672,72,"Fruit"
28673,72,"Fruit"
28674,72,"Fruit"
28676,72,"Fruit"
27683,72,"Fruit"
27688,72,"Fruit"
27689,72,"Fruit"
27697,72,"Fruit"
27698,72,"Fruit"
27699,72,"Fruit"
27705,72,"Fruit"
27707,72,"Fruit"
27472,72,"Fruit"
27473,72,"Fruit"
27475,72,"Fruit"
27477,72,"Fruit"
27482,72,"Fruit"
27483,72,"Fruit"
27486,72,"Fruit"
27487,72,"Fruit"
27488,72,"Fruit"
27510,72,"Fruit"
27511,72,"Fruit"
27532,72,"Fruit"
27740,72,"Fruit"
27742,72,"Fruit"
27743,72,"Fruit"
27745,72,"Fruit"
27746,72,"Fruit"
27747,72,"Fruit"
27749,72,"Fruit"
27752,72,"Fruit"
27753,72,"Fruit"
27754,72,"Fruit"
27765,72,"Fruit"
27766,72,"Fruit"
27767,72,"Fruit"
27769,72,"Fruit"
27770,72,"Fruit"
27771,72,"Fruit"
27772,72,"Fruit"
27479,72,"Fruit"
27481,72,"Fruit"
27484,72,"Fruit"
27523,72,"Fruit"
27525,72,"Fruit"
27526,72,"Fruit"
27527,72,"Fruit"
27528,72,"Fruit"
27529,72,"Fruit"
27701,72,"Fruit"
27702,72,"Fruit"
27728,72,"Fruit"
27727,72,"Fruit"
27507,72,"Fruit"
27781,72,"Fruit"
27508,72,"Fruit"
27755,72,"Fruit"
27548,72,"Fruit"
27549,72,"Fruit"
27695,72,"Fruit"
27715,72,"Fruit"
27716,72,"Fruit"
27718,72,"Fruit"
27504,72,"Fruit"
27505,72,"Fruit"
27506,72,"Fruit"
27547,72,"Fruit"
27782,72,"Fruit"
27757,72,"Fruit"
27480,72,"Fruit"
27516,72,"Fruit"
27517,72,"Fruit"
27518,72,"Fruit"
27519,72,"Fruit"
27520,72,"Fruit"
27521,72,"Fruit"
27522,72,"Fruit"
27524,72,"Fruit"
28675,72,"Fruit"
21659,72,"Fruit"
21660,72,"Fruit"
21661,72,"Fruit"
21425,72,"Fruit"
21427,72,"Fruit"
21428,72,"Fruit"
21435,72,"Fruit"
22290,72,"Fruit"
21254,72,"Fruit"
21255,72,"Fruit"
21592,72,"Fruit"
21055,72,"Fruit"
21307,72,"Fruit"
21309,72,"Fruit"
21404,72,"Fruit"
21589,72,"Fruit"
21614,72,"Fruit"
21419,72,"Fruit"
22301,72,"Fruit"
22303,72,"Fruit"
22304,72,"Fruit"
22305,72,"Fruit"
27882,72,"Fruit"
15653,78,"Fruit"
15655,78,"Fruit"
15654,78,"Fruit"
22108,78,"Fruit"
22109,78,"Fruit"
22110,78,"Fruit"
21856,78,"Fruit"
21857,78,"Fruit"
21861,78,"Fruit"
22302,78,"Fruit"
22306,78,"Fruit"
22307,78,"Fruit"
21410,78,"Fruit"
21411,78,"Fruit"
22310,78,"Fruit"
22311,78,"Fruit"
22314,78,"Fruit"
22335,78,"Fruit"
22340,78,"Fruit"
22313,78,"Fruit"
22336,78,"Fruit"
22337,78,"Fruit"
22289,78,"Fruit"
22318,78,"Fruit"
22319,78,"Fruit"
22143,78,"Fruit"
22126,78,"Fruit"
22127,78,"Fruit"
22287,78,"Fruit"
22288,78,"Fruit"
28622,78,"Fruit"
28626,78,"Fruit"
28628,78,"Fruit"
28614,78,"Fruit"
28616,78,"Fruit"
28635,78,"Fruit"
28636,78,"Fruit"
28839,78,"Fruit"
28838,78,"Fruit"
28840,78,"Fruit"
28845,78,"Fruit"
28846,78,"Fruit"
28847,78,"Fruit"
28912,78,"Fruit"
28913,78,"Fruit"
27550,78,"Fruit"
27551,78,"Fruit"
27552,78,"Fruit"
27554,78,"Fruit"
27555,78,"Fruit"
27556,78,"Fruit"
27813,78,"Fruit"
27814,78,"Fruit"
27815,78,"Fruit"
27817,78,"Fruit"
28070,78,"Fruit"
22320,78,"Fruit"
22321,78,"Fruit"
22325,78,"Fruit"
22364,78,"Fruit"
22365,78,"Fruit"
22329,78,"Fruit"
22330,78,"Fruit"
22331,78,"Fruit"
22350,78,"Fruit"
22339,78,"Fruit"
22342,78,"Fruit"
22338,78,"Fruit"
22341,78,"Fruit"
22344,78,"Fruit"
22346,78,"Fruit"
28621,78,"Fruit"
28618,78,"Fruit"
28619,78,"Fruit"
28620,78,"Fruit"
28632,78,"Fruit"
22348,78,"Fruit"
22349,78,"Fruit"
22353,78,"Fruit"
28830,78,"Fruit"
28831,78,"Fruit"
28832,78,"Fruit"
28833,78,"Fruit"
28836,78,"Fruit"
28837,78,"Fruit"
28608,78,"Fruit"
28609,78,"Fruit"
28610,78,"Fruit"
28611,78,"Fruit"
28612,78,"Fruit"
28857,78,"Fruit"
28858,78,"Fruit"
28860,78,"Fruit"
28864,78,"Fruit"
28655,78,"Fruit"
28889,78,"Fruit"
28890,78,"Fruit"
28891,78,"Fruit"
28895,78,"Fruit"
28900,78,"Fruit"
28901,78,"Fruit"
28902,78,"Fruit"
28903,78,"Fruit"
28904,78,"Fruit"
28677,78,"Fruit"
28678,78,"Fruit"
28679,78,"Fruit"
28680,78,"Fruit"
22376,78,"Fruit"
28823,78,"Fruit"
28824,78,"Fruit"
28825,78,"Fruit"
28826,78,"Fruit"
28827,78,"Fruit"
28828,78,"Fruit"
28829,78,"Fruit"
28856,78,"Fruit"
28859,78,"Fruit"
28862,78,"Fruit"
28865,78,"Fruit"
28639,78,"Fruit"
28861,78,"Fruit"
28863,78,"Fruit"
28640,78,"Fruit"
27663,78,"Fruit"
27664,78,"Fruit"
27666,78,"Fruit"
27676,78,"Fruit"
27677,78,"Fruit"
27678,78,"Fruit"
27679,78,"Fruit"
27445,78,"Fruit"
27446,78,"Fruit"
22363,78,"Fruit"
22372,78,"Fruit"
22373,78,"Fruit"
22377,78,"Fruit"
27687,78,"Fruit"
27665,78,"Fruit"
27668,78,"Fruit"
27669,78,"Fruit"
27671,78,"Fruit"
27672,78,"Fruit"
27673,78,"Fruit"
27674,78,"Fruit"
27490,78,"Fruit"
27491,78,"Fruit"
27492,78,"Fruit"
27493,78,"Fruit"
27494,78,"Fruit"
27495,78,"Fruit"
27496,78,"Fruit"
27497,78,"Fruit"
27498,78,"Fruit"
27499,78,"Fruit"
27500,78,"Fruit"
27709,78,"Fruit"
27710,78,"Fruit"
27711,78,"Fruit"
27712,78,"Fruit"
27713,78,"Fruit"
27714,78,"Fruit"
27717,78,"Fruit"
27729,78,"Fruit"
27730,78,"Fruit"
27731,78,"Fruit"
27732,78,"Fruit"
27733,78,"Fruit"
27734,78,"Fruit"
27735,78,"Fruit"
27736,78,"Fruit"
27501,78,"Fruit"
27502,78,"Fruit"
27503,78,"Fruit"
27534,78,"Fruit"
27537,78,"Fruit"
27538,78,"Fruit"
27539,78,"Fruit"
27543,78,"Fruit"
27544,78,"Fruit"
27545,78,"Fruit"
27546,78,"Fruit"
27783,78,"Fruit"
27784,78,"Fruit"
27785,78,"Fruit"
27786,78,"Fruit"
27787,78,"Fruit"
27788,78,"Fruit"
27789,78,"Fruit"
27793,78,"Fruit"
28638,78,"Fruit"
28642,78,"Fruit"
28644,78,"Fruit"
28907,78,"Fruit"
28651,78,"Fruit"
28652,78,"Fruit"
28654,78,"Fruit"
28893,78,"Fruit"
28894,78,"Fruit"
28896,78,"Fruit"
28897,78,"Fruit"
28898,78,"Fruit"
28899,78,"Fruit"
28668,78,"Fruit"
28669,78,"Fruit"
28670,78,"Fruit"
28672,78,"Fruit"
28673,78,"Fruit"
28674,78,"Fruit"
28676,78,"Fruit"
27683,78,"Fruit"
27688,78,"Fruit"
27689,78,"Fruit"
27697,78,"Fruit"
27698,78,"Fruit"
27699,78,"Fruit"
27705,78,"Fruit"
27707,78,"Fruit"
27472,78,"Fruit"
27473,78,"Fruit"
27475,78,"Fruit"
27477,78,"Fruit"
27482,78,"Fruit"
27483,78,"Fruit"
27486,78,"Fruit"
27487,78,"Fruit"
27488,78,"Fruit"
27510,78,"Fruit"
27511,78,"Fruit"
27513,78,"Fruit"
27532,78,"Fruit"
27737,78,"Fruit"
27740,78,"Fruit"
27741,78,"Fruit"
27742,78,"Fruit"
27743,78,"Fruit"
27745,78,"Fruit"
27746,78,"Fruit"
27747,78,"Fruit"
27749,78,"Fruit"
27752,78,"Fruit"
27753,78,"Fruit"
27754,78,"Fruit"
27765,78,"Fruit"
27766,78,"Fruit"
27767,78,"Fruit"
27769,78,"Fruit"
27770,78,"Fruit"
27771,78,"Fruit"
27772,78,"Fruit"
27777,78,"Fruit"
27778,78,"Fruit"
28660,78,"Fruit"
28661,78,"Fruit"
28681,78,"Fruit"
28687,78,"Fruit"
28688,78,"Fruit"
28841,78,"Fruit"
28842,78,"Fruit"
28848,78,"Fruit"
28851,78,"Fruit"
28852,78,"Fruit"
28853,78,"Fruit"
28854,78,"Fruit"
28666,78,"Fruit"
28684,78,"Fruit"
28685,78,"Fruit"
28691,78,"Fruit"
28694,78,"Fruit"
28906,78,"Fruit"
28909,78,"Fruit"
28914,78,"Fruit"
28919,78,"Fruit"
27808,78,"Fruit"
27809,78,"Fruit"
27553,78,"Fruit"
27816,78,"Fruit"
27959,78,"Fruit"
27960,78,"Fruit"
27961,78,"Fruit"
27962,78,"Fruit"
27956,78,"Fruit"
27957,78,"Fruit"
27963,78,"Fruit"
27964,78,"Fruit"
27965,78,"Fruit"
27966,78,"Fruit"
27969,78,"Fruit"
27970,78,"Fruit"
27971,78,"Fruit"
27972,78,"Fruit"
27973,78,"Fruit"
27974,78,"Fruit"
27991,78,"Fruit"
27992,78,"Fruit"
27993,78,"Fruit"
27994,78,"Fruit"
27995,78,"Fruit"
27996,78,"Fruit"
27997,78,"Fruit"
27998,78,"Fruit"
27999,78,"Fruit"
28000,78,"Fruit"
28001,78,"Fruit"
28002,78,"Fruit"
28003,78,"Fruit"
28006,78,"Fruit"
28007,78,"Fruit"
28008,78,"Fruit"
28009,78,"Fruit"
28010,78,"Fruit"
28011,78,"Fruit"
28013,78,"Fruit"
28020,78,"Fruit"
28021,78,"Fruit"
27832,78,"Fruit"
27833,78,"Fruit"
27834,78,"Fruit"
27835,78,"Fruit"
28027,78,"Fruit"
28028,78,"Fruit"
28029,78,"Fruit"
28067,78,"Fruit"
28068,78,"Fruit"
27855,78,"Fruit"
27865,78,"Fruit"
28071,78,"Fruit"
28079,78,"Fruit"
28693,78,"Fruit"
28918,78,"Fruit"
27975,78,"Fruit"
27976,78,"Fruit"
27979,78,"Fruit"
27848,78,"Fruit"
27851,78,"Fruit"
27896,78,"Fruit"
28343,78,"Fruit"
28347,78,"Fruit"
28352,78,"Fruit"
27981,78,"Fruit"
27984,78,"Fruit"
27985,78,"Fruit"
27843,78,"Fruit"
28022,78,"Fruit"
27828,78,"Fruit"
27479,78,"Fruit"
27481,78,"Fruit"
27484,78,"Fruit"
27523,78,"Fruit"
27525,78,"Fruit"
27526,78,"Fruit"
27527,78,"Fruit"
27528,78,"Fruit"
27529,78,"Fruit"
27913,78,"Fruit"
28128,78,"Fruit"
27701,78,"Fruit"
27702,78,"Fruit"
22175,78,"Fruit"
22201,78,"Fruit"
23753,78,"Fruit"
23766,78,"Fruit"
27728,78,"Fruit"
27727,78,"Fruit"
27507,78,"Fruit"
27781,78,"Fruit"
27508,78,"Fruit"
27755,78,"Fruit"
27548,78,"Fruit"
27761,78,"Fruit"
27549,78,"Fruit"
23585,78,"Fruit"
23586,78,"Fruit"
23587,78,"Fruit"
23588,78,"Fruit"
23591,78,"Fruit"
23592,78,"Fruit"
23593,78,"Fruit"
23594,78,"Fruit"
23595,78,"Fruit"
23596,78,"Fruit"
23597,78,"Fruit"
23598,78,"Fruit"
23655,78,"Fruit"
23656,78,"Fruit"
23657,78,"Fruit"
23658,78,"Fruit"
23659,78,"Fruit"
23660,78,"Fruit"
23661,78,"Fruit"
23662,78,"Fruit"
23663,78,"Fruit"
23666,78,"Fruit"
23667,78,"Fruit"
23668,78,"Fruit"
23670,78,"Fruit"
23671,78,"Fruit"
23674,78,"Fruit"
23675,78,"Fruit"
23679,78,"Fruit"
23680,78,"Fruit"
23681,78,"Fruit"
23682,78,"Fruit"
23683,78,"Fruit"
23684,78,"Fruit"
23685,78,"Fruit"
23742,78,"Fruit"
23743,78,"Fruit"
23744,78,"Fruit"
23745,78,"Fruit"
23746,78,"Fruit"
23747,78,"Fruit"
23750,78,"Fruit"
23751,78,"Fruit"
23760,78,"Fruit"
23762,78,"Fruit"
23773,78,"Fruit"
23775,78,"Fruit"
23776,78,"Fruit"
23778,78,"Fruit"
23779,78,"Fruit"
23780,78,"Fruit"
23781,78,"Fruit"
23782,78,"Fruit"
23783,78,"Fruit"
23784,78,"Fruit"
23785,78,"Fruit"
23786,78,"Fruit"
23787,78,"Fruit"
23789,78,"Fruit"
23790,78,"Fruit"
23791,78,"Fruit"
23793,78,"Fruit"
23794,78,"Fruit"
23795,78,"Fruit"
23796,78,"Fruit"
23797,78,"Fruit"
23798,78,"Fruit"
23799,78,"Fruit"
23800,78,"Fruit"
23801,78,"Fruit"
23802,78,"Fruit"
23803,78,"Fruit"
23804,78,"Fruit"
23805,78,"Fruit"
23806,78,"Fruit"
23812,78,"Fruit"
14873,78,"Fruit"
15126,78,"Fruit"
15128,78,"Fruit"
15135,78,"Fruit"
15136,78,"Fruit"
15140,78,"Fruit"
14880,78,"Fruit"
14881,78,"Fruit"
15295,78,"Fruit"
15298,78,"Fruit"
15300,78,"Fruit"
22380,78,"Fruit"
22381,78,"Fruit"
22382,78,"Fruit"
22383,78,"Fruit"
22384,78,"Fruit"
22166,78,"Fruit"
22167,78,"Fruit"
22168,78,"Fruit"
22169,78,"Fruit"
22170,78,"Fruit"
22171,78,"Fruit"
22398,78,"Fruit"
22400,78,"Fruit"
22193,78,"Fruit"
22396,78,"Fruit"
22399,78,"Fruit"
14282,78,"Fruit"
14283,78,"Fruit"
14284,78,"Fruit"
14285,78,"Fruit"
14286,78,"Fruit"
14486,78,"Fruit"
14487,78,"Fruit"
13582,78,"Fruit"
13583,78,"Fruit"
13585,78,"Fruit"
13586,78,"Fruit"
13587,78,"Fruit"
13588,78,"Fruit"
13589,78,"Fruit"
13590,78,"Fruit"
13591,78,"Fruit"
13592,78,"Fruit"
13593,78,"Fruit"
13594,78,"Fruit"
13595,78,"Fruit"
13596,78,"Fruit"
13597,78,"Fruit"
13598,78,"Fruit"
13833,78,"Fruit"
13834,78,"Fruit"
13839,78,"Fruit"
13614,78,"Fruit"
13615,78,"Fruit"
13619,78,"Fruit"
13873,78,"Fruit"
27779,78,"Fruit"
27780,78,"Fruit"
14277,78,"Fruit"
14278,78,"Fruit"
14302,78,"Fruit"
14502,78,"Fruit"
14503,78,"Fruit"
14504,78,"Fruit"
13835,78,"Fruit"
13843,78,"Fruit"
13865,78,"Fruit"
13633,78,"Fruit"
13857,78,"Fruit"
13858,78,"Fruit"
13859,78,"Fruit"
13860,78,"Fruit"
13864,78,"Fruit"
13866,78,"Fruit"
14513,78,"Fruit"
13629,78,"Fruit"
13896,78,"Fruit"
14047,78,"Fruit"
14048,78,"Fruit"
14053,78,"Fruit"
14054,78,"Fruit"
14055,78,"Fruit"
14057,78,"Fruit"
14058,78,"Fruit"
14059,78,"Fruit"
15099,78,"Fruit"
15046,78,"Fruit"
15098,78,"Fruit"
15105,78,"Fruit"
14875,78,"Fruit"
15116,78,"Fruit"
15117,78,"Fruit"
15118,78,"Fruit"
15119,78,"Fruit"
15100,78,"Fruit"
15101,78,"Fruit"
14860,78,"Fruit"
15104,78,"Fruit"
14864,78,"Fruit"
13584,78,"Fruit"
13872,78,"Fruit"
13878,78,"Fruit"
13879,78,"Fruit"
14507,78,"Fruit"
14069,78,"Fruit"
13881,78,"Fruit"
13885,78,"Fruit"
13880,78,"Fruit"
13886,78,"Fruit"
13889,78,"Fruit"
13892,78,"Fruit"
13897,78,"Fruit"
14032,78,"Fruit"
14044,78,"Fruit"
14049,78,"Fruit"
14042,78,"Fruit"
14074,78,"Fruit"
14488,78,"Fruit"
14512,78,"Fruit"
14514,78,"Fruit"
14874,78,"Fruit"
15122,78,"Fruit"
22386,78,"Fruit"
22387,78,"Fruit"
22422,78,"Fruit"
22423,78,"Fruit"
22427,78,"Fruit"
22428,78,"Fruit"
14238,78,"Fruit"
14239,78,"Fruit"
14249,78,"Fruit"
14250,78,"Fruit"
14253,78,"Fruit"
13992,78,"Fruit"
22388,78,"Fruit"
22144,78,"Fruit"
23810,78,"Fruit"
22389,78,"Fruit"
22145,78,"Fruit"
22146,78,"Fruit"
22148,78,"Fruit"
22147,78,"Fruit"
14005,78,"Fruit"
14006,78,"Fruit"
14007,78,"Fruit"
14279,78,"Fruit"
22156,78,"Fruit"
22182,78,"Fruit"
28873,78,"Fruit"
14010,78,"Fruit"
14011,78,"Fruit"
14263,78,"Fruit"
14496,78,"Fruit"
14287,78,"Fruit"
22154,78,"Fruit"
14043,78,"Fruit"
14075,78,"Fruit"
14045,78,"Fruit"
14046,78,"Fruit"
22391,78,"Fruit"
22392,78,"Fruit"
24391,78,"Fruit"
28647,78,"Fruit"
28870,78,"Fruit"
28871,78,"Fruit"
28872,78,"Fruit"
28874,78,"Fruit"
28884,78,"Fruit"
23715,78,"Fruit"
23716,78,"Fruit"
23717,78,"Fruit"
23720,78,"Fruit"
28875,78,"Fruit"
28876,78,"Fruit"
28878,78,"Fruit"
28879,78,"Fruit"
27819,78,"Fruit"
27820,78,"Fruit"
27821,78,"Fruit"
27822,78,"Fruit"
27823,78,"Fruit"
27978,78,"Fruit"
27980,78,"Fruit"
27986,78,"Fruit"
27987,78,"Fruit"
27988,78,"Fruit"
27989,78,"Fruit"
27990,78,"Fruit"
27829,78,"Fruit"
27830,78,"Fruit"
27831,78,"Fruit"
28034,78,"Fruit"
28035,78,"Fruit"
28037,78,"Fruit"
28038,78,"Fruit"
28041,78,"Fruit"
28042,78,"Fruit"
28043,78,"Fruit"
28044,78,"Fruit"
28045,78,"Fruit"
28046,78,"Fruit"
28051,78,"Fruit"
28052,78,"Fruit"
27842,78,"Fruit"
15419,78,"Fruit"
28055,78,"Fruit"
28056,78,"Fruit"
28058,78,"Fruit"
28060,78,"Fruit"
28061,78,"Fruit"
27839,78,"Fruit"
27840,78,"Fruit"
27899,78,"Fruit"
27905,78,"Fruit"
27906,78,"Fruit"
27907,78,"Fruit"
27908,78,"Fruit"
27909,78,"Fruit"
27914,78,"Fruit"
28130,78,"Fruit"
28141,78,"Fruit"
28142,78,"Fruit"
28143,78,"Fruit"
28145,78,"Fruit"
28147,78,"Fruit"
28149,78,"Fruit"
28150,78,"Fruit"
15357,78,"Fruit"
15358,78,"Fruit"
15359,78,"Fruit"
15143,78,"Fruit"
28140,78,"Fruit"
28148,78,"Fruit"
28151,78,"Fruit"
28152,78,"Fruit"
28153,78,"Fruit"
28154,78,"Fruit"
28155,78,"Fruit"
28156,78,"Fruit"
28157,78,"Fruit"
28158,78,"Fruit"
27915,78,"Fruit"
27916,78,"Fruit"
27695,78,"Fruit"
27715,78,"Fruit"
27716,78,"Fruit"
27718,78,"Fruit"
27504,78,"Fruit"
27505,78,"Fruit"
27506,78,"Fruit"
27547,78,"Fruit"
27782,78,"Fruit"
27739,78,"Fruit"
27757,78,"Fruit"
27480,78,"Fruit"
27516,78,"Fruit"
27517,78,"Fruit"
27518,78,"Fruit"
27519,78,"Fruit"
27520,78,"Fruit"
27521,78,"Fruit"
27522,78,"Fruit"
27524,78,"Fruit"
28649,78,"Fruit"
28888,78,"Fruit"
27826,78,"Fruit"
27810,78,"Fruit"
27811,78,"Fruit"
27948,78,"Fruit"
28016,78,"Fruit"
27954,78,"Fruit"
28662,78,"Fruit"
28663,78,"Fruit"
28915,78,"Fruit"
28917,78,"Fruit"
28675,78,"Fruit"
27818,78,"Fruit"
27967,78,"Fruit"
27968,78,"Fruit"
27852,78,"Fruit"
27853,78,"Fruit"
27895,78,"Fruit"
28337,78,"Fruit"
28338,78,"Fruit"
27977,78,"Fruit"
27982,78,"Fruit"
27983,78,"Fruit"
27898,78,"Fruit"
28129,78,"Fruit"
28131,78,"Fruit"
28030,78,"Fruit"
28032,78,"Fruit"
28033,78,"Fruit"
12255,78,"Fruit"
11984,78,"Fruit"
11985,78,"Fruit"
11986,78,"Fruit"
11990,78,"Fruit"
28206,78,"Fruit"
28207,78,"Fruit"
28208,78,"Fruit"
12253,78,"Fruit"
28358,78,"Fruit"
12245,78,"Fruit"
12268,78,"Fruit"
11989,78,"Fruit"
12262,78,"Fruit"
12248,78,"Fruit"
12249,78,"Fruit"
12250,78,"Fruit"
16704,78,"Fruit"
16718,78,"Fruit"
16721,78,"Fruit"
16964,78,"Fruit"
16697,78,"Fruit"
16726,78,"Fruit"
16728,78,"Fruit"
16733,78,"Fruit"
16980,78,"Fruit"
15230,78,"Fruit"
16981,78,"Fruit"
15231,78,"Fruit"
16979,78,"Fruit"
15313,78,"Fruit"
15314,78,"Fruit"
15315,78,"Fruit"
15321,78,"Fruit"
16972,78,"Fruit"
16973,78,"Fruit"
15344,78,"Fruit"
15146,78,"Fruit"
15147,78,"Fruit"
15148,78,"Fruit"
15149,78,"Fruit"
15364,78,"Fruit"
15377,78,"Fruit"
23549,78,"Fruit"
23550,78,"Fruit"
15369,78,"Fruit"
15153,78,"Fruit"
15154,78,"Fruit"
15392,78,"Fruit"
15393,78,"Fruit"
15160,78,"Fruit"
15366,78,"Fruit"
15367,78,"Fruit"
15163,78,"Fruit"
15164,78,"Fruit"
15165,78,"Fruit"
15167,78,"Fruit"
23558,78,"Fruit"
23559,78,"Fruit"
23560,78,"Fruit"
15169,78,"Fruit"
15171,78,"Fruit"
15332,78,"Fruit"
15333,78,"Fruit"
15339,78,"Fruit"
15150,78,"Fruit"
15363,78,"Fruit"
15322,78,"Fruit"
15340,78,"Fruit"
15341,78,"Fruit"
15346,78,"Fruit"
15166,78,"Fruit"
15173,78,"Fruit"
15174,78,"Fruit"
15176,78,"Fruit"
15403,78,"Fruit"
23574,78,"Fruit"
23575,78,"Fruit"
23576,78,"Fruit"
23561,78,"Fruit"
23573,78,"Fruit"
23567,78,"Fruit"
23568,78,"Fruit"
23565,78,"Fruit"
23566,78,"Fruit"
23553,78,"Fruit"
23563,78,"Fruit"
23564,78,"Fruit"
23569,78,"Fruit"
23570,78,"Fruit"
16650,78,"Fruit"
16651,78,"Fruit"
16652,78,"Fruit"
16653,78,"Fruit"
16654,78,"Fruit"
16656,78,"Fruit"
16657,78,"Fruit"
16676,78,"Fruit"
16944,78,"Fruit"
16679,78,"Fruit"
16683,78,"Fruit"
16684,78,"Fruit"
16678,78,"Fruit"
16675,78,"Fruit"
16956,78,"Fruit"
16689,78,"Fruit"
16690,78,"Fruit"
16691,78,"Fruit"
16692,78,"Fruit"
16693,78,"Fruit"
16694,78,"Fruit"
16695,78,"Fruit"
16698,78,"Fruit"
16699,78,"Fruit"
16700,78,"Fruit"
16703,78,"Fruit"
16709,78,"Fruit"
16710,78,"Fruit"
16723,78,"Fruit"
16725,78,"Fruit"
16730,78,"Fruit"
16701,78,"Fruit"
16702,78,"Fruit"
16711,78,"Fruit"
16712,78,"Fruit"
16962,78,"Fruit"
16714,78,"Fruit"
23686,78,"Fruit"
23689,78,"Fruit"
23690,78,"Fruit"
23509,78,"Fruit"
23530,78,"Fruit"
23691,78,"Fruit"
23669,78,"Fruit"
23673,78,"Fruit"
23676,78,"Fruit"
23696,78,"Fruit"
23697,78,"Fruit"
23698,78,"Fruit"
23699,78,"Fruit"
23700,78,"Fruit"
23733,78,"Fruit"
23734,78,"Fruit"
23737,78,"Fruit"
23738,78,"Fruit"
23708,78,"Fruit"
23709,78,"Fruit"
23722,78,"Fruit"
23718,78,"Fruit"
23719,78,"Fruit"
23723,78,"Fruit"
23724,78,"Fruit"
23725,78,"Fruit"
23732,78,"Fruit"
21659,78,"Fruit"
21660,78,"Fruit"
21661,78,"Fruit"
21425,78,"Fruit"
21427,78,"Fruit"
21428,78,"Fruit"
21435,78,"Fruit"
22290,78,"Fruit"
21254,78,"Fruit"
21255,78,"Fruit"
15110,78,"Fruit"
16975,78,"Fruit"
16976,78,"Fruit"
14870,78,"Fruit"
16921,78,"Fruit"
16922,78,"Fruit"
16923,78,"Fruit"
16924,78,"Fruit"
16674,78,"Fruit"
21592,78,"Fruit"
21055,78,"Fruit"
21307,78,"Fruit"
21309,78,"Fruit"
21404,78,"Fruit"
21589,78,"Fruit"
16888,78,"Fruit"
16889,78,"Fruit"
16892,78,"Fruit"
16941,78,"Fruit"
16890,78,"Fruit"
16891,78,"Fruit"
16663,78,"Fruit"
16664,78,"Fruit"
16667,78,"Fruit"
16668,78,"Fruit"
16934,78,"Fruit"
27878,78,"Fruit"
27879,78,"Fruit"
21614,78,"Fruit"
21419,78,"Fruit"
22301,78,"Fruit"
22303,78,"Fruit"
22304,78,"Fruit"
22305,78,"Fruit"
22308,78,"Fruit"
22309,78,"Fruit"
22312,78,"Fruit"
21269,78,"Fruit"
28115,78,"Fruit"
27854,78,"Fruit"
28072,78,"Fruit"
28073,78,"Fruit"
28074,78,"Fruit"
28075,78,"Fruit"
28080,78,"Fruit"
28081,78,"Fruit"
28082,78,"Fruit"
28083,78,"Fruit"
28084,78,"Fruit"
28085,78,"Fruit"
28086,78,"Fruit"
28087,78,"Fruit"
28088,78,"Fruit"
28089,78,"Fruit"
28090,78,"Fruit"
28091,78,"Fruit"
28105,78,"Fruit"
28106,78,"Fruit"
27882,78,"Fruit"
11943,78,"Fruit"
12227,78,"Fruit"
12228,78,"Fruit"
12229,78,"Fruit"
12230,78,"Fruit"
11965,78,"Fruit"
28357,78,"Fruit"
27947,78,"Fruit"
28204,78,"Fruit"
28205,78,"Fruit"
12254,78,"Fruit"
27945,78,"Fruit"
11968,78,"Fruit"
11969,78,"Fruit"
11983,78,"Fruit"
12237,78,"Fruit"
12143,78,"Fruit"
12241,78,"Fruit"
12150,78,"Fruit"
8449,70,"Fruit"
14552,70,"Fruit"
27020,70,"Fruit"
1193,70,"Fruit"
16054,70,"Fruit"
13167,70,"Fruit"
13168,70,"Fruit"
13169,70,"Fruit"
13170,70,"Fruit"
31554,70,"Fruit"
21487,70,"Fruit"
21489,70,"Fruit"
21519,70,"Fruit"
7968,70,"Fruit"
7382,70,"Fruit"
7422,70,"Fruit"
11001,70,"Fruit"
11008,70,"Fruit"
11021,70,"Fruit"
12806,70,"Fruit"
8449,73,"Fruit"
14552,73,"Fruit"
27020,73,"Fruit"
1193,73,"Fruit"
16054,73,"Fruit"
13167,73,"Fruit"
13168,73,"Fruit"
13169,73,"Fruit"
13170,73,"Fruit"
31554,73,"Fruit"
21487,73,"Fruit"
21489,73,"Fruit"
21519,73,"Fruit"
7968,73,"Fruit"
7382,73,"Fruit"
7422,73,"Fruit"
11001,73,"Fruit"
11008,73,"Fruit"
11021,73,"Fruit"
12806,73,"Fruit"
14331,79,"Sheepmeat"
30676,79,"Sheepmeat"
30687,79,"Sheepmeat"
14332,79,"Sheepmeat"
4924,79,"Sheepmeat"
31069,79,"Sheepmeat"
30337,79,"Sheepmeat"
4920,79,"Sheepmeat"
4923,79,"Sheepmeat"
30939,79,"Sheepmeat"
4919,79,"Sheepmeat"
4874,79,"Sheepmeat"
4907,79,"Sheepmeat"
18435,79,"Sheepmeat"
18436,79,"Sheepmeat"
18441,79,"Sheepmeat"
18410,79,"Sheepmeat"
30384,79,"Sheepmeat"
30410,79,"Sheepmeat"
31573,79,"Sheepmeat"
21540,79,"Sheepmeat"
30310,79,"Sheepmeat"
8300,65,"Sheepmeat"
468,65,"Sheepmeat"
469,65,"Sheepmeat"
292,65,"Sheepmeat"
183,65,"Sheepmeat"
212,65,"Sheepmeat"
176,65,"Sheepmeat"
172,65,"Sheepmeat"
225,65,"Sheepmeat"
13191,65,"Sheepmeat"
13192,65,"Sheepmeat"
7956,65,"Sheepmeat"
7364,65,"Sheepmeat"
7367,65,"Sheepmeat"
7370,65,"Sheepmeat"
7959,65,"Sheepmeat"
7964,65,"Sheepmeat"
7972,65,"Sheepmeat"
7980,65,"Sheepmeat"
7981,65,"Sheepmeat"
7382,65,"Sheepmeat"
14558,65,"Sheepmeat"
8133,65,"Sheepmeat"
8134,65,"Sheepmeat"
8137,65,"Sheepmeat"
8367,65,"Sheepmeat"
8444,65,"Sheepmeat"
8364,65,"Sheepmeat"
8185,65,"Sheepmeat"
8441,65,"Sheepmeat"
8442,65,"Sheepmeat"
8443,65,"Sheepmeat"
8449,65,"Sheepmeat"
8431,65,"Sheepmeat"
8435,65,"Sheepmeat"
8436,65,"Sheepmeat"
8205,65,"Sheepmeat"
8188,65,"Sheepmeat"
7975,65,"Sheepmeat"
7977,65,"Sheepmeat"
7978,65,"Sheepmeat"
7983,65,"Sheepmeat"
7455,65,"Sheepmeat"
7457,65,"Sheepmeat"
7459,65,"Sheepmeat"
7465,65,"Sheepmeat"
8141,65,"Sheepmeat"
8142,65,"Sheepmeat"
8439,65,"Sheepmeat"
8189,65,"Sheepmeat"
8190,65,"Sheepmeat"
8446,65,"Sheepmeat"
8192,65,"Sheepmeat"
8448,65,"Sheepmeat"
8196,65,"Sheepmeat"
14316,65,"Sheepmeat"
14320,65,"Sheepmeat"
8451,65,"Sheepmeat"
7086,65,"Sheepmeat"
8380,65,"Sheepmeat"
8145,65,"Sheepmeat"
14304,65,"Sheepmeat"
8183,65,"Sheepmeat"
8184,65,"Sheepmeat"
8440,65,"Sheepmeat"
8450,65,"Sheepmeat"
8454,65,"Sheepmeat"
8198,65,"Sheepmeat"
8456,65,"Sheepmeat"
27020,65,"Sheepmeat"
27279,65,"Sheepmeat"
13419,65,"Sheepmeat"
14545,65,"Sheepmeat"
14546,65,"Sheepmeat"
14548,65,"Sheepmeat"
8180,65,"Sheepmeat"
8438,65,"Sheepmeat"
8202,65,"Sheepmeat"
8204,65,"Sheepmeat"
8206,65,"Sheepmeat"
8207,65,"Sheepmeat"
8208,65,"Sheepmeat"
8209,65,"Sheepmeat"
8211,65,"Sheepmeat"
8661,65,"Sheepmeat"
8662,65,"Sheepmeat"
14549,65,"Sheepmeat"
14550,65,"Sheepmeat"
14552,65,"Sheepmeat"
14555,65,"Sheepmeat"
14557,65,"Sheepmeat"
14311,65,"Sheepmeat"
14312,65,"Sheepmeat"
6368,65,"Sheepmeat"
8556,65,"Sheepmeat"
8558,65,"Sheepmeat"
6483,65,"Sheepmeat"
6721,65,"Sheepmeat"
6722,65,"Sheepmeat"
6723,65,"Sheepmeat"
6725,65,"Sheepmeat"
6726,65,"Sheepmeat"
9036,65,"Sheepmeat"
9047,65,"Sheepmeat"
9066,65,"Sheepmeat"
9069,65,"Sheepmeat"
9076,65,"Sheepmeat"
19631,65,"Sheepmeat"
19632,65,"Sheepmeat"
19633,65,"Sheepmeat"
19638,65,"Sheepmeat"
19639,65,"Sheepmeat"
19642,65,"Sheepmeat"
6712,65,"Sheepmeat"
6324,65,"Sheepmeat"
6339,65,"Sheepmeat"
6343,65,"Sheepmeat"
27272,65,"Sheepmeat"
27276,65,"Sheepmeat"
27019,65,"Sheepmeat"
14564,65,"Sheepmeat"
6382,65,"Sheepmeat"
6383,65,"Sheepmeat"
6364,65,"Sheepmeat"
6366,65,"Sheepmeat"
6367,65,"Sheepmeat"
6376,65,"Sheepmeat"
13416,65,"Sheepmeat"
14934,65,"Sheepmeat"
14753,65,"Sheepmeat"
14779,65,"Sheepmeat"
14780,65,"Sheepmeat"
14948,65,"Sheepmeat"
14755,65,"Sheepmeat"
14761,65,"Sheepmeat"
14762,65,"Sheepmeat"
14938,65,"Sheepmeat"
14757,65,"Sheepmeat"
17685,65,"Sheepmeat"
17686,65,"Sheepmeat"
17687,65,"Sheepmeat"
17688,65,"Sheepmeat"
379,65,"Sheepmeat"
14768,65,"Sheepmeat"
14769,65,"Sheepmeat"
14944,65,"Sheepmeat"
14946,65,"Sheepmeat"
14773,65,"Sheepmeat"
342,65,"Sheepmeat"
14947,65,"Sheepmeat"
14775,65,"Sheepmeat"
14952,65,"Sheepmeat"
14953,65,"Sheepmeat"
14985,65,"Sheepmeat"
14983,65,"Sheepmeat"
14984,65,"Sheepmeat"
14986,65,"Sheepmeat"
14797,65,"Sheepmeat"
14798,65,"Sheepmeat"
14987,65,"Sheepmeat"
14964,65,"Sheepmeat"
14970,65,"Sheepmeat"
14784,65,"Sheepmeat"
14795,65,"Sheepmeat"
340,65,"Sheepmeat"
322,65,"Sheepmeat"
6747,65,"Sheepmeat"
6840,65,"Sheepmeat"
6745,65,"Sheepmeat"
6516,65,"Sheepmeat"
6517,65,"Sheepmeat"
7082,65,"Sheepmeat"
7084,65,"Sheepmeat"
6752,65,"Sheepmeat"
6843,65,"Sheepmeat"
7048,65,"Sheepmeat"
6844,65,"Sheepmeat"
7083,65,"Sheepmeat"
15016,65,"Sheepmeat"
14843,65,"Sheepmeat"
15015,65,"Sheepmeat"
14846,65,"Sheepmeat"
14850,65,"Sheepmeat"
14796,65,"Sheepmeat"
14839,65,"Sheepmeat"
14849,65,"Sheepmeat"
7804,65,"Sheepmeat"
7805,65,"Sheepmeat"
14319,65,"Sheepmeat"
14321,65,"Sheepmeat"
14324,65,"Sheepmeat"
8194,65,"Sheepmeat"
8222,65,"Sheepmeat"
14621,65,"Sheepmeat"
8660,65,"Sheepmeat"
3590,65,"Sheepmeat"
3591,65,"Sheepmeat"
3593,65,"Sheepmeat"
3596,65,"Sheepmeat"
3602,65,"Sheepmeat"
3592,65,"Sheepmeat"
3589,65,"Sheepmeat"
3570,65,"Sheepmeat"
3614,65,"Sheepmeat"
3619,65,"Sheepmeat"
3620,65,"Sheepmeat"
3621,65,"Sheepmeat"
3623,65,"Sheepmeat"
589,65,"Sheepmeat"
14623,65,"Sheepmeat"
14670,65,"Sheepmeat"
14671,65,"Sheepmeat"
7111,65,"Sheepmeat"
7112,65,"Sheepmeat"
8212,65,"Sheepmeat"
8457,65,"Sheepmeat"
8458,65,"Sheepmeat"
8225,65,"Sheepmeat"
8227,65,"Sheepmeat"
8468,65,"Sheepmeat"
3588,65,"Sheepmeat"
3627,65,"Sheepmeat"
583,65,"Sheepmeat"
3628,65,"Sheepmeat"
3630,65,"Sheepmeat"
7800,65,"Sheepmeat"
7802,65,"Sheepmeat"
7803,65,"Sheepmeat"
586,65,"Sheepmeat"
3597,65,"Sheepmeat"
3600,65,"Sheepmeat"
3560,65,"Sheepmeat"
3601,65,"Sheepmeat"
3557,65,"Sheepmeat"
5533,65,"Sheepmeat"
5534,65,"Sheepmeat"
5536,65,"Sheepmeat"
5537,65,"Sheepmeat"
5717,65,"Sheepmeat"
11426,65,"Sheepmeat"
5729,65,"Sheepmeat"
5632,65,"Sheepmeat"
5836,65,"Sheepmeat"
5837,65,"Sheepmeat"
11219,65,"Sheepmeat"
11216,65,"Sheepmeat"
5730,65,"Sheepmeat"
5681,65,"Sheepmeat"
5684,65,"Sheepmeat"
5685,65,"Sheepmeat"
5686,65,"Sheepmeat"
5687,65,"Sheepmeat"
5688,65,"Sheepmeat"
5691,65,"Sheepmeat"
5692,65,"Sheepmeat"
5693,65,"Sheepmeat"
5695,65,"Sheepmeat"
5735,65,"Sheepmeat"
11195,65,"Sheepmeat"
11422,65,"Sheepmeat"
11437,65,"Sheepmeat"
11207,65,"Sheepmeat"
11439,65,"Sheepmeat"
3674,65,"Sheepmeat"
3606,65,"Sheepmeat"
5889,65,"Sheepmeat"
5645,65,"Sheepmeat"
5838,65,"Sheepmeat"
3926,65,"Sheepmeat"
5641,65,"Sheepmeat"
3786,65,"Sheepmeat"
3787,65,"Sheepmeat"
11194,65,"Sheepmeat"
11189,65,"Sheepmeat"
11428,65,"Sheepmeat"
11205,65,"Sheepmeat"
11455,65,"Sheepmeat"
11217,65,"Sheepmeat"
11454,65,"Sheepmeat"
3599,65,"Sheepmeat"
5722,65,"Sheepmeat"
3604,65,"Sheepmeat"
3875,65,"Sheepmeat"
3883,65,"Sheepmeat"
3848,65,"Sheepmeat"
3944,65,"Sheepmeat"
5853,65,"Sheepmeat"
3528,65,"Sheepmeat"
3874,65,"Sheepmeat"
3514,65,"Sheepmeat"
3517,65,"Sheepmeat"
3520,65,"Sheepmeat"
3521,65,"Sheepmeat"
3522,65,"Sheepmeat"
3722,65,"Sheepmeat"
3847,65,"Sheepmeat"
10860,65,"Sheepmeat"
11116,65,"Sheepmeat"
3892,65,"Sheepmeat"
11151,65,"Sheepmeat"
3730,65,"Sheepmeat"
3529,65,"Sheepmeat"
3530,65,"Sheepmeat"
3532,65,"Sheepmeat"
3538,65,"Sheepmeat"
3788,65,"Sheepmeat"
3513,65,"Sheepmeat"
3745,65,"Sheepmeat"
11117,65,"Sheepmeat"
11378,65,"Sheepmeat"
11373,65,"Sheepmeat"
11374,65,"Sheepmeat"
11372,65,"Sheepmeat"
3633,65,"Sheepmeat"
3634,65,"Sheepmeat"
10848,65,"Sheepmeat"
10854,65,"Sheepmeat"
11375,65,"Sheepmeat"
3742,65,"Sheepmeat"
3792,65,"Sheepmeat"
3794,65,"Sheepmeat"
3795,65,"Sheepmeat"
3804,65,"Sheepmeat"
3816,65,"Sheepmeat"
3817,65,"Sheepmeat"
3829,65,"Sheepmeat"
3842,65,"Sheepmeat"
3523,65,"Sheepmeat"
5854,65,"Sheepmeat"
3942,65,"Sheepmeat"
5847,65,"Sheepmeat"
5848,65,"Sheepmeat"
4019,65,"Sheepmeat"
5719,65,"Sheepmeat"
5724,65,"Sheepmeat"
5727,65,"Sheepmeat"
3605,65,"Sheepmeat"
3615,65,"Sheepmeat"
3617,65,"Sheepmeat"
5543,65,"Sheepmeat"
5738,65,"Sheepmeat"
5545,65,"Sheepmeat"
17390,65,"Sheepmeat"
17149,65,"Sheepmeat"
17401,65,"Sheepmeat"
17400,65,"Sheepmeat"
17154,65,"Sheepmeat"
17155,65,"Sheepmeat"
17164,65,"Sheepmeat"
17158,65,"Sheepmeat"
17180,65,"Sheepmeat"
17236,65,"Sheepmeat"
17684,65,"Sheepmeat"
17696,65,"Sheepmeat"
17717,65,"Sheepmeat"
17701,65,"Sheepmeat"
14928,65,"Sheepmeat"
1097,65,"Sheepmeat"
1098,65,"Sheepmeat"
1105,65,"Sheepmeat"
1108,65,"Sheepmeat"
14750,65,"Sheepmeat"
14927,65,"Sheepmeat"
3862,65,"Sheepmeat"
3531,65,"Sheepmeat"
3534,65,"Sheepmeat"
3542,65,"Sheepmeat"
3543,65,"Sheepmeat"
3546,65,"Sheepmeat"
3548,65,"Sheepmeat"
3551,65,"Sheepmeat"
3552,65,"Sheepmeat"
3553,65,"Sheepmeat"
3554,65,"Sheepmeat"
3563,65,"Sheepmeat"
3564,65,"Sheepmeat"
3566,65,"Sheepmeat"
15020,65,"Sheepmeat"
14982,65,"Sheepmeat"
14828,65,"Sheepmeat"
15005,65,"Sheepmeat"
14835,65,"Sheepmeat"
14842,65,"Sheepmeat"
14836,65,"Sheepmeat"
14838,65,"Sheepmeat"
15021,65,"Sheepmeat"
14840,65,"Sheepmeat"
14852,65,"Sheepmeat"
14805,65,"Sheepmeat"
14807,65,"Sheepmeat"
14801,65,"Sheepmeat"
14802,65,"Sheepmeat"
14808,65,"Sheepmeat"
14907,65,"Sheepmeat"
14991,65,"Sheepmeat"
14995,65,"Sheepmeat"
14993,65,"Sheepmeat"
14819,65,"Sheepmeat"
14998,65,"Sheepmeat"
14902,65,"Sheepmeat"
14903,65,"Sheepmeat"
15022,65,"Sheepmeat"
16532,65,"Sheepmeat"
14905,65,"Sheepmeat"
17276,65,"Sheepmeat"
17275,65,"Sheepmeat"
17277,65,"Sheepmeat"
17279,65,"Sheepmeat"
15882,65,"Sheepmeat"
15884,65,"Sheepmeat"
15879,65,"Sheepmeat"
16102,65,"Sheepmeat"
15883,65,"Sheepmeat"
17280,65,"Sheepmeat"
17285,65,"Sheepmeat"
17278,65,"Sheepmeat"
17281,65,"Sheepmeat"
6732,65,"Sheepmeat"
6733,65,"Sheepmeat"
6735,65,"Sheepmeat"
15881,65,"Sheepmeat"
15886,65,"Sheepmeat"
6736,65,"Sheepmeat"
14901,65,"Sheepmeat"
14748,65,"Sheepmeat"
14746,65,"Sheepmeat"
1124,65,"Sheepmeat"
14896,65,"Sheepmeat"
14897,65,"Sheepmeat"
14898,65,"Sheepmeat"
14749,65,"Sheepmeat"
1099,65,"Sheepmeat"
1106,65,"Sheepmeat"
1123,65,"Sheepmeat"
14747,65,"Sheepmeat"
8038,65,"Sheepmeat"
709,65,"Sheepmeat"
604,65,"Sheepmeat"
174,65,"Sheepmeat"
8119,65,"Sheepmeat"
8045,65,"Sheepmeat"
610,65,"Sheepmeat"
751,65,"Sheepmeat"
607,65,"Sheepmeat"
293,65,"Sheepmeat"
752,65,"Sheepmeat"
750,65,"Sheepmeat"
756,65,"Sheepmeat"
757,65,"Sheepmeat"
758,65,"Sheepmeat"
606,65,"Sheepmeat"
175,65,"Sheepmeat"
6743,65,"Sheepmeat"
6518,65,"Sheepmeat"
10892,65,"Sheepmeat"
6742,65,"Sheepmeat"
10894,65,"Sheepmeat"
6514,65,"Sheepmeat"
17283,65,"Sheepmeat"
6730,65,"Sheepmeat"
14331,65,"Sheepmeat"
30676,65,"Sheepmeat"
30687,65,"Sheepmeat"
14332,65,"Sheepmeat"
31068,65,"Sheepmeat"
4924,65,"Sheepmeat"
31069,65,"Sheepmeat"
30337,65,"Sheepmeat"
4920,65,"Sheepmeat"
4923,65,"Sheepmeat"
30939,65,"Sheepmeat"
4919,65,"Sheepmeat"
4874,65,"Sheepmeat"
4907,65,"Sheepmeat"
18436,65,"Sheepmeat"
15867,65,"Sheepmeat"
15869,65,"Sheepmeat"
15866,65,"Sheepmeat"
10973,65,"Sheepmeat"
16083,65,"Sheepmeat"
16074,65,"Sheepmeat"
15870,65,"Sheepmeat"
10974,65,"Sheepmeat"
16075,65,"Sheepmeat"
16076,65,"Sheepmeat"
15873,65,"Sheepmeat"
16082,65,"Sheepmeat"
17274,65,"Sheepmeat"
16084,65,"Sheepmeat"
15877,65,"Sheepmeat"
16101,65,"Sheepmeat"
15876,65,"Sheepmeat"
16091,65,"Sheepmeat"
15880,65,"Sheepmeat"
10935,65,"Sheepmeat"
10945,65,"Sheepmeat"
10952,65,"Sheepmeat"
10963,65,"Sheepmeat"
10971,65,"Sheepmeat"
10972,65,"Sheepmeat"
11001,65,"Sheepmeat"
11004,65,"Sheepmeat"
11008,65,"Sheepmeat"
11014,65,"Sheepmeat"
11021,65,"Sheepmeat"
15885,65,"Sheepmeat"
15887,65,"Sheepmeat"
6737,65,"Sheepmeat"
1175,65,"Sheepmeat"
1176,65,"Sheepmeat"
1177,65,"Sheepmeat"
1164,65,"Sheepmeat"
1169,65,"Sheepmeat"
1170,65,"Sheepmeat"
1171,65,"Sheepmeat"
1178,65,"Sheepmeat"
1188,65,"Sheepmeat"
1194,65,"Sheepmeat"
1195,65,"Sheepmeat"
1200,65,"Sheepmeat"
1201,65,"Sheepmeat"
1210,65,"Sheepmeat"
30384,65,"Sheepmeat"
30410,65,"Sheepmeat"
1125,65,"Sheepmeat"
16468,65,"Sheepmeat"
16334,65,"Sheepmeat"
16465,65,"Sheepmeat"
16464,65,"Sheepmeat"
16455,65,"Sheepmeat"
16456,65,"Sheepmeat"
16470,65,"Sheepmeat"
16472,65,"Sheepmeat"
16476,65,"Sheepmeat"
16484,65,"Sheepmeat"
14899,65,"Sheepmeat"
14900,65,"Sheepmeat"
16573,65,"Sheepmeat"
16576,65,"Sheepmeat"
16577,65,"Sheepmeat"
16582,65,"Sheepmeat"
16336,65,"Sheepmeat"
16271,65,"Sheepmeat"
16486,65,"Sheepmeat"
16269,65,"Sheepmeat"
16270,65,"Sheepmeat"
16495,65,"Sheepmeat"
16453,65,"Sheepmeat"
16488,65,"Sheepmeat"
16487,65,"Sheepmeat"
16272,65,"Sheepmeat"
1174,65,"Sheepmeat"
16338,65,"Sheepmeat"
16452,65,"Sheepmeat"
16454,65,"Sheepmeat"
16459,65,"Sheepmeat"
16585,65,"Sheepmeat"
14910,65,"Sheepmeat"
14743,65,"Sheepmeat"
14922,65,"Sheepmeat"
1165,65,"Sheepmeat"
1222,65,"Sheepmeat"
1205,65,"Sheepmeat"
1213,65,"Sheepmeat"
15863,65,"Sheepmeat"
16063,65,"Sheepmeat"
15862,65,"Sheepmeat"
1248,65,"Sheepmeat"
1249,65,"Sheepmeat"
1251,65,"Sheepmeat"
1252,65,"Sheepmeat"
1362,65,"Sheepmeat"
16590,65,"Sheepmeat"
16353,65,"Sheepmeat"
16600,65,"Sheepmeat"
16171,65,"Sheepmeat"
1137,65,"Sheepmeat"
1138,65,"Sheepmeat"
1141,65,"Sheepmeat"
1142,65,"Sheepmeat"
1397,65,"Sheepmeat"
1399,65,"Sheepmeat"
1417,65,"Sheepmeat"
16589,65,"Sheepmeat"
16349,65,"Sheepmeat"
16355,65,"Sheepmeat"
16170,65,"Sheepmeat"
16325,65,"Sheepmeat"
16051,65,"Sheepmeat"
16052,65,"Sheepmeat"
16592,65,"Sheepmeat"
16460,65,"Sheepmeat"
15855,65,"Sheepmeat"
10958,65,"Sheepmeat"
11037,65,"Sheepmeat"
10976,65,"Sheepmeat"
16053,65,"Sheepmeat"
16055,65,"Sheepmeat"
16596,65,"Sheepmeat"
15941,65,"Sheepmeat"
10982,65,"Sheepmeat"
10997,65,"Sheepmeat"
1153,65,"Sheepmeat"
1239,65,"Sheepmeat"
10956,65,"Sheepmeat"
10960,65,"Sheepmeat"
23254,65,"Sheepmeat"
13420,65,"Sheepmeat"
23255,65,"Sheepmeat"
13412,65,"Sheepmeat"
13164,65,"Sheepmeat"
13057,65,"Sheepmeat"
19320,65,"Sheepmeat"
23256,65,"Sheepmeat"
23010,65,"Sheepmeat"
13052,65,"Sheepmeat"
13053,65,"Sheepmeat"
31573,65,"Sheepmeat"
21540,65,"Sheepmeat"
20346,65,"Sheepmeat"
13058,65,"Sheepmeat"
13059,65,"Sheepmeat"
21355,65,"Sheepmeat"
20345,65,"Sheepmeat"
30310,65,"Sheepmeat"
14338,65,"Sheepmeat"
7386,65,"Sheepmeat"
7387,65,"Sheepmeat"
7388,65,"Sheepmeat"
7389,65,"Sheepmeat"
7390,65,"Sheepmeat"
7394,65,"Sheepmeat"
7396,65,"Sheepmeat"
8356,65,"Sheepmeat"
8359,65,"Sheepmeat"
7397,65,"Sheepmeat"
7398,65,"Sheepmeat"
7400,65,"Sheepmeat"
7401,65,"Sheepmeat"
7402,65,"Sheepmeat"
7403,65,"Sheepmeat"
7404,65,"Sheepmeat"
7415,65,"Sheepmeat"
7417,65,"Sheepmeat"
7419,65,"Sheepmeat"
8135,65,"Sheepmeat"
7420,65,"Sheepmeat"
7421,65,"Sheepmeat"
7422,65,"Sheepmeat"
7445,65,"Sheepmeat"
7446,65,"Sheepmeat"
7447,65,"Sheepmeat"
8338,65,"Sheepmeat"
8341,65,"Sheepmeat"
8342,65,"Sheepmeat"
7081,65,"Sheepmeat"
8351,65,"Sheepmeat"
8354,65,"Sheepmeat"
8355,65,"Sheepmeat"
7049,65,"Sheepmeat"
12910,65,"Sheepmeat"
1257,65,"Sheepmeat"
1360,65,"Sheepmeat"
10923,65,"Sheepmeat"
1264,65,"Sheepmeat"
1265,65,"Sheepmeat"
1275,65,"Sheepmeat"
1259,65,"Sheepmeat"
10934,65,"Sheepmeat"
10932,65,"Sheepmeat"
12911,65,"Sheepmeat"
12912,65,"Sheepmeat"
12913,65,"Sheepmeat"
12916,65,"Sheepmeat"
12744,65,"Sheepmeat"
12942,65,"Sheepmeat"
12943,65,"Sheepmeat"
12772,65,"Sheepmeat"
12797,65,"Sheepmeat"
6845,65,"Sheepmeat"
4000,65,"Sheepmeat"
4001,65,"Sheepmeat"
4005,65,"Sheepmeat"
3996,65,"Sheepmeat"
4023,65,"Sheepmeat"
4024,65,"Sheepmeat"
4025,65,"Sheepmeat"
4043,65,"Sheepmeat"
4046,65,"Sheepmeat"
4047,65,"Sheepmeat"
4045,65,"Sheepmeat"
1612,65,"Sheepmeat"
1608,65,"Sheepmeat"
1611,65,"Sheepmeat"
1613,65,"Sheepmeat"
4537,65,"Sheepmeat"
4538,65,"Sheepmeat"
1614,65,"Sheepmeat"
1615,65,"Sheepmeat"
1588,65,"Sheepmeat"
1605,65,"Sheepmeat"
1607,65,"Sheepmeat"
4048,65,"Sheepmeat"
4060,65,"Sheepmeat"
1575,65,"Sheepmeat"
4520,65,"Sheepmeat"
4049,65,"Sheepmeat"
4050,65,"Sheepmeat"
4059,65,"Sheepmeat"
4085,65,"Sheepmeat"
4087,65,"Sheepmeat"
4088,65,"Sheepmeat"
4542,65,"Sheepmeat"
4540,65,"Sheepmeat"
4471,65,"Sheepmeat"
4534,65,"Sheepmeat"
4077,65,"Sheepmeat"
4079,65,"Sheepmeat"
4080,65,"Sheepmeat"
4086,65,"Sheepmeat"
4518,65,"Sheepmeat"
4524,65,"Sheepmeat"
4539,65,"Sheepmeat"
4461,65,"Sheepmeat"
4519,65,"Sheepmeat"
4521,65,"Sheepmeat"
4522,65,"Sheepmeat"
4523,65,"Sheepmeat"
4525,65,"Sheepmeat"
4535,65,"Sheepmeat"
1458,65,"Sheepmeat"
4472,65,"Sheepmeat"
4475,65,"Sheepmeat"
4476,65,"Sheepmeat"
4477,65,"Sheepmeat"
4527,65,"Sheepmeat"
4529,65,"Sheepmeat"
4530,65,"Sheepmeat"
4531,65,"Sheepmeat"
4473,65,"Sheepmeat"
4468,65,"Sheepmeat"
4480,65,"Sheepmeat"
1616,65,"Sheepmeat"
4513,65,"Sheepmeat"
1641,65,"Sheepmeat"
1853,65,"Sheepmeat"
1553,65,"Sheepmeat"
1554,65,"Sheepmeat"
1555,65,"Sheepmeat"
1564,65,"Sheepmeat"
1569,65,"Sheepmeat"
1574,65,"Sheepmeat"
1576,65,"Sheepmeat"
1589,65,"Sheepmeat"
1590,65,"Sheepmeat"
1593,65,"Sheepmeat"
1600,65,"Sheepmeat"
7736,65,"Sheepmeat"
8026,65,"Sheepmeat"
7996,65,"Sheepmeat"
1649,65,"Sheepmeat"
1652,65,"Sheepmeat"
1665,65,"Sheepmeat"
3311,65,"Sheepmeat"
1702,65,"Sheepmeat"
2155,65,"Sheepmeat"
1834,65,"Sheepmeat"
1837,65,"Sheepmeat"
1839,65,"Sheepmeat"
1842,65,"Sheepmeat"
1844,65,"Sheepmeat"
1852,65,"Sheepmeat"
1657,65,"Sheepmeat"
1658,65,"Sheepmeat"
1659,65,"Sheepmeat"
1661,65,"Sheepmeat"
1664,65,"Sheepmeat"
1678,65,"Sheepmeat"
1833,65,"Sheepmeat"
4485,65,"Sheepmeat"
4512,65,"Sheepmeat"
4505,65,"Sheepmeat"
1850,65,"Sheepmeat"
1851,65,"Sheepmeat"
1854,65,"Sheepmeat"
4528,65,"Sheepmeat"
1921,65,"Sheepmeat"
1929,65,"Sheepmeat"
1931,65,"Sheepmeat"
1882,65,"Sheepmeat"
1906,65,"Sheepmeat"
1457,65,"Sheepmeat"
1933,65,"Sheepmeat"
9115,65,"Sheepmeat"
1979,65,"Sheepmeat"
8899,65,"Sheepmeat"
3448,65,"Sheepmeat"
3451,65,"Sheepmeat"
1891,65,"Sheepmeat"
3447,65,"Sheepmeat"
3467,65,"Sheepmeat"
1901,65,"Sheepmeat"
1902,65,"Sheepmeat"
1904,65,"Sheepmeat"
872,65,"Sheepmeat"
621,65,"Sheepmeat"
1941,65,"Sheepmeat"
1946,65,"Sheepmeat"
2158,65,"Sheepmeat"
8908,65,"Sheepmeat"
1894,65,"Sheepmeat"
1895,65,"Sheepmeat"
875,65,"Sheepmeat"
878,65,"Sheepmeat"
1899,65,"Sheepmeat"
377,65,"Sheepmeat"
3300,65,"Sheepmeat"
3446,65,"Sheepmeat"
372,65,"Sheepmeat"
3460,65,"Sheepmeat"
3461,65,"Sheepmeat"
3462,65,"Sheepmeat"
3466,65,"Sheepmeat"
3494,65,"Sheepmeat"
3459,65,"Sheepmeat"
3458,65,"Sheepmeat"
12923,65,"Sheepmeat"
12750,65,"Sheepmeat"
12932,65,"Sheepmeat"
12933,65,"Sheepmeat"
12934,65,"Sheepmeat"
3392,65,"Sheepmeat"
3393,65,"Sheepmeat"
3430,65,"Sheepmeat"
3457,65,"Sheepmeat"
2162,65,"Sheepmeat"
12770,65,"Sheepmeat"
12771,65,"Sheepmeat"
12765,65,"Sheepmeat"
12766,65,"Sheepmeat"
12767,65,"Sheepmeat"
12758,65,"Sheepmeat"
12764,65,"Sheepmeat"
12769,65,"Sheepmeat"
12938,65,"Sheepmeat"
12967,65,"Sheepmeat"
12962,65,"Sheepmeat"
13004,65,"Sheepmeat"
12809,65,"Sheepmeat"
12808,65,"Sheepmeat"
12956,65,"Sheepmeat"
3785,65,"Sheepmeat"
11123,65,"Sheepmeat"
10874,65,"Sheepmeat"
11142,65,"Sheepmeat"
7578,65,"Sheepmeat"
7477,65,"Sheepmeat"
7478,65,"Sheepmeat"
7576,65,"Sheepmeat"
7575,65,"Sheepmeat"
7476,65,"Sheepmeat"
12941,65,"Sheepmeat"
12937,65,"Sheepmeat"
12958,65,"Sheepmeat"
12959,65,"Sheepmeat"
12960,65,"Sheepmeat"
12961,65,"Sheepmeat"
7493,65,"Sheepmeat"
7495,65,"Sheepmeat"
10838,65,"Sheepmeat"
7533,65,"Sheepmeat"
7582,65,"Sheepmeat"
7469,65,"Sheepmeat"
7474,65,"Sheepmeat"
7532,65,"Sheepmeat"
7577,65,"Sheepmeat"
10873,65,"Sheepmeat"
10866,65,"Sheepmeat"
11346,65,"Sheepmeat"
11351,65,"Sheepmeat"
11353,65,"Sheepmeat"
11355,65,"Sheepmeat"
11350,65,"Sheepmeat"
7561,65,"Sheepmeat"
7568,65,"Sheepmeat"
7573,65,"Sheepmeat"
7574,65,"Sheepmeat"
11340,65,"Sheepmeat"
581,65,"Sheepmeat"
11359,65,"Sheepmeat"
7963,65,"Sheepmeat"
7374,65,"Sheepmeat"
7968,65,"Sheepmeat"
7381,65,"Sheepmeat"
12909,65,"Sheepmeat"
7373,65,"Sheepmeat"
7958,65,"Sheepmeat"
12924,65,"Sheepmeat"
12977,65,"Sheepmeat"
12979,65,"Sheepmeat"
12984,65,"Sheepmeat"
7393,65,"Sheepmeat"
7392,65,"Sheepmeat"
12914,65,"Sheepmeat"
12915,65,"Sheepmeat"
12745,65,"Sheepmeat"
12751,65,"Sheepmeat"
12756,65,"Sheepmeat"
12757,65,"Sheepmeat"
11184,65,"Sheepmeat"
11421,65,"Sheepmeat"
11208,65,"Sheepmeat"
1623,65,"Sheepmeat"
1626,65,"Sheepmeat"
1628,65,"Sheepmeat"
1630,65,"Sheepmeat"
1629,65,"Sheepmeat"
1640,65,"Sheepmeat"
1636,65,"Sheepmeat"
1642,65,"Sheepmeat"
7646,65,"Sheepmeat"
7655,65,"Sheepmeat"
7656,65,"Sheepmeat"
7695,65,"Sheepmeat"
7700,65,"Sheepmeat"
7703,65,"Sheepmeat"
7705,65,"Sheepmeat"
7706,65,"Sheepmeat"
7707,65,"Sheepmeat"
7708,65,"Sheepmeat"
7709,65,"Sheepmeat"
7715,65,"Sheepmeat"
7716,65,"Sheepmeat"
7719,65,"Sheepmeat"
7727,65,"Sheepmeat"
3999,65,"Sheepmeat"
7711,65,"Sheepmeat"
7713,65,"Sheepmeat"
7652,65,"Sheepmeat"
7653,65,"Sheepmeat"
7657,65,"Sheepmeat"
7691,65,"Sheepmeat"
7692,65,"Sheepmeat"
7712,65,"Sheepmeat"
7714,65,"Sheepmeat"
7732,65,"Sheepmeat"
7737,65,"Sheepmeat"
7738,65,"Sheepmeat"
7739,65,"Sheepmeat"
4009,65,"Sheepmeat"
7726,65,"Sheepmeat"
4011,65,"Sheepmeat"
4017,65,"Sheepmeat"
1954,65,"Sheepmeat"
9102,65,"Sheepmeat"
9103,65,"Sheepmeat"
9105,65,"Sheepmeat"
9131,65,"Sheepmeat"
7371,65,"Sheepmeat"
7957,65,"Sheepmeat"
7960,65,"Sheepmeat"
7961,65,"Sheepmeat"
7962,65,"Sheepmeat"
7982,65,"Sheepmeat"
7984,65,"Sheepmeat"
7436,65,"Sheepmeat"
8140,65,"Sheepmeat"
12917,65,"Sheepmeat"
12747,65,"Sheepmeat"
7686,65,"Sheepmeat"
7687,65,"Sheepmeat"
7624,65,"Sheepmeat"
832,65,"Sheepmeat"
618,65,"Sheepmeat"
1949,65,"Sheepmeat"
1950,65,"Sheepmeat"
1951,65,"Sheepmeat"
1952,65,"Sheepmeat"
1953,65,"Sheepmeat"
1955,65,"Sheepmeat"
1956,65,"Sheepmeat"
1965,65,"Sheepmeat"
9098,65,"Sheepmeat"
9100,65,"Sheepmeat"
9222,65,"Sheepmeat"
7689,65,"Sheepmeat"
7666,65,"Sheepmeat"
12925,65,"Sheepmeat"
11009,65,"Sheepmeat"
11010,65,"Sheepmeat"
11018,65,"Sheepmeat"
11019,65,"Sheepmeat"
11020,65,"Sheepmeat"
11022,65,"Sheepmeat"
11039,65,"Sheepmeat"
11040,65,"Sheepmeat"
10999,65,"Sheepmeat"
11023,65,"Sheepmeat"
11024,65,"Sheepmeat"
11031,65,"Sheepmeat"
11036,65,"Sheepmeat"
1391,65,"Sheepmeat"
1392,65,"Sheepmeat"
10832,65,"Sheepmeat"
1430,65,"Sheepmeat"
10980,65,"Sheepmeat"
10981,65,"Sheepmeat"
10995,65,"Sheepmeat"
11006,65,"Sheepmeat"
10988,65,"Sheepmeat"
10993,65,"Sheepmeat"
10998,65,"Sheepmeat"
10994,65,"Sheepmeat"
11003,65,"Sheepmeat"
11015,65,"Sheepmeat"
11016,65,"Sheepmeat"
11034,65,"Sheepmeat"
11038,65,"Sheepmeat"
17272,65,"Sheepmeat"
1268,65,"Sheepmeat"
1269,65,"Sheepmeat"
1270,65,"Sheepmeat"
1271,65,"Sheepmeat"
1272,65,"Sheepmeat"
1385,65,"Sheepmeat"
1267,65,"Sheepmeat"
1277,65,"Sheepmeat"
1281,65,"Sheepmeat"
1283,65,"Sheepmeat"
1322,65,"Sheepmeat"
1280,65,"Sheepmeat"
1282,65,"Sheepmeat"
1284,65,"Sheepmeat"
1320,65,"Sheepmeat"
1321,65,"Sheepmeat"
1291,65,"Sheepmeat"
1317,65,"Sheepmeat"
1289,65,"Sheepmeat"
16862,65,"Sheepmeat"
11064,65,"Sheepmeat"
10918,65,"Sheepmeat"
10920,65,"Sheepmeat"
10941,65,"Sheepmeat"
10950,65,"Sheepmeat"
10951,65,"Sheepmeat"
10943,65,"Sheepmeat"
10944,65,"Sheepmeat"
7634,65,"Sheepmeat"
7635,65,"Sheepmeat"
7636,65,"Sheepmeat"
7660,65,"Sheepmeat"
7637,65,"Sheepmeat"
7643,65,"Sheepmeat"
7694,65,"Sheepmeat"
759,65,"Sheepmeat"
760,65,"Sheepmeat"
775,65,"Sheepmeat"
7639,65,"Sheepmeat"
7640,65,"Sheepmeat"
831,65,"Sheepmeat"
8107,65,"Sheepmeat"
828,65,"Sheepmeat"
773,65,"Sheepmeat"
7625,65,"Sheepmeat"
7626,65,"Sheepmeat"
7627,65,"Sheepmeat"
7629,65,"Sheepmeat"
7630,65,"Sheepmeat"
7631,65,"Sheepmeat"
7633,65,"Sheepmeat"
7641,65,"Sheepmeat"
7661,65,"Sheepmeat"
7663,65,"Sheepmeat"
7668,65,"Sheepmeat"
10959,65,"Sheepmeat"
10961,65,"Sheepmeat"
7677,65,"Sheepmeat"
7679,65,"Sheepmeat"
7680,65,"Sheepmeat"
7682,65,"Sheepmeat"
7684,65,"Sheepmeat"
7693,65,"Sheepmeat"
11092,65,"Sheepmeat"
11093,65,"Sheepmeat"
10846,65,"Sheepmeat"
10853,65,"Sheepmeat"
10857,65,"Sheepmeat"
11097,65,"Sheepmeat"
11102,65,"Sheepmeat"
11103,65,"Sheepmeat"
10865,65,"Sheepmeat"
11112,65,"Sheepmeat"
10869,65,"Sheepmeat"
11122,65,"Sheepmeat"
11379,65,"Sheepmeat"
11085,65,"Sheepmeat"
10840,65,"Sheepmeat"
11121,65,"Sheepmeat"
4147,65,"Sheepmeat"
4168,65,"Sheepmeat"
10965,65,"Sheepmeat"
10969,65,"Sheepmeat"
10975,65,"Sheepmeat"
10991,65,"Sheepmeat"
1387,65,"Sheepmeat"
4164,65,"Sheepmeat"
4170,65,"Sheepmeat"
5655,65,"Sheepmeat"
3886,65,"Sheepmeat"
1155,65,"Sheepmeat"
1157,65,"Sheepmeat"
1235,65,"Sheepmeat"
5656,65,"Sheepmeat"
5664,65,"Sheepmeat"
4109,65,"Sheepmeat"
4110,65,"Sheepmeat"
4111,65,"Sheepmeat"
4127,65,"Sheepmeat"
4128,65,"Sheepmeat"
4129,65,"Sheepmeat"
4131,65,"Sheepmeat"
4133,65,"Sheepmeat"
4148,65,"Sheepmeat"
4149,65,"Sheepmeat"
4150,65,"Sheepmeat"
5666,65,"Sheepmeat"
5667,65,"Sheepmeat"
5670,65,"Sheepmeat"
5671,65,"Sheepmeat"
5672,65,"Sheepmeat"
5674,65,"Sheepmeat"
5682,65,"Sheepmeat"
5510,65,"Sheepmeat"
5511,65,"Sheepmeat"
5660,65,"Sheepmeat"
3960,65,"Sheepmeat"
4171,65,"Sheepmeat"
4172,65,"Sheepmeat"
6582,65,"Sheepmeat"
5866,65,"Sheepmeat"
5873,65,"Sheepmeat"
5879,65,"Sheepmeat"
6572,65,"Sheepmeat"
4460,65,"Sheepmeat"
3917,65,"Sheepmeat"
3921,65,"Sheepmeat"
3961,65,"Sheepmeat"
3962,65,"Sheepmeat"
3964,65,"Sheepmeat"
3971,65,"Sheepmeat"
3986,65,"Sheepmeat"
3987,65,"Sheepmeat"
3988,65,"Sheepmeat"
5677,65,"Sheepmeat"
3864,65,"Sheepmeat"
3888,65,"Sheepmeat"
3905,65,"Sheepmeat"
3909,65,"Sheepmeat"
3910,65,"Sheepmeat"
3914,65,"Sheepmeat"
3923,65,"Sheepmeat"
3930,65,"Sheepmeat"
3933,65,"Sheepmeat"
3935,65,"Sheepmeat"
3936,65,"Sheepmeat"
3937,65,"Sheepmeat"
3938,65,"Sheepmeat"
3947,65,"Sheepmeat"
3950,65,"Sheepmeat"
3951,65,"Sheepmeat"
3952,65,"Sheepmeat"
3954,65,"Sheepmeat"
5690,65,"Sheepmeat"
5732,65,"Sheepmeat"
5833,65,"Sheepmeat"
5883,65,"Sheepmeat"
5885,65,"Sheepmeat"
5840,65,"Sheepmeat"
3963,65,"Sheepmeat"
3977,65,"Sheepmeat"
3978,65,"Sheepmeat"
3983,65,"Sheepmeat"
11449,65,"Sheepmeat"
5846,65,"Sheepmeat"
5858,65,"Sheepmeat"
5868,65,"Sheepmeat"
5869,65,"Sheepmeat"
5870,65,"Sheepmeat"
5881,65,"Sheepmeat"
5882,65,"Sheepmeat"
5890,65,"Sheepmeat"
3577,65,"Sheepmeat"
3587,65,"Sheepmeat"
3571,65,"Sheepmeat"
3572,65,"Sheepmeat"
3576,65,"Sheepmeat"
3524,65,"Sheepmeat"
3565,65,"Sheepmeat"
12775,65,"Sheepmeat"
13044,65,"Sheepmeat"
10913,65,"Sheepmeat"
10914,65,"Sheepmeat"
10916,65,"Sheepmeat"
12776,65,"Sheepmeat"
12944,65,"Sheepmeat"
12957,65,"Sheepmeat"
12945,65,"Sheepmeat"
12946,65,"Sheepmeat"
12948,65,"Sheepmeat"
12949,65,"Sheepmeat"
12951,65,"Sheepmeat"
10917,65,"Sheepmeat"
10919,65,"Sheepmeat"
10921,65,"Sheepmeat"
10922,65,"Sheepmeat"
10946,65,"Sheepmeat"
10947,65,"Sheepmeat"
10949,65,"Sheepmeat"
10915,65,"Sheepmeat"
13045,65,"Sheepmeat"
10925,65,"Sheepmeat"
10930,65,"Sheepmeat"
10931,65,"Sheepmeat"
10933,65,"Sheepmeat"
11067,65,"Sheepmeat"
11076,65,"Sheepmeat"
12801,65,"Sheepmeat"
13027,65,"Sheepmeat"
10942,65,"Sheepmeat"
10940,65,"Sheepmeat"
12805,65,"Sheepmeat"
7407,65,"Sheepmeat"
7414,65,"Sheepmeat"
13048,65,"Sheepmeat"
7416,65,"Sheepmeat"
7442,65,"Sheepmeat"
10895,65,"Sheepmeat"
10903,65,"Sheepmeat"
10904,65,"Sheepmeat"
7413,65,"Sheepmeat"
4107,65,"Sheepmeat"
4108,65,"Sheepmeat"
4114,65,"Sheepmeat"
5519,65,"Sheepmeat"
13051,65,"Sheepmeat"
10893,65,"Sheepmeat"
10898,65,"Sheepmeat"
10902,65,"Sheepmeat"
10907,65,"Sheepmeat"
10908,65,"Sheepmeat"
10912,65,"Sheepmeat"
5708,65,"Sheepmeat"
5710,65,"Sheepmeat"
5527,65,"Sheepmeat"
5718,65,"Sheepmeat"
5530,65,"Sheepmeat"
5522,65,"Sheepmeat"
5716,65,"Sheepmeat"
3549,65,"Sheepmeat"
344,65,"Sheepmeat"
378,65,"Sheepmeat"
5526,65,"Sheepmeat"
5528,65,"Sheepmeat"
2038,65,"Sheepmeat"
375,65,"Sheepmeat"
2005,65,"Sheepmeat"
376,65,"Sheepmeat"
2125,65,"Sheepmeat"
2033,65,"Sheepmeat"
2145,65,"Sheepmeat"
2147,65,"Sheepmeat"
2148,65,"Sheepmeat"
1993,65,"Sheepmeat"
1994,65,"Sheepmeat"
2039,65,"Sheepmeat"
2041,65,"Sheepmeat"
2149,65,"Sheepmeat"
2259,65,"Sheepmeat"
2241,65,"Sheepmeat"
2258,65,"Sheepmeat"
791,65,"Sheepmeat"
778,65,"Sheepmeat"
691,65,"Sheepmeat"
798,65,"Sheepmeat"
8067,65,"Sheepmeat"
792,65,"Sheepmeat"
8117,65,"Sheepmeat"
793,65,"Sheepmeat"
861,65,"Sheepmeat"
693,65,"Sheepmeat"
697,65,"Sheepmeat"
1016,65,"Sheepmeat"
696,65,"Sheepmeat"
286,65,"Sheepmeat"
287,65,"Sheepmeat"
294,65,"Sheepmeat"
12802,65,"Sheepmeat"
12804,65,"Sheepmeat"
12803,65,"Sheepmeat"
8115,65,"Sheepmeat"
8070,65,"Sheepmeat"
8114,65,"Sheepmeat"
1014,65,"Sheepmeat"
991,65,"Sheepmeat"
1029,65,"Sheepmeat"
698,65,"Sheepmeat"
677,65,"Sheepmeat"
12807,65,"Sheepmeat"
13013,65,"Sheepmeat"
12950,65,"Sheepmeat"
12955,65,"Sheepmeat"
12810,65,"Sheepmeat"
13012,65,"Sheepmeat"
13024,65,"Sheepmeat"
13028,65,"Sheepmeat"
13026,65,"Sheepmeat"
13042,65,"Sheepmeat"
13011,65,"Sheepmeat"
676,65,"Sheepmeat"
13038,65,"Sheepmeat"
11075,65,"Sheepmeat"
13019,65,"Sheepmeat"
13036,65,"Sheepmeat"
8332,65,"Sheepmeat"
8078,65,"Sheepmeat"
8325,65,"Sheepmeat"
8101,65,"Sheepmeat"
8105,65,"Sheepmeat"
8323,65,"Sheepmeat"
8082,65,"Sheepmeat"
8112,65,"Sheepmeat"
8109,65,"Sheepmeat"
8110,65,"Sheepmeat"
761,65,"Sheepmeat"
786,65,"Sheepmeat"
780,65,"Sheepmeat"
781,65,"Sheepmeat"
779,65,"Sheepmeat"
481,65,"Sheepmeat"
480,65,"Sheepmeat"
512,65,"Sheepmeat"
543,65,"Sheepmeat"
8324,65,"Sheepmeat"
8083,65,"Sheepmeat"
8116,65,"Sheepmeat"
540,65,"Sheepmeat"
474,65,"Sheepmeat"
475,65,"Sheepmeat"
464,65,"Sheepmeat"
463,65,"Sheepmeat"
476,65,"Sheepmeat"
461,65,"Sheepmeat"
487,65,"Sheepmeat"
486,65,"Sheepmeat"
484,65,"Sheepmeat"
490,65,"Sheepmeat"
522,65,"Sheepmeat"
528,65,"Sheepmeat"
529,65,"Sheepmeat"
563,65,"Sheepmeat"
536,65,"Sheepmeat"
8335,65,"Sheepmeat"
530,65,"Sheepmeat"
517,65,"Sheepmeat"
460,65,"Sheepmeat"
535,65,"Sheepmeat"
518,65,"Sheepmeat"
519,65,"Sheepmeat"
351,65,"Sheepmeat"
346,65,"Sheepmeat"
358,65,"Sheepmeat"
329,65,"Sheepmeat"
357,65,"Sheepmeat"
354,65,"Sheepmeat"
355,65,"Sheepmeat"
365,65,"Sheepmeat"
369,65,"Sheepmeat"
370,65,"Sheepmeat"
361,65,"Sheepmeat"
554,65,"Sheepmeat"
549,65,"Sheepmeat"
556,65,"Sheepmeat"
572,65,"Sheepmeat"
574,65,"Sheepmeat"
570,65,"Sheepmeat"
347,65,"Sheepmeat"
319,65,"Sheepmeat"
350,65,"Sheepmeat"
325,65,"Sheepmeat"
359,65,"Sheepmeat"
538,65,"Sheepmeat"
551,65,"Sheepmeat"
559,65,"Sheepmeat"
566,65,"Sheepmeat"
577,65,"Sheepmeat"
11356,65,"Sheepmeat"
11357,65,"Sheepmeat"
11358,65,"Sheepmeat"
491,65,"Sheepmeat"
539,65,"Sheepmeat"
492,65,"Sheepmeat"
493,65,"Sheepmeat"
498,65,"Sheepmeat"
506,65,"Sheepmeat"
825,65,"Sheepmeat"
826,65,"Sheepmeat"
823,65,"Sheepmeat"
611,65,"Sheepmeat"
684,65,"Sheepmeat"
682,65,"Sheepmeat"
635,65,"Sheepmeat"
520,65,"Sheepmeat"
833,65,"Sheepmeat"
900,65,"Sheepmeat"
901,65,"Sheepmeat"
898,65,"Sheepmeat"
871,65,"Sheepmeat"
990,65,"Sheepmeat"
931,65,"Sheepmeat"
930,65,"Sheepmeat"
884,65,"Sheepmeat"
885,65,"Sheepmeat"
935,65,"Sheepmeat"
1038,65,"Sheepmeat"
1033,65,"Sheepmeat"
1032,65,"Sheepmeat"
1034,65,"Sheepmeat"
672,65,"Sheepmeat"
673,65,"Sheepmeat"
678,65,"Sheepmeat"
680,65,"Sheepmeat"
662,65,"Sheepmeat"
663,65,"Sheepmeat"
681,65,"Sheepmeat"
683,65,"Sheepmeat"
3869,65,"Sheepmeat"
3876,65,"Sheepmeat"
623,65,"Sheepmeat"
918,65,"Sheepmeat"
924,65,"Sheepmeat"
630,65,"Sheepmeat"
631,65,"Sheepmeat"
3879,65,"Sheepmeat"
3870,65,"Sheepmeat"
3878,65,"Sheepmeat"
4076,65,"Sheepmeat"
5650,65,"Sheepmeat"
4462,65,"Sheepmeat"
4470,65,"Sheepmeat"
4084,65,"Sheepmeat"
927,65,"Sheepmeat"
655,65,"Sheepmeat"
656,65,"Sheepmeat"
658,65,"Sheepmeat"
661,65,"Sheepmeat"
929,65,"Sheepmeat"
670,65,"Sheepmeat"
926,65,"Sheepmeat"
928,65,"Sheepmeat"
3884,65,"Sheepmeat"
4115,65,"Sheepmeat"
5500,65,"Sheepmeat"
5252,65,"Sheepmeat"
5512,65,"Sheepmeat"
3894,65,"Sheepmeat"
3856,65,"Sheepmeat"
3857,65,"Sheepmeat"
3859,65,"Sheepmeat"
3860,65,"Sheepmeat"
3893,65,"Sheepmeat"
3898,65,"Sheepmeat"
3902,65,"Sheepmeat"
3906,65,"Sheepmeat"
4122,65,"Sheepmeat"
3907,65,"Sheepmeat"
3908,65,"Sheepmeat"
877,65,"Sheepmeat"
883,65,"Sheepmeat"
940,65,"Sheepmeat"
936,65,"Sheepmeat"
976,65,"Sheepmeat"
977,65,"Sheepmeat"
951,65,"Sheepmeat"
952,65,"Sheepmeat"
938,65,"Sheepmeat"
939,65,"Sheepmeat"
958,65,"Sheepmeat"
963,65,"Sheepmeat"
988,65,"Sheepmeat"
4144,65,"Sheepmeat"
985,65,"Sheepmeat"
1070,65,"Sheepmeat"
987,65,"Sheepmeat"
1042,65,"Sheepmeat"
466,65,"Sheepmeat"
1047,65,"Sheepmeat"
465,65,"Sheepmeat"
467,65,"Sheepmeat"
4013,65,"Sheepmeat"
4055,65,"Sheepmeat"
4063,65,"Sheepmeat"
4066,65,"Sheepmeat"
4094,65,"Sheepmeat"
4089,65,"Sheepmeat"
4002,65,"Sheepmeat"
4016,65,"Sheepmeat"
4021,65,"Sheepmeat"
4032,65,"Sheepmeat"
4033,65,"Sheepmeat"
4020,65,"Sheepmeat"
4051,65,"Sheepmeat"
4052,65,"Sheepmeat"
4053,65,"Sheepmeat"
4056,65,"Sheepmeat"
4057,65,"Sheepmeat"
4061,65,"Sheepmeat"
4062,65,"Sheepmeat"
4065,65,"Sheepmeat"
4067,65,"Sheepmeat"
4027,65,"Sheepmeat"
324,65,"Sheepmeat"
301,65,"Sheepmeat"
323,65,"Sheepmeat"
328,65,"Sheepmeat"
330,65,"Sheepmeat"
327,65,"Sheepmeat"
14758,65,"Sheepmeat"
14759,65,"Sheepmeat"
14760,65,"Sheepmeat"
14935,65,"Sheepmeat"
14936,65,"Sheepmeat"
14941,65,"Sheepmeat"
8315,65,"Sheepmeat"
8316,65,"Sheepmeat"
8054,65,"Sheepmeat"
8053,65,"Sheepmeat"
8064,65,"Sheepmeat"
8066,65,"Sheepmeat"
8312,65,"Sheepmeat"
8313,65,"Sheepmeat"
14776,65,"Sheepmeat"
14777,65,"Sheepmeat"
14778,65,"Sheepmeat"
14782,65,"Sheepmeat"
14783,65,"Sheepmeat"
14957,65,"Sheepmeat"
1013,65,"Sheepmeat"
303,65,"Sheepmeat"
281,65,"Sheepmeat"
285,65,"Sheepmeat"
295,65,"Sheepmeat"
997,65,"Sheepmeat"
998,65,"Sheepmeat"
992,65,"Sheepmeat"
993,65,"Sheepmeat"
996,65,"Sheepmeat"
999,65,"Sheepmeat"
1003,65,"Sheepmeat"
1007,65,"Sheepmeat"
1008,65,"Sheepmeat"
1010,65,"Sheepmeat"
1015,65,"Sheepmeat"
1017,65,"Sheepmeat"
1019,65,"Sheepmeat"
1021,65,"Sheepmeat"
1037,65,"Sheepmeat"
1018,65,"Sheepmeat"
1020,65,"Sheepmeat"
1022,65,"Sheepmeat"
1053,65,"Sheepmeat"
1055,65,"Sheepmeat"
17689,65,"Sheepmeat"
17690,65,"Sheepmeat"
17691,65,"Sheepmeat"
17692,65,"Sheepmeat"
17693,65,"Sheepmeat"
254,65,"Sheepmeat"
994,65,"Sheepmeat"
297,65,"Sheepmeat"
283,65,"Sheepmeat"
284,65,"Sheepmeat"
296,65,"Sheepmeat"
253,65,"Sheepmeat"
1093,65,"Sheepmeat"
731,65,"Sheepmeat"
728,65,"Sheepmeat"
730,65,"Sheepmeat"
815,65,"Sheepmeat"
821,65,"Sheepmeat"
269,65,"Sheepmeat"
273,65,"Sheepmeat"
732,65,"Sheepmeat"
733,65,"Sheepmeat"
739,65,"Sheepmeat"
740,65,"Sheepmeat"
816,65,"Sheepmeat"
818,65,"Sheepmeat"
749,65,"Sheepmeat"
748,65,"Sheepmeat"
722,65,"Sheepmeat"
729,65,"Sheepmeat"
734,65,"Sheepmeat"
743,65,"Sheepmeat"
274,65,"Sheepmeat"
291,65,"Sheepmeat"
270,65,"Sheepmeat"
276,65,"Sheepmeat"
278,65,"Sheepmeat"
277,65,"Sheepmeat"
279,65,"Sheepmeat"
755,65,"Sheepmeat"
745,65,"Sheepmeat"
8322,65,"Sheepmeat"
8319,65,"Sheepmeat"
753,65,"Sheepmeat"
8056,65,"Sheepmeat"
8057,65,"Sheepmeat"
8317,65,"Sheepmeat"
8055,65,"Sheepmeat"
8318,65,"Sheepmeat"
8059,65,"Sheepmeat"
737,65,"Sheepmeat"
720,65,"Sheepmeat"
8052,65,"Sheepmeat"
723,65,"Sheepmeat"
8314,65,"Sheepmeat"
735,65,"Sheepmeat"
736,65,"Sheepmeat"
469,82,"Beef"
292,82,"Beef"
183,82,"Beef"
13192,82,"Beef"
7980,82,"Beef"
8364,82,"Beef"
8367,82,"Beef"
8185,82,"Beef"
8441,82,"Beef"
8442,82,"Beef"
8443,82,"Beef"
8444,82,"Beef"
8449,82,"Beef"
8431,82,"Beef"
8435,82,"Beef"
8436,82,"Beef"
8205,82,"Beef"
8446,82,"Beef"
8451,82,"Beef"
14304,82,"Beef"
8183,82,"Beef"
8184,82,"Beef"
8440,82,"Beef"
8450,82,"Beef"
8454,82,"Beef"
8196,82,"Beef"
8198,82,"Beef"
8456,82,"Beef"
14545,82,"Beef"
14546,82,"Beef"
14548,82,"Beef"
14549,82,"Beef"
14550,82,"Beef"
14551,82,"Beef"
14552,82,"Beef"
14554,82,"Beef"
14555,82,"Beef"
14557,82,"Beef"
14311,82,"Beef"
14312,82,"Beef"
8556,82,"Beef"
8557,82,"Beef"
8558,82,"Beef"
6722,82,"Beef"
6723,82,"Beef"
6725,82,"Beef"
6726,82,"Beef"
9036,82,"Beef"
9066,82,"Beef"
9069,82,"Beef"
9076,82,"Beef"
19631,82,"Beef"
19632,82,"Beef"
19633,82,"Beef"
19638,82,"Beef"
19639,82,"Beef"
6368,82,"Beef"
27019,82,"Beef"
13416,82,"Beef"
342,82,"Beef"
14775,82,"Beef"
14953,82,"Beef"
14948,82,"Beef"
14985,82,"Beef"
14963,82,"Beef"
14964,82,"Beef"
14970,82,"Beef"
14972,82,"Beef"
14784,82,"Beef"
14795,82,"Beef"
333,82,"Beef"
14779,82,"Beef"
14952,82,"Beef"
14983,82,"Beef"
14984,82,"Beef"
14986,82,"Beef"
14797,82,"Beef"
14798,82,"Beef"
14987,82,"Beef"
6747,82,"Beef"
6840,82,"Beef"
6745,82,"Beef"
6516,82,"Beef"
7082,82,"Beef"
7083,82,"Beef"
15016,82,"Beef"
14846,82,"Beef"
14785,82,"Beef"
7804,82,"Beef"
7805,82,"Beef"
8209,82,"Beef"
8211,82,"Beef"
8222,82,"Beef"
8500,82,"Beef"
7100,82,"Beef"
7981,82,"Beef"
8142,82,"Beef"
14320,82,"Beef"
14319,82,"Beef"
14321,82,"Beef"
14324,82,"Beef"
7109,82,"Beef"
7110,82,"Beef"
7111,82,"Beef"
7112,82,"Beef"
8212,82,"Beef"
8457,82,"Beef"
8458,82,"Beef"
8459,82,"Beef"
3590,82,"Beef"
3591,82,"Beef"
3593,82,"Beef"
3596,82,"Beef"
3592,82,"Beef"
3589,82,"Beef"
3570,82,"Beef"
3595,82,"Beef"
3614,82,"Beef"
3619,82,"Beef"
3623,82,"Beef"
8224,82,"Beef"
8225,82,"Beef"
8227,82,"Beef"
8468,82,"Beef"
8476,82,"Beef"
8610,82,"Beef"
7800,82,"Beef"
7801,82,"Beef"
6361,82,"Beef"
6364,82,"Beef"
6366,82,"Beef"
6367,82,"Beef"
589,82,"Beef"
3624,82,"Beef"
3627,82,"Beef"
3628,82,"Beef"
3630,82,"Beef"
5632,82,"Beef"
5836,82,"Beef"
5837,82,"Beef"
11219,82,"Beef"
11216,82,"Beef"
11195,82,"Beef"
11422,82,"Beef"
5889,82,"Beef"
5645,82,"Beef"
5838,82,"Beef"
3926,82,"Beef"
5641,82,"Beef"
3787,82,"Beef"
11439,82,"Beef"
11194,82,"Beef"
11189,82,"Beef"
11426,82,"Beef"
11218,82,"Beef"
11428,82,"Beef"
11205,82,"Beef"
11207,82,"Beef"
11429,82,"Beef"
11436,82,"Beef"
11455,82,"Beef"
11217,82,"Beef"
11454,82,"Beef"
3875,82,"Beef"
3944,82,"Beef"
3514,82,"Beef"
3517,82,"Beef"
3520,82,"Beef"
3521,82,"Beef"
3522,82,"Beef"
3883,82,"Beef"
3848,82,"Beef"
3722,82,"Beef"
3847,82,"Beef"
3730,82,"Beef"
3528,82,"Beef"
3532,82,"Beef"
3538,82,"Beef"
3788,82,"Beef"
3513,82,"Beef"
3801,82,"Beef"
3745,82,"Beef"
10860,82,"Beef"
11116,82,"Beef"
11117,82,"Beef"
11378,82,"Beef"
11373,82,"Beef"
11374,82,"Beef"
11372,82,"Beef"
3633,82,"Beef"
3634,82,"Beef"
10848,82,"Beef"
10854,82,"Beef"
11113,82,"Beef"
11367,82,"Beef"
11375,82,"Beef"
3742,82,"Beef"
3792,82,"Beef"
3794,82,"Beef"
3795,82,"Beef"
3804,82,"Beef"
3806,82,"Beef"
3808,82,"Beef"
3816,82,"Beef"
3817,82,"Beef"
3824,82,"Beef"
3829,82,"Beef"
3837,82,"Beef"
3842,82,"Beef"
3843,82,"Beef"
3523,82,"Beef"
3525,82,"Beef"
5847,82,"Beef"
5848,82,"Beef"
5854,82,"Beef"
5738,82,"Beef"
379,82,"Beef"
17701,82,"Beef"
14928,82,"Beef"
1097,82,"Beef"
1098,82,"Beef"
1105,82,"Beef"
14750,82,"Beef"
14927,82,"Beef"
3552,82,"Beef"
3553,82,"Beef"
3554,82,"Beef"
3546,82,"Beef"
3548,82,"Beef"
15020,82,"Beef"
14907,82,"Beef"
14991,82,"Beef"
14995,82,"Beef"
14993,82,"Beef"
14819,82,"Beef"
14998,82,"Beef"
1184,82,"Beef"
14902,82,"Beef"
14807,82,"Beef"
14905,82,"Beef"
17275,82,"Beef"
17276,82,"Beef"
17277,82,"Beef"
17279,82,"Beef"
15879,82,"Beef"
16102,82,"Beef"
17278,82,"Beef"
17281,82,"Beef"
6732,82,"Beef"
6733,82,"Beef"
6735,82,"Beef"
15886,82,"Beef"
17285,82,"Beef"
14748,82,"Beef"
1124,82,"Beef"
14896,82,"Beef"
14897,82,"Beef"
14901,82,"Beef"
14749,82,"Beef"
10894,82,"Beef"
6514,82,"Beef"
17283,82,"Beef"
6730,82,"Beef"
10892,82,"Beef"
6844,82,"Beef"
6743,82,"Beef"
6843,82,"Beef"
30917,82,"Beef"
14331,82,"Beef"
14332,82,"Beef"
31068,82,"Beef"
4924,82,"Beef"
4923,82,"Beef"
4920,82,"Beef"
4874,82,"Beef"
4907,82,"Beef"
18436,82,"Beef"
4919,82,"Beef"
15867,82,"Beef"
15869,82,"Beef"
15866,82,"Beef"
10973,82,"Beef"
16083,82,"Beef"
16074,82,"Beef"
15870,82,"Beef"
16082,82,"Beef"
17274,82,"Beef"
16101,82,"Beef"
15882,82,"Beef"
16075,82,"Beef"
16076,82,"Beef"
16086,82,"Beef"
15873,82,"Beef"
15876,82,"Beef"
16091,82,"Beef"
16098,82,"Beef"
1164,82,"Beef"
1169,82,"Beef"
1170,82,"Beef"
1171,82,"Beef"
1176,82,"Beef"
1177,82,"Beef"
1178,82,"Beef"
1188,82,"Beef"
1194,82,"Beef"
1195,82,"Beef"
1200,82,"Beef"
1201,82,"Beef"
1203,82,"Beef"
1210,82,"Beef"
30348,82,"Beef"
30384,82,"Beef"
30410,82,"Beef"
16479,82,"Beef"
14899,82,"Beef"
14900,82,"Beef"
16464,82,"Beef"
16465,82,"Beef"
16468,82,"Beef"
16469,82,"Beef"
16470,82,"Beef"
16484,82,"Beef"
16334,82,"Beef"
16576,82,"Beef"
16577,82,"Beef"
16582,82,"Beef"
16271,82,"Beef"
16486,82,"Beef"
16269,82,"Beef"
16270,82,"Beef"
16495,82,"Beef"
16453,82,"Beef"
16476,82,"Beef"
16488,82,"Beef"
16487,82,"Beef"
16272,82,"Beef"
1174,82,"Beef"
16338,82,"Beef"
16452,82,"Beef"
16454,82,"Beef"
16455,82,"Beef"
16456,82,"Beef"
16457,82,"Beef"
16459,82,"Beef"
1181,82,"Beef"
16585,82,"Beef"
16586,82,"Beef"
14903,82,"Beef"
14747,82,"Beef"
14910,82,"Beef"
14743,82,"Beef"
14801,82,"Beef"
14802,82,"Beef"
14808,82,"Beef"
14809,82,"Beef"
1165,82,"Beef"
1222,82,"Beef"
1205,82,"Beef"
1213,82,"Beef"
15863,82,"Beef"
16063,82,"Beef"
1218,82,"Beef"
1221,82,"Beef"
15862,82,"Beef"
1397,82,"Beef"
1399,82,"Beef"
1417,82,"Beef"
1362,82,"Beef"
16589,82,"Beef"
16590,82,"Beef"
16349,82,"Beef"
10821,82,"Beef"
16353,82,"Beef"
16355,82,"Beef"
16170,82,"Beef"
16171,82,"Beef"
16219,82,"Beef"
16051,82,"Beef"
16052,82,"Beef"
16112,82,"Beef"
16592,82,"Beef"
16325,82,"Beef"
16460,82,"Beef"
15855,82,"Beef"
16055,82,"Beef"
16596,82,"Beef"
16600,82,"Beef"
15941,82,"Beef"
10972,82,"Beef"
11037,82,"Beef"
10976,82,"Beef"
16053,82,"Beef"
1153,82,"Beef"
1239,82,"Beef"
1242,82,"Beef"
1244,82,"Beef"
10997,82,"Beef"
13403,82,"Beef"
30729,82,"Beef"
23255,82,"Beef"
23256,82,"Beef"
23010,82,"Beef"
13052,82,"Beef"
13053,82,"Beef"
13057,82,"Beef"
13058,82,"Beef"
13059,82,"Beef"
6079,82,"Beef"
31573,82,"Beef"
21540,82,"Beef"
31659,82,"Beef"
21355,82,"Beef"
20345,82,"Beef"
20346,82,"Beef"
30291,82,"Beef"
30310,82,"Beef"
30318,82,"Beef"
21359,82,"Beef"
8137,82,"Beef"
8359,82,"Beef"
8133,82,"Beef"
8357,82,"Beef"
8135,82,"Beef"
7386,82,"Beef"
7388,82,"Beef"
7081,82,"Beef"
6842,82,"Beef"
5543,82,"Beef"
17696,82,"Beef"
1141,82,"Beef"
1142,82,"Beef"
1257,82,"Beef"
1264,82,"Beef"
1265,82,"Beef"
10923,82,"Beef"
10934,82,"Beef"
3996,82,"Beef"
4023,82,"Beef"
4024,82,"Beef"
4025,82,"Beef"
4043,82,"Beef"
4046,82,"Beef"
4047,82,"Beef"
1608,82,"Beef"
1614,82,"Beef"
1588,82,"Beef"
1605,82,"Beef"
1607,82,"Beef"
1612,82,"Beef"
1458,82,"Beef"
1482,82,"Beef"
1496,82,"Beef"
1516,82,"Beef"
1553,82,"Beef"
1554,82,"Beef"
1555,82,"Beef"
1564,82,"Beef"
1569,82,"Beef"
1574,82,"Beef"
1575,82,"Beef"
4538,82,"Beef"
4540,82,"Beef"
4542,82,"Beef"
4520,82,"Beef"
4471,82,"Beef"
4077,82,"Beef"
4079,82,"Beef"
4080,82,"Beef"
4085,82,"Beef"
4087,82,"Beef"
4543,82,"Beef"
4208,82,"Beef"
4518,82,"Beef"
4524,82,"Beef"
4539,82,"Beef"
4461,82,"Beef"
4519,82,"Beef"
4521,82,"Beef"
4522,82,"Beef"
4523,82,"Beef"
4525,82,"Beef"
4535,82,"Beef"
4472,82,"Beef"
1576,82,"Beef"
1586,82,"Beef"
1589,82,"Beef"
1590,82,"Beef"
1600,82,"Beef"
1603,82,"Beef"
1611,82,"Beef"
1613,82,"Beef"
1615,82,"Beef"
4045,82,"Beef"
7736,82,"Beef"
8026,82,"Beef"
7996,82,"Beef"
4475,82,"Beef"
4527,82,"Beef"
4529,82,"Beef"
4530,82,"Beef"
4531,82,"Beef"
4473,82,"Beef"
1649,82,"Beef"
1652,82,"Beef"
1852,82,"Beef"
4528,82,"Beef"
1882,82,"Beef"
9115,82,"Beef"
8900,82,"Beef"
1978,82,"Beef"
1979,82,"Beef"
8899,82,"Beef"
8905,82,"Beef"
8908,82,"Beef"
3448,82,"Beef"
3451,82,"Beef"
1891,82,"Beef"
3447,82,"Beef"
3467,82,"Beef"
1895,82,"Beef"
1902,82,"Beef"
3392,82,"Beef"
3393,82,"Beef"
372,82,"Beef"
3460,82,"Beef"
3461,82,"Beef"
3462,82,"Beef"
3466,82,"Beef"
3494,82,"Beef"
3459,82,"Beef"
3458,82,"Beef"
12923,82,"Beef"
12750,82,"Beef"
12932,82,"Beef"
12933,82,"Beef"
12934,82,"Beef"
12758,82,"Beef"
12763,82,"Beef"
12764,82,"Beef"
12765,82,"Beef"
12766,82,"Beef"
12767,82,"Beef"
12769,82,"Beef"
12770,82,"Beef"
12771,82,"Beef"
12938,82,"Beef"
12943,82,"Beef"
12967,82,"Beef"
3430,82,"Beef"
3433,82,"Beef"
3434,82,"Beef"
3446,82,"Beef"
2163,82,"Beef"
7446,82,"Beef"
12910,82,"Beef"
12912,82,"Beef"
12941,82,"Beef"
12942,82,"Beef"
13004,82,"Beef"
12809,82,"Beef"
12808,82,"Beef"
12772,82,"Beef"
7419,82,"Beef"
12911,82,"Beef"
12962,82,"Beef"
3785,82,"Beef"
3786,82,"Beef"
10874,82,"Beef"
11142,82,"Beef"
7578,82,"Beef"
7477,82,"Beef"
7478,82,"Beef"
7576,82,"Beef"
7575,82,"Beef"
7476,82,"Beef"
7493,82,"Beef"
7495,82,"Beef"
7532,82,"Beef"
7533,82,"Beef"
7577,82,"Beef"
10873,82,"Beef"
12937,82,"Beef"
12956,82,"Beef"
12959,82,"Beef"
12960,82,"Beef"
12961,82,"Beef"
7469,82,"Beef"
7474,82,"Beef"
7582,82,"Beef"
10866,82,"Beef"
11346,82,"Beef"
11351,82,"Beef"
11353,82,"Beef"
11355,82,"Beef"
11349,82,"Beef"
11350,82,"Beef"
7449,82,"Beef"
12909,82,"Beef"
7561,82,"Beef"
7567,82,"Beef"
7568,82,"Beef"
7573,82,"Beef"
7574,82,"Beef"
11123,82,"Beef"
11340,82,"Beef"
581,82,"Beef"
11359,82,"Beef"
7959,82,"Beef"
7963,82,"Beef"
7374,82,"Beef"
7968,82,"Beef"
7381,82,"Beef"
7393,82,"Beef"
7974,82,"Beef"
7983,82,"Beef"
12924,82,"Beef"
12977,82,"Beef"
12979,82,"Beef"
12797,82,"Beef"
7392,82,"Beef"
7958,82,"Beef"
7964,82,"Beef"
7382,82,"Beef"
7421,82,"Beef"
7422,82,"Beef"
12914,82,"Beef"
12915,82,"Beef"
12745,82,"Beef"
12751,82,"Beef"
12756,82,"Beef"
12757,82,"Beef"
7371,82,"Beef"
7372,82,"Beef"
7373,82,"Beef"
7957,82,"Beef"
7960,82,"Beef"
7961,82,"Beef"
7962,82,"Beef"
7982,82,"Beef"
7984,82,"Beef"
7385,82,"Beef"
7389,82,"Beef"
7436,82,"Beef"
8360,82,"Beef"
8140,82,"Beef"
12913,82,"Beef"
12916,82,"Beef"
12917,82,"Beef"
12744,82,"Beef"
12747,82,"Beef"
11421,82,"Beef"
11208,82,"Beef"
7646,82,"Beef"
7655,82,"Beef"
7656,82,"Beef"
7695,82,"Beef"
7697,82,"Beef"
7698,82,"Beef"
7699,82,"Beef"
7700,82,"Beef"
7703,82,"Beef"
7705,82,"Beef"
7706,82,"Beef"
7707,82,"Beef"
7708,82,"Beef"
7709,82,"Beef"
7715,82,"Beef"
7716,82,"Beef"
7719,82,"Beef"
7720,82,"Beef"
7727,82,"Beef"
7733,82,"Beef"
3997,82,"Beef"
3998,82,"Beef"
3999,82,"Beef"
4000,82,"Beef"
4001,82,"Beef"
4005,82,"Beef"
7711,82,"Beef"
7652,82,"Beef"
7653,82,"Beef"
7657,82,"Beef"
7691,82,"Beef"
7692,82,"Beef"
7712,82,"Beef"
7713,82,"Beef"
7714,82,"Beef"
7732,82,"Beef"
7737,82,"Beef"
7738,82,"Beef"
7739,82,"Beef"
1954,82,"Beef"
9102,82,"Beef"
9103,82,"Beef"
9105,82,"Beef"
7686,82,"Beef"
12925,82,"Beef"
12984,82,"Beef"
9131,82,"Beef"
832,82,"Beef"
618,82,"Beef"
1906,82,"Beef"
1924,82,"Beef"
1949,82,"Beef"
1950,82,"Beef"
1951,82,"Beef"
1952,82,"Beef"
1953,82,"Beef"
1955,82,"Beef"
1956,82,"Beef"
1961,82,"Beef"
1965,82,"Beef"
1966,82,"Beef"
7624,82,"Beef"
9098,82,"Beef"
9100,82,"Beef"
9101,82,"Beef"
9222,82,"Beef"
7659,82,"Beef"
7666,82,"Beef"
11008,82,"Beef"
11009,82,"Beef"
11010,82,"Beef"
11018,82,"Beef"
11019,82,"Beef"
11020,82,"Beef"
11021,82,"Beef"
11022,82,"Beef"
11004,82,"Beef"
11014,82,"Beef"
11039,82,"Beef"
10999,82,"Beef"
11023,82,"Beef"
11024,82,"Beef"
11031,82,"Beef"
11036,82,"Beef"
1391,82,"Beef"
1392,82,"Beef"
10832,82,"Beef"
1430,82,"Beef"
11015,82,"Beef"
11016,82,"Beef"
11034,82,"Beef"
11038,82,"Beef"
11040,82,"Beef"
17272,82,"Beef"
1268,82,"Beef"
10945,82,"Beef"
10952,82,"Beef"
10980,82,"Beef"
10981,82,"Beef"
10995,82,"Beef"
11006,82,"Beef"
10982,82,"Beef"
10988,82,"Beef"
10993,82,"Beef"
10998,82,"Beef"
11001,82,"Beef"
10953,82,"Beef"
10994,82,"Beef"
11003,82,"Beef"
10935,82,"Beef"
10955,82,"Beef"
1269,82,"Beef"
1270,82,"Beef"
1271,82,"Beef"
1272,82,"Beef"
1385,82,"Beef"
1275,82,"Beef"
1277,82,"Beef"
1280,82,"Beef"
1281,82,"Beef"
1282,82,"Beef"
1283,82,"Beef"
1284,82,"Beef"
1320,82,"Beef"
1321,82,"Beef"
1322,82,"Beef"
1291,82,"Beef"
1317,82,"Beef"
1318,82,"Beef"
16862,82,"Beef"
11064,82,"Beef"
10963,82,"Beef"
10971,82,"Beef"
10918,82,"Beef"
10920,82,"Beef"
10941,82,"Beef"
10950,82,"Beef"
10956,82,"Beef"
10959,82,"Beef"
10960,82,"Beef"
10961,82,"Beef"
10962,82,"Beef"
10964,82,"Beef"
10965,82,"Beef"
10969,82,"Beef"
10970,82,"Beef"
10974,82,"Beef"
10975,82,"Beef"
10991,82,"Beef"
11017,82,"Beef"
11033,82,"Beef"
1267,82,"Beef"
1285,82,"Beef"
1289,82,"Beef"
1387,82,"Beef"
10943,82,"Beef"
10944,82,"Beef"
7634,82,"Beef"
7635,82,"Beef"
7636,82,"Beef"
7660,82,"Beef"
7637,82,"Beef"
7643,82,"Beef"
7694,82,"Beef"
759,82,"Beef"
760,82,"Beef"
775,82,"Beef"
831,82,"Beef"
8107,82,"Beef"
771,82,"Beef"
828,82,"Beef"
773,82,"Beef"
830,82,"Beef"
7625,82,"Beef"
7626,82,"Beef"
7627,82,"Beef"
7629,82,"Beef"
7630,82,"Beef"
7631,82,"Beef"
7633,82,"Beef"
7639,82,"Beef"
7640,82,"Beef"
7641,82,"Beef"
7661,82,"Beef"
7663,82,"Beef"
7665,82,"Beef"
7667,82,"Beef"
7668,82,"Beef"
7674,82,"Beef"
7677,82,"Beef"
7679,82,"Beef"
7680,82,"Beef"
7682,82,"Beef"
7684,82,"Beef"
7687,82,"Beef"
7689,82,"Beef"
7693,82,"Beef"
17330,82,"Beef"
1155,82,"Beef"
1157,82,"Beef"
1235,82,"Beef"
10838,82,"Beef"
11092,82,"Beef"
11093,82,"Beef"
10846,82,"Beef"
10853,82,"Beef"
10857,82,"Beef"
11097,82,"Beef"
11102,82,"Beef"
11103,82,"Beef"
10865,82,"Beef"
11112,82,"Beef"
10869,82,"Beef"
11122,82,"Beef"
11379,82,"Beef"
11085,82,"Beef"
10840,82,"Beef"
11121,82,"Beef"
4088,82,"Beef"
4164,82,"Beef"
4168,82,"Beef"
4170,82,"Beef"
5655,82,"Beef"
3886,82,"Beef"
4109,82,"Beef"
4110,82,"Beef"
4111,82,"Beef"
4127,82,"Beef"
4128,82,"Beef"
4129,82,"Beef"
4131,82,"Beef"
4133,82,"Beef"
4148,82,"Beef"
4149,82,"Beef"
4150,82,"Beef"
4171,82,"Beef"
6582,82,"Beef"
3864,82,"Beef"
3888,82,"Beef"
3905,82,"Beef"
3909,82,"Beef"
3910,82,"Beef"
3914,82,"Beef"
3915,82,"Beef"
3917,82,"Beef"
3921,82,"Beef"
3923,82,"Beef"
3930,82,"Beef"
3933,82,"Beef"
3935,82,"Beef"
3936,82,"Beef"
3937,82,"Beef"
3938,82,"Beef"
3947,82,"Beef"
3950,82,"Beef"
3951,82,"Beef"
3952,82,"Beef"
3954,82,"Beef"
3960,82,"Beef"
3961,82,"Beef"
3963,82,"Beef"
3964,82,"Beef"
3971,82,"Beef"
3977,82,"Beef"
3978,82,"Beef"
3983,82,"Beef"
3986,82,"Beef"
3987,82,"Beef"
3988,82,"Beef"
3989,82,"Beef"
3992,82,"Beef"
11449,82,"Beef"
5833,82,"Beef"
5840,82,"Beef"
5846,82,"Beef"
5858,82,"Beef"
5866,82,"Beef"
5868,82,"Beef"
5869,82,"Beef"
5870,82,"Beef"
5873,82,"Beef"
5879,82,"Beef"
5881,82,"Beef"
5882,82,"Beef"
5883,82,"Beef"
5656,82,"Beef"
5664,82,"Beef"
5666,82,"Beef"
5667,82,"Beef"
5670,82,"Beef"
5671,82,"Beef"
5672,82,"Beef"
5674,82,"Beef"
5682,82,"Beef"
5890,82,"Beef"
4460,82,"Beef"
5510,82,"Beef"
5511,82,"Beef"
5660,82,"Beef"
5661,82,"Beef"
5677,82,"Beef"
5686,82,"Beef"
5687,82,"Beef"
5688,82,"Beef"
5692,82,"Beef"
5693,82,"Beef"
5695,82,"Beef"
5684,82,"Beef"
5685,82,"Beef"
5691,82,"Beef"
5730,82,"Beef"
5735,82,"Beef"
5681,82,"Beef"
5690,82,"Beef"
5732,82,"Beef"
3571,82,"Beef"
3572,82,"Beef"
3576,82,"Beef"
3577,82,"Beef"
3587,82,"Beef"
3588,82,"Beef"
3524,82,"Beef"
3566,82,"Beef"
12775,82,"Beef"
13044,82,"Beef"
10914,82,"Beef"
10916,82,"Beef"
12776,82,"Beef"
12944,82,"Beef"
12945,82,"Beef"
12946,82,"Beef"
12948,82,"Beef"
12949,82,"Beef"
12951,82,"Beef"
10917,82,"Beef"
10921,82,"Beef"
10922,82,"Beef"
10946,82,"Beef"
10947,82,"Beef"
10949,82,"Beef"
12957,82,"Beef"
13045,82,"Beef"
10924,82,"Beef"
10925,82,"Beef"
10930,82,"Beef"
10931,82,"Beef"
10932,82,"Beef"
10933,82,"Beef"
12801,82,"Beef"
13027,82,"Beef"
10942,82,"Beef"
10940,82,"Beef"
7400,82,"Beef"
7402,82,"Beef"
7407,82,"Beef"
7417,82,"Beef"
7404,82,"Beef"
7396,82,"Beef"
7415,82,"Beef"
7416,82,"Beef"
7442,82,"Beef"
10903,82,"Beef"
7413,82,"Beef"
4107,82,"Beef"
4114,82,"Beef"
4108,82,"Beef"
5519,82,"Beef"
3530,82,"Beef"
5708,82,"Beef"
4019,82,"Beef"
5710,82,"Beef"
5527,82,"Beef"
5718,82,"Beef"
5530,82,"Beef"
5716,82,"Beef"
5719,82,"Beef"
5522,82,"Beef"
5526,82,"Beef"
5717,82,"Beef"
5536,82,"Beef"
378,82,"Beef"
2005,82,"Beef"
404,82,"Beef"
2186,82,"Beef"
2125,82,"Beef"
2033,82,"Beef"
2145,82,"Beef"
2259,82,"Beef"
8067,82,"Beef"
792,82,"Beef"
798,82,"Beef"
793,82,"Beef"
12804,82,"Beef"
12805,82,"Beef"
12803,82,"Beef"
791,82,"Beef"
8070,82,"Beef"
697,82,"Beef"
1014,82,"Beef"
1016,82,"Beef"
991,82,"Beef"
294,82,"Beef"
1029,82,"Beef"
698,82,"Beef"
677,82,"Beef"
12807,82,"Beef"
13013,82,"Beef"
12950,82,"Beef"
12955,82,"Beef"
12810,82,"Beef"
13012,82,"Beef"
13024,82,"Beef"
13025,82,"Beef"
13028,82,"Beef"
13026,82,"Beef"
13042,82,"Beef"
13011,82,"Beef"
13036,82,"Beef"
676,82,"Beef"
13019,82,"Beef"
8078,82,"Beef"
8323,82,"Beef"
8082,82,"Beef"
761,82,"Beef"
786,82,"Beef"
778,82,"Beef"
780,82,"Beef"
781,82,"Beef"
481,82,"Beef"
480,82,"Beef"
512,82,"Beef"
543,82,"Beef"
8324,82,"Beef"
8083,82,"Beef"
463,82,"Beef"
476,82,"Beef"
461,82,"Beef"
484,82,"Beef"
486,82,"Beef"
490,82,"Beef"
522,82,"Beef"
517,82,"Beef"
464,82,"Beef"
462,82,"Beef"
351,82,"Beef"
354,82,"Beef"
355,82,"Beef"
365,82,"Beef"
369,82,"Beef"
554,82,"Beef"
549,82,"Beef"
556,82,"Beef"
572,82,"Beef"
574,82,"Beef"
570,82,"Beef"
538,82,"Beef"
551,82,"Beef"
559,82,"Beef"
566,82,"Beef"
577,82,"Beef"
11356,82,"Beef"
11357,82,"Beef"
11358,82,"Beef"
491,82,"Beef"
498,82,"Beef"
506,82,"Beef"
539,82,"Beef"
492,82,"Beef"
611,82,"Beef"
684,82,"Beef"
682,82,"Beef"
823,82,"Beef"
621,82,"Beef"
1946,82,"Beef"
635,82,"Beef"
871,82,"Beef"
872,82,"Beef"
898,82,"Beef"
900,82,"Beef"
519,82,"Beef"
520,82,"Beef"
612,82,"Beef"
1933,82,"Beef"
901,82,"Beef"
878,82,"Beef"
935,82,"Beef"
990,82,"Beef"
884,82,"Beef"
885,82,"Beef"
931,82,"Beef"
1038,82,"Beef"
672,82,"Beef"
673,82,"Beef"
678,82,"Beef"
680,82,"Beef"
779,82,"Beef"
889,82,"Beef"
629,82,"Beef"
630,82,"Beef"
631,82,"Beef"
918,82,"Beef"
646,82,"Beef"
655,82,"Beef"
656,82,"Beef"
658,82,"Beef"
661,82,"Beef"
662,82,"Beef"
663,82,"Beef"
930,82,"Beef"
670,82,"Beef"
681,82,"Beef"
683,82,"Beef"
3876,82,"Beef"
3879,82,"Beef"
3881,82,"Beef"
3869,82,"Beef"
3870,82,"Beef"
3878,82,"Beef"
4076,82,"Beef"
5650,82,"Beef"
3894,82,"Beef"
3856,82,"Beef"
3857,82,"Beef"
3859,82,"Beef"
3860,82,"Beef"
3862,82,"Beef"
3893,82,"Beef"
3896,82,"Beef"
3898,82,"Beef"
3901,82,"Beef"
3902,82,"Beef"
3907,82,"Beef"
3908,82,"Beef"
4115,82,"Beef"
4122,82,"Beef"
936,82,"Beef"
976,82,"Beef"
883,82,"Beef"
938,82,"Beef"
939,82,"Beef"
952,82,"Beef"
963,82,"Beef"
988,82,"Beef"
4144,82,"Beef"
4145,82,"Beef"
1070,82,"Beef"
985,82,"Beef"
1042,82,"Beef"
951,82,"Beef"
987,82,"Beef"
965,82,"Beef"
1047,82,"Beef"
978,82,"Beef"
980,82,"Beef"
460,82,"Beef"
465,82,"Beef"
466,82,"Beef"
7726,82,"Beef"
4011,82,"Beef"
4013,82,"Beef"
4017,82,"Beef"
4055,82,"Beef"
4063,82,"Beef"
4059,82,"Beef"
4066,82,"Beef"
4094,82,"Beef"
4050,82,"Beef"
4051,82,"Beef"
4052,82,"Beef"
4053,82,"Beef"
4056,82,"Beef"
4057,82,"Beef"
467,82,"Beef"
468,82,"Beef"
4002,82,"Beef"
4003,82,"Beef"
4004,82,"Beef"
4009,82,"Beef"
4016,82,"Beef"
4021,82,"Beef"
4032,82,"Beef"
4033,82,"Beef"
4041,82,"Beef"
4020,82,"Beef"
4061,82,"Beef"
4062,82,"Beef"
4065,82,"Beef"
4067,82,"Beef"
4089,82,"Beef"
4030,82,"Beef"
4027,82,"Beef"
324,82,"Beef"
329,82,"Beef"
330,82,"Beef"
344,82,"Beef"
350,82,"Beef"
1013,82,"Beef"
303,82,"Beef"
280,82,"Beef"
281,82,"Beef"
285,82,"Beef"
295,82,"Beef"
997,82,"Beef"
998,82,"Beef"
992,82,"Beef"
993,82,"Beef"
996,82,"Beef"
999,82,"Beef"
1003,82,"Beef"
1007,82,"Beef"
1008,82,"Beef"
1010,82,"Beef"
1015,82,"Beef"
1017,82,"Beef"
1019,82,"Beef"
1021,82,"Beef"
1035,82,"Beef"
1037,82,"Beef"
1054,82,"Beef"
1056,82,"Beef"
1018,82,"Beef"
1020,82,"Beef"
1022,82,"Beef"
1034,82,"Beef"
1053,82,"Beef"
1055,82,"Beef"
254,82,"Beef"
283,82,"Beef"
296,82,"Beef"
297,82,"Beef"
1087,82,"Beef"
1093,82,"Beef"
273,82,"Beef"
749,82,"Beef"
821,82,"Beef"
748,82,"Beef"
733,82,"Beef"
722,82,"Beef"
731,82,"Beef"
728,82,"Beef"
729,82,"Beef"
734,82,"Beef"
274,82,"Beef"
291,82,"Beef"
277,82,"Beef"
279,82,"Beef"
278,82,"Beef"
755,82,"Beef"
607,82,"Beef"
818,82,"Beef"
8322,82,"Beef"
8319,82,"Beef"
753,82,"Beef"
8052,82,"Beef"
8312,82,"Beef"
735,82,"Beef"
736,82,"Beef"
8314,82,"Beef"
737,82,"Beef"
8315,82,"Beef"
8316,82,"Beef"
743,82,"Beef"
8317,82,"Beef"
8055,82,"Beef"
744,82,"Beef"
469,66,"Beef"
292,66,"Beef"
183,66,"Beef"
13192,66,"Beef"
7980,66,"Beef"
8364,66,"Beef"
8367,66,"Beef"
8185,66,"Beef"
8441,66,"Beef"
8442,66,"Beef"
8443,66,"Beef"
8444,66,"Beef"
8449,66,"Beef"
8431,66,"Beef"
8435,66,"Beef"
8436,66,"Beef"
8205,66,"Beef"
8446,66,"Beef"
8451,66,"Beef"
14304,66,"Beef"
8183,66,"Beef"
8184,66,"Beef"
8440,66,"Beef"
8450,66,"Beef"
8454,66,"Beef"
8196,66,"Beef"
8198,66,"Beef"
8456,66,"Beef"
14545,66,"Beef"
14546,66,"Beef"
14548,66,"Beef"
14549,66,"Beef"
14550,66,"Beef"
14551,66,"Beef"
14552,66,"Beef"
14554,66,"Beef"
14555,66,"Beef"
14557,66,"Beef"
14311,66,"Beef"
14312,66,"Beef"
8556,66,"Beef"
8557,66,"Beef"
8558,66,"Beef"
6722,66,"Beef"
6723,66,"Beef"
6725,66,"Beef"
6726,66,"Beef"
9036,66,"Beef"
9066,66,"Beef"
9069,66,"Beef"
9076,66,"Beef"
19631,66,"Beef"
19632,66,"Beef"
19633,66,"Beef"
19638,66,"Beef"
19639,66,"Beef"
6368,66,"Beef"
27019,66,"Beef"
13416,66,"Beef"
342,66,"Beef"
14775,66,"Beef"
14953,66,"Beef"
14948,66,"Beef"
14985,66,"Beef"
14963,66,"Beef"
14964,66,"Beef"
14970,66,"Beef"
14972,66,"Beef"
14784,66,"Beef"
14795,66,"Beef"
333,66,"Beef"
14779,66,"Beef"
14952,66,"Beef"
14983,66,"Beef"
14984,66,"Beef"
14986,66,"Beef"
14797,66,"Beef"
14798,66,"Beef"
14987,66,"Beef"
6747,66,"Beef"
6840,66,"Beef"
6745,66,"Beef"
6516,66,"Beef"
7082,66,"Beef"
7083,66,"Beef"
15016,66,"Beef"
14846,66,"Beef"
14785,66,"Beef"
7804,66,"Beef"
7805,66,"Beef"
8209,66,"Beef"
8211,66,"Beef"
8222,66,"Beef"
8500,66,"Beef"
7100,66,"Beef"
7981,66,"Beef"
8142,66,"Beef"
14320,66,"Beef"
14319,66,"Beef"
14321,66,"Beef"
14324,66,"Beef"
7109,66,"Beef"
7110,66,"Beef"
7111,66,"Beef"
7112,66,"Beef"
8212,66,"Beef"
8457,66,"Beef"
8458,66,"Beef"
8459,66,"Beef"
3590,66,"Beef"
3591,66,"Beef"
3593,66,"Beef"
3596,66,"Beef"
3592,66,"Beef"
3589,66,"Beef"
3570,66,"Beef"
3595,66,"Beef"
3614,66,"Beef"
3619,66,"Beef"
3623,66,"Beef"
8224,66,"Beef"
8225,66,"Beef"
8227,66,"Beef"
8468,66,"Beef"
8476,66,"Beef"
8610,66,"Beef"
7800,66,"Beef"
7801,66,"Beef"
6361,66,"Beef"
6364,66,"Beef"
6366,66,"Beef"
6367,66,"Beef"
589,66,"Beef"
3624,66,"Beef"
3627,66,"Beef"
3628,66,"Beef"
3630,66,"Beef"
5632,66,"Beef"
5836,66,"Beef"
5837,66,"Beef"
11219,66,"Beef"
11216,66,"Beef"
11195,66,"Beef"
11422,66,"Beef"
5889,66,"Beef"
5645,66,"Beef"
5838,66,"Beef"
3926,66,"Beef"
5641,66,"Beef"
3787,66,"Beef"
11439,66,"Beef"
11194,66,"Beef"
11189,66,"Beef"
11426,66,"Beef"
11218,66,"Beef"
11428,66,"Beef"
11205,66,"Beef"
11207,66,"Beef"
11429,66,"Beef"
11436,66,"Beef"
11455,66,"Beef"
11217,66,"Beef"
11454,66,"Beef"
3875,66,"Beef"
3944,66,"Beef"
3514,66,"Beef"
3517,66,"Beef"
3520,66,"Beef"
3521,66,"Beef"
3522,66,"Beef"
3883,66,"Beef"
3848,66,"Beef"
3722,66,"Beef"
3847,66,"Beef"
3730,66,"Beef"
3528,66,"Beef"
3532,66,"Beef"
3538,66,"Beef"
3788,66,"Beef"
3513,66,"Beef"
3801,66,"Beef"
3745,66,"Beef"
10860,66,"Beef"
11116,66,"Beef"
11117,66,"Beef"
11378,66,"Beef"
11373,66,"Beef"
11374,66,"Beef"
11372,66,"Beef"
3633,66,"Beef"
3634,66,"Beef"
10848,66,"Beef"
10854,66,"Beef"
11113,66,"Beef"
11367,66,"Beef"
11375,66,"Beef"
3742,66,"Beef"
3792,66,"Beef"
3794,66,"Beef"
3795,66,"Beef"
3804,66,"Beef"
3806,66,"Beef"
3808,66,"Beef"
3816,66,"Beef"
3817,66,"Beef"
3824,66,"Beef"
3829,66,"Beef"
3837,66,"Beef"
3842,66,"Beef"
3843,66,"Beef"
3523,66,"Beef"
3525,66,"Beef"
5847,66,"Beef"
5848,66,"Beef"
5854,66,"Beef"
5738,66,"Beef"
379,66,"Beef"
17701,66,"Beef"
14928,66,"Beef"
1097,66,"Beef"
1098,66,"Beef"
1105,66,"Beef"
14750,66,"Beef"
14927,66,"Beef"
3552,66,"Beef"
3553,66,"Beef"
3554,66,"Beef"
3546,66,"Beef"
3548,66,"Beef"
15020,66,"Beef"
14907,66,"Beef"
14991,66,"Beef"
14995,66,"Beef"
14993,66,"Beef"
14819,66,"Beef"
14998,66,"Beef"
1184,66,"Beef"
14902,66,"Beef"
14807,66,"Beef"
14905,66,"Beef"
17275,66,"Beef"
17276,66,"Beef"
17277,66,"Beef"
17279,66,"Beef"
15879,66,"Beef"
16102,66,"Beef"
17278,66,"Beef"
17281,66,"Beef"
6732,66,"Beef"
6733,66,"Beef"
6735,66,"Beef"
15886,66,"Beef"
17285,66,"Beef"
14748,66,"Beef"
1124,66,"Beef"
14896,66,"Beef"
14897,66,"Beef"
14901,66,"Beef"
14749,66,"Beef"
10894,66,"Beef"
6514,66,"Beef"
17283,66,"Beef"
6730,66,"Beef"
10892,66,"Beef"
6844,66,"Beef"
6743,66,"Beef"
6843,66,"Beef"
30917,66,"Beef"
14331,66,"Beef"
14332,66,"Beef"
31068,66,"Beef"
4924,66,"Beef"
4923,66,"Beef"
4920,66,"Beef"
4874,66,"Beef"
4907,66,"Beef"
18436,66,"Beef"
4919,66,"Beef"
15867,66,"Beef"
15869,66,"Beef"
15866,66,"Beef"
10973,66,"Beef"
16083,66,"Beef"
16074,66,"Beef"
15870,66,"Beef"
16082,66,"Beef"
17274,66,"Beef"
16101,66,"Beef"
15882,66,"Beef"
16075,66,"Beef"
16076,66,"Beef"
16086,66,"Beef"
15873,66,"Beef"
15876,66,"Beef"
16091,66,"Beef"
16098,66,"Beef"
1164,66,"Beef"
1169,66,"Beef"
1170,66,"Beef"
1171,66,"Beef"
1176,66,"Beef"
1177,66,"Beef"
1178,66,"Beef"
1188,66,"Beef"
1194,66,"Beef"
1195,66,"Beef"
1200,66,"Beef"
1201,66,"Beef"
1203,66,"Beef"
1210,66,"Beef"
30348,66,"Beef"
30384,66,"Beef"
30410,66,"Beef"
16479,66,"Beef"
14899,66,"Beef"
14900,66,"Beef"
16464,66,"Beef"
16465,66,"Beef"
16468,66,"Beef"
16469,66,"Beef"
16470,66,"Beef"
16484,66,"Beef"
16334,66,"Beef"
16576,66,"Beef"
16577,66,"Beef"
16582,66,"Beef"
16271,66,"Beef"
16486,66,"Beef"
16269,66,"Beef"
16270,66,"Beef"
16495,66,"Beef"
16453,66,"Beef"
16476,66,"Beef"
16488,66,"Beef"
16487,66,"Beef"
16272,66,"Beef"
1174,66,"Beef"
16338,66,"Beef"
16452,66,"Beef"
16454,66,"Beef"
16455,66,"Beef"
16456,66,"Beef"
16457,66,"Beef"
16459,66,"Beef"
1181,66,"Beef"
16585,66,"Beef"
16586,66,"Beef"
14903,66,"Beef"
14747,66,"Beef"
14910,66,"Beef"
14743,66,"Beef"
14801,66,"Beef"
14802,66,"Beef"
14808,66,"Beef"
14809,66,"Beef"
1165,66,"Beef"
1222,66,"Beef"
1205,66,"Beef"
1213,66,"Beef"
15863,66,"Beef"
16063,66,"Beef"
1218,66,"Beef"
1221,66,"Beef"
15862,66,"Beef"
1397,66,"Beef"
1399,66,"Beef"
1417,66,"Beef"
1362,66,"Beef"
16589,66,"Beef"
16590,66,"Beef"
16349,66,"Beef"
10821,66,"Beef"
16353,66,"Beef"
16355,66,"Beef"
16170,66,"Beef"
16171,66,"Beef"
16219,66,"Beef"
16051,66,"Beef"
16052,66,"Beef"
16112,66,"Beef"
16592,66,"Beef"
16325,66,"Beef"
16460,66,"Beef"
15855,66,"Beef"
16055,66,"Beef"
16596,66,"Beef"
16600,66,"Beef"
15941,66,"Beef"
10972,66,"Beef"
11037,66,"Beef"
10976,66,"Beef"
16053,66,"Beef"
1153,66,"Beef"
1239,66,"Beef"
1242,66,"Beef"
1244,66,"Beef"
10997,66,"Beef"
13403,66,"Beef"
30729,66,"Beef"
23255,66,"Beef"
23256,66,"Beef"
23010,66,"Beef"
13052,66,"Beef"
13053,66,"Beef"
13057,66,"Beef"
13058,66,"Beef"
13059,66,"Beef"
6079,66,"Beef"
31573,66,"Beef"
21540,66,"Beef"
31659,66,"Beef"
21355,66,"Beef"
20345,66,"Beef"
20346,66,"Beef"
30291,66,"Beef"
30310,66,"Beef"
30318,66,"Beef"
21359,66,"Beef"
8137,66,"Beef"
8359,66,"Beef"
8133,66,"Beef"
8357,66,"Beef"
8135,66,"Beef"
7386,66,"Beef"
7388,66,"Beef"
7081,66,"Beef"
6842,66,"Beef"
5543,66,"Beef"
17696,66,"Beef"
1141,66,"Beef"
1142,66,"Beef"
1257,66,"Beef"
1264,66,"Beef"
1265,66,"Beef"
10923,66,"Beef"
10934,66,"Beef"
3996,66,"Beef"
4023,66,"Beef"
4024,66,"Beef"
4025,66,"Beef"
4043,66,"Beef"
4046,66,"Beef"
4047,66,"Beef"
1608,66,"Beef"
1614,66,"Beef"
1588,66,"Beef"
1605,66,"Beef"
1607,66,"Beef"
1612,66,"Beef"
1458,66,"Beef"
1482,66,"Beef"
1496,66,"Beef"
1516,66,"Beef"
1553,66,"Beef"
1554,66,"Beef"
1555,66,"Beef"
1564,66,"Beef"
1569,66,"Beef"
1574,66,"Beef"
1575,66,"Beef"
4538,66,"Beef"
4540,66,"Beef"
4542,66,"Beef"
4520,66,"Beef"
4471,66,"Beef"
4077,66,"Beef"
4079,66,"Beef"
4080,66,"Beef"
4085,66,"Beef"
4087,66,"Beef"
4543,66,"Beef"
4208,66,"Beef"
4518,66,"Beef"
4524,66,"Beef"
4539,66,"Beef"
4461,66,"Beef"
4519,66,"Beef"
4521,66,"Beef"
4522,66,"Beef"
4523,66,"Beef"
4525,66,"Beef"
4535,66,"Beef"
4472,66,"Beef"
1576,66,"Beef"
1586,66,"Beef"
1589,66,"Beef"
1590,66,"Beef"
1600,66,"Beef"
1603,66,"Beef"
1611,66,"Beef"
1613,66,"Beef"
1615,66,"Beef"
4045,66,"Beef"
7736,66,"Beef"
8026,66,"Beef"
7996,66,"Beef"
4475,66,"Beef"
4527,66,"Beef"
4529,66,"Beef"
4530,66,"Beef"
4531,66,"Beef"
4473,66,"Beef"
1649,66,"Beef"
1652,66,"Beef"
1852,66,"Beef"
4528,66,"Beef"
1882,66,"Beef"
9115,66,"Beef"
8900,66,"Beef"
1978,66,"Beef"
1979,66,"Beef"
8899,66,"Beef"
8905,66,"Beef"
8908,66,"Beef"
3448,66,"Beef"
3451,66,"Beef"
1891,66,"Beef"
3447,66,"Beef"
3467,66,"Beef"
1895,66,"Beef"
1902,66,"Beef"
3392,66,"Beef"
3393,66,"Beef"
372,66,"Beef"
3460,66,"Beef"
3461,66,"Beef"
3462,66,"Beef"
3466,66,"Beef"
3494,66,"Beef"
3459,66,"Beef"
3458,66,"Beef"
12923,66,"Beef"
12750,66,"Beef"
12932,66,"Beef"
12933,66,"Beef"
12934,66,"Beef"
12758,66,"Beef"
12763,66,"Beef"
12764,66,"Beef"
12765,66,"Beef"
12766,66,"Beef"
12767,66,"Beef"
12769,66,"Beef"
12770,66,"Beef"
12771,66,"Beef"
12938,66,"Beef"
12943,66,"Beef"
12967,66,"Beef"
3430,66,"Beef"
3433,66,"Beef"
3434,66,"Beef"
3446,66,"Beef"
2163,66,"Beef"
7446,66,"Beef"
12910,66,"Beef"
12912,66,"Beef"
12941,66,"Beef"
12942,66,"Beef"
13004,66,"Beef"
12809,66,"Beef"
12808,66,"Beef"
12772,66,"Beef"
7419,66,"Beef"
12911,66,"Beef"
12962,66,"Beef"
3785,66,"Beef"
3786,66,"Beef"
10874,66,"Beef"
11142,66,"Beef"
7578,66,"Beef"
7477,66,"Beef"
7478,66,"Beef"
7576,66,"Beef"
7575,66,"Beef"
7476,66,"Beef"
7493,66,"Beef"
7495,66,"Beef"
7532,66,"Beef"
7533,66,"Beef"
7577,66,"Beef"
10873,66,"Beef"
12937,66,"Beef"
12956,66,"Beef"
12959,66,"Beef"
12960,66,"Beef"
12961,66,"Beef"
7469,66,"Beef"
7474,66,"Beef"
7582,66,"Beef"
10866,66,"Beef"
11346,66,"Beef"
11351,66,"Beef"
11353,66,"Beef"
11355,66,"Beef"
11349,66,"Beef"
11350,66,"Beef"
7449,66,"Beef"
12909,66,"Beef"
7561,66,"Beef"
7567,66,"Beef"
7568,66,"Beef"
7573,66,"Beef"
7574,66,"Beef"
11123,66,"Beef"
11340,66,"Beef"
581,66,"Beef"
11359,66,"Beef"
7959,66,"Beef"
7963,66,"Beef"
7374,66,"Beef"
7968,66,"Beef"
7381,66,"Beef"
7393,66,"Beef"
7974,66,"Beef"
7983,66,"Beef"
12924,66,"Beef"
12977,66,"Beef"
12979,66,"Beef"
12797,66,"Beef"
7392,66,"Beef"
7958,66,"Beef"
7964,66,"Beef"
7382,66,"Beef"
7421,66,"Beef"
7422,66,"Beef"
12914,66,"Beef"
12915,66,"Beef"
12745,66,"Beef"
12751,66,"Beef"
12756,66,"Beef"
12757,66,"Beef"
7371,66,"Beef"
7372,66,"Beef"
7373,66,"Beef"
7957,66,"Beef"
7960,66,"Beef"
7961,66,"Beef"
7962,66,"Beef"
7982,66,"Beef"
7984,66,"Beef"
7385,66,"Beef"
7389,66,"Beef"
7436,66,"Beef"
8360,66,"Beef"
8140,66,"Beef"
12913,66,"Beef"
12916,66,"Beef"
12917,66,"Beef"
12744,66,"Beef"
12747,66,"Beef"
11421,66,"Beef"
11208,66,"Beef"
7646,66,"Beef"
7655,66,"Beef"
7656,66,"Beef"
7695,66,"Beef"
7697,66,"Beef"
7698,66,"Beef"
7699,66,"Beef"
7700,66,"Beef"
7703,66,"Beef"
7705,66,"Beef"
7706,66,"Beef"
7707,66,"Beef"
7708,66,"Beef"
7709,66,"Beef"
7715,66,"Beef"
7716,66,"Beef"
7719,66,"Beef"
7720,66,"Beef"
7727,66,"Beef"
7733,66,"Beef"
3997,66,"Beef"
3998,66,"Beef"
3999,66,"Beef"
4000,66,"Beef"
4001,66,"Beef"
4005,66,"Beef"
7711,66,"Beef"
7652,66,"Beef"
7653,66,"Beef"
7657,66,"Beef"
7691,66,"Beef"
7692,66,"Beef"
7712,66,"Beef"
7713,66,"Beef"
7714,66,"Beef"
7732,66,"Beef"
7737,66,"Beef"
7738,66,"Beef"
7739,66,"Beef"
1954,66,"Beef"
9102,66,"Beef"
9103,66,"Beef"
9105,66,"Beef"
7686,66,"Beef"
12925,66,"Beef"
12984,66,"Beef"
9131,66,"Beef"
832,66,"Beef"
618,66,"Beef"
1906,66,"Beef"
1924,66,"Beef"
1949,66,"Beef"
1950,66,"Beef"
1951,66,"Beef"
1952,66,"Beef"
1953,66,"Beef"
1955,66,"Beef"
1956,66,"Beef"
1961,66,"Beef"
1965,66,"Beef"
1966,66,"Beef"
7624,66,"Beef"
9098,66,"Beef"
9100,66,"Beef"
9101,66,"Beef"
9222,66,"Beef"
7659,66,"Beef"
7666,66,"Beef"
11008,66,"Beef"
11009,66,"Beef"
11010,66,"Beef"
11018,66,"Beef"
11019,66,"Beef"
11020,66,"Beef"
11021,66,"Beef"
11022,66,"Beef"
11004,66,"Beef"
11014,66,"Beef"
11039,66,"Beef"
10999,66,"Beef"
11023,66,"Beef"
11024,66,"Beef"
11031,66,"Beef"
11036,66,"Beef"
1391,66,"Beef"
1392,66,"Beef"
10832,66,"Beef"
1430,66,"Beef"
11015,66,"Beef"
11016,66,"Beef"
11034,66,"Beef"
11038,66,"Beef"
11040,66,"Beef"
17272,66,"Beef"
1268,66,"Beef"
10945,66,"Beef"
10952,66,"Beef"
10980,66,"Beef"
10981,66,"Beef"
10995,66,"Beef"
11006,66,"Beef"
10982,66,"Beef"
10988,66,"Beef"
10993,66,"Beef"
10998,66,"Beef"
11001,66,"Beef"
10953,66,"Beef"
10994,66,"Beef"
11003,66,"Beef"
10935,66,"Beef"
10955,66,"Beef"
1269,66,"Beef"
1270,66,"Beef"
1271,66,"Beef"
1272,66,"Beef"
1385,66,"Beef"
1275,66,"Beef"
1277,66,"Beef"
1280,66,"Beef"
1281,66,"Beef"
1282,66,"Beef"
1283,66,"Beef"
1284,66,"Beef"
1320,66,"Beef"
1321,66,"Beef"
1322,66,"Beef"
1291,66,"Beef"
1317,66,"Beef"
1318,66,"Beef"
16862,66,"Beef"
11064,66,"Beef"
10963,66,"Beef"
10971,66,"Beef"
10918,66,"Beef"
10920,66,"Beef"
10941,66,"Beef"
10950,66,"Beef"
10956,66,"Beef"
10959,66,"Beef"
10960,66,"Beef"
10961,66,"Beef"
10962,66,"Beef"
10964,66,"Beef"
10965,66,"Beef"
10969,66,"Beef"
10970,66,"Beef"
10974,66,"Beef"
10975,66,"Beef"
10991,66,"Beef"
11017,66,"Beef"
11033,66,"Beef"
1267,66,"Beef"
1285,66,"Beef"
1289,66,"Beef"
1387,66,"Beef"
10943,66,"Beef"
10944,66,"Beef"
7634,66,"Beef"
7635,66,"Beef"
7636,66,"Beef"
7660,66,"Beef"
7637,66,"Beef"
7643,66,"Beef"
7694,66,"Beef"
759,66,"Beef"
760,66,"Beef"
775,66,"Beef"
831,66,"Beef"
8107,66,"Beef"
771,66,"Beef"
828,66,"Beef"
773,66,"Beef"
830,66,"Beef"
7625,66,"Beef"
7626,66,"Beef"
7627,66,"Beef"
7629,66,"Beef"
7630,66,"Beef"
7631,66,"Beef"
7633,66,"Beef"
7639,66,"Beef"
7640,66,"Beef"
7641,66,"Beef"
7661,66,"Beef"
7663,66,"Beef"
7665,66,"Beef"
7667,66,"Beef"
7668,66,"Beef"
7674,66,"Beef"
7677,66,"Beef"
7679,66,"Beef"
7680,66,"Beef"
7682,66,"Beef"
7684,66,"Beef"
7687,66,"Beef"
7689,66,"Beef"
7693,66,"Beef"
17330,66,"Beef"
1155,66,"Beef"
1157,66,"Beef"
1235,66,"Beef"
10838,66,"Beef"
11092,66,"Beef"
11093,66,"Beef"
10846,66,"Beef"
10853,66,"Beef"
10857,66,"Beef"
11097,66,"Beef"
11102,66,"Beef"
11103,66,"Beef"
10865,66,"Beef"
11112,66,"Beef"
10869,66,"Beef"
11122,66,"Beef"
11379,66,"Beef"
11085,66,"Beef"
10840,66,"Beef"
11121,66,"Beef"
4088,66,"Beef"
4164,66,"Beef"
4168,66,"Beef"
4170,66,"Beef"
5655,66,"Beef"
3886,66,"Beef"
4109,66,"Beef"
4110,66,"Beef"
4111,66,"Beef"
4127,66,"Beef"
4128,66,"Beef"
4129,66,"Beef"
4131,66,"Beef"
4133,66,"Beef"
4148,66,"Beef"
4149,66,"Beef"
4150,66,"Beef"
4171,66,"Beef"
6582,66,"Beef"
3864,66,"Beef"
3888,66,"Beef"
3905,66,"Beef"
3909,66,"Beef"
3910,66,"Beef"
3914,66,"Beef"
3915,66,"Beef"
3917,66,"Beef"
3921,66,"Beef"
3923,66,"Beef"
3930,66,"Beef"
3933,66,"Beef"
3935,66,"Beef"
3936,66,"Beef"
3937,66,"Beef"
3938,66,"Beef"
3947,66,"Beef"
3950,66,"Beef"
3951,66,"Beef"
3952,66,"Beef"
3954,66,"Beef"
3960,66,"Beef"
3961,66,"Beef"
3963,66,"Beef"
3964,66,"Beef"
3971,66,"Beef"
3977,66,"Beef"
3978,66,"Beef"
3983,66,"Beef"
3986,66,"Beef"
3987,66,"Beef"
3988,66,"Beef"
3989,66,"Beef"
3992,66,"Beef"
11449,66,"Beef"
5833,66,"Beef"
5840,66,"Beef"
5846,66,"Beef"
5858,66,"Beef"
5866,66,"Beef"
5868,66,"Beef"
5869,66,"Beef"
5870,66,"Beef"
5873,66,"Beef"
5879,66,"Beef"
5881,66,"Beef"
5882,66,"Beef"
5883,66,"Beef"
5656,66,"Beef"
5664,66,"Beef"
5666,66,"Beef"
5667,66,"Beef"
5670,66,"Beef"
5671,66,"Beef"
5672,66,"Beef"
5674,66,"Beef"
5682,66,"Beef"
5890,66,"Beef"
4460,66,"Beef"
5510,66,"Beef"
5511,66,"Beef"
5660,66,"Beef"
5661,66,"Beef"
5677,66,"Beef"
5686,66,"Beef"
5687,66,"Beef"
5688,66,"Beef"
5692,66,"Beef"
5693,66,"Beef"
5695,66,"Beef"
5684,66,"Beef"
5685,66,"Beef"
5691,66,"Beef"
5730,66,"Beef"
5735,66,"Beef"
5681,66,"Beef"
5690,66,"Beef"
5732,66,"Beef"
3571,66,"Beef"
3572,66,"Beef"
3576,66,"Beef"
3577,66,"Beef"
3587,66,"Beef"
3588,66,"Beef"
3524,66,"Beef"
3566,66,"Beef"
12775,66,"Beef"
13044,66,"Beef"
10914,66,"Beef"
10916,66,"Beef"
12776,66,"Beef"
12944,66,"Beef"
12945,66,"Beef"
12946,66,"Beef"
12948,66,"Beef"
12949,66,"Beef"
12951,66,"Beef"
10917,66,"Beef"
10921,66,"Beef"
10922,66,"Beef"
10946,66,"Beef"
10947,66,"Beef"
10949,66,"Beef"
12957,66,"Beef"
13045,66,"Beef"
10924,66,"Beef"
10925,66,"Beef"
10930,66,"Beef"
10931,66,"Beef"
10932,66,"Beef"
10933,66,"Beef"
12801,66,"Beef"
13027,66,"Beef"
10942,66,"Beef"
10940,66,"Beef"
7400,66,"Beef"
7402,66,"Beef"
7407,66,"Beef"
7417,66,"Beef"
7404,66,"Beef"
7396,66,"Beef"
7415,66,"Beef"
7416,66,"Beef"
7442,66,"Beef"
10903,66,"Beef"
7413,66,"Beef"
4107,66,"Beef"
4114,66,"Beef"
4108,66,"Beef"
5519,66,"Beef"
3530,66,"Beef"
5708,66,"Beef"
4019,66,"Beef"
5710,66,"Beef"
5527,66,"Beef"
5718,66,"Beef"
5530,66,"Beef"
5716,66,"Beef"
5719,66,"Beef"
5522,66,"Beef"
5526,66,"Beef"
5717,66,"Beef"
5536,66,"Beef"
378,66,"Beef"
2005,66,"Beef"
404,66,"Beef"
2186,66,"Beef"
2125,66,"Beef"
2033,66,"Beef"
2145,66,"Beef"
2259,66,"Beef"
8067,66,"Beef"
792,66,"Beef"
798,66,"Beef"
793,66,"Beef"
12804,66,"Beef"
12805,66,"Beef"
12803,66,"Beef"
791,66,"Beef"
8070,66,"Beef"
697,66,"Beef"
1014,66,"Beef"
1016,66,"Beef"
991,66,"Beef"
294,66,"Beef"
1029,66,"Beef"
698,66,"Beef"
677,66,"Beef"
12807,66,"Beef"
13013,66,"Beef"
12950,66,"Beef"
12955,66,"Beef"
12810,66,"Beef"
13012,66,"Beef"
13024,66,"Beef"
13025,66,"Beef"
13028,66,"Beef"
13026,66,"Beef"
13042,66,"Beef"
13011,66,"Beef"
13036,66,"Beef"
676,66,"Beef"
13019,66,"Beef"
8078,66,"Beef"
8323,66,"Beef"
8082,66,"Beef"
761,66,"Beef"
786,66,"Beef"
778,66,"Beef"
780,66,"Beef"
781,66,"Beef"
481,66,"Beef"
480,66,"Beef"
512,66,"Beef"
543,66,"Beef"
8324,66,"Beef"
8083,66,"Beef"
463,66,"Beef"
476,66,"Beef"
461,66,"Beef"
484,66,"Beef"
486,66,"Beef"
490,66,"Beef"
522,66,"Beef"
517,66,"Beef"
464,66,"Beef"
462,66,"Beef"
351,66,"Beef"
354,66,"Beef"
355,66,"Beef"
365,66,"Beef"
369,66,"Beef"
554,66,"Beef"
549,66,"Beef"
556,66,"Beef"
572,66,"Beef"
574,66,"Beef"
570,66,"Beef"
538,66,"Beef"
551,66,"Beef"
559,66,"Beef"
566,66,"Beef"
577,66,"Beef"
11356,66,"Beef"
11357,66,"Beef"
11358,66,"Beef"
491,66,"Beef"
498,66,"Beef"
506,66,"Beef"
539,66,"Beef"
492,66,"Beef"
611,66,"Beef"
684,66,"Beef"
682,66,"Beef"
823,66,"Beef"
621,66,"Beef"
1946,66,"Beef"
635,66,"Beef"
871,66,"Beef"
872,66,"Beef"
898,66,"Beef"
900,66,"Beef"
519,66,"Beef"
520,66,"Beef"
612,66,"Beef"
1933,66,"Beef"
901,66,"Beef"
878,66,"Beef"
935,66,"Beef"
990,66,"Beef"
884,66,"Beef"
885,66,"Beef"
931,66,"Beef"
1038,66,"Beef"
672,66,"Beef"
673,66,"Beef"
678,66,"Beef"
680,66,"Beef"
779,66,"Beef"
889,66,"Beef"
629,66,"Beef"
630,66,"Beef"
631,66,"Beef"
918,66,"Beef"
646,66,"Beef"
655,66,"Beef"
656,66,"Beef"
658,66,"Beef"
661,66,"Beef"
662,66,"Beef"
663,66,"Beef"
930,66,"Beef"
670,66,"Beef"
681,66,"Beef"
683,66,"Beef"
3876,66,"Beef"
3879,66,"Beef"
3881,66,"Beef"
3869,66,"Beef"
3870,66,"Beef"
3878,66,"Beef"
4076,66,"Beef"
5650,66,"Beef"
3894,66,"Beef"
3856,66,"Beef"
3857,66,"Beef"
3859,66,"Beef"
3860,66,"Beef"
3862,66,"Beef"
3893,66,"Beef"
3896,66,"Beef"
3898,66,"Beef"
3901,66,"Beef"
3902,66,"Beef"
3907,66,"Beef"
3908,66,"Beef"
4115,66,"Beef"
4122,66,"Beef"
936,66,"Beef"
976,66,"Beef"
883,66,"Beef"
938,66,"Beef"
939,66,"Beef"
952,66,"Beef"
963,66,"Beef"
988,66,"Beef"
4144,66,"Beef"
4145,66,"Beef"
1070,66,"Beef"
985,66,"Beef"
1042,66,"Beef"
951,66,"Beef"
987,66,"Beef"
965,66,"Beef"
1047,66,"Beef"
978,66,"Beef"
980,66,"Beef"
460,66,"Beef"
465,66,"Beef"
466,66,"Beef"
7726,66,"Beef"
4011,66,"Beef"
4013,66,"Beef"
4017,66,"Beef"
4055,66,"Beef"
4063,66,"Beef"
4059,66,"Beef"
4066,66,"Beef"
4094,66,"Beef"
4050,66,"Beef"
4051,66,"Beef"
4052,66,"Beef"
4053,66,"Beef"
4056,66,"Beef"
4057,66,"Beef"
467,66,"Beef"
468,66,"Beef"
4002,66,"Beef"
4003,66,"Beef"
4004,66,"Beef"
4009,66,"Beef"
4016,66,"Beef"
4021,66,"Beef"
4032,66,"Beef"
4033,66,"Beef"
4041,66,"Beef"
4020,66,"Beef"
4061,66,"Beef"
4062,66,"Beef"
4065,66,"Beef"
4067,66,"Beef"
4089,66,"Beef"
4030,66,"Beef"
4027,66,"Beef"
324,66,"Beef"
329,66,"Beef"
330,66,"Beef"
344,66,"Beef"
350,66,"Beef"
1013,66,"Beef"
303,66,"Beef"
280,66,"Beef"
281,66,"Beef"
285,66,"Beef"
295,66,"Beef"
997,66,"Beef"
998,66,"Beef"
992,66,"Beef"
993,66,"Beef"
996,66,"Beef"
999,66,"Beef"
1003,66,"Beef"
1007,66,"Beef"
1008,66,"Beef"
1010,66,"Beef"
1015,66,"Beef"
1017,66,"Beef"
1019,66,"Beef"
1021,66,"Beef"
1035,66,"Beef"
1037,66,"Beef"
1054,66,"Beef"
1056,66,"Beef"
1018,66,"Beef"
1020,66,"Beef"
1022,66,"Beef"
1034,66,"Beef"
1053,66,"Beef"
1055,66,"Beef"
254,66,"Beef"
283,66,"Beef"
296,66,"Beef"
297,66,"Beef"
1087,66,"Beef"
1093,66,"Beef"
273,66,"Beef"
749,66,"Beef"
821,66,"Beef"
748,66,"Beef"
733,66,"Beef"
722,66,"Beef"
731,66,"Beef"
728,66,"Beef"
729,66,"Beef"
734,66,"Beef"
274,66,"Beef"
291,66,"Beef"
277,66,"Beef"
279,66,"Beef"
278,66,"Beef"
755,66,"Beef"
607,66,"Beef"
818,66,"Beef"
8322,66,"Beef"
8319,66,"Beef"
753,66,"Beef"
8052,66,"Beef"
8312,66,"Beef"
735,66,"Beef"
736,66,"Beef"
8314,66,"Beef"
737,66,"Beef"
8315,66,"Beef"
8316,66,"Beef"
743,66,"Beef"
8317,66,"Beef"
8055,66,"Beef"
744,66,"Beef"
469,65,"Beef"
292,65,"Beef"
183,65,"Beef"
13191,65,"Beef"
13192,65,"Beef"
14558,65,"Beef"
14559,65,"Beef"
14561,65,"Beef"
7980,65,"Beef"
8362,65,"Beef"
8363,65,"Beef"
8364,65,"Beef"
8367,65,"Beef"
8185,65,"Beef"
8441,65,"Beef"
8442,65,"Beef"
8443,65,"Beef"
8444,65,"Beef"
8449,65,"Beef"
8431,65,"Beef"
8435,65,"Beef"
8436,65,"Beef"
8205,65,"Beef"
8446,65,"Beef"
8451,65,"Beef"
14304,65,"Beef"
8183,65,"Beef"
8184,65,"Beef"
8440,65,"Beef"
8450,65,"Beef"
8453,65,"Beef"
8454,65,"Beef"
8196,65,"Beef"
8197,65,"Beef"
8198,65,"Beef"
8456,65,"Beef"
27279,65,"Beef"
27281,65,"Beef"
14543,65,"Beef"
14544,65,"Beef"
14545,65,"Beef"
14546,65,"Beef"
14548,65,"Beef"
14549,65,"Beef"
14550,65,"Beef"
14551,65,"Beef"
14552,65,"Beef"
14554,65,"Beef"
14555,65,"Beef"
14556,65,"Beef"
14557,65,"Beef"
14305,65,"Beef"
14308,65,"Beef"
14309,65,"Beef"
14310,65,"Beef"
14311,65,"Beef"
14312,65,"Beef"
8662,65,"Beef"
8663,65,"Beef"
8666,65,"Beef"
8670,65,"Beef"
8549,65,"Beef"
8550,65,"Beef"
8551,65,"Beef"
8552,65,"Beef"
8553,65,"Beef"
8554,65,"Beef"
8555,65,"Beef"
8556,65,"Beef"
8557,65,"Beef"
8558,65,"Beef"
6714,65,"Beef"
6717,65,"Beef"
6720,65,"Beef"
6721,65,"Beef"
6722,65,"Beef"
6723,65,"Beef"
6724,65,"Beef"
6725,65,"Beef"
6726,65,"Beef"
6489,65,"Beef"
9036,65,"Beef"
9037,65,"Beef"
9063,65,"Beef"
9066,65,"Beef"
9069,65,"Beef"
9070,65,"Beef"
9075,65,"Beef"
9076,65,"Beef"
8878,65,"Beef"
19631,65,"Beef"
19632,65,"Beef"
19633,65,"Beef"
19636,65,"Beef"
19638,65,"Beef"
19639,65,"Beef"
19642,65,"Beef"
19643,65,"Beef"
6368,65,"Beef"
13428,65,"Beef"
23134,65,"Beef"
23055,65,"Beef"
27274,65,"Beef"
27276,65,"Beef"
27019,65,"Beef"
14532,65,"Beef"
14535,65,"Beef"
14563,65,"Beef"
14564,65,"Beef"
8815,65,"Beef"
8591,65,"Beef"
27285,65,"Beef"
14515,65,"Beef"
14516,65,"Beef"
14517,65,"Beef"
14518,65,"Beef"
14519,65,"Beef"
14520,65,"Beef"
13415,65,"Beef"
13416,65,"Beef"
8818,65,"Beef"
8851,65,"Beef"
8592,65,"Beef"
8593,65,"Beef"
342,65,"Beef"
14773,65,"Beef"
14775,65,"Beef"
14953,65,"Beef"
14948,65,"Beef"
14950,65,"Beef"
14985,65,"Beef"
14963,65,"Beef"
14964,65,"Beef"
14965,65,"Beef"
14966,65,"Beef"
14967,65,"Beef"
14970,65,"Beef"
14972,65,"Beef"
14784,65,"Beef"
14981,65,"Beef"
14795,65,"Beef"
339,65,"Beef"
322,65,"Beef"
333,65,"Beef"
337,65,"Beef"
8448,65,"Beef"
14779,65,"Beef"
14952,65,"Beef"
14915,65,"Beef"
14934,65,"Beef"
14955,65,"Beef"
14983,65,"Beef"
14984,65,"Beef"
14986,65,"Beef"
14797,65,"Beef"
14798,65,"Beef"
14987,65,"Beef"
6747,65,"Beef"
6840,65,"Beef"
6841,65,"Beef"
6745,65,"Beef"
6516,65,"Beef"
6517,65,"Beef"
7082,65,"Beef"
7083,65,"Beef"
15016,65,"Beef"
14846,65,"Beef"
14785,65,"Beef"
14788,65,"Beef"
7804,65,"Beef"
7805,65,"Beef"
7837,65,"Beef"
7838,65,"Beef"
8209,65,"Beef"
8210,65,"Beef"
8211,65,"Beef"
8213,65,"Beef"
8462,65,"Beef"
8463,65,"Beef"
8466,65,"Beef"
8215,65,"Beef"
8222,65,"Beef"
8496,65,"Beef"
8497,65,"Beef"
8500,65,"Beef"
8617,65,"Beef"
7100,65,"Beef"
7101,65,"Beef"
7103,65,"Beef"
6873,65,"Beef"
6875,65,"Beef"
6890,65,"Beef"
7104,65,"Beef"
7105,65,"Beef"
7123,65,"Beef"
7124,65,"Beef"
7981,65,"Beef"
8142,65,"Beef"
14316,65,"Beef"
14320,65,"Beef"
14319,65,"Beef"
14321,65,"Beef"
14324,65,"Beef"
14314,65,"Beef"
14315,65,"Beef"
8658,65,"Beef"
14670,65,"Beef"
14671,65,"Beef"
7109,65,"Beef"
7110,65,"Beef"
7111,65,"Beef"
7112,65,"Beef"
6727,65,"Beef"
8212,65,"Beef"
8457,65,"Beef"
8458,65,"Beef"
8459,65,"Beef"
8461,65,"Beef"
9031,65,"Beef"
3590,65,"Beef"
3591,65,"Beef"
3593,65,"Beef"
3596,65,"Beef"
3592,65,"Beef"
3589,65,"Beef"
3570,65,"Beef"
3583,65,"Beef"
3594,65,"Beef"
3595,65,"Beef"
3614,65,"Beef"
3618,65,"Beef"
3619,65,"Beef"
3620,65,"Beef"
3622,65,"Beef"
3623,65,"Beef"
8224,65,"Beef"
8225,65,"Beef"
8226,65,"Beef"
8227,65,"Beef"
8468,65,"Beef"
8469,65,"Beef"
8470,65,"Beef"
8471,65,"Beef"
8472,65,"Beef"
8473,65,"Beef"
8474,65,"Beef"
8475,65,"Beef"
8476,65,"Beef"
8478,65,"Beef"
8479,65,"Beef"
8480,65,"Beef"
8481,65,"Beef"
8482,65,"Beef"
8483,65,"Beef"
8484,65,"Beef"
8485,65,"Beef"
8600,65,"Beef"
8606,65,"Beef"
8607,65,"Beef"
8608,65,"Beef"
8609,65,"Beef"
8610,65,"Beef"
8611,65,"Beef"
7795,65,"Beef"
7798,65,"Beef"
7799,65,"Beef"
7800,65,"Beef"
7801,65,"Beef"
7803,65,"Beef"
6339,65,"Beef"
6342,65,"Beef"
6361,65,"Beef"
6364,65,"Beef"
6365,65,"Beef"
6366,65,"Beef"
6367,65,"Beef"
589,65,"Beef"
3624,65,"Beef"
3627,65,"Beef"
3628,65,"Beef"
3630,65,"Beef"
14416,65,"Beef"
14893,65,"Beef"
3611,65,"Beef"
3990,65,"Beef"
5729,65,"Beef"
5820,65,"Beef"
5826,65,"Beef"
5632,65,"Beef"
5836,65,"Beef"
5837,65,"Beef"
11219,65,"Beef"
11216,65,"Beef"
5823,65,"Beef"
11195,65,"Beef"
11452,65,"Beef"
11422,65,"Beef"
11202,65,"Beef"
11188,65,"Beef"
11435,65,"Beef"
11437,65,"Beef"
5889,65,"Beef"
5645,65,"Beef"
5838,65,"Beef"
3926,65,"Beef"
5641,65,"Beef"
3787,65,"Beef"
11439,65,"Beef"
11194,65,"Beef"
11189,65,"Beef"
11200,65,"Beef"
11426,65,"Beef"
11218,65,"Beef"
11428,65,"Beef"
11201,65,"Beef"
11205,65,"Beef"
11207,65,"Beef"
11429,65,"Beef"
11436,65,"Beef"
11455,65,"Beef"
11217,65,"Beef"
11454,65,"Beef"
3875,65,"Beef"
3721,65,"Beef"
3944,65,"Beef"
5849,65,"Beef"
5886,65,"Beef"
3514,65,"Beef"
3515,65,"Beef"
3516,65,"Beef"
3517,65,"Beef"
3518,65,"Beef"
3520,65,"Beef"
3521,65,"Beef"
3522,65,"Beef"
3883,65,"Beef"
3848,65,"Beef"
3722,65,"Beef"
3809,65,"Beef"
3822,65,"Beef"
3823,65,"Beef"
3847,65,"Beef"
3732,65,"Beef"
3730,65,"Beef"
3528,65,"Beef"
3532,65,"Beef"
3535,65,"Beef"
3538,65,"Beef"
3788,65,"Beef"
3502,65,"Beef"
3513,65,"Beef"
3790,65,"Beef"
3791,65,"Beef"
3801,65,"Beef"
3745,65,"Beef"
11077,65,"Beef"
10860,65,"Beef"
11115,65,"Beef"
11116,65,"Beef"
11117,65,"Beef"
11378,65,"Beef"
11373,65,"Beef"
11374,65,"Beef"
11372,65,"Beef"
3633,65,"Beef"
3634,65,"Beef"
3637,65,"Beef"
10848,65,"Beef"
10854,65,"Beef"
11113,65,"Beef"
11367,65,"Beef"
11375,65,"Beef"
3733,65,"Beef"
3739,65,"Beef"
3740,65,"Beef"
3742,65,"Beef"
3743,65,"Beef"
3749,65,"Beef"
3760,65,"Beef"
3763,65,"Beef"
3783,65,"Beef"
3789,65,"Beef"
3792,65,"Beef"
3794,65,"Beef"
3795,65,"Beef"
3799,65,"Beef"
3804,65,"Beef"
3806,65,"Beef"
3808,65,"Beef"
3810,65,"Beef"
3811,65,"Beef"
3815,65,"Beef"
3816,65,"Beef"
3817,65,"Beef"
3818,65,"Beef"
3819,65,"Beef"
3820,65,"Beef"
3824,65,"Beef"
3826,65,"Beef"
3829,65,"Beef"
3831,65,"Beef"
3835,65,"Beef"
3837,65,"Beef"
3838,65,"Beef"
3841,65,"Beef"
3842,65,"Beef"
3843,65,"Beef"
3523,65,"Beef"
3525,65,"Beef"
3526,65,"Beef"
5847,65,"Beef"
5848,65,"Beef"
5852,65,"Beef"
5854,65,"Beef"
5738,65,"Beef"
17400,65,"Beef"
17154,65,"Beef"
17679,65,"Beef"
379,65,"Beef"
17681,65,"Beef"
17701,65,"Beef"
17702,65,"Beef"
17706,65,"Beef"
14928,65,"Beef"
1097,65,"Beef"
1098,65,"Beef"
1105,65,"Beef"
14750,65,"Beef"
14927,65,"Beef"
17705,65,"Beef"
3551,65,"Beef"
3552,65,"Beef"
3553,65,"Beef"
3554,65,"Beef"
3546,65,"Beef"
3548,65,"Beef"
15020,65,"Beef"
14804,65,"Beef"
14805,65,"Beef"
14907,65,"Beef"
14991,65,"Beef"
14816,65,"Beef"
14995,65,"Beef"
14993,65,"Beef"
14819,65,"Beef"
14998,65,"Beef"
14999,65,"Beef"
14828,65,"Beef"
14842,65,"Beef"
1184,65,"Beef"
14826,65,"Beef"
14902,65,"Beef"
14807,65,"Beef"
14905,65,"Beef"
17275,65,"Beef"
17276,65,"Beef"
17277,65,"Beef"
17279,65,"Beef"
15879,65,"Beef"
16102,65,"Beef"
17280,65,"Beef"
17278,65,"Beef"
17281,65,"Beef"
6732,65,"Beef"
6733,65,"Beef"
6735,65,"Beef"
15884,65,"Beef"
15886,65,"Beef"
6736,65,"Beef"
17285,65,"Beef"
14748,65,"Beef"
1124,65,"Beef"
14896,65,"Beef"
14897,65,"Beef"
14901,65,"Beef"
14749,65,"Beef"
10894,65,"Beef"
6514,65,"Beef"
17283,65,"Beef"
6730,65,"Beef"
10892,65,"Beef"
6844,65,"Beef"
6743,65,"Beef"
6742,65,"Beef"
6843,65,"Beef"
6752,65,"Beef"
30917,65,"Beef"
30921,65,"Beef"
30922,65,"Beef"
30683,65,"Beef"
30686,65,"Beef"
14331,65,"Beef"
14332,65,"Beef"
14565,65,"Beef"
30928,65,"Beef"
30911,65,"Beef"
30681,65,"Beef"
31068,65,"Beef"
4924,65,"Beef"
4923,65,"Beef"
4920,65,"Beef"
30676,65,"Beef"
4874,65,"Beef"
4907,65,"Beef"
18436,65,"Beef"
18442,65,"Beef"
30918,65,"Beef"
30940,65,"Beef"
30942,65,"Beef"
17992,65,"Beef"
4918,65,"Beef"
4919,65,"Beef"
4921,65,"Beef"
21520,65,"Beef"
21521,65,"Beef"
21531,65,"Beef"
21532,65,"Beef"
21546,65,"Beef"
15867,65,"Beef"
15869,65,"Beef"
1158,65,"Beef"
15866,65,"Beef"
10973,65,"Beef"
16083,65,"Beef"
16074,65,"Beef"
15870,65,"Beef"
16082,65,"Beef"
17274,65,"Beef"
16084,65,"Beef"
16100,65,"Beef"
16101,65,"Beef"
15882,65,"Beef"
16075,65,"Beef"
16076,65,"Beef"
16085,65,"Beef"
16086,65,"Beef"
15873,65,"Beef"
15876,65,"Beef"
16091,65,"Beef"
16095,65,"Beef"
16097,65,"Beef"
16098,65,"Beef"
1187,65,"Beef"
1164,65,"Beef"
1169,65,"Beef"
1170,65,"Beef"
1171,65,"Beef"
1176,65,"Beef"
1177,65,"Beef"
1178,65,"Beef"
1188,65,"Beef"
1194,65,"Beef"
1195,65,"Beef"
1198,65,"Beef"
1200,65,"Beef"
1201,65,"Beef"
1203,65,"Beef"
1210,65,"Beef"
30348,65,"Beef"
30384,65,"Beef"
30410,65,"Beef"
16477,65,"Beef"
16479,65,"Beef"
16514,65,"Beef"
16342,65,"Beef"
16507,65,"Beef"
14899,65,"Beef"
14900,65,"Beef"
16464,65,"Beef"
16465,65,"Beef"
16466,65,"Beef"
16468,65,"Beef"
16469,65,"Beef"
16470,65,"Beef"
16472,65,"Beef"
16484,65,"Beef"
16334,65,"Beef"
16571,65,"Beef"
16573,65,"Beef"
16576,65,"Beef"
16577,65,"Beef"
16582,65,"Beef"
16584,65,"Beef"
16271,65,"Beef"
16486,65,"Beef"
16269,65,"Beef"
16270,65,"Beef"
16495,65,"Beef"
16451,65,"Beef"
16453,65,"Beef"
16476,65,"Beef"
16488,65,"Beef"
16487,65,"Beef"
16272,65,"Beef"
1173,65,"Beef"
1174,65,"Beef"
16338,65,"Beef"
16452,65,"Beef"
16454,65,"Beef"
16455,65,"Beef"
16456,65,"Beef"
16457,65,"Beef"
16458,65,"Beef"
16459,65,"Beef"
1181,65,"Beef"
16585,65,"Beef"
16586,65,"Beef"
14903,65,"Beef"
14747,65,"Beef"
14910,65,"Beef"
14911,65,"Beef"
14912,65,"Beef"
14743,65,"Beef"
14801,65,"Beef"
14802,65,"Beef"
14808,65,"Beef"
14809,65,"Beef"
14917,65,"Beef"
1165,65,"Beef"
1222,65,"Beef"
1205,65,"Beef"
1206,65,"Beef"
1208,65,"Beef"
1213,65,"Beef"
15863,65,"Beef"
16063,65,"Beef"
1218,65,"Beef"
1219,65,"Beef"
1221,65,"Beef"
15862,65,"Beef"
1397,65,"Beef"
1398,65,"Beef"
1399,65,"Beef"
1417,65,"Beef"
1418,65,"Beef"
1249,65,"Beef"
1251,65,"Beef"
1350,65,"Beef"
1361,65,"Beef"
1362,65,"Beef"
1364,65,"Beef"
16589,65,"Beef"
16590,65,"Beef"
16349,65,"Beef"
11043,65,"Beef"
11045,65,"Beef"
10820,65,"Beef"
10821,65,"Beef"
16353,65,"Beef"
16355,65,"Beef"
16618,65,"Beef"
16619,65,"Beef"
16170,65,"Beef"
16171,65,"Beef"
16209,65,"Beef"
16219,65,"Beef"
16410,65,"Beef"
16448,65,"Beef"
16449,65,"Beef"
16051,65,"Beef"
16052,65,"Beef"
16111,65,"Beef"
16112,65,"Beef"
16202,65,"Beef"
16592,65,"Beef"
16325,65,"Beef"
16499,65,"Beef"
16329,65,"Beef"
16460,65,"Beef"
16322,65,"Beef"
16327,65,"Beef"
15855,65,"Beef"
16055,65,"Beef"
16362,65,"Beef"
16596,65,"Beef"
16599,65,"Beef"
16600,65,"Beef"
16623,65,"Beef"
15941,65,"Beef"
10972,65,"Beef"
10958,65,"Beef"
1243,65,"Beef"
11028,65,"Beef"
11037,65,"Beef"
11025,65,"Beef"
10976,65,"Beef"
16053,65,"Beef"
1344,65,"Beef"
10967,65,"Beef"
1216,65,"Beef"
1153,65,"Beef"
1239,65,"Beef"
1242,65,"Beef"
1244,65,"Beef"
10997,65,"Beef"
13399,65,"Beef"
13403,65,"Beef"
13404,65,"Beef"
23250,65,"Beef"
23251,65,"Beef"
30326,65,"Beef"
30729,65,"Beef"
23255,65,"Beef"
23256,65,"Beef"
23010,65,"Beef"
23046,65,"Beef"
13424,65,"Beef"
13425,65,"Beef"
13052,65,"Beef"
13053,65,"Beef"
13057,65,"Beef"
13058,65,"Beef"
13059,65,"Beef"
13060,65,"Beef"
13061,65,"Beef"
13062,65,"Beef"
13065,65,"Beef"
19640,65,"Beef"
19641,65,"Beef"
6079,65,"Beef"
30781,65,"Beef"
31554,65,"Beef"
31558,65,"Beef"
31573,65,"Beef"
21540,65,"Beef"
31659,65,"Beef"
4952,65,"Beef"
29881,65,"Beef"
4783,65,"Beef"
21355,65,"Beef"
20345,65,"Beef"
20346,65,"Beef"
30291,65,"Beef"
14336,65,"Beef"
30294,65,"Beef"
30303,65,"Beef"
30304,65,"Beef"
30310,65,"Beef"
30313,65,"Beef"
30314,65,"Beef"
30318,65,"Beef"
30324,65,"Beef"
30325,65,"Beef"
30328,65,"Beef"
30336,65,"Beef"
30337,65,"Beef"
21514,65,"Beef"
21358,65,"Beef"
21359,65,"Beef"
8137,65,"Beef"
8359,65,"Beef"
8133,65,"Beef"
8357,65,"Beef"
8135,65,"Beef"
7386,65,"Beef"
7388,65,"Beef"
7081,65,"Beef"
6842,65,"Beef"
5543,65,"Beef"
17696,65,"Beef"
17498,65,"Beef"
17513,65,"Beef"
17717,65,"Beef"
1123,65,"Beef"
1138,65,"Beef"
1141,65,"Beef"
1142,65,"Beef"
1257,65,"Beef"
1264,65,"Beef"
1265,65,"Beef"
10923,65,"Beef"
10934,65,"Beef"
8338,65,"Beef"
3996,65,"Beef"
4023,65,"Beef"
4024,65,"Beef"
4025,65,"Beef"
4043,65,"Beef"
4046,65,"Beef"
4047,65,"Beef"
1608,65,"Beef"
1614,65,"Beef"
1588,65,"Beef"
1604,65,"Beef"
1605,65,"Beef"
1607,65,"Beef"
1612,65,"Beef"
1446,65,"Beef"
1447,65,"Beef"
1458,65,"Beef"
1464,65,"Beef"
1465,65,"Beef"
1466,65,"Beef"
1472,65,"Beef"
1473,65,"Beef"
1474,65,"Beef"
1476,65,"Beef"
1478,65,"Beef"
1481,65,"Beef"
1482,65,"Beef"
1495,65,"Beef"
1496,65,"Beef"
1497,65,"Beef"
1514,65,"Beef"
1516,65,"Beef"
1534,65,"Beef"
1540,65,"Beef"
1545,65,"Beef"
1553,65,"Beef"
1554,65,"Beef"
1555,65,"Beef"
1556,65,"Beef"
1557,65,"Beef"
1558,65,"Beef"
1564,65,"Beef"
1568,65,"Beef"
1569,65,"Beef"
1574,65,"Beef"
1575,65,"Beef"
4538,65,"Beef"
4540,65,"Beef"
4537,65,"Beef"
4542,65,"Beef"
4520,65,"Beef"
4471,65,"Beef"
4077,65,"Beef"
4079,65,"Beef"
4080,65,"Beef"
4085,65,"Beef"
4086,65,"Beef"
4087,65,"Beef"
4543,65,"Beef"
4544,65,"Beef"
4208,65,"Beef"
4518,65,"Beef"
4517,65,"Beef"
4524,65,"Beef"
4539,65,"Beef"
4541,65,"Beef"
4461,65,"Beef"
4519,65,"Beef"
4521,65,"Beef"
4522,65,"Beef"
4523,65,"Beef"
4525,65,"Beef"
4535,65,"Beef"
4472,65,"Beef"
1576,65,"Beef"
1583,65,"Beef"
1584,65,"Beef"
1586,65,"Beef"
1589,65,"Beef"
1590,65,"Beef"
1591,65,"Beef"
1593,65,"Beef"
1600,65,"Beef"
1603,65,"Beef"
1611,65,"Beef"
1613,65,"Beef"
1615,65,"Beef"
4042,65,"Beef"
4045,65,"Beef"
7736,65,"Beef"
8025,65,"Beef"
8026,65,"Beef"
8031,65,"Beef"
7992,65,"Beef"
7996,65,"Beef"
7997,65,"Beef"
4475,65,"Beef"
4476,65,"Beef"
4477,65,"Beef"
4478,65,"Beef"
4479,65,"Beef"
4527,65,"Beef"
4529,65,"Beef"
4530,65,"Beef"
4531,65,"Beef"
4532,65,"Beef"
4465,65,"Beef"
4466,65,"Beef"
4469,65,"Beef"
4473,65,"Beef"
4195,65,"Beef"
1616,65,"Beef"
1581,65,"Beef"
1594,65,"Beef"
1649,65,"Beef"
1652,65,"Beef"
4491,65,"Beef"
4505,65,"Beef"
1852,65,"Beef"
4486,65,"Beef"
4501,65,"Beef"
4510,65,"Beef"
4201,65,"Beef"
4202,65,"Beef"
4205,65,"Beef"
4528,65,"Beef"
1921,65,"Beef"
1929,65,"Beef"
1930,65,"Beef"
1931,65,"Beef"
1882,65,"Beef"
1884,65,"Beef"
9114,65,"Beef"
9115,65,"Beef"
8898,65,"Beef"
8900,65,"Beef"
1976,65,"Beef"
1978,65,"Beef"
1979,65,"Beef"
8899,65,"Beef"
8905,65,"Beef"
8993,65,"Beef"
1457,65,"Beef"
8908,65,"Beef"
3442,65,"Beef"
3448,65,"Beef"
3451,65,"Beef"
3452,65,"Beef"
1891,65,"Beef"
1893,65,"Beef"
3447,65,"Beef"
3467,65,"Beef"
1895,65,"Beef"
1902,65,"Beef"
3375,65,"Beef"
3392,65,"Beef"
3393,65,"Beef"
3394,65,"Beef"
372,65,"Beef"
377,65,"Beef"
2012,65,"Beef"
2021,65,"Beef"
2022,65,"Beef"
2023,65,"Beef"
2024,65,"Beef"
2064,65,"Beef"
3460,65,"Beef"
3461,65,"Beef"
3462,65,"Beef"
3463,65,"Beef"
3466,65,"Beef"
3494,65,"Beef"
3459,65,"Beef"
3458,65,"Beef"
12746,65,"Beef"
12923,65,"Beef"
12750,65,"Beef"
12932,65,"Beef"
12933,65,"Beef"
12934,65,"Beef"
12758,65,"Beef"
12763,65,"Beef"
12764,65,"Beef"
12765,65,"Beef"
12766,65,"Beef"
12767,65,"Beef"
12768,65,"Beef"
12769,65,"Beef"
12770,65,"Beef"
12771,65,"Beef"
12938,65,"Beef"
12943,65,"Beef"
12967,65,"Beef"
3426,65,"Beef"
3430,65,"Beef"
3433,65,"Beef"
3434,65,"Beef"
3437,65,"Beef"
3444,65,"Beef"
3445,65,"Beef"
3446,65,"Beef"
2163,65,"Beef"
7446,65,"Beef"
12910,65,"Beef"
12912,65,"Beef"
12749,65,"Beef"
12920,65,"Beef"
12941,65,"Beef"
12942,65,"Beef"
13004,65,"Beef"
12809,65,"Beef"
12808,65,"Beef"
12772,65,"Beef"
7419,65,"Beef"
12911,65,"Beef"
12962,65,"Beef"
3785,65,"Beef"
3786,65,"Beef"
10874,65,"Beef"
11141,65,"Beef"
11142,65,"Beef"
7578,65,"Beef"
7477,65,"Beef"
7478,65,"Beef"
7576,65,"Beef"
7575,65,"Beef"
7476,65,"Beef"
7479,65,"Beef"
7481,65,"Beef"
7482,65,"Beef"
7493,65,"Beef"
7495,65,"Beef"
7532,65,"Beef"
7533,65,"Beef"
7577,65,"Beef"
7586,65,"Beef"
7611,65,"Beef"
10872,65,"Beef"
10873,65,"Beef"
10875,65,"Beef"
10877,65,"Beef"
11134,65,"Beef"
11135,65,"Beef"
11136,65,"Beef"
12937,65,"Beef"
12956,65,"Beef"
12958,65,"Beef"
12959,65,"Beef"
12960,65,"Beef"
12961,65,"Beef"
7469,65,"Beef"
7470,65,"Beef"
7474,65,"Beef"
7582,65,"Beef"
7492,65,"Beef"
10866,65,"Beef"
10867,65,"Beef"
10868,65,"Beef"
11346,65,"Beef"
11347,65,"Beef"
11348,65,"Beef"
11351,65,"Beef"
11353,65,"Beef"
11355,65,"Beef"
11349,65,"Beef"
11350,65,"Beef"
7453,65,"Beef"
7455,65,"Beef"
7456,65,"Beef"
7457,65,"Beef"
7465,65,"Beef"
7449,65,"Beef"
12909,65,"Beef"
7560,65,"Beef"
7561,65,"Beef"
7567,65,"Beef"
7568,65,"Beef"
7573,65,"Beef"
7574,65,"Beef"
11123,65,"Beef"
11340,65,"Beef"
11344,65,"Beef"
581,65,"Beef"
11359,65,"Beef"
7579,65,"Beef"
7580,65,"Beef"
7959,65,"Beef"
7963,65,"Beef"
7374,65,"Beef"
7968,65,"Beef"
7381,65,"Beef"
7393,65,"Beef"
7973,65,"Beef"
7974,65,"Beef"
7975,65,"Beef"
7983,65,"Beef"
12924,65,"Beef"
12977,65,"Beef"
12979,65,"Beef"
12985,65,"Beef"
12797,65,"Beef"
7392,65,"Beef"
7958,65,"Beef"
7964,65,"Beef"
7972,65,"Beef"
7382,65,"Beef"
7421,65,"Beef"
7422,65,"Beef"
12914,65,"Beef"
12915,65,"Beef"
12745,65,"Beef"
12751,65,"Beef"
12756,65,"Beef"
12757,65,"Beef"
7371,65,"Beef"
7372,65,"Beef"
7373,65,"Beef"
7957,65,"Beef"
7960,65,"Beef"
7961,65,"Beef"
7962,65,"Beef"
7965,65,"Beef"
7966,65,"Beef"
7967,65,"Beef"
7969,65,"Beef"
7982,65,"Beef"
7984,65,"Beef"
7384,65,"Beef"
7385,65,"Beef"
7389,65,"Beef"
7391,65,"Beef"
7436,65,"Beef"
7438,65,"Beef"
8360,65,"Beef"
8140,65,"Beef"
8141,65,"Beef"
12913,65,"Beef"
12916,65,"Beef"
12917,65,"Beef"
12744,65,"Beef"
12747,65,"Beef"
12748,65,"Beef"
12921,65,"Beef"
11421,65,"Beef"
11208,65,"Beef"
11424,65,"Beef"
7646,65,"Beef"
7647,65,"Beef"
7655,65,"Beef"
7656,65,"Beef"
7695,65,"Beef"
7696,65,"Beef"
7697,65,"Beef"
7698,65,"Beef"
7699,65,"Beef"
7700,65,"Beef"
7703,65,"Beef"
7704,65,"Beef"
7705,65,"Beef"
7706,65,"Beef"
7707,65,"Beef"
7708,65,"Beef"
7709,65,"Beef"
7710,65,"Beef"
7715,65,"Beef"
7716,65,"Beef"
7719,65,"Beef"
7720,65,"Beef"
7727,65,"Beef"
7731,65,"Beef"
7733,65,"Beef"
3997,65,"Beef"
3998,65,"Beef"
3999,65,"Beef"
4000,65,"Beef"
4001,65,"Beef"
4005,65,"Beef"
7711,65,"Beef"
7652,65,"Beef"
7653,65,"Beef"
7657,65,"Beef"
7691,65,"Beef"
7692,65,"Beef"
7712,65,"Beef"
7713,65,"Beef"
7714,65,"Beef"
7732,65,"Beef"
7737,65,"Beef"
7738,65,"Beef"
7739,65,"Beef"
7740,65,"Beef"
1617,65,"Beef"
1954,65,"Beef"
9102,65,"Beef"
9103,65,"Beef"
9105,65,"Beef"
9108,65,"Beef"
8902,65,"Beef"
9128,65,"Beef"
7686,65,"Beef"
12752,65,"Beef"
12925,65,"Beef"
12760,65,"Beef"
12761,65,"Beef"
12968,65,"Beef"
12974,65,"Beef"
12984,65,"Beef"
12991,65,"Beef"
12992,65,"Beef"
12993,65,"Beef"
12995,65,"Beef"
12796,65,"Beef"
8245,65,"Beef"
9131,65,"Beef"
832,65,"Beef"
618,65,"Beef"
1906,65,"Beef"
1911,65,"Beef"
1916,65,"Beef"
1919,65,"Beef"
1920,65,"Beef"
1923,65,"Beef"
1924,65,"Beef"
1949,65,"Beef"
1950,65,"Beef"
1951,65,"Beef"
1952,65,"Beef"
1953,65,"Beef"
1955,65,"Beef"
1956,65,"Beef"
1957,65,"Beef"
1958,65,"Beef"
1961,65,"Beef"
1963,65,"Beef"
1965,65,"Beef"
1966,65,"Beef"
1969,65,"Beef"
7624,65,"Beef"
9098,65,"Beef"
9099,65,"Beef"
9100,65,"Beef"
9101,65,"Beef"
9111,65,"Beef"
9222,65,"Beef"
8974,65,"Beef"
7658,65,"Beef"
7659,65,"Beef"
7666,65,"Beef"
11008,65,"Beef"
11009,65,"Beef"
11010,65,"Beef"
11011,65,"Beef"
11018,65,"Beef"
11019,65,"Beef"
11020,65,"Beef"
11021,65,"Beef"
11022,65,"Beef"
11004,65,"Beef"
11014,65,"Beef"
11039,65,"Beef"
10977,65,"Beef"
10999,65,"Beef"
11023,65,"Beef"
11024,65,"Beef"
11031,65,"Beef"
11036,65,"Beef"
1391,65,"Beef"
1392,65,"Beef"
10831,65,"Beef"
10832,65,"Beef"
1430,65,"Beef"
1367,65,"Beef"
1375,65,"Beef"
11015,65,"Beef"
11016,65,"Beef"
11032,65,"Beef"
11034,65,"Beef"
11035,65,"Beef"
11038,65,"Beef"
11040,65,"Beef"
17272,65,"Beef"
1268,65,"Beef"
10945,65,"Beef"
10952,65,"Beef"
10980,65,"Beef"
10981,65,"Beef"
10995,65,"Beef"
11006,65,"Beef"
10982,65,"Beef"
10988,65,"Beef"
10993,65,"Beef"
10998,65,"Beef"
11001,65,"Beef"
10953,65,"Beef"
10994,65,"Beef"
11003,65,"Beef"
10979,65,"Beef"
11007,65,"Beef"
10935,65,"Beef"
10955,65,"Beef"
1269,65,"Beef"
1270,65,"Beef"
1271,65,"Beef"
1272,65,"Beef"
1385,65,"Beef"
1275,65,"Beef"
1277,65,"Beef"
1278,65,"Beef"
1280,65,"Beef"
1281,65,"Beef"
1282,65,"Beef"
1283,65,"Beef"
1284,65,"Beef"
1320,65,"Beef"
1321,65,"Beef"
1322,65,"Beef"
1276,65,"Beef"
1291,65,"Beef"
1292,65,"Beef"
1295,65,"Beef"
1317,65,"Beef"
1318,65,"Beef"
1319,65,"Beef"
16862,65,"Beef"
1396,65,"Beef"
11064,65,"Beef"
10963,65,"Beef"
10971,65,"Beef"
10918,65,"Beef"
10920,65,"Beef"
10936,65,"Beef"
10941,65,"Beef"
10950,65,"Beef"
10951,65,"Beef"
10956,65,"Beef"
10959,65,"Beef"
10960,65,"Beef"
10961,65,"Beef"
10962,65,"Beef"
10964,65,"Beef"
10965,65,"Beef"
10968,65,"Beef"
10969,65,"Beef"
10970,65,"Beef"
10974,65,"Beef"
10975,65,"Beef"
10989,65,"Beef"
10990,65,"Beef"
10991,65,"Beef"
11017,65,"Beef"
11033,65,"Beef"
1267,65,"Beef"
1274,65,"Beef"
1285,65,"Beef"
1286,65,"Beef"
1287,65,"Beef"
1288,65,"Beef"
1289,65,"Beef"
1290,65,"Beef"
1293,65,"Beef"
1294,65,"Beef"
1297,65,"Beef"
1299,65,"Beef"
1323,65,"Beef"
1327,65,"Beef"
1329,65,"Beef"
1330,65,"Beef"
1331,65,"Beef"
1386,65,"Beef"
1387,65,"Beef"
10822,65,"Beef"
10943,65,"Beef"
10944,65,"Beef"
7634,65,"Beef"
7635,65,"Beef"
7636,65,"Beef"
7660,65,"Beef"
7637,65,"Beef"
7643,65,"Beef"
7645,65,"Beef"
7694,65,"Beef"
759,65,"Beef"
760,65,"Beef"
775,65,"Beef"
5728,65,"Beef"
831,65,"Beef"
8107,65,"Beef"
764,65,"Beef"
766,65,"Beef"
770,65,"Beef"
771,65,"Beef"
828,65,"Beef"
773,65,"Beef"
774,65,"Beef"
830,65,"Beef"
7625,65,"Beef"
7626,65,"Beef"
7627,65,"Beef"
7628,65,"Beef"
7629,65,"Beef"
7630,65,"Beef"
7631,65,"Beef"
7633,65,"Beef"
7639,65,"Beef"
7640,65,"Beef"
7641,65,"Beef"
7642,65,"Beef"
7661,65,"Beef"
7663,65,"Beef"
7665,65,"Beef"
7667,65,"Beef"
7668,65,"Beef"
7669,65,"Beef"
7672,65,"Beef"
7673,65,"Beef"
7674,65,"Beef"
7676,65,"Beef"
7677,65,"Beef"
7678,65,"Beef"
7679,65,"Beef"
7680,65,"Beef"
7682,65,"Beef"
7683,65,"Beef"
7684,65,"Beef"
7687,65,"Beef"
7688,65,"Beef"
7689,65,"Beef"
7693,65,"Beef"
17093,65,"Beef"
17258,65,"Beef"
17262,65,"Beef"
17330,65,"Beef"
17352,65,"Beef"
1155,65,"Beef"
1157,65,"Beef"
1235,65,"Beef"
1237,65,"Beef"
16078,65,"Beef"
16079,65,"Beef"
16080,65,"Beef"
16081,65,"Beef"
15871,65,"Beef"
10838,65,"Beef"
11315,65,"Beef"
11092,65,"Beef"
11093,65,"Beef"
10846,65,"Beef"
10849,65,"Beef"
10853,65,"Beef"
10855,65,"Beef"
10856,65,"Beef"
10857,65,"Beef"
11097,65,"Beef"
11102,65,"Beef"
11103,65,"Beef"
10865,65,"Beef"
11112,65,"Beef"
10869,65,"Beef"
11122,65,"Beef"
11379,65,"Beef"
11085,65,"Beef"
10840,65,"Beef"
11120,65,"Beef"
11121,65,"Beef"
4088,65,"Beef"
4164,65,"Beef"
4156,65,"Beef"
4073,65,"Beef"
4161,65,"Beef"
4163,65,"Beef"
4166,65,"Beef"
4168,65,"Beef"
4170,65,"Beef"
5655,65,"Beef"
3886,65,"Beef"
4109,65,"Beef"
4110,65,"Beef"
4111,65,"Beef"
4127,65,"Beef"
4128,65,"Beef"
4129,65,"Beef"
4130,65,"Beef"
4131,65,"Beef"
4133,65,"Beef"
4148,65,"Beef"
4149,65,"Beef"
4150,65,"Beef"
4153,65,"Beef"
4154,65,"Beef"
4171,65,"Beef"
4172,65,"Beef"
4174,65,"Beef"
6575,65,"Beef"
6577,65,"Beef"
6582,65,"Beef"
6589,65,"Beef"
6592,65,"Beef"
3864,65,"Beef"
3888,65,"Beef"
3905,65,"Beef"
3909,65,"Beef"
3910,65,"Beef"
3912,65,"Beef"
3913,65,"Beef"
3914,65,"Beef"
3915,65,"Beef"
3917,65,"Beef"
3921,65,"Beef"
3923,65,"Beef"
3925,65,"Beef"
4190,65,"Beef"
3930,65,"Beef"
3933,65,"Beef"
3935,65,"Beef"
3936,65,"Beef"
3937,65,"Beef"
3938,65,"Beef"
3939,65,"Beef"
3942,65,"Beef"
3947,65,"Beef"
3950,65,"Beef"
3951,65,"Beef"
3952,65,"Beef"
3953,65,"Beef"
3954,65,"Beef"
3960,65,"Beef"
3961,65,"Beef"
3962,65,"Beef"
3963,65,"Beef"
3964,65,"Beef"
3971,65,"Beef"
3972,65,"Beef"
3974,65,"Beef"
3977,65,"Beef"
3978,65,"Beef"
3982,65,"Beef"
3983,65,"Beef"
3986,65,"Beef"
3987,65,"Beef"
3988,65,"Beef"
3989,65,"Beef"
3992,65,"Beef"
3995,65,"Beef"
11449,65,"Beef"
11450,65,"Beef"
5541,65,"Beef"
5827,65,"Beef"
5818,65,"Beef"
5833,65,"Beef"
5840,65,"Beef"
5842,65,"Beef"
5846,65,"Beef"
5858,65,"Beef"
5866,65,"Beef"
5868,65,"Beef"
5869,65,"Beef"
5870,65,"Beef"
5872,65,"Beef"
5873,65,"Beef"
5879,65,"Beef"
5881,65,"Beef"
5882,65,"Beef"
5883,65,"Beef"
5885,65,"Beef"
5656,65,"Beef"
5658,65,"Beef"
5664,65,"Beef"
5666,65,"Beef"
5667,65,"Beef"
5670,65,"Beef"
5671,65,"Beef"
5672,65,"Beef"
5674,65,"Beef"
5682,65,"Beef"
5903,65,"Beef"
5890,65,"Beef"
6570,65,"Beef"
4460,65,"Beef"
4175,65,"Beef"
4454,65,"Beef"
5510,65,"Beef"
5511,65,"Beef"
5653,65,"Beef"
5660,65,"Beef"
5661,65,"Beef"
5662,65,"Beef"
5702,65,"Beef"
5677,65,"Beef"
5675,65,"Beef"
5676,65,"Beef"
5686,65,"Beef"
5687,65,"Beef"
5688,65,"Beef"
5692,65,"Beef"
5693,65,"Beef"
5695,65,"Beef"
5684,65,"Beef"
5685,65,"Beef"
5691,65,"Beef"
5730,65,"Beef"
5735,65,"Beef"
5681,65,"Beef"
5690,65,"Beef"
5732,65,"Beef"
3600,65,"Beef"
3571,65,"Beef"
3572,65,"Beef"
3573,65,"Beef"
3575,65,"Beef"
3576,65,"Beef"
3577,65,"Beef"
3587,65,"Beef"
3588,65,"Beef"
3524,65,"Beef"
3566,65,"Beef"
12775,65,"Beef"
13044,65,"Beef"
10913,65,"Beef"
10914,65,"Beef"
10916,65,"Beef"
12776,65,"Beef"
12944,65,"Beef"
12936,65,"Beef"
12945,65,"Beef"
12946,65,"Beef"
12947,65,"Beef"
12948,65,"Beef"
12949,65,"Beef"
12951,65,"Beef"
10917,65,"Beef"
10919,65,"Beef"
10921,65,"Beef"
10922,65,"Beef"
10946,65,"Beef"
10947,65,"Beef"
10949,65,"Beef"
12957,65,"Beef"
13045,65,"Beef"
10924,65,"Beef"
10925,65,"Beef"
10930,65,"Beef"
10931,65,"Beef"
10932,65,"Beef"
10933,65,"Beef"
11067,65,"Beef"
12801,65,"Beef"
13027,65,"Beef"
13046,65,"Beef"
13047,65,"Beef"
10942,65,"Beef"
10940,65,"Beef"
7400,65,"Beef"
7402,65,"Beef"
7407,65,"Beef"
7417,65,"Beef"
7404,65,"Beef"
7396,65,"Beef"
7403,65,"Beef"
7414,65,"Beef"
7415,65,"Beef"
7418,65,"Beef"
13048,65,"Beef"
7416,65,"Beef"
7442,65,"Beef"
10903,65,"Beef"
7413,65,"Beef"
5518,65,"Beef"
4107,65,"Beef"
4114,65,"Beef"
4108,65,"Beef"
4103,65,"Beef"
5519,65,"Beef"
3530,65,"Beef"
5708,65,"Beef"
4019,65,"Beef"
5710,65,"Beef"
5711,65,"Beef"
5527,65,"Beef"
5718,65,"Beef"
5530,65,"Beef"
5716,65,"Beef"
5719,65,"Beef"
389,65,"Beef"
395,65,"Beef"
396,65,"Beef"
5706,65,"Beef"
5522,65,"Beef"
5526,65,"Beef"
5528,65,"Beef"
5717,65,"Beef"
5531,65,"Beef"
5532,65,"Beef"
5720,65,"Beef"
5536,65,"Beef"
402,65,"Beef"
378,65,"Beef"
1999,65,"Beef"
2038,65,"Beef"
375,65,"Beef"
2042,65,"Beef"
2005,65,"Beef"
404,65,"Beef"
406,65,"Beef"
408,65,"Beef"
417,65,"Beef"
418,65,"Beef"
419,65,"Beef"
420,65,"Beef"
2178,65,"Beef"
2186,65,"Beef"
2190,65,"Beef"
17190,65,"Beef"
2046,65,"Beef"
2125,65,"Beef"
376,65,"Beef"
2033,65,"Beef"
2130,65,"Beef"
2127,65,"Beef"
2145,65,"Beef"
2158,65,"Beef"
2128,65,"Beef"
2138,65,"Beef"
2139,65,"Beef"
2143,65,"Beef"
2259,65,"Beef"
2305,65,"Beef"
2155,65,"Beef"
8067,65,"Beef"
792,65,"Beef"
798,65,"Beef"
793,65,"Beef"
12804,65,"Beef"
12805,65,"Beef"
12803,65,"Beef"
791,65,"Beef"
790,65,"Beef"
8115,65,"Beef"
8070,65,"Beef"
8114,65,"Beef"
697,65,"Beef"
1014,65,"Beef"
1016,65,"Beef"
991,65,"Beef"
294,65,"Beef"
1029,65,"Beef"
1028,65,"Beef"
698,65,"Beef"
677,65,"Beef"
12807,65,"Beef"
13013,65,"Beef"
12950,65,"Beef"
12955,65,"Beef"
12810,65,"Beef"
13012,65,"Beef"
13024,65,"Beef"
13025,65,"Beef"
13028,65,"Beef"
13026,65,"Beef"
13042,65,"Beef"
13043,65,"Beef"
13011,65,"Beef"
13030,65,"Beef"
13036,65,"Beef"
676,65,"Beef"
13019,65,"Beef"
13022,65,"Beef"
8078,65,"Beef"
8079,65,"Beef"
8323,65,"Beef"
8082,65,"Beef"
8097,65,"Beef"
8113,65,"Beef"
761,65,"Beef"
786,65,"Beef"
787,65,"Beef"
778,65,"Beef"
780,65,"Beef"
781,65,"Beef"
481,65,"Beef"
480,65,"Beef"
512,65,"Beef"
515,65,"Beef"
543,65,"Beef"
8324,65,"Beef"
8081,65,"Beef"
8083,65,"Beef"
463,65,"Beef"
476,65,"Beef"
461,65,"Beef"
484,65,"Beef"
486,65,"Beef"
490,65,"Beef"
522,65,"Beef"
517,65,"Beef"
464,65,"Beef"
462,65,"Beef"
351,65,"Beef"
356,65,"Beef"
354,65,"Beef"
355,65,"Beef"
365,65,"Beef"
369,65,"Beef"
370,65,"Beef"
554,65,"Beef"
549,65,"Beef"
556,65,"Beef"
572,65,"Beef"
574,65,"Beef"
570,65,"Beef"
571,65,"Beef"
538,65,"Beef"
551,65,"Beef"
559,65,"Beef"
566,65,"Beef"
577,65,"Beef"
11356,65,"Beef"
11357,65,"Beef"
11358,65,"Beef"
491,65,"Beef"
498,65,"Beef"
506,65,"Beef"
507,65,"Beef"
539,65,"Beef"
492,65,"Beef"
493,65,"Beef"
611,65,"Beef"
684,65,"Beef"
682,65,"Beef"
823,65,"Beef"
619,65,"Beef"
621,65,"Beef"
1946,65,"Beef"
614,65,"Beef"
622,65,"Beef"
635,65,"Beef"
870,65,"Beef"
871,65,"Beef"
872,65,"Beef"
898,65,"Beef"
900,65,"Beef"
1899,65,"Beef"
519,65,"Beef"
520,65,"Beef"
825,65,"Beef"
826,65,"Beef"
612,65,"Beef"
613,65,"Beef"
616,65,"Beef"
1933,65,"Beef"
1934,65,"Beef"
886,65,"Beef"
901,65,"Beef"
894,65,"Beef"
878,65,"Beef"
935,65,"Beef"
990,65,"Beef"
884,65,"Beef"
885,65,"Beef"
931,65,"Beef"
1038,65,"Beef"
672,65,"Beef"
673,65,"Beef"
678,65,"Beef"
680,65,"Beef"
779,65,"Beef"
3871,65,"Beef"
3537,65,"Beef"
889,65,"Beef"
910,65,"Beef"
626,65,"Beef"
629,65,"Beef"
630,65,"Beef"
631,65,"Beef"
634,65,"Beef"
918,65,"Beef"
638,65,"Beef"
924,65,"Beef"
646,65,"Beef"
648,65,"Beef"
655,65,"Beef"
656,65,"Beef"
658,65,"Beef"
661,65,"Beef"
662,65,"Beef"
663,65,"Beef"
664,65,"Beef"
929,65,"Beef"
930,65,"Beef"
670,65,"Beef"
681,65,"Beef"
683,65,"Beef"
3876,65,"Beef"
3879,65,"Beef"
3880,65,"Beef"
3881,65,"Beef"
3869,65,"Beef"
3870,65,"Beef"
3877,65,"Beef"
3878,65,"Beef"
4076,65,"Beef"
5650,65,"Beef"
3884,65,"Beef"
3894,65,"Beef"
3856,65,"Beef"
3857,65,"Beef"
3858,65,"Beef"
3859,65,"Beef"
3860,65,"Beef"
3862,65,"Beef"
3893,65,"Beef"
3896,65,"Beef"
3897,65,"Beef"
3898,65,"Beef"
3901,65,"Beef"
3902,65,"Beef"
3906,65,"Beef"
3907,65,"Beef"
3908,65,"Beef"
5892,65,"Beef"
5897,65,"Beef"
4115,65,"Beef"
4122,65,"Beef"
4138,65,"Beef"
4140,65,"Beef"
4141,65,"Beef"
4142,65,"Beef"
936,65,"Beef"
976,65,"Beef"
977,65,"Beef"
883,65,"Beef"
940,65,"Beef"
938,65,"Beef"
939,65,"Beef"
952,65,"Beef"
953,65,"Beef"
958,65,"Beef"
963,65,"Beef"
988,65,"Beef"
4144,65,"Beef"
4145,65,"Beef"
4147,65,"Beef"
880,65,"Beef"
1070,65,"Beef"
985,65,"Beef"
1040,65,"Beef"
1042,65,"Beef"
1046,65,"Beef"
951,65,"Beef"
987,65,"Beef"
965,65,"Beef"
967,65,"Beef"
970,65,"Beef"
1045,65,"Beef"
1047,65,"Beef"
1049,65,"Beef"
978,65,"Beef"
979,65,"Beef"
980,65,"Beef"
460,65,"Beef"
465,65,"Beef"
466,65,"Beef"
7726,65,"Beef"
4011,65,"Beef"
4013,65,"Beef"
4017,65,"Beef"
4055,65,"Beef"
4063,65,"Beef"
4059,65,"Beef"
4066,65,"Beef"
4096,65,"Beef"
4094,65,"Beef"
4050,65,"Beef"
4051,65,"Beef"
4052,65,"Beef"
4053,65,"Beef"
4056,65,"Beef"
4057,65,"Beef"
467,65,"Beef"
468,65,"Beef"
7721,65,"Beef"
7723,65,"Beef"
7725,65,"Beef"
7728,65,"Beef"
5537,65,"Beef"
4002,65,"Beef"
4003,65,"Beef"
4004,65,"Beef"
4008,65,"Beef"
4009,65,"Beef"
4016,65,"Beef"
4021,65,"Beef"
4029,65,"Beef"
4032,65,"Beef"
4033,65,"Beef"
4039,65,"Beef"
4040,65,"Beef"
4041,65,"Beef"
4012,65,"Beef"
4020,65,"Beef"
4034,65,"Beef"
4061,65,"Beef"
4062,65,"Beef"
4065,65,"Beef"
4067,65,"Beef"
4069,65,"Beef"
4071,65,"Beef"
4089,65,"Beef"
4090,65,"Beef"
4100,65,"Beef"
4030,65,"Beef"
4027,65,"Beef"
324,65,"Beef"
329,65,"Beef"
330,65,"Beef"
344,65,"Beef"
350,65,"Beef"
1012,65,"Beef"
1013,65,"Beef"
303,65,"Beef"
280,65,"Beef"
281,65,"Beef"
282,65,"Beef"
285,65,"Beef"
295,65,"Beef"
304,65,"Beef"
997,65,"Beef"
998,65,"Beef"
992,65,"Beef"
993,65,"Beef"
996,65,"Beef"
999,65,"Beef"
1000,65,"Beef"
1002,65,"Beef"
1003,65,"Beef"
1005,65,"Beef"
1007,65,"Beef"
1008,65,"Beef"
1010,65,"Beef"
1015,65,"Beef"
1017,65,"Beef"
1019,65,"Beef"
1021,65,"Beef"
1033,65,"Beef"
1035,65,"Beef"
1037,65,"Beef"
1054,65,"Beef"
1056,65,"Beef"
1060,65,"Beef"
1018,65,"Beef"
1020,65,"Beef"
1022,65,"Beef"
1034,65,"Beef"
1036,65,"Beef"
1053,65,"Beef"
1055,65,"Beef"
254,65,"Beef"
283,65,"Beef"
284,65,"Beef"
296,65,"Beef"
297,65,"Beef"
1087,65,"Beef"
1093,65,"Beef"
449,65,"Beef"
269,65,"Beef"
273,65,"Beef"
749,65,"Beef"
740,65,"Beef"
821,65,"Beef"
748,65,"Beef"
732,65,"Beef"
733,65,"Beef"
722,65,"Beef"
731,65,"Beef"
728,65,"Beef"
729,65,"Beef"
734,65,"Beef"
274,65,"Beef"
291,65,"Beef"
277,65,"Beef"
279,65,"Beef"
278,65,"Beef"
275,65,"Beef"
253,65,"Beef"
755,65,"Beef"
607,65,"Beef"
818,65,"Beef"
8322,65,"Beef"
8319,65,"Beef"
753,65,"Beef"
720,65,"Beef"
721,65,"Beef"
8052,65,"Beef"
8312,65,"Beef"
726,65,"Beef"
735,65,"Beef"
736,65,"Beef"
8314,65,"Beef"
727,65,"Beef"
737,65,"Beef"
8315,65,"Beef"
8316,65,"Beef"
743,65,"Beef"
8317,65,"Beef"
8055,65,"Beef"
8318,65,"Beef"
744,65,"Beef"
8449,81,"Fruit"
27020,81,"Fruit"
1193,81,"Fruit"
16054,81,"Fruit"
13167,81,"Fruit"
13168,81,"Fruit"
13169,81,"Fruit"
31554,81,"Fruit"
21487,81,"Fruit"
21489,81,"Fruit"
21519,81,"Fruit"
7968,81,"Fruit"
7422,81,"Fruit"
7667,81,"Fruit"
11001,81,"Fruit"
11008,81,"Fruit"
11021,81,"Fruit"
9067,70,"Veges"
9068,70,"Veges"
9069,70,"Veges"
9071,70,"Veges"
9072,70,"Veges"
17707,70,"Veges"
17708,70,"Veges"
14928,70,"Veges"
14995,70,"Veges"
1182,70,"Veges"
1184,70,"Veges"
14996,70,"Veges"
15002,70,"Veges"
14826,70,"Veges"
15009,70,"Veges"
14903,70,"Veges"
14817,70,"Veges"
14818,70,"Veges"
14902,70,"Veges"
14992,70,"Veges"
14810,70,"Veges"
14811,70,"Veges"
1190,70,"Veges"
1189,70,"Veges"
1191,70,"Veges"
1185,70,"Veges"
1192,70,"Veges"
1193,70,"Veges"
16501,70,"Veges"
16503,70,"Veges"
16504,70,"Veges"
16505,70,"Veges"
16506,70,"Veges"
16507,70,"Veges"
16508,70,"Veges"
16513,70,"Veges"
16585,70,"Veges"
16586,70,"Veges"
16509,70,"Veges"
16510,70,"Veges"
16342,70,"Veges"
16343,70,"Veges"
1201,70,"Veges"
16271,70,"Veges"
16272,70,"Veges"
16273,70,"Veges"
16274,70,"Veges"
16275,70,"Veges"
16276,70,"Veges"
16277,70,"Veges"
16278,70,"Veges"
16279,70,"Veges"
16280,70,"Veges"
16281,70,"Veges"
16282,70,"Veges"
16490,70,"Veges"
16491,70,"Veges"
16495,70,"Veges"
16496,70,"Veges"
16500,70,"Veges"
16512,70,"Veges"
1169,70,"Veges"
1177,70,"Veges"
1178,70,"Veges"
1179,70,"Veges"
1202,70,"Veges"
16452,70,"Veges"
16455,70,"Veges"
16486,70,"Veges"
16487,70,"Veges"
16488,70,"Veges"
16457,70,"Veges"
16458,70,"Veges"
14914,70,"Veges"
14801,70,"Veges"
14803,70,"Veges"
1165,70,"Veges"
1166,70,"Veges"
1167,70,"Veges"
1168,70,"Veges"
1208,70,"Veges"
1196,70,"Veges"
1197,70,"Veges"
1198,70,"Veges"
1207,70,"Veges"
1209,70,"Veges"
1210,70,"Veges"
1212,70,"Veges"
1213,70,"Veges"
16494,70,"Veges"
16497,70,"Veges"
16498,70,"Veges"
16499,70,"Veges"
16330,70,"Veges"
16063,70,"Veges"
16064,70,"Veges"
11025,70,"Veges"
11028,70,"Veges"
11037,70,"Veges"
15862,70,"Veges"
15863,70,"Veges"
1214,70,"Veges"
1215,70,"Veges"
1216,70,"Veges"
1218,70,"Veges"
1226,70,"Veges"
1220,70,"Veges"
1158,70,"Veges"
1222,70,"Veges"
1223,70,"Veges"
1225,70,"Veges"
1239,70,"Veges"
1240,70,"Veges"
1241,70,"Veges"
1242,70,"Veges"
11064,70,"Veges"
16053,70,"Veges"
16060,70,"Veges"
1229,70,"Veges"
1230,70,"Veges"
1227,70,"Veges"
1228,70,"Veges"
15852,70,"Veges"
16062,70,"Veges"
15861,70,"Veges"
15853,70,"Veges"
15854,70,"Veges"
15856,70,"Veges"
15857,70,"Veges"
15858,70,"Veges"
15859,70,"Veges"
15860,70,"Veges"
16055,70,"Veges"
16056,70,"Veges"
16057,70,"Veges"
16058,70,"Veges"
16059,70,"Veges"
16061,70,"Veges"
16450,70,"Veges"
16451,70,"Veges"
16454,70,"Veges"
16459,70,"Veges"
16460,70,"Veges"
16464,70,"Veges"
16489,70,"Veges"
16265,70,"Veges"
16266,70,"Veges"
16267,70,"Veges"
16268,70,"Veges"
16269,70,"Veges"
16270,70,"Veges"
16492,70,"Veges"
16493,70,"Veges"
16321,70,"Veges"
16322,70,"Veges"
16328,70,"Veges"
16623,70,"Veges"
16453,70,"Veges"
1153,70,"Veges"
1157,70,"Veges"
1235,70,"Veges"
11026,70,"Veges"
11027,70,"Veges"
11029,70,"Veges"
1217,70,"Veges"
1236,70,"Veges"
1237,70,"Veges"
1238,70,"Veges"
12768,70,"Veges"
12941,70,"Veges"
12943,70,"Veges"
13004,70,"Veges"
12772,70,"Veges"
12924,70,"Veges"
12976,70,"Veges"
12979,70,"Veges"
10977,70,"Veges"
11011,70,"Veges"
11013,70,"Veges"
11042,70,"Veges"
15850,70,"Veges"
12948,70,"Veges"
15655,67,"Veges"
22108,67,"Veges"
22110,67,"Veges"
21856,67,"Veges"
21861,67,"Veges"
15653,67,"Veges"
21857,67,"Veges"
21858,67,"Veges"
21859,67,"Veges"
22302,67,"Veges"
22314,67,"Veges"
22334,67,"Veges"
22310,67,"Veges"
22317,67,"Veges"
22126,67,"Veges"
22359,67,"Veges"
22360,67,"Veges"
22363,67,"Veges"
22368,67,"Veges"
22369,67,"Veges"
28635,67,"Veges"
28833,67,"Veges"
22125,67,"Veges"
22319,67,"Veges"
22321,67,"Veges"
22322,67,"Veges"
22323,67,"Veges"
22326,67,"Veges"
22327,67,"Veges"
22365,67,"Veges"
22366,67,"Veges"
22367,67,"Veges"
22349,67,"Veges"
22350,67,"Veges"
22351,67,"Veges"
22376,67,"Veges"
22377,67,"Veges"
22379,67,"Veges"
28606,67,"Veges"
28861,67,"Veges"
28863,67,"Veges"
28864,67,"Veges"
28640,67,"Veges"
28641,67,"Veges"
28669,67,"Veges"
28671,67,"Veges"
28673,67,"Veges"
27664,67,"Veges"
27667,67,"Veges"
27677,67,"Veges"
27679,67,"Veges"
27680,67,"Veges"
27446,67,"Veges"
22372,67,"Veges"
22375,67,"Veges"
22373,67,"Veges"
22378,67,"Veges"
28819,67,"Veges"
28866,67,"Veges"
28820,67,"Veges"
28821,67,"Veges"
28822,67,"Veges"
28637,67,"Veges"
28832,67,"Veges"
28837,67,"Veges"
28611,67,"Veges"
28612,67,"Veges"
28616,67,"Veges"
28613,67,"Veges"
28614,67,"Veges"
28615,67,"Veges"
28634,67,"Veges"
27683,67,"Veges"
27684,67,"Veges"
27688,67,"Veges"
27484,67,"Veges"
27485,67,"Veges"
27488,67,"Veges"
27489,67,"Veges"
27687,67,"Veges"
27689,67,"Veges"
27698,67,"Veges"
27743,67,"Veges"
27477,67,"Veges"
27478,67,"Veges"
27508,67,"Veges"
27509,67,"Veges"
27511,67,"Veges"
27513,67,"Veges"
27515,67,"Veges"
27529,67,"Veges"
27530,67,"Veges"
27531,67,"Veges"
27740,67,"Veges"
27755,67,"Veges"
27757,67,"Veges"
27759,67,"Veges"
27760,67,"Veges"
27546,67,"Veges"
27547,67,"Veges"
13844,67,"Veges"
13845,67,"Veges"
13846,67,"Veges"
13847,67,"Veges"
13848,67,"Veges"
13849,67,"Veges"
13850,67,"Veges"
13852,67,"Veges"
13599,67,"Veges"
27774,67,"Veges"
27775,67,"Veges"
27776,67,"Veges"
24835,67,"Veges"
27770,67,"Veges"
27773,67,"Veges"
27731,67,"Veges"
27549,67,"Veges"
21254,67,"Veges"
27750,67,"Veges"
27767,67,"Veges"
27768,67,"Veges"
21649,67,"Veges"
21431,67,"Veges"
21404,67,"Veges"
15655,76,"Veges"
22108,76,"Veges"
22110,76,"Veges"
21856,76,"Veges"
21861,76,"Veges"
15653,76,"Veges"
21857,76,"Veges"
21858,76,"Veges"
21859,76,"Veges"
22302,76,"Veges"
22314,76,"Veges"
22334,76,"Veges"
22310,76,"Veges"
22317,76,"Veges"
22126,76,"Veges"
22359,76,"Veges"
22360,76,"Veges"
22363,76,"Veges"
22368,76,"Veges"
22369,76,"Veges"
28621,76,"Veges"
28622,76,"Veges"
28629,76,"Veges"
28630,76,"Veges"
28633,76,"Veges"
28636,76,"Veges"
28635,76,"Veges"
28839,76,"Veges"
28855,76,"Veges"
28628,76,"Veges"
28631,76,"Veges"
28842,76,"Veges"
28843,76,"Veges"
28844,76,"Veges"
28833,76,"Veges"
28856,76,"Veges"
28857,76,"Veges"
28859,76,"Veges"
22125,76,"Veges"
22319,76,"Veges"
22321,76,"Veges"
22322,76,"Veges"
22323,76,"Veges"
22326,76,"Veges"
22327,76,"Veges"
22365,76,"Veges"
22366,76,"Veges"
22367,76,"Veges"
22342,76,"Veges"
22349,76,"Veges"
22350,76,"Veges"
22351,76,"Veges"
28681,76,"Veges"
28688,76,"Veges"
22376,76,"Veges"
22377,76,"Veges"
22379,76,"Veges"
28606,76,"Veges"
28861,76,"Veges"
28863,76,"Veges"
28864,76,"Veges"
28640,76,"Veges"
28641,76,"Veges"
28897,76,"Veges"
28898,76,"Veges"
28899,76,"Veges"
28900,76,"Veges"
28667,76,"Veges"
28668,76,"Veges"
28669,76,"Veges"
28670,76,"Veges"
28671,76,"Veges"
28673,76,"Veges"
28677,76,"Veges"
28678,76,"Veges"
27664,76,"Veges"
27667,76,"Veges"
27677,76,"Veges"
27679,76,"Veges"
27680,76,"Veges"
27446,76,"Veges"
22372,76,"Veges"
22375,76,"Veges"
22373,76,"Veges"
22378,76,"Veges"
28819,76,"Veges"
28866,76,"Veges"
28820,76,"Veges"
28821,76,"Veges"
28822,76,"Veges"
28637,76,"Veges"
28832,76,"Veges"
28837,76,"Veges"
28611,76,"Veges"
28612,76,"Veges"
28616,76,"Veges"
28613,76,"Veges"
28614,76,"Veges"
28615,76,"Veges"
28634,76,"Veges"
27683,76,"Veges"
27684,76,"Veges"
27688,76,"Veges"
27484,76,"Veges"
27485,76,"Veges"
27488,76,"Veges"
27489,76,"Veges"
27687,76,"Veges"
27689,76,"Veges"
27698,76,"Veges"
28858,76,"Veges"
28889,76,"Veges"
28904,76,"Veges"
28905,76,"Veges"
28680,76,"Veges"
28690,76,"Veges"
28849,76,"Veges"
28850,76,"Veges"
28853,76,"Veges"
28854,76,"Veges"
28682,76,"Veges"
28683,76,"Veges"
28686,76,"Veges"
28691,76,"Veges"
28692,76,"Veges"
27743,76,"Veges"
27477,76,"Veges"
27478,76,"Veges"
27508,76,"Veges"
27509,76,"Veges"
27511,76,"Veges"
27513,76,"Veges"
27515,76,"Veges"
27529,76,"Veges"
27530,76,"Veges"
27531,76,"Veges"
27740,76,"Veges"
27755,76,"Veges"
27757,76,"Veges"
27759,76,"Veges"
27760,76,"Veges"
27546,76,"Veges"
27547,76,"Veges"
13844,76,"Veges"
13845,76,"Veges"
13846,76,"Veges"
13847,76,"Veges"
13848,76,"Veges"
13849,76,"Veges"
13850,76,"Veges"
13852,76,"Veges"
13599,76,"Veges"
27774,76,"Veges"
27775,76,"Veges"
27776,76,"Veges"
24835,76,"Veges"
28646,76,"Veges"
28648,76,"Veges"
28649,76,"Veges"
28650,76,"Veges"
28654,76,"Veges"
28656,76,"Veges"
28658,76,"Veges"
28659,76,"Veges"
28867,76,"Veges"
28868,76,"Veges"
28869,76,"Veges"
27770,76,"Veges"
27773,76,"Veges"
27539,76,"Veges"
27540,76,"Veges"
27541,76,"Veges"
27542,76,"Veges"
27786,76,"Veges"
27787,76,"Veges"
27788,76,"Veges"
27731,76,"Veges"
27549,76,"Veges"
28643,76,"Veges"
28645,76,"Veges"
28907,76,"Veges"
28651,76,"Veges"
28652,76,"Veges"
28653,76,"Veges"
27790,76,"Veges"
27791,76,"Veges"
27792,76,"Veges"
28689,76,"Veges"
21254,76,"Veges"
27750,76,"Veges"
27767,76,"Veges"
27768,76,"Veges"
21649,76,"Veges"
21431,76,"Veges"
21404,76,"Veges"
27879,76,"Veges"
22108,68,"Veges"
22110,68,"Veges"
21856,68,"Veges"
21861,68,"Veges"
15653,68,"Veges"
21857,68,"Veges"
21858,68,"Veges"
21859,68,"Veges"
22302,68,"Veges"
22314,68,"Veges"
22334,68,"Veges"
22310,68,"Veges"
22317,68,"Veges"
22126,68,"Veges"
22359,68,"Veges"
22360,68,"Veges"
22363,68,"Veges"
22368,68,"Veges"
22369,68,"Veges"
28621,68,"Veges"
28622,68,"Veges"
28629,68,"Veges"
28633,68,"Veges"
28636,68,"Veges"
28839,68,"Veges"
28855,68,"Veges"
28628,68,"Veges"
28631,68,"Veges"
28842,68,"Veges"
28843,68,"Veges"
28844,68,"Veges"
28856,68,"Veges"
28857,68,"Veges"
28859,68,"Veges"
22125,68,"Veges"
22319,68,"Veges"
22321,68,"Veges"
22322,68,"Veges"
22323,68,"Veges"
22326,68,"Veges"
22365,68,"Veges"
22366,68,"Veges"
22342,68,"Veges"
22349,68,"Veges"
22350,68,"Veges"
22351,68,"Veges"
28681,68,"Veges"
28688,68,"Veges"
22376,68,"Veges"
22377,68,"Veges"
22379,68,"Veges"
28606,68,"Veges"
28861,68,"Veges"
28863,68,"Veges"
28864,68,"Veges"
28640,68,"Veges"
28641,68,"Veges"
28897,68,"Veges"
28898,68,"Veges"
28899,68,"Veges"
28900,68,"Veges"
28667,68,"Veges"
28668,68,"Veges"
28669,68,"Veges"
28670,68,"Veges"
28671,68,"Veges"
28677,68,"Veges"
28678,68,"Veges"
27664,68,"Veges"
27667,68,"Veges"
27677,68,"Veges"
27679,68,"Veges"
27680,68,"Veges"
22372,68,"Veges"
22375,68,"Veges"
22378,68,"Veges"
28819,68,"Veges"
28866,68,"Veges"
28820,68,"Veges"
28821,68,"Veges"
28637,68,"Veges"
28832,68,"Veges"
28612,68,"Veges"
28616,68,"Veges"
28613,68,"Veges"
28614,68,"Veges"
28615,68,"Veges"
28634,68,"Veges"
27683,68,"Veges"
27684,68,"Veges"
27688,68,"Veges"
27484,68,"Veges"
27485,68,"Veges"
27488,68,"Veges"
27489,68,"Veges"
27689,68,"Veges"
27698,68,"Veges"
28858,68,"Veges"
28889,68,"Veges"
28904,68,"Veges"
28905,68,"Veges"
28680,68,"Veges"
28690,68,"Veges"
28849,68,"Veges"
28850,68,"Veges"
28853,68,"Veges"
28854,68,"Veges"
28682,68,"Veges"
28683,68,"Veges"
28686,68,"Veges"
28691,68,"Veges"
28692,68,"Veges"
27743,68,"Veges"
27477,68,"Veges"
27478,68,"Veges"
27509,68,"Veges"
27511,68,"Veges"
27513,68,"Veges"
27515,68,"Veges"
27530,68,"Veges"
27531,68,"Veges"
27740,68,"Veges"
27757,68,"Veges"
27759,68,"Veges"
27760,68,"Veges"
27546,68,"Veges"
27547,68,"Veges"
13844,68,"Veges"
13845,68,"Veges"
13846,68,"Veges"
13847,68,"Veges"
13848,68,"Veges"
13849,68,"Veges"
13850,68,"Veges"
13852,68,"Veges"
13599,68,"Veges"
27774,68,"Veges"
27775,68,"Veges"
27776,68,"Veges"
24835,68,"Veges"
28646,68,"Veges"
28648,68,"Veges"
28649,68,"Veges"
28650,68,"Veges"
28654,68,"Veges"
28656,68,"Veges"
28658,68,"Veges"
28659,68,"Veges"
28867,68,"Veges"
28868,68,"Veges"
28869,68,"Veges"
27770,68,"Veges"
27773,68,"Veges"
27539,68,"Veges"
27540,68,"Veges"
27541,68,"Veges"
27542,68,"Veges"
27786,68,"Veges"
27787,68,"Veges"
27788,68,"Veges"
27549,68,"Veges"
28643,68,"Veges"
28645,68,"Veges"
28653,68,"Veges"
27790,68,"Veges"
27791,68,"Veges"
27792,68,"Veges"
28689,68,"Veges"
21254,68,"Veges"
27750,68,"Veges"
27767,68,"Veges"
27768,68,"Veges"
21649,68,"Veges"
8300,82,"Sheepmeat"
468,82,"Sheepmeat"
469,82,"Sheepmeat"
292,82,"Sheepmeat"
183,82,"Sheepmeat"
212,82,"Sheepmeat"
176,82,"Sheepmeat"
172,82,"Sheepmeat"
225,82,"Sheepmeat"
13191,82,"Sheepmeat"
13192,82,"Sheepmeat"
7956,82,"Sheepmeat"
7364,82,"Sheepmeat"
7367,82,"Sheepmeat"
7368,82,"Sheepmeat"
7369,82,"Sheepmeat"
7370,82,"Sheepmeat"
7959,82,"Sheepmeat"
7964,82,"Sheepmeat"
7972,82,"Sheepmeat"
7980,82,"Sheepmeat"
7981,82,"Sheepmeat"
7382,82,"Sheepmeat"
14558,82,"Sheepmeat"
8133,82,"Sheepmeat"
8134,82,"Sheepmeat"
8137,82,"Sheepmeat"
8367,82,"Sheepmeat"
8444,82,"Sheepmeat"
8364,82,"Sheepmeat"
8185,82,"Sheepmeat"
8441,82,"Sheepmeat"
8442,82,"Sheepmeat"
8443,82,"Sheepmeat"
8449,82,"Sheepmeat"
8431,82,"Sheepmeat"
8435,82,"Sheepmeat"
8436,82,"Sheepmeat"
8205,82,"Sheepmeat"
8188,82,"Sheepmeat"
7975,82,"Sheepmeat"
7977,82,"Sheepmeat"
7978,82,"Sheepmeat"
7983,82,"Sheepmeat"
7453,82,"Sheepmeat"
7455,82,"Sheepmeat"
7457,82,"Sheepmeat"
7459,82,"Sheepmeat"
7465,82,"Sheepmeat"
8141,82,"Sheepmeat"
8142,82,"Sheepmeat"
8187,82,"Sheepmeat"
8439,82,"Sheepmeat"
8189,82,"Sheepmeat"
8190,82,"Sheepmeat"
8446,82,"Sheepmeat"
8192,82,"Sheepmeat"
8448,82,"Sheepmeat"
8196,82,"Sheepmeat"
14316,82,"Sheepmeat"
14320,82,"Sheepmeat"
8451,82,"Sheepmeat"
7086,82,"Sheepmeat"
8380,82,"Sheepmeat"
8145,82,"Sheepmeat"
14304,82,"Sheepmeat"
8183,82,"Sheepmeat"
8184,82,"Sheepmeat"
8440,82,"Sheepmeat"
8450,82,"Sheepmeat"
8454,82,"Sheepmeat"
8198,82,"Sheepmeat"
8456,82,"Sheepmeat"
27020,82,"Sheepmeat"
27279,82,"Sheepmeat"
13419,82,"Sheepmeat"
14545,82,"Sheepmeat"
14546,82,"Sheepmeat"
14548,82,"Sheepmeat"
8180,82,"Sheepmeat"
8437,82,"Sheepmeat"
8438,82,"Sheepmeat"
8182,82,"Sheepmeat"
8202,82,"Sheepmeat"
8204,82,"Sheepmeat"
8206,82,"Sheepmeat"
8207,82,"Sheepmeat"
8208,82,"Sheepmeat"
8209,82,"Sheepmeat"
8211,82,"Sheepmeat"
8618,82,"Sheepmeat"
8661,82,"Sheepmeat"
8662,82,"Sheepmeat"
8663,82,"Sheepmeat"
8666,82,"Sheepmeat"
14549,82,"Sheepmeat"
14550,82,"Sheepmeat"
14551,82,"Sheepmeat"
14552,82,"Sheepmeat"
14554,82,"Sheepmeat"
14555,82,"Sheepmeat"
14557,82,"Sheepmeat"
14311,82,"Sheepmeat"
14312,82,"Sheepmeat"
6368,82,"Sheepmeat"
8556,82,"Sheepmeat"
8557,82,"Sheepmeat"
8558,82,"Sheepmeat"
6483,82,"Sheepmeat"
6713,82,"Sheepmeat"
6721,82,"Sheepmeat"
6722,82,"Sheepmeat"
6723,82,"Sheepmeat"
6725,82,"Sheepmeat"
6726,82,"Sheepmeat"
9036,82,"Sheepmeat"
9047,82,"Sheepmeat"
9048,82,"Sheepmeat"
9065,82,"Sheepmeat"
9066,82,"Sheepmeat"
9069,82,"Sheepmeat"
9076,82,"Sheepmeat"
19631,82,"Sheepmeat"
19632,82,"Sheepmeat"
19633,82,"Sheepmeat"
19638,82,"Sheepmeat"
19639,82,"Sheepmeat"
19642,82,"Sheepmeat"
6712,82,"Sheepmeat"
6324,82,"Sheepmeat"
6339,82,"Sheepmeat"
6342,82,"Sheepmeat"
6343,82,"Sheepmeat"
6361,82,"Sheepmeat"
27272,82,"Sheepmeat"
27273,82,"Sheepmeat"
27276,82,"Sheepmeat"
6362,82,"Sheepmeat"
27019,82,"Sheepmeat"
14564,82,"Sheepmeat"
6382,82,"Sheepmeat"
6383,82,"Sheepmeat"
6364,82,"Sheepmeat"
6366,82,"Sheepmeat"
6367,82,"Sheepmeat"
6376,82,"Sheepmeat"
13416,82,"Sheepmeat"
9056,82,"Sheepmeat"
14934,82,"Sheepmeat"
14753,82,"Sheepmeat"
14779,82,"Sheepmeat"
14780,82,"Sheepmeat"
14948,82,"Sheepmeat"
14755,82,"Sheepmeat"
14761,82,"Sheepmeat"
14762,82,"Sheepmeat"
14938,82,"Sheepmeat"
14757,82,"Sheepmeat"
17685,82,"Sheepmeat"
17686,82,"Sheepmeat"
17687,82,"Sheepmeat"
17688,82,"Sheepmeat"
379,82,"Sheepmeat"
14768,82,"Sheepmeat"
14769,82,"Sheepmeat"
14944,82,"Sheepmeat"
14946,82,"Sheepmeat"
14773,82,"Sheepmeat"
342,82,"Sheepmeat"
14947,82,"Sheepmeat"
14775,82,"Sheepmeat"
14952,82,"Sheepmeat"
14953,82,"Sheepmeat"
14985,82,"Sheepmeat"
14963,82,"Sheepmeat"
14983,82,"Sheepmeat"
14984,82,"Sheepmeat"
14986,82,"Sheepmeat"
14797,82,"Sheepmeat"
14798,82,"Sheepmeat"
14987,82,"Sheepmeat"
14964,82,"Sheepmeat"
14970,82,"Sheepmeat"
14972,82,"Sheepmeat"
14784,82,"Sheepmeat"
14795,82,"Sheepmeat"
340,82,"Sheepmeat"
322,82,"Sheepmeat"
333,82,"Sheepmeat"
6747,82,"Sheepmeat"
6840,82,"Sheepmeat"
6745,82,"Sheepmeat"
6516,82,"Sheepmeat"
6517,82,"Sheepmeat"
7082,82,"Sheepmeat"
7084,82,"Sheepmeat"
6752,82,"Sheepmeat"
6843,82,"Sheepmeat"
7048,82,"Sheepmeat"
6844,82,"Sheepmeat"
7083,82,"Sheepmeat"
15016,82,"Sheepmeat"
14843,82,"Sheepmeat"
15015,82,"Sheepmeat"
14846,82,"Sheepmeat"
14850,82,"Sheepmeat"
14785,82,"Sheepmeat"
14796,82,"Sheepmeat"
14839,82,"Sheepmeat"
14849,82,"Sheepmeat"
7804,82,"Sheepmeat"
7805,82,"Sheepmeat"
14319,82,"Sheepmeat"
14321,82,"Sheepmeat"
14324,82,"Sheepmeat"
8194,82,"Sheepmeat"
8222,82,"Sheepmeat"
8500,82,"Sheepmeat"
7100,82,"Sheepmeat"
14621,82,"Sheepmeat"
8658,82,"Sheepmeat"
8660,82,"Sheepmeat"
3590,82,"Sheepmeat"
3591,82,"Sheepmeat"
3593,82,"Sheepmeat"
3596,82,"Sheepmeat"
3602,82,"Sheepmeat"
3592,82,"Sheepmeat"
3589,82,"Sheepmeat"
3570,82,"Sheepmeat"
3594,82,"Sheepmeat"
3595,82,"Sheepmeat"
3614,82,"Sheepmeat"
3619,82,"Sheepmeat"
3620,82,"Sheepmeat"
3621,82,"Sheepmeat"
3623,82,"Sheepmeat"
589,82,"Sheepmeat"
14623,82,"Sheepmeat"
14670,82,"Sheepmeat"
14671,82,"Sheepmeat"
7109,82,"Sheepmeat"
7110,82,"Sheepmeat"
7111,82,"Sheepmeat"
7112,82,"Sheepmeat"
8212,82,"Sheepmeat"
8457,82,"Sheepmeat"
8458,82,"Sheepmeat"
8459,82,"Sheepmeat"
8224,82,"Sheepmeat"
8225,82,"Sheepmeat"
8227,82,"Sheepmeat"
8468,82,"Sheepmeat"
8476,82,"Sheepmeat"
3588,82,"Sheepmeat"
3627,82,"Sheepmeat"
3624,82,"Sheepmeat"
583,82,"Sheepmeat"
3628,82,"Sheepmeat"
3630,82,"Sheepmeat"
8610,82,"Sheepmeat"
7800,82,"Sheepmeat"
7801,82,"Sheepmeat"
7802,82,"Sheepmeat"
7803,82,"Sheepmeat"
14622,82,"Sheepmeat"
586,82,"Sheepmeat"
3597,82,"Sheepmeat"
3600,82,"Sheepmeat"
3560,82,"Sheepmeat"
3601,82,"Sheepmeat"
3557,82,"Sheepmeat"
5533,82,"Sheepmeat"
5534,82,"Sheepmeat"
5536,82,"Sheepmeat"
5537,82,"Sheepmeat"
5717,82,"Sheepmeat"
11426,82,"Sheepmeat"
5729,82,"Sheepmeat"
5632,82,"Sheepmeat"
5836,82,"Sheepmeat"
5837,82,"Sheepmeat"
11219,82,"Sheepmeat"
11216,82,"Sheepmeat"
5730,82,"Sheepmeat"
5681,82,"Sheepmeat"
5684,82,"Sheepmeat"
5685,82,"Sheepmeat"
5686,82,"Sheepmeat"
5687,82,"Sheepmeat"
5688,82,"Sheepmeat"
5691,82,"Sheepmeat"
5692,82,"Sheepmeat"
5693,82,"Sheepmeat"
5695,82,"Sheepmeat"
5735,82,"Sheepmeat"
11195,82,"Sheepmeat"
11422,82,"Sheepmeat"
11429,82,"Sheepmeat"
11437,82,"Sheepmeat"
11207,82,"Sheepmeat"
11436,82,"Sheepmeat"
11439,82,"Sheepmeat"
3674,82,"Sheepmeat"
3606,82,"Sheepmeat"
5889,82,"Sheepmeat"
5645,82,"Sheepmeat"
5838,82,"Sheepmeat"
3926,82,"Sheepmeat"
5641,82,"Sheepmeat"
3786,82,"Sheepmeat"
3787,82,"Sheepmeat"
11194,82,"Sheepmeat"
11189,82,"Sheepmeat"
11218,82,"Sheepmeat"
11428,82,"Sheepmeat"
11205,82,"Sheepmeat"
11455,82,"Sheepmeat"
11217,82,"Sheepmeat"
11454,82,"Sheepmeat"
3599,82,"Sheepmeat"
5722,82,"Sheepmeat"
3604,82,"Sheepmeat"
3875,82,"Sheepmeat"
3883,82,"Sheepmeat"
3848,82,"Sheepmeat"
3944,82,"Sheepmeat"
5853,82,"Sheepmeat"
5886,82,"Sheepmeat"
3528,82,"Sheepmeat"
3874,82,"Sheepmeat"
3514,82,"Sheepmeat"
3517,82,"Sheepmeat"
3520,82,"Sheepmeat"
3521,82,"Sheepmeat"
3522,82,"Sheepmeat"
3507,82,"Sheepmeat"
3525,82,"Sheepmeat"
3526,82,"Sheepmeat"
3722,82,"Sheepmeat"
3847,82,"Sheepmeat"
10860,82,"Sheepmeat"
11116,82,"Sheepmeat"
3892,82,"Sheepmeat"
11151,82,"Sheepmeat"
3730,82,"Sheepmeat"
3732,82,"Sheepmeat"
3529,82,"Sheepmeat"
3530,82,"Sheepmeat"
3532,82,"Sheepmeat"
3538,82,"Sheepmeat"
3788,82,"Sheepmeat"
3513,82,"Sheepmeat"
3801,82,"Sheepmeat"
3789,82,"Sheepmeat"
3745,82,"Sheepmeat"
11115,82,"Sheepmeat"
11117,82,"Sheepmeat"
11378,82,"Sheepmeat"
11373,82,"Sheepmeat"
11374,82,"Sheepmeat"
11372,82,"Sheepmeat"
3633,82,"Sheepmeat"
3634,82,"Sheepmeat"
10848,82,"Sheepmeat"
10854,82,"Sheepmeat"
11113,82,"Sheepmeat"
11367,82,"Sheepmeat"
11375,82,"Sheepmeat"
3742,82,"Sheepmeat"
3792,82,"Sheepmeat"
3794,82,"Sheepmeat"
3795,82,"Sheepmeat"
3804,82,"Sheepmeat"
3806,82,"Sheepmeat"
3808,82,"Sheepmeat"
3816,82,"Sheepmeat"
3817,82,"Sheepmeat"
3824,82,"Sheepmeat"
3829,82,"Sheepmeat"
3837,82,"Sheepmeat"
3842,82,"Sheepmeat"
3843,82,"Sheepmeat"
3523,82,"Sheepmeat"
5854,82,"Sheepmeat"
3942,82,"Sheepmeat"
5847,82,"Sheepmeat"
5848,82,"Sheepmeat"
4019,82,"Sheepmeat"
5719,82,"Sheepmeat"
5724,82,"Sheepmeat"
5727,82,"Sheepmeat"
5635,82,"Sheepmeat"
3605,82,"Sheepmeat"
3607,82,"Sheepmeat"
3615,82,"Sheepmeat"
3617,82,"Sheepmeat"
5736,82,"Sheepmeat"
5543,82,"Sheepmeat"
5738,82,"Sheepmeat"
5545,82,"Sheepmeat"
5544,82,"Sheepmeat"
17390,82,"Sheepmeat"
17149,82,"Sheepmeat"
17401,82,"Sheepmeat"
17400,82,"Sheepmeat"
17154,82,"Sheepmeat"
17155,82,"Sheepmeat"
17164,82,"Sheepmeat"
17171,82,"Sheepmeat"
17158,82,"Sheepmeat"
17180,82,"Sheepmeat"
17236,82,"Sheepmeat"
17484,82,"Sheepmeat"
17679,82,"Sheepmeat"
17684,82,"Sheepmeat"
17696,82,"Sheepmeat"
17717,82,"Sheepmeat"
17701,82,"Sheepmeat"
14928,82,"Sheepmeat"
1097,82,"Sheepmeat"
1098,82,"Sheepmeat"
1105,82,"Sheepmeat"
1108,82,"Sheepmeat"
14750,82,"Sheepmeat"
14927,82,"Sheepmeat"
3862,82,"Sheepmeat"
3531,82,"Sheepmeat"
3534,82,"Sheepmeat"
3542,82,"Sheepmeat"
3543,82,"Sheepmeat"
3544,82,"Sheepmeat"
3546,82,"Sheepmeat"
3548,82,"Sheepmeat"
3551,82,"Sheepmeat"
3552,82,"Sheepmeat"
3553,82,"Sheepmeat"
3554,82,"Sheepmeat"
3556,82,"Sheepmeat"
3563,82,"Sheepmeat"
3564,82,"Sheepmeat"
3566,82,"Sheepmeat"
15020,82,"Sheepmeat"
14982,82,"Sheepmeat"
14828,82,"Sheepmeat"
14830,82,"Sheepmeat"
15005,82,"Sheepmeat"
14835,82,"Sheepmeat"
14842,82,"Sheepmeat"
14836,82,"Sheepmeat"
14838,82,"Sheepmeat"
15021,82,"Sheepmeat"
14837,82,"Sheepmeat"
14840,82,"Sheepmeat"
14852,82,"Sheepmeat"
14988,82,"Sheepmeat"
14804,82,"Sheepmeat"
14805,82,"Sheepmeat"
14807,82,"Sheepmeat"
14801,82,"Sheepmeat"
14802,82,"Sheepmeat"
14808,82,"Sheepmeat"
14907,82,"Sheepmeat"
14991,82,"Sheepmeat"
14995,82,"Sheepmeat"
14993,82,"Sheepmeat"
14819,82,"Sheepmeat"
14998,82,"Sheepmeat"
15003,82,"Sheepmeat"
14902,82,"Sheepmeat"
14903,82,"Sheepmeat"
1184,82,"Sheepmeat"
15022,82,"Sheepmeat"
16532,82,"Sheepmeat"
14905,82,"Sheepmeat"
17276,82,"Sheepmeat"
17275,82,"Sheepmeat"
17277,82,"Sheepmeat"
17279,82,"Sheepmeat"
15882,82,"Sheepmeat"
15884,82,"Sheepmeat"
15879,82,"Sheepmeat"
16102,82,"Sheepmeat"
15883,82,"Sheepmeat"
17280,82,"Sheepmeat"
17285,82,"Sheepmeat"
17278,82,"Sheepmeat"
17281,82,"Sheepmeat"
6732,82,"Sheepmeat"
6733,82,"Sheepmeat"
6735,82,"Sheepmeat"
15881,82,"Sheepmeat"
15886,82,"Sheepmeat"
6736,82,"Sheepmeat"
14901,82,"Sheepmeat"
14748,82,"Sheepmeat"
14746,82,"Sheepmeat"
1124,82,"Sheepmeat"
14896,82,"Sheepmeat"
14897,82,"Sheepmeat"
14898,82,"Sheepmeat"
14749,82,"Sheepmeat"
1099,82,"Sheepmeat"
1106,82,"Sheepmeat"
1123,82,"Sheepmeat"
14747,82,"Sheepmeat"
8038,82,"Sheepmeat"
709,82,"Sheepmeat"
604,82,"Sheepmeat"
174,82,"Sheepmeat"
8119,82,"Sheepmeat"
8045,82,"Sheepmeat"
610,82,"Sheepmeat"
751,82,"Sheepmeat"
607,82,"Sheepmeat"
293,82,"Sheepmeat"
752,82,"Sheepmeat"
750,82,"Sheepmeat"
756,82,"Sheepmeat"
757,82,"Sheepmeat"
758,82,"Sheepmeat"
606,82,"Sheepmeat"
175,82,"Sheepmeat"
6743,82,"Sheepmeat"
6518,82,"Sheepmeat"
10892,82,"Sheepmeat"
6742,82,"Sheepmeat"
10894,82,"Sheepmeat"
6514,82,"Sheepmeat"
17283,82,"Sheepmeat"
6730,82,"Sheepmeat"
14570,82,"Sheepmeat"
30917,82,"Sheepmeat"
14331,82,"Sheepmeat"
30676,82,"Sheepmeat"
30687,82,"Sheepmeat"
14332,82,"Sheepmeat"
30911,82,"Sheepmeat"
31068,82,"Sheepmeat"
4924,82,"Sheepmeat"
31069,82,"Sheepmeat"
30337,82,"Sheepmeat"
4920,82,"Sheepmeat"
4923,82,"Sheepmeat"
30918,82,"Sheepmeat"
30939,82,"Sheepmeat"
4919,82,"Sheepmeat"
4874,82,"Sheepmeat"
4907,82,"Sheepmeat"
18436,82,"Sheepmeat"
15867,82,"Sheepmeat"
15869,82,"Sheepmeat"
15866,82,"Sheepmeat"
10973,82,"Sheepmeat"
16083,82,"Sheepmeat"
16074,82,"Sheepmeat"
15870,82,"Sheepmeat"
10974,82,"Sheepmeat"
16075,82,"Sheepmeat"
16076,82,"Sheepmeat"
15873,82,"Sheepmeat"
16082,82,"Sheepmeat"
17274,82,"Sheepmeat"
16084,82,"Sheepmeat"
15877,82,"Sheepmeat"
16101,82,"Sheepmeat"
16086,82,"Sheepmeat"
15876,82,"Sheepmeat"
16091,82,"Sheepmeat"
16098,82,"Sheepmeat"
15880,82,"Sheepmeat"
10935,82,"Sheepmeat"
10945,82,"Sheepmeat"
10952,82,"Sheepmeat"
10963,82,"Sheepmeat"
10971,82,"Sheepmeat"
10972,82,"Sheepmeat"
11001,82,"Sheepmeat"
11004,82,"Sheepmeat"
11008,82,"Sheepmeat"
11014,82,"Sheepmeat"
11021,82,"Sheepmeat"
6842,82,"Sheepmeat"
15885,82,"Sheepmeat"
15887,82,"Sheepmeat"
6737,82,"Sheepmeat"
6740,82,"Sheepmeat"
1175,82,"Sheepmeat"
1176,82,"Sheepmeat"
1177,82,"Sheepmeat"
1164,82,"Sheepmeat"
1169,82,"Sheepmeat"
1170,82,"Sheepmeat"
1171,82,"Sheepmeat"
1178,82,"Sheepmeat"
1188,82,"Sheepmeat"
1194,82,"Sheepmeat"
1195,82,"Sheepmeat"
1200,82,"Sheepmeat"
1201,82,"Sheepmeat"
1203,82,"Sheepmeat"
1210,82,"Sheepmeat"
30348,82,"Sheepmeat"
30384,82,"Sheepmeat"
30410,82,"Sheepmeat"
16479,82,"Sheepmeat"
1125,82,"Sheepmeat"
16468,82,"Sheepmeat"
16334,82,"Sheepmeat"
16465,82,"Sheepmeat"
16464,82,"Sheepmeat"
16455,82,"Sheepmeat"
16456,82,"Sheepmeat"
16470,82,"Sheepmeat"
16472,82,"Sheepmeat"
16473,82,"Sheepmeat"
16476,82,"Sheepmeat"
16484,82,"Sheepmeat"
14899,82,"Sheepmeat"
14900,82,"Sheepmeat"
16469,82,"Sheepmeat"
16573,82,"Sheepmeat"
16576,82,"Sheepmeat"
16577,82,"Sheepmeat"
16582,82,"Sheepmeat"
16336,82,"Sheepmeat"
16271,82,"Sheepmeat"
16486,82,"Sheepmeat"
16269,82,"Sheepmeat"
16270,82,"Sheepmeat"
16495,82,"Sheepmeat"
16453,82,"Sheepmeat"
16488,82,"Sheepmeat"
16487,82,"Sheepmeat"
16272,82,"Sheepmeat"
1174,82,"Sheepmeat"
16338,82,"Sheepmeat"
16452,82,"Sheepmeat"
16454,82,"Sheepmeat"
16457,82,"Sheepmeat"
16459,82,"Sheepmeat"
1181,82,"Sheepmeat"
16585,82,"Sheepmeat"
16586,82,"Sheepmeat"
14910,82,"Sheepmeat"
14743,82,"Sheepmeat"
14809,82,"Sheepmeat"
14922,82,"Sheepmeat"
1165,82,"Sheepmeat"
1222,82,"Sheepmeat"
1205,82,"Sheepmeat"
1213,82,"Sheepmeat"
15863,82,"Sheepmeat"
16063,82,"Sheepmeat"
1218,82,"Sheepmeat"
1221,82,"Sheepmeat"
15862,82,"Sheepmeat"
1248,82,"Sheepmeat"
1249,82,"Sheepmeat"
1251,82,"Sheepmeat"
1252,82,"Sheepmeat"
1362,82,"Sheepmeat"
16590,82,"Sheepmeat"
16353,82,"Sheepmeat"
16600,82,"Sheepmeat"
16171,82,"Sheepmeat"
16112,82,"Sheepmeat"
1137,82,"Sheepmeat"
1138,82,"Sheepmeat"
1141,82,"Sheepmeat"
1142,82,"Sheepmeat"
1397,82,"Sheepmeat"
1399,82,"Sheepmeat"
1417,82,"Sheepmeat"
16589,82,"Sheepmeat"
16349,82,"Sheepmeat"
10821,82,"Sheepmeat"
16355,82,"Sheepmeat"
16170,82,"Sheepmeat"
16219,82,"Sheepmeat"
16325,82,"Sheepmeat"
16051,82,"Sheepmeat"
16052,82,"Sheepmeat"
16592,82,"Sheepmeat"
16460,82,"Sheepmeat"
15855,82,"Sheepmeat"
10958,82,"Sheepmeat"
11037,82,"Sheepmeat"
10976,82,"Sheepmeat"
16053,82,"Sheepmeat"
16055,82,"Sheepmeat"
16596,82,"Sheepmeat"
15941,82,"Sheepmeat"
10982,82,"Sheepmeat"
10997,82,"Sheepmeat"
1153,82,"Sheepmeat"
1239,82,"Sheepmeat"
1242,82,"Sheepmeat"
1244,82,"Sheepmeat"
10955,82,"Sheepmeat"
10956,82,"Sheepmeat"
10960,82,"Sheepmeat"
23254,82,"Sheepmeat"
13420,82,"Sheepmeat"
23255,82,"Sheepmeat"
13403,82,"Sheepmeat"
13412,82,"Sheepmeat"
13164,82,"Sheepmeat"
13057,82,"Sheepmeat"
19320,82,"Sheepmeat"
23256,82,"Sheepmeat"
23010,82,"Sheepmeat"
13052,82,"Sheepmeat"
13053,82,"Sheepmeat"
30729,82,"Sheepmeat"
31573,82,"Sheepmeat"
21540,82,"Sheepmeat"
31659,82,"Sheepmeat"
20346,82,"Sheepmeat"
13058,82,"Sheepmeat"
13059,82,"Sheepmeat"
6079,82,"Sheepmeat"
21355,82,"Sheepmeat"
20345,82,"Sheepmeat"
30291,82,"Sheepmeat"
30310,82,"Sheepmeat"
30318,82,"Sheepmeat"
14338,82,"Sheepmeat"
7386,82,"Sheepmeat"
7387,82,"Sheepmeat"
7388,82,"Sheepmeat"
7389,82,"Sheepmeat"
7390,82,"Sheepmeat"
7394,82,"Sheepmeat"
7395,82,"Sheepmeat"
7396,82,"Sheepmeat"
21359,82,"Sheepmeat"
8356,82,"Sheepmeat"
8359,82,"Sheepmeat"
7397,82,"Sheepmeat"
7398,82,"Sheepmeat"
7400,82,"Sheepmeat"
7401,82,"Sheepmeat"
7402,82,"Sheepmeat"
7403,82,"Sheepmeat"
7404,82,"Sheepmeat"
7415,82,"Sheepmeat"
7417,82,"Sheepmeat"
7419,82,"Sheepmeat"
8357,82,"Sheepmeat"
8135,82,"Sheepmeat"
7420,82,"Sheepmeat"
7421,82,"Sheepmeat"
7422,82,"Sheepmeat"
7445,82,"Sheepmeat"
7446,82,"Sheepmeat"
7447,82,"Sheepmeat"
8338,82,"Sheepmeat"
8341,82,"Sheepmeat"
8342,82,"Sheepmeat"
7081,82,"Sheepmeat"
8351,82,"Sheepmeat"
8353,82,"Sheepmeat"
8354,82,"Sheepmeat"
8355,82,"Sheepmeat"
7049,82,"Sheepmeat"
12910,82,"Sheepmeat"
1257,82,"Sheepmeat"
1360,82,"Sheepmeat"
10923,82,"Sheepmeat"
1264,82,"Sheepmeat"
1265,82,"Sheepmeat"
1275,82,"Sheepmeat"
1258,82,"Sheepmeat"
1259,82,"Sheepmeat"
10934,82,"Sheepmeat"
10932,82,"Sheepmeat"
12911,82,"Sheepmeat"
12912,82,"Sheepmeat"
12913,82,"Sheepmeat"
12916,82,"Sheepmeat"
12744,82,"Sheepmeat"
12942,82,"Sheepmeat"
12943,82,"Sheepmeat"
12772,82,"Sheepmeat"
12797,82,"Sheepmeat"
6845,82,"Sheepmeat"
4000,82,"Sheepmeat"
4001,82,"Sheepmeat"
4005,82,"Sheepmeat"
3996,82,"Sheepmeat"
4023,82,"Sheepmeat"
4024,82,"Sheepmeat"
4025,82,"Sheepmeat"
4043,82,"Sheepmeat"
4046,82,"Sheepmeat"
4047,82,"Sheepmeat"
4045,82,"Sheepmeat"
1612,82,"Sheepmeat"
1608,82,"Sheepmeat"
1611,82,"Sheepmeat"
1613,82,"Sheepmeat"
4537,82,"Sheepmeat"
4538,82,"Sheepmeat"
1614,82,"Sheepmeat"
1615,82,"Sheepmeat"
1588,82,"Sheepmeat"
1605,82,"Sheepmeat"
1607,82,"Sheepmeat"
4048,82,"Sheepmeat"
4060,82,"Sheepmeat"
1575,82,"Sheepmeat"
4520,82,"Sheepmeat"
4049,82,"Sheepmeat"
4050,82,"Sheepmeat"
4059,82,"Sheepmeat"
4085,82,"Sheepmeat"
4087,82,"Sheepmeat"
4088,82,"Sheepmeat"
4542,82,"Sheepmeat"
4540,82,"Sheepmeat"
4471,82,"Sheepmeat"
4534,82,"Sheepmeat"
4077,82,"Sheepmeat"
4079,82,"Sheepmeat"
4080,82,"Sheepmeat"
4086,82,"Sheepmeat"
4543,82,"Sheepmeat"
4208,82,"Sheepmeat"
4518,82,"Sheepmeat"
4524,82,"Sheepmeat"
4539,82,"Sheepmeat"
4461,82,"Sheepmeat"
4519,82,"Sheepmeat"
4521,82,"Sheepmeat"
4522,82,"Sheepmeat"
4523,82,"Sheepmeat"
4525,82,"Sheepmeat"
4535,82,"Sheepmeat"
1458,82,"Sheepmeat"
1482,82,"Sheepmeat"
1496,82,"Sheepmeat"
4472,82,"Sheepmeat"
4475,82,"Sheepmeat"
4476,82,"Sheepmeat"
4477,82,"Sheepmeat"
4527,82,"Sheepmeat"
4529,82,"Sheepmeat"
4530,82,"Sheepmeat"
4531,82,"Sheepmeat"
4473,82,"Sheepmeat"
4468,82,"Sheepmeat"
4480,82,"Sheepmeat"
4193,82,"Sheepmeat"
1616,82,"Sheepmeat"
4513,82,"Sheepmeat"
1641,82,"Sheepmeat"
1853,82,"Sheepmeat"
1516,82,"Sheepmeat"
1553,82,"Sheepmeat"
1554,82,"Sheepmeat"
1555,82,"Sheepmeat"
1564,82,"Sheepmeat"
1569,82,"Sheepmeat"
1574,82,"Sheepmeat"
1576,82,"Sheepmeat"
1586,82,"Sheepmeat"
1589,82,"Sheepmeat"
1590,82,"Sheepmeat"
1593,82,"Sheepmeat"
1600,82,"Sheepmeat"
1603,82,"Sheepmeat"
7736,82,"Sheepmeat"
8026,82,"Sheepmeat"
7996,82,"Sheepmeat"
1649,82,"Sheepmeat"
1652,82,"Sheepmeat"
1665,82,"Sheepmeat"
3311,82,"Sheepmeat"
1702,82,"Sheepmeat"
2155,82,"Sheepmeat"
1834,82,"Sheepmeat"
1837,82,"Sheepmeat"
1838,82,"Sheepmeat"
1839,82,"Sheepmeat"
1842,82,"Sheepmeat"
1844,82,"Sheepmeat"
1852,82,"Sheepmeat"
1657,82,"Sheepmeat"
1658,82,"Sheepmeat"
1659,82,"Sheepmeat"
1660,82,"Sheepmeat"
1661,82,"Sheepmeat"
1663,82,"Sheepmeat"
1664,82,"Sheepmeat"
1678,82,"Sheepmeat"
1833,82,"Sheepmeat"
4485,82,"Sheepmeat"
4512,82,"Sheepmeat"
4505,82,"Sheepmeat"
1850,82,"Sheepmeat"
1851,82,"Sheepmeat"
1854,82,"Sheepmeat"
4528,82,"Sheepmeat"
1921,82,"Sheepmeat"
1929,82,"Sheepmeat"
1931,82,"Sheepmeat"
1882,82,"Sheepmeat"
1888,82,"Sheepmeat"
4506,82,"Sheepmeat"
4507,82,"Sheepmeat"
4508,82,"Sheepmeat"
1906,82,"Sheepmeat"
1457,82,"Sheepmeat"
1933,82,"Sheepmeat"
9115,82,"Sheepmeat"
8900,82,"Sheepmeat"
1978,82,"Sheepmeat"
1979,82,"Sheepmeat"
8899,82,"Sheepmeat"
8905,82,"Sheepmeat"
3448,82,"Sheepmeat"
3451,82,"Sheepmeat"
1891,82,"Sheepmeat"
1893,82,"Sheepmeat"
3447,82,"Sheepmeat"
3467,82,"Sheepmeat"
1901,82,"Sheepmeat"
1902,82,"Sheepmeat"
1904,82,"Sheepmeat"
872,82,"Sheepmeat"
621,82,"Sheepmeat"
1941,82,"Sheepmeat"
1946,82,"Sheepmeat"
2158,82,"Sheepmeat"
8908,82,"Sheepmeat"
1894,82,"Sheepmeat"
1895,82,"Sheepmeat"
875,82,"Sheepmeat"
878,82,"Sheepmeat"
1899,82,"Sheepmeat"
377,82,"Sheepmeat"
3300,82,"Sheepmeat"
3301,82,"Sheepmeat"
3446,82,"Sheepmeat"
372,82,"Sheepmeat"
3460,82,"Sheepmeat"
3461,82,"Sheepmeat"
3462,82,"Sheepmeat"
3466,82,"Sheepmeat"
3494,82,"Sheepmeat"
3459,82,"Sheepmeat"
3458,82,"Sheepmeat"
12923,82,"Sheepmeat"
12750,82,"Sheepmeat"
12932,82,"Sheepmeat"
12933,82,"Sheepmeat"
12934,82,"Sheepmeat"
3392,82,"Sheepmeat"
3393,82,"Sheepmeat"
3430,82,"Sheepmeat"
3433,82,"Sheepmeat"
3434,82,"Sheepmeat"
3457,82,"Sheepmeat"
2162,82,"Sheepmeat"
2163,82,"Sheepmeat"
12770,82,"Sheepmeat"
12771,82,"Sheepmeat"
12765,82,"Sheepmeat"
12766,82,"Sheepmeat"
12767,82,"Sheepmeat"
12758,82,"Sheepmeat"
12763,82,"Sheepmeat"
12764,82,"Sheepmeat"
12769,82,"Sheepmeat"
12938,82,"Sheepmeat"
12967,82,"Sheepmeat"
12962,82,"Sheepmeat"
13004,82,"Sheepmeat"
12809,82,"Sheepmeat"
12808,82,"Sheepmeat"
12956,82,"Sheepmeat"
3785,82,"Sheepmeat"
11123,82,"Sheepmeat"
10874,82,"Sheepmeat"
11142,82,"Sheepmeat"
7578,82,"Sheepmeat"
7477,82,"Sheepmeat"
7478,82,"Sheepmeat"
7576,82,"Sheepmeat"
7575,82,"Sheepmeat"
7476,82,"Sheepmeat"
12941,82,"Sheepmeat"
12937,82,"Sheepmeat"
12958,82,"Sheepmeat"
12959,82,"Sheepmeat"
12960,82,"Sheepmeat"
12961,82,"Sheepmeat"
7493,82,"Sheepmeat"
7495,82,"Sheepmeat"
10838,82,"Sheepmeat"
7533,82,"Sheepmeat"
7582,82,"Sheepmeat"
7469,82,"Sheepmeat"
7474,82,"Sheepmeat"
7532,82,"Sheepmeat"
7577,82,"Sheepmeat"
10873,82,"Sheepmeat"
10866,82,"Sheepmeat"
11346,82,"Sheepmeat"
11351,82,"Sheepmeat"
11353,82,"Sheepmeat"
11355,82,"Sheepmeat"
11349,82,"Sheepmeat"
11350,82,"Sheepmeat"
7561,82,"Sheepmeat"
7567,82,"Sheepmeat"
7568,82,"Sheepmeat"
7573,82,"Sheepmeat"
7574,82,"Sheepmeat"
11340,82,"Sheepmeat"
581,82,"Sheepmeat"
11359,82,"Sheepmeat"
7963,82,"Sheepmeat"
7374,82,"Sheepmeat"
7968,82,"Sheepmeat"
7381,82,"Sheepmeat"
7449,82,"Sheepmeat"
12909,82,"Sheepmeat"
7373,82,"Sheepmeat"
7958,82,"Sheepmeat"
7974,82,"Sheepmeat"
12924,82,"Sheepmeat"
12977,82,"Sheepmeat"
12979,82,"Sheepmeat"
12984,82,"Sheepmeat"
7393,82,"Sheepmeat"
7392,82,"Sheepmeat"
8360,82,"Sheepmeat"
12914,82,"Sheepmeat"
12915,82,"Sheepmeat"
12745,82,"Sheepmeat"
12751,82,"Sheepmeat"
12756,82,"Sheepmeat"
12757,82,"Sheepmeat"
11184,82,"Sheepmeat"
11421,82,"Sheepmeat"
11208,82,"Sheepmeat"
1623,82,"Sheepmeat"
1626,82,"Sheepmeat"
1628,82,"Sheepmeat"
1630,82,"Sheepmeat"
1629,82,"Sheepmeat"
1640,82,"Sheepmeat"
1636,82,"Sheepmeat"
1642,82,"Sheepmeat"
7646,82,"Sheepmeat"
7655,82,"Sheepmeat"
7656,82,"Sheepmeat"
7695,82,"Sheepmeat"
7697,82,"Sheepmeat"
7698,82,"Sheepmeat"
7699,82,"Sheepmeat"
7700,82,"Sheepmeat"
7703,82,"Sheepmeat"
7705,82,"Sheepmeat"
7706,82,"Sheepmeat"
7707,82,"Sheepmeat"
7708,82,"Sheepmeat"
7709,82,"Sheepmeat"
7715,82,"Sheepmeat"
7716,82,"Sheepmeat"
7719,82,"Sheepmeat"
7720,82,"Sheepmeat"
7727,82,"Sheepmeat"
7733,82,"Sheepmeat"
3997,82,"Sheepmeat"
3998,82,"Sheepmeat"
3999,82,"Sheepmeat"
7711,82,"Sheepmeat"
7713,82,"Sheepmeat"
7652,82,"Sheepmeat"
7653,82,"Sheepmeat"
7657,82,"Sheepmeat"
7691,82,"Sheepmeat"
7692,82,"Sheepmeat"
7712,82,"Sheepmeat"
7714,82,"Sheepmeat"
7732,82,"Sheepmeat"
7737,82,"Sheepmeat"
7738,82,"Sheepmeat"
7739,82,"Sheepmeat"
4009,82,"Sheepmeat"
7723,82,"Sheepmeat"
7726,82,"Sheepmeat"
4011,82,"Sheepmeat"
4017,82,"Sheepmeat"
1954,82,"Sheepmeat"
9102,82,"Sheepmeat"
9103,82,"Sheepmeat"
9105,82,"Sheepmeat"
9131,82,"Sheepmeat"
9101,82,"Sheepmeat"
7371,82,"Sheepmeat"
7372,82,"Sheepmeat"
7957,82,"Sheepmeat"
7960,82,"Sheepmeat"
7961,82,"Sheepmeat"
7962,82,"Sheepmeat"
7982,82,"Sheepmeat"
7984,82,"Sheepmeat"
7385,82,"Sheepmeat"
7436,82,"Sheepmeat"
8140,82,"Sheepmeat"
12917,82,"Sheepmeat"
12747,82,"Sheepmeat"
7686,82,"Sheepmeat"
7687,82,"Sheepmeat"
7624,82,"Sheepmeat"
832,82,"Sheepmeat"
618,82,"Sheepmeat"
1924,82,"Sheepmeat"
1949,82,"Sheepmeat"
1950,82,"Sheepmeat"
1951,82,"Sheepmeat"
1952,82,"Sheepmeat"
1953,82,"Sheepmeat"
1955,82,"Sheepmeat"
1956,82,"Sheepmeat"
1961,82,"Sheepmeat"
1965,82,"Sheepmeat"
1966,82,"Sheepmeat"
9098,82,"Sheepmeat"
9100,82,"Sheepmeat"
9222,82,"Sheepmeat"
7689,82,"Sheepmeat"
7659,82,"Sheepmeat"
7666,82,"Sheepmeat"
12925,82,"Sheepmeat"
11009,82,"Sheepmeat"
11010,82,"Sheepmeat"
11018,82,"Sheepmeat"
11019,82,"Sheepmeat"
11020,82,"Sheepmeat"
11022,82,"Sheepmeat"
11039,82,"Sheepmeat"
11040,82,"Sheepmeat"
10999,82,"Sheepmeat"
11023,82,"Sheepmeat"
11024,82,"Sheepmeat"
11031,82,"Sheepmeat"
11036,82,"Sheepmeat"
1391,82,"Sheepmeat"
1392,82,"Sheepmeat"
10832,82,"Sheepmeat"
1430,82,"Sheepmeat"
10980,82,"Sheepmeat"
10981,82,"Sheepmeat"
10995,82,"Sheepmeat"
11006,82,"Sheepmeat"
10988,82,"Sheepmeat"
10993,82,"Sheepmeat"
10998,82,"Sheepmeat"
10953,82,"Sheepmeat"
10994,82,"Sheepmeat"
11003,82,"Sheepmeat"
11015,82,"Sheepmeat"
11016,82,"Sheepmeat"
11034,82,"Sheepmeat"
11038,82,"Sheepmeat"
17272,82,"Sheepmeat"
1268,82,"Sheepmeat"
1269,82,"Sheepmeat"
1270,82,"Sheepmeat"
1271,82,"Sheepmeat"
1272,82,"Sheepmeat"
1385,82,"Sheepmeat"
1267,82,"Sheepmeat"
1277,82,"Sheepmeat"
1281,82,"Sheepmeat"
1283,82,"Sheepmeat"
1322,82,"Sheepmeat"
1280,82,"Sheepmeat"
1282,82,"Sheepmeat"
1284,82,"Sheepmeat"
1320,82,"Sheepmeat"
1321,82,"Sheepmeat"
1291,82,"Sheepmeat"
1317,82,"Sheepmeat"
1318,82,"Sheepmeat"
1289,82,"Sheepmeat"
16862,82,"Sheepmeat"
11064,82,"Sheepmeat"
10918,82,"Sheepmeat"
10920,82,"Sheepmeat"
10941,82,"Sheepmeat"
10950,82,"Sheepmeat"
10951,82,"Sheepmeat"
10943,82,"Sheepmeat"
10944,82,"Sheepmeat"
7634,82,"Sheepmeat"
7635,82,"Sheepmeat"
7636,82,"Sheepmeat"
7660,82,"Sheepmeat"
7637,82,"Sheepmeat"
7643,82,"Sheepmeat"
7694,82,"Sheepmeat"
759,82,"Sheepmeat"
760,82,"Sheepmeat"
775,82,"Sheepmeat"
7639,82,"Sheepmeat"
7640,82,"Sheepmeat"
5728,82,"Sheepmeat"
831,82,"Sheepmeat"
8107,82,"Sheepmeat"
771,82,"Sheepmeat"
828,82,"Sheepmeat"
773,82,"Sheepmeat"
830,82,"Sheepmeat"
7625,82,"Sheepmeat"
7626,82,"Sheepmeat"
7627,82,"Sheepmeat"
7629,82,"Sheepmeat"
7630,82,"Sheepmeat"
7631,82,"Sheepmeat"
7633,82,"Sheepmeat"
7641,82,"Sheepmeat"
7661,82,"Sheepmeat"
7663,82,"Sheepmeat"
7665,82,"Sheepmeat"
7667,82,"Sheepmeat"
7668,82,"Sheepmeat"
10959,82,"Sheepmeat"
10961,82,"Sheepmeat"
7674,82,"Sheepmeat"
7677,82,"Sheepmeat"
7679,82,"Sheepmeat"
7680,82,"Sheepmeat"
7682,82,"Sheepmeat"
7684,82,"Sheepmeat"
7693,82,"Sheepmeat"
11092,82,"Sheepmeat"
11093,82,"Sheepmeat"
10846,82,"Sheepmeat"
10853,82,"Sheepmeat"
10857,82,"Sheepmeat"
11097,82,"Sheepmeat"
11102,82,"Sheepmeat"
11103,82,"Sheepmeat"
10865,82,"Sheepmeat"
11112,82,"Sheepmeat"
10869,82,"Sheepmeat"
11122,82,"Sheepmeat"
11379,82,"Sheepmeat"
11085,82,"Sheepmeat"
10840,82,"Sheepmeat"
11121,82,"Sheepmeat"
4147,82,"Sheepmeat"
4151,82,"Sheepmeat"
4165,82,"Sheepmeat"
4168,82,"Sheepmeat"
10962,82,"Sheepmeat"
10964,82,"Sheepmeat"
10965,82,"Sheepmeat"
10969,82,"Sheepmeat"
10970,82,"Sheepmeat"
10975,82,"Sheepmeat"
10991,82,"Sheepmeat"
11017,82,"Sheepmeat"
11033,82,"Sheepmeat"
1285,82,"Sheepmeat"
1387,82,"Sheepmeat"
4164,82,"Sheepmeat"
4073,82,"Sheepmeat"
4170,82,"Sheepmeat"
5655,82,"Sheepmeat"
3886,82,"Sheepmeat"
17330,82,"Sheepmeat"
1155,82,"Sheepmeat"
1157,82,"Sheepmeat"
1235,82,"Sheepmeat"
5656,82,"Sheepmeat"
5664,82,"Sheepmeat"
4109,82,"Sheepmeat"
4110,82,"Sheepmeat"
4111,82,"Sheepmeat"
4127,82,"Sheepmeat"
4128,82,"Sheepmeat"
4129,82,"Sheepmeat"
4131,82,"Sheepmeat"
4133,82,"Sheepmeat"
4148,82,"Sheepmeat"
4149,82,"Sheepmeat"
4150,82,"Sheepmeat"
5666,82,"Sheepmeat"
5667,82,"Sheepmeat"
5670,82,"Sheepmeat"
5671,82,"Sheepmeat"
5672,82,"Sheepmeat"
5674,82,"Sheepmeat"
5682,82,"Sheepmeat"
5510,82,"Sheepmeat"
5511,82,"Sheepmeat"
5660,82,"Sheepmeat"
5661,82,"Sheepmeat"
5662,82,"Sheepmeat"
3960,82,"Sheepmeat"
4171,82,"Sheepmeat"
4172,82,"Sheepmeat"
6582,82,"Sheepmeat"
5866,82,"Sheepmeat"
5873,82,"Sheepmeat"
5879,82,"Sheepmeat"
6571,82,"Sheepmeat"
6572,82,"Sheepmeat"
4460,82,"Sheepmeat"
3917,82,"Sheepmeat"
3921,82,"Sheepmeat"
3961,82,"Sheepmeat"
3962,82,"Sheepmeat"
3964,82,"Sheepmeat"
3971,82,"Sheepmeat"
3986,82,"Sheepmeat"
3987,82,"Sheepmeat"
3988,82,"Sheepmeat"
3989,82,"Sheepmeat"
5677,82,"Sheepmeat"
3864,82,"Sheepmeat"
3888,82,"Sheepmeat"
3905,82,"Sheepmeat"
3909,82,"Sheepmeat"
3910,82,"Sheepmeat"
3914,82,"Sheepmeat"
3915,82,"Sheepmeat"
3923,82,"Sheepmeat"
3930,82,"Sheepmeat"
3933,82,"Sheepmeat"
3935,82,"Sheepmeat"
3936,82,"Sheepmeat"
3937,82,"Sheepmeat"
3938,82,"Sheepmeat"
3947,82,"Sheepmeat"
3950,82,"Sheepmeat"
3951,82,"Sheepmeat"
3952,82,"Sheepmeat"
3954,82,"Sheepmeat"
5690,82,"Sheepmeat"
5732,82,"Sheepmeat"
5833,82,"Sheepmeat"
5883,82,"Sheepmeat"
5885,82,"Sheepmeat"
5840,82,"Sheepmeat"
3963,82,"Sheepmeat"
3977,82,"Sheepmeat"
3978,82,"Sheepmeat"
3983,82,"Sheepmeat"
3992,82,"Sheepmeat"
11449,82,"Sheepmeat"
5846,82,"Sheepmeat"
5858,82,"Sheepmeat"
5868,82,"Sheepmeat"
5869,82,"Sheepmeat"
5870,82,"Sheepmeat"
5881,82,"Sheepmeat"
5882,82,"Sheepmeat"
5890,82,"Sheepmeat"
3577,82,"Sheepmeat"
3587,82,"Sheepmeat"
3571,82,"Sheepmeat"
3572,82,"Sheepmeat"
3575,82,"Sheepmeat"
3576,82,"Sheepmeat"
3524,82,"Sheepmeat"
3565,82,"Sheepmeat"
12775,82,"Sheepmeat"
13044,82,"Sheepmeat"
10913,82,"Sheepmeat"
10914,82,"Sheepmeat"
10916,82,"Sheepmeat"
12776,82,"Sheepmeat"
12944,82,"Sheepmeat"
12957,82,"Sheepmeat"
12945,82,"Sheepmeat"
12946,82,"Sheepmeat"
12947,82,"Sheepmeat"
12948,82,"Sheepmeat"
12949,82,"Sheepmeat"
12951,82,"Sheepmeat"
10917,82,"Sheepmeat"
10919,82,"Sheepmeat"
10921,82,"Sheepmeat"
10922,82,"Sheepmeat"
10946,82,"Sheepmeat"
10947,82,"Sheepmeat"
10949,82,"Sheepmeat"
10915,82,"Sheepmeat"
13045,82,"Sheepmeat"
10924,82,"Sheepmeat"
10925,82,"Sheepmeat"
10930,82,"Sheepmeat"
10931,82,"Sheepmeat"
10933,82,"Sheepmeat"
11067,82,"Sheepmeat"
11076,82,"Sheepmeat"
12801,82,"Sheepmeat"
13027,82,"Sheepmeat"
10942,82,"Sheepmeat"
10940,82,"Sheepmeat"
12805,82,"Sheepmeat"
7407,82,"Sheepmeat"
7414,82,"Sheepmeat"
13048,82,"Sheepmeat"
7416,82,"Sheepmeat"
7442,82,"Sheepmeat"
7428,82,"Sheepmeat"
10895,82,"Sheepmeat"
10903,82,"Sheepmeat"
10904,82,"Sheepmeat"
7413,82,"Sheepmeat"
4107,82,"Sheepmeat"
4108,82,"Sheepmeat"
4114,82,"Sheepmeat"
5519,82,"Sheepmeat"
13051,82,"Sheepmeat"
10893,82,"Sheepmeat"
10898,82,"Sheepmeat"
10902,82,"Sheepmeat"
10907,82,"Sheepmeat"
10908,82,"Sheepmeat"
10912,82,"Sheepmeat"
5708,82,"Sheepmeat"
5710,82,"Sheepmeat"
5527,82,"Sheepmeat"
5718,82,"Sheepmeat"
5530,82,"Sheepmeat"
5522,82,"Sheepmeat"
5716,82,"Sheepmeat"
3549,82,"Sheepmeat"
344,82,"Sheepmeat"
378,82,"Sheepmeat"
5526,82,"Sheepmeat"
5528,82,"Sheepmeat"
2186,82,"Sheepmeat"
2038,82,"Sheepmeat"
375,82,"Sheepmeat"
2005,82,"Sheepmeat"
376,82,"Sheepmeat"
404,82,"Sheepmeat"
2125,82,"Sheepmeat"
2033,82,"Sheepmeat"
2145,82,"Sheepmeat"
2147,82,"Sheepmeat"
2148,82,"Sheepmeat"
1993,82,"Sheepmeat"
1994,82,"Sheepmeat"
2039,82,"Sheepmeat"
2041,82,"Sheepmeat"
2149,82,"Sheepmeat"
2259,82,"Sheepmeat"
2241,82,"Sheepmeat"
2258,82,"Sheepmeat"
2260,82,"Sheepmeat"
2262,82,"Sheepmeat"
791,82,"Sheepmeat"
778,82,"Sheepmeat"
691,82,"Sheepmeat"
679,82,"Sheepmeat"
798,82,"Sheepmeat"
8067,82,"Sheepmeat"
792,82,"Sheepmeat"
8117,82,"Sheepmeat"
793,82,"Sheepmeat"
861,82,"Sheepmeat"
693,82,"Sheepmeat"
697,82,"Sheepmeat"
1016,82,"Sheepmeat"
696,82,"Sheepmeat"
286,82,"Sheepmeat"
287,82,"Sheepmeat"
294,82,"Sheepmeat"
12802,82,"Sheepmeat"
12804,82,"Sheepmeat"
12803,82,"Sheepmeat"
8115,82,"Sheepmeat"
8070,82,"Sheepmeat"
8114,82,"Sheepmeat"
1014,82,"Sheepmeat"
991,82,"Sheepmeat"
1029,82,"Sheepmeat"
698,82,"Sheepmeat"
677,82,"Sheepmeat"
12807,82,"Sheepmeat"
13013,82,"Sheepmeat"
12950,82,"Sheepmeat"
12955,82,"Sheepmeat"
12810,82,"Sheepmeat"
13012,82,"Sheepmeat"
13024,82,"Sheepmeat"
13025,82,"Sheepmeat"
13028,82,"Sheepmeat"
13026,82,"Sheepmeat"
13042,82,"Sheepmeat"
13043,82,"Sheepmeat"
13011,82,"Sheepmeat"
676,82,"Sheepmeat"
13038,82,"Sheepmeat"
11074,82,"Sheepmeat"
11075,82,"Sheepmeat"
13019,82,"Sheepmeat"
13036,82,"Sheepmeat"
8332,82,"Sheepmeat"
8078,82,"Sheepmeat"
8325,82,"Sheepmeat"
8101,82,"Sheepmeat"
8105,82,"Sheepmeat"
8323,82,"Sheepmeat"
8082,82,"Sheepmeat"
8113,82,"Sheepmeat"
8112,82,"Sheepmeat"
8109,82,"Sheepmeat"
8110,82,"Sheepmeat"
761,82,"Sheepmeat"
786,82,"Sheepmeat"
780,82,"Sheepmeat"
781,82,"Sheepmeat"
779,82,"Sheepmeat"
481,82,"Sheepmeat"
480,82,"Sheepmeat"
512,82,"Sheepmeat"
543,82,"Sheepmeat"
8324,82,"Sheepmeat"
8083,82,"Sheepmeat"
8116,82,"Sheepmeat"
540,82,"Sheepmeat"
474,82,"Sheepmeat"
475,82,"Sheepmeat"
464,82,"Sheepmeat"
463,82,"Sheepmeat"
476,82,"Sheepmeat"
461,82,"Sheepmeat"
487,82,"Sheepmeat"
486,82,"Sheepmeat"
484,82,"Sheepmeat"
490,82,"Sheepmeat"
522,82,"Sheepmeat"
528,82,"Sheepmeat"
529,82,"Sheepmeat"
593,82,"Sheepmeat"
563,82,"Sheepmeat"
536,82,"Sheepmeat"
8335,82,"Sheepmeat"
530,82,"Sheepmeat"
517,82,"Sheepmeat"
462,82,"Sheepmeat"
460,82,"Sheepmeat"
535,82,"Sheepmeat"
518,82,"Sheepmeat"
519,82,"Sheepmeat"
523,82,"Sheepmeat"
351,82,"Sheepmeat"
346,82,"Sheepmeat"
358,82,"Sheepmeat"
329,82,"Sheepmeat"
357,82,"Sheepmeat"
354,82,"Sheepmeat"
355,82,"Sheepmeat"
365,82,"Sheepmeat"
369,82,"Sheepmeat"
370,82,"Sheepmeat"
361,82,"Sheepmeat"
554,82,"Sheepmeat"
549,82,"Sheepmeat"
544,82,"Sheepmeat"
553,82,"Sheepmeat"
556,82,"Sheepmeat"
572,82,"Sheepmeat"
574,82,"Sheepmeat"
570,82,"Sheepmeat"
347,82,"Sheepmeat"
319,82,"Sheepmeat"
350,82,"Sheepmeat"
360,82,"Sheepmeat"
325,82,"Sheepmeat"
359,82,"Sheepmeat"
538,82,"Sheepmeat"
551,82,"Sheepmeat"
559,82,"Sheepmeat"
566,82,"Sheepmeat"
577,82,"Sheepmeat"
11356,82,"Sheepmeat"
11357,82,"Sheepmeat"
11358,82,"Sheepmeat"
491,82,"Sheepmeat"
539,82,"Sheepmeat"
492,82,"Sheepmeat"
493,82,"Sheepmeat"
498,82,"Sheepmeat"
506,82,"Sheepmeat"
825,82,"Sheepmeat"
826,82,"Sheepmeat"
823,82,"Sheepmeat"
611,82,"Sheepmeat"
684,82,"Sheepmeat"
682,82,"Sheepmeat"
635,82,"Sheepmeat"
520,82,"Sheepmeat"
521,82,"Sheepmeat"
833,82,"Sheepmeat"
612,82,"Sheepmeat"
900,82,"Sheepmeat"
901,82,"Sheepmeat"
898,82,"Sheepmeat"
871,82,"Sheepmeat"
990,82,"Sheepmeat"
931,82,"Sheepmeat"
930,82,"Sheepmeat"
884,82,"Sheepmeat"
885,82,"Sheepmeat"
935,82,"Sheepmeat"
1038,82,"Sheepmeat"
1033,82,"Sheepmeat"
1032,82,"Sheepmeat"
1034,82,"Sheepmeat"
672,82,"Sheepmeat"
673,82,"Sheepmeat"
678,82,"Sheepmeat"
680,82,"Sheepmeat"
662,82,"Sheepmeat"
663,82,"Sheepmeat"
681,82,"Sheepmeat"
683,82,"Sheepmeat"
3869,82,"Sheepmeat"
3876,82,"Sheepmeat"
623,82,"Sheepmeat"
918,82,"Sheepmeat"
924,82,"Sheepmeat"
888,82,"Sheepmeat"
889,82,"Sheepmeat"
629,82,"Sheepmeat"
630,82,"Sheepmeat"
631,82,"Sheepmeat"
925,82,"Sheepmeat"
3879,82,"Sheepmeat"
3881,82,"Sheepmeat"
3870,82,"Sheepmeat"
3878,82,"Sheepmeat"
4076,82,"Sheepmeat"
5650,82,"Sheepmeat"
4462,82,"Sheepmeat"
4470,82,"Sheepmeat"
4536,82,"Sheepmeat"
4074,82,"Sheepmeat"
4084,82,"Sheepmeat"
646,82,"Sheepmeat"
927,82,"Sheepmeat"
655,82,"Sheepmeat"
656,82,"Sheepmeat"
658,82,"Sheepmeat"
661,82,"Sheepmeat"
929,82,"Sheepmeat"
670,82,"Sheepmeat"
926,82,"Sheepmeat"
928,82,"Sheepmeat"
3884,82,"Sheepmeat"
4115,82,"Sheepmeat"
5240,82,"Sheepmeat"
5249,82,"Sheepmeat"
5500,82,"Sheepmeat"
5252,82,"Sheepmeat"
5512,82,"Sheepmeat"
3894,82,"Sheepmeat"
3856,82,"Sheepmeat"
3857,82,"Sheepmeat"
3859,82,"Sheepmeat"
3860,82,"Sheepmeat"
3893,82,"Sheepmeat"
3896,82,"Sheepmeat"
3898,82,"Sheepmeat"
3901,82,"Sheepmeat"
3902,82,"Sheepmeat"
3906,82,"Sheepmeat"
4122,82,"Sheepmeat"
3907,82,"Sheepmeat"
3908,82,"Sheepmeat"
877,82,"Sheepmeat"
883,82,"Sheepmeat"
940,82,"Sheepmeat"
936,82,"Sheepmeat"
976,82,"Sheepmeat"
977,82,"Sheepmeat"
950,82,"Sheepmeat"
951,82,"Sheepmeat"
952,82,"Sheepmeat"
938,82,"Sheepmeat"
939,82,"Sheepmeat"
958,82,"Sheepmeat"
963,82,"Sheepmeat"
988,82,"Sheepmeat"
3891,82,"Sheepmeat"
4144,82,"Sheepmeat"
4145,82,"Sheepmeat"
980,82,"Sheepmeat"
985,82,"Sheepmeat"
1070,82,"Sheepmeat"
987,82,"Sheepmeat"
1042,82,"Sheepmeat"
466,82,"Sheepmeat"
965,82,"Sheepmeat"
1047,82,"Sheepmeat"
978,82,"Sheepmeat"
465,82,"Sheepmeat"
467,82,"Sheepmeat"
4013,82,"Sheepmeat"
4055,82,"Sheepmeat"
4063,82,"Sheepmeat"
4066,82,"Sheepmeat"
4094,82,"Sheepmeat"
4089,82,"Sheepmeat"
4002,82,"Sheepmeat"
4003,82,"Sheepmeat"
4004,82,"Sheepmeat"
4016,82,"Sheepmeat"
4021,82,"Sheepmeat"
4032,82,"Sheepmeat"
4033,82,"Sheepmeat"
4041,82,"Sheepmeat"
4020,82,"Sheepmeat"
4051,82,"Sheepmeat"
4052,82,"Sheepmeat"
4053,82,"Sheepmeat"
4056,82,"Sheepmeat"
4057,82,"Sheepmeat"
4061,82,"Sheepmeat"
4062,82,"Sheepmeat"
4065,82,"Sheepmeat"
4067,82,"Sheepmeat"
4030,82,"Sheepmeat"
4027,82,"Sheepmeat"
324,82,"Sheepmeat"
301,82,"Sheepmeat"
323,82,"Sheepmeat"
328,82,"Sheepmeat"
330,82,"Sheepmeat"
327,82,"Sheepmeat"
14758,82,"Sheepmeat"
14759,82,"Sheepmeat"
14760,82,"Sheepmeat"
14935,82,"Sheepmeat"
14936,82,"Sheepmeat"
14766,82,"Sheepmeat"
14770,82,"Sheepmeat"
14941,82,"Sheepmeat"
8315,82,"Sheepmeat"
8316,82,"Sheepmeat"
8054,82,"Sheepmeat"
8053,82,"Sheepmeat"
8064,82,"Sheepmeat"
8066,82,"Sheepmeat"
8312,82,"Sheepmeat"
8313,82,"Sheepmeat"
14776,82,"Sheepmeat"
14777,82,"Sheepmeat"
14778,82,"Sheepmeat"
14782,82,"Sheepmeat"
14783,82,"Sheepmeat"
14957,82,"Sheepmeat"
1013,82,"Sheepmeat"
303,82,"Sheepmeat"
280,82,"Sheepmeat"
281,82,"Sheepmeat"
285,82,"Sheepmeat"
295,82,"Sheepmeat"
997,82,"Sheepmeat"
998,82,"Sheepmeat"
992,82,"Sheepmeat"
993,82,"Sheepmeat"
996,82,"Sheepmeat"
999,82,"Sheepmeat"
1003,82,"Sheepmeat"
1007,82,"Sheepmeat"
1008,82,"Sheepmeat"
1010,82,"Sheepmeat"
1015,82,"Sheepmeat"
1017,82,"Sheepmeat"
1019,82,"Sheepmeat"
1021,82,"Sheepmeat"
1035,82,"Sheepmeat"
1037,82,"Sheepmeat"
1054,82,"Sheepmeat"
1056,82,"Sheepmeat"
1018,82,"Sheepmeat"
1020,82,"Sheepmeat"
1022,82,"Sheepmeat"
1053,82,"Sheepmeat"
1055,82,"Sheepmeat"
17689,82,"Sheepmeat"
17690,82,"Sheepmeat"
17691,82,"Sheepmeat"
17692,82,"Sheepmeat"
17693,82,"Sheepmeat"
254,82,"Sheepmeat"
994,82,"Sheepmeat"
297,82,"Sheepmeat"
283,82,"Sheepmeat"
284,82,"Sheepmeat"
296,82,"Sheepmeat"
253,82,"Sheepmeat"
1087,82,"Sheepmeat"
1093,82,"Sheepmeat"
731,82,"Sheepmeat"
728,82,"Sheepmeat"
730,82,"Sheepmeat"
814,82,"Sheepmeat"
815,82,"Sheepmeat"
821,82,"Sheepmeat"
269,82,"Sheepmeat"
273,82,"Sheepmeat"
732,82,"Sheepmeat"
733,82,"Sheepmeat"
739,82,"Sheepmeat"
740,82,"Sheepmeat"
816,82,"Sheepmeat"
818,82,"Sheepmeat"
820,82,"Sheepmeat"
749,82,"Sheepmeat"
819,82,"Sheepmeat"
748,82,"Sheepmeat"
722,82,"Sheepmeat"
729,82,"Sheepmeat"
734,82,"Sheepmeat"
743,82,"Sheepmeat"
274,82,"Sheepmeat"
291,82,"Sheepmeat"
270,82,"Sheepmeat"
276,82,"Sheepmeat"
278,82,"Sheepmeat"
277,82,"Sheepmeat"
279,82,"Sheepmeat"
267,82,"Sheepmeat"
755,82,"Sheepmeat"
745,82,"Sheepmeat"
8322,82,"Sheepmeat"
8319,82,"Sheepmeat"
753,82,"Sheepmeat"
8056,82,"Sheepmeat"
8057,82,"Sheepmeat"
8317,82,"Sheepmeat"
8055,82,"Sheepmeat"
8318,82,"Sheepmeat"
8059,82,"Sheepmeat"
737,82,"Sheepmeat"
719,82,"Sheepmeat"
720,82,"Sheepmeat"
8052,82,"Sheepmeat"
723,82,"Sheepmeat"
8314,82,"Sheepmeat"
735,82,"Sheepmeat"
736,82,"Sheepmeat"
744,82,"Sheepmeat"
8300,66,"Sheepmeat"
468,66,"Sheepmeat"
469,66,"Sheepmeat"
292,66,"Sheepmeat"
183,66,"Sheepmeat"
212,66,"Sheepmeat"
176,66,"Sheepmeat"
172,66,"Sheepmeat"
225,66,"Sheepmeat"
13191,66,"Sheepmeat"
13192,66,"Sheepmeat"
7956,66,"Sheepmeat"
7364,66,"Sheepmeat"
7367,66,"Sheepmeat"
7368,66,"Sheepmeat"
7369,66,"Sheepmeat"
7370,66,"Sheepmeat"
7959,66,"Sheepmeat"
7964,66,"Sheepmeat"
7972,66,"Sheepmeat"
7980,66,"Sheepmeat"
7981,66,"Sheepmeat"
7382,66,"Sheepmeat"
14558,66,"Sheepmeat"
8133,66,"Sheepmeat"
8134,66,"Sheepmeat"
8137,66,"Sheepmeat"
8367,66,"Sheepmeat"
8444,66,"Sheepmeat"
8364,66,"Sheepmeat"
8185,66,"Sheepmeat"
8441,66,"Sheepmeat"
8442,66,"Sheepmeat"
8443,66,"Sheepmeat"
8449,66,"Sheepmeat"
8431,66,"Sheepmeat"
8435,66,"Sheepmeat"
8436,66,"Sheepmeat"
8205,66,"Sheepmeat"
8188,66,"Sheepmeat"
7975,66,"Sheepmeat"
7977,66,"Sheepmeat"
7978,66,"Sheepmeat"
7983,66,"Sheepmeat"
7453,66,"Sheepmeat"
7455,66,"Sheepmeat"
7457,66,"Sheepmeat"
7459,66,"Sheepmeat"
7465,66,"Sheepmeat"
8141,66,"Sheepmeat"
8142,66,"Sheepmeat"
8187,66,"Sheepmeat"
8439,66,"Sheepmeat"
8189,66,"Sheepmeat"
8190,66,"Sheepmeat"
8446,66,"Sheepmeat"
8192,66,"Sheepmeat"
8448,66,"Sheepmeat"
8196,66,"Sheepmeat"
14316,66,"Sheepmeat"
14320,66,"Sheepmeat"
8451,66,"Sheepmeat"
7086,66,"Sheepmeat"
8380,66,"Sheepmeat"
8145,66,"Sheepmeat"
14304,66,"Sheepmeat"
8183,66,"Sheepmeat"
8184,66,"Sheepmeat"
8440,66,"Sheepmeat"
8450,66,"Sheepmeat"
8454,66,"Sheepmeat"
8198,66,"Sheepmeat"
8456,66,"Sheepmeat"
27020,66,"Sheepmeat"
27279,66,"Sheepmeat"
13419,66,"Sheepmeat"
14545,66,"Sheepmeat"
14546,66,"Sheepmeat"
14548,66,"Sheepmeat"
8180,66,"Sheepmeat"
8437,66,"Sheepmeat"
8438,66,"Sheepmeat"
8182,66,"Sheepmeat"
8202,66,"Sheepmeat"
8204,66,"Sheepmeat"
8206,66,"Sheepmeat"
8207,66,"Sheepmeat"
8208,66,"Sheepmeat"
8209,66,"Sheepmeat"
8211,66,"Sheepmeat"
8618,66,"Sheepmeat"
8661,66,"Sheepmeat"
8662,66,"Sheepmeat"
8663,66,"Sheepmeat"
8666,66,"Sheepmeat"
14549,66,"Sheepmeat"
14550,66,"Sheepmeat"
14551,66,"Sheepmeat"
14552,66,"Sheepmeat"
14554,66,"Sheepmeat"
14555,66,"Sheepmeat"
14557,66,"Sheepmeat"
14311,66,"Sheepmeat"
14312,66,"Sheepmeat"
6368,66,"Sheepmeat"
8556,66,"Sheepmeat"
8557,66,"Sheepmeat"
8558,66,"Sheepmeat"
6483,66,"Sheepmeat"
6713,66,"Sheepmeat"
6721,66,"Sheepmeat"
6722,66,"Sheepmeat"
6723,66,"Sheepmeat"
6725,66,"Sheepmeat"
6726,66,"Sheepmeat"
9036,66,"Sheepmeat"
9047,66,"Sheepmeat"
9048,66,"Sheepmeat"
9065,66,"Sheepmeat"
9066,66,"Sheepmeat"
9069,66,"Sheepmeat"
9076,66,"Sheepmeat"
19631,66,"Sheepmeat"
19632,66,"Sheepmeat"
19633,66,"Sheepmeat"
19638,66,"Sheepmeat"
19639,66,"Sheepmeat"
19642,66,"Sheepmeat"
6712,66,"Sheepmeat"
6324,66,"Sheepmeat"
6339,66,"Sheepmeat"
6342,66,"Sheepmeat"
6343,66,"Sheepmeat"
6361,66,"Sheepmeat"
27272,66,"Sheepmeat"
27273,66,"Sheepmeat"
27276,66,"Sheepmeat"
6362,66,"Sheepmeat"
27019,66,"Sheepmeat"
14564,66,"Sheepmeat"
6382,66,"Sheepmeat"
6383,66,"Sheepmeat"
6364,66,"Sheepmeat"
6366,66,"Sheepmeat"
6367,66,"Sheepmeat"
6376,66,"Sheepmeat"
13416,66,"Sheepmeat"
9056,66,"Sheepmeat"
14934,66,"Sheepmeat"
14753,66,"Sheepmeat"
14779,66,"Sheepmeat"
14780,66,"Sheepmeat"
14948,66,"Sheepmeat"
14755,66,"Sheepmeat"
14761,66,"Sheepmeat"
14762,66,"Sheepmeat"
14938,66,"Sheepmeat"
14757,66,"Sheepmeat"
17685,66,"Sheepmeat"
17686,66,"Sheepmeat"
17687,66,"Sheepmeat"
17688,66,"Sheepmeat"
379,66,"Sheepmeat"
14768,66,"Sheepmeat"
14769,66,"Sheepmeat"
14944,66,"Sheepmeat"
14946,66,"Sheepmeat"
14773,66,"Sheepmeat"
342,66,"Sheepmeat"
14947,66,"Sheepmeat"
14775,66,"Sheepmeat"
14952,66,"Sheepmeat"
14953,66,"Sheepmeat"
14985,66,"Sheepmeat"
14963,66,"Sheepmeat"
14983,66,"Sheepmeat"
14984,66,"Sheepmeat"
14986,66,"Sheepmeat"
14797,66,"Sheepmeat"
14798,66,"Sheepmeat"
14987,66,"Sheepmeat"
14964,66,"Sheepmeat"
14970,66,"Sheepmeat"
14972,66,"Sheepmeat"
14784,66,"Sheepmeat"
14795,66,"Sheepmeat"
340,66,"Sheepmeat"
322,66,"Sheepmeat"
333,66,"Sheepmeat"
6747,66,"Sheepmeat"
6840,66,"Sheepmeat"
6745,66,"Sheepmeat"
6516,66,"Sheepmeat"
6517,66,"Sheepmeat"
7082,66,"Sheepmeat"
7084,66,"Sheepmeat"
6752,66,"Sheepmeat"
6843,66,"Sheepmeat"
7048,66,"Sheepmeat"
6844,66,"Sheepmeat"
7083,66,"Sheepmeat"
15016,66,"Sheepmeat"
14843,66,"Sheepmeat"
15015,66,"Sheepmeat"
14846,66,"Sheepmeat"
14850,66,"Sheepmeat"
14785,66,"Sheepmeat"
14796,66,"Sheepmeat"
14839,66,"Sheepmeat"
14849,66,"Sheepmeat"
7804,66,"Sheepmeat"
7805,66,"Sheepmeat"
14319,66,"Sheepmeat"
14321,66,"Sheepmeat"
14324,66,"Sheepmeat"
8194,66,"Sheepmeat"
8222,66,"Sheepmeat"
8500,66,"Sheepmeat"
7100,66,"Sheepmeat"
14621,66,"Sheepmeat"
8658,66,"Sheepmeat"
8660,66,"Sheepmeat"
3590,66,"Sheepmeat"
3591,66,"Sheepmeat"
3593,66,"Sheepmeat"
3596,66,"Sheepmeat"
3602,66,"Sheepmeat"
3592,66,"Sheepmeat"
3589,66,"Sheepmeat"
3570,66,"Sheepmeat"
3594,66,"Sheepmeat"
3595,66,"Sheepmeat"
3614,66,"Sheepmeat"
3619,66,"Sheepmeat"
3620,66,"Sheepmeat"
3621,66,"Sheepmeat"
3623,66,"Sheepmeat"
589,66,"Sheepmeat"
14623,66,"Sheepmeat"
14670,66,"Sheepmeat"
14671,66,"Sheepmeat"
7109,66,"Sheepmeat"
7110,66,"Sheepmeat"
7111,66,"Sheepmeat"
7112,66,"Sheepmeat"
8212,66,"Sheepmeat"
8457,66,"Sheepmeat"
8458,66,"Sheepmeat"
8459,66,"Sheepmeat"
8224,66,"Sheepmeat"
8225,66,"Sheepmeat"
8227,66,"Sheepmeat"
8468,66,"Sheepmeat"
8476,66,"Sheepmeat"
3588,66,"Sheepmeat"
3627,66,"Sheepmeat"
3624,66,"Sheepmeat"
583,66,"Sheepmeat"
3628,66,"Sheepmeat"
3630,66,"Sheepmeat"
8610,66,"Sheepmeat"
7800,66,"Sheepmeat"
7801,66,"Sheepmeat"
7802,66,"Sheepmeat"
7803,66,"Sheepmeat"
14622,66,"Sheepmeat"
586,66,"Sheepmeat"
3597,66,"Sheepmeat"
3600,66,"Sheepmeat"
3560,66,"Sheepmeat"
3601,66,"Sheepmeat"
3557,66,"Sheepmeat"
5533,66,"Sheepmeat"
5534,66,"Sheepmeat"
5536,66,"Sheepmeat"
5537,66,"Sheepmeat"
5717,66,"Sheepmeat"
11426,66,"Sheepmeat"
5729,66,"Sheepmeat"
5632,66,"Sheepmeat"
5836,66,"Sheepmeat"
5837,66,"Sheepmeat"
11219,66,"Sheepmeat"
11216,66,"Sheepmeat"
5730,66,"Sheepmeat"
5681,66,"Sheepmeat"
5684,66,"Sheepmeat"
5685,66,"Sheepmeat"
5686,66,"Sheepmeat"
5687,66,"Sheepmeat"
5688,66,"Sheepmeat"
5691,66,"Sheepmeat"
5692,66,"Sheepmeat"
5693,66,"Sheepmeat"
5695,66,"Sheepmeat"
5735,66,"Sheepmeat"
11195,66,"Sheepmeat"
11422,66,"Sheepmeat"
11429,66,"Sheepmeat"
11437,66,"Sheepmeat"
11207,66,"Sheepmeat"
11436,66,"Sheepmeat"
11439,66,"Sheepmeat"
3674,66,"Sheepmeat"
3606,66,"Sheepmeat"
5889,66,"Sheepmeat"
5645,66,"Sheepmeat"
5838,66,"Sheepmeat"
3926,66,"Sheepmeat"
5641,66,"Sheepmeat"
3786,66,"Sheepmeat"
3787,66,"Sheepmeat"
11194,66,"Sheepmeat"
11189,66,"Sheepmeat"
11218,66,"Sheepmeat"
11428,66,"Sheepmeat"
11205,66,"Sheepmeat"
11455,66,"Sheepmeat"
11217,66,"Sheepmeat"
11454,66,"Sheepmeat"
3599,66,"Sheepmeat"
5722,66,"Sheepmeat"
3604,66,"Sheepmeat"
3875,66,"Sheepmeat"
3883,66,"Sheepmeat"
3848,66,"Sheepmeat"
3944,66,"Sheepmeat"
5853,66,"Sheepmeat"
5886,66,"Sheepmeat"
3528,66,"Sheepmeat"
3874,66,"Sheepmeat"
3514,66,"Sheepmeat"
3517,66,"Sheepmeat"
3520,66,"Sheepmeat"
3521,66,"Sheepmeat"
3522,66,"Sheepmeat"
3507,66,"Sheepmeat"
3525,66,"Sheepmeat"
3526,66,"Sheepmeat"
3722,66,"Sheepmeat"
3847,66,"Sheepmeat"
10860,66,"Sheepmeat"
11116,66,"Sheepmeat"
3892,66,"Sheepmeat"
11151,66,"Sheepmeat"
3730,66,"Sheepmeat"
3732,66,"Sheepmeat"
3529,66,"Sheepmeat"
3530,66,"Sheepmeat"
3532,66,"Sheepmeat"
3538,66,"Sheepmeat"
3788,66,"Sheepmeat"
3513,66,"Sheepmeat"
3801,66,"Sheepmeat"
3789,66,"Sheepmeat"
3745,66,"Sheepmeat"
11115,66,"Sheepmeat"
11117,66,"Sheepmeat"
11378,66,"Sheepmeat"
11373,66,"Sheepmeat"
11374,66,"Sheepmeat"
11372,66,"Sheepmeat"
3633,66,"Sheepmeat"
3634,66,"Sheepmeat"
10848,66,"Sheepmeat"
10854,66,"Sheepmeat"
11113,66,"Sheepmeat"
11367,66,"Sheepmeat"
11375,66,"Sheepmeat"
3742,66,"Sheepmeat"
3792,66,"Sheepmeat"
3794,66,"Sheepmeat"
3795,66,"Sheepmeat"
3804,66,"Sheepmeat"
3806,66,"Sheepmeat"
3808,66,"Sheepmeat"
3816,66,"Sheepmeat"
3817,66,"Sheepmeat"
3824,66,"Sheepmeat"
3829,66,"Sheepmeat"
3837,66,"Sheepmeat"
3842,66,"Sheepmeat"
3843,66,"Sheepmeat"
3523,66,"Sheepmeat"
5854,66,"Sheepmeat"
3942,66,"Sheepmeat"
5847,66,"Sheepmeat"
5848,66,"Sheepmeat"
4019,66,"Sheepmeat"
5719,66,"Sheepmeat"
5724,66,"Sheepmeat"
5727,66,"Sheepmeat"
5635,66,"Sheepmeat"
3605,66,"Sheepmeat"
3607,66,"Sheepmeat"
3615,66,"Sheepmeat"
3617,66,"Sheepmeat"
5736,66,"Sheepmeat"
5543,66,"Sheepmeat"
5738,66,"Sheepmeat"
5545,66,"Sheepmeat"
5544,66,"Sheepmeat"
17390,66,"Sheepmeat"
17149,66,"Sheepmeat"
17401,66,"Sheepmeat"
17400,66,"Sheepmeat"
17154,66,"Sheepmeat"
17155,66,"Sheepmeat"
17164,66,"Sheepmeat"
17171,66,"Sheepmeat"
17158,66,"Sheepmeat"
17180,66,"Sheepmeat"
17236,66,"Sheepmeat"
17484,66,"Sheepmeat"
17679,66,"Sheepmeat"
17684,66,"Sheepmeat"
17696,66,"Sheepmeat"
17717,66,"Sheepmeat"
17701,66,"Sheepmeat"
14928,66,"Sheepmeat"
1097,66,"Sheepmeat"
1098,66,"Sheepmeat"
1105,66,"Sheepmeat"
1108,66,"Sheepmeat"
14750,66,"Sheepmeat"
14927,66,"Sheepmeat"
3862,66,"Sheepmeat"
3531,66,"Sheepmeat"
3534,66,"Sheepmeat"
3542,66,"Sheepmeat"
3543,66,"Sheepmeat"
3544,66,"Sheepmeat"
3546,66,"Sheepmeat"
3548,66,"Sheepmeat"
3551,66,"Sheepmeat"
3552,66,"Sheepmeat"
3553,66,"Sheepmeat"
3554,66,"Sheepmeat"
3556,66,"Sheepmeat"
3563,66,"Sheepmeat"
3564,66,"Sheepmeat"
3566,66,"Sheepmeat"
15020,66,"Sheepmeat"
14982,66,"Sheepmeat"
14828,66,"Sheepmeat"
14830,66,"Sheepmeat"
15005,66,"Sheepmeat"
14835,66,"Sheepmeat"
14842,66,"Sheepmeat"
14836,66,"Sheepmeat"
14838,66,"Sheepmeat"
15021,66,"Sheepmeat"
14837,66,"Sheepmeat"
14840,66,"Sheepmeat"
14852,66,"Sheepmeat"
14988,66,"Sheepmeat"
14804,66,"Sheepmeat"
14805,66,"Sheepmeat"
14807,66,"Sheepmeat"
14801,66,"Sheepmeat"
14802,66,"Sheepmeat"
14808,66,"Sheepmeat"
14907,66,"Sheepmeat"
14991,66,"Sheepmeat"
14995,66,"Sheepmeat"
14993,66,"Sheepmeat"
14819,66,"Sheepmeat"
14998,66,"Sheepmeat"
15003,66,"Sheepmeat"
14902,66,"Sheepmeat"
14903,66,"Sheepmeat"
1184,66,"Sheepmeat"
15022,66,"Sheepmeat"
16532,66,"Sheepmeat"
14905,66,"Sheepmeat"
17276,66,"Sheepmeat"
17275,66,"Sheepmeat"
17277,66,"Sheepmeat"
17279,66,"Sheepmeat"
15882,66,"Sheepmeat"
15884,66,"Sheepmeat"
15879,66,"Sheepmeat"
16102,66,"Sheepmeat"
15883,66,"Sheepmeat"
17280,66,"Sheepmeat"
17285,66,"Sheepmeat"
17278,66,"Sheepmeat"
17281,66,"Sheepmeat"
6732,66,"Sheepmeat"
6733,66,"Sheepmeat"
6735,66,"Sheepmeat"
15881,66,"Sheepmeat"
15886,66,"Sheepmeat"
6736,66,"Sheepmeat"
14901,66,"Sheepmeat"
14748,66,"Sheepmeat"
14746,66,"Sheepmeat"
1124,66,"Sheepmeat"
14896,66,"Sheepmeat"
14897,66,"Sheepmeat"
14898,66,"Sheepmeat"
14749,66,"Sheepmeat"
1099,66,"Sheepmeat"
1106,66,"Sheepmeat"
1123,66,"Sheepmeat"
14747,66,"Sheepmeat"
8038,66,"Sheepmeat"
709,66,"Sheepmeat"
604,66,"Sheepmeat"
174,66,"Sheepmeat"
8119,66,"Sheepmeat"
8045,66,"Sheepmeat"
610,66,"Sheepmeat"
751,66,"Sheepmeat"
607,66,"Sheepmeat"
293,66,"Sheepmeat"
752,66,"Sheepmeat"
750,66,"Sheepmeat"
756,66,"Sheepmeat"
757,66,"Sheepmeat"
758,66,"Sheepmeat"
606,66,"Sheepmeat"
175,66,"Sheepmeat"
6743,66,"Sheepmeat"
6518,66,"Sheepmeat"
10892,66,"Sheepmeat"
6742,66,"Sheepmeat"
10894,66,"Sheepmeat"
6514,66,"Sheepmeat"
17283,66,"Sheepmeat"
6730,66,"Sheepmeat"
14570,66,"Sheepmeat"
30917,66,"Sheepmeat"
14331,66,"Sheepmeat"
30676,66,"Sheepmeat"
30687,66,"Sheepmeat"
14332,66,"Sheepmeat"
30911,66,"Sheepmeat"
31068,66,"Sheepmeat"
4924,66,"Sheepmeat"
31069,66,"Sheepmeat"
30337,66,"Sheepmeat"
4920,66,"Sheepmeat"
4923,66,"Sheepmeat"
30918,66,"Sheepmeat"
30939,66,"Sheepmeat"
4919,66,"Sheepmeat"
4874,66,"Sheepmeat"
4907,66,"Sheepmeat"
18436,66,"Sheepmeat"
15867,66,"Sheepmeat"
15869,66,"Sheepmeat"
15866,66,"Sheepmeat"
10973,66,"Sheepmeat"
16083,66,"Sheepmeat"
16074,66,"Sheepmeat"
15870,66,"Sheepmeat"
10974,66,"Sheepmeat"
16075,66,"Sheepmeat"
16076,66,"Sheepmeat"
15873,66,"Sheepmeat"
16082,66,"Sheepmeat"
17274,66,"Sheepmeat"
16084,66,"Sheepmeat"
15877,66,"Sheepmeat"
16101,66,"Sheepmeat"
16086,66,"Sheepmeat"
15876,66,"Sheepmeat"
16091,66,"Sheepmeat"
16098,66,"Sheepmeat"
15880,66,"Sheepmeat"
10935,66,"Sheepmeat"
10945,66,"Sheepmeat"
10952,66,"Sheepmeat"
10963,66,"Sheepmeat"
10971,66,"Sheepmeat"
10972,66,"Sheepmeat"
11001,66,"Sheepmeat"
11004,66,"Sheepmeat"
11008,66,"Sheepmeat"
11014,66,"Sheepmeat"
11021,66,"Sheepmeat"
6842,66,"Sheepmeat"
15885,66,"Sheepmeat"
15887,66,"Sheepmeat"
6737,66,"Sheepmeat"
6740,66,"Sheepmeat"
1175,66,"Sheepmeat"
1176,66,"Sheepmeat"
1177,66,"Sheepmeat"
1164,66,"Sheepmeat"
1169,66,"Sheepmeat"
1170,66,"Sheepmeat"
1171,66,"Sheepmeat"
1178,66,"Sheepmeat"
1188,66,"Sheepmeat"
1194,66,"Sheepmeat"
1195,66,"Sheepmeat"
1200,66,"Sheepmeat"
1201,66,"Sheepmeat"
1203,66,"Sheepmeat"
1210,66,"Sheepmeat"
30348,66,"Sheepmeat"
30384,66,"Sheepmeat"
30410,66,"Sheepmeat"
16479,66,"Sheepmeat"
1125,66,"Sheepmeat"
16468,66,"Sheepmeat"
16334,66,"Sheepmeat"
16465,66,"Sheepmeat"
16464,66,"Sheepmeat"
16455,66,"Sheepmeat"
16456,66,"Sheepmeat"
16470,66,"Sheepmeat"
16472,66,"Sheepmeat"
16473,66,"Sheepmeat"
16476,66,"Sheepmeat"
16484,66,"Sheepmeat"
14899,66,"Sheepmeat"
14900,66,"Sheepmeat"
16469,66,"Sheepmeat"
16573,66,"Sheepmeat"
16576,66,"Sheepmeat"
16577,66,"Sheepmeat"
16582,66,"Sheepmeat"
16336,66,"Sheepmeat"
16271,66,"Sheepmeat"
16486,66,"Sheepmeat"
16269,66,"Sheepmeat"
16270,66,"Sheepmeat"
16495,66,"Sheepmeat"
16453,66,"Sheepmeat"
16488,66,"Sheepmeat"
16487,66,"Sheepmeat"
16272,66,"Sheepmeat"
1174,66,"Sheepmeat"
16338,66,"Sheepmeat"
16452,66,"Sheepmeat"
16454,66,"Sheepmeat"
16457,66,"Sheepmeat"
16459,66,"Sheepmeat"
1181,66,"Sheepmeat"
16585,66,"Sheepmeat"
16586,66,"Sheepmeat"
14910,66,"Sheepmeat"
14743,66,"Sheepmeat"
14809,66,"Sheepmeat"
14922,66,"Sheepmeat"
1165,66,"Sheepmeat"
1222,66,"Sheepmeat"
1205,66,"Sheepmeat"
1213,66,"Sheepmeat"
15863,66,"Sheepmeat"
16063,66,"Sheepmeat"
1218,66,"Sheepmeat"
1221,66,"Sheepmeat"
15862,66,"Sheepmeat"
1248,66,"Sheepmeat"
1249,66,"Sheepmeat"
1251,66,"Sheepmeat"
1252,66,"Sheepmeat"
1362,66,"Sheepmeat"
16590,66,"Sheepmeat"
16353,66,"Sheepmeat"
16600,66,"Sheepmeat"
16171,66,"Sheepmeat"
16112,66,"Sheepmeat"
1137,66,"Sheepmeat"
1138,66,"Sheepmeat"
1141,66,"Sheepmeat"
1142,66,"Sheepmeat"
1397,66,"Sheepmeat"
1399,66,"Sheepmeat"
1417,66,"Sheepmeat"
16589,66,"Sheepmeat"
16349,66,"Sheepmeat"
10821,66,"Sheepmeat"
16355,66,"Sheepmeat"
16170,66,"Sheepmeat"
16219,66,"Sheepmeat"
16325,66,"Sheepmeat"
16051,66,"Sheepmeat"
16052,66,"Sheepmeat"
16592,66,"Sheepmeat"
16460,66,"Sheepmeat"
15855,66,"Sheepmeat"
10958,66,"Sheepmeat"
11037,66,"Sheepmeat"
10976,66,"Sheepmeat"
16053,66,"Sheepmeat"
16055,66,"Sheepmeat"
16596,66,"Sheepmeat"
15941,66,"Sheepmeat"
10982,66,"Sheepmeat"
10997,66,"Sheepmeat"
1153,66,"Sheepmeat"
1239,66,"Sheepmeat"
1242,66,"Sheepmeat"
1244,66,"Sheepmeat"
10955,66,"Sheepmeat"
10956,66,"Sheepmeat"
10960,66,"Sheepmeat"
23254,66,"Sheepmeat"
13420,66,"Sheepmeat"
23255,66,"Sheepmeat"
13403,66,"Sheepmeat"
13412,66,"Sheepmeat"
13164,66,"Sheepmeat"
13057,66,"Sheepmeat"
19320,66,"Sheepmeat"
23256,66,"Sheepmeat"
23010,66,"Sheepmeat"
13052,66,"Sheepmeat"
13053,66,"Sheepmeat"
30729,66,"Sheepmeat"
31573,66,"Sheepmeat"
21540,66,"Sheepmeat"
31659,66,"Sheepmeat"
20346,66,"Sheepmeat"
13058,66,"Sheepmeat"
13059,66,"Sheepmeat"
6079,66,"Sheepmeat"
21355,66,"Sheepmeat"
20345,66,"Sheepmeat"
30291,66,"Sheepmeat"
30310,66,"Sheepmeat"
30318,66,"Sheepmeat"
14338,66,"Sheepmeat"
7386,66,"Sheepmeat"
7387,66,"Sheepmeat"
7388,66,"Sheepmeat"
7389,66,"Sheepmeat"
7390,66,"Sheepmeat"
7394,66,"Sheepmeat"
7395,66,"Sheepmeat"
7396,66,"Sheepmeat"
21359,66,"Sheepmeat"
8356,66,"Sheepmeat"
8359,66,"Sheepmeat"
7397,66,"Sheepmeat"
7398,66,"Sheepmeat"
7400,66,"Sheepmeat"
7401,66,"Sheepmeat"
7402,66,"Sheepmeat"
7403,66,"Sheepmeat"
7404,66,"Sheepmeat"
7415,66,"Sheepmeat"
7417,66,"Sheepmeat"
7419,66,"Sheepmeat"
8357,66,"Sheepmeat"
8135,66,"Sheepmeat"
7420,66,"Sheepmeat"
7421,66,"Sheepmeat"
7422,66,"Sheepmeat"
7445,66,"Sheepmeat"
7446,66,"Sheepmeat"
7447,66,"Sheepmeat"
8338,66,"Sheepmeat"
8341,66,"Sheepmeat"
8342,66,"Sheepmeat"
7081,66,"Sheepmeat"
8351,66,"Sheepmeat"
8353,66,"Sheepmeat"
8354,66,"Sheepmeat"
8355,66,"Sheepmeat"
7049,66,"Sheepmeat"
12910,66,"Sheepmeat"
1257,66,"Sheepmeat"
1360,66,"Sheepmeat"
10923,66,"Sheepmeat"
1264,66,"Sheepmeat"
1265,66,"Sheepmeat"
1275,66,"Sheepmeat"
1258,66,"Sheepmeat"
1259,66,"Sheepmeat"
10934,66,"Sheepmeat"
10932,66,"Sheepmeat"
12911,66,"Sheepmeat"
12912,66,"Sheepmeat"
12913,66,"Sheepmeat"
12916,66,"Sheepmeat"
12744,66,"Sheepmeat"
12942,66,"Sheepmeat"
12943,66,"Sheepmeat"
12772,66,"Sheepmeat"
12797,66,"Sheepmeat"
6845,66,"Sheepmeat"
4000,66,"Sheepmeat"
4001,66,"Sheepmeat"
4005,66,"Sheepmeat"
3996,66,"Sheepmeat"
4023,66,"Sheepmeat"
4024,66,"Sheepmeat"
4025,66,"Sheepmeat"
4043,66,"Sheepmeat"
4046,66,"Sheepmeat"
4047,66,"Sheepmeat"
4045,66,"Sheepmeat"
1612,66,"Sheepmeat"
1608,66,"Sheepmeat"
1611,66,"Sheepmeat"
1613,66,"Sheepmeat"
4537,66,"Sheepmeat"
4538,66,"Sheepmeat"
1614,66,"Sheepmeat"
1615,66,"Sheepmeat"
1588,66,"Sheepmeat"
1605,66,"Sheepmeat"
1607,66,"Sheepmeat"
4048,66,"Sheepmeat"
4060,66,"Sheepmeat"
1575,66,"Sheepmeat"
4520,66,"Sheepmeat"
4049,66,"Sheepmeat"
4050,66,"Sheepmeat"
4059,66,"Sheepmeat"
4085,66,"Sheepmeat"
4087,66,"Sheepmeat"
4088,66,"Sheepmeat"
4542,66,"Sheepmeat"
4540,66,"Sheepmeat"
4471,66,"Sheepmeat"
4534,66,"Sheepmeat"
4077,66,"Sheepmeat"
4079,66,"Sheepmeat"
4080,66,"Sheepmeat"
4086,66,"Sheepmeat"
4543,66,"Sheepmeat"
4208,66,"Sheepmeat"
4518,66,"Sheepmeat"
4524,66,"Sheepmeat"
4539,66,"Sheepmeat"
4461,66,"Sheepmeat"
4519,66,"Sheepmeat"
4521,66,"Sheepmeat"
4522,66,"Sheepmeat"
4523,66,"Sheepmeat"
4525,66,"Sheepmeat"
4535,66,"Sheepmeat"
1458,66,"Sheepmeat"
1482,66,"Sheepmeat"
1496,66,"Sheepmeat"
4472,66,"Sheepmeat"
4475,66,"Sheepmeat"
4476,66,"Sheepmeat"
4477,66,"Sheepmeat"
4527,66,"Sheepmeat"
4529,66,"Sheepmeat"
4530,66,"Sheepmeat"
4531,66,"Sheepmeat"
4473,66,"Sheepmeat"
4468,66,"Sheepmeat"
4480,66,"Sheepmeat"
4193,66,"Sheepmeat"
1616,66,"Sheepmeat"
4513,66,"Sheepmeat"
1641,66,"Sheepmeat"
1853,66,"Sheepmeat"
1516,66,"Sheepmeat"
1553,66,"Sheepmeat"
1554,66,"Sheepmeat"
1555,66,"Sheepmeat"
1564,66,"Sheepmeat"
1569,66,"Sheepmeat"
1574,66,"Sheepmeat"
1576,66,"Sheepmeat"
1586,66,"Sheepmeat"
1589,66,"Sheepmeat"
1590,66,"Sheepmeat"
1593,66,"Sheepmeat"
1600,66,"Sheepmeat"
1603,66,"Sheepmeat"
7736,66,"Sheepmeat"
8026,66,"Sheepmeat"
7996,66,"Sheepmeat"
1649,66,"Sheepmeat"
1652,66,"Sheepmeat"
1665,66,"Sheepmeat"
3311,66,"Sheepmeat"
1702,66,"Sheepmeat"
2155,66,"Sheepmeat"
1834,66,"Sheepmeat"
1837,66,"Sheepmeat"
1838,66,"Sheepmeat"
1839,66,"Sheepmeat"
1842,66,"Sheepmeat"
1844,66,"Sheepmeat"
1852,66,"Sheepmeat"
1657,66,"Sheepmeat"
1658,66,"Sheepmeat"
1659,66,"Sheepmeat"
1660,66,"Sheepmeat"
1661,66,"Sheepmeat"
1663,66,"Sheepmeat"
1664,66,"Sheepmeat"
1678,66,"Sheepmeat"
1833,66,"Sheepmeat"
4485,66,"Sheepmeat"
4512,66,"Sheepmeat"
4505,66,"Sheepmeat"
1850,66,"Sheepmeat"
1851,66,"Sheepmeat"
1854,66,"Sheepmeat"
4528,66,"Sheepmeat"
1921,66,"Sheepmeat"
1929,66,"Sheepmeat"
1931,66,"Sheepmeat"
1882,66,"Sheepmeat"
1888,66,"Sheepmeat"
4506,66,"Sheepmeat"
4507,66,"Sheepmeat"
4508,66,"Sheepmeat"
1906,66,"Sheepmeat"
1457,66,"Sheepmeat"
1933,66,"Sheepmeat"
9115,66,"Sheepmeat"
8900,66,"Sheepmeat"
1978,66,"Sheepmeat"
1979,66,"Sheepmeat"
8899,66,"Sheepmeat"
8905,66,"Sheepmeat"
3448,66,"Sheepmeat"
3451,66,"Sheepmeat"
1891,66,"Sheepmeat"
1893,66,"Sheepmeat"
3447,66,"Sheepmeat"
3467,66,"Sheepmeat"
1901,66,"Sheepmeat"
1902,66,"Sheepmeat"
1904,66,"Sheepmeat"
872,66,"Sheepmeat"
621,66,"Sheepmeat"
1941,66,"Sheepmeat"
1946,66,"Sheepmeat"
2158,66,"Sheepmeat"
8908,66,"Sheepmeat"
1894,66,"Sheepmeat"
1895,66,"Sheepmeat"
875,66,"Sheepmeat"
878,66,"Sheepmeat"
1899,66,"Sheepmeat"
377,66,"Sheepmeat"
3300,66,"Sheepmeat"
3301,66,"Sheepmeat"
3446,66,"Sheepmeat"
372,66,"Sheepmeat"
3460,66,"Sheepmeat"
3461,66,"Sheepmeat"
3462,66,"Sheepmeat"
3466,66,"Sheepmeat"
3494,66,"Sheepmeat"
3459,66,"Sheepmeat"
3458,66,"Sheepmeat"
12923,66,"Sheepmeat"
12750,66,"Sheepmeat"
12932,66,"Sheepmeat"
12933,66,"Sheepmeat"
12934,66,"Sheepmeat"
3392,66,"Sheepmeat"
3393,66,"Sheepmeat"
3430,66,"Sheepmeat"
3433,66,"Sheepmeat"
3434,66,"Sheepmeat"
3457,66,"Sheepmeat"
2162,66,"Sheepmeat"
2163,66,"Sheepmeat"
12770,66,"Sheepmeat"
12771,66,"Sheepmeat"
12765,66,"Sheepmeat"
12766,66,"Sheepmeat"
12767,66,"Sheepmeat"
12758,66,"Sheepmeat"
12763,66,"Sheepmeat"
12764,66,"Sheepmeat"
12769,66,"Sheepmeat"
12938,66,"Sheepmeat"
12967,66,"Sheepmeat"
12962,66,"Sheepmeat"
13004,66,"Sheepmeat"
12809,66,"Sheepmeat"
12808,66,"Sheepmeat"
12956,66,"Sheepmeat"
3785,66,"Sheepmeat"
11123,66,"Sheepmeat"
10874,66,"Sheepmeat"
11142,66,"Sheepmeat"
7578,66,"Sheepmeat"
7477,66,"Sheepmeat"
7478,66,"Sheepmeat"
7576,66,"Sheepmeat"
7575,66,"Sheepmeat"
7476,66,"Sheepmeat"
12941,66,"Sheepmeat"
12937,66,"Sheepmeat"
12958,66,"Sheepmeat"
12959,66,"Sheepmeat"
12960,66,"Sheepmeat"
12961,66,"Sheepmeat"
7493,66,"Sheepmeat"
7495,66,"Sheepmeat"
10838,66,"Sheepmeat"
7533,66,"Sheepmeat"
7582,66,"Sheepmeat"
7469,66,"Sheepmeat"
7474,66,"Sheepmeat"
7532,66,"Sheepmeat"
7577,66,"Sheepmeat"
10873,66,"Sheepmeat"
10866,66,"Sheepmeat"
11346,66,"Sheepmeat"
11351,66,"Sheepmeat"
11353,66,"Sheepmeat"
11355,66,"Sheepmeat"
11349,66,"Sheepmeat"
11350,66,"Sheepmeat"
7561,66,"Sheepmeat"
7567,66,"Sheepmeat"
7568,66,"Sheepmeat"
7573,66,"Sheepmeat"
7574,66,"Sheepmeat"
11340,66,"Sheepmeat"
581,66,"Sheepmeat"
11359,66,"Sheepmeat"
7963,66,"Sheepmeat"
7374,66,"Sheepmeat"
7968,66,"Sheepmeat"
7381,66,"Sheepmeat"
7449,66,"Sheepmeat"
12909,66,"Sheepmeat"
7373,66,"Sheepmeat"
7958,66,"Sheepmeat"
7974,66,"Sheepmeat"
12924,66,"Sheepmeat"
12977,66,"Sheepmeat"
12979,66,"Sheepmeat"
12984,66,"Sheepmeat"
7393,66,"Sheepmeat"
7392,66,"Sheepmeat"
8360,66,"Sheepmeat"
12914,66,"Sheepmeat"
12915,66,"Sheepmeat"
12745,66,"Sheepmeat"
12751,66,"Sheepmeat"
12756,66,"Sheepmeat"
12757,66,"Sheepmeat"
11184,66,"Sheepmeat"
11421,66,"Sheepmeat"
11208,66,"Sheepmeat"
1623,66,"Sheepmeat"
1626,66,"Sheepmeat"
1628,66,"Sheepmeat"
1630,66,"Sheepmeat"
1629,66,"Sheepmeat"
1640,66,"Sheepmeat"
1636,66,"Sheepmeat"
1642,66,"Sheepmeat"
7646,66,"Sheepmeat"
7655,66,"Sheepmeat"
7656,66,"Sheepmeat"
7695,66,"Sheepmeat"
7697,66,"Sheepmeat"
7698,66,"Sheepmeat"
7699,66,"Sheepmeat"
7700,66,"Sheepmeat"
7703,66,"Sheepmeat"
7705,66,"Sheepmeat"
7706,66,"Sheepmeat"
7707,66,"Sheepmeat"
7708,66,"Sheepmeat"
7709,66,"Sheepmeat"
7715,66,"Sheepmeat"
7716,66,"Sheepmeat"
7719,66,"Sheepmeat"
7720,66,"Sheepmeat"
7727,66,"Sheepmeat"
7733,66,"Sheepmeat"
3997,66,"Sheepmeat"
3998,66,"Sheepmeat"
3999,66,"Sheepmeat"
7711,66,"Sheepmeat"
7713,66,"Sheepmeat"
7652,66,"Sheepmeat"
7653,66,"Sheepmeat"
7657,66,"Sheepmeat"
7691,66,"Sheepmeat"
7692,66,"Sheepmeat"
7712,66,"Sheepmeat"
7714,66,"Sheepmeat"
7732,66,"Sheepmeat"
7737,66,"Sheepmeat"
7738,66,"Sheepmeat"
7739,66,"Sheepmeat"
4009,66,"Sheepmeat"
7723,66,"Sheepmeat"
7726,66,"Sheepmeat"
4011,66,"Sheepmeat"
4017,66,"Sheepmeat"
1954,66,"Sheepmeat"
9102,66,"Sheepmeat"
9103,66,"Sheepmeat"
9105,66,"Sheepmeat"
9131,66,"Sheepmeat"
9101,66,"Sheepmeat"
7371,66,"Sheepmeat"
7372,66,"Sheepmeat"
7957,66,"Sheepmeat"
7960,66,"Sheepmeat"
7961,66,"Sheepmeat"
7962,66,"Sheepmeat"
7982,66,"Sheepmeat"
7984,66,"Sheepmeat"
7385,66,"Sheepmeat"
7436,66,"Sheepmeat"
8140,66,"Sheepmeat"
12917,66,"Sheepmeat"
12747,66,"Sheepmeat"
7686,66,"Sheepmeat"
7687,66,"Sheepmeat"
7624,66,"Sheepmeat"
832,66,"Sheepmeat"
618,66,"Sheepmeat"
1924,66,"Sheepmeat"
1949,66,"Sheepmeat"
1950,66,"Sheepmeat"
1951,66,"Sheepmeat"
1952,66,"Sheepmeat"
1953,66,"Sheepmeat"
1955,66,"Sheepmeat"
1956,66,"Sheepmeat"
1961,66,"Sheepmeat"
1965,66,"Sheepmeat"
1966,66,"Sheepmeat"
9098,66,"Sheepmeat"
9100,66,"Sheepmeat"
9222,66,"Sheepmeat"
7689,66,"Sheepmeat"
7659,66,"Sheepmeat"
7666,66,"Sheepmeat"
12925,66,"Sheepmeat"
11009,66,"Sheepmeat"
11010,66,"Sheepmeat"
11018,66,"Sheepmeat"
11019,66,"Sheepmeat"
11020,66,"Sheepmeat"
11022,66,"Sheepmeat"
11039,66,"Sheepmeat"
11040,66,"Sheepmeat"
10999,66,"Sheepmeat"
11023,66,"Sheepmeat"
11024,66,"Sheepmeat"
11031,66,"Sheepmeat"
11036,66,"Sheepmeat"
1391,66,"Sheepmeat"
1392,66,"Sheepmeat"
10832,66,"Sheepmeat"
1430,66,"Sheepmeat"
10980,66,"Sheepmeat"
10981,66,"Sheepmeat"
10995,66,"Sheepmeat"
11006,66,"Sheepmeat"
10988,66,"Sheepmeat"
10993,66,"Sheepmeat"
10998,66,"Sheepmeat"
10953,66,"Sheepmeat"
10994,66,"Sheepmeat"
11003,66,"Sheepmeat"
11015,66,"Sheepmeat"
11016,66,"Sheepmeat"
11034,66,"Sheepmeat"
11038,66,"Sheepmeat"
17272,66,"Sheepmeat"
1268,66,"Sheepmeat"
1269,66,"Sheepmeat"
1270,66,"Sheepmeat"
1271,66,"Sheepmeat"
1272,66,"Sheepmeat"
1385,66,"Sheepmeat"
1267,66,"Sheepmeat"
1277,66,"Sheepmeat"
1281,66,"Sheepmeat"
1283,66,"Sheepmeat"
1322,66,"Sheepmeat"
1280,66,"Sheepmeat"
1282,66,"Sheepmeat"
1284,66,"Sheepmeat"
1320,66,"Sheepmeat"
1321,66,"Sheepmeat"
1291,66,"Sheepmeat"
1317,66,"Sheepmeat"
1318,66,"Sheepmeat"
1289,66,"Sheepmeat"
16862,66,"Sheepmeat"
11064,66,"Sheepmeat"
10918,66,"Sheepmeat"
10920,66,"Sheepmeat"
10941,66,"Sheepmeat"
10950,66,"Sheepmeat"
10951,66,"Sheepmeat"
10943,66,"Sheepmeat"
10944,66,"Sheepmeat"
7634,66,"Sheepmeat"
7635,66,"Sheepmeat"
7636,66,"Sheepmeat"
7660,66,"Sheepmeat"
7637,66,"Sheepmeat"
7643,66,"Sheepmeat"
7694,66,"Sheepmeat"
759,66,"Sheepmeat"
760,66,"Sheepmeat"
775,66,"Sheepmeat"
7639,66,"Sheepmeat"
7640,66,"Sheepmeat"
5728,66,"Sheepmeat"
831,66,"Sheepmeat"
8107,66,"Sheepmeat"
771,66,"Sheepmeat"
828,66,"Sheepmeat"
773,66,"Sheepmeat"
830,66,"Sheepmeat"
7625,66,"Sheepmeat"
7626,66,"Sheepmeat"
7627,66,"Sheepmeat"
7629,66,"Sheepmeat"
7630,66,"Sheepmeat"
7631,66,"Sheepmeat"
7633,66,"Sheepmeat"
7641,66,"Sheepmeat"
7661,66,"Sheepmeat"
7663,66,"Sheepmeat"
7665,66,"Sheepmeat"
7667,66,"Sheepmeat"
7668,66,"Sheepmeat"
10959,66,"Sheepmeat"
10961,66,"Sheepmeat"
7674,66,"Sheepmeat"
7677,66,"Sheepmeat"
7679,66,"Sheepmeat"
7680,66,"Sheepmeat"
7682,66,"Sheepmeat"
7684,66,"Sheepmeat"
7693,66,"Sheepmeat"
11092,66,"Sheepmeat"
11093,66,"Sheepmeat"
10846,66,"Sheepmeat"
10853,66,"Sheepmeat"
10857,66,"Sheepmeat"
11097,66,"Sheepmeat"
11102,66,"Sheepmeat"
11103,66,"Sheepmeat"
10865,66,"Sheepmeat"
11112,66,"Sheepmeat"
10869,66,"Sheepmeat"
11122,66,"Sheepmeat"
11379,66,"Sheepmeat"
11085,66,"Sheepmeat"
10840,66,"Sheepmeat"
11121,66,"Sheepmeat"
4147,66,"Sheepmeat"
4151,66,"Sheepmeat"
4165,66,"Sheepmeat"
4168,66,"Sheepmeat"
10962,66,"Sheepmeat"
10964,66,"Sheepmeat"
10965,66,"Sheepmeat"
10969,66,"Sheepmeat"
10970,66,"Sheepmeat"
10975,66,"Sheepmeat"
10991,66,"Sheepmeat"
11017,66,"Sheepmeat"
11033,66,"Sheepmeat"
1285,66,"Sheepmeat"
1387,66,"Sheepmeat"
4164,66,"Sheepmeat"
4073,66,"Sheepmeat"
4170,66,"Sheepmeat"
5655,66,"Sheepmeat"
3886,66,"Sheepmeat"
17330,66,"Sheepmeat"
1155,66,"Sheepmeat"
1157,66,"Sheepmeat"
1235,66,"Sheepmeat"
5656,66,"Sheepmeat"
5664,66,"Sheepmeat"
4109,66,"Sheepmeat"
4110,66,"Sheepmeat"
4111,66,"Sheepmeat"
4127,66,"Sheepmeat"
4128,66,"Sheepmeat"
4129,66,"Sheepmeat"
4131,66,"Sheepmeat"
4133,66,"Sheepmeat"
4148,66,"Sheepmeat"
4149,66,"Sheepmeat"
4150,66,"Sheepmeat"
5666,66,"Sheepmeat"
5667,66,"Sheepmeat"
5670,66,"Sheepmeat"
5671,66,"Sheepmeat"
5672,66,"Sheepmeat"
5674,66,"Sheepmeat"
5682,66,"Sheepmeat"
5510,66,"Sheepmeat"
5511,66,"Sheepmeat"
5660,66,"Sheepmeat"
5661,66,"Sheepmeat"
5662,66,"Sheepmeat"
3960,66,"Sheepmeat"
4171,66,"Sheepmeat"
4172,66,"Sheepmeat"
6582,66,"Sheepmeat"
5866,66,"Sheepmeat"
5873,66,"Sheepmeat"
5879,66,"Sheepmeat"
6571,66,"Sheepmeat"
6572,66,"Sheepmeat"
4460,66,"Sheepmeat"
3917,66,"Sheepmeat"
3921,66,"Sheepmeat"
3961,66,"Sheepmeat"
3962,66,"Sheepmeat"
3964,66,"Sheepmeat"
3971,66,"Sheepmeat"
3986,66,"Sheepmeat"
3987,66,"Sheepmeat"
3988,66,"Sheepmeat"
3989,66,"Sheepmeat"
5677,66,"Sheepmeat"
3864,66,"Sheepmeat"
3888,66,"Sheepmeat"
3905,66,"Sheepmeat"
3909,66,"Sheepmeat"
3910,66,"Sheepmeat"
3914,66,"Sheepmeat"
3915,66,"Sheepmeat"
3923,66,"Sheepmeat"
3930,66,"Sheepmeat"
3933,66,"Sheepmeat"
3935,66,"Sheepmeat"
3936,66,"Sheepmeat"
3937,66,"Sheepmeat"
3938,66,"Sheepmeat"
3947,66,"Sheepmeat"
3950,66,"Sheepmeat"
3951,66,"Sheepmeat"
3952,66,"Sheepmeat"
3954,66,"Sheepmeat"
5690,66,"Sheepmeat"
5732,66,"Sheepmeat"
5833,66,"Sheepmeat"
5883,66,"Sheepmeat"
5885,66,"Sheepmeat"
5840,66,"Sheepmeat"
3963,66,"Sheepmeat"
3977,66,"Sheepmeat"
3978,66,"Sheepmeat"
3983,66,"Sheepmeat"
3992,66,"Sheepmeat"
11449,66,"Sheepmeat"
5846,66,"Sheepmeat"
5858,66,"Sheepmeat"
5868,66,"Sheepmeat"
5869,66,"Sheepmeat"
5870,66,"Sheepmeat"
5881,66,"Sheepmeat"
5882,66,"Sheepmeat"
5890,66,"Sheepmeat"
3577,66,"Sheepmeat"
3587,66,"Sheepmeat"
3571,66,"Sheepmeat"
3572,66,"Sheepmeat"
3575,66,"Sheepmeat"
3576,66,"Sheepmeat"
3524,66,"Sheepmeat"
3565,66,"Sheepmeat"
12775,66,"Sheepmeat"
13044,66,"Sheepmeat"
10913,66,"Sheepmeat"
10914,66,"Sheepmeat"
10916,66,"Sheepmeat"
12776,66,"Sheepmeat"
12944,66,"Sheepmeat"
12957,66,"Sheepmeat"
12945,66,"Sheepmeat"
12946,66,"Sheepmeat"
12947,66,"Sheepmeat"
12948,66,"Sheepmeat"
12949,66,"Sheepmeat"
12951,66,"Sheepmeat"
10917,66,"Sheepmeat"
10919,66,"Sheepmeat"
10921,66,"Sheepmeat"
10922,66,"Sheepmeat"
10946,66,"Sheepmeat"
10947,66,"Sheepmeat"
10949,66,"Sheepmeat"
10915,66,"Sheepmeat"
13045,66,"Sheepmeat"
10924,66,"Sheepmeat"
10925,66,"Sheepmeat"
10930,66,"Sheepmeat"
10931,66,"Sheepmeat"
10933,66,"Sheepmeat"
11067,66,"Sheepmeat"
11076,66,"Sheepmeat"
12801,66,"Sheepmeat"
13027,66,"Sheepmeat"
10942,66,"Sheepmeat"
10940,66,"Sheepmeat"
12805,66,"Sheepmeat"
7407,66,"Sheepmeat"
7414,66,"Sheepmeat"
13048,66,"Sheepmeat"
7416,66,"Sheepmeat"
7442,66,"Sheepmeat"
7428,66,"Sheepmeat"
10895,66,"Sheepmeat"
10903,66,"Sheepmeat"
10904,66,"Sheepmeat"
7413,66,"Sheepmeat"
4107,66,"Sheepmeat"
4108,66,"Sheepmeat"
4114,66,"Sheepmeat"
5519,66,"Sheepmeat"
13051,66,"Sheepmeat"
10893,66,"Sheepmeat"
10898,66,"Sheepmeat"
10902,66,"Sheepmeat"
10907,66,"Sheepmeat"
10908,66,"Sheepmeat"
10912,66,"Sheepmeat"
5708,66,"Sheepmeat"
5710,66,"Sheepmeat"
5527,66,"Sheepmeat"
5718,66,"Sheepmeat"
5530,66,"Sheepmeat"
5522,66,"Sheepmeat"
5716,66,"Sheepmeat"
3549,66,"Sheepmeat"
344,66,"Sheepmeat"
378,66,"Sheepmeat"
5526,66,"Sheepmeat"
5528,66,"Sheepmeat"
2186,66,"Sheepmeat"
2038,66,"Sheepmeat"
375,66,"Sheepmeat"
2005,66,"Sheepmeat"
376,66,"Sheepmeat"
404,66,"Sheepmeat"
2125,66,"Sheepmeat"
2033,66,"Sheepmeat"
2145,66,"Sheepmeat"
2147,66,"Sheepmeat"
2148,66,"Sheepmeat"
1993,66,"Sheepmeat"
1994,66,"Sheepmeat"
2039,66,"Sheepmeat"
2041,66,"Sheepmeat"
2149,66,"Sheepmeat"
2259,66,"Sheepmeat"
2241,66,"Sheepmeat"
2258,66,"Sheepmeat"
2260,66,"Sheepmeat"
2262,66,"Sheepmeat"
791,66,"Sheepmeat"
778,66,"Sheepmeat"
691,66,"Sheepmeat"
679,66,"Sheepmeat"
798,66,"Sheepmeat"
8067,66,"Sheepmeat"
792,66,"Sheepmeat"
8117,66,"Sheepmeat"
793,66,"Sheepmeat"
861,66,"Sheepmeat"
693,66,"Sheepmeat"
697,66,"Sheepmeat"
1016,66,"Sheepmeat"
696,66,"Sheepmeat"
286,66,"Sheepmeat"
287,66,"Sheepmeat"
294,66,"Sheepmeat"
12802,66,"Sheepmeat"
12804,66,"Sheepmeat"
12803,66,"Sheepmeat"
8115,66,"Sheepmeat"
8070,66,"Sheepmeat"
8114,66,"Sheepmeat"
1014,66,"Sheepmeat"
991,66,"Sheepmeat"
1029,66,"Sheepmeat"
698,66,"Sheepmeat"
677,66,"Sheepmeat"
12807,66,"Sheepmeat"
13013,66,"Sheepmeat"
12950,66,"Sheepmeat"
12955,66,"Sheepmeat"
12810,66,"Sheepmeat"
13012,66,"Sheepmeat"
13024,66,"Sheepmeat"
13025,66,"Sheepmeat"
13028,66,"Sheepmeat"
13026,66,"Sheepmeat"
13042,66,"Sheepmeat"
13043,66,"Sheepmeat"
13011,66,"Sheepmeat"
676,66,"Sheepmeat"
13038,66,"Sheepmeat"
11074,66,"Sheepmeat"
11075,66,"Sheepmeat"
13019,66,"Sheepmeat"
13036,66,"Sheepmeat"
8332,66,"Sheepmeat"
8078,66,"Sheepmeat"
8325,66,"Sheepmeat"
8101,66,"Sheepmeat"
8105,66,"Sheepmeat"
8323,66,"Sheepmeat"
8082,66,"Sheepmeat"
8113,66,"Sheepmeat"
8112,66,"Sheepmeat"
8109,66,"Sheepmeat"
8110,66,"Sheepmeat"
761,66,"Sheepmeat"
786,66,"Sheepmeat"
780,66,"Sheepmeat"
781,66,"Sheepmeat"
779,66,"Sheepmeat"
481,66,"Sheepmeat"
480,66,"Sheepmeat"
512,66,"Sheepmeat"
543,66,"Sheepmeat"
8324,66,"Sheepmeat"
8083,66,"Sheepmeat"
8116,66,"Sheepmeat"
540,66,"Sheepmeat"
474,66,"Sheepmeat"
475,66,"Sheepmeat"
464,66,"Sheepmeat"
463,66,"Sheepmeat"
476,66,"Sheepmeat"
461,66,"Sheepmeat"
487,66,"Sheepmeat"
486,66,"Sheepmeat"
484,66,"Sheepmeat"
490,66,"Sheepmeat"
522,66,"Sheepmeat"
528,66,"Sheepmeat"
529,66,"Sheepmeat"
593,66,"Sheepmeat"
563,66,"Sheepmeat"
536,66,"Sheepmeat"
8335,66,"Sheepmeat"
530,66,"Sheepmeat"
517,66,"Sheepmeat"
462,66,"Sheepmeat"
460,66,"Sheepmeat"
535,66,"Sheepmeat"
518,66,"Sheepmeat"
519,66,"Sheepmeat"
523,66,"Sheepmeat"
351,66,"Sheepmeat"
346,66,"Sheepmeat"
358,66,"Sheepmeat"
329,66,"Sheepmeat"
357,66,"Sheepmeat"
354,66,"Sheepmeat"
355,66,"Sheepmeat"
365,66,"Sheepmeat"
369,66,"Sheepmeat"
370,66,"Sheepmeat"
361,66,"Sheepmeat"
554,66,"Sheepmeat"
549,66,"Sheepmeat"
544,66,"Sheepmeat"
553,66,"Sheepmeat"
556,66,"Sheepmeat"
572,66,"Sheepmeat"
574,66,"Sheepmeat"
570,66,"Sheepmeat"
347,66,"Sheepmeat"
319,66,"Sheepmeat"
350,66,"Sheepmeat"
360,66,"Sheepmeat"
325,66,"Sheepmeat"
359,66,"Sheepmeat"
538,66,"Sheepmeat"
551,66,"Sheepmeat"
559,66,"Sheepmeat"
566,66,"Sheepmeat"
577,66,"Sheepmeat"
11356,66,"Sheepmeat"
11357,66,"Sheepmeat"
11358,66,"Sheepmeat"
491,66,"Sheepmeat"
539,66,"Sheepmeat"
492,66,"Sheepmeat"
493,66,"Sheepmeat"
498,66,"Sheepmeat"
506,66,"Sheepmeat"
825,66,"Sheepmeat"
826,66,"Sheepmeat"
823,66,"Sheepmeat"
611,66,"Sheepmeat"
684,66,"Sheepmeat"
682,66,"Sheepmeat"
635,66,"Sheepmeat"
520,66,"Sheepmeat"
521,66,"Sheepmeat"
833,66,"Sheepmeat"
612,66,"Sheepmeat"
900,66,"Sheepmeat"
901,66,"Sheepmeat"
898,66,"Sheepmeat"
871,66,"Sheepmeat"
990,66,"Sheepmeat"
931,66,"Sheepmeat"
930,66,"Sheepmeat"
884,66,"Sheepmeat"
885,66,"Sheepmeat"
935,66,"Sheepmeat"
1038,66,"Sheepmeat"
1033,66,"Sheepmeat"
1032,66,"Sheepmeat"
1034,66,"Sheepmeat"
672,66,"Sheepmeat"
673,66,"Sheepmeat"
678,66,"Sheepmeat"
680,66,"Sheepmeat"
662,66,"Sheepmeat"
663,66,"Sheepmeat"
681,66,"Sheepmeat"
683,66,"Sheepmeat"
3869,66,"Sheepmeat"
3876,66,"Sheepmeat"
623,66,"Sheepmeat"
918,66,"Sheepmeat"
924,66,"Sheepmeat"
888,66,"Sheepmeat"
889,66,"Sheepmeat"
629,66,"Sheepmeat"
630,66,"Sheepmeat"
631,66,"Sheepmeat"
925,66,"Sheepmeat"
3879,66,"Sheepmeat"
3881,66,"Sheepmeat"
3870,66,"Sheepmeat"
3878,66,"Sheepmeat"
4076,66,"Sheepmeat"
5650,66,"Sheepmeat"
4462,66,"Sheepmeat"
4470,66,"Sheepmeat"
4536,66,"Sheepmeat"
4074,66,"Sheepmeat"
4084,66,"Sheepmeat"
646,66,"Sheepmeat"
927,66,"Sheepmeat"
655,66,"Sheepmeat"
656,66,"Sheepmeat"
658,66,"Sheepmeat"
661,66,"Sheepmeat"
929,66,"Sheepmeat"
670,66,"Sheepmeat"
926,66,"Sheepmeat"
928,66,"Sheepmeat"
3884,66,"Sheepmeat"
4115,66,"Sheepmeat"
5240,66,"Sheepmeat"
5249,66,"Sheepmeat"
5500,66,"Sheepmeat"
5252,66,"Sheepmeat"
5512,66,"Sheepmeat"
3894,66,"Sheepmeat"
3856,66,"Sheepmeat"
3857,66,"Sheepmeat"
3859,66,"Sheepmeat"
3860,66,"Sheepmeat"
3893,66,"Sheepmeat"
3896,66,"Sheepmeat"
3898,66,"Sheepmeat"
3901,66,"Sheepmeat"
3902,66,"Sheepmeat"
3906,66,"Sheepmeat"
4122,66,"Sheepmeat"
3907,66,"Sheepmeat"
3908,66,"Sheepmeat"
877,66,"Sheepmeat"
883,66,"Sheepmeat"
940,66,"Sheepmeat"
936,66,"Sheepmeat"
976,66,"Sheepmeat"
977,66,"Sheepmeat"
950,66,"Sheepmeat"
951,66,"Sheepmeat"
952,66,"Sheepmeat"
938,66,"Sheepmeat"
939,66,"Sheepmeat"
958,66,"Sheepmeat"
963,66,"Sheepmeat"
988,66,"Sheepmeat"
3891,66,"Sheepmeat"
4144,66,"Sheepmeat"
4145,66,"Sheepmeat"
980,66,"Sheepmeat"
985,66,"Sheepmeat"
1070,66,"Sheepmeat"
987,66,"Sheepmeat"
1042,66,"Sheepmeat"
466,66,"Sheepmeat"
965,66,"Sheepmeat"
1047,66,"Sheepmeat"
978,66,"Sheepmeat"
465,66,"Sheepmeat"
467,66,"Sheepmeat"
4013,66,"Sheepmeat"
4055,66,"Sheepmeat"
4063,66,"Sheepmeat"
4066,66,"Sheepmeat"
4094,66,"Sheepmeat"
4089,66,"Sheepmeat"
4002,66,"Sheepmeat"
4003,66,"Sheepmeat"
4004,66,"Sheepmeat"
4016,66,"Sheepmeat"
4021,66,"Sheepmeat"
4032,66,"Sheepmeat"
4033,66,"Sheepmeat"
4041,66,"Sheepmeat"
4020,66,"Sheepmeat"
4051,66,"Sheepmeat"
4052,66,"Sheepmeat"
4053,66,"Sheepmeat"
4056,66,"Sheepmeat"
4057,66,"Sheepmeat"
4061,66,"Sheepmeat"
4062,66,"Sheepmeat"
4065,66,"Sheepmeat"
4067,66,"Sheepmeat"
4030,66,"Sheepmeat"
4027,66,"Sheepmeat"
324,66,"Sheepmeat"
301,66,"Sheepmeat"
323,66,"Sheepmeat"
328,66,"Sheepmeat"
330,66,"Sheepmeat"
327,66,"Sheepmeat"
14758,66,"Sheepmeat"
14759,66,"Sheepmeat"
14760,66,"Sheepmeat"
14935,66,"Sheepmeat"
14936,66,"Sheepmeat"
14766,66,"Sheepmeat"
14770,66,"Sheepmeat"
14941,66,"Sheepmeat"
8315,66,"Sheepmeat"
8316,66,"Sheepmeat"
8054,66,"Sheepmeat"
8053,66,"Sheepmeat"
8064,66,"Sheepmeat"
8066,66,"Sheepmeat"
8312,66,"Sheepmeat"
8313,66,"Sheepmeat"
14776,66,"Sheepmeat"
14777,66,"Sheepmeat"
14778,66,"Sheepmeat"
14782,66,"Sheepmeat"
14783,66,"Sheepmeat"
14957,66,"Sheepmeat"
1013,66,"Sheepmeat"
303,66,"Sheepmeat"
280,66,"Sheepmeat"
281,66,"Sheepmeat"
285,66,"Sheepmeat"
295,66,"Sheepmeat"
997,66,"Sheepmeat"
998,66,"Sheepmeat"
992,66,"Sheepmeat"
993,66,"Sheepmeat"
996,66,"Sheepmeat"
999,66,"Sheepmeat"
1003,66,"Sheepmeat"
1007,66,"Sheepmeat"
1008,66,"Sheepmeat"
1010,66,"Sheepmeat"
1015,66,"Sheepmeat"
1017,66,"Sheepmeat"
1019,66,"Sheepmeat"
1021,66,"Sheepmeat"
1035,66,"Sheepmeat"
1037,66,"Sheepmeat"
1054,66,"Sheepmeat"
1056,66,"Sheepmeat"
1018,66,"Sheepmeat"
1020,66,"Sheepmeat"
1022,66,"Sheepmeat"
1053,66,"Sheepmeat"
1055,66,"Sheepmeat"
17689,66,"Sheepmeat"
17690,66,"Sheepmeat"
17691,66,"Sheepmeat"
17692,66,"Sheepmeat"
17693,66,"Sheepmeat"
254,66,"Sheepmeat"
994,66,"Sheepmeat"
297,66,"Sheepmeat"
283,66,"Sheepmeat"
284,66,"Sheepmeat"
296,66,"Sheepmeat"
253,66,"Sheepmeat"
1087,66,"Sheepmeat"
1093,66,"Sheepmeat"
731,66,"Sheepmeat"
728,66,"Sheepmeat"
730,66,"Sheepmeat"
814,66,"Sheepmeat"
815,66,"Sheepmeat"
821,66,"Sheepmeat"
269,66,"Sheepmeat"
273,66,"Sheepmeat"
732,66,"Sheepmeat"
733,66,"Sheepmeat"
739,66,"Sheepmeat"
740,66,"Sheepmeat"
816,66,"Sheepmeat"
818,66,"Sheepmeat"
820,66,"Sheepmeat"
749,66,"Sheepmeat"
819,66,"Sheepmeat"
748,66,"Sheepmeat"
722,66,"Sheepmeat"
729,66,"Sheepmeat"
734,66,"Sheepmeat"
743,66,"Sheepmeat"
274,66,"Sheepmeat"
291,66,"Sheepmeat"
270,66,"Sheepmeat"
276,66,"Sheepmeat"
278,66,"Sheepmeat"
277,66,"Sheepmeat"
279,66,"Sheepmeat"
267,66,"Sheepmeat"
755,66,"Sheepmeat"
745,66,"Sheepmeat"
8322,66,"Sheepmeat"
8319,66,"Sheepmeat"
753,66,"Sheepmeat"
8056,66,"Sheepmeat"
8057,66,"Sheepmeat"
8317,66,"Sheepmeat"
8055,66,"Sheepmeat"
8318,66,"Sheepmeat"
8059,66,"Sheepmeat"
737,66,"Sheepmeat"
719,66,"Sheepmeat"
720,66,"Sheepmeat"
8052,66,"Sheepmeat"
723,66,"Sheepmeat"
8314,66,"Sheepmeat"
735,66,"Sheepmeat"
736,66,"Sheepmeat"
744,66,"Sheepmeat"
8300,65,"Sheepmeat"
468,65,"Sheepmeat"
469,65,"Sheepmeat"
224,65,"Sheepmeat"
292,65,"Sheepmeat"
183,65,"Sheepmeat"
212,65,"Sheepmeat"
176,65,"Sheepmeat"
172,65,"Sheepmeat"
225,65,"Sheepmeat"
13191,65,"Sheepmeat"
13192,65,"Sheepmeat"
7956,65,"Sheepmeat"
7364,65,"Sheepmeat"
7365,65,"Sheepmeat"
7367,65,"Sheepmeat"
7368,65,"Sheepmeat"
7369,65,"Sheepmeat"
7370,65,"Sheepmeat"
7959,65,"Sheepmeat"
7964,65,"Sheepmeat"
7972,65,"Sheepmeat"
7980,65,"Sheepmeat"
7981,65,"Sheepmeat"
7382,65,"Sheepmeat"
14558,65,"Sheepmeat"
14559,65,"Sheepmeat"
14561,65,"Sheepmeat"
8133,65,"Sheepmeat"
8134,65,"Sheepmeat"
8137,65,"Sheepmeat"
8367,65,"Sheepmeat"
8444,65,"Sheepmeat"
8362,65,"Sheepmeat"
8363,65,"Sheepmeat"
8364,65,"Sheepmeat"
8185,65,"Sheepmeat"
8441,65,"Sheepmeat"
8442,65,"Sheepmeat"
8443,65,"Sheepmeat"
8449,65,"Sheepmeat"
8431,65,"Sheepmeat"
8435,65,"Sheepmeat"
8436,65,"Sheepmeat"
8205,65,"Sheepmeat"
8188,65,"Sheepmeat"
7975,65,"Sheepmeat"
7977,65,"Sheepmeat"
7978,65,"Sheepmeat"
7979,65,"Sheepmeat"
7085,65,"Sheepmeat"
7983,65,"Sheepmeat"
7450,65,"Sheepmeat"
7453,65,"Sheepmeat"
7455,65,"Sheepmeat"
7457,65,"Sheepmeat"
7459,65,"Sheepmeat"
7462,65,"Sheepmeat"
7465,65,"Sheepmeat"
7467,65,"Sheepmeat"
8141,65,"Sheepmeat"
8142,65,"Sheepmeat"
8187,65,"Sheepmeat"
8439,65,"Sheepmeat"
8189,65,"Sheepmeat"
8190,65,"Sheepmeat"
8446,65,"Sheepmeat"
8192,65,"Sheepmeat"
8448,65,"Sheepmeat"
8196,65,"Sheepmeat"
14316,65,"Sheepmeat"
14317,65,"Sheepmeat"
14320,65,"Sheepmeat"
8451,65,"Sheepmeat"
7086,65,"Sheepmeat"
7087,65,"Sheepmeat"
6857,65,"Sheepmeat"
6858,65,"Sheepmeat"
6861,65,"Sheepmeat"
6862,65,"Sheepmeat"
6877,65,"Sheepmeat"
6879,65,"Sheepmeat"
6880,65,"Sheepmeat"
6881,65,"Sheepmeat"
6882,65,"Sheepmeat"
6883,65,"Sheepmeat"
6887,65,"Sheepmeat"
6888,65,"Sheepmeat"
6889,65,"Sheepmeat"
6902,65,"Sheepmeat"
6906,65,"Sheepmeat"
6907,65,"Sheepmeat"
6910,65,"Sheepmeat"
7236,65,"Sheepmeat"
7794,65,"Sheepmeat"
7839,65,"Sheepmeat"
8372,65,"Sheepmeat"
8380,65,"Sheepmeat"
8145,65,"Sheepmeat"
8171,65,"Sheepmeat"
14304,65,"Sheepmeat"
8183,65,"Sheepmeat"
8184,65,"Sheepmeat"
8440,65,"Sheepmeat"
8450,65,"Sheepmeat"
8453,65,"Sheepmeat"
8454,65,"Sheepmeat"
8197,65,"Sheepmeat"
8198,65,"Sheepmeat"
8456,65,"Sheepmeat"
27020,65,"Sheepmeat"
27279,65,"Sheepmeat"
27281,65,"Sheepmeat"
13419,65,"Sheepmeat"
14543,65,"Sheepmeat"
14544,65,"Sheepmeat"
14545,65,"Sheepmeat"
14546,65,"Sheepmeat"
14548,65,"Sheepmeat"
8180,65,"Sheepmeat"
8432,65,"Sheepmeat"
8437,65,"Sheepmeat"
8438,65,"Sheepmeat"
8182,65,"Sheepmeat"
8199,65,"Sheepmeat"
8202,65,"Sheepmeat"
8203,65,"Sheepmeat"
8204,65,"Sheepmeat"
8206,65,"Sheepmeat"
8207,65,"Sheepmeat"
8208,65,"Sheepmeat"
8209,65,"Sheepmeat"
8211,65,"Sheepmeat"
8618,65,"Sheepmeat"
8661,65,"Sheepmeat"
8662,65,"Sheepmeat"
8663,65,"Sheepmeat"
8666,65,"Sheepmeat"
8670,65,"Sheepmeat"
14549,65,"Sheepmeat"
14550,65,"Sheepmeat"
14551,65,"Sheepmeat"
14552,65,"Sheepmeat"
14553,65,"Sheepmeat"
14554,65,"Sheepmeat"
14555,65,"Sheepmeat"
14556,65,"Sheepmeat"
14557,65,"Sheepmeat"
14305,65,"Sheepmeat"
14308,65,"Sheepmeat"
14309,65,"Sheepmeat"
14310,65,"Sheepmeat"
14311,65,"Sheepmeat"
14312,65,"Sheepmeat"
6368,65,"Sheepmeat"
13428,65,"Sheepmeat"
23134,65,"Sheepmeat"
8549,65,"Sheepmeat"
8550,65,"Sheepmeat"
8551,65,"Sheepmeat"
8552,65,"Sheepmeat"
8553,65,"Sheepmeat"
8554,65,"Sheepmeat"
8555,65,"Sheepmeat"
8556,65,"Sheepmeat"
8557,65,"Sheepmeat"
8558,65,"Sheepmeat"
6483,65,"Sheepmeat"
6485,65,"Sheepmeat"
6486,65,"Sheepmeat"
6487,65,"Sheepmeat"
6488,65,"Sheepmeat"
6713,65,"Sheepmeat"
6714,65,"Sheepmeat"
6715,65,"Sheepmeat"
6716,65,"Sheepmeat"
6717,65,"Sheepmeat"
6720,65,"Sheepmeat"
6721,65,"Sheepmeat"
6722,65,"Sheepmeat"
6723,65,"Sheepmeat"
6724,65,"Sheepmeat"
6725,65,"Sheepmeat"
6726,65,"Sheepmeat"
6489,65,"Sheepmeat"
9036,65,"Sheepmeat"
9037,65,"Sheepmeat"
9047,65,"Sheepmeat"
9048,65,"Sheepmeat"
9063,65,"Sheepmeat"
9064,65,"Sheepmeat"
9065,65,"Sheepmeat"
9066,65,"Sheepmeat"
9069,65,"Sheepmeat"
9070,65,"Sheepmeat"
9075,65,"Sheepmeat"
9076,65,"Sheepmeat"
8878,65,"Sheepmeat"
19631,65,"Sheepmeat"
19632,65,"Sheepmeat"
19633,65,"Sheepmeat"
19636,65,"Sheepmeat"
19638,65,"Sheepmeat"
19639,65,"Sheepmeat"
19642,65,"Sheepmeat"
19643,65,"Sheepmeat"
19644,65,"Sheepmeat"
6433,65,"Sheepmeat"
6435,65,"Sheepmeat"
6422,65,"Sheepmeat"
6479,65,"Sheepmeat"
6481,65,"Sheepmeat"
6484,65,"Sheepmeat"
6711,65,"Sheepmeat"
6712,65,"Sheepmeat"
6493,65,"Sheepmeat"
6494,65,"Sheepmeat"
6495,65,"Sheepmeat"
27026,65,"Sheepmeat"
6324,65,"Sheepmeat"
6325,65,"Sheepmeat"
6338,65,"Sheepmeat"
6339,65,"Sheepmeat"
6342,65,"Sheepmeat"
6343,65,"Sheepmeat"
6361,65,"Sheepmeat"
26967,65,"Sheepmeat"
27272,65,"Sheepmeat"
27273,65,"Sheepmeat"
27276,65,"Sheepmeat"
27277,65,"Sheepmeat"
6362,65,"Sheepmeat"
6363,65,"Sheepmeat"
23055,65,"Sheepmeat"
27274,65,"Sheepmeat"
27019,65,"Sheepmeat"
14564,65,"Sheepmeat"
14532,65,"Sheepmeat"
14535,65,"Sheepmeat"
14563,65,"Sheepmeat"
6378,65,"Sheepmeat"
6379,65,"Sheepmeat"
6380,65,"Sheepmeat"
6381,65,"Sheepmeat"
6382,65,"Sheepmeat"
6383,65,"Sheepmeat"
27280,65,"Sheepmeat"
6364,65,"Sheepmeat"
6366,65,"Sheepmeat"
6367,65,"Sheepmeat"
6376,65,"Sheepmeat"
6377,65,"Sheepmeat"
6384,65,"Sheepmeat"
27285,65,"Sheepmeat"
14515,65,"Sheepmeat"
14516,65,"Sheepmeat"
14517,65,"Sheepmeat"
14518,65,"Sheepmeat"
14519,65,"Sheepmeat"
14520,65,"Sheepmeat"
13415,65,"Sheepmeat"
13416,65,"Sheepmeat"
14441,65,"Sheepmeat"
9054,65,"Sheepmeat"
9056,65,"Sheepmeat"
9059,65,"Sheepmeat"
9060,65,"Sheepmeat"
8590,65,"Sheepmeat"
8818,65,"Sheepmeat"
8851,65,"Sheepmeat"
8815,65,"Sheepmeat"
8591,65,"Sheepmeat"
8592,65,"Sheepmeat"
8593,65,"Sheepmeat"
14934,65,"Sheepmeat"
14753,65,"Sheepmeat"
14779,65,"Sheepmeat"
14780,65,"Sheepmeat"
14948,65,"Sheepmeat"
14755,65,"Sheepmeat"
14761,65,"Sheepmeat"
14762,65,"Sheepmeat"
14938,65,"Sheepmeat"
14757,65,"Sheepmeat"
14939,65,"Sheepmeat"
14764,65,"Sheepmeat"
14765,65,"Sheepmeat"
17685,65,"Sheepmeat"
17686,65,"Sheepmeat"
17687,65,"Sheepmeat"
17688,65,"Sheepmeat"
379,65,"Sheepmeat"
14768,65,"Sheepmeat"
14769,65,"Sheepmeat"
14944,65,"Sheepmeat"
14946,65,"Sheepmeat"
14773,65,"Sheepmeat"
342,65,"Sheepmeat"
14947,65,"Sheepmeat"
14775,65,"Sheepmeat"
14952,65,"Sheepmeat"
14953,65,"Sheepmeat"
14985,65,"Sheepmeat"
14950,65,"Sheepmeat"
14963,65,"Sheepmeat"
14915,65,"Sheepmeat"
14955,65,"Sheepmeat"
14983,65,"Sheepmeat"
14984,65,"Sheepmeat"
14986,65,"Sheepmeat"
14797,65,"Sheepmeat"
14798,65,"Sheepmeat"
14987,65,"Sheepmeat"
14964,65,"Sheepmeat"
14965,65,"Sheepmeat"
14966,65,"Sheepmeat"
14967,65,"Sheepmeat"
14970,65,"Sheepmeat"
14972,65,"Sheepmeat"
14784,65,"Sheepmeat"
14981,65,"Sheepmeat"
14795,65,"Sheepmeat"
339,65,"Sheepmeat"
340,65,"Sheepmeat"
322,65,"Sheepmeat"
333,65,"Sheepmeat"
337,65,"Sheepmeat"
6747,65,"Sheepmeat"
6840,65,"Sheepmeat"
6841,65,"Sheepmeat"
6745,65,"Sheepmeat"
6516,65,"Sheepmeat"
6517,65,"Sheepmeat"
7082,65,"Sheepmeat"
7084,65,"Sheepmeat"
6752,65,"Sheepmeat"
6843,65,"Sheepmeat"
7048,65,"Sheepmeat"
6844,65,"Sheepmeat"
7083,65,"Sheepmeat"
14974,65,"Sheepmeat"
14975,65,"Sheepmeat"
14976,65,"Sheepmeat"
14792,65,"Sheepmeat"
14794,65,"Sheepmeat"
14845,65,"Sheepmeat"
15016,65,"Sheepmeat"
14843,65,"Sheepmeat"
15014,65,"Sheepmeat"
15015,65,"Sheepmeat"
14846,65,"Sheepmeat"
14847,65,"Sheepmeat"
14850,65,"Sheepmeat"
14785,65,"Sheepmeat"
14788,65,"Sheepmeat"
14796,65,"Sheepmeat"
14839,65,"Sheepmeat"
14849,65,"Sheepmeat"
7804,65,"Sheepmeat"
7805,65,"Sheepmeat"
7837,65,"Sheepmeat"
7838,65,"Sheepmeat"
8210,65,"Sheepmeat"
14319,65,"Sheepmeat"
14321,65,"Sheepmeat"
14324,65,"Sheepmeat"
8194,65,"Sheepmeat"
14314,65,"Sheepmeat"
14315,65,"Sheepmeat"
8213,65,"Sheepmeat"
8462,65,"Sheepmeat"
8463,65,"Sheepmeat"
8466,65,"Sheepmeat"
8215,65,"Sheepmeat"
8222,65,"Sheepmeat"
8496,65,"Sheepmeat"
8497,65,"Sheepmeat"
8500,65,"Sheepmeat"
8617,65,"Sheepmeat"
7100,65,"Sheepmeat"
7101,65,"Sheepmeat"
7103,65,"Sheepmeat"
6873,65,"Sheepmeat"
6875,65,"Sheepmeat"
6890,65,"Sheepmeat"
7104,65,"Sheepmeat"
7105,65,"Sheepmeat"
7123,65,"Sheepmeat"
7124,65,"Sheepmeat"
14621,65,"Sheepmeat"
8658,65,"Sheepmeat"
8660,65,"Sheepmeat"
9031,65,"Sheepmeat"
3590,65,"Sheepmeat"
3591,65,"Sheepmeat"
3593,65,"Sheepmeat"
3596,65,"Sheepmeat"
3602,65,"Sheepmeat"
3592,65,"Sheepmeat"
3589,65,"Sheepmeat"
3570,65,"Sheepmeat"
3583,65,"Sheepmeat"
3594,65,"Sheepmeat"
3595,65,"Sheepmeat"
3612,65,"Sheepmeat"
3614,65,"Sheepmeat"
3618,65,"Sheepmeat"
3619,65,"Sheepmeat"
3620,65,"Sheepmeat"
3621,65,"Sheepmeat"
3622,65,"Sheepmeat"
3623,65,"Sheepmeat"
589,65,"Sheepmeat"
14623,65,"Sheepmeat"
14670,65,"Sheepmeat"
14671,65,"Sheepmeat"
7109,65,"Sheepmeat"
7110,65,"Sheepmeat"
7111,65,"Sheepmeat"
7112,65,"Sheepmeat"
6727,65,"Sheepmeat"
8212,65,"Sheepmeat"
8457,65,"Sheepmeat"
8458,65,"Sheepmeat"
8459,65,"Sheepmeat"
8461,65,"Sheepmeat"
8224,65,"Sheepmeat"
8225,65,"Sheepmeat"
8226,65,"Sheepmeat"
8227,65,"Sheepmeat"
8468,65,"Sheepmeat"
8469,65,"Sheepmeat"
8470,65,"Sheepmeat"
8471,65,"Sheepmeat"
8472,65,"Sheepmeat"
8473,65,"Sheepmeat"
8474,65,"Sheepmeat"
8475,65,"Sheepmeat"
8476,65,"Sheepmeat"
8478,65,"Sheepmeat"
8479,65,"Sheepmeat"
8480,65,"Sheepmeat"
8481,65,"Sheepmeat"
8482,65,"Sheepmeat"
8483,65,"Sheepmeat"
8484,65,"Sheepmeat"
8485,65,"Sheepmeat"
8600,65,"Sheepmeat"
8606,65,"Sheepmeat"
8607,65,"Sheepmeat"
8608,65,"Sheepmeat"
3588,65,"Sheepmeat"
3627,65,"Sheepmeat"
3624,65,"Sheepmeat"
583,65,"Sheepmeat"
3628,65,"Sheepmeat"
3630,65,"Sheepmeat"
8609,65,"Sheepmeat"
8610,65,"Sheepmeat"
8611,65,"Sheepmeat"
7795,65,"Sheepmeat"
7798,65,"Sheepmeat"
7799,65,"Sheepmeat"
7800,65,"Sheepmeat"
7801,65,"Sheepmeat"
7802,65,"Sheepmeat"
7803,65,"Sheepmeat"
6365,65,"Sheepmeat"
14622,65,"Sheepmeat"
14416,65,"Sheepmeat"
14418,65,"Sheepmeat"
14893,65,"Sheepmeat"
14895,65,"Sheepmeat"
7811,65,"Sheepmeat"
586,65,"Sheepmeat"
3597,65,"Sheepmeat"
3600,65,"Sheepmeat"
3560,65,"Sheepmeat"
3601,65,"Sheepmeat"
3603,65,"Sheepmeat"
3611,65,"Sheepmeat"
3557,65,"Sheepmeat"
5531,65,"Sheepmeat"
5533,65,"Sheepmeat"
5534,65,"Sheepmeat"
5536,65,"Sheepmeat"
5537,65,"Sheepmeat"
5717,65,"Sheepmeat"
11426,65,"Sheepmeat"
3990,65,"Sheepmeat"
5729,65,"Sheepmeat"
5820,65,"Sheepmeat"
5826,65,"Sheepmeat"
5632,65,"Sheepmeat"
5836,65,"Sheepmeat"
5837,65,"Sheepmeat"
11219,65,"Sheepmeat"
11216,65,"Sheepmeat"
5823,65,"Sheepmeat"
5730,65,"Sheepmeat"
5681,65,"Sheepmeat"
5684,65,"Sheepmeat"
5685,65,"Sheepmeat"
5686,65,"Sheepmeat"
5687,65,"Sheepmeat"
5688,65,"Sheepmeat"
5689,65,"Sheepmeat"
5691,65,"Sheepmeat"
5692,65,"Sheepmeat"
5693,65,"Sheepmeat"
5695,65,"Sheepmeat"
5735,65,"Sheepmeat"
11195,65,"Sheepmeat"
11452,65,"Sheepmeat"
11422,65,"Sheepmeat"
11202,65,"Sheepmeat"
11188,65,"Sheepmeat"
11429,65,"Sheepmeat"
11430,65,"Sheepmeat"
11431,65,"Sheepmeat"
11437,65,"Sheepmeat"
11435,65,"Sheepmeat"
11207,65,"Sheepmeat"
11436,65,"Sheepmeat"
11439,65,"Sheepmeat"
11451,65,"Sheepmeat"
3674,65,"Sheepmeat"
3606,65,"Sheepmeat"
5889,65,"Sheepmeat"
5645,65,"Sheepmeat"
5838,65,"Sheepmeat"
3926,65,"Sheepmeat"
5641,65,"Sheepmeat"
3786,65,"Sheepmeat"
3631,65,"Sheepmeat"
3787,65,"Sheepmeat"
11194,65,"Sheepmeat"
11189,65,"Sheepmeat"
11200,65,"Sheepmeat"
11218,65,"Sheepmeat"
11428,65,"Sheepmeat"
11201,65,"Sheepmeat"
11205,65,"Sheepmeat"
11455,65,"Sheepmeat"
11217,65,"Sheepmeat"
11454,65,"Sheepmeat"
3559,65,"Sheepmeat"
3561,65,"Sheepmeat"
3599,65,"Sheepmeat"
5722,65,"Sheepmeat"
3604,65,"Sheepmeat"
3875,65,"Sheepmeat"
3883,65,"Sheepmeat"
3721,65,"Sheepmeat"
3848,65,"Sheepmeat"
3941,65,"Sheepmeat"
3944,65,"Sheepmeat"
5849,65,"Sheepmeat"
5853,65,"Sheepmeat"
5886,65,"Sheepmeat"
3528,65,"Sheepmeat"
3874,65,"Sheepmeat"
3514,65,"Sheepmeat"
3515,65,"Sheepmeat"
3516,65,"Sheepmeat"
3517,65,"Sheepmeat"
3518,65,"Sheepmeat"
3520,65,"Sheepmeat"
3521,65,"Sheepmeat"
3522,65,"Sheepmeat"
3507,65,"Sheepmeat"
3508,65,"Sheepmeat"
3525,65,"Sheepmeat"
3526,65,"Sheepmeat"
3722,65,"Sheepmeat"
3809,65,"Sheepmeat"
3822,65,"Sheepmeat"
3823,65,"Sheepmeat"
3847,65,"Sheepmeat"
3826,65,"Sheepmeat"
3497,65,"Sheepmeat"
10860,65,"Sheepmeat"
11116,65,"Sheepmeat"
3892,65,"Sheepmeat"
11151,65,"Sheepmeat"
3730,65,"Sheepmeat"
3845,65,"Sheepmeat"
3732,65,"Sheepmeat"
3529,65,"Sheepmeat"
3530,65,"Sheepmeat"
3532,65,"Sheepmeat"
3535,65,"Sheepmeat"
3538,65,"Sheepmeat"
3788,65,"Sheepmeat"
3502,65,"Sheepmeat"
3513,65,"Sheepmeat"
3790,65,"Sheepmeat"
3791,65,"Sheepmeat"
3801,65,"Sheepmeat"
3789,65,"Sheepmeat"
3745,65,"Sheepmeat"
11077,65,"Sheepmeat"
11114,65,"Sheepmeat"
11115,65,"Sheepmeat"
11117,65,"Sheepmeat"
11378,65,"Sheepmeat"
11373,65,"Sheepmeat"
11374,65,"Sheepmeat"
11372,65,"Sheepmeat"
3633,65,"Sheepmeat"
3634,65,"Sheepmeat"
3637,65,"Sheepmeat"
10848,65,"Sheepmeat"
10854,65,"Sheepmeat"
11113,65,"Sheepmeat"
11367,65,"Sheepmeat"
11375,65,"Sheepmeat"
3733,65,"Sheepmeat"
3739,65,"Sheepmeat"
3740,65,"Sheepmeat"
3742,65,"Sheepmeat"
3743,65,"Sheepmeat"
3749,65,"Sheepmeat"
3760,65,"Sheepmeat"
3763,65,"Sheepmeat"
3783,65,"Sheepmeat"
3792,65,"Sheepmeat"
3794,65,"Sheepmeat"
3795,65,"Sheepmeat"
3799,65,"Sheepmeat"
3804,65,"Sheepmeat"
3806,65,"Sheepmeat"
3808,65,"Sheepmeat"
3810,65,"Sheepmeat"
3811,65,"Sheepmeat"
3815,65,"Sheepmeat"
3816,65,"Sheepmeat"
3817,65,"Sheepmeat"
3818,65,"Sheepmeat"
3819,65,"Sheepmeat"
3820,65,"Sheepmeat"
3824,65,"Sheepmeat"
3829,65,"Sheepmeat"
3831,65,"Sheepmeat"
3835,65,"Sheepmeat"
3837,65,"Sheepmeat"
3838,65,"Sheepmeat"
3841,65,"Sheepmeat"
3842,65,"Sheepmeat"
3843,65,"Sheepmeat"
3523,65,"Sheepmeat"
5854,65,"Sheepmeat"
3942,65,"Sheepmeat"
5847,65,"Sheepmeat"
5848,65,"Sheepmeat"
5852,65,"Sheepmeat"
4019,65,"Sheepmeat"
5719,65,"Sheepmeat"
5723,65,"Sheepmeat"
5724,65,"Sheepmeat"
5727,65,"Sheepmeat"
5539,65,"Sheepmeat"
5635,65,"Sheepmeat"
5639,65,"Sheepmeat"
3605,65,"Sheepmeat"
3607,65,"Sheepmeat"
3615,65,"Sheepmeat"
3617,65,"Sheepmeat"
5736,65,"Sheepmeat"
5543,65,"Sheepmeat"
5738,65,"Sheepmeat"
17716,65,"Sheepmeat"
5545,65,"Sheepmeat"
5544,65,"Sheepmeat"
5737,65,"Sheepmeat"
17390,65,"Sheepmeat"
17149,65,"Sheepmeat"
17391,65,"Sheepmeat"
17392,65,"Sheepmeat"
17401,65,"Sheepmeat"
17397,65,"Sheepmeat"
17399,65,"Sheepmeat"
17400,65,"Sheepmeat"
17154,65,"Sheepmeat"
17155,65,"Sheepmeat"
17164,65,"Sheepmeat"
17165,65,"Sheepmeat"
17166,65,"Sheepmeat"
17171,65,"Sheepmeat"
17158,65,"Sheepmeat"
17163,65,"Sheepmeat"
17180,65,"Sheepmeat"
17181,65,"Sheepmeat"
17235,65,"Sheepmeat"
17236,65,"Sheepmeat"
17481,65,"Sheepmeat"
17482,65,"Sheepmeat"
17484,65,"Sheepmeat"
17679,65,"Sheepmeat"
17681,65,"Sheepmeat"
17684,65,"Sheepmeat"
17696,65,"Sheepmeat"
17697,65,"Sheepmeat"
17513,65,"Sheepmeat"
17717,65,"Sheepmeat"
17701,65,"Sheepmeat"
17702,65,"Sheepmeat"
17706,65,"Sheepmeat"
14928,65,"Sheepmeat"
14751,65,"Sheepmeat"
1097,65,"Sheepmeat"
1098,65,"Sheepmeat"
1105,65,"Sheepmeat"
1108,65,"Sheepmeat"
14750,65,"Sheepmeat"
14927,65,"Sheepmeat"
17705,65,"Sheepmeat"
3862,65,"Sheepmeat"
3531,65,"Sheepmeat"
3534,65,"Sheepmeat"
3542,65,"Sheepmeat"
3543,65,"Sheepmeat"
3544,65,"Sheepmeat"
3545,65,"Sheepmeat"
3546,65,"Sheepmeat"
3548,65,"Sheepmeat"
3551,65,"Sheepmeat"
3552,65,"Sheepmeat"
3553,65,"Sheepmeat"
3554,65,"Sheepmeat"
3556,65,"Sheepmeat"
3563,65,"Sheepmeat"
3564,65,"Sheepmeat"
3566,65,"Sheepmeat"
15020,65,"Sheepmeat"
14982,65,"Sheepmeat"
14828,65,"Sheepmeat"
14830,65,"Sheepmeat"
15005,65,"Sheepmeat"
15013,65,"Sheepmeat"
14834,65,"Sheepmeat"
14835,65,"Sheepmeat"
14842,65,"Sheepmeat"
14836,65,"Sheepmeat"
14838,65,"Sheepmeat"
15021,65,"Sheepmeat"
14837,65,"Sheepmeat"
14840,65,"Sheepmeat"
14841,65,"Sheepmeat"
14852,65,"Sheepmeat"
14988,65,"Sheepmeat"
14804,65,"Sheepmeat"
14805,65,"Sheepmeat"
14807,65,"Sheepmeat"
15007,65,"Sheepmeat"
14801,65,"Sheepmeat"
14802,65,"Sheepmeat"
14808,65,"Sheepmeat"
14907,65,"Sheepmeat"
14991,65,"Sheepmeat"
14816,65,"Sheepmeat"
14995,65,"Sheepmeat"
14993,65,"Sheepmeat"
14819,65,"Sheepmeat"
14998,65,"Sheepmeat"
14999,65,"Sheepmeat"
15003,65,"Sheepmeat"
14902,65,"Sheepmeat"
14903,65,"Sheepmeat"
1184,65,"Sheepmeat"
14826,65,"Sheepmeat"
15022,65,"Sheepmeat"
16532,65,"Sheepmeat"
14905,65,"Sheepmeat"
17276,65,"Sheepmeat"
17275,65,"Sheepmeat"
17277,65,"Sheepmeat"
17279,65,"Sheepmeat"
15882,65,"Sheepmeat"
15884,65,"Sheepmeat"
15879,65,"Sheepmeat"
16102,65,"Sheepmeat"
15883,65,"Sheepmeat"
17280,65,"Sheepmeat"
17285,65,"Sheepmeat"
17278,65,"Sheepmeat"
17281,65,"Sheepmeat"
6732,65,"Sheepmeat"
6733,65,"Sheepmeat"
6735,65,"Sheepmeat"
15881,65,"Sheepmeat"
15886,65,"Sheepmeat"
6736,65,"Sheepmeat"
14901,65,"Sheepmeat"
14748,65,"Sheepmeat"
14746,65,"Sheepmeat"
14932,65,"Sheepmeat"
1124,65,"Sheepmeat"
14896,65,"Sheepmeat"
14897,65,"Sheepmeat"
14898,65,"Sheepmeat"
14749,65,"Sheepmeat"
1099,65,"Sheepmeat"
1106,65,"Sheepmeat"
1123,65,"Sheepmeat"
14747,65,"Sheepmeat"
8038,65,"Sheepmeat"
709,65,"Sheepmeat"
8035,65,"Sheepmeat"
604,65,"Sheepmeat"
174,65,"Sheepmeat"
8119,65,"Sheepmeat"
8045,65,"Sheepmeat"
610,65,"Sheepmeat"
751,65,"Sheepmeat"
607,65,"Sheepmeat"
293,65,"Sheepmeat"
752,65,"Sheepmeat"
8051,65,"Sheepmeat"
750,65,"Sheepmeat"
756,65,"Sheepmeat"
757,65,"Sheepmeat"
758,65,"Sheepmeat"
271,65,"Sheepmeat"
606,65,"Sheepmeat"
608,65,"Sheepmeat"
175,65,"Sheepmeat"
8041,65,"Sheepmeat"
6743,65,"Sheepmeat"
6518,65,"Sheepmeat"
10892,65,"Sheepmeat"
6742,65,"Sheepmeat"
10894,65,"Sheepmeat"
6514,65,"Sheepmeat"
17283,65,"Sheepmeat"
6730,65,"Sheepmeat"
14566,65,"Sheepmeat"
14570,65,"Sheepmeat"
30917,65,"Sheepmeat"
30921,65,"Sheepmeat"
30922,65,"Sheepmeat"
30683,65,"Sheepmeat"
30686,65,"Sheepmeat"
14331,65,"Sheepmeat"
30676,65,"Sheepmeat"
30687,65,"Sheepmeat"
30928,65,"Sheepmeat"
14332,65,"Sheepmeat"
14565,65,"Sheepmeat"
30911,65,"Sheepmeat"
31068,65,"Sheepmeat"
4924,65,"Sheepmeat"
30913,65,"Sheepmeat"
30681,65,"Sheepmeat"
4925,65,"Sheepmeat"
31069,65,"Sheepmeat"
30337,65,"Sheepmeat"
4920,65,"Sheepmeat"
4923,65,"Sheepmeat"
30915,65,"Sheepmeat"
30918,65,"Sheepmeat"
30939,65,"Sheepmeat"
4919,65,"Sheepmeat"
4874,65,"Sheepmeat"
4907,65,"Sheepmeat"
18436,65,"Sheepmeat"
18442,65,"Sheepmeat"
15867,65,"Sheepmeat"
15869,65,"Sheepmeat"
1158,65,"Sheepmeat"
15866,65,"Sheepmeat"
10973,65,"Sheepmeat"
16083,65,"Sheepmeat"
16074,65,"Sheepmeat"
15870,65,"Sheepmeat"
10974,65,"Sheepmeat"
16075,65,"Sheepmeat"
16076,65,"Sheepmeat"
15873,65,"Sheepmeat"
16082,65,"Sheepmeat"
17274,65,"Sheepmeat"
16084,65,"Sheepmeat"
15877,65,"Sheepmeat"
16100,65,"Sheepmeat"
16101,65,"Sheepmeat"
16085,65,"Sheepmeat"
16086,65,"Sheepmeat"
15876,65,"Sheepmeat"
16091,65,"Sheepmeat"
16095,65,"Sheepmeat"
16097,65,"Sheepmeat"
16098,65,"Sheepmeat"
15880,65,"Sheepmeat"
30940,65,"Sheepmeat"
30942,65,"Sheepmeat"
17992,65,"Sheepmeat"
4918,65,"Sheepmeat"
4921,65,"Sheepmeat"
21520,65,"Sheepmeat"
21521,65,"Sheepmeat"
21531,65,"Sheepmeat"
21532,65,"Sheepmeat"
21546,65,"Sheepmeat"
10935,65,"Sheepmeat"
10945,65,"Sheepmeat"
10952,65,"Sheepmeat"
10963,65,"Sheepmeat"
10967,65,"Sheepmeat"
10971,65,"Sheepmeat"
10972,65,"Sheepmeat"
11001,65,"Sheepmeat"
11004,65,"Sheepmeat"
11008,65,"Sheepmeat"
11014,65,"Sheepmeat"
11021,65,"Sheepmeat"
6842,65,"Sheepmeat"
15871,65,"Sheepmeat"
15885,65,"Sheepmeat"
15887,65,"Sheepmeat"
6737,65,"Sheepmeat"
6740,65,"Sheepmeat"
1175,65,"Sheepmeat"
1176,65,"Sheepmeat"
1177,65,"Sheepmeat"
1187,65,"Sheepmeat"
1164,65,"Sheepmeat"
1169,65,"Sheepmeat"
1170,65,"Sheepmeat"
1171,65,"Sheepmeat"
1178,65,"Sheepmeat"
1188,65,"Sheepmeat"
1194,65,"Sheepmeat"
1195,65,"Sheepmeat"
1198,65,"Sheepmeat"
1200,65,"Sheepmeat"
1201,65,"Sheepmeat"
1203,65,"Sheepmeat"
1210,65,"Sheepmeat"
30348,65,"Sheepmeat"
30384,65,"Sheepmeat"
30410,65,"Sheepmeat"
16477,65,"Sheepmeat"
16478,65,"Sheepmeat"
16479,65,"Sheepmeat"
16481,65,"Sheepmeat"
16514,65,"Sheepmeat"
16342,65,"Sheepmeat"
1125,65,"Sheepmeat"
16468,65,"Sheepmeat"
16334,65,"Sheepmeat"
16507,65,"Sheepmeat"
16465,65,"Sheepmeat"
16464,65,"Sheepmeat"
16455,65,"Sheepmeat"
16456,65,"Sheepmeat"
16470,65,"Sheepmeat"
16472,65,"Sheepmeat"
16473,65,"Sheepmeat"
16476,65,"Sheepmeat"
16484,65,"Sheepmeat"
14899,65,"Sheepmeat"
14900,65,"Sheepmeat"
16466,65,"Sheepmeat"
16469,65,"Sheepmeat"
16571,65,"Sheepmeat"
16573,65,"Sheepmeat"
16576,65,"Sheepmeat"
16577,65,"Sheepmeat"
16582,65,"Sheepmeat"
16584,65,"Sheepmeat"
16336,65,"Sheepmeat"
16271,65,"Sheepmeat"
16486,65,"Sheepmeat"
16269,65,"Sheepmeat"
16270,65,"Sheepmeat"
16495,65,"Sheepmeat"
16451,65,"Sheepmeat"
16453,65,"Sheepmeat"
16488,65,"Sheepmeat"
16487,65,"Sheepmeat"
16272,65,"Sheepmeat"
1173,65,"Sheepmeat"
1174,65,"Sheepmeat"
16338,65,"Sheepmeat"
16452,65,"Sheepmeat"
16454,65,"Sheepmeat"
16457,65,"Sheepmeat"
16458,65,"Sheepmeat"
16459,65,"Sheepmeat"
1181,65,"Sheepmeat"
16585,65,"Sheepmeat"
16586,65,"Sheepmeat"
14910,65,"Sheepmeat"
14911,65,"Sheepmeat"
14912,65,"Sheepmeat"
14743,65,"Sheepmeat"
14809,65,"Sheepmeat"
14917,65,"Sheepmeat"
14922,65,"Sheepmeat"
1165,65,"Sheepmeat"
1222,65,"Sheepmeat"
1205,65,"Sheepmeat"
1206,65,"Sheepmeat"
1208,65,"Sheepmeat"
1213,65,"Sheepmeat"
15863,65,"Sheepmeat"
16063,65,"Sheepmeat"
1218,65,"Sheepmeat"
1219,65,"Sheepmeat"
1221,65,"Sheepmeat"
15862,65,"Sheepmeat"
1248,65,"Sheepmeat"
1249,65,"Sheepmeat"
1251,65,"Sheepmeat"
1252,65,"Sheepmeat"
1362,65,"Sheepmeat"
16590,65,"Sheepmeat"
16353,65,"Sheepmeat"
16600,65,"Sheepmeat"
16171,65,"Sheepmeat"
16111,65,"Sheepmeat"
16112,65,"Sheepmeat"
16202,65,"Sheepmeat"
1137,65,"Sheepmeat"
1138,65,"Sheepmeat"
1141,65,"Sheepmeat"
1142,65,"Sheepmeat"
1397,65,"Sheepmeat"
1398,65,"Sheepmeat"
1399,65,"Sheepmeat"
1417,65,"Sheepmeat"
1418,65,"Sheepmeat"
1350,65,"Sheepmeat"
1361,65,"Sheepmeat"
1364,65,"Sheepmeat"
16589,65,"Sheepmeat"
16349,65,"Sheepmeat"
11043,65,"Sheepmeat"
11045,65,"Sheepmeat"
10820,65,"Sheepmeat"
10821,65,"Sheepmeat"
16355,65,"Sheepmeat"
16598,65,"Sheepmeat"
16618,65,"Sheepmeat"
16619,65,"Sheepmeat"
16170,65,"Sheepmeat"
16209,65,"Sheepmeat"
16219,65,"Sheepmeat"
16410,65,"Sheepmeat"
16325,65,"Sheepmeat"
16499,65,"Sheepmeat"
16329,65,"Sheepmeat"
16448,65,"Sheepmeat"
16449,65,"Sheepmeat"
16051,65,"Sheepmeat"
16052,65,"Sheepmeat"
16592,65,"Sheepmeat"
16460,65,"Sheepmeat"
16322,65,"Sheepmeat"
16327,65,"Sheepmeat"
15855,65,"Sheepmeat"
10958,65,"Sheepmeat"
1243,65,"Sheepmeat"
11028,65,"Sheepmeat"
11037,65,"Sheepmeat"
11025,65,"Sheepmeat"
10976,65,"Sheepmeat"
16053,65,"Sheepmeat"
1344,65,"Sheepmeat"
1345,65,"Sheepmeat"
16055,65,"Sheepmeat"
16362,65,"Sheepmeat"
16596,65,"Sheepmeat"
16599,65,"Sheepmeat"
16623,65,"Sheepmeat"
15941,65,"Sheepmeat"
1216,65,"Sheepmeat"
10982,65,"Sheepmeat"
10997,65,"Sheepmeat"
1153,65,"Sheepmeat"
1239,65,"Sheepmeat"
1242,65,"Sheepmeat"
1244,65,"Sheepmeat"
10955,65,"Sheepmeat"
10956,65,"Sheepmeat"
10960,65,"Sheepmeat"
23254,65,"Sheepmeat"
13420,65,"Sheepmeat"
13421,65,"Sheepmeat"
13422,65,"Sheepmeat"
23255,65,"Sheepmeat"
13424,65,"Sheepmeat"
13399,65,"Sheepmeat"
13403,65,"Sheepmeat"
13404,65,"Sheepmeat"
13412,65,"Sheepmeat"
13164,65,"Sheepmeat"
13057,65,"Sheepmeat"
19319,65,"Sheepmeat"
19320,65,"Sheepmeat"
23250,65,"Sheepmeat"
23251,65,"Sheepmeat"
23256,65,"Sheepmeat"
23010,65,"Sheepmeat"
23262,65,"Sheepmeat"
23046,65,"Sheepmeat"
13425,65,"Sheepmeat"
13052,65,"Sheepmeat"
13053,65,"Sheepmeat"
30326,65,"Sheepmeat"
30729,65,"Sheepmeat"
30781,65,"Sheepmeat"
31554,65,"Sheepmeat"
31558,65,"Sheepmeat"
31573,65,"Sheepmeat"
21540,65,"Sheepmeat"
31659,65,"Sheepmeat"
20346,65,"Sheepmeat"
4952,65,"Sheepmeat"
29881,65,"Sheepmeat"
4783,65,"Sheepmeat"
13058,65,"Sheepmeat"
13059,65,"Sheepmeat"
13060,65,"Sheepmeat"
13061,65,"Sheepmeat"
13062,65,"Sheepmeat"
13065,65,"Sheepmeat"
19640,65,"Sheepmeat"
19641,65,"Sheepmeat"
6079,65,"Sheepmeat"
21355,65,"Sheepmeat"
20345,65,"Sheepmeat"
30291,65,"Sheepmeat"
14336,65,"Sheepmeat"
30294,65,"Sheepmeat"
30303,65,"Sheepmeat"
30304,65,"Sheepmeat"
30310,65,"Sheepmeat"
30313,65,"Sheepmeat"
30314,65,"Sheepmeat"
30315,65,"Sheepmeat"
30318,65,"Sheepmeat"
30324,65,"Sheepmeat"
30325,65,"Sheepmeat"
30328,65,"Sheepmeat"
30336,65,"Sheepmeat"
14338,65,"Sheepmeat"
7386,65,"Sheepmeat"
7387,65,"Sheepmeat"
7388,65,"Sheepmeat"
7389,65,"Sheepmeat"
7390,65,"Sheepmeat"
7394,65,"Sheepmeat"
7395,65,"Sheepmeat"
7396,65,"Sheepmeat"
21514,65,"Sheepmeat"
21358,65,"Sheepmeat"
21359,65,"Sheepmeat"
8356,65,"Sheepmeat"
8359,65,"Sheepmeat"
7397,65,"Sheepmeat"
7398,65,"Sheepmeat"
7399,65,"Sheepmeat"
7400,65,"Sheepmeat"
7401,65,"Sheepmeat"
7402,65,"Sheepmeat"
7403,65,"Sheepmeat"
7404,65,"Sheepmeat"
7405,65,"Sheepmeat"
7415,65,"Sheepmeat"
7417,65,"Sheepmeat"
7419,65,"Sheepmeat"
8357,65,"Sheepmeat"
8135,65,"Sheepmeat"
7420,65,"Sheepmeat"
7421,65,"Sheepmeat"
7422,65,"Sheepmeat"
7445,65,"Sheepmeat"
7446,65,"Sheepmeat"
7447,65,"Sheepmeat"
8338,65,"Sheepmeat"
8341,65,"Sheepmeat"
8342,65,"Sheepmeat"
8343,65,"Sheepmeat"
7081,65,"Sheepmeat"
8351,65,"Sheepmeat"
8353,65,"Sheepmeat"
8354,65,"Sheepmeat"
8355,65,"Sheepmeat"
7049,65,"Sheepmeat"
17498,65,"Sheepmeat"
12910,65,"Sheepmeat"
1257,65,"Sheepmeat"
1360,65,"Sheepmeat"
10923,65,"Sheepmeat"
1264,65,"Sheepmeat"
1265,65,"Sheepmeat"
1275,65,"Sheepmeat"
1279,65,"Sheepmeat"
1258,65,"Sheepmeat"
1259,65,"Sheepmeat"
1260,65,"Sheepmeat"
1263,65,"Sheepmeat"
10934,65,"Sheepmeat"
10932,65,"Sheepmeat"
12911,65,"Sheepmeat"
12912,65,"Sheepmeat"
12913,65,"Sheepmeat"
12916,65,"Sheepmeat"
12744,65,"Sheepmeat"
12942,65,"Sheepmeat"
12943,65,"Sheepmeat"
12772,65,"Sheepmeat"
12797,65,"Sheepmeat"
6845,65,"Sheepmeat"
4000,65,"Sheepmeat"
4001,65,"Sheepmeat"
4005,65,"Sheepmeat"
3996,65,"Sheepmeat"
4023,65,"Sheepmeat"
4024,65,"Sheepmeat"
4025,65,"Sheepmeat"
4043,65,"Sheepmeat"
4046,65,"Sheepmeat"
4047,65,"Sheepmeat"
4045,65,"Sheepmeat"
1612,65,"Sheepmeat"
1608,65,"Sheepmeat"
1611,65,"Sheepmeat"
1613,65,"Sheepmeat"
4537,65,"Sheepmeat"
4538,65,"Sheepmeat"
1614,65,"Sheepmeat"
1615,65,"Sheepmeat"
1588,65,"Sheepmeat"
1604,65,"Sheepmeat"
1605,65,"Sheepmeat"
1607,65,"Sheepmeat"
4048,65,"Sheepmeat"
4060,65,"Sheepmeat"
1575,65,"Sheepmeat"
4520,65,"Sheepmeat"
4049,65,"Sheepmeat"
4050,65,"Sheepmeat"
4059,65,"Sheepmeat"
4085,65,"Sheepmeat"
4087,65,"Sheepmeat"
4088,65,"Sheepmeat"
4542,65,"Sheepmeat"
4540,65,"Sheepmeat"
4471,65,"Sheepmeat"
4534,65,"Sheepmeat"
4077,65,"Sheepmeat"
4079,65,"Sheepmeat"
4080,65,"Sheepmeat"
4086,65,"Sheepmeat"
4543,65,"Sheepmeat"
4544,65,"Sheepmeat"
4208,65,"Sheepmeat"
4518,65,"Sheepmeat"
4517,65,"Sheepmeat"
4524,65,"Sheepmeat"
4539,65,"Sheepmeat"
4541,65,"Sheepmeat"
4461,65,"Sheepmeat"
4519,65,"Sheepmeat"
4521,65,"Sheepmeat"
4522,65,"Sheepmeat"
4523,65,"Sheepmeat"
4525,65,"Sheepmeat"
4535,65,"Sheepmeat"
1446,65,"Sheepmeat"
1447,65,"Sheepmeat"
1458,65,"Sheepmeat"
1459,65,"Sheepmeat"
1464,65,"Sheepmeat"
1465,65,"Sheepmeat"
1466,65,"Sheepmeat"
1472,65,"Sheepmeat"
1473,65,"Sheepmeat"
1474,65,"Sheepmeat"
1476,65,"Sheepmeat"
1478,65,"Sheepmeat"
1481,65,"Sheepmeat"
1482,65,"Sheepmeat"
1495,65,"Sheepmeat"
1496,65,"Sheepmeat"
1497,65,"Sheepmeat"
4472,65,"Sheepmeat"
4475,65,"Sheepmeat"
4476,65,"Sheepmeat"
4477,65,"Sheepmeat"
4478,65,"Sheepmeat"
4479,65,"Sheepmeat"
4527,65,"Sheepmeat"
4529,65,"Sheepmeat"
4530,65,"Sheepmeat"
4531,65,"Sheepmeat"
4532,65,"Sheepmeat"
4473,65,"Sheepmeat"
4465,65,"Sheepmeat"
4466,65,"Sheepmeat"
4468,65,"Sheepmeat"
4469,65,"Sheepmeat"
4480,65,"Sheepmeat"
4195,65,"Sheepmeat"
4193,65,"Sheepmeat"
1616,65,"Sheepmeat"
4513,65,"Sheepmeat"
4494,65,"Sheepmeat"
1641,65,"Sheepmeat"
1643,65,"Sheepmeat"
1853,65,"Sheepmeat"
1514,65,"Sheepmeat"
1516,65,"Sheepmeat"
1534,65,"Sheepmeat"
1540,65,"Sheepmeat"
1545,65,"Sheepmeat"
1553,65,"Sheepmeat"
1554,65,"Sheepmeat"
1555,65,"Sheepmeat"
1556,65,"Sheepmeat"
1557,65,"Sheepmeat"
1558,65,"Sheepmeat"
1564,65,"Sheepmeat"
1568,65,"Sheepmeat"
1569,65,"Sheepmeat"
1574,65,"Sheepmeat"
1576,65,"Sheepmeat"
1583,65,"Sheepmeat"
1584,65,"Sheepmeat"
1586,65,"Sheepmeat"
1589,65,"Sheepmeat"
1590,65,"Sheepmeat"
1591,65,"Sheepmeat"
1593,65,"Sheepmeat"
1600,65,"Sheepmeat"
1603,65,"Sheepmeat"
4042,65,"Sheepmeat"
7736,65,"Sheepmeat"
7757,65,"Sheepmeat"
8025,65,"Sheepmeat"
8026,65,"Sheepmeat"
8031,65,"Sheepmeat"
7992,65,"Sheepmeat"
7996,65,"Sheepmeat"
7997,65,"Sheepmeat"
1581,65,"Sheepmeat"
1594,65,"Sheepmeat"
1610,65,"Sheepmeat"
1649,65,"Sheepmeat"
1652,65,"Sheepmeat"
1665,65,"Sheepmeat"
1666,65,"Sheepmeat"
3311,65,"Sheepmeat"
3312,65,"Sheepmeat"
1702,65,"Sheepmeat"
1709,65,"Sheepmeat"
1713,65,"Sheepmeat"
2155,65,"Sheepmeat"
1834,65,"Sheepmeat"
1837,65,"Sheepmeat"
1838,65,"Sheepmeat"
1839,65,"Sheepmeat"
1841,65,"Sheepmeat"
1842,65,"Sheepmeat"
1844,65,"Sheepmeat"
1864,65,"Sheepmeat"
1873,65,"Sheepmeat"
4491,65,"Sheepmeat"
1852,65,"Sheepmeat"
1657,65,"Sheepmeat"
1658,65,"Sheepmeat"
1659,65,"Sheepmeat"
1662,65,"Sheepmeat"
3371,65,"Sheepmeat"
3374,65,"Sheepmeat"
3439,65,"Sheepmeat"
1660,65,"Sheepmeat"
1661,65,"Sheepmeat"
1663,65,"Sheepmeat"
1664,65,"Sheepmeat"
1673,65,"Sheepmeat"
1677,65,"Sheepmeat"
1678,65,"Sheepmeat"
1681,65,"Sheepmeat"
1682,65,"Sheepmeat"
1691,65,"Sheepmeat"
1692,65,"Sheepmeat"
1693,65,"Sheepmeat"
1695,65,"Sheepmeat"
1823,65,"Sheepmeat"
1832,65,"Sheepmeat"
1739,65,"Sheepmeat"
1740,65,"Sheepmeat"
1833,65,"Sheepmeat"
4485,65,"Sheepmeat"
4512,65,"Sheepmeat"
4486,65,"Sheepmeat"
4501,65,"Sheepmeat"
4505,65,"Sheepmeat"
4510,65,"Sheepmeat"
4511,65,"Sheepmeat"
1850,65,"Sheepmeat"
1851,65,"Sheepmeat"
1854,65,"Sheepmeat"
4492,65,"Sheepmeat"
4495,65,"Sheepmeat"
4503,65,"Sheepmeat"
4516,65,"Sheepmeat"
4202,65,"Sheepmeat"
4201,65,"Sheepmeat"
4205,65,"Sheepmeat"
4528,65,"Sheepmeat"
1912,65,"Sheepmeat"
1921,65,"Sheepmeat"
1929,65,"Sheepmeat"
1930,65,"Sheepmeat"
1931,65,"Sheepmeat"
1882,65,"Sheepmeat"
1884,65,"Sheepmeat"
1888,65,"Sheepmeat"
4506,65,"Sheepmeat"
4507,65,"Sheepmeat"
4508,65,"Sheepmeat"
4514,65,"Sheepmeat"
1906,65,"Sheepmeat"
1457,65,"Sheepmeat"
1933,65,"Sheepmeat"
9114,65,"Sheepmeat"
9115,65,"Sheepmeat"
8898,65,"Sheepmeat"
8900,65,"Sheepmeat"
1969,65,"Sheepmeat"
1976,65,"Sheepmeat"
1978,65,"Sheepmeat"
1979,65,"Sheepmeat"
8899,65,"Sheepmeat"
8905,65,"Sheepmeat"
8993,65,"Sheepmeat"
3442,65,"Sheepmeat"
3448,65,"Sheepmeat"
3451,65,"Sheepmeat"
3452,65,"Sheepmeat"
1891,65,"Sheepmeat"
1893,65,"Sheepmeat"
3447,65,"Sheepmeat"
3467,65,"Sheepmeat"
1901,65,"Sheepmeat"
1898,65,"Sheepmeat"
1902,65,"Sheepmeat"
1904,65,"Sheepmeat"
1905,65,"Sheepmeat"
1920,65,"Sheepmeat"
872,65,"Sheepmeat"
621,65,"Sheepmeat"
1934,65,"Sheepmeat"
1941,65,"Sheepmeat"
1946,65,"Sheepmeat"
2158,65,"Sheepmeat"
8908,65,"Sheepmeat"
1894,65,"Sheepmeat"
1895,65,"Sheepmeat"
876,65,"Sheepmeat"
875,65,"Sheepmeat"
878,65,"Sheepmeat"
1899,65,"Sheepmeat"
1900,65,"Sheepmeat"
377,65,"Sheepmeat"
3300,65,"Sheepmeat"
3301,65,"Sheepmeat"
3306,65,"Sheepmeat"
3307,65,"Sheepmeat"
3413,65,"Sheepmeat"
3394,65,"Sheepmeat"
3424,65,"Sheepmeat"
3446,65,"Sheepmeat"
372,65,"Sheepmeat"
2012,65,"Sheepmeat"
2021,65,"Sheepmeat"
2022,65,"Sheepmeat"
2023,65,"Sheepmeat"
2024,65,"Sheepmeat"
2064,65,"Sheepmeat"
3460,65,"Sheepmeat"
3461,65,"Sheepmeat"
3462,65,"Sheepmeat"
3463,65,"Sheepmeat"
3466,65,"Sheepmeat"
3494,65,"Sheepmeat"
3459,65,"Sheepmeat"
3458,65,"Sheepmeat"
12746,65,"Sheepmeat"
12923,65,"Sheepmeat"
12750,65,"Sheepmeat"
12932,65,"Sheepmeat"
12933,65,"Sheepmeat"
12934,65,"Sheepmeat"
3375,65,"Sheepmeat"
3392,65,"Sheepmeat"
3393,65,"Sheepmeat"
3426,65,"Sheepmeat"
3430,65,"Sheepmeat"
3433,65,"Sheepmeat"
3434,65,"Sheepmeat"
3437,65,"Sheepmeat"
3444,65,"Sheepmeat"
3445,65,"Sheepmeat"
3457,65,"Sheepmeat"
2162,65,"Sheepmeat"
2163,65,"Sheepmeat"
12768,65,"Sheepmeat"
12770,65,"Sheepmeat"
12771,65,"Sheepmeat"
12765,65,"Sheepmeat"
12766,65,"Sheepmeat"
12767,65,"Sheepmeat"
12758,65,"Sheepmeat"
12763,65,"Sheepmeat"
12764,65,"Sheepmeat"
12769,65,"Sheepmeat"
12938,65,"Sheepmeat"
12967,65,"Sheepmeat"
12931,65,"Sheepmeat"
12962,65,"Sheepmeat"
13004,65,"Sheepmeat"
12809,65,"Sheepmeat"
12808,65,"Sheepmeat"
12956,65,"Sheepmeat"
3785,65,"Sheepmeat"
10868,65,"Sheepmeat"
11123,65,"Sheepmeat"
10874,65,"Sheepmeat"
11141,65,"Sheepmeat"
11142,65,"Sheepmeat"
7586,65,"Sheepmeat"
10875,65,"Sheepmeat"
10877,65,"Sheepmeat"
11134,65,"Sheepmeat"
11135,65,"Sheepmeat"
7578,65,"Sheepmeat"
7477,65,"Sheepmeat"
7478,65,"Sheepmeat"
7576,65,"Sheepmeat"
7575,65,"Sheepmeat"
7476,65,"Sheepmeat"
7479,65,"Sheepmeat"
7481,65,"Sheepmeat"
12749,65,"Sheepmeat"
12920,65,"Sheepmeat"
12941,65,"Sheepmeat"
12937,65,"Sheepmeat"
12958,65,"Sheepmeat"
12959,65,"Sheepmeat"
12960,65,"Sheepmeat"
12961,65,"Sheepmeat"
7493,65,"Sheepmeat"
7547,65,"Sheepmeat"
7495,65,"Sheepmeat"
7611,65,"Sheepmeat"
10838,65,"Sheepmeat"
7533,65,"Sheepmeat"
7582,65,"Sheepmeat"
7469,65,"Sheepmeat"
7470,65,"Sheepmeat"
7474,65,"Sheepmeat"
7482,65,"Sheepmeat"
7532,65,"Sheepmeat"
7577,65,"Sheepmeat"
10872,65,"Sheepmeat"
10873,65,"Sheepmeat"
11136,65,"Sheepmeat"
10866,65,"Sheepmeat"
10867,65,"Sheepmeat"
11346,65,"Sheepmeat"
11347,65,"Sheepmeat"
11348,65,"Sheepmeat"
11351,65,"Sheepmeat"
11353,65,"Sheepmeat"
11355,65,"Sheepmeat"
11349,65,"Sheepmeat"
11350,65,"Sheepmeat"
7456,65,"Sheepmeat"
7492,65,"Sheepmeat"
7560,65,"Sheepmeat"
7561,65,"Sheepmeat"
7567,65,"Sheepmeat"
7568,65,"Sheepmeat"
7573,65,"Sheepmeat"
7574,65,"Sheepmeat"
11340,65,"Sheepmeat"
11344,65,"Sheepmeat"
581,65,"Sheepmeat"
11359,65,"Sheepmeat"
7579,65,"Sheepmeat"
7580,65,"Sheepmeat"
7963,65,"Sheepmeat"
7374,65,"Sheepmeat"
7968,65,"Sheepmeat"
7381,65,"Sheepmeat"
7449,65,"Sheepmeat"
12909,65,"Sheepmeat"
7373,65,"Sheepmeat"
7958,65,"Sheepmeat"
7973,65,"Sheepmeat"
7974,65,"Sheepmeat"
12924,65,"Sheepmeat"
12977,65,"Sheepmeat"
12979,65,"Sheepmeat"
12985,65,"Sheepmeat"
12780,65,"Sheepmeat"
12984,65,"Sheepmeat"
7393,65,"Sheepmeat"
7392,65,"Sheepmeat"
7384,65,"Sheepmeat"
8360,65,"Sheepmeat"
12914,65,"Sheepmeat"
12915,65,"Sheepmeat"
12745,65,"Sheepmeat"
12751,65,"Sheepmeat"
12756,65,"Sheepmeat"
12757,65,"Sheepmeat"
11184,65,"Sheepmeat"
11421,65,"Sheepmeat"
11208,65,"Sheepmeat"
11424,65,"Sheepmeat"
1623,65,"Sheepmeat"
1626,65,"Sheepmeat"
1628,65,"Sheepmeat"
1630,65,"Sheepmeat"
1629,65,"Sheepmeat"
1633,65,"Sheepmeat"
1640,65,"Sheepmeat"
1636,65,"Sheepmeat"
1639,65,"Sheepmeat"
1642,65,"Sheepmeat"
7646,65,"Sheepmeat"
7647,65,"Sheepmeat"
7655,65,"Sheepmeat"
7656,65,"Sheepmeat"
7695,65,"Sheepmeat"
7696,65,"Sheepmeat"
7697,65,"Sheepmeat"
7698,65,"Sheepmeat"
7699,65,"Sheepmeat"
7700,65,"Sheepmeat"
7703,65,"Sheepmeat"
7704,65,"Sheepmeat"
7705,65,"Sheepmeat"
7706,65,"Sheepmeat"
7707,65,"Sheepmeat"
7708,65,"Sheepmeat"
7709,65,"Sheepmeat"
7710,65,"Sheepmeat"
7715,65,"Sheepmeat"
7716,65,"Sheepmeat"
7719,65,"Sheepmeat"
7720,65,"Sheepmeat"
7727,65,"Sheepmeat"
7731,65,"Sheepmeat"
7733,65,"Sheepmeat"
3997,65,"Sheepmeat"
3998,65,"Sheepmeat"
3999,65,"Sheepmeat"
7711,65,"Sheepmeat"
7713,65,"Sheepmeat"
7652,65,"Sheepmeat"
7653,65,"Sheepmeat"
7657,65,"Sheepmeat"
7691,65,"Sheepmeat"
7692,65,"Sheepmeat"
7712,65,"Sheepmeat"
7714,65,"Sheepmeat"
7732,65,"Sheepmeat"
7735,65,"Sheepmeat"
7737,65,"Sheepmeat"
7738,65,"Sheepmeat"
7739,65,"Sheepmeat"
7740,65,"Sheepmeat"
7728,65,"Sheepmeat"
4009,65,"Sheepmeat"
7723,65,"Sheepmeat"
7726,65,"Sheepmeat"
7725,65,"Sheepmeat"
4011,65,"Sheepmeat"
4012,65,"Sheepmeat"
4017,65,"Sheepmeat"
1617,65,"Sheepmeat"
1954,65,"Sheepmeat"
9102,65,"Sheepmeat"
9103,65,"Sheepmeat"
9105,65,"Sheepmeat"
9108,65,"Sheepmeat"
8902,65,"Sheepmeat"
9128,65,"Sheepmeat"
9131,65,"Sheepmeat"
9218,65,"Sheepmeat"
9130,65,"Sheepmeat"
9101,65,"Sheepmeat"
7371,65,"Sheepmeat"
7372,65,"Sheepmeat"
7957,65,"Sheepmeat"
7960,65,"Sheepmeat"
7961,65,"Sheepmeat"
7962,65,"Sheepmeat"
7965,65,"Sheepmeat"
7966,65,"Sheepmeat"
7967,65,"Sheepmeat"
7969,65,"Sheepmeat"
7982,65,"Sheepmeat"
7984,65,"Sheepmeat"
7385,65,"Sheepmeat"
7391,65,"Sheepmeat"
7436,65,"Sheepmeat"
7438,65,"Sheepmeat"
8140,65,"Sheepmeat"
12917,65,"Sheepmeat"
12747,65,"Sheepmeat"
7686,65,"Sheepmeat"
8245,65,"Sheepmeat"
7685,65,"Sheepmeat"
7687,65,"Sheepmeat"
7624,65,"Sheepmeat"
832,65,"Sheepmeat"
618,65,"Sheepmeat"
1911,65,"Sheepmeat"
1916,65,"Sheepmeat"
1919,65,"Sheepmeat"
1923,65,"Sheepmeat"
1924,65,"Sheepmeat"
1949,65,"Sheepmeat"
1950,65,"Sheepmeat"
1951,65,"Sheepmeat"
1952,65,"Sheepmeat"
1953,65,"Sheepmeat"
1955,65,"Sheepmeat"
1956,65,"Sheepmeat"
1957,65,"Sheepmeat"
1958,65,"Sheepmeat"
1961,65,"Sheepmeat"
1963,65,"Sheepmeat"
1965,65,"Sheepmeat"
1966,65,"Sheepmeat"
9098,65,"Sheepmeat"
9099,65,"Sheepmeat"
9100,65,"Sheepmeat"
9111,65,"Sheepmeat"
9222,65,"Sheepmeat"
8974,65,"Sheepmeat"
7689,65,"Sheepmeat"
7658,65,"Sheepmeat"
7659,65,"Sheepmeat"
7666,65,"Sheepmeat"
12748,65,"Sheepmeat"
12921,65,"Sheepmeat"
12752,65,"Sheepmeat"
12925,65,"Sheepmeat"
12760,65,"Sheepmeat"
12761,65,"Sheepmeat"
12968,65,"Sheepmeat"
12974,65,"Sheepmeat"
12991,65,"Sheepmeat"
12992,65,"Sheepmeat"
12993,65,"Sheepmeat"
12995,65,"Sheepmeat"
12796,65,"Sheepmeat"
11009,65,"Sheepmeat"
11010,65,"Sheepmeat"
11011,65,"Sheepmeat"
11018,65,"Sheepmeat"
11019,65,"Sheepmeat"
11020,65,"Sheepmeat"
11022,65,"Sheepmeat"
10936,65,"Sheepmeat"
11039,65,"Sheepmeat"
11040,65,"Sheepmeat"
10977,65,"Sheepmeat"
10999,65,"Sheepmeat"
11023,65,"Sheepmeat"
11024,65,"Sheepmeat"
11031,65,"Sheepmeat"
11036,65,"Sheepmeat"
1391,65,"Sheepmeat"
1392,65,"Sheepmeat"
10831,65,"Sheepmeat"
10832,65,"Sheepmeat"
1430,65,"Sheepmeat"
1367,65,"Sheepmeat"
1375,65,"Sheepmeat"
10980,65,"Sheepmeat"
10981,65,"Sheepmeat"
10995,65,"Sheepmeat"
11006,65,"Sheepmeat"
10988,65,"Sheepmeat"
10993,65,"Sheepmeat"
10998,65,"Sheepmeat"
10953,65,"Sheepmeat"
10994,65,"Sheepmeat"
11003,65,"Sheepmeat"
10979,65,"Sheepmeat"
11007,65,"Sheepmeat"
11015,65,"Sheepmeat"
11016,65,"Sheepmeat"
11032,65,"Sheepmeat"
11034,65,"Sheepmeat"
11035,65,"Sheepmeat"
11038,65,"Sheepmeat"
17272,65,"Sheepmeat"
1268,65,"Sheepmeat"
1269,65,"Sheepmeat"
1270,65,"Sheepmeat"
1271,65,"Sheepmeat"
1272,65,"Sheepmeat"
1385,65,"Sheepmeat"
1267,65,"Sheepmeat"
1276,65,"Sheepmeat"
1277,65,"Sheepmeat"
1281,65,"Sheepmeat"
1283,65,"Sheepmeat"
1322,65,"Sheepmeat"
1278,65,"Sheepmeat"
1280,65,"Sheepmeat"
1282,65,"Sheepmeat"
1284,65,"Sheepmeat"
1320,65,"Sheepmeat"
1321,65,"Sheepmeat"
1291,65,"Sheepmeat"
1292,65,"Sheepmeat"
1295,65,"Sheepmeat"
1317,65,"Sheepmeat"
1318,65,"Sheepmeat"
1319,65,"Sheepmeat"
1289,65,"Sheepmeat"
16862,65,"Sheepmeat"
1396,65,"Sheepmeat"
11064,65,"Sheepmeat"
10918,65,"Sheepmeat"
10920,65,"Sheepmeat"
10941,65,"Sheepmeat"
10950,65,"Sheepmeat"
10951,65,"Sheepmeat"
10943,65,"Sheepmeat"
10944,65,"Sheepmeat"
7634,65,"Sheepmeat"
7635,65,"Sheepmeat"
7636,65,"Sheepmeat"
7660,65,"Sheepmeat"
7637,65,"Sheepmeat"
7643,65,"Sheepmeat"
7644,65,"Sheepmeat"
7645,65,"Sheepmeat"
7694,65,"Sheepmeat"
759,65,"Sheepmeat"
760,65,"Sheepmeat"
775,65,"Sheepmeat"
7639,65,"Sheepmeat"
7640,65,"Sheepmeat"
7642,65,"Sheepmeat"
8106,65,"Sheepmeat"
5728,65,"Sheepmeat"
831,65,"Sheepmeat"
8107,65,"Sheepmeat"
764,65,"Sheepmeat"
766,65,"Sheepmeat"
770,65,"Sheepmeat"
771,65,"Sheepmeat"
828,65,"Sheepmeat"
773,65,"Sheepmeat"
774,65,"Sheepmeat"
830,65,"Sheepmeat"
7625,65,"Sheepmeat"
7626,65,"Sheepmeat"
7627,65,"Sheepmeat"
7628,65,"Sheepmeat"
7629,65,"Sheepmeat"
7630,65,"Sheepmeat"
7631,65,"Sheepmeat"
7633,65,"Sheepmeat"
7641,65,"Sheepmeat"
7661,65,"Sheepmeat"
7663,65,"Sheepmeat"
7665,65,"Sheepmeat"
7667,65,"Sheepmeat"
7668,65,"Sheepmeat"
10959,65,"Sheepmeat"
10961,65,"Sheepmeat"
7669,65,"Sheepmeat"
7672,65,"Sheepmeat"
7673,65,"Sheepmeat"
7674,65,"Sheepmeat"
7676,65,"Sheepmeat"
7677,65,"Sheepmeat"
7678,65,"Sheepmeat"
7679,65,"Sheepmeat"
7680,65,"Sheepmeat"
7682,65,"Sheepmeat"
7683,65,"Sheepmeat"
7684,65,"Sheepmeat"
7688,65,"Sheepmeat"
7693,65,"Sheepmeat"
11315,65,"Sheepmeat"
11092,65,"Sheepmeat"
11093,65,"Sheepmeat"
10846,65,"Sheepmeat"
10849,65,"Sheepmeat"
10853,65,"Sheepmeat"
10855,65,"Sheepmeat"
10856,65,"Sheepmeat"
10857,65,"Sheepmeat"
11097,65,"Sheepmeat"
11102,65,"Sheepmeat"
11103,65,"Sheepmeat"
10865,65,"Sheepmeat"
11112,65,"Sheepmeat"
10869,65,"Sheepmeat"
11122,65,"Sheepmeat"
11379,65,"Sheepmeat"
10861,65,"Sheepmeat"
11085,65,"Sheepmeat"
10840,65,"Sheepmeat"
11120,65,"Sheepmeat"
11121,65,"Sheepmeat"
4137,65,"Sheepmeat"
4147,65,"Sheepmeat"
4151,65,"Sheepmeat"
4165,65,"Sheepmeat"
4168,65,"Sheepmeat"
10962,65,"Sheepmeat"
10964,65,"Sheepmeat"
10965,65,"Sheepmeat"
10968,65,"Sheepmeat"
10969,65,"Sheepmeat"
10970,65,"Sheepmeat"
10975,65,"Sheepmeat"
10989,65,"Sheepmeat"
10990,65,"Sheepmeat"
10991,65,"Sheepmeat"
11017,65,"Sheepmeat"
11033,65,"Sheepmeat"
1274,65,"Sheepmeat"
1285,65,"Sheepmeat"
1286,65,"Sheepmeat"
1287,65,"Sheepmeat"
1288,65,"Sheepmeat"
1290,65,"Sheepmeat"
1293,65,"Sheepmeat"
1294,65,"Sheepmeat"
1297,65,"Sheepmeat"
1299,65,"Sheepmeat"
1323,65,"Sheepmeat"
1327,65,"Sheepmeat"
1329,65,"Sheepmeat"
1330,65,"Sheepmeat"
1331,65,"Sheepmeat"
1386,65,"Sheepmeat"
1387,65,"Sheepmeat"
10822,65,"Sheepmeat"
4164,65,"Sheepmeat"
4156,65,"Sheepmeat"
4073,65,"Sheepmeat"
4161,65,"Sheepmeat"
4163,65,"Sheepmeat"
4166,65,"Sheepmeat"
4170,65,"Sheepmeat"
5655,65,"Sheepmeat"
3886,65,"Sheepmeat"
17093,65,"Sheepmeat"
17258,65,"Sheepmeat"
17262,65,"Sheepmeat"
17330,65,"Sheepmeat"
17352,65,"Sheepmeat"
1155,65,"Sheepmeat"
1157,65,"Sheepmeat"
1235,65,"Sheepmeat"
1237,65,"Sheepmeat"
16078,65,"Sheepmeat"
16079,65,"Sheepmeat"
16080,65,"Sheepmeat"
16081,65,"Sheepmeat"
5656,65,"Sheepmeat"
5658,65,"Sheepmeat"
5664,65,"Sheepmeat"
4109,65,"Sheepmeat"
4110,65,"Sheepmeat"
4111,65,"Sheepmeat"
4127,65,"Sheepmeat"
4128,65,"Sheepmeat"
4129,65,"Sheepmeat"
4130,65,"Sheepmeat"
4131,65,"Sheepmeat"
4133,65,"Sheepmeat"
4148,65,"Sheepmeat"
4149,65,"Sheepmeat"
4150,65,"Sheepmeat"
5666,65,"Sheepmeat"
5667,65,"Sheepmeat"
5670,65,"Sheepmeat"
5671,65,"Sheepmeat"
5672,65,"Sheepmeat"
5674,65,"Sheepmeat"
5682,65,"Sheepmeat"
5510,65,"Sheepmeat"
5511,65,"Sheepmeat"
5653,65,"Sheepmeat"
5660,65,"Sheepmeat"
5661,65,"Sheepmeat"
5662,65,"Sheepmeat"
5702,65,"Sheepmeat"
3960,65,"Sheepmeat"
4155,65,"Sheepmeat"
4171,65,"Sheepmeat"
4172,65,"Sheepmeat"
4173,65,"Sheepmeat"
6582,65,"Sheepmeat"
5866,65,"Sheepmeat"
5873,65,"Sheepmeat"
5879,65,"Sheepmeat"
6571,65,"Sheepmeat"
6572,65,"Sheepmeat"
4460,65,"Sheepmeat"
5541,65,"Sheepmeat"
3917,65,"Sheepmeat"
3921,65,"Sheepmeat"
3961,65,"Sheepmeat"
3962,65,"Sheepmeat"
3964,65,"Sheepmeat"
3971,65,"Sheepmeat"
3986,65,"Sheepmeat"
3987,65,"Sheepmeat"
3988,65,"Sheepmeat"
3989,65,"Sheepmeat"
5677,65,"Sheepmeat"
5675,65,"Sheepmeat"
5676,65,"Sheepmeat"
4153,65,"Sheepmeat"
4154,65,"Sheepmeat"
4174,65,"Sheepmeat"
6575,65,"Sheepmeat"
6577,65,"Sheepmeat"
6589,65,"Sheepmeat"
6592,65,"Sheepmeat"
3864,65,"Sheepmeat"
3888,65,"Sheepmeat"
3905,65,"Sheepmeat"
3909,65,"Sheepmeat"
3910,65,"Sheepmeat"
3912,65,"Sheepmeat"
3913,65,"Sheepmeat"
3914,65,"Sheepmeat"
3915,65,"Sheepmeat"
3923,65,"Sheepmeat"
3925,65,"Sheepmeat"
4190,65,"Sheepmeat"
3930,65,"Sheepmeat"
3933,65,"Sheepmeat"
3935,65,"Sheepmeat"
3936,65,"Sheepmeat"
3937,65,"Sheepmeat"
3938,65,"Sheepmeat"
3939,65,"Sheepmeat"
3947,65,"Sheepmeat"
3950,65,"Sheepmeat"
3951,65,"Sheepmeat"
3952,65,"Sheepmeat"
3953,65,"Sheepmeat"
3954,65,"Sheepmeat"
5690,65,"Sheepmeat"
5732,65,"Sheepmeat"
5833,65,"Sheepmeat"
5883,65,"Sheepmeat"
5884,65,"Sheepmeat"
5885,65,"Sheepmeat"
5840,65,"Sheepmeat"
3963,65,"Sheepmeat"
3972,65,"Sheepmeat"
3974,65,"Sheepmeat"
3977,65,"Sheepmeat"
3978,65,"Sheepmeat"
3982,65,"Sheepmeat"
3983,65,"Sheepmeat"
3992,65,"Sheepmeat"
3995,65,"Sheepmeat"
11449,65,"Sheepmeat"
11450,65,"Sheepmeat"
5827,65,"Sheepmeat"
5818,65,"Sheepmeat"
5842,65,"Sheepmeat"
5846,65,"Sheepmeat"
5858,65,"Sheepmeat"
5868,65,"Sheepmeat"
5869,65,"Sheepmeat"
5870,65,"Sheepmeat"
5872,65,"Sheepmeat"
5881,65,"Sheepmeat"
5882,65,"Sheepmeat"
5903,65,"Sheepmeat"
5890,65,"Sheepmeat"
6570,65,"Sheepmeat"
3562,65,"Sheepmeat"
3577,65,"Sheepmeat"
3587,65,"Sheepmeat"
3571,65,"Sheepmeat"
3572,65,"Sheepmeat"
3573,65,"Sheepmeat"
3575,65,"Sheepmeat"
3576,65,"Sheepmeat"
3524,65,"Sheepmeat"
4175,65,"Sheepmeat"
4454,65,"Sheepmeat"
3565,65,"Sheepmeat"
12775,65,"Sheepmeat"
13044,65,"Sheepmeat"
10913,65,"Sheepmeat"
10914,65,"Sheepmeat"
10916,65,"Sheepmeat"
12776,65,"Sheepmeat"
12944,65,"Sheepmeat"
12936,65,"Sheepmeat"
12957,65,"Sheepmeat"
12945,65,"Sheepmeat"
12946,65,"Sheepmeat"
12947,65,"Sheepmeat"
12948,65,"Sheepmeat"
12949,65,"Sheepmeat"
12951,65,"Sheepmeat"
10917,65,"Sheepmeat"
10919,65,"Sheepmeat"
10921,65,"Sheepmeat"
10922,65,"Sheepmeat"
10946,65,"Sheepmeat"
10947,65,"Sheepmeat"
10949,65,"Sheepmeat"
10915,65,"Sheepmeat"
13045,65,"Sheepmeat"
10924,65,"Sheepmeat"
10925,65,"Sheepmeat"
10930,65,"Sheepmeat"
10931,65,"Sheepmeat"
10933,65,"Sheepmeat"
11067,65,"Sheepmeat"
11076,65,"Sheepmeat"
12801,65,"Sheepmeat"
13027,65,"Sheepmeat"
13046,65,"Sheepmeat"
13047,65,"Sheepmeat"
10942,65,"Sheepmeat"
10927,65,"Sheepmeat"
10940,65,"Sheepmeat"
12805,65,"Sheepmeat"
10948,65,"Sheepmeat"
7407,65,"Sheepmeat"
7414,65,"Sheepmeat"
7418,65,"Sheepmeat"
13048,65,"Sheepmeat"
7416,65,"Sheepmeat"
7442,65,"Sheepmeat"
7428,65,"Sheepmeat"
10895,65,"Sheepmeat"
10903,65,"Sheepmeat"
10904,65,"Sheepmeat"
7413,65,"Sheepmeat"
5518,65,"Sheepmeat"
4107,65,"Sheepmeat"
4108,65,"Sheepmeat"
4114,65,"Sheepmeat"
4103,65,"Sheepmeat"
5519,65,"Sheepmeat"
13049,65,"Sheepmeat"
13050,65,"Sheepmeat"
13051,65,"Sheepmeat"
7423,65,"Sheepmeat"
10893,65,"Sheepmeat"
10898,65,"Sheepmeat"
10902,65,"Sheepmeat"
10907,65,"Sheepmeat"
10908,65,"Sheepmeat"
10912,65,"Sheepmeat"
5708,65,"Sheepmeat"
5710,65,"Sheepmeat"
5711,65,"Sheepmeat"
5527,65,"Sheepmeat"
5718,65,"Sheepmeat"
5530,65,"Sheepmeat"
5522,65,"Sheepmeat"
5716,65,"Sheepmeat"
5529,65,"Sheepmeat"
3673,65,"Sheepmeat"
3549,65,"Sheepmeat"
344,65,"Sheepmeat"
378,65,"Sheepmeat"
389,65,"Sheepmeat"
395,65,"Sheepmeat"
396,65,"Sheepmeat"
5706,65,"Sheepmeat"
5526,65,"Sheepmeat"
5528,65,"Sheepmeat"
5532,65,"Sheepmeat"
5720,65,"Sheepmeat"
2186,65,"Sheepmeat"
1999,65,"Sheepmeat"
2038,65,"Sheepmeat"
375,65,"Sheepmeat"
2042,65,"Sheepmeat"
2005,65,"Sheepmeat"
376,65,"Sheepmeat"
2008,65,"Sheepmeat"
2037,65,"Sheepmeat"
402,65,"Sheepmeat"
404,65,"Sheepmeat"
406,65,"Sheepmeat"
2046,65,"Sheepmeat"
2125,65,"Sheepmeat"
2033,65,"Sheepmeat"
2130,65,"Sheepmeat"
2127,65,"Sheepmeat"
2145,65,"Sheepmeat"
2128,65,"Sheepmeat"
2138,65,"Sheepmeat"
2139,65,"Sheepmeat"
2143,65,"Sheepmeat"
2147,65,"Sheepmeat"
2148,65,"Sheepmeat"
408,65,"Sheepmeat"
417,65,"Sheepmeat"
418,65,"Sheepmeat"
419,65,"Sheepmeat"
420,65,"Sheepmeat"
2178,65,"Sheepmeat"
2190,65,"Sheepmeat"
17190,65,"Sheepmeat"
1993,65,"Sheepmeat"
1994,65,"Sheepmeat"
2039,65,"Sheepmeat"
2041,65,"Sheepmeat"
2149,65,"Sheepmeat"
2259,65,"Sheepmeat"
2151,65,"Sheepmeat"
2241,65,"Sheepmeat"
2258,65,"Sheepmeat"
2260,65,"Sheepmeat"
2262,65,"Sheepmeat"
2263,65,"Sheepmeat"
2264,65,"Sheepmeat"
2305,65,"Sheepmeat"
791,65,"Sheepmeat"
778,65,"Sheepmeat"
691,65,"Sheepmeat"
679,65,"Sheepmeat"
798,65,"Sheepmeat"
8067,65,"Sheepmeat"
792,65,"Sheepmeat"
8117,65,"Sheepmeat"
8310,65,"Sheepmeat"
8311,65,"Sheepmeat"
793,65,"Sheepmeat"
861,65,"Sheepmeat"
693,65,"Sheepmeat"
697,65,"Sheepmeat"
1016,65,"Sheepmeat"
696,65,"Sheepmeat"
286,65,"Sheepmeat"
287,65,"Sheepmeat"
294,65,"Sheepmeat"
12802,65,"Sheepmeat"
12804,65,"Sheepmeat"
12803,65,"Sheepmeat"
790,65,"Sheepmeat"
8115,65,"Sheepmeat"
8070,65,"Sheepmeat"
8114,65,"Sheepmeat"
1014,65,"Sheepmeat"
991,65,"Sheepmeat"
1029,65,"Sheepmeat"
1028,65,"Sheepmeat"
698,65,"Sheepmeat"
677,65,"Sheepmeat"
12807,65,"Sheepmeat"
13013,65,"Sheepmeat"
12950,65,"Sheepmeat"
12955,65,"Sheepmeat"
12810,65,"Sheepmeat"
13012,65,"Sheepmeat"
13024,65,"Sheepmeat"
13025,65,"Sheepmeat"
13028,65,"Sheepmeat"
13026,65,"Sheepmeat"
13042,65,"Sheepmeat"
13043,65,"Sheepmeat"
13011,65,"Sheepmeat"
676,65,"Sheepmeat"
13038,65,"Sheepmeat"
11065,65,"Sheepmeat"
11073,65,"Sheepmeat"
11074,65,"Sheepmeat"
11075,65,"Sheepmeat"
13019,65,"Sheepmeat"
13022,65,"Sheepmeat"
13036,65,"Sheepmeat"
13041,65,"Sheepmeat"
13030,65,"Sheepmeat"
8332,65,"Sheepmeat"
8076,65,"Sheepmeat"
8078,65,"Sheepmeat"
8079,65,"Sheepmeat"
8325,65,"Sheepmeat"
8326,65,"Sheepmeat"
8101,65,"Sheepmeat"
8105,65,"Sheepmeat"
8323,65,"Sheepmeat"
8082,65,"Sheepmeat"
8097,65,"Sheepmeat"
8113,65,"Sheepmeat"
8112,65,"Sheepmeat"
8098,65,"Sheepmeat"
8109,65,"Sheepmeat"
8110,65,"Sheepmeat"
761,65,"Sheepmeat"
786,65,"Sheepmeat"
787,65,"Sheepmeat"
780,65,"Sheepmeat"
781,65,"Sheepmeat"
779,65,"Sheepmeat"
481,65,"Sheepmeat"
480,65,"Sheepmeat"
512,65,"Sheepmeat"
543,65,"Sheepmeat"
514,65,"Sheepmeat"
515,65,"Sheepmeat"
8324,65,"Sheepmeat"
8081,65,"Sheepmeat"
8083,65,"Sheepmeat"
8116,65,"Sheepmeat"
540,65,"Sheepmeat"
474,65,"Sheepmeat"
475,65,"Sheepmeat"
464,65,"Sheepmeat"
463,65,"Sheepmeat"
476,65,"Sheepmeat"
461,65,"Sheepmeat"
487,65,"Sheepmeat"
486,65,"Sheepmeat"
484,65,"Sheepmeat"
488,65,"Sheepmeat"
490,65,"Sheepmeat"
522,65,"Sheepmeat"
528,65,"Sheepmeat"
529,65,"Sheepmeat"
593,65,"Sheepmeat"
563,65,"Sheepmeat"
536,65,"Sheepmeat"
8335,65,"Sheepmeat"
596,65,"Sheepmeat"
8333,65,"Sheepmeat"
530,65,"Sheepmeat"
531,65,"Sheepmeat"
602,65,"Sheepmeat"
517,65,"Sheepmeat"
462,65,"Sheepmeat"
460,65,"Sheepmeat"
535,65,"Sheepmeat"
518,65,"Sheepmeat"
519,65,"Sheepmeat"
523,65,"Sheepmeat"
351,65,"Sheepmeat"
346,65,"Sheepmeat"
358,65,"Sheepmeat"
329,65,"Sheepmeat"
357,65,"Sheepmeat"
356,65,"Sheepmeat"
354,65,"Sheepmeat"
355,65,"Sheepmeat"
365,65,"Sheepmeat"
369,65,"Sheepmeat"
370,65,"Sheepmeat"
361,65,"Sheepmeat"
554,65,"Sheepmeat"
549,65,"Sheepmeat"
544,65,"Sheepmeat"
553,65,"Sheepmeat"
556,65,"Sheepmeat"
572,65,"Sheepmeat"
574,65,"Sheepmeat"
570,65,"Sheepmeat"
571,65,"Sheepmeat"
347,65,"Sheepmeat"
319,65,"Sheepmeat"
326,65,"Sheepmeat"
345,65,"Sheepmeat"
350,65,"Sheepmeat"
360,65,"Sheepmeat"
325,65,"Sheepmeat"
359,65,"Sheepmeat"
538,65,"Sheepmeat"
551,65,"Sheepmeat"
559,65,"Sheepmeat"
566,65,"Sheepmeat"
577,65,"Sheepmeat"
11356,65,"Sheepmeat"
11357,65,"Sheepmeat"
11358,65,"Sheepmeat"
491,65,"Sheepmeat"
539,65,"Sheepmeat"
587,65,"Sheepmeat"
492,65,"Sheepmeat"
493,65,"Sheepmeat"
498,65,"Sheepmeat"
506,65,"Sheepmeat"
507,65,"Sheepmeat"
824,65,"Sheepmeat"
825,65,"Sheepmeat"
826,65,"Sheepmeat"
823,65,"Sheepmeat"
611,65,"Sheepmeat"
684,65,"Sheepmeat"
682,65,"Sheepmeat"
619,65,"Sheepmeat"
614,65,"Sheepmeat"
622,65,"Sheepmeat"
635,65,"Sheepmeat"
520,65,"Sheepmeat"
489,65,"Sheepmeat"
521,65,"Sheepmeat"
833,65,"Sheepmeat"
612,65,"Sheepmeat"
613,65,"Sheepmeat"
616,65,"Sheepmeat"
886,65,"Sheepmeat"
900,65,"Sheepmeat"
901,65,"Sheepmeat"
894,65,"Sheepmeat"
898,65,"Sheepmeat"
871,65,"Sheepmeat"
870,65,"Sheepmeat"
932,65,"Sheepmeat"
990,65,"Sheepmeat"
931,65,"Sheepmeat"
930,65,"Sheepmeat"
884,65,"Sheepmeat"
885,65,"Sheepmeat"
935,65,"Sheepmeat"
1038,65,"Sheepmeat"
1033,65,"Sheepmeat"
1032,65,"Sheepmeat"
1034,65,"Sheepmeat"
672,65,"Sheepmeat"
673,65,"Sheepmeat"
678,65,"Sheepmeat"
680,65,"Sheepmeat"
662,65,"Sheepmeat"
663,65,"Sheepmeat"
664,65,"Sheepmeat"
681,65,"Sheepmeat"
683,65,"Sheepmeat"
3869,65,"Sheepmeat"
3876,65,"Sheepmeat"
3871,65,"Sheepmeat"
3537,65,"Sheepmeat"
623,65,"Sheepmeat"
918,65,"Sheepmeat"
641,65,"Sheepmeat"
644,65,"Sheepmeat"
924,65,"Sheepmeat"
888,65,"Sheepmeat"
889,65,"Sheepmeat"
910,65,"Sheepmeat"
626,65,"Sheepmeat"
629,65,"Sheepmeat"
630,65,"Sheepmeat"
631,65,"Sheepmeat"
634,65,"Sheepmeat"
638,65,"Sheepmeat"
925,65,"Sheepmeat"
3879,65,"Sheepmeat"
3880,65,"Sheepmeat"
3881,65,"Sheepmeat"
3870,65,"Sheepmeat"
3877,65,"Sheepmeat"
3878,65,"Sheepmeat"
4076,65,"Sheepmeat"
5650,65,"Sheepmeat"
4462,65,"Sheepmeat"
4470,65,"Sheepmeat"
4536,65,"Sheepmeat"
4074,65,"Sheepmeat"
4084,65,"Sheepmeat"
646,65,"Sheepmeat"
648,65,"Sheepmeat"
927,65,"Sheepmeat"
651,65,"Sheepmeat"
655,65,"Sheepmeat"
656,65,"Sheepmeat"
658,65,"Sheepmeat"
661,65,"Sheepmeat"
929,65,"Sheepmeat"
670,65,"Sheepmeat"
926,65,"Sheepmeat"
928,65,"Sheepmeat"
3884,65,"Sheepmeat"
4115,65,"Sheepmeat"
5240,65,"Sheepmeat"
5248,65,"Sheepmeat"
5249,65,"Sheepmeat"
5250,65,"Sheepmeat"
5251,65,"Sheepmeat"
5500,65,"Sheepmeat"
5501,65,"Sheepmeat"
5502,65,"Sheepmeat"
5508,65,"Sheepmeat"
5646,65,"Sheepmeat"
5252,65,"Sheepmeat"
5512,65,"Sheepmeat"
3894,65,"Sheepmeat"
3855,65,"Sheepmeat"
3856,65,"Sheepmeat"
3857,65,"Sheepmeat"
3858,65,"Sheepmeat"
3859,65,"Sheepmeat"
3860,65,"Sheepmeat"
3893,65,"Sheepmeat"
3896,65,"Sheepmeat"
3897,65,"Sheepmeat"
3898,65,"Sheepmeat"
3901,65,"Sheepmeat"
3902,65,"Sheepmeat"
3906,65,"Sheepmeat"
4122,65,"Sheepmeat"
3907,65,"Sheepmeat"
3908,65,"Sheepmeat"
5892,65,"Sheepmeat"
5897,65,"Sheepmeat"
4138,65,"Sheepmeat"
4140,65,"Sheepmeat"
4141,65,"Sheepmeat"
4142,65,"Sheepmeat"
877,65,"Sheepmeat"
880,65,"Sheepmeat"
883,65,"Sheepmeat"
940,65,"Sheepmeat"
945,65,"Sheepmeat"
936,65,"Sheepmeat"
976,65,"Sheepmeat"
977,65,"Sheepmeat"
950,65,"Sheepmeat"
951,65,"Sheepmeat"
952,65,"Sheepmeat"
938,65,"Sheepmeat"
939,65,"Sheepmeat"
953,65,"Sheepmeat"
958,65,"Sheepmeat"
963,65,"Sheepmeat"
988,65,"Sheepmeat"
3890,65,"Sheepmeat"
3891,65,"Sheepmeat"
4191,65,"Sheepmeat"
4144,65,"Sheepmeat"
4145,65,"Sheepmeat"
980,65,"Sheepmeat"
985,65,"Sheepmeat"
979,65,"Sheepmeat"
1070,65,"Sheepmeat"
1040,65,"Sheepmeat"
987,65,"Sheepmeat"
1042,65,"Sheepmeat"
455,65,"Sheepmeat"
466,65,"Sheepmeat"
8275,65,"Sheepmeat"
1046,65,"Sheepmeat"
965,65,"Sheepmeat"
967,65,"Sheepmeat"
970,65,"Sheepmeat"
1045,65,"Sheepmeat"
1047,65,"Sheepmeat"
1049,65,"Sheepmeat"
978,65,"Sheepmeat"
465,65,"Sheepmeat"
467,65,"Sheepmeat"
4013,65,"Sheepmeat"
4055,65,"Sheepmeat"
4063,65,"Sheepmeat"
4066,65,"Sheepmeat"
4096,65,"Sheepmeat"
4094,65,"Sheepmeat"
4089,65,"Sheepmeat"
4090,65,"Sheepmeat"
7721,65,"Sheepmeat"
4002,65,"Sheepmeat"
4003,65,"Sheepmeat"
4004,65,"Sheepmeat"
4008,65,"Sheepmeat"
4016,65,"Sheepmeat"
4021,65,"Sheepmeat"
4029,65,"Sheepmeat"
4032,65,"Sheepmeat"
4033,65,"Sheepmeat"
4039,65,"Sheepmeat"
4040,65,"Sheepmeat"
4041,65,"Sheepmeat"
4020,65,"Sheepmeat"
4034,65,"Sheepmeat"
4051,65,"Sheepmeat"
4052,65,"Sheepmeat"
4053,65,"Sheepmeat"
4056,65,"Sheepmeat"
4057,65,"Sheepmeat"
4061,65,"Sheepmeat"
4062,65,"Sheepmeat"
4065,65,"Sheepmeat"
4067,65,"Sheepmeat"
4069,65,"Sheepmeat"
4071,65,"Sheepmeat"
4100,65,"Sheepmeat"
4030,65,"Sheepmeat"
4027,65,"Sheepmeat"
324,65,"Sheepmeat"
301,65,"Sheepmeat"
323,65,"Sheepmeat"
328,65,"Sheepmeat"
330,65,"Sheepmeat"
327,65,"Sheepmeat"
14758,65,"Sheepmeat"
14759,65,"Sheepmeat"
14760,65,"Sheepmeat"
14935,65,"Sheepmeat"
14936,65,"Sheepmeat"
14766,65,"Sheepmeat"
14770,65,"Sheepmeat"
14941,65,"Sheepmeat"
8315,65,"Sheepmeat"
8316,65,"Sheepmeat"
8054,65,"Sheepmeat"
8053,65,"Sheepmeat"
8064,65,"Sheepmeat"
8065,65,"Sheepmeat"
8066,65,"Sheepmeat"
8312,65,"Sheepmeat"
8313,65,"Sheepmeat"
8069,65,"Sheepmeat"
14776,65,"Sheepmeat"
14777,65,"Sheepmeat"
14778,65,"Sheepmeat"
14782,65,"Sheepmeat"
14783,65,"Sheepmeat"
14957,65,"Sheepmeat"
1012,65,"Sheepmeat"
1013,65,"Sheepmeat"
303,65,"Sheepmeat"
280,65,"Sheepmeat"
281,65,"Sheepmeat"
282,65,"Sheepmeat"
285,65,"Sheepmeat"
295,65,"Sheepmeat"
304,65,"Sheepmeat"
997,65,"Sheepmeat"
998,65,"Sheepmeat"
992,65,"Sheepmeat"
993,65,"Sheepmeat"
996,65,"Sheepmeat"
999,65,"Sheepmeat"
1000,65,"Sheepmeat"
1002,65,"Sheepmeat"
1003,65,"Sheepmeat"
1005,65,"Sheepmeat"
1007,65,"Sheepmeat"
1008,65,"Sheepmeat"
1010,65,"Sheepmeat"
1011,65,"Sheepmeat"
1015,65,"Sheepmeat"
1017,65,"Sheepmeat"
1019,65,"Sheepmeat"
1021,65,"Sheepmeat"
1035,65,"Sheepmeat"
1037,65,"Sheepmeat"
1054,65,"Sheepmeat"
1056,65,"Sheepmeat"
1060,65,"Sheepmeat"
1018,65,"Sheepmeat"
1020,65,"Sheepmeat"
1022,65,"Sheepmeat"
1036,65,"Sheepmeat"
1053,65,"Sheepmeat"
1055,65,"Sheepmeat"
17689,65,"Sheepmeat"
17690,65,"Sheepmeat"
17691,65,"Sheepmeat"
17692,65,"Sheepmeat"
17693,65,"Sheepmeat"
254,65,"Sheepmeat"
994,65,"Sheepmeat"
297,65,"Sheepmeat"
1069,65,"Sheepmeat"
283,65,"Sheepmeat"
284,65,"Sheepmeat"
296,65,"Sheepmeat"
253,65,"Sheepmeat"
1087,65,"Sheepmeat"
1093,65,"Sheepmeat"
451,65,"Sheepmeat"
731,65,"Sheepmeat"
728,65,"Sheepmeat"
449,65,"Sheepmeat"
801,65,"Sheepmeat"
802,65,"Sheepmeat"
730,65,"Sheepmeat"
809,65,"Sheepmeat"
814,65,"Sheepmeat"
815,65,"Sheepmeat"
821,65,"Sheepmeat"
269,65,"Sheepmeat"
273,65,"Sheepmeat"
732,65,"Sheepmeat"
733,65,"Sheepmeat"
739,65,"Sheepmeat"
740,65,"Sheepmeat"
816,65,"Sheepmeat"
818,65,"Sheepmeat"
820,65,"Sheepmeat"
749,65,"Sheepmeat"
819,65,"Sheepmeat"
748,65,"Sheepmeat"
721,65,"Sheepmeat"
722,65,"Sheepmeat"
729,65,"Sheepmeat"
734,65,"Sheepmeat"
743,65,"Sheepmeat"
274,65,"Sheepmeat"
291,65,"Sheepmeat"
270,65,"Sheepmeat"
276,65,"Sheepmeat"
278,65,"Sheepmeat"
277,65,"Sheepmeat"
279,65,"Sheepmeat"
255,65,"Sheepmeat"
267,65,"Sheepmeat"
275,65,"Sheepmeat"
755,65,"Sheepmeat"
745,65,"Sheepmeat"
8322,65,"Sheepmeat"
8319,65,"Sheepmeat"
753,65,"Sheepmeat"
8056,65,"Sheepmeat"
8057,65,"Sheepmeat"
8317,65,"Sheepmeat"
8055,65,"Sheepmeat"
8318,65,"Sheepmeat"
8059,65,"Sheepmeat"
727,65,"Sheepmeat"
737,65,"Sheepmeat"
719,65,"Sheepmeat"
720,65,"Sheepmeat"
8052,65,"Sheepmeat"
723,65,"Sheepmeat"
726,65,"Sheepmeat"
8314,65,"Sheepmeat"
735,65,"Sheepmeat"
736,65,"Sheepmeat"
744,65,"Sheepmeat"
