"gate_source","gate_target","produce"
27929,66,"Sheepmeat"
28170,66,"Sheepmeat"
27931,66,"Sheepmeat"
31288,66,"Sheepmeat"
31328,66,"Sheepmeat"
31335,66,"Sheepmeat"
31336,66,"Sheepmeat"
31343,66,"Sheepmeat"
31374,66,"Sheepmeat"
31377,66,"Sheepmeat"
31378,66,"Sheepmeat"
31379,66,"Sheepmeat"
21885,66,"Sheepmeat"
21886,66,"Sheepmeat"
21887,66,"Sheepmeat"
21736,66,"Sheepmeat"
21739,66,"Sheepmeat"
21740,66,"Sheepmeat"
21741,66,"Sheepmeat"
21747,66,"Sheepmeat"
21748,66,"Sheepmeat"
21890,66,"Sheepmeat"
21894,66,"Sheepmeat"
21936,66,"Sheepmeat"
21749,66,"Sheepmeat"
21750,66,"Sheepmeat"
21751,66,"Sheepmeat"
21937,66,"Sheepmeat"
21938,66,"Sheepmeat"
21939,66,"Sheepmeat"
21968,66,"Sheepmeat"
21760,66,"Sheepmeat"
21771,66,"Sheepmeat"
20347,66,"Sheepmeat"
21995,66,"Sheepmeat"
21601,66,"Sheepmeat"
21364,66,"Sheepmeat"
21687,66,"Sheepmeat"
21950,66,"Sheepmeat"
21951,66,"Sheepmeat"
20336,66,"Sheepmeat"
20335,66,"Sheepmeat"
9731,66,"Sheepmeat"
21344,66,"Sheepmeat"
21345,66,"Sheepmeat"
21346,66,"Sheepmeat"
21347,66,"Sheepmeat"
21348,66,"Sheepmeat"
21349,66,"Sheepmeat"
21350,66,"Sheepmeat"
21351,66,"Sheepmeat"
21361,66,"Sheepmeat"
21362,66,"Sheepmeat"
21586,66,"Sheepmeat"
21587,66,"Sheepmeat"
21593,66,"Sheepmeat"
21595,66,"Sheepmeat"
21596,66,"Sheepmeat"
21365,66,"Sheepmeat"
21377,66,"Sheepmeat"
21378,66,"Sheepmeat"
21379,66,"Sheepmeat"
21380,66,"Sheepmeat"
21381,66,"Sheepmeat"
21382,66,"Sheepmeat"
21383,66,"Sheepmeat"
21384,66,"Sheepmeat"
21388,66,"Sheepmeat"
21620,66,"Sheepmeat"
21621,66,"Sheepmeat"
21622,66,"Sheepmeat"
21399,66,"Sheepmeat"
21400,66,"Sheepmeat"
21708,66,"Sheepmeat"
21709,66,"Sheepmeat"
21710,66,"Sheepmeat"
21711,66,"Sheepmeat"
21712,66,"Sheepmeat"
21713,66,"Sheepmeat"
21714,66,"Sheepmeat"
21715,66,"Sheepmeat"
21716,66,"Sheepmeat"
21717,66,"Sheepmeat"
21718,66,"Sheepmeat"
21719,66,"Sheepmeat"
27887,66,"Sheepmeat"
27932,66,"Sheepmeat"
28196,66,"Sheepmeat"
28197,66,"Sheepmeat"
28198,66,"Sheepmeat"
28199,66,"Sheepmeat"
28200,66,"Sheepmeat"
28201,66,"Sheepmeat"
28202,66,"Sheepmeat"
28203,66,"Sheepmeat"
21923,66,"Sheepmeat"
21762,66,"Sheepmeat"
21952,66,"Sheepmeat"
21953,66,"Sheepmeat"
21992,66,"Sheepmeat"
21761,66,"Sheepmeat"
20332,66,"Sheepmeat"
20333,66,"Sheepmeat"
20334,66,"Sheepmeat"
20337,66,"Sheepmeat"
20338,66,"Sheepmeat"
20339,66,"Sheepmeat"
20340,66,"Sheepmeat"
20356,66,"Sheepmeat"
20357,66,"Sheepmeat"
20208,66,"Sheepmeat"
20210,66,"Sheepmeat"
20212,66,"Sheepmeat"
20410,66,"Sheepmeat"
20414,66,"Sheepmeat"
20416,66,"Sheepmeat"
8300,77,"Forestry"
468,77,"Forestry"
224,77,"Forestry"
268,77,"Forestry"
225,77,"Forestry"
8035,77,"Forestry"
8302,77,"Forestry"
176,77,"Forestry"
213,77,"Forestry"
172,77,"Forestry"
8134,77,"Forestry"
8360,77,"Forestry"
7382,77,"Forestry"
8141,77,"Forestry"
8142,77,"Forestry"
7381,77,"Forestry"
7386,77,"Forestry"
14322,77,"Forestry"
14558,77,"Forestry"
14559,77,"Forestry"
14560,77,"Forestry"
14561,77,"Forestry"
8132,77,"Forestry"
8133,77,"Forestry"
8137,77,"Forestry"
8139,77,"Forestry"
8189,77,"Forestry"
8445,77,"Forestry"
8192,77,"Forestry"
8193,77,"Forestry"
8194,77,"Forestry"
13191,77,"Forestry"
13192,77,"Forestry"
7981,77,"Forestry"
7980,77,"Forestry"
8443,77,"Forestry"
14562,77,"Forestry"
8367,77,"Forestry"
8181,77,"Forestry"
8185,77,"Forestry"
8444,77,"Forestry"
8439,77,"Forestry"
8188,77,"Forestry"
8449,77,"Forestry"
8196,77,"Forestry"
27283,77,"Forestry"
14517,77,"Forestry"
13419,77,"Forestry"
14520,77,"Forestry"
14530,77,"Forestry"
14531,77,"Forestry"
13413,77,"Forestry"
14564,77,"Forestry"
6432,77,"Forestry"
6433,77,"Forestry"
6435,77,"Forestry"
6712,77,"Forestry"
8862,77,"Forestry"
8863,77,"Forestry"
8864,77,"Forestry"
9006,77,"Forestry"
9007,77,"Forestry"
9008,77,"Forestry"
9015,77,"Forestry"
9017,77,"Forestry"
9057,77,"Forestry"
8477,77,"Forestry"
6367,77,"Forestry"
6368,77,"Forestry"
6370,77,"Forestry"
6361,77,"Forestry"
6364,77,"Forestry"
6371,77,"Forestry"
6372,77,"Forestry"
6376,77,"Forestry"
27272,77,"Forestry"
6180,77,"Forestry"
6225,77,"Forestry"
6226,77,"Forestry"
6231,77,"Forestry"
6232,77,"Forestry"
6233,77,"Forestry"
6270,77,"Forestry"
6271,77,"Forestry"
6272,77,"Forestry"
6273,77,"Forestry"
6275,77,"Forestry"
6276,77,"Forestry"
6277,77,"Forestry"
6283,77,"Forestry"
6339,77,"Forestry"
6387,77,"Forestry"
6389,77,"Forestry"
26966,77,"Forestry"
26712,77,"Forestry"
26713,77,"Forestry"
21123,77,"Forestry"
26715,77,"Forestry"
26716,77,"Forestry"
26974,77,"Forestry"
26978,77,"Forestry"
27165,77,"Forestry"
27166,77,"Forestry"
14549,77,"Forestry"
14557,77,"Forestry"
6369,77,"Forestry"
6373,77,"Forestry"
8478,77,"Forestry"
14755,77,"Forestry"
14948,77,"Forestry"
14938,77,"Forestry"
14939,77,"Forestry"
14764,77,"Forestry"
14769,77,"Forestry"
14937,77,"Forestry"
17685,77,"Forestry"
17686,77,"Forestry"
14770,77,"Forestry"
14944,77,"Forestry"
14775,77,"Forestry"
14768,77,"Forestry"
14945,77,"Forestry"
14946,77,"Forestry"
14773,77,"Forestry"
14947,77,"Forestry"
14957,77,"Forestry"
14783,77,"Forestry"
14949,77,"Forestry"
14950,77,"Forestry"
14951,77,"Forestry"
14985,77,"Forestry"
14952,77,"Forestry"
14954,77,"Forestry"
14955,77,"Forestry"
14972,77,"Forestry"
14964,77,"Forestry"
14789,77,"Forestry"
7050,77,"Forestry"
6742,77,"Forestry"
6743,77,"Forestry"
6745,77,"Forestry"
6746,77,"Forestry"
6747,77,"Forestry"
6752,77,"Forestry"
14915,77,"Forestry"
14916,77,"Forestry"
14953,77,"Forestry"
14797,77,"Forestry"
14799,77,"Forestry"
14800,77,"Forestry"
6843,77,"Forestry"
7047,77,"Forestry"
6844,77,"Forestry"
10892,77,"Forestry"
7048,77,"Forestry"
7049,77,"Forestry"
6829,77,"Forestry"
6839,77,"Forestry"
6840,77,"Forestry"
6841,77,"Forestry"
7081,77,"Forestry"
14795,77,"Forestry"
14845,77,"Forestry"
15014,77,"Forestry"
15016,77,"Forestry"
14974,77,"Forestry"
14975,77,"Forestry"
14980,77,"Forestry"
14981,77,"Forestry"
14978,77,"Forestry"
14790,77,"Forestry"
14791,77,"Forestry"
15015,77,"Forestry"
14849,77,"Forestry"
14848,77,"Forestry"
14850,77,"Forestry"
15019,77,"Forestry"
14854,77,"Forestry"
15018,77,"Forestry"
14858,77,"Forestry"
15020,77,"Forestry"
6882,77,"Forestry"
6885,77,"Forestry"
6886,77,"Forestry"
7121,77,"Forestry"
7122,77,"Forestry"
7123,77,"Forestry"
7127,77,"Forestry"
8205,77,"Forestry"
8207,77,"Forestry"
8500,77,"Forestry"
7125,77,"Forestry"
7128,77,"Forestry"
8456,77,"Forestry"
14847,77,"Forestry"
14855,77,"Forestry"
7983,77,"Forestry"
8446,77,"Forestry"
8447,77,"Forestry"
8448,77,"Forestry"
7804,77,"Forestry"
8226,77,"Forestry"
8469,77,"Forestry"
8470,77,"Forestry"
8471,77,"Forestry"
8472,77,"Forestry"
8473,77,"Forestry"
8475,77,"Forestry"
8476,77,"Forestry"
8480,77,"Forestry"
3592,77,"Forestry"
3623,77,"Forestry"
3621,77,"Forestry"
586,77,"Forestry"
589,77,"Forestry"
3596,77,"Forestry"
3614,77,"Forestry"
3620,77,"Forestry"
3553,77,"Forestry"
3554,77,"Forestry"
3556,77,"Forestry"
3557,77,"Forestry"
3558,77,"Forestry"
3599,77,"Forestry"
3604,77,"Forestry"
11422,77,"Forestry"
11194,77,"Forestry"
11202,77,"Forestry"
11205,77,"Forestry"
11207,77,"Forestry"
11429,77,"Forestry"
11436,77,"Forestry"
11188,77,"Forestry"
3787,77,"Forestry"
3577,77,"Forestry"
3588,77,"Forestry"
3628,77,"Forestry"
3630,77,"Forestry"
3601,77,"Forestry"
3602,77,"Forestry"
3619,77,"Forestry"
4019,77,"Forestry"
5530,77,"Forestry"
3874,77,"Forestry"
3507,77,"Forestry"
3528,77,"Forestry"
3529,77,"Forestry"
3530,77,"Forestry"
3535,77,"Forestry"
3536,77,"Forestry"
3538,77,"Forestry"
3565,77,"Forestry"
3570,77,"Forestry"
11439,77,"Forestry"
3605,77,"Forestry"
5724,77,"Forestry"
5537,77,"Forestry"
3926,77,"Forestry"
3500,77,"Forestry"
5645,77,"Forestry"
3883,77,"Forestry"
11425,77,"Forestry"
11185,77,"Forestry"
3875,77,"Forestry"
10860,77,"Forestry"
11116,77,"Forestry"
11113,77,"Forestry"
11117,77,"Forestry"
11376,77,"Forestry"
3598,77,"Forestry"
7647,77,"Forestry"
7726,77,"Forestry"
5717,77,"Forestry"
5536,77,"Forestry"
5728,77,"Forestry"
5539,77,"Forestry"
5540,77,"Forestry"
4011,77,"Forestry"
4012,77,"Forestry"
5633,77,"Forestry"
5639,77,"Forestry"
3606,77,"Forestry"
8104,77,"Forestry"
3607,77,"Forestry"
5626,77,"Forestry"
5627,77,"Forestry"
5638,77,"Forestry"
8105,77,"Forestry"
5538,77,"Forestry"
5634,77,"Forestry"
8330,77,"Forestry"
8071,77,"Forestry"
8072,77,"Forestry"
8073,77,"Forestry"
8074,77,"Forestry"
8075,77,"Forestry"
8078,77,"Forestry"
8079,77,"Forestry"
8084,77,"Forestry"
8087,77,"Forestry"
8101,77,"Forestry"
8102,77,"Forestry"
8103,77,"Forestry"
8106,77,"Forestry"
3597,77,"Forestry"
3600,77,"Forestry"
3608,77,"Forestry"
3611,77,"Forestry"
3612,77,"Forestry"
3615,77,"Forestry"
3616,77,"Forestry"
3617,77,"Forestry"
3618,77,"Forestry"
5543,77,"Forestry"
17389,77,"Forestry"
17390,77,"Forestry"
17391,77,"Forestry"
1098,77,"Forestry"
14750,77,"Forestry"
15021,77,"Forestry"
14984,77,"Forestry"
14983,77,"Forestry"
14842,77,"Forestry"
14840,77,"Forestry"
14834,77,"Forestry"
14835,77,"Forestry"
14852,77,"Forestry"
14839,77,"Forestry"
14843,77,"Forestry"
15017,77,"Forestry"
14837,77,"Forestry"
14853,77,"Forestry"
14987,77,"Forestry"
14830,77,"Forestry"
14828,77,"Forestry"
15004,77,"Forestry"
15005,77,"Forestry"
15013,77,"Forestry"
14804,77,"Forestry"
14806,77,"Forestry"
14991,77,"Forestry"
14801,77,"Forestry"
14802,77,"Forestry"
14808,77,"Forestry"
14826,77,"Forestry"
15009,77,"Forestry"
15003,77,"Forestry"
15010,77,"Forestry"
15028,77,"Forestry"
15007,77,"Forestry"
15022,77,"Forestry"
1158,77,"Forestry"
1159,77,"Forestry"
1160,77,"Forestry"
1161,77,"Forestry"
1162,77,"Forestry"
1163,77,"Forestry"
1175,77,"Forestry"
1176,77,"Forestry"
6518,77,"Forestry"
16283,77,"Forestry"
16543,77,"Forestry"
16310,77,"Forestry"
16284,77,"Forestry"
16285,77,"Forestry"
16519,77,"Forestry"
16522,77,"Forestry"
16523,77,"Forestry"
16524,77,"Forestry"
16288,77,"Forestry"
16289,77,"Forestry"
16290,77,"Forestry"
16525,77,"Forestry"
16526,77,"Forestry"
16103,77,"Forestry"
16542,77,"Forestry"
16333,77,"Forestry"
14906,77,"Forestry"
14805,77,"Forestry"
14807,77,"Forestry"
14989,77,"Forestry"
14990,77,"Forestry"
14988,77,"Forestry"
14809,77,"Forestry"
17275,77,"Forestry"
17279,77,"Forestry"
15884,77,"Forestry"
15882,77,"Forestry"
15887,77,"Forestry"
15879,77,"Forestry"
16102,77,"Forestry"
16067,77,"Forestry"
16068,77,"Forestry"
15864,77,"Forestry"
16070,77,"Forestry"
15866,77,"Forestry"
16105,77,"Forestry"
16066,77,"Forestry"
16072,77,"Forestry"
16073,77,"Forestry"
16104,77,"Forestry"
16106,77,"Forestry"
15883,77,"Forestry"
6737,77,"Forestry"
15885,77,"Forestry"
17277,77,"Forestry"
17280,77,"Forestry"
14819,77,"Forestry"
14998,77,"Forestry"
14824,77,"Forestry"
14825,77,"Forestry"
15001,77,"Forestry"
15002,77,"Forestry"
14827,77,"Forestry"
15006,77,"Forestry"
14833,77,"Forestry"
15008,77,"Forestry"
15011,77,"Forestry"
15012,77,"Forestry"
17281,77,"Forestry"
17282,77,"Forestry"
17278,77,"Forestry"
6735,77,"Forestry"
17283,77,"Forestry"
6730,77,"Forestry"
16527,77,"Forestry"
16528,77,"Forestry"
15024,77,"Forestry"
15025,77,"Forestry"
15026,77,"Forestry"
15027,77,"Forestry"
15029,77,"Forestry"
14914,77,"Forestry"
14917,77,"Forestry"
14918,77,"Forestry"
14921,77,"Forestry"
14922,77,"Forestry"
14924,77,"Forestry"
14925,77,"Forestry"
14743,77,"Forestry"
14744,77,"Forestry"
14745,77,"Forestry"
14746,77,"Forestry"
14751,77,"Forestry"
14752,77,"Forestry"
14929,77,"Forestry"
14930,77,"Forestry"
14931,77,"Forestry"
14932,77,"Forestry"
14933,77,"Forestry"
14803,77,"Forestry"
8286,77,"Forestry"
8292,77,"Forestry"
8298,77,"Forestry"
8034,77,"Forestry"
8037,77,"Forestry"
8299,77,"Forestry"
8041,77,"Forestry"
8042,77,"Forestry"
8040,77,"Forestry"
8303,77,"Forestry"
8307,77,"Forestry"
8309,77,"Forestry"
708,77,"Forestry"
709,77,"Forestry"
8280,77,"Forestry"
8284,77,"Forestry"
8304,77,"Forestry"
8305,77,"Forestry"
8043,77,"Forestry"
8119,77,"Forestry"
8118,77,"Forestry"
704,77,"Forestry"
712,77,"Forestry"
8048,77,"Forestry"
604,77,"Forestry"
8045,77,"Forestry"
8050,77,"Forestry"
750,77,"Forestry"
758,77,"Forestry"
15886,77,"Forestry"
6741,77,"Forestry"
6738,77,"Forestry"
10894,77,"Forestry"
6514,77,"Forestry"
6516,77,"Forestry"
6845,77,"Forestry"
14329,77,"Forestry"
14567,77,"Forestry"
14568,77,"Forestry"
14569,77,"Forestry"
13165,77,"Forestry"
14570,77,"Forestry"
14571,77,"Forestry"
14336,77,"Forestry"
31066,77,"Forestry"
31068,77,"Forestry"
14573,77,"Forestry"
14335,77,"Forestry"
14337,77,"Forestry"
14338,77,"Forestry"
13408,77,"Forestry"
13409,77,"Forestry"
13164,77,"Forestry"
13416,77,"Forestry"
30314,77,"Forestry"
30321,77,"Forestry"
30324,77,"Forestry"
13166,77,"Forestry"
14566,77,"Forestry"
30676,77,"Forestry"
14519,77,"Forestry"
14521,77,"Forestry"
13414,77,"Forestry"
13415,77,"Forestry"
4924,77,"Forestry"
31067,77,"Forestry"
31069,77,"Forestry"
30291,77,"Forestry"
30304,77,"Forestry"
30337,77,"Forestry"
4919,77,"Forestry"
4920,77,"Forestry"
4925,77,"Forestry"
18441,77,"Forestry"
4918,77,"Forestry"
30911,77,"Forestry"
30913,77,"Forestry"
4907,77,"Forestry"
18442,77,"Forestry"
31070,77,"Forestry"
31071,77,"Forestry"
31072,77,"Forestry"
31073,77,"Forestry"
18413,77,"Forestry"
16065,77,"Forestry"
15870,77,"Forestry"
16074,77,"Forestry"
16078,77,"Forestry"
16079,77,"Forestry"
16080,77,"Forestry"
16081,77,"Forestry"
16084,77,"Forestry"
16086,77,"Forestry"
16087,77,"Forestry"
16088,77,"Forestry"
16089,77,"Forestry"
15871,77,"Forestry"
15872,77,"Forestry"
15877,77,"Forestry"
16082,77,"Forestry"
16083,77,"Forestry"
10972,77,"Forestry"
16076,77,"Forestry"
15873,77,"Forestry"
15876,77,"Forestry"
16091,77,"Forestry"
15880,77,"Forestry"
15881,77,"Forestry"
17274,77,"Forestry"
1169,77,"Forestry"
1170,77,"Forestry"
1190,77,"Forestry"
1180,77,"Forestry"
16465,77,"Forestry"
16467,77,"Forestry"
16468,77,"Forestry"
16469,77,"Forestry"
16570,77,"Forestry"
18410,77,"Forestry"
18411,77,"Forestry"
18427,77,"Forestry"
18437,77,"Forestry"
16455,77,"Forestry"
16464,77,"Forestry"
1174,77,"Forestry"
1181,77,"Forestry"
1173,77,"Forestry"
1183,77,"Forestry"
1184,77,"Forestry"
14902,77,"Forestry"
1182,77,"Forestry"
14903,77,"Forestry"
1185,77,"Forestry"
1187,77,"Forestry"
16337,77,"Forestry"
16336,77,"Forestry"
15867,77,"Forestry"
15869,77,"Forestry"
16075,77,"Forestry"
1154,77,"Forestry"
1155,77,"Forestry"
1156,77,"Forestry"
1157,77,"Forestry"
1164,77,"Forestry"
1165,77,"Forestry"
1225,77,"Forestry"
16265,77,"Forestry"
16266,77,"Forestry"
16268,77,"Forestry"
11025,77,"Forestry"
11028,77,"Forestry"
13417,77,"Forestry"
13418,77,"Forestry"
13173,77,"Forestry"
13420,77,"Forestry"
27020,77,"Forestry"
27279,77,"Forestry"
27280,77,"Forestry"
27019,77,"Forestry"
13167,77,"Forestry"
23242,77,"Forestry"
23256,77,"Forestry"
23009,77,"Forestry"
23011,77,"Forestry"
23046,77,"Forestry"
10657,77,"Forestry"
13356,77,"Forestry"
13358,77,"Forestry"
13359,77,"Forestry"
13360,77,"Forestry"
13385,77,"Forestry"
13386,77,"Forestry"
13387,77,"Forestry"
13388,77,"Forestry"
13389,77,"Forestry"
13148,77,"Forestry"
13383,77,"Forestry"
13384,77,"Forestry"
13390,77,"Forestry"
13391,77,"Forestry"
13393,77,"Forestry"
13394,77,"Forestry"
13395,77,"Forestry"
13396,77,"Forestry"
13392,77,"Forestry"
13399,77,"Forestry"
13400,77,"Forestry"
13403,77,"Forestry"
13412,77,"Forestry"
13153,77,"Forestry"
13154,77,"Forestry"
13155,77,"Forestry"
13156,77,"Forestry"
13161,77,"Forestry"
13163,77,"Forestry"
13158,77,"Forestry"
13159,77,"Forestry"
13422,77,"Forestry"
19301,77,"Forestry"
19302,77,"Forestry"
19310,77,"Forestry"
19115,77,"Forestry"
19116,77,"Forestry"
19320,77,"Forestry"
19321,77,"Forestry"
19322,77,"Forestry"
19323,77,"Forestry"
19326,77,"Forestry"
19344,77,"Forestry"
30455,77,"Forestry"
30461,77,"Forestry"
30462,77,"Forestry"
30471,77,"Forestry"
30472,77,"Forestry"
30485,77,"Forestry"
30486,77,"Forestry"
30487,77,"Forestry"
30488,77,"Forestry"
30489,77,"Forestry"
30490,77,"Forestry"
30491,77,"Forestry"
30493,77,"Forestry"
30509,77,"Forestry"
30239,77,"Forestry"
30240,77,"Forestry"
4835,77,"Forestry"
4836,77,"Forestry"
4837,77,"Forestry"
4838,77,"Forestry"
4839,77,"Forestry"
4840,77,"Forestry"
30281,77,"Forestry"
30544,77,"Forestry"
30720,77,"Forestry"
30721,77,"Forestry"
30722,77,"Forestry"
30723,77,"Forestry"
30724,77,"Forestry"
30742,77,"Forestry"
30743,77,"Forestry"
30744,77,"Forestry"
30745,77,"Forestry"
30746,77,"Forestry"
30747,77,"Forestry"
30777,77,"Forestry"
23254,77,"Forestry"
23255,77,"Forestry"
23010,77,"Forestry"
23012,77,"Forestry"
23013,77,"Forestry"
23014,77,"Forestry"
23015,77,"Forestry"
23016,77,"Forestry"
23023,77,"Forestry"
23024,77,"Forestry"
23027,77,"Forestry"
23028,77,"Forestry"
23262,77,"Forestry"
23277,77,"Forestry"
23283,77,"Forestry"
23286,77,"Forestry"
13424,77,"Forestry"
25746,77,"Forestry"
25747,77,"Forestry"
10562,77,"Forestry"
22995,77,"Forestry"
22996,77,"Forestry"
23233,77,"Forestry"
23234,77,"Forestry"
23237,77,"Forestry"
23238,77,"Forestry"
30780,77,"Forestry"
30781,77,"Forestry"
30785,77,"Forestry"
30786,77,"Forestry"
30802,77,"Forestry"
30804,77,"Forestry"
30805,77,"Forestry"
30807,77,"Forestry"
30808,77,"Forestry"
30809,77,"Forestry"
30552,77,"Forestry"
30553,77,"Forestry"
5425,77,"Forestry"
5426,77,"Forestry"
5428,77,"Forestry"
5429,77,"Forestry"
5431,77,"Forestry"
5432,77,"Forestry"
5041,77,"Forestry"
4783,77,"Forestry"
5047,77,"Forestry"
5064,77,"Forestry"
5065,77,"Forestry"
5069,77,"Forestry"
5070,77,"Forestry"
5071,77,"Forestry"
5072,77,"Forestry"
5096,77,"Forestry"
31493,77,"Forestry"
31494,77,"Forestry"
5301,77,"Forestry"
5148,77,"Forestry"
30146,77,"Forestry"
30286,77,"Forestry"
4953,77,"Forestry"
4724,77,"Forestry"
5033,77,"Forestry"
5034,77,"Forestry"
4841,77,"Forestry"
30284,77,"Forestry"
30294,77,"Forestry"
30295,77,"Forestry"
30296,77,"Forestry"
30299,77,"Forestry"
30300,77,"Forestry"
30301,77,"Forestry"
30302,77,"Forestry"
30303,77,"Forestry"
30310,77,"Forestry"
30311,77,"Forestry"
30328,77,"Forestry"
21343,77,"Forestry"
20342,77,"Forestry"
20205,77,"Forestry"
20207,77,"Forestry"
20412,77,"Forestry"
20413,77,"Forestry"
20417,77,"Forestry"
21352,77,"Forestry"
30355,77,"Forestry"
30356,77,"Forestry"
30357,77,"Forestry"
30359,77,"Forestry"
30360,77,"Forestry"
30181,77,"Forestry"
17985,77,"Forestry"
17988,77,"Forestry"
17989,77,"Forestry"
17990,77,"Forestry"
17991,77,"Forestry"
17992,77,"Forestry"
17993,77,"Forestry"
17994,77,"Forestry"
18249,77,"Forestry"
14333,77,"Forestry"
14334,77,"Forestry"
14339,77,"Forestry"
13405,77,"Forestry"
14340,77,"Forestry"
14345,77,"Forestry"
30810,77,"Forestry"
30811,77,"Forestry"
30812,77,"Forestry"
8338,77,"Forestry"
8357,77,"Forestry"
8359,77,"Forestry"
7083,77,"Forestry"
6842,77,"Forestry"
7082,77,"Forestry"
6517,77,"Forestry"
1137,77,"Forestry"
1138,77,"Forestry"
16600,77,"Forestry"
1265,77,"Forestry"
1266,77,"Forestry"
11060,77,"Forestry"
11068,77,"Forestry"
11071,77,"Forestry"
11073,77,"Forestry"
11074,77,"Forestry"
11075,77,"Forestry"
10923,77,"Forestry"
10893,77,"Forestry"
10895,77,"Forestry"
7401,77,"Forestry"
8342,77,"Forestry"
8341,77,"Forestry"
8355,77,"Forestry"
8353,77,"Forestry"
8351,77,"Forestry"
8354,77,"Forestry"
4000,77,"Forestry"
4025,77,"Forestry"
4047,77,"Forestry"
1611,77,"Forestry"
1612,77,"Forestry"
4520,77,"Forestry"
4208,77,"Forestry"
4517,77,"Forestry"
4519,77,"Forestry"
4522,77,"Forestry"
4524,77,"Forestry"
1614,77,"Forestry"
4085,77,"Forestry"
1615,77,"Forestry"
4521,77,"Forestry"
4088,77,"Forestry"
4535,77,"Forestry"
4468,77,"Forestry"
4472,77,"Forestry"
4473,77,"Forestry"
1616,77,"Forestry"
1458,77,"Forestry"
4193,77,"Forestry"
1641,77,"Forestry"
4196,77,"Forestry"
4494,77,"Forestry"
4514,77,"Forestry"
4515,77,"Forestry"
4197,77,"Forestry"
1691,77,"Forestry"
1711,77,"Forestry"
1712,77,"Forestry"
2158,77,"Forestry"
4534,77,"Forestry"
1715,77,"Forestry"
1854,77,"Forestry"
2155,77,"Forestry"
1717,77,"Forestry"
1718,77,"Forestry"
1719,77,"Forestry"
1720,77,"Forestry"
1721,77,"Forestry"
1722,77,"Forestry"
1723,77,"Forestry"
1724,77,"Forestry"
1725,77,"Forestry"
1726,77,"Forestry"
1727,77,"Forestry"
1728,77,"Forestry"
1733,77,"Forestry"
1734,77,"Forestry"
1735,77,"Forestry"
1762,77,"Forestry"
1763,77,"Forestry"
1764,77,"Forestry"
1767,77,"Forestry"
1768,77,"Forestry"
1769,77,"Forestry"
1770,77,"Forestry"
1771,77,"Forestry"
1821,77,"Forestry"
1822,77,"Forestry"
1823,77,"Forestry"
1824,77,"Forestry"
1833,77,"Forestry"
4528,77,"Forestry"
4529,77,"Forestry"
4539,77,"Forestry"
4540,77,"Forestry"
4516,77,"Forestry"
1457,77,"Forestry"
9115,77,"Forestry"
8898,77,"Forestry"
8982,77,"Forestry"
8899,77,"Forestry"
8900,77,"Forestry"
8905,77,"Forestry"
8984,77,"Forestry"
8990,77,"Forestry"
1891,77,"Forestry"
1893,77,"Forestry"
1903,77,"Forestry"
1629,77,"Forestry"
1894,77,"Forestry"
1902,77,"Forestry"
1898,77,"Forestry"
876,77,"Forestry"
1981,77,"Forestry"
1459,77,"Forestry"
1906,77,"Forestry"
1982,77,"Forestry"
1983,77,"Forestry"
9396,77,"Forestry"
1554,77,"Forestry"
1555,77,"Forestry"
1594,77,"Forestry"
1921,77,"Forestry"
1931,77,"Forestry"
1933,77,"Forestry"
1934,77,"Forestry"
1946,77,"Forestry"
1907,77,"Forestry"
1908,77,"Forestry"
1909,77,"Forestry"
1910,77,"Forestry"
1911,77,"Forestry"
3442,77,"Forestry"
1880,77,"Forestry"
1881,77,"Forestry"
1885,77,"Forestry"
1882,77,"Forestry"
1883,77,"Forestry"
1884,77,"Forestry"
1886,77,"Forestry"
1888,77,"Forestry"
1889,77,"Forestry"
1890,77,"Forestry"
1988,77,"Forestry"
1668,77,"Forestry"
1669,77,"Forestry"
1892,77,"Forestry"
1984,77,"Forestry"
1987,77,"Forestry"
3300,77,"Forestry"
3309,77,"Forestry"
3311,77,"Forestry"
3312,77,"Forestry"
1701,77,"Forestry"
3314,77,"Forestry"
3321,77,"Forestry"
3323,77,"Forestry"
3325,77,"Forestry"
3326,77,"Forestry"
3327,77,"Forestry"
3328,77,"Forestry"
3329,77,"Forestry"
3330,77,"Forestry"
3460,77,"Forestry"
1904,77,"Forestry"
1624,77,"Forestry"
1905,77,"Forestry"
1623,77,"Forestry"
3310,77,"Forestry"
3457,77,"Forestry"
3301,77,"Forestry"
3308,77,"Forestry"
3414,77,"Forestry"
3415,77,"Forestry"
3407,77,"Forestry"
3461,77,"Forestry"
2162,77,"Forestry"
7388,77,"Forestry"
7396,77,"Forestry"
7420,77,"Forestry"
7445,77,"Forestry"
12770,77,"Forestry"
12768,77,"Forestry"
12771,77,"Forestry"
3458,77,"Forestry"
3459,77,"Forestry"
12943,77,"Forestry"
7446,77,"Forestry"
12920,77,"Forestry"
12765,77,"Forestry"
12940,77,"Forestry"
12766,77,"Forestry"
12767,77,"Forestry"
12938,77,"Forestry"
13004,77,"Forestry"
12954,77,"Forestry"
12967,77,"Forestry"
10838,77,"Forestry"
11304,77,"Forestry"
11307,77,"Forestry"
11315,77,"Forestry"
11316,77,"Forestry"
11318,77,"Forestry"
11319,77,"Forestry"
11320,77,"Forestry"
11321,77,"Forestry"
12956,77,"Forestry"
581,77,"Forestry"
12909,77,"Forestry"
7959,77,"Forestry"
7964,77,"Forestry"
7982,77,"Forestry"
12797,77,"Forestry"
7972,77,"Forestry"
7975,77,"Forestry"
7978,77,"Forestry"
7384,77,"Forestry"
7392,77,"Forestry"
7422,77,"Forestry"
1625,77,"Forestry"
1627,77,"Forestry"
1626,77,"Forestry"
1630,77,"Forestry"
1634,77,"Forestry"
1635,77,"Forestry"
1636,77,"Forestry"
1638,77,"Forestry"
1639,77,"Forestry"
1642,77,"Forestry"
7721,77,"Forestry"
7722,77,"Forestry"
7723,77,"Forestry"
7732,77,"Forestry"
7737,77,"Forestry"
1619,77,"Forestry"
3996,77,"Forestry"
7690,77,"Forestry"
7691,77,"Forestry"
1617,77,"Forestry"
3999,77,"Forestry"
1448,77,"Forestry"
1449,77,"Forestry"
1450,77,"Forestry"
1451,77,"Forestry"
1452,77,"Forestry"
1453,77,"Forestry"
1455,77,"Forestry"
1456,77,"Forestry"
1464,77,"Forestry"
1465,77,"Forestry"
1466,77,"Forestry"
1467,77,"Forestry"
1468,77,"Forestry"
7625,77,"Forestry"
7627,77,"Forestry"
7640,77,"Forestry"
28176,77,"Forestry"
27936,77,"Forestry"
27937,77,"Forestry"
10980,77,"Forestry"
10981,77,"Forestry"
10995,77,"Forestry"
10998,77,"Forestry"
10999,77,"Forestry"
10934,77,"Forestry"
1267,77,"Forestry"
1273,77,"Forestry"
1275,77,"Forestry"
1276,77,"Forestry"
1277,77,"Forestry"
1387,77,"Forestry"
1366,77,"Forestry"
1274,77,"Forestry"
10952,77,"Forestry"
11004,77,"Forestry"
7634,77,"Forestry"
7635,77,"Forestry"
7636,77,"Forestry"
7660,77,"Forestry"
7637,77,"Forestry"
7643,77,"Forestry"
7646,77,"Forestry"
7688,77,"Forestry"
7694,77,"Forestry"
3792,77,"Forestry"
10843,77,"Forestry"
10846,77,"Forestry"
10857,77,"Forestry"
10848,77,"Forestry"
3786,77,"Forestry"
3788,77,"Forestry"
11092,77,"Forestry"
11097,77,"Forestry"
5653,77,"Forestry"
3563,77,"Forestry"
3560,77,"Forestry"
3591,77,"Forestry"
3531,77,"Forestry"
3532,77,"Forestry"
3524,77,"Forestry"
3572,77,"Forestry"
12910,77,"Forestry"
12775,77,"Forestry"
13044,77,"Forestry"
12776,77,"Forestry"
12944,77,"Forestry"
3548,77,"Forestry"
3551,77,"Forestry"
7403,77,"Forestry"
10918,77,"Forestry"
10917,77,"Forestry"
10919,77,"Forestry"
12949,77,"Forestry"
10922,77,"Forestry"
13027,77,"Forestry"
12945,77,"Forestry"
10925,77,"Forestry"
10926,77,"Forestry"
10927,77,"Forestry"
10928,77,"Forestry"
10931,77,"Forestry"
10943,77,"Forestry"
12801,77,"Forestry"
7400,77,"Forestry"
7399,77,"Forestry"
7417,77,"Forestry"
13048,77,"Forestry"
13050,77,"Forestry"
7416,77,"Forestry"
7424,77,"Forestry"
7425,77,"Forestry"
7426,77,"Forestry"
7427,77,"Forestry"
7428,77,"Forestry"
7429,77,"Forestry"
7448,77,"Forestry"
10898,77,"Forestry"
10899,77,"Forestry"
10902,77,"Forestry"
10908,77,"Forestry"
7407,77,"Forestry"
7402,77,"Forestry"
7404,77,"Forestry"
7406,77,"Forestry"
7405,77,"Forestry"
7415,77,"Forestry"
7441,77,"Forestry"
10903,77,"Forestry"
10904,77,"Forestry"
10905,77,"Forestry"
7442,77,"Forestry"
7444,77,"Forestry"
12937,77,"Forestry"
12773,77,"Forestry"
12774,77,"Forestry"
3864,77,"Forestry"
5625,77,"Forestry"
4109,77,"Forestry"
5519,77,"Forestry"
5522,77,"Forestry"
4111,77,"Forestry"
4114,77,"Forestry"
5708,77,"Forestry"
3540,77,"Forestry"
3544,77,"Forestry"
3545,77,"Forestry"
10906,77,"Forestry"
10907,77,"Forestry"
10909,77,"Forestry"
10912,77,"Forestry"
10913,77,"Forestry"
10915,77,"Forestry"
10910,77,"Forestry"
10911,77,"Forestry"
3546,77,"Forestry"
3547,77,"Forestry"
3549,77,"Forestry"
3550,77,"Forestry"
3552,77,"Forestry"
3555,77,"Forestry"
3673,77,"Forestry"
5712,77,"Forestry"
5526,77,"Forestry"
5719,77,"Forestry"
5533,77,"Forestry"
344,77,"Forestry"
378,77,"Forestry"
375,77,"Forestry"
379,77,"Forestry"
394,77,"Forestry"
396,77,"Forestry"
399,77,"Forestry"
400,77,"Forestry"
402,77,"Forestry"
403,77,"Forestry"
380,77,"Forestry"
381,77,"Forestry"
382,77,"Forestry"
383,77,"Forestry"
384,77,"Forestry"
385,77,"Forestry"
387,77,"Forestry"
391,77,"Forestry"
1999,77,"Forestry"
2002,77,"Forestry"
2038,77,"Forestry"
2042,77,"Forestry"
2036,77,"Forestry"
2043,77,"Forestry"
376,77,"Forestry"
2005,77,"Forestry"
2008,77,"Forestry"
2009,77,"Forestry"
2016,77,"Forestry"
2017,77,"Forestry"
2019,77,"Forestry"
2026,77,"Forestry"
2027,77,"Forestry"
2029,77,"Forestry"
2030,77,"Forestry"
2031,77,"Forestry"
2032,77,"Forestry"
2033,77,"Forestry"
2034,77,"Forestry"
2045,77,"Forestry"
2047,77,"Forestry"
2048,77,"Forestry"
2049,77,"Forestry"
2046,77,"Forestry"
2037,77,"Forestry"
2035,77,"Forestry"
2004,77,"Forestry"
2146,77,"Forestry"
2147,77,"Forestry"
2161,77,"Forestry"
2125,77,"Forestry"
2044,77,"Forestry"
2095,77,"Forestry"
2096,77,"Forestry"
2100,77,"Forestry"
2130,77,"Forestry"
2117,77,"Forestry"
2124,77,"Forestry"
2128,77,"Forestry"
2139,77,"Forestry"
2126,77,"Forestry"
2127,77,"Forestry"
2145,77,"Forestry"
2305,77,"Forestry"
2312,77,"Forestry"
2313,77,"Forestry"
2314,77,"Forestry"
2315,77,"Forestry"
2316,77,"Forestry"
2317,77,"Forestry"
2318,77,"Forestry"
2319,77,"Forestry"
2320,77,"Forestry"
2321,77,"Forestry"
2330,77,"Forestry"
2331,77,"Forestry"
2332,77,"Forestry"
2333,77,"Forestry"
2334,77,"Forestry"
2337,77,"Forestry"
2165,77,"Forestry"
2152,77,"Forestry"
2153,77,"Forestry"
2154,77,"Forestry"
1772,77,"Forestry"
1773,77,"Forestry"
1774,77,"Forestry"
1779,77,"Forestry"
1781,77,"Forestry"
1782,77,"Forestry"
1783,77,"Forestry"
1785,77,"Forestry"
1786,77,"Forestry"
1787,77,"Forestry"
1788,77,"Forestry"
1789,77,"Forestry"
1790,77,"Forestry"
1791,77,"Forestry"
1792,77,"Forestry"
1793,77,"Forestry"
1794,77,"Forestry"
1795,77,"Forestry"
1803,77,"Forestry"
1804,77,"Forestry"
2156,77,"Forestry"
2159,77,"Forestry"
1702,77,"Forestry"
1713,77,"Forestry"
691,77,"Forestry"
679,77,"Forestry"
682,77,"Forestry"
791,77,"Forestry"
798,77,"Forestry"
685,77,"Forestry"
835,77,"Forestry"
836,77,"Forestry"
837,77,"Forestry"
838,77,"Forestry"
839,77,"Forestry"
840,77,"Forestry"
841,77,"Forestry"
688,77,"Forestry"
842,77,"Forestry"
843,77,"Forestry"
845,77,"Forestry"
846,77,"Forestry"
847,77,"Forestry"
848,77,"Forestry"
849,77,"Forestry"
850,77,"Forestry"
851,77,"Forestry"
852,77,"Forestry"
853,77,"Forestry"
854,77,"Forestry"
855,77,"Forestry"
856,77,"Forestry"
857,77,"Forestry"
859,77,"Forestry"
697,77,"Forestry"
799,77,"Forestry"
804,77,"Forestry"
806,77,"Forestry"
807,77,"Forestry"
808,77,"Forestry"
605,77,"Forestry"
813,77,"Forestry"
606,77,"Forestry"
861,77,"Forestry"
690,77,"Forestry"
862,77,"Forestry"
863,77,"Forestry"
864,77,"Forestry"
868,77,"Forestry"
866,77,"Forestry"
700,77,"Forestry"
699,77,"Forestry"
698,77,"Forestry"
2160,77,"Forestry"
8070,77,"Forestry"
8114,77,"Forestry"
686,77,"Forestry"
858,77,"Forestry"
860,77,"Forestry"
867,77,"Forestry"
702,77,"Forestry"
692,77,"Forestry"
302,77,"Forestry"
693,77,"Forestry"
695,77,"Forestry"
696,77,"Forestry"
1014,77,"Forestry"
1016,77,"Forestry"
694,77,"Forestry"
12808,77,"Forestry"
12802,77,"Forestry"
12804,77,"Forestry"
12803,77,"Forestry"
12805,77,"Forestry"
12806,77,"Forestry"
12810,77,"Forestry"
8332,77,"Forestry"
8077,77,"Forestry"
8323,77,"Forestry"
8082,77,"Forestry"
8112,77,"Forestry"
8113,77,"Forestry"
8107,77,"Forestry"
8109,77,"Forestry"
8110,77,"Forestry"
8111,77,"Forestry"
786,77,"Forestry"
8115,77,"Forestry"
13024,77,"Forestry"
8334,77,"Forestry"
8333,77,"Forestry"
8076,77,"Forestry"
530,77,"Forestry"
591,77,"Forestry"
603,77,"Forestry"
8324,77,"Forestry"
8098,77,"Forestry"
8100,77,"Forestry"
785,77,"Forestry"
783,77,"Forestry"
481,77,"Forestry"
479,77,"Forestry"
480,77,"Forestry"
512,77,"Forestry"
478,77,"Forestry"
482,77,"Forestry"
474,77,"Forestry"
487,77,"Forestry"
464,77,"Forestry"
475,77,"Forestry"
463,77,"Forestry"
486,77,"Forestry"
518,77,"Forestry"
519,77,"Forestry"
522,77,"Forestry"
523,77,"Forestry"
524,77,"Forestry"
535,77,"Forestry"
537,77,"Forestry"
560,77,"Forestry"
593,77,"Forestry"
563,77,"Forestry"
525,77,"Forestry"
534,77,"Forestry"
536,77,"Forestry"
583,77,"Forestry"
561,77,"Forestry"
8275,77,"Forestry"
466,77,"Forestry"
8335,77,"Forestry"
8067,77,"Forestry"
759,77,"Forestry"
760,77,"Forestry"
775,77,"Forestry"
516,77,"Forestry"
543,77,"Forestry"
476,77,"Forestry"
461,77,"Forestry"
8061,77,"Forestry"
8062,77,"Forestry"
596,77,"Forestry"
8060,77,"Forestry"
3610,77,"Forestry"
592,77,"Forestry"
594,77,"Forestry"
597,77,"Forestry"
329,77,"Forestry"
346,77,"Forestry"
358,77,"Forestry"
351,77,"Forestry"
352,77,"Forestry"
357,77,"Forestry"
356,77,"Forestry"
353,77,"Forestry"
372,77,"Forestry"
377,77,"Forestry"
2006,77,"Forestry"
3462,77,"Forestry"
3494,77,"Forestry"
315,77,"Forestry"
316,77,"Forestry"
317,77,"Forestry"
310,77,"Forestry"
355,77,"Forestry"
348,77,"Forestry"
349,77,"Forestry"
350,77,"Forestry"
347,77,"Forestry"
305,77,"Forestry"
312,77,"Forestry"
311,77,"Forestry"
354,77,"Forestry"
566,77,"Forestry"
7578,77,"Forestry"
538,77,"Forestry"
545,77,"Forestry"
359,77,"Forestry"
360,77,"Forestry"
361,77,"Forestry"
370,77,"Forestry"
549,77,"Forestry"
556,77,"Forestry"
570,77,"Forestry"
574,77,"Forestry"
573,77,"Forestry"
578,77,"Forestry"
564,77,"Forestry"
565,77,"Forestry"
582,77,"Forestry"
588,77,"Forestry"
3626,77,"Forestry"
3629,77,"Forestry"
587,77,"Forestry"
483,77,"Forestry"
495,77,"Forestry"
498,77,"Forestry"
494,77,"Forestry"
497,77,"Forestry"
493,77,"Forestry"
484,77,"Forestry"
590,77,"Forestry"
490,77,"Forestry"
505,77,"Forestry"
502,77,"Forestry"
503,77,"Forestry"
506,77,"Forestry"
517,77,"Forestry"
618,77,"Forestry"
621,77,"Forestry"
872,77,"Forestry"
910,77,"Forestry"
626,77,"Forestry"
627,77,"Forestry"
629,77,"Forestry"
630,77,"Forestry"
631,77,"Forestry"
918,77,"Forestry"
622,77,"Forestry"
634,77,"Forestry"
635,77,"Forestry"
1941,77,"Forestry"
989,77,"Forestry"
990,77,"Forestry"
958,77,"Forestry"
4079,77,"Forestry"
4087,77,"Forestry"
4471,77,"Forestry"
929,77,"Forestry"
885,77,"Forestry"
933,77,"Forestry"
954,77,"Forestry"
3866,77,"Forestry"
3869,77,"Forestry"
3878,77,"Forestry"
3879,77,"Forestry"
4072,77,"Forestry"
3862,77,"Forestry"
3892,77,"Forestry"
3893,77,"Forestry"
3902,77,"Forestry"
883,77,"Forestry"
976,77,"Forestry"
8276,77,"Forestry"
8277,77,"Forestry"
8278,77,"Forestry"
985,77,"Forestry"
986,77,"Forestry"
1040,77,"Forestry"
8281,77,"Forestry"
8283,77,"Forestry"
8287,77,"Forestry"
8289,77,"Forestry"
8295,77,"Forestry"
8047,77,"Forestry"
465,77,"Forestry"
460,77,"Forestry"
467,77,"Forestry"
469,77,"Forestry"
8301,77,"Forestry"
4036,77,"Forestry"
4067,77,"Forestry"
4094,77,"Forestry"
4097,77,"Forestry"
324,77,"Forestry"
320,77,"Forestry"
301,77,"Forestry"
321,77,"Forestry"
323,77,"Forestry"
332,77,"Forestry"
334,77,"Forestry"
14963,77,"Forestry"
14971,77,"Forestry"
14844,77,"Forestry"
322,77,"Forestry"
331,77,"Forestry"
333,77,"Forestry"
337,77,"Forestry"
319,77,"Forestry"
327,77,"Forestry"
330,77,"Forestry"
342,77,"Forestry"
328,77,"Forestry"
8331,77,"Forestry"
8080,77,"Forestry"
8315,77,"Forestry"
8316,77,"Forestry"
8325,77,"Forestry"
8069,77,"Forestry"
8326,77,"Forestry"
8328,77,"Forestry"
294,77,"Forestry"
303,77,"Forestry"
254,77,"Forestry"
296,77,"Forestry"
993,77,"Forestry"
1074,77,"Forestry"
1072,77,"Forestry"
1073,77,"Forestry"
1075,77,"Forestry"
1076,77,"Forestry"
1078,77,"Forestry"
1082,77,"Forestry"
1071,77,"Forestry"
308,77,"Forestry"
307,77,"Forestry"
994,77,"Forestry"
297,77,"Forestry"
977,77,"Forestry"
1079,77,"Forestry"
1080,77,"Forestry"
298,77,"Forestry"
253,77,"Forestry"
306,77,"Forestry"
1077,77,"Forestry"
1085,77,"Forestry"
1086,77,"Forestry"
450,77,"Forestry"
451,77,"Forestry"
369,77,"Forestry"
3467,77,"Forestry"
879,77,"Forestry"
1089,77,"Forestry"
1090,77,"Forestry"
1093,77,"Forestry"
271,77,"Forestry"
800,77,"Forestry"
801,77,"Forestry"
730,77,"Forestry"
731,77,"Forestry"
802,77,"Forestry"
607,77,"Forestry"
803,77,"Forestry"
805,77,"Forestry"
809,77,"Forestry"
810,77,"Forestry"
811,77,"Forestry"
812,77,"Forestry"
814,77,"Forestry"
815,77,"Forestry"
608,77,"Forestry"
609,77,"Forestry"
819,77,"Forestry"
821,77,"Forestry"
822,77,"Forestry"
281,77,"Forestry"
269,77,"Forestry"
270,77,"Forestry"
277,77,"Forestry"
286,77,"Forestry"
255,77,"Forestry"
267,77,"Forestry"
284,77,"Forestry"
288,77,"Forestry"
211,77,"Forestry"
314,77,"Forestry"
818,77,"Forestry"
8322,77,"Forestry"
719,77,"Forestry"
8052,77,"Forestry"
313,77,"Forestry"
27849,71,"Fruit"
28117,71,"Fruit"
28118,71,"Fruit"
28119,71,"Fruit"
28127,71,"Fruit"
28101,71,"Fruit"
28102,71,"Fruit"
28121,71,"Fruit"
28122,71,"Fruit"
28123,71,"Fruit"
28124,71,"Fruit"
27888,71,"Fruit"
21402,71,"Fruit"
28114,71,"Fruit"
28120,71,"Fruit"
28125,71,"Fruit"
28126,71,"Fruit"
27880,71,"Fruit"
27881,71,"Fruit"
27883,71,"Fruit"
27884,71,"Fruit"
27886,71,"Fruit"
27847,71,"Fruit"
27858,71,"Fruit"
27859,71,"Fruit"
28076,71,"Fruit"
27857,71,"Fruit"
27860,71,"Fruit"
27861,71,"Fruit"
27863,71,"Fruit"
27864,71,"Fruit"
28096,71,"Fruit"
28097,71,"Fruit"
28092,71,"Fruit"
28100,71,"Fruit"
27866,71,"Fruit"
27876,71,"Fruit"
27889,71,"Fruit"
22311,72,"Fruit"
22335,72,"Fruit"
22340,72,"Fruit"
22313,72,"Fruit"
22336,72,"Fruit"
22337,72,"Fruit"
22339,72,"Fruit"
22342,72,"Fruit"
22338,72,"Fruit"
22341,72,"Fruit"
22344,72,"Fruit"
22346,72,"Fruit"
28621,72,"Fruit"
28618,72,"Fruit"
28619,72,"Fruit"
28620,72,"Fruit"
28632,72,"Fruit"
28633,72,"Fruit"
22348,72,"Fruit"
28622,72,"Fruit"
28626,72,"Fruit"
28627,72,"Fruit"
28628,72,"Fruit"
28636,72,"Fruit"
28839,72,"Fruit"
28838,72,"Fruit"
28840,72,"Fruit"
28845,72,"Fruit"
28846,72,"Fruit"
28847,72,"Fruit"
28912,72,"Fruit"
28913,72,"Fruit"
27550,72,"Fruit"
27551,72,"Fruit"
27552,72,"Fruit"
27554,72,"Fruit"
27555,72,"Fruit"
27556,72,"Fruit"
27813,72,"Fruit"
27814,72,"Fruit"
27815,72,"Fruit"
27817,72,"Fruit"
28070,72,"Fruit"
28857,72,"Fruit"
28858,72,"Fruit"
28655,72,"Fruit"
28889,72,"Fruit"
28890,72,"Fruit"
28891,72,"Fruit"
28895,72,"Fruit"
28900,72,"Fruit"
28901,72,"Fruit"
28902,72,"Fruit"
28903,72,"Fruit"
28904,72,"Fruit"
28667,72,"Fruit"
28677,72,"Fruit"
28678,72,"Fruit"
28679,72,"Fruit"
28680,72,"Fruit"
28856,72,"Fruit"
28859,72,"Fruit"
28887,72,"Fruit"
28660,72,"Fruit"
27499,72,"Fruit"
27735,72,"Fruit"
27736,72,"Fruit"
27502,72,"Fruit"
27503,72,"Fruit"
27534,72,"Fruit"
27537,72,"Fruit"
27538,72,"Fruit"
27539,72,"Fruit"
27543,72,"Fruit"
27544,72,"Fruit"
27545,72,"Fruit"
28661,72,"Fruit"
28898,72,"Fruit"
28899,72,"Fruit"
28670,72,"Fruit"
28681,72,"Fruit"
28687,72,"Fruit"
28688,72,"Fruit"
28692,72,"Fruit"
28693,72,"Fruit"
28694,72,"Fruit"
28918,72,"Fruit"
28919,72,"Fruit"
27959,72,"Fruit"
27960,72,"Fruit"
28685,72,"Fruit"
28906,72,"Fruit"
27964,72,"Fruit"
27966,72,"Fruit"
27969,72,"Fruit"
28068,72,"Fruit"
27975,72,"Fruit"
27976,72,"Fruit"
27979,72,"Fruit"
27848,72,"Fruit"
27849,72,"Fruit"
27851,72,"Fruit"
27896,72,"Fruit"
27785,72,"Fruit"
27786,72,"Fruit"
27787,72,"Fruit"
27788,72,"Fruit"
27789,72,"Fruit"
27793,72,"Fruit"
28644,72,"Fruit"
28907,72,"Fruit"
28651,72,"Fruit"
28652,72,"Fruit"
28653,72,"Fruit"
28654,72,"Fruit"
28868,72,"Fruit"
28893,72,"Fruit"
28894,72,"Fruit"
28896,72,"Fruit"
28897,72,"Fruit"
28668,72,"Fruit"
27777,72,"Fruit"
27778,72,"Fruit"
28841,72,"Fruit"
28842,72,"Fruit"
28843,72,"Fruit"
28844,72,"Fruit"
28848,72,"Fruit"
28849,72,"Fruit"
28850,72,"Fruit"
28851,72,"Fruit"
28852,72,"Fruit"
28853,72,"Fruit"
28854,72,"Fruit"
28665,72,"Fruit"
28666,72,"Fruit"
28684,72,"Fruit"
28691,72,"Fruit"
28909,72,"Fruit"
28914,72,"Fruit"
27808,72,"Fruit"
27809,72,"Fruit"
27553,72,"Fruit"
28343,72,"Fruit"
28344,72,"Fruit"
28346,72,"Fruit"
28347,72,"Fruit"
28352,72,"Fruit"
27981,72,"Fruit"
27984,72,"Fruit"
27985,72,"Fruit"
27841,72,"Fruit"
27843,72,"Fruit"
27991,72,"Fruit"
28022,72,"Fruit"
27828,72,"Fruit"
27913,72,"Fruit"
28128,72,"Fruit"
22175,72,"Fruit"
22390,72,"Fruit"
22198,72,"Fruit"
22201,72,"Fruit"
23753,72,"Fruit"
23766,72,"Fruit"
23772,72,"Fruit"
27816,72,"Fruit"
27961,72,"Fruit"
27962,72,"Fruit"
27956,72,"Fruit"
27957,72,"Fruit"
27963,72,"Fruit"
27965,72,"Fruit"
27970,72,"Fruit"
27971,72,"Fruit"
27972,72,"Fruit"
27973,72,"Fruit"
27974,72,"Fruit"
27992,72,"Fruit"
27993,72,"Fruit"
27994,72,"Fruit"
27995,72,"Fruit"
27996,72,"Fruit"
27997,72,"Fruit"
27998,72,"Fruit"
27999,72,"Fruit"
28000,72,"Fruit"
28001,72,"Fruit"
28002,72,"Fruit"
28003,72,"Fruit"
28004,72,"Fruit"
28005,72,"Fruit"
28006,72,"Fruit"
28007,72,"Fruit"
28008,72,"Fruit"
28009,72,"Fruit"
28010,72,"Fruit"
28011,72,"Fruit"
28012,72,"Fruit"
28013,72,"Fruit"
28020,72,"Fruit"
28021,72,"Fruit"
27832,72,"Fruit"
27833,72,"Fruit"
27834,72,"Fruit"
27835,72,"Fruit"
28027,72,"Fruit"
28028,72,"Fruit"
28029,72,"Fruit"
28067,72,"Fruit"
27855,72,"Fruit"
27865,72,"Fruit"
28071,72,"Fruit"
28079,72,"Fruit"
22396,72,"Fruit"
22399,72,"Fruit"
14282,72,"Fruit"
23585,72,"Fruit"
23586,72,"Fruit"
23587,72,"Fruit"
23588,72,"Fruit"
14283,72,"Fruit"
14284,72,"Fruit"
14285,72,"Fruit"
14286,72,"Fruit"
14486,72,"Fruit"
14487,72,"Fruit"
23591,72,"Fruit"
23592,72,"Fruit"
23593,72,"Fruit"
23594,72,"Fruit"
23595,72,"Fruit"
23596,72,"Fruit"
23597,72,"Fruit"
23598,72,"Fruit"
23599,72,"Fruit"
23655,72,"Fruit"
23656,72,"Fruit"
23657,72,"Fruit"
23658,72,"Fruit"
23659,72,"Fruit"
23660,72,"Fruit"
23661,72,"Fruit"
23662,72,"Fruit"
23663,72,"Fruit"
23666,72,"Fruit"
23667,72,"Fruit"
23668,72,"Fruit"
23670,72,"Fruit"
23671,72,"Fruit"
23674,72,"Fruit"
23675,72,"Fruit"
23679,72,"Fruit"
23680,72,"Fruit"
23681,72,"Fruit"
23682,72,"Fruit"
23683,72,"Fruit"
23684,72,"Fruit"
23685,72,"Fruit"
23742,72,"Fruit"
23743,72,"Fruit"
23744,72,"Fruit"
23745,72,"Fruit"
23746,72,"Fruit"
23747,72,"Fruit"
23749,72,"Fruit"
23750,72,"Fruit"
23751,72,"Fruit"
23760,72,"Fruit"
23762,72,"Fruit"
23773,72,"Fruit"
23775,72,"Fruit"
23776,72,"Fruit"
23778,72,"Fruit"
23779,72,"Fruit"
23780,72,"Fruit"
23781,72,"Fruit"
23782,72,"Fruit"
23783,72,"Fruit"
23784,72,"Fruit"
23785,72,"Fruit"
23786,72,"Fruit"
23787,72,"Fruit"
23789,72,"Fruit"
23790,72,"Fruit"
23791,72,"Fruit"
23793,72,"Fruit"
23794,72,"Fruit"
23795,72,"Fruit"
23796,72,"Fruit"
23797,72,"Fruit"
23798,72,"Fruit"
23799,72,"Fruit"
23800,72,"Fruit"
23801,72,"Fruit"
23802,72,"Fruit"
23803,72,"Fruit"
23804,72,"Fruit"
23805,72,"Fruit"
23806,72,"Fruit"
23808,72,"Fruit"
23812,72,"Fruit"
23813,72,"Fruit"
23814,72,"Fruit"
14873,72,"Fruit"
15126,72,"Fruit"
15127,72,"Fruit"
15128,72,"Fruit"
15134,72,"Fruit"
15135,72,"Fruit"
15136,72,"Fruit"
15137,72,"Fruit"
15140,72,"Fruit"
14879,72,"Fruit"
14880,72,"Fruit"
14881,72,"Fruit"
14885,72,"Fruit"
15295,72,"Fruit"
15296,72,"Fruit"
15297,72,"Fruit"
15298,72,"Fruit"
15300,72,"Fruit"
22380,72,"Fruit"
22381,72,"Fruit"
22382,72,"Fruit"
22383,72,"Fruit"
22384,72,"Fruit"
22385,72,"Fruit"
22166,72,"Fruit"
22167,72,"Fruit"
22168,72,"Fruit"
22169,72,"Fruit"
22170,72,"Fruit"
22171,72,"Fruit"
22395,72,"Fruit"
22398,72,"Fruit"
22400,72,"Fruit"
22401,72,"Fruit"
22193,72,"Fruit"
13582,72,"Fruit"
13583,72,"Fruit"
13585,72,"Fruit"
13586,72,"Fruit"
13587,72,"Fruit"
13588,72,"Fruit"
13589,72,"Fruit"
13590,72,"Fruit"
13591,72,"Fruit"
13592,72,"Fruit"
13593,72,"Fruit"
13594,72,"Fruit"
13595,72,"Fruit"
13596,72,"Fruit"
13597,72,"Fruit"
13598,72,"Fruit"
13833,72,"Fruit"
13834,72,"Fruit"
13838,72,"Fruit"
13839,72,"Fruit"
13614,72,"Fruit"
13615,72,"Fruit"
13619,72,"Fruit"
13873,72,"Fruit"
13874,72,"Fruit"
27779,72,"Fruit"
27780,72,"Fruit"
14277,72,"Fruit"
14278,72,"Fruit"
14302,72,"Fruit"
14502,72,"Fruit"
14503,72,"Fruit"
14504,72,"Fruit"
13835,72,"Fruit"
13843,72,"Fruit"
13865,72,"Fruit"
13633,72,"Fruit"
24395,72,"Fruit"
13857,72,"Fruit"
13858,72,"Fruit"
13859,72,"Fruit"
13860,72,"Fruit"
13864,72,"Fruit"
13866,72,"Fruit"
15105,72,"Fruit"
14875,72,"Fruit"
14513,72,"Fruit"
13629,72,"Fruit"
13631,72,"Fruit"
13896,72,"Fruit"
14047,72,"Fruit"
14048,72,"Fruit"
14053,72,"Fruit"
14054,72,"Fruit"
14055,72,"Fruit"
14056,72,"Fruit"
14057,72,"Fruit"
14058,72,"Fruit"
14059,72,"Fruit"
15099,72,"Fruit"
15046,72,"Fruit"
15098,72,"Fruit"
15047,72,"Fruit"
15100,72,"Fruit"
15101,72,"Fruit"
14860,72,"Fruit"
15104,72,"Fruit"
15113,72,"Fruit"
15116,72,"Fruit"
15117,72,"Fruit"
15118,72,"Fruit"
15119,72,"Fruit"
14874,72,"Fruit"
15122,72,"Fruit"
22386,72,"Fruit"
22387,72,"Fruit"
22422,72,"Fruit"
22423,72,"Fruit"
22427,72,"Fruit"
22428,72,"Fruit"
14238,72,"Fruit"
14239,72,"Fruit"
14249,72,"Fruit"
14250,72,"Fruit"
14253,72,"Fruit"
13988,72,"Fruit"
13990,72,"Fruit"
13992,72,"Fruit"
22388,72,"Fruit"
22144,72,"Fruit"
23807,72,"Fruit"
23809,72,"Fruit"
23810,72,"Fruit"
22389,72,"Fruit"
22145,72,"Fruit"
22146,72,"Fruit"
22148,72,"Fruit"
22147,72,"Fruit"
14003,72,"Fruit"
14004,72,"Fruit"
14005,72,"Fruit"
14006,72,"Fruit"
14007,72,"Fruit"
14279,72,"Fruit"
14281,72,"Fruit"
14864,72,"Fruit"
13584,72,"Fruit"
13872,72,"Fruit"
13878,72,"Fruit"
13879,72,"Fruit"
14507,72,"Fruit"
13877,72,"Fruit"
14069,72,"Fruit"
13881,72,"Fruit"
13884,72,"Fruit"
13885,72,"Fruit"
13880,72,"Fruit"
13886,72,"Fruit"
13889,72,"Fruit"
13892,72,"Fruit"
13897,72,"Fruit"
14032,72,"Fruit"
14037,72,"Fruit"
14044,72,"Fruit"
14049,72,"Fruit"
14050,72,"Fruit"
14042,72,"Fruit"
14074,72,"Fruit"
14488,72,"Fruit"
14489,72,"Fruit"
14512,72,"Fruit"
14514,72,"Fruit"
14043,72,"Fruit"
14075,72,"Fruit"
14045,72,"Fruit"
14046,72,"Fruit"
14060,72,"Fruit"
22156,72,"Fruit"
22182,72,"Fruit"
28873,72,"Fruit"
14010,72,"Fruit"
14011,72,"Fruit"
14263,72,"Fruit"
14496,72,"Fruit"
14287,72,"Fruit"
22154,72,"Fruit"
22391,72,"Fruit"
22392,72,"Fruit"
22394,72,"Fruit"
22172,72,"Fruit"
24391,72,"Fruit"
24386,72,"Fruit"
28647,72,"Fruit"
28870,72,"Fruit"
28871,72,"Fruit"
28872,72,"Fruit"
28874,72,"Fruit"
28884,72,"Fruit"
23508,72,"Fruit"
23715,72,"Fruit"
23716,72,"Fruit"
23717,72,"Fruit"
23720,72,"Fruit"
28875,72,"Fruit"
28876,72,"Fruit"
28877,72,"Fruit"
28878,72,"Fruit"
28879,72,"Fruit"
27819,72,"Fruit"
27820,72,"Fruit"
27821,72,"Fruit"
27822,72,"Fruit"
27823,72,"Fruit"
27978,72,"Fruit"
27980,72,"Fruit"
27986,72,"Fruit"
27987,72,"Fruit"
27988,72,"Fruit"
27989,72,"Fruit"
27990,72,"Fruit"
27829,72,"Fruit"
27830,72,"Fruit"
27831,72,"Fruit"
28034,72,"Fruit"
28035,72,"Fruit"
28037,72,"Fruit"
28038,72,"Fruit"
28041,72,"Fruit"
28042,72,"Fruit"
28043,72,"Fruit"
28044,72,"Fruit"
28045,72,"Fruit"
28046,72,"Fruit"
28051,72,"Fruit"
28052,72,"Fruit"
27842,72,"Fruit"
15418,72,"Fruit"
15419,72,"Fruit"
28053,72,"Fruit"
28055,72,"Fruit"
28056,72,"Fruit"
28057,72,"Fruit"
28058,72,"Fruit"
28059,72,"Fruit"
28060,72,"Fruit"
28061,72,"Fruit"
27839,72,"Fruit"
27840,72,"Fruit"
28348,72,"Fruit"
27899,72,"Fruit"
27905,72,"Fruit"
27906,72,"Fruit"
27907,72,"Fruit"
27908,72,"Fruit"
27909,72,"Fruit"
27914,72,"Fruit"
28130,72,"Fruit"
28141,72,"Fruit"
28142,72,"Fruit"
28143,72,"Fruit"
28145,72,"Fruit"
28147,72,"Fruit"
28149,72,"Fruit"
28150,72,"Fruit"
15357,72,"Fruit"
15358,72,"Fruit"
15359,72,"Fruit"
15143,72,"Fruit"
28140,72,"Fruit"
28148,72,"Fruit"
28151,72,"Fruit"
28152,72,"Fruit"
28153,72,"Fruit"
28154,72,"Fruit"
28155,72,"Fruit"
28156,72,"Fruit"
28157,72,"Fruit"
28158,72,"Fruit"
27915,72,"Fruit"
27916,72,"Fruit"
27756,72,"Fruit"
28645,72,"Fruit"
28649,72,"Fruit"
28888,72,"Fruit"
27826,72,"Fruit"
27827,72,"Fruit"
27810,72,"Fruit"
27811,72,"Fruit"
27948,72,"Fruit"
28016,72,"Fruit"
28018,72,"Fruit"
28019,72,"Fruit"
27837,72,"Fruit"
27954,72,"Fruit"
28662,72,"Fruit"
28663,72,"Fruit"
28664,72,"Fruit"
28915,72,"Fruit"
28917,72,"Fruit"
28689,72,"Fruit"
27818,72,"Fruit"
27967,72,"Fruit"
27968,72,"Fruit"
27852,72,"Fruit"
27853,72,"Fruit"
27895,72,"Fruit"
28337,72,"Fruit"
28338,72,"Fruit"
28339,72,"Fruit"
28341,72,"Fruit"
27977,72,"Fruit"
27982,72,"Fruit"
27983,72,"Fruit"
27898,72,"Fruit"
28129,72,"Fruit"
28131,72,"Fruit"
28030,72,"Fruit"
28031,72,"Fruit"
28032,72,"Fruit"
28033,72,"Fruit"
12255,72,"Fruit"
11984,72,"Fruit"
11985,72,"Fruit"
11986,72,"Fruit"
11987,72,"Fruit"
12263,72,"Fruit"
11990,72,"Fruit"
28206,72,"Fruit"
28207,72,"Fruit"
28208,72,"Fruit"
12253,72,"Fruit"
28358,72,"Fruit"
28366,72,"Fruit"
12245,72,"Fruit"
12268,72,"Fruit"
12287,72,"Fruit"
11989,72,"Fruit"
12262,72,"Fruit"
12247,72,"Fruit"
12248,72,"Fruit"
12249,72,"Fruit"
12250,72,"Fruit"
12252,72,"Fruit"
16704,72,"Fruit"
16718,72,"Fruit"
16721,72,"Fruit"
16964,72,"Fruit"
16697,72,"Fruit"
16726,72,"Fruit"
16728,72,"Fruit"
16727,72,"Fruit"
16733,72,"Fruit"
16980,72,"Fruit"
15230,72,"Fruit"
16981,72,"Fruit"
15231,72,"Fruit"
16979,72,"Fruit"
15313,72,"Fruit"
15314,72,"Fruit"
15315,72,"Fruit"
15321,72,"Fruit"
15331,72,"Fruit"
15332,72,"Fruit"
15333,72,"Fruit"
15339,72,"Fruit"
15150,72,"Fruit"
15152,72,"Fruit"
15363,72,"Fruit"
16971,72,"Fruit"
16972,72,"Fruit"
16973,72,"Fruit"
15344,72,"Fruit"
15345,72,"Fruit"
15337,72,"Fruit"
15146,72,"Fruit"
15147,72,"Fruit"
15148,72,"Fruit"
15149,72,"Fruit"
15364,72,"Fruit"
15322,72,"Fruit"
15340,72,"Fruit"
15341,72,"Fruit"
15346,72,"Fruit"
15163,72,"Fruit"
15164,72,"Fruit"
15165,72,"Fruit"
15166,72,"Fruit"
15171,72,"Fruit"
15173,72,"Fruit"
15174,72,"Fruit"
15176,72,"Fruit"
15177,72,"Fruit"
15403,72,"Fruit"
15377,72,"Fruit"
23549,72,"Fruit"
23550,72,"Fruit"
15369,72,"Fruit"
15153,72,"Fruit"
15154,72,"Fruit"
15392,72,"Fruit"
15393,72,"Fruit"
15160,72,"Fruit"
23556,72,"Fruit"
15365,72,"Fruit"
15366,72,"Fruit"
15367,72,"Fruit"
15368,72,"Fruit"
15167,72,"Fruit"
15175,72,"Fruit"
23558,72,"Fruit"
23559,72,"Fruit"
23560,72,"Fruit"
15169,72,"Fruit"
15404,72,"Fruit"
23574,72,"Fruit"
23575,72,"Fruit"
23576,72,"Fruit"
23571,72,"Fruit"
23557,72,"Fruit"
15326,72,"Fruit"
23561,72,"Fruit"
23562,72,"Fruit"
23573,72,"Fruit"
23567,72,"Fruit"
23568,72,"Fruit"
23565,72,"Fruit"
23566,72,"Fruit"
16717,72,"Fruit"
23551,72,"Fruit"
23552,72,"Fruit"
23553,72,"Fruit"
23563,72,"Fruit"
23564,72,"Fruit"
23569,72,"Fruit"
23570,72,"Fruit"
16650,72,"Fruit"
16651,72,"Fruit"
16652,72,"Fruit"
16653,72,"Fruit"
16671,72,"Fruit"
16960,72,"Fruit"
16654,72,"Fruit"
16656,72,"Fruit"
16657,72,"Fruit"
16959,72,"Fruit"
16676,72,"Fruit"
16944,72,"Fruit"
16679,72,"Fruit"
16680,72,"Fruit"
16683,72,"Fruit"
16684,72,"Fruit"
16678,72,"Fruit"
16675,72,"Fruit"
16672,72,"Fruit"
16955,72,"Fruit"
16956,72,"Fruit"
16958,72,"Fruit"
16689,72,"Fruit"
16690,72,"Fruit"
16691,72,"Fruit"
16692,72,"Fruit"
16693,72,"Fruit"
16694,72,"Fruit"
16695,72,"Fruit"
16698,72,"Fruit"
16699,72,"Fruit"
16700,72,"Fruit"
16703,72,"Fruit"
16709,72,"Fruit"
16710,72,"Fruit"
16723,72,"Fruit"
16724,72,"Fruit"
16725,72,"Fruit"
16730,72,"Fruit"
16701,72,"Fruit"
16702,72,"Fruit"
16711,72,"Fruit"
16712,72,"Fruit"
16962,72,"Fruit"
16714,72,"Fruit"
16715,72,"Fruit"
23678,72,"Fruit"
23686,72,"Fruit"
23689,72,"Fruit"
23690,72,"Fruit"
23509,72,"Fruit"
23530,72,"Fruit"
23691,72,"Fruit"
23669,72,"Fruit"
23672,72,"Fruit"
23673,72,"Fruit"
23676,72,"Fruit"
23696,72,"Fruit"
23697,72,"Fruit"
23698,72,"Fruit"
23699,72,"Fruit"
23700,72,"Fruit"
23733,72,"Fruit"
23734,72,"Fruit"
23737,72,"Fruit"
23738,72,"Fruit"
23739,72,"Fruit"
23708,72,"Fruit"
23709,72,"Fruit"
23722,72,"Fruit"
23718,72,"Fruit"
23719,72,"Fruit"
23723,72,"Fruit"
23724,72,"Fruit"
23725,72,"Fruit"
23732,72,"Fruit"
15110,72,"Fruit"
14868,72,"Fruit"
16975,72,"Fruit"
16976,72,"Fruit"
14870,72,"Fruit"
16919,72,"Fruit"
16921,72,"Fruit"
16922,72,"Fruit"
16923,72,"Fruit"
16924,72,"Fruit"
16926,72,"Fruit"
16674,72,"Fruit"
16888,72,"Fruit"
16889,72,"Fruit"
16892,72,"Fruit"
16941,72,"Fruit"
16890,72,"Fruit"
16891,72,"Fruit"
16663,72,"Fruit"
16664,72,"Fruit"
16667,72,"Fruit"
16668,72,"Fruit"
16934,72,"Fruit"
28117,72,"Fruit"
28118,72,"Fruit"
28119,72,"Fruit"
28127,72,"Fruit"
27878,72,"Fruit"
27879,72,"Fruit"
28101,72,"Fruit"
28102,72,"Fruit"
28121,72,"Fruit"
28122,72,"Fruit"
28123,72,"Fruit"
28124,72,"Fruit"
27888,72,"Fruit"
21402,72,"Fruit"
22308,72,"Fruit"
22309,72,"Fruit"
22312,72,"Fruit"
28114,72,"Fruit"
28115,72,"Fruit"
28120,72,"Fruit"
28125,72,"Fruit"
28126,72,"Fruit"
27880,72,"Fruit"
27881,72,"Fruit"
27883,72,"Fruit"
27884,72,"Fruit"
27886,72,"Fruit"
27847,72,"Fruit"
27858,72,"Fruit"
27859,72,"Fruit"
28076,72,"Fruit"
27857,72,"Fruit"
27860,72,"Fruit"
27861,72,"Fruit"
27863,72,"Fruit"
27864,72,"Fruit"
28096,72,"Fruit"
28097,72,"Fruit"
27804,72,"Fruit"
27807,72,"Fruit"
28062,72,"Fruit"
28063,72,"Fruit"
27854,72,"Fruit"
28072,72,"Fruit"
28073,72,"Fruit"
28074,72,"Fruit"
28075,72,"Fruit"
28080,72,"Fruit"
28081,72,"Fruit"
28082,72,"Fruit"
28083,72,"Fruit"
28084,72,"Fruit"
28085,72,"Fruit"
28086,72,"Fruit"
28087,72,"Fruit"
28088,72,"Fruit"
28089,72,"Fruit"
28090,72,"Fruit"
28091,72,"Fruit"
28105,72,"Fruit"
28106,72,"Fruit"
28092,72,"Fruit"
28100,72,"Fruit"
27866,72,"Fruit"
27876,72,"Fruit"
27889,72,"Fruit"
11943,72,"Fruit"
12227,72,"Fruit"
12228,72,"Fruit"
12229,72,"Fruit"
12230,72,"Fruit"
11965,72,"Fruit"
28357,72,"Fruit"
27947,72,"Fruit"
28204,72,"Fruit"
28205,72,"Fruit"
12254,72,"Fruit"
27945,72,"Fruit"
28363,72,"Fruit"
12231,72,"Fruit"
11968,72,"Fruit"
11969,72,"Fruit"
11972,72,"Fruit"
11974,72,"Fruit"
11983,72,"Fruit"
12144,72,"Fruit"
12237,72,"Fruit"
12240,72,"Fruit"
12143,72,"Fruit"
12241,72,"Fruit"
12150,72,"Fruit"
12151,72,"Fruit"
27849,78,"Fruit"
28117,78,"Fruit"
28118,78,"Fruit"
28119,78,"Fruit"
28127,78,"Fruit"
28101,78,"Fruit"
28102,78,"Fruit"
28121,78,"Fruit"
28122,78,"Fruit"
28123,78,"Fruit"
28124,78,"Fruit"
27888,78,"Fruit"
21402,78,"Fruit"
28114,78,"Fruit"
28120,78,"Fruit"
28125,78,"Fruit"
28126,78,"Fruit"
27880,78,"Fruit"
27881,78,"Fruit"
27883,78,"Fruit"
27884,78,"Fruit"
27886,78,"Fruit"
27847,78,"Fruit"
27858,78,"Fruit"
27859,78,"Fruit"
28076,78,"Fruit"
27857,78,"Fruit"
27860,78,"Fruit"
27861,78,"Fruit"
27863,78,"Fruit"
27864,78,"Fruit"
28096,78,"Fruit"
28097,78,"Fruit"
28092,78,"Fruit"
28100,78,"Fruit"
27866,78,"Fruit"
27876,78,"Fruit"
27889,78,"Fruit"
27887,70,"Fruit"
27887,73,"Fruit"
21366,79,"Sheepmeat"
21370,79,"Sheepmeat"
21371,79,"Sheepmeat"
21376,79,"Sheepmeat"
21616,79,"Sheepmeat"
21617,79,"Sheepmeat"
21618,79,"Sheepmeat"
21619,79,"Sheepmeat"
21623,79,"Sheepmeat"
21624,79,"Sheepmeat"
21401,79,"Sheepmeat"
28124,79,"Sheepmeat"
27888,79,"Sheepmeat"
28123,79,"Sheepmeat"
28125,79,"Sheepmeat"
27929,65,"Sheepmeat"
28170,65,"Sheepmeat"
27931,65,"Sheepmeat"
31288,65,"Sheepmeat"
31328,65,"Sheepmeat"
31335,65,"Sheepmeat"
31336,65,"Sheepmeat"
31343,65,"Sheepmeat"
31374,65,"Sheepmeat"
31377,65,"Sheepmeat"
31378,65,"Sheepmeat"
31379,65,"Sheepmeat"
21885,65,"Sheepmeat"
21886,65,"Sheepmeat"
21887,65,"Sheepmeat"
21736,65,"Sheepmeat"
21739,65,"Sheepmeat"
21740,65,"Sheepmeat"
21741,65,"Sheepmeat"
21747,65,"Sheepmeat"
21748,65,"Sheepmeat"
21890,65,"Sheepmeat"
21894,65,"Sheepmeat"
21936,65,"Sheepmeat"
21749,65,"Sheepmeat"
21750,65,"Sheepmeat"
21751,65,"Sheepmeat"
21937,65,"Sheepmeat"
21938,65,"Sheepmeat"
21939,65,"Sheepmeat"
21968,65,"Sheepmeat"
21760,65,"Sheepmeat"
21771,65,"Sheepmeat"
20347,65,"Sheepmeat"
21995,65,"Sheepmeat"
21601,65,"Sheepmeat"
21364,65,"Sheepmeat"
21687,65,"Sheepmeat"
21950,65,"Sheepmeat"
21951,65,"Sheepmeat"
20336,65,"Sheepmeat"
20335,65,"Sheepmeat"
9731,65,"Sheepmeat"
21344,65,"Sheepmeat"
21345,65,"Sheepmeat"
21346,65,"Sheepmeat"
21347,65,"Sheepmeat"
21348,65,"Sheepmeat"
21349,65,"Sheepmeat"
21350,65,"Sheepmeat"
21351,65,"Sheepmeat"
21361,65,"Sheepmeat"
21362,65,"Sheepmeat"
21586,65,"Sheepmeat"
21587,65,"Sheepmeat"
21593,65,"Sheepmeat"
21595,65,"Sheepmeat"
21596,65,"Sheepmeat"
21365,65,"Sheepmeat"
21377,65,"Sheepmeat"
21378,65,"Sheepmeat"
21379,65,"Sheepmeat"
21380,65,"Sheepmeat"
21381,65,"Sheepmeat"
21382,65,"Sheepmeat"
21383,65,"Sheepmeat"
21384,65,"Sheepmeat"
21388,65,"Sheepmeat"
21620,65,"Sheepmeat"
21621,65,"Sheepmeat"
21622,65,"Sheepmeat"
21399,65,"Sheepmeat"
21400,65,"Sheepmeat"
21708,65,"Sheepmeat"
21709,65,"Sheepmeat"
21710,65,"Sheepmeat"
21711,65,"Sheepmeat"
21712,65,"Sheepmeat"
21713,65,"Sheepmeat"
21714,65,"Sheepmeat"
21715,65,"Sheepmeat"
21716,65,"Sheepmeat"
21717,65,"Sheepmeat"
21718,65,"Sheepmeat"
21719,65,"Sheepmeat"
27887,65,"Sheepmeat"
27932,65,"Sheepmeat"
28196,65,"Sheepmeat"
28197,65,"Sheepmeat"
28198,65,"Sheepmeat"
28199,65,"Sheepmeat"
28200,65,"Sheepmeat"
28201,65,"Sheepmeat"
28202,65,"Sheepmeat"
28203,65,"Sheepmeat"
21923,65,"Sheepmeat"
21762,65,"Sheepmeat"
21952,65,"Sheepmeat"
21953,65,"Sheepmeat"
21992,65,"Sheepmeat"
21761,65,"Sheepmeat"
20332,65,"Sheepmeat"
20333,65,"Sheepmeat"
20334,65,"Sheepmeat"
20337,65,"Sheepmeat"
20338,65,"Sheepmeat"
20339,65,"Sheepmeat"
20340,65,"Sheepmeat"
20356,65,"Sheepmeat"
20357,65,"Sheepmeat"
20208,65,"Sheepmeat"
20210,65,"Sheepmeat"
20212,65,"Sheepmeat"
20410,65,"Sheepmeat"
20414,65,"Sheepmeat"
20416,65,"Sheepmeat"
27929,82,"Beef"
28170,82,"Beef"
27931,82,"Beef"
20347,82,"Beef"
21995,82,"Beef"
21760,82,"Beef"
21771,82,"Beef"
9731,82,"Beef"
21344,82,"Beef"
21345,82,"Beef"
21346,82,"Beef"
21347,82,"Beef"
21348,82,"Beef"
21349,82,"Beef"
21350,82,"Beef"
21351,82,"Beef"
21361,82,"Beef"
21362,82,"Beef"
21586,82,"Beef"
21587,82,"Beef"
21593,82,"Beef"
21595,82,"Beef"
21596,82,"Beef"
21601,82,"Beef"
21364,82,"Beef"
21365,82,"Beef"
21377,82,"Beef"
21378,82,"Beef"
21379,82,"Beef"
21380,82,"Beef"
21381,82,"Beef"
21382,82,"Beef"
21383,82,"Beef"
21384,82,"Beef"
21388,82,"Beef"
21620,82,"Beef"
21621,82,"Beef"
21622,82,"Beef"
21399,82,"Beef"
21400,82,"Beef"
21708,82,"Beef"
21709,82,"Beef"
21710,82,"Beef"
21711,82,"Beef"
21712,82,"Beef"
21713,82,"Beef"
21714,82,"Beef"
21715,82,"Beef"
21716,82,"Beef"
21717,82,"Beef"
21718,82,"Beef"
21719,82,"Beef"
21687,82,"Beef"
27887,82,"Beef"
27932,82,"Beef"
28196,82,"Beef"
28197,82,"Beef"
28198,82,"Beef"
28199,82,"Beef"
28200,82,"Beef"
28201,82,"Beef"
28202,82,"Beef"
28203,82,"Beef"
21923,82,"Beef"
21951,82,"Beef"
21762,82,"Beef"
21952,82,"Beef"
21953,82,"Beef"
21992,82,"Beef"
21761,82,"Beef"
20332,82,"Beef"
20333,82,"Beef"
20334,82,"Beef"
20335,82,"Beef"
20337,82,"Beef"
20338,82,"Beef"
20339,82,"Beef"
20340,82,"Beef"
20356,82,"Beef"
20357,82,"Beef"
20208,82,"Beef"
20210,82,"Beef"
20212,82,"Beef"
20410,82,"Beef"
20414,82,"Beef"
20416,82,"Beef"
27929,66,"Beef"
28170,66,"Beef"
27931,66,"Beef"
20347,66,"Beef"
21995,66,"Beef"
21760,66,"Beef"
21771,66,"Beef"
9731,66,"Beef"
21344,66,"Beef"
21345,66,"Beef"
21346,66,"Beef"
21347,66,"Beef"
21348,66,"Beef"
21349,66,"Beef"
21350,66,"Beef"
21351,66,"Beef"
21361,66,"Beef"
21362,66,"Beef"
21586,66,"Beef"
21587,66,"Beef"
21593,66,"Beef"
21595,66,"Beef"
21596,66,"Beef"
21601,66,"Beef"
21364,66,"Beef"
21365,66,"Beef"
21377,66,"Beef"
21378,66,"Beef"
21379,66,"Beef"
21380,66,"Beef"
21381,66,"Beef"
21382,66,"Beef"
21383,66,"Beef"
21384,66,"Beef"
21388,66,"Beef"
21620,66,"Beef"
21621,66,"Beef"
21622,66,"Beef"
21399,66,"Beef"
21400,66,"Beef"
21708,66,"Beef"
21709,66,"Beef"
21710,66,"Beef"
21711,66,"Beef"
21712,66,"Beef"
21713,66,"Beef"
21714,66,"Beef"
21715,66,"Beef"
21716,66,"Beef"
21717,66,"Beef"
21718,66,"Beef"
21719,66,"Beef"
21687,66,"Beef"
27887,66,"Beef"
27932,66,"Beef"
28196,66,"Beef"
28197,66,"Beef"
28198,66,"Beef"
28199,66,"Beef"
28200,66,"Beef"
28201,66,"Beef"
28202,66,"Beef"
28203,66,"Beef"
21923,66,"Beef"
21951,66,"Beef"
21762,66,"Beef"
21952,66,"Beef"
21953,66,"Beef"
21992,66,"Beef"
21761,66,"Beef"
20332,66,"Beef"
20333,66,"Beef"
20334,66,"Beef"
20335,66,"Beef"
20337,66,"Beef"
20338,66,"Beef"
20339,66,"Beef"
20340,66,"Beef"
20356,66,"Beef"
20357,66,"Beef"
20208,66,"Beef"
20210,66,"Beef"
20212,66,"Beef"
20410,66,"Beef"
20414,66,"Beef"
20416,66,"Beef"
27929,65,"Beef"
28170,65,"Beef"
27931,65,"Beef"
20347,65,"Beef"
21995,65,"Beef"
21760,65,"Beef"
21771,65,"Beef"
9731,65,"Beef"
21344,65,"Beef"
21345,65,"Beef"
21346,65,"Beef"
21347,65,"Beef"
21348,65,"Beef"
21349,65,"Beef"
21350,65,"Beef"
21351,65,"Beef"
21361,65,"Beef"
21362,65,"Beef"
21586,65,"Beef"
21587,65,"Beef"
21593,65,"Beef"
21595,65,"Beef"
21596,65,"Beef"
21601,65,"Beef"
21364,65,"Beef"
21365,65,"Beef"
21377,65,"Beef"
21378,65,"Beef"
21379,65,"Beef"
21380,65,"Beef"
21381,65,"Beef"
21382,65,"Beef"
21383,65,"Beef"
21384,65,"Beef"
21388,65,"Beef"
21620,65,"Beef"
21621,65,"Beef"
21622,65,"Beef"
21399,65,"Beef"
21400,65,"Beef"
21708,65,"Beef"
21709,65,"Beef"
21710,65,"Beef"
21711,65,"Beef"
21712,65,"Beef"
21713,65,"Beef"
21714,65,"Beef"
21715,65,"Beef"
21716,65,"Beef"
21717,65,"Beef"
21718,65,"Beef"
21719,65,"Beef"
21687,65,"Beef"
27887,65,"Beef"
27932,65,"Beef"
28196,65,"Beef"
28197,65,"Beef"
28198,65,"Beef"
28199,65,"Beef"
28200,65,"Beef"
28201,65,"Beef"
28202,65,"Beef"
28203,65,"Beef"
21923,65,"Beef"
21951,65,"Beef"
21762,65,"Beef"
21952,65,"Beef"
21953,65,"Beef"
21992,65,"Beef"
21761,65,"Beef"
20332,65,"Beef"
20333,65,"Beef"
20334,65,"Beef"
20335,65,"Beef"
20337,65,"Beef"
20338,65,"Beef"
20339,65,"Beef"
20340,65,"Beef"
20356,65,"Beef"
20357,65,"Beef"
20208,65,"Beef"
20210,65,"Beef"
20212,65,"Beef"
20410,65,"Beef"
20414,65,"Beef"
20416,65,"Beef"
27887,81,"Fruit"
21377,70,"Veges"
21388,70,"Veges"
21399,70,"Veges"
27929,70,"Veges"
28170,70,"Veges"
27887,70,"Veges"
22340,67,"Veges"
22311,67,"Veges"
22342,67,"Veges"
22343,67,"Veges"
22345,67,"Veges"
27798,67,"Veges"
27800,67,"Veges"
28111,67,"Veges"
28620,67,"Veges"
28621,67,"Veges"
28622,67,"Veges"
28633,67,"Veges"
28839,67,"Veges"
28626,67,"Veges"
28627,67,"Veges"
27808,67,"Veges"
28070,67,"Veges"
28629,67,"Veges"
28630,67,"Veges"
28636,67,"Veges"
28855,67,"Veges"
28628,67,"Veges"
28631,67,"Veges"
28842,67,"Veges"
28843,67,"Veges"
28844,67,"Veges"
28845,67,"Veges"
28846,67,"Veges"
28856,67,"Veges"
28857,67,"Veges"
28859,67,"Veges"
28681,67,"Veges"
28688,67,"Veges"
28890,67,"Veges"
28897,67,"Veges"
28898,67,"Veges"
28899,67,"Veges"
28900,67,"Veges"
28901,67,"Veges"
28667,67,"Veges"
28668,67,"Veges"
28670,67,"Veges"
28677,67,"Veges"
28678,67,"Veges"
28647,67,"Veges"
28873,67,"Veges"
28884,67,"Veges"
28885,67,"Veges"
28888,67,"Veges"
28660,67,"Veges"
28661,67,"Veges"
27896,67,"Veges"
27897,67,"Veges"
28337,67,"Veges"
28338,67,"Veges"
28339,67,"Veges"
28340,67,"Veges"
28341,67,"Veges"
28342,67,"Veges"
28343,67,"Veges"
28858,67,"Veges"
28889,67,"Veges"
28904,67,"Veges"
28905,67,"Veges"
28679,67,"Veges"
28680,67,"Veges"
28690,67,"Veges"
28840,67,"Veges"
28841,67,"Veges"
28849,67,"Veges"
28850,67,"Veges"
28851,67,"Veges"
28853,67,"Veges"
28854,67,"Veges"
28682,67,"Veges"
28683,67,"Veges"
28684,67,"Veges"
28686,67,"Veges"
28691,67,"Veges"
28692,67,"Veges"
27964,67,"Veges"
27969,67,"Veges"
27999,67,"Veges"
28003,67,"Veges"
23593,67,"Veges"
23595,67,"Veges"
23596,67,"Veges"
23597,67,"Veges"
23598,67,"Veges"
23744,67,"Veges"
23748,67,"Veges"
23749,67,"Veges"
23750,67,"Veges"
23753,67,"Veges"
23755,67,"Veges"
23757,67,"Veges"
23758,67,"Veges"
23766,67,"Veges"
23768,67,"Veges"
23772,67,"Veges"
23754,67,"Veges"
23756,67,"Veges"
23759,67,"Veges"
23761,67,"Veges"
23763,67,"Veges"
23764,67,"Veges"
23765,67,"Veges"
23767,67,"Veges"
23742,67,"Veges"
23743,67,"Veges"
23778,67,"Veges"
23781,67,"Veges"
23782,67,"Veges"
23783,67,"Veges"
22395,67,"Veges"
22398,67,"Veges"
22397,67,"Veges"
27756,67,"Veges"
27777,67,"Veges"
27778,67,"Veges"
23776,67,"Veges"
23779,67,"Veges"
23787,67,"Veges"
23789,67,"Veges"
15132,67,"Veges"
15134,67,"Veges"
15138,67,"Veges"
14879,67,"Veges"
14883,67,"Veges"
23813,67,"Veges"
23814,67,"Veges"
14489,67,"Veges"
22399,67,"Veges"
22400,67,"Veges"
22401,67,"Veges"
22402,67,"Veges"
14042,67,"Veges"
14043,67,"Veges"
14045,67,"Veges"
14046,67,"Veges"
14048,67,"Veges"
14060,67,"Veges"
14512,67,"Veges"
14514,67,"Veges"
14037,67,"Veges"
14038,67,"Veges"
14039,67,"Veges"
14040,67,"Veges"
14041,67,"Veges"
14061,67,"Veges"
14062,67,"Veges"
13595,67,"Veges"
13596,67,"Veges"
13597,67,"Veges"
13833,67,"Veges"
13834,67,"Veges"
13835,67,"Veges"
13836,67,"Veges"
13837,67,"Veges"
13838,67,"Veges"
13839,67,"Veges"
13840,67,"Veges"
13841,67,"Veges"
13842,67,"Veges"
13843,67,"Veges"
13851,67,"Veges"
13853,67,"Veges"
13854,67,"Veges"
13612,67,"Veges"
13614,67,"Veges"
13618,67,"Veges"
13620,67,"Veges"
13621,67,"Veges"
13622,67,"Veges"
13624,67,"Veges"
13625,67,"Veges"
13626,67,"Veges"
13627,67,"Veges"
13628,67,"Veges"
13855,67,"Veges"
13859,67,"Veges"
13860,67,"Veges"
13861,67,"Veges"
13862,67,"Veges"
13867,67,"Veges"
13633,67,"Veges"
27533,67,"Veges"
27535,67,"Veges"
27779,67,"Veges"
27780,67,"Veges"
24395,67,"Veges"
24630,67,"Veges"
24814,67,"Veges"
24815,67,"Veges"
24816,67,"Veges"
24817,67,"Veges"
24818,67,"Veges"
24819,67,"Veges"
24820,67,"Veges"
24821,67,"Veges"
24825,67,"Veges"
13600,67,"Veges"
13601,67,"Veges"
13602,67,"Veges"
13603,67,"Veges"
13604,67,"Veges"
13605,67,"Veges"
13606,67,"Veges"
13607,67,"Veges"
13608,67,"Veges"
13609,67,"Veges"
13610,67,"Veges"
13611,67,"Veges"
13613,67,"Veges"
13616,67,"Veges"
13617,67,"Veges"
24663,67,"Veges"
24665,67,"Veges"
13868,67,"Veges"
13623,67,"Veges"
13865,67,"Veges"
13866,67,"Veges"
13583,67,"Veges"
13584,67,"Veges"
13585,67,"Veges"
13872,67,"Veges"
13881,67,"Veges"
13882,67,"Veges"
13884,67,"Veges"
13885,67,"Veges"
13869,67,"Veges"
13870,67,"Veges"
13883,67,"Veges"
13630,67,"Veges"
13631,67,"Veges"
13632,67,"Veges"
14056,67,"Veges"
13629,67,"Veges"
15082,67,"Veges"
15086,67,"Veges"
15087,67,"Veges"
15112,67,"Veges"
15083,67,"Veges"
15084,67,"Veges"
15085,67,"Veges"
15088,67,"Veges"
15094,67,"Veges"
14860,67,"Veges"
14861,67,"Veges"
15104,67,"Veges"
15105,67,"Veges"
15044,67,"Veges"
15100,67,"Veges"
15101,67,"Veges"
14864,67,"Veges"
14867,67,"Veges"
15294,67,"Veges"
23807,67,"Veges"
23808,67,"Veges"
22385,67,"Veges"
22388,67,"Veges"
22144,67,"Veges"
14003,67,"Veges"
14004,67,"Veges"
14007,67,"Veges"
14279,67,"Veges"
14281,67,"Veges"
22145,67,"Veges"
22146,67,"Veges"
22148,67,"Veges"
13589,67,"Veges"
13871,67,"Veges"
13873,67,"Veges"
13874,67,"Veges"
13875,67,"Veges"
13590,67,"Veges"
13598,67,"Veges"
14510,67,"Veges"
13890,67,"Veges"
13891,67,"Veges"
14072,67,"Veges"
23665,67,"Veges"
23809,67,"Veges"
13999,67,"Veges"
14270,67,"Veges"
14272,67,"Veges"
14274,67,"Veges"
14275,67,"Veges"
14495,67,"Veges"
14299,67,"Veges"
22389,67,"Veges"
22149,67,"Veges"
22150,67,"Veges"
22151,67,"Veges"
22152,67,"Veges"
22159,67,"Veges"
22163,67,"Veges"
22165,67,"Veges"
22180,67,"Veges"
22181,67,"Veges"
22184,67,"Veges"
22185,67,"Veges"
22186,67,"Veges"
14264,67,"Veges"
14265,67,"Veges"
14266,67,"Veges"
14268,67,"Veges"
23735,67,"Veges"
22156,67,"Veges"
22158,67,"Veges"
22160,67,"Veges"
22161,67,"Veges"
22162,67,"Veges"
22182,67,"Veges"
22183,67,"Veges"
22172,67,"Veges"
22173,67,"Veges"
22174,67,"Veges"
22175,67,"Veges"
22391,67,"Veges"
22392,67,"Veges"
22393,67,"Veges"
22197,67,"Veges"
24396,67,"Veges"
24848,67,"Veges"
24849,67,"Veges"
24660,67,"Veges"
24661,67,"Veges"
24662,67,"Veges"
24666,67,"Veges"
24667,67,"Veges"
24807,67,"Veges"
24808,67,"Veges"
24834,67,"Veges"
24840,67,"Veges"
24841,67,"Veges"
24843,67,"Veges"
24399,67,"Veges"
24404,67,"Veges"
24845,67,"Veges"
24637,67,"Veges"
24639,67,"Veges"
24640,67,"Veges"
24641,67,"Veges"
24405,67,"Veges"
24406,67,"Veges"
24407,67,"Veges"
24408,67,"Veges"
24409,67,"Veges"
24411,67,"Veges"
24659,67,"Veges"
24827,67,"Veges"
24828,67,"Veges"
24829,67,"Veges"
24830,67,"Veges"
24831,67,"Veges"
24832,67,"Veges"
24833,67,"Veges"
24836,67,"Veges"
24837,67,"Veges"
24838,67,"Veges"
24839,67,"Veges"
28646,67,"Veges"
28648,67,"Veges"
28649,67,"Veges"
28650,67,"Veges"
28654,67,"Veges"
28655,67,"Veges"
28656,67,"Veges"
28657,67,"Veges"
28658,67,"Veges"
28659,67,"Veges"
28867,67,"Veges"
28868,67,"Veges"
28869,67,"Veges"
28039,67,"Veges"
28040,67,"Veges"
28044,67,"Veges"
28045,67,"Veges"
28047,67,"Veges"
15352,67,"Veges"
27918,67,"Veges"
28159,67,"Veges"
27817,67,"Veges"
27818,67,"Veges"
27534,67,"Veges"
27539,67,"Veges"
27540,67,"Veges"
27541,67,"Veges"
27542,67,"Veges"
27786,67,"Veges"
27787,67,"Veges"
27788,67,"Veges"
28643,67,"Veges"
28645,67,"Veges"
28907,67,"Veges"
28651,67,"Veges"
28652,67,"Veges"
28653,67,"Veges"
27790,67,"Veges"
27791,67,"Veges"
27792,67,"Veges"
28663,67,"Veges"
28665,67,"Veges"
28666,67,"Veges"
28689,67,"Veges"
28848,67,"Veges"
28685,67,"Veges"
28693,67,"Veges"
28694,67,"Veges"
28906,67,"Veges"
29597,67,"Veges"
29404,67,"Veges"
29396,67,"Veges"
29601,67,"Veges"
28206,67,"Veges"
28208,67,"Veges"
28359,67,"Veges"
29595,67,"Veges"
29600,67,"Veges"
28205,67,"Veges"
28207,67,"Veges"
28363,67,"Veges"
28364,67,"Veges"
12253,67,"Veges"
28358,67,"Veges"
28360,67,"Veges"
28361,67,"Veges"
29420,67,"Veges"
29421,67,"Veges"
11981,67,"Veges"
22844,67,"Veges"
22846,67,"Veges"
22849,67,"Veges"
22629,67,"Veges"
22630,67,"Veges"
22631,67,"Veges"
22632,67,"Veges"
22851,67,"Veges"
22852,67,"Veges"
22622,67,"Veges"
22638,67,"Veges"
22639,67,"Veges"
22640,67,"Veges"
22641,67,"Veges"
22874,67,"Veges"
22875,67,"Veges"
22876,67,"Veges"
15064,67,"Veges"
15303,67,"Veges"
15304,67,"Veges"
15305,67,"Veges"
15035,67,"Veges"
15102,67,"Veges"
22862,67,"Veges"
22873,67,"Veges"
22877,67,"Veges"
22878,67,"Veges"
22879,67,"Veges"
22880,67,"Veges"
22881,67,"Veges"
22643,67,"Veges"
22644,67,"Veges"
22645,67,"Veges"
22646,67,"Veges"
22647,67,"Veges"
22648,67,"Veges"
22650,67,"Veges"
22651,67,"Veges"
22885,67,"Veges"
16719,67,"Veges"
16736,67,"Veges"
16697,67,"Veges"
16726,67,"Veges"
16728,67,"Veges"
16730,67,"Veges"
16724,67,"Veges"
16725,67,"Veges"
16729,67,"Veges"
16720,67,"Veges"
16965,67,"Veges"
15230,67,"Veges"
16981,67,"Veges"
15231,67,"Veges"
15229,67,"Veges"
15228,67,"Veges"
15314,67,"Veges"
15320,67,"Veges"
15322,67,"Veges"
15324,67,"Veges"
15325,67,"Veges"
15340,67,"Veges"
15341,67,"Veges"
15346,67,"Veges"
15360,67,"Veges"
15316,67,"Veges"
15317,67,"Veges"
15318,67,"Veges"
15319,67,"Veges"
15326,67,"Veges"
15327,67,"Veges"
15328,67,"Veges"
15332,67,"Veges"
15334,67,"Veges"
15336,67,"Veges"
15339,67,"Veges"
15355,67,"Veges"
15356,67,"Veges"
15143,67,"Veges"
15144,67,"Veges"
15145,67,"Veges"
15146,67,"Veges"
15147,67,"Veges"
15148,67,"Veges"
15149,67,"Veges"
15150,67,"Veges"
15151,67,"Veges"
15152,67,"Veges"
15363,67,"Veges"
15364,67,"Veges"
15164,67,"Veges"
15165,67,"Veges"
15166,67,"Veges"
15167,67,"Veges"
15175,67,"Veges"
15176,67,"Veges"
15395,67,"Veges"
15397,67,"Veges"
15398,67,"Veges"
15400,67,"Veges"
15403,67,"Veges"
15419,67,"Veges"
16675,67,"Veges"
16686,67,"Veges"
16947,67,"Veges"
16737,67,"Veges"
16738,67,"Veges"
16967,67,"Veges"
16968,67,"Veges"
16969,67,"Veges"
16972,67,"Veges"
16973,67,"Veges"
27895,67,"Veges"
27898,67,"Veges"
27899,67,"Veges"
27900,67,"Veges"
27901,67,"Veges"
27902,67,"Veges"
27903,67,"Veges"
27904,67,"Veges"
27905,67,"Veges"
27906,67,"Veges"
27907,67,"Veges"
27908,67,"Veges"
27909,67,"Veges"
27910,67,"Veges"
27911,67,"Veges"
27912,67,"Veges"
27913,67,"Veges"
27914,67,"Veges"
28128,67,"Veges"
28129,67,"Veges"
28130,67,"Veges"
28131,67,"Veges"
28132,67,"Veges"
28133,67,"Veges"
28134,67,"Veges"
28135,67,"Veges"
28136,67,"Veges"
28137,67,"Veges"
28138,67,"Veges"
28139,67,"Veges"
28140,67,"Veges"
28141,67,"Veges"
28143,67,"Veges"
28144,67,"Veges"
28145,67,"Veges"
28146,67,"Veges"
28147,67,"Veges"
28148,67,"Veges"
28149,67,"Veges"
28150,67,"Veges"
28151,67,"Veges"
28152,67,"Veges"
28154,67,"Veges"
28158,67,"Veges"
27915,67,"Veges"
27922,67,"Veges"
28344,67,"Veges"
15357,67,"Veges"
15358,67,"Veges"
28345,67,"Veges"
28346,67,"Veges"
28347,67,"Veges"
28348,67,"Veges"
28349,67,"Veges"
28350,67,"Veges"
28351,67,"Veges"
28352,67,"Veges"
27977,67,"Veges"
27981,67,"Veges"
27984,67,"Veges"
27985,67,"Veges"
28053,67,"Veges"
28055,67,"Veges"
28056,67,"Veges"
28057,67,"Veges"
28058,67,"Veges"
28059,67,"Veges"
28060,67,"Veges"
28061,67,"Veges"
27839,67,"Veges"
27840,67,"Veges"
27841,67,"Veges"
27843,67,"Veges"
23559,67,"Veges"
23572,67,"Veges"
15337,67,"Veges"
15338,67,"Veges"
15361,67,"Veges"
15362,67,"Veges"
23504,67,"Veges"
23505,67,"Veges"
23506,67,"Veges"
28037,67,"Veges"
23507,67,"Veges"
23508,67,"Veges"
27820,67,"Veges"
27821,67,"Veges"
15456,67,"Veges"
15457,67,"Veges"
15458,67,"Veges"
23511,67,"Veges"
23514,67,"Veges"
23516,67,"Veges"
23517,67,"Veges"
23519,67,"Veges"
23523,67,"Veges"
16696,67,"Veges"
16727,67,"Veges"
16731,67,"Veges"
16732,67,"Veges"
16733,67,"Veges"
16734,67,"Veges"
16735,67,"Veges"
16983,67,"Veges"
16982,67,"Veges"
16980,67,"Veges"
23521,67,"Veges"
23522,67,"Veges"
23524,67,"Veges"
23526,67,"Veges"
23528,67,"Veges"
23529,67,"Veges"
23530,67,"Veges"
23531,67,"Veges"
23532,67,"Veges"
23533,67,"Veges"
23534,67,"Veges"
23535,67,"Veges"
23536,67,"Veges"
23537,67,"Veges"
23538,67,"Veges"
15370,67,"Veges"
15154,67,"Veges"
15155,67,"Veges"
15393,67,"Veges"
15392,67,"Veges"
15394,67,"Veges"
15160,67,"Veges"
15435,67,"Veges"
15194,67,"Veges"
15368,67,"Veges"
15369,67,"Veges"
15161,67,"Veges"
15162,67,"Veges"
15163,67,"Veges"
15169,67,"Veges"
15171,67,"Veges"
23539,67,"Veges"
23540,67,"Veges"
23541,67,"Veges"
23542,67,"Veges"
23543,67,"Veges"
23544,67,"Veges"
23545,67,"Veges"
23546,67,"Veges"
23565,67,"Veges"
23566,67,"Veges"
23577,67,"Veges"
23578,67,"Veges"
23579,67,"Veges"
23580,67,"Veges"
23581,67,"Veges"
23582,67,"Veges"
23583,67,"Veges"
23584,67,"Veges"
23588,67,"Veges"
23589,67,"Veges"
23590,67,"Veges"
23676,67,"Veges"
23677,67,"Veges"
23678,67,"Veges"
23679,67,"Veges"
23681,67,"Veges"
23682,67,"Veges"
23683,67,"Veges"
23685,67,"Veges"
23686,67,"Veges"
23687,67,"Veges"
23688,67,"Veges"
23689,67,"Veges"
23690,67,"Veges"
23691,67,"Veges"
23692,67,"Veges"
23693,67,"Veges"
23694,67,"Veges"
23695,67,"Veges"
23701,67,"Veges"
23702,67,"Veges"
23706,67,"Veges"
23710,67,"Veges"
23711,67,"Veges"
23712,67,"Veges"
23713,67,"Veges"
23714,67,"Veges"
23715,67,"Veges"
23717,67,"Veges"
23751,67,"Veges"
23752,67,"Veges"
23771,67,"Veges"
15374,67,"Veges"
15420,67,"Veges"
15421,67,"Veges"
15459,67,"Veges"
15460,67,"Veges"
15461,67,"Veges"
15465,67,"Veges"
15226,67,"Veges"
15227,67,"Veges"
23501,67,"Veges"
23502,67,"Veges"
23503,67,"Veges"
23509,67,"Veges"
23510,67,"Veges"
27819,67,"Veges"
27822,67,"Veges"
28049,67,"Veges"
28050,67,"Veges"
28051,67,"Veges"
28054,67,"Veges"
27842,67,"Veges"
15153,67,"Veges"
23553,67,"Veges"
23556,67,"Veges"
23557,67,"Veges"
23558,67,"Veges"
23571,67,"Veges"
23573,67,"Veges"
23574,67,"Veges"
23576,67,"Veges"
16915,67,"Veges"
16657,67,"Veges"
16658,67,"Veges"
16659,67,"Veges"
16949,67,"Veges"
16950,67,"Veges"
16951,67,"Veges"
16952,67,"Veges"
16953,67,"Veges"
16654,67,"Veges"
16656,67,"Veges"
16954,67,"Veges"
16955,67,"Veges"
16956,67,"Veges"
16957,67,"Veges"
16958,67,"Veges"
16959,67,"Veges"
16961,67,"Veges"
16963,67,"Veges"
16713,67,"Veges"
16714,67,"Veges"
23600,67,"Veges"
23655,67,"Veges"
23661,67,"Veges"
23662,67,"Veges"
23663,67,"Veges"
23664,67,"Veges"
23666,67,"Veges"
23670,67,"Veges"
23671,67,"Veges"
23698,67,"Veges"
23699,67,"Veges"
23703,67,"Veges"
23704,67,"Veges"
23705,67,"Veges"
23707,67,"Veges"
23708,67,"Veges"
23709,67,"Veges"
23716,67,"Veges"
23718,67,"Veges"
23719,67,"Veges"
23720,67,"Veges"
23721,67,"Veges"
23722,67,"Veges"
23723,67,"Veges"
23724,67,"Veges"
23725,67,"Veges"
23726,67,"Veges"
23727,67,"Veges"
23728,67,"Veges"
23729,67,"Veges"
23730,67,"Veges"
23731,67,"Veges"
23732,67,"Veges"
23733,67,"Veges"
23734,67,"Veges"
23736,67,"Veges"
23737,67,"Veges"
23739,67,"Veges"
23740,67,"Veges"
23741,67,"Veges"
23810,67,"Veges"
28871,67,"Veges"
28875,67,"Veges"
28876,67,"Veges"
28877,67,"Veges"
22153,67,"Veges"
22155,67,"Veges"
22157,67,"Veges"
22164,67,"Veges"
23799,67,"Veges"
15299,67,"Veges"
15301,67,"Veges"
16886,67,"Veges"
29405,67,"Veges"
16919,67,"Veges"
16922,67,"Veges"
16925,67,"Veges"
16927,67,"Veges"
16674,67,"Veges"
15106,67,"Veges"
15108,67,"Veges"
15110,67,"Veges"
15111,67,"Veges"
14866,67,"Veges"
15117,67,"Veges"
15118,67,"Veges"
15119,67,"Veges"
14873,67,"Veges"
14874,67,"Veges"
15122,67,"Veges"
15123,67,"Veges"
15124,67,"Veges"
15125,67,"Veges"
15126,67,"Veges"
15127,67,"Veges"
15128,67,"Veges"
15129,67,"Veges"
15130,67,"Veges"
14876,67,"Veges"
15131,67,"Veges"
15135,67,"Veges"
15136,67,"Veges"
15137,67,"Veges"
15139,67,"Veges"
15140,67,"Veges"
15141,67,"Veges"
15292,67,"Veges"
15293,67,"Veges"
14884,67,"Veges"
14885,67,"Veges"
15297,67,"Veges"
15295,67,"Veges"
15296,67,"Veges"
14870,67,"Veges"
14872,67,"Veges"
15121,67,"Veges"
21623,67,"Veges"
21624,67,"Veges"
21401,67,"Veges"
21402,67,"Veges"
28124,67,"Veges"
28125,67,"Veges"
28126,67,"Veges"
27880,67,"Veges"
27881,67,"Veges"
27885,67,"Veges"
27886,67,"Veges"
16644,67,"Veges"
16876,67,"Veges"
16877,67,"Veges"
16878,67,"Veges"
16879,67,"Veges"
16880,67,"Veges"
16891,67,"Veges"
16892,67,"Veges"
16894,67,"Veges"
16940,67,"Veges"
16941,67,"Veges"
16660,67,"Veges"
16946,67,"Veges"
16666,67,"Veges"
16938,67,"Veges"
16939,67,"Veges"
16945,67,"Veges"
27892,67,"Veges"
27979,67,"Veges"
27894,67,"Veges"
28185,67,"Veges"
27847,67,"Veges"
27859,67,"Veges"
27860,67,"Veges"
28100,67,"Veges"
27876,67,"Veges"
27891,67,"Veges"
27888,67,"Veges"
27889,67,"Veges"
12144,67,"Veges"
12145,67,"Veges"
12146,67,"Veges"
12147,67,"Veges"
12148,67,"Veges"
12149,67,"Veges"
12150,67,"Veges"
12152,67,"Veges"
12153,67,"Veges"
12154,67,"Veges"
12155,67,"Veges"
11971,67,"Veges"
11972,67,"Veges"
11973,67,"Veges"
11974,67,"Veges"
11975,67,"Veges"
11976,67,"Veges"
11977,67,"Veges"
11978,67,"Veges"
11980,67,"Veges"
12235,67,"Veges"
12236,67,"Veges"
12237,67,"Veges"
28076,67,"Veges"
28077,67,"Veges"
28078,67,"Veges"
28084,67,"Veges"
28092,67,"Veges"
28103,67,"Veges"
28104,67,"Veges"
28105,67,"Veges"
27975,67,"Veges"
27849,67,"Veges"
27850,67,"Veges"
27851,67,"Veges"
27856,67,"Veges"
27857,67,"Veges"
27861,67,"Veges"
27862,67,"Veges"
27864,67,"Veges"
28093,67,"Veges"
28094,67,"Veges"
28095,67,"Veges"
28096,67,"Veges"
28097,67,"Veges"
27866,67,"Veges"
27874,67,"Veges"
27877,67,"Veges"
28101,67,"Veges"
28122,67,"Veges"
11944,67,"Veges"
28112,67,"Veges"
28113,67,"Veges"
28115,67,"Veges"
28116,67,"Veges"
28117,67,"Veges"
28118,67,"Veges"
27879,67,"Veges"
15344,67,"Veges"
15347,67,"Veges"
15348,67,"Veges"
15349,67,"Veges"
15350,67,"Veges"
15351,67,"Veges"
15354,67,"Veges"
27917,67,"Veges"
12151,67,"Veges"
12226,67,"Veges"
12227,67,"Veges"
12228,67,"Veges"
12229,67,"Veges"
27945,67,"Veges"
12254,67,"Veges"
11964,67,"Veges"
11965,67,"Veges"
28160,67,"Veges"
27919,67,"Veges"
27920,67,"Veges"
27921,67,"Veges"
28161,67,"Veges"
28162,67,"Veges"
28163,67,"Veges"
28164,67,"Veges"
28165,67,"Veges"
28166,67,"Veges"
28167,67,"Veges"
28168,67,"Veges"
28169,67,"Veges"
27930,67,"Veges"
28180,67,"Veges"
28181,67,"Veges"
28332,67,"Veges"
28333,67,"Veges"
28334,67,"Veges"
28335,67,"Veges"
27941,67,"Veges"
27944,67,"Veges"
27946,67,"Veges"
28204,67,"Veges"
28355,67,"Veges"
28356,67,"Veges"
28357,67,"Veges"
28365,67,"Veges"
11913,67,"Veges"
11943,67,"Veges"
12230,67,"Veges"
22343,76,"Veges"
22345,76,"Veges"
27798,76,"Veges"
27800,76,"Veges"
28111,76,"Veges"
28626,76,"Veges"
28627,76,"Veges"
27808,76,"Veges"
28070,76,"Veges"
28845,76,"Veges"
28647,76,"Veges"
28873,76,"Veges"
28884,76,"Veges"
28885,76,"Veges"
28888,76,"Veges"
28660,76,"Veges"
28661,76,"Veges"
27896,76,"Veges"
27897,76,"Veges"
28337,76,"Veges"
28338,76,"Veges"
28339,76,"Veges"
28340,76,"Veges"
28341,76,"Veges"
28342,76,"Veges"
28343,76,"Veges"
27964,76,"Veges"
27969,76,"Veges"
27999,76,"Veges"
28003,76,"Veges"
23593,76,"Veges"
23595,76,"Veges"
23596,76,"Veges"
23597,76,"Veges"
23598,76,"Veges"
23744,76,"Veges"
23748,76,"Veges"
23749,76,"Veges"
23750,76,"Veges"
23753,76,"Veges"
23755,76,"Veges"
23757,76,"Veges"
23758,76,"Veges"
23766,76,"Veges"
23768,76,"Veges"
23772,76,"Veges"
23754,76,"Veges"
23756,76,"Veges"
23759,76,"Veges"
23761,76,"Veges"
23763,76,"Veges"
23764,76,"Veges"
23765,76,"Veges"
23767,76,"Veges"
23742,76,"Veges"
23743,76,"Veges"
23778,76,"Veges"
23781,76,"Veges"
23782,76,"Veges"
23783,76,"Veges"
22395,76,"Veges"
22398,76,"Veges"
22397,76,"Veges"
27756,76,"Veges"
27777,76,"Veges"
27778,76,"Veges"
23776,76,"Veges"
23779,76,"Veges"
23787,76,"Veges"
23789,76,"Veges"
15132,76,"Veges"
15134,76,"Veges"
15138,76,"Veges"
14879,76,"Veges"
14883,76,"Veges"
23813,76,"Veges"
23814,76,"Veges"
14489,76,"Veges"
22399,76,"Veges"
22400,76,"Veges"
22401,76,"Veges"
22402,76,"Veges"
14042,76,"Veges"
14043,76,"Veges"
14045,76,"Veges"
14046,76,"Veges"
14048,76,"Veges"
14060,76,"Veges"
14512,76,"Veges"
14514,76,"Veges"
14037,76,"Veges"
14038,76,"Veges"
14039,76,"Veges"
14040,76,"Veges"
14041,76,"Veges"
14061,76,"Veges"
14062,76,"Veges"
13595,76,"Veges"
13596,76,"Veges"
13597,76,"Veges"
13833,76,"Veges"
13834,76,"Veges"
13835,76,"Veges"
13836,76,"Veges"
13837,76,"Veges"
13838,76,"Veges"
13839,76,"Veges"
13840,76,"Veges"
13841,76,"Veges"
13842,76,"Veges"
13843,76,"Veges"
13851,76,"Veges"
13853,76,"Veges"
13854,76,"Veges"
13612,76,"Veges"
13614,76,"Veges"
13618,76,"Veges"
13620,76,"Veges"
13621,76,"Veges"
13622,76,"Veges"
13624,76,"Veges"
13625,76,"Veges"
13626,76,"Veges"
13627,76,"Veges"
13628,76,"Veges"
13855,76,"Veges"
13859,76,"Veges"
13860,76,"Veges"
13861,76,"Veges"
13862,76,"Veges"
13867,76,"Veges"
13633,76,"Veges"
27533,76,"Veges"
27535,76,"Veges"
27779,76,"Veges"
27780,76,"Veges"
24395,76,"Veges"
24630,76,"Veges"
24814,76,"Veges"
24815,76,"Veges"
24816,76,"Veges"
24817,76,"Veges"
24818,76,"Veges"
24819,76,"Veges"
24820,76,"Veges"
24821,76,"Veges"
24825,76,"Veges"
13600,76,"Veges"
13601,76,"Veges"
13602,76,"Veges"
13603,76,"Veges"
13604,76,"Veges"
13605,76,"Veges"
13606,76,"Veges"
13607,76,"Veges"
13608,76,"Veges"
13609,76,"Veges"
13610,76,"Veges"
13611,76,"Veges"
13613,76,"Veges"
13616,76,"Veges"
13617,76,"Veges"
24663,76,"Veges"
24665,76,"Veges"
13868,76,"Veges"
13623,76,"Veges"
13865,76,"Veges"
13866,76,"Veges"
13583,76,"Veges"
13584,76,"Veges"
13585,76,"Veges"
13872,76,"Veges"
13881,76,"Veges"
13882,76,"Veges"
13884,76,"Veges"
13885,76,"Veges"
13869,76,"Veges"
13870,76,"Veges"
13883,76,"Veges"
13630,76,"Veges"
13631,76,"Veges"
13632,76,"Veges"
14056,76,"Veges"
13629,76,"Veges"
15082,76,"Veges"
15086,76,"Veges"
15087,76,"Veges"
15112,76,"Veges"
15083,76,"Veges"
15084,76,"Veges"
15085,76,"Veges"
15088,76,"Veges"
15094,76,"Veges"
14860,76,"Veges"
14861,76,"Veges"
15104,76,"Veges"
15105,76,"Veges"
15044,76,"Veges"
15100,76,"Veges"
15101,76,"Veges"
14864,76,"Veges"
14867,76,"Veges"
15294,76,"Veges"
23807,76,"Veges"
23808,76,"Veges"
22385,76,"Veges"
22388,76,"Veges"
22144,76,"Veges"
14003,76,"Veges"
14004,76,"Veges"
14007,76,"Veges"
14279,76,"Veges"
14281,76,"Veges"
22145,76,"Veges"
22146,76,"Veges"
22148,76,"Veges"
13589,76,"Veges"
13871,76,"Veges"
13873,76,"Veges"
13874,76,"Veges"
13875,76,"Veges"
13590,76,"Veges"
13598,76,"Veges"
14510,76,"Veges"
13890,76,"Veges"
13891,76,"Veges"
14072,76,"Veges"
23665,76,"Veges"
23809,76,"Veges"
13999,76,"Veges"
14270,76,"Veges"
14272,76,"Veges"
14274,76,"Veges"
14275,76,"Veges"
14495,76,"Veges"
14299,76,"Veges"
22389,76,"Veges"
22149,76,"Veges"
22150,76,"Veges"
22151,76,"Veges"
22152,76,"Veges"
22159,76,"Veges"
22163,76,"Veges"
22165,76,"Veges"
22180,76,"Veges"
22181,76,"Veges"
22184,76,"Veges"
22185,76,"Veges"
22186,76,"Veges"
14264,76,"Veges"
14265,76,"Veges"
14266,76,"Veges"
14268,76,"Veges"
23735,76,"Veges"
22156,76,"Veges"
22158,76,"Veges"
22160,76,"Veges"
22161,76,"Veges"
22162,76,"Veges"
22182,76,"Veges"
22183,76,"Veges"
22172,76,"Veges"
22173,76,"Veges"
22174,76,"Veges"
22175,76,"Veges"
22391,76,"Veges"
22392,76,"Veges"
22393,76,"Veges"
22197,76,"Veges"
24396,76,"Veges"
24848,76,"Veges"
24849,76,"Veges"
24660,76,"Veges"
24661,76,"Veges"
24662,76,"Veges"
24666,76,"Veges"
24667,76,"Veges"
24807,76,"Veges"
24808,76,"Veges"
24834,76,"Veges"
24840,76,"Veges"
24841,76,"Veges"
24843,76,"Veges"
24399,76,"Veges"
24404,76,"Veges"
24845,76,"Veges"
24637,76,"Veges"
24639,76,"Veges"
24640,76,"Veges"
24641,76,"Veges"
24405,76,"Veges"
24406,76,"Veges"
24407,76,"Veges"
24408,76,"Veges"
24409,76,"Veges"
24411,76,"Veges"
24659,76,"Veges"
24827,76,"Veges"
24828,76,"Veges"
24829,76,"Veges"
24830,76,"Veges"
24831,76,"Veges"
24832,76,"Veges"
24833,76,"Veges"
24836,76,"Veges"
24837,76,"Veges"
24838,76,"Veges"
24839,76,"Veges"
28655,76,"Veges"
28039,76,"Veges"
28040,76,"Veges"
28044,76,"Veges"
28045,76,"Veges"
28047,76,"Veges"
15352,76,"Veges"
27918,76,"Veges"
28159,76,"Veges"
27817,76,"Veges"
27818,76,"Veges"
27534,76,"Veges"
28663,76,"Veges"
28665,76,"Veges"
28848,76,"Veges"
28693,76,"Veges"
28694,76,"Veges"
28906,76,"Veges"
29597,76,"Veges"
29404,76,"Veges"
29396,76,"Veges"
29601,76,"Veges"
28206,76,"Veges"
28208,76,"Veges"
28359,76,"Veges"
29595,76,"Veges"
29600,76,"Veges"
28205,76,"Veges"
28207,76,"Veges"
28363,76,"Veges"
28364,76,"Veges"
12253,76,"Veges"
28358,76,"Veges"
28360,76,"Veges"
28361,76,"Veges"
29420,76,"Veges"
29421,76,"Veges"
11981,76,"Veges"
22844,76,"Veges"
22846,76,"Veges"
22849,76,"Veges"
22629,76,"Veges"
22630,76,"Veges"
22631,76,"Veges"
22632,76,"Veges"
22851,76,"Veges"
22852,76,"Veges"
22622,76,"Veges"
22638,76,"Veges"
22639,76,"Veges"
22640,76,"Veges"
22641,76,"Veges"
22874,76,"Veges"
22875,76,"Veges"
22876,76,"Veges"
15064,76,"Veges"
15303,76,"Veges"
15304,76,"Veges"
15305,76,"Veges"
15035,76,"Veges"
15102,76,"Veges"
22862,76,"Veges"
22873,76,"Veges"
22877,76,"Veges"
22878,76,"Veges"
22879,76,"Veges"
22880,76,"Veges"
22881,76,"Veges"
22643,76,"Veges"
22644,76,"Veges"
22645,76,"Veges"
22646,76,"Veges"
22647,76,"Veges"
22648,76,"Veges"
22650,76,"Veges"
22651,76,"Veges"
22885,76,"Veges"
16719,76,"Veges"
16736,76,"Veges"
16697,76,"Veges"
16726,76,"Veges"
16728,76,"Veges"
16730,76,"Veges"
16724,76,"Veges"
16725,76,"Veges"
16729,76,"Veges"
16720,76,"Veges"
16965,76,"Veges"
15230,76,"Veges"
16981,76,"Veges"
15231,76,"Veges"
15229,76,"Veges"
15228,76,"Veges"
15314,76,"Veges"
15320,76,"Veges"
15322,76,"Veges"
15324,76,"Veges"
15325,76,"Veges"
15340,76,"Veges"
15341,76,"Veges"
15346,76,"Veges"
15360,76,"Veges"
15316,76,"Veges"
15317,76,"Veges"
15318,76,"Veges"
15319,76,"Veges"
15326,76,"Veges"
15327,76,"Veges"
15328,76,"Veges"
15332,76,"Veges"
15334,76,"Veges"
15336,76,"Veges"
15339,76,"Veges"
15355,76,"Veges"
15356,76,"Veges"
15143,76,"Veges"
15144,76,"Veges"
15145,76,"Veges"
15146,76,"Veges"
15147,76,"Veges"
15148,76,"Veges"
15149,76,"Veges"
15150,76,"Veges"
15151,76,"Veges"
15152,76,"Veges"
15363,76,"Veges"
15364,76,"Veges"
15164,76,"Veges"
15165,76,"Veges"
15166,76,"Veges"
15167,76,"Veges"
15175,76,"Veges"
15176,76,"Veges"
15395,76,"Veges"
15397,76,"Veges"
15398,76,"Veges"
15400,76,"Veges"
15403,76,"Veges"
15419,76,"Veges"
16675,76,"Veges"
16686,76,"Veges"
16947,76,"Veges"
16737,76,"Veges"
16738,76,"Veges"
16967,76,"Veges"
16968,76,"Veges"
16969,76,"Veges"
16972,76,"Veges"
16973,76,"Veges"
27895,76,"Veges"
27898,76,"Veges"
27899,76,"Veges"
27900,76,"Veges"
27901,76,"Veges"
27902,76,"Veges"
27903,76,"Veges"
27904,76,"Veges"
27905,76,"Veges"
27906,76,"Veges"
27907,76,"Veges"
27908,76,"Veges"
27909,76,"Veges"
27910,76,"Veges"
27911,76,"Veges"
27912,76,"Veges"
27913,76,"Veges"
27914,76,"Veges"
28128,76,"Veges"
28129,76,"Veges"
28130,76,"Veges"
28131,76,"Veges"
28132,76,"Veges"
28133,76,"Veges"
28134,76,"Veges"
28135,76,"Veges"
28136,76,"Veges"
28137,76,"Veges"
28138,76,"Veges"
28139,76,"Veges"
28140,76,"Veges"
28141,76,"Veges"
28143,76,"Veges"
28144,76,"Veges"
28145,76,"Veges"
28146,76,"Veges"
28147,76,"Veges"
28148,76,"Veges"
28149,76,"Veges"
28150,76,"Veges"
28151,76,"Veges"
28152,76,"Veges"
28154,76,"Veges"
28158,76,"Veges"
27915,76,"Veges"
27922,76,"Veges"
28344,76,"Veges"
15357,76,"Veges"
15358,76,"Veges"
28345,76,"Veges"
28346,76,"Veges"
28347,76,"Veges"
28348,76,"Veges"
28349,76,"Veges"
28350,76,"Veges"
28351,76,"Veges"
28352,76,"Veges"
27977,76,"Veges"
27981,76,"Veges"
27984,76,"Veges"
27985,76,"Veges"
28053,76,"Veges"
28055,76,"Veges"
28056,76,"Veges"
28057,76,"Veges"
28058,76,"Veges"
28059,76,"Veges"
28060,76,"Veges"
28061,76,"Veges"
27839,76,"Veges"
27840,76,"Veges"
27841,76,"Veges"
27843,76,"Veges"
23559,76,"Veges"
23572,76,"Veges"
15337,76,"Veges"
15338,76,"Veges"
15361,76,"Veges"
15362,76,"Veges"
23504,76,"Veges"
23505,76,"Veges"
23506,76,"Veges"
28037,76,"Veges"
23507,76,"Veges"
23508,76,"Veges"
27820,76,"Veges"
27821,76,"Veges"
15456,76,"Veges"
15457,76,"Veges"
15458,76,"Veges"
23511,76,"Veges"
23514,76,"Veges"
23516,76,"Veges"
23517,76,"Veges"
23519,76,"Veges"
23523,76,"Veges"
16696,76,"Veges"
16727,76,"Veges"
16731,76,"Veges"
16732,76,"Veges"
16733,76,"Veges"
16734,76,"Veges"
16735,76,"Veges"
16983,76,"Veges"
16982,76,"Veges"
16980,76,"Veges"
23521,76,"Veges"
23522,76,"Veges"
23524,76,"Veges"
23526,76,"Veges"
23528,76,"Veges"
23529,76,"Veges"
23530,76,"Veges"
23531,76,"Veges"
23532,76,"Veges"
23533,76,"Veges"
23534,76,"Veges"
23535,76,"Veges"
23536,76,"Veges"
23537,76,"Veges"
23538,76,"Veges"
15370,76,"Veges"
15154,76,"Veges"
15155,76,"Veges"
15393,76,"Veges"
15392,76,"Veges"
15394,76,"Veges"
15160,76,"Veges"
15435,76,"Veges"
15194,76,"Veges"
15368,76,"Veges"
15369,76,"Veges"
15161,76,"Veges"
15162,76,"Veges"
15163,76,"Veges"
15169,76,"Veges"
15171,76,"Veges"
23539,76,"Veges"
23540,76,"Veges"
23541,76,"Veges"
23542,76,"Veges"
23543,76,"Veges"
23544,76,"Veges"
23545,76,"Veges"
23546,76,"Veges"
23565,76,"Veges"
23566,76,"Veges"
23577,76,"Veges"
23578,76,"Veges"
23579,76,"Veges"
23580,76,"Veges"
23581,76,"Veges"
23582,76,"Veges"
23583,76,"Veges"
23584,76,"Veges"
23588,76,"Veges"
23589,76,"Veges"
23590,76,"Veges"
23676,76,"Veges"
23677,76,"Veges"
23678,76,"Veges"
23679,76,"Veges"
23681,76,"Veges"
23682,76,"Veges"
23683,76,"Veges"
23685,76,"Veges"
23686,76,"Veges"
23687,76,"Veges"
23688,76,"Veges"
23689,76,"Veges"
23690,76,"Veges"
23691,76,"Veges"
23692,76,"Veges"
23693,76,"Veges"
23694,76,"Veges"
23695,76,"Veges"
23701,76,"Veges"
23702,76,"Veges"
23706,76,"Veges"
23710,76,"Veges"
23711,76,"Veges"
23712,76,"Veges"
23713,76,"Veges"
23714,76,"Veges"
23715,76,"Veges"
23717,76,"Veges"
23751,76,"Veges"
23752,76,"Veges"
23771,76,"Veges"
15374,76,"Veges"
15420,76,"Veges"
15421,76,"Veges"
15459,76,"Veges"
15460,76,"Veges"
15461,76,"Veges"
15465,76,"Veges"
15226,76,"Veges"
15227,76,"Veges"
23501,76,"Veges"
23502,76,"Veges"
23503,76,"Veges"
23509,76,"Veges"
23510,76,"Veges"
27819,76,"Veges"
27822,76,"Veges"
28049,76,"Veges"
28050,76,"Veges"
28051,76,"Veges"
28054,76,"Veges"
27842,76,"Veges"
15153,76,"Veges"
23553,76,"Veges"
23556,76,"Veges"
23557,76,"Veges"
23558,76,"Veges"
23571,76,"Veges"
23573,76,"Veges"
23574,76,"Veges"
23576,76,"Veges"
16915,76,"Veges"
16657,76,"Veges"
16658,76,"Veges"
16659,76,"Veges"
16949,76,"Veges"
16950,76,"Veges"
16951,76,"Veges"
16952,76,"Veges"
16953,76,"Veges"
16654,76,"Veges"
16656,76,"Veges"
16954,76,"Veges"
16955,76,"Veges"
16956,76,"Veges"
16957,76,"Veges"
16958,76,"Veges"
16959,76,"Veges"
16961,76,"Veges"
16963,76,"Veges"
16713,76,"Veges"
16714,76,"Veges"
23600,76,"Veges"
23655,76,"Veges"
23661,76,"Veges"
23662,76,"Veges"
23663,76,"Veges"
23664,76,"Veges"
23666,76,"Veges"
23670,76,"Veges"
23671,76,"Veges"
23698,76,"Veges"
23699,76,"Veges"
23703,76,"Veges"
23704,76,"Veges"
23705,76,"Veges"
23707,76,"Veges"
23708,76,"Veges"
23709,76,"Veges"
23716,76,"Veges"
23718,76,"Veges"
23719,76,"Veges"
23720,76,"Veges"
23721,76,"Veges"
23722,76,"Veges"
23723,76,"Veges"
23724,76,"Veges"
23725,76,"Veges"
23726,76,"Veges"
23727,76,"Veges"
23728,76,"Veges"
23729,76,"Veges"
23730,76,"Veges"
23731,76,"Veges"
23732,76,"Veges"
23733,76,"Veges"
23734,76,"Veges"
23736,76,"Veges"
23737,76,"Veges"
23739,76,"Veges"
23740,76,"Veges"
23741,76,"Veges"
23810,76,"Veges"
28871,76,"Veges"
28875,76,"Veges"
28876,76,"Veges"
28877,76,"Veges"
22153,76,"Veges"
22155,76,"Veges"
22157,76,"Veges"
22164,76,"Veges"
23799,76,"Veges"
15299,76,"Veges"
15301,76,"Veges"
16886,76,"Veges"
29405,76,"Veges"
16919,76,"Veges"
16922,76,"Veges"
16925,76,"Veges"
16927,76,"Veges"
16674,76,"Veges"
15106,76,"Veges"
15108,76,"Veges"
15110,76,"Veges"
15111,76,"Veges"
14866,76,"Veges"
15117,76,"Veges"
15118,76,"Veges"
15119,76,"Veges"
14873,76,"Veges"
14874,76,"Veges"
15122,76,"Veges"
15123,76,"Veges"
15124,76,"Veges"
15125,76,"Veges"
15126,76,"Veges"
15127,76,"Veges"
15128,76,"Veges"
15129,76,"Veges"
15130,76,"Veges"
14876,76,"Veges"
15131,76,"Veges"
15135,76,"Veges"
15136,76,"Veges"
15137,76,"Veges"
15139,76,"Veges"
15140,76,"Veges"
15141,76,"Veges"
15292,76,"Veges"
15293,76,"Veges"
14884,76,"Veges"
14885,76,"Veges"
15297,76,"Veges"
15295,76,"Veges"
15296,76,"Veges"
14870,76,"Veges"
14872,76,"Veges"
15121,76,"Veges"
21623,76,"Veges"
21624,76,"Veges"
21401,76,"Veges"
21402,76,"Veges"
28124,76,"Veges"
28125,76,"Veges"
28126,76,"Veges"
27880,76,"Veges"
27881,76,"Veges"
27885,76,"Veges"
27886,76,"Veges"
16644,76,"Veges"
16876,76,"Veges"
16877,76,"Veges"
16878,76,"Veges"
16879,76,"Veges"
16880,76,"Veges"
16891,76,"Veges"
16892,76,"Veges"
16894,76,"Veges"
16940,76,"Veges"
16941,76,"Veges"
16660,76,"Veges"
16946,76,"Veges"
16666,76,"Veges"
16938,76,"Veges"
16939,76,"Veges"
16945,76,"Veges"
27892,76,"Veges"
27979,76,"Veges"
27894,76,"Veges"
28185,76,"Veges"
27847,76,"Veges"
27859,76,"Veges"
27860,76,"Veges"
28100,76,"Veges"
27876,76,"Veges"
27891,76,"Veges"
27888,76,"Veges"
27889,76,"Veges"
12144,76,"Veges"
12145,76,"Veges"
12146,76,"Veges"
12147,76,"Veges"
12148,76,"Veges"
12149,76,"Veges"
12150,76,"Veges"
12152,76,"Veges"
12153,76,"Veges"
12154,76,"Veges"
12155,76,"Veges"
11971,76,"Veges"
11972,76,"Veges"
11973,76,"Veges"
11974,76,"Veges"
11975,76,"Veges"
11976,76,"Veges"
11977,76,"Veges"
11978,76,"Veges"
11980,76,"Veges"
12235,76,"Veges"
12236,76,"Veges"
12237,76,"Veges"
28076,76,"Veges"
28077,76,"Veges"
28078,76,"Veges"
28084,76,"Veges"
28092,76,"Veges"
28103,76,"Veges"
28104,76,"Veges"
28105,76,"Veges"
27975,76,"Veges"
27849,76,"Veges"
27850,76,"Veges"
27851,76,"Veges"
27856,76,"Veges"
27857,76,"Veges"
27861,76,"Veges"
27862,76,"Veges"
27864,76,"Veges"
28093,76,"Veges"
28094,76,"Veges"
28095,76,"Veges"
28096,76,"Veges"
28097,76,"Veges"
27866,76,"Veges"
27874,76,"Veges"
27877,76,"Veges"
28101,76,"Veges"
28122,76,"Veges"
11944,76,"Veges"
28112,76,"Veges"
28113,76,"Veges"
28115,76,"Veges"
28116,76,"Veges"
28117,76,"Veges"
28118,76,"Veges"
15344,76,"Veges"
15347,76,"Veges"
15348,76,"Veges"
15349,76,"Veges"
15350,76,"Veges"
15351,76,"Veges"
15354,76,"Veges"
27917,76,"Veges"
12151,76,"Veges"
12226,76,"Veges"
12227,76,"Veges"
12228,76,"Veges"
12229,76,"Veges"
27945,76,"Veges"
12254,76,"Veges"
11964,76,"Veges"
11965,76,"Veges"
28160,76,"Veges"
27919,76,"Veges"
27920,76,"Veges"
27921,76,"Veges"
28161,76,"Veges"
28162,76,"Veges"
28163,76,"Veges"
28164,76,"Veges"
28165,76,"Veges"
28166,76,"Veges"
28167,76,"Veges"
28168,76,"Veges"
28169,76,"Veges"
27930,76,"Veges"
28180,76,"Veges"
28181,76,"Veges"
28332,76,"Veges"
28333,76,"Veges"
28334,76,"Veges"
28335,76,"Veges"
27941,76,"Veges"
27944,76,"Veges"
27946,76,"Veges"
28204,76,"Veges"
28355,76,"Veges"
28356,76,"Veges"
28357,76,"Veges"
28365,76,"Veges"
11913,76,"Veges"
11943,76,"Veges"
12230,76,"Veges"
22343,68,"Veges"
22345,68,"Veges"
27798,68,"Veges"
27800,68,"Veges"
28111,68,"Veges"
28626,68,"Veges"
28627,68,"Veges"
27808,68,"Veges"
28070,68,"Veges"
28845,68,"Veges"
28647,68,"Veges"
28873,68,"Veges"
28884,68,"Veges"
28885,68,"Veges"
28888,68,"Veges"
28660,68,"Veges"
28661,68,"Veges"
27896,68,"Veges"
27897,68,"Veges"
28337,68,"Veges"
28338,68,"Veges"
28339,68,"Veges"
28340,68,"Veges"
28341,68,"Veges"
28342,68,"Veges"
28343,68,"Veges"
27964,68,"Veges"
27969,68,"Veges"
27999,68,"Veges"
28003,68,"Veges"
23593,68,"Veges"
23595,68,"Veges"
23596,68,"Veges"
23597,68,"Veges"
23598,68,"Veges"
23744,68,"Veges"
23748,68,"Veges"
23749,68,"Veges"
23750,68,"Veges"
23753,68,"Veges"
23755,68,"Veges"
23757,68,"Veges"
23758,68,"Veges"
23766,68,"Veges"
23768,68,"Veges"
23772,68,"Veges"
23754,68,"Veges"
23756,68,"Veges"
23759,68,"Veges"
23761,68,"Veges"
23763,68,"Veges"
23764,68,"Veges"
23765,68,"Veges"
23767,68,"Veges"
23742,68,"Veges"
23743,68,"Veges"
23778,68,"Veges"
23781,68,"Veges"
23782,68,"Veges"
23783,68,"Veges"
22395,68,"Veges"
22398,68,"Veges"
22397,68,"Veges"
27756,68,"Veges"
27777,68,"Veges"
27778,68,"Veges"
23776,68,"Veges"
23779,68,"Veges"
23787,68,"Veges"
23789,68,"Veges"
15132,68,"Veges"
15134,68,"Veges"
15138,68,"Veges"
14879,68,"Veges"
14883,68,"Veges"
23813,68,"Veges"
23814,68,"Veges"
14489,68,"Veges"
22399,68,"Veges"
22400,68,"Veges"
22401,68,"Veges"
22402,68,"Veges"
14042,68,"Veges"
14043,68,"Veges"
14045,68,"Veges"
14046,68,"Veges"
14048,68,"Veges"
14060,68,"Veges"
14512,68,"Veges"
14514,68,"Veges"
14037,68,"Veges"
14038,68,"Veges"
14039,68,"Veges"
14040,68,"Veges"
14041,68,"Veges"
14061,68,"Veges"
14062,68,"Veges"
13595,68,"Veges"
13596,68,"Veges"
13597,68,"Veges"
13833,68,"Veges"
13834,68,"Veges"
13835,68,"Veges"
13836,68,"Veges"
13837,68,"Veges"
13838,68,"Veges"
13839,68,"Veges"
13840,68,"Veges"
13841,68,"Veges"
13842,68,"Veges"
13843,68,"Veges"
13851,68,"Veges"
13853,68,"Veges"
13854,68,"Veges"
13612,68,"Veges"
13614,68,"Veges"
13618,68,"Veges"
13620,68,"Veges"
13621,68,"Veges"
13622,68,"Veges"
13624,68,"Veges"
13625,68,"Veges"
13626,68,"Veges"
13627,68,"Veges"
13628,68,"Veges"
13855,68,"Veges"
13859,68,"Veges"
13860,68,"Veges"
13861,68,"Veges"
13862,68,"Veges"
13867,68,"Veges"
13633,68,"Veges"
27533,68,"Veges"
27535,68,"Veges"
27779,68,"Veges"
27780,68,"Veges"
24395,68,"Veges"
24630,68,"Veges"
24814,68,"Veges"
24815,68,"Veges"
24816,68,"Veges"
24817,68,"Veges"
24818,68,"Veges"
24819,68,"Veges"
24820,68,"Veges"
24821,68,"Veges"
24825,68,"Veges"
13600,68,"Veges"
13601,68,"Veges"
13602,68,"Veges"
13603,68,"Veges"
13604,68,"Veges"
13605,68,"Veges"
13606,68,"Veges"
13607,68,"Veges"
13608,68,"Veges"
13609,68,"Veges"
13610,68,"Veges"
13611,68,"Veges"
13613,68,"Veges"
13616,68,"Veges"
13617,68,"Veges"
24663,68,"Veges"
24665,68,"Veges"
13868,68,"Veges"
13623,68,"Veges"
13865,68,"Veges"
13866,68,"Veges"
13583,68,"Veges"
13584,68,"Veges"
13585,68,"Veges"
13872,68,"Veges"
13881,68,"Veges"
13882,68,"Veges"
13884,68,"Veges"
13885,68,"Veges"
13869,68,"Veges"
13870,68,"Veges"
13883,68,"Veges"
13630,68,"Veges"
13631,68,"Veges"
13632,68,"Veges"
14056,68,"Veges"
13629,68,"Veges"
15082,68,"Veges"
15086,68,"Veges"
15087,68,"Veges"
15112,68,"Veges"
15083,68,"Veges"
15084,68,"Veges"
15085,68,"Veges"
15088,68,"Veges"
15094,68,"Veges"
14860,68,"Veges"
14861,68,"Veges"
15104,68,"Veges"
15105,68,"Veges"
15044,68,"Veges"
15100,68,"Veges"
15101,68,"Veges"
14864,68,"Veges"
14867,68,"Veges"
15294,68,"Veges"
23807,68,"Veges"
23808,68,"Veges"
22385,68,"Veges"
22388,68,"Veges"
22144,68,"Veges"
14003,68,"Veges"
14004,68,"Veges"
14007,68,"Veges"
14279,68,"Veges"
14281,68,"Veges"
22145,68,"Veges"
22146,68,"Veges"
22148,68,"Veges"
13589,68,"Veges"
13871,68,"Veges"
13873,68,"Veges"
13874,68,"Veges"
13875,68,"Veges"
13590,68,"Veges"
13598,68,"Veges"
14510,68,"Veges"
13890,68,"Veges"
13891,68,"Veges"
14072,68,"Veges"
23665,68,"Veges"
23809,68,"Veges"
13999,68,"Veges"
14270,68,"Veges"
14272,68,"Veges"
14274,68,"Veges"
14275,68,"Veges"
14495,68,"Veges"
14299,68,"Veges"
22389,68,"Veges"
22149,68,"Veges"
22150,68,"Veges"
22151,68,"Veges"
22152,68,"Veges"
22159,68,"Veges"
22163,68,"Veges"
22165,68,"Veges"
22180,68,"Veges"
22181,68,"Veges"
22184,68,"Veges"
22185,68,"Veges"
22186,68,"Veges"
14264,68,"Veges"
14265,68,"Veges"
14266,68,"Veges"
14268,68,"Veges"
23735,68,"Veges"
22156,68,"Veges"
22158,68,"Veges"
22160,68,"Veges"
22161,68,"Veges"
22162,68,"Veges"
22182,68,"Veges"
22183,68,"Veges"
22172,68,"Veges"
22173,68,"Veges"
22174,68,"Veges"
22175,68,"Veges"
22391,68,"Veges"
22392,68,"Veges"
22393,68,"Veges"
22197,68,"Veges"
24396,68,"Veges"
24848,68,"Veges"
24849,68,"Veges"
24660,68,"Veges"
24661,68,"Veges"
24662,68,"Veges"
24666,68,"Veges"
24667,68,"Veges"
24807,68,"Veges"
24808,68,"Veges"
24834,68,"Veges"
24840,68,"Veges"
24841,68,"Veges"
24843,68,"Veges"
24399,68,"Veges"
24404,68,"Veges"
24845,68,"Veges"
24637,68,"Veges"
24639,68,"Veges"
24640,68,"Veges"
24641,68,"Veges"
24405,68,"Veges"
24406,68,"Veges"
24407,68,"Veges"
24408,68,"Veges"
24409,68,"Veges"
24411,68,"Veges"
24659,68,"Veges"
24827,68,"Veges"
24828,68,"Veges"
24829,68,"Veges"
24830,68,"Veges"
24831,68,"Veges"
24832,68,"Veges"
24833,68,"Veges"
24836,68,"Veges"
24837,68,"Veges"
24838,68,"Veges"
24839,68,"Veges"
28655,68,"Veges"
28039,68,"Veges"
28040,68,"Veges"
28044,68,"Veges"
28045,68,"Veges"
28047,68,"Veges"
15352,68,"Veges"
27918,68,"Veges"
28159,68,"Veges"
27817,68,"Veges"
27818,68,"Veges"
27534,68,"Veges"
28663,68,"Veges"
28665,68,"Veges"
28848,68,"Veges"
28693,68,"Veges"
28694,68,"Veges"
28906,68,"Veges"
29597,68,"Veges"
29404,68,"Veges"
29396,68,"Veges"
29601,68,"Veges"
28206,68,"Veges"
28208,68,"Veges"
28359,68,"Veges"
29595,68,"Veges"
29600,68,"Veges"
28205,68,"Veges"
28207,68,"Veges"
28363,68,"Veges"
28364,68,"Veges"
12253,68,"Veges"
28358,68,"Veges"
28360,68,"Veges"
28361,68,"Veges"
29420,68,"Veges"
29421,68,"Veges"
11981,68,"Veges"
22844,68,"Veges"
22846,68,"Veges"
22849,68,"Veges"
22629,68,"Veges"
22630,68,"Veges"
22631,68,"Veges"
22632,68,"Veges"
22851,68,"Veges"
22852,68,"Veges"
22622,68,"Veges"
22638,68,"Veges"
22639,68,"Veges"
22640,68,"Veges"
22641,68,"Veges"
22874,68,"Veges"
22875,68,"Veges"
22876,68,"Veges"
15064,68,"Veges"
15303,68,"Veges"
15304,68,"Veges"
15305,68,"Veges"
15035,68,"Veges"
15102,68,"Veges"
22862,68,"Veges"
22873,68,"Veges"
22877,68,"Veges"
22878,68,"Veges"
22879,68,"Veges"
22880,68,"Veges"
22881,68,"Veges"
22643,68,"Veges"
22644,68,"Veges"
22645,68,"Veges"
22646,68,"Veges"
22647,68,"Veges"
22648,68,"Veges"
22650,68,"Veges"
22651,68,"Veges"
22885,68,"Veges"
16719,68,"Veges"
16736,68,"Veges"
16697,68,"Veges"
16726,68,"Veges"
16728,68,"Veges"
16730,68,"Veges"
16724,68,"Veges"
16725,68,"Veges"
16729,68,"Veges"
16720,68,"Veges"
16965,68,"Veges"
15230,68,"Veges"
16981,68,"Veges"
15231,68,"Veges"
15229,68,"Veges"
15228,68,"Veges"
15314,68,"Veges"
15320,68,"Veges"
15322,68,"Veges"
15324,68,"Veges"
15325,68,"Veges"
15340,68,"Veges"
15341,68,"Veges"
15346,68,"Veges"
15360,68,"Veges"
15316,68,"Veges"
15317,68,"Veges"
15318,68,"Veges"
15319,68,"Veges"
15326,68,"Veges"
15327,68,"Veges"
15328,68,"Veges"
15332,68,"Veges"
15334,68,"Veges"
15336,68,"Veges"
15339,68,"Veges"
15355,68,"Veges"
15356,68,"Veges"
15143,68,"Veges"
15144,68,"Veges"
15145,68,"Veges"
15146,68,"Veges"
15147,68,"Veges"
15148,68,"Veges"
15149,68,"Veges"
15150,68,"Veges"
15151,68,"Veges"
15152,68,"Veges"
15363,68,"Veges"
15364,68,"Veges"
15164,68,"Veges"
15165,68,"Veges"
15166,68,"Veges"
15167,68,"Veges"
15175,68,"Veges"
15176,68,"Veges"
15395,68,"Veges"
15397,68,"Veges"
15398,68,"Veges"
15400,68,"Veges"
15403,68,"Veges"
15419,68,"Veges"
16675,68,"Veges"
16686,68,"Veges"
16947,68,"Veges"
16737,68,"Veges"
16738,68,"Veges"
16967,68,"Veges"
16968,68,"Veges"
16969,68,"Veges"
16972,68,"Veges"
16973,68,"Veges"
27895,68,"Veges"
27898,68,"Veges"
27899,68,"Veges"
27900,68,"Veges"
27901,68,"Veges"
27902,68,"Veges"
27903,68,"Veges"
27904,68,"Veges"
27905,68,"Veges"
27906,68,"Veges"
27907,68,"Veges"
27908,68,"Veges"
27909,68,"Veges"
27910,68,"Veges"
27911,68,"Veges"
27912,68,"Veges"
27913,68,"Veges"
27914,68,"Veges"
28128,68,"Veges"
28129,68,"Veges"
28130,68,"Veges"
28131,68,"Veges"
28132,68,"Veges"
28133,68,"Veges"
28134,68,"Veges"
28135,68,"Veges"
28136,68,"Veges"
28137,68,"Veges"
28138,68,"Veges"
28139,68,"Veges"
28140,68,"Veges"
28141,68,"Veges"
28143,68,"Veges"
28144,68,"Veges"
28145,68,"Veges"
28146,68,"Veges"
28147,68,"Veges"
28148,68,"Veges"
28149,68,"Veges"
28150,68,"Veges"
28151,68,"Veges"
28152,68,"Veges"
28154,68,"Veges"
28158,68,"Veges"
27915,68,"Veges"
27922,68,"Veges"
28344,68,"Veges"
15357,68,"Veges"
15358,68,"Veges"
28345,68,"Veges"
28346,68,"Veges"
28347,68,"Veges"
28348,68,"Veges"
28349,68,"Veges"
28350,68,"Veges"
28351,68,"Veges"
28352,68,"Veges"
27977,68,"Veges"
27981,68,"Veges"
27984,68,"Veges"
27985,68,"Veges"
28053,68,"Veges"
28055,68,"Veges"
28056,68,"Veges"
28057,68,"Veges"
28058,68,"Veges"
28059,68,"Veges"
28060,68,"Veges"
28061,68,"Veges"
27839,68,"Veges"
27840,68,"Veges"
27841,68,"Veges"
27843,68,"Veges"
23559,68,"Veges"
23572,68,"Veges"
15337,68,"Veges"
15338,68,"Veges"
15361,68,"Veges"
15362,68,"Veges"
23504,68,"Veges"
23505,68,"Veges"
23506,68,"Veges"
28037,68,"Veges"
23507,68,"Veges"
23508,68,"Veges"
27820,68,"Veges"
27821,68,"Veges"
15456,68,"Veges"
15457,68,"Veges"
15458,68,"Veges"
23511,68,"Veges"
23514,68,"Veges"
23516,68,"Veges"
23517,68,"Veges"
23519,68,"Veges"
23523,68,"Veges"
16696,68,"Veges"
16727,68,"Veges"
16731,68,"Veges"
16732,68,"Veges"
16733,68,"Veges"
16734,68,"Veges"
16735,68,"Veges"
16983,68,"Veges"
16982,68,"Veges"
16980,68,"Veges"
23521,68,"Veges"
23522,68,"Veges"
23524,68,"Veges"
23526,68,"Veges"
23528,68,"Veges"
23529,68,"Veges"
23530,68,"Veges"
23531,68,"Veges"
23532,68,"Veges"
23533,68,"Veges"
23534,68,"Veges"
23535,68,"Veges"
23536,68,"Veges"
23537,68,"Veges"
23538,68,"Veges"
15370,68,"Veges"
15154,68,"Veges"
15155,68,"Veges"
15393,68,"Veges"
15392,68,"Veges"
15394,68,"Veges"
15160,68,"Veges"
15435,68,"Veges"
15194,68,"Veges"
15368,68,"Veges"
15369,68,"Veges"
15161,68,"Veges"
15162,68,"Veges"
15163,68,"Veges"
15169,68,"Veges"
15171,68,"Veges"
23539,68,"Veges"
23540,68,"Veges"
23541,68,"Veges"
23542,68,"Veges"
23543,68,"Veges"
23544,68,"Veges"
23545,68,"Veges"
23546,68,"Veges"
23565,68,"Veges"
23566,68,"Veges"
23577,68,"Veges"
23578,68,"Veges"
23579,68,"Veges"
23580,68,"Veges"
23581,68,"Veges"
23582,68,"Veges"
23583,68,"Veges"
23584,68,"Veges"
23588,68,"Veges"
23589,68,"Veges"
23590,68,"Veges"
23676,68,"Veges"
23677,68,"Veges"
23678,68,"Veges"
23679,68,"Veges"
23681,68,"Veges"
23682,68,"Veges"
23683,68,"Veges"
23685,68,"Veges"
23686,68,"Veges"
23687,68,"Veges"
23688,68,"Veges"
23689,68,"Veges"
23690,68,"Veges"
23691,68,"Veges"
23692,68,"Veges"
23693,68,"Veges"
23694,68,"Veges"
23695,68,"Veges"
23701,68,"Veges"
23702,68,"Veges"
23706,68,"Veges"
23710,68,"Veges"
23711,68,"Veges"
23712,68,"Veges"
23713,68,"Veges"
23714,68,"Veges"
23715,68,"Veges"
23717,68,"Veges"
23751,68,"Veges"
23752,68,"Veges"
23771,68,"Veges"
15374,68,"Veges"
15420,68,"Veges"
15421,68,"Veges"
15459,68,"Veges"
15460,68,"Veges"
15461,68,"Veges"
15465,68,"Veges"
15226,68,"Veges"
15227,68,"Veges"
23501,68,"Veges"
23502,68,"Veges"
23503,68,"Veges"
23509,68,"Veges"
23510,68,"Veges"
27819,68,"Veges"
27822,68,"Veges"
28049,68,"Veges"
28050,68,"Veges"
28051,68,"Veges"
28054,68,"Veges"
27842,68,"Veges"
15153,68,"Veges"
23553,68,"Veges"
23556,68,"Veges"
23557,68,"Veges"
23558,68,"Veges"
23571,68,"Veges"
23573,68,"Veges"
23574,68,"Veges"
23576,68,"Veges"
16915,68,"Veges"
16657,68,"Veges"
16658,68,"Veges"
16659,68,"Veges"
16949,68,"Veges"
16950,68,"Veges"
16951,68,"Veges"
16952,68,"Veges"
16953,68,"Veges"
16654,68,"Veges"
16656,68,"Veges"
16954,68,"Veges"
16955,68,"Veges"
16956,68,"Veges"
16957,68,"Veges"
16958,68,"Veges"
16959,68,"Veges"
16961,68,"Veges"
16963,68,"Veges"
16713,68,"Veges"
16714,68,"Veges"
23600,68,"Veges"
23655,68,"Veges"
23661,68,"Veges"
23662,68,"Veges"
23663,68,"Veges"
23664,68,"Veges"
23666,68,"Veges"
23670,68,"Veges"
23671,68,"Veges"
23698,68,"Veges"
23699,68,"Veges"
23703,68,"Veges"
23704,68,"Veges"
23705,68,"Veges"
23707,68,"Veges"
23708,68,"Veges"
23709,68,"Veges"
23716,68,"Veges"
23718,68,"Veges"
23719,68,"Veges"
23720,68,"Veges"
23721,68,"Veges"
23722,68,"Veges"
23723,68,"Veges"
23724,68,"Veges"
23725,68,"Veges"
23726,68,"Veges"
23727,68,"Veges"
23728,68,"Veges"
23729,68,"Veges"
23730,68,"Veges"
23731,68,"Veges"
23732,68,"Veges"
23733,68,"Veges"
23734,68,"Veges"
23736,68,"Veges"
23737,68,"Veges"
23739,68,"Veges"
23740,68,"Veges"
23741,68,"Veges"
23810,68,"Veges"
28871,68,"Veges"
28875,68,"Veges"
28876,68,"Veges"
28877,68,"Veges"
22153,68,"Veges"
22155,68,"Veges"
22157,68,"Veges"
22164,68,"Veges"
23799,68,"Veges"
15299,68,"Veges"
15301,68,"Veges"
16886,68,"Veges"
29405,68,"Veges"
16919,68,"Veges"
16922,68,"Veges"
16925,68,"Veges"
16927,68,"Veges"
16674,68,"Veges"
15106,68,"Veges"
15108,68,"Veges"
15110,68,"Veges"
15111,68,"Veges"
14866,68,"Veges"
15117,68,"Veges"
15118,68,"Veges"
15119,68,"Veges"
14873,68,"Veges"
14874,68,"Veges"
15122,68,"Veges"
15123,68,"Veges"
15124,68,"Veges"
15125,68,"Veges"
15126,68,"Veges"
15127,68,"Veges"
15128,68,"Veges"
15129,68,"Veges"
15130,68,"Veges"
14876,68,"Veges"
15131,68,"Veges"
15135,68,"Veges"
15136,68,"Veges"
15137,68,"Veges"
15139,68,"Veges"
15140,68,"Veges"
15141,68,"Veges"
15292,68,"Veges"
15293,68,"Veges"
14884,68,"Veges"
14885,68,"Veges"
15297,68,"Veges"
15295,68,"Veges"
15296,68,"Veges"
14870,68,"Veges"
14872,68,"Veges"
15121,68,"Veges"
21623,68,"Veges"
21624,68,"Veges"
21401,68,"Veges"
21402,68,"Veges"
28124,68,"Veges"
28125,68,"Veges"
28126,68,"Veges"
27880,68,"Veges"
27881,68,"Veges"
27885,68,"Veges"
27886,68,"Veges"
16644,68,"Veges"
16876,68,"Veges"
16877,68,"Veges"
16878,68,"Veges"
16879,68,"Veges"
16880,68,"Veges"
16891,68,"Veges"
16892,68,"Veges"
16894,68,"Veges"
16940,68,"Veges"
16941,68,"Veges"
16660,68,"Veges"
16946,68,"Veges"
16666,68,"Veges"
16938,68,"Veges"
16939,68,"Veges"
16945,68,"Veges"
27892,68,"Veges"
27979,68,"Veges"
27894,68,"Veges"
28185,68,"Veges"
27847,68,"Veges"
27859,68,"Veges"
27860,68,"Veges"
28100,68,"Veges"
27876,68,"Veges"
27891,68,"Veges"
27888,68,"Veges"
27889,68,"Veges"
12144,68,"Veges"
12145,68,"Veges"
12146,68,"Veges"
12147,68,"Veges"
12148,68,"Veges"
12149,68,"Veges"
12150,68,"Veges"
12152,68,"Veges"
12153,68,"Veges"
12154,68,"Veges"
12155,68,"Veges"
11971,68,"Veges"
11972,68,"Veges"
11973,68,"Veges"
11974,68,"Veges"
11975,68,"Veges"
11976,68,"Veges"
11977,68,"Veges"
11978,68,"Veges"
11980,68,"Veges"
12235,68,"Veges"
12236,68,"Veges"
12237,68,"Veges"
28076,68,"Veges"
28077,68,"Veges"
28078,68,"Veges"
28084,68,"Veges"
28092,68,"Veges"
28103,68,"Veges"
28104,68,"Veges"
28105,68,"Veges"
27975,68,"Veges"
27849,68,"Veges"
27850,68,"Veges"
27851,68,"Veges"
27856,68,"Veges"
27857,68,"Veges"
27861,68,"Veges"
27862,68,"Veges"
27864,68,"Veges"
28093,68,"Veges"
28094,68,"Veges"
28095,68,"Veges"
28096,68,"Veges"
28097,68,"Veges"
27866,68,"Veges"
27874,68,"Veges"
27877,68,"Veges"
28101,68,"Veges"
28122,68,"Veges"
11944,68,"Veges"
28112,68,"Veges"
28113,68,"Veges"
28115,68,"Veges"
28116,68,"Veges"
28117,68,"Veges"
28118,68,"Veges"
15344,68,"Veges"
15347,68,"Veges"
15348,68,"Veges"
15349,68,"Veges"
15350,68,"Veges"
15351,68,"Veges"
15354,68,"Veges"
27917,68,"Veges"
12151,68,"Veges"
12226,68,"Veges"
12227,68,"Veges"
12228,68,"Veges"
12229,68,"Veges"
27945,68,"Veges"
12254,68,"Veges"
11964,68,"Veges"
11965,68,"Veges"
28160,68,"Veges"
27919,68,"Veges"
27920,68,"Veges"
27921,68,"Veges"
28161,68,"Veges"
28162,68,"Veges"
28163,68,"Veges"
28164,68,"Veges"
28165,68,"Veges"
28166,68,"Veges"
28167,68,"Veges"
28168,68,"Veges"
28169,68,"Veges"
27930,68,"Veges"
28180,68,"Veges"
28181,68,"Veges"
28332,68,"Veges"
28333,68,"Veges"
28334,68,"Veges"
28335,68,"Veges"
27941,68,"Veges"
27944,68,"Veges"
27946,68,"Veges"
28204,68,"Veges"
28355,68,"Veges"
28356,68,"Veges"
28357,68,"Veges"
28365,68,"Veges"
11913,68,"Veges"
11943,68,"Veges"
12230,68,"Veges"
