"gate_source","gate_target","produce"
99,74,"Forestry"
103,74,"Forestry"
104,74,"Forestry"
15481,74,"Forestry"
112,74,"Forestry"
111,74,"Forestry"
127,74,"Forestry"
7897,74,"Forestry"
7905,74,"Forestry"
7899,74,"Forestry"
7292,74,"Forestry"
7287,74,"Forestry"
15501,74,"Forestry"
7288,74,"Forestry"
7877,74,"Forestry"
7296,74,"Forestry"
7916,74,"Forestry"
7860,74,"Forestry"
7892,74,"Forestry"
7884,74,"Forestry"
7871,74,"Forestry"
7261,74,"Forestry"
7263,74,"Forestry"
7264,74,"Forestry"
7299,74,"Forestry"
7300,74,"Forestry"
11621,74,"Forestry"
7873,74,"Forestry"
7260,74,"Forestry"
7302,74,"Forestry"
7876,74,"Forestry"
7875,74,"Forestry"
15999,74,"Forestry"
15251,74,"Forestry"
15518,74,"Forestry"
15509,74,"Forestry"
15847,74,"Forestry"
15515,74,"Forestry"
22836,74,"Forestry"
22575,74,"Forestry"
22811,74,"Forestry"
22620,74,"Forestry"
22840,74,"Forestry"
15482,74,"Forestry"
15573,74,"Forestry"
7926,74,"Forestry"
7330,74,"Forestry"
7910,74,"Forestry"
16835,74,"Forestry"
7304,74,"Forestry"
4210,74,"Forestry"
7294,74,"Forestry"
7909,74,"Forestry"
15237,74,"Forestry"
7036,74,"Forestry"
16740,74,"Forestry"
16746,74,"Forestry"
16750,74,"Forestry"
17022,74,"Forestry"
17012,74,"Forestry"
6813,74,"Forestry"
2903,74,"Forestry"
2901,74,"Forestry"
2908,74,"Forestry"
12083,74,"Forestry"
12079,74,"Forestry"
12084,74,"Forestry"
12086,74,"Forestry"
11848,74,"Forestry"
12108,74,"Forestry"
7848,74,"Forestry"
16784,74,"Forestry"
17063,74,"Forestry"
17056,74,"Forestry"
16786,74,"Forestry"
16807,74,"Forestry"
15253,74,"Forestry"
15255,74,"Forestry"
15520,74,"Forestry"
17048,74,"Forestry"
17051,74,"Forestry"
15993,74,"Forestry"
15992,74,"Forestry"
16761,74,"Forestry"
16763,74,"Forestry"
16770,74,"Forestry"
16771,74,"Forestry"
16775,74,"Forestry"
16768,74,"Forestry"
17041,74,"Forestry"
17039,74,"Forestry"
4441,74,"Forestry"
2782,74,"Forestry"
2781,74,"Forestry"
2789,74,"Forestry"
2787,74,"Forestry"
17804,74,"Forestry"
17806,74,"Forestry"
17585,74,"Forestry"
17562,74,"Forestry"
17576,74,"Forestry"
17577,74,"Forestry"
17578,74,"Forestry"
17798,74,"Forestry"
17799,74,"Forestry"
17803,74,"Forestry"
17808,74,"Forestry"
17581,74,"Forestry"
17582,74,"Forestry"
17584,74,"Forestry"
17586,74,"Forestry"
17587,74,"Forestry"
17589,74,"Forestry"
15697,74,"Forestry"
15720,74,"Forestry"
17042,74,"Forestry"
12510,74,"Forestry"
16819,74,"Forestry"
16744,74,"Forestry"
16745,74,"Forestry"
16996,74,"Forestry"
16752,74,"Forestry"
17015,74,"Forestry"
17017,74,"Forestry"
17019,74,"Forestry"
15741,74,"Forestry"
15770,74,"Forestry"
15761,74,"Forestry"
15822,74,"Forestry"
13220,74,"Forestry"
16998,74,"Forestry"
16999,74,"Forestry"
15235,74,"Forestry"
15472,74,"Forestry"
15473,74,"Forestry"
15474,74,"Forestry"
15479,74,"Forestry"
15242,74,"Forestry"
15574,74,"Forestry"
17072,74,"Forestry"
17076,74,"Forestry"
17079,74,"Forestry"
15478,74,"Forestry"
17080,74,"Forestry"
15476,74,"Forestry"
15485,74,"Forestry"
15246,74,"Forestry"
15259,74,"Forestry"
17065,74,"Forestry"
17069,74,"Forestry"
16837,74,"Forestry"
17038,74,"Forestry"
17070,74,"Forestry"
17071,74,"Forestry"
17073,74,"Forestry"
17074,74,"Forestry"
16818,74,"Forestry"
15236,74,"Forestry"
15238,74,"Forestry"
15483,74,"Forestry"
16822,74,"Forestry"
16825,74,"Forestry"
16829,74,"Forestry"
13218,74,"Forestry"
13222,74,"Forestry"
13223,74,"Forestry"
13226,74,"Forestry"
15760,74,"Forestry"
13219,74,"Forestry"
15698,74,"Forestry"
15699,74,"Forestry"
15700,74,"Forestry"
15687,74,"Forestry"
15688,74,"Forestry"
15690,74,"Forestry"
15691,74,"Forestry"
15692,74,"Forestry"
15695,74,"Forestry"
15657,74,"Forestry"
15661,74,"Forestry"
15672,74,"Forestry"
15523,74,"Forestry"
15500,74,"Forestry"
15499,74,"Forestry"
15756,74,"Forestry"
17009,74,"Forestry"
16990,74,"Forestry"
16991,74,"Forestry"
16014,74,"Forestry"
15752,74,"Forestry"
12538,74,"Forestry"
21816,74,"Forestry"
15708,74,"Forestry"
15707,74,"Forestry"
15709,74,"Forestry"
15704,74,"Forestry"
15705,74,"Forestry"
126,74,"Forestry"
99,84,"Forestry"
103,84,"Forestry"
104,84,"Forestry"
15481,84,"Forestry"
112,84,"Forestry"
111,84,"Forestry"
127,84,"Forestry"
7897,84,"Forestry"
7905,84,"Forestry"
7899,84,"Forestry"
7292,84,"Forestry"
7287,84,"Forestry"
15501,84,"Forestry"
7288,84,"Forestry"
7877,84,"Forestry"
7296,84,"Forestry"
7916,84,"Forestry"
7860,84,"Forestry"
7892,84,"Forestry"
7884,84,"Forestry"
7871,84,"Forestry"
7261,84,"Forestry"
7263,84,"Forestry"
7264,84,"Forestry"
7299,84,"Forestry"
7300,84,"Forestry"
11621,84,"Forestry"
7873,84,"Forestry"
7260,84,"Forestry"
7302,84,"Forestry"
7876,84,"Forestry"
7875,84,"Forestry"
15999,84,"Forestry"
15251,84,"Forestry"
15518,84,"Forestry"
15509,84,"Forestry"
15847,84,"Forestry"
15515,84,"Forestry"
22836,84,"Forestry"
22575,84,"Forestry"
22811,84,"Forestry"
22620,84,"Forestry"
22840,84,"Forestry"
15482,84,"Forestry"
15573,84,"Forestry"
7926,84,"Forestry"
7330,84,"Forestry"
7910,84,"Forestry"
16835,84,"Forestry"
7304,84,"Forestry"
4210,84,"Forestry"
7294,84,"Forestry"
7909,84,"Forestry"
15237,84,"Forestry"
7036,84,"Forestry"
16740,84,"Forestry"
16746,84,"Forestry"
16750,84,"Forestry"
17022,84,"Forestry"
17012,84,"Forestry"
6813,84,"Forestry"
2903,84,"Forestry"
2901,84,"Forestry"
2908,84,"Forestry"
12083,84,"Forestry"
12079,84,"Forestry"
12084,84,"Forestry"
12086,84,"Forestry"
11848,84,"Forestry"
12108,84,"Forestry"
7848,84,"Forestry"
16784,84,"Forestry"
17063,84,"Forestry"
17056,84,"Forestry"
16786,84,"Forestry"
16807,84,"Forestry"
15253,84,"Forestry"
15255,84,"Forestry"
15520,84,"Forestry"
17048,84,"Forestry"
17051,84,"Forestry"
15993,84,"Forestry"
15992,84,"Forestry"
16761,84,"Forestry"
16763,84,"Forestry"
16770,84,"Forestry"
16771,84,"Forestry"
16775,84,"Forestry"
16768,84,"Forestry"
17041,84,"Forestry"
17039,84,"Forestry"
4441,84,"Forestry"
2782,84,"Forestry"
2781,84,"Forestry"
2789,84,"Forestry"
2787,84,"Forestry"
17804,84,"Forestry"
17806,84,"Forestry"
17585,84,"Forestry"
17562,84,"Forestry"
17576,84,"Forestry"
17577,84,"Forestry"
17578,84,"Forestry"
17798,84,"Forestry"
17799,84,"Forestry"
17803,84,"Forestry"
17808,84,"Forestry"
17581,84,"Forestry"
17582,84,"Forestry"
17584,84,"Forestry"
17586,84,"Forestry"
17587,84,"Forestry"
17589,84,"Forestry"
15697,84,"Forestry"
15720,84,"Forestry"
17042,84,"Forestry"
12510,84,"Forestry"
16819,84,"Forestry"
16744,84,"Forestry"
16745,84,"Forestry"
16996,84,"Forestry"
16752,84,"Forestry"
17015,84,"Forestry"
17017,84,"Forestry"
17019,84,"Forestry"
15741,84,"Forestry"
15770,84,"Forestry"
15761,84,"Forestry"
15822,84,"Forestry"
13220,84,"Forestry"
16998,84,"Forestry"
16999,84,"Forestry"
15235,84,"Forestry"
15472,84,"Forestry"
15473,84,"Forestry"
15474,84,"Forestry"
15479,84,"Forestry"
15242,84,"Forestry"
15574,84,"Forestry"
17072,84,"Forestry"
17076,84,"Forestry"
17079,84,"Forestry"
15478,84,"Forestry"
17080,84,"Forestry"
15476,84,"Forestry"
15485,84,"Forestry"
15246,84,"Forestry"
15259,84,"Forestry"
17065,84,"Forestry"
17069,84,"Forestry"
16837,84,"Forestry"
17038,84,"Forestry"
17070,84,"Forestry"
17071,84,"Forestry"
17073,84,"Forestry"
17074,84,"Forestry"
16818,84,"Forestry"
15236,84,"Forestry"
15238,84,"Forestry"
15483,84,"Forestry"
16822,84,"Forestry"
16825,84,"Forestry"
16829,84,"Forestry"
13218,84,"Forestry"
13222,84,"Forestry"
13223,84,"Forestry"
13226,84,"Forestry"
15760,84,"Forestry"
13219,84,"Forestry"
15698,84,"Forestry"
15699,84,"Forestry"
15700,84,"Forestry"
15687,84,"Forestry"
15688,84,"Forestry"
15690,84,"Forestry"
15691,84,"Forestry"
15692,84,"Forestry"
15695,84,"Forestry"
15657,84,"Forestry"
15661,84,"Forestry"
15672,84,"Forestry"
15523,84,"Forestry"
15500,84,"Forestry"
15499,84,"Forestry"
15756,84,"Forestry"
17009,84,"Forestry"
16990,84,"Forestry"
16991,84,"Forestry"
16014,84,"Forestry"
15752,84,"Forestry"
12538,84,"Forestry"
21816,84,"Forestry"
15708,84,"Forestry"
15707,84,"Forestry"
15709,84,"Forestry"
15704,84,"Forestry"
15705,84,"Forestry"
126,84,"Forestry"
3022,83,"Dairy"
3013,83,"Dairy"
4660,83,"Dairy"
4410,83,"Dairy"
3024,83,"Dairy"
3012,83,"Dairy"
3015,83,"Dairy"
3016,83,"Dairy"
3019,83,"Dairy"
3020,83,"Dairy"
2823,83,"Dairy"
2539,83,"Dairy"
2799,83,"Dairy"
2538,83,"Dairy"
3013,82,"Beef"
4410,82,"Beef"
2539,82,"Beef"
2799,82,"Beef"
3013,66,"Beef"
4410,66,"Beef"
2539,66,"Beef"
2799,66,"Beef"
3013,65,"Beef"
4410,65,"Beef"
3024,65,"Beef"
2539,65,"Beef"
2799,65,"Beef"
103,66,"Sheepmeat"
99,66,"Sheepmeat"
15481,66,"Sheepmeat"
104,66,"Sheepmeat"
107,66,"Sheepmeat"
112,66,"Sheepmeat"
126,66,"Sheepmeat"
105,66,"Sheepmeat"
109,66,"Sheepmeat"
127,66,"Sheepmeat"
16764,66,"Sheepmeat"
4662,66,"Sheepmeat"
2977,66,"Sheepmeat"
4404,66,"Sheepmeat"
4393,66,"Sheepmeat"
4405,66,"Sheepmeat"
4657,66,"Sheepmeat"
4658,66,"Sheepmeat"
4659,66,"Sheepmeat"
3053,66,"Sheepmeat"
4418,66,"Sheepmeat"
4419,66,"Sheepmeat"
4423,66,"Sheepmeat"
2998,66,"Sheepmeat"
3044,66,"Sheepmeat"
4653,66,"Sheepmeat"
3024,66,"Sheepmeat"
2993,66,"Sheepmeat"
7897,66,"Sheepmeat"
7899,66,"Sheepmeat"
15237,66,"Sheepmeat"
15483,66,"Sheepmeat"
7905,66,"Sheepmeat"
7288,66,"Sheepmeat"
7898,66,"Sheepmeat"
7290,66,"Sheepmeat"
7291,66,"Sheepmeat"
7292,66,"Sheepmeat"
7909,66,"Sheepmeat"
7877,66,"Sheepmeat"
7289,66,"Sheepmeat"
7896,66,"Sheepmeat"
7287,66,"Sheepmeat"
15501,66,"Sheepmeat"
7876,66,"Sheepmeat"
15238,66,"Sheepmeat"
15499,66,"Sheepmeat"
15500,66,"Sheepmeat"
15502,66,"Sheepmeat"
15503,66,"Sheepmeat"
4656,66,"Sheepmeat"
4420,66,"Sheepmeat"
7886,66,"Sheepmeat"
7276,66,"Sheepmeat"
7277,66,"Sheepmeat"
15249,66,"Sheepmeat"
7296,66,"Sheepmeat"
7297,66,"Sheepmeat"
7910,66,"Sheepmeat"
7912,66,"Sheepmeat"
7263,66,"Sheepmeat"
7911,66,"Sheepmeat"
7858,66,"Sheepmeat"
7881,66,"Sheepmeat"
7888,66,"Sheepmeat"
7890,66,"Sheepmeat"
7283,66,"Sheepmeat"
7894,66,"Sheepmeat"
7285,66,"Sheepmeat"
7286,66,"Sheepmeat"
7893,66,"Sheepmeat"
7895,66,"Sheepmeat"
15998,66,"Sheepmeat"
7884,66,"Sheepmeat"
7284,66,"Sheepmeat"
15999,66,"Sheepmeat"
16000,66,"Sheepmeat"
16001,66,"Sheepmeat"
16004,66,"Sheepmeat"
7891,66,"Sheepmeat"
7261,66,"Sheepmeat"
7264,66,"Sheepmeat"
7265,66,"Sheepmeat"
7857,66,"Sheepmeat"
11621,66,"Sheepmeat"
22835,66,"Sheepmeat"
7853,66,"Sheepmeat"
7854,66,"Sheepmeat"
7863,66,"Sheepmeat"
7864,66,"Sheepmeat"
7868,66,"Sheepmeat"
7269,66,"Sheepmeat"
7880,66,"Sheepmeat"
7866,66,"Sheepmeat"
7869,66,"Sheepmeat"
7259,66,"Sheepmeat"
7302,66,"Sheepmeat"
7918,66,"Sheepmeat"
7852,66,"Sheepmeat"
7870,66,"Sheepmeat"
7873,66,"Sheepmeat"
15248,66,"Sheepmeat"
15251,66,"Sheepmeat"
15508,66,"Sheepmeat"
15515,66,"Sheepmeat"
15519,66,"Sheepmeat"
15252,66,"Sheepmeat"
15253,66,"Sheepmeat"
7260,66,"Sheepmeat"
7267,66,"Sheepmeat"
7272,66,"Sheepmeat"
7885,66,"Sheepmeat"
16006,66,"Sheepmeat"
7859,66,"Sheepmeat"
7860,66,"Sheepmeat"
7861,66,"Sheepmeat"
7356,66,"Sheepmeat"
7862,66,"Sheepmeat"
7867,66,"Sheepmeat"
7274,66,"Sheepmeat"
7889,66,"Sheepmeat"
7275,66,"Sheepmeat"
7273,66,"Sheepmeat"
7361,66,"Sheepmeat"
11902,66,"Sheepmeat"
16003,66,"Sheepmeat"
16011,66,"Sheepmeat"
16007,66,"Sheepmeat"
22279,66,"Sheepmeat"
16010,66,"Sheepmeat"
15826,66,"Sheepmeat"
15516,66,"Sheepmeat"
22536,66,"Sheepmeat"
22537,66,"Sheepmeat"
22280,66,"Sheepmeat"
22281,66,"Sheepmeat"
22709,66,"Sheepmeat"
22828,66,"Sheepmeat"
22829,66,"Sheepmeat"
22590,66,"Sheepmeat"
22614,66,"Sheepmeat"
22538,66,"Sheepmeat"
22539,66,"Sheepmeat"
22717,66,"Sheepmeat"
22731,66,"Sheepmeat"
11874,66,"Sheepmeat"
22836,66,"Sheepmeat"
22802,66,"Sheepmeat"
22803,66,"Sheepmeat"
22789,66,"Sheepmeat"
22807,66,"Sheepmeat"
22574,66,"Sheepmeat"
22575,66,"Sheepmeat"
22578,66,"Sheepmeat"
22579,66,"Sheepmeat"
22580,66,"Sheepmeat"
22581,66,"Sheepmeat"
22582,66,"Sheepmeat"
22583,66,"Sheepmeat"
22584,66,"Sheepmeat"
22594,66,"Sheepmeat"
22598,66,"Sheepmeat"
22620,66,"Sheepmeat"
22576,66,"Sheepmeat"
22577,66,"Sheepmeat"
22607,66,"Sheepmeat"
22831,66,"Sheepmeat"
16002,66,"Sheepmeat"
16005,66,"Sheepmeat"
16008,66,"Sheepmeat"
16009,66,"Sheepmeat"
22495,66,"Sheepmeat"
22534,66,"Sheepmeat"
22535,66,"Sheepmeat"
22540,66,"Sheepmeat"
14082,66,"Sheepmeat"
22840,66,"Sheepmeat"
22741,66,"Sheepmeat"
14096,66,"Sheepmeat"
22742,66,"Sheepmeat"
22822,66,"Sheepmeat"
14087,66,"Sheepmeat"
14193,66,"Sheepmeat"
17721,66,"Sheepmeat"
17722,66,"Sheepmeat"
17723,66,"Sheepmeat"
12375,66,"Sheepmeat"
12376,66,"Sheepmeat"
17818,66,"Sheepmeat"
7882,66,"Sheepmeat"
7883,66,"Sheepmeat"
7254,66,"Sheepmeat"
7255,66,"Sheepmeat"
7926,66,"Sheepmeat"
7923,66,"Sheepmeat"
7927,66,"Sheepmeat"
7311,66,"Sheepmeat"
7920,66,"Sheepmeat"
7312,66,"Sheepmeat"
7328,66,"Sheepmeat"
7330,66,"Sheepmeat"
7329,66,"Sheepmeat"
7252,66,"Sheepmeat"
2810,66,"Sheepmeat"
2813,66,"Sheepmeat"
2815,66,"Sheepmeat"
7251,66,"Sheepmeat"
2814,66,"Sheepmeat"
2838,66,"Sheepmeat"
2811,66,"Sheepmeat"
2855,66,"Sheepmeat"
2859,66,"Sheepmeat"
3009,66,"Sheepmeat"
108,66,"Sheepmeat"
110,66,"Sheepmeat"
16773,66,"Sheepmeat"
16774,66,"Sheepmeat"
16775,66,"Sheepmeat"
17076,66,"Sheepmeat"
16833,66,"Sheepmeat"
17083,66,"Sheepmeat"
16836,66,"Sheepmeat"
15232,66,"Sheepmeat"
15472,66,"Sheepmeat"
7304,66,"Sheepmeat"
7303,66,"Sheepmeat"
7258,66,"Sheepmeat"
7851,66,"Sheepmeat"
7865,66,"Sheepmeat"
2588,66,"Sheepmeat"
2590,66,"Sheepmeat"
2592,66,"Sheepmeat"
2593,66,"Sheepmeat"
2596,66,"Sheepmeat"
2556,66,"Sheepmeat"
2557,66,"Sheepmeat"
2562,66,"Sheepmeat"
2585,66,"Sheepmeat"
2587,66,"Sheepmeat"
2589,66,"Sheepmeat"
4210,66,"Sheepmeat"
2597,66,"Sheepmeat"
2598,66,"Sheepmeat"
2600,66,"Sheepmeat"
2612,66,"Sheepmeat"
2765,66,"Sheepmeat"
4339,66,"Sheepmeat"
4340,66,"Sheepmeat"
4351,66,"Sheepmeat"
4616,66,"Sheepmeat"
4617,66,"Sheepmeat"
4357,66,"Sheepmeat"
7907,66,"Sheepmeat"
4634,66,"Sheepmeat"
4635,66,"Sheepmeat"
2827,66,"Sheepmeat"
2826,66,"Sheepmeat"
2907,66,"Sheepmeat"
2828,66,"Sheepmeat"
2573,66,"Sheepmeat"
7908,66,"Sheepmeat"
4636,66,"Sheepmeat"
4637,66,"Sheepmeat"
4638,66,"Sheepmeat"
2832,66,"Sheepmeat"
2835,66,"Sheepmeat"
2834,66,"Sheepmeat"
4707,66,"Sheepmeat"
4639,66,"Sheepmeat"
4640,66,"Sheepmeat"
3032,66,"Sheepmeat"
4708,66,"Sheepmeat"
4709,66,"Sheepmeat"
3008,66,"Sheepmeat"
3010,66,"Sheepmeat"
2836,66,"Sheepmeat"
2876,66,"Sheepmeat"
2906,66,"Sheepmeat"
2905,66,"Sheepmeat"
2607,66,"Sheepmeat"
2610,66,"Sheepmeat"
2839,66,"Sheepmeat"
2837,66,"Sheepmeat"
2829,66,"Sheepmeat"
2830,66,"Sheepmeat"
7294,66,"Sheepmeat"
7253,66,"Sheepmeat"
2867,66,"Sheepmeat"
2875,66,"Sheepmeat"
7900,66,"Sheepmeat"
7903,66,"Sheepmeat"
7902,66,"Sheepmeat"
17012,66,"Sheepmeat"
2868,66,"Sheepmeat"
2874,66,"Sheepmeat"
11809,66,"Sheepmeat"
2869,66,"Sheepmeat"
2877,66,"Sheepmeat"
2872,66,"Sheepmeat"
2882,66,"Sheepmeat"
2873,66,"Sheepmeat"
2878,66,"Sheepmeat"
2901,66,"Sheepmeat"
2903,66,"Sheepmeat"
2879,66,"Sheepmeat"
2881,66,"Sheepmeat"
2912,66,"Sheepmeat"
2915,66,"Sheepmeat"
2911,66,"Sheepmeat"
11622,66,"Sheepmeat"
12075,66,"Sheepmeat"
12084,66,"Sheepmeat"
12088,66,"Sheepmeat"
12089,66,"Sheepmeat"
12077,66,"Sheepmeat"
12085,66,"Sheepmeat"
12090,66,"Sheepmeat"
12086,66,"Sheepmeat"
11848,66,"Sheepmeat"
11849,66,"Sheepmeat"
12108,66,"Sheepmeat"
12109,66,"Sheepmeat"
12110,66,"Sheepmeat"
11891,66,"Sheepmeat"
12116,66,"Sheepmeat"
11847,66,"Sheepmeat"
12078,66,"Sheepmeat"
12079,66,"Sheepmeat"
11810,66,"Sheepmeat"
11591,66,"Sheepmeat"
11818,66,"Sheepmeat"
11839,66,"Sheepmeat"
7848,66,"Sheepmeat"
11840,66,"Sheepmeat"
11841,66,"Sheepmeat"
11842,66,"Sheepmeat"
7332,66,"Sheepmeat"
11846,66,"Sheepmeat"
7933,66,"Sheepmeat"
7935,66,"Sheepmeat"
11590,66,"Sheepmeat"
11592,66,"Sheepmeat"
11593,66,"Sheepmeat"
11596,66,"Sheepmeat"
11813,66,"Sheepmeat"
11814,66,"Sheepmeat"
11815,66,"Sheepmeat"
7940,66,"Sheepmeat"
12129,66,"Sheepmeat"
11909,66,"Sheepmeat"
11837,66,"Sheepmeat"
11838,66,"Sheepmeat"
11845,66,"Sheepmeat"
16740,66,"Sheepmeat"
16784,66,"Sheepmeat"
17056,66,"Sheepmeat"
17063,66,"Sheepmeat"
17048,66,"Sheepmeat"
17049,66,"Sheepmeat"
17054,66,"Sheepmeat"
17055,66,"Sheepmeat"
17062,66,"Sheepmeat"
16801,66,"Sheepmeat"
16802,66,"Sheepmeat"
15523,66,"Sheepmeat"
15526,66,"Sheepmeat"
16786,66,"Sheepmeat"
16787,66,"Sheepmeat"
16788,66,"Sheepmeat"
17057,66,"Sheepmeat"
16803,66,"Sheepmeat"
16804,66,"Sheepmeat"
16806,66,"Sheepmeat"
16807,66,"Sheepmeat"
15255,66,"Sheepmeat"
15520,66,"Sheepmeat"
15822,66,"Sheepmeat"
15992,66,"Sheepmeat"
15993,66,"Sheepmeat"
17560,66,"Sheepmeat"
15824,66,"Sheepmeat"
15568,66,"Sheepmeat"
15823,66,"Sheepmeat"
15991,66,"Sheepmeat"
17051,66,"Sheepmeat"
17053,66,"Sheepmeat"
16794,66,"Sheepmeat"
16036,66,"Sheepmeat"
16038,66,"Sheepmeat"
16041,66,"Sheepmeat"
16030,66,"Sheepmeat"
15997,66,"Sheepmeat"
15838,66,"Sheepmeat"
16032,66,"Sheepmeat"
13704,66,"Sheepmeat"
15994,66,"Sheepmeat"
15995,66,"Sheepmeat"
15996,66,"Sheepmeat"
17058,66,"Sheepmeat"
15577,66,"Sheepmeat"
15578,66,"Sheepmeat"
22268,66,"Sheepmeat"
16045,66,"Sheepmeat"
16796,66,"Sheepmeat"
16798,66,"Sheepmeat"
16800,66,"Sheepmeat"
16799,66,"Sheepmeat"
15837,66,"Sheepmeat"
16033,66,"Sheepmeat"
16042,66,"Sheepmeat"
22262,66,"Sheepmeat"
16037,66,"Sheepmeat"
17052,66,"Sheepmeat"
17039,66,"Sheepmeat"
4630,66,"Sheepmeat"
4396,66,"Sheepmeat"
4629,66,"Sheepmeat"
4627,66,"Sheepmeat"
4612,66,"Sheepmeat"
4397,66,"Sheepmeat"
4398,66,"Sheepmeat"
4648,66,"Sheepmeat"
4647,66,"Sheepmeat"
4211,66,"Sheepmeat"
4212,66,"Sheepmeat"
2606,66,"Sheepmeat"
2609,66,"Sheepmeat"
4213,66,"Sheepmeat"
4603,66,"Sheepmeat"
4606,66,"Sheepmeat"
2604,66,"Sheepmeat"
2605,66,"Sheepmeat"
2551,66,"Sheepmeat"
2785,66,"Sheepmeat"
2608,66,"Sheepmeat"
4641,66,"Sheepmeat"
4358,66,"Sheepmeat"
4706,66,"Sheepmeat"
4448,66,"Sheepmeat"
2778,66,"Sheepmeat"
4611,66,"Sheepmeat"
2554,66,"Sheepmeat"
2555,66,"Sheepmeat"
4620,66,"Sheepmeat"
4621,66,"Sheepmeat"
4622,66,"Sheepmeat"
4624,66,"Sheepmeat"
2553,66,"Sheepmeat"
2602,66,"Sheepmeat"
2603,66,"Sheepmeat"
2565,66,"Sheepmeat"
2559,66,"Sheepmeat"
2567,66,"Sheepmeat"
2568,66,"Sheepmeat"
2560,66,"Sheepmeat"
2569,66,"Sheepmeat"
2571,66,"Sheepmeat"
2570,66,"Sheepmeat"
7913,66,"Sheepmeat"
7305,66,"Sheepmeat"
7916,66,"Sheepmeat"
7313,66,"Sheepmeat"
7322,66,"Sheepmeat"
7321,66,"Sheepmeat"
7318,66,"Sheepmeat"
7314,66,"Sheepmeat"
7315,66,"Sheepmeat"
7931,66,"Sheepmeat"
7319,66,"Sheepmeat"
7320,66,"Sheepmeat"
2537,66,"Sheepmeat"
2547,66,"Sheepmeat"
2561,66,"Sheepmeat"
2564,66,"Sheepmeat"
2566,66,"Sheepmeat"
2572,66,"Sheepmeat"
2578,66,"Sheepmeat"
2582,66,"Sheepmeat"
2689,66,"Sheepmeat"
2703,66,"Sheepmeat"
2544,66,"Sheepmeat"
2540,66,"Sheepmeat"
2541,66,"Sheepmeat"
2542,66,"Sheepmeat"
2543,66,"Sheepmeat"
2545,66,"Sheepmeat"
2550,66,"Sheepmeat"
4250,66,"Sheepmeat"
7317,66,"Sheepmeat"
2792,66,"Sheepmeat"
2538,66,"Sheepmeat"
2548,66,"Sheepmeat"
2637,66,"Sheepmeat"
2601,66,"Sheepmeat"
2734,66,"Sheepmeat"
2736,66,"Sheepmeat"
2740,66,"Sheepmeat"
4677,66,"Sheepmeat"
4215,66,"Sheepmeat"
2742,66,"Sheepmeat"
2743,66,"Sheepmeat"
2744,66,"Sheepmeat"
2754,66,"Sheepmeat"
2761,66,"Sheepmeat"
2762,66,"Sheepmeat"
4341,66,"Sheepmeat"
4217,66,"Sheepmeat"
4218,66,"Sheepmeat"
4219,66,"Sheepmeat"
4220,66,"Sheepmeat"
4613,66,"Sheepmeat"
4345,66,"Sheepmeat"
4348,66,"Sheepmeat"
4349,66,"Sheepmeat"
4350,66,"Sheepmeat"
4626,66,"Sheepmeat"
4399,66,"Sheepmeat"
2549,66,"Sheepmeat"
4649,66,"Sheepmeat"
4631,66,"Sheepmeat"
4361,66,"Sheepmeat"
4364,66,"Sheepmeat"
4369,66,"Sheepmeat"
4370,66,"Sheepmeat"
4375,66,"Sheepmeat"
4376,66,"Sheepmeat"
4377,66,"Sheepmeat"
4642,66,"Sheepmeat"
4646,66,"Sheepmeat"
4395,66,"Sheepmeat"
4236,66,"Sheepmeat"
4549,66,"Sheepmeat"
4401,66,"Sheepmeat"
4650,66,"Sheepmeat"
4651,66,"Sheepmeat"
4652,66,"Sheepmeat"
17559,66,"Sheepmeat"
17579,66,"Sheepmeat"
17804,66,"Sheepmeat"
17805,66,"Sheepmeat"
17587,66,"Sheepmeat"
17588,66,"Sheepmeat"
15740,66,"Sheepmeat"
15766,66,"Sheepmeat"
17572,66,"Sheepmeat"
17590,66,"Sheepmeat"
17810,66,"Sheepmeat"
17813,66,"Sheepmeat"
17815,66,"Sheepmeat"
17564,66,"Sheepmeat"
17558,66,"Sheepmeat"
4421,66,"Sheepmeat"
4661,66,"Sheepmeat"
4449,66,"Sheepmeat"
2796,66,"Sheepmeat"
17567,66,"Sheepmeat"
17570,66,"Sheepmeat"
17571,66,"Sheepmeat"
17782,66,"Sheepmeat"
17792,66,"Sheepmeat"
17725,66,"Sheepmeat"
12378,66,"Sheepmeat"
12379,66,"Sheepmeat"
12384,66,"Sheepmeat"
12483,66,"Sheepmeat"
12484,66,"Sheepmeat"
12485,66,"Sheepmeat"
12487,66,"Sheepmeat"
12488,66,"Sheepmeat"
12486,66,"Sheepmeat"
24387,66,"Sheepmeat"
12598,66,"Sheepmeat"
24851,66,"Sheepmeat"
4368,66,"Sheepmeat"
4628,66,"Sheepmeat"
4367,66,"Sheepmeat"
4366,66,"Sheepmeat"
12563,66,"Sheepmeat"
23843,66,"Sheepmeat"
22047,66,"Sheepmeat"
12481,66,"Sheepmeat"
12482,66,"Sheepmeat"
12509,66,"Sheepmeat"
12336,66,"Sheepmeat"
12338,66,"Sheepmeat"
12341,66,"Sheepmeat"
12366,66,"Sheepmeat"
12367,66,"Sheepmeat"
12368,66,"Sheepmeat"
12512,66,"Sheepmeat"
12536,66,"Sheepmeat"
14191,66,"Sheepmeat"
17719,66,"Sheepmeat"
17727,66,"Sheepmeat"
17565,66,"Sheepmeat"
17720,66,"Sheepmeat"
12491,66,"Sheepmeat"
12497,66,"Sheepmeat"
12508,66,"Sheepmeat"
12511,66,"Sheepmeat"
12510,66,"Sheepmeat"
17793,66,"Sheepmeat"
17794,66,"Sheepmeat"
17740,66,"Sheepmeat"
14190,66,"Sheepmeat"
14192,66,"Sheepmeat"
13519,66,"Sheepmeat"
13520,66,"Sheepmeat"
13746,66,"Sheepmeat"
13527,66,"Sheepmeat"
13529,66,"Sheepmeat"
16819,66,"Sheepmeat"
17042,66,"Sheepmeat"
16744,66,"Sheepmeat"
16780,66,"Sheepmeat"
16782,66,"Sheepmeat"
15831,66,"Sheepmeat"
15741,66,"Sheepmeat"
15832,66,"Sheepmeat"
15768,66,"Sheepmeat"
17011,66,"Sheepmeat"
15769,66,"Sheepmeat"
15770,66,"Sheepmeat"
17047,66,"Sheepmeat"
17807,66,"Sheepmeat"
17583,66,"Sheepmeat"
17585,66,"Sheepmeat"
15767,66,"Sheepmeat"
15772,66,"Sheepmeat"
15774,66,"Sheepmeat"
15776,66,"Sheepmeat"
15777,66,"Sheepmeat"
15799,66,"Sheepmeat"
15800,66,"Sheepmeat"
15817,66,"Sheepmeat"
17046,66,"Sheepmeat"
15833,66,"Sheepmeat"
15798,66,"Sheepmeat"
15763,66,"Sheepmeat"
16999,66,"Sheepmeat"
15761,66,"Sheepmeat"
17013,66,"Sheepmeat"
16998,66,"Sheepmeat"
17010,66,"Sheepmeat"
15778,66,"Sheepmeat"
15791,66,"Sheepmeat"
15819,66,"Sheepmeat"
15565,66,"Sheepmeat"
15566,66,"Sheepmeat"
15567,66,"Sheepmeat"
15569,66,"Sheepmeat"
15825,66,"Sheepmeat"
15834,66,"Sheepmeat"
16746,66,"Sheepmeat"
16747,66,"Sheepmeat"
16748,66,"Sheepmeat"
16751,66,"Sheepmeat"
16741,66,"Sheepmeat"
17016,66,"Sheepmeat"
17018,66,"Sheepmeat"
17072,66,"Sheepmeat"
17041,66,"Sheepmeat"
16829,66,"Sheepmeat"
17074,66,"Sheepmeat"
17075,66,"Sheepmeat"
17080,66,"Sheepmeat"
15474,66,"Sheepmeat"
15473,66,"Sheepmeat"
15478,66,"Sheepmeat"
15236,66,"Sheepmeat"
15482,66,"Sheepmeat"
15242,66,"Sheepmeat"
15246,66,"Sheepmeat"
15485,66,"Sheepmeat"
15259,66,"Sheepmeat"
16838,66,"Sheepmeat"
17066,66,"Sheepmeat"
17065,66,"Sheepmeat"
13700,66,"Sheepmeat"
13734,66,"Sheepmeat"
13735,66,"Sheepmeat"
13736,66,"Sheepmeat"
13738,66,"Sheepmeat"
17756,66,"Sheepmeat"
17758,66,"Sheepmeat"
17539,66,"Sheepmeat"
17545,66,"Sheepmeat"
17547,66,"Sheepmeat"
17550,66,"Sheepmeat"
17554,66,"Sheepmeat"
13502,66,"Sheepmeat"
13503,66,"Sheepmeat"
13698,66,"Sheepmeat"
13712,66,"Sheepmeat"
17754,66,"Sheepmeat"
17551,66,"Sheepmeat"
17553,66,"Sheepmeat"
17760,66,"Sheepmeat"
17780,66,"Sheepmeat"
17781,66,"Sheepmeat"
17778,66,"Sheepmeat"
22833,66,"Sheepmeat"
22616,66,"Sheepmeat"
22621,66,"Sheepmeat"
22618,66,"Sheepmeat"
22615,66,"Sheepmeat"
22738,66,"Sheepmeat"
13470,66,"Sheepmeat"
13217,66,"Sheepmeat"
15703,66,"Sheepmeat"
13221,66,"Sheepmeat"
15702,66,"Sheepmeat"
15689,66,"Sheepmeat"
15688,66,"Sheepmeat"
15666,66,"Sheepmeat"
15667,66,"Sheepmeat"
17812,66,"Sheepmeat"
17814,66,"Sheepmeat"
17816,66,"Sheepmeat"
12537,66,"Sheepmeat"
12538,66,"Sheepmeat"
15671,66,"Sheepmeat"
15679,66,"Sheepmeat"
15682,66,"Sheepmeat"
15726,66,"Sheepmeat"
13642,66,"Sheepmeat"
15657,66,"Sheepmeat"
15673,66,"Sheepmeat"
15672,66,"Sheepmeat"
15663,66,"Sheepmeat"
15665,66,"Sheepmeat"
15669,66,"Sheepmeat"
15670,66,"Sheepmeat"
15668,66,"Sheepmeat"
15680,66,"Sheepmeat"
15681,66,"Sheepmeat"
15495,66,"Sheepmeat"
15505,66,"Sheepmeat"
15522,66,"Sheepmeat"
22464,66,"Sheepmeat"
15599,66,"Sheepmeat"
15528,66,"Sheepmeat"
15601,66,"Sheepmeat"
15618,66,"Sheepmeat"
15254,66,"Sheepmeat"
15576,66,"Sheepmeat"
15283,66,"Sheepmeat"
15285,66,"Sheepmeat"
15570,66,"Sheepmeat"
15563,66,"Sheepmeat"
15579,66,"Sheepmeat"
22208,66,"Sheepmeat"
16797,66,"Sheepmeat"
22469,66,"Sheepmeat"
22477,66,"Sheepmeat"
15848,66,"Sheepmeat"
15527,66,"Sheepmeat"
15580,66,"Sheepmeat"
22232,66,"Sheepmeat"
22470,66,"Sheepmeat"
22471,66,"Sheepmeat"
22486,66,"Sheepmeat"
22487,66,"Sheepmeat"
22241,66,"Sheepmeat"
22472,66,"Sheepmeat"
22518,66,"Sheepmeat"
22244,66,"Sheepmeat"
22515,66,"Sheepmeat"
22516,66,"Sheepmeat"
22517,66,"Sheepmeat"
22254,66,"Sheepmeat"
22491,66,"Sheepmeat"
22239,66,"Sheepmeat"
22256,66,"Sheepmeat"
22513,66,"Sheepmeat"
22521,66,"Sheepmeat"
22274,66,"Sheepmeat"
22740,66,"Sheepmeat"
13701,66,"Sheepmeat"
22512,66,"Sheepmeat"
15511,66,"Sheepmeat"
22591,66,"Sheepmeat"
22667,66,"Sheepmeat"
22497,66,"Sheepmeat"
22501,66,"Sheepmeat"
22275,66,"Sheepmeat"
22530,66,"Sheepmeat"
22531,66,"Sheepmeat"
22532,66,"Sheepmeat"
22706,66,"Sheepmeat"
17009,66,"Sheepmeat"
15742,66,"Sheepmeat"
15743,66,"Sheepmeat"
16020,66,"Sheepmeat"
16013,66,"Sheepmeat"
17001,66,"Sheepmeat"
15744,66,"Sheepmeat"
15756,66,"Sheepmeat"
15781,66,"Sheepmeat"
15785,66,"Sheepmeat"
15786,66,"Sheepmeat"
15802,66,"Sheepmeat"
15805,66,"Sheepmeat"
15806,66,"Sheepmeat"
15747,66,"Sheepmeat"
16988,66,"Sheepmeat"
16022,66,"Sheepmeat"
16997,66,"Sheepmeat"
15813,66,"Sheepmeat"
15814,66,"Sheepmeat"
15821,66,"Sheepmeat"
15564,66,"Sheepmeat"
16989,66,"Sheepmeat"
17005,66,"Sheepmeat"
17591,66,"Sheepmeat"
17817,66,"Sheepmeat"
15714,66,"Sheepmeat"
15721,66,"Sheepmeat"
15722,66,"Sheepmeat"
17811,66,"Sheepmeat"
15658,66,"Sheepmeat"
15659,66,"Sheepmeat"
15660,66,"Sheepmeat"
15662,66,"Sheepmeat"
15664,66,"Sheepmeat"
12540,66,"Sheepmeat"
22034,66,"Sheepmeat"
22035,66,"Sheepmeat"
21848,66,"Sheepmeat"
21816,66,"Sheepmeat"
22031,66,"Sheepmeat"
22040,66,"Sheepmeat"
22043,66,"Sheepmeat"
21854,66,"Sheepmeat"
22092,66,"Sheepmeat"
22093,66,"Sheepmeat"
22096,66,"Sheepmeat"
22097,66,"Sheepmeat"
22098,66,"Sheepmeat"
12504,66,"Sheepmeat"
24885,66,"Sheepmeat"
15677,66,"Sheepmeat"
15745,66,"Sheepmeat"
15757,66,"Sheepmeat"
15758,66,"Sheepmeat"
15711,66,"Sheepmeat"
15735,66,"Sheepmeat"
15732,66,"Sheepmeat"
15739,66,"Sheepmeat"
15738,66,"Sheepmeat"
15683,66,"Sheepmeat"
15684,66,"Sheepmeat"
15685,66,"Sheepmeat"
15694,66,"Sheepmeat"
15715,66,"Sheepmeat"
15712,66,"Sheepmeat"
15725,66,"Sheepmeat"
99,75,"Forestry"
103,75,"Forestry"
104,75,"Forestry"
15481,75,"Forestry"
112,75,"Forestry"
111,75,"Forestry"
7897,75,"Forestry"
7899,75,"Forestry"
15509,75,"Forestry"
22811,75,"Forestry"
15482,75,"Forestry"
15237,75,"Forestry"
7036,75,"Forestry"
16740,75,"Forestry"
16750,75,"Forestry"
17012,75,"Forestry"
6813,75,"Forestry"
2903,75,"Forestry"
2901,75,"Forestry"
16784,75,"Forestry"
17056,75,"Forestry"
16786,75,"Forestry"
15253,75,"Forestry"
15520,75,"Forestry"
17048,75,"Forestry"
15993,75,"Forestry"
16761,75,"Forestry"
16763,75,"Forestry"
16770,75,"Forestry"
16771,75,"Forestry"
16775,75,"Forestry"
17041,75,"Forestry"
17039,75,"Forestry"
17585,75,"Forestry"
17581,75,"Forestry"
15697,75,"Forestry"
15720,75,"Forestry"
16745,75,"Forestry"
17017,75,"Forestry"
17019,75,"Forestry"
15761,75,"Forestry"
16998,75,"Forestry"
15472,75,"Forestry"
15473,75,"Forestry"
15474,75,"Forestry"
17072,75,"Forestry"
17076,75,"Forestry"
17080,75,"Forestry"
15246,75,"Forestry"
17065,75,"Forestry"
17069,75,"Forestry"
17071,75,"Forestry"
15236,75,"Forestry"
15238,75,"Forestry"
15483,75,"Forestry"
13223,75,"Forestry"
15523,75,"Forestry"
16990,75,"Forestry"
15752,75,"Forestry"
126,75,"Forestry"
99,80,"Forestry"
103,80,"Forestry"
104,80,"Forestry"
15481,80,"Forestry"
112,80,"Forestry"
111,80,"Forestry"
7897,80,"Forestry"
7899,80,"Forestry"
15509,80,"Forestry"
22811,80,"Forestry"
15482,80,"Forestry"
15237,80,"Forestry"
7036,80,"Forestry"
16740,80,"Forestry"
16750,80,"Forestry"
17012,80,"Forestry"
6813,80,"Forestry"
2903,80,"Forestry"
2901,80,"Forestry"
16784,80,"Forestry"
17056,80,"Forestry"
16786,80,"Forestry"
15253,80,"Forestry"
15520,80,"Forestry"
17048,80,"Forestry"
15993,80,"Forestry"
16761,80,"Forestry"
16763,80,"Forestry"
16770,80,"Forestry"
16771,80,"Forestry"
16775,80,"Forestry"
17041,80,"Forestry"
17039,80,"Forestry"
17585,80,"Forestry"
17581,80,"Forestry"
15697,80,"Forestry"
15720,80,"Forestry"
16745,80,"Forestry"
17017,80,"Forestry"
17019,80,"Forestry"
15761,80,"Forestry"
16998,80,"Forestry"
15472,80,"Forestry"
15473,80,"Forestry"
15474,80,"Forestry"
17072,80,"Forestry"
17076,80,"Forestry"
17080,80,"Forestry"
15246,80,"Forestry"
17065,80,"Forestry"
17069,80,"Forestry"
17071,80,"Forestry"
15236,80,"Forestry"
15238,80,"Forestry"
15483,80,"Forestry"
13223,80,"Forestry"
15523,80,"Forestry"
16990,80,"Forestry"
15752,80,"Forestry"
126,80,"Forestry"
99,77,"Forestry"
103,77,"Forestry"
104,77,"Forestry"
15481,77,"Forestry"
112,77,"Forestry"
109,77,"Forestry"
111,77,"Forestry"
127,77,"Forestry"
3021,77,"Forestry"
3022,77,"Forestry"
3023,77,"Forestry"
3051,77,"Forestry"
4406,77,"Forestry"
3052,77,"Forestry"
7897,77,"Forestry"
7905,77,"Forestry"
7898,77,"Forestry"
7290,77,"Forestry"
7899,77,"Forestry"
7292,77,"Forestry"
7287,77,"Forestry"
7896,77,"Forestry"
7289,77,"Forestry"
15501,77,"Forestry"
7288,77,"Forestry"
7877,77,"Forestry"
7296,77,"Forestry"
7916,77,"Forestry"
7860,77,"Forestry"
7892,77,"Forestry"
7884,77,"Forestry"
7871,77,"Forestry"
7261,77,"Forestry"
7263,77,"Forestry"
7264,77,"Forestry"
7298,77,"Forestry"
7299,77,"Forestry"
7300,77,"Forestry"
22835,77,"Forestry"
11621,77,"Forestry"
7868,77,"Forestry"
7873,77,"Forestry"
7260,77,"Forestry"
7302,77,"Forestry"
7876,77,"Forestry"
7262,77,"Forestry"
7875,77,"Forestry"
7272,77,"Forestry"
15999,77,"Forestry"
15251,77,"Forestry"
15518,77,"Forestry"
15509,77,"Forestry"
15847,77,"Forestry"
15515,77,"Forestry"
22836,77,"Forestry"
22575,77,"Forestry"
22811,77,"Forestry"
22620,77,"Forestry"
22840,77,"Forestry"
22593,77,"Forestry"
22831,77,"Forestry"
15232,77,"Forestry"
15482,77,"Forestry"
15573,77,"Forestry"
7273,77,"Forestry"
7926,77,"Forestry"
7330,77,"Forestry"
7910,77,"Forestry"
16835,77,"Forestry"
7304,77,"Forestry"
4210,77,"Forestry"
2834,77,"Forestry"
3032,77,"Forestry"
4394,77,"Forestry"
3015,77,"Forestry"
3019,77,"Forestry"
4386,77,"Forestry"
3020,77,"Forestry"
4392,77,"Forestry"
4632,77,"Forestry"
4633,77,"Forestry"
3011,77,"Forestry"
3012,77,"Forestry"
3017,77,"Forestry"
4380,77,"Forestry"
4381,77,"Forestry"
4383,77,"Forestry"
4385,77,"Forestry"
4388,77,"Forestry"
4390,77,"Forestry"
4637,77,"Forestry"
7294,77,"Forestry"
7909,77,"Forestry"
15237,77,"Forestry"
7036,77,"Forestry"
16740,77,"Forestry"
16746,77,"Forestry"
16750,77,"Forestry"
17022,77,"Forestry"
17012,77,"Forestry"
6813,77,"Forestry"
17013,77,"Forestry"
2903,77,"Forestry"
2901,77,"Forestry"
2908,77,"Forestry"
12076,77,"Forestry"
12083,77,"Forestry"
12089,77,"Forestry"
12079,77,"Forestry"
12084,77,"Forestry"
12086,77,"Forestry"
11847,77,"Forestry"
11848,77,"Forestry"
12108,77,"Forestry"
7848,77,"Forestry"
11845,77,"Forestry"
11837,77,"Forestry"
16784,77,"Forestry"
17063,77,"Forestry"
17056,77,"Forestry"
16786,77,"Forestry"
16807,77,"Forestry"
15253,77,"Forestry"
15255,77,"Forestry"
15520,77,"Forestry"
17048,77,"Forestry"
17051,77,"Forestry"
15836,77,"Forestry"
15993,77,"Forestry"
17053,77,"Forestry"
15837,77,"Forestry"
15992,77,"Forestry"
16764,77,"Forestry"
16761,77,"Forestry"
16763,77,"Forestry"
16770,77,"Forestry"
16771,77,"Forestry"
16775,77,"Forestry"
16768,77,"Forestry"
17041,77,"Forestry"
17039,77,"Forestry"
4243,77,"Forestry"
4441,77,"Forestry"
4604,77,"Forestry"
4605,77,"Forestry"
4668,77,"Forestry"
4669,77,"Forestry"
2782,77,"Forestry"
2780,77,"Forestry"
2783,77,"Forestry"
2788,77,"Forestry"
2781,77,"Forestry"
2789,77,"Forestry"
2786,77,"Forestry"
2787,77,"Forestry"
2790,77,"Forestry"
4242,77,"Forestry"
2779,77,"Forestry"
2784,77,"Forestry"
4389,77,"Forestry"
3016,77,"Forestry"
7313,77,"Forestry"
7319,77,"Forestry"
17804,77,"Forestry"
17805,77,"Forestry"
17806,77,"Forestry"
17585,77,"Forestry"
17559,77,"Forestry"
17562,77,"Forestry"
17572,77,"Forestry"
17576,77,"Forestry"
17577,77,"Forestry"
17578,77,"Forestry"
17798,77,"Forestry"
17799,77,"Forestry"
17802,77,"Forestry"
17803,77,"Forestry"
17808,77,"Forestry"
17581,77,"Forestry"
17582,77,"Forestry"
17584,77,"Forestry"
17586,77,"Forestry"
17587,77,"Forestry"
17589,77,"Forestry"
15697,77,"Forestry"
15712,77,"Forestry"
15720,77,"Forestry"
24387,77,"Forestry"
17042,77,"Forestry"
17720,77,"Forestry"
12510,77,"Forestry"
16819,77,"Forestry"
16744,77,"Forestry"
16745,77,"Forestry"
16996,77,"Forestry"
16752,77,"Forestry"
17015,77,"Forestry"
17017,77,"Forestry"
17019,77,"Forestry"
15741,77,"Forestry"
15770,77,"Forestry"
15761,77,"Forestry"
17047,77,"Forestry"
15822,77,"Forestry"
13220,77,"Forestry"
16998,77,"Forestry"
16999,77,"Forestry"
15235,77,"Forestry"
15472,77,"Forestry"
15473,77,"Forestry"
15474,77,"Forestry"
15479,77,"Forestry"
15242,77,"Forestry"
15574,77,"Forestry"
17072,77,"Forestry"
17076,77,"Forestry"
17079,77,"Forestry"
15478,77,"Forestry"
17080,77,"Forestry"
15476,77,"Forestry"
15485,77,"Forestry"
15246,77,"Forestry"
15259,77,"Forestry"
15284,77,"Forestry"
17065,77,"Forestry"
17067,77,"Forestry"
17069,77,"Forestry"
16837,77,"Forestry"
17038,77,"Forestry"
17070,77,"Forestry"
17071,77,"Forestry"
17073,77,"Forestry"
17074,77,"Forestry"
16818,77,"Forestry"
15236,77,"Forestry"
15238,77,"Forestry"
15483,77,"Forestry"
16822,77,"Forestry"
16825,77,"Forestry"
16829,77,"Forestry"
17082,77,"Forestry"
16838,77,"Forestry"
15824,77,"Forestry"
13471,77,"Forestry"
13216,77,"Forestry"
13218,77,"Forestry"
13222,77,"Forestry"
13223,77,"Forestry"
13224,77,"Forestry"
13226,77,"Forestry"
15760,77,"Forestry"
13219,77,"Forestry"
15698,77,"Forestry"
15699,77,"Forestry"
15700,77,"Forestry"
15679,77,"Forestry"
15687,77,"Forestry"
15688,77,"Forestry"
15689,77,"Forestry"
15690,77,"Forestry"
15691,77,"Forestry"
15692,77,"Forestry"
15695,77,"Forestry"
15657,77,"Forestry"
15661,77,"Forestry"
15672,77,"Forestry"
15523,77,"Forestry"
22464,77,"Forestry"
15500,77,"Forestry"
15499,77,"Forestry"
15759,77,"Forestry"
15756,77,"Forestry"
17009,77,"Forestry"
16986,77,"Forestry"
16990,77,"Forestry"
16991,77,"Forestry"
17045,77,"Forestry"
16014,77,"Forestry"
15752,77,"Forestry"
12538,77,"Forestry"
21816,77,"Forestry"
22034,77,"Forestry"
17811,77,"Forestry"
15708,77,"Forestry"
15707,77,"Forestry"
15710,77,"Forestry"
15709,77,"Forestry"
15704,77,"Forestry"
15705,77,"Forestry"
126,77,"Forestry"
99,69,"Forestry"
103,69,"Forestry"
104,69,"Forestry"
15481,69,"Forestry"
112,69,"Forestry"
109,69,"Forestry"
111,69,"Forestry"
127,69,"Forestry"
4414,69,"Forestry"
3021,69,"Forestry"
3022,69,"Forestry"
3023,69,"Forestry"
3051,69,"Forestry"
4406,69,"Forestry"
3052,69,"Forestry"
7897,69,"Forestry"
7905,69,"Forestry"
7898,69,"Forestry"
7290,69,"Forestry"
7899,69,"Forestry"
7292,69,"Forestry"
7287,69,"Forestry"
7896,69,"Forestry"
7289,69,"Forestry"
15501,69,"Forestry"
7288,69,"Forestry"
7877,69,"Forestry"
7296,69,"Forestry"
7916,69,"Forestry"
7856,69,"Forestry"
7858,69,"Forestry"
7860,69,"Forestry"
7892,69,"Forestry"
7884,69,"Forestry"
7282,69,"Forestry"
7284,69,"Forestry"
7285,69,"Forestry"
7894,69,"Forestry"
7895,69,"Forestry"
15998,69,"Forestry"
7886,69,"Forestry"
7276,69,"Forestry"
7277,69,"Forestry"
7871,69,"Forestry"
7261,69,"Forestry"
7263,69,"Forestry"
7264,69,"Forestry"
7297,69,"Forestry"
7298,69,"Forestry"
7299,69,"Forestry"
7300,69,"Forestry"
22835,69,"Forestry"
11621,69,"Forestry"
7868,69,"Forestry"
7870,69,"Forestry"
7872,69,"Forestry"
7873,69,"Forestry"
7260,69,"Forestry"
7302,69,"Forestry"
7265,69,"Forestry"
7876,69,"Forestry"
7262,69,"Forestry"
7875,69,"Forestry"
7267,69,"Forestry"
7272,69,"Forestry"
7269,69,"Forestry"
7869,69,"Forestry"
12129,69,"Forestry"
12139,69,"Forestry"
16000,69,"Forestry"
15999,69,"Forestry"
22538,69,"Forestry"
15251,69,"Forestry"
15518,69,"Forestry"
7885,69,"Forestry"
15502,69,"Forestry"
15248,69,"Forestry"
15250,69,"Forestry"
16006,69,"Forestry"
15846,69,"Forestry"
15509,69,"Forestry"
16011,69,"Forestry"
15847,69,"Forestry"
22253,69,"Forestry"
22254,69,"Forestry"
15510,69,"Forestry"
15515,69,"Forestry"
15516,69,"Forestry"
15514,69,"Forestry"
22836,69,"Forestry"
22580,69,"Forestry"
22575,69,"Forestry"
22811,69,"Forestry"
22620,69,"Forestry"
22840,69,"Forestry"
22593,69,"Forestry"
22594,69,"Forestry"
22831,69,"Forestry"
22598,69,"Forestry"
107,69,"Forestry"
15232,69,"Forestry"
15482,69,"Forestry"
15573,69,"Forestry"
7273,69,"Forestry"
7926,69,"Forestry"
7328,69,"Forestry"
2810,69,"Forestry"
2814,69,"Forestry"
2838,69,"Forestry"
7330,69,"Forestry"
7324,69,"Forestry"
7910,69,"Forestry"
7301,69,"Forestry"
7305,69,"Forestry"
16835,69,"Forestry"
7304,69,"Forestry"
2826,69,"Forestry"
2827,69,"Forestry"
4210,69,"Forestry"
4339,69,"Forestry"
2836,69,"Forestry"
3009,69,"Forestry"
2834,69,"Forestry"
3025,69,"Forestry"
3032,69,"Forestry"
4634,69,"Forestry"
4393,69,"Forestry"
4394,69,"Forestry"
3015,69,"Forestry"
3018,69,"Forestry"
3019,69,"Forestry"
4386,69,"Forestry"
3020,69,"Forestry"
4392,69,"Forestry"
4632,69,"Forestry"
4633,69,"Forestry"
3011,69,"Forestry"
3012,69,"Forestry"
4379,69,"Forestry"
3014,69,"Forestry"
3017,69,"Forestry"
4380,69,"Forestry"
4381,69,"Forestry"
4383,69,"Forestry"
4385,69,"Forestry"
4388,69,"Forestry"
4382,69,"Forestry"
4384,69,"Forestry"
4387,69,"Forestry"
4390,69,"Forestry"
4637,69,"Forestry"
4636,69,"Forestry"
2843,69,"Forestry"
2844,69,"Forestry"
2855,69,"Forestry"
7294,69,"Forestry"
2837,69,"Forestry"
7909,69,"Forestry"
91,69,"Forestry"
15237,69,"Forestry"
7036,69,"Forestry"
16740,69,"Forestry"
16746,69,"Forestry"
16750,69,"Forestry"
17022,69,"Forestry"
17012,69,"Forestry"
6813,69,"Forestry"
17013,69,"Forestry"
11809,69,"Forestry"
6812,69,"Forestry"
2903,69,"Forestry"
2901,69,"Forestry"
2908,69,"Forestry"
2910,69,"Forestry"
11622,69,"Forestry"
12076,69,"Forestry"
12082,69,"Forestry"
12083,69,"Forestry"
12089,69,"Forestry"
12110,69,"Forestry"
12079,69,"Forestry"
12084,69,"Forestry"
12086,69,"Forestry"
12075,69,"Forestry"
11847,69,"Forestry"
11848,69,"Forestry"
12108,69,"Forestry"
11891,69,"Forestry"
12109,69,"Forestry"
12116,69,"Forestry"
7253,69,"Forestry"
11840,69,"Forestry"
7848,69,"Forestry"
7332,69,"Forestry"
11845,69,"Forestry"
11592,69,"Forestry"
2868,69,"Forestry"
11810,69,"Forestry"
11837,69,"Forestry"
11839,69,"Forestry"
11838,69,"Forestry"
16784,69,"Forestry"
17063,69,"Forestry"
17056,69,"Forestry"
16786,69,"Forestry"
16807,69,"Forestry"
16803,69,"Forestry"
15253,69,"Forestry"
15255,69,"Forestry"
15252,69,"Forestry"
15520,69,"Forestry"
15494,69,"Forestry"
17048,69,"Forestry"
17051,69,"Forestry"
15835,69,"Forestry"
15836,69,"Forestry"
15993,69,"Forestry"
17053,69,"Forestry"
16790,69,"Forestry"
16794,69,"Forestry"
17058,69,"Forestry"
16047,69,"Forestry"
16048,69,"Forestry"
16038,69,"Forestry"
15837,69,"Forestry"
15992,69,"Forestry"
15838,69,"Forestry"
13735,69,"Forestry"
15997,69,"Forestry"
16764,69,"Forestry"
16761,69,"Forestry"
16763,69,"Forestry"
16770,69,"Forestry"
16771,69,"Forestry"
16775,69,"Forestry"
16768,69,"Forestry"
17041,69,"Forestry"
17039,69,"Forestry"
4629,69,"Forestry"
4606,69,"Forestry"
4243,69,"Forestry"
4603,69,"Forestry"
2768,69,"Forestry"
4441,69,"Forestry"
4604,69,"Forestry"
4605,69,"Forestry"
4668,69,"Forestry"
4669,69,"Forestry"
2782,69,"Forestry"
2780,69,"Forestry"
2783,69,"Forestry"
2788,69,"Forestry"
2781,69,"Forestry"
2789,69,"Forestry"
4213,69,"Forestry"
2785,69,"Forestry"
2786,69,"Forestry"
2787,69,"Forestry"
2790,69,"Forestry"
4242,69,"Forestry"
2779,69,"Forestry"
2784,69,"Forestry"
4389,69,"Forestry"
3016,69,"Forestry"
4641,69,"Forestry"
4662,69,"Forestry"
4706,69,"Forestry"
4652,69,"Forestry"
7312,69,"Forestry"
7913,69,"Forestry"
7914,69,"Forestry"
7915,69,"Forestry"
7313,69,"Forestry"
7318,69,"Forestry"
7319,69,"Forestry"
7320,69,"Forestry"
7322,69,"Forestry"
2541,69,"Forestry"
2542,69,"Forestry"
2540,69,"Forestry"
17804,69,"Forestry"
17807,69,"Forestry"
17805,69,"Forestry"
17806,69,"Forestry"
17585,69,"Forestry"
17583,69,"Forestry"
17559,69,"Forestry"
17561,69,"Forestry"
17562,69,"Forestry"
17572,69,"Forestry"
17575,69,"Forestry"
17576,69,"Forestry"
17577,69,"Forestry"
17578,69,"Forestry"
17579,69,"Forestry"
17798,69,"Forestry"
17799,69,"Forestry"
17800,69,"Forestry"
17802,69,"Forestry"
17803,69,"Forestry"
17808,69,"Forestry"
17581,69,"Forestry"
17582,69,"Forestry"
17584,69,"Forestry"
17586,69,"Forestry"
17587,69,"Forestry"
17588,69,"Forestry"
17589,69,"Forestry"
17590,69,"Forestry"
15685,69,"Forestry"
15686,69,"Forestry"
15697,69,"Forestry"
15712,69,"Forestry"
15713,69,"Forestry"
15720,69,"Forestry"
15732,69,"Forestry"
15733,69,"Forestry"
15734,69,"Forestry"
15739,69,"Forestry"
15767,69,"Forestry"
17797,69,"Forestry"
17573,69,"Forestry"
17809,69,"Forestry"
4549,69,"Forestry"
4401,69,"Forestry"
4630,69,"Forestry"
4650,69,"Forestry"
4447,69,"Forestry"
4697,69,"Forestry"
4602,69,"Forestry"
4439,69,"Forestry"
14082,69,"Forestry"
12386,69,"Forestry"
24387,69,"Forestry"
17042,69,"Forestry"
24851,69,"Forestry"
17720,69,"Forestry"
14093,69,"Forestry"
22574,69,"Forestry"
12508,69,"Forestry"
12510,69,"Forestry"
16819,69,"Forestry"
16741,69,"Forestry"
16742,69,"Forestry"
16744,69,"Forestry"
16745,69,"Forestry"
16994,69,"Forestry"
16995,69,"Forestry"
16996,69,"Forestry"
17010,69,"Forestry"
16747,69,"Forestry"
16752,69,"Forestry"
17015,69,"Forestry"
17016,69,"Forestry"
17017,69,"Forestry"
17018,69,"Forestry"
17019,69,"Forestry"
17020,69,"Forestry"
17021,69,"Forestry"
15741,69,"Forestry"
15769,69,"Forestry"
15770,69,"Forestry"
15761,69,"Forestry"
17047,69,"Forestry"
15785,69,"Forestry"
15786,69,"Forestry"
15822,69,"Forestry"
15833,69,"Forestry"
15799,69,"Forestry"
15800,69,"Forestry"
15834,69,"Forestry"
13220,69,"Forestry"
15568,69,"Forestry"
15823,69,"Forestry"
16998,69,"Forestry"
16999,69,"Forestry"
17011,69,"Forestry"
17075,69,"Forestry"
15234,69,"Forestry"
15235,69,"Forestry"
15472,69,"Forestry"
15473,69,"Forestry"
15474,69,"Forestry"
15477,69,"Forestry"
15479,69,"Forestry"
15241,69,"Forestry"
15242,69,"Forestry"
15243,69,"Forestry"
15244,69,"Forestry"
15245,69,"Forestry"
15572,69,"Forestry"
15574,69,"Forestry"
17072,69,"Forestry"
17076,69,"Forestry"
17079,69,"Forestry"
15478,69,"Forestry"
17080,69,"Forestry"
15475,69,"Forestry"
15476,69,"Forestry"
15485,69,"Forestry"
15246,69,"Forestry"
15247,69,"Forestry"
15259,69,"Forestry"
15576,69,"Forestry"
15284,69,"Forestry"
17065,69,"Forestry"
17067,69,"Forestry"
17069,69,"Forestry"
16815,69,"Forestry"
16837,69,"Forestry"
16774,69,"Forestry"
16778,69,"Forestry"
17035,69,"Forestry"
17038,69,"Forestry"
17070,69,"Forestry"
17071,69,"Forestry"
17073,69,"Forestry"
17074,69,"Forestry"
16817,69,"Forestry"
16818,69,"Forestry"
15236,69,"Forestry"
15480,69,"Forestry"
16811,69,"Forestry"
15238,69,"Forestry"
15483,69,"Forestry"
16820,69,"Forestry"
16822,69,"Forestry"
16824,69,"Forestry"
16825,69,"Forestry"
16826,69,"Forestry"
16827,69,"Forestry"
16829,69,"Forestry"
17077,69,"Forestry"
16831,69,"Forestry"
17078,69,"Forestry"
16832,69,"Forestry"
17082,69,"Forestry"
17083,69,"Forestry"
17064,69,"Forestry"
16838,69,"Forestry"
16816,69,"Forestry"
13702,69,"Forestry"
13700,69,"Forestry"
17553,69,"Forestry"
17554,69,"Forestry"
15824,69,"Forestry"
13470,69,"Forestry"
13471,69,"Forestry"
13475,69,"Forestry"
13216,69,"Forestry"
13217,69,"Forestry"
13218,69,"Forestry"
13222,69,"Forestry"
13223,69,"Forestry"
13224,69,"Forestry"
13226,69,"Forestry"
15760,69,"Forestry"
13219,69,"Forestry"
13221,69,"Forestry"
15698,69,"Forestry"
15699,69,"Forestry"
15700,69,"Forestry"
15701,69,"Forestry"
15702,69,"Forestry"
15679,69,"Forestry"
15687,69,"Forestry"
15688,69,"Forestry"
15689,69,"Forestry"
15690,69,"Forestry"
15691,69,"Forestry"
15692,69,"Forestry"
15695,69,"Forestry"
13642,69,"Forestry"
15682,69,"Forestry"
15657,69,"Forestry"
22092,69,"Forestry"
15661,69,"Forestry"
15673,69,"Forestry"
15672,69,"Forestry"
15671,69,"Forestry"
15522,69,"Forestry"
15523,69,"Forestry"
15526,69,"Forestry"
22464,69,"Forestry"
16806,69,"Forestry"
15560,69,"Forestry"
15561,69,"Forestry"
15601,69,"Forestry"
15602,69,"Forestry"
15500,69,"Forestry"
15499,69,"Forestry"
15254,69,"Forestry"
16798,69,"Forestry"
22262,69,"Forestry"
22742,69,"Forestry"
22269,69,"Forestry"
22270,69,"Forestry"
15759,69,"Forestry"
15756,69,"Forestry"
22534,69,"Forestry"
22535,69,"Forestry"
22706,69,"Forestry"
16010,69,"Forestry"
17001,69,"Forestry"
15768,69,"Forestry"
15745,69,"Forestry"
16988,69,"Forestry"
17009,69,"Forestry"
16984,69,"Forestry"
16986,69,"Forestry"
16990,69,"Forestry"
16991,69,"Forestry"
17045,69,"Forestry"
16014,69,"Forestry"
15831,69,"Forestry"
16987,69,"Forestry"
15748,69,"Forestry"
15752,69,"Forestry"
15755,69,"Forestry"
16020,69,"Forestry"
16021,69,"Forestry"
16022,69,"Forestry"
15829,69,"Forestry"
17002,69,"Forestry"
17008,69,"Forestry"
17000,69,"Forestry"
17812,69,"Forestry"
17816,69,"Forestry"
12537,69,"Forestry"
12538,69,"Forestry"
17814,69,"Forestry"
22055,69,"Forestry"
22056,69,"Forestry"
21816,69,"Forestry"
12536,69,"Forestry"
12540,69,"Forestry"
12541,69,"Forestry"
22034,69,"Forestry"
21846,69,"Forestry"
21848,69,"Forestry"
17815,69,"Forestry"
12509,69,"Forestry"
12497,69,"Forestry"
12511,69,"Forestry"
12527,69,"Forestry"
17811,69,"Forestry"
22017,69,"Forestry"
22018,69,"Forestry"
15708,69,"Forestry"
15707,69,"Forestry"
15710,69,"Forestry"
15711,69,"Forestry"
15709,69,"Forestry"
15704,69,"Forestry"
15705,69,"Forestry"
15696,69,"Forestry"
126,69,"Forestry"
15569,71,"Fruit"
15824,71,"Fruit"
16797,71,"Fruit"
16800,71,"Fruit"
12386,71,"Fruit"
14076,71,"Fruit"
14077,71,"Fruit"
14078,71,"Fruit"
14081,71,"Fruit"
12574,71,"Fruit"
12581,71,"Fruit"
12582,71,"Fruit"
12583,71,"Fruit"
12584,71,"Fruit"
12585,71,"Fruit"
12586,71,"Fruit"
12591,71,"Fruit"
12592,71,"Fruit"
12593,71,"Fruit"
12594,71,"Fruit"
12595,71,"Fruit"
12599,71,"Fruit"
12037,71,"Fruit"
12038,71,"Fruit"
12039,71,"Fruit"
12319,71,"Fruit"
12321,71,"Fruit"
12323,71,"Fruit"
12568,71,"Fruit"
12369,71,"Fruit"
12320,71,"Fruit"
12588,71,"Fruit"
12589,71,"Fruit"
12406,71,"Fruit"
12374,71,"Fruit"
12407,71,"Fruit"
12408,71,"Fruit"
12607,71,"Fruit"
12328,71,"Fruit"
24851,71,"Fruit"
12529,71,"Fruit"
12530,71,"Fruit"
12041,71,"Fruit"
12042,71,"Fruit"
12043,71,"Fruit"
12044,71,"Fruit"
12528,71,"Fruit"
12531,71,"Fruit"
12534,71,"Fruit"
12535,71,"Fruit"
17565,71,"Fruit"
17729,71,"Fruit"
17730,71,"Fruit"
17770,71,"Fruit"
17566,71,"Fruit"
17568,71,"Fruit"
17726,71,"Fruit"
17728,71,"Fruit"
17537,71,"Fruit"
17538,71,"Fruit"
17733,71,"Fruit"
17734,71,"Fruit"
17567,71,"Fruit"
12514,71,"Fruit"
12515,71,"Fruit"
12517,71,"Fruit"
17810,71,"Fruit"
17782,71,"Fruit"
17784,71,"Fruit"
17785,71,"Fruit"
17787,71,"Fruit"
17791,71,"Fruit"
17792,71,"Fruit"
13707,71,"Fruit"
13708,71,"Fruit"
13731,71,"Fruit"
13732,71,"Fruit"
13719,71,"Fruit"
13720,71,"Fruit"
13721,71,"Fruit"
17526,71,"Fruit"
17527,71,"Fruit"
17536,71,"Fruit"
17735,71,"Fruit"
17738,71,"Fruit"
17745,71,"Fruit"
17761,71,"Fruit"
17748,71,"Fruit"
17749,71,"Fruit"
17760,71,"Fruit"
17739,71,"Fruit"
14179,71,"Fruit"
14189,71,"Fruit"
13828,71,"Fruit"
13831,71,"Fruit"
13759,71,"Fruit"
14226,71,"Fruit"
15601,71,"Fruit"
15554,71,"Fruit"
15603,71,"Fruit"
15604,71,"Fruit"
15605,71,"Fruit"
15612,71,"Fruit"
22255,71,"Fruit"
22262,71,"Fruit"
22514,71,"Fruit"
22270,71,"Fruit"
22271,71,"Fruit"
21996,71,"Fruit"
21997,71,"Fruit"
21998,71,"Fruit"
21999,71,"Fruit"
22000,71,"Fruit"
22001,71,"Fruit"
22002,71,"Fruit"
22053,71,"Fruit"
22055,71,"Fruit"
22056,71,"Fruit"
21816,71,"Fruit"
12489,71,"Fruit"
12496,71,"Fruit"
12498,71,"Fruit"
12506,71,"Fruit"
12507,71,"Fruit"
12516,71,"Fruit"
12518,71,"Fruit"
23839,71,"Fruit"
23841,71,"Fruit"
23842,71,"Fruit"
23843,71,"Fruit"
23630,71,"Fruit"
22019,71,"Fruit"
21788,71,"Fruit"
21792,71,"Fruit"
21794,71,"Fruit"
21795,71,"Fruit"
21797,71,"Fruit"
21798,71,"Fruit"
21799,71,"Fruit"
21800,71,"Fruit"
21801,71,"Fruit"
21802,71,"Fruit"
21803,71,"Fruit"
22021,71,"Fruit"
22022,71,"Fruit"
22023,71,"Fruit"
22036,71,"Fruit"
22037,71,"Fruit"
22040,71,"Fruit"
22041,71,"Fruit"
22048,71,"Fruit"
24673,71,"Fruit"
22033,71,"Fruit"
21854,71,"Fruit"
24885,71,"Fruit"
23815,71,"Fruit"
23816,71,"Fruit"
23817,71,"Fruit"
23827,71,"Fruit"
23634,71,"Fruit"
12334,71,"Fruit"
12335,71,"Fruit"
12519,71,"Fruit"
12520,71,"Fruit"
12333,71,"Fruit"
12521,71,"Fruit"
12558,71,"Fruit"
17811,71,"Fruit"
22052,71,"Fruit"
22004,71,"Fruit"
22005,71,"Fruit"
22006,71,"Fruit"
22007,71,"Fruit"
22008,71,"Fruit"
22009,71,"Fruit"
22010,71,"Fruit"
22011,71,"Fruit"
22013,71,"Fruit"
22014,71,"Fruit"
24889,71,"Fruit"
23616,71,"Fruit"
23617,71,"Fruit"
15569,72,"Fruit"
15824,72,"Fruit"
16797,72,"Fruit"
16800,72,"Fruit"
12386,72,"Fruit"
14076,72,"Fruit"
14077,72,"Fruit"
14078,72,"Fruit"
14081,72,"Fruit"
12574,72,"Fruit"
12581,72,"Fruit"
12582,72,"Fruit"
12583,72,"Fruit"
12584,72,"Fruit"
12585,72,"Fruit"
12586,72,"Fruit"
12591,72,"Fruit"
12592,72,"Fruit"
12593,72,"Fruit"
12594,72,"Fruit"
12595,72,"Fruit"
12599,72,"Fruit"
12037,72,"Fruit"
12038,72,"Fruit"
12039,72,"Fruit"
12319,72,"Fruit"
12321,72,"Fruit"
12323,72,"Fruit"
12568,72,"Fruit"
12369,72,"Fruit"
12320,72,"Fruit"
12588,72,"Fruit"
12589,72,"Fruit"
12406,72,"Fruit"
12374,72,"Fruit"
12407,72,"Fruit"
12408,72,"Fruit"
12607,72,"Fruit"
12328,72,"Fruit"
24851,72,"Fruit"
12529,72,"Fruit"
12530,72,"Fruit"
12041,72,"Fruit"
12042,72,"Fruit"
12043,72,"Fruit"
12044,72,"Fruit"
12528,72,"Fruit"
12531,72,"Fruit"
12534,72,"Fruit"
12535,72,"Fruit"
17565,72,"Fruit"
17729,72,"Fruit"
17730,72,"Fruit"
17770,72,"Fruit"
17566,72,"Fruit"
17568,72,"Fruit"
17726,72,"Fruit"
17728,72,"Fruit"
17537,72,"Fruit"
17538,72,"Fruit"
17733,72,"Fruit"
17734,72,"Fruit"
17567,72,"Fruit"
12514,72,"Fruit"
12515,72,"Fruit"
12517,72,"Fruit"
17810,72,"Fruit"
17782,72,"Fruit"
17784,72,"Fruit"
17785,72,"Fruit"
17787,72,"Fruit"
17791,72,"Fruit"
17792,72,"Fruit"
13707,72,"Fruit"
13708,72,"Fruit"
13731,72,"Fruit"
13732,72,"Fruit"
13719,72,"Fruit"
13720,72,"Fruit"
13721,72,"Fruit"
17526,72,"Fruit"
17527,72,"Fruit"
17536,72,"Fruit"
17735,72,"Fruit"
17738,72,"Fruit"
17745,72,"Fruit"
17761,72,"Fruit"
17748,72,"Fruit"
17749,72,"Fruit"
17760,72,"Fruit"
17739,72,"Fruit"
14179,72,"Fruit"
14189,72,"Fruit"
13828,72,"Fruit"
13831,72,"Fruit"
13759,72,"Fruit"
14226,72,"Fruit"
15601,72,"Fruit"
15554,72,"Fruit"
15603,72,"Fruit"
15604,72,"Fruit"
15605,72,"Fruit"
15612,72,"Fruit"
22255,72,"Fruit"
22262,72,"Fruit"
22514,72,"Fruit"
22270,72,"Fruit"
22271,72,"Fruit"
21996,72,"Fruit"
21997,72,"Fruit"
21998,72,"Fruit"
21999,72,"Fruit"
22000,72,"Fruit"
22001,72,"Fruit"
22002,72,"Fruit"
22053,72,"Fruit"
22055,72,"Fruit"
22056,72,"Fruit"
21816,72,"Fruit"
12489,72,"Fruit"
12496,72,"Fruit"
12498,72,"Fruit"
12506,72,"Fruit"
12507,72,"Fruit"
12516,72,"Fruit"
12518,72,"Fruit"
23839,72,"Fruit"
23841,72,"Fruit"
23842,72,"Fruit"
23843,72,"Fruit"
23630,72,"Fruit"
22019,72,"Fruit"
21788,72,"Fruit"
21792,72,"Fruit"
21794,72,"Fruit"
21795,72,"Fruit"
21797,72,"Fruit"
21798,72,"Fruit"
21799,72,"Fruit"
21800,72,"Fruit"
21801,72,"Fruit"
21802,72,"Fruit"
21803,72,"Fruit"
22021,72,"Fruit"
22022,72,"Fruit"
22023,72,"Fruit"
22036,72,"Fruit"
22037,72,"Fruit"
22040,72,"Fruit"
22041,72,"Fruit"
22048,72,"Fruit"
24673,72,"Fruit"
22033,72,"Fruit"
21854,72,"Fruit"
24885,72,"Fruit"
23815,72,"Fruit"
23816,72,"Fruit"
23817,72,"Fruit"
23827,72,"Fruit"
23634,72,"Fruit"
12334,72,"Fruit"
12335,72,"Fruit"
12519,72,"Fruit"
12520,72,"Fruit"
12333,72,"Fruit"
12521,72,"Fruit"
12558,72,"Fruit"
17811,72,"Fruit"
22052,72,"Fruit"
22004,72,"Fruit"
22005,72,"Fruit"
22006,72,"Fruit"
22007,72,"Fruit"
22008,72,"Fruit"
22009,72,"Fruit"
22010,72,"Fruit"
22011,72,"Fruit"
22013,72,"Fruit"
22014,72,"Fruit"
24889,72,"Fruit"
23616,72,"Fruit"
23617,72,"Fruit"
15569,78,"Fruit"
15824,78,"Fruit"
16797,78,"Fruit"
16800,78,"Fruit"
12386,78,"Fruit"
14076,78,"Fruit"
14077,78,"Fruit"
14078,78,"Fruit"
14081,78,"Fruit"
12574,78,"Fruit"
12575,78,"Fruit"
12581,78,"Fruit"
12582,78,"Fruit"
12583,78,"Fruit"
12584,78,"Fruit"
12585,78,"Fruit"
12586,78,"Fruit"
12587,78,"Fruit"
12591,78,"Fruit"
12592,78,"Fruit"
12593,78,"Fruit"
12594,78,"Fruit"
12595,78,"Fruit"
12599,78,"Fruit"
12036,78,"Fruit"
12037,78,"Fruit"
12038,78,"Fruit"
12039,78,"Fruit"
12319,78,"Fruit"
12321,78,"Fruit"
12322,78,"Fruit"
12323,78,"Fruit"
12568,78,"Fruit"
12369,78,"Fruit"
12320,78,"Fruit"
12379,78,"Fruit"
12588,78,"Fruit"
12589,78,"Fruit"
12406,78,"Fruit"
12374,78,"Fruit"
12407,78,"Fruit"
12408,78,"Fruit"
12607,78,"Fruit"
12328,78,"Fruit"
24628,78,"Fruit"
24851,78,"Fruit"
12529,78,"Fruit"
12530,78,"Fruit"
12041,78,"Fruit"
12042,78,"Fruit"
12043,78,"Fruit"
12044,78,"Fruit"
12047,78,"Fruit"
12528,78,"Fruit"
12531,78,"Fruit"
12534,78,"Fruit"
12535,78,"Fruit"
17565,78,"Fruit"
17727,78,"Fruit"
17729,78,"Fruit"
17730,78,"Fruit"
17770,78,"Fruit"
17566,78,"Fruit"
17568,78,"Fruit"
17726,78,"Fruit"
17728,78,"Fruit"
17537,78,"Fruit"
17538,78,"Fruit"
17733,78,"Fruit"
17734,78,"Fruit"
17567,78,"Fruit"
12514,78,"Fruit"
12515,78,"Fruit"
12517,78,"Fruit"
17810,78,"Fruit"
17782,78,"Fruit"
17784,78,"Fruit"
17785,78,"Fruit"
17787,78,"Fruit"
17791,78,"Fruit"
17792,78,"Fruit"
13707,78,"Fruit"
13708,78,"Fruit"
13731,78,"Fruit"
13732,78,"Fruit"
13719,78,"Fruit"
13720,78,"Fruit"
13721,78,"Fruit"
17526,78,"Fruit"
17527,78,"Fruit"
17536,78,"Fruit"
17735,78,"Fruit"
17737,78,"Fruit"
17738,78,"Fruit"
17745,78,"Fruit"
17761,78,"Fruit"
17748,78,"Fruit"
17749,78,"Fruit"
17760,78,"Fruit"
17739,78,"Fruit"
14179,78,"Fruit"
14189,78,"Fruit"
13828,78,"Fruit"
13831,78,"Fruit"
13759,78,"Fruit"
14222,78,"Fruit"
14226,78,"Fruit"
15601,78,"Fruit"
15554,78,"Fruit"
15603,78,"Fruit"
15604,78,"Fruit"
15605,78,"Fruit"
15612,78,"Fruit"
15613,78,"Fruit"
15602,78,"Fruit"
22255,78,"Fruit"
22262,78,"Fruit"
22514,78,"Fruit"
22270,78,"Fruit"
22271,78,"Fruit"
22272,78,"Fruit"
21996,78,"Fruit"
21997,78,"Fruit"
21998,78,"Fruit"
21999,78,"Fruit"
22000,78,"Fruit"
22001,78,"Fruit"
22002,78,"Fruit"
22053,78,"Fruit"
22055,78,"Fruit"
22056,78,"Fruit"
21816,78,"Fruit"
12489,78,"Fruit"
12496,78,"Fruit"
12498,78,"Fruit"
12506,78,"Fruit"
12507,78,"Fruit"
12516,78,"Fruit"
12518,78,"Fruit"
23839,78,"Fruit"
23841,78,"Fruit"
23842,78,"Fruit"
23843,78,"Fruit"
23630,78,"Fruit"
22019,78,"Fruit"
21788,78,"Fruit"
21792,78,"Fruit"
21794,78,"Fruit"
21795,78,"Fruit"
21796,78,"Fruit"
21797,78,"Fruit"
21798,78,"Fruit"
21799,78,"Fruit"
21800,78,"Fruit"
21801,78,"Fruit"
21802,78,"Fruit"
21803,78,"Fruit"
22020,78,"Fruit"
22021,78,"Fruit"
22022,78,"Fruit"
22023,78,"Fruit"
22036,78,"Fruit"
22037,78,"Fruit"
22039,78,"Fruit"
22040,78,"Fruit"
22041,78,"Fruit"
22044,78,"Fruit"
22048,78,"Fruit"
24673,78,"Fruit"
22033,78,"Fruit"
21850,78,"Fruit"
21854,78,"Fruit"
24885,78,"Fruit"
24887,78,"Fruit"
23815,78,"Fruit"
23816,78,"Fruit"
23817,78,"Fruit"
23827,78,"Fruit"
23634,78,"Fruit"
12334,78,"Fruit"
12335,78,"Fruit"
12519,78,"Fruit"
12520,78,"Fruit"
12333,78,"Fruit"
12521,78,"Fruit"
12558,78,"Fruit"
17811,78,"Fruit"
17821,78,"Fruit"
22052,78,"Fruit"
22004,78,"Fruit"
22005,78,"Fruit"
22006,78,"Fruit"
22007,78,"Fruit"
22008,78,"Fruit"
22009,78,"Fruit"
22010,78,"Fruit"
22011,78,"Fruit"
22013,78,"Fruit"
22014,78,"Fruit"
24889,78,"Fruit"
23616,78,"Fruit"
23617,78,"Fruit"
15824,70,"Fruit"
16797,70,"Fruit"
12386,70,"Fruit"
14076,70,"Fruit"
14077,70,"Fruit"
14078,70,"Fruit"
14081,70,"Fruit"
12574,70,"Fruit"
12591,70,"Fruit"
12595,70,"Fruit"
12599,70,"Fruit"
12037,70,"Fruit"
12038,70,"Fruit"
12039,70,"Fruit"
12319,70,"Fruit"
12321,70,"Fruit"
12323,70,"Fruit"
12568,70,"Fruit"
12369,70,"Fruit"
12320,70,"Fruit"
12588,70,"Fruit"
12589,70,"Fruit"
12406,70,"Fruit"
12407,70,"Fruit"
12328,70,"Fruit"
24391,70,"Fruit"
24851,70,"Fruit"
12529,70,"Fruit"
12530,70,"Fruit"
12041,70,"Fruit"
12042,70,"Fruit"
12043,70,"Fruit"
12044,70,"Fruit"
12528,70,"Fruit"
12531,70,"Fruit"
12534,70,"Fruit"
12535,70,"Fruit"
17565,70,"Fruit"
17729,70,"Fruit"
17730,70,"Fruit"
17770,70,"Fruit"
17566,70,"Fruit"
17568,70,"Fruit"
17726,70,"Fruit"
17728,70,"Fruit"
17733,70,"Fruit"
17567,70,"Fruit"
12515,70,"Fruit"
12517,70,"Fruit"
17810,70,"Fruit"
17784,70,"Fruit"
17787,70,"Fruit"
17792,70,"Fruit"
13708,70,"Fruit"
13732,70,"Fruit"
13719,70,"Fruit"
13720,70,"Fruit"
13721,70,"Fruit"
17526,70,"Fruit"
17527,70,"Fruit"
17738,70,"Fruit"
17761,70,"Fruit"
17748,70,"Fruit"
17760,70,"Fruit"
14179,70,"Fruit"
14189,70,"Fruit"
13828,70,"Fruit"
13831,70,"Fruit"
14226,70,"Fruit"
15601,70,"Fruit"
15554,70,"Fruit"
15603,70,"Fruit"
22255,70,"Fruit"
22262,70,"Fruit"
22514,70,"Fruit"
22270,70,"Fruit"
22271,70,"Fruit"
21996,70,"Fruit"
21998,70,"Fruit"
21999,70,"Fruit"
22001,70,"Fruit"
22002,70,"Fruit"
22055,70,"Fruit"
22056,70,"Fruit"
12496,70,"Fruit"
12498,70,"Fruit"
12506,70,"Fruit"
12507,70,"Fruit"
12516,70,"Fruit"
12518,70,"Fruit"
23839,70,"Fruit"
23841,70,"Fruit"
23842,70,"Fruit"
23630,70,"Fruit"
21788,70,"Fruit"
21797,70,"Fruit"
21798,70,"Fruit"
21799,70,"Fruit"
21800,70,"Fruit"
21801,70,"Fruit"
21802,70,"Fruit"
22022,70,"Fruit"
22023,70,"Fruit"
22036,70,"Fruit"
22037,70,"Fruit"
22041,70,"Fruit"
22048,70,"Fruit"
24673,70,"Fruit"
22033,70,"Fruit"
23815,70,"Fruit"
23816,70,"Fruit"
23817,70,"Fruit"
23827,70,"Fruit"
12334,70,"Fruit"
12335,70,"Fruit"
12519,70,"Fruit"
12520,70,"Fruit"
12333,70,"Fruit"
12558,70,"Fruit"
17811,70,"Fruit"
22052,70,"Fruit"
22006,70,"Fruit"
22007,70,"Fruit"
22010,70,"Fruit"
22011,70,"Fruit"
22013,70,"Fruit"
22014,70,"Fruit"
24889,70,"Fruit"
23616,70,"Fruit"
15824,73,"Fruit"
16797,73,"Fruit"
12386,73,"Fruit"
14076,73,"Fruit"
14077,73,"Fruit"
14078,73,"Fruit"
14081,73,"Fruit"
12574,73,"Fruit"
12591,73,"Fruit"
12595,73,"Fruit"
12599,73,"Fruit"
12037,73,"Fruit"
12038,73,"Fruit"
12039,73,"Fruit"
12319,73,"Fruit"
12321,73,"Fruit"
12323,73,"Fruit"
12568,73,"Fruit"
12369,73,"Fruit"
12320,73,"Fruit"
12588,73,"Fruit"
12589,73,"Fruit"
12406,73,"Fruit"
12407,73,"Fruit"
12408,73,"Fruit"
12328,73,"Fruit"
24391,73,"Fruit"
24851,73,"Fruit"
12529,73,"Fruit"
12530,73,"Fruit"
12041,73,"Fruit"
12042,73,"Fruit"
12043,73,"Fruit"
12044,73,"Fruit"
12528,73,"Fruit"
12531,73,"Fruit"
12534,73,"Fruit"
12535,73,"Fruit"
17565,73,"Fruit"
17729,73,"Fruit"
17730,73,"Fruit"
17770,73,"Fruit"
17566,73,"Fruit"
17568,73,"Fruit"
17726,73,"Fruit"
17728,73,"Fruit"
17538,73,"Fruit"
17733,73,"Fruit"
17567,73,"Fruit"
12515,73,"Fruit"
12517,73,"Fruit"
17810,73,"Fruit"
17784,73,"Fruit"
17787,73,"Fruit"
17792,73,"Fruit"
13707,73,"Fruit"
13708,73,"Fruit"
13731,73,"Fruit"
13732,73,"Fruit"
13719,73,"Fruit"
13720,73,"Fruit"
13721,73,"Fruit"
17526,73,"Fruit"
17527,73,"Fruit"
17536,73,"Fruit"
17738,73,"Fruit"
17745,73,"Fruit"
17761,73,"Fruit"
17748,73,"Fruit"
17749,73,"Fruit"
17760,73,"Fruit"
17739,73,"Fruit"
14179,73,"Fruit"
14189,73,"Fruit"
13828,73,"Fruit"
13831,73,"Fruit"
14226,73,"Fruit"
15601,73,"Fruit"
15554,73,"Fruit"
15603,73,"Fruit"
15604,73,"Fruit"
22255,73,"Fruit"
22262,73,"Fruit"
22514,73,"Fruit"
22270,73,"Fruit"
22271,73,"Fruit"
21996,73,"Fruit"
21997,73,"Fruit"
21998,73,"Fruit"
21999,73,"Fruit"
22000,73,"Fruit"
22001,73,"Fruit"
22002,73,"Fruit"
22055,73,"Fruit"
22056,73,"Fruit"
12489,73,"Fruit"
12496,73,"Fruit"
12498,73,"Fruit"
12506,73,"Fruit"
12507,73,"Fruit"
12516,73,"Fruit"
12518,73,"Fruit"
23839,73,"Fruit"
23841,73,"Fruit"
23842,73,"Fruit"
23630,73,"Fruit"
21788,73,"Fruit"
21795,73,"Fruit"
21797,73,"Fruit"
21798,73,"Fruit"
21799,73,"Fruit"
21800,73,"Fruit"
21801,73,"Fruit"
21802,73,"Fruit"
22022,73,"Fruit"
22023,73,"Fruit"
22036,73,"Fruit"
22037,73,"Fruit"
22040,73,"Fruit"
22041,73,"Fruit"
22048,73,"Fruit"
24673,73,"Fruit"
22033,73,"Fruit"
23815,73,"Fruit"
23816,73,"Fruit"
23817,73,"Fruit"
23827,73,"Fruit"
23634,73,"Fruit"
12334,73,"Fruit"
12335,73,"Fruit"
12519,73,"Fruit"
12520,73,"Fruit"
12333,73,"Fruit"
12558,73,"Fruit"
17811,73,"Fruit"
22052,73,"Fruit"
22005,73,"Fruit"
22006,73,"Fruit"
22007,73,"Fruit"
22009,73,"Fruit"
22010,73,"Fruit"
22011,73,"Fruit"
22013,73,"Fruit"
22014,73,"Fruit"
24889,73,"Fruit"
23616,73,"Fruit"
103,79,"Sheepmeat"
99,79,"Sheepmeat"
15481,79,"Sheepmeat"
104,79,"Sheepmeat"
107,79,"Sheepmeat"
112,79,"Sheepmeat"
126,79,"Sheepmeat"
105,79,"Sheepmeat"
109,79,"Sheepmeat"
127,79,"Sheepmeat"
16764,79,"Sheepmeat"
16771,79,"Sheepmeat"
4662,79,"Sheepmeat"
2977,79,"Sheepmeat"
4404,79,"Sheepmeat"
4393,79,"Sheepmeat"
4405,79,"Sheepmeat"
4657,79,"Sheepmeat"
4658,79,"Sheepmeat"
4659,79,"Sheepmeat"
3053,79,"Sheepmeat"
4418,79,"Sheepmeat"
4419,79,"Sheepmeat"
4423,79,"Sheepmeat"
2998,79,"Sheepmeat"
3044,79,"Sheepmeat"
4653,79,"Sheepmeat"
3024,79,"Sheepmeat"
2993,79,"Sheepmeat"
7897,79,"Sheepmeat"
7899,79,"Sheepmeat"
15237,79,"Sheepmeat"
15483,79,"Sheepmeat"
7905,79,"Sheepmeat"
7288,79,"Sheepmeat"
7898,79,"Sheepmeat"
7290,79,"Sheepmeat"
7291,79,"Sheepmeat"
7292,79,"Sheepmeat"
7909,79,"Sheepmeat"
7877,79,"Sheepmeat"
7289,79,"Sheepmeat"
7896,79,"Sheepmeat"
7287,79,"Sheepmeat"
15501,79,"Sheepmeat"
7876,79,"Sheepmeat"
15238,79,"Sheepmeat"
15499,79,"Sheepmeat"
15500,79,"Sheepmeat"
15502,79,"Sheepmeat"
15503,79,"Sheepmeat"
4656,79,"Sheepmeat"
4420,79,"Sheepmeat"
7886,79,"Sheepmeat"
7276,79,"Sheepmeat"
7277,79,"Sheepmeat"
15249,79,"Sheepmeat"
7296,79,"Sheepmeat"
7297,79,"Sheepmeat"
7910,79,"Sheepmeat"
7912,79,"Sheepmeat"
7263,79,"Sheepmeat"
7911,79,"Sheepmeat"
7858,79,"Sheepmeat"
7881,79,"Sheepmeat"
7888,79,"Sheepmeat"
7890,79,"Sheepmeat"
7283,79,"Sheepmeat"
7892,79,"Sheepmeat"
7894,79,"Sheepmeat"
7285,79,"Sheepmeat"
7286,79,"Sheepmeat"
7893,79,"Sheepmeat"
7895,79,"Sheepmeat"
15998,79,"Sheepmeat"
7884,79,"Sheepmeat"
7284,79,"Sheepmeat"
15999,79,"Sheepmeat"
16000,79,"Sheepmeat"
16001,79,"Sheepmeat"
16004,79,"Sheepmeat"
7891,79,"Sheepmeat"
7261,79,"Sheepmeat"
7264,79,"Sheepmeat"
7265,79,"Sheepmeat"
7857,79,"Sheepmeat"
11621,79,"Sheepmeat"
22835,79,"Sheepmeat"
7853,79,"Sheepmeat"
22544,79,"Sheepmeat"
7854,79,"Sheepmeat"
7863,79,"Sheepmeat"
7864,79,"Sheepmeat"
7868,79,"Sheepmeat"
7269,79,"Sheepmeat"
7880,79,"Sheepmeat"
7866,79,"Sheepmeat"
7869,79,"Sheepmeat"
7259,79,"Sheepmeat"
7302,79,"Sheepmeat"
7918,79,"Sheepmeat"
7852,79,"Sheepmeat"
7870,79,"Sheepmeat"
7873,79,"Sheepmeat"
15248,79,"Sheepmeat"
15251,79,"Sheepmeat"
15508,79,"Sheepmeat"
15515,79,"Sheepmeat"
15519,79,"Sheepmeat"
15252,79,"Sheepmeat"
15253,79,"Sheepmeat"
7260,79,"Sheepmeat"
7267,79,"Sheepmeat"
7272,79,"Sheepmeat"
7885,79,"Sheepmeat"
16006,79,"Sheepmeat"
7859,79,"Sheepmeat"
7860,79,"Sheepmeat"
7861,79,"Sheepmeat"
7356,79,"Sheepmeat"
7862,79,"Sheepmeat"
7867,79,"Sheepmeat"
7274,79,"Sheepmeat"
7889,79,"Sheepmeat"
7275,79,"Sheepmeat"
7273,79,"Sheepmeat"
7361,79,"Sheepmeat"
11902,79,"Sheepmeat"
15509,79,"Sheepmeat"
16003,79,"Sheepmeat"
16011,79,"Sheepmeat"
16007,79,"Sheepmeat"
22279,79,"Sheepmeat"
16010,79,"Sheepmeat"
15826,79,"Sheepmeat"
15516,79,"Sheepmeat"
22536,79,"Sheepmeat"
22537,79,"Sheepmeat"
22280,79,"Sheepmeat"
22281,79,"Sheepmeat"
22709,79,"Sheepmeat"
22828,79,"Sheepmeat"
22829,79,"Sheepmeat"
22590,79,"Sheepmeat"
22614,79,"Sheepmeat"
22538,79,"Sheepmeat"
22539,79,"Sheepmeat"
22717,79,"Sheepmeat"
22731,79,"Sheepmeat"
11874,79,"Sheepmeat"
22836,79,"Sheepmeat"
22802,79,"Sheepmeat"
22803,79,"Sheepmeat"
22789,79,"Sheepmeat"
22807,79,"Sheepmeat"
22574,79,"Sheepmeat"
22575,79,"Sheepmeat"
22808,79,"Sheepmeat"
22578,79,"Sheepmeat"
22579,79,"Sheepmeat"
22580,79,"Sheepmeat"
22581,79,"Sheepmeat"
22582,79,"Sheepmeat"
22583,79,"Sheepmeat"
22584,79,"Sheepmeat"
22594,79,"Sheepmeat"
22598,79,"Sheepmeat"
22811,79,"Sheepmeat"
22620,79,"Sheepmeat"
22576,79,"Sheepmeat"
22577,79,"Sheepmeat"
22607,79,"Sheepmeat"
22831,79,"Sheepmeat"
16002,79,"Sheepmeat"
16005,79,"Sheepmeat"
16008,79,"Sheepmeat"
16009,79,"Sheepmeat"
22495,79,"Sheepmeat"
22534,79,"Sheepmeat"
22535,79,"Sheepmeat"
22540,79,"Sheepmeat"
14086,79,"Sheepmeat"
14076,79,"Sheepmeat"
14082,79,"Sheepmeat"
14085,79,"Sheepmeat"
22840,79,"Sheepmeat"
22813,79,"Sheepmeat"
22741,79,"Sheepmeat"
14096,79,"Sheepmeat"
22742,79,"Sheepmeat"
22822,79,"Sheepmeat"
14087,79,"Sheepmeat"
14193,79,"Sheepmeat"
17721,79,"Sheepmeat"
17722,79,"Sheepmeat"
17723,79,"Sheepmeat"
12375,79,"Sheepmeat"
12376,79,"Sheepmeat"
17818,79,"Sheepmeat"
7882,79,"Sheepmeat"
7883,79,"Sheepmeat"
7254,79,"Sheepmeat"
7255,79,"Sheepmeat"
7926,79,"Sheepmeat"
7923,79,"Sheepmeat"
7927,79,"Sheepmeat"
7311,79,"Sheepmeat"
7920,79,"Sheepmeat"
7312,79,"Sheepmeat"
7328,79,"Sheepmeat"
7330,79,"Sheepmeat"
7329,79,"Sheepmeat"
7252,79,"Sheepmeat"
2810,79,"Sheepmeat"
2813,79,"Sheepmeat"
2815,79,"Sheepmeat"
7251,79,"Sheepmeat"
2814,79,"Sheepmeat"
2838,79,"Sheepmeat"
2811,79,"Sheepmeat"
2855,79,"Sheepmeat"
2859,79,"Sheepmeat"
3009,79,"Sheepmeat"
108,79,"Sheepmeat"
110,79,"Sheepmeat"
16773,79,"Sheepmeat"
16774,79,"Sheepmeat"
16775,79,"Sheepmeat"
17076,79,"Sheepmeat"
16833,79,"Sheepmeat"
17083,79,"Sheepmeat"
16836,79,"Sheepmeat"
15232,79,"Sheepmeat"
15472,79,"Sheepmeat"
7304,79,"Sheepmeat"
7303,79,"Sheepmeat"
7258,79,"Sheepmeat"
7851,79,"Sheepmeat"
7865,79,"Sheepmeat"
2588,79,"Sheepmeat"
2590,79,"Sheepmeat"
2592,79,"Sheepmeat"
2593,79,"Sheepmeat"
2596,79,"Sheepmeat"
2556,79,"Sheepmeat"
2557,79,"Sheepmeat"
2562,79,"Sheepmeat"
2585,79,"Sheepmeat"
2587,79,"Sheepmeat"
2589,79,"Sheepmeat"
4210,79,"Sheepmeat"
2597,79,"Sheepmeat"
2598,79,"Sheepmeat"
2600,79,"Sheepmeat"
2612,79,"Sheepmeat"
2765,79,"Sheepmeat"
4339,79,"Sheepmeat"
4340,79,"Sheepmeat"
4351,79,"Sheepmeat"
4616,79,"Sheepmeat"
4617,79,"Sheepmeat"
4357,79,"Sheepmeat"
7907,79,"Sheepmeat"
4634,79,"Sheepmeat"
4635,79,"Sheepmeat"
2827,79,"Sheepmeat"
2826,79,"Sheepmeat"
2907,79,"Sheepmeat"
2828,79,"Sheepmeat"
2573,79,"Sheepmeat"
7908,79,"Sheepmeat"
4636,79,"Sheepmeat"
4637,79,"Sheepmeat"
4638,79,"Sheepmeat"
2832,79,"Sheepmeat"
2835,79,"Sheepmeat"
2834,79,"Sheepmeat"
4707,79,"Sheepmeat"
4639,79,"Sheepmeat"
4640,79,"Sheepmeat"
3032,79,"Sheepmeat"
4708,79,"Sheepmeat"
4709,79,"Sheepmeat"
3008,79,"Sheepmeat"
3010,79,"Sheepmeat"
2836,79,"Sheepmeat"
2876,79,"Sheepmeat"
2906,79,"Sheepmeat"
2905,79,"Sheepmeat"
2607,79,"Sheepmeat"
2610,79,"Sheepmeat"
2839,79,"Sheepmeat"
2837,79,"Sheepmeat"
2829,79,"Sheepmeat"
2830,79,"Sheepmeat"
7294,79,"Sheepmeat"
7253,79,"Sheepmeat"
2867,79,"Sheepmeat"
2875,79,"Sheepmeat"
7900,79,"Sheepmeat"
7903,79,"Sheepmeat"
7902,79,"Sheepmeat"
17012,79,"Sheepmeat"
2868,79,"Sheepmeat"
2874,79,"Sheepmeat"
11809,79,"Sheepmeat"
2869,79,"Sheepmeat"
2877,79,"Sheepmeat"
2872,79,"Sheepmeat"
2882,79,"Sheepmeat"
2873,79,"Sheepmeat"
2878,79,"Sheepmeat"
2901,79,"Sheepmeat"
2903,79,"Sheepmeat"
2879,79,"Sheepmeat"
2881,79,"Sheepmeat"
2912,79,"Sheepmeat"
2915,79,"Sheepmeat"
2911,79,"Sheepmeat"
11622,79,"Sheepmeat"
12075,79,"Sheepmeat"
12084,79,"Sheepmeat"
12088,79,"Sheepmeat"
12089,79,"Sheepmeat"
12077,79,"Sheepmeat"
12085,79,"Sheepmeat"
12090,79,"Sheepmeat"
12086,79,"Sheepmeat"
11848,79,"Sheepmeat"
11849,79,"Sheepmeat"
12108,79,"Sheepmeat"
12109,79,"Sheepmeat"
12110,79,"Sheepmeat"
11891,79,"Sheepmeat"
12116,79,"Sheepmeat"
11847,79,"Sheepmeat"
12078,79,"Sheepmeat"
12079,79,"Sheepmeat"
11810,79,"Sheepmeat"
11591,79,"Sheepmeat"
11818,79,"Sheepmeat"
11839,79,"Sheepmeat"
7848,79,"Sheepmeat"
11840,79,"Sheepmeat"
11841,79,"Sheepmeat"
11842,79,"Sheepmeat"
7332,79,"Sheepmeat"
11846,79,"Sheepmeat"
7933,79,"Sheepmeat"
7935,79,"Sheepmeat"
7939,79,"Sheepmeat"
11590,79,"Sheepmeat"
11592,79,"Sheepmeat"
11593,79,"Sheepmeat"
11596,79,"Sheepmeat"
11813,79,"Sheepmeat"
11814,79,"Sheepmeat"
11815,79,"Sheepmeat"
7940,79,"Sheepmeat"
12129,79,"Sheepmeat"
11909,79,"Sheepmeat"
11837,79,"Sheepmeat"
11838,79,"Sheepmeat"
11845,79,"Sheepmeat"
16740,79,"Sheepmeat"
16784,79,"Sheepmeat"
17056,79,"Sheepmeat"
17063,79,"Sheepmeat"
17048,79,"Sheepmeat"
17049,79,"Sheepmeat"
17054,79,"Sheepmeat"
17055,79,"Sheepmeat"
17062,79,"Sheepmeat"
16801,79,"Sheepmeat"
16802,79,"Sheepmeat"
15523,79,"Sheepmeat"
15526,79,"Sheepmeat"
16786,79,"Sheepmeat"
16787,79,"Sheepmeat"
16788,79,"Sheepmeat"
17057,79,"Sheepmeat"
16793,79,"Sheepmeat"
16803,79,"Sheepmeat"
16804,79,"Sheepmeat"
16806,79,"Sheepmeat"
16807,79,"Sheepmeat"
15255,79,"Sheepmeat"
15520,79,"Sheepmeat"
15822,79,"Sheepmeat"
15992,79,"Sheepmeat"
15993,79,"Sheepmeat"
17560,79,"Sheepmeat"
15824,79,"Sheepmeat"
15568,79,"Sheepmeat"
15823,79,"Sheepmeat"
15991,79,"Sheepmeat"
17051,79,"Sheepmeat"
17053,79,"Sheepmeat"
16794,79,"Sheepmeat"
16036,79,"Sheepmeat"
16038,79,"Sheepmeat"
16041,79,"Sheepmeat"
16030,79,"Sheepmeat"
15997,79,"Sheepmeat"
15838,79,"Sheepmeat"
16032,79,"Sheepmeat"
13704,79,"Sheepmeat"
15994,79,"Sheepmeat"
15995,79,"Sheepmeat"
15996,79,"Sheepmeat"
17058,79,"Sheepmeat"
15577,79,"Sheepmeat"
15578,79,"Sheepmeat"
22268,79,"Sheepmeat"
16045,79,"Sheepmeat"
16796,79,"Sheepmeat"
16798,79,"Sheepmeat"
16800,79,"Sheepmeat"
16799,79,"Sheepmeat"
15837,79,"Sheepmeat"
16033,79,"Sheepmeat"
16042,79,"Sheepmeat"
22262,79,"Sheepmeat"
16037,79,"Sheepmeat"
17052,79,"Sheepmeat"
17039,79,"Sheepmeat"
4630,79,"Sheepmeat"
4396,79,"Sheepmeat"
4629,79,"Sheepmeat"
4627,79,"Sheepmeat"
4612,79,"Sheepmeat"
4397,79,"Sheepmeat"
4398,79,"Sheepmeat"
4648,79,"Sheepmeat"
4647,79,"Sheepmeat"
4211,79,"Sheepmeat"
4212,79,"Sheepmeat"
2606,79,"Sheepmeat"
2609,79,"Sheepmeat"
4213,79,"Sheepmeat"
4603,79,"Sheepmeat"
4606,79,"Sheepmeat"
2604,79,"Sheepmeat"
2605,79,"Sheepmeat"
2551,79,"Sheepmeat"
2785,79,"Sheepmeat"
2608,79,"Sheepmeat"
4641,79,"Sheepmeat"
4358,79,"Sheepmeat"
4706,79,"Sheepmeat"
4448,79,"Sheepmeat"
2778,79,"Sheepmeat"
4611,79,"Sheepmeat"
2554,79,"Sheepmeat"
2555,79,"Sheepmeat"
4620,79,"Sheepmeat"
4621,79,"Sheepmeat"
4622,79,"Sheepmeat"
4624,79,"Sheepmeat"
2553,79,"Sheepmeat"
2602,79,"Sheepmeat"
2603,79,"Sheepmeat"
2565,79,"Sheepmeat"
2559,79,"Sheepmeat"
2567,79,"Sheepmeat"
2568,79,"Sheepmeat"
2560,79,"Sheepmeat"
2569,79,"Sheepmeat"
2571,79,"Sheepmeat"
2570,79,"Sheepmeat"
7913,79,"Sheepmeat"
7305,79,"Sheepmeat"
7916,79,"Sheepmeat"
7313,79,"Sheepmeat"
7322,79,"Sheepmeat"
7321,79,"Sheepmeat"
7318,79,"Sheepmeat"
7314,79,"Sheepmeat"
7315,79,"Sheepmeat"
7931,79,"Sheepmeat"
7319,79,"Sheepmeat"
7320,79,"Sheepmeat"
2537,79,"Sheepmeat"
2547,79,"Sheepmeat"
2561,79,"Sheepmeat"
2564,79,"Sheepmeat"
2566,79,"Sheepmeat"
2572,79,"Sheepmeat"
2578,79,"Sheepmeat"
2582,79,"Sheepmeat"
2689,79,"Sheepmeat"
2703,79,"Sheepmeat"
2544,79,"Sheepmeat"
2540,79,"Sheepmeat"
2541,79,"Sheepmeat"
2542,79,"Sheepmeat"
2543,79,"Sheepmeat"
2545,79,"Sheepmeat"
2550,79,"Sheepmeat"
4250,79,"Sheepmeat"
7317,79,"Sheepmeat"
2792,79,"Sheepmeat"
2538,79,"Sheepmeat"
2548,79,"Sheepmeat"
2637,79,"Sheepmeat"
2601,79,"Sheepmeat"
2734,79,"Sheepmeat"
2736,79,"Sheepmeat"
2740,79,"Sheepmeat"
4677,79,"Sheepmeat"
4215,79,"Sheepmeat"
2742,79,"Sheepmeat"
2743,79,"Sheepmeat"
2744,79,"Sheepmeat"
2754,79,"Sheepmeat"
2761,79,"Sheepmeat"
2762,79,"Sheepmeat"
4341,79,"Sheepmeat"
4217,79,"Sheepmeat"
4218,79,"Sheepmeat"
4219,79,"Sheepmeat"
4220,79,"Sheepmeat"
4613,79,"Sheepmeat"
4345,79,"Sheepmeat"
4348,79,"Sheepmeat"
4349,79,"Sheepmeat"
4350,79,"Sheepmeat"
4626,79,"Sheepmeat"
4399,79,"Sheepmeat"
2549,79,"Sheepmeat"
4649,79,"Sheepmeat"
4631,79,"Sheepmeat"
4361,79,"Sheepmeat"
4364,79,"Sheepmeat"
4369,79,"Sheepmeat"
4370,79,"Sheepmeat"
4375,79,"Sheepmeat"
4376,79,"Sheepmeat"
4377,79,"Sheepmeat"
4642,79,"Sheepmeat"
4646,79,"Sheepmeat"
4395,79,"Sheepmeat"
4236,79,"Sheepmeat"
4549,79,"Sheepmeat"
4401,79,"Sheepmeat"
4650,79,"Sheepmeat"
4651,79,"Sheepmeat"
4652,79,"Sheepmeat"
17559,79,"Sheepmeat"
17579,79,"Sheepmeat"
17804,79,"Sheepmeat"
17805,79,"Sheepmeat"
17587,79,"Sheepmeat"
17588,79,"Sheepmeat"
15740,79,"Sheepmeat"
15766,79,"Sheepmeat"
17572,79,"Sheepmeat"
17590,79,"Sheepmeat"
17810,79,"Sheepmeat"
17813,79,"Sheepmeat"
17815,79,"Sheepmeat"
17564,79,"Sheepmeat"
17558,79,"Sheepmeat"
4421,79,"Sheepmeat"
4661,79,"Sheepmeat"
4449,79,"Sheepmeat"
2796,79,"Sheepmeat"
12599,79,"Sheepmeat"
14080,79,"Sheepmeat"
17567,79,"Sheepmeat"
17570,79,"Sheepmeat"
17571,79,"Sheepmeat"
17782,79,"Sheepmeat"
17792,79,"Sheepmeat"
17725,79,"Sheepmeat"
12378,79,"Sheepmeat"
12379,79,"Sheepmeat"
12384,79,"Sheepmeat"
12601,79,"Sheepmeat"
14079,79,"Sheepmeat"
12483,79,"Sheepmeat"
12484,79,"Sheepmeat"
12485,79,"Sheepmeat"
12487,79,"Sheepmeat"
12488,79,"Sheepmeat"
12486,79,"Sheepmeat"
12382,79,"Sheepmeat"
12386,79,"Sheepmeat"
12387,79,"Sheepmeat"
12388,79,"Sheepmeat"
24387,79,"Sheepmeat"
12598,79,"Sheepmeat"
24393,79,"Sheepmeat"
24851,79,"Sheepmeat"
4368,79,"Sheepmeat"
4628,79,"Sheepmeat"
4367,79,"Sheepmeat"
4366,79,"Sheepmeat"
12563,79,"Sheepmeat"
23843,79,"Sheepmeat"
22047,79,"Sheepmeat"
12481,79,"Sheepmeat"
12482,79,"Sheepmeat"
12509,79,"Sheepmeat"
12336,79,"Sheepmeat"
12338,79,"Sheepmeat"
12341,79,"Sheepmeat"
12360,79,"Sheepmeat"
12366,79,"Sheepmeat"
12367,79,"Sheepmeat"
12368,79,"Sheepmeat"
12525,79,"Sheepmeat"
12526,79,"Sheepmeat"
12512,79,"Sheepmeat"
12536,79,"Sheepmeat"
14191,79,"Sheepmeat"
17719,79,"Sheepmeat"
17727,79,"Sheepmeat"
17565,79,"Sheepmeat"
17720,79,"Sheepmeat"
12491,79,"Sheepmeat"
12497,79,"Sheepmeat"
12508,79,"Sheepmeat"
12511,79,"Sheepmeat"
12510,79,"Sheepmeat"
17793,79,"Sheepmeat"
17794,79,"Sheepmeat"
17740,79,"Sheepmeat"
14190,79,"Sheepmeat"
14192,79,"Sheepmeat"
13519,79,"Sheepmeat"
13520,79,"Sheepmeat"
13746,79,"Sheepmeat"
13527,79,"Sheepmeat"
13529,79,"Sheepmeat"
16819,79,"Sheepmeat"
17042,79,"Sheepmeat"
16744,79,"Sheepmeat"
16743,79,"Sheepmeat"
16780,79,"Sheepmeat"
16781,79,"Sheepmeat"
16782,79,"Sheepmeat"
15831,79,"Sheepmeat"
15741,79,"Sheepmeat"
15832,79,"Sheepmeat"
15768,79,"Sheepmeat"
17011,79,"Sheepmeat"
15769,79,"Sheepmeat"
15770,79,"Sheepmeat"
17047,79,"Sheepmeat"
17807,79,"Sheepmeat"
17583,79,"Sheepmeat"
17585,79,"Sheepmeat"
15767,79,"Sheepmeat"
15772,79,"Sheepmeat"
15774,79,"Sheepmeat"
15776,79,"Sheepmeat"
15777,79,"Sheepmeat"
15799,79,"Sheepmeat"
15800,79,"Sheepmeat"
15817,79,"Sheepmeat"
17046,79,"Sheepmeat"
15833,79,"Sheepmeat"
15798,79,"Sheepmeat"
15763,79,"Sheepmeat"
16999,79,"Sheepmeat"
15761,79,"Sheepmeat"
17013,79,"Sheepmeat"
16998,79,"Sheepmeat"
17010,79,"Sheepmeat"
15778,79,"Sheepmeat"
15780,79,"Sheepmeat"
15782,79,"Sheepmeat"
15783,79,"Sheepmeat"
15784,79,"Sheepmeat"
15791,79,"Sheepmeat"
15793,79,"Sheepmeat"
15819,79,"Sheepmeat"
15565,79,"Sheepmeat"
15566,79,"Sheepmeat"
15567,79,"Sheepmeat"
15569,79,"Sheepmeat"
15825,79,"Sheepmeat"
16027,79,"Sheepmeat"
15834,79,"Sheepmeat"
16746,79,"Sheepmeat"
16747,79,"Sheepmeat"
16748,79,"Sheepmeat"
16751,79,"Sheepmeat"
16741,79,"Sheepmeat"
17016,79,"Sheepmeat"
17018,79,"Sheepmeat"
17072,79,"Sheepmeat"
17041,79,"Sheepmeat"
16829,79,"Sheepmeat"
17074,79,"Sheepmeat"
17075,79,"Sheepmeat"
17080,79,"Sheepmeat"
15474,79,"Sheepmeat"
15473,79,"Sheepmeat"
15478,79,"Sheepmeat"
15236,79,"Sheepmeat"
15482,79,"Sheepmeat"
15242,79,"Sheepmeat"
16818,79,"Sheepmeat"
15246,79,"Sheepmeat"
15485,79,"Sheepmeat"
15259,79,"Sheepmeat"
16838,79,"Sheepmeat"
17066,79,"Sheepmeat"
17065,79,"Sheepmeat"
13700,79,"Sheepmeat"
13734,79,"Sheepmeat"
13735,79,"Sheepmeat"
13736,79,"Sheepmeat"
13738,79,"Sheepmeat"
17756,79,"Sheepmeat"
17758,79,"Sheepmeat"
17539,79,"Sheepmeat"
17545,79,"Sheepmeat"
17547,79,"Sheepmeat"
17550,79,"Sheepmeat"
17554,79,"Sheepmeat"
13502,79,"Sheepmeat"
13503,79,"Sheepmeat"
13698,79,"Sheepmeat"
13712,79,"Sheepmeat"
17754,79,"Sheepmeat"
17551,79,"Sheepmeat"
17553,79,"Sheepmeat"
17760,79,"Sheepmeat"
17780,79,"Sheepmeat"
17781,79,"Sheepmeat"
17778,79,"Sheepmeat"
22833,79,"Sheepmeat"
22616,79,"Sheepmeat"
22621,79,"Sheepmeat"
22618,79,"Sheepmeat"
22615,79,"Sheepmeat"
22738,79,"Sheepmeat"
13470,79,"Sheepmeat"
13217,79,"Sheepmeat"
15703,79,"Sheepmeat"
13221,79,"Sheepmeat"
15702,79,"Sheepmeat"
15689,79,"Sheepmeat"
15688,79,"Sheepmeat"
15666,79,"Sheepmeat"
15667,79,"Sheepmeat"
17812,79,"Sheepmeat"
17814,79,"Sheepmeat"
17816,79,"Sheepmeat"
12537,79,"Sheepmeat"
12538,79,"Sheepmeat"
15671,79,"Sheepmeat"
15679,79,"Sheepmeat"
15682,79,"Sheepmeat"
15726,79,"Sheepmeat"
13642,79,"Sheepmeat"
15657,79,"Sheepmeat"
15673,79,"Sheepmeat"
15672,79,"Sheepmeat"
15663,79,"Sheepmeat"
15665,79,"Sheepmeat"
15669,79,"Sheepmeat"
15670,79,"Sheepmeat"
15668,79,"Sheepmeat"
15680,79,"Sheepmeat"
15681,79,"Sheepmeat"
15495,79,"Sheepmeat"
15505,79,"Sheepmeat"
15522,79,"Sheepmeat"
22464,79,"Sheepmeat"
15599,79,"Sheepmeat"
15528,79,"Sheepmeat"
15601,79,"Sheepmeat"
15618,79,"Sheepmeat"
15254,79,"Sheepmeat"
15576,79,"Sheepmeat"
15283,79,"Sheepmeat"
15285,79,"Sheepmeat"
15570,79,"Sheepmeat"
15563,79,"Sheepmeat"
15579,79,"Sheepmeat"
22208,79,"Sheepmeat"
16797,79,"Sheepmeat"
22469,79,"Sheepmeat"
22477,79,"Sheepmeat"
15848,79,"Sheepmeat"
15527,79,"Sheepmeat"
15580,79,"Sheepmeat"
22232,79,"Sheepmeat"
22470,79,"Sheepmeat"
22471,79,"Sheepmeat"
22486,79,"Sheepmeat"
22487,79,"Sheepmeat"
22241,79,"Sheepmeat"
22472,79,"Sheepmeat"
22518,79,"Sheepmeat"
22244,79,"Sheepmeat"
22515,79,"Sheepmeat"
22516,79,"Sheepmeat"
22517,79,"Sheepmeat"
22254,79,"Sheepmeat"
22491,79,"Sheepmeat"
22239,79,"Sheepmeat"
22256,79,"Sheepmeat"
22513,79,"Sheepmeat"
22521,79,"Sheepmeat"
22274,79,"Sheepmeat"
22740,79,"Sheepmeat"
13701,79,"Sheepmeat"
22512,79,"Sheepmeat"
15511,79,"Sheepmeat"
22591,79,"Sheepmeat"
22826,79,"Sheepmeat"
22667,79,"Sheepmeat"
22497,79,"Sheepmeat"
22501,79,"Sheepmeat"
22275,79,"Sheepmeat"
22530,79,"Sheepmeat"
22531,79,"Sheepmeat"
22532,79,"Sheepmeat"
22706,79,"Sheepmeat"
22708,79,"Sheepmeat"
17009,79,"Sheepmeat"
15742,79,"Sheepmeat"
15743,79,"Sheepmeat"
16020,79,"Sheepmeat"
16013,79,"Sheepmeat"
17001,79,"Sheepmeat"
15744,79,"Sheepmeat"
15756,79,"Sheepmeat"
15781,79,"Sheepmeat"
15785,79,"Sheepmeat"
15786,79,"Sheepmeat"
15802,79,"Sheepmeat"
15805,79,"Sheepmeat"
15806,79,"Sheepmeat"
15747,79,"Sheepmeat"
16988,79,"Sheepmeat"
16022,79,"Sheepmeat"
16997,79,"Sheepmeat"
15813,79,"Sheepmeat"
15814,79,"Sheepmeat"
15821,79,"Sheepmeat"
15564,79,"Sheepmeat"
16989,79,"Sheepmeat"
17005,79,"Sheepmeat"
17591,79,"Sheepmeat"
17817,79,"Sheepmeat"
15714,79,"Sheepmeat"
15721,79,"Sheepmeat"
15722,79,"Sheepmeat"
17811,79,"Sheepmeat"
15658,79,"Sheepmeat"
15659,79,"Sheepmeat"
15660,79,"Sheepmeat"
15662,79,"Sheepmeat"
15664,79,"Sheepmeat"
12540,79,"Sheepmeat"
22034,79,"Sheepmeat"
22035,79,"Sheepmeat"
21848,79,"Sheepmeat"
21816,79,"Sheepmeat"
22031,79,"Sheepmeat"
22040,79,"Sheepmeat"
22043,79,"Sheepmeat"
21854,79,"Sheepmeat"
22092,79,"Sheepmeat"
22093,79,"Sheepmeat"
22096,79,"Sheepmeat"
22097,79,"Sheepmeat"
22098,79,"Sheepmeat"
12504,79,"Sheepmeat"
24885,79,"Sheepmeat"
15677,79,"Sheepmeat"
15745,79,"Sheepmeat"
15757,79,"Sheepmeat"
15758,79,"Sheepmeat"
15711,79,"Sheepmeat"
15735,79,"Sheepmeat"
15732,79,"Sheepmeat"
15739,79,"Sheepmeat"
15738,79,"Sheepmeat"
15683,79,"Sheepmeat"
15684,79,"Sheepmeat"
15685,79,"Sheepmeat"
15694,79,"Sheepmeat"
15715,79,"Sheepmeat"
15712,79,"Sheepmeat"
15725,79,"Sheepmeat"
103,65,"Sheepmeat"
99,65,"Sheepmeat"
15481,65,"Sheepmeat"
104,65,"Sheepmeat"
107,65,"Sheepmeat"
112,65,"Sheepmeat"
126,65,"Sheepmeat"
105,65,"Sheepmeat"
109,65,"Sheepmeat"
127,65,"Sheepmeat"
16764,65,"Sheepmeat"
4662,65,"Sheepmeat"
2977,65,"Sheepmeat"
4404,65,"Sheepmeat"
4393,65,"Sheepmeat"
4405,65,"Sheepmeat"
4657,65,"Sheepmeat"
4658,65,"Sheepmeat"
4659,65,"Sheepmeat"
3053,65,"Sheepmeat"
4418,65,"Sheepmeat"
4419,65,"Sheepmeat"
4423,65,"Sheepmeat"
2998,65,"Sheepmeat"
3044,65,"Sheepmeat"
4653,65,"Sheepmeat"
3024,65,"Sheepmeat"
2993,65,"Sheepmeat"
7897,65,"Sheepmeat"
7899,65,"Sheepmeat"
15237,65,"Sheepmeat"
15483,65,"Sheepmeat"
7905,65,"Sheepmeat"
7288,65,"Sheepmeat"
7898,65,"Sheepmeat"
7290,65,"Sheepmeat"
7291,65,"Sheepmeat"
7292,65,"Sheepmeat"
7909,65,"Sheepmeat"
7877,65,"Sheepmeat"
7289,65,"Sheepmeat"
7896,65,"Sheepmeat"
7287,65,"Sheepmeat"
15501,65,"Sheepmeat"
7876,65,"Sheepmeat"
15238,65,"Sheepmeat"
15499,65,"Sheepmeat"
15500,65,"Sheepmeat"
15502,65,"Sheepmeat"
15503,65,"Sheepmeat"
4656,65,"Sheepmeat"
4420,65,"Sheepmeat"
7886,65,"Sheepmeat"
7276,65,"Sheepmeat"
7277,65,"Sheepmeat"
15249,65,"Sheepmeat"
7296,65,"Sheepmeat"
7297,65,"Sheepmeat"
7910,65,"Sheepmeat"
7912,65,"Sheepmeat"
7263,65,"Sheepmeat"
7911,65,"Sheepmeat"
7858,65,"Sheepmeat"
7881,65,"Sheepmeat"
7888,65,"Sheepmeat"
7890,65,"Sheepmeat"
7283,65,"Sheepmeat"
7894,65,"Sheepmeat"
7285,65,"Sheepmeat"
7286,65,"Sheepmeat"
7893,65,"Sheepmeat"
7895,65,"Sheepmeat"
15998,65,"Sheepmeat"
7884,65,"Sheepmeat"
7284,65,"Sheepmeat"
15999,65,"Sheepmeat"
16000,65,"Sheepmeat"
16001,65,"Sheepmeat"
16004,65,"Sheepmeat"
7891,65,"Sheepmeat"
7261,65,"Sheepmeat"
7264,65,"Sheepmeat"
7265,65,"Sheepmeat"
7857,65,"Sheepmeat"
11621,65,"Sheepmeat"
22835,65,"Sheepmeat"
7853,65,"Sheepmeat"
7854,65,"Sheepmeat"
7863,65,"Sheepmeat"
7864,65,"Sheepmeat"
7868,65,"Sheepmeat"
7269,65,"Sheepmeat"
7880,65,"Sheepmeat"
7866,65,"Sheepmeat"
7869,65,"Sheepmeat"
7259,65,"Sheepmeat"
7302,65,"Sheepmeat"
7918,65,"Sheepmeat"
7852,65,"Sheepmeat"
7870,65,"Sheepmeat"
7873,65,"Sheepmeat"
15248,65,"Sheepmeat"
15251,65,"Sheepmeat"
15508,65,"Sheepmeat"
15515,65,"Sheepmeat"
15519,65,"Sheepmeat"
15252,65,"Sheepmeat"
15253,65,"Sheepmeat"
7260,65,"Sheepmeat"
7267,65,"Sheepmeat"
7272,65,"Sheepmeat"
7885,65,"Sheepmeat"
16006,65,"Sheepmeat"
7859,65,"Sheepmeat"
7860,65,"Sheepmeat"
7861,65,"Sheepmeat"
7356,65,"Sheepmeat"
7862,65,"Sheepmeat"
7867,65,"Sheepmeat"
7274,65,"Sheepmeat"
7889,65,"Sheepmeat"
7275,65,"Sheepmeat"
7273,65,"Sheepmeat"
7361,65,"Sheepmeat"
11902,65,"Sheepmeat"
16003,65,"Sheepmeat"
16011,65,"Sheepmeat"
16007,65,"Sheepmeat"
22279,65,"Sheepmeat"
16010,65,"Sheepmeat"
15826,65,"Sheepmeat"
15516,65,"Sheepmeat"
22536,65,"Sheepmeat"
22537,65,"Sheepmeat"
22280,65,"Sheepmeat"
22281,65,"Sheepmeat"
22709,65,"Sheepmeat"
22828,65,"Sheepmeat"
22829,65,"Sheepmeat"
22590,65,"Sheepmeat"
22614,65,"Sheepmeat"
22538,65,"Sheepmeat"
22539,65,"Sheepmeat"
22717,65,"Sheepmeat"
22731,65,"Sheepmeat"
11874,65,"Sheepmeat"
22836,65,"Sheepmeat"
22802,65,"Sheepmeat"
22803,65,"Sheepmeat"
22789,65,"Sheepmeat"
22807,65,"Sheepmeat"
22574,65,"Sheepmeat"
22575,65,"Sheepmeat"
22578,65,"Sheepmeat"
22579,65,"Sheepmeat"
22580,65,"Sheepmeat"
22581,65,"Sheepmeat"
22582,65,"Sheepmeat"
22583,65,"Sheepmeat"
22584,65,"Sheepmeat"
22594,65,"Sheepmeat"
22598,65,"Sheepmeat"
22620,65,"Sheepmeat"
22576,65,"Sheepmeat"
22577,65,"Sheepmeat"
22607,65,"Sheepmeat"
22831,65,"Sheepmeat"
16002,65,"Sheepmeat"
16005,65,"Sheepmeat"
16008,65,"Sheepmeat"
16009,65,"Sheepmeat"
22495,65,"Sheepmeat"
22534,65,"Sheepmeat"
22535,65,"Sheepmeat"
22540,65,"Sheepmeat"
14082,65,"Sheepmeat"
22840,65,"Sheepmeat"
22741,65,"Sheepmeat"
14096,65,"Sheepmeat"
22742,65,"Sheepmeat"
22822,65,"Sheepmeat"
14087,65,"Sheepmeat"
14193,65,"Sheepmeat"
17721,65,"Sheepmeat"
17722,65,"Sheepmeat"
17723,65,"Sheepmeat"
12375,65,"Sheepmeat"
12376,65,"Sheepmeat"
17818,65,"Sheepmeat"
7882,65,"Sheepmeat"
7883,65,"Sheepmeat"
7254,65,"Sheepmeat"
7255,65,"Sheepmeat"
7926,65,"Sheepmeat"
7923,65,"Sheepmeat"
7927,65,"Sheepmeat"
7311,65,"Sheepmeat"
7920,65,"Sheepmeat"
7312,65,"Sheepmeat"
7328,65,"Sheepmeat"
7330,65,"Sheepmeat"
7329,65,"Sheepmeat"
7252,65,"Sheepmeat"
2810,65,"Sheepmeat"
2813,65,"Sheepmeat"
2815,65,"Sheepmeat"
7251,65,"Sheepmeat"
2814,65,"Sheepmeat"
2838,65,"Sheepmeat"
2811,65,"Sheepmeat"
2855,65,"Sheepmeat"
2859,65,"Sheepmeat"
3009,65,"Sheepmeat"
108,65,"Sheepmeat"
110,65,"Sheepmeat"
16773,65,"Sheepmeat"
16774,65,"Sheepmeat"
16775,65,"Sheepmeat"
17076,65,"Sheepmeat"
16833,65,"Sheepmeat"
17083,65,"Sheepmeat"
16836,65,"Sheepmeat"
15232,65,"Sheepmeat"
15472,65,"Sheepmeat"
7304,65,"Sheepmeat"
7303,65,"Sheepmeat"
7258,65,"Sheepmeat"
7851,65,"Sheepmeat"
7865,65,"Sheepmeat"
2588,65,"Sheepmeat"
2590,65,"Sheepmeat"
2592,65,"Sheepmeat"
2593,65,"Sheepmeat"
2596,65,"Sheepmeat"
2556,65,"Sheepmeat"
2557,65,"Sheepmeat"
2562,65,"Sheepmeat"
2585,65,"Sheepmeat"
2587,65,"Sheepmeat"
2589,65,"Sheepmeat"
4210,65,"Sheepmeat"
2597,65,"Sheepmeat"
2598,65,"Sheepmeat"
2600,65,"Sheepmeat"
2612,65,"Sheepmeat"
2765,65,"Sheepmeat"
4339,65,"Sheepmeat"
4340,65,"Sheepmeat"
4351,65,"Sheepmeat"
4616,65,"Sheepmeat"
4617,65,"Sheepmeat"
4357,65,"Sheepmeat"
7907,65,"Sheepmeat"
4634,65,"Sheepmeat"
4635,65,"Sheepmeat"
2827,65,"Sheepmeat"
2826,65,"Sheepmeat"
2907,65,"Sheepmeat"
2828,65,"Sheepmeat"
2573,65,"Sheepmeat"
7908,65,"Sheepmeat"
4636,65,"Sheepmeat"
4637,65,"Sheepmeat"
4638,65,"Sheepmeat"
2832,65,"Sheepmeat"
2835,65,"Sheepmeat"
2834,65,"Sheepmeat"
4707,65,"Sheepmeat"
4639,65,"Sheepmeat"
4640,65,"Sheepmeat"
3032,65,"Sheepmeat"
4708,65,"Sheepmeat"
4709,65,"Sheepmeat"
3008,65,"Sheepmeat"
3010,65,"Sheepmeat"
2836,65,"Sheepmeat"
2876,65,"Sheepmeat"
2906,65,"Sheepmeat"
2905,65,"Sheepmeat"
2607,65,"Sheepmeat"
2610,65,"Sheepmeat"
2839,65,"Sheepmeat"
2837,65,"Sheepmeat"
2829,65,"Sheepmeat"
2830,65,"Sheepmeat"
7294,65,"Sheepmeat"
7253,65,"Sheepmeat"
2867,65,"Sheepmeat"
2875,65,"Sheepmeat"
7900,65,"Sheepmeat"
7903,65,"Sheepmeat"
7902,65,"Sheepmeat"
17012,65,"Sheepmeat"
2868,65,"Sheepmeat"
2874,65,"Sheepmeat"
11809,65,"Sheepmeat"
2869,65,"Sheepmeat"
2877,65,"Sheepmeat"
2872,65,"Sheepmeat"
2882,65,"Sheepmeat"
2873,65,"Sheepmeat"
2878,65,"Sheepmeat"
2901,65,"Sheepmeat"
2903,65,"Sheepmeat"
2879,65,"Sheepmeat"
2881,65,"Sheepmeat"
2912,65,"Sheepmeat"
2915,65,"Sheepmeat"
2911,65,"Sheepmeat"
11622,65,"Sheepmeat"
12075,65,"Sheepmeat"
12084,65,"Sheepmeat"
12088,65,"Sheepmeat"
12089,65,"Sheepmeat"
12077,65,"Sheepmeat"
12085,65,"Sheepmeat"
12090,65,"Sheepmeat"
12086,65,"Sheepmeat"
11848,65,"Sheepmeat"
11849,65,"Sheepmeat"
12108,65,"Sheepmeat"
12109,65,"Sheepmeat"
12110,65,"Sheepmeat"
11891,65,"Sheepmeat"
12116,65,"Sheepmeat"
11847,65,"Sheepmeat"
12078,65,"Sheepmeat"
12079,65,"Sheepmeat"
11810,65,"Sheepmeat"
11591,65,"Sheepmeat"
11818,65,"Sheepmeat"
11839,65,"Sheepmeat"
7848,65,"Sheepmeat"
11840,65,"Sheepmeat"
11841,65,"Sheepmeat"
11842,65,"Sheepmeat"
7332,65,"Sheepmeat"
11846,65,"Sheepmeat"
7933,65,"Sheepmeat"
7935,65,"Sheepmeat"
11590,65,"Sheepmeat"
11592,65,"Sheepmeat"
11593,65,"Sheepmeat"
11596,65,"Sheepmeat"
11813,65,"Sheepmeat"
11814,65,"Sheepmeat"
11815,65,"Sheepmeat"
7940,65,"Sheepmeat"
12129,65,"Sheepmeat"
11909,65,"Sheepmeat"
11837,65,"Sheepmeat"
11838,65,"Sheepmeat"
11845,65,"Sheepmeat"
16740,65,"Sheepmeat"
16784,65,"Sheepmeat"
17056,65,"Sheepmeat"
17063,65,"Sheepmeat"
17048,65,"Sheepmeat"
17049,65,"Sheepmeat"
17054,65,"Sheepmeat"
17055,65,"Sheepmeat"
17062,65,"Sheepmeat"
16801,65,"Sheepmeat"
16802,65,"Sheepmeat"
15523,65,"Sheepmeat"
15526,65,"Sheepmeat"
16786,65,"Sheepmeat"
16787,65,"Sheepmeat"
16788,65,"Sheepmeat"
17057,65,"Sheepmeat"
16803,65,"Sheepmeat"
16804,65,"Sheepmeat"
16806,65,"Sheepmeat"
16807,65,"Sheepmeat"
15255,65,"Sheepmeat"
15520,65,"Sheepmeat"
15822,65,"Sheepmeat"
15992,65,"Sheepmeat"
15993,65,"Sheepmeat"
17560,65,"Sheepmeat"
15824,65,"Sheepmeat"
15568,65,"Sheepmeat"
15823,65,"Sheepmeat"
15991,65,"Sheepmeat"
17051,65,"Sheepmeat"
17053,65,"Sheepmeat"
16794,65,"Sheepmeat"
16036,65,"Sheepmeat"
16038,65,"Sheepmeat"
16041,65,"Sheepmeat"
16030,65,"Sheepmeat"
15997,65,"Sheepmeat"
15838,65,"Sheepmeat"
16032,65,"Sheepmeat"
13704,65,"Sheepmeat"
15994,65,"Sheepmeat"
15995,65,"Sheepmeat"
15996,65,"Sheepmeat"
17058,65,"Sheepmeat"
15577,65,"Sheepmeat"
15578,65,"Sheepmeat"
22268,65,"Sheepmeat"
16045,65,"Sheepmeat"
16796,65,"Sheepmeat"
16798,65,"Sheepmeat"
16800,65,"Sheepmeat"
16799,65,"Sheepmeat"
15837,65,"Sheepmeat"
16033,65,"Sheepmeat"
16042,65,"Sheepmeat"
22262,65,"Sheepmeat"
16037,65,"Sheepmeat"
17052,65,"Sheepmeat"
17039,65,"Sheepmeat"
4630,65,"Sheepmeat"
4396,65,"Sheepmeat"
4629,65,"Sheepmeat"
4627,65,"Sheepmeat"
4612,65,"Sheepmeat"
4397,65,"Sheepmeat"
4398,65,"Sheepmeat"
4648,65,"Sheepmeat"
4647,65,"Sheepmeat"
4211,65,"Sheepmeat"
4212,65,"Sheepmeat"
2606,65,"Sheepmeat"
2609,65,"Sheepmeat"
4213,65,"Sheepmeat"
4603,65,"Sheepmeat"
4606,65,"Sheepmeat"
2604,65,"Sheepmeat"
2605,65,"Sheepmeat"
2551,65,"Sheepmeat"
2785,65,"Sheepmeat"
2608,65,"Sheepmeat"
4641,65,"Sheepmeat"
4358,65,"Sheepmeat"
4706,65,"Sheepmeat"
4448,65,"Sheepmeat"
2778,65,"Sheepmeat"
4611,65,"Sheepmeat"
2554,65,"Sheepmeat"
2555,65,"Sheepmeat"
4620,65,"Sheepmeat"
4621,65,"Sheepmeat"
4622,65,"Sheepmeat"
4624,65,"Sheepmeat"
2553,65,"Sheepmeat"
2602,65,"Sheepmeat"
2603,65,"Sheepmeat"
2565,65,"Sheepmeat"
2559,65,"Sheepmeat"
2567,65,"Sheepmeat"
2568,65,"Sheepmeat"
2560,65,"Sheepmeat"
2569,65,"Sheepmeat"
2571,65,"Sheepmeat"
2570,65,"Sheepmeat"
7913,65,"Sheepmeat"
7305,65,"Sheepmeat"
7916,65,"Sheepmeat"
7313,65,"Sheepmeat"
7322,65,"Sheepmeat"
7321,65,"Sheepmeat"
7318,65,"Sheepmeat"
7314,65,"Sheepmeat"
7315,65,"Sheepmeat"
7931,65,"Sheepmeat"
7319,65,"Sheepmeat"
7320,65,"Sheepmeat"
2537,65,"Sheepmeat"
2547,65,"Sheepmeat"
2561,65,"Sheepmeat"
2564,65,"Sheepmeat"
2566,65,"Sheepmeat"
2572,65,"Sheepmeat"
2578,65,"Sheepmeat"
2582,65,"Sheepmeat"
2689,65,"Sheepmeat"
2703,65,"Sheepmeat"
2544,65,"Sheepmeat"
2540,65,"Sheepmeat"
2541,65,"Sheepmeat"
2542,65,"Sheepmeat"
2543,65,"Sheepmeat"
2545,65,"Sheepmeat"
2550,65,"Sheepmeat"
4250,65,"Sheepmeat"
7317,65,"Sheepmeat"
2792,65,"Sheepmeat"
2538,65,"Sheepmeat"
2548,65,"Sheepmeat"
2637,65,"Sheepmeat"
2601,65,"Sheepmeat"
2734,65,"Sheepmeat"
2736,65,"Sheepmeat"
2740,65,"Sheepmeat"
4677,65,"Sheepmeat"
4215,65,"Sheepmeat"
2742,65,"Sheepmeat"
2743,65,"Sheepmeat"
2744,65,"Sheepmeat"
2754,65,"Sheepmeat"
2761,65,"Sheepmeat"
2762,65,"Sheepmeat"
4341,65,"Sheepmeat"
4217,65,"Sheepmeat"
4218,65,"Sheepmeat"
4219,65,"Sheepmeat"
4220,65,"Sheepmeat"
4613,65,"Sheepmeat"
4345,65,"Sheepmeat"
4348,65,"Sheepmeat"
4349,65,"Sheepmeat"
4350,65,"Sheepmeat"
4626,65,"Sheepmeat"
4399,65,"Sheepmeat"
2549,65,"Sheepmeat"
4649,65,"Sheepmeat"
4631,65,"Sheepmeat"
4361,65,"Sheepmeat"
4364,65,"Sheepmeat"
4369,65,"Sheepmeat"
4370,65,"Sheepmeat"
4375,65,"Sheepmeat"
4376,65,"Sheepmeat"
4377,65,"Sheepmeat"
4642,65,"Sheepmeat"
4646,65,"Sheepmeat"
4395,65,"Sheepmeat"
4236,65,"Sheepmeat"
4549,65,"Sheepmeat"
4401,65,"Sheepmeat"
4650,65,"Sheepmeat"
4651,65,"Sheepmeat"
4652,65,"Sheepmeat"
17559,65,"Sheepmeat"
17579,65,"Sheepmeat"
17804,65,"Sheepmeat"
17805,65,"Sheepmeat"
17587,65,"Sheepmeat"
17588,65,"Sheepmeat"
15740,65,"Sheepmeat"
15766,65,"Sheepmeat"
17572,65,"Sheepmeat"
17590,65,"Sheepmeat"
17810,65,"Sheepmeat"
17813,65,"Sheepmeat"
17815,65,"Sheepmeat"
17564,65,"Sheepmeat"
17558,65,"Sheepmeat"
4421,65,"Sheepmeat"
4661,65,"Sheepmeat"
4449,65,"Sheepmeat"
2796,65,"Sheepmeat"
17567,65,"Sheepmeat"
17570,65,"Sheepmeat"
17571,65,"Sheepmeat"
17782,65,"Sheepmeat"
17792,65,"Sheepmeat"
17725,65,"Sheepmeat"
12378,65,"Sheepmeat"
12379,65,"Sheepmeat"
12384,65,"Sheepmeat"
12483,65,"Sheepmeat"
12484,65,"Sheepmeat"
12485,65,"Sheepmeat"
12487,65,"Sheepmeat"
12488,65,"Sheepmeat"
12486,65,"Sheepmeat"
24387,65,"Sheepmeat"
12598,65,"Sheepmeat"
24851,65,"Sheepmeat"
4368,65,"Sheepmeat"
4628,65,"Sheepmeat"
4367,65,"Sheepmeat"
4366,65,"Sheepmeat"
12563,65,"Sheepmeat"
23843,65,"Sheepmeat"
22047,65,"Sheepmeat"
12481,65,"Sheepmeat"
12482,65,"Sheepmeat"
12509,65,"Sheepmeat"
12336,65,"Sheepmeat"
12338,65,"Sheepmeat"
12341,65,"Sheepmeat"
12366,65,"Sheepmeat"
12367,65,"Sheepmeat"
12368,65,"Sheepmeat"
12512,65,"Sheepmeat"
12536,65,"Sheepmeat"
14191,65,"Sheepmeat"
17719,65,"Sheepmeat"
17727,65,"Sheepmeat"
17565,65,"Sheepmeat"
17720,65,"Sheepmeat"
12491,65,"Sheepmeat"
12497,65,"Sheepmeat"
12508,65,"Sheepmeat"
12511,65,"Sheepmeat"
12510,65,"Sheepmeat"
17793,65,"Sheepmeat"
17794,65,"Sheepmeat"
17740,65,"Sheepmeat"
14190,65,"Sheepmeat"
14192,65,"Sheepmeat"
13519,65,"Sheepmeat"
13520,65,"Sheepmeat"
13746,65,"Sheepmeat"
13527,65,"Sheepmeat"
13529,65,"Sheepmeat"
16819,65,"Sheepmeat"
17042,65,"Sheepmeat"
16744,65,"Sheepmeat"
16780,65,"Sheepmeat"
16782,65,"Sheepmeat"
15831,65,"Sheepmeat"
15741,65,"Sheepmeat"
15832,65,"Sheepmeat"
15768,65,"Sheepmeat"
17011,65,"Sheepmeat"
15769,65,"Sheepmeat"
15770,65,"Sheepmeat"
17047,65,"Sheepmeat"
17807,65,"Sheepmeat"
17583,65,"Sheepmeat"
17585,65,"Sheepmeat"
15767,65,"Sheepmeat"
15772,65,"Sheepmeat"
15774,65,"Sheepmeat"
15776,65,"Sheepmeat"
15777,65,"Sheepmeat"
15799,65,"Sheepmeat"
15800,65,"Sheepmeat"
15817,65,"Sheepmeat"
17046,65,"Sheepmeat"
15833,65,"Sheepmeat"
15798,65,"Sheepmeat"
15763,65,"Sheepmeat"
16999,65,"Sheepmeat"
15761,65,"Sheepmeat"
17013,65,"Sheepmeat"
16998,65,"Sheepmeat"
17010,65,"Sheepmeat"
15778,65,"Sheepmeat"
15791,65,"Sheepmeat"
15819,65,"Sheepmeat"
15565,65,"Sheepmeat"
15566,65,"Sheepmeat"
15567,65,"Sheepmeat"
15569,65,"Sheepmeat"
15825,65,"Sheepmeat"
15834,65,"Sheepmeat"
16746,65,"Sheepmeat"
16747,65,"Sheepmeat"
16748,65,"Sheepmeat"
16751,65,"Sheepmeat"
16741,65,"Sheepmeat"
17016,65,"Sheepmeat"
17018,65,"Sheepmeat"
17072,65,"Sheepmeat"
17041,65,"Sheepmeat"
16829,65,"Sheepmeat"
17074,65,"Sheepmeat"
17075,65,"Sheepmeat"
17080,65,"Sheepmeat"
15474,65,"Sheepmeat"
15473,65,"Sheepmeat"
15478,65,"Sheepmeat"
15236,65,"Sheepmeat"
15482,65,"Sheepmeat"
15242,65,"Sheepmeat"
15246,65,"Sheepmeat"
15485,65,"Sheepmeat"
15259,65,"Sheepmeat"
16838,65,"Sheepmeat"
17066,65,"Sheepmeat"
17065,65,"Sheepmeat"
13700,65,"Sheepmeat"
13734,65,"Sheepmeat"
13735,65,"Sheepmeat"
13736,65,"Sheepmeat"
13738,65,"Sheepmeat"
17756,65,"Sheepmeat"
17758,65,"Sheepmeat"
17539,65,"Sheepmeat"
17545,65,"Sheepmeat"
17547,65,"Sheepmeat"
17550,65,"Sheepmeat"
17554,65,"Sheepmeat"
13502,65,"Sheepmeat"
13503,65,"Sheepmeat"
13698,65,"Sheepmeat"
13712,65,"Sheepmeat"
17754,65,"Sheepmeat"
17551,65,"Sheepmeat"
17553,65,"Sheepmeat"
17760,65,"Sheepmeat"
17780,65,"Sheepmeat"
17781,65,"Sheepmeat"
17778,65,"Sheepmeat"
22833,65,"Sheepmeat"
22616,65,"Sheepmeat"
22621,65,"Sheepmeat"
22618,65,"Sheepmeat"
22615,65,"Sheepmeat"
22738,65,"Sheepmeat"
13470,65,"Sheepmeat"
13217,65,"Sheepmeat"
15703,65,"Sheepmeat"
13221,65,"Sheepmeat"
15702,65,"Sheepmeat"
15689,65,"Sheepmeat"
15688,65,"Sheepmeat"
15666,65,"Sheepmeat"
15667,65,"Sheepmeat"
17812,65,"Sheepmeat"
17814,65,"Sheepmeat"
17816,65,"Sheepmeat"
12537,65,"Sheepmeat"
12538,65,"Sheepmeat"
15671,65,"Sheepmeat"
15679,65,"Sheepmeat"
15682,65,"Sheepmeat"
15726,65,"Sheepmeat"
13642,65,"Sheepmeat"
15657,65,"Sheepmeat"
15673,65,"Sheepmeat"
15672,65,"Sheepmeat"
15663,65,"Sheepmeat"
15665,65,"Sheepmeat"
15669,65,"Sheepmeat"
15670,65,"Sheepmeat"
15668,65,"Sheepmeat"
15680,65,"Sheepmeat"
15681,65,"Sheepmeat"
15495,65,"Sheepmeat"
15505,65,"Sheepmeat"
15522,65,"Sheepmeat"
22464,65,"Sheepmeat"
15599,65,"Sheepmeat"
15528,65,"Sheepmeat"
15601,65,"Sheepmeat"
15618,65,"Sheepmeat"
15254,65,"Sheepmeat"
15576,65,"Sheepmeat"
15283,65,"Sheepmeat"
15285,65,"Sheepmeat"
15570,65,"Sheepmeat"
15563,65,"Sheepmeat"
15579,65,"Sheepmeat"
22208,65,"Sheepmeat"
16797,65,"Sheepmeat"
22469,65,"Sheepmeat"
22477,65,"Sheepmeat"
15848,65,"Sheepmeat"
15527,65,"Sheepmeat"
15580,65,"Sheepmeat"
22232,65,"Sheepmeat"
22470,65,"Sheepmeat"
22471,65,"Sheepmeat"
22486,65,"Sheepmeat"
22487,65,"Sheepmeat"
22241,65,"Sheepmeat"
22472,65,"Sheepmeat"
22518,65,"Sheepmeat"
22244,65,"Sheepmeat"
22515,65,"Sheepmeat"
22516,65,"Sheepmeat"
22517,65,"Sheepmeat"
22254,65,"Sheepmeat"
22491,65,"Sheepmeat"
22239,65,"Sheepmeat"
22256,65,"Sheepmeat"
22513,65,"Sheepmeat"
22521,65,"Sheepmeat"
22274,65,"Sheepmeat"
22740,65,"Sheepmeat"
13701,65,"Sheepmeat"
22512,65,"Sheepmeat"
15511,65,"Sheepmeat"
22591,65,"Sheepmeat"
22667,65,"Sheepmeat"
22497,65,"Sheepmeat"
22501,65,"Sheepmeat"
22275,65,"Sheepmeat"
22530,65,"Sheepmeat"
22531,65,"Sheepmeat"
22532,65,"Sheepmeat"
22706,65,"Sheepmeat"
17009,65,"Sheepmeat"
15742,65,"Sheepmeat"
15743,65,"Sheepmeat"
16020,65,"Sheepmeat"
16013,65,"Sheepmeat"
17001,65,"Sheepmeat"
15744,65,"Sheepmeat"
15756,65,"Sheepmeat"
15781,65,"Sheepmeat"
15785,65,"Sheepmeat"
15786,65,"Sheepmeat"
15802,65,"Sheepmeat"
15805,65,"Sheepmeat"
15806,65,"Sheepmeat"
15747,65,"Sheepmeat"
16988,65,"Sheepmeat"
16022,65,"Sheepmeat"
16997,65,"Sheepmeat"
15813,65,"Sheepmeat"
15814,65,"Sheepmeat"
15821,65,"Sheepmeat"
15564,65,"Sheepmeat"
16989,65,"Sheepmeat"
17005,65,"Sheepmeat"
17591,65,"Sheepmeat"
17817,65,"Sheepmeat"
15714,65,"Sheepmeat"
15721,65,"Sheepmeat"
15722,65,"Sheepmeat"
17811,65,"Sheepmeat"
15658,65,"Sheepmeat"
15659,65,"Sheepmeat"
15660,65,"Sheepmeat"
15662,65,"Sheepmeat"
15664,65,"Sheepmeat"
12540,65,"Sheepmeat"
22034,65,"Sheepmeat"
22035,65,"Sheepmeat"
21848,65,"Sheepmeat"
21816,65,"Sheepmeat"
22031,65,"Sheepmeat"
22040,65,"Sheepmeat"
22043,65,"Sheepmeat"
21854,65,"Sheepmeat"
22092,65,"Sheepmeat"
22093,65,"Sheepmeat"
22096,65,"Sheepmeat"
22097,65,"Sheepmeat"
22098,65,"Sheepmeat"
12504,65,"Sheepmeat"
24885,65,"Sheepmeat"
15677,65,"Sheepmeat"
15745,65,"Sheepmeat"
15757,65,"Sheepmeat"
15758,65,"Sheepmeat"
15711,65,"Sheepmeat"
15735,65,"Sheepmeat"
15732,65,"Sheepmeat"
15739,65,"Sheepmeat"
15738,65,"Sheepmeat"
15683,65,"Sheepmeat"
15684,65,"Sheepmeat"
15685,65,"Sheepmeat"
15694,65,"Sheepmeat"
15715,65,"Sheepmeat"
15712,65,"Sheepmeat"
15725,65,"Sheepmeat"
2977,82,"Beef"
4404,82,"Beef"
4393,82,"Beef"
4405,82,"Beef"
4657,82,"Beef"
4658,82,"Beef"
4659,82,"Beef"
3053,82,"Beef"
4418,82,"Beef"
4419,82,"Beef"
4423,82,"Beef"
4662,82,"Beef"
2993,82,"Beef"
3024,82,"Beef"
7897,82,"Beef"
7288,82,"Beef"
7905,82,"Beef"
7290,82,"Beef"
7291,82,"Beef"
7292,82,"Beef"
7877,82,"Beef"
7289,82,"Beef"
7896,82,"Beef"
7886,82,"Beef"
7276,82,"Beef"
7277,82,"Beef"
15249,82,"Beef"
7910,82,"Beef"
7911,82,"Beef"
7912,82,"Beef"
7858,82,"Beef"
7881,82,"Beef"
7888,82,"Beef"
7890,82,"Beef"
7283,82,"Beef"
7894,82,"Beef"
7893,82,"Beef"
7895,82,"Beef"
15998,82,"Beef"
7884,82,"Beef"
7284,82,"Beef"
7285,82,"Beef"
7286,82,"Beef"
15999,82,"Beef"
16000,82,"Beef"
16004,82,"Beef"
7265,82,"Beef"
7853,82,"Beef"
22543,82,"Beef"
7854,82,"Beef"
7863,82,"Beef"
7864,82,"Beef"
7868,82,"Beef"
7269,82,"Beef"
7880,82,"Beef"
7866,82,"Beef"
7869,82,"Beef"
7259,82,"Beef"
7302,82,"Beef"
7918,82,"Beef"
7870,82,"Beef"
7873,82,"Beef"
7268,82,"Beef"
11621,82,"Beef"
22835,82,"Beef"
7859,82,"Beef"
7860,82,"Beef"
7356,82,"Beef"
7260,82,"Beef"
7272,82,"Beef"
7275,82,"Beef"
7267,82,"Beef"
7273,82,"Beef"
7361,82,"Beef"
7885,82,"Beef"
16003,82,"Beef"
16006,82,"Beef"
16011,82,"Beef"
16007,82,"Beef"
22279,82,"Beef"
16010,82,"Beef"
15826,82,"Beef"
22536,82,"Beef"
22537,82,"Beef"
22280,82,"Beef"
22281,82,"Beef"
22709,82,"Beef"
22828,82,"Beef"
22829,82,"Beef"
22590,82,"Beef"
22827,82,"Beef"
22712,82,"Beef"
22614,82,"Beef"
22538,82,"Beef"
22539,82,"Beef"
22717,82,"Beef"
22723,82,"Beef"
22731,82,"Beef"
11874,82,"Beef"
22836,82,"Beef"
22566,82,"Beef"
22802,82,"Beef"
22803,82,"Beef"
22805,82,"Beef"
22807,82,"Beef"
22574,82,"Beef"
22578,82,"Beef"
22579,82,"Beef"
22580,82,"Beef"
22581,82,"Beef"
22582,82,"Beef"
22583,82,"Beef"
22584,82,"Beef"
22575,82,"Beef"
22620,82,"Beef"
22576,82,"Beef"
22577,82,"Beef"
22831,82,"Beef"
22540,82,"Beef"
22840,82,"Beef"
22741,82,"Beef"
14096,82,"Beef"
22742,82,"Beef"
22822,82,"Beef"
7274,82,"Beef"
7889,82,"Beef"
7882,82,"Beef"
7883,82,"Beef"
7891,82,"Beef"
7254,82,"Beef"
7923,82,"Beef"
7927,82,"Beef"
7926,82,"Beef"
7328,82,"Beef"
7251,82,"Beef"
2810,82,"Beef"
2814,82,"Beef"
2838,82,"Beef"
2811,82,"Beef"
2855,82,"Beef"
2859,82,"Beef"
3009,82,"Beef"
2813,82,"Beef"
7330,82,"Beef"
7258,82,"Beef"
7851,82,"Beef"
7852,82,"Beef"
7865,82,"Beef"
7867,82,"Beef"
7271,82,"Beef"
7303,82,"Beef"
7304,82,"Beef"
7920,82,"Beef"
7329,82,"Beef"
2815,82,"Beef"
2588,82,"Beef"
2590,82,"Beef"
2592,82,"Beef"
2593,82,"Beef"
4340,82,"Beef"
4634,82,"Beef"
4635,82,"Beef"
2827,82,"Beef"
2826,82,"Beef"
2828,82,"Beef"
2907,82,"Beef"
2600,82,"Beef"
2612,82,"Beef"
2765,82,"Beef"
4636,82,"Beef"
4637,82,"Beef"
4638,82,"Beef"
4639,82,"Beef"
4640,82,"Beef"
2832,82,"Beef"
2835,82,"Beef"
3008,82,"Beef"
3025,82,"Beef"
3032,82,"Beef"
2836,82,"Beef"
2876,82,"Beef"
2906,82,"Beef"
2607,82,"Beef"
2610,82,"Beef"
2839,82,"Beef"
2837,82,"Beef"
2829,82,"Beef"
2834,82,"Beef"
2830,82,"Beef"
3010,82,"Beef"
7253,82,"Beef"
2867,82,"Beef"
2875,82,"Beef"
7294,82,"Beef"
7909,82,"Beef"
7902,82,"Beef"
2868,82,"Beef"
2874,82,"Beef"
11809,82,"Beef"
2869,82,"Beef"
2872,82,"Beef"
2882,82,"Beef"
2873,82,"Beef"
2877,82,"Beef"
2878,82,"Beef"
2879,82,"Beef"
2881,82,"Beef"
2912,82,"Beef"
2915,82,"Beef"
2911,82,"Beef"
11622,82,"Beef"
12075,82,"Beef"
12084,82,"Beef"
12088,82,"Beef"
12089,82,"Beef"
12077,82,"Beef"
12085,82,"Beef"
12090,82,"Beef"
12086,82,"Beef"
11848,82,"Beef"
11849,82,"Beef"
12108,82,"Beef"
12109,82,"Beef"
12110,82,"Beef"
12116,82,"Beef"
11818,82,"Beef"
11839,82,"Beef"
7848,82,"Beef"
11840,82,"Beef"
7255,82,"Beef"
11841,82,"Beef"
11842,82,"Beef"
11847,82,"Beef"
7935,82,"Beef"
7939,82,"Beef"
7940,82,"Beef"
7943,82,"Beef"
12129,82,"Beef"
11909,82,"Beef"
11813,82,"Beef"
11837,82,"Beef"
11845,82,"Beef"
16740,82,"Beef"
16784,82,"Beef"
17063,82,"Beef"
17056,82,"Beef"
17048,82,"Beef"
17049,82,"Beef"
17054,82,"Beef"
17055,82,"Beef"
17062,82,"Beef"
16801,82,"Beef"
16802,82,"Beef"
15562,82,"Beef"
15520,82,"Beef"
15824,82,"Beef"
15822,82,"Beef"
15568,82,"Beef"
15823,82,"Beef"
15991,82,"Beef"
15993,82,"Beef"
17051,82,"Beef"
16794,82,"Beef"
15841,82,"Beef"
16036,82,"Beef"
16038,82,"Beef"
16041,82,"Beef"
16030,82,"Beef"
15997,82,"Beef"
16032,82,"Beef"
15994,82,"Beef"
15995,82,"Beef"
15996,82,"Beef"
17058,82,"Beef"
16798,82,"Beef"
16796,82,"Beef"
16800,82,"Beef"
16045,82,"Beef"
15837,82,"Beef"
15992,82,"Beef"
16033,82,"Beef"
16037,82,"Beef"
16039,82,"Beef"
16040,82,"Beef"
16042,82,"Beef"
17052,82,"Beef"
17057,82,"Beef"
4630,82,"Beef"
4396,82,"Beef"
4627,82,"Beef"
4612,82,"Beef"
4397,82,"Beef"
4398,82,"Beef"
4648,82,"Beef"
4629,82,"Beef"
4647,82,"Beef"
7315,82,"Beef"
2547,82,"Beef"
2548,82,"Beef"
2553,82,"Beef"
2554,82,"Beef"
2555,82,"Beef"
2556,82,"Beef"
2557,82,"Beef"
2559,82,"Beef"
2560,82,"Beef"
2561,82,"Beef"
2562,82,"Beef"
2563,82,"Beef"
2565,82,"Beef"
2567,82,"Beef"
2568,82,"Beef"
2578,82,"Beef"
2582,82,"Beef"
2583,82,"Beef"
2585,82,"Beef"
2637,82,"Beef"
2689,82,"Beef"
4211,82,"Beef"
4212,82,"Beef"
2606,82,"Beef"
2609,82,"Beef"
4213,82,"Beef"
4603,82,"Beef"
4606,82,"Beef"
2604,82,"Beef"
2605,82,"Beef"
2551,82,"Beef"
2608,82,"Beef"
4707,82,"Beef"
4708,82,"Beef"
4709,82,"Beef"
4358,82,"Beef"
4641,82,"Beef"
4706,82,"Beef"
4448,82,"Beef"
4611,82,"Beef"
4351,82,"Beef"
4621,82,"Beef"
4622,82,"Beef"
4624,82,"Beef"
2602,82,"Beef"
2570,82,"Beef"
7913,82,"Beef"
7313,82,"Beef"
7322,82,"Beef"
2601,82,"Beef"
2603,82,"Beef"
2732,82,"Beef"
2734,82,"Beef"
2736,82,"Beef"
2740,82,"Beef"
4677,82,"Beef"
4215,82,"Beef"
2742,82,"Beef"
2743,82,"Beef"
2744,82,"Beef"
2754,82,"Beef"
2761,82,"Beef"
2762,82,"Beef"
4341,82,"Beef"
4217,82,"Beef"
4218,82,"Beef"
4219,82,"Beef"
4220,82,"Beef"
4613,82,"Beef"
4345,82,"Beef"
4348,82,"Beef"
4349,82,"Beef"
4350,82,"Beef"
4616,82,"Beef"
4626,82,"Beef"
4399,82,"Beef"
4400,82,"Beef"
2544,82,"Beef"
2549,82,"Beef"
4649,82,"Beef"
4631,82,"Beef"
4361,82,"Beef"
4364,82,"Beef"
4369,82,"Beef"
4370,82,"Beef"
4375,82,"Beef"
4376,82,"Beef"
4377,82,"Beef"
4378,82,"Beef"
4642,82,"Beef"
4646,82,"Beef"
4395,82,"Beef"
4236,82,"Beef"
4549,82,"Beef"
4401,82,"Beef"
7320,82,"Beef"
7321,82,"Beef"
2542,82,"Beef"
2543,82,"Beef"
7312,82,"Beef"
7317,82,"Beef"
2537,82,"Beef"
2792,82,"Beef"
2538,82,"Beef"
7318,82,"Beef"
2545,82,"Beef"
2550,82,"Beef"
4650,82,"Beef"
4651,82,"Beef"
4652,82,"Beef"
4420,82,"Beef"
4421,82,"Beef"
4661,82,"Beef"
4250,82,"Beef"
4251,82,"Beef"
4449,82,"Beef"
2778,82,"Beef"
2796,82,"Beef"
17572,82,"Beef"
17810,82,"Beef"
17590,82,"Beef"
17815,82,"Beef"
17559,82,"Beef"
17564,82,"Beef"
14082,82,"Beef"
12375,82,"Beef"
12376,82,"Beef"
17567,82,"Beef"
17570,82,"Beef"
17571,82,"Beef"
17782,82,"Beef"
17792,82,"Beef"
14193,82,"Beef"
17722,82,"Beef"
17723,82,"Beef"
17725,82,"Beef"
12378,82,"Beef"
12379,82,"Beef"
12384,82,"Beef"
12483,82,"Beef"
12484,82,"Beef"
12485,82,"Beef"
12487,82,"Beef"
12488,82,"Beef"
12486,82,"Beef"
24387,82,"Beef"
12598,82,"Beef"
24851,82,"Beef"
4368,82,"Beef"
4628,82,"Beef"
4367,82,"Beef"
12563,82,"Beef"
23843,82,"Beef"
22047,82,"Beef"
12481,82,"Beef"
12482,82,"Beef"
12509,82,"Beef"
12336,82,"Beef"
12338,82,"Beef"
12341,82,"Beef"
12343,82,"Beef"
12344,82,"Beef"
12360,82,"Beef"
12363,82,"Beef"
12364,82,"Beef"
12365,82,"Beef"
12366,82,"Beef"
12368,82,"Beef"
12525,82,"Beef"
12536,82,"Beef"
13714,82,"Beef"
13504,82,"Beef"
17720,82,"Beef"
14191,82,"Beef"
17719,82,"Beef"
17721,82,"Beef"
17727,82,"Beef"
17565,82,"Beef"
17793,82,"Beef"
17794,82,"Beef"
12510,82,"Beef"
17740,82,"Beef"
14190,82,"Beef"
14192,82,"Beef"
13519,82,"Beef"
13520,82,"Beef"
13746,82,"Beef"
13527,82,"Beef"
13529,82,"Beef"
16819,82,"Beef"
17042,82,"Beef"
16744,82,"Beef"
16780,82,"Beef"
16781,82,"Beef"
16783,82,"Beef"
16782,82,"Beef"
15741,82,"Beef"
15831,82,"Beef"
15832,82,"Beef"
15769,82,"Beef"
15777,82,"Beef"
15770,82,"Beef"
17046,82,"Beef"
15772,82,"Beef"
15791,82,"Beef"
15793,82,"Beef"
15798,82,"Beef"
15800,82,"Beef"
15817,82,"Beef"
15565,82,"Beef"
15566,82,"Beef"
15567,82,"Beef"
15569,82,"Beef"
15825,82,"Beef"
16024,82,"Beef"
17579,82,"Beef"
17011,82,"Beef"
15763,82,"Beef"
17012,82,"Beef"
16741,82,"Beef"
7899,82,"Beef"
15483,82,"Beef"
16838,82,"Beef"
17066,82,"Beef"
15499,82,"Beef"
17065,82,"Beef"
17756,82,"Beef"
13735,82,"Beef"
13738,82,"Beef"
17758,82,"Beef"
17539,82,"Beef"
17545,82,"Beef"
17547,82,"Beef"
13502,82,"Beef"
13503,82,"Beef"
13698,82,"Beef"
13736,82,"Beef"
17760,82,"Beef"
17780,82,"Beef"
17781,82,"Beef"
17778,82,"Beef"
17558,82,"Beef"
22593,82,"Beef"
22833,82,"Beef"
22834,82,"Beef"
22616,82,"Beef"
22617,82,"Beef"
22621,82,"Beef"
22618,82,"Beef"
22615,82,"Beef"
7857,82,"Beef"
7946,82,"Beef"
22738,82,"Beef"
13470,82,"Beef"
17812,82,"Beef"
17814,82,"Beef"
12537,82,"Beef"
12538,82,"Beef"
15666,82,"Beef"
15667,82,"Beef"
15671,82,"Beef"
15679,82,"Beef"
15682,82,"Beef"
15688,82,"Beef"
15726,82,"Beef"
15657,82,"Beef"
15673,82,"Beef"
15665,82,"Beef"
15669,82,"Beef"
15670,82,"Beef"
15501,82,"Beef"
15502,82,"Beef"
15495,82,"Beef"
15500,82,"Beef"
15251,82,"Beef"
15505,82,"Beef"
15508,82,"Beef"
15514,82,"Beef"
15519,82,"Beef"
15522,82,"Beef"
15523,82,"Beef"
22464,82,"Beef"
15248,82,"Beef"
15599,82,"Beef"
15601,82,"Beef"
15526,82,"Beef"
15254,82,"Beef"
15255,82,"Beef"
15259,82,"Beef"
16804,82,"Beef"
15576,82,"Beef"
15283,82,"Beef"
15285,82,"Beef"
15528,82,"Beef"
15570,82,"Beef"
15563,82,"Beef"
15577,82,"Beef"
15578,82,"Beef"
15579,82,"Beef"
22208,82,"Beef"
22469,82,"Beef"
22476,82,"Beef"
22477,82,"Beef"
22487,82,"Beef"
22231,82,"Beef"
16797,82,"Beef"
22268,82,"Beef"
15848,82,"Beef"
15527,82,"Beef"
15580,82,"Beef"
22232,82,"Beef"
22229,82,"Beef"
22470,82,"Beef"
22471,82,"Beef"
22486,82,"Beef"
22233,82,"Beef"
22241,82,"Beef"
22518,82,"Beef"
22244,82,"Beef"
22515,82,"Beef"
22516,82,"Beef"
22248,82,"Beef"
22253,82,"Beef"
22491,82,"Beef"
22492,82,"Beef"
22517,82,"Beef"
22239,82,"Beef"
22256,82,"Beef"
22513,82,"Beef"
22262,82,"Beef"
22521,82,"Beef"
22274,82,"Beef"
22740,82,"Beef"
13700,82,"Beef"
13701,82,"Beef"
22591,82,"Beef"
22826,82,"Beef"
22667,82,"Beef"
22495,82,"Beef"
22497,82,"Beef"
22501,82,"Beef"
15511,82,"Beef"
22512,82,"Beef"
22275,82,"Beef"
22530,82,"Beef"
22531,82,"Beef"
22532,82,"Beef"
22534,82,"Beef"
22535,82,"Beef"
22706,82,"Beef"
22708,82,"Beef"
15828,82,"Beef"
15743,82,"Beef"
16013,82,"Beef"
15756,82,"Beef"
15747,82,"Beef"
15714,82,"Beef"
15721,82,"Beef"
15722,82,"Beef"
17591,82,"Beef"
17817,82,"Beef"
17811,82,"Beef"
12540,82,"Beef"
22032,82,"Beef"
22034,82,"Beef"
22035,82,"Beef"
21816,82,"Beef"
22040,82,"Beef"
22031,82,"Beef"
24885,82,"Beef"
21852,82,"Beef"
21854,82,"Beef"
22092,82,"Beef"
22093,82,"Beef"
22098,82,"Beef"
15659,82,"Beef"
15660,82,"Beef"
12491,82,"Beef"
12497,82,"Beef"
15697,82,"Beef"
15712,82,"Beef"
15715,82,"Beef"
15725,82,"Beef"
2977,66,"Beef"
4404,66,"Beef"
4393,66,"Beef"
4405,66,"Beef"
4657,66,"Beef"
4658,66,"Beef"
4659,66,"Beef"
3053,66,"Beef"
4418,66,"Beef"
4419,66,"Beef"
4423,66,"Beef"
4662,66,"Beef"
2993,66,"Beef"
3024,66,"Beef"
7897,66,"Beef"
7288,66,"Beef"
7905,66,"Beef"
7290,66,"Beef"
7291,66,"Beef"
7292,66,"Beef"
7877,66,"Beef"
7289,66,"Beef"
7896,66,"Beef"
7886,66,"Beef"
7276,66,"Beef"
7277,66,"Beef"
15249,66,"Beef"
7910,66,"Beef"
7911,66,"Beef"
7912,66,"Beef"
7858,66,"Beef"
7881,66,"Beef"
7888,66,"Beef"
7890,66,"Beef"
7283,66,"Beef"
7894,66,"Beef"
7893,66,"Beef"
7895,66,"Beef"
15998,66,"Beef"
7884,66,"Beef"
7284,66,"Beef"
7285,66,"Beef"
7286,66,"Beef"
15999,66,"Beef"
16000,66,"Beef"
16004,66,"Beef"
7265,66,"Beef"
7853,66,"Beef"
22543,66,"Beef"
7854,66,"Beef"
7863,66,"Beef"
7864,66,"Beef"
7868,66,"Beef"
7269,66,"Beef"
7880,66,"Beef"
7866,66,"Beef"
7869,66,"Beef"
7259,66,"Beef"
7302,66,"Beef"
7918,66,"Beef"
7870,66,"Beef"
7873,66,"Beef"
7268,66,"Beef"
11621,66,"Beef"
22835,66,"Beef"
7859,66,"Beef"
7860,66,"Beef"
7356,66,"Beef"
7260,66,"Beef"
7272,66,"Beef"
7275,66,"Beef"
7267,66,"Beef"
7273,66,"Beef"
7361,66,"Beef"
7885,66,"Beef"
16003,66,"Beef"
16006,66,"Beef"
16011,66,"Beef"
16007,66,"Beef"
22279,66,"Beef"
16010,66,"Beef"
15826,66,"Beef"
22536,66,"Beef"
22537,66,"Beef"
22280,66,"Beef"
22281,66,"Beef"
22709,66,"Beef"
22828,66,"Beef"
22829,66,"Beef"
22590,66,"Beef"
22827,66,"Beef"
22712,66,"Beef"
22614,66,"Beef"
22538,66,"Beef"
22539,66,"Beef"
22717,66,"Beef"
22723,66,"Beef"
22731,66,"Beef"
11874,66,"Beef"
22836,66,"Beef"
22566,66,"Beef"
22802,66,"Beef"
22803,66,"Beef"
22805,66,"Beef"
22807,66,"Beef"
22574,66,"Beef"
22578,66,"Beef"
22579,66,"Beef"
22580,66,"Beef"
22581,66,"Beef"
22582,66,"Beef"
22583,66,"Beef"
22584,66,"Beef"
22575,66,"Beef"
22620,66,"Beef"
22576,66,"Beef"
22577,66,"Beef"
22831,66,"Beef"
22540,66,"Beef"
22840,66,"Beef"
22741,66,"Beef"
14096,66,"Beef"
22742,66,"Beef"
22822,66,"Beef"
7274,66,"Beef"
7889,66,"Beef"
7882,66,"Beef"
7883,66,"Beef"
7891,66,"Beef"
7254,66,"Beef"
7923,66,"Beef"
7927,66,"Beef"
7926,66,"Beef"
7328,66,"Beef"
7251,66,"Beef"
2810,66,"Beef"
2814,66,"Beef"
2838,66,"Beef"
2811,66,"Beef"
2855,66,"Beef"
2859,66,"Beef"
3009,66,"Beef"
2813,66,"Beef"
7330,66,"Beef"
7258,66,"Beef"
7851,66,"Beef"
7852,66,"Beef"
7865,66,"Beef"
7867,66,"Beef"
7271,66,"Beef"
7303,66,"Beef"
7304,66,"Beef"
7920,66,"Beef"
7329,66,"Beef"
2815,66,"Beef"
2588,66,"Beef"
2590,66,"Beef"
2592,66,"Beef"
2593,66,"Beef"
4340,66,"Beef"
4634,66,"Beef"
4635,66,"Beef"
2827,66,"Beef"
2826,66,"Beef"
2828,66,"Beef"
2907,66,"Beef"
2600,66,"Beef"
2612,66,"Beef"
2765,66,"Beef"
4636,66,"Beef"
4637,66,"Beef"
4638,66,"Beef"
4639,66,"Beef"
4640,66,"Beef"
2832,66,"Beef"
2835,66,"Beef"
3008,66,"Beef"
3025,66,"Beef"
3032,66,"Beef"
2836,66,"Beef"
2876,66,"Beef"
2906,66,"Beef"
2607,66,"Beef"
2610,66,"Beef"
2839,66,"Beef"
2837,66,"Beef"
2829,66,"Beef"
2834,66,"Beef"
2830,66,"Beef"
3010,66,"Beef"
7253,66,"Beef"
2867,66,"Beef"
2875,66,"Beef"
7294,66,"Beef"
7909,66,"Beef"
7902,66,"Beef"
2868,66,"Beef"
2874,66,"Beef"
11809,66,"Beef"
2869,66,"Beef"
2872,66,"Beef"
2882,66,"Beef"
2873,66,"Beef"
2877,66,"Beef"
2878,66,"Beef"
2879,66,"Beef"
2881,66,"Beef"
2912,66,"Beef"
2915,66,"Beef"
2911,66,"Beef"
11622,66,"Beef"
12075,66,"Beef"
12084,66,"Beef"
12088,66,"Beef"
12089,66,"Beef"
12077,66,"Beef"
12085,66,"Beef"
12090,66,"Beef"
12086,66,"Beef"
11848,66,"Beef"
11849,66,"Beef"
12108,66,"Beef"
12109,66,"Beef"
12110,66,"Beef"
12116,66,"Beef"
11818,66,"Beef"
11839,66,"Beef"
7848,66,"Beef"
11840,66,"Beef"
7255,66,"Beef"
11841,66,"Beef"
11842,66,"Beef"
11847,66,"Beef"
7935,66,"Beef"
7939,66,"Beef"
7940,66,"Beef"
7943,66,"Beef"
12129,66,"Beef"
11909,66,"Beef"
11813,66,"Beef"
11837,66,"Beef"
11845,66,"Beef"
16740,66,"Beef"
16784,66,"Beef"
17063,66,"Beef"
17056,66,"Beef"
17048,66,"Beef"
17049,66,"Beef"
17054,66,"Beef"
17055,66,"Beef"
17062,66,"Beef"
16801,66,"Beef"
16802,66,"Beef"
15562,66,"Beef"
15520,66,"Beef"
15824,66,"Beef"
15822,66,"Beef"
15568,66,"Beef"
15823,66,"Beef"
15991,66,"Beef"
15993,66,"Beef"
17051,66,"Beef"
16794,66,"Beef"
15841,66,"Beef"
16036,66,"Beef"
16038,66,"Beef"
16041,66,"Beef"
16030,66,"Beef"
15997,66,"Beef"
16032,66,"Beef"
15994,66,"Beef"
15995,66,"Beef"
15996,66,"Beef"
17058,66,"Beef"
16798,66,"Beef"
16796,66,"Beef"
16800,66,"Beef"
16045,66,"Beef"
15837,66,"Beef"
15992,66,"Beef"
16033,66,"Beef"
16037,66,"Beef"
16039,66,"Beef"
16040,66,"Beef"
16042,66,"Beef"
17052,66,"Beef"
17057,66,"Beef"
4630,66,"Beef"
4396,66,"Beef"
4627,66,"Beef"
4612,66,"Beef"
4397,66,"Beef"
4398,66,"Beef"
4648,66,"Beef"
4629,66,"Beef"
4647,66,"Beef"
7315,66,"Beef"
2547,66,"Beef"
2548,66,"Beef"
2553,66,"Beef"
2554,66,"Beef"
2555,66,"Beef"
2556,66,"Beef"
2557,66,"Beef"
2559,66,"Beef"
2560,66,"Beef"
2561,66,"Beef"
2562,66,"Beef"
2563,66,"Beef"
2565,66,"Beef"
2567,66,"Beef"
2568,66,"Beef"
2578,66,"Beef"
2582,66,"Beef"
2583,66,"Beef"
2585,66,"Beef"
2637,66,"Beef"
2689,66,"Beef"
4211,66,"Beef"
4212,66,"Beef"
2606,66,"Beef"
2609,66,"Beef"
4213,66,"Beef"
4603,66,"Beef"
4606,66,"Beef"
2604,66,"Beef"
2605,66,"Beef"
2551,66,"Beef"
2608,66,"Beef"
4707,66,"Beef"
4708,66,"Beef"
4709,66,"Beef"
4358,66,"Beef"
4641,66,"Beef"
4706,66,"Beef"
4448,66,"Beef"
4611,66,"Beef"
4351,66,"Beef"
4621,66,"Beef"
4622,66,"Beef"
4624,66,"Beef"
2602,66,"Beef"
2570,66,"Beef"
7913,66,"Beef"
7313,66,"Beef"
7322,66,"Beef"
2601,66,"Beef"
2603,66,"Beef"
2732,66,"Beef"
2734,66,"Beef"
2736,66,"Beef"
2740,66,"Beef"
4677,66,"Beef"
4215,66,"Beef"
2742,66,"Beef"
2743,66,"Beef"
2744,66,"Beef"
2754,66,"Beef"
2761,66,"Beef"
2762,66,"Beef"
4341,66,"Beef"
4217,66,"Beef"
4218,66,"Beef"
4219,66,"Beef"
4220,66,"Beef"
4613,66,"Beef"
4345,66,"Beef"
4348,66,"Beef"
4349,66,"Beef"
4350,66,"Beef"
4616,66,"Beef"
4626,66,"Beef"
4399,66,"Beef"
4400,66,"Beef"
2544,66,"Beef"
2549,66,"Beef"
4649,66,"Beef"
4631,66,"Beef"
4361,66,"Beef"
4364,66,"Beef"
4369,66,"Beef"
4370,66,"Beef"
4375,66,"Beef"
4376,66,"Beef"
4377,66,"Beef"
4378,66,"Beef"
4642,66,"Beef"
4646,66,"Beef"
4395,66,"Beef"
4236,66,"Beef"
4549,66,"Beef"
4401,66,"Beef"
7320,66,"Beef"
7321,66,"Beef"
2542,66,"Beef"
2543,66,"Beef"
7312,66,"Beef"
7317,66,"Beef"
2537,66,"Beef"
2792,66,"Beef"
2538,66,"Beef"
7318,66,"Beef"
2545,66,"Beef"
2550,66,"Beef"
4650,66,"Beef"
4651,66,"Beef"
4652,66,"Beef"
4420,66,"Beef"
4421,66,"Beef"
4661,66,"Beef"
4250,66,"Beef"
4251,66,"Beef"
4449,66,"Beef"
2778,66,"Beef"
2796,66,"Beef"
17572,66,"Beef"
17810,66,"Beef"
17590,66,"Beef"
17815,66,"Beef"
17559,66,"Beef"
17564,66,"Beef"
14082,66,"Beef"
12375,66,"Beef"
12376,66,"Beef"
17567,66,"Beef"
17570,66,"Beef"
17571,66,"Beef"
17782,66,"Beef"
17792,66,"Beef"
14193,66,"Beef"
17722,66,"Beef"
17723,66,"Beef"
17725,66,"Beef"
12378,66,"Beef"
12379,66,"Beef"
12384,66,"Beef"
12483,66,"Beef"
12484,66,"Beef"
12485,66,"Beef"
12487,66,"Beef"
12488,66,"Beef"
12486,66,"Beef"
24387,66,"Beef"
12598,66,"Beef"
24851,66,"Beef"
4368,66,"Beef"
4628,66,"Beef"
4367,66,"Beef"
12563,66,"Beef"
23843,66,"Beef"
22047,66,"Beef"
12481,66,"Beef"
12482,66,"Beef"
12509,66,"Beef"
12336,66,"Beef"
12338,66,"Beef"
12341,66,"Beef"
12343,66,"Beef"
12344,66,"Beef"
12360,66,"Beef"
12363,66,"Beef"
12364,66,"Beef"
12365,66,"Beef"
12366,66,"Beef"
12368,66,"Beef"
12525,66,"Beef"
12536,66,"Beef"
13714,66,"Beef"
13504,66,"Beef"
17720,66,"Beef"
14191,66,"Beef"
17719,66,"Beef"
17721,66,"Beef"
17727,66,"Beef"
17565,66,"Beef"
17793,66,"Beef"
17794,66,"Beef"
12510,66,"Beef"
17740,66,"Beef"
14190,66,"Beef"
14192,66,"Beef"
13519,66,"Beef"
13520,66,"Beef"
13746,66,"Beef"
13527,66,"Beef"
13529,66,"Beef"
16819,66,"Beef"
17042,66,"Beef"
16744,66,"Beef"
16780,66,"Beef"
16781,66,"Beef"
16783,66,"Beef"
16782,66,"Beef"
15741,66,"Beef"
15831,66,"Beef"
15832,66,"Beef"
15769,66,"Beef"
15777,66,"Beef"
15770,66,"Beef"
17046,66,"Beef"
15772,66,"Beef"
15791,66,"Beef"
15793,66,"Beef"
15798,66,"Beef"
15800,66,"Beef"
15817,66,"Beef"
15565,66,"Beef"
15566,66,"Beef"
15567,66,"Beef"
15569,66,"Beef"
15825,66,"Beef"
16024,66,"Beef"
17579,66,"Beef"
17011,66,"Beef"
15763,66,"Beef"
17012,66,"Beef"
16741,66,"Beef"
7899,66,"Beef"
15483,66,"Beef"
16838,66,"Beef"
17066,66,"Beef"
15499,66,"Beef"
17065,66,"Beef"
17756,66,"Beef"
13735,66,"Beef"
13738,66,"Beef"
17758,66,"Beef"
17539,66,"Beef"
17545,66,"Beef"
17547,66,"Beef"
13502,66,"Beef"
13503,66,"Beef"
13698,66,"Beef"
13736,66,"Beef"
17760,66,"Beef"
17780,66,"Beef"
17781,66,"Beef"
17778,66,"Beef"
17558,66,"Beef"
22593,66,"Beef"
22833,66,"Beef"
22834,66,"Beef"
22616,66,"Beef"
22617,66,"Beef"
22621,66,"Beef"
22618,66,"Beef"
22615,66,"Beef"
7857,66,"Beef"
7946,66,"Beef"
22738,66,"Beef"
13470,66,"Beef"
17812,66,"Beef"
17814,66,"Beef"
12537,66,"Beef"
12538,66,"Beef"
15666,66,"Beef"
15667,66,"Beef"
15671,66,"Beef"
15679,66,"Beef"
15682,66,"Beef"
15688,66,"Beef"
15726,66,"Beef"
15657,66,"Beef"
15673,66,"Beef"
15665,66,"Beef"
15669,66,"Beef"
15670,66,"Beef"
15501,66,"Beef"
15502,66,"Beef"
15495,66,"Beef"
15500,66,"Beef"
15251,66,"Beef"
15505,66,"Beef"
15508,66,"Beef"
15514,66,"Beef"
15519,66,"Beef"
15522,66,"Beef"
15523,66,"Beef"
22464,66,"Beef"
15248,66,"Beef"
15599,66,"Beef"
15601,66,"Beef"
15526,66,"Beef"
15254,66,"Beef"
15255,66,"Beef"
15259,66,"Beef"
16804,66,"Beef"
15576,66,"Beef"
15283,66,"Beef"
15285,66,"Beef"
15528,66,"Beef"
15570,66,"Beef"
15563,66,"Beef"
15577,66,"Beef"
15578,66,"Beef"
15579,66,"Beef"
22208,66,"Beef"
22469,66,"Beef"
22476,66,"Beef"
22477,66,"Beef"
22487,66,"Beef"
22231,66,"Beef"
16797,66,"Beef"
22268,66,"Beef"
15848,66,"Beef"
15527,66,"Beef"
15580,66,"Beef"
22232,66,"Beef"
22229,66,"Beef"
22470,66,"Beef"
22471,66,"Beef"
22486,66,"Beef"
22233,66,"Beef"
22241,66,"Beef"
22518,66,"Beef"
22244,66,"Beef"
22515,66,"Beef"
22516,66,"Beef"
22248,66,"Beef"
22253,66,"Beef"
22491,66,"Beef"
22492,66,"Beef"
22517,66,"Beef"
22239,66,"Beef"
22256,66,"Beef"
22513,66,"Beef"
22262,66,"Beef"
22521,66,"Beef"
22274,66,"Beef"
22740,66,"Beef"
13700,66,"Beef"
13701,66,"Beef"
22591,66,"Beef"
22826,66,"Beef"
22667,66,"Beef"
22495,66,"Beef"
22497,66,"Beef"
22501,66,"Beef"
15511,66,"Beef"
22512,66,"Beef"
22275,66,"Beef"
22530,66,"Beef"
22531,66,"Beef"
22532,66,"Beef"
22534,66,"Beef"
22535,66,"Beef"
22706,66,"Beef"
22708,66,"Beef"
15828,66,"Beef"
15743,66,"Beef"
16013,66,"Beef"
15756,66,"Beef"
15747,66,"Beef"
15714,66,"Beef"
15721,66,"Beef"
15722,66,"Beef"
17591,66,"Beef"
17817,66,"Beef"
17811,66,"Beef"
12540,66,"Beef"
22032,66,"Beef"
22034,66,"Beef"
22035,66,"Beef"
21816,66,"Beef"
22040,66,"Beef"
22031,66,"Beef"
24885,66,"Beef"
21852,66,"Beef"
21854,66,"Beef"
22092,66,"Beef"
22093,66,"Beef"
22098,66,"Beef"
15659,66,"Beef"
15660,66,"Beef"
12491,66,"Beef"
12497,66,"Beef"
15697,66,"Beef"
15712,66,"Beef"
15715,66,"Beef"
15725,66,"Beef"
127,65,"Beef"
2977,65,"Beef"
4404,65,"Beef"
4393,65,"Beef"
4405,65,"Beef"
4657,65,"Beef"
4658,65,"Beef"
4659,65,"Beef"
3053,65,"Beef"
4418,65,"Beef"
4419,65,"Beef"
4423,65,"Beef"
4662,65,"Beef"
2993,65,"Beef"
3024,65,"Beef"
7897,65,"Beef"
7288,65,"Beef"
7905,65,"Beef"
7290,65,"Beef"
7291,65,"Beef"
7292,65,"Beef"
7877,65,"Beef"
7289,65,"Beef"
7896,65,"Beef"
7886,65,"Beef"
7276,65,"Beef"
7277,65,"Beef"
15249,65,"Beef"
7910,65,"Beef"
7911,65,"Beef"
7912,65,"Beef"
7858,65,"Beef"
7881,65,"Beef"
7888,65,"Beef"
7890,65,"Beef"
7283,65,"Beef"
7281,65,"Beef"
7282,65,"Beef"
7894,65,"Beef"
7856,65,"Beef"
7893,65,"Beef"
7895,65,"Beef"
15998,65,"Beef"
7884,65,"Beef"
7284,65,"Beef"
7285,65,"Beef"
7286,65,"Beef"
15999,65,"Beef"
16000,65,"Beef"
16004,65,"Beef"
7265,65,"Beef"
7853,65,"Beef"
22543,65,"Beef"
22544,65,"Beef"
22545,65,"Beef"
7854,65,"Beef"
7855,65,"Beef"
7863,65,"Beef"
7864,65,"Beef"
7868,65,"Beef"
7269,65,"Beef"
7880,65,"Beef"
7866,65,"Beef"
7869,65,"Beef"
7259,65,"Beef"
7302,65,"Beef"
7918,65,"Beef"
7870,65,"Beef"
7873,65,"Beef"
7268,65,"Beef"
11621,65,"Beef"
22835,65,"Beef"
7859,65,"Beef"
7860,65,"Beef"
7861,65,"Beef"
7356,65,"Beef"
7357,65,"Beef"
7260,65,"Beef"
7272,65,"Beef"
7275,65,"Beef"
7266,65,"Beef"
7267,65,"Beef"
7273,65,"Beef"
7358,65,"Beef"
7361,65,"Beef"
11902,65,"Beef"
7885,65,"Beef"
16003,65,"Beef"
16006,65,"Beef"
16011,65,"Beef"
16007,65,"Beef"
22279,65,"Beef"
16010,65,"Beef"
15826,65,"Beef"
15827,65,"Beef"
22536,65,"Beef"
22537,65,"Beef"
22280,65,"Beef"
22281,65,"Beef"
22709,65,"Beef"
22828,65,"Beef"
22829,65,"Beef"
22585,65,"Beef"
22590,65,"Beef"
22827,65,"Beef"
22602,65,"Beef"
22710,65,"Beef"
22711,65,"Beef"
22712,65,"Beef"
22614,65,"Beef"
22613,65,"Beef"
22538,65,"Beef"
22539,65,"Beef"
22733,65,"Beef"
22717,65,"Beef"
22719,65,"Beef"
22721,65,"Beef"
22723,65,"Beef"
22724,65,"Beef"
22725,65,"Beef"
22731,65,"Beef"
22732,65,"Beef"
11874,65,"Beef"
22836,65,"Beef"
22566,65,"Beef"
22567,65,"Beef"
22790,65,"Beef"
22791,65,"Beef"
22794,65,"Beef"
22795,65,"Beef"
22798,65,"Beef"
22802,65,"Beef"
22803,65,"Beef"
22804,65,"Beef"
22805,65,"Beef"
22807,65,"Beef"
22574,65,"Beef"
22578,65,"Beef"
22579,65,"Beef"
22580,65,"Beef"
22581,65,"Beef"
22582,65,"Beef"
22583,65,"Beef"
22584,65,"Beef"
22594,65,"Beef"
22595,65,"Beef"
22598,65,"Beef"
22599,65,"Beef"
22575,65,"Beef"
22620,65,"Beef"
22576,65,"Beef"
22577,65,"Beef"
22831,65,"Beef"
22540,65,"Beef"
22286,65,"Beef"
22729,65,"Beef"
22284,65,"Beef"
22840,65,"Beef"
22741,65,"Beef"
14096,65,"Beef"
22747,65,"Beef"
22742,65,"Beef"
22705,65,"Beef"
22668,65,"Beef"
22750,65,"Beef"
22822,65,"Beef"
22756,65,"Beef"
22764,65,"Beef"
22820,65,"Beef"
22824,65,"Beef"
22554,65,"Beef"
22825,65,"Beef"
7274,65,"Beef"
7889,65,"Beef"
7882,65,"Beef"
7883,65,"Beef"
7278,65,"Beef"
7891,65,"Beef"
7254,65,"Beef"
7923,65,"Beef"
7925,65,"Beef"
7927,65,"Beef"
7929,65,"Beef"
7930,65,"Beef"
7926,65,"Beef"
7326,65,"Beef"
7328,65,"Beef"
7251,65,"Beef"
7252,65,"Beef"
2810,65,"Beef"
2814,65,"Beef"
2838,65,"Beef"
2811,65,"Beef"
2855,65,"Beef"
2858,65,"Beef"
2859,65,"Beef"
2861,65,"Beef"
3009,65,"Beef"
2813,65,"Beef"
7330,65,"Beef"
7257,65,"Beef"
7258,65,"Beef"
7851,65,"Beef"
7852,65,"Beef"
7865,65,"Beef"
7867,65,"Beef"
7271,65,"Beef"
7303,65,"Beef"
7304,65,"Beef"
7920,65,"Beef"
7327,65,"Beef"
7329,65,"Beef"
2815,65,"Beef"
12082,65,"Beef"
2817,65,"Beef"
2822,65,"Beef"
2588,65,"Beef"
2590,65,"Beef"
2592,65,"Beef"
2593,65,"Beef"
2596,65,"Beef"
4340,65,"Beef"
2825,65,"Beef"
4634,65,"Beef"
4635,65,"Beef"
2827,65,"Beef"
2826,65,"Beef"
2828,65,"Beef"
2907,65,"Beef"
2600,65,"Beef"
2612,65,"Beef"
2765,65,"Beef"
4636,65,"Beef"
4637,65,"Beef"
4638,65,"Beef"
4639,65,"Beef"
4640,65,"Beef"
2831,65,"Beef"
2832,65,"Beef"
2833,65,"Beef"
2835,65,"Beef"
3008,65,"Beef"
3025,65,"Beef"
3032,65,"Beef"
2836,65,"Beef"
2876,65,"Beef"
2906,65,"Beef"
2607,65,"Beef"
2610,65,"Beef"
2839,65,"Beef"
2837,65,"Beef"
2829,65,"Beef"
2834,65,"Beef"
2830,65,"Beef"
3010,65,"Beef"
2539,65,"Beef"
7253,65,"Beef"
2867,65,"Beef"
2875,65,"Beef"
7294,65,"Beef"
7909,65,"Beef"
7902,65,"Beef"
2589,65,"Beef"
2868,65,"Beef"
2874,65,"Beef"
11809,65,"Beef"
2869,65,"Beef"
2872,65,"Beef"
2882,65,"Beef"
2873,65,"Beef"
2877,65,"Beef"
2878,65,"Beef"
2879,65,"Beef"
2881,65,"Beef"
2912,65,"Beef"
2915,65,"Beef"
2910,65,"Beef"
2911,65,"Beef"
11622,65,"Beef"
12075,65,"Beef"
12084,65,"Beef"
12088,65,"Beef"
12089,65,"Beef"
12077,65,"Beef"
12085,65,"Beef"
12090,65,"Beef"
12086,65,"Beef"
11848,65,"Beef"
11849,65,"Beef"
12108,65,"Beef"
12109,65,"Beef"
12110,65,"Beef"
12079,65,"Beef"
12116,65,"Beef"
11818,65,"Beef"
11839,65,"Beef"
7848,65,"Beef"
11840,65,"Beef"
7255,65,"Beef"
7849,65,"Beef"
11841,65,"Beef"
11842,65,"Beef"
11847,65,"Beef"
7334,65,"Beef"
7343,65,"Beef"
12124,65,"Beef"
7935,65,"Beef"
7939,65,"Beef"
7940,65,"Beef"
7943,65,"Beef"
7951,65,"Beef"
12129,65,"Beef"
11905,65,"Beef"
11909,65,"Beef"
7933,65,"Beef"
11813,65,"Beef"
11837,65,"Beef"
11845,65,"Beef"
16740,65,"Beef"
16784,65,"Beef"
17063,65,"Beef"
17056,65,"Beef"
17048,65,"Beef"
17049,65,"Beef"
17054,65,"Beef"
17055,65,"Beef"
17062,65,"Beef"
16801,65,"Beef"
16802,65,"Beef"
15562,65,"Beef"
16786,65,"Beef"
15520,65,"Beef"
15824,65,"Beef"
15822,65,"Beef"
15568,65,"Beef"
15823,65,"Beef"
15991,65,"Beef"
15993,65,"Beef"
17051,65,"Beef"
17053,65,"Beef"
16791,65,"Beef"
16793,65,"Beef"
17060,65,"Beef"
17061,65,"Beef"
16794,65,"Beef"
15839,65,"Beef"
15841,65,"Beef"
15842,65,"Beef"
16029,65,"Beef"
16035,65,"Beef"
16036,65,"Beef"
16038,65,"Beef"
16041,65,"Beef"
16030,65,"Beef"
15997,65,"Beef"
15838,65,"Beef"
16032,65,"Beef"
15994,65,"Beef"
13704,65,"Beef"
15995,65,"Beef"
15996,65,"Beef"
17058,65,"Beef"
16798,65,"Beef"
16796,65,"Beef"
16800,65,"Beef"
16045,65,"Beef"
15837,65,"Beef"
15992,65,"Beef"
16033,65,"Beef"
16037,65,"Beef"
16039,65,"Beef"
16040,65,"Beef"
16042,65,"Beef"
17052,65,"Beef"
17057,65,"Beef"
16764,65,"Beef"
4630,65,"Beef"
4396,65,"Beef"
4627,65,"Beef"
4612,65,"Beef"
4397,65,"Beef"
4398,65,"Beef"
4648,65,"Beef"
4629,65,"Beef"
4647,65,"Beef"
7315,65,"Beef"
2547,65,"Beef"
2548,65,"Beef"
2553,65,"Beef"
2554,65,"Beef"
2555,65,"Beef"
2556,65,"Beef"
2557,65,"Beef"
2558,65,"Beef"
2559,65,"Beef"
2560,65,"Beef"
2561,65,"Beef"
2562,65,"Beef"
2563,65,"Beef"
2565,65,"Beef"
2567,65,"Beef"
2568,65,"Beef"
2578,65,"Beef"
2582,65,"Beef"
2583,65,"Beef"
2585,65,"Beef"
2637,65,"Beef"
2686,65,"Beef"
2689,65,"Beef"
2690,65,"Beef"
4211,65,"Beef"
4212,65,"Beef"
2606,65,"Beef"
2609,65,"Beef"
4213,65,"Beef"
4603,65,"Beef"
4606,65,"Beef"
2604,65,"Beef"
2605,65,"Beef"
2551,65,"Beef"
2608,65,"Beef"
4707,65,"Beef"
4708,65,"Beef"
4709,65,"Beef"
4358,65,"Beef"
4641,65,"Beef"
4706,65,"Beef"
4448,65,"Beef"
4611,65,"Beef"
2730,65,"Beef"
4351,65,"Beef"
4621,65,"Beef"
4622,65,"Beef"
4624,65,"Beef"
2602,65,"Beef"
2570,65,"Beef"
7913,65,"Beef"
7313,65,"Beef"
7322,65,"Beef"
7314,65,"Beef"
2601,65,"Beef"
2603,65,"Beef"
2732,65,"Beef"
2733,65,"Beef"
2734,65,"Beef"
2735,65,"Beef"
2736,65,"Beef"
2737,65,"Beef"
2738,65,"Beef"
2740,65,"Beef"
2741,65,"Beef"
4677,65,"Beef"
4215,65,"Beef"
2742,65,"Beef"
2743,65,"Beef"
2744,65,"Beef"
2745,65,"Beef"
2751,65,"Beef"
2754,65,"Beef"
2761,65,"Beef"
2762,65,"Beef"
2763,65,"Beef"
4341,65,"Beef"
4217,65,"Beef"
4218,65,"Beef"
4219,65,"Beef"
4220,65,"Beef"
4613,65,"Beef"
4344,65,"Beef"
4345,65,"Beef"
4346,65,"Beef"
4347,65,"Beef"
4348,65,"Beef"
4349,65,"Beef"
4350,65,"Beef"
4616,65,"Beef"
4626,65,"Beef"
4399,65,"Beef"
4400,65,"Beef"
2544,65,"Beef"
2549,65,"Beef"
4241,65,"Beef"
4649,65,"Beef"
4631,65,"Beef"
4359,65,"Beef"
4361,65,"Beef"
4362,65,"Beef"
4363,65,"Beef"
4364,65,"Beef"
4365,65,"Beef"
4369,65,"Beef"
4370,65,"Beef"
4371,65,"Beef"
4372,65,"Beef"
4374,65,"Beef"
4375,65,"Beef"
4376,65,"Beef"
4377,65,"Beef"
4378,65,"Beef"
4642,65,"Beef"
4646,65,"Beef"
4395,65,"Beef"
4236,65,"Beef"
4240,65,"Beef"
4549,65,"Beef"
4550,65,"Beef"
4401,65,"Beef"
4556,65,"Beef"
4402,65,"Beef"
7320,65,"Beef"
7321,65,"Beef"
2541,65,"Beef"
2542,65,"Beef"
2543,65,"Beef"
7312,65,"Beef"
7316,65,"Beef"
7317,65,"Beef"
2537,65,"Beef"
2792,65,"Beef"
2538,65,"Beef"
7318,65,"Beef"
2545,65,"Beef"
2550,65,"Beef"
4650,65,"Beef"
4651,65,"Beef"
4446,65,"Beef"
4652,65,"Beef"
4420,65,"Beef"
4421,65,"Beef"
4661,65,"Beef"
2801,65,"Beef"
2803,65,"Beef"
4237,65,"Beef"
4245,65,"Beef"
4250,65,"Beef"
4251,65,"Beef"
4572,65,"Beef"
4449,65,"Beef"
2768,65,"Beef"
2769,65,"Beef"
2774,65,"Beef"
2778,65,"Beef"
2794,65,"Beef"
2796,65,"Beef"
17790,65,"Beef"
17796,65,"Beef"
17572,65,"Beef"
17573,65,"Beef"
17574,65,"Beef"
17575,65,"Beef"
17810,65,"Beef"
17590,65,"Beef"
17813,65,"Beef"
17815,65,"Beef"
17559,65,"Beef"
17561,65,"Beef"
17564,65,"Beef"
14082,65,"Beef"
12375,65,"Beef"
12376,65,"Beef"
17567,65,"Beef"
17570,65,"Beef"
17571,65,"Beef"
17782,65,"Beef"
17792,65,"Beef"
17819,65,"Beef"
14193,65,"Beef"
17722,65,"Beef"
17723,65,"Beef"
17724,65,"Beef"
17725,65,"Beef"
17818,65,"Beef"
12378,65,"Beef"
12379,65,"Beef"
12590,65,"Beef"
12384,65,"Beef"
12393,65,"Beef"
12413,65,"Beef"
12033,65,"Beef"
12483,65,"Beef"
12484,65,"Beef"
12485,65,"Beef"
12487,65,"Beef"
12488,65,"Beef"
12567,65,"Beef"
12486,65,"Beef"
12385,65,"Beef"
12390,65,"Beef"
12603,65,"Beef"
24387,65,"Beef"
12598,65,"Beef"
12521,65,"Beef"
24851,65,"Beef"
4368,65,"Beef"
4628,65,"Beef"
4367,65,"Beef"
12563,65,"Beef"
23838,65,"Beef"
23843,65,"Beef"
23603,65,"Beef"
23604,65,"Beef"
23620,65,"Beef"
21790,65,"Beef"
21791,65,"Beef"
22020,65,"Beef"
22047,65,"Beef"
24677,65,"Beef"
24686,65,"Beef"
24687,65,"Beef"
12040,65,"Beef"
12317,65,"Beef"
12056,65,"Beef"
12528,65,"Beef"
12533,65,"Beef"
12370,65,"Beef"
12058,65,"Beef"
12071,65,"Beef"
12480,65,"Beef"
12481,65,"Beef"
12482,65,"Beef"
12509,65,"Beef"
12513,65,"Beef"
12336,65,"Beef"
12338,65,"Beef"
12341,65,"Beef"
12343,65,"Beef"
12344,65,"Beef"
12355,65,"Beef"
12357,65,"Beef"
12358,65,"Beef"
12360,65,"Beef"
12361,65,"Beef"
12363,65,"Beef"
12364,65,"Beef"
12365,65,"Beef"
12366,65,"Beef"
12367,65,"Beef"
12368,65,"Beef"
12525,65,"Beef"
12526,65,"Beef"
12512,65,"Beef"
12536,65,"Beef"
17771,65,"Beef"
22572,65,"Beef"
13714,65,"Beef"
13504,65,"Beef"
14105,65,"Beef"
14114,65,"Beef"
14118,65,"Beef"
17720,65,"Beef"
14191,65,"Beef"
17719,65,"Beef"
17721,65,"Beef"
17727,65,"Beef"
17728,65,"Beef"
17730,65,"Beef"
17565,65,"Beef"
17768,65,"Beef"
17770,65,"Beef"
17793,65,"Beef"
17794,65,"Beef"
12510,65,"Beef"
22053,65,"Beef"
17532,65,"Beef"
17534,65,"Beef"
17535,65,"Beef"
17739,65,"Beef"
17740,65,"Beef"
17761,65,"Beef"
17766,65,"Beef"
14190,65,"Beef"
14192,65,"Beef"
13706,65,"Beef"
13519,65,"Beef"
13520,65,"Beef"
13525,65,"Beef"
13526,65,"Beef"
13715,65,"Beef"
13746,65,"Beef"
13527,65,"Beef"
13528,65,"Beef"
13529,65,"Beef"
13547,65,"Beef"
13759,65,"Beef"
16819,65,"Beef"
17042,65,"Beef"
16743,65,"Beef"
16744,65,"Beef"
16780,65,"Beef"
16781,65,"Beef"
16783,65,"Beef"
16782,65,"Beef"
15741,65,"Beef"
15831,65,"Beef"
15832,65,"Beef"
16023,65,"Beef"
15769,65,"Beef"
15777,65,"Beef"
15770,65,"Beef"
17046,65,"Beef"
15772,65,"Beef"
15773,65,"Beef"
15778,65,"Beef"
15782,65,"Beef"
15783,65,"Beef"
15784,65,"Beef"
15790,65,"Beef"
15791,65,"Beef"
15793,65,"Beef"
15794,65,"Beef"
15798,65,"Beef"
15800,65,"Beef"
15808,65,"Beef"
15817,65,"Beef"
15819,65,"Beef"
15565,65,"Beef"
15566,65,"Beef"
15567,65,"Beef"
15569,65,"Beef"
15825,65,"Beef"
16024,65,"Beef"
17579,65,"Beef"
17580,65,"Beef"
17011,65,"Beef"
15763,65,"Beef"
17012,65,"Beef"
16741,65,"Beef"
16818,65,"Beef"
7899,65,"Beef"
15483,65,"Beef"
17064,65,"Beef"
16838,65,"Beef"
17066,65,"Beef"
15499,65,"Beef"
17065,65,"Beef"
17756,65,"Beef"
13734,65,"Beef"
13735,65,"Beef"
13738,65,"Beef"
17758,65,"Beef"
17539,65,"Beef"
17540,65,"Beef"
17542,65,"Beef"
17544,65,"Beef"
17545,65,"Beef"
17547,65,"Beef"
13739,65,"Beef"
13740,65,"Beef"
13502,65,"Beef"
13503,65,"Beef"
13698,65,"Beef"
13712,65,"Beef"
13710,65,"Beef"
13711,65,"Beef"
13736,65,"Beef"
13737,65,"Beef"
17736,65,"Beef"
17750,65,"Beef"
17753,65,"Beef"
17754,65,"Beef"
17755,65,"Beef"
17760,65,"Beef"
17732,65,"Beef"
17780,65,"Beef"
17781,65,"Beef"
14222,65,"Beef"
17773,65,"Beef"
17778,65,"Beef"
17779,65,"Beef"
17558,65,"Beef"
22593,65,"Beef"
22833,65,"Beef"
22834,65,"Beef"
22616,65,"Beef"
22617,65,"Beef"
22621,65,"Beef"
22618,65,"Beef"
22615,65,"Beef"
7857,65,"Beef"
7946,65,"Beef"
22283,65,"Beef"
22738,65,"Beef"
22739,65,"Beef"
22701,65,"Beef"
13470,65,"Beef"
17812,65,"Beef"
17814,65,"Beef"
12537,65,"Beef"
12538,65,"Beef"
15666,65,"Beef"
15667,65,"Beef"
15671,65,"Beef"
15679,65,"Beef"
15682,65,"Beef"
15688,65,"Beef"
15726,65,"Beef"
15729,65,"Beef"
15730,65,"Beef"
15731,65,"Beef"
15657,65,"Beef"
15673,65,"Beef"
15663,65,"Beef"
15665,65,"Beef"
15669,65,"Beef"
15670,65,"Beef"
15672,65,"Beef"
15668,65,"Beef"
15501,65,"Beef"
15502,65,"Beef"
15495,65,"Beef"
15500,65,"Beef"
15250,65,"Beef"
15251,65,"Beef"
15505,65,"Beef"
15508,65,"Beef"
15514,65,"Beef"
15519,65,"Beef"
15522,65,"Beef"
15523,65,"Beef"
22464,65,"Beef"
15248,65,"Beef"
15599,65,"Beef"
15600,65,"Beef"
15601,65,"Beef"
15529,65,"Beef"
15526,65,"Beef"
15490,65,"Beef"
15254,65,"Beef"
15255,65,"Beef"
15259,65,"Beef"
16804,65,"Beef"
15571,65,"Beef"
15575,65,"Beef"
15576,65,"Beef"
15283,65,"Beef"
15285,65,"Beef"
15528,65,"Beef"
15570,65,"Beef"
15563,65,"Beef"
15577,65,"Beef"
15578,65,"Beef"
15579,65,"Beef"
15581,65,"Beef"
22208,65,"Beef"
22220,65,"Beef"
22221,65,"Beef"
22469,65,"Beef"
22476,65,"Beef"
22477,65,"Beef"
22479,65,"Beef"
22481,65,"Beef"
22482,65,"Beef"
22484,65,"Beef"
22487,65,"Beef"
22231,65,"Beef"
16043,65,"Beef"
16797,65,"Beef"
22268,65,"Beef"
15848,65,"Beef"
15527,65,"Beef"
15580,65,"Beef"
22232,65,"Beef"
22229,65,"Beef"
22470,65,"Beef"
22471,65,"Beef"
22486,65,"Beef"
22233,65,"Beef"
22241,65,"Beef"
22472,65,"Beef"
22250,65,"Beef"
22518,65,"Beef"
22244,65,"Beef"
22515,65,"Beef"
22516,65,"Beef"
22248,65,"Beef"
22253,65,"Beef"
22491,65,"Beef"
22492,65,"Beef"
22517,65,"Beef"
22239,65,"Beef"
22256,65,"Beef"
22513,65,"Beef"
22262,65,"Beef"
22519,65,"Beef"
22521,65,"Beef"
22274,65,"Beef"
22740,65,"Beef"
13700,65,"Beef"
13701,65,"Beef"
22276,65,"Beef"
22591,65,"Beef"
22826,65,"Beef"
22667,65,"Beef"
22495,65,"Beef"
22497,65,"Beef"
22500,65,"Beef"
22501,65,"Beef"
22502,65,"Beef"
22507,65,"Beef"
22257,65,"Beef"
22263,65,"Beef"
15511,65,"Beef"
22512,65,"Beef"
22275,65,"Beef"
22277,65,"Beef"
22530,65,"Beef"
22531,65,"Beef"
22532,65,"Beef"
22534,65,"Beef"
22535,65,"Beef"
22706,65,"Beef"
22708,65,"Beef"
15761,65,"Beef"
15828,65,"Beef"
15743,65,"Beef"
15751,65,"Beef"
16013,65,"Beef"
22707,65,"Beef"
15756,65,"Beef"
15746,65,"Beef"
15747,65,"Beef"
15750,65,"Beef"
16019,65,"Beef"
15714,65,"Beef"
15721,65,"Beef"
15722,65,"Beef"
15724,65,"Beef"
15727,65,"Beef"
17591,65,"Beef"
17817,65,"Beef"
17811,65,"Beef"
12540,65,"Beef"
22032,65,"Beef"
22034,65,"Beef"
22035,65,"Beef"
22054,65,"Beef"
21848,65,"Beef"
22018,65,"Beef"
21816,65,"Beef"
22040,65,"Beef"
22043,65,"Beef"
22031,65,"Beef"
17820,65,"Beef"
24885,65,"Beef"
24668,65,"Beef"
21805,65,"Beef"
23835,65,"Beef"
22039,65,"Beef"
21851,65,"Beef"
21852,65,"Beef"
21853,65,"Beef"
21854,65,"Beef"
22090,65,"Beef"
22092,65,"Beef"
22093,65,"Beef"
22096,65,"Beef"
22097,65,"Beef"
22098,65,"Beef"
15658,65,"Beef"
15659,65,"Beef"
15660,65,"Beef"
12490,65,"Beef"
12491,65,"Beef"
12497,65,"Beef"
12514,65,"Beef"
12517,65,"Beef"
12508,65,"Beef"
15711,65,"Beef"
15732,65,"Beef"
15697,65,"Beef"
15712,65,"Beef"
15683,65,"Beef"
15715,65,"Beef"
15725,65,"Beef"
15824,81,"Fruit"
16797,81,"Fruit"
12591,81,"Fruit"
12595,81,"Fruit"
12599,81,"Fruit"
12037,81,"Fruit"
12038,81,"Fruit"
12039,81,"Fruit"
12319,81,"Fruit"
12321,81,"Fruit"
12323,81,"Fruit"
12568,81,"Fruit"
12369,81,"Fruit"
12320,81,"Fruit"
12588,81,"Fruit"
12589,81,"Fruit"
12406,81,"Fruit"
12407,81,"Fruit"
12328,81,"Fruit"
24851,81,"Fruit"
12530,81,"Fruit"
12041,81,"Fruit"
12042,81,"Fruit"
12043,81,"Fruit"
12044,81,"Fruit"
12528,81,"Fruit"
12531,81,"Fruit"
12534,81,"Fruit"
12535,81,"Fruit"
17565,81,"Fruit"
17729,81,"Fruit"
17730,81,"Fruit"
17726,81,"Fruit"
17733,81,"Fruit"
17567,81,"Fruit"
12515,81,"Fruit"
12517,81,"Fruit"
17810,81,"Fruit"
17784,81,"Fruit"
17787,81,"Fruit"
17792,81,"Fruit"
13708,81,"Fruit"
13732,81,"Fruit"
13719,81,"Fruit"
13720,81,"Fruit"
13721,81,"Fruit"
17526,81,"Fruit"
17527,81,"Fruit"
17738,81,"Fruit"
17761,81,"Fruit"
17760,81,"Fruit"
14179,81,"Fruit"
14189,81,"Fruit"
14226,81,"Fruit"
15554,81,"Fruit"
15603,81,"Fruit"
22255,81,"Fruit"
22262,81,"Fruit"
22514,81,"Fruit"
22270,81,"Fruit"
22271,81,"Fruit"
21996,81,"Fruit"
21998,81,"Fruit"
21999,81,"Fruit"
22001,81,"Fruit"
22002,81,"Fruit"
22055,81,"Fruit"
22056,81,"Fruit"
12496,81,"Fruit"
12498,81,"Fruit"
12506,81,"Fruit"
12507,81,"Fruit"
12516,81,"Fruit"
12518,81,"Fruit"
23839,81,"Fruit"
23841,81,"Fruit"
23842,81,"Fruit"
21788,81,"Fruit"
21797,81,"Fruit"
21798,81,"Fruit"
21799,81,"Fruit"
21800,81,"Fruit"
21801,81,"Fruit"
21802,81,"Fruit"
22022,81,"Fruit"
22023,81,"Fruit"
22036,81,"Fruit"
22041,81,"Fruit"
22048,81,"Fruit"
24673,81,"Fruit"
22033,81,"Fruit"
23815,81,"Fruit"
23816,81,"Fruit"
23817,81,"Fruit"
23827,81,"Fruit"
12334,81,"Fruit"
12335,81,"Fruit"
12519,81,"Fruit"
12520,81,"Fruit"
12333,81,"Fruit"
12558,81,"Fruit"
17811,81,"Fruit"
22052,81,"Fruit"
22006,81,"Fruit"
22007,81,"Fruit"
22010,81,"Fruit"
22011,81,"Fruit"
22013,81,"Fruit"
23616,81,"Fruit"
7856,70,"Veges"
7858,70,"Veges"
7281,70,"Veges"
7283,70,"Veges"
22835,70,"Veges"
7857,70,"Veges"
7944,70,"Veges"
11621,70,"Veges"
11900,70,"Veges"
22536,70,"Veges"
22830,70,"Veges"
22601,70,"Veges"
22712,70,"Veges"
22828,70,"Veges"
22616,70,"Veges"
22615,70,"Veges"
22716,70,"Veges"
22566,70,"Veges"
22804,70,"Veges"
22805,70,"Veges"
22806,70,"Veges"
22568,70,"Veges"
22569,70,"Veges"
22570,70,"Veges"
22571,70,"Veges"
22572,70,"Veges"
22573,70,"Veges"
22741,70,"Veges"
22742,70,"Veges"
13502,70,"Veges"
13503,70,"Veges"
13760,70,"Veges"
14094,70,"Veges"
14095,70,"Veges"
14096,70,"Veges"
14097,70,"Veges"
14098,70,"Veges"
14099,70,"Veges"
14100,70,"Veges"
14101,70,"Veges"
14102,70,"Veges"
14103,70,"Veges"
14104,70,"Veges"
22752,70,"Veges"
22556,70,"Veges"
22557,70,"Veges"
22788,70,"Veges"
22549,70,"Veges"
22554,70,"Veges"
22555,70,"Veges"
22743,70,"Veges"
22744,70,"Veges"
22745,70,"Veges"
22748,70,"Veges"
22782,70,"Veges"
22783,70,"Veges"
22784,70,"Veges"
22785,70,"Veges"
22786,70,"Veges"
22787,70,"Veges"
22548,70,"Veges"
22552,70,"Veges"
22553,70,"Veges"
22562,70,"Veges"
22563,70,"Veges"
22565,70,"Veges"
22586,70,"Veges"
22587,70,"Veges"
22589,70,"Veges"
22588,70,"Veges"
22592,70,"Veges"
22597,70,"Veges"
22825,70,"Veges"
22605,70,"Veges"
22606,70,"Veges"
22599,70,"Veges"
22603,70,"Veges"
22608,70,"Veges"
22609,70,"Veges"
22610,70,"Veges"
22611,70,"Veges"
22612,70,"Veges"
22614,70,"Veges"
22613,70,"Veges"
22268,70,"Veges"
16044,70,"Veges"
17058,70,"Veges"
15995,70,"Veges"
15996,70,"Veges"
16797,70,"Veges"
17786,70,"Veges"
17788,70,"Veges"
14080,70,"Veges"
14082,70,"Veges"
12057,70,"Veges"
12382,70,"Veges"
12383,70,"Veges"
12574,70,"Veges"
12599,70,"Veges"
12601,70,"Veges"
12602,70,"Veges"
12604,70,"Veges"
12621,70,"Veges"
12409,70,"Veges"
17782,70,"Veges"
17783,70,"Veges"
17784,70,"Veges"
17792,70,"Veges"
17820,70,"Veges"
12378,70,"Veges"
12379,70,"Veges"
12589,70,"Veges"
12031,70,"Veges"
12032,70,"Veges"
12033,70,"Veges"
12034,70,"Veges"
12035,70,"Veges"
12036,70,"Veges"
12037,70,"Veges"
12530,70,"Veges"
12372,70,"Veges"
12373,70,"Veges"
12296,70,"Veges"
12297,70,"Veges"
12298,70,"Veges"
12299,70,"Veges"
12300,70,"Veges"
12306,70,"Veges"
12322,70,"Veges"
12323,70,"Veges"
12324,70,"Veges"
12325,70,"Veges"
12326,70,"Veges"
12327,70,"Veges"
12374,70,"Veges"
12590,70,"Veges"
12591,70,"Veges"
12594,70,"Veges"
12595,70,"Veges"
12597,70,"Veges"
12598,70,"Veges"
12384,70,"Veges"
12385,70,"Veges"
12377,70,"Veges"
24396,70,"Veges"
24849,70,"Veges"
24853,70,"Veges"
24404,70,"Veges"
23616,70,"Veges"
24856,70,"Veges"
24885,70,"Veges"
24886,70,"Veges"
24887,70,"Veges"
24888,70,"Veges"
24889,70,"Veges"
24676,70,"Veges"
12521,70,"Veges"
12563,70,"Veges"
17811,70,"Veges"
17821,70,"Veges"
12510,70,"Veges"
12536,70,"Veges"
17735,70,"Veges"
17736,70,"Veges"
17787,70,"Veges"
17789,70,"Veges"
17790,70,"Veges"
17791,70,"Veges"
17794,70,"Veges"
17795,70,"Veges"
17732,70,"Veges"
17559,70,"Veges"
17563,70,"Veges"
17564,70,"Veges"
17771,70,"Veges"
17772,70,"Veges"
17773,70,"Veges"
17774,70,"Veges"
17775,70,"Veges"
17776,70,"Veges"
17777,70,"Veges"
17779,70,"Veges"
17780,70,"Veges"
17781,70,"Veges"
17572,70,"Veges"
17768,70,"Veges"
17770,70,"Veges"
17566,70,"Veges"
17568,70,"Veges"
17728,70,"Veges"
17726,70,"Veges"
17727,70,"Veges"
17537,70,"Veges"
17538,70,"Veges"
17734,70,"Veges"
17737,70,"Veges"
14192,70,"Veges"
14193,70,"Veges"
24851,70,"Veges"
15566,70,"Veges"
17756,70,"Veges"
13706,70,"Veges"
13713,70,"Veges"
13714,70,"Veges"
13522,70,"Veges"
13523,70,"Veges"
13524,70,"Veges"
13525,70,"Veges"
17519,70,"Veges"
17520,70,"Veges"
17521,70,"Veges"
17522,70,"Veges"
17523,70,"Veges"
17528,70,"Veges"
17529,70,"Veges"
17530,70,"Veges"
17533,70,"Veges"
17535,70,"Veges"
17764,70,"Veges"
17765,70,"Veges"
17766,70,"Veges"
17555,70,"Veges"
17556,70,"Veges"
17557,70,"Veges"
14191,70,"Veges"
17739,70,"Veges"
14179,70,"Veges"
14189,70,"Veges"
17761,70,"Veges"
13527,70,"Veges"
13529,70,"Veges"
13935,70,"Veges"
13937,70,"Veges"
13946,70,"Veges"
13950,70,"Veges"
15665,70,"Veges"
15666,70,"Veges"
15669,70,"Veges"
15670,70,"Veges"
15671,70,"Veges"
15672,70,"Veges"
15261,70,"Veges"
15282,70,"Veges"
15529,70,"Veges"
22463,70,"Veges"
22467,70,"Veges"
22209,70,"Veges"
22210,70,"Veges"
22256,70,"Veges"
15528,70,"Veges"
15584,70,"Veges"
22258,70,"Veges"
22261,70,"Veges"
22263,70,"Veges"
22510,70,"Veges"
22511,70,"Veges"
22512,70,"Veges"
22520,70,"Veges"
22518,70,"Veges"
22523,70,"Veges"
22525,70,"Veges"
22533,70,"Veges"
22703,70,"Veges"
22278,70,"Veges"
22522,70,"Veges"
22524,70,"Veges"
22526,70,"Veges"
22527,70,"Veges"
22528,70,"Veges"
22529,70,"Veges"
22541,70,"Veges"
22705,70,"Veges"
22706,70,"Veges"
22707,70,"Veges"
22750,70,"Veges"
22753,70,"Veges"
22755,70,"Veges"
22757,70,"Veges"
22758,70,"Veges"
22765,70,"Veges"
22768,70,"Veges"
22770,70,"Veges"
22771,70,"Veges"
22772,70,"Veges"
22773,70,"Veges"
22774,70,"Veges"
22775,70,"Veges"
22776,70,"Veges"
22778,70,"Veges"
22779,70,"Veges"
22780,70,"Veges"
22547,70,"Veges"
22550,70,"Veges"
22551,70,"Veges"
22558,70,"Veges"
22559,70,"Veges"
22560,70,"Veges"
22561,70,"Veges"
22600,70,"Veges"
22817,70,"Veges"
22818,70,"Veges"
22819,70,"Veges"
22820,70,"Veges"
22822,70,"Veges"
22823,70,"Veges"
22824,70,"Veges"
22668,70,"Veges"
22669,70,"Veges"
22670,70,"Veges"
22754,70,"Veges"
22749,70,"Veges"
12491,70,"Veges"
12492,70,"Veges"
12497,70,"Veges"
12498,70,"Veges"
12504,70,"Veges"
12507,70,"Veges"
12508,70,"Veges"
21998,70,"Veges"
22002,70,"Veges"
21850,70,"Veges"
21854,70,"Veges"
22090,70,"Veges"
22094,70,"Veges"
12528,70,"Veges"
12529,70,"Veges"
23620,70,"Veges"
23886,70,"Veges"
12489,70,"Veges"
12490,70,"Veges"
12493,70,"Veges"
12494,70,"Veges"
12495,70,"Veges"
12496,70,"Veges"
12515,70,"Veges"
12517,70,"Veges"
17810,70,"Veges"
17812,70,"Veges"
7856,67,"Veges"
7858,67,"Veges"
7281,67,"Veges"
7283,67,"Veges"
22835,67,"Veges"
7857,67,"Veges"
7944,67,"Veges"
11621,67,"Veges"
11900,67,"Veges"
22536,67,"Veges"
22830,67,"Veges"
22601,67,"Veges"
22712,67,"Veges"
22828,67,"Veges"
22616,67,"Veges"
22615,67,"Veges"
22716,67,"Veges"
22566,67,"Veges"
22804,67,"Veges"
22805,67,"Veges"
22806,67,"Veges"
22568,67,"Veges"
22569,67,"Veges"
22570,67,"Veges"
22571,67,"Veges"
22572,67,"Veges"
22573,67,"Veges"
22741,67,"Veges"
22742,67,"Veges"
13502,67,"Veges"
13503,67,"Veges"
13760,67,"Veges"
14094,67,"Veges"
14095,67,"Veges"
14096,67,"Veges"
14097,67,"Veges"
14098,67,"Veges"
14099,67,"Veges"
14100,67,"Veges"
14101,67,"Veges"
14102,67,"Veges"
14103,67,"Veges"
14104,67,"Veges"
22752,67,"Veges"
22556,67,"Veges"
22557,67,"Veges"
22788,67,"Veges"
22549,67,"Veges"
22554,67,"Veges"
22555,67,"Veges"
22743,67,"Veges"
22744,67,"Veges"
22745,67,"Veges"
22748,67,"Veges"
22782,67,"Veges"
22783,67,"Veges"
22784,67,"Veges"
22785,67,"Veges"
22786,67,"Veges"
22787,67,"Veges"
22548,67,"Veges"
22552,67,"Veges"
22553,67,"Veges"
22562,67,"Veges"
22563,67,"Veges"
22565,67,"Veges"
22586,67,"Veges"
22587,67,"Veges"
22589,67,"Veges"
22588,67,"Veges"
22592,67,"Veges"
22597,67,"Veges"
22825,67,"Veges"
22605,67,"Veges"
22606,67,"Veges"
22599,67,"Veges"
22603,67,"Veges"
22608,67,"Veges"
22609,67,"Veges"
22610,67,"Veges"
22611,67,"Veges"
22612,67,"Veges"
22614,67,"Veges"
22613,67,"Veges"
22268,67,"Veges"
16044,67,"Veges"
17058,67,"Veges"
15995,67,"Veges"
15996,67,"Veges"
16797,67,"Veges"
17786,67,"Veges"
17788,67,"Veges"
14080,67,"Veges"
14082,67,"Veges"
12057,67,"Veges"
12382,67,"Veges"
12383,67,"Veges"
12574,67,"Veges"
12599,67,"Veges"
12601,67,"Veges"
12602,67,"Veges"
12604,67,"Veges"
12621,67,"Veges"
12409,67,"Veges"
17782,67,"Veges"
17783,67,"Veges"
17784,67,"Veges"
17792,67,"Veges"
17820,67,"Veges"
12378,67,"Veges"
12379,67,"Veges"
12589,67,"Veges"
12031,67,"Veges"
12032,67,"Veges"
12033,67,"Veges"
12034,67,"Veges"
12035,67,"Veges"
12036,67,"Veges"
12037,67,"Veges"
12530,67,"Veges"
12372,67,"Veges"
12373,67,"Veges"
12296,67,"Veges"
12297,67,"Veges"
12298,67,"Veges"
12299,67,"Veges"
12300,67,"Veges"
12306,67,"Veges"
12322,67,"Veges"
12323,67,"Veges"
12324,67,"Veges"
12325,67,"Veges"
12326,67,"Veges"
12327,67,"Veges"
12374,67,"Veges"
12590,67,"Veges"
12591,67,"Veges"
12594,67,"Veges"
12595,67,"Veges"
12597,67,"Veges"
12598,67,"Veges"
12384,67,"Veges"
12385,67,"Veges"
12377,67,"Veges"
24853,67,"Veges"
23616,67,"Veges"
24856,67,"Veges"
24885,67,"Veges"
24886,67,"Veges"
24887,67,"Veges"
24888,67,"Veges"
24889,67,"Veges"
24676,67,"Veges"
12521,67,"Veges"
12563,67,"Veges"
17811,67,"Veges"
17821,67,"Veges"
12510,67,"Veges"
12536,67,"Veges"
17735,67,"Veges"
17736,67,"Veges"
17787,67,"Veges"
17789,67,"Veges"
17790,67,"Veges"
17791,67,"Veges"
17794,67,"Veges"
17795,67,"Veges"
17732,67,"Veges"
17559,67,"Veges"
17563,67,"Veges"
17564,67,"Veges"
17771,67,"Veges"
17772,67,"Veges"
17773,67,"Veges"
17774,67,"Veges"
17775,67,"Veges"
17776,67,"Veges"
17777,67,"Veges"
17779,67,"Veges"
17780,67,"Veges"
17781,67,"Veges"
17572,67,"Veges"
17768,67,"Veges"
17770,67,"Veges"
17566,67,"Veges"
17568,67,"Veges"
17728,67,"Veges"
17726,67,"Veges"
17727,67,"Veges"
17537,67,"Veges"
17538,67,"Veges"
17734,67,"Veges"
17737,67,"Veges"
14192,67,"Veges"
14193,67,"Veges"
24851,67,"Veges"
15566,67,"Veges"
17756,67,"Veges"
13706,67,"Veges"
13713,67,"Veges"
13714,67,"Veges"
13522,67,"Veges"
13523,67,"Veges"
13524,67,"Veges"
13525,67,"Veges"
17519,67,"Veges"
17520,67,"Veges"
17521,67,"Veges"
17522,67,"Veges"
17523,67,"Veges"
17528,67,"Veges"
17529,67,"Veges"
17530,67,"Veges"
17533,67,"Veges"
17535,67,"Veges"
17764,67,"Veges"
17765,67,"Veges"
17766,67,"Veges"
17555,67,"Veges"
17556,67,"Veges"
17557,67,"Veges"
14191,67,"Veges"
17739,67,"Veges"
14179,67,"Veges"
14189,67,"Veges"
17761,67,"Veges"
13527,67,"Veges"
13529,67,"Veges"
13935,67,"Veges"
13937,67,"Veges"
13946,67,"Veges"
13950,67,"Veges"
15665,67,"Veges"
15666,67,"Veges"
15669,67,"Veges"
15670,67,"Veges"
15671,67,"Veges"
15672,67,"Veges"
15261,67,"Veges"
15282,67,"Veges"
15529,67,"Veges"
22463,67,"Veges"
22467,67,"Veges"
22209,67,"Veges"
22210,67,"Veges"
22256,67,"Veges"
15528,67,"Veges"
15584,67,"Veges"
22258,67,"Veges"
22261,67,"Veges"
22263,67,"Veges"
22510,67,"Veges"
22511,67,"Veges"
22512,67,"Veges"
22520,67,"Veges"
22518,67,"Veges"
22523,67,"Veges"
22525,67,"Veges"
22533,67,"Veges"
22703,67,"Veges"
22278,67,"Veges"
22522,67,"Veges"
22524,67,"Veges"
22526,67,"Veges"
22527,67,"Veges"
22528,67,"Veges"
22529,67,"Veges"
22541,67,"Veges"
22705,67,"Veges"
22706,67,"Veges"
22707,67,"Veges"
22750,67,"Veges"
22753,67,"Veges"
22755,67,"Veges"
22757,67,"Veges"
22758,67,"Veges"
22765,67,"Veges"
22768,67,"Veges"
22770,67,"Veges"
22771,67,"Veges"
22772,67,"Veges"
22773,67,"Veges"
22774,67,"Veges"
22775,67,"Veges"
22776,67,"Veges"
22778,67,"Veges"
22779,67,"Veges"
22780,67,"Veges"
22547,67,"Veges"
22550,67,"Veges"
22551,67,"Veges"
22558,67,"Veges"
22559,67,"Veges"
22560,67,"Veges"
22561,67,"Veges"
22600,67,"Veges"
22817,67,"Veges"
22818,67,"Veges"
22819,67,"Veges"
22820,67,"Veges"
22822,67,"Veges"
22823,67,"Veges"
22824,67,"Veges"
22668,67,"Veges"
22669,67,"Veges"
22670,67,"Veges"
22754,67,"Veges"
22749,67,"Veges"
12491,67,"Veges"
12492,67,"Veges"
12497,67,"Veges"
12498,67,"Veges"
12504,67,"Veges"
12507,67,"Veges"
12508,67,"Veges"
21998,67,"Veges"
22002,67,"Veges"
21850,67,"Veges"
21854,67,"Veges"
22090,67,"Veges"
22094,67,"Veges"
12528,67,"Veges"
12529,67,"Veges"
23620,67,"Veges"
23886,67,"Veges"
12489,67,"Veges"
12490,67,"Veges"
12493,67,"Veges"
12494,67,"Veges"
12495,67,"Veges"
12496,67,"Veges"
12515,67,"Veges"
12517,67,"Veges"
17810,67,"Veges"
17812,67,"Veges"
7856,76,"Veges"
7858,76,"Veges"
7281,76,"Veges"
7283,76,"Veges"
22835,76,"Veges"
7857,76,"Veges"
7944,76,"Veges"
11621,76,"Veges"
11900,76,"Veges"
22536,76,"Veges"
22830,76,"Veges"
22601,76,"Veges"
22712,76,"Veges"
22828,76,"Veges"
22616,76,"Veges"
22615,76,"Veges"
22716,76,"Veges"
22566,76,"Veges"
22804,76,"Veges"
22805,76,"Veges"
22806,76,"Veges"
22568,76,"Veges"
22569,76,"Veges"
22570,76,"Veges"
22571,76,"Veges"
22572,76,"Veges"
22573,76,"Veges"
22741,76,"Veges"
22742,76,"Veges"
13502,76,"Veges"
13503,76,"Veges"
13760,76,"Veges"
14094,76,"Veges"
14095,76,"Veges"
14096,76,"Veges"
14097,76,"Veges"
14098,76,"Veges"
14099,76,"Veges"
14100,76,"Veges"
14101,76,"Veges"
14102,76,"Veges"
14103,76,"Veges"
14104,76,"Veges"
22752,76,"Veges"
22556,76,"Veges"
22557,76,"Veges"
22788,76,"Veges"
22549,76,"Veges"
22554,76,"Veges"
22555,76,"Veges"
22743,76,"Veges"
22744,76,"Veges"
22745,76,"Veges"
22748,76,"Veges"
22782,76,"Veges"
22783,76,"Veges"
22784,76,"Veges"
22785,76,"Veges"
22786,76,"Veges"
22787,76,"Veges"
22548,76,"Veges"
22552,76,"Veges"
22553,76,"Veges"
22562,76,"Veges"
22563,76,"Veges"
22565,76,"Veges"
22586,76,"Veges"
22587,76,"Veges"
22589,76,"Veges"
22588,76,"Veges"
22592,76,"Veges"
22597,76,"Veges"
22825,76,"Veges"
22605,76,"Veges"
22606,76,"Veges"
22599,76,"Veges"
22603,76,"Veges"
22608,76,"Veges"
22609,76,"Veges"
22610,76,"Veges"
22611,76,"Veges"
22612,76,"Veges"
22614,76,"Veges"
22613,76,"Veges"
22268,76,"Veges"
16044,76,"Veges"
17058,76,"Veges"
15995,76,"Veges"
15996,76,"Veges"
16797,76,"Veges"
17786,76,"Veges"
17788,76,"Veges"
14080,76,"Veges"
14082,76,"Veges"
12057,76,"Veges"
12382,76,"Veges"
12383,76,"Veges"
12574,76,"Veges"
12599,76,"Veges"
12601,76,"Veges"
12602,76,"Veges"
12604,76,"Veges"
12621,76,"Veges"
12409,76,"Veges"
17782,76,"Veges"
17783,76,"Veges"
17784,76,"Veges"
17792,76,"Veges"
17820,76,"Veges"
12378,76,"Veges"
12379,76,"Veges"
12589,76,"Veges"
12031,76,"Veges"
12032,76,"Veges"
12033,76,"Veges"
12034,76,"Veges"
12035,76,"Veges"
12036,76,"Veges"
12037,76,"Veges"
12530,76,"Veges"
12372,76,"Veges"
12373,76,"Veges"
12296,76,"Veges"
12297,76,"Veges"
12298,76,"Veges"
12299,76,"Veges"
12300,76,"Veges"
12306,76,"Veges"
12322,76,"Veges"
12323,76,"Veges"
12324,76,"Veges"
12325,76,"Veges"
12326,76,"Veges"
12327,76,"Veges"
12374,76,"Veges"
12590,76,"Veges"
12591,76,"Veges"
12594,76,"Veges"
12595,76,"Veges"
12597,76,"Veges"
12598,76,"Veges"
12384,76,"Veges"
12385,76,"Veges"
12377,76,"Veges"
24853,76,"Veges"
23616,76,"Veges"
24856,76,"Veges"
24885,76,"Veges"
24886,76,"Veges"
24887,76,"Veges"
24888,76,"Veges"
24889,76,"Veges"
24676,76,"Veges"
12521,76,"Veges"
12563,76,"Veges"
17811,76,"Veges"
17821,76,"Veges"
12510,76,"Veges"
12536,76,"Veges"
17735,76,"Veges"
17736,76,"Veges"
17787,76,"Veges"
17789,76,"Veges"
17790,76,"Veges"
17791,76,"Veges"
17794,76,"Veges"
17795,76,"Veges"
17732,76,"Veges"
17559,76,"Veges"
17563,76,"Veges"
17564,76,"Veges"
17771,76,"Veges"
17772,76,"Veges"
17773,76,"Veges"
17774,76,"Veges"
17775,76,"Veges"
17776,76,"Veges"
17777,76,"Veges"
17779,76,"Veges"
17780,76,"Veges"
17781,76,"Veges"
17572,76,"Veges"
17768,76,"Veges"
17770,76,"Veges"
17566,76,"Veges"
17568,76,"Veges"
17728,76,"Veges"
17726,76,"Veges"
17727,76,"Veges"
17537,76,"Veges"
17538,76,"Veges"
17734,76,"Veges"
17737,76,"Veges"
14192,76,"Veges"
14193,76,"Veges"
24851,76,"Veges"
15566,76,"Veges"
17756,76,"Veges"
13706,76,"Veges"
13713,76,"Veges"
13714,76,"Veges"
13522,76,"Veges"
13523,76,"Veges"
13524,76,"Veges"
13525,76,"Veges"
17519,76,"Veges"
17520,76,"Veges"
17521,76,"Veges"
17522,76,"Veges"
17523,76,"Veges"
17528,76,"Veges"
17529,76,"Veges"
17530,76,"Veges"
17533,76,"Veges"
17535,76,"Veges"
17764,76,"Veges"
17765,76,"Veges"
17766,76,"Veges"
17555,76,"Veges"
17556,76,"Veges"
17557,76,"Veges"
14191,76,"Veges"
17739,76,"Veges"
14179,76,"Veges"
14189,76,"Veges"
17761,76,"Veges"
13527,76,"Veges"
13529,76,"Veges"
13935,76,"Veges"
13937,76,"Veges"
13946,76,"Veges"
13950,76,"Veges"
15665,76,"Veges"
15666,76,"Veges"
15669,76,"Veges"
15670,76,"Veges"
15671,76,"Veges"
15672,76,"Veges"
15261,76,"Veges"
15282,76,"Veges"
15529,76,"Veges"
22463,76,"Veges"
22467,76,"Veges"
22209,76,"Veges"
22210,76,"Veges"
22256,76,"Veges"
15528,76,"Veges"
15584,76,"Veges"
22258,76,"Veges"
22261,76,"Veges"
22263,76,"Veges"
22510,76,"Veges"
22511,76,"Veges"
22512,76,"Veges"
22520,76,"Veges"
22518,76,"Veges"
22523,76,"Veges"
22525,76,"Veges"
22533,76,"Veges"
22703,76,"Veges"
22278,76,"Veges"
22522,76,"Veges"
22524,76,"Veges"
22526,76,"Veges"
22527,76,"Veges"
22528,76,"Veges"
22529,76,"Veges"
22541,76,"Veges"
22705,76,"Veges"
22706,76,"Veges"
22707,76,"Veges"
22750,76,"Veges"
22753,76,"Veges"
22755,76,"Veges"
22757,76,"Veges"
22758,76,"Veges"
22765,76,"Veges"
22768,76,"Veges"
22770,76,"Veges"
22771,76,"Veges"
22772,76,"Veges"
22773,76,"Veges"
22774,76,"Veges"
22775,76,"Veges"
22776,76,"Veges"
22778,76,"Veges"
22779,76,"Veges"
22780,76,"Veges"
22547,76,"Veges"
22550,76,"Veges"
22551,76,"Veges"
22558,76,"Veges"
22559,76,"Veges"
22560,76,"Veges"
22561,76,"Veges"
22600,76,"Veges"
22817,76,"Veges"
22818,76,"Veges"
22819,76,"Veges"
22820,76,"Veges"
22822,76,"Veges"
22823,76,"Veges"
22824,76,"Veges"
22668,76,"Veges"
22669,76,"Veges"
22670,76,"Veges"
22754,76,"Veges"
22749,76,"Veges"
12491,76,"Veges"
12492,76,"Veges"
12497,76,"Veges"
12498,76,"Veges"
12504,76,"Veges"
12507,76,"Veges"
12508,76,"Veges"
21998,76,"Veges"
22002,76,"Veges"
21850,76,"Veges"
21854,76,"Veges"
22090,76,"Veges"
22094,76,"Veges"
12528,76,"Veges"
12529,76,"Veges"
23620,76,"Veges"
23886,76,"Veges"
12489,76,"Veges"
12490,76,"Veges"
12493,76,"Veges"
12494,76,"Veges"
12495,76,"Veges"
12496,76,"Veges"
12515,76,"Veges"
12517,76,"Veges"
17810,76,"Veges"
17812,76,"Veges"
7856,68,"Veges"
7858,68,"Veges"
7283,68,"Veges"
22835,68,"Veges"
7857,68,"Veges"
7944,68,"Veges"
11621,68,"Veges"
11900,68,"Veges"
22536,68,"Veges"
22830,68,"Veges"
22601,68,"Veges"
22828,68,"Veges"
22616,68,"Veges"
22615,68,"Veges"
22716,68,"Veges"
22806,68,"Veges"
22568,68,"Veges"
22569,68,"Veges"
22570,68,"Veges"
22571,68,"Veges"
22572,68,"Veges"
22573,68,"Veges"
22741,68,"Veges"
22742,68,"Veges"
13502,68,"Veges"
13503,68,"Veges"
13760,68,"Veges"
14094,68,"Veges"
14095,68,"Veges"
14096,68,"Veges"
14097,68,"Veges"
14098,68,"Veges"
14099,68,"Veges"
14100,68,"Veges"
14101,68,"Veges"
14103,68,"Veges"
14104,68,"Veges"
22752,68,"Veges"
22556,68,"Veges"
22557,68,"Veges"
22788,68,"Veges"
22549,68,"Veges"
22554,68,"Veges"
22555,68,"Veges"
22743,68,"Veges"
22745,68,"Veges"
22748,68,"Veges"
22786,68,"Veges"
22787,68,"Veges"
22548,68,"Veges"
22552,68,"Veges"
22553,68,"Veges"
22562,68,"Veges"
22563,68,"Veges"
22565,68,"Veges"
22586,68,"Veges"
22587,68,"Veges"
22589,68,"Veges"
22588,68,"Veges"
22592,68,"Veges"
22597,68,"Veges"
22825,68,"Veges"
22605,68,"Veges"
22606,68,"Veges"
22599,68,"Veges"
22603,68,"Veges"
22608,68,"Veges"
22609,68,"Veges"
22610,68,"Veges"
22611,68,"Veges"
22612,68,"Veges"
22614,68,"Veges"
22613,68,"Veges"
22268,68,"Veges"
16044,68,"Veges"
15995,68,"Veges"
15996,68,"Veges"
16797,68,"Veges"
17786,68,"Veges"
17788,68,"Veges"
14080,68,"Veges"
14082,68,"Veges"
12057,68,"Veges"
12382,68,"Veges"
12383,68,"Veges"
12574,68,"Veges"
12599,68,"Veges"
12604,68,"Veges"
12621,68,"Veges"
17782,68,"Veges"
17783,68,"Veges"
17784,68,"Veges"
17820,68,"Veges"
12378,68,"Veges"
12379,68,"Veges"
12031,68,"Veges"
12032,68,"Veges"
12033,68,"Veges"
12034,68,"Veges"
12035,68,"Veges"
12036,68,"Veges"
12530,68,"Veges"
12372,68,"Veges"
12373,68,"Veges"
12322,68,"Veges"
12323,68,"Veges"
12324,68,"Veges"
12325,68,"Veges"
12374,68,"Veges"
12590,68,"Veges"
12594,68,"Veges"
12595,68,"Veges"
12597,68,"Veges"
12598,68,"Veges"
12384,68,"Veges"
12385,68,"Veges"
12377,68,"Veges"
24853,68,"Veges"
23616,68,"Veges"
24856,68,"Veges"
24885,68,"Veges"
24886,68,"Veges"
24888,68,"Veges"
24889,68,"Veges"
12521,68,"Veges"
12563,68,"Veges"
17811,68,"Veges"
12510,68,"Veges"
12536,68,"Veges"
17735,68,"Veges"
17736,68,"Veges"
17787,68,"Veges"
17789,68,"Veges"
17790,68,"Veges"
17791,68,"Veges"
17795,68,"Veges"
17732,68,"Veges"
17559,68,"Veges"
17563,68,"Veges"
17771,68,"Veges"
17772,68,"Veges"
17773,68,"Veges"
17774,68,"Veges"
17775,68,"Veges"
17776,68,"Veges"
17777,68,"Veges"
17779,68,"Veges"
17780,68,"Veges"
17781,68,"Veges"
17768,68,"Veges"
17770,68,"Veges"
17566,68,"Veges"
17568,68,"Veges"
17728,68,"Veges"
17726,68,"Veges"
17537,68,"Veges"
17734,68,"Veges"
17737,68,"Veges"
14192,68,"Veges"
14193,68,"Veges"
24851,68,"Veges"
15566,68,"Veges"
17756,68,"Veges"
13706,68,"Veges"
13713,68,"Veges"
13714,68,"Veges"
13522,68,"Veges"
13523,68,"Veges"
13524,68,"Veges"
13525,68,"Veges"
17519,68,"Veges"
17520,68,"Veges"
17521,68,"Veges"
17522,68,"Veges"
17523,68,"Veges"
17528,68,"Veges"
17529,68,"Veges"
17530,68,"Veges"
17533,68,"Veges"
17764,68,"Veges"
17765,68,"Veges"
17555,68,"Veges"
17556,68,"Veges"
17557,68,"Veges"
14191,68,"Veges"
17739,68,"Veges"
14179,68,"Veges"
14189,68,"Veges"
17761,68,"Veges"
13529,68,"Veges"
13935,68,"Veges"
13937,68,"Veges"
15665,68,"Veges"
15666,68,"Veges"
15669,68,"Veges"
15670,68,"Veges"
15671,68,"Veges"
15672,68,"Veges"
15261,68,"Veges"
15282,68,"Veges"
15529,68,"Veges"
22463,68,"Veges"
22209,68,"Veges"
22210,68,"Veges"
22256,68,"Veges"
15528,68,"Veges"
15584,68,"Veges"
22258,68,"Veges"
22261,68,"Veges"
22511,68,"Veges"
22512,68,"Veges"
22520,68,"Veges"
22518,68,"Veges"
22523,68,"Veges"
22525,68,"Veges"
22533,68,"Veges"
22703,68,"Veges"
22278,68,"Veges"
22522,68,"Veges"
22524,68,"Veges"
22526,68,"Veges"
22527,68,"Veges"
22528,68,"Veges"
22529,68,"Veges"
22541,68,"Veges"
22705,68,"Veges"
22707,68,"Veges"
22750,68,"Veges"
22753,68,"Veges"
22755,68,"Veges"
22758,68,"Veges"
22765,68,"Veges"
22768,68,"Veges"
22770,68,"Veges"
22771,68,"Veges"
22772,68,"Veges"
22773,68,"Veges"
22776,68,"Veges"
22778,68,"Veges"
22779,68,"Veges"
22780,68,"Veges"
22547,68,"Veges"
22550,68,"Veges"
22551,68,"Veges"
22558,68,"Veges"
22559,68,"Veges"
22560,68,"Veges"
22561,68,"Veges"
22600,68,"Veges"
22817,68,"Veges"
22818,68,"Veges"
22819,68,"Veges"
22820,68,"Veges"
22822,68,"Veges"
22823,68,"Veges"
22824,68,"Veges"
22668,68,"Veges"
22669,68,"Veges"
22670,68,"Veges"
22754,68,"Veges"
22749,68,"Veges"
12491,68,"Veges"
12492,68,"Veges"
12497,68,"Veges"
12498,68,"Veges"
12504,68,"Veges"
12508,68,"Veges"
21998,68,"Veges"
21850,68,"Veges"
22094,68,"Veges"
12528,68,"Veges"
12529,68,"Veges"
23886,68,"Veges"
12489,68,"Veges"
12490,68,"Veges"
12493,68,"Veges"
12494,68,"Veges"
12495,68,"Veges"
12496,68,"Veges"
12515,68,"Veges"
12517,68,"Veges"
17810,68,"Veges"
17812,68,"Veges"
103,82,"Sheepmeat"
99,82,"Sheepmeat"
15481,82,"Sheepmeat"
104,82,"Sheepmeat"
107,82,"Sheepmeat"
112,82,"Sheepmeat"
126,82,"Sheepmeat"
105,82,"Sheepmeat"
109,82,"Sheepmeat"
127,82,"Sheepmeat"
16764,82,"Sheepmeat"
16771,82,"Sheepmeat"
4662,82,"Sheepmeat"
2977,82,"Sheepmeat"
4404,82,"Sheepmeat"
4393,82,"Sheepmeat"
4405,82,"Sheepmeat"
4657,82,"Sheepmeat"
4658,82,"Sheepmeat"
4659,82,"Sheepmeat"
3053,82,"Sheepmeat"
4418,82,"Sheepmeat"
4419,82,"Sheepmeat"
4423,82,"Sheepmeat"
2998,82,"Sheepmeat"
3044,82,"Sheepmeat"
4653,82,"Sheepmeat"
3024,82,"Sheepmeat"
2993,82,"Sheepmeat"
7897,82,"Sheepmeat"
7899,82,"Sheepmeat"
15237,82,"Sheepmeat"
15483,82,"Sheepmeat"
7905,82,"Sheepmeat"
7288,82,"Sheepmeat"
7898,82,"Sheepmeat"
7290,82,"Sheepmeat"
7291,82,"Sheepmeat"
7292,82,"Sheepmeat"
7909,82,"Sheepmeat"
7877,82,"Sheepmeat"
7289,82,"Sheepmeat"
7896,82,"Sheepmeat"
7287,82,"Sheepmeat"
15501,82,"Sheepmeat"
7876,82,"Sheepmeat"
15238,82,"Sheepmeat"
15499,82,"Sheepmeat"
15500,82,"Sheepmeat"
15502,82,"Sheepmeat"
15503,82,"Sheepmeat"
4656,82,"Sheepmeat"
4420,82,"Sheepmeat"
7886,82,"Sheepmeat"
7276,82,"Sheepmeat"
7277,82,"Sheepmeat"
15249,82,"Sheepmeat"
7296,82,"Sheepmeat"
7297,82,"Sheepmeat"
7298,82,"Sheepmeat"
7910,82,"Sheepmeat"
7912,82,"Sheepmeat"
7263,82,"Sheepmeat"
7911,82,"Sheepmeat"
7858,82,"Sheepmeat"
7881,82,"Sheepmeat"
7888,82,"Sheepmeat"
7890,82,"Sheepmeat"
7283,82,"Sheepmeat"
7892,82,"Sheepmeat"
7894,82,"Sheepmeat"
7285,82,"Sheepmeat"
7286,82,"Sheepmeat"
7893,82,"Sheepmeat"
7895,82,"Sheepmeat"
15998,82,"Sheepmeat"
7884,82,"Sheepmeat"
7284,82,"Sheepmeat"
15999,82,"Sheepmeat"
16000,82,"Sheepmeat"
16001,82,"Sheepmeat"
16004,82,"Sheepmeat"
7891,82,"Sheepmeat"
7261,82,"Sheepmeat"
7264,82,"Sheepmeat"
7265,82,"Sheepmeat"
7857,82,"Sheepmeat"
11621,82,"Sheepmeat"
22835,82,"Sheepmeat"
7853,82,"Sheepmeat"
22543,82,"Sheepmeat"
22544,82,"Sheepmeat"
22545,82,"Sheepmeat"
7854,82,"Sheepmeat"
7863,82,"Sheepmeat"
7864,82,"Sheepmeat"
7868,82,"Sheepmeat"
7269,82,"Sheepmeat"
7880,82,"Sheepmeat"
7866,82,"Sheepmeat"
7869,82,"Sheepmeat"
7259,82,"Sheepmeat"
7302,82,"Sheepmeat"
7918,82,"Sheepmeat"
7852,82,"Sheepmeat"
7870,82,"Sheepmeat"
7873,82,"Sheepmeat"
7268,82,"Sheepmeat"
15248,82,"Sheepmeat"
15250,82,"Sheepmeat"
15251,82,"Sheepmeat"
15508,82,"Sheepmeat"
15514,82,"Sheepmeat"
15515,82,"Sheepmeat"
15519,82,"Sheepmeat"
15252,82,"Sheepmeat"
15253,82,"Sheepmeat"
7260,82,"Sheepmeat"
7267,82,"Sheepmeat"
7272,82,"Sheepmeat"
7885,82,"Sheepmeat"
16006,82,"Sheepmeat"
7859,82,"Sheepmeat"
7860,82,"Sheepmeat"
7861,82,"Sheepmeat"
7356,82,"Sheepmeat"
7862,82,"Sheepmeat"
7867,82,"Sheepmeat"
7274,82,"Sheepmeat"
7889,82,"Sheepmeat"
7275,82,"Sheepmeat"
7273,82,"Sheepmeat"
7361,82,"Sheepmeat"
11902,82,"Sheepmeat"
15509,82,"Sheepmeat"
16003,82,"Sheepmeat"
16011,82,"Sheepmeat"
16007,82,"Sheepmeat"
22279,82,"Sheepmeat"
16010,82,"Sheepmeat"
15826,82,"Sheepmeat"
15516,82,"Sheepmeat"
22536,82,"Sheepmeat"
22537,82,"Sheepmeat"
22280,82,"Sheepmeat"
22281,82,"Sheepmeat"
22709,82,"Sheepmeat"
22828,82,"Sheepmeat"
22829,82,"Sheepmeat"
22590,82,"Sheepmeat"
22827,82,"Sheepmeat"
22712,82,"Sheepmeat"
22614,82,"Sheepmeat"
22538,82,"Sheepmeat"
22539,82,"Sheepmeat"
22717,82,"Sheepmeat"
22723,82,"Sheepmeat"
22731,82,"Sheepmeat"
11874,82,"Sheepmeat"
22836,82,"Sheepmeat"
22802,82,"Sheepmeat"
22803,82,"Sheepmeat"
22789,82,"Sheepmeat"
22807,82,"Sheepmeat"
22574,82,"Sheepmeat"
22575,82,"Sheepmeat"
22578,82,"Sheepmeat"
22579,82,"Sheepmeat"
22580,82,"Sheepmeat"
22566,82,"Sheepmeat"
22805,82,"Sheepmeat"
22581,82,"Sheepmeat"
22582,82,"Sheepmeat"
22583,82,"Sheepmeat"
22584,82,"Sheepmeat"
22594,82,"Sheepmeat"
22595,82,"Sheepmeat"
22598,82,"Sheepmeat"
22620,82,"Sheepmeat"
22576,82,"Sheepmeat"
22577,82,"Sheepmeat"
22607,82,"Sheepmeat"
22831,82,"Sheepmeat"
16002,82,"Sheepmeat"
16005,82,"Sheepmeat"
16008,82,"Sheepmeat"
16009,82,"Sheepmeat"
22495,82,"Sheepmeat"
22534,82,"Sheepmeat"
22535,82,"Sheepmeat"
22540,82,"Sheepmeat"
14082,82,"Sheepmeat"
22593,82,"Sheepmeat"
22840,82,"Sheepmeat"
22741,82,"Sheepmeat"
14096,82,"Sheepmeat"
22742,82,"Sheepmeat"
22822,82,"Sheepmeat"
14087,82,"Sheepmeat"
14193,82,"Sheepmeat"
17721,82,"Sheepmeat"
17722,82,"Sheepmeat"
17723,82,"Sheepmeat"
12375,82,"Sheepmeat"
12376,82,"Sheepmeat"
17818,82,"Sheepmeat"
7882,82,"Sheepmeat"
7883,82,"Sheepmeat"
7254,82,"Sheepmeat"
7255,82,"Sheepmeat"
7926,82,"Sheepmeat"
7923,82,"Sheepmeat"
7927,82,"Sheepmeat"
7311,82,"Sheepmeat"
7920,82,"Sheepmeat"
7312,82,"Sheepmeat"
7328,82,"Sheepmeat"
7330,82,"Sheepmeat"
7329,82,"Sheepmeat"
7252,82,"Sheepmeat"
2810,82,"Sheepmeat"
2813,82,"Sheepmeat"
2815,82,"Sheepmeat"
7251,82,"Sheepmeat"
2814,82,"Sheepmeat"
2838,82,"Sheepmeat"
2811,82,"Sheepmeat"
2855,82,"Sheepmeat"
2859,82,"Sheepmeat"
3009,82,"Sheepmeat"
108,82,"Sheepmeat"
110,82,"Sheepmeat"
16773,82,"Sheepmeat"
16774,82,"Sheepmeat"
16775,82,"Sheepmeat"
17076,82,"Sheepmeat"
16833,82,"Sheepmeat"
16834,82,"Sheepmeat"
17083,82,"Sheepmeat"
16836,82,"Sheepmeat"
15232,82,"Sheepmeat"
15472,82,"Sheepmeat"
7304,82,"Sheepmeat"
7303,82,"Sheepmeat"
7258,82,"Sheepmeat"
7851,82,"Sheepmeat"
7865,82,"Sheepmeat"
7271,82,"Sheepmeat"
2588,82,"Sheepmeat"
2590,82,"Sheepmeat"
2592,82,"Sheepmeat"
2593,82,"Sheepmeat"
2596,82,"Sheepmeat"
2556,82,"Sheepmeat"
2557,82,"Sheepmeat"
2562,82,"Sheepmeat"
2585,82,"Sheepmeat"
2587,82,"Sheepmeat"
2589,82,"Sheepmeat"
4210,82,"Sheepmeat"
2597,82,"Sheepmeat"
2598,82,"Sheepmeat"
2600,82,"Sheepmeat"
2612,82,"Sheepmeat"
2765,82,"Sheepmeat"
4216,82,"Sheepmeat"
4339,82,"Sheepmeat"
4340,82,"Sheepmeat"
4351,82,"Sheepmeat"
4616,82,"Sheepmeat"
4617,82,"Sheepmeat"
4357,82,"Sheepmeat"
7907,82,"Sheepmeat"
4634,82,"Sheepmeat"
4635,82,"Sheepmeat"
2827,82,"Sheepmeat"
2826,82,"Sheepmeat"
2907,82,"Sheepmeat"
2828,82,"Sheepmeat"
2573,82,"Sheepmeat"
7908,82,"Sheepmeat"
4636,82,"Sheepmeat"
4637,82,"Sheepmeat"
4638,82,"Sheepmeat"
2832,82,"Sheepmeat"
2835,82,"Sheepmeat"
2834,82,"Sheepmeat"
4707,82,"Sheepmeat"
4639,82,"Sheepmeat"
4640,82,"Sheepmeat"
3032,82,"Sheepmeat"
4708,82,"Sheepmeat"
4709,82,"Sheepmeat"
3008,82,"Sheepmeat"
3010,82,"Sheepmeat"
3025,82,"Sheepmeat"
2836,82,"Sheepmeat"
2876,82,"Sheepmeat"
2906,82,"Sheepmeat"
2905,82,"Sheepmeat"
2607,82,"Sheepmeat"
2610,82,"Sheepmeat"
2839,82,"Sheepmeat"
2837,82,"Sheepmeat"
2829,82,"Sheepmeat"
2830,82,"Sheepmeat"
7294,82,"Sheepmeat"
7253,82,"Sheepmeat"
2867,82,"Sheepmeat"
2875,82,"Sheepmeat"
7900,82,"Sheepmeat"
7903,82,"Sheepmeat"
7902,82,"Sheepmeat"
7036,82,"Sheepmeat"
17012,82,"Sheepmeat"
2868,82,"Sheepmeat"
2874,82,"Sheepmeat"
11809,82,"Sheepmeat"
2869,82,"Sheepmeat"
2877,82,"Sheepmeat"
2872,82,"Sheepmeat"
2882,82,"Sheepmeat"
2873,82,"Sheepmeat"
2878,82,"Sheepmeat"
2901,82,"Sheepmeat"
2903,82,"Sheepmeat"
2879,82,"Sheepmeat"
2881,82,"Sheepmeat"
2912,82,"Sheepmeat"
2915,82,"Sheepmeat"
2911,82,"Sheepmeat"
2910,82,"Sheepmeat"
11622,82,"Sheepmeat"
12075,82,"Sheepmeat"
12084,82,"Sheepmeat"
12088,82,"Sheepmeat"
12089,82,"Sheepmeat"
12077,82,"Sheepmeat"
12085,82,"Sheepmeat"
12090,82,"Sheepmeat"
12086,82,"Sheepmeat"
11848,82,"Sheepmeat"
11849,82,"Sheepmeat"
12108,82,"Sheepmeat"
12109,82,"Sheepmeat"
12110,82,"Sheepmeat"
11891,82,"Sheepmeat"
12116,82,"Sheepmeat"
11847,82,"Sheepmeat"
12078,82,"Sheepmeat"
12079,82,"Sheepmeat"
11810,82,"Sheepmeat"
11591,82,"Sheepmeat"
11818,82,"Sheepmeat"
11839,82,"Sheepmeat"
7848,82,"Sheepmeat"
11840,82,"Sheepmeat"
11841,82,"Sheepmeat"
11842,82,"Sheepmeat"
7332,82,"Sheepmeat"
11846,82,"Sheepmeat"
7933,82,"Sheepmeat"
7935,82,"Sheepmeat"
7939,82,"Sheepmeat"
11590,82,"Sheepmeat"
11592,82,"Sheepmeat"
11593,82,"Sheepmeat"
11596,82,"Sheepmeat"
11813,82,"Sheepmeat"
11814,82,"Sheepmeat"
11815,82,"Sheepmeat"
7940,82,"Sheepmeat"
7943,82,"Sheepmeat"
12129,82,"Sheepmeat"
11909,82,"Sheepmeat"
11837,82,"Sheepmeat"
11838,82,"Sheepmeat"
11845,82,"Sheepmeat"
7946,82,"Sheepmeat"
16740,82,"Sheepmeat"
16784,82,"Sheepmeat"
17056,82,"Sheepmeat"
17063,82,"Sheepmeat"
17048,82,"Sheepmeat"
17049,82,"Sheepmeat"
17054,82,"Sheepmeat"
17055,82,"Sheepmeat"
17062,82,"Sheepmeat"
16801,82,"Sheepmeat"
16802,82,"Sheepmeat"
15562,82,"Sheepmeat"
15523,82,"Sheepmeat"
15526,82,"Sheepmeat"
16786,82,"Sheepmeat"
16787,82,"Sheepmeat"
16788,82,"Sheepmeat"
17057,82,"Sheepmeat"
16793,82,"Sheepmeat"
16803,82,"Sheepmeat"
16804,82,"Sheepmeat"
16806,82,"Sheepmeat"
16807,82,"Sheepmeat"
15255,82,"Sheepmeat"
15520,82,"Sheepmeat"
15822,82,"Sheepmeat"
15992,82,"Sheepmeat"
15993,82,"Sheepmeat"
17560,82,"Sheepmeat"
15824,82,"Sheepmeat"
15568,82,"Sheepmeat"
15823,82,"Sheepmeat"
15991,82,"Sheepmeat"
17051,82,"Sheepmeat"
17053,82,"Sheepmeat"
16791,82,"Sheepmeat"
16794,82,"Sheepmeat"
15841,82,"Sheepmeat"
16036,82,"Sheepmeat"
16038,82,"Sheepmeat"
16041,82,"Sheepmeat"
16030,82,"Sheepmeat"
15997,82,"Sheepmeat"
15838,82,"Sheepmeat"
16032,82,"Sheepmeat"
13704,82,"Sheepmeat"
15994,82,"Sheepmeat"
15995,82,"Sheepmeat"
15996,82,"Sheepmeat"
17058,82,"Sheepmeat"
15577,82,"Sheepmeat"
15578,82,"Sheepmeat"
22268,82,"Sheepmeat"
16043,82,"Sheepmeat"
16045,82,"Sheepmeat"
16796,82,"Sheepmeat"
16798,82,"Sheepmeat"
16800,82,"Sheepmeat"
16799,82,"Sheepmeat"
15837,82,"Sheepmeat"
16033,82,"Sheepmeat"
16042,82,"Sheepmeat"
22262,82,"Sheepmeat"
22269,82,"Sheepmeat"
16037,82,"Sheepmeat"
16039,82,"Sheepmeat"
16040,82,"Sheepmeat"
17052,82,"Sheepmeat"
17039,82,"Sheepmeat"
4630,82,"Sheepmeat"
4396,82,"Sheepmeat"
4629,82,"Sheepmeat"
4627,82,"Sheepmeat"
4612,82,"Sheepmeat"
4397,82,"Sheepmeat"
4398,82,"Sheepmeat"
4648,82,"Sheepmeat"
4647,82,"Sheepmeat"
4211,82,"Sheepmeat"
4212,82,"Sheepmeat"
2606,82,"Sheepmeat"
2609,82,"Sheepmeat"
4213,82,"Sheepmeat"
4603,82,"Sheepmeat"
4606,82,"Sheepmeat"
2604,82,"Sheepmeat"
2605,82,"Sheepmeat"
2551,82,"Sheepmeat"
2785,82,"Sheepmeat"
2608,82,"Sheepmeat"
4641,82,"Sheepmeat"
4358,82,"Sheepmeat"
4706,82,"Sheepmeat"
4448,82,"Sheepmeat"
2778,82,"Sheepmeat"
4611,82,"Sheepmeat"
2554,82,"Sheepmeat"
2555,82,"Sheepmeat"
4620,82,"Sheepmeat"
4621,82,"Sheepmeat"
4622,82,"Sheepmeat"
4624,82,"Sheepmeat"
2553,82,"Sheepmeat"
2602,82,"Sheepmeat"
2603,82,"Sheepmeat"
2565,82,"Sheepmeat"
2559,82,"Sheepmeat"
2567,82,"Sheepmeat"
2568,82,"Sheepmeat"
2560,82,"Sheepmeat"
2569,82,"Sheepmeat"
2571,82,"Sheepmeat"
2570,82,"Sheepmeat"
7913,82,"Sheepmeat"
7305,82,"Sheepmeat"
7916,82,"Sheepmeat"
7313,82,"Sheepmeat"
7322,82,"Sheepmeat"
7321,82,"Sheepmeat"
7318,82,"Sheepmeat"
7314,82,"Sheepmeat"
7315,82,"Sheepmeat"
7931,82,"Sheepmeat"
7319,82,"Sheepmeat"
7320,82,"Sheepmeat"
2537,82,"Sheepmeat"
2547,82,"Sheepmeat"
2561,82,"Sheepmeat"
2564,82,"Sheepmeat"
2566,82,"Sheepmeat"
2572,82,"Sheepmeat"
2578,82,"Sheepmeat"
2582,82,"Sheepmeat"
2689,82,"Sheepmeat"
2703,82,"Sheepmeat"
2544,82,"Sheepmeat"
2540,82,"Sheepmeat"
2541,82,"Sheepmeat"
2542,82,"Sheepmeat"
2543,82,"Sheepmeat"
2545,82,"Sheepmeat"
2550,82,"Sheepmeat"
4250,82,"Sheepmeat"
7317,82,"Sheepmeat"
2792,82,"Sheepmeat"
2538,82,"Sheepmeat"
2548,82,"Sheepmeat"
2563,82,"Sheepmeat"
2583,82,"Sheepmeat"
2637,82,"Sheepmeat"
2601,82,"Sheepmeat"
2732,82,"Sheepmeat"
2734,82,"Sheepmeat"
2736,82,"Sheepmeat"
2740,82,"Sheepmeat"
4677,82,"Sheepmeat"
4215,82,"Sheepmeat"
2742,82,"Sheepmeat"
2743,82,"Sheepmeat"
2744,82,"Sheepmeat"
2754,82,"Sheepmeat"
2761,82,"Sheepmeat"
2762,82,"Sheepmeat"
4341,82,"Sheepmeat"
4217,82,"Sheepmeat"
4218,82,"Sheepmeat"
4219,82,"Sheepmeat"
4220,82,"Sheepmeat"
4613,82,"Sheepmeat"
4345,82,"Sheepmeat"
4348,82,"Sheepmeat"
4349,82,"Sheepmeat"
4350,82,"Sheepmeat"
4626,82,"Sheepmeat"
4399,82,"Sheepmeat"
4400,82,"Sheepmeat"
2549,82,"Sheepmeat"
4649,82,"Sheepmeat"
4631,82,"Sheepmeat"
4361,82,"Sheepmeat"
4364,82,"Sheepmeat"
4369,82,"Sheepmeat"
4370,82,"Sheepmeat"
4375,82,"Sheepmeat"
4376,82,"Sheepmeat"
4377,82,"Sheepmeat"
4378,82,"Sheepmeat"
4642,82,"Sheepmeat"
4646,82,"Sheepmeat"
4395,82,"Sheepmeat"
4236,82,"Sheepmeat"
4549,82,"Sheepmeat"
4401,82,"Sheepmeat"
4650,82,"Sheepmeat"
4651,82,"Sheepmeat"
4652,82,"Sheepmeat"
17559,82,"Sheepmeat"
17579,82,"Sheepmeat"
17580,82,"Sheepmeat"
17804,82,"Sheepmeat"
17805,82,"Sheepmeat"
17587,82,"Sheepmeat"
17588,82,"Sheepmeat"
15740,82,"Sheepmeat"
15766,82,"Sheepmeat"
17572,82,"Sheepmeat"
17590,82,"Sheepmeat"
17810,82,"Sheepmeat"
17813,82,"Sheepmeat"
17815,82,"Sheepmeat"
17564,82,"Sheepmeat"
17558,82,"Sheepmeat"
4421,82,"Sheepmeat"
4661,82,"Sheepmeat"
4251,82,"Sheepmeat"
4449,82,"Sheepmeat"
2796,82,"Sheepmeat"
17567,82,"Sheepmeat"
17570,82,"Sheepmeat"
17571,82,"Sheepmeat"
17782,82,"Sheepmeat"
17792,82,"Sheepmeat"
17725,82,"Sheepmeat"
12378,82,"Sheepmeat"
12379,82,"Sheepmeat"
12384,82,"Sheepmeat"
12483,82,"Sheepmeat"
12484,82,"Sheepmeat"
12485,82,"Sheepmeat"
12487,82,"Sheepmeat"
12488,82,"Sheepmeat"
12486,82,"Sheepmeat"
24387,82,"Sheepmeat"
12598,82,"Sheepmeat"
24851,82,"Sheepmeat"
4368,82,"Sheepmeat"
4628,82,"Sheepmeat"
4367,82,"Sheepmeat"
4366,82,"Sheepmeat"
12563,82,"Sheepmeat"
23843,82,"Sheepmeat"
22047,82,"Sheepmeat"
12481,82,"Sheepmeat"
12482,82,"Sheepmeat"
12509,82,"Sheepmeat"
12336,82,"Sheepmeat"
12338,82,"Sheepmeat"
12341,82,"Sheepmeat"
12343,82,"Sheepmeat"
12344,82,"Sheepmeat"
12360,82,"Sheepmeat"
12363,82,"Sheepmeat"
12364,82,"Sheepmeat"
12365,82,"Sheepmeat"
12366,82,"Sheepmeat"
12367,82,"Sheepmeat"
12368,82,"Sheepmeat"
12525,82,"Sheepmeat"
12526,82,"Sheepmeat"
12512,82,"Sheepmeat"
12536,82,"Sheepmeat"
14191,82,"Sheepmeat"
17719,82,"Sheepmeat"
17727,82,"Sheepmeat"
17565,82,"Sheepmeat"
13714,82,"Sheepmeat"
13504,82,"Sheepmeat"
17720,82,"Sheepmeat"
12491,82,"Sheepmeat"
12497,82,"Sheepmeat"
12508,82,"Sheepmeat"
12511,82,"Sheepmeat"
12510,82,"Sheepmeat"
22053,82,"Sheepmeat"
17793,82,"Sheepmeat"
17794,82,"Sheepmeat"
17740,82,"Sheepmeat"
14190,82,"Sheepmeat"
14192,82,"Sheepmeat"
13519,82,"Sheepmeat"
13520,82,"Sheepmeat"
13746,82,"Sheepmeat"
13527,82,"Sheepmeat"
13529,82,"Sheepmeat"
16819,82,"Sheepmeat"
17042,82,"Sheepmeat"
16744,82,"Sheepmeat"
16743,82,"Sheepmeat"
16780,82,"Sheepmeat"
16781,82,"Sheepmeat"
16783,82,"Sheepmeat"
16782,82,"Sheepmeat"
15831,82,"Sheepmeat"
15741,82,"Sheepmeat"
15832,82,"Sheepmeat"
15768,82,"Sheepmeat"
17011,82,"Sheepmeat"
15769,82,"Sheepmeat"
15770,82,"Sheepmeat"
17047,82,"Sheepmeat"
17807,82,"Sheepmeat"
17583,82,"Sheepmeat"
17585,82,"Sheepmeat"
15767,82,"Sheepmeat"
15772,82,"Sheepmeat"
15774,82,"Sheepmeat"
15776,82,"Sheepmeat"
15777,82,"Sheepmeat"
15799,82,"Sheepmeat"
15800,82,"Sheepmeat"
15817,82,"Sheepmeat"
17046,82,"Sheepmeat"
15833,82,"Sheepmeat"
15798,82,"Sheepmeat"
15763,82,"Sheepmeat"
16999,82,"Sheepmeat"
15761,82,"Sheepmeat"
17013,82,"Sheepmeat"
16998,82,"Sheepmeat"
17010,82,"Sheepmeat"
15778,82,"Sheepmeat"
15780,82,"Sheepmeat"
15782,82,"Sheepmeat"
15783,82,"Sheepmeat"
15784,82,"Sheepmeat"
15791,82,"Sheepmeat"
15793,82,"Sheepmeat"
15803,82,"Sheepmeat"
15819,82,"Sheepmeat"
15565,82,"Sheepmeat"
15566,82,"Sheepmeat"
15567,82,"Sheepmeat"
15569,82,"Sheepmeat"
15825,82,"Sheepmeat"
16024,82,"Sheepmeat"
16027,82,"Sheepmeat"
15834,82,"Sheepmeat"
16746,82,"Sheepmeat"
16747,82,"Sheepmeat"
16748,82,"Sheepmeat"
16751,82,"Sheepmeat"
16741,82,"Sheepmeat"
17016,82,"Sheepmeat"
17018,82,"Sheepmeat"
16994,82,"Sheepmeat"
17072,82,"Sheepmeat"
17041,82,"Sheepmeat"
16829,82,"Sheepmeat"
17074,82,"Sheepmeat"
17075,82,"Sheepmeat"
17080,82,"Sheepmeat"
16809,82,"Sheepmeat"
15474,82,"Sheepmeat"
15473,82,"Sheepmeat"
15478,82,"Sheepmeat"
15236,82,"Sheepmeat"
15482,82,"Sheepmeat"
15242,82,"Sheepmeat"
16818,82,"Sheepmeat"
15246,82,"Sheepmeat"
15485,82,"Sheepmeat"
15259,82,"Sheepmeat"
16838,82,"Sheepmeat"
17066,82,"Sheepmeat"
17065,82,"Sheepmeat"
13700,82,"Sheepmeat"
13702,82,"Sheepmeat"
13734,82,"Sheepmeat"
13735,82,"Sheepmeat"
13736,82,"Sheepmeat"
13738,82,"Sheepmeat"
17756,82,"Sheepmeat"
17758,82,"Sheepmeat"
17539,82,"Sheepmeat"
17545,82,"Sheepmeat"
17547,82,"Sheepmeat"
17549,82,"Sheepmeat"
17550,82,"Sheepmeat"
17552,82,"Sheepmeat"
17554,82,"Sheepmeat"
13502,82,"Sheepmeat"
13503,82,"Sheepmeat"
13698,82,"Sheepmeat"
13712,82,"Sheepmeat"
14164,82,"Sheepmeat"
17754,82,"Sheepmeat"
17551,82,"Sheepmeat"
17553,82,"Sheepmeat"
17760,82,"Sheepmeat"
17780,82,"Sheepmeat"
17781,82,"Sheepmeat"
17778,82,"Sheepmeat"
22833,82,"Sheepmeat"
22834,82,"Sheepmeat"
22616,82,"Sheepmeat"
22617,82,"Sheepmeat"
22621,82,"Sheepmeat"
22618,82,"Sheepmeat"
22615,82,"Sheepmeat"
22738,82,"Sheepmeat"
13470,82,"Sheepmeat"
13217,82,"Sheepmeat"
15703,82,"Sheepmeat"
13221,82,"Sheepmeat"
15702,82,"Sheepmeat"
15697,82,"Sheepmeat"
15689,82,"Sheepmeat"
15688,82,"Sheepmeat"
15666,82,"Sheepmeat"
15667,82,"Sheepmeat"
17812,82,"Sheepmeat"
17814,82,"Sheepmeat"
17816,82,"Sheepmeat"
12537,82,"Sheepmeat"
12538,82,"Sheepmeat"
15671,82,"Sheepmeat"
15679,82,"Sheepmeat"
15682,82,"Sheepmeat"
15726,82,"Sheepmeat"
13642,82,"Sheepmeat"
15657,82,"Sheepmeat"
15673,82,"Sheepmeat"
15672,82,"Sheepmeat"
15663,82,"Sheepmeat"
15665,82,"Sheepmeat"
15669,82,"Sheepmeat"
15670,82,"Sheepmeat"
15668,82,"Sheepmeat"
15680,82,"Sheepmeat"
15681,82,"Sheepmeat"
15495,82,"Sheepmeat"
15505,82,"Sheepmeat"
15522,82,"Sheepmeat"
22464,82,"Sheepmeat"
15599,82,"Sheepmeat"
15528,82,"Sheepmeat"
15601,82,"Sheepmeat"
15618,82,"Sheepmeat"
15529,82,"Sheepmeat"
15254,82,"Sheepmeat"
15576,82,"Sheepmeat"
15283,82,"Sheepmeat"
15285,82,"Sheepmeat"
15570,82,"Sheepmeat"
15563,82,"Sheepmeat"
15579,82,"Sheepmeat"
22208,82,"Sheepmeat"
16797,82,"Sheepmeat"
22469,82,"Sheepmeat"
22476,82,"Sheepmeat"
22477,82,"Sheepmeat"
15848,82,"Sheepmeat"
15527,82,"Sheepmeat"
15580,82,"Sheepmeat"
22232,82,"Sheepmeat"
22229,82,"Sheepmeat"
22470,82,"Sheepmeat"
22471,82,"Sheepmeat"
22486,82,"Sheepmeat"
22487,82,"Sheepmeat"
22233,82,"Sheepmeat"
22241,82,"Sheepmeat"
22472,82,"Sheepmeat"
22518,82,"Sheepmeat"
22244,82,"Sheepmeat"
22515,82,"Sheepmeat"
22516,82,"Sheepmeat"
22517,82,"Sheepmeat"
22248,82,"Sheepmeat"
22253,82,"Sheepmeat"
22254,82,"Sheepmeat"
22491,82,"Sheepmeat"
22492,82,"Sheepmeat"
22231,82,"Sheepmeat"
22239,82,"Sheepmeat"
22256,82,"Sheepmeat"
22513,82,"Sheepmeat"
22519,82,"Sheepmeat"
22521,82,"Sheepmeat"
22274,82,"Sheepmeat"
22740,82,"Sheepmeat"
13701,82,"Sheepmeat"
22512,82,"Sheepmeat"
15511,82,"Sheepmeat"
22591,82,"Sheepmeat"
22826,82,"Sheepmeat"
22667,82,"Sheepmeat"
22497,82,"Sheepmeat"
22501,82,"Sheepmeat"
22275,82,"Sheepmeat"
22530,82,"Sheepmeat"
22531,82,"Sheepmeat"
22532,82,"Sheepmeat"
22706,82,"Sheepmeat"
22708,82,"Sheepmeat"
17009,82,"Sheepmeat"
15828,82,"Sheepmeat"
15742,82,"Sheepmeat"
15743,82,"Sheepmeat"
16020,82,"Sheepmeat"
16013,82,"Sheepmeat"
17001,82,"Sheepmeat"
15744,82,"Sheepmeat"
15756,82,"Sheepmeat"
16019,82,"Sheepmeat"
15781,82,"Sheepmeat"
15785,82,"Sheepmeat"
15786,82,"Sheepmeat"
15802,82,"Sheepmeat"
15805,82,"Sheepmeat"
15806,82,"Sheepmeat"
15747,82,"Sheepmeat"
16984,82,"Sheepmeat"
16987,82,"Sheepmeat"
16988,82,"Sheepmeat"
16022,82,"Sheepmeat"
16997,82,"Sheepmeat"
15813,82,"Sheepmeat"
15814,82,"Sheepmeat"
15821,82,"Sheepmeat"
15564,82,"Sheepmeat"
16989,82,"Sheepmeat"
17004,82,"Sheepmeat"
17005,82,"Sheepmeat"
17591,82,"Sheepmeat"
17817,82,"Sheepmeat"
15714,82,"Sheepmeat"
15721,82,"Sheepmeat"
15722,82,"Sheepmeat"
17811,82,"Sheepmeat"
15658,82,"Sheepmeat"
15659,82,"Sheepmeat"
15660,82,"Sheepmeat"
15662,82,"Sheepmeat"
15664,82,"Sheepmeat"
12540,82,"Sheepmeat"
22032,82,"Sheepmeat"
22034,82,"Sheepmeat"
22035,82,"Sheepmeat"
22054,82,"Sheepmeat"
21848,82,"Sheepmeat"
21816,82,"Sheepmeat"
22031,82,"Sheepmeat"
22040,82,"Sheepmeat"
22043,82,"Sheepmeat"
21854,82,"Sheepmeat"
22092,82,"Sheepmeat"
22093,82,"Sheepmeat"
22096,82,"Sheepmeat"
22097,82,"Sheepmeat"
22098,82,"Sheepmeat"
12504,82,"Sheepmeat"
21851,82,"Sheepmeat"
21852,82,"Sheepmeat"
24885,82,"Sheepmeat"
15677,82,"Sheepmeat"
15745,82,"Sheepmeat"
15757,82,"Sheepmeat"
15758,82,"Sheepmeat"
15710,82,"Sheepmeat"
15711,82,"Sheepmeat"
15735,82,"Sheepmeat"
15732,82,"Sheepmeat"
15739,82,"Sheepmeat"
15736,82,"Sheepmeat"
15738,82,"Sheepmeat"
15734,82,"Sheepmeat"
15733,82,"Sheepmeat"
15683,82,"Sheepmeat"
15684,82,"Sheepmeat"
15685,82,"Sheepmeat"
15694,82,"Sheepmeat"
15715,82,"Sheepmeat"
15712,82,"Sheepmeat"
15725,82,"Sheepmeat"
103,66,"Sheepmeat"
99,66,"Sheepmeat"
15481,66,"Sheepmeat"
104,66,"Sheepmeat"
107,66,"Sheepmeat"
112,66,"Sheepmeat"
126,66,"Sheepmeat"
105,66,"Sheepmeat"
109,66,"Sheepmeat"
127,66,"Sheepmeat"
16764,66,"Sheepmeat"
16771,66,"Sheepmeat"
4662,66,"Sheepmeat"
2977,66,"Sheepmeat"
4404,66,"Sheepmeat"
4393,66,"Sheepmeat"
4405,66,"Sheepmeat"
4657,66,"Sheepmeat"
4658,66,"Sheepmeat"
4659,66,"Sheepmeat"
3053,66,"Sheepmeat"
4418,66,"Sheepmeat"
4419,66,"Sheepmeat"
4423,66,"Sheepmeat"
2998,66,"Sheepmeat"
3044,66,"Sheepmeat"
4653,66,"Sheepmeat"
3024,66,"Sheepmeat"
2993,66,"Sheepmeat"
7897,66,"Sheepmeat"
7899,66,"Sheepmeat"
15237,66,"Sheepmeat"
15483,66,"Sheepmeat"
7905,66,"Sheepmeat"
7288,66,"Sheepmeat"
7898,66,"Sheepmeat"
7290,66,"Sheepmeat"
7291,66,"Sheepmeat"
7292,66,"Sheepmeat"
7909,66,"Sheepmeat"
7877,66,"Sheepmeat"
7289,66,"Sheepmeat"
7896,66,"Sheepmeat"
7287,66,"Sheepmeat"
15501,66,"Sheepmeat"
7876,66,"Sheepmeat"
15238,66,"Sheepmeat"
15499,66,"Sheepmeat"
15500,66,"Sheepmeat"
15502,66,"Sheepmeat"
15503,66,"Sheepmeat"
4656,66,"Sheepmeat"
4420,66,"Sheepmeat"
7886,66,"Sheepmeat"
7276,66,"Sheepmeat"
7277,66,"Sheepmeat"
15249,66,"Sheepmeat"
7296,66,"Sheepmeat"
7297,66,"Sheepmeat"
7298,66,"Sheepmeat"
7910,66,"Sheepmeat"
7912,66,"Sheepmeat"
7263,66,"Sheepmeat"
7911,66,"Sheepmeat"
7858,66,"Sheepmeat"
7881,66,"Sheepmeat"
7888,66,"Sheepmeat"
7890,66,"Sheepmeat"
7283,66,"Sheepmeat"
7892,66,"Sheepmeat"
7894,66,"Sheepmeat"
7285,66,"Sheepmeat"
7286,66,"Sheepmeat"
7893,66,"Sheepmeat"
7895,66,"Sheepmeat"
15998,66,"Sheepmeat"
7884,66,"Sheepmeat"
7284,66,"Sheepmeat"
15999,66,"Sheepmeat"
16000,66,"Sheepmeat"
16001,66,"Sheepmeat"
16004,66,"Sheepmeat"
7891,66,"Sheepmeat"
7261,66,"Sheepmeat"
7264,66,"Sheepmeat"
7265,66,"Sheepmeat"
7857,66,"Sheepmeat"
11621,66,"Sheepmeat"
22835,66,"Sheepmeat"
7853,66,"Sheepmeat"
22543,66,"Sheepmeat"
22544,66,"Sheepmeat"
22545,66,"Sheepmeat"
7854,66,"Sheepmeat"
7863,66,"Sheepmeat"
7864,66,"Sheepmeat"
7868,66,"Sheepmeat"
7269,66,"Sheepmeat"
7880,66,"Sheepmeat"
7866,66,"Sheepmeat"
7869,66,"Sheepmeat"
7259,66,"Sheepmeat"
7302,66,"Sheepmeat"
7918,66,"Sheepmeat"
7852,66,"Sheepmeat"
7870,66,"Sheepmeat"
7873,66,"Sheepmeat"
7268,66,"Sheepmeat"
15248,66,"Sheepmeat"
15250,66,"Sheepmeat"
15251,66,"Sheepmeat"
15508,66,"Sheepmeat"
15514,66,"Sheepmeat"
15515,66,"Sheepmeat"
15519,66,"Sheepmeat"
15252,66,"Sheepmeat"
15253,66,"Sheepmeat"
7260,66,"Sheepmeat"
7267,66,"Sheepmeat"
7272,66,"Sheepmeat"
7885,66,"Sheepmeat"
16006,66,"Sheepmeat"
7859,66,"Sheepmeat"
7860,66,"Sheepmeat"
7861,66,"Sheepmeat"
7356,66,"Sheepmeat"
7862,66,"Sheepmeat"
7867,66,"Sheepmeat"
7274,66,"Sheepmeat"
7889,66,"Sheepmeat"
7275,66,"Sheepmeat"
7273,66,"Sheepmeat"
7361,66,"Sheepmeat"
11902,66,"Sheepmeat"
15509,66,"Sheepmeat"
16003,66,"Sheepmeat"
16011,66,"Sheepmeat"
16007,66,"Sheepmeat"
22279,66,"Sheepmeat"
16010,66,"Sheepmeat"
15826,66,"Sheepmeat"
15516,66,"Sheepmeat"
22536,66,"Sheepmeat"
22537,66,"Sheepmeat"
22280,66,"Sheepmeat"
22281,66,"Sheepmeat"
22709,66,"Sheepmeat"
22828,66,"Sheepmeat"
22829,66,"Sheepmeat"
22590,66,"Sheepmeat"
22827,66,"Sheepmeat"
22712,66,"Sheepmeat"
22614,66,"Sheepmeat"
22538,66,"Sheepmeat"
22539,66,"Sheepmeat"
22717,66,"Sheepmeat"
22723,66,"Sheepmeat"
22731,66,"Sheepmeat"
11874,66,"Sheepmeat"
22836,66,"Sheepmeat"
22802,66,"Sheepmeat"
22803,66,"Sheepmeat"
22789,66,"Sheepmeat"
22807,66,"Sheepmeat"
22574,66,"Sheepmeat"
22575,66,"Sheepmeat"
22578,66,"Sheepmeat"
22579,66,"Sheepmeat"
22580,66,"Sheepmeat"
22566,66,"Sheepmeat"
22805,66,"Sheepmeat"
22581,66,"Sheepmeat"
22582,66,"Sheepmeat"
22583,66,"Sheepmeat"
22584,66,"Sheepmeat"
22594,66,"Sheepmeat"
22595,66,"Sheepmeat"
22598,66,"Sheepmeat"
22620,66,"Sheepmeat"
22576,66,"Sheepmeat"
22577,66,"Sheepmeat"
22607,66,"Sheepmeat"
22831,66,"Sheepmeat"
16002,66,"Sheepmeat"
16005,66,"Sheepmeat"
16008,66,"Sheepmeat"
16009,66,"Sheepmeat"
22495,66,"Sheepmeat"
22534,66,"Sheepmeat"
22535,66,"Sheepmeat"
22540,66,"Sheepmeat"
14082,66,"Sheepmeat"
22593,66,"Sheepmeat"
22840,66,"Sheepmeat"
22741,66,"Sheepmeat"
14096,66,"Sheepmeat"
22742,66,"Sheepmeat"
22822,66,"Sheepmeat"
14087,66,"Sheepmeat"
14193,66,"Sheepmeat"
17721,66,"Sheepmeat"
17722,66,"Sheepmeat"
17723,66,"Sheepmeat"
12375,66,"Sheepmeat"
12376,66,"Sheepmeat"
17818,66,"Sheepmeat"
7882,66,"Sheepmeat"
7883,66,"Sheepmeat"
7254,66,"Sheepmeat"
7255,66,"Sheepmeat"
7926,66,"Sheepmeat"
7923,66,"Sheepmeat"
7927,66,"Sheepmeat"
7311,66,"Sheepmeat"
7920,66,"Sheepmeat"
7312,66,"Sheepmeat"
7328,66,"Sheepmeat"
7330,66,"Sheepmeat"
7329,66,"Sheepmeat"
7252,66,"Sheepmeat"
2810,66,"Sheepmeat"
2813,66,"Sheepmeat"
2815,66,"Sheepmeat"
7251,66,"Sheepmeat"
2814,66,"Sheepmeat"
2838,66,"Sheepmeat"
2811,66,"Sheepmeat"
2855,66,"Sheepmeat"
2859,66,"Sheepmeat"
3009,66,"Sheepmeat"
108,66,"Sheepmeat"
110,66,"Sheepmeat"
16773,66,"Sheepmeat"
16774,66,"Sheepmeat"
16775,66,"Sheepmeat"
17076,66,"Sheepmeat"
16833,66,"Sheepmeat"
16834,66,"Sheepmeat"
17083,66,"Sheepmeat"
16836,66,"Sheepmeat"
15232,66,"Sheepmeat"
15472,66,"Sheepmeat"
7304,66,"Sheepmeat"
7303,66,"Sheepmeat"
7258,66,"Sheepmeat"
7851,66,"Sheepmeat"
7865,66,"Sheepmeat"
7271,66,"Sheepmeat"
2588,66,"Sheepmeat"
2590,66,"Sheepmeat"
2592,66,"Sheepmeat"
2593,66,"Sheepmeat"
2596,66,"Sheepmeat"
2556,66,"Sheepmeat"
2557,66,"Sheepmeat"
2562,66,"Sheepmeat"
2585,66,"Sheepmeat"
2587,66,"Sheepmeat"
2589,66,"Sheepmeat"
4210,66,"Sheepmeat"
2597,66,"Sheepmeat"
2598,66,"Sheepmeat"
2600,66,"Sheepmeat"
2612,66,"Sheepmeat"
2765,66,"Sheepmeat"
4216,66,"Sheepmeat"
4339,66,"Sheepmeat"
4340,66,"Sheepmeat"
4351,66,"Sheepmeat"
4616,66,"Sheepmeat"
4617,66,"Sheepmeat"
4357,66,"Sheepmeat"
7907,66,"Sheepmeat"
4634,66,"Sheepmeat"
4635,66,"Sheepmeat"
2827,66,"Sheepmeat"
2826,66,"Sheepmeat"
2907,66,"Sheepmeat"
2828,66,"Sheepmeat"
2573,66,"Sheepmeat"
7908,66,"Sheepmeat"
4636,66,"Sheepmeat"
4637,66,"Sheepmeat"
4638,66,"Sheepmeat"
2832,66,"Sheepmeat"
2835,66,"Sheepmeat"
2834,66,"Sheepmeat"
4707,66,"Sheepmeat"
4639,66,"Sheepmeat"
4640,66,"Sheepmeat"
3032,66,"Sheepmeat"
4708,66,"Sheepmeat"
4709,66,"Sheepmeat"
3008,66,"Sheepmeat"
3010,66,"Sheepmeat"
3025,66,"Sheepmeat"
2836,66,"Sheepmeat"
2876,66,"Sheepmeat"
2906,66,"Sheepmeat"
2905,66,"Sheepmeat"
2607,66,"Sheepmeat"
2610,66,"Sheepmeat"
2839,66,"Sheepmeat"
2837,66,"Sheepmeat"
2829,66,"Sheepmeat"
2830,66,"Sheepmeat"
7294,66,"Sheepmeat"
7253,66,"Sheepmeat"
2867,66,"Sheepmeat"
2875,66,"Sheepmeat"
7900,66,"Sheepmeat"
7903,66,"Sheepmeat"
7902,66,"Sheepmeat"
7036,66,"Sheepmeat"
17012,66,"Sheepmeat"
2868,66,"Sheepmeat"
2874,66,"Sheepmeat"
11809,66,"Sheepmeat"
2869,66,"Sheepmeat"
2877,66,"Sheepmeat"
2872,66,"Sheepmeat"
2882,66,"Sheepmeat"
2873,66,"Sheepmeat"
2878,66,"Sheepmeat"
2901,66,"Sheepmeat"
2903,66,"Sheepmeat"
2879,66,"Sheepmeat"
2881,66,"Sheepmeat"
2912,66,"Sheepmeat"
2915,66,"Sheepmeat"
2911,66,"Sheepmeat"
2910,66,"Sheepmeat"
11622,66,"Sheepmeat"
12075,66,"Sheepmeat"
12084,66,"Sheepmeat"
12088,66,"Sheepmeat"
12089,66,"Sheepmeat"
12077,66,"Sheepmeat"
12085,66,"Sheepmeat"
12090,66,"Sheepmeat"
12086,66,"Sheepmeat"
11848,66,"Sheepmeat"
11849,66,"Sheepmeat"
12108,66,"Sheepmeat"
12109,66,"Sheepmeat"
12110,66,"Sheepmeat"
11891,66,"Sheepmeat"
12116,66,"Sheepmeat"
11847,66,"Sheepmeat"
12078,66,"Sheepmeat"
12079,66,"Sheepmeat"
11810,66,"Sheepmeat"
11591,66,"Sheepmeat"
11818,66,"Sheepmeat"
11839,66,"Sheepmeat"
7848,66,"Sheepmeat"
11840,66,"Sheepmeat"
11841,66,"Sheepmeat"
11842,66,"Sheepmeat"
7332,66,"Sheepmeat"
11846,66,"Sheepmeat"
7933,66,"Sheepmeat"
7935,66,"Sheepmeat"
7939,66,"Sheepmeat"
11590,66,"Sheepmeat"
11592,66,"Sheepmeat"
11593,66,"Sheepmeat"
11596,66,"Sheepmeat"
11813,66,"Sheepmeat"
11814,66,"Sheepmeat"
11815,66,"Sheepmeat"
7940,66,"Sheepmeat"
7943,66,"Sheepmeat"
12129,66,"Sheepmeat"
11909,66,"Sheepmeat"
11837,66,"Sheepmeat"
11838,66,"Sheepmeat"
11845,66,"Sheepmeat"
7946,66,"Sheepmeat"
16740,66,"Sheepmeat"
16784,66,"Sheepmeat"
17056,66,"Sheepmeat"
17063,66,"Sheepmeat"
17048,66,"Sheepmeat"
17049,66,"Sheepmeat"
17054,66,"Sheepmeat"
17055,66,"Sheepmeat"
17062,66,"Sheepmeat"
16801,66,"Sheepmeat"
16802,66,"Sheepmeat"
15562,66,"Sheepmeat"
15523,66,"Sheepmeat"
15526,66,"Sheepmeat"
16786,66,"Sheepmeat"
16787,66,"Sheepmeat"
16788,66,"Sheepmeat"
17057,66,"Sheepmeat"
16793,66,"Sheepmeat"
16803,66,"Sheepmeat"
16804,66,"Sheepmeat"
16806,66,"Sheepmeat"
16807,66,"Sheepmeat"
15255,66,"Sheepmeat"
15520,66,"Sheepmeat"
15822,66,"Sheepmeat"
15992,66,"Sheepmeat"
15993,66,"Sheepmeat"
17560,66,"Sheepmeat"
15824,66,"Sheepmeat"
15568,66,"Sheepmeat"
15823,66,"Sheepmeat"
15991,66,"Sheepmeat"
17051,66,"Sheepmeat"
17053,66,"Sheepmeat"
16791,66,"Sheepmeat"
16794,66,"Sheepmeat"
15841,66,"Sheepmeat"
16036,66,"Sheepmeat"
16038,66,"Sheepmeat"
16041,66,"Sheepmeat"
16030,66,"Sheepmeat"
15997,66,"Sheepmeat"
15838,66,"Sheepmeat"
16032,66,"Sheepmeat"
13704,66,"Sheepmeat"
15994,66,"Sheepmeat"
15995,66,"Sheepmeat"
15996,66,"Sheepmeat"
17058,66,"Sheepmeat"
15577,66,"Sheepmeat"
15578,66,"Sheepmeat"
22268,66,"Sheepmeat"
16043,66,"Sheepmeat"
16045,66,"Sheepmeat"
16796,66,"Sheepmeat"
16798,66,"Sheepmeat"
16800,66,"Sheepmeat"
16799,66,"Sheepmeat"
15837,66,"Sheepmeat"
16033,66,"Sheepmeat"
16042,66,"Sheepmeat"
22262,66,"Sheepmeat"
22269,66,"Sheepmeat"
16037,66,"Sheepmeat"
16039,66,"Sheepmeat"
16040,66,"Sheepmeat"
17052,66,"Sheepmeat"
17039,66,"Sheepmeat"
4630,66,"Sheepmeat"
4396,66,"Sheepmeat"
4629,66,"Sheepmeat"
4627,66,"Sheepmeat"
4612,66,"Sheepmeat"
4397,66,"Sheepmeat"
4398,66,"Sheepmeat"
4648,66,"Sheepmeat"
4647,66,"Sheepmeat"
4211,66,"Sheepmeat"
4212,66,"Sheepmeat"
2606,66,"Sheepmeat"
2609,66,"Sheepmeat"
4213,66,"Sheepmeat"
4603,66,"Sheepmeat"
4606,66,"Sheepmeat"
2604,66,"Sheepmeat"
2605,66,"Sheepmeat"
2551,66,"Sheepmeat"
2785,66,"Sheepmeat"
2608,66,"Sheepmeat"
4641,66,"Sheepmeat"
4358,66,"Sheepmeat"
4706,66,"Sheepmeat"
4448,66,"Sheepmeat"
2778,66,"Sheepmeat"
4611,66,"Sheepmeat"
2554,66,"Sheepmeat"
2555,66,"Sheepmeat"
4620,66,"Sheepmeat"
4621,66,"Sheepmeat"
4622,66,"Sheepmeat"
4624,66,"Sheepmeat"
2553,66,"Sheepmeat"
2602,66,"Sheepmeat"
2603,66,"Sheepmeat"
2565,66,"Sheepmeat"
2559,66,"Sheepmeat"
2567,66,"Sheepmeat"
2568,66,"Sheepmeat"
2560,66,"Sheepmeat"
2569,66,"Sheepmeat"
2571,66,"Sheepmeat"
2570,66,"Sheepmeat"
7913,66,"Sheepmeat"
7305,66,"Sheepmeat"
7916,66,"Sheepmeat"
7313,66,"Sheepmeat"
7322,66,"Sheepmeat"
7321,66,"Sheepmeat"
7318,66,"Sheepmeat"
7314,66,"Sheepmeat"
7315,66,"Sheepmeat"
7931,66,"Sheepmeat"
7319,66,"Sheepmeat"
7320,66,"Sheepmeat"
2537,66,"Sheepmeat"
2547,66,"Sheepmeat"
2561,66,"Sheepmeat"
2564,66,"Sheepmeat"
2566,66,"Sheepmeat"
2572,66,"Sheepmeat"
2578,66,"Sheepmeat"
2582,66,"Sheepmeat"
2689,66,"Sheepmeat"
2703,66,"Sheepmeat"
2544,66,"Sheepmeat"
2540,66,"Sheepmeat"
2541,66,"Sheepmeat"
2542,66,"Sheepmeat"
2543,66,"Sheepmeat"
2545,66,"Sheepmeat"
2550,66,"Sheepmeat"
4250,66,"Sheepmeat"
7317,66,"Sheepmeat"
2792,66,"Sheepmeat"
2538,66,"Sheepmeat"
2548,66,"Sheepmeat"
2563,66,"Sheepmeat"
2583,66,"Sheepmeat"
2637,66,"Sheepmeat"
2601,66,"Sheepmeat"
2732,66,"Sheepmeat"
2734,66,"Sheepmeat"
2736,66,"Sheepmeat"
2740,66,"Sheepmeat"
4677,66,"Sheepmeat"
4215,66,"Sheepmeat"
2742,66,"Sheepmeat"
2743,66,"Sheepmeat"
2744,66,"Sheepmeat"
2754,66,"Sheepmeat"
2761,66,"Sheepmeat"
2762,66,"Sheepmeat"
4341,66,"Sheepmeat"
4217,66,"Sheepmeat"
4218,66,"Sheepmeat"
4219,66,"Sheepmeat"
4220,66,"Sheepmeat"
4613,66,"Sheepmeat"
4345,66,"Sheepmeat"
4348,66,"Sheepmeat"
4349,66,"Sheepmeat"
4350,66,"Sheepmeat"
4626,66,"Sheepmeat"
4399,66,"Sheepmeat"
4400,66,"Sheepmeat"
2549,66,"Sheepmeat"
4649,66,"Sheepmeat"
4631,66,"Sheepmeat"
4361,66,"Sheepmeat"
4364,66,"Sheepmeat"
4369,66,"Sheepmeat"
4370,66,"Sheepmeat"
4375,66,"Sheepmeat"
4376,66,"Sheepmeat"
4377,66,"Sheepmeat"
4378,66,"Sheepmeat"
4642,66,"Sheepmeat"
4646,66,"Sheepmeat"
4395,66,"Sheepmeat"
4236,66,"Sheepmeat"
4549,66,"Sheepmeat"
4401,66,"Sheepmeat"
4650,66,"Sheepmeat"
4651,66,"Sheepmeat"
4652,66,"Sheepmeat"
17559,66,"Sheepmeat"
17579,66,"Sheepmeat"
17580,66,"Sheepmeat"
17804,66,"Sheepmeat"
17805,66,"Sheepmeat"
17587,66,"Sheepmeat"
17588,66,"Sheepmeat"
15740,66,"Sheepmeat"
15766,66,"Sheepmeat"
17572,66,"Sheepmeat"
17590,66,"Sheepmeat"
17810,66,"Sheepmeat"
17813,66,"Sheepmeat"
17815,66,"Sheepmeat"
17564,66,"Sheepmeat"
17558,66,"Sheepmeat"
4421,66,"Sheepmeat"
4661,66,"Sheepmeat"
4251,66,"Sheepmeat"
4449,66,"Sheepmeat"
2796,66,"Sheepmeat"
17567,66,"Sheepmeat"
17570,66,"Sheepmeat"
17571,66,"Sheepmeat"
17782,66,"Sheepmeat"
17792,66,"Sheepmeat"
17725,66,"Sheepmeat"
12378,66,"Sheepmeat"
12379,66,"Sheepmeat"
12384,66,"Sheepmeat"
12483,66,"Sheepmeat"
12484,66,"Sheepmeat"
12485,66,"Sheepmeat"
12487,66,"Sheepmeat"
12488,66,"Sheepmeat"
12486,66,"Sheepmeat"
24387,66,"Sheepmeat"
12598,66,"Sheepmeat"
24851,66,"Sheepmeat"
4368,66,"Sheepmeat"
4628,66,"Sheepmeat"
4367,66,"Sheepmeat"
4366,66,"Sheepmeat"
12563,66,"Sheepmeat"
23843,66,"Sheepmeat"
22047,66,"Sheepmeat"
12481,66,"Sheepmeat"
12482,66,"Sheepmeat"
12509,66,"Sheepmeat"
12336,66,"Sheepmeat"
12338,66,"Sheepmeat"
12341,66,"Sheepmeat"
12343,66,"Sheepmeat"
12344,66,"Sheepmeat"
12360,66,"Sheepmeat"
12363,66,"Sheepmeat"
12364,66,"Sheepmeat"
12365,66,"Sheepmeat"
12366,66,"Sheepmeat"
12367,66,"Sheepmeat"
12368,66,"Sheepmeat"
12525,66,"Sheepmeat"
12526,66,"Sheepmeat"
12512,66,"Sheepmeat"
12536,66,"Sheepmeat"
14191,66,"Sheepmeat"
17719,66,"Sheepmeat"
17727,66,"Sheepmeat"
17565,66,"Sheepmeat"
13714,66,"Sheepmeat"
13504,66,"Sheepmeat"
17720,66,"Sheepmeat"
12491,66,"Sheepmeat"
12497,66,"Sheepmeat"
12508,66,"Sheepmeat"
12511,66,"Sheepmeat"
12510,66,"Sheepmeat"
22053,66,"Sheepmeat"
17793,66,"Sheepmeat"
17794,66,"Sheepmeat"
17740,66,"Sheepmeat"
14190,66,"Sheepmeat"
14192,66,"Sheepmeat"
13519,66,"Sheepmeat"
13520,66,"Sheepmeat"
13746,66,"Sheepmeat"
13527,66,"Sheepmeat"
13529,66,"Sheepmeat"
16819,66,"Sheepmeat"
17042,66,"Sheepmeat"
16744,66,"Sheepmeat"
16743,66,"Sheepmeat"
16780,66,"Sheepmeat"
16781,66,"Sheepmeat"
16783,66,"Sheepmeat"
16782,66,"Sheepmeat"
15831,66,"Sheepmeat"
15741,66,"Sheepmeat"
15832,66,"Sheepmeat"
15768,66,"Sheepmeat"
17011,66,"Sheepmeat"
15769,66,"Sheepmeat"
15770,66,"Sheepmeat"
17047,66,"Sheepmeat"
17807,66,"Sheepmeat"
17583,66,"Sheepmeat"
17585,66,"Sheepmeat"
15767,66,"Sheepmeat"
15772,66,"Sheepmeat"
15774,66,"Sheepmeat"
15776,66,"Sheepmeat"
15777,66,"Sheepmeat"
15799,66,"Sheepmeat"
15800,66,"Sheepmeat"
15817,66,"Sheepmeat"
17046,66,"Sheepmeat"
15833,66,"Sheepmeat"
15798,66,"Sheepmeat"
15763,66,"Sheepmeat"
16999,66,"Sheepmeat"
15761,66,"Sheepmeat"
17013,66,"Sheepmeat"
16998,66,"Sheepmeat"
17010,66,"Sheepmeat"
15778,66,"Sheepmeat"
15780,66,"Sheepmeat"
15782,66,"Sheepmeat"
15783,66,"Sheepmeat"
15784,66,"Sheepmeat"
15791,66,"Sheepmeat"
15793,66,"Sheepmeat"
15803,66,"Sheepmeat"
15819,66,"Sheepmeat"
15565,66,"Sheepmeat"
15566,66,"Sheepmeat"
15567,66,"Sheepmeat"
15569,66,"Sheepmeat"
15825,66,"Sheepmeat"
16024,66,"Sheepmeat"
16027,66,"Sheepmeat"
15834,66,"Sheepmeat"
16746,66,"Sheepmeat"
16747,66,"Sheepmeat"
16748,66,"Sheepmeat"
16751,66,"Sheepmeat"
16741,66,"Sheepmeat"
17016,66,"Sheepmeat"
17018,66,"Sheepmeat"
16994,66,"Sheepmeat"
17072,66,"Sheepmeat"
17041,66,"Sheepmeat"
16829,66,"Sheepmeat"
17074,66,"Sheepmeat"
17075,66,"Sheepmeat"
17080,66,"Sheepmeat"
16809,66,"Sheepmeat"
15474,66,"Sheepmeat"
15473,66,"Sheepmeat"
15478,66,"Sheepmeat"
15236,66,"Sheepmeat"
15482,66,"Sheepmeat"
15242,66,"Sheepmeat"
16818,66,"Sheepmeat"
15246,66,"Sheepmeat"
15485,66,"Sheepmeat"
15259,66,"Sheepmeat"
16838,66,"Sheepmeat"
17066,66,"Sheepmeat"
17065,66,"Sheepmeat"
13700,66,"Sheepmeat"
13702,66,"Sheepmeat"
13734,66,"Sheepmeat"
13735,66,"Sheepmeat"
13736,66,"Sheepmeat"
13738,66,"Sheepmeat"
17756,66,"Sheepmeat"
17758,66,"Sheepmeat"
17539,66,"Sheepmeat"
17545,66,"Sheepmeat"
17547,66,"Sheepmeat"
17549,66,"Sheepmeat"
17550,66,"Sheepmeat"
17552,66,"Sheepmeat"
17554,66,"Sheepmeat"
13502,66,"Sheepmeat"
13503,66,"Sheepmeat"
13698,66,"Sheepmeat"
13712,66,"Sheepmeat"
14164,66,"Sheepmeat"
17754,66,"Sheepmeat"
17551,66,"Sheepmeat"
17553,66,"Sheepmeat"
17760,66,"Sheepmeat"
17780,66,"Sheepmeat"
17781,66,"Sheepmeat"
17778,66,"Sheepmeat"
22833,66,"Sheepmeat"
22834,66,"Sheepmeat"
22616,66,"Sheepmeat"
22617,66,"Sheepmeat"
22621,66,"Sheepmeat"
22618,66,"Sheepmeat"
22615,66,"Sheepmeat"
22738,66,"Sheepmeat"
13470,66,"Sheepmeat"
13217,66,"Sheepmeat"
15703,66,"Sheepmeat"
13221,66,"Sheepmeat"
15702,66,"Sheepmeat"
15697,66,"Sheepmeat"
15689,66,"Sheepmeat"
15688,66,"Sheepmeat"
15666,66,"Sheepmeat"
15667,66,"Sheepmeat"
17812,66,"Sheepmeat"
17814,66,"Sheepmeat"
17816,66,"Sheepmeat"
12537,66,"Sheepmeat"
12538,66,"Sheepmeat"
15671,66,"Sheepmeat"
15679,66,"Sheepmeat"
15682,66,"Sheepmeat"
15726,66,"Sheepmeat"
13642,66,"Sheepmeat"
15657,66,"Sheepmeat"
15673,66,"Sheepmeat"
15672,66,"Sheepmeat"
15663,66,"Sheepmeat"
15665,66,"Sheepmeat"
15669,66,"Sheepmeat"
15670,66,"Sheepmeat"
15668,66,"Sheepmeat"
15680,66,"Sheepmeat"
15681,66,"Sheepmeat"
15495,66,"Sheepmeat"
15505,66,"Sheepmeat"
15522,66,"Sheepmeat"
22464,66,"Sheepmeat"
15599,66,"Sheepmeat"
15528,66,"Sheepmeat"
15601,66,"Sheepmeat"
15618,66,"Sheepmeat"
15529,66,"Sheepmeat"
15254,66,"Sheepmeat"
15576,66,"Sheepmeat"
15283,66,"Sheepmeat"
15285,66,"Sheepmeat"
15570,66,"Sheepmeat"
15563,66,"Sheepmeat"
15579,66,"Sheepmeat"
22208,66,"Sheepmeat"
16797,66,"Sheepmeat"
22469,66,"Sheepmeat"
22476,66,"Sheepmeat"
22477,66,"Sheepmeat"
15848,66,"Sheepmeat"
15527,66,"Sheepmeat"
15580,66,"Sheepmeat"
22232,66,"Sheepmeat"
22229,66,"Sheepmeat"
22470,66,"Sheepmeat"
22471,66,"Sheepmeat"
22486,66,"Sheepmeat"
22487,66,"Sheepmeat"
22233,66,"Sheepmeat"
22241,66,"Sheepmeat"
22472,66,"Sheepmeat"
22518,66,"Sheepmeat"
22244,66,"Sheepmeat"
22515,66,"Sheepmeat"
22516,66,"Sheepmeat"
22517,66,"Sheepmeat"
22248,66,"Sheepmeat"
22253,66,"Sheepmeat"
22254,66,"Sheepmeat"
22491,66,"Sheepmeat"
22492,66,"Sheepmeat"
22231,66,"Sheepmeat"
22239,66,"Sheepmeat"
22256,66,"Sheepmeat"
22513,66,"Sheepmeat"
22519,66,"Sheepmeat"
22521,66,"Sheepmeat"
22274,66,"Sheepmeat"
22740,66,"Sheepmeat"
13701,66,"Sheepmeat"
22512,66,"Sheepmeat"
15511,66,"Sheepmeat"
22591,66,"Sheepmeat"
22826,66,"Sheepmeat"
22667,66,"Sheepmeat"
22497,66,"Sheepmeat"
22501,66,"Sheepmeat"
22275,66,"Sheepmeat"
22530,66,"Sheepmeat"
22531,66,"Sheepmeat"
22532,66,"Sheepmeat"
22706,66,"Sheepmeat"
22708,66,"Sheepmeat"
17009,66,"Sheepmeat"
15828,66,"Sheepmeat"
15742,66,"Sheepmeat"
15743,66,"Sheepmeat"
16020,66,"Sheepmeat"
16013,66,"Sheepmeat"
17001,66,"Sheepmeat"
15744,66,"Sheepmeat"
15756,66,"Sheepmeat"
16019,66,"Sheepmeat"
15781,66,"Sheepmeat"
15785,66,"Sheepmeat"
15786,66,"Sheepmeat"
15802,66,"Sheepmeat"
15805,66,"Sheepmeat"
15806,66,"Sheepmeat"
15747,66,"Sheepmeat"
16984,66,"Sheepmeat"
16987,66,"Sheepmeat"
16988,66,"Sheepmeat"
16022,66,"Sheepmeat"
16997,66,"Sheepmeat"
15813,66,"Sheepmeat"
15814,66,"Sheepmeat"
15821,66,"Sheepmeat"
15564,66,"Sheepmeat"
16989,66,"Sheepmeat"
17004,66,"Sheepmeat"
17005,66,"Sheepmeat"
17591,66,"Sheepmeat"
17817,66,"Sheepmeat"
15714,66,"Sheepmeat"
15721,66,"Sheepmeat"
15722,66,"Sheepmeat"
17811,66,"Sheepmeat"
15658,66,"Sheepmeat"
15659,66,"Sheepmeat"
15660,66,"Sheepmeat"
15662,66,"Sheepmeat"
15664,66,"Sheepmeat"
12540,66,"Sheepmeat"
22032,66,"Sheepmeat"
22034,66,"Sheepmeat"
22035,66,"Sheepmeat"
22054,66,"Sheepmeat"
21848,66,"Sheepmeat"
21816,66,"Sheepmeat"
22031,66,"Sheepmeat"
22040,66,"Sheepmeat"
22043,66,"Sheepmeat"
21854,66,"Sheepmeat"
22092,66,"Sheepmeat"
22093,66,"Sheepmeat"
22096,66,"Sheepmeat"
22097,66,"Sheepmeat"
22098,66,"Sheepmeat"
12504,66,"Sheepmeat"
21851,66,"Sheepmeat"
21852,66,"Sheepmeat"
24885,66,"Sheepmeat"
15677,66,"Sheepmeat"
15745,66,"Sheepmeat"
15757,66,"Sheepmeat"
15758,66,"Sheepmeat"
15710,66,"Sheepmeat"
15711,66,"Sheepmeat"
15735,66,"Sheepmeat"
15732,66,"Sheepmeat"
15739,66,"Sheepmeat"
15736,66,"Sheepmeat"
15738,66,"Sheepmeat"
15734,66,"Sheepmeat"
15733,66,"Sheepmeat"
15683,66,"Sheepmeat"
15684,66,"Sheepmeat"
15685,66,"Sheepmeat"
15694,66,"Sheepmeat"
15715,66,"Sheepmeat"
15712,66,"Sheepmeat"
15725,66,"Sheepmeat"
103,65,"Sheepmeat"
99,65,"Sheepmeat"
15481,65,"Sheepmeat"
104,65,"Sheepmeat"
107,65,"Sheepmeat"
112,65,"Sheepmeat"
126,65,"Sheepmeat"
105,65,"Sheepmeat"
109,65,"Sheepmeat"
127,65,"Sheepmeat"
16764,65,"Sheepmeat"
16771,65,"Sheepmeat"
4664,65,"Sheepmeat"
4412,65,"Sheepmeat"
4662,65,"Sheepmeat"
2977,65,"Sheepmeat"
4404,65,"Sheepmeat"
4393,65,"Sheepmeat"
4405,65,"Sheepmeat"
4657,65,"Sheepmeat"
4658,65,"Sheepmeat"
4659,65,"Sheepmeat"
3053,65,"Sheepmeat"
4418,65,"Sheepmeat"
4419,65,"Sheepmeat"
4423,65,"Sheepmeat"
2998,65,"Sheepmeat"
3044,65,"Sheepmeat"
4653,65,"Sheepmeat"
3024,65,"Sheepmeat"
3013,65,"Sheepmeat"
2993,65,"Sheepmeat"
7897,65,"Sheepmeat"
7899,65,"Sheepmeat"
15237,65,"Sheepmeat"
15483,65,"Sheepmeat"
7905,65,"Sheepmeat"
7288,65,"Sheepmeat"
7898,65,"Sheepmeat"
7290,65,"Sheepmeat"
7291,65,"Sheepmeat"
7292,65,"Sheepmeat"
7909,65,"Sheepmeat"
7877,65,"Sheepmeat"
7289,65,"Sheepmeat"
7896,65,"Sheepmeat"
7287,65,"Sheepmeat"
15501,65,"Sheepmeat"
7876,65,"Sheepmeat"
15238,65,"Sheepmeat"
15499,65,"Sheepmeat"
15500,65,"Sheepmeat"
15502,65,"Sheepmeat"
15503,65,"Sheepmeat"
4656,65,"Sheepmeat"
4420,65,"Sheepmeat"
4665,65,"Sheepmeat"
7886,65,"Sheepmeat"
7276,65,"Sheepmeat"
7277,65,"Sheepmeat"
15249,65,"Sheepmeat"
7296,65,"Sheepmeat"
7297,65,"Sheepmeat"
7298,65,"Sheepmeat"
7910,65,"Sheepmeat"
7912,65,"Sheepmeat"
7263,65,"Sheepmeat"
7911,65,"Sheepmeat"
7300,65,"Sheepmeat"
7858,65,"Sheepmeat"
7881,65,"Sheepmeat"
7888,65,"Sheepmeat"
7890,65,"Sheepmeat"
7283,65,"Sheepmeat"
7892,65,"Sheepmeat"
7281,65,"Sheepmeat"
7282,65,"Sheepmeat"
7894,65,"Sheepmeat"
7285,65,"Sheepmeat"
7286,65,"Sheepmeat"
7856,65,"Sheepmeat"
7893,65,"Sheepmeat"
7895,65,"Sheepmeat"
15998,65,"Sheepmeat"
7884,65,"Sheepmeat"
7284,65,"Sheepmeat"
15999,65,"Sheepmeat"
16000,65,"Sheepmeat"
16001,65,"Sheepmeat"
16004,65,"Sheepmeat"
7891,65,"Sheepmeat"
7261,65,"Sheepmeat"
7264,65,"Sheepmeat"
7265,65,"Sheepmeat"
7857,65,"Sheepmeat"
11621,65,"Sheepmeat"
22835,65,"Sheepmeat"
7853,65,"Sheepmeat"
22543,65,"Sheepmeat"
22544,65,"Sheepmeat"
22545,65,"Sheepmeat"
7854,65,"Sheepmeat"
7855,65,"Sheepmeat"
7863,65,"Sheepmeat"
7864,65,"Sheepmeat"
7868,65,"Sheepmeat"
7269,65,"Sheepmeat"
7880,65,"Sheepmeat"
7866,65,"Sheepmeat"
7869,65,"Sheepmeat"
7259,65,"Sheepmeat"
7302,65,"Sheepmeat"
7918,65,"Sheepmeat"
7852,65,"Sheepmeat"
7870,65,"Sheepmeat"
7873,65,"Sheepmeat"
7268,65,"Sheepmeat"
7872,65,"Sheepmeat"
15248,65,"Sheepmeat"
15250,65,"Sheepmeat"
15251,65,"Sheepmeat"
15504,65,"Sheepmeat"
15508,65,"Sheepmeat"
15514,65,"Sheepmeat"
15515,65,"Sheepmeat"
15518,65,"Sheepmeat"
15519,65,"Sheepmeat"
15252,65,"Sheepmeat"
15253,65,"Sheepmeat"
7260,65,"Sheepmeat"
7871,65,"Sheepmeat"
7267,65,"Sheepmeat"
7272,65,"Sheepmeat"
7885,65,"Sheepmeat"
16006,65,"Sheepmeat"
7859,65,"Sheepmeat"
7860,65,"Sheepmeat"
7861,65,"Sheepmeat"
7356,65,"Sheepmeat"
7862,65,"Sheepmeat"
7867,65,"Sheepmeat"
7274,65,"Sheepmeat"
7889,65,"Sheepmeat"
7357,65,"Sheepmeat"
7275,65,"Sheepmeat"
7266,65,"Sheepmeat"
7273,65,"Sheepmeat"
7358,65,"Sheepmeat"
7361,65,"Sheepmeat"
11902,65,"Sheepmeat"
15509,65,"Sheepmeat"
16003,65,"Sheepmeat"
16011,65,"Sheepmeat"
16007,65,"Sheepmeat"
22279,65,"Sheepmeat"
16010,65,"Sheepmeat"
15826,65,"Sheepmeat"
15827,65,"Sheepmeat"
15516,65,"Sheepmeat"
15517,65,"Sheepmeat"
22536,65,"Sheepmeat"
22537,65,"Sheepmeat"
22280,65,"Sheepmeat"
22281,65,"Sheepmeat"
22709,65,"Sheepmeat"
22828,65,"Sheepmeat"
22829,65,"Sheepmeat"
22585,65,"Sheepmeat"
22590,65,"Sheepmeat"
22827,65,"Sheepmeat"
22602,65,"Sheepmeat"
22710,65,"Sheepmeat"
22711,65,"Sheepmeat"
22712,65,"Sheepmeat"
22614,65,"Sheepmeat"
22613,65,"Sheepmeat"
22538,65,"Sheepmeat"
22539,65,"Sheepmeat"
22733,65,"Sheepmeat"
22717,65,"Sheepmeat"
22719,65,"Sheepmeat"
22721,65,"Sheepmeat"
22723,65,"Sheepmeat"
22724,65,"Sheepmeat"
22725,65,"Sheepmeat"
22731,65,"Sheepmeat"
22732,65,"Sheepmeat"
11874,65,"Sheepmeat"
22836,65,"Sheepmeat"
22802,65,"Sheepmeat"
22803,65,"Sheepmeat"
22567,65,"Sheepmeat"
22789,65,"Sheepmeat"
22796,65,"Sheepmeat"
22807,65,"Sheepmeat"
22574,65,"Sheepmeat"
22575,65,"Sheepmeat"
22578,65,"Sheepmeat"
22579,65,"Sheepmeat"
22580,65,"Sheepmeat"
22566,65,"Sheepmeat"
22790,65,"Sheepmeat"
22791,65,"Sheepmeat"
22794,65,"Sheepmeat"
22795,65,"Sheepmeat"
22798,65,"Sheepmeat"
22804,65,"Sheepmeat"
22805,65,"Sheepmeat"
22581,65,"Sheepmeat"
22582,65,"Sheepmeat"
22583,65,"Sheepmeat"
22584,65,"Sheepmeat"
22594,65,"Sheepmeat"
22595,65,"Sheepmeat"
22598,65,"Sheepmeat"
22599,65,"Sheepmeat"
22620,65,"Sheepmeat"
22576,65,"Sheepmeat"
22577,65,"Sheepmeat"
22607,65,"Sheepmeat"
22831,65,"Sheepmeat"
16002,65,"Sheepmeat"
16005,65,"Sheepmeat"
16008,65,"Sheepmeat"
16009,65,"Sheepmeat"
22495,65,"Sheepmeat"
22534,65,"Sheepmeat"
22535,65,"Sheepmeat"
22540,65,"Sheepmeat"
22729,65,"Sheepmeat"
22286,65,"Sheepmeat"
22284,65,"Sheepmeat"
22701,65,"Sheepmeat"
14082,65,"Sheepmeat"
22593,65,"Sheepmeat"
22840,65,"Sheepmeat"
22741,65,"Sheepmeat"
14096,65,"Sheepmeat"
22747,65,"Sheepmeat"
22742,65,"Sheepmeat"
22705,65,"Sheepmeat"
22668,65,"Sheepmeat"
22750,65,"Sheepmeat"
22822,65,"Sheepmeat"
22756,65,"Sheepmeat"
22764,65,"Sheepmeat"
22820,65,"Sheepmeat"
22824,65,"Sheepmeat"
22554,65,"Sheepmeat"
22825,65,"Sheepmeat"
14087,65,"Sheepmeat"
14193,65,"Sheepmeat"
17721,65,"Sheepmeat"
17722,65,"Sheepmeat"
17723,65,"Sheepmeat"
12375,65,"Sheepmeat"
12376,65,"Sheepmeat"
17818,65,"Sheepmeat"
7882,65,"Sheepmeat"
7883,65,"Sheepmeat"
7278,65,"Sheepmeat"
7254,65,"Sheepmeat"
7255,65,"Sheepmeat"
7926,65,"Sheepmeat"
7923,65,"Sheepmeat"
7925,65,"Sheepmeat"
7927,65,"Sheepmeat"
7929,65,"Sheepmeat"
7930,65,"Sheepmeat"
7311,65,"Sheepmeat"
7920,65,"Sheepmeat"
7312,65,"Sheepmeat"
7324,65,"Sheepmeat"
7328,65,"Sheepmeat"
7330,65,"Sheepmeat"
7326,65,"Sheepmeat"
7329,65,"Sheepmeat"
7252,65,"Sheepmeat"
2810,65,"Sheepmeat"
2813,65,"Sheepmeat"
2815,65,"Sheepmeat"
7251,65,"Sheepmeat"
2814,65,"Sheepmeat"
2838,65,"Sheepmeat"
2811,65,"Sheepmeat"
2855,65,"Sheepmeat"
2858,65,"Sheepmeat"
2859,65,"Sheepmeat"
2861,65,"Sheepmeat"
3009,65,"Sheepmeat"
108,65,"Sheepmeat"
110,65,"Sheepmeat"
16773,65,"Sheepmeat"
16774,65,"Sheepmeat"
16775,65,"Sheepmeat"
17076,65,"Sheepmeat"
16833,65,"Sheepmeat"
16834,65,"Sheepmeat"
17083,65,"Sheepmeat"
16836,65,"Sheepmeat"
15232,65,"Sheepmeat"
15472,65,"Sheepmeat"
15573,65,"Sheepmeat"
7304,65,"Sheepmeat"
7303,65,"Sheepmeat"
7257,65,"Sheepmeat"
7258,65,"Sheepmeat"
7851,65,"Sheepmeat"
7865,65,"Sheepmeat"
7271,65,"Sheepmeat"
7327,65,"Sheepmeat"
12082,65,"Sheepmeat"
2817,65,"Sheepmeat"
2822,65,"Sheepmeat"
2588,65,"Sheepmeat"
2590,65,"Sheepmeat"
2592,65,"Sheepmeat"
2593,65,"Sheepmeat"
2596,65,"Sheepmeat"
2556,65,"Sheepmeat"
2557,65,"Sheepmeat"
2562,65,"Sheepmeat"
2577,65,"Sheepmeat"
2585,65,"Sheepmeat"
2587,65,"Sheepmeat"
2589,65,"Sheepmeat"
4210,65,"Sheepmeat"
2597,65,"Sheepmeat"
2598,65,"Sheepmeat"
2600,65,"Sheepmeat"
2612,65,"Sheepmeat"
2765,65,"Sheepmeat"
4216,65,"Sheepmeat"
4339,65,"Sheepmeat"
4340,65,"Sheepmeat"
4351,65,"Sheepmeat"
4616,65,"Sheepmeat"
4617,65,"Sheepmeat"
4357,65,"Sheepmeat"
7907,65,"Sheepmeat"
2825,65,"Sheepmeat"
4634,65,"Sheepmeat"
4635,65,"Sheepmeat"
2827,65,"Sheepmeat"
2826,65,"Sheepmeat"
2907,65,"Sheepmeat"
2828,65,"Sheepmeat"
2573,65,"Sheepmeat"
7908,65,"Sheepmeat"
4636,65,"Sheepmeat"
4637,65,"Sheepmeat"
4638,65,"Sheepmeat"
2831,65,"Sheepmeat"
2832,65,"Sheepmeat"
2833,65,"Sheepmeat"
2835,65,"Sheepmeat"
2834,65,"Sheepmeat"
4707,65,"Sheepmeat"
4639,65,"Sheepmeat"
4640,65,"Sheepmeat"
3032,65,"Sheepmeat"
4708,65,"Sheepmeat"
4709,65,"Sheepmeat"
3008,65,"Sheepmeat"
3028,65,"Sheepmeat"
3010,65,"Sheepmeat"
2539,65,"Sheepmeat"
3025,65,"Sheepmeat"
2836,65,"Sheepmeat"
2876,65,"Sheepmeat"
2906,65,"Sheepmeat"
2905,65,"Sheepmeat"
2607,65,"Sheepmeat"
2610,65,"Sheepmeat"
2839,65,"Sheepmeat"
2837,65,"Sheepmeat"
2829,65,"Sheepmeat"
2830,65,"Sheepmeat"
7294,65,"Sheepmeat"
7253,65,"Sheepmeat"
2867,65,"Sheepmeat"
2875,65,"Sheepmeat"
7900,65,"Sheepmeat"
7903,65,"Sheepmeat"
7902,65,"Sheepmeat"
7036,65,"Sheepmeat"
17012,65,"Sheepmeat"
2868,65,"Sheepmeat"
2874,65,"Sheepmeat"
11809,65,"Sheepmeat"
2869,65,"Sheepmeat"
2877,65,"Sheepmeat"
2872,65,"Sheepmeat"
2882,65,"Sheepmeat"
2873,65,"Sheepmeat"
2878,65,"Sheepmeat"
2901,65,"Sheepmeat"
2903,65,"Sheepmeat"
2879,65,"Sheepmeat"
2881,65,"Sheepmeat"
2912,65,"Sheepmeat"
2915,65,"Sheepmeat"
2911,65,"Sheepmeat"
2908,65,"Sheepmeat"
2910,65,"Sheepmeat"
11622,65,"Sheepmeat"
12075,65,"Sheepmeat"
12084,65,"Sheepmeat"
12088,65,"Sheepmeat"
12089,65,"Sheepmeat"
12077,65,"Sheepmeat"
12085,65,"Sheepmeat"
12090,65,"Sheepmeat"
12086,65,"Sheepmeat"
11848,65,"Sheepmeat"
11849,65,"Sheepmeat"
12108,65,"Sheepmeat"
12109,65,"Sheepmeat"
12110,65,"Sheepmeat"
11891,65,"Sheepmeat"
12116,65,"Sheepmeat"
11847,65,"Sheepmeat"
12078,65,"Sheepmeat"
12079,65,"Sheepmeat"
11905,65,"Sheepmeat"
11810,65,"Sheepmeat"
11591,65,"Sheepmeat"
11818,65,"Sheepmeat"
11839,65,"Sheepmeat"
7848,65,"Sheepmeat"
11840,65,"Sheepmeat"
7849,65,"Sheepmeat"
11841,65,"Sheepmeat"
11842,65,"Sheepmeat"
7332,65,"Sheepmeat"
11846,65,"Sheepmeat"
7334,65,"Sheepmeat"
7343,65,"Sheepmeat"
7933,65,"Sheepmeat"
7935,65,"Sheepmeat"
12124,65,"Sheepmeat"
7939,65,"Sheepmeat"
12123,65,"Sheepmeat"
11590,65,"Sheepmeat"
11592,65,"Sheepmeat"
11593,65,"Sheepmeat"
11596,65,"Sheepmeat"
11813,65,"Sheepmeat"
11814,65,"Sheepmeat"
11815,65,"Sheepmeat"
11816,65,"Sheepmeat"
7940,65,"Sheepmeat"
7943,65,"Sheepmeat"
7951,65,"Sheepmeat"
12129,65,"Sheepmeat"
11897,65,"Sheepmeat"
11909,65,"Sheepmeat"
11837,65,"Sheepmeat"
11838,65,"Sheepmeat"
11845,65,"Sheepmeat"
2902,65,"Sheepmeat"
2913,65,"Sheepmeat"
7946,65,"Sheepmeat"
16740,65,"Sheepmeat"
16784,65,"Sheepmeat"
17056,65,"Sheepmeat"
17063,65,"Sheepmeat"
17048,65,"Sheepmeat"
17049,65,"Sheepmeat"
17054,65,"Sheepmeat"
17055,65,"Sheepmeat"
17062,65,"Sheepmeat"
16801,65,"Sheepmeat"
16802,65,"Sheepmeat"
15562,65,"Sheepmeat"
15523,65,"Sheepmeat"
15526,65,"Sheepmeat"
16786,65,"Sheepmeat"
16787,65,"Sheepmeat"
16788,65,"Sheepmeat"
16789,65,"Sheepmeat"
17057,65,"Sheepmeat"
16793,65,"Sheepmeat"
16803,65,"Sheepmeat"
16804,65,"Sheepmeat"
16806,65,"Sheepmeat"
16807,65,"Sheepmeat"
15255,65,"Sheepmeat"
15520,65,"Sheepmeat"
15822,65,"Sheepmeat"
15992,65,"Sheepmeat"
15993,65,"Sheepmeat"
17560,65,"Sheepmeat"
15824,65,"Sheepmeat"
15568,65,"Sheepmeat"
15823,65,"Sheepmeat"
15991,65,"Sheepmeat"
17051,65,"Sheepmeat"
17053,65,"Sheepmeat"
16791,65,"Sheepmeat"
16792,65,"Sheepmeat"
17060,65,"Sheepmeat"
17061,65,"Sheepmeat"
16794,65,"Sheepmeat"
15839,65,"Sheepmeat"
15841,65,"Sheepmeat"
15842,65,"Sheepmeat"
16029,65,"Sheepmeat"
16035,65,"Sheepmeat"
16036,65,"Sheepmeat"
16038,65,"Sheepmeat"
16041,65,"Sheepmeat"
16028,65,"Sheepmeat"
16030,65,"Sheepmeat"
16031,65,"Sheepmeat"
15997,65,"Sheepmeat"
15838,65,"Sheepmeat"
16032,65,"Sheepmeat"
13704,65,"Sheepmeat"
15994,65,"Sheepmeat"
15995,65,"Sheepmeat"
15996,65,"Sheepmeat"
16044,65,"Sheepmeat"
17058,65,"Sheepmeat"
15577,65,"Sheepmeat"
15578,65,"Sheepmeat"
22268,65,"Sheepmeat"
16043,65,"Sheepmeat"
16045,65,"Sheepmeat"
16796,65,"Sheepmeat"
16798,65,"Sheepmeat"
16800,65,"Sheepmeat"
16799,65,"Sheepmeat"
15837,65,"Sheepmeat"
17050,65,"Sheepmeat"
15836,65,"Sheepmeat"
16033,65,"Sheepmeat"
16042,65,"Sheepmeat"
22262,65,"Sheepmeat"
22520,65,"Sheepmeat"
22269,65,"Sheepmeat"
22272,65,"Sheepmeat"
16037,65,"Sheepmeat"
16039,65,"Sheepmeat"
16040,65,"Sheepmeat"
17052,65,"Sheepmeat"
16778,65,"Sheepmeat"
17035,65,"Sheepmeat"
17039,65,"Sheepmeat"
17078,65,"Sheepmeat"
4630,65,"Sheepmeat"
4396,65,"Sheepmeat"
4629,65,"Sheepmeat"
4627,65,"Sheepmeat"
4612,65,"Sheepmeat"
4397,65,"Sheepmeat"
4398,65,"Sheepmeat"
4648,65,"Sheepmeat"
4647,65,"Sheepmeat"
4211,65,"Sheepmeat"
4212,65,"Sheepmeat"
2606,65,"Sheepmeat"
2609,65,"Sheepmeat"
4213,65,"Sheepmeat"
4603,65,"Sheepmeat"
4606,65,"Sheepmeat"
4668,65,"Sheepmeat"
2604,65,"Sheepmeat"
2605,65,"Sheepmeat"
2551,65,"Sheepmeat"
2785,65,"Sheepmeat"
2608,65,"Sheepmeat"
4641,65,"Sheepmeat"
4358,65,"Sheepmeat"
4706,65,"Sheepmeat"
4448,65,"Sheepmeat"
2778,65,"Sheepmeat"
2745,65,"Sheepmeat"
2747,65,"Sheepmeat"
4611,65,"Sheepmeat"
2554,65,"Sheepmeat"
2555,65,"Sheepmeat"
2730,65,"Sheepmeat"
4620,65,"Sheepmeat"
4621,65,"Sheepmeat"
4622,65,"Sheepmeat"
4624,65,"Sheepmeat"
2553,65,"Sheepmeat"
2602,65,"Sheepmeat"
2603,65,"Sheepmeat"
2565,65,"Sheepmeat"
2559,65,"Sheepmeat"
2567,65,"Sheepmeat"
2568,65,"Sheepmeat"
2560,65,"Sheepmeat"
2569,65,"Sheepmeat"
2571,65,"Sheepmeat"
2570,65,"Sheepmeat"
7913,65,"Sheepmeat"
7915,65,"Sheepmeat"
7305,65,"Sheepmeat"
7916,65,"Sheepmeat"
7313,65,"Sheepmeat"
7322,65,"Sheepmeat"
7321,65,"Sheepmeat"
7318,65,"Sheepmeat"
7314,65,"Sheepmeat"
7315,65,"Sheepmeat"
7914,65,"Sheepmeat"
7931,65,"Sheepmeat"
7319,65,"Sheepmeat"
7320,65,"Sheepmeat"
2537,65,"Sheepmeat"
2547,65,"Sheepmeat"
2561,65,"Sheepmeat"
2564,65,"Sheepmeat"
2566,65,"Sheepmeat"
2572,65,"Sheepmeat"
2578,65,"Sheepmeat"
2582,65,"Sheepmeat"
2680,65,"Sheepmeat"
2689,65,"Sheepmeat"
2690,65,"Sheepmeat"
2703,65,"Sheepmeat"
2544,65,"Sheepmeat"
2540,65,"Sheepmeat"
2541,65,"Sheepmeat"
2542,65,"Sheepmeat"
2543,65,"Sheepmeat"
2545,65,"Sheepmeat"
2550,65,"Sheepmeat"
4250,65,"Sheepmeat"
7316,65,"Sheepmeat"
7317,65,"Sheepmeat"
2792,65,"Sheepmeat"
2538,65,"Sheepmeat"
2548,65,"Sheepmeat"
2558,65,"Sheepmeat"
2563,65,"Sheepmeat"
2583,65,"Sheepmeat"
2637,65,"Sheepmeat"
2686,65,"Sheepmeat"
2601,65,"Sheepmeat"
2732,65,"Sheepmeat"
2733,65,"Sheepmeat"
2734,65,"Sheepmeat"
2735,65,"Sheepmeat"
2736,65,"Sheepmeat"
2737,65,"Sheepmeat"
2738,65,"Sheepmeat"
2740,65,"Sheepmeat"
2741,65,"Sheepmeat"
4677,65,"Sheepmeat"
4215,65,"Sheepmeat"
2742,65,"Sheepmeat"
2743,65,"Sheepmeat"
2744,65,"Sheepmeat"
2751,65,"Sheepmeat"
2754,65,"Sheepmeat"
2761,65,"Sheepmeat"
2762,65,"Sheepmeat"
2763,65,"Sheepmeat"
4341,65,"Sheepmeat"
4217,65,"Sheepmeat"
4218,65,"Sheepmeat"
4219,65,"Sheepmeat"
4220,65,"Sheepmeat"
4613,65,"Sheepmeat"
4344,65,"Sheepmeat"
4345,65,"Sheepmeat"
4346,65,"Sheepmeat"
4347,65,"Sheepmeat"
4348,65,"Sheepmeat"
4349,65,"Sheepmeat"
4350,65,"Sheepmeat"
4626,65,"Sheepmeat"
4399,65,"Sheepmeat"
4400,65,"Sheepmeat"
2549,65,"Sheepmeat"
4241,65,"Sheepmeat"
4649,65,"Sheepmeat"
4631,65,"Sheepmeat"
4359,65,"Sheepmeat"
4361,65,"Sheepmeat"
4362,65,"Sheepmeat"
4363,65,"Sheepmeat"
4364,65,"Sheepmeat"
4365,65,"Sheepmeat"
4369,65,"Sheepmeat"
4370,65,"Sheepmeat"
4371,65,"Sheepmeat"
4372,65,"Sheepmeat"
4374,65,"Sheepmeat"
4375,65,"Sheepmeat"
4376,65,"Sheepmeat"
4377,65,"Sheepmeat"
4378,65,"Sheepmeat"
4389,65,"Sheepmeat"
4642,65,"Sheepmeat"
4646,65,"Sheepmeat"
4395,65,"Sheepmeat"
4236,65,"Sheepmeat"
4240,65,"Sheepmeat"
4549,65,"Sheepmeat"
4550,65,"Sheepmeat"
4401,65,"Sheepmeat"
4556,65,"Sheepmeat"
4402,65,"Sheepmeat"
4650,65,"Sheepmeat"
4651,65,"Sheepmeat"
4446,65,"Sheepmeat"
4652,65,"Sheepmeat"
17559,65,"Sheepmeat"
17578,65,"Sheepmeat"
17579,65,"Sheepmeat"
17580,65,"Sheepmeat"
17804,65,"Sheepmeat"
17805,65,"Sheepmeat"
17587,65,"Sheepmeat"
17588,65,"Sheepmeat"
15740,65,"Sheepmeat"
15766,65,"Sheepmeat"
17790,65,"Sheepmeat"
17796,65,"Sheepmeat"
17572,65,"Sheepmeat"
17573,65,"Sheepmeat"
17574,65,"Sheepmeat"
17575,65,"Sheepmeat"
17590,65,"Sheepmeat"
17810,65,"Sheepmeat"
17813,65,"Sheepmeat"
17815,65,"Sheepmeat"
15720,65,"Sheepmeat"
17561,65,"Sheepmeat"
17564,65,"Sheepmeat"
17558,65,"Sheepmeat"
4421,65,"Sheepmeat"
4661,65,"Sheepmeat"
2801,65,"Sheepmeat"
2803,65,"Sheepmeat"
4237,65,"Sheepmeat"
4245,65,"Sheepmeat"
4251,65,"Sheepmeat"
4572,65,"Sheepmeat"
4688,65,"Sheepmeat"
4449,65,"Sheepmeat"
2768,65,"Sheepmeat"
2769,65,"Sheepmeat"
2774,65,"Sheepmeat"
2794,65,"Sheepmeat"
2796,65,"Sheepmeat"
4443,65,"Sheepmeat"
4447,65,"Sheepmeat"
17567,65,"Sheepmeat"
17570,65,"Sheepmeat"
17571,65,"Sheepmeat"
17782,65,"Sheepmeat"
17792,65,"Sheepmeat"
17819,65,"Sheepmeat"
17724,65,"Sheepmeat"
17725,65,"Sheepmeat"
12378,65,"Sheepmeat"
12379,65,"Sheepmeat"
12590,65,"Sheepmeat"
12384,65,"Sheepmeat"
12393,65,"Sheepmeat"
12413,65,"Sheepmeat"
12033,65,"Sheepmeat"
12483,65,"Sheepmeat"
12484,65,"Sheepmeat"
12485,65,"Sheepmeat"
12487,65,"Sheepmeat"
12488,65,"Sheepmeat"
12567,65,"Sheepmeat"
12486,65,"Sheepmeat"
12385,65,"Sheepmeat"
12390,65,"Sheepmeat"
12603,65,"Sheepmeat"
24387,65,"Sheepmeat"
12598,65,"Sheepmeat"
12521,65,"Sheepmeat"
24851,65,"Sheepmeat"
4353,65,"Sheepmeat"
4368,65,"Sheepmeat"
4628,65,"Sheepmeat"
4367,65,"Sheepmeat"
4366,65,"Sheepmeat"
12563,65,"Sheepmeat"
23838,65,"Sheepmeat"
23843,65,"Sheepmeat"
23603,65,"Sheepmeat"
23604,65,"Sheepmeat"
23620,65,"Sheepmeat"
21790,65,"Sheepmeat"
21791,65,"Sheepmeat"
22020,65,"Sheepmeat"
12040,65,"Sheepmeat"
22047,65,"Sheepmeat"
24677,65,"Sheepmeat"
24686,65,"Sheepmeat"
24687,65,"Sheepmeat"
12317,65,"Sheepmeat"
12056,65,"Sheepmeat"
12528,65,"Sheepmeat"
12533,65,"Sheepmeat"
12370,65,"Sheepmeat"
12058,65,"Sheepmeat"
12071,65,"Sheepmeat"
12480,65,"Sheepmeat"
12481,65,"Sheepmeat"
12482,65,"Sheepmeat"
12509,65,"Sheepmeat"
12513,65,"Sheepmeat"
12336,65,"Sheepmeat"
12338,65,"Sheepmeat"
12341,65,"Sheepmeat"
12343,65,"Sheepmeat"
12344,65,"Sheepmeat"
12355,65,"Sheepmeat"
12357,65,"Sheepmeat"
12358,65,"Sheepmeat"
12360,65,"Sheepmeat"
12361,65,"Sheepmeat"
12363,65,"Sheepmeat"
12364,65,"Sheepmeat"
12365,65,"Sheepmeat"
12366,65,"Sheepmeat"
12367,65,"Sheepmeat"
12368,65,"Sheepmeat"
12525,65,"Sheepmeat"
12526,65,"Sheepmeat"
12512,65,"Sheepmeat"
12536,65,"Sheepmeat"
17771,65,"Sheepmeat"
22572,65,"Sheepmeat"
14191,65,"Sheepmeat"
17719,65,"Sheepmeat"
17727,65,"Sheepmeat"
17728,65,"Sheepmeat"
17730,65,"Sheepmeat"
17565,65,"Sheepmeat"
17768,65,"Sheepmeat"
13714,65,"Sheepmeat"
13504,65,"Sheepmeat"
14105,65,"Sheepmeat"
14114,65,"Sheepmeat"
14118,65,"Sheepmeat"
17720,65,"Sheepmeat"
12491,65,"Sheepmeat"
12497,65,"Sheepmeat"
12508,65,"Sheepmeat"
12511,65,"Sheepmeat"
12510,65,"Sheepmeat"
22053,65,"Sheepmeat"
17770,65,"Sheepmeat"
17793,65,"Sheepmeat"
17794,65,"Sheepmeat"
17532,65,"Sheepmeat"
17534,65,"Sheepmeat"
17535,65,"Sheepmeat"
17739,65,"Sheepmeat"
17740,65,"Sheepmeat"
17761,65,"Sheepmeat"
17766,65,"Sheepmeat"
14190,65,"Sheepmeat"
14192,65,"Sheepmeat"
13706,65,"Sheepmeat"
13519,65,"Sheepmeat"
13520,65,"Sheepmeat"
13525,65,"Sheepmeat"
13526,65,"Sheepmeat"
13715,65,"Sheepmeat"
13746,65,"Sheepmeat"
13527,65,"Sheepmeat"
13528,65,"Sheepmeat"
13529,65,"Sheepmeat"
13547,65,"Sheepmeat"
13759,65,"Sheepmeat"
16819,65,"Sheepmeat"
17042,65,"Sheepmeat"
16744,65,"Sheepmeat"
16743,65,"Sheepmeat"
16780,65,"Sheepmeat"
16781,65,"Sheepmeat"
16783,65,"Sheepmeat"
16782,65,"Sheepmeat"
15831,65,"Sheepmeat"
15741,65,"Sheepmeat"
15832,65,"Sheepmeat"
16023,65,"Sheepmeat"
15768,65,"Sheepmeat"
17011,65,"Sheepmeat"
15769,65,"Sheepmeat"
15770,65,"Sheepmeat"
17047,65,"Sheepmeat"
17807,65,"Sheepmeat"
17583,65,"Sheepmeat"
17585,65,"Sheepmeat"
15767,65,"Sheepmeat"
15772,65,"Sheepmeat"
15774,65,"Sheepmeat"
15775,65,"Sheepmeat"
15776,65,"Sheepmeat"
15777,65,"Sheepmeat"
15794,65,"Sheepmeat"
15799,65,"Sheepmeat"
15800,65,"Sheepmeat"
15817,65,"Sheepmeat"
17046,65,"Sheepmeat"
15833,65,"Sheepmeat"
15798,65,"Sheepmeat"
15801,65,"Sheepmeat"
15763,65,"Sheepmeat"
16999,65,"Sheepmeat"
15761,65,"Sheepmeat"
17013,65,"Sheepmeat"
16998,65,"Sheepmeat"
17010,65,"Sheepmeat"
17017,65,"Sheepmeat"
15773,65,"Sheepmeat"
15778,65,"Sheepmeat"
15779,65,"Sheepmeat"
15780,65,"Sheepmeat"
15782,65,"Sheepmeat"
15783,65,"Sheepmeat"
15784,65,"Sheepmeat"
15790,65,"Sheepmeat"
15791,65,"Sheepmeat"
15793,65,"Sheepmeat"
15803,65,"Sheepmeat"
15807,65,"Sheepmeat"
15808,65,"Sheepmeat"
15811,65,"Sheepmeat"
15812,65,"Sheepmeat"
15819,65,"Sheepmeat"
15565,65,"Sheepmeat"
15566,65,"Sheepmeat"
15567,65,"Sheepmeat"
15569,65,"Sheepmeat"
15825,65,"Sheepmeat"
16024,65,"Sheepmeat"
16027,65,"Sheepmeat"
15834,65,"Sheepmeat"
16746,65,"Sheepmeat"
16747,65,"Sheepmeat"
16748,65,"Sheepmeat"
16751,65,"Sheepmeat"
16741,65,"Sheepmeat"
16745,65,"Sheepmeat"
17016,65,"Sheepmeat"
17018,65,"Sheepmeat"
17019,65,"Sheepmeat"
16994,65,"Sheepmeat"
17072,65,"Sheepmeat"
17041,65,"Sheepmeat"
16829,65,"Sheepmeat"
17074,65,"Sheepmeat"
16826,65,"Sheepmeat"
17075,65,"Sheepmeat"
17073,65,"Sheepmeat"
17080,65,"Sheepmeat"
16809,65,"Sheepmeat"
16825,65,"Sheepmeat"
16817,65,"Sheepmeat"
17070,65,"Sheepmeat"
15474,65,"Sheepmeat"
15473,65,"Sheepmeat"
15478,65,"Sheepmeat"
15236,65,"Sheepmeat"
15482,65,"Sheepmeat"
15242,65,"Sheepmeat"
16818,65,"Sheepmeat"
16811,65,"Sheepmeat"
15246,65,"Sheepmeat"
15485,65,"Sheepmeat"
15259,65,"Sheepmeat"
15239,65,"Sheepmeat"
17064,65,"Sheepmeat"
16838,65,"Sheepmeat"
17066,65,"Sheepmeat"
17065,65,"Sheepmeat"
13700,65,"Sheepmeat"
13702,65,"Sheepmeat"
13705,65,"Sheepmeat"
13734,65,"Sheepmeat"
13735,65,"Sheepmeat"
13736,65,"Sheepmeat"
13738,65,"Sheepmeat"
17756,65,"Sheepmeat"
17757,65,"Sheepmeat"
17758,65,"Sheepmeat"
17539,65,"Sheepmeat"
17540,65,"Sheepmeat"
17542,65,"Sheepmeat"
17544,65,"Sheepmeat"
17545,65,"Sheepmeat"
17547,65,"Sheepmeat"
17549,65,"Sheepmeat"
17550,65,"Sheepmeat"
17552,65,"Sheepmeat"
17554,65,"Sheepmeat"
13739,65,"Sheepmeat"
13740,65,"Sheepmeat"
13741,65,"Sheepmeat"
13502,65,"Sheepmeat"
13503,65,"Sheepmeat"
13698,65,"Sheepmeat"
13712,65,"Sheepmeat"
13710,65,"Sheepmeat"
13711,65,"Sheepmeat"
14164,65,"Sheepmeat"
17749,65,"Sheepmeat"
17750,65,"Sheepmeat"
17753,65,"Sheepmeat"
17754,65,"Sheepmeat"
17551,65,"Sheepmeat"
17553,65,"Sheepmeat"
17760,65,"Sheepmeat"
13737,65,"Sheepmeat"
17736,65,"Sheepmeat"
17755,65,"Sheepmeat"
17732,65,"Sheepmeat"
17780,65,"Sheepmeat"
17781,65,"Sheepmeat"
14222,65,"Sheepmeat"
17773,65,"Sheepmeat"
17778,65,"Sheepmeat"
17779,65,"Sheepmeat"
22833,65,"Sheepmeat"
22834,65,"Sheepmeat"
22616,65,"Sheepmeat"
22617,65,"Sheepmeat"
22621,65,"Sheepmeat"
22618,65,"Sheepmeat"
22615,65,"Sheepmeat"
22283,65,"Sheepmeat"
22738,65,"Sheepmeat"
22739,65,"Sheepmeat"
13470,65,"Sheepmeat"
13217,65,"Sheepmeat"
15703,65,"Sheepmeat"
13221,65,"Sheepmeat"
15702,65,"Sheepmeat"
15697,65,"Sheepmeat"
15689,65,"Sheepmeat"
15688,65,"Sheepmeat"
15666,65,"Sheepmeat"
15667,65,"Sheepmeat"
17812,65,"Sheepmeat"
17814,65,"Sheepmeat"
17816,65,"Sheepmeat"
12537,65,"Sheepmeat"
12538,65,"Sheepmeat"
15671,65,"Sheepmeat"
15679,65,"Sheepmeat"
15682,65,"Sheepmeat"
15726,65,"Sheepmeat"
15729,65,"Sheepmeat"
15730,65,"Sheepmeat"
15731,65,"Sheepmeat"
13642,65,"Sheepmeat"
15657,65,"Sheepmeat"
15673,65,"Sheepmeat"
15672,65,"Sheepmeat"
15663,65,"Sheepmeat"
15665,65,"Sheepmeat"
15669,65,"Sheepmeat"
15670,65,"Sheepmeat"
15668,65,"Sheepmeat"
15680,65,"Sheepmeat"
15681,65,"Sheepmeat"
15495,65,"Sheepmeat"
15505,65,"Sheepmeat"
15522,65,"Sheepmeat"
22464,65,"Sheepmeat"
15261,65,"Sheepmeat"
15585,65,"Sheepmeat"
15586,65,"Sheepmeat"
15599,65,"Sheepmeat"
15528,65,"Sheepmeat"
15601,65,"Sheepmeat"
15600,65,"Sheepmeat"
15548,65,"Sheepmeat"
16839,65,"Sheepmeat"
15618,65,"Sheepmeat"
15260,65,"Sheepmeat"
15529,65,"Sheepmeat"
15486,65,"Sheepmeat"
15489,65,"Sheepmeat"
15490,65,"Sheepmeat"
15492,65,"Sheepmeat"
15254,65,"Sheepmeat"
15576,65,"Sheepmeat"
15283,65,"Sheepmeat"
15285,65,"Sheepmeat"
15571,65,"Sheepmeat"
15575,65,"Sheepmeat"
15282,65,"Sheepmeat"
15570,65,"Sheepmeat"
15563,65,"Sheepmeat"
15579,65,"Sheepmeat"
22208,65,"Sheepmeat"
16797,65,"Sheepmeat"
15581,65,"Sheepmeat"
22220,65,"Sheepmeat"
22221,65,"Sheepmeat"
22469,65,"Sheepmeat"
22476,65,"Sheepmeat"
22477,65,"Sheepmeat"
22479,65,"Sheepmeat"
22481,65,"Sheepmeat"
22482,65,"Sheepmeat"
22484,65,"Sheepmeat"
15848,65,"Sheepmeat"
15527,65,"Sheepmeat"
15580,65,"Sheepmeat"
22232,65,"Sheepmeat"
22229,65,"Sheepmeat"
22470,65,"Sheepmeat"
22471,65,"Sheepmeat"
22486,65,"Sheepmeat"
22487,65,"Sheepmeat"
22233,65,"Sheepmeat"
22241,65,"Sheepmeat"
22472,65,"Sheepmeat"
22250,65,"Sheepmeat"
22252,65,"Sheepmeat"
22518,65,"Sheepmeat"
22244,65,"Sheepmeat"
22515,65,"Sheepmeat"
22516,65,"Sheepmeat"
22517,65,"Sheepmeat"
22248,65,"Sheepmeat"
22253,65,"Sheepmeat"
22254,65,"Sheepmeat"
22491,65,"Sheepmeat"
22492,65,"Sheepmeat"
22493,65,"Sheepmeat"
15847,65,"Sheepmeat"
22231,65,"Sheepmeat"
22239,65,"Sheepmeat"
22256,65,"Sheepmeat"
22513,65,"Sheepmeat"
22519,65,"Sheepmeat"
22521,65,"Sheepmeat"
22274,65,"Sheepmeat"
22740,65,"Sheepmeat"
13701,65,"Sheepmeat"
22276,65,"Sheepmeat"
22512,65,"Sheepmeat"
15511,65,"Sheepmeat"
22591,65,"Sheepmeat"
22826,65,"Sheepmeat"
22667,65,"Sheepmeat"
22497,65,"Sheepmeat"
22500,65,"Sheepmeat"
22501,65,"Sheepmeat"
22502,65,"Sheepmeat"
22507,65,"Sheepmeat"
22257,65,"Sheepmeat"
22263,65,"Sheepmeat"
22275,65,"Sheepmeat"
22277,65,"Sheepmeat"
22530,65,"Sheepmeat"
22531,65,"Sheepmeat"
22532,65,"Sheepmeat"
22706,65,"Sheepmeat"
22708,65,"Sheepmeat"
17009,65,"Sheepmeat"
15828,65,"Sheepmeat"
15742,65,"Sheepmeat"
15743,65,"Sheepmeat"
16020,65,"Sheepmeat"
15751,65,"Sheepmeat"
16013,65,"Sheepmeat"
22707,65,"Sheepmeat"
17001,65,"Sheepmeat"
15744,65,"Sheepmeat"
15756,65,"Sheepmeat"
15750,65,"Sheepmeat"
16019,65,"Sheepmeat"
15781,65,"Sheepmeat"
15785,65,"Sheepmeat"
15786,65,"Sheepmeat"
15802,65,"Sheepmeat"
15805,65,"Sheepmeat"
15806,65,"Sheepmeat"
15746,65,"Sheepmeat"
15747,65,"Sheepmeat"
17007,65,"Sheepmeat"
16984,65,"Sheepmeat"
16986,65,"Sheepmeat"
16987,65,"Sheepmeat"
16988,65,"Sheepmeat"
16990,65,"Sheepmeat"
16022,65,"Sheepmeat"
16997,65,"Sheepmeat"
16995,65,"Sheepmeat"
16996,65,"Sheepmeat"
15813,65,"Sheepmeat"
15814,65,"Sheepmeat"
15815,65,"Sheepmeat"
15821,65,"Sheepmeat"
15564,65,"Sheepmeat"
16989,65,"Sheepmeat"
17002,65,"Sheepmeat"
17004,65,"Sheepmeat"
17005,65,"Sheepmeat"
17006,65,"Sheepmeat"
17591,65,"Sheepmeat"
17817,65,"Sheepmeat"
15714,65,"Sheepmeat"
15721,65,"Sheepmeat"
15722,65,"Sheepmeat"
15724,65,"Sheepmeat"
15727,65,"Sheepmeat"
17811,65,"Sheepmeat"
15658,65,"Sheepmeat"
15659,65,"Sheepmeat"
15660,65,"Sheepmeat"
15662,65,"Sheepmeat"
15664,65,"Sheepmeat"
12540,65,"Sheepmeat"
22032,65,"Sheepmeat"
22034,65,"Sheepmeat"
22035,65,"Sheepmeat"
22054,65,"Sheepmeat"
21848,65,"Sheepmeat"
22018,65,"Sheepmeat"
21816,65,"Sheepmeat"
22031,65,"Sheepmeat"
22040,65,"Sheepmeat"
22043,65,"Sheepmeat"
21854,65,"Sheepmeat"
22092,65,"Sheepmeat"
22093,65,"Sheepmeat"
22096,65,"Sheepmeat"
22097,65,"Sheepmeat"
22098,65,"Sheepmeat"
12504,65,"Sheepmeat"
12541,65,"Sheepmeat"
21851,65,"Sheepmeat"
21852,65,"Sheepmeat"
17820,65,"Sheepmeat"
24885,65,"Sheepmeat"
24668,65,"Sheepmeat"
22017,65,"Sheepmeat"
21805,65,"Sheepmeat"
23835,65,"Sheepmeat"
22039,65,"Sheepmeat"
21853,65,"Sheepmeat"
22090,65,"Sheepmeat"
12490,65,"Sheepmeat"
12514,65,"Sheepmeat"
12517,65,"Sheepmeat"
15677,65,"Sheepmeat"
15708,65,"Sheepmeat"
15745,65,"Sheepmeat"
15757,65,"Sheepmeat"
15758,65,"Sheepmeat"
15759,65,"Sheepmeat"
15710,65,"Sheepmeat"
15711,65,"Sheepmeat"
15735,65,"Sheepmeat"
15732,65,"Sheepmeat"
15739,65,"Sheepmeat"
15736,65,"Sheepmeat"
15737,65,"Sheepmeat"
15738,65,"Sheepmeat"
15734,65,"Sheepmeat"
15733,65,"Sheepmeat"
15683,65,"Sheepmeat"
15684,65,"Sheepmeat"
15685,65,"Sheepmeat"
15693,65,"Sheepmeat"
15694,65,"Sheepmeat"
15696,65,"Sheepmeat"
15713,65,"Sheepmeat"
15715,65,"Sheepmeat"
15712,65,"Sheepmeat"
15725,65,"Sheepmeat"
