"gate_source","gate_target","produce"
99,74,"Forestry"
103,74,"Forestry"
104,74,"Forestry"
15481,74,"Forestry"
111,74,"Forestry"
112,74,"Forestry"
109,74,"Forestry"
127,74,"Forestry"
4414,74,"Forestry"
4417,74,"Forestry"
3021,74,"Forestry"
3022,74,"Forestry"
3023,74,"Forestry"
3051,74,"Forestry"
4406,74,"Forestry"
3052,74,"Forestry"
3013,74,"Forestry"
7897,74,"Forestry"
7905,74,"Forestry"
7898,74,"Forestry"
7290,74,"Forestry"
7899,74,"Forestry"
7291,74,"Forestry"
7292,74,"Forestry"
7287,74,"Forestry"
7896,74,"Forestry"
7289,74,"Forestry"
15501,74,"Forestry"
7288,74,"Forestry"
7877,74,"Forestry"
7296,74,"Forestry"
7916,74,"Forestry"
7856,74,"Forestry"
7858,74,"Forestry"
7860,74,"Forestry"
7890,74,"Forestry"
7892,74,"Forestry"
7884,74,"Forestry"
7282,74,"Forestry"
7284,74,"Forestry"
7285,74,"Forestry"
7286,74,"Forestry"
7894,74,"Forestry"
7855,74,"Forestry"
7895,74,"Forestry"
15998,74,"Forestry"
7886,74,"Forestry"
7276,74,"Forestry"
7277,74,"Forestry"
7871,74,"Forestry"
7261,74,"Forestry"
7263,74,"Forestry"
7264,74,"Forestry"
7297,74,"Forestry"
7298,74,"Forestry"
7299,74,"Forestry"
7300,74,"Forestry"
7912,74,"Forestry"
7265,74,"Forestry"
7876,74,"Forestry"
7262,74,"Forestry"
7861,74,"Forestry"
7873,74,"Forestry"
22835,74,"Forestry"
7857,74,"Forestry"
11621,74,"Forestry"
11900,74,"Forestry"
7866,74,"Forestry"
7868,74,"Forestry"
7870,74,"Forestry"
7872,74,"Forestry"
7260,74,"Forestry"
7267,74,"Forestry"
7268,74,"Forestry"
7302,74,"Forestry"
7272,74,"Forestry"
7269,74,"Forestry"
7869,74,"Forestry"
7950,74,"Forestry"
7951,74,"Forestry"
12129,74,"Forestry"
12139,74,"Forestry"
11906,74,"Forestry"
11909,74,"Forestry"
15502,74,"Forestry"
15248,74,"Forestry"
15250,74,"Forestry"
15251,74,"Forestry"
16000,74,"Forestry"
15999,74,"Forestry"
22538,74,"Forestry"
15518,74,"Forestry"
16006,74,"Forestry"
15846,74,"Forestry"
15509,74,"Forestry"
16011,74,"Forestry"
7875,74,"Forestry"
7885,74,"Forestry"
15845,74,"Forestry"
15847,74,"Forestry"
22472,74,"Forestry"
22253,74,"Forestry"
22254,74,"Forestry"
22492,74,"Forestry"
15510,74,"Forestry"
15511,74,"Forestry"
15515,74,"Forestry"
15516,74,"Forestry"
15517,74,"Forestry"
15514,74,"Forestry"
22836,74,"Forestry"
22840,74,"Forestry"
22620,74,"Forestry"
22789,74,"Forestry"
22580,74,"Forestry"
22575,74,"Forestry"
22593,74,"Forestry"
22594,74,"Forestry"
22595,74,"Forestry"
22596,74,"Forestry"
22607,74,"Forestry"
22831,74,"Forestry"
22598,74,"Forestry"
107,74,"Forestry"
15232,74,"Forestry"
15482,74,"Forestry"
15573,74,"Forestry"
16836,74,"Forestry"
7273,74,"Forestry"
7922,74,"Forestry"
7923,74,"Forestry"
7927,74,"Forestry"
7929,74,"Forestry"
7926,74,"Forestry"
7328,74,"Forestry"
2818,74,"Forestry"
2810,74,"Forestry"
2814,74,"Forestry"
2838,74,"Forestry"
7330,74,"Forestry"
2811,74,"Forestry"
7918,74,"Forestry"
7920,74,"Forestry"
7324,74,"Forestry"
7910,74,"Forestry"
7301,74,"Forestry"
7305,74,"Forestry"
7275,74,"Forestry"
7891,74,"Forestry"
16834,74,"Forestry"
16835,74,"Forestry"
7304,74,"Forestry"
7919,74,"Forestry"
7930,74,"Forestry"
4210,74,"Forestry"
4339,74,"Forestry"
2826,74,"Forestry"
2907,74,"Forestry"
2836,74,"Forestry"
2813,74,"Forestry"
3009,74,"Forestry"
3026,74,"Forestry"
2834,74,"Forestry"
3025,74,"Forestry"
3032,74,"Forestry"
2840,74,"Forestry"
2842,74,"Forestry"
2843,74,"Forestry"
2844,74,"Forestry"
2854,74,"Forestry"
2855,74,"Forestry"
2827,74,"Forestry"
4634,74,"Forestry"
4393,74,"Forestry"
4394,74,"Forestry"
3015,74,"Forestry"
3018,74,"Forestry"
3019,74,"Forestry"
4386,74,"Forestry"
3020,74,"Forestry"
4392,74,"Forestry"
4632,74,"Forestry"
4633,74,"Forestry"
3011,74,"Forestry"
3012,74,"Forestry"
4379,74,"Forestry"
3014,74,"Forestry"
3017,74,"Forestry"
4380,74,"Forestry"
4381,74,"Forestry"
4383,74,"Forestry"
4385,74,"Forestry"
4388,74,"Forestry"
4382,74,"Forestry"
4384,74,"Forestry"
4387,74,"Forestry"
4390,74,"Forestry"
2837,74,"Forestry"
2867,74,"Forestry"
4637,74,"Forestry"
4636,74,"Forestry"
4657,74,"Forestry"
7294,74,"Forestry"
7909,74,"Forestry"
7902,74,"Forestry"
2588,74,"Forestry"
2590,74,"Forestry"
91,74,"Forestry"
15237,74,"Forestry"
7036,74,"Forestry"
16740,74,"Forestry"
16746,74,"Forestry"
16750,74,"Forestry"
17022,74,"Forestry"
17012,74,"Forestry"
16748,74,"Forestry"
17013,74,"Forestry"
6811,74,"Forestry"
6812,74,"Forestry"
6813,74,"Forestry"
11809,74,"Forestry"
2877,74,"Forestry"
2903,74,"Forestry"
2879,74,"Forestry"
2901,74,"Forestry"
2909,74,"Forestry"
2911,74,"Forestry"
2908,74,"Forestry"
2910,74,"Forestry"
2915,74,"Forestry"
2912,74,"Forestry"
11622,74,"Forestry"
12076,74,"Forestry"
11902,74,"Forestry"
7867,74,"Forestry"
7363,74,"Forestry"
12082,74,"Forestry"
12083,74,"Forestry"
12077,74,"Forestry"
12078,74,"Forestry"
12085,74,"Forestry"
12089,74,"Forestry"
12110,74,"Forestry"
12079,74,"Forestry"
12084,74,"Forestry"
12086,74,"Forestry"
12075,74,"Forestry"
12090,74,"Forestry"
11847,74,"Forestry"
11848,74,"Forestry"
12108,74,"Forestry"
11891,74,"Forestry"
12109,74,"Forestry"
12111,74,"Forestry"
12112,74,"Forestry"
12113,74,"Forestry"
12115,74,"Forestry"
12116,74,"Forestry"
7253,74,"Forestry"
11840,74,"Forestry"
7848,74,"Forestry"
7332,74,"Forestry"
11845,74,"Forestry"
11592,74,"Forestry"
2868,74,"Forestry"
11810,74,"Forestry"
11591,74,"Forestry"
11837,74,"Forestry"
11839,74,"Forestry"
11838,74,"Forestry"
11842,74,"Forestry"
16784,74,"Forestry"
17063,74,"Forestry"
17056,74,"Forestry"
16786,74,"Forestry"
16807,74,"Forestry"
16787,74,"Forestry"
16788,74,"Forestry"
15253,74,"Forestry"
15255,74,"Forestry"
15252,74,"Forestry"
15520,74,"Forestry"
15493,74,"Forestry"
15494,74,"Forestry"
17048,74,"Forestry"
17051,74,"Forestry"
15835,74,"Forestry"
15836,74,"Forestry"
15837,74,"Forestry"
16790,74,"Forestry"
17053,74,"Forestry"
17054,74,"Forestry"
15993,74,"Forestry"
15994,74,"Forestry"
13704,74,"Forestry"
16803,74,"Forestry"
16804,74,"Forestry"
15992,74,"Forestry"
15838,74,"Forestry"
13735,74,"Forestry"
15997,74,"Forestry"
16794,74,"Forestry"
17058,74,"Forestry"
15839,74,"Forestry"
16047,74,"Forestry"
16048,74,"Forestry"
15840,74,"Forestry"
16038,74,"Forestry"
16041,74,"Forestry"
16763,74,"Forestry"
16771,74,"Forestry"
16764,74,"Forestry"
16770,74,"Forestry"
16773,74,"Forestry"
16775,74,"Forestry"
16772,74,"Forestry"
110,74,"Forestry"
16761,74,"Forestry"
16765,74,"Forestry"
16766,74,"Forestry"
16767,74,"Forestry"
16768,74,"Forestry"
17039,74,"Forestry"
17041,74,"Forestry"
4629,74,"Forestry"
4397,74,"Forestry"
4648,74,"Forestry"
4606,74,"Forestry"
4243,74,"Forestry"
4603,74,"Forestry"
4448,74,"Forestry"
2768,74,"Forestry"
2769,74,"Forestry"
4441,74,"Forestry"
4604,74,"Forestry"
4605,74,"Forestry"
4668,74,"Forestry"
4669,74,"Forestry"
2782,74,"Forestry"
2780,74,"Forestry"
2783,74,"Forestry"
2788,74,"Forestry"
2781,74,"Forestry"
2789,74,"Forestry"
2551,74,"Forestry"
4213,74,"Forestry"
2785,74,"Forestry"
2786,74,"Forestry"
2787,74,"Forestry"
2790,74,"Forestry"
4242,74,"Forestry"
2779,74,"Forestry"
2784,74,"Forestry"
4389,74,"Forestry"
3016,74,"Forestry"
4641,74,"Forestry"
4371,74,"Forestry"
4375,74,"Forestry"
4662,74,"Forestry"
4706,74,"Forestry"
4652,74,"Forestry"
7311,74,"Forestry"
7312,74,"Forestry"
7913,74,"Forestry"
7914,74,"Forestry"
7915,74,"Forestry"
7917,74,"Forestry"
7306,74,"Forestry"
7307,74,"Forestry"
7308,74,"Forestry"
7309,74,"Forestry"
7313,74,"Forestry"
7318,74,"Forestry"
7319,74,"Forestry"
7320,74,"Forestry"
7322,74,"Forestry"
2541,74,"Forestry"
2542,74,"Forestry"
2540,74,"Forestry"
17804,74,"Forestry"
17807,74,"Forestry"
17805,74,"Forestry"
17806,74,"Forestry"
17585,74,"Forestry"
17583,74,"Forestry"
17559,74,"Forestry"
17561,74,"Forestry"
17562,74,"Forestry"
17796,74,"Forestry"
17572,74,"Forestry"
17574,74,"Forestry"
17575,74,"Forestry"
17576,74,"Forestry"
17577,74,"Forestry"
17578,74,"Forestry"
17579,74,"Forestry"
17798,74,"Forestry"
17799,74,"Forestry"
17800,74,"Forestry"
17801,74,"Forestry"
17802,74,"Forestry"
17803,74,"Forestry"
17808,74,"Forestry"
17581,74,"Forestry"
17582,74,"Forestry"
17584,74,"Forestry"
17586,74,"Forestry"
17587,74,"Forestry"
17588,74,"Forestry"
17589,74,"Forestry"
17590,74,"Forestry"
15732,74,"Forestry"
15733,74,"Forestry"
15734,74,"Forestry"
15739,74,"Forestry"
15766,74,"Forestry"
15767,74,"Forestry"
17797,74,"Forestry"
17573,74,"Forestry"
17809,74,"Forestry"
4237,74,"Forestry"
4236,74,"Forestry"
4549,74,"Forestry"
4401,74,"Forestry"
4555,74,"Forestry"
4556,74,"Forestry"
4630,74,"Forestry"
4631,74,"Forestry"
4402,74,"Forestry"
4650,74,"Forestry"
4651,74,"Forestry"
4569,74,"Forestry"
4570,74,"Forestry"
4282,74,"Forestry"
4250,74,"Forestry"
4300,74,"Forestry"
4301,74,"Forestry"
4302,74,"Forestry"
4303,74,"Forestry"
4304,74,"Forestry"
4443,74,"Forestry"
4447,74,"Forestry"
4688,74,"Forestry"
4696,74,"Forestry"
4338,74,"Forestry"
4697,74,"Forestry"
4602,74,"Forestry"
4439,74,"Forestry"
14082,74,"Forestry"
12598,74,"Forestry"
17042,74,"Forestry"
14088,74,"Forestry"
17720,74,"Forestry"
17721,74,"Forestry"
14090,74,"Forestry"
14091,74,"Forestry"
14092,74,"Forestry"
14093,74,"Forestry"
22570,74,"Forestry"
22574,74,"Forestry"
16744,74,"Forestry"
17043,74,"Forestry"
16819,74,"Forestry"
15741,74,"Forestry"
15769,74,"Forestry"
15770,74,"Forestry"
17047,74,"Forestry"
15776,74,"Forestry"
15781,74,"Forestry"
16027,74,"Forestry"
16741,74,"Forestry"
16742,74,"Forestry"
16745,74,"Forestry"
16994,74,"Forestry"
16995,74,"Forestry"
16996,74,"Forestry"
16997,74,"Forestry"
17010,74,"Forestry"
16747,74,"Forestry"
16751,74,"Forestry"
16752,74,"Forestry"
17015,74,"Forestry"
17016,74,"Forestry"
17017,74,"Forestry"
17018,74,"Forestry"
17019,74,"Forestry"
17020,74,"Forestry"
17021,74,"Forestry"
16739,74,"Forestry"
15785,74,"Forestry"
15786,74,"Forestry"
15822,74,"Forestry"
15833,74,"Forestry"
15834,74,"Forestry"
15567,74,"Forestry"
15568,74,"Forestry"
15569,74,"Forestry"
15823,74,"Forestry"
16998,74,"Forestry"
16999,74,"Forestry"
17011,74,"Forestry"
15778,74,"Forestry"
15787,74,"Forestry"
15793,74,"Forestry"
15805,74,"Forestry"
15799,74,"Forestry"
15800,74,"Forestry"
15808,74,"Forestry"
15809,74,"Forestry"
15810,74,"Forestry"
15812,74,"Forestry"
15565,74,"Forestry"
15761,74,"Forestry"
15762,74,"Forestry"
13220,74,"Forestry"
17072,74,"Forestry"
17076,74,"Forestry"
17079,74,"Forestry"
15235,74,"Forestry"
15472,74,"Forestry"
15478,74,"Forestry"
15473,74,"Forestry"
15574,74,"Forestry"
17080,74,"Forestry"
15233,74,"Forestry"
15234,74,"Forestry"
15479,74,"Forestry"
15474,74,"Forestry"
15475,74,"Forestry"
15476,74,"Forestry"
15485,74,"Forestry"
15242,74,"Forestry"
15246,74,"Forestry"
15247,74,"Forestry"
15259,74,"Forestry"
17075,74,"Forestry"
15477,74,"Forestry"
15241,74,"Forestry"
15243,74,"Forestry"
15244,74,"Forestry"
15576,74,"Forestry"
15284,74,"Forestry"
17065,74,"Forestry"
17067,74,"Forestry"
17069,74,"Forestry"
16812,74,"Forestry"
16815,74,"Forestry"
16837,74,"Forestry"
15236,74,"Forestry"
15480,74,"Forestry"
16811,74,"Forestry"
15245,74,"Forestry"
15239,74,"Forestry"
15238,74,"Forestry"
15483,74,"Forestry"
17064,74,"Forestry"
16838,74,"Forestry"
15572,74,"Forestry"
16774,74,"Forestry"
16776,74,"Forestry"
16778,74,"Forestry"
16779,74,"Forestry"
17035,74,"Forestry"
17036,74,"Forestry"
17037,74,"Forestry"
17038,74,"Forestry"
17070,74,"Forestry"
17071,74,"Forestry"
17073,74,"Forestry"
17074,74,"Forestry"
16809,74,"Forestry"
16817,74,"Forestry"
16818,74,"Forestry"
16820,74,"Forestry"
16821,74,"Forestry"
16822,74,"Forestry"
16824,74,"Forestry"
16825,74,"Forestry"
16826,74,"Forestry"
16827,74,"Forestry"
16828,74,"Forestry"
16829,74,"Forestry"
17077,74,"Forestry"
16830,74,"Forestry"
16831,74,"Forestry"
17078,74,"Forestry"
16832,74,"Forestry"
16833,74,"Forestry"
17081,74,"Forestry"
17082,74,"Forestry"
17083,74,"Forestry"
16814,74,"Forestry"
16816,74,"Forestry"
13702,74,"Forestry"
13700,74,"Forestry"
17553,74,"Forestry"
17554,74,"Forestry"
15824,74,"Forestry"
13701,74,"Forestry"
15760,74,"Forestry"
13221,74,"Forestry"
15522,74,"Forestry"
15523,74,"Forestry"
15526,74,"Forestry"
15290,74,"Forestry"
22464,74,"Forestry"
16806,74,"Forestry"
15291,74,"Forestry"
15548,74,"Forestry"
15549,74,"Forestry"
15550,74,"Forestry"
15551,74,"Forestry"
15552,74,"Forestry"
15553,74,"Forestry"
15554,74,"Forestry"
15555,74,"Forestry"
15556,74,"Forestry"
15557,74,"Forestry"
15608,74,"Forestry"
15610,74,"Forestry"
15612,74,"Forestry"
15614,74,"Forestry"
15616,74,"Forestry"
16839,74,"Forestry"
16841,74,"Forestry"
16842,74,"Forestry"
16843,74,"Forestry"
15607,74,"Forestry"
15609,74,"Forestry"
15611,74,"Forestry"
15613,74,"Forestry"
15615,74,"Forestry"
15617,74,"Forestry"
15618,74,"Forestry"
15620,74,"Forestry"
15621,74,"Forestry"
15559,74,"Forestry"
15560,74,"Forestry"
15561,74,"Forestry"
15601,74,"Forestry"
15602,74,"Forestry"
22466,74,"Forestry"
15500,74,"Forestry"
15499,74,"Forestry"
15254,74,"Forestry"
15240,74,"Forestry"
15528,74,"Forestry"
15599,74,"Forestry"
16798,74,"Forestry"
22262,74,"Forestry"
22272,74,"Forestry"
22742,74,"Forestry"
13698,74,"Forestry"
22269,74,"Forestry"
22270,74,"Forestry"
22271,74,"Forestry"
22534,74,"Forestry"
22535,74,"Forestry"
22706,74,"Forestry"
22707,74,"Forestry"
22709,74,"Forestry"
22667,74,"Forestry"
16010,74,"Forestry"
17001,74,"Forestry"
15759,74,"Forestry"
15740,74,"Forestry"
15742,74,"Forestry"
15768,74,"Forestry"
15756,74,"Forestry"
15745,74,"Forestry"
16986,74,"Forestry"
16987,74,"Forestry"
16990,74,"Forestry"
17009,74,"Forestry"
15746,74,"Forestry"
15747,74,"Forestry"
15748,74,"Forestry"
15752,74,"Forestry"
15753,74,"Forestry"
15754,74,"Forestry"
15755,74,"Forestry"
16014,74,"Forestry"
16020,74,"Forestry"
16021,74,"Forestry"
16022,74,"Forestry"
15829,74,"Forestry"
15831,74,"Forestry"
17002,74,"Forestry"
17004,74,"Forestry"
17008,74,"Forestry"
16743,74,"Forestry"
17000,74,"Forestry"
16988,74,"Forestry"
16984,74,"Forestry"
16991,74,"Forestry"
17045,74,"Forestry"
17046,74,"Forestry"
15708,74,"Forestry"
15757,74,"Forestry"
15711,74,"Forestry"
15709,74,"Forestry"
15744,74,"Forestry"
126,74,"Forestry"
99,84,"Forestry"
103,84,"Forestry"
104,84,"Forestry"
15481,84,"Forestry"
111,84,"Forestry"
112,84,"Forestry"
109,84,"Forestry"
127,84,"Forestry"
4414,84,"Forestry"
4417,84,"Forestry"
3021,84,"Forestry"
3022,84,"Forestry"
3023,84,"Forestry"
3051,84,"Forestry"
4406,84,"Forestry"
3052,84,"Forestry"
3013,84,"Forestry"
7897,84,"Forestry"
7905,84,"Forestry"
7898,84,"Forestry"
7290,84,"Forestry"
7899,84,"Forestry"
7291,84,"Forestry"
7292,84,"Forestry"
7287,84,"Forestry"
7896,84,"Forestry"
7289,84,"Forestry"
15501,84,"Forestry"
7288,84,"Forestry"
7877,84,"Forestry"
7296,84,"Forestry"
7916,84,"Forestry"
7856,84,"Forestry"
7858,84,"Forestry"
7860,84,"Forestry"
7890,84,"Forestry"
7892,84,"Forestry"
7884,84,"Forestry"
7282,84,"Forestry"
7284,84,"Forestry"
7285,84,"Forestry"
7286,84,"Forestry"
7894,84,"Forestry"
7855,84,"Forestry"
7895,84,"Forestry"
15998,84,"Forestry"
7886,84,"Forestry"
7276,84,"Forestry"
7277,84,"Forestry"
7871,84,"Forestry"
7261,84,"Forestry"
7263,84,"Forestry"
7264,84,"Forestry"
7297,84,"Forestry"
7298,84,"Forestry"
7299,84,"Forestry"
7300,84,"Forestry"
7912,84,"Forestry"
7265,84,"Forestry"
7876,84,"Forestry"
7262,84,"Forestry"
7861,84,"Forestry"
7873,84,"Forestry"
22835,84,"Forestry"
7857,84,"Forestry"
11621,84,"Forestry"
11900,84,"Forestry"
7866,84,"Forestry"
7868,84,"Forestry"
7870,84,"Forestry"
7872,84,"Forestry"
7260,84,"Forestry"
7267,84,"Forestry"
7268,84,"Forestry"
7302,84,"Forestry"
7272,84,"Forestry"
7269,84,"Forestry"
7869,84,"Forestry"
7950,84,"Forestry"
7951,84,"Forestry"
12129,84,"Forestry"
12139,84,"Forestry"
11906,84,"Forestry"
11909,84,"Forestry"
15502,84,"Forestry"
15248,84,"Forestry"
15250,84,"Forestry"
15251,84,"Forestry"
16000,84,"Forestry"
15999,84,"Forestry"
22538,84,"Forestry"
15518,84,"Forestry"
16006,84,"Forestry"
15846,84,"Forestry"
15509,84,"Forestry"
16011,84,"Forestry"
7875,84,"Forestry"
7885,84,"Forestry"
15845,84,"Forestry"
15847,84,"Forestry"
22472,84,"Forestry"
22253,84,"Forestry"
22254,84,"Forestry"
22492,84,"Forestry"
15510,84,"Forestry"
15511,84,"Forestry"
15515,84,"Forestry"
15516,84,"Forestry"
15517,84,"Forestry"
15514,84,"Forestry"
22836,84,"Forestry"
22840,84,"Forestry"
22620,84,"Forestry"
22789,84,"Forestry"
22580,84,"Forestry"
22575,84,"Forestry"
22593,84,"Forestry"
22594,84,"Forestry"
22595,84,"Forestry"
22596,84,"Forestry"
22607,84,"Forestry"
22831,84,"Forestry"
22598,84,"Forestry"
107,84,"Forestry"
15232,84,"Forestry"
15482,84,"Forestry"
15573,84,"Forestry"
16836,84,"Forestry"
7273,84,"Forestry"
7922,84,"Forestry"
7923,84,"Forestry"
7927,84,"Forestry"
7929,84,"Forestry"
7926,84,"Forestry"
7328,84,"Forestry"
2818,84,"Forestry"
2810,84,"Forestry"
2814,84,"Forestry"
2838,84,"Forestry"
7330,84,"Forestry"
2811,84,"Forestry"
7918,84,"Forestry"
7920,84,"Forestry"
7324,84,"Forestry"
7910,84,"Forestry"
7301,84,"Forestry"
7305,84,"Forestry"
7275,84,"Forestry"
7891,84,"Forestry"
16834,84,"Forestry"
16835,84,"Forestry"
7304,84,"Forestry"
7919,84,"Forestry"
7930,84,"Forestry"
4210,84,"Forestry"
4339,84,"Forestry"
2826,84,"Forestry"
2907,84,"Forestry"
2836,84,"Forestry"
2813,84,"Forestry"
3009,84,"Forestry"
3026,84,"Forestry"
2834,84,"Forestry"
3025,84,"Forestry"
3032,84,"Forestry"
2840,84,"Forestry"
2842,84,"Forestry"
2843,84,"Forestry"
2844,84,"Forestry"
2854,84,"Forestry"
2855,84,"Forestry"
2827,84,"Forestry"
4634,84,"Forestry"
4393,84,"Forestry"
4394,84,"Forestry"
3015,84,"Forestry"
3018,84,"Forestry"
3019,84,"Forestry"
4386,84,"Forestry"
3020,84,"Forestry"
4392,84,"Forestry"
4632,84,"Forestry"
4633,84,"Forestry"
3011,84,"Forestry"
3012,84,"Forestry"
4379,84,"Forestry"
3014,84,"Forestry"
3017,84,"Forestry"
4380,84,"Forestry"
4381,84,"Forestry"
4383,84,"Forestry"
4385,84,"Forestry"
4388,84,"Forestry"
4382,84,"Forestry"
4384,84,"Forestry"
4387,84,"Forestry"
4390,84,"Forestry"
2837,84,"Forestry"
2867,84,"Forestry"
4637,84,"Forestry"
4636,84,"Forestry"
4657,84,"Forestry"
7294,84,"Forestry"
7909,84,"Forestry"
7902,84,"Forestry"
2588,84,"Forestry"
2590,84,"Forestry"
91,84,"Forestry"
15237,84,"Forestry"
7036,84,"Forestry"
16740,84,"Forestry"
16746,84,"Forestry"
16750,84,"Forestry"
17022,84,"Forestry"
17012,84,"Forestry"
16748,84,"Forestry"
17013,84,"Forestry"
6811,84,"Forestry"
6812,84,"Forestry"
6813,84,"Forestry"
11809,84,"Forestry"
2877,84,"Forestry"
2903,84,"Forestry"
2879,84,"Forestry"
2901,84,"Forestry"
2909,84,"Forestry"
2911,84,"Forestry"
2908,84,"Forestry"
2910,84,"Forestry"
2915,84,"Forestry"
2912,84,"Forestry"
11622,84,"Forestry"
12076,84,"Forestry"
11902,84,"Forestry"
7867,84,"Forestry"
7363,84,"Forestry"
12082,84,"Forestry"
12083,84,"Forestry"
12077,84,"Forestry"
12078,84,"Forestry"
12085,84,"Forestry"
12089,84,"Forestry"
12110,84,"Forestry"
12079,84,"Forestry"
12084,84,"Forestry"
12086,84,"Forestry"
12075,84,"Forestry"
12090,84,"Forestry"
11847,84,"Forestry"
11848,84,"Forestry"
12108,84,"Forestry"
11891,84,"Forestry"
12109,84,"Forestry"
12111,84,"Forestry"
12112,84,"Forestry"
12113,84,"Forestry"
12115,84,"Forestry"
12116,84,"Forestry"
7253,84,"Forestry"
11840,84,"Forestry"
7848,84,"Forestry"
7332,84,"Forestry"
11845,84,"Forestry"
11592,84,"Forestry"
2868,84,"Forestry"
11810,84,"Forestry"
11591,84,"Forestry"
11837,84,"Forestry"
11839,84,"Forestry"
11838,84,"Forestry"
11842,84,"Forestry"
16784,84,"Forestry"
17063,84,"Forestry"
17056,84,"Forestry"
16786,84,"Forestry"
16807,84,"Forestry"
16787,84,"Forestry"
16788,84,"Forestry"
15253,84,"Forestry"
15255,84,"Forestry"
15252,84,"Forestry"
15520,84,"Forestry"
15493,84,"Forestry"
15494,84,"Forestry"
17048,84,"Forestry"
17051,84,"Forestry"
15835,84,"Forestry"
15836,84,"Forestry"
15837,84,"Forestry"
16790,84,"Forestry"
17053,84,"Forestry"
17054,84,"Forestry"
15993,84,"Forestry"
15994,84,"Forestry"
13704,84,"Forestry"
16803,84,"Forestry"
16804,84,"Forestry"
15992,84,"Forestry"
15838,84,"Forestry"
13735,84,"Forestry"
15997,84,"Forestry"
16794,84,"Forestry"
17058,84,"Forestry"
15839,84,"Forestry"
16047,84,"Forestry"
16048,84,"Forestry"
15840,84,"Forestry"
16038,84,"Forestry"
16041,84,"Forestry"
16763,84,"Forestry"
16771,84,"Forestry"
16764,84,"Forestry"
16770,84,"Forestry"
16773,84,"Forestry"
16775,84,"Forestry"
16772,84,"Forestry"
110,84,"Forestry"
16761,84,"Forestry"
16765,84,"Forestry"
16766,84,"Forestry"
16767,84,"Forestry"
16768,84,"Forestry"
17039,84,"Forestry"
17041,84,"Forestry"
4629,84,"Forestry"
4397,84,"Forestry"
4648,84,"Forestry"
4606,84,"Forestry"
4243,84,"Forestry"
4603,84,"Forestry"
4448,84,"Forestry"
2768,84,"Forestry"
2769,84,"Forestry"
4441,84,"Forestry"
4604,84,"Forestry"
4605,84,"Forestry"
4668,84,"Forestry"
4669,84,"Forestry"
2782,84,"Forestry"
2780,84,"Forestry"
2783,84,"Forestry"
2788,84,"Forestry"
2781,84,"Forestry"
2789,84,"Forestry"
2551,84,"Forestry"
4213,84,"Forestry"
2785,84,"Forestry"
2786,84,"Forestry"
2787,84,"Forestry"
2790,84,"Forestry"
4242,84,"Forestry"
2779,84,"Forestry"
2784,84,"Forestry"
4389,84,"Forestry"
3016,84,"Forestry"
4641,84,"Forestry"
4371,84,"Forestry"
4375,84,"Forestry"
4662,84,"Forestry"
4706,84,"Forestry"
4652,84,"Forestry"
7311,84,"Forestry"
7312,84,"Forestry"
7913,84,"Forestry"
7914,84,"Forestry"
7915,84,"Forestry"
7917,84,"Forestry"
7306,84,"Forestry"
7307,84,"Forestry"
7308,84,"Forestry"
7309,84,"Forestry"
7313,84,"Forestry"
7318,84,"Forestry"
7319,84,"Forestry"
7320,84,"Forestry"
7322,84,"Forestry"
2541,84,"Forestry"
2542,84,"Forestry"
2540,84,"Forestry"
17804,84,"Forestry"
17807,84,"Forestry"
17805,84,"Forestry"
17806,84,"Forestry"
17585,84,"Forestry"
17583,84,"Forestry"
17559,84,"Forestry"
17561,84,"Forestry"
17562,84,"Forestry"
17796,84,"Forestry"
17572,84,"Forestry"
17574,84,"Forestry"
17575,84,"Forestry"
17576,84,"Forestry"
17577,84,"Forestry"
17578,84,"Forestry"
17579,84,"Forestry"
17798,84,"Forestry"
17799,84,"Forestry"
17800,84,"Forestry"
17801,84,"Forestry"
17802,84,"Forestry"
17803,84,"Forestry"
17808,84,"Forestry"
17581,84,"Forestry"
17582,84,"Forestry"
17584,84,"Forestry"
17586,84,"Forestry"
17587,84,"Forestry"
17588,84,"Forestry"
17589,84,"Forestry"
17590,84,"Forestry"
15732,84,"Forestry"
15733,84,"Forestry"
15734,84,"Forestry"
15739,84,"Forestry"
15766,84,"Forestry"
15767,84,"Forestry"
17797,84,"Forestry"
17573,84,"Forestry"
17809,84,"Forestry"
4237,84,"Forestry"
4236,84,"Forestry"
4549,84,"Forestry"
4401,84,"Forestry"
4555,84,"Forestry"
4556,84,"Forestry"
4630,84,"Forestry"
4631,84,"Forestry"
4402,84,"Forestry"
4650,84,"Forestry"
4651,84,"Forestry"
4569,84,"Forestry"
4570,84,"Forestry"
4282,84,"Forestry"
4250,84,"Forestry"
4300,84,"Forestry"
4301,84,"Forestry"
4302,84,"Forestry"
4303,84,"Forestry"
4304,84,"Forestry"
4443,84,"Forestry"
4447,84,"Forestry"
4688,84,"Forestry"
4696,84,"Forestry"
4338,84,"Forestry"
4697,84,"Forestry"
4602,84,"Forestry"
4439,84,"Forestry"
14082,84,"Forestry"
12598,84,"Forestry"
17042,84,"Forestry"
14088,84,"Forestry"
17720,84,"Forestry"
17721,84,"Forestry"
14090,84,"Forestry"
14091,84,"Forestry"
14092,84,"Forestry"
14093,84,"Forestry"
22570,84,"Forestry"
22574,84,"Forestry"
16744,84,"Forestry"
17043,84,"Forestry"
16819,84,"Forestry"
15741,84,"Forestry"
15769,84,"Forestry"
15770,84,"Forestry"
17047,84,"Forestry"
15776,84,"Forestry"
15781,84,"Forestry"
16027,84,"Forestry"
16741,84,"Forestry"
16742,84,"Forestry"
16745,84,"Forestry"
16994,84,"Forestry"
16995,84,"Forestry"
16996,84,"Forestry"
16997,84,"Forestry"
17010,84,"Forestry"
16747,84,"Forestry"
16751,84,"Forestry"
16752,84,"Forestry"
17015,84,"Forestry"
17016,84,"Forestry"
17017,84,"Forestry"
17018,84,"Forestry"
17019,84,"Forestry"
17020,84,"Forestry"
17021,84,"Forestry"
16739,84,"Forestry"
15785,84,"Forestry"
15786,84,"Forestry"
15822,84,"Forestry"
15833,84,"Forestry"
15834,84,"Forestry"
15567,84,"Forestry"
15568,84,"Forestry"
15569,84,"Forestry"
15823,84,"Forestry"
16998,84,"Forestry"
16999,84,"Forestry"
17011,84,"Forestry"
15778,84,"Forestry"
15787,84,"Forestry"
15793,84,"Forestry"
15805,84,"Forestry"
15799,84,"Forestry"
15800,84,"Forestry"
15808,84,"Forestry"
15809,84,"Forestry"
15810,84,"Forestry"
15812,84,"Forestry"
15565,84,"Forestry"
15761,84,"Forestry"
15762,84,"Forestry"
13220,84,"Forestry"
17072,84,"Forestry"
17076,84,"Forestry"
17079,84,"Forestry"
15235,84,"Forestry"
15472,84,"Forestry"
15478,84,"Forestry"
15473,84,"Forestry"
15574,84,"Forestry"
17080,84,"Forestry"
15233,84,"Forestry"
15234,84,"Forestry"
15479,84,"Forestry"
15474,84,"Forestry"
15475,84,"Forestry"
15476,84,"Forestry"
15485,84,"Forestry"
15242,84,"Forestry"
15246,84,"Forestry"
15247,84,"Forestry"
15259,84,"Forestry"
17075,84,"Forestry"
15477,84,"Forestry"
15241,84,"Forestry"
15243,84,"Forestry"
15244,84,"Forestry"
15576,84,"Forestry"
15284,84,"Forestry"
17065,84,"Forestry"
17067,84,"Forestry"
17069,84,"Forestry"
16812,84,"Forestry"
16815,84,"Forestry"
16837,84,"Forestry"
15236,84,"Forestry"
15480,84,"Forestry"
16811,84,"Forestry"
15245,84,"Forestry"
15239,84,"Forestry"
15238,84,"Forestry"
15483,84,"Forestry"
17064,84,"Forestry"
16838,84,"Forestry"
15572,84,"Forestry"
16774,84,"Forestry"
16776,84,"Forestry"
16778,84,"Forestry"
16779,84,"Forestry"
17035,84,"Forestry"
17036,84,"Forestry"
17037,84,"Forestry"
17038,84,"Forestry"
17070,84,"Forestry"
17071,84,"Forestry"
17073,84,"Forestry"
17074,84,"Forestry"
16809,84,"Forestry"
16817,84,"Forestry"
16818,84,"Forestry"
16820,84,"Forestry"
16821,84,"Forestry"
16822,84,"Forestry"
16824,84,"Forestry"
16825,84,"Forestry"
16826,84,"Forestry"
16827,84,"Forestry"
16828,84,"Forestry"
16829,84,"Forestry"
17077,84,"Forestry"
16830,84,"Forestry"
16831,84,"Forestry"
17078,84,"Forestry"
16832,84,"Forestry"
16833,84,"Forestry"
17081,84,"Forestry"
17082,84,"Forestry"
17083,84,"Forestry"
16814,84,"Forestry"
16816,84,"Forestry"
13702,84,"Forestry"
13700,84,"Forestry"
17553,84,"Forestry"
17554,84,"Forestry"
15824,84,"Forestry"
13701,84,"Forestry"
15760,84,"Forestry"
13221,84,"Forestry"
15522,84,"Forestry"
15523,84,"Forestry"
15526,84,"Forestry"
15290,84,"Forestry"
22464,84,"Forestry"
16806,84,"Forestry"
15291,84,"Forestry"
15548,84,"Forestry"
15549,84,"Forestry"
15550,84,"Forestry"
15551,84,"Forestry"
15552,84,"Forestry"
15553,84,"Forestry"
15554,84,"Forestry"
15555,84,"Forestry"
15556,84,"Forestry"
15557,84,"Forestry"
15608,84,"Forestry"
15610,84,"Forestry"
15612,84,"Forestry"
15614,84,"Forestry"
15616,84,"Forestry"
16839,84,"Forestry"
16841,84,"Forestry"
16842,84,"Forestry"
16843,84,"Forestry"
15607,84,"Forestry"
15609,84,"Forestry"
15611,84,"Forestry"
15613,84,"Forestry"
15615,84,"Forestry"
15617,84,"Forestry"
15618,84,"Forestry"
15620,84,"Forestry"
15621,84,"Forestry"
15559,84,"Forestry"
15560,84,"Forestry"
15561,84,"Forestry"
15601,84,"Forestry"
15602,84,"Forestry"
22466,84,"Forestry"
15500,84,"Forestry"
15499,84,"Forestry"
15254,84,"Forestry"
15240,84,"Forestry"
15528,84,"Forestry"
15599,84,"Forestry"
16798,84,"Forestry"
22262,84,"Forestry"
22272,84,"Forestry"
22742,84,"Forestry"
13698,84,"Forestry"
22269,84,"Forestry"
22270,84,"Forestry"
22271,84,"Forestry"
22534,84,"Forestry"
22535,84,"Forestry"
22706,84,"Forestry"
22707,84,"Forestry"
22709,84,"Forestry"
22667,84,"Forestry"
16010,84,"Forestry"
17001,84,"Forestry"
15759,84,"Forestry"
15740,84,"Forestry"
15742,84,"Forestry"
15768,84,"Forestry"
15756,84,"Forestry"
15745,84,"Forestry"
16986,84,"Forestry"
16987,84,"Forestry"
16990,84,"Forestry"
17009,84,"Forestry"
15746,84,"Forestry"
15747,84,"Forestry"
15748,84,"Forestry"
15752,84,"Forestry"
15753,84,"Forestry"
15754,84,"Forestry"
15755,84,"Forestry"
16014,84,"Forestry"
16020,84,"Forestry"
16021,84,"Forestry"
16022,84,"Forestry"
15829,84,"Forestry"
15831,84,"Forestry"
17002,84,"Forestry"
17004,84,"Forestry"
17008,84,"Forestry"
16743,84,"Forestry"
17000,84,"Forestry"
16988,84,"Forestry"
16984,84,"Forestry"
16991,84,"Forestry"
17045,84,"Forestry"
17046,84,"Forestry"
15708,84,"Forestry"
15757,84,"Forestry"
15711,84,"Forestry"
15709,84,"Forestry"
15744,84,"Forestry"
126,84,"Forestry"
3022,83,"Dairy"
3013,83,"Dairy"
4659,83,"Dairy"
4660,83,"Dairy"
4410,83,"Dairy"
3024,83,"Dairy"
3050,83,"Dairy"
3012,83,"Dairy"
3015,83,"Dairy"
3016,83,"Dairy"
3019,83,"Dairy"
3020,83,"Dairy"
4634,83,"Dairy"
2823,83,"Dairy"
2827,83,"Dairy"
2539,83,"Dairy"
3028,83,"Dairy"
3010,83,"Dairy"
2607,83,"Dairy"
2610,83,"Dairy"
2799,83,"Dairy"
2538,83,"Dairy"
3022,82,"Beef"
3013,82,"Beef"
4659,82,"Beef"
4660,82,"Beef"
4410,82,"Beef"
3024,82,"Beef"
3050,82,"Beef"
3012,82,"Beef"
3015,82,"Beef"
3016,82,"Beef"
3019,82,"Beef"
3020,82,"Beef"
4634,82,"Beef"
2827,82,"Beef"
2539,82,"Beef"
3028,82,"Beef"
3010,82,"Beef"
2607,82,"Beef"
2610,82,"Beef"
2799,82,"Beef"
2538,82,"Beef"
3022,66,"Beef"
3013,66,"Beef"
4659,66,"Beef"
4660,66,"Beef"
4410,66,"Beef"
3024,66,"Beef"
3050,66,"Beef"
3012,66,"Beef"
3015,66,"Beef"
3016,66,"Beef"
3019,66,"Beef"
3020,66,"Beef"
4634,66,"Beef"
2827,66,"Beef"
2539,66,"Beef"
3028,66,"Beef"
3010,66,"Beef"
2607,66,"Beef"
2610,66,"Beef"
2799,66,"Beef"
2538,66,"Beef"
3022,65,"Beef"
3013,65,"Beef"
4659,65,"Beef"
4660,65,"Beef"
4410,65,"Beef"
3024,65,"Beef"
3050,65,"Beef"
3012,65,"Beef"
3015,65,"Beef"
3016,65,"Beef"
3019,65,"Beef"
3020,65,"Beef"
4634,65,"Beef"
2827,65,"Beef"
2539,65,"Beef"
3028,65,"Beef"
3010,65,"Beef"
2607,65,"Beef"
2610,65,"Beef"
2799,65,"Beef"
2538,65,"Beef"
101,66,"Sheepmeat"
103,66,"Sheepmeat"
99,66,"Sheepmeat"
15481,66,"Sheepmeat"
104,66,"Sheepmeat"
107,66,"Sheepmeat"
105,66,"Sheepmeat"
109,66,"Sheepmeat"
106,66,"Sheepmeat"
111,66,"Sheepmeat"
127,66,"Sheepmeat"
16764,66,"Sheepmeat"
16771,66,"Sheepmeat"
112,66,"Sheepmeat"
126,66,"Sheepmeat"
16763,66,"Sheepmeat"
4412,66,"Sheepmeat"
4417,66,"Sheepmeat"
4655,66,"Sheepmeat"
3044,66,"Sheepmeat"
4653,66,"Sheepmeat"
2977,66,"Sheepmeat"
4403,66,"Sheepmeat"
4404,66,"Sheepmeat"
4392,66,"Sheepmeat"
4393,66,"Sheepmeat"
4394,66,"Sheepmeat"
4405,66,"Sheepmeat"
3048,66,"Sheepmeat"
4406,66,"Sheepmeat"
4407,66,"Sheepmeat"
4657,66,"Sheepmeat"
4658,66,"Sheepmeat"
3052,66,"Sheepmeat"
4659,66,"Sheepmeat"
4660,66,"Sheepmeat"
4410,66,"Sheepmeat"
4411,66,"Sheepmeat"
3053,66,"Sheepmeat"
3054,66,"Sheepmeat"
4418,66,"Sheepmeat"
4419,66,"Sheepmeat"
4423,66,"Sheepmeat"
2998,66,"Sheepmeat"
4414,66,"Sheepmeat"
4664,66,"Sheepmeat"
4413,66,"Sheepmeat"
4415,66,"Sheepmeat"
4662,66,"Sheepmeat"
3024,66,"Sheepmeat"
3050,66,"Sheepmeat"
3013,66,"Sheepmeat"
3049,66,"Sheepmeat"
3022,66,"Sheepmeat"
3051,66,"Sheepmeat"
2993,66,"Sheepmeat"
4667,66,"Sheepmeat"
4424,66,"Sheepmeat"
3003,66,"Sheepmeat"
7897,66,"Sheepmeat"
7899,66,"Sheepmeat"
15237,66,"Sheepmeat"
15483,66,"Sheepmeat"
7905,66,"Sheepmeat"
7288,66,"Sheepmeat"
7898,66,"Sheepmeat"
7290,66,"Sheepmeat"
7291,66,"Sheepmeat"
7292,66,"Sheepmeat"
7909,66,"Sheepmeat"
7877,66,"Sheepmeat"
7289,66,"Sheepmeat"
7896,66,"Sheepmeat"
7287,66,"Sheepmeat"
15501,66,"Sheepmeat"
7876,66,"Sheepmeat"
15238,66,"Sheepmeat"
15499,66,"Sheepmeat"
15500,66,"Sheepmeat"
15502,66,"Sheepmeat"
15503,66,"Sheepmeat"
4656,66,"Sheepmeat"
4420,66,"Sheepmeat"
4665,66,"Sheepmeat"
7886,66,"Sheepmeat"
7276,66,"Sheepmeat"
7277,66,"Sheepmeat"
15249,66,"Sheepmeat"
7296,66,"Sheepmeat"
7297,66,"Sheepmeat"
7298,66,"Sheepmeat"
7910,66,"Sheepmeat"
7912,66,"Sheepmeat"
7263,66,"Sheepmeat"
7911,66,"Sheepmeat"
7300,66,"Sheepmeat"
7858,66,"Sheepmeat"
7881,66,"Sheepmeat"
7888,66,"Sheepmeat"
7890,66,"Sheepmeat"
7283,66,"Sheepmeat"
7892,66,"Sheepmeat"
7281,66,"Sheepmeat"
7282,66,"Sheepmeat"
7894,66,"Sheepmeat"
7285,66,"Sheepmeat"
7286,66,"Sheepmeat"
7856,66,"Sheepmeat"
7893,66,"Sheepmeat"
7895,66,"Sheepmeat"
15998,66,"Sheepmeat"
7884,66,"Sheepmeat"
7284,66,"Sheepmeat"
15999,66,"Sheepmeat"
16000,66,"Sheepmeat"
16001,66,"Sheepmeat"
16004,66,"Sheepmeat"
7891,66,"Sheepmeat"
7261,66,"Sheepmeat"
7264,66,"Sheepmeat"
7265,66,"Sheepmeat"
11621,66,"Sheepmeat"
22835,66,"Sheepmeat"
7853,66,"Sheepmeat"
7859,66,"Sheepmeat"
7860,66,"Sheepmeat"
7861,66,"Sheepmeat"
7356,66,"Sheepmeat"
11901,66,"Sheepmeat"
7862,66,"Sheepmeat"
7863,66,"Sheepmeat"
7864,66,"Sheepmeat"
7867,66,"Sheepmeat"
7274,66,"Sheepmeat"
7880,66,"Sheepmeat"
7889,66,"Sheepmeat"
12131,66,"Sheepmeat"
12135,66,"Sheepmeat"
7357,66,"Sheepmeat"
7363,66,"Sheepmeat"
12132,66,"Sheepmeat"
11903,66,"Sheepmeat"
15248,66,"Sheepmeat"
15250,66,"Sheepmeat"
15251,66,"Sheepmeat"
15504,66,"Sheepmeat"
15507,66,"Sheepmeat"
15508,66,"Sheepmeat"
15514,66,"Sheepmeat"
15515,66,"Sheepmeat"
15518,66,"Sheepmeat"
15519,66,"Sheepmeat"
15252,66,"Sheepmeat"
15253,66,"Sheepmeat"
7260,66,"Sheepmeat"
7871,66,"Sheepmeat"
7267,66,"Sheepmeat"
7272,66,"Sheepmeat"
7885,66,"Sheepmeat"
16006,66,"Sheepmeat"
15845,66,"Sheepmeat"
15846,66,"Sheepmeat"
7857,66,"Sheepmeat"
22543,66,"Sheepmeat"
22544,66,"Sheepmeat"
22545,66,"Sheepmeat"
7854,66,"Sheepmeat"
7855,66,"Sheepmeat"
7868,66,"Sheepmeat"
7269,66,"Sheepmeat"
7270,66,"Sheepmeat"
7866,66,"Sheepmeat"
7869,66,"Sheepmeat"
7259,66,"Sheepmeat"
7302,66,"Sheepmeat"
7918,66,"Sheepmeat"
7852,66,"Sheepmeat"
7870,66,"Sheepmeat"
7873,66,"Sheepmeat"
7268,66,"Sheepmeat"
7872,66,"Sheepmeat"
7874,66,"Sheepmeat"
7875,66,"Sheepmeat"
7301,66,"Sheepmeat"
7273,66,"Sheepmeat"
7275,66,"Sheepmeat"
7358,66,"Sheepmeat"
7361,66,"Sheepmeat"
11902,66,"Sheepmeat"
16003,66,"Sheepmeat"
15509,66,"Sheepmeat"
16011,66,"Sheepmeat"
16007,66,"Sheepmeat"
22279,66,"Sheepmeat"
16010,66,"Sheepmeat"
15826,66,"Sheepmeat"
15827,66,"Sheepmeat"
16012,66,"Sheepmeat"
15510,66,"Sheepmeat"
15516,66,"Sheepmeat"
15517,66,"Sheepmeat"
7878,66,"Sheepmeat"
7266,66,"Sheepmeat"
16002,66,"Sheepmeat"
16005,66,"Sheepmeat"
22536,66,"Sheepmeat"
22537,66,"Sheepmeat"
22280,66,"Sheepmeat"
22281,66,"Sheepmeat"
22709,66,"Sheepmeat"
22828,66,"Sheepmeat"
22829,66,"Sheepmeat"
22585,66,"Sheepmeat"
22586,66,"Sheepmeat"
22589,66,"Sheepmeat"
22590,66,"Sheepmeat"
22827,66,"Sheepmeat"
22830,66,"Sheepmeat"
22601,66,"Sheepmeat"
22602,66,"Sheepmeat"
22603,66,"Sheepmeat"
22609,66,"Sheepmeat"
22610,66,"Sheepmeat"
22710,66,"Sheepmeat"
22711,66,"Sheepmeat"
22712,66,"Sheepmeat"
22611,66,"Sheepmeat"
22612,66,"Sheepmeat"
22614,66,"Sheepmeat"
22613,66,"Sheepmeat"
22538,66,"Sheepmeat"
22539,66,"Sheepmeat"
22733,66,"Sheepmeat"
22734,66,"Sheepmeat"
22735,66,"Sheepmeat"
22717,66,"Sheepmeat"
22718,66,"Sheepmeat"
22719,66,"Sheepmeat"
22720,66,"Sheepmeat"
22721,66,"Sheepmeat"
22722,66,"Sheepmeat"
22723,66,"Sheepmeat"
22724,66,"Sheepmeat"
22725,66,"Sheepmeat"
22726,66,"Sheepmeat"
22727,66,"Sheepmeat"
22730,66,"Sheepmeat"
22731,66,"Sheepmeat"
22732,66,"Sheepmeat"
11874,66,"Sheepmeat"
22836,66,"Sheepmeat"
22575,66,"Sheepmeat"
16008,66,"Sheepmeat"
16009,66,"Sheepmeat"
22495,66,"Sheepmeat"
22534,66,"Sheepmeat"
22535,66,"Sheepmeat"
22540,66,"Sheepmeat"
22729,66,"Sheepmeat"
22285,66,"Sheepmeat"
22286,66,"Sheepmeat"
22736,66,"Sheepmeat"
22737,66,"Sheepmeat"
22284,66,"Sheepmeat"
22701,66,"Sheepmeat"
22802,66,"Sheepmeat"
22803,66,"Sheepmeat"
22567,66,"Sheepmeat"
22789,66,"Sheepmeat"
22796,66,"Sheepmeat"
22807,66,"Sheepmeat"
22574,66,"Sheepmeat"
22578,66,"Sheepmeat"
22579,66,"Sheepmeat"
22580,66,"Sheepmeat"
22566,66,"Sheepmeat"
22790,66,"Sheepmeat"
22791,66,"Sheepmeat"
22792,66,"Sheepmeat"
22793,66,"Sheepmeat"
22794,66,"Sheepmeat"
22795,66,"Sheepmeat"
22797,66,"Sheepmeat"
22798,66,"Sheepmeat"
22799,66,"Sheepmeat"
22800,66,"Sheepmeat"
22801,66,"Sheepmeat"
22804,66,"Sheepmeat"
22805,66,"Sheepmeat"
22568,66,"Sheepmeat"
22581,66,"Sheepmeat"
22582,66,"Sheepmeat"
22583,66,"Sheepmeat"
22584,66,"Sheepmeat"
14082,66,"Sheepmeat"
14087,66,"Sheepmeat"
14193,66,"Sheepmeat"
17721,66,"Sheepmeat"
17722,66,"Sheepmeat"
17723,66,"Sheepmeat"
12375,66,"Sheepmeat"
12376,66,"Sheepmeat"
17818,66,"Sheepmeat"
22576,66,"Sheepmeat"
22620,66,"Sheepmeat"
22840,66,"Sheepmeat"
22594,66,"Sheepmeat"
22595,66,"Sheepmeat"
22598,66,"Sheepmeat"
22599,66,"Sheepmeat"
22570,66,"Sheepmeat"
22577,66,"Sheepmeat"
22607,66,"Sheepmeat"
22831,66,"Sheepmeat"
22593,66,"Sheepmeat"
22741,66,"Sheepmeat"
14095,66,"Sheepmeat"
14096,66,"Sheepmeat"
22748,66,"Sheepmeat"
22746,66,"Sheepmeat"
22747,66,"Sheepmeat"
22561,66,"Sheepmeat"
22559,66,"Sheepmeat"
22560,66,"Sheepmeat"
22742,66,"Sheepmeat"
22705,66,"Sheepmeat"
22668,66,"Sheepmeat"
22670,66,"Sheepmeat"
22750,66,"Sheepmeat"
22753,66,"Sheepmeat"
22558,66,"Sheepmeat"
22760,66,"Sheepmeat"
22761,66,"Sheepmeat"
22762,66,"Sheepmeat"
22763,66,"Sheepmeat"
22822,66,"Sheepmeat"
22751,66,"Sheepmeat"
22752,66,"Sheepmeat"
22755,66,"Sheepmeat"
22756,66,"Sheepmeat"
22757,66,"Sheepmeat"
22758,66,"Sheepmeat"
22759,66,"Sheepmeat"
22764,66,"Sheepmeat"
22765,66,"Sheepmeat"
22766,66,"Sheepmeat"
22767,66,"Sheepmeat"
22769,66,"Sheepmeat"
22787,66,"Sheepmeat"
22557,66,"Sheepmeat"
22600,66,"Sheepmeat"
22817,66,"Sheepmeat"
22819,66,"Sheepmeat"
22820,66,"Sheepmeat"
22823,66,"Sheepmeat"
22824,66,"Sheepmeat"
22553,66,"Sheepmeat"
22554,66,"Sheepmeat"
22555,66,"Sheepmeat"
22563,66,"Sheepmeat"
22588,66,"Sheepmeat"
22597,66,"Sheepmeat"
22825,66,"Sheepmeat"
22821,66,"Sheepmeat"
108,66,"Sheepmeat"
110,66,"Sheepmeat"
16770,66,"Sheepmeat"
7882,66,"Sheepmeat"
7883,66,"Sheepmeat"
7278,66,"Sheepmeat"
7279,66,"Sheepmeat"
7280,66,"Sheepmeat"
7887,66,"Sheepmeat"
7254,66,"Sheepmeat"
7255,66,"Sheepmeat"
7926,66,"Sheepmeat"
7922,66,"Sheepmeat"
7923,66,"Sheepmeat"
7924,66,"Sheepmeat"
7925,66,"Sheepmeat"
7927,66,"Sheepmeat"
7928,66,"Sheepmeat"
7929,66,"Sheepmeat"
7930,66,"Sheepmeat"
7311,66,"Sheepmeat"
7920,66,"Sheepmeat"
7312,66,"Sheepmeat"
7323,66,"Sheepmeat"
7324,66,"Sheepmeat"
7328,66,"Sheepmeat"
7330,66,"Sheepmeat"
7325,66,"Sheepmeat"
7326,66,"Sheepmeat"
7329,66,"Sheepmeat"
7252,66,"Sheepmeat"
2810,66,"Sheepmeat"
2809,66,"Sheepmeat"
2813,66,"Sheepmeat"
2815,66,"Sheepmeat"
7251,66,"Sheepmeat"
2814,66,"Sheepmeat"
2838,66,"Sheepmeat"
2811,66,"Sheepmeat"
2844,66,"Sheepmeat"
2845,66,"Sheepmeat"
2846,66,"Sheepmeat"
2849,66,"Sheepmeat"
2852,66,"Sheepmeat"
2853,66,"Sheepmeat"
2854,66,"Sheepmeat"
2855,66,"Sheepmeat"
2856,66,"Sheepmeat"
2857,66,"Sheepmeat"
2858,66,"Sheepmeat"
2859,66,"Sheepmeat"
2860,66,"Sheepmeat"
2861,66,"Sheepmeat"
3034,66,"Sheepmeat"
3035,66,"Sheepmeat"
3039,66,"Sheepmeat"
3040,66,"Sheepmeat"
3041,66,"Sheepmeat"
3009,66,"Sheepmeat"
2812,66,"Sheepmeat"
16773,66,"Sheepmeat"
16774,66,"Sheepmeat"
16775,66,"Sheepmeat"
17076,66,"Sheepmeat"
16833,66,"Sheepmeat"
16834,66,"Sheepmeat"
17083,66,"Sheepmeat"
16835,66,"Sheepmeat"
16836,66,"Sheepmeat"
15232,66,"Sheepmeat"
15472,66,"Sheepmeat"
15573,66,"Sheepmeat"
7304,66,"Sheepmeat"
7303,66,"Sheepmeat"
7257,66,"Sheepmeat"
7258,66,"Sheepmeat"
7851,66,"Sheepmeat"
7865,66,"Sheepmeat"
7271,66,"Sheepmeat"
7919,66,"Sheepmeat"
7327,66,"Sheepmeat"
2805,66,"Sheepmeat"
2806,66,"Sheepmeat"
2807,66,"Sheepmeat"
2808,66,"Sheepmeat"
7947,66,"Sheepmeat"
12082,66,"Sheepmeat"
11904,66,"Sheepmeat"
2816,66,"Sheepmeat"
2817,66,"Sheepmeat"
2818,66,"Sheepmeat"
2819,66,"Sheepmeat"
2821,66,"Sheepmeat"
2822,66,"Sheepmeat"
2588,66,"Sheepmeat"
2590,66,"Sheepmeat"
2592,66,"Sheepmeat"
2593,66,"Sheepmeat"
2591,66,"Sheepmeat"
7906,66,"Sheepmeat"
2595,66,"Sheepmeat"
2596,66,"Sheepmeat"
2556,66,"Sheepmeat"
2557,66,"Sheepmeat"
2562,66,"Sheepmeat"
2575,66,"Sheepmeat"
2577,66,"Sheepmeat"
2585,66,"Sheepmeat"
2586,66,"Sheepmeat"
2587,66,"Sheepmeat"
2589,66,"Sheepmeat"
4210,66,"Sheepmeat"
2597,66,"Sheepmeat"
2598,66,"Sheepmeat"
2611,66,"Sheepmeat"
2600,66,"Sheepmeat"
2612,66,"Sheepmeat"
2731,66,"Sheepmeat"
2765,66,"Sheepmeat"
4216,66,"Sheepmeat"
4339,66,"Sheepmeat"
4340,66,"Sheepmeat"
4351,66,"Sheepmeat"
4616,66,"Sheepmeat"
4617,66,"Sheepmeat"
4618,66,"Sheepmeat"
4357,66,"Sheepmeat"
7907,66,"Sheepmeat"
2825,66,"Sheepmeat"
3011,66,"Sheepmeat"
3012,66,"Sheepmeat"
2573,66,"Sheepmeat"
7908,66,"Sheepmeat"
4634,66,"Sheepmeat"
2827,66,"Sheepmeat"
4635,66,"Sheepmeat"
4636,66,"Sheepmeat"
4637,66,"Sheepmeat"
4638,66,"Sheepmeat"
4639,66,"Sheepmeat"
4640,66,"Sheepmeat"
2826,66,"Sheepmeat"
2824,66,"Sheepmeat"
2907,66,"Sheepmeat"
3017,66,"Sheepmeat"
4380,66,"Sheepmeat"
4381,66,"Sheepmeat"
2831,66,"Sheepmeat"
2832,66,"Sheepmeat"
2833,66,"Sheepmeat"
2835,66,"Sheepmeat"
2834,66,"Sheepmeat"
4707,66,"Sheepmeat"
3032,66,"Sheepmeat"
4708,66,"Sheepmeat"
4709,66,"Sheepmeat"
3008,66,"Sheepmeat"
3027,66,"Sheepmeat"
3028,66,"Sheepmeat"
3010,66,"Sheepmeat"
2539,66,"Sheepmeat"
3029,66,"Sheepmeat"
3025,66,"Sheepmeat"
2829,66,"Sheepmeat"
2830,66,"Sheepmeat"
2828,66,"Sheepmeat"
2836,66,"Sheepmeat"
2876,66,"Sheepmeat"
2839,66,"Sheepmeat"
2862,66,"Sheepmeat"
2863,66,"Sheepmeat"
2864,66,"Sheepmeat"
2865,66,"Sheepmeat"
2866,66,"Sheepmeat"
2837,66,"Sheepmeat"
2841,66,"Sheepmeat"
3033,66,"Sheepmeat"
3036,66,"Sheepmeat"
2906,66,"Sheepmeat"
2905,66,"Sheepmeat"
2607,66,"Sheepmeat"
2610,66,"Sheepmeat"
4386,66,"Sheepmeat"
2842,66,"Sheepmeat"
3042,66,"Sheepmeat"
7253,66,"Sheepmeat"
2867,66,"Sheepmeat"
2875,66,"Sheepmeat"
4387,66,"Sheepmeat"
4388,66,"Sheepmeat"
91,66,"Sheepmeat"
7294,66,"Sheepmeat"
7902,66,"Sheepmeat"
7295,66,"Sheepmeat"
7900,66,"Sheepmeat"
7903,66,"Sheepmeat"
7036,66,"Sheepmeat"
17012,66,"Sheepmeat"
2868,66,"Sheepmeat"
2874,66,"Sheepmeat"
11809,66,"Sheepmeat"
2869,66,"Sheepmeat"
2877,66,"Sheepmeat"
2872,66,"Sheepmeat"
2882,66,"Sheepmeat"
2873,66,"Sheepmeat"
2878,66,"Sheepmeat"
2901,66,"Sheepmeat"
2903,66,"Sheepmeat"
2879,66,"Sheepmeat"
2881,66,"Sheepmeat"
2912,66,"Sheepmeat"
2915,66,"Sheepmeat"
2909,66,"Sheepmeat"
2911,66,"Sheepmeat"
2908,66,"Sheepmeat"
2910,66,"Sheepmeat"
11622,66,"Sheepmeat"
12075,66,"Sheepmeat"
12084,66,"Sheepmeat"
12088,66,"Sheepmeat"
12089,66,"Sheepmeat"
12077,66,"Sheepmeat"
12076,66,"Sheepmeat"
12085,66,"Sheepmeat"
12090,66,"Sheepmeat"
12086,66,"Sheepmeat"
11848,66,"Sheepmeat"
11849,66,"Sheepmeat"
12108,66,"Sheepmeat"
12109,66,"Sheepmeat"
12110,66,"Sheepmeat"
11891,66,"Sheepmeat"
12116,66,"Sheepmeat"
11890,66,"Sheepmeat"
11847,66,"Sheepmeat"
12078,66,"Sheepmeat"
12079,66,"Sheepmeat"
12080,66,"Sheepmeat"
12081,66,"Sheepmeat"
12083,66,"Sheepmeat"
12111,66,"Sheepmeat"
12113,66,"Sheepmeat"
12114,66,"Sheepmeat"
7948,66,"Sheepmeat"
7952,66,"Sheepmeat"
12136,66,"Sheepmeat"
11905,66,"Sheepmeat"
11810,66,"Sheepmeat"
11591,66,"Sheepmeat"
11818,66,"Sheepmeat"
11839,66,"Sheepmeat"
11587,66,"Sheepmeat"
11811,66,"Sheepmeat"
11812,66,"Sheepmeat"
7848,66,"Sheepmeat"
11840,66,"Sheepmeat"
7847,66,"Sheepmeat"
7849,66,"Sheepmeat"
7850,66,"Sheepmeat"
11841,66,"Sheepmeat"
11842,66,"Sheepmeat"
11843,66,"Sheepmeat"
7332,66,"Sheepmeat"
11846,66,"Sheepmeat"
7333,66,"Sheepmeat"
7334,66,"Sheepmeat"
7335,66,"Sheepmeat"
7336,66,"Sheepmeat"
7337,66,"Sheepmeat"
7338,66,"Sheepmeat"
7339,66,"Sheepmeat"
7341,66,"Sheepmeat"
7343,66,"Sheepmeat"
7340,66,"Sheepmeat"
7344,66,"Sheepmeat"
7349,66,"Sheepmeat"
7355,66,"Sheepmeat"
7346,66,"Sheepmeat"
7348,66,"Sheepmeat"
7354,66,"Sheepmeat"
12122,66,"Sheepmeat"
12125,66,"Sheepmeat"
7933,66,"Sheepmeat"
7935,66,"Sheepmeat"
7934,66,"Sheepmeat"
12124,66,"Sheepmeat"
11899,66,"Sheepmeat"
7939,66,"Sheepmeat"
12123,66,"Sheepmeat"
12128,66,"Sheepmeat"
11588,66,"Sheepmeat"
11589,66,"Sheepmeat"
11590,66,"Sheepmeat"
11592,66,"Sheepmeat"
11593,66,"Sheepmeat"
11596,66,"Sheepmeat"
11597,66,"Sheepmeat"
11813,66,"Sheepmeat"
11814,66,"Sheepmeat"
11815,66,"Sheepmeat"
11816,66,"Sheepmeat"
11817,66,"Sheepmeat"
7351,66,"Sheepmeat"
7353,66,"Sheepmeat"
7938,66,"Sheepmeat"
7940,66,"Sheepmeat"
7941,66,"Sheepmeat"
7942,66,"Sheepmeat"
7943,66,"Sheepmeat"
7951,66,"Sheepmeat"
7954,66,"Sheepmeat"
7955,66,"Sheepmeat"
7350,66,"Sheepmeat"
7352,66,"Sheepmeat"
12126,66,"Sheepmeat"
12129,66,"Sheepmeat"
11896,66,"Sheepmeat"
11897,66,"Sheepmeat"
12139,66,"Sheepmeat"
11906,66,"Sheepmeat"
11907,66,"Sheepmeat"
11908,66,"Sheepmeat"
11909,66,"Sheepmeat"
11898,66,"Sheepmeat"
11606,66,"Sheepmeat"
11837,66,"Sheepmeat"
11838,66,"Sheepmeat"
11845,66,"Sheepmeat"
12133,66,"Sheepmeat"
2820,66,"Sheepmeat"
2902,66,"Sheepmeat"
2904,66,"Sheepmeat"
2913,66,"Sheepmeat"
7331,66,"Sheepmeat"
7946,66,"Sheepmeat"
7359,66,"Sheepmeat"
16740,66,"Sheepmeat"
16784,66,"Sheepmeat"
17056,66,"Sheepmeat"
17063,66,"Sheepmeat"
16786,66,"Sheepmeat"
15255,66,"Sheepmeat"
15520,66,"Sheepmeat"
17048,66,"Sheepmeat"
15835,66,"Sheepmeat"
15822,66,"Sheepmeat"
15837,66,"Sheepmeat"
17051,66,"Sheepmeat"
15992,66,"Sheepmeat"
15993,66,"Sheepmeat"
17560,66,"Sheepmeat"
15824,66,"Sheepmeat"
15568,66,"Sheepmeat"
15823,66,"Sheepmeat"
15991,66,"Sheepmeat"
17053,66,"Sheepmeat"
16791,66,"Sheepmeat"
16795,66,"Sheepmeat"
16792,66,"Sheepmeat"
16793,66,"Sheepmeat"
17060,66,"Sheepmeat"
17061,66,"Sheepmeat"
17062,66,"Sheepmeat"
16801,66,"Sheepmeat"
16794,66,"Sheepmeat"
15839,66,"Sheepmeat"
15840,66,"Sheepmeat"
15841,66,"Sheepmeat"
15842,66,"Sheepmeat"
15843,66,"Sheepmeat"
15844,66,"Sheepmeat"
16029,66,"Sheepmeat"
16034,66,"Sheepmeat"
16035,66,"Sheepmeat"
16036,66,"Sheepmeat"
16038,66,"Sheepmeat"
16041,66,"Sheepmeat"
16048,66,"Sheepmeat"
16028,66,"Sheepmeat"
16030,66,"Sheepmeat"
16031,66,"Sheepmeat"
15997,66,"Sheepmeat"
15838,66,"Sheepmeat"
16032,66,"Sheepmeat"
13704,66,"Sheepmeat"
15994,66,"Sheepmeat"
15995,66,"Sheepmeat"
15996,66,"Sheepmeat"
16044,66,"Sheepmeat"
17058,66,"Sheepmeat"
16790,66,"Sheepmeat"
17049,66,"Sheepmeat"
17054,66,"Sheepmeat"
17055,66,"Sheepmeat"
16802,66,"Sheepmeat"
15562,66,"Sheepmeat"
15523,66,"Sheepmeat"
15526,66,"Sheepmeat"
16787,66,"Sheepmeat"
16788,66,"Sheepmeat"
16789,66,"Sheepmeat"
17057,66,"Sheepmeat"
16803,66,"Sheepmeat"
16804,66,"Sheepmeat"
16805,66,"Sheepmeat"
16806,66,"Sheepmeat"
16807,66,"Sheepmeat"
16808,66,"Sheepmeat"
17050,66,"Sheepmeat"
15836,66,"Sheepmeat"
16033,66,"Sheepmeat"
16042,66,"Sheepmeat"
22262,66,"Sheepmeat"
22520,66,"Sheepmeat"
22269,66,"Sheepmeat"
22270,66,"Sheepmeat"
22271,66,"Sheepmeat"
22272,66,"Sheepmeat"
16037,66,"Sheepmeat"
16039,66,"Sheepmeat"
16040,66,"Sheepmeat"
15577,66,"Sheepmeat"
15578,66,"Sheepmeat"
22268,66,"Sheepmeat"
16043,66,"Sheepmeat"
16045,66,"Sheepmeat"
16796,66,"Sheepmeat"
16798,66,"Sheepmeat"
16800,66,"Sheepmeat"
16799,66,"Sheepmeat"
16761,66,"Sheepmeat"
17052,66,"Sheepmeat"
16776,66,"Sheepmeat"
16777,66,"Sheepmeat"
16778,66,"Sheepmeat"
17035,66,"Sheepmeat"
17036,66,"Sheepmeat"
17038,66,"Sheepmeat"
17039,66,"Sheepmeat"
16831,66,"Sheepmeat"
17078,66,"Sheepmeat"
17040,66,"Sheepmeat"
4630,66,"Sheepmeat"
4396,66,"Sheepmeat"
4629,66,"Sheepmeat"
4627,66,"Sheepmeat"
4612,66,"Sheepmeat"
4397,66,"Sheepmeat"
4398,66,"Sheepmeat"
4648,66,"Sheepmeat"
4647,66,"Sheepmeat"
4211,66,"Sheepmeat"
4212,66,"Sheepmeat"
2606,66,"Sheepmeat"
2609,66,"Sheepmeat"
4213,66,"Sheepmeat"
4603,66,"Sheepmeat"
4441,66,"Sheepmeat"
4604,66,"Sheepmeat"
4606,66,"Sheepmeat"
4668,66,"Sheepmeat"
4242,66,"Sheepmeat"
4243,66,"Sheepmeat"
2604,66,"Sheepmeat"
2781,66,"Sheepmeat"
2789,66,"Sheepmeat"
2605,66,"Sheepmeat"
2551,66,"Sheepmeat"
2785,66,"Sheepmeat"
2790,66,"Sheepmeat"
2608,66,"Sheepmeat"
4641,66,"Sheepmeat"
4358,66,"Sheepmeat"
4706,66,"Sheepmeat"
4448,66,"Sheepmeat"
2778,66,"Sheepmeat"
2745,66,"Sheepmeat"
2746,66,"Sheepmeat"
2747,66,"Sheepmeat"
4611,66,"Sheepmeat"
2554,66,"Sheepmeat"
2555,66,"Sheepmeat"
2705,66,"Sheepmeat"
2706,66,"Sheepmeat"
2708,66,"Sheepmeat"
2730,66,"Sheepmeat"
4620,66,"Sheepmeat"
4621,66,"Sheepmeat"
4622,66,"Sheepmeat"
4624,66,"Sheepmeat"
2553,66,"Sheepmeat"
2602,66,"Sheepmeat"
2603,66,"Sheepmeat"
2565,66,"Sheepmeat"
2559,66,"Sheepmeat"
2567,66,"Sheepmeat"
2568,66,"Sheepmeat"
2560,66,"Sheepmeat"
2569,66,"Sheepmeat"
2571,66,"Sheepmeat"
2570,66,"Sheepmeat"
7913,66,"Sheepmeat"
7915,66,"Sheepmeat"
7305,66,"Sheepmeat"
7262,66,"Sheepmeat"
7916,66,"Sheepmeat"
7313,66,"Sheepmeat"
7322,66,"Sheepmeat"
7321,66,"Sheepmeat"
7318,66,"Sheepmeat"
7314,66,"Sheepmeat"
7315,66,"Sheepmeat"
7914,66,"Sheepmeat"
7917,66,"Sheepmeat"
7307,66,"Sheepmeat"
7308,66,"Sheepmeat"
7309,66,"Sheepmeat"
7310,66,"Sheepmeat"
7931,66,"Sheepmeat"
7319,66,"Sheepmeat"
7320,66,"Sheepmeat"
2537,66,"Sheepmeat"
2547,66,"Sheepmeat"
2561,66,"Sheepmeat"
2564,66,"Sheepmeat"
2566,66,"Sheepmeat"
2572,66,"Sheepmeat"
2578,66,"Sheepmeat"
2582,66,"Sheepmeat"
2676,66,"Sheepmeat"
2677,66,"Sheepmeat"
2678,66,"Sheepmeat"
2679,66,"Sheepmeat"
2680,66,"Sheepmeat"
2681,66,"Sheepmeat"
2682,66,"Sheepmeat"
2689,66,"Sheepmeat"
2690,66,"Sheepmeat"
2693,66,"Sheepmeat"
2695,66,"Sheepmeat"
2698,66,"Sheepmeat"
2699,66,"Sheepmeat"
2702,66,"Sheepmeat"
2703,66,"Sheepmeat"
2704,66,"Sheepmeat"
2707,66,"Sheepmeat"
2544,66,"Sheepmeat"
2540,66,"Sheepmeat"
2541,66,"Sheepmeat"
2542,66,"Sheepmeat"
2543,66,"Sheepmeat"
2545,66,"Sheepmeat"
2550,66,"Sheepmeat"
2786,66,"Sheepmeat"
2787,66,"Sheepmeat"
4250,66,"Sheepmeat"
7932,66,"Sheepmeat"
7316,66,"Sheepmeat"
7317,66,"Sheepmeat"
2792,66,"Sheepmeat"
2791,66,"Sheepmeat"
3031,66,"Sheepmeat"
2538,66,"Sheepmeat"
3030,66,"Sheepmeat"
2548,66,"Sheepmeat"
2552,66,"Sheepmeat"
2558,66,"Sheepmeat"
2563,66,"Sheepmeat"
2576,66,"Sheepmeat"
2579,66,"Sheepmeat"
2580,66,"Sheepmeat"
2581,66,"Sheepmeat"
2583,66,"Sheepmeat"
2584,66,"Sheepmeat"
2613,66,"Sheepmeat"
2614,66,"Sheepmeat"
2615,66,"Sheepmeat"
2616,66,"Sheepmeat"
2617,66,"Sheepmeat"
2618,66,"Sheepmeat"
2619,66,"Sheepmeat"
2620,66,"Sheepmeat"
2621,66,"Sheepmeat"
2622,66,"Sheepmeat"
2623,66,"Sheepmeat"
2624,66,"Sheepmeat"
2625,66,"Sheepmeat"
2626,66,"Sheepmeat"
2627,66,"Sheepmeat"
2628,66,"Sheepmeat"
2629,66,"Sheepmeat"
2637,66,"Sheepmeat"
2640,66,"Sheepmeat"
2641,66,"Sheepmeat"
2642,66,"Sheepmeat"
2643,66,"Sheepmeat"
2644,66,"Sheepmeat"
2645,66,"Sheepmeat"
2650,66,"Sheepmeat"
2651,66,"Sheepmeat"
2652,66,"Sheepmeat"
2653,66,"Sheepmeat"
2654,66,"Sheepmeat"
2655,66,"Sheepmeat"
2656,66,"Sheepmeat"
2657,66,"Sheepmeat"
2658,66,"Sheepmeat"
2659,66,"Sheepmeat"
2660,66,"Sheepmeat"
2661,66,"Sheepmeat"
2662,66,"Sheepmeat"
2663,66,"Sheepmeat"
2664,66,"Sheepmeat"
2665,66,"Sheepmeat"
2666,66,"Sheepmeat"
2670,66,"Sheepmeat"
2673,66,"Sheepmeat"
2674,66,"Sheepmeat"
2675,66,"Sheepmeat"
2683,66,"Sheepmeat"
2686,66,"Sheepmeat"
2687,66,"Sheepmeat"
2688,66,"Sheepmeat"
2700,66,"Sheepmeat"
2701,66,"Sheepmeat"
2709,66,"Sheepmeat"
2710,66,"Sheepmeat"
2711,66,"Sheepmeat"
2712,66,"Sheepmeat"
2713,66,"Sheepmeat"
2714,66,"Sheepmeat"
2715,66,"Sheepmeat"
2716,66,"Sheepmeat"
2717,66,"Sheepmeat"
2718,66,"Sheepmeat"
2719,66,"Sheepmeat"
2720,66,"Sheepmeat"
2721,66,"Sheepmeat"
2722,66,"Sheepmeat"
2723,66,"Sheepmeat"
2724,66,"Sheepmeat"
2725,66,"Sheepmeat"
2726,66,"Sheepmeat"
2727,66,"Sheepmeat"
2728,66,"Sheepmeat"
2729,66,"Sheepmeat"
2601,66,"Sheepmeat"
2732,66,"Sheepmeat"
2733,66,"Sheepmeat"
2734,66,"Sheepmeat"
2735,66,"Sheepmeat"
2736,66,"Sheepmeat"
2737,66,"Sheepmeat"
2738,66,"Sheepmeat"
2739,66,"Sheepmeat"
2740,66,"Sheepmeat"
2741,66,"Sheepmeat"
4677,66,"Sheepmeat"
4215,66,"Sheepmeat"
2742,66,"Sheepmeat"
2743,66,"Sheepmeat"
2744,66,"Sheepmeat"
2750,66,"Sheepmeat"
2751,66,"Sheepmeat"
2754,66,"Sheepmeat"
2755,66,"Sheepmeat"
2756,66,"Sheepmeat"
2757,66,"Sheepmeat"
2758,66,"Sheepmeat"
2759,66,"Sheepmeat"
2760,66,"Sheepmeat"
2761,66,"Sheepmeat"
2762,66,"Sheepmeat"
2763,66,"Sheepmeat"
2764,66,"Sheepmeat"
2766,66,"Sheepmeat"
4341,66,"Sheepmeat"
4342,66,"Sheepmeat"
4217,66,"Sheepmeat"
4218,66,"Sheepmeat"
4219,66,"Sheepmeat"
4220,66,"Sheepmeat"
4221,66,"Sheepmeat"
4222,66,"Sheepmeat"
4613,66,"Sheepmeat"
4223,66,"Sheepmeat"
4614,66,"Sheepmeat"
4615,66,"Sheepmeat"
4343,66,"Sheepmeat"
4344,66,"Sheepmeat"
4345,66,"Sheepmeat"
4346,66,"Sheepmeat"
4224,66,"Sheepmeat"
4225,66,"Sheepmeat"
4226,66,"Sheepmeat"
4227,66,"Sheepmeat"
4228,66,"Sheepmeat"
4229,66,"Sheepmeat"
4347,66,"Sheepmeat"
4230,66,"Sheepmeat"
4231,66,"Sheepmeat"
4232,66,"Sheepmeat"
4233,66,"Sheepmeat"
4234,66,"Sheepmeat"
4235,66,"Sheepmeat"
4348,66,"Sheepmeat"
4349,66,"Sheepmeat"
4350,66,"Sheepmeat"
4623,66,"Sheepmeat"
4625,66,"Sheepmeat"
4626,66,"Sheepmeat"
4399,66,"Sheepmeat"
4400,66,"Sheepmeat"
2546,66,"Sheepmeat"
2549,66,"Sheepmeat"
4241,66,"Sheepmeat"
4649,66,"Sheepmeat"
4631,66,"Sheepmeat"
4359,66,"Sheepmeat"
4360,66,"Sheepmeat"
4361,66,"Sheepmeat"
4362,66,"Sheepmeat"
4363,66,"Sheepmeat"
4364,66,"Sheepmeat"
4365,66,"Sheepmeat"
4369,66,"Sheepmeat"
4370,66,"Sheepmeat"
4371,66,"Sheepmeat"
4372,66,"Sheepmeat"
4373,66,"Sheepmeat"
4374,66,"Sheepmeat"
4375,66,"Sheepmeat"
4376,66,"Sheepmeat"
4377,66,"Sheepmeat"
4378,66,"Sheepmeat"
4389,66,"Sheepmeat"
4390,66,"Sheepmeat"
4391,66,"Sheepmeat"
17559,66,"Sheepmeat"
17578,66,"Sheepmeat"
17579,66,"Sheepmeat"
17580,66,"Sheepmeat"
17804,66,"Sheepmeat"
17805,66,"Sheepmeat"
17587,66,"Sheepmeat"
17588,66,"Sheepmeat"
15740,66,"Sheepmeat"
15766,66,"Sheepmeat"
17789,66,"Sheepmeat"
17790,66,"Sheepmeat"
17562,66,"Sheepmeat"
17796,66,"Sheepmeat"
17572,66,"Sheepmeat"
17573,66,"Sheepmeat"
17574,66,"Sheepmeat"
17575,66,"Sheepmeat"
17576,66,"Sheepmeat"
17799,66,"Sheepmeat"
17800,66,"Sheepmeat"
17590,66,"Sheepmeat"
17802,66,"Sheepmeat"
17803,66,"Sheepmeat"
17581,66,"Sheepmeat"
17586,66,"Sheepmeat"
17561,66,"Sheepmeat"
17564,66,"Sheepmeat"
17563,66,"Sheepmeat"
17801,66,"Sheepmeat"
17558,66,"Sheepmeat"
17777,66,"Sheepmeat"
4642,66,"Sheepmeat"
4643,66,"Sheepmeat"
4644,66,"Sheepmeat"
4645,66,"Sheepmeat"
4646,66,"Sheepmeat"
4395,66,"Sheepmeat"
4236,66,"Sheepmeat"
4238,66,"Sheepmeat"
4239,66,"Sheepmeat"
4240,66,"Sheepmeat"
4549,66,"Sheepmeat"
4550,66,"Sheepmeat"
4551,66,"Sheepmeat"
4552,66,"Sheepmeat"
4553,66,"Sheepmeat"
4554,66,"Sheepmeat"
4401,66,"Sheepmeat"
4555,66,"Sheepmeat"
4556,66,"Sheepmeat"
4402,66,"Sheepmeat"
4557,66,"Sheepmeat"
4558,66,"Sheepmeat"
4559,66,"Sheepmeat"
4560,66,"Sheepmeat"
4650,66,"Sheepmeat"
4651,66,"Sheepmeat"
4569,66,"Sheepmeat"
4570,66,"Sheepmeat"
4282,66,"Sheepmeat"
4283,66,"Sheepmeat"
4284,66,"Sheepmeat"
4285,66,"Sheepmeat"
4286,66,"Sheepmeat"
4287,66,"Sheepmeat"
4288,66,"Sheepmeat"
4289,66,"Sheepmeat"
4580,66,"Sheepmeat"
4436,66,"Sheepmeat"
4599,66,"Sheepmeat"
4437,66,"Sheepmeat"
4446,66,"Sheepmeat"
4652,66,"Sheepmeat"
4607,66,"Sheepmeat"
4671,66,"Sheepmeat"
4608,66,"Sheepmeat"
4672,66,"Sheepmeat"
4609,66,"Sheepmeat"
4678,66,"Sheepmeat"
4320,66,"Sheepmeat"
4679,66,"Sheepmeat"
4321,66,"Sheepmeat"
4680,66,"Sheepmeat"
4322,66,"Sheepmeat"
4682,66,"Sheepmeat"
4324,66,"Sheepmeat"
4683,66,"Sheepmeat"
4408,66,"Sheepmeat"
4409,66,"Sheepmeat"
4421,66,"Sheepmeat"
4422,66,"Sheepmeat"
4661,66,"Sheepmeat"
2793,66,"Sheepmeat"
2795,66,"Sheepmeat"
2797,66,"Sheepmeat"
2799,66,"Sheepmeat"
2801,66,"Sheepmeat"
2803,66,"Sheepmeat"
4237,66,"Sheepmeat"
4244,66,"Sheepmeat"
4245,66,"Sheepmeat"
4246,66,"Sheepmeat"
4247,66,"Sheepmeat"
4248,66,"Sheepmeat"
4249,66,"Sheepmeat"
4251,66,"Sheepmeat"
4252,66,"Sheepmeat"
4253,66,"Sheepmeat"
4254,66,"Sheepmeat"
4255,66,"Sheepmeat"
4257,66,"Sheepmeat"
4258,66,"Sheepmeat"
4277,66,"Sheepmeat"
4278,66,"Sheepmeat"
4279,66,"Sheepmeat"
4280,66,"Sheepmeat"
4281,66,"Sheepmeat"
4546,66,"Sheepmeat"
4547,66,"Sheepmeat"
4548,66,"Sheepmeat"
4290,66,"Sheepmeat"
4291,66,"Sheepmeat"
4292,66,"Sheepmeat"
4293,66,"Sheepmeat"
4294,66,"Sheepmeat"
4295,66,"Sheepmeat"
4296,66,"Sheepmeat"
4297,66,"Sheepmeat"
4298,66,"Sheepmeat"
4299,66,"Sheepmeat"
4301,66,"Sheepmeat"
4302,66,"Sheepmeat"
4303,66,"Sheepmeat"
4304,66,"Sheepmeat"
4305,66,"Sheepmeat"
4306,66,"Sheepmeat"
4307,66,"Sheepmeat"
4308,66,"Sheepmeat"
4309,66,"Sheepmeat"
4310,66,"Sheepmeat"
4311,66,"Sheepmeat"
4312,66,"Sheepmeat"
4313,66,"Sheepmeat"
4314,66,"Sheepmeat"
4315,66,"Sheepmeat"
4571,66,"Sheepmeat"
4572,66,"Sheepmeat"
4574,66,"Sheepmeat"
4575,66,"Sheepmeat"
4576,66,"Sheepmeat"
4577,66,"Sheepmeat"
4578,66,"Sheepmeat"
4430,66,"Sheepmeat"
4431,66,"Sheepmeat"
4594,66,"Sheepmeat"
4598,66,"Sheepmeat"
4600,66,"Sheepmeat"
4445,66,"Sheepmeat"
4327,66,"Sheepmeat"
4328,66,"Sheepmeat"
4687,66,"Sheepmeat"
4329,66,"Sheepmeat"
4688,66,"Sheepmeat"
4330,66,"Sheepmeat"
4689,66,"Sheepmeat"
4331,66,"Sheepmeat"
4690,66,"Sheepmeat"
4332,66,"Sheepmeat"
4691,66,"Sheepmeat"
4333,66,"Sheepmeat"
4692,66,"Sheepmeat"
4334,66,"Sheepmeat"
4693,66,"Sheepmeat"
4335,66,"Sheepmeat"
4694,66,"Sheepmeat"
4336,66,"Sheepmeat"
4695,66,"Sheepmeat"
4337,66,"Sheepmeat"
4696,66,"Sheepmeat"
4338,66,"Sheepmeat"
4449,66,"Sheepmeat"
4697,66,"Sheepmeat"
4438,66,"Sheepmeat"
4601,66,"Sheepmeat"
4439,66,"Sheepmeat"
4602,66,"Sheepmeat"
4440,66,"Sheepmeat"
2767,66,"Sheepmeat"
2768,66,"Sheepmeat"
2769,66,"Sheepmeat"
2770,66,"Sheepmeat"
2771,66,"Sheepmeat"
2772,66,"Sheepmeat"
2773,66,"Sheepmeat"
2774,66,"Sheepmeat"
2775,66,"Sheepmeat"
2776,66,"Sheepmeat"
2777,66,"Sheepmeat"
2794,66,"Sheepmeat"
2796,66,"Sheepmeat"
2798,66,"Sheepmeat"
2800,66,"Sheepmeat"
2802,66,"Sheepmeat"
2804,66,"Sheepmeat"
4670,66,"Sheepmeat"
4444,66,"Sheepmeat"
4442,66,"Sheepmeat"
4684,66,"Sheepmeat"
4326,66,"Sheepmeat"
4685,66,"Sheepmeat"
4443,66,"Sheepmeat"
4447,66,"Sheepmeat"
17567,66,"Sheepmeat"
17570,66,"Sheepmeat"
17571,66,"Sheepmeat"
17782,66,"Sheepmeat"
17792,66,"Sheepmeat"
17819,66,"Sheepmeat"
12035,66,"Sheepmeat"
17724,66,"Sheepmeat"
17725,66,"Sheepmeat"
12377,66,"Sheepmeat"
12378,66,"Sheepmeat"
12379,66,"Sheepmeat"
12380,66,"Sheepmeat"
12589,66,"Sheepmeat"
12590,66,"Sheepmeat"
12597,66,"Sheepmeat"
12384,66,"Sheepmeat"
12393,66,"Sheepmeat"
12394,66,"Sheepmeat"
12395,66,"Sheepmeat"
12396,66,"Sheepmeat"
12405,66,"Sheepmeat"
12413,66,"Sheepmeat"
12031,66,"Sheepmeat"
12032,66,"Sheepmeat"
12033,66,"Sheepmeat"
12034,66,"Sheepmeat"
12372,66,"Sheepmeat"
12373,66,"Sheepmeat"
12385,66,"Sheepmeat"
12598,66,"Sheepmeat"
4353,66,"Sheepmeat"
4368,66,"Sheepmeat"
4628,66,"Sheepmeat"
4367,66,"Sheepmeat"
4366,66,"Sheepmeat"
4382,66,"Sheepmeat"
4384,66,"Sheepmeat"
4663,66,"Sheepmeat"
12038,66,"Sheepmeat"
12040,66,"Sheepmeat"
12041,66,"Sheepmeat"
12048,66,"Sheepmeat"
12049,66,"Sheepmeat"
12307,66,"Sheepmeat"
12308,66,"Sheepmeat"
12309,66,"Sheepmeat"
12310,66,"Sheepmeat"
12311,66,"Sheepmeat"
12312,66,"Sheepmeat"
12313,66,"Sheepmeat"
12314,66,"Sheepmeat"
12315,66,"Sheepmeat"
12316,66,"Sheepmeat"
12317,66,"Sheepmeat"
12318,66,"Sheepmeat"
12319,66,"Sheepmeat"
12528,66,"Sheepmeat"
12534,66,"Sheepmeat"
12535,66,"Sheepmeat"
12036,66,"Sheepmeat"
12530,66,"Sheepmeat"
17771,66,"Sheepmeat"
22571,66,"Sheepmeat"
22572,66,"Sheepmeat"
22573,66,"Sheepmeat"
13714,66,"Sheepmeat"
14191,66,"Sheepmeat"
17719,66,"Sheepmeat"
13504,66,"Sheepmeat"
13761,66,"Sheepmeat"
13762,66,"Sheepmeat"
13763,66,"Sheepmeat"
13764,66,"Sheepmeat"
13765,66,"Sheepmeat"
13767,66,"Sheepmeat"
14089,66,"Sheepmeat"
14093,66,"Sheepmeat"
14105,66,"Sheepmeat"
14106,66,"Sheepmeat"
14107,66,"Sheepmeat"
14108,66,"Sheepmeat"
14109,66,"Sheepmeat"
14112,66,"Sheepmeat"
14113,66,"Sheepmeat"
14114,66,"Sheepmeat"
14115,66,"Sheepmeat"
14116,66,"Sheepmeat"
14117,66,"Sheepmeat"
14118,66,"Sheepmeat"
14119,66,"Sheepmeat"
14124,66,"Sheepmeat"
14125,66,"Sheepmeat"
14127,66,"Sheepmeat"
14140,66,"Sheepmeat"
17720,66,"Sheepmeat"
17727,66,"Sheepmeat"
17728,66,"Sheepmeat"
17729,66,"Sheepmeat"
17730,66,"Sheepmeat"
17731,66,"Sheepmeat"
17524,66,"Sheepmeat"
17565,66,"Sheepmeat"
17767,66,"Sheepmeat"
17768,66,"Sheepmeat"
17769,66,"Sheepmeat"
17770,66,"Sheepmeat"
17568,66,"Sheepmeat"
17786,66,"Sheepmeat"
17791,66,"Sheepmeat"
17793,66,"Sheepmeat"
17794,66,"Sheepmeat"
17795,66,"Sheepmeat"
17528,66,"Sheepmeat"
17529,66,"Sheepmeat"
17531,66,"Sheepmeat"
17532,66,"Sheepmeat"
17534,66,"Sheepmeat"
17535,66,"Sheepmeat"
17734,66,"Sheepmeat"
17737,66,"Sheepmeat"
17739,66,"Sheepmeat"
17740,66,"Sheepmeat"
17741,66,"Sheepmeat"
17742,66,"Sheepmeat"
17743,66,"Sheepmeat"
17744,66,"Sheepmeat"
17745,66,"Sheepmeat"
17746,66,"Sheepmeat"
17747,66,"Sheepmeat"
17761,66,"Sheepmeat"
17762,66,"Sheepmeat"
17763,66,"Sheepmeat"
17764,66,"Sheepmeat"
17766,66,"Sheepmeat"
14190,66,"Sheepmeat"
14192,66,"Sheepmeat"
13706,66,"Sheepmeat"
13713,66,"Sheepmeat"
13514,66,"Sheepmeat"
13515,66,"Sheepmeat"
13519,66,"Sheepmeat"
13520,66,"Sheepmeat"
13521,66,"Sheepmeat"
13522,66,"Sheepmeat"
13523,66,"Sheepmeat"
13524,66,"Sheepmeat"
13525,66,"Sheepmeat"
13526,66,"Sheepmeat"
13715,66,"Sheepmeat"
13716,66,"Sheepmeat"
13717,66,"Sheepmeat"
13718,66,"Sheepmeat"
13719,66,"Sheepmeat"
13722,66,"Sheepmeat"
13723,66,"Sheepmeat"
13724,66,"Sheepmeat"
13725,66,"Sheepmeat"
13726,66,"Sheepmeat"
13745,66,"Sheepmeat"
13746,66,"Sheepmeat"
13747,66,"Sheepmeat"
13748,66,"Sheepmeat"
13527,66,"Sheepmeat"
13528,66,"Sheepmeat"
13529,66,"Sheepmeat"
13530,66,"Sheepmeat"
13531,66,"Sheepmeat"
13532,66,"Sheepmeat"
13534,66,"Sheepmeat"
13535,66,"Sheepmeat"
13536,66,"Sheepmeat"
13537,66,"Sheepmeat"
13538,66,"Sheepmeat"
13539,66,"Sheepmeat"
13540,66,"Sheepmeat"
13541,66,"Sheepmeat"
13542,66,"Sheepmeat"
13543,66,"Sheepmeat"
13544,66,"Sheepmeat"
13545,66,"Sheepmeat"
13546,66,"Sheepmeat"
13547,66,"Sheepmeat"
13548,66,"Sheepmeat"
13749,66,"Sheepmeat"
13750,66,"Sheepmeat"
13751,66,"Sheepmeat"
13752,66,"Sheepmeat"
13758,66,"Sheepmeat"
13759,66,"Sheepmeat"
14226,66,"Sheepmeat"
17787,66,"Sheepmeat"
14088,66,"Sheepmeat"
14090,66,"Sheepmeat"
14091,66,"Sheepmeat"
16739,66,"Sheepmeat"
16744,66,"Sheepmeat"
16992,66,"Sheepmeat"
16993,66,"Sheepmeat"
16743,66,"Sheepmeat"
16780,66,"Sheepmeat"
16781,66,"Sheepmeat"
16783,66,"Sheepmeat"
16782,66,"Sheepmeat"
16014,66,"Sheepmeat"
15831,66,"Sheepmeat"
15741,66,"Sheepmeat"
15832,66,"Sheepmeat"
16023,66,"Sheepmeat"
15768,66,"Sheepmeat"
15769,66,"Sheepmeat"
15771,66,"Sheepmeat"
15770,66,"Sheepmeat"
16025,66,"Sheepmeat"
17047,66,"Sheepmeat"
17807,66,"Sheepmeat"
17583,66,"Sheepmeat"
17585,66,"Sheepmeat"
15767,66,"Sheepmeat"
15772,66,"Sheepmeat"
15774,66,"Sheepmeat"
15775,66,"Sheepmeat"
15776,66,"Sheepmeat"
15777,66,"Sheepmeat"
15794,66,"Sheepmeat"
15799,66,"Sheepmeat"
15800,66,"Sheepmeat"
15809,66,"Sheepmeat"
15817,66,"Sheepmeat"
16819,66,"Sheepmeat"
17042,66,"Sheepmeat"
17046,66,"Sheepmeat"
15833,66,"Sheepmeat"
15773,66,"Sheepmeat"
15778,66,"Sheepmeat"
15779,66,"Sheepmeat"
15780,66,"Sheepmeat"
15782,66,"Sheepmeat"
15783,66,"Sheepmeat"
15784,66,"Sheepmeat"
15787,66,"Sheepmeat"
15788,66,"Sheepmeat"
15789,66,"Sheepmeat"
15790,66,"Sheepmeat"
15791,66,"Sheepmeat"
15792,66,"Sheepmeat"
15793,66,"Sheepmeat"
15795,66,"Sheepmeat"
15796,66,"Sheepmeat"
15797,66,"Sheepmeat"
15798,66,"Sheepmeat"
15803,66,"Sheepmeat"
15804,66,"Sheepmeat"
15807,66,"Sheepmeat"
15808,66,"Sheepmeat"
15810,66,"Sheepmeat"
15811,66,"Sheepmeat"
15812,66,"Sheepmeat"
15816,66,"Sheepmeat"
15818,66,"Sheepmeat"
15819,66,"Sheepmeat"
15820,66,"Sheepmeat"
15565,66,"Sheepmeat"
15566,66,"Sheepmeat"
15567,66,"Sheepmeat"
15569,66,"Sheepmeat"
15825,66,"Sheepmeat"
16024,66,"Sheepmeat"
16026,66,"Sheepmeat"
16027,66,"Sheepmeat"
15834,66,"Sheepmeat"
16999,66,"Sheepmeat"
17011,66,"Sheepmeat"
16998,66,"Sheepmeat"
16746,66,"Sheepmeat"
16747,66,"Sheepmeat"
16748,66,"Sheepmeat"
15801,66,"Sheepmeat"
15763,66,"Sheepmeat"
15761,66,"Sheepmeat"
15762,66,"Sheepmeat"
17013,66,"Sheepmeat"
17010,66,"Sheepmeat"
17017,66,"Sheepmeat"
16750,66,"Sheepmeat"
16751,66,"Sheepmeat"
16752,66,"Sheepmeat"
17015,66,"Sheepmeat"
16741,66,"Sheepmeat"
16745,66,"Sheepmeat"
17016,66,"Sheepmeat"
17018,66,"Sheepmeat"
17019,66,"Sheepmeat"
16994,66,"Sheepmeat"
17022,66,"Sheepmeat"
17071,66,"Sheepmeat"
17072,66,"Sheepmeat"
17074,66,"Sheepmeat"
17075,66,"Sheepmeat"
16827,66,"Sheepmeat"
17041,66,"Sheepmeat"
16809,66,"Sheepmeat"
16825,66,"Sheepmeat"
16810,66,"Sheepmeat"
16817,66,"Sheepmeat"
16829,66,"Sheepmeat"
17069,66,"Sheepmeat"
17070,66,"Sheepmeat"
15474,66,"Sheepmeat"
15473,66,"Sheepmeat"
16821,66,"Sheepmeat"
16822,66,"Sheepmeat"
16823,66,"Sheepmeat"
16824,66,"Sheepmeat"
16826,66,"Sheepmeat"
17073,66,"Sheepmeat"
16828,66,"Sheepmeat"
17080,66,"Sheepmeat"
15478,66,"Sheepmeat"
15236,66,"Sheepmeat"
15482,66,"Sheepmeat"
15242,66,"Sheepmeat"
16818,66,"Sheepmeat"
16811,66,"Sheepmeat"
16814,66,"Sheepmeat"
16816,66,"Sheepmeat"
17067,66,"Sheepmeat"
16812,66,"Sheepmeat"
15246,66,"Sheepmeat"
15485,66,"Sheepmeat"
15239,66,"Sheepmeat"
15240,66,"Sheepmeat"
16785,66,"Sheepmeat"
17064,66,"Sheepmeat"
16838,66,"Sheepmeat"
15259,66,"Sheepmeat"
15484,66,"Sheepmeat"
17066,66,"Sheepmeat"
17065,66,"Sheepmeat"
13700,66,"Sheepmeat"
13702,66,"Sheepmeat"
13703,66,"Sheepmeat"
13705,66,"Sheepmeat"
13733,66,"Sheepmeat"
13734,66,"Sheepmeat"
13735,66,"Sheepmeat"
13736,66,"Sheepmeat"
13738,66,"Sheepmeat"
17756,66,"Sheepmeat"
17757,66,"Sheepmeat"
17758,66,"Sheepmeat"
17759,66,"Sheepmeat"
17539,66,"Sheepmeat"
17540,66,"Sheepmeat"
17554,66,"Sheepmeat"
17748,66,"Sheepmeat"
17749,66,"Sheepmeat"
17750,66,"Sheepmeat"
17751,66,"Sheepmeat"
17752,66,"Sheepmeat"
17753,66,"Sheepmeat"
17754,66,"Sheepmeat"
17545,66,"Sheepmeat"
17547,66,"Sheepmeat"
17549,66,"Sheepmeat"
17550,66,"Sheepmeat"
17551,66,"Sheepmeat"
17552,66,"Sheepmeat"
17553,66,"Sheepmeat"
17760,66,"Sheepmeat"
17577,66,"Sheepmeat"
13740,66,"Sheepmeat"
13741,66,"Sheepmeat"
13742,66,"Sheepmeat"
13743,66,"Sheepmeat"
13744,66,"Sheepmeat"
17541,66,"Sheepmeat"
17542,66,"Sheepmeat"
17543,66,"Sheepmeat"
17544,66,"Sheepmeat"
17546,66,"Sheepmeat"
17548,66,"Sheepmeat"
13739,66,"Sheepmeat"
13737,66,"Sheepmeat"
14097,66,"Sheepmeat"
14104,66,"Sheepmeat"
13502,66,"Sheepmeat"
13503,66,"Sheepmeat"
13698,66,"Sheepmeat"
13699,66,"Sheepmeat"
13712,66,"Sheepmeat"
13707,66,"Sheepmeat"
13708,66,"Sheepmeat"
13709,66,"Sheepmeat"
13710,66,"Sheepmeat"
13711,66,"Sheepmeat"
13505,66,"Sheepmeat"
13506,66,"Sheepmeat"
13507,66,"Sheepmeat"
13508,66,"Sheepmeat"
13509,66,"Sheepmeat"
13720,66,"Sheepmeat"
13721,66,"Sheepmeat"
13728,66,"Sheepmeat"
13729,66,"Sheepmeat"
13730,66,"Sheepmeat"
13731,66,"Sheepmeat"
13732,66,"Sheepmeat"
13772,66,"Sheepmeat"
13779,66,"Sheepmeat"
13780,66,"Sheepmeat"
13549,66,"Sheepmeat"
14100,66,"Sheepmeat"
14099,66,"Sheepmeat"
13783,66,"Sheepmeat"
13785,66,"Sheepmeat"
13795,66,"Sheepmeat"
14198,66,"Sheepmeat"
13804,66,"Sheepmeat"
14199,66,"Sheepmeat"
14214,66,"Sheepmeat"
14215,66,"Sheepmeat"
14159,66,"Sheepmeat"
14160,66,"Sheepmeat"
13820,66,"Sheepmeat"
14164,66,"Sheepmeat"
14168,66,"Sheepmeat"
14169,66,"Sheepmeat"
14170,66,"Sheepmeat"
14171,66,"Sheepmeat"
14173,66,"Sheepmeat"
14174,66,"Sheepmeat"
14175,66,"Sheepmeat"
14176,66,"Sheepmeat"
14177,66,"Sheepmeat"
14178,66,"Sheepmeat"
13941,66,"Sheepmeat"
14186,66,"Sheepmeat"
14187,66,"Sheepmeat"
14188,66,"Sheepmeat"
14179,66,"Sheepmeat"
13807,66,"Sheepmeat"
13809,66,"Sheepmeat"
13810,66,"Sheepmeat"
13811,66,"Sheepmeat"
13812,66,"Sheepmeat"
13826,66,"Sheepmeat"
13827,66,"Sheepmeat"
13828,66,"Sheepmeat"
13831,66,"Sheepmeat"
13533,66,"Sheepmeat"
13753,66,"Sheepmeat"
13754,66,"Sheepmeat"
13755,66,"Sheepmeat"
13756,66,"Sheepmeat"
13757,66,"Sheepmeat"
14202,66,"Sheepmeat"
14203,66,"Sheepmeat"
14204,66,"Sheepmeat"
14205,66,"Sheepmeat"
14207,66,"Sheepmeat"
14221,66,"Sheepmeat"
14222,66,"Sheepmeat"
17732,66,"Sheepmeat"
17772,66,"Sheepmeat"
17773,66,"Sheepmeat"
17775,66,"Sheepmeat"
17778,66,"Sheepmeat"
17779,66,"Sheepmeat"
17780,66,"Sheepmeat"
17781,66,"Sheepmeat"
17569,66,"Sheepmeat"
17518,66,"Sheepmeat"
17776,66,"Sheepmeat"
14189,66,"Sheepmeat"
17536,66,"Sheepmeat"
17735,66,"Sheepmeat"
17736,66,"Sheepmeat"
17738,66,"Sheepmeat"
17755,66,"Sheepmeat"
17765,66,"Sheepmeat"
22587,66,"Sheepmeat"
22592,66,"Sheepmeat"
22596,66,"Sheepmeat"
22605,66,"Sheepmeat"
22606,66,"Sheepmeat"
22832,66,"Sheepmeat"
22833,66,"Sheepmeat"
22834,66,"Sheepmeat"
22616,66,"Sheepmeat"
22617,66,"Sheepmeat"
22619,66,"Sheepmeat"
22621,66,"Sheepmeat"
22618,66,"Sheepmeat"
22615,66,"Sheepmeat"
7944,66,"Sheepmeat"
7945,66,"Sheepmeat"
7360,66,"Sheepmeat"
11900,66,"Sheepmeat"
12130,66,"Sheepmeat"
12134,66,"Sheepmeat"
22282,66,"Sheepmeat"
22283,66,"Sheepmeat"
22546,66,"Sheepmeat"
22738,66,"Sheepmeat"
22739,66,"Sheepmeat"
22542,66,"Sheepmeat"
22702,66,"Sheepmeat"
22713,66,"Sheepmeat"
22715,66,"Sheepmeat"
22716,66,"Sheepmeat"
22728,66,"Sheepmeat"
15760,66,"Sheepmeat"
13221,66,"Sheepmeat"
15496,66,"Sheepmeat"
15495,66,"Sheepmeat"
15505,66,"Sheepmeat"
15506,66,"Sheepmeat"
15522,66,"Sheepmeat"
22464,66,"Sheepmeat"
22465,66,"Sheepmeat"
15261,66,"Sheepmeat"
15582,66,"Sheepmeat"
15585,66,"Sheepmeat"
15586,66,"Sheepmeat"
15587,66,"Sheepmeat"
15588,66,"Sheepmeat"
15599,66,"Sheepmeat"
15528,66,"Sheepmeat"
15601,66,"Sheepmeat"
15600,66,"Sheepmeat"
15604,66,"Sheepmeat"
15605,66,"Sheepmeat"
15606,66,"Sheepmeat"
15548,66,"Sheepmeat"
15551,66,"Sheepmeat"
15552,66,"Sheepmeat"
15553,66,"Sheepmeat"
15554,66,"Sheepmeat"
15555,66,"Sheepmeat"
15558,66,"Sheepmeat"
15560,66,"Sheepmeat"
15561,66,"Sheepmeat"
15593,66,"Sheepmeat"
15594,66,"Sheepmeat"
15597,66,"Sheepmeat"
15598,66,"Sheepmeat"
15602,66,"Sheepmeat"
15603,66,"Sheepmeat"
15608,66,"Sheepmeat"
15610,66,"Sheepmeat"
15612,66,"Sheepmeat"
15614,66,"Sheepmeat"
16839,66,"Sheepmeat"
16840,66,"Sheepmeat"
16841,66,"Sheepmeat"
16842,66,"Sheepmeat"
16843,66,"Sheepmeat"
16844,66,"Sheepmeat"
16845,66,"Sheepmeat"
16846,66,"Sheepmeat"
16847,66,"Sheepmeat"
16848,66,"Sheepmeat"
16849,66,"Sheepmeat"
16850,66,"Sheepmeat"
16851,66,"Sheepmeat"
16852,66,"Sheepmeat"
16853,66,"Sheepmeat"
16854,66,"Sheepmeat"
16855,66,"Sheepmeat"
16857,66,"Sheepmeat"
15607,66,"Sheepmeat"
15609,66,"Sheepmeat"
15611,66,"Sheepmeat"
15613,66,"Sheepmeat"
15615,66,"Sheepmeat"
15617,66,"Sheepmeat"
15618,66,"Sheepmeat"
15619,66,"Sheepmeat"
15620,66,"Sheepmeat"
15621,66,"Sheepmeat"
15622,66,"Sheepmeat"
15623,66,"Sheepmeat"
15624,66,"Sheepmeat"
15625,66,"Sheepmeat"
15626,66,"Sheepmeat"
15627,66,"Sheepmeat"
15628,66,"Sheepmeat"
15629,66,"Sheepmeat"
15630,66,"Sheepmeat"
15631,66,"Sheepmeat"
15632,66,"Sheepmeat"
15633,66,"Sheepmeat"
15634,66,"Sheepmeat"
15260,66,"Sheepmeat"
15529,66,"Sheepmeat"
15590,66,"Sheepmeat"
22463,66,"Sheepmeat"
15264,66,"Sheepmeat"
15265,66,"Sheepmeat"
15266,66,"Sheepmeat"
15267,66,"Sheepmeat"
15268,66,"Sheepmeat"
15270,66,"Sheepmeat"
15275,66,"Sheepmeat"
15276,66,"Sheepmeat"
15277,66,"Sheepmeat"
15281,66,"Sheepmeat"
15530,66,"Sheepmeat"
15531,66,"Sheepmeat"
15532,66,"Sheepmeat"
15533,66,"Sheepmeat"
15534,66,"Sheepmeat"
15535,66,"Sheepmeat"
15536,66,"Sheepmeat"
15537,66,"Sheepmeat"
15538,66,"Sheepmeat"
15539,66,"Sheepmeat"
22466,66,"Sheepmeat"
15488,66,"Sheepmeat"
15498,66,"Sheepmeat"
15486,66,"Sheepmeat"
15489,66,"Sheepmeat"
15490,66,"Sheepmeat"
15492,66,"Sheepmeat"
15493,66,"Sheepmeat"
15494,66,"Sheepmeat"
15254,66,"Sheepmeat"
15491,66,"Sheepmeat"
15521,66,"Sheepmeat"
15256,66,"Sheepmeat"
15257,66,"Sheepmeat"
15258,66,"Sheepmeat"
15524,66,"Sheepmeat"
15525,66,"Sheepmeat"
16837,66,"Sheepmeat"
15576,66,"Sheepmeat"
15283,66,"Sheepmeat"
15284,66,"Sheepmeat"
15285,66,"Sheepmeat"
15286,66,"Sheepmeat"
15571,66,"Sheepmeat"
15575,66,"Sheepmeat"
15288,66,"Sheepmeat"
15263,66,"Sheepmeat"
15282,66,"Sheepmeat"
15570,66,"Sheepmeat"
15291,66,"Sheepmeat"
15549,66,"Sheepmeat"
15550,66,"Sheepmeat"
15563,66,"Sheepmeat"
15579,66,"Sheepmeat"
15581,66,"Sheepmeat"
22208,66,"Sheepmeat"
22211,66,"Sheepmeat"
22220,66,"Sheepmeat"
22221,66,"Sheepmeat"
22222,66,"Sheepmeat"
22223,66,"Sheepmeat"
22224,66,"Sheepmeat"
22230,66,"Sheepmeat"
22468,66,"Sheepmeat"
22469,66,"Sheepmeat"
22476,66,"Sheepmeat"
22477,66,"Sheepmeat"
22478,66,"Sheepmeat"
22479,66,"Sheepmeat"
22480,66,"Sheepmeat"
22481,66,"Sheepmeat"
22482,66,"Sheepmeat"
22484,66,"Sheepmeat"
22485,66,"Sheepmeat"
22487,66,"Sheepmeat"
22231,66,"Sheepmeat"
16046,66,"Sheepmeat"
16797,66,"Sheepmeat"
17059,66,"Sheepmeat"
15527,66,"Sheepmeat"
22471,66,"Sheepmeat"
22233,66,"Sheepmeat"
22234,66,"Sheepmeat"
22235,66,"Sheepmeat"
22236,66,"Sheepmeat"
22238,66,"Sheepmeat"
22239,66,"Sheepmeat"
22241,66,"Sheepmeat"
22518,66,"Sheepmeat"
15848,66,"Sheepmeat"
22232,66,"Sheepmeat"
22467,66,"Sheepmeat"
22210,66,"Sheepmeat"
15847,66,"Sheepmeat"
22472,66,"Sheepmeat"
22250,66,"Sheepmeat"
22251,66,"Sheepmeat"
22252,66,"Sheepmeat"
22254,66,"Sheepmeat"
22517,66,"Sheepmeat"
22256,66,"Sheepmeat"
15556,66,"Sheepmeat"
15557,66,"Sheepmeat"
15559,66,"Sheepmeat"
15589,66,"Sheepmeat"
15591,66,"Sheepmeat"
15592,66,"Sheepmeat"
15595,66,"Sheepmeat"
15596,66,"Sheepmeat"
16856,66,"Sheepmeat"
16858,66,"Sheepmeat"
15635,66,"Sheepmeat"
15636,66,"Sheepmeat"
15637,66,"Sheepmeat"
15580,66,"Sheepmeat"
22227,66,"Sheepmeat"
22228,66,"Sheepmeat"
22229,66,"Sheepmeat"
22470,66,"Sheepmeat"
22473,66,"Sheepmeat"
22474,66,"Sheepmeat"
22475,66,"Sheepmeat"
22486,66,"Sheepmeat"
22237,66,"Sheepmeat"
22240,66,"Sheepmeat"
22244,66,"Sheepmeat"
22515,66,"Sheepmeat"
22516,66,"Sheepmeat"
22513,66,"Sheepmeat"
22255,66,"Sheepmeat"
22514,66,"Sheepmeat"
22519,66,"Sheepmeat"
22242,66,"Sheepmeat"
22243,66,"Sheepmeat"
22521,66,"Sheepmeat"
22274,66,"Sheepmeat"
22740,66,"Sheepmeat"
13701,66,"Sheepmeat"
14094,66,"Sheepmeat"
22273,66,"Sheepmeat"
22276,66,"Sheepmeat"
22522,66,"Sheepmeat"
22245,66,"Sheepmeat"
22246,66,"Sheepmeat"
22247,66,"Sheepmeat"
22248,66,"Sheepmeat"
22249,66,"Sheepmeat"
22253,66,"Sheepmeat"
22491,66,"Sheepmeat"
22492,66,"Sheepmeat"
22493,66,"Sheepmeat"
22512,66,"Sheepmeat"
22703,66,"Sheepmeat"
22523,66,"Sheepmeat"
22591,66,"Sheepmeat"
22826,66,"Sheepmeat"
22667,66,"Sheepmeat"
22494,66,"Sheepmeat"
22496,66,"Sheepmeat"
22497,66,"Sheepmeat"
22498,66,"Sheepmeat"
22499,66,"Sheepmeat"
22500,66,"Sheepmeat"
22501,66,"Sheepmeat"
22502,66,"Sheepmeat"
22503,66,"Sheepmeat"
22504,66,"Sheepmeat"
22505,66,"Sheepmeat"
22506,66,"Sheepmeat"
22507,66,"Sheepmeat"
22508,66,"Sheepmeat"
22509,66,"Sheepmeat"
22257,66,"Sheepmeat"
22258,66,"Sheepmeat"
22259,66,"Sheepmeat"
22260,66,"Sheepmeat"
22261,66,"Sheepmeat"
22263,66,"Sheepmeat"
22264,66,"Sheepmeat"
22265,66,"Sheepmeat"
22266,66,"Sheepmeat"
22267,66,"Sheepmeat"
22510,66,"Sheepmeat"
22511,66,"Sheepmeat"
22275,66,"Sheepmeat"
22277,66,"Sheepmeat"
22278,66,"Sheepmeat"
22525,66,"Sheepmeat"
22526,66,"Sheepmeat"
22528,66,"Sheepmeat"
22529,66,"Sheepmeat"
22530,66,"Sheepmeat"
22531,66,"Sheepmeat"
22532,66,"Sheepmeat"
22533,66,"Sheepmeat"
22706,66,"Sheepmeat"
22708,66,"Sheepmeat"
17001,66,"Sheepmeat"
17009,66,"Sheepmeat"
15511,66,"Sheepmeat"
15512,66,"Sheepmeat"
22707,66,"Sheepmeat"
15513,66,"Sheepmeat"
15742,66,"Sheepmeat"
15744,66,"Sheepmeat"
15756,66,"Sheepmeat"
15743,66,"Sheepmeat"
15746,66,"Sheepmeat"
15747,66,"Sheepmeat"
15748,66,"Sheepmeat"
15749,66,"Sheepmeat"
15750,66,"Sheepmeat"
15751,66,"Sheepmeat"
15752,66,"Sheepmeat"
16018,66,"Sheepmeat"
16019,66,"Sheepmeat"
16020,66,"Sheepmeat"
17007,66,"Sheepmeat"
16984,66,"Sheepmeat"
16985,66,"Sheepmeat"
16986,66,"Sheepmeat"
16987,66,"Sheepmeat"
16988,66,"Sheepmeat"
16990,66,"Sheepmeat"
16022,66,"Sheepmeat"
16742,66,"Sheepmeat"
16997,66,"Sheepmeat"
16995,66,"Sheepmeat"
16996,66,"Sheepmeat"
15828,66,"Sheepmeat"
16015,66,"Sheepmeat"
16016,66,"Sheepmeat"
16017,66,"Sheepmeat"
16013,66,"Sheepmeat"
15781,66,"Sheepmeat"
15785,66,"Sheepmeat"
15786,66,"Sheepmeat"
15802,66,"Sheepmeat"
15805,66,"Sheepmeat"
15806,66,"Sheepmeat"
15813,66,"Sheepmeat"
15814,66,"Sheepmeat"
15815,66,"Sheepmeat"
15821,66,"Sheepmeat"
15564,66,"Sheepmeat"
16989,66,"Sheepmeat"
16991,66,"Sheepmeat"
17002,66,"Sheepmeat"
17003,66,"Sheepmeat"
17004,66,"Sheepmeat"
17005,66,"Sheepmeat"
17006,66,"Sheepmeat"
17008,66,"Sheepmeat"
17045,66,"Sheepmeat"
17784,66,"Sheepmeat"
17820,66,"Sheepmeat"
15709,66,"Sheepmeat"
15711,66,"Sheepmeat"
15708,66,"Sheepmeat"
15735,66,"Sheepmeat"
15745,66,"Sheepmeat"
15732,66,"Sheepmeat"
15739,66,"Sheepmeat"
15736,66,"Sheepmeat"
15737,66,"Sheepmeat"
15738,66,"Sheepmeat"
15757,66,"Sheepmeat"
15758,66,"Sheepmeat"
15759,66,"Sheepmeat"
13220,66,"Sheepmeat"
15734,66,"Sheepmeat"
15733,66,"Sheepmeat"
98,66,"Sheepmeat"
99,75,"Forestry"
103,75,"Forestry"
104,75,"Forestry"
15481,75,"Forestry"
111,75,"Forestry"
112,75,"Forestry"
109,75,"Forestry"
127,75,"Forestry"
4414,75,"Forestry"
4417,75,"Forestry"
3021,75,"Forestry"
3022,75,"Forestry"
3023,75,"Forestry"
3051,75,"Forestry"
4406,75,"Forestry"
3052,75,"Forestry"
3013,75,"Forestry"
7897,75,"Forestry"
7905,75,"Forestry"
7898,75,"Forestry"
7290,75,"Forestry"
7899,75,"Forestry"
7291,75,"Forestry"
7292,75,"Forestry"
7287,75,"Forestry"
7896,75,"Forestry"
7289,75,"Forestry"
15501,75,"Forestry"
7288,75,"Forestry"
7877,75,"Forestry"
7296,75,"Forestry"
7916,75,"Forestry"
7856,75,"Forestry"
7858,75,"Forestry"
7860,75,"Forestry"
7890,75,"Forestry"
7892,75,"Forestry"
7884,75,"Forestry"
7282,75,"Forestry"
7284,75,"Forestry"
7285,75,"Forestry"
7286,75,"Forestry"
7894,75,"Forestry"
7855,75,"Forestry"
7895,75,"Forestry"
15998,75,"Forestry"
7886,75,"Forestry"
7276,75,"Forestry"
7277,75,"Forestry"
7871,75,"Forestry"
7261,75,"Forestry"
7263,75,"Forestry"
7264,75,"Forestry"
7297,75,"Forestry"
7298,75,"Forestry"
7299,75,"Forestry"
7300,75,"Forestry"
7912,75,"Forestry"
7265,75,"Forestry"
7876,75,"Forestry"
7262,75,"Forestry"
7861,75,"Forestry"
7873,75,"Forestry"
22835,75,"Forestry"
7857,75,"Forestry"
11621,75,"Forestry"
11900,75,"Forestry"
7866,75,"Forestry"
7868,75,"Forestry"
7870,75,"Forestry"
7872,75,"Forestry"
7260,75,"Forestry"
7267,75,"Forestry"
7268,75,"Forestry"
7302,75,"Forestry"
7272,75,"Forestry"
7269,75,"Forestry"
7869,75,"Forestry"
7950,75,"Forestry"
7951,75,"Forestry"
12129,75,"Forestry"
12139,75,"Forestry"
11906,75,"Forestry"
11909,75,"Forestry"
15502,75,"Forestry"
15248,75,"Forestry"
15250,75,"Forestry"
15251,75,"Forestry"
16000,75,"Forestry"
15999,75,"Forestry"
22538,75,"Forestry"
15518,75,"Forestry"
16006,75,"Forestry"
15846,75,"Forestry"
15509,75,"Forestry"
16011,75,"Forestry"
7875,75,"Forestry"
7885,75,"Forestry"
15845,75,"Forestry"
15847,75,"Forestry"
22472,75,"Forestry"
22253,75,"Forestry"
22254,75,"Forestry"
22492,75,"Forestry"
15510,75,"Forestry"
15511,75,"Forestry"
15515,75,"Forestry"
15516,75,"Forestry"
15517,75,"Forestry"
15514,75,"Forestry"
22836,75,"Forestry"
22840,75,"Forestry"
22620,75,"Forestry"
22789,75,"Forestry"
22580,75,"Forestry"
22575,75,"Forestry"
22593,75,"Forestry"
22594,75,"Forestry"
22595,75,"Forestry"
22596,75,"Forestry"
22607,75,"Forestry"
22831,75,"Forestry"
22598,75,"Forestry"
107,75,"Forestry"
15232,75,"Forestry"
15482,75,"Forestry"
15573,75,"Forestry"
16836,75,"Forestry"
7273,75,"Forestry"
7922,75,"Forestry"
7923,75,"Forestry"
7927,75,"Forestry"
7929,75,"Forestry"
7926,75,"Forestry"
7328,75,"Forestry"
2818,75,"Forestry"
2810,75,"Forestry"
2814,75,"Forestry"
2838,75,"Forestry"
7330,75,"Forestry"
2811,75,"Forestry"
7918,75,"Forestry"
7920,75,"Forestry"
7324,75,"Forestry"
7910,75,"Forestry"
7301,75,"Forestry"
7305,75,"Forestry"
7275,75,"Forestry"
7891,75,"Forestry"
16834,75,"Forestry"
16835,75,"Forestry"
7304,75,"Forestry"
7919,75,"Forestry"
7930,75,"Forestry"
4210,75,"Forestry"
4339,75,"Forestry"
2826,75,"Forestry"
2907,75,"Forestry"
2836,75,"Forestry"
2813,75,"Forestry"
3009,75,"Forestry"
3026,75,"Forestry"
2834,75,"Forestry"
3025,75,"Forestry"
3032,75,"Forestry"
2840,75,"Forestry"
2842,75,"Forestry"
2843,75,"Forestry"
2844,75,"Forestry"
2854,75,"Forestry"
2855,75,"Forestry"
2827,75,"Forestry"
4634,75,"Forestry"
4393,75,"Forestry"
4394,75,"Forestry"
3015,75,"Forestry"
3018,75,"Forestry"
3019,75,"Forestry"
4386,75,"Forestry"
3020,75,"Forestry"
4392,75,"Forestry"
4632,75,"Forestry"
4633,75,"Forestry"
3011,75,"Forestry"
3012,75,"Forestry"
4379,75,"Forestry"
3014,75,"Forestry"
3017,75,"Forestry"
4380,75,"Forestry"
4381,75,"Forestry"
4383,75,"Forestry"
4385,75,"Forestry"
4388,75,"Forestry"
4382,75,"Forestry"
4384,75,"Forestry"
4387,75,"Forestry"
4390,75,"Forestry"
2837,75,"Forestry"
2867,75,"Forestry"
4637,75,"Forestry"
4636,75,"Forestry"
4657,75,"Forestry"
7294,75,"Forestry"
7909,75,"Forestry"
7902,75,"Forestry"
2588,75,"Forestry"
2590,75,"Forestry"
91,75,"Forestry"
15237,75,"Forestry"
7036,75,"Forestry"
16740,75,"Forestry"
16746,75,"Forestry"
16750,75,"Forestry"
17022,75,"Forestry"
17012,75,"Forestry"
16748,75,"Forestry"
17013,75,"Forestry"
6811,75,"Forestry"
6812,75,"Forestry"
6813,75,"Forestry"
11809,75,"Forestry"
2877,75,"Forestry"
2903,75,"Forestry"
2879,75,"Forestry"
2901,75,"Forestry"
2909,75,"Forestry"
2911,75,"Forestry"
2908,75,"Forestry"
2910,75,"Forestry"
2915,75,"Forestry"
2912,75,"Forestry"
11622,75,"Forestry"
12076,75,"Forestry"
11902,75,"Forestry"
7867,75,"Forestry"
7363,75,"Forestry"
12082,75,"Forestry"
12083,75,"Forestry"
12077,75,"Forestry"
12078,75,"Forestry"
12085,75,"Forestry"
12089,75,"Forestry"
12110,75,"Forestry"
12079,75,"Forestry"
12084,75,"Forestry"
12086,75,"Forestry"
12075,75,"Forestry"
12090,75,"Forestry"
11847,75,"Forestry"
11848,75,"Forestry"
12108,75,"Forestry"
11891,75,"Forestry"
12109,75,"Forestry"
12111,75,"Forestry"
12112,75,"Forestry"
12113,75,"Forestry"
12115,75,"Forestry"
12116,75,"Forestry"
7253,75,"Forestry"
11840,75,"Forestry"
7848,75,"Forestry"
7332,75,"Forestry"
11845,75,"Forestry"
11592,75,"Forestry"
2868,75,"Forestry"
11810,75,"Forestry"
11591,75,"Forestry"
11837,75,"Forestry"
11839,75,"Forestry"
11838,75,"Forestry"
11842,75,"Forestry"
16784,75,"Forestry"
17063,75,"Forestry"
17056,75,"Forestry"
16786,75,"Forestry"
16807,75,"Forestry"
16787,75,"Forestry"
16788,75,"Forestry"
15253,75,"Forestry"
15255,75,"Forestry"
15252,75,"Forestry"
15520,75,"Forestry"
15493,75,"Forestry"
15494,75,"Forestry"
17048,75,"Forestry"
17051,75,"Forestry"
15835,75,"Forestry"
15836,75,"Forestry"
15837,75,"Forestry"
16790,75,"Forestry"
17053,75,"Forestry"
17054,75,"Forestry"
15993,75,"Forestry"
15994,75,"Forestry"
13704,75,"Forestry"
16803,75,"Forestry"
16804,75,"Forestry"
15992,75,"Forestry"
15838,75,"Forestry"
13735,75,"Forestry"
15997,75,"Forestry"
16794,75,"Forestry"
17058,75,"Forestry"
15839,75,"Forestry"
16047,75,"Forestry"
16048,75,"Forestry"
15840,75,"Forestry"
16038,75,"Forestry"
16041,75,"Forestry"
16763,75,"Forestry"
16771,75,"Forestry"
16764,75,"Forestry"
16770,75,"Forestry"
16773,75,"Forestry"
16775,75,"Forestry"
16772,75,"Forestry"
110,75,"Forestry"
16761,75,"Forestry"
16765,75,"Forestry"
16766,75,"Forestry"
16767,75,"Forestry"
16768,75,"Forestry"
17039,75,"Forestry"
17041,75,"Forestry"
4629,75,"Forestry"
4397,75,"Forestry"
4648,75,"Forestry"
4606,75,"Forestry"
4243,75,"Forestry"
4603,75,"Forestry"
4448,75,"Forestry"
2768,75,"Forestry"
2769,75,"Forestry"
4441,75,"Forestry"
4604,75,"Forestry"
4605,75,"Forestry"
4668,75,"Forestry"
4669,75,"Forestry"
2782,75,"Forestry"
2780,75,"Forestry"
2783,75,"Forestry"
2788,75,"Forestry"
2781,75,"Forestry"
2789,75,"Forestry"
2551,75,"Forestry"
4213,75,"Forestry"
2785,75,"Forestry"
2786,75,"Forestry"
2787,75,"Forestry"
2790,75,"Forestry"
4242,75,"Forestry"
2779,75,"Forestry"
2784,75,"Forestry"
4389,75,"Forestry"
3016,75,"Forestry"
4641,75,"Forestry"
4371,75,"Forestry"
4375,75,"Forestry"
4662,75,"Forestry"
4706,75,"Forestry"
4652,75,"Forestry"
7311,75,"Forestry"
7312,75,"Forestry"
7913,75,"Forestry"
7914,75,"Forestry"
7915,75,"Forestry"
7917,75,"Forestry"
7306,75,"Forestry"
7307,75,"Forestry"
7308,75,"Forestry"
7309,75,"Forestry"
7313,75,"Forestry"
7318,75,"Forestry"
7319,75,"Forestry"
7320,75,"Forestry"
7322,75,"Forestry"
2541,75,"Forestry"
2542,75,"Forestry"
2540,75,"Forestry"
17804,75,"Forestry"
17807,75,"Forestry"
17805,75,"Forestry"
17806,75,"Forestry"
17585,75,"Forestry"
17583,75,"Forestry"
17559,75,"Forestry"
17561,75,"Forestry"
17562,75,"Forestry"
17796,75,"Forestry"
17572,75,"Forestry"
17574,75,"Forestry"
17575,75,"Forestry"
17576,75,"Forestry"
17577,75,"Forestry"
17578,75,"Forestry"
17579,75,"Forestry"
17798,75,"Forestry"
17799,75,"Forestry"
17800,75,"Forestry"
17801,75,"Forestry"
17802,75,"Forestry"
17803,75,"Forestry"
17808,75,"Forestry"
17581,75,"Forestry"
17582,75,"Forestry"
17584,75,"Forestry"
17586,75,"Forestry"
17587,75,"Forestry"
17588,75,"Forestry"
17589,75,"Forestry"
17590,75,"Forestry"
15732,75,"Forestry"
15733,75,"Forestry"
15734,75,"Forestry"
15739,75,"Forestry"
15766,75,"Forestry"
15767,75,"Forestry"
17797,75,"Forestry"
17573,75,"Forestry"
17809,75,"Forestry"
4237,75,"Forestry"
4236,75,"Forestry"
4549,75,"Forestry"
4401,75,"Forestry"
4555,75,"Forestry"
4556,75,"Forestry"
4630,75,"Forestry"
4631,75,"Forestry"
4402,75,"Forestry"
4650,75,"Forestry"
4651,75,"Forestry"
4569,75,"Forestry"
4570,75,"Forestry"
4282,75,"Forestry"
4250,75,"Forestry"
4300,75,"Forestry"
4301,75,"Forestry"
4302,75,"Forestry"
4303,75,"Forestry"
4304,75,"Forestry"
4443,75,"Forestry"
4447,75,"Forestry"
4688,75,"Forestry"
4696,75,"Forestry"
4338,75,"Forestry"
4697,75,"Forestry"
4602,75,"Forestry"
4439,75,"Forestry"
14082,75,"Forestry"
12598,75,"Forestry"
17042,75,"Forestry"
14088,75,"Forestry"
17720,75,"Forestry"
17721,75,"Forestry"
14090,75,"Forestry"
14091,75,"Forestry"
14092,75,"Forestry"
14093,75,"Forestry"
22570,75,"Forestry"
22574,75,"Forestry"
16744,75,"Forestry"
17043,75,"Forestry"
16819,75,"Forestry"
15741,75,"Forestry"
15769,75,"Forestry"
15770,75,"Forestry"
17047,75,"Forestry"
15776,75,"Forestry"
15781,75,"Forestry"
16027,75,"Forestry"
16741,75,"Forestry"
16742,75,"Forestry"
16745,75,"Forestry"
16994,75,"Forestry"
16995,75,"Forestry"
16996,75,"Forestry"
16997,75,"Forestry"
17010,75,"Forestry"
16747,75,"Forestry"
16751,75,"Forestry"
16752,75,"Forestry"
17015,75,"Forestry"
17016,75,"Forestry"
17017,75,"Forestry"
17018,75,"Forestry"
17019,75,"Forestry"
17020,75,"Forestry"
17021,75,"Forestry"
16739,75,"Forestry"
15785,75,"Forestry"
15786,75,"Forestry"
15822,75,"Forestry"
15833,75,"Forestry"
15834,75,"Forestry"
15567,75,"Forestry"
15568,75,"Forestry"
15569,75,"Forestry"
15823,75,"Forestry"
16998,75,"Forestry"
16999,75,"Forestry"
17011,75,"Forestry"
15778,75,"Forestry"
15787,75,"Forestry"
15793,75,"Forestry"
15805,75,"Forestry"
15799,75,"Forestry"
15800,75,"Forestry"
15808,75,"Forestry"
15809,75,"Forestry"
15810,75,"Forestry"
15812,75,"Forestry"
15565,75,"Forestry"
15761,75,"Forestry"
15762,75,"Forestry"
13220,75,"Forestry"
17072,75,"Forestry"
17076,75,"Forestry"
17079,75,"Forestry"
15235,75,"Forestry"
15472,75,"Forestry"
15478,75,"Forestry"
15473,75,"Forestry"
15574,75,"Forestry"
17080,75,"Forestry"
15233,75,"Forestry"
15234,75,"Forestry"
15479,75,"Forestry"
15474,75,"Forestry"
15475,75,"Forestry"
15476,75,"Forestry"
15485,75,"Forestry"
15242,75,"Forestry"
15246,75,"Forestry"
15247,75,"Forestry"
15259,75,"Forestry"
17075,75,"Forestry"
15477,75,"Forestry"
15241,75,"Forestry"
15243,75,"Forestry"
15244,75,"Forestry"
15576,75,"Forestry"
15284,75,"Forestry"
17065,75,"Forestry"
17067,75,"Forestry"
17069,75,"Forestry"
16812,75,"Forestry"
16815,75,"Forestry"
16837,75,"Forestry"
15236,75,"Forestry"
15480,75,"Forestry"
16811,75,"Forestry"
15245,75,"Forestry"
15239,75,"Forestry"
15238,75,"Forestry"
15483,75,"Forestry"
17064,75,"Forestry"
16838,75,"Forestry"
15572,75,"Forestry"
16774,75,"Forestry"
16776,75,"Forestry"
16778,75,"Forestry"
16779,75,"Forestry"
17035,75,"Forestry"
17036,75,"Forestry"
17037,75,"Forestry"
17038,75,"Forestry"
17070,75,"Forestry"
17071,75,"Forestry"
17073,75,"Forestry"
17074,75,"Forestry"
16809,75,"Forestry"
16817,75,"Forestry"
16818,75,"Forestry"
16820,75,"Forestry"
16821,75,"Forestry"
16822,75,"Forestry"
16824,75,"Forestry"
16825,75,"Forestry"
16826,75,"Forestry"
16827,75,"Forestry"
16828,75,"Forestry"
16829,75,"Forestry"
17077,75,"Forestry"
16830,75,"Forestry"
16831,75,"Forestry"
17078,75,"Forestry"
16832,75,"Forestry"
16833,75,"Forestry"
17081,75,"Forestry"
17082,75,"Forestry"
17083,75,"Forestry"
16814,75,"Forestry"
16816,75,"Forestry"
13702,75,"Forestry"
13700,75,"Forestry"
17553,75,"Forestry"
17554,75,"Forestry"
15824,75,"Forestry"
13701,75,"Forestry"
15760,75,"Forestry"
13221,75,"Forestry"
15522,75,"Forestry"
15523,75,"Forestry"
15526,75,"Forestry"
15290,75,"Forestry"
22464,75,"Forestry"
16806,75,"Forestry"
15291,75,"Forestry"
15548,75,"Forestry"
15549,75,"Forestry"
15550,75,"Forestry"
15551,75,"Forestry"
15552,75,"Forestry"
15553,75,"Forestry"
15554,75,"Forestry"
15555,75,"Forestry"
15556,75,"Forestry"
15557,75,"Forestry"
15608,75,"Forestry"
15610,75,"Forestry"
15612,75,"Forestry"
15614,75,"Forestry"
15616,75,"Forestry"
16839,75,"Forestry"
16841,75,"Forestry"
16842,75,"Forestry"
16843,75,"Forestry"
15607,75,"Forestry"
15609,75,"Forestry"
15611,75,"Forestry"
15613,75,"Forestry"
15615,75,"Forestry"
15617,75,"Forestry"
15618,75,"Forestry"
15620,75,"Forestry"
15621,75,"Forestry"
15559,75,"Forestry"
15560,75,"Forestry"
15561,75,"Forestry"
15601,75,"Forestry"
15602,75,"Forestry"
22466,75,"Forestry"
15500,75,"Forestry"
15499,75,"Forestry"
15254,75,"Forestry"
15240,75,"Forestry"
15528,75,"Forestry"
15599,75,"Forestry"
16798,75,"Forestry"
22262,75,"Forestry"
22272,75,"Forestry"
22742,75,"Forestry"
13698,75,"Forestry"
22269,75,"Forestry"
22270,75,"Forestry"
22271,75,"Forestry"
22534,75,"Forestry"
22535,75,"Forestry"
22706,75,"Forestry"
22707,75,"Forestry"
22709,75,"Forestry"
22667,75,"Forestry"
16010,75,"Forestry"
17001,75,"Forestry"
15759,75,"Forestry"
15740,75,"Forestry"
15742,75,"Forestry"
15768,75,"Forestry"
15756,75,"Forestry"
15745,75,"Forestry"
16986,75,"Forestry"
16987,75,"Forestry"
16990,75,"Forestry"
17009,75,"Forestry"
15746,75,"Forestry"
15747,75,"Forestry"
15748,75,"Forestry"
15752,75,"Forestry"
15753,75,"Forestry"
15754,75,"Forestry"
15755,75,"Forestry"
16014,75,"Forestry"
16020,75,"Forestry"
16021,75,"Forestry"
16022,75,"Forestry"
15829,75,"Forestry"
15831,75,"Forestry"
17002,75,"Forestry"
17004,75,"Forestry"
17008,75,"Forestry"
16743,75,"Forestry"
17000,75,"Forestry"
16988,75,"Forestry"
16984,75,"Forestry"
16991,75,"Forestry"
17045,75,"Forestry"
17046,75,"Forestry"
15708,75,"Forestry"
15757,75,"Forestry"
15711,75,"Forestry"
15709,75,"Forestry"
15744,75,"Forestry"
126,75,"Forestry"
99,80,"Forestry"
103,80,"Forestry"
104,80,"Forestry"
15481,80,"Forestry"
111,80,"Forestry"
112,80,"Forestry"
109,80,"Forestry"
127,80,"Forestry"
4414,80,"Forestry"
4417,80,"Forestry"
3021,80,"Forestry"
3022,80,"Forestry"
3023,80,"Forestry"
3051,80,"Forestry"
4406,80,"Forestry"
3052,80,"Forestry"
3013,80,"Forestry"
7897,80,"Forestry"
7905,80,"Forestry"
7898,80,"Forestry"
7290,80,"Forestry"
7899,80,"Forestry"
7291,80,"Forestry"
7292,80,"Forestry"
7287,80,"Forestry"
7896,80,"Forestry"
7289,80,"Forestry"
15501,80,"Forestry"
7288,80,"Forestry"
7877,80,"Forestry"
7296,80,"Forestry"
7916,80,"Forestry"
7856,80,"Forestry"
7858,80,"Forestry"
7860,80,"Forestry"
7890,80,"Forestry"
7892,80,"Forestry"
7884,80,"Forestry"
7282,80,"Forestry"
7284,80,"Forestry"
7285,80,"Forestry"
7286,80,"Forestry"
7894,80,"Forestry"
7855,80,"Forestry"
7895,80,"Forestry"
15998,80,"Forestry"
7886,80,"Forestry"
7276,80,"Forestry"
7277,80,"Forestry"
7871,80,"Forestry"
7261,80,"Forestry"
7263,80,"Forestry"
7264,80,"Forestry"
7297,80,"Forestry"
7298,80,"Forestry"
7299,80,"Forestry"
7300,80,"Forestry"
7912,80,"Forestry"
7265,80,"Forestry"
7876,80,"Forestry"
7262,80,"Forestry"
7861,80,"Forestry"
7873,80,"Forestry"
22835,80,"Forestry"
7857,80,"Forestry"
11621,80,"Forestry"
11900,80,"Forestry"
7866,80,"Forestry"
7868,80,"Forestry"
7870,80,"Forestry"
7872,80,"Forestry"
7260,80,"Forestry"
7267,80,"Forestry"
7268,80,"Forestry"
7302,80,"Forestry"
7272,80,"Forestry"
7269,80,"Forestry"
7869,80,"Forestry"
7950,80,"Forestry"
7951,80,"Forestry"
12129,80,"Forestry"
12139,80,"Forestry"
11906,80,"Forestry"
11909,80,"Forestry"
15502,80,"Forestry"
15248,80,"Forestry"
15250,80,"Forestry"
15251,80,"Forestry"
16000,80,"Forestry"
15999,80,"Forestry"
22538,80,"Forestry"
15518,80,"Forestry"
16006,80,"Forestry"
15846,80,"Forestry"
15509,80,"Forestry"
16011,80,"Forestry"
7875,80,"Forestry"
7885,80,"Forestry"
15845,80,"Forestry"
15847,80,"Forestry"
22472,80,"Forestry"
22253,80,"Forestry"
22254,80,"Forestry"
22492,80,"Forestry"
15510,80,"Forestry"
15511,80,"Forestry"
15515,80,"Forestry"
15516,80,"Forestry"
15517,80,"Forestry"
15514,80,"Forestry"
22836,80,"Forestry"
22840,80,"Forestry"
22620,80,"Forestry"
22789,80,"Forestry"
22580,80,"Forestry"
22575,80,"Forestry"
22593,80,"Forestry"
22594,80,"Forestry"
22595,80,"Forestry"
22596,80,"Forestry"
22607,80,"Forestry"
22831,80,"Forestry"
22598,80,"Forestry"
107,80,"Forestry"
15232,80,"Forestry"
15482,80,"Forestry"
15573,80,"Forestry"
16836,80,"Forestry"
7273,80,"Forestry"
7922,80,"Forestry"
7923,80,"Forestry"
7927,80,"Forestry"
7929,80,"Forestry"
7926,80,"Forestry"
7328,80,"Forestry"
2818,80,"Forestry"
2810,80,"Forestry"
2814,80,"Forestry"
2838,80,"Forestry"
7330,80,"Forestry"
2811,80,"Forestry"
7918,80,"Forestry"
7920,80,"Forestry"
7324,80,"Forestry"
7910,80,"Forestry"
7301,80,"Forestry"
7305,80,"Forestry"
7275,80,"Forestry"
7891,80,"Forestry"
16834,80,"Forestry"
16835,80,"Forestry"
7304,80,"Forestry"
7919,80,"Forestry"
7930,80,"Forestry"
4210,80,"Forestry"
4339,80,"Forestry"
2826,80,"Forestry"
2907,80,"Forestry"
2836,80,"Forestry"
2813,80,"Forestry"
3009,80,"Forestry"
3026,80,"Forestry"
2834,80,"Forestry"
3025,80,"Forestry"
3032,80,"Forestry"
2840,80,"Forestry"
2842,80,"Forestry"
2843,80,"Forestry"
2844,80,"Forestry"
2854,80,"Forestry"
2855,80,"Forestry"
2827,80,"Forestry"
4634,80,"Forestry"
4393,80,"Forestry"
4394,80,"Forestry"
3015,80,"Forestry"
3018,80,"Forestry"
3019,80,"Forestry"
4386,80,"Forestry"
3020,80,"Forestry"
4392,80,"Forestry"
4632,80,"Forestry"
4633,80,"Forestry"
3011,80,"Forestry"
3012,80,"Forestry"
4379,80,"Forestry"
3014,80,"Forestry"
3017,80,"Forestry"
4380,80,"Forestry"
4381,80,"Forestry"
4383,80,"Forestry"
4385,80,"Forestry"
4388,80,"Forestry"
4382,80,"Forestry"
4384,80,"Forestry"
4387,80,"Forestry"
4390,80,"Forestry"
2837,80,"Forestry"
2867,80,"Forestry"
4637,80,"Forestry"
4636,80,"Forestry"
4657,80,"Forestry"
7294,80,"Forestry"
7909,80,"Forestry"
7902,80,"Forestry"
2588,80,"Forestry"
2590,80,"Forestry"
91,80,"Forestry"
15237,80,"Forestry"
7036,80,"Forestry"
16740,80,"Forestry"
16746,80,"Forestry"
16750,80,"Forestry"
17022,80,"Forestry"
17012,80,"Forestry"
16748,80,"Forestry"
17013,80,"Forestry"
6811,80,"Forestry"
6812,80,"Forestry"
6813,80,"Forestry"
11809,80,"Forestry"
2877,80,"Forestry"
2903,80,"Forestry"
2879,80,"Forestry"
2901,80,"Forestry"
2909,80,"Forestry"
2911,80,"Forestry"
2908,80,"Forestry"
2910,80,"Forestry"
2915,80,"Forestry"
2912,80,"Forestry"
11622,80,"Forestry"
12076,80,"Forestry"
11902,80,"Forestry"
7867,80,"Forestry"
7363,80,"Forestry"
12082,80,"Forestry"
12083,80,"Forestry"
12077,80,"Forestry"
12078,80,"Forestry"
12085,80,"Forestry"
12089,80,"Forestry"
12110,80,"Forestry"
12079,80,"Forestry"
12084,80,"Forestry"
12086,80,"Forestry"
12075,80,"Forestry"
12090,80,"Forestry"
11847,80,"Forestry"
11848,80,"Forestry"
12108,80,"Forestry"
11891,80,"Forestry"
12109,80,"Forestry"
12111,80,"Forestry"
12112,80,"Forestry"
12113,80,"Forestry"
12115,80,"Forestry"
12116,80,"Forestry"
7253,80,"Forestry"
11840,80,"Forestry"
7848,80,"Forestry"
7332,80,"Forestry"
11845,80,"Forestry"
11592,80,"Forestry"
2868,80,"Forestry"
11810,80,"Forestry"
11591,80,"Forestry"
11837,80,"Forestry"
11839,80,"Forestry"
11838,80,"Forestry"
11842,80,"Forestry"
16784,80,"Forestry"
17063,80,"Forestry"
17056,80,"Forestry"
16786,80,"Forestry"
16807,80,"Forestry"
16787,80,"Forestry"
16788,80,"Forestry"
15253,80,"Forestry"
15255,80,"Forestry"
15252,80,"Forestry"
15520,80,"Forestry"
15493,80,"Forestry"
15494,80,"Forestry"
17048,80,"Forestry"
17051,80,"Forestry"
15835,80,"Forestry"
15836,80,"Forestry"
15837,80,"Forestry"
16790,80,"Forestry"
17053,80,"Forestry"
17054,80,"Forestry"
15993,80,"Forestry"
15994,80,"Forestry"
13704,80,"Forestry"
16803,80,"Forestry"
16804,80,"Forestry"
15992,80,"Forestry"
15838,80,"Forestry"
13735,80,"Forestry"
15997,80,"Forestry"
16794,80,"Forestry"
17058,80,"Forestry"
15839,80,"Forestry"
16047,80,"Forestry"
16048,80,"Forestry"
15840,80,"Forestry"
16038,80,"Forestry"
16041,80,"Forestry"
16763,80,"Forestry"
16771,80,"Forestry"
16764,80,"Forestry"
16770,80,"Forestry"
16773,80,"Forestry"
16775,80,"Forestry"
16772,80,"Forestry"
110,80,"Forestry"
16761,80,"Forestry"
16765,80,"Forestry"
16766,80,"Forestry"
16767,80,"Forestry"
16768,80,"Forestry"
17039,80,"Forestry"
17041,80,"Forestry"
4629,80,"Forestry"
4397,80,"Forestry"
4648,80,"Forestry"
4606,80,"Forestry"
4243,80,"Forestry"
4603,80,"Forestry"
4448,80,"Forestry"
2768,80,"Forestry"
2769,80,"Forestry"
4441,80,"Forestry"
4604,80,"Forestry"
4605,80,"Forestry"
4668,80,"Forestry"
4669,80,"Forestry"
2782,80,"Forestry"
2780,80,"Forestry"
2783,80,"Forestry"
2788,80,"Forestry"
2781,80,"Forestry"
2789,80,"Forestry"
2551,80,"Forestry"
4213,80,"Forestry"
2785,80,"Forestry"
2786,80,"Forestry"
2787,80,"Forestry"
2790,80,"Forestry"
4242,80,"Forestry"
2779,80,"Forestry"
2784,80,"Forestry"
4389,80,"Forestry"
3016,80,"Forestry"
4641,80,"Forestry"
4371,80,"Forestry"
4375,80,"Forestry"
4662,80,"Forestry"
4706,80,"Forestry"
4652,80,"Forestry"
7311,80,"Forestry"
7312,80,"Forestry"
7913,80,"Forestry"
7914,80,"Forestry"
7915,80,"Forestry"
7917,80,"Forestry"
7306,80,"Forestry"
7307,80,"Forestry"
7308,80,"Forestry"
7309,80,"Forestry"
7313,80,"Forestry"
7318,80,"Forestry"
7319,80,"Forestry"
7320,80,"Forestry"
7322,80,"Forestry"
2541,80,"Forestry"
2542,80,"Forestry"
2540,80,"Forestry"
17804,80,"Forestry"
17807,80,"Forestry"
17805,80,"Forestry"
17806,80,"Forestry"
17585,80,"Forestry"
17583,80,"Forestry"
17559,80,"Forestry"
17561,80,"Forestry"
17562,80,"Forestry"
17796,80,"Forestry"
17572,80,"Forestry"
17574,80,"Forestry"
17575,80,"Forestry"
17576,80,"Forestry"
17577,80,"Forestry"
17578,80,"Forestry"
17579,80,"Forestry"
17798,80,"Forestry"
17799,80,"Forestry"
17800,80,"Forestry"
17801,80,"Forestry"
17802,80,"Forestry"
17803,80,"Forestry"
17808,80,"Forestry"
17581,80,"Forestry"
17582,80,"Forestry"
17584,80,"Forestry"
17586,80,"Forestry"
17587,80,"Forestry"
17588,80,"Forestry"
17589,80,"Forestry"
17590,80,"Forestry"
15732,80,"Forestry"
15733,80,"Forestry"
15734,80,"Forestry"
15739,80,"Forestry"
15766,80,"Forestry"
15767,80,"Forestry"
17797,80,"Forestry"
17573,80,"Forestry"
17809,80,"Forestry"
4237,80,"Forestry"
4236,80,"Forestry"
4549,80,"Forestry"
4401,80,"Forestry"
4555,80,"Forestry"
4556,80,"Forestry"
4630,80,"Forestry"
4631,80,"Forestry"
4402,80,"Forestry"
4650,80,"Forestry"
4651,80,"Forestry"
4569,80,"Forestry"
4570,80,"Forestry"
4282,80,"Forestry"
4250,80,"Forestry"
4300,80,"Forestry"
4301,80,"Forestry"
4302,80,"Forestry"
4303,80,"Forestry"
4304,80,"Forestry"
4443,80,"Forestry"
4447,80,"Forestry"
4688,80,"Forestry"
4696,80,"Forestry"
4338,80,"Forestry"
4697,80,"Forestry"
4602,80,"Forestry"
4439,80,"Forestry"
14082,80,"Forestry"
12598,80,"Forestry"
17042,80,"Forestry"
14088,80,"Forestry"
17720,80,"Forestry"
17721,80,"Forestry"
14090,80,"Forestry"
14091,80,"Forestry"
14092,80,"Forestry"
14093,80,"Forestry"
22570,80,"Forestry"
22574,80,"Forestry"
16744,80,"Forestry"
17043,80,"Forestry"
16819,80,"Forestry"
15741,80,"Forestry"
15769,80,"Forestry"
15770,80,"Forestry"
17047,80,"Forestry"
15776,80,"Forestry"
15781,80,"Forestry"
16027,80,"Forestry"
16741,80,"Forestry"
16742,80,"Forestry"
16745,80,"Forestry"
16994,80,"Forestry"
16995,80,"Forestry"
16996,80,"Forestry"
16997,80,"Forestry"
17010,80,"Forestry"
16747,80,"Forestry"
16751,80,"Forestry"
16752,80,"Forestry"
17015,80,"Forestry"
17016,80,"Forestry"
17017,80,"Forestry"
17018,80,"Forestry"
17019,80,"Forestry"
17020,80,"Forestry"
17021,80,"Forestry"
16739,80,"Forestry"
15785,80,"Forestry"
15786,80,"Forestry"
15822,80,"Forestry"
15833,80,"Forestry"
15834,80,"Forestry"
15567,80,"Forestry"
15568,80,"Forestry"
15569,80,"Forestry"
15823,80,"Forestry"
16998,80,"Forestry"
16999,80,"Forestry"
17011,80,"Forestry"
15778,80,"Forestry"
15787,80,"Forestry"
15793,80,"Forestry"
15805,80,"Forestry"
15799,80,"Forestry"
15800,80,"Forestry"
15808,80,"Forestry"
15809,80,"Forestry"
15810,80,"Forestry"
15812,80,"Forestry"
15565,80,"Forestry"
15761,80,"Forestry"
15762,80,"Forestry"
13220,80,"Forestry"
17072,80,"Forestry"
17076,80,"Forestry"
17079,80,"Forestry"
15235,80,"Forestry"
15472,80,"Forestry"
15478,80,"Forestry"
15473,80,"Forestry"
15574,80,"Forestry"
17080,80,"Forestry"
15233,80,"Forestry"
15234,80,"Forestry"
15479,80,"Forestry"
15474,80,"Forestry"
15475,80,"Forestry"
15476,80,"Forestry"
15485,80,"Forestry"
15242,80,"Forestry"
15246,80,"Forestry"
15247,80,"Forestry"
15259,80,"Forestry"
17075,80,"Forestry"
15477,80,"Forestry"
15241,80,"Forestry"
15243,80,"Forestry"
15244,80,"Forestry"
15576,80,"Forestry"
15284,80,"Forestry"
17065,80,"Forestry"
17067,80,"Forestry"
17069,80,"Forestry"
16812,80,"Forestry"
16815,80,"Forestry"
16837,80,"Forestry"
15236,80,"Forestry"
15480,80,"Forestry"
16811,80,"Forestry"
15245,80,"Forestry"
15239,80,"Forestry"
15238,80,"Forestry"
15483,80,"Forestry"
17064,80,"Forestry"
16838,80,"Forestry"
15572,80,"Forestry"
16774,80,"Forestry"
16776,80,"Forestry"
16778,80,"Forestry"
16779,80,"Forestry"
17035,80,"Forestry"
17036,80,"Forestry"
17037,80,"Forestry"
17038,80,"Forestry"
17070,80,"Forestry"
17071,80,"Forestry"
17073,80,"Forestry"
17074,80,"Forestry"
16809,80,"Forestry"
16817,80,"Forestry"
16818,80,"Forestry"
16820,80,"Forestry"
16821,80,"Forestry"
16822,80,"Forestry"
16824,80,"Forestry"
16825,80,"Forestry"
16826,80,"Forestry"
16827,80,"Forestry"
16828,80,"Forestry"
16829,80,"Forestry"
17077,80,"Forestry"
16830,80,"Forestry"
16831,80,"Forestry"
17078,80,"Forestry"
16832,80,"Forestry"
16833,80,"Forestry"
17081,80,"Forestry"
17082,80,"Forestry"
17083,80,"Forestry"
16814,80,"Forestry"
16816,80,"Forestry"
13702,80,"Forestry"
13700,80,"Forestry"
17553,80,"Forestry"
17554,80,"Forestry"
15824,80,"Forestry"
13701,80,"Forestry"
15760,80,"Forestry"
13221,80,"Forestry"
15522,80,"Forestry"
15523,80,"Forestry"
15526,80,"Forestry"
15290,80,"Forestry"
22464,80,"Forestry"
16806,80,"Forestry"
15291,80,"Forestry"
15548,80,"Forestry"
15549,80,"Forestry"
15550,80,"Forestry"
15551,80,"Forestry"
15552,80,"Forestry"
15553,80,"Forestry"
15554,80,"Forestry"
15555,80,"Forestry"
15556,80,"Forestry"
15557,80,"Forestry"
15608,80,"Forestry"
15610,80,"Forestry"
15612,80,"Forestry"
15614,80,"Forestry"
15616,80,"Forestry"
16839,80,"Forestry"
16841,80,"Forestry"
16842,80,"Forestry"
16843,80,"Forestry"
15607,80,"Forestry"
15609,80,"Forestry"
15611,80,"Forestry"
15613,80,"Forestry"
15615,80,"Forestry"
15617,80,"Forestry"
15618,80,"Forestry"
15620,80,"Forestry"
15621,80,"Forestry"
15559,80,"Forestry"
15560,80,"Forestry"
15561,80,"Forestry"
15601,80,"Forestry"
15602,80,"Forestry"
22466,80,"Forestry"
15500,80,"Forestry"
15499,80,"Forestry"
15254,80,"Forestry"
15240,80,"Forestry"
15528,80,"Forestry"
15599,80,"Forestry"
16798,80,"Forestry"
22262,80,"Forestry"
22272,80,"Forestry"
22742,80,"Forestry"
13698,80,"Forestry"
22269,80,"Forestry"
22270,80,"Forestry"
22271,80,"Forestry"
22534,80,"Forestry"
22535,80,"Forestry"
22706,80,"Forestry"
22707,80,"Forestry"
22709,80,"Forestry"
22667,80,"Forestry"
16010,80,"Forestry"
17001,80,"Forestry"
15759,80,"Forestry"
15740,80,"Forestry"
15742,80,"Forestry"
15768,80,"Forestry"
15756,80,"Forestry"
15745,80,"Forestry"
16986,80,"Forestry"
16987,80,"Forestry"
16990,80,"Forestry"
17009,80,"Forestry"
15746,80,"Forestry"
15747,80,"Forestry"
15748,80,"Forestry"
15752,80,"Forestry"
15753,80,"Forestry"
15754,80,"Forestry"
15755,80,"Forestry"
16014,80,"Forestry"
16020,80,"Forestry"
16021,80,"Forestry"
16022,80,"Forestry"
15829,80,"Forestry"
15831,80,"Forestry"
17002,80,"Forestry"
17004,80,"Forestry"
17008,80,"Forestry"
16743,80,"Forestry"
17000,80,"Forestry"
16988,80,"Forestry"
16984,80,"Forestry"
16991,80,"Forestry"
17045,80,"Forestry"
17046,80,"Forestry"
15708,80,"Forestry"
15757,80,"Forestry"
15711,80,"Forestry"
15709,80,"Forestry"
15744,80,"Forestry"
126,80,"Forestry"
99,77,"Forestry"
103,77,"Forestry"
104,77,"Forestry"
15481,77,"Forestry"
111,77,"Forestry"
112,77,"Forestry"
109,77,"Forestry"
127,77,"Forestry"
4414,77,"Forestry"
4417,77,"Forestry"
3021,77,"Forestry"
3022,77,"Forestry"
3023,77,"Forestry"
3051,77,"Forestry"
4406,77,"Forestry"
3052,77,"Forestry"
3013,77,"Forestry"
7897,77,"Forestry"
7905,77,"Forestry"
7898,77,"Forestry"
7290,77,"Forestry"
7899,77,"Forestry"
7291,77,"Forestry"
7292,77,"Forestry"
7287,77,"Forestry"
7896,77,"Forestry"
7289,77,"Forestry"
15501,77,"Forestry"
7288,77,"Forestry"
7877,77,"Forestry"
7296,77,"Forestry"
7916,77,"Forestry"
7856,77,"Forestry"
7858,77,"Forestry"
7860,77,"Forestry"
7890,77,"Forestry"
7892,77,"Forestry"
7884,77,"Forestry"
7282,77,"Forestry"
7284,77,"Forestry"
7285,77,"Forestry"
7286,77,"Forestry"
7894,77,"Forestry"
7855,77,"Forestry"
7895,77,"Forestry"
15998,77,"Forestry"
7886,77,"Forestry"
7276,77,"Forestry"
7277,77,"Forestry"
7871,77,"Forestry"
7261,77,"Forestry"
7263,77,"Forestry"
7264,77,"Forestry"
7297,77,"Forestry"
7298,77,"Forestry"
7299,77,"Forestry"
7300,77,"Forestry"
7912,77,"Forestry"
7265,77,"Forestry"
7876,77,"Forestry"
7262,77,"Forestry"
7861,77,"Forestry"
7873,77,"Forestry"
22835,77,"Forestry"
7857,77,"Forestry"
11621,77,"Forestry"
11900,77,"Forestry"
7866,77,"Forestry"
7868,77,"Forestry"
7870,77,"Forestry"
7872,77,"Forestry"
7260,77,"Forestry"
7267,77,"Forestry"
7268,77,"Forestry"
7302,77,"Forestry"
7272,77,"Forestry"
7269,77,"Forestry"
7869,77,"Forestry"
7950,77,"Forestry"
7951,77,"Forestry"
12129,77,"Forestry"
12139,77,"Forestry"
11906,77,"Forestry"
11909,77,"Forestry"
15502,77,"Forestry"
15248,77,"Forestry"
15250,77,"Forestry"
15251,77,"Forestry"
16000,77,"Forestry"
15999,77,"Forestry"
22538,77,"Forestry"
15518,77,"Forestry"
16006,77,"Forestry"
15846,77,"Forestry"
15509,77,"Forestry"
16011,77,"Forestry"
7875,77,"Forestry"
7885,77,"Forestry"
15845,77,"Forestry"
15847,77,"Forestry"
22472,77,"Forestry"
22253,77,"Forestry"
22254,77,"Forestry"
22492,77,"Forestry"
15510,77,"Forestry"
15511,77,"Forestry"
15515,77,"Forestry"
15516,77,"Forestry"
15517,77,"Forestry"
15514,77,"Forestry"
22836,77,"Forestry"
22840,77,"Forestry"
22620,77,"Forestry"
22789,77,"Forestry"
22580,77,"Forestry"
22575,77,"Forestry"
22593,77,"Forestry"
22594,77,"Forestry"
22595,77,"Forestry"
22596,77,"Forestry"
22607,77,"Forestry"
22831,77,"Forestry"
22598,77,"Forestry"
107,77,"Forestry"
15232,77,"Forestry"
15482,77,"Forestry"
15573,77,"Forestry"
16836,77,"Forestry"
7273,77,"Forestry"
7922,77,"Forestry"
7923,77,"Forestry"
7927,77,"Forestry"
7929,77,"Forestry"
7926,77,"Forestry"
7328,77,"Forestry"
2818,77,"Forestry"
2810,77,"Forestry"
2814,77,"Forestry"
2838,77,"Forestry"
7330,77,"Forestry"
2811,77,"Forestry"
7918,77,"Forestry"
7920,77,"Forestry"
7324,77,"Forestry"
7910,77,"Forestry"
7301,77,"Forestry"
7305,77,"Forestry"
7275,77,"Forestry"
7891,77,"Forestry"
16834,77,"Forestry"
16835,77,"Forestry"
7304,77,"Forestry"
7919,77,"Forestry"
7930,77,"Forestry"
4210,77,"Forestry"
4339,77,"Forestry"
2826,77,"Forestry"
2907,77,"Forestry"
2836,77,"Forestry"
2813,77,"Forestry"
3009,77,"Forestry"
3026,77,"Forestry"
2834,77,"Forestry"
3025,77,"Forestry"
3032,77,"Forestry"
2840,77,"Forestry"
2842,77,"Forestry"
2843,77,"Forestry"
2844,77,"Forestry"
2854,77,"Forestry"
2855,77,"Forestry"
2827,77,"Forestry"
4634,77,"Forestry"
4393,77,"Forestry"
4394,77,"Forestry"
3015,77,"Forestry"
3018,77,"Forestry"
3019,77,"Forestry"
4386,77,"Forestry"
3020,77,"Forestry"
4392,77,"Forestry"
4632,77,"Forestry"
4633,77,"Forestry"
3011,77,"Forestry"
3012,77,"Forestry"
4379,77,"Forestry"
3014,77,"Forestry"
3017,77,"Forestry"
4380,77,"Forestry"
4381,77,"Forestry"
4383,77,"Forestry"
4385,77,"Forestry"
4388,77,"Forestry"
4382,77,"Forestry"
4384,77,"Forestry"
4387,77,"Forestry"
4390,77,"Forestry"
2837,77,"Forestry"
2867,77,"Forestry"
4637,77,"Forestry"
4636,77,"Forestry"
4657,77,"Forestry"
7294,77,"Forestry"
7909,77,"Forestry"
7902,77,"Forestry"
2588,77,"Forestry"
2590,77,"Forestry"
91,77,"Forestry"
15237,77,"Forestry"
7036,77,"Forestry"
16740,77,"Forestry"
16746,77,"Forestry"
16750,77,"Forestry"
17022,77,"Forestry"
17012,77,"Forestry"
16748,77,"Forestry"
17013,77,"Forestry"
6811,77,"Forestry"
6812,77,"Forestry"
6813,77,"Forestry"
11809,77,"Forestry"
2877,77,"Forestry"
2903,77,"Forestry"
2879,77,"Forestry"
2901,77,"Forestry"
2909,77,"Forestry"
2911,77,"Forestry"
2908,77,"Forestry"
2910,77,"Forestry"
2915,77,"Forestry"
2912,77,"Forestry"
11622,77,"Forestry"
12076,77,"Forestry"
11902,77,"Forestry"
7867,77,"Forestry"
7363,77,"Forestry"
12082,77,"Forestry"
12083,77,"Forestry"
12077,77,"Forestry"
12078,77,"Forestry"
12085,77,"Forestry"
12089,77,"Forestry"
12110,77,"Forestry"
12079,77,"Forestry"
12084,77,"Forestry"
12086,77,"Forestry"
12075,77,"Forestry"
12090,77,"Forestry"
11847,77,"Forestry"
11848,77,"Forestry"
12108,77,"Forestry"
11891,77,"Forestry"
12109,77,"Forestry"
12111,77,"Forestry"
12112,77,"Forestry"
12113,77,"Forestry"
12115,77,"Forestry"
12116,77,"Forestry"
7253,77,"Forestry"
11840,77,"Forestry"
7848,77,"Forestry"
7332,77,"Forestry"
11845,77,"Forestry"
11592,77,"Forestry"
2868,77,"Forestry"
11810,77,"Forestry"
11591,77,"Forestry"
11837,77,"Forestry"
11839,77,"Forestry"
11838,77,"Forestry"
11842,77,"Forestry"
16784,77,"Forestry"
17063,77,"Forestry"
17056,77,"Forestry"
16786,77,"Forestry"
16807,77,"Forestry"
16787,77,"Forestry"
16788,77,"Forestry"
15253,77,"Forestry"
15255,77,"Forestry"
15252,77,"Forestry"
15520,77,"Forestry"
15493,77,"Forestry"
15494,77,"Forestry"
17048,77,"Forestry"
17051,77,"Forestry"
15835,77,"Forestry"
15836,77,"Forestry"
15837,77,"Forestry"
16790,77,"Forestry"
17053,77,"Forestry"
17054,77,"Forestry"
15993,77,"Forestry"
15994,77,"Forestry"
13704,77,"Forestry"
16803,77,"Forestry"
16804,77,"Forestry"
15992,77,"Forestry"
15838,77,"Forestry"
13735,77,"Forestry"
15997,77,"Forestry"
16794,77,"Forestry"
17058,77,"Forestry"
15839,77,"Forestry"
16047,77,"Forestry"
16048,77,"Forestry"
15840,77,"Forestry"
16038,77,"Forestry"
16041,77,"Forestry"
16763,77,"Forestry"
16771,77,"Forestry"
16764,77,"Forestry"
16770,77,"Forestry"
16773,77,"Forestry"
16775,77,"Forestry"
16772,77,"Forestry"
110,77,"Forestry"
16761,77,"Forestry"
16765,77,"Forestry"
16766,77,"Forestry"
16767,77,"Forestry"
16768,77,"Forestry"
17039,77,"Forestry"
17041,77,"Forestry"
4629,77,"Forestry"
4397,77,"Forestry"
4648,77,"Forestry"
4606,77,"Forestry"
4243,77,"Forestry"
4603,77,"Forestry"
4448,77,"Forestry"
2768,77,"Forestry"
2769,77,"Forestry"
4441,77,"Forestry"
4604,77,"Forestry"
4605,77,"Forestry"
4668,77,"Forestry"
4669,77,"Forestry"
2782,77,"Forestry"
2780,77,"Forestry"
2783,77,"Forestry"
2788,77,"Forestry"
2781,77,"Forestry"
2789,77,"Forestry"
2551,77,"Forestry"
4213,77,"Forestry"
2785,77,"Forestry"
2786,77,"Forestry"
2787,77,"Forestry"
2790,77,"Forestry"
4242,77,"Forestry"
2779,77,"Forestry"
2784,77,"Forestry"
4389,77,"Forestry"
3016,77,"Forestry"
4641,77,"Forestry"
4371,77,"Forestry"
4375,77,"Forestry"
4662,77,"Forestry"
4706,77,"Forestry"
4652,77,"Forestry"
7311,77,"Forestry"
7312,77,"Forestry"
7913,77,"Forestry"
7914,77,"Forestry"
7915,77,"Forestry"
7917,77,"Forestry"
7306,77,"Forestry"
7307,77,"Forestry"
7308,77,"Forestry"
7309,77,"Forestry"
7313,77,"Forestry"
7318,77,"Forestry"
7319,77,"Forestry"
7320,77,"Forestry"
7322,77,"Forestry"
2541,77,"Forestry"
2542,77,"Forestry"
2540,77,"Forestry"
17804,77,"Forestry"
17807,77,"Forestry"
17805,77,"Forestry"
17806,77,"Forestry"
17585,77,"Forestry"
17583,77,"Forestry"
17559,77,"Forestry"
17561,77,"Forestry"
17562,77,"Forestry"
17796,77,"Forestry"
17572,77,"Forestry"
17574,77,"Forestry"
17575,77,"Forestry"
17576,77,"Forestry"
17577,77,"Forestry"
17578,77,"Forestry"
17579,77,"Forestry"
17798,77,"Forestry"
17799,77,"Forestry"
17800,77,"Forestry"
17801,77,"Forestry"
17802,77,"Forestry"
17803,77,"Forestry"
17808,77,"Forestry"
17581,77,"Forestry"
17582,77,"Forestry"
17584,77,"Forestry"
17586,77,"Forestry"
17587,77,"Forestry"
17588,77,"Forestry"
17589,77,"Forestry"
17590,77,"Forestry"
15732,77,"Forestry"
15733,77,"Forestry"
15734,77,"Forestry"
15739,77,"Forestry"
15766,77,"Forestry"
15767,77,"Forestry"
17797,77,"Forestry"
17573,77,"Forestry"
17809,77,"Forestry"
4237,77,"Forestry"
4236,77,"Forestry"
4549,77,"Forestry"
4401,77,"Forestry"
4555,77,"Forestry"
4556,77,"Forestry"
4630,77,"Forestry"
4631,77,"Forestry"
4402,77,"Forestry"
4650,77,"Forestry"
4651,77,"Forestry"
4569,77,"Forestry"
4570,77,"Forestry"
4282,77,"Forestry"
4250,77,"Forestry"
4300,77,"Forestry"
4301,77,"Forestry"
4302,77,"Forestry"
4303,77,"Forestry"
4304,77,"Forestry"
4443,77,"Forestry"
4447,77,"Forestry"
4688,77,"Forestry"
4696,77,"Forestry"
4338,77,"Forestry"
4697,77,"Forestry"
4602,77,"Forestry"
4439,77,"Forestry"
14082,77,"Forestry"
12598,77,"Forestry"
17042,77,"Forestry"
14088,77,"Forestry"
17720,77,"Forestry"
17721,77,"Forestry"
14090,77,"Forestry"
14091,77,"Forestry"
14092,77,"Forestry"
14093,77,"Forestry"
22570,77,"Forestry"
22574,77,"Forestry"
16744,77,"Forestry"
17043,77,"Forestry"
16819,77,"Forestry"
15741,77,"Forestry"
15769,77,"Forestry"
15770,77,"Forestry"
17047,77,"Forestry"
15776,77,"Forestry"
15781,77,"Forestry"
16027,77,"Forestry"
16741,77,"Forestry"
16742,77,"Forestry"
16745,77,"Forestry"
16994,77,"Forestry"
16995,77,"Forestry"
16996,77,"Forestry"
16997,77,"Forestry"
17010,77,"Forestry"
16747,77,"Forestry"
16751,77,"Forestry"
16752,77,"Forestry"
17015,77,"Forestry"
17016,77,"Forestry"
17017,77,"Forestry"
17018,77,"Forestry"
17019,77,"Forestry"
17020,77,"Forestry"
17021,77,"Forestry"
16739,77,"Forestry"
15785,77,"Forestry"
15786,77,"Forestry"
15822,77,"Forestry"
15833,77,"Forestry"
15834,77,"Forestry"
15567,77,"Forestry"
15568,77,"Forestry"
15569,77,"Forestry"
15823,77,"Forestry"
16998,77,"Forestry"
16999,77,"Forestry"
17011,77,"Forestry"
15778,77,"Forestry"
15787,77,"Forestry"
15793,77,"Forestry"
15805,77,"Forestry"
15799,77,"Forestry"
15800,77,"Forestry"
15808,77,"Forestry"
15809,77,"Forestry"
15810,77,"Forestry"
15812,77,"Forestry"
15565,77,"Forestry"
15761,77,"Forestry"
15762,77,"Forestry"
13220,77,"Forestry"
17072,77,"Forestry"
17076,77,"Forestry"
17079,77,"Forestry"
15235,77,"Forestry"
15472,77,"Forestry"
15478,77,"Forestry"
15473,77,"Forestry"
15574,77,"Forestry"
17080,77,"Forestry"
15233,77,"Forestry"
15234,77,"Forestry"
15479,77,"Forestry"
15474,77,"Forestry"
15475,77,"Forestry"
15476,77,"Forestry"
15485,77,"Forestry"
15242,77,"Forestry"
15246,77,"Forestry"
15247,77,"Forestry"
15259,77,"Forestry"
17075,77,"Forestry"
15477,77,"Forestry"
15241,77,"Forestry"
15243,77,"Forestry"
15244,77,"Forestry"
15576,77,"Forestry"
15284,77,"Forestry"
17065,77,"Forestry"
17067,77,"Forestry"
17069,77,"Forestry"
16812,77,"Forestry"
16815,77,"Forestry"
16837,77,"Forestry"
15236,77,"Forestry"
15480,77,"Forestry"
16811,77,"Forestry"
15245,77,"Forestry"
15239,77,"Forestry"
15238,77,"Forestry"
15483,77,"Forestry"
17064,77,"Forestry"
16838,77,"Forestry"
15572,77,"Forestry"
16774,77,"Forestry"
16776,77,"Forestry"
16778,77,"Forestry"
16779,77,"Forestry"
17035,77,"Forestry"
17036,77,"Forestry"
17037,77,"Forestry"
17038,77,"Forestry"
17070,77,"Forestry"
17071,77,"Forestry"
17073,77,"Forestry"
17074,77,"Forestry"
16809,77,"Forestry"
16817,77,"Forestry"
16818,77,"Forestry"
16820,77,"Forestry"
16821,77,"Forestry"
16822,77,"Forestry"
16824,77,"Forestry"
16825,77,"Forestry"
16826,77,"Forestry"
16827,77,"Forestry"
16828,77,"Forestry"
16829,77,"Forestry"
17077,77,"Forestry"
16830,77,"Forestry"
16831,77,"Forestry"
17078,77,"Forestry"
16832,77,"Forestry"
16833,77,"Forestry"
17081,77,"Forestry"
17082,77,"Forestry"
17083,77,"Forestry"
16814,77,"Forestry"
16816,77,"Forestry"
13702,77,"Forestry"
13700,77,"Forestry"
17553,77,"Forestry"
17554,77,"Forestry"
15824,77,"Forestry"
13701,77,"Forestry"
15760,77,"Forestry"
13221,77,"Forestry"
15522,77,"Forestry"
15523,77,"Forestry"
15526,77,"Forestry"
15290,77,"Forestry"
22464,77,"Forestry"
16806,77,"Forestry"
15291,77,"Forestry"
15548,77,"Forestry"
15549,77,"Forestry"
15550,77,"Forestry"
15551,77,"Forestry"
15552,77,"Forestry"
15553,77,"Forestry"
15554,77,"Forestry"
15555,77,"Forestry"
15556,77,"Forestry"
15557,77,"Forestry"
15608,77,"Forestry"
15610,77,"Forestry"
15612,77,"Forestry"
15614,77,"Forestry"
15616,77,"Forestry"
16839,77,"Forestry"
16841,77,"Forestry"
16842,77,"Forestry"
16843,77,"Forestry"
15607,77,"Forestry"
15609,77,"Forestry"
15611,77,"Forestry"
15613,77,"Forestry"
15615,77,"Forestry"
15617,77,"Forestry"
15618,77,"Forestry"
15620,77,"Forestry"
15621,77,"Forestry"
15559,77,"Forestry"
15560,77,"Forestry"
15561,77,"Forestry"
15601,77,"Forestry"
15602,77,"Forestry"
22466,77,"Forestry"
15500,77,"Forestry"
15499,77,"Forestry"
15254,77,"Forestry"
15240,77,"Forestry"
15528,77,"Forestry"
15599,77,"Forestry"
16798,77,"Forestry"
22262,77,"Forestry"
22272,77,"Forestry"
22742,77,"Forestry"
13698,77,"Forestry"
22269,77,"Forestry"
22270,77,"Forestry"
22271,77,"Forestry"
22534,77,"Forestry"
22535,77,"Forestry"
22706,77,"Forestry"
22707,77,"Forestry"
22709,77,"Forestry"
22667,77,"Forestry"
16010,77,"Forestry"
17001,77,"Forestry"
15759,77,"Forestry"
15740,77,"Forestry"
15742,77,"Forestry"
15768,77,"Forestry"
15756,77,"Forestry"
15745,77,"Forestry"
16986,77,"Forestry"
16987,77,"Forestry"
16990,77,"Forestry"
17009,77,"Forestry"
15746,77,"Forestry"
15747,77,"Forestry"
15748,77,"Forestry"
15752,77,"Forestry"
15753,77,"Forestry"
15754,77,"Forestry"
15755,77,"Forestry"
16014,77,"Forestry"
16020,77,"Forestry"
16021,77,"Forestry"
16022,77,"Forestry"
15829,77,"Forestry"
15831,77,"Forestry"
17002,77,"Forestry"
17004,77,"Forestry"
17008,77,"Forestry"
16743,77,"Forestry"
17000,77,"Forestry"
16988,77,"Forestry"
16984,77,"Forestry"
16991,77,"Forestry"
17045,77,"Forestry"
17046,77,"Forestry"
15708,77,"Forestry"
15757,77,"Forestry"
15711,77,"Forestry"
15709,77,"Forestry"
15744,77,"Forestry"
126,77,"Forestry"
99,69,"Forestry"
103,69,"Forestry"
104,69,"Forestry"
15481,69,"Forestry"
111,69,"Forestry"
112,69,"Forestry"
109,69,"Forestry"
127,69,"Forestry"
4414,69,"Forestry"
4417,69,"Forestry"
3021,69,"Forestry"
3022,69,"Forestry"
3023,69,"Forestry"
3051,69,"Forestry"
4406,69,"Forestry"
3052,69,"Forestry"
3013,69,"Forestry"
7897,69,"Forestry"
7905,69,"Forestry"
7898,69,"Forestry"
7290,69,"Forestry"
7899,69,"Forestry"
7291,69,"Forestry"
7292,69,"Forestry"
7287,69,"Forestry"
7896,69,"Forestry"
7289,69,"Forestry"
15501,69,"Forestry"
7288,69,"Forestry"
7877,69,"Forestry"
7296,69,"Forestry"
7916,69,"Forestry"
7856,69,"Forestry"
7858,69,"Forestry"
7860,69,"Forestry"
7890,69,"Forestry"
7892,69,"Forestry"
7884,69,"Forestry"
7282,69,"Forestry"
7284,69,"Forestry"
7285,69,"Forestry"
7286,69,"Forestry"
7894,69,"Forestry"
7855,69,"Forestry"
7895,69,"Forestry"
15998,69,"Forestry"
7886,69,"Forestry"
7276,69,"Forestry"
7277,69,"Forestry"
7871,69,"Forestry"
7261,69,"Forestry"
7263,69,"Forestry"
7264,69,"Forestry"
7297,69,"Forestry"
7298,69,"Forestry"
7299,69,"Forestry"
7300,69,"Forestry"
7912,69,"Forestry"
7265,69,"Forestry"
7876,69,"Forestry"
7262,69,"Forestry"
7861,69,"Forestry"
7873,69,"Forestry"
22835,69,"Forestry"
7857,69,"Forestry"
11621,69,"Forestry"
11900,69,"Forestry"
7866,69,"Forestry"
7868,69,"Forestry"
7870,69,"Forestry"
7872,69,"Forestry"
7260,69,"Forestry"
7267,69,"Forestry"
7268,69,"Forestry"
7302,69,"Forestry"
7272,69,"Forestry"
7269,69,"Forestry"
7869,69,"Forestry"
7950,69,"Forestry"
7951,69,"Forestry"
12129,69,"Forestry"
12139,69,"Forestry"
11906,69,"Forestry"
11909,69,"Forestry"
15502,69,"Forestry"
15248,69,"Forestry"
15250,69,"Forestry"
15251,69,"Forestry"
16000,69,"Forestry"
15999,69,"Forestry"
22538,69,"Forestry"
15518,69,"Forestry"
16006,69,"Forestry"
15846,69,"Forestry"
15509,69,"Forestry"
16011,69,"Forestry"
7875,69,"Forestry"
7885,69,"Forestry"
15845,69,"Forestry"
15847,69,"Forestry"
22472,69,"Forestry"
22253,69,"Forestry"
22254,69,"Forestry"
22492,69,"Forestry"
15510,69,"Forestry"
15511,69,"Forestry"
15515,69,"Forestry"
15516,69,"Forestry"
15517,69,"Forestry"
15514,69,"Forestry"
22836,69,"Forestry"
22840,69,"Forestry"
22620,69,"Forestry"
22789,69,"Forestry"
22580,69,"Forestry"
22575,69,"Forestry"
22593,69,"Forestry"
22594,69,"Forestry"
22595,69,"Forestry"
22596,69,"Forestry"
22607,69,"Forestry"
22831,69,"Forestry"
22598,69,"Forestry"
107,69,"Forestry"
15232,69,"Forestry"
15482,69,"Forestry"
15573,69,"Forestry"
16836,69,"Forestry"
7273,69,"Forestry"
7922,69,"Forestry"
7923,69,"Forestry"
7927,69,"Forestry"
7929,69,"Forestry"
7926,69,"Forestry"
7328,69,"Forestry"
2818,69,"Forestry"
2810,69,"Forestry"
2814,69,"Forestry"
2838,69,"Forestry"
7330,69,"Forestry"
2811,69,"Forestry"
7918,69,"Forestry"
7920,69,"Forestry"
7324,69,"Forestry"
7910,69,"Forestry"
7301,69,"Forestry"
7305,69,"Forestry"
7275,69,"Forestry"
7891,69,"Forestry"
16834,69,"Forestry"
16835,69,"Forestry"
7304,69,"Forestry"
7919,69,"Forestry"
7930,69,"Forestry"
4210,69,"Forestry"
4339,69,"Forestry"
2826,69,"Forestry"
2907,69,"Forestry"
2836,69,"Forestry"
2813,69,"Forestry"
3009,69,"Forestry"
3026,69,"Forestry"
2834,69,"Forestry"
3025,69,"Forestry"
3032,69,"Forestry"
2840,69,"Forestry"
2842,69,"Forestry"
2843,69,"Forestry"
2844,69,"Forestry"
2854,69,"Forestry"
2855,69,"Forestry"
2827,69,"Forestry"
4634,69,"Forestry"
4393,69,"Forestry"
4394,69,"Forestry"
3015,69,"Forestry"
3018,69,"Forestry"
3019,69,"Forestry"
4386,69,"Forestry"
3020,69,"Forestry"
4392,69,"Forestry"
4632,69,"Forestry"
4633,69,"Forestry"
3011,69,"Forestry"
3012,69,"Forestry"
4379,69,"Forestry"
3014,69,"Forestry"
3017,69,"Forestry"
4380,69,"Forestry"
4381,69,"Forestry"
4383,69,"Forestry"
4385,69,"Forestry"
4388,69,"Forestry"
4382,69,"Forestry"
4384,69,"Forestry"
4387,69,"Forestry"
4390,69,"Forestry"
2837,69,"Forestry"
2867,69,"Forestry"
4637,69,"Forestry"
4636,69,"Forestry"
4657,69,"Forestry"
7294,69,"Forestry"
7909,69,"Forestry"
7902,69,"Forestry"
2588,69,"Forestry"
2590,69,"Forestry"
91,69,"Forestry"
15237,69,"Forestry"
7036,69,"Forestry"
16740,69,"Forestry"
16746,69,"Forestry"
16750,69,"Forestry"
17022,69,"Forestry"
17012,69,"Forestry"
16748,69,"Forestry"
17013,69,"Forestry"
6811,69,"Forestry"
6812,69,"Forestry"
6813,69,"Forestry"
11809,69,"Forestry"
2877,69,"Forestry"
2903,69,"Forestry"
2879,69,"Forestry"
2901,69,"Forestry"
2909,69,"Forestry"
2911,69,"Forestry"
2908,69,"Forestry"
2910,69,"Forestry"
2915,69,"Forestry"
2912,69,"Forestry"
11622,69,"Forestry"
12076,69,"Forestry"
11902,69,"Forestry"
7867,69,"Forestry"
7363,69,"Forestry"
12082,69,"Forestry"
12083,69,"Forestry"
12077,69,"Forestry"
12078,69,"Forestry"
12085,69,"Forestry"
12089,69,"Forestry"
12110,69,"Forestry"
12079,69,"Forestry"
12084,69,"Forestry"
12086,69,"Forestry"
12075,69,"Forestry"
12090,69,"Forestry"
11847,69,"Forestry"
11848,69,"Forestry"
12108,69,"Forestry"
11891,69,"Forestry"
12109,69,"Forestry"
12111,69,"Forestry"
12112,69,"Forestry"
12113,69,"Forestry"
12115,69,"Forestry"
12116,69,"Forestry"
7253,69,"Forestry"
11840,69,"Forestry"
7848,69,"Forestry"
7332,69,"Forestry"
11845,69,"Forestry"
11592,69,"Forestry"
2868,69,"Forestry"
11810,69,"Forestry"
11591,69,"Forestry"
11837,69,"Forestry"
11839,69,"Forestry"
11838,69,"Forestry"
11842,69,"Forestry"
16784,69,"Forestry"
17063,69,"Forestry"
17056,69,"Forestry"
16786,69,"Forestry"
16807,69,"Forestry"
16787,69,"Forestry"
16788,69,"Forestry"
15253,69,"Forestry"
15255,69,"Forestry"
15252,69,"Forestry"
15520,69,"Forestry"
15493,69,"Forestry"
15494,69,"Forestry"
17048,69,"Forestry"
17051,69,"Forestry"
15835,69,"Forestry"
15836,69,"Forestry"
15837,69,"Forestry"
16790,69,"Forestry"
17053,69,"Forestry"
17054,69,"Forestry"
15993,69,"Forestry"
15994,69,"Forestry"
13704,69,"Forestry"
16803,69,"Forestry"
16804,69,"Forestry"
15992,69,"Forestry"
15838,69,"Forestry"
13735,69,"Forestry"
15997,69,"Forestry"
16794,69,"Forestry"
17058,69,"Forestry"
15839,69,"Forestry"
16047,69,"Forestry"
16048,69,"Forestry"
15840,69,"Forestry"
16038,69,"Forestry"
16041,69,"Forestry"
16763,69,"Forestry"
16771,69,"Forestry"
16764,69,"Forestry"
16770,69,"Forestry"
16773,69,"Forestry"
16775,69,"Forestry"
16772,69,"Forestry"
110,69,"Forestry"
16761,69,"Forestry"
16765,69,"Forestry"
16766,69,"Forestry"
16767,69,"Forestry"
16768,69,"Forestry"
17039,69,"Forestry"
17041,69,"Forestry"
4629,69,"Forestry"
4397,69,"Forestry"
4648,69,"Forestry"
4606,69,"Forestry"
4243,69,"Forestry"
4603,69,"Forestry"
4448,69,"Forestry"
2768,69,"Forestry"
2769,69,"Forestry"
4441,69,"Forestry"
4604,69,"Forestry"
4605,69,"Forestry"
4668,69,"Forestry"
4669,69,"Forestry"
2782,69,"Forestry"
2780,69,"Forestry"
2783,69,"Forestry"
2788,69,"Forestry"
2781,69,"Forestry"
2789,69,"Forestry"
2551,69,"Forestry"
4213,69,"Forestry"
2785,69,"Forestry"
2786,69,"Forestry"
2787,69,"Forestry"
2790,69,"Forestry"
4242,69,"Forestry"
2779,69,"Forestry"
2784,69,"Forestry"
4389,69,"Forestry"
3016,69,"Forestry"
4641,69,"Forestry"
4371,69,"Forestry"
4375,69,"Forestry"
4662,69,"Forestry"
4706,69,"Forestry"
4652,69,"Forestry"
7311,69,"Forestry"
7312,69,"Forestry"
7913,69,"Forestry"
7914,69,"Forestry"
7915,69,"Forestry"
7917,69,"Forestry"
7306,69,"Forestry"
7307,69,"Forestry"
7308,69,"Forestry"
7309,69,"Forestry"
7313,69,"Forestry"
7318,69,"Forestry"
7319,69,"Forestry"
7320,69,"Forestry"
7322,69,"Forestry"
2541,69,"Forestry"
2542,69,"Forestry"
2540,69,"Forestry"
17804,69,"Forestry"
17807,69,"Forestry"
17805,69,"Forestry"
17806,69,"Forestry"
17585,69,"Forestry"
17583,69,"Forestry"
17559,69,"Forestry"
17561,69,"Forestry"
17562,69,"Forestry"
17796,69,"Forestry"
17572,69,"Forestry"
17574,69,"Forestry"
17575,69,"Forestry"
17576,69,"Forestry"
17577,69,"Forestry"
17578,69,"Forestry"
17579,69,"Forestry"
17798,69,"Forestry"
17799,69,"Forestry"
17800,69,"Forestry"
17801,69,"Forestry"
17802,69,"Forestry"
17803,69,"Forestry"
17808,69,"Forestry"
17581,69,"Forestry"
17582,69,"Forestry"
17584,69,"Forestry"
17586,69,"Forestry"
17587,69,"Forestry"
17588,69,"Forestry"
17589,69,"Forestry"
17590,69,"Forestry"
15732,69,"Forestry"
15733,69,"Forestry"
15734,69,"Forestry"
15739,69,"Forestry"
15766,69,"Forestry"
15767,69,"Forestry"
17797,69,"Forestry"
17573,69,"Forestry"
17809,69,"Forestry"
4237,69,"Forestry"
4236,69,"Forestry"
4549,69,"Forestry"
4401,69,"Forestry"
4555,69,"Forestry"
4556,69,"Forestry"
4630,69,"Forestry"
4631,69,"Forestry"
4402,69,"Forestry"
4650,69,"Forestry"
4651,69,"Forestry"
4569,69,"Forestry"
4570,69,"Forestry"
4282,69,"Forestry"
4250,69,"Forestry"
4300,69,"Forestry"
4301,69,"Forestry"
4302,69,"Forestry"
4303,69,"Forestry"
4304,69,"Forestry"
4443,69,"Forestry"
4447,69,"Forestry"
4688,69,"Forestry"
4696,69,"Forestry"
4338,69,"Forestry"
4697,69,"Forestry"
4602,69,"Forestry"
4439,69,"Forestry"
14082,69,"Forestry"
12598,69,"Forestry"
17042,69,"Forestry"
14088,69,"Forestry"
17720,69,"Forestry"
17721,69,"Forestry"
14090,69,"Forestry"
14091,69,"Forestry"
14092,69,"Forestry"
14093,69,"Forestry"
22570,69,"Forestry"
22574,69,"Forestry"
16744,69,"Forestry"
17043,69,"Forestry"
16819,69,"Forestry"
15741,69,"Forestry"
15769,69,"Forestry"
15770,69,"Forestry"
17047,69,"Forestry"
15776,69,"Forestry"
15781,69,"Forestry"
16027,69,"Forestry"
16741,69,"Forestry"
16742,69,"Forestry"
16745,69,"Forestry"
16994,69,"Forestry"
16995,69,"Forestry"
16996,69,"Forestry"
16997,69,"Forestry"
17010,69,"Forestry"
16747,69,"Forestry"
16751,69,"Forestry"
16752,69,"Forestry"
17015,69,"Forestry"
17016,69,"Forestry"
17017,69,"Forestry"
17018,69,"Forestry"
17019,69,"Forestry"
17020,69,"Forestry"
17021,69,"Forestry"
16739,69,"Forestry"
15785,69,"Forestry"
15786,69,"Forestry"
15822,69,"Forestry"
15833,69,"Forestry"
15834,69,"Forestry"
15567,69,"Forestry"
15568,69,"Forestry"
15569,69,"Forestry"
15823,69,"Forestry"
16998,69,"Forestry"
16999,69,"Forestry"
17011,69,"Forestry"
15778,69,"Forestry"
15787,69,"Forestry"
15793,69,"Forestry"
15805,69,"Forestry"
15799,69,"Forestry"
15800,69,"Forestry"
15808,69,"Forestry"
15809,69,"Forestry"
15810,69,"Forestry"
15812,69,"Forestry"
15565,69,"Forestry"
15761,69,"Forestry"
15762,69,"Forestry"
13220,69,"Forestry"
17072,69,"Forestry"
17076,69,"Forestry"
17079,69,"Forestry"
15235,69,"Forestry"
15472,69,"Forestry"
15478,69,"Forestry"
15473,69,"Forestry"
15574,69,"Forestry"
17080,69,"Forestry"
15233,69,"Forestry"
15234,69,"Forestry"
15479,69,"Forestry"
15474,69,"Forestry"
15475,69,"Forestry"
15476,69,"Forestry"
15485,69,"Forestry"
15242,69,"Forestry"
15246,69,"Forestry"
15247,69,"Forestry"
15259,69,"Forestry"
17075,69,"Forestry"
15477,69,"Forestry"
15241,69,"Forestry"
15243,69,"Forestry"
15244,69,"Forestry"
15576,69,"Forestry"
15284,69,"Forestry"
17065,69,"Forestry"
17067,69,"Forestry"
17069,69,"Forestry"
16812,69,"Forestry"
16815,69,"Forestry"
16837,69,"Forestry"
15236,69,"Forestry"
15480,69,"Forestry"
16811,69,"Forestry"
15245,69,"Forestry"
15239,69,"Forestry"
15238,69,"Forestry"
15483,69,"Forestry"
17064,69,"Forestry"
16838,69,"Forestry"
15572,69,"Forestry"
16774,69,"Forestry"
16776,69,"Forestry"
16778,69,"Forestry"
16779,69,"Forestry"
17035,69,"Forestry"
17036,69,"Forestry"
17037,69,"Forestry"
17038,69,"Forestry"
17070,69,"Forestry"
17071,69,"Forestry"
17073,69,"Forestry"
17074,69,"Forestry"
16809,69,"Forestry"
16817,69,"Forestry"
16818,69,"Forestry"
16820,69,"Forestry"
16821,69,"Forestry"
16822,69,"Forestry"
16824,69,"Forestry"
16825,69,"Forestry"
16826,69,"Forestry"
16827,69,"Forestry"
16828,69,"Forestry"
16829,69,"Forestry"
17077,69,"Forestry"
16830,69,"Forestry"
16831,69,"Forestry"
17078,69,"Forestry"
16832,69,"Forestry"
16833,69,"Forestry"
17081,69,"Forestry"
17082,69,"Forestry"
17083,69,"Forestry"
16814,69,"Forestry"
16816,69,"Forestry"
13702,69,"Forestry"
13700,69,"Forestry"
17553,69,"Forestry"
17554,69,"Forestry"
15824,69,"Forestry"
13701,69,"Forestry"
15760,69,"Forestry"
13221,69,"Forestry"
15522,69,"Forestry"
15523,69,"Forestry"
15526,69,"Forestry"
15290,69,"Forestry"
22464,69,"Forestry"
16806,69,"Forestry"
15291,69,"Forestry"
15548,69,"Forestry"
15549,69,"Forestry"
15550,69,"Forestry"
15551,69,"Forestry"
15552,69,"Forestry"
15553,69,"Forestry"
15554,69,"Forestry"
15555,69,"Forestry"
15556,69,"Forestry"
15557,69,"Forestry"
15608,69,"Forestry"
15610,69,"Forestry"
15612,69,"Forestry"
15614,69,"Forestry"
15616,69,"Forestry"
16839,69,"Forestry"
16841,69,"Forestry"
16842,69,"Forestry"
16843,69,"Forestry"
15607,69,"Forestry"
15609,69,"Forestry"
15611,69,"Forestry"
15613,69,"Forestry"
15615,69,"Forestry"
15617,69,"Forestry"
15618,69,"Forestry"
15620,69,"Forestry"
15621,69,"Forestry"
15559,69,"Forestry"
15560,69,"Forestry"
15561,69,"Forestry"
15601,69,"Forestry"
15602,69,"Forestry"
22466,69,"Forestry"
15500,69,"Forestry"
15499,69,"Forestry"
15254,69,"Forestry"
15240,69,"Forestry"
15528,69,"Forestry"
15599,69,"Forestry"
16798,69,"Forestry"
22262,69,"Forestry"
22272,69,"Forestry"
22742,69,"Forestry"
13698,69,"Forestry"
22269,69,"Forestry"
22270,69,"Forestry"
22271,69,"Forestry"
22534,69,"Forestry"
22535,69,"Forestry"
22706,69,"Forestry"
22707,69,"Forestry"
22709,69,"Forestry"
22667,69,"Forestry"
16010,69,"Forestry"
17001,69,"Forestry"
15759,69,"Forestry"
15740,69,"Forestry"
15742,69,"Forestry"
15768,69,"Forestry"
15756,69,"Forestry"
15745,69,"Forestry"
16986,69,"Forestry"
16987,69,"Forestry"
16990,69,"Forestry"
17009,69,"Forestry"
15746,69,"Forestry"
15747,69,"Forestry"
15748,69,"Forestry"
15752,69,"Forestry"
15753,69,"Forestry"
15754,69,"Forestry"
15755,69,"Forestry"
16014,69,"Forestry"
16020,69,"Forestry"
16021,69,"Forestry"
16022,69,"Forestry"
15829,69,"Forestry"
15831,69,"Forestry"
17002,69,"Forestry"
17004,69,"Forestry"
17008,69,"Forestry"
16743,69,"Forestry"
17000,69,"Forestry"
16988,69,"Forestry"
16984,69,"Forestry"
16991,69,"Forestry"
17045,69,"Forestry"
17046,69,"Forestry"
15708,69,"Forestry"
15757,69,"Forestry"
15711,69,"Forestry"
15709,69,"Forestry"
15744,69,"Forestry"
126,69,"Forestry"
15569,71,"Fruit"
15824,71,"Fruit"
16797,71,"Fruit"
16800,71,"Fruit"
12036,71,"Fruit"
12037,71,"Fruit"
12038,71,"Fruit"
12039,71,"Fruit"
12319,71,"Fruit"
12321,71,"Fruit"
12323,71,"Fruit"
12568,71,"Fruit"
12369,71,"Fruit"
12320,71,"Fruit"
12379,71,"Fruit"
12380,71,"Fruit"
12589,71,"Fruit"
12590,71,"Fruit"
12591,71,"Fruit"
12594,71,"Fruit"
12406,71,"Fruit"
12595,71,"Fruit"
12529,71,"Fruit"
12530,71,"Fruit"
12040,71,"Fruit"
12041,71,"Fruit"
12048,71,"Fruit"
12317,71,"Fruit"
12528,71,"Fruit"
12531,71,"Fruit"
12534,71,"Fruit"
12535,71,"Fruit"
17565,71,"Fruit"
17727,71,"Fruit"
17729,71,"Fruit"
17730,71,"Fruit"
17770,71,"Fruit"
17566,71,"Fruit"
17568,71,"Fruit"
17726,71,"Fruit"
17728,71,"Fruit"
17537,71,"Fruit"
17538,71,"Fruit"
17733,71,"Fruit"
17734,71,"Fruit"
17567,71,"Fruit"
17725,71,"Fruit"
17782,71,"Fruit"
17784,71,"Fruit"
17785,71,"Fruit"
17787,71,"Fruit"
17791,71,"Fruit"
17792,71,"Fruit"
13519,71,"Fruit"
13719,71,"Fruit"
13720,71,"Fruit"
13721,71,"Fruit"
13732,71,"Fruit"
13707,71,"Fruit"
13708,71,"Fruit"
13710,71,"Fruit"
13714,71,"Fruit"
13731,71,"Fruit"
17739,71,"Fruit"
17740,71,"Fruit"
14179,71,"Fruit"
14189,71,"Fruit"
13807,71,"Fruit"
13809,71,"Fruit"
13826,71,"Fruit"
13828,71,"Fruit"
13831,71,"Fruit"
13753,71,"Fruit"
13759,71,"Fruit"
14222,71,"Fruit"
14226,71,"Fruit"
17524,71,"Fruit"
17526,71,"Fruit"
17527,71,"Fruit"
17536,71,"Fruit"
17735,71,"Fruit"
17736,71,"Fruit"
17737,71,"Fruit"
17738,71,"Fruit"
17745,71,"Fruit"
17761,71,"Fruit"
17748,71,"Fruit"
17749,71,"Fruit"
17750,71,"Fruit"
17760,71,"Fruit"
15559,71,"Fruit"
15561,71,"Fruit"
15601,71,"Fruit"
15554,71,"Fruit"
15603,71,"Fruit"
15604,71,"Fruit"
15605,71,"Fruit"
15606,71,"Fruit"
15612,71,"Fruit"
15613,71,"Fruit"
15602,71,"Fruit"
16798,71,"Fruit"
22255,71,"Fruit"
22262,71,"Fruit"
22514,71,"Fruit"
22269,71,"Fruit"
22270,71,"Fruit"
22271,71,"Fruit"
22272,71,"Fruit"
17821,71,"Fruit"
15569,72,"Fruit"
15824,72,"Fruit"
16797,72,"Fruit"
16800,72,"Fruit"
12036,72,"Fruit"
12037,72,"Fruit"
12038,72,"Fruit"
12039,72,"Fruit"
12319,72,"Fruit"
12321,72,"Fruit"
12323,72,"Fruit"
12568,72,"Fruit"
12369,72,"Fruit"
12320,72,"Fruit"
12379,72,"Fruit"
12380,72,"Fruit"
12589,72,"Fruit"
12590,72,"Fruit"
12591,72,"Fruit"
12594,72,"Fruit"
12406,72,"Fruit"
12595,72,"Fruit"
12529,72,"Fruit"
12530,72,"Fruit"
12040,72,"Fruit"
12041,72,"Fruit"
12048,72,"Fruit"
12317,72,"Fruit"
12528,72,"Fruit"
12531,72,"Fruit"
12534,72,"Fruit"
12535,72,"Fruit"
17565,72,"Fruit"
17727,72,"Fruit"
17729,72,"Fruit"
17730,72,"Fruit"
17770,72,"Fruit"
17566,72,"Fruit"
17568,72,"Fruit"
17726,72,"Fruit"
17728,72,"Fruit"
17537,72,"Fruit"
17538,72,"Fruit"
17733,72,"Fruit"
17734,72,"Fruit"
17567,72,"Fruit"
17725,72,"Fruit"
17782,72,"Fruit"
17784,72,"Fruit"
17785,72,"Fruit"
17787,72,"Fruit"
17791,72,"Fruit"
17792,72,"Fruit"
13519,72,"Fruit"
13719,72,"Fruit"
13720,72,"Fruit"
13721,72,"Fruit"
13732,72,"Fruit"
13707,72,"Fruit"
13708,72,"Fruit"
13710,72,"Fruit"
13714,72,"Fruit"
13731,72,"Fruit"
17739,72,"Fruit"
17740,72,"Fruit"
14179,72,"Fruit"
14189,72,"Fruit"
13807,72,"Fruit"
13809,72,"Fruit"
13826,72,"Fruit"
13828,72,"Fruit"
13831,72,"Fruit"
13753,72,"Fruit"
13759,72,"Fruit"
14222,72,"Fruit"
14226,72,"Fruit"
17524,72,"Fruit"
17526,72,"Fruit"
17527,72,"Fruit"
17536,72,"Fruit"
17735,72,"Fruit"
17736,72,"Fruit"
17737,72,"Fruit"
17738,72,"Fruit"
17745,72,"Fruit"
17761,72,"Fruit"
17748,72,"Fruit"
17749,72,"Fruit"
17750,72,"Fruit"
17760,72,"Fruit"
15559,72,"Fruit"
15561,72,"Fruit"
15601,72,"Fruit"
15554,72,"Fruit"
15603,72,"Fruit"
15604,72,"Fruit"
15605,72,"Fruit"
15606,72,"Fruit"
15612,72,"Fruit"
15613,72,"Fruit"
15602,72,"Fruit"
16798,72,"Fruit"
22255,72,"Fruit"
22262,72,"Fruit"
22514,72,"Fruit"
22269,72,"Fruit"
22270,72,"Fruit"
22271,72,"Fruit"
22272,72,"Fruit"
17821,72,"Fruit"
15569,78,"Fruit"
15824,78,"Fruit"
16797,78,"Fruit"
16800,78,"Fruit"
12036,78,"Fruit"
12037,78,"Fruit"
12038,78,"Fruit"
12039,78,"Fruit"
12319,78,"Fruit"
12321,78,"Fruit"
12323,78,"Fruit"
12568,78,"Fruit"
12369,78,"Fruit"
12320,78,"Fruit"
12379,78,"Fruit"
12380,78,"Fruit"
12589,78,"Fruit"
12590,78,"Fruit"
12591,78,"Fruit"
12594,78,"Fruit"
12406,78,"Fruit"
12595,78,"Fruit"
12529,78,"Fruit"
12530,78,"Fruit"
12040,78,"Fruit"
12041,78,"Fruit"
12048,78,"Fruit"
12317,78,"Fruit"
12528,78,"Fruit"
12531,78,"Fruit"
12534,78,"Fruit"
12535,78,"Fruit"
17565,78,"Fruit"
17727,78,"Fruit"
17729,78,"Fruit"
17730,78,"Fruit"
17770,78,"Fruit"
17566,78,"Fruit"
17568,78,"Fruit"
17726,78,"Fruit"
17728,78,"Fruit"
17537,78,"Fruit"
17538,78,"Fruit"
17733,78,"Fruit"
17734,78,"Fruit"
17567,78,"Fruit"
17725,78,"Fruit"
17782,78,"Fruit"
17784,78,"Fruit"
17785,78,"Fruit"
17787,78,"Fruit"
17791,78,"Fruit"
17792,78,"Fruit"
13519,78,"Fruit"
13719,78,"Fruit"
13720,78,"Fruit"
13721,78,"Fruit"
13732,78,"Fruit"
13707,78,"Fruit"
13708,78,"Fruit"
13710,78,"Fruit"
13714,78,"Fruit"
13731,78,"Fruit"
17739,78,"Fruit"
17740,78,"Fruit"
14179,78,"Fruit"
14189,78,"Fruit"
13807,78,"Fruit"
13809,78,"Fruit"
13826,78,"Fruit"
13828,78,"Fruit"
13831,78,"Fruit"
13753,78,"Fruit"
13759,78,"Fruit"
14222,78,"Fruit"
14226,78,"Fruit"
17524,78,"Fruit"
17526,78,"Fruit"
17527,78,"Fruit"
17536,78,"Fruit"
17735,78,"Fruit"
17736,78,"Fruit"
17737,78,"Fruit"
17738,78,"Fruit"
17745,78,"Fruit"
17761,78,"Fruit"
17748,78,"Fruit"
17749,78,"Fruit"
17750,78,"Fruit"
17760,78,"Fruit"
15559,78,"Fruit"
15561,78,"Fruit"
15601,78,"Fruit"
15554,78,"Fruit"
15603,78,"Fruit"
15604,78,"Fruit"
15605,78,"Fruit"
15606,78,"Fruit"
15612,78,"Fruit"
15613,78,"Fruit"
15602,78,"Fruit"
16798,78,"Fruit"
22255,78,"Fruit"
22262,78,"Fruit"
22514,78,"Fruit"
22269,78,"Fruit"
22270,78,"Fruit"
22271,78,"Fruit"
22272,78,"Fruit"
17821,78,"Fruit"
15569,70,"Fruit"
15824,70,"Fruit"
16797,70,"Fruit"
16800,70,"Fruit"
12036,70,"Fruit"
12037,70,"Fruit"
12038,70,"Fruit"
12039,70,"Fruit"
12319,70,"Fruit"
12321,70,"Fruit"
12323,70,"Fruit"
12568,70,"Fruit"
12369,70,"Fruit"
12320,70,"Fruit"
12379,70,"Fruit"
12380,70,"Fruit"
12589,70,"Fruit"
12590,70,"Fruit"
12591,70,"Fruit"
12594,70,"Fruit"
12406,70,"Fruit"
12595,70,"Fruit"
12529,70,"Fruit"
12530,70,"Fruit"
12040,70,"Fruit"
12041,70,"Fruit"
12048,70,"Fruit"
12317,70,"Fruit"
12528,70,"Fruit"
12531,70,"Fruit"
12534,70,"Fruit"
12535,70,"Fruit"
17565,70,"Fruit"
17727,70,"Fruit"
17729,70,"Fruit"
17730,70,"Fruit"
17770,70,"Fruit"
17566,70,"Fruit"
17568,70,"Fruit"
17726,70,"Fruit"
17728,70,"Fruit"
17537,70,"Fruit"
17538,70,"Fruit"
17733,70,"Fruit"
17734,70,"Fruit"
17567,70,"Fruit"
17725,70,"Fruit"
17782,70,"Fruit"
17784,70,"Fruit"
17785,70,"Fruit"
17787,70,"Fruit"
17791,70,"Fruit"
17792,70,"Fruit"
13519,70,"Fruit"
13719,70,"Fruit"
13720,70,"Fruit"
13721,70,"Fruit"
13732,70,"Fruit"
13707,70,"Fruit"
13708,70,"Fruit"
13710,70,"Fruit"
13714,70,"Fruit"
13731,70,"Fruit"
17739,70,"Fruit"
17740,70,"Fruit"
14179,70,"Fruit"
14189,70,"Fruit"
13807,70,"Fruit"
13809,70,"Fruit"
13826,70,"Fruit"
13828,70,"Fruit"
13831,70,"Fruit"
13753,70,"Fruit"
13759,70,"Fruit"
14222,70,"Fruit"
14226,70,"Fruit"
17524,70,"Fruit"
17526,70,"Fruit"
17527,70,"Fruit"
17536,70,"Fruit"
17735,70,"Fruit"
17736,70,"Fruit"
17737,70,"Fruit"
17738,70,"Fruit"
17745,70,"Fruit"
17761,70,"Fruit"
17748,70,"Fruit"
17749,70,"Fruit"
17750,70,"Fruit"
17760,70,"Fruit"
15559,70,"Fruit"
15561,70,"Fruit"
15601,70,"Fruit"
15554,70,"Fruit"
15603,70,"Fruit"
15604,70,"Fruit"
15605,70,"Fruit"
15606,70,"Fruit"
15612,70,"Fruit"
15613,70,"Fruit"
15602,70,"Fruit"
16798,70,"Fruit"
22255,70,"Fruit"
22262,70,"Fruit"
22514,70,"Fruit"
22269,70,"Fruit"
22270,70,"Fruit"
22271,70,"Fruit"
22272,70,"Fruit"
17821,70,"Fruit"
15569,73,"Fruit"
15824,73,"Fruit"
16797,73,"Fruit"
16800,73,"Fruit"
12036,73,"Fruit"
12037,73,"Fruit"
12038,73,"Fruit"
12039,73,"Fruit"
12319,73,"Fruit"
12321,73,"Fruit"
12323,73,"Fruit"
12568,73,"Fruit"
12369,73,"Fruit"
12320,73,"Fruit"
12379,73,"Fruit"
12380,73,"Fruit"
12589,73,"Fruit"
12590,73,"Fruit"
12591,73,"Fruit"
12594,73,"Fruit"
12406,73,"Fruit"
12595,73,"Fruit"
12529,73,"Fruit"
12530,73,"Fruit"
12040,73,"Fruit"
12041,73,"Fruit"
12048,73,"Fruit"
12317,73,"Fruit"
12528,73,"Fruit"
12531,73,"Fruit"
12534,73,"Fruit"
12535,73,"Fruit"
17565,73,"Fruit"
17727,73,"Fruit"
17729,73,"Fruit"
17730,73,"Fruit"
17770,73,"Fruit"
17566,73,"Fruit"
17568,73,"Fruit"
17726,73,"Fruit"
17728,73,"Fruit"
17537,73,"Fruit"
17538,73,"Fruit"
17733,73,"Fruit"
17734,73,"Fruit"
17567,73,"Fruit"
17725,73,"Fruit"
17782,73,"Fruit"
17784,73,"Fruit"
17785,73,"Fruit"
17787,73,"Fruit"
17791,73,"Fruit"
17792,73,"Fruit"
13519,73,"Fruit"
13719,73,"Fruit"
13720,73,"Fruit"
13721,73,"Fruit"
13732,73,"Fruit"
13707,73,"Fruit"
13708,73,"Fruit"
13710,73,"Fruit"
13714,73,"Fruit"
13731,73,"Fruit"
17739,73,"Fruit"
17740,73,"Fruit"
14179,73,"Fruit"
14189,73,"Fruit"
13807,73,"Fruit"
13809,73,"Fruit"
13826,73,"Fruit"
13828,73,"Fruit"
13831,73,"Fruit"
13753,73,"Fruit"
13759,73,"Fruit"
14222,73,"Fruit"
14226,73,"Fruit"
17524,73,"Fruit"
17526,73,"Fruit"
17527,73,"Fruit"
17536,73,"Fruit"
17735,73,"Fruit"
17736,73,"Fruit"
17737,73,"Fruit"
17738,73,"Fruit"
17745,73,"Fruit"
17761,73,"Fruit"
17748,73,"Fruit"
17749,73,"Fruit"
17750,73,"Fruit"
17760,73,"Fruit"
15559,73,"Fruit"
15561,73,"Fruit"
15601,73,"Fruit"
15554,73,"Fruit"
15603,73,"Fruit"
15604,73,"Fruit"
15605,73,"Fruit"
15606,73,"Fruit"
15612,73,"Fruit"
15613,73,"Fruit"
15602,73,"Fruit"
16798,73,"Fruit"
22255,73,"Fruit"
22262,73,"Fruit"
22514,73,"Fruit"
22269,73,"Fruit"
22270,73,"Fruit"
22271,73,"Fruit"
22272,73,"Fruit"
17821,73,"Fruit"
101,79,"Sheepmeat"
103,79,"Sheepmeat"
99,79,"Sheepmeat"
15481,79,"Sheepmeat"
104,79,"Sheepmeat"
107,79,"Sheepmeat"
105,79,"Sheepmeat"
109,79,"Sheepmeat"
106,79,"Sheepmeat"
111,79,"Sheepmeat"
127,79,"Sheepmeat"
16764,79,"Sheepmeat"
16771,79,"Sheepmeat"
112,79,"Sheepmeat"
126,79,"Sheepmeat"
16763,79,"Sheepmeat"
4412,79,"Sheepmeat"
4417,79,"Sheepmeat"
4655,79,"Sheepmeat"
3044,79,"Sheepmeat"
4653,79,"Sheepmeat"
2977,79,"Sheepmeat"
4403,79,"Sheepmeat"
4404,79,"Sheepmeat"
4392,79,"Sheepmeat"
4393,79,"Sheepmeat"
4394,79,"Sheepmeat"
4405,79,"Sheepmeat"
3048,79,"Sheepmeat"
4406,79,"Sheepmeat"
4407,79,"Sheepmeat"
4657,79,"Sheepmeat"
4658,79,"Sheepmeat"
3052,79,"Sheepmeat"
4659,79,"Sheepmeat"
4660,79,"Sheepmeat"
4410,79,"Sheepmeat"
4411,79,"Sheepmeat"
3053,79,"Sheepmeat"
3054,79,"Sheepmeat"
4418,79,"Sheepmeat"
4419,79,"Sheepmeat"
4423,79,"Sheepmeat"
2998,79,"Sheepmeat"
4414,79,"Sheepmeat"
4664,79,"Sheepmeat"
4413,79,"Sheepmeat"
4415,79,"Sheepmeat"
4662,79,"Sheepmeat"
3024,79,"Sheepmeat"
3050,79,"Sheepmeat"
3013,79,"Sheepmeat"
3049,79,"Sheepmeat"
3022,79,"Sheepmeat"
3051,79,"Sheepmeat"
2993,79,"Sheepmeat"
4667,79,"Sheepmeat"
4424,79,"Sheepmeat"
3003,79,"Sheepmeat"
7897,79,"Sheepmeat"
7899,79,"Sheepmeat"
15237,79,"Sheepmeat"
15483,79,"Sheepmeat"
7905,79,"Sheepmeat"
7288,79,"Sheepmeat"
7898,79,"Sheepmeat"
7290,79,"Sheepmeat"
7291,79,"Sheepmeat"
7292,79,"Sheepmeat"
7909,79,"Sheepmeat"
7877,79,"Sheepmeat"
7289,79,"Sheepmeat"
7896,79,"Sheepmeat"
7287,79,"Sheepmeat"
15501,79,"Sheepmeat"
7876,79,"Sheepmeat"
15238,79,"Sheepmeat"
15499,79,"Sheepmeat"
15500,79,"Sheepmeat"
15502,79,"Sheepmeat"
15503,79,"Sheepmeat"
4656,79,"Sheepmeat"
4420,79,"Sheepmeat"
4665,79,"Sheepmeat"
7886,79,"Sheepmeat"
7276,79,"Sheepmeat"
7277,79,"Sheepmeat"
15249,79,"Sheepmeat"
7296,79,"Sheepmeat"
7297,79,"Sheepmeat"
7298,79,"Sheepmeat"
7910,79,"Sheepmeat"
7912,79,"Sheepmeat"
7263,79,"Sheepmeat"
7911,79,"Sheepmeat"
7300,79,"Sheepmeat"
7858,79,"Sheepmeat"
7881,79,"Sheepmeat"
7888,79,"Sheepmeat"
7890,79,"Sheepmeat"
7283,79,"Sheepmeat"
7892,79,"Sheepmeat"
7281,79,"Sheepmeat"
7282,79,"Sheepmeat"
7894,79,"Sheepmeat"
7285,79,"Sheepmeat"
7286,79,"Sheepmeat"
7856,79,"Sheepmeat"
7893,79,"Sheepmeat"
7895,79,"Sheepmeat"
15998,79,"Sheepmeat"
7884,79,"Sheepmeat"
7284,79,"Sheepmeat"
15999,79,"Sheepmeat"
16000,79,"Sheepmeat"
16001,79,"Sheepmeat"
16004,79,"Sheepmeat"
7891,79,"Sheepmeat"
7261,79,"Sheepmeat"
7264,79,"Sheepmeat"
7265,79,"Sheepmeat"
11621,79,"Sheepmeat"
22835,79,"Sheepmeat"
7853,79,"Sheepmeat"
7859,79,"Sheepmeat"
7860,79,"Sheepmeat"
7861,79,"Sheepmeat"
7356,79,"Sheepmeat"
11901,79,"Sheepmeat"
7862,79,"Sheepmeat"
7863,79,"Sheepmeat"
7864,79,"Sheepmeat"
7867,79,"Sheepmeat"
7274,79,"Sheepmeat"
7880,79,"Sheepmeat"
7889,79,"Sheepmeat"
12131,79,"Sheepmeat"
12135,79,"Sheepmeat"
7357,79,"Sheepmeat"
7363,79,"Sheepmeat"
12132,79,"Sheepmeat"
11903,79,"Sheepmeat"
15248,79,"Sheepmeat"
15250,79,"Sheepmeat"
15251,79,"Sheepmeat"
15504,79,"Sheepmeat"
15507,79,"Sheepmeat"
15508,79,"Sheepmeat"
15514,79,"Sheepmeat"
15515,79,"Sheepmeat"
15518,79,"Sheepmeat"
15519,79,"Sheepmeat"
15252,79,"Sheepmeat"
15253,79,"Sheepmeat"
7260,79,"Sheepmeat"
7871,79,"Sheepmeat"
7267,79,"Sheepmeat"
7272,79,"Sheepmeat"
7885,79,"Sheepmeat"
16006,79,"Sheepmeat"
15845,79,"Sheepmeat"
15846,79,"Sheepmeat"
7857,79,"Sheepmeat"
22543,79,"Sheepmeat"
22544,79,"Sheepmeat"
22545,79,"Sheepmeat"
7854,79,"Sheepmeat"
7855,79,"Sheepmeat"
7868,79,"Sheepmeat"
7269,79,"Sheepmeat"
7270,79,"Sheepmeat"
7866,79,"Sheepmeat"
7869,79,"Sheepmeat"
7259,79,"Sheepmeat"
7302,79,"Sheepmeat"
7918,79,"Sheepmeat"
7852,79,"Sheepmeat"
7870,79,"Sheepmeat"
7873,79,"Sheepmeat"
7268,79,"Sheepmeat"
7872,79,"Sheepmeat"
7874,79,"Sheepmeat"
7875,79,"Sheepmeat"
7301,79,"Sheepmeat"
7273,79,"Sheepmeat"
7275,79,"Sheepmeat"
7358,79,"Sheepmeat"
7361,79,"Sheepmeat"
11902,79,"Sheepmeat"
16003,79,"Sheepmeat"
15509,79,"Sheepmeat"
16011,79,"Sheepmeat"
16007,79,"Sheepmeat"
22279,79,"Sheepmeat"
16010,79,"Sheepmeat"
15826,79,"Sheepmeat"
15827,79,"Sheepmeat"
16012,79,"Sheepmeat"
15510,79,"Sheepmeat"
15516,79,"Sheepmeat"
15517,79,"Sheepmeat"
7878,79,"Sheepmeat"
7266,79,"Sheepmeat"
16002,79,"Sheepmeat"
16005,79,"Sheepmeat"
22536,79,"Sheepmeat"
22537,79,"Sheepmeat"
22280,79,"Sheepmeat"
22281,79,"Sheepmeat"
22709,79,"Sheepmeat"
22828,79,"Sheepmeat"
22829,79,"Sheepmeat"
22585,79,"Sheepmeat"
22586,79,"Sheepmeat"
22589,79,"Sheepmeat"
22590,79,"Sheepmeat"
22827,79,"Sheepmeat"
22830,79,"Sheepmeat"
22601,79,"Sheepmeat"
22602,79,"Sheepmeat"
22603,79,"Sheepmeat"
22609,79,"Sheepmeat"
22610,79,"Sheepmeat"
22710,79,"Sheepmeat"
22711,79,"Sheepmeat"
22712,79,"Sheepmeat"
22611,79,"Sheepmeat"
22612,79,"Sheepmeat"
22614,79,"Sheepmeat"
22613,79,"Sheepmeat"
22538,79,"Sheepmeat"
22539,79,"Sheepmeat"
22733,79,"Sheepmeat"
22734,79,"Sheepmeat"
22735,79,"Sheepmeat"
22717,79,"Sheepmeat"
22718,79,"Sheepmeat"
22719,79,"Sheepmeat"
22720,79,"Sheepmeat"
22721,79,"Sheepmeat"
22722,79,"Sheepmeat"
22723,79,"Sheepmeat"
22724,79,"Sheepmeat"
22725,79,"Sheepmeat"
22726,79,"Sheepmeat"
22727,79,"Sheepmeat"
22730,79,"Sheepmeat"
22731,79,"Sheepmeat"
22732,79,"Sheepmeat"
11874,79,"Sheepmeat"
22836,79,"Sheepmeat"
22575,79,"Sheepmeat"
16008,79,"Sheepmeat"
16009,79,"Sheepmeat"
22495,79,"Sheepmeat"
22534,79,"Sheepmeat"
22535,79,"Sheepmeat"
22540,79,"Sheepmeat"
22729,79,"Sheepmeat"
22285,79,"Sheepmeat"
22286,79,"Sheepmeat"
22736,79,"Sheepmeat"
22737,79,"Sheepmeat"
22284,79,"Sheepmeat"
22701,79,"Sheepmeat"
22802,79,"Sheepmeat"
22803,79,"Sheepmeat"
22567,79,"Sheepmeat"
22789,79,"Sheepmeat"
22796,79,"Sheepmeat"
22807,79,"Sheepmeat"
22574,79,"Sheepmeat"
22578,79,"Sheepmeat"
22579,79,"Sheepmeat"
22580,79,"Sheepmeat"
22566,79,"Sheepmeat"
22790,79,"Sheepmeat"
22791,79,"Sheepmeat"
22792,79,"Sheepmeat"
22793,79,"Sheepmeat"
22794,79,"Sheepmeat"
22795,79,"Sheepmeat"
22797,79,"Sheepmeat"
22798,79,"Sheepmeat"
22799,79,"Sheepmeat"
22800,79,"Sheepmeat"
22801,79,"Sheepmeat"
22804,79,"Sheepmeat"
22805,79,"Sheepmeat"
22568,79,"Sheepmeat"
22581,79,"Sheepmeat"
22582,79,"Sheepmeat"
22583,79,"Sheepmeat"
22584,79,"Sheepmeat"
14082,79,"Sheepmeat"
14087,79,"Sheepmeat"
14193,79,"Sheepmeat"
17721,79,"Sheepmeat"
17722,79,"Sheepmeat"
17723,79,"Sheepmeat"
12375,79,"Sheepmeat"
12376,79,"Sheepmeat"
17818,79,"Sheepmeat"
22576,79,"Sheepmeat"
22620,79,"Sheepmeat"
22840,79,"Sheepmeat"
22594,79,"Sheepmeat"
22595,79,"Sheepmeat"
22598,79,"Sheepmeat"
22599,79,"Sheepmeat"
22570,79,"Sheepmeat"
22577,79,"Sheepmeat"
22607,79,"Sheepmeat"
22831,79,"Sheepmeat"
22593,79,"Sheepmeat"
22741,79,"Sheepmeat"
14095,79,"Sheepmeat"
14096,79,"Sheepmeat"
22748,79,"Sheepmeat"
22746,79,"Sheepmeat"
22747,79,"Sheepmeat"
22561,79,"Sheepmeat"
22559,79,"Sheepmeat"
22560,79,"Sheepmeat"
22742,79,"Sheepmeat"
22705,79,"Sheepmeat"
22668,79,"Sheepmeat"
22670,79,"Sheepmeat"
22750,79,"Sheepmeat"
22753,79,"Sheepmeat"
22558,79,"Sheepmeat"
22760,79,"Sheepmeat"
22761,79,"Sheepmeat"
22762,79,"Sheepmeat"
22763,79,"Sheepmeat"
22822,79,"Sheepmeat"
22751,79,"Sheepmeat"
22752,79,"Sheepmeat"
22755,79,"Sheepmeat"
22756,79,"Sheepmeat"
22757,79,"Sheepmeat"
22758,79,"Sheepmeat"
22759,79,"Sheepmeat"
22764,79,"Sheepmeat"
22765,79,"Sheepmeat"
22766,79,"Sheepmeat"
22767,79,"Sheepmeat"
22769,79,"Sheepmeat"
22787,79,"Sheepmeat"
22557,79,"Sheepmeat"
22600,79,"Sheepmeat"
22817,79,"Sheepmeat"
22819,79,"Sheepmeat"
22820,79,"Sheepmeat"
22823,79,"Sheepmeat"
22824,79,"Sheepmeat"
22553,79,"Sheepmeat"
22554,79,"Sheepmeat"
22555,79,"Sheepmeat"
22563,79,"Sheepmeat"
22588,79,"Sheepmeat"
22597,79,"Sheepmeat"
22825,79,"Sheepmeat"
22821,79,"Sheepmeat"
108,79,"Sheepmeat"
110,79,"Sheepmeat"
16770,79,"Sheepmeat"
7882,79,"Sheepmeat"
7883,79,"Sheepmeat"
7278,79,"Sheepmeat"
7279,79,"Sheepmeat"
7280,79,"Sheepmeat"
7887,79,"Sheepmeat"
7254,79,"Sheepmeat"
7255,79,"Sheepmeat"
7926,79,"Sheepmeat"
7922,79,"Sheepmeat"
7923,79,"Sheepmeat"
7924,79,"Sheepmeat"
7925,79,"Sheepmeat"
7927,79,"Sheepmeat"
7928,79,"Sheepmeat"
7929,79,"Sheepmeat"
7930,79,"Sheepmeat"
7311,79,"Sheepmeat"
7920,79,"Sheepmeat"
7312,79,"Sheepmeat"
7323,79,"Sheepmeat"
7324,79,"Sheepmeat"
7328,79,"Sheepmeat"
7330,79,"Sheepmeat"
7325,79,"Sheepmeat"
7326,79,"Sheepmeat"
7329,79,"Sheepmeat"
7252,79,"Sheepmeat"
2810,79,"Sheepmeat"
2809,79,"Sheepmeat"
2813,79,"Sheepmeat"
2815,79,"Sheepmeat"
7251,79,"Sheepmeat"
2814,79,"Sheepmeat"
2838,79,"Sheepmeat"
2811,79,"Sheepmeat"
2844,79,"Sheepmeat"
2845,79,"Sheepmeat"
2846,79,"Sheepmeat"
2849,79,"Sheepmeat"
2852,79,"Sheepmeat"
2853,79,"Sheepmeat"
2854,79,"Sheepmeat"
2855,79,"Sheepmeat"
2856,79,"Sheepmeat"
2857,79,"Sheepmeat"
2858,79,"Sheepmeat"
2859,79,"Sheepmeat"
2860,79,"Sheepmeat"
2861,79,"Sheepmeat"
3034,79,"Sheepmeat"
3035,79,"Sheepmeat"
3039,79,"Sheepmeat"
3040,79,"Sheepmeat"
3041,79,"Sheepmeat"
3009,79,"Sheepmeat"
2812,79,"Sheepmeat"
16773,79,"Sheepmeat"
16774,79,"Sheepmeat"
16775,79,"Sheepmeat"
17076,79,"Sheepmeat"
16833,79,"Sheepmeat"
16834,79,"Sheepmeat"
17083,79,"Sheepmeat"
16835,79,"Sheepmeat"
16836,79,"Sheepmeat"
15232,79,"Sheepmeat"
15472,79,"Sheepmeat"
15573,79,"Sheepmeat"
7304,79,"Sheepmeat"
7303,79,"Sheepmeat"
7257,79,"Sheepmeat"
7258,79,"Sheepmeat"
7851,79,"Sheepmeat"
7865,79,"Sheepmeat"
7271,79,"Sheepmeat"
7919,79,"Sheepmeat"
7327,79,"Sheepmeat"
2805,79,"Sheepmeat"
2806,79,"Sheepmeat"
2807,79,"Sheepmeat"
2808,79,"Sheepmeat"
7947,79,"Sheepmeat"
12082,79,"Sheepmeat"
11904,79,"Sheepmeat"
2816,79,"Sheepmeat"
2817,79,"Sheepmeat"
2818,79,"Sheepmeat"
2819,79,"Sheepmeat"
2821,79,"Sheepmeat"
2822,79,"Sheepmeat"
2588,79,"Sheepmeat"
2590,79,"Sheepmeat"
2592,79,"Sheepmeat"
2593,79,"Sheepmeat"
2591,79,"Sheepmeat"
7906,79,"Sheepmeat"
2595,79,"Sheepmeat"
2596,79,"Sheepmeat"
2556,79,"Sheepmeat"
2557,79,"Sheepmeat"
2562,79,"Sheepmeat"
2575,79,"Sheepmeat"
2577,79,"Sheepmeat"
2585,79,"Sheepmeat"
2586,79,"Sheepmeat"
2587,79,"Sheepmeat"
2589,79,"Sheepmeat"
4210,79,"Sheepmeat"
2597,79,"Sheepmeat"
2598,79,"Sheepmeat"
2611,79,"Sheepmeat"
2600,79,"Sheepmeat"
2612,79,"Sheepmeat"
2731,79,"Sheepmeat"
2765,79,"Sheepmeat"
4216,79,"Sheepmeat"
4339,79,"Sheepmeat"
4340,79,"Sheepmeat"
4351,79,"Sheepmeat"
4616,79,"Sheepmeat"
4617,79,"Sheepmeat"
4618,79,"Sheepmeat"
4357,79,"Sheepmeat"
7907,79,"Sheepmeat"
2825,79,"Sheepmeat"
3011,79,"Sheepmeat"
3012,79,"Sheepmeat"
2573,79,"Sheepmeat"
7908,79,"Sheepmeat"
4634,79,"Sheepmeat"
2827,79,"Sheepmeat"
4635,79,"Sheepmeat"
4636,79,"Sheepmeat"
4637,79,"Sheepmeat"
4638,79,"Sheepmeat"
4639,79,"Sheepmeat"
4640,79,"Sheepmeat"
2826,79,"Sheepmeat"
2824,79,"Sheepmeat"
2907,79,"Sheepmeat"
3017,79,"Sheepmeat"
4380,79,"Sheepmeat"
4381,79,"Sheepmeat"
2831,79,"Sheepmeat"
2832,79,"Sheepmeat"
2833,79,"Sheepmeat"
2835,79,"Sheepmeat"
2834,79,"Sheepmeat"
4707,79,"Sheepmeat"
3032,79,"Sheepmeat"
4708,79,"Sheepmeat"
4709,79,"Sheepmeat"
3008,79,"Sheepmeat"
3027,79,"Sheepmeat"
3028,79,"Sheepmeat"
3010,79,"Sheepmeat"
2539,79,"Sheepmeat"
3029,79,"Sheepmeat"
3025,79,"Sheepmeat"
2829,79,"Sheepmeat"
2830,79,"Sheepmeat"
2828,79,"Sheepmeat"
2836,79,"Sheepmeat"
2876,79,"Sheepmeat"
2839,79,"Sheepmeat"
2862,79,"Sheepmeat"
2863,79,"Sheepmeat"
2864,79,"Sheepmeat"
2865,79,"Sheepmeat"
2866,79,"Sheepmeat"
2837,79,"Sheepmeat"
2841,79,"Sheepmeat"
3033,79,"Sheepmeat"
3036,79,"Sheepmeat"
2906,79,"Sheepmeat"
2905,79,"Sheepmeat"
2607,79,"Sheepmeat"
2610,79,"Sheepmeat"
4386,79,"Sheepmeat"
2842,79,"Sheepmeat"
3042,79,"Sheepmeat"
7253,79,"Sheepmeat"
2867,79,"Sheepmeat"
2875,79,"Sheepmeat"
4387,79,"Sheepmeat"
4388,79,"Sheepmeat"
91,79,"Sheepmeat"
7294,79,"Sheepmeat"
7902,79,"Sheepmeat"
7295,79,"Sheepmeat"
7900,79,"Sheepmeat"
7903,79,"Sheepmeat"
7036,79,"Sheepmeat"
17012,79,"Sheepmeat"
2868,79,"Sheepmeat"
2874,79,"Sheepmeat"
11809,79,"Sheepmeat"
2869,79,"Sheepmeat"
2877,79,"Sheepmeat"
2872,79,"Sheepmeat"
2882,79,"Sheepmeat"
2873,79,"Sheepmeat"
2878,79,"Sheepmeat"
2901,79,"Sheepmeat"
2903,79,"Sheepmeat"
2879,79,"Sheepmeat"
2881,79,"Sheepmeat"
2912,79,"Sheepmeat"
2915,79,"Sheepmeat"
2909,79,"Sheepmeat"
2911,79,"Sheepmeat"
2908,79,"Sheepmeat"
2910,79,"Sheepmeat"
11622,79,"Sheepmeat"
12075,79,"Sheepmeat"
12084,79,"Sheepmeat"
12088,79,"Sheepmeat"
12089,79,"Sheepmeat"
12077,79,"Sheepmeat"
12076,79,"Sheepmeat"
12085,79,"Sheepmeat"
12090,79,"Sheepmeat"
12086,79,"Sheepmeat"
11848,79,"Sheepmeat"
11849,79,"Sheepmeat"
12108,79,"Sheepmeat"
12109,79,"Sheepmeat"
12110,79,"Sheepmeat"
11891,79,"Sheepmeat"
12116,79,"Sheepmeat"
11890,79,"Sheepmeat"
11847,79,"Sheepmeat"
12078,79,"Sheepmeat"
12079,79,"Sheepmeat"
12080,79,"Sheepmeat"
12081,79,"Sheepmeat"
12083,79,"Sheepmeat"
12111,79,"Sheepmeat"
12113,79,"Sheepmeat"
12114,79,"Sheepmeat"
7948,79,"Sheepmeat"
7952,79,"Sheepmeat"
12136,79,"Sheepmeat"
11905,79,"Sheepmeat"
11810,79,"Sheepmeat"
11591,79,"Sheepmeat"
11818,79,"Sheepmeat"
11839,79,"Sheepmeat"
11587,79,"Sheepmeat"
11811,79,"Sheepmeat"
11812,79,"Sheepmeat"
7848,79,"Sheepmeat"
11840,79,"Sheepmeat"
7847,79,"Sheepmeat"
7849,79,"Sheepmeat"
7850,79,"Sheepmeat"
11841,79,"Sheepmeat"
11842,79,"Sheepmeat"
11843,79,"Sheepmeat"
7332,79,"Sheepmeat"
11846,79,"Sheepmeat"
7333,79,"Sheepmeat"
7334,79,"Sheepmeat"
7335,79,"Sheepmeat"
7336,79,"Sheepmeat"
7337,79,"Sheepmeat"
7338,79,"Sheepmeat"
7339,79,"Sheepmeat"
7341,79,"Sheepmeat"
7343,79,"Sheepmeat"
7340,79,"Sheepmeat"
7344,79,"Sheepmeat"
7349,79,"Sheepmeat"
7355,79,"Sheepmeat"
7346,79,"Sheepmeat"
7348,79,"Sheepmeat"
7354,79,"Sheepmeat"
12122,79,"Sheepmeat"
12125,79,"Sheepmeat"
7933,79,"Sheepmeat"
7935,79,"Sheepmeat"
7934,79,"Sheepmeat"
12124,79,"Sheepmeat"
11899,79,"Sheepmeat"
7939,79,"Sheepmeat"
12123,79,"Sheepmeat"
12128,79,"Sheepmeat"
11588,79,"Sheepmeat"
11589,79,"Sheepmeat"
11590,79,"Sheepmeat"
11592,79,"Sheepmeat"
11593,79,"Sheepmeat"
11596,79,"Sheepmeat"
11597,79,"Sheepmeat"
11813,79,"Sheepmeat"
11814,79,"Sheepmeat"
11815,79,"Sheepmeat"
11816,79,"Sheepmeat"
11817,79,"Sheepmeat"
7351,79,"Sheepmeat"
7353,79,"Sheepmeat"
7938,79,"Sheepmeat"
7940,79,"Sheepmeat"
7941,79,"Sheepmeat"
7942,79,"Sheepmeat"
7943,79,"Sheepmeat"
7951,79,"Sheepmeat"
7954,79,"Sheepmeat"
7955,79,"Sheepmeat"
7350,79,"Sheepmeat"
7352,79,"Sheepmeat"
12126,79,"Sheepmeat"
12129,79,"Sheepmeat"
11896,79,"Sheepmeat"
11897,79,"Sheepmeat"
12139,79,"Sheepmeat"
11906,79,"Sheepmeat"
11907,79,"Sheepmeat"
11908,79,"Sheepmeat"
11909,79,"Sheepmeat"
11898,79,"Sheepmeat"
11606,79,"Sheepmeat"
11837,79,"Sheepmeat"
11838,79,"Sheepmeat"
11845,79,"Sheepmeat"
12133,79,"Sheepmeat"
2820,79,"Sheepmeat"
2902,79,"Sheepmeat"
2904,79,"Sheepmeat"
2913,79,"Sheepmeat"
7331,79,"Sheepmeat"
7946,79,"Sheepmeat"
7359,79,"Sheepmeat"
16740,79,"Sheepmeat"
16784,79,"Sheepmeat"
17056,79,"Sheepmeat"
17063,79,"Sheepmeat"
16786,79,"Sheepmeat"
15255,79,"Sheepmeat"
15520,79,"Sheepmeat"
17048,79,"Sheepmeat"
15835,79,"Sheepmeat"
15822,79,"Sheepmeat"
15837,79,"Sheepmeat"
17051,79,"Sheepmeat"
15992,79,"Sheepmeat"
15993,79,"Sheepmeat"
17560,79,"Sheepmeat"
15824,79,"Sheepmeat"
15568,79,"Sheepmeat"
15823,79,"Sheepmeat"
15991,79,"Sheepmeat"
17053,79,"Sheepmeat"
16791,79,"Sheepmeat"
16795,79,"Sheepmeat"
16792,79,"Sheepmeat"
16793,79,"Sheepmeat"
17060,79,"Sheepmeat"
17061,79,"Sheepmeat"
17062,79,"Sheepmeat"
16801,79,"Sheepmeat"
16794,79,"Sheepmeat"
15839,79,"Sheepmeat"
15840,79,"Sheepmeat"
15841,79,"Sheepmeat"
15842,79,"Sheepmeat"
15843,79,"Sheepmeat"
15844,79,"Sheepmeat"
16029,79,"Sheepmeat"
16034,79,"Sheepmeat"
16035,79,"Sheepmeat"
16036,79,"Sheepmeat"
16038,79,"Sheepmeat"
16041,79,"Sheepmeat"
16048,79,"Sheepmeat"
16028,79,"Sheepmeat"
16030,79,"Sheepmeat"
16031,79,"Sheepmeat"
15997,79,"Sheepmeat"
15838,79,"Sheepmeat"
16032,79,"Sheepmeat"
13704,79,"Sheepmeat"
15994,79,"Sheepmeat"
15995,79,"Sheepmeat"
15996,79,"Sheepmeat"
16044,79,"Sheepmeat"
17058,79,"Sheepmeat"
16790,79,"Sheepmeat"
17049,79,"Sheepmeat"
17054,79,"Sheepmeat"
17055,79,"Sheepmeat"
16802,79,"Sheepmeat"
15562,79,"Sheepmeat"
15523,79,"Sheepmeat"
15526,79,"Sheepmeat"
16787,79,"Sheepmeat"
16788,79,"Sheepmeat"
16789,79,"Sheepmeat"
17057,79,"Sheepmeat"
16803,79,"Sheepmeat"
16804,79,"Sheepmeat"
16805,79,"Sheepmeat"
16806,79,"Sheepmeat"
16807,79,"Sheepmeat"
16808,79,"Sheepmeat"
17050,79,"Sheepmeat"
15836,79,"Sheepmeat"
16033,79,"Sheepmeat"
16042,79,"Sheepmeat"
22262,79,"Sheepmeat"
22520,79,"Sheepmeat"
22269,79,"Sheepmeat"
22270,79,"Sheepmeat"
22271,79,"Sheepmeat"
22272,79,"Sheepmeat"
16037,79,"Sheepmeat"
16039,79,"Sheepmeat"
16040,79,"Sheepmeat"
15577,79,"Sheepmeat"
15578,79,"Sheepmeat"
22268,79,"Sheepmeat"
16043,79,"Sheepmeat"
16045,79,"Sheepmeat"
16796,79,"Sheepmeat"
16798,79,"Sheepmeat"
16800,79,"Sheepmeat"
16799,79,"Sheepmeat"
16761,79,"Sheepmeat"
17052,79,"Sheepmeat"
16776,79,"Sheepmeat"
16777,79,"Sheepmeat"
16778,79,"Sheepmeat"
17035,79,"Sheepmeat"
17036,79,"Sheepmeat"
17038,79,"Sheepmeat"
17039,79,"Sheepmeat"
16831,79,"Sheepmeat"
17078,79,"Sheepmeat"
17040,79,"Sheepmeat"
4630,79,"Sheepmeat"
4396,79,"Sheepmeat"
4629,79,"Sheepmeat"
4627,79,"Sheepmeat"
4612,79,"Sheepmeat"
4397,79,"Sheepmeat"
4398,79,"Sheepmeat"
4648,79,"Sheepmeat"
4647,79,"Sheepmeat"
4211,79,"Sheepmeat"
4212,79,"Sheepmeat"
2606,79,"Sheepmeat"
2609,79,"Sheepmeat"
4213,79,"Sheepmeat"
4603,79,"Sheepmeat"
4441,79,"Sheepmeat"
4604,79,"Sheepmeat"
4606,79,"Sheepmeat"
4668,79,"Sheepmeat"
4242,79,"Sheepmeat"
4243,79,"Sheepmeat"
2604,79,"Sheepmeat"
2781,79,"Sheepmeat"
2789,79,"Sheepmeat"
2605,79,"Sheepmeat"
2551,79,"Sheepmeat"
2785,79,"Sheepmeat"
2790,79,"Sheepmeat"
2608,79,"Sheepmeat"
4641,79,"Sheepmeat"
4358,79,"Sheepmeat"
4706,79,"Sheepmeat"
4448,79,"Sheepmeat"
2778,79,"Sheepmeat"
2745,79,"Sheepmeat"
2746,79,"Sheepmeat"
2747,79,"Sheepmeat"
4611,79,"Sheepmeat"
2554,79,"Sheepmeat"
2555,79,"Sheepmeat"
2705,79,"Sheepmeat"
2706,79,"Sheepmeat"
2708,79,"Sheepmeat"
2730,79,"Sheepmeat"
4620,79,"Sheepmeat"
4621,79,"Sheepmeat"
4622,79,"Sheepmeat"
4624,79,"Sheepmeat"
2553,79,"Sheepmeat"
2602,79,"Sheepmeat"
2603,79,"Sheepmeat"
2565,79,"Sheepmeat"
2559,79,"Sheepmeat"
2567,79,"Sheepmeat"
2568,79,"Sheepmeat"
2560,79,"Sheepmeat"
2569,79,"Sheepmeat"
2571,79,"Sheepmeat"
2570,79,"Sheepmeat"
7913,79,"Sheepmeat"
7915,79,"Sheepmeat"
7305,79,"Sheepmeat"
7262,79,"Sheepmeat"
7916,79,"Sheepmeat"
7313,79,"Sheepmeat"
7322,79,"Sheepmeat"
7321,79,"Sheepmeat"
7318,79,"Sheepmeat"
7314,79,"Sheepmeat"
7315,79,"Sheepmeat"
7914,79,"Sheepmeat"
7917,79,"Sheepmeat"
7307,79,"Sheepmeat"
7308,79,"Sheepmeat"
7309,79,"Sheepmeat"
7310,79,"Sheepmeat"
7931,79,"Sheepmeat"
7319,79,"Sheepmeat"
7320,79,"Sheepmeat"
2537,79,"Sheepmeat"
2547,79,"Sheepmeat"
2561,79,"Sheepmeat"
2564,79,"Sheepmeat"
2566,79,"Sheepmeat"
2572,79,"Sheepmeat"
2578,79,"Sheepmeat"
2582,79,"Sheepmeat"
2676,79,"Sheepmeat"
2677,79,"Sheepmeat"
2678,79,"Sheepmeat"
2679,79,"Sheepmeat"
2680,79,"Sheepmeat"
2681,79,"Sheepmeat"
2682,79,"Sheepmeat"
2689,79,"Sheepmeat"
2690,79,"Sheepmeat"
2693,79,"Sheepmeat"
2695,79,"Sheepmeat"
2698,79,"Sheepmeat"
2699,79,"Sheepmeat"
2702,79,"Sheepmeat"
2703,79,"Sheepmeat"
2704,79,"Sheepmeat"
2707,79,"Sheepmeat"
2544,79,"Sheepmeat"
2540,79,"Sheepmeat"
2541,79,"Sheepmeat"
2542,79,"Sheepmeat"
2543,79,"Sheepmeat"
2545,79,"Sheepmeat"
2550,79,"Sheepmeat"
2786,79,"Sheepmeat"
2787,79,"Sheepmeat"
4250,79,"Sheepmeat"
7932,79,"Sheepmeat"
7316,79,"Sheepmeat"
7317,79,"Sheepmeat"
2792,79,"Sheepmeat"
2791,79,"Sheepmeat"
3031,79,"Sheepmeat"
2538,79,"Sheepmeat"
3030,79,"Sheepmeat"
2548,79,"Sheepmeat"
2552,79,"Sheepmeat"
2558,79,"Sheepmeat"
2563,79,"Sheepmeat"
2576,79,"Sheepmeat"
2579,79,"Sheepmeat"
2580,79,"Sheepmeat"
2581,79,"Sheepmeat"
2583,79,"Sheepmeat"
2584,79,"Sheepmeat"
2613,79,"Sheepmeat"
2614,79,"Sheepmeat"
2615,79,"Sheepmeat"
2616,79,"Sheepmeat"
2617,79,"Sheepmeat"
2618,79,"Sheepmeat"
2619,79,"Sheepmeat"
2620,79,"Sheepmeat"
2621,79,"Sheepmeat"
2622,79,"Sheepmeat"
2623,79,"Sheepmeat"
2624,79,"Sheepmeat"
2625,79,"Sheepmeat"
2626,79,"Sheepmeat"
2627,79,"Sheepmeat"
2628,79,"Sheepmeat"
2629,79,"Sheepmeat"
2637,79,"Sheepmeat"
2640,79,"Sheepmeat"
2641,79,"Sheepmeat"
2642,79,"Sheepmeat"
2643,79,"Sheepmeat"
2644,79,"Sheepmeat"
2645,79,"Sheepmeat"
2650,79,"Sheepmeat"
2651,79,"Sheepmeat"
2652,79,"Sheepmeat"
2653,79,"Sheepmeat"
2654,79,"Sheepmeat"
2655,79,"Sheepmeat"
2656,79,"Sheepmeat"
2657,79,"Sheepmeat"
2658,79,"Sheepmeat"
2659,79,"Sheepmeat"
2660,79,"Sheepmeat"
2661,79,"Sheepmeat"
2662,79,"Sheepmeat"
2663,79,"Sheepmeat"
2664,79,"Sheepmeat"
2665,79,"Sheepmeat"
2666,79,"Sheepmeat"
2670,79,"Sheepmeat"
2673,79,"Sheepmeat"
2674,79,"Sheepmeat"
2675,79,"Sheepmeat"
2683,79,"Sheepmeat"
2686,79,"Sheepmeat"
2687,79,"Sheepmeat"
2688,79,"Sheepmeat"
2700,79,"Sheepmeat"
2701,79,"Sheepmeat"
2709,79,"Sheepmeat"
2710,79,"Sheepmeat"
2711,79,"Sheepmeat"
2712,79,"Sheepmeat"
2713,79,"Sheepmeat"
2714,79,"Sheepmeat"
2715,79,"Sheepmeat"
2716,79,"Sheepmeat"
2717,79,"Sheepmeat"
2718,79,"Sheepmeat"
2719,79,"Sheepmeat"
2720,79,"Sheepmeat"
2721,79,"Sheepmeat"
2722,79,"Sheepmeat"
2723,79,"Sheepmeat"
2724,79,"Sheepmeat"
2725,79,"Sheepmeat"
2726,79,"Sheepmeat"
2727,79,"Sheepmeat"
2728,79,"Sheepmeat"
2729,79,"Sheepmeat"
2601,79,"Sheepmeat"
2732,79,"Sheepmeat"
2733,79,"Sheepmeat"
2734,79,"Sheepmeat"
2735,79,"Sheepmeat"
2736,79,"Sheepmeat"
2737,79,"Sheepmeat"
2738,79,"Sheepmeat"
2739,79,"Sheepmeat"
2740,79,"Sheepmeat"
2741,79,"Sheepmeat"
4677,79,"Sheepmeat"
4215,79,"Sheepmeat"
2742,79,"Sheepmeat"
2743,79,"Sheepmeat"
2744,79,"Sheepmeat"
2750,79,"Sheepmeat"
2751,79,"Sheepmeat"
2754,79,"Sheepmeat"
2755,79,"Sheepmeat"
2756,79,"Sheepmeat"
2757,79,"Sheepmeat"
2758,79,"Sheepmeat"
2759,79,"Sheepmeat"
2760,79,"Sheepmeat"
2761,79,"Sheepmeat"
2762,79,"Sheepmeat"
2763,79,"Sheepmeat"
2764,79,"Sheepmeat"
2766,79,"Sheepmeat"
4341,79,"Sheepmeat"
4342,79,"Sheepmeat"
4217,79,"Sheepmeat"
4218,79,"Sheepmeat"
4219,79,"Sheepmeat"
4220,79,"Sheepmeat"
4221,79,"Sheepmeat"
4222,79,"Sheepmeat"
4613,79,"Sheepmeat"
4223,79,"Sheepmeat"
4614,79,"Sheepmeat"
4615,79,"Sheepmeat"
4343,79,"Sheepmeat"
4344,79,"Sheepmeat"
4345,79,"Sheepmeat"
4346,79,"Sheepmeat"
4224,79,"Sheepmeat"
4225,79,"Sheepmeat"
4226,79,"Sheepmeat"
4227,79,"Sheepmeat"
4228,79,"Sheepmeat"
4229,79,"Sheepmeat"
4347,79,"Sheepmeat"
4230,79,"Sheepmeat"
4231,79,"Sheepmeat"
4232,79,"Sheepmeat"
4233,79,"Sheepmeat"
4234,79,"Sheepmeat"
4235,79,"Sheepmeat"
4348,79,"Sheepmeat"
4349,79,"Sheepmeat"
4350,79,"Sheepmeat"
4623,79,"Sheepmeat"
4625,79,"Sheepmeat"
4626,79,"Sheepmeat"
4399,79,"Sheepmeat"
4400,79,"Sheepmeat"
2546,79,"Sheepmeat"
2549,79,"Sheepmeat"
4241,79,"Sheepmeat"
4649,79,"Sheepmeat"
4631,79,"Sheepmeat"
4359,79,"Sheepmeat"
4360,79,"Sheepmeat"
4361,79,"Sheepmeat"
4362,79,"Sheepmeat"
4363,79,"Sheepmeat"
4364,79,"Sheepmeat"
4365,79,"Sheepmeat"
4369,79,"Sheepmeat"
4370,79,"Sheepmeat"
4371,79,"Sheepmeat"
4372,79,"Sheepmeat"
4373,79,"Sheepmeat"
4374,79,"Sheepmeat"
4375,79,"Sheepmeat"
4376,79,"Sheepmeat"
4377,79,"Sheepmeat"
4378,79,"Sheepmeat"
4389,79,"Sheepmeat"
4390,79,"Sheepmeat"
4391,79,"Sheepmeat"
17559,79,"Sheepmeat"
17578,79,"Sheepmeat"
17579,79,"Sheepmeat"
17580,79,"Sheepmeat"
17804,79,"Sheepmeat"
17805,79,"Sheepmeat"
17587,79,"Sheepmeat"
17588,79,"Sheepmeat"
15740,79,"Sheepmeat"
15766,79,"Sheepmeat"
17789,79,"Sheepmeat"
17790,79,"Sheepmeat"
17562,79,"Sheepmeat"
17796,79,"Sheepmeat"
17572,79,"Sheepmeat"
17573,79,"Sheepmeat"
17574,79,"Sheepmeat"
17575,79,"Sheepmeat"
17576,79,"Sheepmeat"
17799,79,"Sheepmeat"
17800,79,"Sheepmeat"
17590,79,"Sheepmeat"
17802,79,"Sheepmeat"
17803,79,"Sheepmeat"
17581,79,"Sheepmeat"
17586,79,"Sheepmeat"
17561,79,"Sheepmeat"
17564,79,"Sheepmeat"
17563,79,"Sheepmeat"
17801,79,"Sheepmeat"
17558,79,"Sheepmeat"
17777,79,"Sheepmeat"
4642,79,"Sheepmeat"
4643,79,"Sheepmeat"
4644,79,"Sheepmeat"
4645,79,"Sheepmeat"
4646,79,"Sheepmeat"
4395,79,"Sheepmeat"
4236,79,"Sheepmeat"
4238,79,"Sheepmeat"
4239,79,"Sheepmeat"
4240,79,"Sheepmeat"
4549,79,"Sheepmeat"
4550,79,"Sheepmeat"
4551,79,"Sheepmeat"
4552,79,"Sheepmeat"
4553,79,"Sheepmeat"
4554,79,"Sheepmeat"
4401,79,"Sheepmeat"
4555,79,"Sheepmeat"
4556,79,"Sheepmeat"
4402,79,"Sheepmeat"
4557,79,"Sheepmeat"
4558,79,"Sheepmeat"
4559,79,"Sheepmeat"
4560,79,"Sheepmeat"
4650,79,"Sheepmeat"
4651,79,"Sheepmeat"
4569,79,"Sheepmeat"
4570,79,"Sheepmeat"
4282,79,"Sheepmeat"
4283,79,"Sheepmeat"
4284,79,"Sheepmeat"
4285,79,"Sheepmeat"
4286,79,"Sheepmeat"
4287,79,"Sheepmeat"
4288,79,"Sheepmeat"
4289,79,"Sheepmeat"
4580,79,"Sheepmeat"
4436,79,"Sheepmeat"
4599,79,"Sheepmeat"
4437,79,"Sheepmeat"
4446,79,"Sheepmeat"
4652,79,"Sheepmeat"
4607,79,"Sheepmeat"
4671,79,"Sheepmeat"
4608,79,"Sheepmeat"
4672,79,"Sheepmeat"
4609,79,"Sheepmeat"
4678,79,"Sheepmeat"
4320,79,"Sheepmeat"
4679,79,"Sheepmeat"
4321,79,"Sheepmeat"
4680,79,"Sheepmeat"
4322,79,"Sheepmeat"
4682,79,"Sheepmeat"
4324,79,"Sheepmeat"
4683,79,"Sheepmeat"
4408,79,"Sheepmeat"
4409,79,"Sheepmeat"
4421,79,"Sheepmeat"
4422,79,"Sheepmeat"
4661,79,"Sheepmeat"
2793,79,"Sheepmeat"
2795,79,"Sheepmeat"
2797,79,"Sheepmeat"
2799,79,"Sheepmeat"
2801,79,"Sheepmeat"
2803,79,"Sheepmeat"
4237,79,"Sheepmeat"
4244,79,"Sheepmeat"
4245,79,"Sheepmeat"
4246,79,"Sheepmeat"
4247,79,"Sheepmeat"
4248,79,"Sheepmeat"
4249,79,"Sheepmeat"
4251,79,"Sheepmeat"
4252,79,"Sheepmeat"
4253,79,"Sheepmeat"
4254,79,"Sheepmeat"
4255,79,"Sheepmeat"
4257,79,"Sheepmeat"
4258,79,"Sheepmeat"
4277,79,"Sheepmeat"
4278,79,"Sheepmeat"
4279,79,"Sheepmeat"
4280,79,"Sheepmeat"
4281,79,"Sheepmeat"
4546,79,"Sheepmeat"
4547,79,"Sheepmeat"
4548,79,"Sheepmeat"
4290,79,"Sheepmeat"
4291,79,"Sheepmeat"
4292,79,"Sheepmeat"
4293,79,"Sheepmeat"
4294,79,"Sheepmeat"
4295,79,"Sheepmeat"
4296,79,"Sheepmeat"
4297,79,"Sheepmeat"
4298,79,"Sheepmeat"
4299,79,"Sheepmeat"
4301,79,"Sheepmeat"
4302,79,"Sheepmeat"
4303,79,"Sheepmeat"
4304,79,"Sheepmeat"
4305,79,"Sheepmeat"
4306,79,"Sheepmeat"
4307,79,"Sheepmeat"
4308,79,"Sheepmeat"
4309,79,"Sheepmeat"
4310,79,"Sheepmeat"
4311,79,"Sheepmeat"
4312,79,"Sheepmeat"
4313,79,"Sheepmeat"
4314,79,"Sheepmeat"
4315,79,"Sheepmeat"
4571,79,"Sheepmeat"
4572,79,"Sheepmeat"
4574,79,"Sheepmeat"
4575,79,"Sheepmeat"
4576,79,"Sheepmeat"
4577,79,"Sheepmeat"
4578,79,"Sheepmeat"
4430,79,"Sheepmeat"
4431,79,"Sheepmeat"
4594,79,"Sheepmeat"
4598,79,"Sheepmeat"
4600,79,"Sheepmeat"
4445,79,"Sheepmeat"
4327,79,"Sheepmeat"
4328,79,"Sheepmeat"
4687,79,"Sheepmeat"
4329,79,"Sheepmeat"
4688,79,"Sheepmeat"
4330,79,"Sheepmeat"
4689,79,"Sheepmeat"
4331,79,"Sheepmeat"
4690,79,"Sheepmeat"
4332,79,"Sheepmeat"
4691,79,"Sheepmeat"
4333,79,"Sheepmeat"
4692,79,"Sheepmeat"
4334,79,"Sheepmeat"
4693,79,"Sheepmeat"
4335,79,"Sheepmeat"
4694,79,"Sheepmeat"
4336,79,"Sheepmeat"
4695,79,"Sheepmeat"
4337,79,"Sheepmeat"
4696,79,"Sheepmeat"
4338,79,"Sheepmeat"
4449,79,"Sheepmeat"
4697,79,"Sheepmeat"
4438,79,"Sheepmeat"
4601,79,"Sheepmeat"
4439,79,"Sheepmeat"
4602,79,"Sheepmeat"
4440,79,"Sheepmeat"
2767,79,"Sheepmeat"
2768,79,"Sheepmeat"
2769,79,"Sheepmeat"
2770,79,"Sheepmeat"
2771,79,"Sheepmeat"
2772,79,"Sheepmeat"
2773,79,"Sheepmeat"
2774,79,"Sheepmeat"
2775,79,"Sheepmeat"
2776,79,"Sheepmeat"
2777,79,"Sheepmeat"
2794,79,"Sheepmeat"
2796,79,"Sheepmeat"
2798,79,"Sheepmeat"
2800,79,"Sheepmeat"
2802,79,"Sheepmeat"
2804,79,"Sheepmeat"
4670,79,"Sheepmeat"
4444,79,"Sheepmeat"
4442,79,"Sheepmeat"
4684,79,"Sheepmeat"
4326,79,"Sheepmeat"
4685,79,"Sheepmeat"
4443,79,"Sheepmeat"
4447,79,"Sheepmeat"
17567,79,"Sheepmeat"
17570,79,"Sheepmeat"
17571,79,"Sheepmeat"
17782,79,"Sheepmeat"
17792,79,"Sheepmeat"
17819,79,"Sheepmeat"
12035,79,"Sheepmeat"
17724,79,"Sheepmeat"
17725,79,"Sheepmeat"
12377,79,"Sheepmeat"
12378,79,"Sheepmeat"
12379,79,"Sheepmeat"
12380,79,"Sheepmeat"
12589,79,"Sheepmeat"
12590,79,"Sheepmeat"
12597,79,"Sheepmeat"
12384,79,"Sheepmeat"
12393,79,"Sheepmeat"
12394,79,"Sheepmeat"
12395,79,"Sheepmeat"
12396,79,"Sheepmeat"
12405,79,"Sheepmeat"
12413,79,"Sheepmeat"
12031,79,"Sheepmeat"
12032,79,"Sheepmeat"
12033,79,"Sheepmeat"
12034,79,"Sheepmeat"
12372,79,"Sheepmeat"
12373,79,"Sheepmeat"
12385,79,"Sheepmeat"
12598,79,"Sheepmeat"
4353,79,"Sheepmeat"
4368,79,"Sheepmeat"
4628,79,"Sheepmeat"
4367,79,"Sheepmeat"
4366,79,"Sheepmeat"
4382,79,"Sheepmeat"
4384,79,"Sheepmeat"
4663,79,"Sheepmeat"
12038,79,"Sheepmeat"
12040,79,"Sheepmeat"
12041,79,"Sheepmeat"
12048,79,"Sheepmeat"
12049,79,"Sheepmeat"
12307,79,"Sheepmeat"
12308,79,"Sheepmeat"
12309,79,"Sheepmeat"
12310,79,"Sheepmeat"
12311,79,"Sheepmeat"
12312,79,"Sheepmeat"
12313,79,"Sheepmeat"
12314,79,"Sheepmeat"
12315,79,"Sheepmeat"
12316,79,"Sheepmeat"
12317,79,"Sheepmeat"
12318,79,"Sheepmeat"
12319,79,"Sheepmeat"
12528,79,"Sheepmeat"
12534,79,"Sheepmeat"
12535,79,"Sheepmeat"
12036,79,"Sheepmeat"
12530,79,"Sheepmeat"
17771,79,"Sheepmeat"
22571,79,"Sheepmeat"
22572,79,"Sheepmeat"
22573,79,"Sheepmeat"
13714,79,"Sheepmeat"
14191,79,"Sheepmeat"
17719,79,"Sheepmeat"
13504,79,"Sheepmeat"
13761,79,"Sheepmeat"
13762,79,"Sheepmeat"
13763,79,"Sheepmeat"
13764,79,"Sheepmeat"
13765,79,"Sheepmeat"
13767,79,"Sheepmeat"
14089,79,"Sheepmeat"
14093,79,"Sheepmeat"
14105,79,"Sheepmeat"
14106,79,"Sheepmeat"
14107,79,"Sheepmeat"
14108,79,"Sheepmeat"
14109,79,"Sheepmeat"
14112,79,"Sheepmeat"
14113,79,"Sheepmeat"
14114,79,"Sheepmeat"
14115,79,"Sheepmeat"
14116,79,"Sheepmeat"
14117,79,"Sheepmeat"
14118,79,"Sheepmeat"
14119,79,"Sheepmeat"
14124,79,"Sheepmeat"
14125,79,"Sheepmeat"
14127,79,"Sheepmeat"
14140,79,"Sheepmeat"
17720,79,"Sheepmeat"
17727,79,"Sheepmeat"
17728,79,"Sheepmeat"
17729,79,"Sheepmeat"
17730,79,"Sheepmeat"
17731,79,"Sheepmeat"
17524,79,"Sheepmeat"
17565,79,"Sheepmeat"
17767,79,"Sheepmeat"
17768,79,"Sheepmeat"
17769,79,"Sheepmeat"
17770,79,"Sheepmeat"
17568,79,"Sheepmeat"
17786,79,"Sheepmeat"
17791,79,"Sheepmeat"
17793,79,"Sheepmeat"
17794,79,"Sheepmeat"
17795,79,"Sheepmeat"
17528,79,"Sheepmeat"
17529,79,"Sheepmeat"
17531,79,"Sheepmeat"
17532,79,"Sheepmeat"
17534,79,"Sheepmeat"
17535,79,"Sheepmeat"
17734,79,"Sheepmeat"
17737,79,"Sheepmeat"
17739,79,"Sheepmeat"
17740,79,"Sheepmeat"
17741,79,"Sheepmeat"
17742,79,"Sheepmeat"
17743,79,"Sheepmeat"
17744,79,"Sheepmeat"
17745,79,"Sheepmeat"
17746,79,"Sheepmeat"
17747,79,"Sheepmeat"
17761,79,"Sheepmeat"
17762,79,"Sheepmeat"
17763,79,"Sheepmeat"
17764,79,"Sheepmeat"
17766,79,"Sheepmeat"
14190,79,"Sheepmeat"
14192,79,"Sheepmeat"
13706,79,"Sheepmeat"
13713,79,"Sheepmeat"
13514,79,"Sheepmeat"
13515,79,"Sheepmeat"
13519,79,"Sheepmeat"
13520,79,"Sheepmeat"
13521,79,"Sheepmeat"
13522,79,"Sheepmeat"
13523,79,"Sheepmeat"
13524,79,"Sheepmeat"
13525,79,"Sheepmeat"
13526,79,"Sheepmeat"
13715,79,"Sheepmeat"
13716,79,"Sheepmeat"
13717,79,"Sheepmeat"
13718,79,"Sheepmeat"
13719,79,"Sheepmeat"
13722,79,"Sheepmeat"
13723,79,"Sheepmeat"
13724,79,"Sheepmeat"
13725,79,"Sheepmeat"
13726,79,"Sheepmeat"
13745,79,"Sheepmeat"
13746,79,"Sheepmeat"
13747,79,"Sheepmeat"
13748,79,"Sheepmeat"
13527,79,"Sheepmeat"
13528,79,"Sheepmeat"
13529,79,"Sheepmeat"
13530,79,"Sheepmeat"
13531,79,"Sheepmeat"
13532,79,"Sheepmeat"
13534,79,"Sheepmeat"
13535,79,"Sheepmeat"
13536,79,"Sheepmeat"
13537,79,"Sheepmeat"
13538,79,"Sheepmeat"
13539,79,"Sheepmeat"
13540,79,"Sheepmeat"
13541,79,"Sheepmeat"
13542,79,"Sheepmeat"
13543,79,"Sheepmeat"
13544,79,"Sheepmeat"
13545,79,"Sheepmeat"
13546,79,"Sheepmeat"
13547,79,"Sheepmeat"
13548,79,"Sheepmeat"
13749,79,"Sheepmeat"
13750,79,"Sheepmeat"
13751,79,"Sheepmeat"
13752,79,"Sheepmeat"
13758,79,"Sheepmeat"
13759,79,"Sheepmeat"
14226,79,"Sheepmeat"
17787,79,"Sheepmeat"
14088,79,"Sheepmeat"
14090,79,"Sheepmeat"
14091,79,"Sheepmeat"
16739,79,"Sheepmeat"
16744,79,"Sheepmeat"
16992,79,"Sheepmeat"
16993,79,"Sheepmeat"
16743,79,"Sheepmeat"
16780,79,"Sheepmeat"
16781,79,"Sheepmeat"
16783,79,"Sheepmeat"
16782,79,"Sheepmeat"
16014,79,"Sheepmeat"
15831,79,"Sheepmeat"
15741,79,"Sheepmeat"
15832,79,"Sheepmeat"
16023,79,"Sheepmeat"
15768,79,"Sheepmeat"
15769,79,"Sheepmeat"
15771,79,"Sheepmeat"
15770,79,"Sheepmeat"
16025,79,"Sheepmeat"
17047,79,"Sheepmeat"
17807,79,"Sheepmeat"
17583,79,"Sheepmeat"
17585,79,"Sheepmeat"
15767,79,"Sheepmeat"
15772,79,"Sheepmeat"
15774,79,"Sheepmeat"
15775,79,"Sheepmeat"
15776,79,"Sheepmeat"
15777,79,"Sheepmeat"
15794,79,"Sheepmeat"
15799,79,"Sheepmeat"
15800,79,"Sheepmeat"
15809,79,"Sheepmeat"
15817,79,"Sheepmeat"
16819,79,"Sheepmeat"
17042,79,"Sheepmeat"
17046,79,"Sheepmeat"
15833,79,"Sheepmeat"
15773,79,"Sheepmeat"
15778,79,"Sheepmeat"
15779,79,"Sheepmeat"
15780,79,"Sheepmeat"
15782,79,"Sheepmeat"
15783,79,"Sheepmeat"
15784,79,"Sheepmeat"
15787,79,"Sheepmeat"
15788,79,"Sheepmeat"
15789,79,"Sheepmeat"
15790,79,"Sheepmeat"
15791,79,"Sheepmeat"
15792,79,"Sheepmeat"
15793,79,"Sheepmeat"
15795,79,"Sheepmeat"
15796,79,"Sheepmeat"
15797,79,"Sheepmeat"
15798,79,"Sheepmeat"
15803,79,"Sheepmeat"
15804,79,"Sheepmeat"
15807,79,"Sheepmeat"
15808,79,"Sheepmeat"
15810,79,"Sheepmeat"
15811,79,"Sheepmeat"
15812,79,"Sheepmeat"
15816,79,"Sheepmeat"
15818,79,"Sheepmeat"
15819,79,"Sheepmeat"
15820,79,"Sheepmeat"
15565,79,"Sheepmeat"
15566,79,"Sheepmeat"
15567,79,"Sheepmeat"
15569,79,"Sheepmeat"
15825,79,"Sheepmeat"
16024,79,"Sheepmeat"
16026,79,"Sheepmeat"
16027,79,"Sheepmeat"
15834,79,"Sheepmeat"
16999,79,"Sheepmeat"
17011,79,"Sheepmeat"
16998,79,"Sheepmeat"
16746,79,"Sheepmeat"
16747,79,"Sheepmeat"
16748,79,"Sheepmeat"
15801,79,"Sheepmeat"
15763,79,"Sheepmeat"
15761,79,"Sheepmeat"
15762,79,"Sheepmeat"
17013,79,"Sheepmeat"
17010,79,"Sheepmeat"
17017,79,"Sheepmeat"
16750,79,"Sheepmeat"
16751,79,"Sheepmeat"
16752,79,"Sheepmeat"
17015,79,"Sheepmeat"
16741,79,"Sheepmeat"
16745,79,"Sheepmeat"
17016,79,"Sheepmeat"
17018,79,"Sheepmeat"
17019,79,"Sheepmeat"
16994,79,"Sheepmeat"
17022,79,"Sheepmeat"
17071,79,"Sheepmeat"
17072,79,"Sheepmeat"
17074,79,"Sheepmeat"
17075,79,"Sheepmeat"
16827,79,"Sheepmeat"
17041,79,"Sheepmeat"
16809,79,"Sheepmeat"
16825,79,"Sheepmeat"
16810,79,"Sheepmeat"
16817,79,"Sheepmeat"
16829,79,"Sheepmeat"
17069,79,"Sheepmeat"
17070,79,"Sheepmeat"
15474,79,"Sheepmeat"
15473,79,"Sheepmeat"
16821,79,"Sheepmeat"
16822,79,"Sheepmeat"
16823,79,"Sheepmeat"
16824,79,"Sheepmeat"
16826,79,"Sheepmeat"
17073,79,"Sheepmeat"
16828,79,"Sheepmeat"
17080,79,"Sheepmeat"
15478,79,"Sheepmeat"
15236,79,"Sheepmeat"
15482,79,"Sheepmeat"
15242,79,"Sheepmeat"
16818,79,"Sheepmeat"
16811,79,"Sheepmeat"
16814,79,"Sheepmeat"
16816,79,"Sheepmeat"
17067,79,"Sheepmeat"
16812,79,"Sheepmeat"
15246,79,"Sheepmeat"
15485,79,"Sheepmeat"
15239,79,"Sheepmeat"
15240,79,"Sheepmeat"
16785,79,"Sheepmeat"
17064,79,"Sheepmeat"
16838,79,"Sheepmeat"
15259,79,"Sheepmeat"
15484,79,"Sheepmeat"
17066,79,"Sheepmeat"
17065,79,"Sheepmeat"
13700,79,"Sheepmeat"
13702,79,"Sheepmeat"
13703,79,"Sheepmeat"
13705,79,"Sheepmeat"
13733,79,"Sheepmeat"
13734,79,"Sheepmeat"
13735,79,"Sheepmeat"
13736,79,"Sheepmeat"
13738,79,"Sheepmeat"
17756,79,"Sheepmeat"
17757,79,"Sheepmeat"
17758,79,"Sheepmeat"
17759,79,"Sheepmeat"
17539,79,"Sheepmeat"
17540,79,"Sheepmeat"
17554,79,"Sheepmeat"
17748,79,"Sheepmeat"
17749,79,"Sheepmeat"
17750,79,"Sheepmeat"
17751,79,"Sheepmeat"
17752,79,"Sheepmeat"
17753,79,"Sheepmeat"
17754,79,"Sheepmeat"
17545,79,"Sheepmeat"
17547,79,"Sheepmeat"
17549,79,"Sheepmeat"
17550,79,"Sheepmeat"
17551,79,"Sheepmeat"
17552,79,"Sheepmeat"
17553,79,"Sheepmeat"
17760,79,"Sheepmeat"
17577,79,"Sheepmeat"
13740,79,"Sheepmeat"
13741,79,"Sheepmeat"
13742,79,"Sheepmeat"
13743,79,"Sheepmeat"
13744,79,"Sheepmeat"
17541,79,"Sheepmeat"
17542,79,"Sheepmeat"
17543,79,"Sheepmeat"
17544,79,"Sheepmeat"
17546,79,"Sheepmeat"
17548,79,"Sheepmeat"
13739,79,"Sheepmeat"
13737,79,"Sheepmeat"
14097,79,"Sheepmeat"
14104,79,"Sheepmeat"
13502,79,"Sheepmeat"
13503,79,"Sheepmeat"
13698,79,"Sheepmeat"
13699,79,"Sheepmeat"
13712,79,"Sheepmeat"
13707,79,"Sheepmeat"
13708,79,"Sheepmeat"
13709,79,"Sheepmeat"
13710,79,"Sheepmeat"
13711,79,"Sheepmeat"
13505,79,"Sheepmeat"
13506,79,"Sheepmeat"
13507,79,"Sheepmeat"
13508,79,"Sheepmeat"
13509,79,"Sheepmeat"
13720,79,"Sheepmeat"
13721,79,"Sheepmeat"
13728,79,"Sheepmeat"
13729,79,"Sheepmeat"
13730,79,"Sheepmeat"
13731,79,"Sheepmeat"
13732,79,"Sheepmeat"
13772,79,"Sheepmeat"
13779,79,"Sheepmeat"
13780,79,"Sheepmeat"
13549,79,"Sheepmeat"
14100,79,"Sheepmeat"
14099,79,"Sheepmeat"
13783,79,"Sheepmeat"
13785,79,"Sheepmeat"
13795,79,"Sheepmeat"
14198,79,"Sheepmeat"
13804,79,"Sheepmeat"
14199,79,"Sheepmeat"
14214,79,"Sheepmeat"
14215,79,"Sheepmeat"
14159,79,"Sheepmeat"
14160,79,"Sheepmeat"
13820,79,"Sheepmeat"
14164,79,"Sheepmeat"
14168,79,"Sheepmeat"
14169,79,"Sheepmeat"
14170,79,"Sheepmeat"
14171,79,"Sheepmeat"
14173,79,"Sheepmeat"
14174,79,"Sheepmeat"
14175,79,"Sheepmeat"
14176,79,"Sheepmeat"
14177,79,"Sheepmeat"
14178,79,"Sheepmeat"
13941,79,"Sheepmeat"
14186,79,"Sheepmeat"
14187,79,"Sheepmeat"
14188,79,"Sheepmeat"
14179,79,"Sheepmeat"
13807,79,"Sheepmeat"
13809,79,"Sheepmeat"
13810,79,"Sheepmeat"
13811,79,"Sheepmeat"
13812,79,"Sheepmeat"
13826,79,"Sheepmeat"
13827,79,"Sheepmeat"
13828,79,"Sheepmeat"
13831,79,"Sheepmeat"
13533,79,"Sheepmeat"
13753,79,"Sheepmeat"
13754,79,"Sheepmeat"
13755,79,"Sheepmeat"
13756,79,"Sheepmeat"
13757,79,"Sheepmeat"
14202,79,"Sheepmeat"
14203,79,"Sheepmeat"
14204,79,"Sheepmeat"
14205,79,"Sheepmeat"
14207,79,"Sheepmeat"
14221,79,"Sheepmeat"
14222,79,"Sheepmeat"
17732,79,"Sheepmeat"
17772,79,"Sheepmeat"
17773,79,"Sheepmeat"
17775,79,"Sheepmeat"
17778,79,"Sheepmeat"
17779,79,"Sheepmeat"
17780,79,"Sheepmeat"
17781,79,"Sheepmeat"
17569,79,"Sheepmeat"
17518,79,"Sheepmeat"
17776,79,"Sheepmeat"
14189,79,"Sheepmeat"
17536,79,"Sheepmeat"
17735,79,"Sheepmeat"
17736,79,"Sheepmeat"
17738,79,"Sheepmeat"
17755,79,"Sheepmeat"
17765,79,"Sheepmeat"
22587,79,"Sheepmeat"
22592,79,"Sheepmeat"
22596,79,"Sheepmeat"
22605,79,"Sheepmeat"
22606,79,"Sheepmeat"
22832,79,"Sheepmeat"
22833,79,"Sheepmeat"
22834,79,"Sheepmeat"
22616,79,"Sheepmeat"
22617,79,"Sheepmeat"
22619,79,"Sheepmeat"
22621,79,"Sheepmeat"
22618,79,"Sheepmeat"
22615,79,"Sheepmeat"
7944,79,"Sheepmeat"
7945,79,"Sheepmeat"
7360,79,"Sheepmeat"
11900,79,"Sheepmeat"
12130,79,"Sheepmeat"
12134,79,"Sheepmeat"
22282,79,"Sheepmeat"
22283,79,"Sheepmeat"
22546,79,"Sheepmeat"
22738,79,"Sheepmeat"
22739,79,"Sheepmeat"
22542,79,"Sheepmeat"
22702,79,"Sheepmeat"
22713,79,"Sheepmeat"
22715,79,"Sheepmeat"
22716,79,"Sheepmeat"
22728,79,"Sheepmeat"
15760,79,"Sheepmeat"
13221,79,"Sheepmeat"
15496,79,"Sheepmeat"
15495,79,"Sheepmeat"
15505,79,"Sheepmeat"
15506,79,"Sheepmeat"
15522,79,"Sheepmeat"
22464,79,"Sheepmeat"
22465,79,"Sheepmeat"
15261,79,"Sheepmeat"
15582,79,"Sheepmeat"
15585,79,"Sheepmeat"
15586,79,"Sheepmeat"
15587,79,"Sheepmeat"
15588,79,"Sheepmeat"
15599,79,"Sheepmeat"
15528,79,"Sheepmeat"
15601,79,"Sheepmeat"
15600,79,"Sheepmeat"
15604,79,"Sheepmeat"
15605,79,"Sheepmeat"
15606,79,"Sheepmeat"
15548,79,"Sheepmeat"
15551,79,"Sheepmeat"
15552,79,"Sheepmeat"
15553,79,"Sheepmeat"
15554,79,"Sheepmeat"
15555,79,"Sheepmeat"
15558,79,"Sheepmeat"
15560,79,"Sheepmeat"
15561,79,"Sheepmeat"
15593,79,"Sheepmeat"
15594,79,"Sheepmeat"
15597,79,"Sheepmeat"
15598,79,"Sheepmeat"
15602,79,"Sheepmeat"
15603,79,"Sheepmeat"
15608,79,"Sheepmeat"
15610,79,"Sheepmeat"
15612,79,"Sheepmeat"
15614,79,"Sheepmeat"
16839,79,"Sheepmeat"
16840,79,"Sheepmeat"
16841,79,"Sheepmeat"
16842,79,"Sheepmeat"
16843,79,"Sheepmeat"
16844,79,"Sheepmeat"
16845,79,"Sheepmeat"
16846,79,"Sheepmeat"
16847,79,"Sheepmeat"
16848,79,"Sheepmeat"
16849,79,"Sheepmeat"
16850,79,"Sheepmeat"
16851,79,"Sheepmeat"
16852,79,"Sheepmeat"
16853,79,"Sheepmeat"
16854,79,"Sheepmeat"
16855,79,"Sheepmeat"
16857,79,"Sheepmeat"
15607,79,"Sheepmeat"
15609,79,"Sheepmeat"
15611,79,"Sheepmeat"
15613,79,"Sheepmeat"
15615,79,"Sheepmeat"
15617,79,"Sheepmeat"
15618,79,"Sheepmeat"
15619,79,"Sheepmeat"
15620,79,"Sheepmeat"
15621,79,"Sheepmeat"
15622,79,"Sheepmeat"
15623,79,"Sheepmeat"
15624,79,"Sheepmeat"
15625,79,"Sheepmeat"
15626,79,"Sheepmeat"
15627,79,"Sheepmeat"
15628,79,"Sheepmeat"
15629,79,"Sheepmeat"
15630,79,"Sheepmeat"
15631,79,"Sheepmeat"
15632,79,"Sheepmeat"
15633,79,"Sheepmeat"
15634,79,"Sheepmeat"
15260,79,"Sheepmeat"
15529,79,"Sheepmeat"
15590,79,"Sheepmeat"
22463,79,"Sheepmeat"
15264,79,"Sheepmeat"
15265,79,"Sheepmeat"
15266,79,"Sheepmeat"
15267,79,"Sheepmeat"
15268,79,"Sheepmeat"
15270,79,"Sheepmeat"
15275,79,"Sheepmeat"
15276,79,"Sheepmeat"
15277,79,"Sheepmeat"
15281,79,"Sheepmeat"
15530,79,"Sheepmeat"
15531,79,"Sheepmeat"
15532,79,"Sheepmeat"
15533,79,"Sheepmeat"
15534,79,"Sheepmeat"
15535,79,"Sheepmeat"
15536,79,"Sheepmeat"
15537,79,"Sheepmeat"
15538,79,"Sheepmeat"
15539,79,"Sheepmeat"
22466,79,"Sheepmeat"
15488,79,"Sheepmeat"
15498,79,"Sheepmeat"
15486,79,"Sheepmeat"
15489,79,"Sheepmeat"
15490,79,"Sheepmeat"
15492,79,"Sheepmeat"
15493,79,"Sheepmeat"
15494,79,"Sheepmeat"
15254,79,"Sheepmeat"
15491,79,"Sheepmeat"
15521,79,"Sheepmeat"
15256,79,"Sheepmeat"
15257,79,"Sheepmeat"
15258,79,"Sheepmeat"
15524,79,"Sheepmeat"
15525,79,"Sheepmeat"
16837,79,"Sheepmeat"
15576,79,"Sheepmeat"
15283,79,"Sheepmeat"
15284,79,"Sheepmeat"
15285,79,"Sheepmeat"
15286,79,"Sheepmeat"
15571,79,"Sheepmeat"
15575,79,"Sheepmeat"
15288,79,"Sheepmeat"
15263,79,"Sheepmeat"
15282,79,"Sheepmeat"
15570,79,"Sheepmeat"
15291,79,"Sheepmeat"
15549,79,"Sheepmeat"
15550,79,"Sheepmeat"
15563,79,"Sheepmeat"
15579,79,"Sheepmeat"
15581,79,"Sheepmeat"
22208,79,"Sheepmeat"
22211,79,"Sheepmeat"
22220,79,"Sheepmeat"
22221,79,"Sheepmeat"
22222,79,"Sheepmeat"
22223,79,"Sheepmeat"
22224,79,"Sheepmeat"
22230,79,"Sheepmeat"
22468,79,"Sheepmeat"
22469,79,"Sheepmeat"
22476,79,"Sheepmeat"
22477,79,"Sheepmeat"
22478,79,"Sheepmeat"
22479,79,"Sheepmeat"
22480,79,"Sheepmeat"
22481,79,"Sheepmeat"
22482,79,"Sheepmeat"
22484,79,"Sheepmeat"
22485,79,"Sheepmeat"
22487,79,"Sheepmeat"
22231,79,"Sheepmeat"
16046,79,"Sheepmeat"
16797,79,"Sheepmeat"
17059,79,"Sheepmeat"
15527,79,"Sheepmeat"
22471,79,"Sheepmeat"
22233,79,"Sheepmeat"
22234,79,"Sheepmeat"
22235,79,"Sheepmeat"
22236,79,"Sheepmeat"
22238,79,"Sheepmeat"
22239,79,"Sheepmeat"
22241,79,"Sheepmeat"
22518,79,"Sheepmeat"
15848,79,"Sheepmeat"
22232,79,"Sheepmeat"
22467,79,"Sheepmeat"
22210,79,"Sheepmeat"
15847,79,"Sheepmeat"
22472,79,"Sheepmeat"
22250,79,"Sheepmeat"
22251,79,"Sheepmeat"
22252,79,"Sheepmeat"
22254,79,"Sheepmeat"
22517,79,"Sheepmeat"
22256,79,"Sheepmeat"
15556,79,"Sheepmeat"
15557,79,"Sheepmeat"
15559,79,"Sheepmeat"
15589,79,"Sheepmeat"
15591,79,"Sheepmeat"
15592,79,"Sheepmeat"
15595,79,"Sheepmeat"
15596,79,"Sheepmeat"
16856,79,"Sheepmeat"
16858,79,"Sheepmeat"
15635,79,"Sheepmeat"
15636,79,"Sheepmeat"
15637,79,"Sheepmeat"
15580,79,"Sheepmeat"
22227,79,"Sheepmeat"
22228,79,"Sheepmeat"
22229,79,"Sheepmeat"
22470,79,"Sheepmeat"
22473,79,"Sheepmeat"
22474,79,"Sheepmeat"
22475,79,"Sheepmeat"
22486,79,"Sheepmeat"
22237,79,"Sheepmeat"
22240,79,"Sheepmeat"
22244,79,"Sheepmeat"
22515,79,"Sheepmeat"
22516,79,"Sheepmeat"
22513,79,"Sheepmeat"
22255,79,"Sheepmeat"
22514,79,"Sheepmeat"
22519,79,"Sheepmeat"
22242,79,"Sheepmeat"
22243,79,"Sheepmeat"
22521,79,"Sheepmeat"
22274,79,"Sheepmeat"
22740,79,"Sheepmeat"
13701,79,"Sheepmeat"
14094,79,"Sheepmeat"
22273,79,"Sheepmeat"
22276,79,"Sheepmeat"
22522,79,"Sheepmeat"
22245,79,"Sheepmeat"
22246,79,"Sheepmeat"
22247,79,"Sheepmeat"
22248,79,"Sheepmeat"
22249,79,"Sheepmeat"
22253,79,"Sheepmeat"
22491,79,"Sheepmeat"
22492,79,"Sheepmeat"
22493,79,"Sheepmeat"
22512,79,"Sheepmeat"
22703,79,"Sheepmeat"
22523,79,"Sheepmeat"
22591,79,"Sheepmeat"
22826,79,"Sheepmeat"
22667,79,"Sheepmeat"
22494,79,"Sheepmeat"
22496,79,"Sheepmeat"
22497,79,"Sheepmeat"
22498,79,"Sheepmeat"
22499,79,"Sheepmeat"
22500,79,"Sheepmeat"
22501,79,"Sheepmeat"
22502,79,"Sheepmeat"
22503,79,"Sheepmeat"
22504,79,"Sheepmeat"
22505,79,"Sheepmeat"
22506,79,"Sheepmeat"
22507,79,"Sheepmeat"
22508,79,"Sheepmeat"
22509,79,"Sheepmeat"
22257,79,"Sheepmeat"
22258,79,"Sheepmeat"
22259,79,"Sheepmeat"
22260,79,"Sheepmeat"
22261,79,"Sheepmeat"
22263,79,"Sheepmeat"
22264,79,"Sheepmeat"
22265,79,"Sheepmeat"
22266,79,"Sheepmeat"
22267,79,"Sheepmeat"
22510,79,"Sheepmeat"
22511,79,"Sheepmeat"
22275,79,"Sheepmeat"
22277,79,"Sheepmeat"
22278,79,"Sheepmeat"
22525,79,"Sheepmeat"
22526,79,"Sheepmeat"
22528,79,"Sheepmeat"
22529,79,"Sheepmeat"
22530,79,"Sheepmeat"
22531,79,"Sheepmeat"
22532,79,"Sheepmeat"
22533,79,"Sheepmeat"
22706,79,"Sheepmeat"
22708,79,"Sheepmeat"
17001,79,"Sheepmeat"
17009,79,"Sheepmeat"
15511,79,"Sheepmeat"
15512,79,"Sheepmeat"
22707,79,"Sheepmeat"
15513,79,"Sheepmeat"
15742,79,"Sheepmeat"
15744,79,"Sheepmeat"
15756,79,"Sheepmeat"
15743,79,"Sheepmeat"
15746,79,"Sheepmeat"
15747,79,"Sheepmeat"
15748,79,"Sheepmeat"
15749,79,"Sheepmeat"
15750,79,"Sheepmeat"
15751,79,"Sheepmeat"
15752,79,"Sheepmeat"
16018,79,"Sheepmeat"
16019,79,"Sheepmeat"
16020,79,"Sheepmeat"
17007,79,"Sheepmeat"
16984,79,"Sheepmeat"
16985,79,"Sheepmeat"
16986,79,"Sheepmeat"
16987,79,"Sheepmeat"
16988,79,"Sheepmeat"
16990,79,"Sheepmeat"
16022,79,"Sheepmeat"
16742,79,"Sheepmeat"
16997,79,"Sheepmeat"
16995,79,"Sheepmeat"
16996,79,"Sheepmeat"
15828,79,"Sheepmeat"
16015,79,"Sheepmeat"
16016,79,"Sheepmeat"
16017,79,"Sheepmeat"
16013,79,"Sheepmeat"
15781,79,"Sheepmeat"
15785,79,"Sheepmeat"
15786,79,"Sheepmeat"
15802,79,"Sheepmeat"
15805,79,"Sheepmeat"
15806,79,"Sheepmeat"
15813,79,"Sheepmeat"
15814,79,"Sheepmeat"
15815,79,"Sheepmeat"
15821,79,"Sheepmeat"
15564,79,"Sheepmeat"
16989,79,"Sheepmeat"
16991,79,"Sheepmeat"
17002,79,"Sheepmeat"
17003,79,"Sheepmeat"
17004,79,"Sheepmeat"
17005,79,"Sheepmeat"
17006,79,"Sheepmeat"
17008,79,"Sheepmeat"
17045,79,"Sheepmeat"
17784,79,"Sheepmeat"
17820,79,"Sheepmeat"
15709,79,"Sheepmeat"
15711,79,"Sheepmeat"
15708,79,"Sheepmeat"
15735,79,"Sheepmeat"
15745,79,"Sheepmeat"
15732,79,"Sheepmeat"
15739,79,"Sheepmeat"
15736,79,"Sheepmeat"
15737,79,"Sheepmeat"
15738,79,"Sheepmeat"
15757,79,"Sheepmeat"
15758,79,"Sheepmeat"
15759,79,"Sheepmeat"
13220,79,"Sheepmeat"
15734,79,"Sheepmeat"
15733,79,"Sheepmeat"
98,79,"Sheepmeat"
101,65,"Sheepmeat"
103,65,"Sheepmeat"
99,65,"Sheepmeat"
15481,65,"Sheepmeat"
104,65,"Sheepmeat"
107,65,"Sheepmeat"
105,65,"Sheepmeat"
109,65,"Sheepmeat"
106,65,"Sheepmeat"
111,65,"Sheepmeat"
127,65,"Sheepmeat"
16764,65,"Sheepmeat"
16771,65,"Sheepmeat"
112,65,"Sheepmeat"
126,65,"Sheepmeat"
16763,65,"Sheepmeat"
4412,65,"Sheepmeat"
4417,65,"Sheepmeat"
4655,65,"Sheepmeat"
3044,65,"Sheepmeat"
4653,65,"Sheepmeat"
2977,65,"Sheepmeat"
4403,65,"Sheepmeat"
4404,65,"Sheepmeat"
4392,65,"Sheepmeat"
4393,65,"Sheepmeat"
4394,65,"Sheepmeat"
4405,65,"Sheepmeat"
3048,65,"Sheepmeat"
4406,65,"Sheepmeat"
4407,65,"Sheepmeat"
4657,65,"Sheepmeat"
4658,65,"Sheepmeat"
3052,65,"Sheepmeat"
4659,65,"Sheepmeat"
4660,65,"Sheepmeat"
4410,65,"Sheepmeat"
4411,65,"Sheepmeat"
3053,65,"Sheepmeat"
3054,65,"Sheepmeat"
4418,65,"Sheepmeat"
4419,65,"Sheepmeat"
4423,65,"Sheepmeat"
2998,65,"Sheepmeat"
4414,65,"Sheepmeat"
4664,65,"Sheepmeat"
4413,65,"Sheepmeat"
4415,65,"Sheepmeat"
4662,65,"Sheepmeat"
3024,65,"Sheepmeat"
3050,65,"Sheepmeat"
3013,65,"Sheepmeat"
3049,65,"Sheepmeat"
3022,65,"Sheepmeat"
3051,65,"Sheepmeat"
2993,65,"Sheepmeat"
4667,65,"Sheepmeat"
4424,65,"Sheepmeat"
3003,65,"Sheepmeat"
7897,65,"Sheepmeat"
7899,65,"Sheepmeat"
15237,65,"Sheepmeat"
15483,65,"Sheepmeat"
7905,65,"Sheepmeat"
7288,65,"Sheepmeat"
7898,65,"Sheepmeat"
7290,65,"Sheepmeat"
7291,65,"Sheepmeat"
7292,65,"Sheepmeat"
7909,65,"Sheepmeat"
7877,65,"Sheepmeat"
7289,65,"Sheepmeat"
7896,65,"Sheepmeat"
7287,65,"Sheepmeat"
15501,65,"Sheepmeat"
7876,65,"Sheepmeat"
15238,65,"Sheepmeat"
15499,65,"Sheepmeat"
15500,65,"Sheepmeat"
15502,65,"Sheepmeat"
15503,65,"Sheepmeat"
4656,65,"Sheepmeat"
4420,65,"Sheepmeat"
4665,65,"Sheepmeat"
7886,65,"Sheepmeat"
7276,65,"Sheepmeat"
7277,65,"Sheepmeat"
15249,65,"Sheepmeat"
7296,65,"Sheepmeat"
7297,65,"Sheepmeat"
7298,65,"Sheepmeat"
7910,65,"Sheepmeat"
7912,65,"Sheepmeat"
7263,65,"Sheepmeat"
7911,65,"Sheepmeat"
7300,65,"Sheepmeat"
7858,65,"Sheepmeat"
7881,65,"Sheepmeat"
7888,65,"Sheepmeat"
7890,65,"Sheepmeat"
7283,65,"Sheepmeat"
7892,65,"Sheepmeat"
7281,65,"Sheepmeat"
7282,65,"Sheepmeat"
7894,65,"Sheepmeat"
7285,65,"Sheepmeat"
7286,65,"Sheepmeat"
7856,65,"Sheepmeat"
7893,65,"Sheepmeat"
7895,65,"Sheepmeat"
15998,65,"Sheepmeat"
7884,65,"Sheepmeat"
7284,65,"Sheepmeat"
15999,65,"Sheepmeat"
16000,65,"Sheepmeat"
16001,65,"Sheepmeat"
16004,65,"Sheepmeat"
7891,65,"Sheepmeat"
7261,65,"Sheepmeat"
7264,65,"Sheepmeat"
7265,65,"Sheepmeat"
11621,65,"Sheepmeat"
22835,65,"Sheepmeat"
7853,65,"Sheepmeat"
7859,65,"Sheepmeat"
7860,65,"Sheepmeat"
7861,65,"Sheepmeat"
7356,65,"Sheepmeat"
11901,65,"Sheepmeat"
7862,65,"Sheepmeat"
7863,65,"Sheepmeat"
7864,65,"Sheepmeat"
7867,65,"Sheepmeat"
7274,65,"Sheepmeat"
7880,65,"Sheepmeat"
7889,65,"Sheepmeat"
12131,65,"Sheepmeat"
12135,65,"Sheepmeat"
7357,65,"Sheepmeat"
7363,65,"Sheepmeat"
12132,65,"Sheepmeat"
11903,65,"Sheepmeat"
15248,65,"Sheepmeat"
15250,65,"Sheepmeat"
15251,65,"Sheepmeat"
15504,65,"Sheepmeat"
15507,65,"Sheepmeat"
15508,65,"Sheepmeat"
15514,65,"Sheepmeat"
15515,65,"Sheepmeat"
15518,65,"Sheepmeat"
15519,65,"Sheepmeat"
15252,65,"Sheepmeat"
15253,65,"Sheepmeat"
7260,65,"Sheepmeat"
7871,65,"Sheepmeat"
7267,65,"Sheepmeat"
7272,65,"Sheepmeat"
7885,65,"Sheepmeat"
16006,65,"Sheepmeat"
15845,65,"Sheepmeat"
15846,65,"Sheepmeat"
7857,65,"Sheepmeat"
22543,65,"Sheepmeat"
22544,65,"Sheepmeat"
22545,65,"Sheepmeat"
7854,65,"Sheepmeat"
7855,65,"Sheepmeat"
7868,65,"Sheepmeat"
7269,65,"Sheepmeat"
7270,65,"Sheepmeat"
7866,65,"Sheepmeat"
7869,65,"Sheepmeat"
7259,65,"Sheepmeat"
7302,65,"Sheepmeat"
7918,65,"Sheepmeat"
7852,65,"Sheepmeat"
7870,65,"Sheepmeat"
7873,65,"Sheepmeat"
7268,65,"Sheepmeat"
7872,65,"Sheepmeat"
7874,65,"Sheepmeat"
7875,65,"Sheepmeat"
7301,65,"Sheepmeat"
7273,65,"Sheepmeat"
7275,65,"Sheepmeat"
7358,65,"Sheepmeat"
7361,65,"Sheepmeat"
11902,65,"Sheepmeat"
16003,65,"Sheepmeat"
15509,65,"Sheepmeat"
16011,65,"Sheepmeat"
16007,65,"Sheepmeat"
22279,65,"Sheepmeat"
16010,65,"Sheepmeat"
15826,65,"Sheepmeat"
15827,65,"Sheepmeat"
16012,65,"Sheepmeat"
15510,65,"Sheepmeat"
15516,65,"Sheepmeat"
15517,65,"Sheepmeat"
7878,65,"Sheepmeat"
7266,65,"Sheepmeat"
16002,65,"Sheepmeat"
16005,65,"Sheepmeat"
22536,65,"Sheepmeat"
22537,65,"Sheepmeat"
22280,65,"Sheepmeat"
22281,65,"Sheepmeat"
22709,65,"Sheepmeat"
22828,65,"Sheepmeat"
22829,65,"Sheepmeat"
22585,65,"Sheepmeat"
22586,65,"Sheepmeat"
22589,65,"Sheepmeat"
22590,65,"Sheepmeat"
22827,65,"Sheepmeat"
22830,65,"Sheepmeat"
22601,65,"Sheepmeat"
22602,65,"Sheepmeat"
22603,65,"Sheepmeat"
22609,65,"Sheepmeat"
22610,65,"Sheepmeat"
22710,65,"Sheepmeat"
22711,65,"Sheepmeat"
22712,65,"Sheepmeat"
22611,65,"Sheepmeat"
22612,65,"Sheepmeat"
22614,65,"Sheepmeat"
22613,65,"Sheepmeat"
22538,65,"Sheepmeat"
22539,65,"Sheepmeat"
22733,65,"Sheepmeat"
22734,65,"Sheepmeat"
22735,65,"Sheepmeat"
22717,65,"Sheepmeat"
22718,65,"Sheepmeat"
22719,65,"Sheepmeat"
22720,65,"Sheepmeat"
22721,65,"Sheepmeat"
22722,65,"Sheepmeat"
22723,65,"Sheepmeat"
22724,65,"Sheepmeat"
22725,65,"Sheepmeat"
22726,65,"Sheepmeat"
22727,65,"Sheepmeat"
22730,65,"Sheepmeat"
22731,65,"Sheepmeat"
22732,65,"Sheepmeat"
11874,65,"Sheepmeat"
22836,65,"Sheepmeat"
22575,65,"Sheepmeat"
16008,65,"Sheepmeat"
16009,65,"Sheepmeat"
22495,65,"Sheepmeat"
22534,65,"Sheepmeat"
22535,65,"Sheepmeat"
22540,65,"Sheepmeat"
22729,65,"Sheepmeat"
22285,65,"Sheepmeat"
22286,65,"Sheepmeat"
22736,65,"Sheepmeat"
22737,65,"Sheepmeat"
22284,65,"Sheepmeat"
22701,65,"Sheepmeat"
22802,65,"Sheepmeat"
22803,65,"Sheepmeat"
22567,65,"Sheepmeat"
22789,65,"Sheepmeat"
22796,65,"Sheepmeat"
22807,65,"Sheepmeat"
22574,65,"Sheepmeat"
22578,65,"Sheepmeat"
22579,65,"Sheepmeat"
22580,65,"Sheepmeat"
22566,65,"Sheepmeat"
22790,65,"Sheepmeat"
22791,65,"Sheepmeat"
22792,65,"Sheepmeat"
22793,65,"Sheepmeat"
22794,65,"Sheepmeat"
22795,65,"Sheepmeat"
22797,65,"Sheepmeat"
22798,65,"Sheepmeat"
22799,65,"Sheepmeat"
22800,65,"Sheepmeat"
22801,65,"Sheepmeat"
22804,65,"Sheepmeat"
22805,65,"Sheepmeat"
22568,65,"Sheepmeat"
22581,65,"Sheepmeat"
22582,65,"Sheepmeat"
22583,65,"Sheepmeat"
22584,65,"Sheepmeat"
14082,65,"Sheepmeat"
14087,65,"Sheepmeat"
14193,65,"Sheepmeat"
17721,65,"Sheepmeat"
17722,65,"Sheepmeat"
17723,65,"Sheepmeat"
12375,65,"Sheepmeat"
12376,65,"Sheepmeat"
17818,65,"Sheepmeat"
22576,65,"Sheepmeat"
22620,65,"Sheepmeat"
22840,65,"Sheepmeat"
22594,65,"Sheepmeat"
22595,65,"Sheepmeat"
22598,65,"Sheepmeat"
22599,65,"Sheepmeat"
22570,65,"Sheepmeat"
22577,65,"Sheepmeat"
22607,65,"Sheepmeat"
22831,65,"Sheepmeat"
22593,65,"Sheepmeat"
22741,65,"Sheepmeat"
14095,65,"Sheepmeat"
14096,65,"Sheepmeat"
22748,65,"Sheepmeat"
22746,65,"Sheepmeat"
22747,65,"Sheepmeat"
22561,65,"Sheepmeat"
22559,65,"Sheepmeat"
22560,65,"Sheepmeat"
22742,65,"Sheepmeat"
22705,65,"Sheepmeat"
22668,65,"Sheepmeat"
22670,65,"Sheepmeat"
22750,65,"Sheepmeat"
22753,65,"Sheepmeat"
22558,65,"Sheepmeat"
22760,65,"Sheepmeat"
22761,65,"Sheepmeat"
22762,65,"Sheepmeat"
22763,65,"Sheepmeat"
22822,65,"Sheepmeat"
22751,65,"Sheepmeat"
22752,65,"Sheepmeat"
22755,65,"Sheepmeat"
22756,65,"Sheepmeat"
22757,65,"Sheepmeat"
22758,65,"Sheepmeat"
22759,65,"Sheepmeat"
22764,65,"Sheepmeat"
22765,65,"Sheepmeat"
22766,65,"Sheepmeat"
22767,65,"Sheepmeat"
22769,65,"Sheepmeat"
22787,65,"Sheepmeat"
22557,65,"Sheepmeat"
22600,65,"Sheepmeat"
22817,65,"Sheepmeat"
22819,65,"Sheepmeat"
22820,65,"Sheepmeat"
22823,65,"Sheepmeat"
22824,65,"Sheepmeat"
22553,65,"Sheepmeat"
22554,65,"Sheepmeat"
22555,65,"Sheepmeat"
22563,65,"Sheepmeat"
22588,65,"Sheepmeat"
22597,65,"Sheepmeat"
22825,65,"Sheepmeat"
22821,65,"Sheepmeat"
108,65,"Sheepmeat"
110,65,"Sheepmeat"
16770,65,"Sheepmeat"
7882,65,"Sheepmeat"
7883,65,"Sheepmeat"
7278,65,"Sheepmeat"
7279,65,"Sheepmeat"
7280,65,"Sheepmeat"
7887,65,"Sheepmeat"
7254,65,"Sheepmeat"
7255,65,"Sheepmeat"
7926,65,"Sheepmeat"
7922,65,"Sheepmeat"
7923,65,"Sheepmeat"
7924,65,"Sheepmeat"
7925,65,"Sheepmeat"
7927,65,"Sheepmeat"
7928,65,"Sheepmeat"
7929,65,"Sheepmeat"
7930,65,"Sheepmeat"
7311,65,"Sheepmeat"
7920,65,"Sheepmeat"
7312,65,"Sheepmeat"
7323,65,"Sheepmeat"
7324,65,"Sheepmeat"
7328,65,"Sheepmeat"
7330,65,"Sheepmeat"
7325,65,"Sheepmeat"
7326,65,"Sheepmeat"
7329,65,"Sheepmeat"
7252,65,"Sheepmeat"
2810,65,"Sheepmeat"
2809,65,"Sheepmeat"
2813,65,"Sheepmeat"
2815,65,"Sheepmeat"
7251,65,"Sheepmeat"
2814,65,"Sheepmeat"
2838,65,"Sheepmeat"
2811,65,"Sheepmeat"
2844,65,"Sheepmeat"
2845,65,"Sheepmeat"
2846,65,"Sheepmeat"
2849,65,"Sheepmeat"
2852,65,"Sheepmeat"
2853,65,"Sheepmeat"
2854,65,"Sheepmeat"
2855,65,"Sheepmeat"
2856,65,"Sheepmeat"
2857,65,"Sheepmeat"
2858,65,"Sheepmeat"
2859,65,"Sheepmeat"
2860,65,"Sheepmeat"
2861,65,"Sheepmeat"
3034,65,"Sheepmeat"
3035,65,"Sheepmeat"
3039,65,"Sheepmeat"
3040,65,"Sheepmeat"
3041,65,"Sheepmeat"
3009,65,"Sheepmeat"
2812,65,"Sheepmeat"
16773,65,"Sheepmeat"
16774,65,"Sheepmeat"
16775,65,"Sheepmeat"
17076,65,"Sheepmeat"
16833,65,"Sheepmeat"
16834,65,"Sheepmeat"
17083,65,"Sheepmeat"
16835,65,"Sheepmeat"
16836,65,"Sheepmeat"
15232,65,"Sheepmeat"
15472,65,"Sheepmeat"
15573,65,"Sheepmeat"
7304,65,"Sheepmeat"
7303,65,"Sheepmeat"
7257,65,"Sheepmeat"
7258,65,"Sheepmeat"
7851,65,"Sheepmeat"
7865,65,"Sheepmeat"
7271,65,"Sheepmeat"
7919,65,"Sheepmeat"
7327,65,"Sheepmeat"
2805,65,"Sheepmeat"
2806,65,"Sheepmeat"
2807,65,"Sheepmeat"
2808,65,"Sheepmeat"
7947,65,"Sheepmeat"
12082,65,"Sheepmeat"
11904,65,"Sheepmeat"
2816,65,"Sheepmeat"
2817,65,"Sheepmeat"
2818,65,"Sheepmeat"
2819,65,"Sheepmeat"
2821,65,"Sheepmeat"
2822,65,"Sheepmeat"
2588,65,"Sheepmeat"
2590,65,"Sheepmeat"
2592,65,"Sheepmeat"
2593,65,"Sheepmeat"
2591,65,"Sheepmeat"
7906,65,"Sheepmeat"
2595,65,"Sheepmeat"
2596,65,"Sheepmeat"
2556,65,"Sheepmeat"
2557,65,"Sheepmeat"
2562,65,"Sheepmeat"
2575,65,"Sheepmeat"
2577,65,"Sheepmeat"
2585,65,"Sheepmeat"
2586,65,"Sheepmeat"
2587,65,"Sheepmeat"
2589,65,"Sheepmeat"
4210,65,"Sheepmeat"
2597,65,"Sheepmeat"
2598,65,"Sheepmeat"
2611,65,"Sheepmeat"
2600,65,"Sheepmeat"
2612,65,"Sheepmeat"
2731,65,"Sheepmeat"
2765,65,"Sheepmeat"
4216,65,"Sheepmeat"
4339,65,"Sheepmeat"
4340,65,"Sheepmeat"
4351,65,"Sheepmeat"
4616,65,"Sheepmeat"
4617,65,"Sheepmeat"
4618,65,"Sheepmeat"
4357,65,"Sheepmeat"
7907,65,"Sheepmeat"
2825,65,"Sheepmeat"
3011,65,"Sheepmeat"
3012,65,"Sheepmeat"
2573,65,"Sheepmeat"
7908,65,"Sheepmeat"
4634,65,"Sheepmeat"
2827,65,"Sheepmeat"
4635,65,"Sheepmeat"
4636,65,"Sheepmeat"
4637,65,"Sheepmeat"
4638,65,"Sheepmeat"
4639,65,"Sheepmeat"
4640,65,"Sheepmeat"
2826,65,"Sheepmeat"
2824,65,"Sheepmeat"
2907,65,"Sheepmeat"
3017,65,"Sheepmeat"
4380,65,"Sheepmeat"
4381,65,"Sheepmeat"
2831,65,"Sheepmeat"
2832,65,"Sheepmeat"
2833,65,"Sheepmeat"
2835,65,"Sheepmeat"
2834,65,"Sheepmeat"
4707,65,"Sheepmeat"
3032,65,"Sheepmeat"
4708,65,"Sheepmeat"
4709,65,"Sheepmeat"
3008,65,"Sheepmeat"
3027,65,"Sheepmeat"
3028,65,"Sheepmeat"
3010,65,"Sheepmeat"
2539,65,"Sheepmeat"
3029,65,"Sheepmeat"
3025,65,"Sheepmeat"
2829,65,"Sheepmeat"
2830,65,"Sheepmeat"
2828,65,"Sheepmeat"
2836,65,"Sheepmeat"
2876,65,"Sheepmeat"
2839,65,"Sheepmeat"
2862,65,"Sheepmeat"
2863,65,"Sheepmeat"
2864,65,"Sheepmeat"
2865,65,"Sheepmeat"
2866,65,"Sheepmeat"
2837,65,"Sheepmeat"
2841,65,"Sheepmeat"
3033,65,"Sheepmeat"
3036,65,"Sheepmeat"
2906,65,"Sheepmeat"
2905,65,"Sheepmeat"
2607,65,"Sheepmeat"
2610,65,"Sheepmeat"
4386,65,"Sheepmeat"
2842,65,"Sheepmeat"
3042,65,"Sheepmeat"
7253,65,"Sheepmeat"
2867,65,"Sheepmeat"
2875,65,"Sheepmeat"
4387,65,"Sheepmeat"
4388,65,"Sheepmeat"
91,65,"Sheepmeat"
7294,65,"Sheepmeat"
7902,65,"Sheepmeat"
7295,65,"Sheepmeat"
7900,65,"Sheepmeat"
7903,65,"Sheepmeat"
7036,65,"Sheepmeat"
17012,65,"Sheepmeat"
2868,65,"Sheepmeat"
2874,65,"Sheepmeat"
11809,65,"Sheepmeat"
2869,65,"Sheepmeat"
2877,65,"Sheepmeat"
2872,65,"Sheepmeat"
2882,65,"Sheepmeat"
2873,65,"Sheepmeat"
2878,65,"Sheepmeat"
2901,65,"Sheepmeat"
2903,65,"Sheepmeat"
2879,65,"Sheepmeat"
2881,65,"Sheepmeat"
2912,65,"Sheepmeat"
2915,65,"Sheepmeat"
2909,65,"Sheepmeat"
2911,65,"Sheepmeat"
2908,65,"Sheepmeat"
2910,65,"Sheepmeat"
11622,65,"Sheepmeat"
12075,65,"Sheepmeat"
12084,65,"Sheepmeat"
12088,65,"Sheepmeat"
12089,65,"Sheepmeat"
12077,65,"Sheepmeat"
12076,65,"Sheepmeat"
12085,65,"Sheepmeat"
12090,65,"Sheepmeat"
12086,65,"Sheepmeat"
11848,65,"Sheepmeat"
11849,65,"Sheepmeat"
12108,65,"Sheepmeat"
12109,65,"Sheepmeat"
12110,65,"Sheepmeat"
11891,65,"Sheepmeat"
12116,65,"Sheepmeat"
11890,65,"Sheepmeat"
11847,65,"Sheepmeat"
12078,65,"Sheepmeat"
12079,65,"Sheepmeat"
12080,65,"Sheepmeat"
12081,65,"Sheepmeat"
12083,65,"Sheepmeat"
12111,65,"Sheepmeat"
12113,65,"Sheepmeat"
12114,65,"Sheepmeat"
7948,65,"Sheepmeat"
7952,65,"Sheepmeat"
12136,65,"Sheepmeat"
11905,65,"Sheepmeat"
11810,65,"Sheepmeat"
11591,65,"Sheepmeat"
11818,65,"Sheepmeat"
11839,65,"Sheepmeat"
11587,65,"Sheepmeat"
11811,65,"Sheepmeat"
11812,65,"Sheepmeat"
7848,65,"Sheepmeat"
11840,65,"Sheepmeat"
7847,65,"Sheepmeat"
7849,65,"Sheepmeat"
7850,65,"Sheepmeat"
11841,65,"Sheepmeat"
11842,65,"Sheepmeat"
11843,65,"Sheepmeat"
7332,65,"Sheepmeat"
11846,65,"Sheepmeat"
7333,65,"Sheepmeat"
7334,65,"Sheepmeat"
7335,65,"Sheepmeat"
7336,65,"Sheepmeat"
7337,65,"Sheepmeat"
7338,65,"Sheepmeat"
7339,65,"Sheepmeat"
7341,65,"Sheepmeat"
7343,65,"Sheepmeat"
7340,65,"Sheepmeat"
7344,65,"Sheepmeat"
7349,65,"Sheepmeat"
7355,65,"Sheepmeat"
7346,65,"Sheepmeat"
7348,65,"Sheepmeat"
7354,65,"Sheepmeat"
12122,65,"Sheepmeat"
12125,65,"Sheepmeat"
7933,65,"Sheepmeat"
7935,65,"Sheepmeat"
7934,65,"Sheepmeat"
12124,65,"Sheepmeat"
11899,65,"Sheepmeat"
7939,65,"Sheepmeat"
12123,65,"Sheepmeat"
12128,65,"Sheepmeat"
11588,65,"Sheepmeat"
11589,65,"Sheepmeat"
11590,65,"Sheepmeat"
11592,65,"Sheepmeat"
11593,65,"Sheepmeat"
11596,65,"Sheepmeat"
11597,65,"Sheepmeat"
11813,65,"Sheepmeat"
11814,65,"Sheepmeat"
11815,65,"Sheepmeat"
11816,65,"Sheepmeat"
11817,65,"Sheepmeat"
7351,65,"Sheepmeat"
7353,65,"Sheepmeat"
7938,65,"Sheepmeat"
7940,65,"Sheepmeat"
7941,65,"Sheepmeat"
7942,65,"Sheepmeat"
7943,65,"Sheepmeat"
7951,65,"Sheepmeat"
7954,65,"Sheepmeat"
7955,65,"Sheepmeat"
7350,65,"Sheepmeat"
7352,65,"Sheepmeat"
12126,65,"Sheepmeat"
12129,65,"Sheepmeat"
11896,65,"Sheepmeat"
11897,65,"Sheepmeat"
12139,65,"Sheepmeat"
11906,65,"Sheepmeat"
11907,65,"Sheepmeat"
11908,65,"Sheepmeat"
11909,65,"Sheepmeat"
11898,65,"Sheepmeat"
11606,65,"Sheepmeat"
11837,65,"Sheepmeat"
11838,65,"Sheepmeat"
11845,65,"Sheepmeat"
12133,65,"Sheepmeat"
2820,65,"Sheepmeat"
2902,65,"Sheepmeat"
2904,65,"Sheepmeat"
2913,65,"Sheepmeat"
7331,65,"Sheepmeat"
7946,65,"Sheepmeat"
7359,65,"Sheepmeat"
16740,65,"Sheepmeat"
16784,65,"Sheepmeat"
17056,65,"Sheepmeat"
17063,65,"Sheepmeat"
16786,65,"Sheepmeat"
15255,65,"Sheepmeat"
15520,65,"Sheepmeat"
17048,65,"Sheepmeat"
15835,65,"Sheepmeat"
15822,65,"Sheepmeat"
15837,65,"Sheepmeat"
17051,65,"Sheepmeat"
15992,65,"Sheepmeat"
15993,65,"Sheepmeat"
17560,65,"Sheepmeat"
15824,65,"Sheepmeat"
15568,65,"Sheepmeat"
15823,65,"Sheepmeat"
15991,65,"Sheepmeat"
17053,65,"Sheepmeat"
16791,65,"Sheepmeat"
16795,65,"Sheepmeat"
16792,65,"Sheepmeat"
16793,65,"Sheepmeat"
17060,65,"Sheepmeat"
17061,65,"Sheepmeat"
17062,65,"Sheepmeat"
16801,65,"Sheepmeat"
16794,65,"Sheepmeat"
15839,65,"Sheepmeat"
15840,65,"Sheepmeat"
15841,65,"Sheepmeat"
15842,65,"Sheepmeat"
15843,65,"Sheepmeat"
15844,65,"Sheepmeat"
16029,65,"Sheepmeat"
16034,65,"Sheepmeat"
16035,65,"Sheepmeat"
16036,65,"Sheepmeat"
16038,65,"Sheepmeat"
16041,65,"Sheepmeat"
16048,65,"Sheepmeat"
16028,65,"Sheepmeat"
16030,65,"Sheepmeat"
16031,65,"Sheepmeat"
15997,65,"Sheepmeat"
15838,65,"Sheepmeat"
16032,65,"Sheepmeat"
13704,65,"Sheepmeat"
15994,65,"Sheepmeat"
15995,65,"Sheepmeat"
15996,65,"Sheepmeat"
16044,65,"Sheepmeat"
17058,65,"Sheepmeat"
16790,65,"Sheepmeat"
17049,65,"Sheepmeat"
17054,65,"Sheepmeat"
17055,65,"Sheepmeat"
16802,65,"Sheepmeat"
15562,65,"Sheepmeat"
15523,65,"Sheepmeat"
15526,65,"Sheepmeat"
16787,65,"Sheepmeat"
16788,65,"Sheepmeat"
16789,65,"Sheepmeat"
17057,65,"Sheepmeat"
16803,65,"Sheepmeat"
16804,65,"Sheepmeat"
16805,65,"Sheepmeat"
16806,65,"Sheepmeat"
16807,65,"Sheepmeat"
16808,65,"Sheepmeat"
17050,65,"Sheepmeat"
15836,65,"Sheepmeat"
16033,65,"Sheepmeat"
16042,65,"Sheepmeat"
22262,65,"Sheepmeat"
22520,65,"Sheepmeat"
22269,65,"Sheepmeat"
22270,65,"Sheepmeat"
22271,65,"Sheepmeat"
22272,65,"Sheepmeat"
16037,65,"Sheepmeat"
16039,65,"Sheepmeat"
16040,65,"Sheepmeat"
15577,65,"Sheepmeat"
15578,65,"Sheepmeat"
22268,65,"Sheepmeat"
16043,65,"Sheepmeat"
16045,65,"Sheepmeat"
16796,65,"Sheepmeat"
16798,65,"Sheepmeat"
16800,65,"Sheepmeat"
16799,65,"Sheepmeat"
16761,65,"Sheepmeat"
17052,65,"Sheepmeat"
16776,65,"Sheepmeat"
16777,65,"Sheepmeat"
16778,65,"Sheepmeat"
17035,65,"Sheepmeat"
17036,65,"Sheepmeat"
17038,65,"Sheepmeat"
17039,65,"Sheepmeat"
16831,65,"Sheepmeat"
17078,65,"Sheepmeat"
17040,65,"Sheepmeat"
4630,65,"Sheepmeat"
4396,65,"Sheepmeat"
4629,65,"Sheepmeat"
4627,65,"Sheepmeat"
4612,65,"Sheepmeat"
4397,65,"Sheepmeat"
4398,65,"Sheepmeat"
4648,65,"Sheepmeat"
4647,65,"Sheepmeat"
4211,65,"Sheepmeat"
4212,65,"Sheepmeat"
2606,65,"Sheepmeat"
2609,65,"Sheepmeat"
4213,65,"Sheepmeat"
4603,65,"Sheepmeat"
4441,65,"Sheepmeat"
4604,65,"Sheepmeat"
4606,65,"Sheepmeat"
4668,65,"Sheepmeat"
4242,65,"Sheepmeat"
4243,65,"Sheepmeat"
2604,65,"Sheepmeat"
2781,65,"Sheepmeat"
2789,65,"Sheepmeat"
2605,65,"Sheepmeat"
2551,65,"Sheepmeat"
2785,65,"Sheepmeat"
2790,65,"Sheepmeat"
2608,65,"Sheepmeat"
4641,65,"Sheepmeat"
4358,65,"Sheepmeat"
4706,65,"Sheepmeat"
4448,65,"Sheepmeat"
2778,65,"Sheepmeat"
2745,65,"Sheepmeat"
2746,65,"Sheepmeat"
2747,65,"Sheepmeat"
4611,65,"Sheepmeat"
2554,65,"Sheepmeat"
2555,65,"Sheepmeat"
2705,65,"Sheepmeat"
2706,65,"Sheepmeat"
2708,65,"Sheepmeat"
2730,65,"Sheepmeat"
4620,65,"Sheepmeat"
4621,65,"Sheepmeat"
4622,65,"Sheepmeat"
4624,65,"Sheepmeat"
2553,65,"Sheepmeat"
2602,65,"Sheepmeat"
2603,65,"Sheepmeat"
2565,65,"Sheepmeat"
2559,65,"Sheepmeat"
2567,65,"Sheepmeat"
2568,65,"Sheepmeat"
2560,65,"Sheepmeat"
2569,65,"Sheepmeat"
2571,65,"Sheepmeat"
2570,65,"Sheepmeat"
7913,65,"Sheepmeat"
7915,65,"Sheepmeat"
7305,65,"Sheepmeat"
7262,65,"Sheepmeat"
7916,65,"Sheepmeat"
7313,65,"Sheepmeat"
7322,65,"Sheepmeat"
7321,65,"Sheepmeat"
7318,65,"Sheepmeat"
7314,65,"Sheepmeat"
7315,65,"Sheepmeat"
7914,65,"Sheepmeat"
7917,65,"Sheepmeat"
7307,65,"Sheepmeat"
7308,65,"Sheepmeat"
7309,65,"Sheepmeat"
7310,65,"Sheepmeat"
7931,65,"Sheepmeat"
7319,65,"Sheepmeat"
7320,65,"Sheepmeat"
2537,65,"Sheepmeat"
2547,65,"Sheepmeat"
2561,65,"Sheepmeat"
2564,65,"Sheepmeat"
2566,65,"Sheepmeat"
2572,65,"Sheepmeat"
2578,65,"Sheepmeat"
2582,65,"Sheepmeat"
2676,65,"Sheepmeat"
2677,65,"Sheepmeat"
2678,65,"Sheepmeat"
2679,65,"Sheepmeat"
2680,65,"Sheepmeat"
2681,65,"Sheepmeat"
2682,65,"Sheepmeat"
2689,65,"Sheepmeat"
2690,65,"Sheepmeat"
2693,65,"Sheepmeat"
2695,65,"Sheepmeat"
2698,65,"Sheepmeat"
2699,65,"Sheepmeat"
2702,65,"Sheepmeat"
2703,65,"Sheepmeat"
2704,65,"Sheepmeat"
2707,65,"Sheepmeat"
2544,65,"Sheepmeat"
2540,65,"Sheepmeat"
2541,65,"Sheepmeat"
2542,65,"Sheepmeat"
2543,65,"Sheepmeat"
2545,65,"Sheepmeat"
2550,65,"Sheepmeat"
2786,65,"Sheepmeat"
2787,65,"Sheepmeat"
4250,65,"Sheepmeat"
7932,65,"Sheepmeat"
7316,65,"Sheepmeat"
7317,65,"Sheepmeat"
2792,65,"Sheepmeat"
2791,65,"Sheepmeat"
3031,65,"Sheepmeat"
2538,65,"Sheepmeat"
3030,65,"Sheepmeat"
2548,65,"Sheepmeat"
2552,65,"Sheepmeat"
2558,65,"Sheepmeat"
2563,65,"Sheepmeat"
2576,65,"Sheepmeat"
2579,65,"Sheepmeat"
2580,65,"Sheepmeat"
2581,65,"Sheepmeat"
2583,65,"Sheepmeat"
2584,65,"Sheepmeat"
2613,65,"Sheepmeat"
2614,65,"Sheepmeat"
2615,65,"Sheepmeat"
2616,65,"Sheepmeat"
2617,65,"Sheepmeat"
2618,65,"Sheepmeat"
2619,65,"Sheepmeat"
2620,65,"Sheepmeat"
2621,65,"Sheepmeat"
2622,65,"Sheepmeat"
2623,65,"Sheepmeat"
2624,65,"Sheepmeat"
2625,65,"Sheepmeat"
2626,65,"Sheepmeat"
2627,65,"Sheepmeat"
2628,65,"Sheepmeat"
2629,65,"Sheepmeat"
2637,65,"Sheepmeat"
2640,65,"Sheepmeat"
2641,65,"Sheepmeat"
2642,65,"Sheepmeat"
2643,65,"Sheepmeat"
2644,65,"Sheepmeat"
2645,65,"Sheepmeat"
2650,65,"Sheepmeat"
2651,65,"Sheepmeat"
2652,65,"Sheepmeat"
2653,65,"Sheepmeat"
2654,65,"Sheepmeat"
2655,65,"Sheepmeat"
2656,65,"Sheepmeat"
2657,65,"Sheepmeat"
2658,65,"Sheepmeat"
2659,65,"Sheepmeat"
2660,65,"Sheepmeat"
2661,65,"Sheepmeat"
2662,65,"Sheepmeat"
2663,65,"Sheepmeat"
2664,65,"Sheepmeat"
2665,65,"Sheepmeat"
2666,65,"Sheepmeat"
2670,65,"Sheepmeat"
2673,65,"Sheepmeat"
2674,65,"Sheepmeat"
2675,65,"Sheepmeat"
2683,65,"Sheepmeat"
2686,65,"Sheepmeat"
2687,65,"Sheepmeat"
2688,65,"Sheepmeat"
2700,65,"Sheepmeat"
2701,65,"Sheepmeat"
2709,65,"Sheepmeat"
2710,65,"Sheepmeat"
2711,65,"Sheepmeat"
2712,65,"Sheepmeat"
2713,65,"Sheepmeat"
2714,65,"Sheepmeat"
2715,65,"Sheepmeat"
2716,65,"Sheepmeat"
2717,65,"Sheepmeat"
2718,65,"Sheepmeat"
2719,65,"Sheepmeat"
2720,65,"Sheepmeat"
2721,65,"Sheepmeat"
2722,65,"Sheepmeat"
2723,65,"Sheepmeat"
2724,65,"Sheepmeat"
2725,65,"Sheepmeat"
2726,65,"Sheepmeat"
2727,65,"Sheepmeat"
2728,65,"Sheepmeat"
2729,65,"Sheepmeat"
2601,65,"Sheepmeat"
2732,65,"Sheepmeat"
2733,65,"Sheepmeat"
2734,65,"Sheepmeat"
2735,65,"Sheepmeat"
2736,65,"Sheepmeat"
2737,65,"Sheepmeat"
2738,65,"Sheepmeat"
2739,65,"Sheepmeat"
2740,65,"Sheepmeat"
2741,65,"Sheepmeat"
4677,65,"Sheepmeat"
4215,65,"Sheepmeat"
2742,65,"Sheepmeat"
2743,65,"Sheepmeat"
2744,65,"Sheepmeat"
2750,65,"Sheepmeat"
2751,65,"Sheepmeat"
2754,65,"Sheepmeat"
2755,65,"Sheepmeat"
2756,65,"Sheepmeat"
2757,65,"Sheepmeat"
2758,65,"Sheepmeat"
2759,65,"Sheepmeat"
2760,65,"Sheepmeat"
2761,65,"Sheepmeat"
2762,65,"Sheepmeat"
2763,65,"Sheepmeat"
2764,65,"Sheepmeat"
2766,65,"Sheepmeat"
4341,65,"Sheepmeat"
4342,65,"Sheepmeat"
4217,65,"Sheepmeat"
4218,65,"Sheepmeat"
4219,65,"Sheepmeat"
4220,65,"Sheepmeat"
4221,65,"Sheepmeat"
4222,65,"Sheepmeat"
4613,65,"Sheepmeat"
4223,65,"Sheepmeat"
4614,65,"Sheepmeat"
4615,65,"Sheepmeat"
4343,65,"Sheepmeat"
4344,65,"Sheepmeat"
4345,65,"Sheepmeat"
4346,65,"Sheepmeat"
4224,65,"Sheepmeat"
4225,65,"Sheepmeat"
4226,65,"Sheepmeat"
4227,65,"Sheepmeat"
4228,65,"Sheepmeat"
4229,65,"Sheepmeat"
4347,65,"Sheepmeat"
4230,65,"Sheepmeat"
4231,65,"Sheepmeat"
4232,65,"Sheepmeat"
4233,65,"Sheepmeat"
4234,65,"Sheepmeat"
4235,65,"Sheepmeat"
4348,65,"Sheepmeat"
4349,65,"Sheepmeat"
4350,65,"Sheepmeat"
4623,65,"Sheepmeat"
4625,65,"Sheepmeat"
4626,65,"Sheepmeat"
4399,65,"Sheepmeat"
4400,65,"Sheepmeat"
2546,65,"Sheepmeat"
2549,65,"Sheepmeat"
4241,65,"Sheepmeat"
4649,65,"Sheepmeat"
4631,65,"Sheepmeat"
4359,65,"Sheepmeat"
4360,65,"Sheepmeat"
4361,65,"Sheepmeat"
4362,65,"Sheepmeat"
4363,65,"Sheepmeat"
4364,65,"Sheepmeat"
4365,65,"Sheepmeat"
4369,65,"Sheepmeat"
4370,65,"Sheepmeat"
4371,65,"Sheepmeat"
4372,65,"Sheepmeat"
4373,65,"Sheepmeat"
4374,65,"Sheepmeat"
4375,65,"Sheepmeat"
4376,65,"Sheepmeat"
4377,65,"Sheepmeat"
4378,65,"Sheepmeat"
4389,65,"Sheepmeat"
4390,65,"Sheepmeat"
4391,65,"Sheepmeat"
17559,65,"Sheepmeat"
17578,65,"Sheepmeat"
17579,65,"Sheepmeat"
17580,65,"Sheepmeat"
17804,65,"Sheepmeat"
17805,65,"Sheepmeat"
17587,65,"Sheepmeat"
17588,65,"Sheepmeat"
15740,65,"Sheepmeat"
15766,65,"Sheepmeat"
17789,65,"Sheepmeat"
17790,65,"Sheepmeat"
17562,65,"Sheepmeat"
17796,65,"Sheepmeat"
17572,65,"Sheepmeat"
17573,65,"Sheepmeat"
17574,65,"Sheepmeat"
17575,65,"Sheepmeat"
17576,65,"Sheepmeat"
17799,65,"Sheepmeat"
17800,65,"Sheepmeat"
17590,65,"Sheepmeat"
17802,65,"Sheepmeat"
17803,65,"Sheepmeat"
17581,65,"Sheepmeat"
17586,65,"Sheepmeat"
17561,65,"Sheepmeat"
17564,65,"Sheepmeat"
17563,65,"Sheepmeat"
17801,65,"Sheepmeat"
17558,65,"Sheepmeat"
17777,65,"Sheepmeat"
4642,65,"Sheepmeat"
4643,65,"Sheepmeat"
4644,65,"Sheepmeat"
4645,65,"Sheepmeat"
4646,65,"Sheepmeat"
4395,65,"Sheepmeat"
4236,65,"Sheepmeat"
4238,65,"Sheepmeat"
4239,65,"Sheepmeat"
4240,65,"Sheepmeat"
4549,65,"Sheepmeat"
4550,65,"Sheepmeat"
4551,65,"Sheepmeat"
4552,65,"Sheepmeat"
4553,65,"Sheepmeat"
4554,65,"Sheepmeat"
4401,65,"Sheepmeat"
4555,65,"Sheepmeat"
4556,65,"Sheepmeat"
4402,65,"Sheepmeat"
4557,65,"Sheepmeat"
4558,65,"Sheepmeat"
4559,65,"Sheepmeat"
4560,65,"Sheepmeat"
4650,65,"Sheepmeat"
4651,65,"Sheepmeat"
4569,65,"Sheepmeat"
4570,65,"Sheepmeat"
4282,65,"Sheepmeat"
4283,65,"Sheepmeat"
4284,65,"Sheepmeat"
4285,65,"Sheepmeat"
4286,65,"Sheepmeat"
4287,65,"Sheepmeat"
4288,65,"Sheepmeat"
4289,65,"Sheepmeat"
4580,65,"Sheepmeat"
4436,65,"Sheepmeat"
4599,65,"Sheepmeat"
4437,65,"Sheepmeat"
4446,65,"Sheepmeat"
4652,65,"Sheepmeat"
4607,65,"Sheepmeat"
4671,65,"Sheepmeat"
4608,65,"Sheepmeat"
4672,65,"Sheepmeat"
4609,65,"Sheepmeat"
4678,65,"Sheepmeat"
4320,65,"Sheepmeat"
4679,65,"Sheepmeat"
4321,65,"Sheepmeat"
4680,65,"Sheepmeat"
4322,65,"Sheepmeat"
4682,65,"Sheepmeat"
4324,65,"Sheepmeat"
4683,65,"Sheepmeat"
4408,65,"Sheepmeat"
4409,65,"Sheepmeat"
4421,65,"Sheepmeat"
4422,65,"Sheepmeat"
4661,65,"Sheepmeat"
2793,65,"Sheepmeat"
2795,65,"Sheepmeat"
2797,65,"Sheepmeat"
2799,65,"Sheepmeat"
2801,65,"Sheepmeat"
2803,65,"Sheepmeat"
4237,65,"Sheepmeat"
4244,65,"Sheepmeat"
4245,65,"Sheepmeat"
4246,65,"Sheepmeat"
4247,65,"Sheepmeat"
4248,65,"Sheepmeat"
4249,65,"Sheepmeat"
4251,65,"Sheepmeat"
4252,65,"Sheepmeat"
4253,65,"Sheepmeat"
4254,65,"Sheepmeat"
4255,65,"Sheepmeat"
4257,65,"Sheepmeat"
4258,65,"Sheepmeat"
4277,65,"Sheepmeat"
4278,65,"Sheepmeat"
4279,65,"Sheepmeat"
4280,65,"Sheepmeat"
4281,65,"Sheepmeat"
4546,65,"Sheepmeat"
4547,65,"Sheepmeat"
4548,65,"Sheepmeat"
4290,65,"Sheepmeat"
4291,65,"Sheepmeat"
4292,65,"Sheepmeat"
4293,65,"Sheepmeat"
4294,65,"Sheepmeat"
4295,65,"Sheepmeat"
4296,65,"Sheepmeat"
4297,65,"Sheepmeat"
4298,65,"Sheepmeat"
4299,65,"Sheepmeat"
4301,65,"Sheepmeat"
4302,65,"Sheepmeat"
4303,65,"Sheepmeat"
4304,65,"Sheepmeat"
4305,65,"Sheepmeat"
4306,65,"Sheepmeat"
4307,65,"Sheepmeat"
4308,65,"Sheepmeat"
4309,65,"Sheepmeat"
4310,65,"Sheepmeat"
4311,65,"Sheepmeat"
4312,65,"Sheepmeat"
4313,65,"Sheepmeat"
4314,65,"Sheepmeat"
4315,65,"Sheepmeat"
4571,65,"Sheepmeat"
4572,65,"Sheepmeat"
4574,65,"Sheepmeat"
4575,65,"Sheepmeat"
4576,65,"Sheepmeat"
4577,65,"Sheepmeat"
4578,65,"Sheepmeat"
4430,65,"Sheepmeat"
4431,65,"Sheepmeat"
4594,65,"Sheepmeat"
4598,65,"Sheepmeat"
4600,65,"Sheepmeat"
4445,65,"Sheepmeat"
4327,65,"Sheepmeat"
4328,65,"Sheepmeat"
4687,65,"Sheepmeat"
4329,65,"Sheepmeat"
4688,65,"Sheepmeat"
4330,65,"Sheepmeat"
4689,65,"Sheepmeat"
4331,65,"Sheepmeat"
4690,65,"Sheepmeat"
4332,65,"Sheepmeat"
4691,65,"Sheepmeat"
4333,65,"Sheepmeat"
4692,65,"Sheepmeat"
4334,65,"Sheepmeat"
4693,65,"Sheepmeat"
4335,65,"Sheepmeat"
4694,65,"Sheepmeat"
4336,65,"Sheepmeat"
4695,65,"Sheepmeat"
4337,65,"Sheepmeat"
4696,65,"Sheepmeat"
4338,65,"Sheepmeat"
4449,65,"Sheepmeat"
4697,65,"Sheepmeat"
4438,65,"Sheepmeat"
4601,65,"Sheepmeat"
4439,65,"Sheepmeat"
4602,65,"Sheepmeat"
4440,65,"Sheepmeat"
2767,65,"Sheepmeat"
2768,65,"Sheepmeat"
2769,65,"Sheepmeat"
2770,65,"Sheepmeat"
2771,65,"Sheepmeat"
2772,65,"Sheepmeat"
2773,65,"Sheepmeat"
2774,65,"Sheepmeat"
2775,65,"Sheepmeat"
2776,65,"Sheepmeat"
2777,65,"Sheepmeat"
2794,65,"Sheepmeat"
2796,65,"Sheepmeat"
2798,65,"Sheepmeat"
2800,65,"Sheepmeat"
2802,65,"Sheepmeat"
2804,65,"Sheepmeat"
4670,65,"Sheepmeat"
4444,65,"Sheepmeat"
4442,65,"Sheepmeat"
4684,65,"Sheepmeat"
4326,65,"Sheepmeat"
4685,65,"Sheepmeat"
4443,65,"Sheepmeat"
4447,65,"Sheepmeat"
17567,65,"Sheepmeat"
17570,65,"Sheepmeat"
17571,65,"Sheepmeat"
17782,65,"Sheepmeat"
17792,65,"Sheepmeat"
17819,65,"Sheepmeat"
12035,65,"Sheepmeat"
17724,65,"Sheepmeat"
17725,65,"Sheepmeat"
12377,65,"Sheepmeat"
12378,65,"Sheepmeat"
12379,65,"Sheepmeat"
12380,65,"Sheepmeat"
12589,65,"Sheepmeat"
12590,65,"Sheepmeat"
12597,65,"Sheepmeat"
12384,65,"Sheepmeat"
12393,65,"Sheepmeat"
12394,65,"Sheepmeat"
12395,65,"Sheepmeat"
12396,65,"Sheepmeat"
12405,65,"Sheepmeat"
12413,65,"Sheepmeat"
12031,65,"Sheepmeat"
12032,65,"Sheepmeat"
12033,65,"Sheepmeat"
12034,65,"Sheepmeat"
12372,65,"Sheepmeat"
12373,65,"Sheepmeat"
12385,65,"Sheepmeat"
12598,65,"Sheepmeat"
4353,65,"Sheepmeat"
4368,65,"Sheepmeat"
4628,65,"Sheepmeat"
4367,65,"Sheepmeat"
4366,65,"Sheepmeat"
4382,65,"Sheepmeat"
4384,65,"Sheepmeat"
4663,65,"Sheepmeat"
12038,65,"Sheepmeat"
12040,65,"Sheepmeat"
12041,65,"Sheepmeat"
12048,65,"Sheepmeat"
12049,65,"Sheepmeat"
12307,65,"Sheepmeat"
12308,65,"Sheepmeat"
12309,65,"Sheepmeat"
12310,65,"Sheepmeat"
12311,65,"Sheepmeat"
12312,65,"Sheepmeat"
12313,65,"Sheepmeat"
12314,65,"Sheepmeat"
12315,65,"Sheepmeat"
12316,65,"Sheepmeat"
12317,65,"Sheepmeat"
12318,65,"Sheepmeat"
12319,65,"Sheepmeat"
12528,65,"Sheepmeat"
12534,65,"Sheepmeat"
12535,65,"Sheepmeat"
12036,65,"Sheepmeat"
12530,65,"Sheepmeat"
17771,65,"Sheepmeat"
22571,65,"Sheepmeat"
22572,65,"Sheepmeat"
22573,65,"Sheepmeat"
13714,65,"Sheepmeat"
14191,65,"Sheepmeat"
17719,65,"Sheepmeat"
13504,65,"Sheepmeat"
13761,65,"Sheepmeat"
13762,65,"Sheepmeat"
13763,65,"Sheepmeat"
13764,65,"Sheepmeat"
13765,65,"Sheepmeat"
13767,65,"Sheepmeat"
14089,65,"Sheepmeat"
14093,65,"Sheepmeat"
14105,65,"Sheepmeat"
14106,65,"Sheepmeat"
14107,65,"Sheepmeat"
14108,65,"Sheepmeat"
14109,65,"Sheepmeat"
14112,65,"Sheepmeat"
14113,65,"Sheepmeat"
14114,65,"Sheepmeat"
14115,65,"Sheepmeat"
14116,65,"Sheepmeat"
14117,65,"Sheepmeat"
14118,65,"Sheepmeat"
14119,65,"Sheepmeat"
14124,65,"Sheepmeat"
14125,65,"Sheepmeat"
14127,65,"Sheepmeat"
14140,65,"Sheepmeat"
17720,65,"Sheepmeat"
17727,65,"Sheepmeat"
17728,65,"Sheepmeat"
17729,65,"Sheepmeat"
17730,65,"Sheepmeat"
17731,65,"Sheepmeat"
17524,65,"Sheepmeat"
17565,65,"Sheepmeat"
17767,65,"Sheepmeat"
17768,65,"Sheepmeat"
17769,65,"Sheepmeat"
17770,65,"Sheepmeat"
17568,65,"Sheepmeat"
17786,65,"Sheepmeat"
17791,65,"Sheepmeat"
17793,65,"Sheepmeat"
17794,65,"Sheepmeat"
17795,65,"Sheepmeat"
17528,65,"Sheepmeat"
17529,65,"Sheepmeat"
17531,65,"Sheepmeat"
17532,65,"Sheepmeat"
17534,65,"Sheepmeat"
17535,65,"Sheepmeat"
17734,65,"Sheepmeat"
17737,65,"Sheepmeat"
17739,65,"Sheepmeat"
17740,65,"Sheepmeat"
17741,65,"Sheepmeat"
17742,65,"Sheepmeat"
17743,65,"Sheepmeat"
17744,65,"Sheepmeat"
17745,65,"Sheepmeat"
17746,65,"Sheepmeat"
17747,65,"Sheepmeat"
17761,65,"Sheepmeat"
17762,65,"Sheepmeat"
17763,65,"Sheepmeat"
17764,65,"Sheepmeat"
17766,65,"Sheepmeat"
14190,65,"Sheepmeat"
14192,65,"Sheepmeat"
13706,65,"Sheepmeat"
13713,65,"Sheepmeat"
13514,65,"Sheepmeat"
13515,65,"Sheepmeat"
13519,65,"Sheepmeat"
13520,65,"Sheepmeat"
13521,65,"Sheepmeat"
13522,65,"Sheepmeat"
13523,65,"Sheepmeat"
13524,65,"Sheepmeat"
13525,65,"Sheepmeat"
13526,65,"Sheepmeat"
13715,65,"Sheepmeat"
13716,65,"Sheepmeat"
13717,65,"Sheepmeat"
13718,65,"Sheepmeat"
13719,65,"Sheepmeat"
13722,65,"Sheepmeat"
13723,65,"Sheepmeat"
13724,65,"Sheepmeat"
13725,65,"Sheepmeat"
13726,65,"Sheepmeat"
13745,65,"Sheepmeat"
13746,65,"Sheepmeat"
13747,65,"Sheepmeat"
13748,65,"Sheepmeat"
13527,65,"Sheepmeat"
13528,65,"Sheepmeat"
13529,65,"Sheepmeat"
13530,65,"Sheepmeat"
13531,65,"Sheepmeat"
13532,65,"Sheepmeat"
13534,65,"Sheepmeat"
13535,65,"Sheepmeat"
13536,65,"Sheepmeat"
13537,65,"Sheepmeat"
13538,65,"Sheepmeat"
13539,65,"Sheepmeat"
13540,65,"Sheepmeat"
13541,65,"Sheepmeat"
13542,65,"Sheepmeat"
13543,65,"Sheepmeat"
13544,65,"Sheepmeat"
13545,65,"Sheepmeat"
13546,65,"Sheepmeat"
13547,65,"Sheepmeat"
13548,65,"Sheepmeat"
13749,65,"Sheepmeat"
13750,65,"Sheepmeat"
13751,65,"Sheepmeat"
13752,65,"Sheepmeat"
13758,65,"Sheepmeat"
13759,65,"Sheepmeat"
14226,65,"Sheepmeat"
17787,65,"Sheepmeat"
14088,65,"Sheepmeat"
14090,65,"Sheepmeat"
14091,65,"Sheepmeat"
16739,65,"Sheepmeat"
16744,65,"Sheepmeat"
16992,65,"Sheepmeat"
16993,65,"Sheepmeat"
16743,65,"Sheepmeat"
16780,65,"Sheepmeat"
16781,65,"Sheepmeat"
16783,65,"Sheepmeat"
16782,65,"Sheepmeat"
16014,65,"Sheepmeat"
15831,65,"Sheepmeat"
15741,65,"Sheepmeat"
15832,65,"Sheepmeat"
16023,65,"Sheepmeat"
15768,65,"Sheepmeat"
15769,65,"Sheepmeat"
15771,65,"Sheepmeat"
15770,65,"Sheepmeat"
16025,65,"Sheepmeat"
17047,65,"Sheepmeat"
17807,65,"Sheepmeat"
17583,65,"Sheepmeat"
17585,65,"Sheepmeat"
15767,65,"Sheepmeat"
15772,65,"Sheepmeat"
15774,65,"Sheepmeat"
15775,65,"Sheepmeat"
15776,65,"Sheepmeat"
15777,65,"Sheepmeat"
15794,65,"Sheepmeat"
15799,65,"Sheepmeat"
15800,65,"Sheepmeat"
15809,65,"Sheepmeat"
15817,65,"Sheepmeat"
16819,65,"Sheepmeat"
17042,65,"Sheepmeat"
17046,65,"Sheepmeat"
15833,65,"Sheepmeat"
15773,65,"Sheepmeat"
15778,65,"Sheepmeat"
15779,65,"Sheepmeat"
15780,65,"Sheepmeat"
15782,65,"Sheepmeat"
15783,65,"Sheepmeat"
15784,65,"Sheepmeat"
15787,65,"Sheepmeat"
15788,65,"Sheepmeat"
15789,65,"Sheepmeat"
15790,65,"Sheepmeat"
15791,65,"Sheepmeat"
15792,65,"Sheepmeat"
15793,65,"Sheepmeat"
15795,65,"Sheepmeat"
15796,65,"Sheepmeat"
15797,65,"Sheepmeat"
15798,65,"Sheepmeat"
15803,65,"Sheepmeat"
15804,65,"Sheepmeat"
15807,65,"Sheepmeat"
15808,65,"Sheepmeat"
15810,65,"Sheepmeat"
15811,65,"Sheepmeat"
15812,65,"Sheepmeat"
15816,65,"Sheepmeat"
15818,65,"Sheepmeat"
15819,65,"Sheepmeat"
15820,65,"Sheepmeat"
15565,65,"Sheepmeat"
15566,65,"Sheepmeat"
15567,65,"Sheepmeat"
15569,65,"Sheepmeat"
15825,65,"Sheepmeat"
16024,65,"Sheepmeat"
16026,65,"Sheepmeat"
16027,65,"Sheepmeat"
15834,65,"Sheepmeat"
16999,65,"Sheepmeat"
17011,65,"Sheepmeat"
16998,65,"Sheepmeat"
16746,65,"Sheepmeat"
16747,65,"Sheepmeat"
16748,65,"Sheepmeat"
15801,65,"Sheepmeat"
15763,65,"Sheepmeat"
15761,65,"Sheepmeat"
15762,65,"Sheepmeat"
17013,65,"Sheepmeat"
17010,65,"Sheepmeat"
17017,65,"Sheepmeat"
16750,65,"Sheepmeat"
16751,65,"Sheepmeat"
16752,65,"Sheepmeat"
17015,65,"Sheepmeat"
16741,65,"Sheepmeat"
16745,65,"Sheepmeat"
17016,65,"Sheepmeat"
17018,65,"Sheepmeat"
17019,65,"Sheepmeat"
16994,65,"Sheepmeat"
17022,65,"Sheepmeat"
17071,65,"Sheepmeat"
17072,65,"Sheepmeat"
17074,65,"Sheepmeat"
17075,65,"Sheepmeat"
16827,65,"Sheepmeat"
17041,65,"Sheepmeat"
16809,65,"Sheepmeat"
16825,65,"Sheepmeat"
16810,65,"Sheepmeat"
16817,65,"Sheepmeat"
16829,65,"Sheepmeat"
17069,65,"Sheepmeat"
17070,65,"Sheepmeat"
15474,65,"Sheepmeat"
15473,65,"Sheepmeat"
16821,65,"Sheepmeat"
16822,65,"Sheepmeat"
16823,65,"Sheepmeat"
16824,65,"Sheepmeat"
16826,65,"Sheepmeat"
17073,65,"Sheepmeat"
16828,65,"Sheepmeat"
17080,65,"Sheepmeat"
15478,65,"Sheepmeat"
15236,65,"Sheepmeat"
15482,65,"Sheepmeat"
15242,65,"Sheepmeat"
16818,65,"Sheepmeat"
16811,65,"Sheepmeat"
16814,65,"Sheepmeat"
16816,65,"Sheepmeat"
17067,65,"Sheepmeat"
16812,65,"Sheepmeat"
15246,65,"Sheepmeat"
15485,65,"Sheepmeat"
15239,65,"Sheepmeat"
15240,65,"Sheepmeat"
16785,65,"Sheepmeat"
17064,65,"Sheepmeat"
16838,65,"Sheepmeat"
15259,65,"Sheepmeat"
15484,65,"Sheepmeat"
17066,65,"Sheepmeat"
17065,65,"Sheepmeat"
13700,65,"Sheepmeat"
13702,65,"Sheepmeat"
13703,65,"Sheepmeat"
13705,65,"Sheepmeat"
13733,65,"Sheepmeat"
13734,65,"Sheepmeat"
13735,65,"Sheepmeat"
13736,65,"Sheepmeat"
13738,65,"Sheepmeat"
17756,65,"Sheepmeat"
17757,65,"Sheepmeat"
17758,65,"Sheepmeat"
17759,65,"Sheepmeat"
17539,65,"Sheepmeat"
17540,65,"Sheepmeat"
17554,65,"Sheepmeat"
17748,65,"Sheepmeat"
17749,65,"Sheepmeat"
17750,65,"Sheepmeat"
17751,65,"Sheepmeat"
17752,65,"Sheepmeat"
17753,65,"Sheepmeat"
17754,65,"Sheepmeat"
17545,65,"Sheepmeat"
17547,65,"Sheepmeat"
17549,65,"Sheepmeat"
17550,65,"Sheepmeat"
17551,65,"Sheepmeat"
17552,65,"Sheepmeat"
17553,65,"Sheepmeat"
17760,65,"Sheepmeat"
17577,65,"Sheepmeat"
13740,65,"Sheepmeat"
13741,65,"Sheepmeat"
13742,65,"Sheepmeat"
13743,65,"Sheepmeat"
13744,65,"Sheepmeat"
17541,65,"Sheepmeat"
17542,65,"Sheepmeat"
17543,65,"Sheepmeat"
17544,65,"Sheepmeat"
17546,65,"Sheepmeat"
17548,65,"Sheepmeat"
13739,65,"Sheepmeat"
13737,65,"Sheepmeat"
14097,65,"Sheepmeat"
14104,65,"Sheepmeat"
13502,65,"Sheepmeat"
13503,65,"Sheepmeat"
13698,65,"Sheepmeat"
13699,65,"Sheepmeat"
13712,65,"Sheepmeat"
13707,65,"Sheepmeat"
13708,65,"Sheepmeat"
13709,65,"Sheepmeat"
13710,65,"Sheepmeat"
13711,65,"Sheepmeat"
13505,65,"Sheepmeat"
13506,65,"Sheepmeat"
13507,65,"Sheepmeat"
13508,65,"Sheepmeat"
13509,65,"Sheepmeat"
13720,65,"Sheepmeat"
13721,65,"Sheepmeat"
13728,65,"Sheepmeat"
13729,65,"Sheepmeat"
13730,65,"Sheepmeat"
13731,65,"Sheepmeat"
13732,65,"Sheepmeat"
13772,65,"Sheepmeat"
13779,65,"Sheepmeat"
13780,65,"Sheepmeat"
13549,65,"Sheepmeat"
14100,65,"Sheepmeat"
14099,65,"Sheepmeat"
13783,65,"Sheepmeat"
13785,65,"Sheepmeat"
13795,65,"Sheepmeat"
14198,65,"Sheepmeat"
13804,65,"Sheepmeat"
14199,65,"Sheepmeat"
14214,65,"Sheepmeat"
14215,65,"Sheepmeat"
14159,65,"Sheepmeat"
14160,65,"Sheepmeat"
13820,65,"Sheepmeat"
14164,65,"Sheepmeat"
14168,65,"Sheepmeat"
14169,65,"Sheepmeat"
14170,65,"Sheepmeat"
14171,65,"Sheepmeat"
14173,65,"Sheepmeat"
14174,65,"Sheepmeat"
14175,65,"Sheepmeat"
14176,65,"Sheepmeat"
14177,65,"Sheepmeat"
14178,65,"Sheepmeat"
13941,65,"Sheepmeat"
14186,65,"Sheepmeat"
14187,65,"Sheepmeat"
14188,65,"Sheepmeat"
14179,65,"Sheepmeat"
13807,65,"Sheepmeat"
13809,65,"Sheepmeat"
13810,65,"Sheepmeat"
13811,65,"Sheepmeat"
13812,65,"Sheepmeat"
13826,65,"Sheepmeat"
13827,65,"Sheepmeat"
13828,65,"Sheepmeat"
13831,65,"Sheepmeat"
13533,65,"Sheepmeat"
13753,65,"Sheepmeat"
13754,65,"Sheepmeat"
13755,65,"Sheepmeat"
13756,65,"Sheepmeat"
13757,65,"Sheepmeat"
14202,65,"Sheepmeat"
14203,65,"Sheepmeat"
14204,65,"Sheepmeat"
14205,65,"Sheepmeat"
14207,65,"Sheepmeat"
14221,65,"Sheepmeat"
14222,65,"Sheepmeat"
17732,65,"Sheepmeat"
17772,65,"Sheepmeat"
17773,65,"Sheepmeat"
17775,65,"Sheepmeat"
17778,65,"Sheepmeat"
17779,65,"Sheepmeat"
17780,65,"Sheepmeat"
17781,65,"Sheepmeat"
17569,65,"Sheepmeat"
17518,65,"Sheepmeat"
17776,65,"Sheepmeat"
14189,65,"Sheepmeat"
17536,65,"Sheepmeat"
17735,65,"Sheepmeat"
17736,65,"Sheepmeat"
17738,65,"Sheepmeat"
17755,65,"Sheepmeat"
17765,65,"Sheepmeat"
22587,65,"Sheepmeat"
22592,65,"Sheepmeat"
22596,65,"Sheepmeat"
22605,65,"Sheepmeat"
22606,65,"Sheepmeat"
22832,65,"Sheepmeat"
22833,65,"Sheepmeat"
22834,65,"Sheepmeat"
22616,65,"Sheepmeat"
22617,65,"Sheepmeat"
22619,65,"Sheepmeat"
22621,65,"Sheepmeat"
22618,65,"Sheepmeat"
22615,65,"Sheepmeat"
7944,65,"Sheepmeat"
7945,65,"Sheepmeat"
7360,65,"Sheepmeat"
11900,65,"Sheepmeat"
12130,65,"Sheepmeat"
12134,65,"Sheepmeat"
22282,65,"Sheepmeat"
22283,65,"Sheepmeat"
22546,65,"Sheepmeat"
22738,65,"Sheepmeat"
22739,65,"Sheepmeat"
22542,65,"Sheepmeat"
22702,65,"Sheepmeat"
22713,65,"Sheepmeat"
22715,65,"Sheepmeat"
22716,65,"Sheepmeat"
22728,65,"Sheepmeat"
15760,65,"Sheepmeat"
13221,65,"Sheepmeat"
15496,65,"Sheepmeat"
15495,65,"Sheepmeat"
15505,65,"Sheepmeat"
15506,65,"Sheepmeat"
15522,65,"Sheepmeat"
22464,65,"Sheepmeat"
22465,65,"Sheepmeat"
15261,65,"Sheepmeat"
15582,65,"Sheepmeat"
15585,65,"Sheepmeat"
15586,65,"Sheepmeat"
15587,65,"Sheepmeat"
15588,65,"Sheepmeat"
15599,65,"Sheepmeat"
15528,65,"Sheepmeat"
15601,65,"Sheepmeat"
15600,65,"Sheepmeat"
15604,65,"Sheepmeat"
15605,65,"Sheepmeat"
15606,65,"Sheepmeat"
15548,65,"Sheepmeat"
15551,65,"Sheepmeat"
15552,65,"Sheepmeat"
15553,65,"Sheepmeat"
15554,65,"Sheepmeat"
15555,65,"Sheepmeat"
15558,65,"Sheepmeat"
15560,65,"Sheepmeat"
15561,65,"Sheepmeat"
15593,65,"Sheepmeat"
15594,65,"Sheepmeat"
15597,65,"Sheepmeat"
15598,65,"Sheepmeat"
15602,65,"Sheepmeat"
15603,65,"Sheepmeat"
15608,65,"Sheepmeat"
15610,65,"Sheepmeat"
15612,65,"Sheepmeat"
15614,65,"Sheepmeat"
16839,65,"Sheepmeat"
16840,65,"Sheepmeat"
16841,65,"Sheepmeat"
16842,65,"Sheepmeat"
16843,65,"Sheepmeat"
16844,65,"Sheepmeat"
16845,65,"Sheepmeat"
16846,65,"Sheepmeat"
16847,65,"Sheepmeat"
16848,65,"Sheepmeat"
16849,65,"Sheepmeat"
16850,65,"Sheepmeat"
16851,65,"Sheepmeat"
16852,65,"Sheepmeat"
16853,65,"Sheepmeat"
16854,65,"Sheepmeat"
16855,65,"Sheepmeat"
16857,65,"Sheepmeat"
15607,65,"Sheepmeat"
15609,65,"Sheepmeat"
15611,65,"Sheepmeat"
15613,65,"Sheepmeat"
15615,65,"Sheepmeat"
15617,65,"Sheepmeat"
15618,65,"Sheepmeat"
15619,65,"Sheepmeat"
15620,65,"Sheepmeat"
15621,65,"Sheepmeat"
15622,65,"Sheepmeat"
15623,65,"Sheepmeat"
15624,65,"Sheepmeat"
15625,65,"Sheepmeat"
15626,65,"Sheepmeat"
15627,65,"Sheepmeat"
15628,65,"Sheepmeat"
15629,65,"Sheepmeat"
15630,65,"Sheepmeat"
15631,65,"Sheepmeat"
15632,65,"Sheepmeat"
15633,65,"Sheepmeat"
15634,65,"Sheepmeat"
15260,65,"Sheepmeat"
15529,65,"Sheepmeat"
15590,65,"Sheepmeat"
22463,65,"Sheepmeat"
15264,65,"Sheepmeat"
15265,65,"Sheepmeat"
15266,65,"Sheepmeat"
15267,65,"Sheepmeat"
15268,65,"Sheepmeat"
15270,65,"Sheepmeat"
15275,65,"Sheepmeat"
15276,65,"Sheepmeat"
15277,65,"Sheepmeat"
15281,65,"Sheepmeat"
15530,65,"Sheepmeat"
15531,65,"Sheepmeat"
15532,65,"Sheepmeat"
15533,65,"Sheepmeat"
15534,65,"Sheepmeat"
15535,65,"Sheepmeat"
15536,65,"Sheepmeat"
15537,65,"Sheepmeat"
15538,65,"Sheepmeat"
15539,65,"Sheepmeat"
22466,65,"Sheepmeat"
15488,65,"Sheepmeat"
15498,65,"Sheepmeat"
15486,65,"Sheepmeat"
15489,65,"Sheepmeat"
15490,65,"Sheepmeat"
15492,65,"Sheepmeat"
15493,65,"Sheepmeat"
15494,65,"Sheepmeat"
15254,65,"Sheepmeat"
15491,65,"Sheepmeat"
15521,65,"Sheepmeat"
15256,65,"Sheepmeat"
15257,65,"Sheepmeat"
15258,65,"Sheepmeat"
15524,65,"Sheepmeat"
15525,65,"Sheepmeat"
16837,65,"Sheepmeat"
15576,65,"Sheepmeat"
15283,65,"Sheepmeat"
15284,65,"Sheepmeat"
15285,65,"Sheepmeat"
15286,65,"Sheepmeat"
15571,65,"Sheepmeat"
15575,65,"Sheepmeat"
15288,65,"Sheepmeat"
15263,65,"Sheepmeat"
15282,65,"Sheepmeat"
15570,65,"Sheepmeat"
15291,65,"Sheepmeat"
15549,65,"Sheepmeat"
15550,65,"Sheepmeat"
15563,65,"Sheepmeat"
15579,65,"Sheepmeat"
15581,65,"Sheepmeat"
22208,65,"Sheepmeat"
22211,65,"Sheepmeat"
22220,65,"Sheepmeat"
22221,65,"Sheepmeat"
22222,65,"Sheepmeat"
22223,65,"Sheepmeat"
22224,65,"Sheepmeat"
22230,65,"Sheepmeat"
22468,65,"Sheepmeat"
22469,65,"Sheepmeat"
22476,65,"Sheepmeat"
22477,65,"Sheepmeat"
22478,65,"Sheepmeat"
22479,65,"Sheepmeat"
22480,65,"Sheepmeat"
22481,65,"Sheepmeat"
22482,65,"Sheepmeat"
22484,65,"Sheepmeat"
22485,65,"Sheepmeat"
22487,65,"Sheepmeat"
22231,65,"Sheepmeat"
16046,65,"Sheepmeat"
16797,65,"Sheepmeat"
17059,65,"Sheepmeat"
15527,65,"Sheepmeat"
22471,65,"Sheepmeat"
22233,65,"Sheepmeat"
22234,65,"Sheepmeat"
22235,65,"Sheepmeat"
22236,65,"Sheepmeat"
22238,65,"Sheepmeat"
22239,65,"Sheepmeat"
22241,65,"Sheepmeat"
22518,65,"Sheepmeat"
15848,65,"Sheepmeat"
22232,65,"Sheepmeat"
22467,65,"Sheepmeat"
22210,65,"Sheepmeat"
15847,65,"Sheepmeat"
22472,65,"Sheepmeat"
22250,65,"Sheepmeat"
22251,65,"Sheepmeat"
22252,65,"Sheepmeat"
22254,65,"Sheepmeat"
22517,65,"Sheepmeat"
22256,65,"Sheepmeat"
15556,65,"Sheepmeat"
15557,65,"Sheepmeat"
15559,65,"Sheepmeat"
15589,65,"Sheepmeat"
15591,65,"Sheepmeat"
15592,65,"Sheepmeat"
15595,65,"Sheepmeat"
15596,65,"Sheepmeat"
16856,65,"Sheepmeat"
16858,65,"Sheepmeat"
15635,65,"Sheepmeat"
15636,65,"Sheepmeat"
15637,65,"Sheepmeat"
15580,65,"Sheepmeat"
22227,65,"Sheepmeat"
22228,65,"Sheepmeat"
22229,65,"Sheepmeat"
22470,65,"Sheepmeat"
22473,65,"Sheepmeat"
22474,65,"Sheepmeat"
22475,65,"Sheepmeat"
22486,65,"Sheepmeat"
22237,65,"Sheepmeat"
22240,65,"Sheepmeat"
22244,65,"Sheepmeat"
22515,65,"Sheepmeat"
22516,65,"Sheepmeat"
22513,65,"Sheepmeat"
22255,65,"Sheepmeat"
22514,65,"Sheepmeat"
22519,65,"Sheepmeat"
22242,65,"Sheepmeat"
22243,65,"Sheepmeat"
22521,65,"Sheepmeat"
22274,65,"Sheepmeat"
22740,65,"Sheepmeat"
13701,65,"Sheepmeat"
14094,65,"Sheepmeat"
22273,65,"Sheepmeat"
22276,65,"Sheepmeat"
22522,65,"Sheepmeat"
22245,65,"Sheepmeat"
22246,65,"Sheepmeat"
22247,65,"Sheepmeat"
22248,65,"Sheepmeat"
22249,65,"Sheepmeat"
22253,65,"Sheepmeat"
22491,65,"Sheepmeat"
22492,65,"Sheepmeat"
22493,65,"Sheepmeat"
22512,65,"Sheepmeat"
22703,65,"Sheepmeat"
22523,65,"Sheepmeat"
22591,65,"Sheepmeat"
22826,65,"Sheepmeat"
22667,65,"Sheepmeat"
22494,65,"Sheepmeat"
22496,65,"Sheepmeat"
22497,65,"Sheepmeat"
22498,65,"Sheepmeat"
22499,65,"Sheepmeat"
22500,65,"Sheepmeat"
22501,65,"Sheepmeat"
22502,65,"Sheepmeat"
22503,65,"Sheepmeat"
22504,65,"Sheepmeat"
22505,65,"Sheepmeat"
22506,65,"Sheepmeat"
22507,65,"Sheepmeat"
22508,65,"Sheepmeat"
22509,65,"Sheepmeat"
22257,65,"Sheepmeat"
22258,65,"Sheepmeat"
22259,65,"Sheepmeat"
22260,65,"Sheepmeat"
22261,65,"Sheepmeat"
22263,65,"Sheepmeat"
22264,65,"Sheepmeat"
22265,65,"Sheepmeat"
22266,65,"Sheepmeat"
22267,65,"Sheepmeat"
22510,65,"Sheepmeat"
22511,65,"Sheepmeat"
22275,65,"Sheepmeat"
22277,65,"Sheepmeat"
22278,65,"Sheepmeat"
22525,65,"Sheepmeat"
22526,65,"Sheepmeat"
22528,65,"Sheepmeat"
22529,65,"Sheepmeat"
22530,65,"Sheepmeat"
22531,65,"Sheepmeat"
22532,65,"Sheepmeat"
22533,65,"Sheepmeat"
22706,65,"Sheepmeat"
22708,65,"Sheepmeat"
17001,65,"Sheepmeat"
17009,65,"Sheepmeat"
15511,65,"Sheepmeat"
15512,65,"Sheepmeat"
22707,65,"Sheepmeat"
15513,65,"Sheepmeat"
15742,65,"Sheepmeat"
15744,65,"Sheepmeat"
15756,65,"Sheepmeat"
15743,65,"Sheepmeat"
15746,65,"Sheepmeat"
15747,65,"Sheepmeat"
15748,65,"Sheepmeat"
15749,65,"Sheepmeat"
15750,65,"Sheepmeat"
15751,65,"Sheepmeat"
15752,65,"Sheepmeat"
16018,65,"Sheepmeat"
16019,65,"Sheepmeat"
16020,65,"Sheepmeat"
17007,65,"Sheepmeat"
16984,65,"Sheepmeat"
16985,65,"Sheepmeat"
16986,65,"Sheepmeat"
16987,65,"Sheepmeat"
16988,65,"Sheepmeat"
16990,65,"Sheepmeat"
16022,65,"Sheepmeat"
16742,65,"Sheepmeat"
16997,65,"Sheepmeat"
16995,65,"Sheepmeat"
16996,65,"Sheepmeat"
15828,65,"Sheepmeat"
16015,65,"Sheepmeat"
16016,65,"Sheepmeat"
16017,65,"Sheepmeat"
16013,65,"Sheepmeat"
15781,65,"Sheepmeat"
15785,65,"Sheepmeat"
15786,65,"Sheepmeat"
15802,65,"Sheepmeat"
15805,65,"Sheepmeat"
15806,65,"Sheepmeat"
15813,65,"Sheepmeat"
15814,65,"Sheepmeat"
15815,65,"Sheepmeat"
15821,65,"Sheepmeat"
15564,65,"Sheepmeat"
16989,65,"Sheepmeat"
16991,65,"Sheepmeat"
17002,65,"Sheepmeat"
17003,65,"Sheepmeat"
17004,65,"Sheepmeat"
17005,65,"Sheepmeat"
17006,65,"Sheepmeat"
17008,65,"Sheepmeat"
17045,65,"Sheepmeat"
17784,65,"Sheepmeat"
17820,65,"Sheepmeat"
15709,65,"Sheepmeat"
15711,65,"Sheepmeat"
15708,65,"Sheepmeat"
15735,65,"Sheepmeat"
15745,65,"Sheepmeat"
15732,65,"Sheepmeat"
15739,65,"Sheepmeat"
15736,65,"Sheepmeat"
15737,65,"Sheepmeat"
15738,65,"Sheepmeat"
15757,65,"Sheepmeat"
15758,65,"Sheepmeat"
15759,65,"Sheepmeat"
13220,65,"Sheepmeat"
15734,65,"Sheepmeat"
15733,65,"Sheepmeat"
98,65,"Sheepmeat"
127,82,"Beef"
4403,82,"Beef"
4404,82,"Beef"
4392,82,"Beef"
4393,82,"Beef"
4394,82,"Beef"
4405,82,"Beef"
3048,82,"Beef"
4406,82,"Beef"
4407,82,"Beef"
4657,82,"Beef"
4658,82,"Beef"
3052,82,"Beef"
4659,82,"Beef"
4660,82,"Beef"
4410,82,"Beef"
4411,82,"Beef"
3053,82,"Beef"
3054,82,"Beef"
4418,82,"Beef"
4419,82,"Beef"
4423,82,"Beef"
2998,82,"Beef"
2977,82,"Beef"
3050,82,"Beef"
3013,82,"Beef"
4662,82,"Beef"
2993,82,"Beef"
3024,82,"Beef"
7897,82,"Beef"
7288,82,"Beef"
7898,82,"Beef"
7905,82,"Beef"
7290,82,"Beef"
7291,82,"Beef"
7292,82,"Beef"
7877,82,"Beef"
7289,82,"Beef"
7896,82,"Beef"
7886,82,"Beef"
7276,82,"Beef"
7277,82,"Beef"
15249,82,"Beef"
7296,82,"Beef"
7910,82,"Beef"
7911,82,"Beef"
7912,82,"Beef"
7858,82,"Beef"
7881,82,"Beef"
7888,82,"Beef"
7890,82,"Beef"
7283,82,"Beef"
7892,82,"Beef"
7281,82,"Beef"
7282,82,"Beef"
7894,82,"Beef"
7856,82,"Beef"
7893,82,"Beef"
7895,82,"Beef"
15998,82,"Beef"
7884,82,"Beef"
7284,82,"Beef"
7285,82,"Beef"
7286,82,"Beef"
15999,82,"Beef"
16000,82,"Beef"
16001,82,"Beef"
16004,82,"Beef"
7265,82,"Beef"
11621,82,"Beef"
22835,82,"Beef"
7853,82,"Beef"
7859,82,"Beef"
7860,82,"Beef"
7861,82,"Beef"
7356,82,"Beef"
11901,82,"Beef"
7357,82,"Beef"
7363,82,"Beef"
12131,82,"Beef"
12132,82,"Beef"
11903,82,"Beef"
7260,82,"Beef"
7871,82,"Beef"
22543,82,"Beef"
22544,82,"Beef"
22545,82,"Beef"
7854,82,"Beef"
7855,82,"Beef"
7863,82,"Beef"
7864,82,"Beef"
7868,82,"Beef"
7269,82,"Beef"
7270,82,"Beef"
7880,82,"Beef"
7866,82,"Beef"
7869,82,"Beef"
7259,82,"Beef"
7302,82,"Beef"
7918,82,"Beef"
7870,82,"Beef"
7873,82,"Beef"
7268,82,"Beef"
7874,82,"Beef"
7267,82,"Beef"
7273,82,"Beef"
7275,82,"Beef"
7358,82,"Beef"
7361,82,"Beef"
11902,82,"Beef"
16003,82,"Beef"
16006,82,"Beef"
15846,82,"Beef"
15509,82,"Beef"
16011,82,"Beef"
16007,82,"Beef"
22279,82,"Beef"
16010,82,"Beef"
15826,82,"Beef"
15827,82,"Beef"
16012,82,"Beef"
7878,82,"Beef"
7272,82,"Beef"
7266,82,"Beef"
7885,82,"Beef"
22536,82,"Beef"
22537,82,"Beef"
22280,82,"Beef"
22281,82,"Beef"
22709,82,"Beef"
22828,82,"Beef"
22829,82,"Beef"
22585,82,"Beef"
22586,82,"Beef"
22589,82,"Beef"
22590,82,"Beef"
22827,82,"Beef"
22830,82,"Beef"
22601,82,"Beef"
22602,82,"Beef"
22603,82,"Beef"
22609,82,"Beef"
22610,82,"Beef"
22710,82,"Beef"
22711,82,"Beef"
22712,82,"Beef"
22611,82,"Beef"
22612,82,"Beef"
22614,82,"Beef"
22613,82,"Beef"
22538,82,"Beef"
22539,82,"Beef"
22733,82,"Beef"
22734,82,"Beef"
22735,82,"Beef"
22717,82,"Beef"
22718,82,"Beef"
22719,82,"Beef"
22720,82,"Beef"
22721,82,"Beef"
22722,82,"Beef"
22723,82,"Beef"
22724,82,"Beef"
22725,82,"Beef"
22726,82,"Beef"
22727,82,"Beef"
22730,82,"Beef"
22731,82,"Beef"
22732,82,"Beef"
11874,82,"Beef"
22836,82,"Beef"
22575,82,"Beef"
22540,82,"Beef"
22285,82,"Beef"
22286,82,"Beef"
22736,82,"Beef"
22737,82,"Beef"
22729,82,"Beef"
22284,82,"Beef"
22566,82,"Beef"
22567,82,"Beef"
22789,82,"Beef"
22790,82,"Beef"
22791,82,"Beef"
22792,82,"Beef"
22793,82,"Beef"
22794,82,"Beef"
22795,82,"Beef"
22796,82,"Beef"
22797,82,"Beef"
22798,82,"Beef"
22799,82,"Beef"
22800,82,"Beef"
22801,82,"Beef"
22802,82,"Beef"
22803,82,"Beef"
22804,82,"Beef"
22805,82,"Beef"
22807,82,"Beef"
22568,82,"Beef"
22574,82,"Beef"
22578,82,"Beef"
22579,82,"Beef"
22580,82,"Beef"
22581,82,"Beef"
22582,82,"Beef"
22583,82,"Beef"
22584,82,"Beef"
22594,82,"Beef"
22595,82,"Beef"
22598,82,"Beef"
22599,82,"Beef"
22576,82,"Beef"
22620,82,"Beef"
22840,82,"Beef"
22570,82,"Beef"
22577,82,"Beef"
22607,82,"Beef"
22831,82,"Beef"
22741,82,"Beef"
14095,82,"Beef"
14096,82,"Beef"
22746,82,"Beef"
22747,82,"Beef"
22748,82,"Beef"
22561,82,"Beef"
22742,82,"Beef"
22705,82,"Beef"
22668,82,"Beef"
22670,82,"Beef"
22750,82,"Beef"
22753,82,"Beef"
22558,82,"Beef"
22760,82,"Beef"
22761,82,"Beef"
22762,82,"Beef"
22763,82,"Beef"
22822,82,"Beef"
22751,82,"Beef"
22752,82,"Beef"
22755,82,"Beef"
22756,82,"Beef"
22757,82,"Beef"
22758,82,"Beef"
22759,82,"Beef"
22764,82,"Beef"
22765,82,"Beef"
22766,82,"Beef"
22767,82,"Beef"
22769,82,"Beef"
22787,82,"Beef"
22557,82,"Beef"
22600,82,"Beef"
22817,82,"Beef"
22819,82,"Beef"
22820,82,"Beef"
22823,82,"Beef"
22824,82,"Beef"
22553,82,"Beef"
22554,82,"Beef"
22555,82,"Beef"
22563,82,"Beef"
22588,82,"Beef"
22597,82,"Beef"
22825,82,"Beef"
22821,82,"Beef"
7274,82,"Beef"
7889,82,"Beef"
7882,82,"Beef"
7883,82,"Beef"
7278,82,"Beef"
7279,82,"Beef"
7280,82,"Beef"
7887,82,"Beef"
7891,82,"Beef"
7254,82,"Beef"
7922,82,"Beef"
7923,82,"Beef"
7924,82,"Beef"
7925,82,"Beef"
7927,82,"Beef"
7928,82,"Beef"
7929,82,"Beef"
7930,82,"Beef"
7926,82,"Beef"
7325,82,"Beef"
7326,82,"Beef"
7328,82,"Beef"
7251,82,"Beef"
7252,82,"Beef"
2810,82,"Beef"
2814,82,"Beef"
2838,82,"Beef"
2811,82,"Beef"
2844,82,"Beef"
2845,82,"Beef"
2846,82,"Beef"
2849,82,"Beef"
2852,82,"Beef"
2853,82,"Beef"
2854,82,"Beef"
2855,82,"Beef"
2856,82,"Beef"
2857,82,"Beef"
2858,82,"Beef"
2859,82,"Beef"
2860,82,"Beef"
2861,82,"Beef"
3034,82,"Beef"
3035,82,"Beef"
3039,82,"Beef"
3040,82,"Beef"
3041,82,"Beef"
3009,82,"Beef"
2812,82,"Beef"
2813,82,"Beef"
7330,82,"Beef"
7875,82,"Beef"
7257,82,"Beef"
7258,82,"Beef"
7851,82,"Beef"
7852,82,"Beef"
7862,82,"Beef"
7865,82,"Beef"
7867,82,"Beef"
7271,82,"Beef"
7303,82,"Beef"
7304,82,"Beef"
7919,82,"Beef"
7920,82,"Beef"
7327,82,"Beef"
7329,82,"Beef"
2805,82,"Beef"
2806,82,"Beef"
2807,82,"Beef"
2808,82,"Beef"
2809,82,"Beef"
2815,82,"Beef"
7947,82,"Beef"
12082,82,"Beef"
11904,82,"Beef"
12135,82,"Beef"
2816,82,"Beef"
2817,82,"Beef"
2818,82,"Beef"
2819,82,"Beef"
2821,82,"Beef"
2822,82,"Beef"
2588,82,"Beef"
2590,82,"Beef"
2592,82,"Beef"
2593,82,"Beef"
2595,82,"Beef"
2596,82,"Beef"
4340,82,"Beef"
2825,82,"Beef"
3011,82,"Beef"
3012,82,"Beef"
3017,82,"Beef"
4380,82,"Beef"
4381,82,"Beef"
4634,82,"Beef"
4635,82,"Beef"
2827,82,"Beef"
2600,82,"Beef"
2612,82,"Beef"
2765,82,"Beef"
4636,82,"Beef"
4637,82,"Beef"
4638,82,"Beef"
4639,82,"Beef"
4640,82,"Beef"
2831,82,"Beef"
2832,82,"Beef"
2833,82,"Beef"
2835,82,"Beef"
3029,82,"Beef"
3008,82,"Beef"
3025,82,"Beef"
3032,82,"Beef"
2829,82,"Beef"
2830,82,"Beef"
2834,82,"Beef"
2836,82,"Beef"
2839,82,"Beef"
2842,82,"Beef"
3033,82,"Beef"
3042,82,"Beef"
3010,82,"Beef"
2539,82,"Beef"
2826,82,"Beef"
2828,82,"Beef"
2907,82,"Beef"
2876,82,"Beef"
2862,82,"Beef"
2863,82,"Beef"
2864,82,"Beef"
2865,82,"Beef"
2866,82,"Beef"
2837,82,"Beef"
2841,82,"Beef"
3036,82,"Beef"
2906,82,"Beef"
2607,82,"Beef"
2610,82,"Beef"
4386,82,"Beef"
7253,82,"Beef"
2867,82,"Beef"
2875,82,"Beef"
7907,82,"Beef"
91,82,"Beef"
7294,82,"Beef"
7909,82,"Beef"
7295,82,"Beef"
7902,82,"Beef"
2589,82,"Beef"
7036,82,"Beef"
2868,82,"Beef"
2874,82,"Beef"
11809,82,"Beef"
2869,82,"Beef"
2872,82,"Beef"
2882,82,"Beef"
2873,82,"Beef"
2877,82,"Beef"
2878,82,"Beef"
2901,82,"Beef"
2879,82,"Beef"
2881,82,"Beef"
2912,82,"Beef"
2915,82,"Beef"
2908,82,"Beef"
2910,82,"Beef"
2911,82,"Beef"
2903,82,"Beef"
11622,82,"Beef"
12075,82,"Beef"
12084,82,"Beef"
12088,82,"Beef"
12089,82,"Beef"
12077,82,"Beef"
12076,82,"Beef"
12085,82,"Beef"
12090,82,"Beef"
12086,82,"Beef"
11848,82,"Beef"
11849,82,"Beef"
12108,82,"Beef"
12109,82,"Beef"
12110,82,"Beef"
12078,82,"Beef"
12079,82,"Beef"
12111,82,"Beef"
12113,82,"Beef"
12114,82,"Beef"
12116,82,"Beef"
11890,82,"Beef"
11891,82,"Beef"
11810,82,"Beef"
11818,82,"Beef"
11839,82,"Beef"
7848,82,"Beef"
11840,82,"Beef"
7255,82,"Beef"
7849,82,"Beef"
7850,82,"Beef"
11841,82,"Beef"
11842,82,"Beef"
11843,82,"Beef"
11847,82,"Beef"
7332,82,"Beef"
7333,82,"Beef"
7334,82,"Beef"
7335,82,"Beef"
7336,82,"Beef"
7337,82,"Beef"
7338,82,"Beef"
7339,82,"Beef"
7341,82,"Beef"
7343,82,"Beef"
7340,82,"Beef"
7344,82,"Beef"
7349,82,"Beef"
7355,82,"Beef"
7346,82,"Beef"
7348,82,"Beef"
7354,82,"Beef"
12122,82,"Beef"
12125,82,"Beef"
7934,82,"Beef"
12124,82,"Beef"
11899,82,"Beef"
7935,82,"Beef"
7939,82,"Beef"
11846,82,"Beef"
12123,82,"Beef"
12128,82,"Beef"
7351,82,"Beef"
7353,82,"Beef"
7938,82,"Beef"
7940,82,"Beef"
7941,82,"Beef"
7942,82,"Beef"
7943,82,"Beef"
7951,82,"Beef"
7952,82,"Beef"
7954,82,"Beef"
7955,82,"Beef"
7350,82,"Beef"
7352,82,"Beef"
12126,82,"Beef"
12129,82,"Beef"
11896,82,"Beef"
11897,82,"Beef"
12139,82,"Beef"
11905,82,"Beef"
11906,82,"Beef"
11907,82,"Beef"
11908,82,"Beef"
11909,82,"Beef"
7933,82,"Beef"
11898,82,"Beef"
11813,82,"Beef"
11837,82,"Beef"
11845,82,"Beef"
16740,82,"Beef"
16784,82,"Beef"
17063,82,"Beef"
17056,82,"Beef"
17048,82,"Beef"
16786,82,"Beef"
15520,82,"Beef"
15822,82,"Beef"
15837,82,"Beef"
15992,82,"Beef"
17560,82,"Beef"
15824,82,"Beef"
15568,82,"Beef"
15823,82,"Beef"
15991,82,"Beef"
15993,82,"Beef"
17051,82,"Beef"
17053,82,"Beef"
16791,82,"Beef"
16795,82,"Beef"
16792,82,"Beef"
16793,82,"Beef"
17060,82,"Beef"
17061,82,"Beef"
17062,82,"Beef"
16801,82,"Beef"
16794,82,"Beef"
15839,82,"Beef"
15840,82,"Beef"
15841,82,"Beef"
15842,82,"Beef"
15843,82,"Beef"
15844,82,"Beef"
16029,82,"Beef"
16034,82,"Beef"
16035,82,"Beef"
16036,82,"Beef"
16038,82,"Beef"
16041,82,"Beef"
16048,82,"Beef"
16028,82,"Beef"
16030,82,"Beef"
16031,82,"Beef"
15997,82,"Beef"
15838,82,"Beef"
16032,82,"Beef"
15994,82,"Beef"
13704,82,"Beef"
15995,82,"Beef"
15996,82,"Beef"
16044,82,"Beef"
17058,82,"Beef"
16790,82,"Beef"
17049,82,"Beef"
17054,82,"Beef"
17055,82,"Beef"
16802,82,"Beef"
15562,82,"Beef"
16033,82,"Beef"
16037,82,"Beef"
16039,82,"Beef"
16040,82,"Beef"
16042,82,"Beef"
16798,82,"Beef"
16796,82,"Beef"
16800,82,"Beef"
16045,82,"Beef"
17052,82,"Beef"
17057,82,"Beef"
16764,82,"Beef"
4630,82,"Beef"
4396,82,"Beef"
4627,82,"Beef"
4612,82,"Beef"
4397,82,"Beef"
4398,82,"Beef"
4648,82,"Beef"
4629,82,"Beef"
4647,82,"Beef"
7315,82,"Beef"
2547,82,"Beef"
2548,82,"Beef"
2552,82,"Beef"
2553,82,"Beef"
2554,82,"Beef"
2555,82,"Beef"
2556,82,"Beef"
2557,82,"Beef"
2558,82,"Beef"
2559,82,"Beef"
2560,82,"Beef"
2561,82,"Beef"
2562,82,"Beef"
2563,82,"Beef"
2564,82,"Beef"
2565,82,"Beef"
2567,82,"Beef"
2568,82,"Beef"
2576,82,"Beef"
2577,82,"Beef"
2578,82,"Beef"
2579,82,"Beef"
2580,82,"Beef"
2581,82,"Beef"
2582,82,"Beef"
2583,82,"Beef"
2584,82,"Beef"
2585,82,"Beef"
2613,82,"Beef"
2614,82,"Beef"
2615,82,"Beef"
2616,82,"Beef"
2617,82,"Beef"
2618,82,"Beef"
2619,82,"Beef"
2620,82,"Beef"
2621,82,"Beef"
2622,82,"Beef"
2623,82,"Beef"
2624,82,"Beef"
2625,82,"Beef"
2626,82,"Beef"
2627,82,"Beef"
2628,82,"Beef"
2629,82,"Beef"
2637,82,"Beef"
2640,82,"Beef"
2641,82,"Beef"
2642,82,"Beef"
2643,82,"Beef"
2644,82,"Beef"
2645,82,"Beef"
2650,82,"Beef"
2651,82,"Beef"
4211,82,"Beef"
4212,82,"Beef"
2606,82,"Beef"
2609,82,"Beef"
4213,82,"Beef"
4603,82,"Beef"
4606,82,"Beef"
4668,82,"Beef"
2781,82,"Beef"
2789,82,"Beef"
2604,82,"Beef"
2605,82,"Beef"
2551,82,"Beef"
2608,82,"Beef"
4707,82,"Beef"
4708,82,"Beef"
4709,82,"Beef"
4358,82,"Beef"
4641,82,"Beef"
4706,82,"Beef"
4448,82,"Beef"
4611,82,"Beef"
2705,82,"Beef"
2706,82,"Beef"
2708,82,"Beef"
2730,82,"Beef"
2747,82,"Beef"
4351,82,"Beef"
4620,82,"Beef"
4621,82,"Beef"
4622,82,"Beef"
4624,82,"Beef"
2602,82,"Beef"
2570,82,"Beef"
7913,82,"Beef"
7305,82,"Beef"
7313,82,"Beef"
7322,82,"Beef"
7908,82,"Beef"
7314,82,"Beef"
2652,82,"Beef"
2653,82,"Beef"
2654,82,"Beef"
2655,82,"Beef"
2656,82,"Beef"
2657,82,"Beef"
2658,82,"Beef"
2659,82,"Beef"
2660,82,"Beef"
2661,82,"Beef"
2662,82,"Beef"
2663,82,"Beef"
2664,82,"Beef"
2665,82,"Beef"
2666,82,"Beef"
2670,82,"Beef"
2673,82,"Beef"
2674,82,"Beef"
2675,82,"Beef"
2676,82,"Beef"
2677,82,"Beef"
2678,82,"Beef"
2679,82,"Beef"
2680,82,"Beef"
2681,82,"Beef"
2682,82,"Beef"
2683,82,"Beef"
2686,82,"Beef"
2687,82,"Beef"
2688,82,"Beef"
2689,82,"Beef"
2690,82,"Beef"
2693,82,"Beef"
2695,82,"Beef"
2700,82,"Beef"
2701,82,"Beef"
2703,82,"Beef"
2709,82,"Beef"
2710,82,"Beef"
2711,82,"Beef"
2712,82,"Beef"
2713,82,"Beef"
2714,82,"Beef"
2715,82,"Beef"
2716,82,"Beef"
2717,82,"Beef"
2718,82,"Beef"
2719,82,"Beef"
2720,82,"Beef"
2721,82,"Beef"
2722,82,"Beef"
2723,82,"Beef"
2724,82,"Beef"
2725,82,"Beef"
2726,82,"Beef"
2727,82,"Beef"
2728,82,"Beef"
2729,82,"Beef"
2601,82,"Beef"
2731,82,"Beef"
2603,82,"Beef"
2732,82,"Beef"
2733,82,"Beef"
2734,82,"Beef"
2735,82,"Beef"
2736,82,"Beef"
2737,82,"Beef"
2738,82,"Beef"
2739,82,"Beef"
2740,82,"Beef"
2741,82,"Beef"
4677,82,"Beef"
4215,82,"Beef"
2742,82,"Beef"
2743,82,"Beef"
2744,82,"Beef"
2745,82,"Beef"
2746,82,"Beef"
2750,82,"Beef"
2751,82,"Beef"
2754,82,"Beef"
2755,82,"Beef"
2756,82,"Beef"
2757,82,"Beef"
2758,82,"Beef"
2759,82,"Beef"
2760,82,"Beef"
2761,82,"Beef"
2762,82,"Beef"
2763,82,"Beef"
2764,82,"Beef"
2766,82,"Beef"
4341,82,"Beef"
4342,82,"Beef"
4217,82,"Beef"
4218,82,"Beef"
4219,82,"Beef"
4220,82,"Beef"
4221,82,"Beef"
4222,82,"Beef"
4613,82,"Beef"
4223,82,"Beef"
4614,82,"Beef"
4615,82,"Beef"
4343,82,"Beef"
4344,82,"Beef"
4345,82,"Beef"
4346,82,"Beef"
4224,82,"Beef"
4225,82,"Beef"
4226,82,"Beef"
4227,82,"Beef"
4228,82,"Beef"
4229,82,"Beef"
4347,82,"Beef"
4230,82,"Beef"
4231,82,"Beef"
4232,82,"Beef"
4233,82,"Beef"
4234,82,"Beef"
4235,82,"Beef"
4348,82,"Beef"
4349,82,"Beef"
4350,82,"Beef"
4616,82,"Beef"
4623,82,"Beef"
4625,82,"Beef"
4626,82,"Beef"
4399,82,"Beef"
4400,82,"Beef"
2544,82,"Beef"
2546,82,"Beef"
2549,82,"Beef"
4241,82,"Beef"
4649,82,"Beef"
4631,82,"Beef"
4359,82,"Beef"
4360,82,"Beef"
4361,82,"Beef"
7320,82,"Beef"
7321,82,"Beef"
2541,82,"Beef"
2542,82,"Beef"
2543,82,"Beef"
7311,82,"Beef"
7931,82,"Beef"
7932,82,"Beef"
7312,82,"Beef"
7316,82,"Beef"
7317,82,"Beef"
2537,82,"Beef"
2792,82,"Beef"
2791,82,"Beef"
3031,82,"Beef"
2538,82,"Beef"
3030,82,"Beef"
7318,82,"Beef"
2545,82,"Beef"
2550,82,"Beef"
4362,82,"Beef"
4363,82,"Beef"
4364,82,"Beef"
4365,82,"Beef"
4369,82,"Beef"
4370,82,"Beef"
4371,82,"Beef"
4372,82,"Beef"
4373,82,"Beef"
4374,82,"Beef"
4375,82,"Beef"
4376,82,"Beef"
4377,82,"Beef"
4378,82,"Beef"
4387,82,"Beef"
4389,82,"Beef"
4390,82,"Beef"
4391,82,"Beef"
4642,82,"Beef"
4643,82,"Beef"
4644,82,"Beef"
4645,82,"Beef"
4646,82,"Beef"
4395,82,"Beef"
4236,82,"Beef"
4238,82,"Beef"
4239,82,"Beef"
4240,82,"Beef"
4549,82,"Beef"
4550,82,"Beef"
4551,82,"Beef"
4552,82,"Beef"
4553,82,"Beef"
4554,82,"Beef"
4401,82,"Beef"
4555,82,"Beef"
4556,82,"Beef"
4402,82,"Beef"
4557,82,"Beef"
4558,82,"Beef"
4559,82,"Beef"
4560,82,"Beef"
4650,82,"Beef"
4651,82,"Beef"
4569,82,"Beef"
4570,82,"Beef"
4282,82,"Beef"
4283,82,"Beef"
4284,82,"Beef"
4285,82,"Beef"
4286,82,"Beef"
4287,82,"Beef"
4288,82,"Beef"
4289,82,"Beef"
4580,82,"Beef"
4436,82,"Beef"
4599,82,"Beef"
4437,82,"Beef"
4446,82,"Beef"
4652,82,"Beef"
4607,82,"Beef"
4671,82,"Beef"
4608,82,"Beef"
4672,82,"Beef"
4609,82,"Beef"
4678,82,"Beef"
4320,82,"Beef"
4679,82,"Beef"
4321,82,"Beef"
4680,82,"Beef"
4322,82,"Beef"
4682,82,"Beef"
4324,82,"Beef"
4683,82,"Beef"
4408,82,"Beef"
4409,82,"Beef"
4412,82,"Beef"
4420,82,"Beef"
4421,82,"Beef"
4422,82,"Beef"
4661,82,"Beef"
2793,82,"Beef"
2795,82,"Beef"
2797,82,"Beef"
2799,82,"Beef"
2801,82,"Beef"
2803,82,"Beef"
4237,82,"Beef"
4242,82,"Beef"
4243,82,"Beef"
4244,82,"Beef"
4245,82,"Beef"
4246,82,"Beef"
4247,82,"Beef"
4248,82,"Beef"
4249,82,"Beef"
4250,82,"Beef"
4251,82,"Beef"
4252,82,"Beef"
4253,82,"Beef"
4254,82,"Beef"
4255,82,"Beef"
4257,82,"Beef"
4258,82,"Beef"
4277,82,"Beef"
4278,82,"Beef"
4279,82,"Beef"
4280,82,"Beef"
4281,82,"Beef"
4546,82,"Beef"
4547,82,"Beef"
4548,82,"Beef"
4290,82,"Beef"
4291,82,"Beef"
4292,82,"Beef"
4293,82,"Beef"
4294,82,"Beef"
4295,82,"Beef"
4296,82,"Beef"
4297,82,"Beef"
4298,82,"Beef"
4299,82,"Beef"
4301,82,"Beef"
4302,82,"Beef"
4303,82,"Beef"
4304,82,"Beef"
4305,82,"Beef"
4306,82,"Beef"
4307,82,"Beef"
4308,82,"Beef"
4309,82,"Beef"
4310,82,"Beef"
4311,82,"Beef"
4312,82,"Beef"
4313,82,"Beef"
4314,82,"Beef"
4315,82,"Beef"
4571,82,"Beef"
4572,82,"Beef"
4574,82,"Beef"
4575,82,"Beef"
4576,82,"Beef"
4577,82,"Beef"
4578,82,"Beef"
4430,82,"Beef"
4431,82,"Beef"
4594,82,"Beef"
4598,82,"Beef"
4600,82,"Beef"
4445,82,"Beef"
4327,82,"Beef"
4328,82,"Beef"
4687,82,"Beef"
4329,82,"Beef"
4688,82,"Beef"
4330,82,"Beef"
4689,82,"Beef"
4331,82,"Beef"
4690,82,"Beef"
4332,82,"Beef"
4691,82,"Beef"
4333,82,"Beef"
4692,82,"Beef"
4334,82,"Beef"
4693,82,"Beef"
4335,82,"Beef"
4694,82,"Beef"
4336,82,"Beef"
4695,82,"Beef"
4337,82,"Beef"
4696,82,"Beef"
4338,82,"Beef"
4449,82,"Beef"
4697,82,"Beef"
4438,82,"Beef"
4601,82,"Beef"
4439,82,"Beef"
4602,82,"Beef"
4440,82,"Beef"
2767,82,"Beef"
2768,82,"Beef"
2769,82,"Beef"
2770,82,"Beef"
2771,82,"Beef"
2772,82,"Beef"
2773,82,"Beef"
2774,82,"Beef"
2775,82,"Beef"
2776,82,"Beef"
2777,82,"Beef"
2778,82,"Beef"
4441,82,"Beef"
2794,82,"Beef"
2796,82,"Beef"
2798,82,"Beef"
2800,82,"Beef"
2802,82,"Beef"
2804,82,"Beef"
17789,82,"Beef"
17790,82,"Beef"
17562,82,"Beef"
17796,82,"Beef"
17572,82,"Beef"
17573,82,"Beef"
17574,82,"Beef"
17575,82,"Beef"
17576,82,"Beef"
17799,82,"Beef"
17800,82,"Beef"
17590,82,"Beef"
17559,82,"Beef"
17561,82,"Beef"
17564,82,"Beef"
17563,82,"Beef"
17801,82,"Beef"
17777,82,"Beef"
4670,82,"Beef"
4444,82,"Beef"
4442,82,"Beef"
4684,82,"Beef"
4326,82,"Beef"
4685,82,"Beef"
4443,82,"Beef"
14082,82,"Beef"
12375,82,"Beef"
12376,82,"Beef"
17567,82,"Beef"
17570,82,"Beef"
17571,82,"Beef"
17782,82,"Beef"
17792,82,"Beef"
17819,82,"Beef"
12035,82,"Beef"
14193,82,"Beef"
17722,82,"Beef"
17723,82,"Beef"
17724,82,"Beef"
17725,82,"Beef"
17818,82,"Beef"
12377,82,"Beef"
12378,82,"Beef"
12379,82,"Beef"
12380,82,"Beef"
12589,82,"Beef"
12590,82,"Beef"
12597,82,"Beef"
12384,82,"Beef"
12393,82,"Beef"
12394,82,"Beef"
12395,82,"Beef"
12396,82,"Beef"
12405,82,"Beef"
12413,82,"Beef"
12031,82,"Beef"
12032,82,"Beef"
12033,82,"Beef"
12034,82,"Beef"
12372,82,"Beef"
12373,82,"Beef"
12385,82,"Beef"
12598,82,"Beef"
4368,82,"Beef"
4628,82,"Beef"
4367,82,"Beef"
4663,82,"Beef"
12038,82,"Beef"
12040,82,"Beef"
12041,82,"Beef"
12048,82,"Beef"
12049,82,"Beef"
12307,82,"Beef"
12308,82,"Beef"
12309,82,"Beef"
12310,82,"Beef"
12311,82,"Beef"
12312,82,"Beef"
12313,82,"Beef"
12314,82,"Beef"
12315,82,"Beef"
12316,82,"Beef"
12317,82,"Beef"
12318,82,"Beef"
12319,82,"Beef"
12528,82,"Beef"
12534,82,"Beef"
12535,82,"Beef"
12036,82,"Beef"
12530,82,"Beef"
17771,82,"Beef"
22571,82,"Beef"
22572,82,"Beef"
22573,82,"Beef"
13714,82,"Beef"
13504,82,"Beef"
13761,82,"Beef"
13762,82,"Beef"
13763,82,"Beef"
13764,82,"Beef"
13765,82,"Beef"
13767,82,"Beef"
14089,82,"Beef"
14093,82,"Beef"
14105,82,"Beef"
14106,82,"Beef"
14107,82,"Beef"
14108,82,"Beef"
14109,82,"Beef"
14112,82,"Beef"
14113,82,"Beef"
14114,82,"Beef"
14115,82,"Beef"
14116,82,"Beef"
14117,82,"Beef"
14118,82,"Beef"
14119,82,"Beef"
14124,82,"Beef"
14125,82,"Beef"
14127,82,"Beef"
14140,82,"Beef"
17720,82,"Beef"
14191,82,"Beef"
17719,82,"Beef"
17721,82,"Beef"
17727,82,"Beef"
17728,82,"Beef"
17729,82,"Beef"
17730,82,"Beef"
17731,82,"Beef"
17524,82,"Beef"
17565,82,"Beef"
17767,82,"Beef"
17768,82,"Beef"
17769,82,"Beef"
17770,82,"Beef"
17568,82,"Beef"
17786,82,"Beef"
17791,82,"Beef"
17793,82,"Beef"
17794,82,"Beef"
17795,82,"Beef"
17528,82,"Beef"
17529,82,"Beef"
17531,82,"Beef"
17532,82,"Beef"
17534,82,"Beef"
17535,82,"Beef"
17734,82,"Beef"
17737,82,"Beef"
17739,82,"Beef"
17740,82,"Beef"
17741,82,"Beef"
17742,82,"Beef"
17743,82,"Beef"
17744,82,"Beef"
17745,82,"Beef"
17746,82,"Beef"
17747,82,"Beef"
17761,82,"Beef"
17762,82,"Beef"
17763,82,"Beef"
17764,82,"Beef"
17766,82,"Beef"
14190,82,"Beef"
14192,82,"Beef"
13706,82,"Beef"
13713,82,"Beef"
13514,82,"Beef"
13515,82,"Beef"
13519,82,"Beef"
13520,82,"Beef"
13521,82,"Beef"
13522,82,"Beef"
13523,82,"Beef"
13524,82,"Beef"
13525,82,"Beef"
13526,82,"Beef"
13715,82,"Beef"
13716,82,"Beef"
13717,82,"Beef"
13718,82,"Beef"
13719,82,"Beef"
13722,82,"Beef"
13723,82,"Beef"
13724,82,"Beef"
13725,82,"Beef"
13726,82,"Beef"
13745,82,"Beef"
13746,82,"Beef"
13747,82,"Beef"
13748,82,"Beef"
13527,82,"Beef"
13528,82,"Beef"
13529,82,"Beef"
13530,82,"Beef"
13531,82,"Beef"
13532,82,"Beef"
13534,82,"Beef"
13535,82,"Beef"
13536,82,"Beef"
13537,82,"Beef"
13538,82,"Beef"
13539,82,"Beef"
13540,82,"Beef"
13541,82,"Beef"
13542,82,"Beef"
13543,82,"Beef"
13544,82,"Beef"
13545,82,"Beef"
13546,82,"Beef"
13547,82,"Beef"
13548,82,"Beef"
13749,82,"Beef"
13750,82,"Beef"
13751,82,"Beef"
13752,82,"Beef"
13758,82,"Beef"
13759,82,"Beef"
14226,82,"Beef"
17787,82,"Beef"
16992,82,"Beef"
16993,82,"Beef"
16739,82,"Beef"
16743,82,"Beef"
16744,82,"Beef"
16780,82,"Beef"
16781,82,"Beef"
16783,82,"Beef"
16782,82,"Beef"
15741,82,"Beef"
15831,82,"Beef"
15832,82,"Beef"
16023,82,"Beef"
15769,82,"Beef"
15771,82,"Beef"
15777,82,"Beef"
15770,82,"Beef"
16819,82,"Beef"
17042,82,"Beef"
17046,82,"Beef"
17047,82,"Beef"
15772,82,"Beef"
15773,82,"Beef"
15774,82,"Beef"
15775,82,"Beef"
15778,82,"Beef"
15779,82,"Beef"
15780,82,"Beef"
15782,82,"Beef"
15783,82,"Beef"
15784,82,"Beef"
15787,82,"Beef"
15788,82,"Beef"
15789,82,"Beef"
15790,82,"Beef"
15791,82,"Beef"
15792,82,"Beef"
15793,82,"Beef"
15794,82,"Beef"
15795,82,"Beef"
15796,82,"Beef"
15797,82,"Beef"
15798,82,"Beef"
15799,82,"Beef"
15800,82,"Beef"
15803,82,"Beef"
15804,82,"Beef"
15807,82,"Beef"
15808,82,"Beef"
15810,82,"Beef"
15811,82,"Beef"
15812,82,"Beef"
15816,82,"Beef"
15817,82,"Beef"
15818,82,"Beef"
15819,82,"Beef"
15820,82,"Beef"
15565,82,"Beef"
15566,82,"Beef"
15567,82,"Beef"
15569,82,"Beef"
15825,82,"Beef"
16024,82,"Beef"
16025,82,"Beef"
16026,82,"Beef"
16027,82,"Beef"
17579,82,"Beef"
17580,82,"Beef"
17804,82,"Beef"
17805,82,"Beef"
17011,82,"Beef"
17012,82,"Beef"
15763,82,"Beef"
16741,82,"Beef"
16745,82,"Beef"
16994,82,"Beef"
17072,82,"Beef"
16818,82,"Beef"
16816,82,"Beef"
7899,82,"Beef"
15483,82,"Beef"
17064,82,"Beef"
16838,82,"Beef"
17065,82,"Beef"
17066,82,"Beef"
15499,82,"Beef"
15253,82,"Beef"
17756,82,"Beef"
13734,82,"Beef"
13735,82,"Beef"
13738,82,"Beef"
17757,82,"Beef"
17758,82,"Beef"
17759,82,"Beef"
17539,82,"Beef"
17540,82,"Beef"
17541,82,"Beef"
17542,82,"Beef"
17543,82,"Beef"
17544,82,"Beef"
17545,82,"Beef"
17546,82,"Beef"
17547,82,"Beef"
17548,82,"Beef"
17549,82,"Beef"
17550,82,"Beef"
17552,82,"Beef"
17554,82,"Beef"
13739,82,"Beef"
13740,82,"Beef"
13741,82,"Beef"
13733,82,"Beef"
13736,82,"Beef"
13737,82,"Beef"
13742,82,"Beef"
14179,82,"Beef"
13807,82,"Beef"
13809,82,"Beef"
13810,82,"Beef"
13811,82,"Beef"
13812,82,"Beef"
13826,82,"Beef"
13827,82,"Beef"
13828,82,"Beef"
13831,82,"Beef"
13533,82,"Beef"
13502,82,"Beef"
13503,82,"Beef"
13698,82,"Beef"
13699,82,"Beef"
13712,82,"Beef"
13707,82,"Beef"
13708,82,"Beef"
13709,82,"Beef"
13710,82,"Beef"
13711,82,"Beef"
13505,82,"Beef"
13506,82,"Beef"
13507,82,"Beef"
13508,82,"Beef"
13509,82,"Beef"
13720,82,"Beef"
13721,82,"Beef"
13728,82,"Beef"
13729,82,"Beef"
13730,82,"Beef"
13731,82,"Beef"
13732,82,"Beef"
13772,82,"Beef"
13779,82,"Beef"
13780,82,"Beef"
13549,82,"Beef"
14100,82,"Beef"
14104,82,"Beef"
14090,82,"Beef"
14091,82,"Beef"
14186,82,"Beef"
14187,82,"Beef"
13753,82,"Beef"
13754,82,"Beef"
13755,82,"Beef"
13756,82,"Beef"
13757,82,"Beef"
14202,82,"Beef"
14203,82,"Beef"
14204,82,"Beef"
14205,82,"Beef"
14207,82,"Beef"
14221,82,"Beef"
14222,82,"Beef"
17732,82,"Beef"
17772,82,"Beef"
17773,82,"Beef"
17775,82,"Beef"
17778,82,"Beef"
17779,82,"Beef"
17780,82,"Beef"
17781,82,"Beef"
17569,82,"Beef"
17518,82,"Beef"
17558,82,"Beef"
17776,82,"Beef"
22587,82,"Beef"
22592,82,"Beef"
22593,82,"Beef"
22596,82,"Beef"
22605,82,"Beef"
22606,82,"Beef"
22832,82,"Beef"
22833,82,"Beef"
22834,82,"Beef"
22616,82,"Beef"
22617,82,"Beef"
22619,82,"Beef"
14188,82,"Beef"
14189,82,"Beef"
17536,82,"Beef"
17735,82,"Beef"
17736,82,"Beef"
17738,82,"Beef"
17748,82,"Beef"
17749,82,"Beef"
17750,82,"Beef"
17751,82,"Beef"
17753,82,"Beef"
17754,82,"Beef"
17755,82,"Beef"
17760,82,"Beef"
13743,82,"Beef"
17765,82,"Beef"
22621,82,"Beef"
22618,82,"Beef"
22615,82,"Beef"
7857,82,"Beef"
7944,82,"Beef"
7945,82,"Beef"
7946,82,"Beef"
7359,82,"Beef"
7360,82,"Beef"
11900,82,"Beef"
12130,82,"Beef"
12133,82,"Beef"
12134,82,"Beef"
22282,82,"Beef"
22283,82,"Beef"
22546,82,"Beef"
22738,82,"Beef"
22739,82,"Beef"
22542,82,"Beef"
22701,82,"Beef"
22702,82,"Beef"
22713,82,"Beef"
22715,82,"Beef"
22716,82,"Beef"
22728,82,"Beef"
15501,82,"Beef"
15502,82,"Beef"
15496,82,"Beef"
15495,82,"Beef"
15500,82,"Beef"
15250,82,"Beef"
15251,82,"Beef"
15505,82,"Beef"
15506,82,"Beef"
15507,82,"Beef"
15508,82,"Beef"
15514,82,"Beef"
15515,82,"Beef"
15519,82,"Beef"
15522,82,"Beef"
15523,82,"Beef"
22464,82,"Beef"
22465,82,"Beef"
15248,82,"Beef"
15261,82,"Beef"
15582,82,"Beef"
15585,82,"Beef"
15586,82,"Beef"
15587,82,"Beef"
15588,82,"Beef"
15599,82,"Beef"
15600,82,"Beef"
15604,82,"Beef"
15605,82,"Beef"
15606,82,"Beef"
15548,82,"Beef"
15551,82,"Beef"
15552,82,"Beef"
15553,82,"Beef"
15554,82,"Beef"
15555,82,"Beef"
15558,82,"Beef"
15560,82,"Beef"
15561,82,"Beef"
15593,82,"Beef"
15594,82,"Beef"
15597,82,"Beef"
15598,82,"Beef"
15601,82,"Beef"
15602,82,"Beef"
15603,82,"Beef"
15608,82,"Beef"
15610,82,"Beef"
15612,82,"Beef"
15614,82,"Beef"
16839,82,"Beef"
16840,82,"Beef"
16841,82,"Beef"
16842,82,"Beef"
16843,82,"Beef"
16844,82,"Beef"
16845,82,"Beef"
16846,82,"Beef"
16847,82,"Beef"
16848,82,"Beef"
16849,82,"Beef"
16850,82,"Beef"
16851,82,"Beef"
16852,82,"Beef"
16853,82,"Beef"
16854,82,"Beef"
16855,82,"Beef"
16857,82,"Beef"
15607,82,"Beef"
15609,82,"Beef"
15611,82,"Beef"
15613,82,"Beef"
15615,82,"Beef"
15617,82,"Beef"
15618,82,"Beef"
15619,82,"Beef"
15620,82,"Beef"
15621,82,"Beef"
15622,82,"Beef"
15623,82,"Beef"
15624,82,"Beef"
15625,82,"Beef"
15626,82,"Beef"
15627,82,"Beef"
15628,82,"Beef"
15629,82,"Beef"
15630,82,"Beef"
15631,82,"Beef"
15632,82,"Beef"
15633,82,"Beef"
15634,82,"Beef"
15260,82,"Beef"
15529,82,"Beef"
15590,82,"Beef"
22463,82,"Beef"
15264,82,"Beef"
15265,82,"Beef"
15266,82,"Beef"
15267,82,"Beef"
15268,82,"Beef"
15270,82,"Beef"
15275,82,"Beef"
15276,82,"Beef"
15277,82,"Beef"
15281,82,"Beef"
15530,82,"Beef"
15531,82,"Beef"
15532,82,"Beef"
15533,82,"Beef"
15534,82,"Beef"
15535,82,"Beef"
15536,82,"Beef"
15537,82,"Beef"
15538,82,"Beef"
15539,82,"Beef"
22466,82,"Beef"
15526,82,"Beef"
15488,82,"Beef"
15489,82,"Beef"
15490,82,"Beef"
15491,82,"Beef"
15521,82,"Beef"
15252,82,"Beef"
15254,82,"Beef"
15255,82,"Beef"
15256,82,"Beef"
15257,82,"Beef"
15258,82,"Beef"
15259,82,"Beef"
16804,82,"Beef"
15524,82,"Beef"
15525,82,"Beef"
15571,82,"Beef"
15575,82,"Beef"
15576,82,"Beef"
15283,82,"Beef"
15285,82,"Beef"
15286,82,"Beef"
15288,82,"Beef"
15528,82,"Beef"
15570,82,"Beef"
15563,82,"Beef"
15577,82,"Beef"
15578,82,"Beef"
15579,82,"Beef"
15581,82,"Beef"
22208,82,"Beef"
22211,82,"Beef"
22220,82,"Beef"
22221,82,"Beef"
22222,82,"Beef"
22223,82,"Beef"
22224,82,"Beef"
22230,82,"Beef"
22468,82,"Beef"
22469,82,"Beef"
22476,82,"Beef"
22477,82,"Beef"
22478,82,"Beef"
22479,82,"Beef"
22480,82,"Beef"
22481,82,"Beef"
22482,82,"Beef"
22484,82,"Beef"
22485,82,"Beef"
22487,82,"Beef"
22231,82,"Beef"
16043,82,"Beef"
16046,82,"Beef"
16797,82,"Beef"
16799,82,"Beef"
17059,82,"Beef"
15527,82,"Beef"
22471,82,"Beef"
22233,82,"Beef"
22234,82,"Beef"
22235,82,"Beef"
22236,82,"Beef"
22238,82,"Beef"
22239,82,"Beef"
22241,82,"Beef"
22518,82,"Beef"
22268,82,"Beef"
15848,82,"Beef"
22232,82,"Beef"
22256,82,"Beef"
22513,82,"Beef"
22515,82,"Beef"
15580,82,"Beef"
22227,82,"Beef"
22228,82,"Beef"
22229,82,"Beef"
22470,82,"Beef"
22473,82,"Beef"
22474,82,"Beef"
22475,82,"Beef"
22486,82,"Beef"
22472,82,"Beef"
22237,82,"Beef"
22240,82,"Beef"
22250,82,"Beef"
22251,82,"Beef"
22252,82,"Beef"
22244,82,"Beef"
22516,82,"Beef"
22262,82,"Beef"
22517,82,"Beef"
22519,82,"Beef"
22242,82,"Beef"
22243,82,"Beef"
22521,82,"Beef"
22274,82,"Beef"
22740,82,"Beef"
13700,82,"Beef"
13701,82,"Beef"
13705,82,"Beef"
14094,82,"Beef"
14099,82,"Beef"
22273,82,"Beef"
22276,82,"Beef"
22245,82,"Beef"
22246,82,"Beef"
22247,82,"Beef"
22248,82,"Beef"
22249,82,"Beef"
22253,82,"Beef"
22254,82,"Beef"
22491,82,"Beef"
22492,82,"Beef"
22493,82,"Beef"
15847,82,"Beef"
22520,82,"Beef"
22523,82,"Beef"
22703,82,"Beef"
22591,82,"Beef"
22826,82,"Beef"
22667,82,"Beef"
22494,82,"Beef"
22495,82,"Beef"
22496,82,"Beef"
22497,82,"Beef"
22498,82,"Beef"
22499,82,"Beef"
22500,82,"Beef"
22501,82,"Beef"
22502,82,"Beef"
22503,82,"Beef"
22504,82,"Beef"
22505,82,"Beef"
22506,82,"Beef"
22507,82,"Beef"
22508,82,"Beef"
22509,82,"Beef"
22257,82,"Beef"
22258,82,"Beef"
22259,82,"Beef"
22260,82,"Beef"
22261,82,"Beef"
22263,82,"Beef"
22264,82,"Beef"
22265,82,"Beef"
22266,82,"Beef"
22267,82,"Beef"
22510,82,"Beef"
22511,82,"Beef"
22512,82,"Beef"
22275,82,"Beef"
22277,82,"Beef"
22278,82,"Beef"
22525,82,"Beef"
22526,82,"Beef"
22528,82,"Beef"
22529,82,"Beef"
22530,82,"Beef"
22531,82,"Beef"
22532,82,"Beef"
22533,82,"Beef"
22534,82,"Beef"
22535,82,"Beef"
22706,82,"Beef"
22708,82,"Beef"
15511,82,"Beef"
15512,82,"Beef"
22707,82,"Beef"
22467,82,"Beef"
22210,82,"Beef"
15513,82,"Beef"
15761,82,"Beef"
15828,82,"Beef"
15756,82,"Beef"
15746,82,"Beef"
15747,82,"Beef"
15748,82,"Beef"
15749,82,"Beef"
15750,82,"Beef"
15751,82,"Beef"
15752,82,"Beef"
16018,82,"Beef"
16019,82,"Beef"
16020,82,"Beef"
15743,82,"Beef"
16742,82,"Beef"
16015,82,"Beef"
16016,82,"Beef"
16017,82,"Beef"
15742,82,"Beef"
16013,82,"Beef"
17784,82,"Beef"
17820,82,"Beef"
17586,82,"Beef"
15711,82,"Beef"
15732,82,"Beef"
15734,82,"Beef"
127,66,"Beef"
4403,66,"Beef"
4404,66,"Beef"
4392,66,"Beef"
4393,66,"Beef"
4394,66,"Beef"
4405,66,"Beef"
3048,66,"Beef"
4406,66,"Beef"
4407,66,"Beef"
4657,66,"Beef"
4658,66,"Beef"
3052,66,"Beef"
4659,66,"Beef"
4660,66,"Beef"
4410,66,"Beef"
4411,66,"Beef"
3053,66,"Beef"
3054,66,"Beef"
4418,66,"Beef"
4419,66,"Beef"
4423,66,"Beef"
2998,66,"Beef"
2977,66,"Beef"
3050,66,"Beef"
3013,66,"Beef"
4662,66,"Beef"
2993,66,"Beef"
3024,66,"Beef"
7897,66,"Beef"
7288,66,"Beef"
7898,66,"Beef"
7905,66,"Beef"
7290,66,"Beef"
7291,66,"Beef"
7292,66,"Beef"
7877,66,"Beef"
7289,66,"Beef"
7896,66,"Beef"
7886,66,"Beef"
7276,66,"Beef"
7277,66,"Beef"
15249,66,"Beef"
7296,66,"Beef"
7910,66,"Beef"
7911,66,"Beef"
7912,66,"Beef"
7858,66,"Beef"
7881,66,"Beef"
7888,66,"Beef"
7890,66,"Beef"
7283,66,"Beef"
7892,66,"Beef"
7281,66,"Beef"
7282,66,"Beef"
7894,66,"Beef"
7856,66,"Beef"
7893,66,"Beef"
7895,66,"Beef"
15998,66,"Beef"
7884,66,"Beef"
7284,66,"Beef"
7285,66,"Beef"
7286,66,"Beef"
15999,66,"Beef"
16000,66,"Beef"
16001,66,"Beef"
16004,66,"Beef"
7265,66,"Beef"
11621,66,"Beef"
22835,66,"Beef"
7853,66,"Beef"
7859,66,"Beef"
7860,66,"Beef"
7861,66,"Beef"
7356,66,"Beef"
11901,66,"Beef"
7357,66,"Beef"
7363,66,"Beef"
12131,66,"Beef"
12132,66,"Beef"
11903,66,"Beef"
7260,66,"Beef"
7871,66,"Beef"
22543,66,"Beef"
22544,66,"Beef"
22545,66,"Beef"
7854,66,"Beef"
7855,66,"Beef"
7863,66,"Beef"
7864,66,"Beef"
7868,66,"Beef"
7269,66,"Beef"
7270,66,"Beef"
7880,66,"Beef"
7866,66,"Beef"
7869,66,"Beef"
7259,66,"Beef"
7302,66,"Beef"
7918,66,"Beef"
7870,66,"Beef"
7873,66,"Beef"
7268,66,"Beef"
7874,66,"Beef"
7267,66,"Beef"
7273,66,"Beef"
7275,66,"Beef"
7358,66,"Beef"
7361,66,"Beef"
11902,66,"Beef"
16003,66,"Beef"
16006,66,"Beef"
15846,66,"Beef"
15509,66,"Beef"
16011,66,"Beef"
16007,66,"Beef"
22279,66,"Beef"
16010,66,"Beef"
15826,66,"Beef"
15827,66,"Beef"
16012,66,"Beef"
7878,66,"Beef"
7272,66,"Beef"
7266,66,"Beef"
7885,66,"Beef"
22536,66,"Beef"
22537,66,"Beef"
22280,66,"Beef"
22281,66,"Beef"
22709,66,"Beef"
22828,66,"Beef"
22829,66,"Beef"
22585,66,"Beef"
22586,66,"Beef"
22589,66,"Beef"
22590,66,"Beef"
22827,66,"Beef"
22830,66,"Beef"
22601,66,"Beef"
22602,66,"Beef"
22603,66,"Beef"
22609,66,"Beef"
22610,66,"Beef"
22710,66,"Beef"
22711,66,"Beef"
22712,66,"Beef"
22611,66,"Beef"
22612,66,"Beef"
22614,66,"Beef"
22613,66,"Beef"
22538,66,"Beef"
22539,66,"Beef"
22733,66,"Beef"
22734,66,"Beef"
22735,66,"Beef"
22717,66,"Beef"
22718,66,"Beef"
22719,66,"Beef"
22720,66,"Beef"
22721,66,"Beef"
22722,66,"Beef"
22723,66,"Beef"
22724,66,"Beef"
22725,66,"Beef"
22726,66,"Beef"
22727,66,"Beef"
22730,66,"Beef"
22731,66,"Beef"
22732,66,"Beef"
11874,66,"Beef"
22836,66,"Beef"
22575,66,"Beef"
22540,66,"Beef"
22285,66,"Beef"
22286,66,"Beef"
22736,66,"Beef"
22737,66,"Beef"
22729,66,"Beef"
22284,66,"Beef"
22566,66,"Beef"
22567,66,"Beef"
22789,66,"Beef"
22790,66,"Beef"
22791,66,"Beef"
22792,66,"Beef"
22793,66,"Beef"
22794,66,"Beef"
22795,66,"Beef"
22796,66,"Beef"
22797,66,"Beef"
22798,66,"Beef"
22799,66,"Beef"
22800,66,"Beef"
22801,66,"Beef"
22802,66,"Beef"
22803,66,"Beef"
22804,66,"Beef"
22805,66,"Beef"
22807,66,"Beef"
22568,66,"Beef"
22574,66,"Beef"
22578,66,"Beef"
22579,66,"Beef"
22580,66,"Beef"
22581,66,"Beef"
22582,66,"Beef"
22583,66,"Beef"
22584,66,"Beef"
22594,66,"Beef"
22595,66,"Beef"
22598,66,"Beef"
22599,66,"Beef"
22576,66,"Beef"
22620,66,"Beef"
22840,66,"Beef"
22570,66,"Beef"
22577,66,"Beef"
22607,66,"Beef"
22831,66,"Beef"
22741,66,"Beef"
14095,66,"Beef"
14096,66,"Beef"
22746,66,"Beef"
22747,66,"Beef"
22748,66,"Beef"
22561,66,"Beef"
22742,66,"Beef"
22705,66,"Beef"
22668,66,"Beef"
22670,66,"Beef"
22750,66,"Beef"
22753,66,"Beef"
22558,66,"Beef"
22760,66,"Beef"
22761,66,"Beef"
22762,66,"Beef"
22763,66,"Beef"
22822,66,"Beef"
22751,66,"Beef"
22752,66,"Beef"
22755,66,"Beef"
22756,66,"Beef"
22757,66,"Beef"
22758,66,"Beef"
22759,66,"Beef"
22764,66,"Beef"
22765,66,"Beef"
22766,66,"Beef"
22767,66,"Beef"
22769,66,"Beef"
22787,66,"Beef"
22557,66,"Beef"
22600,66,"Beef"
22817,66,"Beef"
22819,66,"Beef"
22820,66,"Beef"
22823,66,"Beef"
22824,66,"Beef"
22553,66,"Beef"
22554,66,"Beef"
22555,66,"Beef"
22563,66,"Beef"
22588,66,"Beef"
22597,66,"Beef"
22825,66,"Beef"
22821,66,"Beef"
7274,66,"Beef"
7889,66,"Beef"
7882,66,"Beef"
7883,66,"Beef"
7278,66,"Beef"
7279,66,"Beef"
7280,66,"Beef"
7887,66,"Beef"
7891,66,"Beef"
7254,66,"Beef"
7922,66,"Beef"
7923,66,"Beef"
7924,66,"Beef"
7925,66,"Beef"
7927,66,"Beef"
7928,66,"Beef"
7929,66,"Beef"
7930,66,"Beef"
7926,66,"Beef"
7325,66,"Beef"
7326,66,"Beef"
7328,66,"Beef"
7251,66,"Beef"
7252,66,"Beef"
2810,66,"Beef"
2814,66,"Beef"
2838,66,"Beef"
2811,66,"Beef"
2844,66,"Beef"
2845,66,"Beef"
2846,66,"Beef"
2849,66,"Beef"
2852,66,"Beef"
2853,66,"Beef"
2854,66,"Beef"
2855,66,"Beef"
2856,66,"Beef"
2857,66,"Beef"
2858,66,"Beef"
2859,66,"Beef"
2860,66,"Beef"
2861,66,"Beef"
3034,66,"Beef"
3035,66,"Beef"
3039,66,"Beef"
3040,66,"Beef"
3041,66,"Beef"
3009,66,"Beef"
2812,66,"Beef"
2813,66,"Beef"
7330,66,"Beef"
7875,66,"Beef"
7257,66,"Beef"
7258,66,"Beef"
7851,66,"Beef"
7852,66,"Beef"
7862,66,"Beef"
7865,66,"Beef"
7867,66,"Beef"
7271,66,"Beef"
7303,66,"Beef"
7304,66,"Beef"
7919,66,"Beef"
7920,66,"Beef"
7327,66,"Beef"
7329,66,"Beef"
2805,66,"Beef"
2806,66,"Beef"
2807,66,"Beef"
2808,66,"Beef"
2809,66,"Beef"
2815,66,"Beef"
7947,66,"Beef"
12082,66,"Beef"
11904,66,"Beef"
12135,66,"Beef"
2816,66,"Beef"
2817,66,"Beef"
2818,66,"Beef"
2819,66,"Beef"
2821,66,"Beef"
2822,66,"Beef"
2588,66,"Beef"
2590,66,"Beef"
2592,66,"Beef"
2593,66,"Beef"
2595,66,"Beef"
2596,66,"Beef"
4340,66,"Beef"
2825,66,"Beef"
3011,66,"Beef"
3012,66,"Beef"
3017,66,"Beef"
4380,66,"Beef"
4381,66,"Beef"
4634,66,"Beef"
4635,66,"Beef"
2827,66,"Beef"
2600,66,"Beef"
2612,66,"Beef"
2765,66,"Beef"
4636,66,"Beef"
4637,66,"Beef"
4638,66,"Beef"
4639,66,"Beef"
4640,66,"Beef"
2831,66,"Beef"
2832,66,"Beef"
2833,66,"Beef"
2835,66,"Beef"
3029,66,"Beef"
3008,66,"Beef"
3025,66,"Beef"
3032,66,"Beef"
2829,66,"Beef"
2830,66,"Beef"
2834,66,"Beef"
2836,66,"Beef"
2839,66,"Beef"
2842,66,"Beef"
3033,66,"Beef"
3042,66,"Beef"
3010,66,"Beef"
2539,66,"Beef"
2826,66,"Beef"
2828,66,"Beef"
2907,66,"Beef"
2876,66,"Beef"
2862,66,"Beef"
2863,66,"Beef"
2864,66,"Beef"
2865,66,"Beef"
2866,66,"Beef"
2837,66,"Beef"
2841,66,"Beef"
3036,66,"Beef"
2906,66,"Beef"
2607,66,"Beef"
2610,66,"Beef"
4386,66,"Beef"
7253,66,"Beef"
2867,66,"Beef"
2875,66,"Beef"
7907,66,"Beef"
91,66,"Beef"
7294,66,"Beef"
7909,66,"Beef"
7295,66,"Beef"
7902,66,"Beef"
2589,66,"Beef"
7036,66,"Beef"
2868,66,"Beef"
2874,66,"Beef"
11809,66,"Beef"
2869,66,"Beef"
2872,66,"Beef"
2882,66,"Beef"
2873,66,"Beef"
2877,66,"Beef"
2878,66,"Beef"
2901,66,"Beef"
2879,66,"Beef"
2881,66,"Beef"
2912,66,"Beef"
2915,66,"Beef"
2908,66,"Beef"
2910,66,"Beef"
2911,66,"Beef"
2903,66,"Beef"
11622,66,"Beef"
12075,66,"Beef"
12084,66,"Beef"
12088,66,"Beef"
12089,66,"Beef"
12077,66,"Beef"
12076,66,"Beef"
12085,66,"Beef"
12090,66,"Beef"
12086,66,"Beef"
11848,66,"Beef"
11849,66,"Beef"
12108,66,"Beef"
12109,66,"Beef"
12110,66,"Beef"
12078,66,"Beef"
12079,66,"Beef"
12111,66,"Beef"
12113,66,"Beef"
12114,66,"Beef"
12116,66,"Beef"
11890,66,"Beef"
11891,66,"Beef"
11810,66,"Beef"
11818,66,"Beef"
11839,66,"Beef"
7848,66,"Beef"
11840,66,"Beef"
7255,66,"Beef"
7849,66,"Beef"
7850,66,"Beef"
11841,66,"Beef"
11842,66,"Beef"
11843,66,"Beef"
11847,66,"Beef"
7332,66,"Beef"
7333,66,"Beef"
7334,66,"Beef"
7335,66,"Beef"
7336,66,"Beef"
7337,66,"Beef"
7338,66,"Beef"
7339,66,"Beef"
7341,66,"Beef"
7343,66,"Beef"
7340,66,"Beef"
7344,66,"Beef"
7349,66,"Beef"
7355,66,"Beef"
7346,66,"Beef"
7348,66,"Beef"
7354,66,"Beef"
12122,66,"Beef"
12125,66,"Beef"
7934,66,"Beef"
12124,66,"Beef"
11899,66,"Beef"
7935,66,"Beef"
7939,66,"Beef"
11846,66,"Beef"
12123,66,"Beef"
12128,66,"Beef"
7351,66,"Beef"
7353,66,"Beef"
7938,66,"Beef"
7940,66,"Beef"
7941,66,"Beef"
7942,66,"Beef"
7943,66,"Beef"
7951,66,"Beef"
7952,66,"Beef"
7954,66,"Beef"
7955,66,"Beef"
7350,66,"Beef"
7352,66,"Beef"
12126,66,"Beef"
12129,66,"Beef"
11896,66,"Beef"
11897,66,"Beef"
12139,66,"Beef"
11905,66,"Beef"
11906,66,"Beef"
11907,66,"Beef"
11908,66,"Beef"
11909,66,"Beef"
7933,66,"Beef"
11898,66,"Beef"
11813,66,"Beef"
11837,66,"Beef"
11845,66,"Beef"
16740,66,"Beef"
16784,66,"Beef"
17063,66,"Beef"
17056,66,"Beef"
17048,66,"Beef"
16786,66,"Beef"
15520,66,"Beef"
15822,66,"Beef"
15837,66,"Beef"
15992,66,"Beef"
17560,66,"Beef"
15824,66,"Beef"
15568,66,"Beef"
15823,66,"Beef"
15991,66,"Beef"
15993,66,"Beef"
17051,66,"Beef"
17053,66,"Beef"
16791,66,"Beef"
16795,66,"Beef"
16792,66,"Beef"
16793,66,"Beef"
17060,66,"Beef"
17061,66,"Beef"
17062,66,"Beef"
16801,66,"Beef"
16794,66,"Beef"
15839,66,"Beef"
15840,66,"Beef"
15841,66,"Beef"
15842,66,"Beef"
15843,66,"Beef"
15844,66,"Beef"
16029,66,"Beef"
16034,66,"Beef"
16035,66,"Beef"
16036,66,"Beef"
16038,66,"Beef"
16041,66,"Beef"
16048,66,"Beef"
16028,66,"Beef"
16030,66,"Beef"
16031,66,"Beef"
15997,66,"Beef"
15838,66,"Beef"
16032,66,"Beef"
15994,66,"Beef"
13704,66,"Beef"
15995,66,"Beef"
15996,66,"Beef"
16044,66,"Beef"
17058,66,"Beef"
16790,66,"Beef"
17049,66,"Beef"
17054,66,"Beef"
17055,66,"Beef"
16802,66,"Beef"
15562,66,"Beef"
16033,66,"Beef"
16037,66,"Beef"
16039,66,"Beef"
16040,66,"Beef"
16042,66,"Beef"
16798,66,"Beef"
16796,66,"Beef"
16800,66,"Beef"
16045,66,"Beef"
17052,66,"Beef"
17057,66,"Beef"
16764,66,"Beef"
4630,66,"Beef"
4396,66,"Beef"
4627,66,"Beef"
4612,66,"Beef"
4397,66,"Beef"
4398,66,"Beef"
4648,66,"Beef"
4629,66,"Beef"
4647,66,"Beef"
7315,66,"Beef"
2547,66,"Beef"
2548,66,"Beef"
2552,66,"Beef"
2553,66,"Beef"
2554,66,"Beef"
2555,66,"Beef"
2556,66,"Beef"
2557,66,"Beef"
2558,66,"Beef"
2559,66,"Beef"
2560,66,"Beef"
2561,66,"Beef"
2562,66,"Beef"
2563,66,"Beef"
2564,66,"Beef"
2565,66,"Beef"
2567,66,"Beef"
2568,66,"Beef"
2576,66,"Beef"
2577,66,"Beef"
2578,66,"Beef"
2579,66,"Beef"
2580,66,"Beef"
2581,66,"Beef"
2582,66,"Beef"
2583,66,"Beef"
2584,66,"Beef"
2585,66,"Beef"
2613,66,"Beef"
2614,66,"Beef"
2615,66,"Beef"
2616,66,"Beef"
2617,66,"Beef"
2618,66,"Beef"
2619,66,"Beef"
2620,66,"Beef"
2621,66,"Beef"
2622,66,"Beef"
2623,66,"Beef"
2624,66,"Beef"
2625,66,"Beef"
2626,66,"Beef"
2627,66,"Beef"
2628,66,"Beef"
2629,66,"Beef"
2637,66,"Beef"
2640,66,"Beef"
2641,66,"Beef"
2642,66,"Beef"
2643,66,"Beef"
2644,66,"Beef"
2645,66,"Beef"
2650,66,"Beef"
2651,66,"Beef"
4211,66,"Beef"
4212,66,"Beef"
2606,66,"Beef"
2609,66,"Beef"
4213,66,"Beef"
4603,66,"Beef"
4606,66,"Beef"
4668,66,"Beef"
2781,66,"Beef"
2789,66,"Beef"
2604,66,"Beef"
2605,66,"Beef"
2551,66,"Beef"
2608,66,"Beef"
4707,66,"Beef"
4708,66,"Beef"
4709,66,"Beef"
4358,66,"Beef"
4641,66,"Beef"
4706,66,"Beef"
4448,66,"Beef"
4611,66,"Beef"
2705,66,"Beef"
2706,66,"Beef"
2708,66,"Beef"
2730,66,"Beef"
2747,66,"Beef"
4351,66,"Beef"
4620,66,"Beef"
4621,66,"Beef"
4622,66,"Beef"
4624,66,"Beef"
2602,66,"Beef"
2570,66,"Beef"
7913,66,"Beef"
7305,66,"Beef"
7313,66,"Beef"
7322,66,"Beef"
7908,66,"Beef"
7314,66,"Beef"
2652,66,"Beef"
2653,66,"Beef"
2654,66,"Beef"
2655,66,"Beef"
2656,66,"Beef"
2657,66,"Beef"
2658,66,"Beef"
2659,66,"Beef"
2660,66,"Beef"
2661,66,"Beef"
2662,66,"Beef"
2663,66,"Beef"
2664,66,"Beef"
2665,66,"Beef"
2666,66,"Beef"
2670,66,"Beef"
2673,66,"Beef"
2674,66,"Beef"
2675,66,"Beef"
2676,66,"Beef"
2677,66,"Beef"
2678,66,"Beef"
2679,66,"Beef"
2680,66,"Beef"
2681,66,"Beef"
2682,66,"Beef"
2683,66,"Beef"
2686,66,"Beef"
2687,66,"Beef"
2688,66,"Beef"
2689,66,"Beef"
2690,66,"Beef"
2693,66,"Beef"
2695,66,"Beef"
2700,66,"Beef"
2701,66,"Beef"
2703,66,"Beef"
2709,66,"Beef"
2710,66,"Beef"
2711,66,"Beef"
2712,66,"Beef"
2713,66,"Beef"
2714,66,"Beef"
2715,66,"Beef"
2716,66,"Beef"
2717,66,"Beef"
2718,66,"Beef"
2719,66,"Beef"
2720,66,"Beef"
2721,66,"Beef"
2722,66,"Beef"
2723,66,"Beef"
2724,66,"Beef"
2725,66,"Beef"
2726,66,"Beef"
2727,66,"Beef"
2728,66,"Beef"
2729,66,"Beef"
2601,66,"Beef"
2731,66,"Beef"
2603,66,"Beef"
2732,66,"Beef"
2733,66,"Beef"
2734,66,"Beef"
2735,66,"Beef"
2736,66,"Beef"
2737,66,"Beef"
2738,66,"Beef"
2739,66,"Beef"
2740,66,"Beef"
2741,66,"Beef"
4677,66,"Beef"
4215,66,"Beef"
2742,66,"Beef"
2743,66,"Beef"
2744,66,"Beef"
2745,66,"Beef"
2746,66,"Beef"
2750,66,"Beef"
2751,66,"Beef"
2754,66,"Beef"
2755,66,"Beef"
2756,66,"Beef"
2757,66,"Beef"
2758,66,"Beef"
2759,66,"Beef"
2760,66,"Beef"
2761,66,"Beef"
2762,66,"Beef"
2763,66,"Beef"
2764,66,"Beef"
2766,66,"Beef"
4341,66,"Beef"
4342,66,"Beef"
4217,66,"Beef"
4218,66,"Beef"
4219,66,"Beef"
4220,66,"Beef"
4221,66,"Beef"
4222,66,"Beef"
4613,66,"Beef"
4223,66,"Beef"
4614,66,"Beef"
4615,66,"Beef"
4343,66,"Beef"
4344,66,"Beef"
4345,66,"Beef"
4346,66,"Beef"
4224,66,"Beef"
4225,66,"Beef"
4226,66,"Beef"
4227,66,"Beef"
4228,66,"Beef"
4229,66,"Beef"
4347,66,"Beef"
4230,66,"Beef"
4231,66,"Beef"
4232,66,"Beef"
4233,66,"Beef"
4234,66,"Beef"
4235,66,"Beef"
4348,66,"Beef"
4349,66,"Beef"
4350,66,"Beef"
4616,66,"Beef"
4623,66,"Beef"
4625,66,"Beef"
4626,66,"Beef"
4399,66,"Beef"
4400,66,"Beef"
2544,66,"Beef"
2546,66,"Beef"
2549,66,"Beef"
4241,66,"Beef"
4649,66,"Beef"
4631,66,"Beef"
4359,66,"Beef"
4360,66,"Beef"
4361,66,"Beef"
7320,66,"Beef"
7321,66,"Beef"
2541,66,"Beef"
2542,66,"Beef"
2543,66,"Beef"
7311,66,"Beef"
7931,66,"Beef"
7932,66,"Beef"
7312,66,"Beef"
7316,66,"Beef"
7317,66,"Beef"
2537,66,"Beef"
2792,66,"Beef"
2791,66,"Beef"
3031,66,"Beef"
2538,66,"Beef"
3030,66,"Beef"
7318,66,"Beef"
2545,66,"Beef"
2550,66,"Beef"
4362,66,"Beef"
4363,66,"Beef"
4364,66,"Beef"
4365,66,"Beef"
4369,66,"Beef"
4370,66,"Beef"
4371,66,"Beef"
4372,66,"Beef"
4373,66,"Beef"
4374,66,"Beef"
4375,66,"Beef"
4376,66,"Beef"
4377,66,"Beef"
4378,66,"Beef"
4387,66,"Beef"
4389,66,"Beef"
4390,66,"Beef"
4391,66,"Beef"
4642,66,"Beef"
4643,66,"Beef"
4644,66,"Beef"
4645,66,"Beef"
4646,66,"Beef"
4395,66,"Beef"
4236,66,"Beef"
4238,66,"Beef"
4239,66,"Beef"
4240,66,"Beef"
4549,66,"Beef"
4550,66,"Beef"
4551,66,"Beef"
4552,66,"Beef"
4553,66,"Beef"
4554,66,"Beef"
4401,66,"Beef"
4555,66,"Beef"
4556,66,"Beef"
4402,66,"Beef"
4557,66,"Beef"
4558,66,"Beef"
4559,66,"Beef"
4560,66,"Beef"
4650,66,"Beef"
4651,66,"Beef"
4569,66,"Beef"
4570,66,"Beef"
4282,66,"Beef"
4283,66,"Beef"
4284,66,"Beef"
4285,66,"Beef"
4286,66,"Beef"
4287,66,"Beef"
4288,66,"Beef"
4289,66,"Beef"
4580,66,"Beef"
4436,66,"Beef"
4599,66,"Beef"
4437,66,"Beef"
4446,66,"Beef"
4652,66,"Beef"
4607,66,"Beef"
4671,66,"Beef"
4608,66,"Beef"
4672,66,"Beef"
4609,66,"Beef"
4678,66,"Beef"
4320,66,"Beef"
4679,66,"Beef"
4321,66,"Beef"
4680,66,"Beef"
4322,66,"Beef"
4682,66,"Beef"
4324,66,"Beef"
4683,66,"Beef"
4408,66,"Beef"
4409,66,"Beef"
4412,66,"Beef"
4420,66,"Beef"
4421,66,"Beef"
4422,66,"Beef"
4661,66,"Beef"
2793,66,"Beef"
2795,66,"Beef"
2797,66,"Beef"
2799,66,"Beef"
2801,66,"Beef"
2803,66,"Beef"
4237,66,"Beef"
4242,66,"Beef"
4243,66,"Beef"
4244,66,"Beef"
4245,66,"Beef"
4246,66,"Beef"
4247,66,"Beef"
4248,66,"Beef"
4249,66,"Beef"
4250,66,"Beef"
4251,66,"Beef"
4252,66,"Beef"
4253,66,"Beef"
4254,66,"Beef"
4255,66,"Beef"
4257,66,"Beef"
4258,66,"Beef"
4277,66,"Beef"
4278,66,"Beef"
4279,66,"Beef"
4280,66,"Beef"
4281,66,"Beef"
4546,66,"Beef"
4547,66,"Beef"
4548,66,"Beef"
4290,66,"Beef"
4291,66,"Beef"
4292,66,"Beef"
4293,66,"Beef"
4294,66,"Beef"
4295,66,"Beef"
4296,66,"Beef"
4297,66,"Beef"
4298,66,"Beef"
4299,66,"Beef"
4301,66,"Beef"
4302,66,"Beef"
4303,66,"Beef"
4304,66,"Beef"
4305,66,"Beef"
4306,66,"Beef"
4307,66,"Beef"
4308,66,"Beef"
4309,66,"Beef"
4310,66,"Beef"
4311,66,"Beef"
4312,66,"Beef"
4313,66,"Beef"
4314,66,"Beef"
4315,66,"Beef"
4571,66,"Beef"
4572,66,"Beef"
4574,66,"Beef"
4575,66,"Beef"
4576,66,"Beef"
4577,66,"Beef"
4578,66,"Beef"
4430,66,"Beef"
4431,66,"Beef"
4594,66,"Beef"
4598,66,"Beef"
4600,66,"Beef"
4445,66,"Beef"
4327,66,"Beef"
4328,66,"Beef"
4687,66,"Beef"
4329,66,"Beef"
4688,66,"Beef"
4330,66,"Beef"
4689,66,"Beef"
4331,66,"Beef"
4690,66,"Beef"
4332,66,"Beef"
4691,66,"Beef"
4333,66,"Beef"
4692,66,"Beef"
4334,66,"Beef"
4693,66,"Beef"
4335,66,"Beef"
4694,66,"Beef"
4336,66,"Beef"
4695,66,"Beef"
4337,66,"Beef"
4696,66,"Beef"
4338,66,"Beef"
4449,66,"Beef"
4697,66,"Beef"
4438,66,"Beef"
4601,66,"Beef"
4439,66,"Beef"
4602,66,"Beef"
4440,66,"Beef"
2767,66,"Beef"
2768,66,"Beef"
2769,66,"Beef"
2770,66,"Beef"
2771,66,"Beef"
2772,66,"Beef"
2773,66,"Beef"
2774,66,"Beef"
2775,66,"Beef"
2776,66,"Beef"
2777,66,"Beef"
2778,66,"Beef"
4441,66,"Beef"
2794,66,"Beef"
2796,66,"Beef"
2798,66,"Beef"
2800,66,"Beef"
2802,66,"Beef"
2804,66,"Beef"
17789,66,"Beef"
17790,66,"Beef"
17562,66,"Beef"
17796,66,"Beef"
17572,66,"Beef"
17573,66,"Beef"
17574,66,"Beef"
17575,66,"Beef"
17576,66,"Beef"
17799,66,"Beef"
17800,66,"Beef"
17590,66,"Beef"
17559,66,"Beef"
17561,66,"Beef"
17564,66,"Beef"
17563,66,"Beef"
17801,66,"Beef"
17777,66,"Beef"
4670,66,"Beef"
4444,66,"Beef"
4442,66,"Beef"
4684,66,"Beef"
4326,66,"Beef"
4685,66,"Beef"
4443,66,"Beef"
14082,66,"Beef"
12375,66,"Beef"
12376,66,"Beef"
17567,66,"Beef"
17570,66,"Beef"
17571,66,"Beef"
17782,66,"Beef"
17792,66,"Beef"
17819,66,"Beef"
12035,66,"Beef"
14193,66,"Beef"
17722,66,"Beef"
17723,66,"Beef"
17724,66,"Beef"
17725,66,"Beef"
17818,66,"Beef"
12377,66,"Beef"
12378,66,"Beef"
12379,66,"Beef"
12380,66,"Beef"
12589,66,"Beef"
12590,66,"Beef"
12597,66,"Beef"
12384,66,"Beef"
12393,66,"Beef"
12394,66,"Beef"
12395,66,"Beef"
12396,66,"Beef"
12405,66,"Beef"
12413,66,"Beef"
12031,66,"Beef"
12032,66,"Beef"
12033,66,"Beef"
12034,66,"Beef"
12372,66,"Beef"
12373,66,"Beef"
12385,66,"Beef"
12598,66,"Beef"
4368,66,"Beef"
4628,66,"Beef"
4367,66,"Beef"
4663,66,"Beef"
12038,66,"Beef"
12040,66,"Beef"
12041,66,"Beef"
12048,66,"Beef"
12049,66,"Beef"
12307,66,"Beef"
12308,66,"Beef"
12309,66,"Beef"
12310,66,"Beef"
12311,66,"Beef"
12312,66,"Beef"
12313,66,"Beef"
12314,66,"Beef"
12315,66,"Beef"
12316,66,"Beef"
12317,66,"Beef"
12318,66,"Beef"
12319,66,"Beef"
12528,66,"Beef"
12534,66,"Beef"
12535,66,"Beef"
12036,66,"Beef"
12530,66,"Beef"
17771,66,"Beef"
22571,66,"Beef"
22572,66,"Beef"
22573,66,"Beef"
13714,66,"Beef"
13504,66,"Beef"
13761,66,"Beef"
13762,66,"Beef"
13763,66,"Beef"
13764,66,"Beef"
13765,66,"Beef"
13767,66,"Beef"
14089,66,"Beef"
14093,66,"Beef"
14105,66,"Beef"
14106,66,"Beef"
14107,66,"Beef"
14108,66,"Beef"
14109,66,"Beef"
14112,66,"Beef"
14113,66,"Beef"
14114,66,"Beef"
14115,66,"Beef"
14116,66,"Beef"
14117,66,"Beef"
14118,66,"Beef"
14119,66,"Beef"
14124,66,"Beef"
14125,66,"Beef"
14127,66,"Beef"
14140,66,"Beef"
17720,66,"Beef"
14191,66,"Beef"
17719,66,"Beef"
17721,66,"Beef"
17727,66,"Beef"
17728,66,"Beef"
17729,66,"Beef"
17730,66,"Beef"
17731,66,"Beef"
17524,66,"Beef"
17565,66,"Beef"
17767,66,"Beef"
17768,66,"Beef"
17769,66,"Beef"
17770,66,"Beef"
17568,66,"Beef"
17786,66,"Beef"
17791,66,"Beef"
17793,66,"Beef"
17794,66,"Beef"
17795,66,"Beef"
17528,66,"Beef"
17529,66,"Beef"
17531,66,"Beef"
17532,66,"Beef"
17534,66,"Beef"
17535,66,"Beef"
17734,66,"Beef"
17737,66,"Beef"
17739,66,"Beef"
17740,66,"Beef"
17741,66,"Beef"
17742,66,"Beef"
17743,66,"Beef"
17744,66,"Beef"
17745,66,"Beef"
17746,66,"Beef"
17747,66,"Beef"
17761,66,"Beef"
17762,66,"Beef"
17763,66,"Beef"
17764,66,"Beef"
17766,66,"Beef"
14190,66,"Beef"
14192,66,"Beef"
13706,66,"Beef"
13713,66,"Beef"
13514,66,"Beef"
13515,66,"Beef"
13519,66,"Beef"
13520,66,"Beef"
13521,66,"Beef"
13522,66,"Beef"
13523,66,"Beef"
13524,66,"Beef"
13525,66,"Beef"
13526,66,"Beef"
13715,66,"Beef"
13716,66,"Beef"
13717,66,"Beef"
13718,66,"Beef"
13719,66,"Beef"
13722,66,"Beef"
13723,66,"Beef"
13724,66,"Beef"
13725,66,"Beef"
13726,66,"Beef"
13745,66,"Beef"
13746,66,"Beef"
13747,66,"Beef"
13748,66,"Beef"
13527,66,"Beef"
13528,66,"Beef"
13529,66,"Beef"
13530,66,"Beef"
13531,66,"Beef"
13532,66,"Beef"
13534,66,"Beef"
13535,66,"Beef"
13536,66,"Beef"
13537,66,"Beef"
13538,66,"Beef"
13539,66,"Beef"
13540,66,"Beef"
13541,66,"Beef"
13542,66,"Beef"
13543,66,"Beef"
13544,66,"Beef"
13545,66,"Beef"
13546,66,"Beef"
13547,66,"Beef"
13548,66,"Beef"
13749,66,"Beef"
13750,66,"Beef"
13751,66,"Beef"
13752,66,"Beef"
13758,66,"Beef"
13759,66,"Beef"
14226,66,"Beef"
17787,66,"Beef"
16992,66,"Beef"
16993,66,"Beef"
16739,66,"Beef"
16743,66,"Beef"
16744,66,"Beef"
16780,66,"Beef"
16781,66,"Beef"
16783,66,"Beef"
16782,66,"Beef"
15741,66,"Beef"
15831,66,"Beef"
15832,66,"Beef"
16023,66,"Beef"
15769,66,"Beef"
15771,66,"Beef"
15777,66,"Beef"
15770,66,"Beef"
16819,66,"Beef"
17042,66,"Beef"
17046,66,"Beef"
17047,66,"Beef"
15772,66,"Beef"
15773,66,"Beef"
15774,66,"Beef"
15775,66,"Beef"
15778,66,"Beef"
15779,66,"Beef"
15780,66,"Beef"
15782,66,"Beef"
15783,66,"Beef"
15784,66,"Beef"
15787,66,"Beef"
15788,66,"Beef"
15789,66,"Beef"
15790,66,"Beef"
15791,66,"Beef"
15792,66,"Beef"
15793,66,"Beef"
15794,66,"Beef"
15795,66,"Beef"
15796,66,"Beef"
15797,66,"Beef"
15798,66,"Beef"
15799,66,"Beef"
15800,66,"Beef"
15803,66,"Beef"
15804,66,"Beef"
15807,66,"Beef"
15808,66,"Beef"
15810,66,"Beef"
15811,66,"Beef"
15812,66,"Beef"
15816,66,"Beef"
15817,66,"Beef"
15818,66,"Beef"
15819,66,"Beef"
15820,66,"Beef"
15565,66,"Beef"
15566,66,"Beef"
15567,66,"Beef"
15569,66,"Beef"
15825,66,"Beef"
16024,66,"Beef"
16025,66,"Beef"
16026,66,"Beef"
16027,66,"Beef"
17579,66,"Beef"
17580,66,"Beef"
17804,66,"Beef"
17805,66,"Beef"
17011,66,"Beef"
17012,66,"Beef"
15763,66,"Beef"
16741,66,"Beef"
16745,66,"Beef"
16994,66,"Beef"
17072,66,"Beef"
16818,66,"Beef"
16816,66,"Beef"
7899,66,"Beef"
15483,66,"Beef"
17064,66,"Beef"
16838,66,"Beef"
17065,66,"Beef"
17066,66,"Beef"
15499,66,"Beef"
15253,66,"Beef"
17756,66,"Beef"
13734,66,"Beef"
13735,66,"Beef"
13738,66,"Beef"
17757,66,"Beef"
17758,66,"Beef"
17759,66,"Beef"
17539,66,"Beef"
17540,66,"Beef"
17541,66,"Beef"
17542,66,"Beef"
17543,66,"Beef"
17544,66,"Beef"
17545,66,"Beef"
17546,66,"Beef"
17547,66,"Beef"
17548,66,"Beef"
17549,66,"Beef"
17550,66,"Beef"
17552,66,"Beef"
17554,66,"Beef"
13739,66,"Beef"
13740,66,"Beef"
13741,66,"Beef"
13733,66,"Beef"
13736,66,"Beef"
13737,66,"Beef"
13742,66,"Beef"
14179,66,"Beef"
13807,66,"Beef"
13809,66,"Beef"
13810,66,"Beef"
13811,66,"Beef"
13812,66,"Beef"
13826,66,"Beef"
13827,66,"Beef"
13828,66,"Beef"
13831,66,"Beef"
13533,66,"Beef"
13502,66,"Beef"
13503,66,"Beef"
13698,66,"Beef"
13699,66,"Beef"
13712,66,"Beef"
13707,66,"Beef"
13708,66,"Beef"
13709,66,"Beef"
13710,66,"Beef"
13711,66,"Beef"
13505,66,"Beef"
13506,66,"Beef"
13507,66,"Beef"
13508,66,"Beef"
13509,66,"Beef"
13720,66,"Beef"
13721,66,"Beef"
13728,66,"Beef"
13729,66,"Beef"
13730,66,"Beef"
13731,66,"Beef"
13732,66,"Beef"
13772,66,"Beef"
13779,66,"Beef"
13780,66,"Beef"
13549,66,"Beef"
14100,66,"Beef"
14104,66,"Beef"
14090,66,"Beef"
14091,66,"Beef"
14186,66,"Beef"
14187,66,"Beef"
13753,66,"Beef"
13754,66,"Beef"
13755,66,"Beef"
13756,66,"Beef"
13757,66,"Beef"
14202,66,"Beef"
14203,66,"Beef"
14204,66,"Beef"
14205,66,"Beef"
14207,66,"Beef"
14221,66,"Beef"
14222,66,"Beef"
17732,66,"Beef"
17772,66,"Beef"
17773,66,"Beef"
17775,66,"Beef"
17778,66,"Beef"
17779,66,"Beef"
17780,66,"Beef"
17781,66,"Beef"
17569,66,"Beef"
17518,66,"Beef"
17558,66,"Beef"
17776,66,"Beef"
22587,66,"Beef"
22592,66,"Beef"
22593,66,"Beef"
22596,66,"Beef"
22605,66,"Beef"
22606,66,"Beef"
22832,66,"Beef"
22833,66,"Beef"
22834,66,"Beef"
22616,66,"Beef"
22617,66,"Beef"
22619,66,"Beef"
14188,66,"Beef"
14189,66,"Beef"
17536,66,"Beef"
17735,66,"Beef"
17736,66,"Beef"
17738,66,"Beef"
17748,66,"Beef"
17749,66,"Beef"
17750,66,"Beef"
17751,66,"Beef"
17753,66,"Beef"
17754,66,"Beef"
17755,66,"Beef"
17760,66,"Beef"
13743,66,"Beef"
17765,66,"Beef"
22621,66,"Beef"
22618,66,"Beef"
22615,66,"Beef"
7857,66,"Beef"
7944,66,"Beef"
7945,66,"Beef"
7946,66,"Beef"
7359,66,"Beef"
7360,66,"Beef"
11900,66,"Beef"
12130,66,"Beef"
12133,66,"Beef"
12134,66,"Beef"
22282,66,"Beef"
22283,66,"Beef"
22546,66,"Beef"
22738,66,"Beef"
22739,66,"Beef"
22542,66,"Beef"
22701,66,"Beef"
22702,66,"Beef"
22713,66,"Beef"
22715,66,"Beef"
22716,66,"Beef"
22728,66,"Beef"
15501,66,"Beef"
15502,66,"Beef"
15496,66,"Beef"
15495,66,"Beef"
15500,66,"Beef"
15250,66,"Beef"
15251,66,"Beef"
15505,66,"Beef"
15506,66,"Beef"
15507,66,"Beef"
15508,66,"Beef"
15514,66,"Beef"
15515,66,"Beef"
15519,66,"Beef"
15522,66,"Beef"
15523,66,"Beef"
22464,66,"Beef"
22465,66,"Beef"
15248,66,"Beef"
15261,66,"Beef"
15582,66,"Beef"
15585,66,"Beef"
15586,66,"Beef"
15587,66,"Beef"
15588,66,"Beef"
15599,66,"Beef"
15600,66,"Beef"
15604,66,"Beef"
15605,66,"Beef"
15606,66,"Beef"
15548,66,"Beef"
15551,66,"Beef"
15552,66,"Beef"
15553,66,"Beef"
15554,66,"Beef"
15555,66,"Beef"
15558,66,"Beef"
15560,66,"Beef"
15561,66,"Beef"
15593,66,"Beef"
15594,66,"Beef"
15597,66,"Beef"
15598,66,"Beef"
15601,66,"Beef"
15602,66,"Beef"
15603,66,"Beef"
15608,66,"Beef"
15610,66,"Beef"
15612,66,"Beef"
15614,66,"Beef"
16839,66,"Beef"
16840,66,"Beef"
16841,66,"Beef"
16842,66,"Beef"
16843,66,"Beef"
16844,66,"Beef"
16845,66,"Beef"
16846,66,"Beef"
16847,66,"Beef"
16848,66,"Beef"
16849,66,"Beef"
16850,66,"Beef"
16851,66,"Beef"
16852,66,"Beef"
16853,66,"Beef"
16854,66,"Beef"
16855,66,"Beef"
16857,66,"Beef"
15607,66,"Beef"
15609,66,"Beef"
15611,66,"Beef"
15613,66,"Beef"
15615,66,"Beef"
15617,66,"Beef"
15618,66,"Beef"
15619,66,"Beef"
15620,66,"Beef"
15621,66,"Beef"
15622,66,"Beef"
15623,66,"Beef"
15624,66,"Beef"
15625,66,"Beef"
15626,66,"Beef"
15627,66,"Beef"
15628,66,"Beef"
15629,66,"Beef"
15630,66,"Beef"
15631,66,"Beef"
15632,66,"Beef"
15633,66,"Beef"
15634,66,"Beef"
15260,66,"Beef"
15529,66,"Beef"
15590,66,"Beef"
22463,66,"Beef"
15264,66,"Beef"
15265,66,"Beef"
15266,66,"Beef"
15267,66,"Beef"
15268,66,"Beef"
15270,66,"Beef"
15275,66,"Beef"
15276,66,"Beef"
15277,66,"Beef"
15281,66,"Beef"
15530,66,"Beef"
15531,66,"Beef"
15532,66,"Beef"
15533,66,"Beef"
15534,66,"Beef"
15535,66,"Beef"
15536,66,"Beef"
15537,66,"Beef"
15538,66,"Beef"
15539,66,"Beef"
22466,66,"Beef"
15526,66,"Beef"
15488,66,"Beef"
15489,66,"Beef"
15490,66,"Beef"
15491,66,"Beef"
15521,66,"Beef"
15252,66,"Beef"
15254,66,"Beef"
15255,66,"Beef"
15256,66,"Beef"
15257,66,"Beef"
15258,66,"Beef"
15259,66,"Beef"
16804,66,"Beef"
15524,66,"Beef"
15525,66,"Beef"
15571,66,"Beef"
15575,66,"Beef"
15576,66,"Beef"
15283,66,"Beef"
15285,66,"Beef"
15286,66,"Beef"
15288,66,"Beef"
15528,66,"Beef"
15570,66,"Beef"
15563,66,"Beef"
15577,66,"Beef"
15578,66,"Beef"
15579,66,"Beef"
15581,66,"Beef"
22208,66,"Beef"
22211,66,"Beef"
22220,66,"Beef"
22221,66,"Beef"
22222,66,"Beef"
22223,66,"Beef"
22224,66,"Beef"
22230,66,"Beef"
22468,66,"Beef"
22469,66,"Beef"
22476,66,"Beef"
22477,66,"Beef"
22478,66,"Beef"
22479,66,"Beef"
22480,66,"Beef"
22481,66,"Beef"
22482,66,"Beef"
22484,66,"Beef"
22485,66,"Beef"
22487,66,"Beef"
22231,66,"Beef"
16043,66,"Beef"
16046,66,"Beef"
16797,66,"Beef"
16799,66,"Beef"
17059,66,"Beef"
15527,66,"Beef"
22471,66,"Beef"
22233,66,"Beef"
22234,66,"Beef"
22235,66,"Beef"
22236,66,"Beef"
22238,66,"Beef"
22239,66,"Beef"
22241,66,"Beef"
22518,66,"Beef"
22268,66,"Beef"
15848,66,"Beef"
22232,66,"Beef"
22256,66,"Beef"
22513,66,"Beef"
22515,66,"Beef"
15580,66,"Beef"
22227,66,"Beef"
22228,66,"Beef"
22229,66,"Beef"
22470,66,"Beef"
22473,66,"Beef"
22474,66,"Beef"
22475,66,"Beef"
22486,66,"Beef"
22472,66,"Beef"
22237,66,"Beef"
22240,66,"Beef"
22250,66,"Beef"
22251,66,"Beef"
22252,66,"Beef"
22244,66,"Beef"
22516,66,"Beef"
22262,66,"Beef"
22517,66,"Beef"
22519,66,"Beef"
22242,66,"Beef"
22243,66,"Beef"
22521,66,"Beef"
22274,66,"Beef"
22740,66,"Beef"
13700,66,"Beef"
13701,66,"Beef"
13705,66,"Beef"
14094,66,"Beef"
14099,66,"Beef"
22273,66,"Beef"
22276,66,"Beef"
22245,66,"Beef"
22246,66,"Beef"
22247,66,"Beef"
22248,66,"Beef"
22249,66,"Beef"
22253,66,"Beef"
22254,66,"Beef"
22491,66,"Beef"
22492,66,"Beef"
22493,66,"Beef"
15847,66,"Beef"
22520,66,"Beef"
22523,66,"Beef"
22703,66,"Beef"
22591,66,"Beef"
22826,66,"Beef"
22667,66,"Beef"
22494,66,"Beef"
22495,66,"Beef"
22496,66,"Beef"
22497,66,"Beef"
22498,66,"Beef"
22499,66,"Beef"
22500,66,"Beef"
22501,66,"Beef"
22502,66,"Beef"
22503,66,"Beef"
22504,66,"Beef"
22505,66,"Beef"
22506,66,"Beef"
22507,66,"Beef"
22508,66,"Beef"
22509,66,"Beef"
22257,66,"Beef"
22258,66,"Beef"
22259,66,"Beef"
22260,66,"Beef"
22261,66,"Beef"
22263,66,"Beef"
22264,66,"Beef"
22265,66,"Beef"
22266,66,"Beef"
22267,66,"Beef"
22510,66,"Beef"
22511,66,"Beef"
22512,66,"Beef"
22275,66,"Beef"
22277,66,"Beef"
22278,66,"Beef"
22525,66,"Beef"
22526,66,"Beef"
22528,66,"Beef"
22529,66,"Beef"
22530,66,"Beef"
22531,66,"Beef"
22532,66,"Beef"
22533,66,"Beef"
22534,66,"Beef"
22535,66,"Beef"
22706,66,"Beef"
22708,66,"Beef"
15511,66,"Beef"
15512,66,"Beef"
22707,66,"Beef"
22467,66,"Beef"
22210,66,"Beef"
15513,66,"Beef"
15761,66,"Beef"
15828,66,"Beef"
15756,66,"Beef"
15746,66,"Beef"
15747,66,"Beef"
15748,66,"Beef"
15749,66,"Beef"
15750,66,"Beef"
15751,66,"Beef"
15752,66,"Beef"
16018,66,"Beef"
16019,66,"Beef"
16020,66,"Beef"
15743,66,"Beef"
16742,66,"Beef"
16015,66,"Beef"
16016,66,"Beef"
16017,66,"Beef"
15742,66,"Beef"
16013,66,"Beef"
17784,66,"Beef"
17820,66,"Beef"
17586,66,"Beef"
15711,66,"Beef"
15732,66,"Beef"
15734,66,"Beef"
127,65,"Beef"
4403,65,"Beef"
4404,65,"Beef"
4392,65,"Beef"
4393,65,"Beef"
4394,65,"Beef"
4405,65,"Beef"
3048,65,"Beef"
4406,65,"Beef"
4407,65,"Beef"
4657,65,"Beef"
4658,65,"Beef"
3052,65,"Beef"
4659,65,"Beef"
4660,65,"Beef"
4410,65,"Beef"
4411,65,"Beef"
3053,65,"Beef"
3054,65,"Beef"
4418,65,"Beef"
4419,65,"Beef"
4423,65,"Beef"
2998,65,"Beef"
2977,65,"Beef"
3050,65,"Beef"
3013,65,"Beef"
4662,65,"Beef"
2993,65,"Beef"
3024,65,"Beef"
7897,65,"Beef"
7288,65,"Beef"
7898,65,"Beef"
7905,65,"Beef"
7290,65,"Beef"
7291,65,"Beef"
7292,65,"Beef"
7877,65,"Beef"
7289,65,"Beef"
7896,65,"Beef"
7886,65,"Beef"
7276,65,"Beef"
7277,65,"Beef"
15249,65,"Beef"
7296,65,"Beef"
7910,65,"Beef"
7911,65,"Beef"
7912,65,"Beef"
7858,65,"Beef"
7881,65,"Beef"
7888,65,"Beef"
7890,65,"Beef"
7283,65,"Beef"
7892,65,"Beef"
7281,65,"Beef"
7282,65,"Beef"
7894,65,"Beef"
7856,65,"Beef"
7893,65,"Beef"
7895,65,"Beef"
15998,65,"Beef"
7884,65,"Beef"
7284,65,"Beef"
7285,65,"Beef"
7286,65,"Beef"
15999,65,"Beef"
16000,65,"Beef"
16001,65,"Beef"
16004,65,"Beef"
7265,65,"Beef"
11621,65,"Beef"
22835,65,"Beef"
7853,65,"Beef"
7859,65,"Beef"
7860,65,"Beef"
7861,65,"Beef"
7356,65,"Beef"
11901,65,"Beef"
7357,65,"Beef"
7363,65,"Beef"
12131,65,"Beef"
12132,65,"Beef"
11903,65,"Beef"
7260,65,"Beef"
7871,65,"Beef"
22543,65,"Beef"
22544,65,"Beef"
22545,65,"Beef"
7854,65,"Beef"
7855,65,"Beef"
7863,65,"Beef"
7864,65,"Beef"
7868,65,"Beef"
7269,65,"Beef"
7270,65,"Beef"
7880,65,"Beef"
7866,65,"Beef"
7869,65,"Beef"
7259,65,"Beef"
7302,65,"Beef"
7918,65,"Beef"
7870,65,"Beef"
7873,65,"Beef"
7268,65,"Beef"
7874,65,"Beef"
7267,65,"Beef"
7273,65,"Beef"
7275,65,"Beef"
7358,65,"Beef"
7361,65,"Beef"
11902,65,"Beef"
16003,65,"Beef"
16006,65,"Beef"
15846,65,"Beef"
15509,65,"Beef"
16011,65,"Beef"
16007,65,"Beef"
22279,65,"Beef"
16010,65,"Beef"
15826,65,"Beef"
15827,65,"Beef"
16012,65,"Beef"
7878,65,"Beef"
7272,65,"Beef"
7266,65,"Beef"
7885,65,"Beef"
22536,65,"Beef"
22537,65,"Beef"
22280,65,"Beef"
22281,65,"Beef"
22709,65,"Beef"
22828,65,"Beef"
22829,65,"Beef"
22585,65,"Beef"
22586,65,"Beef"
22589,65,"Beef"
22590,65,"Beef"
22827,65,"Beef"
22830,65,"Beef"
22601,65,"Beef"
22602,65,"Beef"
22603,65,"Beef"
22609,65,"Beef"
22610,65,"Beef"
22710,65,"Beef"
22711,65,"Beef"
22712,65,"Beef"
22611,65,"Beef"
22612,65,"Beef"
22614,65,"Beef"
22613,65,"Beef"
22538,65,"Beef"
22539,65,"Beef"
22733,65,"Beef"
22734,65,"Beef"
22735,65,"Beef"
22717,65,"Beef"
22718,65,"Beef"
22719,65,"Beef"
22720,65,"Beef"
22721,65,"Beef"
22722,65,"Beef"
22723,65,"Beef"
22724,65,"Beef"
22725,65,"Beef"
22726,65,"Beef"
22727,65,"Beef"
22730,65,"Beef"
22731,65,"Beef"
22732,65,"Beef"
11874,65,"Beef"
22836,65,"Beef"
22575,65,"Beef"
22540,65,"Beef"
22285,65,"Beef"
22286,65,"Beef"
22736,65,"Beef"
22737,65,"Beef"
22729,65,"Beef"
22284,65,"Beef"
22566,65,"Beef"
22567,65,"Beef"
22789,65,"Beef"
22790,65,"Beef"
22791,65,"Beef"
22792,65,"Beef"
22793,65,"Beef"
22794,65,"Beef"
22795,65,"Beef"
22796,65,"Beef"
22797,65,"Beef"
22798,65,"Beef"
22799,65,"Beef"
22800,65,"Beef"
22801,65,"Beef"
22802,65,"Beef"
22803,65,"Beef"
22804,65,"Beef"
22805,65,"Beef"
22807,65,"Beef"
22568,65,"Beef"
22574,65,"Beef"
22578,65,"Beef"
22579,65,"Beef"
22580,65,"Beef"
22581,65,"Beef"
22582,65,"Beef"
22583,65,"Beef"
22584,65,"Beef"
22594,65,"Beef"
22595,65,"Beef"
22598,65,"Beef"
22599,65,"Beef"
22576,65,"Beef"
22620,65,"Beef"
22840,65,"Beef"
22570,65,"Beef"
22577,65,"Beef"
22607,65,"Beef"
22831,65,"Beef"
22741,65,"Beef"
14095,65,"Beef"
14096,65,"Beef"
22746,65,"Beef"
22747,65,"Beef"
22748,65,"Beef"
22561,65,"Beef"
22742,65,"Beef"
22705,65,"Beef"
22668,65,"Beef"
22670,65,"Beef"
22750,65,"Beef"
22753,65,"Beef"
22558,65,"Beef"
22760,65,"Beef"
22761,65,"Beef"
22762,65,"Beef"
22763,65,"Beef"
22822,65,"Beef"
22751,65,"Beef"
22752,65,"Beef"
22755,65,"Beef"
22756,65,"Beef"
22757,65,"Beef"
22758,65,"Beef"
22759,65,"Beef"
22764,65,"Beef"
22765,65,"Beef"
22766,65,"Beef"
22767,65,"Beef"
22769,65,"Beef"
22787,65,"Beef"
22557,65,"Beef"
22600,65,"Beef"
22817,65,"Beef"
22819,65,"Beef"
22820,65,"Beef"
22823,65,"Beef"
22824,65,"Beef"
22553,65,"Beef"
22554,65,"Beef"
22555,65,"Beef"
22563,65,"Beef"
22588,65,"Beef"
22597,65,"Beef"
22825,65,"Beef"
22821,65,"Beef"
7274,65,"Beef"
7889,65,"Beef"
7882,65,"Beef"
7883,65,"Beef"
7278,65,"Beef"
7279,65,"Beef"
7280,65,"Beef"
7887,65,"Beef"
7891,65,"Beef"
7254,65,"Beef"
7922,65,"Beef"
7923,65,"Beef"
7924,65,"Beef"
7925,65,"Beef"
7927,65,"Beef"
7928,65,"Beef"
7929,65,"Beef"
7930,65,"Beef"
7926,65,"Beef"
7325,65,"Beef"
7326,65,"Beef"
7328,65,"Beef"
7251,65,"Beef"
7252,65,"Beef"
2810,65,"Beef"
2814,65,"Beef"
2838,65,"Beef"
2811,65,"Beef"
2844,65,"Beef"
2845,65,"Beef"
2846,65,"Beef"
2849,65,"Beef"
2852,65,"Beef"
2853,65,"Beef"
2854,65,"Beef"
2855,65,"Beef"
2856,65,"Beef"
2857,65,"Beef"
2858,65,"Beef"
2859,65,"Beef"
2860,65,"Beef"
2861,65,"Beef"
3034,65,"Beef"
3035,65,"Beef"
3039,65,"Beef"
3040,65,"Beef"
3041,65,"Beef"
3009,65,"Beef"
2812,65,"Beef"
2813,65,"Beef"
7330,65,"Beef"
7875,65,"Beef"
7257,65,"Beef"
7258,65,"Beef"
7851,65,"Beef"
7852,65,"Beef"
7862,65,"Beef"
7865,65,"Beef"
7867,65,"Beef"
7271,65,"Beef"
7303,65,"Beef"
7304,65,"Beef"
7919,65,"Beef"
7920,65,"Beef"
7327,65,"Beef"
7329,65,"Beef"
2805,65,"Beef"
2806,65,"Beef"
2807,65,"Beef"
2808,65,"Beef"
2809,65,"Beef"
2815,65,"Beef"
7947,65,"Beef"
12082,65,"Beef"
11904,65,"Beef"
12135,65,"Beef"
2816,65,"Beef"
2817,65,"Beef"
2818,65,"Beef"
2819,65,"Beef"
2821,65,"Beef"
2822,65,"Beef"
2588,65,"Beef"
2590,65,"Beef"
2592,65,"Beef"
2593,65,"Beef"
2595,65,"Beef"
2596,65,"Beef"
4340,65,"Beef"
2825,65,"Beef"
3011,65,"Beef"
3012,65,"Beef"
3017,65,"Beef"
4380,65,"Beef"
4381,65,"Beef"
4634,65,"Beef"
4635,65,"Beef"
2827,65,"Beef"
2600,65,"Beef"
2612,65,"Beef"
2765,65,"Beef"
4636,65,"Beef"
4637,65,"Beef"
4638,65,"Beef"
4639,65,"Beef"
4640,65,"Beef"
2831,65,"Beef"
2832,65,"Beef"
2833,65,"Beef"
2835,65,"Beef"
3029,65,"Beef"
3008,65,"Beef"
3025,65,"Beef"
3032,65,"Beef"
2829,65,"Beef"
2830,65,"Beef"
2834,65,"Beef"
2836,65,"Beef"
2839,65,"Beef"
2842,65,"Beef"
3033,65,"Beef"
3042,65,"Beef"
3010,65,"Beef"
2539,65,"Beef"
2826,65,"Beef"
2828,65,"Beef"
2907,65,"Beef"
2876,65,"Beef"
2862,65,"Beef"
2863,65,"Beef"
2864,65,"Beef"
2865,65,"Beef"
2866,65,"Beef"
2837,65,"Beef"
2841,65,"Beef"
3036,65,"Beef"
2906,65,"Beef"
2607,65,"Beef"
2610,65,"Beef"
4386,65,"Beef"
7253,65,"Beef"
2867,65,"Beef"
2875,65,"Beef"
7907,65,"Beef"
91,65,"Beef"
7294,65,"Beef"
7909,65,"Beef"
7295,65,"Beef"
7902,65,"Beef"
2589,65,"Beef"
7036,65,"Beef"
2868,65,"Beef"
2874,65,"Beef"
11809,65,"Beef"
2869,65,"Beef"
2872,65,"Beef"
2882,65,"Beef"
2873,65,"Beef"
2877,65,"Beef"
2878,65,"Beef"
2901,65,"Beef"
2879,65,"Beef"
2881,65,"Beef"
2912,65,"Beef"
2915,65,"Beef"
2908,65,"Beef"
2910,65,"Beef"
2911,65,"Beef"
2903,65,"Beef"
11622,65,"Beef"
12075,65,"Beef"
12084,65,"Beef"
12088,65,"Beef"
12089,65,"Beef"
12077,65,"Beef"
12076,65,"Beef"
12085,65,"Beef"
12090,65,"Beef"
12086,65,"Beef"
11848,65,"Beef"
11849,65,"Beef"
12108,65,"Beef"
12109,65,"Beef"
12110,65,"Beef"
12078,65,"Beef"
12079,65,"Beef"
12111,65,"Beef"
12113,65,"Beef"
12114,65,"Beef"
12116,65,"Beef"
11890,65,"Beef"
11891,65,"Beef"
11810,65,"Beef"
11818,65,"Beef"
11839,65,"Beef"
7848,65,"Beef"
11840,65,"Beef"
7255,65,"Beef"
7849,65,"Beef"
7850,65,"Beef"
11841,65,"Beef"
11842,65,"Beef"
11843,65,"Beef"
11847,65,"Beef"
7332,65,"Beef"
7333,65,"Beef"
7334,65,"Beef"
7335,65,"Beef"
7336,65,"Beef"
7337,65,"Beef"
7338,65,"Beef"
7339,65,"Beef"
7341,65,"Beef"
7343,65,"Beef"
7340,65,"Beef"
7344,65,"Beef"
7349,65,"Beef"
7355,65,"Beef"
7346,65,"Beef"
7348,65,"Beef"
7354,65,"Beef"
12122,65,"Beef"
12125,65,"Beef"
7934,65,"Beef"
12124,65,"Beef"
11899,65,"Beef"
7935,65,"Beef"
7939,65,"Beef"
11846,65,"Beef"
12123,65,"Beef"
12128,65,"Beef"
7351,65,"Beef"
7353,65,"Beef"
7938,65,"Beef"
7940,65,"Beef"
7941,65,"Beef"
7942,65,"Beef"
7943,65,"Beef"
7951,65,"Beef"
7952,65,"Beef"
7954,65,"Beef"
7955,65,"Beef"
7350,65,"Beef"
7352,65,"Beef"
12126,65,"Beef"
12129,65,"Beef"
11896,65,"Beef"
11897,65,"Beef"
12139,65,"Beef"
11905,65,"Beef"
11906,65,"Beef"
11907,65,"Beef"
11908,65,"Beef"
11909,65,"Beef"
7933,65,"Beef"
11898,65,"Beef"
11813,65,"Beef"
11837,65,"Beef"
11845,65,"Beef"
16740,65,"Beef"
16784,65,"Beef"
17063,65,"Beef"
17056,65,"Beef"
17048,65,"Beef"
16786,65,"Beef"
15520,65,"Beef"
15822,65,"Beef"
15837,65,"Beef"
15992,65,"Beef"
17560,65,"Beef"
15824,65,"Beef"
15568,65,"Beef"
15823,65,"Beef"
15991,65,"Beef"
15993,65,"Beef"
17051,65,"Beef"
17053,65,"Beef"
16791,65,"Beef"
16795,65,"Beef"
16792,65,"Beef"
16793,65,"Beef"
17060,65,"Beef"
17061,65,"Beef"
17062,65,"Beef"
16801,65,"Beef"
16794,65,"Beef"
15839,65,"Beef"
15840,65,"Beef"
15841,65,"Beef"
15842,65,"Beef"
15843,65,"Beef"
15844,65,"Beef"
16029,65,"Beef"
16034,65,"Beef"
16035,65,"Beef"
16036,65,"Beef"
16038,65,"Beef"
16041,65,"Beef"
16048,65,"Beef"
16028,65,"Beef"
16030,65,"Beef"
16031,65,"Beef"
15997,65,"Beef"
15838,65,"Beef"
16032,65,"Beef"
15994,65,"Beef"
13704,65,"Beef"
15995,65,"Beef"
15996,65,"Beef"
16044,65,"Beef"
17058,65,"Beef"
16790,65,"Beef"
17049,65,"Beef"
17054,65,"Beef"
17055,65,"Beef"
16802,65,"Beef"
15562,65,"Beef"
16033,65,"Beef"
16037,65,"Beef"
16039,65,"Beef"
16040,65,"Beef"
16042,65,"Beef"
16798,65,"Beef"
16796,65,"Beef"
16800,65,"Beef"
16045,65,"Beef"
17052,65,"Beef"
17057,65,"Beef"
16764,65,"Beef"
4630,65,"Beef"
4396,65,"Beef"
4627,65,"Beef"
4612,65,"Beef"
4397,65,"Beef"
4398,65,"Beef"
4648,65,"Beef"
4629,65,"Beef"
4647,65,"Beef"
7315,65,"Beef"
2547,65,"Beef"
2548,65,"Beef"
2552,65,"Beef"
2553,65,"Beef"
2554,65,"Beef"
2555,65,"Beef"
2556,65,"Beef"
2557,65,"Beef"
2558,65,"Beef"
2559,65,"Beef"
2560,65,"Beef"
2561,65,"Beef"
2562,65,"Beef"
2563,65,"Beef"
2564,65,"Beef"
2565,65,"Beef"
2567,65,"Beef"
2568,65,"Beef"
2576,65,"Beef"
2577,65,"Beef"
2578,65,"Beef"
2579,65,"Beef"
2580,65,"Beef"
2581,65,"Beef"
2582,65,"Beef"
2583,65,"Beef"
2584,65,"Beef"
2585,65,"Beef"
2613,65,"Beef"
2614,65,"Beef"
2615,65,"Beef"
2616,65,"Beef"
2617,65,"Beef"
2618,65,"Beef"
2619,65,"Beef"
2620,65,"Beef"
2621,65,"Beef"
2622,65,"Beef"
2623,65,"Beef"
2624,65,"Beef"
2625,65,"Beef"
2626,65,"Beef"
2627,65,"Beef"
2628,65,"Beef"
2629,65,"Beef"
2637,65,"Beef"
2640,65,"Beef"
2641,65,"Beef"
2642,65,"Beef"
2643,65,"Beef"
2644,65,"Beef"
2645,65,"Beef"
2650,65,"Beef"
2651,65,"Beef"
4211,65,"Beef"
4212,65,"Beef"
2606,65,"Beef"
2609,65,"Beef"
4213,65,"Beef"
4603,65,"Beef"
4606,65,"Beef"
4668,65,"Beef"
2781,65,"Beef"
2789,65,"Beef"
2604,65,"Beef"
2605,65,"Beef"
2551,65,"Beef"
2608,65,"Beef"
4707,65,"Beef"
4708,65,"Beef"
4709,65,"Beef"
4358,65,"Beef"
4641,65,"Beef"
4706,65,"Beef"
4448,65,"Beef"
4611,65,"Beef"
2705,65,"Beef"
2706,65,"Beef"
2708,65,"Beef"
2730,65,"Beef"
2747,65,"Beef"
4351,65,"Beef"
4620,65,"Beef"
4621,65,"Beef"
4622,65,"Beef"
4624,65,"Beef"
2602,65,"Beef"
2570,65,"Beef"
7913,65,"Beef"
7305,65,"Beef"
7313,65,"Beef"
7322,65,"Beef"
7908,65,"Beef"
7314,65,"Beef"
2652,65,"Beef"
2653,65,"Beef"
2654,65,"Beef"
2655,65,"Beef"
2656,65,"Beef"
2657,65,"Beef"
2658,65,"Beef"
2659,65,"Beef"
2660,65,"Beef"
2661,65,"Beef"
2662,65,"Beef"
2663,65,"Beef"
2664,65,"Beef"
2665,65,"Beef"
2666,65,"Beef"
2670,65,"Beef"
2673,65,"Beef"
2674,65,"Beef"
2675,65,"Beef"
2676,65,"Beef"
2677,65,"Beef"
2678,65,"Beef"
2679,65,"Beef"
2680,65,"Beef"
2681,65,"Beef"
2682,65,"Beef"
2683,65,"Beef"
2686,65,"Beef"
2687,65,"Beef"
2688,65,"Beef"
2689,65,"Beef"
2690,65,"Beef"
2693,65,"Beef"
2695,65,"Beef"
2700,65,"Beef"
2701,65,"Beef"
2703,65,"Beef"
2709,65,"Beef"
2710,65,"Beef"
2711,65,"Beef"
2712,65,"Beef"
2713,65,"Beef"
2714,65,"Beef"
2715,65,"Beef"
2716,65,"Beef"
2717,65,"Beef"
2718,65,"Beef"
2719,65,"Beef"
2720,65,"Beef"
2721,65,"Beef"
2722,65,"Beef"
2723,65,"Beef"
2724,65,"Beef"
2725,65,"Beef"
2726,65,"Beef"
2727,65,"Beef"
2728,65,"Beef"
2729,65,"Beef"
2601,65,"Beef"
2731,65,"Beef"
2603,65,"Beef"
2732,65,"Beef"
2733,65,"Beef"
2734,65,"Beef"
2735,65,"Beef"
2736,65,"Beef"
2737,65,"Beef"
2738,65,"Beef"
2739,65,"Beef"
2740,65,"Beef"
2741,65,"Beef"
4677,65,"Beef"
4215,65,"Beef"
2742,65,"Beef"
2743,65,"Beef"
2744,65,"Beef"
2745,65,"Beef"
2746,65,"Beef"
2750,65,"Beef"
2751,65,"Beef"
2754,65,"Beef"
2755,65,"Beef"
2756,65,"Beef"
2757,65,"Beef"
2758,65,"Beef"
2759,65,"Beef"
2760,65,"Beef"
2761,65,"Beef"
2762,65,"Beef"
2763,65,"Beef"
2764,65,"Beef"
2766,65,"Beef"
4341,65,"Beef"
4342,65,"Beef"
4217,65,"Beef"
4218,65,"Beef"
4219,65,"Beef"
4220,65,"Beef"
4221,65,"Beef"
4222,65,"Beef"
4613,65,"Beef"
4223,65,"Beef"
4614,65,"Beef"
4615,65,"Beef"
4343,65,"Beef"
4344,65,"Beef"
4345,65,"Beef"
4346,65,"Beef"
4224,65,"Beef"
4225,65,"Beef"
4226,65,"Beef"
4227,65,"Beef"
4228,65,"Beef"
4229,65,"Beef"
4347,65,"Beef"
4230,65,"Beef"
4231,65,"Beef"
4232,65,"Beef"
4233,65,"Beef"
4234,65,"Beef"
4235,65,"Beef"
4348,65,"Beef"
4349,65,"Beef"
4350,65,"Beef"
4616,65,"Beef"
4623,65,"Beef"
4625,65,"Beef"
4626,65,"Beef"
4399,65,"Beef"
4400,65,"Beef"
2544,65,"Beef"
2546,65,"Beef"
2549,65,"Beef"
4241,65,"Beef"
4649,65,"Beef"
4631,65,"Beef"
4359,65,"Beef"
4360,65,"Beef"
4361,65,"Beef"
7320,65,"Beef"
7321,65,"Beef"
2541,65,"Beef"
2542,65,"Beef"
2543,65,"Beef"
7311,65,"Beef"
7931,65,"Beef"
7932,65,"Beef"
7312,65,"Beef"
7316,65,"Beef"
7317,65,"Beef"
2537,65,"Beef"
2792,65,"Beef"
2791,65,"Beef"
3031,65,"Beef"
2538,65,"Beef"
3030,65,"Beef"
7318,65,"Beef"
2545,65,"Beef"
2550,65,"Beef"
4362,65,"Beef"
4363,65,"Beef"
4364,65,"Beef"
4365,65,"Beef"
4369,65,"Beef"
4370,65,"Beef"
4371,65,"Beef"
4372,65,"Beef"
4373,65,"Beef"
4374,65,"Beef"
4375,65,"Beef"
4376,65,"Beef"
4377,65,"Beef"
4378,65,"Beef"
4387,65,"Beef"
4389,65,"Beef"
4390,65,"Beef"
4391,65,"Beef"
4642,65,"Beef"
4643,65,"Beef"
4644,65,"Beef"
4645,65,"Beef"
4646,65,"Beef"
4395,65,"Beef"
4236,65,"Beef"
4238,65,"Beef"
4239,65,"Beef"
4240,65,"Beef"
4549,65,"Beef"
4550,65,"Beef"
4551,65,"Beef"
4552,65,"Beef"
4553,65,"Beef"
4554,65,"Beef"
4401,65,"Beef"
4555,65,"Beef"
4556,65,"Beef"
4402,65,"Beef"
4557,65,"Beef"
4558,65,"Beef"
4559,65,"Beef"
4560,65,"Beef"
4650,65,"Beef"
4651,65,"Beef"
4569,65,"Beef"
4570,65,"Beef"
4282,65,"Beef"
4283,65,"Beef"
4284,65,"Beef"
4285,65,"Beef"
4286,65,"Beef"
4287,65,"Beef"
4288,65,"Beef"
4289,65,"Beef"
4580,65,"Beef"
4436,65,"Beef"
4599,65,"Beef"
4437,65,"Beef"
4446,65,"Beef"
4652,65,"Beef"
4607,65,"Beef"
4671,65,"Beef"
4608,65,"Beef"
4672,65,"Beef"
4609,65,"Beef"
4678,65,"Beef"
4320,65,"Beef"
4679,65,"Beef"
4321,65,"Beef"
4680,65,"Beef"
4322,65,"Beef"
4682,65,"Beef"
4324,65,"Beef"
4683,65,"Beef"
4408,65,"Beef"
4409,65,"Beef"
4412,65,"Beef"
4420,65,"Beef"
4421,65,"Beef"
4422,65,"Beef"
4661,65,"Beef"
2793,65,"Beef"
2795,65,"Beef"
2797,65,"Beef"
2799,65,"Beef"
2801,65,"Beef"
2803,65,"Beef"
4237,65,"Beef"
4242,65,"Beef"
4243,65,"Beef"
4244,65,"Beef"
4245,65,"Beef"
4246,65,"Beef"
4247,65,"Beef"
4248,65,"Beef"
4249,65,"Beef"
4250,65,"Beef"
4251,65,"Beef"
4252,65,"Beef"
4253,65,"Beef"
4254,65,"Beef"
4255,65,"Beef"
4257,65,"Beef"
4258,65,"Beef"
4277,65,"Beef"
4278,65,"Beef"
4279,65,"Beef"
4280,65,"Beef"
4281,65,"Beef"
4546,65,"Beef"
4547,65,"Beef"
4548,65,"Beef"
4290,65,"Beef"
4291,65,"Beef"
4292,65,"Beef"
4293,65,"Beef"
4294,65,"Beef"
4295,65,"Beef"
4296,65,"Beef"
4297,65,"Beef"
4298,65,"Beef"
4299,65,"Beef"
4301,65,"Beef"
4302,65,"Beef"
4303,65,"Beef"
4304,65,"Beef"
4305,65,"Beef"
4306,65,"Beef"
4307,65,"Beef"
4308,65,"Beef"
4309,65,"Beef"
4310,65,"Beef"
4311,65,"Beef"
4312,65,"Beef"
4313,65,"Beef"
4314,65,"Beef"
4315,65,"Beef"
4571,65,"Beef"
4572,65,"Beef"
4574,65,"Beef"
4575,65,"Beef"
4576,65,"Beef"
4577,65,"Beef"
4578,65,"Beef"
4430,65,"Beef"
4431,65,"Beef"
4594,65,"Beef"
4598,65,"Beef"
4600,65,"Beef"
4445,65,"Beef"
4327,65,"Beef"
4328,65,"Beef"
4687,65,"Beef"
4329,65,"Beef"
4688,65,"Beef"
4330,65,"Beef"
4689,65,"Beef"
4331,65,"Beef"
4690,65,"Beef"
4332,65,"Beef"
4691,65,"Beef"
4333,65,"Beef"
4692,65,"Beef"
4334,65,"Beef"
4693,65,"Beef"
4335,65,"Beef"
4694,65,"Beef"
4336,65,"Beef"
4695,65,"Beef"
4337,65,"Beef"
4696,65,"Beef"
4338,65,"Beef"
4449,65,"Beef"
4697,65,"Beef"
4438,65,"Beef"
4601,65,"Beef"
4439,65,"Beef"
4602,65,"Beef"
4440,65,"Beef"
2767,65,"Beef"
2768,65,"Beef"
2769,65,"Beef"
2770,65,"Beef"
2771,65,"Beef"
2772,65,"Beef"
2773,65,"Beef"
2774,65,"Beef"
2775,65,"Beef"
2776,65,"Beef"
2777,65,"Beef"
2778,65,"Beef"
4441,65,"Beef"
2794,65,"Beef"
2796,65,"Beef"
2798,65,"Beef"
2800,65,"Beef"
2802,65,"Beef"
2804,65,"Beef"
17789,65,"Beef"
17790,65,"Beef"
17562,65,"Beef"
17796,65,"Beef"
17572,65,"Beef"
17573,65,"Beef"
17574,65,"Beef"
17575,65,"Beef"
17576,65,"Beef"
17799,65,"Beef"
17800,65,"Beef"
17590,65,"Beef"
17559,65,"Beef"
17561,65,"Beef"
17564,65,"Beef"
17563,65,"Beef"
17801,65,"Beef"
17777,65,"Beef"
4670,65,"Beef"
4444,65,"Beef"
4442,65,"Beef"
4684,65,"Beef"
4326,65,"Beef"
4685,65,"Beef"
4443,65,"Beef"
14082,65,"Beef"
12375,65,"Beef"
12376,65,"Beef"
17567,65,"Beef"
17570,65,"Beef"
17571,65,"Beef"
17782,65,"Beef"
17792,65,"Beef"
17819,65,"Beef"
12035,65,"Beef"
14193,65,"Beef"
17722,65,"Beef"
17723,65,"Beef"
17724,65,"Beef"
17725,65,"Beef"
17818,65,"Beef"
12377,65,"Beef"
12378,65,"Beef"
12379,65,"Beef"
12380,65,"Beef"
12589,65,"Beef"
12590,65,"Beef"
12597,65,"Beef"
12384,65,"Beef"
12393,65,"Beef"
12394,65,"Beef"
12395,65,"Beef"
12396,65,"Beef"
12405,65,"Beef"
12413,65,"Beef"
12031,65,"Beef"
12032,65,"Beef"
12033,65,"Beef"
12034,65,"Beef"
12372,65,"Beef"
12373,65,"Beef"
12385,65,"Beef"
12598,65,"Beef"
4368,65,"Beef"
4628,65,"Beef"
4367,65,"Beef"
4663,65,"Beef"
12038,65,"Beef"
12040,65,"Beef"
12041,65,"Beef"
12048,65,"Beef"
12049,65,"Beef"
12307,65,"Beef"
12308,65,"Beef"
12309,65,"Beef"
12310,65,"Beef"
12311,65,"Beef"
12312,65,"Beef"
12313,65,"Beef"
12314,65,"Beef"
12315,65,"Beef"
12316,65,"Beef"
12317,65,"Beef"
12318,65,"Beef"
12319,65,"Beef"
12528,65,"Beef"
12534,65,"Beef"
12535,65,"Beef"
12036,65,"Beef"
12530,65,"Beef"
17771,65,"Beef"
22571,65,"Beef"
22572,65,"Beef"
22573,65,"Beef"
13714,65,"Beef"
13504,65,"Beef"
13761,65,"Beef"
13762,65,"Beef"
13763,65,"Beef"
13764,65,"Beef"
13765,65,"Beef"
13767,65,"Beef"
14089,65,"Beef"
14093,65,"Beef"
14105,65,"Beef"
14106,65,"Beef"
14107,65,"Beef"
14108,65,"Beef"
14109,65,"Beef"
14112,65,"Beef"
14113,65,"Beef"
14114,65,"Beef"
14115,65,"Beef"
14116,65,"Beef"
14117,65,"Beef"
14118,65,"Beef"
14119,65,"Beef"
14124,65,"Beef"
14125,65,"Beef"
14127,65,"Beef"
14140,65,"Beef"
17720,65,"Beef"
14191,65,"Beef"
17719,65,"Beef"
17721,65,"Beef"
17727,65,"Beef"
17728,65,"Beef"
17729,65,"Beef"
17730,65,"Beef"
17731,65,"Beef"
17524,65,"Beef"
17565,65,"Beef"
17767,65,"Beef"
17768,65,"Beef"
17769,65,"Beef"
17770,65,"Beef"
17568,65,"Beef"
17786,65,"Beef"
17791,65,"Beef"
17793,65,"Beef"
17794,65,"Beef"
17795,65,"Beef"
17528,65,"Beef"
17529,65,"Beef"
17531,65,"Beef"
17532,65,"Beef"
17534,65,"Beef"
17535,65,"Beef"
17734,65,"Beef"
17737,65,"Beef"
17739,65,"Beef"
17740,65,"Beef"
17741,65,"Beef"
17742,65,"Beef"
17743,65,"Beef"
17744,65,"Beef"
17745,65,"Beef"
17746,65,"Beef"
17747,65,"Beef"
17761,65,"Beef"
17762,65,"Beef"
17763,65,"Beef"
17764,65,"Beef"
17766,65,"Beef"
14190,65,"Beef"
14192,65,"Beef"
13706,65,"Beef"
13713,65,"Beef"
13514,65,"Beef"
13515,65,"Beef"
13519,65,"Beef"
13520,65,"Beef"
13521,65,"Beef"
13522,65,"Beef"
13523,65,"Beef"
13524,65,"Beef"
13525,65,"Beef"
13526,65,"Beef"
13715,65,"Beef"
13716,65,"Beef"
13717,65,"Beef"
13718,65,"Beef"
13719,65,"Beef"
13722,65,"Beef"
13723,65,"Beef"
13724,65,"Beef"
13725,65,"Beef"
13726,65,"Beef"
13745,65,"Beef"
13746,65,"Beef"
13747,65,"Beef"
13748,65,"Beef"
13527,65,"Beef"
13528,65,"Beef"
13529,65,"Beef"
13530,65,"Beef"
13531,65,"Beef"
13532,65,"Beef"
13534,65,"Beef"
13535,65,"Beef"
13536,65,"Beef"
13537,65,"Beef"
13538,65,"Beef"
13539,65,"Beef"
13540,65,"Beef"
13541,65,"Beef"
13542,65,"Beef"
13543,65,"Beef"
13544,65,"Beef"
13545,65,"Beef"
13546,65,"Beef"
13547,65,"Beef"
13548,65,"Beef"
13749,65,"Beef"
13750,65,"Beef"
13751,65,"Beef"
13752,65,"Beef"
13758,65,"Beef"
13759,65,"Beef"
14226,65,"Beef"
17787,65,"Beef"
16992,65,"Beef"
16993,65,"Beef"
16739,65,"Beef"
16743,65,"Beef"
16744,65,"Beef"
16780,65,"Beef"
16781,65,"Beef"
16783,65,"Beef"
16782,65,"Beef"
15741,65,"Beef"
15831,65,"Beef"
15832,65,"Beef"
16023,65,"Beef"
15769,65,"Beef"
15771,65,"Beef"
15777,65,"Beef"
15770,65,"Beef"
16819,65,"Beef"
17042,65,"Beef"
17046,65,"Beef"
17047,65,"Beef"
15772,65,"Beef"
15773,65,"Beef"
15774,65,"Beef"
15775,65,"Beef"
15778,65,"Beef"
15779,65,"Beef"
15780,65,"Beef"
15782,65,"Beef"
15783,65,"Beef"
15784,65,"Beef"
15787,65,"Beef"
15788,65,"Beef"
15789,65,"Beef"
15790,65,"Beef"
15791,65,"Beef"
15792,65,"Beef"
15793,65,"Beef"
15794,65,"Beef"
15795,65,"Beef"
15796,65,"Beef"
15797,65,"Beef"
15798,65,"Beef"
15799,65,"Beef"
15800,65,"Beef"
15803,65,"Beef"
15804,65,"Beef"
15807,65,"Beef"
15808,65,"Beef"
15810,65,"Beef"
15811,65,"Beef"
15812,65,"Beef"
15816,65,"Beef"
15817,65,"Beef"
15818,65,"Beef"
15819,65,"Beef"
15820,65,"Beef"
15565,65,"Beef"
15566,65,"Beef"
15567,65,"Beef"
15569,65,"Beef"
15825,65,"Beef"
16024,65,"Beef"
16025,65,"Beef"
16026,65,"Beef"
16027,65,"Beef"
17579,65,"Beef"
17580,65,"Beef"
17804,65,"Beef"
17805,65,"Beef"
17011,65,"Beef"
17012,65,"Beef"
15763,65,"Beef"
16741,65,"Beef"
16745,65,"Beef"
16994,65,"Beef"
17072,65,"Beef"
16818,65,"Beef"
16816,65,"Beef"
7899,65,"Beef"
15483,65,"Beef"
17064,65,"Beef"
16838,65,"Beef"
17065,65,"Beef"
17066,65,"Beef"
15499,65,"Beef"
15253,65,"Beef"
17756,65,"Beef"
13734,65,"Beef"
13735,65,"Beef"
13738,65,"Beef"
17757,65,"Beef"
17758,65,"Beef"
17759,65,"Beef"
17539,65,"Beef"
17540,65,"Beef"
17541,65,"Beef"
17542,65,"Beef"
17543,65,"Beef"
17544,65,"Beef"
17545,65,"Beef"
17546,65,"Beef"
17547,65,"Beef"
17548,65,"Beef"
17549,65,"Beef"
17550,65,"Beef"
17552,65,"Beef"
17554,65,"Beef"
13739,65,"Beef"
13740,65,"Beef"
13741,65,"Beef"
13733,65,"Beef"
13736,65,"Beef"
13737,65,"Beef"
13742,65,"Beef"
14179,65,"Beef"
13807,65,"Beef"
13809,65,"Beef"
13810,65,"Beef"
13811,65,"Beef"
13812,65,"Beef"
13826,65,"Beef"
13827,65,"Beef"
13828,65,"Beef"
13831,65,"Beef"
13533,65,"Beef"
13502,65,"Beef"
13503,65,"Beef"
13698,65,"Beef"
13699,65,"Beef"
13712,65,"Beef"
13707,65,"Beef"
13708,65,"Beef"
13709,65,"Beef"
13710,65,"Beef"
13711,65,"Beef"
13505,65,"Beef"
13506,65,"Beef"
13507,65,"Beef"
13508,65,"Beef"
13509,65,"Beef"
13720,65,"Beef"
13721,65,"Beef"
13728,65,"Beef"
13729,65,"Beef"
13730,65,"Beef"
13731,65,"Beef"
13732,65,"Beef"
13772,65,"Beef"
13779,65,"Beef"
13780,65,"Beef"
13549,65,"Beef"
14100,65,"Beef"
14104,65,"Beef"
14090,65,"Beef"
14091,65,"Beef"
14186,65,"Beef"
14187,65,"Beef"
13753,65,"Beef"
13754,65,"Beef"
13755,65,"Beef"
13756,65,"Beef"
13757,65,"Beef"
14202,65,"Beef"
14203,65,"Beef"
14204,65,"Beef"
14205,65,"Beef"
14207,65,"Beef"
14221,65,"Beef"
14222,65,"Beef"
17732,65,"Beef"
17772,65,"Beef"
17773,65,"Beef"
17775,65,"Beef"
17778,65,"Beef"
17779,65,"Beef"
17780,65,"Beef"
17781,65,"Beef"
17569,65,"Beef"
17518,65,"Beef"
17558,65,"Beef"
17776,65,"Beef"
22587,65,"Beef"
22592,65,"Beef"
22593,65,"Beef"
22596,65,"Beef"
22605,65,"Beef"
22606,65,"Beef"
22832,65,"Beef"
22833,65,"Beef"
22834,65,"Beef"
22616,65,"Beef"
22617,65,"Beef"
22619,65,"Beef"
14188,65,"Beef"
14189,65,"Beef"
17536,65,"Beef"
17735,65,"Beef"
17736,65,"Beef"
17738,65,"Beef"
17748,65,"Beef"
17749,65,"Beef"
17750,65,"Beef"
17751,65,"Beef"
17753,65,"Beef"
17754,65,"Beef"
17755,65,"Beef"
17760,65,"Beef"
13743,65,"Beef"
17765,65,"Beef"
22621,65,"Beef"
22618,65,"Beef"
22615,65,"Beef"
7857,65,"Beef"
7944,65,"Beef"
7945,65,"Beef"
7946,65,"Beef"
7359,65,"Beef"
7360,65,"Beef"
11900,65,"Beef"
12130,65,"Beef"
12133,65,"Beef"
12134,65,"Beef"
22282,65,"Beef"
22283,65,"Beef"
22546,65,"Beef"
22738,65,"Beef"
22739,65,"Beef"
22542,65,"Beef"
22701,65,"Beef"
22702,65,"Beef"
22713,65,"Beef"
22715,65,"Beef"
22716,65,"Beef"
22728,65,"Beef"
15501,65,"Beef"
15502,65,"Beef"
15496,65,"Beef"
15495,65,"Beef"
15500,65,"Beef"
15250,65,"Beef"
15251,65,"Beef"
15505,65,"Beef"
15506,65,"Beef"
15507,65,"Beef"
15508,65,"Beef"
15514,65,"Beef"
15515,65,"Beef"
15519,65,"Beef"
15522,65,"Beef"
15523,65,"Beef"
22464,65,"Beef"
22465,65,"Beef"
15248,65,"Beef"
15261,65,"Beef"
15582,65,"Beef"
15585,65,"Beef"
15586,65,"Beef"
15587,65,"Beef"
15588,65,"Beef"
15599,65,"Beef"
15600,65,"Beef"
15604,65,"Beef"
15605,65,"Beef"
15606,65,"Beef"
15548,65,"Beef"
15551,65,"Beef"
15552,65,"Beef"
15553,65,"Beef"
15554,65,"Beef"
15555,65,"Beef"
15558,65,"Beef"
15560,65,"Beef"
15561,65,"Beef"
15593,65,"Beef"
15594,65,"Beef"
15597,65,"Beef"
15598,65,"Beef"
15601,65,"Beef"
15602,65,"Beef"
15603,65,"Beef"
15608,65,"Beef"
15610,65,"Beef"
15612,65,"Beef"
15614,65,"Beef"
16839,65,"Beef"
16840,65,"Beef"
16841,65,"Beef"
16842,65,"Beef"
16843,65,"Beef"
16844,65,"Beef"
16845,65,"Beef"
16846,65,"Beef"
16847,65,"Beef"
16848,65,"Beef"
16849,65,"Beef"
16850,65,"Beef"
16851,65,"Beef"
16852,65,"Beef"
16853,65,"Beef"
16854,65,"Beef"
16855,65,"Beef"
16857,65,"Beef"
15607,65,"Beef"
15609,65,"Beef"
15611,65,"Beef"
15613,65,"Beef"
15615,65,"Beef"
15617,65,"Beef"
15618,65,"Beef"
15619,65,"Beef"
15620,65,"Beef"
15621,65,"Beef"
15622,65,"Beef"
15623,65,"Beef"
15624,65,"Beef"
15625,65,"Beef"
15626,65,"Beef"
15627,65,"Beef"
15628,65,"Beef"
15629,65,"Beef"
15630,65,"Beef"
15631,65,"Beef"
15632,65,"Beef"
15633,65,"Beef"
15634,65,"Beef"
15260,65,"Beef"
15529,65,"Beef"
15590,65,"Beef"
22463,65,"Beef"
15264,65,"Beef"
15265,65,"Beef"
15266,65,"Beef"
15267,65,"Beef"
15268,65,"Beef"
15270,65,"Beef"
15275,65,"Beef"
15276,65,"Beef"
15277,65,"Beef"
15281,65,"Beef"
15530,65,"Beef"
15531,65,"Beef"
15532,65,"Beef"
15533,65,"Beef"
15534,65,"Beef"
15535,65,"Beef"
15536,65,"Beef"
15537,65,"Beef"
15538,65,"Beef"
15539,65,"Beef"
22466,65,"Beef"
15526,65,"Beef"
15488,65,"Beef"
15489,65,"Beef"
15490,65,"Beef"
15491,65,"Beef"
15521,65,"Beef"
15252,65,"Beef"
15254,65,"Beef"
15255,65,"Beef"
15256,65,"Beef"
15257,65,"Beef"
15258,65,"Beef"
15259,65,"Beef"
16804,65,"Beef"
15524,65,"Beef"
15525,65,"Beef"
15571,65,"Beef"
15575,65,"Beef"
15576,65,"Beef"
15283,65,"Beef"
15285,65,"Beef"
15286,65,"Beef"
15288,65,"Beef"
15528,65,"Beef"
15570,65,"Beef"
15563,65,"Beef"
15577,65,"Beef"
15578,65,"Beef"
15579,65,"Beef"
15581,65,"Beef"
22208,65,"Beef"
22211,65,"Beef"
22220,65,"Beef"
22221,65,"Beef"
22222,65,"Beef"
22223,65,"Beef"
22224,65,"Beef"
22230,65,"Beef"
22468,65,"Beef"
22469,65,"Beef"
22476,65,"Beef"
22477,65,"Beef"
22478,65,"Beef"
22479,65,"Beef"
22480,65,"Beef"
22481,65,"Beef"
22482,65,"Beef"
22484,65,"Beef"
22485,65,"Beef"
22487,65,"Beef"
22231,65,"Beef"
16043,65,"Beef"
16046,65,"Beef"
16797,65,"Beef"
16799,65,"Beef"
17059,65,"Beef"
15527,65,"Beef"
22471,65,"Beef"
22233,65,"Beef"
22234,65,"Beef"
22235,65,"Beef"
22236,65,"Beef"
22238,65,"Beef"
22239,65,"Beef"
22241,65,"Beef"
22518,65,"Beef"
22268,65,"Beef"
15848,65,"Beef"
22232,65,"Beef"
22256,65,"Beef"
22513,65,"Beef"
22515,65,"Beef"
15580,65,"Beef"
22227,65,"Beef"
22228,65,"Beef"
22229,65,"Beef"
22470,65,"Beef"
22473,65,"Beef"
22474,65,"Beef"
22475,65,"Beef"
22486,65,"Beef"
22472,65,"Beef"
22237,65,"Beef"
22240,65,"Beef"
22250,65,"Beef"
22251,65,"Beef"
22252,65,"Beef"
22244,65,"Beef"
22516,65,"Beef"
22262,65,"Beef"
22517,65,"Beef"
22519,65,"Beef"
22242,65,"Beef"
22243,65,"Beef"
22521,65,"Beef"
22274,65,"Beef"
22740,65,"Beef"
13700,65,"Beef"
13701,65,"Beef"
13705,65,"Beef"
14094,65,"Beef"
14099,65,"Beef"
22273,65,"Beef"
22276,65,"Beef"
22245,65,"Beef"
22246,65,"Beef"
22247,65,"Beef"
22248,65,"Beef"
22249,65,"Beef"
22253,65,"Beef"
22254,65,"Beef"
22491,65,"Beef"
22492,65,"Beef"
22493,65,"Beef"
15847,65,"Beef"
22520,65,"Beef"
22523,65,"Beef"
22703,65,"Beef"
22591,65,"Beef"
22826,65,"Beef"
22667,65,"Beef"
22494,65,"Beef"
22495,65,"Beef"
22496,65,"Beef"
22497,65,"Beef"
22498,65,"Beef"
22499,65,"Beef"
22500,65,"Beef"
22501,65,"Beef"
22502,65,"Beef"
22503,65,"Beef"
22504,65,"Beef"
22505,65,"Beef"
22506,65,"Beef"
22507,65,"Beef"
22508,65,"Beef"
22509,65,"Beef"
22257,65,"Beef"
22258,65,"Beef"
22259,65,"Beef"
22260,65,"Beef"
22261,65,"Beef"
22263,65,"Beef"
22264,65,"Beef"
22265,65,"Beef"
22266,65,"Beef"
22267,65,"Beef"
22510,65,"Beef"
22511,65,"Beef"
22512,65,"Beef"
22275,65,"Beef"
22277,65,"Beef"
22278,65,"Beef"
22525,65,"Beef"
22526,65,"Beef"
22528,65,"Beef"
22529,65,"Beef"
22530,65,"Beef"
22531,65,"Beef"
22532,65,"Beef"
22533,65,"Beef"
22534,65,"Beef"
22535,65,"Beef"
22706,65,"Beef"
22708,65,"Beef"
15511,65,"Beef"
15512,65,"Beef"
22707,65,"Beef"
22467,65,"Beef"
22210,65,"Beef"
15513,65,"Beef"
15761,65,"Beef"
15828,65,"Beef"
15756,65,"Beef"
15746,65,"Beef"
15747,65,"Beef"
15748,65,"Beef"
15749,65,"Beef"
15750,65,"Beef"
15751,65,"Beef"
15752,65,"Beef"
16018,65,"Beef"
16019,65,"Beef"
16020,65,"Beef"
15743,65,"Beef"
16742,65,"Beef"
16015,65,"Beef"
16016,65,"Beef"
16017,65,"Beef"
15742,65,"Beef"
16013,65,"Beef"
17784,65,"Beef"
17820,65,"Beef"
17586,65,"Beef"
15711,65,"Beef"
15732,65,"Beef"
15734,65,"Beef"
15569,81,"Fruit"
15824,81,"Fruit"
16797,81,"Fruit"
16800,81,"Fruit"
12036,81,"Fruit"
12037,81,"Fruit"
12038,81,"Fruit"
12039,81,"Fruit"
12319,81,"Fruit"
12321,81,"Fruit"
12323,81,"Fruit"
12568,81,"Fruit"
12369,81,"Fruit"
12320,81,"Fruit"
12379,81,"Fruit"
12380,81,"Fruit"
12589,81,"Fruit"
12590,81,"Fruit"
12591,81,"Fruit"
12594,81,"Fruit"
12406,81,"Fruit"
12595,81,"Fruit"
12529,81,"Fruit"
12530,81,"Fruit"
12040,81,"Fruit"
12041,81,"Fruit"
12048,81,"Fruit"
12317,81,"Fruit"
12528,81,"Fruit"
12531,81,"Fruit"
12534,81,"Fruit"
12535,81,"Fruit"
17565,81,"Fruit"
17727,81,"Fruit"
17729,81,"Fruit"
17730,81,"Fruit"
17770,81,"Fruit"
17566,81,"Fruit"
17568,81,"Fruit"
17726,81,"Fruit"
17728,81,"Fruit"
17537,81,"Fruit"
17538,81,"Fruit"
17733,81,"Fruit"
17734,81,"Fruit"
17567,81,"Fruit"
17725,81,"Fruit"
17782,81,"Fruit"
17784,81,"Fruit"
17785,81,"Fruit"
17787,81,"Fruit"
17791,81,"Fruit"
17792,81,"Fruit"
13519,81,"Fruit"
13719,81,"Fruit"
13720,81,"Fruit"
13721,81,"Fruit"
13732,81,"Fruit"
13707,81,"Fruit"
13708,81,"Fruit"
13710,81,"Fruit"
13714,81,"Fruit"
13731,81,"Fruit"
17739,81,"Fruit"
17740,81,"Fruit"
14179,81,"Fruit"
14189,81,"Fruit"
13807,81,"Fruit"
13809,81,"Fruit"
13826,81,"Fruit"
13828,81,"Fruit"
13831,81,"Fruit"
13753,81,"Fruit"
13759,81,"Fruit"
14222,81,"Fruit"
14226,81,"Fruit"
17524,81,"Fruit"
17526,81,"Fruit"
17527,81,"Fruit"
17536,81,"Fruit"
17735,81,"Fruit"
17736,81,"Fruit"
17737,81,"Fruit"
17738,81,"Fruit"
17745,81,"Fruit"
17761,81,"Fruit"
17748,81,"Fruit"
17749,81,"Fruit"
17750,81,"Fruit"
17760,81,"Fruit"
15559,81,"Fruit"
15561,81,"Fruit"
15601,81,"Fruit"
15554,81,"Fruit"
15603,81,"Fruit"
15604,81,"Fruit"
15605,81,"Fruit"
15606,81,"Fruit"
15612,81,"Fruit"
15613,81,"Fruit"
15602,81,"Fruit"
16798,81,"Fruit"
22255,81,"Fruit"
22262,81,"Fruit"
22514,81,"Fruit"
22269,81,"Fruit"
22270,81,"Fruit"
22271,81,"Fruit"
22272,81,"Fruit"
17821,81,"Fruit"
7856,70,"Veges"
7858,70,"Veges"
7281,70,"Veges"
7283,70,"Veges"
22835,70,"Veges"
7857,70,"Veges"
7944,70,"Veges"
11621,70,"Veges"
11900,70,"Veges"
22536,70,"Veges"
22709,70,"Veges"
22827,70,"Veges"
22830,70,"Veges"
22601,70,"Veges"
22602,70,"Veges"
22281,70,"Veges"
22538,70,"Veges"
22712,70,"Veges"
22828,70,"Veges"
22616,70,"Veges"
22615,70,"Veges"
22714,70,"Veges"
22716,70,"Veges"
22566,70,"Veges"
22567,70,"Veges"
22790,70,"Veges"
22804,70,"Veges"
22805,70,"Veges"
22806,70,"Veges"
22807,70,"Veges"
22568,70,"Veges"
22569,70,"Veges"
22570,70,"Veges"
22571,70,"Veges"
22572,70,"Veges"
22573,70,"Veges"
22574,70,"Veges"
22740,70,"Veges"
22741,70,"Veges"
22742,70,"Veges"
13502,70,"Veges"
13503,70,"Veges"
13760,70,"Veges"
14094,70,"Veges"
14095,70,"Veges"
14096,70,"Veges"
14097,70,"Veges"
14098,70,"Veges"
14099,70,"Veges"
14100,70,"Veges"
14101,70,"Veges"
14102,70,"Veges"
14103,70,"Veges"
14104,70,"Veges"
22752,70,"Veges"
22764,70,"Veges"
22767,70,"Veges"
22556,70,"Veges"
22557,70,"Veges"
22788,70,"Veges"
22549,70,"Veges"
22554,70,"Veges"
22555,70,"Veges"
22743,70,"Veges"
22744,70,"Veges"
22745,70,"Veges"
22746,70,"Veges"
22748,70,"Veges"
22782,70,"Veges"
22783,70,"Veges"
22784,70,"Veges"
22785,70,"Veges"
22786,70,"Veges"
22787,70,"Veges"
22548,70,"Veges"
22552,70,"Veges"
22553,70,"Veges"
22562,70,"Veges"
22563,70,"Veges"
22564,70,"Veges"
22565,70,"Veges"
22586,70,"Veges"
22587,70,"Veges"
22589,70,"Veges"
22590,70,"Veges"
22588,70,"Veges"
22592,70,"Veges"
22597,70,"Veges"
22825,70,"Veges"
22604,70,"Veges"
22605,70,"Veges"
22606,70,"Veges"
22833,70,"Veges"
22599,70,"Veges"
22603,70,"Veges"
22608,70,"Veges"
22609,70,"Veges"
22610,70,"Veges"
22611,70,"Veges"
22612,70,"Veges"
22614,70,"Veges"
22613,70,"Veges"
22268,70,"Veges"
16043,70,"Veges"
16044,70,"Veges"
17058,70,"Veges"
15995,70,"Veges"
15996,70,"Veges"
16797,70,"Veges"
17786,70,"Veges"
17788,70,"Veges"
17571,70,"Veges"
17782,70,"Veges"
17783,70,"Veges"
17784,70,"Veges"
17792,70,"Veges"
17820,70,"Veges"
12378,70,"Veges"
12379,70,"Veges"
12589,70,"Veges"
12394,70,"Veges"
12395,70,"Veges"
12405,70,"Veges"
12031,70,"Veges"
12032,70,"Veges"
12033,70,"Veges"
12034,70,"Veges"
12035,70,"Veges"
12036,70,"Veges"
12037,70,"Veges"
12530,70,"Veges"
12372,70,"Veges"
12373,70,"Veges"
12376,70,"Veges"
12323,70,"Veges"
14082,70,"Veges"
12590,70,"Veges"
12591,70,"Veges"
12594,70,"Veges"
12595,70,"Veges"
12596,70,"Veges"
12597,70,"Veges"
12598,70,"Veges"
12384,70,"Veges"
12385,70,"Veges"
12375,70,"Veges"
12377,70,"Veges"
17821,70,"Veges"
17735,70,"Veges"
17736,70,"Veges"
17787,70,"Veges"
17789,70,"Veges"
17790,70,"Veges"
17791,70,"Veges"
17794,70,"Veges"
17795,70,"Veges"
17732,70,"Veges"
17559,70,"Veges"
17563,70,"Veges"
17564,70,"Veges"
17771,70,"Veges"
17772,70,"Veges"
17773,70,"Veges"
17774,70,"Veges"
17775,70,"Veges"
17776,70,"Veges"
17777,70,"Veges"
17778,70,"Veges"
17779,70,"Veges"
17780,70,"Veges"
17781,70,"Veges"
17572,70,"Veges"
17768,70,"Veges"
17770,70,"Veges"
17566,70,"Veges"
17568,70,"Veges"
17728,70,"Veges"
17567,70,"Veges"
17726,70,"Veges"
17727,70,"Veges"
17536,70,"Veges"
17537,70,"Veges"
17538,70,"Veges"
17734,70,"Veges"
17737,70,"Veges"
14192,70,"Veges"
14193,70,"Veges"
17722,70,"Veges"
15820,70,"Veges"
15566,70,"Veges"
17756,70,"Veges"
13527,70,"Veges"
13529,70,"Veges"
13530,70,"Veges"
13706,70,"Veges"
13719,70,"Veges"
13720,70,"Veges"
13721,70,"Veges"
13732,70,"Veges"
13713,70,"Veges"
13714,70,"Veges"
13519,70,"Veges"
13522,70,"Veges"
13523,70,"Veges"
13524,70,"Veges"
13525,70,"Veges"
13531,70,"Veges"
13532,70,"Veges"
17739,70,"Veges"
13935,70,"Veges"
13937,70,"Veges"
13946,70,"Veges"
13950,70,"Veges"
14179,70,"Veges"
14180,70,"Veges"
14181,70,"Veges"
14189,70,"Veges"
14223,70,"Veges"
17519,70,"Veges"
17520,70,"Veges"
17521,70,"Veges"
17522,70,"Veges"
17523,70,"Veges"
17526,70,"Veges"
17528,70,"Veges"
17529,70,"Veges"
17530,70,"Veges"
17532,70,"Veges"
17533,70,"Veges"
17535,70,"Veges"
17764,70,"Veges"
17765,70,"Veges"
17766,70,"Veges"
17555,70,"Veges"
17556,70,"Veges"
17557,70,"Veges"
14191,70,"Veges"
17740,70,"Veges"
14226,70,"Veges"
17761,70,"Veges"
15261,70,"Veges"
15282,70,"Veges"
15529,70,"Veges"
22463,70,"Veges"
22467,70,"Veges"
22209,70,"Veges"
22210,70,"Veges"
15528,70,"Veges"
15582,70,"Veges"
15584,70,"Veges"
15599,70,"Veges"
22231,70,"Veges"
22501,70,"Veges"
22256,70,"Veges"
22258,70,"Veges"
22260,70,"Veges"
22261,70,"Veges"
22263,70,"Veges"
22267,70,"Veges"
22510,70,"Veges"
22511,70,"Veges"
22512,70,"Veges"
22275,70,"Veges"
22520,70,"Veges"
15997,70,"Veges"
22518,70,"Veges"
22523,70,"Veges"
22525,70,"Veges"
22533,70,"Veges"
22703,70,"Veges"
22259,70,"Veges"
22277,70,"Veges"
22278,70,"Veges"
22522,70,"Veges"
22524,70,"Veges"
22526,70,"Veges"
22527,70,"Veges"
22528,70,"Veges"
22529,70,"Veges"
22534,70,"Veges"
22535,70,"Veges"
22541,70,"Veges"
22704,70,"Veges"
22705,70,"Veges"
22706,70,"Veges"
22707,70,"Veges"
22747,70,"Veges"
22750,70,"Veges"
22751,70,"Veges"
22753,70,"Veges"
22755,70,"Veges"
22756,70,"Veges"
22757,70,"Veges"
22758,70,"Veges"
22759,70,"Veges"
22760,70,"Veges"
22765,70,"Veges"
22766,70,"Veges"
22768,70,"Veges"
22769,70,"Veges"
22770,70,"Veges"
22771,70,"Veges"
22772,70,"Veges"
22773,70,"Veges"
22774,70,"Veges"
22775,70,"Veges"
22776,70,"Veges"
22777,70,"Veges"
22778,70,"Veges"
22779,70,"Veges"
22780,70,"Veges"
22781,70,"Veges"
22547,70,"Veges"
22550,70,"Veges"
22551,70,"Veges"
22558,70,"Veges"
22559,70,"Veges"
22560,70,"Veges"
22561,70,"Veges"
22600,70,"Veges"
22817,70,"Veges"
22818,70,"Veges"
22819,70,"Veges"
22820,70,"Veges"
22822,70,"Veges"
22823,70,"Veges"
22824,70,"Veges"
22826,70,"Veges"
22668,70,"Veges"
22669,70,"Veges"
22670,70,"Veges"
22754,70,"Veges"
22749,70,"Veges"
12528,70,"Veges"
12529,70,"Veges"
7856,67,"Veges"
7858,67,"Veges"
7281,67,"Veges"
7283,67,"Veges"
22835,67,"Veges"
7857,67,"Veges"
7944,67,"Veges"
11621,67,"Veges"
11900,67,"Veges"
22536,67,"Veges"
22709,67,"Veges"
22827,67,"Veges"
22830,67,"Veges"
22601,67,"Veges"
22602,67,"Veges"
22281,67,"Veges"
22538,67,"Veges"
22712,67,"Veges"
22828,67,"Veges"
22616,67,"Veges"
22615,67,"Veges"
22714,67,"Veges"
22716,67,"Veges"
22566,67,"Veges"
22567,67,"Veges"
22790,67,"Veges"
22804,67,"Veges"
22805,67,"Veges"
22806,67,"Veges"
22807,67,"Veges"
22568,67,"Veges"
22569,67,"Veges"
22570,67,"Veges"
22571,67,"Veges"
22572,67,"Veges"
22573,67,"Veges"
22574,67,"Veges"
22740,67,"Veges"
22741,67,"Veges"
22742,67,"Veges"
13502,67,"Veges"
13503,67,"Veges"
13760,67,"Veges"
14094,67,"Veges"
14095,67,"Veges"
14096,67,"Veges"
14097,67,"Veges"
14098,67,"Veges"
14099,67,"Veges"
14100,67,"Veges"
14101,67,"Veges"
14102,67,"Veges"
14103,67,"Veges"
14104,67,"Veges"
22752,67,"Veges"
22764,67,"Veges"
22767,67,"Veges"
22556,67,"Veges"
22557,67,"Veges"
22788,67,"Veges"
22549,67,"Veges"
22554,67,"Veges"
22555,67,"Veges"
22743,67,"Veges"
22744,67,"Veges"
22745,67,"Veges"
22746,67,"Veges"
22748,67,"Veges"
22782,67,"Veges"
22783,67,"Veges"
22784,67,"Veges"
22785,67,"Veges"
22786,67,"Veges"
22787,67,"Veges"
22548,67,"Veges"
22552,67,"Veges"
22553,67,"Veges"
22562,67,"Veges"
22563,67,"Veges"
22564,67,"Veges"
22565,67,"Veges"
22586,67,"Veges"
22587,67,"Veges"
22589,67,"Veges"
22590,67,"Veges"
22588,67,"Veges"
22592,67,"Veges"
22597,67,"Veges"
22825,67,"Veges"
22604,67,"Veges"
22605,67,"Veges"
22606,67,"Veges"
22833,67,"Veges"
22599,67,"Veges"
22603,67,"Veges"
22608,67,"Veges"
22609,67,"Veges"
22610,67,"Veges"
22611,67,"Veges"
22612,67,"Veges"
22614,67,"Veges"
22613,67,"Veges"
22268,67,"Veges"
16043,67,"Veges"
16044,67,"Veges"
17058,67,"Veges"
15995,67,"Veges"
15996,67,"Veges"
16797,67,"Veges"
17786,67,"Veges"
17788,67,"Veges"
17571,67,"Veges"
17782,67,"Veges"
17783,67,"Veges"
17784,67,"Veges"
17792,67,"Veges"
17820,67,"Veges"
12378,67,"Veges"
12379,67,"Veges"
12589,67,"Veges"
12394,67,"Veges"
12395,67,"Veges"
12405,67,"Veges"
12031,67,"Veges"
12032,67,"Veges"
12033,67,"Veges"
12034,67,"Veges"
12035,67,"Veges"
12036,67,"Veges"
12037,67,"Veges"
12530,67,"Veges"
12372,67,"Veges"
12373,67,"Veges"
12376,67,"Veges"
12323,67,"Veges"
14082,67,"Veges"
12590,67,"Veges"
12591,67,"Veges"
12594,67,"Veges"
12595,67,"Veges"
12596,67,"Veges"
12597,67,"Veges"
12598,67,"Veges"
12384,67,"Veges"
12385,67,"Veges"
12375,67,"Veges"
12377,67,"Veges"
17821,67,"Veges"
17735,67,"Veges"
17736,67,"Veges"
17787,67,"Veges"
17789,67,"Veges"
17790,67,"Veges"
17791,67,"Veges"
17794,67,"Veges"
17795,67,"Veges"
17732,67,"Veges"
17559,67,"Veges"
17563,67,"Veges"
17564,67,"Veges"
17771,67,"Veges"
17772,67,"Veges"
17773,67,"Veges"
17774,67,"Veges"
17775,67,"Veges"
17776,67,"Veges"
17777,67,"Veges"
17778,67,"Veges"
17779,67,"Veges"
17780,67,"Veges"
17781,67,"Veges"
17572,67,"Veges"
17768,67,"Veges"
17770,67,"Veges"
17566,67,"Veges"
17568,67,"Veges"
17728,67,"Veges"
17567,67,"Veges"
17726,67,"Veges"
17727,67,"Veges"
17536,67,"Veges"
17537,67,"Veges"
17538,67,"Veges"
17734,67,"Veges"
17737,67,"Veges"
14192,67,"Veges"
14193,67,"Veges"
17722,67,"Veges"
15820,67,"Veges"
15566,67,"Veges"
17756,67,"Veges"
13527,67,"Veges"
13529,67,"Veges"
13530,67,"Veges"
13706,67,"Veges"
13719,67,"Veges"
13720,67,"Veges"
13721,67,"Veges"
13732,67,"Veges"
13713,67,"Veges"
13714,67,"Veges"
13519,67,"Veges"
13522,67,"Veges"
13523,67,"Veges"
13524,67,"Veges"
13525,67,"Veges"
13531,67,"Veges"
13532,67,"Veges"
17739,67,"Veges"
13935,67,"Veges"
13937,67,"Veges"
13946,67,"Veges"
13950,67,"Veges"
14179,67,"Veges"
14180,67,"Veges"
14181,67,"Veges"
14189,67,"Veges"
14223,67,"Veges"
17519,67,"Veges"
17520,67,"Veges"
17521,67,"Veges"
17522,67,"Veges"
17523,67,"Veges"
17526,67,"Veges"
17528,67,"Veges"
17529,67,"Veges"
17530,67,"Veges"
17532,67,"Veges"
17533,67,"Veges"
17535,67,"Veges"
17764,67,"Veges"
17765,67,"Veges"
17766,67,"Veges"
17555,67,"Veges"
17556,67,"Veges"
17557,67,"Veges"
14191,67,"Veges"
17740,67,"Veges"
14226,67,"Veges"
17761,67,"Veges"
15261,67,"Veges"
15282,67,"Veges"
15529,67,"Veges"
22463,67,"Veges"
22467,67,"Veges"
22209,67,"Veges"
22210,67,"Veges"
15528,67,"Veges"
15582,67,"Veges"
15584,67,"Veges"
15599,67,"Veges"
22231,67,"Veges"
22501,67,"Veges"
22256,67,"Veges"
22258,67,"Veges"
22260,67,"Veges"
22261,67,"Veges"
22263,67,"Veges"
22267,67,"Veges"
22510,67,"Veges"
22511,67,"Veges"
22512,67,"Veges"
22275,67,"Veges"
22520,67,"Veges"
15997,67,"Veges"
22518,67,"Veges"
22523,67,"Veges"
22525,67,"Veges"
22533,67,"Veges"
22703,67,"Veges"
22259,67,"Veges"
22277,67,"Veges"
22278,67,"Veges"
22522,67,"Veges"
22524,67,"Veges"
22526,67,"Veges"
22527,67,"Veges"
22528,67,"Veges"
22529,67,"Veges"
22534,67,"Veges"
22535,67,"Veges"
22541,67,"Veges"
22704,67,"Veges"
22705,67,"Veges"
22706,67,"Veges"
22707,67,"Veges"
22747,67,"Veges"
22750,67,"Veges"
22751,67,"Veges"
22753,67,"Veges"
22755,67,"Veges"
22756,67,"Veges"
22757,67,"Veges"
22758,67,"Veges"
22759,67,"Veges"
22760,67,"Veges"
22765,67,"Veges"
22766,67,"Veges"
22768,67,"Veges"
22769,67,"Veges"
22770,67,"Veges"
22771,67,"Veges"
22772,67,"Veges"
22773,67,"Veges"
22774,67,"Veges"
22775,67,"Veges"
22776,67,"Veges"
22777,67,"Veges"
22778,67,"Veges"
22779,67,"Veges"
22780,67,"Veges"
22781,67,"Veges"
22547,67,"Veges"
22550,67,"Veges"
22551,67,"Veges"
22558,67,"Veges"
22559,67,"Veges"
22560,67,"Veges"
22561,67,"Veges"
22600,67,"Veges"
22817,67,"Veges"
22818,67,"Veges"
22819,67,"Veges"
22820,67,"Veges"
22822,67,"Veges"
22823,67,"Veges"
22824,67,"Veges"
22826,67,"Veges"
22668,67,"Veges"
22669,67,"Veges"
22670,67,"Veges"
22754,67,"Veges"
22749,67,"Veges"
12528,67,"Veges"
12529,67,"Veges"
7856,76,"Veges"
7858,76,"Veges"
7281,76,"Veges"
7283,76,"Veges"
22835,76,"Veges"
7857,76,"Veges"
7944,76,"Veges"
11621,76,"Veges"
11900,76,"Veges"
22536,76,"Veges"
22709,76,"Veges"
22827,76,"Veges"
22830,76,"Veges"
22601,76,"Veges"
22602,76,"Veges"
22281,76,"Veges"
22538,76,"Veges"
22712,76,"Veges"
22828,76,"Veges"
22616,76,"Veges"
22615,76,"Veges"
22714,76,"Veges"
22716,76,"Veges"
22566,76,"Veges"
22567,76,"Veges"
22790,76,"Veges"
22804,76,"Veges"
22805,76,"Veges"
22806,76,"Veges"
22807,76,"Veges"
22568,76,"Veges"
22569,76,"Veges"
22570,76,"Veges"
22571,76,"Veges"
22572,76,"Veges"
22573,76,"Veges"
22574,76,"Veges"
22740,76,"Veges"
22741,76,"Veges"
22742,76,"Veges"
13502,76,"Veges"
13503,76,"Veges"
13760,76,"Veges"
14094,76,"Veges"
14095,76,"Veges"
14096,76,"Veges"
14097,76,"Veges"
14098,76,"Veges"
14099,76,"Veges"
14100,76,"Veges"
14101,76,"Veges"
14102,76,"Veges"
14103,76,"Veges"
14104,76,"Veges"
22752,76,"Veges"
22764,76,"Veges"
22767,76,"Veges"
22556,76,"Veges"
22557,76,"Veges"
22788,76,"Veges"
22549,76,"Veges"
22554,76,"Veges"
22555,76,"Veges"
22743,76,"Veges"
22744,76,"Veges"
22745,76,"Veges"
22746,76,"Veges"
22748,76,"Veges"
22782,76,"Veges"
22783,76,"Veges"
22784,76,"Veges"
22785,76,"Veges"
22786,76,"Veges"
22787,76,"Veges"
22548,76,"Veges"
22552,76,"Veges"
22553,76,"Veges"
22562,76,"Veges"
22563,76,"Veges"
22564,76,"Veges"
22565,76,"Veges"
22586,76,"Veges"
22587,76,"Veges"
22589,76,"Veges"
22590,76,"Veges"
22588,76,"Veges"
22592,76,"Veges"
22597,76,"Veges"
22825,76,"Veges"
22604,76,"Veges"
22605,76,"Veges"
22606,76,"Veges"
22833,76,"Veges"
22599,76,"Veges"
22603,76,"Veges"
22608,76,"Veges"
22609,76,"Veges"
22610,76,"Veges"
22611,76,"Veges"
22612,76,"Veges"
22614,76,"Veges"
22613,76,"Veges"
22268,76,"Veges"
16043,76,"Veges"
16044,76,"Veges"
17058,76,"Veges"
15995,76,"Veges"
15996,76,"Veges"
16797,76,"Veges"
17786,76,"Veges"
17788,76,"Veges"
17571,76,"Veges"
17782,76,"Veges"
17783,76,"Veges"
17784,76,"Veges"
17792,76,"Veges"
17820,76,"Veges"
12378,76,"Veges"
12379,76,"Veges"
12589,76,"Veges"
12394,76,"Veges"
12395,76,"Veges"
12405,76,"Veges"
12031,76,"Veges"
12032,76,"Veges"
12033,76,"Veges"
12034,76,"Veges"
12035,76,"Veges"
12036,76,"Veges"
12037,76,"Veges"
12530,76,"Veges"
12372,76,"Veges"
12373,76,"Veges"
12376,76,"Veges"
12323,76,"Veges"
14082,76,"Veges"
12590,76,"Veges"
12591,76,"Veges"
12594,76,"Veges"
12595,76,"Veges"
12596,76,"Veges"
12597,76,"Veges"
12598,76,"Veges"
12384,76,"Veges"
12385,76,"Veges"
12375,76,"Veges"
12377,76,"Veges"
17821,76,"Veges"
17735,76,"Veges"
17736,76,"Veges"
17787,76,"Veges"
17789,76,"Veges"
17790,76,"Veges"
17791,76,"Veges"
17794,76,"Veges"
17795,76,"Veges"
17732,76,"Veges"
17559,76,"Veges"
17563,76,"Veges"
17564,76,"Veges"
17771,76,"Veges"
17772,76,"Veges"
17773,76,"Veges"
17774,76,"Veges"
17775,76,"Veges"
17776,76,"Veges"
17777,76,"Veges"
17778,76,"Veges"
17779,76,"Veges"
17780,76,"Veges"
17781,76,"Veges"
17572,76,"Veges"
17768,76,"Veges"
17770,76,"Veges"
17566,76,"Veges"
17568,76,"Veges"
17728,76,"Veges"
17567,76,"Veges"
17726,76,"Veges"
17727,76,"Veges"
17536,76,"Veges"
17537,76,"Veges"
17538,76,"Veges"
17734,76,"Veges"
17737,76,"Veges"
14192,76,"Veges"
14193,76,"Veges"
17722,76,"Veges"
15820,76,"Veges"
15566,76,"Veges"
17756,76,"Veges"
13527,76,"Veges"
13529,76,"Veges"
13530,76,"Veges"
13706,76,"Veges"
13719,76,"Veges"
13720,76,"Veges"
13721,76,"Veges"
13732,76,"Veges"
13713,76,"Veges"
13714,76,"Veges"
13519,76,"Veges"
13522,76,"Veges"
13523,76,"Veges"
13524,76,"Veges"
13525,76,"Veges"
13531,76,"Veges"
13532,76,"Veges"
17739,76,"Veges"
13935,76,"Veges"
13937,76,"Veges"
13946,76,"Veges"
13950,76,"Veges"
14179,76,"Veges"
14180,76,"Veges"
14181,76,"Veges"
14189,76,"Veges"
14223,76,"Veges"
17519,76,"Veges"
17520,76,"Veges"
17521,76,"Veges"
17522,76,"Veges"
17523,76,"Veges"
17526,76,"Veges"
17528,76,"Veges"
17529,76,"Veges"
17530,76,"Veges"
17532,76,"Veges"
17533,76,"Veges"
17535,76,"Veges"
17764,76,"Veges"
17765,76,"Veges"
17766,76,"Veges"
17555,76,"Veges"
17556,76,"Veges"
17557,76,"Veges"
14191,76,"Veges"
17740,76,"Veges"
14226,76,"Veges"
17761,76,"Veges"
15261,76,"Veges"
15282,76,"Veges"
15529,76,"Veges"
22463,76,"Veges"
22467,76,"Veges"
22209,76,"Veges"
22210,76,"Veges"
15528,76,"Veges"
15582,76,"Veges"
15584,76,"Veges"
15599,76,"Veges"
22231,76,"Veges"
22501,76,"Veges"
22256,76,"Veges"
22258,76,"Veges"
22260,76,"Veges"
22261,76,"Veges"
22263,76,"Veges"
22267,76,"Veges"
22510,76,"Veges"
22511,76,"Veges"
22512,76,"Veges"
22275,76,"Veges"
22520,76,"Veges"
15997,76,"Veges"
22518,76,"Veges"
22523,76,"Veges"
22525,76,"Veges"
22533,76,"Veges"
22703,76,"Veges"
22259,76,"Veges"
22277,76,"Veges"
22278,76,"Veges"
22522,76,"Veges"
22524,76,"Veges"
22526,76,"Veges"
22527,76,"Veges"
22528,76,"Veges"
22529,76,"Veges"
22534,76,"Veges"
22535,76,"Veges"
22541,76,"Veges"
22704,76,"Veges"
22705,76,"Veges"
22706,76,"Veges"
22707,76,"Veges"
22747,76,"Veges"
22750,76,"Veges"
22751,76,"Veges"
22753,76,"Veges"
22755,76,"Veges"
22756,76,"Veges"
22757,76,"Veges"
22758,76,"Veges"
22759,76,"Veges"
22760,76,"Veges"
22765,76,"Veges"
22766,76,"Veges"
22768,76,"Veges"
22769,76,"Veges"
22770,76,"Veges"
22771,76,"Veges"
22772,76,"Veges"
22773,76,"Veges"
22774,76,"Veges"
22775,76,"Veges"
22776,76,"Veges"
22777,76,"Veges"
22778,76,"Veges"
22779,76,"Veges"
22780,76,"Veges"
22781,76,"Veges"
22547,76,"Veges"
22550,76,"Veges"
22551,76,"Veges"
22558,76,"Veges"
22559,76,"Veges"
22560,76,"Veges"
22561,76,"Veges"
22600,76,"Veges"
22817,76,"Veges"
22818,76,"Veges"
22819,76,"Veges"
22820,76,"Veges"
22822,76,"Veges"
22823,76,"Veges"
22824,76,"Veges"
22826,76,"Veges"
22668,76,"Veges"
22669,76,"Veges"
22670,76,"Veges"
22754,76,"Veges"
22749,76,"Veges"
12528,76,"Veges"
12529,76,"Veges"
7856,68,"Veges"
7858,68,"Veges"
7281,68,"Veges"
7283,68,"Veges"
22835,68,"Veges"
7857,68,"Veges"
7944,68,"Veges"
11621,68,"Veges"
11900,68,"Veges"
22536,68,"Veges"
22709,68,"Veges"
22827,68,"Veges"
22830,68,"Veges"
22601,68,"Veges"
22602,68,"Veges"
22281,68,"Veges"
22538,68,"Veges"
22712,68,"Veges"
22828,68,"Veges"
22616,68,"Veges"
22615,68,"Veges"
22714,68,"Veges"
22716,68,"Veges"
22566,68,"Veges"
22567,68,"Veges"
22790,68,"Veges"
22804,68,"Veges"
22805,68,"Veges"
22806,68,"Veges"
22807,68,"Veges"
22568,68,"Veges"
22569,68,"Veges"
22570,68,"Veges"
22571,68,"Veges"
22572,68,"Veges"
22573,68,"Veges"
22574,68,"Veges"
22740,68,"Veges"
22741,68,"Veges"
22742,68,"Veges"
13502,68,"Veges"
13503,68,"Veges"
13760,68,"Veges"
14094,68,"Veges"
14095,68,"Veges"
14096,68,"Veges"
14097,68,"Veges"
14098,68,"Veges"
14099,68,"Veges"
14100,68,"Veges"
14101,68,"Veges"
14102,68,"Veges"
14103,68,"Veges"
14104,68,"Veges"
22752,68,"Veges"
22764,68,"Veges"
22767,68,"Veges"
22556,68,"Veges"
22557,68,"Veges"
22788,68,"Veges"
22549,68,"Veges"
22554,68,"Veges"
22555,68,"Veges"
22743,68,"Veges"
22744,68,"Veges"
22745,68,"Veges"
22746,68,"Veges"
22748,68,"Veges"
22782,68,"Veges"
22783,68,"Veges"
22784,68,"Veges"
22785,68,"Veges"
22786,68,"Veges"
22787,68,"Veges"
22548,68,"Veges"
22552,68,"Veges"
22553,68,"Veges"
22562,68,"Veges"
22563,68,"Veges"
22564,68,"Veges"
22565,68,"Veges"
22586,68,"Veges"
22587,68,"Veges"
22589,68,"Veges"
22590,68,"Veges"
22588,68,"Veges"
22592,68,"Veges"
22597,68,"Veges"
22825,68,"Veges"
22604,68,"Veges"
22605,68,"Veges"
22606,68,"Veges"
22833,68,"Veges"
22599,68,"Veges"
22603,68,"Veges"
22608,68,"Veges"
22609,68,"Veges"
22610,68,"Veges"
22611,68,"Veges"
22612,68,"Veges"
22614,68,"Veges"
22613,68,"Veges"
22268,68,"Veges"
16043,68,"Veges"
16044,68,"Veges"
17058,68,"Veges"
15995,68,"Veges"
15996,68,"Veges"
16797,68,"Veges"
17786,68,"Veges"
17788,68,"Veges"
17571,68,"Veges"
17782,68,"Veges"
17783,68,"Veges"
17784,68,"Veges"
17792,68,"Veges"
17820,68,"Veges"
12378,68,"Veges"
12379,68,"Veges"
12589,68,"Veges"
12394,68,"Veges"
12395,68,"Veges"
12405,68,"Veges"
12031,68,"Veges"
12032,68,"Veges"
12033,68,"Veges"
12034,68,"Veges"
12035,68,"Veges"
12036,68,"Veges"
12037,68,"Veges"
12530,68,"Veges"
12372,68,"Veges"
12373,68,"Veges"
12376,68,"Veges"
12323,68,"Veges"
14082,68,"Veges"
12590,68,"Veges"
12591,68,"Veges"
12594,68,"Veges"
12595,68,"Veges"
12596,68,"Veges"
12597,68,"Veges"
12598,68,"Veges"
12384,68,"Veges"
12385,68,"Veges"
12375,68,"Veges"
12377,68,"Veges"
17821,68,"Veges"
17735,68,"Veges"
17736,68,"Veges"
17787,68,"Veges"
17789,68,"Veges"
17790,68,"Veges"
17791,68,"Veges"
17794,68,"Veges"
17795,68,"Veges"
17732,68,"Veges"
17559,68,"Veges"
17563,68,"Veges"
17564,68,"Veges"
17771,68,"Veges"
17772,68,"Veges"
17773,68,"Veges"
17774,68,"Veges"
17775,68,"Veges"
17776,68,"Veges"
17777,68,"Veges"
17778,68,"Veges"
17779,68,"Veges"
17780,68,"Veges"
17781,68,"Veges"
17572,68,"Veges"
17768,68,"Veges"
17770,68,"Veges"
17566,68,"Veges"
17568,68,"Veges"
17728,68,"Veges"
17567,68,"Veges"
17726,68,"Veges"
17727,68,"Veges"
17536,68,"Veges"
17537,68,"Veges"
17538,68,"Veges"
17734,68,"Veges"
17737,68,"Veges"
14192,68,"Veges"
14193,68,"Veges"
17722,68,"Veges"
15820,68,"Veges"
15566,68,"Veges"
17756,68,"Veges"
13527,68,"Veges"
13529,68,"Veges"
13530,68,"Veges"
13706,68,"Veges"
13719,68,"Veges"
13720,68,"Veges"
13721,68,"Veges"
13732,68,"Veges"
13713,68,"Veges"
13714,68,"Veges"
13519,68,"Veges"
13522,68,"Veges"
13523,68,"Veges"
13524,68,"Veges"
13525,68,"Veges"
13531,68,"Veges"
13532,68,"Veges"
17739,68,"Veges"
13935,68,"Veges"
13937,68,"Veges"
13946,68,"Veges"
13950,68,"Veges"
14179,68,"Veges"
14180,68,"Veges"
14181,68,"Veges"
14189,68,"Veges"
14223,68,"Veges"
17519,68,"Veges"
17520,68,"Veges"
17521,68,"Veges"
17522,68,"Veges"
17523,68,"Veges"
17526,68,"Veges"
17528,68,"Veges"
17529,68,"Veges"
17530,68,"Veges"
17532,68,"Veges"
17533,68,"Veges"
17535,68,"Veges"
17764,68,"Veges"
17765,68,"Veges"
17766,68,"Veges"
17555,68,"Veges"
17556,68,"Veges"
17557,68,"Veges"
14191,68,"Veges"
17740,68,"Veges"
14226,68,"Veges"
17761,68,"Veges"
15261,68,"Veges"
15282,68,"Veges"
15529,68,"Veges"
22463,68,"Veges"
22467,68,"Veges"
22209,68,"Veges"
22210,68,"Veges"
15528,68,"Veges"
15582,68,"Veges"
15584,68,"Veges"
15599,68,"Veges"
22231,68,"Veges"
22501,68,"Veges"
22256,68,"Veges"
22258,68,"Veges"
22260,68,"Veges"
22261,68,"Veges"
22263,68,"Veges"
22267,68,"Veges"
22510,68,"Veges"
22511,68,"Veges"
22512,68,"Veges"
22275,68,"Veges"
22520,68,"Veges"
15997,68,"Veges"
22518,68,"Veges"
22523,68,"Veges"
22525,68,"Veges"
22533,68,"Veges"
22703,68,"Veges"
22259,68,"Veges"
22277,68,"Veges"
22278,68,"Veges"
22522,68,"Veges"
22524,68,"Veges"
22526,68,"Veges"
22527,68,"Veges"
22528,68,"Veges"
22529,68,"Veges"
22534,68,"Veges"
22535,68,"Veges"
22541,68,"Veges"
22704,68,"Veges"
22705,68,"Veges"
22706,68,"Veges"
22707,68,"Veges"
22747,68,"Veges"
22750,68,"Veges"
22751,68,"Veges"
22753,68,"Veges"
22755,68,"Veges"
22756,68,"Veges"
22757,68,"Veges"
22758,68,"Veges"
22759,68,"Veges"
22760,68,"Veges"
22765,68,"Veges"
22766,68,"Veges"
22768,68,"Veges"
22769,68,"Veges"
22770,68,"Veges"
22771,68,"Veges"
22772,68,"Veges"
22773,68,"Veges"
22774,68,"Veges"
22775,68,"Veges"
22776,68,"Veges"
22777,68,"Veges"
22778,68,"Veges"
22779,68,"Veges"
22780,68,"Veges"
22781,68,"Veges"
22547,68,"Veges"
22550,68,"Veges"
22551,68,"Veges"
22558,68,"Veges"
22559,68,"Veges"
22560,68,"Veges"
22561,68,"Veges"
22600,68,"Veges"
22817,68,"Veges"
22818,68,"Veges"
22819,68,"Veges"
22820,68,"Veges"
22822,68,"Veges"
22823,68,"Veges"
22824,68,"Veges"
22826,68,"Veges"
22668,68,"Veges"
22669,68,"Veges"
22670,68,"Veges"
22754,68,"Veges"
22749,68,"Veges"
12528,68,"Veges"
12529,68,"Veges"
