"gate_source","gate_target","produce"
3022,82,"Beef"
3013,82,"Beef"
4659,82,"Beef"
4660,82,"Beef"
4410,82,"Beef"
3024,82,"Beef"
3050,82,"Beef"
3012,82,"Beef"
3015,82,"Beef"
3016,82,"Beef"
3019,82,"Beef"
3020,82,"Beef"
4634,82,"Beef"
2827,82,"Beef"
2539,82,"Beef"
3028,82,"Beef"
3010,82,"Beef"
2607,82,"Beef"
2610,82,"Beef"
2799,82,"Beef"
2538,82,"Beef"
3022,66,"Beef"
3013,66,"Beef"
4659,66,"Beef"
4660,66,"Beef"
4410,66,"Beef"
3024,66,"Beef"
3050,66,"Beef"
3012,66,"Beef"
3015,66,"Beef"
3016,66,"Beef"
3019,66,"Beef"
3020,66,"Beef"
4634,66,"Beef"
2827,66,"Beef"
2539,66,"Beef"
3028,66,"Beef"
3010,66,"Beef"
2607,66,"Beef"
2610,66,"Beef"
2799,66,"Beef"
2538,66,"Beef"
3022,65,"Beef"
3013,65,"Beef"
4659,65,"Beef"
4660,65,"Beef"
4410,65,"Beef"
3024,65,"Beef"
3050,65,"Beef"
3012,65,"Beef"
3015,65,"Beef"
3016,65,"Beef"
3019,65,"Beef"
3020,65,"Beef"
4634,65,"Beef"
2827,65,"Beef"
2539,65,"Beef"
3028,65,"Beef"
3010,65,"Beef"
2607,65,"Beef"
2610,65,"Beef"
2799,65,"Beef"
2538,65,"Beef"
101,66,"Sheepmeat"
103,66,"Sheepmeat"
99,66,"Sheepmeat"
15481,66,"Sheepmeat"
104,66,"Sheepmeat"
107,66,"Sheepmeat"
105,66,"Sheepmeat"
109,66,"Sheepmeat"
106,66,"Sheepmeat"
111,66,"Sheepmeat"
127,66,"Sheepmeat"
16764,66,"Sheepmeat"
16771,66,"Sheepmeat"
112,66,"Sheepmeat"
126,66,"Sheepmeat"
16763,66,"Sheepmeat"
4412,66,"Sheepmeat"
4417,66,"Sheepmeat"
4655,66,"Sheepmeat"
3044,66,"Sheepmeat"
4653,66,"Sheepmeat"
2977,66,"Sheepmeat"
4403,66,"Sheepmeat"
4404,66,"Sheepmeat"
4392,66,"Sheepmeat"
4393,66,"Sheepmeat"
4394,66,"Sheepmeat"
4405,66,"Sheepmeat"
3048,66,"Sheepmeat"
4406,66,"Sheepmeat"
4407,66,"Sheepmeat"
4657,66,"Sheepmeat"
4658,66,"Sheepmeat"
3052,66,"Sheepmeat"
4659,66,"Sheepmeat"
4660,66,"Sheepmeat"
4410,66,"Sheepmeat"
4411,66,"Sheepmeat"
3053,66,"Sheepmeat"
3054,66,"Sheepmeat"
4418,66,"Sheepmeat"
4419,66,"Sheepmeat"
4423,66,"Sheepmeat"
2998,66,"Sheepmeat"
4414,66,"Sheepmeat"
4664,66,"Sheepmeat"
4413,66,"Sheepmeat"
4415,66,"Sheepmeat"
4662,66,"Sheepmeat"
3024,66,"Sheepmeat"
3050,66,"Sheepmeat"
3013,66,"Sheepmeat"
3049,66,"Sheepmeat"
3022,66,"Sheepmeat"
3051,66,"Sheepmeat"
2993,66,"Sheepmeat"
4667,66,"Sheepmeat"
4424,66,"Sheepmeat"
3003,66,"Sheepmeat"
7897,66,"Sheepmeat"
7899,66,"Sheepmeat"
15237,66,"Sheepmeat"
15483,66,"Sheepmeat"
7905,66,"Sheepmeat"
7288,66,"Sheepmeat"
7898,66,"Sheepmeat"
7290,66,"Sheepmeat"
7291,66,"Sheepmeat"
7292,66,"Sheepmeat"
7909,66,"Sheepmeat"
7877,66,"Sheepmeat"
7289,66,"Sheepmeat"
7896,66,"Sheepmeat"
7287,66,"Sheepmeat"
15501,66,"Sheepmeat"
7876,66,"Sheepmeat"
15238,66,"Sheepmeat"
15499,66,"Sheepmeat"
15500,66,"Sheepmeat"
15502,66,"Sheepmeat"
15503,66,"Sheepmeat"
4656,66,"Sheepmeat"
4420,66,"Sheepmeat"
4665,66,"Sheepmeat"
7886,66,"Sheepmeat"
7276,66,"Sheepmeat"
7277,66,"Sheepmeat"
15249,66,"Sheepmeat"
7296,66,"Sheepmeat"
7297,66,"Sheepmeat"
7298,66,"Sheepmeat"
7910,66,"Sheepmeat"
7912,66,"Sheepmeat"
7263,66,"Sheepmeat"
7911,66,"Sheepmeat"
7300,66,"Sheepmeat"
7858,66,"Sheepmeat"
7881,66,"Sheepmeat"
7888,66,"Sheepmeat"
7890,66,"Sheepmeat"
7283,66,"Sheepmeat"
7892,66,"Sheepmeat"
7281,66,"Sheepmeat"
7282,66,"Sheepmeat"
7894,66,"Sheepmeat"
7285,66,"Sheepmeat"
7286,66,"Sheepmeat"
7856,66,"Sheepmeat"
7893,66,"Sheepmeat"
7895,66,"Sheepmeat"
15998,66,"Sheepmeat"
7884,66,"Sheepmeat"
7284,66,"Sheepmeat"
15999,66,"Sheepmeat"
16000,66,"Sheepmeat"
16001,66,"Sheepmeat"
16004,66,"Sheepmeat"
7891,66,"Sheepmeat"
7261,66,"Sheepmeat"
7264,66,"Sheepmeat"
7265,66,"Sheepmeat"
11621,66,"Sheepmeat"
22835,66,"Sheepmeat"
7853,66,"Sheepmeat"
7859,66,"Sheepmeat"
7860,66,"Sheepmeat"
7861,66,"Sheepmeat"
7356,66,"Sheepmeat"
11901,66,"Sheepmeat"
7862,66,"Sheepmeat"
7863,66,"Sheepmeat"
7864,66,"Sheepmeat"
7867,66,"Sheepmeat"
7274,66,"Sheepmeat"
7880,66,"Sheepmeat"
7889,66,"Sheepmeat"
12131,66,"Sheepmeat"
12135,66,"Sheepmeat"
7357,66,"Sheepmeat"
7363,66,"Sheepmeat"
12132,66,"Sheepmeat"
11903,66,"Sheepmeat"
15248,66,"Sheepmeat"
15250,66,"Sheepmeat"
15251,66,"Sheepmeat"
15504,66,"Sheepmeat"
15507,66,"Sheepmeat"
15508,66,"Sheepmeat"
15514,66,"Sheepmeat"
15515,66,"Sheepmeat"
15518,66,"Sheepmeat"
15519,66,"Sheepmeat"
15252,66,"Sheepmeat"
15253,66,"Sheepmeat"
7260,66,"Sheepmeat"
7871,66,"Sheepmeat"
7267,66,"Sheepmeat"
7272,66,"Sheepmeat"
7885,66,"Sheepmeat"
16006,66,"Sheepmeat"
15845,66,"Sheepmeat"
15846,66,"Sheepmeat"
7857,66,"Sheepmeat"
22543,66,"Sheepmeat"
22544,66,"Sheepmeat"
22545,66,"Sheepmeat"
7854,66,"Sheepmeat"
7855,66,"Sheepmeat"
7868,66,"Sheepmeat"
7269,66,"Sheepmeat"
7270,66,"Sheepmeat"
7866,66,"Sheepmeat"
7869,66,"Sheepmeat"
7259,66,"Sheepmeat"
7302,66,"Sheepmeat"
7918,66,"Sheepmeat"
7852,66,"Sheepmeat"
7870,66,"Sheepmeat"
7873,66,"Sheepmeat"
7268,66,"Sheepmeat"
7872,66,"Sheepmeat"
7874,66,"Sheepmeat"
7875,66,"Sheepmeat"
7301,66,"Sheepmeat"
7273,66,"Sheepmeat"
7275,66,"Sheepmeat"
7358,66,"Sheepmeat"
7361,66,"Sheepmeat"
11902,66,"Sheepmeat"
16003,66,"Sheepmeat"
15509,66,"Sheepmeat"
16011,66,"Sheepmeat"
16007,66,"Sheepmeat"
22279,66,"Sheepmeat"
16010,66,"Sheepmeat"
15826,66,"Sheepmeat"
15827,66,"Sheepmeat"
16012,66,"Sheepmeat"
15510,66,"Sheepmeat"
15516,66,"Sheepmeat"
15517,66,"Sheepmeat"
7878,66,"Sheepmeat"
7266,66,"Sheepmeat"
16002,66,"Sheepmeat"
16005,66,"Sheepmeat"
22536,66,"Sheepmeat"
22537,66,"Sheepmeat"
22280,66,"Sheepmeat"
22281,66,"Sheepmeat"
22709,66,"Sheepmeat"
22828,66,"Sheepmeat"
22829,66,"Sheepmeat"
22585,66,"Sheepmeat"
22586,66,"Sheepmeat"
22589,66,"Sheepmeat"
22590,66,"Sheepmeat"
22827,66,"Sheepmeat"
22830,66,"Sheepmeat"
22601,66,"Sheepmeat"
22602,66,"Sheepmeat"
22603,66,"Sheepmeat"
22609,66,"Sheepmeat"
22610,66,"Sheepmeat"
22710,66,"Sheepmeat"
22711,66,"Sheepmeat"
22712,66,"Sheepmeat"
22611,66,"Sheepmeat"
22612,66,"Sheepmeat"
22614,66,"Sheepmeat"
22613,66,"Sheepmeat"
22538,66,"Sheepmeat"
22539,66,"Sheepmeat"
22733,66,"Sheepmeat"
22734,66,"Sheepmeat"
22735,66,"Sheepmeat"
22717,66,"Sheepmeat"
22718,66,"Sheepmeat"
22719,66,"Sheepmeat"
22720,66,"Sheepmeat"
22721,66,"Sheepmeat"
22722,66,"Sheepmeat"
22723,66,"Sheepmeat"
22724,66,"Sheepmeat"
22725,66,"Sheepmeat"
22726,66,"Sheepmeat"
22727,66,"Sheepmeat"
22730,66,"Sheepmeat"
22731,66,"Sheepmeat"
22732,66,"Sheepmeat"
11874,66,"Sheepmeat"
22836,66,"Sheepmeat"
22575,66,"Sheepmeat"
16008,66,"Sheepmeat"
16009,66,"Sheepmeat"
22495,66,"Sheepmeat"
22534,66,"Sheepmeat"
22535,66,"Sheepmeat"
22540,66,"Sheepmeat"
22729,66,"Sheepmeat"
22285,66,"Sheepmeat"
22286,66,"Sheepmeat"
22736,66,"Sheepmeat"
22737,66,"Sheepmeat"
22284,66,"Sheepmeat"
22701,66,"Sheepmeat"
22802,66,"Sheepmeat"
22803,66,"Sheepmeat"
22567,66,"Sheepmeat"
22789,66,"Sheepmeat"
22796,66,"Sheepmeat"
22807,66,"Sheepmeat"
22574,66,"Sheepmeat"
22578,66,"Sheepmeat"
22579,66,"Sheepmeat"
22580,66,"Sheepmeat"
22566,66,"Sheepmeat"
22790,66,"Sheepmeat"
22791,66,"Sheepmeat"
22792,66,"Sheepmeat"
22793,66,"Sheepmeat"
22794,66,"Sheepmeat"
22795,66,"Sheepmeat"
22797,66,"Sheepmeat"
22798,66,"Sheepmeat"
22799,66,"Sheepmeat"
22800,66,"Sheepmeat"
22801,66,"Sheepmeat"
22804,66,"Sheepmeat"
22805,66,"Sheepmeat"
22568,66,"Sheepmeat"
22581,66,"Sheepmeat"
22582,66,"Sheepmeat"
22583,66,"Sheepmeat"
22584,66,"Sheepmeat"
14082,66,"Sheepmeat"
14087,66,"Sheepmeat"
14193,66,"Sheepmeat"
17721,66,"Sheepmeat"
17722,66,"Sheepmeat"
17723,66,"Sheepmeat"
12375,66,"Sheepmeat"
12376,66,"Sheepmeat"
17818,66,"Sheepmeat"
22576,66,"Sheepmeat"
22620,66,"Sheepmeat"
22840,66,"Sheepmeat"
22594,66,"Sheepmeat"
22595,66,"Sheepmeat"
22598,66,"Sheepmeat"
22599,66,"Sheepmeat"
22570,66,"Sheepmeat"
22577,66,"Sheepmeat"
22607,66,"Sheepmeat"
22831,66,"Sheepmeat"
22593,66,"Sheepmeat"
22741,66,"Sheepmeat"
14095,66,"Sheepmeat"
14096,66,"Sheepmeat"
22748,66,"Sheepmeat"
22746,66,"Sheepmeat"
22747,66,"Sheepmeat"
22561,66,"Sheepmeat"
22559,66,"Sheepmeat"
22560,66,"Sheepmeat"
22742,66,"Sheepmeat"
22705,66,"Sheepmeat"
22668,66,"Sheepmeat"
22670,66,"Sheepmeat"
22750,66,"Sheepmeat"
22753,66,"Sheepmeat"
22558,66,"Sheepmeat"
22760,66,"Sheepmeat"
22761,66,"Sheepmeat"
22762,66,"Sheepmeat"
22763,66,"Sheepmeat"
22822,66,"Sheepmeat"
22751,66,"Sheepmeat"
22752,66,"Sheepmeat"
22755,66,"Sheepmeat"
22756,66,"Sheepmeat"
22757,66,"Sheepmeat"
22758,66,"Sheepmeat"
22759,66,"Sheepmeat"
22764,66,"Sheepmeat"
22765,66,"Sheepmeat"
22766,66,"Sheepmeat"
22767,66,"Sheepmeat"
22769,66,"Sheepmeat"
22787,66,"Sheepmeat"
22557,66,"Sheepmeat"
22600,66,"Sheepmeat"
22817,66,"Sheepmeat"
22819,66,"Sheepmeat"
22820,66,"Sheepmeat"
22823,66,"Sheepmeat"
22824,66,"Sheepmeat"
22553,66,"Sheepmeat"
22554,66,"Sheepmeat"
22555,66,"Sheepmeat"
22563,66,"Sheepmeat"
22588,66,"Sheepmeat"
22597,66,"Sheepmeat"
22825,66,"Sheepmeat"
22821,66,"Sheepmeat"
108,66,"Sheepmeat"
110,66,"Sheepmeat"
16770,66,"Sheepmeat"
7882,66,"Sheepmeat"
7883,66,"Sheepmeat"
7278,66,"Sheepmeat"
7279,66,"Sheepmeat"
7280,66,"Sheepmeat"
7887,66,"Sheepmeat"
7254,66,"Sheepmeat"
7255,66,"Sheepmeat"
7926,66,"Sheepmeat"
7922,66,"Sheepmeat"
7923,66,"Sheepmeat"
7924,66,"Sheepmeat"
7925,66,"Sheepmeat"
7927,66,"Sheepmeat"
7928,66,"Sheepmeat"
7929,66,"Sheepmeat"
7930,66,"Sheepmeat"
7311,66,"Sheepmeat"
7920,66,"Sheepmeat"
7312,66,"Sheepmeat"
7323,66,"Sheepmeat"
7324,66,"Sheepmeat"
7328,66,"Sheepmeat"
7330,66,"Sheepmeat"
7325,66,"Sheepmeat"
7326,66,"Sheepmeat"
7329,66,"Sheepmeat"
7252,66,"Sheepmeat"
2810,66,"Sheepmeat"
2809,66,"Sheepmeat"
2813,66,"Sheepmeat"
2815,66,"Sheepmeat"
7251,66,"Sheepmeat"
2814,66,"Sheepmeat"
2838,66,"Sheepmeat"
2811,66,"Sheepmeat"
2844,66,"Sheepmeat"
2845,66,"Sheepmeat"
2846,66,"Sheepmeat"
2849,66,"Sheepmeat"
2852,66,"Sheepmeat"
2853,66,"Sheepmeat"
2854,66,"Sheepmeat"
2855,66,"Sheepmeat"
2856,66,"Sheepmeat"
2857,66,"Sheepmeat"
2858,66,"Sheepmeat"
2859,66,"Sheepmeat"
2860,66,"Sheepmeat"
2861,66,"Sheepmeat"
3034,66,"Sheepmeat"
3035,66,"Sheepmeat"
3039,66,"Sheepmeat"
3040,66,"Sheepmeat"
3041,66,"Sheepmeat"
3009,66,"Sheepmeat"
2812,66,"Sheepmeat"
16773,66,"Sheepmeat"
16774,66,"Sheepmeat"
16775,66,"Sheepmeat"
17076,66,"Sheepmeat"
16833,66,"Sheepmeat"
16834,66,"Sheepmeat"
17083,66,"Sheepmeat"
16835,66,"Sheepmeat"
16836,66,"Sheepmeat"
15232,66,"Sheepmeat"
15472,66,"Sheepmeat"
15573,66,"Sheepmeat"
7304,66,"Sheepmeat"
7303,66,"Sheepmeat"
7257,66,"Sheepmeat"
7258,66,"Sheepmeat"
7851,66,"Sheepmeat"
7865,66,"Sheepmeat"
7271,66,"Sheepmeat"
7919,66,"Sheepmeat"
7327,66,"Sheepmeat"
2805,66,"Sheepmeat"
2806,66,"Sheepmeat"
2807,66,"Sheepmeat"
2808,66,"Sheepmeat"
7947,66,"Sheepmeat"
12082,66,"Sheepmeat"
11904,66,"Sheepmeat"
2816,66,"Sheepmeat"
2817,66,"Sheepmeat"
2818,66,"Sheepmeat"
2819,66,"Sheepmeat"
2821,66,"Sheepmeat"
2822,66,"Sheepmeat"
2588,66,"Sheepmeat"
2590,66,"Sheepmeat"
2592,66,"Sheepmeat"
2593,66,"Sheepmeat"
2591,66,"Sheepmeat"
7906,66,"Sheepmeat"
2595,66,"Sheepmeat"
2596,66,"Sheepmeat"
2556,66,"Sheepmeat"
2557,66,"Sheepmeat"
2562,66,"Sheepmeat"
2575,66,"Sheepmeat"
2577,66,"Sheepmeat"
2585,66,"Sheepmeat"
2586,66,"Sheepmeat"
2587,66,"Sheepmeat"
2589,66,"Sheepmeat"
4210,66,"Sheepmeat"
2597,66,"Sheepmeat"
2598,66,"Sheepmeat"
2611,66,"Sheepmeat"
2600,66,"Sheepmeat"
2612,66,"Sheepmeat"
2731,66,"Sheepmeat"
2765,66,"Sheepmeat"
4216,66,"Sheepmeat"
4339,66,"Sheepmeat"
4340,66,"Sheepmeat"
4351,66,"Sheepmeat"
4616,66,"Sheepmeat"
4617,66,"Sheepmeat"
4618,66,"Sheepmeat"
4357,66,"Sheepmeat"
7907,66,"Sheepmeat"
2825,66,"Sheepmeat"
3011,66,"Sheepmeat"
3012,66,"Sheepmeat"
2573,66,"Sheepmeat"
7908,66,"Sheepmeat"
4634,66,"Sheepmeat"
2827,66,"Sheepmeat"
4635,66,"Sheepmeat"
4636,66,"Sheepmeat"
4637,66,"Sheepmeat"
4638,66,"Sheepmeat"
4639,66,"Sheepmeat"
4640,66,"Sheepmeat"
2826,66,"Sheepmeat"
2824,66,"Sheepmeat"
2907,66,"Sheepmeat"
3017,66,"Sheepmeat"
4380,66,"Sheepmeat"
4381,66,"Sheepmeat"
2831,66,"Sheepmeat"
2832,66,"Sheepmeat"
2833,66,"Sheepmeat"
2835,66,"Sheepmeat"
2834,66,"Sheepmeat"
4707,66,"Sheepmeat"
3032,66,"Sheepmeat"
4708,66,"Sheepmeat"
4709,66,"Sheepmeat"
3008,66,"Sheepmeat"
3027,66,"Sheepmeat"
3028,66,"Sheepmeat"
3010,66,"Sheepmeat"
2539,66,"Sheepmeat"
3029,66,"Sheepmeat"
3025,66,"Sheepmeat"
2829,66,"Sheepmeat"
2830,66,"Sheepmeat"
2828,66,"Sheepmeat"
2836,66,"Sheepmeat"
2876,66,"Sheepmeat"
2839,66,"Sheepmeat"
2862,66,"Sheepmeat"
2863,66,"Sheepmeat"
2864,66,"Sheepmeat"
2865,66,"Sheepmeat"
2866,66,"Sheepmeat"
2837,66,"Sheepmeat"
2841,66,"Sheepmeat"
3033,66,"Sheepmeat"
3036,66,"Sheepmeat"
2906,66,"Sheepmeat"
2905,66,"Sheepmeat"
2607,66,"Sheepmeat"
2610,66,"Sheepmeat"
4386,66,"Sheepmeat"
2842,66,"Sheepmeat"
3042,66,"Sheepmeat"
7253,66,"Sheepmeat"
2867,66,"Sheepmeat"
2875,66,"Sheepmeat"
4387,66,"Sheepmeat"
4388,66,"Sheepmeat"
91,66,"Sheepmeat"
7294,66,"Sheepmeat"
7902,66,"Sheepmeat"
7295,66,"Sheepmeat"
7900,66,"Sheepmeat"
7903,66,"Sheepmeat"
7036,66,"Sheepmeat"
17012,66,"Sheepmeat"
2868,66,"Sheepmeat"
2874,66,"Sheepmeat"
11809,66,"Sheepmeat"
2869,66,"Sheepmeat"
2877,66,"Sheepmeat"
2872,66,"Sheepmeat"
2882,66,"Sheepmeat"
2873,66,"Sheepmeat"
2878,66,"Sheepmeat"
2901,66,"Sheepmeat"
2903,66,"Sheepmeat"
2879,66,"Sheepmeat"
2881,66,"Sheepmeat"
2912,66,"Sheepmeat"
2915,66,"Sheepmeat"
2909,66,"Sheepmeat"
2911,66,"Sheepmeat"
2908,66,"Sheepmeat"
2910,66,"Sheepmeat"
11622,66,"Sheepmeat"
12075,66,"Sheepmeat"
12084,66,"Sheepmeat"
12088,66,"Sheepmeat"
12089,66,"Sheepmeat"
12077,66,"Sheepmeat"
12076,66,"Sheepmeat"
12085,66,"Sheepmeat"
12090,66,"Sheepmeat"
12086,66,"Sheepmeat"
11848,66,"Sheepmeat"
11849,66,"Sheepmeat"
12108,66,"Sheepmeat"
12109,66,"Sheepmeat"
12110,66,"Sheepmeat"
11891,66,"Sheepmeat"
12116,66,"Sheepmeat"
11890,66,"Sheepmeat"
11847,66,"Sheepmeat"
12078,66,"Sheepmeat"
12079,66,"Sheepmeat"
12080,66,"Sheepmeat"
12081,66,"Sheepmeat"
12083,66,"Sheepmeat"
12111,66,"Sheepmeat"
12113,66,"Sheepmeat"
12114,66,"Sheepmeat"
7948,66,"Sheepmeat"
7952,66,"Sheepmeat"
12136,66,"Sheepmeat"
11905,66,"Sheepmeat"
11810,66,"Sheepmeat"
11591,66,"Sheepmeat"
11818,66,"Sheepmeat"
11839,66,"Sheepmeat"
11587,66,"Sheepmeat"
11811,66,"Sheepmeat"
11812,66,"Sheepmeat"
7848,66,"Sheepmeat"
11840,66,"Sheepmeat"
7847,66,"Sheepmeat"
7849,66,"Sheepmeat"
7850,66,"Sheepmeat"
11841,66,"Sheepmeat"
11842,66,"Sheepmeat"
11843,66,"Sheepmeat"
7332,66,"Sheepmeat"
11846,66,"Sheepmeat"
7333,66,"Sheepmeat"
7334,66,"Sheepmeat"
7335,66,"Sheepmeat"
7336,66,"Sheepmeat"
7337,66,"Sheepmeat"
7338,66,"Sheepmeat"
7339,66,"Sheepmeat"
7341,66,"Sheepmeat"
7343,66,"Sheepmeat"
7340,66,"Sheepmeat"
7344,66,"Sheepmeat"
7349,66,"Sheepmeat"
7355,66,"Sheepmeat"
7346,66,"Sheepmeat"
7348,66,"Sheepmeat"
7354,66,"Sheepmeat"
12122,66,"Sheepmeat"
12125,66,"Sheepmeat"
7933,66,"Sheepmeat"
7935,66,"Sheepmeat"
7934,66,"Sheepmeat"
12124,66,"Sheepmeat"
11899,66,"Sheepmeat"
7939,66,"Sheepmeat"
12123,66,"Sheepmeat"
12128,66,"Sheepmeat"
11588,66,"Sheepmeat"
11589,66,"Sheepmeat"
11590,66,"Sheepmeat"
11592,66,"Sheepmeat"
11593,66,"Sheepmeat"
11596,66,"Sheepmeat"
11597,66,"Sheepmeat"
11813,66,"Sheepmeat"
11814,66,"Sheepmeat"
11815,66,"Sheepmeat"
11816,66,"Sheepmeat"
11817,66,"Sheepmeat"
7351,66,"Sheepmeat"
7353,66,"Sheepmeat"
7938,66,"Sheepmeat"
7940,66,"Sheepmeat"
7941,66,"Sheepmeat"
7942,66,"Sheepmeat"
7943,66,"Sheepmeat"
7951,66,"Sheepmeat"
7954,66,"Sheepmeat"
7955,66,"Sheepmeat"
7350,66,"Sheepmeat"
7352,66,"Sheepmeat"
12126,66,"Sheepmeat"
12129,66,"Sheepmeat"
11896,66,"Sheepmeat"
11897,66,"Sheepmeat"
12139,66,"Sheepmeat"
11906,66,"Sheepmeat"
11907,66,"Sheepmeat"
11908,66,"Sheepmeat"
11909,66,"Sheepmeat"
11898,66,"Sheepmeat"
11606,66,"Sheepmeat"
11837,66,"Sheepmeat"
11838,66,"Sheepmeat"
11845,66,"Sheepmeat"
12133,66,"Sheepmeat"
2820,66,"Sheepmeat"
2902,66,"Sheepmeat"
2904,66,"Sheepmeat"
2913,66,"Sheepmeat"
7331,66,"Sheepmeat"
7946,66,"Sheepmeat"
7359,66,"Sheepmeat"
16740,66,"Sheepmeat"
16784,66,"Sheepmeat"
17056,66,"Sheepmeat"
17063,66,"Sheepmeat"
16786,66,"Sheepmeat"
15255,66,"Sheepmeat"
15520,66,"Sheepmeat"
17048,66,"Sheepmeat"
15835,66,"Sheepmeat"
15822,66,"Sheepmeat"
15837,66,"Sheepmeat"
17051,66,"Sheepmeat"
15992,66,"Sheepmeat"
15993,66,"Sheepmeat"
17560,66,"Sheepmeat"
15824,66,"Sheepmeat"
15568,66,"Sheepmeat"
15823,66,"Sheepmeat"
15991,66,"Sheepmeat"
17053,66,"Sheepmeat"
16791,66,"Sheepmeat"
16795,66,"Sheepmeat"
16792,66,"Sheepmeat"
16793,66,"Sheepmeat"
17060,66,"Sheepmeat"
17061,66,"Sheepmeat"
17062,66,"Sheepmeat"
16801,66,"Sheepmeat"
16794,66,"Sheepmeat"
15839,66,"Sheepmeat"
15840,66,"Sheepmeat"
15841,66,"Sheepmeat"
15842,66,"Sheepmeat"
15843,66,"Sheepmeat"
15844,66,"Sheepmeat"
16029,66,"Sheepmeat"
16034,66,"Sheepmeat"
16035,66,"Sheepmeat"
16036,66,"Sheepmeat"
16038,66,"Sheepmeat"
16041,66,"Sheepmeat"
16048,66,"Sheepmeat"
16028,66,"Sheepmeat"
16030,66,"Sheepmeat"
16031,66,"Sheepmeat"
15997,66,"Sheepmeat"
15838,66,"Sheepmeat"
16032,66,"Sheepmeat"
13704,66,"Sheepmeat"
15994,66,"Sheepmeat"
15995,66,"Sheepmeat"
15996,66,"Sheepmeat"
16044,66,"Sheepmeat"
17058,66,"Sheepmeat"
16790,66,"Sheepmeat"
17049,66,"Sheepmeat"
17054,66,"Sheepmeat"
17055,66,"Sheepmeat"
16802,66,"Sheepmeat"
15562,66,"Sheepmeat"
15523,66,"Sheepmeat"
15526,66,"Sheepmeat"
16787,66,"Sheepmeat"
16788,66,"Sheepmeat"
16789,66,"Sheepmeat"
17057,66,"Sheepmeat"
16803,66,"Sheepmeat"
16804,66,"Sheepmeat"
16805,66,"Sheepmeat"
16806,66,"Sheepmeat"
16807,66,"Sheepmeat"
16808,66,"Sheepmeat"
17050,66,"Sheepmeat"
15836,66,"Sheepmeat"
16033,66,"Sheepmeat"
16042,66,"Sheepmeat"
22262,66,"Sheepmeat"
22520,66,"Sheepmeat"
22269,66,"Sheepmeat"
22270,66,"Sheepmeat"
22271,66,"Sheepmeat"
22272,66,"Sheepmeat"
16037,66,"Sheepmeat"
16039,66,"Sheepmeat"
16040,66,"Sheepmeat"
15577,66,"Sheepmeat"
15578,66,"Sheepmeat"
22268,66,"Sheepmeat"
16043,66,"Sheepmeat"
16045,66,"Sheepmeat"
16796,66,"Sheepmeat"
16798,66,"Sheepmeat"
16800,66,"Sheepmeat"
16799,66,"Sheepmeat"
16761,66,"Sheepmeat"
17052,66,"Sheepmeat"
16776,66,"Sheepmeat"
16777,66,"Sheepmeat"
16778,66,"Sheepmeat"
17035,66,"Sheepmeat"
17036,66,"Sheepmeat"
17038,66,"Sheepmeat"
17039,66,"Sheepmeat"
16831,66,"Sheepmeat"
17078,66,"Sheepmeat"
17040,66,"Sheepmeat"
4630,66,"Sheepmeat"
4396,66,"Sheepmeat"
4629,66,"Sheepmeat"
4627,66,"Sheepmeat"
4612,66,"Sheepmeat"
4397,66,"Sheepmeat"
4398,66,"Sheepmeat"
4648,66,"Sheepmeat"
4647,66,"Sheepmeat"
4211,66,"Sheepmeat"
4212,66,"Sheepmeat"
2606,66,"Sheepmeat"
2609,66,"Sheepmeat"
4213,66,"Sheepmeat"
4603,66,"Sheepmeat"
4441,66,"Sheepmeat"
4604,66,"Sheepmeat"
4606,66,"Sheepmeat"
4668,66,"Sheepmeat"
4242,66,"Sheepmeat"
4243,66,"Sheepmeat"
2604,66,"Sheepmeat"
2781,66,"Sheepmeat"
2789,66,"Sheepmeat"
2605,66,"Sheepmeat"
2551,66,"Sheepmeat"
2785,66,"Sheepmeat"
2790,66,"Sheepmeat"
2608,66,"Sheepmeat"
4641,66,"Sheepmeat"
4358,66,"Sheepmeat"
4706,66,"Sheepmeat"
4448,66,"Sheepmeat"
2778,66,"Sheepmeat"
2745,66,"Sheepmeat"
2746,66,"Sheepmeat"
2747,66,"Sheepmeat"
4611,66,"Sheepmeat"
2554,66,"Sheepmeat"
2555,66,"Sheepmeat"
2705,66,"Sheepmeat"
2706,66,"Sheepmeat"
2708,66,"Sheepmeat"
2730,66,"Sheepmeat"
4620,66,"Sheepmeat"
4621,66,"Sheepmeat"
4622,66,"Sheepmeat"
4624,66,"Sheepmeat"
2553,66,"Sheepmeat"
2602,66,"Sheepmeat"
2603,66,"Sheepmeat"
2565,66,"Sheepmeat"
2559,66,"Sheepmeat"
2567,66,"Sheepmeat"
2568,66,"Sheepmeat"
2560,66,"Sheepmeat"
2569,66,"Sheepmeat"
2571,66,"Sheepmeat"
2570,66,"Sheepmeat"
7913,66,"Sheepmeat"
7915,66,"Sheepmeat"
7305,66,"Sheepmeat"
7262,66,"Sheepmeat"
7916,66,"Sheepmeat"
7313,66,"Sheepmeat"
7322,66,"Sheepmeat"
7321,66,"Sheepmeat"
7318,66,"Sheepmeat"
7314,66,"Sheepmeat"
7315,66,"Sheepmeat"
7914,66,"Sheepmeat"
7917,66,"Sheepmeat"
7307,66,"Sheepmeat"
7308,66,"Sheepmeat"
7309,66,"Sheepmeat"
7310,66,"Sheepmeat"
7931,66,"Sheepmeat"
7319,66,"Sheepmeat"
7320,66,"Sheepmeat"
2537,66,"Sheepmeat"
2547,66,"Sheepmeat"
2561,66,"Sheepmeat"
2564,66,"Sheepmeat"
2566,66,"Sheepmeat"
2572,66,"Sheepmeat"
2578,66,"Sheepmeat"
2582,66,"Sheepmeat"
2676,66,"Sheepmeat"
2677,66,"Sheepmeat"
2678,66,"Sheepmeat"
2679,66,"Sheepmeat"
2680,66,"Sheepmeat"
2681,66,"Sheepmeat"
2682,66,"Sheepmeat"
2689,66,"Sheepmeat"
2690,66,"Sheepmeat"
2693,66,"Sheepmeat"
2695,66,"Sheepmeat"
2698,66,"Sheepmeat"
2699,66,"Sheepmeat"
2702,66,"Sheepmeat"
2703,66,"Sheepmeat"
2704,66,"Sheepmeat"
2707,66,"Sheepmeat"
2544,66,"Sheepmeat"
2540,66,"Sheepmeat"
2541,66,"Sheepmeat"
2542,66,"Sheepmeat"
2543,66,"Sheepmeat"
2545,66,"Sheepmeat"
2550,66,"Sheepmeat"
2786,66,"Sheepmeat"
2787,66,"Sheepmeat"
4250,66,"Sheepmeat"
7932,66,"Sheepmeat"
7316,66,"Sheepmeat"
7317,66,"Sheepmeat"
2792,66,"Sheepmeat"
2791,66,"Sheepmeat"
3031,66,"Sheepmeat"
2538,66,"Sheepmeat"
3030,66,"Sheepmeat"
2548,66,"Sheepmeat"
2552,66,"Sheepmeat"
2558,66,"Sheepmeat"
2563,66,"Sheepmeat"
2576,66,"Sheepmeat"
2579,66,"Sheepmeat"
2580,66,"Sheepmeat"
2581,66,"Sheepmeat"
2583,66,"Sheepmeat"
2584,66,"Sheepmeat"
2613,66,"Sheepmeat"
2614,66,"Sheepmeat"
2615,66,"Sheepmeat"
2616,66,"Sheepmeat"
2617,66,"Sheepmeat"
2618,66,"Sheepmeat"
2619,66,"Sheepmeat"
2620,66,"Sheepmeat"
2621,66,"Sheepmeat"
2622,66,"Sheepmeat"
2623,66,"Sheepmeat"
2624,66,"Sheepmeat"
2625,66,"Sheepmeat"
2626,66,"Sheepmeat"
2627,66,"Sheepmeat"
2628,66,"Sheepmeat"
2629,66,"Sheepmeat"
2637,66,"Sheepmeat"
2640,66,"Sheepmeat"
2641,66,"Sheepmeat"
2642,66,"Sheepmeat"
2643,66,"Sheepmeat"
2644,66,"Sheepmeat"
2645,66,"Sheepmeat"
2650,66,"Sheepmeat"
2651,66,"Sheepmeat"
2652,66,"Sheepmeat"
2653,66,"Sheepmeat"
2654,66,"Sheepmeat"
2655,66,"Sheepmeat"
2656,66,"Sheepmeat"
2657,66,"Sheepmeat"
2658,66,"Sheepmeat"
2659,66,"Sheepmeat"
2660,66,"Sheepmeat"
2661,66,"Sheepmeat"
2662,66,"Sheepmeat"
2663,66,"Sheepmeat"
2664,66,"Sheepmeat"
2665,66,"Sheepmeat"
2666,66,"Sheepmeat"
2670,66,"Sheepmeat"
2673,66,"Sheepmeat"
2674,66,"Sheepmeat"
2675,66,"Sheepmeat"
2683,66,"Sheepmeat"
2686,66,"Sheepmeat"
2687,66,"Sheepmeat"
2688,66,"Sheepmeat"
2700,66,"Sheepmeat"
2701,66,"Sheepmeat"
2709,66,"Sheepmeat"
2710,66,"Sheepmeat"
2711,66,"Sheepmeat"
2712,66,"Sheepmeat"
2713,66,"Sheepmeat"
2714,66,"Sheepmeat"
2715,66,"Sheepmeat"
2716,66,"Sheepmeat"
2717,66,"Sheepmeat"
2718,66,"Sheepmeat"
2719,66,"Sheepmeat"
2720,66,"Sheepmeat"
2721,66,"Sheepmeat"
2722,66,"Sheepmeat"
2723,66,"Sheepmeat"
2724,66,"Sheepmeat"
2725,66,"Sheepmeat"
2726,66,"Sheepmeat"
2727,66,"Sheepmeat"
2728,66,"Sheepmeat"
2729,66,"Sheepmeat"
2601,66,"Sheepmeat"
2732,66,"Sheepmeat"
2733,66,"Sheepmeat"
2734,66,"Sheepmeat"
2735,66,"Sheepmeat"
2736,66,"Sheepmeat"
2737,66,"Sheepmeat"
2738,66,"Sheepmeat"
2739,66,"Sheepmeat"
2740,66,"Sheepmeat"
2741,66,"Sheepmeat"
4677,66,"Sheepmeat"
4215,66,"Sheepmeat"
2742,66,"Sheepmeat"
2743,66,"Sheepmeat"
2744,66,"Sheepmeat"
2750,66,"Sheepmeat"
2751,66,"Sheepmeat"
2754,66,"Sheepmeat"
2755,66,"Sheepmeat"
2756,66,"Sheepmeat"
2757,66,"Sheepmeat"
2758,66,"Sheepmeat"
2759,66,"Sheepmeat"
2760,66,"Sheepmeat"
2761,66,"Sheepmeat"
2762,66,"Sheepmeat"
2763,66,"Sheepmeat"
2764,66,"Sheepmeat"
2766,66,"Sheepmeat"
4341,66,"Sheepmeat"
4342,66,"Sheepmeat"
4217,66,"Sheepmeat"
4218,66,"Sheepmeat"
4219,66,"Sheepmeat"
4220,66,"Sheepmeat"
4221,66,"Sheepmeat"
4222,66,"Sheepmeat"
4613,66,"Sheepmeat"
4223,66,"Sheepmeat"
4614,66,"Sheepmeat"
4615,66,"Sheepmeat"
4343,66,"Sheepmeat"
4344,66,"Sheepmeat"
4345,66,"Sheepmeat"
4346,66,"Sheepmeat"
4224,66,"Sheepmeat"
4225,66,"Sheepmeat"
4226,66,"Sheepmeat"
4227,66,"Sheepmeat"
4228,66,"Sheepmeat"
4229,66,"Sheepmeat"
4347,66,"Sheepmeat"
4230,66,"Sheepmeat"
4231,66,"Sheepmeat"
4232,66,"Sheepmeat"
4233,66,"Sheepmeat"
4234,66,"Sheepmeat"
4235,66,"Sheepmeat"
4348,66,"Sheepmeat"
4349,66,"Sheepmeat"
4350,66,"Sheepmeat"
4623,66,"Sheepmeat"
4625,66,"Sheepmeat"
4626,66,"Sheepmeat"
4399,66,"Sheepmeat"
4400,66,"Sheepmeat"
2546,66,"Sheepmeat"
2549,66,"Sheepmeat"
4241,66,"Sheepmeat"
4649,66,"Sheepmeat"
4631,66,"Sheepmeat"
4359,66,"Sheepmeat"
4360,66,"Sheepmeat"
4361,66,"Sheepmeat"
4362,66,"Sheepmeat"
4363,66,"Sheepmeat"
4364,66,"Sheepmeat"
4365,66,"Sheepmeat"
4369,66,"Sheepmeat"
4370,66,"Sheepmeat"
4371,66,"Sheepmeat"
4372,66,"Sheepmeat"
4373,66,"Sheepmeat"
4374,66,"Sheepmeat"
4375,66,"Sheepmeat"
4376,66,"Sheepmeat"
4377,66,"Sheepmeat"
4378,66,"Sheepmeat"
4389,66,"Sheepmeat"
4390,66,"Sheepmeat"
4391,66,"Sheepmeat"
17559,66,"Sheepmeat"
17578,66,"Sheepmeat"
17579,66,"Sheepmeat"
17580,66,"Sheepmeat"
17804,66,"Sheepmeat"
17805,66,"Sheepmeat"
17587,66,"Sheepmeat"
17588,66,"Sheepmeat"
15740,66,"Sheepmeat"
15766,66,"Sheepmeat"
17789,66,"Sheepmeat"
17790,66,"Sheepmeat"
17562,66,"Sheepmeat"
17796,66,"Sheepmeat"
17572,66,"Sheepmeat"
17573,66,"Sheepmeat"
17574,66,"Sheepmeat"
17575,66,"Sheepmeat"
17576,66,"Sheepmeat"
17799,66,"Sheepmeat"
17800,66,"Sheepmeat"
17590,66,"Sheepmeat"
17810,66,"Sheepmeat"
17813,66,"Sheepmeat"
17802,66,"Sheepmeat"
17803,66,"Sheepmeat"
17581,66,"Sheepmeat"
17815,66,"Sheepmeat"
15720,66,"Sheepmeat"
17586,66,"Sheepmeat"
17561,66,"Sheepmeat"
17564,66,"Sheepmeat"
17563,66,"Sheepmeat"
17801,66,"Sheepmeat"
17558,66,"Sheepmeat"
17777,66,"Sheepmeat"
4642,66,"Sheepmeat"
4643,66,"Sheepmeat"
4644,66,"Sheepmeat"
4645,66,"Sheepmeat"
4646,66,"Sheepmeat"
4395,66,"Sheepmeat"
4236,66,"Sheepmeat"
4238,66,"Sheepmeat"
4239,66,"Sheepmeat"
4240,66,"Sheepmeat"
4549,66,"Sheepmeat"
4550,66,"Sheepmeat"
4551,66,"Sheepmeat"
4552,66,"Sheepmeat"
4553,66,"Sheepmeat"
4554,66,"Sheepmeat"
4401,66,"Sheepmeat"
4555,66,"Sheepmeat"
4556,66,"Sheepmeat"
4402,66,"Sheepmeat"
4557,66,"Sheepmeat"
4558,66,"Sheepmeat"
4559,66,"Sheepmeat"
4560,66,"Sheepmeat"
4650,66,"Sheepmeat"
4651,66,"Sheepmeat"
4569,66,"Sheepmeat"
4570,66,"Sheepmeat"
4282,66,"Sheepmeat"
4283,66,"Sheepmeat"
4284,66,"Sheepmeat"
4285,66,"Sheepmeat"
4286,66,"Sheepmeat"
4287,66,"Sheepmeat"
4288,66,"Sheepmeat"
4289,66,"Sheepmeat"
4580,66,"Sheepmeat"
4436,66,"Sheepmeat"
4599,66,"Sheepmeat"
4437,66,"Sheepmeat"
4446,66,"Sheepmeat"
4652,66,"Sheepmeat"
4607,66,"Sheepmeat"
4671,66,"Sheepmeat"
4608,66,"Sheepmeat"
4672,66,"Sheepmeat"
4609,66,"Sheepmeat"
4678,66,"Sheepmeat"
4320,66,"Sheepmeat"
4679,66,"Sheepmeat"
4321,66,"Sheepmeat"
4680,66,"Sheepmeat"
4322,66,"Sheepmeat"
4682,66,"Sheepmeat"
4324,66,"Sheepmeat"
4683,66,"Sheepmeat"
4408,66,"Sheepmeat"
4409,66,"Sheepmeat"
4421,66,"Sheepmeat"
4422,66,"Sheepmeat"
4661,66,"Sheepmeat"
2793,66,"Sheepmeat"
2795,66,"Sheepmeat"
2797,66,"Sheepmeat"
2799,66,"Sheepmeat"
2801,66,"Sheepmeat"
2803,66,"Sheepmeat"
4237,66,"Sheepmeat"
4244,66,"Sheepmeat"
4245,66,"Sheepmeat"
4246,66,"Sheepmeat"
4247,66,"Sheepmeat"
4248,66,"Sheepmeat"
4249,66,"Sheepmeat"
4251,66,"Sheepmeat"
4252,66,"Sheepmeat"
4253,66,"Sheepmeat"
4254,66,"Sheepmeat"
4255,66,"Sheepmeat"
4257,66,"Sheepmeat"
4258,66,"Sheepmeat"
4277,66,"Sheepmeat"
4278,66,"Sheepmeat"
4279,66,"Sheepmeat"
4280,66,"Sheepmeat"
4281,66,"Sheepmeat"
4546,66,"Sheepmeat"
4547,66,"Sheepmeat"
4548,66,"Sheepmeat"
4290,66,"Sheepmeat"
4291,66,"Sheepmeat"
4292,66,"Sheepmeat"
4293,66,"Sheepmeat"
4294,66,"Sheepmeat"
4295,66,"Sheepmeat"
4296,66,"Sheepmeat"
4297,66,"Sheepmeat"
4298,66,"Sheepmeat"
4299,66,"Sheepmeat"
4301,66,"Sheepmeat"
4302,66,"Sheepmeat"
4303,66,"Sheepmeat"
4304,66,"Sheepmeat"
4305,66,"Sheepmeat"
4306,66,"Sheepmeat"
4307,66,"Sheepmeat"
4308,66,"Sheepmeat"
4309,66,"Sheepmeat"
4310,66,"Sheepmeat"
4311,66,"Sheepmeat"
4312,66,"Sheepmeat"
4313,66,"Sheepmeat"
4314,66,"Sheepmeat"
4315,66,"Sheepmeat"
4571,66,"Sheepmeat"
4572,66,"Sheepmeat"
4574,66,"Sheepmeat"
4575,66,"Sheepmeat"
4576,66,"Sheepmeat"
4577,66,"Sheepmeat"
4578,66,"Sheepmeat"
4430,66,"Sheepmeat"
4431,66,"Sheepmeat"
4594,66,"Sheepmeat"
4598,66,"Sheepmeat"
4600,66,"Sheepmeat"
4445,66,"Sheepmeat"
4327,66,"Sheepmeat"
15656,66,"Sheepmeat"
27460,66,"Sheepmeat"
27464,66,"Sheepmeat"
27681,66,"Sheepmeat"
22110,66,"Sheepmeat"
21856,66,"Sheepmeat"
21857,66,"Sheepmeat"
21858,66,"Sheepmeat"
21859,66,"Sheepmeat"
21861,66,"Sheepmeat"
4328,66,"Sheepmeat"
4687,66,"Sheepmeat"
4329,66,"Sheepmeat"
4688,66,"Sheepmeat"
4330,66,"Sheepmeat"
4689,66,"Sheepmeat"
4331,66,"Sheepmeat"
4690,66,"Sheepmeat"
4332,66,"Sheepmeat"
4691,66,"Sheepmeat"
4333,66,"Sheepmeat"
4692,66,"Sheepmeat"
4334,66,"Sheepmeat"
4693,66,"Sheepmeat"
4335,66,"Sheepmeat"
4694,66,"Sheepmeat"
4336,66,"Sheepmeat"
4695,66,"Sheepmeat"
4337,66,"Sheepmeat"
4696,66,"Sheepmeat"
4338,66,"Sheepmeat"
4449,66,"Sheepmeat"
4697,66,"Sheepmeat"
4438,66,"Sheepmeat"
4601,66,"Sheepmeat"
4439,66,"Sheepmeat"
4602,66,"Sheepmeat"
4440,66,"Sheepmeat"
2767,66,"Sheepmeat"
2768,66,"Sheepmeat"
2769,66,"Sheepmeat"
2770,66,"Sheepmeat"
2771,66,"Sheepmeat"
2772,66,"Sheepmeat"
2773,66,"Sheepmeat"
2774,66,"Sheepmeat"
2775,66,"Sheepmeat"
2776,66,"Sheepmeat"
2777,66,"Sheepmeat"
2794,66,"Sheepmeat"
2796,66,"Sheepmeat"
2798,66,"Sheepmeat"
2800,66,"Sheepmeat"
2802,66,"Sheepmeat"
2804,66,"Sheepmeat"
4670,66,"Sheepmeat"
4444,66,"Sheepmeat"
4442,66,"Sheepmeat"
4684,66,"Sheepmeat"
4326,66,"Sheepmeat"
4685,66,"Sheepmeat"
4443,66,"Sheepmeat"
4447,66,"Sheepmeat"
27462,66,"Sheepmeat"
27465,66,"Sheepmeat"
27466,66,"Sheepmeat"
27470,66,"Sheepmeat"
27690,66,"Sheepmeat"
27461,66,"Sheepmeat"
22062,66,"Sheepmeat"
22072,66,"Sheepmeat"
22102,66,"Sheepmeat"
22103,66,"Sheepmeat"
27698,66,"Sheepmeat"
27704,66,"Sheepmeat"
27705,66,"Sheepmeat"
27706,66,"Sheepmeat"
27742,66,"Sheepmeat"
27743,66,"Sheepmeat"
27745,66,"Sheepmeat"
27747,66,"Sheepmeat"
27697,66,"Sheepmeat"
27707,66,"Sheepmeat"
27708,66,"Sheepmeat"
27472,66,"Sheepmeat"
27473,66,"Sheepmeat"
27475,66,"Sheepmeat"
27482,66,"Sheepmeat"
27486,66,"Sheepmeat"
27487,66,"Sheepmeat"
27717,66,"Sheepmeat"
27718,66,"Sheepmeat"
27719,66,"Sheepmeat"
27720,66,"Sheepmeat"
27721,66,"Sheepmeat"
27722,66,"Sheepmeat"
27723,66,"Sheepmeat"
27724,66,"Sheepmeat"
27725,66,"Sheepmeat"
27726,66,"Sheepmeat"
27727,66,"Sheepmeat"
27728,66,"Sheepmeat"
27507,66,"Sheepmeat"
27508,66,"Sheepmeat"
27509,66,"Sheepmeat"
27512,66,"Sheepmeat"
27513,66,"Sheepmeat"
27514,66,"Sheepmeat"
27515,66,"Sheepmeat"
27781,66,"Sheepmeat"
27510,66,"Sheepmeat"
27757,66,"Sheepmeat"
27758,66,"Sheepmeat"
27765,66,"Sheepmeat"
27769,66,"Sheepmeat"
27770,66,"Sheepmeat"
27773,66,"Sheepmeat"
17567,66,"Sheepmeat"
17570,66,"Sheepmeat"
17571,66,"Sheepmeat"
17782,66,"Sheepmeat"
17792,66,"Sheepmeat"
17819,66,"Sheepmeat"
12035,66,"Sheepmeat"
17724,66,"Sheepmeat"
17725,66,"Sheepmeat"
12377,66,"Sheepmeat"
12378,66,"Sheepmeat"
12379,66,"Sheepmeat"
12380,66,"Sheepmeat"
12589,66,"Sheepmeat"
12590,66,"Sheepmeat"
12597,66,"Sheepmeat"
12384,66,"Sheepmeat"
12393,66,"Sheepmeat"
12394,66,"Sheepmeat"
12395,66,"Sheepmeat"
12396,66,"Sheepmeat"
12405,66,"Sheepmeat"
12413,66,"Sheepmeat"
12031,66,"Sheepmeat"
12032,66,"Sheepmeat"
12033,66,"Sheepmeat"
12034,66,"Sheepmeat"
12372,66,"Sheepmeat"
12373,66,"Sheepmeat"
12057,66,"Sheepmeat"
12521,66,"Sheepmeat"
24628,66,"Sheepmeat"
24387,66,"Sheepmeat"
12483,66,"Sheepmeat"
12484,66,"Sheepmeat"
12485,66,"Sheepmeat"
12487,66,"Sheepmeat"
12488,66,"Sheepmeat"
12567,66,"Sheepmeat"
12486,66,"Sheepmeat"
12385,66,"Sheepmeat"
12389,66,"Sheepmeat"
12390,66,"Sheepmeat"
12404,66,"Sheepmeat"
12603,66,"Sheepmeat"
12598,66,"Sheepmeat"
13850,66,"Sheepmeat"
13852,66,"Sheepmeat"
13599,66,"Sheepmeat"
24842,66,"Sheepmeat"
24844,66,"Sheepmeat"
24851,66,"Sheepmeat"
4353,66,"Sheepmeat"
4368,66,"Sheepmeat"
4628,66,"Sheepmeat"
4367,66,"Sheepmeat"
4366,66,"Sheepmeat"
4382,66,"Sheepmeat"
4384,66,"Sheepmeat"
4663,66,"Sheepmeat"
12520,66,"Sheepmeat"
12562,66,"Sheepmeat"
12563,66,"Sheepmeat"
23838,66,"Sheepmeat"
23843,66,"Sheepmeat"
12038,66,"Sheepmeat"
12040,66,"Sheepmeat"
12041,66,"Sheepmeat"
12043,66,"Sheepmeat"
12044,66,"Sheepmeat"
12045,66,"Sheepmeat"
12046,66,"Sheepmeat"
12047,66,"Sheepmeat"
12048,66,"Sheepmeat"
12049,66,"Sheepmeat"
12050,66,"Sheepmeat"
12051,66,"Sheepmeat"
12052,66,"Sheepmeat"
12053,66,"Sheepmeat"
12054,66,"Sheepmeat"
12055,66,"Sheepmeat"
23844,66,"Sheepmeat"
23845,66,"Sheepmeat"
23846,66,"Sheepmeat"
23847,66,"Sheepmeat"
23854,66,"Sheepmeat"
23855,66,"Sheepmeat"
23601,66,"Sheepmeat"
23602,66,"Sheepmeat"
23603,66,"Sheepmeat"
23604,66,"Sheepmeat"
23608,66,"Sheepmeat"
23617,66,"Sheepmeat"
23620,66,"Sheepmeat"
23856,66,"Sheepmeat"
23631,66,"Sheepmeat"
23638,66,"Sheepmeat"
23639,66,"Sheepmeat"
23640,66,"Sheepmeat"
23641,66,"Sheepmeat"
23642,66,"Sheepmeat"
23643,66,"Sheepmeat"
23644,66,"Sheepmeat"
23645,66,"Sheepmeat"
23646,66,"Sheepmeat"
23647,66,"Sheepmeat"
23885,66,"Sheepmeat"
23886,66,"Sheepmeat"
23887,66,"Sheepmeat"
23888,66,"Sheepmeat"
23889,66,"Sheepmeat"
23890,66,"Sheepmeat"
23891,66,"Sheepmeat"
23892,66,"Sheepmeat"
23893,66,"Sheepmeat"
23894,66,"Sheepmeat"
23895,66,"Sheepmeat"
23896,66,"Sheepmeat"
23897,66,"Sheepmeat"
23898,66,"Sheepmeat"
23899,66,"Sheepmeat"
23900,66,"Sheepmeat"
23901,66,"Sheepmeat"
23902,66,"Sheepmeat"
23903,66,"Sheepmeat"
23904,66,"Sheepmeat"
23905,66,"Sheepmeat"
22019,66,"Sheepmeat"
21788,66,"Sheepmeat"
21789,66,"Sheepmeat"
21790,66,"Sheepmeat"
21791,66,"Sheepmeat"
21804,66,"Sheepmeat"
22020,66,"Sheepmeat"
22046,66,"Sheepmeat"
22047,66,"Sheepmeat"
22048,66,"Sheepmeat"
24853,66,"Sheepmeat"
24673,66,"Sheepmeat"
24674,66,"Sheepmeat"
24675,66,"Sheepmeat"
24676,66,"Sheepmeat"
24677,66,"Sheepmeat"
24678,66,"Sheepmeat"
24679,66,"Sheepmeat"
24680,66,"Sheepmeat"
24681,66,"Sheepmeat"
24682,66,"Sheepmeat"
24683,66,"Sheepmeat"
24684,66,"Sheepmeat"
24685,66,"Sheepmeat"
24686,66,"Sheepmeat"
24687,66,"Sheepmeat"
24688,66,"Sheepmeat"
27755,66,"Sheepmeat"
12295,66,"Sheepmeat"
12296,66,"Sheepmeat"
12297,66,"Sheepmeat"
12299,66,"Sheepmeat"
12300,66,"Sheepmeat"
12301,66,"Sheepmeat"
12302,66,"Sheepmeat"
12303,66,"Sheepmeat"
12304,66,"Sheepmeat"
12305,66,"Sheepmeat"
12306,66,"Sheepmeat"
12307,66,"Sheepmeat"
12308,66,"Sheepmeat"
12309,66,"Sheepmeat"
12310,66,"Sheepmeat"
12311,66,"Sheepmeat"
12312,66,"Sheepmeat"
12313,66,"Sheepmeat"
12314,66,"Sheepmeat"
12315,66,"Sheepmeat"
12316,66,"Sheepmeat"
12317,66,"Sheepmeat"
12318,66,"Sheepmeat"
12319,66,"Sheepmeat"
12325,66,"Sheepmeat"
12326,66,"Sheepmeat"
12327,66,"Sheepmeat"
12328,66,"Sheepmeat"
12056,66,"Sheepmeat"
12063,66,"Sheepmeat"
12064,66,"Sheepmeat"
12065,66,"Sheepmeat"
12066,66,"Sheepmeat"
12067,66,"Sheepmeat"
12068,66,"Sheepmeat"
12069,66,"Sheepmeat"
12070,66,"Sheepmeat"
12528,66,"Sheepmeat"
12533,66,"Sheepmeat"
12534,66,"Sheepmeat"
12535,66,"Sheepmeat"
12370,66,"Sheepmeat"
12058,66,"Sheepmeat"
12059,66,"Sheepmeat"
12060,66,"Sheepmeat"
12061,66,"Sheepmeat"
12062,66,"Sheepmeat"
12071,66,"Sheepmeat"
12072,66,"Sheepmeat"
12329,66,"Sheepmeat"
12330,66,"Sheepmeat"
12331,66,"Sheepmeat"
12474,66,"Sheepmeat"
12475,66,"Sheepmeat"
12476,66,"Sheepmeat"
12477,66,"Sheepmeat"
12478,66,"Sheepmeat"
12479,66,"Sheepmeat"
12480,66,"Sheepmeat"
12481,66,"Sheepmeat"
12482,66,"Sheepmeat"
12509,66,"Sheepmeat"
12513,66,"Sheepmeat"
12336,66,"Sheepmeat"
12338,66,"Sheepmeat"
12522,66,"Sheepmeat"
12523,66,"Sheepmeat"
12524,66,"Sheepmeat"
12340,66,"Sheepmeat"
12341,66,"Sheepmeat"
12342,66,"Sheepmeat"
12343,66,"Sheepmeat"
12344,66,"Sheepmeat"
12345,66,"Sheepmeat"
12346,66,"Sheepmeat"
12347,66,"Sheepmeat"
12348,66,"Sheepmeat"
12349,66,"Sheepmeat"
12350,66,"Sheepmeat"
12351,66,"Sheepmeat"
12352,66,"Sheepmeat"
12353,66,"Sheepmeat"
12354,66,"Sheepmeat"
12355,66,"Sheepmeat"
12356,66,"Sheepmeat"
12357,66,"Sheepmeat"
12358,66,"Sheepmeat"
12359,66,"Sheepmeat"
12360,66,"Sheepmeat"
12361,66,"Sheepmeat"
12362,66,"Sheepmeat"
12363,66,"Sheepmeat"
12364,66,"Sheepmeat"
12365,66,"Sheepmeat"
12366,66,"Sheepmeat"
27761,66,"Sheepmeat"
27762,66,"Sheepmeat"
27763,66,"Sheepmeat"
27764,66,"Sheepmeat"
27536,66,"Sheepmeat"
27547,66,"Sheepmeat"
27548,66,"Sheepmeat"
27549,66,"Sheepmeat"
24859,66,"Sheepmeat"
12367,66,"Sheepmeat"
12368,66,"Sheepmeat"
12525,66,"Sheepmeat"
12526,66,"Sheepmeat"
12527,66,"Sheepmeat"
12532,66,"Sheepmeat"
12371,66,"Sheepmeat"
12512,66,"Sheepmeat"
12536,66,"Sheepmeat"
12036,66,"Sheepmeat"
12530,66,"Sheepmeat"
27774,66,"Sheepmeat"
17771,66,"Sheepmeat"
22571,66,"Sheepmeat"
22572,66,"Sheepmeat"
22573,66,"Sheepmeat"
13714,66,"Sheepmeat"
14191,66,"Sheepmeat"
17719,66,"Sheepmeat"
12491,66,"Sheepmeat"
12497,66,"Sheepmeat"
12508,66,"Sheepmeat"
12511,66,"Sheepmeat"
12332,66,"Sheepmeat"
12333,66,"Sheepmeat"
12335,66,"Sheepmeat"
12337,66,"Sheepmeat"
12339,66,"Sheepmeat"
12510,66,"Sheepmeat"
22050,66,"Sheepmeat"
22052,66,"Sheepmeat"
22053,66,"Sheepmeat"
27689,66,"Sheepmeat"
27699,66,"Sheepmeat"
27700,66,"Sheepmeat"
27474,66,"Sheepmeat"
27476,66,"Sheepmeat"
27511,66,"Sheepmeat"
27738,66,"Sheepmeat"
27739,66,"Sheepmeat"
13504,66,"Sheepmeat"
13761,66,"Sheepmeat"
13762,66,"Sheepmeat"
13763,66,"Sheepmeat"
13764,66,"Sheepmeat"
13765,66,"Sheepmeat"
13767,66,"Sheepmeat"
14089,66,"Sheepmeat"
14093,66,"Sheepmeat"
14105,66,"Sheepmeat"
14106,66,"Sheepmeat"
14107,66,"Sheepmeat"
14108,66,"Sheepmeat"
14109,66,"Sheepmeat"
14112,66,"Sheepmeat"
14113,66,"Sheepmeat"
14114,66,"Sheepmeat"
14115,66,"Sheepmeat"
14116,66,"Sheepmeat"
14117,66,"Sheepmeat"
14118,66,"Sheepmeat"
14119,66,"Sheepmeat"
14124,66,"Sheepmeat"
14125,66,"Sheepmeat"
14127,66,"Sheepmeat"
14140,66,"Sheepmeat"
17720,66,"Sheepmeat"
17727,66,"Sheepmeat"
17728,66,"Sheepmeat"
17729,66,"Sheepmeat"
17730,66,"Sheepmeat"
17731,66,"Sheepmeat"
17524,66,"Sheepmeat"
17565,66,"Sheepmeat"
17767,66,"Sheepmeat"
17768,66,"Sheepmeat"
17769,66,"Sheepmeat"
17770,66,"Sheepmeat"
17568,66,"Sheepmeat"
17786,66,"Sheepmeat"
17791,66,"Sheepmeat"
17793,66,"Sheepmeat"
17794,66,"Sheepmeat"
17795,66,"Sheepmeat"
28907,66,"Sheepmeat"
17528,66,"Sheepmeat"
17529,66,"Sheepmeat"
17531,66,"Sheepmeat"
17532,66,"Sheepmeat"
17534,66,"Sheepmeat"
17535,66,"Sheepmeat"
17734,66,"Sheepmeat"
17737,66,"Sheepmeat"
17739,66,"Sheepmeat"
17740,66,"Sheepmeat"
17741,66,"Sheepmeat"
17742,66,"Sheepmeat"
17743,66,"Sheepmeat"
17744,66,"Sheepmeat"
17745,66,"Sheepmeat"
17746,66,"Sheepmeat"
17747,66,"Sheepmeat"
17761,66,"Sheepmeat"
17762,66,"Sheepmeat"
17763,66,"Sheepmeat"
17764,66,"Sheepmeat"
17766,66,"Sheepmeat"
14190,66,"Sheepmeat"
14192,66,"Sheepmeat"
13706,66,"Sheepmeat"
13713,66,"Sheepmeat"
13514,66,"Sheepmeat"
13515,66,"Sheepmeat"
13519,66,"Sheepmeat"
13520,66,"Sheepmeat"
13521,66,"Sheepmeat"
13522,66,"Sheepmeat"
13523,66,"Sheepmeat"
13524,66,"Sheepmeat"
13525,66,"Sheepmeat"
13526,66,"Sheepmeat"
13715,66,"Sheepmeat"
13716,66,"Sheepmeat"
13717,66,"Sheepmeat"
13718,66,"Sheepmeat"
13719,66,"Sheepmeat"
13722,66,"Sheepmeat"
13723,66,"Sheepmeat"
13724,66,"Sheepmeat"
13725,66,"Sheepmeat"
13726,66,"Sheepmeat"
13745,66,"Sheepmeat"
13746,66,"Sheepmeat"
13747,66,"Sheepmeat"
13748,66,"Sheepmeat"
13527,66,"Sheepmeat"
13528,66,"Sheepmeat"
13529,66,"Sheepmeat"
13530,66,"Sheepmeat"
13531,66,"Sheepmeat"
13532,66,"Sheepmeat"
13534,66,"Sheepmeat"
13535,66,"Sheepmeat"
13536,66,"Sheepmeat"
13537,66,"Sheepmeat"
13538,66,"Sheepmeat"
13539,66,"Sheepmeat"
13540,66,"Sheepmeat"
13541,66,"Sheepmeat"
13542,66,"Sheepmeat"
13543,66,"Sheepmeat"
13544,66,"Sheepmeat"
13545,66,"Sheepmeat"
13546,66,"Sheepmeat"
13547,66,"Sheepmeat"
13548,66,"Sheepmeat"
13749,66,"Sheepmeat"
13750,66,"Sheepmeat"
13751,66,"Sheepmeat"
13752,66,"Sheepmeat"
13758,66,"Sheepmeat"
13759,66,"Sheepmeat"
14226,66,"Sheepmeat"
17787,66,"Sheepmeat"
14088,66,"Sheepmeat"
14090,66,"Sheepmeat"
14091,66,"Sheepmeat"
16739,66,"Sheepmeat"
16744,66,"Sheepmeat"
16992,66,"Sheepmeat"
16993,66,"Sheepmeat"
16743,66,"Sheepmeat"
16780,66,"Sheepmeat"
16781,66,"Sheepmeat"
16783,66,"Sheepmeat"
16782,66,"Sheepmeat"
16014,66,"Sheepmeat"
15831,66,"Sheepmeat"
15741,66,"Sheepmeat"
15832,66,"Sheepmeat"
16023,66,"Sheepmeat"
15768,66,"Sheepmeat"
15769,66,"Sheepmeat"
15771,66,"Sheepmeat"
15770,66,"Sheepmeat"
16025,66,"Sheepmeat"
17047,66,"Sheepmeat"
17807,66,"Sheepmeat"
17583,66,"Sheepmeat"
17585,66,"Sheepmeat"
15767,66,"Sheepmeat"
15772,66,"Sheepmeat"
15774,66,"Sheepmeat"
15775,66,"Sheepmeat"
15776,66,"Sheepmeat"
15777,66,"Sheepmeat"
15794,66,"Sheepmeat"
15799,66,"Sheepmeat"
15800,66,"Sheepmeat"
15809,66,"Sheepmeat"
15817,66,"Sheepmeat"
16819,66,"Sheepmeat"
17042,66,"Sheepmeat"
17046,66,"Sheepmeat"
15833,66,"Sheepmeat"
15773,66,"Sheepmeat"
15778,66,"Sheepmeat"
15779,66,"Sheepmeat"
15780,66,"Sheepmeat"
15782,66,"Sheepmeat"
15783,66,"Sheepmeat"
15784,66,"Sheepmeat"
15787,66,"Sheepmeat"
15788,66,"Sheepmeat"
15789,66,"Sheepmeat"
15790,66,"Sheepmeat"
15791,66,"Sheepmeat"
15792,66,"Sheepmeat"
15793,66,"Sheepmeat"
15795,66,"Sheepmeat"
15796,66,"Sheepmeat"
15797,66,"Sheepmeat"
15798,66,"Sheepmeat"
15803,66,"Sheepmeat"
15804,66,"Sheepmeat"
15807,66,"Sheepmeat"
15808,66,"Sheepmeat"
15810,66,"Sheepmeat"
15811,66,"Sheepmeat"
15812,66,"Sheepmeat"
15816,66,"Sheepmeat"
15818,66,"Sheepmeat"
15819,66,"Sheepmeat"
15820,66,"Sheepmeat"
15565,66,"Sheepmeat"
15566,66,"Sheepmeat"
15567,66,"Sheepmeat"
15569,66,"Sheepmeat"
15825,66,"Sheepmeat"
16024,66,"Sheepmeat"
16026,66,"Sheepmeat"
16027,66,"Sheepmeat"
15834,66,"Sheepmeat"
16999,66,"Sheepmeat"
17011,66,"Sheepmeat"
16998,66,"Sheepmeat"
16746,66,"Sheepmeat"
16747,66,"Sheepmeat"
16748,66,"Sheepmeat"
15801,66,"Sheepmeat"
15763,66,"Sheepmeat"
15761,66,"Sheepmeat"
15762,66,"Sheepmeat"
17013,66,"Sheepmeat"
17010,66,"Sheepmeat"
17017,66,"Sheepmeat"
16750,66,"Sheepmeat"
16751,66,"Sheepmeat"
16752,66,"Sheepmeat"
17015,66,"Sheepmeat"
16741,66,"Sheepmeat"
16745,66,"Sheepmeat"
17016,66,"Sheepmeat"
17018,66,"Sheepmeat"
17019,66,"Sheepmeat"
16994,66,"Sheepmeat"
17022,66,"Sheepmeat"
17071,66,"Sheepmeat"
17072,66,"Sheepmeat"
17074,66,"Sheepmeat"
17075,66,"Sheepmeat"
16827,66,"Sheepmeat"
17041,66,"Sheepmeat"
16809,66,"Sheepmeat"
16825,66,"Sheepmeat"
16810,66,"Sheepmeat"
16817,66,"Sheepmeat"
16829,66,"Sheepmeat"
17069,66,"Sheepmeat"
17070,66,"Sheepmeat"
15474,66,"Sheepmeat"
15473,66,"Sheepmeat"
16821,66,"Sheepmeat"
16822,66,"Sheepmeat"
16823,66,"Sheepmeat"
16824,66,"Sheepmeat"
16826,66,"Sheepmeat"
17073,66,"Sheepmeat"
16828,66,"Sheepmeat"
17080,66,"Sheepmeat"
15478,66,"Sheepmeat"
15236,66,"Sheepmeat"
15482,66,"Sheepmeat"
15242,66,"Sheepmeat"
16818,66,"Sheepmeat"
16811,66,"Sheepmeat"
16814,66,"Sheepmeat"
16816,66,"Sheepmeat"
17067,66,"Sheepmeat"
16812,66,"Sheepmeat"
15246,66,"Sheepmeat"
15485,66,"Sheepmeat"
15239,66,"Sheepmeat"
15240,66,"Sheepmeat"
16785,66,"Sheepmeat"
17064,66,"Sheepmeat"
16838,66,"Sheepmeat"
15259,66,"Sheepmeat"
15484,66,"Sheepmeat"
17066,66,"Sheepmeat"
17065,66,"Sheepmeat"
13700,66,"Sheepmeat"
13702,66,"Sheepmeat"
13703,66,"Sheepmeat"
13705,66,"Sheepmeat"
13733,66,"Sheepmeat"
13734,66,"Sheepmeat"
13735,66,"Sheepmeat"
13736,66,"Sheepmeat"
13738,66,"Sheepmeat"
17756,66,"Sheepmeat"
17757,66,"Sheepmeat"
17758,66,"Sheepmeat"
17759,66,"Sheepmeat"
17539,66,"Sheepmeat"
17540,66,"Sheepmeat"
17554,66,"Sheepmeat"
17748,66,"Sheepmeat"
17749,66,"Sheepmeat"
17750,66,"Sheepmeat"
17751,66,"Sheepmeat"
17752,66,"Sheepmeat"
17753,66,"Sheepmeat"
17754,66,"Sheepmeat"
17545,66,"Sheepmeat"
17547,66,"Sheepmeat"
17549,66,"Sheepmeat"
17550,66,"Sheepmeat"
17551,66,"Sheepmeat"
17552,66,"Sheepmeat"
17553,66,"Sheepmeat"
17760,66,"Sheepmeat"
17577,66,"Sheepmeat"
13740,66,"Sheepmeat"
13741,66,"Sheepmeat"
13742,66,"Sheepmeat"
13743,66,"Sheepmeat"
13744,66,"Sheepmeat"
17541,66,"Sheepmeat"
17542,66,"Sheepmeat"
17543,66,"Sheepmeat"
17544,66,"Sheepmeat"
17546,66,"Sheepmeat"
17548,66,"Sheepmeat"
13739,66,"Sheepmeat"
13737,66,"Sheepmeat"
14097,66,"Sheepmeat"
14104,66,"Sheepmeat"
13502,66,"Sheepmeat"
13503,66,"Sheepmeat"
13698,66,"Sheepmeat"
13699,66,"Sheepmeat"
13712,66,"Sheepmeat"
13707,66,"Sheepmeat"
13708,66,"Sheepmeat"
13709,66,"Sheepmeat"
13710,66,"Sheepmeat"
13711,66,"Sheepmeat"
13505,66,"Sheepmeat"
13506,66,"Sheepmeat"
13507,66,"Sheepmeat"
13508,66,"Sheepmeat"
13509,66,"Sheepmeat"
13720,66,"Sheepmeat"
13721,66,"Sheepmeat"
13728,66,"Sheepmeat"
13729,66,"Sheepmeat"
13730,66,"Sheepmeat"
13731,66,"Sheepmeat"
13732,66,"Sheepmeat"
13772,66,"Sheepmeat"
13779,66,"Sheepmeat"
13780,66,"Sheepmeat"
13549,66,"Sheepmeat"
14100,66,"Sheepmeat"
14099,66,"Sheepmeat"
13783,66,"Sheepmeat"
13785,66,"Sheepmeat"
13795,66,"Sheepmeat"
14198,66,"Sheepmeat"
13804,66,"Sheepmeat"
14199,66,"Sheepmeat"
14214,66,"Sheepmeat"
14215,66,"Sheepmeat"
14159,66,"Sheepmeat"
14160,66,"Sheepmeat"
13820,66,"Sheepmeat"
14164,66,"Sheepmeat"
14168,66,"Sheepmeat"
14169,66,"Sheepmeat"
14170,66,"Sheepmeat"
14171,66,"Sheepmeat"
14173,66,"Sheepmeat"
14174,66,"Sheepmeat"
14175,66,"Sheepmeat"
14176,66,"Sheepmeat"
14177,66,"Sheepmeat"
14178,66,"Sheepmeat"
13941,66,"Sheepmeat"
14186,66,"Sheepmeat"
14187,66,"Sheepmeat"
14188,66,"Sheepmeat"
14179,66,"Sheepmeat"
13807,66,"Sheepmeat"
13809,66,"Sheepmeat"
13810,66,"Sheepmeat"
13811,66,"Sheepmeat"
13812,66,"Sheepmeat"
13826,66,"Sheepmeat"
13827,66,"Sheepmeat"
13828,66,"Sheepmeat"
13831,66,"Sheepmeat"
13533,66,"Sheepmeat"
13753,66,"Sheepmeat"
13754,66,"Sheepmeat"
13755,66,"Sheepmeat"
13756,66,"Sheepmeat"
13757,66,"Sheepmeat"
14202,66,"Sheepmeat"
14203,66,"Sheepmeat"
14204,66,"Sheepmeat"
14205,66,"Sheepmeat"
14207,66,"Sheepmeat"
14221,66,"Sheepmeat"
14222,66,"Sheepmeat"
17732,66,"Sheepmeat"
17772,66,"Sheepmeat"
17773,66,"Sheepmeat"
17775,66,"Sheepmeat"
17778,66,"Sheepmeat"
17779,66,"Sheepmeat"
17780,66,"Sheepmeat"
17781,66,"Sheepmeat"
17569,66,"Sheepmeat"
17518,66,"Sheepmeat"
17776,66,"Sheepmeat"
14189,66,"Sheepmeat"
17536,66,"Sheepmeat"
17735,66,"Sheepmeat"
17736,66,"Sheepmeat"
17738,66,"Sheepmeat"
17755,66,"Sheepmeat"
17765,66,"Sheepmeat"
22587,66,"Sheepmeat"
22592,66,"Sheepmeat"
22596,66,"Sheepmeat"
22605,66,"Sheepmeat"
22606,66,"Sheepmeat"
22832,66,"Sheepmeat"
22833,66,"Sheepmeat"
22834,66,"Sheepmeat"
22616,66,"Sheepmeat"
22617,66,"Sheepmeat"
22619,66,"Sheepmeat"
22621,66,"Sheepmeat"
22618,66,"Sheepmeat"
22615,66,"Sheepmeat"
7944,66,"Sheepmeat"
7945,66,"Sheepmeat"
7360,66,"Sheepmeat"
11900,66,"Sheepmeat"
12130,66,"Sheepmeat"
12134,66,"Sheepmeat"
22282,66,"Sheepmeat"
22283,66,"Sheepmeat"
22546,66,"Sheepmeat"
22738,66,"Sheepmeat"
22739,66,"Sheepmeat"
22542,66,"Sheepmeat"
22702,66,"Sheepmeat"
22713,66,"Sheepmeat"
22715,66,"Sheepmeat"
22716,66,"Sheepmeat"
22728,66,"Sheepmeat"
13470,66,"Sheepmeat"
13474,66,"Sheepmeat"
13475,66,"Sheepmeat"
13476,66,"Sheepmeat"
13216,66,"Sheepmeat"
13218,66,"Sheepmeat"
13471,66,"Sheepmeat"
15688,66,"Sheepmeat"
13217,66,"Sheepmeat"
15703,66,"Sheepmeat"
15760,66,"Sheepmeat"
13221,66,"Sheepmeat"
15702,66,"Sheepmeat"
15697,66,"Sheepmeat"
15689,66,"Sheepmeat"
15666,66,"Sheepmeat"
15667,66,"Sheepmeat"
17812,66,"Sheepmeat"
17814,66,"Sheepmeat"
17816,66,"Sheepmeat"
12537,66,"Sheepmeat"
12538,66,"Sheepmeat"
15671,66,"Sheepmeat"
15679,66,"Sheepmeat"
15682,66,"Sheepmeat"
15726,66,"Sheepmeat"
15729,66,"Sheepmeat"
15730,66,"Sheepmeat"
15731,66,"Sheepmeat"
13642,66,"Sheepmeat"
15657,66,"Sheepmeat"
15653,66,"Sheepmeat"
15668,66,"Sheepmeat"
15669,66,"Sheepmeat"
15670,66,"Sheepmeat"
15673,66,"Sheepmeat"
15672,66,"Sheepmeat"
15663,66,"Sheepmeat"
15665,66,"Sheepmeat"
15680,66,"Sheepmeat"
15681,66,"Sheepmeat"
15654,66,"Sheepmeat"
15655,66,"Sheepmeat"
21829,66,"Sheepmeat"
22063,66,"Sheepmeat"
22069,66,"Sheepmeat"
22070,66,"Sheepmeat"
22071,66,"Sheepmeat"
22073,66,"Sheepmeat"
22074,66,"Sheepmeat"
22075,66,"Sheepmeat"
22076,66,"Sheepmeat"
22077,66,"Sheepmeat"
22078,66,"Sheepmeat"
22081,66,"Sheepmeat"
22082,66,"Sheepmeat"
21836,66,"Sheepmeat"
21837,66,"Sheepmeat"
21838,66,"Sheepmeat"
21839,66,"Sheepmeat"
21841,66,"Sheepmeat"
21842,66,"Sheepmeat"
21843,66,"Sheepmeat"
21844,66,"Sheepmeat"
15496,66,"Sheepmeat"
15495,66,"Sheepmeat"
15505,66,"Sheepmeat"
15506,66,"Sheepmeat"
15522,66,"Sheepmeat"
22464,66,"Sheepmeat"
22465,66,"Sheepmeat"
15261,66,"Sheepmeat"
15582,66,"Sheepmeat"
15585,66,"Sheepmeat"
15586,66,"Sheepmeat"
15587,66,"Sheepmeat"
15588,66,"Sheepmeat"
15599,66,"Sheepmeat"
15528,66,"Sheepmeat"
15601,66,"Sheepmeat"
15600,66,"Sheepmeat"
15604,66,"Sheepmeat"
15605,66,"Sheepmeat"
15606,66,"Sheepmeat"
15548,66,"Sheepmeat"
15551,66,"Sheepmeat"
15552,66,"Sheepmeat"
15553,66,"Sheepmeat"
15554,66,"Sheepmeat"
15555,66,"Sheepmeat"
15558,66,"Sheepmeat"
15560,66,"Sheepmeat"
15561,66,"Sheepmeat"
15593,66,"Sheepmeat"
15594,66,"Sheepmeat"
15597,66,"Sheepmeat"
15598,66,"Sheepmeat"
15602,66,"Sheepmeat"
15603,66,"Sheepmeat"
15608,66,"Sheepmeat"
15610,66,"Sheepmeat"
15612,66,"Sheepmeat"
15614,66,"Sheepmeat"
16839,66,"Sheepmeat"
16840,66,"Sheepmeat"
16841,66,"Sheepmeat"
16842,66,"Sheepmeat"
16843,66,"Sheepmeat"
16844,66,"Sheepmeat"
16845,66,"Sheepmeat"
16846,66,"Sheepmeat"
16847,66,"Sheepmeat"
16848,66,"Sheepmeat"
16849,66,"Sheepmeat"
16850,66,"Sheepmeat"
16851,66,"Sheepmeat"
16852,66,"Sheepmeat"
16853,66,"Sheepmeat"
16854,66,"Sheepmeat"
16855,66,"Sheepmeat"
16857,66,"Sheepmeat"
15607,66,"Sheepmeat"
15609,66,"Sheepmeat"
15611,66,"Sheepmeat"
15613,66,"Sheepmeat"
15615,66,"Sheepmeat"
15617,66,"Sheepmeat"
15618,66,"Sheepmeat"
15619,66,"Sheepmeat"
15620,66,"Sheepmeat"
15621,66,"Sheepmeat"
15622,66,"Sheepmeat"
15623,66,"Sheepmeat"
15624,66,"Sheepmeat"
15625,66,"Sheepmeat"
15626,66,"Sheepmeat"
15627,66,"Sheepmeat"
15628,66,"Sheepmeat"
15629,66,"Sheepmeat"
15630,66,"Sheepmeat"
15631,66,"Sheepmeat"
15632,66,"Sheepmeat"
15633,66,"Sheepmeat"
15634,66,"Sheepmeat"
15260,66,"Sheepmeat"
15529,66,"Sheepmeat"
15590,66,"Sheepmeat"
22463,66,"Sheepmeat"
15264,66,"Sheepmeat"
15265,66,"Sheepmeat"
15266,66,"Sheepmeat"
15267,66,"Sheepmeat"
15268,66,"Sheepmeat"
15270,66,"Sheepmeat"
15275,66,"Sheepmeat"
15276,66,"Sheepmeat"
15277,66,"Sheepmeat"
15281,66,"Sheepmeat"
15530,66,"Sheepmeat"
15531,66,"Sheepmeat"
15532,66,"Sheepmeat"
15533,66,"Sheepmeat"
15534,66,"Sheepmeat"
15535,66,"Sheepmeat"
15536,66,"Sheepmeat"
15537,66,"Sheepmeat"
15538,66,"Sheepmeat"
15539,66,"Sheepmeat"
22466,66,"Sheepmeat"
15488,66,"Sheepmeat"
15498,66,"Sheepmeat"
15486,66,"Sheepmeat"
15489,66,"Sheepmeat"
15490,66,"Sheepmeat"
15492,66,"Sheepmeat"
15493,66,"Sheepmeat"
15494,66,"Sheepmeat"
15254,66,"Sheepmeat"
15491,66,"Sheepmeat"
15521,66,"Sheepmeat"
15256,66,"Sheepmeat"
15257,66,"Sheepmeat"
15258,66,"Sheepmeat"
15524,66,"Sheepmeat"
15525,66,"Sheepmeat"
16837,66,"Sheepmeat"
15576,66,"Sheepmeat"
15283,66,"Sheepmeat"
15284,66,"Sheepmeat"
15285,66,"Sheepmeat"
15286,66,"Sheepmeat"
15571,66,"Sheepmeat"
15575,66,"Sheepmeat"
15288,66,"Sheepmeat"
15263,66,"Sheepmeat"
15282,66,"Sheepmeat"
15570,66,"Sheepmeat"
15291,66,"Sheepmeat"
15549,66,"Sheepmeat"
15550,66,"Sheepmeat"
15563,66,"Sheepmeat"
15579,66,"Sheepmeat"
15581,66,"Sheepmeat"
22208,66,"Sheepmeat"
22211,66,"Sheepmeat"
22220,66,"Sheepmeat"
22221,66,"Sheepmeat"
22222,66,"Sheepmeat"
22223,66,"Sheepmeat"
22224,66,"Sheepmeat"
22230,66,"Sheepmeat"
22468,66,"Sheepmeat"
22469,66,"Sheepmeat"
22476,66,"Sheepmeat"
22477,66,"Sheepmeat"
22478,66,"Sheepmeat"
22479,66,"Sheepmeat"
22480,66,"Sheepmeat"
22481,66,"Sheepmeat"
22482,66,"Sheepmeat"
22484,66,"Sheepmeat"
22485,66,"Sheepmeat"
22487,66,"Sheepmeat"
22231,66,"Sheepmeat"
16046,66,"Sheepmeat"
16797,66,"Sheepmeat"
17059,66,"Sheepmeat"
15527,66,"Sheepmeat"
22471,66,"Sheepmeat"
22233,66,"Sheepmeat"
22234,66,"Sheepmeat"
22235,66,"Sheepmeat"
22236,66,"Sheepmeat"
22238,66,"Sheepmeat"
22239,66,"Sheepmeat"
22241,66,"Sheepmeat"
22518,66,"Sheepmeat"
15848,66,"Sheepmeat"
22232,66,"Sheepmeat"
22467,66,"Sheepmeat"
22210,66,"Sheepmeat"
15847,66,"Sheepmeat"
22472,66,"Sheepmeat"
22250,66,"Sheepmeat"
22251,66,"Sheepmeat"
22252,66,"Sheepmeat"
22254,66,"Sheepmeat"
22517,66,"Sheepmeat"
22256,66,"Sheepmeat"
15556,66,"Sheepmeat"
15557,66,"Sheepmeat"
15559,66,"Sheepmeat"
15589,66,"Sheepmeat"
15591,66,"Sheepmeat"
15592,66,"Sheepmeat"
15595,66,"Sheepmeat"
15596,66,"Sheepmeat"
16856,66,"Sheepmeat"
16858,66,"Sheepmeat"
15635,66,"Sheepmeat"
15636,66,"Sheepmeat"
15637,66,"Sheepmeat"
15580,66,"Sheepmeat"
22227,66,"Sheepmeat"
22228,66,"Sheepmeat"
22229,66,"Sheepmeat"
22470,66,"Sheepmeat"
22473,66,"Sheepmeat"
22474,66,"Sheepmeat"
22475,66,"Sheepmeat"
22486,66,"Sheepmeat"
22237,66,"Sheepmeat"
22240,66,"Sheepmeat"
22244,66,"Sheepmeat"
22515,66,"Sheepmeat"
22516,66,"Sheepmeat"
22513,66,"Sheepmeat"
22255,66,"Sheepmeat"
22514,66,"Sheepmeat"
22519,66,"Sheepmeat"
22242,66,"Sheepmeat"
22243,66,"Sheepmeat"
22521,66,"Sheepmeat"
22274,66,"Sheepmeat"
22740,66,"Sheepmeat"
13701,66,"Sheepmeat"
14094,66,"Sheepmeat"
22273,66,"Sheepmeat"
22276,66,"Sheepmeat"
22522,66,"Sheepmeat"
22245,66,"Sheepmeat"
22246,66,"Sheepmeat"
22247,66,"Sheepmeat"
22248,66,"Sheepmeat"
22249,66,"Sheepmeat"
22253,66,"Sheepmeat"
22491,66,"Sheepmeat"
22492,66,"Sheepmeat"
22493,66,"Sheepmeat"
22512,66,"Sheepmeat"
22703,66,"Sheepmeat"
22523,66,"Sheepmeat"
22591,66,"Sheepmeat"
22826,66,"Sheepmeat"
22667,66,"Sheepmeat"
22494,66,"Sheepmeat"
22496,66,"Sheepmeat"
22497,66,"Sheepmeat"
22498,66,"Sheepmeat"
22499,66,"Sheepmeat"
22500,66,"Sheepmeat"
22501,66,"Sheepmeat"
22502,66,"Sheepmeat"
22503,66,"Sheepmeat"
22504,66,"Sheepmeat"
22505,66,"Sheepmeat"
22506,66,"Sheepmeat"
22507,66,"Sheepmeat"
22508,66,"Sheepmeat"
22509,66,"Sheepmeat"
22257,66,"Sheepmeat"
22258,66,"Sheepmeat"
22259,66,"Sheepmeat"
22260,66,"Sheepmeat"
22261,66,"Sheepmeat"
22263,66,"Sheepmeat"
22264,66,"Sheepmeat"
22265,66,"Sheepmeat"
22266,66,"Sheepmeat"
22267,66,"Sheepmeat"
22510,66,"Sheepmeat"
22511,66,"Sheepmeat"
22275,66,"Sheepmeat"
22277,66,"Sheepmeat"
22278,66,"Sheepmeat"
22525,66,"Sheepmeat"
22526,66,"Sheepmeat"
22528,66,"Sheepmeat"
22529,66,"Sheepmeat"
22530,66,"Sheepmeat"
22531,66,"Sheepmeat"
22532,66,"Sheepmeat"
22533,66,"Sheepmeat"
22706,66,"Sheepmeat"
22708,66,"Sheepmeat"
17001,66,"Sheepmeat"
17009,66,"Sheepmeat"
15511,66,"Sheepmeat"
15512,66,"Sheepmeat"
22707,66,"Sheepmeat"
15513,66,"Sheepmeat"
15742,66,"Sheepmeat"
15744,66,"Sheepmeat"
15756,66,"Sheepmeat"
15743,66,"Sheepmeat"
15746,66,"Sheepmeat"
15747,66,"Sheepmeat"
15748,66,"Sheepmeat"
15749,66,"Sheepmeat"
15750,66,"Sheepmeat"
15751,66,"Sheepmeat"
15752,66,"Sheepmeat"
16018,66,"Sheepmeat"
16019,66,"Sheepmeat"
16020,66,"Sheepmeat"
17007,66,"Sheepmeat"
16984,66,"Sheepmeat"
16985,66,"Sheepmeat"
16986,66,"Sheepmeat"
16987,66,"Sheepmeat"
16988,66,"Sheepmeat"
16990,66,"Sheepmeat"
16022,66,"Sheepmeat"
16742,66,"Sheepmeat"
16997,66,"Sheepmeat"
16995,66,"Sheepmeat"
16996,66,"Sheepmeat"
15828,66,"Sheepmeat"
16015,66,"Sheepmeat"
16016,66,"Sheepmeat"
16017,66,"Sheepmeat"
16013,66,"Sheepmeat"
15781,66,"Sheepmeat"
15785,66,"Sheepmeat"
15786,66,"Sheepmeat"
15802,66,"Sheepmeat"
15805,66,"Sheepmeat"
15806,66,"Sheepmeat"
15813,66,"Sheepmeat"
15814,66,"Sheepmeat"
15815,66,"Sheepmeat"
15821,66,"Sheepmeat"
15564,66,"Sheepmeat"
16989,66,"Sheepmeat"
16991,66,"Sheepmeat"
17002,66,"Sheepmeat"
17003,66,"Sheepmeat"
17004,66,"Sheepmeat"
17005,66,"Sheepmeat"
17006,66,"Sheepmeat"
17008,66,"Sheepmeat"
17045,66,"Sheepmeat"
17811,66,"Sheepmeat"
15658,66,"Sheepmeat"
15659,66,"Sheepmeat"
15660,66,"Sheepmeat"
15661,66,"Sheepmeat"
15662,66,"Sheepmeat"
17591,66,"Sheepmeat"
17817,66,"Sheepmeat"
17822,66,"Sheepmeat"
15714,66,"Sheepmeat"
15717,66,"Sheepmeat"
15718,66,"Sheepmeat"
15719,66,"Sheepmeat"
15721,66,"Sheepmeat"
15722,66,"Sheepmeat"
15723,66,"Sheepmeat"
15724,66,"Sheepmeat"
15727,66,"Sheepmeat"
15728,66,"Sheepmeat"
12540,66,"Sheepmeat"
15664,66,"Sheepmeat"
22031,66,"Sheepmeat"
22040,66,"Sheepmeat"
22043,66,"Sheepmeat"
21854,66,"Sheepmeat"
22092,66,"Sheepmeat"
22093,66,"Sheepmeat"
22096,66,"Sheepmeat"
22097,66,"Sheepmeat"
22098,66,"Sheepmeat"
12504,66,"Sheepmeat"
22032,66,"Sheepmeat"
22034,66,"Sheepmeat"
22035,66,"Sheepmeat"
22038,66,"Sheepmeat"
22041,66,"Sheepmeat"
22054,66,"Sheepmeat"
21847,66,"Sheepmeat"
21848,66,"Sheepmeat"
22018,66,"Sheepmeat"
22042,66,"Sheepmeat"
22049,66,"Sheepmeat"
22055,66,"Sheepmeat"
21816,66,"Sheepmeat"
27463,66,"Sheepmeat"
21786,66,"Sheepmeat"
21787,66,"Sheepmeat"
22058,66,"Sheepmeat"
22061,66,"Sheepmeat"
21808,66,"Sheepmeat"
21809,66,"Sheepmeat"
21810,66,"Sheepmeat"
21813,66,"Sheepmeat"
21814,66,"Sheepmeat"
21815,66,"Sheepmeat"
21817,66,"Sheepmeat"
21818,66,"Sheepmeat"
21819,66,"Sheepmeat"
21820,66,"Sheepmeat"
21821,66,"Sheepmeat"
21822,66,"Sheepmeat"
21823,66,"Sheepmeat"
21824,66,"Sheepmeat"
21825,66,"Sheepmeat"
21826,66,"Sheepmeat"
21827,66,"Sheepmeat"
21828,66,"Sheepmeat"
22064,66,"Sheepmeat"
22065,66,"Sheepmeat"
22066,66,"Sheepmeat"
22067,66,"Sheepmeat"
22068,66,"Sheepmeat"
22084,66,"Sheepmeat"
22085,66,"Sheepmeat"
22086,66,"Sheepmeat"
22087,66,"Sheepmeat"
22088,66,"Sheepmeat"
21830,66,"Sheepmeat"
21831,66,"Sheepmeat"
21832,66,"Sheepmeat"
21833,66,"Sheepmeat"
12541,66,"Sheepmeat"
21798,66,"Sheepmeat"
22044,66,"Sheepmeat"
22045,66,"Sheepmeat"
17784,66,"Sheepmeat"
17820,66,"Sheepmeat"
21812,66,"Sheepmeat"
21834,66,"Sheepmeat"
21835,66,"Sheepmeat"
21851,66,"Sheepmeat"
21852,66,"Sheepmeat"
22033,66,"Sheepmeat"
22036,66,"Sheepmeat"
22037,66,"Sheepmeat"
22039,66,"Sheepmeat"
24856,66,"Sheepmeat"
24885,66,"Sheepmeat"
24847,66,"Sheepmeat"
24855,66,"Sheepmeat"
24854,66,"Sheepmeat"
24857,66,"Sheepmeat"
24858,66,"Sheepmeat"
24860,66,"Sheepmeat"
24862,66,"Sheepmeat"
24863,66,"Sheepmeat"
24864,66,"Sheepmeat"
23817,66,"Sheepmeat"
24867,66,"Sheepmeat"
24669,66,"Sheepmeat"
24670,66,"Sheepmeat"
24672,66,"Sheepmeat"
24886,66,"Sheepmeat"
24887,66,"Sheepmeat"
24888,66,"Sheepmeat"
24889,66,"Sheepmeat"
24668,66,"Sheepmeat"
21998,66,"Sheepmeat"
21999,66,"Sheepmeat"
22000,66,"Sheepmeat"
22002,66,"Sheepmeat"
23815,66,"Sheepmeat"
23816,66,"Sheepmeat"
23616,66,"Sheepmeat"
21846,66,"Sheepmeat"
21850,66,"Sheepmeat"
21853,66,"Sheepmeat"
22089,66,"Sheepmeat"
22090,66,"Sheepmeat"
22094,66,"Sheepmeat"
22003,66,"Sheepmeat"
22006,66,"Sheepmeat"
22012,66,"Sheepmeat"
22014,66,"Sheepmeat"
22015,66,"Sheepmeat"
22016,66,"Sheepmeat"
22017,66,"Sheepmeat"
21805,66,"Sheepmeat"
21806,66,"Sheepmeat"
23828,66,"Sheepmeat"
23829,66,"Sheepmeat"
23830,66,"Sheepmeat"
23831,66,"Sheepmeat"
23832,66,"Sheepmeat"
23833,66,"Sheepmeat"
23834,66,"Sheepmeat"
23835,66,"Sheepmeat"
23836,66,"Sheepmeat"
23837,66,"Sheepmeat"
23848,66,"Sheepmeat"
23849,66,"Sheepmeat"
23850,66,"Sheepmeat"
23851,66,"Sheepmeat"
23852,66,"Sheepmeat"
23853,66,"Sheepmeat"
23605,66,"Sheepmeat"
23606,66,"Sheepmeat"
23607,66,"Sheepmeat"
23609,66,"Sheepmeat"
23610,66,"Sheepmeat"
23611,66,"Sheepmeat"
23612,66,"Sheepmeat"
23613,66,"Sheepmeat"
23614,66,"Sheepmeat"
23615,66,"Sheepmeat"
23618,66,"Sheepmeat"
23619,66,"Sheepmeat"
23862,66,"Sheepmeat"
23863,66,"Sheepmeat"
23864,66,"Sheepmeat"
23865,66,"Sheepmeat"
23866,66,"Sheepmeat"
23867,66,"Sheepmeat"
23868,66,"Sheepmeat"
23872,66,"Sheepmeat"
23873,66,"Sheepmeat"
23874,66,"Sheepmeat"
23875,66,"Sheepmeat"
23876,66,"Sheepmeat"
23877,66,"Sheepmeat"
23878,66,"Sheepmeat"
23879,66,"Sheepmeat"
23880,66,"Sheepmeat"
23881,66,"Sheepmeat"
23883,66,"Sheepmeat"
23621,66,"Sheepmeat"
23622,66,"Sheepmeat"
23623,66,"Sheepmeat"
23624,66,"Sheepmeat"
23625,66,"Sheepmeat"
23627,66,"Sheepmeat"
23629,66,"Sheepmeat"
23632,66,"Sheepmeat"
23633,66,"Sheepmeat"
23648,66,"Sheepmeat"
23884,66,"Sheepmeat"
12490,66,"Sheepmeat"
12514,66,"Sheepmeat"
12515,66,"Sheepmeat"
12517,66,"Sheepmeat"
15677,66,"Sheepmeat"
15709,66,"Sheepmeat"
15710,66,"Sheepmeat"
15711,66,"Sheepmeat"
15708,66,"Sheepmeat"
15735,66,"Sheepmeat"
15745,66,"Sheepmeat"
15732,66,"Sheepmeat"
15739,66,"Sheepmeat"
15736,66,"Sheepmeat"
15737,66,"Sheepmeat"
15738,66,"Sheepmeat"
15757,66,"Sheepmeat"
15758,66,"Sheepmeat"
15759,66,"Sheepmeat"
15683,66,"Sheepmeat"
15684,66,"Sheepmeat"
15685,66,"Sheepmeat"
15693,66,"Sheepmeat"
15694,66,"Sheepmeat"
15696,66,"Sheepmeat"
15713,66,"Sheepmeat"
15715,66,"Sheepmeat"
13220,66,"Sheepmeat"
15734,66,"Sheepmeat"
15733,66,"Sheepmeat"
15690,66,"Sheepmeat"
15691,66,"Sheepmeat"
15712,66,"Sheepmeat"
15704,66,"Sheepmeat"
15705,66,"Sheepmeat"
15716,66,"Sheepmeat"
15725,66,"Sheepmeat"
98,66,"Sheepmeat"
27735,71,"Fruit"
27736,71,"Fruit"
27502,71,"Fruit"
27503,71,"Fruit"
27538,71,"Fruit"
27539,71,"Fruit"
27543,71,"Fruit"
27544,71,"Fruit"
27545,71,"Fruit"
27785,71,"Fruit"
27786,71,"Fruit"
27787,71,"Fruit"
27788,71,"Fruit"
27789,71,"Fruit"
27793,71,"Fruit"
28907,71,"Fruit"
28653,71,"Fruit"
27735,72,"Fruit"
27736,72,"Fruit"
27502,72,"Fruit"
27503,72,"Fruit"
27538,72,"Fruit"
27539,72,"Fruit"
27543,72,"Fruit"
27544,72,"Fruit"
27545,72,"Fruit"
27785,72,"Fruit"
27786,72,"Fruit"
27787,72,"Fruit"
27788,72,"Fruit"
27789,72,"Fruit"
27793,72,"Fruit"
28907,72,"Fruit"
28653,72,"Fruit"
27735,78,"Fruit"
27736,78,"Fruit"
27502,78,"Fruit"
27503,78,"Fruit"
27538,78,"Fruit"
27539,78,"Fruit"
27543,78,"Fruit"
27544,78,"Fruit"
27545,78,"Fruit"
27785,78,"Fruit"
27786,78,"Fruit"
27787,78,"Fruit"
27788,78,"Fruit"
27789,78,"Fruit"
27793,78,"Fruit"
28907,78,"Fruit"
28653,78,"Fruit"
28890,70,"Fruit"
28891,70,"Fruit"
28895,70,"Fruit"
28900,70,"Fruit"
28901,70,"Fruit"
28902,70,"Fruit"
28667,70,"Fruit"
27499,70,"Fruit"
28898,70,"Fruit"
28899,70,"Fruit"
28670,70,"Fruit"
28644,70,"Fruit"
28651,70,"Fruit"
28652,70,"Fruit"
28654,70,"Fruit"
28868,70,"Fruit"
28893,70,"Fruit"
28894,70,"Fruit"
28896,70,"Fruit"
28897,70,"Fruit"
28668,70,"Fruit"
28645,70,"Fruit"
28649,70,"Fruit"
28890,73,"Fruit"
28891,73,"Fruit"
28895,73,"Fruit"
28900,73,"Fruit"
28901,73,"Fruit"
28902,73,"Fruit"
28667,73,"Fruit"
27499,73,"Fruit"
28898,73,"Fruit"
28899,73,"Fruit"
28670,73,"Fruit"
28644,73,"Fruit"
28651,73,"Fruit"
28652,73,"Fruit"
28654,73,"Fruit"
28868,73,"Fruit"
28893,73,"Fruit"
28894,73,"Fruit"
28896,73,"Fruit"
28897,73,"Fruit"
28668,73,"Fruit"
28645,73,"Fruit"
28649,73,"Fruit"
27508,79,"Sheepmeat"
27781,79,"Sheepmeat"
27757,79,"Sheepmeat"
27758,79,"Sheepmeat"
27765,79,"Sheepmeat"
27769,79,"Sheepmeat"
27770,79,"Sheepmeat"
27773,79,"Sheepmeat"
13850,79,"Sheepmeat"
13852,79,"Sheepmeat"
13599,79,"Sheepmeat"
27755,79,"Sheepmeat"
27761,79,"Sheepmeat"
27762,79,"Sheepmeat"
27763,79,"Sheepmeat"
27764,79,"Sheepmeat"
27536,79,"Sheepmeat"
27548,79,"Sheepmeat"
27774,79,"Sheepmeat"
28907,79,"Sheepmeat"
101,65,"Sheepmeat"
103,65,"Sheepmeat"
99,65,"Sheepmeat"
15481,65,"Sheepmeat"
104,65,"Sheepmeat"
107,65,"Sheepmeat"
105,65,"Sheepmeat"
109,65,"Sheepmeat"
106,65,"Sheepmeat"
111,65,"Sheepmeat"
127,65,"Sheepmeat"
16764,65,"Sheepmeat"
16771,65,"Sheepmeat"
112,65,"Sheepmeat"
126,65,"Sheepmeat"
16763,65,"Sheepmeat"
4412,65,"Sheepmeat"
4417,65,"Sheepmeat"
4655,65,"Sheepmeat"
3044,65,"Sheepmeat"
4653,65,"Sheepmeat"
2977,65,"Sheepmeat"
4403,65,"Sheepmeat"
4404,65,"Sheepmeat"
4392,65,"Sheepmeat"
4393,65,"Sheepmeat"
4394,65,"Sheepmeat"
4405,65,"Sheepmeat"
3048,65,"Sheepmeat"
4406,65,"Sheepmeat"
4407,65,"Sheepmeat"
4657,65,"Sheepmeat"
4658,65,"Sheepmeat"
3052,65,"Sheepmeat"
4659,65,"Sheepmeat"
4660,65,"Sheepmeat"
4410,65,"Sheepmeat"
4411,65,"Sheepmeat"
3053,65,"Sheepmeat"
3054,65,"Sheepmeat"
4418,65,"Sheepmeat"
4419,65,"Sheepmeat"
4423,65,"Sheepmeat"
2998,65,"Sheepmeat"
4414,65,"Sheepmeat"
4664,65,"Sheepmeat"
4413,65,"Sheepmeat"
4415,65,"Sheepmeat"
4662,65,"Sheepmeat"
3024,65,"Sheepmeat"
3050,65,"Sheepmeat"
3013,65,"Sheepmeat"
3049,65,"Sheepmeat"
3022,65,"Sheepmeat"
3051,65,"Sheepmeat"
2993,65,"Sheepmeat"
4667,65,"Sheepmeat"
4424,65,"Sheepmeat"
3003,65,"Sheepmeat"
7897,65,"Sheepmeat"
7899,65,"Sheepmeat"
15237,65,"Sheepmeat"
15483,65,"Sheepmeat"
7905,65,"Sheepmeat"
7288,65,"Sheepmeat"
7898,65,"Sheepmeat"
7290,65,"Sheepmeat"
7291,65,"Sheepmeat"
7292,65,"Sheepmeat"
7909,65,"Sheepmeat"
7877,65,"Sheepmeat"
7289,65,"Sheepmeat"
7896,65,"Sheepmeat"
7287,65,"Sheepmeat"
15501,65,"Sheepmeat"
7876,65,"Sheepmeat"
15238,65,"Sheepmeat"
15499,65,"Sheepmeat"
15500,65,"Sheepmeat"
15502,65,"Sheepmeat"
15503,65,"Sheepmeat"
4656,65,"Sheepmeat"
4420,65,"Sheepmeat"
4665,65,"Sheepmeat"
7886,65,"Sheepmeat"
7276,65,"Sheepmeat"
7277,65,"Sheepmeat"
15249,65,"Sheepmeat"
7296,65,"Sheepmeat"
7297,65,"Sheepmeat"
7298,65,"Sheepmeat"
7910,65,"Sheepmeat"
7912,65,"Sheepmeat"
7263,65,"Sheepmeat"
7911,65,"Sheepmeat"
7300,65,"Sheepmeat"
7858,65,"Sheepmeat"
7881,65,"Sheepmeat"
7888,65,"Sheepmeat"
7890,65,"Sheepmeat"
7283,65,"Sheepmeat"
7892,65,"Sheepmeat"
7281,65,"Sheepmeat"
7282,65,"Sheepmeat"
7894,65,"Sheepmeat"
7285,65,"Sheepmeat"
7286,65,"Sheepmeat"
7856,65,"Sheepmeat"
7893,65,"Sheepmeat"
7895,65,"Sheepmeat"
15998,65,"Sheepmeat"
7884,65,"Sheepmeat"
7284,65,"Sheepmeat"
15999,65,"Sheepmeat"
16000,65,"Sheepmeat"
16001,65,"Sheepmeat"
16004,65,"Sheepmeat"
7891,65,"Sheepmeat"
7261,65,"Sheepmeat"
7264,65,"Sheepmeat"
7265,65,"Sheepmeat"
11621,65,"Sheepmeat"
22835,65,"Sheepmeat"
7853,65,"Sheepmeat"
7859,65,"Sheepmeat"
7860,65,"Sheepmeat"
7861,65,"Sheepmeat"
7356,65,"Sheepmeat"
11901,65,"Sheepmeat"
7862,65,"Sheepmeat"
7863,65,"Sheepmeat"
7864,65,"Sheepmeat"
7867,65,"Sheepmeat"
7274,65,"Sheepmeat"
7880,65,"Sheepmeat"
7889,65,"Sheepmeat"
12131,65,"Sheepmeat"
12135,65,"Sheepmeat"
7357,65,"Sheepmeat"
7363,65,"Sheepmeat"
12132,65,"Sheepmeat"
11903,65,"Sheepmeat"
15248,65,"Sheepmeat"
15250,65,"Sheepmeat"
15251,65,"Sheepmeat"
15504,65,"Sheepmeat"
15507,65,"Sheepmeat"
15508,65,"Sheepmeat"
15514,65,"Sheepmeat"
15515,65,"Sheepmeat"
15518,65,"Sheepmeat"
15519,65,"Sheepmeat"
15252,65,"Sheepmeat"
15253,65,"Sheepmeat"
7260,65,"Sheepmeat"
7871,65,"Sheepmeat"
7267,65,"Sheepmeat"
7272,65,"Sheepmeat"
7885,65,"Sheepmeat"
16006,65,"Sheepmeat"
15845,65,"Sheepmeat"
15846,65,"Sheepmeat"
7857,65,"Sheepmeat"
22543,65,"Sheepmeat"
22544,65,"Sheepmeat"
22545,65,"Sheepmeat"
7854,65,"Sheepmeat"
7855,65,"Sheepmeat"
7868,65,"Sheepmeat"
7269,65,"Sheepmeat"
7270,65,"Sheepmeat"
7866,65,"Sheepmeat"
7869,65,"Sheepmeat"
7259,65,"Sheepmeat"
7302,65,"Sheepmeat"
7918,65,"Sheepmeat"
7852,65,"Sheepmeat"
7870,65,"Sheepmeat"
7873,65,"Sheepmeat"
7268,65,"Sheepmeat"
7872,65,"Sheepmeat"
7874,65,"Sheepmeat"
7875,65,"Sheepmeat"
7301,65,"Sheepmeat"
7273,65,"Sheepmeat"
7275,65,"Sheepmeat"
7358,65,"Sheepmeat"
7361,65,"Sheepmeat"
11902,65,"Sheepmeat"
16003,65,"Sheepmeat"
15509,65,"Sheepmeat"
16011,65,"Sheepmeat"
16007,65,"Sheepmeat"
22279,65,"Sheepmeat"
16010,65,"Sheepmeat"
15826,65,"Sheepmeat"
15827,65,"Sheepmeat"
16012,65,"Sheepmeat"
15510,65,"Sheepmeat"
15516,65,"Sheepmeat"
15517,65,"Sheepmeat"
7878,65,"Sheepmeat"
7266,65,"Sheepmeat"
16002,65,"Sheepmeat"
16005,65,"Sheepmeat"
22536,65,"Sheepmeat"
22537,65,"Sheepmeat"
22280,65,"Sheepmeat"
22281,65,"Sheepmeat"
22709,65,"Sheepmeat"
22828,65,"Sheepmeat"
22829,65,"Sheepmeat"
22585,65,"Sheepmeat"
22586,65,"Sheepmeat"
22589,65,"Sheepmeat"
22590,65,"Sheepmeat"
22827,65,"Sheepmeat"
22830,65,"Sheepmeat"
22601,65,"Sheepmeat"
22602,65,"Sheepmeat"
22603,65,"Sheepmeat"
22609,65,"Sheepmeat"
22610,65,"Sheepmeat"
22710,65,"Sheepmeat"
22711,65,"Sheepmeat"
22712,65,"Sheepmeat"
22611,65,"Sheepmeat"
22612,65,"Sheepmeat"
22614,65,"Sheepmeat"
22613,65,"Sheepmeat"
22538,65,"Sheepmeat"
22539,65,"Sheepmeat"
22733,65,"Sheepmeat"
22734,65,"Sheepmeat"
22735,65,"Sheepmeat"
22717,65,"Sheepmeat"
22718,65,"Sheepmeat"
22719,65,"Sheepmeat"
22720,65,"Sheepmeat"
22721,65,"Sheepmeat"
22722,65,"Sheepmeat"
22723,65,"Sheepmeat"
22724,65,"Sheepmeat"
22725,65,"Sheepmeat"
22726,65,"Sheepmeat"
22727,65,"Sheepmeat"
22730,65,"Sheepmeat"
22731,65,"Sheepmeat"
22732,65,"Sheepmeat"
11874,65,"Sheepmeat"
22836,65,"Sheepmeat"
22575,65,"Sheepmeat"
16008,65,"Sheepmeat"
16009,65,"Sheepmeat"
22495,65,"Sheepmeat"
22534,65,"Sheepmeat"
22535,65,"Sheepmeat"
22540,65,"Sheepmeat"
22729,65,"Sheepmeat"
22285,65,"Sheepmeat"
22286,65,"Sheepmeat"
22736,65,"Sheepmeat"
22737,65,"Sheepmeat"
22284,65,"Sheepmeat"
22701,65,"Sheepmeat"
22802,65,"Sheepmeat"
22803,65,"Sheepmeat"
22567,65,"Sheepmeat"
22789,65,"Sheepmeat"
22796,65,"Sheepmeat"
22807,65,"Sheepmeat"
22574,65,"Sheepmeat"
22578,65,"Sheepmeat"
22579,65,"Sheepmeat"
22580,65,"Sheepmeat"
22566,65,"Sheepmeat"
22790,65,"Sheepmeat"
22791,65,"Sheepmeat"
22792,65,"Sheepmeat"
22793,65,"Sheepmeat"
22794,65,"Sheepmeat"
22795,65,"Sheepmeat"
22797,65,"Sheepmeat"
22798,65,"Sheepmeat"
22799,65,"Sheepmeat"
22800,65,"Sheepmeat"
22801,65,"Sheepmeat"
22804,65,"Sheepmeat"
22805,65,"Sheepmeat"
22568,65,"Sheepmeat"
22581,65,"Sheepmeat"
22582,65,"Sheepmeat"
22583,65,"Sheepmeat"
22584,65,"Sheepmeat"
14082,65,"Sheepmeat"
14087,65,"Sheepmeat"
14193,65,"Sheepmeat"
17721,65,"Sheepmeat"
17722,65,"Sheepmeat"
17723,65,"Sheepmeat"
12375,65,"Sheepmeat"
12376,65,"Sheepmeat"
17818,65,"Sheepmeat"
22576,65,"Sheepmeat"
22620,65,"Sheepmeat"
22840,65,"Sheepmeat"
22594,65,"Sheepmeat"
22595,65,"Sheepmeat"
22598,65,"Sheepmeat"
22599,65,"Sheepmeat"
22570,65,"Sheepmeat"
22577,65,"Sheepmeat"
22607,65,"Sheepmeat"
22831,65,"Sheepmeat"
22593,65,"Sheepmeat"
22741,65,"Sheepmeat"
14095,65,"Sheepmeat"
14096,65,"Sheepmeat"
22748,65,"Sheepmeat"
22746,65,"Sheepmeat"
22747,65,"Sheepmeat"
22561,65,"Sheepmeat"
22559,65,"Sheepmeat"
22560,65,"Sheepmeat"
22742,65,"Sheepmeat"
22705,65,"Sheepmeat"
22668,65,"Sheepmeat"
22670,65,"Sheepmeat"
22750,65,"Sheepmeat"
22753,65,"Sheepmeat"
22558,65,"Sheepmeat"
22760,65,"Sheepmeat"
22761,65,"Sheepmeat"
22762,65,"Sheepmeat"
22763,65,"Sheepmeat"
22822,65,"Sheepmeat"
22751,65,"Sheepmeat"
22752,65,"Sheepmeat"
22755,65,"Sheepmeat"
22756,65,"Sheepmeat"
22757,65,"Sheepmeat"
22758,65,"Sheepmeat"
22759,65,"Sheepmeat"
22764,65,"Sheepmeat"
22765,65,"Sheepmeat"
22766,65,"Sheepmeat"
22767,65,"Sheepmeat"
22769,65,"Sheepmeat"
22787,65,"Sheepmeat"
22557,65,"Sheepmeat"
22600,65,"Sheepmeat"
22817,65,"Sheepmeat"
22819,65,"Sheepmeat"
22820,65,"Sheepmeat"
22823,65,"Sheepmeat"
22824,65,"Sheepmeat"
22553,65,"Sheepmeat"
22554,65,"Sheepmeat"
22555,65,"Sheepmeat"
22563,65,"Sheepmeat"
22588,65,"Sheepmeat"
22597,65,"Sheepmeat"
22825,65,"Sheepmeat"
22821,65,"Sheepmeat"
108,65,"Sheepmeat"
110,65,"Sheepmeat"
16770,65,"Sheepmeat"
7882,65,"Sheepmeat"
7883,65,"Sheepmeat"
7278,65,"Sheepmeat"
7279,65,"Sheepmeat"
7280,65,"Sheepmeat"
7887,65,"Sheepmeat"
7254,65,"Sheepmeat"
7255,65,"Sheepmeat"
7926,65,"Sheepmeat"
7922,65,"Sheepmeat"
7923,65,"Sheepmeat"
7924,65,"Sheepmeat"
7925,65,"Sheepmeat"
7927,65,"Sheepmeat"
7928,65,"Sheepmeat"
7929,65,"Sheepmeat"
7930,65,"Sheepmeat"
7311,65,"Sheepmeat"
7920,65,"Sheepmeat"
7312,65,"Sheepmeat"
7323,65,"Sheepmeat"
7324,65,"Sheepmeat"
7328,65,"Sheepmeat"
7330,65,"Sheepmeat"
7325,65,"Sheepmeat"
7326,65,"Sheepmeat"
7329,65,"Sheepmeat"
7252,65,"Sheepmeat"
2810,65,"Sheepmeat"
2809,65,"Sheepmeat"
2813,65,"Sheepmeat"
2815,65,"Sheepmeat"
7251,65,"Sheepmeat"
2814,65,"Sheepmeat"
2838,65,"Sheepmeat"
2811,65,"Sheepmeat"
2844,65,"Sheepmeat"
2845,65,"Sheepmeat"
2846,65,"Sheepmeat"
2849,65,"Sheepmeat"
2852,65,"Sheepmeat"
2853,65,"Sheepmeat"
2854,65,"Sheepmeat"
2855,65,"Sheepmeat"
2856,65,"Sheepmeat"
2857,65,"Sheepmeat"
2858,65,"Sheepmeat"
2859,65,"Sheepmeat"
2860,65,"Sheepmeat"
2861,65,"Sheepmeat"
3034,65,"Sheepmeat"
3035,65,"Sheepmeat"
3039,65,"Sheepmeat"
3040,65,"Sheepmeat"
3041,65,"Sheepmeat"
3009,65,"Sheepmeat"
2812,65,"Sheepmeat"
16773,65,"Sheepmeat"
16774,65,"Sheepmeat"
16775,65,"Sheepmeat"
17076,65,"Sheepmeat"
16833,65,"Sheepmeat"
16834,65,"Sheepmeat"
17083,65,"Sheepmeat"
16835,65,"Sheepmeat"
16836,65,"Sheepmeat"
15232,65,"Sheepmeat"
15472,65,"Sheepmeat"
15573,65,"Sheepmeat"
7304,65,"Sheepmeat"
7303,65,"Sheepmeat"
7257,65,"Sheepmeat"
7258,65,"Sheepmeat"
7851,65,"Sheepmeat"
7865,65,"Sheepmeat"
7271,65,"Sheepmeat"
7919,65,"Sheepmeat"
7327,65,"Sheepmeat"
2805,65,"Sheepmeat"
2806,65,"Sheepmeat"
2807,65,"Sheepmeat"
2808,65,"Sheepmeat"
7947,65,"Sheepmeat"
12082,65,"Sheepmeat"
11904,65,"Sheepmeat"
2816,65,"Sheepmeat"
2817,65,"Sheepmeat"
2818,65,"Sheepmeat"
2819,65,"Sheepmeat"
2821,65,"Sheepmeat"
2822,65,"Sheepmeat"
2588,65,"Sheepmeat"
2590,65,"Sheepmeat"
2592,65,"Sheepmeat"
2593,65,"Sheepmeat"
2591,65,"Sheepmeat"
7906,65,"Sheepmeat"
2595,65,"Sheepmeat"
2596,65,"Sheepmeat"
2556,65,"Sheepmeat"
2557,65,"Sheepmeat"
2562,65,"Sheepmeat"
2575,65,"Sheepmeat"
2577,65,"Sheepmeat"
2585,65,"Sheepmeat"
2586,65,"Sheepmeat"
2587,65,"Sheepmeat"
2589,65,"Sheepmeat"
4210,65,"Sheepmeat"
2597,65,"Sheepmeat"
2598,65,"Sheepmeat"
2611,65,"Sheepmeat"
2600,65,"Sheepmeat"
2612,65,"Sheepmeat"
2731,65,"Sheepmeat"
2765,65,"Sheepmeat"
4216,65,"Sheepmeat"
4339,65,"Sheepmeat"
4340,65,"Sheepmeat"
4351,65,"Sheepmeat"
4616,65,"Sheepmeat"
4617,65,"Sheepmeat"
4618,65,"Sheepmeat"
4357,65,"Sheepmeat"
7907,65,"Sheepmeat"
2825,65,"Sheepmeat"
3011,65,"Sheepmeat"
3012,65,"Sheepmeat"
2573,65,"Sheepmeat"
7908,65,"Sheepmeat"
4634,65,"Sheepmeat"
2827,65,"Sheepmeat"
4635,65,"Sheepmeat"
4636,65,"Sheepmeat"
4637,65,"Sheepmeat"
4638,65,"Sheepmeat"
4639,65,"Sheepmeat"
4640,65,"Sheepmeat"
2826,65,"Sheepmeat"
2824,65,"Sheepmeat"
2907,65,"Sheepmeat"
3017,65,"Sheepmeat"
4380,65,"Sheepmeat"
4381,65,"Sheepmeat"
2831,65,"Sheepmeat"
2832,65,"Sheepmeat"
2833,65,"Sheepmeat"
2835,65,"Sheepmeat"
2834,65,"Sheepmeat"
4707,65,"Sheepmeat"
3032,65,"Sheepmeat"
4708,65,"Sheepmeat"
4709,65,"Sheepmeat"
3008,65,"Sheepmeat"
3027,65,"Sheepmeat"
3028,65,"Sheepmeat"
3010,65,"Sheepmeat"
2539,65,"Sheepmeat"
3029,65,"Sheepmeat"
3025,65,"Sheepmeat"
2829,65,"Sheepmeat"
2830,65,"Sheepmeat"
2828,65,"Sheepmeat"
2836,65,"Sheepmeat"
2876,65,"Sheepmeat"
2839,65,"Sheepmeat"
2862,65,"Sheepmeat"
2863,65,"Sheepmeat"
2864,65,"Sheepmeat"
2865,65,"Sheepmeat"
2866,65,"Sheepmeat"
2837,65,"Sheepmeat"
2841,65,"Sheepmeat"
3033,65,"Sheepmeat"
3036,65,"Sheepmeat"
2906,65,"Sheepmeat"
2905,65,"Sheepmeat"
2607,65,"Sheepmeat"
2610,65,"Sheepmeat"
4386,65,"Sheepmeat"
2842,65,"Sheepmeat"
3042,65,"Sheepmeat"
7253,65,"Sheepmeat"
2867,65,"Sheepmeat"
2875,65,"Sheepmeat"
4387,65,"Sheepmeat"
4388,65,"Sheepmeat"
91,65,"Sheepmeat"
7294,65,"Sheepmeat"
7902,65,"Sheepmeat"
7295,65,"Sheepmeat"
7900,65,"Sheepmeat"
7903,65,"Sheepmeat"
7036,65,"Sheepmeat"
17012,65,"Sheepmeat"
2868,65,"Sheepmeat"
2874,65,"Sheepmeat"
11809,65,"Sheepmeat"
2869,65,"Sheepmeat"
2877,65,"Sheepmeat"
2872,65,"Sheepmeat"
2882,65,"Sheepmeat"
2873,65,"Sheepmeat"
2878,65,"Sheepmeat"
2901,65,"Sheepmeat"
2903,65,"Sheepmeat"
2879,65,"Sheepmeat"
2881,65,"Sheepmeat"
2912,65,"Sheepmeat"
2915,65,"Sheepmeat"
2909,65,"Sheepmeat"
2911,65,"Sheepmeat"
2908,65,"Sheepmeat"
2910,65,"Sheepmeat"
11622,65,"Sheepmeat"
12075,65,"Sheepmeat"
12084,65,"Sheepmeat"
12088,65,"Sheepmeat"
12089,65,"Sheepmeat"
12077,65,"Sheepmeat"
12076,65,"Sheepmeat"
12085,65,"Sheepmeat"
12090,65,"Sheepmeat"
12086,65,"Sheepmeat"
11848,65,"Sheepmeat"
11849,65,"Sheepmeat"
12108,65,"Sheepmeat"
12109,65,"Sheepmeat"
12110,65,"Sheepmeat"
11891,65,"Sheepmeat"
12116,65,"Sheepmeat"
11890,65,"Sheepmeat"
11847,65,"Sheepmeat"
12078,65,"Sheepmeat"
12079,65,"Sheepmeat"
12080,65,"Sheepmeat"
12081,65,"Sheepmeat"
12083,65,"Sheepmeat"
12111,65,"Sheepmeat"
12113,65,"Sheepmeat"
12114,65,"Sheepmeat"
7948,65,"Sheepmeat"
7952,65,"Sheepmeat"
12136,65,"Sheepmeat"
11905,65,"Sheepmeat"
11810,65,"Sheepmeat"
11591,65,"Sheepmeat"
11818,65,"Sheepmeat"
11839,65,"Sheepmeat"
11587,65,"Sheepmeat"
11811,65,"Sheepmeat"
11812,65,"Sheepmeat"
7848,65,"Sheepmeat"
11840,65,"Sheepmeat"
7847,65,"Sheepmeat"
7849,65,"Sheepmeat"
7850,65,"Sheepmeat"
11841,65,"Sheepmeat"
11842,65,"Sheepmeat"
11843,65,"Sheepmeat"
7332,65,"Sheepmeat"
11846,65,"Sheepmeat"
7333,65,"Sheepmeat"
7334,65,"Sheepmeat"
7335,65,"Sheepmeat"
7336,65,"Sheepmeat"
7337,65,"Sheepmeat"
7338,65,"Sheepmeat"
7339,65,"Sheepmeat"
7341,65,"Sheepmeat"
7343,65,"Sheepmeat"
7340,65,"Sheepmeat"
7344,65,"Sheepmeat"
7349,65,"Sheepmeat"
7355,65,"Sheepmeat"
7346,65,"Sheepmeat"
7348,65,"Sheepmeat"
7354,65,"Sheepmeat"
12122,65,"Sheepmeat"
12125,65,"Sheepmeat"
7933,65,"Sheepmeat"
7935,65,"Sheepmeat"
7934,65,"Sheepmeat"
12124,65,"Sheepmeat"
11899,65,"Sheepmeat"
7939,65,"Sheepmeat"
12123,65,"Sheepmeat"
12128,65,"Sheepmeat"
11588,65,"Sheepmeat"
11589,65,"Sheepmeat"
11590,65,"Sheepmeat"
11592,65,"Sheepmeat"
11593,65,"Sheepmeat"
11596,65,"Sheepmeat"
11597,65,"Sheepmeat"
11813,65,"Sheepmeat"
11814,65,"Sheepmeat"
11815,65,"Sheepmeat"
11816,65,"Sheepmeat"
11817,65,"Sheepmeat"
7351,65,"Sheepmeat"
7353,65,"Sheepmeat"
7938,65,"Sheepmeat"
7940,65,"Sheepmeat"
7941,65,"Sheepmeat"
7942,65,"Sheepmeat"
7943,65,"Sheepmeat"
7951,65,"Sheepmeat"
7954,65,"Sheepmeat"
7955,65,"Sheepmeat"
7350,65,"Sheepmeat"
7352,65,"Sheepmeat"
12126,65,"Sheepmeat"
12129,65,"Sheepmeat"
11896,65,"Sheepmeat"
11897,65,"Sheepmeat"
12139,65,"Sheepmeat"
11906,65,"Sheepmeat"
11907,65,"Sheepmeat"
11908,65,"Sheepmeat"
11909,65,"Sheepmeat"
11898,65,"Sheepmeat"
11606,65,"Sheepmeat"
11837,65,"Sheepmeat"
11838,65,"Sheepmeat"
11845,65,"Sheepmeat"
12133,65,"Sheepmeat"
2820,65,"Sheepmeat"
2902,65,"Sheepmeat"
2904,65,"Sheepmeat"
2913,65,"Sheepmeat"
7331,65,"Sheepmeat"
7946,65,"Sheepmeat"
7359,65,"Sheepmeat"
16740,65,"Sheepmeat"
16784,65,"Sheepmeat"
17056,65,"Sheepmeat"
17063,65,"Sheepmeat"
16786,65,"Sheepmeat"
15255,65,"Sheepmeat"
15520,65,"Sheepmeat"
17048,65,"Sheepmeat"
15835,65,"Sheepmeat"
15822,65,"Sheepmeat"
15837,65,"Sheepmeat"
17051,65,"Sheepmeat"
15992,65,"Sheepmeat"
15993,65,"Sheepmeat"
17560,65,"Sheepmeat"
15824,65,"Sheepmeat"
15568,65,"Sheepmeat"
15823,65,"Sheepmeat"
15991,65,"Sheepmeat"
17053,65,"Sheepmeat"
16791,65,"Sheepmeat"
16795,65,"Sheepmeat"
16792,65,"Sheepmeat"
16793,65,"Sheepmeat"
17060,65,"Sheepmeat"
17061,65,"Sheepmeat"
17062,65,"Sheepmeat"
16801,65,"Sheepmeat"
16794,65,"Sheepmeat"
15839,65,"Sheepmeat"
15840,65,"Sheepmeat"
15841,65,"Sheepmeat"
15842,65,"Sheepmeat"
15843,65,"Sheepmeat"
15844,65,"Sheepmeat"
16029,65,"Sheepmeat"
16034,65,"Sheepmeat"
16035,65,"Sheepmeat"
16036,65,"Sheepmeat"
16038,65,"Sheepmeat"
16041,65,"Sheepmeat"
16048,65,"Sheepmeat"
16028,65,"Sheepmeat"
16030,65,"Sheepmeat"
16031,65,"Sheepmeat"
15997,65,"Sheepmeat"
15838,65,"Sheepmeat"
16032,65,"Sheepmeat"
13704,65,"Sheepmeat"
15994,65,"Sheepmeat"
15995,65,"Sheepmeat"
15996,65,"Sheepmeat"
16044,65,"Sheepmeat"
17058,65,"Sheepmeat"
16790,65,"Sheepmeat"
17049,65,"Sheepmeat"
17054,65,"Sheepmeat"
17055,65,"Sheepmeat"
16802,65,"Sheepmeat"
15562,65,"Sheepmeat"
15523,65,"Sheepmeat"
15526,65,"Sheepmeat"
16787,65,"Sheepmeat"
16788,65,"Sheepmeat"
16789,65,"Sheepmeat"
17057,65,"Sheepmeat"
16803,65,"Sheepmeat"
16804,65,"Sheepmeat"
16805,65,"Sheepmeat"
16806,65,"Sheepmeat"
16807,65,"Sheepmeat"
16808,65,"Sheepmeat"
17050,65,"Sheepmeat"
15836,65,"Sheepmeat"
16033,65,"Sheepmeat"
16042,65,"Sheepmeat"
22262,65,"Sheepmeat"
22520,65,"Sheepmeat"
22269,65,"Sheepmeat"
22270,65,"Sheepmeat"
22271,65,"Sheepmeat"
22272,65,"Sheepmeat"
16037,65,"Sheepmeat"
16039,65,"Sheepmeat"
16040,65,"Sheepmeat"
15577,65,"Sheepmeat"
15578,65,"Sheepmeat"
22268,65,"Sheepmeat"
16043,65,"Sheepmeat"
16045,65,"Sheepmeat"
16796,65,"Sheepmeat"
16798,65,"Sheepmeat"
16800,65,"Sheepmeat"
16799,65,"Sheepmeat"
16761,65,"Sheepmeat"
17052,65,"Sheepmeat"
16776,65,"Sheepmeat"
16777,65,"Sheepmeat"
16778,65,"Sheepmeat"
17035,65,"Sheepmeat"
17036,65,"Sheepmeat"
17038,65,"Sheepmeat"
17039,65,"Sheepmeat"
16831,65,"Sheepmeat"
17078,65,"Sheepmeat"
17040,65,"Sheepmeat"
4630,65,"Sheepmeat"
4396,65,"Sheepmeat"
4629,65,"Sheepmeat"
4627,65,"Sheepmeat"
4612,65,"Sheepmeat"
4397,65,"Sheepmeat"
4398,65,"Sheepmeat"
4648,65,"Sheepmeat"
4647,65,"Sheepmeat"
4211,65,"Sheepmeat"
4212,65,"Sheepmeat"
2606,65,"Sheepmeat"
2609,65,"Sheepmeat"
4213,65,"Sheepmeat"
4603,65,"Sheepmeat"
4441,65,"Sheepmeat"
4604,65,"Sheepmeat"
4606,65,"Sheepmeat"
4668,65,"Sheepmeat"
4242,65,"Sheepmeat"
4243,65,"Sheepmeat"
2604,65,"Sheepmeat"
2781,65,"Sheepmeat"
2789,65,"Sheepmeat"
2605,65,"Sheepmeat"
2551,65,"Sheepmeat"
2785,65,"Sheepmeat"
2790,65,"Sheepmeat"
2608,65,"Sheepmeat"
4641,65,"Sheepmeat"
4358,65,"Sheepmeat"
4706,65,"Sheepmeat"
4448,65,"Sheepmeat"
2778,65,"Sheepmeat"
2745,65,"Sheepmeat"
2746,65,"Sheepmeat"
2747,65,"Sheepmeat"
4611,65,"Sheepmeat"
2554,65,"Sheepmeat"
2555,65,"Sheepmeat"
2705,65,"Sheepmeat"
2706,65,"Sheepmeat"
2708,65,"Sheepmeat"
2730,65,"Sheepmeat"
4620,65,"Sheepmeat"
4621,65,"Sheepmeat"
4622,65,"Sheepmeat"
4624,65,"Sheepmeat"
2553,65,"Sheepmeat"
2602,65,"Sheepmeat"
2603,65,"Sheepmeat"
2565,65,"Sheepmeat"
2559,65,"Sheepmeat"
2567,65,"Sheepmeat"
2568,65,"Sheepmeat"
2560,65,"Sheepmeat"
2569,65,"Sheepmeat"
2571,65,"Sheepmeat"
2570,65,"Sheepmeat"
7913,65,"Sheepmeat"
7915,65,"Sheepmeat"
7305,65,"Sheepmeat"
7262,65,"Sheepmeat"
7916,65,"Sheepmeat"
7313,65,"Sheepmeat"
7322,65,"Sheepmeat"
7321,65,"Sheepmeat"
7318,65,"Sheepmeat"
7314,65,"Sheepmeat"
7315,65,"Sheepmeat"
7914,65,"Sheepmeat"
7917,65,"Sheepmeat"
7307,65,"Sheepmeat"
7308,65,"Sheepmeat"
7309,65,"Sheepmeat"
7310,65,"Sheepmeat"
7931,65,"Sheepmeat"
7319,65,"Sheepmeat"
7320,65,"Sheepmeat"
2537,65,"Sheepmeat"
2547,65,"Sheepmeat"
2561,65,"Sheepmeat"
2564,65,"Sheepmeat"
2566,65,"Sheepmeat"
2572,65,"Sheepmeat"
2578,65,"Sheepmeat"
2582,65,"Sheepmeat"
2676,65,"Sheepmeat"
2677,65,"Sheepmeat"
2678,65,"Sheepmeat"
2679,65,"Sheepmeat"
2680,65,"Sheepmeat"
2681,65,"Sheepmeat"
2682,65,"Sheepmeat"
2689,65,"Sheepmeat"
2690,65,"Sheepmeat"
2693,65,"Sheepmeat"
2695,65,"Sheepmeat"
2698,65,"Sheepmeat"
2699,65,"Sheepmeat"
2702,65,"Sheepmeat"
2703,65,"Sheepmeat"
2704,65,"Sheepmeat"
2707,65,"Sheepmeat"
2544,65,"Sheepmeat"
2540,65,"Sheepmeat"
2541,65,"Sheepmeat"
2542,65,"Sheepmeat"
2543,65,"Sheepmeat"
2545,65,"Sheepmeat"
2550,65,"Sheepmeat"
2786,65,"Sheepmeat"
2787,65,"Sheepmeat"
4250,65,"Sheepmeat"
7932,65,"Sheepmeat"
7316,65,"Sheepmeat"
7317,65,"Sheepmeat"
2792,65,"Sheepmeat"
2791,65,"Sheepmeat"
3031,65,"Sheepmeat"
2538,65,"Sheepmeat"
3030,65,"Sheepmeat"
2548,65,"Sheepmeat"
2552,65,"Sheepmeat"
2558,65,"Sheepmeat"
2563,65,"Sheepmeat"
2576,65,"Sheepmeat"
2579,65,"Sheepmeat"
2580,65,"Sheepmeat"
2581,65,"Sheepmeat"
2583,65,"Sheepmeat"
2584,65,"Sheepmeat"
2613,65,"Sheepmeat"
2614,65,"Sheepmeat"
2615,65,"Sheepmeat"
2616,65,"Sheepmeat"
2617,65,"Sheepmeat"
2618,65,"Sheepmeat"
2619,65,"Sheepmeat"
2620,65,"Sheepmeat"
2621,65,"Sheepmeat"
2622,65,"Sheepmeat"
2623,65,"Sheepmeat"
2624,65,"Sheepmeat"
2625,65,"Sheepmeat"
2626,65,"Sheepmeat"
2627,65,"Sheepmeat"
2628,65,"Sheepmeat"
2629,65,"Sheepmeat"
2637,65,"Sheepmeat"
2640,65,"Sheepmeat"
2641,65,"Sheepmeat"
2642,65,"Sheepmeat"
2643,65,"Sheepmeat"
2644,65,"Sheepmeat"
2645,65,"Sheepmeat"
2650,65,"Sheepmeat"
2651,65,"Sheepmeat"
2652,65,"Sheepmeat"
2653,65,"Sheepmeat"
2654,65,"Sheepmeat"
2655,65,"Sheepmeat"
2656,65,"Sheepmeat"
2657,65,"Sheepmeat"
2658,65,"Sheepmeat"
2659,65,"Sheepmeat"
2660,65,"Sheepmeat"
2661,65,"Sheepmeat"
2662,65,"Sheepmeat"
2663,65,"Sheepmeat"
2664,65,"Sheepmeat"
2665,65,"Sheepmeat"
2666,65,"Sheepmeat"
2670,65,"Sheepmeat"
2673,65,"Sheepmeat"
2674,65,"Sheepmeat"
2675,65,"Sheepmeat"
2683,65,"Sheepmeat"
2686,65,"Sheepmeat"
2687,65,"Sheepmeat"
2688,65,"Sheepmeat"
2700,65,"Sheepmeat"
2701,65,"Sheepmeat"
2709,65,"Sheepmeat"
2710,65,"Sheepmeat"
2711,65,"Sheepmeat"
2712,65,"Sheepmeat"
2713,65,"Sheepmeat"
2714,65,"Sheepmeat"
2715,65,"Sheepmeat"
2716,65,"Sheepmeat"
2717,65,"Sheepmeat"
2718,65,"Sheepmeat"
2719,65,"Sheepmeat"
2720,65,"Sheepmeat"
2721,65,"Sheepmeat"
2722,65,"Sheepmeat"
2723,65,"Sheepmeat"
2724,65,"Sheepmeat"
2725,65,"Sheepmeat"
2726,65,"Sheepmeat"
2727,65,"Sheepmeat"
2728,65,"Sheepmeat"
2729,65,"Sheepmeat"
2601,65,"Sheepmeat"
2732,65,"Sheepmeat"
2733,65,"Sheepmeat"
2734,65,"Sheepmeat"
2735,65,"Sheepmeat"
2736,65,"Sheepmeat"
2737,65,"Sheepmeat"
2738,65,"Sheepmeat"
2739,65,"Sheepmeat"
2740,65,"Sheepmeat"
2741,65,"Sheepmeat"
4677,65,"Sheepmeat"
4215,65,"Sheepmeat"
2742,65,"Sheepmeat"
2743,65,"Sheepmeat"
2744,65,"Sheepmeat"
2750,65,"Sheepmeat"
2751,65,"Sheepmeat"
2754,65,"Sheepmeat"
2755,65,"Sheepmeat"
2756,65,"Sheepmeat"
2757,65,"Sheepmeat"
2758,65,"Sheepmeat"
2759,65,"Sheepmeat"
2760,65,"Sheepmeat"
2761,65,"Sheepmeat"
2762,65,"Sheepmeat"
2763,65,"Sheepmeat"
2764,65,"Sheepmeat"
2766,65,"Sheepmeat"
4341,65,"Sheepmeat"
4342,65,"Sheepmeat"
4217,65,"Sheepmeat"
4218,65,"Sheepmeat"
4219,65,"Sheepmeat"
4220,65,"Sheepmeat"
4221,65,"Sheepmeat"
4222,65,"Sheepmeat"
4613,65,"Sheepmeat"
4223,65,"Sheepmeat"
4614,65,"Sheepmeat"
4615,65,"Sheepmeat"
4343,65,"Sheepmeat"
4344,65,"Sheepmeat"
4345,65,"Sheepmeat"
4346,65,"Sheepmeat"
4224,65,"Sheepmeat"
4225,65,"Sheepmeat"
4226,65,"Sheepmeat"
4227,65,"Sheepmeat"
4228,65,"Sheepmeat"
4229,65,"Sheepmeat"
4347,65,"Sheepmeat"
4230,65,"Sheepmeat"
4231,65,"Sheepmeat"
4232,65,"Sheepmeat"
4233,65,"Sheepmeat"
4234,65,"Sheepmeat"
4235,65,"Sheepmeat"
4348,65,"Sheepmeat"
4349,65,"Sheepmeat"
4350,65,"Sheepmeat"
4623,65,"Sheepmeat"
4625,65,"Sheepmeat"
4626,65,"Sheepmeat"
4399,65,"Sheepmeat"
4400,65,"Sheepmeat"
2546,65,"Sheepmeat"
2549,65,"Sheepmeat"
4241,65,"Sheepmeat"
4649,65,"Sheepmeat"
4631,65,"Sheepmeat"
4359,65,"Sheepmeat"
4360,65,"Sheepmeat"
4361,65,"Sheepmeat"
4362,65,"Sheepmeat"
4363,65,"Sheepmeat"
4364,65,"Sheepmeat"
4365,65,"Sheepmeat"
4369,65,"Sheepmeat"
4370,65,"Sheepmeat"
4371,65,"Sheepmeat"
4372,65,"Sheepmeat"
4373,65,"Sheepmeat"
4374,65,"Sheepmeat"
4375,65,"Sheepmeat"
4376,65,"Sheepmeat"
4377,65,"Sheepmeat"
4378,65,"Sheepmeat"
4389,65,"Sheepmeat"
4390,65,"Sheepmeat"
4391,65,"Sheepmeat"
17559,65,"Sheepmeat"
17578,65,"Sheepmeat"
17579,65,"Sheepmeat"
17580,65,"Sheepmeat"
17804,65,"Sheepmeat"
17805,65,"Sheepmeat"
17587,65,"Sheepmeat"
17588,65,"Sheepmeat"
15740,65,"Sheepmeat"
15766,65,"Sheepmeat"
17789,65,"Sheepmeat"
17790,65,"Sheepmeat"
17562,65,"Sheepmeat"
17796,65,"Sheepmeat"
17572,65,"Sheepmeat"
17573,65,"Sheepmeat"
17574,65,"Sheepmeat"
17575,65,"Sheepmeat"
17576,65,"Sheepmeat"
17799,65,"Sheepmeat"
17800,65,"Sheepmeat"
17590,65,"Sheepmeat"
17810,65,"Sheepmeat"
17813,65,"Sheepmeat"
17802,65,"Sheepmeat"
17803,65,"Sheepmeat"
17581,65,"Sheepmeat"
17815,65,"Sheepmeat"
15720,65,"Sheepmeat"
17586,65,"Sheepmeat"
17561,65,"Sheepmeat"
17564,65,"Sheepmeat"
17563,65,"Sheepmeat"
17801,65,"Sheepmeat"
17558,65,"Sheepmeat"
17777,65,"Sheepmeat"
4642,65,"Sheepmeat"
4643,65,"Sheepmeat"
4644,65,"Sheepmeat"
4645,65,"Sheepmeat"
4646,65,"Sheepmeat"
4395,65,"Sheepmeat"
4236,65,"Sheepmeat"
4238,65,"Sheepmeat"
4239,65,"Sheepmeat"
4240,65,"Sheepmeat"
4549,65,"Sheepmeat"
4550,65,"Sheepmeat"
4551,65,"Sheepmeat"
4552,65,"Sheepmeat"
4553,65,"Sheepmeat"
4554,65,"Sheepmeat"
4401,65,"Sheepmeat"
4555,65,"Sheepmeat"
4556,65,"Sheepmeat"
4402,65,"Sheepmeat"
4557,65,"Sheepmeat"
4558,65,"Sheepmeat"
4559,65,"Sheepmeat"
4560,65,"Sheepmeat"
4650,65,"Sheepmeat"
4651,65,"Sheepmeat"
4569,65,"Sheepmeat"
4570,65,"Sheepmeat"
4282,65,"Sheepmeat"
4283,65,"Sheepmeat"
4284,65,"Sheepmeat"
4285,65,"Sheepmeat"
4286,65,"Sheepmeat"
4287,65,"Sheepmeat"
4288,65,"Sheepmeat"
4289,65,"Sheepmeat"
4580,65,"Sheepmeat"
4436,65,"Sheepmeat"
4599,65,"Sheepmeat"
4437,65,"Sheepmeat"
4446,65,"Sheepmeat"
4652,65,"Sheepmeat"
4607,65,"Sheepmeat"
4671,65,"Sheepmeat"
4608,65,"Sheepmeat"
4672,65,"Sheepmeat"
4609,65,"Sheepmeat"
4678,65,"Sheepmeat"
4320,65,"Sheepmeat"
4679,65,"Sheepmeat"
4321,65,"Sheepmeat"
4680,65,"Sheepmeat"
4322,65,"Sheepmeat"
4682,65,"Sheepmeat"
4324,65,"Sheepmeat"
4683,65,"Sheepmeat"
4408,65,"Sheepmeat"
4409,65,"Sheepmeat"
4421,65,"Sheepmeat"
4422,65,"Sheepmeat"
4661,65,"Sheepmeat"
2793,65,"Sheepmeat"
2795,65,"Sheepmeat"
2797,65,"Sheepmeat"
2799,65,"Sheepmeat"
2801,65,"Sheepmeat"
2803,65,"Sheepmeat"
4237,65,"Sheepmeat"
4244,65,"Sheepmeat"
4245,65,"Sheepmeat"
4246,65,"Sheepmeat"
4247,65,"Sheepmeat"
4248,65,"Sheepmeat"
4249,65,"Sheepmeat"
4251,65,"Sheepmeat"
4252,65,"Sheepmeat"
4253,65,"Sheepmeat"
4254,65,"Sheepmeat"
4255,65,"Sheepmeat"
4257,65,"Sheepmeat"
4258,65,"Sheepmeat"
4277,65,"Sheepmeat"
4278,65,"Sheepmeat"
4279,65,"Sheepmeat"
4280,65,"Sheepmeat"
4281,65,"Sheepmeat"
4546,65,"Sheepmeat"
4547,65,"Sheepmeat"
4548,65,"Sheepmeat"
4290,65,"Sheepmeat"
4291,65,"Sheepmeat"
4292,65,"Sheepmeat"
4293,65,"Sheepmeat"
4294,65,"Sheepmeat"
4295,65,"Sheepmeat"
4296,65,"Sheepmeat"
4297,65,"Sheepmeat"
4298,65,"Sheepmeat"
4299,65,"Sheepmeat"
4301,65,"Sheepmeat"
4302,65,"Sheepmeat"
4303,65,"Sheepmeat"
4304,65,"Sheepmeat"
4305,65,"Sheepmeat"
4306,65,"Sheepmeat"
4307,65,"Sheepmeat"
4308,65,"Sheepmeat"
4309,65,"Sheepmeat"
4310,65,"Sheepmeat"
4311,65,"Sheepmeat"
4312,65,"Sheepmeat"
4313,65,"Sheepmeat"
4314,65,"Sheepmeat"
4315,65,"Sheepmeat"
4571,65,"Sheepmeat"
4572,65,"Sheepmeat"
4574,65,"Sheepmeat"
4575,65,"Sheepmeat"
4576,65,"Sheepmeat"
4577,65,"Sheepmeat"
4578,65,"Sheepmeat"
4430,65,"Sheepmeat"
4431,65,"Sheepmeat"
4594,65,"Sheepmeat"
4598,65,"Sheepmeat"
4600,65,"Sheepmeat"
4445,65,"Sheepmeat"
4327,65,"Sheepmeat"
15656,65,"Sheepmeat"
27460,65,"Sheepmeat"
27464,65,"Sheepmeat"
27681,65,"Sheepmeat"
22110,65,"Sheepmeat"
21856,65,"Sheepmeat"
21857,65,"Sheepmeat"
21858,65,"Sheepmeat"
21859,65,"Sheepmeat"
21861,65,"Sheepmeat"
4328,65,"Sheepmeat"
4687,65,"Sheepmeat"
4329,65,"Sheepmeat"
4688,65,"Sheepmeat"
4330,65,"Sheepmeat"
4689,65,"Sheepmeat"
4331,65,"Sheepmeat"
4690,65,"Sheepmeat"
4332,65,"Sheepmeat"
4691,65,"Sheepmeat"
4333,65,"Sheepmeat"
4692,65,"Sheepmeat"
4334,65,"Sheepmeat"
4693,65,"Sheepmeat"
4335,65,"Sheepmeat"
4694,65,"Sheepmeat"
4336,65,"Sheepmeat"
4695,65,"Sheepmeat"
4337,65,"Sheepmeat"
4696,65,"Sheepmeat"
4338,65,"Sheepmeat"
4449,65,"Sheepmeat"
4697,65,"Sheepmeat"
4438,65,"Sheepmeat"
4601,65,"Sheepmeat"
4439,65,"Sheepmeat"
4602,65,"Sheepmeat"
4440,65,"Sheepmeat"
2767,65,"Sheepmeat"
2768,65,"Sheepmeat"
2769,65,"Sheepmeat"
2770,65,"Sheepmeat"
2771,65,"Sheepmeat"
2772,65,"Sheepmeat"
2773,65,"Sheepmeat"
2774,65,"Sheepmeat"
2775,65,"Sheepmeat"
2776,65,"Sheepmeat"
2777,65,"Sheepmeat"
2794,65,"Sheepmeat"
2796,65,"Sheepmeat"
2798,65,"Sheepmeat"
2800,65,"Sheepmeat"
2802,65,"Sheepmeat"
2804,65,"Sheepmeat"
4670,65,"Sheepmeat"
4444,65,"Sheepmeat"
4442,65,"Sheepmeat"
4684,65,"Sheepmeat"
4326,65,"Sheepmeat"
4685,65,"Sheepmeat"
4443,65,"Sheepmeat"
4447,65,"Sheepmeat"
27462,65,"Sheepmeat"
27465,65,"Sheepmeat"
27466,65,"Sheepmeat"
27470,65,"Sheepmeat"
27690,65,"Sheepmeat"
27461,65,"Sheepmeat"
22062,65,"Sheepmeat"
22072,65,"Sheepmeat"
22102,65,"Sheepmeat"
22103,65,"Sheepmeat"
27698,65,"Sheepmeat"
27704,65,"Sheepmeat"
27705,65,"Sheepmeat"
27706,65,"Sheepmeat"
27742,65,"Sheepmeat"
27743,65,"Sheepmeat"
27745,65,"Sheepmeat"
27747,65,"Sheepmeat"
27697,65,"Sheepmeat"
27707,65,"Sheepmeat"
27708,65,"Sheepmeat"
27472,65,"Sheepmeat"
27473,65,"Sheepmeat"
27475,65,"Sheepmeat"
27482,65,"Sheepmeat"
27486,65,"Sheepmeat"
27487,65,"Sheepmeat"
27717,65,"Sheepmeat"
27718,65,"Sheepmeat"
27719,65,"Sheepmeat"
27720,65,"Sheepmeat"
27721,65,"Sheepmeat"
27722,65,"Sheepmeat"
27723,65,"Sheepmeat"
27724,65,"Sheepmeat"
27725,65,"Sheepmeat"
27726,65,"Sheepmeat"
27727,65,"Sheepmeat"
27728,65,"Sheepmeat"
27507,65,"Sheepmeat"
27508,65,"Sheepmeat"
27509,65,"Sheepmeat"
27512,65,"Sheepmeat"
27513,65,"Sheepmeat"
27514,65,"Sheepmeat"
27515,65,"Sheepmeat"
27781,65,"Sheepmeat"
27510,65,"Sheepmeat"
27757,65,"Sheepmeat"
27758,65,"Sheepmeat"
27765,65,"Sheepmeat"
27769,65,"Sheepmeat"
27770,65,"Sheepmeat"
27773,65,"Sheepmeat"
17567,65,"Sheepmeat"
17570,65,"Sheepmeat"
17571,65,"Sheepmeat"
17782,65,"Sheepmeat"
17792,65,"Sheepmeat"
17819,65,"Sheepmeat"
12035,65,"Sheepmeat"
17724,65,"Sheepmeat"
17725,65,"Sheepmeat"
12377,65,"Sheepmeat"
12378,65,"Sheepmeat"
12379,65,"Sheepmeat"
12380,65,"Sheepmeat"
12589,65,"Sheepmeat"
12590,65,"Sheepmeat"
12597,65,"Sheepmeat"
12384,65,"Sheepmeat"
12393,65,"Sheepmeat"
12394,65,"Sheepmeat"
12395,65,"Sheepmeat"
12396,65,"Sheepmeat"
12405,65,"Sheepmeat"
12413,65,"Sheepmeat"
12031,65,"Sheepmeat"
12032,65,"Sheepmeat"
12033,65,"Sheepmeat"
12034,65,"Sheepmeat"
12372,65,"Sheepmeat"
12373,65,"Sheepmeat"
12057,65,"Sheepmeat"
12521,65,"Sheepmeat"
24628,65,"Sheepmeat"
24387,65,"Sheepmeat"
12483,65,"Sheepmeat"
12484,65,"Sheepmeat"
12485,65,"Sheepmeat"
12487,65,"Sheepmeat"
12488,65,"Sheepmeat"
12567,65,"Sheepmeat"
12486,65,"Sheepmeat"
12385,65,"Sheepmeat"
12389,65,"Sheepmeat"
12390,65,"Sheepmeat"
12404,65,"Sheepmeat"
12603,65,"Sheepmeat"
12598,65,"Sheepmeat"
13850,65,"Sheepmeat"
13852,65,"Sheepmeat"
13599,65,"Sheepmeat"
24842,65,"Sheepmeat"
24844,65,"Sheepmeat"
24851,65,"Sheepmeat"
4353,65,"Sheepmeat"
4368,65,"Sheepmeat"
4628,65,"Sheepmeat"
4367,65,"Sheepmeat"
4366,65,"Sheepmeat"
4382,65,"Sheepmeat"
4384,65,"Sheepmeat"
4663,65,"Sheepmeat"
12520,65,"Sheepmeat"
12562,65,"Sheepmeat"
12563,65,"Sheepmeat"
23838,65,"Sheepmeat"
23843,65,"Sheepmeat"
12038,65,"Sheepmeat"
12040,65,"Sheepmeat"
12041,65,"Sheepmeat"
12043,65,"Sheepmeat"
12044,65,"Sheepmeat"
12045,65,"Sheepmeat"
12046,65,"Sheepmeat"
12047,65,"Sheepmeat"
12048,65,"Sheepmeat"
12049,65,"Sheepmeat"
12050,65,"Sheepmeat"
12051,65,"Sheepmeat"
12052,65,"Sheepmeat"
12053,65,"Sheepmeat"
12054,65,"Sheepmeat"
12055,65,"Sheepmeat"
23844,65,"Sheepmeat"
23845,65,"Sheepmeat"
23846,65,"Sheepmeat"
23847,65,"Sheepmeat"
23854,65,"Sheepmeat"
23855,65,"Sheepmeat"
23601,65,"Sheepmeat"
23602,65,"Sheepmeat"
23603,65,"Sheepmeat"
23604,65,"Sheepmeat"
23608,65,"Sheepmeat"
23617,65,"Sheepmeat"
23620,65,"Sheepmeat"
23856,65,"Sheepmeat"
23631,65,"Sheepmeat"
23638,65,"Sheepmeat"
23639,65,"Sheepmeat"
23640,65,"Sheepmeat"
23641,65,"Sheepmeat"
23642,65,"Sheepmeat"
23643,65,"Sheepmeat"
23644,65,"Sheepmeat"
23645,65,"Sheepmeat"
23646,65,"Sheepmeat"
23647,65,"Sheepmeat"
23885,65,"Sheepmeat"
23886,65,"Sheepmeat"
23887,65,"Sheepmeat"
23888,65,"Sheepmeat"
23889,65,"Sheepmeat"
23890,65,"Sheepmeat"
23891,65,"Sheepmeat"
23892,65,"Sheepmeat"
23893,65,"Sheepmeat"
23894,65,"Sheepmeat"
23895,65,"Sheepmeat"
23896,65,"Sheepmeat"
23897,65,"Sheepmeat"
23898,65,"Sheepmeat"
23899,65,"Sheepmeat"
23900,65,"Sheepmeat"
23901,65,"Sheepmeat"
23902,65,"Sheepmeat"
23903,65,"Sheepmeat"
23904,65,"Sheepmeat"
23905,65,"Sheepmeat"
22019,65,"Sheepmeat"
21788,65,"Sheepmeat"
21789,65,"Sheepmeat"
21790,65,"Sheepmeat"
21791,65,"Sheepmeat"
21804,65,"Sheepmeat"
22020,65,"Sheepmeat"
22046,65,"Sheepmeat"
22047,65,"Sheepmeat"
22048,65,"Sheepmeat"
24853,65,"Sheepmeat"
24673,65,"Sheepmeat"
24674,65,"Sheepmeat"
24675,65,"Sheepmeat"
24676,65,"Sheepmeat"
24677,65,"Sheepmeat"
24678,65,"Sheepmeat"
24679,65,"Sheepmeat"
24680,65,"Sheepmeat"
24681,65,"Sheepmeat"
24682,65,"Sheepmeat"
24683,65,"Sheepmeat"
24684,65,"Sheepmeat"
24685,65,"Sheepmeat"
24686,65,"Sheepmeat"
24687,65,"Sheepmeat"
24688,65,"Sheepmeat"
27755,65,"Sheepmeat"
12295,65,"Sheepmeat"
12296,65,"Sheepmeat"
12297,65,"Sheepmeat"
12299,65,"Sheepmeat"
12300,65,"Sheepmeat"
12301,65,"Sheepmeat"
12302,65,"Sheepmeat"
12303,65,"Sheepmeat"
12304,65,"Sheepmeat"
12305,65,"Sheepmeat"
12306,65,"Sheepmeat"
12307,65,"Sheepmeat"
12308,65,"Sheepmeat"
12309,65,"Sheepmeat"
12310,65,"Sheepmeat"
12311,65,"Sheepmeat"
12312,65,"Sheepmeat"
12313,65,"Sheepmeat"
12314,65,"Sheepmeat"
12315,65,"Sheepmeat"
12316,65,"Sheepmeat"
12317,65,"Sheepmeat"
12318,65,"Sheepmeat"
12319,65,"Sheepmeat"
12325,65,"Sheepmeat"
12326,65,"Sheepmeat"
12327,65,"Sheepmeat"
12328,65,"Sheepmeat"
12056,65,"Sheepmeat"
12063,65,"Sheepmeat"
12064,65,"Sheepmeat"
12065,65,"Sheepmeat"
12066,65,"Sheepmeat"
12067,65,"Sheepmeat"
12068,65,"Sheepmeat"
12069,65,"Sheepmeat"
12070,65,"Sheepmeat"
12528,65,"Sheepmeat"
12533,65,"Sheepmeat"
12534,65,"Sheepmeat"
12535,65,"Sheepmeat"
12370,65,"Sheepmeat"
12058,65,"Sheepmeat"
12059,65,"Sheepmeat"
12060,65,"Sheepmeat"
12061,65,"Sheepmeat"
12062,65,"Sheepmeat"
12071,65,"Sheepmeat"
12072,65,"Sheepmeat"
12329,65,"Sheepmeat"
12330,65,"Sheepmeat"
12331,65,"Sheepmeat"
12474,65,"Sheepmeat"
12475,65,"Sheepmeat"
12476,65,"Sheepmeat"
12477,65,"Sheepmeat"
12478,65,"Sheepmeat"
12479,65,"Sheepmeat"
12480,65,"Sheepmeat"
12481,65,"Sheepmeat"
12482,65,"Sheepmeat"
12509,65,"Sheepmeat"
12513,65,"Sheepmeat"
12336,65,"Sheepmeat"
12338,65,"Sheepmeat"
12522,65,"Sheepmeat"
12523,65,"Sheepmeat"
12524,65,"Sheepmeat"
12340,65,"Sheepmeat"
12341,65,"Sheepmeat"
12342,65,"Sheepmeat"
12343,65,"Sheepmeat"
12344,65,"Sheepmeat"
12345,65,"Sheepmeat"
12346,65,"Sheepmeat"
12347,65,"Sheepmeat"
12348,65,"Sheepmeat"
12349,65,"Sheepmeat"
12350,65,"Sheepmeat"
12351,65,"Sheepmeat"
12352,65,"Sheepmeat"
12353,65,"Sheepmeat"
12354,65,"Sheepmeat"
12355,65,"Sheepmeat"
12356,65,"Sheepmeat"
12357,65,"Sheepmeat"
12358,65,"Sheepmeat"
12359,65,"Sheepmeat"
12360,65,"Sheepmeat"
12361,65,"Sheepmeat"
12362,65,"Sheepmeat"
12363,65,"Sheepmeat"
12364,65,"Sheepmeat"
12365,65,"Sheepmeat"
12366,65,"Sheepmeat"
27761,65,"Sheepmeat"
27762,65,"Sheepmeat"
27763,65,"Sheepmeat"
27764,65,"Sheepmeat"
27536,65,"Sheepmeat"
27547,65,"Sheepmeat"
27548,65,"Sheepmeat"
27549,65,"Sheepmeat"
24859,65,"Sheepmeat"
12367,65,"Sheepmeat"
12368,65,"Sheepmeat"
12525,65,"Sheepmeat"
12526,65,"Sheepmeat"
12527,65,"Sheepmeat"
12532,65,"Sheepmeat"
12371,65,"Sheepmeat"
12512,65,"Sheepmeat"
12536,65,"Sheepmeat"
12036,65,"Sheepmeat"
12530,65,"Sheepmeat"
27774,65,"Sheepmeat"
17771,65,"Sheepmeat"
22571,65,"Sheepmeat"
22572,65,"Sheepmeat"
22573,65,"Sheepmeat"
13714,65,"Sheepmeat"
14191,65,"Sheepmeat"
17719,65,"Sheepmeat"
12491,65,"Sheepmeat"
12497,65,"Sheepmeat"
12508,65,"Sheepmeat"
12511,65,"Sheepmeat"
12332,65,"Sheepmeat"
12333,65,"Sheepmeat"
12335,65,"Sheepmeat"
12337,65,"Sheepmeat"
12339,65,"Sheepmeat"
12510,65,"Sheepmeat"
22050,65,"Sheepmeat"
22052,65,"Sheepmeat"
22053,65,"Sheepmeat"
27689,65,"Sheepmeat"
27699,65,"Sheepmeat"
27700,65,"Sheepmeat"
27474,65,"Sheepmeat"
27476,65,"Sheepmeat"
27511,65,"Sheepmeat"
27738,65,"Sheepmeat"
27739,65,"Sheepmeat"
13504,65,"Sheepmeat"
13761,65,"Sheepmeat"
13762,65,"Sheepmeat"
13763,65,"Sheepmeat"
13764,65,"Sheepmeat"
13765,65,"Sheepmeat"
13767,65,"Sheepmeat"
14089,65,"Sheepmeat"
14093,65,"Sheepmeat"
14105,65,"Sheepmeat"
14106,65,"Sheepmeat"
14107,65,"Sheepmeat"
14108,65,"Sheepmeat"
14109,65,"Sheepmeat"
14112,65,"Sheepmeat"
14113,65,"Sheepmeat"
14114,65,"Sheepmeat"
14115,65,"Sheepmeat"
14116,65,"Sheepmeat"
14117,65,"Sheepmeat"
14118,65,"Sheepmeat"
14119,65,"Sheepmeat"
14124,65,"Sheepmeat"
14125,65,"Sheepmeat"
14127,65,"Sheepmeat"
14140,65,"Sheepmeat"
17720,65,"Sheepmeat"
17727,65,"Sheepmeat"
17728,65,"Sheepmeat"
17729,65,"Sheepmeat"
17730,65,"Sheepmeat"
17731,65,"Sheepmeat"
17524,65,"Sheepmeat"
17565,65,"Sheepmeat"
17767,65,"Sheepmeat"
17768,65,"Sheepmeat"
17769,65,"Sheepmeat"
17770,65,"Sheepmeat"
17568,65,"Sheepmeat"
17786,65,"Sheepmeat"
17791,65,"Sheepmeat"
17793,65,"Sheepmeat"
17794,65,"Sheepmeat"
17795,65,"Sheepmeat"
28907,65,"Sheepmeat"
17528,65,"Sheepmeat"
17529,65,"Sheepmeat"
17531,65,"Sheepmeat"
17532,65,"Sheepmeat"
17534,65,"Sheepmeat"
17535,65,"Sheepmeat"
17734,65,"Sheepmeat"
17737,65,"Sheepmeat"
17739,65,"Sheepmeat"
17740,65,"Sheepmeat"
17741,65,"Sheepmeat"
17742,65,"Sheepmeat"
17743,65,"Sheepmeat"
17744,65,"Sheepmeat"
17745,65,"Sheepmeat"
17746,65,"Sheepmeat"
17747,65,"Sheepmeat"
17761,65,"Sheepmeat"
17762,65,"Sheepmeat"
17763,65,"Sheepmeat"
17764,65,"Sheepmeat"
17766,65,"Sheepmeat"
14190,65,"Sheepmeat"
14192,65,"Sheepmeat"
13706,65,"Sheepmeat"
13713,65,"Sheepmeat"
13514,65,"Sheepmeat"
13515,65,"Sheepmeat"
13519,65,"Sheepmeat"
13520,65,"Sheepmeat"
13521,65,"Sheepmeat"
13522,65,"Sheepmeat"
13523,65,"Sheepmeat"
13524,65,"Sheepmeat"
13525,65,"Sheepmeat"
13526,65,"Sheepmeat"
13715,65,"Sheepmeat"
13716,65,"Sheepmeat"
13717,65,"Sheepmeat"
13718,65,"Sheepmeat"
13719,65,"Sheepmeat"
13722,65,"Sheepmeat"
13723,65,"Sheepmeat"
13724,65,"Sheepmeat"
13725,65,"Sheepmeat"
13726,65,"Sheepmeat"
13745,65,"Sheepmeat"
13746,65,"Sheepmeat"
13747,65,"Sheepmeat"
13748,65,"Sheepmeat"
13527,65,"Sheepmeat"
13528,65,"Sheepmeat"
13529,65,"Sheepmeat"
13530,65,"Sheepmeat"
13531,65,"Sheepmeat"
13532,65,"Sheepmeat"
13534,65,"Sheepmeat"
13535,65,"Sheepmeat"
13536,65,"Sheepmeat"
13537,65,"Sheepmeat"
13538,65,"Sheepmeat"
13539,65,"Sheepmeat"
13540,65,"Sheepmeat"
13541,65,"Sheepmeat"
13542,65,"Sheepmeat"
13543,65,"Sheepmeat"
13544,65,"Sheepmeat"
13545,65,"Sheepmeat"
13546,65,"Sheepmeat"
13547,65,"Sheepmeat"
13548,65,"Sheepmeat"
13749,65,"Sheepmeat"
13750,65,"Sheepmeat"
13751,65,"Sheepmeat"
13752,65,"Sheepmeat"
13758,65,"Sheepmeat"
13759,65,"Sheepmeat"
14226,65,"Sheepmeat"
17787,65,"Sheepmeat"
14088,65,"Sheepmeat"
14090,65,"Sheepmeat"
14091,65,"Sheepmeat"
16739,65,"Sheepmeat"
16744,65,"Sheepmeat"
16992,65,"Sheepmeat"
16993,65,"Sheepmeat"
16743,65,"Sheepmeat"
16780,65,"Sheepmeat"
16781,65,"Sheepmeat"
16783,65,"Sheepmeat"
16782,65,"Sheepmeat"
16014,65,"Sheepmeat"
15831,65,"Sheepmeat"
15741,65,"Sheepmeat"
15832,65,"Sheepmeat"
16023,65,"Sheepmeat"
15768,65,"Sheepmeat"
15769,65,"Sheepmeat"
15771,65,"Sheepmeat"
15770,65,"Sheepmeat"
16025,65,"Sheepmeat"
17047,65,"Sheepmeat"
17807,65,"Sheepmeat"
17583,65,"Sheepmeat"
17585,65,"Sheepmeat"
15767,65,"Sheepmeat"
15772,65,"Sheepmeat"
15774,65,"Sheepmeat"
15775,65,"Sheepmeat"
15776,65,"Sheepmeat"
15777,65,"Sheepmeat"
15794,65,"Sheepmeat"
15799,65,"Sheepmeat"
15800,65,"Sheepmeat"
15809,65,"Sheepmeat"
15817,65,"Sheepmeat"
16819,65,"Sheepmeat"
17042,65,"Sheepmeat"
17046,65,"Sheepmeat"
15833,65,"Sheepmeat"
15773,65,"Sheepmeat"
15778,65,"Sheepmeat"
15779,65,"Sheepmeat"
15780,65,"Sheepmeat"
15782,65,"Sheepmeat"
15783,65,"Sheepmeat"
15784,65,"Sheepmeat"
15787,65,"Sheepmeat"
15788,65,"Sheepmeat"
15789,65,"Sheepmeat"
15790,65,"Sheepmeat"
15791,65,"Sheepmeat"
15792,65,"Sheepmeat"
15793,65,"Sheepmeat"
15795,65,"Sheepmeat"
15796,65,"Sheepmeat"
15797,65,"Sheepmeat"
15798,65,"Sheepmeat"
15803,65,"Sheepmeat"
15804,65,"Sheepmeat"
15807,65,"Sheepmeat"
15808,65,"Sheepmeat"
15810,65,"Sheepmeat"
15811,65,"Sheepmeat"
15812,65,"Sheepmeat"
15816,65,"Sheepmeat"
15818,65,"Sheepmeat"
15819,65,"Sheepmeat"
15820,65,"Sheepmeat"
15565,65,"Sheepmeat"
15566,65,"Sheepmeat"
15567,65,"Sheepmeat"
15569,65,"Sheepmeat"
15825,65,"Sheepmeat"
16024,65,"Sheepmeat"
16026,65,"Sheepmeat"
16027,65,"Sheepmeat"
15834,65,"Sheepmeat"
16999,65,"Sheepmeat"
17011,65,"Sheepmeat"
16998,65,"Sheepmeat"
16746,65,"Sheepmeat"
16747,65,"Sheepmeat"
16748,65,"Sheepmeat"
15801,65,"Sheepmeat"
15763,65,"Sheepmeat"
15761,65,"Sheepmeat"
15762,65,"Sheepmeat"
17013,65,"Sheepmeat"
17010,65,"Sheepmeat"
17017,65,"Sheepmeat"
16750,65,"Sheepmeat"
16751,65,"Sheepmeat"
16752,65,"Sheepmeat"
17015,65,"Sheepmeat"
16741,65,"Sheepmeat"
16745,65,"Sheepmeat"
17016,65,"Sheepmeat"
17018,65,"Sheepmeat"
17019,65,"Sheepmeat"
16994,65,"Sheepmeat"
17022,65,"Sheepmeat"
17071,65,"Sheepmeat"
17072,65,"Sheepmeat"
17074,65,"Sheepmeat"
17075,65,"Sheepmeat"
16827,65,"Sheepmeat"
17041,65,"Sheepmeat"
16809,65,"Sheepmeat"
16825,65,"Sheepmeat"
16810,65,"Sheepmeat"
16817,65,"Sheepmeat"
16829,65,"Sheepmeat"
17069,65,"Sheepmeat"
17070,65,"Sheepmeat"
15474,65,"Sheepmeat"
15473,65,"Sheepmeat"
16821,65,"Sheepmeat"
16822,65,"Sheepmeat"
16823,65,"Sheepmeat"
16824,65,"Sheepmeat"
16826,65,"Sheepmeat"
17073,65,"Sheepmeat"
16828,65,"Sheepmeat"
17080,65,"Sheepmeat"
15478,65,"Sheepmeat"
15236,65,"Sheepmeat"
15482,65,"Sheepmeat"
15242,65,"Sheepmeat"
16818,65,"Sheepmeat"
16811,65,"Sheepmeat"
16814,65,"Sheepmeat"
16816,65,"Sheepmeat"
17067,65,"Sheepmeat"
16812,65,"Sheepmeat"
15246,65,"Sheepmeat"
15485,65,"Sheepmeat"
15239,65,"Sheepmeat"
15240,65,"Sheepmeat"
16785,65,"Sheepmeat"
17064,65,"Sheepmeat"
16838,65,"Sheepmeat"
15259,65,"Sheepmeat"
15484,65,"Sheepmeat"
17066,65,"Sheepmeat"
17065,65,"Sheepmeat"
13700,65,"Sheepmeat"
13702,65,"Sheepmeat"
13703,65,"Sheepmeat"
13705,65,"Sheepmeat"
13733,65,"Sheepmeat"
13734,65,"Sheepmeat"
13735,65,"Sheepmeat"
13736,65,"Sheepmeat"
13738,65,"Sheepmeat"
17756,65,"Sheepmeat"
17757,65,"Sheepmeat"
17758,65,"Sheepmeat"
17759,65,"Sheepmeat"
17539,65,"Sheepmeat"
17540,65,"Sheepmeat"
17554,65,"Sheepmeat"
17748,65,"Sheepmeat"
17749,65,"Sheepmeat"
17750,65,"Sheepmeat"
17751,65,"Sheepmeat"
17752,65,"Sheepmeat"
17753,65,"Sheepmeat"
17754,65,"Sheepmeat"
17545,65,"Sheepmeat"
17547,65,"Sheepmeat"
17549,65,"Sheepmeat"
17550,65,"Sheepmeat"
17551,65,"Sheepmeat"
17552,65,"Sheepmeat"
17553,65,"Sheepmeat"
17760,65,"Sheepmeat"
17577,65,"Sheepmeat"
13740,65,"Sheepmeat"
13741,65,"Sheepmeat"
13742,65,"Sheepmeat"
13743,65,"Sheepmeat"
13744,65,"Sheepmeat"
17541,65,"Sheepmeat"
17542,65,"Sheepmeat"
17543,65,"Sheepmeat"
17544,65,"Sheepmeat"
17546,65,"Sheepmeat"
17548,65,"Sheepmeat"
13739,65,"Sheepmeat"
13737,65,"Sheepmeat"
14097,65,"Sheepmeat"
14104,65,"Sheepmeat"
13502,65,"Sheepmeat"
13503,65,"Sheepmeat"
13698,65,"Sheepmeat"
13699,65,"Sheepmeat"
13712,65,"Sheepmeat"
13707,65,"Sheepmeat"
13708,65,"Sheepmeat"
13709,65,"Sheepmeat"
13710,65,"Sheepmeat"
13711,65,"Sheepmeat"
13505,65,"Sheepmeat"
13506,65,"Sheepmeat"
13507,65,"Sheepmeat"
13508,65,"Sheepmeat"
13509,65,"Sheepmeat"
13720,65,"Sheepmeat"
13721,65,"Sheepmeat"
13728,65,"Sheepmeat"
13729,65,"Sheepmeat"
13730,65,"Sheepmeat"
13731,65,"Sheepmeat"
13732,65,"Sheepmeat"
13772,65,"Sheepmeat"
13779,65,"Sheepmeat"
13780,65,"Sheepmeat"
13549,65,"Sheepmeat"
14100,65,"Sheepmeat"
14099,65,"Sheepmeat"
13783,65,"Sheepmeat"
13785,65,"Sheepmeat"
13795,65,"Sheepmeat"
14198,65,"Sheepmeat"
13804,65,"Sheepmeat"
14199,65,"Sheepmeat"
14214,65,"Sheepmeat"
14215,65,"Sheepmeat"
14159,65,"Sheepmeat"
14160,65,"Sheepmeat"
13820,65,"Sheepmeat"
14164,65,"Sheepmeat"
14168,65,"Sheepmeat"
14169,65,"Sheepmeat"
14170,65,"Sheepmeat"
14171,65,"Sheepmeat"
14173,65,"Sheepmeat"
14174,65,"Sheepmeat"
14175,65,"Sheepmeat"
14176,65,"Sheepmeat"
14177,65,"Sheepmeat"
14178,65,"Sheepmeat"
13941,65,"Sheepmeat"
14186,65,"Sheepmeat"
14187,65,"Sheepmeat"
14188,65,"Sheepmeat"
14179,65,"Sheepmeat"
13807,65,"Sheepmeat"
13809,65,"Sheepmeat"
13810,65,"Sheepmeat"
13811,65,"Sheepmeat"
13812,65,"Sheepmeat"
13826,65,"Sheepmeat"
13827,65,"Sheepmeat"
13828,65,"Sheepmeat"
13831,65,"Sheepmeat"
13533,65,"Sheepmeat"
13753,65,"Sheepmeat"
13754,65,"Sheepmeat"
13755,65,"Sheepmeat"
13756,65,"Sheepmeat"
13757,65,"Sheepmeat"
14202,65,"Sheepmeat"
14203,65,"Sheepmeat"
14204,65,"Sheepmeat"
14205,65,"Sheepmeat"
14207,65,"Sheepmeat"
14221,65,"Sheepmeat"
14222,65,"Sheepmeat"
17732,65,"Sheepmeat"
17772,65,"Sheepmeat"
17773,65,"Sheepmeat"
17775,65,"Sheepmeat"
17778,65,"Sheepmeat"
17779,65,"Sheepmeat"
17780,65,"Sheepmeat"
17781,65,"Sheepmeat"
17569,65,"Sheepmeat"
17518,65,"Sheepmeat"
17776,65,"Sheepmeat"
14189,65,"Sheepmeat"
17536,65,"Sheepmeat"
17735,65,"Sheepmeat"
17736,65,"Sheepmeat"
17738,65,"Sheepmeat"
17755,65,"Sheepmeat"
17765,65,"Sheepmeat"
22587,65,"Sheepmeat"
22592,65,"Sheepmeat"
22596,65,"Sheepmeat"
22605,65,"Sheepmeat"
22606,65,"Sheepmeat"
22832,65,"Sheepmeat"
22833,65,"Sheepmeat"
22834,65,"Sheepmeat"
22616,65,"Sheepmeat"
22617,65,"Sheepmeat"
22619,65,"Sheepmeat"
22621,65,"Sheepmeat"
22618,65,"Sheepmeat"
22615,65,"Sheepmeat"
7944,65,"Sheepmeat"
7945,65,"Sheepmeat"
7360,65,"Sheepmeat"
11900,65,"Sheepmeat"
12130,65,"Sheepmeat"
12134,65,"Sheepmeat"
22282,65,"Sheepmeat"
22283,65,"Sheepmeat"
22546,65,"Sheepmeat"
22738,65,"Sheepmeat"
22739,65,"Sheepmeat"
22542,65,"Sheepmeat"
22702,65,"Sheepmeat"
22713,65,"Sheepmeat"
22715,65,"Sheepmeat"
22716,65,"Sheepmeat"
22728,65,"Sheepmeat"
13470,65,"Sheepmeat"
13474,65,"Sheepmeat"
13475,65,"Sheepmeat"
13476,65,"Sheepmeat"
13216,65,"Sheepmeat"
13218,65,"Sheepmeat"
13471,65,"Sheepmeat"
15688,65,"Sheepmeat"
13217,65,"Sheepmeat"
15703,65,"Sheepmeat"
15760,65,"Sheepmeat"
13221,65,"Sheepmeat"
15702,65,"Sheepmeat"
15697,65,"Sheepmeat"
15689,65,"Sheepmeat"
15666,65,"Sheepmeat"
15667,65,"Sheepmeat"
17812,65,"Sheepmeat"
17814,65,"Sheepmeat"
17816,65,"Sheepmeat"
12537,65,"Sheepmeat"
12538,65,"Sheepmeat"
15671,65,"Sheepmeat"
15679,65,"Sheepmeat"
15682,65,"Sheepmeat"
15726,65,"Sheepmeat"
15729,65,"Sheepmeat"
15730,65,"Sheepmeat"
15731,65,"Sheepmeat"
13642,65,"Sheepmeat"
15657,65,"Sheepmeat"
15653,65,"Sheepmeat"
15668,65,"Sheepmeat"
15669,65,"Sheepmeat"
15670,65,"Sheepmeat"
15673,65,"Sheepmeat"
15672,65,"Sheepmeat"
15663,65,"Sheepmeat"
15665,65,"Sheepmeat"
15680,65,"Sheepmeat"
15681,65,"Sheepmeat"
15654,65,"Sheepmeat"
15655,65,"Sheepmeat"
21829,65,"Sheepmeat"
22063,65,"Sheepmeat"
22069,65,"Sheepmeat"
22070,65,"Sheepmeat"
22071,65,"Sheepmeat"
22073,65,"Sheepmeat"
22074,65,"Sheepmeat"
22075,65,"Sheepmeat"
22076,65,"Sheepmeat"
22077,65,"Sheepmeat"
22078,65,"Sheepmeat"
22081,65,"Sheepmeat"
22082,65,"Sheepmeat"
21836,65,"Sheepmeat"
21837,65,"Sheepmeat"
21838,65,"Sheepmeat"
21839,65,"Sheepmeat"
21841,65,"Sheepmeat"
21842,65,"Sheepmeat"
21843,65,"Sheepmeat"
21844,65,"Sheepmeat"
15496,65,"Sheepmeat"
15495,65,"Sheepmeat"
15505,65,"Sheepmeat"
15506,65,"Sheepmeat"
15522,65,"Sheepmeat"
22464,65,"Sheepmeat"
22465,65,"Sheepmeat"
15261,65,"Sheepmeat"
15582,65,"Sheepmeat"
15585,65,"Sheepmeat"
15586,65,"Sheepmeat"
15587,65,"Sheepmeat"
15588,65,"Sheepmeat"
15599,65,"Sheepmeat"
15528,65,"Sheepmeat"
15601,65,"Sheepmeat"
15600,65,"Sheepmeat"
15604,65,"Sheepmeat"
15605,65,"Sheepmeat"
15606,65,"Sheepmeat"
15548,65,"Sheepmeat"
15551,65,"Sheepmeat"
15552,65,"Sheepmeat"
15553,65,"Sheepmeat"
15554,65,"Sheepmeat"
15555,65,"Sheepmeat"
15558,65,"Sheepmeat"
15560,65,"Sheepmeat"
15561,65,"Sheepmeat"
15593,65,"Sheepmeat"
15594,65,"Sheepmeat"
15597,65,"Sheepmeat"
15598,65,"Sheepmeat"
15602,65,"Sheepmeat"
15603,65,"Sheepmeat"
15608,65,"Sheepmeat"
15610,65,"Sheepmeat"
15612,65,"Sheepmeat"
15614,65,"Sheepmeat"
16839,65,"Sheepmeat"
16840,65,"Sheepmeat"
16841,65,"Sheepmeat"
16842,65,"Sheepmeat"
16843,65,"Sheepmeat"
16844,65,"Sheepmeat"
16845,65,"Sheepmeat"
16846,65,"Sheepmeat"
16847,65,"Sheepmeat"
16848,65,"Sheepmeat"
16849,65,"Sheepmeat"
16850,65,"Sheepmeat"
16851,65,"Sheepmeat"
16852,65,"Sheepmeat"
16853,65,"Sheepmeat"
16854,65,"Sheepmeat"
16855,65,"Sheepmeat"
16857,65,"Sheepmeat"
15607,65,"Sheepmeat"
15609,65,"Sheepmeat"
15611,65,"Sheepmeat"
15613,65,"Sheepmeat"
15615,65,"Sheepmeat"
15617,65,"Sheepmeat"
15618,65,"Sheepmeat"
15619,65,"Sheepmeat"
15620,65,"Sheepmeat"
15621,65,"Sheepmeat"
15622,65,"Sheepmeat"
15623,65,"Sheepmeat"
15624,65,"Sheepmeat"
15625,65,"Sheepmeat"
15626,65,"Sheepmeat"
15627,65,"Sheepmeat"
15628,65,"Sheepmeat"
15629,65,"Sheepmeat"
15630,65,"Sheepmeat"
15631,65,"Sheepmeat"
15632,65,"Sheepmeat"
15633,65,"Sheepmeat"
15634,65,"Sheepmeat"
15260,65,"Sheepmeat"
15529,65,"Sheepmeat"
15590,65,"Sheepmeat"
22463,65,"Sheepmeat"
15264,65,"Sheepmeat"
15265,65,"Sheepmeat"
15266,65,"Sheepmeat"
15267,65,"Sheepmeat"
15268,65,"Sheepmeat"
15270,65,"Sheepmeat"
15275,65,"Sheepmeat"
15276,65,"Sheepmeat"
15277,65,"Sheepmeat"
15281,65,"Sheepmeat"
15530,65,"Sheepmeat"
15531,65,"Sheepmeat"
15532,65,"Sheepmeat"
15533,65,"Sheepmeat"
15534,65,"Sheepmeat"
15535,65,"Sheepmeat"
15536,65,"Sheepmeat"
15537,65,"Sheepmeat"
15538,65,"Sheepmeat"
15539,65,"Sheepmeat"
22466,65,"Sheepmeat"
15488,65,"Sheepmeat"
15498,65,"Sheepmeat"
15486,65,"Sheepmeat"
15489,65,"Sheepmeat"
15490,65,"Sheepmeat"
15492,65,"Sheepmeat"
15493,65,"Sheepmeat"
15494,65,"Sheepmeat"
15254,65,"Sheepmeat"
15491,65,"Sheepmeat"
15521,65,"Sheepmeat"
15256,65,"Sheepmeat"
15257,65,"Sheepmeat"
15258,65,"Sheepmeat"
15524,65,"Sheepmeat"
15525,65,"Sheepmeat"
16837,65,"Sheepmeat"
15576,65,"Sheepmeat"
15283,65,"Sheepmeat"
15284,65,"Sheepmeat"
15285,65,"Sheepmeat"
15286,65,"Sheepmeat"
15571,65,"Sheepmeat"
15575,65,"Sheepmeat"
15288,65,"Sheepmeat"
15263,65,"Sheepmeat"
15282,65,"Sheepmeat"
15570,65,"Sheepmeat"
15291,65,"Sheepmeat"
15549,65,"Sheepmeat"
15550,65,"Sheepmeat"
15563,65,"Sheepmeat"
15579,65,"Sheepmeat"
15581,65,"Sheepmeat"
22208,65,"Sheepmeat"
22211,65,"Sheepmeat"
22220,65,"Sheepmeat"
22221,65,"Sheepmeat"
22222,65,"Sheepmeat"
22223,65,"Sheepmeat"
22224,65,"Sheepmeat"
22230,65,"Sheepmeat"
22468,65,"Sheepmeat"
22469,65,"Sheepmeat"
22476,65,"Sheepmeat"
22477,65,"Sheepmeat"
22478,65,"Sheepmeat"
22479,65,"Sheepmeat"
22480,65,"Sheepmeat"
22481,65,"Sheepmeat"
22482,65,"Sheepmeat"
22484,65,"Sheepmeat"
22485,65,"Sheepmeat"
22487,65,"Sheepmeat"
22231,65,"Sheepmeat"
16046,65,"Sheepmeat"
16797,65,"Sheepmeat"
17059,65,"Sheepmeat"
15527,65,"Sheepmeat"
22471,65,"Sheepmeat"
22233,65,"Sheepmeat"
22234,65,"Sheepmeat"
22235,65,"Sheepmeat"
22236,65,"Sheepmeat"
22238,65,"Sheepmeat"
22239,65,"Sheepmeat"
22241,65,"Sheepmeat"
22518,65,"Sheepmeat"
15848,65,"Sheepmeat"
22232,65,"Sheepmeat"
22467,65,"Sheepmeat"
22210,65,"Sheepmeat"
15847,65,"Sheepmeat"
22472,65,"Sheepmeat"
22250,65,"Sheepmeat"
22251,65,"Sheepmeat"
22252,65,"Sheepmeat"
22254,65,"Sheepmeat"
22517,65,"Sheepmeat"
22256,65,"Sheepmeat"
15556,65,"Sheepmeat"
15557,65,"Sheepmeat"
15559,65,"Sheepmeat"
15589,65,"Sheepmeat"
15591,65,"Sheepmeat"
15592,65,"Sheepmeat"
15595,65,"Sheepmeat"
15596,65,"Sheepmeat"
16856,65,"Sheepmeat"
16858,65,"Sheepmeat"
15635,65,"Sheepmeat"
15636,65,"Sheepmeat"
15637,65,"Sheepmeat"
15580,65,"Sheepmeat"
22227,65,"Sheepmeat"
22228,65,"Sheepmeat"
22229,65,"Sheepmeat"
22470,65,"Sheepmeat"
22473,65,"Sheepmeat"
22474,65,"Sheepmeat"
22475,65,"Sheepmeat"
22486,65,"Sheepmeat"
22237,65,"Sheepmeat"
22240,65,"Sheepmeat"
22244,65,"Sheepmeat"
22515,65,"Sheepmeat"
22516,65,"Sheepmeat"
22513,65,"Sheepmeat"
22255,65,"Sheepmeat"
22514,65,"Sheepmeat"
22519,65,"Sheepmeat"
22242,65,"Sheepmeat"
22243,65,"Sheepmeat"
22521,65,"Sheepmeat"
22274,65,"Sheepmeat"
22740,65,"Sheepmeat"
13701,65,"Sheepmeat"
14094,65,"Sheepmeat"
22273,65,"Sheepmeat"
22276,65,"Sheepmeat"
22522,65,"Sheepmeat"
22245,65,"Sheepmeat"
22246,65,"Sheepmeat"
22247,65,"Sheepmeat"
22248,65,"Sheepmeat"
22249,65,"Sheepmeat"
22253,65,"Sheepmeat"
22491,65,"Sheepmeat"
22492,65,"Sheepmeat"
22493,65,"Sheepmeat"
22512,65,"Sheepmeat"
22703,65,"Sheepmeat"
22523,65,"Sheepmeat"
22591,65,"Sheepmeat"
22826,65,"Sheepmeat"
22667,65,"Sheepmeat"
22494,65,"Sheepmeat"
22496,65,"Sheepmeat"
22497,65,"Sheepmeat"
22498,65,"Sheepmeat"
22499,65,"Sheepmeat"
22500,65,"Sheepmeat"
22501,65,"Sheepmeat"
22502,65,"Sheepmeat"
22503,65,"Sheepmeat"
22504,65,"Sheepmeat"
22505,65,"Sheepmeat"
22506,65,"Sheepmeat"
22507,65,"Sheepmeat"
22508,65,"Sheepmeat"
22509,65,"Sheepmeat"
22257,65,"Sheepmeat"
22258,65,"Sheepmeat"
22259,65,"Sheepmeat"
22260,65,"Sheepmeat"
22261,65,"Sheepmeat"
22263,65,"Sheepmeat"
22264,65,"Sheepmeat"
22265,65,"Sheepmeat"
22266,65,"Sheepmeat"
22267,65,"Sheepmeat"
22510,65,"Sheepmeat"
22511,65,"Sheepmeat"
22275,65,"Sheepmeat"
22277,65,"Sheepmeat"
22278,65,"Sheepmeat"
22525,65,"Sheepmeat"
22526,65,"Sheepmeat"
22528,65,"Sheepmeat"
22529,65,"Sheepmeat"
22530,65,"Sheepmeat"
22531,65,"Sheepmeat"
22532,65,"Sheepmeat"
22533,65,"Sheepmeat"
22706,65,"Sheepmeat"
22708,65,"Sheepmeat"
17001,65,"Sheepmeat"
17009,65,"Sheepmeat"
15511,65,"Sheepmeat"
15512,65,"Sheepmeat"
22707,65,"Sheepmeat"
15513,65,"Sheepmeat"
15742,65,"Sheepmeat"
15744,65,"Sheepmeat"
15756,65,"Sheepmeat"
15743,65,"Sheepmeat"
15746,65,"Sheepmeat"
15747,65,"Sheepmeat"
15748,65,"Sheepmeat"
15749,65,"Sheepmeat"
15750,65,"Sheepmeat"
15751,65,"Sheepmeat"
15752,65,"Sheepmeat"
16018,65,"Sheepmeat"
16019,65,"Sheepmeat"
16020,65,"Sheepmeat"
17007,65,"Sheepmeat"
16984,65,"Sheepmeat"
16985,65,"Sheepmeat"
16986,65,"Sheepmeat"
16987,65,"Sheepmeat"
16988,65,"Sheepmeat"
16990,65,"Sheepmeat"
16022,65,"Sheepmeat"
16742,65,"Sheepmeat"
16997,65,"Sheepmeat"
16995,65,"Sheepmeat"
16996,65,"Sheepmeat"
15828,65,"Sheepmeat"
16015,65,"Sheepmeat"
16016,65,"Sheepmeat"
16017,65,"Sheepmeat"
16013,65,"Sheepmeat"
15781,65,"Sheepmeat"
15785,65,"Sheepmeat"
15786,65,"Sheepmeat"
15802,65,"Sheepmeat"
15805,65,"Sheepmeat"
15806,65,"Sheepmeat"
15813,65,"Sheepmeat"
15814,65,"Sheepmeat"
15815,65,"Sheepmeat"
15821,65,"Sheepmeat"
15564,65,"Sheepmeat"
16989,65,"Sheepmeat"
16991,65,"Sheepmeat"
17002,65,"Sheepmeat"
17003,65,"Sheepmeat"
17004,65,"Sheepmeat"
17005,65,"Sheepmeat"
17006,65,"Sheepmeat"
17008,65,"Sheepmeat"
17045,65,"Sheepmeat"
17811,65,"Sheepmeat"
15658,65,"Sheepmeat"
15659,65,"Sheepmeat"
15660,65,"Sheepmeat"
15661,65,"Sheepmeat"
15662,65,"Sheepmeat"
17591,65,"Sheepmeat"
17817,65,"Sheepmeat"
17822,65,"Sheepmeat"
15714,65,"Sheepmeat"
15717,65,"Sheepmeat"
15718,65,"Sheepmeat"
15719,65,"Sheepmeat"
15721,65,"Sheepmeat"
15722,65,"Sheepmeat"
15723,65,"Sheepmeat"
15724,65,"Sheepmeat"
15727,65,"Sheepmeat"
15728,65,"Sheepmeat"
12540,65,"Sheepmeat"
15664,65,"Sheepmeat"
22031,65,"Sheepmeat"
22040,65,"Sheepmeat"
22043,65,"Sheepmeat"
21854,65,"Sheepmeat"
22092,65,"Sheepmeat"
22093,65,"Sheepmeat"
22096,65,"Sheepmeat"
22097,65,"Sheepmeat"
22098,65,"Sheepmeat"
12504,65,"Sheepmeat"
22032,65,"Sheepmeat"
22034,65,"Sheepmeat"
22035,65,"Sheepmeat"
22038,65,"Sheepmeat"
22041,65,"Sheepmeat"
22054,65,"Sheepmeat"
21847,65,"Sheepmeat"
21848,65,"Sheepmeat"
22018,65,"Sheepmeat"
22042,65,"Sheepmeat"
22049,65,"Sheepmeat"
22055,65,"Sheepmeat"
21816,65,"Sheepmeat"
27463,65,"Sheepmeat"
21786,65,"Sheepmeat"
21787,65,"Sheepmeat"
22058,65,"Sheepmeat"
22061,65,"Sheepmeat"
21808,65,"Sheepmeat"
21809,65,"Sheepmeat"
21810,65,"Sheepmeat"
21813,65,"Sheepmeat"
21814,65,"Sheepmeat"
21815,65,"Sheepmeat"
21817,65,"Sheepmeat"
21818,65,"Sheepmeat"
21819,65,"Sheepmeat"
21820,65,"Sheepmeat"
21821,65,"Sheepmeat"
21822,65,"Sheepmeat"
21823,65,"Sheepmeat"
21824,65,"Sheepmeat"
21825,65,"Sheepmeat"
21826,65,"Sheepmeat"
21827,65,"Sheepmeat"
21828,65,"Sheepmeat"
22064,65,"Sheepmeat"
22065,65,"Sheepmeat"
22066,65,"Sheepmeat"
22067,65,"Sheepmeat"
22068,65,"Sheepmeat"
22084,65,"Sheepmeat"
22085,65,"Sheepmeat"
22086,65,"Sheepmeat"
22087,65,"Sheepmeat"
22088,65,"Sheepmeat"
21830,65,"Sheepmeat"
21831,65,"Sheepmeat"
21832,65,"Sheepmeat"
21833,65,"Sheepmeat"
12541,65,"Sheepmeat"
21798,65,"Sheepmeat"
22044,65,"Sheepmeat"
22045,65,"Sheepmeat"
17784,65,"Sheepmeat"
17820,65,"Sheepmeat"
21812,65,"Sheepmeat"
21834,65,"Sheepmeat"
21835,65,"Sheepmeat"
21851,65,"Sheepmeat"
21852,65,"Sheepmeat"
22033,65,"Sheepmeat"
22036,65,"Sheepmeat"
22037,65,"Sheepmeat"
22039,65,"Sheepmeat"
24856,65,"Sheepmeat"
24885,65,"Sheepmeat"
24847,65,"Sheepmeat"
24855,65,"Sheepmeat"
24854,65,"Sheepmeat"
24857,65,"Sheepmeat"
24858,65,"Sheepmeat"
24860,65,"Sheepmeat"
24862,65,"Sheepmeat"
24863,65,"Sheepmeat"
24864,65,"Sheepmeat"
23817,65,"Sheepmeat"
24867,65,"Sheepmeat"
24669,65,"Sheepmeat"
24670,65,"Sheepmeat"
24672,65,"Sheepmeat"
24886,65,"Sheepmeat"
24887,65,"Sheepmeat"
24888,65,"Sheepmeat"
24889,65,"Sheepmeat"
24668,65,"Sheepmeat"
21998,65,"Sheepmeat"
21999,65,"Sheepmeat"
22000,65,"Sheepmeat"
22002,65,"Sheepmeat"
23815,65,"Sheepmeat"
23816,65,"Sheepmeat"
23616,65,"Sheepmeat"
21846,65,"Sheepmeat"
21850,65,"Sheepmeat"
21853,65,"Sheepmeat"
22089,65,"Sheepmeat"
22090,65,"Sheepmeat"
22094,65,"Sheepmeat"
22003,65,"Sheepmeat"
22006,65,"Sheepmeat"
22012,65,"Sheepmeat"
22014,65,"Sheepmeat"
22015,65,"Sheepmeat"
22016,65,"Sheepmeat"
22017,65,"Sheepmeat"
21805,65,"Sheepmeat"
21806,65,"Sheepmeat"
23828,65,"Sheepmeat"
23829,65,"Sheepmeat"
23830,65,"Sheepmeat"
23831,65,"Sheepmeat"
23832,65,"Sheepmeat"
23833,65,"Sheepmeat"
23834,65,"Sheepmeat"
23835,65,"Sheepmeat"
23836,65,"Sheepmeat"
23837,65,"Sheepmeat"
23848,65,"Sheepmeat"
23849,65,"Sheepmeat"
23850,65,"Sheepmeat"
23851,65,"Sheepmeat"
23852,65,"Sheepmeat"
23853,65,"Sheepmeat"
23605,65,"Sheepmeat"
23606,65,"Sheepmeat"
23607,65,"Sheepmeat"
23609,65,"Sheepmeat"
23610,65,"Sheepmeat"
23611,65,"Sheepmeat"
23612,65,"Sheepmeat"
23613,65,"Sheepmeat"
23614,65,"Sheepmeat"
23615,65,"Sheepmeat"
23618,65,"Sheepmeat"
23619,65,"Sheepmeat"
23862,65,"Sheepmeat"
23863,65,"Sheepmeat"
23864,65,"Sheepmeat"
23865,65,"Sheepmeat"
23866,65,"Sheepmeat"
23867,65,"Sheepmeat"
23868,65,"Sheepmeat"
23872,65,"Sheepmeat"
23873,65,"Sheepmeat"
23874,65,"Sheepmeat"
23875,65,"Sheepmeat"
23876,65,"Sheepmeat"
23877,65,"Sheepmeat"
23878,65,"Sheepmeat"
23879,65,"Sheepmeat"
23880,65,"Sheepmeat"
23881,65,"Sheepmeat"
23883,65,"Sheepmeat"
23621,65,"Sheepmeat"
23622,65,"Sheepmeat"
23623,65,"Sheepmeat"
23624,65,"Sheepmeat"
23625,65,"Sheepmeat"
23627,65,"Sheepmeat"
23629,65,"Sheepmeat"
23632,65,"Sheepmeat"
23633,65,"Sheepmeat"
23648,65,"Sheepmeat"
23884,65,"Sheepmeat"
12490,65,"Sheepmeat"
12514,65,"Sheepmeat"
12515,65,"Sheepmeat"
12517,65,"Sheepmeat"
15677,65,"Sheepmeat"
15709,65,"Sheepmeat"
15710,65,"Sheepmeat"
15711,65,"Sheepmeat"
15708,65,"Sheepmeat"
15735,65,"Sheepmeat"
15745,65,"Sheepmeat"
15732,65,"Sheepmeat"
15739,65,"Sheepmeat"
15736,65,"Sheepmeat"
15737,65,"Sheepmeat"
15738,65,"Sheepmeat"
15757,65,"Sheepmeat"
15758,65,"Sheepmeat"
15759,65,"Sheepmeat"
15683,65,"Sheepmeat"
15684,65,"Sheepmeat"
15685,65,"Sheepmeat"
15693,65,"Sheepmeat"
15694,65,"Sheepmeat"
15696,65,"Sheepmeat"
15713,65,"Sheepmeat"
15715,65,"Sheepmeat"
13220,65,"Sheepmeat"
15734,65,"Sheepmeat"
15733,65,"Sheepmeat"
15690,65,"Sheepmeat"
15691,65,"Sheepmeat"
15712,65,"Sheepmeat"
15704,65,"Sheepmeat"
15705,65,"Sheepmeat"
15716,65,"Sheepmeat"
15725,65,"Sheepmeat"
98,65,"Sheepmeat"
127,82,"Beef"
4403,82,"Beef"
4404,82,"Beef"
4392,82,"Beef"
4393,82,"Beef"
4394,82,"Beef"
4405,82,"Beef"
3048,82,"Beef"
4406,82,"Beef"
4407,82,"Beef"
4657,82,"Beef"
4658,82,"Beef"
3052,82,"Beef"
4659,82,"Beef"
4660,82,"Beef"
4410,82,"Beef"
4411,82,"Beef"
3053,82,"Beef"
3054,82,"Beef"
4418,82,"Beef"
4419,82,"Beef"
4423,82,"Beef"
2998,82,"Beef"
2977,82,"Beef"
3050,82,"Beef"
3013,82,"Beef"
4662,82,"Beef"
2993,82,"Beef"
3024,82,"Beef"
7897,82,"Beef"
7288,82,"Beef"
7898,82,"Beef"
7905,82,"Beef"
7290,82,"Beef"
7291,82,"Beef"
7292,82,"Beef"
7877,82,"Beef"
7289,82,"Beef"
7896,82,"Beef"
7886,82,"Beef"
7276,82,"Beef"
7277,82,"Beef"
15249,82,"Beef"
7296,82,"Beef"
7910,82,"Beef"
7911,82,"Beef"
7912,82,"Beef"
7858,82,"Beef"
7881,82,"Beef"
7888,82,"Beef"
7890,82,"Beef"
7283,82,"Beef"
7892,82,"Beef"
7281,82,"Beef"
7282,82,"Beef"
7894,82,"Beef"
7856,82,"Beef"
7893,82,"Beef"
7895,82,"Beef"
15998,82,"Beef"
7884,82,"Beef"
7284,82,"Beef"
7285,82,"Beef"
7286,82,"Beef"
15999,82,"Beef"
16000,82,"Beef"
16001,82,"Beef"
16004,82,"Beef"
7265,82,"Beef"
11621,82,"Beef"
22835,82,"Beef"
7853,82,"Beef"
7859,82,"Beef"
7860,82,"Beef"
7861,82,"Beef"
7356,82,"Beef"
11901,82,"Beef"
7357,82,"Beef"
7363,82,"Beef"
12131,82,"Beef"
12132,82,"Beef"
11903,82,"Beef"
7260,82,"Beef"
7871,82,"Beef"
22543,82,"Beef"
22544,82,"Beef"
22545,82,"Beef"
7854,82,"Beef"
7855,82,"Beef"
7863,82,"Beef"
7864,82,"Beef"
7868,82,"Beef"
7269,82,"Beef"
7270,82,"Beef"
7880,82,"Beef"
7866,82,"Beef"
7869,82,"Beef"
7259,82,"Beef"
7302,82,"Beef"
7918,82,"Beef"
7870,82,"Beef"
7873,82,"Beef"
7268,82,"Beef"
7874,82,"Beef"
7267,82,"Beef"
7273,82,"Beef"
7275,82,"Beef"
7358,82,"Beef"
7361,82,"Beef"
11902,82,"Beef"
16003,82,"Beef"
16006,82,"Beef"
15846,82,"Beef"
15509,82,"Beef"
16011,82,"Beef"
16007,82,"Beef"
22279,82,"Beef"
16010,82,"Beef"
15826,82,"Beef"
15827,82,"Beef"
16012,82,"Beef"
7878,82,"Beef"
7272,82,"Beef"
7266,82,"Beef"
7885,82,"Beef"
22536,82,"Beef"
22537,82,"Beef"
22280,82,"Beef"
22281,82,"Beef"
22709,82,"Beef"
22828,82,"Beef"
22829,82,"Beef"
22585,82,"Beef"
22586,82,"Beef"
22589,82,"Beef"
22590,82,"Beef"
22827,82,"Beef"
22830,82,"Beef"
22601,82,"Beef"
22602,82,"Beef"
22603,82,"Beef"
22609,82,"Beef"
22610,82,"Beef"
22710,82,"Beef"
22711,82,"Beef"
22712,82,"Beef"
22611,82,"Beef"
22612,82,"Beef"
22614,82,"Beef"
22613,82,"Beef"
22538,82,"Beef"
22539,82,"Beef"
22733,82,"Beef"
22734,82,"Beef"
22735,82,"Beef"
22717,82,"Beef"
22718,82,"Beef"
22719,82,"Beef"
22720,82,"Beef"
22721,82,"Beef"
22722,82,"Beef"
22723,82,"Beef"
22724,82,"Beef"
22725,82,"Beef"
22726,82,"Beef"
22727,82,"Beef"
22730,82,"Beef"
22731,82,"Beef"
22732,82,"Beef"
11874,82,"Beef"
22836,82,"Beef"
22575,82,"Beef"
22540,82,"Beef"
22285,82,"Beef"
22286,82,"Beef"
22736,82,"Beef"
22737,82,"Beef"
22729,82,"Beef"
22284,82,"Beef"
22566,82,"Beef"
22567,82,"Beef"
22789,82,"Beef"
22790,82,"Beef"
22791,82,"Beef"
22792,82,"Beef"
22793,82,"Beef"
22794,82,"Beef"
22795,82,"Beef"
22796,82,"Beef"
22797,82,"Beef"
22798,82,"Beef"
22799,82,"Beef"
22800,82,"Beef"
22801,82,"Beef"
22802,82,"Beef"
22803,82,"Beef"
22804,82,"Beef"
22805,82,"Beef"
22807,82,"Beef"
22568,82,"Beef"
22574,82,"Beef"
22578,82,"Beef"
22579,82,"Beef"
22580,82,"Beef"
22581,82,"Beef"
22582,82,"Beef"
22583,82,"Beef"
22584,82,"Beef"
22594,82,"Beef"
22595,82,"Beef"
22598,82,"Beef"
22599,82,"Beef"
22576,82,"Beef"
22620,82,"Beef"
22840,82,"Beef"
22570,82,"Beef"
22577,82,"Beef"
22607,82,"Beef"
22831,82,"Beef"
22741,82,"Beef"
14095,82,"Beef"
14096,82,"Beef"
22746,82,"Beef"
22747,82,"Beef"
22748,82,"Beef"
22561,82,"Beef"
22742,82,"Beef"
22705,82,"Beef"
22668,82,"Beef"
22670,82,"Beef"
22750,82,"Beef"
22753,82,"Beef"
22558,82,"Beef"
22760,82,"Beef"
22761,82,"Beef"
22762,82,"Beef"
22763,82,"Beef"
22822,82,"Beef"
22751,82,"Beef"
22752,82,"Beef"
22755,82,"Beef"
22756,82,"Beef"
22757,82,"Beef"
22758,82,"Beef"
22759,82,"Beef"
22764,82,"Beef"
22765,82,"Beef"
22766,82,"Beef"
22767,82,"Beef"
22769,82,"Beef"
22787,82,"Beef"
22557,82,"Beef"
22600,82,"Beef"
22817,82,"Beef"
22819,82,"Beef"
22820,82,"Beef"
22823,82,"Beef"
22824,82,"Beef"
22553,82,"Beef"
22554,82,"Beef"
22555,82,"Beef"
22563,82,"Beef"
22588,82,"Beef"
22597,82,"Beef"
22825,82,"Beef"
22821,82,"Beef"
7274,82,"Beef"
7889,82,"Beef"
7882,82,"Beef"
7883,82,"Beef"
7278,82,"Beef"
7279,82,"Beef"
7280,82,"Beef"
7887,82,"Beef"
7891,82,"Beef"
7254,82,"Beef"
7922,82,"Beef"
7923,82,"Beef"
7924,82,"Beef"
7925,82,"Beef"
7927,82,"Beef"
7928,82,"Beef"
7929,82,"Beef"
7930,82,"Beef"
7926,82,"Beef"
7325,82,"Beef"
7326,82,"Beef"
7328,82,"Beef"
7251,82,"Beef"
7252,82,"Beef"
2810,82,"Beef"
2814,82,"Beef"
2838,82,"Beef"
2811,82,"Beef"
2844,82,"Beef"
2845,82,"Beef"
2846,82,"Beef"
2849,82,"Beef"
2852,82,"Beef"
2853,82,"Beef"
2854,82,"Beef"
2855,82,"Beef"
2856,82,"Beef"
2857,82,"Beef"
2858,82,"Beef"
2859,82,"Beef"
2860,82,"Beef"
2861,82,"Beef"
3034,82,"Beef"
3035,82,"Beef"
3039,82,"Beef"
3040,82,"Beef"
3041,82,"Beef"
3009,82,"Beef"
2812,82,"Beef"
2813,82,"Beef"
7330,82,"Beef"
7875,82,"Beef"
7257,82,"Beef"
7258,82,"Beef"
7851,82,"Beef"
7852,82,"Beef"
7862,82,"Beef"
7865,82,"Beef"
7867,82,"Beef"
7271,82,"Beef"
7303,82,"Beef"
7304,82,"Beef"
7919,82,"Beef"
7920,82,"Beef"
7327,82,"Beef"
7329,82,"Beef"
2805,82,"Beef"
2806,82,"Beef"
2807,82,"Beef"
2808,82,"Beef"
2809,82,"Beef"
2815,82,"Beef"
7947,82,"Beef"
12082,82,"Beef"
11904,82,"Beef"
12135,82,"Beef"
2816,82,"Beef"
2817,82,"Beef"
2818,82,"Beef"
2819,82,"Beef"
2821,82,"Beef"
2822,82,"Beef"
2588,82,"Beef"
2590,82,"Beef"
2592,82,"Beef"
2593,82,"Beef"
2595,82,"Beef"
2596,82,"Beef"
4340,82,"Beef"
2825,82,"Beef"
3011,82,"Beef"
3012,82,"Beef"
3017,82,"Beef"
4380,82,"Beef"
4381,82,"Beef"
4634,82,"Beef"
4635,82,"Beef"
2827,82,"Beef"
2600,82,"Beef"
2612,82,"Beef"
2765,82,"Beef"
4636,82,"Beef"
4637,82,"Beef"
4638,82,"Beef"
4639,82,"Beef"
4640,82,"Beef"
2831,82,"Beef"
2832,82,"Beef"
2833,82,"Beef"
2835,82,"Beef"
3029,82,"Beef"
3008,82,"Beef"
3025,82,"Beef"
3032,82,"Beef"
2829,82,"Beef"
2830,82,"Beef"
2834,82,"Beef"
2836,82,"Beef"
2839,82,"Beef"
2842,82,"Beef"
3033,82,"Beef"
3042,82,"Beef"
3010,82,"Beef"
2539,82,"Beef"
2826,82,"Beef"
2828,82,"Beef"
2907,82,"Beef"
2876,82,"Beef"
2862,82,"Beef"
2863,82,"Beef"
2864,82,"Beef"
2865,82,"Beef"
2866,82,"Beef"
2837,82,"Beef"
2841,82,"Beef"
3036,82,"Beef"
2906,82,"Beef"
2607,82,"Beef"
2610,82,"Beef"
4386,82,"Beef"
7253,82,"Beef"
2867,82,"Beef"
2875,82,"Beef"
7907,82,"Beef"
91,82,"Beef"
7294,82,"Beef"
7909,82,"Beef"
7295,82,"Beef"
7902,82,"Beef"
2589,82,"Beef"
7036,82,"Beef"
2868,82,"Beef"
2874,82,"Beef"
11809,82,"Beef"
2869,82,"Beef"
2872,82,"Beef"
2882,82,"Beef"
2873,82,"Beef"
2877,82,"Beef"
2878,82,"Beef"
2901,82,"Beef"
2879,82,"Beef"
2881,82,"Beef"
2912,82,"Beef"
2915,82,"Beef"
2908,82,"Beef"
2910,82,"Beef"
2911,82,"Beef"
2903,82,"Beef"
11622,82,"Beef"
12075,82,"Beef"
12084,82,"Beef"
12088,82,"Beef"
12089,82,"Beef"
12077,82,"Beef"
12076,82,"Beef"
12085,82,"Beef"
12090,82,"Beef"
12086,82,"Beef"
11848,82,"Beef"
11849,82,"Beef"
12108,82,"Beef"
12109,82,"Beef"
12110,82,"Beef"
12078,82,"Beef"
12079,82,"Beef"
12111,82,"Beef"
12113,82,"Beef"
12114,82,"Beef"
12116,82,"Beef"
11890,82,"Beef"
11891,82,"Beef"
11810,82,"Beef"
11818,82,"Beef"
11839,82,"Beef"
7848,82,"Beef"
11840,82,"Beef"
7255,82,"Beef"
7849,82,"Beef"
7850,82,"Beef"
11841,82,"Beef"
11842,82,"Beef"
11843,82,"Beef"
11847,82,"Beef"
7332,82,"Beef"
7333,82,"Beef"
7334,82,"Beef"
7335,82,"Beef"
7336,82,"Beef"
7337,82,"Beef"
7338,82,"Beef"
7339,82,"Beef"
7341,82,"Beef"
7343,82,"Beef"
7340,82,"Beef"
7344,82,"Beef"
7349,82,"Beef"
7355,82,"Beef"
7346,82,"Beef"
7348,82,"Beef"
7354,82,"Beef"
12122,82,"Beef"
12125,82,"Beef"
7934,82,"Beef"
12124,82,"Beef"
11899,82,"Beef"
7935,82,"Beef"
7939,82,"Beef"
11846,82,"Beef"
12123,82,"Beef"
12128,82,"Beef"
7351,82,"Beef"
7353,82,"Beef"
7938,82,"Beef"
7940,82,"Beef"
7941,82,"Beef"
7942,82,"Beef"
7943,82,"Beef"
7951,82,"Beef"
7952,82,"Beef"
7954,82,"Beef"
7955,82,"Beef"
7350,82,"Beef"
7352,82,"Beef"
12126,82,"Beef"
12129,82,"Beef"
11896,82,"Beef"
11897,82,"Beef"
12139,82,"Beef"
11905,82,"Beef"
11906,82,"Beef"
11907,82,"Beef"
11908,82,"Beef"
11909,82,"Beef"
7933,82,"Beef"
11898,82,"Beef"
11813,82,"Beef"
11837,82,"Beef"
11845,82,"Beef"
16740,82,"Beef"
16784,82,"Beef"
17063,82,"Beef"
17056,82,"Beef"
17048,82,"Beef"
16786,82,"Beef"
15520,82,"Beef"
15822,82,"Beef"
15837,82,"Beef"
15992,82,"Beef"
17560,82,"Beef"
15824,82,"Beef"
15568,82,"Beef"
15823,82,"Beef"
15991,82,"Beef"
15993,82,"Beef"
17051,82,"Beef"
17053,82,"Beef"
16791,82,"Beef"
16795,82,"Beef"
16792,82,"Beef"
16793,82,"Beef"
17060,82,"Beef"
17061,82,"Beef"
17062,82,"Beef"
16801,82,"Beef"
16794,82,"Beef"
15839,82,"Beef"
15840,82,"Beef"
15841,82,"Beef"
15842,82,"Beef"
15843,82,"Beef"
15844,82,"Beef"
16029,82,"Beef"
16034,82,"Beef"
16035,82,"Beef"
16036,82,"Beef"
16038,82,"Beef"
16041,82,"Beef"
16048,82,"Beef"
16028,82,"Beef"
16030,82,"Beef"
16031,82,"Beef"
15997,82,"Beef"
15838,82,"Beef"
16032,82,"Beef"
15994,82,"Beef"
13704,82,"Beef"
15995,82,"Beef"
15996,82,"Beef"
16044,82,"Beef"
17058,82,"Beef"
16790,82,"Beef"
17049,82,"Beef"
17054,82,"Beef"
17055,82,"Beef"
16802,82,"Beef"
15562,82,"Beef"
16033,82,"Beef"
16037,82,"Beef"
16039,82,"Beef"
16040,82,"Beef"
16042,82,"Beef"
16798,82,"Beef"
16796,82,"Beef"
16800,82,"Beef"
16045,82,"Beef"
17052,82,"Beef"
17057,82,"Beef"
16764,82,"Beef"
4630,82,"Beef"
4396,82,"Beef"
4627,82,"Beef"
4612,82,"Beef"
4397,82,"Beef"
4398,82,"Beef"
4648,82,"Beef"
4629,82,"Beef"
4647,82,"Beef"
7315,82,"Beef"
2547,82,"Beef"
2548,82,"Beef"
2552,82,"Beef"
2553,82,"Beef"
2554,82,"Beef"
2555,82,"Beef"
2556,82,"Beef"
2557,82,"Beef"
2558,82,"Beef"
2559,82,"Beef"
2560,82,"Beef"
2561,82,"Beef"
2562,82,"Beef"
2563,82,"Beef"
2564,82,"Beef"
2565,82,"Beef"
2567,82,"Beef"
2568,82,"Beef"
2576,82,"Beef"
2577,82,"Beef"
2578,82,"Beef"
2579,82,"Beef"
2580,82,"Beef"
2581,82,"Beef"
2582,82,"Beef"
2583,82,"Beef"
2584,82,"Beef"
2585,82,"Beef"
2613,82,"Beef"
2614,82,"Beef"
2615,82,"Beef"
2616,82,"Beef"
2617,82,"Beef"
2618,82,"Beef"
2619,82,"Beef"
2620,82,"Beef"
2621,82,"Beef"
2622,82,"Beef"
2623,82,"Beef"
2624,82,"Beef"
2625,82,"Beef"
2626,82,"Beef"
2627,82,"Beef"
2628,82,"Beef"
2629,82,"Beef"
2637,82,"Beef"
2640,82,"Beef"
2641,82,"Beef"
2642,82,"Beef"
2643,82,"Beef"
2644,82,"Beef"
2645,82,"Beef"
2650,82,"Beef"
2651,82,"Beef"
4211,82,"Beef"
4212,82,"Beef"
2606,82,"Beef"
2609,82,"Beef"
4213,82,"Beef"
4603,82,"Beef"
4606,82,"Beef"
4668,82,"Beef"
2781,82,"Beef"
2789,82,"Beef"
2604,82,"Beef"
2605,82,"Beef"
2551,82,"Beef"
2608,82,"Beef"
4707,82,"Beef"
4708,82,"Beef"
4709,82,"Beef"
4358,82,"Beef"
4641,82,"Beef"
4706,82,"Beef"
4448,82,"Beef"
4611,82,"Beef"
2705,82,"Beef"
2706,82,"Beef"
2708,82,"Beef"
2730,82,"Beef"
2747,82,"Beef"
4351,82,"Beef"
4620,82,"Beef"
4621,82,"Beef"
4622,82,"Beef"
4624,82,"Beef"
2602,82,"Beef"
2570,82,"Beef"
7913,82,"Beef"
7305,82,"Beef"
7313,82,"Beef"
7322,82,"Beef"
7908,82,"Beef"
7314,82,"Beef"
2652,82,"Beef"
2653,82,"Beef"
2654,82,"Beef"
2655,82,"Beef"
2656,82,"Beef"
2657,82,"Beef"
2658,82,"Beef"
2659,82,"Beef"
2660,82,"Beef"
2661,82,"Beef"
2662,82,"Beef"
2663,82,"Beef"
2664,82,"Beef"
2665,82,"Beef"
2666,82,"Beef"
2670,82,"Beef"
2673,82,"Beef"
2674,82,"Beef"
2675,82,"Beef"
2676,82,"Beef"
2677,82,"Beef"
2678,82,"Beef"
2679,82,"Beef"
2680,82,"Beef"
2681,82,"Beef"
2682,82,"Beef"
2683,82,"Beef"
2686,82,"Beef"
2687,82,"Beef"
2688,82,"Beef"
2689,82,"Beef"
2690,82,"Beef"
2693,82,"Beef"
2695,82,"Beef"
2700,82,"Beef"
2701,82,"Beef"
2703,82,"Beef"
2709,82,"Beef"
2710,82,"Beef"
2711,82,"Beef"
2712,82,"Beef"
2713,82,"Beef"
2714,82,"Beef"
2715,82,"Beef"
2716,82,"Beef"
2717,82,"Beef"
2718,82,"Beef"
2719,82,"Beef"
2720,82,"Beef"
2721,82,"Beef"
2722,82,"Beef"
2723,82,"Beef"
2724,82,"Beef"
2725,82,"Beef"
2726,82,"Beef"
2727,82,"Beef"
2728,82,"Beef"
2729,82,"Beef"
2601,82,"Beef"
2731,82,"Beef"
2603,82,"Beef"
2732,82,"Beef"
2733,82,"Beef"
2734,82,"Beef"
2735,82,"Beef"
2736,82,"Beef"
2737,82,"Beef"
2738,82,"Beef"
2739,82,"Beef"
2740,82,"Beef"
2741,82,"Beef"
4677,82,"Beef"
4215,82,"Beef"
2742,82,"Beef"
2743,82,"Beef"
2744,82,"Beef"
2745,82,"Beef"
2746,82,"Beef"
2750,82,"Beef"
2751,82,"Beef"
2754,82,"Beef"
2755,82,"Beef"
2756,82,"Beef"
2757,82,"Beef"
2758,82,"Beef"
2759,82,"Beef"
2760,82,"Beef"
2761,82,"Beef"
2762,82,"Beef"
2763,82,"Beef"
2764,82,"Beef"
2766,82,"Beef"
4341,82,"Beef"
4342,82,"Beef"
4217,82,"Beef"
4218,82,"Beef"
4219,82,"Beef"
4220,82,"Beef"
4221,82,"Beef"
4222,82,"Beef"
4613,82,"Beef"
4223,82,"Beef"
4614,82,"Beef"
4615,82,"Beef"
4343,82,"Beef"
4344,82,"Beef"
4345,82,"Beef"
4346,82,"Beef"
4224,82,"Beef"
4225,82,"Beef"
4226,82,"Beef"
4227,82,"Beef"
4228,82,"Beef"
4229,82,"Beef"
4347,82,"Beef"
4230,82,"Beef"
4231,82,"Beef"
4232,82,"Beef"
4233,82,"Beef"
4234,82,"Beef"
4235,82,"Beef"
4348,82,"Beef"
4349,82,"Beef"
4350,82,"Beef"
4616,82,"Beef"
4623,82,"Beef"
4625,82,"Beef"
4626,82,"Beef"
4399,82,"Beef"
4400,82,"Beef"
2544,82,"Beef"
2546,82,"Beef"
2549,82,"Beef"
4241,82,"Beef"
4649,82,"Beef"
4631,82,"Beef"
4359,82,"Beef"
4360,82,"Beef"
4361,82,"Beef"
7320,82,"Beef"
7321,82,"Beef"
2541,82,"Beef"
2542,82,"Beef"
2543,82,"Beef"
7311,82,"Beef"
7931,82,"Beef"
7932,82,"Beef"
7312,82,"Beef"
7316,82,"Beef"
7317,82,"Beef"
2537,82,"Beef"
2792,82,"Beef"
2791,82,"Beef"
3031,82,"Beef"
2538,82,"Beef"
3030,82,"Beef"
7318,82,"Beef"
2545,82,"Beef"
2550,82,"Beef"
4362,82,"Beef"
4363,82,"Beef"
4364,82,"Beef"
4365,82,"Beef"
4369,82,"Beef"
4370,82,"Beef"
4371,82,"Beef"
4372,82,"Beef"
4373,82,"Beef"
4374,82,"Beef"
4375,82,"Beef"
4376,82,"Beef"
4377,82,"Beef"
4378,82,"Beef"
4387,82,"Beef"
4389,82,"Beef"
4390,82,"Beef"
4391,82,"Beef"
4642,82,"Beef"
4643,82,"Beef"
4644,82,"Beef"
4645,82,"Beef"
4646,82,"Beef"
4395,82,"Beef"
4236,82,"Beef"
4238,82,"Beef"
4239,82,"Beef"
4240,82,"Beef"
4549,82,"Beef"
4550,82,"Beef"
4551,82,"Beef"
4552,82,"Beef"
4553,82,"Beef"
4554,82,"Beef"
4401,82,"Beef"
4555,82,"Beef"
4556,82,"Beef"
4402,82,"Beef"
4557,82,"Beef"
4558,82,"Beef"
4559,82,"Beef"
4560,82,"Beef"
4650,82,"Beef"
4651,82,"Beef"
4569,82,"Beef"
4570,82,"Beef"
4282,82,"Beef"
4283,82,"Beef"
4284,82,"Beef"
4285,82,"Beef"
4286,82,"Beef"
4287,82,"Beef"
4288,82,"Beef"
4289,82,"Beef"
4580,82,"Beef"
4436,82,"Beef"
4599,82,"Beef"
4437,82,"Beef"
4446,82,"Beef"
4652,82,"Beef"
4607,82,"Beef"
4671,82,"Beef"
4608,82,"Beef"
4672,82,"Beef"
4609,82,"Beef"
4678,82,"Beef"
4320,82,"Beef"
4679,82,"Beef"
4321,82,"Beef"
4680,82,"Beef"
4322,82,"Beef"
4682,82,"Beef"
4324,82,"Beef"
4683,82,"Beef"
4408,82,"Beef"
4409,82,"Beef"
4412,82,"Beef"
4420,82,"Beef"
4421,82,"Beef"
4422,82,"Beef"
4661,82,"Beef"
2793,82,"Beef"
2795,82,"Beef"
2797,82,"Beef"
2799,82,"Beef"
2801,82,"Beef"
2803,82,"Beef"
4237,82,"Beef"
4242,82,"Beef"
4243,82,"Beef"
4244,82,"Beef"
4245,82,"Beef"
4246,82,"Beef"
4247,82,"Beef"
4248,82,"Beef"
4249,82,"Beef"
4250,82,"Beef"
4251,82,"Beef"
4252,82,"Beef"
4253,82,"Beef"
4254,82,"Beef"
4255,82,"Beef"
4257,82,"Beef"
4258,82,"Beef"
4277,82,"Beef"
4278,82,"Beef"
4279,82,"Beef"
4280,82,"Beef"
4281,82,"Beef"
4546,82,"Beef"
4547,82,"Beef"
4548,82,"Beef"
4290,82,"Beef"
4291,82,"Beef"
4292,82,"Beef"
4293,82,"Beef"
4294,82,"Beef"
4295,82,"Beef"
4296,82,"Beef"
4297,82,"Beef"
4298,82,"Beef"
4299,82,"Beef"
4301,82,"Beef"
4302,82,"Beef"
4303,82,"Beef"
4304,82,"Beef"
4305,82,"Beef"
4306,82,"Beef"
4307,82,"Beef"
4308,82,"Beef"
4309,82,"Beef"
4310,82,"Beef"
4311,82,"Beef"
4312,82,"Beef"
4313,82,"Beef"
4314,82,"Beef"
4315,82,"Beef"
4571,82,"Beef"
4572,82,"Beef"
4574,82,"Beef"
4575,82,"Beef"
4576,82,"Beef"
4577,82,"Beef"
4578,82,"Beef"
4430,82,"Beef"
4431,82,"Beef"
4594,82,"Beef"
4598,82,"Beef"
4600,82,"Beef"
4445,82,"Beef"
4327,82,"Beef"
4328,82,"Beef"
4687,82,"Beef"
4329,82,"Beef"
4688,82,"Beef"
4330,82,"Beef"
4689,82,"Beef"
4331,82,"Beef"
4690,82,"Beef"
4332,82,"Beef"
4691,82,"Beef"
4333,82,"Beef"
4692,82,"Beef"
4334,82,"Beef"
4693,82,"Beef"
4335,82,"Beef"
4694,82,"Beef"
4336,82,"Beef"
4695,82,"Beef"
4337,82,"Beef"
4696,82,"Beef"
4338,82,"Beef"
4449,82,"Beef"
4697,82,"Beef"
4438,82,"Beef"
4601,82,"Beef"
4439,82,"Beef"
4602,82,"Beef"
4440,82,"Beef"
2767,82,"Beef"
2768,82,"Beef"
2769,82,"Beef"
2770,82,"Beef"
2771,82,"Beef"
2772,82,"Beef"
2773,82,"Beef"
2774,82,"Beef"
2775,82,"Beef"
2776,82,"Beef"
2777,82,"Beef"
2778,82,"Beef"
4441,82,"Beef"
2794,82,"Beef"
2796,82,"Beef"
2798,82,"Beef"
2800,82,"Beef"
2802,82,"Beef"
2804,82,"Beef"
17789,82,"Beef"
17790,82,"Beef"
17562,82,"Beef"
17796,82,"Beef"
17572,82,"Beef"
17573,82,"Beef"
17574,82,"Beef"
17575,82,"Beef"
17576,82,"Beef"
17799,82,"Beef"
17800,82,"Beef"
17810,82,"Beef"
17590,82,"Beef"
17813,82,"Beef"
17815,82,"Beef"
15720,82,"Beef"
17559,82,"Beef"
17561,82,"Beef"
17564,82,"Beef"
17563,82,"Beef"
17801,82,"Beef"
17777,82,"Beef"
15656,82,"Beef"
27460,82,"Beef"
27464,82,"Beef"
27681,82,"Beef"
22110,82,"Beef"
21856,82,"Beef"
21857,82,"Beef"
21858,82,"Beef"
21859,82,"Beef"
21861,82,"Beef"
4670,82,"Beef"
4444,82,"Beef"
4442,82,"Beef"
4684,82,"Beef"
4326,82,"Beef"
4685,82,"Beef"
4443,82,"Beef"
27462,82,"Beef"
27465,82,"Beef"
27466,82,"Beef"
27470,82,"Beef"
27690,82,"Beef"
27461,82,"Beef"
22062,82,"Beef"
22072,82,"Beef"
22102,82,"Beef"
22103,82,"Beef"
27698,82,"Beef"
27704,82,"Beef"
27705,82,"Beef"
27706,82,"Beef"
27742,82,"Beef"
27743,82,"Beef"
27745,82,"Beef"
27747,82,"Beef"
27697,82,"Beef"
27707,82,"Beef"
27708,82,"Beef"
27472,82,"Beef"
27473,82,"Beef"
27475,82,"Beef"
27482,82,"Beef"
27486,82,"Beef"
27487,82,"Beef"
27717,82,"Beef"
27718,82,"Beef"
27719,82,"Beef"
27720,82,"Beef"
27721,82,"Beef"
27722,82,"Beef"
27723,82,"Beef"
27724,82,"Beef"
27725,82,"Beef"
27726,82,"Beef"
27727,82,"Beef"
27728,82,"Beef"
27507,82,"Beef"
27508,82,"Beef"
27509,82,"Beef"
27512,82,"Beef"
27513,82,"Beef"
27514,82,"Beef"
27515,82,"Beef"
27781,82,"Beef"
27510,82,"Beef"
27757,82,"Beef"
27758,82,"Beef"
27765,82,"Beef"
27769,82,"Beef"
27770,82,"Beef"
27773,82,"Beef"
14082,82,"Beef"
12375,82,"Beef"
12376,82,"Beef"
17567,82,"Beef"
17570,82,"Beef"
17571,82,"Beef"
17782,82,"Beef"
17792,82,"Beef"
17819,82,"Beef"
12035,82,"Beef"
14193,82,"Beef"
17722,82,"Beef"
17723,82,"Beef"
17724,82,"Beef"
17725,82,"Beef"
17818,82,"Beef"
12377,82,"Beef"
12378,82,"Beef"
12379,82,"Beef"
12380,82,"Beef"
12589,82,"Beef"
12590,82,"Beef"
12597,82,"Beef"
12384,82,"Beef"
12393,82,"Beef"
12394,82,"Beef"
12395,82,"Beef"
12396,82,"Beef"
12405,82,"Beef"
12413,82,"Beef"
12031,82,"Beef"
12032,82,"Beef"
12033,82,"Beef"
12034,82,"Beef"
12372,82,"Beef"
12373,82,"Beef"
12057,82,"Beef"
12521,82,"Beef"
24628,82,"Beef"
24387,82,"Beef"
12483,82,"Beef"
12484,82,"Beef"
12485,82,"Beef"
12487,82,"Beef"
12488,82,"Beef"
13850,82,"Beef"
13852,82,"Beef"
13599,82,"Beef"
12567,82,"Beef"
12486,82,"Beef"
12385,82,"Beef"
12389,82,"Beef"
12390,82,"Beef"
12404,82,"Beef"
12603,82,"Beef"
12598,82,"Beef"
24842,82,"Beef"
24844,82,"Beef"
24851,82,"Beef"
4368,82,"Beef"
4628,82,"Beef"
4367,82,"Beef"
4663,82,"Beef"
12520,82,"Beef"
12562,82,"Beef"
12563,82,"Beef"
23838,82,"Beef"
23843,82,"Beef"
23844,82,"Beef"
23845,82,"Beef"
23846,82,"Beef"
23847,82,"Beef"
23854,82,"Beef"
23855,82,"Beef"
23601,82,"Beef"
23602,82,"Beef"
23603,82,"Beef"
23604,82,"Beef"
23608,82,"Beef"
23617,82,"Beef"
23620,82,"Beef"
23856,82,"Beef"
23631,82,"Beef"
23638,82,"Beef"
23639,82,"Beef"
23640,82,"Beef"
23641,82,"Beef"
23642,82,"Beef"
23643,82,"Beef"
23644,82,"Beef"
23645,82,"Beef"
23646,82,"Beef"
23647,82,"Beef"
23885,82,"Beef"
23886,82,"Beef"
23887,82,"Beef"
23888,82,"Beef"
23889,82,"Beef"
23890,82,"Beef"
23891,82,"Beef"
23892,82,"Beef"
23893,82,"Beef"
23894,82,"Beef"
23895,82,"Beef"
23896,82,"Beef"
23897,82,"Beef"
23898,82,"Beef"
23899,82,"Beef"
23900,82,"Beef"
23901,82,"Beef"
23902,82,"Beef"
23903,82,"Beef"
23904,82,"Beef"
23905,82,"Beef"
22019,82,"Beef"
21788,82,"Beef"
21789,82,"Beef"
21790,82,"Beef"
21791,82,"Beef"
21804,82,"Beef"
22020,82,"Beef"
22046,82,"Beef"
22047,82,"Beef"
22048,82,"Beef"
24853,82,"Beef"
24673,82,"Beef"
24674,82,"Beef"
24675,82,"Beef"
24676,82,"Beef"
24677,82,"Beef"
24678,82,"Beef"
24679,82,"Beef"
24680,82,"Beef"
24681,82,"Beef"
24682,82,"Beef"
24683,82,"Beef"
24684,82,"Beef"
24685,82,"Beef"
24686,82,"Beef"
24687,82,"Beef"
24688,82,"Beef"
12038,82,"Beef"
12040,82,"Beef"
12041,82,"Beef"
12043,82,"Beef"
12044,82,"Beef"
12045,82,"Beef"
12046,82,"Beef"
12047,82,"Beef"
12048,82,"Beef"
12049,82,"Beef"
12050,82,"Beef"
12051,82,"Beef"
12052,82,"Beef"
12053,82,"Beef"
12054,82,"Beef"
12055,82,"Beef"
12295,82,"Beef"
12296,82,"Beef"
12297,82,"Beef"
12299,82,"Beef"
12300,82,"Beef"
12301,82,"Beef"
12302,82,"Beef"
12303,82,"Beef"
12304,82,"Beef"
12305,82,"Beef"
12306,82,"Beef"
12307,82,"Beef"
12308,82,"Beef"
12309,82,"Beef"
12310,82,"Beef"
12311,82,"Beef"
12312,82,"Beef"
12313,82,"Beef"
12314,82,"Beef"
12315,82,"Beef"
12316,82,"Beef"
12317,82,"Beef"
12318,82,"Beef"
12319,82,"Beef"
12325,82,"Beef"
12326,82,"Beef"
12327,82,"Beef"
12328,82,"Beef"
12056,82,"Beef"
12063,82,"Beef"
12064,82,"Beef"
12065,82,"Beef"
12066,82,"Beef"
12067,82,"Beef"
12068,82,"Beef"
12069,82,"Beef"
12070,82,"Beef"
12528,82,"Beef"
12533,82,"Beef"
12534,82,"Beef"
12535,82,"Beef"
12370,82,"Beef"
27755,82,"Beef"
27761,82,"Beef"
27762,82,"Beef"
27763,82,"Beef"
27764,82,"Beef"
27536,82,"Beef"
27547,82,"Beef"
27548,82,"Beef"
27549,82,"Beef"
24859,82,"Beef"
12058,82,"Beef"
12059,82,"Beef"
12060,82,"Beef"
12061,82,"Beef"
12062,82,"Beef"
12071,82,"Beef"
12072,82,"Beef"
12329,82,"Beef"
12330,82,"Beef"
12331,82,"Beef"
12474,82,"Beef"
12475,82,"Beef"
12476,82,"Beef"
12477,82,"Beef"
12478,82,"Beef"
12479,82,"Beef"
12480,82,"Beef"
12481,82,"Beef"
12482,82,"Beef"
12509,82,"Beef"
12513,82,"Beef"
12336,82,"Beef"
12338,82,"Beef"
12522,82,"Beef"
12523,82,"Beef"
12524,82,"Beef"
12340,82,"Beef"
12341,82,"Beef"
12342,82,"Beef"
12343,82,"Beef"
12344,82,"Beef"
12345,82,"Beef"
12346,82,"Beef"
12347,82,"Beef"
12348,82,"Beef"
12349,82,"Beef"
12350,82,"Beef"
12351,82,"Beef"
12352,82,"Beef"
12353,82,"Beef"
12354,82,"Beef"
12355,82,"Beef"
12356,82,"Beef"
12357,82,"Beef"
12358,82,"Beef"
12359,82,"Beef"
12360,82,"Beef"
12361,82,"Beef"
12362,82,"Beef"
12363,82,"Beef"
12364,82,"Beef"
12365,82,"Beef"
12366,82,"Beef"
12367,82,"Beef"
12368,82,"Beef"
12525,82,"Beef"
12526,82,"Beef"
12527,82,"Beef"
12532,82,"Beef"
12371,82,"Beef"
12512,82,"Beef"
12536,82,"Beef"
12036,82,"Beef"
12530,82,"Beef"
17771,82,"Beef"
22571,82,"Beef"
22572,82,"Beef"
22573,82,"Beef"
13714,82,"Beef"
13504,82,"Beef"
13761,82,"Beef"
13762,82,"Beef"
13763,82,"Beef"
13764,82,"Beef"
13765,82,"Beef"
13767,82,"Beef"
14089,82,"Beef"
14093,82,"Beef"
14105,82,"Beef"
14106,82,"Beef"
14107,82,"Beef"
14108,82,"Beef"
14109,82,"Beef"
14112,82,"Beef"
14113,82,"Beef"
14114,82,"Beef"
14115,82,"Beef"
14116,82,"Beef"
14117,82,"Beef"
14118,82,"Beef"
14119,82,"Beef"
14124,82,"Beef"
14125,82,"Beef"
14127,82,"Beef"
14140,82,"Beef"
17720,82,"Beef"
14191,82,"Beef"
17719,82,"Beef"
17721,82,"Beef"
12332,82,"Beef"
12333,82,"Beef"
12335,82,"Beef"
12337,82,"Beef"
12339,82,"Beef"
12510,82,"Beef"
22050,82,"Beef"
22052,82,"Beef"
22053,82,"Beef"
27689,82,"Beef"
27699,82,"Beef"
27700,82,"Beef"
27474,82,"Beef"
27476,82,"Beef"
27511,82,"Beef"
27738,82,"Beef"
27739,82,"Beef"
17727,82,"Beef"
17728,82,"Beef"
17729,82,"Beef"
17730,82,"Beef"
17731,82,"Beef"
17524,82,"Beef"
17565,82,"Beef"
17767,82,"Beef"
17768,82,"Beef"
17769,82,"Beef"
17770,82,"Beef"
17568,82,"Beef"
17786,82,"Beef"
17791,82,"Beef"
17793,82,"Beef"
17794,82,"Beef"
17795,82,"Beef"
17528,82,"Beef"
17529,82,"Beef"
17531,82,"Beef"
17532,82,"Beef"
17534,82,"Beef"
17535,82,"Beef"
17734,82,"Beef"
17737,82,"Beef"
17739,82,"Beef"
17740,82,"Beef"
17741,82,"Beef"
17742,82,"Beef"
17743,82,"Beef"
17744,82,"Beef"
17745,82,"Beef"
17746,82,"Beef"
17747,82,"Beef"
17761,82,"Beef"
17762,82,"Beef"
17763,82,"Beef"
17764,82,"Beef"
17766,82,"Beef"
14190,82,"Beef"
14192,82,"Beef"
13706,82,"Beef"
28907,82,"Beef"
13713,82,"Beef"
13514,82,"Beef"
13515,82,"Beef"
13519,82,"Beef"
13520,82,"Beef"
13521,82,"Beef"
13522,82,"Beef"
13523,82,"Beef"
13524,82,"Beef"
13525,82,"Beef"
13526,82,"Beef"
13715,82,"Beef"
13716,82,"Beef"
13717,82,"Beef"
13718,82,"Beef"
13719,82,"Beef"
13722,82,"Beef"
13723,82,"Beef"
13724,82,"Beef"
13725,82,"Beef"
13726,82,"Beef"
13745,82,"Beef"
13746,82,"Beef"
13747,82,"Beef"
13748,82,"Beef"
13527,82,"Beef"
13528,82,"Beef"
13529,82,"Beef"
13530,82,"Beef"
13531,82,"Beef"
13532,82,"Beef"
13534,82,"Beef"
13535,82,"Beef"
13536,82,"Beef"
13537,82,"Beef"
13538,82,"Beef"
13539,82,"Beef"
13540,82,"Beef"
13541,82,"Beef"
13542,82,"Beef"
13543,82,"Beef"
13544,82,"Beef"
13545,82,"Beef"
13546,82,"Beef"
13547,82,"Beef"
13548,82,"Beef"
13749,82,"Beef"
13750,82,"Beef"
13751,82,"Beef"
13752,82,"Beef"
13758,82,"Beef"
13759,82,"Beef"
14226,82,"Beef"
17787,82,"Beef"
16992,82,"Beef"
16993,82,"Beef"
16739,82,"Beef"
16743,82,"Beef"
16744,82,"Beef"
16780,82,"Beef"
16781,82,"Beef"
16783,82,"Beef"
16782,82,"Beef"
15741,82,"Beef"
15831,82,"Beef"
15832,82,"Beef"
16023,82,"Beef"
15769,82,"Beef"
15771,82,"Beef"
15777,82,"Beef"
15770,82,"Beef"
16819,82,"Beef"
17042,82,"Beef"
17046,82,"Beef"
17047,82,"Beef"
15772,82,"Beef"
15773,82,"Beef"
15774,82,"Beef"
15775,82,"Beef"
15778,82,"Beef"
15779,82,"Beef"
15780,82,"Beef"
15782,82,"Beef"
15783,82,"Beef"
15784,82,"Beef"
15787,82,"Beef"
15788,82,"Beef"
15789,82,"Beef"
15790,82,"Beef"
15791,82,"Beef"
15792,82,"Beef"
15793,82,"Beef"
15794,82,"Beef"
15795,82,"Beef"
15796,82,"Beef"
15797,82,"Beef"
15798,82,"Beef"
15799,82,"Beef"
15800,82,"Beef"
15803,82,"Beef"
15804,82,"Beef"
15807,82,"Beef"
15808,82,"Beef"
15810,82,"Beef"
15811,82,"Beef"
15812,82,"Beef"
15816,82,"Beef"
15817,82,"Beef"
15818,82,"Beef"
15819,82,"Beef"
15820,82,"Beef"
15565,82,"Beef"
15566,82,"Beef"
15567,82,"Beef"
15569,82,"Beef"
15825,82,"Beef"
16024,82,"Beef"
16025,82,"Beef"
16026,82,"Beef"
16027,82,"Beef"
17579,82,"Beef"
17580,82,"Beef"
17804,82,"Beef"
17805,82,"Beef"
17011,82,"Beef"
17012,82,"Beef"
15763,82,"Beef"
16741,82,"Beef"
16745,82,"Beef"
16994,82,"Beef"
17072,82,"Beef"
16818,82,"Beef"
16816,82,"Beef"
7899,82,"Beef"
15483,82,"Beef"
17064,82,"Beef"
16838,82,"Beef"
17065,82,"Beef"
17066,82,"Beef"
15499,82,"Beef"
15253,82,"Beef"
17756,82,"Beef"
13734,82,"Beef"
13735,82,"Beef"
13738,82,"Beef"
17757,82,"Beef"
17758,82,"Beef"
17759,82,"Beef"
17539,82,"Beef"
17540,82,"Beef"
17541,82,"Beef"
17542,82,"Beef"
17543,82,"Beef"
17544,82,"Beef"
17545,82,"Beef"
17546,82,"Beef"
17547,82,"Beef"
17548,82,"Beef"
17549,82,"Beef"
17550,82,"Beef"
17552,82,"Beef"
17554,82,"Beef"
13739,82,"Beef"
13740,82,"Beef"
13741,82,"Beef"
13733,82,"Beef"
13736,82,"Beef"
13737,82,"Beef"
13742,82,"Beef"
14179,82,"Beef"
13807,82,"Beef"
13809,82,"Beef"
13810,82,"Beef"
13811,82,"Beef"
13812,82,"Beef"
13826,82,"Beef"
13827,82,"Beef"
13828,82,"Beef"
13831,82,"Beef"
13533,82,"Beef"
13502,82,"Beef"
13503,82,"Beef"
13698,82,"Beef"
13699,82,"Beef"
13712,82,"Beef"
13707,82,"Beef"
13708,82,"Beef"
13709,82,"Beef"
13710,82,"Beef"
13711,82,"Beef"
13505,82,"Beef"
13506,82,"Beef"
13507,82,"Beef"
13508,82,"Beef"
13509,82,"Beef"
13720,82,"Beef"
13721,82,"Beef"
13728,82,"Beef"
13729,82,"Beef"
13730,82,"Beef"
13731,82,"Beef"
13732,82,"Beef"
13772,82,"Beef"
13779,82,"Beef"
13780,82,"Beef"
13549,82,"Beef"
14100,82,"Beef"
14104,82,"Beef"
14090,82,"Beef"
14091,82,"Beef"
14186,82,"Beef"
14187,82,"Beef"
13753,82,"Beef"
13754,82,"Beef"
13755,82,"Beef"
13756,82,"Beef"
13757,82,"Beef"
14202,82,"Beef"
14203,82,"Beef"
14204,82,"Beef"
14205,82,"Beef"
14207,82,"Beef"
14221,82,"Beef"
14222,82,"Beef"
17732,82,"Beef"
17772,82,"Beef"
17773,82,"Beef"
17775,82,"Beef"
17778,82,"Beef"
17779,82,"Beef"
17780,82,"Beef"
17781,82,"Beef"
17569,82,"Beef"
17518,82,"Beef"
17558,82,"Beef"
17776,82,"Beef"
22587,82,"Beef"
22592,82,"Beef"
22593,82,"Beef"
22596,82,"Beef"
22605,82,"Beef"
22606,82,"Beef"
22832,82,"Beef"
22833,82,"Beef"
22834,82,"Beef"
22616,82,"Beef"
22617,82,"Beef"
22619,82,"Beef"
14188,82,"Beef"
14189,82,"Beef"
17536,82,"Beef"
17735,82,"Beef"
17736,82,"Beef"
17738,82,"Beef"
17748,82,"Beef"
17749,82,"Beef"
17750,82,"Beef"
17751,82,"Beef"
17753,82,"Beef"
17754,82,"Beef"
17755,82,"Beef"
17760,82,"Beef"
13743,82,"Beef"
17765,82,"Beef"
22621,82,"Beef"
22618,82,"Beef"
22615,82,"Beef"
7857,82,"Beef"
7944,82,"Beef"
7945,82,"Beef"
7946,82,"Beef"
7359,82,"Beef"
7360,82,"Beef"
11900,82,"Beef"
12130,82,"Beef"
12133,82,"Beef"
12134,82,"Beef"
22282,82,"Beef"
22283,82,"Beef"
22546,82,"Beef"
22738,82,"Beef"
22739,82,"Beef"
22542,82,"Beef"
22701,82,"Beef"
22702,82,"Beef"
22713,82,"Beef"
22715,82,"Beef"
22716,82,"Beef"
22728,82,"Beef"
13470,82,"Beef"
13474,82,"Beef"
13475,82,"Beef"
13476,82,"Beef"
13216,82,"Beef"
13218,82,"Beef"
17812,82,"Beef"
17814,82,"Beef"
17816,82,"Beef"
12537,82,"Beef"
12538,82,"Beef"
15666,82,"Beef"
15667,82,"Beef"
15671,82,"Beef"
15679,82,"Beef"
15682,82,"Beef"
15688,82,"Beef"
15726,82,"Beef"
15729,82,"Beef"
15730,82,"Beef"
15731,82,"Beef"
15657,82,"Beef"
15653,82,"Beef"
15668,82,"Beef"
15669,82,"Beef"
15670,82,"Beef"
15673,82,"Beef"
15663,82,"Beef"
15665,82,"Beef"
15672,82,"Beef"
15654,82,"Beef"
15655,82,"Beef"
21829,82,"Beef"
22063,82,"Beef"
22069,82,"Beef"
22070,82,"Beef"
22071,82,"Beef"
22073,82,"Beef"
22074,82,"Beef"
22075,82,"Beef"
22076,82,"Beef"
22077,82,"Beef"
22078,82,"Beef"
22081,82,"Beef"
22082,82,"Beef"
21836,82,"Beef"
21837,82,"Beef"
21838,82,"Beef"
21839,82,"Beef"
21841,82,"Beef"
21842,82,"Beef"
21843,82,"Beef"
21844,82,"Beef"
15501,82,"Beef"
15502,82,"Beef"
15496,82,"Beef"
15495,82,"Beef"
15500,82,"Beef"
15250,82,"Beef"
15251,82,"Beef"
15505,82,"Beef"
15506,82,"Beef"
15507,82,"Beef"
15508,82,"Beef"
15514,82,"Beef"
15515,82,"Beef"
15519,82,"Beef"
15522,82,"Beef"
15523,82,"Beef"
22464,82,"Beef"
22465,82,"Beef"
15248,82,"Beef"
15261,82,"Beef"
15582,82,"Beef"
15585,82,"Beef"
15586,82,"Beef"
15587,82,"Beef"
15588,82,"Beef"
15599,82,"Beef"
15600,82,"Beef"
15604,82,"Beef"
15605,82,"Beef"
15606,82,"Beef"
15548,82,"Beef"
15551,82,"Beef"
15552,82,"Beef"
15553,82,"Beef"
15554,82,"Beef"
15555,82,"Beef"
15558,82,"Beef"
15560,82,"Beef"
15561,82,"Beef"
15593,82,"Beef"
15594,82,"Beef"
15597,82,"Beef"
15598,82,"Beef"
15601,82,"Beef"
15602,82,"Beef"
15603,82,"Beef"
15608,82,"Beef"
15610,82,"Beef"
15612,82,"Beef"
15614,82,"Beef"
16839,82,"Beef"
16840,82,"Beef"
16841,82,"Beef"
16842,82,"Beef"
16843,82,"Beef"
16844,82,"Beef"
16845,82,"Beef"
16846,82,"Beef"
16847,82,"Beef"
16848,82,"Beef"
16849,82,"Beef"
16850,82,"Beef"
16851,82,"Beef"
16852,82,"Beef"
16853,82,"Beef"
16854,82,"Beef"
16855,82,"Beef"
16857,82,"Beef"
15607,82,"Beef"
15609,82,"Beef"
15611,82,"Beef"
15613,82,"Beef"
15615,82,"Beef"
15617,82,"Beef"
15618,82,"Beef"
15619,82,"Beef"
15620,82,"Beef"
15621,82,"Beef"
15622,82,"Beef"
15623,82,"Beef"
15624,82,"Beef"
15625,82,"Beef"
15626,82,"Beef"
15627,82,"Beef"
15628,82,"Beef"
15629,82,"Beef"
15630,82,"Beef"
15631,82,"Beef"
15632,82,"Beef"
15633,82,"Beef"
15634,82,"Beef"
15260,82,"Beef"
15529,82,"Beef"
15590,82,"Beef"
22463,82,"Beef"
15264,82,"Beef"
15265,82,"Beef"
15266,82,"Beef"
15267,82,"Beef"
15268,82,"Beef"
15270,82,"Beef"
15275,82,"Beef"
15276,82,"Beef"
15277,82,"Beef"
15281,82,"Beef"
15530,82,"Beef"
15531,82,"Beef"
15532,82,"Beef"
15533,82,"Beef"
15534,82,"Beef"
15535,82,"Beef"
15536,82,"Beef"
15537,82,"Beef"
15538,82,"Beef"
15539,82,"Beef"
22466,82,"Beef"
15526,82,"Beef"
15488,82,"Beef"
15489,82,"Beef"
15490,82,"Beef"
15491,82,"Beef"
15521,82,"Beef"
15252,82,"Beef"
15254,82,"Beef"
15255,82,"Beef"
15256,82,"Beef"
15257,82,"Beef"
15258,82,"Beef"
15259,82,"Beef"
16804,82,"Beef"
15524,82,"Beef"
15525,82,"Beef"
15571,82,"Beef"
15575,82,"Beef"
15576,82,"Beef"
15283,82,"Beef"
15285,82,"Beef"
15286,82,"Beef"
15288,82,"Beef"
15528,82,"Beef"
15570,82,"Beef"
15563,82,"Beef"
15577,82,"Beef"
15578,82,"Beef"
15579,82,"Beef"
15581,82,"Beef"
22208,82,"Beef"
22211,82,"Beef"
22220,82,"Beef"
22221,82,"Beef"
22222,82,"Beef"
22223,82,"Beef"
22224,82,"Beef"
22230,82,"Beef"
22468,82,"Beef"
22469,82,"Beef"
22476,82,"Beef"
22477,82,"Beef"
22478,82,"Beef"
22479,82,"Beef"
22480,82,"Beef"
22481,82,"Beef"
22482,82,"Beef"
22484,82,"Beef"
22485,82,"Beef"
22487,82,"Beef"
22231,82,"Beef"
16043,82,"Beef"
16046,82,"Beef"
16797,82,"Beef"
16799,82,"Beef"
17059,82,"Beef"
15527,82,"Beef"
22471,82,"Beef"
22233,82,"Beef"
22234,82,"Beef"
22235,82,"Beef"
22236,82,"Beef"
22238,82,"Beef"
22239,82,"Beef"
22241,82,"Beef"
22518,82,"Beef"
22268,82,"Beef"
15848,82,"Beef"
22232,82,"Beef"
22256,82,"Beef"
22513,82,"Beef"
22515,82,"Beef"
15580,82,"Beef"
22227,82,"Beef"
22228,82,"Beef"
22229,82,"Beef"
22470,82,"Beef"
22473,82,"Beef"
22474,82,"Beef"
22475,82,"Beef"
22486,82,"Beef"
22472,82,"Beef"
22237,82,"Beef"
22240,82,"Beef"
22250,82,"Beef"
22251,82,"Beef"
22252,82,"Beef"
22244,82,"Beef"
22516,82,"Beef"
22262,82,"Beef"
22517,82,"Beef"
22519,82,"Beef"
22242,82,"Beef"
22243,82,"Beef"
22521,82,"Beef"
22274,82,"Beef"
22740,82,"Beef"
13700,82,"Beef"
13701,82,"Beef"
13705,82,"Beef"
14094,82,"Beef"
14099,82,"Beef"
22273,82,"Beef"
22276,82,"Beef"
22245,82,"Beef"
22246,82,"Beef"
22247,82,"Beef"
22248,82,"Beef"
22249,82,"Beef"
22253,82,"Beef"
22254,82,"Beef"
22491,82,"Beef"
22492,82,"Beef"
22493,82,"Beef"
15847,82,"Beef"
22520,82,"Beef"
22523,82,"Beef"
22703,82,"Beef"
22591,82,"Beef"
22826,82,"Beef"
22667,82,"Beef"
22494,82,"Beef"
22495,82,"Beef"
22496,82,"Beef"
22497,82,"Beef"
22498,82,"Beef"
22499,82,"Beef"
22500,82,"Beef"
22501,82,"Beef"
22502,82,"Beef"
22503,82,"Beef"
22504,82,"Beef"
22505,82,"Beef"
22506,82,"Beef"
22507,82,"Beef"
22508,82,"Beef"
22509,82,"Beef"
22257,82,"Beef"
22258,82,"Beef"
22259,82,"Beef"
22260,82,"Beef"
22261,82,"Beef"
22263,82,"Beef"
22264,82,"Beef"
22265,82,"Beef"
22266,82,"Beef"
22267,82,"Beef"
22510,82,"Beef"
22511,82,"Beef"
22512,82,"Beef"
22275,82,"Beef"
22277,82,"Beef"
22278,82,"Beef"
22525,82,"Beef"
22526,82,"Beef"
22528,82,"Beef"
22529,82,"Beef"
22530,82,"Beef"
22531,82,"Beef"
22532,82,"Beef"
22533,82,"Beef"
22534,82,"Beef"
22535,82,"Beef"
22706,82,"Beef"
22708,82,"Beef"
15511,82,"Beef"
15512,82,"Beef"
22707,82,"Beef"
22467,82,"Beef"
22210,82,"Beef"
15513,82,"Beef"
15761,82,"Beef"
15828,82,"Beef"
15756,82,"Beef"
15746,82,"Beef"
15747,82,"Beef"
15748,82,"Beef"
15749,82,"Beef"
15750,82,"Beef"
15751,82,"Beef"
15752,82,"Beef"
16018,82,"Beef"
16019,82,"Beef"
16020,82,"Beef"
15743,82,"Beef"
16742,82,"Beef"
16015,82,"Beef"
16016,82,"Beef"
16017,82,"Beef"
15742,82,"Beef"
16013,82,"Beef"
17811,82,"Beef"
15714,82,"Beef"
15717,82,"Beef"
15718,82,"Beef"
15719,82,"Beef"
15721,82,"Beef"
15722,82,"Beef"
15723,82,"Beef"
15724,82,"Beef"
15727,82,"Beef"
15728,82,"Beef"
17591,82,"Beef"
17817,82,"Beef"
12540,82,"Beef"
22032,82,"Beef"
22034,82,"Beef"
22035,82,"Beef"
22038,82,"Beef"
22041,82,"Beef"
22054,82,"Beef"
21847,82,"Beef"
21848,82,"Beef"
22018,82,"Beef"
22042,82,"Beef"
27463,82,"Beef"
21786,82,"Beef"
21787,82,"Beef"
22058,82,"Beef"
22061,82,"Beef"
21808,82,"Beef"
21809,82,"Beef"
21810,82,"Beef"
21813,82,"Beef"
21814,82,"Beef"
21815,82,"Beef"
21816,82,"Beef"
21817,82,"Beef"
21818,82,"Beef"
21819,82,"Beef"
21820,82,"Beef"
21821,82,"Beef"
21822,82,"Beef"
21823,82,"Beef"
21824,82,"Beef"
21825,82,"Beef"
21826,82,"Beef"
21827,82,"Beef"
21828,82,"Beef"
22064,82,"Beef"
22065,82,"Beef"
22066,82,"Beef"
22067,82,"Beef"
22068,82,"Beef"
22084,82,"Beef"
22085,82,"Beef"
22086,82,"Beef"
22087,82,"Beef"
22088,82,"Beef"
21830,82,"Beef"
21831,82,"Beef"
21832,82,"Beef"
21833,82,"Beef"
21812,82,"Beef"
12504,82,"Beef"
21798,82,"Beef"
22040,82,"Beef"
22043,82,"Beef"
22044,82,"Beef"
22045,82,"Beef"
17784,82,"Beef"
17820,82,"Beef"
21834,82,"Beef"
21835,82,"Beef"
22031,82,"Beef"
22033,82,"Beef"
22036,82,"Beef"
22037,82,"Beef"
22039,82,"Beef"
21846,82,"Beef"
21850,82,"Beef"
21851,82,"Beef"
21852,82,"Beef"
21853,82,"Beef"
21854,82,"Beef"
22089,82,"Beef"
22090,82,"Beef"
22092,82,"Beef"
22093,82,"Beef"
22094,82,"Beef"
22096,82,"Beef"
22097,82,"Beef"
22098,82,"Beef"
15658,82,"Beef"
15659,82,"Beef"
15660,82,"Beef"
15662,82,"Beef"
24856,82,"Beef"
24885,82,"Beef"
24847,82,"Beef"
24855,82,"Beef"
24854,82,"Beef"
24857,82,"Beef"
24858,82,"Beef"
24860,82,"Beef"
24862,82,"Beef"
24863,82,"Beef"
24864,82,"Beef"
23817,82,"Beef"
24867,82,"Beef"
24669,82,"Beef"
24670,82,"Beef"
24672,82,"Beef"
24886,82,"Beef"
24887,82,"Beef"
24888,82,"Beef"
24889,82,"Beef"
24668,82,"Beef"
21998,82,"Beef"
21999,82,"Beef"
22000,82,"Beef"
22002,82,"Beef"
23815,82,"Beef"
23816,82,"Beef"
23616,82,"Beef"
22003,82,"Beef"
22006,82,"Beef"
22012,82,"Beef"
22014,82,"Beef"
22015,82,"Beef"
22016,82,"Beef"
22017,82,"Beef"
21805,82,"Beef"
21806,82,"Beef"
23828,82,"Beef"
23829,82,"Beef"
23830,82,"Beef"
23831,82,"Beef"
23832,82,"Beef"
23833,82,"Beef"
23834,82,"Beef"
23835,82,"Beef"
23836,82,"Beef"
23837,82,"Beef"
23848,82,"Beef"
23849,82,"Beef"
23850,82,"Beef"
23851,82,"Beef"
23852,82,"Beef"
23853,82,"Beef"
23605,82,"Beef"
23606,82,"Beef"
23607,82,"Beef"
23609,82,"Beef"
23610,82,"Beef"
23611,82,"Beef"
23612,82,"Beef"
23613,82,"Beef"
23614,82,"Beef"
23615,82,"Beef"
23618,82,"Beef"
23619,82,"Beef"
23862,82,"Beef"
23863,82,"Beef"
23864,82,"Beef"
23865,82,"Beef"
23866,82,"Beef"
23867,82,"Beef"
23868,82,"Beef"
23872,82,"Beef"
23873,82,"Beef"
23874,82,"Beef"
23875,82,"Beef"
23876,82,"Beef"
23877,82,"Beef"
23878,82,"Beef"
23879,82,"Beef"
23880,82,"Beef"
23881,82,"Beef"
23883,82,"Beef"
23621,82,"Beef"
23622,82,"Beef"
23623,82,"Beef"
23624,82,"Beef"
23625,82,"Beef"
23627,82,"Beef"
23629,82,"Beef"
23632,82,"Beef"
23633,82,"Beef"
23648,82,"Beef"
23884,82,"Beef"
12490,82,"Beef"
12491,82,"Beef"
12497,82,"Beef"
12514,82,"Beef"
12515,82,"Beef"
12517,82,"Beef"
12508,82,"Beef"
17586,82,"Beef"
15711,82,"Beef"
15732,82,"Beef"
15734,82,"Beef"
15697,82,"Beef"
15704,82,"Beef"
15705,82,"Beef"
15712,82,"Beef"
15683,82,"Beef"
15715,82,"Beef"
15716,82,"Beef"
15725,82,"Beef"
127,66,"Beef"
4403,66,"Beef"
4404,66,"Beef"
4392,66,"Beef"
4393,66,"Beef"
4394,66,"Beef"
4405,66,"Beef"
3048,66,"Beef"
4406,66,"Beef"
4407,66,"Beef"
4657,66,"Beef"
4658,66,"Beef"
3052,66,"Beef"
4659,66,"Beef"
4660,66,"Beef"
4410,66,"Beef"
4411,66,"Beef"
3053,66,"Beef"
3054,66,"Beef"
4418,66,"Beef"
4419,66,"Beef"
4423,66,"Beef"
2998,66,"Beef"
2977,66,"Beef"
3050,66,"Beef"
3013,66,"Beef"
4662,66,"Beef"
2993,66,"Beef"
3024,66,"Beef"
7897,66,"Beef"
7288,66,"Beef"
7898,66,"Beef"
7905,66,"Beef"
7290,66,"Beef"
7291,66,"Beef"
7292,66,"Beef"
7877,66,"Beef"
7289,66,"Beef"
7896,66,"Beef"
7886,66,"Beef"
7276,66,"Beef"
7277,66,"Beef"
15249,66,"Beef"
7296,66,"Beef"
7910,66,"Beef"
7911,66,"Beef"
7912,66,"Beef"
7858,66,"Beef"
7881,66,"Beef"
7888,66,"Beef"
7890,66,"Beef"
7283,66,"Beef"
7892,66,"Beef"
7281,66,"Beef"
7282,66,"Beef"
7894,66,"Beef"
7856,66,"Beef"
7893,66,"Beef"
7895,66,"Beef"
15998,66,"Beef"
7884,66,"Beef"
7284,66,"Beef"
7285,66,"Beef"
7286,66,"Beef"
15999,66,"Beef"
16000,66,"Beef"
16001,66,"Beef"
16004,66,"Beef"
7265,66,"Beef"
11621,66,"Beef"
22835,66,"Beef"
7853,66,"Beef"
7859,66,"Beef"
7860,66,"Beef"
7861,66,"Beef"
7356,66,"Beef"
11901,66,"Beef"
7357,66,"Beef"
7363,66,"Beef"
12131,66,"Beef"
12132,66,"Beef"
11903,66,"Beef"
7260,66,"Beef"
7871,66,"Beef"
22543,66,"Beef"
22544,66,"Beef"
22545,66,"Beef"
7854,66,"Beef"
7855,66,"Beef"
7863,66,"Beef"
7864,66,"Beef"
7868,66,"Beef"
7269,66,"Beef"
7270,66,"Beef"
7880,66,"Beef"
7866,66,"Beef"
7869,66,"Beef"
7259,66,"Beef"
7302,66,"Beef"
7918,66,"Beef"
7870,66,"Beef"
7873,66,"Beef"
7268,66,"Beef"
7874,66,"Beef"
7267,66,"Beef"
7273,66,"Beef"
7275,66,"Beef"
7358,66,"Beef"
7361,66,"Beef"
11902,66,"Beef"
16003,66,"Beef"
16006,66,"Beef"
15846,66,"Beef"
15509,66,"Beef"
16011,66,"Beef"
16007,66,"Beef"
22279,66,"Beef"
16010,66,"Beef"
15826,66,"Beef"
15827,66,"Beef"
16012,66,"Beef"
7878,66,"Beef"
7272,66,"Beef"
7266,66,"Beef"
7885,66,"Beef"
22536,66,"Beef"
22537,66,"Beef"
22280,66,"Beef"
22281,66,"Beef"
22709,66,"Beef"
22828,66,"Beef"
22829,66,"Beef"
22585,66,"Beef"
22586,66,"Beef"
22589,66,"Beef"
22590,66,"Beef"
22827,66,"Beef"
22830,66,"Beef"
22601,66,"Beef"
22602,66,"Beef"
22603,66,"Beef"
22609,66,"Beef"
22610,66,"Beef"
22710,66,"Beef"
22711,66,"Beef"
22712,66,"Beef"
22611,66,"Beef"
22612,66,"Beef"
22614,66,"Beef"
22613,66,"Beef"
22538,66,"Beef"
22539,66,"Beef"
22733,66,"Beef"
22734,66,"Beef"
22735,66,"Beef"
22717,66,"Beef"
22718,66,"Beef"
22719,66,"Beef"
22720,66,"Beef"
22721,66,"Beef"
22722,66,"Beef"
22723,66,"Beef"
22724,66,"Beef"
22725,66,"Beef"
22726,66,"Beef"
22727,66,"Beef"
22730,66,"Beef"
22731,66,"Beef"
22732,66,"Beef"
11874,66,"Beef"
22836,66,"Beef"
22575,66,"Beef"
22540,66,"Beef"
22285,66,"Beef"
22286,66,"Beef"
22736,66,"Beef"
22737,66,"Beef"
22729,66,"Beef"
22284,66,"Beef"
22566,66,"Beef"
22567,66,"Beef"
22789,66,"Beef"
22790,66,"Beef"
22791,66,"Beef"
22792,66,"Beef"
22793,66,"Beef"
22794,66,"Beef"
22795,66,"Beef"
22796,66,"Beef"
22797,66,"Beef"
22798,66,"Beef"
22799,66,"Beef"
22800,66,"Beef"
22801,66,"Beef"
22802,66,"Beef"
22803,66,"Beef"
22804,66,"Beef"
22805,66,"Beef"
22807,66,"Beef"
22568,66,"Beef"
22574,66,"Beef"
22578,66,"Beef"
22579,66,"Beef"
22580,66,"Beef"
22581,66,"Beef"
22582,66,"Beef"
22583,66,"Beef"
22584,66,"Beef"
22594,66,"Beef"
22595,66,"Beef"
22598,66,"Beef"
22599,66,"Beef"
22576,66,"Beef"
22620,66,"Beef"
22840,66,"Beef"
22570,66,"Beef"
22577,66,"Beef"
22607,66,"Beef"
22831,66,"Beef"
22741,66,"Beef"
14095,66,"Beef"
14096,66,"Beef"
22746,66,"Beef"
22747,66,"Beef"
22748,66,"Beef"
22561,66,"Beef"
22742,66,"Beef"
22705,66,"Beef"
22668,66,"Beef"
22670,66,"Beef"
22750,66,"Beef"
22753,66,"Beef"
22558,66,"Beef"
22760,66,"Beef"
22761,66,"Beef"
22762,66,"Beef"
22763,66,"Beef"
22822,66,"Beef"
22751,66,"Beef"
22752,66,"Beef"
22755,66,"Beef"
22756,66,"Beef"
22757,66,"Beef"
22758,66,"Beef"
22759,66,"Beef"
22764,66,"Beef"
22765,66,"Beef"
22766,66,"Beef"
22767,66,"Beef"
22769,66,"Beef"
22787,66,"Beef"
22557,66,"Beef"
22600,66,"Beef"
22817,66,"Beef"
22819,66,"Beef"
22820,66,"Beef"
22823,66,"Beef"
22824,66,"Beef"
22553,66,"Beef"
22554,66,"Beef"
22555,66,"Beef"
22563,66,"Beef"
22588,66,"Beef"
22597,66,"Beef"
22825,66,"Beef"
22821,66,"Beef"
7274,66,"Beef"
7889,66,"Beef"
7882,66,"Beef"
7883,66,"Beef"
7278,66,"Beef"
7279,66,"Beef"
7280,66,"Beef"
7887,66,"Beef"
7891,66,"Beef"
7254,66,"Beef"
7922,66,"Beef"
7923,66,"Beef"
7924,66,"Beef"
7925,66,"Beef"
7927,66,"Beef"
7928,66,"Beef"
7929,66,"Beef"
7930,66,"Beef"
7926,66,"Beef"
7325,66,"Beef"
7326,66,"Beef"
7328,66,"Beef"
7251,66,"Beef"
7252,66,"Beef"
2810,66,"Beef"
2814,66,"Beef"
2838,66,"Beef"
2811,66,"Beef"
2844,66,"Beef"
2845,66,"Beef"
2846,66,"Beef"
2849,66,"Beef"
2852,66,"Beef"
2853,66,"Beef"
2854,66,"Beef"
2855,66,"Beef"
2856,66,"Beef"
2857,66,"Beef"
2858,66,"Beef"
2859,66,"Beef"
2860,66,"Beef"
2861,66,"Beef"
3034,66,"Beef"
3035,66,"Beef"
3039,66,"Beef"
3040,66,"Beef"
3041,66,"Beef"
3009,66,"Beef"
2812,66,"Beef"
2813,66,"Beef"
7330,66,"Beef"
7875,66,"Beef"
7257,66,"Beef"
7258,66,"Beef"
7851,66,"Beef"
7852,66,"Beef"
7862,66,"Beef"
7865,66,"Beef"
7867,66,"Beef"
7271,66,"Beef"
7303,66,"Beef"
7304,66,"Beef"
7919,66,"Beef"
7920,66,"Beef"
7327,66,"Beef"
7329,66,"Beef"
2805,66,"Beef"
2806,66,"Beef"
2807,66,"Beef"
2808,66,"Beef"
2809,66,"Beef"
2815,66,"Beef"
7947,66,"Beef"
12082,66,"Beef"
11904,66,"Beef"
12135,66,"Beef"
2816,66,"Beef"
2817,66,"Beef"
2818,66,"Beef"
2819,66,"Beef"
2821,66,"Beef"
2822,66,"Beef"
2588,66,"Beef"
2590,66,"Beef"
2592,66,"Beef"
2593,66,"Beef"
2595,66,"Beef"
2596,66,"Beef"
4340,66,"Beef"
2825,66,"Beef"
3011,66,"Beef"
3012,66,"Beef"
3017,66,"Beef"
4380,66,"Beef"
4381,66,"Beef"
4634,66,"Beef"
4635,66,"Beef"
2827,66,"Beef"
2600,66,"Beef"
2612,66,"Beef"
2765,66,"Beef"
4636,66,"Beef"
4637,66,"Beef"
4638,66,"Beef"
4639,66,"Beef"
4640,66,"Beef"
2831,66,"Beef"
2832,66,"Beef"
2833,66,"Beef"
2835,66,"Beef"
3029,66,"Beef"
3008,66,"Beef"
3025,66,"Beef"
3032,66,"Beef"
2829,66,"Beef"
2830,66,"Beef"
2834,66,"Beef"
2836,66,"Beef"
2839,66,"Beef"
2842,66,"Beef"
3033,66,"Beef"
3042,66,"Beef"
3010,66,"Beef"
2539,66,"Beef"
2826,66,"Beef"
2828,66,"Beef"
2907,66,"Beef"
2876,66,"Beef"
2862,66,"Beef"
2863,66,"Beef"
2864,66,"Beef"
2865,66,"Beef"
2866,66,"Beef"
2837,66,"Beef"
2841,66,"Beef"
3036,66,"Beef"
2906,66,"Beef"
2607,66,"Beef"
2610,66,"Beef"
4386,66,"Beef"
7253,66,"Beef"
2867,66,"Beef"
2875,66,"Beef"
7907,66,"Beef"
91,66,"Beef"
7294,66,"Beef"
7909,66,"Beef"
7295,66,"Beef"
7902,66,"Beef"
2589,66,"Beef"
7036,66,"Beef"
2868,66,"Beef"
2874,66,"Beef"
11809,66,"Beef"
2869,66,"Beef"
2872,66,"Beef"
2882,66,"Beef"
2873,66,"Beef"
2877,66,"Beef"
2878,66,"Beef"
2901,66,"Beef"
2879,66,"Beef"
2881,66,"Beef"
2912,66,"Beef"
2915,66,"Beef"
2908,66,"Beef"
2910,66,"Beef"
2911,66,"Beef"
2903,66,"Beef"
11622,66,"Beef"
12075,66,"Beef"
12084,66,"Beef"
12088,66,"Beef"
12089,66,"Beef"
12077,66,"Beef"
12076,66,"Beef"
12085,66,"Beef"
12090,66,"Beef"
12086,66,"Beef"
11848,66,"Beef"
11849,66,"Beef"
12108,66,"Beef"
12109,66,"Beef"
12110,66,"Beef"
12078,66,"Beef"
12079,66,"Beef"
12111,66,"Beef"
12113,66,"Beef"
12114,66,"Beef"
12116,66,"Beef"
11890,66,"Beef"
11891,66,"Beef"
11810,66,"Beef"
11818,66,"Beef"
11839,66,"Beef"
7848,66,"Beef"
11840,66,"Beef"
7255,66,"Beef"
7849,66,"Beef"
7850,66,"Beef"
11841,66,"Beef"
11842,66,"Beef"
11843,66,"Beef"
11847,66,"Beef"
7332,66,"Beef"
7333,66,"Beef"
7334,66,"Beef"
7335,66,"Beef"
7336,66,"Beef"
7337,66,"Beef"
7338,66,"Beef"
7339,66,"Beef"
7341,66,"Beef"
7343,66,"Beef"
7340,66,"Beef"
7344,66,"Beef"
7349,66,"Beef"
7355,66,"Beef"
7346,66,"Beef"
7348,66,"Beef"
7354,66,"Beef"
12122,66,"Beef"
12125,66,"Beef"
7934,66,"Beef"
12124,66,"Beef"
11899,66,"Beef"
7935,66,"Beef"
7939,66,"Beef"
11846,66,"Beef"
12123,66,"Beef"
12128,66,"Beef"
7351,66,"Beef"
7353,66,"Beef"
7938,66,"Beef"
7940,66,"Beef"
7941,66,"Beef"
7942,66,"Beef"
7943,66,"Beef"
7951,66,"Beef"
7952,66,"Beef"
7954,66,"Beef"
7955,66,"Beef"
7350,66,"Beef"
7352,66,"Beef"
12126,66,"Beef"
12129,66,"Beef"
11896,66,"Beef"
11897,66,"Beef"
12139,66,"Beef"
11905,66,"Beef"
11906,66,"Beef"
11907,66,"Beef"
11908,66,"Beef"
11909,66,"Beef"
7933,66,"Beef"
11898,66,"Beef"
11813,66,"Beef"
11837,66,"Beef"
11845,66,"Beef"
16740,66,"Beef"
16784,66,"Beef"
17063,66,"Beef"
17056,66,"Beef"
17048,66,"Beef"
16786,66,"Beef"
15520,66,"Beef"
15822,66,"Beef"
15837,66,"Beef"
15992,66,"Beef"
17560,66,"Beef"
15824,66,"Beef"
15568,66,"Beef"
15823,66,"Beef"
15991,66,"Beef"
15993,66,"Beef"
17051,66,"Beef"
17053,66,"Beef"
16791,66,"Beef"
16795,66,"Beef"
16792,66,"Beef"
16793,66,"Beef"
17060,66,"Beef"
17061,66,"Beef"
17062,66,"Beef"
16801,66,"Beef"
16794,66,"Beef"
15839,66,"Beef"
15840,66,"Beef"
15841,66,"Beef"
15842,66,"Beef"
15843,66,"Beef"
15844,66,"Beef"
16029,66,"Beef"
16034,66,"Beef"
16035,66,"Beef"
16036,66,"Beef"
16038,66,"Beef"
16041,66,"Beef"
16048,66,"Beef"
16028,66,"Beef"
16030,66,"Beef"
16031,66,"Beef"
15997,66,"Beef"
15838,66,"Beef"
16032,66,"Beef"
15994,66,"Beef"
13704,66,"Beef"
15995,66,"Beef"
15996,66,"Beef"
16044,66,"Beef"
17058,66,"Beef"
16790,66,"Beef"
17049,66,"Beef"
17054,66,"Beef"
17055,66,"Beef"
16802,66,"Beef"
15562,66,"Beef"
16033,66,"Beef"
16037,66,"Beef"
16039,66,"Beef"
16040,66,"Beef"
16042,66,"Beef"
16798,66,"Beef"
16796,66,"Beef"
16800,66,"Beef"
16045,66,"Beef"
17052,66,"Beef"
17057,66,"Beef"
16764,66,"Beef"
4630,66,"Beef"
4396,66,"Beef"
4627,66,"Beef"
4612,66,"Beef"
4397,66,"Beef"
4398,66,"Beef"
4648,66,"Beef"
4629,66,"Beef"
4647,66,"Beef"
7315,66,"Beef"
2547,66,"Beef"
2548,66,"Beef"
2552,66,"Beef"
2553,66,"Beef"
2554,66,"Beef"
2555,66,"Beef"
2556,66,"Beef"
2557,66,"Beef"
2558,66,"Beef"
2559,66,"Beef"
2560,66,"Beef"
2561,66,"Beef"
2562,66,"Beef"
2563,66,"Beef"
2564,66,"Beef"
2565,66,"Beef"
2567,66,"Beef"
2568,66,"Beef"
2576,66,"Beef"
2577,66,"Beef"
2578,66,"Beef"
2579,66,"Beef"
2580,66,"Beef"
2581,66,"Beef"
2582,66,"Beef"
2583,66,"Beef"
2584,66,"Beef"
2585,66,"Beef"
2613,66,"Beef"
2614,66,"Beef"
2615,66,"Beef"
2616,66,"Beef"
2617,66,"Beef"
2618,66,"Beef"
2619,66,"Beef"
2620,66,"Beef"
2621,66,"Beef"
2622,66,"Beef"
2623,66,"Beef"
2624,66,"Beef"
2625,66,"Beef"
2626,66,"Beef"
2627,66,"Beef"
2628,66,"Beef"
2629,66,"Beef"
2637,66,"Beef"
2640,66,"Beef"
2641,66,"Beef"
2642,66,"Beef"
2643,66,"Beef"
2644,66,"Beef"
2645,66,"Beef"
2650,66,"Beef"
2651,66,"Beef"
4211,66,"Beef"
4212,66,"Beef"
2606,66,"Beef"
2609,66,"Beef"
4213,66,"Beef"
4603,66,"Beef"
4606,66,"Beef"
4668,66,"Beef"
2781,66,"Beef"
2789,66,"Beef"
2604,66,"Beef"
2605,66,"Beef"
2551,66,"Beef"
2608,66,"Beef"
4707,66,"Beef"
4708,66,"Beef"
4709,66,"Beef"
4358,66,"Beef"
4641,66,"Beef"
4706,66,"Beef"
4448,66,"Beef"
4611,66,"Beef"
2705,66,"Beef"
2706,66,"Beef"
2708,66,"Beef"
2730,66,"Beef"
2747,66,"Beef"
4351,66,"Beef"
4620,66,"Beef"
4621,66,"Beef"
4622,66,"Beef"
4624,66,"Beef"
2602,66,"Beef"
2570,66,"Beef"
7913,66,"Beef"
7305,66,"Beef"
7313,66,"Beef"
7322,66,"Beef"
7908,66,"Beef"
7314,66,"Beef"
2652,66,"Beef"
2653,66,"Beef"
2654,66,"Beef"
2655,66,"Beef"
2656,66,"Beef"
2657,66,"Beef"
2658,66,"Beef"
2659,66,"Beef"
2660,66,"Beef"
2661,66,"Beef"
2662,66,"Beef"
2663,66,"Beef"
2664,66,"Beef"
2665,66,"Beef"
2666,66,"Beef"
2670,66,"Beef"
2673,66,"Beef"
2674,66,"Beef"
2675,66,"Beef"
2676,66,"Beef"
2677,66,"Beef"
2678,66,"Beef"
2679,66,"Beef"
2680,66,"Beef"
2681,66,"Beef"
2682,66,"Beef"
2683,66,"Beef"
2686,66,"Beef"
2687,66,"Beef"
2688,66,"Beef"
2689,66,"Beef"
2690,66,"Beef"
2693,66,"Beef"
2695,66,"Beef"
2700,66,"Beef"
2701,66,"Beef"
2703,66,"Beef"
2709,66,"Beef"
2710,66,"Beef"
2711,66,"Beef"
2712,66,"Beef"
2713,66,"Beef"
2714,66,"Beef"
2715,66,"Beef"
2716,66,"Beef"
2717,66,"Beef"
2718,66,"Beef"
2719,66,"Beef"
2720,66,"Beef"
2721,66,"Beef"
2722,66,"Beef"
2723,66,"Beef"
2724,66,"Beef"
2725,66,"Beef"
2726,66,"Beef"
2727,66,"Beef"
2728,66,"Beef"
2729,66,"Beef"
2601,66,"Beef"
2731,66,"Beef"
2603,66,"Beef"
2732,66,"Beef"
2733,66,"Beef"
2734,66,"Beef"
2735,66,"Beef"
2736,66,"Beef"
2737,66,"Beef"
2738,66,"Beef"
2739,66,"Beef"
2740,66,"Beef"
2741,66,"Beef"
4677,66,"Beef"
4215,66,"Beef"
2742,66,"Beef"
2743,66,"Beef"
2744,66,"Beef"
2745,66,"Beef"
2746,66,"Beef"
2750,66,"Beef"
2751,66,"Beef"
2754,66,"Beef"
2755,66,"Beef"
2756,66,"Beef"
2757,66,"Beef"
2758,66,"Beef"
2759,66,"Beef"
2760,66,"Beef"
2761,66,"Beef"
2762,66,"Beef"
2763,66,"Beef"
2764,66,"Beef"
2766,66,"Beef"
4341,66,"Beef"
4342,66,"Beef"
4217,66,"Beef"
4218,66,"Beef"
4219,66,"Beef"
4220,66,"Beef"
4221,66,"Beef"
4222,66,"Beef"
4613,66,"Beef"
4223,66,"Beef"
4614,66,"Beef"
4615,66,"Beef"
4343,66,"Beef"
4344,66,"Beef"
4345,66,"Beef"
4346,66,"Beef"
4224,66,"Beef"
4225,66,"Beef"
4226,66,"Beef"
4227,66,"Beef"
4228,66,"Beef"
4229,66,"Beef"
4347,66,"Beef"
4230,66,"Beef"
4231,66,"Beef"
4232,66,"Beef"
4233,66,"Beef"
4234,66,"Beef"
4235,66,"Beef"
4348,66,"Beef"
4349,66,"Beef"
4350,66,"Beef"
4616,66,"Beef"
4623,66,"Beef"
4625,66,"Beef"
4626,66,"Beef"
4399,66,"Beef"
4400,66,"Beef"
2544,66,"Beef"
2546,66,"Beef"
2549,66,"Beef"
4241,66,"Beef"
4649,66,"Beef"
4631,66,"Beef"
4359,66,"Beef"
4360,66,"Beef"
4361,66,"Beef"
7320,66,"Beef"
7321,66,"Beef"
2541,66,"Beef"
2542,66,"Beef"
2543,66,"Beef"
7311,66,"Beef"
7931,66,"Beef"
7932,66,"Beef"
7312,66,"Beef"
7316,66,"Beef"
7317,66,"Beef"
2537,66,"Beef"
2792,66,"Beef"
2791,66,"Beef"
3031,66,"Beef"
2538,66,"Beef"
3030,66,"Beef"
7318,66,"Beef"
2545,66,"Beef"
2550,66,"Beef"
4362,66,"Beef"
4363,66,"Beef"
4364,66,"Beef"
4365,66,"Beef"
4369,66,"Beef"
4370,66,"Beef"
4371,66,"Beef"
4372,66,"Beef"
4373,66,"Beef"
4374,66,"Beef"
4375,66,"Beef"
4376,66,"Beef"
4377,66,"Beef"
4378,66,"Beef"
4387,66,"Beef"
4389,66,"Beef"
4390,66,"Beef"
4391,66,"Beef"
4642,66,"Beef"
4643,66,"Beef"
4644,66,"Beef"
4645,66,"Beef"
4646,66,"Beef"
4395,66,"Beef"
4236,66,"Beef"
4238,66,"Beef"
4239,66,"Beef"
4240,66,"Beef"
4549,66,"Beef"
4550,66,"Beef"
4551,66,"Beef"
4552,66,"Beef"
4553,66,"Beef"
4554,66,"Beef"
4401,66,"Beef"
4555,66,"Beef"
4556,66,"Beef"
4402,66,"Beef"
4557,66,"Beef"
4558,66,"Beef"
4559,66,"Beef"
4560,66,"Beef"
4650,66,"Beef"
4651,66,"Beef"
4569,66,"Beef"
4570,66,"Beef"
4282,66,"Beef"
4283,66,"Beef"
4284,66,"Beef"
4285,66,"Beef"
4286,66,"Beef"
4287,66,"Beef"
4288,66,"Beef"
4289,66,"Beef"
4580,66,"Beef"
4436,66,"Beef"
4599,66,"Beef"
4437,66,"Beef"
4446,66,"Beef"
4652,66,"Beef"
4607,66,"Beef"
4671,66,"Beef"
4608,66,"Beef"
4672,66,"Beef"
4609,66,"Beef"
4678,66,"Beef"
4320,66,"Beef"
4679,66,"Beef"
4321,66,"Beef"
4680,66,"Beef"
4322,66,"Beef"
4682,66,"Beef"
4324,66,"Beef"
4683,66,"Beef"
4408,66,"Beef"
4409,66,"Beef"
4412,66,"Beef"
4420,66,"Beef"
4421,66,"Beef"
4422,66,"Beef"
4661,66,"Beef"
2793,66,"Beef"
2795,66,"Beef"
2797,66,"Beef"
2799,66,"Beef"
2801,66,"Beef"
2803,66,"Beef"
4237,66,"Beef"
4242,66,"Beef"
4243,66,"Beef"
4244,66,"Beef"
4245,66,"Beef"
4246,66,"Beef"
4247,66,"Beef"
4248,66,"Beef"
4249,66,"Beef"
4250,66,"Beef"
4251,66,"Beef"
4252,66,"Beef"
4253,66,"Beef"
4254,66,"Beef"
4255,66,"Beef"
4257,66,"Beef"
4258,66,"Beef"
4277,66,"Beef"
4278,66,"Beef"
4279,66,"Beef"
4280,66,"Beef"
4281,66,"Beef"
4546,66,"Beef"
4547,66,"Beef"
4548,66,"Beef"
4290,66,"Beef"
4291,66,"Beef"
4292,66,"Beef"
4293,66,"Beef"
4294,66,"Beef"
4295,66,"Beef"
4296,66,"Beef"
4297,66,"Beef"
4298,66,"Beef"
4299,66,"Beef"
4301,66,"Beef"
4302,66,"Beef"
4303,66,"Beef"
4304,66,"Beef"
4305,66,"Beef"
4306,66,"Beef"
4307,66,"Beef"
4308,66,"Beef"
4309,66,"Beef"
4310,66,"Beef"
4311,66,"Beef"
4312,66,"Beef"
4313,66,"Beef"
4314,66,"Beef"
4315,66,"Beef"
4571,66,"Beef"
4572,66,"Beef"
4574,66,"Beef"
4575,66,"Beef"
4576,66,"Beef"
4577,66,"Beef"
4578,66,"Beef"
4430,66,"Beef"
4431,66,"Beef"
4594,66,"Beef"
4598,66,"Beef"
4600,66,"Beef"
4445,66,"Beef"
4327,66,"Beef"
4328,66,"Beef"
4687,66,"Beef"
4329,66,"Beef"
4688,66,"Beef"
4330,66,"Beef"
4689,66,"Beef"
4331,66,"Beef"
4690,66,"Beef"
4332,66,"Beef"
4691,66,"Beef"
4333,66,"Beef"
4692,66,"Beef"
4334,66,"Beef"
4693,66,"Beef"
4335,66,"Beef"
4694,66,"Beef"
4336,66,"Beef"
4695,66,"Beef"
4337,66,"Beef"
4696,66,"Beef"
4338,66,"Beef"
4449,66,"Beef"
4697,66,"Beef"
4438,66,"Beef"
4601,66,"Beef"
4439,66,"Beef"
4602,66,"Beef"
4440,66,"Beef"
2767,66,"Beef"
2768,66,"Beef"
2769,66,"Beef"
2770,66,"Beef"
2771,66,"Beef"
2772,66,"Beef"
2773,66,"Beef"
2774,66,"Beef"
2775,66,"Beef"
2776,66,"Beef"
2777,66,"Beef"
2778,66,"Beef"
4441,66,"Beef"
2794,66,"Beef"
2796,66,"Beef"
2798,66,"Beef"
2800,66,"Beef"
2802,66,"Beef"
2804,66,"Beef"
17789,66,"Beef"
17790,66,"Beef"
17562,66,"Beef"
17796,66,"Beef"
17572,66,"Beef"
17573,66,"Beef"
17574,66,"Beef"
17575,66,"Beef"
17576,66,"Beef"
17799,66,"Beef"
17800,66,"Beef"
17810,66,"Beef"
17590,66,"Beef"
17813,66,"Beef"
17815,66,"Beef"
15720,66,"Beef"
17559,66,"Beef"
17561,66,"Beef"
17564,66,"Beef"
17563,66,"Beef"
17801,66,"Beef"
17777,66,"Beef"
15656,66,"Beef"
27460,66,"Beef"
27464,66,"Beef"
27681,66,"Beef"
22110,66,"Beef"
21856,66,"Beef"
21857,66,"Beef"
21858,66,"Beef"
21859,66,"Beef"
21861,66,"Beef"
4670,66,"Beef"
4444,66,"Beef"
4442,66,"Beef"
4684,66,"Beef"
4326,66,"Beef"
4685,66,"Beef"
4443,66,"Beef"
27462,66,"Beef"
27465,66,"Beef"
27466,66,"Beef"
27470,66,"Beef"
27690,66,"Beef"
27461,66,"Beef"
22062,66,"Beef"
22072,66,"Beef"
22102,66,"Beef"
22103,66,"Beef"
27698,66,"Beef"
27704,66,"Beef"
27705,66,"Beef"
27706,66,"Beef"
27742,66,"Beef"
27743,66,"Beef"
27745,66,"Beef"
27747,66,"Beef"
27697,66,"Beef"
27707,66,"Beef"
27708,66,"Beef"
27472,66,"Beef"
27473,66,"Beef"
27475,66,"Beef"
27482,66,"Beef"
27486,66,"Beef"
27487,66,"Beef"
27717,66,"Beef"
27718,66,"Beef"
27719,66,"Beef"
27720,66,"Beef"
27721,66,"Beef"
27722,66,"Beef"
27723,66,"Beef"
27724,66,"Beef"
27725,66,"Beef"
27726,66,"Beef"
27727,66,"Beef"
27728,66,"Beef"
27507,66,"Beef"
27508,66,"Beef"
27509,66,"Beef"
27512,66,"Beef"
27513,66,"Beef"
27514,66,"Beef"
27515,66,"Beef"
27781,66,"Beef"
27510,66,"Beef"
27757,66,"Beef"
27758,66,"Beef"
27765,66,"Beef"
27769,66,"Beef"
27770,66,"Beef"
27773,66,"Beef"
14082,66,"Beef"
12375,66,"Beef"
12376,66,"Beef"
17567,66,"Beef"
17570,66,"Beef"
17571,66,"Beef"
17782,66,"Beef"
17792,66,"Beef"
17819,66,"Beef"
12035,66,"Beef"
14193,66,"Beef"
17722,66,"Beef"
17723,66,"Beef"
17724,66,"Beef"
17725,66,"Beef"
17818,66,"Beef"
12377,66,"Beef"
12378,66,"Beef"
12379,66,"Beef"
12380,66,"Beef"
12589,66,"Beef"
12590,66,"Beef"
12597,66,"Beef"
12384,66,"Beef"
12393,66,"Beef"
12394,66,"Beef"
12395,66,"Beef"
12396,66,"Beef"
12405,66,"Beef"
12413,66,"Beef"
12031,66,"Beef"
12032,66,"Beef"
12033,66,"Beef"
12034,66,"Beef"
12372,66,"Beef"
12373,66,"Beef"
12057,66,"Beef"
12521,66,"Beef"
24628,66,"Beef"
24387,66,"Beef"
12483,66,"Beef"
12484,66,"Beef"
12485,66,"Beef"
12487,66,"Beef"
12488,66,"Beef"
13850,66,"Beef"
13852,66,"Beef"
13599,66,"Beef"
12567,66,"Beef"
12486,66,"Beef"
12385,66,"Beef"
12389,66,"Beef"
12390,66,"Beef"
12404,66,"Beef"
12603,66,"Beef"
12598,66,"Beef"
24842,66,"Beef"
24844,66,"Beef"
24851,66,"Beef"
4368,66,"Beef"
4628,66,"Beef"
4367,66,"Beef"
4663,66,"Beef"
12520,66,"Beef"
12562,66,"Beef"
12563,66,"Beef"
23838,66,"Beef"
23843,66,"Beef"
23844,66,"Beef"
23845,66,"Beef"
23846,66,"Beef"
23847,66,"Beef"
23854,66,"Beef"
23855,66,"Beef"
23601,66,"Beef"
23602,66,"Beef"
23603,66,"Beef"
23604,66,"Beef"
23608,66,"Beef"
23617,66,"Beef"
23620,66,"Beef"
23856,66,"Beef"
23631,66,"Beef"
23638,66,"Beef"
23639,66,"Beef"
23640,66,"Beef"
23641,66,"Beef"
23642,66,"Beef"
23643,66,"Beef"
23644,66,"Beef"
23645,66,"Beef"
23646,66,"Beef"
23647,66,"Beef"
23885,66,"Beef"
23886,66,"Beef"
23887,66,"Beef"
23888,66,"Beef"
23889,66,"Beef"
23890,66,"Beef"
23891,66,"Beef"
23892,66,"Beef"
23893,66,"Beef"
23894,66,"Beef"
23895,66,"Beef"
23896,66,"Beef"
23897,66,"Beef"
23898,66,"Beef"
23899,66,"Beef"
23900,66,"Beef"
23901,66,"Beef"
23902,66,"Beef"
23903,66,"Beef"
23904,66,"Beef"
23905,66,"Beef"
22019,66,"Beef"
21788,66,"Beef"
21789,66,"Beef"
21790,66,"Beef"
21791,66,"Beef"
21804,66,"Beef"
22020,66,"Beef"
22046,66,"Beef"
22047,66,"Beef"
22048,66,"Beef"
24853,66,"Beef"
24673,66,"Beef"
24674,66,"Beef"
24675,66,"Beef"
24676,66,"Beef"
24677,66,"Beef"
24678,66,"Beef"
24679,66,"Beef"
24680,66,"Beef"
24681,66,"Beef"
24682,66,"Beef"
24683,66,"Beef"
24684,66,"Beef"
24685,66,"Beef"
24686,66,"Beef"
24687,66,"Beef"
24688,66,"Beef"
12038,66,"Beef"
12040,66,"Beef"
12041,66,"Beef"
12043,66,"Beef"
12044,66,"Beef"
12045,66,"Beef"
12046,66,"Beef"
12047,66,"Beef"
12048,66,"Beef"
12049,66,"Beef"
12050,66,"Beef"
12051,66,"Beef"
12052,66,"Beef"
12053,66,"Beef"
12054,66,"Beef"
12055,66,"Beef"
12295,66,"Beef"
12296,66,"Beef"
12297,66,"Beef"
12299,66,"Beef"
12300,66,"Beef"
12301,66,"Beef"
12302,66,"Beef"
12303,66,"Beef"
12304,66,"Beef"
12305,66,"Beef"
12306,66,"Beef"
12307,66,"Beef"
12308,66,"Beef"
12309,66,"Beef"
12310,66,"Beef"
12311,66,"Beef"
12312,66,"Beef"
12313,66,"Beef"
12314,66,"Beef"
12315,66,"Beef"
12316,66,"Beef"
12317,66,"Beef"
12318,66,"Beef"
12319,66,"Beef"
12325,66,"Beef"
12326,66,"Beef"
12327,66,"Beef"
12328,66,"Beef"
12056,66,"Beef"
12063,66,"Beef"
12064,66,"Beef"
12065,66,"Beef"
12066,66,"Beef"
12067,66,"Beef"
12068,66,"Beef"
12069,66,"Beef"
12070,66,"Beef"
12528,66,"Beef"
12533,66,"Beef"
12534,66,"Beef"
12535,66,"Beef"
12370,66,"Beef"
27755,66,"Beef"
27761,66,"Beef"
27762,66,"Beef"
27763,66,"Beef"
27764,66,"Beef"
27536,66,"Beef"
27547,66,"Beef"
27548,66,"Beef"
27549,66,"Beef"
24859,66,"Beef"
12058,66,"Beef"
12059,66,"Beef"
12060,66,"Beef"
12061,66,"Beef"
12062,66,"Beef"
12071,66,"Beef"
12072,66,"Beef"
12329,66,"Beef"
12330,66,"Beef"
12331,66,"Beef"
12474,66,"Beef"
12475,66,"Beef"
12476,66,"Beef"
12477,66,"Beef"
12478,66,"Beef"
12479,66,"Beef"
12480,66,"Beef"
12481,66,"Beef"
12482,66,"Beef"
12509,66,"Beef"
12513,66,"Beef"
12336,66,"Beef"
12338,66,"Beef"
12522,66,"Beef"
12523,66,"Beef"
12524,66,"Beef"
12340,66,"Beef"
12341,66,"Beef"
12342,66,"Beef"
12343,66,"Beef"
12344,66,"Beef"
12345,66,"Beef"
12346,66,"Beef"
12347,66,"Beef"
12348,66,"Beef"
12349,66,"Beef"
12350,66,"Beef"
12351,66,"Beef"
12352,66,"Beef"
12353,66,"Beef"
12354,66,"Beef"
12355,66,"Beef"
12356,66,"Beef"
12357,66,"Beef"
12358,66,"Beef"
12359,66,"Beef"
12360,66,"Beef"
12361,66,"Beef"
12362,66,"Beef"
12363,66,"Beef"
12364,66,"Beef"
12365,66,"Beef"
12366,66,"Beef"
12367,66,"Beef"
12368,66,"Beef"
12525,66,"Beef"
12526,66,"Beef"
12527,66,"Beef"
12532,66,"Beef"
12371,66,"Beef"
12512,66,"Beef"
12536,66,"Beef"
12036,66,"Beef"
12530,66,"Beef"
17771,66,"Beef"
22571,66,"Beef"
22572,66,"Beef"
22573,66,"Beef"
13714,66,"Beef"
13504,66,"Beef"
13761,66,"Beef"
13762,66,"Beef"
13763,66,"Beef"
13764,66,"Beef"
13765,66,"Beef"
13767,66,"Beef"
14089,66,"Beef"
14093,66,"Beef"
14105,66,"Beef"
14106,66,"Beef"
14107,66,"Beef"
14108,66,"Beef"
14109,66,"Beef"
14112,66,"Beef"
14113,66,"Beef"
14114,66,"Beef"
14115,66,"Beef"
14116,66,"Beef"
14117,66,"Beef"
14118,66,"Beef"
14119,66,"Beef"
14124,66,"Beef"
14125,66,"Beef"
14127,66,"Beef"
14140,66,"Beef"
17720,66,"Beef"
14191,66,"Beef"
17719,66,"Beef"
17721,66,"Beef"
12332,66,"Beef"
12333,66,"Beef"
12335,66,"Beef"
12337,66,"Beef"
12339,66,"Beef"
12510,66,"Beef"
22050,66,"Beef"
22052,66,"Beef"
22053,66,"Beef"
27689,66,"Beef"
27699,66,"Beef"
27700,66,"Beef"
27474,66,"Beef"
27476,66,"Beef"
27511,66,"Beef"
27738,66,"Beef"
27739,66,"Beef"
17727,66,"Beef"
17728,66,"Beef"
17729,66,"Beef"
17730,66,"Beef"
17731,66,"Beef"
17524,66,"Beef"
17565,66,"Beef"
17767,66,"Beef"
17768,66,"Beef"
17769,66,"Beef"
17770,66,"Beef"
17568,66,"Beef"
17786,66,"Beef"
17791,66,"Beef"
17793,66,"Beef"
17794,66,"Beef"
17795,66,"Beef"
17528,66,"Beef"
17529,66,"Beef"
17531,66,"Beef"
17532,66,"Beef"
17534,66,"Beef"
17535,66,"Beef"
17734,66,"Beef"
17737,66,"Beef"
17739,66,"Beef"
17740,66,"Beef"
17741,66,"Beef"
17742,66,"Beef"
17743,66,"Beef"
17744,66,"Beef"
17745,66,"Beef"
17746,66,"Beef"
17747,66,"Beef"
17761,66,"Beef"
17762,66,"Beef"
17763,66,"Beef"
17764,66,"Beef"
17766,66,"Beef"
14190,66,"Beef"
14192,66,"Beef"
13706,66,"Beef"
28907,66,"Beef"
13713,66,"Beef"
13514,66,"Beef"
13515,66,"Beef"
13519,66,"Beef"
13520,66,"Beef"
13521,66,"Beef"
13522,66,"Beef"
13523,66,"Beef"
13524,66,"Beef"
13525,66,"Beef"
13526,66,"Beef"
13715,66,"Beef"
13716,66,"Beef"
13717,66,"Beef"
13718,66,"Beef"
13719,66,"Beef"
13722,66,"Beef"
13723,66,"Beef"
13724,66,"Beef"
13725,66,"Beef"
13726,66,"Beef"
13745,66,"Beef"
13746,66,"Beef"
13747,66,"Beef"
13748,66,"Beef"
13527,66,"Beef"
13528,66,"Beef"
13529,66,"Beef"
13530,66,"Beef"
13531,66,"Beef"
13532,66,"Beef"
13534,66,"Beef"
13535,66,"Beef"
13536,66,"Beef"
13537,66,"Beef"
13538,66,"Beef"
13539,66,"Beef"
13540,66,"Beef"
13541,66,"Beef"
13542,66,"Beef"
13543,66,"Beef"
13544,66,"Beef"
13545,66,"Beef"
13546,66,"Beef"
13547,66,"Beef"
13548,66,"Beef"
13749,66,"Beef"
13750,66,"Beef"
13751,66,"Beef"
13752,66,"Beef"
13758,66,"Beef"
13759,66,"Beef"
14226,66,"Beef"
17787,66,"Beef"
16992,66,"Beef"
16993,66,"Beef"
16739,66,"Beef"
16743,66,"Beef"
16744,66,"Beef"
16780,66,"Beef"
16781,66,"Beef"
16783,66,"Beef"
16782,66,"Beef"
15741,66,"Beef"
15831,66,"Beef"
15832,66,"Beef"
16023,66,"Beef"
15769,66,"Beef"
15771,66,"Beef"
15777,66,"Beef"
15770,66,"Beef"
16819,66,"Beef"
17042,66,"Beef"
17046,66,"Beef"
17047,66,"Beef"
15772,66,"Beef"
15773,66,"Beef"
15774,66,"Beef"
15775,66,"Beef"
15778,66,"Beef"
15779,66,"Beef"
15780,66,"Beef"
15782,66,"Beef"
15783,66,"Beef"
15784,66,"Beef"
15787,66,"Beef"
15788,66,"Beef"
15789,66,"Beef"
15790,66,"Beef"
15791,66,"Beef"
15792,66,"Beef"
15793,66,"Beef"
15794,66,"Beef"
15795,66,"Beef"
15796,66,"Beef"
15797,66,"Beef"
15798,66,"Beef"
15799,66,"Beef"
15800,66,"Beef"
15803,66,"Beef"
15804,66,"Beef"
15807,66,"Beef"
15808,66,"Beef"
15810,66,"Beef"
15811,66,"Beef"
15812,66,"Beef"
15816,66,"Beef"
15817,66,"Beef"
15818,66,"Beef"
15819,66,"Beef"
15820,66,"Beef"
15565,66,"Beef"
15566,66,"Beef"
15567,66,"Beef"
15569,66,"Beef"
15825,66,"Beef"
16024,66,"Beef"
16025,66,"Beef"
16026,66,"Beef"
16027,66,"Beef"
17579,66,"Beef"
17580,66,"Beef"
17804,66,"Beef"
17805,66,"Beef"
17011,66,"Beef"
17012,66,"Beef"
15763,66,"Beef"
16741,66,"Beef"
16745,66,"Beef"
16994,66,"Beef"
17072,66,"Beef"
16818,66,"Beef"
16816,66,"Beef"
7899,66,"Beef"
15483,66,"Beef"
17064,66,"Beef"
16838,66,"Beef"
17065,66,"Beef"
17066,66,"Beef"
15499,66,"Beef"
15253,66,"Beef"
17756,66,"Beef"
13734,66,"Beef"
13735,66,"Beef"
13738,66,"Beef"
17757,66,"Beef"
17758,66,"Beef"
17759,66,"Beef"
17539,66,"Beef"
17540,66,"Beef"
17541,66,"Beef"
17542,66,"Beef"
17543,66,"Beef"
17544,66,"Beef"
17545,66,"Beef"
17546,66,"Beef"
17547,66,"Beef"
17548,66,"Beef"
17549,66,"Beef"
17550,66,"Beef"
17552,66,"Beef"
17554,66,"Beef"
13739,66,"Beef"
13740,66,"Beef"
13741,66,"Beef"
13733,66,"Beef"
13736,66,"Beef"
13737,66,"Beef"
13742,66,"Beef"
14179,66,"Beef"
13807,66,"Beef"
13809,66,"Beef"
13810,66,"Beef"
13811,66,"Beef"
13812,66,"Beef"
13826,66,"Beef"
13827,66,"Beef"
13828,66,"Beef"
13831,66,"Beef"
13533,66,"Beef"
13502,66,"Beef"
13503,66,"Beef"
13698,66,"Beef"
13699,66,"Beef"
13712,66,"Beef"
13707,66,"Beef"
13708,66,"Beef"
13709,66,"Beef"
13710,66,"Beef"
13711,66,"Beef"
13505,66,"Beef"
13506,66,"Beef"
13507,66,"Beef"
13508,66,"Beef"
13509,66,"Beef"
13720,66,"Beef"
13721,66,"Beef"
13728,66,"Beef"
13729,66,"Beef"
13730,66,"Beef"
13731,66,"Beef"
13732,66,"Beef"
13772,66,"Beef"
13779,66,"Beef"
13780,66,"Beef"
13549,66,"Beef"
14100,66,"Beef"
14104,66,"Beef"
14090,66,"Beef"
14091,66,"Beef"
14186,66,"Beef"
14187,66,"Beef"
13753,66,"Beef"
13754,66,"Beef"
13755,66,"Beef"
13756,66,"Beef"
13757,66,"Beef"
14202,66,"Beef"
14203,66,"Beef"
14204,66,"Beef"
14205,66,"Beef"
14207,66,"Beef"
14221,66,"Beef"
14222,66,"Beef"
17732,66,"Beef"
17772,66,"Beef"
17773,66,"Beef"
17775,66,"Beef"
17778,66,"Beef"
17779,66,"Beef"
17780,66,"Beef"
17781,66,"Beef"
17569,66,"Beef"
17518,66,"Beef"
17558,66,"Beef"
17776,66,"Beef"
22587,66,"Beef"
22592,66,"Beef"
22593,66,"Beef"
22596,66,"Beef"
22605,66,"Beef"
22606,66,"Beef"
22832,66,"Beef"
22833,66,"Beef"
22834,66,"Beef"
22616,66,"Beef"
22617,66,"Beef"
22619,66,"Beef"
14188,66,"Beef"
14189,66,"Beef"
17536,66,"Beef"
17735,66,"Beef"
17736,66,"Beef"
17738,66,"Beef"
17748,66,"Beef"
17749,66,"Beef"
17750,66,"Beef"
17751,66,"Beef"
17753,66,"Beef"
17754,66,"Beef"
17755,66,"Beef"
17760,66,"Beef"
13743,66,"Beef"
17765,66,"Beef"
22621,66,"Beef"
22618,66,"Beef"
22615,66,"Beef"
7857,66,"Beef"
7944,66,"Beef"
7945,66,"Beef"
7946,66,"Beef"
7359,66,"Beef"
7360,66,"Beef"
11900,66,"Beef"
12130,66,"Beef"
12133,66,"Beef"
12134,66,"Beef"
22282,66,"Beef"
22283,66,"Beef"
22546,66,"Beef"
22738,66,"Beef"
22739,66,"Beef"
22542,66,"Beef"
22701,66,"Beef"
22702,66,"Beef"
22713,66,"Beef"
22715,66,"Beef"
22716,66,"Beef"
22728,66,"Beef"
13470,66,"Beef"
13474,66,"Beef"
13475,66,"Beef"
13476,66,"Beef"
13216,66,"Beef"
13218,66,"Beef"
17812,66,"Beef"
17814,66,"Beef"
17816,66,"Beef"
12537,66,"Beef"
12538,66,"Beef"
15666,66,"Beef"
15667,66,"Beef"
15671,66,"Beef"
15679,66,"Beef"
15682,66,"Beef"
15688,66,"Beef"
15726,66,"Beef"
15729,66,"Beef"
15730,66,"Beef"
15731,66,"Beef"
15657,66,"Beef"
15653,66,"Beef"
15668,66,"Beef"
15669,66,"Beef"
15670,66,"Beef"
15673,66,"Beef"
15663,66,"Beef"
15665,66,"Beef"
15672,66,"Beef"
15654,66,"Beef"
15655,66,"Beef"
21829,66,"Beef"
22063,66,"Beef"
22069,66,"Beef"
22070,66,"Beef"
22071,66,"Beef"
22073,66,"Beef"
22074,66,"Beef"
22075,66,"Beef"
22076,66,"Beef"
22077,66,"Beef"
22078,66,"Beef"
22081,66,"Beef"
22082,66,"Beef"
21836,66,"Beef"
21837,66,"Beef"
21838,66,"Beef"
21839,66,"Beef"
21841,66,"Beef"
21842,66,"Beef"
21843,66,"Beef"
21844,66,"Beef"
15501,66,"Beef"
15502,66,"Beef"
15496,66,"Beef"
15495,66,"Beef"
15500,66,"Beef"
15250,66,"Beef"
15251,66,"Beef"
15505,66,"Beef"
15506,66,"Beef"
15507,66,"Beef"
15508,66,"Beef"
15514,66,"Beef"
15515,66,"Beef"
15519,66,"Beef"
15522,66,"Beef"
15523,66,"Beef"
22464,66,"Beef"
22465,66,"Beef"
15248,66,"Beef"
15261,66,"Beef"
15582,66,"Beef"
15585,66,"Beef"
15586,66,"Beef"
15587,66,"Beef"
15588,66,"Beef"
15599,66,"Beef"
15600,66,"Beef"
15604,66,"Beef"
15605,66,"Beef"
15606,66,"Beef"
15548,66,"Beef"
15551,66,"Beef"
15552,66,"Beef"
15553,66,"Beef"
15554,66,"Beef"
15555,66,"Beef"
15558,66,"Beef"
15560,66,"Beef"
15561,66,"Beef"
15593,66,"Beef"
15594,66,"Beef"
15597,66,"Beef"
15598,66,"Beef"
15601,66,"Beef"
15602,66,"Beef"
15603,66,"Beef"
15608,66,"Beef"
15610,66,"Beef"
15612,66,"Beef"
15614,66,"Beef"
16839,66,"Beef"
16840,66,"Beef"
16841,66,"Beef"
16842,66,"Beef"
16843,66,"Beef"
16844,66,"Beef"
16845,66,"Beef"
16846,66,"Beef"
16847,66,"Beef"
16848,66,"Beef"
16849,66,"Beef"
16850,66,"Beef"
16851,66,"Beef"
16852,66,"Beef"
16853,66,"Beef"
16854,66,"Beef"
16855,66,"Beef"
16857,66,"Beef"
15607,66,"Beef"
15609,66,"Beef"
15611,66,"Beef"
15613,66,"Beef"
15615,66,"Beef"
15617,66,"Beef"
15618,66,"Beef"
15619,66,"Beef"
15620,66,"Beef"
15621,66,"Beef"
15622,66,"Beef"
15623,66,"Beef"
15624,66,"Beef"
15625,66,"Beef"
15626,66,"Beef"
15627,66,"Beef"
15628,66,"Beef"
15629,66,"Beef"
15630,66,"Beef"
15631,66,"Beef"
15632,66,"Beef"
15633,66,"Beef"
15634,66,"Beef"
15260,66,"Beef"
15529,66,"Beef"
15590,66,"Beef"
22463,66,"Beef"
15264,66,"Beef"
15265,66,"Beef"
15266,66,"Beef"
15267,66,"Beef"
15268,66,"Beef"
15270,66,"Beef"
15275,66,"Beef"
15276,66,"Beef"
15277,66,"Beef"
15281,66,"Beef"
15530,66,"Beef"
15531,66,"Beef"
15532,66,"Beef"
15533,66,"Beef"
15534,66,"Beef"
15535,66,"Beef"
15536,66,"Beef"
15537,66,"Beef"
15538,66,"Beef"
15539,66,"Beef"
22466,66,"Beef"
15526,66,"Beef"
15488,66,"Beef"
15489,66,"Beef"
15490,66,"Beef"
15491,66,"Beef"
15521,66,"Beef"
15252,66,"Beef"
15254,66,"Beef"
15255,66,"Beef"
15256,66,"Beef"
15257,66,"Beef"
15258,66,"Beef"
15259,66,"Beef"
16804,66,"Beef"
15524,66,"Beef"
15525,66,"Beef"
15571,66,"Beef"
15575,66,"Beef"
15576,66,"Beef"
15283,66,"Beef"
15285,66,"Beef"
15286,66,"Beef"
15288,66,"Beef"
15528,66,"Beef"
15570,66,"Beef"
15563,66,"Beef"
15577,66,"Beef"
15578,66,"Beef"
15579,66,"Beef"
15581,66,"Beef"
22208,66,"Beef"
22211,66,"Beef"
22220,66,"Beef"
22221,66,"Beef"
22222,66,"Beef"
22223,66,"Beef"
22224,66,"Beef"
22230,66,"Beef"
22468,66,"Beef"
22469,66,"Beef"
22476,66,"Beef"
22477,66,"Beef"
22478,66,"Beef"
22479,66,"Beef"
22480,66,"Beef"
22481,66,"Beef"
22482,66,"Beef"
22484,66,"Beef"
22485,66,"Beef"
22487,66,"Beef"
22231,66,"Beef"
16043,66,"Beef"
16046,66,"Beef"
16797,66,"Beef"
16799,66,"Beef"
17059,66,"Beef"
15527,66,"Beef"
22471,66,"Beef"
22233,66,"Beef"
22234,66,"Beef"
22235,66,"Beef"
22236,66,"Beef"
22238,66,"Beef"
22239,66,"Beef"
22241,66,"Beef"
22518,66,"Beef"
22268,66,"Beef"
15848,66,"Beef"
22232,66,"Beef"
22256,66,"Beef"
22513,66,"Beef"
22515,66,"Beef"
15580,66,"Beef"
22227,66,"Beef"
22228,66,"Beef"
22229,66,"Beef"
22470,66,"Beef"
22473,66,"Beef"
22474,66,"Beef"
22475,66,"Beef"
22486,66,"Beef"
22472,66,"Beef"
22237,66,"Beef"
22240,66,"Beef"
22250,66,"Beef"
22251,66,"Beef"
22252,66,"Beef"
22244,66,"Beef"
22516,66,"Beef"
22262,66,"Beef"
22517,66,"Beef"
22519,66,"Beef"
22242,66,"Beef"
22243,66,"Beef"
22521,66,"Beef"
22274,66,"Beef"
22740,66,"Beef"
13700,66,"Beef"
13701,66,"Beef"
13705,66,"Beef"
14094,66,"Beef"
14099,66,"Beef"
22273,66,"Beef"
22276,66,"Beef"
22245,66,"Beef"
22246,66,"Beef"
22247,66,"Beef"
22248,66,"Beef"
22249,66,"Beef"
22253,66,"Beef"
22254,66,"Beef"
22491,66,"Beef"
22492,66,"Beef"
22493,66,"Beef"
15847,66,"Beef"
22520,66,"Beef"
22523,66,"Beef"
22703,66,"Beef"
22591,66,"Beef"
22826,66,"Beef"
22667,66,"Beef"
22494,66,"Beef"
22495,66,"Beef"
22496,66,"Beef"
22497,66,"Beef"
22498,66,"Beef"
22499,66,"Beef"
22500,66,"Beef"
22501,66,"Beef"
22502,66,"Beef"
22503,66,"Beef"
22504,66,"Beef"
22505,66,"Beef"
22506,66,"Beef"
22507,66,"Beef"
22508,66,"Beef"
22509,66,"Beef"
22257,66,"Beef"
22258,66,"Beef"
22259,66,"Beef"
22260,66,"Beef"
22261,66,"Beef"
22263,66,"Beef"
22264,66,"Beef"
22265,66,"Beef"
22266,66,"Beef"
22267,66,"Beef"
22510,66,"Beef"
22511,66,"Beef"
22512,66,"Beef"
22275,66,"Beef"
22277,66,"Beef"
22278,66,"Beef"
22525,66,"Beef"
22526,66,"Beef"
22528,66,"Beef"
22529,66,"Beef"
22530,66,"Beef"
22531,66,"Beef"
22532,66,"Beef"
22533,66,"Beef"
22534,66,"Beef"
22535,66,"Beef"
22706,66,"Beef"
22708,66,"Beef"
15511,66,"Beef"
15512,66,"Beef"
22707,66,"Beef"
22467,66,"Beef"
22210,66,"Beef"
15513,66,"Beef"
15761,66,"Beef"
15828,66,"Beef"
15756,66,"Beef"
15746,66,"Beef"
15747,66,"Beef"
15748,66,"Beef"
15749,66,"Beef"
15750,66,"Beef"
15751,66,"Beef"
15752,66,"Beef"
16018,66,"Beef"
16019,66,"Beef"
16020,66,"Beef"
15743,66,"Beef"
16742,66,"Beef"
16015,66,"Beef"
16016,66,"Beef"
16017,66,"Beef"
15742,66,"Beef"
16013,66,"Beef"
17811,66,"Beef"
15714,66,"Beef"
15717,66,"Beef"
15718,66,"Beef"
15719,66,"Beef"
15721,66,"Beef"
15722,66,"Beef"
15723,66,"Beef"
15724,66,"Beef"
15727,66,"Beef"
15728,66,"Beef"
17591,66,"Beef"
17817,66,"Beef"
12540,66,"Beef"
22032,66,"Beef"
22034,66,"Beef"
22035,66,"Beef"
22038,66,"Beef"
22041,66,"Beef"
22054,66,"Beef"
21847,66,"Beef"
21848,66,"Beef"
22018,66,"Beef"
22042,66,"Beef"
27463,66,"Beef"
21786,66,"Beef"
21787,66,"Beef"
22058,66,"Beef"
22061,66,"Beef"
21808,66,"Beef"
21809,66,"Beef"
21810,66,"Beef"
21813,66,"Beef"
21814,66,"Beef"
21815,66,"Beef"
21816,66,"Beef"
21817,66,"Beef"
21818,66,"Beef"
21819,66,"Beef"
21820,66,"Beef"
21821,66,"Beef"
21822,66,"Beef"
21823,66,"Beef"
21824,66,"Beef"
21825,66,"Beef"
21826,66,"Beef"
21827,66,"Beef"
21828,66,"Beef"
22064,66,"Beef"
22065,66,"Beef"
22066,66,"Beef"
22067,66,"Beef"
22068,66,"Beef"
22084,66,"Beef"
22085,66,"Beef"
22086,66,"Beef"
22087,66,"Beef"
22088,66,"Beef"
21830,66,"Beef"
21831,66,"Beef"
21832,66,"Beef"
21833,66,"Beef"
21812,66,"Beef"
12504,66,"Beef"
21798,66,"Beef"
22040,66,"Beef"
22043,66,"Beef"
22044,66,"Beef"
22045,66,"Beef"
17784,66,"Beef"
17820,66,"Beef"
21834,66,"Beef"
21835,66,"Beef"
22031,66,"Beef"
22033,66,"Beef"
22036,66,"Beef"
22037,66,"Beef"
22039,66,"Beef"
21846,66,"Beef"
21850,66,"Beef"
21851,66,"Beef"
21852,66,"Beef"
21853,66,"Beef"
21854,66,"Beef"
22089,66,"Beef"
22090,66,"Beef"
22092,66,"Beef"
22093,66,"Beef"
22094,66,"Beef"
22096,66,"Beef"
22097,66,"Beef"
22098,66,"Beef"
15658,66,"Beef"
15659,66,"Beef"
15660,66,"Beef"
15662,66,"Beef"
24856,66,"Beef"
24885,66,"Beef"
24847,66,"Beef"
24855,66,"Beef"
24854,66,"Beef"
24857,66,"Beef"
24858,66,"Beef"
24860,66,"Beef"
24862,66,"Beef"
24863,66,"Beef"
24864,66,"Beef"
23817,66,"Beef"
24867,66,"Beef"
24669,66,"Beef"
24670,66,"Beef"
24672,66,"Beef"
24886,66,"Beef"
24887,66,"Beef"
24888,66,"Beef"
24889,66,"Beef"
24668,66,"Beef"
21998,66,"Beef"
21999,66,"Beef"
22000,66,"Beef"
22002,66,"Beef"
23815,66,"Beef"
23816,66,"Beef"
23616,66,"Beef"
22003,66,"Beef"
22006,66,"Beef"
22012,66,"Beef"
22014,66,"Beef"
22015,66,"Beef"
22016,66,"Beef"
22017,66,"Beef"
21805,66,"Beef"
21806,66,"Beef"
23828,66,"Beef"
23829,66,"Beef"
23830,66,"Beef"
23831,66,"Beef"
23832,66,"Beef"
23833,66,"Beef"
23834,66,"Beef"
23835,66,"Beef"
23836,66,"Beef"
23837,66,"Beef"
23848,66,"Beef"
23849,66,"Beef"
23850,66,"Beef"
23851,66,"Beef"
23852,66,"Beef"
23853,66,"Beef"
23605,66,"Beef"
23606,66,"Beef"
23607,66,"Beef"
23609,66,"Beef"
23610,66,"Beef"
23611,66,"Beef"
23612,66,"Beef"
23613,66,"Beef"
23614,66,"Beef"
23615,66,"Beef"
23618,66,"Beef"
23619,66,"Beef"
23862,66,"Beef"
23863,66,"Beef"
23864,66,"Beef"
23865,66,"Beef"
23866,66,"Beef"
23867,66,"Beef"
23868,66,"Beef"
23872,66,"Beef"
23873,66,"Beef"
23874,66,"Beef"
23875,66,"Beef"
23876,66,"Beef"
23877,66,"Beef"
23878,66,"Beef"
23879,66,"Beef"
23880,66,"Beef"
23881,66,"Beef"
23883,66,"Beef"
23621,66,"Beef"
23622,66,"Beef"
23623,66,"Beef"
23624,66,"Beef"
23625,66,"Beef"
23627,66,"Beef"
23629,66,"Beef"
23632,66,"Beef"
23633,66,"Beef"
23648,66,"Beef"
23884,66,"Beef"
12490,66,"Beef"
12491,66,"Beef"
12497,66,"Beef"
12514,66,"Beef"
12515,66,"Beef"
12517,66,"Beef"
12508,66,"Beef"
17586,66,"Beef"
15711,66,"Beef"
15732,66,"Beef"
15734,66,"Beef"
15697,66,"Beef"
15704,66,"Beef"
15705,66,"Beef"
15712,66,"Beef"
15683,66,"Beef"
15715,66,"Beef"
15716,66,"Beef"
15725,66,"Beef"
127,65,"Beef"
4403,65,"Beef"
4404,65,"Beef"
4392,65,"Beef"
4393,65,"Beef"
4394,65,"Beef"
4405,65,"Beef"
3048,65,"Beef"
4406,65,"Beef"
4407,65,"Beef"
4657,65,"Beef"
4658,65,"Beef"
3052,65,"Beef"
4659,65,"Beef"
4660,65,"Beef"
4410,65,"Beef"
4411,65,"Beef"
3053,65,"Beef"
3054,65,"Beef"
4418,65,"Beef"
4419,65,"Beef"
4423,65,"Beef"
2998,65,"Beef"
2977,65,"Beef"
3050,65,"Beef"
3013,65,"Beef"
4662,65,"Beef"
2993,65,"Beef"
3024,65,"Beef"
7897,65,"Beef"
7288,65,"Beef"
7898,65,"Beef"
7905,65,"Beef"
7290,65,"Beef"
7291,65,"Beef"
7292,65,"Beef"
7877,65,"Beef"
7289,65,"Beef"
7896,65,"Beef"
7886,65,"Beef"
7276,65,"Beef"
7277,65,"Beef"
15249,65,"Beef"
7296,65,"Beef"
7910,65,"Beef"
7911,65,"Beef"
7912,65,"Beef"
7858,65,"Beef"
7881,65,"Beef"
7888,65,"Beef"
7890,65,"Beef"
7283,65,"Beef"
7892,65,"Beef"
7281,65,"Beef"
7282,65,"Beef"
7894,65,"Beef"
7856,65,"Beef"
7893,65,"Beef"
7895,65,"Beef"
15998,65,"Beef"
7884,65,"Beef"
7284,65,"Beef"
7285,65,"Beef"
7286,65,"Beef"
15999,65,"Beef"
16000,65,"Beef"
16001,65,"Beef"
16004,65,"Beef"
7265,65,"Beef"
11621,65,"Beef"
22835,65,"Beef"
7853,65,"Beef"
7859,65,"Beef"
7860,65,"Beef"
7861,65,"Beef"
7356,65,"Beef"
11901,65,"Beef"
7357,65,"Beef"
7363,65,"Beef"
12131,65,"Beef"
12132,65,"Beef"
11903,65,"Beef"
7260,65,"Beef"
7871,65,"Beef"
22543,65,"Beef"
22544,65,"Beef"
22545,65,"Beef"
7854,65,"Beef"
7855,65,"Beef"
7863,65,"Beef"
7864,65,"Beef"
7868,65,"Beef"
7269,65,"Beef"
7270,65,"Beef"
7880,65,"Beef"
7866,65,"Beef"
7869,65,"Beef"
7259,65,"Beef"
7302,65,"Beef"
7918,65,"Beef"
7870,65,"Beef"
7873,65,"Beef"
7268,65,"Beef"
7874,65,"Beef"
7267,65,"Beef"
7273,65,"Beef"
7275,65,"Beef"
7358,65,"Beef"
7361,65,"Beef"
11902,65,"Beef"
16003,65,"Beef"
16006,65,"Beef"
15846,65,"Beef"
15509,65,"Beef"
16011,65,"Beef"
16007,65,"Beef"
22279,65,"Beef"
16010,65,"Beef"
15826,65,"Beef"
15827,65,"Beef"
16012,65,"Beef"
7878,65,"Beef"
7272,65,"Beef"
7266,65,"Beef"
7885,65,"Beef"
22536,65,"Beef"
22537,65,"Beef"
22280,65,"Beef"
22281,65,"Beef"
22709,65,"Beef"
22828,65,"Beef"
22829,65,"Beef"
22585,65,"Beef"
22586,65,"Beef"
22589,65,"Beef"
22590,65,"Beef"
22827,65,"Beef"
22830,65,"Beef"
22601,65,"Beef"
22602,65,"Beef"
22603,65,"Beef"
22609,65,"Beef"
22610,65,"Beef"
22710,65,"Beef"
22711,65,"Beef"
22712,65,"Beef"
22611,65,"Beef"
22612,65,"Beef"
22614,65,"Beef"
22613,65,"Beef"
22538,65,"Beef"
22539,65,"Beef"
22733,65,"Beef"
22734,65,"Beef"
22735,65,"Beef"
22717,65,"Beef"
22718,65,"Beef"
22719,65,"Beef"
22720,65,"Beef"
22721,65,"Beef"
22722,65,"Beef"
22723,65,"Beef"
22724,65,"Beef"
22725,65,"Beef"
22726,65,"Beef"
22727,65,"Beef"
22730,65,"Beef"
22731,65,"Beef"
22732,65,"Beef"
11874,65,"Beef"
22836,65,"Beef"
22575,65,"Beef"
22540,65,"Beef"
22285,65,"Beef"
22286,65,"Beef"
22736,65,"Beef"
22737,65,"Beef"
22729,65,"Beef"
22284,65,"Beef"
22566,65,"Beef"
22567,65,"Beef"
22789,65,"Beef"
22790,65,"Beef"
22791,65,"Beef"
22792,65,"Beef"
22793,65,"Beef"
22794,65,"Beef"
22795,65,"Beef"
22796,65,"Beef"
22797,65,"Beef"
22798,65,"Beef"
22799,65,"Beef"
22800,65,"Beef"
22801,65,"Beef"
22802,65,"Beef"
22803,65,"Beef"
22804,65,"Beef"
22805,65,"Beef"
22807,65,"Beef"
22568,65,"Beef"
22574,65,"Beef"
22578,65,"Beef"
22579,65,"Beef"
22580,65,"Beef"
22581,65,"Beef"
22582,65,"Beef"
22583,65,"Beef"
22584,65,"Beef"
22594,65,"Beef"
22595,65,"Beef"
22598,65,"Beef"
22599,65,"Beef"
22576,65,"Beef"
22620,65,"Beef"
22840,65,"Beef"
22570,65,"Beef"
22577,65,"Beef"
22607,65,"Beef"
22831,65,"Beef"
22741,65,"Beef"
14095,65,"Beef"
14096,65,"Beef"
22746,65,"Beef"
22747,65,"Beef"
22748,65,"Beef"
22561,65,"Beef"
22742,65,"Beef"
22705,65,"Beef"
22668,65,"Beef"
22670,65,"Beef"
22750,65,"Beef"
22753,65,"Beef"
22558,65,"Beef"
22760,65,"Beef"
22761,65,"Beef"
22762,65,"Beef"
22763,65,"Beef"
22822,65,"Beef"
22751,65,"Beef"
22752,65,"Beef"
22755,65,"Beef"
22756,65,"Beef"
22757,65,"Beef"
22758,65,"Beef"
22759,65,"Beef"
22764,65,"Beef"
22765,65,"Beef"
22766,65,"Beef"
22767,65,"Beef"
22769,65,"Beef"
22787,65,"Beef"
22557,65,"Beef"
22600,65,"Beef"
22817,65,"Beef"
22819,65,"Beef"
22820,65,"Beef"
22823,65,"Beef"
22824,65,"Beef"
22553,65,"Beef"
22554,65,"Beef"
22555,65,"Beef"
22563,65,"Beef"
22588,65,"Beef"
22597,65,"Beef"
22825,65,"Beef"
22821,65,"Beef"
7274,65,"Beef"
7889,65,"Beef"
7882,65,"Beef"
7883,65,"Beef"
7278,65,"Beef"
7279,65,"Beef"
7280,65,"Beef"
7887,65,"Beef"
7891,65,"Beef"
7254,65,"Beef"
7922,65,"Beef"
7923,65,"Beef"
7924,65,"Beef"
7925,65,"Beef"
7927,65,"Beef"
7928,65,"Beef"
7929,65,"Beef"
7930,65,"Beef"
7926,65,"Beef"
7325,65,"Beef"
7326,65,"Beef"
7328,65,"Beef"
7251,65,"Beef"
7252,65,"Beef"
2810,65,"Beef"
2814,65,"Beef"
2838,65,"Beef"
2811,65,"Beef"
2844,65,"Beef"
2845,65,"Beef"
2846,65,"Beef"
2849,65,"Beef"
2852,65,"Beef"
2853,65,"Beef"
2854,65,"Beef"
2855,65,"Beef"
2856,65,"Beef"
2857,65,"Beef"
2858,65,"Beef"
2859,65,"Beef"
2860,65,"Beef"
2861,65,"Beef"
3034,65,"Beef"
3035,65,"Beef"
3039,65,"Beef"
3040,65,"Beef"
3041,65,"Beef"
3009,65,"Beef"
2812,65,"Beef"
2813,65,"Beef"
7330,65,"Beef"
7875,65,"Beef"
7257,65,"Beef"
7258,65,"Beef"
7851,65,"Beef"
7852,65,"Beef"
7862,65,"Beef"
7865,65,"Beef"
7867,65,"Beef"
7271,65,"Beef"
7303,65,"Beef"
7304,65,"Beef"
7919,65,"Beef"
7920,65,"Beef"
7327,65,"Beef"
7329,65,"Beef"
2805,65,"Beef"
2806,65,"Beef"
2807,65,"Beef"
2808,65,"Beef"
2809,65,"Beef"
2815,65,"Beef"
7947,65,"Beef"
12082,65,"Beef"
11904,65,"Beef"
12135,65,"Beef"
2816,65,"Beef"
2817,65,"Beef"
2818,65,"Beef"
2819,65,"Beef"
2821,65,"Beef"
2822,65,"Beef"
2588,65,"Beef"
2590,65,"Beef"
2592,65,"Beef"
2593,65,"Beef"
2595,65,"Beef"
2596,65,"Beef"
4340,65,"Beef"
2825,65,"Beef"
3011,65,"Beef"
3012,65,"Beef"
3017,65,"Beef"
4380,65,"Beef"
4381,65,"Beef"
4634,65,"Beef"
4635,65,"Beef"
2827,65,"Beef"
2600,65,"Beef"
2612,65,"Beef"
2765,65,"Beef"
4636,65,"Beef"
4637,65,"Beef"
4638,65,"Beef"
4639,65,"Beef"
4640,65,"Beef"
2831,65,"Beef"
2832,65,"Beef"
2833,65,"Beef"
2835,65,"Beef"
3029,65,"Beef"
3008,65,"Beef"
3025,65,"Beef"
3032,65,"Beef"
2829,65,"Beef"
2830,65,"Beef"
2834,65,"Beef"
2836,65,"Beef"
2839,65,"Beef"
2842,65,"Beef"
3033,65,"Beef"
3042,65,"Beef"
3010,65,"Beef"
2539,65,"Beef"
2826,65,"Beef"
2828,65,"Beef"
2907,65,"Beef"
2876,65,"Beef"
2862,65,"Beef"
2863,65,"Beef"
2864,65,"Beef"
2865,65,"Beef"
2866,65,"Beef"
2837,65,"Beef"
2841,65,"Beef"
3036,65,"Beef"
2906,65,"Beef"
2607,65,"Beef"
2610,65,"Beef"
4386,65,"Beef"
7253,65,"Beef"
2867,65,"Beef"
2875,65,"Beef"
7907,65,"Beef"
91,65,"Beef"
7294,65,"Beef"
7909,65,"Beef"
7295,65,"Beef"
7902,65,"Beef"
2589,65,"Beef"
7036,65,"Beef"
2868,65,"Beef"
2874,65,"Beef"
11809,65,"Beef"
2869,65,"Beef"
2872,65,"Beef"
2882,65,"Beef"
2873,65,"Beef"
2877,65,"Beef"
2878,65,"Beef"
2901,65,"Beef"
2879,65,"Beef"
2881,65,"Beef"
2912,65,"Beef"
2915,65,"Beef"
2908,65,"Beef"
2910,65,"Beef"
2911,65,"Beef"
2903,65,"Beef"
11622,65,"Beef"
12075,65,"Beef"
12084,65,"Beef"
12088,65,"Beef"
12089,65,"Beef"
12077,65,"Beef"
12076,65,"Beef"
12085,65,"Beef"
12090,65,"Beef"
12086,65,"Beef"
11848,65,"Beef"
11849,65,"Beef"
12108,65,"Beef"
12109,65,"Beef"
12110,65,"Beef"
12078,65,"Beef"
12079,65,"Beef"
12111,65,"Beef"
12113,65,"Beef"
12114,65,"Beef"
12116,65,"Beef"
11890,65,"Beef"
11891,65,"Beef"
11810,65,"Beef"
11818,65,"Beef"
11839,65,"Beef"
7848,65,"Beef"
11840,65,"Beef"
7255,65,"Beef"
7849,65,"Beef"
7850,65,"Beef"
11841,65,"Beef"
11842,65,"Beef"
11843,65,"Beef"
11847,65,"Beef"
7332,65,"Beef"
7333,65,"Beef"
7334,65,"Beef"
7335,65,"Beef"
7336,65,"Beef"
7337,65,"Beef"
7338,65,"Beef"
7339,65,"Beef"
7341,65,"Beef"
7343,65,"Beef"
7340,65,"Beef"
7344,65,"Beef"
7349,65,"Beef"
7355,65,"Beef"
7346,65,"Beef"
7348,65,"Beef"
7354,65,"Beef"
12122,65,"Beef"
12125,65,"Beef"
7934,65,"Beef"
12124,65,"Beef"
11899,65,"Beef"
7935,65,"Beef"
7939,65,"Beef"
11846,65,"Beef"
12123,65,"Beef"
12128,65,"Beef"
7351,65,"Beef"
7353,65,"Beef"
7938,65,"Beef"
7940,65,"Beef"
7941,65,"Beef"
7942,65,"Beef"
7943,65,"Beef"
7951,65,"Beef"
7952,65,"Beef"
7954,65,"Beef"
7955,65,"Beef"
7350,65,"Beef"
7352,65,"Beef"
12126,65,"Beef"
12129,65,"Beef"
11896,65,"Beef"
11897,65,"Beef"
12139,65,"Beef"
11905,65,"Beef"
11906,65,"Beef"
11907,65,"Beef"
11908,65,"Beef"
11909,65,"Beef"
7933,65,"Beef"
11898,65,"Beef"
11813,65,"Beef"
11837,65,"Beef"
11845,65,"Beef"
16740,65,"Beef"
16784,65,"Beef"
17063,65,"Beef"
17056,65,"Beef"
17048,65,"Beef"
16786,65,"Beef"
15520,65,"Beef"
15822,65,"Beef"
15837,65,"Beef"
15992,65,"Beef"
17560,65,"Beef"
15824,65,"Beef"
15568,65,"Beef"
15823,65,"Beef"
15991,65,"Beef"
15993,65,"Beef"
17051,65,"Beef"
17053,65,"Beef"
16791,65,"Beef"
16795,65,"Beef"
16792,65,"Beef"
16793,65,"Beef"
17060,65,"Beef"
17061,65,"Beef"
17062,65,"Beef"
16801,65,"Beef"
16794,65,"Beef"
15839,65,"Beef"
15840,65,"Beef"
15841,65,"Beef"
15842,65,"Beef"
15843,65,"Beef"
15844,65,"Beef"
16029,65,"Beef"
16034,65,"Beef"
16035,65,"Beef"
16036,65,"Beef"
16038,65,"Beef"
16041,65,"Beef"
16048,65,"Beef"
16028,65,"Beef"
16030,65,"Beef"
16031,65,"Beef"
15997,65,"Beef"
15838,65,"Beef"
16032,65,"Beef"
15994,65,"Beef"
13704,65,"Beef"
15995,65,"Beef"
15996,65,"Beef"
16044,65,"Beef"
17058,65,"Beef"
16790,65,"Beef"
17049,65,"Beef"
17054,65,"Beef"
17055,65,"Beef"
16802,65,"Beef"
15562,65,"Beef"
16033,65,"Beef"
16037,65,"Beef"
16039,65,"Beef"
16040,65,"Beef"
16042,65,"Beef"
16798,65,"Beef"
16796,65,"Beef"
16800,65,"Beef"
16045,65,"Beef"
17052,65,"Beef"
17057,65,"Beef"
16764,65,"Beef"
4630,65,"Beef"
4396,65,"Beef"
4627,65,"Beef"
4612,65,"Beef"
4397,65,"Beef"
4398,65,"Beef"
4648,65,"Beef"
4629,65,"Beef"
4647,65,"Beef"
7315,65,"Beef"
2547,65,"Beef"
2548,65,"Beef"
2552,65,"Beef"
2553,65,"Beef"
2554,65,"Beef"
2555,65,"Beef"
2556,65,"Beef"
2557,65,"Beef"
2558,65,"Beef"
2559,65,"Beef"
2560,65,"Beef"
2561,65,"Beef"
2562,65,"Beef"
2563,65,"Beef"
2564,65,"Beef"
2565,65,"Beef"
2567,65,"Beef"
2568,65,"Beef"
2576,65,"Beef"
2577,65,"Beef"
2578,65,"Beef"
2579,65,"Beef"
2580,65,"Beef"
2581,65,"Beef"
2582,65,"Beef"
2583,65,"Beef"
2584,65,"Beef"
2585,65,"Beef"
2613,65,"Beef"
2614,65,"Beef"
2615,65,"Beef"
2616,65,"Beef"
2617,65,"Beef"
2618,65,"Beef"
2619,65,"Beef"
2620,65,"Beef"
2621,65,"Beef"
2622,65,"Beef"
2623,65,"Beef"
2624,65,"Beef"
2625,65,"Beef"
2626,65,"Beef"
2627,65,"Beef"
2628,65,"Beef"
2629,65,"Beef"
2637,65,"Beef"
2640,65,"Beef"
2641,65,"Beef"
2642,65,"Beef"
2643,65,"Beef"
2644,65,"Beef"
2645,65,"Beef"
2650,65,"Beef"
2651,65,"Beef"
4211,65,"Beef"
4212,65,"Beef"
2606,65,"Beef"
2609,65,"Beef"
4213,65,"Beef"
4603,65,"Beef"
4606,65,"Beef"
4668,65,"Beef"
2781,65,"Beef"
2789,65,"Beef"
2604,65,"Beef"
2605,65,"Beef"
2551,65,"Beef"
2608,65,"Beef"
4707,65,"Beef"
4708,65,"Beef"
4709,65,"Beef"
4358,65,"Beef"
4641,65,"Beef"
4706,65,"Beef"
4448,65,"Beef"
4611,65,"Beef"
2705,65,"Beef"
2706,65,"Beef"
2708,65,"Beef"
2730,65,"Beef"
2747,65,"Beef"
4351,65,"Beef"
4620,65,"Beef"
4621,65,"Beef"
4622,65,"Beef"
4624,65,"Beef"
2602,65,"Beef"
2570,65,"Beef"
7913,65,"Beef"
7305,65,"Beef"
7313,65,"Beef"
7322,65,"Beef"
7908,65,"Beef"
7314,65,"Beef"
2652,65,"Beef"
2653,65,"Beef"
2654,65,"Beef"
2655,65,"Beef"
2656,65,"Beef"
2657,65,"Beef"
2658,65,"Beef"
2659,65,"Beef"
2660,65,"Beef"
2661,65,"Beef"
2662,65,"Beef"
2663,65,"Beef"
2664,65,"Beef"
2665,65,"Beef"
2666,65,"Beef"
2670,65,"Beef"
2673,65,"Beef"
2674,65,"Beef"
2675,65,"Beef"
2676,65,"Beef"
2677,65,"Beef"
2678,65,"Beef"
2679,65,"Beef"
2680,65,"Beef"
2681,65,"Beef"
2682,65,"Beef"
2683,65,"Beef"
2686,65,"Beef"
2687,65,"Beef"
2688,65,"Beef"
2689,65,"Beef"
2690,65,"Beef"
2693,65,"Beef"
2695,65,"Beef"
2700,65,"Beef"
2701,65,"Beef"
2703,65,"Beef"
2709,65,"Beef"
2710,65,"Beef"
2711,65,"Beef"
2712,65,"Beef"
2713,65,"Beef"
2714,65,"Beef"
2715,65,"Beef"
2716,65,"Beef"
2717,65,"Beef"
2718,65,"Beef"
2719,65,"Beef"
2720,65,"Beef"
2721,65,"Beef"
2722,65,"Beef"
2723,65,"Beef"
2724,65,"Beef"
2725,65,"Beef"
2726,65,"Beef"
2727,65,"Beef"
2728,65,"Beef"
2729,65,"Beef"
2601,65,"Beef"
2731,65,"Beef"
2603,65,"Beef"
2732,65,"Beef"
2733,65,"Beef"
2734,65,"Beef"
2735,65,"Beef"
2736,65,"Beef"
2737,65,"Beef"
2738,65,"Beef"
2739,65,"Beef"
2740,65,"Beef"
2741,65,"Beef"
4677,65,"Beef"
4215,65,"Beef"
2742,65,"Beef"
2743,65,"Beef"
2744,65,"Beef"
2745,65,"Beef"
2746,65,"Beef"
2750,65,"Beef"
2751,65,"Beef"
2754,65,"Beef"
2755,65,"Beef"
2756,65,"Beef"
2757,65,"Beef"
2758,65,"Beef"
2759,65,"Beef"
2760,65,"Beef"
2761,65,"Beef"
2762,65,"Beef"
2763,65,"Beef"
2764,65,"Beef"
2766,65,"Beef"
4341,65,"Beef"
4342,65,"Beef"
4217,65,"Beef"
4218,65,"Beef"
4219,65,"Beef"
4220,65,"Beef"
4221,65,"Beef"
4222,65,"Beef"
4613,65,"Beef"
4223,65,"Beef"
4614,65,"Beef"
4615,65,"Beef"
4343,65,"Beef"
4344,65,"Beef"
4345,65,"Beef"
4346,65,"Beef"
4224,65,"Beef"
4225,65,"Beef"
4226,65,"Beef"
4227,65,"Beef"
4228,65,"Beef"
4229,65,"Beef"
4347,65,"Beef"
4230,65,"Beef"
4231,65,"Beef"
4232,65,"Beef"
4233,65,"Beef"
4234,65,"Beef"
4235,65,"Beef"
4348,65,"Beef"
4349,65,"Beef"
4350,65,"Beef"
4616,65,"Beef"
4623,65,"Beef"
4625,65,"Beef"
4626,65,"Beef"
4399,65,"Beef"
4400,65,"Beef"
2544,65,"Beef"
2546,65,"Beef"
2549,65,"Beef"
4241,65,"Beef"
4649,65,"Beef"
4631,65,"Beef"
4359,65,"Beef"
4360,65,"Beef"
4361,65,"Beef"
7320,65,"Beef"
7321,65,"Beef"
2541,65,"Beef"
2542,65,"Beef"
2543,65,"Beef"
7311,65,"Beef"
7931,65,"Beef"
7932,65,"Beef"
7312,65,"Beef"
7316,65,"Beef"
7317,65,"Beef"
2537,65,"Beef"
2792,65,"Beef"
2791,65,"Beef"
3031,65,"Beef"
2538,65,"Beef"
3030,65,"Beef"
7318,65,"Beef"
2545,65,"Beef"
2550,65,"Beef"
4362,65,"Beef"
4363,65,"Beef"
4364,65,"Beef"
4365,65,"Beef"
4369,65,"Beef"
4370,65,"Beef"
4371,65,"Beef"
4372,65,"Beef"
4373,65,"Beef"
4374,65,"Beef"
4375,65,"Beef"
4376,65,"Beef"
4377,65,"Beef"
4378,65,"Beef"
4387,65,"Beef"
4389,65,"Beef"
4390,65,"Beef"
4391,65,"Beef"
4642,65,"Beef"
4643,65,"Beef"
4644,65,"Beef"
4645,65,"Beef"
4646,65,"Beef"
4395,65,"Beef"
4236,65,"Beef"
4238,65,"Beef"
4239,65,"Beef"
4240,65,"Beef"
4549,65,"Beef"
4550,65,"Beef"
4551,65,"Beef"
4552,65,"Beef"
4553,65,"Beef"
4554,65,"Beef"
4401,65,"Beef"
4555,65,"Beef"
4556,65,"Beef"
4402,65,"Beef"
4557,65,"Beef"
4558,65,"Beef"
4559,65,"Beef"
4560,65,"Beef"
4650,65,"Beef"
4651,65,"Beef"
4569,65,"Beef"
4570,65,"Beef"
4282,65,"Beef"
4283,65,"Beef"
4284,65,"Beef"
4285,65,"Beef"
4286,65,"Beef"
4287,65,"Beef"
4288,65,"Beef"
4289,65,"Beef"
4580,65,"Beef"
4436,65,"Beef"
4599,65,"Beef"
4437,65,"Beef"
4446,65,"Beef"
4652,65,"Beef"
4607,65,"Beef"
4671,65,"Beef"
4608,65,"Beef"
4672,65,"Beef"
4609,65,"Beef"
4678,65,"Beef"
4320,65,"Beef"
4679,65,"Beef"
4321,65,"Beef"
4680,65,"Beef"
4322,65,"Beef"
4682,65,"Beef"
4324,65,"Beef"
4683,65,"Beef"
4408,65,"Beef"
4409,65,"Beef"
4412,65,"Beef"
4420,65,"Beef"
4421,65,"Beef"
4422,65,"Beef"
4661,65,"Beef"
2793,65,"Beef"
2795,65,"Beef"
2797,65,"Beef"
2799,65,"Beef"
2801,65,"Beef"
2803,65,"Beef"
4237,65,"Beef"
4242,65,"Beef"
4243,65,"Beef"
4244,65,"Beef"
4245,65,"Beef"
4246,65,"Beef"
4247,65,"Beef"
4248,65,"Beef"
4249,65,"Beef"
4250,65,"Beef"
4251,65,"Beef"
4252,65,"Beef"
4253,65,"Beef"
4254,65,"Beef"
4255,65,"Beef"
4257,65,"Beef"
4258,65,"Beef"
4277,65,"Beef"
4278,65,"Beef"
4279,65,"Beef"
4280,65,"Beef"
4281,65,"Beef"
4546,65,"Beef"
4547,65,"Beef"
4548,65,"Beef"
4290,65,"Beef"
4291,65,"Beef"
4292,65,"Beef"
4293,65,"Beef"
4294,65,"Beef"
4295,65,"Beef"
4296,65,"Beef"
4297,65,"Beef"
4298,65,"Beef"
4299,65,"Beef"
4301,65,"Beef"
4302,65,"Beef"
4303,65,"Beef"
4304,65,"Beef"
4305,65,"Beef"
4306,65,"Beef"
4307,65,"Beef"
4308,65,"Beef"
4309,65,"Beef"
4310,65,"Beef"
4311,65,"Beef"
4312,65,"Beef"
4313,65,"Beef"
4314,65,"Beef"
4315,65,"Beef"
4571,65,"Beef"
4572,65,"Beef"
4574,65,"Beef"
4575,65,"Beef"
4576,65,"Beef"
4577,65,"Beef"
4578,65,"Beef"
4430,65,"Beef"
4431,65,"Beef"
4594,65,"Beef"
4598,65,"Beef"
4600,65,"Beef"
4445,65,"Beef"
4327,65,"Beef"
4328,65,"Beef"
4687,65,"Beef"
4329,65,"Beef"
4688,65,"Beef"
4330,65,"Beef"
4689,65,"Beef"
4331,65,"Beef"
4690,65,"Beef"
4332,65,"Beef"
4691,65,"Beef"
4333,65,"Beef"
4692,65,"Beef"
4334,65,"Beef"
4693,65,"Beef"
4335,65,"Beef"
4694,65,"Beef"
4336,65,"Beef"
4695,65,"Beef"
4337,65,"Beef"
4696,65,"Beef"
4338,65,"Beef"
4449,65,"Beef"
4697,65,"Beef"
4438,65,"Beef"
4601,65,"Beef"
4439,65,"Beef"
4602,65,"Beef"
4440,65,"Beef"
2767,65,"Beef"
2768,65,"Beef"
2769,65,"Beef"
2770,65,"Beef"
2771,65,"Beef"
2772,65,"Beef"
2773,65,"Beef"
2774,65,"Beef"
2775,65,"Beef"
2776,65,"Beef"
2777,65,"Beef"
2778,65,"Beef"
4441,65,"Beef"
2794,65,"Beef"
2796,65,"Beef"
2798,65,"Beef"
2800,65,"Beef"
2802,65,"Beef"
2804,65,"Beef"
17789,65,"Beef"
17790,65,"Beef"
17562,65,"Beef"
17796,65,"Beef"
17572,65,"Beef"
17573,65,"Beef"
17574,65,"Beef"
17575,65,"Beef"
17576,65,"Beef"
17799,65,"Beef"
17800,65,"Beef"
17810,65,"Beef"
17590,65,"Beef"
17813,65,"Beef"
17815,65,"Beef"
15720,65,"Beef"
17559,65,"Beef"
17561,65,"Beef"
17564,65,"Beef"
17563,65,"Beef"
17801,65,"Beef"
17777,65,"Beef"
15656,65,"Beef"
27460,65,"Beef"
27464,65,"Beef"
27681,65,"Beef"
22110,65,"Beef"
21856,65,"Beef"
21857,65,"Beef"
21858,65,"Beef"
21859,65,"Beef"
21861,65,"Beef"
4670,65,"Beef"
4444,65,"Beef"
4442,65,"Beef"
4684,65,"Beef"
4326,65,"Beef"
4685,65,"Beef"
4443,65,"Beef"
27462,65,"Beef"
27465,65,"Beef"
27466,65,"Beef"
27470,65,"Beef"
27690,65,"Beef"
27461,65,"Beef"
22062,65,"Beef"
22072,65,"Beef"
22102,65,"Beef"
22103,65,"Beef"
27698,65,"Beef"
27704,65,"Beef"
27705,65,"Beef"
27706,65,"Beef"
27742,65,"Beef"
27743,65,"Beef"
27745,65,"Beef"
27747,65,"Beef"
27697,65,"Beef"
27707,65,"Beef"
27708,65,"Beef"
27472,65,"Beef"
27473,65,"Beef"
27475,65,"Beef"
27482,65,"Beef"
27486,65,"Beef"
27487,65,"Beef"
27717,65,"Beef"
27718,65,"Beef"
27719,65,"Beef"
27720,65,"Beef"
27721,65,"Beef"
27722,65,"Beef"
27723,65,"Beef"
27724,65,"Beef"
27725,65,"Beef"
27726,65,"Beef"
27727,65,"Beef"
27728,65,"Beef"
27507,65,"Beef"
27508,65,"Beef"
27509,65,"Beef"
27512,65,"Beef"
27513,65,"Beef"
27514,65,"Beef"
27515,65,"Beef"
27781,65,"Beef"
27510,65,"Beef"
27757,65,"Beef"
27758,65,"Beef"
27765,65,"Beef"
27769,65,"Beef"
27770,65,"Beef"
27773,65,"Beef"
14082,65,"Beef"
12375,65,"Beef"
12376,65,"Beef"
17567,65,"Beef"
17570,65,"Beef"
17571,65,"Beef"
17782,65,"Beef"
17792,65,"Beef"
17819,65,"Beef"
12035,65,"Beef"
14193,65,"Beef"
17722,65,"Beef"
17723,65,"Beef"
17724,65,"Beef"
17725,65,"Beef"
17818,65,"Beef"
12377,65,"Beef"
12378,65,"Beef"
12379,65,"Beef"
12380,65,"Beef"
12589,65,"Beef"
12590,65,"Beef"
12597,65,"Beef"
12384,65,"Beef"
12393,65,"Beef"
12394,65,"Beef"
12395,65,"Beef"
12396,65,"Beef"
12405,65,"Beef"
12413,65,"Beef"
12031,65,"Beef"
12032,65,"Beef"
12033,65,"Beef"
12034,65,"Beef"
12372,65,"Beef"
12373,65,"Beef"
12057,65,"Beef"
12521,65,"Beef"
24628,65,"Beef"
24387,65,"Beef"
12483,65,"Beef"
12484,65,"Beef"
12485,65,"Beef"
12487,65,"Beef"
12488,65,"Beef"
13850,65,"Beef"
13852,65,"Beef"
13599,65,"Beef"
12567,65,"Beef"
12486,65,"Beef"
12385,65,"Beef"
12389,65,"Beef"
12390,65,"Beef"
12404,65,"Beef"
12603,65,"Beef"
12598,65,"Beef"
24842,65,"Beef"
24844,65,"Beef"
24851,65,"Beef"
4368,65,"Beef"
4628,65,"Beef"
4367,65,"Beef"
4663,65,"Beef"
12520,65,"Beef"
12562,65,"Beef"
12563,65,"Beef"
23838,65,"Beef"
23843,65,"Beef"
23844,65,"Beef"
23845,65,"Beef"
23846,65,"Beef"
23847,65,"Beef"
23854,65,"Beef"
23855,65,"Beef"
23601,65,"Beef"
23602,65,"Beef"
23603,65,"Beef"
23604,65,"Beef"
23608,65,"Beef"
23617,65,"Beef"
23620,65,"Beef"
23856,65,"Beef"
23631,65,"Beef"
23638,65,"Beef"
23639,65,"Beef"
23640,65,"Beef"
23641,65,"Beef"
23642,65,"Beef"
23643,65,"Beef"
23644,65,"Beef"
23645,65,"Beef"
23646,65,"Beef"
23647,65,"Beef"
23885,65,"Beef"
23886,65,"Beef"
23887,65,"Beef"
23888,65,"Beef"
23889,65,"Beef"
23890,65,"Beef"
23891,65,"Beef"
23892,65,"Beef"
23893,65,"Beef"
23894,65,"Beef"
23895,65,"Beef"
23896,65,"Beef"
23897,65,"Beef"
23898,65,"Beef"
23899,65,"Beef"
23900,65,"Beef"
23901,65,"Beef"
23902,65,"Beef"
23903,65,"Beef"
23904,65,"Beef"
23905,65,"Beef"
22019,65,"Beef"
21788,65,"Beef"
21789,65,"Beef"
21790,65,"Beef"
21791,65,"Beef"
21804,65,"Beef"
22020,65,"Beef"
22046,65,"Beef"
22047,65,"Beef"
22048,65,"Beef"
24853,65,"Beef"
24673,65,"Beef"
24674,65,"Beef"
24675,65,"Beef"
24676,65,"Beef"
24677,65,"Beef"
24678,65,"Beef"
24679,65,"Beef"
24680,65,"Beef"
24681,65,"Beef"
24682,65,"Beef"
24683,65,"Beef"
24684,65,"Beef"
24685,65,"Beef"
24686,65,"Beef"
24687,65,"Beef"
24688,65,"Beef"
12038,65,"Beef"
12040,65,"Beef"
12041,65,"Beef"
12043,65,"Beef"
12044,65,"Beef"
12045,65,"Beef"
12046,65,"Beef"
12047,65,"Beef"
12048,65,"Beef"
12049,65,"Beef"
12050,65,"Beef"
12051,65,"Beef"
12052,65,"Beef"
12053,65,"Beef"
12054,65,"Beef"
12055,65,"Beef"
12295,65,"Beef"
12296,65,"Beef"
12297,65,"Beef"
12299,65,"Beef"
12300,65,"Beef"
12301,65,"Beef"
12302,65,"Beef"
12303,65,"Beef"
12304,65,"Beef"
12305,65,"Beef"
12306,65,"Beef"
12307,65,"Beef"
12308,65,"Beef"
12309,65,"Beef"
12310,65,"Beef"
12311,65,"Beef"
12312,65,"Beef"
12313,65,"Beef"
12314,65,"Beef"
12315,65,"Beef"
12316,65,"Beef"
12317,65,"Beef"
12318,65,"Beef"
12319,65,"Beef"
12325,65,"Beef"
12326,65,"Beef"
12327,65,"Beef"
12328,65,"Beef"
12056,65,"Beef"
12063,65,"Beef"
12064,65,"Beef"
12065,65,"Beef"
12066,65,"Beef"
12067,65,"Beef"
12068,65,"Beef"
12069,65,"Beef"
12070,65,"Beef"
12528,65,"Beef"
12533,65,"Beef"
12534,65,"Beef"
12535,65,"Beef"
12370,65,"Beef"
27755,65,"Beef"
27761,65,"Beef"
27762,65,"Beef"
27763,65,"Beef"
27764,65,"Beef"
27536,65,"Beef"
27547,65,"Beef"
27548,65,"Beef"
27549,65,"Beef"
24859,65,"Beef"
12058,65,"Beef"
12059,65,"Beef"
12060,65,"Beef"
12061,65,"Beef"
12062,65,"Beef"
12071,65,"Beef"
12072,65,"Beef"
12329,65,"Beef"
12330,65,"Beef"
12331,65,"Beef"
12474,65,"Beef"
12475,65,"Beef"
12476,65,"Beef"
12477,65,"Beef"
12478,65,"Beef"
12479,65,"Beef"
12480,65,"Beef"
12481,65,"Beef"
12482,65,"Beef"
12509,65,"Beef"
12513,65,"Beef"
12336,65,"Beef"
12338,65,"Beef"
12522,65,"Beef"
12523,65,"Beef"
12524,65,"Beef"
12340,65,"Beef"
12341,65,"Beef"
12342,65,"Beef"
12343,65,"Beef"
12344,65,"Beef"
12345,65,"Beef"
12346,65,"Beef"
12347,65,"Beef"
12348,65,"Beef"
12349,65,"Beef"
12350,65,"Beef"
12351,65,"Beef"
12352,65,"Beef"
12353,65,"Beef"
12354,65,"Beef"
12355,65,"Beef"
12356,65,"Beef"
12357,65,"Beef"
12358,65,"Beef"
12359,65,"Beef"
12360,65,"Beef"
12361,65,"Beef"
12362,65,"Beef"
12363,65,"Beef"
12364,65,"Beef"
12365,65,"Beef"
12366,65,"Beef"
12367,65,"Beef"
12368,65,"Beef"
12525,65,"Beef"
12526,65,"Beef"
12527,65,"Beef"
12532,65,"Beef"
12371,65,"Beef"
12512,65,"Beef"
12536,65,"Beef"
12036,65,"Beef"
12530,65,"Beef"
17771,65,"Beef"
22571,65,"Beef"
22572,65,"Beef"
22573,65,"Beef"
13714,65,"Beef"
13504,65,"Beef"
13761,65,"Beef"
13762,65,"Beef"
13763,65,"Beef"
13764,65,"Beef"
13765,65,"Beef"
13767,65,"Beef"
14089,65,"Beef"
14093,65,"Beef"
14105,65,"Beef"
14106,65,"Beef"
14107,65,"Beef"
14108,65,"Beef"
14109,65,"Beef"
14112,65,"Beef"
14113,65,"Beef"
14114,65,"Beef"
14115,65,"Beef"
14116,65,"Beef"
14117,65,"Beef"
14118,65,"Beef"
14119,65,"Beef"
14124,65,"Beef"
14125,65,"Beef"
14127,65,"Beef"
14140,65,"Beef"
17720,65,"Beef"
14191,65,"Beef"
17719,65,"Beef"
17721,65,"Beef"
12332,65,"Beef"
12333,65,"Beef"
12335,65,"Beef"
12337,65,"Beef"
12339,65,"Beef"
12510,65,"Beef"
22050,65,"Beef"
22052,65,"Beef"
22053,65,"Beef"
27689,65,"Beef"
27699,65,"Beef"
27700,65,"Beef"
27474,65,"Beef"
27476,65,"Beef"
27511,65,"Beef"
27738,65,"Beef"
27739,65,"Beef"
17727,65,"Beef"
17728,65,"Beef"
17729,65,"Beef"
17730,65,"Beef"
17731,65,"Beef"
17524,65,"Beef"
17565,65,"Beef"
17767,65,"Beef"
17768,65,"Beef"
17769,65,"Beef"
17770,65,"Beef"
17568,65,"Beef"
17786,65,"Beef"
17791,65,"Beef"
17793,65,"Beef"
17794,65,"Beef"
17795,65,"Beef"
17528,65,"Beef"
17529,65,"Beef"
17531,65,"Beef"
17532,65,"Beef"
17534,65,"Beef"
17535,65,"Beef"
17734,65,"Beef"
17737,65,"Beef"
17739,65,"Beef"
17740,65,"Beef"
17741,65,"Beef"
17742,65,"Beef"
17743,65,"Beef"
17744,65,"Beef"
17745,65,"Beef"
17746,65,"Beef"
17747,65,"Beef"
17761,65,"Beef"
17762,65,"Beef"
17763,65,"Beef"
17764,65,"Beef"
17766,65,"Beef"
14190,65,"Beef"
14192,65,"Beef"
13706,65,"Beef"
28907,65,"Beef"
13713,65,"Beef"
13514,65,"Beef"
13515,65,"Beef"
13519,65,"Beef"
13520,65,"Beef"
13521,65,"Beef"
13522,65,"Beef"
13523,65,"Beef"
13524,65,"Beef"
13525,65,"Beef"
13526,65,"Beef"
13715,65,"Beef"
13716,65,"Beef"
13717,65,"Beef"
13718,65,"Beef"
13719,65,"Beef"
13722,65,"Beef"
13723,65,"Beef"
13724,65,"Beef"
13725,65,"Beef"
13726,65,"Beef"
13745,65,"Beef"
13746,65,"Beef"
13747,65,"Beef"
13748,65,"Beef"
13527,65,"Beef"
13528,65,"Beef"
13529,65,"Beef"
13530,65,"Beef"
13531,65,"Beef"
13532,65,"Beef"
13534,65,"Beef"
13535,65,"Beef"
13536,65,"Beef"
13537,65,"Beef"
13538,65,"Beef"
13539,65,"Beef"
13540,65,"Beef"
13541,65,"Beef"
13542,65,"Beef"
13543,65,"Beef"
13544,65,"Beef"
13545,65,"Beef"
13546,65,"Beef"
13547,65,"Beef"
13548,65,"Beef"
13749,65,"Beef"
13750,65,"Beef"
13751,65,"Beef"
13752,65,"Beef"
13758,65,"Beef"
13759,65,"Beef"
14226,65,"Beef"
17787,65,"Beef"
16992,65,"Beef"
16993,65,"Beef"
16739,65,"Beef"
16743,65,"Beef"
16744,65,"Beef"
16780,65,"Beef"
16781,65,"Beef"
16783,65,"Beef"
16782,65,"Beef"
15741,65,"Beef"
15831,65,"Beef"
15832,65,"Beef"
16023,65,"Beef"
15769,65,"Beef"
15771,65,"Beef"
15777,65,"Beef"
15770,65,"Beef"
16819,65,"Beef"
17042,65,"Beef"
17046,65,"Beef"
17047,65,"Beef"
15772,65,"Beef"
15773,65,"Beef"
15774,65,"Beef"
15775,65,"Beef"
15778,65,"Beef"
15779,65,"Beef"
15780,65,"Beef"
15782,65,"Beef"
15783,65,"Beef"
15784,65,"Beef"
15787,65,"Beef"
15788,65,"Beef"
15789,65,"Beef"
15790,65,"Beef"
15791,65,"Beef"
15792,65,"Beef"
15793,65,"Beef"
15794,65,"Beef"
15795,65,"Beef"
15796,65,"Beef"
15797,65,"Beef"
15798,65,"Beef"
15799,65,"Beef"
15800,65,"Beef"
15803,65,"Beef"
15804,65,"Beef"
15807,65,"Beef"
15808,65,"Beef"
15810,65,"Beef"
15811,65,"Beef"
15812,65,"Beef"
15816,65,"Beef"
15817,65,"Beef"
15818,65,"Beef"
15819,65,"Beef"
15820,65,"Beef"
15565,65,"Beef"
15566,65,"Beef"
15567,65,"Beef"
15569,65,"Beef"
15825,65,"Beef"
16024,65,"Beef"
16025,65,"Beef"
16026,65,"Beef"
16027,65,"Beef"
17579,65,"Beef"
17580,65,"Beef"
17804,65,"Beef"
17805,65,"Beef"
17011,65,"Beef"
17012,65,"Beef"
15763,65,"Beef"
16741,65,"Beef"
16745,65,"Beef"
16994,65,"Beef"
17072,65,"Beef"
16818,65,"Beef"
16816,65,"Beef"
7899,65,"Beef"
15483,65,"Beef"
17064,65,"Beef"
16838,65,"Beef"
17065,65,"Beef"
17066,65,"Beef"
15499,65,"Beef"
15253,65,"Beef"
17756,65,"Beef"
13734,65,"Beef"
13735,65,"Beef"
13738,65,"Beef"
17757,65,"Beef"
17758,65,"Beef"
17759,65,"Beef"
17539,65,"Beef"
17540,65,"Beef"
17541,65,"Beef"
17542,65,"Beef"
17543,65,"Beef"
17544,65,"Beef"
17545,65,"Beef"
17546,65,"Beef"
17547,65,"Beef"
17548,65,"Beef"
17549,65,"Beef"
17550,65,"Beef"
17552,65,"Beef"
17554,65,"Beef"
13739,65,"Beef"
13740,65,"Beef"
13741,65,"Beef"
13733,65,"Beef"
13736,65,"Beef"
13737,65,"Beef"
13742,65,"Beef"
14179,65,"Beef"
13807,65,"Beef"
13809,65,"Beef"
13810,65,"Beef"
13811,65,"Beef"
13812,65,"Beef"
13826,65,"Beef"
13827,65,"Beef"
13828,65,"Beef"
13831,65,"Beef"
13533,65,"Beef"
13502,65,"Beef"
13503,65,"Beef"
13698,65,"Beef"
13699,65,"Beef"
13712,65,"Beef"
13707,65,"Beef"
13708,65,"Beef"
13709,65,"Beef"
13710,65,"Beef"
13711,65,"Beef"
13505,65,"Beef"
13506,65,"Beef"
13507,65,"Beef"
13508,65,"Beef"
13509,65,"Beef"
13720,65,"Beef"
13721,65,"Beef"
13728,65,"Beef"
13729,65,"Beef"
13730,65,"Beef"
13731,65,"Beef"
13732,65,"Beef"
13772,65,"Beef"
13779,65,"Beef"
13780,65,"Beef"
13549,65,"Beef"
14100,65,"Beef"
14104,65,"Beef"
14090,65,"Beef"
14091,65,"Beef"
14186,65,"Beef"
14187,65,"Beef"
13753,65,"Beef"
13754,65,"Beef"
13755,65,"Beef"
13756,65,"Beef"
13757,65,"Beef"
14202,65,"Beef"
14203,65,"Beef"
14204,65,"Beef"
14205,65,"Beef"
14207,65,"Beef"
14221,65,"Beef"
14222,65,"Beef"
17732,65,"Beef"
17772,65,"Beef"
17773,65,"Beef"
17775,65,"Beef"
17778,65,"Beef"
17779,65,"Beef"
17780,65,"Beef"
17781,65,"Beef"
17569,65,"Beef"
17518,65,"Beef"
17558,65,"Beef"
17776,65,"Beef"
22587,65,"Beef"
22592,65,"Beef"
22593,65,"Beef"
22596,65,"Beef"
22605,65,"Beef"
22606,65,"Beef"
22832,65,"Beef"
22833,65,"Beef"
22834,65,"Beef"
22616,65,"Beef"
22617,65,"Beef"
22619,65,"Beef"
14188,65,"Beef"
14189,65,"Beef"
17536,65,"Beef"
17735,65,"Beef"
17736,65,"Beef"
17738,65,"Beef"
17748,65,"Beef"
17749,65,"Beef"
17750,65,"Beef"
17751,65,"Beef"
17753,65,"Beef"
17754,65,"Beef"
17755,65,"Beef"
17760,65,"Beef"
13743,65,"Beef"
17765,65,"Beef"
22621,65,"Beef"
22618,65,"Beef"
22615,65,"Beef"
7857,65,"Beef"
7944,65,"Beef"
7945,65,"Beef"
7946,65,"Beef"
7359,65,"Beef"
7360,65,"Beef"
11900,65,"Beef"
12130,65,"Beef"
12133,65,"Beef"
12134,65,"Beef"
22282,65,"Beef"
22283,65,"Beef"
22546,65,"Beef"
22738,65,"Beef"
22739,65,"Beef"
22542,65,"Beef"
22701,65,"Beef"
22702,65,"Beef"
22713,65,"Beef"
22715,65,"Beef"
22716,65,"Beef"
22728,65,"Beef"
13470,65,"Beef"
13474,65,"Beef"
13475,65,"Beef"
13476,65,"Beef"
13216,65,"Beef"
13218,65,"Beef"
17812,65,"Beef"
17814,65,"Beef"
17816,65,"Beef"
12537,65,"Beef"
12538,65,"Beef"
15666,65,"Beef"
15667,65,"Beef"
15671,65,"Beef"
15679,65,"Beef"
15682,65,"Beef"
15688,65,"Beef"
15726,65,"Beef"
15729,65,"Beef"
15730,65,"Beef"
15731,65,"Beef"
15657,65,"Beef"
15653,65,"Beef"
15668,65,"Beef"
15669,65,"Beef"
15670,65,"Beef"
15673,65,"Beef"
15663,65,"Beef"
15665,65,"Beef"
15672,65,"Beef"
15654,65,"Beef"
15655,65,"Beef"
21829,65,"Beef"
22063,65,"Beef"
22069,65,"Beef"
22070,65,"Beef"
22071,65,"Beef"
22073,65,"Beef"
22074,65,"Beef"
22075,65,"Beef"
22076,65,"Beef"
22077,65,"Beef"
22078,65,"Beef"
22081,65,"Beef"
22082,65,"Beef"
21836,65,"Beef"
21837,65,"Beef"
21838,65,"Beef"
21839,65,"Beef"
21841,65,"Beef"
21842,65,"Beef"
21843,65,"Beef"
21844,65,"Beef"
15501,65,"Beef"
15502,65,"Beef"
15496,65,"Beef"
15495,65,"Beef"
15500,65,"Beef"
15250,65,"Beef"
15251,65,"Beef"
15505,65,"Beef"
15506,65,"Beef"
15507,65,"Beef"
15508,65,"Beef"
15514,65,"Beef"
15515,65,"Beef"
15519,65,"Beef"
15522,65,"Beef"
15523,65,"Beef"
22464,65,"Beef"
22465,65,"Beef"
15248,65,"Beef"
15261,65,"Beef"
15582,65,"Beef"
15585,65,"Beef"
15586,65,"Beef"
15587,65,"Beef"
15588,65,"Beef"
15599,65,"Beef"
15600,65,"Beef"
15604,65,"Beef"
15605,65,"Beef"
15606,65,"Beef"
15548,65,"Beef"
15551,65,"Beef"
15552,65,"Beef"
15553,65,"Beef"
15554,65,"Beef"
15555,65,"Beef"
15558,65,"Beef"
15560,65,"Beef"
15561,65,"Beef"
15593,65,"Beef"
15594,65,"Beef"
15597,65,"Beef"
15598,65,"Beef"
15601,65,"Beef"
15602,65,"Beef"
15603,65,"Beef"
15608,65,"Beef"
15610,65,"Beef"
15612,65,"Beef"
15614,65,"Beef"
16839,65,"Beef"
16840,65,"Beef"
16841,65,"Beef"
16842,65,"Beef"
16843,65,"Beef"
16844,65,"Beef"
16845,65,"Beef"
16846,65,"Beef"
16847,65,"Beef"
16848,65,"Beef"
16849,65,"Beef"
16850,65,"Beef"
16851,65,"Beef"
16852,65,"Beef"
16853,65,"Beef"
16854,65,"Beef"
16855,65,"Beef"
16857,65,"Beef"
15607,65,"Beef"
15609,65,"Beef"
15611,65,"Beef"
15613,65,"Beef"
15615,65,"Beef"
15617,65,"Beef"
15618,65,"Beef"
15619,65,"Beef"
15620,65,"Beef"
15621,65,"Beef"
15622,65,"Beef"
15623,65,"Beef"
15624,65,"Beef"
15625,65,"Beef"
15626,65,"Beef"
15627,65,"Beef"
15628,65,"Beef"
15629,65,"Beef"
15630,65,"Beef"
15631,65,"Beef"
15632,65,"Beef"
15633,65,"Beef"
15634,65,"Beef"
15260,65,"Beef"
15529,65,"Beef"
15590,65,"Beef"
22463,65,"Beef"
15264,65,"Beef"
15265,65,"Beef"
15266,65,"Beef"
15267,65,"Beef"
15268,65,"Beef"
15270,65,"Beef"
15275,65,"Beef"
15276,65,"Beef"
15277,65,"Beef"
15281,65,"Beef"
15530,65,"Beef"
15531,65,"Beef"
15532,65,"Beef"
15533,65,"Beef"
15534,65,"Beef"
15535,65,"Beef"
15536,65,"Beef"
15537,65,"Beef"
15538,65,"Beef"
15539,65,"Beef"
22466,65,"Beef"
15526,65,"Beef"
15488,65,"Beef"
15489,65,"Beef"
15490,65,"Beef"
15491,65,"Beef"
15521,65,"Beef"
15252,65,"Beef"
15254,65,"Beef"
15255,65,"Beef"
15256,65,"Beef"
15257,65,"Beef"
15258,65,"Beef"
15259,65,"Beef"
16804,65,"Beef"
15524,65,"Beef"
15525,65,"Beef"
15571,65,"Beef"
15575,65,"Beef"
15576,65,"Beef"
15283,65,"Beef"
15285,65,"Beef"
15286,65,"Beef"
15288,65,"Beef"
15528,65,"Beef"
15570,65,"Beef"
15563,65,"Beef"
15577,65,"Beef"
15578,65,"Beef"
15579,65,"Beef"
15581,65,"Beef"
22208,65,"Beef"
22211,65,"Beef"
22220,65,"Beef"
22221,65,"Beef"
22222,65,"Beef"
22223,65,"Beef"
22224,65,"Beef"
22230,65,"Beef"
22468,65,"Beef"
22469,65,"Beef"
22476,65,"Beef"
22477,65,"Beef"
22478,65,"Beef"
22479,65,"Beef"
22480,65,"Beef"
22481,65,"Beef"
22482,65,"Beef"
22484,65,"Beef"
22485,65,"Beef"
22487,65,"Beef"
22231,65,"Beef"
16043,65,"Beef"
16046,65,"Beef"
16797,65,"Beef"
16799,65,"Beef"
17059,65,"Beef"
15527,65,"Beef"
22471,65,"Beef"
22233,65,"Beef"
22234,65,"Beef"
22235,65,"Beef"
22236,65,"Beef"
22238,65,"Beef"
22239,65,"Beef"
22241,65,"Beef"
22518,65,"Beef"
22268,65,"Beef"
15848,65,"Beef"
22232,65,"Beef"
22256,65,"Beef"
22513,65,"Beef"
22515,65,"Beef"
15580,65,"Beef"
22227,65,"Beef"
22228,65,"Beef"
22229,65,"Beef"
22470,65,"Beef"
22473,65,"Beef"
22474,65,"Beef"
22475,65,"Beef"
22486,65,"Beef"
22472,65,"Beef"
22237,65,"Beef"
22240,65,"Beef"
22250,65,"Beef"
22251,65,"Beef"
22252,65,"Beef"
22244,65,"Beef"
22516,65,"Beef"
22262,65,"Beef"
22517,65,"Beef"
22519,65,"Beef"
22242,65,"Beef"
22243,65,"Beef"
22521,65,"Beef"
22274,65,"Beef"
22740,65,"Beef"
13700,65,"Beef"
13701,65,"Beef"
13705,65,"Beef"
14094,65,"Beef"
14099,65,"Beef"
22273,65,"Beef"
22276,65,"Beef"
22245,65,"Beef"
22246,65,"Beef"
22247,65,"Beef"
22248,65,"Beef"
22249,65,"Beef"
22253,65,"Beef"
22254,65,"Beef"
22491,65,"Beef"
22492,65,"Beef"
22493,65,"Beef"
15847,65,"Beef"
22520,65,"Beef"
22523,65,"Beef"
22703,65,"Beef"
22591,65,"Beef"
22826,65,"Beef"
22667,65,"Beef"
22494,65,"Beef"
22495,65,"Beef"
22496,65,"Beef"
22497,65,"Beef"
22498,65,"Beef"
22499,65,"Beef"
22500,65,"Beef"
22501,65,"Beef"
22502,65,"Beef"
22503,65,"Beef"
22504,65,"Beef"
22505,65,"Beef"
22506,65,"Beef"
22507,65,"Beef"
22508,65,"Beef"
22509,65,"Beef"
22257,65,"Beef"
22258,65,"Beef"
22259,65,"Beef"
22260,65,"Beef"
22261,65,"Beef"
22263,65,"Beef"
22264,65,"Beef"
22265,65,"Beef"
22266,65,"Beef"
22267,65,"Beef"
22510,65,"Beef"
22511,65,"Beef"
22512,65,"Beef"
22275,65,"Beef"
22277,65,"Beef"
22278,65,"Beef"
22525,65,"Beef"
22526,65,"Beef"
22528,65,"Beef"
22529,65,"Beef"
22530,65,"Beef"
22531,65,"Beef"
22532,65,"Beef"
22533,65,"Beef"
22534,65,"Beef"
22535,65,"Beef"
22706,65,"Beef"
22708,65,"Beef"
15511,65,"Beef"
15512,65,"Beef"
22707,65,"Beef"
22467,65,"Beef"
22210,65,"Beef"
15513,65,"Beef"
15761,65,"Beef"
15828,65,"Beef"
15756,65,"Beef"
15746,65,"Beef"
15747,65,"Beef"
15748,65,"Beef"
15749,65,"Beef"
15750,65,"Beef"
15751,65,"Beef"
15752,65,"Beef"
16018,65,"Beef"
16019,65,"Beef"
16020,65,"Beef"
15743,65,"Beef"
16742,65,"Beef"
16015,65,"Beef"
16016,65,"Beef"
16017,65,"Beef"
15742,65,"Beef"
16013,65,"Beef"
17811,65,"Beef"
15714,65,"Beef"
15717,65,"Beef"
15718,65,"Beef"
15719,65,"Beef"
15721,65,"Beef"
15722,65,"Beef"
15723,65,"Beef"
15724,65,"Beef"
15727,65,"Beef"
15728,65,"Beef"
17591,65,"Beef"
17817,65,"Beef"
12540,65,"Beef"
22032,65,"Beef"
22034,65,"Beef"
22035,65,"Beef"
22038,65,"Beef"
22041,65,"Beef"
22054,65,"Beef"
21847,65,"Beef"
21848,65,"Beef"
22018,65,"Beef"
22042,65,"Beef"
27463,65,"Beef"
21786,65,"Beef"
21787,65,"Beef"
22058,65,"Beef"
22061,65,"Beef"
21808,65,"Beef"
21809,65,"Beef"
21810,65,"Beef"
21813,65,"Beef"
21814,65,"Beef"
21815,65,"Beef"
21816,65,"Beef"
21817,65,"Beef"
21818,65,"Beef"
21819,65,"Beef"
21820,65,"Beef"
21821,65,"Beef"
21822,65,"Beef"
21823,65,"Beef"
21824,65,"Beef"
21825,65,"Beef"
21826,65,"Beef"
21827,65,"Beef"
21828,65,"Beef"
22064,65,"Beef"
22065,65,"Beef"
22066,65,"Beef"
22067,65,"Beef"
22068,65,"Beef"
22084,65,"Beef"
22085,65,"Beef"
22086,65,"Beef"
22087,65,"Beef"
22088,65,"Beef"
21830,65,"Beef"
21831,65,"Beef"
21832,65,"Beef"
21833,65,"Beef"
21812,65,"Beef"
12504,65,"Beef"
21798,65,"Beef"
22040,65,"Beef"
22043,65,"Beef"
22044,65,"Beef"
22045,65,"Beef"
17784,65,"Beef"
17820,65,"Beef"
21834,65,"Beef"
21835,65,"Beef"
22031,65,"Beef"
22033,65,"Beef"
22036,65,"Beef"
22037,65,"Beef"
22039,65,"Beef"
21846,65,"Beef"
21850,65,"Beef"
21851,65,"Beef"
21852,65,"Beef"
21853,65,"Beef"
21854,65,"Beef"
22089,65,"Beef"
22090,65,"Beef"
22092,65,"Beef"
22093,65,"Beef"
22094,65,"Beef"
22096,65,"Beef"
22097,65,"Beef"
22098,65,"Beef"
15658,65,"Beef"
15659,65,"Beef"
15660,65,"Beef"
15662,65,"Beef"
24856,65,"Beef"
24885,65,"Beef"
24847,65,"Beef"
24855,65,"Beef"
24854,65,"Beef"
24857,65,"Beef"
24858,65,"Beef"
24860,65,"Beef"
24862,65,"Beef"
24863,65,"Beef"
24864,65,"Beef"
23817,65,"Beef"
24867,65,"Beef"
24669,65,"Beef"
24670,65,"Beef"
24672,65,"Beef"
24886,65,"Beef"
24887,65,"Beef"
24888,65,"Beef"
24889,65,"Beef"
24668,65,"Beef"
21998,65,"Beef"
21999,65,"Beef"
22000,65,"Beef"
22002,65,"Beef"
23815,65,"Beef"
23816,65,"Beef"
23616,65,"Beef"
22003,65,"Beef"
22006,65,"Beef"
22012,65,"Beef"
22014,65,"Beef"
22015,65,"Beef"
22016,65,"Beef"
22017,65,"Beef"
21805,65,"Beef"
21806,65,"Beef"
23828,65,"Beef"
23829,65,"Beef"
23830,65,"Beef"
23831,65,"Beef"
23832,65,"Beef"
23833,65,"Beef"
23834,65,"Beef"
23835,65,"Beef"
23836,65,"Beef"
23837,65,"Beef"
23848,65,"Beef"
23849,65,"Beef"
23850,65,"Beef"
23851,65,"Beef"
23852,65,"Beef"
23853,65,"Beef"
23605,65,"Beef"
23606,65,"Beef"
23607,65,"Beef"
23609,65,"Beef"
23610,65,"Beef"
23611,65,"Beef"
23612,65,"Beef"
23613,65,"Beef"
23614,65,"Beef"
23615,65,"Beef"
23618,65,"Beef"
23619,65,"Beef"
23862,65,"Beef"
23863,65,"Beef"
23864,65,"Beef"
23865,65,"Beef"
23866,65,"Beef"
23867,65,"Beef"
23868,65,"Beef"
23872,65,"Beef"
23873,65,"Beef"
23874,65,"Beef"
23875,65,"Beef"
23876,65,"Beef"
23877,65,"Beef"
23878,65,"Beef"
23879,65,"Beef"
23880,65,"Beef"
23881,65,"Beef"
23883,65,"Beef"
23621,65,"Beef"
23622,65,"Beef"
23623,65,"Beef"
23624,65,"Beef"
23625,65,"Beef"
23627,65,"Beef"
23629,65,"Beef"
23632,65,"Beef"
23633,65,"Beef"
23648,65,"Beef"
23884,65,"Beef"
12490,65,"Beef"
12491,65,"Beef"
12497,65,"Beef"
12514,65,"Beef"
12515,65,"Beef"
12517,65,"Beef"
12508,65,"Beef"
17586,65,"Beef"
15711,65,"Beef"
15732,65,"Beef"
15734,65,"Beef"
15697,65,"Beef"
15704,65,"Beef"
15705,65,"Beef"
15712,65,"Beef"
15683,65,"Beef"
15715,65,"Beef"
15716,65,"Beef"
15725,65,"Beef"
15569,81,"Fruit"
15824,81,"Fruit"
16797,81,"Fruit"
16800,81,"Fruit"
15653,81,"Fruit"
15656,81,"Fruit"
15655,81,"Fruit"
15654,81,"Fruit"
22108,81,"Fruit"
22109,81,"Fruit"
22110,81,"Fruit"
21856,81,"Fruit"
21857,81,"Fruit"
21861,81,"Fruit"
27464,81,"Fruit"
27471,81,"Fruit"
27681,81,"Fruit"
27685,81,"Fruit"
27460,81,"Fruit"
27462,81,"Fruit"
27470,81,"Fruit"
21828,81,"Fruit"
22102,81,"Fruit"
27686,81,"Fruit"
27687,81,"Fruit"
27690,81,"Fruit"
27714,81,"Fruit"
27717,81,"Fruit"
27719,81,"Fruit"
27729,81,"Fruit"
27731,81,"Fruit"
27735,81,"Fruit"
27736,81,"Fruit"
27502,81,"Fruit"
27503,81,"Fruit"
27538,81,"Fruit"
27539,81,"Fruit"
27543,81,"Fruit"
27544,81,"Fruit"
27545,81,"Fruit"
27785,81,"Fruit"
27786,81,"Fruit"
27787,81,"Fruit"
27788,81,"Fruit"
27789,81,"Fruit"
27793,81,"Fruit"
28907,81,"Fruit"
28653,81,"Fruit"
27683,81,"Fruit"
27688,81,"Fruit"
27689,81,"Fruit"
27697,81,"Fruit"
27698,81,"Fruit"
27699,81,"Fruit"
27700,81,"Fruit"
27705,81,"Fruit"
27707,81,"Fruit"
27708,81,"Fruit"
27472,81,"Fruit"
27473,81,"Fruit"
27475,81,"Fruit"
27477,81,"Fruit"
27482,81,"Fruit"
27483,81,"Fruit"
27486,81,"Fruit"
27487,81,"Fruit"
27488,81,"Fruit"
27510,81,"Fruit"
27511,81,"Fruit"
27513,81,"Fruit"
27532,81,"Fruit"
27737,81,"Fruit"
27740,81,"Fruit"
27741,81,"Fruit"
27742,81,"Fruit"
27743,81,"Fruit"
27744,81,"Fruit"
27745,81,"Fruit"
27746,81,"Fruit"
27747,81,"Fruit"
27748,81,"Fruit"
27749,81,"Fruit"
27750,81,"Fruit"
27752,81,"Fruit"
27753,81,"Fruit"
27754,81,"Fruit"
27765,81,"Fruit"
27766,81,"Fruit"
27767,81,"Fruit"
27769,81,"Fruit"
27770,81,"Fruit"
27771,81,"Fruit"
27772,81,"Fruit"
27463,81,"Fruit"
27465,81,"Fruit"
27467,81,"Fruit"
27468,81,"Fruit"
27691,81,"Fruit"
27693,81,"Fruit"
27694,81,"Fruit"
27703,81,"Fruit"
27692,81,"Fruit"
27701,81,"Fruit"
27702,81,"Fruit"
21781,81,"Fruit"
27478,81,"Fruit"
27479,81,"Fruit"
27481,81,"Fruit"
27484,81,"Fruit"
27523,81,"Fruit"
27525,81,"Fruit"
27526,81,"Fruit"
27527,81,"Fruit"
27528,81,"Fruit"
27529,81,"Fruit"
27530,81,"Fruit"
27531,81,"Fruit"
27728,81,"Fruit"
27727,81,"Fruit"
27507,81,"Fruit"
27781,81,"Fruit"
27508,81,"Fruit"
27755,81,"Fruit"
27548,81,"Fruit"
27761,81,"Fruit"
27549,81,"Fruit"
12036,81,"Fruit"
12037,81,"Fruit"
12038,81,"Fruit"
12039,81,"Fruit"
12319,81,"Fruit"
12321,81,"Fruit"
12322,81,"Fruit"
12323,81,"Fruit"
12568,81,"Fruit"
12369,81,"Fruit"
12320,81,"Fruit"
12379,81,"Fruit"
12380,81,"Fruit"
12588,81,"Fruit"
12589,81,"Fruit"
12590,81,"Fruit"
12591,81,"Fruit"
12594,81,"Fruit"
12406,81,"Fruit"
12374,81,"Fruit"
12418,81,"Fruit"
12397,81,"Fruit"
12399,81,"Fruit"
12401,81,"Fruit"
12407,81,"Fruit"
12408,81,"Fruit"
12607,81,"Fruit"
12328,81,"Fruit"
24628,81,"Fruit"
12569,81,"Fruit"
12570,81,"Fruit"
12572,81,"Fruit"
12573,81,"Fruit"
12574,81,"Fruit"
12575,81,"Fruit"
12576,81,"Fruit"
12577,81,"Fruit"
12578,81,"Fruit"
12579,81,"Fruit"
12580,81,"Fruit"
12581,81,"Fruit"
12582,81,"Fruit"
12583,81,"Fruit"
12584,81,"Fruit"
12585,81,"Fruit"
12586,81,"Fruit"
12587,81,"Fruit"
12592,81,"Fruit"
12593,81,"Fruit"
12595,81,"Fruit"
12599,81,"Fruit"
24851,81,"Fruit"
12529,81,"Fruit"
12530,81,"Fruit"
12040,81,"Fruit"
12041,81,"Fruit"
12042,81,"Fruit"
12043,81,"Fruit"
12044,81,"Fruit"
12045,81,"Fruit"
12047,81,"Fruit"
12048,81,"Fruit"
12317,81,"Fruit"
12528,81,"Fruit"
12531,81,"Fruit"
12533,81,"Fruit"
12534,81,"Fruit"
12535,81,"Fruit"
17565,81,"Fruit"
12490,81,"Fruit"
12514,81,"Fruit"
12515,81,"Fruit"
12517,81,"Fruit"
27695,81,"Fruit"
27696,81,"Fruit"
21782,81,"Fruit"
27715,81,"Fruit"
27716,81,"Fruit"
27718,81,"Fruit"
27504,81,"Fruit"
27506,81,"Fruit"
27547,81,"Fruit"
27782,81,"Fruit"
27509,81,"Fruit"
27514,81,"Fruit"
27739,81,"Fruit"
27757,81,"Fruit"
27758,81,"Fruit"
27480,81,"Fruit"
27516,81,"Fruit"
27517,81,"Fruit"
27518,81,"Fruit"
27519,81,"Fruit"
27520,81,"Fruit"
27521,81,"Fruit"
27522,81,"Fruit"
27524,81,"Fruit"
17727,81,"Fruit"
17729,81,"Fruit"
17730,81,"Fruit"
17770,81,"Fruit"
17566,81,"Fruit"
17568,81,"Fruit"
17726,81,"Fruit"
17728,81,"Fruit"
17537,81,"Fruit"
17538,81,"Fruit"
17733,81,"Fruit"
17734,81,"Fruit"
17567,81,"Fruit"
17725,81,"Fruit"
17782,81,"Fruit"
17784,81,"Fruit"
17785,81,"Fruit"
17787,81,"Fruit"
17791,81,"Fruit"
17792,81,"Fruit"
17810,81,"Fruit"
13519,81,"Fruit"
13719,81,"Fruit"
13720,81,"Fruit"
13721,81,"Fruit"
13732,81,"Fruit"
13707,81,"Fruit"
13708,81,"Fruit"
13710,81,"Fruit"
13714,81,"Fruit"
13731,81,"Fruit"
17739,81,"Fruit"
17740,81,"Fruit"
14179,81,"Fruit"
14189,81,"Fruit"
13807,81,"Fruit"
13809,81,"Fruit"
13826,81,"Fruit"
13828,81,"Fruit"
13831,81,"Fruit"
13753,81,"Fruit"
13759,81,"Fruit"
14222,81,"Fruit"
14226,81,"Fruit"
17524,81,"Fruit"
17526,81,"Fruit"
17527,81,"Fruit"
17536,81,"Fruit"
17735,81,"Fruit"
17736,81,"Fruit"
17737,81,"Fruit"
17738,81,"Fruit"
17745,81,"Fruit"
17761,81,"Fruit"
17748,81,"Fruit"
17749,81,"Fruit"
17750,81,"Fruit"
17760,81,"Fruit"
15559,81,"Fruit"
15561,81,"Fruit"
15601,81,"Fruit"
15554,81,"Fruit"
15603,81,"Fruit"
15604,81,"Fruit"
15605,81,"Fruit"
15606,81,"Fruit"
15612,81,"Fruit"
15613,81,"Fruit"
15602,81,"Fruit"
16798,81,"Fruit"
22255,81,"Fruit"
22262,81,"Fruit"
22514,81,"Fruit"
22269,81,"Fruit"
22270,81,"Fruit"
22271,81,"Fruit"
22272,81,"Fruit"
23818,81,"Fruit"
23819,81,"Fruit"
23820,81,"Fruit"
23821,81,"Fruit"
23822,81,"Fruit"
23823,81,"Fruit"
23824,81,"Fruit"
23825,81,"Fruit"
23635,81,"Fruit"
23636,81,"Fruit"
24854,81,"Fruit"
24857,81,"Fruit"
24860,81,"Fruit"
24862,81,"Fruit"
24863,81,"Fruit"
24864,81,"Fruit"
24865,81,"Fruit"
24866,81,"Fruit"
24867,81,"Fruit"
24868,81,"Fruit"
24869,81,"Fruit"
24870,81,"Fruit"
24871,81,"Fruit"
24878,81,"Fruit"
24879,81,"Fruit"
24880,81,"Fruit"
24881,81,"Fruit"
24882,81,"Fruit"
24883,81,"Fruit"
24884,81,"Fruit"
24670,81,"Fruit"
24671,81,"Fruit"
24672,81,"Fruit"
21783,81,"Fruit"
21786,81,"Fruit"
21787,81,"Fruit"
21996,81,"Fruit"
21997,81,"Fruit"
21998,81,"Fruit"
21999,81,"Fruit"
22000,81,"Fruit"
22001,81,"Fruit"
22002,81,"Fruit"
22053,81,"Fruit"
22055,81,"Fruit"
22056,81,"Fruit"
22057,81,"Fruit"
22058,81,"Fruit"
21816,81,"Fruit"
23826,81,"Fruit"
23859,81,"Fruit"
27469,81,"Fruit"
21784,81,"Fruit"
21785,81,"Fruit"
22059,81,"Fruit"
22060,81,"Fruit"
12489,81,"Fruit"
12495,81,"Fruit"
12496,81,"Fruit"
12498,81,"Fruit"
12506,81,"Fruit"
12507,81,"Fruit"
12516,81,"Fruit"
12518,81,"Fruit"
23838,81,"Fruit"
23839,81,"Fruit"
23841,81,"Fruit"
23842,81,"Fruit"
23843,81,"Fruit"
23630,81,"Fruit"
22019,81,"Fruit"
21788,81,"Fruit"
21789,81,"Fruit"
21792,81,"Fruit"
21793,81,"Fruit"
21794,81,"Fruit"
21795,81,"Fruit"
21796,81,"Fruit"
21797,81,"Fruit"
21798,81,"Fruit"
21799,81,"Fruit"
21800,81,"Fruit"
21801,81,"Fruit"
21802,81,"Fruit"
21803,81,"Fruit"
21804,81,"Fruit"
22020,81,"Fruit"
22021,81,"Fruit"
22022,81,"Fruit"
22023,81,"Fruit"
22035,81,"Fruit"
22036,81,"Fruit"
22037,81,"Fruit"
22038,81,"Fruit"
22039,81,"Fruit"
22040,81,"Fruit"
22041,81,"Fruit"
22042,81,"Fruit"
22044,81,"Fruit"
22045,81,"Fruit"
22048,81,"Fruit"
24673,81,"Fruit"
21812,81,"Fruit"
21813,81,"Fruit"
22033,81,"Fruit"
21850,81,"Fruit"
21854,81,"Fruit"
24885,81,"Fruit"
24887,81,"Fruit"
24668,81,"Fruit"
24669,81,"Fruit"
23815,81,"Fruit"
23816,81,"Fruit"
23817,81,"Fruit"
23827,81,"Fruit"
23860,81,"Fruit"
23861,81,"Fruit"
23634,81,"Fruit"
12334,81,"Fruit"
12335,81,"Fruit"
12519,81,"Fruit"
12520,81,"Fruit"
12333,81,"Fruit"
12521,81,"Fruit"
12558,81,"Fruit"
12336,81,"Fruit"
12338,81,"Fruit"
17811,81,"Fruit"
17821,81,"Fruit"
22052,81,"Fruit"
22004,81,"Fruit"
22005,81,"Fruit"
22006,81,"Fruit"
22007,81,"Fruit"
22008,81,"Fruit"
22009,81,"Fruit"
22010,81,"Fruit"
22011,81,"Fruit"
22013,81,"Fruit"
22014,81,"Fruit"
22015,81,"Fruit"
23862,81,"Fruit"
23863,81,"Fruit"
23864,81,"Fruit"
23865,81,"Fruit"
23866,81,"Fruit"
23868,81,"Fruit"
23628,81,"Fruit"
24853,81,"Fruit"
24889,81,"Fruit"
23615,81,"Fruit"
23616,81,"Fruit"
23617,81,"Fruit"
28890,70,"Veges"
28897,70,"Veges"
28898,70,"Veges"
28899,70,"Veges"
28900,70,"Veges"
28901,70,"Veges"
28667,70,"Veges"
28668,70,"Veges"
28670,70,"Veges"
28646,70,"Veges"
28648,70,"Veges"
28649,70,"Veges"
28650,70,"Veges"
28654,70,"Veges"
28656,70,"Veges"
28657,70,"Veges"
28658,70,"Veges"
28659,70,"Veges"
28867,70,"Veges"
28868,70,"Veges"
28869,70,"Veges"
28643,70,"Veges"
28645,70,"Veges"
28651,70,"Veges"
28652,70,"Veges"
27539,67,"Veges"
27540,67,"Veges"
27541,67,"Veges"
27542,67,"Veges"
27786,67,"Veges"
27787,67,"Veges"
27788,67,"Veges"
28907,67,"Veges"
28653,67,"Veges"
27790,67,"Veges"
27791,67,"Veges"
27792,67,"Veges"
27539,76,"Veges"
27540,76,"Veges"
27541,76,"Veges"
27542,76,"Veges"
27786,76,"Veges"
27787,76,"Veges"
27788,76,"Veges"
28907,76,"Veges"
28653,76,"Veges"
27790,76,"Veges"
27791,76,"Veges"
27792,76,"Veges"
27539,68,"Veges"
27540,68,"Veges"
27541,68,"Veges"
27542,68,"Veges"
27786,68,"Veges"
27787,68,"Veges"
27788,68,"Veges"
28907,68,"Veges"
28653,68,"Veges"
27790,68,"Veges"
27791,68,"Veges"
27792,68,"Veges"
