"gate_source","gate_target","produce"
99,74,"Forestry"
103,74,"Forestry"
104,74,"Forestry"
15481,74,"Forestry"
111,74,"Forestry"
112,74,"Forestry"
124,74,"Forestry"
16753,74,"Forestry"
128,74,"Forestry"
131,74,"Forestry"
136,74,"Forestry"
132,74,"Forestry"
144,74,"Forestry"
220,74,"Forestry"
222,74,"Forestry"
218,74,"Forestry"
219,74,"Forestry"
196,74,"Forestry"
206,74,"Forestry"
210,74,"Forestry"
109,74,"Forestry"
127,74,"Forestry"
120,74,"Forestry"
140,74,"Forestry"
143,74,"Forestry"
208,74,"Forestry"
209,74,"Forestry"
223,74,"Forestry"
216,74,"Forestry"
214,74,"Forestry"
215,74,"Forestry"
177,74,"Forestry"
178,74,"Forestry"
179,74,"Forestry"
180,74,"Forestry"
186,74,"Forestry"
188,74,"Forestry"
205,74,"Forestry"
207,74,"Forestry"
181,74,"Forestry"
185,74,"Forestry"
184,74,"Forestry"
161,74,"Forestry"
170,74,"Forestry"
171,74,"Forestry"
166,74,"Forestry"
187,74,"Forestry"
160,74,"Forestry"
165,74,"Forestry"
159,74,"Forestry"
162,74,"Forestry"
163,74,"Forestry"
182,74,"Forestry"
190,74,"Forestry"
193,74,"Forestry"
200,74,"Forestry"
6984,74,"Forestry"
195,74,"Forestry"
164,74,"Forestry"
167,74,"Forestry"
201,74,"Forestry"
230,74,"Forestry"
234,74,"Forestry"
231,74,"Forestry"
14857,74,"Forestry"
237,74,"Forestry"
236,74,"Forestry"
189,74,"Forestry"
204,74,"Forestry"
228,74,"Forestry"
233,74,"Forestry"
238,74,"Forestry"
129,74,"Forestry"
130,74,"Forestry"
133,74,"Forestry"
134,74,"Forestry"
135,74,"Forestry"
191,74,"Forestry"
194,74,"Forestry"
229,74,"Forestry"
227,74,"Forestry"
235,74,"Forestry"
221,74,"Forestry"
155,74,"Forestry"
202,74,"Forestry"
203,74,"Forestry"
137,74,"Forestry"
145,74,"Forestry"
147,74,"Forestry"
148,74,"Forestry"
149,74,"Forestry"
151,74,"Forestry"
152,74,"Forestry"
154,74,"Forestry"
156,74,"Forestry"
4414,74,"Forestry"
4417,74,"Forestry"
3021,74,"Forestry"
3022,74,"Forestry"
3023,74,"Forestry"
3051,74,"Forestry"
4406,74,"Forestry"
3052,74,"Forestry"
3013,74,"Forestry"
2976,74,"Forestry"
2965,74,"Forestry"
2966,74,"Forestry"
2967,74,"Forestry"
2978,74,"Forestry"
2963,74,"Forestry"
2974,74,"Forestry"
7897,74,"Forestry"
7905,74,"Forestry"
7898,74,"Forestry"
7290,74,"Forestry"
7899,74,"Forestry"
7291,74,"Forestry"
7292,74,"Forestry"
7287,74,"Forestry"
7896,74,"Forestry"
7289,74,"Forestry"
15501,74,"Forestry"
2975,74,"Forestry"
7288,74,"Forestry"
7877,74,"Forestry"
7296,74,"Forestry"
7916,74,"Forestry"
7856,74,"Forestry"
7858,74,"Forestry"
7860,74,"Forestry"
7890,74,"Forestry"
7892,74,"Forestry"
7884,74,"Forestry"
7282,74,"Forestry"
7284,74,"Forestry"
7285,74,"Forestry"
7286,74,"Forestry"
7894,74,"Forestry"
7855,74,"Forestry"
7895,74,"Forestry"
15998,74,"Forestry"
7886,74,"Forestry"
7276,74,"Forestry"
7277,74,"Forestry"
7871,74,"Forestry"
7261,74,"Forestry"
7263,74,"Forestry"
7264,74,"Forestry"
7297,74,"Forestry"
7298,74,"Forestry"
7299,74,"Forestry"
7300,74,"Forestry"
7912,74,"Forestry"
7265,74,"Forestry"
7876,74,"Forestry"
7262,74,"Forestry"
7861,74,"Forestry"
7873,74,"Forestry"
22835,74,"Forestry"
7857,74,"Forestry"
11621,74,"Forestry"
11900,74,"Forestry"
7866,74,"Forestry"
7868,74,"Forestry"
7870,74,"Forestry"
7872,74,"Forestry"
7260,74,"Forestry"
7267,74,"Forestry"
7268,74,"Forestry"
7302,74,"Forestry"
7272,74,"Forestry"
7269,74,"Forestry"
7869,74,"Forestry"
7950,74,"Forestry"
7951,74,"Forestry"
12129,74,"Forestry"
12139,74,"Forestry"
11906,74,"Forestry"
11909,74,"Forestry"
15502,74,"Forestry"
15248,74,"Forestry"
15250,74,"Forestry"
15251,74,"Forestry"
16000,74,"Forestry"
15999,74,"Forestry"
22538,74,"Forestry"
15518,74,"Forestry"
16006,74,"Forestry"
15846,74,"Forestry"
15509,74,"Forestry"
16011,74,"Forestry"
7875,74,"Forestry"
7885,74,"Forestry"
150,74,"Forestry"
15845,74,"Forestry"
15847,74,"Forestry"
22472,74,"Forestry"
22253,74,"Forestry"
22254,74,"Forestry"
22492,74,"Forestry"
15510,74,"Forestry"
15511,74,"Forestry"
15515,74,"Forestry"
15516,74,"Forestry"
15517,74,"Forestry"
15514,74,"Forestry"
22836,74,"Forestry"
22811,74,"Forestry"
22840,74,"Forestry"
22620,74,"Forestry"
22789,74,"Forestry"
22580,74,"Forestry"
22575,74,"Forestry"
22814,74,"Forestry"
22868,74,"Forestry"
22869,74,"Forestry"
22837,74,"Forestry"
22838,74,"Forestry"
11873,74,"Forestry"
22839,74,"Forestry"
22849,74,"Forestry"
22593,74,"Forestry"
22594,74,"Forestry"
22595,74,"Forestry"
22596,74,"Forestry"
22607,74,"Forestry"
22831,74,"Forestry"
22598,74,"Forestry"
107,74,"Forestry"
15232,74,"Forestry"
15482,74,"Forestry"
15573,74,"Forestry"
16836,74,"Forestry"
7273,74,"Forestry"
7922,74,"Forestry"
7923,74,"Forestry"
7927,74,"Forestry"
7929,74,"Forestry"
7926,74,"Forestry"
7328,74,"Forestry"
2818,74,"Forestry"
2810,74,"Forestry"
2814,74,"Forestry"
2838,74,"Forestry"
7330,74,"Forestry"
2811,74,"Forestry"
7918,74,"Forestry"
7920,74,"Forestry"
7324,74,"Forestry"
7910,74,"Forestry"
7301,74,"Forestry"
7305,74,"Forestry"
7275,74,"Forestry"
7891,74,"Forestry"
3134,74,"Forestry"
3139,74,"Forestry"
3115,74,"Forestry"
3186,74,"Forestry"
3114,74,"Forestry"
3187,74,"Forestry"
3251,74,"Forestry"
3085,74,"Forestry"
3087,74,"Forestry"
3089,74,"Forestry"
3101,74,"Forestry"
3102,74,"Forestry"
3103,74,"Forestry"
3113,74,"Forestry"
3116,74,"Forestry"
3117,74,"Forestry"
3118,74,"Forestry"
3119,74,"Forestry"
16834,74,"Forestry"
16835,74,"Forestry"
3120,74,"Forestry"
3121,74,"Forestry"
3138,74,"Forestry"
3140,74,"Forestry"
3141,74,"Forestry"
3142,74,"Forestry"
3143,74,"Forestry"
3144,74,"Forestry"
3145,74,"Forestry"
3152,74,"Forestry"
3153,74,"Forestry"
3154,74,"Forestry"
3155,74,"Forestry"
3162,74,"Forestry"
3163,74,"Forestry"
3164,74,"Forestry"
3165,74,"Forestry"
3166,74,"Forestry"
3167,74,"Forestry"
3168,74,"Forestry"
3169,74,"Forestry"
3170,74,"Forestry"
3171,74,"Forestry"
3172,74,"Forestry"
3173,74,"Forestry"
3174,74,"Forestry"
3175,74,"Forestry"
3176,74,"Forestry"
3177,74,"Forestry"
3178,74,"Forestry"
3179,74,"Forestry"
3180,74,"Forestry"
3181,74,"Forestry"
3182,74,"Forestry"
3183,74,"Forestry"
3184,74,"Forestry"
3185,74,"Forestry"
3188,74,"Forestry"
3189,74,"Forestry"
3190,74,"Forestry"
3191,74,"Forestry"
3192,74,"Forestry"
3193,74,"Forestry"
3194,74,"Forestry"
3195,74,"Forestry"
3196,74,"Forestry"
3197,74,"Forestry"
3198,74,"Forestry"
3199,74,"Forestry"
3200,74,"Forestry"
3201,74,"Forestry"
3205,74,"Forestry"
3252,74,"Forestry"
3203,74,"Forestry"
3204,74,"Forestry"
3161,74,"Forestry"
2360,74,"Forestry"
7304,74,"Forestry"
7919,74,"Forestry"
7930,74,"Forestry"
3151,74,"Forestry"
3158,74,"Forestry"
3159,74,"Forestry"
3160,74,"Forestry"
3248,74,"Forestry"
3250,74,"Forestry"
3260,74,"Forestry"
4210,74,"Forestry"
4339,74,"Forestry"
2826,74,"Forestry"
2907,74,"Forestry"
2836,74,"Forestry"
2813,74,"Forestry"
3009,74,"Forestry"
3026,74,"Forestry"
2834,74,"Forestry"
3025,74,"Forestry"
3032,74,"Forestry"
2840,74,"Forestry"
2842,74,"Forestry"
2843,74,"Forestry"
2844,74,"Forestry"
2854,74,"Forestry"
2855,74,"Forestry"
2827,74,"Forestry"
4634,74,"Forestry"
4393,74,"Forestry"
4394,74,"Forestry"
3015,74,"Forestry"
3018,74,"Forestry"
3019,74,"Forestry"
4386,74,"Forestry"
3020,74,"Forestry"
4392,74,"Forestry"
4632,74,"Forestry"
4633,74,"Forestry"
3011,74,"Forestry"
3012,74,"Forestry"
4379,74,"Forestry"
3014,74,"Forestry"
3017,74,"Forestry"
4380,74,"Forestry"
4381,74,"Forestry"
4383,74,"Forestry"
4385,74,"Forestry"
4388,74,"Forestry"
4382,74,"Forestry"
4384,74,"Forestry"
4387,74,"Forestry"
4390,74,"Forestry"
2837,74,"Forestry"
2867,74,"Forestry"
3100,74,"Forestry"
3097,74,"Forestry"
4637,74,"Forestry"
4636,74,"Forestry"
4657,74,"Forestry"
27053,74,"Forestry"
3079,74,"Forestry"
7294,74,"Forestry"
7909,74,"Forestry"
14325,74,"Forestry"
7902,74,"Forestry"
2588,74,"Forestry"
2590,74,"Forestry"
91,74,"Forestry"
15237,74,"Forestry"
13429,74,"Forestry"
13498,74,"Forestry"
14326,74,"Forestry"
13431,74,"Forestry"
13697,74,"Forestry"
13497,74,"Forestry"
6755,74,"Forestry"
6766,74,"Forestry"
6989,74,"Forestry"
6992,74,"Forestry"
7005,74,"Forestry"
6792,74,"Forestry"
17027,74,"Forestry"
7026,74,"Forestry"
6524,74,"Forestry"
6754,74,"Forestry"
6758,74,"Forestry"
7079,74,"Forestry"
7080,74,"Forestry"
6807,74,"Forestry"
7036,74,"Forestry"
6823,74,"Forestry"
7032,74,"Forestry"
7034,74,"Forestry"
7002,74,"Forestry"
7003,74,"Forestry"
7004,74,"Forestry"
7001,74,"Forestry"
7060,74,"Forestry"
7061,74,"Forestry"
6996,74,"Forestry"
6997,74,"Forestry"
7027,74,"Forestry"
7025,74,"Forestry"
16740,74,"Forestry"
16746,74,"Forestry"
16749,74,"Forestry"
16750,74,"Forestry"
17022,74,"Forestry"
17023,74,"Forestry"
17024,74,"Forestry"
17025,74,"Forestry"
17026,74,"Forestry"
7031,74,"Forestry"
7035,74,"Forestry"
7053,74,"Forestry"
17012,74,"Forestry"
16748,74,"Forestry"
15765,74,"Forestry"
15764,74,"Forestry"
6817,74,"Forestry"
7045,74,"Forestry"
6821,74,"Forestry"
7038,74,"Forestry"
7044,74,"Forestry"
6814,74,"Forestry"
7039,74,"Forestry"
7041,74,"Forestry"
7043,74,"Forestry"
7042,74,"Forestry"
17013,74,"Forestry"
17014,74,"Forestry"
7033,74,"Forestry"
6808,74,"Forestry"
6809,74,"Forestry"
6810,74,"Forestry"
6811,74,"Forestry"
6812,74,"Forestry"
6813,74,"Forestry"
7046,74,"Forestry"
11809,74,"Forestry"
2883,74,"Forestry"
2877,74,"Forestry"
2903,74,"Forestry"
2879,74,"Forestry"
2880,74,"Forestry"
2901,74,"Forestry"
7037,74,"Forestry"
6816,74,"Forestry"
6820,74,"Forestry"
7040,74,"Forestry"
7052,74,"Forestry"
6827,74,"Forestry"
6828,74,"Forestry"
6830,74,"Forestry"
6838,74,"Forestry"
3060,74,"Forestry"
3075,74,"Forestry"
3067,74,"Forestry"
2885,74,"Forestry"
2886,74,"Forestry"
2898,74,"Forestry"
3062,74,"Forestry"
3059,74,"Forestry"
3061,74,"Forestry"
3066,74,"Forestry"
2887,74,"Forestry"
2891,74,"Forestry"
2889,74,"Forestry"
2871,74,"Forestry"
2893,74,"Forestry"
3289,74,"Forestry"
3290,74,"Forestry"
3074,74,"Forestry"
2888,74,"Forestry"
2892,74,"Forestry"
3291,74,"Forestry"
2909,74,"Forestry"
2911,74,"Forestry"
2953,74,"Forestry"
2938,74,"Forestry"
3278,74,"Forestry"
2908,74,"Forestry"
2910,74,"Forestry"
2915,74,"Forestry"
2912,74,"Forestry"
2358,74,"Forestry"
2942,74,"Forestry"
3232,74,"Forestry"
3233,74,"Forestry"
3235,74,"Forestry"
3272,74,"Forestry"
3277,74,"Forestry"
3254,74,"Forestry"
3239,74,"Forestry"
3244,74,"Forestry"
3259,74,"Forestry"
3247,74,"Forestry"
3245,74,"Forestry"
3262,74,"Forestry"
2357,74,"Forestry"
2951,74,"Forestry"
2952,74,"Forestry"
2954,74,"Forestry"
2970,74,"Forestry"
2971,74,"Forestry"
2899,74,"Forestry"
2917,74,"Forestry"
3256,74,"Forestry"
3269,74,"Forestry"
3263,74,"Forestry"
6791,74,"Forestry"
6978,74,"Forestry"
6983,74,"Forestry"
14856,74,"Forestry"
11622,74,"Forestry"
11630,74,"Forestry"
12074,74,"Forestry"
11888,74,"Forestry"
12073,74,"Forestry"
12076,74,"Forestry"
11902,74,"Forestry"
7867,74,"Forestry"
7363,74,"Forestry"
12082,74,"Forestry"
12083,74,"Forestry"
12077,74,"Forestry"
12078,74,"Forestry"
12085,74,"Forestry"
12089,74,"Forestry"
12110,74,"Forestry"
12079,74,"Forestry"
12084,74,"Forestry"
12086,74,"Forestry"
12087,74,"Forestry"
12075,74,"Forestry"
12090,74,"Forestry"
11847,74,"Forestry"
11848,74,"Forestry"
12108,74,"Forestry"
11891,74,"Forestry"
12109,74,"Forestry"
12111,74,"Forestry"
12112,74,"Forestry"
12113,74,"Forestry"
12115,74,"Forestry"
12116,74,"Forestry"
27351,74,"Forestry"
27352,74,"Forestry"
27353,74,"Forestry"
27355,74,"Forestry"
27111,74,"Forestry"
27098,74,"Forestry"
27327,74,"Forestry"
27099,74,"Forestry"
27100,74,"Forestry"
12094,74,"Forestry"
12091,74,"Forestry"
11859,74,"Forestry"
11861,74,"Forestry"
27101,74,"Forestry"
27103,74,"Forestry"
27106,74,"Forestry"
27097,74,"Forestry"
27362,74,"Forestry"
27363,74,"Forestry"
27109,74,"Forestry"
27110,74,"Forestry"
27112,74,"Forestry"
12095,74,"Forestry"
12096,74,"Forestry"
12104,74,"Forestry"
12093,74,"Forestry"
12098,74,"Forestry"
12099,74,"Forestry"
12107,74,"Forestry"
7253,74,"Forestry"
11840,74,"Forestry"
27364,74,"Forestry"
27080,74,"Forestry"
27309,74,"Forestry"
27061,74,"Forestry"
27062,74,"Forestry"
27113,74,"Forestry"
27365,74,"Forestry"
27366,74,"Forestry"
12105,74,"Forestry"
12106,74,"Forestry"
27063,74,"Forestry"
7848,74,"Forestry"
7332,74,"Forestry"
11803,74,"Forestry"
27086,74,"Forestry"
27054,74,"Forestry"
27064,74,"Forestry"
27071,74,"Forestry"
11845,74,"Forestry"
11853,74,"Forestry"
11601,74,"Forestry"
11855,74,"Forestry"
11856,74,"Forestry"
27620,74,"Forestry"
27429,74,"Forestry"
27430,74,"Forestry"
27631,74,"Forestry"
27433,74,"Forestry"
27421,74,"Forestry"
27614,74,"Forestry"
27386,74,"Forestry"
27416,74,"Forestry"
27618,74,"Forestry"
29454,74,"Forestry"
29455,74,"Forestry"
29456,74,"Forestry"
27658,74,"Forestry"
27661,74,"Forestry"
27662,74,"Forestry"
29636,74,"Forestry"
29637,74,"Forestry"
29640,74,"Forestry"
29458,74,"Forestry"
27632,74,"Forestry"
27434,74,"Forestry"
16629,74,"Forestry"
16630,74,"Forestry"
16631,74,"Forestry"
16632,74,"Forestry"
27343,74,"Forestry"
27095,74,"Forestry"
11592,74,"Forestry"
2868,74,"Forestry"
11810,74,"Forestry"
11591,74,"Forestry"
11804,74,"Forestry"
11824,74,"Forestry"
11822,74,"Forestry"
11831,74,"Forestry"
11836,74,"Forestry"
11604,74,"Forestry"
11605,74,"Forestry"
11837,74,"Forestry"
11839,74,"Forestry"
11838,74,"Forestry"
11842,74,"Forestry"
6790,74,"Forestry"
6981,74,"Forestry"
6982,74,"Forestry"
6979,74,"Forestry"
6980,74,"Forestry"
6985,74,"Forestry"
6987,74,"Forestry"
6778,74,"Forestry"
7020,74,"Forestry"
6988,74,"Forestry"
7007,74,"Forestry"
7017,74,"Forestry"
6794,74,"Forestry"
7015,74,"Forestry"
7016,74,"Forestry"
6799,74,"Forestry"
6798,74,"Forestry"
6797,74,"Forestry"
6801,74,"Forestry"
6800,74,"Forestry"
7021,74,"Forestry"
17030,74,"Forestry"
7022,74,"Forestry"
17031,74,"Forestry"
7023,74,"Forestry"
6759,74,"Forestry"
6520,74,"Forestry"
6760,74,"Forestry"
6761,74,"Forestry"
6762,74,"Forestry"
6763,74,"Forestry"
6764,74,"Forestry"
6521,74,"Forestry"
6522,74,"Forestry"
16552,74,"Forestry"
16557,74,"Forestry"
6523,74,"Forestry"
6765,74,"Forestry"
6767,74,"Forestry"
6768,74,"Forestry"
6770,74,"Forestry"
6772,74,"Forestry"
6525,74,"Forestry"
6782,74,"Forestry"
6783,74,"Forestry"
6784,74,"Forestry"
6785,74,"Forestry"
6786,74,"Forestry"
6787,74,"Forestry"
6788,74,"Forestry"
6789,74,"Forestry"
16283,74,"Forestry"
16543,74,"Forestry"
16300,74,"Forestry"
16541,74,"Forestry"
16544,74,"Forestry"
16305,74,"Forestry"
16306,74,"Forestry"
16310,74,"Forestry"
16311,74,"Forestry"
16312,74,"Forestry"
16313,74,"Forestry"
16314,74,"Forestry"
16553,74,"Forestry"
16554,74,"Forestry"
16555,74,"Forestry"
16556,74,"Forestry"
16284,74,"Forestry"
16285,74,"Forestry"
16519,74,"Forestry"
16522,74,"Forestry"
16523,74,"Forestry"
16524,74,"Forestry"
16288,74,"Forestry"
16289,74,"Forestry"
16290,74,"Forestry"
16525,74,"Forestry"
16526,74,"Forestry"
16534,74,"Forestry"
16536,74,"Forestry"
16297,74,"Forestry"
16301,74,"Forestry"
16302,74,"Forestry"
16303,74,"Forestry"
16558,74,"Forestry"
16563,74,"Forestry"
16560,74,"Forestry"
15032,74,"Forestry"
16561,74,"Forestry"
16317,74,"Forestry"
16315,74,"Forestry"
6991,74,"Forestry"
6993,74,"Forestry"
6994,74,"Forestry"
6995,74,"Forestry"
6998,74,"Forestry"
6999,74,"Forestry"
7000,74,"Forestry"
7062,74,"Forestry"
7063,74,"Forestry"
7065,74,"Forestry"
7070,74,"Forestry"
7071,74,"Forestry"
7073,74,"Forestry"
7074,74,"Forestry"
7076,74,"Forestry"
16533,74,"Forestry"
16535,74,"Forestry"
16537,74,"Forestry"
16538,74,"Forestry"
16539,74,"Forestry"
16559,74,"Forestry"
16320,74,"Forestry"
16562,74,"Forestry"
16318,74,"Forestry"
16564,74,"Forestry"
16565,74,"Forestry"
16566,74,"Forestry"
16567,74,"Forestry"
16568,74,"Forestry"
16319,74,"Forestry"
16528,74,"Forestry"
16784,74,"Forestry"
17063,74,"Forestry"
17056,74,"Forestry"
16786,74,"Forestry"
16807,74,"Forestry"
16787,74,"Forestry"
16788,74,"Forestry"
15023,74,"Forestry"
15030,74,"Forestry"
15031,74,"Forestry"
15253,74,"Forestry"
15255,74,"Forestry"
15252,74,"Forestry"
15520,74,"Forestry"
15493,74,"Forestry"
15494,74,"Forestry"
17048,74,"Forestry"
17051,74,"Forestry"
15835,74,"Forestry"
15836,74,"Forestry"
15837,74,"Forestry"
16790,74,"Forestry"
17053,74,"Forestry"
17054,74,"Forestry"
15993,74,"Forestry"
15994,74,"Forestry"
13704,74,"Forestry"
16803,74,"Forestry"
16804,74,"Forestry"
15992,74,"Forestry"
15838,74,"Forestry"
13735,74,"Forestry"
15997,74,"Forestry"
16794,74,"Forestry"
17058,74,"Forestry"
15839,74,"Forestry"
16047,74,"Forestry"
16048,74,"Forestry"
15840,74,"Forestry"
16038,74,"Forestry"
16041,74,"Forestry"
16769,74,"Forestry"
16763,74,"Forestry"
16771,74,"Forestry"
16762,74,"Forestry"
16764,74,"Forestry"
16770,74,"Forestry"
16773,74,"Forestry"
16775,74,"Forestry"
16772,74,"Forestry"
110,74,"Forestry"
16754,74,"Forestry"
16759,74,"Forestry"
16761,74,"Forestry"
17034,74,"Forestry"
16760,74,"Forestry"
16758,74,"Forestry"
16765,74,"Forestry"
16766,74,"Forestry"
16767,74,"Forestry"
16768,74,"Forestry"
17044,74,"Forestry"
17039,74,"Forestry"
17041,74,"Forestry"
16755,74,"Forestry"
3225,74,"Forestry"
3209,74,"Forestry"
3208,74,"Forestry"
3212,74,"Forestry"
17033,74,"Forestry"
16756,74,"Forestry"
16757,74,"Forestry"
3241,74,"Forestry"
3221,74,"Forestry"
3222,74,"Forestry"
3217,74,"Forestry"
3249,74,"Forestry"
3220,74,"Forestry"
3240,74,"Forestry"
2471,74,"Forestry"
2492,74,"Forestry"
2493,74,"Forestry"
2494,74,"Forestry"
2472,74,"Forestry"
2528,74,"Forestry"
2529,74,"Forestry"
29653,74,"Forestry"
3148,74,"Forestry"
2365,74,"Forestry"
2366,74,"Forestry"
2367,74,"Forestry"
2374,74,"Forestry"
17032,74,"Forestry"
17028,74,"Forestry"
27057,74,"Forestry"
11893,74,"Forestry"
27060,74,"Forestry"
4629,74,"Forestry"
4397,74,"Forestry"
4648,74,"Forestry"
4606,74,"Forestry"
4243,74,"Forestry"
4603,74,"Forestry"
4448,74,"Forestry"
2768,74,"Forestry"
2769,74,"Forestry"
4441,74,"Forestry"
4604,74,"Forestry"
4605,74,"Forestry"
4668,74,"Forestry"
4669,74,"Forestry"
2782,74,"Forestry"
2780,74,"Forestry"
2783,74,"Forestry"
2788,74,"Forestry"
2781,74,"Forestry"
2789,74,"Forestry"
2551,74,"Forestry"
4213,74,"Forestry"
2785,74,"Forestry"
2786,74,"Forestry"
2787,74,"Forestry"
2790,74,"Forestry"
4242,74,"Forestry"
2779,74,"Forestry"
2784,74,"Forestry"
4389,74,"Forestry"
3016,74,"Forestry"
4641,74,"Forestry"
4371,74,"Forestry"
4375,74,"Forestry"
4662,74,"Forestry"
4706,74,"Forestry"
4652,74,"Forestry"
7311,74,"Forestry"
7312,74,"Forestry"
7913,74,"Forestry"
7914,74,"Forestry"
7915,74,"Forestry"
7917,74,"Forestry"
7306,74,"Forestry"
7307,74,"Forestry"
7308,74,"Forestry"
7309,74,"Forestry"
7313,74,"Forestry"
7318,74,"Forestry"
7319,74,"Forestry"
7320,74,"Forestry"
7322,74,"Forestry"
2541,74,"Forestry"
2542,74,"Forestry"
2540,74,"Forestry"
27415,74,"Forestry"
27610,74,"Forestry"
27611,74,"Forestry"
27612,74,"Forestry"
27615,74,"Forestry"
27423,74,"Forestry"
27425,74,"Forestry"
27616,74,"Forestry"
27617,74,"Forestry"
27317,74,"Forestry"
27088,74,"Forestry"
27382,74,"Forestry"
29439,74,"Forestry"
27413,74,"Forestry"
27604,74,"Forestry"
27605,74,"Forestry"
27608,74,"Forestry"
29441,74,"Forestry"
29663,74,"Forestry"
27399,74,"Forestry"
27403,74,"Forestry"
27585,74,"Forestry"
27558,74,"Forestry"
27560,74,"Forestry"
27559,74,"Forestry"
27561,74,"Forestry"
27562,74,"Forestry"
27296,74,"Forestry"
27412,74,"Forestry"
27586,74,"Forestry"
27592,74,"Forestry"
27593,74,"Forestry"
27600,74,"Forestry"
27601,74,"Forestry"
27602,74,"Forestry"
27603,74,"Forestry"
27397,74,"Forestry"
27137,74,"Forestry"
27138,74,"Forestry"
27141,74,"Forestry"
27398,74,"Forestry"
27400,74,"Forestry"
27401,74,"Forestry"
27402,74,"Forestry"
27404,74,"Forestry"
27405,74,"Forestry"
27406,74,"Forestry"
27407,74,"Forestry"
27408,74,"Forestry"
27409,74,"Forestry"
27587,74,"Forestry"
27588,74,"Forestry"
27589,74,"Forestry"
27590,74,"Forestry"
27591,74,"Forestry"
27594,74,"Forestry"
27595,74,"Forestry"
27596,74,"Forestry"
27597,74,"Forestry"
27598,74,"Forestry"
27599,74,"Forestry"
27411,74,"Forestry"
27441,74,"Forestry"
27442,74,"Forestry"
27443,74,"Forestry"
27444,74,"Forestry"
27652,74,"Forestry"
27653,74,"Forestry"
27654,74,"Forestry"
27655,74,"Forestry"
27656,74,"Forestry"
27607,74,"Forestry"
27569,74,"Forestry"
27572,74,"Forestry"
27573,74,"Forestry"
27566,74,"Forestry"
27563,74,"Forestry"
27370,74,"Forestry"
27373,74,"Forestry"
27375,74,"Forestry"
12293,74,"Forestry"
12023,74,"Forestry"
12021,74,"Forestry"
30840,74,"Forestry"
12028,74,"Forestry"
30834,74,"Forestry"
30631,74,"Forestry"
12026,74,"Forestry"
12027,74,"Forestry"
12029,74,"Forestry"
12030,74,"Forestry"
30833,74,"Forestry"
12024,74,"Forestry"
30578,74,"Forestry"
30835,74,"Forestry"
30576,74,"Forestry"
30585,74,"Forestry"
12292,74,"Forestry"
30836,74,"Forestry"
30838,74,"Forestry"
30839,74,"Forestry"
30579,74,"Forestry"
30581,74,"Forestry"
30842,74,"Forestry"
12260,74,"Forestry"
12267,74,"Forestry"
12268,74,"Forestry"
12269,74,"Forestry"
12270,74,"Forestry"
12271,74,"Forestry"
12272,74,"Forestry"
12273,74,"Forestry"
12274,74,"Forestry"
12275,74,"Forestry"
12276,74,"Forestry"
12277,74,"Forestry"
12281,74,"Forestry"
12003,74,"Forestry"
12005,74,"Forestry"
12007,74,"Forestry"
12025,74,"Forestry"
30831,74,"Forestry"
30832,74,"Forestry"
30577,74,"Forestry"
30582,74,"Forestry"
30583,74,"Forestry"
30584,74,"Forestry"
30586,74,"Forestry"
30587,74,"Forestry"
30588,74,"Forestry"
30589,74,"Forestry"
30590,74,"Forestry"
30591,74,"Forestry"
30841,74,"Forestry"
30597,74,"Forestry"
30598,74,"Forestry"
30600,74,"Forestry"
30601,74,"Forestry"
30602,74,"Forestry"
30857,74,"Forestry"
30859,74,"Forestry"
30871,74,"Forestry"
30633,74,"Forestry"
30604,74,"Forestry"
30607,74,"Forestry"
30609,74,"Forestry"
30855,74,"Forestry"
30856,74,"Forestry"
17804,74,"Forestry"
17807,74,"Forestry"
17805,74,"Forestry"
17806,74,"Forestry"
17585,74,"Forestry"
17583,74,"Forestry"
17559,74,"Forestry"
17561,74,"Forestry"
17562,74,"Forestry"
17796,74,"Forestry"
17572,74,"Forestry"
17574,74,"Forestry"
17575,74,"Forestry"
17576,74,"Forestry"
17577,74,"Forestry"
17578,74,"Forestry"
17579,74,"Forestry"
17798,74,"Forestry"
17799,74,"Forestry"
17800,74,"Forestry"
17801,74,"Forestry"
17802,74,"Forestry"
17803,74,"Forestry"
17808,74,"Forestry"
17581,74,"Forestry"
17582,74,"Forestry"
17584,74,"Forestry"
17586,74,"Forestry"
17587,74,"Forestry"
17588,74,"Forestry"
17589,74,"Forestry"
17590,74,"Forestry"
15685,74,"Forestry"
15686,74,"Forestry"
15697,74,"Forestry"
15712,74,"Forestry"
15713,74,"Forestry"
15720,74,"Forestry"
15732,74,"Forestry"
15733,74,"Forestry"
15734,74,"Forestry"
15739,74,"Forestry"
15766,74,"Forestry"
15767,74,"Forestry"
17797,74,"Forestry"
17573,74,"Forestry"
17809,74,"Forestry"
4237,74,"Forestry"
4236,74,"Forestry"
4549,74,"Forestry"
4401,74,"Forestry"
4555,74,"Forestry"
4556,74,"Forestry"
4630,74,"Forestry"
4631,74,"Forestry"
4402,74,"Forestry"
4650,74,"Forestry"
4651,74,"Forestry"
4569,74,"Forestry"
4570,74,"Forestry"
4282,74,"Forestry"
4250,74,"Forestry"
4300,74,"Forestry"
4301,74,"Forestry"
4302,74,"Forestry"
4303,74,"Forestry"
4304,74,"Forestry"
4443,74,"Forestry"
4447,74,"Forestry"
4688,74,"Forestry"
4696,74,"Forestry"
4338,74,"Forestry"
4697,74,"Forestry"
4602,74,"Forestry"
4439,74,"Forestry"
23766,74,"Forestry"
23768,74,"Forestry"
23772,74,"Forestry"
23770,74,"Forestry"
23792,74,"Forestry"
23771,74,"Forestry"
14082,74,"Forestry"
15132,74,"Forestry"
14489,74,"Forestry"
22401,74,"Forestry"
12046,74,"Forestry"
14061,74,"Forestry"
14062,74,"Forestry"
14063,74,"Forestry"
15133,74,"Forestry"
12386,74,"Forestry"
24391,74,"Forestry"
12388,74,"Forestry"
24386,74,"Forestry"
24387,74,"Forestry"
24388,74,"Forestry"
24394,74,"Forestry"
24647,74,"Forestry"
24389,74,"Forestry"
24390,74,"Forestry"
24650,74,"Forestry"
12598,74,"Forestry"
12599,74,"Forestry"
12387,74,"Forestry"
13896,74,"Forestry"
14035,74,"Forestry"
14036,74,"Forestry"
14037,74,"Forestry"
14053,74,"Forestry"
13632,74,"Forestry"
13633,74,"Forestry"
14052,74,"Forestry"
14056,74,"Forestry"
15039,74,"Forestry"
15040,74,"Forestry"
15045,74,"Forestry"
15046,74,"Forestry"
15047,74,"Forestry"
15050,74,"Forestry"
15048,74,"Forestry"
15065,74,"Forestry"
15066,74,"Forestry"
15054,74,"Forestry"
15074,74,"Forestry"
15098,74,"Forestry"
15105,74,"Forestry"
6774,74,"Forestry"
6775,74,"Forestry"
6773,74,"Forestry"
6771,74,"Forestry"
6780,74,"Forestry"
6781,74,"Forestry"
7014,74,"Forestry"
7008,74,"Forestry"
7011,74,"Forestry"
6793,74,"Forestry"
6805,74,"Forestry"
6803,74,"Forestry"
7024,74,"Forestry"
7030,74,"Forestry"
7029,74,"Forestry"
6802,74,"Forestry"
6804,74,"Forestry"
6806,74,"Forestry"
17042,74,"Forestry"
6777,74,"Forestry"
6779,74,"Forestry"
7006,74,"Forestry"
7009,74,"Forestry"
7010,74,"Forestry"
7012,74,"Forestry"
7013,74,"Forestry"
6756,74,"Forestry"
6757,74,"Forestry"
6519,74,"Forestry"
24629,74,"Forestry"
24630,74,"Forestry"
13862,74,"Forestry"
24638,74,"Forestry"
24639,74,"Forestry"
24640,74,"Forestry"
24648,74,"Forestry"
24651,74,"Forestry"
24653,74,"Forestry"
24652,74,"Forestry"
24654,74,"Forestry"
24655,74,"Forestry"
24656,74,"Forestry"
24397,74,"Forestry"
24398,74,"Forestry"
24400,74,"Forestry"
24401,74,"Forestry"
24402,74,"Forestry"
24403,74,"Forestry"
24847,74,"Forestry"
24851,74,"Forestry"
14088,74,"Forestry"
17720,74,"Forestry"
17721,74,"Forestry"
12508,74,"Forestry"
12510,74,"Forestry"
14090,74,"Forestry"
14091,74,"Forestry"
14092,74,"Forestry"
14093,74,"Forestry"
22570,74,"Forestry"
22574,74,"Forestry"
30886,74,"Forestry"
2536,74,"Forestry"
29649,74,"Forestry"
29651,74,"Forestry"
29440,74,"Forestry"
29449,74,"Forestry"
29451,74,"Forestry"
29450,74,"Forestry"
12256,74,"Forestry"
28336,74,"Forestry"
28209,74,"Forestry"
29585,74,"Forestry"
29389,74,"Forestry"
29395,74,"Forestry"
29392,74,"Forestry"
29396,74,"Forestry"
29394,74,"Forestry"
29595,74,"Forestry"
29597,74,"Forestry"
29404,74,"Forestry"
29405,74,"Forestry"
29452,74,"Forestry"
29654,74,"Forestry"
29655,74,"Forestry"
29656,74,"Forestry"
29657,74,"Forestry"
29658,74,"Forestry"
29659,74,"Forestry"
2532,74,"Forestry"
29444,74,"Forestry"
29445,74,"Forestry"
29447,74,"Forestry"
15344,74,"Forestry"
28207,74,"Forestry"
28208,74,"Forestry"
12255,74,"Forestry"
28368,74,"Forestry"
29586,74,"Forestry"
12258,74,"Forestry"
29584,74,"Forestry"
12259,74,"Forestry"
11983,74,"Forestry"
30843,74,"Forestry"
29427,74,"Forestry"
29616,74,"Forestry"
29619,74,"Forestry"
29621,74,"Forestry"
29622,74,"Forestry"
12250,74,"Forestry"
11984,74,"Forestry"
11990,74,"Forestry"
11988,74,"Forestry"
30895,74,"Forestry"
29682,74,"Forestry"
30612,74,"Forestry"
30844,74,"Forestry"
30643,74,"Forestry"
30648,74,"Forestry"
30655,74,"Forestry"
30656,74,"Forestry"
29669,74,"Forestry"
30665,74,"Forestry"
30666,74,"Forestry"
30644,74,"Forestry"
30646,74,"Forestry"
30647,74,"Forestry"
29418,74,"Forestry"
29435,74,"Forestry"
29434,74,"Forestry"
29436,74,"Forestry"
29629,74,"Forestry"
29438,74,"Forestry"
29671,74,"Forestry"
29437,74,"Forestry"
29680,74,"Forestry"
29670,74,"Forestry"
30658,74,"Forestry"
30659,74,"Forestry"
29672,74,"Forestry"
30662,74,"Forestry"
29674,74,"Forestry"
29610,74,"Forestry"
29611,74,"Forestry"
29613,74,"Forestry"
29419,74,"Forestry"
29422,74,"Forestry"
29423,74,"Forestry"
29424,74,"Forestry"
29430,74,"Forestry"
29620,74,"Forestry"
29630,74,"Forestry"
29631,74,"Forestry"
29632,74,"Forestry"
29633,74,"Forestry"
29634,74,"Forestry"
29635,74,"Forestry"
29638,74,"Forestry"
29639,74,"Forestry"
29642,74,"Forestry"
12254,74,"Forestry"
28362,74,"Forestry"
28364,74,"Forestry"
28365,74,"Forestry"
29677,74,"Forestry"
29678,74,"Forestry"
30615,74,"Forestry"
30868,74,"Forestry"
30668,74,"Forestry"
30848,74,"Forestry"
29587,74,"Forestry"
29607,74,"Forestry"
29612,74,"Forestry"
29425,74,"Forestry"
30594,74,"Forestry"
30613,74,"Forestry"
30650,74,"Forestry"
30651,74,"Forestry"
30900,74,"Forestry"
29624,74,"Forestry"
29667,74,"Forestry"
30898,74,"Forestry"
29643,74,"Forestry"
29644,74,"Forestry"
29645,74,"Forestry"
29646,74,"Forestry"
29647,74,"Forestry"
29648,74,"Forestry"
29673,74,"Forestry"
29675,74,"Forestry"
29676,74,"Forestry"
29683,74,"Forestry"
29684,74,"Forestry"
29685,74,"Forestry"
29686,74,"Forestry"
29687,74,"Forestry"
29688,74,"Forestry"
29689,74,"Forestry"
29690,74,"Forestry"
29691,74,"Forestry"
29692,74,"Forestry"
29693,74,"Forestry"
29694,74,"Forestry"
29695,74,"Forestry"
30874,74,"Forestry"
30875,74,"Forestry"
30876,74,"Forestry"
30877,74,"Forestry"
30878,74,"Forestry"
30879,74,"Forestry"
30880,74,"Forestry"
30881,74,"Forestry"
30882,74,"Forestry"
30883,74,"Forestry"
30645,74,"Forestry"
29665,74,"Forestry"
30899,74,"Forestry"
29668,74,"Forestry"
30652,74,"Forestry"
30653,74,"Forestry"
11992,74,"Forestry"
11994,74,"Forestry"
11995,74,"Forestry"
11998,74,"Forestry"
12001,74,"Forestry"
12002,74,"Forestry"
12009,74,"Forestry"
12004,74,"Forestry"
30657,74,"Forestry"
30660,74,"Forestry"
30661,74,"Forestry"
30663,74,"Forestry"
30664,74,"Forestry"
30667,74,"Forestry"
30670,74,"Forestry"
30671,74,"Forestry"
30901,74,"Forestry"
30902,74,"Forestry"
30903,74,"Forestry"
30904,74,"Forestry"
30905,74,"Forestry"
30906,74,"Forestry"
30907,74,"Forestry"
30908,74,"Forestry"
30909,74,"Forestry"
30910,74,"Forestry"
30672,74,"Forestry"
16744,74,"Forestry"
17043,74,"Forestry"
16819,74,"Forestry"
15741,74,"Forestry"
15769,74,"Forestry"
15770,74,"Forestry"
17047,74,"Forestry"
15776,74,"Forestry"
15781,74,"Forestry"
16027,74,"Forestry"
16741,74,"Forestry"
16742,74,"Forestry"
16745,74,"Forestry"
16994,74,"Forestry"
16995,74,"Forestry"
16996,74,"Forestry"
16997,74,"Forestry"
17010,74,"Forestry"
16747,74,"Forestry"
16751,74,"Forestry"
16752,74,"Forestry"
17015,74,"Forestry"
17016,74,"Forestry"
17017,74,"Forestry"
17018,74,"Forestry"
17019,74,"Forestry"
17020,74,"Forestry"
17021,74,"Forestry"
16739,74,"Forestry"
15785,74,"Forestry"
15786,74,"Forestry"
15822,74,"Forestry"
15833,74,"Forestry"
15834,74,"Forestry"
15567,74,"Forestry"
15568,74,"Forestry"
15569,74,"Forestry"
15823,74,"Forestry"
16998,74,"Forestry"
16999,74,"Forestry"
17011,74,"Forestry"
15778,74,"Forestry"
15787,74,"Forestry"
15793,74,"Forestry"
15805,74,"Forestry"
15799,74,"Forestry"
15800,74,"Forestry"
15808,74,"Forestry"
15809,74,"Forestry"
15810,74,"Forestry"
15812,74,"Forestry"
15565,74,"Forestry"
15761,74,"Forestry"
15762,74,"Forestry"
13220,74,"Forestry"
12288,74,"Forestry"
12017,74,"Forestry"
29398,74,"Forestry"
29401,74,"Forestry"
11981,74,"Forestry"
12252,74,"Forestry"
29650,74,"Forestry"
30847,74,"Forestry"
30599,74,"Forestry"
30611,74,"Forestry"
30852,74,"Forestry"
30865,74,"Forestry"
30866,74,"Forestry"
30867,74,"Forestry"
30849,74,"Forestry"
30862,74,"Forestry"
30863,74,"Forestry"
30864,74,"Forestry"
30869,74,"Forestry"
30870,74,"Forestry"
30624,74,"Forestry"
29652,74,"Forestry"
29661,74,"Forestry"
27439,74,"Forestry"
27440,74,"Forestry"
30845,74,"Forestry"
30846,74,"Forestry"
30850,74,"Forestry"
30618,74,"Forestry"
30872,74,"Forestry"
30873,74,"Forestry"
29681,74,"Forestry"
30669,74,"Forestry"
17072,74,"Forestry"
17076,74,"Forestry"
17079,74,"Forestry"
15235,74,"Forestry"
15472,74,"Forestry"
15478,74,"Forestry"
15473,74,"Forestry"
15574,74,"Forestry"
17080,74,"Forestry"
15233,74,"Forestry"
15234,74,"Forestry"
15479,74,"Forestry"
15474,74,"Forestry"
15475,74,"Forestry"
15476,74,"Forestry"
15485,74,"Forestry"
15242,74,"Forestry"
15246,74,"Forestry"
15247,74,"Forestry"
15259,74,"Forestry"
27395,74,"Forestry"
3088,74,"Forestry"
3090,74,"Forestry"
27295,74,"Forestry"
17075,74,"Forestry"
15477,74,"Forestry"
15241,74,"Forestry"
15243,74,"Forestry"
15244,74,"Forestry"
15576,74,"Forestry"
15284,74,"Forestry"
17065,74,"Forestry"
17067,74,"Forestry"
17069,74,"Forestry"
16812,74,"Forestry"
16815,74,"Forestry"
16837,74,"Forestry"
15236,74,"Forestry"
15480,74,"Forestry"
16811,74,"Forestry"
15245,74,"Forestry"
15239,74,"Forestry"
15238,74,"Forestry"
15483,74,"Forestry"
17064,74,"Forestry"
16838,74,"Forestry"
30851,74,"Forestry"
30861,74,"Forestry"
30853,74,"Forestry"
30854,74,"Forestry"
15572,74,"Forestry"
16774,74,"Forestry"
16776,74,"Forestry"
16778,74,"Forestry"
16779,74,"Forestry"
17035,74,"Forestry"
17036,74,"Forestry"
17037,74,"Forestry"
17038,74,"Forestry"
17070,74,"Forestry"
17071,74,"Forestry"
17073,74,"Forestry"
17074,74,"Forestry"
16809,74,"Forestry"
16817,74,"Forestry"
16818,74,"Forestry"
16820,74,"Forestry"
16821,74,"Forestry"
16822,74,"Forestry"
16824,74,"Forestry"
16825,74,"Forestry"
16826,74,"Forestry"
16827,74,"Forestry"
16828,74,"Forestry"
16829,74,"Forestry"
17077,74,"Forestry"
16830,74,"Forestry"
16831,74,"Forestry"
17078,74,"Forestry"
16832,74,"Forestry"
16833,74,"Forestry"
17081,74,"Forestry"
17082,74,"Forestry"
17083,74,"Forestry"
16814,74,"Forestry"
16816,74,"Forestry"
30605,74,"Forestry"
30606,74,"Forestry"
30860,74,"Forestry"
30616,74,"Forestry"
30608,74,"Forestry"
30622,74,"Forestry"
30623,74,"Forestry"
30634,74,"Forestry"
30625,74,"Forestry"
30626,74,"Forestry"
30627,74,"Forestry"
30858,74,"Forestry"
30617,74,"Forestry"
30629,74,"Forestry"
30628,74,"Forestry"
30630,74,"Forestry"
30619,74,"Forestry"
30889,74,"Forestry"
13702,74,"Forestry"
13700,74,"Forestry"
17553,74,"Forestry"
17554,74,"Forestry"
15824,74,"Forestry"
13701,74,"Forestry"
22866,74,"Forestry"
22861,74,"Forestry"
22862,74,"Forestry"
22871,74,"Forestry"
22863,74,"Forestry"
22816,74,"Forestry"
22854,74,"Forestry"
22864,74,"Forestry"
22865,74,"Forestry"
22870,74,"Forestry"
15035,74,"Forestry"
15036,74,"Forestry"
15038,74,"Forestry"
15064,74,"Forestry"
15037,74,"Forestry"
15052,74,"Forestry"
15053,74,"Forestry"
15055,74,"Forestry"
15056,74,"Forestry"
15057,74,"Forestry"
15058,74,"Forestry"
15059,74,"Forestry"
15060,74,"Forestry"
15061,74,"Forestry"
15062,74,"Forestry"
15063,74,"Forestry"
15067,74,"Forestry"
22893,74,"Forestry"
22642,74,"Forestry"
22883,74,"Forestry"
22882,74,"Forestry"
22848,74,"Forestry"
16717,74,"Forestry"
23571,74,"Forestry"
23573,74,"Forestry"
23574,74,"Forestry"
16967,74,"Forestry"
23509,74,"Forestry"
15317,74,"Forestry"
23562,74,"Forestry"
23572,74,"Forestry"
23598,74,"Forestry"
23655,74,"Forestry"
23656,74,"Forestry"
23747,74,"Forestry"
16650,74,"Forestry"
16676,74,"Forestry"
16659,74,"Forestry"
16949,74,"Forestry"
16716,74,"Forestry"
16946,74,"Forestry"
16947,74,"Forestry"
16948,74,"Forestry"
16648,74,"Forestry"
16695,74,"Forestry"
16696,74,"Forestry"
16727,74,"Forestry"
16697,74,"Forestry"
13198,74,"Forestry"
13468,74,"Forestry"
13209,74,"Forestry"
13457,74,"Forestry"
13452,74,"Forestry"
13453,74,"Forestry"
13454,74,"Forestry"
13199,74,"Forestry"
13200,74,"Forestry"
13201,74,"Forestry"
13203,74,"Forestry"
13204,74,"Forestry"
13206,74,"Forestry"
13207,74,"Forestry"
13464,74,"Forestry"
13465,74,"Forestry"
13467,74,"Forestry"
13210,74,"Forestry"
13211,74,"Forestry"
13470,74,"Forestry"
13471,74,"Forestry"
13472,74,"Forestry"
13474,74,"Forestry"
13475,74,"Forestry"
13476,74,"Forestry"
13216,74,"Forestry"
13217,74,"Forestry"
13218,74,"Forestry"
13222,74,"Forestry"
13223,74,"Forestry"
13224,74,"Forestry"
13225,74,"Forestry"
13226,74,"Forestry"
13477,74,"Forestry"
13478,74,"Forestry"
13639,74,"Forestry"
15678,74,"Forestry"
15687,74,"Forestry"
15688,74,"Forestry"
15689,74,"Forestry"
15690,74,"Forestry"
15691,74,"Forestry"
15692,74,"Forestry"
15695,74,"Forestry"
15699,74,"Forestry"
15700,74,"Forestry"
15701,74,"Forestry"
6815,74,"Forestry"
15760,74,"Forestry"
13473,74,"Forestry"
13219,74,"Forestry"
13456,74,"Forestry"
13196,74,"Forestry"
13462,74,"Forestry"
13202,74,"Forestry"
13208,74,"Forestry"
13221,74,"Forestry"
15702,74,"Forestry"
13175,74,"Forestry"
13683,74,"Forestry"
14330,74,"Forestry"
14336,74,"Forestry"
31066,74,"Forestry"
14337,74,"Forestry"
30314,74,"Forestry"
30321,74,"Forestry"
30324,74,"Forestry"
14566,74,"Forestry"
30676,74,"Forestry"
15698,74,"Forestry"
15679,74,"Forestry"
14328,74,"Forestry"
13499,74,"Forestry"
4924,74,"Forestry"
31067,74,"Forestry"
31069,74,"Forestry"
30291,74,"Forestry"
30304,74,"Forestry"
30337,74,"Forestry"
13655,74,"Forestry"
13656,74,"Forestry"
30932,74,"Forestry"
30933,74,"Forestry"
30690,74,"Forestry"
13657,74,"Forestry"
13658,74,"Forestry"
13659,74,"Forestry"
30935,74,"Forestry"
13482,74,"Forestry"
13642,74,"Forestry"
13643,74,"Forestry"
13644,74,"Forestry"
13227,74,"Forestry"
13677,74,"Forestry"
13678,74,"Forestry"
15676,74,"Forestry"
15682,74,"Forestry"
13663,74,"Forestry"
13665,74,"Forestry"
13666,74,"Forestry"
13664,74,"Forestry"
13668,74,"Forestry"
13669,74,"Forestry"
13670,74,"Forestry"
13671,74,"Forestry"
13174,74,"Forestry"
13430,74,"Forestry"
13432,74,"Forestry"
30936,74,"Forestry"
30692,74,"Forestry"
13692,74,"Forestry"
15656,74,"Forestry"
15657,74,"Forestry"
22092,74,"Forestry"
22093,74,"Forestry"
22098,74,"Forestry"
15658,74,"Forestry"
15661,74,"Forestry"
15662,74,"Forestry"
15663,74,"Forestry"
13186,74,"Forestry"
13648,74,"Forestry"
13649,74,"Forestry"
13650,74,"Forestry"
13651,74,"Forestry"
13661,74,"Forestry"
13662,74,"Forestry"
13676,74,"Forestry"
13489,74,"Forestry"
13490,74,"Forestry"
13491,74,"Forestry"
13493,74,"Forestry"
13680,74,"Forestry"
13682,74,"Forestry"
13687,74,"Forestry"
13688,74,"Forestry"
13693,74,"Forestry"
13694,74,"Forestry"
13696,74,"Forestry"
13496,74,"Forestry"
13500,74,"Forestry"
13501,74,"Forestry"
13672,74,"Forestry"
13673,74,"Forestry"
13674,74,"Forestry"
13675,74,"Forestry"
13689,74,"Forestry"
13690,74,"Forestry"
13691,74,"Forestry"
22100,74,"Forestry"
22099,74,"Forestry"
13484,74,"Forestry"
13645,74,"Forestry"
15675,74,"Forestry"
13481,74,"Forestry"
15671,74,"Forestry"
15672,74,"Forestry"
4919,74,"Forestry"
4920,74,"Forestry"
4925,74,"Forestry"
15670,74,"Forestry"
15673,74,"Forestry"
30969,74,"Forestry"
15646,74,"Forestry"
15674,74,"Forestry"
13646,74,"Forestry"
4908,74,"Forestry"
18440,74,"Forestry"
18441,74,"Forestry"
30938,74,"Forestry"
30943,74,"Forestry"
30946,74,"Forestry"
30699,74,"Forestry"
4914,74,"Forestry"
4917,74,"Forestry"
4918,74,"Forestry"
30911,74,"Forestry"
30913,74,"Forestry"
30696,74,"Forestry"
30689,74,"Forestry"
30693,74,"Forestry"
30694,74,"Forestry"
30697,74,"Forestry"
30948,74,"Forestry"
30949,74,"Forestry"
30695,74,"Forestry"
18438,74,"Forestry"
30700,74,"Forestry"
30702,74,"Forestry"
30708,74,"Forestry"
30709,74,"Forestry"
30710,74,"Forestry"
30713,74,"Forestry"
30704,74,"Forestry"
30966,74,"Forestry"
30963,74,"Forestry"
31019,74,"Forestry"
30968,74,"Forestry"
15645,74,"Forestry"
20982,74,"Forestry"
18432,74,"Forestry"
18439,74,"Forestry"
4907,74,"Forestry"
18442,74,"Forestry"
15641,74,"Forestry"
15642,74,"Forestry"
15643,74,"Forestry"
20983,74,"Forestry"
15647,74,"Forestry"
15653,74,"Forestry"
31070,74,"Forestry"
18418,74,"Forestry"
31041,74,"Forestry"
31071,74,"Forestry"
31072,74,"Forestry"
31073,74,"Forestry"
31127,74,"Forestry"
18413,74,"Forestry"
18417,74,"Forestry"
16944,74,"Forestry"
15522,74,"Forestry"
15523,74,"Forestry"
15526,74,"Forestry"
15290,74,"Forestry"
22464,74,"Forestry"
16806,74,"Forestry"
15291,74,"Forestry"
15548,74,"Forestry"
15549,74,"Forestry"
15550,74,"Forestry"
15551,74,"Forestry"
15552,74,"Forestry"
15553,74,"Forestry"
15554,74,"Forestry"
15555,74,"Forestry"
15556,74,"Forestry"
15557,74,"Forestry"
15608,74,"Forestry"
15610,74,"Forestry"
15612,74,"Forestry"
15614,74,"Forestry"
15616,74,"Forestry"
16839,74,"Forestry"
16841,74,"Forestry"
16842,74,"Forestry"
16843,74,"Forestry"
15607,74,"Forestry"
15609,74,"Forestry"
15611,74,"Forestry"
15613,74,"Forestry"
15615,74,"Forestry"
15617,74,"Forestry"
15618,74,"Forestry"
15620,74,"Forestry"
15621,74,"Forestry"
15559,74,"Forestry"
15560,74,"Forestry"
15561,74,"Forestry"
15601,74,"Forestry"
15602,74,"Forestry"
22466,74,"Forestry"
15500,74,"Forestry"
15499,74,"Forestry"
15254,74,"Forestry"
15240,74,"Forestry"
18410,74,"Forestry"
18411,74,"Forestry"
18427,74,"Forestry"
18437,74,"Forestry"
15528,74,"Forestry"
15599,74,"Forestry"
16798,74,"Forestry"
22262,74,"Forestry"
22272,74,"Forestry"
22742,74,"Forestry"
13698,74,"Forestry"
22269,74,"Forestry"
22270,74,"Forestry"
22271,74,"Forestry"
22534,74,"Forestry"
22535,74,"Forestry"
22706,74,"Forestry"
22707,74,"Forestry"
22709,74,"Forestry"
22667,74,"Forestry"
16010,74,"Forestry"
17001,74,"Forestry"
15759,74,"Forestry"
15740,74,"Forestry"
15742,74,"Forestry"
15768,74,"Forestry"
15756,74,"Forestry"
15745,74,"Forestry"
16986,74,"Forestry"
16987,74,"Forestry"
16990,74,"Forestry"
17009,74,"Forestry"
15746,74,"Forestry"
15747,74,"Forestry"
15748,74,"Forestry"
15752,74,"Forestry"
15753,74,"Forestry"
15754,74,"Forestry"
15755,74,"Forestry"
16014,74,"Forestry"
16020,74,"Forestry"
16021,74,"Forestry"
16022,74,"Forestry"
15829,74,"Forestry"
15831,74,"Forestry"
17002,74,"Forestry"
17004,74,"Forestry"
17008,74,"Forestry"
16743,74,"Forestry"
17000,74,"Forestry"
16988,74,"Forestry"
16984,74,"Forestry"
16991,74,"Forestry"
17045,74,"Forestry"
17046,74,"Forestry"
17812,74,"Forestry"
17816,74,"Forestry"
17822,74,"Forestry"
12537,74,"Forestry"
12538,74,"Forestry"
17814,74,"Forestry"
22053,74,"Forestry"
22055,74,"Forestry"
22056,74,"Forestry"
22057,74,"Forestry"
22058,74,"Forestry"
21816,74,"Forestry"
12536,74,"Forestry"
12540,74,"Forestry"
12541,74,"Forestry"
21817,74,"Forestry"
21833,74,"Forestry"
21821,74,"Forestry"
21834,74,"Forestry"
21845,74,"Forestry"
22101,74,"Forestry"
22034,74,"Forestry"
21846,74,"Forestry"
21847,74,"Forestry"
21848,74,"Forestry"
22035,74,"Forestry"
21851,74,"Forestry"
12509,74,"Forestry"
12497,74,"Forestry"
12511,74,"Forestry"
12527,74,"Forestry"
17815,74,"Forestry"
17811,74,"Forestry"
16363,74,"Forestry"
16366,74,"Forestry"
16901,74,"Forestry"
16911,74,"Forestry"
16919,74,"Forestry"
16922,74,"Forestry"
16923,74,"Forestry"
16975,74,"Forestry"
27339,74,"Forestry"
22012,74,"Forestry"
22017,74,"Forestry"
22018,74,"Forestry"
21791,74,"Forestry"
21805,74,"Forestry"
22047,74,"Forestry"
12491,74,"Forestry"
15049,74,"Forestry"
15051,74,"Forestry"
15073,74,"Forestry"
15078,74,"Forestry"
15095,74,"Forestry"
15096,74,"Forestry"
15097,74,"Forestry"
15116,74,"Forestry"
14870,74,"Forestry"
12504,74,"Forestry"
15075,74,"Forestry"
15079,74,"Forestry"
15080,74,"Forestry"
15115,74,"Forestry"
15106,74,"Forestry"
15108,74,"Forestry"
14869,74,"Forestry"
14873,74,"Forestry"
14881,74,"Forestry"
15295,74,"Forestry"
14871,74,"Forestry"
14877,74,"Forestry"
16897,74,"Forestry"
16898,74,"Forestry"
16907,74,"Forestry"
16920,74,"Forestry"
16924,74,"Forestry"
16927,74,"Forestry"
16672,74,"Forestry"
16674,74,"Forestry"
16929,74,"Forestry"
16928,74,"Forestry"
15120,74,"Forestry"
15121,74,"Forestry"
15296,74,"Forestry"
15124,74,"Forestry"
14876,74,"Forestry"
16641,74,"Forestry"
5425,74,"Forestry"
5426,74,"Forestry"
5428,74,"Forestry"
5429,74,"Forestry"
5431,74,"Forestry"
5432,74,"Forestry"
4783,74,"Forestry"
5047,74,"Forestry"
5096,74,"Forestry"
30286,74,"Forestry"
30294,74,"Forestry"
30295,74,"Forestry"
30296,74,"Forestry"
30303,74,"Forestry"
30310,74,"Forestry"
30355,74,"Forestry"
30356,74,"Forestry"
30357,74,"Forestry"
30359,74,"Forestry"
30360,74,"Forestry"
30181,74,"Forestry"
30338,74,"Forestry"
17985,74,"Forestry"
17988,74,"Forestry"
17989,74,"Forestry"
17990,74,"Forestry"
17991,74,"Forestry"
17992,74,"Forestry"
17993,74,"Forestry"
17994,74,"Forestry"
18249,74,"Forestry"
6822,74,"Forestry"
6824,74,"Forestry"
7056,74,"Forestry"
7057,74,"Forestry"
6832,74,"Forestry"
6826,74,"Forestry"
6831,74,"Forestry"
6836,74,"Forestry"
7068,74,"Forestry"
7069,74,"Forestry"
6837,74,"Forestry"
7054,74,"Forestry"
7055,74,"Forestry"
6833,74,"Forestry"
6834,74,"Forestry"
7058,74,"Forestry"
7059,74,"Forestry"
7064,74,"Forestry"
7066,74,"Forestry"
7067,74,"Forestry"
7075,74,"Forestry"
7077,74,"Forestry"
7078,74,"Forestry"
6835,74,"Forestry"
7072,74,"Forestry"
16367,74,"Forestry"
16368,74,"Forestry"
16369,74,"Forestry"
16370,74,"Forestry"
16634,74,"Forestry"
16635,74,"Forestry"
16636,74,"Forestry"
16637,74,"Forestry"
16915,74,"Forestry"
16381,74,"Forestry"
16642,74,"Forestry"
16896,74,"Forestry"
16912,74,"Forestry"
16913,74,"Forestry"
16916,74,"Forestry"
16917,74,"Forestry"
16671,74,"Forestry"
16667,74,"Forestry"
16934,74,"Forestry"
16935,74,"Forestry"
16937,74,"Forestry"
16941,74,"Forestry"
16892,74,"Forestry"
27332,74,"Forestry"
27090,74,"Forestry"
27091,74,"Forestry"
27092,74,"Forestry"
27383,74,"Forestry"
27312,74,"Forestry"
27313,74,"Forestry"
27301,74,"Forestry"
27303,74,"Forestry"
30885,74,"Forestry"
27919,74,"Forestry"
12140,74,"Forestry"
12155,74,"Forestry"
11913,74,"Forestry"
27945,74,"Forestry"
27946,74,"Forestry"
27947,74,"Forestry"
28204,74,"Forestry"
11964,74,"Forestry"
299,74,"Forestry"
318,74,"Forestry"
309,74,"Forestry"
252,74,"Forestry"
300,74,"Forestry"
240,74,"Forestry"
250,74,"Forestry"
15708,74,"Forestry"
15757,74,"Forestry"
15703,74,"Forestry"
15706,74,"Forestry"
15707,74,"Forestry"
15710,74,"Forestry"
15711,74,"Forestry"
15709,74,"Forestry"
15744,74,"Forestry"
15704,74,"Forestry"
15705,74,"Forestry"
15722,74,"Forestry"
241,74,"Forestry"
15696,74,"Forestry"
239,74,"Forestry"
243,74,"Forestry"
242,74,"Forestry"
244,74,"Forestry"
248,74,"Forestry"
246,74,"Forestry"
247,74,"Forestry"
258,74,"Forestry"
249,74,"Forestry"
197,74,"Forestry"
198,74,"Forestry"
199,74,"Forestry"
245,74,"Forestry"
266,74,"Forestry"
256,74,"Forestry"
263,74,"Forestry"
264,74,"Forestry"
262,74,"Forestry"
261,74,"Forestry"
123,74,"Forestry"
125,74,"Forestry"
126,74,"Forestry"
226,74,"Forestry"
232,74,"Forestry"
251,74,"Forestry"
121,74,"Forestry"
122,74,"Forestry"
257,74,"Forestry"
259,74,"Forestry"
260,74,"Forestry"
265,74,"Forestry"
99,84,"Forestry"
103,84,"Forestry"
104,84,"Forestry"
15481,84,"Forestry"
111,84,"Forestry"
112,84,"Forestry"
124,84,"Forestry"
16753,84,"Forestry"
128,84,"Forestry"
131,84,"Forestry"
136,84,"Forestry"
132,84,"Forestry"
144,84,"Forestry"
220,84,"Forestry"
222,84,"Forestry"
218,84,"Forestry"
219,84,"Forestry"
196,84,"Forestry"
206,84,"Forestry"
210,84,"Forestry"
109,84,"Forestry"
127,84,"Forestry"
120,84,"Forestry"
140,84,"Forestry"
143,84,"Forestry"
208,84,"Forestry"
209,84,"Forestry"
223,84,"Forestry"
216,84,"Forestry"
214,84,"Forestry"
215,84,"Forestry"
177,84,"Forestry"
178,84,"Forestry"
179,84,"Forestry"
180,84,"Forestry"
186,84,"Forestry"
188,84,"Forestry"
205,84,"Forestry"
207,84,"Forestry"
181,84,"Forestry"
185,84,"Forestry"
184,84,"Forestry"
161,84,"Forestry"
170,84,"Forestry"
171,84,"Forestry"
166,84,"Forestry"
187,84,"Forestry"
160,84,"Forestry"
165,84,"Forestry"
159,84,"Forestry"
162,84,"Forestry"
163,84,"Forestry"
182,84,"Forestry"
190,84,"Forestry"
193,84,"Forestry"
200,84,"Forestry"
6984,84,"Forestry"
195,84,"Forestry"
164,84,"Forestry"
167,84,"Forestry"
201,84,"Forestry"
230,84,"Forestry"
234,84,"Forestry"
231,84,"Forestry"
14857,84,"Forestry"
237,84,"Forestry"
236,84,"Forestry"
189,84,"Forestry"
204,84,"Forestry"
228,84,"Forestry"
233,84,"Forestry"
238,84,"Forestry"
129,84,"Forestry"
130,84,"Forestry"
133,84,"Forestry"
134,84,"Forestry"
135,84,"Forestry"
191,84,"Forestry"
194,84,"Forestry"
229,84,"Forestry"
227,84,"Forestry"
235,84,"Forestry"
221,84,"Forestry"
155,84,"Forestry"
202,84,"Forestry"
203,84,"Forestry"
137,84,"Forestry"
145,84,"Forestry"
147,84,"Forestry"
148,84,"Forestry"
149,84,"Forestry"
151,84,"Forestry"
152,84,"Forestry"
154,84,"Forestry"
156,84,"Forestry"
4414,84,"Forestry"
4417,84,"Forestry"
3021,84,"Forestry"
3022,84,"Forestry"
3023,84,"Forestry"
3051,84,"Forestry"
4406,84,"Forestry"
3052,84,"Forestry"
3013,84,"Forestry"
2976,84,"Forestry"
2965,84,"Forestry"
2966,84,"Forestry"
2967,84,"Forestry"
2978,84,"Forestry"
2963,84,"Forestry"
2974,84,"Forestry"
7897,84,"Forestry"
7905,84,"Forestry"
7898,84,"Forestry"
7290,84,"Forestry"
7899,84,"Forestry"
7291,84,"Forestry"
7292,84,"Forestry"
7287,84,"Forestry"
7896,84,"Forestry"
7289,84,"Forestry"
15501,84,"Forestry"
2975,84,"Forestry"
7288,84,"Forestry"
7877,84,"Forestry"
7296,84,"Forestry"
7916,84,"Forestry"
7856,84,"Forestry"
7858,84,"Forestry"
7860,84,"Forestry"
7890,84,"Forestry"
7892,84,"Forestry"
7884,84,"Forestry"
7282,84,"Forestry"
7284,84,"Forestry"
7285,84,"Forestry"
7286,84,"Forestry"
7894,84,"Forestry"
7855,84,"Forestry"
7895,84,"Forestry"
15998,84,"Forestry"
7886,84,"Forestry"
7276,84,"Forestry"
7277,84,"Forestry"
7871,84,"Forestry"
7261,84,"Forestry"
7263,84,"Forestry"
7264,84,"Forestry"
7297,84,"Forestry"
7298,84,"Forestry"
7299,84,"Forestry"
7300,84,"Forestry"
7912,84,"Forestry"
7265,84,"Forestry"
7876,84,"Forestry"
7262,84,"Forestry"
7861,84,"Forestry"
7873,84,"Forestry"
22835,84,"Forestry"
7857,84,"Forestry"
11621,84,"Forestry"
11900,84,"Forestry"
7866,84,"Forestry"
7868,84,"Forestry"
7870,84,"Forestry"
7872,84,"Forestry"
7260,84,"Forestry"
7267,84,"Forestry"
7268,84,"Forestry"
7302,84,"Forestry"
7272,84,"Forestry"
7269,84,"Forestry"
7869,84,"Forestry"
7950,84,"Forestry"
7951,84,"Forestry"
12129,84,"Forestry"
12139,84,"Forestry"
11906,84,"Forestry"
11909,84,"Forestry"
15502,84,"Forestry"
15248,84,"Forestry"
15250,84,"Forestry"
15251,84,"Forestry"
16000,84,"Forestry"
15999,84,"Forestry"
22538,84,"Forestry"
15518,84,"Forestry"
16006,84,"Forestry"
15846,84,"Forestry"
15509,84,"Forestry"
16011,84,"Forestry"
7875,84,"Forestry"
7885,84,"Forestry"
150,84,"Forestry"
15845,84,"Forestry"
15847,84,"Forestry"
22472,84,"Forestry"
22253,84,"Forestry"
22254,84,"Forestry"
22492,84,"Forestry"
15510,84,"Forestry"
15511,84,"Forestry"
15515,84,"Forestry"
15516,84,"Forestry"
15517,84,"Forestry"
15514,84,"Forestry"
22836,84,"Forestry"
22811,84,"Forestry"
22840,84,"Forestry"
22620,84,"Forestry"
22789,84,"Forestry"
22580,84,"Forestry"
22575,84,"Forestry"
22814,84,"Forestry"
22868,84,"Forestry"
22869,84,"Forestry"
22837,84,"Forestry"
22838,84,"Forestry"
11873,84,"Forestry"
22839,84,"Forestry"
22849,84,"Forestry"
22593,84,"Forestry"
22594,84,"Forestry"
22595,84,"Forestry"
22596,84,"Forestry"
22607,84,"Forestry"
22831,84,"Forestry"
22598,84,"Forestry"
107,84,"Forestry"
15232,84,"Forestry"
15482,84,"Forestry"
15573,84,"Forestry"
16836,84,"Forestry"
7273,84,"Forestry"
7922,84,"Forestry"
7923,84,"Forestry"
7927,84,"Forestry"
7929,84,"Forestry"
7926,84,"Forestry"
7328,84,"Forestry"
2818,84,"Forestry"
2810,84,"Forestry"
2814,84,"Forestry"
2838,84,"Forestry"
7330,84,"Forestry"
2811,84,"Forestry"
7918,84,"Forestry"
7920,84,"Forestry"
7324,84,"Forestry"
7910,84,"Forestry"
7301,84,"Forestry"
7305,84,"Forestry"
7275,84,"Forestry"
7891,84,"Forestry"
3134,84,"Forestry"
3139,84,"Forestry"
3115,84,"Forestry"
3186,84,"Forestry"
3114,84,"Forestry"
3187,84,"Forestry"
3251,84,"Forestry"
3085,84,"Forestry"
3087,84,"Forestry"
3089,84,"Forestry"
3101,84,"Forestry"
3102,84,"Forestry"
3103,84,"Forestry"
3113,84,"Forestry"
3116,84,"Forestry"
3117,84,"Forestry"
3118,84,"Forestry"
3119,84,"Forestry"
16834,84,"Forestry"
16835,84,"Forestry"
3120,84,"Forestry"
3121,84,"Forestry"
3138,84,"Forestry"
3140,84,"Forestry"
3141,84,"Forestry"
3142,84,"Forestry"
3143,84,"Forestry"
3144,84,"Forestry"
3145,84,"Forestry"
3152,84,"Forestry"
3153,84,"Forestry"
3154,84,"Forestry"
3155,84,"Forestry"
3162,84,"Forestry"
3163,84,"Forestry"
3164,84,"Forestry"
3165,84,"Forestry"
3166,84,"Forestry"
3167,84,"Forestry"
3168,84,"Forestry"
3169,84,"Forestry"
3170,84,"Forestry"
3171,84,"Forestry"
3172,84,"Forestry"
3173,84,"Forestry"
3174,84,"Forestry"
3175,84,"Forestry"
3176,84,"Forestry"
3177,84,"Forestry"
3178,84,"Forestry"
3179,84,"Forestry"
3180,84,"Forestry"
3181,84,"Forestry"
3182,84,"Forestry"
3183,84,"Forestry"
3184,84,"Forestry"
3185,84,"Forestry"
3188,84,"Forestry"
3189,84,"Forestry"
3190,84,"Forestry"
3191,84,"Forestry"
3192,84,"Forestry"
3193,84,"Forestry"
3194,84,"Forestry"
3195,84,"Forestry"
3196,84,"Forestry"
3197,84,"Forestry"
3198,84,"Forestry"
3199,84,"Forestry"
3200,84,"Forestry"
3201,84,"Forestry"
3205,84,"Forestry"
3252,84,"Forestry"
3203,84,"Forestry"
3204,84,"Forestry"
3161,84,"Forestry"
2360,84,"Forestry"
7304,84,"Forestry"
7919,84,"Forestry"
7930,84,"Forestry"
3151,84,"Forestry"
3158,84,"Forestry"
3159,84,"Forestry"
3160,84,"Forestry"
3248,84,"Forestry"
3250,84,"Forestry"
3260,84,"Forestry"
4210,84,"Forestry"
4339,84,"Forestry"
2826,84,"Forestry"
2907,84,"Forestry"
2836,84,"Forestry"
2813,84,"Forestry"
3009,84,"Forestry"
3026,84,"Forestry"
2834,84,"Forestry"
3025,84,"Forestry"
3032,84,"Forestry"
2840,84,"Forestry"
2842,84,"Forestry"
2843,84,"Forestry"
2844,84,"Forestry"
2854,84,"Forestry"
2855,84,"Forestry"
2827,84,"Forestry"
4634,84,"Forestry"
4393,84,"Forestry"
4394,84,"Forestry"
3015,84,"Forestry"
3018,84,"Forestry"
3019,84,"Forestry"
4386,84,"Forestry"
3020,84,"Forestry"
4392,84,"Forestry"
4632,84,"Forestry"
4633,84,"Forestry"
3011,84,"Forestry"
3012,84,"Forestry"
4379,84,"Forestry"
3014,84,"Forestry"
3017,84,"Forestry"
4380,84,"Forestry"
4381,84,"Forestry"
4383,84,"Forestry"
4385,84,"Forestry"
4388,84,"Forestry"
4382,84,"Forestry"
4384,84,"Forestry"
4387,84,"Forestry"
4390,84,"Forestry"
2837,84,"Forestry"
2867,84,"Forestry"
3100,84,"Forestry"
3097,84,"Forestry"
4637,84,"Forestry"
4636,84,"Forestry"
4657,84,"Forestry"
27053,84,"Forestry"
3079,84,"Forestry"
7294,84,"Forestry"
7909,84,"Forestry"
14325,84,"Forestry"
7902,84,"Forestry"
2588,84,"Forestry"
2590,84,"Forestry"
91,84,"Forestry"
15237,84,"Forestry"
13429,84,"Forestry"
13498,84,"Forestry"
14326,84,"Forestry"
13431,84,"Forestry"
13697,84,"Forestry"
13497,84,"Forestry"
6755,84,"Forestry"
6766,84,"Forestry"
6989,84,"Forestry"
6992,84,"Forestry"
7005,84,"Forestry"
6792,84,"Forestry"
17027,84,"Forestry"
7026,84,"Forestry"
6524,84,"Forestry"
6754,84,"Forestry"
6758,84,"Forestry"
7079,84,"Forestry"
7080,84,"Forestry"
6807,84,"Forestry"
7036,84,"Forestry"
6823,84,"Forestry"
7032,84,"Forestry"
7034,84,"Forestry"
7002,84,"Forestry"
7003,84,"Forestry"
7004,84,"Forestry"
7001,84,"Forestry"
7060,84,"Forestry"
7061,84,"Forestry"
6996,84,"Forestry"
6997,84,"Forestry"
7027,84,"Forestry"
7025,84,"Forestry"
16740,84,"Forestry"
16746,84,"Forestry"
16749,84,"Forestry"
16750,84,"Forestry"
17022,84,"Forestry"
17023,84,"Forestry"
17024,84,"Forestry"
17025,84,"Forestry"
17026,84,"Forestry"
7031,84,"Forestry"
7035,84,"Forestry"
7053,84,"Forestry"
17012,84,"Forestry"
16748,84,"Forestry"
15765,84,"Forestry"
15764,84,"Forestry"
6817,84,"Forestry"
7045,84,"Forestry"
6821,84,"Forestry"
7038,84,"Forestry"
7044,84,"Forestry"
6814,84,"Forestry"
7039,84,"Forestry"
7041,84,"Forestry"
7043,84,"Forestry"
7042,84,"Forestry"
17013,84,"Forestry"
17014,84,"Forestry"
7033,84,"Forestry"
6808,84,"Forestry"
6809,84,"Forestry"
6810,84,"Forestry"
6811,84,"Forestry"
6812,84,"Forestry"
6813,84,"Forestry"
7046,84,"Forestry"
11809,84,"Forestry"
2883,84,"Forestry"
2877,84,"Forestry"
2903,84,"Forestry"
2879,84,"Forestry"
2880,84,"Forestry"
2901,84,"Forestry"
7037,84,"Forestry"
6816,84,"Forestry"
6820,84,"Forestry"
7040,84,"Forestry"
7052,84,"Forestry"
6827,84,"Forestry"
6828,84,"Forestry"
6830,84,"Forestry"
6838,84,"Forestry"
3060,84,"Forestry"
3075,84,"Forestry"
3067,84,"Forestry"
2885,84,"Forestry"
2886,84,"Forestry"
2898,84,"Forestry"
3062,84,"Forestry"
3059,84,"Forestry"
3061,84,"Forestry"
3066,84,"Forestry"
2887,84,"Forestry"
2891,84,"Forestry"
2889,84,"Forestry"
2871,84,"Forestry"
2893,84,"Forestry"
3289,84,"Forestry"
3290,84,"Forestry"
3074,84,"Forestry"
2888,84,"Forestry"
2892,84,"Forestry"
3291,84,"Forestry"
2909,84,"Forestry"
2911,84,"Forestry"
2953,84,"Forestry"
2938,84,"Forestry"
3278,84,"Forestry"
2908,84,"Forestry"
2910,84,"Forestry"
2915,84,"Forestry"
2912,84,"Forestry"
2358,84,"Forestry"
2942,84,"Forestry"
3232,84,"Forestry"
3233,84,"Forestry"
3235,84,"Forestry"
3272,84,"Forestry"
3277,84,"Forestry"
3254,84,"Forestry"
3239,84,"Forestry"
3244,84,"Forestry"
3259,84,"Forestry"
3247,84,"Forestry"
3245,84,"Forestry"
3262,84,"Forestry"
2357,84,"Forestry"
2951,84,"Forestry"
2952,84,"Forestry"
2954,84,"Forestry"
2970,84,"Forestry"
2971,84,"Forestry"
2899,84,"Forestry"
2917,84,"Forestry"
3256,84,"Forestry"
3269,84,"Forestry"
3263,84,"Forestry"
6791,84,"Forestry"
6978,84,"Forestry"
6983,84,"Forestry"
14856,84,"Forestry"
11622,84,"Forestry"
11630,84,"Forestry"
12074,84,"Forestry"
11888,84,"Forestry"
12073,84,"Forestry"
12076,84,"Forestry"
11902,84,"Forestry"
7867,84,"Forestry"
7363,84,"Forestry"
12082,84,"Forestry"
12083,84,"Forestry"
12077,84,"Forestry"
12078,84,"Forestry"
12085,84,"Forestry"
12089,84,"Forestry"
12110,84,"Forestry"
12079,84,"Forestry"
12084,84,"Forestry"
12086,84,"Forestry"
12087,84,"Forestry"
12075,84,"Forestry"
12090,84,"Forestry"
11847,84,"Forestry"
11848,84,"Forestry"
12108,84,"Forestry"
11891,84,"Forestry"
12109,84,"Forestry"
12111,84,"Forestry"
12112,84,"Forestry"
12113,84,"Forestry"
12115,84,"Forestry"
12116,84,"Forestry"
27351,84,"Forestry"
27352,84,"Forestry"
27353,84,"Forestry"
27355,84,"Forestry"
27111,84,"Forestry"
27098,84,"Forestry"
27327,84,"Forestry"
27099,84,"Forestry"
27100,84,"Forestry"
12094,84,"Forestry"
12091,84,"Forestry"
11859,84,"Forestry"
11861,84,"Forestry"
27101,84,"Forestry"
27103,84,"Forestry"
27106,84,"Forestry"
27097,84,"Forestry"
27362,84,"Forestry"
27363,84,"Forestry"
27109,84,"Forestry"
27110,84,"Forestry"
27112,84,"Forestry"
12095,84,"Forestry"
12096,84,"Forestry"
12104,84,"Forestry"
12093,84,"Forestry"
12098,84,"Forestry"
12099,84,"Forestry"
12107,84,"Forestry"
7253,84,"Forestry"
11840,84,"Forestry"
27364,84,"Forestry"
27080,84,"Forestry"
27309,84,"Forestry"
27061,84,"Forestry"
27062,84,"Forestry"
27113,84,"Forestry"
27365,84,"Forestry"
27366,84,"Forestry"
12105,84,"Forestry"
12106,84,"Forestry"
27063,84,"Forestry"
7848,84,"Forestry"
7332,84,"Forestry"
11803,84,"Forestry"
27086,84,"Forestry"
27054,84,"Forestry"
27064,84,"Forestry"
27071,84,"Forestry"
11845,84,"Forestry"
11853,84,"Forestry"
11601,84,"Forestry"
11855,84,"Forestry"
11856,84,"Forestry"
27620,84,"Forestry"
27429,84,"Forestry"
27430,84,"Forestry"
27631,84,"Forestry"
27433,84,"Forestry"
27421,84,"Forestry"
27614,84,"Forestry"
27386,84,"Forestry"
27416,84,"Forestry"
27618,84,"Forestry"
29454,84,"Forestry"
29455,84,"Forestry"
29456,84,"Forestry"
27658,84,"Forestry"
27661,84,"Forestry"
27662,84,"Forestry"
29636,84,"Forestry"
29637,84,"Forestry"
29640,84,"Forestry"
29458,84,"Forestry"
27632,84,"Forestry"
27434,84,"Forestry"
16629,84,"Forestry"
16630,84,"Forestry"
16631,84,"Forestry"
16632,84,"Forestry"
27343,84,"Forestry"
27095,84,"Forestry"
11592,84,"Forestry"
2868,84,"Forestry"
11810,84,"Forestry"
11591,84,"Forestry"
11804,84,"Forestry"
11824,84,"Forestry"
11822,84,"Forestry"
11831,84,"Forestry"
11836,84,"Forestry"
11604,84,"Forestry"
11605,84,"Forestry"
11837,84,"Forestry"
11839,84,"Forestry"
11838,84,"Forestry"
11842,84,"Forestry"
6790,84,"Forestry"
6981,84,"Forestry"
6982,84,"Forestry"
6979,84,"Forestry"
6980,84,"Forestry"
6985,84,"Forestry"
6987,84,"Forestry"
6778,84,"Forestry"
7020,84,"Forestry"
6988,84,"Forestry"
7007,84,"Forestry"
7017,84,"Forestry"
6794,84,"Forestry"
7015,84,"Forestry"
7016,84,"Forestry"
6799,84,"Forestry"
6798,84,"Forestry"
6797,84,"Forestry"
6801,84,"Forestry"
6800,84,"Forestry"
7021,84,"Forestry"
17030,84,"Forestry"
7022,84,"Forestry"
17031,84,"Forestry"
7023,84,"Forestry"
6759,84,"Forestry"
6520,84,"Forestry"
6760,84,"Forestry"
6761,84,"Forestry"
6762,84,"Forestry"
6763,84,"Forestry"
6764,84,"Forestry"
6521,84,"Forestry"
6522,84,"Forestry"
16552,84,"Forestry"
16557,84,"Forestry"
6523,84,"Forestry"
6765,84,"Forestry"
6767,84,"Forestry"
6768,84,"Forestry"
6770,84,"Forestry"
6772,84,"Forestry"
6525,84,"Forestry"
6782,84,"Forestry"
6783,84,"Forestry"
6784,84,"Forestry"
6785,84,"Forestry"
6786,84,"Forestry"
6787,84,"Forestry"
6788,84,"Forestry"
6789,84,"Forestry"
16283,84,"Forestry"
16543,84,"Forestry"
16300,84,"Forestry"
16541,84,"Forestry"
16544,84,"Forestry"
16305,84,"Forestry"
16306,84,"Forestry"
16310,84,"Forestry"
16311,84,"Forestry"
16312,84,"Forestry"
16313,84,"Forestry"
16314,84,"Forestry"
16553,84,"Forestry"
16554,84,"Forestry"
16555,84,"Forestry"
16556,84,"Forestry"
16284,84,"Forestry"
16285,84,"Forestry"
16519,84,"Forestry"
16522,84,"Forestry"
16523,84,"Forestry"
16524,84,"Forestry"
16288,84,"Forestry"
16289,84,"Forestry"
16290,84,"Forestry"
16525,84,"Forestry"
16526,84,"Forestry"
16534,84,"Forestry"
16536,84,"Forestry"
16297,84,"Forestry"
16301,84,"Forestry"
16302,84,"Forestry"
16303,84,"Forestry"
16558,84,"Forestry"
16563,84,"Forestry"
16560,84,"Forestry"
15032,84,"Forestry"
16561,84,"Forestry"
16317,84,"Forestry"
16315,84,"Forestry"
6991,84,"Forestry"
6993,84,"Forestry"
6994,84,"Forestry"
6995,84,"Forestry"
6998,84,"Forestry"
6999,84,"Forestry"
7000,84,"Forestry"
7062,84,"Forestry"
7063,84,"Forestry"
7065,84,"Forestry"
7070,84,"Forestry"
7071,84,"Forestry"
7073,84,"Forestry"
7074,84,"Forestry"
7076,84,"Forestry"
16533,84,"Forestry"
16535,84,"Forestry"
16537,84,"Forestry"
16538,84,"Forestry"
16539,84,"Forestry"
16559,84,"Forestry"
16320,84,"Forestry"
16562,84,"Forestry"
16318,84,"Forestry"
16564,84,"Forestry"
16565,84,"Forestry"
16566,84,"Forestry"
16567,84,"Forestry"
16568,84,"Forestry"
16319,84,"Forestry"
16528,84,"Forestry"
16784,84,"Forestry"
17063,84,"Forestry"
17056,84,"Forestry"
16786,84,"Forestry"
16807,84,"Forestry"
16787,84,"Forestry"
16788,84,"Forestry"
15023,84,"Forestry"
15030,84,"Forestry"
15031,84,"Forestry"
15253,84,"Forestry"
15255,84,"Forestry"
15252,84,"Forestry"
15520,84,"Forestry"
15493,84,"Forestry"
15494,84,"Forestry"
17048,84,"Forestry"
17051,84,"Forestry"
15835,84,"Forestry"
15836,84,"Forestry"
15837,84,"Forestry"
16790,84,"Forestry"
17053,84,"Forestry"
17054,84,"Forestry"
15993,84,"Forestry"
15994,84,"Forestry"
13704,84,"Forestry"
16803,84,"Forestry"
16804,84,"Forestry"
15992,84,"Forestry"
15838,84,"Forestry"
13735,84,"Forestry"
15997,84,"Forestry"
16794,84,"Forestry"
17058,84,"Forestry"
15839,84,"Forestry"
16047,84,"Forestry"
16048,84,"Forestry"
15840,84,"Forestry"
16038,84,"Forestry"
16041,84,"Forestry"
16769,84,"Forestry"
16763,84,"Forestry"
16771,84,"Forestry"
16762,84,"Forestry"
16764,84,"Forestry"
16770,84,"Forestry"
16773,84,"Forestry"
16775,84,"Forestry"
16772,84,"Forestry"
110,84,"Forestry"
16754,84,"Forestry"
16759,84,"Forestry"
16761,84,"Forestry"
17034,84,"Forestry"
16760,84,"Forestry"
16758,84,"Forestry"
16765,84,"Forestry"
16766,84,"Forestry"
16767,84,"Forestry"
16768,84,"Forestry"
17044,84,"Forestry"
17039,84,"Forestry"
17041,84,"Forestry"
16755,84,"Forestry"
3225,84,"Forestry"
3209,84,"Forestry"
3208,84,"Forestry"
3212,84,"Forestry"
17033,84,"Forestry"
16756,84,"Forestry"
16757,84,"Forestry"
3241,84,"Forestry"
3221,84,"Forestry"
3222,84,"Forestry"
3217,84,"Forestry"
3249,84,"Forestry"
3220,84,"Forestry"
3240,84,"Forestry"
2471,84,"Forestry"
2492,84,"Forestry"
2493,84,"Forestry"
2494,84,"Forestry"
2472,84,"Forestry"
2528,84,"Forestry"
2529,84,"Forestry"
29653,84,"Forestry"
3148,84,"Forestry"
2365,84,"Forestry"
2366,84,"Forestry"
2367,84,"Forestry"
2374,84,"Forestry"
17032,84,"Forestry"
17028,84,"Forestry"
27057,84,"Forestry"
11893,84,"Forestry"
27060,84,"Forestry"
4629,84,"Forestry"
4397,84,"Forestry"
4648,84,"Forestry"
4606,84,"Forestry"
4243,84,"Forestry"
4603,84,"Forestry"
4448,84,"Forestry"
2768,84,"Forestry"
2769,84,"Forestry"
4441,84,"Forestry"
4604,84,"Forestry"
4605,84,"Forestry"
4668,84,"Forestry"
4669,84,"Forestry"
2782,84,"Forestry"
2780,84,"Forestry"
2783,84,"Forestry"
2788,84,"Forestry"
2781,84,"Forestry"
2789,84,"Forestry"
2551,84,"Forestry"
4213,84,"Forestry"
2785,84,"Forestry"
2786,84,"Forestry"
2787,84,"Forestry"
2790,84,"Forestry"
4242,84,"Forestry"
2779,84,"Forestry"
2784,84,"Forestry"
4389,84,"Forestry"
3016,84,"Forestry"
4641,84,"Forestry"
4371,84,"Forestry"
4375,84,"Forestry"
4662,84,"Forestry"
4706,84,"Forestry"
4652,84,"Forestry"
7311,84,"Forestry"
7312,84,"Forestry"
7913,84,"Forestry"
7914,84,"Forestry"
7915,84,"Forestry"
7917,84,"Forestry"
7306,84,"Forestry"
7307,84,"Forestry"
7308,84,"Forestry"
7309,84,"Forestry"
7313,84,"Forestry"
7318,84,"Forestry"
7319,84,"Forestry"
7320,84,"Forestry"
7322,84,"Forestry"
2541,84,"Forestry"
2542,84,"Forestry"
2540,84,"Forestry"
27415,84,"Forestry"
27610,84,"Forestry"
27611,84,"Forestry"
27612,84,"Forestry"
27615,84,"Forestry"
27423,84,"Forestry"
27425,84,"Forestry"
27616,84,"Forestry"
27617,84,"Forestry"
27317,84,"Forestry"
27088,84,"Forestry"
27382,84,"Forestry"
29439,84,"Forestry"
27413,84,"Forestry"
27604,84,"Forestry"
27605,84,"Forestry"
27608,84,"Forestry"
29441,84,"Forestry"
29663,84,"Forestry"
27399,84,"Forestry"
27403,84,"Forestry"
27585,84,"Forestry"
27558,84,"Forestry"
27560,84,"Forestry"
27559,84,"Forestry"
27561,84,"Forestry"
27562,84,"Forestry"
27296,84,"Forestry"
27412,84,"Forestry"
27586,84,"Forestry"
27592,84,"Forestry"
27593,84,"Forestry"
27600,84,"Forestry"
27601,84,"Forestry"
27602,84,"Forestry"
27603,84,"Forestry"
27397,84,"Forestry"
27137,84,"Forestry"
27138,84,"Forestry"
27141,84,"Forestry"
27398,84,"Forestry"
27400,84,"Forestry"
27401,84,"Forestry"
27402,84,"Forestry"
27404,84,"Forestry"
27405,84,"Forestry"
27406,84,"Forestry"
27407,84,"Forestry"
27408,84,"Forestry"
27409,84,"Forestry"
27587,84,"Forestry"
27588,84,"Forestry"
27589,84,"Forestry"
27590,84,"Forestry"
27591,84,"Forestry"
27594,84,"Forestry"
27595,84,"Forestry"
27596,84,"Forestry"
27597,84,"Forestry"
27598,84,"Forestry"
27599,84,"Forestry"
27411,84,"Forestry"
27441,84,"Forestry"
27442,84,"Forestry"
27443,84,"Forestry"
27444,84,"Forestry"
27652,84,"Forestry"
27653,84,"Forestry"
27654,84,"Forestry"
27655,84,"Forestry"
27656,84,"Forestry"
27607,84,"Forestry"
27569,84,"Forestry"
27572,84,"Forestry"
27573,84,"Forestry"
27566,84,"Forestry"
27563,84,"Forestry"
27370,84,"Forestry"
27373,84,"Forestry"
27375,84,"Forestry"
12293,84,"Forestry"
12023,84,"Forestry"
12021,84,"Forestry"
30840,84,"Forestry"
12028,84,"Forestry"
30834,84,"Forestry"
30631,84,"Forestry"
12026,84,"Forestry"
12027,84,"Forestry"
12029,84,"Forestry"
12030,84,"Forestry"
30833,84,"Forestry"
12024,84,"Forestry"
30578,84,"Forestry"
30835,84,"Forestry"
30576,84,"Forestry"
30585,84,"Forestry"
12292,84,"Forestry"
30836,84,"Forestry"
30838,84,"Forestry"
30839,84,"Forestry"
30579,84,"Forestry"
30581,84,"Forestry"
30842,84,"Forestry"
12260,84,"Forestry"
12267,84,"Forestry"
12268,84,"Forestry"
12269,84,"Forestry"
12270,84,"Forestry"
12271,84,"Forestry"
12272,84,"Forestry"
12273,84,"Forestry"
12274,84,"Forestry"
12275,84,"Forestry"
12276,84,"Forestry"
12277,84,"Forestry"
12281,84,"Forestry"
12003,84,"Forestry"
12005,84,"Forestry"
12007,84,"Forestry"
12025,84,"Forestry"
30831,84,"Forestry"
30832,84,"Forestry"
30577,84,"Forestry"
30582,84,"Forestry"
30583,84,"Forestry"
30584,84,"Forestry"
30586,84,"Forestry"
30587,84,"Forestry"
30588,84,"Forestry"
30589,84,"Forestry"
30590,84,"Forestry"
30591,84,"Forestry"
30841,84,"Forestry"
30597,84,"Forestry"
30598,84,"Forestry"
30600,84,"Forestry"
30601,84,"Forestry"
30602,84,"Forestry"
30857,84,"Forestry"
30859,84,"Forestry"
30871,84,"Forestry"
30633,84,"Forestry"
30604,84,"Forestry"
30607,84,"Forestry"
30609,84,"Forestry"
30855,84,"Forestry"
30856,84,"Forestry"
17804,84,"Forestry"
17807,84,"Forestry"
17805,84,"Forestry"
17806,84,"Forestry"
17585,84,"Forestry"
17583,84,"Forestry"
17559,84,"Forestry"
17561,84,"Forestry"
17562,84,"Forestry"
17796,84,"Forestry"
17572,84,"Forestry"
17574,84,"Forestry"
17575,84,"Forestry"
17576,84,"Forestry"
17577,84,"Forestry"
17578,84,"Forestry"
17579,84,"Forestry"
17798,84,"Forestry"
17799,84,"Forestry"
17800,84,"Forestry"
17801,84,"Forestry"
17802,84,"Forestry"
17803,84,"Forestry"
17808,84,"Forestry"
17581,84,"Forestry"
17582,84,"Forestry"
17584,84,"Forestry"
17586,84,"Forestry"
17587,84,"Forestry"
17588,84,"Forestry"
17589,84,"Forestry"
17590,84,"Forestry"
15685,84,"Forestry"
15686,84,"Forestry"
15697,84,"Forestry"
15712,84,"Forestry"
15713,84,"Forestry"
15720,84,"Forestry"
15732,84,"Forestry"
15733,84,"Forestry"
15734,84,"Forestry"
15739,84,"Forestry"
15766,84,"Forestry"
15767,84,"Forestry"
17797,84,"Forestry"
17573,84,"Forestry"
17809,84,"Forestry"
4237,84,"Forestry"
4236,84,"Forestry"
4549,84,"Forestry"
4401,84,"Forestry"
4555,84,"Forestry"
4556,84,"Forestry"
4630,84,"Forestry"
4631,84,"Forestry"
4402,84,"Forestry"
4650,84,"Forestry"
4651,84,"Forestry"
4569,84,"Forestry"
4570,84,"Forestry"
4282,84,"Forestry"
4250,84,"Forestry"
4300,84,"Forestry"
4301,84,"Forestry"
4302,84,"Forestry"
4303,84,"Forestry"
4304,84,"Forestry"
4443,84,"Forestry"
4447,84,"Forestry"
4688,84,"Forestry"
4696,84,"Forestry"
4338,84,"Forestry"
4697,84,"Forestry"
4602,84,"Forestry"
4439,84,"Forestry"
23766,84,"Forestry"
23768,84,"Forestry"
23772,84,"Forestry"
23770,84,"Forestry"
23792,84,"Forestry"
23771,84,"Forestry"
14082,84,"Forestry"
15132,84,"Forestry"
14489,84,"Forestry"
22401,84,"Forestry"
12046,84,"Forestry"
14061,84,"Forestry"
14062,84,"Forestry"
14063,84,"Forestry"
15133,84,"Forestry"
12386,84,"Forestry"
24391,84,"Forestry"
12388,84,"Forestry"
24386,84,"Forestry"
24387,84,"Forestry"
24388,84,"Forestry"
24394,84,"Forestry"
24647,84,"Forestry"
24389,84,"Forestry"
24390,84,"Forestry"
24650,84,"Forestry"
12598,84,"Forestry"
12599,84,"Forestry"
12387,84,"Forestry"
13896,84,"Forestry"
14035,84,"Forestry"
14036,84,"Forestry"
14037,84,"Forestry"
14053,84,"Forestry"
13632,84,"Forestry"
13633,84,"Forestry"
14052,84,"Forestry"
14056,84,"Forestry"
15039,84,"Forestry"
15040,84,"Forestry"
15045,84,"Forestry"
15046,84,"Forestry"
15047,84,"Forestry"
15050,84,"Forestry"
15048,84,"Forestry"
15065,84,"Forestry"
15066,84,"Forestry"
15054,84,"Forestry"
15074,84,"Forestry"
15098,84,"Forestry"
15105,84,"Forestry"
6774,84,"Forestry"
6775,84,"Forestry"
6773,84,"Forestry"
6771,84,"Forestry"
6780,84,"Forestry"
6781,84,"Forestry"
7014,84,"Forestry"
7008,84,"Forestry"
7011,84,"Forestry"
6793,84,"Forestry"
6805,84,"Forestry"
6803,84,"Forestry"
7024,84,"Forestry"
7030,84,"Forestry"
7029,84,"Forestry"
6802,84,"Forestry"
6804,84,"Forestry"
6806,84,"Forestry"
17042,84,"Forestry"
6777,84,"Forestry"
6779,84,"Forestry"
7006,84,"Forestry"
7009,84,"Forestry"
7010,84,"Forestry"
7012,84,"Forestry"
7013,84,"Forestry"
6756,84,"Forestry"
6757,84,"Forestry"
6519,84,"Forestry"
24629,84,"Forestry"
24630,84,"Forestry"
13862,84,"Forestry"
24638,84,"Forestry"
24639,84,"Forestry"
24640,84,"Forestry"
24648,84,"Forestry"
24651,84,"Forestry"
24653,84,"Forestry"
24652,84,"Forestry"
24654,84,"Forestry"
24655,84,"Forestry"
24656,84,"Forestry"
24397,84,"Forestry"
24398,84,"Forestry"
24400,84,"Forestry"
24401,84,"Forestry"
24402,84,"Forestry"
24403,84,"Forestry"
24847,84,"Forestry"
24851,84,"Forestry"
14088,84,"Forestry"
17720,84,"Forestry"
17721,84,"Forestry"
12508,84,"Forestry"
12510,84,"Forestry"
14090,84,"Forestry"
14091,84,"Forestry"
14092,84,"Forestry"
14093,84,"Forestry"
22570,84,"Forestry"
22574,84,"Forestry"
30886,84,"Forestry"
2536,84,"Forestry"
29649,84,"Forestry"
29651,84,"Forestry"
29440,84,"Forestry"
29449,84,"Forestry"
29451,84,"Forestry"
29450,84,"Forestry"
12256,84,"Forestry"
28336,84,"Forestry"
28209,84,"Forestry"
29585,84,"Forestry"
29389,84,"Forestry"
29395,84,"Forestry"
29392,84,"Forestry"
29396,84,"Forestry"
29394,84,"Forestry"
29595,84,"Forestry"
29597,84,"Forestry"
29404,84,"Forestry"
29405,84,"Forestry"
29452,84,"Forestry"
29654,84,"Forestry"
29655,84,"Forestry"
29656,84,"Forestry"
29657,84,"Forestry"
29658,84,"Forestry"
29659,84,"Forestry"
2532,84,"Forestry"
29444,84,"Forestry"
29445,84,"Forestry"
29447,84,"Forestry"
15344,84,"Forestry"
28207,84,"Forestry"
28208,84,"Forestry"
12255,84,"Forestry"
28368,84,"Forestry"
29586,84,"Forestry"
12258,84,"Forestry"
29584,84,"Forestry"
12259,84,"Forestry"
11983,84,"Forestry"
30843,84,"Forestry"
29427,84,"Forestry"
29616,84,"Forestry"
29619,84,"Forestry"
29621,84,"Forestry"
29622,84,"Forestry"
12250,84,"Forestry"
11984,84,"Forestry"
11990,84,"Forestry"
11988,84,"Forestry"
30895,84,"Forestry"
29682,84,"Forestry"
30612,84,"Forestry"
30844,84,"Forestry"
30643,84,"Forestry"
30648,84,"Forestry"
30655,84,"Forestry"
30656,84,"Forestry"
29669,84,"Forestry"
30665,84,"Forestry"
30666,84,"Forestry"
30644,84,"Forestry"
30646,84,"Forestry"
30647,84,"Forestry"
29418,84,"Forestry"
29435,84,"Forestry"
29434,84,"Forestry"
29436,84,"Forestry"
29629,84,"Forestry"
29438,84,"Forestry"
29671,84,"Forestry"
29437,84,"Forestry"
29680,84,"Forestry"
29670,84,"Forestry"
30658,84,"Forestry"
30659,84,"Forestry"
29672,84,"Forestry"
30662,84,"Forestry"
29674,84,"Forestry"
29610,84,"Forestry"
29611,84,"Forestry"
29613,84,"Forestry"
29419,84,"Forestry"
29422,84,"Forestry"
29423,84,"Forestry"
29424,84,"Forestry"
29430,84,"Forestry"
29620,84,"Forestry"
29630,84,"Forestry"
29631,84,"Forestry"
29632,84,"Forestry"
29633,84,"Forestry"
29634,84,"Forestry"
29635,84,"Forestry"
29638,84,"Forestry"
29639,84,"Forestry"
29642,84,"Forestry"
12254,84,"Forestry"
28362,84,"Forestry"
28364,84,"Forestry"
28365,84,"Forestry"
29677,84,"Forestry"
29678,84,"Forestry"
30615,84,"Forestry"
30868,84,"Forestry"
30668,84,"Forestry"
30848,84,"Forestry"
29587,84,"Forestry"
29607,84,"Forestry"
29612,84,"Forestry"
29425,84,"Forestry"
30594,84,"Forestry"
30613,84,"Forestry"
30650,84,"Forestry"
30651,84,"Forestry"
30900,84,"Forestry"
29624,84,"Forestry"
29667,84,"Forestry"
30898,84,"Forestry"
29643,84,"Forestry"
29644,84,"Forestry"
29645,84,"Forestry"
29646,84,"Forestry"
29647,84,"Forestry"
29648,84,"Forestry"
29673,84,"Forestry"
29675,84,"Forestry"
29676,84,"Forestry"
29683,84,"Forestry"
29684,84,"Forestry"
29685,84,"Forestry"
29686,84,"Forestry"
29687,84,"Forestry"
29688,84,"Forestry"
29689,84,"Forestry"
29690,84,"Forestry"
29691,84,"Forestry"
29692,84,"Forestry"
29693,84,"Forestry"
29694,84,"Forestry"
29695,84,"Forestry"
30874,84,"Forestry"
30875,84,"Forestry"
30876,84,"Forestry"
30877,84,"Forestry"
30878,84,"Forestry"
30879,84,"Forestry"
30880,84,"Forestry"
30881,84,"Forestry"
30882,84,"Forestry"
30883,84,"Forestry"
30645,84,"Forestry"
29665,84,"Forestry"
30899,84,"Forestry"
29668,84,"Forestry"
30652,84,"Forestry"
30653,84,"Forestry"
11992,84,"Forestry"
11994,84,"Forestry"
11995,84,"Forestry"
11998,84,"Forestry"
12001,84,"Forestry"
12002,84,"Forestry"
12009,84,"Forestry"
12004,84,"Forestry"
30657,84,"Forestry"
30660,84,"Forestry"
30661,84,"Forestry"
30663,84,"Forestry"
30664,84,"Forestry"
30667,84,"Forestry"
30670,84,"Forestry"
30671,84,"Forestry"
30901,84,"Forestry"
30902,84,"Forestry"
30903,84,"Forestry"
30904,84,"Forestry"
30905,84,"Forestry"
30906,84,"Forestry"
30907,84,"Forestry"
30908,84,"Forestry"
30909,84,"Forestry"
30910,84,"Forestry"
30672,84,"Forestry"
16744,84,"Forestry"
17043,84,"Forestry"
16819,84,"Forestry"
15741,84,"Forestry"
15769,84,"Forestry"
15770,84,"Forestry"
17047,84,"Forestry"
15776,84,"Forestry"
15781,84,"Forestry"
16027,84,"Forestry"
16741,84,"Forestry"
16742,84,"Forestry"
16745,84,"Forestry"
16994,84,"Forestry"
16995,84,"Forestry"
16996,84,"Forestry"
16997,84,"Forestry"
17010,84,"Forestry"
16747,84,"Forestry"
16751,84,"Forestry"
16752,84,"Forestry"
17015,84,"Forestry"
17016,84,"Forestry"
17017,84,"Forestry"
17018,84,"Forestry"
17019,84,"Forestry"
17020,84,"Forestry"
17021,84,"Forestry"
16739,84,"Forestry"
15785,84,"Forestry"
15786,84,"Forestry"
15822,84,"Forestry"
15833,84,"Forestry"
15834,84,"Forestry"
15567,84,"Forestry"
15568,84,"Forestry"
15569,84,"Forestry"
15823,84,"Forestry"
16998,84,"Forestry"
16999,84,"Forestry"
17011,84,"Forestry"
15778,84,"Forestry"
15787,84,"Forestry"
15793,84,"Forestry"
15805,84,"Forestry"
15799,84,"Forestry"
15800,84,"Forestry"
15808,84,"Forestry"
15809,84,"Forestry"
15810,84,"Forestry"
15812,84,"Forestry"
15565,84,"Forestry"
15761,84,"Forestry"
15762,84,"Forestry"
13220,84,"Forestry"
12288,84,"Forestry"
12017,84,"Forestry"
29398,84,"Forestry"
29401,84,"Forestry"
11981,84,"Forestry"
12252,84,"Forestry"
29650,84,"Forestry"
30847,84,"Forestry"
30599,84,"Forestry"
30611,84,"Forestry"
30852,84,"Forestry"
30865,84,"Forestry"
30866,84,"Forestry"
30867,84,"Forestry"
30849,84,"Forestry"
30862,84,"Forestry"
30863,84,"Forestry"
30864,84,"Forestry"
30869,84,"Forestry"
30870,84,"Forestry"
30624,84,"Forestry"
29652,84,"Forestry"
29661,84,"Forestry"
27439,84,"Forestry"
27440,84,"Forestry"
30845,84,"Forestry"
30846,84,"Forestry"
30850,84,"Forestry"
30618,84,"Forestry"
30872,84,"Forestry"
30873,84,"Forestry"
29681,84,"Forestry"
30669,84,"Forestry"
17072,84,"Forestry"
17076,84,"Forestry"
17079,84,"Forestry"
15235,84,"Forestry"
15472,84,"Forestry"
15478,84,"Forestry"
15473,84,"Forestry"
15574,84,"Forestry"
17080,84,"Forestry"
15233,84,"Forestry"
15234,84,"Forestry"
15479,84,"Forestry"
15474,84,"Forestry"
15475,84,"Forestry"
15476,84,"Forestry"
15485,84,"Forestry"
15242,84,"Forestry"
15246,84,"Forestry"
15247,84,"Forestry"
15259,84,"Forestry"
27395,84,"Forestry"
3088,84,"Forestry"
3090,84,"Forestry"
27295,84,"Forestry"
17075,84,"Forestry"
15477,84,"Forestry"
15241,84,"Forestry"
15243,84,"Forestry"
15244,84,"Forestry"
15576,84,"Forestry"
15284,84,"Forestry"
17065,84,"Forestry"
17067,84,"Forestry"
17069,84,"Forestry"
16812,84,"Forestry"
16815,84,"Forestry"
16837,84,"Forestry"
15236,84,"Forestry"
15480,84,"Forestry"
16811,84,"Forestry"
15245,84,"Forestry"
15239,84,"Forestry"
15238,84,"Forestry"
15483,84,"Forestry"
17064,84,"Forestry"
16838,84,"Forestry"
30851,84,"Forestry"
30861,84,"Forestry"
30853,84,"Forestry"
30854,84,"Forestry"
15572,84,"Forestry"
16774,84,"Forestry"
16776,84,"Forestry"
16778,84,"Forestry"
16779,84,"Forestry"
17035,84,"Forestry"
17036,84,"Forestry"
17037,84,"Forestry"
17038,84,"Forestry"
17070,84,"Forestry"
17071,84,"Forestry"
17073,84,"Forestry"
17074,84,"Forestry"
16809,84,"Forestry"
16817,84,"Forestry"
16818,84,"Forestry"
16820,84,"Forestry"
16821,84,"Forestry"
16822,84,"Forestry"
16824,84,"Forestry"
16825,84,"Forestry"
16826,84,"Forestry"
16827,84,"Forestry"
16828,84,"Forestry"
16829,84,"Forestry"
17077,84,"Forestry"
16830,84,"Forestry"
16831,84,"Forestry"
17078,84,"Forestry"
16832,84,"Forestry"
16833,84,"Forestry"
17081,84,"Forestry"
17082,84,"Forestry"
17083,84,"Forestry"
16814,84,"Forestry"
16816,84,"Forestry"
30605,84,"Forestry"
30606,84,"Forestry"
30860,84,"Forestry"
30616,84,"Forestry"
30608,84,"Forestry"
30622,84,"Forestry"
30623,84,"Forestry"
30634,84,"Forestry"
30625,84,"Forestry"
30626,84,"Forestry"
30627,84,"Forestry"
30858,84,"Forestry"
30617,84,"Forestry"
30629,84,"Forestry"
30628,84,"Forestry"
30630,84,"Forestry"
30619,84,"Forestry"
30889,84,"Forestry"
13702,84,"Forestry"
13700,84,"Forestry"
17553,84,"Forestry"
17554,84,"Forestry"
15824,84,"Forestry"
13701,84,"Forestry"
22866,84,"Forestry"
22861,84,"Forestry"
22862,84,"Forestry"
22871,84,"Forestry"
22863,84,"Forestry"
22816,84,"Forestry"
22854,84,"Forestry"
22864,84,"Forestry"
22865,84,"Forestry"
22870,84,"Forestry"
15035,84,"Forestry"
15036,84,"Forestry"
15038,84,"Forestry"
15064,84,"Forestry"
15037,84,"Forestry"
15052,84,"Forestry"
15053,84,"Forestry"
15055,84,"Forestry"
15056,84,"Forestry"
15057,84,"Forestry"
15058,84,"Forestry"
15059,84,"Forestry"
15060,84,"Forestry"
15061,84,"Forestry"
15062,84,"Forestry"
15063,84,"Forestry"
15067,84,"Forestry"
22893,84,"Forestry"
22642,84,"Forestry"
22883,84,"Forestry"
22882,84,"Forestry"
22848,84,"Forestry"
16717,84,"Forestry"
23571,84,"Forestry"
23573,84,"Forestry"
23574,84,"Forestry"
16967,84,"Forestry"
23509,84,"Forestry"
15317,84,"Forestry"
23562,84,"Forestry"
23572,84,"Forestry"
23598,84,"Forestry"
23655,84,"Forestry"
23656,84,"Forestry"
23747,84,"Forestry"
16650,84,"Forestry"
16676,84,"Forestry"
16659,84,"Forestry"
16949,84,"Forestry"
16716,84,"Forestry"
16946,84,"Forestry"
16947,84,"Forestry"
16948,84,"Forestry"
16648,84,"Forestry"
16695,84,"Forestry"
16696,84,"Forestry"
16727,84,"Forestry"
16697,84,"Forestry"
13198,84,"Forestry"
13468,84,"Forestry"
13209,84,"Forestry"
13457,84,"Forestry"
13452,84,"Forestry"
13453,84,"Forestry"
13454,84,"Forestry"
13199,84,"Forestry"
13200,84,"Forestry"
13201,84,"Forestry"
13203,84,"Forestry"
13204,84,"Forestry"
13206,84,"Forestry"
13207,84,"Forestry"
13464,84,"Forestry"
13465,84,"Forestry"
13467,84,"Forestry"
13210,84,"Forestry"
13211,84,"Forestry"
13470,84,"Forestry"
13471,84,"Forestry"
13472,84,"Forestry"
13474,84,"Forestry"
13475,84,"Forestry"
13476,84,"Forestry"
13216,84,"Forestry"
13217,84,"Forestry"
13218,84,"Forestry"
13222,84,"Forestry"
13223,84,"Forestry"
13224,84,"Forestry"
13225,84,"Forestry"
13226,84,"Forestry"
13477,84,"Forestry"
13478,84,"Forestry"
13639,84,"Forestry"
15678,84,"Forestry"
15687,84,"Forestry"
15688,84,"Forestry"
15689,84,"Forestry"
15690,84,"Forestry"
15691,84,"Forestry"
15692,84,"Forestry"
15695,84,"Forestry"
15699,84,"Forestry"
15700,84,"Forestry"
15701,84,"Forestry"
6815,84,"Forestry"
15760,84,"Forestry"
13473,84,"Forestry"
13219,84,"Forestry"
13456,84,"Forestry"
13196,84,"Forestry"
13462,84,"Forestry"
13202,84,"Forestry"
13208,84,"Forestry"
13221,84,"Forestry"
15702,84,"Forestry"
13175,84,"Forestry"
13683,84,"Forestry"
14330,84,"Forestry"
14336,84,"Forestry"
31066,84,"Forestry"
14337,84,"Forestry"
30314,84,"Forestry"
30321,84,"Forestry"
30324,84,"Forestry"
14566,84,"Forestry"
30676,84,"Forestry"
15698,84,"Forestry"
15679,84,"Forestry"
14328,84,"Forestry"
13499,84,"Forestry"
4924,84,"Forestry"
31067,84,"Forestry"
31069,84,"Forestry"
30291,84,"Forestry"
30304,84,"Forestry"
30337,84,"Forestry"
13655,84,"Forestry"
13656,84,"Forestry"
30932,84,"Forestry"
30933,84,"Forestry"
30690,84,"Forestry"
13657,84,"Forestry"
13658,84,"Forestry"
13659,84,"Forestry"
30935,84,"Forestry"
13482,84,"Forestry"
13642,84,"Forestry"
13643,84,"Forestry"
13644,84,"Forestry"
13227,84,"Forestry"
13677,84,"Forestry"
13678,84,"Forestry"
15676,84,"Forestry"
15682,84,"Forestry"
13663,84,"Forestry"
13665,84,"Forestry"
13666,84,"Forestry"
13664,84,"Forestry"
13668,84,"Forestry"
13669,84,"Forestry"
13670,84,"Forestry"
13671,84,"Forestry"
13174,84,"Forestry"
13430,84,"Forestry"
13432,84,"Forestry"
30936,84,"Forestry"
30692,84,"Forestry"
13692,84,"Forestry"
15656,84,"Forestry"
15657,84,"Forestry"
22092,84,"Forestry"
22093,84,"Forestry"
22098,84,"Forestry"
15658,84,"Forestry"
15661,84,"Forestry"
15662,84,"Forestry"
15663,84,"Forestry"
13186,84,"Forestry"
13648,84,"Forestry"
13649,84,"Forestry"
13650,84,"Forestry"
13651,84,"Forestry"
13661,84,"Forestry"
13662,84,"Forestry"
13676,84,"Forestry"
13489,84,"Forestry"
13490,84,"Forestry"
13491,84,"Forestry"
13493,84,"Forestry"
13680,84,"Forestry"
13682,84,"Forestry"
13687,84,"Forestry"
13688,84,"Forestry"
13693,84,"Forestry"
13694,84,"Forestry"
13696,84,"Forestry"
13496,84,"Forestry"
13500,84,"Forestry"
13501,84,"Forestry"
13672,84,"Forestry"
13673,84,"Forestry"
13674,84,"Forestry"
13675,84,"Forestry"
13689,84,"Forestry"
13690,84,"Forestry"
13691,84,"Forestry"
22100,84,"Forestry"
22099,84,"Forestry"
13484,84,"Forestry"
13645,84,"Forestry"
15675,84,"Forestry"
13481,84,"Forestry"
15671,84,"Forestry"
15672,84,"Forestry"
4919,84,"Forestry"
4920,84,"Forestry"
4925,84,"Forestry"
15670,84,"Forestry"
15673,84,"Forestry"
30969,84,"Forestry"
15646,84,"Forestry"
15674,84,"Forestry"
13646,84,"Forestry"
4908,84,"Forestry"
18440,84,"Forestry"
18441,84,"Forestry"
30938,84,"Forestry"
30943,84,"Forestry"
30946,84,"Forestry"
30699,84,"Forestry"
4914,84,"Forestry"
4917,84,"Forestry"
4918,84,"Forestry"
30911,84,"Forestry"
30913,84,"Forestry"
30696,84,"Forestry"
30689,84,"Forestry"
30693,84,"Forestry"
30694,84,"Forestry"
30697,84,"Forestry"
30948,84,"Forestry"
30949,84,"Forestry"
30695,84,"Forestry"
18438,84,"Forestry"
30700,84,"Forestry"
30702,84,"Forestry"
30708,84,"Forestry"
30709,84,"Forestry"
30710,84,"Forestry"
30713,84,"Forestry"
30704,84,"Forestry"
30966,84,"Forestry"
30963,84,"Forestry"
31019,84,"Forestry"
30968,84,"Forestry"
15645,84,"Forestry"
20982,84,"Forestry"
18432,84,"Forestry"
18439,84,"Forestry"
4907,84,"Forestry"
18442,84,"Forestry"
15641,84,"Forestry"
15642,84,"Forestry"
15643,84,"Forestry"
20983,84,"Forestry"
15647,84,"Forestry"
15653,84,"Forestry"
31070,84,"Forestry"
18418,84,"Forestry"
31041,84,"Forestry"
31071,84,"Forestry"
31072,84,"Forestry"
31073,84,"Forestry"
31127,84,"Forestry"
18413,84,"Forestry"
18417,84,"Forestry"
16944,84,"Forestry"
15522,84,"Forestry"
15523,84,"Forestry"
15526,84,"Forestry"
15290,84,"Forestry"
22464,84,"Forestry"
16806,84,"Forestry"
15291,84,"Forestry"
15548,84,"Forestry"
15549,84,"Forestry"
15550,84,"Forestry"
15551,84,"Forestry"
15552,84,"Forestry"
15553,84,"Forestry"
15554,84,"Forestry"
15555,84,"Forestry"
15556,84,"Forestry"
15557,84,"Forestry"
15608,84,"Forestry"
15610,84,"Forestry"
15612,84,"Forestry"
15614,84,"Forestry"
15616,84,"Forestry"
16839,84,"Forestry"
16841,84,"Forestry"
16842,84,"Forestry"
16843,84,"Forestry"
15607,84,"Forestry"
15609,84,"Forestry"
15611,84,"Forestry"
15613,84,"Forestry"
15615,84,"Forestry"
15617,84,"Forestry"
15618,84,"Forestry"
15620,84,"Forestry"
15621,84,"Forestry"
15559,84,"Forestry"
15560,84,"Forestry"
15561,84,"Forestry"
15601,84,"Forestry"
15602,84,"Forestry"
22466,84,"Forestry"
15500,84,"Forestry"
15499,84,"Forestry"
15254,84,"Forestry"
15240,84,"Forestry"
18410,84,"Forestry"
18411,84,"Forestry"
18427,84,"Forestry"
18437,84,"Forestry"
15528,84,"Forestry"
15599,84,"Forestry"
16798,84,"Forestry"
22262,84,"Forestry"
22272,84,"Forestry"
22742,84,"Forestry"
13698,84,"Forestry"
22269,84,"Forestry"
22270,84,"Forestry"
22271,84,"Forestry"
22534,84,"Forestry"
22535,84,"Forestry"
22706,84,"Forestry"
22707,84,"Forestry"
22709,84,"Forestry"
22667,84,"Forestry"
16010,84,"Forestry"
17001,84,"Forestry"
15759,84,"Forestry"
15740,84,"Forestry"
15742,84,"Forestry"
15768,84,"Forestry"
15756,84,"Forestry"
15745,84,"Forestry"
16986,84,"Forestry"
16987,84,"Forestry"
16990,84,"Forestry"
17009,84,"Forestry"
15746,84,"Forestry"
15747,84,"Forestry"
15748,84,"Forestry"
15752,84,"Forestry"
15753,84,"Forestry"
15754,84,"Forestry"
15755,84,"Forestry"
16014,84,"Forestry"
16020,84,"Forestry"
16021,84,"Forestry"
16022,84,"Forestry"
15829,84,"Forestry"
15831,84,"Forestry"
17002,84,"Forestry"
17004,84,"Forestry"
17008,84,"Forestry"
16743,84,"Forestry"
17000,84,"Forestry"
16988,84,"Forestry"
16984,84,"Forestry"
16991,84,"Forestry"
17045,84,"Forestry"
17046,84,"Forestry"
17812,84,"Forestry"
17816,84,"Forestry"
17822,84,"Forestry"
12537,84,"Forestry"
12538,84,"Forestry"
17814,84,"Forestry"
22053,84,"Forestry"
22055,84,"Forestry"
22056,84,"Forestry"
22057,84,"Forestry"
22058,84,"Forestry"
21816,84,"Forestry"
12536,84,"Forestry"
12540,84,"Forestry"
12541,84,"Forestry"
21817,84,"Forestry"
21833,84,"Forestry"
21821,84,"Forestry"
21834,84,"Forestry"
21845,84,"Forestry"
22101,84,"Forestry"
22034,84,"Forestry"
21846,84,"Forestry"
21847,84,"Forestry"
21848,84,"Forestry"
22035,84,"Forestry"
21851,84,"Forestry"
12509,84,"Forestry"
12497,84,"Forestry"
12511,84,"Forestry"
12527,84,"Forestry"
17815,84,"Forestry"
17811,84,"Forestry"
16363,84,"Forestry"
16366,84,"Forestry"
16901,84,"Forestry"
16911,84,"Forestry"
16919,84,"Forestry"
16922,84,"Forestry"
16923,84,"Forestry"
16975,84,"Forestry"
27339,84,"Forestry"
22012,84,"Forestry"
22017,84,"Forestry"
22018,84,"Forestry"
21791,84,"Forestry"
21805,84,"Forestry"
22047,84,"Forestry"
12491,84,"Forestry"
15049,84,"Forestry"
15051,84,"Forestry"
15073,84,"Forestry"
15078,84,"Forestry"
15095,84,"Forestry"
15096,84,"Forestry"
15097,84,"Forestry"
15116,84,"Forestry"
14870,84,"Forestry"
12504,84,"Forestry"
15075,84,"Forestry"
15079,84,"Forestry"
15080,84,"Forestry"
15115,84,"Forestry"
15106,84,"Forestry"
15108,84,"Forestry"
14869,84,"Forestry"
14873,84,"Forestry"
14881,84,"Forestry"
15295,84,"Forestry"
14871,84,"Forestry"
14877,84,"Forestry"
16897,84,"Forestry"
16898,84,"Forestry"
16907,84,"Forestry"
16920,84,"Forestry"
16924,84,"Forestry"
16927,84,"Forestry"
16672,84,"Forestry"
16674,84,"Forestry"
16929,84,"Forestry"
16928,84,"Forestry"
15120,84,"Forestry"
15121,84,"Forestry"
15296,84,"Forestry"
15124,84,"Forestry"
14876,84,"Forestry"
16641,84,"Forestry"
5425,84,"Forestry"
5426,84,"Forestry"
5428,84,"Forestry"
5429,84,"Forestry"
5431,84,"Forestry"
5432,84,"Forestry"
4783,84,"Forestry"
5047,84,"Forestry"
5096,84,"Forestry"
30286,84,"Forestry"
30294,84,"Forestry"
30295,84,"Forestry"
30296,84,"Forestry"
30303,84,"Forestry"
30310,84,"Forestry"
30355,84,"Forestry"
30356,84,"Forestry"
30357,84,"Forestry"
30359,84,"Forestry"
30360,84,"Forestry"
30181,84,"Forestry"
30338,84,"Forestry"
17985,84,"Forestry"
17988,84,"Forestry"
17989,84,"Forestry"
17990,84,"Forestry"
17991,84,"Forestry"
17992,84,"Forestry"
17993,84,"Forestry"
17994,84,"Forestry"
18249,84,"Forestry"
6822,84,"Forestry"
6824,84,"Forestry"
7056,84,"Forestry"
7057,84,"Forestry"
6832,84,"Forestry"
6826,84,"Forestry"
6831,84,"Forestry"
6836,84,"Forestry"
7068,84,"Forestry"
7069,84,"Forestry"
6837,84,"Forestry"
7054,84,"Forestry"
7055,84,"Forestry"
6833,84,"Forestry"
6834,84,"Forestry"
7058,84,"Forestry"
7059,84,"Forestry"
7064,84,"Forestry"
7066,84,"Forestry"
7067,84,"Forestry"
7075,84,"Forestry"
7077,84,"Forestry"
7078,84,"Forestry"
6835,84,"Forestry"
7072,84,"Forestry"
16367,84,"Forestry"
16368,84,"Forestry"
16369,84,"Forestry"
16370,84,"Forestry"
16634,84,"Forestry"
16635,84,"Forestry"
16636,84,"Forestry"
16637,84,"Forestry"
16915,84,"Forestry"
16381,84,"Forestry"
16642,84,"Forestry"
16896,84,"Forestry"
16912,84,"Forestry"
16913,84,"Forestry"
16916,84,"Forestry"
16917,84,"Forestry"
16671,84,"Forestry"
16667,84,"Forestry"
16934,84,"Forestry"
16935,84,"Forestry"
16937,84,"Forestry"
16941,84,"Forestry"
16892,84,"Forestry"
27332,84,"Forestry"
27090,84,"Forestry"
27091,84,"Forestry"
27092,84,"Forestry"
27383,84,"Forestry"
27312,84,"Forestry"
27313,84,"Forestry"
27301,84,"Forestry"
27303,84,"Forestry"
30885,84,"Forestry"
27919,84,"Forestry"
12140,84,"Forestry"
12155,84,"Forestry"
11913,84,"Forestry"
27945,84,"Forestry"
27946,84,"Forestry"
27947,84,"Forestry"
28204,84,"Forestry"
11964,84,"Forestry"
299,84,"Forestry"
318,84,"Forestry"
309,84,"Forestry"
252,84,"Forestry"
300,84,"Forestry"
240,84,"Forestry"
250,84,"Forestry"
15708,84,"Forestry"
15757,84,"Forestry"
15703,84,"Forestry"
15706,84,"Forestry"
15707,84,"Forestry"
15710,84,"Forestry"
15711,84,"Forestry"
15709,84,"Forestry"
15744,84,"Forestry"
15704,84,"Forestry"
15705,84,"Forestry"
15722,84,"Forestry"
241,84,"Forestry"
15696,84,"Forestry"
239,84,"Forestry"
243,84,"Forestry"
242,84,"Forestry"
244,84,"Forestry"
248,84,"Forestry"
246,84,"Forestry"
247,84,"Forestry"
258,84,"Forestry"
249,84,"Forestry"
197,84,"Forestry"
198,84,"Forestry"
199,84,"Forestry"
245,84,"Forestry"
266,84,"Forestry"
256,84,"Forestry"
263,84,"Forestry"
264,84,"Forestry"
262,84,"Forestry"
261,84,"Forestry"
123,84,"Forestry"
125,84,"Forestry"
126,84,"Forestry"
226,84,"Forestry"
232,84,"Forestry"
251,84,"Forestry"
121,84,"Forestry"
122,84,"Forestry"
257,84,"Forestry"
259,84,"Forestry"
260,84,"Forestry"
265,84,"Forestry"
27893,66,"Sheepmeat"
28174,66,"Sheepmeat"
21602,66,"Sheepmeat"
27923,66,"Sheepmeat"
27924,66,"Sheepmeat"
27926,66,"Sheepmeat"
27927,66,"Sheepmeat"
27928,66,"Sheepmeat"
28178,66,"Sheepmeat"
27845,66,"Sheepmeat"
28098,66,"Sheepmeat"
27872,66,"Sheepmeat"
27873,66,"Sheepmeat"
27875,66,"Sheepmeat"
27890,66,"Sheepmeat"
28172,66,"Sheepmeat"
28176,66,"Sheepmeat"
28177,66,"Sheepmeat"
27933,66,"Sheepmeat"
27934,66,"Sheepmeat"
27935,66,"Sheepmeat"
27936,66,"Sheepmeat"
27937,66,"Sheepmeat"
28190,66,"Sheepmeat"
28191,66,"Sheepmeat"
28192,66,"Sheepmeat"
28194,66,"Sheepmeat"
28195,66,"Sheepmeat"
28193,66,"Sheepmeat"
27844,66,"Sheepmeat"
28099,66,"Sheepmeat"
27867,66,"Sheepmeat"
27846,66,"Sheepmeat"
28176,75,"Forestry"
27936,75,"Forestry"
27937,75,"Forestry"
28176,80,"Forestry"
27936,80,"Forestry"
27937,80,"Forestry"
21602,70,"Fruit"
28098,70,"Fruit"
27872,70,"Fruit"
27873,70,"Fruit"
27875,70,"Fruit"
28099,70,"Fruit"
27867,70,"Fruit"
27846,70,"Fruit"
21602,73,"Fruit"
28098,73,"Fruit"
27872,73,"Fruit"
27873,73,"Fruit"
27875,73,"Fruit"
28099,73,"Fruit"
27867,73,"Fruit"
27846,73,"Fruit"
101,79,"Sheepmeat"
103,79,"Sheepmeat"
99,79,"Sheepmeat"
15481,79,"Sheepmeat"
104,79,"Sheepmeat"
107,79,"Sheepmeat"
105,79,"Sheepmeat"
109,79,"Sheepmeat"
106,79,"Sheepmeat"
111,79,"Sheepmeat"
127,79,"Sheepmeat"
16764,79,"Sheepmeat"
16771,79,"Sheepmeat"
112,79,"Sheepmeat"
132,79,"Sheepmeat"
124,79,"Sheepmeat"
126,79,"Sheepmeat"
16763,79,"Sheepmeat"
16753,79,"Sheepmeat"
120,79,"Sheepmeat"
131,79,"Sheepmeat"
136,79,"Sheepmeat"
130,79,"Sheepmeat"
17031,79,"Sheepmeat"
17034,79,"Sheepmeat"
140,79,"Sheepmeat"
143,79,"Sheepmeat"
165,79,"Sheepmeat"
166,79,"Sheepmeat"
144,79,"Sheepmeat"
167,79,"Sheepmeat"
118,79,"Sheepmeat"
141,79,"Sheepmeat"
139,79,"Sheepmeat"
223,79,"Sheepmeat"
266,79,"Sheepmeat"
217,79,"Sheepmeat"
219,79,"Sheepmeat"
220,79,"Sheepmeat"
222,79,"Sheepmeat"
207,79,"Sheepmeat"
125,79,"Sheepmeat"
128,79,"Sheepmeat"
129,79,"Sheepmeat"
137,79,"Sheepmeat"
142,79,"Sheepmeat"
116,79,"Sheepmeat"
117,79,"Sheepmeat"
168,79,"Sheepmeat"
218,79,"Sheepmeat"
180,79,"Sheepmeat"
181,79,"Sheepmeat"
210,79,"Sheepmeat"
208,79,"Sheepmeat"
182,79,"Sheepmeat"
161,79,"Sheepmeat"
185,79,"Sheepmeat"
160,79,"Sheepmeat"
184,79,"Sheepmeat"
177,79,"Sheepmeat"
196,79,"Sheepmeat"
206,79,"Sheepmeat"
156,79,"Sheepmeat"
157,79,"Sheepmeat"
158,79,"Sheepmeat"
164,79,"Sheepmeat"
159,79,"Sheepmeat"
163,79,"Sheepmeat"
162,79,"Sheepmeat"
169,79,"Sheepmeat"
170,79,"Sheepmeat"
133,79,"Sheepmeat"
134,79,"Sheepmeat"
135,79,"Sheepmeat"
145,79,"Sheepmeat"
146,79,"Sheepmeat"
147,79,"Sheepmeat"
148,79,"Sheepmeat"
149,79,"Sheepmeat"
155,79,"Sheepmeat"
186,79,"Sheepmeat"
187,79,"Sheepmeat"
171,79,"Sheepmeat"
178,79,"Sheepmeat"
179,79,"Sheepmeat"
190,79,"Sheepmeat"
193,79,"Sheepmeat"
200,79,"Sheepmeat"
195,79,"Sheepmeat"
150,79,"Sheepmeat"
6984,79,"Sheepmeat"
188,79,"Sheepmeat"
191,79,"Sheepmeat"
192,79,"Sheepmeat"
6978,79,"Sheepmeat"
230,79,"Sheepmeat"
201,79,"Sheepmeat"
231,79,"Sheepmeat"
234,79,"Sheepmeat"
232,79,"Sheepmeat"
189,79,"Sheepmeat"
194,79,"Sheepmeat"
228,79,"Sheepmeat"
229,79,"Sheepmeat"
233,79,"Sheepmeat"
238,79,"Sheepmeat"
197,79,"Sheepmeat"
198,79,"Sheepmeat"
204,79,"Sheepmeat"
205,79,"Sheepmeat"
241,79,"Sheepmeat"
4412,79,"Sheepmeat"
4417,79,"Sheepmeat"
4655,79,"Sheepmeat"
3044,79,"Sheepmeat"
2976,79,"Sheepmeat"
4653,79,"Sheepmeat"
2977,79,"Sheepmeat"
2980,79,"Sheepmeat"
4403,79,"Sheepmeat"
4404,79,"Sheepmeat"
2982,79,"Sheepmeat"
3058,79,"Sheepmeat"
4392,79,"Sheepmeat"
4393,79,"Sheepmeat"
4394,79,"Sheepmeat"
4405,79,"Sheepmeat"
3048,79,"Sheepmeat"
4406,79,"Sheepmeat"
4407,79,"Sheepmeat"
4657,79,"Sheepmeat"
4658,79,"Sheepmeat"
3052,79,"Sheepmeat"
4659,79,"Sheepmeat"
4660,79,"Sheepmeat"
4410,79,"Sheepmeat"
4411,79,"Sheepmeat"
3053,79,"Sheepmeat"
3054,79,"Sheepmeat"
4418,79,"Sheepmeat"
4419,79,"Sheepmeat"
4423,79,"Sheepmeat"
2998,79,"Sheepmeat"
2938,79,"Sheepmeat"
2947,79,"Sheepmeat"
2958,79,"Sheepmeat"
2959,79,"Sheepmeat"
2955,79,"Sheepmeat"
2960,79,"Sheepmeat"
202,79,"Sheepmeat"
203,79,"Sheepmeat"
4414,79,"Sheepmeat"
4664,79,"Sheepmeat"
4413,79,"Sheepmeat"
4415,79,"Sheepmeat"
4662,79,"Sheepmeat"
2984,79,"Sheepmeat"
2985,79,"Sheepmeat"
2823,79,"Sheepmeat"
2986,79,"Sheepmeat"
2987,79,"Sheepmeat"
2989,79,"Sheepmeat"
3024,79,"Sheepmeat"
3050,79,"Sheepmeat"
3013,79,"Sheepmeat"
3049,79,"Sheepmeat"
3022,79,"Sheepmeat"
3051,79,"Sheepmeat"
2992,79,"Sheepmeat"
2993,79,"Sheepmeat"
4667,79,"Sheepmeat"
2991,79,"Sheepmeat"
4424,79,"Sheepmeat"
2961,79,"Sheepmeat"
2962,79,"Sheepmeat"
2963,79,"Sheepmeat"
2925,79,"Sheepmeat"
2978,79,"Sheepmeat"
2966,79,"Sheepmeat"
2924,79,"Sheepmeat"
2926,79,"Sheepmeat"
2927,79,"Sheepmeat"
2928,79,"Sheepmeat"
2929,79,"Sheepmeat"
2930,79,"Sheepmeat"
2931,79,"Sheepmeat"
2933,79,"Sheepmeat"
2934,79,"Sheepmeat"
2935,79,"Sheepmeat"
2936,79,"Sheepmeat"
2937,79,"Sheepmeat"
3273,79,"Sheepmeat"
3274,79,"Sheepmeat"
3275,79,"Sheepmeat"
3276,79,"Sheepmeat"
2974,79,"Sheepmeat"
2356,79,"Sheepmeat"
2965,79,"Sheepmeat"
2967,79,"Sheepmeat"
2975,79,"Sheepmeat"
2990,79,"Sheepmeat"
2355,79,"Sheepmeat"
2979,79,"Sheepmeat"
2981,79,"Sheepmeat"
2983,79,"Sheepmeat"
3057,79,"Sheepmeat"
3046,79,"Sheepmeat"
3047,79,"Sheepmeat"
3055,79,"Sheepmeat"
3056,79,"Sheepmeat"
2994,79,"Sheepmeat"
2995,79,"Sheepmeat"
2997,79,"Sheepmeat"
2996,79,"Sheepmeat"
3284,79,"Sheepmeat"
3285,79,"Sheepmeat"
85,79,"Sheepmeat"
2951,79,"Sheepmeat"
2952,79,"Sheepmeat"
2953,79,"Sheepmeat"
2956,79,"Sheepmeat"
2957,79,"Sheepmeat"
2964,79,"Sheepmeat"
2968,79,"Sheepmeat"
2969,79,"Sheepmeat"
2970,79,"Sheepmeat"
2971,79,"Sheepmeat"
2972,79,"Sheepmeat"
2973,79,"Sheepmeat"
2988,79,"Sheepmeat"
2999,79,"Sheepmeat"
3003,79,"Sheepmeat"
2343,79,"Sheepmeat"
3286,79,"Sheepmeat"
3272,79,"Sheepmeat"
2344,79,"Sheepmeat"
2345,79,"Sheepmeat"
2346,79,"Sheepmeat"
2357,79,"Sheepmeat"
3249,79,"Sheepmeat"
3251,79,"Sheepmeat"
3268,79,"Sheepmeat"
3269,79,"Sheepmeat"
7897,79,"Sheepmeat"
7899,79,"Sheepmeat"
15237,79,"Sheepmeat"
15483,79,"Sheepmeat"
7905,79,"Sheepmeat"
7288,79,"Sheepmeat"
7898,79,"Sheepmeat"
7290,79,"Sheepmeat"
7291,79,"Sheepmeat"
7292,79,"Sheepmeat"
7909,79,"Sheepmeat"
7877,79,"Sheepmeat"
7289,79,"Sheepmeat"
7896,79,"Sheepmeat"
7287,79,"Sheepmeat"
15501,79,"Sheepmeat"
7876,79,"Sheepmeat"
15238,79,"Sheepmeat"
15499,79,"Sheepmeat"
15500,79,"Sheepmeat"
15502,79,"Sheepmeat"
15503,79,"Sheepmeat"
2347,79,"Sheepmeat"
2348,79,"Sheepmeat"
2349,79,"Sheepmeat"
2350,79,"Sheepmeat"
2352,79,"Sheepmeat"
2353,79,"Sheepmeat"
2354,79,"Sheepmeat"
2920,79,"Sheepmeat"
2358,79,"Sheepmeat"
2919,79,"Sheepmeat"
4656,79,"Sheepmeat"
4420,79,"Sheepmeat"
4665,79,"Sheepmeat"
7886,79,"Sheepmeat"
7276,79,"Sheepmeat"
7277,79,"Sheepmeat"
15249,79,"Sheepmeat"
7296,79,"Sheepmeat"
7297,79,"Sheepmeat"
7298,79,"Sheepmeat"
7910,79,"Sheepmeat"
7912,79,"Sheepmeat"
7263,79,"Sheepmeat"
7911,79,"Sheepmeat"
7300,79,"Sheepmeat"
7858,79,"Sheepmeat"
7881,79,"Sheepmeat"
7888,79,"Sheepmeat"
7890,79,"Sheepmeat"
7283,79,"Sheepmeat"
7892,79,"Sheepmeat"
7281,79,"Sheepmeat"
7282,79,"Sheepmeat"
7894,79,"Sheepmeat"
7285,79,"Sheepmeat"
7286,79,"Sheepmeat"
7856,79,"Sheepmeat"
7893,79,"Sheepmeat"
7895,79,"Sheepmeat"
15998,79,"Sheepmeat"
7884,79,"Sheepmeat"
7284,79,"Sheepmeat"
15999,79,"Sheepmeat"
16000,79,"Sheepmeat"
16001,79,"Sheepmeat"
16004,79,"Sheepmeat"
7891,79,"Sheepmeat"
7261,79,"Sheepmeat"
7264,79,"Sheepmeat"
7265,79,"Sheepmeat"
11621,79,"Sheepmeat"
22835,79,"Sheepmeat"
7853,79,"Sheepmeat"
7859,79,"Sheepmeat"
7860,79,"Sheepmeat"
7861,79,"Sheepmeat"
7356,79,"Sheepmeat"
11901,79,"Sheepmeat"
7862,79,"Sheepmeat"
7863,79,"Sheepmeat"
7864,79,"Sheepmeat"
7867,79,"Sheepmeat"
7274,79,"Sheepmeat"
7880,79,"Sheepmeat"
7889,79,"Sheepmeat"
12131,79,"Sheepmeat"
12135,79,"Sheepmeat"
7357,79,"Sheepmeat"
7363,79,"Sheepmeat"
12132,79,"Sheepmeat"
11903,79,"Sheepmeat"
15248,79,"Sheepmeat"
15250,79,"Sheepmeat"
15251,79,"Sheepmeat"
15504,79,"Sheepmeat"
15507,79,"Sheepmeat"
15508,79,"Sheepmeat"
15514,79,"Sheepmeat"
15515,79,"Sheepmeat"
15518,79,"Sheepmeat"
15519,79,"Sheepmeat"
15252,79,"Sheepmeat"
15253,79,"Sheepmeat"
7260,79,"Sheepmeat"
7871,79,"Sheepmeat"
7267,79,"Sheepmeat"
7272,79,"Sheepmeat"
7885,79,"Sheepmeat"
16006,79,"Sheepmeat"
15845,79,"Sheepmeat"
15846,79,"Sheepmeat"
7857,79,"Sheepmeat"
22543,79,"Sheepmeat"
22544,79,"Sheepmeat"
22545,79,"Sheepmeat"
7854,79,"Sheepmeat"
7855,79,"Sheepmeat"
7868,79,"Sheepmeat"
7269,79,"Sheepmeat"
7270,79,"Sheepmeat"
7866,79,"Sheepmeat"
7869,79,"Sheepmeat"
7259,79,"Sheepmeat"
7302,79,"Sheepmeat"
7918,79,"Sheepmeat"
7852,79,"Sheepmeat"
7870,79,"Sheepmeat"
7873,79,"Sheepmeat"
7268,79,"Sheepmeat"
7872,79,"Sheepmeat"
7874,79,"Sheepmeat"
7875,79,"Sheepmeat"
7301,79,"Sheepmeat"
7273,79,"Sheepmeat"
7275,79,"Sheepmeat"
7358,79,"Sheepmeat"
7361,79,"Sheepmeat"
11902,79,"Sheepmeat"
151,79,"Sheepmeat"
153,79,"Sheepmeat"
16003,79,"Sheepmeat"
15509,79,"Sheepmeat"
16011,79,"Sheepmeat"
16007,79,"Sheepmeat"
22279,79,"Sheepmeat"
16010,79,"Sheepmeat"
15826,79,"Sheepmeat"
15827,79,"Sheepmeat"
16012,79,"Sheepmeat"
15510,79,"Sheepmeat"
15516,79,"Sheepmeat"
15517,79,"Sheepmeat"
7878,79,"Sheepmeat"
7266,79,"Sheepmeat"
152,79,"Sheepmeat"
154,79,"Sheepmeat"
6799,79,"Sheepmeat"
16002,79,"Sheepmeat"
16005,79,"Sheepmeat"
22536,79,"Sheepmeat"
22537,79,"Sheepmeat"
22280,79,"Sheepmeat"
22281,79,"Sheepmeat"
22709,79,"Sheepmeat"
22828,79,"Sheepmeat"
22829,79,"Sheepmeat"
22585,79,"Sheepmeat"
22586,79,"Sheepmeat"
22589,79,"Sheepmeat"
22590,79,"Sheepmeat"
22827,79,"Sheepmeat"
22830,79,"Sheepmeat"
22601,79,"Sheepmeat"
22602,79,"Sheepmeat"
22603,79,"Sheepmeat"
22609,79,"Sheepmeat"
22610,79,"Sheepmeat"
22710,79,"Sheepmeat"
22711,79,"Sheepmeat"
22712,79,"Sheepmeat"
22611,79,"Sheepmeat"
22612,79,"Sheepmeat"
22614,79,"Sheepmeat"
22613,79,"Sheepmeat"
22538,79,"Sheepmeat"
22539,79,"Sheepmeat"
22733,79,"Sheepmeat"
22734,79,"Sheepmeat"
22735,79,"Sheepmeat"
22717,79,"Sheepmeat"
22718,79,"Sheepmeat"
22719,79,"Sheepmeat"
22720,79,"Sheepmeat"
22721,79,"Sheepmeat"
22722,79,"Sheepmeat"
22723,79,"Sheepmeat"
22724,79,"Sheepmeat"
22725,79,"Sheepmeat"
22726,79,"Sheepmeat"
22727,79,"Sheepmeat"
22730,79,"Sheepmeat"
22731,79,"Sheepmeat"
22732,79,"Sheepmeat"
11874,79,"Sheepmeat"
22836,79,"Sheepmeat"
22575,79,"Sheepmeat"
22808,79,"Sheepmeat"
22811,79,"Sheepmeat"
14086,79,"Sheepmeat"
16008,79,"Sheepmeat"
16009,79,"Sheepmeat"
22495,79,"Sheepmeat"
22534,79,"Sheepmeat"
22535,79,"Sheepmeat"
22540,79,"Sheepmeat"
22729,79,"Sheepmeat"
22285,79,"Sheepmeat"
22286,79,"Sheepmeat"
22736,79,"Sheepmeat"
22737,79,"Sheepmeat"
22284,79,"Sheepmeat"
22701,79,"Sheepmeat"
22802,79,"Sheepmeat"
22803,79,"Sheepmeat"
22567,79,"Sheepmeat"
22789,79,"Sheepmeat"
22796,79,"Sheepmeat"
22807,79,"Sheepmeat"
22574,79,"Sheepmeat"
22578,79,"Sheepmeat"
22579,79,"Sheepmeat"
22580,79,"Sheepmeat"
22566,79,"Sheepmeat"
22790,79,"Sheepmeat"
22791,79,"Sheepmeat"
22792,79,"Sheepmeat"
22793,79,"Sheepmeat"
22794,79,"Sheepmeat"
22795,79,"Sheepmeat"
22797,79,"Sheepmeat"
22798,79,"Sheepmeat"
22799,79,"Sheepmeat"
22800,79,"Sheepmeat"
22801,79,"Sheepmeat"
22804,79,"Sheepmeat"
22805,79,"Sheepmeat"
22568,79,"Sheepmeat"
22581,79,"Sheepmeat"
22582,79,"Sheepmeat"
22583,79,"Sheepmeat"
22584,79,"Sheepmeat"
22810,79,"Sheepmeat"
22666,79,"Sheepmeat"
14066,79,"Sheepmeat"
14067,79,"Sheepmeat"
22868,79,"Sheepmeat"
22869,79,"Sheepmeat"
24391,79,"Sheepmeat"
24394,79,"Sheepmeat"
14076,79,"Sheepmeat"
14081,79,"Sheepmeat"
14082,79,"Sheepmeat"
14085,79,"Sheepmeat"
14087,79,"Sheepmeat"
14193,79,"Sheepmeat"
17721,79,"Sheepmeat"
17722,79,"Sheepmeat"
17723,79,"Sheepmeat"
12375,79,"Sheepmeat"
12376,79,"Sheepmeat"
17818,79,"Sheepmeat"
22813,79,"Sheepmeat"
22576,79,"Sheepmeat"
22620,79,"Sheepmeat"
22840,79,"Sheepmeat"
11873,79,"Sheepmeat"
22594,79,"Sheepmeat"
22595,79,"Sheepmeat"
22598,79,"Sheepmeat"
22599,79,"Sheepmeat"
22570,79,"Sheepmeat"
22814,79,"Sheepmeat"
22903,79,"Sheepmeat"
22815,79,"Sheepmeat"
22577,79,"Sheepmeat"
22607,79,"Sheepmeat"
22831,79,"Sheepmeat"
22593,79,"Sheepmeat"
11866,79,"Sheepmeat"
22837,79,"Sheepmeat"
22841,79,"Sheepmeat"
22842,79,"Sheepmeat"
22838,79,"Sheepmeat"
22839,79,"Sheepmeat"
22741,79,"Sheepmeat"
14095,79,"Sheepmeat"
14096,79,"Sheepmeat"
22748,79,"Sheepmeat"
22746,79,"Sheepmeat"
22747,79,"Sheepmeat"
22561,79,"Sheepmeat"
22559,79,"Sheepmeat"
22560,79,"Sheepmeat"
22742,79,"Sheepmeat"
22705,79,"Sheepmeat"
22668,79,"Sheepmeat"
22670,79,"Sheepmeat"
22750,79,"Sheepmeat"
22753,79,"Sheepmeat"
22558,79,"Sheepmeat"
22760,79,"Sheepmeat"
22761,79,"Sheepmeat"
22762,79,"Sheepmeat"
22763,79,"Sheepmeat"
22822,79,"Sheepmeat"
22751,79,"Sheepmeat"
22752,79,"Sheepmeat"
22755,79,"Sheepmeat"
22756,79,"Sheepmeat"
22757,79,"Sheepmeat"
22758,79,"Sheepmeat"
22759,79,"Sheepmeat"
22764,79,"Sheepmeat"
22765,79,"Sheepmeat"
22766,79,"Sheepmeat"
22767,79,"Sheepmeat"
22769,79,"Sheepmeat"
22787,79,"Sheepmeat"
22557,79,"Sheepmeat"
22600,79,"Sheepmeat"
22817,79,"Sheepmeat"
22819,79,"Sheepmeat"
22820,79,"Sheepmeat"
22823,79,"Sheepmeat"
22824,79,"Sheepmeat"
22553,79,"Sheepmeat"
22554,79,"Sheepmeat"
22555,79,"Sheepmeat"
22563,79,"Sheepmeat"
22845,79,"Sheepmeat"
22849,79,"Sheepmeat"
22854,79,"Sheepmeat"
22864,79,"Sheepmeat"
22865,79,"Sheepmeat"
22866,79,"Sheepmeat"
22843,79,"Sheepmeat"
22844,79,"Sheepmeat"
22867,79,"Sheepmeat"
11862,79,"Sheepmeat"
11863,79,"Sheepmeat"
11864,79,"Sheepmeat"
11865,79,"Sheepmeat"
22588,79,"Sheepmeat"
22597,79,"Sheepmeat"
22825,79,"Sheepmeat"
22821,79,"Sheepmeat"
108,79,"Sheepmeat"
110,79,"Sheepmeat"
16770,79,"Sheepmeat"
7882,79,"Sheepmeat"
7883,79,"Sheepmeat"
7278,79,"Sheepmeat"
7279,79,"Sheepmeat"
7280,79,"Sheepmeat"
7887,79,"Sheepmeat"
7254,79,"Sheepmeat"
7255,79,"Sheepmeat"
7926,79,"Sheepmeat"
7922,79,"Sheepmeat"
7923,79,"Sheepmeat"
7924,79,"Sheepmeat"
7925,79,"Sheepmeat"
7927,79,"Sheepmeat"
7928,79,"Sheepmeat"
7929,79,"Sheepmeat"
7930,79,"Sheepmeat"
7311,79,"Sheepmeat"
7920,79,"Sheepmeat"
7312,79,"Sheepmeat"
7323,79,"Sheepmeat"
7324,79,"Sheepmeat"
7328,79,"Sheepmeat"
7330,79,"Sheepmeat"
7325,79,"Sheepmeat"
7326,79,"Sheepmeat"
7329,79,"Sheepmeat"
7252,79,"Sheepmeat"
2810,79,"Sheepmeat"
2809,79,"Sheepmeat"
2813,79,"Sheepmeat"
2815,79,"Sheepmeat"
7251,79,"Sheepmeat"
2814,79,"Sheepmeat"
2838,79,"Sheepmeat"
2811,79,"Sheepmeat"
2844,79,"Sheepmeat"
2845,79,"Sheepmeat"
2846,79,"Sheepmeat"
2849,79,"Sheepmeat"
2852,79,"Sheepmeat"
2853,79,"Sheepmeat"
2854,79,"Sheepmeat"
2855,79,"Sheepmeat"
2856,79,"Sheepmeat"
2857,79,"Sheepmeat"
2858,79,"Sheepmeat"
2859,79,"Sheepmeat"
2860,79,"Sheepmeat"
2861,79,"Sheepmeat"
3034,79,"Sheepmeat"
3035,79,"Sheepmeat"
3039,79,"Sheepmeat"
3040,79,"Sheepmeat"
3041,79,"Sheepmeat"
3009,79,"Sheepmeat"
2812,79,"Sheepmeat"
16773,79,"Sheepmeat"
16774,79,"Sheepmeat"
16775,79,"Sheepmeat"
17076,79,"Sheepmeat"
16833,79,"Sheepmeat"
16834,79,"Sheepmeat"
17083,79,"Sheepmeat"
16835,79,"Sheepmeat"
16836,79,"Sheepmeat"
15232,79,"Sheepmeat"
15472,79,"Sheepmeat"
15573,79,"Sheepmeat"
7304,79,"Sheepmeat"
7303,79,"Sheepmeat"
7257,79,"Sheepmeat"
7258,79,"Sheepmeat"
7851,79,"Sheepmeat"
7865,79,"Sheepmeat"
7271,79,"Sheepmeat"
7919,79,"Sheepmeat"
3146,79,"Sheepmeat"
3190,79,"Sheepmeat"
3204,79,"Sheepmeat"
3203,79,"Sheepmeat"
7327,79,"Sheepmeat"
2805,79,"Sheepmeat"
2806,79,"Sheepmeat"
2807,79,"Sheepmeat"
2808,79,"Sheepmeat"
7947,79,"Sheepmeat"
12082,79,"Sheepmeat"
11904,79,"Sheepmeat"
2816,79,"Sheepmeat"
2817,79,"Sheepmeat"
2818,79,"Sheepmeat"
2819,79,"Sheepmeat"
2821,79,"Sheepmeat"
2822,79,"Sheepmeat"
3105,79,"Sheepmeat"
3148,79,"Sheepmeat"
2384,79,"Sheepmeat"
2414,79,"Sheepmeat"
3113,79,"Sheepmeat"
3156,79,"Sheepmeat"
3157,79,"Sheepmeat"
3147,79,"Sheepmeat"
3159,79,"Sheepmeat"
3160,79,"Sheepmeat"
3158,79,"Sheepmeat"
3149,79,"Sheepmeat"
3150,79,"Sheepmeat"
3161,79,"Sheepmeat"
3155,79,"Sheepmeat"
3162,79,"Sheepmeat"
3163,79,"Sheepmeat"
3164,79,"Sheepmeat"
3254,79,"Sheepmeat"
3189,79,"Sheepmeat"
3191,79,"Sheepmeat"
3192,79,"Sheepmeat"
3193,79,"Sheepmeat"
3196,79,"Sheepmeat"
3198,79,"Sheepmeat"
3199,79,"Sheepmeat"
3200,79,"Sheepmeat"
3201,79,"Sheepmeat"
3252,79,"Sheepmeat"
3116,79,"Sheepmeat"
3127,79,"Sheepmeat"
3128,79,"Sheepmeat"
3130,79,"Sheepmeat"
3132,79,"Sheepmeat"
3133,79,"Sheepmeat"
3134,79,"Sheepmeat"
3135,79,"Sheepmeat"
3136,79,"Sheepmeat"
3207,79,"Sheepmeat"
3208,79,"Sheepmeat"
3209,79,"Sheepmeat"
3220,79,"Sheepmeat"
2588,79,"Sheepmeat"
2590,79,"Sheepmeat"
2592,79,"Sheepmeat"
2593,79,"Sheepmeat"
2591,79,"Sheepmeat"
7906,79,"Sheepmeat"
2595,79,"Sheepmeat"
2596,79,"Sheepmeat"
2556,79,"Sheepmeat"
2557,79,"Sheepmeat"
2562,79,"Sheepmeat"
2575,79,"Sheepmeat"
2577,79,"Sheepmeat"
2585,79,"Sheepmeat"
2586,79,"Sheepmeat"
2587,79,"Sheepmeat"
2589,79,"Sheepmeat"
4210,79,"Sheepmeat"
2597,79,"Sheepmeat"
2598,79,"Sheepmeat"
2611,79,"Sheepmeat"
2600,79,"Sheepmeat"
2612,79,"Sheepmeat"
2731,79,"Sheepmeat"
2765,79,"Sheepmeat"
4216,79,"Sheepmeat"
4339,79,"Sheepmeat"
4340,79,"Sheepmeat"
4351,79,"Sheepmeat"
4616,79,"Sheepmeat"
4617,79,"Sheepmeat"
4618,79,"Sheepmeat"
4357,79,"Sheepmeat"
7907,79,"Sheepmeat"
2825,79,"Sheepmeat"
3011,79,"Sheepmeat"
3012,79,"Sheepmeat"
3244,79,"Sheepmeat"
3248,79,"Sheepmeat"
3250,79,"Sheepmeat"
3259,79,"Sheepmeat"
3260,79,"Sheepmeat"
3239,79,"Sheepmeat"
3222,79,"Sheepmeat"
3238,79,"Sheepmeat"
3139,79,"Sheepmeat"
3256,79,"Sheepmeat"
3258,79,"Sheepmeat"
3270,79,"Sheepmeat"
3271,79,"Sheepmeat"
3086,79,"Sheepmeat"
3087,79,"Sheepmeat"
3115,79,"Sheepmeat"
3121,79,"Sheepmeat"
3122,79,"Sheepmeat"
3138,79,"Sheepmeat"
3205,79,"Sheepmeat"
2573,79,"Sheepmeat"
7908,79,"Sheepmeat"
4634,79,"Sheepmeat"
2827,79,"Sheepmeat"
4635,79,"Sheepmeat"
4636,79,"Sheepmeat"
4637,79,"Sheepmeat"
4638,79,"Sheepmeat"
4639,79,"Sheepmeat"
4640,79,"Sheepmeat"
2826,79,"Sheepmeat"
2824,79,"Sheepmeat"
2907,79,"Sheepmeat"
3017,79,"Sheepmeat"
4380,79,"Sheepmeat"
4381,79,"Sheepmeat"
2831,79,"Sheepmeat"
2832,79,"Sheepmeat"
2833,79,"Sheepmeat"
2835,79,"Sheepmeat"
2834,79,"Sheepmeat"
4707,79,"Sheepmeat"
3032,79,"Sheepmeat"
4708,79,"Sheepmeat"
4709,79,"Sheepmeat"
3008,79,"Sheepmeat"
3027,79,"Sheepmeat"
3028,79,"Sheepmeat"
3010,79,"Sheepmeat"
2539,79,"Sheepmeat"
3029,79,"Sheepmeat"
3025,79,"Sheepmeat"
2829,79,"Sheepmeat"
2830,79,"Sheepmeat"
2828,79,"Sheepmeat"
2836,79,"Sheepmeat"
2876,79,"Sheepmeat"
2839,79,"Sheepmeat"
2862,79,"Sheepmeat"
2863,79,"Sheepmeat"
2864,79,"Sheepmeat"
2865,79,"Sheepmeat"
2866,79,"Sheepmeat"
2837,79,"Sheepmeat"
2841,79,"Sheepmeat"
3033,79,"Sheepmeat"
3036,79,"Sheepmeat"
2906,79,"Sheepmeat"
2905,79,"Sheepmeat"
2607,79,"Sheepmeat"
2610,79,"Sheepmeat"
4386,79,"Sheepmeat"
2842,79,"Sheepmeat"
3042,79,"Sheepmeat"
7253,79,"Sheepmeat"
2867,79,"Sheepmeat"
2875,79,"Sheepmeat"
3097,79,"Sheepmeat"
3094,79,"Sheepmeat"
3090,79,"Sheepmeat"
3100,79,"Sheepmeat"
27129,79,"Sheepmeat"
3091,79,"Sheepmeat"
3092,79,"Sheepmeat"
3095,79,"Sheepmeat"
3096,79,"Sheepmeat"
3099,79,"Sheepmeat"
3103,79,"Sheepmeat"
3104,79,"Sheepmeat"
3106,79,"Sheepmeat"
3108,79,"Sheepmeat"
3109,79,"Sheepmeat"
3110,79,"Sheepmeat"
3111,79,"Sheepmeat"
3112,79,"Sheepmeat"
3143,79,"Sheepmeat"
3145,79,"Sheepmeat"
3151,79,"Sheepmeat"
3153,79,"Sheepmeat"
2419,79,"Sheepmeat"
2428,79,"Sheepmeat"
2429,79,"Sheepmeat"
2430,79,"Sheepmeat"
2519,79,"Sheepmeat"
2531,79,"Sheepmeat"
4387,79,"Sheepmeat"
4388,79,"Sheepmeat"
27053,79,"Sheepmeat"
3083,79,"Sheepmeat"
3126,79,"Sheepmeat"
27309,79,"Sheepmeat"
3085,79,"Sheepmeat"
3089,79,"Sheepmeat"
27136,79,"Sheepmeat"
27391,79,"Sheepmeat"
27392,79,"Sheepmeat"
27393,79,"Sheepmeat"
27394,79,"Sheepmeat"
27395,79,"Sheepmeat"
27396,79,"Sheepmeat"
27139,79,"Sheepmeat"
27140,79,"Sheepmeat"
27557,79,"Sheepmeat"
27564,79,"Sheepmeat"
27565,79,"Sheepmeat"
27567,79,"Sheepmeat"
27568,79,"Sheepmeat"
27295,79,"Sheepmeat"
27312,79,"Sheepmeat"
27313,79,"Sheepmeat"
27367,79,"Sheepmeat"
3088,79,"Sheepmeat"
3101,79,"Sheepmeat"
3114,79,"Sheepmeat"
3142,79,"Sheepmeat"
3144,79,"Sheepmeat"
3187,79,"Sheepmeat"
2415,79,"Sheepmeat"
3081,79,"Sheepmeat"
3082,79,"Sheepmeat"
3123,79,"Sheepmeat"
3124,79,"Sheepmeat"
3125,79,"Sheepmeat"
3129,79,"Sheepmeat"
3137,79,"Sheepmeat"
91,79,"Sheepmeat"
7294,79,"Sheepmeat"
7902,79,"Sheepmeat"
7295,79,"Sheepmeat"
14325,79,"Sheepmeat"
14326,79,"Sheepmeat"
13429,79,"Sheepmeat"
7900,79,"Sheepmeat"
7903,79,"Sheepmeat"
13498,79,"Sheepmeat"
13499,79,"Sheepmeat"
13431,79,"Sheepmeat"
6766,79,"Sheepmeat"
17027,79,"Sheepmeat"
7025,79,"Sheepmeat"
7026,79,"Sheepmeat"
7033,79,"Sheepmeat"
6823,79,"Sheepmeat"
6807,79,"Sheepmeat"
6808,79,"Sheepmeat"
6809,79,"Sheepmeat"
7036,79,"Sheepmeat"
16749,79,"Sheepmeat"
6767,79,"Sheepmeat"
6988,79,"Sheepmeat"
6989,79,"Sheepmeat"
6990,79,"Sheepmeat"
6991,79,"Sheepmeat"
6992,79,"Sheepmeat"
6996,79,"Sheepmeat"
6997,79,"Sheepmeat"
7003,79,"Sheepmeat"
6792,79,"Sheepmeat"
6999,79,"Sheepmeat"
7002,79,"Sheepmeat"
7004,79,"Sheepmeat"
7027,79,"Sheepmeat"
7034,79,"Sheepmeat"
7035,79,"Sheepmeat"
17012,79,"Sheepmeat"
15765,79,"Sheepmeat"
17014,79,"Sheepmeat"
15764,79,"Sheepmeat"
6814,79,"Sheepmeat"
7045,79,"Sheepmeat"
2868,79,"Sheepmeat"
2874,79,"Sheepmeat"
11585,79,"Sheepmeat"
11586,79,"Sheepmeat"
2870,79,"Sheepmeat"
2893,79,"Sheepmeat"
11809,79,"Sheepmeat"
2869,79,"Sheepmeat"
2877,79,"Sheepmeat"
2871,79,"Sheepmeat"
2872,79,"Sheepmeat"
2882,79,"Sheepmeat"
2880,79,"Sheepmeat"
2883,79,"Sheepmeat"
2873,79,"Sheepmeat"
2878,79,"Sheepmeat"
2901,79,"Sheepmeat"
2903,79,"Sheepmeat"
2898,79,"Sheepmeat"
3062,79,"Sheepmeat"
3230,79,"Sheepmeat"
3060,79,"Sheepmeat"
3061,79,"Sheepmeat"
3075,79,"Sheepmeat"
3225,79,"Sheepmeat"
3229,79,"Sheepmeat"
3231,79,"Sheepmeat"
3059,79,"Sheepmeat"
3067,79,"Sheepmeat"
3070,79,"Sheepmeat"
2879,79,"Sheepmeat"
2885,79,"Sheepmeat"
2881,79,"Sheepmeat"
2884,79,"Sheepmeat"
2888,79,"Sheepmeat"
2889,79,"Sheepmeat"
2890,79,"Sheepmeat"
2891,79,"Sheepmeat"
2892,79,"Sheepmeat"
3289,79,"Sheepmeat"
2887,79,"Sheepmeat"
3290,79,"Sheepmeat"
2899,79,"Sheepmeat"
3291,79,"Sheepmeat"
2886,79,"Sheepmeat"
3066,79,"Sheepmeat"
3069,79,"Sheepmeat"
3071,79,"Sheepmeat"
3072,79,"Sheepmeat"
3073,79,"Sheepmeat"
3074,79,"Sheepmeat"
11584,79,"Sheepmeat"
27057,79,"Sheepmeat"
3077,79,"Sheepmeat"
3078,79,"Sheepmeat"
2900,79,"Sheepmeat"
2912,79,"Sheepmeat"
2915,79,"Sheepmeat"
2916,79,"Sheepmeat"
2923,79,"Sheepmeat"
2922,79,"Sheepmeat"
2918,79,"Sheepmeat"
2921,79,"Sheepmeat"
2917,79,"Sheepmeat"
2941,79,"Sheepmeat"
2940,79,"Sheepmeat"
2944,79,"Sheepmeat"
2945,79,"Sheepmeat"
2948,79,"Sheepmeat"
27055,79,"Sheepmeat"
27056,79,"Sheepmeat"
3063,79,"Sheepmeat"
3064,79,"Sheepmeat"
3076,79,"Sheepmeat"
2909,79,"Sheepmeat"
2911,79,"Sheepmeat"
2908,79,"Sheepmeat"
2910,79,"Sheepmeat"
3232,79,"Sheepmeat"
3233,79,"Sheepmeat"
3235,79,"Sheepmeat"
3278,79,"Sheepmeat"
3279,79,"Sheepmeat"
3131,79,"Sheepmeat"
3212,79,"Sheepmeat"
3227,79,"Sheepmeat"
3228,79,"Sheepmeat"
3295,79,"Sheepmeat"
3296,79,"Sheepmeat"
3234,79,"Sheepmeat"
3247,79,"Sheepmeat"
3264,79,"Sheepmeat"
3265,79,"Sheepmeat"
3266,79,"Sheepmeat"
3267,79,"Sheepmeat"
3236,79,"Sheepmeat"
3298,79,"Sheepmeat"
2895,79,"Sheepmeat"
3292,79,"Sheepmeat"
3294,79,"Sheepmeat"
3224,79,"Sheepmeat"
2894,79,"Sheepmeat"
3299,79,"Sheepmeat"
2896,79,"Sheepmeat"
2897,79,"Sheepmeat"
3293,79,"Sheepmeat"
2949,79,"Sheepmeat"
2939,79,"Sheepmeat"
2943,79,"Sheepmeat"
2946,79,"Sheepmeat"
2950,79,"Sheepmeat"
2954,79,"Sheepmeat"
2942,79,"Sheepmeat"
3277,79,"Sheepmeat"
3223,79,"Sheepmeat"
3297,79,"Sheepmeat"
3237,79,"Sheepmeat"
3213,79,"Sheepmeat"
3240,79,"Sheepmeat"
3241,79,"Sheepmeat"
3242,79,"Sheepmeat"
3243,79,"Sheepmeat"
3214,79,"Sheepmeat"
3216,79,"Sheepmeat"
3221,79,"Sheepmeat"
3246,79,"Sheepmeat"
3245,79,"Sheepmeat"
3261,79,"Sheepmeat"
3262,79,"Sheepmeat"
3253,79,"Sheepmeat"
2360,79,"Sheepmeat"
3257,79,"Sheepmeat"
3255,79,"Sheepmeat"
3263,79,"Sheepmeat"
14857,79,"Sheepmeat"
11871,79,"Sheepmeat"
11624,79,"Sheepmeat"
11889,79,"Sheepmeat"
11622,79,"Sheepmeat"
11626,79,"Sheepmeat"
11884,79,"Sheepmeat"
11886,79,"Sheepmeat"
11887,79,"Sheepmeat"
11629,79,"Sheepmeat"
11630,79,"Sheepmeat"
11631,79,"Sheepmeat"
12074,79,"Sheepmeat"
11623,79,"Sheepmeat"
12075,79,"Sheepmeat"
12084,79,"Sheepmeat"
11875,79,"Sheepmeat"
11882,79,"Sheepmeat"
11883,79,"Sheepmeat"
12073,79,"Sheepmeat"
12087,79,"Sheepmeat"
12088,79,"Sheepmeat"
12089,79,"Sheepmeat"
12077,79,"Sheepmeat"
12076,79,"Sheepmeat"
12085,79,"Sheepmeat"
12090,79,"Sheepmeat"
12086,79,"Sheepmeat"
11848,79,"Sheepmeat"
11849,79,"Sheepmeat"
12108,79,"Sheepmeat"
12109,79,"Sheepmeat"
12110,79,"Sheepmeat"
11891,79,"Sheepmeat"
12116,79,"Sheepmeat"
11890,79,"Sheepmeat"
11847,79,"Sheepmeat"
12078,79,"Sheepmeat"
12079,79,"Sheepmeat"
12080,79,"Sheepmeat"
12081,79,"Sheepmeat"
12083,79,"Sheepmeat"
12111,79,"Sheepmeat"
12113,79,"Sheepmeat"
12114,79,"Sheepmeat"
7948,79,"Sheepmeat"
7952,79,"Sheepmeat"
12136,79,"Sheepmeat"
11905,79,"Sheepmeat"
12107,79,"Sheepmeat"
27343,79,"Sheepmeat"
27355,79,"Sheepmeat"
27353,79,"Sheepmeat"
27100,79,"Sheepmeat"
27098,79,"Sheepmeat"
27111,79,"Sheepmeat"
12094,79,"Sheepmeat"
27362,79,"Sheepmeat"
11615,79,"Sheepmeat"
11616,79,"Sheepmeat"
11859,79,"Sheepmeat"
12091,79,"Sheepmeat"
11618,79,"Sheepmeat"
11620,79,"Sheepmeat"
11860,79,"Sheepmeat"
11868,79,"Sheepmeat"
11869,79,"Sheepmeat"
11625,79,"Sheepmeat"
11627,79,"Sheepmeat"
12093,79,"Sheepmeat"
12095,79,"Sheepmeat"
12096,79,"Sheepmeat"
12104,79,"Sheepmeat"
11619,79,"Sheepmeat"
11861,79,"Sheepmeat"
12118,79,"Sheepmeat"
27097,79,"Sheepmeat"
27107,79,"Sheepmeat"
27351,79,"Sheepmeat"
27102,79,"Sheepmeat"
27104,79,"Sheepmeat"
27105,79,"Sheepmeat"
27354,79,"Sheepmeat"
27106,79,"Sheepmeat"
27108,79,"Sheepmeat"
27359,79,"Sheepmeat"
27360,79,"Sheepmeat"
27361,79,"Sheepmeat"
22848,79,"Sheepmeat"
22846,79,"Sheepmeat"
22847,79,"Sheepmeat"
22657,79,"Sheepmeat"
22661,79,"Sheepmeat"
22663,79,"Sheepmeat"
11867,79,"Sheepmeat"
27357,79,"Sheepmeat"
27358,79,"Sheepmeat"
12097,79,"Sheepmeat"
12098,79,"Sheepmeat"
12103,79,"Sheepmeat"
12119,79,"Sheepmeat"
12092,79,"Sheepmeat"
12099,79,"Sheepmeat"
11810,79,"Sheepmeat"
11591,79,"Sheepmeat"
11818,79,"Sheepmeat"
11839,79,"Sheepmeat"
11804,79,"Sheepmeat"
11805,79,"Sheepmeat"
11628,79,"Sheepmeat"
11876,79,"Sheepmeat"
11877,79,"Sheepmeat"
11617,79,"Sheepmeat"
27363,79,"Sheepmeat"
27112,79,"Sheepmeat"
27109,79,"Sheepmeat"
27110,79,"Sheepmeat"
27113,79,"Sheepmeat"
11610,79,"Sheepmeat"
12105,79,"Sheepmeat"
12106,79,"Sheepmeat"
12120,79,"Sheepmeat"
12121,79,"Sheepmeat"
27063,79,"Sheepmeat"
27365,79,"Sheepmeat"
11806,79,"Sheepmeat"
11587,79,"Sheepmeat"
11811,79,"Sheepmeat"
11812,79,"Sheepmeat"
11853,79,"Sheepmeat"
7848,79,"Sheepmeat"
11840,79,"Sheepmeat"
7847,79,"Sheepmeat"
7849,79,"Sheepmeat"
7850,79,"Sheepmeat"
11841,79,"Sheepmeat"
11842,79,"Sheepmeat"
11843,79,"Sheepmeat"
7332,79,"Sheepmeat"
11846,79,"Sheepmeat"
7333,79,"Sheepmeat"
7334,79,"Sheepmeat"
7335,79,"Sheepmeat"
7336,79,"Sheepmeat"
7337,79,"Sheepmeat"
7338,79,"Sheepmeat"
7339,79,"Sheepmeat"
7341,79,"Sheepmeat"
7343,79,"Sheepmeat"
7340,79,"Sheepmeat"
7344,79,"Sheepmeat"
7349,79,"Sheepmeat"
7355,79,"Sheepmeat"
7346,79,"Sheepmeat"
7348,79,"Sheepmeat"
7354,79,"Sheepmeat"
12122,79,"Sheepmeat"
12125,79,"Sheepmeat"
7933,79,"Sheepmeat"
7935,79,"Sheepmeat"
7934,79,"Sheepmeat"
12124,79,"Sheepmeat"
11899,79,"Sheepmeat"
7939,79,"Sheepmeat"
12123,79,"Sheepmeat"
12128,79,"Sheepmeat"
11588,79,"Sheepmeat"
11589,79,"Sheepmeat"
11590,79,"Sheepmeat"
11592,79,"Sheepmeat"
11593,79,"Sheepmeat"
11594,79,"Sheepmeat"
11595,79,"Sheepmeat"
11596,79,"Sheepmeat"
11597,79,"Sheepmeat"
11813,79,"Sheepmeat"
11814,79,"Sheepmeat"
11815,79,"Sheepmeat"
11816,79,"Sheepmeat"
11817,79,"Sheepmeat"
7351,79,"Sheepmeat"
7353,79,"Sheepmeat"
7938,79,"Sheepmeat"
7940,79,"Sheepmeat"
7941,79,"Sheepmeat"
7942,79,"Sheepmeat"
7943,79,"Sheepmeat"
7951,79,"Sheepmeat"
7954,79,"Sheepmeat"
7955,79,"Sheepmeat"
7350,79,"Sheepmeat"
7352,79,"Sheepmeat"
12126,79,"Sheepmeat"
12129,79,"Sheepmeat"
11896,79,"Sheepmeat"
11897,79,"Sheepmeat"
12139,79,"Sheepmeat"
11906,79,"Sheepmeat"
11907,79,"Sheepmeat"
11908,79,"Sheepmeat"
11909,79,"Sheepmeat"
11898,79,"Sheepmeat"
11803,79,"Sheepmeat"
11807,79,"Sheepmeat"
11808,79,"Sheepmeat"
27083,79,"Sheepmeat"
27086,79,"Sheepmeat"
27327,79,"Sheepmeat"
27328,79,"Sheepmeat"
27329,79,"Sheepmeat"
27330,79,"Sheepmeat"
27095,79,"Sheepmeat"
27344,79,"Sheepmeat"
27350,79,"Sheepmeat"
27070,79,"Sheepmeat"
27074,79,"Sheepmeat"
27302,79,"Sheepmeat"
27310,79,"Sheepmeat"
27311,79,"Sheepmeat"
27314,79,"Sheepmeat"
27315,79,"Sheepmeat"
27068,79,"Sheepmeat"
27308,79,"Sheepmeat"
27064,79,"Sheepmeat"
27316,79,"Sheepmeat"
11819,79,"Sheepmeat"
11821,79,"Sheepmeat"
11824,79,"Sheepmeat"
11601,79,"Sheepmeat"
11602,79,"Sheepmeat"
11605,79,"Sheepmeat"
11606,79,"Sheepmeat"
11837,79,"Sheepmeat"
11838,79,"Sheepmeat"
11844,79,"Sheepmeat"
11845,79,"Sheepmeat"
27297,79,"Sheepmeat"
27298,79,"Sheepmeat"
27299,79,"Sheepmeat"
27300,79,"Sheepmeat"
27301,79,"Sheepmeat"
27303,79,"Sheepmeat"
27307,79,"Sheepmeat"
27075,79,"Sheepmeat"
27071,79,"Sheepmeat"
27073,79,"Sheepmeat"
27072,79,"Sheepmeat"
27089,79,"Sheepmeat"
27324,79,"Sheepmeat"
11885,79,"Sheepmeat"
11888,79,"Sheepmeat"
11894,79,"Sheepmeat"
11895,79,"Sheepmeat"
12133,79,"Sheepmeat"
2820,79,"Sheepmeat"
2902,79,"Sheepmeat"
2904,79,"Sheepmeat"
2913,79,"Sheepmeat"
7331,79,"Sheepmeat"
7946,79,"Sheepmeat"
7359,79,"Sheepmeat"
27090,79,"Sheepmeat"
27096,79,"Sheepmeat"
27094,79,"Sheepmeat"
27091,79,"Sheepmeat"
27427,79,"Sheepmeat"
27629,79,"Sheepmeat"
27429,79,"Sheepmeat"
27430,79,"Sheepmeat"
27432,79,"Sheepmeat"
27631,79,"Sheepmeat"
27650,79,"Sheepmeat"
27628,79,"Sheepmeat"
27426,79,"Sheepmeat"
27436,79,"Sheepmeat"
27437,79,"Sheepmeat"
16629,79,"Sheepmeat"
27620,79,"Sheepmeat"
27088,79,"Sheepmeat"
27386,79,"Sheepmeat"
27425,79,"Sheepmeat"
27092,79,"Sheepmeat"
27332,79,"Sheepmeat"
27614,79,"Sheepmeat"
27616,79,"Sheepmeat"
27617,79,"Sheepmeat"
27416,79,"Sheepmeat"
27421,79,"Sheepmeat"
27618,79,"Sheepmeat"
27632,79,"Sheepmeat"
27433,79,"Sheepmeat"
27434,79,"Sheepmeat"
29435,79,"Sheepmeat"
29630,79,"Sheepmeat"
29631,79,"Sheepmeat"
29632,79,"Sheepmeat"
29636,79,"Sheepmeat"
29456,79,"Sheepmeat"
29457,79,"Sheepmeat"
29458,79,"Sheepmeat"
16630,79,"Sheepmeat"
27339,79,"Sheepmeat"
15074,79,"Sheepmeat"
11822,79,"Sheepmeat"
11836,79,"Sheepmeat"
11823,79,"Sheepmeat"
11598,79,"Sheepmeat"
11599,79,"Sheepmeat"
11600,79,"Sheepmeat"
11820,79,"Sheepmeat"
11825,79,"Sheepmeat"
11826,79,"Sheepmeat"
11827,79,"Sheepmeat"
11828,79,"Sheepmeat"
11829,79,"Sheepmeat"
11830,79,"Sheepmeat"
11831,79,"Sheepmeat"
11832,79,"Sheepmeat"
11833,79,"Sheepmeat"
11834,79,"Sheepmeat"
11835,79,"Sheepmeat"
11603,79,"Sheepmeat"
11604,79,"Sheepmeat"
6983,79,"Sheepmeat"
6985,79,"Sheepmeat"
6982,79,"Sheepmeat"
16367,79,"Sheepmeat"
16368,79,"Sheepmeat"
16369,79,"Sheepmeat"
16370,79,"Sheepmeat"
16371,79,"Sheepmeat"
16372,79,"Sheepmeat"
16373,79,"Sheepmeat"
16374,79,"Sheepmeat"
16375,79,"Sheepmeat"
16376,79,"Sheepmeat"
16377,79,"Sheepmeat"
16378,79,"Sheepmeat"
16379,79,"Sheepmeat"
16380,79,"Sheepmeat"
16633,79,"Sheepmeat"
16634,79,"Sheepmeat"
16636,79,"Sheepmeat"
16915,79,"Sheepmeat"
27087,79,"Sheepmeat"
27331,79,"Sheepmeat"
27333,79,"Sheepmeat"
27334,79,"Sheepmeat"
27335,79,"Sheepmeat"
27336,79,"Sheepmeat"
27337,79,"Sheepmeat"
27093,79,"Sheepmeat"
27338,79,"Sheepmeat"
27345,79,"Sheepmeat"
27346,79,"Sheepmeat"
27347,79,"Sheepmeat"
27348,79,"Sheepmeat"
27349,79,"Sheepmeat"
27383,79,"Sheepmeat"
27384,79,"Sheepmeat"
27385,79,"Sheepmeat"
27387,79,"Sheepmeat"
27388,79,"Sheepmeat"
27389,79,"Sheepmeat"
29635,79,"Sheepmeat"
29640,79,"Sheepmeat"
29641,79,"Sheepmeat"
29642,79,"Sheepmeat"
29643,79,"Sheepmeat"
6986,79,"Sheepmeat"
6987,79,"Sheepmeat"
7007,79,"Sheepmeat"
7020,79,"Sheepmeat"
7017,79,"Sheepmeat"
7016,79,"Sheepmeat"
7019,79,"Sheepmeat"
6798,79,"Sheepmeat"
6794,79,"Sheepmeat"
6795,79,"Sheepmeat"
6796,79,"Sheepmeat"
6797,79,"Sheepmeat"
6800,79,"Sheepmeat"
6801,79,"Sheepmeat"
7021,79,"Sheepmeat"
29644,79,"Sheepmeat"
29645,79,"Sheepmeat"
29646,79,"Sheepmeat"
29647,79,"Sheepmeat"
29648,79,"Sheepmeat"
29650,79,"Sheepmeat"
29439,79,"Sheepmeat"
29440,79,"Sheepmeat"
29651,79,"Sheepmeat"
29441,79,"Sheepmeat"
29454,79,"Sheepmeat"
29455,79,"Sheepmeat"
27610,79,"Sheepmeat"
27418,79,"Sheepmeat"
27419,79,"Sheepmeat"
27420,79,"Sheepmeat"
27422,79,"Sheepmeat"
27423,79,"Sheepmeat"
27424,79,"Sheepmeat"
27619,79,"Sheepmeat"
27621,79,"Sheepmeat"
27622,79,"Sheepmeat"
27623,79,"Sheepmeat"
27624,79,"Sheepmeat"
27625,79,"Sheepmeat"
27626,79,"Sheepmeat"
27627,79,"Sheepmeat"
27428,79,"Sheepmeat"
27431,79,"Sheepmeat"
27630,79,"Sheepmeat"
27633,79,"Sheepmeat"
27634,79,"Sheepmeat"
27635,79,"Sheepmeat"
27636,79,"Sheepmeat"
27637,79,"Sheepmeat"
27638,79,"Sheepmeat"
27639,79,"Sheepmeat"
27640,79,"Sheepmeat"
27641,79,"Sheepmeat"
27642,79,"Sheepmeat"
27643,79,"Sheepmeat"
27644,79,"Sheepmeat"
27645,79,"Sheepmeat"
27646,79,"Sheepmeat"
27647,79,"Sheepmeat"
27648,79,"Sheepmeat"
27649,79,"Sheepmeat"
27651,79,"Sheepmeat"
27435,79,"Sheepmeat"
27657,79,"Sheepmeat"
27658,79,"Sheepmeat"
27659,79,"Sheepmeat"
27660,79,"Sheepmeat"
27661,79,"Sheepmeat"
27662,79,"Sheepmeat"
7015,79,"Sheepmeat"
7018,79,"Sheepmeat"
7022,79,"Sheepmeat"
7023,79,"Sheepmeat"
17030,79,"Sheepmeat"
16283,79,"Sheepmeat"
16284,79,"Sheepmeat"
16285,79,"Sheepmeat"
16286,79,"Sheepmeat"
16526,79,"Sheepmeat"
16548,79,"Sheepmeat"
16287,79,"Sheepmeat"
16520,79,"Sheepmeat"
16521,79,"Sheepmeat"
16523,79,"Sheepmeat"
16288,79,"Sheepmeat"
16289,79,"Sheepmeat"
16290,79,"Sheepmeat"
16525,79,"Sheepmeat"
16534,79,"Sheepmeat"
16536,79,"Sheepmeat"
16540,79,"Sheepmeat"
16297,79,"Sheepmeat"
16298,79,"Sheepmeat"
16299,79,"Sheepmeat"
16300,79,"Sheepmeat"
16541,79,"Sheepmeat"
16301,79,"Sheepmeat"
16302,79,"Sheepmeat"
16303,79,"Sheepmeat"
16304,79,"Sheepmeat"
16312,79,"Sheepmeat"
16552,79,"Sheepmeat"
16553,79,"Sheepmeat"
16539,79,"Sheepmeat"
16515,79,"Sheepmeat"
16518,79,"Sheepmeat"
16519,79,"Sheepmeat"
16522,79,"Sheepmeat"
16296,79,"Sheepmeat"
16531,79,"Sheepmeat"
16543,79,"Sheepmeat"
16544,79,"Sheepmeat"
16305,79,"Sheepmeat"
16306,79,"Sheepmeat"
16545,79,"Sheepmeat"
16546,79,"Sheepmeat"
16547,79,"Sheepmeat"
16308,79,"Sheepmeat"
16309,79,"Sheepmeat"
16549,79,"Sheepmeat"
16550,79,"Sheepmeat"
16551,79,"Sheepmeat"
16310,79,"Sheepmeat"
16311,79,"Sheepmeat"
16313,79,"Sheepmeat"
16314,79,"Sheepmeat"
16555,79,"Sheepmeat"
16533,79,"Sheepmeat"
6522,79,"Sheepmeat"
16559,79,"Sheepmeat"
16560,79,"Sheepmeat"
16561,79,"Sheepmeat"
16316,79,"Sheepmeat"
6762,79,"Sheepmeat"
16562,79,"Sheepmeat"
16315,79,"Sheepmeat"
16317,79,"Sheepmeat"
16566,79,"Sheepmeat"
16568,79,"Sheepmeat"
16319,79,"Sheepmeat"
16320,79,"Sheepmeat"
16295,79,"Sheepmeat"
16740,79,"Sheepmeat"
16784,79,"Sheepmeat"
17056,79,"Sheepmeat"
17063,79,"Sheepmeat"
16786,79,"Sheepmeat"
15255,79,"Sheepmeat"
15520,79,"Sheepmeat"
17048,79,"Sheepmeat"
15835,79,"Sheepmeat"
15822,79,"Sheepmeat"
15837,79,"Sheepmeat"
17051,79,"Sheepmeat"
15992,79,"Sheepmeat"
15993,79,"Sheepmeat"
17560,79,"Sheepmeat"
15824,79,"Sheepmeat"
15568,79,"Sheepmeat"
15823,79,"Sheepmeat"
15991,79,"Sheepmeat"
17053,79,"Sheepmeat"
16791,79,"Sheepmeat"
16795,79,"Sheepmeat"
16792,79,"Sheepmeat"
16793,79,"Sheepmeat"
17060,79,"Sheepmeat"
17061,79,"Sheepmeat"
17062,79,"Sheepmeat"
16801,79,"Sheepmeat"
16794,79,"Sheepmeat"
15839,79,"Sheepmeat"
15840,79,"Sheepmeat"
15841,79,"Sheepmeat"
15842,79,"Sheepmeat"
15843,79,"Sheepmeat"
15844,79,"Sheepmeat"
16029,79,"Sheepmeat"
16034,79,"Sheepmeat"
16035,79,"Sheepmeat"
16036,79,"Sheepmeat"
16038,79,"Sheepmeat"
16041,79,"Sheepmeat"
16048,79,"Sheepmeat"
16028,79,"Sheepmeat"
16030,79,"Sheepmeat"
16031,79,"Sheepmeat"
15997,79,"Sheepmeat"
15838,79,"Sheepmeat"
16032,79,"Sheepmeat"
13704,79,"Sheepmeat"
15994,79,"Sheepmeat"
15995,79,"Sheepmeat"
15996,79,"Sheepmeat"
16044,79,"Sheepmeat"
17058,79,"Sheepmeat"
16790,79,"Sheepmeat"
17049,79,"Sheepmeat"
17054,79,"Sheepmeat"
17055,79,"Sheepmeat"
16802,79,"Sheepmeat"
15562,79,"Sheepmeat"
15523,79,"Sheepmeat"
15526,79,"Sheepmeat"
16787,79,"Sheepmeat"
16788,79,"Sheepmeat"
16789,79,"Sheepmeat"
17057,79,"Sheepmeat"
16803,79,"Sheepmeat"
16804,79,"Sheepmeat"
16805,79,"Sheepmeat"
16806,79,"Sheepmeat"
16807,79,"Sheepmeat"
16808,79,"Sheepmeat"
17050,79,"Sheepmeat"
15836,79,"Sheepmeat"
16033,79,"Sheepmeat"
16042,79,"Sheepmeat"
22262,79,"Sheepmeat"
22520,79,"Sheepmeat"
22269,79,"Sheepmeat"
22270,79,"Sheepmeat"
22271,79,"Sheepmeat"
22272,79,"Sheepmeat"
16037,79,"Sheepmeat"
16039,79,"Sheepmeat"
16040,79,"Sheepmeat"
15577,79,"Sheepmeat"
15578,79,"Sheepmeat"
22268,79,"Sheepmeat"
16043,79,"Sheepmeat"
16045,79,"Sheepmeat"
16796,79,"Sheepmeat"
16798,79,"Sheepmeat"
16800,79,"Sheepmeat"
16799,79,"Sheepmeat"
17033,79,"Sheepmeat"
16754,79,"Sheepmeat"
16755,79,"Sheepmeat"
16758,79,"Sheepmeat"
16759,79,"Sheepmeat"
16760,79,"Sheepmeat"
16761,79,"Sheepmeat"
16762,79,"Sheepmeat"
16769,79,"Sheepmeat"
17044,79,"Sheepmeat"
17052,79,"Sheepmeat"
16776,79,"Sheepmeat"
16777,79,"Sheepmeat"
16778,79,"Sheepmeat"
17035,79,"Sheepmeat"
17036,79,"Sheepmeat"
17038,79,"Sheepmeat"
17039,79,"Sheepmeat"
16831,79,"Sheepmeat"
17078,79,"Sheepmeat"
17040,79,"Sheepmeat"
17025,79,"Sheepmeat"
3210,79,"Sheepmeat"
3211,79,"Sheepmeat"
17032,79,"Sheepmeat"
3226,79,"Sheepmeat"
3215,79,"Sheepmeat"
3217,79,"Sheepmeat"
3218,79,"Sheepmeat"
3219,79,"Sheepmeat"
3206,79,"Sheepmeat"
2395,79,"Sheepmeat"
2396,79,"Sheepmeat"
2476,79,"Sheepmeat"
2391,79,"Sheepmeat"
2394,79,"Sheepmeat"
2397,79,"Sheepmeat"
2398,79,"Sheepmeat"
2399,79,"Sheepmeat"
2400,79,"Sheepmeat"
2401,79,"Sheepmeat"
2402,79,"Sheepmeat"
2404,79,"Sheepmeat"
2473,79,"Sheepmeat"
2474,79,"Sheepmeat"
2475,79,"Sheepmeat"
2472,79,"Sheepmeat"
2471,79,"Sheepmeat"
2494,79,"Sheepmeat"
2433,79,"Sheepmeat"
2434,79,"Sheepmeat"
2505,79,"Sheepmeat"
2510,79,"Sheepmeat"
2511,79,"Sheepmeat"
2512,79,"Sheepmeat"
2521,79,"Sheepmeat"
2528,79,"Sheepmeat"
2529,79,"Sheepmeat"
2520,79,"Sheepmeat"
29659,79,"Sheepmeat"
2532,79,"Sheepmeat"
2536,79,"Sheepmeat"
2403,79,"Sheepmeat"
2362,79,"Sheepmeat"
2363,79,"Sheepmeat"
2364,79,"Sheepmeat"
2371,79,"Sheepmeat"
2372,79,"Sheepmeat"
2374,79,"Sheepmeat"
2368,79,"Sheepmeat"
2370,79,"Sheepmeat"
2388,79,"Sheepmeat"
2392,79,"Sheepmeat"
2407,79,"Sheepmeat"
2408,79,"Sheepmeat"
17028,79,"Sheepmeat"
17029,79,"Sheepmeat"
7024,79,"Sheepmeat"
7030,79,"Sheepmeat"
6802,79,"Sheepmeat"
17026,79,"Sheepmeat"
11892,79,"Sheepmeat"
27058,79,"Sheepmeat"
2369,79,"Sheepmeat"
2375,79,"Sheepmeat"
2376,79,"Sheepmeat"
2377,79,"Sheepmeat"
2378,79,"Sheepmeat"
2379,79,"Sheepmeat"
2380,79,"Sheepmeat"
2381,79,"Sheepmeat"
2382,79,"Sheepmeat"
2383,79,"Sheepmeat"
2385,79,"Sheepmeat"
2386,79,"Sheepmeat"
2387,79,"Sheepmeat"
2389,79,"Sheepmeat"
2406,79,"Sheepmeat"
2409,79,"Sheepmeat"
2410,79,"Sheepmeat"
2411,79,"Sheepmeat"
2412,79,"Sheepmeat"
2413,79,"Sheepmeat"
2416,79,"Sheepmeat"
2417,79,"Sheepmeat"
2418,79,"Sheepmeat"
2420,79,"Sheepmeat"
2421,79,"Sheepmeat"
2422,79,"Sheepmeat"
2423,79,"Sheepmeat"
2424,79,"Sheepmeat"
2425,79,"Sheepmeat"
2426,79,"Sheepmeat"
2427,79,"Sheepmeat"
2431,79,"Sheepmeat"
2432,79,"Sheepmeat"
2435,79,"Sheepmeat"
2436,79,"Sheepmeat"
2437,79,"Sheepmeat"
2438,79,"Sheepmeat"
2439,79,"Sheepmeat"
2440,79,"Sheepmeat"
2441,79,"Sheepmeat"
2442,79,"Sheepmeat"
2443,79,"Sheepmeat"
2444,79,"Sheepmeat"
2445,79,"Sheepmeat"
2446,79,"Sheepmeat"
2447,79,"Sheepmeat"
2448,79,"Sheepmeat"
2449,79,"Sheepmeat"
2450,79,"Sheepmeat"
2451,79,"Sheepmeat"
2452,79,"Sheepmeat"
2453,79,"Sheepmeat"
2454,79,"Sheepmeat"
2455,79,"Sheepmeat"
2456,79,"Sheepmeat"
2457,79,"Sheepmeat"
2458,79,"Sheepmeat"
2459,79,"Sheepmeat"
2460,79,"Sheepmeat"
2461,79,"Sheepmeat"
2462,79,"Sheepmeat"
2463,79,"Sheepmeat"
2464,79,"Sheepmeat"
2465,79,"Sheepmeat"
2466,79,"Sheepmeat"
2467,79,"Sheepmeat"
2468,79,"Sheepmeat"
2469,79,"Sheepmeat"
2470,79,"Sheepmeat"
2478,79,"Sheepmeat"
2479,79,"Sheepmeat"
2480,79,"Sheepmeat"
2481,79,"Sheepmeat"
2482,79,"Sheepmeat"
2483,79,"Sheepmeat"
2484,79,"Sheepmeat"
2485,79,"Sheepmeat"
2486,79,"Sheepmeat"
2487,79,"Sheepmeat"
2488,79,"Sheepmeat"
2489,79,"Sheepmeat"
2490,79,"Sheepmeat"
2491,79,"Sheepmeat"
2492,79,"Sheepmeat"
2493,79,"Sheepmeat"
2495,79,"Sheepmeat"
2496,79,"Sheepmeat"
2497,79,"Sheepmeat"
2498,79,"Sheepmeat"
2499,79,"Sheepmeat"
2500,79,"Sheepmeat"
2501,79,"Sheepmeat"
2502,79,"Sheepmeat"
2503,79,"Sheepmeat"
2504,79,"Sheepmeat"
2506,79,"Sheepmeat"
2507,79,"Sheepmeat"
2508,79,"Sheepmeat"
2509,79,"Sheepmeat"
2513,79,"Sheepmeat"
11854,79,"Sheepmeat"
27054,79,"Sheepmeat"
27059,79,"Sheepmeat"
27060,79,"Sheepmeat"
27061,79,"Sheepmeat"
27062,79,"Sheepmeat"
2514,79,"Sheepmeat"
2515,79,"Sheepmeat"
2516,79,"Sheepmeat"
2517,79,"Sheepmeat"
2518,79,"Sheepmeat"
2522,79,"Sheepmeat"
2523,79,"Sheepmeat"
2524,79,"Sheepmeat"
2525,79,"Sheepmeat"
2526,79,"Sheepmeat"
2527,79,"Sheepmeat"
2530,79,"Sheepmeat"
2405,79,"Sheepmeat"
2477,79,"Sheepmeat"
11893,79,"Sheepmeat"
11850,79,"Sheepmeat"
11851,79,"Sheepmeat"
11607,79,"Sheepmeat"
11608,79,"Sheepmeat"
11609,79,"Sheepmeat"
11611,79,"Sheepmeat"
11612,79,"Sheepmeat"
11852,79,"Sheepmeat"
11856,79,"Sheepmeat"
11857,79,"Sheepmeat"
11858,79,"Sheepmeat"
11613,79,"Sheepmeat"
12100,79,"Sheepmeat"
12101,79,"Sheepmeat"
12102,79,"Sheepmeat"
12117,79,"Sheepmeat"
27080,79,"Sheepmeat"
27340,79,"Sheepmeat"
27352,79,"Sheepmeat"
27364,79,"Sheepmeat"
27366,79,"Sheepmeat"
3065,79,"Sheepmeat"
3068,79,"Sheepmeat"
27065,79,"Sheepmeat"
27066,79,"Sheepmeat"
27067,79,"Sheepmeat"
27318,79,"Sheepmeat"
27319,79,"Sheepmeat"
27320,79,"Sheepmeat"
27321,79,"Sheepmeat"
27322,79,"Sheepmeat"
27323,79,"Sheepmeat"
27081,79,"Sheepmeat"
27082,79,"Sheepmeat"
27084,79,"Sheepmeat"
27085,79,"Sheepmeat"
27325,79,"Sheepmeat"
27326,79,"Sheepmeat"
4630,79,"Sheepmeat"
4396,79,"Sheepmeat"
4629,79,"Sheepmeat"
4627,79,"Sheepmeat"
4612,79,"Sheepmeat"
4397,79,"Sheepmeat"
4398,79,"Sheepmeat"
4648,79,"Sheepmeat"
4647,79,"Sheepmeat"
22899,79,"Sheepmeat"
4211,79,"Sheepmeat"
4212,79,"Sheepmeat"
2606,79,"Sheepmeat"
2609,79,"Sheepmeat"
4213,79,"Sheepmeat"
4603,79,"Sheepmeat"
4441,79,"Sheepmeat"
4604,79,"Sheepmeat"
4606,79,"Sheepmeat"
4668,79,"Sheepmeat"
4242,79,"Sheepmeat"
4243,79,"Sheepmeat"
2604,79,"Sheepmeat"
2781,79,"Sheepmeat"
2789,79,"Sheepmeat"
2605,79,"Sheepmeat"
2551,79,"Sheepmeat"
2785,79,"Sheepmeat"
2790,79,"Sheepmeat"
2608,79,"Sheepmeat"
4641,79,"Sheepmeat"
4358,79,"Sheepmeat"
4706,79,"Sheepmeat"
4448,79,"Sheepmeat"
2778,79,"Sheepmeat"
2745,79,"Sheepmeat"
2746,79,"Sheepmeat"
2747,79,"Sheepmeat"
4611,79,"Sheepmeat"
2554,79,"Sheepmeat"
2555,79,"Sheepmeat"
2705,79,"Sheepmeat"
2706,79,"Sheepmeat"
2708,79,"Sheepmeat"
2730,79,"Sheepmeat"
4620,79,"Sheepmeat"
4621,79,"Sheepmeat"
4622,79,"Sheepmeat"
4624,79,"Sheepmeat"
2553,79,"Sheepmeat"
2602,79,"Sheepmeat"
2603,79,"Sheepmeat"
2565,79,"Sheepmeat"
2559,79,"Sheepmeat"
2567,79,"Sheepmeat"
2568,79,"Sheepmeat"
2560,79,"Sheepmeat"
2569,79,"Sheepmeat"
2571,79,"Sheepmeat"
2570,79,"Sheepmeat"
7913,79,"Sheepmeat"
7915,79,"Sheepmeat"
7305,79,"Sheepmeat"
7262,79,"Sheepmeat"
7916,79,"Sheepmeat"
7313,79,"Sheepmeat"
7322,79,"Sheepmeat"
7321,79,"Sheepmeat"
7318,79,"Sheepmeat"
7314,79,"Sheepmeat"
7315,79,"Sheepmeat"
7914,79,"Sheepmeat"
7917,79,"Sheepmeat"
7307,79,"Sheepmeat"
7308,79,"Sheepmeat"
7309,79,"Sheepmeat"
7310,79,"Sheepmeat"
7931,79,"Sheepmeat"
7319,79,"Sheepmeat"
7320,79,"Sheepmeat"
2537,79,"Sheepmeat"
2547,79,"Sheepmeat"
2561,79,"Sheepmeat"
2564,79,"Sheepmeat"
2566,79,"Sheepmeat"
2572,79,"Sheepmeat"
2578,79,"Sheepmeat"
2582,79,"Sheepmeat"
2676,79,"Sheepmeat"
2677,79,"Sheepmeat"
2678,79,"Sheepmeat"
2679,79,"Sheepmeat"
2680,79,"Sheepmeat"
2681,79,"Sheepmeat"
2682,79,"Sheepmeat"
2689,79,"Sheepmeat"
2690,79,"Sheepmeat"
2693,79,"Sheepmeat"
2695,79,"Sheepmeat"
2698,79,"Sheepmeat"
2699,79,"Sheepmeat"
2702,79,"Sheepmeat"
2703,79,"Sheepmeat"
2704,79,"Sheepmeat"
2707,79,"Sheepmeat"
2544,79,"Sheepmeat"
2540,79,"Sheepmeat"
2541,79,"Sheepmeat"
2542,79,"Sheepmeat"
2543,79,"Sheepmeat"
2545,79,"Sheepmeat"
2550,79,"Sheepmeat"
2786,79,"Sheepmeat"
2787,79,"Sheepmeat"
4250,79,"Sheepmeat"
7932,79,"Sheepmeat"
7316,79,"Sheepmeat"
7317,79,"Sheepmeat"
2792,79,"Sheepmeat"
2791,79,"Sheepmeat"
3031,79,"Sheepmeat"
2538,79,"Sheepmeat"
3030,79,"Sheepmeat"
2548,79,"Sheepmeat"
27415,79,"Sheepmeat"
27410,79,"Sheepmeat"
27413,79,"Sheepmeat"
27607,79,"Sheepmeat"
27608,79,"Sheepmeat"
27611,79,"Sheepmeat"
27612,79,"Sheepmeat"
27613,79,"Sheepmeat"
27615,79,"Sheepmeat"
27417,79,"Sheepmeat"
27412,79,"Sheepmeat"
27609,79,"Sheepmeat"
27414,79,"Sheepmeat"
29663,79,"Sheepmeat"
27558,79,"Sheepmeat"
27559,79,"Sheepmeat"
27560,79,"Sheepmeat"
27561,79,"Sheepmeat"
27562,79,"Sheepmeat"
27585,79,"Sheepmeat"
27579,79,"Sheepmeat"
27580,79,"Sheepmeat"
27581,79,"Sheepmeat"
27582,79,"Sheepmeat"
27296,79,"Sheepmeat"
27124,79,"Sheepmeat"
27125,79,"Sheepmeat"
27376,79,"Sheepmeat"
27586,79,"Sheepmeat"
27583,79,"Sheepmeat"
27584,79,"Sheepmeat"
2552,79,"Sheepmeat"
2558,79,"Sheepmeat"
2563,79,"Sheepmeat"
2576,79,"Sheepmeat"
2579,79,"Sheepmeat"
2580,79,"Sheepmeat"
2581,79,"Sheepmeat"
2583,79,"Sheepmeat"
2584,79,"Sheepmeat"
2613,79,"Sheepmeat"
2614,79,"Sheepmeat"
2615,79,"Sheepmeat"
2616,79,"Sheepmeat"
2617,79,"Sheepmeat"
2618,79,"Sheepmeat"
2619,79,"Sheepmeat"
2620,79,"Sheepmeat"
2621,79,"Sheepmeat"
2622,79,"Sheepmeat"
2623,79,"Sheepmeat"
2624,79,"Sheepmeat"
2625,79,"Sheepmeat"
2626,79,"Sheepmeat"
2627,79,"Sheepmeat"
2628,79,"Sheepmeat"
2629,79,"Sheepmeat"
2637,79,"Sheepmeat"
2640,79,"Sheepmeat"
2641,79,"Sheepmeat"
2642,79,"Sheepmeat"
2643,79,"Sheepmeat"
2644,79,"Sheepmeat"
2645,79,"Sheepmeat"
2650,79,"Sheepmeat"
2651,79,"Sheepmeat"
2652,79,"Sheepmeat"
2653,79,"Sheepmeat"
2654,79,"Sheepmeat"
2655,79,"Sheepmeat"
2656,79,"Sheepmeat"
2657,79,"Sheepmeat"
2658,79,"Sheepmeat"
2659,79,"Sheepmeat"
2660,79,"Sheepmeat"
2661,79,"Sheepmeat"
2662,79,"Sheepmeat"
2663,79,"Sheepmeat"
2664,79,"Sheepmeat"
2665,79,"Sheepmeat"
2666,79,"Sheepmeat"
2670,79,"Sheepmeat"
2673,79,"Sheepmeat"
2674,79,"Sheepmeat"
2675,79,"Sheepmeat"
27603,79,"Sheepmeat"
27411,79,"Sheepmeat"
27652,79,"Sheepmeat"
27654,79,"Sheepmeat"
27655,79,"Sheepmeat"
27656,79,"Sheepmeat"
27569,79,"Sheepmeat"
27570,79,"Sheepmeat"
27571,79,"Sheepmeat"
27572,79,"Sheepmeat"
27573,79,"Sheepmeat"
27574,79,"Sheepmeat"
27575,79,"Sheepmeat"
27576,79,"Sheepmeat"
27577,79,"Sheepmeat"
27578,79,"Sheepmeat"
27604,79,"Sheepmeat"
27605,79,"Sheepmeat"
27606,79,"Sheepmeat"
27317,79,"Sheepmeat"
27123,79,"Sheepmeat"
27126,79,"Sheepmeat"
27127,79,"Sheepmeat"
27128,79,"Sheepmeat"
27378,79,"Sheepmeat"
27379,79,"Sheepmeat"
27380,79,"Sheepmeat"
27381,79,"Sheepmeat"
27563,79,"Sheepmeat"
27369,79,"Sheepmeat"
27370,79,"Sheepmeat"
27371,79,"Sheepmeat"
27372,79,"Sheepmeat"
27373,79,"Sheepmeat"
27374,79,"Sheepmeat"
27375,79,"Sheepmeat"
27117,79,"Sheepmeat"
27118,79,"Sheepmeat"
27119,79,"Sheepmeat"
27120,79,"Sheepmeat"
27121,79,"Sheepmeat"
27122,79,"Sheepmeat"
27566,79,"Sheepmeat"
12281,79,"Sheepmeat"
30841,79,"Sheepmeat"
12293,79,"Sheepmeat"
30840,79,"Sheepmeat"
12292,79,"Sheepmeat"
30837,79,"Sheepmeat"
12294,79,"Sheepmeat"
12020,79,"Sheepmeat"
12021,79,"Sheepmeat"
12022,79,"Sheepmeat"
12023,79,"Sheepmeat"
30631,79,"Sheepmeat"
2683,79,"Sheepmeat"
2686,79,"Sheepmeat"
2687,79,"Sheepmeat"
2688,79,"Sheepmeat"
2700,79,"Sheepmeat"
2701,79,"Sheepmeat"
2709,79,"Sheepmeat"
2710,79,"Sheepmeat"
2711,79,"Sheepmeat"
2712,79,"Sheepmeat"
2713,79,"Sheepmeat"
2714,79,"Sheepmeat"
2715,79,"Sheepmeat"
2716,79,"Sheepmeat"
2717,79,"Sheepmeat"
2718,79,"Sheepmeat"
2719,79,"Sheepmeat"
2720,79,"Sheepmeat"
2721,79,"Sheepmeat"
2722,79,"Sheepmeat"
2723,79,"Sheepmeat"
2724,79,"Sheepmeat"
2725,79,"Sheepmeat"
2726,79,"Sheepmeat"
2727,79,"Sheepmeat"
2728,79,"Sheepmeat"
2729,79,"Sheepmeat"
2601,79,"Sheepmeat"
2732,79,"Sheepmeat"
2733,79,"Sheepmeat"
2734,79,"Sheepmeat"
2735,79,"Sheepmeat"
2736,79,"Sheepmeat"
2737,79,"Sheepmeat"
2738,79,"Sheepmeat"
2739,79,"Sheepmeat"
2740,79,"Sheepmeat"
2741,79,"Sheepmeat"
4677,79,"Sheepmeat"
4215,79,"Sheepmeat"
2742,79,"Sheepmeat"
2743,79,"Sheepmeat"
2744,79,"Sheepmeat"
2750,79,"Sheepmeat"
2751,79,"Sheepmeat"
2754,79,"Sheepmeat"
2755,79,"Sheepmeat"
2756,79,"Sheepmeat"
2757,79,"Sheepmeat"
2758,79,"Sheepmeat"
2759,79,"Sheepmeat"
2760,79,"Sheepmeat"
2761,79,"Sheepmeat"
2762,79,"Sheepmeat"
2763,79,"Sheepmeat"
2764,79,"Sheepmeat"
2766,79,"Sheepmeat"
4341,79,"Sheepmeat"
4342,79,"Sheepmeat"
4217,79,"Sheepmeat"
4218,79,"Sheepmeat"
4219,79,"Sheepmeat"
4220,79,"Sheepmeat"
4221,79,"Sheepmeat"
4222,79,"Sheepmeat"
4613,79,"Sheepmeat"
4223,79,"Sheepmeat"
4614,79,"Sheepmeat"
4615,79,"Sheepmeat"
4343,79,"Sheepmeat"
4344,79,"Sheepmeat"
4345,79,"Sheepmeat"
4346,79,"Sheepmeat"
4224,79,"Sheepmeat"
4225,79,"Sheepmeat"
4226,79,"Sheepmeat"
4227,79,"Sheepmeat"
4228,79,"Sheepmeat"
4229,79,"Sheepmeat"
4347,79,"Sheepmeat"
4230,79,"Sheepmeat"
4231,79,"Sheepmeat"
4232,79,"Sheepmeat"
4233,79,"Sheepmeat"
4234,79,"Sheepmeat"
4235,79,"Sheepmeat"
4348,79,"Sheepmeat"
4349,79,"Sheepmeat"
4350,79,"Sheepmeat"
4623,79,"Sheepmeat"
4625,79,"Sheepmeat"
4626,79,"Sheepmeat"
4399,79,"Sheepmeat"
4400,79,"Sheepmeat"
2546,79,"Sheepmeat"
2549,79,"Sheepmeat"
4241,79,"Sheepmeat"
4649,79,"Sheepmeat"
4631,79,"Sheepmeat"
4359,79,"Sheepmeat"
4360,79,"Sheepmeat"
4361,79,"Sheepmeat"
4362,79,"Sheepmeat"
4363,79,"Sheepmeat"
4364,79,"Sheepmeat"
4365,79,"Sheepmeat"
4369,79,"Sheepmeat"
4370,79,"Sheepmeat"
4371,79,"Sheepmeat"
4372,79,"Sheepmeat"
4373,79,"Sheepmeat"
4374,79,"Sheepmeat"
4375,79,"Sheepmeat"
4376,79,"Sheepmeat"
4377,79,"Sheepmeat"
4378,79,"Sheepmeat"
4389,79,"Sheepmeat"
4390,79,"Sheepmeat"
4391,79,"Sheepmeat"
30581,79,"Sheepmeat"
30842,79,"Sheepmeat"
30584,79,"Sheepmeat"
30585,79,"Sheepmeat"
30586,79,"Sheepmeat"
30589,79,"Sheepmeat"
30591,79,"Sheepmeat"
30597,79,"Sheepmeat"
30600,79,"Sheepmeat"
30602,79,"Sheepmeat"
30587,79,"Sheepmeat"
30588,79,"Sheepmeat"
12269,79,"Sheepmeat"
30599,79,"Sheepmeat"
30613,79,"Sheepmeat"
30847,79,"Sheepmeat"
12268,79,"Sheepmeat"
11993,79,"Sheepmeat"
12286,79,"Sheepmeat"
12017,79,"Sheepmeat"
17559,79,"Sheepmeat"
17578,79,"Sheepmeat"
17579,79,"Sheepmeat"
17580,79,"Sheepmeat"
17804,79,"Sheepmeat"
17805,79,"Sheepmeat"
17587,79,"Sheepmeat"
17588,79,"Sheepmeat"
15740,79,"Sheepmeat"
15766,79,"Sheepmeat"
17789,79,"Sheepmeat"
17790,79,"Sheepmeat"
17562,79,"Sheepmeat"
17796,79,"Sheepmeat"
17572,79,"Sheepmeat"
17573,79,"Sheepmeat"
17574,79,"Sheepmeat"
17575,79,"Sheepmeat"
17576,79,"Sheepmeat"
17799,79,"Sheepmeat"
17800,79,"Sheepmeat"
17590,79,"Sheepmeat"
17810,79,"Sheepmeat"
17813,79,"Sheepmeat"
17802,79,"Sheepmeat"
17803,79,"Sheepmeat"
17581,79,"Sheepmeat"
17815,79,"Sheepmeat"
15720,79,"Sheepmeat"
17586,79,"Sheepmeat"
17561,79,"Sheepmeat"
17564,79,"Sheepmeat"
17563,79,"Sheepmeat"
17801,79,"Sheepmeat"
17558,79,"Sheepmeat"
17777,79,"Sheepmeat"
4642,79,"Sheepmeat"
4643,79,"Sheepmeat"
4644,79,"Sheepmeat"
4645,79,"Sheepmeat"
4646,79,"Sheepmeat"
4395,79,"Sheepmeat"
4236,79,"Sheepmeat"
4238,79,"Sheepmeat"
4239,79,"Sheepmeat"
4240,79,"Sheepmeat"
4549,79,"Sheepmeat"
4550,79,"Sheepmeat"
4551,79,"Sheepmeat"
4552,79,"Sheepmeat"
4553,79,"Sheepmeat"
4554,79,"Sheepmeat"
4401,79,"Sheepmeat"
4555,79,"Sheepmeat"
4556,79,"Sheepmeat"
4402,79,"Sheepmeat"
4557,79,"Sheepmeat"
4558,79,"Sheepmeat"
4559,79,"Sheepmeat"
4560,79,"Sheepmeat"
4650,79,"Sheepmeat"
4651,79,"Sheepmeat"
4569,79,"Sheepmeat"
4570,79,"Sheepmeat"
4282,79,"Sheepmeat"
4283,79,"Sheepmeat"
4284,79,"Sheepmeat"
4285,79,"Sheepmeat"
4286,79,"Sheepmeat"
4287,79,"Sheepmeat"
4288,79,"Sheepmeat"
4289,79,"Sheepmeat"
4580,79,"Sheepmeat"
4436,79,"Sheepmeat"
4599,79,"Sheepmeat"
4437,79,"Sheepmeat"
4446,79,"Sheepmeat"
4652,79,"Sheepmeat"
4607,79,"Sheepmeat"
4671,79,"Sheepmeat"
4608,79,"Sheepmeat"
4672,79,"Sheepmeat"
4609,79,"Sheepmeat"
4678,79,"Sheepmeat"
4320,79,"Sheepmeat"
4679,79,"Sheepmeat"
4321,79,"Sheepmeat"
4680,79,"Sheepmeat"
4322,79,"Sheepmeat"
4682,79,"Sheepmeat"
4324,79,"Sheepmeat"
4683,79,"Sheepmeat"
4408,79,"Sheepmeat"
4409,79,"Sheepmeat"
4421,79,"Sheepmeat"
4422,79,"Sheepmeat"
4661,79,"Sheepmeat"
2793,79,"Sheepmeat"
2795,79,"Sheepmeat"
2797,79,"Sheepmeat"
2799,79,"Sheepmeat"
2801,79,"Sheepmeat"
2803,79,"Sheepmeat"
4237,79,"Sheepmeat"
4244,79,"Sheepmeat"
4245,79,"Sheepmeat"
4246,79,"Sheepmeat"
4247,79,"Sheepmeat"
4248,79,"Sheepmeat"
4249,79,"Sheepmeat"
4251,79,"Sheepmeat"
4252,79,"Sheepmeat"
4253,79,"Sheepmeat"
4254,79,"Sheepmeat"
4255,79,"Sheepmeat"
4257,79,"Sheepmeat"
4258,79,"Sheepmeat"
4277,79,"Sheepmeat"
4278,79,"Sheepmeat"
4279,79,"Sheepmeat"
4280,79,"Sheepmeat"
4281,79,"Sheepmeat"
4546,79,"Sheepmeat"
4547,79,"Sheepmeat"
4548,79,"Sheepmeat"
4290,79,"Sheepmeat"
4291,79,"Sheepmeat"
4292,79,"Sheepmeat"
4293,79,"Sheepmeat"
4294,79,"Sheepmeat"
4295,79,"Sheepmeat"
4296,79,"Sheepmeat"
4297,79,"Sheepmeat"
4298,79,"Sheepmeat"
4299,79,"Sheepmeat"
4301,79,"Sheepmeat"
4302,79,"Sheepmeat"
4303,79,"Sheepmeat"
4304,79,"Sheepmeat"
4305,79,"Sheepmeat"
4306,79,"Sheepmeat"
4307,79,"Sheepmeat"
4308,79,"Sheepmeat"
4309,79,"Sheepmeat"
4310,79,"Sheepmeat"
4311,79,"Sheepmeat"
4312,79,"Sheepmeat"
4313,79,"Sheepmeat"
4314,79,"Sheepmeat"
4315,79,"Sheepmeat"
4571,79,"Sheepmeat"
4572,79,"Sheepmeat"
4574,79,"Sheepmeat"
4575,79,"Sheepmeat"
4576,79,"Sheepmeat"
4577,79,"Sheepmeat"
4578,79,"Sheepmeat"
4430,79,"Sheepmeat"
4431,79,"Sheepmeat"
4594,79,"Sheepmeat"
4598,79,"Sheepmeat"
4600,79,"Sheepmeat"
4445,79,"Sheepmeat"
4327,79,"Sheepmeat"
15656,79,"Sheepmeat"
27460,79,"Sheepmeat"
27459,79,"Sheepmeat"
27464,79,"Sheepmeat"
27681,79,"Sheepmeat"
22110,79,"Sheepmeat"
21856,79,"Sheepmeat"
21857,79,"Sheepmeat"
21858,79,"Sheepmeat"
21859,79,"Sheepmeat"
21860,79,"Sheepmeat"
21861,79,"Sheepmeat"
21244,79,"Sheepmeat"
27452,79,"Sheepmeat"
22111,79,"Sheepmeat"
21855,79,"Sheepmeat"
21862,79,"Sheepmeat"
21864,79,"Sheepmeat"
22112,79,"Sheepmeat"
22113,79,"Sheepmeat"
22114,79,"Sheepmeat"
22115,79,"Sheepmeat"
22116,79,"Sheepmeat"
22117,79,"Sheepmeat"
22123,79,"Sheepmeat"
22124,79,"Sheepmeat"
21865,79,"Sheepmeat"
21245,79,"Sheepmeat"
21673,79,"Sheepmeat"
21674,79,"Sheepmeat"
22136,79,"Sheepmeat"
22138,79,"Sheepmeat"
22139,79,"Sheepmeat"
22140,79,"Sheepmeat"
22142,79,"Sheepmeat"
22130,79,"Sheepmeat"
22370,79,"Sheepmeat"
22371,79,"Sheepmeat"
22289,79,"Sheepmeat"
22290,79,"Sheepmeat"
22311,79,"Sheepmeat"
22313,79,"Sheepmeat"
22337,79,"Sheepmeat"
22310,79,"Sheepmeat"
22335,79,"Sheepmeat"
22125,79,"Sheepmeat"
22128,79,"Sheepmeat"
22134,79,"Sheepmeat"
22288,79,"Sheepmeat"
22319,79,"Sheepmeat"
22320,79,"Sheepmeat"
22127,79,"Sheepmeat"
22315,79,"Sheepmeat"
22316,79,"Sheepmeat"
22318,79,"Sheepmeat"
22321,79,"Sheepmeat"
22322,79,"Sheepmeat"
22323,79,"Sheepmeat"
22324,79,"Sheepmeat"
22325,79,"Sheepmeat"
22326,79,"Sheepmeat"
22327,79,"Sheepmeat"
22328,79,"Sheepmeat"
22331,79,"Sheepmeat"
22332,79,"Sheepmeat"
22333,79,"Sheepmeat"
22350,79,"Sheepmeat"
22352,79,"Sheepmeat"
22363,79,"Sheepmeat"
22364,79,"Sheepmeat"
22365,79,"Sheepmeat"
22366,79,"Sheepmeat"
28607,79,"Sheepmeat"
22353,79,"Sheepmeat"
22354,79,"Sheepmeat"
22355,79,"Sheepmeat"
22356,79,"Sheepmeat"
22357,79,"Sheepmeat"
22358,79,"Sheepmeat"
22359,79,"Sheepmeat"
22360,79,"Sheepmeat"
22361,79,"Sheepmeat"
22362,79,"Sheepmeat"
22369,79,"Sheepmeat"
22373,79,"Sheepmeat"
22374,79,"Sheepmeat"
22376,79,"Sheepmeat"
4328,79,"Sheepmeat"
4687,79,"Sheepmeat"
4329,79,"Sheepmeat"
4688,79,"Sheepmeat"
4330,79,"Sheepmeat"
4689,79,"Sheepmeat"
4331,79,"Sheepmeat"
4690,79,"Sheepmeat"
4332,79,"Sheepmeat"
4691,79,"Sheepmeat"
4333,79,"Sheepmeat"
4692,79,"Sheepmeat"
4334,79,"Sheepmeat"
4693,79,"Sheepmeat"
4335,79,"Sheepmeat"
4694,79,"Sheepmeat"
4336,79,"Sheepmeat"
4695,79,"Sheepmeat"
4337,79,"Sheepmeat"
4696,79,"Sheepmeat"
4338,79,"Sheepmeat"
4449,79,"Sheepmeat"
4697,79,"Sheepmeat"
4438,79,"Sheepmeat"
4601,79,"Sheepmeat"
4439,79,"Sheepmeat"
4602,79,"Sheepmeat"
4440,79,"Sheepmeat"
2767,79,"Sheepmeat"
2768,79,"Sheepmeat"
2769,79,"Sheepmeat"
2770,79,"Sheepmeat"
2771,79,"Sheepmeat"
2772,79,"Sheepmeat"
2773,79,"Sheepmeat"
2774,79,"Sheepmeat"
2775,79,"Sheepmeat"
2776,79,"Sheepmeat"
2777,79,"Sheepmeat"
2794,79,"Sheepmeat"
2796,79,"Sheepmeat"
2798,79,"Sheepmeat"
2800,79,"Sheepmeat"
2802,79,"Sheepmeat"
2804,79,"Sheepmeat"
4670,79,"Sheepmeat"
4444,79,"Sheepmeat"
4442,79,"Sheepmeat"
4684,79,"Sheepmeat"
4326,79,"Sheepmeat"
4685,79,"Sheepmeat"
4443,79,"Sheepmeat"
4447,79,"Sheepmeat"
22372,79,"Sheepmeat"
28832,79,"Sheepmeat"
28833,79,"Sheepmeat"
28834,79,"Sheepmeat"
28835,79,"Sheepmeat"
28611,79,"Sheepmeat"
28612,79,"Sheepmeat"
28616,79,"Sheepmeat"
28635,79,"Sheepmeat"
28839,79,"Sheepmeat"
28859,79,"Sheepmeat"
28614,79,"Sheepmeat"
28855,79,"Sheepmeat"
28856,79,"Sheepmeat"
22314,79,"Sheepmeat"
22329,79,"Sheepmeat"
22338,79,"Sheepmeat"
22339,79,"Sheepmeat"
22340,79,"Sheepmeat"
22341,79,"Sheepmeat"
22342,79,"Sheepmeat"
22343,79,"Sheepmeat"
22344,79,"Sheepmeat"
22346,79,"Sheepmeat"
22347,79,"Sheepmeat"
22348,79,"Sheepmeat"
28613,79,"Sheepmeat"
28617,79,"Sheepmeat"
28618,79,"Sheepmeat"
28620,79,"Sheepmeat"
28621,79,"Sheepmeat"
28622,79,"Sheepmeat"
28623,79,"Sheepmeat"
28624,79,"Sheepmeat"
28625,79,"Sheepmeat"
28626,79,"Sheepmeat"
28627,79,"Sheepmeat"
28628,79,"Sheepmeat"
28629,79,"Sheepmeat"
28630,79,"Sheepmeat"
28631,79,"Sheepmeat"
28632,79,"Sheepmeat"
28633,79,"Sheepmeat"
28634,79,"Sheepmeat"
28636,79,"Sheepmeat"
28841,79,"Sheepmeat"
28842,79,"Sheepmeat"
28843,79,"Sheepmeat"
28844,79,"Sheepmeat"
28845,79,"Sheepmeat"
28852,79,"Sheepmeat"
28908,79,"Sheepmeat"
28909,79,"Sheepmeat"
28910,79,"Sheepmeat"
28911,79,"Sheepmeat"
27794,79,"Sheepmeat"
27800,79,"Sheepmeat"
27802,79,"Sheepmeat"
27803,79,"Sheepmeat"
27804,79,"Sheepmeat"
27805,79,"Sheepmeat"
27806,79,"Sheepmeat"
27807,79,"Sheepmeat"
27808,79,"Sheepmeat"
27809,79,"Sheepmeat"
27550,79,"Sheepmeat"
27551,79,"Sheepmeat"
28070,79,"Sheepmeat"
28647,79,"Sheepmeat"
28874,79,"Sheepmeat"
28876,79,"Sheepmeat"
28034,79,"Sheepmeat"
28889,79,"Sheepmeat"
27445,79,"Sheepmeat"
27446,79,"Sheepmeat"
27451,79,"Sheepmeat"
27454,79,"Sheepmeat"
27462,79,"Sheepmeat"
27465,79,"Sheepmeat"
27466,79,"Sheepmeat"
27470,79,"Sheepmeat"
27690,79,"Sheepmeat"
28660,79,"Sheepmeat"
28661,79,"Sheepmeat"
28663,79,"Sheepmeat"
28664,79,"Sheepmeat"
28665,79,"Sheepmeat"
28666,79,"Sheepmeat"
28693,79,"Sheepmeat"
28694,79,"Sheepmeat"
28915,79,"Sheepmeat"
28917,79,"Sheepmeat"
27954,79,"Sheepmeat"
27955,79,"Sheepmeat"
27956,79,"Sheepmeat"
27957,79,"Sheepmeat"
27958,79,"Sheepmeat"
27959,79,"Sheepmeat"
27971,79,"Sheepmeat"
27964,79,"Sheepmeat"
27965,79,"Sheepmeat"
27974,79,"Sheepmeat"
27994,79,"Sheepmeat"
27891,79,"Sheepmeat"
27892,79,"Sheepmeat"
27894,79,"Sheepmeat"
27975,79,"Sheepmeat"
27979,79,"Sheepmeat"
27988,79,"Sheepmeat"
27991,79,"Sheepmeat"
28002,79,"Sheepmeat"
28021,79,"Sheepmeat"
28022,79,"Sheepmeat"
27828,79,"Sheepmeat"
27832,79,"Sheepmeat"
28027,79,"Sheepmeat"
28028,79,"Sheepmeat"
27824,79,"Sheepmeat"
27825,79,"Sheepmeat"
27826,79,"Sheepmeat"
27827,79,"Sheepmeat"
27810,79,"Sheepmeat"
27811,79,"Sheepmeat"
27948,79,"Sheepmeat"
28010,79,"Sheepmeat"
28011,79,"Sheepmeat"
28012,79,"Sheepmeat"
28013,79,"Sheepmeat"
28014,79,"Sheepmeat"
28015,79,"Sheepmeat"
28016,79,"Sheepmeat"
28017,79,"Sheepmeat"
28018,79,"Sheepmeat"
28019,79,"Sheepmeat"
28020,79,"Sheepmeat"
27835,79,"Sheepmeat"
27836,79,"Sheepmeat"
27837,79,"Sheepmeat"
27838,79,"Sheepmeat"
28023,79,"Sheepmeat"
28024,79,"Sheepmeat"
28025,79,"Sheepmeat"
28026,79,"Sheepmeat"
28029,79,"Sheepmeat"
28030,79,"Sheepmeat"
28031,79,"Sheepmeat"
28032,79,"Sheepmeat"
28033,79,"Sheepmeat"
27461,79,"Sheepmeat"
22062,79,"Sheepmeat"
22072,79,"Sheepmeat"
22102,79,"Sheepmeat"
22103,79,"Sheepmeat"
23598,79,"Sheepmeat"
23599,79,"Sheepmeat"
23600,79,"Sheepmeat"
23654,79,"Sheepmeat"
23655,79,"Sheepmeat"
23656,79,"Sheepmeat"
23657,79,"Sheepmeat"
23663,79,"Sheepmeat"
23742,79,"Sheepmeat"
23743,79,"Sheepmeat"
23745,79,"Sheepmeat"
23746,79,"Sheepmeat"
23747,79,"Sheepmeat"
23781,79,"Sheepmeat"
23782,79,"Sheepmeat"
23808,79,"Sheepmeat"
23749,79,"Sheepmeat"
23754,79,"Sheepmeat"
23755,79,"Sheepmeat"
23756,79,"Sheepmeat"
23757,79,"Sheepmeat"
23758,79,"Sheepmeat"
23759,79,"Sheepmeat"
23761,79,"Sheepmeat"
23762,79,"Sheepmeat"
23763,79,"Sheepmeat"
23764,79,"Sheepmeat"
23765,79,"Sheepmeat"
23767,79,"Sheepmeat"
23774,79,"Sheepmeat"
23775,79,"Sheepmeat"
23776,79,"Sheepmeat"
23777,79,"Sheepmeat"
23788,79,"Sheepmeat"
23789,79,"Sheepmeat"
28655,79,"Sheepmeat"
28904,79,"Sheepmeat"
28905,79,"Sheepmeat"
28687,79,"Sheepmeat"
28689,79,"Sheepmeat"
28690,79,"Sheepmeat"
28691,79,"Sheepmeat"
28692,79,"Sheepmeat"
28916,79,"Sheepmeat"
27812,79,"Sheepmeat"
27949,79,"Sheepmeat"
27950,79,"Sheepmeat"
27951,79,"Sheepmeat"
27952,79,"Sheepmeat"
27953,79,"Sheepmeat"
27847,79,"Sheepmeat"
27848,79,"Sheepmeat"
27698,79,"Sheepmeat"
27704,79,"Sheepmeat"
27705,79,"Sheepmeat"
27706,79,"Sheepmeat"
27742,79,"Sheepmeat"
27743,79,"Sheepmeat"
27745,79,"Sheepmeat"
27747,79,"Sheepmeat"
16696,79,"Sheepmeat"
16727,79,"Sheepmeat"
16733,79,"Sheepmeat"
23589,79,"Sheepmeat"
23751,79,"Sheepmeat"
23752,79,"Sheepmeat"
23768,79,"Sheepmeat"
23769,79,"Sheepmeat"
23770,79,"Sheepmeat"
23771,79,"Sheepmeat"
23772,79,"Sheepmeat"
23792,79,"Sheepmeat"
23778,79,"Sheepmeat"
23779,79,"Sheepmeat"
23780,79,"Sheepmeat"
23783,79,"Sheepmeat"
23787,79,"Sheepmeat"
23811,79,"Sheepmeat"
22391,79,"Sheepmeat"
22392,79,"Sheepmeat"
22393,79,"Sheepmeat"
22394,79,"Sheepmeat"
22395,79,"Sheepmeat"
22398,79,"Sheepmeat"
27697,79,"Sheepmeat"
27707,79,"Sheepmeat"
27708,79,"Sheepmeat"
27472,79,"Sheepmeat"
27473,79,"Sheepmeat"
27475,79,"Sheepmeat"
27482,79,"Sheepmeat"
27486,79,"Sheepmeat"
27487,79,"Sheepmeat"
27717,79,"Sheepmeat"
27718,79,"Sheepmeat"
27719,79,"Sheepmeat"
27720,79,"Sheepmeat"
27721,79,"Sheepmeat"
27722,79,"Sheepmeat"
27723,79,"Sheepmeat"
27724,79,"Sheepmeat"
27725,79,"Sheepmeat"
27726,79,"Sheepmeat"
27727,79,"Sheepmeat"
27728,79,"Sheepmeat"
27507,79,"Sheepmeat"
27508,79,"Sheepmeat"
27509,79,"Sheepmeat"
27512,79,"Sheepmeat"
27513,79,"Sheepmeat"
27514,79,"Sheepmeat"
27515,79,"Sheepmeat"
27781,79,"Sheepmeat"
27510,79,"Sheepmeat"
27757,79,"Sheepmeat"
27758,79,"Sheepmeat"
27765,79,"Sheepmeat"
27769,79,"Sheepmeat"
27770,79,"Sheepmeat"
27773,79,"Sheepmeat"
27777,79,"Sheepmeat"
28873,79,"Sheepmeat"
28884,79,"Sheepmeat"
28643,79,"Sheepmeat"
28644,79,"Sheepmeat"
28645,79,"Sheepmeat"
28649,79,"Sheepmeat"
22399,79,"Sheepmeat"
14487,79,"Sheepmeat"
14488,79,"Sheepmeat"
14489,79,"Sheepmeat"
12599,79,"Sheepmeat"
14080,79,"Sheepmeat"
14083,79,"Sheepmeat"
14084,79,"Sheepmeat"
16648,79,"Sheepmeat"
16928,79,"Sheepmeat"
16649,79,"Sheepmeat"
23794,79,"Sheepmeat"
23795,79,"Sheepmeat"
23799,79,"Sheepmeat"
15297,79,"Sheepmeat"
15299,79,"Sheepmeat"
15301,79,"Sheepmeat"
15134,79,"Sheepmeat"
17567,79,"Sheepmeat"
17570,79,"Sheepmeat"
17571,79,"Sheepmeat"
17782,79,"Sheepmeat"
17792,79,"Sheepmeat"
17819,79,"Sheepmeat"
12035,79,"Sheepmeat"
17724,79,"Sheepmeat"
17725,79,"Sheepmeat"
12377,79,"Sheepmeat"
12378,79,"Sheepmeat"
12379,79,"Sheepmeat"
12380,79,"Sheepmeat"
12589,79,"Sheepmeat"
12590,79,"Sheepmeat"
12597,79,"Sheepmeat"
12384,79,"Sheepmeat"
12393,79,"Sheepmeat"
12394,79,"Sheepmeat"
12395,79,"Sheepmeat"
12396,79,"Sheepmeat"
12405,79,"Sheepmeat"
12413,79,"Sheepmeat"
12031,79,"Sheepmeat"
12032,79,"Sheepmeat"
12033,79,"Sheepmeat"
12034,79,"Sheepmeat"
12372,79,"Sheepmeat"
12373,79,"Sheepmeat"
12057,79,"Sheepmeat"
12601,79,"Sheepmeat"
12604,79,"Sheepmeat"
12605,79,"Sheepmeat"
12614,79,"Sheepmeat"
12521,79,"Sheepmeat"
14060,79,"Sheepmeat"
15133,79,"Sheepmeat"
14036,79,"Sheepmeat"
14043,79,"Sheepmeat"
13896,79,"Sheepmeat"
14032,79,"Sheepmeat"
14038,79,"Sheepmeat"
14039,79,"Sheepmeat"
14040,79,"Sheepmeat"
14044,79,"Sheepmeat"
14045,79,"Sheepmeat"
14046,79,"Sheepmeat"
14047,79,"Sheepmeat"
14049,79,"Sheepmeat"
14050,79,"Sheepmeat"
14054,79,"Sheepmeat"
14055,79,"Sheepmeat"
14057,79,"Sheepmeat"
14061,79,"Sheepmeat"
14035,79,"Sheepmeat"
14062,79,"Sheepmeat"
14063,79,"Sheepmeat"
22665,79,"Sheepmeat"
13638,79,"Sheepmeat"
24628,79,"Sheepmeat"
24386,79,"Sheepmeat"
24387,79,"Sheepmeat"
24652,79,"Sheepmeat"
12386,79,"Sheepmeat"
12387,79,"Sheepmeat"
12388,79,"Sheepmeat"
14078,79,"Sheepmeat"
14079,79,"Sheepmeat"
14077,79,"Sheepmeat"
12483,79,"Sheepmeat"
12484,79,"Sheepmeat"
12485,79,"Sheepmeat"
12487,79,"Sheepmeat"
12488,79,"Sheepmeat"
12567,79,"Sheepmeat"
12486,79,"Sheepmeat"
12381,79,"Sheepmeat"
12382,79,"Sheepmeat"
12383,79,"Sheepmeat"
12385,79,"Sheepmeat"
12389,79,"Sheepmeat"
12390,79,"Sheepmeat"
12391,79,"Sheepmeat"
12404,79,"Sheepmeat"
12603,79,"Sheepmeat"
12598,79,"Sheepmeat"
13850,79,"Sheepmeat"
13852,79,"Sheepmeat"
13853,79,"Sheepmeat"
13599,79,"Sheepmeat"
13604,79,"Sheepmeat"
13612,79,"Sheepmeat"
13618,79,"Sheepmeat"
13620,79,"Sheepmeat"
13621,79,"Sheepmeat"
13623,79,"Sheepmeat"
13624,79,"Sheepmeat"
13856,79,"Sheepmeat"
13857,79,"Sheepmeat"
13858,79,"Sheepmeat"
13862,79,"Sheepmeat"
13863,79,"Sheepmeat"
13864,79,"Sheepmeat"
13865,79,"Sheepmeat"
13866,79,"Sheepmeat"
13867,79,"Sheepmeat"
13868,79,"Sheepmeat"
13633,79,"Sheepmeat"
13634,79,"Sheepmeat"
13636,79,"Sheepmeat"
13637,79,"Sheepmeat"
14064,79,"Sheepmeat"
14065,79,"Sheepmeat"
13614,79,"Sheepmeat"
13615,79,"Sheepmeat"
13869,79,"Sheepmeat"
13870,79,"Sheepmeat"
13883,79,"Sheepmeat"
13630,79,"Sheepmeat"
13635,79,"Sheepmeat"
13632,79,"Sheepmeat"
24388,79,"Sheepmeat"
24389,79,"Sheepmeat"
24390,79,"Sheepmeat"
24392,79,"Sheepmeat"
24393,79,"Sheepmeat"
24395,79,"Sheepmeat"
24629,79,"Sheepmeat"
24630,79,"Sheepmeat"
24631,79,"Sheepmeat"
24632,79,"Sheepmeat"
24633,79,"Sheepmeat"
24634,79,"Sheepmeat"
24635,79,"Sheepmeat"
24636,79,"Sheepmeat"
24638,79,"Sheepmeat"
24642,79,"Sheepmeat"
24643,79,"Sheepmeat"
24644,79,"Sheepmeat"
24645,79,"Sheepmeat"
24646,79,"Sheepmeat"
24647,79,"Sheepmeat"
24649,79,"Sheepmeat"
24650,79,"Sheepmeat"
24651,79,"Sheepmeat"
24653,79,"Sheepmeat"
24655,79,"Sheepmeat"
24656,79,"Sheepmeat"
24410,79,"Sheepmeat"
24658,79,"Sheepmeat"
24659,79,"Sheepmeat"
24660,79,"Sheepmeat"
24661,79,"Sheepmeat"
24662,79,"Sheepmeat"
24663,79,"Sheepmeat"
24664,79,"Sheepmeat"
24665,79,"Sheepmeat"
24666,79,"Sheepmeat"
24667,79,"Sheepmeat"
24807,79,"Sheepmeat"
24808,79,"Sheepmeat"
24809,79,"Sheepmeat"
24810,79,"Sheepmeat"
24811,79,"Sheepmeat"
24812,79,"Sheepmeat"
24813,79,"Sheepmeat"
24814,79,"Sheepmeat"
24820,79,"Sheepmeat"
24821,79,"Sheepmeat"
24822,79,"Sheepmeat"
24823,79,"Sheepmeat"
24824,79,"Sheepmeat"
24825,79,"Sheepmeat"
24826,79,"Sheepmeat"
24827,79,"Sheepmeat"
24828,79,"Sheepmeat"
24832,79,"Sheepmeat"
24833,79,"Sheepmeat"
24834,79,"Sheepmeat"
24837,79,"Sheepmeat"
24840,79,"Sheepmeat"
24841,79,"Sheepmeat"
24842,79,"Sheepmeat"
24843,79,"Sheepmeat"
24844,79,"Sheepmeat"
24851,79,"Sheepmeat"
13895,79,"Sheepmeat"
13897,79,"Sheepmeat"
13898,79,"Sheepmeat"
13899,79,"Sheepmeat"
13900,79,"Sheepmeat"
13901,79,"Sheepmeat"
13893,79,"Sheepmeat"
13894,79,"Sheepmeat"
14031,79,"Sheepmeat"
14033,79,"Sheepmeat"
14034,79,"Sheepmeat"
14037,79,"Sheepmeat"
14051,79,"Sheepmeat"
14053,79,"Sheepmeat"
13631,79,"Sheepmeat"
14052,79,"Sheepmeat"
14056,79,"Sheepmeat"
15040,79,"Sheepmeat"
15045,79,"Sheepmeat"
15046,79,"Sheepmeat"
15048,79,"Sheepmeat"
15049,79,"Sheepmeat"
15050,79,"Sheepmeat"
15097,79,"Sheepmeat"
15067,79,"Sheepmeat"
15092,79,"Sheepmeat"
15047,79,"Sheepmeat"
15099,79,"Sheepmeat"
15104,79,"Sheepmeat"
14864,79,"Sheepmeat"
15105,79,"Sheepmeat"
14875,79,"Sheepmeat"
15110,79,"Sheepmeat"
15111,79,"Sheepmeat"
15116,79,"Sheepmeat"
15117,79,"Sheepmeat"
15118,79,"Sheepmeat"
15119,79,"Sheepmeat"
14879,79,"Sheepmeat"
15132,79,"Sheepmeat"
15138,79,"Sheepmeat"
15294,79,"Sheepmeat"
23807,79,"Sheepmeat"
22385,79,"Sheepmeat"
22388,79,"Sheepmeat"
22144,79,"Sheepmeat"
14282,79,"Sheepmeat"
14512,79,"Sheepmeat"
14042,79,"Sheepmeat"
14074,79,"Sheepmeat"
14283,79,"Sheepmeat"
14012,79,"Sheepmeat"
13891,79,"Sheepmeat"
22172,79,"Sheepmeat"
22173,79,"Sheepmeat"
22174,79,"Sheepmeat"
22175,79,"Sheepmeat"
22193,79,"Sheepmeat"
22194,79,"Sheepmeat"
22195,79,"Sheepmeat"
22196,79,"Sheepmeat"
22197,79,"Sheepmeat"
14007,79,"Sheepmeat"
14272,79,"Sheepmeat"
4353,79,"Sheepmeat"
4368,79,"Sheepmeat"
4628,79,"Sheepmeat"
4367,79,"Sheepmeat"
4366,79,"Sheepmeat"
22198,79,"Sheepmeat"
22199,79,"Sheepmeat"
4382,79,"Sheepmeat"
4384,79,"Sheepmeat"
4663,79,"Sheepmeat"
6777,79,"Sheepmeat"
6790,79,"Sheepmeat"
7008,79,"Sheepmeat"
7011,79,"Sheepmeat"
7013,79,"Sheepmeat"
7029,79,"Sheepmeat"
7014,79,"Sheepmeat"
17024,79,"Sheepmeat"
17023,79,"Sheepmeat"
16756,79,"Sheepmeat"
16757,79,"Sheepmeat"
6803,79,"Sheepmeat"
6804,79,"Sheepmeat"
6768,79,"Sheepmeat"
6525,79,"Sheepmeat"
7009,79,"Sheepmeat"
7010,79,"Sheepmeat"
7028,79,"Sheepmeat"
24637,79,"Sheepmeat"
24639,79,"Sheepmeat"
24640,79,"Sheepmeat"
24648,79,"Sheepmeat"
24404,79,"Sheepmeat"
24405,79,"Sheepmeat"
24411,79,"Sheepmeat"
24397,79,"Sheepmeat"
24398,79,"Sheepmeat"
24848,79,"Sheepmeat"
24400,79,"Sheepmeat"
24401,79,"Sheepmeat"
24402,79,"Sheepmeat"
12520,79,"Sheepmeat"
12562,79,"Sheepmeat"
12563,79,"Sheepmeat"
23838,79,"Sheepmeat"
23843,79,"Sheepmeat"
24641,79,"Sheepmeat"
24654,79,"Sheepmeat"
24406,79,"Sheepmeat"
24657,79,"Sheepmeat"
24396,79,"Sheepmeat"
24849,79,"Sheepmeat"
12038,79,"Sheepmeat"
12040,79,"Sheepmeat"
12041,79,"Sheepmeat"
12043,79,"Sheepmeat"
12044,79,"Sheepmeat"
12045,79,"Sheepmeat"
12046,79,"Sheepmeat"
12047,79,"Sheepmeat"
12048,79,"Sheepmeat"
12049,79,"Sheepmeat"
12050,79,"Sheepmeat"
12051,79,"Sheepmeat"
12052,79,"Sheepmeat"
12053,79,"Sheepmeat"
12054,79,"Sheepmeat"
12055,79,"Sheepmeat"
23844,79,"Sheepmeat"
23845,79,"Sheepmeat"
23846,79,"Sheepmeat"
23847,79,"Sheepmeat"
23854,79,"Sheepmeat"
23855,79,"Sheepmeat"
23601,79,"Sheepmeat"
23602,79,"Sheepmeat"
23603,79,"Sheepmeat"
23604,79,"Sheepmeat"
23608,79,"Sheepmeat"
23617,79,"Sheepmeat"
23620,79,"Sheepmeat"
23856,79,"Sheepmeat"
23631,79,"Sheepmeat"
23638,79,"Sheepmeat"
23639,79,"Sheepmeat"
23640,79,"Sheepmeat"
23641,79,"Sheepmeat"
23642,79,"Sheepmeat"
23643,79,"Sheepmeat"
23644,79,"Sheepmeat"
23645,79,"Sheepmeat"
23646,79,"Sheepmeat"
23647,79,"Sheepmeat"
23885,79,"Sheepmeat"
23886,79,"Sheepmeat"
23887,79,"Sheepmeat"
23888,79,"Sheepmeat"
23889,79,"Sheepmeat"
23890,79,"Sheepmeat"
23891,79,"Sheepmeat"
23892,79,"Sheepmeat"
23893,79,"Sheepmeat"
23894,79,"Sheepmeat"
23895,79,"Sheepmeat"
23896,79,"Sheepmeat"
23897,79,"Sheepmeat"
23898,79,"Sheepmeat"
23899,79,"Sheepmeat"
23900,79,"Sheepmeat"
23901,79,"Sheepmeat"
23902,79,"Sheepmeat"
23903,79,"Sheepmeat"
23904,79,"Sheepmeat"
23905,79,"Sheepmeat"
22019,79,"Sheepmeat"
21788,79,"Sheepmeat"
21789,79,"Sheepmeat"
21790,79,"Sheepmeat"
21791,79,"Sheepmeat"
21804,79,"Sheepmeat"
22020,79,"Sheepmeat"
22046,79,"Sheepmeat"
22047,79,"Sheepmeat"
22048,79,"Sheepmeat"
24853,79,"Sheepmeat"
24673,79,"Sheepmeat"
24674,79,"Sheepmeat"
24675,79,"Sheepmeat"
24676,79,"Sheepmeat"
24677,79,"Sheepmeat"
24678,79,"Sheepmeat"
24679,79,"Sheepmeat"
24680,79,"Sheepmeat"
24681,79,"Sheepmeat"
24682,79,"Sheepmeat"
24683,79,"Sheepmeat"
24684,79,"Sheepmeat"
24685,79,"Sheepmeat"
24686,79,"Sheepmeat"
24687,79,"Sheepmeat"
24688,79,"Sheepmeat"
27755,79,"Sheepmeat"
12295,79,"Sheepmeat"
12296,79,"Sheepmeat"
12297,79,"Sheepmeat"
12299,79,"Sheepmeat"
12300,79,"Sheepmeat"
12301,79,"Sheepmeat"
12302,79,"Sheepmeat"
12303,79,"Sheepmeat"
12304,79,"Sheepmeat"
12305,79,"Sheepmeat"
12306,79,"Sheepmeat"
12307,79,"Sheepmeat"
12308,79,"Sheepmeat"
12309,79,"Sheepmeat"
12310,79,"Sheepmeat"
12311,79,"Sheepmeat"
12312,79,"Sheepmeat"
12313,79,"Sheepmeat"
12314,79,"Sheepmeat"
12315,79,"Sheepmeat"
12316,79,"Sheepmeat"
12317,79,"Sheepmeat"
12318,79,"Sheepmeat"
12319,79,"Sheepmeat"
12325,79,"Sheepmeat"
12326,79,"Sheepmeat"
12327,79,"Sheepmeat"
12328,79,"Sheepmeat"
12056,79,"Sheepmeat"
12063,79,"Sheepmeat"
12064,79,"Sheepmeat"
12065,79,"Sheepmeat"
12066,79,"Sheepmeat"
12067,79,"Sheepmeat"
12068,79,"Sheepmeat"
12069,79,"Sheepmeat"
12070,79,"Sheepmeat"
12528,79,"Sheepmeat"
12533,79,"Sheepmeat"
12534,79,"Sheepmeat"
12535,79,"Sheepmeat"
12370,79,"Sheepmeat"
12374,79,"Sheepmeat"
12600,79,"Sheepmeat"
12058,79,"Sheepmeat"
12059,79,"Sheepmeat"
12060,79,"Sheepmeat"
12061,79,"Sheepmeat"
12062,79,"Sheepmeat"
12071,79,"Sheepmeat"
12072,79,"Sheepmeat"
12329,79,"Sheepmeat"
12330,79,"Sheepmeat"
12331,79,"Sheepmeat"
12474,79,"Sheepmeat"
12475,79,"Sheepmeat"
12476,79,"Sheepmeat"
12477,79,"Sheepmeat"
12478,79,"Sheepmeat"
12479,79,"Sheepmeat"
12480,79,"Sheepmeat"
12481,79,"Sheepmeat"
12482,79,"Sheepmeat"
12509,79,"Sheepmeat"
12513,79,"Sheepmeat"
12336,79,"Sheepmeat"
12338,79,"Sheepmeat"
12522,79,"Sheepmeat"
12523,79,"Sheepmeat"
12524,79,"Sheepmeat"
12340,79,"Sheepmeat"
12341,79,"Sheepmeat"
12342,79,"Sheepmeat"
12343,79,"Sheepmeat"
12344,79,"Sheepmeat"
12345,79,"Sheepmeat"
12346,79,"Sheepmeat"
12347,79,"Sheepmeat"
12348,79,"Sheepmeat"
12349,79,"Sheepmeat"
12350,79,"Sheepmeat"
12351,79,"Sheepmeat"
12352,79,"Sheepmeat"
12353,79,"Sheepmeat"
12354,79,"Sheepmeat"
12355,79,"Sheepmeat"
12356,79,"Sheepmeat"
12357,79,"Sheepmeat"
12358,79,"Sheepmeat"
12359,79,"Sheepmeat"
12360,79,"Sheepmeat"
12361,79,"Sheepmeat"
12362,79,"Sheepmeat"
12363,79,"Sheepmeat"
12364,79,"Sheepmeat"
12365,79,"Sheepmeat"
12366,79,"Sheepmeat"
27761,79,"Sheepmeat"
27762,79,"Sheepmeat"
27763,79,"Sheepmeat"
27764,79,"Sheepmeat"
27778,79,"Sheepmeat"
27534,79,"Sheepmeat"
27536,79,"Sheepmeat"
27546,79,"Sheepmeat"
27547,79,"Sheepmeat"
27548,79,"Sheepmeat"
27549,79,"Sheepmeat"
24859,79,"Sheepmeat"
28646,79,"Sheepmeat"
28650,79,"Sheepmeat"
28654,79,"Sheepmeat"
28867,79,"Sheepmeat"
28868,79,"Sheepmeat"
28891,79,"Sheepmeat"
28892,79,"Sheepmeat"
28895,79,"Sheepmeat"
28039,79,"Sheepmeat"
28040,79,"Sheepmeat"
28044,79,"Sheepmeat"
28045,79,"Sheepmeat"
28046,79,"Sheepmeat"
28047,79,"Sheepmeat"
28048,79,"Sheepmeat"
28051,79,"Sheepmeat"
28052,79,"Sheepmeat"
12367,79,"Sheepmeat"
12368,79,"Sheepmeat"
12525,79,"Sheepmeat"
12526,79,"Sheepmeat"
12527,79,"Sheepmeat"
12532,79,"Sheepmeat"
12371,79,"Sheepmeat"
12512,79,"Sheepmeat"
12536,79,"Sheepmeat"
12036,79,"Sheepmeat"
12530,79,"Sheepmeat"
27774,79,"Sheepmeat"
27533,79,"Sheepmeat"
27535,79,"Sheepmeat"
27780,79,"Sheepmeat"
13594,79,"Sheepmeat"
27779,79,"Sheepmeat"
17771,79,"Sheepmeat"
22571,79,"Sheepmeat"
22572,79,"Sheepmeat"
22573,79,"Sheepmeat"
13714,79,"Sheepmeat"
27908,79,"Sheepmeat"
15346,79,"Sheepmeat"
15347,79,"Sheepmeat"
15349,79,"Sheepmeat"
15353,79,"Sheepmeat"
15354,79,"Sheepmeat"
15359,79,"Sheepmeat"
15142,79,"Sheepmeat"
15360,79,"Sheepmeat"
28132,79,"Sheepmeat"
28134,79,"Sheepmeat"
28135,79,"Sheepmeat"
28136,79,"Sheepmeat"
28153,79,"Sheepmeat"
27915,79,"Sheepmeat"
27917,79,"Sheepmeat"
27919,79,"Sheepmeat"
28168,79,"Sheepmeat"
28169,79,"Sheepmeat"
27922,79,"Sheepmeat"
28179,79,"Sheepmeat"
14191,79,"Sheepmeat"
17719,79,"Sheepmeat"
12491,79,"Sheepmeat"
12497,79,"Sheepmeat"
12508,79,"Sheepmeat"
12511,79,"Sheepmeat"
12332,79,"Sheepmeat"
12333,79,"Sheepmeat"
12335,79,"Sheepmeat"
12337,79,"Sheepmeat"
12339,79,"Sheepmeat"
12510,79,"Sheepmeat"
22050,79,"Sheepmeat"
22052,79,"Sheepmeat"
22053,79,"Sheepmeat"
27689,79,"Sheepmeat"
27699,79,"Sheepmeat"
27700,79,"Sheepmeat"
27474,79,"Sheepmeat"
27476,79,"Sheepmeat"
27511,79,"Sheepmeat"
27738,79,"Sheepmeat"
27739,79,"Sheepmeat"
13504,79,"Sheepmeat"
13761,79,"Sheepmeat"
13762,79,"Sheepmeat"
13763,79,"Sheepmeat"
13764,79,"Sheepmeat"
13765,79,"Sheepmeat"
13767,79,"Sheepmeat"
14089,79,"Sheepmeat"
14093,79,"Sheepmeat"
14105,79,"Sheepmeat"
14106,79,"Sheepmeat"
14107,79,"Sheepmeat"
14108,79,"Sheepmeat"
14109,79,"Sheepmeat"
14112,79,"Sheepmeat"
14113,79,"Sheepmeat"
14114,79,"Sheepmeat"
14115,79,"Sheepmeat"
14116,79,"Sheepmeat"
14117,79,"Sheepmeat"
14118,79,"Sheepmeat"
14119,79,"Sheepmeat"
14124,79,"Sheepmeat"
14125,79,"Sheepmeat"
14127,79,"Sheepmeat"
14140,79,"Sheepmeat"
17720,79,"Sheepmeat"
17727,79,"Sheepmeat"
17728,79,"Sheepmeat"
17729,79,"Sheepmeat"
17730,79,"Sheepmeat"
17731,79,"Sheepmeat"
17524,79,"Sheepmeat"
17565,79,"Sheepmeat"
17767,79,"Sheepmeat"
17768,79,"Sheepmeat"
17769,79,"Sheepmeat"
17770,79,"Sheepmeat"
17568,79,"Sheepmeat"
17786,79,"Sheepmeat"
17791,79,"Sheepmeat"
17793,79,"Sheepmeat"
17794,79,"Sheepmeat"
17795,79,"Sheepmeat"
28880,79,"Sheepmeat"
28881,79,"Sheepmeat"
28886,79,"Sheepmeat"
28887,79,"Sheepmeat"
28907,79,"Sheepmeat"
28893,79,"Sheepmeat"
28894,79,"Sheepmeat"
28898,79,"Sheepmeat"
28899,79,"Sheepmeat"
28900,79,"Sheepmeat"
28668,79,"Sheepmeat"
28670,79,"Sheepmeat"
17528,79,"Sheepmeat"
17529,79,"Sheepmeat"
17531,79,"Sheepmeat"
17532,79,"Sheepmeat"
17534,79,"Sheepmeat"
17535,79,"Sheepmeat"
17734,79,"Sheepmeat"
17737,79,"Sheepmeat"
17739,79,"Sheepmeat"
17740,79,"Sheepmeat"
17741,79,"Sheepmeat"
17742,79,"Sheepmeat"
17743,79,"Sheepmeat"
17744,79,"Sheepmeat"
17745,79,"Sheepmeat"
17746,79,"Sheepmeat"
17747,79,"Sheepmeat"
17761,79,"Sheepmeat"
17762,79,"Sheepmeat"
17763,79,"Sheepmeat"
17764,79,"Sheepmeat"
17766,79,"Sheepmeat"
14190,79,"Sheepmeat"
14192,79,"Sheepmeat"
13706,79,"Sheepmeat"
13713,79,"Sheepmeat"
13514,79,"Sheepmeat"
13515,79,"Sheepmeat"
13519,79,"Sheepmeat"
13520,79,"Sheepmeat"
13521,79,"Sheepmeat"
13522,79,"Sheepmeat"
13523,79,"Sheepmeat"
13524,79,"Sheepmeat"
13525,79,"Sheepmeat"
13526,79,"Sheepmeat"
13715,79,"Sheepmeat"
13716,79,"Sheepmeat"
13717,79,"Sheepmeat"
13718,79,"Sheepmeat"
13719,79,"Sheepmeat"
13722,79,"Sheepmeat"
13723,79,"Sheepmeat"
13724,79,"Sheepmeat"
13725,79,"Sheepmeat"
13726,79,"Sheepmeat"
13745,79,"Sheepmeat"
13746,79,"Sheepmeat"
13747,79,"Sheepmeat"
13748,79,"Sheepmeat"
13527,79,"Sheepmeat"
13528,79,"Sheepmeat"
13529,79,"Sheepmeat"
13530,79,"Sheepmeat"
13531,79,"Sheepmeat"
13532,79,"Sheepmeat"
13534,79,"Sheepmeat"
13535,79,"Sheepmeat"
13536,79,"Sheepmeat"
13537,79,"Sheepmeat"
13538,79,"Sheepmeat"
13539,79,"Sheepmeat"
13540,79,"Sheepmeat"
13541,79,"Sheepmeat"
13542,79,"Sheepmeat"
13543,79,"Sheepmeat"
13544,79,"Sheepmeat"
13545,79,"Sheepmeat"
13546,79,"Sheepmeat"
13547,79,"Sheepmeat"
13548,79,"Sheepmeat"
13749,79,"Sheepmeat"
13750,79,"Sheepmeat"
13751,79,"Sheepmeat"
13752,79,"Sheepmeat"
13758,79,"Sheepmeat"
13759,79,"Sheepmeat"
14226,79,"Sheepmeat"
27978,79,"Sheepmeat"
27980,79,"Sheepmeat"
27986,79,"Sheepmeat"
27989,79,"Sheepmeat"
27829,79,"Sheepmeat"
27830,79,"Sheepmeat"
27842,79,"Sheepmeat"
27899,79,"Sheepmeat"
27911,79,"Sheepmeat"
27912,79,"Sheepmeat"
27913,79,"Sheepmeat"
28131,79,"Sheepmeat"
28139,79,"Sheepmeat"
17787,79,"Sheepmeat"
28166,79,"Sheepmeat"
28167,79,"Sheepmeat"
28161,79,"Sheepmeat"
28162,79,"Sheepmeat"
28163,79,"Sheepmeat"
28181,79,"Sheepmeat"
27920,79,"Sheepmeat"
27918,79,"Sheepmeat"
29652,79,"Sheepmeat"
30886,79,"Sheepmeat"
30673,79,"Sheepmeat"
29649,79,"Sheepmeat"
30642,79,"Sheepmeat"
30893,79,"Sheepmeat"
30674,79,"Sheepmeat"
29696,79,"Sheepmeat"
29697,79,"Sheepmeat"
30890,79,"Sheepmeat"
30891,79,"Sheepmeat"
30892,79,"Sheepmeat"
30894,79,"Sheepmeat"
30675,79,"Sheepmeat"
29653,79,"Sheepmeat"
29449,79,"Sheepmeat"
16683,79,"Sheepmeat"
16971,79,"Sheepmeat"
15344,79,"Sheepmeat"
28208,79,"Sheepmeat"
28209,79,"Sheepmeat"
28336,79,"Sheepmeat"
12253,79,"Sheepmeat"
12255,79,"Sheepmeat"
12256,79,"Sheepmeat"
12257,79,"Sheepmeat"
29585,79,"Sheepmeat"
29586,79,"Sheepmeat"
27947,79,"Sheepmeat"
28205,79,"Sheepmeat"
28206,79,"Sheepmeat"
28207,79,"Sheepmeat"
28359,79,"Sheepmeat"
28366,79,"Sheepmeat"
28367,79,"Sheepmeat"
28368,79,"Sheepmeat"
28369,79,"Sheepmeat"
12252,79,"Sheepmeat"
12254,79,"Sheepmeat"
16676,79,"Sheepmeat"
16944,79,"Sheepmeat"
29389,79,"Sheepmeat"
29392,79,"Sheepmeat"
29584,79,"Sheepmeat"
29390,79,"Sheepmeat"
29391,79,"Sheepmeat"
29394,79,"Sheepmeat"
29395,79,"Sheepmeat"
29396,79,"Sheepmeat"
29397,79,"Sheepmeat"
29398,79,"Sheepmeat"
29399,79,"Sheepmeat"
29400,79,"Sheepmeat"
29401,79,"Sheepmeat"
29402,79,"Sheepmeat"
29403,79,"Sheepmeat"
29587,79,"Sheepmeat"
29588,79,"Sheepmeat"
29589,79,"Sheepmeat"
29590,79,"Sheepmeat"
29591,79,"Sheepmeat"
29592,79,"Sheepmeat"
29593,79,"Sheepmeat"
29594,79,"Sheepmeat"
29595,79,"Sheepmeat"
29599,79,"Sheepmeat"
29600,79,"Sheepmeat"
29417,79,"Sheepmeat"
29608,79,"Sheepmeat"
29616,79,"Sheepmeat"
29619,79,"Sheepmeat"
29427,79,"Sheepmeat"
29428,79,"Sheepmeat"
29429,79,"Sheepmeat"
30843,79,"Sheepmeat"
11963,79,"Sheepmeat"
11964,79,"Sheepmeat"
12246,79,"Sheepmeat"
12249,79,"Sheepmeat"
12250,79,"Sheepmeat"
11983,79,"Sheepmeat"
11984,79,"Sheepmeat"
12258,79,"Sheepmeat"
12259,79,"Sheepmeat"
12261,79,"Sheepmeat"
11990,79,"Sheepmeat"
29597,79,"Sheepmeat"
29404,79,"Sheepmeat"
29405,79,"Sheepmeat"
29598,79,"Sheepmeat"
29410,79,"Sheepmeat"
14088,79,"Sheepmeat"
14090,79,"Sheepmeat"
14091,79,"Sheepmeat"
29450,79,"Sheepmeat"
29451,79,"Sheepmeat"
29656,79,"Sheepmeat"
2533,79,"Sheepmeat"
2534,79,"Sheepmeat"
2535,79,"Sheepmeat"
29452,79,"Sheepmeat"
29453,79,"Sheepmeat"
29654,79,"Sheepmeat"
29658,79,"Sheepmeat"
29660,79,"Sheepmeat"
29661,79,"Sheepmeat"
27438,79,"Sheepmeat"
27439,79,"Sheepmeat"
27440,79,"Sheepmeat"
29442,79,"Sheepmeat"
29443,79,"Sheepmeat"
29444,79,"Sheepmeat"
29447,79,"Sheepmeat"
30885,79,"Sheepmeat"
27133,79,"Sheepmeat"
27397,79,"Sheepmeat"
27137,79,"Sheepmeat"
27138,79,"Sheepmeat"
27141,79,"Sheepmeat"
27398,79,"Sheepmeat"
27399,79,"Sheepmeat"
27401,79,"Sheepmeat"
27402,79,"Sheepmeat"
27407,79,"Sheepmeat"
27591,79,"Sheepmeat"
27594,79,"Sheepmeat"
27595,79,"Sheepmeat"
27596,79,"Sheepmeat"
27597,79,"Sheepmeat"
27441,79,"Sheepmeat"
29445,79,"Sheepmeat"
29446,79,"Sheepmeat"
29448,79,"Sheepmeat"
29662,79,"Sheepmeat"
29698,79,"Sheepmeat"
15345,79,"Sheepmeat"
15348,79,"Sheepmeat"
15350,79,"Sheepmeat"
15352,79,"Sheepmeat"
28335,79,"Sheepmeat"
27941,79,"Sheepmeat"
27942,79,"Sheepmeat"
27943,79,"Sheepmeat"
27944,79,"Sheepmeat"
27946,79,"Sheepmeat"
28364,79,"Sheepmeat"
28365,79,"Sheepmeat"
29603,79,"Sheepmeat"
29606,79,"Sheepmeat"
29613,79,"Sheepmeat"
29418,79,"Sheepmeat"
12247,79,"Sheepmeat"
11979,79,"Sheepmeat"
11981,79,"Sheepmeat"
30643,79,"Sheepmeat"
29430,79,"Sheepmeat"
29434,79,"Sheepmeat"
29678,79,"Sheepmeat"
29679,79,"Sheepmeat"
29681,79,"Sheepmeat"
30594,79,"Sheepmeat"
30895,79,"Sheepmeat"
30644,79,"Sheepmeat"
30645,79,"Sheepmeat"
30646,79,"Sheepmeat"
30647,79,"Sheepmeat"
30648,79,"Sheepmeat"
30649,79,"Sheepmeat"
30650,79,"Sheepmeat"
30651,79,"Sheepmeat"
30652,79,"Sheepmeat"
30653,79,"Sheepmeat"
30897,79,"Sheepmeat"
29665,79,"Sheepmeat"
29666,79,"Sheepmeat"
30899,79,"Sheepmeat"
29667,79,"Sheepmeat"
30900,79,"Sheepmeat"
29668,79,"Sheepmeat"
30656,79,"Sheepmeat"
29669,79,"Sheepmeat"
30665,79,"Sheepmeat"
30668,79,"Sheepmeat"
30669,79,"Sheepmeat"
16631,79,"Sheepmeat"
16632,79,"Sheepmeat"
16644,79,"Sheepmeat"
16645,79,"Sheepmeat"
16647,79,"Sheepmeat"
16865,79,"Sheepmeat"
16866,79,"Sheepmeat"
16867,79,"Sheepmeat"
16868,79,"Sheepmeat"
16869,79,"Sheepmeat"
16870,79,"Sheepmeat"
16871,79,"Sheepmeat"
16872,79,"Sheepmeat"
16873,79,"Sheepmeat"
16874,79,"Sheepmeat"
16875,79,"Sheepmeat"
16876,79,"Sheepmeat"
16877,79,"Sheepmeat"
16878,79,"Sheepmeat"
16881,79,"Sheepmeat"
16882,79,"Sheepmeat"
16883,79,"Sheepmeat"
16884,79,"Sheepmeat"
16885,79,"Sheepmeat"
16886,79,"Sheepmeat"
16887,79,"Sheepmeat"
16891,79,"Sheepmeat"
16892,79,"Sheepmeat"
16893,79,"Sheepmeat"
16942,79,"Sheepmeat"
16943,79,"Sheepmeat"
29596,79,"Sheepmeat"
29601,79,"Sheepmeat"
29602,79,"Sheepmeat"
29406,79,"Sheepmeat"
29407,79,"Sheepmeat"
29408,79,"Sheepmeat"
29409,79,"Sheepmeat"
29411,79,"Sheepmeat"
29412,79,"Sheepmeat"
29413,79,"Sheepmeat"
29414,79,"Sheepmeat"
29415,79,"Sheepmeat"
29416,79,"Sheepmeat"
29604,79,"Sheepmeat"
29605,79,"Sheepmeat"
29607,79,"Sheepmeat"
29609,79,"Sheepmeat"
29612,79,"Sheepmeat"
29614,79,"Sheepmeat"
29615,79,"Sheepmeat"
29419,79,"Sheepmeat"
29420,79,"Sheepmeat"
29421,79,"Sheepmeat"
29425,79,"Sheepmeat"
29426,79,"Sheepmeat"
29617,79,"Sheepmeat"
29431,79,"Sheepmeat"
29626,79,"Sheepmeat"
29627,79,"Sheepmeat"
29628,79,"Sheepmeat"
30615,79,"Sheepmeat"
30868,79,"Sheepmeat"
30848,79,"Sheepmeat"
29610,79,"Sheepmeat"
29611,79,"Sheepmeat"
29424,79,"Sheepmeat"
30844,79,"Sheepmeat"
29624,79,"Sheepmeat"
30898,79,"Sheepmeat"
29621,79,"Sheepmeat"
29622,79,"Sheepmeat"
29623,79,"Sheepmeat"
29625,79,"Sheepmeat"
29618,79,"Sheepmeat"
29433,79,"Sheepmeat"
29620,79,"Sheepmeat"
12291,79,"Sheepmeat"
12019,79,"Sheepmeat"
12018,79,"Sheepmeat"
11996,79,"Sheepmeat"
11997,79,"Sheepmeat"
11998,79,"Sheepmeat"
11999,79,"Sheepmeat"
12000,79,"Sheepmeat"
12004,79,"Sheepmeat"
12006,79,"Sheepmeat"
11992,79,"Sheepmeat"
12267,79,"Sheepmeat"
12283,79,"Sheepmeat"
12001,79,"Sheepmeat"
30614,79,"Sheepmeat"
16739,79,"Sheepmeat"
16744,79,"Sheepmeat"
16992,79,"Sheepmeat"
16993,79,"Sheepmeat"
16743,79,"Sheepmeat"
16780,79,"Sheepmeat"
16781,79,"Sheepmeat"
16783,79,"Sheepmeat"
16782,79,"Sheepmeat"
16014,79,"Sheepmeat"
15831,79,"Sheepmeat"
15741,79,"Sheepmeat"
15832,79,"Sheepmeat"
16023,79,"Sheepmeat"
15768,79,"Sheepmeat"
15769,79,"Sheepmeat"
15771,79,"Sheepmeat"
15770,79,"Sheepmeat"
16025,79,"Sheepmeat"
17047,79,"Sheepmeat"
17807,79,"Sheepmeat"
17583,79,"Sheepmeat"
17585,79,"Sheepmeat"
15767,79,"Sheepmeat"
15772,79,"Sheepmeat"
15774,79,"Sheepmeat"
15775,79,"Sheepmeat"
15776,79,"Sheepmeat"
15777,79,"Sheepmeat"
15794,79,"Sheepmeat"
15799,79,"Sheepmeat"
15800,79,"Sheepmeat"
15809,79,"Sheepmeat"
15817,79,"Sheepmeat"
16819,79,"Sheepmeat"
17042,79,"Sheepmeat"
17046,79,"Sheepmeat"
15833,79,"Sheepmeat"
15773,79,"Sheepmeat"
15778,79,"Sheepmeat"
15779,79,"Sheepmeat"
15780,79,"Sheepmeat"
15782,79,"Sheepmeat"
15783,79,"Sheepmeat"
15784,79,"Sheepmeat"
15787,79,"Sheepmeat"
15788,79,"Sheepmeat"
15789,79,"Sheepmeat"
15790,79,"Sheepmeat"
15791,79,"Sheepmeat"
15792,79,"Sheepmeat"
15793,79,"Sheepmeat"
15795,79,"Sheepmeat"
15796,79,"Sheepmeat"
15797,79,"Sheepmeat"
15798,79,"Sheepmeat"
15803,79,"Sheepmeat"
15804,79,"Sheepmeat"
15807,79,"Sheepmeat"
15808,79,"Sheepmeat"
15810,79,"Sheepmeat"
15811,79,"Sheepmeat"
15812,79,"Sheepmeat"
15816,79,"Sheepmeat"
15818,79,"Sheepmeat"
15819,79,"Sheepmeat"
15820,79,"Sheepmeat"
15565,79,"Sheepmeat"
15566,79,"Sheepmeat"
15567,79,"Sheepmeat"
15569,79,"Sheepmeat"
15825,79,"Sheepmeat"
16024,79,"Sheepmeat"
16026,79,"Sheepmeat"
16027,79,"Sheepmeat"
15834,79,"Sheepmeat"
16999,79,"Sheepmeat"
17011,79,"Sheepmeat"
16998,79,"Sheepmeat"
16746,79,"Sheepmeat"
16747,79,"Sheepmeat"
16748,79,"Sheepmeat"
15801,79,"Sheepmeat"
15763,79,"Sheepmeat"
15761,79,"Sheepmeat"
15762,79,"Sheepmeat"
17013,79,"Sheepmeat"
17010,79,"Sheepmeat"
17017,79,"Sheepmeat"
16750,79,"Sheepmeat"
16751,79,"Sheepmeat"
16752,79,"Sheepmeat"
17015,79,"Sheepmeat"
16741,79,"Sheepmeat"
16745,79,"Sheepmeat"
12260,79,"Sheepmeat"
11991,79,"Sheepmeat"
12288,79,"Sheepmeat"
12142,79,"Sheepmeat"
12143,79,"Sheepmeat"
12245,79,"Sheepmeat"
11995,79,"Sheepmeat"
12009,79,"Sheepmeat"
12010,79,"Sheepmeat"
12011,79,"Sheepmeat"
12012,79,"Sheepmeat"
12013,79,"Sheepmeat"
12014,79,"Sheepmeat"
12015,79,"Sheepmeat"
12016,79,"Sheepmeat"
12282,79,"Sheepmeat"
12284,79,"Sheepmeat"
12285,79,"Sheepmeat"
12289,79,"Sheepmeat"
12290,79,"Sheepmeat"
17016,79,"Sheepmeat"
17018,79,"Sheepmeat"
17019,79,"Sheepmeat"
16994,79,"Sheepmeat"
17022,79,"Sheepmeat"
12144,79,"Sheepmeat"
11944,79,"Sheepmeat"
11966,79,"Sheepmeat"
11967,79,"Sheepmeat"
11968,79,"Sheepmeat"
11969,79,"Sheepmeat"
11970,79,"Sheepmeat"
11971,79,"Sheepmeat"
30595,79,"Sheepmeat"
30596,79,"Sheepmeat"
30598,79,"Sheepmeat"
30654,79,"Sheepmeat"
30896,79,"Sheepmeat"
29695,79,"Sheepmeat"
11974,79,"Sheepmeat"
11977,79,"Sheepmeat"
11978,79,"Sheepmeat"
12235,79,"Sheepmeat"
12236,79,"Sheepmeat"
12237,79,"Sheepmeat"
12238,79,"Sheepmeat"
12240,79,"Sheepmeat"
12241,79,"Sheepmeat"
12242,79,"Sheepmeat"
12243,79,"Sheepmeat"
12244,79,"Sheepmeat"
12248,79,"Sheepmeat"
12251,79,"Sheepmeat"
11982,79,"Sheepmeat"
11985,79,"Sheepmeat"
11986,79,"Sheepmeat"
11987,79,"Sheepmeat"
11988,79,"Sheepmeat"
11989,79,"Sheepmeat"
12262,79,"Sheepmeat"
12263,79,"Sheepmeat"
12264,79,"Sheepmeat"
12265,79,"Sheepmeat"
12266,79,"Sheepmeat"
12287,79,"Sheepmeat"
30883,79,"Sheepmeat"
30672,79,"Sheepmeat"
30624,79,"Sheepmeat"
30619,79,"Sheepmeat"
30612,79,"Sheepmeat"
30664,79,"Sheepmeat"
30666,79,"Sheepmeat"
29675,79,"Sheepmeat"
29677,79,"Sheepmeat"
30882,79,"Sheepmeat"
29634,79,"Sheepmeat"
30865,79,"Sheepmeat"
30864,79,"Sheepmeat"
30869,79,"Sheepmeat"
30618,79,"Sheepmeat"
30620,79,"Sheepmeat"
30621,79,"Sheepmeat"
27130,79,"Sheepmeat"
27131,79,"Sheepmeat"
27132,79,"Sheepmeat"
27134,79,"Sheepmeat"
27135,79,"Sheepmeat"
30657,79,"Sheepmeat"
29670,79,"Sheepmeat"
30658,79,"Sheepmeat"
29671,79,"Sheepmeat"
30659,79,"Sheepmeat"
30667,79,"Sheepmeat"
29437,79,"Sheepmeat"
29438,79,"Sheepmeat"
29680,79,"Sheepmeat"
29629,79,"Sheepmeat"
17071,79,"Sheepmeat"
17072,79,"Sheepmeat"
17074,79,"Sheepmeat"
17075,79,"Sheepmeat"
16827,79,"Sheepmeat"
17041,79,"Sheepmeat"
16809,79,"Sheepmeat"
16825,79,"Sheepmeat"
16810,79,"Sheepmeat"
16817,79,"Sheepmeat"
16829,79,"Sheepmeat"
17069,79,"Sheepmeat"
17070,79,"Sheepmeat"
15474,79,"Sheepmeat"
15473,79,"Sheepmeat"
27114,79,"Sheepmeat"
27116,79,"Sheepmeat"
27368,79,"Sheepmeat"
16821,79,"Sheepmeat"
16822,79,"Sheepmeat"
16823,79,"Sheepmeat"
16824,79,"Sheepmeat"
16826,79,"Sheepmeat"
17073,79,"Sheepmeat"
16828,79,"Sheepmeat"
17080,79,"Sheepmeat"
15478,79,"Sheepmeat"
15236,79,"Sheepmeat"
15482,79,"Sheepmeat"
15242,79,"Sheepmeat"
16818,79,"Sheepmeat"
16811,79,"Sheepmeat"
16814,79,"Sheepmeat"
16816,79,"Sheepmeat"
17067,79,"Sheepmeat"
16812,79,"Sheepmeat"
15246,79,"Sheepmeat"
15485,79,"Sheepmeat"
15239,79,"Sheepmeat"
15240,79,"Sheepmeat"
16785,79,"Sheepmeat"
17064,79,"Sheepmeat"
16838,79,"Sheepmeat"
15259,79,"Sheepmeat"
15484,79,"Sheepmeat"
17066,79,"Sheepmeat"
17065,79,"Sheepmeat"
30616,79,"Sheepmeat"
30858,79,"Sheepmeat"
30861,79,"Sheepmeat"
30860,79,"Sheepmeat"
30622,79,"Sheepmeat"
30873,79,"Sheepmeat"
30884,79,"Sheepmeat"
30623,79,"Sheepmeat"
30634,79,"Sheepmeat"
30887,79,"Sheepmeat"
30888,79,"Sheepmeat"
30638,79,"Sheepmeat"
30640,79,"Sheepmeat"
30641,79,"Sheepmeat"
13700,79,"Sheepmeat"
13702,79,"Sheepmeat"
13703,79,"Sheepmeat"
13705,79,"Sheepmeat"
13733,79,"Sheepmeat"
13734,79,"Sheepmeat"
13735,79,"Sheepmeat"
13736,79,"Sheepmeat"
13738,79,"Sheepmeat"
17756,79,"Sheepmeat"
17757,79,"Sheepmeat"
17758,79,"Sheepmeat"
17759,79,"Sheepmeat"
17539,79,"Sheepmeat"
17540,79,"Sheepmeat"
30617,79,"Sheepmeat"
30625,79,"Sheepmeat"
30627,79,"Sheepmeat"
30635,79,"Sheepmeat"
30889,79,"Sheepmeat"
30636,79,"Sheepmeat"
30637,79,"Sheepmeat"
30639,79,"Sheepmeat"
17554,79,"Sheepmeat"
17748,79,"Sheepmeat"
17749,79,"Sheepmeat"
17750,79,"Sheepmeat"
17751,79,"Sheepmeat"
17752,79,"Sheepmeat"
17753,79,"Sheepmeat"
17754,79,"Sheepmeat"
17545,79,"Sheepmeat"
17547,79,"Sheepmeat"
17549,79,"Sheepmeat"
17550,79,"Sheepmeat"
17551,79,"Sheepmeat"
17552,79,"Sheepmeat"
17553,79,"Sheepmeat"
17760,79,"Sheepmeat"
17577,79,"Sheepmeat"
13740,79,"Sheepmeat"
13741,79,"Sheepmeat"
13742,79,"Sheepmeat"
13743,79,"Sheepmeat"
13744,79,"Sheepmeat"
17541,79,"Sheepmeat"
17542,79,"Sheepmeat"
17543,79,"Sheepmeat"
17544,79,"Sheepmeat"
17546,79,"Sheepmeat"
17548,79,"Sheepmeat"
13739,79,"Sheepmeat"
13737,79,"Sheepmeat"
14097,79,"Sheepmeat"
14104,79,"Sheepmeat"
13502,79,"Sheepmeat"
13503,79,"Sheepmeat"
13698,79,"Sheepmeat"
13699,79,"Sheepmeat"
13712,79,"Sheepmeat"
13707,79,"Sheepmeat"
13708,79,"Sheepmeat"
13709,79,"Sheepmeat"
13710,79,"Sheepmeat"
13711,79,"Sheepmeat"
13505,79,"Sheepmeat"
13506,79,"Sheepmeat"
13507,79,"Sheepmeat"
13508,79,"Sheepmeat"
13509,79,"Sheepmeat"
13720,79,"Sheepmeat"
13721,79,"Sheepmeat"
13728,79,"Sheepmeat"
13729,79,"Sheepmeat"
13730,79,"Sheepmeat"
13731,79,"Sheepmeat"
13732,79,"Sheepmeat"
13772,79,"Sheepmeat"
13779,79,"Sheepmeat"
13780,79,"Sheepmeat"
13549,79,"Sheepmeat"
14100,79,"Sheepmeat"
14099,79,"Sheepmeat"
13783,79,"Sheepmeat"
13785,79,"Sheepmeat"
13795,79,"Sheepmeat"
14198,79,"Sheepmeat"
13804,79,"Sheepmeat"
14199,79,"Sheepmeat"
14214,79,"Sheepmeat"
14215,79,"Sheepmeat"
14159,79,"Sheepmeat"
14160,79,"Sheepmeat"
13820,79,"Sheepmeat"
14164,79,"Sheepmeat"
14168,79,"Sheepmeat"
14169,79,"Sheepmeat"
14170,79,"Sheepmeat"
14171,79,"Sheepmeat"
14173,79,"Sheepmeat"
14174,79,"Sheepmeat"
14175,79,"Sheepmeat"
14176,79,"Sheepmeat"
14177,79,"Sheepmeat"
14178,79,"Sheepmeat"
13941,79,"Sheepmeat"
14186,79,"Sheepmeat"
14187,79,"Sheepmeat"
14188,79,"Sheepmeat"
14179,79,"Sheepmeat"
13807,79,"Sheepmeat"
13809,79,"Sheepmeat"
13810,79,"Sheepmeat"
13811,79,"Sheepmeat"
13812,79,"Sheepmeat"
13826,79,"Sheepmeat"
13827,79,"Sheepmeat"
13828,79,"Sheepmeat"
13831,79,"Sheepmeat"
13533,79,"Sheepmeat"
13753,79,"Sheepmeat"
13754,79,"Sheepmeat"
13755,79,"Sheepmeat"
13756,79,"Sheepmeat"
13757,79,"Sheepmeat"
14202,79,"Sheepmeat"
14203,79,"Sheepmeat"
14204,79,"Sheepmeat"
14205,79,"Sheepmeat"
14207,79,"Sheepmeat"
14221,79,"Sheepmeat"
14222,79,"Sheepmeat"
17732,79,"Sheepmeat"
17772,79,"Sheepmeat"
17773,79,"Sheepmeat"
17775,79,"Sheepmeat"
17778,79,"Sheepmeat"
17779,79,"Sheepmeat"
17780,79,"Sheepmeat"
17781,79,"Sheepmeat"
17569,79,"Sheepmeat"
17518,79,"Sheepmeat"
17776,79,"Sheepmeat"
14189,79,"Sheepmeat"
17536,79,"Sheepmeat"
17735,79,"Sheepmeat"
17736,79,"Sheepmeat"
17738,79,"Sheepmeat"
17755,79,"Sheepmeat"
17765,79,"Sheepmeat"
22623,79,"Sheepmeat"
22624,79,"Sheepmeat"
22629,79,"Sheepmeat"
22634,79,"Sheepmeat"
22897,79,"Sheepmeat"
22622,79,"Sheepmeat"
22626,79,"Sheepmeat"
22627,79,"Sheepmeat"
22628,79,"Sheepmeat"
22630,79,"Sheepmeat"
22631,79,"Sheepmeat"
22632,79,"Sheepmeat"
22633,79,"Sheepmeat"
22635,79,"Sheepmeat"
22636,79,"Sheepmeat"
22637,79,"Sheepmeat"
22850,79,"Sheepmeat"
22851,79,"Sheepmeat"
22852,79,"Sheepmeat"
22853,79,"Sheepmeat"
22855,79,"Sheepmeat"
22856,79,"Sheepmeat"
22857,79,"Sheepmeat"
22861,79,"Sheepmeat"
22863,79,"Sheepmeat"
22886,79,"Sheepmeat"
22887,79,"Sheepmeat"
22870,79,"Sheepmeat"
22871,79,"Sheepmeat"
22862,79,"Sheepmeat"
22639,79,"Sheepmeat"
22877,79,"Sheepmeat"
22638,79,"Sheepmeat"
22641,79,"Sheepmeat"
15102,79,"Sheepmeat"
22816,79,"Sheepmeat"
22872,79,"Sheepmeat"
22901,79,"Sheepmeat"
22902,79,"Sheepmeat"
15043,79,"Sheepmeat"
15103,79,"Sheepmeat"
22640,79,"Sheepmeat"
22873,79,"Sheepmeat"
22874,79,"Sheepmeat"
22876,79,"Sheepmeat"
15064,79,"Sheepmeat"
22878,79,"Sheepmeat"
22881,79,"Sheepmeat"
22858,79,"Sheepmeat"
22859,79,"Sheepmeat"
22860,79,"Sheepmeat"
22643,79,"Sheepmeat"
22648,79,"Sheepmeat"
22649,79,"Sheepmeat"
22650,79,"Sheepmeat"
22651,79,"Sheepmeat"
22652,79,"Sheepmeat"
22885,79,"Sheepmeat"
22587,79,"Sheepmeat"
22592,79,"Sheepmeat"
22596,79,"Sheepmeat"
22605,79,"Sheepmeat"
22606,79,"Sheepmeat"
22832,79,"Sheepmeat"
22833,79,"Sheepmeat"
22834,79,"Sheepmeat"
22616,79,"Sheepmeat"
22617,79,"Sheepmeat"
22619,79,"Sheepmeat"
22889,79,"Sheepmeat"
22642,79,"Sheepmeat"
22875,79,"Sheepmeat"
22882,79,"Sheepmeat"
22883,79,"Sheepmeat"
22645,79,"Sheepmeat"
22884,79,"Sheepmeat"
22888,79,"Sheepmeat"
22893,79,"Sheepmeat"
15054,79,"Sheepmeat"
15068,79,"Sheepmeat"
15306,79,"Sheepmeat"
15307,79,"Sheepmeat"
22894,79,"Sheepmeat"
22895,79,"Sheepmeat"
22653,79,"Sheepmeat"
22659,79,"Sheepmeat"
14865,79,"Sheepmeat"
22890,79,"Sheepmeat"
22891,79,"Sheepmeat"
22892,79,"Sheepmeat"
22896,79,"Sheepmeat"
22654,79,"Sheepmeat"
22655,79,"Sheepmeat"
22656,79,"Sheepmeat"
22658,79,"Sheepmeat"
22660,79,"Sheepmeat"
22662,79,"Sheepmeat"
22664,79,"Sheepmeat"
22898,79,"Sheepmeat"
22900,79,"Sheepmeat"
22621,79,"Sheepmeat"
22618,79,"Sheepmeat"
22615,79,"Sheepmeat"
7944,79,"Sheepmeat"
7945,79,"Sheepmeat"
7360,79,"Sheepmeat"
11614,79,"Sheepmeat"
11870,79,"Sheepmeat"
11872,79,"Sheepmeat"
11878,79,"Sheepmeat"
11879,79,"Sheepmeat"
11880,79,"Sheepmeat"
11881,79,"Sheepmeat"
11900,79,"Sheepmeat"
12130,79,"Sheepmeat"
12134,79,"Sheepmeat"
15069,79,"Sheepmeat"
15070,79,"Sheepmeat"
15071,79,"Sheepmeat"
15072,79,"Sheepmeat"
15308,79,"Sheepmeat"
15309,79,"Sheepmeat"
15310,79,"Sheepmeat"
15311,79,"Sheepmeat"
15312,79,"Sheepmeat"
27341,79,"Sheepmeat"
27342,79,"Sheepmeat"
27099,79,"Sheepmeat"
27101,79,"Sheepmeat"
27103,79,"Sheepmeat"
27356,79,"Sheepmeat"
15033,79,"Sheepmeat"
15034,79,"Sheepmeat"
15035,79,"Sheepmeat"
15036,79,"Sheepmeat"
15041,79,"Sheepmeat"
15042,79,"Sheepmeat"
15044,79,"Sheepmeat"
15076,79,"Sheepmeat"
15077,79,"Sheepmeat"
15079,79,"Sheepmeat"
15080,79,"Sheepmeat"
15081,79,"Sheepmeat"
15083,79,"Sheepmeat"
15084,79,"Sheepmeat"
15085,79,"Sheepmeat"
15086,79,"Sheepmeat"
15087,79,"Sheepmeat"
15088,79,"Sheepmeat"
15089,79,"Sheepmeat"
15090,79,"Sheepmeat"
15091,79,"Sheepmeat"
15093,79,"Sheepmeat"
15094,79,"Sheepmeat"
15095,79,"Sheepmeat"
15100,79,"Sheepmeat"
15101,79,"Sheepmeat"
14859,79,"Sheepmeat"
14860,79,"Sheepmeat"
14861,79,"Sheepmeat"
14862,79,"Sheepmeat"
14863,79,"Sheepmeat"
14866,79,"Sheepmeat"
15112,79,"Sheepmeat"
15113,79,"Sheepmeat"
15114,79,"Sheepmeat"
15115,79,"Sheepmeat"
14867,79,"Sheepmeat"
14874,79,"Sheepmeat"
15122,79,"Sheepmeat"
15127,79,"Sheepmeat"
15128,79,"Sheepmeat"
15131,79,"Sheepmeat"
14880,79,"Sheepmeat"
14882,79,"Sheepmeat"
14883,79,"Sheepmeat"
15302,79,"Sheepmeat"
15304,79,"Sheepmeat"
22905,79,"Sheepmeat"
22904,79,"Sheepmeat"
22282,79,"Sheepmeat"
22283,79,"Sheepmeat"
22546,79,"Sheepmeat"
22738,79,"Sheepmeat"
22739,79,"Sheepmeat"
22542,79,"Sheepmeat"
22702,79,"Sheepmeat"
22713,79,"Sheepmeat"
22715,79,"Sheepmeat"
22716,79,"Sheepmeat"
22728,79,"Sheepmeat"
16716,79,"Sheepmeat"
16717,79,"Sheepmeat"
16718,79,"Sheepmeat"
16979,79,"Sheepmeat"
23574,79,"Sheepmeat"
16701,79,"Sheepmeat"
16702,79,"Sheepmeat"
16709,79,"Sheepmeat"
16711,79,"Sheepmeat"
16719,79,"Sheepmeat"
16720,79,"Sheepmeat"
16965,79,"Sheepmeat"
16966,79,"Sheepmeat"
16722,79,"Sheepmeat"
16724,79,"Sheepmeat"
16725,79,"Sheepmeat"
16726,79,"Sheepmeat"
16729,79,"Sheepmeat"
16731,79,"Sheepmeat"
16732,79,"Sheepmeat"
16736,79,"Sheepmeat"
16980,79,"Sheepmeat"
15230,79,"Sheepmeat"
15229,79,"Sheepmeat"
15228,79,"Sheepmeat"
23579,79,"Sheepmeat"
16697,79,"Sheepmeat"
16728,79,"Sheepmeat"
16973,79,"Sheepmeat"
15314,79,"Sheepmeat"
15313,79,"Sheepmeat"
15315,79,"Sheepmeat"
15321,79,"Sheepmeat"
16967,79,"Sheepmeat"
15317,79,"Sheepmeat"
23572,79,"Sheepmeat"
15322,79,"Sheepmeat"
15325,79,"Sheepmeat"
15318,79,"Sheepmeat"
15319,79,"Sheepmeat"
15328,79,"Sheepmeat"
15329,79,"Sheepmeat"
15330,79,"Sheepmeat"
15331,79,"Sheepmeat"
15332,79,"Sheepmeat"
15333,79,"Sheepmeat"
15336,79,"Sheepmeat"
22809,79,"Sheepmeat"
22812,79,"Sheepmeat"
16675,79,"Sheepmeat"
16678,79,"Sheepmeat"
16679,79,"Sheepmeat"
16684,79,"Sheepmeat"
16685,79,"Sheepmeat"
16687,79,"Sheepmeat"
16688,79,"Sheepmeat"
16947,79,"Sheepmeat"
16968,79,"Sheepmeat"
16969,79,"Sheepmeat"
16972,79,"Sheepmeat"
16689,79,"Sheepmeat"
16690,79,"Sheepmeat"
16691,79,"Sheepmeat"
16692,79,"Sheepmeat"
16693,79,"Sheepmeat"
16694,79,"Sheepmeat"
16695,79,"Sheepmeat"
16698,79,"Sheepmeat"
16699,79,"Sheepmeat"
16700,79,"Sheepmeat"
16723,79,"Sheepmeat"
23571,79,"Sheepmeat"
23573,79,"Sheepmeat"
16737,79,"Sheepmeat"
16949,79,"Sheepmeat"
23562,79,"Sheepmeat"
16686,79,"Sheepmeat"
16738,79,"Sheepmeat"
16677,79,"Sheepmeat"
16682,79,"Sheepmeat"
16970,79,"Sheepmeat"
15355,79,"Sheepmeat"
15358,79,"Sheepmeat"
28157,79,"Sheepmeat"
15146,79,"Sheepmeat"
15148,79,"Sheepmeat"
15356,79,"Sheepmeat"
15150,79,"Sheepmeat"
15363,79,"Sheepmeat"
15323,79,"Sheepmeat"
15340,79,"Sheepmeat"
15341,79,"Sheepmeat"
15342,79,"Sheepmeat"
15343,79,"Sheepmeat"
15370,79,"Sheepmeat"
15371,79,"Sheepmeat"
15153,79,"Sheepmeat"
15154,79,"Sheepmeat"
15155,79,"Sheepmeat"
23553,79,"Sheepmeat"
23556,79,"Sheepmeat"
15372,79,"Sheepmeat"
15373,79,"Sheepmeat"
15375,79,"Sheepmeat"
15376,79,"Sheepmeat"
15377,79,"Sheepmeat"
15378,79,"Sheepmeat"
15379,79,"Sheepmeat"
15156,79,"Sheepmeat"
15157,79,"Sheepmeat"
15159,79,"Sheepmeat"
15380,79,"Sheepmeat"
15381,79,"Sheepmeat"
15387,79,"Sheepmeat"
15388,79,"Sheepmeat"
23547,79,"Sheepmeat"
23548,79,"Sheepmeat"
23549,79,"Sheepmeat"
23550,79,"Sheepmeat"
23551,79,"Sheepmeat"
23552,79,"Sheepmeat"
23554,79,"Sheepmeat"
23555,79,"Sheepmeat"
23563,79,"Sheepmeat"
23564,79,"Sheepmeat"
15174,79,"Sheepmeat"
15176,79,"Sheepmeat"
15177,79,"Sheepmeat"
15395,79,"Sheepmeat"
15396,79,"Sheepmeat"
15420,79,"Sheepmeat"
15421,79,"Sheepmeat"
28050,79,"Sheepmeat"
15374,79,"Sheepmeat"
15180,79,"Sheepmeat"
15181,79,"Sheepmeat"
15182,79,"Sheepmeat"
15453,79,"Sheepmeat"
15454,79,"Sheepmeat"
15455,79,"Sheepmeat"
15456,79,"Sheepmeat"
15457,79,"Sheepmeat"
15458,79,"Sheepmeat"
15461,79,"Sheepmeat"
15462,79,"Sheepmeat"
15463,79,"Sheepmeat"
15464,79,"Sheepmeat"
15465,79,"Sheepmeat"
15466,79,"Sheepmeat"
15467,79,"Sheepmeat"
15468,79,"Sheepmeat"
15469,79,"Sheepmeat"
15470,79,"Sheepmeat"
15471,79,"Sheepmeat"
15216,79,"Sheepmeat"
15217,79,"Sheepmeat"
15218,79,"Sheepmeat"
15219,79,"Sheepmeat"
15220,79,"Sheepmeat"
15221,79,"Sheepmeat"
15222,79,"Sheepmeat"
23511,79,"Sheepmeat"
23512,79,"Sheepmeat"
23514,79,"Sheepmeat"
23515,79,"Sheepmeat"
23516,79,"Sheepmeat"
23517,79,"Sheepmeat"
23518,79,"Sheepmeat"
23519,79,"Sheepmeat"
23520,79,"Sheepmeat"
23521,79,"Sheepmeat"
23523,79,"Sheepmeat"
23525,79,"Sheepmeat"
23527,79,"Sheepmeat"
23568,79,"Sheepmeat"
15393,79,"Sheepmeat"
15449,79,"Sheepmeat"
15450,79,"Sheepmeat"
15451,79,"Sheepmeat"
15192,79,"Sheepmeat"
15194,79,"Sheepmeat"
15195,79,"Sheepmeat"
15196,79,"Sheepmeat"
15197,79,"Sheepmeat"
15198,79,"Sheepmeat"
15199,79,"Sheepmeat"
15394,79,"Sheepmeat"
15162,79,"Sheepmeat"
15169,79,"Sheepmeat"
15168,79,"Sheepmeat"
15170,79,"Sheepmeat"
15172,79,"Sheepmeat"
15435,79,"Sheepmeat"
15171,79,"Sheepmeat"
15404,79,"Sheepmeat"
15231,79,"Sheepmeat"
23577,79,"Sheepmeat"
23533,79,"Sheepmeat"
23534,79,"Sheepmeat"
23535,79,"Sheepmeat"
23536,79,"Sheepmeat"
23537,79,"Sheepmeat"
23538,79,"Sheepmeat"
23539,79,"Sheepmeat"
23540,79,"Sheepmeat"
23541,79,"Sheepmeat"
23542,79,"Sheepmeat"
23543,79,"Sheepmeat"
23558,79,"Sheepmeat"
23559,79,"Sheepmeat"
23560,79,"Sheepmeat"
23561,79,"Sheepmeat"
23544,79,"Sheepmeat"
23546,79,"Sheepmeat"
23565,79,"Sheepmeat"
23580,79,"Sheepmeat"
16650,79,"Sheepmeat"
16654,79,"Sheepmeat"
16655,79,"Sheepmeat"
16663,79,"Sheepmeat"
16957,79,"Sheepmeat"
16662,79,"Sheepmeat"
16952,79,"Sheepmeat"
16953,79,"Sheepmeat"
16657,79,"Sheepmeat"
16658,79,"Sheepmeat"
16659,79,"Sheepmeat"
16660,79,"Sheepmeat"
16946,79,"Sheepmeat"
15459,79,"Sheepmeat"
15223,79,"Sheepmeat"
15224,79,"Sheepmeat"
15225,79,"Sheepmeat"
15226,79,"Sheepmeat"
15227,79,"Sheepmeat"
23501,79,"Sheepmeat"
23502,79,"Sheepmeat"
23503,79,"Sheepmeat"
23504,79,"Sheepmeat"
23505,79,"Sheepmeat"
23506,79,"Sheepmeat"
23507,79,"Sheepmeat"
23508,79,"Sheepmeat"
23509,79,"Sheepmeat"
16680,79,"Sheepmeat"
16681,79,"Sheepmeat"
16948,79,"Sheepmeat"
16951,79,"Sheepmeat"
16961,79,"Sheepmeat"
16958,79,"Sheepmeat"
16959,79,"Sheepmeat"
16656,79,"Sheepmeat"
16652,79,"Sheepmeat"
16653,79,"Sheepmeat"
16671,79,"Sheepmeat"
16960,79,"Sheepmeat"
16704,79,"Sheepmeat"
16705,79,"Sheepmeat"
16706,79,"Sheepmeat"
16707,79,"Sheepmeat"
16964,79,"Sheepmeat"
16955,79,"Sheepmeat"
16956,79,"Sheepmeat"
16962,79,"Sheepmeat"
16963,79,"Sheepmeat"
16713,79,"Sheepmeat"
16714,79,"Sheepmeat"
16715,79,"Sheepmeat"
16950,79,"Sheepmeat"
28870,79,"Sheepmeat"
28872,79,"Sheepmeat"
28878,79,"Sheepmeat"
28879,79,"Sheepmeat"
28882,79,"Sheepmeat"
28883,79,"Sheepmeat"
28885,79,"Sheepmeat"
28888,79,"Sheepmeat"
14231,79,"Sheepmeat"
13965,79,"Sheepmeat"
13973,79,"Sheepmeat"
13974,79,"Sheepmeat"
14232,79,"Sheepmeat"
14249,79,"Sheepmeat"
14252,79,"Sheepmeat"
13988,79,"Sheepmeat"
13991,79,"Sheepmeat"
13992,79,"Sheepmeat"
14002,79,"Sheepmeat"
14008,79,"Sheepmeat"
14009,79,"Sheepmeat"
14010,79,"Sheepmeat"
14011,79,"Sheepmeat"
14263,79,"Sheepmeat"
14264,79,"Sheepmeat"
14265,79,"Sheepmeat"
14266,79,"Sheepmeat"
14267,79,"Sheepmeat"
14268,79,"Sheepmeat"
14269,79,"Sheepmeat"
14270,79,"Sheepmeat"
14271,79,"Sheepmeat"
14273,79,"Sheepmeat"
14274,79,"Sheepmeat"
14275,79,"Sheepmeat"
14276,79,"Sheepmeat"
14277,79,"Sheepmeat"
14278,79,"Sheepmeat"
14279,79,"Sheepmeat"
14280,79,"Sheepmeat"
14281,79,"Sheepmeat"
14013,79,"Sheepmeat"
14014,79,"Sheepmeat"
14017,79,"Sheepmeat"
14021,79,"Sheepmeat"
14027,79,"Sheepmeat"
14284,79,"Sheepmeat"
14285,79,"Sheepmeat"
14486,79,"Sheepmeat"
14496,79,"Sheepmeat"
14301,79,"Sheepmeat"
14302,79,"Sheepmeat"
14303,79,"Sheepmeat"
14501,79,"Sheepmeat"
14502,79,"Sheepmeat"
14504,79,"Sheepmeat"
14505,79,"Sheepmeat"
14506,79,"Sheepmeat"
14507,79,"Sheepmeat"
14508,79,"Sheepmeat"
14509,79,"Sheepmeat"
14510,79,"Sheepmeat"
14511,79,"Sheepmeat"
14514,79,"Sheepmeat"
22153,79,"Sheepmeat"
22155,79,"Sheepmeat"
22157,79,"Sheepmeat"
22390,79,"Sheepmeat"
22396,79,"Sheepmeat"
22397,79,"Sheepmeat"
22400,79,"Sheepmeat"
22402,79,"Sheepmeat"
22182,79,"Sheepmeat"
22184,79,"Sheepmeat"
22200,79,"Sheepmeat"
22201,79,"Sheepmeat"
27821,79,"Sheepmeat"
27823,79,"Sheepmeat"
28036,79,"Sheepmeat"
28037,79,"Sheepmeat"
28038,79,"Sheepmeat"
28049,79,"Sheepmeat"
28053,79,"Sheepmeat"
28054,79,"Sheepmeat"
23730,79,"Sheepmeat"
23731,79,"Sheepmeat"
13832,79,"Sheepmeat"
13582,79,"Sheepmeat"
13590,79,"Sheepmeat"
13591,79,"Sheepmeat"
13871,79,"Sheepmeat"
13873,79,"Sheepmeat"
13874,79,"Sheepmeat"
13875,79,"Sheepmeat"
13876,79,"Sheepmeat"
13877,79,"Sheepmeat"
13878,79,"Sheepmeat"
13880,79,"Sheepmeat"
13886,79,"Sheepmeat"
13887,79,"Sheepmeat"
13888,79,"Sheepmeat"
13890,79,"Sheepmeat"
14068,79,"Sheepmeat"
14069,79,"Sheepmeat"
14070,79,"Sheepmeat"
14071,79,"Sheepmeat"
14072,79,"Sheepmeat"
14073,79,"Sheepmeat"
23677,79,"Sheepmeat"
23678,79,"Sheepmeat"
23695,79,"Sheepmeat"
23701,79,"Sheepmeat"
23702,79,"Sheepmeat"
23703,79,"Sheepmeat"
23704,79,"Sheepmeat"
23705,79,"Sheepmeat"
23664,79,"Sheepmeat"
23666,79,"Sheepmeat"
23669,79,"Sheepmeat"
23670,79,"Sheepmeat"
23671,79,"Sheepmeat"
23672,79,"Sheepmeat"
23732,79,"Sheepmeat"
23733,79,"Sheepmeat"
23737,79,"Sheepmeat"
23738,79,"Sheepmeat"
23739,79,"Sheepmeat"
6815,79,"Sheepmeat"
13455,79,"Sheepmeat"
13197,79,"Sheepmeat"
13462,79,"Sheepmeat"
13467,79,"Sheepmeat"
13468,79,"Sheepmeat"
13202,79,"Sheepmeat"
13473,79,"Sheepmeat"
13206,79,"Sheepmeat"
13207,79,"Sheepmeat"
13456,79,"Sheepmeat"
13194,79,"Sheepmeat"
13196,79,"Sheepmeat"
13457,79,"Sheepmeat"
13454,79,"Sheepmeat"
13205,79,"Sheepmeat"
13208,79,"Sheepmeat"
13464,79,"Sheepmeat"
13199,79,"Sheepmeat"
13201,79,"Sheepmeat"
13465,79,"Sheepmeat"
13470,79,"Sheepmeat"
13472,79,"Sheepmeat"
13474,79,"Sheepmeat"
13475,79,"Sheepmeat"
13476,79,"Sheepmeat"
13216,79,"Sheepmeat"
13218,79,"Sheepmeat"
13471,79,"Sheepmeat"
15678,79,"Sheepmeat"
15688,79,"Sheepmeat"
13225,79,"Sheepmeat"
13678,79,"Sheepmeat"
13487,79,"Sheepmeat"
13488,79,"Sheepmeat"
13495,79,"Sheepmeat"
13681,79,"Sheepmeat"
13175,79,"Sheepmeat"
13186,79,"Sheepmeat"
13493,79,"Sheepmeat"
13682,79,"Sheepmeat"
13494,79,"Sheepmeat"
13680,79,"Sheepmeat"
13683,79,"Sheepmeat"
13684,79,"Sheepmeat"
14330,79,"Sheepmeat"
14566,79,"Sheepmeat"
14328,79,"Sheepmeat"
13500,79,"Sheepmeat"
13501,79,"Sheepmeat"
30935,79,"Sheepmeat"
30917,79,"Sheepmeat"
30921,79,"Sheepmeat"
30922,79,"Sheepmeat"
30923,79,"Sheepmeat"
30677,79,"Sheepmeat"
30678,79,"Sheepmeat"
30679,79,"Sheepmeat"
30682,79,"Sheepmeat"
30683,79,"Sheepmeat"
30684,79,"Sheepmeat"
30685,79,"Sheepmeat"
30686,79,"Sheepmeat"
30688,79,"Sheepmeat"
30925,79,"Sheepmeat"
14331,79,"Sheepmeat"
30676,79,"Sheepmeat"
30687,79,"Sheepmeat"
30928,79,"Sheepmeat"
30929,79,"Sheepmeat"
13217,79,"Sheepmeat"
15703,79,"Sheepmeat"
15760,79,"Sheepmeat"
13221,79,"Sheepmeat"
15702,79,"Sheepmeat"
15697,79,"Sheepmeat"
15689,79,"Sheepmeat"
15666,79,"Sheepmeat"
15667,79,"Sheepmeat"
17812,79,"Sheepmeat"
17814,79,"Sheepmeat"
17816,79,"Sheepmeat"
12537,79,"Sheepmeat"
12538,79,"Sheepmeat"
15671,79,"Sheepmeat"
15679,79,"Sheepmeat"
15682,79,"Sheepmeat"
15726,79,"Sheepmeat"
15729,79,"Sheepmeat"
15730,79,"Sheepmeat"
15731,79,"Sheepmeat"
13659,79,"Sheepmeat"
13660,79,"Sheepmeat"
13661,79,"Sheepmeat"
13662,79,"Sheepmeat"
13664,79,"Sheepmeat"
13667,79,"Sheepmeat"
14327,79,"Sheepmeat"
13496,79,"Sheepmeat"
13497,79,"Sheepmeat"
30911,79,"Sheepmeat"
14332,79,"Sheepmeat"
14565,79,"Sheepmeat"
14572,79,"Sheepmeat"
30924,79,"Sheepmeat"
30927,79,"Sheepmeat"
30930,79,"Sheepmeat"
30936,79,"Sheepmeat"
30689,79,"Sheepmeat"
30691,79,"Sheepmeat"
30692,79,"Sheepmeat"
30696,79,"Sheepmeat"
13642,79,"Sheepmeat"
13227,79,"Sheepmeat"
15676,79,"Sheepmeat"
13677,79,"Sheepmeat"
13174,79,"Sheepmeat"
13490,79,"Sheepmeat"
13491,79,"Sheepmeat"
13676,79,"Sheepmeat"
13489,79,"Sheepmeat"
4924,79,"Sheepmeat"
30913,79,"Sheepmeat"
30914,79,"Sheepmeat"
30680,79,"Sheepmeat"
30681,79,"Sheepmeat"
30931,79,"Sheepmeat"
30933,79,"Sheepmeat"
30934,79,"Sheepmeat"
30937,79,"Sheepmeat"
30693,79,"Sheepmeat"
13645,79,"Sheepmeat"
13484,79,"Sheepmeat"
13646,79,"Sheepmeat"
13647,79,"Sheepmeat"
13649,79,"Sheepmeat"
13650,79,"Sheepmeat"
13651,79,"Sheepmeat"
13652,79,"Sheepmeat"
13653,79,"Sheepmeat"
30695,79,"Sheepmeat"
13648,79,"Sheepmeat"
13663,79,"Sheepmeat"
13665,79,"Sheepmeat"
13666,79,"Sheepmeat"
13670,79,"Sheepmeat"
13671,79,"Sheepmeat"
13673,79,"Sheepmeat"
13674,79,"Sheepmeat"
13675,79,"Sheepmeat"
13690,79,"Sheepmeat"
13691,79,"Sheepmeat"
13482,79,"Sheepmeat"
15657,79,"Sheepmeat"
13432,79,"Sheepmeat"
13687,79,"Sheepmeat"
13688,79,"Sheepmeat"
13689,79,"Sheepmeat"
13693,79,"Sheepmeat"
13694,79,"Sheepmeat"
13695,79,"Sheepmeat"
13696,79,"Sheepmeat"
13697,79,"Sheepmeat"
30969,79,"Sheepmeat"
15646,79,"Sheepmeat"
15645,79,"Sheepmeat"
15653,79,"Sheepmeat"
13481,79,"Sheepmeat"
15668,79,"Sheepmeat"
15669,79,"Sheepmeat"
15670,79,"Sheepmeat"
4925,79,"Sheepmeat"
31069,79,"Sheepmeat"
30337,79,"Sheepmeat"
4920,79,"Sheepmeat"
4923,79,"Sheepmeat"
15673,79,"Sheepmeat"
15672,79,"Sheepmeat"
15663,79,"Sheepmeat"
15665,79,"Sheepmeat"
15674,79,"Sheepmeat"
15675,79,"Sheepmeat"
15680,79,"Sheepmeat"
15681,79,"Sheepmeat"
13654,79,"Sheepmeat"
13655,79,"Sheepmeat"
13656,79,"Sheepmeat"
30690,79,"Sheepmeat"
30694,79,"Sheepmeat"
30697,79,"Sheepmeat"
4908,79,"Sheepmeat"
4909,79,"Sheepmeat"
18440,79,"Sheepmeat"
4910,79,"Sheepmeat"
4913,79,"Sheepmeat"
18438,79,"Sheepmeat"
30944,79,"Sheepmeat"
30915,79,"Sheepmeat"
30916,79,"Sheepmeat"
30918,79,"Sheepmeat"
30919,79,"Sheepmeat"
30939,79,"Sheepmeat"
30938,79,"Sheepmeat"
30943,79,"Sheepmeat"
30946,79,"Sheepmeat"
30945,79,"Sheepmeat"
30700,79,"Sheepmeat"
30947,79,"Sheepmeat"
30948,79,"Sheepmeat"
30949,79,"Sheepmeat"
30950,79,"Sheepmeat"
30951,79,"Sheepmeat"
30698,79,"Sheepmeat"
30699,79,"Sheepmeat"
30704,79,"Sheepmeat"
30963,79,"Sheepmeat"
4873,79,"Sheepmeat"
4919,79,"Sheepmeat"
30932,79,"Sheepmeat"
30966,79,"Sheepmeat"
30964,79,"Sheepmeat"
30965,79,"Sheepmeat"
30967,79,"Sheepmeat"
30968,79,"Sheepmeat"
20982,79,"Sheepmeat"
30970,79,"Sheepmeat"
30975,79,"Sheepmeat"
20983,79,"Sheepmeat"
4874,79,"Sheepmeat"
4907,79,"Sheepmeat"
18435,79,"Sheepmeat"
18436,79,"Sheepmeat"
18437,79,"Sheepmeat"
18439,79,"Sheepmeat"
18441,79,"Sheepmeat"
18442,79,"Sheepmeat"
21670,79,"Sheepmeat"
21671,79,"Sheepmeat"
21675,79,"Sheepmeat"
21676,79,"Sheepmeat"
21677,79,"Sheepmeat"
21678,79,"Sheepmeat"
21679,79,"Sheepmeat"
21680,79,"Sheepmeat"
21681,79,"Sheepmeat"
21682,79,"Sheepmeat"
21144,79,"Sheepmeat"
21145,79,"Sheepmeat"
21147,79,"Sheepmeat"
21148,79,"Sheepmeat"
21663,79,"Sheepmeat"
21664,79,"Sheepmeat"
21665,79,"Sheepmeat"
21669,79,"Sheepmeat"
21683,79,"Sheepmeat"
21684,79,"Sheepmeat"
21685,79,"Sheepmeat"
21686,79,"Sheepmeat"
21137,79,"Sheepmeat"
21006,79,"Sheepmeat"
21138,79,"Sheepmeat"
21139,79,"Sheepmeat"
21140,79,"Sheepmeat"
21141,79,"Sheepmeat"
21142,79,"Sheepmeat"
21143,79,"Sheepmeat"
21254,79,"Sheepmeat"
21151,79,"Sheepmeat"
21152,79,"Sheepmeat"
20918,79,"Sheepmeat"
20919,79,"Sheepmeat"
20920,79,"Sheepmeat"
20921,79,"Sheepmeat"
21007,79,"Sheepmeat"
21146,79,"Sheepmeat"
21181,79,"Sheepmeat"
20998,79,"Sheepmeat"
21169,79,"Sheepmeat"
20946,79,"Sheepmeat"
20948,79,"Sheepmeat"
20949,79,"Sheepmeat"
21179,79,"Sheepmeat"
21180,79,"Sheepmeat"
20950,79,"Sheepmeat"
20956,79,"Sheepmeat"
20957,79,"Sheepmeat"
21175,79,"Sheepmeat"
20960,79,"Sheepmeat"
20961,79,"Sheepmeat"
21176,79,"Sheepmeat"
21184,79,"Sheepmeat"
21187,79,"Sheepmeat"
21193,79,"Sheepmeat"
21194,79,"Sheepmeat"
21195,79,"Sheepmeat"
21196,79,"Sheepmeat"
21197,79,"Sheepmeat"
20984,79,"Sheepmeat"
21250,79,"Sheepmeat"
21251,79,"Sheepmeat"
21200,79,"Sheepmeat"
20964,79,"Sheepmeat"
20965,79,"Sheepmeat"
20966,79,"Sheepmeat"
21166,79,"Sheepmeat"
21172,79,"Sheepmeat"
20944,79,"Sheepmeat"
20962,79,"Sheepmeat"
20963,79,"Sheepmeat"
20967,79,"Sheepmeat"
20968,79,"Sheepmeat"
20969,79,"Sheepmeat"
20970,79,"Sheepmeat"
20972,79,"Sheepmeat"
20973,79,"Sheepmeat"
21209,79,"Sheepmeat"
21226,79,"Sheepmeat"
20980,79,"Sheepmeat"
20981,79,"Sheepmeat"
30971,79,"Sheepmeat"
15641,79,"Sheepmeat"
15643,79,"Sheepmeat"
15639,79,"Sheepmeat"
15640,79,"Sheepmeat"
15642,79,"Sheepmeat"
15644,79,"Sheepmeat"
15648,79,"Sheepmeat"
21252,79,"Sheepmeat"
21000,79,"Sheepmeat"
21001,79,"Sheepmeat"
15647,79,"Sheepmeat"
15649,79,"Sheepmeat"
22105,79,"Sheepmeat"
22106,79,"Sheepmeat"
20986,79,"Sheepmeat"
21235,79,"Sheepmeat"
21238,79,"Sheepmeat"
21239,79,"Sheepmeat"
21240,79,"Sheepmeat"
21249,79,"Sheepmeat"
15650,79,"Sheepmeat"
20987,79,"Sheepmeat"
20988,79,"Sheepmeat"
21233,79,"Sheepmeat"
21234,79,"Sheepmeat"
21248,79,"Sheepmeat"
21002,79,"Sheepmeat"
15651,79,"Sheepmeat"
15652,79,"Sheepmeat"
15654,79,"Sheepmeat"
15655,79,"Sheepmeat"
21829,79,"Sheepmeat"
22063,79,"Sheepmeat"
22069,79,"Sheepmeat"
22070,79,"Sheepmeat"
22071,79,"Sheepmeat"
22073,79,"Sheepmeat"
22074,79,"Sheepmeat"
22075,79,"Sheepmeat"
22076,79,"Sheepmeat"
22077,79,"Sheepmeat"
22078,79,"Sheepmeat"
22081,79,"Sheepmeat"
22082,79,"Sheepmeat"
21836,79,"Sheepmeat"
21837,79,"Sheepmeat"
21838,79,"Sheepmeat"
21839,79,"Sheepmeat"
21841,79,"Sheepmeat"
21842,79,"Sheepmeat"
21843,79,"Sheepmeat"
21844,79,"Sheepmeat"
29459,79,"Sheepmeat"
29460,79,"Sheepmeat"
29461,79,"Sheepmeat"
29664,79,"Sheepmeat"
16941,79,"Sheepmeat"
29393,79,"Sheepmeat"
15496,79,"Sheepmeat"
15495,79,"Sheepmeat"
15505,79,"Sheepmeat"
15506,79,"Sheepmeat"
15522,79,"Sheepmeat"
22464,79,"Sheepmeat"
22465,79,"Sheepmeat"
15261,79,"Sheepmeat"
15582,79,"Sheepmeat"
15585,79,"Sheepmeat"
15586,79,"Sheepmeat"
15587,79,"Sheepmeat"
15588,79,"Sheepmeat"
15599,79,"Sheepmeat"
15528,79,"Sheepmeat"
15601,79,"Sheepmeat"
15600,79,"Sheepmeat"
15604,79,"Sheepmeat"
15605,79,"Sheepmeat"
15606,79,"Sheepmeat"
15548,79,"Sheepmeat"
15551,79,"Sheepmeat"
15552,79,"Sheepmeat"
15553,79,"Sheepmeat"
15554,79,"Sheepmeat"
15555,79,"Sheepmeat"
15558,79,"Sheepmeat"
15560,79,"Sheepmeat"
15561,79,"Sheepmeat"
15593,79,"Sheepmeat"
15594,79,"Sheepmeat"
15597,79,"Sheepmeat"
15598,79,"Sheepmeat"
15602,79,"Sheepmeat"
15603,79,"Sheepmeat"
15608,79,"Sheepmeat"
15610,79,"Sheepmeat"
15612,79,"Sheepmeat"
15614,79,"Sheepmeat"
16839,79,"Sheepmeat"
16840,79,"Sheepmeat"
16841,79,"Sheepmeat"
16842,79,"Sheepmeat"
16843,79,"Sheepmeat"
16844,79,"Sheepmeat"
16845,79,"Sheepmeat"
16846,79,"Sheepmeat"
16847,79,"Sheepmeat"
16848,79,"Sheepmeat"
16849,79,"Sheepmeat"
16850,79,"Sheepmeat"
16851,79,"Sheepmeat"
16852,79,"Sheepmeat"
16853,79,"Sheepmeat"
16854,79,"Sheepmeat"
16855,79,"Sheepmeat"
16857,79,"Sheepmeat"
15607,79,"Sheepmeat"
15609,79,"Sheepmeat"
15611,79,"Sheepmeat"
15613,79,"Sheepmeat"
15615,79,"Sheepmeat"
15617,79,"Sheepmeat"
15618,79,"Sheepmeat"
15619,79,"Sheepmeat"
15620,79,"Sheepmeat"
15621,79,"Sheepmeat"
15622,79,"Sheepmeat"
15623,79,"Sheepmeat"
15624,79,"Sheepmeat"
15625,79,"Sheepmeat"
15626,79,"Sheepmeat"
15627,79,"Sheepmeat"
15628,79,"Sheepmeat"
15629,79,"Sheepmeat"
15630,79,"Sheepmeat"
15631,79,"Sheepmeat"
15632,79,"Sheepmeat"
15633,79,"Sheepmeat"
15634,79,"Sheepmeat"
15260,79,"Sheepmeat"
15529,79,"Sheepmeat"
15590,79,"Sheepmeat"
22463,79,"Sheepmeat"
15264,79,"Sheepmeat"
15265,79,"Sheepmeat"
15266,79,"Sheepmeat"
15267,79,"Sheepmeat"
15268,79,"Sheepmeat"
15270,79,"Sheepmeat"
15275,79,"Sheepmeat"
15276,79,"Sheepmeat"
15277,79,"Sheepmeat"
15281,79,"Sheepmeat"
15530,79,"Sheepmeat"
15531,79,"Sheepmeat"
15532,79,"Sheepmeat"
15533,79,"Sheepmeat"
15534,79,"Sheepmeat"
15535,79,"Sheepmeat"
15536,79,"Sheepmeat"
15537,79,"Sheepmeat"
15538,79,"Sheepmeat"
15539,79,"Sheepmeat"
22466,79,"Sheepmeat"
15488,79,"Sheepmeat"
15498,79,"Sheepmeat"
15486,79,"Sheepmeat"
15489,79,"Sheepmeat"
15490,79,"Sheepmeat"
15492,79,"Sheepmeat"
15493,79,"Sheepmeat"
15494,79,"Sheepmeat"
15254,79,"Sheepmeat"
15491,79,"Sheepmeat"
15521,79,"Sheepmeat"
15256,79,"Sheepmeat"
15257,79,"Sheepmeat"
15258,79,"Sheepmeat"
15524,79,"Sheepmeat"
15525,79,"Sheepmeat"
16837,79,"Sheepmeat"
15576,79,"Sheepmeat"
15283,79,"Sheepmeat"
15284,79,"Sheepmeat"
15285,79,"Sheepmeat"
15286,79,"Sheepmeat"
15571,79,"Sheepmeat"
15575,79,"Sheepmeat"
31070,79,"Sheepmeat"
31071,79,"Sheepmeat"
31072,79,"Sheepmeat"
31073,79,"Sheepmeat"
15288,79,"Sheepmeat"
31074,79,"Sheepmeat"
31075,79,"Sheepmeat"
31076,79,"Sheepmeat"
31077,79,"Sheepmeat"
31078,79,"Sheepmeat"
31079,79,"Sheepmeat"
31080,79,"Sheepmeat"
31081,79,"Sheepmeat"
31082,79,"Sheepmeat"
31083,79,"Sheepmeat"
31084,79,"Sheepmeat"
31085,79,"Sheepmeat"
31086,79,"Sheepmeat"
31087,79,"Sheepmeat"
31088,79,"Sheepmeat"
31089,79,"Sheepmeat"
31090,79,"Sheepmeat"
31091,79,"Sheepmeat"
31092,79,"Sheepmeat"
31093,79,"Sheepmeat"
31094,79,"Sheepmeat"
31095,79,"Sheepmeat"
31096,79,"Sheepmeat"
31097,79,"Sheepmeat"
31098,79,"Sheepmeat"
31099,79,"Sheepmeat"
31100,79,"Sheepmeat"
31101,79,"Sheepmeat"
31102,79,"Sheepmeat"
31103,79,"Sheepmeat"
31104,79,"Sheepmeat"
31105,79,"Sheepmeat"
31106,79,"Sheepmeat"
31107,79,"Sheepmeat"
31108,79,"Sheepmeat"
31109,79,"Sheepmeat"
31110,79,"Sheepmeat"
31111,79,"Sheepmeat"
31112,79,"Sheepmeat"
31113,79,"Sheepmeat"
31114,79,"Sheepmeat"
31117,79,"Sheepmeat"
31118,79,"Sheepmeat"
31119,79,"Sheepmeat"
31120,79,"Sheepmeat"
31121,79,"Sheepmeat"
31122,79,"Sheepmeat"
31123,79,"Sheepmeat"
31124,79,"Sheepmeat"
31125,79,"Sheepmeat"
31127,79,"Sheepmeat"
31128,79,"Sheepmeat"
31129,79,"Sheepmeat"
31130,79,"Sheepmeat"
31131,79,"Sheepmeat"
31132,79,"Sheepmeat"
31133,79,"Sheepmeat"
31134,79,"Sheepmeat"
31135,79,"Sheepmeat"
31136,79,"Sheepmeat"
31137,79,"Sheepmeat"
31138,79,"Sheepmeat"
31139,79,"Sheepmeat"
31140,79,"Sheepmeat"
31141,79,"Sheepmeat"
31142,79,"Sheepmeat"
31143,79,"Sheepmeat"
31144,79,"Sheepmeat"
31145,79,"Sheepmeat"
31146,79,"Sheepmeat"
31147,79,"Sheepmeat"
31148,79,"Sheepmeat"
31149,79,"Sheepmeat"
31150,79,"Sheepmeat"
31151,79,"Sheepmeat"
31152,79,"Sheepmeat"
31153,79,"Sheepmeat"
31155,79,"Sheepmeat"
31156,79,"Sheepmeat"
31157,79,"Sheepmeat"
31158,79,"Sheepmeat"
31162,79,"Sheepmeat"
31163,79,"Sheepmeat"
31164,79,"Sheepmeat"
31165,79,"Sheepmeat"
31166,79,"Sheepmeat"
31167,79,"Sheepmeat"
31168,79,"Sheepmeat"
31169,79,"Sheepmeat"
31170,79,"Sheepmeat"
31171,79,"Sheepmeat"
31172,79,"Sheepmeat"
31173,79,"Sheepmeat"
31174,79,"Sheepmeat"
31175,79,"Sheepmeat"
30338,79,"Sheepmeat"
30344,79,"Sheepmeat"
30345,79,"Sheepmeat"
30346,79,"Sheepmeat"
30347,79,"Sheepmeat"
30362,79,"Sheepmeat"
30363,79,"Sheepmeat"
30364,79,"Sheepmeat"
30365,79,"Sheepmeat"
30366,79,"Sheepmeat"
30369,79,"Sheepmeat"
30371,79,"Sheepmeat"
30372,79,"Sheepmeat"
30373,79,"Sheepmeat"
30374,79,"Sheepmeat"
30375,79,"Sheepmeat"
30376,79,"Sheepmeat"
30377,79,"Sheepmeat"
30378,79,"Sheepmeat"
30379,79,"Sheepmeat"
30162,79,"Sheepmeat"
30163,79,"Sheepmeat"
30167,79,"Sheepmeat"
30427,79,"Sheepmeat"
30428,79,"Sheepmeat"
30429,79,"Sheepmeat"
30430,79,"Sheepmeat"
30432,79,"Sheepmeat"
30433,79,"Sheepmeat"
30436,79,"Sheepmeat"
30437,79,"Sheepmeat"
30438,79,"Sheepmeat"
30439,79,"Sheepmeat"
30440,79,"Sheepmeat"
30441,79,"Sheepmeat"
30445,79,"Sheepmeat"
30446,79,"Sheepmeat"
30447,79,"Sheepmeat"
30448,79,"Sheepmeat"
30449,79,"Sheepmeat"
30450,79,"Sheepmeat"
30451,79,"Sheepmeat"
30452,79,"Sheepmeat"
30453,79,"Sheepmeat"
30214,79,"Sheepmeat"
30215,79,"Sheepmeat"
30217,79,"Sheepmeat"
30221,79,"Sheepmeat"
30222,79,"Sheepmeat"
30223,79,"Sheepmeat"
30224,79,"Sheepmeat"
30225,79,"Sheepmeat"
30235,79,"Sheepmeat"
30236,79,"Sheepmeat"
30237,79,"Sheepmeat"
30238,79,"Sheepmeat"
20922,79,"Sheepmeat"
20923,79,"Sheepmeat"
20924,79,"Sheepmeat"
20925,79,"Sheepmeat"
20926,79,"Sheepmeat"
20927,79,"Sheepmeat"
20928,79,"Sheepmeat"
20929,79,"Sheepmeat"
20930,79,"Sheepmeat"
20931,79,"Sheepmeat"
20932,79,"Sheepmeat"
20933,79,"Sheepmeat"
20934,79,"Sheepmeat"
20935,79,"Sheepmeat"
20936,79,"Sheepmeat"
20937,79,"Sheepmeat"
20938,79,"Sheepmeat"
20939,79,"Sheepmeat"
20940,79,"Sheepmeat"
20941,79,"Sheepmeat"
20942,79,"Sheepmeat"
20943,79,"Sheepmeat"
21154,79,"Sheepmeat"
21155,79,"Sheepmeat"
21156,79,"Sheepmeat"
21157,79,"Sheepmeat"
21158,79,"Sheepmeat"
21159,79,"Sheepmeat"
21160,79,"Sheepmeat"
21161,79,"Sheepmeat"
21162,79,"Sheepmeat"
21163,79,"Sheepmeat"
21164,79,"Sheepmeat"
21165,79,"Sheepmeat"
21167,79,"Sheepmeat"
21168,79,"Sheepmeat"
21170,79,"Sheepmeat"
21171,79,"Sheepmeat"
21173,79,"Sheepmeat"
21174,79,"Sheepmeat"
20945,79,"Sheepmeat"
20947,79,"Sheepmeat"
20951,79,"Sheepmeat"
20952,79,"Sheepmeat"
20953,79,"Sheepmeat"
20954,79,"Sheepmeat"
20955,79,"Sheepmeat"
20959,79,"Sheepmeat"
21182,79,"Sheepmeat"
21183,79,"Sheepmeat"
21185,79,"Sheepmeat"
21186,79,"Sheepmeat"
21188,79,"Sheepmeat"
21189,79,"Sheepmeat"
21190,79,"Sheepmeat"
21191,79,"Sheepmeat"
21198,79,"Sheepmeat"
21199,79,"Sheepmeat"
21201,79,"Sheepmeat"
21202,79,"Sheepmeat"
21203,79,"Sheepmeat"
20971,79,"Sheepmeat"
20975,79,"Sheepmeat"
20976,79,"Sheepmeat"
20977,79,"Sheepmeat"
20978,79,"Sheepmeat"
20979,79,"Sheepmeat"
21204,79,"Sheepmeat"
21205,79,"Sheepmeat"
21206,79,"Sheepmeat"
21207,79,"Sheepmeat"
21208,79,"Sheepmeat"
21211,79,"Sheepmeat"
21212,79,"Sheepmeat"
21213,79,"Sheepmeat"
21214,79,"Sheepmeat"
21216,79,"Sheepmeat"
21217,79,"Sheepmeat"
21218,79,"Sheepmeat"
21219,79,"Sheepmeat"
21220,79,"Sheepmeat"
21221,79,"Sheepmeat"
21222,79,"Sheepmeat"
21223,79,"Sheepmeat"
21224,79,"Sheepmeat"
21225,79,"Sheepmeat"
20992,79,"Sheepmeat"
20993,79,"Sheepmeat"
20994,79,"Sheepmeat"
20995,79,"Sheepmeat"
20996,79,"Sheepmeat"
20997,79,"Sheepmeat"
20999,79,"Sheepmeat"
21227,79,"Sheepmeat"
21228,79,"Sheepmeat"
21229,79,"Sheepmeat"
21230,79,"Sheepmeat"
21242,79,"Sheepmeat"
21243,79,"Sheepmeat"
21246,79,"Sheepmeat"
21247,79,"Sheepmeat"
30940,79,"Sheepmeat"
30941,79,"Sheepmeat"
30942,79,"Sheepmeat"
30701,79,"Sheepmeat"
30702,79,"Sheepmeat"
30703,79,"Sheepmeat"
30705,79,"Sheepmeat"
30706,79,"Sheepmeat"
30707,79,"Sheepmeat"
30708,79,"Sheepmeat"
30710,79,"Sheepmeat"
30711,79,"Sheepmeat"
30712,79,"Sheepmeat"
30713,79,"Sheepmeat"
31226,79,"Sheepmeat"
31227,79,"Sheepmeat"
31228,79,"Sheepmeat"
30952,79,"Sheepmeat"
30953,79,"Sheepmeat"
30954,79,"Sheepmeat"
30955,79,"Sheepmeat"
30956,79,"Sheepmeat"
30957,79,"Sheepmeat"
30958,79,"Sheepmeat"
30959,79,"Sheepmeat"
30960,79,"Sheepmeat"
30961,79,"Sheepmeat"
30962,79,"Sheepmeat"
30972,79,"Sheepmeat"
30973,79,"Sheepmeat"
30974,79,"Sheepmeat"
30976,79,"Sheepmeat"
30977,79,"Sheepmeat"
30978,79,"Sheepmeat"
30979,79,"Sheepmeat"
30980,79,"Sheepmeat"
30981,79,"Sheepmeat"
30982,79,"Sheepmeat"
30983,79,"Sheepmeat"
30984,79,"Sheepmeat"
30985,79,"Sheepmeat"
30986,79,"Sheepmeat"
30987,79,"Sheepmeat"
30988,79,"Sheepmeat"
30989,79,"Sheepmeat"
30990,79,"Sheepmeat"
30991,79,"Sheepmeat"
30992,79,"Sheepmeat"
30993,79,"Sheepmeat"
30994,79,"Sheepmeat"
30995,79,"Sheepmeat"
30996,79,"Sheepmeat"
30997,79,"Sheepmeat"
30998,79,"Sheepmeat"
30999,79,"Sheepmeat"
31000,79,"Sheepmeat"
31001,79,"Sheepmeat"
31002,79,"Sheepmeat"
31003,79,"Sheepmeat"
31004,79,"Sheepmeat"
31005,79,"Sheepmeat"
31006,79,"Sheepmeat"
31007,79,"Sheepmeat"
31008,79,"Sheepmeat"
31009,79,"Sheepmeat"
31010,79,"Sheepmeat"
31011,79,"Sheepmeat"
31012,79,"Sheepmeat"
31013,79,"Sheepmeat"
31014,79,"Sheepmeat"
31015,79,"Sheepmeat"
31016,79,"Sheepmeat"
31017,79,"Sheepmeat"
31018,79,"Sheepmeat"
31019,79,"Sheepmeat"
31020,79,"Sheepmeat"
31021,79,"Sheepmeat"
31022,79,"Sheepmeat"
31023,79,"Sheepmeat"
31024,79,"Sheepmeat"
31025,79,"Sheepmeat"
31026,79,"Sheepmeat"
31027,79,"Sheepmeat"
31028,79,"Sheepmeat"
31029,79,"Sheepmeat"
31030,79,"Sheepmeat"
31031,79,"Sheepmeat"
31032,79,"Sheepmeat"
31033,79,"Sheepmeat"
31034,79,"Sheepmeat"
31035,79,"Sheepmeat"
31036,79,"Sheepmeat"
31037,79,"Sheepmeat"
31038,79,"Sheepmeat"
31039,79,"Sheepmeat"
31040,79,"Sheepmeat"
31041,79,"Sheepmeat"
31042,79,"Sheepmeat"
31043,79,"Sheepmeat"
31044,79,"Sheepmeat"
31045,79,"Sheepmeat"
31046,79,"Sheepmeat"
31047,79,"Sheepmeat"
31048,79,"Sheepmeat"
31049,79,"Sheepmeat"
31050,79,"Sheepmeat"
31051,79,"Sheepmeat"
31052,79,"Sheepmeat"
31053,79,"Sheepmeat"
31054,79,"Sheepmeat"
31055,79,"Sheepmeat"
31056,79,"Sheepmeat"
31057,79,"Sheepmeat"
31058,79,"Sheepmeat"
31059,79,"Sheepmeat"
31060,79,"Sheepmeat"
31061,79,"Sheepmeat"
31062,79,"Sheepmeat"
31063,79,"Sheepmeat"
31064,79,"Sheepmeat"
31065,79,"Sheepmeat"
17977,79,"Sheepmeat"
18195,79,"Sheepmeat"
18196,79,"Sheepmeat"
18197,79,"Sheepmeat"
18199,79,"Sheepmeat"
18200,79,"Sheepmeat"
18210,79,"Sheepmeat"
18211,79,"Sheepmeat"
18212,79,"Sheepmeat"
18213,79,"Sheepmeat"
18214,79,"Sheepmeat"
18241,79,"Sheepmeat"
18242,79,"Sheepmeat"
18243,79,"Sheepmeat"
18245,79,"Sheepmeat"
18246,79,"Sheepmeat"
18247,79,"Sheepmeat"
18248,79,"Sheepmeat"
17981,79,"Sheepmeat"
17982,79,"Sheepmeat"
17983,79,"Sheepmeat"
17984,79,"Sheepmeat"
17985,79,"Sheepmeat"
17986,79,"Sheepmeat"
17992,79,"Sheepmeat"
18396,79,"Sheepmeat"
18397,79,"Sheepmeat"
18398,79,"Sheepmeat"
18399,79,"Sheepmeat"
18400,79,"Sheepmeat"
18401,79,"Sheepmeat"
18402,79,"Sheepmeat"
18403,79,"Sheepmeat"
18404,79,"Sheepmeat"
18405,79,"Sheepmeat"
18406,79,"Sheepmeat"
18407,79,"Sheepmeat"
18408,79,"Sheepmeat"
18409,79,"Sheepmeat"
18410,79,"Sheepmeat"
18411,79,"Sheepmeat"
18412,79,"Sheepmeat"
18413,79,"Sheepmeat"
18414,79,"Sheepmeat"
18415,79,"Sheepmeat"
18416,79,"Sheepmeat"
18417,79,"Sheepmeat"
18418,79,"Sheepmeat"
18419,79,"Sheepmeat"
18420,79,"Sheepmeat"
18421,79,"Sheepmeat"
18422,79,"Sheepmeat"
18423,79,"Sheepmeat"
18424,79,"Sheepmeat"
18425,79,"Sheepmeat"
18426,79,"Sheepmeat"
18427,79,"Sheepmeat"
18428,79,"Sheepmeat"
18429,79,"Sheepmeat"
18430,79,"Sheepmeat"
18431,79,"Sheepmeat"
18432,79,"Sheepmeat"
18433,79,"Sheepmeat"
18434,79,"Sheepmeat"
18443,79,"Sheepmeat"
4905,79,"Sheepmeat"
4911,79,"Sheepmeat"
4912,79,"Sheepmeat"
4914,79,"Sheepmeat"
4915,79,"Sheepmeat"
4916,79,"Sheepmeat"
4917,79,"Sheepmeat"
4918,79,"Sheepmeat"
4921,79,"Sheepmeat"
4922,79,"Sheepmeat"
4779,79,"Sheepmeat"
4986,79,"Sheepmeat"
4988,79,"Sheepmeat"
21035,79,"Sheepmeat"
21045,79,"Sheepmeat"
21047,79,"Sheepmeat"
21290,79,"Sheepmeat"
21306,79,"Sheepmeat"
21307,79,"Sheepmeat"
21308,79,"Sheepmeat"
21309,79,"Sheepmeat"
21310,79,"Sheepmeat"
21478,79,"Sheepmeat"
21058,79,"Sheepmeat"
21316,79,"Sheepmeat"
21317,79,"Sheepmeat"
21318,79,"Sheepmeat"
21320,79,"Sheepmeat"
21321,79,"Sheepmeat"
21322,79,"Sheepmeat"
21323,79,"Sheepmeat"
21324,79,"Sheepmeat"
21325,79,"Sheepmeat"
21326,79,"Sheepmeat"
21327,79,"Sheepmeat"
21328,79,"Sheepmeat"
21329,79,"Sheepmeat"
21330,79,"Sheepmeat"
21331,79,"Sheepmeat"
21332,79,"Sheepmeat"
21487,79,"Sheepmeat"
21488,79,"Sheepmeat"
21489,79,"Sheepmeat"
21517,79,"Sheepmeat"
21518,79,"Sheepmeat"
21519,79,"Sheepmeat"
21520,79,"Sheepmeat"
21521,79,"Sheepmeat"
21530,79,"Sheepmeat"
21531,79,"Sheepmeat"
21532,79,"Sheepmeat"
21534,79,"Sheepmeat"
21542,79,"Sheepmeat"
21546,79,"Sheepmeat"
21547,79,"Sheepmeat"
21549,79,"Sheepmeat"
21550,79,"Sheepmeat"
21557,79,"Sheepmeat"
21558,79,"Sheepmeat"
21559,79,"Sheepmeat"
21560,79,"Sheepmeat"
21561,79,"Sheepmeat"
21562,79,"Sheepmeat"
21564,79,"Sheepmeat"
21565,79,"Sheepmeat"
21566,79,"Sheepmeat"
21567,79,"Sheepmeat"
21568,79,"Sheepmeat"
21569,79,"Sheepmeat"
21570,79,"Sheepmeat"
21571,79,"Sheepmeat"
21572,79,"Sheepmeat"
21573,79,"Sheepmeat"
21574,79,"Sheepmeat"
21575,79,"Sheepmeat"
21576,79,"Sheepmeat"
21577,79,"Sheepmeat"
21336,79,"Sheepmeat"
21337,79,"Sheepmeat"
21338,79,"Sheepmeat"
21339,79,"Sheepmeat"
21340,79,"Sheepmeat"
21341,79,"Sheepmeat"
21342,79,"Sheepmeat"
30339,79,"Sheepmeat"
30340,79,"Sheepmeat"
30341,79,"Sheepmeat"
30348,79,"Sheepmeat"
30349,79,"Sheepmeat"
30350,79,"Sheepmeat"
30352,79,"Sheepmeat"
30353,79,"Sheepmeat"
30354,79,"Sheepmeat"
30355,79,"Sheepmeat"
30356,79,"Sheepmeat"
30357,79,"Sheepmeat"
30358,79,"Sheepmeat"
30360,79,"Sheepmeat"
30164,79,"Sheepmeat"
30174,79,"Sheepmeat"
30180,79,"Sheepmeat"
30181,79,"Sheepmeat"
30182,79,"Sheepmeat"
30183,79,"Sheepmeat"
30184,79,"Sheepmeat"
30187,79,"Sheepmeat"
30380,79,"Sheepmeat"
30382,79,"Sheepmeat"
30383,79,"Sheepmeat"
30384,79,"Sheepmeat"
30385,79,"Sheepmeat"
30386,79,"Sheepmeat"
30387,79,"Sheepmeat"
30388,79,"Sheepmeat"
30389,79,"Sheepmeat"
30390,79,"Sheepmeat"
30391,79,"Sheepmeat"
30392,79,"Sheepmeat"
30395,79,"Sheepmeat"
30397,79,"Sheepmeat"
30398,79,"Sheepmeat"
30400,79,"Sheepmeat"
30401,79,"Sheepmeat"
30404,79,"Sheepmeat"
30405,79,"Sheepmeat"
30406,79,"Sheepmeat"
30407,79,"Sheepmeat"
30408,79,"Sheepmeat"
30410,79,"Sheepmeat"
30412,79,"Sheepmeat"
30413,79,"Sheepmeat"
30414,79,"Sheepmeat"
30415,79,"Sheepmeat"
30418,79,"Sheepmeat"
30419,79,"Sheepmeat"
30420,79,"Sheepmeat"
15263,79,"Sheepmeat"
15282,79,"Sheepmeat"
15570,79,"Sheepmeat"
15291,79,"Sheepmeat"
15549,79,"Sheepmeat"
15550,79,"Sheepmeat"
15563,79,"Sheepmeat"
15579,79,"Sheepmeat"
15581,79,"Sheepmeat"
22208,79,"Sheepmeat"
22211,79,"Sheepmeat"
22220,79,"Sheepmeat"
22221,79,"Sheepmeat"
22222,79,"Sheepmeat"
22223,79,"Sheepmeat"
22224,79,"Sheepmeat"
22230,79,"Sheepmeat"
22468,79,"Sheepmeat"
22469,79,"Sheepmeat"
22476,79,"Sheepmeat"
22477,79,"Sheepmeat"
22478,79,"Sheepmeat"
22479,79,"Sheepmeat"
22480,79,"Sheepmeat"
22481,79,"Sheepmeat"
22482,79,"Sheepmeat"
22484,79,"Sheepmeat"
22485,79,"Sheepmeat"
22487,79,"Sheepmeat"
22231,79,"Sheepmeat"
16046,79,"Sheepmeat"
16797,79,"Sheepmeat"
17059,79,"Sheepmeat"
15527,79,"Sheepmeat"
22471,79,"Sheepmeat"
22233,79,"Sheepmeat"
22234,79,"Sheepmeat"
22235,79,"Sheepmeat"
22236,79,"Sheepmeat"
22238,79,"Sheepmeat"
22239,79,"Sheepmeat"
22241,79,"Sheepmeat"
22518,79,"Sheepmeat"
15848,79,"Sheepmeat"
22232,79,"Sheepmeat"
22467,79,"Sheepmeat"
22210,79,"Sheepmeat"
15847,79,"Sheepmeat"
22472,79,"Sheepmeat"
22250,79,"Sheepmeat"
22251,79,"Sheepmeat"
22252,79,"Sheepmeat"
22254,79,"Sheepmeat"
22517,79,"Sheepmeat"
22256,79,"Sheepmeat"
15556,79,"Sheepmeat"
15557,79,"Sheepmeat"
15559,79,"Sheepmeat"
15589,79,"Sheepmeat"
15591,79,"Sheepmeat"
15592,79,"Sheepmeat"
15595,79,"Sheepmeat"
15596,79,"Sheepmeat"
16856,79,"Sheepmeat"
16858,79,"Sheepmeat"
15635,79,"Sheepmeat"
15636,79,"Sheepmeat"
15637,79,"Sheepmeat"
15580,79,"Sheepmeat"
22227,79,"Sheepmeat"
22228,79,"Sheepmeat"
22229,79,"Sheepmeat"
22470,79,"Sheepmeat"
22473,79,"Sheepmeat"
22474,79,"Sheepmeat"
22475,79,"Sheepmeat"
22486,79,"Sheepmeat"
22237,79,"Sheepmeat"
22240,79,"Sheepmeat"
22244,79,"Sheepmeat"
22515,79,"Sheepmeat"
22516,79,"Sheepmeat"
22513,79,"Sheepmeat"
22255,79,"Sheepmeat"
22514,79,"Sheepmeat"
22519,79,"Sheepmeat"
22242,79,"Sheepmeat"
22243,79,"Sheepmeat"
22521,79,"Sheepmeat"
22274,79,"Sheepmeat"
22740,79,"Sheepmeat"
13701,79,"Sheepmeat"
14094,79,"Sheepmeat"
22273,79,"Sheepmeat"
22276,79,"Sheepmeat"
22522,79,"Sheepmeat"
22245,79,"Sheepmeat"
22246,79,"Sheepmeat"
22247,79,"Sheepmeat"
22248,79,"Sheepmeat"
22249,79,"Sheepmeat"
22253,79,"Sheepmeat"
22491,79,"Sheepmeat"
22492,79,"Sheepmeat"
22493,79,"Sheepmeat"
22512,79,"Sheepmeat"
22703,79,"Sheepmeat"
22523,79,"Sheepmeat"
22591,79,"Sheepmeat"
22826,79,"Sheepmeat"
22667,79,"Sheepmeat"
22494,79,"Sheepmeat"
22496,79,"Sheepmeat"
22497,79,"Sheepmeat"
22498,79,"Sheepmeat"
22499,79,"Sheepmeat"
22500,79,"Sheepmeat"
22501,79,"Sheepmeat"
22502,79,"Sheepmeat"
22503,79,"Sheepmeat"
22504,79,"Sheepmeat"
22505,79,"Sheepmeat"
22506,79,"Sheepmeat"
22507,79,"Sheepmeat"
22508,79,"Sheepmeat"
22509,79,"Sheepmeat"
22257,79,"Sheepmeat"
22258,79,"Sheepmeat"
22259,79,"Sheepmeat"
22260,79,"Sheepmeat"
22261,79,"Sheepmeat"
22263,79,"Sheepmeat"
22264,79,"Sheepmeat"
22265,79,"Sheepmeat"
22266,79,"Sheepmeat"
22267,79,"Sheepmeat"
22510,79,"Sheepmeat"
22511,79,"Sheepmeat"
22275,79,"Sheepmeat"
22277,79,"Sheepmeat"
22278,79,"Sheepmeat"
22525,79,"Sheepmeat"
22526,79,"Sheepmeat"
22528,79,"Sheepmeat"
22529,79,"Sheepmeat"
22530,79,"Sheepmeat"
22531,79,"Sheepmeat"
22532,79,"Sheepmeat"
22533,79,"Sheepmeat"
22706,79,"Sheepmeat"
22708,79,"Sheepmeat"
17001,79,"Sheepmeat"
17009,79,"Sheepmeat"
15511,79,"Sheepmeat"
15512,79,"Sheepmeat"
22707,79,"Sheepmeat"
15513,79,"Sheepmeat"
15742,79,"Sheepmeat"
15744,79,"Sheepmeat"
15756,79,"Sheepmeat"
15743,79,"Sheepmeat"
15746,79,"Sheepmeat"
15747,79,"Sheepmeat"
15748,79,"Sheepmeat"
15749,79,"Sheepmeat"
15750,79,"Sheepmeat"
15751,79,"Sheepmeat"
15752,79,"Sheepmeat"
16018,79,"Sheepmeat"
16019,79,"Sheepmeat"
16020,79,"Sheepmeat"
17007,79,"Sheepmeat"
16984,79,"Sheepmeat"
16985,79,"Sheepmeat"
16986,79,"Sheepmeat"
16987,79,"Sheepmeat"
16988,79,"Sheepmeat"
16990,79,"Sheepmeat"
16022,79,"Sheepmeat"
16742,79,"Sheepmeat"
16997,79,"Sheepmeat"
16995,79,"Sheepmeat"
16996,79,"Sheepmeat"
15828,79,"Sheepmeat"
16015,79,"Sheepmeat"
16016,79,"Sheepmeat"
16017,79,"Sheepmeat"
16013,79,"Sheepmeat"
15781,79,"Sheepmeat"
15785,79,"Sheepmeat"
15786,79,"Sheepmeat"
15802,79,"Sheepmeat"
15805,79,"Sheepmeat"
15806,79,"Sheepmeat"
15813,79,"Sheepmeat"
15814,79,"Sheepmeat"
15815,79,"Sheepmeat"
15821,79,"Sheepmeat"
15564,79,"Sheepmeat"
16989,79,"Sheepmeat"
16991,79,"Sheepmeat"
17002,79,"Sheepmeat"
17003,79,"Sheepmeat"
17004,79,"Sheepmeat"
17005,79,"Sheepmeat"
17006,79,"Sheepmeat"
17008,79,"Sheepmeat"
17045,79,"Sheepmeat"
17811,79,"Sheepmeat"
15658,79,"Sheepmeat"
15659,79,"Sheepmeat"
15660,79,"Sheepmeat"
15661,79,"Sheepmeat"
15662,79,"Sheepmeat"
17591,79,"Sheepmeat"
17817,79,"Sheepmeat"
17822,79,"Sheepmeat"
15714,79,"Sheepmeat"
15717,79,"Sheepmeat"
15718,79,"Sheepmeat"
15719,79,"Sheepmeat"
15721,79,"Sheepmeat"
15722,79,"Sheepmeat"
15723,79,"Sheepmeat"
15724,79,"Sheepmeat"
15727,79,"Sheepmeat"
15728,79,"Sheepmeat"
12540,79,"Sheepmeat"
15664,79,"Sheepmeat"
22031,79,"Sheepmeat"
22040,79,"Sheepmeat"
22043,79,"Sheepmeat"
21854,79,"Sheepmeat"
22092,79,"Sheepmeat"
22093,79,"Sheepmeat"
22096,79,"Sheepmeat"
22097,79,"Sheepmeat"
22098,79,"Sheepmeat"
12504,79,"Sheepmeat"
22032,79,"Sheepmeat"
22034,79,"Sheepmeat"
22035,79,"Sheepmeat"
22038,79,"Sheepmeat"
22041,79,"Sheepmeat"
22054,79,"Sheepmeat"
21847,79,"Sheepmeat"
21848,79,"Sheepmeat"
22018,79,"Sheepmeat"
22042,79,"Sheepmeat"
22049,79,"Sheepmeat"
22055,79,"Sheepmeat"
21816,79,"Sheepmeat"
27463,79,"Sheepmeat"
21786,79,"Sheepmeat"
21787,79,"Sheepmeat"
22058,79,"Sheepmeat"
22061,79,"Sheepmeat"
21808,79,"Sheepmeat"
21809,79,"Sheepmeat"
21810,79,"Sheepmeat"
21813,79,"Sheepmeat"
21814,79,"Sheepmeat"
21815,79,"Sheepmeat"
21817,79,"Sheepmeat"
21818,79,"Sheepmeat"
21819,79,"Sheepmeat"
21820,79,"Sheepmeat"
21821,79,"Sheepmeat"
21822,79,"Sheepmeat"
21823,79,"Sheepmeat"
21824,79,"Sheepmeat"
21825,79,"Sheepmeat"
21826,79,"Sheepmeat"
21827,79,"Sheepmeat"
21828,79,"Sheepmeat"
22064,79,"Sheepmeat"
22065,79,"Sheepmeat"
22066,79,"Sheepmeat"
22067,79,"Sheepmeat"
22068,79,"Sheepmeat"
22084,79,"Sheepmeat"
22085,79,"Sheepmeat"
22086,79,"Sheepmeat"
22087,79,"Sheepmeat"
22088,79,"Sheepmeat"
21830,79,"Sheepmeat"
21831,79,"Sheepmeat"
21832,79,"Sheepmeat"
21833,79,"Sheepmeat"
12541,79,"Sheepmeat"
21798,79,"Sheepmeat"
22044,79,"Sheepmeat"
22045,79,"Sheepmeat"
17784,79,"Sheepmeat"
17820,79,"Sheepmeat"
21812,79,"Sheepmeat"
21834,79,"Sheepmeat"
21835,79,"Sheepmeat"
21851,79,"Sheepmeat"
21852,79,"Sheepmeat"
22033,79,"Sheepmeat"
22036,79,"Sheepmeat"
22037,79,"Sheepmeat"
22039,79,"Sheepmeat"
24856,79,"Sheepmeat"
24885,79,"Sheepmeat"
24847,79,"Sheepmeat"
24855,79,"Sheepmeat"
24854,79,"Sheepmeat"
24857,79,"Sheepmeat"
24858,79,"Sheepmeat"
24860,79,"Sheepmeat"
24862,79,"Sheepmeat"
24863,79,"Sheepmeat"
24864,79,"Sheepmeat"
23817,79,"Sheepmeat"
24867,79,"Sheepmeat"
24669,79,"Sheepmeat"
24670,79,"Sheepmeat"
24672,79,"Sheepmeat"
24886,79,"Sheepmeat"
24887,79,"Sheepmeat"
24888,79,"Sheepmeat"
24889,79,"Sheepmeat"
24668,79,"Sheepmeat"
21998,79,"Sheepmeat"
21999,79,"Sheepmeat"
22000,79,"Sheepmeat"
22002,79,"Sheepmeat"
23815,79,"Sheepmeat"
23816,79,"Sheepmeat"
23616,79,"Sheepmeat"
21846,79,"Sheepmeat"
21850,79,"Sheepmeat"
21853,79,"Sheepmeat"
22089,79,"Sheepmeat"
22090,79,"Sheepmeat"
22094,79,"Sheepmeat"
22003,79,"Sheepmeat"
22006,79,"Sheepmeat"
22012,79,"Sheepmeat"
22014,79,"Sheepmeat"
22015,79,"Sheepmeat"
22016,79,"Sheepmeat"
22017,79,"Sheepmeat"
21805,79,"Sheepmeat"
21806,79,"Sheepmeat"
23828,79,"Sheepmeat"
23829,79,"Sheepmeat"
23830,79,"Sheepmeat"
23831,79,"Sheepmeat"
23832,79,"Sheepmeat"
23833,79,"Sheepmeat"
23834,79,"Sheepmeat"
23835,79,"Sheepmeat"
23836,79,"Sheepmeat"
23837,79,"Sheepmeat"
23848,79,"Sheepmeat"
23849,79,"Sheepmeat"
23850,79,"Sheepmeat"
23851,79,"Sheepmeat"
23852,79,"Sheepmeat"
23853,79,"Sheepmeat"
23605,79,"Sheepmeat"
23606,79,"Sheepmeat"
23607,79,"Sheepmeat"
23609,79,"Sheepmeat"
23610,79,"Sheepmeat"
23611,79,"Sheepmeat"
23612,79,"Sheepmeat"
23613,79,"Sheepmeat"
23614,79,"Sheepmeat"
23615,79,"Sheepmeat"
23618,79,"Sheepmeat"
23619,79,"Sheepmeat"
23862,79,"Sheepmeat"
23863,79,"Sheepmeat"
23864,79,"Sheepmeat"
23865,79,"Sheepmeat"
23866,79,"Sheepmeat"
23867,79,"Sheepmeat"
23868,79,"Sheepmeat"
23872,79,"Sheepmeat"
23873,79,"Sheepmeat"
23874,79,"Sheepmeat"
23875,79,"Sheepmeat"
23876,79,"Sheepmeat"
23877,79,"Sheepmeat"
23878,79,"Sheepmeat"
23879,79,"Sheepmeat"
23880,79,"Sheepmeat"
23881,79,"Sheepmeat"
23883,79,"Sheepmeat"
23621,79,"Sheepmeat"
23622,79,"Sheepmeat"
23623,79,"Sheepmeat"
23624,79,"Sheepmeat"
23625,79,"Sheepmeat"
23627,79,"Sheepmeat"
23629,79,"Sheepmeat"
23632,79,"Sheepmeat"
23633,79,"Sheepmeat"
23648,79,"Sheepmeat"
23884,79,"Sheepmeat"
12490,79,"Sheepmeat"
12514,79,"Sheepmeat"
12515,79,"Sheepmeat"
12517,79,"Sheepmeat"
15051,79,"Sheepmeat"
16363,79,"Sheepmeat"
16365,79,"Sheepmeat"
16366,79,"Sheepmeat"
16635,79,"Sheepmeat"
16919,79,"Sheepmeat"
16974,79,"Sheepmeat"
15066,79,"Sheepmeat"
15078,79,"Sheepmeat"
15075,79,"Sheepmeat"
15096,79,"Sheepmeat"
15106,79,"Sheepmeat"
15108,79,"Sheepmeat"
15109,79,"Sheepmeat"
14868,79,"Sheepmeat"
14870,79,"Sheepmeat"
16921,79,"Sheepmeat"
16923,79,"Sheepmeat"
16975,79,"Sheepmeat"
16976,79,"Sheepmeat"
14869,79,"Sheepmeat"
15107,79,"Sheepmeat"
14873,79,"Sheepmeat"
15124,79,"Sheepmeat"
14876,79,"Sheepmeat"
14878,79,"Sheepmeat"
15073,79,"Sheepmeat"
27390,79,"Sheepmeat"
14871,79,"Sheepmeat"
14877,79,"Sheepmeat"
14872,79,"Sheepmeat"
15121,79,"Sheepmeat"
16924,79,"Sheepmeat"
16925,79,"Sheepmeat"
16926,79,"Sheepmeat"
16674,79,"Sheepmeat"
16897,79,"Sheepmeat"
16898,79,"Sheepmeat"
16899,79,"Sheepmeat"
16900,79,"Sheepmeat"
16901,79,"Sheepmeat"
16902,79,"Sheepmeat"
16903,79,"Sheepmeat"
16904,79,"Sheepmeat"
16905,79,"Sheepmeat"
16906,79,"Sheepmeat"
16907,79,"Sheepmeat"
16908,79,"Sheepmeat"
16909,79,"Sheepmeat"
16910,79,"Sheepmeat"
16911,79,"Sheepmeat"
16920,79,"Sheepmeat"
16927,79,"Sheepmeat"
16929,79,"Sheepmeat"
16977,79,"Sheepmeat"
16978,79,"Sheepmeat"
15120,79,"Sheepmeat"
14884,79,"Sheepmeat"
14885,79,"Sheepmeat"
15296,79,"Sheepmeat"
15300,79,"Sheepmeat"
16364,79,"Sheepmeat"
16641,79,"Sheepmeat"
31553,79,"Sheepmeat"
31554,79,"Sheepmeat"
31557,79,"Sheepmeat"
31558,79,"Sheepmeat"
31572,79,"Sheepmeat"
31573,79,"Sheepmeat"
21539,79,"Sheepmeat"
21540,79,"Sheepmeat"
21541,79,"Sheepmeat"
31648,79,"Sheepmeat"
31659,79,"Sheepmeat"
31660,79,"Sheepmeat"
31661,79,"Sheepmeat"
29150,79,"Sheepmeat"
29155,79,"Sheepmeat"
29156,79,"Sheepmeat"
29157,79,"Sheepmeat"
29158,79,"Sheepmeat"
29159,79,"Sheepmeat"
29160,79,"Sheepmeat"
4932,79,"Sheepmeat"
4934,79,"Sheepmeat"
4935,79,"Sheepmeat"
4945,79,"Sheepmeat"
4946,79,"Sheepmeat"
4947,79,"Sheepmeat"
4948,79,"Sheepmeat"
4949,79,"Sheepmeat"
4951,79,"Sheepmeat"
4952,79,"Sheepmeat"
4729,79,"Sheepmeat"
4730,79,"Sheepmeat"
4731,79,"Sheepmeat"
4734,79,"Sheepmeat"
4738,79,"Sheepmeat"
4740,79,"Sheepmeat"
4980,79,"Sheepmeat"
4981,79,"Sheepmeat"
4751,79,"Sheepmeat"
29881,79,"Sheepmeat"
29882,79,"Sheepmeat"
29883,79,"Sheepmeat"
29891,79,"Sheepmeat"
5043,79,"Sheepmeat"
4783,79,"Sheepmeat"
5047,79,"Sheepmeat"
30286,79,"Sheepmeat"
5305,79,"Sheepmeat"
5311,79,"Sheepmeat"
5312,79,"Sheepmeat"
5316,79,"Sheepmeat"
29892,79,"Sheepmeat"
30149,79,"Sheepmeat"
30150,79,"Sheepmeat"
30151,79,"Sheepmeat"
30152,79,"Sheepmeat"
30153,79,"Sheepmeat"
30155,79,"Sheepmeat"
30156,79,"Sheepmeat"
30291,79,"Sheepmeat"
21589,79,"Sheepmeat"
14336,79,"Sheepmeat"
14337,79,"Sheepmeat"
30154,79,"Sheepmeat"
30157,79,"Sheepmeat"
30159,79,"Sheepmeat"
30160,79,"Sheepmeat"
30161,79,"Sheepmeat"
30288,79,"Sheepmeat"
30289,79,"Sheepmeat"
30290,79,"Sheepmeat"
30292,79,"Sheepmeat"
30294,79,"Sheepmeat"
30295,79,"Sheepmeat"
30296,79,"Sheepmeat"
30303,79,"Sheepmeat"
30304,79,"Sheepmeat"
30305,79,"Sheepmeat"
30306,79,"Sheepmeat"
30307,79,"Sheepmeat"
30308,79,"Sheepmeat"
30310,79,"Sheepmeat"
30314,79,"Sheepmeat"
30321,79,"Sheepmeat"
30322,79,"Sheepmeat"
30323,79,"Sheepmeat"
30324,79,"Sheepmeat"
30329,79,"Sheepmeat"
30330,79,"Sheepmeat"
30331,79,"Sheepmeat"
30332,79,"Sheepmeat"
30333,79,"Sheepmeat"
30334,79,"Sheepmeat"
30335,79,"Sheepmeat"
30336,79,"Sheepmeat"
4737,79,"Sheepmeat"
4739,79,"Sheepmeat"
31555,79,"Sheepmeat"
31556,79,"Sheepmeat"
31559,79,"Sheepmeat"
31560,79,"Sheepmeat"
31562,79,"Sheepmeat"
31563,79,"Sheepmeat"
31564,79,"Sheepmeat"
31566,79,"Sheepmeat"
30171,79,"Sheepmeat"
21543,79,"Sheepmeat"
21544,79,"Sheepmeat"
21548,79,"Sheepmeat"
21551,79,"Sheepmeat"
21657,79,"Sheepmeat"
21658,79,"Sheepmeat"
21659,79,"Sheepmeat"
21429,79,"Sheepmeat"
21430,79,"Sheepmeat"
21255,79,"Sheepmeat"
21257,79,"Sheepmeat"
21432,79,"Sheepmeat"
21433,79,"Sheepmeat"
21434,79,"Sheepmeat"
21661,79,"Sheepmeat"
21425,79,"Sheepmeat"
21426,79,"Sheepmeat"
21427,79,"Sheepmeat"
21435,79,"Sheepmeat"
22133,79,"Sheepmeat"
22135,79,"Sheepmeat"
22287,79,"Sheepmeat"
21253,79,"Sheepmeat"
13177,79,"Sheepmeat"
13178,79,"Sheepmeat"
13179,79,"Sheepmeat"
13466,79,"Sheepmeat"
13685,79,"Sheepmeat"
27889,79,"Sheepmeat"
21591,79,"Sheepmeat"
21592,79,"Sheepmeat"
21395,79,"Sheepmeat"
21396,79,"Sheepmeat"
21614,79,"Sheepmeat"
21404,79,"Sheepmeat"
21269,79,"Sheepmeat"
21054,79,"Sheepmeat"
21055,79,"Sheepmeat"
21406,79,"Sheepmeat"
21407,79,"Sheepmeat"
21410,79,"Sheepmeat"
21411,79,"Sheepmeat"
21412,79,"Sheepmeat"
21414,79,"Sheepmeat"
21415,79,"Sheepmeat"
21421,79,"Sheepmeat"
21647,79,"Sheepmeat"
21648,79,"Sheepmeat"
21649,79,"Sheepmeat"
21652,79,"Sheepmeat"
21653,79,"Sheepmeat"
21654,79,"Sheepmeat"
21655,79,"Sheepmeat"
21656,79,"Sheepmeat"
21431,79,"Sheepmeat"
21256,79,"Sheepmeat"
21258,79,"Sheepmeat"
21259,79,"Sheepmeat"
21260,79,"Sheepmeat"
21265,79,"Sheepmeat"
21266,79,"Sheepmeat"
21014,79,"Sheepmeat"
21015,79,"Sheepmeat"
21016,79,"Sheepmeat"
21017,79,"Sheepmeat"
21019,79,"Sheepmeat"
21022,79,"Sheepmeat"
21283,79,"Sheepmeat"
22291,79,"Sheepmeat"
22292,79,"Sheepmeat"
22293,79,"Sheepmeat"
22294,79,"Sheepmeat"
22295,79,"Sheepmeat"
22302,79,"Sheepmeat"
22306,79,"Sheepmeat"
22307,79,"Sheepmeat"
22317,79,"Sheepmeat"
21271,79,"Sheepmeat"
21272,79,"Sheepmeat"
21273,79,"Sheepmeat"
21275,79,"Sheepmeat"
21278,79,"Sheepmeat"
21279,79,"Sheepmeat"
21041,79,"Sheepmeat"
21051,79,"Sheepmeat"
21052,79,"Sheepmeat"
21053,79,"Sheepmeat"
21056,79,"Sheepmeat"
21057,79,"Sheepmeat"
21284,79,"Sheepmeat"
21285,79,"Sheepmeat"
21286,79,"Sheepmeat"
21287,79,"Sheepmeat"
21288,79,"Sheepmeat"
21298,79,"Sheepmeat"
21509,79,"Sheepmeat"
21510,79,"Sheepmeat"
21511,79,"Sheepmeat"
21512,79,"Sheepmeat"
21513,79,"Sheepmeat"
21514,79,"Sheepmeat"
21538,79,"Sheepmeat"
13198,79,"Sheepmeat"
7032,79,"Sheepmeat"
6822,79,"Sheepmeat"
6825,79,"Sheepmeat"
7052,79,"Sheepmeat"
7051,79,"Sheepmeat"
6826,79,"Sheepmeat"
6827,79,"Sheepmeat"
15677,79,"Sheepmeat"
7044,79,"Sheepmeat"
16637,79,"Sheepmeat"
16639,79,"Sheepmeat"
16381,79,"Sheepmeat"
16382,79,"Sheepmeat"
16383,79,"Sheepmeat"
16640,79,"Sheepmeat"
16642,79,"Sheepmeat"
16643,79,"Sheepmeat"
16646,79,"Sheepmeat"
16895,79,"Sheepmeat"
16896,79,"Sheepmeat"
16912,79,"Sheepmeat"
16914,79,"Sheepmeat"
16916,79,"Sheepmeat"
16917,79,"Sheepmeat"
16667,79,"Sheepmeat"
16669,79,"Sheepmeat"
16672,79,"Sheepmeat"
16673,79,"Sheepmeat"
16930,79,"Sheepmeat"
16931,79,"Sheepmeat"
16932,79,"Sheepmeat"
16933,79,"Sheepmeat"
16934,79,"Sheepmeat"
16935,79,"Sheepmeat"
16888,79,"Sheepmeat"
16889,79,"Sheepmeat"
16890,79,"Sheepmeat"
16894,79,"Sheepmeat"
16913,79,"Sheepmeat"
16651,79,"Sheepmeat"
16661,79,"Sheepmeat"
16665,79,"Sheepmeat"
16666,79,"Sheepmeat"
16664,79,"Sheepmeat"
16939,79,"Sheepmeat"
16940,79,"Sheepmeat"
16945,79,"Sheepmeat"
16937,79,"Sheepmeat"
16938,79,"Sheepmeat"
16936,79,"Sheepmeat"
13469,79,"Sheepmeat"
13212,79,"Sheepmeat"
13214,79,"Sheepmeat"
13477,79,"Sheepmeat"
13478,79,"Sheepmeat"
13479,79,"Sheepmeat"
13480,79,"Sheepmeat"
13483,79,"Sheepmeat"
13639,79,"Sheepmeat"
13640,79,"Sheepmeat"
13641,79,"Sheepmeat"
13643,79,"Sheepmeat"
13644,79,"Sheepmeat"
13679,79,"Sheepmeat"
13485,79,"Sheepmeat"
13486,79,"Sheepmeat"
27304,79,"Sheepmeat"
27305,79,"Sheepmeat"
27306,79,"Sheepmeat"
27069,79,"Sheepmeat"
27076,79,"Sheepmeat"
27077,79,"Sheepmeat"
27078,79,"Sheepmeat"
27079,79,"Sheepmeat"
27377,79,"Sheepmeat"
28133,79,"Sheepmeat"
28138,79,"Sheepmeat"
28180,79,"Sheepmeat"
28183,79,"Sheepmeat"
28185,79,"Sheepmeat"
28118,79,"Sheepmeat"
28119,79,"Sheepmeat"
28127,79,"Sheepmeat"
12154,79,"Sheepmeat"
12153,79,"Sheepmeat"
12152,79,"Sheepmeat"
12155,79,"Sheepmeat"
12140,79,"Sheepmeat"
27555,79,"Sheepmeat"
27967,79,"Sheepmeat"
27852,79,"Sheepmeat"
27853,79,"Sheepmeat"
28062,79,"Sheepmeat"
28063,79,"Sheepmeat"
28064,79,"Sheepmeat"
28065,79,"Sheepmeat"
28066,79,"Sheepmeat"
28069,79,"Sheepmeat"
27849,79,"Sheepmeat"
27857,79,"Sheepmeat"
27859,79,"Sheepmeat"
27861,79,"Sheepmeat"
27862,79,"Sheepmeat"
27863,79,"Sheepmeat"
28094,79,"Sheepmeat"
28095,79,"Sheepmeat"
11913,79,"Sheepmeat"
11941,79,"Sheepmeat"
11943,79,"Sheepmeat"
12227,79,"Sheepmeat"
28333,79,"Sheepmeat"
27860,79,"Sheepmeat"
28097,79,"Sheepmeat"
28100,79,"Sheepmeat"
27866,79,"Sheepmeat"
28092,79,"Sheepmeat"
28093,79,"Sheepmeat"
28101,79,"Sheepmeat"
28102,79,"Sheepmeat"
28120,79,"Sheepmeat"
28121,79,"Sheepmeat"
28084,79,"Sheepmeat"
28103,79,"Sheepmeat"
28104,79,"Sheepmeat"
28105,79,"Sheepmeat"
28111,79,"Sheepmeat"
28112,79,"Sheepmeat"
28113,79,"Sheepmeat"
28114,79,"Sheepmeat"
28115,79,"Sheepmeat"
28116,79,"Sheepmeat"
28117,79,"Sheepmeat"
27879,79,"Sheepmeat"
27930,79,"Sheepmeat"
28182,79,"Sheepmeat"
28331,79,"Sheepmeat"
28332,79,"Sheepmeat"
11942,79,"Sheepmeat"
12150,79,"Sheepmeat"
12151,79,"Sheepmeat"
12226,79,"Sheepmeat"
12228,79,"Sheepmeat"
12229,79,"Sheepmeat"
12230,79,"Sheepmeat"
12231,79,"Sheepmeat"
28334,79,"Sheepmeat"
27945,79,"Sheepmeat"
28204,79,"Sheepmeat"
11975,79,"Sheepmeat"
11976,79,"Sheepmeat"
12239,79,"Sheepmeat"
12147,79,"Sheepmeat"
12148,79,"Sheepmeat"
12145,79,"Sheepmeat"
318,79,"Sheepmeat"
299,79,"Sheepmeat"
252,79,"Sheepmeat"
300,79,"Sheepmeat"
240,79,"Sheepmeat"
15709,79,"Sheepmeat"
15710,79,"Sheepmeat"
15711,79,"Sheepmeat"
15708,79,"Sheepmeat"
15735,79,"Sheepmeat"
15745,79,"Sheepmeat"
15732,79,"Sheepmeat"
15739,79,"Sheepmeat"
15736,79,"Sheepmeat"
15737,79,"Sheepmeat"
15738,79,"Sheepmeat"
15757,79,"Sheepmeat"
15758,79,"Sheepmeat"
15759,79,"Sheepmeat"
15683,79,"Sheepmeat"
15684,79,"Sheepmeat"
15685,79,"Sheepmeat"
15693,79,"Sheepmeat"
15694,79,"Sheepmeat"
15696,79,"Sheepmeat"
15713,79,"Sheepmeat"
15715,79,"Sheepmeat"
13220,79,"Sheepmeat"
15734,79,"Sheepmeat"
15733,79,"Sheepmeat"
15690,79,"Sheepmeat"
15691,79,"Sheepmeat"
15712,79,"Sheepmeat"
15704,79,"Sheepmeat"
15705,79,"Sheepmeat"
236,79,"Sheepmeat"
15716,79,"Sheepmeat"
15725,79,"Sheepmeat"
239,79,"Sheepmeat"
237,79,"Sheepmeat"
242,79,"Sheepmeat"
244,79,"Sheepmeat"
246,79,"Sheepmeat"
247,79,"Sheepmeat"
248,79,"Sheepmeat"
258,79,"Sheepmeat"
261,79,"Sheepmeat"
243,79,"Sheepmeat"
262,79,"Sheepmeat"
263,79,"Sheepmeat"
245,79,"Sheepmeat"
256,79,"Sheepmeat"
249,79,"Sheepmeat"
250,79,"Sheepmeat"
251,79,"Sheepmeat"
264,79,"Sheepmeat"
98,79,"Sheepmeat"
27893,65,"Sheepmeat"
28174,65,"Sheepmeat"
21602,65,"Sheepmeat"
27923,65,"Sheepmeat"
27924,65,"Sheepmeat"
27926,65,"Sheepmeat"
27927,65,"Sheepmeat"
27928,65,"Sheepmeat"
28178,65,"Sheepmeat"
27845,65,"Sheepmeat"
28098,65,"Sheepmeat"
27872,65,"Sheepmeat"
27873,65,"Sheepmeat"
27875,65,"Sheepmeat"
27890,65,"Sheepmeat"
28172,65,"Sheepmeat"
28176,65,"Sheepmeat"
28177,65,"Sheepmeat"
27933,65,"Sheepmeat"
27934,65,"Sheepmeat"
27935,65,"Sheepmeat"
27936,65,"Sheepmeat"
27937,65,"Sheepmeat"
28190,65,"Sheepmeat"
28191,65,"Sheepmeat"
28192,65,"Sheepmeat"
28194,65,"Sheepmeat"
28195,65,"Sheepmeat"
28193,65,"Sheepmeat"
27844,65,"Sheepmeat"
28099,65,"Sheepmeat"
27867,65,"Sheepmeat"
27846,65,"Sheepmeat"
27893,82,"Beef"
28174,82,"Beef"
21602,82,"Beef"
27923,82,"Beef"
27924,82,"Beef"
27926,82,"Beef"
27927,82,"Beef"
27928,82,"Beef"
28178,82,"Beef"
27845,82,"Beef"
28098,82,"Beef"
27872,82,"Beef"
27873,82,"Beef"
27875,82,"Beef"
27890,82,"Beef"
28172,82,"Beef"
28176,82,"Beef"
28177,82,"Beef"
27933,82,"Beef"
27934,82,"Beef"
27935,82,"Beef"
27936,82,"Beef"
27937,82,"Beef"
28190,82,"Beef"
28191,82,"Beef"
28192,82,"Beef"
28194,82,"Beef"
28195,82,"Beef"
28193,82,"Beef"
27844,82,"Beef"
28099,82,"Beef"
27867,82,"Beef"
27846,82,"Beef"
27893,66,"Beef"
28174,66,"Beef"
21602,66,"Beef"
27923,66,"Beef"
27924,66,"Beef"
27926,66,"Beef"
27927,66,"Beef"
27928,66,"Beef"
28178,66,"Beef"
27845,66,"Beef"
28098,66,"Beef"
27872,66,"Beef"
27873,66,"Beef"
27875,66,"Beef"
27890,66,"Beef"
28172,66,"Beef"
28176,66,"Beef"
28177,66,"Beef"
27933,66,"Beef"
27934,66,"Beef"
27935,66,"Beef"
27936,66,"Beef"
27937,66,"Beef"
28190,66,"Beef"
28191,66,"Beef"
28192,66,"Beef"
28194,66,"Beef"
28195,66,"Beef"
28193,66,"Beef"
27844,66,"Beef"
28099,66,"Beef"
27867,66,"Beef"
27846,66,"Beef"
27893,65,"Beef"
28174,65,"Beef"
21602,65,"Beef"
27923,65,"Beef"
27924,65,"Beef"
27926,65,"Beef"
27927,65,"Beef"
27928,65,"Beef"
28178,65,"Beef"
27845,65,"Beef"
28098,65,"Beef"
27872,65,"Beef"
27873,65,"Beef"
27875,65,"Beef"
27890,65,"Beef"
28172,65,"Beef"
28176,65,"Beef"
28177,65,"Beef"
27933,65,"Beef"
27934,65,"Beef"
27935,65,"Beef"
27936,65,"Beef"
27937,65,"Beef"
28190,65,"Beef"
28191,65,"Beef"
28192,65,"Beef"
28194,65,"Beef"
28195,65,"Beef"
28193,65,"Beef"
27844,65,"Beef"
28099,65,"Beef"
27867,65,"Beef"
27846,65,"Beef"
21602,81,"Fruit"
28098,81,"Fruit"
27872,81,"Fruit"
27873,81,"Fruit"
27875,81,"Fruit"
28099,81,"Fruit"
27867,81,"Fruit"
27846,81,"Fruit"
27923,70,"Veges"
21602,70,"Veges"
27893,70,"Veges"
27924,70,"Veges"
27925,70,"Veges"
28173,70,"Veges"
28174,70,"Veges"
28175,70,"Veges"
28176,70,"Veges"
27935,70,"Veges"
27936,70,"Veges"
27937,70,"Veges"
27938,70,"Veges"
27939,70,"Veges"
27940,70,"Veges"
28184,70,"Veges"
28190,70,"Veges"
27926,70,"Veges"
27927,70,"Veges"
27928,70,"Veges"
28171,70,"Veges"
28172,70,"Veges"
28177,70,"Veges"
28178,70,"Veges"
27933,70,"Veges"
27844,70,"Veges"
28186,70,"Veges"
28187,70,"Veges"
28188,70,"Veges"
28353,70,"Veges"
28354,70,"Veges"
27845,70,"Veges"
27846,70,"Veges"
28098,70,"Veges"
28099,70,"Veges"
27867,70,"Veges"
27868,70,"Veges"
27869,70,"Veges"
27870,70,"Veges"
27871,70,"Veges"
28191,70,"Veges"
28192,70,"Veges"
28193,70,"Veges"
28194,70,"Veges"
28195,70,"Veges"
27873,70,"Veges"
27890,70,"Veges"
